start	end	type	var
2	3	DECLARES	
4	5	DECLARES	
6	7	DECLARES	
8	9	DECLARES	
10	11	DECLARES	
13	14	IS_AST_PARENT	
13	15	IS_AST_PARENT	
13	16	IS_AST_PARENT	
13	17	IS_AST_PARENT	
18	19	FLOWS_TO	
18	18	DOM	
18	19	DOM	
19	18	POST_DOM	
19	19	POST_DOM	
12	13	IS_FUNCTION_OF_AST	
12	18	IS_FUNCTION_OF_CFG	
1	12	IS_FILE_OF	
24	25	IS_AST_PARENT	
24	26	IS_AST_PARENT	
23	24	IS_AST_PARENT	
22	23	IS_AST_PARENT	
29	30	IS_AST_PARENT	
28	29	IS_AST_PARENT	
32	33	IS_AST_PARENT	
31	32	IS_AST_PARENT	
34	35	IS_AST_PARENT	
31	34	IS_AST_PARENT	
28	31	IS_AST_PARENT	
27	28	IS_AST_PARENT	
22	27	IS_AST_PARENT	
38	39	IS_AST_PARENT	
37	38	IS_AST_PARENT	
42	43	IS_AST_PARENT	
42	44	IS_AST_PARENT	
41	42	IS_AST_PARENT	
40	41	IS_AST_PARENT	
45	46	IS_AST_PARENT	
40	45	IS_AST_PARENT	
47	48	IS_AST_PARENT	
40	47	IS_AST_PARENT	
37	40	IS_AST_PARENT	
36	37	IS_AST_PARENT	
22	36	IS_AST_PARENT	
51	52	IS_AST_PARENT	
50	51	IS_AST_PARENT	
54	55	IS_AST_PARENT	
53	54	IS_AST_PARENT	
50	53	IS_AST_PARENT	
49	50	IS_AST_PARENT	
22	49	IS_AST_PARENT	
21	22	IS_AST_PARENT	
21	56	IS_AST_PARENT	
21	57	IS_AST_PARENT	
59	60	IS_AST_PARENT	
59	61	IS_AST_PARENT	
58	59	IS_AST_PARENT	
21	58	IS_AST_PARENT	
62	59	FLOWS_TO	
59	23	FLOWS_TO	
23	27	FLOWS_TO	
27	36	FLOWS_TO	
36	49	FLOWS_TO	
49	63	FLOWS_TO	
23	64	DEF	
24	64	DEF	
27	64	USE	
32	64	USE	
36	64	USE	
47	64	USE	
49	64	USE	
54	64	USE	
36	65	USE	
41	65	USE	
59	66	DEF	
27	66	USE	
34	66	USE	
36	66	USE	
45	66	USE	
23	27	REACHES	argptr
23	36	REACHES	argptr
23	49	REACHES	argptr
59	27	REACHES	format
59	36	REACHES	format
62	59	CONTROLS	
62	23	CONTROLS	
62	27	CONTROLS	
62	36	CONTROLS	
62	49	CONTROLS	
62	59	DOM	
62	62	DOM	
27	36	DOM	
49	63	DOM	
23	27	DOM	
36	49	DOM	
59	23	DOM	
23	59	POST_DOM	
59	62	POST_DOM	
63	63	POST_DOM	
49	36	POST_DOM	
36	27	POST_DOM	
63	49	POST_DOM	
27	23	POST_DOM	
20	21	IS_FUNCTION_OF_AST	
20	62	IS_FUNCTION_OF_CFG	
1	20	IS_FILE_OF	
68	69	IS_AST_PARENT	
68	70	IS_AST_PARENT	
68	71	IS_AST_PARENT	
68	72	IS_AST_PARENT	
73	74	FLOWS_TO	
73	74	DOM	
73	73	DOM	
74	74	POST_DOM	
74	73	POST_DOM	
67	68	IS_FUNCTION_OF_AST	
67	73	IS_FUNCTION_OF_CFG	
1	67	IS_FILE_OF	
75	76	DECLARES	
81	82	IS_AST_PARENT	
81	83	IS_AST_PARENT	
80	81	IS_AST_PARENT	
79	80	IS_AST_PARENT	
85	86	IS_AST_PARENT	
85	87	IS_AST_PARENT	
84	85	IS_AST_PARENT	
79	84	IS_AST_PARENT	
89	90	IS_AST_PARENT	
89	91	IS_AST_PARENT	
92	93	IS_AST_PARENT	
92	94	IS_AST_PARENT	
89	92	IS_AST_PARENT	
88	89	IS_AST_PARENT	
79	88	IS_AST_PARENT	
96	97	IS_AST_PARENT	
96	98	IS_AST_PARENT	
99	100	IS_AST_PARENT	
99	101	IS_AST_PARENT	
96	99	IS_AST_PARENT	
95	96	IS_AST_PARENT	
79	95	IS_AST_PARENT	
104	105	IS_AST_PARENT	
104	106	IS_AST_PARENT	
103	104	IS_AST_PARENT	
102	103	IS_AST_PARENT	
109	110	IS_AST_PARENT	
111	112	IS_AST_PARENT	
114	115	IS_AST_PARENT	
113	114	IS_AST_PARENT	
117	118	IS_AST_PARENT	
116	117	IS_AST_PARENT	
119	120	IS_AST_PARENT	
116	119	IS_AST_PARENT	
113	116	IS_AST_PARENT	
111	113	IS_AST_PARENT	
109	111	IS_AST_PARENT	
108	109	IS_AST_PARENT	
107	108	IS_AST_PARENT	
125	126	IS_AST_PARENT	
124	125	IS_AST_PARENT	
128	129	IS_AST_PARENT	
127	128	IS_AST_PARENT	
130	131	IS_AST_PARENT	
127	130	IS_AST_PARENT	
124	127	IS_AST_PARENT	
123	124	IS_AST_PARENT	
123	132	IS_AST_PARENT	
122	123	IS_AST_PARENT	
121	122	IS_AST_PARENT	
135	136	IS_AST_PARENT	
134	135	IS_AST_PARENT	
139	140	IS_AST_PARENT	
141	142	IS_AST_PARENT	
144	145	IS_AST_PARENT	
143	144	IS_AST_PARENT	
148	149	IS_AST_PARENT	
150	151	IS_AST_PARENT	
150	152	IS_AST_PARENT	
148	150	IS_AST_PARENT	
147	148	IS_AST_PARENT	
146	147	IS_AST_PARENT	
143	146	IS_AST_PARENT	
141	143	IS_AST_PARENT	
139	141	IS_AST_PARENT	
138	139	IS_AST_PARENT	
137	138	IS_AST_PARENT	
154	155	IS_AST_PARENT	
157	158	IS_AST_PARENT	
156	157	IS_AST_PARENT	
160	161	IS_AST_PARENT	
159	160	IS_AST_PARENT	
162	163	IS_AST_PARENT	
159	162	IS_AST_PARENT	
164	165	IS_AST_PARENT	
159	164	IS_AST_PARENT	
167	168	IS_AST_PARENT	
169	170	IS_AST_PARENT	
169	171	IS_AST_PARENT	
167	169	IS_AST_PARENT	
166	167	IS_AST_PARENT	
159	166	IS_AST_PARENT	
156	159	IS_AST_PARENT	
154	156	IS_AST_PARENT	
153	154	IS_AST_PARENT	
137	153	IS_AST_PARENT	
174	175	IS_AST_PARENT	
174	176	IS_AST_PARENT	
173	174	IS_AST_PARENT	
172	173	IS_AST_PARENT	
179	180	IS_AST_PARENT	
179	181	IS_AST_PARENT	
182	183	IS_AST_PARENT	
182	184	IS_AST_PARENT	
179	182	IS_AST_PARENT	
178	179	IS_AST_PARENT	
177	178	IS_AST_PARENT	
186	187	IS_AST_PARENT	
186	188	IS_AST_PARENT	
185	186	IS_AST_PARENT	
177	185	IS_AST_PARENT	
177	189	IS_AST_PARENT	
172	177	IS_AST_PARENT	
137	172	IS_AST_PARENT	
191	192	IS_AST_PARENT	
193	194	IS_AST_PARENT	
193	195	IS_AST_PARENT	
191	193	IS_AST_PARENT	
190	191	IS_AST_PARENT	
137	190	IS_AST_PARENT	
198	199	IS_AST_PARENT	
197	198	IS_AST_PARENT	
201	202	IS_AST_PARENT	
200	201	IS_AST_PARENT	
197	200	IS_AST_PARENT	
196	197	IS_AST_PARENT	
137	196	IS_AST_PARENT	
204	205	IS_AST_PARENT	
204	206	IS_AST_PARENT	
207	208	IS_AST_PARENT	
207	209	IS_AST_PARENT	
204	207	IS_AST_PARENT	
203	204	IS_AST_PARENT	
137	203	IS_AST_PARENT	
211	212	IS_AST_PARENT	
211	213	IS_AST_PARENT	
210	211	IS_AST_PARENT	
137	210	IS_AST_PARENT	
215	216	IS_AST_PARENT	
215	217	IS_AST_PARENT	
214	215	IS_AST_PARENT	
137	214	IS_AST_PARENT	
220	221	IS_AST_PARENT	
219	220	IS_AST_PARENT	
223	224	IS_AST_PARENT	
222	223	IS_AST_PARENT	
219	222	IS_AST_PARENT	
218	219	IS_AST_PARENT	
137	218	IS_AST_PARENT	
134	137	IS_AST_PARENT	
133	134	IS_AST_PARENT	
225	226	IS_AST_PARENT	
133	225	IS_AST_PARENT	
121	133	IS_AST_PARENT	
230	231	IS_AST_PARENT	
230	232	IS_AST_PARENT	
229	230	IS_AST_PARENT	
228	229	IS_AST_PARENT	
234	235	IS_AST_PARENT	
233	234	IS_AST_PARENT	
228	233	IS_AST_PARENT	
238	239	IS_AST_PARENT	
237	238	IS_AST_PARENT	
236	237	IS_AST_PARENT	
228	236	IS_AST_PARENT	
227	228	IS_AST_PARENT	
121	227	IS_AST_PARENT	
107	121	IS_AST_PARENT	
102	107	IS_AST_PARENT	
79	102	IS_AST_PARENT	
79	240	IS_AST_PARENT	
79	241	IS_AST_PARENT	
79	242	IS_AST_PARENT	
79	243	IS_AST_PARENT	
79	244	IS_AST_PARENT	
251	252	IS_AST_PARENT	
250	251	IS_AST_PARENT	
254	255	IS_AST_PARENT	
253	254	IS_AST_PARENT	
250	253	IS_AST_PARENT	
249	250	IS_AST_PARENT	
249	256	IS_AST_PARENT	
248	249	IS_AST_PARENT	
259	260	IS_AST_PARENT	
258	259	IS_AST_PARENT	
264	265	IS_AST_PARENT	
263	264	IS_AST_PARENT	
267	268	IS_AST_PARENT	
266	267	IS_AST_PARENT	
263	266	IS_AST_PARENT	
262	263	IS_AST_PARENT	
261	262	IS_AST_PARENT	
269	270	IS_AST_PARENT	
261	269	IS_AST_PARENT	
258	261	IS_AST_PARENT	
257	258	IS_AST_PARENT	
257	271	IS_AST_PARENT	
248	257	IS_AST_PARENT	
247	248	IS_AST_PARENT	
246	247	IS_AST_PARENT	
274	275	IS_AST_PARENT	
274	276	IS_AST_PARENT	
277	278	IS_AST_PARENT	
280	281	IS_AST_PARENT	
279	280	IS_AST_PARENT	
283	284	IS_AST_PARENT	
282	283	IS_AST_PARENT	
285	286	IS_AST_PARENT	
282	285	IS_AST_PARENT	
279	282	IS_AST_PARENT	
277	279	IS_AST_PARENT	
274	277	IS_AST_PARENT	
273	274	IS_AST_PARENT	
272	273	IS_AST_PARENT	
289	290	IS_AST_PARENT	
288	289	IS_AST_PARENT	
292	293	IS_AST_PARENT	
291	292	IS_AST_PARENT	
294	295	IS_AST_PARENT	
291	294	IS_AST_PARENT	
296	297	IS_AST_PARENT	
291	296	IS_AST_PARENT	
288	291	IS_AST_PARENT	
287	288	IS_AST_PARENT	
272	287	IS_AST_PARENT	
299	300	IS_AST_PARENT	
298	299	IS_AST_PARENT	
307	308	IS_AST_PARENT	
306	307	IS_AST_PARENT	
310	311	IS_AST_PARENT	
309	310	IS_AST_PARENT	
312	313	IS_AST_PARENT	
309	312	IS_AST_PARENT	
306	309	IS_AST_PARENT	
305	306	IS_AST_PARENT	
305	314	IS_AST_PARENT	
304	305	IS_AST_PARENT	
315	316	IS_AST_PARENT	
315	317	IS_AST_PARENT	
304	315	IS_AST_PARENT	
303	304	IS_AST_PARENT	
302	303	IS_AST_PARENT	
318	319	IS_AST_PARENT	
302	318	IS_AST_PARENT	
301	302	IS_AST_PARENT	
298	301	IS_AST_PARENT	
272	298	IS_AST_PARENT	
322	323	IS_AST_PARENT	
321	322	IS_AST_PARENT	
326	327	IS_AST_PARENT	
326	328	IS_AST_PARENT	
325	326	IS_AST_PARENT	
324	325	IS_AST_PARENT	
321	324	IS_AST_PARENT	
320	321	IS_AST_PARENT	
272	320	IS_AST_PARENT	
246	272	IS_AST_PARENT	
245	246	IS_AST_PARENT	
79	245	IS_AST_PARENT	
330	331	IS_AST_PARENT	
330	332	IS_AST_PARENT	
333	334	IS_AST_PARENT	
335	336	IS_AST_PARENT	
335	337	IS_AST_PARENT	
333	335	IS_AST_PARENT	
330	333	IS_AST_PARENT	
329	330	IS_AST_PARENT	
79	329	IS_AST_PARENT	
339	340	IS_AST_PARENT	
339	341	IS_AST_PARENT	
342	343	IS_AST_PARENT	
344	345	IS_AST_PARENT	
344	346	IS_AST_PARENT	
342	344	IS_AST_PARENT	
339	342	IS_AST_PARENT	
338	339	IS_AST_PARENT	
79	338	IS_AST_PARENT	
348	349	IS_AST_PARENT	
348	350	IS_AST_PARENT	
351	352	IS_AST_PARENT	
353	354	IS_AST_PARENT	
353	355	IS_AST_PARENT	
351	353	IS_AST_PARENT	
348	351	IS_AST_PARENT	
347	348	IS_AST_PARENT	
79	347	IS_AST_PARENT	
357	358	IS_AST_PARENT	
357	359	IS_AST_PARENT	
360	361	IS_AST_PARENT	
362	363	IS_AST_PARENT	
362	364	IS_AST_PARENT	
360	362	IS_AST_PARENT	
357	360	IS_AST_PARENT	
356	357	IS_AST_PARENT	
79	356	IS_AST_PARENT	
366	367	IS_AST_PARENT	
366	368	IS_AST_PARENT	
369	370	IS_AST_PARENT	
371	372	IS_AST_PARENT	
371	373	IS_AST_PARENT	
369	371	IS_AST_PARENT	
366	369	IS_AST_PARENT	
365	366	IS_AST_PARENT	
79	365	IS_AST_PARENT	
375	376	IS_AST_PARENT	
375	377	IS_AST_PARENT	
378	379	IS_AST_PARENT	
380	381	IS_AST_PARENT	
380	382	IS_AST_PARENT	
378	380	IS_AST_PARENT	
375	378	IS_AST_PARENT	
374	375	IS_AST_PARENT	
79	374	IS_AST_PARENT	
384	385	IS_AST_PARENT	
384	386	IS_AST_PARENT	
387	388	IS_AST_PARENT	
389	390	IS_AST_PARENT	
389	391	IS_AST_PARENT	
387	389	IS_AST_PARENT	
384	387	IS_AST_PARENT	
383	384	IS_AST_PARENT	
79	383	IS_AST_PARENT	
393	394	IS_AST_PARENT	
393	395	IS_AST_PARENT	
396	397	IS_AST_PARENT	
398	399	IS_AST_PARENT	
398	400	IS_AST_PARENT	
396	398	IS_AST_PARENT	
393	396	IS_AST_PARENT	
392	393	IS_AST_PARENT	
79	392	IS_AST_PARENT	
402	403	IS_AST_PARENT	
402	404	IS_AST_PARENT	
405	406	IS_AST_PARENT	
407	408	IS_AST_PARENT	
407	409	IS_AST_PARENT	
405	407	IS_AST_PARENT	
402	405	IS_AST_PARENT	
401	402	IS_AST_PARENT	
79	401	IS_AST_PARENT	
411	412	IS_AST_PARENT	
411	413	IS_AST_PARENT	
414	415	IS_AST_PARENT	
416	417	IS_AST_PARENT	
416	418	IS_AST_PARENT	
414	416	IS_AST_PARENT	
411	414	IS_AST_PARENT	
410	411	IS_AST_PARENT	
79	410	IS_AST_PARENT	
79	419	IS_AST_PARENT	
79	420	IS_AST_PARENT	
79	421	IS_AST_PARENT	
79	422	IS_AST_PARENT	
79	423	IS_AST_PARENT	
79	424	IS_AST_PARENT	
429	430	IS_AST_PARENT	
429	431	IS_AST_PARENT	
428	429	IS_AST_PARENT	
432	433	IS_AST_PARENT	
432	434	IS_AST_PARENT	
428	432	IS_AST_PARENT	
427	428	IS_AST_PARENT	
426	427	IS_AST_PARENT	
437	438	IS_AST_PARENT	
437	439	IS_AST_PARENT	
436	437	IS_AST_PARENT	
435	436	IS_AST_PARENT	
426	435	IS_AST_PARENT	
425	426	IS_AST_PARENT	
440	441	IS_AST_PARENT	
425	440	IS_AST_PARENT	
79	425	IS_AST_PARENT	
79	442	IS_AST_PARENT	
79	443	IS_AST_PARENT	
79	444	IS_AST_PARENT	
79	445	IS_AST_PARENT	
446	447	IS_AST_PARENT	
449	450	IS_AST_PARENT	
449	451	IS_AST_PARENT	
452	453	IS_AST_PARENT	
452	454	IS_AST_PARENT	
449	452	IS_AST_PARENT	
448	449	IS_AST_PARENT	
446	448	IS_AST_PARENT	
457	458	IS_AST_PARENT	
457	459	IS_AST_PARENT	
456	457	IS_AST_PARENT	
455	456	IS_AST_PARENT	
462	463	IS_AST_PARENT	
465	466	IS_AST_PARENT	
464	465	IS_AST_PARENT	
468	469	IS_AST_PARENT	
467	468	IS_AST_PARENT	
471	472	IS_AST_PARENT	
471	473	IS_AST_PARENT	
470	471	IS_AST_PARENT	
467	470	IS_AST_PARENT	
475	476	IS_AST_PARENT	
475	477	IS_AST_PARENT	
474	475	IS_AST_PARENT	
467	474	IS_AST_PARENT	
464	467	IS_AST_PARENT	
462	464	IS_AST_PARENT	
461	462	IS_AST_PARENT	
460	461	IS_AST_PARENT	
455	460	IS_AST_PARENT	
446	455	IS_AST_PARENT	
478	479	IS_AST_PARENT	
446	478	IS_AST_PARENT	
79	446	IS_AST_PARENT	
79	480	IS_AST_PARENT	
79	481	IS_AST_PARENT	
79	482	IS_AST_PARENT	
79	483	IS_AST_PARENT	
79	484	IS_AST_PARENT	
79	485	IS_AST_PARENT	
79	486	IS_AST_PARENT	
79	487	IS_AST_PARENT	
79	488	IS_AST_PARENT	
79	489	IS_AST_PARENT	
79	490	IS_AST_PARENT	
79	491	IS_AST_PARENT	
79	492	IS_AST_PARENT	
79	493	IS_AST_PARENT	
79	494	IS_AST_PARENT	
499	500	IS_AST_PARENT	
499	501	IS_AST_PARENT	
498	499	IS_AST_PARENT	
503	504	IS_AST_PARENT	
505	506	IS_AST_PARENT	
505	507	IS_AST_PARENT	
503	505	IS_AST_PARENT	
502	503	IS_AST_PARENT	
509	510	IS_AST_PARENT	
509	511	IS_AST_PARENT	
508	509	IS_AST_PARENT	
512	513	IS_AST_PARENT	
514	515	IS_AST_PARENT	
514	516	IS_AST_PARENT	
512	514	IS_AST_PARENT	
508	512	IS_AST_PARENT	
502	508	IS_AST_PARENT	
498	502	IS_AST_PARENT	
497	498	IS_AST_PARENT	
496	497	IS_AST_PARENT	
519	520	IS_AST_PARENT	
519	521	IS_AST_PARENT	
518	519	IS_AST_PARENT	
517	518	IS_AST_PARENT	
496	517	IS_AST_PARENT	
495	496	IS_AST_PARENT	
524	525	IS_AST_PARENT	
526	527	IS_AST_PARENT	
528	529	IS_AST_PARENT	
528	530	IS_AST_PARENT	
526	528	IS_AST_PARENT	
524	526	IS_AST_PARENT	
523	524	IS_AST_PARENT	
531	532	IS_AST_PARENT	
531	533	IS_AST_PARENT	
523	531	IS_AST_PARENT	
522	523	IS_AST_PARENT	
495	522	IS_AST_PARENT	
79	495	IS_AST_PARENT	
79	534	IS_AST_PARENT	
79	535	IS_AST_PARENT	
79	536	IS_AST_PARENT	
79	537	IS_AST_PARENT	
79	538	IS_AST_PARENT	
79	539	IS_AST_PARENT	
79	540	IS_AST_PARENT	
79	541	IS_AST_PARENT	
79	542	IS_AST_PARENT	
79	543	IS_AST_PARENT	
79	544	IS_AST_PARENT	
79	545	IS_AST_PARENT	
79	546	IS_AST_PARENT	
549	550	IS_AST_PARENT	
549	551	IS_AST_PARENT	
548	549	IS_AST_PARENT	
547	548	IS_AST_PARENT	
557	558	IS_AST_PARENT	
557	559	IS_AST_PARENT	
556	557	IS_AST_PARENT	
560	561	IS_AST_PARENT	
560	562	IS_AST_PARENT	
556	560	IS_AST_PARENT	
555	556	IS_AST_PARENT	
554	555	IS_AST_PARENT	
554	563	IS_AST_PARENT	
568	569	IS_AST_PARENT	
567	568	IS_AST_PARENT	
571	572	IS_AST_PARENT	
570	571	IS_AST_PARENT	
573	574	IS_AST_PARENT	
570	573	IS_AST_PARENT	
575	576	IS_AST_PARENT	
570	575	IS_AST_PARENT	
567	570	IS_AST_PARENT	
566	567	IS_AST_PARENT	
565	566	IS_AST_PARENT	
578	579	IS_AST_PARENT	
578	580	IS_AST_PARENT	
577	578	IS_AST_PARENT	
565	577	IS_AST_PARENT	
564	565	IS_AST_PARENT	
554	564	IS_AST_PARENT	
553	554	IS_AST_PARENT	
553	581	IS_AST_PARENT	
552	553	IS_AST_PARENT	
582	583	IS_AST_PARENT	
552	582	IS_AST_PARENT	
547	552	IS_AST_PARENT	
589	590	IS_AST_PARENT	
589	591	IS_AST_PARENT	
588	589	IS_AST_PARENT	
592	593	IS_AST_PARENT	
592	594	IS_AST_PARENT	
588	592	IS_AST_PARENT	
587	588	IS_AST_PARENT	
586	587	IS_AST_PARENT	
586	595	IS_AST_PARENT	
600	601	IS_AST_PARENT	
599	600	IS_AST_PARENT	
603	604	IS_AST_PARENT	
602	603	IS_AST_PARENT	
605	606	IS_AST_PARENT	
602	605	IS_AST_PARENT	
607	608	IS_AST_PARENT	
602	607	IS_AST_PARENT	
599	602	IS_AST_PARENT	
598	599	IS_AST_PARENT	
597	598	IS_AST_PARENT	
610	611	IS_AST_PARENT	
610	612	IS_AST_PARENT	
609	610	IS_AST_PARENT	
597	609	IS_AST_PARENT	
596	597	IS_AST_PARENT	
586	596	IS_AST_PARENT	
585	586	IS_AST_PARENT	
585	613	IS_AST_PARENT	
584	585	IS_AST_PARENT	
614	615	IS_AST_PARENT	
584	614	IS_AST_PARENT	
547	584	IS_AST_PARENT	
617	618	IS_AST_PARENT	
619	620	IS_AST_PARENT	
622	623	IS_AST_PARENT	
621	622	IS_AST_PARENT	
626	627	IS_AST_PARENT	
626	628	IS_AST_PARENT	
625	626	IS_AST_PARENT	
624	625	IS_AST_PARENT	
621	624	IS_AST_PARENT	
619	621	IS_AST_PARENT	
617	619	IS_AST_PARENT	
616	617	IS_AST_PARENT	
547	616	IS_AST_PARENT	
631	632	IS_AST_PARENT	
631	633	IS_AST_PARENT	
630	631	IS_AST_PARENT	
630	634	IS_AST_PARENT	
629	630	IS_AST_PARENT	
547	629	IS_AST_PARENT	
637	638	IS_AST_PARENT	
637	639	IS_AST_PARENT	
636	637	IS_AST_PARENT	
636	640	IS_AST_PARENT	
635	636	IS_AST_PARENT	
547	635	IS_AST_PARENT	
643	644	IS_AST_PARENT	
643	645	IS_AST_PARENT	
642	643	IS_AST_PARENT	
642	646	IS_AST_PARENT	
641	642	IS_AST_PARENT	
547	641	IS_AST_PARENT	
649	650	IS_AST_PARENT	
649	651	IS_AST_PARENT	
648	649	IS_AST_PARENT	
648	652	IS_AST_PARENT	
647	648	IS_AST_PARENT	
547	647	IS_AST_PARENT	
655	656	IS_AST_PARENT	
655	657	IS_AST_PARENT	
654	655	IS_AST_PARENT	
659	660	IS_AST_PARENT	
661	662	IS_AST_PARENT	
661	663	IS_AST_PARENT	
659	661	IS_AST_PARENT	
658	659	IS_AST_PARENT	
658	664	IS_AST_PARENT	
654	658	IS_AST_PARENT	
653	654	IS_AST_PARENT	
547	653	IS_AST_PARENT	
667	668	IS_AST_PARENT	
667	669	IS_AST_PARENT	
666	667	IS_AST_PARENT	
671	672	IS_AST_PARENT	
673	674	IS_AST_PARENT	
673	675	IS_AST_PARENT	
671	673	IS_AST_PARENT	
670	671	IS_AST_PARENT	
670	676	IS_AST_PARENT	
666	670	IS_AST_PARENT	
665	666	IS_AST_PARENT	
547	665	IS_AST_PARENT	
679	680	IS_AST_PARENT	
679	681	IS_AST_PARENT	
678	679	IS_AST_PARENT	
682	683	IS_AST_PARENT	
682	684	IS_AST_PARENT	
678	682	IS_AST_PARENT	
677	678	IS_AST_PARENT	
547	677	IS_AST_PARENT	
685	686	IS_AST_PARENT	
547	685	IS_AST_PARENT	
79	547	IS_AST_PARENT	
79	687	IS_AST_PARENT	
79	688	IS_AST_PARENT	
79	689	IS_AST_PARENT	
79	690	IS_AST_PARENT	
79	691	IS_AST_PARENT	
79	692	IS_AST_PARENT	
79	693	IS_AST_PARENT	
79	694	IS_AST_PARENT	
700	701	IS_AST_PARENT	
702	703	IS_AST_PARENT	
702	704	IS_AST_PARENT	
700	702	IS_AST_PARENT	
699	700	IS_AST_PARENT	
698	699	IS_AST_PARENT	
698	705	IS_AST_PARENT	
710	711	IS_AST_PARENT	
709	710	IS_AST_PARENT	
713	714	IS_AST_PARENT	
712	713	IS_AST_PARENT	
715	716	IS_AST_PARENT	
712	715	IS_AST_PARENT	
717	718	IS_AST_PARENT	
712	717	IS_AST_PARENT	
709	712	IS_AST_PARENT	
708	709	IS_AST_PARENT	
707	708	IS_AST_PARENT	
720	721	IS_AST_PARENT	
720	722	IS_AST_PARENT	
719	720	IS_AST_PARENT	
707	719	IS_AST_PARENT	
706	707	IS_AST_PARENT	
698	706	IS_AST_PARENT	
697	698	IS_AST_PARENT	
697	723	IS_AST_PARENT	
696	697	IS_AST_PARENT	
724	725	IS_AST_PARENT	
696	724	IS_AST_PARENT	
695	696	IS_AST_PARENT	
728	729	IS_AST_PARENT	
728	730	IS_AST_PARENT	
727	728	IS_AST_PARENT	
727	731	IS_AST_PARENT	
726	727	IS_AST_PARENT	
695	726	IS_AST_PARENT	
732	733	IS_AST_PARENT	
695	732	IS_AST_PARENT	
79	695	IS_AST_PARENT	
79	734	IS_AST_PARENT	
79	735	IS_AST_PARENT	
79	736	IS_AST_PARENT	
79	737	IS_AST_PARENT	
79	738	IS_AST_PARENT	
79	739	IS_AST_PARENT	
79	740	IS_AST_PARENT	
746	747	IS_AST_PARENT	
748	749	IS_AST_PARENT	
748	750	IS_AST_PARENT	
746	748	IS_AST_PARENT	
745	746	IS_AST_PARENT	
744	745	IS_AST_PARENT	
744	751	IS_AST_PARENT	
756	757	IS_AST_PARENT	
755	756	IS_AST_PARENT	
759	760	IS_AST_PARENT	
758	759	IS_AST_PARENT	
761	762	IS_AST_PARENT	
758	761	IS_AST_PARENT	
763	764	IS_AST_PARENT	
758	763	IS_AST_PARENT	
755	758	IS_AST_PARENT	
754	755	IS_AST_PARENT	
753	754	IS_AST_PARENT	
753	765	IS_AST_PARENT	
752	753	IS_AST_PARENT	
744	752	IS_AST_PARENT	
743	744	IS_AST_PARENT	
743	766	IS_AST_PARENT	
742	743	IS_AST_PARENT	
767	768	IS_AST_PARENT	
742	767	IS_AST_PARENT	
741	742	IS_AST_PARENT	
771	772	IS_AST_PARENT	
771	773	IS_AST_PARENT	
770	771	IS_AST_PARENT	
770	774	IS_AST_PARENT	
769	770	IS_AST_PARENT	
741	769	IS_AST_PARENT	
778	779	IS_AST_PARENT	
778	780	IS_AST_PARENT	
777	778	IS_AST_PARENT	
777	781	IS_AST_PARENT	
776	777	IS_AST_PARENT	
775	776	IS_AST_PARENT	
785	786	IS_AST_PARENT	
785	787	IS_AST_PARENT	
784	785	IS_AST_PARENT	
783	784	IS_AST_PARENT	
791	792	IS_AST_PARENT	
790	791	IS_AST_PARENT	
795	796	IS_AST_PARENT	
795	797	IS_AST_PARENT	
794	795	IS_AST_PARENT	
793	794	IS_AST_PARENT	
798	799	IS_AST_PARENT	
793	798	IS_AST_PARENT	
790	793	IS_AST_PARENT	
789	790	IS_AST_PARENT	
788	789	IS_AST_PARENT	
783	788	IS_AST_PARENT	
782	783	IS_AST_PARENT	
802	803	IS_AST_PARENT	
802	804	IS_AST_PARENT	
801	802	IS_AST_PARENT	
800	801	IS_AST_PARENT	
807	808	IS_AST_PARENT	
807	809	IS_AST_PARENT	
810	811	IS_AST_PARENT	
813	814	IS_AST_PARENT	
813	815	IS_AST_PARENT	
812	813	IS_AST_PARENT	
816	817	IS_AST_PARENT	
816	818	IS_AST_PARENT	
812	816	IS_AST_PARENT	
810	812	IS_AST_PARENT	
807	810	IS_AST_PARENT	
806	807	IS_AST_PARENT	
805	806	IS_AST_PARENT	
820	821	IS_AST_PARENT	
820	822	IS_AST_PARENT	
819	820	IS_AST_PARENT	
805	819	IS_AST_PARENT	
825	826	IS_AST_PARENT	
825	827	IS_AST_PARENT	
824	825	IS_AST_PARENT	
823	824	IS_AST_PARENT	
829	830	IS_AST_PARENT	
829	831	IS_AST_PARENT	
828	829	IS_AST_PARENT	
823	828	IS_AST_PARENT	
832	833	IS_AST_PARENT	
832	834	IS_AST_PARENT	
823	832	IS_AST_PARENT	
837	838	IS_AST_PARENT	
836	837	IS_AST_PARENT	
842	843	IS_AST_PARENT	
842	844	IS_AST_PARENT	
841	842	IS_AST_PARENT	
841	845	IS_AST_PARENT	
840	841	IS_AST_PARENT	
839	840	IS_AST_PARENT	
846	847	IS_AST_PARENT	
839	846	IS_AST_PARENT	
848	849	IS_AST_PARENT	
839	848	IS_AST_PARENT	
836	839	IS_AST_PARENT	
835	836	IS_AST_PARENT	
823	835	IS_AST_PARENT	
805	823	IS_AST_PARENT	
852	853	IS_AST_PARENT	
851	852	IS_AST_PARENT	
856	857	IS_AST_PARENT	
856	858	IS_AST_PARENT	
855	856	IS_AST_PARENT	
854	855	IS_AST_PARENT	
851	854	IS_AST_PARENT	
850	851	IS_AST_PARENT	
805	850	IS_AST_PARENT	
800	805	IS_AST_PARENT	
782	800	IS_AST_PARENT	
862	863	IS_AST_PARENT	
861	862	IS_AST_PARENT	
867	868	IS_AST_PARENT	
866	867	IS_AST_PARENT	
871	872	IS_AST_PARENT	
871	873	IS_AST_PARENT	
870	871	IS_AST_PARENT	
869	870	IS_AST_PARENT	
874	875	IS_AST_PARENT	
869	874	IS_AST_PARENT	
866	869	IS_AST_PARENT	
865	866	IS_AST_PARENT	
864	865	IS_AST_PARENT	
861	864	IS_AST_PARENT	
879	880	IS_AST_PARENT	
882	883	IS_AST_PARENT	
882	884	IS_AST_PARENT	
881	882	IS_AST_PARENT	
881	885	IS_AST_PARENT	
879	881	IS_AST_PARENT	
878	879	IS_AST_PARENT	
877	878	IS_AST_PARENT	
876	877	IS_AST_PARENT	
861	876	IS_AST_PARENT	
860	861	IS_AST_PARENT	
859	860	IS_AST_PARENT	
886	887	IS_AST_PARENT	
859	886	IS_AST_PARENT	
782	859	IS_AST_PARENT	
775	782	IS_AST_PARENT	
741	775	IS_AST_PARENT	
79	741	IS_AST_PARENT	
79	888	IS_AST_PARENT	
79	889	IS_AST_PARENT	
79	890	IS_AST_PARENT	
79	891	IS_AST_PARENT	
79	892	IS_AST_PARENT	
79	893	IS_AST_PARENT	
79	894	IS_AST_PARENT	
79	895	IS_AST_PARENT	
898	899	IS_AST_PARENT	
898	900	IS_AST_PARENT	
897	898	IS_AST_PARENT	
896	897	IS_AST_PARENT	
902	903	IS_AST_PARENT	
902	904	IS_AST_PARENT	
901	902	IS_AST_PARENT	
896	901	IS_AST_PARENT	
906	907	IS_AST_PARENT	
906	908	IS_AST_PARENT	
905	906	IS_AST_PARENT	
896	905	IS_AST_PARENT	
913	914	IS_AST_PARENT	
915	916	IS_AST_PARENT	
915	917	IS_AST_PARENT	
913	915	IS_AST_PARENT	
912	913	IS_AST_PARENT	
911	912	IS_AST_PARENT	
911	918	IS_AST_PARENT	
923	924	IS_AST_PARENT	
922	923	IS_AST_PARENT	
926	927	IS_AST_PARENT	
925	926	IS_AST_PARENT	
928	929	IS_AST_PARENT	
925	928	IS_AST_PARENT	
930	931	IS_AST_PARENT	
925	930	IS_AST_PARENT	
922	925	IS_AST_PARENT	
921	922	IS_AST_PARENT	
920	921	IS_AST_PARENT	
933	934	IS_AST_PARENT	
933	935	IS_AST_PARENT	
932	933	IS_AST_PARENT	
920	932	IS_AST_PARENT	
919	920	IS_AST_PARENT	
911	919	IS_AST_PARENT	
910	911	IS_AST_PARENT	
910	936	IS_AST_PARENT	
909	910	IS_AST_PARENT	
937	938	IS_AST_PARENT	
909	937	IS_AST_PARENT	
896	909	IS_AST_PARENT	
940	941	IS_AST_PARENT	
943	944	IS_AST_PARENT	
942	943	IS_AST_PARENT	
947	948	IS_AST_PARENT	
947	949	IS_AST_PARENT	
946	947	IS_AST_PARENT	
945	946	IS_AST_PARENT	
951	952	IS_AST_PARENT	
951	953	IS_AST_PARENT	
950	951	IS_AST_PARENT	
945	950	IS_AST_PARENT	
955	956	IS_AST_PARENT	
955	957	IS_AST_PARENT	
954	955	IS_AST_PARENT	
945	954	IS_AST_PARENT	
942	945	IS_AST_PARENT	
940	942	IS_AST_PARENT	
939	940	IS_AST_PARENT	
896	939	IS_AST_PARENT	
960	961	IS_AST_PARENT	
959	960	IS_AST_PARENT	
963	964	IS_AST_PARENT	
962	963	IS_AST_PARENT	
959	962	IS_AST_PARENT	
958	959	IS_AST_PARENT	
896	958	IS_AST_PARENT	
966	967	IS_AST_PARENT	
969	970	IS_AST_PARENT	
969	971	IS_AST_PARENT	
968	969	IS_AST_PARENT	
972	973	IS_AST_PARENT	
972	974	IS_AST_PARENT	
968	972	IS_AST_PARENT	
966	968	IS_AST_PARENT	
965	966	IS_AST_PARENT	
896	965	IS_AST_PARENT	
977	978	IS_AST_PARENT	
977	979	IS_AST_PARENT	
976	977	IS_AST_PARENT	
975	976	IS_AST_PARENT	
981	982	IS_AST_PARENT	
981	983	IS_AST_PARENT	
980	981	IS_AST_PARENT	
975	980	IS_AST_PARENT	
984	985	IS_AST_PARENT	
984	986	IS_AST_PARENT	
975	984	IS_AST_PARENT	
989	990	IS_AST_PARENT	
989	991	IS_AST_PARENT	
988	989	IS_AST_PARENT	
987	988	IS_AST_PARENT	
993	994	IS_AST_PARENT	
996	997	IS_AST_PARENT	
995	996	IS_AST_PARENT	
999	1000	IS_AST_PARENT	
998	999	IS_AST_PARENT	
1001	1002	IS_AST_PARENT	
998	1001	IS_AST_PARENT	
1004	1005	IS_AST_PARENT	
1004	1006	IS_AST_PARENT	
1003	1004	IS_AST_PARENT	
998	1003	IS_AST_PARENT	
1007	1008	IS_AST_PARENT	
998	1007	IS_AST_PARENT	
995	998	IS_AST_PARENT	
993	995	IS_AST_PARENT	
992	993	IS_AST_PARENT	
987	992	IS_AST_PARENT	
1011	1012	IS_AST_PARENT	
1010	1011	IS_AST_PARENT	
1014	1015	IS_AST_PARENT	
1013	1014	IS_AST_PARENT	
1016	1017	IS_AST_PARENT	
1013	1016	IS_AST_PARENT	
1018	1019	IS_AST_PARENT	
1013	1018	IS_AST_PARENT	
1010	1013	IS_AST_PARENT	
1009	1010	IS_AST_PARENT	
987	1009	IS_AST_PARENT	
1022	1023	IS_AST_PARENT	
1021	1022	IS_AST_PARENT	
1025	1026	IS_AST_PARENT	
1024	1025	IS_AST_PARENT	
1027	1028	IS_AST_PARENT	
1024	1027	IS_AST_PARENT	
1021	1024	IS_AST_PARENT	
1020	1021	IS_AST_PARENT	
987	1020	IS_AST_PARENT	
975	987	IS_AST_PARENT	
896	975	IS_AST_PARENT	
1029	1030	IS_AST_PARENT	
896	1029	IS_AST_PARENT	
79	896	IS_AST_PARENT	
79	1031	IS_AST_PARENT	
79	1032	IS_AST_PARENT	
79	1033	IS_AST_PARENT	
79	1034	IS_AST_PARENT	
79	1035	IS_AST_PARENT	
79	1036	IS_AST_PARENT	
79	1037	IS_AST_PARENT	
79	1038	IS_AST_PARENT	
79	1039	IS_AST_PARENT	
79	1040	IS_AST_PARENT	
79	1041	IS_AST_PARENT	
79	1042	IS_AST_PARENT	
79	1043	IS_AST_PARENT	
1049	1050	IS_AST_PARENT	
1051	1052	IS_AST_PARENT	
1051	1053	IS_AST_PARENT	
1049	1051	IS_AST_PARENT	
1048	1049	IS_AST_PARENT	
1047	1048	IS_AST_PARENT	
1047	1054	IS_AST_PARENT	
1059	1060	IS_AST_PARENT	
1058	1059	IS_AST_PARENT	
1062	1063	IS_AST_PARENT	
1061	1062	IS_AST_PARENT	
1064	1065	IS_AST_PARENT	
1061	1064	IS_AST_PARENT	
1066	1067	IS_AST_PARENT	
1061	1066	IS_AST_PARENT	
1058	1061	IS_AST_PARENT	
1057	1058	IS_AST_PARENT	
1056	1057	IS_AST_PARENT	
1056	1068	IS_AST_PARENT	
1055	1056	IS_AST_PARENT	
1047	1055	IS_AST_PARENT	
1046	1047	IS_AST_PARENT	
1046	1069	IS_AST_PARENT	
1045	1046	IS_AST_PARENT	
1070	1071	IS_AST_PARENT	
1045	1070	IS_AST_PARENT	
1044	1045	IS_AST_PARENT	
1074	1075	IS_AST_PARENT	
1074	1076	IS_AST_PARENT	
1073	1074	IS_AST_PARENT	
1073	1077	IS_AST_PARENT	
1072	1073	IS_AST_PARENT	
1044	1072	IS_AST_PARENT	
1080	1081	IS_AST_PARENT	
1080	1082	IS_AST_PARENT	
1079	1080	IS_AST_PARENT	
1079	1083	IS_AST_PARENT	
1078	1079	IS_AST_PARENT	
1044	1078	IS_AST_PARENT	
79	1044	IS_AST_PARENT	
79	1084	IS_AST_PARENT	
79	1085	IS_AST_PARENT	
79	1086	IS_AST_PARENT	
79	1087	IS_AST_PARENT	
79	1088	IS_AST_PARENT	
79	1089	IS_AST_PARENT	
79	1090	IS_AST_PARENT	
79	1091	IS_AST_PARENT	
79	1092	IS_AST_PARENT	
79	1093	IS_AST_PARENT	
79	1094	IS_AST_PARENT	
79	1095	IS_AST_PARENT	
79	1096	IS_AST_PARENT	
79	1097	IS_AST_PARENT	
79	1098	IS_AST_PARENT	
79	1099	IS_AST_PARENT	
79	1100	IS_AST_PARENT	
79	1101	IS_AST_PARENT	
79	1102	IS_AST_PARENT	
79	1103	IS_AST_PARENT	
1109	1110	IS_AST_PARENT	
1111	1112	IS_AST_PARENT	
1111	1113	IS_AST_PARENT	
1109	1111	IS_AST_PARENT	
1108	1109	IS_AST_PARENT	
1107	1108	IS_AST_PARENT	
1107	1114	IS_AST_PARENT	
1119	1120	IS_AST_PARENT	
1118	1119	IS_AST_PARENT	
1122	1123	IS_AST_PARENT	
1121	1122	IS_AST_PARENT	
1124	1125	IS_AST_PARENT	
1121	1124	IS_AST_PARENT	
1126	1127	IS_AST_PARENT	
1121	1126	IS_AST_PARENT	
1118	1121	IS_AST_PARENT	
1117	1118	IS_AST_PARENT	
1116	1117	IS_AST_PARENT	
1129	1130	IS_AST_PARENT	
1129	1131	IS_AST_PARENT	
1128	1129	IS_AST_PARENT	
1116	1128	IS_AST_PARENT	
1115	1116	IS_AST_PARENT	
1107	1115	IS_AST_PARENT	
1106	1107	IS_AST_PARENT	
1106	1132	IS_AST_PARENT	
1105	1106	IS_AST_PARENT	
1133	1134	IS_AST_PARENT	
1105	1133	IS_AST_PARENT	
1104	1105	IS_AST_PARENT	
1137	1138	IS_AST_PARENT	
1136	1137	IS_AST_PARENT	
1140	1141	IS_AST_PARENT	
1139	1140	IS_AST_PARENT	
1144	1145	IS_AST_PARENT	
1143	1144	IS_AST_PARENT	
1147	1148	IS_AST_PARENT	
1146	1147	IS_AST_PARENT	
1149	1150	IS_AST_PARENT	
1146	1149	IS_AST_PARENT	
1151	1152	IS_AST_PARENT	
1146	1151	IS_AST_PARENT	
1143	1146	IS_AST_PARENT	
1142	1143	IS_AST_PARENT	
1139	1142	IS_AST_PARENT	
1153	1154	IS_AST_PARENT	
1139	1153	IS_AST_PARENT	
1155	1156	IS_AST_PARENT	
1139	1155	IS_AST_PARENT	
1136	1139	IS_AST_PARENT	
1135	1136	IS_AST_PARENT	
1104	1135	IS_AST_PARENT	
79	1104	IS_AST_PARENT	
79	1157	IS_AST_PARENT	
79	1158	IS_AST_PARENT	
79	1159	IS_AST_PARENT	
79	1160	IS_AST_PARENT	
79	1161	IS_AST_PARENT	
79	1162	IS_AST_PARENT	
79	1163	IS_AST_PARENT	
79	1164	IS_AST_PARENT	
79	1165	IS_AST_PARENT	
79	1166	IS_AST_PARENT	
79	1167	IS_AST_PARENT	
79	1168	IS_AST_PARENT	
79	1169	IS_AST_PARENT	
79	1170	IS_AST_PARENT	
79	1171	IS_AST_PARENT	
79	1172	IS_AST_PARENT	
79	1173	IS_AST_PARENT	
1176	1177	IS_AST_PARENT	
1176	1178	IS_AST_PARENT	
1175	1176	IS_AST_PARENT	
1174	1175	IS_AST_PARENT	
1180	1181	IS_AST_PARENT	
1180	1182	IS_AST_PARENT	
1179	1180	IS_AST_PARENT	
1174	1179	IS_AST_PARENT	
1187	1188	IS_AST_PARENT	
1189	1190	IS_AST_PARENT	
1189	1191	IS_AST_PARENT	
1187	1189	IS_AST_PARENT	
1186	1187	IS_AST_PARENT	
1185	1186	IS_AST_PARENT	
1185	1192	IS_AST_PARENT	
1197	1198	IS_AST_PARENT	
1196	1197	IS_AST_PARENT	
1200	1201	IS_AST_PARENT	
1199	1200	IS_AST_PARENT	
1202	1203	IS_AST_PARENT	
1199	1202	IS_AST_PARENT	
1204	1205	IS_AST_PARENT	
1199	1204	IS_AST_PARENT	
1196	1199	IS_AST_PARENT	
1195	1196	IS_AST_PARENT	
1194	1195	IS_AST_PARENT	
1207	1208	IS_AST_PARENT	
1207	1209	IS_AST_PARENT	
1206	1207	IS_AST_PARENT	
1194	1206	IS_AST_PARENT	
1193	1194	IS_AST_PARENT	
1185	1193	IS_AST_PARENT	
1184	1185	IS_AST_PARENT	
1184	1210	IS_AST_PARENT	
1183	1184	IS_AST_PARENT	
1211	1212	IS_AST_PARENT	
1183	1211	IS_AST_PARENT	
1174	1183	IS_AST_PARENT	
1214	1215	IS_AST_PARENT	
1217	1218	IS_AST_PARENT	
1217	1219	IS_AST_PARENT	
1216	1217	IS_AST_PARENT	
1220	1221	IS_AST_PARENT	
1220	1222	IS_AST_PARENT	
1216	1220	IS_AST_PARENT	
1214	1216	IS_AST_PARENT	
1213	1214	IS_AST_PARENT	
1174	1213	IS_AST_PARENT	
1226	1227	IS_AST_PARENT	
1226	1228	IS_AST_PARENT	
1225	1226	IS_AST_PARENT	
1229	1230	IS_AST_PARENT	
1229	1231	IS_AST_PARENT	
1225	1229	IS_AST_PARENT	
1224	1225	IS_AST_PARENT	
1223	1224	IS_AST_PARENT	
1234	1235	IS_AST_PARENT	
1234	1236	IS_AST_PARENT	
1233	1234	IS_AST_PARENT	
1232	1233	IS_AST_PARENT	
1223	1232	IS_AST_PARENT	
1174	1223	IS_AST_PARENT	
1239	1240	IS_AST_PARENT	
1241	1242	IS_AST_PARENT	
1241	1243	IS_AST_PARENT	
1239	1241	IS_AST_PARENT	
1238	1239	IS_AST_PARENT	
1237	1238	IS_AST_PARENT	
1247	1248	IS_AST_PARENT	
1246	1247	IS_AST_PARENT	
1250	1251	IS_AST_PARENT	
1249	1250	IS_AST_PARENT	
1246	1249	IS_AST_PARENT	
1245	1246	IS_AST_PARENT	
1244	1245	IS_AST_PARENT	
1237	1244	IS_AST_PARENT	
1174	1237	IS_AST_PARENT	
1253	1254	IS_AST_PARENT	
1256	1257	IS_AST_PARENT	
1256	1258	IS_AST_PARENT	
1255	1256	IS_AST_PARENT	
1255	1259	IS_AST_PARENT	
1253	1255	IS_AST_PARENT	
1252	1253	IS_AST_PARENT	
1174	1252	IS_AST_PARENT	
1262	1263	IS_AST_PARENT	
1264	1265	IS_AST_PARENT	
1264	1266	IS_AST_PARENT	
1262	1264	IS_AST_PARENT	
1261	1262	IS_AST_PARENT	
1260	1261	IS_AST_PARENT	
1270	1271	IS_AST_PARENT	
1269	1270	IS_AST_PARENT	
1273	1274	IS_AST_PARENT	
1272	1273	IS_AST_PARENT	
1275	1276	IS_AST_PARENT	
1272	1275	IS_AST_PARENT	
1277	1278	IS_AST_PARENT	
1272	1277	IS_AST_PARENT	
1269	1272	IS_AST_PARENT	
1268	1269	IS_AST_PARENT	
1267	1268	IS_AST_PARENT	
1260	1267	IS_AST_PARENT	
1174	1260	IS_AST_PARENT	
1280	1281	IS_AST_PARENT	
1279	1280	IS_AST_PARENT	
1284	1285	IS_AST_PARENT	
1283	1284	IS_AST_PARENT	
1289	1290	IS_AST_PARENT	
1291	1292	IS_AST_PARENT	
1291	1293	IS_AST_PARENT	
1289	1291	IS_AST_PARENT	
1288	1289	IS_AST_PARENT	
1287	1288	IS_AST_PARENT	
1297	1298	IS_AST_PARENT	
1296	1297	IS_AST_PARENT	
1301	1302	IS_AST_PARENT	
1301	1303	IS_AST_PARENT	
1300	1301	IS_AST_PARENT	
1299	1300	IS_AST_PARENT	
1304	1305	IS_AST_PARENT	
1299	1304	IS_AST_PARENT	
1296	1299	IS_AST_PARENT	
1295	1296	IS_AST_PARENT	
1294	1295	IS_AST_PARENT	
1308	1309	IS_AST_PARENT	
1308	1310	IS_AST_PARENT	
1307	1308	IS_AST_PARENT	
1311	1312	IS_AST_PARENT	
1311	1313	IS_AST_PARENT	
1307	1311	IS_AST_PARENT	
1306	1307	IS_AST_PARENT	
1294	1306	IS_AST_PARENT	
1316	1317	IS_AST_PARENT	
1316	1318	IS_AST_PARENT	
1315	1316	IS_AST_PARENT	
1319	1320	IS_AST_PARENT	
1319	1321	IS_AST_PARENT	
1315	1319	IS_AST_PARENT	
1314	1315	IS_AST_PARENT	
1294	1314	IS_AST_PARENT	
1287	1294	IS_AST_PARENT	
1286	1287	IS_AST_PARENT	
1325	1326	IS_AST_PARENT	
1325	1327	IS_AST_PARENT	
1324	1325	IS_AST_PARENT	
1324	1328	IS_AST_PARENT	
1323	1324	IS_AST_PARENT	
1322	1323	IS_AST_PARENT	
1329	1330	IS_AST_PARENT	
1329	1331	IS_AST_PARENT	
1329	1332	IS_AST_PARENT	
1329	1333	IS_AST_PARENT	
1336	1337	IS_AST_PARENT	
1335	1336	IS_AST_PARENT	
1340	1341	IS_AST_PARENT	
1340	1342	IS_AST_PARENT	
1339	1340	IS_AST_PARENT	
1338	1339	IS_AST_PARENT	
1335	1338	IS_AST_PARENT	
1334	1335	IS_AST_PARENT	
1329	1334	IS_AST_PARENT	
1329	1343	IS_AST_PARENT	
1329	1344	IS_AST_PARENT	
1346	1347	IS_AST_PARENT	
1348	1349	IS_AST_PARENT	
1348	1350	IS_AST_PARENT	
1346	1348	IS_AST_PARENT	
1345	1346	IS_AST_PARENT	
1329	1345	IS_AST_PARENT	
1329	1351	IS_AST_PARENT	
1329	1352	IS_AST_PARENT	
1354	1355	IS_AST_PARENT	
1356	1357	IS_AST_PARENT	
1356	1358	IS_AST_PARENT	
1354	1356	IS_AST_PARENT	
1353	1354	IS_AST_PARENT	
1329	1353	IS_AST_PARENT	
1329	1359	IS_AST_PARENT	
1329	1360	IS_AST_PARENT	
1362	1363	IS_AST_PARENT	
1364	1365	IS_AST_PARENT	
1364	1366	IS_AST_PARENT	
1362	1364	IS_AST_PARENT	
1361	1362	IS_AST_PARENT	
1329	1361	IS_AST_PARENT	
1329	1367	IS_AST_PARENT	
1329	1368	IS_AST_PARENT	
1329	1369	IS_AST_PARENT	
1329	1370	IS_AST_PARENT	
1329	1371	IS_AST_PARENT	
1329	1372	IS_AST_PARENT	
1329	1373	IS_AST_PARENT	
1329	1374	IS_AST_PARENT	
1329	1375	IS_AST_PARENT	
1329	1376	IS_AST_PARENT	
1329	1377	IS_AST_PARENT	
1329	1378	IS_AST_PARENT	
1329	1379	IS_AST_PARENT	
1329	1380	IS_AST_PARENT	
1329	1381	IS_AST_PARENT	
1329	1382	IS_AST_PARENT	
1329	1383	IS_AST_PARENT	
1329	1384	IS_AST_PARENT	
1329	1385	IS_AST_PARENT	
1329	1386	IS_AST_PARENT	
1329	1387	IS_AST_PARENT	
1329	1388	IS_AST_PARENT	
1329	1389	IS_AST_PARENT	
1329	1390	IS_AST_PARENT	
1329	1391	IS_AST_PARENT	
1329	1392	IS_AST_PARENT	
1329	1393	IS_AST_PARENT	
1329	1394	IS_AST_PARENT	
1329	1395	IS_AST_PARENT	
1329	1396	IS_AST_PARENT	
1329	1397	IS_AST_PARENT	
1329	1398	IS_AST_PARENT	
1329	1399	IS_AST_PARENT	
1329	1400	IS_AST_PARENT	
1329	1401	IS_AST_PARENT	
1329	1402	IS_AST_PARENT	
1329	1403	IS_AST_PARENT	
1329	1404	IS_AST_PARENT	
1329	1405	IS_AST_PARENT	
1329	1406	IS_AST_PARENT	
1329	1407	IS_AST_PARENT	
1329	1408	IS_AST_PARENT	
1329	1409	IS_AST_PARENT	
1329	1410	IS_AST_PARENT	
1329	1411	IS_AST_PARENT	
1329	1412	IS_AST_PARENT	
1329	1413	IS_AST_PARENT	
1329	1414	IS_AST_PARENT	
1417	1418	IS_AST_PARENT	
1417	1419	IS_AST_PARENT	
1416	1417	IS_AST_PARENT	
1415	1416	IS_AST_PARENT	
1420	1421	IS_AST_PARENT	
1420	1422	IS_AST_PARENT	
1420	1423	IS_AST_PARENT	
1420	1424	IS_AST_PARENT	
1420	1425	IS_AST_PARENT	
1420	1426	IS_AST_PARENT	
1420	1427	IS_AST_PARENT	
1420	1428	IS_AST_PARENT	
1420	1429	IS_AST_PARENT	
1420	1430	IS_AST_PARENT	
1420	1431	IS_AST_PARENT	
1420	1432	IS_AST_PARENT	
1420	1433	IS_AST_PARENT	
1420	1434	IS_AST_PARENT	
1420	1435	IS_AST_PARENT	
1420	1436	IS_AST_PARENT	
1420	1437	IS_AST_PARENT	
1420	1438	IS_AST_PARENT	
1420	1439	IS_AST_PARENT	
1420	1440	IS_AST_PARENT	
1420	1441	IS_AST_PARENT	
1420	1442	IS_AST_PARENT	
1420	1443	IS_AST_PARENT	
1420	1444	IS_AST_PARENT	
1420	1445	IS_AST_PARENT	
1420	1446	IS_AST_PARENT	
1420	1447	IS_AST_PARENT	
1420	1448	IS_AST_PARENT	
1420	1449	IS_AST_PARENT	
1420	1450	IS_AST_PARENT	
1420	1451	IS_AST_PARENT	
1415	1420	IS_AST_PARENT	
1329	1415	IS_AST_PARENT	
1454	1455	IS_AST_PARENT	
1454	1456	IS_AST_PARENT	
1453	1454	IS_AST_PARENT	
1452	1453	IS_AST_PARENT	
1457	1458	IS_AST_PARENT	
1457	1459	IS_AST_PARENT	
1457	1460	IS_AST_PARENT	
1457	1461	IS_AST_PARENT	
1457	1462	IS_AST_PARENT	
1457	1463	IS_AST_PARENT	
1457	1464	IS_AST_PARENT	
1457	1465	IS_AST_PARENT	
1457	1466	IS_AST_PARENT	
1457	1467	IS_AST_PARENT	
1457	1468	IS_AST_PARENT	
1457	1469	IS_AST_PARENT	
1457	1470	IS_AST_PARENT	
1457	1471	IS_AST_PARENT	
1457	1472	IS_AST_PARENT	
1457	1473	IS_AST_PARENT	
1457	1474	IS_AST_PARENT	
1457	1475	IS_AST_PARENT	
1457	1476	IS_AST_PARENT	
1457	1477	IS_AST_PARENT	
1457	1478	IS_AST_PARENT	
1452	1457	IS_AST_PARENT	
1483	1484	IS_AST_PARENT	
1482	1483	IS_AST_PARENT	
1486	1487	IS_AST_PARENT	
1485	1486	IS_AST_PARENT	
1482	1485	IS_AST_PARENT	
1481	1482	IS_AST_PARENT	
1480	1481	IS_AST_PARENT	
1480	1488	IS_AST_PARENT	
1480	1489	IS_AST_PARENT	
1480	1490	IS_AST_PARENT	
1480	1491	IS_AST_PARENT	
1480	1492	IS_AST_PARENT	
1480	1493	IS_AST_PARENT	
1480	1494	IS_AST_PARENT	
1480	1495	IS_AST_PARENT	
1480	1496	IS_AST_PARENT	
1480	1497	IS_AST_PARENT	
1480	1498	IS_AST_PARENT	
1480	1499	IS_AST_PARENT	
1480	1500	IS_AST_PARENT	
1480	1501	IS_AST_PARENT	
1480	1502	IS_AST_PARENT	
1480	1503	IS_AST_PARENT	
1480	1504	IS_AST_PARENT	
1480	1505	IS_AST_PARENT	
1480	1506	IS_AST_PARENT	
1480	1507	IS_AST_PARENT	
1480	1508	IS_AST_PARENT	
1511	1512	IS_AST_PARENT	
1510	1511	IS_AST_PARENT	
1514	1515	IS_AST_PARENT	
1513	1514	IS_AST_PARENT	
1516	1517	IS_AST_PARENT	
1513	1516	IS_AST_PARENT	
1510	1513	IS_AST_PARENT	
1509	1510	IS_AST_PARENT	
1480	1509	IS_AST_PARENT	
1479	1480	IS_AST_PARENT	
1452	1479	IS_AST_PARENT	
1329	1452	IS_AST_PARENT	
1329	1518	IS_AST_PARENT	
1329	1519	IS_AST_PARENT	
1329	1520	IS_AST_PARENT	
1329	1521	IS_AST_PARENT	
1329	1522	IS_AST_PARENT	
1524	1525	IS_AST_PARENT	
1524	1526	IS_AST_PARENT	
1523	1524	IS_AST_PARENT	
1329	1523	IS_AST_PARENT	
1329	1527	IS_AST_PARENT	
1329	1528	IS_AST_PARENT	
1329	1529	IS_AST_PARENT	
1329	1530	IS_AST_PARENT	
1329	1531	IS_AST_PARENT	
1329	1532	IS_AST_PARENT	
1329	1533	IS_AST_PARENT	
1329	1534	IS_AST_PARENT	
1329	1535	IS_AST_PARENT	
1329	1536	IS_AST_PARENT	
1329	1537	IS_AST_PARENT	
1329	1538	IS_AST_PARENT	
1329	1539	IS_AST_PARENT	
1543	1544	IS_AST_PARENT	
1543	1545	IS_AST_PARENT	
1542	1543	IS_AST_PARENT	
1542	1546	IS_AST_PARENT	
1541	1542	IS_AST_PARENT	
1541	1547	IS_AST_PARENT	
1540	1541	IS_AST_PARENT	
1329	1540	IS_AST_PARENT	
1322	1329	IS_AST_PARENT	
1286	1322	IS_AST_PARENT	
1550	1551	IS_AST_PARENT	
1549	1550	IS_AST_PARENT	
1553	1554	IS_AST_PARENT	
1552	1553	IS_AST_PARENT	
1549	1552	IS_AST_PARENT	
1548	1549	IS_AST_PARENT	
1286	1548	IS_AST_PARENT	
1557	1558	IS_AST_PARENT	
1557	1559	IS_AST_PARENT	
1556	1557	IS_AST_PARENT	
1556	1560	IS_AST_PARENT	
1555	1556	IS_AST_PARENT	
1286	1555	IS_AST_PARENT	
1563	1564	IS_AST_PARENT	
1563	1565	IS_AST_PARENT	
1562	1563	IS_AST_PARENT	
1566	1567	IS_AST_PARENT	
1566	1568	IS_AST_PARENT	
1562	1566	IS_AST_PARENT	
1561	1562	IS_AST_PARENT	
1286	1561	IS_AST_PARENT	
1283	1286	IS_AST_PARENT	
1573	1574	IS_AST_PARENT	
1572	1573	IS_AST_PARENT	
1576	1577	IS_AST_PARENT	
1575	1576	IS_AST_PARENT	
1572	1575	IS_AST_PARENT	
1571	1572	IS_AST_PARENT	
1570	1571	IS_AST_PARENT	
1569	1570	IS_AST_PARENT	
1283	1569	IS_AST_PARENT	
1282	1283	IS_AST_PARENT	
1279	1282	IS_AST_PARENT	
1174	1279	IS_AST_PARENT	
1578	1579	IS_AST_PARENT	
1174	1578	IS_AST_PARENT	
79	1174	IS_AST_PARENT	
79	1580	IS_AST_PARENT	
79	1581	IS_AST_PARENT	
79	1582	IS_AST_PARENT	
79	1583	IS_AST_PARENT	
79	1584	IS_AST_PARENT	
79	1585	IS_AST_PARENT	
79	1586	IS_AST_PARENT	
79	1587	IS_AST_PARENT	
79	1588	IS_AST_PARENT	
79	1589	IS_AST_PARENT	
79	1590	IS_AST_PARENT	
79	1591	IS_AST_PARENT	
79	1592	IS_AST_PARENT	
79	1593	IS_AST_PARENT	
79	1594	IS_AST_PARENT	
79	1595	IS_AST_PARENT	
79	1596	IS_AST_PARENT	
79	1597	IS_AST_PARENT	
79	1598	IS_AST_PARENT	
79	1599	IS_AST_PARENT	
1605	1606	IS_AST_PARENT	
1607	1608	IS_AST_PARENT	
1607	1609	IS_AST_PARENT	
1605	1607	IS_AST_PARENT	
1604	1605	IS_AST_PARENT	
1603	1604	IS_AST_PARENT	
1603	1610	IS_AST_PARENT	
1615	1616	IS_AST_PARENT	
1614	1615	IS_AST_PARENT	
1618	1619	IS_AST_PARENT	
1617	1618	IS_AST_PARENT	
1620	1621	IS_AST_PARENT	
1617	1620	IS_AST_PARENT	
1622	1623	IS_AST_PARENT	
1617	1622	IS_AST_PARENT	
1614	1617	IS_AST_PARENT	
1613	1614	IS_AST_PARENT	
1612	1613	IS_AST_PARENT	
1625	1626	IS_AST_PARENT	
1625	1627	IS_AST_PARENT	
1624	1625	IS_AST_PARENT	
1612	1624	IS_AST_PARENT	
1611	1612	IS_AST_PARENT	
1603	1611	IS_AST_PARENT	
1602	1603	IS_AST_PARENT	
1602	1628	IS_AST_PARENT	
1601	1602	IS_AST_PARENT	
1629	1630	IS_AST_PARENT	
1601	1629	IS_AST_PARENT	
1600	1601	IS_AST_PARENT	
1634	1635	IS_AST_PARENT	
1634	1636	IS_AST_PARENT	
1633	1634	IS_AST_PARENT	
1638	1639	IS_AST_PARENT	
1640	1641	IS_AST_PARENT	
1640	1642	IS_AST_PARENT	
1638	1640	IS_AST_PARENT	
1637	1638	IS_AST_PARENT	
1644	1645	IS_AST_PARENT	
1644	1646	IS_AST_PARENT	
1643	1644	IS_AST_PARENT	
1647	1648	IS_AST_PARENT	
1649	1650	IS_AST_PARENT	
1649	1651	IS_AST_PARENT	
1647	1649	IS_AST_PARENT	
1643	1647	IS_AST_PARENT	
1637	1643	IS_AST_PARENT	
1633	1637	IS_AST_PARENT	
1632	1633	IS_AST_PARENT	
1631	1632	IS_AST_PARENT	
1654	1655	IS_AST_PARENT	
1654	1656	IS_AST_PARENT	
1653	1654	IS_AST_PARENT	
1652	1653	IS_AST_PARENT	
1631	1652	IS_AST_PARENT	
1600	1631	IS_AST_PARENT	
1659	1660	IS_AST_PARENT	
1658	1659	IS_AST_PARENT	
1662	1663	IS_AST_PARENT	
1661	1662	IS_AST_PARENT	
1666	1667	IS_AST_PARENT	
1668	1669	IS_AST_PARENT	
1668	1670	IS_AST_PARENT	
1666	1668	IS_AST_PARENT	
1665	1666	IS_AST_PARENT	
1665	1671	IS_AST_PARENT	
1664	1665	IS_AST_PARENT	
1661	1664	IS_AST_PARENT	
1672	1673	IS_AST_PARENT	
1661	1672	IS_AST_PARENT	
1674	1675	IS_AST_PARENT	
1661	1674	IS_AST_PARENT	
1658	1661	IS_AST_PARENT	
1657	1658	IS_AST_PARENT	
1600	1657	IS_AST_PARENT	
79	1600	IS_AST_PARENT	
79	1676	IS_AST_PARENT	
79	1677	IS_AST_PARENT	
79	1678	IS_AST_PARENT	
79	1679	IS_AST_PARENT	
79	1680	IS_AST_PARENT	
79	1681	IS_AST_PARENT	
79	1682	IS_AST_PARENT	
79	1683	IS_AST_PARENT	
79	1684	IS_AST_PARENT	
79	1685	IS_AST_PARENT	
79	1686	IS_AST_PARENT	
1692	1693	IS_AST_PARENT	
1694	1695	IS_AST_PARENT	
1694	1696	IS_AST_PARENT	
1692	1694	IS_AST_PARENT	
1691	1692	IS_AST_PARENT	
1690	1691	IS_AST_PARENT	
1690	1697	IS_AST_PARENT	
1702	1703	IS_AST_PARENT	
1701	1702	IS_AST_PARENT	
1705	1706	IS_AST_PARENT	
1704	1705	IS_AST_PARENT	
1707	1708	IS_AST_PARENT	
1704	1707	IS_AST_PARENT	
1709	1710	IS_AST_PARENT	
1704	1709	IS_AST_PARENT	
1701	1704	IS_AST_PARENT	
1700	1701	IS_AST_PARENT	
1699	1700	IS_AST_PARENT	
1699	1711	IS_AST_PARENT	
1698	1699	IS_AST_PARENT	
1690	1698	IS_AST_PARENT	
1689	1690	IS_AST_PARENT	
1689	1712	IS_AST_PARENT	
1688	1689	IS_AST_PARENT	
1713	1714	IS_AST_PARENT	
1688	1713	IS_AST_PARENT	
1687	1688	IS_AST_PARENT	
1719	1720	IS_AST_PARENT	
1721	1722	IS_AST_PARENT	
1721	1723	IS_AST_PARENT	
1719	1721	IS_AST_PARENT	
1718	1719	IS_AST_PARENT	
1717	1718	IS_AST_PARENT	
1717	1724	IS_AST_PARENT	
1729	1730	IS_AST_PARENT	
1728	1729	IS_AST_PARENT	
1732	1733	IS_AST_PARENT	
1731	1732	IS_AST_PARENT	
1734	1735	IS_AST_PARENT	
1731	1734	IS_AST_PARENT	
1736	1737	IS_AST_PARENT	
1731	1736	IS_AST_PARENT	
1728	1731	IS_AST_PARENT	
1727	1728	IS_AST_PARENT	
1726	1727	IS_AST_PARENT	
1726	1738	IS_AST_PARENT	
1725	1726	IS_AST_PARENT	
1717	1725	IS_AST_PARENT	
1716	1717	IS_AST_PARENT	
1716	1739	IS_AST_PARENT	
1715	1716	IS_AST_PARENT	
1740	1741	IS_AST_PARENT	
1715	1740	IS_AST_PARENT	
1687	1715	IS_AST_PARENT	
1744	1745	IS_AST_PARENT	
1744	1746	IS_AST_PARENT	
1743	1744	IS_AST_PARENT	
1747	1748	IS_AST_PARENT	
1747	1749	IS_AST_PARENT	
1743	1747	IS_AST_PARENT	
1742	1743	IS_AST_PARENT	
1687	1742	IS_AST_PARENT	
1752	1753	IS_AST_PARENT	
1752	1754	IS_AST_PARENT	
1751	1752	IS_AST_PARENT	
1750	1751	IS_AST_PARENT	
1759	1760	IS_AST_PARENT	
1761	1762	IS_AST_PARENT	
1761	1763	IS_AST_PARENT	
1759	1761	IS_AST_PARENT	
1758	1759	IS_AST_PARENT	
1757	1758	IS_AST_PARENT	
1765	1766	IS_AST_PARENT	
1764	1765	IS_AST_PARENT	
1767	1768	IS_AST_PARENT	
1764	1767	IS_AST_PARENT	
1770	1771	IS_AST_PARENT	
1770	1772	IS_AST_PARENT	
1769	1770	IS_AST_PARENT	
1764	1769	IS_AST_PARENT	
1757	1764	IS_AST_PARENT	
1756	1757	IS_AST_PARENT	
1755	1756	IS_AST_PARENT	
1750	1755	IS_AST_PARENT	
1777	1778	IS_AST_PARENT	
1776	1777	IS_AST_PARENT	
1781	1782	IS_AST_PARENT	
1781	1783	IS_AST_PARENT	
1780	1781	IS_AST_PARENT	
1779	1780	IS_AST_PARENT	
1784	1785	IS_AST_PARENT	
1779	1784	IS_AST_PARENT	
1788	1789	IS_AST_PARENT	
1787	1788	IS_AST_PARENT	
1791	1792	IS_AST_PARENT	
1790	1791	IS_AST_PARENT	
1787	1790	IS_AST_PARENT	
1786	1787	IS_AST_PARENT	
1779	1786	IS_AST_PARENT	
1776	1779	IS_AST_PARENT	
1775	1776	IS_AST_PARENT	
1774	1775	IS_AST_PARENT	
1773	1774	IS_AST_PARENT	
1750	1773	IS_AST_PARENT	
1687	1750	IS_AST_PARENT	
79	1687	IS_AST_PARENT	
79	1793	IS_AST_PARENT	
79	1794	IS_AST_PARENT	
79	1795	IS_AST_PARENT	
79	1796	IS_AST_PARENT	
79	1797	IS_AST_PARENT	
79	1798	IS_AST_PARENT	
79	1799	IS_AST_PARENT	
79	1800	IS_AST_PARENT	
1803	1804	IS_AST_PARENT	
1803	1805	IS_AST_PARENT	
1802	1803	IS_AST_PARENT	
1801	1802	IS_AST_PARENT	
1807	1808	IS_AST_PARENT	
1807	1809	IS_AST_PARENT	
1810	1811	IS_AST_PARENT	
1812	1813	IS_AST_PARENT	
1812	1814	IS_AST_PARENT	
1810	1812	IS_AST_PARENT	
1807	1810	IS_AST_PARENT	
1806	1807	IS_AST_PARENT	
1801	1806	IS_AST_PARENT	
1816	1817	IS_AST_PARENT	
1816	1818	IS_AST_PARENT	
1819	1820	IS_AST_PARENT	
1821	1822	IS_AST_PARENT	
1821	1823	IS_AST_PARENT	
1819	1821	IS_AST_PARENT	
1816	1819	IS_AST_PARENT	
1815	1816	IS_AST_PARENT	
1801	1815	IS_AST_PARENT	
1825	1826	IS_AST_PARENT	
1825	1827	IS_AST_PARENT	
1828	1829	IS_AST_PARENT	
1831	1832	IS_AST_PARENT	
1831	1833	IS_AST_PARENT	
1830	1831	IS_AST_PARENT	
1835	1836	IS_AST_PARENT	
1835	1837	IS_AST_PARENT	
1834	1835	IS_AST_PARENT	
1834	1838	IS_AST_PARENT	
1830	1834	IS_AST_PARENT	
1828	1830	IS_AST_PARENT	
1825	1828	IS_AST_PARENT	
1824	1825	IS_AST_PARENT	
1801	1824	IS_AST_PARENT	
1840	1841	IS_AST_PARENT	
1840	1842	IS_AST_PARENT	
1843	1844	IS_AST_PARENT	
1846	1847	IS_AST_PARENT	
1846	1848	IS_AST_PARENT	
1845	1846	IS_AST_PARENT	
1850	1851	IS_AST_PARENT	
1850	1852	IS_AST_PARENT	
1849	1850	IS_AST_PARENT	
1849	1853	IS_AST_PARENT	
1845	1849	IS_AST_PARENT	
1843	1845	IS_AST_PARENT	
1840	1843	IS_AST_PARENT	
1839	1840	IS_AST_PARENT	
1801	1839	IS_AST_PARENT	
1855	1856	IS_AST_PARENT	
1855	1857	IS_AST_PARENT	
1854	1855	IS_AST_PARENT	
1801	1854	IS_AST_PARENT	
1859	1860	IS_AST_PARENT	
1859	1861	IS_AST_PARENT	
1858	1859	IS_AST_PARENT	
1801	1858	IS_AST_PARENT	
1863	1864	IS_AST_PARENT	
1863	1865	IS_AST_PARENT	
1862	1863	IS_AST_PARENT	
1801	1862	IS_AST_PARENT	
1871	1872	IS_AST_PARENT	
1871	1873	IS_AST_PARENT	
1870	1871	IS_AST_PARENT	
1874	1875	IS_AST_PARENT	
1874	1876	IS_AST_PARENT	
1870	1874	IS_AST_PARENT	
1869	1870	IS_AST_PARENT	
1868	1869	IS_AST_PARENT	
1877	1878	IS_AST_PARENT	
1868	1877	IS_AST_PARENT	
1883	1884	IS_AST_PARENT	
1882	1883	IS_AST_PARENT	
1886	1887	IS_AST_PARENT	
1885	1886	IS_AST_PARENT	
1888	1889	IS_AST_PARENT	
1885	1888	IS_AST_PARENT	
1890	1891	IS_AST_PARENT	
1885	1890	IS_AST_PARENT	
1893	1894	IS_AST_PARENT	
1893	1895	IS_AST_PARENT	
1892	1893	IS_AST_PARENT	
1885	1892	IS_AST_PARENT	
1896	1897	IS_AST_PARENT	
1885	1896	IS_AST_PARENT	
1882	1885	IS_AST_PARENT	
1881	1882	IS_AST_PARENT	
1880	1881	IS_AST_PARENT	
1879	1880	IS_AST_PARENT	
1868	1879	IS_AST_PARENT	
1867	1868	IS_AST_PARENT	
1866	1867	IS_AST_PARENT	
1898	1899	IS_AST_PARENT	
1866	1898	IS_AST_PARENT	
1801	1866	IS_AST_PARENT	
1901	1902	IS_AST_PARENT	
1903	1904	IS_AST_PARENT	
1906	1907	IS_AST_PARENT	
1905	1906	IS_AST_PARENT	
1910	1911	IS_AST_PARENT	
1910	1912	IS_AST_PARENT	
1909	1910	IS_AST_PARENT	
1908	1909	IS_AST_PARENT	
1914	1915	IS_AST_PARENT	
1914	1916	IS_AST_PARENT	
1913	1914	IS_AST_PARENT	
1908	1913	IS_AST_PARENT	
1905	1908	IS_AST_PARENT	
1903	1905	IS_AST_PARENT	
1901	1903	IS_AST_PARENT	
1900	1901	IS_AST_PARENT	
1801	1900	IS_AST_PARENT	
1920	1921	IS_AST_PARENT	
1920	1922	IS_AST_PARENT	
1919	1920	IS_AST_PARENT	
1923	1924	IS_AST_PARENT	
1923	1925	IS_AST_PARENT	
1919	1923	IS_AST_PARENT	
1918	1919	IS_AST_PARENT	
1917	1918	IS_AST_PARENT	
1927	1928	IS_AST_PARENT	
1927	1929	IS_AST_PARENT	
1926	1927	IS_AST_PARENT	
1917	1926	IS_AST_PARENT	
1930	1931	IS_AST_PARENT	
1930	1932	IS_AST_PARENT	
1917	1930	IS_AST_PARENT	
1936	1937	IS_AST_PARENT	
1936	1938	IS_AST_PARENT	
1935	1936	IS_AST_PARENT	
1934	1935	IS_AST_PARENT	
1940	1941	IS_AST_PARENT	
1940	1942	IS_AST_PARENT	
1939	1940	IS_AST_PARENT	
1934	1939	IS_AST_PARENT	
1944	1945	IS_AST_PARENT	
1944	1946	IS_AST_PARENT	
1943	1944	IS_AST_PARENT	
1947	1948	IS_AST_PARENT	
1947	1949	IS_AST_PARENT	
1943	1947	IS_AST_PARENT	
1934	1943	IS_AST_PARENT	
1950	1951	IS_AST_PARENT	
1950	1952	IS_AST_PARENT	
1950	1953	IS_AST_PARENT	
1950	1954	IS_AST_PARENT	
1957	1958	IS_AST_PARENT	
1956	1957	IS_AST_PARENT	
1961	1962	IS_AST_PARENT	
1961	1963	IS_AST_PARENT	
1960	1961	IS_AST_PARENT	
1959	1960	IS_AST_PARENT	
1956	1959	IS_AST_PARENT	
1955	1956	IS_AST_PARENT	
1950	1955	IS_AST_PARENT	
1950	1964	IS_AST_PARENT	
1950	1965	IS_AST_PARENT	
1950	1966	IS_AST_PARENT	
1950	1967	IS_AST_PARENT	
1950	1968	IS_AST_PARENT	
1950	1969	IS_AST_PARENT	
1950	1970	IS_AST_PARENT	
1950	1971	IS_AST_PARENT	
1950	1972	IS_AST_PARENT	
1975	1976	IS_AST_PARENT	
1977	1978	IS_AST_PARENT	
1977	1979	IS_AST_PARENT	
1975	1977	IS_AST_PARENT	
1974	1975	IS_AST_PARENT	
1973	1974	IS_AST_PARENT	
1980	1981	IS_AST_PARENT	
1980	1982	IS_AST_PARENT	
1984	1985	IS_AST_PARENT	
1984	1986	IS_AST_PARENT	
1983	1984	IS_AST_PARENT	
1980	1983	IS_AST_PARENT	
1973	1980	IS_AST_PARENT	
1950	1973	IS_AST_PARENT	
1989	1990	IS_AST_PARENT	
1991	1992	IS_AST_PARENT	
1991	1993	IS_AST_PARENT	
1989	1991	IS_AST_PARENT	
1988	1989	IS_AST_PARENT	
1987	1988	IS_AST_PARENT	
1994	1995	IS_AST_PARENT	
1994	1996	IS_AST_PARENT	
1998	1999	IS_AST_PARENT	
1998	2000	IS_AST_PARENT	
1997	1998	IS_AST_PARENT	
1994	1997	IS_AST_PARENT	
1987	1994	IS_AST_PARENT	
1950	1987	IS_AST_PARENT	
1950	2001	IS_AST_PARENT	
1950	2002	IS_AST_PARENT	
1950	2003	IS_AST_PARENT	
1950	2004	IS_AST_PARENT	
1950	2005	IS_AST_PARENT	
1950	2006	IS_AST_PARENT	
1950	2007	IS_AST_PARENT	
1950	2008	IS_AST_PARENT	
1950	2009	IS_AST_PARENT	
1950	2010	IS_AST_PARENT	
1950	2011	IS_AST_PARENT	
1950	2012	IS_AST_PARENT	
1950	2013	IS_AST_PARENT	
1950	2014	IS_AST_PARENT	
1950	2015	IS_AST_PARENT	
1950	2016	IS_AST_PARENT	
1950	2017	IS_AST_PARENT	
1950	2018	IS_AST_PARENT	
1950	2019	IS_AST_PARENT	
1950	2020	IS_AST_PARENT	
1950	2021	IS_AST_PARENT	
1950	2022	IS_AST_PARENT	
1950	2023	IS_AST_PARENT	
1950	2024	IS_AST_PARENT	
1950	2025	IS_AST_PARENT	
1950	2026	IS_AST_PARENT	
1950	2027	IS_AST_PARENT	
1950	2028	IS_AST_PARENT	
1950	2029	IS_AST_PARENT	
1934	1950	IS_AST_PARENT	
1933	1934	IS_AST_PARENT	
1917	1933	IS_AST_PARENT	
1801	1917	IS_AST_PARENT	
2032	2033	IS_AST_PARENT	
2032	2034	IS_AST_PARENT	
2031	2032	IS_AST_PARENT	
2031	2035	IS_AST_PARENT	
2030	2031	IS_AST_PARENT	
1801	2030	IS_AST_PARENT	
79	1801	IS_AST_PARENT	
79	2036	IS_AST_PARENT	
79	2037	IS_AST_PARENT	
79	2038	IS_AST_PARENT	
79	2039	IS_AST_PARENT	
79	2040	IS_AST_PARENT	
79	2041	IS_AST_PARENT	
79	2042	IS_AST_PARENT	
79	2043	IS_AST_PARENT	
79	2044	IS_AST_PARENT	
79	2045	IS_AST_PARENT	
79	2046	IS_AST_PARENT	
2049	2050	IS_AST_PARENT	
2049	2051	IS_AST_PARENT	
2052	2053	IS_AST_PARENT	
2055	2056	IS_AST_PARENT	
2055	2057	IS_AST_PARENT	
2054	2055	IS_AST_PARENT	
2054	2058	IS_AST_PARENT	
2052	2054	IS_AST_PARENT	
2049	2052	IS_AST_PARENT	
2048	2049	IS_AST_PARENT	
2047	2048	IS_AST_PARENT	
2061	2062	IS_AST_PARENT	
2063	2064	IS_AST_PARENT	
2063	2065	IS_AST_PARENT	
2061	2063	IS_AST_PARENT	
2060	2061	IS_AST_PARENT	
2059	2060	IS_AST_PARENT	
2066	2067	IS_AST_PARENT	
2059	2066	IS_AST_PARENT	
2047	2059	IS_AST_PARENT	
2070	2071	IS_AST_PARENT	
2072	2073	IS_AST_PARENT	
2072	2074	IS_AST_PARENT	
2070	2072	IS_AST_PARENT	
2069	2070	IS_AST_PARENT	
2068	2069	IS_AST_PARENT	
2078	2079	IS_AST_PARENT	
2077	2078	IS_AST_PARENT	
2082	2083	IS_AST_PARENT	
2082	2084	IS_AST_PARENT	
2081	2082	IS_AST_PARENT	
2080	2081	IS_AST_PARENT	
2085	2086	IS_AST_PARENT	
2080	2085	IS_AST_PARENT	
2077	2080	IS_AST_PARENT	
2076	2077	IS_AST_PARENT	
2075	2076	IS_AST_PARENT	
2089	2090	IS_AST_PARENT	
2089	2091	IS_AST_PARENT	
2088	2089	IS_AST_PARENT	
2092	2093	IS_AST_PARENT	
2092	2094	IS_AST_PARENT	
2088	2092	IS_AST_PARENT	
2087	2088	IS_AST_PARENT	
2075	2087	IS_AST_PARENT	
2097	2098	IS_AST_PARENT	
2097	2099	IS_AST_PARENT	
2096	2097	IS_AST_PARENT	
2100	2101	IS_AST_PARENT	
2100	2102	IS_AST_PARENT	
2096	2100	IS_AST_PARENT	
2095	2096	IS_AST_PARENT	
2075	2095	IS_AST_PARENT	
2068	2075	IS_AST_PARENT	
2047	2068	IS_AST_PARENT	
2105	2106	IS_AST_PARENT	
2105	2107	IS_AST_PARENT	
2104	2105	IS_AST_PARENT	
2103	2104	IS_AST_PARENT	
2111	2112	IS_AST_PARENT	
2110	2111	IS_AST_PARENT	
2114	2115	IS_AST_PARENT	
2113	2114	IS_AST_PARENT	
2110	2113	IS_AST_PARENT	
2109	2110	IS_AST_PARENT	
2108	2109	IS_AST_PARENT	
2103	2108	IS_AST_PARENT	
2047	2103	IS_AST_PARENT	
2119	2120	IS_AST_PARENT	
2119	2121	IS_AST_PARENT	
2118	2119	IS_AST_PARENT	
2118	2122	IS_AST_PARENT	
2117	2118	IS_AST_PARENT	
2116	2117	IS_AST_PARENT	
2123	2124	IS_AST_PARENT	
2123	2125	IS_AST_PARENT	
2123	2126	IS_AST_PARENT	
2123	2127	IS_AST_PARENT	
2130	2131	IS_AST_PARENT	
2129	2130	IS_AST_PARENT	
2134	2135	IS_AST_PARENT	
2134	2136	IS_AST_PARENT	
2133	2134	IS_AST_PARENT	
2132	2133	IS_AST_PARENT	
2129	2132	IS_AST_PARENT	
2128	2129	IS_AST_PARENT	
2123	2128	IS_AST_PARENT	
2123	2137	IS_AST_PARENT	
2123	2138	IS_AST_PARENT	
2140	2141	IS_AST_PARENT	
2142	2143	IS_AST_PARENT	
2142	2144	IS_AST_PARENT	
2140	2142	IS_AST_PARENT	
2139	2140	IS_AST_PARENT	
2123	2139	IS_AST_PARENT	
2123	2145	IS_AST_PARENT	
2123	2146	IS_AST_PARENT	
2148	2149	IS_AST_PARENT	
2150	2151	IS_AST_PARENT	
2150	2152	IS_AST_PARENT	
2148	2150	IS_AST_PARENT	
2147	2148	IS_AST_PARENT	
2123	2147	IS_AST_PARENT	
2123	2153	IS_AST_PARENT	
2123	2154	IS_AST_PARENT	
2123	2155	IS_AST_PARENT	
2123	2156	IS_AST_PARENT	
2123	2157	IS_AST_PARENT	
2159	2160	IS_AST_PARENT	
2159	2161	IS_AST_PARENT	
2158	2159	IS_AST_PARENT	
2123	2158	IS_AST_PARENT	
2164	2165	IS_AST_PARENT	
2163	2164	IS_AST_PARENT	
2167	2168	IS_AST_PARENT	
2166	2167	IS_AST_PARENT	
2169	2170	IS_AST_PARENT	
2166	2169	IS_AST_PARENT	
2171	2172	IS_AST_PARENT	
2166	2171	IS_AST_PARENT	
2163	2166	IS_AST_PARENT	
2162	2163	IS_AST_PARENT	
2123	2162	IS_AST_PARENT	
2123	2173	IS_AST_PARENT	
2123	2174	IS_AST_PARENT	
2123	2175	IS_AST_PARENT	
2123	2176	IS_AST_PARENT	
2123	2177	IS_AST_PARENT	
2123	2178	IS_AST_PARENT	
2123	2179	IS_AST_PARENT	
2123	2180	IS_AST_PARENT	
2123	2181	IS_AST_PARENT	
2123	2182	IS_AST_PARENT	
2123	2183	IS_AST_PARENT	
2123	2184	IS_AST_PARENT	
2123	2185	IS_AST_PARENT	
2189	2190	IS_AST_PARENT	
2189	2191	IS_AST_PARENT	
2188	2189	IS_AST_PARENT	
2188	2192	IS_AST_PARENT	
2187	2188	IS_AST_PARENT	
2187	2193	IS_AST_PARENT	
2186	2187	IS_AST_PARENT	
2123	2186	IS_AST_PARENT	
2116	2123	IS_AST_PARENT	
2047	2116	IS_AST_PARENT	
2196	2197	IS_AST_PARENT	
2196	2198	IS_AST_PARENT	
2195	2196	IS_AST_PARENT	
2195	2199	IS_AST_PARENT	
2194	2195	IS_AST_PARENT	
2047	2194	IS_AST_PARENT	
2202	2203	IS_AST_PARENT	
2202	2204	IS_AST_PARENT	
2201	2202	IS_AST_PARENT	
2200	2201	IS_AST_PARENT	
2208	2209	IS_AST_PARENT	
2207	2208	IS_AST_PARENT	
2212	2213	IS_AST_PARENT	
2212	2214	IS_AST_PARENT	
2211	2212	IS_AST_PARENT	
2210	2211	IS_AST_PARENT	
2207	2210	IS_AST_PARENT	
2206	2207	IS_AST_PARENT	
2205	2206	IS_AST_PARENT	
2217	2218	IS_AST_PARENT	
2217	2219	IS_AST_PARENT	
2216	2217	IS_AST_PARENT	
2220	2221	IS_AST_PARENT	
2220	2222	IS_AST_PARENT	
2216	2220	IS_AST_PARENT	
2215	2216	IS_AST_PARENT	
2205	2215	IS_AST_PARENT	
2200	2205	IS_AST_PARENT	
2047	2200	IS_AST_PARENT	
2226	2227	IS_AST_PARENT	
2226	2228	IS_AST_PARENT	
2225	2226	IS_AST_PARENT	
2229	2230	IS_AST_PARENT	
2229	2231	IS_AST_PARENT	
2225	2229	IS_AST_PARENT	
2224	2225	IS_AST_PARENT	
2223	2224	IS_AST_PARENT	
2235	2236	IS_AST_PARENT	
2234	2235	IS_AST_PARENT	
2238	2239	IS_AST_PARENT	
2237	2238	IS_AST_PARENT	
2234	2237	IS_AST_PARENT	
2233	2234	IS_AST_PARENT	
2232	2233	IS_AST_PARENT	
2223	2232	IS_AST_PARENT	
2047	2223	IS_AST_PARENT	
79	2047	IS_AST_PARENT	
79	2240	IS_AST_PARENT	
79	2241	IS_AST_PARENT	
79	2242	IS_AST_PARENT	
79	2243	IS_AST_PARENT	
79	2244	IS_AST_PARENT	
79	2245	IS_AST_PARENT	
79	2246	IS_AST_PARENT	
79	2247	IS_AST_PARENT	
79	2248	IS_AST_PARENT	
79	2249	IS_AST_PARENT	
79	2250	IS_AST_PARENT	
79	2251	IS_AST_PARENT	
79	2252	IS_AST_PARENT	
79	2253	IS_AST_PARENT	
2256	2257	IS_AST_PARENT	
2256	2258	IS_AST_PARENT	
2259	2260	IS_AST_PARENT	
2262	2263	IS_AST_PARENT	
2261	2262	IS_AST_PARENT	
2265	2266	IS_AST_PARENT	
2264	2265	IS_AST_PARENT	
2267	2268	IS_AST_PARENT	
2264	2267	IS_AST_PARENT	
2269	2270	IS_AST_PARENT	
2264	2269	IS_AST_PARENT	
2261	2264	IS_AST_PARENT	
2259	2261	IS_AST_PARENT	
2256	2259	IS_AST_PARENT	
2255	2256	IS_AST_PARENT	
2254	2255	IS_AST_PARENT	
2273	2274	IS_AST_PARENT	
2273	2275	IS_AST_PARENT	
2272	2273	IS_AST_PARENT	
2271	2272	IS_AST_PARENT	
2276	2277	IS_AST_PARENT	
2271	2276	IS_AST_PARENT	
2254	2271	IS_AST_PARENT	
2280	2281	IS_AST_PARENT	
2279	2280	IS_AST_PARENT	
2283	2284	IS_AST_PARENT	
2282	2283	IS_AST_PARENT	
2285	2286	IS_AST_PARENT	
2282	2285	IS_AST_PARENT	
2279	2282	IS_AST_PARENT	
2278	2279	IS_AST_PARENT	
2254	2278	IS_AST_PARENT	
79	2254	IS_AST_PARENT	
79	2287	IS_AST_PARENT	
79	2288	IS_AST_PARENT	
79	2289	IS_AST_PARENT	
79	2290	IS_AST_PARENT	
79	2291	IS_AST_PARENT	
79	2292	IS_AST_PARENT	
79	2293	IS_AST_PARENT	
79	2294	IS_AST_PARENT	
79	2295	IS_AST_PARENT	
79	2296	IS_AST_PARENT	
79	2297	IS_AST_PARENT	
79	2298	IS_AST_PARENT	
79	2299	IS_AST_PARENT	
79	2300	IS_AST_PARENT	
79	2301	IS_AST_PARENT	
79	2302	IS_AST_PARENT	
79	2303	IS_AST_PARENT	
2309	2310	IS_AST_PARENT	
2311	2312	IS_AST_PARENT	
2311	2313	IS_AST_PARENT	
2309	2311	IS_AST_PARENT	
2308	2309	IS_AST_PARENT	
2307	2308	IS_AST_PARENT	
2307	2314	IS_AST_PARENT	
2319	2320	IS_AST_PARENT	
2318	2319	IS_AST_PARENT	
2322	2323	IS_AST_PARENT	
2321	2322	IS_AST_PARENT	
2324	2325	IS_AST_PARENT	
2321	2324	IS_AST_PARENT	
2326	2327	IS_AST_PARENT	
2321	2326	IS_AST_PARENT	
2318	2321	IS_AST_PARENT	
2317	2318	IS_AST_PARENT	
2316	2317	IS_AST_PARENT	
2316	2328	IS_AST_PARENT	
2315	2316	IS_AST_PARENT	
2307	2315	IS_AST_PARENT	
2306	2307	IS_AST_PARENT	
2306	2329	IS_AST_PARENT	
2305	2306	IS_AST_PARENT	
2330	2331	IS_AST_PARENT	
2305	2330	IS_AST_PARENT	
2304	2305	IS_AST_PARENT	
2336	2337	IS_AST_PARENT	
2338	2339	IS_AST_PARENT	
2338	2340	IS_AST_PARENT	
2336	2338	IS_AST_PARENT	
2335	2336	IS_AST_PARENT	
2334	2335	IS_AST_PARENT	
2334	2341	IS_AST_PARENT	
2346	2347	IS_AST_PARENT	
2345	2346	IS_AST_PARENT	
2349	2350	IS_AST_PARENT	
2348	2349	IS_AST_PARENT	
2351	2352	IS_AST_PARENT	
2348	2351	IS_AST_PARENT	
2353	2354	IS_AST_PARENT	
2348	2353	IS_AST_PARENT	
2345	2348	IS_AST_PARENT	
2344	2345	IS_AST_PARENT	
2343	2344	IS_AST_PARENT	
2343	2355	IS_AST_PARENT	
2342	2343	IS_AST_PARENT	
2334	2342	IS_AST_PARENT	
2333	2334	IS_AST_PARENT	
2333	2356	IS_AST_PARENT	
2332	2333	IS_AST_PARENT	
2357	2358	IS_AST_PARENT	
2332	2357	IS_AST_PARENT	
2304	2332	IS_AST_PARENT	
2361	2362	IS_AST_PARENT	
2360	2361	IS_AST_PARENT	
2364	2365	IS_AST_PARENT	
2363	2364	IS_AST_PARENT	
2368	2369	IS_AST_PARENT	
2367	2368	IS_AST_PARENT	
2371	2372	IS_AST_PARENT	
2370	2371	IS_AST_PARENT	
2373	2374	IS_AST_PARENT	
2370	2373	IS_AST_PARENT	
2375	2376	IS_AST_PARENT	
2370	2375	IS_AST_PARENT	
2367	2370	IS_AST_PARENT	
2366	2367	IS_AST_PARENT	
2363	2366	IS_AST_PARENT	
2377	2378	IS_AST_PARENT	
2363	2377	IS_AST_PARENT	
2360	2363	IS_AST_PARENT	
2359	2360	IS_AST_PARENT	
2304	2359	IS_AST_PARENT	
79	2304	IS_AST_PARENT	
79	2379	IS_AST_PARENT	
79	2380	IS_AST_PARENT	
79	2381	IS_AST_PARENT	
79	2382	IS_AST_PARENT	
79	2383	IS_AST_PARENT	
79	2384	IS_AST_PARENT	
79	2385	IS_AST_PARENT	
79	2386	IS_AST_PARENT	
79	2387	IS_AST_PARENT	
79	2388	IS_AST_PARENT	
79	2389	IS_AST_PARENT	
79	2390	IS_AST_PARENT	
79	2391	IS_AST_PARENT	
79	2392	IS_AST_PARENT	
2395	2396	IS_AST_PARENT	
2395	2397	IS_AST_PARENT	
2394	2395	IS_AST_PARENT	
2393	2394	IS_AST_PARENT	
2402	2403	IS_AST_PARENT	
2404	2405	IS_AST_PARENT	
2404	2406	IS_AST_PARENT	
2402	2404	IS_AST_PARENT	
2401	2402	IS_AST_PARENT	
2400	2401	IS_AST_PARENT	
2400	2407	IS_AST_PARENT	
2412	2413	IS_AST_PARENT	
2411	2412	IS_AST_PARENT	
2415	2416	IS_AST_PARENT	
2414	2415	IS_AST_PARENT	
2417	2418	IS_AST_PARENT	
2414	2417	IS_AST_PARENT	
2419	2420	IS_AST_PARENT	
2414	2419	IS_AST_PARENT	
2411	2414	IS_AST_PARENT	
2410	2411	IS_AST_PARENT	
2409	2410	IS_AST_PARENT	
2409	2421	IS_AST_PARENT	
2408	2409	IS_AST_PARENT	
2400	2408	IS_AST_PARENT	
2399	2400	IS_AST_PARENT	
2399	2422	IS_AST_PARENT	
2398	2399	IS_AST_PARENT	
2423	2424	IS_AST_PARENT	
2398	2423	IS_AST_PARENT	
2393	2398	IS_AST_PARENT	
2429	2430	IS_AST_PARENT	
2431	2432	IS_AST_PARENT	
2431	2433	IS_AST_PARENT	
2429	2431	IS_AST_PARENT	
2428	2429	IS_AST_PARENT	
2427	2428	IS_AST_PARENT	
2427	2434	IS_AST_PARENT	
2439	2440	IS_AST_PARENT	
2438	2439	IS_AST_PARENT	
2442	2443	IS_AST_PARENT	
2441	2442	IS_AST_PARENT	
2444	2445	IS_AST_PARENT	
2441	2444	IS_AST_PARENT	
2446	2447	IS_AST_PARENT	
2441	2446	IS_AST_PARENT	
2438	2441	IS_AST_PARENT	
2437	2438	IS_AST_PARENT	
2436	2437	IS_AST_PARENT	
2436	2448	IS_AST_PARENT	
2435	2436	IS_AST_PARENT	
2427	2435	IS_AST_PARENT	
2426	2427	IS_AST_PARENT	
2426	2449	IS_AST_PARENT	
2425	2426	IS_AST_PARENT	
2450	2451	IS_AST_PARENT	
2425	2450	IS_AST_PARENT	
2393	2425	IS_AST_PARENT	
2456	2457	IS_AST_PARENT	
2456	2458	IS_AST_PARENT	
2455	2456	IS_AST_PARENT	
2454	2455	IS_AST_PARENT	
2454	2459	IS_AST_PARENT	
2464	2465	IS_AST_PARENT	
2463	2464	IS_AST_PARENT	
2467	2468	IS_AST_PARENT	
2466	2467	IS_AST_PARENT	
2469	2470	IS_AST_PARENT	
2466	2469	IS_AST_PARENT	
2471	2472	IS_AST_PARENT	
2466	2471	IS_AST_PARENT	
2463	2466	IS_AST_PARENT	
2462	2463	IS_AST_PARENT	
2461	2462	IS_AST_PARENT	
2461	2473	IS_AST_PARENT	
2460	2461	IS_AST_PARENT	
2454	2460	IS_AST_PARENT	
2453	2454	IS_AST_PARENT	
2453	2474	IS_AST_PARENT	
2452	2453	IS_AST_PARENT	
2475	2476	IS_AST_PARENT	
2452	2475	IS_AST_PARENT	
2393	2452	IS_AST_PARENT	
2481	2482	IS_AST_PARENT	
2484	2485	IS_AST_PARENT	
2484	2486	IS_AST_PARENT	
2483	2484	IS_AST_PARENT	
2487	2488	IS_AST_PARENT	
2487	2489	IS_AST_PARENT	
2483	2487	IS_AST_PARENT	
2481	2483	IS_AST_PARENT	
2480	2481	IS_AST_PARENT	
2479	2480	IS_AST_PARENT	
2479	2490	IS_AST_PARENT	
2495	2496	IS_AST_PARENT	
2494	2495	IS_AST_PARENT	
2498	2499	IS_AST_PARENT	
2497	2498	IS_AST_PARENT	
2500	2501	IS_AST_PARENT	
2497	2500	IS_AST_PARENT	
2502	2503	IS_AST_PARENT	
2497	2502	IS_AST_PARENT	
2494	2497	IS_AST_PARENT	
2493	2494	IS_AST_PARENT	
2492	2493	IS_AST_PARENT	
2492	2504	IS_AST_PARENT	
2491	2492	IS_AST_PARENT	
2479	2491	IS_AST_PARENT	
2478	2479	IS_AST_PARENT	
2478	2505	IS_AST_PARENT	
2477	2478	IS_AST_PARENT	
2506	2507	IS_AST_PARENT	
2477	2506	IS_AST_PARENT	
2393	2477	IS_AST_PARENT	
2510	2511	IS_AST_PARENT	
2512	2513	IS_AST_PARENT	
2512	2514	IS_AST_PARENT	
2510	2512	IS_AST_PARENT	
2509	2510	IS_AST_PARENT	
2508	2509	IS_AST_PARENT	
2518	2519	IS_AST_PARENT	
2517	2518	IS_AST_PARENT	
2521	2522	IS_AST_PARENT	
2520	2521	IS_AST_PARENT	
2523	2524	IS_AST_PARENT	
2520	2523	IS_AST_PARENT	
2525	2526	IS_AST_PARENT	
2520	2525	IS_AST_PARENT	
2527	2528	IS_AST_PARENT	
2520	2527	IS_AST_PARENT	
2517	2520	IS_AST_PARENT	
2516	2517	IS_AST_PARENT	
2515	2516	IS_AST_PARENT	
2531	2532	IS_AST_PARENT	
2530	2531	IS_AST_PARENT	
2534	2535	IS_AST_PARENT	
2533	2534	IS_AST_PARENT	
2530	2533	IS_AST_PARENT	
2529	2530	IS_AST_PARENT	
2515	2529	IS_AST_PARENT	
2508	2515	IS_AST_PARENT	
2393	2508	IS_AST_PARENT	
2537	2538	IS_AST_PARENT	
2540	2541	IS_AST_PARENT	
2540	2542	IS_AST_PARENT	
2539	2540	IS_AST_PARENT	
2539	2543	IS_AST_PARENT	
2537	2539	IS_AST_PARENT	
2536	2537	IS_AST_PARENT	
2393	2536	IS_AST_PARENT	
2546	2547	IS_AST_PARENT	
2548	2549	IS_AST_PARENT	
2548	2550	IS_AST_PARENT	
2546	2548	IS_AST_PARENT	
2545	2546	IS_AST_PARENT	
2544	2545	IS_AST_PARENT	
2554	2555	IS_AST_PARENT	
2553	2554	IS_AST_PARENT	
2557	2558	IS_AST_PARENT	
2556	2557	IS_AST_PARENT	
2559	2560	IS_AST_PARENT	
2556	2559	IS_AST_PARENT	
2561	2562	IS_AST_PARENT	
2556	2561	IS_AST_PARENT	
2563	2564	IS_AST_PARENT	
2556	2563	IS_AST_PARENT	
2553	2556	IS_AST_PARENT	
2552	2553	IS_AST_PARENT	
2551	2552	IS_AST_PARENT	
2544	2551	IS_AST_PARENT	
2393	2544	IS_AST_PARENT	
2569	2570	IS_AST_PARENT	
2569	2571	IS_AST_PARENT	
2568	2569	IS_AST_PARENT	
2572	2573	IS_AST_PARENT	
2572	2574	IS_AST_PARENT	
2568	2572	IS_AST_PARENT	
2567	2568	IS_AST_PARENT	
2577	2578	IS_AST_PARENT	
2577	2579	IS_AST_PARENT	
2576	2577	IS_AST_PARENT	
2580	2581	IS_AST_PARENT	
2580	2582	IS_AST_PARENT	
2576	2580	IS_AST_PARENT	
2575	2576	IS_AST_PARENT	
2584	2585	IS_AST_PARENT	
2584	2586	IS_AST_PARENT	
2583	2584	IS_AST_PARENT	
2587	2588	IS_AST_PARENT	
2587	2589	IS_AST_PARENT	
2583	2587	IS_AST_PARENT	
2575	2583	IS_AST_PARENT	
2567	2575	IS_AST_PARENT	
2566	2567	IS_AST_PARENT	
2565	2566	IS_AST_PARENT	
2593	2594	IS_AST_PARENT	
2592	2593	IS_AST_PARENT	
2596	2597	IS_AST_PARENT	
2595	2596	IS_AST_PARENT	
2598	2599	IS_AST_PARENT	
2595	2598	IS_AST_PARENT	
2600	2601	IS_AST_PARENT	
2595	2600	IS_AST_PARENT	
2602	2603	IS_AST_PARENT	
2595	2602	IS_AST_PARENT	
2604	2605	IS_AST_PARENT	
2595	2604	IS_AST_PARENT	
2606	2607	IS_AST_PARENT	
2595	2606	IS_AST_PARENT	
2592	2595	IS_AST_PARENT	
2591	2592	IS_AST_PARENT	
2590	2591	IS_AST_PARENT	
2565	2590	IS_AST_PARENT	
2393	2565	IS_AST_PARENT	
2610	2611	IS_AST_PARENT	
2609	2610	IS_AST_PARENT	
2613	2614	IS_AST_PARENT	
2612	2613	IS_AST_PARENT	
2615	2616	IS_AST_PARENT	
2612	2615	IS_AST_PARENT	
2617	2618	IS_AST_PARENT	
2612	2617	IS_AST_PARENT	
2609	2612	IS_AST_PARENT	
2608	2609	IS_AST_PARENT	
2393	2608	IS_AST_PARENT	
2621	2622	IS_AST_PARENT	
2620	2621	IS_AST_PARENT	
2624	2625	IS_AST_PARENT	
2623	2624	IS_AST_PARENT	
2626	2627	IS_AST_PARENT	
2623	2626	IS_AST_PARENT	
2628	2629	IS_AST_PARENT	
2623	2628	IS_AST_PARENT	
2620	2623	IS_AST_PARENT	
2619	2620	IS_AST_PARENT	
2393	2619	IS_AST_PARENT	
2633	2634	IS_AST_PARENT	
2633	2635	IS_AST_PARENT	
2632	2633	IS_AST_PARENT	
2632	2636	IS_AST_PARENT	
2631	2632	IS_AST_PARENT	
2631	2637	IS_AST_PARENT	
2630	2631	IS_AST_PARENT	
2393	2630	IS_AST_PARENT	
79	2393	IS_AST_PARENT	
79	2638	IS_AST_PARENT	
79	2639	IS_AST_PARENT	
79	2640	IS_AST_PARENT	
79	2641	IS_AST_PARENT	
79	2642	IS_AST_PARENT	
79	2643	IS_AST_PARENT	
79	2644	IS_AST_PARENT	
79	2645	IS_AST_PARENT	
79	2646	IS_AST_PARENT	
79	2647	IS_AST_PARENT	
79	2648	IS_AST_PARENT	
79	2649	IS_AST_PARENT	
79	2650	IS_AST_PARENT	
79	2651	IS_AST_PARENT	
79	2652	IS_AST_PARENT	
79	2653	IS_AST_PARENT	
79	2654	IS_AST_PARENT	
79	2655	IS_AST_PARENT	
79	2656	IS_AST_PARENT	
2659	2660	IS_AST_PARENT	
2659	2661	IS_AST_PARENT	
2658	2659	IS_AST_PARENT	
2657	2658	IS_AST_PARENT	
2663	2664	IS_AST_PARENT	
2663	2665	IS_AST_PARENT	
2662	2663	IS_AST_PARENT	
2657	2662	IS_AST_PARENT	
2668	2669	IS_AST_PARENT	
2670	2671	IS_AST_PARENT	
2670	2672	IS_AST_PARENT	
2668	2670	IS_AST_PARENT	
2667	2668	IS_AST_PARENT	
2666	2667	IS_AST_PARENT	
2673	2674	IS_AST_PARENT	
2666	2673	IS_AST_PARENT	
2657	2666	IS_AST_PARENT	
2677	2678	IS_AST_PARENT	
2677	2679	IS_AST_PARENT	
2676	2677	IS_AST_PARENT	
2675	2676	IS_AST_PARENT	
2681	2682	IS_AST_PARENT	
2683	2684	IS_AST_PARENT	
2683	2685	IS_AST_PARENT	
2681	2683	IS_AST_PARENT	
2680	2681	IS_AST_PARENT	
2675	2680	IS_AST_PARENT	
2686	2687	IS_AST_PARENT	
2688	2689	IS_AST_PARENT	
2690	2691	IS_AST_PARENT	
2690	2692	IS_AST_PARENT	
2688	2690	IS_AST_PARENT	
2686	2688	IS_AST_PARENT	
2675	2686	IS_AST_PARENT	
2695	2696	IS_AST_PARENT	
2695	2697	IS_AST_PARENT	
2694	2695	IS_AST_PARENT	
2693	2694	IS_AST_PARENT	
2699	2700	IS_AST_PARENT	
2701	2702	IS_AST_PARENT	
2701	2703	IS_AST_PARENT	
2699	2701	IS_AST_PARENT	
2698	2699	IS_AST_PARENT	
2693	2698	IS_AST_PARENT	
2704	2705	IS_AST_PARENT	
2706	2707	IS_AST_PARENT	
2708	2709	IS_AST_PARENT	
2708	2710	IS_AST_PARENT	
2706	2708	IS_AST_PARENT	
2704	2706	IS_AST_PARENT	
2693	2704	IS_AST_PARENT	
2714	2715	IS_AST_PARENT	
2713	2714	IS_AST_PARENT	
2717	2718	IS_AST_PARENT	
2716	2717	IS_AST_PARENT	
2719	2720	IS_AST_PARENT	
2716	2719	IS_AST_PARENT	
2721	2722	IS_AST_PARENT	
2716	2721	IS_AST_PARENT	
2713	2716	IS_AST_PARENT	
2712	2713	IS_AST_PARENT	
2711	2712	IS_AST_PARENT	
2693	2711	IS_AST_PARENT	
2675	2693	IS_AST_PARENT	
2657	2675	IS_AST_PARENT	
79	2657	IS_AST_PARENT	
79	2723	IS_AST_PARENT	
79	2724	IS_AST_PARENT	
79	2725	IS_AST_PARENT	
79	2726	IS_AST_PARENT	
79	2727	IS_AST_PARENT	
79	2728	IS_AST_PARENT	
79	2729	IS_AST_PARENT	
79	2730	IS_AST_PARENT	
2736	2737	IS_AST_PARENT	
2738	2739	IS_AST_PARENT	
2738	2740	IS_AST_PARENT	
2736	2738	IS_AST_PARENT	
2735	2736	IS_AST_PARENT	
2734	2735	IS_AST_PARENT	
2734	2741	IS_AST_PARENT	
2746	2747	IS_AST_PARENT	
2745	2746	IS_AST_PARENT	
2749	2750	IS_AST_PARENT	
2748	2749	IS_AST_PARENT	
2751	2752	IS_AST_PARENT	
2748	2751	IS_AST_PARENT	
2753	2754	IS_AST_PARENT	
2748	2753	IS_AST_PARENT	
2745	2748	IS_AST_PARENT	
2744	2745	IS_AST_PARENT	
2743	2744	IS_AST_PARENT	
2755	2756	IS_AST_PARENT	
2743	2755	IS_AST_PARENT	
2742	2743	IS_AST_PARENT	
2734	2742	IS_AST_PARENT	
2733	2734	IS_AST_PARENT	
2733	2757	IS_AST_PARENT	
2732	2733	IS_AST_PARENT	
2758	2759	IS_AST_PARENT	
2732	2758	IS_AST_PARENT	
2731	2732	IS_AST_PARENT	
2761	2762	IS_AST_PARENT	
2761	2763	IS_AST_PARENT	
2760	2761	IS_AST_PARENT	
2731	2760	IS_AST_PARENT	
79	2731	IS_AST_PARENT	
79	2764	IS_AST_PARENT	
79	2765	IS_AST_PARENT	
79	2766	IS_AST_PARENT	
79	2767	IS_AST_PARENT	
79	2768	IS_AST_PARENT	
79	2769	IS_AST_PARENT	
79	2770	IS_AST_PARENT	
79	2771	IS_AST_PARENT	
2777	2778	IS_AST_PARENT	
2779	2780	IS_AST_PARENT	
2779	2781	IS_AST_PARENT	
2777	2779	IS_AST_PARENT	
2776	2777	IS_AST_PARENT	
2775	2776	IS_AST_PARENT	
2775	2782	IS_AST_PARENT	
2787	2788	IS_AST_PARENT	
2786	2787	IS_AST_PARENT	
2790	2791	IS_AST_PARENT	
2789	2790	IS_AST_PARENT	
2792	2793	IS_AST_PARENT	
2789	2792	IS_AST_PARENT	
2794	2795	IS_AST_PARENT	
2789	2794	IS_AST_PARENT	
2786	2789	IS_AST_PARENT	
2785	2786	IS_AST_PARENT	
2784	2785	IS_AST_PARENT	
2796	2797	IS_AST_PARENT	
2784	2796	IS_AST_PARENT	
2783	2784	IS_AST_PARENT	
2775	2783	IS_AST_PARENT	
2774	2775	IS_AST_PARENT	
2774	2798	IS_AST_PARENT	
2773	2774	IS_AST_PARENT	
2799	2800	IS_AST_PARENT	
2773	2799	IS_AST_PARENT	
2772	2773	IS_AST_PARENT	
2802	2803	IS_AST_PARENT	
2802	2804	IS_AST_PARENT	
2801	2802	IS_AST_PARENT	
2772	2801	IS_AST_PARENT	
79	2772	IS_AST_PARENT	
79	2805	IS_AST_PARENT	
79	2806	IS_AST_PARENT	
79	2807	IS_AST_PARENT	
79	2808	IS_AST_PARENT	
79	2809	IS_AST_PARENT	
79	2810	IS_AST_PARENT	
79	2811	IS_AST_PARENT	
79	2812	IS_AST_PARENT	
2818	2819	IS_AST_PARENT	
2820	2821	IS_AST_PARENT	
2820	2822	IS_AST_PARENT	
2818	2820	IS_AST_PARENT	
2817	2818	IS_AST_PARENT	
2816	2817	IS_AST_PARENT	
2816	2823	IS_AST_PARENT	
2828	2829	IS_AST_PARENT	
2827	2828	IS_AST_PARENT	
2831	2832	IS_AST_PARENT	
2830	2831	IS_AST_PARENT	
2833	2834	IS_AST_PARENT	
2830	2833	IS_AST_PARENT	
2835	2836	IS_AST_PARENT	
2830	2835	IS_AST_PARENT	
2827	2830	IS_AST_PARENT	
2826	2827	IS_AST_PARENT	
2825	2826	IS_AST_PARENT	
2837	2838	IS_AST_PARENT	
2825	2837	IS_AST_PARENT	
2824	2825	IS_AST_PARENT	
2816	2824	IS_AST_PARENT	
2815	2816	IS_AST_PARENT	
2815	2839	IS_AST_PARENT	
2814	2815	IS_AST_PARENT	
2840	2841	IS_AST_PARENT	
2814	2840	IS_AST_PARENT	
2813	2814	IS_AST_PARENT	
2843	2844	IS_AST_PARENT	
2843	2845	IS_AST_PARENT	
2842	2843	IS_AST_PARENT	
2813	2842	IS_AST_PARENT	
79	2813	IS_AST_PARENT	
79	2846	IS_AST_PARENT	
79	2847	IS_AST_PARENT	
79	2848	IS_AST_PARENT	
79	2849	IS_AST_PARENT	
79	2850	IS_AST_PARENT	
79	2851	IS_AST_PARENT	
79	2852	IS_AST_PARENT	
79	2853	IS_AST_PARENT	
79	2854	IS_AST_PARENT	
79	2855	IS_AST_PARENT	
79	2856	IS_AST_PARENT	
2859	2860	IS_AST_PARENT	
2859	2861	IS_AST_PARENT	
2862	2863	IS_AST_PARENT	
2864	2865	IS_AST_PARENT	
2864	2866	IS_AST_PARENT	
2862	2864	IS_AST_PARENT	
2859	2862	IS_AST_PARENT	
2858	2859	IS_AST_PARENT	
2857	2858	IS_AST_PARENT	
2869	2870	IS_AST_PARENT	
2869	2871	IS_AST_PARENT	
2868	2869	IS_AST_PARENT	
2867	2868	IS_AST_PARENT	
2873	2874	IS_AST_PARENT	
2872	2873	IS_AST_PARENT	
2867	2872	IS_AST_PARENT	
2857	2867	IS_AST_PARENT	
2876	2877	IS_AST_PARENT	
2880	2881	IS_AST_PARENT	
2882	2883	IS_AST_PARENT	
2882	2884	IS_AST_PARENT	
2880	2882	IS_AST_PARENT	
2879	2880	IS_AST_PARENT	
2885	2886	IS_AST_PARENT	
2885	2887	IS_AST_PARENT	
2879	2885	IS_AST_PARENT	
2878	2879	IS_AST_PARENT	
2889	2890	IS_AST_PARENT	
2889	2891	IS_AST_PARENT	
2888	2889	IS_AST_PARENT	
2892	2893	IS_AST_PARENT	
2892	2894	IS_AST_PARENT	
2888	2892	IS_AST_PARENT	
2878	2888	IS_AST_PARENT	
2876	2878	IS_AST_PARENT	
2875	2876	IS_AST_PARENT	
2857	2875	IS_AST_PARENT	
2896	2897	IS_AST_PARENT	
2895	2896	IS_AST_PARENT	
2901	2902	IS_AST_PARENT	
2901	2903	IS_AST_PARENT	
2900	2901	IS_AST_PARENT	
2899	2900	IS_AST_PARENT	
2906	2907	IS_AST_PARENT	
2906	2908	IS_AST_PARENT	
2909	2910	IS_AST_PARENT	
2911	2912	IS_AST_PARENT	
2911	2913	IS_AST_PARENT	
2909	2911	IS_AST_PARENT	
2906	2909	IS_AST_PARENT	
2905	2906	IS_AST_PARENT	
2904	2905	IS_AST_PARENT	
2915	2916	IS_AST_PARENT	
2915	2917	IS_AST_PARENT	
2918	2919	IS_AST_PARENT	
2920	2921	IS_AST_PARENT	
2922	2923	IS_AST_PARENT	
2924	2925	IS_AST_PARENT	
2924	2926	IS_AST_PARENT	
2922	2924	IS_AST_PARENT	
2920	2922	IS_AST_PARENT	
2918	2920	IS_AST_PARENT	
2915	2918	IS_AST_PARENT	
2914	2915	IS_AST_PARENT	
2904	2914	IS_AST_PARENT	
2928	2929	IS_AST_PARENT	
2928	2930	IS_AST_PARENT	
2927	2928	IS_AST_PARENT	
2904	2927	IS_AST_PARENT	
2932	2933	IS_AST_PARENT	
2932	2934	IS_AST_PARENT	
2931	2932	IS_AST_PARENT	
2904	2931	IS_AST_PARENT	
2937	2938	IS_AST_PARENT	
2937	2939	IS_AST_PARENT	
2936	2937	IS_AST_PARENT	
2935	2936	IS_AST_PARENT	
2941	2942	IS_AST_PARENT	
2943	2944	IS_AST_PARENT	
2943	2945	IS_AST_PARENT	
2941	2943	IS_AST_PARENT	
2940	2941	IS_AST_PARENT	
2935	2940	IS_AST_PARENT	
2946	2947	IS_AST_PARENT	
2946	2948	IS_AST_PARENT	
2935	2946	IS_AST_PARENT	
2951	2952	IS_AST_PARENT	
2951	2953	IS_AST_PARENT	
2950	2951	IS_AST_PARENT	
2949	2950	IS_AST_PARENT	
2955	2956	IS_AST_PARENT	
2957	2958	IS_AST_PARENT	
2957	2959	IS_AST_PARENT	
2955	2957	IS_AST_PARENT	
2954	2955	IS_AST_PARENT	
2949	2954	IS_AST_PARENT	
2961	2962	IS_AST_PARENT	
2961	2963	IS_AST_PARENT	
2960	2961	IS_AST_PARENT	
2964	2965	IS_AST_PARENT	
2964	2966	IS_AST_PARENT	
2960	2964	IS_AST_PARENT	
2949	2960	IS_AST_PARENT	
2971	2972	IS_AST_PARENT	
2970	2971	IS_AST_PARENT	
2975	2976	IS_AST_PARENT	
2975	2977	IS_AST_PARENT	
2974	2975	IS_AST_PARENT	
2973	2974	IS_AST_PARENT	
2970	2973	IS_AST_PARENT	
2969	2970	IS_AST_PARENT	
2968	2969	IS_AST_PARENT	
2980	2981	IS_AST_PARENT	
2980	2982	IS_AST_PARENT	
2979	2980	IS_AST_PARENT	
2978	2979	IS_AST_PARENT	
2968	2978	IS_AST_PARENT	
2967	2968	IS_AST_PARENT	
2949	2967	IS_AST_PARENT	
2935	2949	IS_AST_PARENT	
2904	2935	IS_AST_PARENT	
2899	2904	IS_AST_PARENT	
2898	2899	IS_AST_PARENT	
2895	2898	IS_AST_PARENT	
2986	2987	IS_AST_PARENT	
2989	2990	IS_AST_PARENT	
2991	2992	IS_AST_PARENT	
2991	2993	IS_AST_PARENT	
2989	2991	IS_AST_PARENT	
2988	2989	IS_AST_PARENT	
2995	2996	IS_AST_PARENT	
2995	2997	IS_AST_PARENT	
2994	2995	IS_AST_PARENT	
2998	2999	IS_AST_PARENT	
2998	3000	IS_AST_PARENT	
2994	2998	IS_AST_PARENT	
2988	2994	IS_AST_PARENT	
2986	2988	IS_AST_PARENT	
2985	2986	IS_AST_PARENT	
2984	2985	IS_AST_PARENT	
2983	2984	IS_AST_PARENT	
2895	2983	IS_AST_PARENT	
2857	2895	IS_AST_PARENT	
3001	3002	IS_AST_PARENT	
2857	3001	IS_AST_PARENT	
79	2857	IS_AST_PARENT	
79	3003	IS_AST_PARENT	
79	3004	IS_AST_PARENT	
79	3005	IS_AST_PARENT	
79	3006	IS_AST_PARENT	
79	3007	IS_AST_PARENT	
79	3008	IS_AST_PARENT	
79	3009	IS_AST_PARENT	
79	3010	IS_AST_PARENT	
79	3011	IS_AST_PARENT	
79	3012	IS_AST_PARENT	
79	3013	IS_AST_PARENT	
79	3014	IS_AST_PARENT	
79	3015	IS_AST_PARENT	
3018	3019	IS_AST_PARENT	
3018	3020	IS_AST_PARENT	
3017	3018	IS_AST_PARENT	
3016	3017	IS_AST_PARENT	
3023	3024	IS_AST_PARENT	
3025	3026	IS_AST_PARENT	
3025	3027	IS_AST_PARENT	
3023	3025	IS_AST_PARENT	
3022	3023	IS_AST_PARENT	
3021	3022	IS_AST_PARENT	
3028	3029	IS_AST_PARENT	
3021	3028	IS_AST_PARENT	
3030	3031	IS_AST_PARENT	
3032	3033	IS_AST_PARENT	
3032	3034	IS_AST_PARENT	
3030	3032	IS_AST_PARENT	
3021	3030	IS_AST_PARENT	
3039	3040	IS_AST_PARENT	
3039	3041	IS_AST_PARENT	
3038	3039	IS_AST_PARENT	
3038	3042	IS_AST_PARENT	
3037	3038	IS_AST_PARENT	
3036	3037	IS_AST_PARENT	
3043	3044	IS_AST_PARENT	
3036	3043	IS_AST_PARENT	
3035	3036	IS_AST_PARENT	
3021	3035	IS_AST_PARENT	
3016	3021	IS_AST_PARENT	
3047	3048	IS_AST_PARENT	
3049	3050	IS_AST_PARENT	
3049	3051	IS_AST_PARENT	
3047	3049	IS_AST_PARENT	
3046	3047	IS_AST_PARENT	
3045	3046	IS_AST_PARENT	
3055	3056	IS_AST_PARENT	
3054	3055	IS_AST_PARENT	
3058	3059	IS_AST_PARENT	
3057	3058	IS_AST_PARENT	
3060	3061	IS_AST_PARENT	
3057	3060	IS_AST_PARENT	
3062	3063	IS_AST_PARENT	
3057	3062	IS_AST_PARENT	
3064	3065	IS_AST_PARENT	
3057	3064	IS_AST_PARENT	
3054	3057	IS_AST_PARENT	
3053	3054	IS_AST_PARENT	
3052	3053	IS_AST_PARENT	
3066	3067	IS_AST_PARENT	
3052	3066	IS_AST_PARENT	
3045	3052	IS_AST_PARENT	
3016	3045	IS_AST_PARENT	
3069	3070	IS_AST_PARENT	
3069	3071	IS_AST_PARENT	
3068	3069	IS_AST_PARENT	
3016	3068	IS_AST_PARENT	
79	3016	IS_AST_PARENT	
79	3072	IS_AST_PARENT	
79	3073	IS_AST_PARENT	
79	3074	IS_AST_PARENT	
79	3075	IS_AST_PARENT	
79	3076	IS_AST_PARENT	
79	3077	IS_AST_PARENT	
79	3078	IS_AST_PARENT	
79	3079	IS_AST_PARENT	
79	3080	IS_AST_PARENT	
79	3081	IS_AST_PARENT	
79	3082	IS_AST_PARENT	
79	3083	IS_AST_PARENT	
79	3084	IS_AST_PARENT	
79	3085	IS_AST_PARENT	
79	3086	IS_AST_PARENT	
79	3087	IS_AST_PARENT	
79	3088	IS_AST_PARENT	
79	3089	IS_AST_PARENT	
79	3090	IS_AST_PARENT	
3093	3094	IS_AST_PARENT	
3093	3095	IS_AST_PARENT	
3092	3093	IS_AST_PARENT	
3091	3092	IS_AST_PARENT	
3100	3101	IS_AST_PARENT	
3102	3103	IS_AST_PARENT	
3102	3104	IS_AST_PARENT	
3100	3102	IS_AST_PARENT	
3099	3100	IS_AST_PARENT	
3098	3099	IS_AST_PARENT	
3098	3105	IS_AST_PARENT	
3110	3111	IS_AST_PARENT	
3109	3110	IS_AST_PARENT	
3113	3114	IS_AST_PARENT	
3112	3113	IS_AST_PARENT	
3115	3116	IS_AST_PARENT	
3112	3115	IS_AST_PARENT	
3117	3118	IS_AST_PARENT	
3112	3117	IS_AST_PARENT	
3109	3112	IS_AST_PARENT	
3108	3109	IS_AST_PARENT	
3107	3108	IS_AST_PARENT	
3107	3119	IS_AST_PARENT	
3106	3107	IS_AST_PARENT	
3098	3106	IS_AST_PARENT	
3097	3098	IS_AST_PARENT	
3097	3120	IS_AST_PARENT	
3096	3097	IS_AST_PARENT	
3121	3122	IS_AST_PARENT	
3096	3121	IS_AST_PARENT	
3091	3096	IS_AST_PARENT	
3127	3128	IS_AST_PARENT	
3129	3130	IS_AST_PARENT	
3129	3131	IS_AST_PARENT	
3127	3129	IS_AST_PARENT	
3126	3127	IS_AST_PARENT	
3125	3126	IS_AST_PARENT	
3125	3132	IS_AST_PARENT	
3137	3138	IS_AST_PARENT	
3136	3137	IS_AST_PARENT	
3140	3141	IS_AST_PARENT	
3139	3140	IS_AST_PARENT	
3142	3143	IS_AST_PARENT	
3139	3142	IS_AST_PARENT	
3144	3145	IS_AST_PARENT	
3139	3144	IS_AST_PARENT	
3136	3139	IS_AST_PARENT	
3135	3136	IS_AST_PARENT	
3134	3135	IS_AST_PARENT	
3134	3146	IS_AST_PARENT	
3133	3134	IS_AST_PARENT	
3125	3133	IS_AST_PARENT	
3124	3125	IS_AST_PARENT	
3124	3147	IS_AST_PARENT	
3123	3124	IS_AST_PARENT	
3148	3149	IS_AST_PARENT	
3123	3148	IS_AST_PARENT	
3091	3123	IS_AST_PARENT	
3155	3156	IS_AST_PARENT	
3157	3158	IS_AST_PARENT	
3157	3159	IS_AST_PARENT	
3155	3157	IS_AST_PARENT	
3154	3155	IS_AST_PARENT	
3160	3161	IS_AST_PARENT	
3162	3163	IS_AST_PARENT	
3162	3164	IS_AST_PARENT	
3160	3162	IS_AST_PARENT	
3154	3160	IS_AST_PARENT	
3153	3154	IS_AST_PARENT	
3152	3153	IS_AST_PARENT	
3152	3165	IS_AST_PARENT	
3170	3171	IS_AST_PARENT	
3169	3170	IS_AST_PARENT	
3173	3174	IS_AST_PARENT	
3172	3173	IS_AST_PARENT	
3175	3176	IS_AST_PARENT	
3172	3175	IS_AST_PARENT	
3177	3178	IS_AST_PARENT	
3172	3177	IS_AST_PARENT	
3169	3172	IS_AST_PARENT	
3168	3169	IS_AST_PARENT	
3167	3168	IS_AST_PARENT	
3167	3179	IS_AST_PARENT	
3166	3167	IS_AST_PARENT	
3152	3166	IS_AST_PARENT	
3151	3152	IS_AST_PARENT	
3151	3180	IS_AST_PARENT	
3150	3151	IS_AST_PARENT	
3181	3182	IS_AST_PARENT	
3150	3181	IS_AST_PARENT	
3091	3150	IS_AST_PARENT	
3184	3185	IS_AST_PARENT	
3187	3188	IS_AST_PARENT	
3186	3187	IS_AST_PARENT	
3190	3191	IS_AST_PARENT	
3189	3190	IS_AST_PARENT	
3192	3193	IS_AST_PARENT	
3189	3192	IS_AST_PARENT	
3186	3189	IS_AST_PARENT	
3184	3186	IS_AST_PARENT	
3183	3184	IS_AST_PARENT	
3091	3183	IS_AST_PARENT	
3196	3197	IS_AST_PARENT	
3196	3198	IS_AST_PARENT	
3195	3196	IS_AST_PARENT	
3199	3200	IS_AST_PARENT	
3201	3202	IS_AST_PARENT	
3201	3203	IS_AST_PARENT	
3199	3201	IS_AST_PARENT	
3195	3199	IS_AST_PARENT	
3194	3195	IS_AST_PARENT	
3091	3194	IS_AST_PARENT	
3206	3207	IS_AST_PARENT	
3206	3208	IS_AST_PARENT	
3205	3206	IS_AST_PARENT	
3209	3210	IS_AST_PARENT	
3211	3212	IS_AST_PARENT	
3211	3213	IS_AST_PARENT	
3209	3211	IS_AST_PARENT	
3205	3209	IS_AST_PARENT	
3204	3205	IS_AST_PARENT	
3091	3204	IS_AST_PARENT	
79	3091	IS_AST_PARENT	
79	3214	IS_AST_PARENT	
79	3215	IS_AST_PARENT	
79	3216	IS_AST_PARENT	
79	3217	IS_AST_PARENT	
79	3218	IS_AST_PARENT	
79	3219	IS_AST_PARENT	
79	3220	IS_AST_PARENT	
79	3221	IS_AST_PARENT	
79	3222	IS_AST_PARENT	
79	3223	IS_AST_PARENT	
79	3224	IS_AST_PARENT	
79	3225	IS_AST_PARENT	
79	3226	IS_AST_PARENT	
79	3227	IS_AST_PARENT	
79	3228	IS_AST_PARENT	
79	3229	IS_AST_PARENT	
79	3230	IS_AST_PARENT	
79	3231	IS_AST_PARENT	
79	3232	IS_AST_PARENT	
3235	3236	IS_AST_PARENT	
3235	3237	IS_AST_PARENT	
3234	3235	IS_AST_PARENT	
3233	3234	IS_AST_PARENT	
3239	3240	IS_AST_PARENT	
3239	3241	IS_AST_PARENT	
3238	3239	IS_AST_PARENT	
3233	3238	IS_AST_PARENT	
3245	3246	IS_AST_PARENT	
3244	3245	IS_AST_PARENT	
3249	3250	IS_AST_PARENT	
3249	3251	IS_AST_PARENT	
3248	3249	IS_AST_PARENT	
3247	3248	IS_AST_PARENT	
3252	3253	IS_AST_PARENT	
3247	3252	IS_AST_PARENT	
3254	3255	IS_AST_PARENT	
3247	3254	IS_AST_PARENT	
3244	3247	IS_AST_PARENT	
3243	3244	IS_AST_PARENT	
3242	3243	IS_AST_PARENT	
3256	3257	IS_AST_PARENT	
3262	3263	IS_AST_PARENT	
3261	3262	IS_AST_PARENT	
3265	3266	IS_AST_PARENT	
3264	3265	IS_AST_PARENT	
3267	3268	IS_AST_PARENT	
3264	3267	IS_AST_PARENT	
3261	3264	IS_AST_PARENT	
3260	3261	IS_AST_PARENT	
3260	3269	IS_AST_PARENT	
3259	3260	IS_AST_PARENT	
3258	3259	IS_AST_PARENT	
3270	3271	IS_AST_PARENT	
3274	3275	IS_AST_PARENT	
3273	3274	IS_AST_PARENT	
3277	3278	IS_AST_PARENT	
3276	3277	IS_AST_PARENT	
3279	3280	IS_AST_PARENT	
3276	3279	IS_AST_PARENT	
3281	3282	IS_AST_PARENT	
3276	3281	IS_AST_PARENT	
3283	3284	IS_AST_PARENT	
3276	3283	IS_AST_PARENT	
3273	3276	IS_AST_PARENT	
3272	3273	IS_AST_PARENT	
3270	3272	IS_AST_PARENT	
3287	3288	IS_AST_PARENT	
3286	3287	IS_AST_PARENT	
3286	3289	IS_AST_PARENT	
3285	3286	IS_AST_PARENT	
3270	3285	IS_AST_PARENT	
3258	3270	IS_AST_PARENT	
3256	3258	IS_AST_PARENT	
3242	3256	IS_AST_PARENT	
3233	3242	IS_AST_PARENT	
3294	3295	IS_AST_PARENT	
3296	3297	IS_AST_PARENT	
3296	3298	IS_AST_PARENT	
3294	3296	IS_AST_PARENT	
3293	3294	IS_AST_PARENT	
3292	3293	IS_AST_PARENT	
3292	3299	IS_AST_PARENT	
3304	3305	IS_AST_PARENT	
3303	3304	IS_AST_PARENT	
3307	3308	IS_AST_PARENT	
3306	3307	IS_AST_PARENT	
3309	3310	IS_AST_PARENT	
3306	3309	IS_AST_PARENT	
3311	3312	IS_AST_PARENT	
3306	3311	IS_AST_PARENT	
3303	3306	IS_AST_PARENT	
3302	3303	IS_AST_PARENT	
3301	3302	IS_AST_PARENT	
3301	3313	IS_AST_PARENT	
3300	3301	IS_AST_PARENT	
3292	3300	IS_AST_PARENT	
3291	3292	IS_AST_PARENT	
3291	3314	IS_AST_PARENT	
3290	3291	IS_AST_PARENT	
3315	3316	IS_AST_PARENT	
3290	3315	IS_AST_PARENT	
3233	3290	IS_AST_PARENT	
3321	3322	IS_AST_PARENT	
3323	3324	IS_AST_PARENT	
3323	3325	IS_AST_PARENT	
3321	3323	IS_AST_PARENT	
3320	3321	IS_AST_PARENT	
3319	3320	IS_AST_PARENT	
3319	3326	IS_AST_PARENT	
3331	3332	IS_AST_PARENT	
3330	3331	IS_AST_PARENT	
3334	3335	IS_AST_PARENT	
3333	3334	IS_AST_PARENT	
3336	3337	IS_AST_PARENT	
3333	3336	IS_AST_PARENT	
3338	3339	IS_AST_PARENT	
3333	3338	IS_AST_PARENT	
3330	3333	IS_AST_PARENT	
3329	3330	IS_AST_PARENT	
3328	3329	IS_AST_PARENT	
3328	3340	IS_AST_PARENT	
3327	3328	IS_AST_PARENT	
3319	3327	IS_AST_PARENT	
3318	3319	IS_AST_PARENT	
3318	3341	IS_AST_PARENT	
3317	3318	IS_AST_PARENT	
3342	3343	IS_AST_PARENT	
3317	3342	IS_AST_PARENT	
3233	3317	IS_AST_PARENT	
3349	3350	IS_AST_PARENT	
3351	3352	IS_AST_PARENT	
3351	3353	IS_AST_PARENT	
3349	3351	IS_AST_PARENT	
3348	3349	IS_AST_PARENT	
3354	3355	IS_AST_PARENT	
3356	3357	IS_AST_PARENT	
3356	3358	IS_AST_PARENT	
3354	3356	IS_AST_PARENT	
3348	3354	IS_AST_PARENT	
3347	3348	IS_AST_PARENT	
3346	3347	IS_AST_PARENT	
3346	3359	IS_AST_PARENT	
3364	3365	IS_AST_PARENT	
3363	3364	IS_AST_PARENT	
3367	3368	IS_AST_PARENT	
3366	3367	IS_AST_PARENT	
3369	3370	IS_AST_PARENT	
3366	3369	IS_AST_PARENT	
3371	3372	IS_AST_PARENT	
3366	3371	IS_AST_PARENT	
3363	3366	IS_AST_PARENT	
3362	3363	IS_AST_PARENT	
3361	3362	IS_AST_PARENT	
3361	3373	IS_AST_PARENT	
3360	3361	IS_AST_PARENT	
3346	3360	IS_AST_PARENT	
3345	3346	IS_AST_PARENT	
3345	3374	IS_AST_PARENT	
3344	3345	IS_AST_PARENT	
3375	3376	IS_AST_PARENT	
3344	3375	IS_AST_PARENT	
3233	3344	IS_AST_PARENT	
3379	3380	IS_AST_PARENT	
3378	3379	IS_AST_PARENT	
3382	3383	IS_AST_PARENT	
3381	3382	IS_AST_PARENT	
3384	3385	IS_AST_PARENT	
3381	3384	IS_AST_PARENT	
3387	3388	IS_AST_PARENT	
3387	3389	IS_AST_PARENT	
3386	3387	IS_AST_PARENT	
3381	3386	IS_AST_PARENT	
3391	3392	IS_AST_PARENT	
3391	3393	IS_AST_PARENT	
3390	3391	IS_AST_PARENT	
3381	3390	IS_AST_PARENT	
3378	3381	IS_AST_PARENT	
3377	3378	IS_AST_PARENT	
3233	3377	IS_AST_PARENT	
3396	3397	IS_AST_PARENT	
3396	3398	IS_AST_PARENT	
3395	3396	IS_AST_PARENT	
3399	3400	IS_AST_PARENT	
3399	3401	IS_AST_PARENT	
3395	3399	IS_AST_PARENT	
3394	3395	IS_AST_PARENT	
3233	3394	IS_AST_PARENT	
3404	3405	IS_AST_PARENT	
3404	3406	IS_AST_PARENT	
3403	3404	IS_AST_PARENT	
3407	3408	IS_AST_PARENT	
3407	3409	IS_AST_PARENT	
3403	3407	IS_AST_PARENT	
3402	3403	IS_AST_PARENT	
3233	3402	IS_AST_PARENT	
79	3233	IS_AST_PARENT	
79	3410	IS_AST_PARENT	
79	3411	IS_AST_PARENT	
79	3412	IS_AST_PARENT	
79	3413	IS_AST_PARENT	
79	3414	IS_AST_PARENT	
79	3415	IS_AST_PARENT	
79	3416	IS_AST_PARENT	
79	3417	IS_AST_PARENT	
79	3418	IS_AST_PARENT	
79	3419	IS_AST_PARENT	
79	3420	IS_AST_PARENT	
79	3421	IS_AST_PARENT	
79	3422	IS_AST_PARENT	
79	3423	IS_AST_PARENT	
79	3424	IS_AST_PARENT	
3427	3428	IS_AST_PARENT	
3427	3429	IS_AST_PARENT	
3426	3427	IS_AST_PARENT	
3425	3426	IS_AST_PARENT	
3434	3435	IS_AST_PARENT	
3436	3437	IS_AST_PARENT	
3436	3438	IS_AST_PARENT	
3434	3436	IS_AST_PARENT	
3433	3434	IS_AST_PARENT	
3432	3433	IS_AST_PARENT	
3432	3439	IS_AST_PARENT	
3444	3445	IS_AST_PARENT	
3443	3444	IS_AST_PARENT	
3447	3448	IS_AST_PARENT	
3446	3447	IS_AST_PARENT	
3449	3450	IS_AST_PARENT	
3446	3449	IS_AST_PARENT	
3451	3452	IS_AST_PARENT	
3446	3451	IS_AST_PARENT	
3443	3446	IS_AST_PARENT	
3442	3443	IS_AST_PARENT	
3441	3442	IS_AST_PARENT	
3441	3453	IS_AST_PARENT	
3440	3441	IS_AST_PARENT	
3432	3440	IS_AST_PARENT	
3431	3432	IS_AST_PARENT	
3431	3454	IS_AST_PARENT	
3430	3431	IS_AST_PARENT	
3455	3456	IS_AST_PARENT	
3430	3455	IS_AST_PARENT	
3425	3430	IS_AST_PARENT	
3461	3462	IS_AST_PARENT	
3463	3464	IS_AST_PARENT	
3463	3465	IS_AST_PARENT	
3461	3463	IS_AST_PARENT	
3460	3461	IS_AST_PARENT	
3459	3460	IS_AST_PARENT	
3459	3466	IS_AST_PARENT	
3471	3472	IS_AST_PARENT	
3470	3471	IS_AST_PARENT	
3474	3475	IS_AST_PARENT	
3473	3474	IS_AST_PARENT	
3476	3477	IS_AST_PARENT	
3473	3476	IS_AST_PARENT	
3478	3479	IS_AST_PARENT	
3473	3478	IS_AST_PARENT	
3470	3473	IS_AST_PARENT	
3469	3470	IS_AST_PARENT	
3468	3469	IS_AST_PARENT	
3468	3480	IS_AST_PARENT	
3467	3468	IS_AST_PARENT	
3459	3467	IS_AST_PARENT	
3458	3459	IS_AST_PARENT	
3458	3481	IS_AST_PARENT	
3457	3458	IS_AST_PARENT	
3482	3483	IS_AST_PARENT	
3457	3482	IS_AST_PARENT	
3425	3457	IS_AST_PARENT	
3488	3489	IS_AST_PARENT	
3490	3491	IS_AST_PARENT	
3490	3492	IS_AST_PARENT	
3488	3490	IS_AST_PARENT	
3487	3488	IS_AST_PARENT	
3486	3487	IS_AST_PARENT	
3486	3493	IS_AST_PARENT	
3498	3499	IS_AST_PARENT	
3497	3498	IS_AST_PARENT	
3501	3502	IS_AST_PARENT	
3500	3501	IS_AST_PARENT	
3503	3504	IS_AST_PARENT	
3500	3503	IS_AST_PARENT	
3505	3506	IS_AST_PARENT	
3500	3505	IS_AST_PARENT	
3497	3500	IS_AST_PARENT	
3496	3497	IS_AST_PARENT	
3495	3496	IS_AST_PARENT	
3495	3507	IS_AST_PARENT	
3494	3495	IS_AST_PARENT	
3486	3494	IS_AST_PARENT	
3485	3486	IS_AST_PARENT	
3485	3508	IS_AST_PARENT	
3484	3485	IS_AST_PARENT	
3509	3510	IS_AST_PARENT	
3484	3509	IS_AST_PARENT	
3425	3484	IS_AST_PARENT	
3513	3514	IS_AST_PARENT	
3515	3516	IS_AST_PARENT	
3515	3517	IS_AST_PARENT	
3513	3515	IS_AST_PARENT	
3512	3513	IS_AST_PARENT	
3511	3512	IS_AST_PARENT	
3518	3519	IS_AST_PARENT	
3511	3518	IS_AST_PARENT	
3520	3521	IS_AST_PARENT	
3522	3523	IS_AST_PARENT	
3522	3524	IS_AST_PARENT	
3520	3522	IS_AST_PARENT	
3511	3520	IS_AST_PARENT	
3529	3530	IS_AST_PARENT	
3529	3531	IS_AST_PARENT	
3528	3529	IS_AST_PARENT	
3528	3532	IS_AST_PARENT	
3527	3528	IS_AST_PARENT	
3526	3527	IS_AST_PARENT	
3533	3534	IS_AST_PARENT	
3526	3533	IS_AST_PARENT	
3525	3526	IS_AST_PARENT	
3511	3525	IS_AST_PARENT	
3425	3511	IS_AST_PARENT	
3537	3538	IS_AST_PARENT	
3539	3540	IS_AST_PARENT	
3539	3541	IS_AST_PARENT	
3537	3539	IS_AST_PARENT	
3536	3537	IS_AST_PARENT	
3535	3536	IS_AST_PARENT	
3545	3546	IS_AST_PARENT	
3544	3545	IS_AST_PARENT	
3548	3549	IS_AST_PARENT	
3547	3548	IS_AST_PARENT	
3550	3551	IS_AST_PARENT	
3547	3550	IS_AST_PARENT	
3552	3553	IS_AST_PARENT	
3547	3552	IS_AST_PARENT	
3554	3555	IS_AST_PARENT	
3547	3554	IS_AST_PARENT	
3544	3547	IS_AST_PARENT	
3543	3544	IS_AST_PARENT	
3542	3543	IS_AST_PARENT	
3542	3556	IS_AST_PARENT	
3535	3542	IS_AST_PARENT	
3425	3535	IS_AST_PARENT	
3559	3560	IS_AST_PARENT	
3558	3559	IS_AST_PARENT	
3562	3563	IS_AST_PARENT	
3561	3562	IS_AST_PARENT	
3565	3566	IS_AST_PARENT	
3565	3567	IS_AST_PARENT	
3564	3565	IS_AST_PARENT	
3561	3564	IS_AST_PARENT	
3568	3569	IS_AST_PARENT	
3561	3568	IS_AST_PARENT	
3558	3561	IS_AST_PARENT	
3557	3558	IS_AST_PARENT	
3425	3557	IS_AST_PARENT	
79	3425	IS_AST_PARENT	
79	3570	IS_AST_PARENT	
79	3571	IS_AST_PARENT	
79	3572	IS_AST_PARENT	
79	3573	IS_AST_PARENT	
79	3574	IS_AST_PARENT	
79	3575	IS_AST_PARENT	
79	3576	IS_AST_PARENT	
79	3577	IS_AST_PARENT	
79	3578	IS_AST_PARENT	
79	3579	IS_AST_PARENT	
79	3580	IS_AST_PARENT	
79	3581	IS_AST_PARENT	
79	3582	IS_AST_PARENT	
79	3583	IS_AST_PARENT	
79	3584	IS_AST_PARENT	
79	3585	IS_AST_PARENT	
79	3586	IS_AST_PARENT	
79	3587	IS_AST_PARENT	
79	3588	IS_AST_PARENT	
79	3589	IS_AST_PARENT	
79	3590	IS_AST_PARENT	
79	3591	IS_AST_PARENT	
79	3592	IS_AST_PARENT	
79	3593	IS_AST_PARENT	
79	3594	IS_AST_PARENT	
79	3595	IS_AST_PARENT	
3598	3599	IS_AST_PARENT	
3598	3600	IS_AST_PARENT	
3597	3598	IS_AST_PARENT	
3596	3597	IS_AST_PARENT	
3602	3603	IS_AST_PARENT	
3602	3604	IS_AST_PARENT	
3601	3602	IS_AST_PARENT	
3596	3601	IS_AST_PARENT	
3607	3608	IS_AST_PARENT	
3607	3609	IS_AST_PARENT	
3606	3607	IS_AST_PARENT	
3605	3606	IS_AST_PARENT	
3611	3612	IS_AST_PARENT	
3611	3613	IS_AST_PARENT	
3610	3611	IS_AST_PARENT	
3605	3610	IS_AST_PARENT	
3614	3615	IS_AST_PARENT	
3616	3617	IS_AST_PARENT	
3618	3619	IS_AST_PARENT	
3618	3620	IS_AST_PARENT	
3616	3618	IS_AST_PARENT	
3614	3616	IS_AST_PARENT	
3605	3614	IS_AST_PARENT	
3623	3624	IS_AST_PARENT	
3623	3625	IS_AST_PARENT	
3622	3623	IS_AST_PARENT	
3621	3622	IS_AST_PARENT	
3627	3628	IS_AST_PARENT	
3627	3629	IS_AST_PARENT	
3626	3627	IS_AST_PARENT	
3621	3626	IS_AST_PARENT	
3630	3631	IS_AST_PARENT	
3632	3633	IS_AST_PARENT	
3634	3635	IS_AST_PARENT	
3634	3636	IS_AST_PARENT	
3632	3634	IS_AST_PARENT	
3630	3632	IS_AST_PARENT	
3621	3630	IS_AST_PARENT	
3639	3640	IS_AST_PARENT	
3639	3641	IS_AST_PARENT	
3642	3643	IS_AST_PARENT	
3645	3646	IS_AST_PARENT	
3644	3645	IS_AST_PARENT	
3648	3649	IS_AST_PARENT	
3647	3648	IS_AST_PARENT	
3650	3651	IS_AST_PARENT	
3647	3650	IS_AST_PARENT	
3652	3653	IS_AST_PARENT	
3647	3652	IS_AST_PARENT	
3655	3656	IS_AST_PARENT	
3655	3657	IS_AST_PARENT	
3654	3655	IS_AST_PARENT	
3647	3654	IS_AST_PARENT	
3658	3659	IS_AST_PARENT	
3647	3658	IS_AST_PARENT	
3644	3647	IS_AST_PARENT	
3642	3644	IS_AST_PARENT	
3639	3642	IS_AST_PARENT	
3638	3639	IS_AST_PARENT	
3637	3638	IS_AST_PARENT	
3661	3662	IS_AST_PARENT	
3661	3663	IS_AST_PARENT	
3664	3665	IS_AST_PARENT	
3667	3668	IS_AST_PARENT	
3667	3669	IS_AST_PARENT	
3666	3667	IS_AST_PARENT	
3673	3674	IS_AST_PARENT	
3675	3676	IS_AST_PARENT	
3675	3677	IS_AST_PARENT	
3673	3675	IS_AST_PARENT	
3672	3673	IS_AST_PARENT	
3678	3679	IS_AST_PARENT	
3678	3680	IS_AST_PARENT	
3672	3678	IS_AST_PARENT	
3671	3672	IS_AST_PARENT	
3681	3682	IS_AST_PARENT	
3683	3684	IS_AST_PARENT	
3683	3685	IS_AST_PARENT	
3681	3683	IS_AST_PARENT	
3671	3681	IS_AST_PARENT	
3670	3671	IS_AST_PARENT	
3686	3687	IS_AST_PARENT	
3686	3688	IS_AST_PARENT	
3670	3686	IS_AST_PARENT	
3666	3670	IS_AST_PARENT	
3664	3666	IS_AST_PARENT	
3661	3664	IS_AST_PARENT	
3660	3661	IS_AST_PARENT	
3637	3660	IS_AST_PARENT	
3690	3691	IS_AST_PARENT	
3690	3692	IS_AST_PARENT	
3693	3694	IS_AST_PARENT	
3695	3696	IS_AST_PARENT	
3698	3699	IS_AST_PARENT	
3700	3701	IS_AST_PARENT	
3700	3702	IS_AST_PARENT	
3698	3700	IS_AST_PARENT	
3697	3698	IS_AST_PARENT	
3704	3705	IS_AST_PARENT	
3704	3706	IS_AST_PARENT	
3703	3704	IS_AST_PARENT	
3707	3708	IS_AST_PARENT	
3707	3709	IS_AST_PARENT	
3703	3707	IS_AST_PARENT	
3697	3703	IS_AST_PARENT	
3695	3697	IS_AST_PARENT	
3693	3695	IS_AST_PARENT	
3690	3693	IS_AST_PARENT	
3689	3690	IS_AST_PARENT	
3637	3689	IS_AST_PARENT	
3711	3712	IS_AST_PARENT	
3711	3713	IS_AST_PARENT	
3710	3711	IS_AST_PARENT	
3637	3710	IS_AST_PARENT	
3715	3716	IS_AST_PARENT	
3715	3717	IS_AST_PARENT	
3714	3715	IS_AST_PARENT	
3637	3714	IS_AST_PARENT	
3719	3720	IS_AST_PARENT	
3719	3721	IS_AST_PARENT	
3718	3719	IS_AST_PARENT	
3637	3718	IS_AST_PARENT	
3723	3724	IS_AST_PARENT	
3726	3727	IS_AST_PARENT	
3726	3728	IS_AST_PARENT	
3725	3726	IS_AST_PARENT	
3729	3730	IS_AST_PARENT	
3729	3731	IS_AST_PARENT	
3725	3729	IS_AST_PARENT	
3723	3725	IS_AST_PARENT	
3722	3723	IS_AST_PARENT	
3637	3722	IS_AST_PARENT	
3734	3735	IS_AST_PARENT	
3736	3737	IS_AST_PARENT	
3738	3739	IS_AST_PARENT	
3738	3740	IS_AST_PARENT	
3736	3738	IS_AST_PARENT	
3734	3736	IS_AST_PARENT	
3733	3734	IS_AST_PARENT	
3732	3733	IS_AST_PARENT	
3743	3744	IS_AST_PARENT	
3745	3746	IS_AST_PARENT	
3747	3748	IS_AST_PARENT	
3747	3749	IS_AST_PARENT	
3745	3747	IS_AST_PARENT	
3743	3745	IS_AST_PARENT	
3742	3743	IS_AST_PARENT	
3741	3742	IS_AST_PARENT	
3732	3741	IS_AST_PARENT	
3637	3732	IS_AST_PARENT	
3751	3752	IS_AST_PARENT	
3754	3755	IS_AST_PARENT	
3754	3756	IS_AST_PARENT	
3753	3754	IS_AST_PARENT	
3757	3758	IS_AST_PARENT	
3757	3759	IS_AST_PARENT	
3753	3757	IS_AST_PARENT	
3751	3753	IS_AST_PARENT	
3750	3751	IS_AST_PARENT	
3637	3750	IS_AST_PARENT	
3762	3763	IS_AST_PARENT	
3764	3765	IS_AST_PARENT	
3766	3767	IS_AST_PARENT	
3766	3768	IS_AST_PARENT	
3764	3766	IS_AST_PARENT	
3762	3764	IS_AST_PARENT	
3761	3762	IS_AST_PARENT	
3760	3761	IS_AST_PARENT	
3771	3772	IS_AST_PARENT	
3773	3774	IS_AST_PARENT	
3775	3776	IS_AST_PARENT	
3775	3777	IS_AST_PARENT	
3773	3775	IS_AST_PARENT	
3771	3773	IS_AST_PARENT	
3770	3771	IS_AST_PARENT	
3769	3770	IS_AST_PARENT	
3760	3769	IS_AST_PARENT	
3637	3760	IS_AST_PARENT	
3779	3780	IS_AST_PARENT	
3782	3783	IS_AST_PARENT	
3782	3784	IS_AST_PARENT	
3781	3782	IS_AST_PARENT	
3785	3786	IS_AST_PARENT	
3785	3787	IS_AST_PARENT	
3781	3785	IS_AST_PARENT	
3779	3781	IS_AST_PARENT	
3778	3779	IS_AST_PARENT	
3637	3778	IS_AST_PARENT	
3790	3791	IS_AST_PARENT	
3790	3792	IS_AST_PARENT	
3789	3790	IS_AST_PARENT	
3788	3789	IS_AST_PARENT	
3796	3797	IS_AST_PARENT	
3795	3796	IS_AST_PARENT	
3799	3800	IS_AST_PARENT	
3798	3799	IS_AST_PARENT	
3801	3802	IS_AST_PARENT	
3798	3801	IS_AST_PARENT	
3804	3805	IS_AST_PARENT	
3806	3807	IS_AST_PARENT	
3806	3808	IS_AST_PARENT	
3804	3806	IS_AST_PARENT	
3803	3804	IS_AST_PARENT	
3798	3803	IS_AST_PARENT	
3795	3798	IS_AST_PARENT	
3794	3795	IS_AST_PARENT	
3793	3794	IS_AST_PARENT	
3810	3811	IS_AST_PARENT	
3810	3812	IS_AST_PARENT	
3809	3810	IS_AST_PARENT	
3793	3809	IS_AST_PARENT	
3814	3815	IS_AST_PARENT	
3814	3816	IS_AST_PARENT	
3813	3814	IS_AST_PARENT	
3793	3813	IS_AST_PARENT	
3788	3793	IS_AST_PARENT	
3637	3788	IS_AST_PARENT	
3819	3820	IS_AST_PARENT	
3818	3819	IS_AST_PARENT	
3822	3823	IS_AST_PARENT	
3821	3822	IS_AST_PARENT	
3824	3825	IS_AST_PARENT	
3821	3824	IS_AST_PARENT	
3818	3821	IS_AST_PARENT	
3817	3818	IS_AST_PARENT	
3637	3817	IS_AST_PARENT	
3621	3637	IS_AST_PARENT	
3605	3621	IS_AST_PARENT	
3596	3605	IS_AST_PARENT	
79	3596	IS_AST_PARENT	
79	3826	IS_AST_PARENT	
79	3827	IS_AST_PARENT	
79	3828	IS_AST_PARENT	
79	3829	IS_AST_PARENT	
79	3830	IS_AST_PARENT	
79	3831	IS_AST_PARENT	
79	3832	IS_AST_PARENT	
79	3833	IS_AST_PARENT	
79	3834	IS_AST_PARENT	
79	3835	IS_AST_PARENT	
79	3836	IS_AST_PARENT	
79	3837	IS_AST_PARENT	
79	3838	IS_AST_PARENT	
79	3839	IS_AST_PARENT	
79	3840	IS_AST_PARENT	
79	3841	IS_AST_PARENT	
79	3842	IS_AST_PARENT	
79	3843	IS_AST_PARENT	
79	3844	IS_AST_PARENT	
79	3845	IS_AST_PARENT	
79	3846	IS_AST_PARENT	
79	3847	IS_AST_PARENT	
79	3848	IS_AST_PARENT	
79	3849	IS_AST_PARENT	
79	3850	IS_AST_PARENT	
79	3851	IS_AST_PARENT	
79	3852	IS_AST_PARENT	
3855	3856	IS_AST_PARENT	
3855	3857	IS_AST_PARENT	
3854	3855	IS_AST_PARENT	
3853	3854	IS_AST_PARENT	
3859	3860	IS_AST_PARENT	
3859	3861	IS_AST_PARENT	
3858	3859	IS_AST_PARENT	
3853	3858	IS_AST_PARENT	
3864	3865	IS_AST_PARENT	
3864	3866	IS_AST_PARENT	
3863	3864	IS_AST_PARENT	
3862	3863	IS_AST_PARENT	
3868	3869	IS_AST_PARENT	
3868	3870	IS_AST_PARENT	
3867	3868	IS_AST_PARENT	
3862	3867	IS_AST_PARENT	
3871	3872	IS_AST_PARENT	
3873	3874	IS_AST_PARENT	
3875	3876	IS_AST_PARENT	
3875	3877	IS_AST_PARENT	
3873	3875	IS_AST_PARENT	
3871	3873	IS_AST_PARENT	
3862	3871	IS_AST_PARENT	
3880	3881	IS_AST_PARENT	
3880	3882	IS_AST_PARENT	
3879	3880	IS_AST_PARENT	
3878	3879	IS_AST_PARENT	
3884	3885	IS_AST_PARENT	
3884	3886	IS_AST_PARENT	
3883	3884	IS_AST_PARENT	
3878	3883	IS_AST_PARENT	
3887	3888	IS_AST_PARENT	
3889	3890	IS_AST_PARENT	
3891	3892	IS_AST_PARENT	
3891	3893	IS_AST_PARENT	
3889	3891	IS_AST_PARENT	
3887	3889	IS_AST_PARENT	
3878	3887	IS_AST_PARENT	
3896	3897	IS_AST_PARENT	
3896	3898	IS_AST_PARENT	
3899	3900	IS_AST_PARENT	
3902	3903	IS_AST_PARENT	
3901	3902	IS_AST_PARENT	
3905	3906	IS_AST_PARENT	
3904	3905	IS_AST_PARENT	
3907	3908	IS_AST_PARENT	
3904	3907	IS_AST_PARENT	
3909	3910	IS_AST_PARENT	
3904	3909	IS_AST_PARENT	
3912	3913	IS_AST_PARENT	
3912	3914	IS_AST_PARENT	
3911	3912	IS_AST_PARENT	
3904	3911	IS_AST_PARENT	
3916	3917	IS_AST_PARENT	
3916	3918	IS_AST_PARENT	
3915	3916	IS_AST_PARENT	
3904	3915	IS_AST_PARENT	
3901	3904	IS_AST_PARENT	
3899	3901	IS_AST_PARENT	
3896	3899	IS_AST_PARENT	
3895	3896	IS_AST_PARENT	
3894	3895	IS_AST_PARENT	
3920	3921	IS_AST_PARENT	
3920	3922	IS_AST_PARENT	
3923	3924	IS_AST_PARENT	
3925	3926	IS_AST_PARENT	
3928	3929	IS_AST_PARENT	
3930	3931	IS_AST_PARENT	
3930	3932	IS_AST_PARENT	
3928	3930	IS_AST_PARENT	
3927	3928	IS_AST_PARENT	
3934	3935	IS_AST_PARENT	
3934	3936	IS_AST_PARENT	
3933	3934	IS_AST_PARENT	
3937	3938	IS_AST_PARENT	
3937	3939	IS_AST_PARENT	
3933	3937	IS_AST_PARENT	
3927	3933	IS_AST_PARENT	
3925	3927	IS_AST_PARENT	
3923	3925	IS_AST_PARENT	
3920	3923	IS_AST_PARENT	
3919	3920	IS_AST_PARENT	
3894	3919	IS_AST_PARENT	
3941	3942	IS_AST_PARENT	
3941	3943	IS_AST_PARENT	
3944	3945	IS_AST_PARENT	
3947	3948	IS_AST_PARENT	
3947	3949	IS_AST_PARENT	
3946	3947	IS_AST_PARENT	
3953	3954	IS_AST_PARENT	
3955	3956	IS_AST_PARENT	
3955	3957	IS_AST_PARENT	
3953	3955	IS_AST_PARENT	
3952	3953	IS_AST_PARENT	
3958	3959	IS_AST_PARENT	
3958	3960	IS_AST_PARENT	
3952	3958	IS_AST_PARENT	
3951	3952	IS_AST_PARENT	
3961	3962	IS_AST_PARENT	
3963	3964	IS_AST_PARENT	
3963	3965	IS_AST_PARENT	
3961	3963	IS_AST_PARENT	
3951	3961	IS_AST_PARENT	
3950	3951	IS_AST_PARENT	
3966	3967	IS_AST_PARENT	
3966	3968	IS_AST_PARENT	
3950	3966	IS_AST_PARENT	
3946	3950	IS_AST_PARENT	
3944	3946	IS_AST_PARENT	
3941	3944	IS_AST_PARENT	
3940	3941	IS_AST_PARENT	
3894	3940	IS_AST_PARENT	
3970	3971	IS_AST_PARENT	
3970	3972	IS_AST_PARENT	
3969	3970	IS_AST_PARENT	
3894	3969	IS_AST_PARENT	
3974	3975	IS_AST_PARENT	
3974	3976	IS_AST_PARENT	
3973	3974	IS_AST_PARENT	
3894	3973	IS_AST_PARENT	
3978	3979	IS_AST_PARENT	
3978	3980	IS_AST_PARENT	
3977	3978	IS_AST_PARENT	
3894	3977	IS_AST_PARENT	
3982	3983	IS_AST_PARENT	
3985	3986	IS_AST_PARENT	
3985	3987	IS_AST_PARENT	
3984	3985	IS_AST_PARENT	
3988	3989	IS_AST_PARENT	
3988	3990	IS_AST_PARENT	
3984	3988	IS_AST_PARENT	
3982	3984	IS_AST_PARENT	
3981	3982	IS_AST_PARENT	
3894	3981	IS_AST_PARENT	
3993	3994	IS_AST_PARENT	
3995	3996	IS_AST_PARENT	
3997	3998	IS_AST_PARENT	
3997	3999	IS_AST_PARENT	
3995	3997	IS_AST_PARENT	
3993	3995	IS_AST_PARENT	
3992	3993	IS_AST_PARENT	
3991	3992	IS_AST_PARENT	
4002	4003	IS_AST_PARENT	
4004	4005	IS_AST_PARENT	
4006	4007	IS_AST_PARENT	
4006	4008	IS_AST_PARENT	
4004	4006	IS_AST_PARENT	
4002	4004	IS_AST_PARENT	
4001	4002	IS_AST_PARENT	
4000	4001	IS_AST_PARENT	
3991	4000	IS_AST_PARENT	
3894	3991	IS_AST_PARENT	
4010	4011	IS_AST_PARENT	
4013	4014	IS_AST_PARENT	
4013	4015	IS_AST_PARENT	
4012	4013	IS_AST_PARENT	
4016	4017	IS_AST_PARENT	
4016	4018	IS_AST_PARENT	
4012	4016	IS_AST_PARENT	
4010	4012	IS_AST_PARENT	
4009	4010	IS_AST_PARENT	
3894	4009	IS_AST_PARENT	
4021	4022	IS_AST_PARENT	
4023	4024	IS_AST_PARENT	
4025	4026	IS_AST_PARENT	
4025	4027	IS_AST_PARENT	
4023	4025	IS_AST_PARENT	
4021	4023	IS_AST_PARENT	
4020	4021	IS_AST_PARENT	
4019	4020	IS_AST_PARENT	
4030	4031	IS_AST_PARENT	
4032	4033	IS_AST_PARENT	
4034	4035	IS_AST_PARENT	
4034	4036	IS_AST_PARENT	
4032	4034	IS_AST_PARENT	
4030	4032	IS_AST_PARENT	
4029	4030	IS_AST_PARENT	
4028	4029	IS_AST_PARENT	
4019	4028	IS_AST_PARENT	
3894	4019	IS_AST_PARENT	
4038	4039	IS_AST_PARENT	
4041	4042	IS_AST_PARENT	
4041	4043	IS_AST_PARENT	
4040	4041	IS_AST_PARENT	
4044	4045	IS_AST_PARENT	
4044	4046	IS_AST_PARENT	
4040	4044	IS_AST_PARENT	
4038	4040	IS_AST_PARENT	
4037	4038	IS_AST_PARENT	
3894	4037	IS_AST_PARENT	
4049	4050	IS_AST_PARENT	
4049	4051	IS_AST_PARENT	
4048	4049	IS_AST_PARENT	
4047	4048	IS_AST_PARENT	
4055	4056	IS_AST_PARENT	
4054	4055	IS_AST_PARENT	
4058	4059	IS_AST_PARENT	
4057	4058	IS_AST_PARENT	
4060	4061	IS_AST_PARENT	
4057	4060	IS_AST_PARENT	
4063	4064	IS_AST_PARENT	
4065	4066	IS_AST_PARENT	
4065	4067	IS_AST_PARENT	
4063	4065	IS_AST_PARENT	
4062	4063	IS_AST_PARENT	
4057	4062	IS_AST_PARENT	
4054	4057	IS_AST_PARENT	
4053	4054	IS_AST_PARENT	
4052	4053	IS_AST_PARENT	
4069	4070	IS_AST_PARENT	
4069	4071	IS_AST_PARENT	
4068	4069	IS_AST_PARENT	
4052	4068	IS_AST_PARENT	
4073	4074	IS_AST_PARENT	
4073	4075	IS_AST_PARENT	
4072	4073	IS_AST_PARENT	
4052	4072	IS_AST_PARENT	
4047	4052	IS_AST_PARENT	
3894	4047	IS_AST_PARENT	
4078	4079	IS_AST_PARENT	
4077	4078	IS_AST_PARENT	
4081	4082	IS_AST_PARENT	
4080	4081	IS_AST_PARENT	
4084	4085	IS_AST_PARENT	
4084	4086	IS_AST_PARENT	
4083	4084	IS_AST_PARENT	
4080	4083	IS_AST_PARENT	
4077	4080	IS_AST_PARENT	
4076	4077	IS_AST_PARENT	
3894	4076	IS_AST_PARENT	
3878	3894	IS_AST_PARENT	
3862	3878	IS_AST_PARENT	
3853	3862	IS_AST_PARENT	
79	3853	IS_AST_PARENT	
79	4087	IS_AST_PARENT	
79	4088	IS_AST_PARENT	
79	4089	IS_AST_PARENT	
79	4090	IS_AST_PARENT	
79	4091	IS_AST_PARENT	
79	4092	IS_AST_PARENT	
79	4093	IS_AST_PARENT	
79	4094	IS_AST_PARENT	
79	4095	IS_AST_PARENT	
79	4096	IS_AST_PARENT	
79	4097	IS_AST_PARENT	
79	4098	IS_AST_PARENT	
79	4099	IS_AST_PARENT	
79	4100	IS_AST_PARENT	
79	4101	IS_AST_PARENT	
79	4102	IS_AST_PARENT	
79	4103	IS_AST_PARENT	
4106	4107	IS_AST_PARENT	
4106	4108	IS_AST_PARENT	
4109	4110	IS_AST_PARENT	
4112	4113	IS_AST_PARENT	
4111	4112	IS_AST_PARENT	
4115	4116	IS_AST_PARENT	
4114	4115	IS_AST_PARENT	
4117	4118	IS_AST_PARENT	
4114	4117	IS_AST_PARENT	
4119	4120	IS_AST_PARENT	
4114	4119	IS_AST_PARENT	
4111	4114	IS_AST_PARENT	
4109	4111	IS_AST_PARENT	
4106	4109	IS_AST_PARENT	
4105	4106	IS_AST_PARENT	
4104	4105	IS_AST_PARENT	
4123	4124	IS_AST_PARENT	
4123	4125	IS_AST_PARENT	
4122	4123	IS_AST_PARENT	
4121	4122	IS_AST_PARENT	
4126	4127	IS_AST_PARENT	
4121	4126	IS_AST_PARENT	
4104	4121	IS_AST_PARENT	
4130	4131	IS_AST_PARENT	
4132	4133	IS_AST_PARENT	
4132	4134	IS_AST_PARENT	
4130	4132	IS_AST_PARENT	
4129	4130	IS_AST_PARENT	
4128	4129	IS_AST_PARENT	
4137	4138	IS_AST_PARENT	
4137	4139	IS_AST_PARENT	
4136	4137	IS_AST_PARENT	
4135	4136	IS_AST_PARENT	
4142	4143	IS_AST_PARENT	
4142	4144	IS_AST_PARENT	
4141	4142	IS_AST_PARENT	
4140	4141	IS_AST_PARENT	
4148	4149	IS_AST_PARENT	
4147	4148	IS_AST_PARENT	
4152	4153	IS_AST_PARENT	
4152	4154	IS_AST_PARENT	
4151	4152	IS_AST_PARENT	
4150	4151	IS_AST_PARENT	
4155	4156	IS_AST_PARENT	
4150	4155	IS_AST_PARENT	
4147	4150	IS_AST_PARENT	
4146	4147	IS_AST_PARENT	
4145	4146	IS_AST_PARENT	
4140	4145	IS_AST_PARENT	
4135	4140	IS_AST_PARENT	
4159	4160	IS_AST_PARENT	
4159	4161	IS_AST_PARENT	
4158	4159	IS_AST_PARENT	
4162	4163	IS_AST_PARENT	
4162	4164	IS_AST_PARENT	
4158	4162	IS_AST_PARENT	
4157	4158	IS_AST_PARENT	
4135	4157	IS_AST_PARENT	
4167	4168	IS_AST_PARENT	
4167	4169	IS_AST_PARENT	
4166	4167	IS_AST_PARENT	
4170	4171	IS_AST_PARENT	
4170	4172	IS_AST_PARENT	
4166	4170	IS_AST_PARENT	
4165	4166	IS_AST_PARENT	
4135	4165	IS_AST_PARENT	
4174	4175	IS_AST_PARENT	
4177	4178	IS_AST_PARENT	
4176	4177	IS_AST_PARENT	
4180	4181	IS_AST_PARENT	
4179	4180	IS_AST_PARENT	
4182	4183	IS_AST_PARENT	
4179	4182	IS_AST_PARENT	
4185	4186	IS_AST_PARENT	
4185	4187	IS_AST_PARENT	
4184	4185	IS_AST_PARENT	
4179	4184	IS_AST_PARENT	
4188	4189	IS_AST_PARENT	
4179	4188	IS_AST_PARENT	
4176	4179	IS_AST_PARENT	
4174	4176	IS_AST_PARENT	
4173	4174	IS_AST_PARENT	
4135	4173	IS_AST_PARENT	
4192	4193	IS_AST_PARENT	
4192	4194	IS_AST_PARENT	
4191	4192	IS_AST_PARENT	
4191	4195	IS_AST_PARENT	
4190	4191	IS_AST_PARENT	
4135	4190	IS_AST_PARENT	
4198	4199	IS_AST_PARENT	
4198	4200	IS_AST_PARENT	
4197	4198	IS_AST_PARENT	
4197	4201	IS_AST_PARENT	
4196	4197	IS_AST_PARENT	
4135	4196	IS_AST_PARENT	
4128	4135	IS_AST_PARENT	
4104	4128	IS_AST_PARENT	
4204	4205	IS_AST_PARENT	
4204	4206	IS_AST_PARENT	
4207	4208	IS_AST_PARENT	
4211	4212	IS_AST_PARENT	
4211	4213	IS_AST_PARENT	
4210	4211	IS_AST_PARENT	
4210	4214	IS_AST_PARENT	
4209	4210	IS_AST_PARENT	
4218	4219	IS_AST_PARENT	
4220	4221	IS_AST_PARENT	
4220	4222	IS_AST_PARENT	
4218	4220	IS_AST_PARENT	
4217	4218	IS_AST_PARENT	
4224	4225	IS_AST_PARENT	
4224	4226	IS_AST_PARENT	
4223	4224	IS_AST_PARENT	
4223	4227	IS_AST_PARENT	
4217	4223	IS_AST_PARENT	
4216	4217	IS_AST_PARENT	
4228	4229	IS_AST_PARENT	
4230	4231	IS_AST_PARENT	
4230	4232	IS_AST_PARENT	
4228	4230	IS_AST_PARENT	
4216	4228	IS_AST_PARENT	
4215	4216	IS_AST_PARENT	
4234	4235	IS_AST_PARENT	
4234	4236	IS_AST_PARENT	
4233	4234	IS_AST_PARENT	
4233	4237	IS_AST_PARENT	
4215	4233	IS_AST_PARENT	
4209	4215	IS_AST_PARENT	
4207	4209	IS_AST_PARENT	
4204	4207	IS_AST_PARENT	
4203	4204	IS_AST_PARENT	
4202	4203	IS_AST_PARENT	
4240	4241	IS_AST_PARENT	
4240	4242	IS_AST_PARENT	
4239	4240	IS_AST_PARENT	
4238	4239	IS_AST_PARENT	
4243	4244	IS_AST_PARENT	
4247	4248	IS_AST_PARENT	
4249	4250	IS_AST_PARENT	
4249	4251	IS_AST_PARENT	
4247	4249	IS_AST_PARENT	
4246	4247	IS_AST_PARENT	
4252	4253	IS_AST_PARENT	
4254	4255	IS_AST_PARENT	
4254	4256	IS_AST_PARENT	
4252	4254	IS_AST_PARENT	
4246	4252	IS_AST_PARENT	
4245	4246	IS_AST_PARENT	
4243	4245	IS_AST_PARENT	
4243	4257	IS_AST_PARENT	
4260	4261	IS_AST_PARENT	
4262	4263	IS_AST_PARENT	
4262	4264	IS_AST_PARENT	
4260	4262	IS_AST_PARENT	
4259	4260	IS_AST_PARENT	
4265	4266	IS_AST_PARENT	
4267	4268	IS_AST_PARENT	
4267	4269	IS_AST_PARENT	
4265	4267	IS_AST_PARENT	
4259	4265	IS_AST_PARENT	
4258	4259	IS_AST_PARENT	
4243	4258	IS_AST_PARENT	
4243	4270	IS_AST_PARENT	
4273	4274	IS_AST_PARENT	
4275	4276	IS_AST_PARENT	
4275	4277	IS_AST_PARENT	
4273	4275	IS_AST_PARENT	
4272	4273	IS_AST_PARENT	
4278	4279	IS_AST_PARENT	
4280	4281	IS_AST_PARENT	
4280	4282	IS_AST_PARENT	
4278	4280	IS_AST_PARENT	
4272	4278	IS_AST_PARENT	
4271	4272	IS_AST_PARENT	
4243	4271	IS_AST_PARENT	
4243	4283	IS_AST_PARENT	
4286	4287	IS_AST_PARENT	
4288	4289	IS_AST_PARENT	
4288	4290	IS_AST_PARENT	
4286	4288	IS_AST_PARENT	
4285	4286	IS_AST_PARENT	
4291	4292	IS_AST_PARENT	
4293	4294	IS_AST_PARENT	
4293	4295	IS_AST_PARENT	
4291	4293	IS_AST_PARENT	
4285	4291	IS_AST_PARENT	
4284	4285	IS_AST_PARENT	
4243	4284	IS_AST_PARENT	
4238	4243	IS_AST_PARENT	
4202	4238	IS_AST_PARENT	
4104	4202	IS_AST_PARENT	
79	4104	IS_AST_PARENT	
79	4296	IS_AST_PARENT	
79	4297	IS_AST_PARENT	
79	4298	IS_AST_PARENT	
79	4299	IS_AST_PARENT	
79	4300	IS_AST_PARENT	
79	4301	IS_AST_PARENT	
79	4302	IS_AST_PARENT	
79	4303	IS_AST_PARENT	
79	4304	IS_AST_PARENT	
79	4305	IS_AST_PARENT	
79	4306	IS_AST_PARENT	
79	4307	IS_AST_PARENT	
79	4308	IS_AST_PARENT	
79	4309	IS_AST_PARENT	
79	4310	IS_AST_PARENT	
79	4311	IS_AST_PARENT	
79	4312	IS_AST_PARENT	
79	4313	IS_AST_PARENT	
4316	4317	IS_AST_PARENT	
4316	4318	IS_AST_PARENT	
4319	4320	IS_AST_PARENT	
4322	4323	IS_AST_PARENT	
4321	4322	IS_AST_PARENT	
4325	4326	IS_AST_PARENT	
4324	4325	IS_AST_PARENT	
4327	4328	IS_AST_PARENT	
4324	4327	IS_AST_PARENT	
4329	4330	IS_AST_PARENT	
4324	4329	IS_AST_PARENT	
4332	4333	IS_AST_PARENT	
4332	4334	IS_AST_PARENT	
4331	4332	IS_AST_PARENT	
4324	4331	IS_AST_PARENT	
4336	4337	IS_AST_PARENT	
4336	4338	IS_AST_PARENT	
4335	4336	IS_AST_PARENT	
4324	4335	IS_AST_PARENT	
4321	4324	IS_AST_PARENT	
4319	4321	IS_AST_PARENT	
4316	4319	IS_AST_PARENT	
4315	4316	IS_AST_PARENT	
4314	4315	IS_AST_PARENT	
4340	4341	IS_AST_PARENT	
4340	4342	IS_AST_PARENT	
4343	4344	IS_AST_PARENT	
4346	4347	IS_AST_PARENT	
4346	4348	IS_AST_PARENT	
4345	4346	IS_AST_PARENT	
4352	4353	IS_AST_PARENT	
4354	4355	IS_AST_PARENT	
4354	4356	IS_AST_PARENT	
4352	4354	IS_AST_PARENT	
4351	4352	IS_AST_PARENT	
4357	4358	IS_AST_PARENT	
4357	4359	IS_AST_PARENT	
4351	4357	IS_AST_PARENT	
4350	4351	IS_AST_PARENT	
4360	4361	IS_AST_PARENT	
4362	4363	IS_AST_PARENT	
4362	4364	IS_AST_PARENT	
4360	4362	IS_AST_PARENT	
4350	4360	IS_AST_PARENT	
4349	4350	IS_AST_PARENT	
4365	4366	IS_AST_PARENT	
4365	4367	IS_AST_PARENT	
4349	4365	IS_AST_PARENT	
4345	4349	IS_AST_PARENT	
4343	4345	IS_AST_PARENT	
4340	4343	IS_AST_PARENT	
4339	4340	IS_AST_PARENT	
4314	4339	IS_AST_PARENT	
4370	4371	IS_AST_PARENT	
4370	4372	IS_AST_PARENT	
4369	4370	IS_AST_PARENT	
4368	4369	IS_AST_PARENT	
4373	4374	IS_AST_PARENT	
4377	4378	IS_AST_PARENT	
4379	4380	IS_AST_PARENT	
4379	4381	IS_AST_PARENT	
4377	4379	IS_AST_PARENT	
4376	4377	IS_AST_PARENT	
4382	4383	IS_AST_PARENT	
4384	4385	IS_AST_PARENT	
4384	4386	IS_AST_PARENT	
4382	4384	IS_AST_PARENT	
4376	4382	IS_AST_PARENT	
4375	4376	IS_AST_PARENT	
4373	4375	IS_AST_PARENT	
4373	4387	IS_AST_PARENT	
4390	4391	IS_AST_PARENT	
4392	4393	IS_AST_PARENT	
4392	4394	IS_AST_PARENT	
4390	4392	IS_AST_PARENT	
4389	4390	IS_AST_PARENT	
4395	4396	IS_AST_PARENT	
4397	4398	IS_AST_PARENT	
4397	4399	IS_AST_PARENT	
4395	4397	IS_AST_PARENT	
4389	4395	IS_AST_PARENT	
4388	4389	IS_AST_PARENT	
4373	4388	IS_AST_PARENT	
4373	4400	IS_AST_PARENT	
4403	4404	IS_AST_PARENT	
4405	4406	IS_AST_PARENT	
4405	4407	IS_AST_PARENT	
4403	4405	IS_AST_PARENT	
4402	4403	IS_AST_PARENT	
4408	4409	IS_AST_PARENT	
4410	4411	IS_AST_PARENT	
4410	4412	IS_AST_PARENT	
4408	4410	IS_AST_PARENT	
4402	4408	IS_AST_PARENT	
4401	4402	IS_AST_PARENT	
4373	4401	IS_AST_PARENT	
4373	4413	IS_AST_PARENT	
4416	4417	IS_AST_PARENT	
4418	4419	IS_AST_PARENT	
4418	4420	IS_AST_PARENT	
4416	4418	IS_AST_PARENT	
4415	4416	IS_AST_PARENT	
4421	4422	IS_AST_PARENT	
4423	4424	IS_AST_PARENT	
4423	4425	IS_AST_PARENT	
4421	4423	IS_AST_PARENT	
4415	4421	IS_AST_PARENT	
4414	4415	IS_AST_PARENT	
4373	4414	IS_AST_PARENT	
4368	4373	IS_AST_PARENT	
4314	4368	IS_AST_PARENT	
4428	4429	IS_AST_PARENT	
4427	4428	IS_AST_PARENT	
4431	4432	IS_AST_PARENT	
4430	4431	IS_AST_PARENT	
4434	4435	IS_AST_PARENT	
4434	4436	IS_AST_PARENT	
4433	4434	IS_AST_PARENT	
4430	4433	IS_AST_PARENT	
4427	4430	IS_AST_PARENT	
4426	4427	IS_AST_PARENT	
4314	4426	IS_AST_PARENT	
79	4314	IS_AST_PARENT	
79	4437	IS_AST_PARENT	
79	4438	IS_AST_PARENT	
79	4439	IS_AST_PARENT	
79	4440	IS_AST_PARENT	
79	4441	IS_AST_PARENT	
79	4442	IS_AST_PARENT	
79	4443	IS_AST_PARENT	
4446	4447	IS_AST_PARENT	
4446	4448	IS_AST_PARENT	
4449	4450	IS_AST_PARENT	
4449	4451	IS_AST_PARENT	
4446	4449	IS_AST_PARENT	
4445	4446	IS_AST_PARENT	
4444	4445	IS_AST_PARENT	
4453	4454	IS_AST_PARENT	
4453	4455	IS_AST_PARENT	
4456	4457	IS_AST_PARENT	
4456	4458	IS_AST_PARENT	
4453	4456	IS_AST_PARENT	
4452	4453	IS_AST_PARENT	
4444	4452	IS_AST_PARENT	
4460	4461	IS_AST_PARENT	
4460	4462	IS_AST_PARENT	
4463	4464	IS_AST_PARENT	
4463	4465	IS_AST_PARENT	
4460	4463	IS_AST_PARENT	
4459	4460	IS_AST_PARENT	
4444	4459	IS_AST_PARENT	
4467	4468	IS_AST_PARENT	
4467	4469	IS_AST_PARENT	
4466	4467	IS_AST_PARENT	
4444	4466	IS_AST_PARENT	
4471	4472	IS_AST_PARENT	
4471	4473	IS_AST_PARENT	
4471	4474	IS_AST_PARENT	
4475	4476	IS_AST_PARENT	
4477	4478	IS_AST_PARENT	
4475	4477	IS_AST_PARENT	
4471	4475	IS_AST_PARENT	
4470	4471	IS_AST_PARENT	
4444	4470	IS_AST_PARENT	
4480	4481	IS_AST_PARENT	
4480	4482	IS_AST_PARENT	
4483	4484	IS_AST_PARENT	
4483	4485	IS_AST_PARENT	
4480	4483	IS_AST_PARENT	
4479	4480	IS_AST_PARENT	
4444	4479	IS_AST_PARENT	
4487	4488	IS_AST_PARENT	
4487	4489	IS_AST_PARENT	
4486	4487	IS_AST_PARENT	
4444	4486	IS_AST_PARENT	
4491	4492	IS_AST_PARENT	
4491	4493	IS_AST_PARENT	
4490	4491	IS_AST_PARENT	
4444	4490	IS_AST_PARENT	
4444	4494	IS_AST_PARENT	
4497	4498	IS_AST_PARENT	
4497	4499	IS_AST_PARENT	
4496	4497	IS_AST_PARENT	
4495	4496	IS_AST_PARENT	
4500	4501	IS_AST_PARENT	
4504	4505	IS_AST_PARENT	
4504	4506	IS_AST_PARENT	
4503	4504	IS_AST_PARENT	
4503	4507	IS_AST_PARENT	
4502	4503	IS_AST_PARENT	
4500	4502	IS_AST_PARENT	
4509	4510	IS_AST_PARENT	
4509	4511	IS_AST_PARENT	
4508	4509	IS_AST_PARENT	
4500	4508	IS_AST_PARENT	
4513	4514	IS_AST_PARENT	
4515	4516	IS_AST_PARENT	
4515	4517	IS_AST_PARENT	
4513	4515	IS_AST_PARENT	
4512	4513	IS_AST_PARENT	
4500	4512	IS_AST_PARENT	
4519	4520	IS_AST_PARENT	
4521	4522	IS_AST_PARENT	
4521	4523	IS_AST_PARENT	
4519	4521	IS_AST_PARENT	
4518	4519	IS_AST_PARENT	
4500	4518	IS_AST_PARENT	
4526	4527	IS_AST_PARENT	
4528	4529	IS_AST_PARENT	
4530	4531	IS_AST_PARENT	
4530	4532	IS_AST_PARENT	
4528	4530	IS_AST_PARENT	
4526	4528	IS_AST_PARENT	
4525	4526	IS_AST_PARENT	
4525	4533	IS_AST_PARENT	
4524	4525	IS_AST_PARENT	
4500	4524	IS_AST_PARENT	
4535	4536	IS_AST_PARENT	
4537	4538	IS_AST_PARENT	
4539	4540	IS_AST_PARENT	
4541	4542	IS_AST_PARENT	
4541	4543	IS_AST_PARENT	
4539	4541	IS_AST_PARENT	
4537	4539	IS_AST_PARENT	
4535	4537	IS_AST_PARENT	
4534	4535	IS_AST_PARENT	
4500	4534	IS_AST_PARENT	
4546	4547	IS_AST_PARENT	
4545	4546	IS_AST_PARENT	
4549	4550	IS_AST_PARENT	
4548	4549	IS_AST_PARENT	
4545	4548	IS_AST_PARENT	
4544	4545	IS_AST_PARENT	
4500	4544	IS_AST_PARENT	
4495	4500	IS_AST_PARENT	
4444	4495	IS_AST_PARENT	
79	4444	IS_AST_PARENT	
79	4551	IS_AST_PARENT	
79	4552	IS_AST_PARENT	
79	4553	IS_AST_PARENT	
79	4554	IS_AST_PARENT	
79	4555	IS_AST_PARENT	
79	4556	IS_AST_PARENT	
79	4557	IS_AST_PARENT	
79	4558	IS_AST_PARENT	
4561	4562	IS_AST_PARENT	
4561	4563	IS_AST_PARENT	
4560	4561	IS_AST_PARENT	
4559	4560	IS_AST_PARENT	
4559	4564	IS_AST_PARENT	
4567	4568	IS_AST_PARENT	
4566	4567	IS_AST_PARENT	
4570	4571	IS_AST_PARENT	
4569	4570	IS_AST_PARENT	
4566	4569	IS_AST_PARENT	
4565	4566	IS_AST_PARENT	
4559	4565	IS_AST_PARENT	
79	4559	IS_AST_PARENT	
79	4572	IS_AST_PARENT	
79	4573	IS_AST_PARENT	
79	4574	IS_AST_PARENT	
79	4575	IS_AST_PARENT	
79	4576	IS_AST_PARENT	
79	4577	IS_AST_PARENT	
79	4578	IS_AST_PARENT	
79	4579	IS_AST_PARENT	
4582	4583	IS_AST_PARENT	
4582	4584	IS_AST_PARENT	
4581	4582	IS_AST_PARENT	
4580	4581	IS_AST_PARENT	
4580	4585	IS_AST_PARENT	
4588	4589	IS_AST_PARENT	
4587	4588	IS_AST_PARENT	
4591	4592	IS_AST_PARENT	
4590	4591	IS_AST_PARENT	
4587	4590	IS_AST_PARENT	
4586	4587	IS_AST_PARENT	
4580	4586	IS_AST_PARENT	
79	4580	IS_AST_PARENT	
79	4593	IS_AST_PARENT	
79	4594	IS_AST_PARENT	
79	4595	IS_AST_PARENT	
79	4596	IS_AST_PARENT	
79	4597	IS_AST_PARENT	
79	4598	IS_AST_PARENT	
79	4599	IS_AST_PARENT	
79	4600	IS_AST_PARENT	
4603	4604	IS_AST_PARENT	
4603	4605	IS_AST_PARENT	
4602	4603	IS_AST_PARENT	
4601	4602	IS_AST_PARENT	
4601	4606	IS_AST_PARENT	
4609	4610	IS_AST_PARENT	
4608	4609	IS_AST_PARENT	
4612	4613	IS_AST_PARENT	
4611	4612	IS_AST_PARENT	
4608	4611	IS_AST_PARENT	
4607	4608	IS_AST_PARENT	
4601	4607	IS_AST_PARENT	
79	4601	IS_AST_PARENT	
79	4614	IS_AST_PARENT	
79	4615	IS_AST_PARENT	
79	4616	IS_AST_PARENT	
79	4617	IS_AST_PARENT	
79	4618	IS_AST_PARENT	
79	4619	IS_AST_PARENT	
79	4620	IS_AST_PARENT	
79	4621	IS_AST_PARENT	
4624	4625	IS_AST_PARENT	
4624	4626	IS_AST_PARENT	
4623	4624	IS_AST_PARENT	
4622	4623	IS_AST_PARENT	
4622	4627	IS_AST_PARENT	
4630	4631	IS_AST_PARENT	
4629	4630	IS_AST_PARENT	
4633	4634	IS_AST_PARENT	
4632	4633	IS_AST_PARENT	
4629	4632	IS_AST_PARENT	
4628	4629	IS_AST_PARENT	
4622	4628	IS_AST_PARENT	
79	4622	IS_AST_PARENT	
79	4635	IS_AST_PARENT	
79	4636	IS_AST_PARENT	
79	4637	IS_AST_PARENT	
79	4638	IS_AST_PARENT	
79	4639	IS_AST_PARENT	
79	4640	IS_AST_PARENT	
79	4641	IS_AST_PARENT	
79	4642	IS_AST_PARENT	
4645	4646	IS_AST_PARENT	
4645	4647	IS_AST_PARENT	
4644	4645	IS_AST_PARENT	
4643	4644	IS_AST_PARENT	
4643	4648	IS_AST_PARENT	
4651	4652	IS_AST_PARENT	
4650	4651	IS_AST_PARENT	
4654	4655	IS_AST_PARENT	
4653	4654	IS_AST_PARENT	
4650	4653	IS_AST_PARENT	
4649	4650	IS_AST_PARENT	
4643	4649	IS_AST_PARENT	
79	4643	IS_AST_PARENT	
79	4656	IS_AST_PARENT	
79	4657	IS_AST_PARENT	
79	4658	IS_AST_PARENT	
79	4659	IS_AST_PARENT	
79	4660	IS_AST_PARENT	
79	4661	IS_AST_PARENT	
79	4662	IS_AST_PARENT	
79	4663	IS_AST_PARENT	
4666	4667	IS_AST_PARENT	
4666	4668	IS_AST_PARENT	
4665	4666	IS_AST_PARENT	
4664	4665	IS_AST_PARENT	
4664	4669	IS_AST_PARENT	
4672	4673	IS_AST_PARENT	
4671	4672	IS_AST_PARENT	
4675	4676	IS_AST_PARENT	
4674	4675	IS_AST_PARENT	
4671	4674	IS_AST_PARENT	
4670	4671	IS_AST_PARENT	
4664	4670	IS_AST_PARENT	
79	4664	IS_AST_PARENT	
79	4677	IS_AST_PARENT	
79	4678	IS_AST_PARENT	
79	4679	IS_AST_PARENT	
79	4680	IS_AST_PARENT	
79	4681	IS_AST_PARENT	
79	4682	IS_AST_PARENT	
79	4683	IS_AST_PARENT	
79	4684	IS_AST_PARENT	
4687	4688	IS_AST_PARENT	
4687	4689	IS_AST_PARENT	
4686	4687	IS_AST_PARENT	
4685	4686	IS_AST_PARENT	
4685	4690	IS_AST_PARENT	
4693	4694	IS_AST_PARENT	
4692	4693	IS_AST_PARENT	
4696	4697	IS_AST_PARENT	
4695	4696	IS_AST_PARENT	
4692	4695	IS_AST_PARENT	
4691	4692	IS_AST_PARENT	
4685	4691	IS_AST_PARENT	
79	4685	IS_AST_PARENT	
79	4698	IS_AST_PARENT	
79	4699	IS_AST_PARENT	
79	4700	IS_AST_PARENT	
79	4701	IS_AST_PARENT	
79	4702	IS_AST_PARENT	
79	4703	IS_AST_PARENT	
79	4704	IS_AST_PARENT	
79	4705	IS_AST_PARENT	
4708	4709	IS_AST_PARENT	
4708	4710	IS_AST_PARENT	
4707	4708	IS_AST_PARENT	
4706	4707	IS_AST_PARENT	
4706	4711	IS_AST_PARENT	
4714	4715	IS_AST_PARENT	
4713	4714	IS_AST_PARENT	
4717	4718	IS_AST_PARENT	
4716	4717	IS_AST_PARENT	
4713	4716	IS_AST_PARENT	
4712	4713	IS_AST_PARENT	
4706	4712	IS_AST_PARENT	
79	4706	IS_AST_PARENT	
79	4719	IS_AST_PARENT	
79	4720	IS_AST_PARENT	
79	4721	IS_AST_PARENT	
79	4722	IS_AST_PARENT	
79	4723	IS_AST_PARENT	
79	4724	IS_AST_PARENT	
79	4725	IS_AST_PARENT	
79	4726	IS_AST_PARENT	
4729	4730	IS_AST_PARENT	
4729	4731	IS_AST_PARENT	
4728	4729	IS_AST_PARENT	
4727	4728	IS_AST_PARENT	
4727	4732	IS_AST_PARENT	
4735	4736	IS_AST_PARENT	
4734	4735	IS_AST_PARENT	
4738	4739	IS_AST_PARENT	
4737	4738	IS_AST_PARENT	
4734	4737	IS_AST_PARENT	
4733	4734	IS_AST_PARENT	
4727	4733	IS_AST_PARENT	
79	4727	IS_AST_PARENT	
79	4740	IS_AST_PARENT	
79	4741	IS_AST_PARENT	
79	4742	IS_AST_PARENT	
79	4743	IS_AST_PARENT	
79	4744	IS_AST_PARENT	
79	4745	IS_AST_PARENT	
79	4746	IS_AST_PARENT	
79	4747	IS_AST_PARENT	
78	79	IS_AST_PARENT	
78	4748	IS_AST_PARENT	
78	4749	IS_AST_PARENT	
4751	4752	IS_AST_PARENT	
4751	4753	IS_AST_PARENT	
4750	4751	IS_AST_PARENT	
4754	4755	IS_AST_PARENT	
4754	4756	IS_AST_PARENT	
4750	4754	IS_AST_PARENT	
78	4750	IS_AST_PARENT	
4757	4751	FLOWS_TO	
4751	4754	FLOWS_TO	
4754	80	FLOWS_TO	
80	84	FLOWS_TO	
84	88	FLOWS_TO	
88	95	FLOWS_TO	
95	103	FLOWS_TO	
103	108	FLOWS_TO	
103	240	FLOWS_TO	
108	122	FLOWS_TO	
122	135	FLOWS_TO	
122	229	FLOWS_TO	
135	138	FLOWS_TO	
135	225	FLOWS_TO	
138	153	FLOWS_TO	
153	173	FLOWS_TO	
173	178	FLOWS_TO	
173	190	FLOWS_TO	
178	185	FLOWS_TO	
185	189	FLOWS_TO	
189	225	FLOWS_TO	
190	196	FLOWS_TO	
196	203	FLOWS_TO	
203	210	FLOWS_TO	
210	214	FLOWS_TO	
214	218	FLOWS_TO	
218	135	FLOWS_TO	
225	4758	FLOWS_TO	
229	234	FLOWS_TO	
229	238	FLOWS_TO	
234	4758	FLOWS_TO	
238	4758	FLOWS_TO	
240	241	FLOWS_TO	
241	242	FLOWS_TO	
242	243	FLOWS_TO	
243	244	FLOWS_TO	
244	247	FLOWS_TO	
247	273	FLOWS_TO	
247	329	FLOWS_TO	
273	287	FLOWS_TO	
287	299	FLOWS_TO	
299	303	FLOWS_TO	
299	320	FLOWS_TO	
303	319	FLOWS_TO	
303	299	FLOWS_TO	
319	320	FLOWS_TO	
320	329	FLOWS_TO	
329	338	FLOWS_TO	
338	347	FLOWS_TO	
347	356	FLOWS_TO	
356	365	FLOWS_TO	
365	374	FLOWS_TO	
374	383	FLOWS_TO	
383	392	FLOWS_TO	
392	401	FLOWS_TO	
401	410	FLOWS_TO	
410	419	FLOWS_TO	
419	420	FLOWS_TO	
420	421	FLOWS_TO	
421	422	FLOWS_TO	
422	423	FLOWS_TO	
423	424	FLOWS_TO	
424	427	FLOWS_TO	
427	436	FLOWS_TO	
427	440	FLOWS_TO	
436	4758	FLOWS_TO	
440	4758	FLOWS_TO	
442	443	FLOWS_TO	
443	444	FLOWS_TO	
444	445	FLOWS_TO	
445	447	FLOWS_TO	
447	448	FLOWS_TO	
448	456	FLOWS_TO	
456	461	FLOWS_TO	
456	478	FLOWS_TO	
461	478	FLOWS_TO	
478	4758	FLOWS_TO	
480	481	FLOWS_TO	
481	482	FLOWS_TO	
482	483	FLOWS_TO	
483	484	FLOWS_TO	
484	485	FLOWS_TO	
485	486	FLOWS_TO	
486	487	FLOWS_TO	
487	488	FLOWS_TO	
488	489	FLOWS_TO	
489	490	FLOWS_TO	
490	491	FLOWS_TO	
491	492	FLOWS_TO	
492	493	FLOWS_TO	
493	494	FLOWS_TO	
494	497	FLOWS_TO	
497	518	FLOWS_TO	
497	522	FLOWS_TO	
518	4758	FLOWS_TO	
522	4758	FLOWS_TO	
534	535	FLOWS_TO	
535	536	FLOWS_TO	
536	537	FLOWS_TO	
537	538	FLOWS_TO	
538	539	FLOWS_TO	
539	540	FLOWS_TO	
540	541	FLOWS_TO	
541	542	FLOWS_TO	
542	543	FLOWS_TO	
543	544	FLOWS_TO	
544	545	FLOWS_TO	
545	546	FLOWS_TO	
546	548	FLOWS_TO	
548	555	FLOWS_TO	
582	555	FLOWS_TO	
582	587	FLOWS_TO	
555	566	FLOWS_TO	
555	581	FLOWS_TO	
566	577	FLOWS_TO	
577	4758	FLOWS_TO	
581	582	FLOWS_TO	
614	587	FLOWS_TO	
614	616	FLOWS_TO	
587	598	FLOWS_TO	
587	613	FLOWS_TO	
598	609	FLOWS_TO	
609	4758	FLOWS_TO	
613	614	FLOWS_TO	
616	629	FLOWS_TO	
629	635	FLOWS_TO	
635	641	FLOWS_TO	
641	647	FLOWS_TO	
647	653	FLOWS_TO	
653	665	FLOWS_TO	
665	677	FLOWS_TO	
677	685	FLOWS_TO	
685	4758	FLOWS_TO	
687	688	FLOWS_TO	
688	689	FLOWS_TO	
689	690	FLOWS_TO	
690	691	FLOWS_TO	
691	692	FLOWS_TO	
692	693	FLOWS_TO	
693	694	FLOWS_TO	
694	699	FLOWS_TO	
724	699	FLOWS_TO	
724	726	FLOWS_TO	
699	708	FLOWS_TO	
699	723	FLOWS_TO	
708	719	FLOWS_TO	
719	4758	FLOWS_TO	
723	724	FLOWS_TO	
726	732	FLOWS_TO	
732	4758	FLOWS_TO	
734	735	FLOWS_TO	
735	736	FLOWS_TO	
736	737	FLOWS_TO	
737	738	FLOWS_TO	
738	739	FLOWS_TO	
739	740	FLOWS_TO	
740	745	FLOWS_TO	
767	745	FLOWS_TO	
767	769	FLOWS_TO	
745	754	FLOWS_TO	
745	766	FLOWS_TO	
754	765	FLOWS_TO	
765	4758	FLOWS_TO	
766	767	FLOWS_TO	
769	776	FLOWS_TO	
776	784	FLOWS_TO	
776	888	FLOWS_TO	
784	789	FLOWS_TO	
784	801	FLOWS_TO	
789	801	FLOWS_TO	
801	806	FLOWS_TO	
801	862	FLOWS_TO	
806	819	FLOWS_TO	
819	824	FLOWS_TO	
828	835	FLOWS_TO	
828	850	FLOWS_TO	
824	828	FLOWS_TO	
832	828	FLOWS_TO	
835	832	FLOWS_TO	
850	862	FLOWS_TO	
886	862	FLOWS_TO	
886	888	FLOWS_TO	
862	865	FLOWS_TO	
862	878	FLOWS_TO	
865	886	FLOWS_TO	
878	886	FLOWS_TO	
888	889	FLOWS_TO	
889	890	FLOWS_TO	
890	891	FLOWS_TO	
891	892	FLOWS_TO	
892	893	FLOWS_TO	
893	894	FLOWS_TO	
894	895	FLOWS_TO	
895	897	FLOWS_TO	
897	901	FLOWS_TO	
901	905	FLOWS_TO	
905	912	FLOWS_TO	
937	912	FLOWS_TO	
937	939	FLOWS_TO	
912	921	FLOWS_TO	
912	936	FLOWS_TO	
921	932	FLOWS_TO	
932	4758	FLOWS_TO	
936	937	FLOWS_TO	
939	958	FLOWS_TO	
958	965	FLOWS_TO	
965	976	FLOWS_TO	
980	988	FLOWS_TO	
980	1029	FLOWS_TO	
976	980	FLOWS_TO	
984	980	FLOWS_TO	
988	992	FLOWS_TO	
992	1009	FLOWS_TO	
1009	1020	FLOWS_TO	
1020	984	FLOWS_TO	
1029	4758	FLOWS_TO	
1031	1032	FLOWS_TO	
1032	1033	FLOWS_TO	
1033	1034	FLOWS_TO	
1034	1035	FLOWS_TO	
1035	1036	FLOWS_TO	
1036	1037	FLOWS_TO	
1037	1038	FLOWS_TO	
1038	1039	FLOWS_TO	
1039	1040	FLOWS_TO	
1040	1041	FLOWS_TO	
1041	1042	FLOWS_TO	
1042	1043	FLOWS_TO	
1043	1048	FLOWS_TO	
1070	1048	FLOWS_TO	
1070	1072	FLOWS_TO	
1048	1057	FLOWS_TO	
1048	1069	FLOWS_TO	
1057	1068	FLOWS_TO	
1068	4758	FLOWS_TO	
1069	1070	FLOWS_TO	
1072	1078	FLOWS_TO	
1078	1084	FLOWS_TO	
1084	1085	FLOWS_TO	
1085	1086	FLOWS_TO	
1086	1087	FLOWS_TO	
1087	1088	FLOWS_TO	
1088	1089	FLOWS_TO	
1089	1090	FLOWS_TO	
1090	1091	FLOWS_TO	
1091	1092	FLOWS_TO	
1092	1093	FLOWS_TO	
1093	1094	FLOWS_TO	
1094	1095	FLOWS_TO	
1095	1096	FLOWS_TO	
1096	1097	FLOWS_TO	
1097	1098	FLOWS_TO	
1098	1099	FLOWS_TO	
1099	1100	FLOWS_TO	
1100	1101	FLOWS_TO	
1101	1102	FLOWS_TO	
1102	1103	FLOWS_TO	
1103	1108	FLOWS_TO	
1133	1108	FLOWS_TO	
1133	1135	FLOWS_TO	
1108	1117	FLOWS_TO	
1108	1132	FLOWS_TO	
1117	1128	FLOWS_TO	
1128	4758	FLOWS_TO	
1132	1133	FLOWS_TO	
1135	4758	FLOWS_TO	
1157	1158	FLOWS_TO	
1158	1159	FLOWS_TO	
1159	1160	FLOWS_TO	
1160	1161	FLOWS_TO	
1161	1162	FLOWS_TO	
1162	1163	FLOWS_TO	
1163	1164	FLOWS_TO	
1164	1165	FLOWS_TO	
1165	1166	FLOWS_TO	
1166	1167	FLOWS_TO	
1167	1168	FLOWS_TO	
1168	1169	FLOWS_TO	
1169	1170	FLOWS_TO	
1170	1171	FLOWS_TO	
1171	1172	FLOWS_TO	
1172	1173	FLOWS_TO	
1173	1175	FLOWS_TO	
1175	1179	FLOWS_TO	
1179	1186	FLOWS_TO	
1211	1186	FLOWS_TO	
1211	1213	FLOWS_TO	
1186	1195	FLOWS_TO	
1186	1210	FLOWS_TO	
1195	1206	FLOWS_TO	
1206	4758	FLOWS_TO	
1210	1211	FLOWS_TO	
1213	1224	FLOWS_TO	
1224	1233	FLOWS_TO	
1224	1238	FLOWS_TO	
1233	4758	FLOWS_TO	
1238	1245	FLOWS_TO	
1238	1252	FLOWS_TO	
1245	1252	FLOWS_TO	
1252	1261	FLOWS_TO	
1261	1268	FLOWS_TO	
1261	1280	FLOWS_TO	
1268	1280	FLOWS_TO	
1280	1284	FLOWS_TO	
1280	1578	FLOWS_TO	
1284	1288	FLOWS_TO	
1284	1571	FLOWS_TO	
1288	1295	FLOWS_TO	
1288	1323	FLOWS_TO	
1295	1306	FLOWS_TO	
1306	1314	FLOWS_TO	
1314	1323	FLOWS_TO	
1323	1330	FLOWS_TO	
1323	1548	FLOWS_TO	
1330	1331	FLOWS_TO	
1331	1332	FLOWS_TO	
1332	1333	FLOWS_TO	
1333	1334	FLOWS_TO	
1334	1343	FLOWS_TO	
1343	1344	FLOWS_TO	
1344	1345	FLOWS_TO	
1345	1351	FLOWS_TO	
1351	1352	FLOWS_TO	
1352	1353	FLOWS_TO	
1353	1359	FLOWS_TO	
1359	1360	FLOWS_TO	
1360	1361	FLOWS_TO	
1361	1367	FLOWS_TO	
1367	1368	FLOWS_TO	
1368	1369	FLOWS_TO	
1369	1370	FLOWS_TO	
1370	1371	FLOWS_TO	
1371	1372	FLOWS_TO	
1372	1373	FLOWS_TO	
1373	1374	FLOWS_TO	
1374	1375	FLOWS_TO	
1375	1376	FLOWS_TO	
1376	1377	FLOWS_TO	
1377	1378	FLOWS_TO	
1378	1379	FLOWS_TO	
1379	1380	FLOWS_TO	
1380	1381	FLOWS_TO	
1381	1382	FLOWS_TO	
1382	1383	FLOWS_TO	
1383	1384	FLOWS_TO	
1384	1385	FLOWS_TO	
1385	1386	FLOWS_TO	
1386	1387	FLOWS_TO	
1387	1388	FLOWS_TO	
1388	1389	FLOWS_TO	
1389	1390	FLOWS_TO	
1390	1391	FLOWS_TO	
1391	1392	FLOWS_TO	
1392	1393	FLOWS_TO	
1393	1394	FLOWS_TO	
1394	1395	FLOWS_TO	
1395	1396	FLOWS_TO	
1396	1397	FLOWS_TO	
1397	1398	FLOWS_TO	
1398	1399	FLOWS_TO	
1399	1400	FLOWS_TO	
1400	1401	FLOWS_TO	
1401	1402	FLOWS_TO	
1402	1403	FLOWS_TO	
1403	1404	FLOWS_TO	
1404	1405	FLOWS_TO	
1405	1406	FLOWS_TO	
1406	1407	FLOWS_TO	
1407	1408	FLOWS_TO	
1408	1409	FLOWS_TO	
1409	1410	FLOWS_TO	
1410	1411	FLOWS_TO	
1411	1412	FLOWS_TO	
1412	1413	FLOWS_TO	
1413	1414	FLOWS_TO	
1414	1416	FLOWS_TO	
1416	1421	FLOWS_TO	
1416	1453	FLOWS_TO	
1421	1422	FLOWS_TO	
1422	1423	FLOWS_TO	
1423	1424	FLOWS_TO	
1424	1425	FLOWS_TO	
1425	1426	FLOWS_TO	
1426	1427	FLOWS_TO	
1427	1428	FLOWS_TO	
1428	1429	FLOWS_TO	
1429	1430	FLOWS_TO	
1430	1431	FLOWS_TO	
1431	1432	FLOWS_TO	
1432	1433	FLOWS_TO	
1433	1434	FLOWS_TO	
1434	1435	FLOWS_TO	
1435	1436	FLOWS_TO	
1436	1437	FLOWS_TO	
1437	1438	FLOWS_TO	
1438	1439	FLOWS_TO	
1439	1440	FLOWS_TO	
1440	1441	FLOWS_TO	
1441	1442	FLOWS_TO	
1442	1443	FLOWS_TO	
1443	1444	FLOWS_TO	
1444	1445	FLOWS_TO	
1445	1446	FLOWS_TO	
1446	1447	FLOWS_TO	
1447	1448	FLOWS_TO	
1448	1449	FLOWS_TO	
1449	1450	FLOWS_TO	
1450	1451	FLOWS_TO	
1451	1453	FLOWS_TO	
1453	1458	FLOWS_TO	
1453	1481	FLOWS_TO	
1458	1459	FLOWS_TO	
1459	1460	FLOWS_TO	
1460	1461	FLOWS_TO	
1461	1462	FLOWS_TO	
1462	1463	FLOWS_TO	
1463	1464	FLOWS_TO	
1464	1465	FLOWS_TO	
1465	1466	FLOWS_TO	
1466	1467	FLOWS_TO	
1467	1468	FLOWS_TO	
1468	1469	FLOWS_TO	
1469	1470	FLOWS_TO	
1470	1471	FLOWS_TO	
1471	1472	FLOWS_TO	
1472	1473	FLOWS_TO	
1473	1474	FLOWS_TO	
1474	1475	FLOWS_TO	
1475	1476	FLOWS_TO	
1476	1477	FLOWS_TO	
1477	1478	FLOWS_TO	
1478	1518	FLOWS_TO	
1481	1488	FLOWS_TO	
1488	1489	FLOWS_TO	
1489	1490	FLOWS_TO	
1490	1491	FLOWS_TO	
1491	1492	FLOWS_TO	
1492	1493	FLOWS_TO	
1493	1494	FLOWS_TO	
1494	1495	FLOWS_TO	
1495	1496	FLOWS_TO	
1496	1497	FLOWS_TO	
1497	1498	FLOWS_TO	
1498	1499	FLOWS_TO	
1499	1500	FLOWS_TO	
1500	1501	FLOWS_TO	
1501	1502	FLOWS_TO	
1502	1503	FLOWS_TO	
1503	1504	FLOWS_TO	
1504	1505	FLOWS_TO	
1505	1506	FLOWS_TO	
1506	1507	FLOWS_TO	
1507	1508	FLOWS_TO	
1508	1509	FLOWS_TO	
1509	1518	FLOWS_TO	
1518	1519	FLOWS_TO	
1519	1520	FLOWS_TO	
1520	1521	FLOWS_TO	
1521	1522	FLOWS_TO	
1522	1523	FLOWS_TO	
1523	1527	FLOWS_TO	
1527	1528	FLOWS_TO	
1528	1529	FLOWS_TO	
1529	1530	FLOWS_TO	
1530	1531	FLOWS_TO	
1531	1532	FLOWS_TO	
1532	1533	FLOWS_TO	
1533	1534	FLOWS_TO	
1534	1535	FLOWS_TO	
1535	1536	FLOWS_TO	
1536	1537	FLOWS_TO	
1537	1538	FLOWS_TO	
1538	1539	FLOWS_TO	
1539	1540	FLOWS_TO	
1540	1548	FLOWS_TO	
1548	1555	FLOWS_TO	
1555	1561	FLOWS_TO	
1561	1578	FLOWS_TO	
1571	1578	FLOWS_TO	
1578	4758	FLOWS_TO	
1580	1581	FLOWS_TO	
1581	1582	FLOWS_TO	
1582	1583	FLOWS_TO	
1583	1584	FLOWS_TO	
1584	1585	FLOWS_TO	
1585	1586	FLOWS_TO	
1586	1587	FLOWS_TO	
1587	1588	FLOWS_TO	
1588	1589	FLOWS_TO	
1589	1590	FLOWS_TO	
1590	1591	FLOWS_TO	
1591	1592	FLOWS_TO	
1592	1593	FLOWS_TO	
1593	1594	FLOWS_TO	
1594	1595	FLOWS_TO	
1595	1596	FLOWS_TO	
1596	1597	FLOWS_TO	
1597	1598	FLOWS_TO	
1598	1599	FLOWS_TO	
1599	1604	FLOWS_TO	
1629	1604	FLOWS_TO	
1629	1632	FLOWS_TO	
1604	1613	FLOWS_TO	
1604	1628	FLOWS_TO	
1613	1624	FLOWS_TO	
1624	4758	FLOWS_TO	
1628	1629	FLOWS_TO	
1632	1653	FLOWS_TO	
1632	1657	FLOWS_TO	
1653	4758	FLOWS_TO	
1657	4758	FLOWS_TO	
1676	1677	FLOWS_TO	
1677	1678	FLOWS_TO	
1678	1679	FLOWS_TO	
1679	1680	FLOWS_TO	
1680	1681	FLOWS_TO	
1681	1682	FLOWS_TO	
1682	1683	FLOWS_TO	
1683	1684	FLOWS_TO	
1684	1685	FLOWS_TO	
1685	1686	FLOWS_TO	
1686	1691	FLOWS_TO	
1713	1691	FLOWS_TO	
1713	1718	FLOWS_TO	
1691	1700	FLOWS_TO	
1691	1712	FLOWS_TO	
1700	1711	FLOWS_TO	
1711	4758	FLOWS_TO	
1712	1713	FLOWS_TO	
1740	1718	FLOWS_TO	
1740	1742	FLOWS_TO	
1718	1727	FLOWS_TO	
1718	1739	FLOWS_TO	
1727	1738	FLOWS_TO	
1738	4758	FLOWS_TO	
1739	1740	FLOWS_TO	
1742	1751	FLOWS_TO	
1751	1756	FLOWS_TO	
1751	1775	FLOWS_TO	
1756	1793	FLOWS_TO	
1775	1793	FLOWS_TO	
1793	1794	FLOWS_TO	
1794	1795	FLOWS_TO	
1795	1796	FLOWS_TO	
1796	1797	FLOWS_TO	
1797	1798	FLOWS_TO	
1798	1799	FLOWS_TO	
1799	1800	FLOWS_TO	
1800	1802	FLOWS_TO	
1802	1806	FLOWS_TO	
1806	1815	FLOWS_TO	
1815	1824	FLOWS_TO	
1824	1839	FLOWS_TO	
1839	1854	FLOWS_TO	
1854	1858	FLOWS_TO	
1858	1862	FLOWS_TO	
1862	1869	FLOWS_TO	
1898	1869	FLOWS_TO	
1898	1900	FLOWS_TO	
1869	1878	FLOWS_TO	
1869	1881	FLOWS_TO	
1878	1898	FLOWS_TO	
1881	1898	FLOWS_TO	
1900	1918	FLOWS_TO	
1926	1935	FLOWS_TO	
1926	2030	FLOWS_TO	
1918	1926	FLOWS_TO	
1930	1926	FLOWS_TO	
1939	1951	FLOWS_TO	
1939	1930	FLOWS_TO	
1935	1939	FLOWS_TO	
1943	1939	FLOWS_TO	
1951	1952	FLOWS_TO	
1952	1953	FLOWS_TO	
1953	1954	FLOWS_TO	
1954	1955	FLOWS_TO	
1955	1964	FLOWS_TO	
1964	1965	FLOWS_TO	
1965	1966	FLOWS_TO	
1966	1967	FLOWS_TO	
1967	1968	FLOWS_TO	
1968	1969	FLOWS_TO	
1969	1970	FLOWS_TO	
1970	1971	FLOWS_TO	
1971	1972	FLOWS_TO	
1972	1974	FLOWS_TO	
1974	1981	FLOWS_TO	
1974	1988	FLOWS_TO	
1981	1982	FLOWS_TO	
1982	1983	FLOWS_TO	
1983	1988	FLOWS_TO	
1988	1995	FLOWS_TO	
1988	2001	FLOWS_TO	
1995	1996	FLOWS_TO	
1996	1997	FLOWS_TO	
1997	2001	FLOWS_TO	
2001	2002	FLOWS_TO	
2002	2003	FLOWS_TO	
2003	2004	FLOWS_TO	
2004	2005	FLOWS_TO	
2005	2006	FLOWS_TO	
2006	2007	FLOWS_TO	
2007	2008	FLOWS_TO	
2008	2009	FLOWS_TO	
2009	2010	FLOWS_TO	
2010	2011	FLOWS_TO	
2011	2012	FLOWS_TO	
2012	2013	FLOWS_TO	
2013	2014	FLOWS_TO	
2014	2015	FLOWS_TO	
2015	2016	FLOWS_TO	
2016	2017	FLOWS_TO	
2017	2018	FLOWS_TO	
2018	2019	FLOWS_TO	
2019	2020	FLOWS_TO	
2020	2021	FLOWS_TO	
2021	2022	FLOWS_TO	
2022	2023	FLOWS_TO	
2023	2024	FLOWS_TO	
2024	2025	FLOWS_TO	
2025	2026	FLOWS_TO	
2026	2027	FLOWS_TO	
2027	2028	FLOWS_TO	
2028	2029	FLOWS_TO	
2029	1943	FLOWS_TO	
2030	2036	FLOWS_TO	
2036	2037	FLOWS_TO	
2037	2038	FLOWS_TO	
2038	2039	FLOWS_TO	
2039	2040	FLOWS_TO	
2040	2041	FLOWS_TO	
2041	2042	FLOWS_TO	
2042	2043	FLOWS_TO	
2043	2044	FLOWS_TO	
2044	2045	FLOWS_TO	
2045	2046	FLOWS_TO	
2046	2048	FLOWS_TO	
2048	2060	FLOWS_TO	
2060	2067	FLOWS_TO	
2060	2069	FLOWS_TO	
2067	4758	FLOWS_TO	
2069	2076	FLOWS_TO	
2069	2104	FLOWS_TO	
2076	2087	FLOWS_TO	
2087	2095	FLOWS_TO	
2095	2104	FLOWS_TO	
2104	2109	FLOWS_TO	
2104	2117	FLOWS_TO	
2109	2117	FLOWS_TO	
2117	2124	FLOWS_TO	
2117	2194	FLOWS_TO	
2124	2125	FLOWS_TO	
2125	2126	FLOWS_TO	
2126	2127	FLOWS_TO	
2127	2128	FLOWS_TO	
2128	2137	FLOWS_TO	
2137	2138	FLOWS_TO	
2138	2139	FLOWS_TO	
2139	2145	FLOWS_TO	
2145	2146	FLOWS_TO	
2146	2147	FLOWS_TO	
2147	2153	FLOWS_TO	
2153	2154	FLOWS_TO	
2154	2155	FLOWS_TO	
2155	2156	FLOWS_TO	
2156	2157	FLOWS_TO	
2157	2158	FLOWS_TO	
2158	2162	FLOWS_TO	
2162	2173	FLOWS_TO	
2173	2174	FLOWS_TO	
2174	2175	FLOWS_TO	
2175	2176	FLOWS_TO	
2176	2177	FLOWS_TO	
2177	2178	FLOWS_TO	
2178	2179	FLOWS_TO	
2179	2180	FLOWS_TO	
2180	2181	FLOWS_TO	
2181	2182	FLOWS_TO	
2182	2183	FLOWS_TO	
2183	2184	FLOWS_TO	
2184	2185	FLOWS_TO	
2185	2186	FLOWS_TO	
2186	2194	FLOWS_TO	
2194	2201	FLOWS_TO	
2201	2206	FLOWS_TO	
2201	2224	FLOWS_TO	
2206	2215	FLOWS_TO	
2215	2224	FLOWS_TO	
2224	2233	FLOWS_TO	
2224	2240	FLOWS_TO	
2233	2240	FLOWS_TO	
2240	2241	FLOWS_TO	
2241	2242	FLOWS_TO	
2242	2243	FLOWS_TO	
2243	2244	FLOWS_TO	
2244	2245	FLOWS_TO	
2245	2246	FLOWS_TO	
2246	2247	FLOWS_TO	
2247	2248	FLOWS_TO	
2248	2249	FLOWS_TO	
2249	2250	FLOWS_TO	
2250	2251	FLOWS_TO	
2251	2252	FLOWS_TO	
2252	2253	FLOWS_TO	
2253	2255	FLOWS_TO	
2255	2272	FLOWS_TO	
2272	2277	FLOWS_TO	
2272	2278	FLOWS_TO	
2277	4758	FLOWS_TO	
2278	2287	FLOWS_TO	
2287	2288	FLOWS_TO	
2288	2289	FLOWS_TO	
2289	2290	FLOWS_TO	
2290	2291	FLOWS_TO	
2291	2292	FLOWS_TO	
2292	2293	FLOWS_TO	
2293	2294	FLOWS_TO	
2294	2295	FLOWS_TO	
2295	2296	FLOWS_TO	
2296	2297	FLOWS_TO	
2297	2298	FLOWS_TO	
2298	2299	FLOWS_TO	
2299	2300	FLOWS_TO	
2300	2301	FLOWS_TO	
2301	2302	FLOWS_TO	
2302	2303	FLOWS_TO	
2303	2308	FLOWS_TO	
2330	2308	FLOWS_TO	
2330	2335	FLOWS_TO	
2308	2317	FLOWS_TO	
2308	2329	FLOWS_TO	
2317	2328	FLOWS_TO	
2328	4758	FLOWS_TO	
2329	2330	FLOWS_TO	
2357	2335	FLOWS_TO	
2357	2359	FLOWS_TO	
2335	2344	FLOWS_TO	
2335	2356	FLOWS_TO	
2344	2355	FLOWS_TO	
2355	4758	FLOWS_TO	
2356	2357	FLOWS_TO	
2359	2379	FLOWS_TO	
2379	2380	FLOWS_TO	
2380	2381	FLOWS_TO	
2381	2382	FLOWS_TO	
2382	2383	FLOWS_TO	
2383	2384	FLOWS_TO	
2384	2385	FLOWS_TO	
2385	2386	FLOWS_TO	
2386	2387	FLOWS_TO	
2387	2388	FLOWS_TO	
2388	2389	FLOWS_TO	
2389	2390	FLOWS_TO	
2390	2391	FLOWS_TO	
2391	2392	FLOWS_TO	
2392	2394	FLOWS_TO	
2394	2401	FLOWS_TO	
2423	2401	FLOWS_TO	
2423	2428	FLOWS_TO	
2401	2410	FLOWS_TO	
2401	2422	FLOWS_TO	
2410	2421	FLOWS_TO	
2421	4758	FLOWS_TO	
2422	2423	FLOWS_TO	
2450	2428	FLOWS_TO	
2450	2455	FLOWS_TO	
2428	2437	FLOWS_TO	
2428	2449	FLOWS_TO	
2437	2448	FLOWS_TO	
2448	4758	FLOWS_TO	
2449	2450	FLOWS_TO	
2475	2455	FLOWS_TO	
2475	2480	FLOWS_TO	
2455	2462	FLOWS_TO	
2455	2474	FLOWS_TO	
2462	2473	FLOWS_TO	
2473	4758	FLOWS_TO	
2474	2475	FLOWS_TO	
2506	2480	FLOWS_TO	
2506	2509	FLOWS_TO	
2480	2493	FLOWS_TO	
2480	2505	FLOWS_TO	
2493	2504	FLOWS_TO	
2504	4758	FLOWS_TO	
2505	2506	FLOWS_TO	
2509	2516	FLOWS_TO	
2509	2536	FLOWS_TO	
2516	2529	FLOWS_TO	
2529	2536	FLOWS_TO	
2536	2545	FLOWS_TO	
2545	2552	FLOWS_TO	
2545	2566	FLOWS_TO	
2552	2566	FLOWS_TO	
2566	2591	FLOWS_TO	
2566	2608	FLOWS_TO	
2591	2608	FLOWS_TO	
2608	2619	FLOWS_TO	
2619	2630	FLOWS_TO	
2630	2638	FLOWS_TO	
2638	2639	FLOWS_TO	
2639	2640	FLOWS_TO	
2640	2641	FLOWS_TO	
2641	2642	FLOWS_TO	
2642	2643	FLOWS_TO	
2643	2644	FLOWS_TO	
2644	2645	FLOWS_TO	
2645	2646	FLOWS_TO	
2646	2647	FLOWS_TO	
2647	2648	FLOWS_TO	
2648	2649	FLOWS_TO	
2649	2650	FLOWS_TO	
2650	2651	FLOWS_TO	
2651	2652	FLOWS_TO	
2652	2653	FLOWS_TO	
2653	2654	FLOWS_TO	
2654	2655	FLOWS_TO	
2655	2656	FLOWS_TO	
2656	2658	FLOWS_TO	
2658	2662	FLOWS_TO	
2662	2667	FLOWS_TO	
2667	2674	FLOWS_TO	
2667	2676	FLOWS_TO	
2674	4758	FLOWS_TO	
2680	2694	FLOWS_TO	
2680	2723	FLOWS_TO	
2676	2680	FLOWS_TO	
2686	2680	FLOWS_TO	
2698	2712	FLOWS_TO	
2698	2686	FLOWS_TO	
2694	2698	FLOWS_TO	
2704	2698	FLOWS_TO	
2712	2704	FLOWS_TO	
2723	2724	FLOWS_TO	
2724	2725	FLOWS_TO	
2725	2726	FLOWS_TO	
2726	2727	FLOWS_TO	
2727	2728	FLOWS_TO	
2728	2729	FLOWS_TO	
2729	2730	FLOWS_TO	
2730	2735	FLOWS_TO	
2758	2735	FLOWS_TO	
2758	2760	FLOWS_TO	
2735	2744	FLOWS_TO	
2735	2757	FLOWS_TO	
2744	2755	FLOWS_TO	
2755	4758	FLOWS_TO	
2757	2758	FLOWS_TO	
2760	4758	FLOWS_TO	
2764	2765	FLOWS_TO	
2765	2766	FLOWS_TO	
2766	2767	FLOWS_TO	
2767	2768	FLOWS_TO	
2768	2769	FLOWS_TO	
2769	2770	FLOWS_TO	
2770	2771	FLOWS_TO	
2771	2776	FLOWS_TO	
2799	2776	FLOWS_TO	
2799	2801	FLOWS_TO	
2776	2785	FLOWS_TO	
2776	2798	FLOWS_TO	
2785	2796	FLOWS_TO	
2796	4758	FLOWS_TO	
2798	2799	FLOWS_TO	
2801	4758	FLOWS_TO	
2805	2806	FLOWS_TO	
2806	2807	FLOWS_TO	
2807	2808	FLOWS_TO	
2808	2809	FLOWS_TO	
2809	2810	FLOWS_TO	
2810	2811	FLOWS_TO	
2811	2812	FLOWS_TO	
2812	2817	FLOWS_TO	
2840	2817	FLOWS_TO	
2840	2842	FLOWS_TO	
2817	2826	FLOWS_TO	
2817	2839	FLOWS_TO	
2826	2837	FLOWS_TO	
2837	4758	FLOWS_TO	
2839	2840	FLOWS_TO	
2842	4758	FLOWS_TO	
2846	2847	FLOWS_TO	
2847	2848	FLOWS_TO	
2848	2849	FLOWS_TO	
2849	2850	FLOWS_TO	
2850	2851	FLOWS_TO	
2851	2852	FLOWS_TO	
2852	2853	FLOWS_TO	
2853	2854	FLOWS_TO	
2854	2855	FLOWS_TO	
2855	2856	FLOWS_TO	
2856	2858	FLOWS_TO	
2858	2868	FLOWS_TO	
2868	2873	FLOWS_TO	
2868	2875	FLOWS_TO	
2873	4758	FLOWS_TO	
2875	2896	FLOWS_TO	
2896	2900	FLOWS_TO	
2896	2985	FLOWS_TO	
2900	2905	FLOWS_TO	
2900	3001	FLOWS_TO	
2905	2914	FLOWS_TO	
2914	2927	FLOWS_TO	
2927	2931	FLOWS_TO	
2931	2936	FLOWS_TO	
2940	2950	FLOWS_TO	
2940	3001	FLOWS_TO	
2936	2940	FLOWS_TO	
2946	2940	FLOWS_TO	
2954	2969	FLOWS_TO	
2954	2946	FLOWS_TO	
2950	2954	FLOWS_TO	
2960	2954	FLOWS_TO	
2969	2979	FLOWS_TO	
2969	2960	FLOWS_TO	
2979	2960	FLOWS_TO	
2985	3001	FLOWS_TO	
3001	4758	FLOWS_TO	
3003	3004	FLOWS_TO	
3004	3005	FLOWS_TO	
3005	3006	FLOWS_TO	
3006	3007	FLOWS_TO	
3007	3008	FLOWS_TO	
3008	3009	FLOWS_TO	
3009	3010	FLOWS_TO	
3010	3011	FLOWS_TO	
3011	3012	FLOWS_TO	
3012	3013	FLOWS_TO	
3013	3014	FLOWS_TO	
3014	3015	FLOWS_TO	
3015	3017	FLOWS_TO	
3017	3022	FLOWS_TO	
3028	3037	FLOWS_TO	
3028	3046	FLOWS_TO	
3022	3028	FLOWS_TO	
3030	3028	FLOWS_TO	
3037	3044	FLOWS_TO	
3037	3030	FLOWS_TO	
3044	3046	FLOWS_TO	
3046	3053	FLOWS_TO	
3046	3068	FLOWS_TO	
3053	3066	FLOWS_TO	
3066	4758	FLOWS_TO	
3068	4758	FLOWS_TO	
3072	3073	FLOWS_TO	
3073	3074	FLOWS_TO	
3074	3075	FLOWS_TO	
3075	3076	FLOWS_TO	
3076	3077	FLOWS_TO	
3077	3078	FLOWS_TO	
3078	3079	FLOWS_TO	
3079	3080	FLOWS_TO	
3080	3081	FLOWS_TO	
3081	3082	FLOWS_TO	
3082	3083	FLOWS_TO	
3083	3084	FLOWS_TO	
3084	3085	FLOWS_TO	
3085	3086	FLOWS_TO	
3086	3087	FLOWS_TO	
3087	3088	FLOWS_TO	
3088	3089	FLOWS_TO	
3089	3090	FLOWS_TO	
3090	3092	FLOWS_TO	
3092	3099	FLOWS_TO	
3121	3099	FLOWS_TO	
3121	3126	FLOWS_TO	
3099	3108	FLOWS_TO	
3099	3120	FLOWS_TO	
3108	3119	FLOWS_TO	
3119	4758	FLOWS_TO	
3120	3121	FLOWS_TO	
3148	3126	FLOWS_TO	
3148	3153	FLOWS_TO	
3126	3135	FLOWS_TO	
3126	3147	FLOWS_TO	
3135	3146	FLOWS_TO	
3146	4758	FLOWS_TO	
3147	3148	FLOWS_TO	
3181	3153	FLOWS_TO	
3181	3183	FLOWS_TO	
3153	3168	FLOWS_TO	
3153	3180	FLOWS_TO	
3168	3179	FLOWS_TO	
3179	4758	FLOWS_TO	
3180	3181	FLOWS_TO	
3183	3194	FLOWS_TO	
3194	3204	FLOWS_TO	
3204	3214	FLOWS_TO	
3214	3215	FLOWS_TO	
3215	3216	FLOWS_TO	
3216	3217	FLOWS_TO	
3217	3218	FLOWS_TO	
3218	3219	FLOWS_TO	
3219	3220	FLOWS_TO	
3220	3221	FLOWS_TO	
3221	3222	FLOWS_TO	
3222	3223	FLOWS_TO	
3223	3224	FLOWS_TO	
3224	3225	FLOWS_TO	
3225	3226	FLOWS_TO	
3226	3227	FLOWS_TO	
3227	3228	FLOWS_TO	
3228	3229	FLOWS_TO	
3229	3230	FLOWS_TO	
3230	3231	FLOWS_TO	
3231	3232	FLOWS_TO	
3232	3234	FLOWS_TO	
3234	3238	FLOWS_TO	
3238	3243	FLOWS_TO	
3243	3257	FLOWS_TO	
3243	3293	FLOWS_TO	
3257	3259	FLOWS_TO	
3259	3271	FLOWS_TO	
3259	3293	FLOWS_TO	
3271	3272	FLOWS_TO	
3272	3285	FLOWS_TO	
3285	3293	FLOWS_TO	
3315	3293	FLOWS_TO	
3315	3320	FLOWS_TO	
3293	3302	FLOWS_TO	
3293	3314	FLOWS_TO	
3302	3313	FLOWS_TO	
3313	4758	FLOWS_TO	
3314	3315	FLOWS_TO	
3342	3320	FLOWS_TO	
3342	3347	FLOWS_TO	
3320	3329	FLOWS_TO	
3320	3341	FLOWS_TO	
3329	3340	FLOWS_TO	
3340	4758	FLOWS_TO	
3341	3342	FLOWS_TO	
3375	3347	FLOWS_TO	
3375	3377	FLOWS_TO	
3347	3362	FLOWS_TO	
3347	3374	FLOWS_TO	
3362	3373	FLOWS_TO	
3373	4758	FLOWS_TO	
3374	3375	FLOWS_TO	
3377	3394	FLOWS_TO	
3394	3402	FLOWS_TO	
3402	3410	FLOWS_TO	
3410	3411	FLOWS_TO	
3411	3412	FLOWS_TO	
3412	3413	FLOWS_TO	
3413	3414	FLOWS_TO	
3414	3415	FLOWS_TO	
3415	3416	FLOWS_TO	
3416	3417	FLOWS_TO	
3417	3418	FLOWS_TO	
3418	3419	FLOWS_TO	
3419	3420	FLOWS_TO	
3420	3421	FLOWS_TO	
3421	3422	FLOWS_TO	
3422	3423	FLOWS_TO	
3423	3424	FLOWS_TO	
3424	3426	FLOWS_TO	
3426	3433	FLOWS_TO	
3455	3433	FLOWS_TO	
3455	3460	FLOWS_TO	
3433	3442	FLOWS_TO	
3433	3454	FLOWS_TO	
3442	3453	FLOWS_TO	
3453	4758	FLOWS_TO	
3454	3455	FLOWS_TO	
3482	3460	FLOWS_TO	
3482	3487	FLOWS_TO	
3460	3469	FLOWS_TO	
3460	3481	FLOWS_TO	
3469	3480	FLOWS_TO	
3480	4758	FLOWS_TO	
3481	3482	FLOWS_TO	
3509	3487	FLOWS_TO	
3509	3512	FLOWS_TO	
3487	3496	FLOWS_TO	
3487	3508	FLOWS_TO	
3496	3507	FLOWS_TO	
3507	4758	FLOWS_TO	
3508	3509	FLOWS_TO	
3518	3527	FLOWS_TO	
3518	3536	FLOWS_TO	
3512	3518	FLOWS_TO	
3520	3518	FLOWS_TO	
3527	3534	FLOWS_TO	
3527	3520	FLOWS_TO	
3534	3536	FLOWS_TO	
3536	3543	FLOWS_TO	
3536	3557	FLOWS_TO	
3543	3556	FLOWS_TO	
3556	4758	FLOWS_TO	
3557	3570	FLOWS_TO	
3570	3571	FLOWS_TO	
3571	3572	FLOWS_TO	
3572	3573	FLOWS_TO	
3573	3574	FLOWS_TO	
3574	3575	FLOWS_TO	
3575	3576	FLOWS_TO	
3576	3577	FLOWS_TO	
3577	3578	FLOWS_TO	
3578	3579	FLOWS_TO	
3579	3580	FLOWS_TO	
3580	3581	FLOWS_TO	
3581	3582	FLOWS_TO	
3582	3583	FLOWS_TO	
3583	3584	FLOWS_TO	
3584	3585	FLOWS_TO	
3585	3586	FLOWS_TO	
3586	3587	FLOWS_TO	
3587	3588	FLOWS_TO	
3588	3589	FLOWS_TO	
3589	3590	FLOWS_TO	
3590	3591	FLOWS_TO	
3591	3592	FLOWS_TO	
3592	3593	FLOWS_TO	
3593	3594	FLOWS_TO	
3594	3595	FLOWS_TO	
3595	3597	FLOWS_TO	
3597	3601	FLOWS_TO	
3601	3606	FLOWS_TO	
3610	3622	FLOWS_TO	
3610	3826	FLOWS_TO	
3606	3610	FLOWS_TO	
3614	3610	FLOWS_TO	
3626	3638	FLOWS_TO	
3626	3614	FLOWS_TO	
3622	3626	FLOWS_TO	
3630	3626	FLOWS_TO	
3638	3660	FLOWS_TO	
3660	3689	FLOWS_TO	
3689	3710	FLOWS_TO	
3710	3714	FLOWS_TO	
3714	3718	FLOWS_TO	
3718	3722	FLOWS_TO	
3722	3733	FLOWS_TO	
3733	3742	FLOWS_TO	
3733	3750	FLOWS_TO	
3742	3750	FLOWS_TO	
3750	3761	FLOWS_TO	
3761	3770	FLOWS_TO	
3761	3778	FLOWS_TO	
3770	3778	FLOWS_TO	
3778	3789	FLOWS_TO	
3789	3794	FLOWS_TO	
3789	3817	FLOWS_TO	
3794	3809	FLOWS_TO	
3809	3813	FLOWS_TO	
3813	3789	FLOWS_TO	
3817	3630	FLOWS_TO	
3826	3827	FLOWS_TO	
3827	3828	FLOWS_TO	
3828	3829	FLOWS_TO	
3829	3830	FLOWS_TO	
3830	3831	FLOWS_TO	
3831	3832	FLOWS_TO	
3832	3833	FLOWS_TO	
3833	3834	FLOWS_TO	
3834	3835	FLOWS_TO	
3835	3836	FLOWS_TO	
3836	3837	FLOWS_TO	
3837	3838	FLOWS_TO	
3838	3839	FLOWS_TO	
3839	3840	FLOWS_TO	
3840	3841	FLOWS_TO	
3841	3842	FLOWS_TO	
3842	3843	FLOWS_TO	
3843	3844	FLOWS_TO	
3844	3845	FLOWS_TO	
3845	3846	FLOWS_TO	
3846	3847	FLOWS_TO	
3847	3848	FLOWS_TO	
3848	3849	FLOWS_TO	
3849	3850	FLOWS_TO	
3850	3851	FLOWS_TO	
3851	3852	FLOWS_TO	
3852	3854	FLOWS_TO	
3854	3858	FLOWS_TO	
3858	3863	FLOWS_TO	
3867	3879	FLOWS_TO	
3867	4087	FLOWS_TO	
3863	3867	FLOWS_TO	
3871	3867	FLOWS_TO	
3883	3895	FLOWS_TO	
3883	3871	FLOWS_TO	
3879	3883	FLOWS_TO	
3887	3883	FLOWS_TO	
3895	3919	FLOWS_TO	
3919	3940	FLOWS_TO	
3940	3969	FLOWS_TO	
3969	3973	FLOWS_TO	
3973	3977	FLOWS_TO	
3977	3981	FLOWS_TO	
3981	3992	FLOWS_TO	
3992	4001	FLOWS_TO	
3992	4009	FLOWS_TO	
4001	4009	FLOWS_TO	
4009	4020	FLOWS_TO	
4020	4029	FLOWS_TO	
4020	4037	FLOWS_TO	
4029	4037	FLOWS_TO	
4037	4048	FLOWS_TO	
4048	4053	FLOWS_TO	
4048	4076	FLOWS_TO	
4053	4068	FLOWS_TO	
4068	4072	FLOWS_TO	
4072	4048	FLOWS_TO	
4076	3887	FLOWS_TO	
4087	4088	FLOWS_TO	
4088	4089	FLOWS_TO	
4089	4090	FLOWS_TO	
4090	4091	FLOWS_TO	
4091	4092	FLOWS_TO	
4092	4093	FLOWS_TO	
4093	4094	FLOWS_TO	
4094	4095	FLOWS_TO	
4095	4096	FLOWS_TO	
4096	4097	FLOWS_TO	
4097	4098	FLOWS_TO	
4098	4099	FLOWS_TO	
4099	4100	FLOWS_TO	
4100	4101	FLOWS_TO	
4101	4102	FLOWS_TO	
4102	4103	FLOWS_TO	
4103	4105	FLOWS_TO	
4105	4122	FLOWS_TO	
4122	4127	FLOWS_TO	
4122	4129	FLOWS_TO	
4127	4758	FLOWS_TO	
4129	4136	FLOWS_TO	
4129	4203	FLOWS_TO	
4136	4141	FLOWS_TO	
4141	4146	FLOWS_TO	
4141	4157	FLOWS_TO	
4146	4157	FLOWS_TO	
4157	4165	FLOWS_TO	
4165	4173	FLOWS_TO	
4173	4190	FLOWS_TO	
4190	4196	FLOWS_TO	
4196	4203	FLOWS_TO	
4203	4239	FLOWS_TO	
4239	4244	FLOWS_TO	
4239	4283	FLOWS_TO	
4239	4270	FLOWS_TO	
4239	4257	FLOWS_TO	
4239	4296	FLOWS_TO	
4244	4245	FLOWS_TO	
4245	4257	FLOWS_TO	
4257	4258	FLOWS_TO	
4258	4270	FLOWS_TO	
4270	4271	FLOWS_TO	
4271	4283	FLOWS_TO	
4283	4284	FLOWS_TO	
4284	4296	FLOWS_TO	
4296	4297	FLOWS_TO	
4297	4298	FLOWS_TO	
4298	4299	FLOWS_TO	
4299	4300	FLOWS_TO	
4300	4301	FLOWS_TO	
4301	4302	FLOWS_TO	
4302	4303	FLOWS_TO	
4303	4304	FLOWS_TO	
4304	4305	FLOWS_TO	
4305	4306	FLOWS_TO	
4306	4307	FLOWS_TO	
4307	4308	FLOWS_TO	
4308	4309	FLOWS_TO	
4309	4310	FLOWS_TO	
4310	4311	FLOWS_TO	
4311	4312	FLOWS_TO	
4312	4313	FLOWS_TO	
4313	4315	FLOWS_TO	
4315	4339	FLOWS_TO	
4339	4369	FLOWS_TO	
4369	4374	FLOWS_TO	
4369	4413	FLOWS_TO	
4369	4400	FLOWS_TO	
4369	4387	FLOWS_TO	
4369	4426	FLOWS_TO	
4374	4375	FLOWS_TO	
4375	4387	FLOWS_TO	
4387	4388	FLOWS_TO	
4388	4400	FLOWS_TO	
4400	4401	FLOWS_TO	
4401	4413	FLOWS_TO	
4413	4414	FLOWS_TO	
4414	4426	FLOWS_TO	
4426	4437	FLOWS_TO	
4437	4438	FLOWS_TO	
4438	4439	FLOWS_TO	
4439	4440	FLOWS_TO	
4440	4441	FLOWS_TO	
4441	4442	FLOWS_TO	
4442	4443	FLOWS_TO	
4443	4445	FLOWS_TO	
4445	4452	FLOWS_TO	
4452	4459	FLOWS_TO	
4459	4466	FLOWS_TO	
4466	4470	FLOWS_TO	
4470	4479	FLOWS_TO	
4479	4486	FLOWS_TO	
4486	4490	FLOWS_TO	
4490	4494	FLOWS_TO	
4494	4496	FLOWS_TO	
4496	4501	FLOWS_TO	
4496	4551	FLOWS_TO	
4501	4502	FLOWS_TO	
4502	4508	FLOWS_TO	
4508	4512	FLOWS_TO	
4512	4518	FLOWS_TO	
4518	4524	FLOWS_TO	
4524	4534	FLOWS_TO	
4534	4544	FLOWS_TO	
4544	4551	FLOWS_TO	
4551	4552	FLOWS_TO	
4552	4553	FLOWS_TO	
4553	4554	FLOWS_TO	
4554	4555	FLOWS_TO	
4555	4556	FLOWS_TO	
4556	4557	FLOWS_TO	
4557	4558	FLOWS_TO	
4558	4560	FLOWS_TO	
4560	4564	FLOWS_TO	
4564	4565	FLOWS_TO	
4565	4572	FLOWS_TO	
4572	4573	FLOWS_TO	
4573	4574	FLOWS_TO	
4574	4575	FLOWS_TO	
4575	4576	FLOWS_TO	
4576	4577	FLOWS_TO	
4577	4578	FLOWS_TO	
4578	4579	FLOWS_TO	
4579	4581	FLOWS_TO	
4581	4585	FLOWS_TO	
4585	4586	FLOWS_TO	
4586	4593	FLOWS_TO	
4593	4594	FLOWS_TO	
4594	4595	FLOWS_TO	
4595	4596	FLOWS_TO	
4596	4597	FLOWS_TO	
4597	4598	FLOWS_TO	
4598	4599	FLOWS_TO	
4599	4600	FLOWS_TO	
4600	4602	FLOWS_TO	
4602	4606	FLOWS_TO	
4606	4607	FLOWS_TO	
4607	4614	FLOWS_TO	
4614	4615	FLOWS_TO	
4615	4616	FLOWS_TO	
4616	4617	FLOWS_TO	
4617	4618	FLOWS_TO	
4618	4619	FLOWS_TO	
4619	4620	FLOWS_TO	
4620	4621	FLOWS_TO	
4621	4623	FLOWS_TO	
4623	4627	FLOWS_TO	
4627	4628	FLOWS_TO	
4628	4635	FLOWS_TO	
4635	4636	FLOWS_TO	
4636	4637	FLOWS_TO	
4637	4638	FLOWS_TO	
4638	4639	FLOWS_TO	
4639	4640	FLOWS_TO	
4640	4641	FLOWS_TO	
4641	4642	FLOWS_TO	
4642	4644	FLOWS_TO	
4644	4648	FLOWS_TO	
4648	4649	FLOWS_TO	
4649	4656	FLOWS_TO	
4656	4657	FLOWS_TO	
4657	4658	FLOWS_TO	
4658	4659	FLOWS_TO	
4659	4660	FLOWS_TO	
4660	4661	FLOWS_TO	
4661	4662	FLOWS_TO	
4662	4663	FLOWS_TO	
4663	4665	FLOWS_TO	
4665	4669	FLOWS_TO	
4669	4670	FLOWS_TO	
4670	4677	FLOWS_TO	
4677	4678	FLOWS_TO	
4678	4679	FLOWS_TO	
4679	4680	FLOWS_TO	
4680	4681	FLOWS_TO	
4681	4682	FLOWS_TO	
4682	4683	FLOWS_TO	
4683	4684	FLOWS_TO	
4684	4686	FLOWS_TO	
4686	4690	FLOWS_TO	
4690	4691	FLOWS_TO	
4691	4698	FLOWS_TO	
4698	4699	FLOWS_TO	
4699	4700	FLOWS_TO	
4700	4701	FLOWS_TO	
4701	4702	FLOWS_TO	
4702	4703	FLOWS_TO	
4703	4704	FLOWS_TO	
4704	4705	FLOWS_TO	
4705	4707	FLOWS_TO	
4707	4711	FLOWS_TO	
4711	4712	FLOWS_TO	
4712	4719	FLOWS_TO	
4719	4720	FLOWS_TO	
4720	4721	FLOWS_TO	
4721	4722	FLOWS_TO	
4722	4723	FLOWS_TO	
4723	4724	FLOWS_TO	
4724	4725	FLOWS_TO	
4725	4726	FLOWS_TO	
4726	4728	FLOWS_TO	
4728	4732	FLOWS_TO	
4732	4733	FLOWS_TO	
4733	4740	FLOWS_TO	
4740	4741	FLOWS_TO	
4741	4742	FLOWS_TO	
4742	4743	FLOWS_TO	
4743	4744	FLOWS_TO	
4744	4745	FLOWS_TO	
4745	4746	FLOWS_TO	
4746	4747	FLOWS_TO	
4747	4758	FLOWS_TO	
108	4759	USE	
109	4759	USE	
4751	4760	DEF	
108	4760	USE	
117	4760	USE	
153	4760	USE	
160	4760	USE	
203	4760	USE	
207	4760	USE	
203	4760	DEF	
207	4760	DEF	
214	4760	USE	
215	4760	USE	
1416	4761	USE	
3394	4762	DEF	
3395	4762	DEF	
3402	4763	DEF	
3403	4763	DEF	
1806	4764	DEF	
1810	4764	DEF	
1807	4764	DEF	
1839	4764	USE	
1843	4764	USE	
1900	4764	USE	
1909	4764	USE	
1926	4764	USE	
1988	4764	USE	
347	4765	DEF	
348	4765	DEF	
374	4766	USE	
380	4766	USE	
4670	4766	USE	
4675	4766	USE	
1353	4767	USE	
1354	4767	USE	
2147	4767	USE	
2148	4767	USE	
2566	4767	USE	
3722	4767	USE	
3723	4767	USE	
3981	4767	USE	
3982	4767	USE	
1078	4768	DEF	
1079	4768	DEF	
1756	4768	USE	
1769	4768	USE	
374	4769	DEF	
375	4769	DEF	
1224	4770	USE	
1252	4770	USE	
1255	4770	USE	
1288	4770	USE	
1540	4770	USE	
1542	4770	USE	
2048	4770	USE	
2054	4770	USE	
2069	4770	USE	
2162	4770	USE	
2171	4770	USE	
2186	4770	USE	
2188	4770	USE	
2455	4770	USE	
2480	4770	USE	
2536	4770	USE	
2539	4770	USE	
2608	4770	USE	
2617	4770	USE	
2619	4770	USE	
2628	4770	USE	
2630	4770	USE	
2632	4770	USE	
3092	4770	DEF	
3093	4770	DEF	
3183	4770	DEF	
3184	4770	DEF	
3194	4770	USE	
3195	4770	USE	
3204	4770	USE	
3205	4770	USE	
448	4771	DEF	
449	4771	DEF	
452	4771	DEF	
456	4771	USE	
461	4771	DEF	
462	4771	DEF	
478	4771	USE	
1135	4772	USE	
1155	4772	USE	
1261	4772	USE	
1284	4772	USE	
1657	4772	USE	
1674	4772	USE	
2335	4773	USE	
2359	4773	USE	
2377	4773	USE	
2428	4773	USE	
2545	4773	USE	
2548	4773	USE	
2566	4773	USE	
2572	4773	USE	
2587	4773	USE	
2580	4773	USE	
2591	4773	USE	
2604	4773	USE	
2619	4773	USE	
2624	4773	USE	
2630	4773	USE	
2631	4773	USE	
3487	4773	USE	
3557	4773	USE	
3568	4773	USE	
3689	4774	USE	
3693	4774	USE	
3813	4774	USE	
3814	4774	USE	
3919	4774	USE	
3923	4774	USE	
4068	4774	USE	
4069	4774	USE	
1523	4775	USE	
1524	4775	USE	
203	4776	DEF	
204	4776	DEF	
210	4776	USE	
211	4776	USE	
992	4777	USE	
993	4777	USE	
1135	4777	USE	
1657	4777	USE	
4173	4777	USE	
4174	4777	USE	
1802	4778	DEF	
1803	4778	DEF	
1900	4778	DEF	
1901	4778	DEF	
2030	4778	USE	
2031	4778	USE	
2905	4778	DEF	
2909	4778	DEF	
2906	4778	DEF	
2960	4778	USE	
2964	4778	USE	
2960	4778	DEF	
2964	4778	DEF	
2969	4778	USE	
2975	4778	USE	
2224	4779	USE	
178	4780	DEF	
182	4780	DEF	
179	4780	DEF	
185	4780	USE	
186	4780	USE	
497	4781	USE	
641	4781	DEF	
642	4781	DEF	
939	4781	USE	
950	4781	USE	
1839	4781	USE	
1843	4781	USE	
2801	4781	USE	
2985	4781	USE	
2986	4781	USE	
1632	4782	USE	
1657	4782	USE	
1664	4782	USE	
3153	4782	USE	
3194	4782	USE	
3196	4782	USE	
3234	4782	DEF	
3235	4782	DEF	
3394	4782	USE	
3395	4782	USE	
461	4783	USE	
462	4783	USE	
4479	4784	DEF	
4483	4784	DEF	
4480	4784	DEF	
4486	4784	USE	
4487	4784	USE	
2158	4785	USE	
2159	4785	USE	
365	4786	USE	
371	4786	USE	
4649	4786	USE	
4654	4786	USE	
2104	4787	USE	
3259	4788	USE	
555	4789	USE	
641	4789	USE	
642	4789	USE	
653	4789	USE	
654	4789	USE	
95	4790	DEF	
96	4790	DEF	
99	4790	DEF	
153	4790	DEF	
154	4790	DEF	
173	4790	USE	
1361	4791	USE	
1362	4791	USE	
1742	4791	DEF	
1743	4791	DEF	
2060	4791	USE	
2194	4791	DEF	
2195	4791	DEF	
1555	4792	USE	
1556	4792	USE	
1555	4792	DEF	
1556	4792	DEF	
1334	4793	USE	
1339	4793	USE	
2128	4793	USE	
2133	4793	USE	
2566	4793	USE	
3660	4793	USE	
3664	4793	USE	
3778	4793	USE	
3779	4793	USE	
3940	4793	USE	
3944	4793	USE	
4037	4793	USE	
4038	4793	USE	
4339	4793	USE	
4343	4793	USE	
3272	4794	USE	
3279	4794	USE	
4203	4795	USE	
4207	4795	USE	
522	4796	USE	
665	4796	DEF	
666	4796	DEF	
806	4796	USE	
810	4796	USE	
965	4796	USE	
966	4796	USE	
1213	4796	USE	
1214	4796	USE	
1632	4796	USE	
1657	4796	USE	
1664	4796	USE	
1815	4796	USE	
1819	4796	USE	
2480	4796	USE	
2875	4796	USE	
2876	4796	USE	
2954	4796	USE	
3194	4796	USE	
3195	4796	USE	
3204	4796	USE	
3205	4796	USE	
629	4797	DEF	
630	4797	DEF	
726	4797	DEF	
727	4797	DEF	
726	4797	USE	
727	4797	USE	
769	4797	USE	
770	4797	USE	
769	4797	DEF	
770	4797	DEF	
776	4797	USE	
497	4798	USE	
522	4798	USE	
1135	4798	USE	
1149	4798	USE	
2255	4798	USE	
2267	4798	USE	
2359	4798	USE	
2373	4798	USE	
2914	4799	DEF	
2915	4799	DEF	
2918	4799	DEF	
2979	4799	USE	
2980	4799	USE	
1561	4800	DEF	
1562	4800	DEF	
1881	4801	USE	
1892	4801	USE	
210	4802	DEF	
211	4802	DEF	
214	4802	DEF	
215	4802	DEF	
2566	4803	USE	
356	4804	DEF	
357	4804	DEF	
392	4805	DEF	
393	4805	DEF	
497	4806	USE	
522	4806	USE	
629	4806	DEF	
630	4806	DEF	
635	4806	DEF	
636	4806	DEF	
641	4806	DEF	
642	4806	DEF	
647	4806	DEF	
648	4806	DEF	
653	4806	DEF	
654	4806	DEF	
665	4806	DEF	
666	4806	DEF	
677	4806	DEF	
678	4806	DEF	
726	4806	USE	
727	4806	USE	
726	4806	DEF	
727	4806	DEF	
769	4806	USE	
770	4806	USE	
769	4806	DEF	
770	4806	DEF	
776	4806	USE	
784	4806	USE	
789	4806	USE	
794	4806	USE	
801	4806	USE	
806	4806	USE	
810	4806	USE	
835	4806	USE	
841	4806	USE	
850	4806	USE	
855	4806	USE	
939	4806	USE	
950	4806	USE	
954	4806	USE	
946	4806	USE	
965	4806	USE	
966	4806	USE	
1072	4806	DEF	
1073	4806	DEF	
1078	4806	DEF	
1079	4806	DEF	
1213	4806	USE	
1214	4806	USE	
1238	4806	USE	
1252	4806	USE	
1255	4806	USE	
1288	4806	USE	
1295	4806	USE	
1300	4806	USE	
1306	4806	DEF	
1307	4806	DEF	
1314	4806	DEF	
1315	4806	DEF	
1540	4806	USE	
1542	4806	USE	
1632	4806	USE	
1657	4806	USE	
1664	4806	USE	
1751	4806	USE	
1756	4806	USE	
1759	4806	USE	
1769	4806	USE	
1806	4806	USE	
1810	4806	USE	
1815	4806	USE	
1819	4806	USE	
1824	4806	USE	
1828	4806	USE	
1839	4806	USE	
1843	4806	USE	
1869	4806	USE	
1955	4806	USE	
1960	4806	USE	
2030	4806	DEF	
2031	4806	DEF	
2048	4806	USE	
2054	4806	USE	
2069	4806	USE	
2076	4806	USE	
2081	4806	USE	
2087	4806	DEF	
2088	4806	DEF	
2095	4806	DEF	
2096	4806	DEF	
2186	4806	USE	
2188	4806	USE	
2480	4806	USE	
2509	4806	USE	
2536	4806	USE	
2539	4806	USE	
2630	4806	USE	
2632	4806	USE	
2667	4806	USE	
2760	4806	USE	
2801	4806	USE	
2842	4806	USE	
2875	4806	USE	
2876	4806	USE	
2900	4806	USE	
2905	4806	USE	
2909	4806	USE	
2914	4806	USE	
2918	4806	USE	
2940	4806	USE	
2954	4806	USE	
2985	4806	USE	
2986	4806	USE	
3194	4806	USE	
3195	4806	USE	
3204	4806	USE	
3205	4806	USE	
3689	4806	USE	
3693	4806	USE	
3794	4806	USE	
3803	4806	USE	
3919	4806	USE	
3923	4806	USE	
4053	4806	USE	
4062	4806	USE	
4129	4806	USE	
4141	4806	USE	
4146	4806	USE	
4151	4806	USE	
4157	4806	DEF	
4158	4806	DEF	
4165	4806	DEF	
4166	4806	DEF	
4190	4806	DEF	
4191	4806	DEF	
4196	4806	DEF	
4197	4806	DEF	
4203	4806	USE	
4210	4806	USE	
4233	4806	USE	
4223	4806	USE	
4239	4806	USE	
4369	4806	USE	
347	4807	USE	
353	4807	USE	
4607	4807	USE	
4612	4807	USE	
653	4808	DEF	
654	4808	DEF	
806	4808	USE	
810	4808	USE	
965	4808	USE	
966	4808	USE	
1213	4808	USE	
1214	4808	USE	
1632	4808	USE	
1806	4808	USE	
1810	4808	USE	
2480	4808	USE	
2875	4808	USE	
2876	4808	USE	
2940	4808	USE	
3030	4809	USE	
3037	4809	USE	
3068	4809	USE	
3520	4809	USE	
3527	4809	USE	
3557	4809	USE	
3564	4809	USE	
1323	4810	USE	
1334	4810	USE	
1339	4810	USE	
1345	4810	USE	
1346	4810	USE	
1353	4810	USE	
1354	4810	USE	
1361	4810	USE	
1362	4810	USE	
1416	4810	USE	
1453	4810	USE	
1555	4810	USE	
1556	4810	USE	
1555	4810	DEF	
1556	4810	DEF	
1561	4810	DEF	
1562	4810	DEF	
1742	4810	DEF	
1743	4810	DEF	
1775	4810	USE	
1780	4810	USE	
2060	4810	USE	
2104	4810	USE	
2117	4810	USE	
2128	4810	USE	
2133	4810	USE	
2139	4810	USE	
2140	4810	USE	
2147	4810	USE	
2148	4810	USE	
2194	4810	DEF	
2195	4810	DEF	
2201	4810	USE	
2206	4810	USE	
2211	4810	USE	
2215	4810	DEF	
2216	4810	DEF	
2224	4810	USE	
2566	4810	USE	
3022	4810	USE	
3023	4810	USE	
3512	4810	USE	
3513	4810	USE	
3660	4810	USE	
3664	4810	USE	
3722	4810	USE	
3723	4810	USE	
3750	4810	USE	
3751	4810	USE	
3778	4810	USE	
3779	4810	USE	
3940	4810	USE	
3944	4810	USE	
3981	4810	USE	
3982	4810	USE	
4009	4810	USE	
4010	4810	USE	
4037	4810	USE	
4038	4810	USE	
4339	4810	USE	
4343	4810	USE	
3638	4811	USE	
3642	4811	USE	
3895	4811	USE	
3899	4811	USE	
4315	4811	USE	
4319	4811	USE	
2545	4812	USE	
88	4813	DEF	
89	4813	DEF	
92	4813	DEF	
138	4813	USE	
147	4813	USE	
153	4813	USE	
166	4813	USE	
173	4813	USE	
190	4813	DEF	
191	4813	DEF	
190	4813	USE	
191	4813	USE	
1361	4814	DEF	
1362	4814	DEF	
4470	4815	DEF	
4471	4815	DEF	
4475	4815	DEF	
4524	4815	USE	
4526	4815	USE	
4534	4815	USE	
4537	4815	USE	
461	4816	USE	
470	4816	USE	
4203	4817	USE	
4207	4817	USE	
3272	4818	USE	
3277	4818	USE	
329	4819	USE	
335	4819	USE	
4565	4819	USE	
4570	4819	USE	
273	4820	DEF	
274	4820	DEF	
277	4820	DEF	
287	4820	USE	
292	4820	USE	
303	4820	USE	
310	4820	USE	
4452	4821	DEF	
4453	4821	DEF	
4456	4821	DEF	
4518	4821	DEF	
4519	4821	DEF	
4524	4821	USE	
4530	4821	USE	
4534	4821	USE	
4541	4821	USE	
897	4822	DEF	
898	4822	DEF	
939	4822	DEF	
940	4822	DEF	
958	4822	USE	
963	4822	USE	
1009	4822	USE	
1014	4822	USE	
1029	4822	USE	
4375	4823	DEF	
4376	4823	DEF	
4388	4823	DEF	
4389	4823	DEF	
4401	4823	DEF	
4402	4823	DEF	
4414	4823	DEF	
4415	4823	DEF	
1815	4824	DEF	
1816	4824	DEF	
1819	4824	DEF	
1824	4824	USE	
1828	4824	USE	
1900	4824	USE	
1909	4824	USE	
1939	4824	USE	
1974	4824	USE	
247	4825	USE	
262	4825	USE	
939	4826	USE	
940	4826	USE	
3068	4827	USE	
3557	4827	USE	
3564	4827	USE	
3718	4828	DEF	
3719	4828	DEF	
3778	4828	DEF	
3779	4828	DEF	
3809	4828	USE	
3810	4828	USE	
138	4829	USE	
139	4829	USE	
1072	4830	USE	
1073	4830	USE	
2545	4831	USE	
2566	4831	USE	
427	4832	USE	
436	4832	USE	
440	4832	USE	
3243	4833	USE	
3248	4833	USE	
3689	4834	DEF	
3690	4834	DEF	
3693	4834	DEF	
3794	4834	USE	
3799	4834	USE	
3813	4834	DEF	
3814	4834	DEF	
3813	4834	USE	
3814	4834	USE	
3940	4834	DEF	
3941	4834	DEF	
3944	4834	DEF	
4053	4834	USE	
4058	4834	USE	
4072	4834	USE	
4073	4834	USE	
4072	4834	DEF	
4073	4834	DEF	
392	4835	USE	
398	4835	USE	
4712	4835	USE	
4717	4835	USE	
2680	4836	USE	
4502	4837	DEF	
4503	4837	DEF	
819	4838	DEF	
820	4838	DEF	
828	4838	USE	
824	4838	DEF	
825	4838	DEF	
832	4838	USE	
832	4838	DEF	
835	4838	USE	
848	4838	USE	
841	4838	USE	
905	4838	DEF	
906	4838	DEF	
980	4838	USE	
976	4838	DEF	
977	4838	DEF	
984	4838	USE	
984	4838	DEF	
992	4838	USE	
1001	4838	USE	
1009	4838	USE	
1016	4838	USE	
1854	4838	DEF	
1855	4838	DEF	
1926	4838	USE	
1918	4838	DEF	
1920	4838	DEF	
1930	4838	DEF	
1930	4838	USE	
1988	4838	USE	
2658	4838	DEF	
2659	4838	DEF	
2680	4838	USE	
2676	4838	DEF	
2677	4838	DEF	
2686	4838	DEF	
2686	4838	USE	
2712	4838	USE	
2721	4838	USE	
2927	4838	DEF	
2928	4838	DEF	
2940	4838	USE	
2936	4838	DEF	
2937	4838	DEF	
2946	4838	DEF	
2946	4838	USE	
1858	4839	DEF	
1859	4839	DEF	
1939	4839	USE	
1935	4839	DEF	
1936	4839	DEF	
1943	4839	USE	
1944	4839	USE	
1943	4839	DEF	
1944	4839	DEF	
1974	4839	USE	
2662	4839	DEF	
2663	4839	DEF	
2698	4839	USE	
2694	4839	DEF	
2695	4839	DEF	
2704	4839	USE	
2704	4839	DEF	
2712	4839	USE	
2719	4839	USE	
2931	4839	DEF	
2932	4839	DEF	
2954	4839	USE	
2950	4839	DEF	
2951	4839	DEF	
2960	4839	DEF	
2961	4839	DEF	
2960	4839	USE	
2961	4839	USE	
1862	4840	DEF	
1863	4840	DEF	
1918	4840	DEF	
1923	4840	DEF	
1943	4840	USE	
1947	4840	USE	
1943	4840	DEF	
1947	4840	DEF	
616	4841	USE	
617	4841	USE	
4524	4842	DEF	
4525	4842	DEF	
4534	4842	USE	
4535	4842	USE	
2566	4843	USE	
4245	4844	DEF	
4246	4844	DEF	
4258	4844	DEF	
4259	4844	DEF	
4271	4844	DEF	
4272	4844	DEF	
4284	4844	DEF	
4285	4844	DEF	
4375	4844	USE	
4376	4844	USE	
4388	4844	USE	
4389	4844	USE	
4401	4844	USE	
4402	4844	USE	
4414	4844	USE	
4415	4844	USE	
461	4845	USE	
474	4845	USE	
103	4846	USE	
3377	4847	USE	
3390	4847	USE	
4203	4848	USE	
4207	4848	USE	
3660	4849	DEF	
3661	4849	DEF	
3664	4849	DEF	
3794	4849	USE	
3801	4849	USE	
3809	4849	DEF	
3810	4849	DEF	
3809	4849	USE	
3810	4849	USE	
3919	4849	DEF	
3923	4849	DEF	
3920	4849	DEF	
4053	4849	USE	
4060	4849	USE	
4068	4849	USE	
4069	4849	USE	
4068	4849	DEF	
4069	4849	DEF	
329	4850	DEF	
330	4850	DEF	
2698	4851	USE	
555	4852	USE	
635	4852	USE	
636	4852	USE	
665	4852	USE	
666	4852	USE	
2698	4853	USE	
2694	4853	USE	
2695	4853	USE	
3347	4853	USE	
3394	4853	USE	
3396	4853	USE	
3597	4853	DEF	
3598	4853	DEF	
3626	4853	USE	
3622	4853	DEF	
3623	4853	DEF	
3630	4853	DEF	
3630	4853	USE	
3638	4853	USE	
3650	4853	USE	
3660	4853	USE	
3664	4853	USE	
3689	4853	USE	
3693	4853	USE	
3750	4853	USE	
3751	4853	USE	
3761	4853	USE	
3770	4853	USE	
3771	4853	USE	
3854	4853	DEF	
3855	4853	DEF	
3883	4853	USE	
3879	4853	DEF	
3880	4853	DEF	
3887	4853	DEF	
3887	4853	USE	
3895	4853	USE	
3907	4853	USE	
3919	4853	USE	
3923	4853	USE	
3940	4853	USE	
3944	4853	USE	
4009	4853	USE	
4010	4853	USE	
4020	4853	USE	
4029	4853	USE	
4030	4853	USE	
4105	4853	USE	
4117	4853	USE	
4203	4853	USE	
4207	4853	USE	
4315	4853	USE	
4327	4853	USE	
4339	4853	USE	
4343	4853	USE	
3017	4854	DEF	
3018	4854	DEF	
3028	4854	USE	
3022	4854	DEF	
3023	4854	DEF	
3030	4854	DEF	
3030	4854	USE	
3032	4854	USE	
3037	4854	USE	
3039	4854	USE	
3046	4854	USE	
3068	4854	USE	
3069	4854	USE	
3426	4854	DEF	
3427	4854	DEF	
3518	4854	USE	
3512	4854	DEF	
3513	4854	DEF	
3520	4854	DEF	
3520	4854	USE	
3522	4854	USE	
3527	4854	USE	
3529	4854	USE	
3536	4854	USE	
3557	4854	USE	
3565	4854	USE	
497	4855	USE	
514	4855	USE	
505	4855	USE	
522	4855	USE	
528	4855	USE	
548	4855	DEF	
549	4855	DEF	
616	4855	DEF	
617	4855	DEF	
629	4855	USE	
631	4855	USE	
635	4855	USE	
637	4855	USE	
641	4855	USE	
643	4855	USE	
647	4855	USE	
649	4855	USE	
653	4855	USE	
655	4855	USE	
665	4855	USE	
667	4855	USE	
677	4855	USE	
679	4855	USE	
685	4855	USE	
699	4855	USE	
726	4855	USE	
728	4855	USE	
732	4855	USE	
745	4855	USE	
769	4855	USE	
771	4855	USE	
776	4855	USE	
778	4855	USE	
784	4855	USE	
785	4855	USE	
789	4855	USE	
795	4855	USE	
801	4855	USE	
802	4855	USE	
806	4855	USE	
813	4855	USE	
816	4855	USE	
835	4855	USE	
842	4855	USE	
846	4855	USE	
850	4855	USE	
856	4855	USE	
865	4855	USE	
874	4855	USE	
912	4855	USE	
939	4855	USE	
947	4855	USE	
955	4855	USE	
951	4855	USE	
965	4855	USE	
969	4855	USE	
972	4855	USE	
992	4855	USE	
999	4855	USE	
1048	4855	USE	
1072	4855	USE	
1074	4855	USE	
1078	4855	USE	
1080	4855	USE	
1108	4855	USE	
1135	4855	USE	
1140	4855	USE	
1147	4855	USE	
1186	4855	USE	
1213	4855	USE	
1217	4855	USE	
1220	4855	USE	
1238	4855	USE	
1241	4855	USE	
1245	4855	USE	
1250	4855	USE	
1252	4855	USE	
1256	4855	USE	
1288	4855	USE	
1291	4855	USE	
1295	4855	USE	
1301	4855	USE	
1306	4855	USE	
1308	4855	USE	
1314	4855	USE	
1316	4855	USE	
1540	4855	USE	
1543	4855	USE	
1604	4855	USE	
1632	4855	USE	
1640	4855	USE	
1649	4855	USE	
1657	4855	USE	
1662	4855	USE	
1668	4855	USE	
1691	4855	USE	
1751	4855	USE	
1752	4855	USE	
1756	4855	USE	
1770	4855	USE	
1765	4855	USE	
1761	4855	USE	
1806	4855	USE	
1812	4855	USE	
1815	4855	USE	
1821	4855	USE	
1824	4855	USE	
1831	4855	USE	
1839	4855	USE	
1846	4855	USE	
1869	4855	USE	
1871	4855	USE	
1955	4855	USE	
1961	4855	USE	
2030	4855	USE	
2032	4855	USE	
2048	4855	USE	
2055	4855	USE	
2069	4855	USE	
2072	4855	USE	
2076	4855	USE	
2082	4855	USE	
2087	4855	USE	
2089	4855	USE	
2095	4855	USE	
2097	4855	USE	
2162	4855	USE	
2169	4855	USE	
2186	4855	USE	
2189	4855	USE	
2255	4855	USE	
2265	4855	USE	
2278	4855	USE	
2283	4855	USE	
2308	4855	USE	
2359	4855	USE	
2364	4855	USE	
2371	4855	USE	
2401	4855	USE	
2480	4855	USE	
2487	4855	USE	
2484	4855	USE	
2509	4855	USE	
2512	4855	USE	
2529	4855	USE	
2534	4855	USE	
2536	4855	USE	
2540	4855	USE	
2608	4855	USE	
2615	4855	USE	
2619	4855	USE	
2626	4855	USE	
2630	4855	USE	
2633	4855	USE	
2667	4855	USE	
2670	4855	USE	
2712	4855	USE	
2717	4855	USE	
2735	4855	USE	
2760	4855	USE	
2761	4855	USE	
2776	4855	USE	
2801	4855	USE	
2802	4855	USE	
2817	4855	USE	
2842	4855	USE	
2843	4855	USE	
2868	4855	USE	
2875	4855	USE	
2882	4855	USE	
2885	4855	USE	
2900	4855	USE	
2901	4855	USE	
2905	4855	USE	
2911	4855	USE	
2914	4855	USE	
2924	4855	USE	
2940	4855	USE	
2943	4855	USE	
2954	4855	USE	
2957	4855	USE	
2985	4855	USE	
2998	4855	USE	
2991	4855	USE	
2995	4855	USE	
3037	4855	USE	
3099	4855	USE	
3183	4855	USE	
3190	4855	USE	
3194	4855	USE	
3201	4855	USE	
3204	4855	USE	
3211	4855	USE	
3293	4855	USE	
3377	4855	USE	
3382	4855	USE	
3433	4855	USE	
3527	4855	USE	
3557	4855	USE	
3562	4855	USE	
3638	4855	USE	
3648	4855	USE	
3689	4855	USE	
3704	4855	USE	
3794	4855	USE	
3806	4855	USE	
3895	4855	USE	
3905	4855	USE	
3919	4855	USE	
3934	4855	USE	
4053	4855	USE	
4065	4855	USE	
4105	4855	USE	
4115	4855	USE	
4129	4855	USE	
4132	4855	USE	
4141	4855	USE	
4142	4855	USE	
4146	4855	USE	
4152	4855	USE	
4157	4855	USE	
4159	4855	USE	
4165	4855	USE	
4167	4855	USE	
4173	4855	USE	
4180	4855	USE	
4190	4855	USE	
4192	4855	USE	
4196	4855	USE	
4198	4855	USE	
4203	4855	USE	
4234	4855	USE	
4224	4855	USE	
4211	4855	USE	
4239	4855	USE	
4240	4855	USE	
4315	4855	USE	
4325	4855	USE	
4369	4855	USE	
4370	4855	USE	
2680	4856	USE	
2676	4856	USE	
2677	4856	USE	
3347	4856	USE	
3402	4856	USE	
3404	4856	USE	
3601	4856	DEF	
3602	4856	DEF	
3610	4856	USE	
3606	4856	DEF	
3607	4856	DEF	
3614	4856	DEF	
3614	4856	USE	
3638	4856	USE	
3652	4856	USE	
3660	4856	USE	
3664	4856	USE	
3689	4856	USE	
3693	4856	USE	
3722	4856	USE	
3723	4856	USE	
3733	4856	USE	
3742	4856	USE	
3743	4856	USE	
3858	4856	DEF	
3859	4856	DEF	
3867	4856	USE	
3863	4856	DEF	
3864	4856	DEF	
3871	4856	USE	
3871	4856	DEF	
3895	4856	USE	
3909	4856	USE	
3919	4856	USE	
3923	4856	USE	
3940	4856	USE	
3944	4856	USE	
3981	4856	USE	
3982	4856	USE	
3992	4856	USE	
4001	4856	USE	
4002	4856	USE	
4105	4856	USE	
4119	4856	USE	
4203	4856	USE	
4207	4856	USE	
4315	4856	USE	
4329	4856	USE	
4339	4856	USE	
4343	4856	USE	
497	4857	USE	
635	4857	DEF	
636	4857	DEF	
939	4857	USE	
946	4857	USE	
1824	4857	USE	
1828	4857	USE	
2760	4857	USE	
2985	4857	USE	
2986	4857	USE	
497	4858	USE	
522	4858	USE	
1135	4858	USE	
1151	4858	USE	
2255	4858	USE	
2269	4858	USE	
2359	4858	USE	
2375	4858	USE	
338	4859	USE	
344	4859	USE	
4586	4859	USE	
4591	4859	USE	
4445	4860	DEF	
4446	4860	DEF	
4449	4860	DEF	
4534	4860	DEF	
4535	4860	DEF	
4544	4860	USE	
4549	4860	USE	
1135	4861	USE	
1142	4861	USE	
2255	4861	USE	
2259	4861	USE	
2359	4861	USE	
2366	4861	USE	
4105	4861	USE	
4109	4861	USE	
2255	4862	DEF	
2259	4862	DEF	
2256	4862	DEF	
2272	4862	USE	
2278	4862	USE	
2285	4862	USE	
4105	4862	DEF	
4106	4862	DEF	
4109	4862	DEF	
4122	4862	USE	
4129	4862	USE	
4173	4862	USE	
4182	4862	USE	
4190	4862	USE	
4191	4862	USE	
4524	4863	DEF	
4525	4863	DEF	
4534	4863	USE	
4535	4863	USE	
835	4864	USE	
840	4864	USE	
1252	4864	USE	
1253	4864	USE	
1540	4864	DEF	
1541	4864	DEF	
2048	4864	USE	
2052	4864	USE	
2186	4864	DEF	
2187	4864	DEF	
2536	4864	USE	
2537	4864	USE	
2630	4864	DEF	
2631	4864	DEF	
677	4865	DEF	
678	4865	DEF	
1288	4865	USE	
1314	4865	DEF	
1315	4865	DEF	
2069	4865	USE	
2095	4865	DEF	
2096	4865	DEF	
4129	4865	USE	
4157	4865	DEF	
4158	4865	DEF	
4190	4865	DEF	
4191	4865	DEF	
1323	4866	USE	
2117	4866	USE	
410	4867	DEF	
411	4867	DEF	
4339	4868	DEF	
4340	4868	DEF	
4343	4868	DEF	
4375	4868	DEF	
4379	4868	DEF	
4375	4868	USE	
4379	4868	USE	
4388	4868	DEF	
4392	4868	DEF	
4388	4868	USE	
4392	4868	USE	
4401	4868	DEF	
4405	4868	DEF	
4401	4868	USE	
4405	4868	USE	
4414	4868	USE	
4418	4868	USE	
4414	4868	DEF	
4418	4868	DEF	
4518	4869	USE	
4519	4869	USE	
4524	4870	DEF	
4525	4870	DEF	
4534	4870	USE	
4535	4870	USE	
4502	4871	USE	
4504	4871	USE	
4524	4871	USE	
4525	4871	USE	
1135	4872	USE	
1153	4872	USE	
1261	4872	USE	
1280	4872	USE	
1657	4872	USE	
1672	4872	USE	
383	4873	DEF	
384	4873	DEF	
1345	4874	DEF	
1346	4874	DEF	
1983	4874	DEF	
1984	4874	DEF	
2139	4874	DEF	
2140	4874	DEF	
647	4875	DEF	
648	4875	DEF	
939	4875	USE	
954	4875	USE	
1955	4875	USE	
1960	4875	USE	
2842	4875	USE	
2914	4875	USE	
2918	4875	USE	
2985	4875	USE	
2986	4875	USE	
3689	4875	USE	
3693	4875	USE	
3794	4875	USE	
3803	4875	USE	
3919	4875	USE	
3923	4875	USE	
4053	4875	USE	
4062	4875	USE	
4239	4875	USE	
4369	4875	USE	
988	4876	DEF	
989	4876	DEF	
992	4876	DEF	
993	4876	DEF	
1009	4876	USE	
1018	4876	USE	
1020	4876	USE	
1025	4876	USE	
1175	4876	DEF	
1176	4876	DEF	
1252	4876	DEF	
1253	4876	DEF	
1323	4876	USE	
1325	4876	USE	
1334	4876	USE	
1340	4876	USE	
1345	4876	USE	
1348	4876	USE	
1353	4876	USE	
1356	4876	USE	
1361	4876	USE	
1364	4876	USE	
1416	4876	USE	
1417	4876	USE	
1453	4876	USE	
1454	4876	USE	
1481	4876	USE	
1486	4876	USE	
1509	4876	USE	
1514	4876	USE	
1523	4876	DEF	
1524	4876	DEF	
1540	4876	USE	
1541	4876	USE	
1548	4876	USE	
1553	4876	USE	
1555	4876	USE	
1557	4876	USE	
1561	4876	USE	
1563	4876	USE	
1571	4876	USE	
1576	4876	USE	
1578	4876	USE	
1718	4876	USE	
1742	4876	USE	
1744	4876	USE	
1756	4876	USE	
1767	4876	USE	
1775	4876	USE	
1781	4876	USE	
1791	4876	USE	
2048	4876	DEF	
2052	4876	DEF	
2049	4876	DEF	
2060	4876	USE	
2063	4876	USE	
2104	4876	USE	
2105	4876	USE	
2109	4876	USE	
2114	4876	USE	
2117	4876	USE	
2119	4876	USE	
2128	4876	USE	
2134	4876	USE	
2139	4876	USE	
2142	4876	USE	
2147	4876	USE	
2150	4876	USE	
2158	4876	DEF	
2159	4876	DEF	
2162	4876	USE	
2167	4876	USE	
2186	4876	USE	
2187	4876	USE	
2194	4876	USE	
2196	4876	USE	
2201	4876	USE	
2202	4876	USE	
2206	4876	USE	
2212	4876	USE	
2215	4876	USE	
2217	4876	USE	
2224	4876	USE	
2226	4876	USE	
2233	4876	USE	
2238	4876	USE	
2394	4876	DEF	
2395	4876	DEF	
2536	4876	DEF	
2537	4876	DEF	
2566	4876	USE	
2584	4876	USE	
2569	4876	USE	
2577	4876	USE	
2591	4876	USE	
2606	4876	USE	
2608	4876	USE	
2613	4876	USE	
3022	4876	USE	
3025	4876	USE	
3126	4876	USE	
3183	4876	USE	
3192	4876	USE	
3320	4876	USE	
3377	4876	USE	
3384	4876	USE	
3460	4876	USE	
3512	4876	USE	
3515	4876	USE	
3638	4876	DEF	
3642	4876	DEF	
3639	4876	DEF	
3660	4876	USE	
3667	4876	USE	
3678	4876	USE	
3686	4876	USE	
3722	4876	USE	
3726	4876	USE	
3750	4876	USE	
3754	4876	USE	
3778	4876	USE	
3782	4876	USE	
3785	4876	USE	
3817	4876	USE	
3822	4876	USE	
3895	4876	DEF	
3896	4876	DEF	
3899	4876	DEF	
3940	4876	USE	
3966	4876	USE	
3947	4876	USE	
3958	4876	USE	
3981	4876	USE	
3985	4876	USE	
4009	4876	USE	
4013	4876	USE	
4037	4876	USE	
4041	4876	USE	
4044	4876	USE	
4076	4876	USE	
4081	4876	USE	
4136	4876	DEF	
4137	4876	DEF	
4173	4876	DEF	
4174	4876	DEF	
4196	4876	USE	
4197	4876	USE	
4315	4876	DEF	
4319	4876	DEF	
4316	4876	DEF	
4339	4876	USE	
4346	4876	USE	
4357	4876	USE	
4365	4876	USE	
4426	4876	USE	
4431	4876	USE	
4524	4877	USE	
4526	4877	USE	
4534	4877	USE	
4537	4877	USE	
185	4878	DEF	
186	4878	DEF	
303	4878	USE	
383	4879	USE	
389	4879	USE	
4691	4879	USE	
4696	4879	USE	
3689	4880	USE	
3693	4880	USE	
3919	4880	USE	
3923	4880	USE	
4245	4880	USE	
4249	4880	USE	
4245	4880	DEF	
4249	4880	DEF	
4258	4880	DEF	
4262	4880	DEF	
4258	4880	USE	
4262	4880	USE	
4271	4880	USE	
4275	4880	USE	
4271	4880	DEF	
4275	4880	DEF	
4284	4880	USE	
4288	4880	USE	
4284	4880	DEF	
4288	4880	DEF	
4375	4880	DEF	
4384	4880	DEF	
4375	4880	USE	
4384	4880	USE	
4388	4880	DEF	
4397	4880	DEF	
4388	4880	USE	
4397	4880	USE	
4401	4880	DEF	
4410	4880	DEF	
4401	4880	USE	
4410	4880	USE	
4414	4880	USE	
4423	4880	USE	
4414	4880	DEF	
4423	4880	DEF	
806	4881	DEF	
810	4881	DEF	
807	4881	DEF	
828	4881	USE	
1179	4881	DEF	
1180	4881	DEF	
1213	4881	DEF	
1214	4881	DEF	
1224	4881	USE	
122	4882	USE	
247	4882	USE	
566	4883	USE	
573	4883	USE	
598	4883	USE	
605	4883	USE	
708	4883	USE	
715	4883	USE	
754	4883	USE	
761	4883	USE	
921	4883	USE	
928	4883	USE	
1057	4883	USE	
1064	4883	USE	
1117	4883	USE	
1124	4883	USE	
1195	4883	USE	
1202	4883	USE	
1613	4883	USE	
1620	4883	USE	
1700	4883	USE	
1707	4883	USE	
1727	4883	USE	
1734	4883	USE	
2317	4883	USE	
2324	4883	USE	
2344	4883	USE	
2351	4883	USE	
2410	4883	USE	
2417	4883	USE	
2437	4883	USE	
2444	4883	USE	
2462	4883	USE	
2469	4883	USE	
2493	4883	USE	
2500	4883	USE	
2744	4883	USE	
2751	4883	USE	
2785	4883	USE	
2792	4883	USE	
2826	4883	USE	
2833	4883	USE	
3108	4883	USE	
3115	4883	USE	
3135	4883	USE	
3142	4883	USE	
3168	4883	USE	
3175	4883	USE	
3302	4883	USE	
3309	4883	USE	
3329	4883	USE	
3336	4883	USE	
3362	4883	USE	
3369	4883	USE	
3442	4883	USE	
3449	4883	USE	
3469	4883	USE	
3476	4883	USE	
3496	4883	USE	
3503	4883	USE	
247	4884	USE	
273	4884	USE	
283	4884	USE	
338	4885	DEF	
339	4885	DEF	
1078	4886	USE	
1079	4886	USE	
4524	4887	USE	
4528	4887	USE	
4534	4887	USE	
4539	4887	USE	
80	4888	DEF	
81	4888	DEF	
108	4888	DEF	
109	4888	DEF	
122	4888	USE	
128	4888	USE	
4754	4889	DEF	
103	4889	USE	
229	4889	USE	
410	4890	USE	
416	4890	USE	
1252	4891	USE	
1253	4891	USE	
1540	4891	DEF	
1541	4891	DEF	
2048	4891	USE	
2052	4891	USE	
2186	4891	DEF	
2187	4891	DEF	
2536	4891	USE	
2537	4891	USE	
2630	4891	DEF	
2631	4891	DEF	
238	4892	USE	
2896	4893	USE	
1632	4894	USE	
1657	4894	USE	
1664	4894	USE	
3153	4894	USE	
3204	4894	USE	
3206	4894	USE	
3238	4894	DEF	
3239	4894	DEF	
3402	4894	USE	
3403	4894	USE	
3022	4895	USE	
3023	4895	USE	
3512	4895	USE	
3513	4895	USE	
4459	4896	DEF	
4460	4896	DEF	
4463	4896	DEF	
4512	4896	DEF	
4513	4896	DEF	
273	4897	USE	
285	4897	USE	
3622	4898	USE	
3623	4898	USE	
3689	4898	USE	
3693	4898	USE	
3879	4898	USE	
3880	4898	USE	
3919	4898	USE	
3923	4898	USE	
1775	4899	USE	
1786	4899	USE	
3626	4900	USE	
3761	4900	USE	
3770	4900	USE	
3771	4900	USE	
3883	4900	USE	
4020	4900	USE	
4029	4900	USE	
4030	4900	USE	
1824	4901	DEF	
1828	4901	DEF	
1825	4901	DEF	
1983	4901	USE	
1984	4901	USE	
84	4902	DEF	
85	4902	DEF	
138	4902	DEF	
139	4902	DEF	
153	4902	USE	
164	4902	USE	
196	4902	USE	
201	4902	USE	
218	4902	USE	
223	4902	USE	
365	4903	DEF	
366	4903	DEF	
3194	4904	DEF	
3195	4904	DEF	
2969	4905	USE	
2858	4906	DEF	
2862	4906	DEF	
2859	4906	DEF	
2875	4906	DEF	
2876	4906	DEF	
2875	4906	USE	
2876	4906	USE	
2979	4906	USE	
2980	4906	USE	
2979	4906	DEF	
2980	4906	DEF	
2985	4906	USE	
2986	4906	USE	
2985	4906	DEF	
2986	4906	DEF	
3001	4906	USE	
4203	4907	USE	
4207	4907	USE	
1353	4908	DEF	
1354	4908	DEF	
1997	4908	DEF	
1998	4908	DEF	
2147	4908	DEF	
2148	4908	DEF	
4466	4909	DEF	
4467	4909	DEF	
4486	4909	DEF	
4487	4909	DEF	
4508	4909	DEF	
4509	4909	DEF	
401	4910	DEF	
402	4910	DEF	
784	4911	USE	
789	4911	USE	
794	4911	USE	
1295	4911	USE	
1300	4911	USE	
1306	4911	DEF	
1307	4911	DEF	
2076	4911	USE	
2081	4911	USE	
2087	4911	DEF	
2088	4911	DEF	
4141	4911	USE	
4146	4911	USE	
4151	4911	USE	
4165	4911	DEF	
4166	4911	DEF	
4196	4911	DEF	
4197	4911	DEF	
4203	4911	USE	
4233	4911	USE	
4210	4911	USE	
4223	4911	USE	
273	4912	USE	
277	4912	USE	
1900	4913	USE	
1901	4913	USE	
4496	4914	USE	
4502	4914	USE	
4503	4914	USE	
4524	4915	USE	
4526	4915	USE	
4534	4915	USE	
4537	4915	USE	
3977	4916	DEF	
3978	4916	DEF	
4037	4916	DEF	
4038	4916	DEF	
4072	4916	USE	
4073	4916	USE	
4512	4917	USE	
4513	4917	USE	
303	4918	USE	
1268	4919	USE	
1275	4919	USE	
2516	4919	USE	
2523	4919	USE	
2552	4919	USE	
2559	4919	USE	
2591	4919	USE	
2598	4919	USE	
3053	4919	USE	
3060	4919	USE	
3543	4919	USE	
3550	4919	USE	
1345	4920	USE	
1346	4920	USE	
2139	4920	USE	
2140	4920	USE	
2566	4920	USE	
3660	4920	USE	
3664	4920	USE	
3750	4920	USE	
3751	4920	USE	
3778	4920	USE	
3779	4920	USE	
3940	4920	USE	
3944	4920	USE	
4009	4920	USE	
4010	4920	USE	
4037	4920	USE	
4038	4920	USE	
4339	4920	USE	
4343	4920	USE	
3606	4921	USE	
3607	4921	USE	
3689	4921	USE	
3693	4921	USE	
3863	4921	USE	
3864	4921	USE	
3919	4921	USE	
3923	4921	USE	
225	4922	USE	
234	4922	USE	
3610	4923	USE	
3733	4923	USE	
3742	4923	USE	
3743	4923	USE	
3867	4923	USE	
3992	4923	USE	
4001	4923	USE	
4002	4923	USE	
356	4924	USE	
362	4924	USE	
4628	4924	USE	
4633	4924	USE	
3377	4925	USE	
3386	4925	USE	
3030	4926	USE	
3520	4926	USE	
3714	4927	DEF	
3715	4927	DEF	
3750	4927	DEF	
3751	4927	DEF	
3761	4927	USE	
3770	4927	DEF	
3771	4927	DEF	
3794	4927	USE	
3803	4927	USE	
3973	4927	DEF	
3974	4927	DEF	
4009	4927	DEF	
4010	4927	DEF	
4020	4927	USE	
4029	4927	DEF	
4030	4927	DEF	
4053	4927	USE	
4062	4927	USE	
3183	4928	USE	
3184	4928	USE	
401	4929	USE	
407	4929	USE	
4733	4929	USE	
4738	4929	USE	
587	4930	USE	
647	4930	USE	
648	4930	USE	
1453	4931	USE	
1775	4931	USE	
1780	4931	USE	
2201	4931	USE	
2206	4931	USE	
2211	4931	USE	
2215	4931	DEF	
2216	4931	DEF	
3660	4931	USE	
3664	4931	USE	
3940	4931	USE	
3944	4931	USE	
4339	4931	USE	
4343	4931	USE	
4245	4932	USE	
4246	4932	USE	
4258	4932	USE	
4259	4932	USE	
4271	4932	USE	
4272	4932	USE	
4284	4932	USE	
4285	4932	USE	
4203	4933	DEF	
4207	4933	DEF	
4204	4933	DEF	
4245	4933	USE	
4254	4933	USE	
4245	4933	DEF	
4254	4933	DEF	
4258	4933	DEF	
4267	4933	DEF	
4258	4933	USE	
4267	4933	USE	
4271	4933	DEF	
4280	4933	DEF	
4271	4933	USE	
4280	4933	USE	
4284	4933	USE	
4293	4933	USE	
4284	4933	DEF	
4293	4933	DEF	
2566	4934	USE	
801	4935	USE	
835	4935	USE	
841	4935	USE	
850	4935	USE	
855	4935	USE	
1238	4935	USE	
1252	4935	USE	
1255	4935	USE	
1540	4935	USE	
1542	4935	USE	
1869	4935	USE	
2030	4935	DEF	
2031	4935	DEF	
2048	4935	USE	
2054	4935	USE	
2186	4935	USE	
2188	4935	USE	
2509	4935	USE	
2536	4935	USE	
2539	4935	USE	
2630	4935	USE	
2632	4935	USE	
2667	4935	USE	
2900	4935	USE	
2905	4935	USE	
2909	4935	USE	
835	4936	USE	
840	4936	USE	
1252	4936	USE	
1253	4936	USE	
1540	4936	DEF	
1541	4936	DEF	
2048	4936	USE	
2052	4936	USE	
2186	4936	DEF	
2187	4936	DEF	
2536	4936	USE	
2537	4936	USE	
2630	4936	DEF	
2631	4936	DEF	
4203	4936	USE	
4207	4936	USE	
3204	4937	DEF	
3205	4937	DEF	
901	4938	DEF	
902	4938	DEF	
965	4938	DEF	
966	4938	DEF	
980	4938	USE	
3243	4939	USE	
229	4940	USE	
3710	4941	DEF	
3711	4941	DEF	
3722	4941	DEF	
3723	4941	DEF	
3733	4941	USE	
3742	4941	DEF	
3743	4941	DEF	
3789	4941	DEF	
3790	4941	DEF	
3789	4941	USE	
3790	4941	USE	
3969	4941	DEF	
3970	4941	DEF	
3981	4941	DEF	
3982	4941	DEF	
3992	4941	USE	
4001	4941	DEF	
4002	4941	DEF	
4048	4941	USE	
4049	4941	USE	
4048	4941	DEF	
4049	4941	DEF	
153	4942	USE	
154	4942	USE	
1072	4943	DEF	
1073	4943	DEF	
1751	4943	USE	
1756	4943	USE	
1759	4943	USE	
835	4944	USE	
840	4944	USE	
320	4945	USE	
325	4945	USE	
1839	4946	DEF	
1840	4946	DEF	
1843	4946	DEF	
1997	4946	USE	
1998	4946	USE	
2969	4947	USE	
2974	4947	USE	
3037	4948	USE	
3527	4948	USE	
3183	3194	REACHES	tile_num
3183	3204	REACHES	tile_num
2914	2979	REACHES	size
3813	3794	REACHES	d
3689	3794	REACHES	d
3813	3813	REACHES	d
3689	3813	REACHES	d
4072	4053	REACHES	d
3940	4053	REACHES	d
4072	4072	REACHES	d
3940	4072	REACHES	d
824	828	REACHES	i
824	835	REACHES	i
976	992	REACHES	i
2686	2686	REACHES	i
832	828	REACHES	i
2686	2680	REACHES	i
2946	2946	REACHES	i
2676	2680	REACHES	i
984	1009	REACHES	i
824	832	REACHES	i
1918	1930	REACHES	i
2676	2686	REACHES	i
832	832	REACHES	i
1918	1926	REACHES	i
832	835	REACHES	i
976	980	REACHES	i
984	992	REACHES	i
976	1009	REACHES	i
2936	2940	REACHES	i
1930	1988	REACHES	i
2946	2940	REACHES	i
2686	2712	REACHES	i
976	984	REACHES	i
2936	2946	REACHES	i
1930	1930	REACHES	i
984	980	REACHES	i
984	984	REACHES	i
1918	1988	REACHES	i
2676	2712	REACHES	i
1930	1926	REACHES	i
1943	1939	REACHES	j
1935	1939	REACHES	j
2950	2954	REACHES	j
1935	1943	REACHES	j
2704	2712	REACHES	j
2694	2712	REACHES	j
1943	1943	REACHES	j
2950	2960	REACHES	j
1935	1974	REACHES	j
1943	1974	REACHES	j
2960	2954	REACHES	j
2704	2698	REACHES	j
2960	2960	REACHES	j
2694	2698	REACHES	j
2694	2704	REACHES	j
2704	2704	REACHES	j
1918	1943	REACHES	k
1943	1943	REACHES	k
4284	4375	REACHES	* ( buffer ++ )
4284	4388	REACHES	* ( buffer ++ )
4284	4401	REACHES	* ( buffer ++ )
4284	4414	REACHES	* ( buffer ++ )
3809	3794	REACHES	s
3660	3794	REACHES	s
3809	3809	REACHES	s
3660	3809	REACHES	s
4068	4053	REACHES	s
3919	4053	REACHES	s
4068	4068	REACHES	s
3919	4068	REACHES	s
3630	3689	REACHES	x
3622	3660	REACHES	x
3879	3940	REACHES	x
3879	4020	REACHES	x
3879	4029	REACHES	x
3887	3883	REACHES	x
3887	3940	REACHES	x
3887	4315	REACHES	x
3622	3750	REACHES	x
3622	3626	REACHES	x
3630	3630	REACHES	x
3630	3638	REACHES	x
3854	4203	REACHES	x
3887	4203	REACHES	x
3622	3761	REACHES	x
3879	3883	REACHES	x
3887	3895	REACHES	x
3879	4203	REACHES	x
3622	3638	REACHES	x
3879	4105	REACHES	x
3854	4339	REACHES	x
3887	3887	REACHES	x
3879	3895	REACHES	x
3879	3887	REACHES	x
3622	3630	REACHES	x
3622	3689	REACHES	x
3879	4009	REACHES	x
3887	4020	REACHES	x
3887	3919	REACHES	x
3887	4339	REACHES	x
3887	4029	REACHES	x
3622	3770	REACHES	x
3630	3770	REACHES	x
3854	4105	REACHES	x
3630	3660	REACHES	x
3630	3761	REACHES	x
3887	4105	REACHES	x
3630	3750	REACHES	x
3887	4009	REACHES	x
3879	4315	REACHES	x
3879	4339	REACHES	x
3879	3919	REACHES	x
3854	4315	REACHES	x
3630	3626	REACHES	x
3863	3867	REACHES	y
3614	3614	REACHES	y
3863	4105	REACHES	y
3871	3895	REACHES	y
3863	3940	REACHES	y
3606	3614	REACHES	y
3606	3689	REACHES	y
3863	3871	REACHES	y
3863	3981	REACHES	y
3871	3992	REACHES	y
3871	4001	REACHES	y
3606	3660	REACHES	y
3614	3733	REACHES	y
3863	3919	REACHES	y
3614	3689	REACHES	y
3614	3742	REACHES	y
3871	4105	REACHES	y
3863	4001	REACHES	y
3871	3919	REACHES	y
3606	3610	REACHES	y
3614	3610	REACHES	y
3863	3992	REACHES	y
3871	4315	REACHES	y
3606	3722	REACHES	y
3614	3722	REACHES	y
3871	3940	REACHES	y
3871	4339	REACHES	y
3606	3638	REACHES	y
3614	3638	REACHES	y
3606	3742	REACHES	y
3863	4315	REACHES	y
3863	4339	REACHES	y
3871	3981	REACHES	y
3863	4203	REACHES	y
3871	4203	REACHES	y
3871	3871	REACHES	y
3863	3895	REACHES	y
3871	3867	REACHES	y
3614	3660	REACHES	y
3606	3733	REACHES	y
4534	4544	REACHES	unsteels_conjectured
4524	4534	REACHES	* * * preexperimental_bestuds
4754	103	REACHES	ev
4754	229	REACHES	ev
138	153	REACHES	stonesoup_tainted_buff
138	196	REACHES	stonesoup_tainted_buff
138	218	REACHES	stonesoup_tainted_buff
4037	4072	REACHES	dststride
2030	2048	REACHES	tm -> tiles
2030	2186	REACHES	tm -> tiles
2030	2509	REACHES	tm -> tiles
2030	2536	REACHES	tm -> tiles
2030	2630	REACHES	tm -> tiles
2030	2667	REACHES	tm -> tiles
1806	1839	REACHES	nrows
1806	1900	REACHES	nrows
1806	1926	REACHES	nrows
1806	1988	REACHES	nrows
1900	2030	REACHES	tiles
2905	2960	REACHES	tiles
2960	2960	REACHES	tiles
2905	2969	REACHES	tiles
2960	2969	REACHES	tiles
153	173	REACHES	data_size
1742	2060	REACHES	tile -> valid
2194	2206	REACHES	* tile
1742	2060	REACHES	* tile
1742	1775	REACHES	* tile
2194	2224	REACHES	* tile
1742	2104	REACHES	* tile
1742	2117	REACHES	* tile
1742	2128	REACHES	* tile
1742	2139	REACHES	* tile
2215	2566	REACHES	* tile
1742	2147	REACHES	* tile
2194	2201	REACHES	* tile
2194	2566	REACHES	* tile
2215	2224	REACHES	* tile
273	287	REACHES	stonesoup_server
273	303	REACHES	stonesoup_server
3778	3809	REACHES	srcstride
2186	2536	REACHES	* tm -> tiles
4271	4284	REACHES	buffer
4245	4258	REACHES	buffer
4258	4271	REACHES	buffer
4284	4375	REACHES	buffer
4375	4388	REACHES	buffer
4284	4388	REACHES	buffer
4388	4401	REACHES	buffer
4284	4401	REACHES	buffer
4401	4414	REACHES	buffer
4284	4414	REACHES	buffer
806	828	REACHES	ntiles
1213	1224	REACHES	ntiles
4203	4245	REACHES	src
4245	4258	REACHES	src
4203	4258	REACHES	src
4258	4271	REACHES	src
4203	4271	REACHES	src
4271	4284	REACHES	src
4203	4284	REACHES	src
2186	2536	REACHES	* * tm
3722	3733	REACHES	rows
3722	3789	REACHES	rows
3742	3789	REACHES	rows
3789	3789	REACHES	rows
3981	3992	REACHES	rows
3981	4048	REACHES	rows
4001	4048	REACHES	rows
4048	4048	REACHES	rows
3234	3394	REACHES	tile_col
769	784	REACHES	* tm
769	776	REACHES	* tm
2030	2536	REACHES	* tm
2095	2760	REACHES	* tm
769	789	REACHES	* tm
769	801	REACHES	* tm
4196	4369	REACHES	* tm
2030	2509	REACHES	* tm
2095	2630	REACHES	* tm
769	806	REACHES	* tm
2030	2760	REACHES	* tm
2030	2048	REACHES	* tm
2030	2186	REACHES	* tm
4196	4239	REACHES	* tm
2030	2076	REACHES	* tm
2095	2536	REACHES	* tm
2030	2630	REACHES	* tm
2095	2186	REACHES	* tm
2030	2069	REACHES	* tm
769	850	REACHES	* tm
769	939	REACHES	* tm
2030	2480	REACHES	* tm
4196	4203	REACHES	* tm
2095	2480	REACHES	* tm
769	835	REACHES	* tm
769	965	REACHES	* tm
1314	1540	REACHES	* tm
2030	2667	REACHES	* tm
2095	2509	REACHES	* tm
2095	2667	REACHES	* tm
190	138	REACHES	buffer_size
88	138	REACHES	buffer_size
190	153	REACHES	buffer_size
88	153	REACHES	buffer_size
190	173	REACHES	buffer_size
88	173	REACHES	buffer_size
190	190	REACHES	buffer_size
88	190	REACHES	buffer_size
4518	4524	REACHES	preexperimental_bestuds
4518	4534	REACHES	preexperimental_bestuds
1815	1824	REACHES	ncols
1815	1900	REACHES	ncols
1815	1939	REACHES	ncols
1815	1974	REACHES	ncols
4524	4534	REACHES	* * ( * preexperimental_bestuds )
3022	3028	REACHES	tl
3030	3030	REACHES	tl
3022	3030	REACHES	tl
3030	3028	REACHES	tl
3512	3518	REACHES	tl
3030	3037	REACHES	tl
3022	3037	REACHES	tl
3022	3068	REACHES	tl
3512	3527	REACHES	tl
3030	3046	REACHES	tl
3512	3557	REACHES	tl
3512	3536	REACHES	tl
3520	3557	REACHES	tl
3520	3527	REACHES	tl
3520	3536	REACHES	tl
3022	3046	REACHES	tl
3520	3520	REACHES	tl
3512	3520	REACHES	tl
3030	3068	REACHES	tl
3520	3518	REACHES	tl
616	629	REACHES	tm
616	647	REACHES	tm
616	635	REACHES	tm
616	641	REACHES	tm
616	653	REACHES	tm
616	665	REACHES	tm
616	677	REACHES	tm
616	685	REACHES	tm
4339	4375	REACHES	dest
4339	4388	REACHES	dest
4375	4388	REACHES	dest
4388	4401	REACHES	dest
4339	4401	REACHES	dest
4401	4414	REACHES	dest
4339	4414	REACHES	dest
1252	1361	REACHES	tile
992	1009	REACHES	tile
992	1020	REACHES	tile
1252	1548	REACHES	tile
1252	1323	REACHES	tile
2158	2194	REACHES	tile
2048	2117	REACHES	tile
1252	1334	REACHES	tile
1523	1578	REACHES	tile
2048	2139	REACHES	tile
2048	2206	REACHES	tile
2048	2128	REACHES	tile
2158	2215	REACHES	tile
1252	1571	REACHES	tile
2048	2147	REACHES	tile
3638	3817	REACHES	tile
1252	1345	REACHES	tile
1252	1353	REACHES	tile
1252	1561	REACHES	tile
1523	1561	REACHES	tile
1523	1540	REACHES	tile
2048	2060	REACHES	tile
2158	2162	REACHES	tile
2048	2215	REACHES	tile
2536	2566	REACHES	tile
3895	4076	REACHES	tile
3638	3778	REACHES	tile
2048	2194	REACHES	tile
2158	2206	REACHES	tile
2536	2608	REACHES	tile
3638	3722	REACHES	tile
4315	4339	REACHES	tile
2048	2233	REACHES	tile
4173	4196	REACHES	tile
2048	2109	REACHES	tile
3895	4037	REACHES	tile
2158	2233	REACHES	tile
3895	3981	REACHES	tile
2158	2186	REACHES	tile
3638	3750	REACHES	tile
3895	4009	REACHES	tile
2048	2224	REACHES	tile
1252	1578	REACHES	tile
1252	1481	REACHES	tile
1252	1416	REACHES	tile
1523	1555	REACHES	tile
2536	2591	REACHES	tile
4315	4426	REACHES	tile
1252	1453	REACHES	tile
2048	2201	REACHES	tile
3638	3660	REACHES	tile
1252	1555	REACHES	tile
2158	2201	REACHES	tile
3895	3940	REACHES	tile
1252	1509	REACHES	tile
2048	2104	REACHES	tile
2158	2224	REACHES	tile
1523	1548	REACHES	tile
108	122	REACHES	ifmatch_header
2186	2536	REACHES	* tile_num
3238	3402	REACHES	tile_row
4196	4203	REACHES	tm -> cached_tile
3750	3761	REACHES	cols
3750	3794	REACHES	cols
3770	3794	REACHES	cols
4009	4020	REACHES	cols
4029	4053	REACHES	cols
4009	4053	REACHES	cols
4751	108	REACHES	conn
4751	153	REACHES	conn
203	153	REACHES	conn
4751	203	REACHES	conn
203	203	REACHES	conn
203	214	REACHES	conn
448	456	REACHES	type
448	478	REACHES	type
461	478	REACHES	type
203	210	REACHES	dwk_tmp_4
178	185	REACHES	dwk_tmp_5
4479	4486	REACHES	dwk_tmp_1
769	776	REACHES	tm -> ref_count
4470	4524	REACHES	mafoo_maronian
4470	4534	REACHES	mafoo_maronian
939	958	REACHES	copy
939	1009	REACHES	copy
939	1029	REACHES	copy
2255	2272	REACHES	num
2255	2278	REACHES	num
4105	4122	REACHES	num
4105	4129	REACHES	num
4105	4173	REACHES	num
4105	4190	REACHES	num
4524	4534	REACHES	* mafoo_maronian
1824	1983	REACHES	right_tile
2858	2875	REACHES	memsize
2875	2979	REACHES	memsize
2979	2979	REACHES	memsize
2875	2985	REACHES	memsize
2875	3001	REACHES	memsize
2979	3001	REACHES	memsize
2985	3001	REACHES	memsize
965	980	REACHES	n_tiles
1839	1997	REACHES	bottom_tile
4757	4751	CONTROLS	
4757	4754	CONTROLS	
4757	80	CONTROLS	
4757	84	CONTROLS	
4757	88	CONTROLS	
4757	95	CONTROLS	
4757	103	CONTROLS	
103	108	CONTROLS	
103	122	CONTROLS	
103	240	CONTROLS	
103	241	CONTROLS	
103	242	CONTROLS	
103	243	CONTROLS	
103	244	CONTROLS	
103	247	CONTROLS	
103	329	CONTROLS	
103	338	CONTROLS	
103	347	CONTROLS	
103	356	CONTROLS	
103	365	CONTROLS	
103	374	CONTROLS	
103	383	CONTROLS	
103	392	CONTROLS	
103	401	CONTROLS	
103	410	CONTROLS	
103	419	CONTROLS	
103	420	CONTROLS	
103	421	CONTROLS	
103	422	CONTROLS	
103	423	CONTROLS	
103	424	CONTROLS	
103	427	CONTROLS	
122	135	CONTROLS	
122	225	CONTROLS	
122	229	CONTROLS	
135	138	CONTROLS	
135	153	CONTROLS	
135	173	CONTROLS	
173	178	CONTROLS	
173	185	CONTROLS	
173	189	CONTROLS	
173	190	CONTROLS	
173	196	CONTROLS	
173	203	CONTROLS	
173	210	CONTROLS	
173	214	CONTROLS	
173	218	CONTROLS	
173	135	CONTROLS	
229	234	CONTROLS	
229	238	CONTROLS	
247	273	CONTROLS	
247	287	CONTROLS	
247	299	CONTROLS	
247	320	CONTROLS	
299	303	CONTROLS	
303	319	CONTROLS	
303	299	CONTROLS	
427	436	CONTROLS	
427	440	CONTROLS	
456	461	CONTROLS	
497	518	CONTROLS	
497	522	CONTROLS	
582	555	CONTROLS	
582	587	CONTROLS	
555	566	CONTROLS	
555	577	CONTROLS	
555	581	CONTROLS	
555	582	CONTROLS	
614	587	CONTROLS	
614	616	CONTROLS	
614	629	CONTROLS	
614	635	CONTROLS	
614	641	CONTROLS	
614	647	CONTROLS	
614	653	CONTROLS	
614	665	CONTROLS	
614	677	CONTROLS	
614	685	CONTROLS	
587	598	CONTROLS	
587	609	CONTROLS	
587	613	CONTROLS	
587	614	CONTROLS	
724	699	CONTROLS	
724	726	CONTROLS	
724	732	CONTROLS	
699	708	CONTROLS	
699	719	CONTROLS	
699	723	CONTROLS	
699	724	CONTROLS	
767	745	CONTROLS	
767	769	CONTROLS	
767	776	CONTROLS	
767	888	CONTROLS	
767	889	CONTROLS	
767	890	CONTROLS	
767	891	CONTROLS	
767	892	CONTROLS	
767	893	CONTROLS	
767	894	CONTROLS	
767	895	CONTROLS	
767	897	CONTROLS	
767	901	CONTROLS	
767	905	CONTROLS	
767	912	CONTROLS	
745	754	CONTROLS	
745	765	CONTROLS	
745	766	CONTROLS	
745	767	CONTROLS	
776	784	CONTROLS	
776	801	CONTROLS	
776	862	CONTROLS	
776	886	CONTROLS	
784	789	CONTROLS	
801	806	CONTROLS	
801	819	CONTROLS	
801	824	CONTROLS	
801	828	CONTROLS	
801	850	CONTROLS	
828	835	CONTROLS	
828	832	CONTROLS	
886	862	CONTROLS	
862	865	CONTROLS	
862	878	CONTROLS	
937	912	CONTROLS	
937	939	CONTROLS	
937	958	CONTROLS	
937	965	CONTROLS	
937	976	CONTROLS	
937	980	CONTROLS	
937	1029	CONTROLS	
912	921	CONTROLS	
912	932	CONTROLS	
912	936	CONTROLS	
912	937	CONTROLS	
980	988	CONTROLS	
980	992	CONTROLS	
980	1009	CONTROLS	
980	1020	CONTROLS	
980	984	CONTROLS	
1070	1048	CONTROLS	
1070	1072	CONTROLS	
1070	1078	CONTROLS	
1070	1084	CONTROLS	
1070	1085	CONTROLS	
1070	1086	CONTROLS	
1070	1087	CONTROLS	
1070	1088	CONTROLS	
1070	1089	CONTROLS	
1070	1090	CONTROLS	
1070	1091	CONTROLS	
1070	1092	CONTROLS	
1070	1093	CONTROLS	
1070	1094	CONTROLS	
1070	1095	CONTROLS	
1070	1096	CONTROLS	
1070	1097	CONTROLS	
1070	1098	CONTROLS	
1070	1099	CONTROLS	
1070	1100	CONTROLS	
1070	1101	CONTROLS	
1070	1102	CONTROLS	
1070	1103	CONTROLS	
1070	1108	CONTROLS	
1048	1057	CONTROLS	
1048	1068	CONTROLS	
1048	1069	CONTROLS	
1048	1070	CONTROLS	
1133	1108	CONTROLS	
1133	1135	CONTROLS	
1108	1117	CONTROLS	
1108	1128	CONTROLS	
1108	1132	CONTROLS	
1108	1133	CONTROLS	
1211	1186	CONTROLS	
1211	1213	CONTROLS	
1211	1224	CONTROLS	
1186	1195	CONTROLS	
1186	1206	CONTROLS	
1186	1210	CONTROLS	
1186	1211	CONTROLS	
1224	1233	CONTROLS	
1224	1238	CONTROLS	
1224	1252	CONTROLS	
1224	1261	CONTROLS	
1224	1280	CONTROLS	
1224	1578	CONTROLS	
1238	1245	CONTROLS	
1261	1268	CONTROLS	
1280	1284	CONTROLS	
1284	1288	CONTROLS	
1284	1323	CONTROLS	
1284	1548	CONTROLS	
1284	1555	CONTROLS	
1284	1561	CONTROLS	
1284	1571	CONTROLS	
1288	1295	CONTROLS	
1288	1306	CONTROLS	
1288	1314	CONTROLS	
1323	1330	CONTROLS	
1323	1331	CONTROLS	
1323	1332	CONTROLS	
1323	1333	CONTROLS	
1323	1334	CONTROLS	
1323	1343	CONTROLS	
1323	1344	CONTROLS	
1323	1345	CONTROLS	
1323	1351	CONTROLS	
1323	1352	CONTROLS	
1323	1353	CONTROLS	
1323	1359	CONTROLS	
1323	1360	CONTROLS	
1323	1361	CONTROLS	
1323	1367	CONTROLS	
1323	1368	CONTROLS	
1323	1369	CONTROLS	
1323	1370	CONTROLS	
1323	1371	CONTROLS	
1323	1372	CONTROLS	
1323	1373	CONTROLS	
1323	1374	CONTROLS	
1323	1375	CONTROLS	
1323	1376	CONTROLS	
1323	1377	CONTROLS	
1323	1378	CONTROLS	
1323	1379	CONTROLS	
1323	1380	CONTROLS	
1323	1381	CONTROLS	
1323	1382	CONTROLS	
1323	1383	CONTROLS	
1323	1384	CONTROLS	
1323	1385	CONTROLS	
1323	1386	CONTROLS	
1323	1387	CONTROLS	
1323	1388	CONTROLS	
1323	1389	CONTROLS	
1323	1390	CONTROLS	
1323	1391	CONTROLS	
1323	1392	CONTROLS	
1323	1393	CONTROLS	
1323	1394	CONTROLS	
1323	1395	CONTROLS	
1323	1396	CONTROLS	
1323	1397	CONTROLS	
1323	1398	CONTROLS	
1323	1399	CONTROLS	
1323	1400	CONTROLS	
1323	1401	CONTROLS	
1323	1402	CONTROLS	
1323	1403	CONTROLS	
1323	1404	CONTROLS	
1323	1405	CONTROLS	
1323	1406	CONTROLS	
1323	1407	CONTROLS	
1323	1408	CONTROLS	
1323	1409	CONTROLS	
1323	1410	CONTROLS	
1323	1411	CONTROLS	
1323	1412	CONTROLS	
1323	1413	CONTROLS	
1323	1414	CONTROLS	
1323	1416	CONTROLS	
1323	1453	CONTROLS	
1323	1518	CONTROLS	
1323	1519	CONTROLS	
1323	1520	CONTROLS	
1323	1521	CONTROLS	
1323	1522	CONTROLS	
1323	1523	CONTROLS	
1323	1527	CONTROLS	
1323	1528	CONTROLS	
1323	1529	CONTROLS	
1323	1530	CONTROLS	
1323	1531	CONTROLS	
1323	1532	CONTROLS	
1323	1533	CONTROLS	
1323	1534	CONTROLS	
1323	1535	CONTROLS	
1323	1536	CONTROLS	
1323	1537	CONTROLS	
1323	1538	CONTROLS	
1323	1539	CONTROLS	
1323	1540	CONTROLS	
1416	1421	CONTROLS	
1416	1422	CONTROLS	
1416	1423	CONTROLS	
1416	1424	CONTROLS	
1416	1425	CONTROLS	
1416	1426	CONTROLS	
1416	1427	CONTROLS	
1416	1428	CONTROLS	
1416	1429	CONTROLS	
1416	1430	CONTROLS	
1416	1431	CONTROLS	
1416	1432	CONTROLS	
1416	1433	CONTROLS	
1416	1434	CONTROLS	
1416	1435	CONTROLS	
1416	1436	CONTROLS	
1416	1437	CONTROLS	
1416	1438	CONTROLS	
1416	1439	CONTROLS	
1416	1440	CONTROLS	
1416	1441	CONTROLS	
1416	1442	CONTROLS	
1416	1443	CONTROLS	
1416	1444	CONTROLS	
1416	1445	CONTROLS	
1416	1446	CONTROLS	
1416	1447	CONTROLS	
1416	1448	CONTROLS	
1416	1449	CONTROLS	
1416	1450	CONTROLS	
1416	1451	CONTROLS	
1453	1458	CONTROLS	
1453	1459	CONTROLS	
1453	1460	CONTROLS	
1453	1461	CONTROLS	
1453	1462	CONTROLS	
1453	1463	CONTROLS	
1453	1464	CONTROLS	
1453	1465	CONTROLS	
1453	1466	CONTROLS	
1453	1467	CONTROLS	
1453	1468	CONTROLS	
1453	1469	CONTROLS	
1453	1470	CONTROLS	
1453	1471	CONTROLS	
1453	1472	CONTROLS	
1453	1473	CONTROLS	
1453	1474	CONTROLS	
1453	1475	CONTROLS	
1453	1476	CONTROLS	
1453	1477	CONTROLS	
1453	1478	CONTROLS	
1453	1481	CONTROLS	
1453	1488	CONTROLS	
1453	1489	CONTROLS	
1453	1490	CONTROLS	
1453	1491	CONTROLS	
1453	1492	CONTROLS	
1453	1493	CONTROLS	
1453	1494	CONTROLS	
1453	1495	CONTROLS	
1453	1496	CONTROLS	
1453	1497	CONTROLS	
1453	1498	CONTROLS	
1453	1499	CONTROLS	
1453	1500	CONTROLS	
1453	1501	CONTROLS	
1453	1502	CONTROLS	
1453	1503	CONTROLS	
1453	1504	CONTROLS	
1453	1505	CONTROLS	
1453	1506	CONTROLS	
1453	1507	CONTROLS	
1453	1508	CONTROLS	
1453	1509	CONTROLS	
1629	1604	CONTROLS	
1629	1632	CONTROLS	
1604	1613	CONTROLS	
1604	1624	CONTROLS	
1604	1628	CONTROLS	
1604	1629	CONTROLS	
1632	1653	CONTROLS	
1632	1657	CONTROLS	
1713	1691	CONTROLS	
1713	1718	CONTROLS	
1691	1700	CONTROLS	
1691	1711	CONTROLS	
1691	1712	CONTROLS	
1691	1713	CONTROLS	
1740	1718	CONTROLS	
1740	1742	CONTROLS	
1740	1751	CONTROLS	
1740	1793	CONTROLS	
1740	1794	CONTROLS	
1740	1795	CONTROLS	
1740	1796	CONTROLS	
1740	1797	CONTROLS	
1740	1798	CONTROLS	
1740	1799	CONTROLS	
1740	1800	CONTROLS	
1740	1802	CONTROLS	
1740	1806	CONTROLS	
1740	1815	CONTROLS	
1740	1824	CONTROLS	
1740	1839	CONTROLS	
1740	1854	CONTROLS	
1740	1858	CONTROLS	
1740	1862	CONTROLS	
1740	1869	CONTROLS	
1740	1898	CONTROLS	
1740	1900	CONTROLS	
1740	1918	CONTROLS	
1740	1926	CONTROLS	
1740	2030	CONTROLS	
1740	2036	CONTROLS	
1740	2037	CONTROLS	
1740	2038	CONTROLS	
1740	2039	CONTROLS	
1740	2040	CONTROLS	
1740	2041	CONTROLS	
1740	2042	CONTROLS	
1740	2043	CONTROLS	
1740	2044	CONTROLS	
1740	2045	CONTROLS	
1740	2046	CONTROLS	
1740	2048	CONTROLS	
1740	2060	CONTROLS	
1718	1727	CONTROLS	
1718	1738	CONTROLS	
1718	1739	CONTROLS	
1718	1740	CONTROLS	
1751	1756	CONTROLS	
1751	1775	CONTROLS	
1898	1869	CONTROLS	
1869	1878	CONTROLS	
1869	1881	CONTROLS	
1926	1935	CONTROLS	
1926	1939	CONTROLS	
1926	1930	CONTROLS	
1939	1951	CONTROLS	
1939	1952	CONTROLS	
1939	1953	CONTROLS	
1939	1954	CONTROLS	
1939	1955	CONTROLS	
1939	1964	CONTROLS	
1939	1965	CONTROLS	
1939	1966	CONTROLS	
1939	1967	CONTROLS	
1939	1968	CONTROLS	
1939	1969	CONTROLS	
1939	1970	CONTROLS	
1939	1971	CONTROLS	
1939	1972	CONTROLS	
1939	1974	CONTROLS	
1939	1988	CONTROLS	
1939	2001	CONTROLS	
1939	2002	CONTROLS	
1939	2003	CONTROLS	
1939	2004	CONTROLS	
1939	2005	CONTROLS	
1939	2006	CONTROLS	
1939	2007	CONTROLS	
1939	2008	CONTROLS	
1939	2009	CONTROLS	
1939	2010	CONTROLS	
1939	2011	CONTROLS	
1939	2012	CONTROLS	
1939	2013	CONTROLS	
1939	2014	CONTROLS	
1939	2015	CONTROLS	
1939	2016	CONTROLS	
1939	2017	CONTROLS	
1939	2018	CONTROLS	
1939	2019	CONTROLS	
1939	2020	CONTROLS	
1939	2021	CONTROLS	
1939	2022	CONTROLS	
1939	2023	CONTROLS	
1939	2024	CONTROLS	
1939	2025	CONTROLS	
1939	2026	CONTROLS	
1939	2027	CONTROLS	
1939	2028	CONTROLS	
1939	2029	CONTROLS	
1939	1943	CONTROLS	
1974	1981	CONTROLS	
1974	1982	CONTROLS	
1974	1983	CONTROLS	
1988	1995	CONTROLS	
1988	1996	CONTROLS	
1988	1997	CONTROLS	
2060	2067	CONTROLS	
2060	2069	CONTROLS	
2060	2104	CONTROLS	
2060	2117	CONTROLS	
2060	2194	CONTROLS	
2060	2201	CONTROLS	
2060	2224	CONTROLS	
2060	2240	CONTROLS	
2060	2241	CONTROLS	
2060	2242	CONTROLS	
2060	2243	CONTROLS	
2060	2244	CONTROLS	
2060	2245	CONTROLS	
2060	2246	CONTROLS	
2060	2247	CONTROLS	
2060	2248	CONTROLS	
2060	2249	CONTROLS	
2060	2250	CONTROLS	
2060	2251	CONTROLS	
2060	2252	CONTROLS	
2060	2253	CONTROLS	
2060	2255	CONTROLS	
2060	2272	CONTROLS	
2069	2076	CONTROLS	
2069	2087	CONTROLS	
2069	2095	CONTROLS	
2104	2109	CONTROLS	
2117	2124	CONTROLS	
2117	2125	CONTROLS	
2117	2126	CONTROLS	
2117	2127	CONTROLS	
2117	2128	CONTROLS	
2117	2137	CONTROLS	
2117	2138	CONTROLS	
2117	2139	CONTROLS	
2117	2145	CONTROLS	
2117	2146	CONTROLS	
2117	2147	CONTROLS	
2117	2153	CONTROLS	
2117	2154	CONTROLS	
2117	2155	CONTROLS	
2117	2156	CONTROLS	
2117	2157	CONTROLS	
2117	2158	CONTROLS	
2117	2162	CONTROLS	
2117	2173	CONTROLS	
2117	2174	CONTROLS	
2117	2175	CONTROLS	
2117	2176	CONTROLS	
2117	2177	CONTROLS	
2117	2178	CONTROLS	
2117	2179	CONTROLS	
2117	2180	CONTROLS	
2117	2181	CONTROLS	
2117	2182	CONTROLS	
2117	2183	CONTROLS	
2117	2184	CONTROLS	
2117	2185	CONTROLS	
2117	2186	CONTROLS	
2201	2206	CONTROLS	
2201	2215	CONTROLS	
2224	2233	CONTROLS	
2272	2277	CONTROLS	
2272	2278	CONTROLS	
2272	2287	CONTROLS	
2272	2288	CONTROLS	
2272	2289	CONTROLS	
2272	2290	CONTROLS	
2272	2291	CONTROLS	
2272	2292	CONTROLS	
2272	2293	CONTROLS	
2272	2294	CONTROLS	
2272	2295	CONTROLS	
2272	2296	CONTROLS	
2272	2297	CONTROLS	
2272	2298	CONTROLS	
2272	2299	CONTROLS	
2272	2300	CONTROLS	
2272	2301	CONTROLS	
2272	2302	CONTROLS	
2272	2303	CONTROLS	
2272	2308	CONTROLS	
2330	2308	CONTROLS	
2330	2335	CONTROLS	
2308	2317	CONTROLS	
2308	2328	CONTROLS	
2308	2329	CONTROLS	
2308	2330	CONTROLS	
2357	2335	CONTROLS	
2357	2359	CONTROLS	
2357	2379	CONTROLS	
2357	2380	CONTROLS	
2357	2381	CONTROLS	
2357	2382	CONTROLS	
2357	2383	CONTROLS	
2357	2384	CONTROLS	
2357	2385	CONTROLS	
2357	2386	CONTROLS	
2357	2387	CONTROLS	
2357	2388	CONTROLS	
2357	2389	CONTROLS	
2357	2390	CONTROLS	
2357	2391	CONTROLS	
2357	2392	CONTROLS	
2357	2394	CONTROLS	
2357	2401	CONTROLS	
2335	2344	CONTROLS	
2335	2355	CONTROLS	
2335	2356	CONTROLS	
2335	2357	CONTROLS	
2423	2401	CONTROLS	
2423	2428	CONTROLS	
2401	2410	CONTROLS	
2401	2421	CONTROLS	
2401	2422	CONTROLS	
2401	2423	CONTROLS	
2450	2428	CONTROLS	
2450	2455	CONTROLS	
2428	2437	CONTROLS	
2428	2448	CONTROLS	
2428	2449	CONTROLS	
2428	2450	CONTROLS	
2475	2455	CONTROLS	
2475	2480	CONTROLS	
2455	2462	CONTROLS	
2455	2473	CONTROLS	
2455	2474	CONTROLS	
2455	2475	CONTROLS	
2506	2480	CONTROLS	
2506	2509	CONTROLS	
2506	2536	CONTROLS	
2506	2545	CONTROLS	
2506	2566	CONTROLS	
2506	2608	CONTROLS	
2506	2619	CONTROLS	
2506	2630	CONTROLS	
2506	2638	CONTROLS	
2506	2639	CONTROLS	
2506	2640	CONTROLS	
2506	2641	CONTROLS	
2506	2642	CONTROLS	
2506	2643	CONTROLS	
2506	2644	CONTROLS	
2506	2645	CONTROLS	
2506	2646	CONTROLS	
2506	2647	CONTROLS	
2506	2648	CONTROLS	
2506	2649	CONTROLS	
2506	2650	CONTROLS	
2506	2651	CONTROLS	
2506	2652	CONTROLS	
2506	2653	CONTROLS	
2506	2654	CONTROLS	
2506	2655	CONTROLS	
2506	2656	CONTROLS	
2506	2658	CONTROLS	
2506	2662	CONTROLS	
2506	2667	CONTROLS	
2480	2493	CONTROLS	
2480	2504	CONTROLS	
2480	2505	CONTROLS	
2480	2506	CONTROLS	
2509	2516	CONTROLS	
2509	2529	CONTROLS	
2545	2552	CONTROLS	
2566	2591	CONTROLS	
2667	2674	CONTROLS	
2667	2676	CONTROLS	
2667	2680	CONTROLS	
2667	2723	CONTROLS	
2667	2724	CONTROLS	
2667	2725	CONTROLS	
2667	2726	CONTROLS	
2667	2727	CONTROLS	
2667	2728	CONTROLS	
2667	2729	CONTROLS	
2667	2730	CONTROLS	
2667	2735	CONTROLS	
2680	2694	CONTROLS	
2680	2698	CONTROLS	
2680	2686	CONTROLS	
2698	2712	CONTROLS	
2698	2704	CONTROLS	
2758	2735	CONTROLS	
2758	2760	CONTROLS	
2735	2744	CONTROLS	
2735	2755	CONTROLS	
2735	2757	CONTROLS	
2735	2758	CONTROLS	
2799	2776	CONTROLS	
2799	2801	CONTROLS	
2776	2785	CONTROLS	
2776	2796	CONTROLS	
2776	2798	CONTROLS	
2776	2799	CONTROLS	
2840	2817	CONTROLS	
2840	2842	CONTROLS	
2817	2826	CONTROLS	
2817	2837	CONTROLS	
2817	2839	CONTROLS	
2817	2840	CONTROLS	
2868	2873	CONTROLS	
2868	2875	CONTROLS	
2868	2896	CONTROLS	
2868	3001	CONTROLS	
2896	2900	CONTROLS	
2896	2985	CONTROLS	
2900	2905	CONTROLS	
2900	2914	CONTROLS	
2900	2927	CONTROLS	
2900	2931	CONTROLS	
2900	2936	CONTROLS	
2900	2940	CONTROLS	
2940	2950	CONTROLS	
2940	2954	CONTROLS	
2940	2946	CONTROLS	
2954	2969	CONTROLS	
2954	2960	CONTROLS	
2969	2979	CONTROLS	
3028	3037	CONTROLS	
3037	3044	CONTROLS	
3037	3030	CONTROLS	
3037	3028	CONTROLS	
3046	3053	CONTROLS	
3046	3066	CONTROLS	
3046	3068	CONTROLS	
3121	3099	CONTROLS	
3121	3126	CONTROLS	
3099	3108	CONTROLS	
3099	3119	CONTROLS	
3099	3120	CONTROLS	
3099	3121	CONTROLS	
3148	3126	CONTROLS	
3148	3153	CONTROLS	
3126	3135	CONTROLS	
3126	3146	CONTROLS	
3126	3147	CONTROLS	
3126	3148	CONTROLS	
3181	3153	CONTROLS	
3181	3183	CONTROLS	
3181	3194	CONTROLS	
3181	3204	CONTROLS	
3181	3214	CONTROLS	
3181	3215	CONTROLS	
3181	3216	CONTROLS	
3181	3217	CONTROLS	
3181	3218	CONTROLS	
3181	3219	CONTROLS	
3181	3220	CONTROLS	
3181	3221	CONTROLS	
3181	3222	CONTROLS	
3181	3223	CONTROLS	
3181	3224	CONTROLS	
3181	3225	CONTROLS	
3181	3226	CONTROLS	
3181	3227	CONTROLS	
3181	3228	CONTROLS	
3181	3229	CONTROLS	
3181	3230	CONTROLS	
3181	3231	CONTROLS	
3181	3232	CONTROLS	
3181	3234	CONTROLS	
3181	3238	CONTROLS	
3181	3243	CONTROLS	
3181	3293	CONTROLS	
3153	3168	CONTROLS	
3153	3179	CONTROLS	
3153	3180	CONTROLS	
3153	3181	CONTROLS	
3243	3257	CONTROLS	
3243	3259	CONTROLS	
3259	3271	CONTROLS	
3259	3272	CONTROLS	
3259	3285	CONTROLS	
3315	3293	CONTROLS	
3315	3320	CONTROLS	
3293	3302	CONTROLS	
3293	3313	CONTROLS	
3293	3314	CONTROLS	
3293	3315	CONTROLS	
3342	3320	CONTROLS	
3342	3347	CONTROLS	
3320	3329	CONTROLS	
3320	3340	CONTROLS	
3320	3341	CONTROLS	
3320	3342	CONTROLS	
3375	3347	CONTROLS	
3375	3377	CONTROLS	
3375	3394	CONTROLS	
3375	3402	CONTROLS	
3375	3410	CONTROLS	
3375	3411	CONTROLS	
3375	3412	CONTROLS	
3375	3413	CONTROLS	
3375	3414	CONTROLS	
3375	3415	CONTROLS	
3375	3416	CONTROLS	
3375	3417	CONTROLS	
3375	3418	CONTROLS	
3375	3419	CONTROLS	
3375	3420	CONTROLS	
3375	3421	CONTROLS	
3375	3422	CONTROLS	
3375	3423	CONTROLS	
3375	3424	CONTROLS	
3375	3426	CONTROLS	
3375	3433	CONTROLS	
3347	3362	CONTROLS	
3347	3373	CONTROLS	
3347	3374	CONTROLS	
3347	3375	CONTROLS	
3455	3433	CONTROLS	
3455	3460	CONTROLS	
3433	3442	CONTROLS	
3433	3453	CONTROLS	
3433	3454	CONTROLS	
3433	3455	CONTROLS	
3482	3460	CONTROLS	
3482	3487	CONTROLS	
3460	3469	CONTROLS	
3460	3480	CONTROLS	
3460	3481	CONTROLS	
3460	3482	CONTROLS	
3509	3487	CONTROLS	
3509	3512	CONTROLS	
3509	3518	CONTROLS	
3509	3536	CONTROLS	
3487	3496	CONTROLS	
3487	3507	CONTROLS	
3487	3508	CONTROLS	
3487	3509	CONTROLS	
3518	3527	CONTROLS	
3527	3534	CONTROLS	
3527	3520	CONTROLS	
3527	3518	CONTROLS	
3536	3543	CONTROLS	
3536	3556	CONTROLS	
3536	3557	CONTROLS	
3536	3570	CONTROLS	
3536	3571	CONTROLS	
3536	3572	CONTROLS	
3536	3573	CONTROLS	
3536	3574	CONTROLS	
3536	3575	CONTROLS	
3536	3576	CONTROLS	
3536	3577	CONTROLS	
3536	3578	CONTROLS	
3536	3579	CONTROLS	
3536	3580	CONTROLS	
3536	3581	CONTROLS	
3536	3582	CONTROLS	
3536	3583	CONTROLS	
3536	3584	CONTROLS	
3536	3585	CONTROLS	
3536	3586	CONTROLS	
3536	3587	CONTROLS	
3536	3588	CONTROLS	
3536	3589	CONTROLS	
3536	3590	CONTROLS	
3536	3591	CONTROLS	
3536	3592	CONTROLS	
3536	3593	CONTROLS	
3536	3594	CONTROLS	
3536	3595	CONTROLS	
3536	3597	CONTROLS	
3536	3601	CONTROLS	
3536	3606	CONTROLS	
3536	3610	CONTROLS	
3536	3826	CONTROLS	
3536	3827	CONTROLS	
3536	3828	CONTROLS	
3536	3829	CONTROLS	
3536	3830	CONTROLS	
3536	3831	CONTROLS	
3536	3832	CONTROLS	
3536	3833	CONTROLS	
3536	3834	CONTROLS	
3536	3835	CONTROLS	
3536	3836	CONTROLS	
3536	3837	CONTROLS	
3536	3838	CONTROLS	
3536	3839	CONTROLS	
3536	3840	CONTROLS	
3536	3841	CONTROLS	
3536	3842	CONTROLS	
3536	3843	CONTROLS	
3536	3844	CONTROLS	
3536	3845	CONTROLS	
3536	3846	CONTROLS	
3536	3847	CONTROLS	
3536	3848	CONTROLS	
3536	3849	CONTROLS	
3536	3850	CONTROLS	
3536	3851	CONTROLS	
3536	3852	CONTROLS	
3536	3854	CONTROLS	
3536	3858	CONTROLS	
3536	3863	CONTROLS	
3536	3867	CONTROLS	
3536	4087	CONTROLS	
3536	4088	CONTROLS	
3536	4089	CONTROLS	
3536	4090	CONTROLS	
3536	4091	CONTROLS	
3536	4092	CONTROLS	
3536	4093	CONTROLS	
3536	4094	CONTROLS	
3536	4095	CONTROLS	
3536	4096	CONTROLS	
3536	4097	CONTROLS	
3536	4098	CONTROLS	
3536	4099	CONTROLS	
3536	4100	CONTROLS	
3536	4101	CONTROLS	
3536	4102	CONTROLS	
3536	4103	CONTROLS	
3536	4105	CONTROLS	
3536	4122	CONTROLS	
3610	3622	CONTROLS	
3610	3626	CONTROLS	
3610	3614	CONTROLS	
3626	3638	CONTROLS	
3626	3660	CONTROLS	
3626	3689	CONTROLS	
3626	3710	CONTROLS	
3626	3714	CONTROLS	
3626	3718	CONTROLS	
3626	3722	CONTROLS	
3626	3733	CONTROLS	
3626	3750	CONTROLS	
3626	3761	CONTROLS	
3626	3778	CONTROLS	
3626	3789	CONTROLS	
3626	3817	CONTROLS	
3626	3630	CONTROLS	
3733	3742	CONTROLS	
3761	3770	CONTROLS	
3789	3794	CONTROLS	
3789	3809	CONTROLS	
3789	3813	CONTROLS	
3867	3879	CONTROLS	
3867	3883	CONTROLS	
3867	3871	CONTROLS	
3883	3895	CONTROLS	
3883	3919	CONTROLS	
3883	3940	CONTROLS	
3883	3969	CONTROLS	
3883	3973	CONTROLS	
3883	3977	CONTROLS	
3883	3981	CONTROLS	
3883	3992	CONTROLS	
3883	4009	CONTROLS	
3883	4020	CONTROLS	
3883	4037	CONTROLS	
3883	4048	CONTROLS	
3883	4076	CONTROLS	
3883	3887	CONTROLS	
3992	4001	CONTROLS	
4020	4029	CONTROLS	
4048	4053	CONTROLS	
4048	4068	CONTROLS	
4048	4072	CONTROLS	
4122	4127	CONTROLS	
4122	4129	CONTROLS	
4122	4203	CONTROLS	
4122	4239	CONTROLS	
4122	4296	CONTROLS	
4122	4297	CONTROLS	
4122	4298	CONTROLS	
4122	4299	CONTROLS	
4122	4300	CONTROLS	
4122	4301	CONTROLS	
4122	4302	CONTROLS	
4122	4303	CONTROLS	
4122	4304	CONTROLS	
4122	4305	CONTROLS	
4122	4306	CONTROLS	
4122	4307	CONTROLS	
4122	4308	CONTROLS	
4122	4309	CONTROLS	
4122	4310	CONTROLS	
4122	4311	CONTROLS	
4122	4312	CONTROLS	
4122	4313	CONTROLS	
4122	4315	CONTROLS	
4122	4339	CONTROLS	
4122	4369	CONTROLS	
4122	4426	CONTROLS	
4122	4437	CONTROLS	
4122	4438	CONTROLS	
4122	4439	CONTROLS	
4122	4440	CONTROLS	
4122	4441	CONTROLS	
4122	4442	CONTROLS	
4122	4443	CONTROLS	
4122	4445	CONTROLS	
4122	4452	CONTROLS	
4122	4459	CONTROLS	
4122	4466	CONTROLS	
4122	4470	CONTROLS	
4122	4479	CONTROLS	
4122	4486	CONTROLS	
4122	4490	CONTROLS	
4122	4494	CONTROLS	
4122	4496	CONTROLS	
4122	4551	CONTROLS	
4122	4552	CONTROLS	
4122	4553	CONTROLS	
4122	4554	CONTROLS	
4122	4555	CONTROLS	
4122	4556	CONTROLS	
4122	4557	CONTROLS	
4122	4558	CONTROLS	
4122	4560	CONTROLS	
4122	4564	CONTROLS	
4122	4565	CONTROLS	
4122	4572	CONTROLS	
4122	4573	CONTROLS	
4122	4574	CONTROLS	
4122	4575	CONTROLS	
4122	4576	CONTROLS	
4122	4577	CONTROLS	
4122	4578	CONTROLS	
4122	4579	CONTROLS	
4122	4581	CONTROLS	
4122	4585	CONTROLS	
4122	4586	CONTROLS	
4122	4593	CONTROLS	
4122	4594	CONTROLS	
4122	4595	CONTROLS	
4122	4596	CONTROLS	
4122	4597	CONTROLS	
4122	4598	CONTROLS	
4122	4599	CONTROLS	
4122	4600	CONTROLS	
4122	4602	CONTROLS	
4122	4606	CONTROLS	
4122	4607	CONTROLS	
4122	4614	CONTROLS	
4122	4615	CONTROLS	
4122	4616	CONTROLS	
4122	4617	CONTROLS	
4122	4618	CONTROLS	
4122	4619	CONTROLS	
4122	4620	CONTROLS	
4122	4621	CONTROLS	
4122	4623	CONTROLS	
4122	4627	CONTROLS	
4122	4628	CONTROLS	
4122	4635	CONTROLS	
4122	4636	CONTROLS	
4122	4637	CONTROLS	
4122	4638	CONTROLS	
4122	4639	CONTROLS	
4122	4640	CONTROLS	
4122	4641	CONTROLS	
4122	4642	CONTROLS	
4122	4644	CONTROLS	
4122	4648	CONTROLS	
4122	4649	CONTROLS	
4122	4656	CONTROLS	
4122	4657	CONTROLS	
4122	4658	CONTROLS	
4122	4659	CONTROLS	
4122	4660	CONTROLS	
4122	4661	CONTROLS	
4122	4662	CONTROLS	
4122	4663	CONTROLS	
4122	4665	CONTROLS	
4122	4669	CONTROLS	
4122	4670	CONTROLS	
4122	4677	CONTROLS	
4122	4678	CONTROLS	
4122	4679	CONTROLS	
4122	4680	CONTROLS	
4122	4681	CONTROLS	
4122	4682	CONTROLS	
4122	4683	CONTROLS	
4122	4684	CONTROLS	
4122	4686	CONTROLS	
4122	4690	CONTROLS	
4122	4691	CONTROLS	
4122	4698	CONTROLS	
4122	4699	CONTROLS	
4122	4700	CONTROLS	
4122	4701	CONTROLS	
4122	4702	CONTROLS	
4122	4703	CONTROLS	
4122	4704	CONTROLS	
4122	4705	CONTROLS	
4122	4707	CONTROLS	
4122	4711	CONTROLS	
4122	4712	CONTROLS	
4122	4719	CONTROLS	
4122	4720	CONTROLS	
4122	4721	CONTROLS	
4122	4722	CONTROLS	
4122	4723	CONTROLS	
4122	4724	CONTROLS	
4122	4725	CONTROLS	
4122	4726	CONTROLS	
4122	4728	CONTROLS	
4122	4732	CONTROLS	
4122	4733	CONTROLS	
4122	4740	CONTROLS	
4122	4741	CONTROLS	
4122	4742	CONTROLS	
4122	4743	CONTROLS	
4122	4744	CONTROLS	
4122	4745	CONTROLS	
4122	4746	CONTROLS	
4122	4747	CONTROLS	
4129	4136	CONTROLS	
4129	4141	CONTROLS	
4129	4157	CONTROLS	
4129	4165	CONTROLS	
4129	4173	CONTROLS	
4129	4190	CONTROLS	
4129	4196	CONTROLS	
4141	4146	CONTROLS	
4239	4244	CONTROLS	
4239	4245	CONTROLS	
4239	4257	CONTROLS	
4239	4258	CONTROLS	
4239	4270	CONTROLS	
4239	4271	CONTROLS	
4239	4283	CONTROLS	
4239	4284	CONTROLS	
4239	4283	CONTROLS	
4239	4284	CONTROLS	
4239	4270	CONTROLS	
4239	4271	CONTROLS	
4239	4283	CONTROLS	
4239	4284	CONTROLS	
4239	4257	CONTROLS	
4239	4258	CONTROLS	
4239	4270	CONTROLS	
4239	4271	CONTROLS	
4239	4283	CONTROLS	
4239	4284	CONTROLS	
4369	4374	CONTROLS	
4369	4375	CONTROLS	
4369	4387	CONTROLS	
4369	4388	CONTROLS	
4369	4400	CONTROLS	
4369	4401	CONTROLS	
4369	4413	CONTROLS	
4369	4414	CONTROLS	
4369	4413	CONTROLS	
4369	4414	CONTROLS	
4369	4400	CONTROLS	
4369	4401	CONTROLS	
4369	4413	CONTROLS	
4369	4414	CONTROLS	
4369	4387	CONTROLS	
4369	4388	CONTROLS	
4369	4400	CONTROLS	
4369	4401	CONTROLS	
4369	4413	CONTROLS	
4369	4414	CONTROLS	
4496	4501	CONTROLS	
4496	4502	CONTROLS	
4496	4508	CONTROLS	
4496	4512	CONTROLS	
4496	4518	CONTROLS	
4496	4524	CONTROLS	
4496	4534	CONTROLS	
4496	4544	CONTROLS	
122	135	DOM	
424	427	DOM	
247	273	DOM	
210	214	DOM	
303	319	DOM	
122	229	DOM	
427	440	DOM	
135	225	DOM	
214	218	DOM	
299	320	DOM	
196	203	DOM	
365	374	DOM	
178	185	DOM	
135	138	DOM	
4754	80	DOM	
383	392	DOM	
427	436	DOM	
88	95	DOM	
241	242	DOM	
108	122	DOM	
299	303	DOM	
423	424	DOM	
4751	4754	DOM	
329	338	DOM	
84	88	DOM	
356	365	DOM	
138	153	DOM	
103	4758	DOM	
422	423	DOM	
103	240	DOM	
95	103	DOM	
410	419	DOM	
103	108	DOM	
374	383	DOM	
153	173	DOM	
185	189	DOM	
287	299	DOM	
419	420	DOM	
173	190	DOM	
338	347	DOM	
4757	4757	DOM	
229	234	DOM	
347	356	DOM	
240	241	DOM	
173	178	DOM	
242	243	DOM	
421	422	DOM	
420	421	DOM	
247	329	DOM	
244	247	DOM	
401	410	DOM	
190	196	DOM	
4757	4751	DOM	
203	210	DOM	
273	287	DOM	
80	84	DOM	
243	244	DOM	
392	401	DOM	
229	238	DOM	
3088	3087	POST_DOM	
4690	4686	POST_DOM	
482	481	POST_DOM	
542	541	POST_DOM	
2177	2176	POST_DOM	
1536	1535	POST_DOM	
1406	1405	POST_DOM	
481	480	POST_DOM	
992	988	POST_DOM	
694	693	POST_DOM	
2011	2010	POST_DOM	
189	185	POST_DOM	
1453	1451	POST_DOM	
3593	3592	POST_DOM	
1711	1700	POST_DOM	
4758	3375	POST_DOM	
832	835	POST_DOM	
2288	2287	POST_DOM	
3592	3591	POST_DOM	
740	739	POST_DOM	
4758	1691	POST_DOM	
1539	1538	POST_DOM	
1926	1918	POST_DOM	
3572	3571	POST_DOM	
2016	2015	POST_DOM	
1407	1406	POST_DOM	
3817	3789	POST_DOM	
4595	4594	POST_DOM	
3556	3543	POST_DOM	
2704	2712	POST_DOM	
1434	1433	POST_DOM	
4606	4602	POST_DOM	
2020	2019	POST_DOM	
2448	2437	POST_DOM	
4758	3099	POST_DOM	
4758	3181	POST_DOM	
4747	4746	POST_DOM	
4746	4745	POST_DOM	
1582	1581	POST_DOM	
2940	2946	POST_DOM	
4758	4127	POST_DOM	
4297	4296	POST_DOM	
1323	1288	POST_DOM	
1531	1530	POST_DOM	
1799	1798	POST_DOM	
4615	4614	POST_DOM	
1163	1162	POST_DOM	
2727	2726	POST_DOM	
2423	2422	POST_DOM	
1280	1268	POST_DOM	
196	190	POST_DOM	
356	347	POST_DOM	
2686	2698	POST_DOM	
3750	3742	POST_DOM	
1020	1009	POST_DOM	
1501	1500	POST_DOM	
1926	1930	POST_DOM	
4758	1653	POST_DOM	
4758	3347	POST_DOM	
3834	3833	POST_DOM	
1164	1163	POST_DOM	
1395	1394	POST_DOM	
890	889	POST_DOM	
2248	2247	POST_DOM	
1410	1409	POST_DOM	
2765	2764	POST_DOM	
4512	4508	POST_DOM	
1535	1534	POST_DOM	
3626	3630	POST_DOM	
4558	4557	POST_DOM	
4637	4636	POST_DOM	
4414	4413	POST_DOM	
443	442	POST_DOM	
1409	1408	POST_DOM	
4743	4742	POST_DOM	
4638	4637	POST_DOM	
2018	2017	POST_DOM	
1629	1628	POST_DOM	
2001	1988	POST_DOM	
1677	1676	POST_DOM	
1493	1492	POST_DOM	
932	921	POST_DOM	
2384	2383	POST_DOM	
3580	3579	POST_DOM	
4037	4029	POST_DOM	
4369	4339	POST_DOM	
895	894	POST_DOM	
3285	3272	POST_DOM	
1793	1751	POST_DOM	
3214	3204	POST_DOM	
1368	1367	POST_DOM	
3813	3809	POST_DOM	
3089	3088	POST_DOM	
4299	4298	POST_DOM	
2117	2104	POST_DOM	
614	613	POST_DOM	
2247	2246	POST_DOM	
4758	436	POST_DOM	
905	901	POST_DOM	
1518	1478	POST_DOM	
4598	4597	POST_DOM	
1097	1096	POST_DOM	
3842	3841	POST_DOM	
1490	1489	POST_DOM	
4092	4091	POST_DOM	
4301	4300	POST_DOM	
2179	2178	POST_DOM	
427	424	POST_DOM	
2852	2851	POST_DOM	
4339	4315	POST_DOM	
2390	2389	POST_DOM	
4742	4741	POST_DOM	
537	536	POST_DOM	
3595	3594	POST_DOM	
4663	4662	POST_DOM	
1446	1445	POST_DOM	
4679	4678	POST_DOM	
4758	1029	POST_DOM	
4758	1211	POST_DOM	
4306	4305	POST_DOM	
4758	2837	POST_DOM	
4758	1632	POST_DOM	
1158	1157	POST_DOM	
2766	2765	POST_DOM	
4758	3066	POST_DOM	
1523	1522	POST_DOM	
1096	1095	POST_DOM	
3224	3223	POST_DOM	
3614	3626	POST_DOM	
2529	2516	POST_DOM	
735	734	POST_DOM	
1388	1387	POST_DOM	
4758	2504	POST_DOM	
737	736	POST_DOM	
2382	2381	POST_DOM	
3789	3778	POST_DOM	
3977	3973	POST_DOM	
4758	1578	POST_DOM	
4100	4099	POST_DOM	
1529	1528	POST_DOM	
1166	1165	POST_DOM	
4387	4375	POST_DOM	
691	690	POST_DOM	
1224	1213	POST_DOM	
2249	2248	POST_DOM	
3221	3220	POST_DOM	
4758	234	POST_DOM	
4758	765	POST_DOM	
3219	3218	POST_DOM	
338	329	POST_DOM	
2117	2109	POST_DOM	
3518	3520	POST_DOM	
4502	4501	POST_DOM	
2009	2008	POST_DOM	
2536	2529	POST_DOM	
4309	4308	POST_DOM	
1035	1034	POST_DOM	
765	754	POST_DOM	
3293	3243	POST_DOM	
478	456	POST_DOM	
4758	522	POST_DOM	
2224	2201	POST_DOM	
1371	1370	POST_DOM	
901	897	POST_DOM	
1858	1854	POST_DOM	
4758	2448	POST_DOM	
3832	3831	POST_DOM	
4758	1718	POST_DOM	
1578	1284	POST_DOM	
2619	2608	POST_DOM	
2245	2244	POST_DOM	
2158	2157	POST_DOM	
1943	2029	POST_DOM	
3660	3638	POST_DOM	
2022	2021	POST_DOM	
4733	4732	POST_DOM	
2041	2040	POST_DOM	
4758	767	POST_DOM	
1555	1548	POST_DOM	
889	888	POST_DOM	
1593	1592	POST_DOM	
4452	4445	POST_DOM	
4577	4576	POST_DOM	
2240	2233	POST_DOM	
2246	2245	POST_DOM	
4758	3001	POST_DOM	
4758	614	POST_DOM	
2648	2647	POST_DOM	
2186	2185	POST_DOM	
1806	1802	POST_DOM	
4719	4712	POST_DOM	
4496	4494	POST_DOM	
4758	3179	POST_DOM	
4553	4552	POST_DOM	
2641	2640	POST_DOM	
3194	3183	POST_DOM	
3883	3887	POST_DOM	
4141	4136	POST_DOM	
3581	3580	POST_DOM	
2294	2293	POST_DOM	
4090	4089	POST_DOM	
4683	4682	POST_DOM	
3179	3168	POST_DOM	
1162	1161	POST_DOM	
1376	1375	POST_DOM	
3010	3009	POST_DOM	
2043	2042	POST_DOM	
2125	2124	POST_DOM	
2806	2805	POST_DOM	
444	443	POST_DOM	
1068	1057	POST_DOM	
4619	4618	POST_DOM	
1509	1508	POST_DOM	
2698	2704	POST_DOM	
1103	1102	POST_DOM	
1988	1974	POST_DOM	
2450	2449	POST_DOM	
2290	2289	POST_DOM	
1584	1583	POST_DOM	
3075	3074	POST_DOM	
2308	2303	POST_DOM	
4758	2357	POST_DOM	
493	492	POST_DOM	
1468	1467	POST_DOM	
1441	1440	POST_DOM	
1345	1344	POST_DOM	
1624	1613	POST_DOM	
980	984	POST_DOM	
2293	2292	POST_DOM	
629	616	POST_DOM	
2040	2039	POST_DOM	
2380	2379	POST_DOM	
2868	2858	POST_DOM	
242	241	POST_DOM	
543	542	POST_DOM	
677	665	POST_DOM	
3710	3689	POST_DOM	
2931	2927	POST_DOM	
448	447	POST_DOM	
4758	1128	POST_DOM	
2042	2041	POST_DOM	
4758	4747	POST_DOM	
2630	2619	POST_DOM	
4758	3455	POST_DOM	
3992	3981	POST_DOM	
4576	4575	POST_DOM	
4754	4751	POST_DOM	
4479	4470	POST_DOM	
2642	2641	POST_DOM	
4644	4642	POST_DOM	
2855	2854	POST_DOM	
2300	2299	POST_DOM	
4490	4486	POST_DOM	
4758	3509	POST_DOM	
3006	3005	POST_DOM	
1448	1447	POST_DOM	
1520	1519	POST_DOM	
641	635	POST_DOM	
2817	2812	POST_DOM	
2723	2680	POST_DOM	
1679	1678	POST_DOM	
4758	3320	POST_DOM	
4203	4196	POST_DOM	
724	723	POST_DOM	
4758	440	POST_DOM	
2021	2020	POST_DOM	
2768	2767	POST_DOM	
3718	3714	POST_DOM	
1498	1497	POST_DOM	
2004	2003	POST_DOM	
862	850	POST_DOM	
1682	1681	POST_DOM	
2566	2545	POST_DOM	
84	80	POST_DOM	
4551	4544	POST_DOM	
4300	4299	POST_DOM	
3850	3849	POST_DOM	
4758	1629	POST_DOM	
1982	1981	POST_DOM	
1414	1413	POST_DOM	
3293	3285	POST_DOM	
4098	4097	POST_DOM	
1898	1881	POST_DOM	
1793	1775	POST_DOM	
1351	1345	POST_DOM	
4758	577	POST_DOM	
4097	4096	POST_DOM	
4758	3315	POST_DOM	
3841	3840	POST_DOM	
3852	3851	POST_DOM	
4628	4627	POST_DOM	
3848	3847	POST_DOM	
3415	3414	POST_DOM	
420	419	POST_DOM	
1169	1168	POST_DOM	
4190	4173	POST_DOM	
1168	1167	POST_DOM	
2139	2138	POST_DOM	
4270	4258	POST_DOM	
692	691	POST_DOM	
1495	1494	POST_DOM	
2029	2028	POST_DOM	
4758	2423	POST_DOM	
2027	2026	POST_DOM	
421	420	POST_DOM	
2330	2329	POST_DOM	
2647	2646	POST_DOM	
3847	3846	POST_DOM	
1502	1501	POST_DOM	
4701	4700	POST_DOM	
3809	3794	POST_DOM	
4401	4400	POST_DOM	
1416	1414	POST_DOM	
4677	4670	POST_DOM	
3227	3226	POST_DOM	
2039	2038	POST_DOM	
693	692	POST_DOM	
1476	1475	POST_DOM	
2504	2493	POST_DOM	
4623	4621	POST_DOM	
3586	3585	POST_DOM	
2028	2027	POST_DOM	
1396	1395	POST_DOM	
1383	1382	POST_DOM	
2215	2206	POST_DOM	
1587	1586	POST_DOM	
3001	2940	POST_DOM	
4758	2755	POST_DOM	
1488	1481	POST_DOM	
4758	3293	POST_DOM	
535	534	POST_DOM	
1102	1101	POST_DOM	
886	865	POST_DOM	
1954	1953	POST_DOM	
4725	4724	POST_DOM	
4303	4302	POST_DOM	
2157	2156	POST_DOM	
1492	1491	POST_DOM	
3422	3421	POST_DOM	
3831	3830	POST_DOM	
4758	2272	POST_DOM	
1167	1166	POST_DOM	
4758	478	POST_DOM	
2153	2147	POST_DOM	
690	689	POST_DOM	
1528	1527	POST_DOM	
2698	2694	POST_DOM	
2652	2651	POST_DOM	
4426	4414	POST_DOM	
1092	1091	POST_DOM	
3028	3030	POST_DOM	
3410	3402	POST_DOM	
2799	2798	POST_DOM	
4657	4656	POST_DOM	
2128	2127	POST_DOM	
819	806	POST_DOM	
4758	2421	POST_DOM	
2389	2388	POST_DOM	
4095	4094	POST_DOM	
1360	1359	POST_DOM	
1426	1425	POST_DOM	
4459	4452	POST_DOM	
1098	1097	POST_DOM	
2295	2294	POST_DOM	
2181	2180	POST_DOM	
4594	4593	POST_DOM	
1802	1800	POST_DOM	
2656	2655	POST_DOM	
3518	3512	POST_DOM	
4699	4698	POST_DOM	
3394	3377	POST_DOM	
173	153	POST_DOM	
3074	3073	POST_DOM	
2045	2044	POST_DOM	
2255	2253	POST_DOM	
3828	3827	POST_DOM	
3231	3230	POST_DOM	
3216	3215	POST_DOM	
3402	3394	POST_DOM	
241	240	POST_DOM	
1489	1488	POST_DOM	
3234	3232	POST_DOM	
4758	497	POST_DOM	
1969	1968	POST_DOM	
891	890	POST_DOM	
1323	1314	POST_DOM	
2178	2177	POST_DOM	
4758	3460	POST_DOM	
3610	3606	POST_DOM	
490	489	POST_DOM	
4758	3453	POST_DOM	
2182	2181	POST_DOM	
2769	2768	POST_DOM	
2026	2025	POST_DOM	
897	895	POST_DOM	
1372	1371	POST_DOM	
2297	2296	POST_DOM	
3750	3733	POST_DOM	
2662	2658	POST_DOM	
3082	3081	POST_DOM	
892	891	POST_DOM	
3536	3527	POST_DOM	
1596	1595	POST_DOM	
828	824	POST_DOM	
4534	4524	POST_DOM	
3414	3413	POST_DOM	
2638	2630	POST_DOM	
4313	4312	POST_DOM	
4758	2776	POST_DOM	
689	688	POST_DOM	
4758	937	POST_DOM	
4068	4053	POST_DOM	
2649	2648	POST_DOM	
1595	1594	POST_DOM	
1581	1580	POST_DOM	
1334	1333	POST_DOM	
2858	2856	POST_DOM	
1854	1839	POST_DOM	
3969	3940	POST_DOM	
1586	1585	POST_DOM	
1684	1683	POST_DOM	
4744	4743	POST_DOM	
1527	1523	POST_DOM	
1469	1468	POST_DOM	
4758	1068	POST_DOM	
1344	1343	POST_DOM	
1108	1103	POST_DOM	
2914	2905	POST_DOM	
4758	518	POST_DOM	
1280	1261	POST_DOM	
3007	3006	POST_DOM	
1443	1442	POST_DOM	
3973	3969	POST_DOM	
548	546	POST_DOM	
1738	1727	POST_DOM	
2175	2174	POST_DOM	
3243	3238	POST_DOM	
4758	582	POST_DOM	
3570	3557	POST_DOM	
4586	4585	POST_DOM	
3015	3014	POST_DOM	
4758	719	POST_DOM	
4635	4628	POST_DOM	
2104	2069	POST_DOM	
4659	4658	POST_DOM	
2536	2509	POST_DOM	
4442	4441	POST_DOM	
1391	1390	POST_DOM	
3826	3610	POST_DOM	
3883	3879	POST_DOM	
1966	1965	POST_DOM	
4758	2758	POST_DOM	
3411	3410	POST_DOM	
3225	3224	POST_DOM	
3830	3829	POST_DOM	
1436	1435	POST_DOM	
2147	2146	POST_DOM	
2173	2162	POST_DOM	
4700	4699	POST_DOM	
1032	1031	POST_DOM	
1751	1742	POST_DOM	
4758	2335	POST_DOM	
2251	2250	POST_DOM	
2303	2302	POST_DOM	
3121	3120	POST_DOM	
1522	1521	POST_DOM	
4758	1108	POST_DOM	
1478	1477	POST_DOM	
1353	1352	POST_DOM	
2960	2969	POST_DOM	
4684	4683	POST_DOM	
1381	1380	POST_DOM	
2853	2852	POST_DOM	
3509	3508	POST_DOM	
4751	4757	POST_DOM	
732	726	POST_DOM	
2023	2022	POST_DOM	
3778	3761	POST_DOM	
4388	4387	POST_DOM	
4758	1738	POST_DOM	
4375	4374	POST_DOM	
1794	1793	POST_DOM	
1399	1398	POST_DOM	
1333	1332	POST_DOM	
1604	1599	POST_DOM	
1589	1588	POST_DOM	
541	540	POST_DOM	
1380	1379	POST_DOM	
2387	2386	POST_DOM	
2240	2224	POST_DOM	
4441	4440	POST_DOM	
1953	1952	POST_DOM	
447	445	POST_DOM	
1548	1540	POST_DOM	
2401	2394	POST_DOM	
410	401	POST_DOM	
4758	2801	POST_DOM	
828	832	POST_DOM	
4312	4311	POST_DOM	
2291	2290	POST_DOM	
218	214	POST_DOM	
1465	1464	POST_DOM	
1393	1392	POST_DOM	
4758	3313	POST_DOM	
1091	1090	POST_DOM	
135	218	POST_DOM	
4758	3068	POST_DOM	
4758	724	POST_DOM	
1331	1330	POST_DOM	
2241	2240	POST_DOM	
3426	3424	POST_DOM	
401	392	POST_DOM	
491	490	POST_DOM	
4640	4639	POST_DOM	
3146	3135	POST_DOM	
4758	2277	POST_DOM	
1314	1306	POST_DOM	
2726	2725	POST_DOM	
4157	4146	POST_DOM	
4758	2796	POST_DOM	
497	494	POST_DOM	
1507	1506	POST_DOM	
2060	2048	POST_DOM	
2650	2649	POST_DOM	
2545	2536	POST_DOM	
1437	1436	POST_DOM	
1499	1498	POST_DOM	
2653	2652	POST_DOM	
2506	2505	POST_DOM	
1445	1444	POST_DOM	
3005	3004	POST_DOM	
4758	932	POST_DOM	
1496	1495	POST_DOM	
2735	2730	POST_DOM	
4648	4644	POST_DOM	
1159	1158	POST_DOM	
4758	3153	POST_DOM	
1252	1245	POST_DOM	
3090	3089	POST_DOM	
3591	3590	POST_DOM	
3313	3302	POST_DOM	
3418	3417	POST_DOM	
1374	1373	POST_DOM	
546	545	POST_DOM	
1094	1093	POST_DOM	
2127	2126	POST_DOM	
536	535	POST_DOM	
2643	2642	POST_DOM	
4758	609	POST_DOM	
4758	3148	POST_DOM	
2646	2645	POST_DOM	
4745	4744	POST_DOM	
1967	1966	POST_DOM	
4728	4726	POST_DOM	
1435	1434	POST_DOM	
2224	2215	POST_DOM	
4099	4098	POST_DOM	
4758	1657	POST_DOM	
2840	2839	POST_DOM	
1173	1172	POST_DOM	
1862	1858	POST_DOM	
1402	1401	POST_DOM	
88	84	POST_DOM	
555	548	POST_DOM	
1521	1520	POST_DOM	
1390	1389	POST_DOM	
1898	1878	POST_DOM	
886	878	POST_DOM	
3588	3587	POST_DOM	
4758	2873	POST_DOM	
225	135	POST_DOM	
1477	1476	POST_DOM	
3575	3574	POST_DOM	
2183	2182	POST_DOM	
3836	3835	POST_DOM	
4649	4648	POST_DOM	
320	319	POST_DOM	
4758	229	POST_DOM	
767	766	POST_DOM	
3589	3588	POST_DOM	
1397	1396	POST_DOM	
4758	555	POST_DOM	
1423	1422	POST_DOM	
1996	1995	POST_DOM	
2960	2979	POST_DOM	
488	487	POST_DOM	
2014	2013	POST_DOM	
329	320	POST_DOM	
1592	1591	POST_DOM	
2811	2810	POST_DOM	
4524	4518	POST_DOM	
3013	3012	POST_DOM	
1590	1589	POST_DOM	
4758	1711	POST_DOM	
2185	2184	POST_DOM	
320	303	POST_DOM	
3085	3084	POST_DOM	
2242	2241	POST_DOM	
2010	2009	POST_DOM	
1971	1970	POST_DOM	
4440	4439	POST_DOM	
888	886	POST_DOM	
4627	4623	POST_DOM	
1462	1461	POST_DOM	
3009	3008	POST_DOM	
980	976	POST_DOM	
2180	2179	POST_DOM	
1470	1469	POST_DOM	
1997	1996	POST_DOM	
2645	2644	POST_DOM	
4758	2840	POST_DOM	
1824	1815	POST_DOM	
2381	2380	POST_DOM	
2776	2771	POST_DOM	
3689	3660	POST_DOM	
392	383	POST_DOM	
3839	3838	POST_DOM	
4702	4701	POST_DOM	
1090	1089	POST_DOM	
3083	3082	POST_DOM	
3315	3314	POST_DOM	
545	544	POST_DOM	
185	178	POST_DOM	
2194	2117	POST_DOM	
2289	2288	POST_DOM	
4732	4728	POST_DOM	
4620	4619	POST_DOM	
4721	4720	POST_DOM	
2640	2639	POST_DOM	
1683	1682	POST_DOM	
577	566	POST_DOM	
1367	1361	POST_DOM	
2383	2382	POST_DOM	
2848	2847	POST_DOM	
2030	1926	POST_DOM	
4758	1604	POST_DOM	
3001	2896	POST_DOM	
3413	3412	POST_DOM	
4305	4304	POST_DOM	
1451	1450	POST_DOM	
3148	3147	POST_DOM	
2008	2007	POST_DOM	
544	543	POST_DOM	
1898	1869	POST_DOM	
4758	587	POST_DOM	
2015	2014	POST_DOM	
2639	2638	POST_DOM	
4741	4740	POST_DOM	
1793	1756	POST_DOM	
3940	3919	POST_DOM	
287	273	POST_DOM	
1095	1094	POST_DOM	
1463	1462	POST_DOM	
4048	4072	POST_DOM	
2048	2046	POST_DOM	
912	905	POST_DOM	
1034	1033	POST_DOM	
3867	3863	POST_DOM	
484	483	POST_DOM	
4173	4165	POST_DOM	
1171	1170	POST_DOM	
4758	3536	POST_DOM	
3854	3852	POST_DOM	
1431	1430	POST_DOM	
1585	1584	POST_DOM	
2837	2826	POST_DOM	
4758	3126	POST_DOM	
3867	3871	POST_DOM	
3079	3078	POST_DOM	
1039	1038	POST_DOM	
4271	4270	POST_DOM	
3587	3586	POST_DOM	
1384	1383	POST_DOM	
2145	2139	POST_DOM	
4555	4554	POST_DOM	
4557	4556	POST_DOM	
1508	1507	POST_DOM	
1165	1164	POST_DOM	
2680	2676	POST_DOM	
3833	3832	POST_DOM	
4758	1713	POST_DOM	
1518	1453	POST_DOM	
1359	1353	POST_DOM	
3778	3770	POST_DOM	
1172	1171	POST_DOM	
3584	3583	POST_DOM	
4678	4677	POST_DOM	
4758	1224	POST_DOM	
4661	4660	POST_DOM	
4758	4758	POST_DOM	
1040	1039	POST_DOM	
738	737	POST_DOM	
4597	4596	POST_DOM	
1467	1466	POST_DOM	
4758	2506	POST_DOM	
1211	1210	POST_DOM	
2292	2291	POST_DOM	
3579	3578	POST_DOM	
4758	912	POST_DOM	
4758	1233	POST_DOM	
4758	2450	POST_DOM	
4076	4048	POST_DOM	
3714	3710	POST_DOM	
4470	4466	POST_DOM	
801	784	POST_DOM	
1086	1085	POST_DOM	
2037	2036	POST_DOM	
4426	4369	POST_DOM	
3046	3037	POST_DOM	
862	801	POST_DOM	
2156	2155	POST_DOM	
3630	3817	POST_DOM	
3342	3341	POST_DOM	
4758	2475	POST_DOM	
2651	2650	POST_DOM	
1403	1402	POST_DOM	
2162	2158	POST_DOM	
2001	1997	POST_DOM	
4758	1206	POST_DOM	
3417	3416	POST_DOM	
4315	4313	POST_DOM	
4196	4190	POST_DOM	
4552	4551	POST_DOM	
1532	1531	POST_DOM	
299	287	POST_DOM	
1394	1393	POST_DOM	
2940	2936	POST_DOM	
2006	2005	POST_DOM	
2005	2004	POST_DOM	
3571	3570	POST_DOM	
3574	3573	POST_DOM	
1087	1086	POST_DOM	
893	892	POST_DOM	
1869	1862	POST_DOM	
1412	1411	POST_DOM	
4093	4092	POST_DOM	
3576	3575	POST_DOM	
4122	4105	POST_DOM	
3433	3426	POST_DOM	
1306	1295	POST_DOM	
4296	4284	POST_DOM	
2667	2662	POST_DOM	
4758	3373	POST_DOM	
3849	3848	POST_DOM	
210	203	POST_DOM	
3228	3227	POST_DOM	
1038	1037	POST_DOM	
3340	3329	POST_DOM	
153	138	POST_DOM	
4614	4607	POST_DOM	
4758	4122	POST_DOM	
478	461	POST_DOM	
1505	1504	POST_DOM	
4618	4617	POST_DOM	
243	242	POST_DOM	
2473	2462	POST_DOM	
4758	122	POST_DOM	
3086	3085	POST_DOM	
2138	2137	POST_DOM	
2302	2301	POST_DOM	
1404	1403	POST_DOM	
4758	2060	POST_DOM	
4704	4703	POST_DOM	
801	789	POST_DOM	
3536	3534	POST_DOM	
1033	1032	POST_DOM	
3028	3022	POST_DOM	
2394	2392	POST_DOM	
1797	1796	POST_DOM	
540	539	POST_DOM	
1740	1739	POST_DOM	
1370	1369	POST_DOM	
2155	2154	POST_DOM	
2808	2807	POST_DOM	
3218	3217	POST_DOM	
3084	3083	POST_DOM	
539	538	POST_DOM	
3573	3572	POST_DOM	
2812	2811	POST_DOM	
1379	1378	POST_DOM	
1591	1590	POST_DOM	
4758	1135	POST_DOM	
1085	1084	POST_DOM	
4758	3507	POST_DOM	
4758	3146	POST_DOM	
4311	4310	POST_DOM	
4556	4555	POST_DOM	
4020	4009	POST_DOM	
4758	2328	POST_DOM	
1497	1496	POST_DOM	
4758	2667	POST_DOM	
214	210	POST_DOM	
776	769	POST_DOM	
4758	2817	POST_DOM	
1540	1539	POST_DOM	
1078	1072	POST_DOM	
1405	1404	POST_DOM	
2608	2566	POST_DOM	
4758	2308	POST_DOM	
2809	2808	POST_DOM	
4726	4725	POST_DOM	
4758	745	POST_DOM	
2730	2729	POST_DOM	
4616	4615	POST_DOM	
1101	1100	POST_DOM	
3259	3257	POST_DOM	
3373	3362	POST_DOM	
2287	2278	POST_DOM	
958	939	POST_DOM	
1538	1537	POST_DOM	
4758	699	POST_DOM	
3423	3422	POST_DOM	
3076	3075	POST_DOM	
2184	2183	POST_DOM	
4758	3487	POST_DOM	
4758	2842	POST_DOM	
4758	2868	POST_DOM	
4758	3556	POST_DOM	
3578	3577	POST_DOM	
2849	2848	POST_DOM	
3092	3090	POST_DOM	
4564	4560	POST_DOM	
1473	1472	POST_DOM	
3412	3411	POST_DOM	
80	4754	POST_DOM	
3789	3813	POST_DOM	
886	862	POST_DOM	
4758	2735	POST_DOM	
2013	2012	POST_DOM	
1519	1518	POST_DOM	
4596	4595	POST_DOM	
4579	4578	POST_DOM	
3220	3219	POST_DOM	
4682	4681	POST_DOM	
494	493	POST_DOM	
4686	4684	POST_DOM	
1500	1499	POST_DOM	
1800	1799	POST_DOM	
1598	1597	POST_DOM	
4554	4553	POST_DOM	
1089	1088	POST_DOM	
4607	4606	POST_DOM	
1029	980	POST_DOM	
1084	1078	POST_DOM	
4758	2355	POST_DOM	
4445	4443	POST_DOM	
225	173	POST_DOM	
2154	2153	POST_DOM	
4258	4257	POST_DOM	
1533	1532	POST_DOM	
1968	1967	POST_DOM	
3222	3221	POST_DOM	
739	738	POST_DOM	
2328	2317	POST_DOM	
3229	3228	POST_DOM	
3626	3622	POST_DOM	
1361	1360	POST_DOM	
2728	2727	POST_DOM	
4096	4095	POST_DOM	
4088	4087	POST_DOM	
1450	1449	POST_DOM	
1964	1955	POST_DOM	
2046	2045	POST_DOM	
609	598	POST_DOM	
1974	1972	POST_DOM	
1685	1684	POST_DOM	
1461	1460	POST_DOM	
2243	2242	POST_DOM	
4720	4719	POST_DOM	
1425	1424	POST_DOM	
1466	1465	POST_DOM	
3226	3225	POST_DOM	
4658	4657	POST_DOM	
3981	3977	POST_DOM	
2850	2849	POST_DOM	
1918	1900	POST_DOM	
1955	1954	POST_DOM	
647	641	POST_DOM	
635	629	POST_DOM	
4662	4661	POST_DOM	
4565	4564	POST_DOM	
4298	4297	POST_DOM	
688	687	POST_DOM	
1534	1533	POST_DOM	
4712	4711	POST_DOM	
1597	1596	POST_DOM	
1170	1169	POST_DOM	
4245	4244	POST_DOM	
3416	3415	POST_DOM	
2357	2356	POST_DOM	
3077	3076	POST_DOM	
4400	4388	POST_DOM	
4639	4638	POST_DOM	
3238	3234	POST_DOM	
4703	4702	POST_DOM	
2680	2686	POST_DOM	
1179	1175	POST_DOM	
1352	1351	POST_DOM	
4102	4101	POST_DOM	
3887	4076	POST_DOM	
4037	4020	POST_DOM	
4758	732	POST_DOM	
2252	2251	POST_DOM	
3046	3028	POST_DOM	
456	448	POST_DOM	
4103	4102	POST_DOM	
3232	3231	POST_DOM	
3419	3418	POST_DOM	
4758	2799	POST_DOM	
1930	1939	POST_DOM	
4257	4245	POST_DOM	
1453	1416	POST_DOM	
3606	3601	POST_DOM	
1043	1042	POST_DOM	
3375	3374	POST_DOM	
2146	2145	POST_DOM	
4740	4733	POST_DOM	
4758	1740	POST_DOM	
1939	1943	POST_DOM	
3845	3844	POST_DOM	
4758	1048	POST_DOM	
1252	1238	POST_DOM	
2301	2300	POST_DOM	
4681	4680	POST_DOM	
365	356	POST_DOM	
1206	1195	POST_DOM	
1160	1159	POST_DOM	
3583	3582	POST_DOM	
4758	3482	POST_DOM	
1377	1376	POST_DOM	
1369	1368	POST_DOM	
2896	2875	POST_DOM	
1401	1400	POST_DOM	
2007	2006	POST_DOM	
1680	1679	POST_DOM	
4758	3121	POST_DOM	
3536	3518	POST_DOM	
3577	3576	POST_DOM	
4602	4600	POST_DOM	
4239	4203	POST_DOM	
4698	4691	POST_DOM	
2250	2249	POST_DOM	
4617	4616	POST_DOM	
1427	1426	POST_DOM	
4758	427	POST_DOM	
3858	3854	POST_DOM	
1460	1459	POST_DOM	
4758	3433	POST_DOM	
4296	4239	POST_DOM	
1900	1898	POST_DOM	
4551	4496	POST_DOM	
1373	1372	POST_DOM	
3610	3614	POST_DOM	
492	491	POST_DOM	
4486	4479	POST_DOM	
4307	4306	POST_DOM	
4656	4649	POST_DOM	
4758	2330	POST_DOM	
745	740	POST_DOM	
4575	4574	POST_DOM	
4573	4572	POST_DOM	
1970	1969	POST_DOM	
3066	3053	POST_DOM	
1429	1428	POST_DOM	
2095	2087	POST_DOM	
489	488	POST_DOM	
984	1020	POST_DOM	
4494	4490	POST_DOM	
4439	4438	POST_DOM	
2946	2954	POST_DOM	
3004	3003	POST_DOM	
485	484	POST_DOM	
1093	1092	POST_DOM	
3844	3843	POST_DOM	
3590	3589	POST_DOM	
2796	2785	POST_DOM	
2475	2474	POST_DOM	
1594	1593	POST_DOM	
1686	1685	POST_DOM	
445	444	POST_DOM	
4308	4307	POST_DOM	
1332	1331	POST_DOM	
4621	4620	POST_DOM	
2253	2252	POST_DOM	
4723	4722	POST_DOM	
2038	2037	POST_DOM	
2003	2002	POST_DOM	
2137	2128	POST_DOM	
122	108	POST_DOM	
4413	4401	POST_DOM	
2392	2391	POST_DOM	
4758	1133	POST_DOM	
487	486	POST_DOM	
1439	1438	POST_DOM	
4574	4573	POST_DOM	
3597	3595	POST_DOM	
1599	1598	POST_DOM	
4660	4659	POST_DOM	
4466	4459	POST_DOM	
1965	1964	POST_DOM	
2036	2030	POST_DOM	
2724	2723	POST_DOM	
3272	3271	POST_DOM	
894	893	POST_DOM	
3119	3108	POST_DOM	
3424	3423	POST_DOM	
1413	1412	POST_DOM	
2025	2024	POST_DOM	
2024	2023	POST_DOM	
4758	2760	POST_DOM	
4283	4271	POST_DOM	
3001	2985	POST_DOM	
486	485	POST_DOM	
1494	1493	POST_DOM	
2644	2643	POST_DOM	
2755	2744	POST_DOM	
329	247	POST_DOM	
3843	3842	POST_DOM	
4758	2067	POST_DOM	
1795	1794	POST_DOM	
3046	3044	POST_DOM	
1070	1069	POST_DOM	
1491	1490	POST_DOM	
1578	1280	POST_DOM	
2194	2186	POST_DOM	
4758	3340	POST_DOM	
4758	2473	POST_DOM	
2758	2757	POST_DOM	
2807	2806	POST_DOM	
3480	3469	POST_DOM	
653	647	POST_DOM	
850	828	POST_DOM	
699	694	POST_DOM	
4758	3046	POST_DOM	
1261	1252	POST_DOM	
2126	2125	POST_DOM	
3455	3454	POST_DOM	
1433	1432	POST_DOM	
2386	2385	POST_DOM	
4091	4090	POST_DOM	
1588	1587	POST_DOM	
3293	3259	POST_DOM	
2927	2914	POST_DOM	
1796	1795	POST_DOM	
1449	1448	POST_DOM	
1713	1712	POST_DOM	
2725	2724	POST_DOM	
4722	4721	POST_DOM	
3014	3013	POST_DOM	
3829	3828	POST_DOM	
3722	3718	POST_DOM	
4284	4283	POST_DOM	
3585	3584	POST_DOM	
1578	1561	POST_DOM	
2421	2410	POST_DOM	
1839	1824	POST_DOM	
538	537	POST_DOM	
888	776	POST_DOM	
1583	1582	POST_DOM	
1798	1797	POST_DOM	
1548	1323	POST_DOM	
1447	1446	POST_DOM	
3204	3194	POST_DOM	
4600	4599	POST_DOM	
1506	1505	POST_DOM	
4680	4679	POST_DOM	
1681	1680	POST_DOM	
1382	1381	POST_DOM	
1161	1160	POST_DOM	
4437	4426	POST_DOM	
4203	4129	POST_DOM	
2954	2960	POST_DOM	
4758	2674	POST_DOM	
4072	4068	POST_DOM	
483	482	POST_DOM	
4599	4598	POST_DOM	
3011	3010	POST_DOM	
1343	1334	POST_DOM	
1952	1951	POST_DOM	
4443	4442	POST_DOM	
2851	2850	POST_DOM	
1042	1041	POST_DOM	
4758	2401	POST_DOM	
4642	4641	POST_DOM	
4758	1624	POST_DOM	
1440	1439	POST_DOM	
4310	4309	POST_DOM	
1088	1087	POST_DOM	
320	299	POST_DOM	
4048	4037	POST_DOM	
736	735	POST_DOM	
2201	2194	POST_DOM	
3582	3581	POST_DOM	
1537	1536	POST_DOM	
3230	3229	POST_DOM	
4089	4088	POST_DOM	
1472	1471	POST_DOM	
1378	1377	POST_DOM	
2379	2359	POST_DOM	
3482	3481	POST_DOM	
4009	4001	POST_DOM	
2019	2018	POST_DOM	
2654	2653	POST_DOM	
3837	3836	POST_DOM	
4157	4141	POST_DOM	
1408	1407	POST_DOM	
4724	4723	POST_DOM	
244	243	POST_DOM	
1474	1473	POST_DOM	
1442	1441	POST_DOM	
2174	2173	POST_DOM	
422	421	POST_DOM	
4665	4663	POST_DOM	
719	708	POST_DOM	
1041	1040	POST_DOM	
1133	1132	POST_DOM	
2298	2297	POST_DOM	
2272	2255	POST_DOM	
247	244	POST_DOM	
3507	3496	POST_DOM	
1432	1431	POST_DOM	
3081	3080	POST_DOM	
3453	3442	POST_DOM	
1504	1503	POST_DOM	
4758	1070	POST_DOM	
1578	1571	POST_DOM	
4758	685	POST_DOM	
1175	1173	POST_DOM	
1438	1437	POST_DOM	
3420	3419	POST_DOM	
2002	2001	POST_DOM	
1099	1098	POST_DOM	
2847	2846	POST_DOM	
665	653	POST_DOM	
3601	3597	POST_DOM	
4758	225	POST_DOM	
1375	1374	POST_DOM	
3073	3072	POST_DOM	
2729	2728	POST_DOM	
1424	1423	POST_DOM	
2767	2766	POST_DOM	
2658	2656	POST_DOM	
1678	1677	POST_DOM	
4304	4303	POST_DOM	
1459	1458	POST_DOM	
2385	2384	POST_DOM	
4009	3992	POST_DOM	
4670	4669	POST_DOM	
2044	2043	POST_DOM	
2770	2769	POST_DOM	
1464	1463	POST_DOM	
4641	4640	POST_DOM	
4593	4586	POST_DOM	
347	338	POST_DOM	
2176	2175	POST_DOM	
3827	3826	POST_DOM	
4636	4635	POST_DOM	
3846	3845	POST_DOM	
3594	3593	POST_DOM	
3012	3011	POST_DOM	
2355	2344	POST_DOM	
582	581	POST_DOM	
4758	2428	POST_DOM	
976	965	POST_DOM	
1037	1036	POST_DOM	
965	958	POST_DOM	
225	189	POST_DOM	
1988	1983	POST_DOM	
1385	1384	POST_DOM	
3017	3015	POST_DOM	
3919	3895	POST_DOM	
2854	2853	POST_DOM	
2936	2931	POST_DOM	
3733	3722	POST_DOM	
4578	4577	POST_DOM	
1100	1099	POST_DOM	
3217	3216	POST_DOM	
1691	1686	POST_DOM	
1398	1397	POST_DOM	
4758	3480	POST_DOM	
4101	4100	POST_DOM	
423	422	POST_DOM	
4691	4690	POST_DOM	
419	410	POST_DOM	
3001	2900	POST_DOM	
2388	2387	POST_DOM	
4711	4707	POST_DOM	
3022	3017	POST_DOM	
4302	4301	POST_DOM	
937	936	POST_DOM	
3078	3077	POST_DOM	
2566	2552	POST_DOM	
4087	3867	POST_DOM	
4438	4437	POST_DOM	
2012	2011	POST_DOM	
1422	1421	POST_DOM	
824	819	POST_DOM	
4758	3119	POST_DOM	
4544	4534	POST_DOM	
2104	2095	POST_DOM	
3871	3883	POST_DOM	
1009	992	POST_DOM	
1475	1474	POST_DOM	
685	677	POST_DOM	
3080	3079	POST_DOM	
4585	4581	POST_DOM	
1815	1806	POST_DOM	
2771	2770	POST_DOM	
2391	2390	POST_DOM	
1186	1179	POST_DOM	
4094	4093	POST_DOM	
4669	4665	POST_DOM	
4707	4705	POST_DOM	
383	374	POST_DOM	
1561	1555	POST_DOM	
1386	1385	POST_DOM	
103	95	POST_DOM	
3087	3086	POST_DOM	
1471	1470	POST_DOM	
1939	1935	POST_DOM	
2244	2243	POST_DOM	
1048	1043	POST_DOM	
4560	4558	POST_DOM	
1411	1410	POST_DOM	
4165	4157	POST_DOM	
4758	3342	POST_DOM	
95	88	POST_DOM	
374	365	POST_DOM	
4105	4103	POST_DOM	
1400	1399	POST_DOM	
424	423	POST_DOM	
4758	1186	POST_DOM	
1530	1529	POST_DOM	
3223	3222	POST_DOM	
1392	1391	POST_DOM	
3099	3092	POST_DOM	
4508	4502	POST_DOM	
4581	4579	POST_DOM	
4758	103	POST_DOM	
4705	4704	POST_DOM	
1387	1386	POST_DOM	
2856	2855	POST_DOM	
2296	2295	POST_DOM	
1503	1502	POST_DOM	
1389	1388	POST_DOM	
1444	1443	POST_DOM	
2299	2298	POST_DOM	
4758	2455	POST_DOM	
4758	2480	POST_DOM	
2810	2809	POST_DOM	
1983	1982	POST_DOM	
2655	2654	POST_DOM	
3835	3834	POST_DOM	
1036	1035	POST_DOM	
1430	1429	POST_DOM	
3838	3837	POST_DOM	
2087	2076	POST_DOM	
3863	3858	POST_DOM	
3008	3007	POST_DOM	
3215	3214	POST_DOM	
3840	3839	POST_DOM	
1128	1117	POST_DOM	
1518	1509	POST_DOM	
1428	1427	POST_DOM	
203	196	POST_DOM	
2017	2016	POST_DOM	
4518	4512	POST_DOM	
4572	4565	POST_DOM	
2954	2950	POST_DOM	
3851	3850	POST_DOM	
3421	3420	POST_DOM	
3761	3750	POST_DOM	
3181	3180	POST_DOM	
4758	238	POST_DOM	
1972	1971	POST_DOM	
2608	2591	POST_DOM	
77	78	IS_FUNCTION_OF_AST	
77	4757	IS_FUNCTION_OF_CFG	
1	77	IS_FILE_OF	
