command	key	type	code	location	functionId	childNum	isCFGNode	operator	baseType	completeType	identifier
ANR	1	File	/scan/output/_work/source/01_vulnerable_989__temp_variable_split__c5.c								
ANR	2	DeclStmt									
ANR	3	Decl							void	void ( TileManager * tm )	tile_manager_allocate_tiles
ANR	4	DeclStmt									
ANR	5	Decl							int	int	undecidedly_outdrive
ANR	6	DeclStmt									
ANR	7	Decl							int	int	stonesoup_global_variable
ANR	8	DeclStmt									
ANR	9	Decl							void	void ( char * hamon_slovakia )	stonesoup_handle_taint
ANR	10	DeclStmt									
ANR	11	Decl							void	void *	stonesoup_printf_context
ANR	12	Function	stonesoup_setup_printf_context	43:0:1426:1466							
ANR	13	FunctionDef	stonesoup_setup_printf_context ()		12	0					
ANR	14	CompoundStatement		43:38:1464:1466	12	0					
ANR	15	ReturnType	void		12	1					
ANR	16	Identifier	stonesoup_setup_printf_context		12	2					
ANR	17	ParameterList			12	3					
ANR	18	CFGEntryNode	ENTRY		12		True				
ANR	19	CFGExitNode	EXIT		12		True				
ANR	20	Function	stonesoup_printf	45:0:1468:1748							
ANR	21	FunctionDef	stonesoup_printf (char * format)		20	0					
ANR	22	CompoundStatement		45:42:1510:1748	20	0					
ANR	23	IdentifierDeclStatement	va_list argptr ;	46:4:1516:1530	20	0	True				
ANR	24	IdentifierDecl	argptr		20	0					
ANR	25	IdentifierDeclType	va_list		20	0					
ANR	26	Identifier	argptr		20	1					
ANR	27	ExpressionStatement	"va_start ( argptr , format )"	48:4:1615:1639	20	1	True				
ANR	28	CallExpression	"va_start ( argptr , format )"		20	0					
ANR	29	Callee	va_start		20	0					
ANR	30	Identifier	va_start		20	0					
ANR	31	ArgumentList	argptr		20	1					
ANR	32	Argument	argptr		20	0					
ANR	33	Identifier	argptr		20	0					
ANR	34	Argument	format		20	1					
ANR	35	Identifier	format		20	0					
ANR	36	ExpressionStatement	"mg_vprintf_data ( ( struct mg_connection * ) stonesoup_printf_context , format , argptr )"	49:4:1645:1726	20	2	True				
ANR	37	CallExpression	"mg_vprintf_data ( ( struct mg_connection * ) stonesoup_printf_context , format , argptr )"		20	0					
ANR	38	Callee	mg_vprintf_data		20	0					
ANR	39	Identifier	mg_vprintf_data		20	0					
ANR	40	ArgumentList	( struct mg_connection * ) stonesoup_printf_context		20	1					
ANR	41	Argument	( struct mg_connection * ) stonesoup_printf_context		20	0					
ANR	42	CastExpression	( struct mg_connection * ) stonesoup_printf_context		20	0					
ANR	43	CastTarget	struct mg_connection *		20	0					
ANR	44	Identifier	stonesoup_printf_context		20	1					
ANR	45	Argument	format		20	1					
ANR	46	Identifier	format		20	0					
ANR	47	Argument	argptr		20	2					
ANR	48	Identifier	argptr		20	0					
ANR	49	ExpressionStatement	va_end ( argptr )	50:4:1732:1746	20	3	True				
ANR	50	CallExpression	va_end ( argptr )		20	0					
ANR	51	Callee	va_end		20	0					
ANR	52	Identifier	va_end		20	0					
ANR	53	ArgumentList	argptr		20	1					
ANR	54	Argument	argptr		20	0					
ANR	55	Identifier	argptr		20	0					
ANR	56	ReturnType	void		20	1					
ANR	57	Identifier	stonesoup_printf		20	2					
ANR	58	ParameterList	char * format		20	3					
ANR	59	Parameter	char * format	45:22:1490:1502	20	0	True				
ANR	60	ParameterType	char *		20	0					
ANR	61	Identifier	format		20	1					
ANR	62	CFGEntryNode	ENTRY		20		True				
ANR	63	CFGExitNode	EXIT		20		True				
ANR	64	Symbol	argptr		20						
ANR	65	Symbol	stonesoup_printf_context		20						
ANR	66	Symbol	format		20						
ANR	67	Function	stonesoup_close_printf_context	52:0:1750:1790							
ANR	68	FunctionDef	stonesoup_close_printf_context ()		67	0					
ANR	69	CompoundStatement		52:38:1788:1790	67	0					
ANR	70	ReturnType	void		67	1					
ANR	71	Identifier	stonesoup_close_printf_context		67	2					
ANR	72	ParameterList			67	3					
ANR	73	CFGEntryNode	ENTRY		67		True				
ANR	74	CFGExitNode	EXIT		67		True				
ANR	75	DeclStmt									
ANR	76	Decl							int	int	stonesoup_exit_flag
ANR	77	Function	stonesoup_ev_handler	55:0:1828:28827							
ANR	78	FunctionDef	"stonesoup_ev_handler (struct mg_connection * conn , enum mg_event ev)"		77	0					
ANR	79	CompoundStatement		55:78:1906:28827	77	0					
ANR	80	IdentifierDeclStatement	char * ifmatch_header ;	56:2:1910:1931	77	0	True				
ANR	81	IdentifierDecl	* ifmatch_header		77	0					
ANR	82	IdentifierDeclType	char *		77	0					
ANR	83	Identifier	ifmatch_header		77	1					
ANR	84	IdentifierDeclStatement	char * stonesoup_tainted_buff ;	57:2:1935:1963	77	1	True				
ANR	85	IdentifierDecl	* stonesoup_tainted_buff		77	0					
ANR	86	IdentifierDeclType	char *		77	0					
ANR	87	Identifier	stonesoup_tainted_buff		77	1					
ANR	88	IdentifierDeclStatement	int buffer_size = 1000 ;	58:2:1967:1989	77	2	True				
ANR	89	IdentifierDecl	buffer_size = 1000		77	0					
ANR	90	IdentifierDeclType	int		77	0					
ANR	91	Identifier	buffer_size		77	1					
ANR	92	AssignmentExpression	buffer_size = 1000		77	2		=			
ANR	93	Identifier	buffer_size		77	0					
ANR	94	PrimaryExpression	1000		77	1					
ANR	95	IdentifierDeclStatement	int data_size = 0 ;	59:2:1993:2010	77	3	True				
ANR	96	IdentifierDecl	data_size = 0		77	0					
ANR	97	IdentifierDeclType	int		77	0					
ANR	98	Identifier	data_size		77	1					
ANR	99	AssignmentExpression	data_size = 0		77	2		=			
ANR	100	Identifier	data_size		77	0					
ANR	101	PrimaryExpression	0		77	1					
ANR	102	IfStatement	if ( ev == MG_REQUEST )		77	4					
ANR	103	Condition	ev == MG_REQUEST	60:6:2018:2033	77	0	True				
ANR	104	EqualityExpression	ev == MG_REQUEST		77	0		==			
ANR	105	Identifier	ev		77	0					
ANR	106	Identifier	MG_REQUEST		77	1					
ANR	107	CompoundStatement		6:24:129:129	77	1					
ANR	108	ExpressionStatement	"ifmatch_header = ( char * ) mg_get_header ( conn , ""if-match"" )"	61:4:2042:2098	77	0	True				
ANR	109	AssignmentExpression	"ifmatch_header = ( char * ) mg_get_header ( conn , ""if-match"" )"		77	0		=			
ANR	110	Identifier	ifmatch_header		77	0					
ANR	111	CastExpression	"( char * ) mg_get_header ( conn , ""if-match"" )"		77	1					
ANR	112	CastTarget	char *		77	0					
ANR	113	CallExpression	"mg_get_header ( conn , ""if-match"" )"		77	1					
ANR	114	Callee	mg_get_header		77	0					
ANR	115	Identifier	mg_get_header		77	0					
ANR	116	ArgumentList	conn		77	1					
ANR	117	Argument	conn		77	0					
ANR	118	Identifier	conn		77	0					
ANR	119	Argument	"""if-match"""		77	1					
ANR	120	PrimaryExpression	"""if-match"""		77	0					
ANR	121	IfStatement	"if ( strcmp ( ifmatch_header , ""weak_taint_source_value"" ) == 0 )"		77	1					
ANR	122	Condition	"strcmp ( ifmatch_header , ""weak_taint_source_value"" ) == 0"	62:8:2108:2161	77	0	True				
ANR	123	EqualityExpression	"strcmp ( ifmatch_header , ""weak_taint_source_value"" ) == 0"		77	0		==			
ANR	124	CallExpression	"strcmp ( ifmatch_header , ""weak_taint_source_value"" )"		77	0					
ANR	125	Callee	strcmp		77	0					
ANR	126	Identifier	strcmp		77	0					
ANR	127	ArgumentList	ifmatch_header		77	1					
ANR	128	Argument	ifmatch_header		77	0					
ANR	129	Identifier	ifmatch_header		77	0					
ANR	130	Argument	"""weak_taint_source_value"""		77	1					
ANR	131	PrimaryExpression	"""weak_taint_source_value"""		77	0					
ANR	132	PrimaryExpression	0		77	1					
ANR	133	CompoundStatement		8:64:257:257	77	1					
ANR	134	WhileStatement	while ( 1 )		77	0					
ANR	135	Condition	1	63:15:2181:2181	77	0	True				
ANR	136	PrimaryExpression	1		77	0					
ANR	137	CompoundStatement		20:8:779:799	77	1					
ANR	138	ExpressionStatement	stonesoup_tainted_buff = ( char * ) malloc ( buffer_size * sizeof ( char ) )	64:12:2198:2265	77	0	True				
ANR	139	AssignmentExpression	stonesoup_tainted_buff = ( char * ) malloc ( buffer_size * sizeof ( char ) )		77	0		=			
ANR	140	Identifier	stonesoup_tainted_buff		77	0					
ANR	141	CastExpression	( char * ) malloc ( buffer_size * sizeof ( char ) )		77	1					
ANR	142	CastTarget	char *		77	0					
ANR	143	CallExpression	malloc ( buffer_size * sizeof ( char ) )		77	1					
ANR	144	Callee	malloc		77	0					
ANR	145	Identifier	malloc		77	0					
ANR	146	ArgumentList	buffer_size * sizeof ( char )		77	1					
ANR	147	Argument	buffer_size * sizeof ( char )		77	0					
ANR	148	MultiplicativeExpression	buffer_size * sizeof ( char )		77	0		*			
ANR	149	Identifier	buffer_size		77	0					
ANR	150	SizeofExpression	sizeof ( char )		77	1					
ANR	151	Sizeof	sizeof		77	0					
ANR	152	SizeofOperand	char		77	1					
ANR	153	ExpressionStatement	"data_size = mg_get_var ( conn , ""data"" , stonesoup_tainted_buff , buffer_size * sizeof ( char ) )"	66:12:2339:2427	77	1	True				
ANR	154	AssignmentExpression	"data_size = mg_get_var ( conn , ""data"" , stonesoup_tainted_buff , buffer_size * sizeof ( char ) )"		77	0		=			
ANR	155	Identifier	data_size		77	0					
ANR	156	CallExpression	"mg_get_var ( conn , ""data"" , stonesoup_tainted_buff , buffer_size * sizeof ( char ) )"		77	1					
ANR	157	Callee	mg_get_var		77	0					
ANR	158	Identifier	mg_get_var		77	0					
ANR	159	ArgumentList	conn		77	1					
ANR	160	Argument	conn		77	0					
ANR	161	Identifier	conn		77	0					
ANR	162	Argument	"""data"""		77	1					
ANR	163	PrimaryExpression	"""data"""		77	0					
ANR	164	Argument	stonesoup_tainted_buff		77	2					
ANR	165	Identifier	stonesoup_tainted_buff		77	0					
ANR	166	Argument	buffer_size * sizeof ( char )		77	3					
ANR	167	MultiplicativeExpression	buffer_size * sizeof ( char )		77	0		*			
ANR	168	Identifier	buffer_size		77	0					
ANR	169	SizeofExpression	sizeof ( char )		77	1					
ANR	170	Sizeof	sizeof		77	0					
ANR	171	SizeofOperand	char		77	1					
ANR	172	IfStatement	if ( data_size < buffer_size )		77	2					
ANR	173	Condition	data_size < buffer_size	67:16:2445:2467	77	0	True				
ANR	174	RelationalExpression	data_size < buffer_size		77	0		<			
ANR	175	Identifier	data_size		77	0					
ANR	176	Identifier	buffer_size		77	1					
ANR	177	CompoundStatement		14:16:581:598	77	1					
ANR	178	IdentifierDeclStatement	int dwk_tmp_5 = 1 ;	68:16:2488:2505	77	0	True				
ANR	179	IdentifierDecl	dwk_tmp_5 = 1		77	0					
ANR	180	IdentifierDeclType	int		77	0					
ANR	181	Identifier	dwk_tmp_5		77	1					
ANR	182	AssignmentExpression	dwk_tmp_5 = 1		77	2		=			
ANR	183	Identifier	dwk_tmp_5		77	0					
ANR	184	PrimaryExpression	1		77	1					
ANR	185	ExpressionStatement	stonesoup_exit_flag = dwk_tmp_5	69:16:2523:2554	77	1	True				
ANR	186	AssignmentExpression	stonesoup_exit_flag = dwk_tmp_5		77	0		=			
ANR	187	Identifier	stonesoup_exit_flag		77	0					
ANR	188	Identifier	dwk_tmp_5		77	1					
ANR	189	BreakStatement	break ;	70:16:2572:2577	77	2	True				
ANR	190	ExpressionStatement	buffer_size = buffer_size * 2	72:12:2605:2634	77	3	True				
ANR	191	AssignmentExpression	buffer_size = buffer_size * 2		77	0		=			
ANR	192	Identifier	buffer_size		77	0					
ANR	193	MultiplicativeExpression	buffer_size * 2		77	1		*			
ANR	194	Identifier	buffer_size		77	0					
ANR	195	PrimaryExpression	2		77	1					
ANR	196	ExpressionStatement	free ( stonesoup_tainted_buff )	73:12:2648:2676	77	4	True				
ANR	197	CallExpression	free ( stonesoup_tainted_buff )		77	0					
ANR	198	Callee	free		77	0					
ANR	199	Identifier	free		77	0					
ANR	200	ArgumentList	stonesoup_tainted_buff		77	1					
ANR	201	Argument	stonesoup_tainted_buff		77	0					
ANR	202	Identifier	stonesoup_tainted_buff		77	0					
ANR	203	IdentifierDeclStatement	int dwk_tmp_4 = conn ;	74:8:2686:2706	77	5	True				
ANR	204	IdentifierDecl	dwk_tmp_4 = conn		77	0					
ANR	205	IdentifierDeclType	int		77	0					
ANR	206	Identifier	dwk_tmp_4		77	1					
ANR	207	AssignmentExpression	dwk_tmp_4 = conn		77	2		=			
ANR	208	Identifier	conn		77	0					
ANR	209	Identifier	conn		77	1					
ANR	210	ExpressionStatement	stonesoup_printf_context = dwk_tmp_4	75:8:2716:2752	77	6	True				
ANR	211	AssignmentExpression	stonesoup_printf_context = dwk_tmp_4		77	0		=			
ANR	212	Identifier	stonesoup_printf_context		77	0					
ANR	213	Identifier	dwk_tmp_4		77	1					
ANR	214	ExpressionStatement	stonesoup_printf_context = conn	76:8:2762:2793	77	7	True				
ANR	215	AssignmentExpression	stonesoup_printf_context = conn		77	0		=			
ANR	216	Identifier	stonesoup_printf_context		77	0					
ANR	217	Identifier	conn		77	1					
ANR	218	ExpressionStatement	stonesoup_handle_taint ( stonesoup_tainted_buff )	77:8:2803:2849	77	8	True				
ANR	219	CallExpression	stonesoup_handle_taint ( stonesoup_tainted_buff )		77	0					
ANR	220	Callee	stonesoup_handle_taint		77	0					
ANR	221	Identifier	stonesoup_handle_taint		77	0					
ANR	222	ArgumentList	stonesoup_tainted_buff		77	1					
ANR	223	Argument	stonesoup_tainted_buff		77	0					
ANR	224	Identifier	stonesoup_tainted_buff		77	0					
ANR	225	ReturnStatement	return MG_TRUE ;	80:4:2902:2916	77	1	True				
ANR	226	Identifier	MG_TRUE		77	0					
ANR	227	ElseStatement	else		77	0					
ANR	228	IfStatement	if ( ev == MG_AUTH )		77	0					
ANR	229	Condition	ev == MG_AUTH	81:13:2931:2943	77	0	True				
ANR	230	EqualityExpression	ev == MG_AUTH		77	0		==			
ANR	231	Identifier	ev		77	0					
ANR	232	Identifier	MG_AUTH		77	1					
ANR	233	CompoundStatement		27:28:1039:1039	77	1					
ANR	234	ReturnStatement	return MG_TRUE ;	82:4:2952:2966	77	0	True				
ANR	235	Identifier	MG_TRUE		77	0					
ANR	236	ElseStatement	else		77	0					
ANR	237	CompoundStatement		29:9:1070:1070	77	0					
ANR	238	ReturnStatement	return MG_FALSE ;	84:4:2983:2998	77	0	True				
ANR	239	Identifier	MG_FALSE		77	0					
ANR	240	Statement	void	87:0:3006:3009	77	5	True				
ANR	241	Statement	stonesoup_read_taint	87:5:3011:3030	77	6	True				
ANR	242	Statement	(	87:25:3031:3031	77	7	True				
ANR	243	Statement	void	87:26:3032:3035	77	8	True				
ANR	244	Statement	)	87:30:3036:3036	77	9	True				
ANR	245	CompoundStatement		33:32:1131:1131	77	10					
ANR	246	IfStatement	"if ( getenv ( ""STONESOUP_DISABLE_WEAKNESS"" ) == NULL || strcmp ( getenv ( ""STONESOUP_DISABLE_WEAKNESS"" ) , ""1"" ) != 0 )"		77	0					
ANR	247	Condition	"getenv ( ""STONESOUP_DISABLE_WEAKNESS"" ) == NULL || strcmp ( getenv ( ""STONESOUP_DISABLE_WEAKNESS"" ) , ""1"" ) != 0"	88:6:3046:3153	77	0	True				
ANR	248	OrExpression	"getenv ( ""STONESOUP_DISABLE_WEAKNESS"" ) == NULL || strcmp ( getenv ( ""STONESOUP_DISABLE_WEAKNESS"" ) , ""1"" ) != 0"		77	0		||			
ANR	249	EqualityExpression	"getenv ( ""STONESOUP_DISABLE_WEAKNESS"" ) == NULL"		77	0		==			
ANR	250	CallExpression	"getenv ( ""STONESOUP_DISABLE_WEAKNESS"" )"		77	0					
ANR	251	Callee	getenv		77	0					
ANR	252	Identifier	getenv		77	0					
ANR	253	ArgumentList	"""STONESOUP_DISABLE_WEAKNESS"""		77	1					
ANR	254	Argument	"""STONESOUP_DISABLE_WEAKNESS"""		77	0					
ANR	255	PrimaryExpression	"""STONESOUP_DISABLE_WEAKNESS"""		77	0					
ANR	256	Identifier	NULL		77	1					
ANR	257	EqualityExpression	"strcmp ( getenv ( ""STONESOUP_DISABLE_WEAKNESS"" ) , ""1"" ) != 0"		77	1		!=			
ANR	258	CallExpression	"strcmp ( getenv ( ""STONESOUP_DISABLE_WEAKNESS"" ) , ""1"" )"		77	0					
ANR	259	Callee	strcmp		77	0					
ANR	260	Identifier	strcmp		77	0					
ANR	261	ArgumentList	"getenv ( ""STONESOUP_DISABLE_WEAKNESS"" )"		77	1					
ANR	262	Argument	"getenv ( ""STONESOUP_DISABLE_WEAKNESS"" )"		77	0					
ANR	263	CallExpression	"getenv ( ""STONESOUP_DISABLE_WEAKNESS"" )"		77	0					
ANR	264	Callee	getenv		77	0					
ANR	265	Identifier	getenv		77	0					
ANR	266	ArgumentList	"""STONESOUP_DISABLE_WEAKNESS"""		77	1					
ANR	267	Argument	"""STONESOUP_DISABLE_WEAKNESS"""		77	0					
ANR	268	PrimaryExpression	"""STONESOUP_DISABLE_WEAKNESS"""		77	0					
ANR	269	Argument	"""1"""		77	1					
ANR	270	PrimaryExpression	"""1"""		77	0					
ANR	271	PrimaryExpression	0		77	1					
ANR	272	CompoundStatement		36:4:1255:1336	77	1					
ANR	273	IdentifierDeclStatement	"struct mg_server * stonesoup_server = mg_create_server ( NULL , stonesoup_ev_handler ) ;"	90:4:3162:3243	77	0	True				
ANR	274	IdentifierDecl	"* stonesoup_server = mg_create_server ( NULL , stonesoup_ev_handler )"		77	0					
ANR	275	IdentifierDeclType	struct mg_server *		77	0					
ANR	276	Identifier	stonesoup_server		77	1					
ANR	277	AssignmentExpression	"* stonesoup_server = mg_create_server ( NULL , stonesoup_ev_handler )"		77	2		=			
ANR	278	Identifier	stonesoup_server		77	0					
ANR	279	CallExpression	"mg_create_server ( NULL , stonesoup_ev_handler )"		77	1					
ANR	280	Callee	mg_create_server		77	0					
ANR	281	Identifier	mg_create_server		77	0					
ANR	282	ArgumentList	NULL		77	1					
ANR	283	Argument	NULL		77	0					
ANR	284	Identifier	NULL		77	0					
ANR	285	Argument	stonesoup_ev_handler		77	1					
ANR	286	Identifier	stonesoup_ev_handler		77	0					
ANR	287	ExpressionStatement	"mg_set_option ( stonesoup_server , ""listening_port"" , ""8887"" )"	91:4:3249:3306	77	1	True				
ANR	288	CallExpression	"mg_set_option ( stonesoup_server , ""listening_port"" , ""8887"" )"		77	0					
ANR	289	Callee	mg_set_option		77	0					
ANR	290	Identifier	mg_set_option		77	0					
ANR	291	ArgumentList	stonesoup_server		77	1					
ANR	292	Argument	stonesoup_server		77	0					
ANR	293	Identifier	stonesoup_server		77	0					
ANR	294	Argument	"""listening_port"""		77	1					
ANR	295	PrimaryExpression	"""listening_port"""		77	0					
ANR	296	Argument	"""8887"""		77	2					
ANR	297	PrimaryExpression	"""8887"""		77	0					
ANR	298	WhileStatement	while ( 1 )		77	2					
ANR	299	Condition	1	92:11:3319:3319	77	0	True				
ANR	300	PrimaryExpression	1		77	0					
ANR	301	CompoundStatement		38:14:1415:1415	77	1					
ANR	302	IfStatement	"if ( mg_poll_server ( stonesoup_server , 1000 ) == 0 && stonesoup_exit_flag == 1 )"		77	0					
ANR	303	Condition	"mg_poll_server ( stonesoup_server , 1000 ) == 0 && stonesoup_exit_flag == 1"	93:10:3334:3404	77	0	True				
ANR	304	AndExpression	"mg_poll_server ( stonesoup_server , 1000 ) == 0 && stonesoup_exit_flag == 1"		77	0		&&			
ANR	305	EqualityExpression	"mg_poll_server ( stonesoup_server , 1000 ) == 0"		77	0		==			
ANR	306	CallExpression	"mg_poll_server ( stonesoup_server , 1000 )"		77	0					
ANR	307	Callee	mg_poll_server		77	0					
ANR	308	Identifier	mg_poll_server		77	0					
ANR	309	ArgumentList	stonesoup_server		77	1					
ANR	310	Argument	stonesoup_server		77	0					
ANR	311	Identifier	stonesoup_server		77	0					
ANR	312	Argument	1000		77	1					
ANR	313	PrimaryExpression	1000		77	0					
ANR	314	PrimaryExpression	0		77	1					
ANR	315	EqualityExpression	stonesoup_exit_flag == 1		77	1		==			
ANR	316	Identifier	stonesoup_exit_flag		77	0					
ANR	317	PrimaryExpression	1		77	1					
ANR	318	CompoundStatement		39:83:1500:1500	77	1					
ANR	319	BreakStatement	break ;	94:10:3419:3424	77	0	True				
ANR	320	ExpressionStatement	mg_destroy_server ( & stonesoup_server )	97:4:3444:3480	77	3	True				
ANR	321	CallExpression	mg_destroy_server ( & stonesoup_server )		77	0					
ANR	322	Callee	mg_destroy_server		77	0					
ANR	323	Identifier	mg_destroy_server		77	0					
ANR	324	ArgumentList	& stonesoup_server		77	1					
ANR	325	Argument	& stonesoup_server		77	0					
ANR	326	UnaryOperationExpression	& stonesoup_server		77	0					
ANR	327	UnaryOperator	&		77	0					
ANR	328	Identifier	stonesoup_server		77	1					
ANR	329	IdentifierDeclStatement	void diestrums_everhart ( char * * pseudobinary_archenemies ) ;	100:0:3488:3544	77	11	True				
ANR	330	IdentifierDecl	diestrums_everhart ( char * * pseudobinary_archenemies )		77	0					
ANR	331	IdentifierDeclType	void		77	0					
ANR	332	Identifier	diestrums_everhart		77	1					
ANR	333	MultiplicativeExpression	char * * pseudobinary_archenemies		77	2		*			
ANR	334	Identifier	char		77	0					
ANR	335	UnaryOperationExpression	* pseudobinary_archenemies		77	1					
ANR	336	UnaryOperator	*		77	0					
ANR	337	Identifier	pseudobinary_archenemies		77	1					
ANR	338	IdentifierDeclStatement	void urbanologists_truncature ( char * * dimplier_vancouver ) ;	101:0:3546:3602	77	12	True				
ANR	339	IdentifierDecl	urbanologists_truncature ( char * * dimplier_vancouver )		77	0					
ANR	340	IdentifierDeclType	void		77	0					
ANR	341	Identifier	urbanologists_truncature		77	1					
ANR	342	MultiplicativeExpression	char * * dimplier_vancouver		77	2		*			
ANR	343	Identifier	char		77	0					
ANR	344	UnaryOperationExpression	* dimplier_vancouver		77	1					
ANR	345	UnaryOperator	*		77	0					
ANR	346	Identifier	dimplier_vancouver		77	1					
ANR	347	IdentifierDeclStatement	void fazenda_balas ( char * * hexarchies_noncanvassing ) ;	102:0:3604:3655	77	13	True				
ANR	348	IdentifierDecl	fazenda_balas ( char * * hexarchies_noncanvassing )		77	0					
ANR	349	IdentifierDeclType	void		77	0					
ANR	350	Identifier	fazenda_balas		77	1					
ANR	351	MultiplicativeExpression	char * * hexarchies_noncanvassing		77	2		*			
ANR	352	Identifier	char		77	0					
ANR	353	UnaryOperationExpression	* hexarchies_noncanvassing		77	1					
ANR	354	UnaryOperator	*		77	0					
ANR	355	Identifier	hexarchies_noncanvassing		77	1					
ANR	356	IdentifierDeclStatement	void knottiest_tutto ( char * * papistries_focalized ) ;	103:0:3657:3706	77	14	True				
ANR	357	IdentifierDecl	knottiest_tutto ( char * * papistries_focalized )		77	0					
ANR	358	IdentifierDeclType	void		77	0					
ANR	359	Identifier	knottiest_tutto		77	1					
ANR	360	MultiplicativeExpression	char * * papistries_focalized		77	2		*			
ANR	361	Identifier	char		77	0					
ANR	362	UnaryOperationExpression	* papistries_focalized		77	1					
ANR	363	UnaryOperator	*		77	0					
ANR	364	Identifier	papistries_focalized		77	1					
ANR	365	IdentifierDeclStatement	void discordantness_spet ( char * * tercentenary_mesosigmoid ) ;	104:0:3708:3765	77	15	True				
ANR	366	IdentifierDecl	discordantness_spet ( char * * tercentenary_mesosigmoid )		77	0					
ANR	367	IdentifierDeclType	void		77	0					
ANR	368	Identifier	discordantness_spet		77	1					
ANR	369	MultiplicativeExpression	char * * tercentenary_mesosigmoid		77	2		*			
ANR	370	Identifier	char		77	0					
ANR	371	UnaryOperationExpression	* tercentenary_mesosigmoid		77	1					
ANR	372	UnaryOperator	*		77	0					
ANR	373	Identifier	tercentenary_mesosigmoid		77	1					
ANR	374	IdentifierDeclStatement	void duckblind_lincomycin ( char * * maceraters_prepollent ) ;	105:0:3767:3822	77	16	True				
ANR	375	IdentifierDecl	duckblind_lincomycin ( char * * maceraters_prepollent )		77	0					
ANR	376	IdentifierDeclType	void		77	0					
ANR	377	Identifier	duckblind_lincomycin		77	1					
ANR	378	MultiplicativeExpression	char * * maceraters_prepollent		77	2		*			
ANR	379	Identifier	char		77	0					
ANR	380	UnaryOperationExpression	* maceraters_prepollent		77	1					
ANR	381	UnaryOperator	*		77	0					
ANR	382	Identifier	maceraters_prepollent		77	1					
ANR	383	IdentifierDeclStatement	void flustrate_osotriazine ( char * * conspiring_weightedly ) ;	106:0:3824:3880	77	17	True				
ANR	384	IdentifierDecl	flustrate_osotriazine ( char * * conspiring_weightedly )		77	0					
ANR	385	IdentifierDeclType	void		77	0					
ANR	386	Identifier	flustrate_osotriazine		77	1					
ANR	387	MultiplicativeExpression	char * * conspiring_weightedly		77	2		*			
ANR	388	Identifier	char		77	0					
ANR	389	UnaryOperationExpression	* conspiring_weightedly		77	1					
ANR	390	UnaryOperator	*		77	0					
ANR	391	Identifier	conspiring_weightedly		77	1					
ANR	392	IdentifierDeclStatement	void hydantoate_metallurgically ( char * * candied_jiminy ) ;	107:0:3882:3936	77	18	True				
ANR	393	IdentifierDecl	hydantoate_metallurgically ( char * * candied_jiminy )		77	0					
ANR	394	IdentifierDeclType	void		77	0					
ANR	395	Identifier	hydantoate_metallurgically		77	1					
ANR	396	MultiplicativeExpression	char * * candied_jiminy		77	2		*			
ANR	397	Identifier	char		77	0					
ANR	398	UnaryOperationExpression	* candied_jiminy		77	1					
ANR	399	UnaryOperator	*		77	0					
ANR	400	Identifier	candied_jiminy		77	1					
ANR	401	IdentifierDeclStatement	void fredrich_outhiring ( char * * ethoxycaffeine_unpublic ) ;	108:0:3938:3993	77	19	True				
ANR	402	IdentifierDecl	fredrich_outhiring ( char * * ethoxycaffeine_unpublic )		77	0					
ANR	403	IdentifierDeclType	void		77	0					
ANR	404	Identifier	fredrich_outhiring		77	1					
ANR	405	MultiplicativeExpression	char * * ethoxycaffeine_unpublic		77	2		*			
ANR	406	Identifier	char		77	0					
ANR	407	UnaryOperationExpression	* ethoxycaffeine_unpublic		77	1					
ANR	408	UnaryOperator	*		77	0					
ANR	409	Identifier	ethoxycaffeine_unpublic		77	1					
ANR	410	IdentifierDeclStatement	void coenzymatically_concrescible ( char * * keffer_footprints ) ;	109:0:3995:4054	77	20	True				
ANR	411	IdentifierDecl	coenzymatically_concrescible ( char * * keffer_footprints )		77	0					
ANR	412	IdentifierDeclType	void		77	0					
ANR	413	Identifier	coenzymatically_concrescible		77	1					
ANR	414	MultiplicativeExpression	char * * keffer_footprints		77	2		*			
ANR	415	Identifier	char		77	0					
ANR	416	UnaryOperationExpression	* keffer_footprints		77	1					
ANR	417	UnaryOperator	*		77	0					
ANR	418	Identifier	keffer_footprints		77	1					
ANR	419	Statement	int	110:0:4056:4058	77	21	True				
ANR	420	Statement	stonesoup_toupper	110:4:4060:4076	77	22	True				
ANR	421	Statement	(	110:21:4077:4077	77	23	True				
ANR	422	Statement	int	110:22:4078:4080	77	24	True				
ANR	423	Statement	c	110:26:4082:4082	77	25	True				
ANR	424	Statement	)	110:27:4083:4083	77	26	True				
ANR	425	CompoundStatement		57:0:2178:2178	77	27					
ANR	426	IfStatement	if ( c >= 97 && c <= 122 )		77	0					
ANR	427	Condition	c >= 97 && c <= 122	112:6:4093:4111	77	0	True				
ANR	428	AndExpression	c >= 97 && c <= 122		77	0		&&			
ANR	429	RelationalExpression	c >= 97		77	0		>=			
ANR	430	Identifier	c		77	0					
ANR	431	PrimaryExpression	97		77	1					
ANR	432	RelationalExpression	c <= 122		77	1		<=			
ANR	433	Identifier	c		77	0					
ANR	434	PrimaryExpression	122		77	1					
ANR	435	CompoundStatement		58:27:2207:2207	77	1					
ANR	436	ReturnStatement	return c - 32 ;	113:4:4120:4133	77	0	True				
ANR	437	AdditiveExpression	c - 32		77	0		-			
ANR	438	Identifier	c		77	0					
ANR	439	PrimaryExpression	32		77	1					
ANR	440	ReturnStatement	return c ;	115:2:4141:4149	77	1	True				
ANR	441	Identifier	c		77	0					
ANR	442	Statement	GType	118:0:4154:4158	77	28	True				
ANR	443	Statement	gimp_tile_manager_get_type	118:6:4160:4185	77	29	True				
ANR	444	Statement	(	118:32:4186:4186	77	30	True				
ANR	445	Statement	)	118:33:4187:4187	77	31	True				
ANR	446	CompoundStatement		66:9:2293:2307	77	32					
ANR	447	Statement	static	120:2:4193:4198	77	0	True				
ANR	448	IdentifierDeclStatement	GType type = 0 ;	120:9:4200:4214	77	1	True				
ANR	449	IdentifierDecl	type = 0		77	0					
ANR	450	IdentifierDeclType	GType		77	0					
ANR	451	Identifier	type		77	1					
ANR	452	AssignmentExpression	type = 0		77	2		=			
ANR	453	Identifier	type		77	0					
ANR	454	PrimaryExpression	0		77	1					
ANR	455	IfStatement	if ( ! type )		77	2					
ANR	456	Condition	! type	121:6:4222:4226	77	0	True				
ANR	457	UnaryOperationExpression	! type		77	0					
ANR	458	UnaryOperator	!		77	0					
ANR	459	Identifier	type		77	1					
ANR	460	CompoundStatement		67:13:2322:2322	77	1					
ANR	461	ExpressionStatement	"type = g_boxed_type_register_static ( ""TileManager"" , ( ( GBoxedCopyFunc ) tile_manager_ref ) , ( ( GBoxedFreeFunc ) tile_manager_unref ) )"	122:4:4235:4359	77	0	True				
ANR	462	AssignmentExpression	"type = g_boxed_type_register_static ( ""TileManager"" , ( ( GBoxedCopyFunc ) tile_manager_ref ) , ( ( GBoxedFreeFunc ) tile_manager_unref ) )"		77	0		=			
ANR	463	Identifier	type		77	0					
ANR	464	CallExpression	"g_boxed_type_register_static ( ""TileManager"" , ( ( GBoxedCopyFunc ) tile_manager_ref ) , ( ( GBoxedFreeFunc ) tile_manager_unref ) )"		77	1					
ANR	465	Callee	g_boxed_type_register_static		77	0					
ANR	466	Identifier	g_boxed_type_register_static		77	0					
ANR	467	ArgumentList	"""TileManager"""		77	1					
ANR	468	Argument	"""TileManager"""		77	0					
ANR	469	PrimaryExpression	"""TileManager"""		77	0					
ANR	470	Argument	( GBoxedCopyFunc ) tile_manager_ref		77	1					
ANR	471	CastExpression	( GBoxedCopyFunc ) tile_manager_ref		77	0					
ANR	472	CastTarget	GBoxedCopyFunc		77	0					
ANR	473	Identifier	tile_manager_ref		77	1					
ANR	474	Argument	( GBoxedFreeFunc ) tile_manager_unref		77	2					
ANR	475	CastExpression	( GBoxedFreeFunc ) tile_manager_unref		77	0					
ANR	476	CastTarget	GBoxedFreeFunc		77	0					
ANR	477	Identifier	tile_manager_unref		77	1					
ANR	478	ReturnStatement	return type ;	124:2:4367:4378	77	3	True				
ANR	479	Identifier	type		77	0					
ANR	480	Statement	inline	129:0:4411:4416	77	33	True				
ANR	481	Statement	static	129:7:4418:4423	77	34	True				
ANR	482	Statement	gint	129:14:4425:4428	77	35	True				
ANR	483	Statement	tile_manager_get_tile_num	129:19:4430:4454	77	36	True				
ANR	484	Statement	(	129:44:4455:4455	77	37	True				
ANR	485	Statement	TileManager	129:45:4456:4466	77	38	True				
ANR	486	Statement	*	129:57:4468:4468	77	39	True				
ANR	487	Statement	tm	129:58:4469:4470	77	40	True				
ANR	488	Statement	","	129:60:4471:4471	77	41	True				
ANR	489	Statement	gint	129:61:4472:4475	77	42	True				
ANR	490	Statement	xpixel	129:66:4477:4482	77	43	True				
ANR	491	Statement	","	129:72:4483:4483	77	44	True				
ANR	492	Statement	gint	129:73:4484:4487	77	45	True				
ANR	493	Statement	ypixel	129:78:4489:4494	77	46	True				
ANR	494	Statement	)	129:84:4495:4495	77	47	True				
ANR	495	CompoundStatement		76:0:2590:2590	77	48					
ANR	496	IfStatement	if ( xpixel < 0 || xpixel >= tm -> width || ypixel < 0 || ypixel >= tm -> height )		77	0					
ANR	497	Condition	xpixel < 0 || xpixel >= tm -> width || ypixel < 0 || ypixel >= tm -> height	131:6:4505:4579	77	0	True				
ANR	498	OrExpression	xpixel < 0 || xpixel >= tm -> width || ypixel < 0 || ypixel >= tm -> height		77	0		||			
ANR	499	RelationalExpression	xpixel < 0		77	0		<			
ANR	500	Identifier	xpixel		77	0					
ANR	501	PrimaryExpression	0		77	1					
ANR	502	OrExpression	xpixel >= tm -> width || ypixel < 0 || ypixel >= tm -> height		77	1		||			
ANR	503	RelationalExpression	xpixel >= tm -> width		77	0		>=			
ANR	504	Identifier	xpixel		77	0					
ANR	505	PtrMemberAccess	tm -> width		77	1					
ANR	506	Identifier	tm		77	0					
ANR	507	Identifier	width		77	1					
ANR	508	OrExpression	ypixel < 0 || ypixel >= tm -> height		77	1		||			
ANR	509	RelationalExpression	ypixel < 0		77	0		<			
ANR	510	Identifier	ypixel		77	0					
ANR	511	PrimaryExpression	0		77	1					
ANR	512	RelationalExpression	ypixel >= tm -> height		77	1		>=			
ANR	513	Identifier	ypixel		77	0					
ANR	514	PtrMemberAccess	tm -> height		77	1					
ANR	515	Identifier	tm		77	0					
ANR	516	Identifier	height		77	1					
ANR	517	CompoundStatement		77:83:2675:2675	77	1					
ANR	518	ReturnStatement	return - 1 ;	132:4:4588:4598	77	0	True				
ANR	519	UnaryOperationExpression	- 1		77	0					
ANR	520	UnaryOperator	-		77	0					
ANR	521	PrimaryExpression	1		77	1					
ANR	522	ReturnStatement	return ypixel / 64 * tm -> ntile_cols + xpixel / 64 ;	134:2:4606:4657	77	1	True				
ANR	523	AdditiveExpression	ypixel / 64 * tm -> ntile_cols + xpixel / 64		77	0		+			
ANR	524	MultiplicativeExpression	ypixel / 64 * tm -> ntile_cols		77	0		/			
ANR	525	Identifier	ypixel		77	0					
ANR	526	MultiplicativeExpression	64 * tm -> ntile_cols		77	1		*			
ANR	527	PrimaryExpression	64		77	0					
ANR	528	PtrMemberAccess	tm -> ntile_cols		77	1					
ANR	529	Identifier	tm		77	0					
ANR	530	Identifier	ntile_cols		77	1					
ANR	531	MultiplicativeExpression	xpixel / 64		77	1		/			
ANR	532	Identifier	xpixel		77	0					
ANR	533	PrimaryExpression	64		77	1					
ANR	534	Statement	TileManager	137:0:4662:4672	77	49	True				
ANR	535	Statement	*	137:12:4674:4674	77	50	True				
ANR	536	Statement	tile_manager_new	137:13:4675:4690	77	51	True				
ANR	537	Statement	(	137:29:4691:4691	77	52	True				
ANR	538	Statement	gint	137:30:4692:4695	77	53	True				
ANR	539	Statement	width	137:35:4697:4701	77	54	True				
ANR	540	Statement	","	137:40:4702:4702	77	55	True				
ANR	541	Statement	gint	137:41:4703:4706	77	56	True				
ANR	542	Statement	height	137:46:4708:4713	77	57	True				
ANR	543	Statement	","	137:52:4714:4714	77	58	True				
ANR	544	Statement	gint	137:53:4715:4718	77	59	True				
ANR	545	Statement	bpp	137:58:4720:4722	77	60	True				
ANR	546	Statement	)	137:61:4723:4723	77	61	True				
ANR	547	CompoundStatement		85:2:2822:2837	77	62					
ANR	548	IdentifierDeclStatement	TileManager * tm ;	139:2:4729:4744	77	0	True				
ANR	549	IdentifierDecl	* tm		77	0					
ANR	550	IdentifierDeclType	TileManager *		77	0					
ANR	551	Identifier	tm		77	1					
ANR	552	DoStatement	do		77	1					
ANR	553	CompoundStatement		86:5:2844:2844	77	0					
ANR	554	IfStatement	if ( width > 0 && height > 0 )		77	0					
ANR	555	Condition	width > 0 && height > 0	141:8:4761:4783	77	0	True				
ANR	556	AndExpression	width > 0 && height > 0		77	0		&&			
ANR	557	RelationalExpression	width > 0		77	0		>			
ANR	558	Identifier	width		77	0					
ANR	559	PrimaryExpression	0		77	1					
ANR	560	RelationalExpression	height > 0		77	1		>			
ANR	561	Identifier	height		77	0					
ANR	562	PrimaryExpression	0		77	1					
ANR	563	CompoundStatement		87:33:2879:2879	77	1					
ANR	564	ElseStatement	else		77	0					
ANR	565	CompoundStatement		89:9:2896:2896	77	0					
ANR	566	ExpressionStatement	"g_return_if_fail_warning ( ""Gimp-Base"" , __PRETTY_FUNCTION__ , ""width > 0 && height > 0"" )"	144:6:4811:4894	77	0	True				
ANR	567	CallExpression	"g_return_if_fail_warning ( ""Gimp-Base"" , __PRETTY_FUNCTION__ , ""width > 0 && height > 0"" )"		77	0					
ANR	568	Callee	g_return_if_fail_warning		77	0					
ANR	569	Identifier	g_return_if_fail_warning		77	0					
ANR	570	ArgumentList	"""Gimp-Base"""		77	1					
ANR	571	Argument	"""Gimp-Base"""		77	0					
ANR	572	PrimaryExpression	"""Gimp-Base"""		77	0					
ANR	573	Argument	__PRETTY_FUNCTION__		77	1					
ANR	574	Identifier	__PRETTY_FUNCTION__		77	0					
ANR	575	Argument	"""width > 0 && height > 0"""		77	2					
ANR	576	PrimaryExpression	"""width > 0 && height > 0"""		77	0					
ANR	577	ReturnStatement	return ( ( void * ) 0 ) ;	145:6:4902:4920	77	1	True				
ANR	578	CastExpression	( void * ) 0		77	0					
ANR	579	CastTarget	void *		77	0					
ANR	580	PrimaryExpression	0		77	1					
ANR	581	ExpressionStatement		147:4:4932:4932	77	1	True				
ANR	582	Condition	0	148:10:4944:4944	77	1	True				
ANR	583	PrimaryExpression	0		77	0					
ANR	584	DoStatement	do		77	2					
ANR	585	CompoundStatement		95:5:3046:3046	77	0					
ANR	586	IfStatement	if ( bpp > 0 && bpp <= 4 )		77	0					
ANR	587	Condition	bpp > 0 && bpp <= 4	150:8:4963:4981	77	0	True				
ANR	588	AndExpression	bpp > 0 && bpp <= 4		77	0		&&			
ANR	589	RelationalExpression	bpp > 0		77	0		>			
ANR	590	Identifier	bpp		77	0					
ANR	591	PrimaryExpression	0		77	1					
ANR	592	RelationalExpression	bpp <= 4		77	1		<=			
ANR	593	Identifier	bpp		77	0					
ANR	594	PrimaryExpression	4		77	1					
ANR	595	CompoundStatement		96:29:3077:3077	77	1					
ANR	596	ElseStatement	else		77	0					
ANR	597	CompoundStatement		98:9:3094:3094	77	0					
ANR	598	ExpressionStatement	"g_return_if_fail_warning ( ""Gimp-Base"" , __PRETTY_FUNCTION__ , ""bpp > 0 && bpp <= 4"" )"	153:6:5009:5088	77	0	True				
ANR	599	CallExpression	"g_return_if_fail_warning ( ""Gimp-Base"" , __PRETTY_FUNCTION__ , ""bpp > 0 && bpp <= 4"" )"		77	0					
ANR	600	Callee	g_return_if_fail_warning		77	0					
ANR	601	Identifier	g_return_if_fail_warning		77	0					
ANR	602	ArgumentList	"""Gimp-Base"""		77	1					
ANR	603	Argument	"""Gimp-Base"""		77	0					
ANR	604	PrimaryExpression	"""Gimp-Base"""		77	0					
ANR	605	Argument	__PRETTY_FUNCTION__		77	1					
ANR	606	Identifier	__PRETTY_FUNCTION__		77	0					
ANR	607	Argument	"""bpp > 0 && bpp <= 4"""		77	2					
ANR	608	PrimaryExpression	"""bpp > 0 && bpp <= 4"""		77	0					
ANR	609	ReturnStatement	return ( ( void * ) 0 ) ;	154:6:5096:5114	77	1	True				
ANR	610	CastExpression	( void * ) 0		77	0					
ANR	611	CastTarget	void *		77	0					
ANR	612	PrimaryExpression	0		77	1					
ANR	613	ExpressionStatement		156:4:5126:5126	77	1	True				
ANR	614	Condition	0	157:10:5138:5138	77	1	True				
ANR	615	PrimaryExpression	0		77	0					
ANR	616	ExpressionStatement	tm = ( ( TileManager * ) ( g_slice_alloc0 ( sizeof ( TileManager ) ) ) )	158:2:5144:5204	77	3	True				
ANR	617	AssignmentExpression	tm = ( ( TileManager * ) ( g_slice_alloc0 ( sizeof ( TileManager ) ) ) )		77	0		=			
ANR	618	Identifier	tm		77	0					
ANR	619	CastExpression	( TileManager * ) ( g_slice_alloc0 ( sizeof ( TileManager ) ) )		77	1					
ANR	620	CastTarget	TileManager *		77	0					
ANR	621	CallExpression	g_slice_alloc0 ( sizeof ( TileManager ) )		77	1					
ANR	622	Callee	g_slice_alloc0		77	0					
ANR	623	Identifier	g_slice_alloc0		77	0					
ANR	624	ArgumentList	sizeof ( TileManager )		77	1					
ANR	625	Argument	sizeof ( TileManager )		77	0					
ANR	626	SizeofExpression	sizeof ( TileManager )		77	0					
ANR	627	Sizeof	sizeof		77	0					
ANR	628	SizeofOperand	TileManager		77	1					
ANR	629	ExpressionStatement	tm -> ref_count = 1	159:2:5208:5227	77	4	True				
ANR	630	AssignmentExpression	tm -> ref_count = 1		77	0		=			
ANR	631	PtrMemberAccess	tm -> ref_count		77	0					
ANR	632	Identifier	tm		77	0					
ANR	633	Identifier	ref_count		77	1					
ANR	634	PrimaryExpression	1		77	1					
ANR	635	ExpressionStatement	tm -> width = width	160:2:5231:5250	77	5	True				
ANR	636	AssignmentExpression	tm -> width = width		77	0		=			
ANR	637	PtrMemberAccess	tm -> width		77	0					
ANR	638	Identifier	tm		77	0					
ANR	639	Identifier	width		77	1					
ANR	640	Identifier	width		77	1					
ANR	641	ExpressionStatement	tm -> height = height	161:2:5254:5275	77	6	True				
ANR	642	AssignmentExpression	tm -> height = height		77	0		=			
ANR	643	PtrMemberAccess	tm -> height		77	0					
ANR	644	Identifier	tm		77	0					
ANR	645	Identifier	height		77	1					
ANR	646	Identifier	height		77	1					
ANR	647	ExpressionStatement	tm -> bpp = bpp	162:2:5279:5294	77	7	True				
ANR	648	AssignmentExpression	tm -> bpp = bpp		77	0		=			
ANR	649	PtrMemberAccess	tm -> bpp		77	0					
ANR	650	Identifier	tm		77	0					
ANR	651	Identifier	bpp		77	1					
ANR	652	Identifier	bpp		77	1					
ANR	653	ExpressionStatement	tm -> ntile_rows = ( height + 64 - 1 ) / 64	163:2:5298:5339	77	8	True				
ANR	654	AssignmentExpression	tm -> ntile_rows = ( height + 64 - 1 ) / 64		77	0		=			
ANR	655	PtrMemberAccess	tm -> ntile_rows		77	0					
ANR	656	Identifier	tm		77	0					
ANR	657	Identifier	ntile_rows		77	1					
ANR	658	MultiplicativeExpression	( height + 64 - 1 ) / 64		77	1		/			
ANR	659	AdditiveExpression	height + 64 - 1		77	0		+			
ANR	660	Identifier	height		77	0					
ANR	661	AdditiveExpression	64 - 1		77	1		-			
ANR	662	PrimaryExpression	64		77	0					
ANR	663	PrimaryExpression	1		77	1					
ANR	664	PrimaryExpression	64		77	1					
ANR	665	ExpressionStatement	tm -> ntile_cols = ( width + 64 - 1 ) / 64	164:2:5343:5383	77	9	True				
ANR	666	AssignmentExpression	tm -> ntile_cols = ( width + 64 - 1 ) / 64		77	0		=			
ANR	667	PtrMemberAccess	tm -> ntile_cols		77	0					
ANR	668	Identifier	tm		77	0					
ANR	669	Identifier	ntile_cols		77	1					
ANR	670	MultiplicativeExpression	( width + 64 - 1 ) / 64		77	1		/			
ANR	671	AdditiveExpression	width + 64 - 1		77	0		+			
ANR	672	Identifier	width		77	0					
ANR	673	AdditiveExpression	64 - 1		77	1		-			
ANR	674	PrimaryExpression	64		77	0					
ANR	675	PrimaryExpression	1		77	1					
ANR	676	PrimaryExpression	64		77	1					
ANR	677	ExpressionStatement	tm -> cached_num = - 1	165:2:5387:5409	77	10	True				
ANR	678	AssignmentExpression	tm -> cached_num = - 1		77	0		=			
ANR	679	PtrMemberAccess	tm -> cached_num		77	0					
ANR	680	Identifier	tm		77	0					
ANR	681	Identifier	cached_num		77	1					
ANR	682	UnaryOperationExpression	- 1		77	1					
ANR	683	UnaryOperator	-		77	0					
ANR	684	PrimaryExpression	1		77	1					
ANR	685	ReturnStatement	return tm ;	168:2:5441:5450	77	11	True				
ANR	686	Identifier	tm		77	0					
ANR	687	Statement	TileManager	171:0:5455:5465	77	63	True				
ANR	688	Statement	*	171:12:5467:5467	77	64	True				
ANR	689	Statement	tile_manager_ref	171:13:5468:5483	77	65	True				
ANR	690	Statement	(	171:29:5484:5484	77	66	True				
ANR	691	Statement	TileManager	171:30:5485:5495	77	67	True				
ANR	692	Statement	*	171:42:5497:5497	77	68	True				
ANR	693	Statement	tm	171:43:5498:5499	77	69	True				
ANR	694	Statement	)	171:45:5500:5500	77	70	True				
ANR	695	CompoundStatement		118:0:3595:3595	77	71					
ANR	696	DoStatement	do		77	0					
ANR	697	CompoundStatement		119:5:3602:3602	77	0					
ANR	698	IfStatement	if ( tm != ( ( void * ) 0 ) )		77	0					
ANR	699	Condition	tm != ( ( void * ) 0 )	174:8:5519:5535	77	0	True				
ANR	700	EqualityExpression	tm != ( ( void * ) 0 )		77	0		!=			
ANR	701	Identifier	tm		77	0					
ANR	702	CastExpression	( void * ) 0		77	1					
ANR	703	CastTarget	void *		77	0					
ANR	704	PrimaryExpression	0		77	1					
ANR	705	CompoundStatement		120:27:3631:3631	77	1					
ANR	706	ElseStatement	else		77	0					
ANR	707	CompoundStatement		122:9:3648:3648	77	0					
ANR	708	ExpressionStatement	"g_return_if_fail_warning ( ""Gimp-Base"" , __PRETTY_FUNCTION__ , ""tm != NULL"" )"	177:6:5563:5633	77	0	True				
ANR	709	CallExpression	"g_return_if_fail_warning ( ""Gimp-Base"" , __PRETTY_FUNCTION__ , ""tm != NULL"" )"		77	0					
ANR	710	Callee	g_return_if_fail_warning		77	0					
ANR	711	Identifier	g_return_if_fail_warning		77	0					
ANR	712	ArgumentList	"""Gimp-Base"""		77	1					
ANR	713	Argument	"""Gimp-Base"""		77	0					
ANR	714	PrimaryExpression	"""Gimp-Base"""		77	0					
ANR	715	Argument	__PRETTY_FUNCTION__		77	1					
ANR	716	Identifier	__PRETTY_FUNCTION__		77	0					
ANR	717	Argument	"""tm != NULL"""		77	2					
ANR	718	PrimaryExpression	"""tm != NULL"""		77	0					
ANR	719	ReturnStatement	return ( ( void * ) 0 ) ;	178:6:5641:5659	77	1	True				
ANR	720	CastExpression	( void * ) 0		77	0					
ANR	721	CastTarget	void *		77	0					
ANR	722	PrimaryExpression	0		77	1					
ANR	723	ExpressionStatement		180:4:5671:5671	77	1	True				
ANR	724	Condition	0	181:10:5683:5683	77	1	True				
ANR	725	PrimaryExpression	0		77	0					
ANR	726	ExpressionStatement	tm -> ref_count ++	182:2:5689:5706	77	1	True				
ANR	727	PostIncDecOperationExpression	tm -> ref_count ++		77	0					
ANR	728	PtrMemberAccess	tm -> ref_count		77	0					
ANR	729	Identifier	tm		77	0					
ANR	730	Identifier	ref_count		77	1					
ANR	731	IncDec	++		77	1					
ANR	732	ReturnStatement	return tm ;	183:2:5710:5719	77	2	True				
ANR	733	Identifier	tm		77	0					
ANR	734	Statement	void	186:0:5724:5727	77	72	True				
ANR	735	Statement	tile_manager_unref	186:5:5729:5746	77	73	True				
ANR	736	Statement	(	186:23:5747:5747	77	74	True				
ANR	737	Statement	TileManager	186:24:5748:5758	77	75	True				
ANR	738	Statement	*	186:36:5760:5760	77	76	True				
ANR	739	Statement	tm	186:37:5761:5762	77	77	True				
ANR	740	Statement	)	186:39:5763:5763	77	78	True				
ANR	741	CompoundStatement		133:0:3858:3858	77	79					
ANR	742	DoStatement	do		77	0					
ANR	743	CompoundStatement		134:5:3865:3865	77	0					
ANR	744	IfStatement	if ( tm != ( ( void * ) 0 ) )		77	0					
ANR	745	Condition	tm != ( ( void * ) 0 )	189:8:5782:5798	77	0	True				
ANR	746	EqualityExpression	tm != ( ( void * ) 0 )		77	0		!=			
ANR	747	Identifier	tm		77	0					
ANR	748	CastExpression	( void * ) 0		77	1					
ANR	749	CastTarget	void *		77	0					
ANR	750	PrimaryExpression	0		77	1					
ANR	751	CompoundStatement		135:27:3894:3894	77	1					
ANR	752	ElseStatement	else		77	0					
ANR	753	CompoundStatement		137:9:3911:3911	77	0					
ANR	754	ExpressionStatement	"g_return_if_fail_warning ( ""Gimp-Base"" , __PRETTY_FUNCTION__ , ""tm != NULL"" )"	192:6:5826:5896	77	0	True				
ANR	755	CallExpression	"g_return_if_fail_warning ( ""Gimp-Base"" , __PRETTY_FUNCTION__ , ""tm != NULL"" )"		77	0					
ANR	756	Callee	g_return_if_fail_warning		77	0					
ANR	757	Identifier	g_return_if_fail_warning		77	0					
ANR	758	ArgumentList	"""Gimp-Base"""		77	1					
ANR	759	Argument	"""Gimp-Base"""		77	0					
ANR	760	PrimaryExpression	"""Gimp-Base"""		77	0					
ANR	761	Argument	__PRETTY_FUNCTION__		77	1					
ANR	762	Identifier	__PRETTY_FUNCTION__		77	0					
ANR	763	Argument	"""tm != NULL"""		77	2					
ANR	764	PrimaryExpression	"""tm != NULL"""		77	0					
ANR	765	ReturnStatement	return ;	193:6:5904:5911	77	1	True				
ANR	766	ExpressionStatement		195:4:5923:5923	77	1	True				
ANR	767	Condition	0	196:10:5935:5935	77	1	True				
ANR	768	PrimaryExpression	0		77	0					
ANR	769	ExpressionStatement	tm -> ref_count --	197:2:5941:5958	77	1	True				
ANR	770	PostIncDecOperationExpression	tm -> ref_count --		77	0					
ANR	771	PtrMemberAccess	tm -> ref_count		77	0					
ANR	772	Identifier	tm		77	0					
ANR	773	Identifier	ref_count		77	1					
ANR	774	IncDec	--		77	1					
ANR	775	IfStatement	if ( tm -> ref_count < 1 )		77	2					
ANR	776	Condition	tm -> ref_count < 1	198:6:5966:5984	77	0	True				
ANR	777	RelationalExpression	tm -> ref_count < 1		77	0		<			
ANR	778	PtrMemberAccess	tm -> ref_count		77	0					
ANR	779	Identifier	tm		77	0					
ANR	780	Identifier	ref_count		77	1					
ANR	781	PrimaryExpression	1		77	1					
ANR	782	CompoundStatement		144:27:4080:4080	77	1					
ANR	783	IfStatement	if ( tm -> cached_tile )		77	0					
ANR	784	Condition	tm -> cached_tile	201:8:6025:6041	77	0	True				
ANR	785	PtrMemberAccess	tm -> cached_tile		77	0					
ANR	786	Identifier	tm		77	0					
ANR	787	Identifier	cached_tile		77	1					
ANR	788	CompoundStatement		147:27:4137:4137	77	1					
ANR	789	ExpressionStatement	"tile_release ( tm -> cached_tile , 0 )"	202:6:6052:6085	77	0	True				
ANR	790	CallExpression	"tile_release ( tm -> cached_tile , 0 )"		77	0					
ANR	791	Callee	tile_release		77	0					
ANR	792	Identifier	tile_release		77	0					
ANR	793	ArgumentList	tm -> cached_tile		77	1					
ANR	794	Argument	tm -> cached_tile		77	0					
ANR	795	PtrMemberAccess	tm -> cached_tile		77	0					
ANR	796	Identifier	tm		77	0					
ANR	797	Identifier	cached_tile		77	1					
ANR	798	Argument	0		77	1					
ANR	799	PrimaryExpression	0		77	0					
ANR	800	IfStatement	if ( tm -> tiles )		77	1					
ANR	801	Condition	tm -> tiles	204:8:6101:6111	77	0	True				
ANR	802	PtrMemberAccess	tm -> tiles		77	0					
ANR	803	Identifier	tm		77	0					
ANR	804	Identifier	tiles		77	1					
ANR	805	CompoundStatement		152:6:4272:4278	77	1					
ANR	806	IdentifierDeclStatement	gint ntiles = tm -> ntile_rows * tm -> ntile_cols ;	205:6:6122:6171	77	0	True				
ANR	807	IdentifierDecl	ntiles = tm -> ntile_rows * tm -> ntile_cols		77	0					
ANR	808	IdentifierDeclType	gint		77	0					
ANR	809	Identifier	ntiles		77	1					
ANR	810	AssignmentExpression	ntiles = tm -> ntile_rows * tm -> ntile_cols		77	2		=			
ANR	811	Identifier	ntiles		77	0					
ANR	812	MultiplicativeExpression	tm -> ntile_rows * tm -> ntile_cols		77	1		*			
ANR	813	PtrMemberAccess	tm -> ntile_rows		77	0					
ANR	814	Identifier	tm		77	0					
ANR	815	Identifier	ntile_rows		77	1					
ANR	816	PtrMemberAccess	tm -> ntile_cols		77	1					
ANR	817	Identifier	tm		77	0					
ANR	818	Identifier	ntile_cols		77	1					
ANR	819	IdentifierDeclStatement	gint i ;	206:6:6179:6185	77	1	True				
ANR	820	IdentifierDecl	i		77	0					
ANR	821	IdentifierDeclType	gint		77	0					
ANR	822	Identifier	i		77	1					
ANR	823	ForStatement	for ( i = 0 ; i < ntiles ; i ++ )		77	2					
ANR	824	ForInit	i = 0 ;	207:11:6198:6203	77	0	True				
ANR	825	AssignmentExpression	i = 0		77	0		=			
ANR	826	Identifier	i		77	0					
ANR	827	PrimaryExpression	0		77	1					
ANR	828	Condition	i < ntiles	207:18:6205:6214	77	1	True				
ANR	829	RelationalExpression	i < ntiles		77	0		<			
ANR	830	Identifier	i		77	0					
ANR	831	Identifier	ntiles		77	1					
ANR	832	PostIncDecOperationExpression	i ++	207:30:6217:6219	77	2	True				
ANR	833	Identifier	i		77	0					
ANR	834	IncDec	++		77	1					
ANR	835	ExpressionStatement	"tile_detach ( tm -> tiles [ i ] , tm , i )"	208:8:6231:6263	77	3	True				
ANR	836	CallExpression	"tile_detach ( tm -> tiles [ i ] , tm , i )"		77	0					
ANR	837	Callee	tile_detach		77	0					
ANR	838	Identifier	tile_detach		77	0					
ANR	839	ArgumentList	tm -> tiles [ i ]		77	1					
ANR	840	Argument	tm -> tiles [ i ]		77	0					
ANR	841	ArrayIndexing	tm -> tiles [ i ]		77	0					
ANR	842	PtrMemberAccess	tm -> tiles		77	0					
ANR	843	Identifier	tm		77	0					
ANR	844	Identifier	tiles		77	1					
ANR	845	Identifier	i		77	1					
ANR	846	Argument	tm		77	1					
ANR	847	Identifier	tm		77	0					
ANR	848	Argument	i		77	2					
ANR	849	Identifier	i		77	0					
ANR	850	ExpressionStatement	g_free ( ( tm -> tiles ) )	209:6:6271:6292	77	3	True				
ANR	851	CallExpression	g_free ( ( tm -> tiles ) )		77	0					
ANR	852	Callee	g_free		77	0					
ANR	853	Identifier	g_free		77	0					
ANR	854	ArgumentList	tm -> tiles		77	1					
ANR	855	Argument	tm -> tiles		77	0					
ANR	856	PtrMemberAccess	tm -> tiles		77	0					
ANR	857	Identifier	tm		77	0					
ANR	858	Identifier	tiles		77	1					
ANR	859	DoStatement	do		77	2					
ANR	860	CompoundStatement		157:7:4400:4400	77	0					
ANR	861	IfStatement	if ( 1 )		77	0					
ANR	862	Condition	1	212:10:6319:6319	77	0	True				
ANR	863	PrimaryExpression	1		77	0					
ANR	864	CompoundStatement		158:13:4415:4415	77	1					
ANR	865	ExpressionStatement	"g_slice_free1 ( sizeof ( TileManager ) , tm )"	213:8:6332:6370	77	0	True				
ANR	866	CallExpression	"g_slice_free1 ( sizeof ( TileManager ) , tm )"		77	0					
ANR	867	Callee	g_slice_free1		77	0					
ANR	868	Identifier	g_slice_free1		77	0					
ANR	869	ArgumentList	sizeof ( TileManager )		77	1					
ANR	870	Argument	sizeof ( TileManager )		77	0					
ANR	871	SizeofExpression	sizeof ( TileManager )		77	0					
ANR	872	Sizeof	sizeof		77	0					
ANR	873	SizeofOperand	TileManager		77	1					
ANR	874	Argument	tm		77	1					
ANR	875	Identifier	tm		77	0					
ANR	876	ElseStatement	else		77	0					
ANR	877	CompoundStatement		161:11:4484:4484	77	0					
ANR	878	ExpressionStatement	( void ) ( ( ( TileManager * ) 0 ) == tm )	216:8:6401:6434	77	0	True				
ANR	879	CastExpression	( void ) ( ( ( TileManager * ) 0 ) == tm )		77	0					
ANR	880	CastTarget	void		77	0					
ANR	881	EqualityExpression	( ( TileManager * ) 0 ) == tm		77	1		==			
ANR	882	CastExpression	( TileManager * ) 0		77	0					
ANR	883	CastTarget	TileManager *		77	0					
ANR	884	PrimaryExpression	0		77	1					
ANR	885	Identifier	tm		77	1					
ANR	886	Condition	0	218:12:6456:6456	77	1	True				
ANR	887	PrimaryExpression	0		77	0					
ANR	888	Statement	TileManager	222:0:6467:6477	77	80	True				
ANR	889	Statement	*	222:12:6479:6479	77	81	True				
ANR	890	Statement	tile_manager_duplicate	222:13:6480:6501	77	82	True				
ANR	891	Statement	(	222:35:6502:6502	77	83	True				
ANR	892	Statement	TileManager	222:36:6503:6513	77	84	True				
ANR	893	Statement	*	222:48:6515:6515	77	85	True				
ANR	894	Statement	tm	222:49:6516:6517	77	86	True				
ANR	895	Statement	)	222:51:6518:6518	77	87	True				
ANR	896	CompoundStatement		172:2:4654:4660	77	88					
ANR	897	IdentifierDeclStatement	TileManager * copy ;	224:2:6524:6541	77	0	True				
ANR	898	IdentifierDecl	* copy		77	0					
ANR	899	IdentifierDeclType	TileManager *		77	0					
ANR	900	Identifier	copy		77	1					
ANR	901	IdentifierDeclStatement	gint n_tiles ;	225:2:6545:6557	77	1	True				
ANR	902	IdentifierDecl	n_tiles		77	0					
ANR	903	IdentifierDeclType	gint		77	0					
ANR	904	Identifier	n_tiles		77	1					
ANR	905	IdentifierDeclStatement	gint i ;	226:2:6561:6567	77	2	True				
ANR	906	IdentifierDecl	i		77	0					
ANR	907	IdentifierDeclType	gint		77	0					
ANR	908	Identifier	i		77	1					
ANR	909	DoStatement	do		77	3					
ANR	910	CompoundStatement		173:5:4667:4667	77	0					
ANR	911	IfStatement	if ( tm != ( ( void * ) 0 ) )		77	0					
ANR	912	Condition	tm != ( ( void * ) 0 )	228:8:6584:6600	77	0	True				
ANR	913	EqualityExpression	tm != ( ( void * ) 0 )		77	0		!=			
ANR	914	Identifier	tm		77	0					
ANR	915	CastExpression	( void * ) 0		77	1					
ANR	916	CastTarget	void *		77	0					
ANR	917	PrimaryExpression	0		77	1					
ANR	918	CompoundStatement		174:27:4696:4696	77	1					
ANR	919	ElseStatement	else		77	0					
ANR	920	CompoundStatement		176:9:4713:4713	77	0					
ANR	921	ExpressionStatement	"g_return_if_fail_warning ( ""Gimp-Base"" , __PRETTY_FUNCTION__ , ""tm != NULL"" )"	231:6:6628:6698	77	0	True				
ANR	922	CallExpression	"g_return_if_fail_warning ( ""Gimp-Base"" , __PRETTY_FUNCTION__ , ""tm != NULL"" )"		77	0					
ANR	923	Callee	g_return_if_fail_warning		77	0					
ANR	924	Identifier	g_return_if_fail_warning		77	0					
ANR	925	ArgumentList	"""Gimp-Base"""		77	1					
ANR	926	Argument	"""Gimp-Base"""		77	0					
ANR	927	PrimaryExpression	"""Gimp-Base"""		77	0					
ANR	928	Argument	__PRETTY_FUNCTION__		77	1					
ANR	929	Identifier	__PRETTY_FUNCTION__		77	0					
ANR	930	Argument	"""tm != NULL"""		77	2					
ANR	931	PrimaryExpression	"""tm != NULL"""		77	0					
ANR	932	ReturnStatement	return ( ( void * ) 0 ) ;	232:6:6706:6724	77	1	True				
ANR	933	CastExpression	( void * ) 0		77	0					
ANR	934	CastTarget	void *		77	0					
ANR	935	PrimaryExpression	0		77	1					
ANR	936	ExpressionStatement		234:4:6736:6736	77	1	True				
ANR	937	Condition	0	235:10:6748:6748	77	1	True				
ANR	938	PrimaryExpression	0		77	0					
ANR	939	ExpressionStatement	"copy = tile_manager_new ( tm -> width , tm -> height , tm -> bpp )"	236:2:6754:6813	77	4	True				
ANR	940	AssignmentExpression	"copy = tile_manager_new ( tm -> width , tm -> height , tm -> bpp )"		77	0		=			
ANR	941	Identifier	copy		77	0					
ANR	942	CallExpression	"tile_manager_new ( tm -> width , tm -> height , tm -> bpp )"		77	1					
ANR	943	Callee	tile_manager_new		77	0					
ANR	944	Identifier	tile_manager_new		77	0					
ANR	945	ArgumentList	tm -> width		77	1					
ANR	946	Argument	tm -> width		77	0					
ANR	947	PtrMemberAccess	tm -> width		77	0					
ANR	948	Identifier	tm		77	0					
ANR	949	Identifier	width		77	1					
ANR	950	Argument	tm -> height		77	1					
ANR	951	PtrMemberAccess	tm -> height		77	0					
ANR	952	Identifier	tm		77	0					
ANR	953	Identifier	height		77	1					
ANR	954	Argument	tm -> bpp		77	2					
ANR	955	PtrMemberAccess	tm -> bpp		77	0					
ANR	956	Identifier	tm		77	0					
ANR	957	Identifier	bpp		77	1					
ANR	958	ExpressionStatement	tile_manager_allocate_tiles ( copy )	237:2:6817:6850	77	5	True				
ANR	959	CallExpression	tile_manager_allocate_tiles ( copy )		77	0					
ANR	960	Callee	tile_manager_allocate_tiles		77	0					
ANR	961	Identifier	tile_manager_allocate_tiles		77	0					
ANR	962	ArgumentList	copy		77	1					
ANR	963	Argument	copy		77	0					
ANR	964	Identifier	copy		77	0					
ANR	965	ExpressionStatement	n_tiles = tm -> ntile_rows * tm -> ntile_cols	238:2:6854:6899	77	6	True				
ANR	966	AssignmentExpression	n_tiles = tm -> ntile_rows * tm -> ntile_cols		77	0		=			
ANR	967	Identifier	n_tiles		77	0					
ANR	968	MultiplicativeExpression	tm -> ntile_rows * tm -> ntile_cols		77	1		*			
ANR	969	PtrMemberAccess	tm -> ntile_rows		77	0					
ANR	970	Identifier	tm		77	0					
ANR	971	Identifier	ntile_rows		77	1					
ANR	972	PtrMemberAccess	tm -> ntile_cols		77	1					
ANR	973	Identifier	tm		77	0					
ANR	974	Identifier	ntile_cols		77	1					
ANR	975	ForStatement	for ( i = 0 ; i < n_tiles ; i ++ )		77	7					
ANR	976	ForInit	i = 0 ;	239:7:6908:6913	77	0	True				
ANR	977	AssignmentExpression	i = 0		77	0		=			
ANR	978	Identifier	i		77	0					
ANR	979	PrimaryExpression	0		77	1					
ANR	980	Condition	i < n_tiles	239:14:6915:6925	77	1	True				
ANR	981	RelationalExpression	i < n_tiles		77	0		<			
ANR	982	Identifier	i		77	0					
ANR	983	Identifier	n_tiles		77	1					
ANR	984	PostIncDecOperationExpression	i ++	239:27:6928:6930	77	2	True				
ANR	985	Identifier	i		77	0					
ANR	986	IncDec	++		77	1					
ANR	987	CompoundStatement		186:4:5032:5042	77	3					
ANR	988	IdentifierDeclStatement	Tile * tile ;	240:4:6939:6949	77	0	True				
ANR	989	IdentifierDecl	* tile		77	0					
ANR	990	IdentifierDeclType	Tile *		77	0					
ANR	991	Identifier	tile		77	1					
ANR	992	ExpressionStatement	"tile = tile_manager_get ( tm , i , ! 0 , 0 )"	241:4:6955:6989	77	1	True				
ANR	993	AssignmentExpression	"tile = tile_manager_get ( tm , i , ! 0 , 0 )"		77	0		=			
ANR	994	Identifier	tile		77	0					
ANR	995	CallExpression	"tile_manager_get ( tm , i , ! 0 , 0 )"		77	1					
ANR	996	Callee	tile_manager_get		77	0					
ANR	997	Identifier	tile_manager_get		77	0					
ANR	998	ArgumentList	tm		77	1					
ANR	999	Argument	tm		77	0					
ANR	1000	Identifier	tm		77	0					
ANR	1001	Argument	i		77	1					
ANR	1002	Identifier	i		77	0					
ANR	1003	Argument	! 0		77	2					
ANR	1004	UnaryOperationExpression	! 0		77	0					
ANR	1005	UnaryOperator	!		77	0					
ANR	1006	PrimaryExpression	0		77	1					
ANR	1007	Argument	0		77	3					
ANR	1008	PrimaryExpression	0		77	0					
ANR	1009	ExpressionStatement	"tile_manager_map ( copy , i , tile )"	242:4:6995:7024	77	2	True				
ANR	1010	CallExpression	"tile_manager_map ( copy , i , tile )"		77	0					
ANR	1011	Callee	tile_manager_map		77	0					
ANR	1012	Identifier	tile_manager_map		77	0					
ANR	1013	ArgumentList	copy		77	1					
ANR	1014	Argument	copy		77	0					
ANR	1015	Identifier	copy		77	0					
ANR	1016	Argument	i		77	1					
ANR	1017	Identifier	i		77	0					
ANR	1018	Argument	tile		77	2					
ANR	1019	Identifier	tile		77	0					
ANR	1020	ExpressionStatement	"tile_release ( tile , 0 )"	243:4:7030:7050	77	3	True				
ANR	1021	CallExpression	"tile_release ( tile , 0 )"		77	0					
ANR	1022	Callee	tile_release		77	0					
ANR	1023	Identifier	tile_release		77	0					
ANR	1024	ArgumentList	tile		77	1					
ANR	1025	Argument	tile		77	0					
ANR	1026	Identifier	tile		77	0					
ANR	1027	Argument	0		77	1					
ANR	1028	PrimaryExpression	0		77	0					
ANR	1029	ReturnStatement	return copy ;	245:2:7058:7069	77	8	True				
ANR	1030	Identifier	copy		77	0					
ANR	1031	Statement	void	248:0:7074:7077	77	89	True				
ANR	1032	Statement	tile_manager_set_validate_proc	248:5:7079:7108	77	90	True				
ANR	1033	Statement	(	248:35:7109:7109	77	91	True				
ANR	1034	Statement	TileManager	248:36:7110:7120	77	92	True				
ANR	1035	Statement	*	248:48:7122:7122	77	93	True				
ANR	1036	Statement	tm	248:49:7123:7124	77	94	True				
ANR	1037	Statement	","	248:51:7125:7125	77	95	True				
ANR	1038	Statement	TileValidateProc	248:52:7126:7141	77	96	True				
ANR	1039	Statement	proc	248:69:7143:7146	77	97	True				
ANR	1040	Statement	","	248:73:7147:7147	77	98	True				
ANR	1041	Statement	gpointer	248:74:7148:7155	77	99	True				
ANR	1042	Statement	user_data	248:83:7157:7165	77	100	True				
ANR	1043	Statement	)	248:92:7166:7166	77	101	True				
ANR	1044	CompoundStatement		195:0:5261:5261	77	102					
ANR	1045	DoStatement	do		77	0					
ANR	1046	CompoundStatement		196:5:5268:5268	77	0					
ANR	1047	IfStatement	if ( tm != ( ( void * ) 0 ) )		77	0					
ANR	1048	Condition	tm != ( ( void * ) 0 )	251:8:7185:7201	77	0	True				
ANR	1049	EqualityExpression	tm != ( ( void * ) 0 )		77	0		!=			
ANR	1050	Identifier	tm		77	0					
ANR	1051	CastExpression	( void * ) 0		77	1					
ANR	1052	CastTarget	void *		77	0					
ANR	1053	PrimaryExpression	0		77	1					
ANR	1054	CompoundStatement		197:27:5297:5297	77	1					
ANR	1055	ElseStatement	else		77	0					
ANR	1056	CompoundStatement		199:9:5314:5314	77	0					
ANR	1057	ExpressionStatement	"g_return_if_fail_warning ( ""Gimp-Base"" , __PRETTY_FUNCTION__ , ""tm != NULL"" )"	254:6:7229:7299	77	0	True				
ANR	1058	CallExpression	"g_return_if_fail_warning ( ""Gimp-Base"" , __PRETTY_FUNCTION__ , ""tm != NULL"" )"		77	0					
ANR	1059	Callee	g_return_if_fail_warning		77	0					
ANR	1060	Identifier	g_return_if_fail_warning		77	0					
ANR	1061	ArgumentList	"""Gimp-Base"""		77	1					
ANR	1062	Argument	"""Gimp-Base"""		77	0					
ANR	1063	PrimaryExpression	"""Gimp-Base"""		77	0					
ANR	1064	Argument	__PRETTY_FUNCTION__		77	1					
ANR	1065	Identifier	__PRETTY_FUNCTION__		77	0					
ANR	1066	Argument	"""tm != NULL"""		77	2					
ANR	1067	PrimaryExpression	"""tm != NULL"""		77	0					
ANR	1068	ReturnStatement	return ;	255:6:7307:7314	77	1	True				
ANR	1069	ExpressionStatement		257:4:7326:7326	77	1	True				
ANR	1070	Condition	0	258:10:7338:7338	77	1	True				
ANR	1071	PrimaryExpression	0		77	0					
ANR	1072	ExpressionStatement	tm -> validate_proc = proc	259:2:7344:7370	77	1	True				
ANR	1073	AssignmentExpression	tm -> validate_proc = proc		77	0		=			
ANR	1074	PtrMemberAccess	tm -> validate_proc		77	0					
ANR	1075	Identifier	tm		77	0					
ANR	1076	Identifier	validate_proc		77	1					
ANR	1077	Identifier	proc		77	1					
ANR	1078	ExpressionStatement	tm -> user_data = user_data	260:2:7374:7401	77	2	True				
ANR	1079	AssignmentExpression	tm -> user_data = user_data		77	0		=			
ANR	1080	PtrMemberAccess	tm -> user_data		77	0					
ANR	1081	Identifier	tm		77	0					
ANR	1082	Identifier	user_data		77	1					
ANR	1083	Identifier	user_data		77	1					
ANR	1084	Statement	Tile	263:0:7406:7409	77	103	True				
ANR	1085	Statement	*	263:5:7411:7411	77	104	True				
ANR	1086	Statement	tile_manager_get_tile	263:6:7412:7432	77	105	True				
ANR	1087	Statement	(	263:27:7433:7433	77	106	True				
ANR	1088	Statement	TileManager	263:28:7434:7444	77	107	True				
ANR	1089	Statement	*	263:40:7446:7446	77	108	True				
ANR	1090	Statement	tm	263:41:7447:7448	77	109	True				
ANR	1091	Statement	","	263:43:7449:7449	77	110	True				
ANR	1092	Statement	gint	263:44:7450:7453	77	111	True				
ANR	1093	Statement	xpixel	263:49:7455:7460	77	112	True				
ANR	1094	Statement	","	263:55:7461:7461	77	113	True				
ANR	1095	Statement	gint	263:56:7462:7465	77	114	True				
ANR	1096	Statement	ypixel	263:61:7467:7472	77	115	True				
ANR	1097	Statement	","	263:67:7473:7473	77	116	True				
ANR	1098	Statement	gboolean	263:68:7474:7481	77	117	True				
ANR	1099	Statement	wantread	263:77:7483:7490	77	118	True				
ANR	1100	Statement	","	263:85:7491:7491	77	119	True				
ANR	1101	Statement	gboolean	263:86:7492:7499	77	120	True				
ANR	1102	Statement	wantwrite	263:95:7501:7509	77	121	True				
ANR	1103	Statement	)	263:104:7510:7510	77	122	True				
ANR	1104	CompoundStatement		210:0:5605:5605	77	123					
ANR	1105	DoStatement	do		77	0					
ANR	1106	CompoundStatement		211:5:5612:5612	77	0					
ANR	1107	IfStatement	if ( tm != ( ( void * ) 0 ) )		77	0					
ANR	1108	Condition	tm != ( ( void * ) 0 )	266:8:7529:7545	77	0	True				
ANR	1109	EqualityExpression	tm != ( ( void * ) 0 )		77	0		!=			
ANR	1110	Identifier	tm		77	0					
ANR	1111	CastExpression	( void * ) 0		77	1					
ANR	1112	CastTarget	void *		77	0					
ANR	1113	PrimaryExpression	0		77	1					
ANR	1114	CompoundStatement		212:27:5641:5641	77	1					
ANR	1115	ElseStatement	else		77	0					
ANR	1116	CompoundStatement		214:9:5658:5658	77	0					
ANR	1117	ExpressionStatement	"g_return_if_fail_warning ( ""Gimp-Base"" , __PRETTY_FUNCTION__ , ""tm != NULL"" )"	269:6:7573:7643	77	0	True				
ANR	1118	CallExpression	"g_return_if_fail_warning ( ""Gimp-Base"" , __PRETTY_FUNCTION__ , ""tm != NULL"" )"		77	0					
ANR	1119	Callee	g_return_if_fail_warning		77	0					
ANR	1120	Identifier	g_return_if_fail_warning		77	0					
ANR	1121	ArgumentList	"""Gimp-Base"""		77	1					
ANR	1122	Argument	"""Gimp-Base"""		77	0					
ANR	1123	PrimaryExpression	"""Gimp-Base"""		77	0					
ANR	1124	Argument	__PRETTY_FUNCTION__		77	1					
ANR	1125	Identifier	__PRETTY_FUNCTION__		77	0					
ANR	1126	Argument	"""tm != NULL"""		77	2					
ANR	1127	PrimaryExpression	"""tm != NULL"""		77	0					
ANR	1128	ReturnStatement	return ( ( void * ) 0 ) ;	270:6:7651:7669	77	1	True				
ANR	1129	CastExpression	( void * ) 0		77	0					
ANR	1130	CastTarget	void *		77	0					
ANR	1131	PrimaryExpression	0		77	1					
ANR	1132	ExpressionStatement		272:4:7681:7681	77	1	True				
ANR	1133	Condition	0	273:10:7693:7693	77	1	True				
ANR	1134	PrimaryExpression	0		77	0					
ANR	1135	ReturnStatement	"return tile_manager_get ( tm , tile_manager_get_tile_num ( tm , xpixel , ypixel ) , wantread , wantwrite ) ;"	274:2:7699:7789	77	1	True				
ANR	1136	CallExpression	"tile_manager_get ( tm , tile_manager_get_tile_num ( tm , xpixel , ypixel ) , wantread , wantwrite )"		77	0					
ANR	1137	Callee	tile_manager_get		77	0					
ANR	1138	Identifier	tile_manager_get		77	0					
ANR	1139	ArgumentList	tm		77	1					
ANR	1140	Argument	tm		77	0					
ANR	1141	Identifier	tm		77	0					
ANR	1142	Argument	"tile_manager_get_tile_num ( tm , xpixel , ypixel )"		77	1					
ANR	1143	CallExpression	"tile_manager_get_tile_num ( tm , xpixel , ypixel )"		77	0					
ANR	1144	Callee	tile_manager_get_tile_num		77	0					
ANR	1145	Identifier	tile_manager_get_tile_num		77	0					
ANR	1146	ArgumentList	tm		77	1					
ANR	1147	Argument	tm		77	0					
ANR	1148	Identifier	tm		77	0					
ANR	1149	Argument	xpixel		77	1					
ANR	1150	Identifier	xpixel		77	0					
ANR	1151	Argument	ypixel		77	2					
ANR	1152	Identifier	ypixel		77	0					
ANR	1153	Argument	wantread		77	2					
ANR	1154	Identifier	wantread		77	0					
ANR	1155	Argument	wantwrite		77	3					
ANR	1156	Identifier	wantwrite		77	0					
ANR	1157	Statement	Tile	277:0:7794:7797	77	124	True				
ANR	1158	Statement	*	277:5:7799:7799	77	125	True				
ANR	1159	Statement	tile_manager_get	277:6:7800:7815	77	126	True				
ANR	1160	Statement	(	277:22:7816:7816	77	127	True				
ANR	1161	Statement	TileManager	277:23:7817:7827	77	128	True				
ANR	1162	Statement	*	277:35:7829:7829	77	129	True				
ANR	1163	Statement	tm	277:36:7830:7831	77	130	True				
ANR	1164	Statement	","	277:38:7832:7832	77	131	True				
ANR	1165	Statement	gint	277:39:7833:7836	77	132	True				
ANR	1166	Statement	tile_num	277:44:7838:7845	77	133	True				
ANR	1167	Statement	","	277:52:7846:7846	77	134	True				
ANR	1168	Statement	gboolean	277:53:7847:7854	77	135	True				
ANR	1169	Statement	wantread	277:62:7856:7863	77	136	True				
ANR	1170	Statement	","	277:70:7864:7864	77	137	True				
ANR	1171	Statement	gboolean	277:71:7865:7872	77	138	True				
ANR	1172	Statement	wantwrite	277:80:7874:7882	77	139	True				
ANR	1173	Statement	)	277:89:7883:7883	77	140	True				
ANR	1174	CompoundStatement		226:2:5996:6007	77	141					
ANR	1175	IdentifierDeclStatement	Tile * tile ;	279:2:7889:7899	77	0	True				
ANR	1176	IdentifierDecl	* tile		77	0					
ANR	1177	IdentifierDeclType	Tile *		77	0					
ANR	1178	Identifier	tile		77	1					
ANR	1179	IdentifierDeclStatement	gint ntiles ;	280:2:7903:7914	77	1	True				
ANR	1180	IdentifierDecl	ntiles		77	0					
ANR	1181	IdentifierDeclType	gint		77	0					
ANR	1182	Identifier	ntiles		77	1					
ANR	1183	DoStatement	do		77	2					
ANR	1184	CompoundStatement		227:5:6014:6014	77	0					
ANR	1185	IfStatement	if ( tm != ( ( void * ) 0 ) )		77	0					
ANR	1186	Condition	tm != ( ( void * ) 0 )	282:8:7931:7947	77	0	True				
ANR	1187	EqualityExpression	tm != ( ( void * ) 0 )		77	0		!=			
ANR	1188	Identifier	tm		77	0					
ANR	1189	CastExpression	( void * ) 0		77	1					
ANR	1190	CastTarget	void *		77	0					
ANR	1191	PrimaryExpression	0		77	1					
ANR	1192	CompoundStatement		228:27:6043:6043	77	1					
ANR	1193	ElseStatement	else		77	0					
ANR	1194	CompoundStatement		230:9:6060:6060	77	0					
ANR	1195	ExpressionStatement	"g_return_if_fail_warning ( ""Gimp-Base"" , __PRETTY_FUNCTION__ , ""tm != NULL"" )"	285:6:7975:8045	77	0	True				
ANR	1196	CallExpression	"g_return_if_fail_warning ( ""Gimp-Base"" , __PRETTY_FUNCTION__ , ""tm != NULL"" )"		77	0					
ANR	1197	Callee	g_return_if_fail_warning		77	0					
ANR	1198	Identifier	g_return_if_fail_warning		77	0					
ANR	1199	ArgumentList	"""Gimp-Base"""		77	1					
ANR	1200	Argument	"""Gimp-Base"""		77	0					
ANR	1201	PrimaryExpression	"""Gimp-Base"""		77	0					
ANR	1202	Argument	__PRETTY_FUNCTION__		77	1					
ANR	1203	Identifier	__PRETTY_FUNCTION__		77	0					
ANR	1204	Argument	"""tm != NULL"""		77	2					
ANR	1205	PrimaryExpression	"""tm != NULL"""		77	0					
ANR	1206	ReturnStatement	return ( ( void * ) 0 ) ;	286:6:8053:8071	77	1	True				
ANR	1207	CastExpression	( void * ) 0		77	0					
ANR	1208	CastTarget	void *		77	0					
ANR	1209	PrimaryExpression	0		77	1					
ANR	1210	ExpressionStatement		288:4:8083:8083	77	1	True				
ANR	1211	Condition	0	289:10:8095:8095	77	1	True				
ANR	1212	PrimaryExpression	0		77	0					
ANR	1213	ExpressionStatement	ntiles = tm -> ntile_rows * tm -> ntile_cols	290:2:8101:8145	77	3	True				
ANR	1214	AssignmentExpression	ntiles = tm -> ntile_rows * tm -> ntile_cols		77	0		=			
ANR	1215	Identifier	ntiles		77	0					
ANR	1216	MultiplicativeExpression	tm -> ntile_rows * tm -> ntile_cols		77	1		*			
ANR	1217	PtrMemberAccess	tm -> ntile_rows		77	0					
ANR	1218	Identifier	tm		77	0					
ANR	1219	Identifier	ntile_rows		77	1					
ANR	1220	PtrMemberAccess	tm -> ntile_cols		77	1					
ANR	1221	Identifier	tm		77	0					
ANR	1222	Identifier	ntile_cols		77	1					
ANR	1223	IfStatement	if ( tile_num < 0 || tile_num >= ntiles )		77	4					
ANR	1224	Condition	tile_num < 0 || tile_num >= ntiles	291:6:8153:8186	77	0	True				
ANR	1225	OrExpression	tile_num < 0 || tile_num >= ntiles		77	0		||			
ANR	1226	RelationalExpression	tile_num < 0		77	0		<			
ANR	1227	Identifier	tile_num		77	0					
ANR	1228	PrimaryExpression	0		77	1					
ANR	1229	RelationalExpression	tile_num >= ntiles		77	1		>=			
ANR	1230	Identifier	tile_num		77	0					
ANR	1231	Identifier	ntiles		77	1					
ANR	1232	CompoundStatement		237:42:6282:6282	77	1					
ANR	1233	ReturnStatement	return ( ( void * ) 0 ) ;	292:4:8195:8213	77	0	True				
ANR	1234	CastExpression	( void * ) 0		77	0					
ANR	1235	CastTarget	void *		77	0					
ANR	1236	PrimaryExpression	0		77	1					
ANR	1237	IfStatement	if ( ! tm -> tiles )		77	5					
ANR	1238	Condition	! tm -> tiles	294:6:8225:8236	77	0	True				
ANR	1239	UnaryOperationExpression	! tm -> tiles		77	0					
ANR	1240	UnaryOperator	!		77	0					
ANR	1241	PtrMemberAccess	tm -> tiles		77	1					
ANR	1242	Identifier	tm		77	0					
ANR	1243	Identifier	tiles		77	1					
ANR	1244	CompoundStatement		240:20:6332:6332	77	1					
ANR	1245	ExpressionStatement	tile_manager_allocate_tiles ( tm )	295:4:8245:8276	77	0	True				
ANR	1246	CallExpression	tile_manager_allocate_tiles ( tm )		77	0					
ANR	1247	Callee	tile_manager_allocate_tiles		77	0					
ANR	1248	Identifier	tile_manager_allocate_tiles		77	0					
ANR	1249	ArgumentList	tm		77	1					
ANR	1250	Argument	tm		77	0					
ANR	1251	Identifier	tm		77	0					
ANR	1252	ExpressionStatement	tile = tm -> tiles [ tile_num ]	297:2:8284:8312	77	6	True				
ANR	1253	AssignmentExpression	tile = tm -> tiles [ tile_num ]		77	0		=			
ANR	1254	Identifier	tile		77	0					
ANR	1255	ArrayIndexing	tm -> tiles [ tile_num ]		77	1					
ANR	1256	PtrMemberAccess	tm -> tiles		77	0					
ANR	1257	Identifier	tm		77	0					
ANR	1258	Identifier	tiles		77	1					
ANR	1259	Identifier	tile_num		77	1					
ANR	1260	IfStatement	if ( wantwrite && ! wantread )		77	7					
ANR	1261	Condition	wantwrite && ! wantread	298:6:8320:8341	77	0	True				
ANR	1262	AndExpression	wantwrite && ! wantread		77	0		&&			
ANR	1263	Identifier	wantwrite		77	0					
ANR	1264	UnaryOperationExpression	! wantread		77	1					
ANR	1265	UnaryOperator	!		77	0					
ANR	1266	Identifier	wantread		77	1					
ANR	1267	CompoundStatement		244:30:6437:6437	77	1					
ANR	1268	ExpressionStatement	"g_log ( ""Gimp-Base"" , G_LOG_LEVEL_WARNING , ""WRITE-ONLY TILE... UNTESTED!"" )"	299:4:8350:8419	77	0	True				
ANR	1269	CallExpression	"g_log ( ""Gimp-Base"" , G_LOG_LEVEL_WARNING , ""WRITE-ONLY TILE... UNTESTED!"" )"		77	0					
ANR	1270	Callee	g_log		77	0					
ANR	1271	Identifier	g_log		77	0					
ANR	1272	ArgumentList	"""Gimp-Base"""		77	1					
ANR	1273	Argument	"""Gimp-Base"""		77	0					
ANR	1274	PrimaryExpression	"""Gimp-Base"""		77	0					
ANR	1275	Argument	G_LOG_LEVEL_WARNING		77	1					
ANR	1276	Identifier	G_LOG_LEVEL_WARNING		77	0					
ANR	1277	Argument	"""WRITE-ONLY TILE... UNTESTED!"""		77	2					
ANR	1278	PrimaryExpression	"""WRITE-ONLY TILE... UNTESTED!"""		77	0					
ANR	1279	IfStatement	if ( wantread )		77	8					
ANR	1280	Condition	wantread	303:6:8464:8471	77	0	True				
ANR	1281	Identifier	wantread		77	0					
ANR	1282	CompoundStatement		249:16:6567:6567	77	1					
ANR	1283	IfStatement	if ( wantwrite )		77	0					
ANR	1284	Condition	wantwrite	304:8:8484:8492	77	0	True				
ANR	1285	Identifier	wantwrite		77	0					
ANR	1286	CompoundStatement		250:19:6588:6588	77	1					
ANR	1287	IfStatement	if ( tile_num == tm -> cached_num )		77	0					
ANR	1288	Condition	tile_num == tm -> cached_num	305:10:8507:8534	77	0	True				
ANR	1289	EqualityExpression	tile_num == tm -> cached_num		77	0		==			
ANR	1290	Identifier	tile_num		77	0					
ANR	1291	PtrMemberAccess	tm -> cached_num		77	1					
ANR	1292	Identifier	tm		77	0					
ANR	1293	Identifier	cached_num		77	1					
ANR	1294	CompoundStatement		251:40:6630:6630	77	1					
ANR	1295	ExpressionStatement	"tile_release ( tm -> cached_tile , 0 )"	306:8:8547:8580	77	0	True				
ANR	1296	CallExpression	"tile_release ( tm -> cached_tile , 0 )"		77	0					
ANR	1297	Callee	tile_release		77	0					
ANR	1298	Identifier	tile_release		77	0					
ANR	1299	ArgumentList	tm -> cached_tile		77	1					
ANR	1300	Argument	tm -> cached_tile		77	0					
ANR	1301	PtrMemberAccess	tm -> cached_tile		77	0					
ANR	1302	Identifier	tm		77	0					
ANR	1303	Identifier	cached_tile		77	1					
ANR	1304	Argument	0		77	1					
ANR	1305	PrimaryExpression	0		77	0					
ANR	1306	ExpressionStatement	tm -> cached_tile = ( ( void * ) 0 )	307:8:8590:8621	77	1	True				
ANR	1307	AssignmentExpression	tm -> cached_tile = ( ( void * ) 0 )		77	0		=			
ANR	1308	PtrMemberAccess	tm -> cached_tile		77	0					
ANR	1309	Identifier	tm		77	0					
ANR	1310	Identifier	cached_tile		77	1					
ANR	1311	CastExpression	( void * ) 0		77	1					
ANR	1312	CastTarget	void *		77	0					
ANR	1313	PrimaryExpression	0		77	1					
ANR	1314	ExpressionStatement	tm -> cached_num = - 1	308:8:8631:8653	77	2	True				
ANR	1315	AssignmentExpression	tm -> cached_num = - 1		77	0		=			
ANR	1316	PtrMemberAccess	tm -> cached_num		77	0					
ANR	1317	Identifier	tm		77	0					
ANR	1318	Identifier	cached_num		77	1					
ANR	1319	UnaryOperationExpression	- 1		77	1					
ANR	1320	UnaryOperator	-		77	0					
ANR	1321	PrimaryExpression	1		77	1					
ANR	1322	IfStatement	if ( tile -> share_count > 1 )		77	1					
ANR	1323	Condition	tile -> share_count > 1	310:10:8673:8695	77	0	True				
ANR	1324	RelationalExpression	tile -> share_count > 1		77	0		>			
ANR	1325	PtrMemberAccess	tile -> share_count		77	0					
ANR	1326	Identifier	tile		77	0					
ANR	1327	Identifier	share_count		77	1					
ANR	1328	PrimaryExpression	1		77	1					
ANR	1329	CompoundStatement		256:35:6791:6791	77	1					
ANR	1330	Statement	Tile	312:8:8737:8740	77	0	True				
ANR	1331	Statement	*	312:13:8742:8742	77	1	True				
ANR	1332	Statement	new	312:14:8743:8745	77	2	True				
ANR	1333	Statement	=	312:18:8747:8747	77	3	True				
ANR	1334	ExpressionStatement	tile_new ( ( tile -> bpp ) )	312:20:8749:8772	77	4	True				
ANR	1335	CallExpression	tile_new ( ( tile -> bpp ) )		77	0					
ANR	1336	Callee	tile_new		77	0					
ANR	1337	Identifier	tile_new		77	0					
ANR	1338	ArgumentList	tile -> bpp		77	1					
ANR	1339	Argument	tile -> bpp		77	0					
ANR	1340	PtrMemberAccess	tile -> bpp		77	0					
ANR	1341	Identifier	tile		77	0					
ANR	1342	Identifier	bpp		77	1					
ANR	1343	Statement	new	313:8:8782:8784	77	5	True				
ANR	1344	Statement	->	313:12:8786:8787	77	6	True				
ANR	1345	ExpressionStatement	ewidth = tile -> ewidth	313:15:8789:8812	77	7	True				
ANR	1346	AssignmentExpression	ewidth = tile -> ewidth		77	0		=			
ANR	1347	Identifier	ewidth		77	0					
ANR	1348	PtrMemberAccess	tile -> ewidth		77	1					
ANR	1349	Identifier	tile		77	0					
ANR	1350	Identifier	ewidth		77	1					
ANR	1351	Statement	new	314:8:8822:8824	77	8	True				
ANR	1352	Statement	->	314:12:8826:8827	77	9	True				
ANR	1353	ExpressionStatement	eheight = tile -> eheight	314:15:8829:8854	77	10	True				
ANR	1354	AssignmentExpression	eheight = tile -> eheight		77	0		=			
ANR	1355	Identifier	eheight		77	0					
ANR	1356	PtrMemberAccess	tile -> eheight		77	1					
ANR	1357	Identifier	tile		77	0					
ANR	1358	Identifier	eheight		77	1					
ANR	1359	Statement	new	315:8:8864:8866	77	11	True				
ANR	1360	Statement	->	315:12:8868:8869	77	12	True				
ANR	1361	ExpressionStatement	valid = ( tile -> valid )	315:15:8871:8894	77	13	True				
ANR	1362	AssignmentExpression	valid = ( tile -> valid )		77	0		=			
ANR	1363	Identifier	valid		77	0					
ANR	1364	PtrMemberAccess	tile -> valid		77	1					
ANR	1365	Identifier	tile		77	0					
ANR	1366	Identifier	valid		77	1					
ANR	1367	Statement	new	316:8:8904:8906	77	14	True				
ANR	1368	Statement	->	316:12:8908:8909	77	15	True				
ANR	1369	Statement	size	316:15:8911:8914	77	16	True				
ANR	1370	Statement	=	316:20:8916:8916	77	17	True				
ANR	1371	Statement	(	316:22:8918:8918	77	18	True				
ANR	1372	Statement	new	316:23:8919:8921	77	19	True				
ANR	1373	Statement	->	316:27:8923:8924	77	20	True				
ANR	1374	Statement	ewidth	316:30:8926:8931	77	21	True				
ANR	1375	Statement	)	316:36:8932:8932	77	22	True				
ANR	1376	Statement	*	316:38:8934:8934	77	23	True				
ANR	1377	Statement	(	316:40:8936:8936	77	24	True				
ANR	1378	Statement	new	316:41:8937:8939	77	25	True				
ANR	1379	Statement	->	316:45:8941:8942	77	26	True				
ANR	1380	Statement	eheight	316:48:8944:8950	77	27	True				
ANR	1381	Statement	)	316:55:8951:8951	77	28	True				
ANR	1382	Statement	*	316:57:8953:8953	77	29	True				
ANR	1383	Statement	(	316:59:8955:8955	77	30	True				
ANR	1384	Statement	new	316:60:8956:8958	77	31	True				
ANR	1385	Statement	->	316:64:8960:8961	77	32	True				
ANR	1386	Statement	bpp	316:67:8963:8965	77	33	True				
ANR	1387	Statement	)	316:70:8966:8966	77	34	True				
ANR	1388	ExpressionStatement		316:71:8967:8967	77	35	True				
ANR	1389	Statement	new	317:8:8977:8979	77	36	True				
ANR	1390	Statement	->	317:12:8981:8982	77	37	True				
ANR	1391	Statement	data	317:15:8984:8987	77	38	True				
ANR	1392	Statement	=	317:20:8989:8989	77	39	True				
ANR	1393	Statement	(	317:22:8991:8991	77	40	True				
ANR	1394	Statement	(	317:23:8992:8992	77	41	True				
ANR	1395	Statement	guchar	317:24:8993:8998	77	42	True				
ANR	1396	Statement	*	317:31:9000:9000	77	43	True				
ANR	1397	Statement	)	317:32:9001:9001	77	44	True				
ANR	1398	Statement	(	317:33:9002:9002	77	45	True				
ANR	1399	Statement	g_malloc_n	317:34:9003:9012	77	46	True				
ANR	1400	Statement	(	317:44:9013:9013	77	47	True				
ANR	1401	Statement	(	317:45:9014:9014	77	48	True				
ANR	1402	Statement	new	317:46:9015:9017	77	49	True				
ANR	1403	Statement	->	317:50:9019:9020	77	50	True				
ANR	1404	Statement	size	317:53:9022:9025	77	51	True				
ANR	1405	Statement	)	317:57:9026:9026	77	52	True				
ANR	1406	Statement	","	317:58:9027:9027	77	53	True				
ANR	1407	Statement	sizeof	317:59:9028:9033	77	54	True				
ANR	1408	Statement	(	317:65:9034:9034	77	55	True				
ANR	1409	Statement	guchar	317:66:9035:9040	77	56	True				
ANR	1410	Statement	)	317:73:9042:9042	77	57	True				
ANR	1411	Statement	)	317:74:9043:9043	77	58	True				
ANR	1412	Statement	)	317:75:9044:9044	77	59	True				
ANR	1413	Statement	)	317:76:9045:9045	77	60	True				
ANR	1414	ExpressionStatement		317:77:9046:9046	77	61	True				
ANR	1415	IfStatement	if ( tile -> rowhint )		77	62					
ANR	1416	Condition	tile -> rowhint	320:12:9089:9103	77	0	True				
ANR	1417	PtrMemberAccess	tile -> rowhint		77	0					
ANR	1418	Identifier	tile		77	0					
ANR	1419	Identifier	rowhint		77	1					
ANR	1420	CompoundStatement		266:29:7199:7199	77	1					
ANR	1421	Statement	tile_allocate_rowhints	321:10:9118:9139	77	0	True				
ANR	1422	Statement	(	321:32:9140:9140	77	1	True				
ANR	1423	Statement	new	321:33:9141:9143	77	2	True				
ANR	1424	Statement	)	321:36:9144:9144	77	3	True				
ANR	1425	ExpressionStatement		321:37:9145:9145	77	4	True				
ANR	1426	Statement	memcpy	322:10:9157:9162	77	5	True				
ANR	1427	Statement	(	322:16:9163:9163	77	6	True				
ANR	1428	Statement	(	322:17:9164:9164	77	7	True				
ANR	1429	Statement	new	322:18:9165:9167	77	8	True				
ANR	1430	Statement	->	322:22:9169:9170	77	9	True				
ANR	1431	Statement	rowhint	322:25:9172:9178	77	10	True				
ANR	1432	Statement	)	322:32:9179:9179	77	11	True				
ANR	1433	Statement	","	322:33:9180:9180	77	12	True				
ANR	1434	Statement	(	322:34:9181:9181	77	13	True				
ANR	1435	Statement	tile	322:35:9182:9185	77	14	True				
ANR	1436	Statement	->	322:40:9187:9188	77	15	True				
ANR	1437	Statement	rowhint	322:43:9190:9196	77	16	True				
ANR	1438	Statement	)	322:50:9197:9197	77	17	True				
ANR	1439	Statement	","	322:51:9198:9198	77	18	True				
ANR	1440	Statement	(	322:52:9199:9199	77	19	True				
ANR	1441	Statement	new	322:53:9200:9202	77	20	True				
ANR	1442	Statement	->	322:57:9204:9205	77	21	True				
ANR	1443	Statement	eheight	322:60:9207:9213	77	22	True				
ANR	1444	Statement	)	322:67:9214:9214	77	23	True				
ANR	1445	Statement	*	322:69:9216:9216	77	24	True				
ANR	1446	Statement	sizeof	322:71:9218:9223	77	25	True				
ANR	1447	Statement	(	322:77:9224:9224	77	26	True				
ANR	1448	Statement	TileRowHint	322:78:9225:9235	77	27	True				
ANR	1449	Statement	)	322:90:9237:9237	77	28	True				
ANR	1450	Statement	)	322:91:9238:9238	77	29	True				
ANR	1451	ExpressionStatement		322:92:9239:9239	77	30	True				
ANR	1452	IfStatement	if ( tile -> data )		77	63					
ANR	1453	Condition	tile -> data	324:12:9263:9274	77	0	True				
ANR	1454	PtrMemberAccess	tile -> data		77	0					
ANR	1455	Identifier	tile		77	0					
ANR	1456	Identifier	data		77	1					
ANR	1457	CompoundStatement		270:26:7370:7370	77	1					
ANR	1458	Statement	memcpy	325:10:9289:9294	77	0	True				
ANR	1459	Statement	(	325:16:9295:9295	77	1	True				
ANR	1460	Statement	(	325:17:9296:9296	77	2	True				
ANR	1461	Statement	new	325:18:9297:9299	77	3	True				
ANR	1462	Statement	->	325:22:9301:9302	77	4	True				
ANR	1463	Statement	data	325:25:9304:9307	77	5	True				
ANR	1464	Statement	)	325:29:9308:9308	77	6	True				
ANR	1465	Statement	","	325:30:9309:9309	77	7	True				
ANR	1466	Statement	(	325:31:9310:9310	77	8	True				
ANR	1467	Statement	tile	325:32:9311:9314	77	9	True				
ANR	1468	Statement	->	325:37:9316:9317	77	10	True				
ANR	1469	Statement	data	325:40:9319:9322	77	11	True				
ANR	1470	Statement	)	325:44:9323:9323	77	12	True				
ANR	1471	Statement	","	325:45:9324:9324	77	13	True				
ANR	1472	Statement	(	325:46:9325:9325	77	14	True				
ANR	1473	Statement	new	325:47:9326:9328	77	15	True				
ANR	1474	Statement	->	325:51:9330:9331	77	16	True				
ANR	1475	Statement	size	325:54:9333:9336	77	17	True				
ANR	1476	Statement	)	325:58:9337:9337	77	18	True				
ANR	1477	Statement	)	325:59:9338:9338	77	19	True				
ANR	1478	ExpressionStatement		325:60:9339:9339	77	20	True				
ANR	1479	ElseStatement	else		77	0					
ANR	1480	CompoundStatement		273:13:7457:7457	77	0					
ANR	1481	ExpressionStatement	tile_lock ( tile )	328:10:9376:9391	77	0	True				
ANR	1482	CallExpression	tile_lock ( tile )		77	0					
ANR	1483	Callee	tile_lock		77	0					
ANR	1484	Identifier	tile_lock		77	0					
ANR	1485	ArgumentList	tile		77	1					
ANR	1486	Argument	tile		77	0					
ANR	1487	Identifier	tile		77	0					
ANR	1488	Statement	memcpy	329:10:9403:9408	77	1	True				
ANR	1489	Statement	(	329:16:9409:9409	77	2	True				
ANR	1490	Statement	(	329:17:9410:9410	77	3	True				
ANR	1491	Statement	new	329:18:9411:9413	77	4	True				
ANR	1492	Statement	->	329:22:9415:9416	77	5	True				
ANR	1493	Statement	data	329:25:9418:9421	77	6	True				
ANR	1494	Statement	)	329:29:9422:9422	77	7	True				
ANR	1495	Statement	","	329:30:9423:9423	77	8	True				
ANR	1496	Statement	(	329:31:9424:9424	77	9	True				
ANR	1497	Statement	tile	329:32:9425:9428	77	10	True				
ANR	1498	Statement	->	329:37:9430:9431	77	11	True				
ANR	1499	Statement	data	329:40:9433:9436	77	12	True				
ANR	1500	Statement	)	329:44:9437:9437	77	13	True				
ANR	1501	Statement	","	329:45:9438:9438	77	14	True				
ANR	1502	Statement	(	329:46:9439:9439	77	15	True				
ANR	1503	Statement	new	329:47:9440:9442	77	16	True				
ANR	1504	Statement	->	329:51:9444:9445	77	17	True				
ANR	1505	Statement	size	329:54:9447:9450	77	18	True				
ANR	1506	Statement	)	329:58:9451:9451	77	19	True				
ANR	1507	Statement	)	329:59:9452:9452	77	20	True				
ANR	1508	ExpressionStatement		329:60:9453:9453	77	21	True				
ANR	1509	ExpressionStatement	"tile_release ( tile , 0 )"	330:10:9465:9485	77	22	True				
ANR	1510	CallExpression	"tile_release ( tile , 0 )"		77	0					
ANR	1511	Callee	tile_release		77	0					
ANR	1512	Identifier	tile_release		77	0					
ANR	1513	ArgumentList	tile		77	1					
ANR	1514	Argument	tile		77	0					
ANR	1515	Identifier	tile		77	0					
ANR	1516	Argument	0		77	1					
ANR	1517	PrimaryExpression	0		77	0					
ANR	1518	Statement	int	332:8:9505:9507	77	64	True				
ANR	1519	Statement	dwk_tmp_3	332:12:9509:9517	77	65	True				
ANR	1520	Statement	=	332:22:9519:9519	77	66	True				
ANR	1521	Statement	new	332:24:9521:9523	77	67	True				
ANR	1522	ExpressionStatement		332:27:9524:9524	77	68	True				
ANR	1523	ExpressionStatement	tile = dwk_tmp_3	333:8:9534:9550	77	69	True				
ANR	1524	AssignmentExpression	tile = dwk_tmp_3		77	0		=			
ANR	1525	Identifier	tile		77	0					
ANR	1526	Identifier	dwk_tmp_3		77	1					
ANR	1527	Statement	tile_attach	334:8:9560:9570	77	70	True				
ANR	1528	Statement	(	334:19:9571:9571	77	71	True				
ANR	1529	Statement	new	334:20:9572:9574	77	72	True				
ANR	1530	Statement	","	334:23:9575:9575	77	73	True				
ANR	1531	Statement	tm	334:24:9576:9577	77	74	True				
ANR	1532	Statement	","	334:26:9578:9578	77	75	True				
ANR	1533	Statement	tile_num	334:27:9579:9586	77	76	True				
ANR	1534	Statement	)	334:35:9587:9587	77	77	True				
ANR	1535	ExpressionStatement		334:36:9588:9588	77	78	True				
ANR	1536	Statement	tile	335:8:9598:9601	77	79	True				
ANR	1537	Statement	=	335:13:9603:9603	77	80	True				
ANR	1538	Statement	new	335:15:9605:9607	77	81	True				
ANR	1539	ExpressionStatement		335:18:9608:9608	77	82	True				
ANR	1540	ExpressionStatement	tm -> tiles [ tile_num ] = tile	336:8:9618:9646	77	83	True				
ANR	1541	AssignmentExpression	tm -> tiles [ tile_num ] = tile		77	0		=			
ANR	1542	ArrayIndexing	tm -> tiles [ tile_num ]		77	0					
ANR	1543	PtrMemberAccess	tm -> tiles		77	0					
ANR	1544	Identifier	tm		77	0					
ANR	1545	Identifier	tiles		77	1					
ANR	1546	Identifier	tile_num		77	1					
ANR	1547	Identifier	tile		77	1					
ANR	1548	ExpressionStatement	tile_lock ( tile )	339:6:9699:9714	77	2	True				
ANR	1549	CallExpression	tile_lock ( tile )		77	0					
ANR	1550	Callee	tile_lock		77	0					
ANR	1551	Identifier	tile_lock		77	0					
ANR	1552	ArgumentList	tile		77	1					
ANR	1553	Argument	tile		77	0					
ANR	1554	Identifier	tile		77	0					
ANR	1555	ExpressionStatement	tile -> write_count ++	340:6:9722:9743	77	3	True				
ANR	1556	PostIncDecOperationExpression	tile -> write_count ++		77	0					
ANR	1557	PtrMemberAccess	tile -> write_count		77	0					
ANR	1558	Identifier	tile		77	0					
ANR	1559	Identifier	write_count		77	1					
ANR	1560	IncDec	++		77	1					
ANR	1561	ExpressionStatement	tile -> dirty = ( ! 0 )	341:6:9751:9771	77	4	True				
ANR	1562	AssignmentExpression	tile -> dirty = ( ! 0 )		77	0		=			
ANR	1563	PtrMemberAccess	tile -> dirty		77	0					
ANR	1564	Identifier	tile		77	0					
ANR	1565	Identifier	dirty		77	1					
ANR	1566	UnaryOperationExpression	! 0		77	1					
ANR	1567	UnaryOperator	!		77	0					
ANR	1568	PrimaryExpression	0		77	1					
ANR	1569	ElseStatement	else		77	0					
ANR	1570	CompoundStatement		289:9:7881:7881	77	0					
ANR	1571	ExpressionStatement	tile_lock ( tile )	346:6:9829:9844	77	0	True				
ANR	1572	CallExpression	tile_lock ( tile )		77	0					
ANR	1573	Callee	tile_lock		77	0					
ANR	1574	Identifier	tile_lock		77	0					
ANR	1575	ArgumentList	tile		77	1					
ANR	1576	Argument	tile		77	0					
ANR	1577	Identifier	tile		77	0					
ANR	1578	ReturnStatement	return tile ;	349:2:9858:9869	77	9	True				
ANR	1579	Identifier	tile		77	0					
ANR	1580	Statement	Tile	352:0:9874:9877	77	142	True				
ANR	1581	Statement	*	352:5:9879:9879	77	143	True				
ANR	1582	Statement	tile_manager_get_at	352:6:9880:9898	77	144	True				
ANR	1583	Statement	(	352:25:9899:9899	77	145	True				
ANR	1584	Statement	TileManager	352:26:9900:9910	77	146	True				
ANR	1585	Statement	*	352:38:9912:9912	77	147	True				
ANR	1586	Statement	tm	352:39:9913:9914	77	148	True				
ANR	1587	Statement	","	352:41:9915:9915	77	149	True				
ANR	1588	Statement	gint	352:42:9916:9919	77	150	True				
ANR	1589	Statement	tile_col	352:47:9921:9928	77	151	True				
ANR	1590	Statement	","	352:55:9929:9929	77	152	True				
ANR	1591	Statement	gint	352:56:9930:9933	77	153	True				
ANR	1592	Statement	tile_row	352:61:9935:9942	77	154	True				
ANR	1593	Statement	","	352:69:9943:9943	77	155	True				
ANR	1594	Statement	gboolean	352:70:9944:9951	77	156	True				
ANR	1595	Statement	wantread	352:79:9953:9960	77	157	True				
ANR	1596	Statement	","	352:87:9961:9961	77	158	True				
ANR	1597	Statement	gboolean	352:88:9962:9969	77	159	True				
ANR	1598	Statement	wantwrite	352:97:9971:9979	77	160	True				
ANR	1599	Statement	)	352:106:9980:9980	77	161	True				
ANR	1600	CompoundStatement		299:0:8075:8075	77	162					
ANR	1601	DoStatement	do		77	0					
ANR	1602	CompoundStatement		300:5:8082:8082	77	0					
ANR	1603	IfStatement	if ( tm != ( ( void * ) 0 ) )		77	0					
ANR	1604	Condition	tm != ( ( void * ) 0 )	355:8:9999:10015	77	0	True				
ANR	1605	EqualityExpression	tm != ( ( void * ) 0 )		77	0		!=			
ANR	1606	Identifier	tm		77	0					
ANR	1607	CastExpression	( void * ) 0		77	1					
ANR	1608	CastTarget	void *		77	0					
ANR	1609	PrimaryExpression	0		77	1					
ANR	1610	CompoundStatement		301:27:8111:8111	77	1					
ANR	1611	ElseStatement	else		77	0					
ANR	1612	CompoundStatement		303:9:8128:8128	77	0					
ANR	1613	ExpressionStatement	"g_return_if_fail_warning ( ""Gimp-Base"" , __PRETTY_FUNCTION__ , ""tm != NULL"" )"	358:6:10043:10113	77	0	True				
ANR	1614	CallExpression	"g_return_if_fail_warning ( ""Gimp-Base"" , __PRETTY_FUNCTION__ , ""tm != NULL"" )"		77	0					
ANR	1615	Callee	g_return_if_fail_warning		77	0					
ANR	1616	Identifier	g_return_if_fail_warning		77	0					
ANR	1617	ArgumentList	"""Gimp-Base"""		77	1					
ANR	1618	Argument	"""Gimp-Base"""		77	0					
ANR	1619	PrimaryExpression	"""Gimp-Base"""		77	0					
ANR	1620	Argument	__PRETTY_FUNCTION__		77	1					
ANR	1621	Identifier	__PRETTY_FUNCTION__		77	0					
ANR	1622	Argument	"""tm != NULL"""		77	2					
ANR	1623	PrimaryExpression	"""tm != NULL"""		77	0					
ANR	1624	ReturnStatement	return ( ( void * ) 0 ) ;	359:6:10121:10139	77	1	True				
ANR	1625	CastExpression	( void * ) 0		77	0					
ANR	1626	CastTarget	void *		77	0					
ANR	1627	PrimaryExpression	0		77	1					
ANR	1628	ExpressionStatement		361:4:10151:10151	77	1	True				
ANR	1629	Condition	0	362:10:10163:10163	77	1	True				
ANR	1630	PrimaryExpression	0		77	0					
ANR	1631	IfStatement	if ( tile_col < 0 || tile_col >= tm -> ntile_cols || tile_row < 0 || tile_row >= tm -> ntile_rows )		77	1					
ANR	1632	Condition	tile_col < 0 || tile_col >= tm -> ntile_cols || tile_row < 0 || tile_row >= tm -> ntile_rows	363:6:10173:10264	77	0	True				
ANR	1633	OrExpression	tile_col < 0 || tile_col >= tm -> ntile_cols || tile_row < 0 || tile_row >= tm -> ntile_rows		77	0		||			
ANR	1634	RelationalExpression	tile_col < 0		77	0		<			
ANR	1635	Identifier	tile_col		77	0					
ANR	1636	PrimaryExpression	0		77	1					
ANR	1637	OrExpression	tile_col >= tm -> ntile_cols || tile_row < 0 || tile_row >= tm -> ntile_rows		77	1		||			
ANR	1638	RelationalExpression	tile_col >= tm -> ntile_cols		77	0		>=			
ANR	1639	Identifier	tile_col		77	0					
ANR	1640	PtrMemberAccess	tm -> ntile_cols		77	1					
ANR	1641	Identifier	tm		77	0					
ANR	1642	Identifier	ntile_cols		77	1					
ANR	1643	OrExpression	tile_row < 0 || tile_row >= tm -> ntile_rows		77	1		||			
ANR	1644	RelationalExpression	tile_row < 0		77	0		<			
ANR	1645	Identifier	tile_row		77	0					
ANR	1646	PrimaryExpression	0		77	1					
ANR	1647	RelationalExpression	tile_row >= tm -> ntile_rows		77	1		>=			
ANR	1648	Identifier	tile_row		77	0					
ANR	1649	PtrMemberAccess	tm -> ntile_rows		77	1					
ANR	1650	Identifier	tm		77	0					
ANR	1651	Identifier	ntile_rows		77	1					
ANR	1652	CompoundStatement		309:100:8360:8360	77	1					
ANR	1653	ReturnStatement	return ( ( void * ) 0 ) ;	364:4:10273:10291	77	0	True				
ANR	1654	CastExpression	( void * ) 0		77	0					
ANR	1655	CastTarget	void *		77	0					
ANR	1656	PrimaryExpression	0		77	1					
ANR	1657	ReturnStatement	"return tile_manager_get ( tm , tile_row * tm -> ntile_cols + tile_col , wantread , wantwrite ) ;"	366:2:10299:10384	77	2	True				
ANR	1658	CallExpression	"tile_manager_get ( tm , tile_row * tm -> ntile_cols + tile_col , wantread , wantwrite )"		77	0					
ANR	1659	Callee	tile_manager_get		77	0					
ANR	1660	Identifier	tile_manager_get		77	0					
ANR	1661	ArgumentList	tm		77	1					
ANR	1662	Argument	tm		77	0					
ANR	1663	Identifier	tm		77	0					
ANR	1664	Argument	tile_row * tm -> ntile_cols + tile_col		77	1					
ANR	1665	AdditiveExpression	tile_row * tm -> ntile_cols + tile_col		77	0		+			
ANR	1666	MultiplicativeExpression	tile_row * tm -> ntile_cols		77	0		*			
ANR	1667	Identifier	tile_row		77	0					
ANR	1668	PtrMemberAccess	tm -> ntile_cols		77	1					
ANR	1669	Identifier	tm		77	0					
ANR	1670	Identifier	ntile_cols		77	1					
ANR	1671	Identifier	tile_col		77	1					
ANR	1672	Argument	wantread		77	2					
ANR	1673	Identifier	wantread		77	0					
ANR	1674	Argument	wantwrite		77	3					
ANR	1675	Identifier	wantwrite		77	0					
ANR	1676	Statement	void	369:0:10389:10392	77	163	True				
ANR	1677	Statement	tile_manager_validate_tile	369:5:10394:10419	77	164	True				
ANR	1678	Statement	(	369:31:10420:10420	77	165	True				
ANR	1679	Statement	TileManager	369:32:10421:10431	77	166	True				
ANR	1680	Statement	*	369:44:10433:10433	77	167	True				
ANR	1681	Statement	tm	369:45:10434:10435	77	168	True				
ANR	1682	Statement	","	369:47:10436:10436	77	169	True				
ANR	1683	Statement	Tile	369:48:10437:10440	77	170	True				
ANR	1684	Statement	*	369:53:10442:10442	77	171	True				
ANR	1685	Statement	tile	369:54:10443:10446	77	172	True				
ANR	1686	Statement	)	369:58:10447:10447	77	173	True				
ANR	1687	CompoundStatement		316:0:8542:8542	77	174					
ANR	1688	DoStatement	do		77	0					
ANR	1689	CompoundStatement		317:5:8549:8549	77	0					
ANR	1690	IfStatement	if ( tm != ( ( void * ) 0 ) )		77	0					
ANR	1691	Condition	tm != ( ( void * ) 0 )	372:8:10466:10482	77	0	True				
ANR	1692	EqualityExpression	tm != ( ( void * ) 0 )		77	0		!=			
ANR	1693	Identifier	tm		77	0					
ANR	1694	CastExpression	( void * ) 0		77	1					
ANR	1695	CastTarget	void *		77	0					
ANR	1696	PrimaryExpression	0		77	1					
ANR	1697	CompoundStatement		318:27:8578:8578	77	1					
ANR	1698	ElseStatement	else		77	0					
ANR	1699	CompoundStatement		320:9:8595:8595	77	0					
ANR	1700	ExpressionStatement	"g_return_if_fail_warning ( ""Gimp-Base"" , __PRETTY_FUNCTION__ , ""tm != NULL"" )"	375:6:10510:10580	77	0	True				
ANR	1701	CallExpression	"g_return_if_fail_warning ( ""Gimp-Base"" , __PRETTY_FUNCTION__ , ""tm != NULL"" )"		77	0					
ANR	1702	Callee	g_return_if_fail_warning		77	0					
ANR	1703	Identifier	g_return_if_fail_warning		77	0					
ANR	1704	ArgumentList	"""Gimp-Base"""		77	1					
ANR	1705	Argument	"""Gimp-Base"""		77	0					
ANR	1706	PrimaryExpression	"""Gimp-Base"""		77	0					
ANR	1707	Argument	__PRETTY_FUNCTION__		77	1					
ANR	1708	Identifier	__PRETTY_FUNCTION__		77	0					
ANR	1709	Argument	"""tm != NULL"""		77	2					
ANR	1710	PrimaryExpression	"""tm != NULL"""		77	0					
ANR	1711	ReturnStatement	return ;	376:6:10588:10595	77	1	True				
ANR	1712	ExpressionStatement		378:4:10607:10607	77	1	True				
ANR	1713	Condition	0	379:10:10619:10619	77	1	True				
ANR	1714	PrimaryExpression	0		77	0					
ANR	1715	DoStatement	do		77	1					
ANR	1716	CompoundStatement		326:5:8721:8721	77	0					
ANR	1717	IfStatement	if ( tile != ( ( void * ) 0 ) )		77	0					
ANR	1718	Condition	tile != ( ( void * ) 0 )	381:8:10638:10656	77	0	True				
ANR	1719	EqualityExpression	tile != ( ( void * ) 0 )		77	0		!=			
ANR	1720	Identifier	tile		77	0					
ANR	1721	CastExpression	( void * ) 0		77	1					
ANR	1722	CastTarget	void *		77	0					
ANR	1723	PrimaryExpression	0		77	1					
ANR	1724	CompoundStatement		327:29:8752:8752	77	1					
ANR	1725	ElseStatement	else		77	0					
ANR	1726	CompoundStatement		329:9:8769:8769	77	0					
ANR	1727	ExpressionStatement	"g_return_if_fail_warning ( ""Gimp-Base"" , __PRETTY_FUNCTION__ , ""tile != NULL"" )"	384:6:10684:10756	77	0	True				
ANR	1728	CallExpression	"g_return_if_fail_warning ( ""Gimp-Base"" , __PRETTY_FUNCTION__ , ""tile != NULL"" )"		77	0					
ANR	1729	Callee	g_return_if_fail_warning		77	0					
ANR	1730	Identifier	g_return_if_fail_warning		77	0					
ANR	1731	ArgumentList	"""Gimp-Base"""		77	1					
ANR	1732	Argument	"""Gimp-Base"""		77	0					
ANR	1733	PrimaryExpression	"""Gimp-Base"""		77	0					
ANR	1734	Argument	__PRETTY_FUNCTION__		77	1					
ANR	1735	Identifier	__PRETTY_FUNCTION__		77	0					
ANR	1736	Argument	"""tile != NULL"""		77	2					
ANR	1737	PrimaryExpression	"""tile != NULL"""		77	0					
ANR	1738	ReturnStatement	return ;	385:6:10764:10771	77	1	True				
ANR	1739	ExpressionStatement		387:4:10783:10783	77	1	True				
ANR	1740	Condition	0	388:10:10795:10795	77	1	True				
ANR	1741	PrimaryExpression	0		77	0					
ANR	1742	ExpressionStatement	tile -> valid = ( ! 0 )	389:2:10801:10821	77	2	True				
ANR	1743	AssignmentExpression	tile -> valid = ( ! 0 )		77	0		=			
ANR	1744	PtrMemberAccess	tile -> valid		77	0					
ANR	1745	Identifier	tile		77	0					
ANR	1746	Identifier	valid		77	1					
ANR	1747	UnaryOperationExpression	! 0		77	1					
ANR	1748	UnaryOperator	!		77	0					
ANR	1749	PrimaryExpression	0		77	1					
ANR	1750	IfStatement	if ( tm -> validate_proc )		77	3					
ANR	1751	Condition	tm -> validate_proc	390:6:10829:10847	77	0	True				
ANR	1752	PtrMemberAccess	tm -> validate_proc		77	0					
ANR	1753	Identifier	tm		77	0					
ANR	1754	Identifier	validate_proc		77	1					
ANR	1755	CompoundStatement		336:27:8943:8943	77	1					
ANR	1756	ExpressionStatement	"( * tm -> validate_proc ) ( tm , tile , tm -> user_data )"	391:4:10856:10904	77	0	True				
ANR	1757	CallExpression	"( * tm -> validate_proc ) ( tm , tile , tm -> user_data )"		77	0					
ANR	1758	Callee	* tm -> validate_proc		77	0					
ANR	1759	UnaryOperationExpression	* tm -> validate_proc		77	0					
ANR	1760	UnaryOperator	*		77	0					
ANR	1761	PtrMemberAccess	tm -> validate_proc		77	1					
ANR	1762	Identifier	tm		77	0					
ANR	1763	Identifier	validate_proc		77	1					
ANR	1764	ArgumentList	tm		77	1					
ANR	1765	Argument	tm		77	0					
ANR	1766	Identifier	tm		77	0					
ANR	1767	Argument	tile		77	1					
ANR	1768	Identifier	tile		77	0					
ANR	1769	Argument	tm -> user_data		77	2					
ANR	1770	PtrMemberAccess	tm -> user_data		77	0					
ANR	1771	Identifier	tm		77	0					
ANR	1772	Identifier	user_data		77	1					
ANR	1773	ElseStatement	else		77	0					
ANR	1774	CompoundStatement		339:7:9010:9010	77	0					
ANR	1775	ExpressionStatement	"memset ( ( tile -> data ) , 0 , ( tile_size ( tile ) ) )"	395:4:10969:11011	77	0	True				
ANR	1776	CallExpression	"memset ( ( tile -> data ) , 0 , ( tile_size ( tile ) ) )"		77	0					
ANR	1777	Callee	memset		77	0					
ANR	1778	Identifier	memset		77	0					
ANR	1779	ArgumentList	tile -> data		77	1					
ANR	1780	Argument	tile -> data		77	0					
ANR	1781	PtrMemberAccess	tile -> data		77	0					
ANR	1782	Identifier	tile		77	0					
ANR	1783	Identifier	data		77	1					
ANR	1784	Argument	0		77	1					
ANR	1785	PrimaryExpression	0		77	0					
ANR	1786	Argument	tile_size ( tile )		77	2					
ANR	1787	CallExpression	tile_size ( tile )		77	0					
ANR	1788	Callee	tile_size		77	0					
ANR	1789	Identifier	tile_size		77	0					
ANR	1790	ArgumentList	tile		77	1					
ANR	1791	Argument	tile		77	0					
ANR	1792	Identifier	tile		77	0					
ANR	1793	Statement	static	401:0:11053:11058	77	175	True				
ANR	1794	Statement	void	401:7:11060:11063	77	176	True				
ANR	1795	Statement	tile_manager_allocate_tiles	401:12:11065:11091	77	177	True				
ANR	1796	Statement	(	401:39:11092:11092	77	178	True				
ANR	1797	Statement	TileManager	401:40:11093:11103	77	179	True				
ANR	1798	Statement	*	401:52:11105:11105	77	180	True				
ANR	1799	Statement	tm	401:53:11106:11107	77	181	True				
ANR	1800	Statement	)	401:55:11108:11108	77	182	True				
ANR	1801	CompoundStatement		356:2:9439:9445	77	183					
ANR	1802	IdentifierDeclStatement	Tile * * tiles ;	403:2:11114:11126	77	0	True				
ANR	1803	IdentifierDecl	* * tiles		77	0					
ANR	1804	IdentifierDeclType	Tile * *		77	0					
ANR	1805	Identifier	tiles		77	1					
ANR	1806	IdentifierDeclStatement	const gint nrows = tm -> ntile_rows ;	404:2:11130:11165	77	1	True				
ANR	1807	IdentifierDecl	nrows = tm -> ntile_rows		77	0					
ANR	1808	IdentifierDeclType	const gint		77	0					
ANR	1809	Identifier	nrows		77	1					
ANR	1810	AssignmentExpression	nrows = tm -> ntile_rows		77	2		=			
ANR	1811	Identifier	nrows		77	0					
ANR	1812	PtrMemberAccess	tm -> ntile_rows		77	1					
ANR	1813	Identifier	tm		77	0					
ANR	1814	Identifier	ntile_rows		77	1					
ANR	1815	IdentifierDeclStatement	const gint ncols = tm -> ntile_cols ;	405:2:11169:11204	77	2	True				
ANR	1816	IdentifierDecl	ncols = tm -> ntile_cols		77	0					
ANR	1817	IdentifierDeclType	const gint		77	0					
ANR	1818	Identifier	ncols		77	1					
ANR	1819	AssignmentExpression	ncols = tm -> ntile_cols		77	2		=			
ANR	1820	Identifier	ncols		77	0					
ANR	1821	PtrMemberAccess	tm -> ntile_cols		77	1					
ANR	1822	Identifier	tm		77	0					
ANR	1823	Identifier	ntile_cols		77	1					
ANR	1824	IdentifierDeclStatement	const gint right_tile = tm -> width - ( ncols - 1 ) * 64 ;	406:2:11208:11262	77	3	True				
ANR	1825	IdentifierDecl	right_tile = tm -> width - ( ncols - 1 ) * 64		77	0					
ANR	1826	IdentifierDeclType	const gint		77	0					
ANR	1827	Identifier	right_tile		77	1					
ANR	1828	AssignmentExpression	right_tile = tm -> width - ( ncols - 1 ) * 64		77	2		=			
ANR	1829	Identifier	right_tile		77	0					
ANR	1830	AdditiveExpression	tm -> width - ( ncols - 1 ) * 64		77	1		-			
ANR	1831	PtrMemberAccess	tm -> width		77	0					
ANR	1832	Identifier	tm		77	0					
ANR	1833	Identifier	width		77	1					
ANR	1834	MultiplicativeExpression	( ncols - 1 ) * 64		77	1		*			
ANR	1835	AdditiveExpression	ncols - 1		77	0		-			
ANR	1836	Identifier	ncols		77	0					
ANR	1837	PrimaryExpression	1		77	1					
ANR	1838	PrimaryExpression	64		77	1					
ANR	1839	IdentifierDeclStatement	const gint bottom_tile = tm -> height - ( nrows - 1 ) * 64 ;	407:2:11266:11322	77	4	True				
ANR	1840	IdentifierDecl	bottom_tile = tm -> height - ( nrows - 1 ) * 64		77	0					
ANR	1841	IdentifierDeclType	const gint		77	0					
ANR	1842	Identifier	bottom_tile		77	1					
ANR	1843	AssignmentExpression	bottom_tile = tm -> height - ( nrows - 1 ) * 64		77	2		=			
ANR	1844	Identifier	bottom_tile		77	0					
ANR	1845	AdditiveExpression	tm -> height - ( nrows - 1 ) * 64		77	1		-			
ANR	1846	PtrMemberAccess	tm -> height		77	0					
ANR	1847	Identifier	tm		77	0					
ANR	1848	Identifier	height		77	1					
ANR	1849	MultiplicativeExpression	( nrows - 1 ) * 64		77	1		*			
ANR	1850	AdditiveExpression	nrows - 1		77	0		-			
ANR	1851	Identifier	nrows		77	0					
ANR	1852	PrimaryExpression	1		77	1					
ANR	1853	PrimaryExpression	64		77	1					
ANR	1854	IdentifierDeclStatement	gint i ;	408:2:11326:11332	77	5	True				
ANR	1855	IdentifierDecl	i		77	0					
ANR	1856	IdentifierDeclType	gint		77	0					
ANR	1857	Identifier	i		77	1					
ANR	1858	IdentifierDeclStatement	gint j ;	409:2:11336:11342	77	6	True				
ANR	1859	IdentifierDecl	j		77	0					
ANR	1860	IdentifierDeclType	gint		77	0					
ANR	1861	Identifier	j		77	1					
ANR	1862	IdentifierDeclStatement	gint k ;	410:2:11346:11352	77	7	True				
ANR	1863	IdentifierDecl	k		77	0					
ANR	1864	IdentifierDeclType	gint		77	0					
ANR	1865	Identifier	k		77	1					
ANR	1866	DoStatement	do		77	8					
ANR	1867	CompoundStatement		357:5:9452:9452	77	0					
ANR	1868	IfStatement	if ( tm -> tiles == ( ( void * ) 0 ) )		77	0					
ANR	1869	Condition	tm -> tiles == ( ( void * ) 0 )	412:8:11369:11394	77	0	True				
ANR	1870	EqualityExpression	tm -> tiles == ( ( void * ) 0 )		77	0		==			
ANR	1871	PtrMemberAccess	tm -> tiles		77	0					
ANR	1872	Identifier	tm		77	0					
ANR	1873	Identifier	tiles		77	1					
ANR	1874	CastExpression	( void * ) 0		77	1					
ANR	1875	CastTarget	void *		77	0					
ANR	1876	PrimaryExpression	0		77	1					
ANR	1877	CompoundStatement		358:36:9490:9490	77	1					
ANR	1878	ExpressionStatement		413:6:11405:11405	77	0	True				
ANR	1879	ElseStatement	else		77	0					
ANR	1880	CompoundStatement		361:9:9515:9515	77	0					
ANR	1881	ExpressionStatement	"g_assertion_message_expr ( ""Gimp-Base"" , ""tile-manager.c"" , 368 , ( ( const char * ) __func__ ) , ""tm->tiles == NULL"" )"	416:6:11430:11533	77	0	True				
ANR	1882	CallExpression	"g_assertion_message_expr ( ""Gimp-Base"" , ""tile-manager.c"" , 368 , ( ( const char * ) __func__ ) , ""tm->tiles == NULL"" )"		77	0					
ANR	1883	Callee	g_assertion_message_expr		77	0					
ANR	1884	Identifier	g_assertion_message_expr		77	0					
ANR	1885	ArgumentList	"""Gimp-Base"""		77	1					
ANR	1886	Argument	"""Gimp-Base"""		77	0					
ANR	1887	PrimaryExpression	"""Gimp-Base"""		77	0					
ANR	1888	Argument	"""tile-manager.c"""		77	1					
ANR	1889	PrimaryExpression	"""tile-manager.c"""		77	0					
ANR	1890	Argument	368		77	2					
ANR	1891	PrimaryExpression	368		77	0					
ANR	1892	Argument	( const char * ) __func__		77	3					
ANR	1893	CastExpression	( const char * ) __func__		77	0					
ANR	1894	CastTarget	const char *		77	0					
ANR	1895	Identifier	__func__		77	1					
ANR	1896	Argument	"""tm->tiles == NULL"""		77	4					
ANR	1897	PrimaryExpression	"""tm->tiles == NULL"""		77	0					
ANR	1898	Condition	0	418:10:11551:11551	77	1	True				
ANR	1899	PrimaryExpression	0		77	0					
ANR	1900	ExpressionStatement	"tiles = ( ( Tile * * ) ( g_malloc_n ( ( nrows * ncols ) , sizeof ( Tile * ) ) ) )"	419:2:11557:11620	77	9	True				
ANR	1901	AssignmentExpression	"tiles = ( ( Tile * * ) ( g_malloc_n ( ( nrows * ncols ) , sizeof ( Tile * ) ) ) )"		77	0		=			
ANR	1902	Identifier	tiles		77	0					
ANR	1903	CastExpression	"( Tile * * ) ( g_malloc_n ( ( nrows * ncols ) , sizeof ( Tile * ) ) )"		77	1					
ANR	1904	CastTarget	Tile * *		77	0					
ANR	1905	CallExpression	"g_malloc_n ( ( nrows * ncols ) , sizeof ( Tile * ) )"		77	1					
ANR	1906	Callee	g_malloc_n		77	0					
ANR	1907	Identifier	g_malloc_n		77	0					
ANR	1908	ArgumentList	nrows * ncols		77	1					
ANR	1909	Argument	nrows * ncols		77	0					
ANR	1910	MultiplicativeExpression	nrows * ncols		77	0		*			
ANR	1911	Identifier	nrows		77	0					
ANR	1912	Identifier	ncols		77	1					
ANR	1913	Argument	sizeof ( Tile * )		77	1					
ANR	1914	SizeofExpression	sizeof ( Tile * )		77	0					
ANR	1915	Sizeof	sizeof		77	0					
ANR	1916	SizeofOperand	Tile *		77	1					
ANR	1917	ForStatement	"for ( ( i = 0 , k = 0 ) ; i < nrows ; i ++ )"		77	10					
ANR	1918	ForInit	"( i = 0 , k = 0 ) ;"	420:7:11629:11644	77	0	True				
ANR	1919	Expression	"i = 0 , k = 0"		77	0					
ANR	1920	AssignmentExpression	i = 0		77	0		=			
ANR	1921	Identifier	i		77	0					
ANR	1922	PrimaryExpression	0		77	1					
ANR	1923	AssignmentExpression	k = 0		77	1		=			
ANR	1924	Identifier	k		77	0					
ANR	1925	PrimaryExpression	0		77	1					
ANR	1926	Condition	i < nrows	420:24:11646:11654	77	1	True				
ANR	1927	RelationalExpression	i < nrows		77	0		<			
ANR	1928	Identifier	i		77	0					
ANR	1929	Identifier	nrows		77	1					
ANR	1930	PostIncDecOperationExpression	i ++	420:35:11657:11659	77	2	True				
ANR	1931	Identifier	i		77	0					
ANR	1932	IncDec	++		77	1					
ANR	1933	CompoundStatement		366:40:9755:9755	77	3					
ANR	1934	ForStatement	"for ( j = 0 ; j < ncols ; ( j ++ , k ++ ) )"		77	0					
ANR	1935	ForInit	j = 0 ;	421:9:11673:11678	77	0	True				
ANR	1936	AssignmentExpression	j = 0		77	0		=			
ANR	1937	Identifier	j		77	0					
ANR	1938	PrimaryExpression	0		77	1					
ANR	1939	Condition	j < ncols	421:16:11680:11688	77	1	True				
ANR	1940	RelationalExpression	j < ncols		77	0		<			
ANR	1941	Identifier	j		77	0					
ANR	1942	Identifier	ncols		77	1					
ANR	1943	Expression	"j ++ , k ++"	421:28:11692:11700	77	2	True				
ANR	1944	PostIncDecOperationExpression	j ++		77	0					
ANR	1945	Identifier	j		77	0					
ANR	1946	IncDec	++		77	1					
ANR	1947	PostIncDecOperationExpression	k ++		77	1					
ANR	1948	Identifier	k		77	0					
ANR	1949	IncDec	++		77	1					
ANR	1950	CompoundStatement		367:40:9797:9797	77	3					
ANR	1951	Statement	Tile	422:6:11712:11715	77	0	True				
ANR	1952	Statement	*	422:11:11717:11717	77	1	True				
ANR	1953	Statement	new	422:12:11718:11720	77	2	True				
ANR	1954	Statement	=	422:16:11722:11722	77	3	True				
ANR	1955	ExpressionStatement	tile_new ( tm -> bpp )	422:18:11724:11743	77	4	True				
ANR	1956	CallExpression	tile_new ( tm -> bpp )		77	0					
ANR	1957	Callee	tile_new		77	0					
ANR	1958	Identifier	tile_new		77	0					
ANR	1959	ArgumentList	tm -> bpp		77	1					
ANR	1960	Argument	tm -> bpp		77	0					
ANR	1961	PtrMemberAccess	tm -> bpp		77	0					
ANR	1962	Identifier	tm		77	0					
ANR	1963	Identifier	bpp		77	1					
ANR	1964	Statement	tile_attach	423:6:11751:11761	77	5	True				
ANR	1965	Statement	(	423:17:11762:11762	77	6	True				
ANR	1966	Statement	new	423:18:11763:11765	77	7	True				
ANR	1967	Statement	","	423:21:11766:11766	77	8	True				
ANR	1968	Statement	tm	423:22:11767:11768	77	9	True				
ANR	1969	Statement	","	423:24:11769:11769	77	10	True				
ANR	1970	Statement	k	423:25:11770:11770	77	11	True				
ANR	1971	Statement	)	423:26:11771:11771	77	12	True				
ANR	1972	ExpressionStatement		423:27:11772:11772	77	13	True				
ANR	1973	IfStatement	if ( j == ncols - 1 )		77	14					
ANR	1974	Condition	j == ncols - 1	424:10:11784:11797	77	0	True				
ANR	1975	EqualityExpression	j == ncols - 1		77	0		==			
ANR	1976	Identifier	j		77	0					
ANR	1977	AdditiveExpression	ncols - 1		77	1		-			
ANR	1978	Identifier	ncols		77	0					
ANR	1979	PrimaryExpression	1		77	1					
ANR	1980	CompoundStatement		370:26:9893:9893	77	1					
ANR	1981	Statement	new	425:8:11810:11812	77	0	True				
ANR	1982	Statement	->	425:12:11814:11815	77	1	True				
ANR	1983	ExpressionStatement	ewidth = right_tile	425:15:11817:11836	77	2	True				
ANR	1984	AssignmentExpression	ewidth = right_tile		77	0		=			
ANR	1985	Identifier	ewidth		77	0					
ANR	1986	Identifier	right_tile		77	1					
ANR	1987	IfStatement	if ( i == nrows - 1 )		77	15					
ANR	1988	Condition	i == nrows - 1	427:10:11856:11869	77	0	True				
ANR	1989	EqualityExpression	i == nrows - 1		77	0		==			
ANR	1990	Identifier	i		77	0					
ANR	1991	AdditiveExpression	nrows - 1		77	1		-			
ANR	1992	Identifier	nrows		77	0					
ANR	1993	PrimaryExpression	1		77	1					
ANR	1994	CompoundStatement		373:26:9965:9965	77	1					
ANR	1995	Statement	new	428:8:11882:11884	77	0	True				
ANR	1996	Statement	->	428:12:11886:11887	77	1	True				
ANR	1997	ExpressionStatement	eheight = bottom_tile	428:15:11889:11910	77	2	True				
ANR	1998	AssignmentExpression	eheight = bottom_tile		77	0		=			
ANR	1999	Identifier	eheight		77	0					
ANR	2000	Identifier	bottom_tile		77	1					
ANR	2001	Statement	new	430:6:11926:11928	77	16	True				
ANR	2002	Statement	->	430:10:11930:11931	77	17	True				
ANR	2003	Statement	size	430:13:11933:11936	77	18	True				
ANR	2004	Statement	=	430:18:11938:11938	77	19	True				
ANR	2005	Statement	(	430:20:11940:11940	77	20	True				
ANR	2006	Statement	new	430:21:11941:11943	77	21	True				
ANR	2007	Statement	->	430:25:11945:11946	77	22	True				
ANR	2008	Statement	ewidth	430:28:11948:11953	77	23	True				
ANR	2009	Statement	)	430:34:11954:11954	77	24	True				
ANR	2010	Statement	*	430:36:11956:11956	77	25	True				
ANR	2011	Statement	(	430:38:11958:11958	77	26	True				
ANR	2012	Statement	new	430:39:11959:11961	77	27	True				
ANR	2013	Statement	->	430:43:11963:11964	77	28	True				
ANR	2014	Statement	eheight	430:46:11966:11972	77	29	True				
ANR	2015	Statement	)	430:53:11973:11973	77	30	True				
ANR	2016	Statement	*	430:55:11975:11975	77	31	True				
ANR	2017	Statement	(	430:57:11977:11977	77	32	True				
ANR	2018	Statement	new	430:58:11978:11980	77	33	True				
ANR	2019	Statement	->	430:62:11982:11983	77	34	True				
ANR	2020	Statement	bpp	430:65:11985:11987	77	35	True				
ANR	2021	Statement	)	430:68:11988:11988	77	36	True				
ANR	2022	ExpressionStatement		430:69:11989:11989	77	37	True				
ANR	2023	Statement	tiles	431:6:11997:12001	77	38	True				
ANR	2024	Statement	[	431:11:12002:12002	77	39	True				
ANR	2025	Statement	k	431:12:12003:12003	77	40	True				
ANR	2026	Statement	]	431:13:12004:12004	77	41	True				
ANR	2027	Statement	=	431:15:12006:12006	77	42	True				
ANR	2028	Statement	new	431:17:12008:12010	77	43	True				
ANR	2029	ExpressionStatement		431:20:12011:12011	77	44	True				
ANR	2030	ExpressionStatement	tm -> tiles = tiles	434:2:12025:12044	77	11	True				
ANR	2031	AssignmentExpression	tm -> tiles = tiles		77	0		=			
ANR	2032	PtrMemberAccess	tm -> tiles		77	0					
ANR	2033	Identifier	tm		77	0					
ANR	2034	Identifier	tiles		77	1					
ANR	2035	Identifier	tiles		77	1					
ANR	2036	Statement	static	437:0:12049:12054	77	184	True				
ANR	2037	Statement	void	437:7:12056:12059	77	185	True				
ANR	2038	Statement	tile_manager_invalidate_tile	437:12:12061:12088	77	186	True				
ANR	2039	Statement	(	437:40:12089:12089	77	187	True				
ANR	2040	Statement	TileManager	437:41:12090:12100	77	188	True				
ANR	2041	Statement	*	437:53:12102:12102	77	189	True				
ANR	2042	Statement	tm	437:54:12103:12104	77	190	True				
ANR	2043	Statement	","	437:56:12105:12105	77	191	True				
ANR	2044	Statement	gint	437:57:12106:12109	77	192	True				
ANR	2045	Statement	tile_num	437:62:12111:12118	77	193	True				
ANR	2046	Statement	)	437:70:12119:12119	77	194	True				
ANR	2047	CompoundStatement		385:2:10218:10252	77	195					
ANR	2048	IdentifierDeclStatement	Tile * tile = tm -> tiles [ tile_num ] ;	439:2:12125:12159	77	0	True				
ANR	2049	IdentifierDecl	* tile = tm -> tiles [ tile_num ]		77	0					
ANR	2050	IdentifierDeclType	Tile *		77	0					
ANR	2051	Identifier	tile		77	1					
ANR	2052	AssignmentExpression	* tile = tm -> tiles [ tile_num ]		77	2		=			
ANR	2053	Identifier	tile		77	0					
ANR	2054	ArrayIndexing	tm -> tiles [ tile_num ]		77	1					
ANR	2055	PtrMemberAccess	tm -> tiles		77	0					
ANR	2056	Identifier	tm		77	0					
ANR	2057	Identifier	tiles		77	1					
ANR	2058	Identifier	tile_num		77	1					
ANR	2059	IfStatement	if ( ! tile -> valid )		77	1					
ANR	2060	Condition	! tile -> valid	440:6:12167:12180	77	0	True				
ANR	2061	UnaryOperationExpression	! tile -> valid		77	0					
ANR	2062	UnaryOperator	!		77	0					
ANR	2063	PtrMemberAccess	tile -> valid		77	1					
ANR	2064	Identifier	tile		77	0					
ANR	2065	Identifier	valid		77	1					
ANR	2066	CompoundStatement		386:22:10276:10276	77	1					
ANR	2067	ReturnStatement	return ;	441:4:12189:12196	77	0	True				
ANR	2068	IfStatement	if ( tile_num == tm -> cached_num )		77	2					
ANR	2069	Condition	tile_num == tm -> cached_num	443:6:12208:12235	77	0	True				
ANR	2070	EqualityExpression	tile_num == tm -> cached_num		77	0		==			
ANR	2071	Identifier	tile_num		77	0					
ANR	2072	PtrMemberAccess	tm -> cached_num		77	1					
ANR	2073	Identifier	tm		77	0					
ANR	2074	Identifier	cached_num		77	1					
ANR	2075	CompoundStatement		389:36:10331:10331	77	1					
ANR	2076	ExpressionStatement	"tile_release ( tm -> cached_tile , 0 )"	444:4:12244:12277	77	0	True				
ANR	2077	CallExpression	"tile_release ( tm -> cached_tile , 0 )"		77	0					
ANR	2078	Callee	tile_release		77	0					
ANR	2079	Identifier	tile_release		77	0					
ANR	2080	ArgumentList	tm -> cached_tile		77	1					
ANR	2081	Argument	tm -> cached_tile		77	0					
ANR	2082	PtrMemberAccess	tm -> cached_tile		77	0					
ANR	2083	Identifier	tm		77	0					
ANR	2084	Identifier	cached_tile		77	1					
ANR	2085	Argument	0		77	1					
ANR	2086	PrimaryExpression	0		77	0					
ANR	2087	ExpressionStatement	tm -> cached_tile = ( ( void * ) 0 )	445:4:12283:12314	77	1	True				
ANR	2088	AssignmentExpression	tm -> cached_tile = ( ( void * ) 0 )		77	0		=			
ANR	2089	PtrMemberAccess	tm -> cached_tile		77	0					
ANR	2090	Identifier	tm		77	0					
ANR	2091	Identifier	cached_tile		77	1					
ANR	2092	CastExpression	( void * ) 0		77	1					
ANR	2093	CastTarget	void *		77	0					
ANR	2094	PrimaryExpression	0		77	1					
ANR	2095	ExpressionStatement	tm -> cached_num = - 1	446:4:12320:12342	77	2	True				
ANR	2096	AssignmentExpression	tm -> cached_num = - 1		77	0		=			
ANR	2097	PtrMemberAccess	tm -> cached_num		77	0					
ANR	2098	Identifier	tm		77	0					
ANR	2099	Identifier	cached_num		77	1					
ANR	2100	UnaryOperationExpression	- 1		77	1					
ANR	2101	UnaryOperator	-		77	0					
ANR	2102	PrimaryExpression	1		77	1					
ANR	2103	IfStatement	if ( tile -> cached )		77	3					
ANR	2104	Condition	tile -> cached	448:6:12354:12367	77	0	True				
ANR	2105	PtrMemberAccess	tile -> cached		77	0					
ANR	2106	Identifier	tile		77	0					
ANR	2107	Identifier	cached		77	1					
ANR	2108	CompoundStatement		394:22:10463:10463	77	1					
ANR	2109	ExpressionStatement	tile_cache_flush ( tile )	449:4:12376:12398	77	0	True				
ANR	2110	CallExpression	tile_cache_flush ( tile )		77	0					
ANR	2111	Callee	tile_cache_flush		77	0					
ANR	2112	Identifier	tile_cache_flush		77	0					
ANR	2113	ArgumentList	tile		77	1					
ANR	2114	Argument	tile		77	0					
ANR	2115	Identifier	tile		77	0					
ANR	2116	IfStatement	if ( tile -> share_count > 1 )		77	4					
ANR	2117	Condition	tile -> share_count > 1	451:6:12410:12432	77	0	True				
ANR	2118	RelationalExpression	tile -> share_count > 1		77	0		>			
ANR	2119	PtrMemberAccess	tile -> share_count		77	0					
ANR	2120	Identifier	tile		77	0					
ANR	2121	Identifier	share_count		77	1					
ANR	2122	PrimaryExpression	1		77	1					
ANR	2123	CompoundStatement		397:31:10528:10528	77	1					
ANR	2124	Statement	Tile	453:4:12505:12508	77	0	True				
ANR	2125	Statement	*	453:9:12510:12510	77	1	True				
ANR	2126	Statement	new	453:10:12511:12513	77	2	True				
ANR	2127	Statement	=	453:14:12515:12515	77	3	True				
ANR	2128	ExpressionStatement	tile_new ( ( tile -> bpp ) )	453:16:12517:12540	77	4	True				
ANR	2129	CallExpression	tile_new ( ( tile -> bpp ) )		77	0					
ANR	2130	Callee	tile_new		77	0					
ANR	2131	Identifier	tile_new		77	0					
ANR	2132	ArgumentList	tile -> bpp		77	1					
ANR	2133	Argument	tile -> bpp		77	0					
ANR	2134	PtrMemberAccess	tile -> bpp		77	0					
ANR	2135	Identifier	tile		77	0					
ANR	2136	Identifier	bpp		77	1					
ANR	2137	Statement	new	454:4:12546:12548	77	5	True				
ANR	2138	Statement	->	454:8:12550:12551	77	6	True				
ANR	2139	ExpressionStatement	ewidth = tile -> ewidth	454:11:12553:12576	77	7	True				
ANR	2140	AssignmentExpression	ewidth = tile -> ewidth		77	0		=			
ANR	2141	Identifier	ewidth		77	0					
ANR	2142	PtrMemberAccess	tile -> ewidth		77	1					
ANR	2143	Identifier	tile		77	0					
ANR	2144	Identifier	ewidth		77	1					
ANR	2145	Statement	new	455:4:12582:12584	77	8	True				
ANR	2146	Statement	->	455:8:12586:12587	77	9	True				
ANR	2147	ExpressionStatement	eheight = tile -> eheight	455:11:12589:12614	77	10	True				
ANR	2148	AssignmentExpression	eheight = tile -> eheight		77	0		=			
ANR	2149	Identifier	eheight		77	0					
ANR	2150	PtrMemberAccess	tile -> eheight		77	1					
ANR	2151	Identifier	tile		77	0					
ANR	2152	Identifier	eheight		77	1					
ANR	2153	Statement	int	456:4:12620:12622	77	11	True				
ANR	2154	Statement	dwk_tmp_2	456:8:12624:12632	77	12	True				
ANR	2155	Statement	=	456:18:12634:12634	77	13	True				
ANR	2156	Statement	new	456:20:12636:12638	77	14	True				
ANR	2157	ExpressionStatement		456:23:12639:12639	77	15	True				
ANR	2158	ExpressionStatement	tile = dwk_tmp_2	457:4:12645:12661	77	16	True				
ANR	2159	AssignmentExpression	tile = dwk_tmp_2		77	0		=			
ANR	2160	Identifier	tile		77	0					
ANR	2161	Identifier	dwk_tmp_2		77	1					
ANR	2162	ExpressionStatement	"tile_detach ( tile , tm , tile_num )"	458:4:12667:12696	77	17	True				
ANR	2163	CallExpression	"tile_detach ( tile , tm , tile_num )"		77	0					
ANR	2164	Callee	tile_detach		77	0					
ANR	2165	Identifier	tile_detach		77	0					
ANR	2166	ArgumentList	tile		77	1					
ANR	2167	Argument	tile		77	0					
ANR	2168	Identifier	tile		77	0					
ANR	2169	Argument	tm		77	1					
ANR	2170	Identifier	tm		77	0					
ANR	2171	Argument	tile_num		77	2					
ANR	2172	Identifier	tile_num		77	0					
ANR	2173	Statement	tile_attach	459:4:12702:12712	77	18	True				
ANR	2174	Statement	(	459:15:12713:12713	77	19	True				
ANR	2175	Statement	new	459:16:12714:12716	77	20	True				
ANR	2176	Statement	","	459:19:12717:12717	77	21	True				
ANR	2177	Statement	tm	459:20:12718:12719	77	22	True				
ANR	2178	Statement	","	459:22:12720:12720	77	23	True				
ANR	2179	Statement	tile_num	459:23:12721:12728	77	24	True				
ANR	2180	Statement	)	459:31:12729:12729	77	25	True				
ANR	2181	ExpressionStatement		459:32:12730:12730	77	26	True				
ANR	2182	Statement	tile	460:4:12736:12739	77	27	True				
ANR	2183	Statement	=	460:9:12741:12741	77	28	True				
ANR	2184	Statement	new	460:11:12743:12745	77	29	True				
ANR	2185	ExpressionStatement		460:14:12746:12746	77	30	True				
ANR	2186	ExpressionStatement	tm -> tiles [ tile_num ] = tile	461:4:12752:12780	77	31	True				
ANR	2187	AssignmentExpression	tm -> tiles [ tile_num ] = tile		77	0		=			
ANR	2188	ArrayIndexing	tm -> tiles [ tile_num ]		77	0					
ANR	2189	PtrMemberAccess	tm -> tiles		77	0					
ANR	2190	Identifier	tm		77	0					
ANR	2191	Identifier	tiles		77	1					
ANR	2192	Identifier	tile_num		77	1					
ANR	2193	Identifier	tile		77	1					
ANR	2194	ExpressionStatement	tile -> valid = 0	463:2:12788:12805	77	5	True				
ANR	2195	AssignmentExpression	tile -> valid = 0		77	0		=			
ANR	2196	PtrMemberAccess	tile -> valid		77	0					
ANR	2197	Identifier	tile		77	0					
ANR	2198	Identifier	valid		77	1					
ANR	2199	PrimaryExpression	0		77	1					
ANR	2200	IfStatement	if ( tile -> data )		77	6					
ANR	2201	Condition	tile -> data	464:6:12813:12824	77	0	True				
ANR	2202	PtrMemberAccess	tile -> data		77	0					
ANR	2203	Identifier	tile		77	0					
ANR	2204	Identifier	data		77	1					
ANR	2205	CompoundStatement		410:20:10920:10920	77	1					
ANR	2206	ExpressionStatement	g_free ( ( tile -> data ) )	465:4:12833:12855	77	0	True				
ANR	2207	CallExpression	g_free ( ( tile -> data ) )		77	0					
ANR	2208	Callee	g_free		77	0					
ANR	2209	Identifier	g_free		77	0					
ANR	2210	ArgumentList	tile -> data		77	1					
ANR	2211	Argument	tile -> data		77	0					
ANR	2212	PtrMemberAccess	tile -> data		77	0					
ANR	2213	Identifier	tile		77	0					
ANR	2214	Identifier	data		77	1					
ANR	2215	ExpressionStatement	tile -> data = ( ( void * ) 0 )	466:4:12861:12887	77	1	True				
ANR	2216	AssignmentExpression	tile -> data = ( ( void * ) 0 )		77	0		=			
ANR	2217	PtrMemberAccess	tile -> data		77	0					
ANR	2218	Identifier	tile		77	0					
ANR	2219	Identifier	data		77	1					
ANR	2220	CastExpression	( void * ) 0		77	1					
ANR	2221	CastTarget	void *		77	0					
ANR	2222	PrimaryExpression	0		77	1					
ANR	2223	IfStatement	if ( tile -> swap_offset != ( - 1 ) )		77	7					
ANR	2224	Condition	tile -> swap_offset != ( - 1 )	470:6:12928:12955	77	0	True				
ANR	2225	EqualityExpression	tile -> swap_offset != ( - 1 )		77	0		!=			
ANR	2226	PtrMemberAccess	tile -> swap_offset		77	0					
ANR	2227	Identifier	tile		77	0					
ANR	2228	Identifier	swap_offset		77	1					
ANR	2229	UnaryOperationExpression	- 1		77	1					
ANR	2230	UnaryOperator	-		77	0					
ANR	2231	PrimaryExpression	1		77	1					
ANR	2232	CompoundStatement		416:36:11051:11051	77	1					
ANR	2233	ExpressionStatement	tile_swap_delete ( tile )	474:4:13043:13065	77	0	True				
ANR	2234	CallExpression	tile_swap_delete ( tile )		77	0					
ANR	2235	Callee	tile_swap_delete		77	0					
ANR	2236	Identifier	tile_swap_delete		77	0					
ANR	2237	ArgumentList	tile		77	1					
ANR	2238	Argument	tile		77	0					
ANR	2239	Identifier	tile		77	0					
ANR	2240	Statement	static	478:0:13074:13079	77	196	True				
ANR	2241	Statement	void	478:7:13081:13084	77	197	True				
ANR	2242	Statement	tile_manager_invalidate_pixel	478:12:13086:13114	77	198	True				
ANR	2243	Statement	(	478:41:13115:13115	77	199	True				
ANR	2244	Statement	TileManager	478:42:13116:13126	77	200	True				
ANR	2245	Statement	*	478:54:13128:13128	77	201	True				
ANR	2246	Statement	tm	478:55:13129:13130	77	202	True				
ANR	2247	Statement	","	478:57:13131:13131	77	203	True				
ANR	2248	Statement	gint	478:58:13132:13135	77	204	True				
ANR	2249	Statement	xpixel	478:63:13137:13142	77	205	True				
ANR	2250	Statement	","	478:69:13143:13143	77	206	True				
ANR	2251	Statement	gint	478:70:13144:13147	77	207	True				
ANR	2252	Statement	ypixel	478:75:13149:13154	77	208	True				
ANR	2253	Statement	)	478:81:13155:13155	77	209	True				
ANR	2254	CompoundStatement		426:2:11254:11308	77	210					
ANR	2255	IdentifierDeclStatement	"gint num = tile_manager_get_tile_num ( tm , xpixel , ypixel ) ;"	480:2:13161:13215	77	0	True				
ANR	2256	IdentifierDecl	"num = tile_manager_get_tile_num ( tm , xpixel , ypixel )"		77	0					
ANR	2257	IdentifierDeclType	gint		77	0					
ANR	2258	Identifier	num		77	1					
ANR	2259	AssignmentExpression	"num = tile_manager_get_tile_num ( tm , xpixel , ypixel )"		77	2		=			
ANR	2260	Identifier	num		77	0					
ANR	2261	CallExpression	"tile_manager_get_tile_num ( tm , xpixel , ypixel )"		77	1					
ANR	2262	Callee	tile_manager_get_tile_num		77	0					
ANR	2263	Identifier	tile_manager_get_tile_num		77	0					
ANR	2264	ArgumentList	tm		77	1					
ANR	2265	Argument	tm		77	0					
ANR	2266	Identifier	tm		77	0					
ANR	2267	Argument	xpixel		77	1					
ANR	2268	Identifier	xpixel		77	0					
ANR	2269	Argument	ypixel		77	2					
ANR	2270	Identifier	ypixel		77	0					
ANR	2271	IfStatement	if ( num < 0 )		77	1					
ANR	2272	Condition	num < 0	481:6:13223:13229	77	0	True				
ANR	2273	RelationalExpression	num < 0		77	0		<			
ANR	2274	Identifier	num		77	0					
ANR	2275	PrimaryExpression	0		77	1					
ANR	2276	CompoundStatement		427:15:11325:11325	77	1					
ANR	2277	ReturnStatement	return ;	482:4:13238:13245	77	0	True				
ANR	2278	ExpressionStatement	"tile_manager_invalidate_tile ( tm , num )"	484:2:13253:13289	77	2	True				
ANR	2279	CallExpression	"tile_manager_invalidate_tile ( tm , num )"		77	0					
ANR	2280	Callee	tile_manager_invalidate_tile		77	0					
ANR	2281	Identifier	tile_manager_invalidate_tile		77	0					
ANR	2282	ArgumentList	tm		77	1					
ANR	2283	Argument	tm		77	0					
ANR	2284	Identifier	tm		77	0					
ANR	2285	Argument	num		77	1					
ANR	2286	Identifier	num		77	0					
ANR	2287	Statement	void	487:0:13294:13297	77	211	True				
ANR	2288	Statement	tile_manager_map_tile	487:5:13299:13319	77	212	True				
ANR	2289	Statement	(	487:26:13320:13320	77	213	True				
ANR	2290	Statement	TileManager	487:27:13321:13331	77	214	True				
ANR	2291	Statement	*	487:39:13333:13333	77	215	True				
ANR	2292	Statement	tm	487:40:13334:13335	77	216	True				
ANR	2293	Statement	","	487:42:13336:13336	77	217	True				
ANR	2294	Statement	gint	487:43:13337:13340	77	218	True				
ANR	2295	Statement	xpixel	487:48:13342:13347	77	219	True				
ANR	2296	Statement	","	487:54:13348:13348	77	220	True				
ANR	2297	Statement	gint	487:55:13349:13352	77	221	True				
ANR	2298	Statement	ypixel	487:60:13354:13359	77	222	True				
ANR	2299	Statement	","	487:66:13360:13360	77	223	True				
ANR	2300	Statement	Tile	487:67:13361:13364	77	224	True				
ANR	2301	Statement	*	487:72:13366:13366	77	225	True				
ANR	2302	Statement	srctile	487:73:13367:13373	77	226	True				
ANR	2303	Statement	)	487:80:13374:13374	77	227	True				
ANR	2304	CompoundStatement		434:0:11469:11469	77	228					
ANR	2305	DoStatement	do		77	0					
ANR	2306	CompoundStatement		435:5:11476:11476	77	0					
ANR	2307	IfStatement	if ( tm != ( ( void * ) 0 ) )		77	0					
ANR	2308	Condition	tm != ( ( void * ) 0 )	490:8:13393:13409	77	0	True				
ANR	2309	EqualityExpression	tm != ( ( void * ) 0 )		77	0		!=			
ANR	2310	Identifier	tm		77	0					
ANR	2311	CastExpression	( void * ) 0		77	1					
ANR	2312	CastTarget	void *		77	0					
ANR	2313	PrimaryExpression	0		77	1					
ANR	2314	CompoundStatement		436:27:11505:11505	77	1					
ANR	2315	ElseStatement	else		77	0					
ANR	2316	CompoundStatement		438:9:11522:11522	77	0					
ANR	2317	ExpressionStatement	"g_return_if_fail_warning ( ""Gimp-Base"" , __PRETTY_FUNCTION__ , ""tm != NULL"" )"	493:6:13437:13507	77	0	True				
ANR	2318	CallExpression	"g_return_if_fail_warning ( ""Gimp-Base"" , __PRETTY_FUNCTION__ , ""tm != NULL"" )"		77	0					
ANR	2319	Callee	g_return_if_fail_warning		77	0					
ANR	2320	Identifier	g_return_if_fail_warning		77	0					
ANR	2321	ArgumentList	"""Gimp-Base"""		77	1					
ANR	2322	Argument	"""Gimp-Base"""		77	0					
ANR	2323	PrimaryExpression	"""Gimp-Base"""		77	0					
ANR	2324	Argument	__PRETTY_FUNCTION__		77	1					
ANR	2325	Identifier	__PRETTY_FUNCTION__		77	0					
ANR	2326	Argument	"""tm != NULL"""		77	2					
ANR	2327	PrimaryExpression	"""tm != NULL"""		77	0					
ANR	2328	ReturnStatement	return ;	494:6:13515:13522	77	1	True				
ANR	2329	ExpressionStatement		496:4:13534:13534	77	1	True				
ANR	2330	Condition	0	497:10:13546:13546	77	1	True				
ANR	2331	PrimaryExpression	0		77	0					
ANR	2332	DoStatement	do		77	1					
ANR	2333	CompoundStatement		444:5:11648:11648	77	0					
ANR	2334	IfStatement	if ( srctile != ( ( void * ) 0 ) )		77	0					
ANR	2335	Condition	srctile != ( ( void * ) 0 )	499:8:13565:13586	77	0	True				
ANR	2336	EqualityExpression	srctile != ( ( void * ) 0 )		77	0		!=			
ANR	2337	Identifier	srctile		77	0					
ANR	2338	CastExpression	( void * ) 0		77	1					
ANR	2339	CastTarget	void *		77	0					
ANR	2340	PrimaryExpression	0		77	1					
ANR	2341	CompoundStatement		445:32:11682:11682	77	1					
ANR	2342	ElseStatement	else		77	0					
ANR	2343	CompoundStatement		447:9:11699:11699	77	0					
ANR	2344	ExpressionStatement	"g_return_if_fail_warning ( ""Gimp-Base"" , __PRETTY_FUNCTION__ , ""srctile != NULL"" )"	502:6:13614:13689	77	0	True				
ANR	2345	CallExpression	"g_return_if_fail_warning ( ""Gimp-Base"" , __PRETTY_FUNCTION__ , ""srctile != NULL"" )"		77	0					
ANR	2346	Callee	g_return_if_fail_warning		77	0					
ANR	2347	Identifier	g_return_if_fail_warning		77	0					
ANR	2348	ArgumentList	"""Gimp-Base"""		77	1					
ANR	2349	Argument	"""Gimp-Base"""		77	0					
ANR	2350	PrimaryExpression	"""Gimp-Base"""		77	0					
ANR	2351	Argument	__PRETTY_FUNCTION__		77	1					
ANR	2352	Identifier	__PRETTY_FUNCTION__		77	0					
ANR	2353	Argument	"""srctile != NULL"""		77	2					
ANR	2354	PrimaryExpression	"""srctile != NULL"""		77	0					
ANR	2355	ReturnStatement	return ;	503:6:13697:13704	77	1	True				
ANR	2356	ExpressionStatement		505:4:13716:13716	77	1	True				
ANR	2357	Condition	0	506:10:13728:13728	77	1	True				
ANR	2358	PrimaryExpression	0		77	0					
ANR	2359	ExpressionStatement	"tile_manager_map ( tm , tile_manager_get_tile_num ( tm , xpixel , ypixel ) , srctile )"	507:2:13734:13806	77	2	True				
ANR	2360	CallExpression	"tile_manager_map ( tm , tile_manager_get_tile_num ( tm , xpixel , ypixel ) , srctile )"		77	0					
ANR	2361	Callee	tile_manager_map		77	0					
ANR	2362	Identifier	tile_manager_map		77	0					
ANR	2363	ArgumentList	tm		77	1					
ANR	2364	Argument	tm		77	0					
ANR	2365	Identifier	tm		77	0					
ANR	2366	Argument	"tile_manager_get_tile_num ( tm , xpixel , ypixel )"		77	1					
ANR	2367	CallExpression	"tile_manager_get_tile_num ( tm , xpixel , ypixel )"		77	0					
ANR	2368	Callee	tile_manager_get_tile_num		77	0					
ANR	2369	Identifier	tile_manager_get_tile_num		77	0					
ANR	2370	ArgumentList	tm		77	1					
ANR	2371	Argument	tm		77	0					
ANR	2372	Identifier	tm		77	0					
ANR	2373	Argument	xpixel		77	1					
ANR	2374	Identifier	xpixel		77	0					
ANR	2375	Argument	ypixel		77	2					
ANR	2376	Identifier	ypixel		77	0					
ANR	2377	Argument	srctile		77	2					
ANR	2378	Identifier	srctile		77	0					
ANR	2379	Statement	void	510:0:13811:13814	77	229	True				
ANR	2380	Statement	tile_manager_map	510:5:13816:13831	77	230	True				
ANR	2381	Statement	(	510:21:13832:13832	77	231	True				
ANR	2382	Statement	TileManager	510:22:13833:13843	77	232	True				
ANR	2383	Statement	*	510:34:13845:13845	77	233	True				
ANR	2384	Statement	tm	510:35:13846:13847	77	234	True				
ANR	2385	Statement	","	510:37:13848:13848	77	235	True				
ANR	2386	Statement	gint	510:38:13849:13852	77	236	True				
ANR	2387	Statement	tile_num	510:43:13854:13861	77	237	True				
ANR	2388	Statement	","	510:51:13862:13862	77	238	True				
ANR	2389	Statement	Tile	510:52:13863:13866	77	239	True				
ANR	2390	Statement	*	510:57:13868:13868	77	240	True				
ANR	2391	Statement	srctile	510:58:13869:13875	77	241	True				
ANR	2392	Statement	)	510:65:13876:13876	77	242	True				
ANR	2393	CompoundStatement		458:2:11975:11985	77	243					
ANR	2394	IdentifierDeclStatement	Tile * tile ;	512:2:13882:13892	77	0	True				
ANR	2395	IdentifierDecl	* tile		77	0					
ANR	2396	IdentifierDeclType	Tile *		77	0					
ANR	2397	Identifier	tile		77	1					
ANR	2398	DoStatement	do		77	1					
ANR	2399	CompoundStatement		459:5:11992:11992	77	0					
ANR	2400	IfStatement	if ( tm != ( ( void * ) 0 ) )		77	0					
ANR	2401	Condition	tm != ( ( void * ) 0 )	514:8:13909:13925	77	0	True				
ANR	2402	EqualityExpression	tm != ( ( void * ) 0 )		77	0		!=			
ANR	2403	Identifier	tm		77	0					
ANR	2404	CastExpression	( void * ) 0		77	1					
ANR	2405	CastTarget	void *		77	0					
ANR	2406	PrimaryExpression	0		77	1					
ANR	2407	CompoundStatement		460:27:12021:12021	77	1					
ANR	2408	ElseStatement	else		77	0					
ANR	2409	CompoundStatement		462:9:12038:12038	77	0					
ANR	2410	ExpressionStatement	"g_return_if_fail_warning ( ""Gimp-Base"" , __PRETTY_FUNCTION__ , ""tm != NULL"" )"	517:6:13953:14023	77	0	True				
ANR	2411	CallExpression	"g_return_if_fail_warning ( ""Gimp-Base"" , __PRETTY_FUNCTION__ , ""tm != NULL"" )"		77	0					
ANR	2412	Callee	g_return_if_fail_warning		77	0					
ANR	2413	Identifier	g_return_if_fail_warning		77	0					
ANR	2414	ArgumentList	"""Gimp-Base"""		77	1					
ANR	2415	Argument	"""Gimp-Base"""		77	0					
ANR	2416	PrimaryExpression	"""Gimp-Base"""		77	0					
ANR	2417	Argument	__PRETTY_FUNCTION__		77	1					
ANR	2418	Identifier	__PRETTY_FUNCTION__		77	0					
ANR	2419	Argument	"""tm != NULL"""		77	2					
ANR	2420	PrimaryExpression	"""tm != NULL"""		77	0					
ANR	2421	ReturnStatement	return ;	518:6:14031:14038	77	1	True				
ANR	2422	ExpressionStatement		520:4:14050:14050	77	1	True				
ANR	2423	Condition	0	521:10:14062:14062	77	1	True				
ANR	2424	PrimaryExpression	0		77	0					
ANR	2425	DoStatement	do		77	2					
ANR	2426	CompoundStatement		468:5:12164:12164	77	0					
ANR	2427	IfStatement	if ( srctile != ( ( void * ) 0 ) )		77	0					
ANR	2428	Condition	srctile != ( ( void * ) 0 )	523:8:14081:14102	77	0	True				
ANR	2429	EqualityExpression	srctile != ( ( void * ) 0 )		77	0		!=			
ANR	2430	Identifier	srctile		77	0					
ANR	2431	CastExpression	( void * ) 0		77	1					
ANR	2432	CastTarget	void *		77	0					
ANR	2433	PrimaryExpression	0		77	1					
ANR	2434	CompoundStatement		469:32:12198:12198	77	1					
ANR	2435	ElseStatement	else		77	0					
ANR	2436	CompoundStatement		471:9:12215:12215	77	0					
ANR	2437	ExpressionStatement	"g_return_if_fail_warning ( ""Gimp-Base"" , __PRETTY_FUNCTION__ , ""srctile != NULL"" )"	526:6:14130:14205	77	0	True				
ANR	2438	CallExpression	"g_return_if_fail_warning ( ""Gimp-Base"" , __PRETTY_FUNCTION__ , ""srctile != NULL"" )"		77	0					
ANR	2439	Callee	g_return_if_fail_warning		77	0					
ANR	2440	Identifier	g_return_if_fail_warning		77	0					
ANR	2441	ArgumentList	"""Gimp-Base"""		77	1					
ANR	2442	Argument	"""Gimp-Base"""		77	0					
ANR	2443	PrimaryExpression	"""Gimp-Base"""		77	0					
ANR	2444	Argument	__PRETTY_FUNCTION__		77	1					
ANR	2445	Identifier	__PRETTY_FUNCTION__		77	0					
ANR	2446	Argument	"""srctile != NULL"""		77	2					
ANR	2447	PrimaryExpression	"""srctile != NULL"""		77	0					
ANR	2448	ReturnStatement	return ;	527:6:14213:14220	77	1	True				
ANR	2449	ExpressionStatement		529:4:14232:14232	77	1	True				
ANR	2450	Condition	0	530:10:14244:14244	77	1	True				
ANR	2451	PrimaryExpression	0		77	0					
ANR	2452	DoStatement	do		77	3					
ANR	2453	CompoundStatement		477:5:12346:12346	77	0					
ANR	2454	IfStatement	if ( tile_num >= 0 )		77	0					
ANR	2455	Condition	tile_num >= 0	532:8:14263:14275	77	0	True				
ANR	2456	RelationalExpression	tile_num >= 0		77	0		>=			
ANR	2457	Identifier	tile_num		77	0					
ANR	2458	PrimaryExpression	0		77	1					
ANR	2459	CompoundStatement		478:23:12371:12371	77	1					
ANR	2460	ElseStatement	else		77	0					
ANR	2461	CompoundStatement		480:9:12388:12388	77	0					
ANR	2462	ExpressionStatement	"g_return_if_fail_warning ( ""Gimp-Base"" , __PRETTY_FUNCTION__ , ""tile_num >= 0"" )"	535:6:14303:14376	77	0	True				
ANR	2463	CallExpression	"g_return_if_fail_warning ( ""Gimp-Base"" , __PRETTY_FUNCTION__ , ""tile_num >= 0"" )"		77	0					
ANR	2464	Callee	g_return_if_fail_warning		77	0					
ANR	2465	Identifier	g_return_if_fail_warning		77	0					
ANR	2466	ArgumentList	"""Gimp-Base"""		77	1					
ANR	2467	Argument	"""Gimp-Base"""		77	0					
ANR	2468	PrimaryExpression	"""Gimp-Base"""		77	0					
ANR	2469	Argument	__PRETTY_FUNCTION__		77	1					
ANR	2470	Identifier	__PRETTY_FUNCTION__		77	0					
ANR	2471	Argument	"""tile_num >= 0"""		77	2					
ANR	2472	PrimaryExpression	"""tile_num >= 0"""		77	0					
ANR	2473	ReturnStatement	return ;	536:6:14384:14391	77	1	True				
ANR	2474	ExpressionStatement		538:4:14403:14403	77	1	True				
ANR	2475	Condition	0	539:10:14415:14415	77	1	True				
ANR	2476	PrimaryExpression	0		77	0					
ANR	2477	DoStatement	do		77	4					
ANR	2478	CompoundStatement		486:5:12517:12517	77	0					
ANR	2479	IfStatement	if ( tile_num < tm -> ntile_rows * tm -> ntile_cols )		77	0					
ANR	2480	Condition	tile_num < tm -> ntile_rows * tm -> ntile_cols	541:8:14434:14479	77	0	True				
ANR	2481	RelationalExpression	tile_num < tm -> ntile_rows * tm -> ntile_cols		77	0		<			
ANR	2482	Identifier	tile_num		77	0					
ANR	2483	MultiplicativeExpression	tm -> ntile_rows * tm -> ntile_cols		77	1		*			
ANR	2484	PtrMemberAccess	tm -> ntile_rows		77	0					
ANR	2485	Identifier	tm		77	0					
ANR	2486	Identifier	ntile_rows		77	1					
ANR	2487	PtrMemberAccess	tm -> ntile_cols		77	1					
ANR	2488	Identifier	tm		77	0					
ANR	2489	Identifier	ntile_cols		77	1					
ANR	2490	CompoundStatement		487:56:12575:12575	77	1					
ANR	2491	ElseStatement	else		77	0					
ANR	2492	CompoundStatement		489:9:12592:12592	77	0					
ANR	2493	ExpressionStatement	"g_return_if_fail_warning ( ""Gimp-Base"" , __PRETTY_FUNCTION__ , ""tile_num < tm->ntile_rows * tm->ntile_cols"" )"	544:6:14507:14609	77	0	True				
ANR	2494	CallExpression	"g_return_if_fail_warning ( ""Gimp-Base"" , __PRETTY_FUNCTION__ , ""tile_num < tm->ntile_rows * tm->ntile_cols"" )"		77	0					
ANR	2495	Callee	g_return_if_fail_warning		77	0					
ANR	2496	Identifier	g_return_if_fail_warning		77	0					
ANR	2497	ArgumentList	"""Gimp-Base"""		77	1					
ANR	2498	Argument	"""Gimp-Base"""		77	0					
ANR	2499	PrimaryExpression	"""Gimp-Base"""		77	0					
ANR	2500	Argument	__PRETTY_FUNCTION__		77	1					
ANR	2501	Identifier	__PRETTY_FUNCTION__		77	0					
ANR	2502	Argument	"""tile_num < tm->ntile_rows * tm->ntile_cols"""		77	2					
ANR	2503	PrimaryExpression	"""tile_num < tm->ntile_rows * tm->ntile_cols"""		77	0					
ANR	2504	ReturnStatement	return ;	545:6:14617:14624	77	1	True				
ANR	2505	ExpressionStatement		547:4:14636:14636	77	1	True				
ANR	2506	Condition	0	548:10:14648:14648	77	1	True				
ANR	2507	PrimaryExpression	0		77	0					
ANR	2508	IfStatement	if ( ! tm -> tiles )		77	5					
ANR	2509	Condition	! tm -> tiles	549:6:14658:14669	77	0	True				
ANR	2510	UnaryOperationExpression	! tm -> tiles		77	0					
ANR	2511	UnaryOperator	!		77	0					
ANR	2512	PtrMemberAccess	tm -> tiles		77	1					
ANR	2513	Identifier	tm		77	0					
ANR	2514	Identifier	tiles		77	1					
ANR	2515	CompoundStatement		495:20:12765:12765	77	1					
ANR	2516	ExpressionStatement	"g_log ( ""Gimp-Base"" , G_LOG_LEVEL_WARNING , ""%s: empty tile level - initializing"" , ""tile-manager.c:492"" )"	550:4:14678:14775	77	0	True				
ANR	2517	CallExpression	"g_log ( ""Gimp-Base"" , G_LOG_LEVEL_WARNING , ""%s: empty tile level - initializing"" , ""tile-manager.c:492"" )"		77	0					
ANR	2518	Callee	g_log		77	0					
ANR	2519	Identifier	g_log		77	0					
ANR	2520	ArgumentList	"""Gimp-Base"""		77	1					
ANR	2521	Argument	"""Gimp-Base"""		77	0					
ANR	2522	PrimaryExpression	"""Gimp-Base"""		77	0					
ANR	2523	Argument	G_LOG_LEVEL_WARNING		77	1					
ANR	2524	Identifier	G_LOG_LEVEL_WARNING		77	0					
ANR	2525	Argument	"""%s: empty tile level - initializing"""		77	2					
ANR	2526	PrimaryExpression	"""%s: empty tile level - initializing"""		77	0					
ANR	2527	Argument	"""tile-manager.c:492"""		77	3					
ANR	2528	PrimaryExpression	"""tile-manager.c:492"""		77	0					
ANR	2529	ExpressionStatement	tile_manager_allocate_tiles ( tm )	551:4:14781:14812	77	1	True				
ANR	2530	CallExpression	tile_manager_allocate_tiles ( tm )		77	0					
ANR	2531	Callee	tile_manager_allocate_tiles		77	0					
ANR	2532	Identifier	tile_manager_allocate_tiles		77	0					
ANR	2533	ArgumentList	tm		77	1					
ANR	2534	Argument	tm		77	0					
ANR	2535	Identifier	tm		77	0					
ANR	2536	ExpressionStatement	tile = tm -> tiles [ tile_num ]	553:2:14820:14848	77	6	True				
ANR	2537	AssignmentExpression	tile = tm -> tiles [ tile_num ]		77	0		=			
ANR	2538	Identifier	tile		77	0					
ANR	2539	ArrayIndexing	tm -> tiles [ tile_num ]		77	1					
ANR	2540	PtrMemberAccess	tm -> tiles		77	0					
ANR	2541	Identifier	tm		77	0					
ANR	2542	Identifier	tiles		77	1					
ANR	2543	Identifier	tile_num		77	1					
ANR	2544	IfStatement	if ( ! srctile -> valid )		77	7					
ANR	2545	Condition	! srctile -> valid	556:6:14889:14905	77	0	True				
ANR	2546	UnaryOperationExpression	! srctile -> valid		77	0					
ANR	2547	UnaryOperator	!		77	0					
ANR	2548	PtrMemberAccess	srctile -> valid		77	1					
ANR	2549	Identifier	srctile		77	0					
ANR	2550	Identifier	valid		77	1					
ANR	2551	CompoundStatement		502:25:13001:13001	77	1					
ANR	2552	ExpressionStatement	"g_log ( ""Gimp-Base"" , G_LOG_LEVEL_WARNING , ""%s: srctile not validated yet!  please report"" , ""tile-manager.c:504"" )"	557:4:14914:15021	77	0	True				
ANR	2553	CallExpression	"g_log ( ""Gimp-Base"" , G_LOG_LEVEL_WARNING , ""%s: srctile not validated yet!  please report"" , ""tile-manager.c:504"" )"		77	0					
ANR	2554	Callee	g_log		77	0					
ANR	2555	Identifier	g_log		77	0					
ANR	2556	ArgumentList	"""Gimp-Base"""		77	1					
ANR	2557	Argument	"""Gimp-Base"""		77	0					
ANR	2558	PrimaryExpression	"""Gimp-Base"""		77	0					
ANR	2559	Argument	G_LOG_LEVEL_WARNING		77	1					
ANR	2560	Identifier	G_LOG_LEVEL_WARNING		77	0					
ANR	2561	Argument	"""%s: srctile not validated yet!  please report"""		77	2					
ANR	2562	PrimaryExpression	"""%s: srctile not validated yet!  please report"""		77	0					
ANR	2563	Argument	"""tile-manager.c:504"""		77	3					
ANR	2564	PrimaryExpression	"""tile-manager.c:504"""		77	0					
ANR	2565	IfStatement	if ( ( tile -> ewidth ) != ( srctile -> ewidth ) || ( tile -> eheight ) != ( srctile -> eheight ) || ( tile -> bpp ) != ( srctile -> bpp ) )		77	8					
ANR	2566	Condition	( tile -> ewidth ) != ( srctile -> ewidth ) || ( tile -> eheight ) != ( srctile -> eheight ) || ( tile -> bpp ) != ( srctile -> bpp )	559:6:15033:15153	77	0	True				
ANR	2567	OrExpression	( tile -> ewidth ) != ( srctile -> ewidth ) || ( tile -> eheight ) != ( srctile -> eheight ) || ( tile -> bpp ) != ( srctile -> bpp )		77	0		||			
ANR	2568	EqualityExpression	( tile -> ewidth ) != ( srctile -> ewidth )		77	0		!=			
ANR	2569	PtrMemberAccess	tile -> ewidth		77	0					
ANR	2570	Identifier	tile		77	0					
ANR	2571	Identifier	ewidth		77	1					
ANR	2572	PtrMemberAccess	srctile -> ewidth		77	1					
ANR	2573	Identifier	srctile		77	0					
ANR	2574	Identifier	ewidth		77	1					
ANR	2575	OrExpression	( tile -> eheight ) != ( srctile -> eheight ) || ( tile -> bpp ) != ( srctile -> bpp )		77	1		||			
ANR	2576	EqualityExpression	( tile -> eheight ) != ( srctile -> eheight )		77	0		!=			
ANR	2577	PtrMemberAccess	tile -> eheight		77	0					
ANR	2578	Identifier	tile		77	0					
ANR	2579	Identifier	eheight		77	1					
ANR	2580	PtrMemberAccess	srctile -> eheight		77	1					
ANR	2581	Identifier	srctile		77	0					
ANR	2582	Identifier	eheight		77	1					
ANR	2583	EqualityExpression	( tile -> bpp ) != ( srctile -> bpp )		77	1		!=			
ANR	2584	PtrMemberAccess	tile -> bpp		77	0					
ANR	2585	Identifier	tile		77	0					
ANR	2586	Identifier	bpp		77	1					
ANR	2587	PtrMemberAccess	srctile -> bpp		77	1					
ANR	2588	Identifier	srctile		77	0					
ANR	2589	Identifier	bpp		77	1					
ANR	2590	CompoundStatement		505:129:13249:13249	77	1					
ANR	2591	ExpressionStatement	"g_log ( ""Gimp-Base"" , G_LOG_LEVEL_WARNING , ""%s: nonconformant map (%p -> %p)"" , ""tile-manager.c:511"" , srctile , tile )"	560:4:15162:15269	77	0	True				
ANR	2592	CallExpression	"g_log ( ""Gimp-Base"" , G_LOG_LEVEL_WARNING , ""%s: nonconformant map (%p -> %p)"" , ""tile-manager.c:511"" , srctile , tile )"		77	0					
ANR	2593	Callee	g_log		77	0					
ANR	2594	Identifier	g_log		77	0					
ANR	2595	ArgumentList	"""Gimp-Base"""		77	1					
ANR	2596	Argument	"""Gimp-Base"""		77	0					
ANR	2597	PrimaryExpression	"""Gimp-Base"""		77	0					
ANR	2598	Argument	G_LOG_LEVEL_WARNING		77	1					
ANR	2599	Identifier	G_LOG_LEVEL_WARNING		77	0					
ANR	2600	Argument	"""%s: nonconformant map (%p -> %p)"""		77	2					
ANR	2601	PrimaryExpression	"""%s: nonconformant map (%p -> %p)"""		77	0					
ANR	2602	Argument	"""tile-manager.c:511"""		77	3					
ANR	2603	PrimaryExpression	"""tile-manager.c:511"""		77	0					
ANR	2604	Argument	srctile		77	4					
ANR	2605	Identifier	srctile		77	0					
ANR	2606	Argument	tile		77	5					
ANR	2607	Identifier	tile		77	0					
ANR	2608	ExpressionStatement	"tile_detach ( tile , tm , tile_num )"	562:2:15277:15306	77	9	True				
ANR	2609	CallExpression	"tile_detach ( tile , tm , tile_num )"		77	0					
ANR	2610	Callee	tile_detach		77	0					
ANR	2611	Identifier	tile_detach		77	0					
ANR	2612	ArgumentList	tile		77	1					
ANR	2613	Argument	tile		77	0					
ANR	2614	Identifier	tile		77	0					
ANR	2615	Argument	tm		77	1					
ANR	2616	Identifier	tm		77	0					
ANR	2617	Argument	tile_num		77	2					
ANR	2618	Identifier	tile_num		77	0					
ANR	2619	ExpressionStatement	"tile_attach ( srctile , tm , tile_num )"	567:2:15376:15408	77	10	True				
ANR	2620	CallExpression	"tile_attach ( srctile , tm , tile_num )"		77	0					
ANR	2621	Callee	tile_attach		77	0					
ANR	2622	Identifier	tile_attach		77	0					
ANR	2623	ArgumentList	srctile		77	1					
ANR	2624	Argument	srctile		77	0					
ANR	2625	Identifier	srctile		77	0					
ANR	2626	Argument	tm		77	1					
ANR	2627	Identifier	tm		77	0					
ANR	2628	Argument	tile_num		77	2					
ANR	2629	Identifier	tile_num		77	0					
ANR	2630	ExpressionStatement	tm -> tiles [ tile_num ] = srctile	568:2:15412:15443	77	11	True				
ANR	2631	AssignmentExpression	tm -> tiles [ tile_num ] = srctile		77	0		=			
ANR	2632	ArrayIndexing	tm -> tiles [ tile_num ]		77	0					
ANR	2633	PtrMemberAccess	tm -> tiles		77	0					
ANR	2634	Identifier	tm		77	0					
ANR	2635	Identifier	tiles		77	1					
ANR	2636	Identifier	tile_num		77	1					
ANR	2637	Identifier	srctile		77	1					
ANR	2638	Statement	void	573:0:15481:15484	77	244	True				
ANR	2639	Statement	tile_manager_invalidate_area	573:5:15486:15513	77	245	True				
ANR	2640	Statement	(	573:33:15514:15514	77	246	True				
ANR	2641	Statement	TileManager	573:34:15515:15525	77	247	True				
ANR	2642	Statement	*	573:46:15527:15527	77	248	True				
ANR	2643	Statement	tm	573:47:15528:15529	77	249	True				
ANR	2644	Statement	","	573:49:15530:15530	77	250	True				
ANR	2645	Statement	gint	573:50:15531:15534	77	251	True				
ANR	2646	Statement	x	573:55:15536:15536	77	252	True				
ANR	2647	Statement	","	573:56:15537:15537	77	253	True				
ANR	2648	Statement	gint	573:57:15538:15541	77	254	True				
ANR	2649	Statement	y	573:62:15543:15543	77	255	True				
ANR	2650	Statement	","	573:63:15544:15544	77	256	True				
ANR	2651	Statement	gint	573:64:15545:15548	77	257	True				
ANR	2652	Statement	w	573:69:15550:15550	77	258	True				
ANR	2653	Statement	","	573:70:15551:15551	77	259	True				
ANR	2654	Statement	gint	573:71:15552:15555	77	260	True				
ANR	2655	Statement	h	573:76:15557:15557	77	261	True				
ANR	2656	Statement	)	573:77:15558:15558	77	262	True				
ANR	2657	CompoundStatement		522:2:13667:13673	77	263					
ANR	2658	IdentifierDeclStatement	gint i ;	575:2:15564:15570	77	0	True				
ANR	2659	IdentifierDecl	i		77	0					
ANR	2660	IdentifierDeclType	gint		77	0					
ANR	2661	Identifier	i		77	1					
ANR	2662	IdentifierDeclStatement	gint j ;	576:2:15574:15580	77	1	True				
ANR	2663	IdentifierDecl	j		77	0					
ANR	2664	IdentifierDeclType	gint		77	0					
ANR	2665	Identifier	j		77	1					
ANR	2666	IfStatement	if ( ! tm -> tiles )		77	2					
ANR	2667	Condition	! tm -> tiles	578:6:15663:15674	77	0	True				
ANR	2668	UnaryOperationExpression	! tm -> tiles		77	0					
ANR	2669	UnaryOperator	!		77	0					
ANR	2670	PtrMemberAccess	tm -> tiles		77	1					
ANR	2671	Identifier	tm		77	0					
ANR	2672	Identifier	tiles		77	1					
ANR	2673	CompoundStatement		524:20:13770:13770	77	1					
ANR	2674	ReturnStatement	return ;	579:4:15683:15690	77	0	True				
ANR	2675	ForStatement	for ( i = y ; i < y + h ; i += 64 - i % 64 )		77	3					
ANR	2676	ForInit	i = y ;	581:7:15703:15708	77	0	True				
ANR	2677	AssignmentExpression	i = y		77	0		=			
ANR	2678	Identifier	i		77	0					
ANR	2679	Identifier	y		77	1					
ANR	2680	Condition	i < y + h	581:14:15710:15718	77	1	True				
ANR	2681	RelationalExpression	i < y + h		77	0		<			
ANR	2682	Identifier	i		77	0					
ANR	2683	AdditiveExpression	y + h		77	1		+			
ANR	2684	Identifier	y		77	0					
ANR	2685	Identifier	h		77	1					
ANR	2686	AssignmentExpression	i += 64 - i % 64	581:25:15721:15736	77	2	True	+=			
ANR	2687	Identifier	i		77	0					
ANR	2688	AdditiveExpression	64 - i % 64		77	1		-			
ANR	2689	PrimaryExpression	64		77	0					
ANR	2690	MultiplicativeExpression	i % 64		77	1		%			
ANR	2691	Identifier	i		77	0					
ANR	2692	PrimaryExpression	64		77	1					
ANR	2693	ForStatement	for ( j = x ; j < x + w ; j += 64 - j % 64 )		77	3					
ANR	2694	ForInit	j = x ;	582:9:15749:15754	77	0	True				
ANR	2695	AssignmentExpression	j = x		77	0		=			
ANR	2696	Identifier	j		77	0					
ANR	2697	Identifier	x		77	1					
ANR	2698	Condition	j < x + w	582:16:15756:15764	77	1	True				
ANR	2699	RelationalExpression	j < x + w		77	0		<			
ANR	2700	Identifier	j		77	0					
ANR	2701	AdditiveExpression	x + w		77	1		+			
ANR	2702	Identifier	x		77	0					
ANR	2703	Identifier	w		77	1					
ANR	2704	AssignmentExpression	j += 64 - j % 64	582:27:15767:15782	77	2	True	+=			
ANR	2705	Identifier	j		77	0					
ANR	2706	AdditiveExpression	64 - j % 64		77	1		-			
ANR	2707	PrimaryExpression	64		77	0					
ANR	2708	MultiplicativeExpression	j % 64		77	1		%			
ANR	2709	Identifier	j		77	0					
ANR	2710	PrimaryExpression	64		77	1					
ANR	2711	CompoundStatement		528:45:13878:13878	77	3					
ANR	2712	ExpressionStatement	"tile_manager_invalidate_pixel ( tm , j , i )"	583:6:15793:15830	77	0	True				
ANR	2713	CallExpression	"tile_manager_invalidate_pixel ( tm , j , i )"		77	0					
ANR	2714	Callee	tile_manager_invalidate_pixel		77	0					
ANR	2715	Identifier	tile_manager_invalidate_pixel		77	0					
ANR	2716	ArgumentList	tm		77	1					
ANR	2717	Argument	tm		77	0					
ANR	2718	Identifier	tm		77	0					
ANR	2719	Argument	j		77	1					
ANR	2720	Identifier	j		77	0					
ANR	2721	Argument	i		77	2					
ANR	2722	Identifier	i		77	0					
ANR	2723	Statement	gint	587:0:15841:15844	77	264	True				
ANR	2724	Statement	tile_manager_width	587:5:15846:15863	77	265	True				
ANR	2725	Statement	(	587:23:15864:15864	77	266	True				
ANR	2726	Statement	const	587:24:15865:15869	77	267	True				
ANR	2727	Statement	TileManager	587:30:15871:15881	77	268	True				
ANR	2728	Statement	*	587:42:15883:15883	77	269	True				
ANR	2729	Statement	tm	587:43:15884:15885	77	270	True				
ANR	2730	Statement	)	587:45:15886:15886	77	271	True				
ANR	2731	CompoundStatement		534:0:13981:13981	77	272					
ANR	2732	DoStatement	do		77	0					
ANR	2733	CompoundStatement		535:5:13988:13988	77	0					
ANR	2734	IfStatement	if ( tm != ( ( void * ) 0 ) )		77	0					
ANR	2735	Condition	tm != ( ( void * ) 0 )	590:8:15905:15921	77	0	True				
ANR	2736	EqualityExpression	tm != ( ( void * ) 0 )		77	0		!=			
ANR	2737	Identifier	tm		77	0					
ANR	2738	CastExpression	( void * ) 0		77	1					
ANR	2739	CastTarget	void *		77	0					
ANR	2740	PrimaryExpression	0		77	1					
ANR	2741	CompoundStatement		536:27:14017:14017	77	1					
ANR	2742	ElseStatement	else		77	0					
ANR	2743	CompoundStatement		538:9:14034:14034	77	0					
ANR	2744	ExpressionStatement	"g_return_if_fail_warning ( ""Gimp-Base"" , __PRETTY_FUNCTION__ , ""tm != NULL"" )"	593:6:15949:16019	77	0	True				
ANR	2745	CallExpression	"g_return_if_fail_warning ( ""Gimp-Base"" , __PRETTY_FUNCTION__ , ""tm != NULL"" )"		77	0					
ANR	2746	Callee	g_return_if_fail_warning		77	0					
ANR	2747	Identifier	g_return_if_fail_warning		77	0					
ANR	2748	ArgumentList	"""Gimp-Base"""		77	1					
ANR	2749	Argument	"""Gimp-Base"""		77	0					
ANR	2750	PrimaryExpression	"""Gimp-Base"""		77	0					
ANR	2751	Argument	__PRETTY_FUNCTION__		77	1					
ANR	2752	Identifier	__PRETTY_FUNCTION__		77	0					
ANR	2753	Argument	"""tm != NULL"""		77	2					
ANR	2754	PrimaryExpression	"""tm != NULL"""		77	0					
ANR	2755	ReturnStatement	return 0 ;	594:6:16027:16035	77	1	True				
ANR	2756	PrimaryExpression	0		77	0					
ANR	2757	ExpressionStatement		596:4:16047:16047	77	1	True				
ANR	2758	Condition	0	597:10:16059:16059	77	1	True				
ANR	2759	PrimaryExpression	0		77	0					
ANR	2760	ReturnStatement	return tm -> width ;	598:2:16065:16083	77	1	True				
ANR	2761	PtrMemberAccess	tm -> width		77	0					
ANR	2762	Identifier	tm		77	0					
ANR	2763	Identifier	width		77	1					
ANR	2764	Statement	gint	601:0:16088:16091	77	273	True				
ANR	2765	Statement	tile_manager_height	601:5:16093:16111	77	274	True				
ANR	2766	Statement	(	601:24:16112:16112	77	275	True				
ANR	2767	Statement	const	601:25:16113:16117	77	276	True				
ANR	2768	Statement	TileManager	601:31:16119:16129	77	277	True				
ANR	2769	Statement	*	601:43:16131:16131	77	278	True				
ANR	2770	Statement	tm	601:44:16132:16133	77	279	True				
ANR	2771	Statement	)	601:46:16134:16134	77	280	True				
ANR	2772	CompoundStatement		548:0:14229:14229	77	281					
ANR	2773	DoStatement	do		77	0					
ANR	2774	CompoundStatement		549:5:14236:14236	77	0					
ANR	2775	IfStatement	if ( tm != ( ( void * ) 0 ) )		77	0					
ANR	2776	Condition	tm != ( ( void * ) 0 )	604:8:16153:16169	77	0	True				
ANR	2777	EqualityExpression	tm != ( ( void * ) 0 )		77	0		!=			
ANR	2778	Identifier	tm		77	0					
ANR	2779	CastExpression	( void * ) 0		77	1					
ANR	2780	CastTarget	void *		77	0					
ANR	2781	PrimaryExpression	0		77	1					
ANR	2782	CompoundStatement		550:27:14265:14265	77	1					
ANR	2783	ElseStatement	else		77	0					
ANR	2784	CompoundStatement		552:9:14282:14282	77	0					
ANR	2785	ExpressionStatement	"g_return_if_fail_warning ( ""Gimp-Base"" , __PRETTY_FUNCTION__ , ""tm != NULL"" )"	607:6:16197:16267	77	0	True				
ANR	2786	CallExpression	"g_return_if_fail_warning ( ""Gimp-Base"" , __PRETTY_FUNCTION__ , ""tm != NULL"" )"		77	0					
ANR	2787	Callee	g_return_if_fail_warning		77	0					
ANR	2788	Identifier	g_return_if_fail_warning		77	0					
ANR	2789	ArgumentList	"""Gimp-Base"""		77	1					
ANR	2790	Argument	"""Gimp-Base"""		77	0					
ANR	2791	PrimaryExpression	"""Gimp-Base"""		77	0					
ANR	2792	Argument	__PRETTY_FUNCTION__		77	1					
ANR	2793	Identifier	__PRETTY_FUNCTION__		77	0					
ANR	2794	Argument	"""tm != NULL"""		77	2					
ANR	2795	PrimaryExpression	"""tm != NULL"""		77	0					
ANR	2796	ReturnStatement	return 0 ;	608:6:16275:16283	77	1	True				
ANR	2797	PrimaryExpression	0		77	0					
ANR	2798	ExpressionStatement		610:4:16295:16295	77	1	True				
ANR	2799	Condition	0	611:10:16307:16307	77	1	True				
ANR	2800	PrimaryExpression	0		77	0					
ANR	2801	ReturnStatement	return tm -> height ;	612:2:16313:16332	77	1	True				
ANR	2802	PtrMemberAccess	tm -> height		77	0					
ANR	2803	Identifier	tm		77	0					
ANR	2804	Identifier	height		77	1					
ANR	2805	Statement	gint	615:0:16337:16340	77	282	True				
ANR	2806	Statement	tile_manager_bpp	615:5:16342:16357	77	283	True				
ANR	2807	Statement	(	615:21:16358:16358	77	284	True				
ANR	2808	Statement	const	615:22:16359:16363	77	285	True				
ANR	2809	Statement	TileManager	615:28:16365:16375	77	286	True				
ANR	2810	Statement	*	615:40:16377:16377	77	287	True				
ANR	2811	Statement	tm	615:41:16378:16379	77	288	True				
ANR	2812	Statement	)	615:43:16380:16380	77	289	True				
ANR	2813	CompoundStatement		562:0:14475:14475	77	290					
ANR	2814	DoStatement	do		77	0					
ANR	2815	CompoundStatement		563:5:14482:14482	77	0					
ANR	2816	IfStatement	if ( tm != ( ( void * ) 0 ) )		77	0					
ANR	2817	Condition	tm != ( ( void * ) 0 )	618:8:16399:16415	77	0	True				
ANR	2818	EqualityExpression	tm != ( ( void * ) 0 )		77	0		!=			
ANR	2819	Identifier	tm		77	0					
ANR	2820	CastExpression	( void * ) 0		77	1					
ANR	2821	CastTarget	void *		77	0					
ANR	2822	PrimaryExpression	0		77	1					
ANR	2823	CompoundStatement		564:27:14511:14511	77	1					
ANR	2824	ElseStatement	else		77	0					
ANR	2825	CompoundStatement		566:9:14528:14528	77	0					
ANR	2826	ExpressionStatement	"g_return_if_fail_warning ( ""Gimp-Base"" , __PRETTY_FUNCTION__ , ""tm != NULL"" )"	621:6:16443:16513	77	0	True				
ANR	2827	CallExpression	"g_return_if_fail_warning ( ""Gimp-Base"" , __PRETTY_FUNCTION__ , ""tm != NULL"" )"		77	0					
ANR	2828	Callee	g_return_if_fail_warning		77	0					
ANR	2829	Identifier	g_return_if_fail_warning		77	0					
ANR	2830	ArgumentList	"""Gimp-Base"""		77	1					
ANR	2831	Argument	"""Gimp-Base"""		77	0					
ANR	2832	PrimaryExpression	"""Gimp-Base"""		77	0					
ANR	2833	Argument	__PRETTY_FUNCTION__		77	1					
ANR	2834	Identifier	__PRETTY_FUNCTION__		77	0					
ANR	2835	Argument	"""tm != NULL"""		77	2					
ANR	2836	PrimaryExpression	"""tm != NULL"""		77	0					
ANR	2837	ReturnStatement	return 0 ;	622:6:16521:16529	77	1	True				
ANR	2838	PrimaryExpression	0		77	0					
ANR	2839	ExpressionStatement		624:4:16541:16541	77	1	True				
ANR	2840	Condition	0	625:10:16553:16553	77	1	True				
ANR	2841	PrimaryExpression	0		77	0					
ANR	2842	ReturnStatement	return tm -> bpp ;	626:2:16559:16575	77	1	True				
ANR	2843	PtrMemberAccess	tm -> bpp		77	0					
ANR	2844	Identifier	tm		77	0					
ANR	2845	Identifier	bpp		77	1					
ANR	2846	Statement	gint64	629:0:16580:16585	77	291	True				
ANR	2847	Statement	tile_manager_get_memsize	629:7:16587:16610	77	292	True				
ANR	2848	Statement	(	629:31:16611:16611	77	293	True				
ANR	2849	Statement	const	629:32:16612:16616	77	294	True				
ANR	2850	Statement	TileManager	629:38:16618:16628	77	295	True				
ANR	2851	Statement	*	629:50:16630:16630	77	296	True				
ANR	2852	Statement	tm	629:51:16631:16632	77	297	True				
ANR	2853	Statement	","	629:53:16633:16633	77	298	True				
ANR	2854	Statement	gboolean	629:54:16634:16641	77	299	True				
ANR	2855	Statement	sparse	629:63:16643:16648	77	300	True				
ANR	2856	Statement	)	629:69:16649:16649	77	301	True				
ANR	2857	CompoundStatement		578:2:14780:14819	77	302					
ANR	2858	IdentifierDeclStatement	gint64 memsize = ( sizeof ( TileManager ) ) ;	632:2:16687:16726	77	0	True				
ANR	2859	IdentifierDecl	memsize = ( sizeof ( TileManager ) )		77	0					
ANR	2860	IdentifierDeclType	gint64		77	0					
ANR	2861	Identifier	memsize		77	1					
ANR	2862	AssignmentExpression	memsize = ( sizeof ( TileManager ) )		77	2		=			
ANR	2863	Identifier	memsize		77	0					
ANR	2864	SizeofExpression	sizeof ( TileManager )		77	1					
ANR	2865	Sizeof	sizeof		77	0					
ANR	2866	SizeofOperand	TileManager		77	1					
ANR	2867	IfStatement	if ( ! tm )		77	1					
ANR	2868	Condition	! tm	633:6:16734:16736	77	0	True				
ANR	2869	UnaryOperationExpression	! tm		77	0					
ANR	2870	UnaryOperator	!		77	0					
ANR	2871	Identifier	tm		77	1					
ANR	2872	CompoundStatement		579:11:14832:14832	77	1					
ANR	2873	ReturnStatement	return 0 ;	634:4:16745:16753	77	0	True				
ANR	2874	PrimaryExpression	0		77	0					
ANR	2875	ExpressionStatement	memsize += ( ( ( gint64 ) ( tm -> ntile_rows ) ) * ( tm -> ntile_cols ) ) * ( sizeof ( Tile ) + sizeof ( gpointer ) )	637:2:16788:16889	77	2	True				
ANR	2876	AssignmentExpression	memsize += ( ( ( gint64 ) ( tm -> ntile_rows ) ) * ( tm -> ntile_cols ) ) * ( sizeof ( Tile ) + sizeof ( gpointer ) )		77	0		+=			
ANR	2877	Identifier	memsize		77	0					
ANR	2878	MultiplicativeExpression	( ( ( gint64 ) ( tm -> ntile_rows ) ) * ( tm -> ntile_cols ) ) * ( sizeof ( Tile ) + sizeof ( gpointer ) )		77	1		*			
ANR	2879	MultiplicativeExpression	( ( gint64 ) ( tm -> ntile_rows ) ) * ( tm -> ntile_cols )		77	0		*			
ANR	2880	CastExpression	( gint64 ) ( tm -> ntile_rows )		77	0					
ANR	2881	CastTarget	gint64		77	0					
ANR	2882	PtrMemberAccess	tm -> ntile_rows		77	1					
ANR	2883	Identifier	tm		77	0					
ANR	2884	Identifier	ntile_rows		77	1					
ANR	2885	PtrMemberAccess	tm -> ntile_cols		77	1					
ANR	2886	Identifier	tm		77	0					
ANR	2887	Identifier	ntile_cols		77	1					
ANR	2888	AdditiveExpression	sizeof ( Tile ) + sizeof ( gpointer )		77	1		+			
ANR	2889	SizeofExpression	sizeof ( Tile )		77	0					
ANR	2890	Sizeof	sizeof		77	0					
ANR	2891	SizeofOperand	Tile		77	1					
ANR	2892	SizeofExpression	sizeof ( gpointer )		77	1					
ANR	2893	Sizeof	sizeof		77	0					
ANR	2894	SizeofOperand	gpointer		77	1					
ANR	2895	IfStatement	if ( sparse )		77	3					
ANR	2896	Condition	sparse	639:6:16940:16945	77	0	True				
ANR	2897	Identifier	sparse		77	0					
ANR	2898	CompoundStatement		585:14:15041:15041	77	1					
ANR	2899	IfStatement	if ( tm -> tiles )		77	0					
ANR	2900	Condition	tm -> tiles	640:8:16958:16968	77	0	True				
ANR	2901	PtrMemberAccess	tm -> tiles		77	0					
ANR	2902	Identifier	tm		77	0					
ANR	2903	Identifier	tiles		77	1					
ANR	2904	CompoundStatement		590:6:15163:15169	77	1					
ANR	2905	IdentifierDeclStatement	Tile * * tiles = tm -> tiles ;	641:6:16979:17005	77	0	True				
ANR	2906	IdentifierDecl	* * tiles = tm -> tiles		77	0					
ANR	2907	IdentifierDeclType	Tile * *		77	0					
ANR	2908	Identifier	tiles		77	1					
ANR	2909	AssignmentExpression	* * tiles = tm -> tiles		77	2		=			
ANR	2910	Identifier	tiles		77	0					
ANR	2911	PtrMemberAccess	tm -> tiles		77	1					
ANR	2912	Identifier	tm		77	0					
ANR	2913	Identifier	tiles		77	1					
ANR	2914	IdentifierDeclStatement	gint64 size = ( 64 * 64 * tm -> bpp ) ;	642:6:17013:17048	77	1	True				
ANR	2915	IdentifierDecl	size = ( 64 * 64 * tm -> bpp )		77	0					
ANR	2916	IdentifierDeclType	gint64		77	0					
ANR	2917	Identifier	size		77	1					
ANR	2918	AssignmentExpression	size = ( 64 * 64 * tm -> bpp )		77	2		=			
ANR	2919	Identifier	size		77	0					
ANR	2920	MultiplicativeExpression	64 * 64 * tm -> bpp		77	1		*			
ANR	2921	PrimaryExpression	64		77	0					
ANR	2922	MultiplicativeExpression	64 * tm -> bpp		77	1		*			
ANR	2923	PrimaryExpression	64		77	0					
ANR	2924	PtrMemberAccess	tm -> bpp		77	1					
ANR	2925	Identifier	tm		77	0					
ANR	2926	Identifier	bpp		77	1					
ANR	2927	IdentifierDeclStatement	gint i ;	643:6:17056:17062	77	2	True				
ANR	2928	IdentifierDecl	i		77	0					
ANR	2929	IdentifierDeclType	gint		77	0					
ANR	2930	Identifier	i		77	1					
ANR	2931	IdentifierDeclStatement	gint j ;	644:6:17070:17076	77	3	True				
ANR	2932	IdentifierDecl	j		77	0					
ANR	2933	IdentifierDeclType	gint		77	0					
ANR	2934	Identifier	j		77	1					
ANR	2935	ForStatement	for ( i = 0 ; i < tm -> ntile_rows ; i ++ )		77	4					
ANR	2936	ForInit	i = 0 ;	645:11:17089:17094	77	0	True				
ANR	2937	AssignmentExpression	i = 0		77	0		=			
ANR	2938	Identifier	i		77	0					
ANR	2939	PrimaryExpression	0		77	1					
ANR	2940	Condition	i < tm -> ntile_rows	645:18:17096:17115	77	1	True				
ANR	2941	RelationalExpression	i < tm -> ntile_rows		77	0		<			
ANR	2942	Identifier	i		77	0					
ANR	2943	PtrMemberAccess	tm -> ntile_rows		77	1					
ANR	2944	Identifier	tm		77	0					
ANR	2945	Identifier	ntile_rows		77	1					
ANR	2946	PostIncDecOperationExpression	i ++	645:40:17118:17120	77	2	True				
ANR	2947	Identifier	i		77	0					
ANR	2948	IncDec	++		77	1					
ANR	2949	ForStatement	"for ( j = 0 ; j < tm -> ntile_cols ; ( j ++ , tiles ++ ) )"		77	3					
ANR	2950	ForInit	j = 0 ;	646:13:17137:17142	77	0	True				
ANR	2951	AssignmentExpression	j = 0		77	0		=			
ANR	2952	Identifier	j		77	0					
ANR	2953	PrimaryExpression	0		77	1					
ANR	2954	Condition	j < tm -> ntile_cols	646:20:17144:17163	77	1	True				
ANR	2955	RelationalExpression	j < tm -> ntile_cols		77	0		<			
ANR	2956	Identifier	j		77	0					
ANR	2957	PtrMemberAccess	tm -> ntile_cols		77	1					
ANR	2958	Identifier	tm		77	0					
ANR	2959	Identifier	ntile_cols		77	1					
ANR	2960	Expression	"j ++ , tiles ++"	646:43:17167:17179	77	2	True				
ANR	2961	PostIncDecOperationExpression	j ++		77	0					
ANR	2962	Identifier	j		77	0					
ANR	2963	IncDec	++		77	1					
ANR	2964	PostIncDecOperationExpression	tiles ++		77	1					
ANR	2965	Identifier	tiles		77	0					
ANR	2966	IncDec	++		77	1					
ANR	2967	CompoundStatement		592:59:15276:15276	77	3					
ANR	2968	IfStatement	if ( tile_is_valid ( * tiles ) )		77	0					
ANR	2969	Condition	tile_is_valid ( * tiles )	647:14:17199:17220	77	0	True				
ANR	2970	CallExpression	tile_is_valid ( * tiles )		77	0					
ANR	2971	Callee	tile_is_valid		77	0					
ANR	2972	Identifier	tile_is_valid		77	0					
ANR	2973	ArgumentList	* tiles		77	1					
ANR	2974	Argument	* tiles		77	0					
ANR	2975	UnaryOperationExpression	* tiles		77	0					
ANR	2976	UnaryOperator	*		77	0					
ANR	2977	Identifier	tiles		77	1					
ANR	2978	CompoundStatement		593:38:15316:15316	77	1					
ANR	2979	ExpressionStatement	memsize += size	648:12:17237:17252	77	0	True				
ANR	2980	AssignmentExpression	memsize += size		77	0		+=			
ANR	2981	Identifier	memsize		77	0					
ANR	2982	Identifier	size		77	1					
ANR	2983	ElseStatement	else		77	0					
ANR	2984	CompoundStatement		599:7:15386:15386	77	0					
ANR	2985	ExpressionStatement	memsize += ( ( gint64 ) ( tm -> width ) ) * ( tm -> height ) * ( tm -> bpp )	654:4:17299:17365	77	0	True				
ANR	2986	AssignmentExpression	memsize += ( ( gint64 ) ( tm -> width ) ) * ( tm -> height ) * ( tm -> bpp )		77	0		+=			
ANR	2987	Identifier	memsize		77	0					
ANR	2988	MultiplicativeExpression	( ( gint64 ) ( tm -> width ) ) * ( tm -> height ) * ( tm -> bpp )		77	1		*			
ANR	2989	CastExpression	( gint64 ) ( tm -> width )		77	0					
ANR	2990	CastTarget	gint64		77	0					
ANR	2991	PtrMemberAccess	tm -> width		77	1					
ANR	2992	Identifier	tm		77	0					
ANR	2993	Identifier	width		77	1					
ANR	2994	MultiplicativeExpression	( tm -> height ) * ( tm -> bpp )		77	1		*			
ANR	2995	PtrMemberAccess	tm -> height		77	0					
ANR	2996	Identifier	tm		77	0					
ANR	2997	Identifier	height		77	1					
ANR	2998	PtrMemberAccess	tm -> bpp		77	1					
ANR	2999	Identifier	tm		77	0					
ANR	3000	Identifier	bpp		77	1					
ANR	3001	ReturnStatement	return memsize ;	656:2:17373:17387	77	4	True				
ANR	3002	Identifier	memsize		77	0					
ANR	3003	Statement	inline	659:0:17392:17397	77	303	True				
ANR	3004	Statement	static	659:7:17399:17404	77	304	True				
ANR	3005	Statement	gint	659:14:17406:17409	77	305	True				
ANR	3006	Statement	tile_manager_locate_tile	659:19:17411:17434	77	306	True				
ANR	3007	Statement	(	659:43:17435:17435	77	307	True				
ANR	3008	Statement	TileManager	659:44:17436:17446	77	308	True				
ANR	3009	Statement	*	659:56:17448:17448	77	309	True				
ANR	3010	Statement	tm	659:57:17449:17450	77	310	True				
ANR	3011	Statement	","	659:59:17451:17451	77	311	True				
ANR	3012	Statement	Tile	659:60:17452:17455	77	312	True				
ANR	3013	Statement	*	659:65:17457:17457	77	313	True				
ANR	3014	Statement	tile	659:66:17458:17461	77	314	True				
ANR	3015	Statement	)	659:70:17462:17462	77	315	True				
ANR	3016	CompoundStatement		607:2:15561:15573	77	316					
ANR	3017	IdentifierDeclStatement	TileLink * tl ;	661:2:17468:17480	77	0	True				
ANR	3018	IdentifierDecl	* tl		77	0					
ANR	3019	IdentifierDeclType	TileLink *		77	0					
ANR	3020	Identifier	tl		77	1					
ANR	3021	ForStatement	for ( tl = tile -> tlink ; tl ; tl = tl -> next )		77	1					
ANR	3022	ForInit	tl = tile -> tlink ;	662:7:17489:17507	77	0	True				
ANR	3023	AssignmentExpression	tl = tile -> tlink		77	0		=			
ANR	3024	Identifier	tl		77	0					
ANR	3025	PtrMemberAccess	tile -> tlink		77	1					
ANR	3026	Identifier	tile		77	0					
ANR	3027	Identifier	tlink		77	1					
ANR	3028	Condition	tl	662:27:17509:17510	77	1	True				
ANR	3029	Identifier	tl		77	0					
ANR	3030	AssignmentExpression	tl = tl -> next	662:31:17513:17527	77	2	True	=			
ANR	3031	Identifier	tl		77	0					
ANR	3032	PtrMemberAccess	tl -> next		77	1					
ANR	3033	Identifier	tl		77	0					
ANR	3034	Identifier	next		77	1					
ANR	3035	CompoundStatement		608:48:15623:15623	77	3					
ANR	3036	IfStatement	if ( tl -> tm == tm )		77	0					
ANR	3037	Condition	tl -> tm == tm	663:8:17540:17553	77	0	True				
ANR	3038	EqualityExpression	tl -> tm == tm		77	0		==			
ANR	3039	PtrMemberAccess	tl -> tm		77	0					
ANR	3040	Identifier	tl		77	0					
ANR	3041	Identifier	tm		77	1					
ANR	3042	Identifier	tm		77	1					
ANR	3043	CompoundStatement		609:24:15649:15649	77	1					
ANR	3044	BreakStatement	break ;	664:6:17564:17569	77	0	True				
ANR	3045	IfStatement	if ( tl == ( ( void * ) 0 ) )		77	2					
ANR	3046	Condition	tl == ( ( void * ) 0 )	667:6:17588:17604	77	0	True				
ANR	3047	EqualityExpression	tl == ( ( void * ) 0 )		77	0		==			
ANR	3048	Identifier	tl		77	0					
ANR	3049	CastExpression	( void * ) 0		77	1					
ANR	3050	CastTarget	void *		77	0					
ANR	3051	PrimaryExpression	0		77	1					
ANR	3052	CompoundStatement		613:25:15700:15700	77	1					
ANR	3053	ExpressionStatement	"g_log ( ""Gimp-Base"" , G_LOG_LEVEL_WARNING , ""%s: tile not attached to manager"" , ""tile-manager.c:631"" )"	668:4:17613:17707	77	0	True				
ANR	3054	CallExpression	"g_log ( ""Gimp-Base"" , G_LOG_LEVEL_WARNING , ""%s: tile not attached to manager"" , ""tile-manager.c:631"" )"		77	0					
ANR	3055	Callee	g_log		77	0					
ANR	3056	Identifier	g_log		77	0					
ANR	3057	ArgumentList	"""Gimp-Base"""		77	1					
ANR	3058	Argument	"""Gimp-Base"""		77	0					
ANR	3059	PrimaryExpression	"""Gimp-Base"""		77	0					
ANR	3060	Argument	G_LOG_LEVEL_WARNING		77	1					
ANR	3061	Identifier	G_LOG_LEVEL_WARNING		77	0					
ANR	3062	Argument	"""%s: tile not attached to manager"""		77	2					
ANR	3063	PrimaryExpression	"""%s: tile not attached to manager"""		77	0					
ANR	3064	Argument	"""tile-manager.c:631"""		77	3					
ANR	3065	PrimaryExpression	"""tile-manager.c:631"""		77	0					
ANR	3066	ReturnStatement	return 0 ;	669:4:17713:17721	77	1	True				
ANR	3067	PrimaryExpression	0		77	0					
ANR	3068	ReturnStatement	return tl -> tile_num ;	671:2:17729:17750	77	3	True				
ANR	3069	PtrMemberAccess	tl -> tile_num		77	0					
ANR	3070	Identifier	tl		77	0					
ANR	3071	Identifier	tile_num		77	1					
ANR	3072	Statement	void	674:0:17755:17758	77	317	True				
ANR	3073	Statement	tile_manager_get_tile_col_row	674:5:17760:17788	77	318	True				
ANR	3074	Statement	(	674:34:17789:17789	77	319	True				
ANR	3075	Statement	TileManager	674:35:17790:17800	77	320	True				
ANR	3076	Statement	*	674:47:17802:17802	77	321	True				
ANR	3077	Statement	tm	674:48:17803:17804	77	322	True				
ANR	3078	Statement	","	674:50:17805:17805	77	323	True				
ANR	3079	Statement	Tile	674:51:17806:17809	77	324	True				
ANR	3080	Statement	*	674:56:17811:17811	77	325	True				
ANR	3081	Statement	tile	674:57:17812:17815	77	326	True				
ANR	3082	Statement	","	674:61:17816:17816	77	327	True				
ANR	3083	Statement	gint	674:62:17817:17820	77	328	True				
ANR	3084	Statement	*	674:67:17822:17822	77	329	True				
ANR	3085	Statement	tile_col	674:68:17823:17830	77	330	True				
ANR	3086	Statement	","	674:76:17831:17831	77	331	True				
ANR	3087	Statement	gint	674:77:17832:17835	77	332	True				
ANR	3088	Statement	*	674:82:17837:17837	77	333	True				
ANR	3089	Statement	tile_row	674:83:17838:17845	77	334	True				
ANR	3090	Statement	)	674:91:17846:17846	77	335	True				
ANR	3091	CompoundStatement		622:2:15945:15958	77	336					
ANR	3092	IdentifierDeclStatement	gint tile_num ;	676:2:17852:17865	77	0	True				
ANR	3093	IdentifierDecl	tile_num		77	0					
ANR	3094	IdentifierDeclType	gint		77	0					
ANR	3095	Identifier	tile_num		77	1					
ANR	3096	DoStatement	do		77	1					
ANR	3097	CompoundStatement		623:5:15965:15965	77	0					
ANR	3098	IfStatement	if ( tm != ( ( void * ) 0 ) )		77	0					
ANR	3099	Condition	tm != ( ( void * ) 0 )	678:8:17882:17898	77	0	True				
ANR	3100	EqualityExpression	tm != ( ( void * ) 0 )		77	0		!=			
ANR	3101	Identifier	tm		77	0					
ANR	3102	CastExpression	( void * ) 0		77	1					
ANR	3103	CastTarget	void *		77	0					
ANR	3104	PrimaryExpression	0		77	1					
ANR	3105	CompoundStatement		624:27:15994:15994	77	1					
ANR	3106	ElseStatement	else		77	0					
ANR	3107	CompoundStatement		626:9:16011:16011	77	0					
ANR	3108	ExpressionStatement	"g_return_if_fail_warning ( ""Gimp-Base"" , __PRETTY_FUNCTION__ , ""tm != NULL"" )"	681:6:17926:17996	77	0	True				
ANR	3109	CallExpression	"g_return_if_fail_warning ( ""Gimp-Base"" , __PRETTY_FUNCTION__ , ""tm != NULL"" )"		77	0					
ANR	3110	Callee	g_return_if_fail_warning		77	0					
ANR	3111	Identifier	g_return_if_fail_warning		77	0					
ANR	3112	ArgumentList	"""Gimp-Base"""		77	1					
ANR	3113	Argument	"""Gimp-Base"""		77	0					
ANR	3114	PrimaryExpression	"""Gimp-Base"""		77	0					
ANR	3115	Argument	__PRETTY_FUNCTION__		77	1					
ANR	3116	Identifier	__PRETTY_FUNCTION__		77	0					
ANR	3117	Argument	"""tm != NULL"""		77	2					
ANR	3118	PrimaryExpression	"""tm != NULL"""		77	0					
ANR	3119	ReturnStatement	return ;	682:6:18004:18011	77	1	True				
ANR	3120	ExpressionStatement		684:4:18023:18023	77	1	True				
ANR	3121	Condition	0	685:10:18035:18035	77	1	True				
ANR	3122	PrimaryExpression	0		77	0					
ANR	3123	DoStatement	do		77	2					
ANR	3124	CompoundStatement		632:5:16137:16137	77	0					
ANR	3125	IfStatement	if ( tile != ( ( void * ) 0 ) )		77	0					
ANR	3126	Condition	tile != ( ( void * ) 0 )	687:8:18054:18072	77	0	True				
ANR	3127	EqualityExpression	tile != ( ( void * ) 0 )		77	0		!=			
ANR	3128	Identifier	tile		77	0					
ANR	3129	CastExpression	( void * ) 0		77	1					
ANR	3130	CastTarget	void *		77	0					
ANR	3131	PrimaryExpression	0		77	1					
ANR	3132	CompoundStatement		633:29:16168:16168	77	1					
ANR	3133	ElseStatement	else		77	0					
ANR	3134	CompoundStatement		635:9:16185:16185	77	0					
ANR	3135	ExpressionStatement	"g_return_if_fail_warning ( ""Gimp-Base"" , __PRETTY_FUNCTION__ , ""tile != NULL"" )"	690:6:18100:18172	77	0	True				
ANR	3136	CallExpression	"g_return_if_fail_warning ( ""Gimp-Base"" , __PRETTY_FUNCTION__ , ""tile != NULL"" )"		77	0					
ANR	3137	Callee	g_return_if_fail_warning		77	0					
ANR	3138	Identifier	g_return_if_fail_warning		77	0					
ANR	3139	ArgumentList	"""Gimp-Base"""		77	1					
ANR	3140	Argument	"""Gimp-Base"""		77	0					
ANR	3141	PrimaryExpression	"""Gimp-Base"""		77	0					
ANR	3142	Argument	__PRETTY_FUNCTION__		77	1					
ANR	3143	Identifier	__PRETTY_FUNCTION__		77	0					
ANR	3144	Argument	"""tile != NULL"""		77	2					
ANR	3145	PrimaryExpression	"""tile != NULL"""		77	0					
ANR	3146	ReturnStatement	return ;	691:6:18180:18187	77	1	True				
ANR	3147	ExpressionStatement		693:4:18199:18199	77	1	True				
ANR	3148	Condition	0	694:10:18211:18211	77	1	True				
ANR	3149	PrimaryExpression	0		77	0					
ANR	3150	DoStatement	do		77	3					
ANR	3151	CompoundStatement		641:5:16313:16313	77	0					
ANR	3152	IfStatement	if ( tile_col != ( ( void * ) 0 ) && tile_row != ( ( void * ) 0 ) )		77	0					
ANR	3153	Condition	tile_col != ( ( void * ) 0 ) && tile_row != ( ( void * ) 0 )	696:8:18230:18279	77	0	True				
ANR	3154	AndExpression	tile_col != ( ( void * ) 0 ) && tile_row != ( ( void * ) 0 )		77	0		&&			
ANR	3155	EqualityExpression	tile_col != ( ( void * ) 0 )		77	0		!=			
ANR	3156	Identifier	tile_col		77	0					
ANR	3157	CastExpression	( void * ) 0		77	1					
ANR	3158	CastTarget	void *		77	0					
ANR	3159	PrimaryExpression	0		77	1					
ANR	3160	EqualityExpression	tile_row != ( ( void * ) 0 )		77	1		!=			
ANR	3161	Identifier	tile_row		77	0					
ANR	3162	CastExpression	( void * ) 0		77	1					
ANR	3163	CastTarget	void *		77	0					
ANR	3164	PrimaryExpression	0		77	1					
ANR	3165	CompoundStatement		642:60:16375:16375	77	1					
ANR	3166	ElseStatement	else		77	0					
ANR	3167	CompoundStatement		644:9:16392:16392	77	0					
ANR	3168	ExpressionStatement	"g_return_if_fail_warning ( ""Gimp-Base"" , __PRETTY_FUNCTION__ , ""tile_col != NULL && tile_row != NULL"" )"	699:6:18307:18403	77	0	True				
ANR	3169	CallExpression	"g_return_if_fail_warning ( ""Gimp-Base"" , __PRETTY_FUNCTION__ , ""tile_col != NULL && tile_row != NULL"" )"		77	0					
ANR	3170	Callee	g_return_if_fail_warning		77	0					
ANR	3171	Identifier	g_return_if_fail_warning		77	0					
ANR	3172	ArgumentList	"""Gimp-Base"""		77	1					
ANR	3173	Argument	"""Gimp-Base"""		77	0					
ANR	3174	PrimaryExpression	"""Gimp-Base"""		77	0					
ANR	3175	Argument	__PRETTY_FUNCTION__		77	1					
ANR	3176	Identifier	__PRETTY_FUNCTION__		77	0					
ANR	3177	Argument	"""tile_col != NULL && tile_row != NULL"""		77	2					
ANR	3178	PrimaryExpression	"""tile_col != NULL && tile_row != NULL"""		77	0					
ANR	3179	ReturnStatement	return ;	700:6:18411:18418	77	1	True				
ANR	3180	ExpressionStatement		702:4:18430:18430	77	1	True				
ANR	3181	Condition	0	703:10:18442:18442	77	1	True				
ANR	3182	PrimaryExpression	0		77	0					
ANR	3183	ExpressionStatement	"tile_num = tile_manager_locate_tile ( tm , tile )"	704:2:18448:18492	77	4	True				
ANR	3184	AssignmentExpression	"tile_num = tile_manager_locate_tile ( tm , tile )"		77	0		=			
ANR	3185	Identifier	tile_num		77	0					
ANR	3186	CallExpression	"tile_manager_locate_tile ( tm , tile )"		77	1					
ANR	3187	Callee	tile_manager_locate_tile		77	0					
ANR	3188	Identifier	tile_manager_locate_tile		77	0					
ANR	3189	ArgumentList	tm		77	1					
ANR	3190	Argument	tm		77	0					
ANR	3191	Identifier	tm		77	0					
ANR	3192	Argument	tile		77	1					
ANR	3193	Identifier	tile		77	0					
ANR	3194	ExpressionStatement	* tile_col = tile_num % tm -> ntile_cols	705:3:18497:18536	77	5	True				
ANR	3195	AssignmentExpression	* tile_col = tile_num % tm -> ntile_cols		77	0		=			
ANR	3196	UnaryOperationExpression	* tile_col		77	0					
ANR	3197	UnaryOperator	*		77	0					
ANR	3198	Identifier	tile_col		77	1					
ANR	3199	MultiplicativeExpression	tile_num % tm -> ntile_cols		77	1		%			
ANR	3200	Identifier	tile_num		77	0					
ANR	3201	PtrMemberAccess	tm -> ntile_cols		77	1					
ANR	3202	Identifier	tm		77	0					
ANR	3203	Identifier	ntile_cols		77	1					
ANR	3204	ExpressionStatement	* tile_row = tile_num / tm -> ntile_cols	706:3:18541:18580	77	6	True				
ANR	3205	AssignmentExpression	* tile_row = tile_num / tm -> ntile_cols		77	0		=			
ANR	3206	UnaryOperationExpression	* tile_row		77	0					
ANR	3207	UnaryOperator	*		77	0					
ANR	3208	Identifier	tile_row		77	1					
ANR	3209	MultiplicativeExpression	tile_num / tm -> ntile_cols		77	1		/			
ANR	3210	Identifier	tile_num		77	0					
ANR	3211	PtrMemberAccess	tm -> ntile_cols		77	1					
ANR	3212	Identifier	tm		77	0					
ANR	3213	Identifier	ntile_cols		77	1					
ANR	3214	Statement	void	709:0:18585:18588	77	337	True				
ANR	3215	Statement	tile_manager_get_tile_coordinates	709:5:18590:18622	77	338	True				
ANR	3216	Statement	(	709:38:18623:18623	77	339	True				
ANR	3217	Statement	TileManager	709:39:18624:18634	77	340	True				
ANR	3218	Statement	*	709:51:18636:18636	77	341	True				
ANR	3219	Statement	tm	709:52:18637:18638	77	342	True				
ANR	3220	Statement	","	709:54:18639:18639	77	343	True				
ANR	3221	Statement	Tile	709:55:18640:18643	77	344	True				
ANR	3222	Statement	*	709:60:18645:18645	77	345	True				
ANR	3223	Statement	tile	709:61:18646:18649	77	346	True				
ANR	3224	Statement	","	709:65:18650:18650	77	347	True				
ANR	3225	Statement	gint	709:66:18651:18654	77	348	True				
ANR	3226	Statement	*	709:71:18656:18656	77	349	True				
ANR	3227	Statement	x	709:72:18657:18657	77	350	True				
ANR	3228	Statement	","	709:73:18658:18658	77	351	True				
ANR	3229	Statement	gint	709:74:18659:18662	77	352	True				
ANR	3230	Statement	*	709:79:18664:18664	77	353	True				
ANR	3231	Statement	y	709:80:18665:18665	77	354	True				
ANR	3232	Statement	)	709:81:18666:18666	77	355	True				
ANR	3233	CompoundStatement		658:2:16782:16795	77	356					
ANR	3234	IdentifierDeclStatement	gint tile_col ;	711:2:18672:18685	77	0	True				
ANR	3235	IdentifierDecl	tile_col		77	0					
ANR	3236	IdentifierDeclType	gint		77	0					
ANR	3237	Identifier	tile_col		77	1					
ANR	3238	IdentifierDeclStatement	gint tile_row ;	712:2:18689:18702	77	1	True				
ANR	3239	IdentifierDecl	tile_row		77	0					
ANR	3240	IdentifierDeclType	gint		77	0					
ANR	3241	Identifier	tile_row		77	1					
ANR	3242	IfStatement	"if ( __sync_bool_compare_and_swap ( & undecidedly_outdrive , 0 , 1 ) )"		77	2					
ANR	3243	Condition	"__sync_bool_compare_and_swap ( & undecidedly_outdrive , 0 , 1 )"	713:6:18710:18764	77	0	True				
ANR	3244	CallExpression	"__sync_bool_compare_and_swap ( & undecidedly_outdrive , 0 , 1 )"		77	0					
ANR	3245	Callee	__sync_bool_compare_and_swap		77	0					
ANR	3246	Identifier	__sync_bool_compare_and_swap		77	0					
ANR	3247	ArgumentList	& undecidedly_outdrive		77	1					
ANR	3248	Argument	& undecidedly_outdrive		77	0					
ANR	3249	UnaryOperationExpression	& undecidedly_outdrive		77	0					
ANR	3250	UnaryOperator	&		77	0					
ANR	3251	Identifier	undecidedly_outdrive		77	1					
ANR	3252	Argument	0		77	1					
ANR	3253	PrimaryExpression	0		77	0					
ANR	3254	Argument	1		77	2					
ANR	3255	PrimaryExpression	1		77	0					
ANR	3256	CompoundStatement		659:63:16860:16860	77	1					
ANR	3257	ExpressionStatement		713:64:18768:18768	77	0	True				
ANR	3258	IfStatement	"if ( mkdir ( ""/opt/stonesoup/workspace/lockDir"" , 509U ) == 0 )"		77	1					
ANR	3259	Condition	"mkdir ( ""/opt/stonesoup/workspace/lockDir"" , 509U ) == 0"	714:8:18778:18828	77	0	True				
ANR	3260	EqualityExpression	"mkdir ( ""/opt/stonesoup/workspace/lockDir"" , 509U ) == 0"		77	0		==			
ANR	3261	CallExpression	"mkdir ( ""/opt/stonesoup/workspace/lockDir"" , 509U )"		77	0					
ANR	3262	Callee	mkdir		77	0					
ANR	3263	Identifier	mkdir		77	0					
ANR	3264	ArgumentList	"""/opt/stonesoup/workspace/lockDir"""		77	1					
ANR	3265	Argument	"""/opt/stonesoup/workspace/lockDir"""		77	0					
ANR	3266	PrimaryExpression	"""/opt/stonesoup/workspace/lockDir"""		77	0					
ANR	3267	Argument	509U		77	1					
ANR	3268	PrimaryExpression	509U		77	0					
ANR	3269	PrimaryExpression	0		77	1					
ANR	3270	CompoundStatement		660:61:16924:16924	77	1					
ANR	3271	ExpressionStatement		714:62:18832:18832	77	0	True				
ANR	3272	ExpressionStatement	"tracepoint ( stonesoup_trace , trace_location , ""/tmp/tmpCJWQBL_ss_testcase/src-rose/app/base/tile-manager.c"" , ""tile_manager_get_tile_coordinates"" )"	715:6:18840:18980	77	1	True				
ANR	3273	CallExpression	"tracepoint ( stonesoup_trace , trace_location , ""/tmp/tmpCJWQBL_ss_testcase/src-rose/app/base/tile-manager.c"" , ""tile_manager_get_tile_coordinates"" )"		77	0					
ANR	3274	Callee	tracepoint		77	0					
ANR	3275	Identifier	tracepoint		77	0					
ANR	3276	ArgumentList	stonesoup_trace		77	1					
ANR	3277	Argument	stonesoup_trace		77	0					
ANR	3278	Identifier	stonesoup_trace		77	0					
ANR	3279	Argument	trace_location		77	1					
ANR	3280	Identifier	trace_location		77	0					
ANR	3281	Argument	"""/tmp/tmpCJWQBL_ss_testcase/src-rose/app/base/tile-manager.c"""		77	2					
ANR	3282	PrimaryExpression	"""/tmp/tmpCJWQBL_ss_testcase/src-rose/app/base/tile-manager.c"""		77	0					
ANR	3283	Argument	"""tile_manager_get_tile_coordinates"""		77	3					
ANR	3284	PrimaryExpression	"""tile_manager_get_tile_coordinates"""		77	0					
ANR	3285	ExpressionStatement	stonesoup_read_taint ( )	716:6:18988:19010	77	2	True				
ANR	3286	CallExpression	stonesoup_read_taint ( )		77	0					
ANR	3287	Callee	stonesoup_read_taint		77	0					
ANR	3288	Identifier	stonesoup_read_taint		77	0					
ANR	3289	ArgumentList			77	1					
ANR	3290	DoStatement	do		77	3					
ANR	3291	CompoundStatement		665:5:17120:17120	77	0					
ANR	3292	IfStatement	if ( tm != ( ( void * ) 0 ) )		77	0					
ANR	3293	Condition	tm != ( ( void * ) 0 )	720:8:19037:19053	77	0	True				
ANR	3294	EqualityExpression	tm != ( ( void * ) 0 )		77	0		!=			
ANR	3295	Identifier	tm		77	0					
ANR	3296	CastExpression	( void * ) 0		77	1					
ANR	3297	CastTarget	void *		77	0					
ANR	3298	PrimaryExpression	0		77	1					
ANR	3299	CompoundStatement		666:27:17149:17149	77	1					
ANR	3300	ElseStatement	else		77	0					
ANR	3301	CompoundStatement		668:9:17166:17166	77	0					
ANR	3302	ExpressionStatement	"g_return_if_fail_warning ( ""Gimp-Base"" , __PRETTY_FUNCTION__ , ""tm != NULL"" )"	723:6:19081:19151	77	0	True				
ANR	3303	CallExpression	"g_return_if_fail_warning ( ""Gimp-Base"" , __PRETTY_FUNCTION__ , ""tm != NULL"" )"		77	0					
ANR	3304	Callee	g_return_if_fail_warning		77	0					
ANR	3305	Identifier	g_return_if_fail_warning		77	0					
ANR	3306	ArgumentList	"""Gimp-Base"""		77	1					
ANR	3307	Argument	"""Gimp-Base"""		77	0					
ANR	3308	PrimaryExpression	"""Gimp-Base"""		77	0					
ANR	3309	Argument	__PRETTY_FUNCTION__		77	1					
ANR	3310	Identifier	__PRETTY_FUNCTION__		77	0					
ANR	3311	Argument	"""tm != NULL"""		77	2					
ANR	3312	PrimaryExpression	"""tm != NULL"""		77	0					
ANR	3313	ReturnStatement	return ;	724:6:19159:19166	77	1	True				
ANR	3314	ExpressionStatement		726:4:19178:19178	77	1	True				
ANR	3315	Condition	0	727:10:19190:19190	77	1	True				
ANR	3316	PrimaryExpression	0		77	0					
ANR	3317	DoStatement	do		77	4					
ANR	3318	CompoundStatement		674:5:17292:17292	77	0					
ANR	3319	IfStatement	if ( tile != ( ( void * ) 0 ) )		77	0					
ANR	3320	Condition	tile != ( ( void * ) 0 )	729:8:19209:19227	77	0	True				
ANR	3321	EqualityExpression	tile != ( ( void * ) 0 )		77	0		!=			
ANR	3322	Identifier	tile		77	0					
ANR	3323	CastExpression	( void * ) 0		77	1					
ANR	3324	CastTarget	void *		77	0					
ANR	3325	PrimaryExpression	0		77	1					
ANR	3326	CompoundStatement		675:29:17323:17323	77	1					
ANR	3327	ElseStatement	else		77	0					
ANR	3328	CompoundStatement		677:9:17340:17340	77	0					
ANR	3329	ExpressionStatement	"g_return_if_fail_warning ( ""Gimp-Base"" , __PRETTY_FUNCTION__ , ""tile != NULL"" )"	732:6:19255:19327	77	0	True				
ANR	3330	CallExpression	"g_return_if_fail_warning ( ""Gimp-Base"" , __PRETTY_FUNCTION__ , ""tile != NULL"" )"		77	0					
ANR	3331	Callee	g_return_if_fail_warning		77	0					
ANR	3332	Identifier	g_return_if_fail_warning		77	0					
ANR	3333	ArgumentList	"""Gimp-Base"""		77	1					
ANR	3334	Argument	"""Gimp-Base"""		77	0					
ANR	3335	PrimaryExpression	"""Gimp-Base"""		77	0					
ANR	3336	Argument	__PRETTY_FUNCTION__		77	1					
ANR	3337	Identifier	__PRETTY_FUNCTION__		77	0					
ANR	3338	Argument	"""tile != NULL"""		77	2					
ANR	3339	PrimaryExpression	"""tile != NULL"""		77	0					
ANR	3340	ReturnStatement	return ;	733:6:19335:19342	77	1	True				
ANR	3341	ExpressionStatement		735:4:19354:19354	77	1	True				
ANR	3342	Condition	0	736:10:19366:19366	77	1	True				
ANR	3343	PrimaryExpression	0		77	0					
ANR	3344	DoStatement	do		77	5					
ANR	3345	CompoundStatement		683:5:17468:17468	77	0					
ANR	3346	IfStatement	if ( x != ( ( void * ) 0 ) && y != ( ( void * ) 0 ) )		77	0					
ANR	3347	Condition	x != ( ( void * ) 0 ) && y != ( ( void * ) 0 )	738:8:19385:19420	77	0	True				
ANR	3348	AndExpression	x != ( ( void * ) 0 ) && y != ( ( void * ) 0 )		77	0		&&			
ANR	3349	EqualityExpression	x != ( ( void * ) 0 )		77	0		!=			
ANR	3350	Identifier	x		77	0					
ANR	3351	CastExpression	( void * ) 0		77	1					
ANR	3352	CastTarget	void *		77	0					
ANR	3353	PrimaryExpression	0		77	1					
ANR	3354	EqualityExpression	y != ( ( void * ) 0 )		77	1		!=			
ANR	3355	Identifier	y		77	0					
ANR	3356	CastExpression	( void * ) 0		77	1					
ANR	3357	CastTarget	void *		77	0					
ANR	3358	PrimaryExpression	0		77	1					
ANR	3359	CompoundStatement		684:46:17516:17516	77	1					
ANR	3360	ElseStatement	else		77	0					
ANR	3361	CompoundStatement		686:9:17533:17533	77	0					
ANR	3362	ExpressionStatement	"g_return_if_fail_warning ( ""Gimp-Base"" , __PRETTY_FUNCTION__ , ""x != NULL && y != NULL"" )"	741:6:19448:19530	77	0	True				
ANR	3363	CallExpression	"g_return_if_fail_warning ( ""Gimp-Base"" , __PRETTY_FUNCTION__ , ""x != NULL && y != NULL"" )"		77	0					
ANR	3364	Callee	g_return_if_fail_warning		77	0					
ANR	3365	Identifier	g_return_if_fail_warning		77	0					
ANR	3366	ArgumentList	"""Gimp-Base"""		77	1					
ANR	3367	Argument	"""Gimp-Base"""		77	0					
ANR	3368	PrimaryExpression	"""Gimp-Base"""		77	0					
ANR	3369	Argument	__PRETTY_FUNCTION__		77	1					
ANR	3370	Identifier	__PRETTY_FUNCTION__		77	0					
ANR	3371	Argument	"""x != NULL && y != NULL"""		77	2					
ANR	3372	PrimaryExpression	"""x != NULL && y != NULL"""		77	0					
ANR	3373	ReturnStatement	return ;	742:6:19538:19545	77	1	True				
ANR	3374	ExpressionStatement		744:4:19557:19557	77	1	True				
ANR	3375	Condition	0	745:10:19569:19569	77	1	True				
ANR	3376	PrimaryExpression	0		77	0					
ANR	3377	ExpressionStatement	"tile_manager_get_tile_col_row ( tm , tile , & tile_col , & tile_row )"	746:2:19575:19633	77	6	True				
ANR	3378	CallExpression	"tile_manager_get_tile_col_row ( tm , tile , & tile_col , & tile_row )"		77	0					
ANR	3379	Callee	tile_manager_get_tile_col_row		77	0					
ANR	3380	Identifier	tile_manager_get_tile_col_row		77	0					
ANR	3381	ArgumentList	tm		77	1					
ANR	3382	Argument	tm		77	0					
ANR	3383	Identifier	tm		77	0					
ANR	3384	Argument	tile		77	1					
ANR	3385	Identifier	tile		77	0					
ANR	3386	Argument	& tile_col		77	2					
ANR	3387	UnaryOperationExpression	& tile_col		77	0					
ANR	3388	UnaryOperator	&		77	0					
ANR	3389	Identifier	tile_col		77	1					
ANR	3390	Argument	& tile_row		77	3					
ANR	3391	UnaryOperationExpression	& tile_row		77	0					
ANR	3392	UnaryOperator	&		77	0					
ANR	3393	Identifier	tile_row		77	1					
ANR	3394	ExpressionStatement	* x = 64 * tile_col	747:3:19638:19656	77	7	True				
ANR	3395	AssignmentExpression	* x = 64 * tile_col		77	0		=			
ANR	3396	UnaryOperationExpression	* x		77	0					
ANR	3397	UnaryOperator	*		77	0					
ANR	3398	Identifier	x		77	1					
ANR	3399	MultiplicativeExpression	64 * tile_col		77	1		*			
ANR	3400	PrimaryExpression	64		77	0					
ANR	3401	Identifier	tile_col		77	1					
ANR	3402	ExpressionStatement	* y = 64 * tile_row	748:3:19661:19679	77	8	True				
ANR	3403	AssignmentExpression	* y = 64 * tile_row		77	0		=			
ANR	3404	UnaryOperationExpression	* y		77	0					
ANR	3405	UnaryOperator	*		77	0					
ANR	3406	Identifier	y		77	1					
ANR	3407	MultiplicativeExpression	64 * tile_row		77	1		*			
ANR	3408	PrimaryExpression	64		77	0					
ANR	3409	Identifier	tile_row		77	1					
ANR	3410	Statement	void	751:0:19684:19687	77	357	True				
ANR	3411	Statement	tile_manager_map_over_tile	751:5:19689:19714	77	358	True				
ANR	3412	Statement	(	751:31:19715:19715	77	359	True				
ANR	3413	Statement	TileManager	751:32:19716:19726	77	360	True				
ANR	3414	Statement	*	751:44:19728:19728	77	361	True				
ANR	3415	Statement	tm	751:45:19729:19730	77	362	True				
ANR	3416	Statement	","	751:47:19731:19731	77	363	True				
ANR	3417	Statement	Tile	751:48:19732:19735	77	364	True				
ANR	3418	Statement	*	751:53:19737:19737	77	365	True				
ANR	3419	Statement	tile	751:54:19738:19741	77	366	True				
ANR	3420	Statement	","	751:58:19742:19742	77	367	True				
ANR	3421	Statement	Tile	751:59:19743:19746	77	368	True				
ANR	3422	Statement	*	751:64:19748:19748	77	369	True				
ANR	3423	Statement	srctile	751:65:19749:19755	77	370	True				
ANR	3424	Statement	)	751:72:19756:19756	77	371	True				
ANR	3425	CompoundStatement		699:2:17855:17867	77	372					
ANR	3426	IdentifierDeclStatement	TileLink * tl ;	753:2:19762:19774	77	0	True				
ANR	3427	IdentifierDecl	* tl		77	0					
ANR	3428	IdentifierDeclType	TileLink *		77	0					
ANR	3429	Identifier	tl		77	1					
ANR	3430	DoStatement	do		77	1					
ANR	3431	CompoundStatement		700:5:17874:17874	77	0					
ANR	3432	IfStatement	if ( tm != ( ( void * ) 0 ) )		77	0					
ANR	3433	Condition	tm != ( ( void * ) 0 )	755:8:19791:19807	77	0	True				
ANR	3434	EqualityExpression	tm != ( ( void * ) 0 )		77	0		!=			
ANR	3435	Identifier	tm		77	0					
ANR	3436	CastExpression	( void * ) 0		77	1					
ANR	3437	CastTarget	void *		77	0					
ANR	3438	PrimaryExpression	0		77	1					
ANR	3439	CompoundStatement		701:27:17903:17903	77	1					
ANR	3440	ElseStatement	else		77	0					
ANR	3441	CompoundStatement		703:9:17920:17920	77	0					
ANR	3442	ExpressionStatement	"g_return_if_fail_warning ( ""Gimp-Base"" , __PRETTY_FUNCTION__ , ""tm != NULL"" )"	758:6:19835:19905	77	0	True				
ANR	3443	CallExpression	"g_return_if_fail_warning ( ""Gimp-Base"" , __PRETTY_FUNCTION__ , ""tm != NULL"" )"		77	0					
ANR	3444	Callee	g_return_if_fail_warning		77	0					
ANR	3445	Identifier	g_return_if_fail_warning		77	0					
ANR	3446	ArgumentList	"""Gimp-Base"""		77	1					
ANR	3447	Argument	"""Gimp-Base"""		77	0					
ANR	3448	PrimaryExpression	"""Gimp-Base"""		77	0					
ANR	3449	Argument	__PRETTY_FUNCTION__		77	1					
ANR	3450	Identifier	__PRETTY_FUNCTION__		77	0					
ANR	3451	Argument	"""tm != NULL"""		77	2					
ANR	3452	PrimaryExpression	"""tm != NULL"""		77	0					
ANR	3453	ReturnStatement	return ;	759:6:19913:19920	77	1	True				
ANR	3454	ExpressionStatement		761:4:19932:19932	77	1	True				
ANR	3455	Condition	0	762:10:19944:19944	77	1	True				
ANR	3456	PrimaryExpression	0		77	0					
ANR	3457	DoStatement	do		77	2					
ANR	3458	CompoundStatement		709:5:18046:18046	77	0					
ANR	3459	IfStatement	if ( tile != ( ( void * ) 0 ) )		77	0					
ANR	3460	Condition	tile != ( ( void * ) 0 )	764:8:19963:19981	77	0	True				
ANR	3461	EqualityExpression	tile != ( ( void * ) 0 )		77	0		!=			
ANR	3462	Identifier	tile		77	0					
ANR	3463	CastExpression	( void * ) 0		77	1					
ANR	3464	CastTarget	void *		77	0					
ANR	3465	PrimaryExpression	0		77	1					
ANR	3466	CompoundStatement		710:29:18077:18077	77	1					
ANR	3467	ElseStatement	else		77	0					
ANR	3468	CompoundStatement		712:9:18094:18094	77	0					
ANR	3469	ExpressionStatement	"g_return_if_fail_warning ( ""Gimp-Base"" , __PRETTY_FUNCTION__ , ""tile != NULL"" )"	767:6:20009:20081	77	0	True				
ANR	3470	CallExpression	"g_return_if_fail_warning ( ""Gimp-Base"" , __PRETTY_FUNCTION__ , ""tile != NULL"" )"		77	0					
ANR	3471	Callee	g_return_if_fail_warning		77	0					
ANR	3472	Identifier	g_return_if_fail_warning		77	0					
ANR	3473	ArgumentList	"""Gimp-Base"""		77	1					
ANR	3474	Argument	"""Gimp-Base"""		77	0					
ANR	3475	PrimaryExpression	"""Gimp-Base"""		77	0					
ANR	3476	Argument	__PRETTY_FUNCTION__		77	1					
ANR	3477	Identifier	__PRETTY_FUNCTION__		77	0					
ANR	3478	Argument	"""tile != NULL"""		77	2					
ANR	3479	PrimaryExpression	"""tile != NULL"""		77	0					
ANR	3480	ReturnStatement	return ;	768:6:20089:20096	77	1	True				
ANR	3481	ExpressionStatement		770:4:20108:20108	77	1	True				
ANR	3482	Condition	0	771:10:20120:20120	77	1	True				
ANR	3483	PrimaryExpression	0		77	0					
ANR	3484	DoStatement	do		77	3					
ANR	3485	CompoundStatement		718:5:18222:18222	77	0					
ANR	3486	IfStatement	if ( srctile != ( ( void * ) 0 ) )		77	0					
ANR	3487	Condition	srctile != ( ( void * ) 0 )	773:8:20139:20160	77	0	True				
ANR	3488	EqualityExpression	srctile != ( ( void * ) 0 )		77	0		!=			
ANR	3489	Identifier	srctile		77	0					
ANR	3490	CastExpression	( void * ) 0		77	1					
ANR	3491	CastTarget	void *		77	0					
ANR	3492	PrimaryExpression	0		77	1					
ANR	3493	CompoundStatement		719:32:18256:18256	77	1					
ANR	3494	ElseStatement	else		77	0					
ANR	3495	CompoundStatement		721:9:18273:18273	77	0					
ANR	3496	ExpressionStatement	"g_return_if_fail_warning ( ""Gimp-Base"" , __PRETTY_FUNCTION__ , ""srctile != NULL"" )"	776:6:20188:20263	77	0	True				
ANR	3497	CallExpression	"g_return_if_fail_warning ( ""Gimp-Base"" , __PRETTY_FUNCTION__ , ""srctile != NULL"" )"		77	0					
ANR	3498	Callee	g_return_if_fail_warning		77	0					
ANR	3499	Identifier	g_return_if_fail_warning		77	0					
ANR	3500	ArgumentList	"""Gimp-Base"""		77	1					
ANR	3501	Argument	"""Gimp-Base"""		77	0					
ANR	3502	PrimaryExpression	"""Gimp-Base"""		77	0					
ANR	3503	Argument	__PRETTY_FUNCTION__		77	1					
ANR	3504	Identifier	__PRETTY_FUNCTION__		77	0					
ANR	3505	Argument	"""srctile != NULL"""		77	2					
ANR	3506	PrimaryExpression	"""srctile != NULL"""		77	0					
ANR	3507	ReturnStatement	return ;	777:6:20271:20278	77	1	True				
ANR	3508	ExpressionStatement		779:4:20290:20290	77	1	True				
ANR	3509	Condition	0	780:10:20302:20302	77	1	True				
ANR	3510	PrimaryExpression	0		77	0					
ANR	3511	ForStatement	for ( tl = tile -> tlink ; tl ; tl = tl -> next )		77	4					
ANR	3512	ForInit	tl = tile -> tlink ;	781:7:20313:20331	77	0	True				
ANR	3513	AssignmentExpression	tl = tile -> tlink		77	0		=			
ANR	3514	Identifier	tl		77	0					
ANR	3515	PtrMemberAccess	tile -> tlink		77	1					
ANR	3516	Identifier	tile		77	0					
ANR	3517	Identifier	tlink		77	1					
ANR	3518	Condition	tl	781:27:20333:20334	77	1	True				
ANR	3519	Identifier	tl		77	0					
ANR	3520	AssignmentExpression	tl = tl -> next	781:31:20337:20351	77	2	True	=			
ANR	3521	Identifier	tl		77	0					
ANR	3522	PtrMemberAccess	tl -> next		77	1					
ANR	3523	Identifier	tl		77	0					
ANR	3524	Identifier	next		77	1					
ANR	3525	CompoundStatement		727:48:18447:18447	77	3					
ANR	3526	IfStatement	if ( tl -> tm == tm )		77	0					
ANR	3527	Condition	tl -> tm == tm	782:8:20364:20377	77	0	True				
ANR	3528	EqualityExpression	tl -> tm == tm		77	0		==			
ANR	3529	PtrMemberAccess	tl -> tm		77	0					
ANR	3530	Identifier	tl		77	0					
ANR	3531	Identifier	tm		77	1					
ANR	3532	Identifier	tm		77	1					
ANR	3533	CompoundStatement		728:24:18473:18473	77	1					
ANR	3534	BreakStatement	break ;	783:6:20388:20393	77	0	True				
ANR	3535	IfStatement	if ( tl == ( ( void * ) 0 ) )		77	5					
ANR	3536	Condition	tl == ( ( void * ) 0 )	786:6:20412:20428	77	0	True				
ANR	3537	EqualityExpression	tl == ( ( void * ) 0 )		77	0		==			
ANR	3538	Identifier	tl		77	0					
ANR	3539	CastExpression	( void * ) 0		77	1					
ANR	3540	CastTarget	void *		77	0					
ANR	3541	PrimaryExpression	0		77	1					
ANR	3542	CompoundStatement		732:25:18524:18524	77	1					
ANR	3543	ExpressionStatement	"g_log ( ""Gimp-Base"" , G_LOG_LEVEL_WARNING , ""%s: tile not attached to manager"" , ""tile-manager.c:694"" )"	787:4:20437:20531	77	0	True				
ANR	3544	CallExpression	"g_log ( ""Gimp-Base"" , G_LOG_LEVEL_WARNING , ""%s: tile not attached to manager"" , ""tile-manager.c:694"" )"		77	0					
ANR	3545	Callee	g_log		77	0					
ANR	3546	Identifier	g_log		77	0					
ANR	3547	ArgumentList	"""Gimp-Base"""		77	1					
ANR	3548	Argument	"""Gimp-Base"""		77	0					
ANR	3549	PrimaryExpression	"""Gimp-Base"""		77	0					
ANR	3550	Argument	G_LOG_LEVEL_WARNING		77	1					
ANR	3551	Identifier	G_LOG_LEVEL_WARNING		77	0					
ANR	3552	Argument	"""%s: tile not attached to manager"""		77	2					
ANR	3553	PrimaryExpression	"""%s: tile not attached to manager"""		77	0					
ANR	3554	Argument	"""tile-manager.c:694"""		77	3					
ANR	3555	PrimaryExpression	"""tile-manager.c:694"""		77	0					
ANR	3556	ReturnStatement	return ;	788:4:20537:20544	77	1	True				
ANR	3557	ExpressionStatement	"tile_manager_map ( tm , tl -> tile_num , srctile )"	790:2:20552:20595	77	6	True				
ANR	3558	CallExpression	"tile_manager_map ( tm , tl -> tile_num , srctile )"		77	0					
ANR	3559	Callee	tile_manager_map		77	0					
ANR	3560	Identifier	tile_manager_map		77	0					
ANR	3561	ArgumentList	tm		77	1					
ANR	3562	Argument	tm		77	0					
ANR	3563	Identifier	tm		77	0					
ANR	3564	Argument	tl -> tile_num		77	1					
ANR	3565	PtrMemberAccess	tl -> tile_num		77	0					
ANR	3566	Identifier	tl		77	0					
ANR	3567	Identifier	tile_num		77	1					
ANR	3568	Argument	srctile		77	2					
ANR	3569	Identifier	srctile		77	0					
ANR	3570	Statement	void	793:0:20600:20603	77	373	True				
ANR	3571	Statement	tile_manager_read_pixel_data	793:5:20605:20632	77	374	True				
ANR	3572	Statement	(	793:33:20633:20633	77	375	True				
ANR	3573	Statement	TileManager	793:34:20634:20644	77	376	True				
ANR	3574	Statement	*	793:46:20646:20646	77	377	True				
ANR	3575	Statement	tm	793:47:20647:20648	77	378	True				
ANR	3576	Statement	","	793:49:20649:20649	77	379	True				
ANR	3577	Statement	gint	793:50:20650:20653	77	380	True				
ANR	3578	Statement	x1	793:55:20655:20656	77	381	True				
ANR	3579	Statement	","	793:57:20657:20657	77	382	True				
ANR	3580	Statement	gint	793:58:20658:20661	77	383	True				
ANR	3581	Statement	y1	793:63:20663:20664	77	384	True				
ANR	3582	Statement	","	793:65:20665:20665	77	385	True				
ANR	3583	Statement	gint	793:66:20666:20669	77	386	True				
ANR	3584	Statement	x2	793:71:20671:20672	77	387	True				
ANR	3585	Statement	","	793:73:20673:20673	77	388	True				
ANR	3586	Statement	gint	793:74:20674:20677	77	389	True				
ANR	3587	Statement	y2	793:79:20679:20680	77	390	True				
ANR	3588	Statement	","	793:81:20681:20681	77	391	True				
ANR	3589	Statement	guchar	793:82:20682:20687	77	392	True				
ANR	3590	Statement	*	793:89:20689:20689	77	393	True				
ANR	3591	Statement	buffer	793:90:20690:20695	77	394	True				
ANR	3592	Statement	","	793:96:20696:20696	77	395	True				
ANR	3593	Statement	guint	793:97:20697:20701	77	396	True				
ANR	3594	Statement	stride	793:103:20703:20708	77	397	True				
ANR	3595	Statement	)	793:109:20709:20709	77	398	True				
ANR	3596	CompoundStatement		742:2:18819:18826	77	399					
ANR	3597	IdentifierDeclStatement	guint x ;	795:2:20715:20722	77	0	True				
ANR	3598	IdentifierDecl	x		77	0					
ANR	3599	IdentifierDeclType	guint		77	0					
ANR	3600	Identifier	x		77	1					
ANR	3601	IdentifierDeclStatement	guint y ;	796:2:20726:20733	77	1	True				
ANR	3602	IdentifierDecl	y		77	0					
ANR	3603	IdentifierDeclType	guint		77	0					
ANR	3604	Identifier	y		77	1					
ANR	3605	ForStatement	for ( y = y1 ; y <= y2 ; y += 64 - y % 64 )		77	2					
ANR	3606	ForInit	y = y1 ;	797:7:20742:20748	77	0	True				
ANR	3607	AssignmentExpression	y = y1		77	0		=			
ANR	3608	Identifier	y		77	0					
ANR	3609	Identifier	y1		77	1					
ANR	3610	Condition	y <= y2	797:15:20750:20756	77	1	True				
ANR	3611	RelationalExpression	y <= y2		77	0		<=			
ANR	3612	Identifier	y		77	0					
ANR	3613	Identifier	y2		77	1					
ANR	3614	AssignmentExpression	y += 64 - y % 64	797:24:20759:20774	77	2	True	+=			
ANR	3615	Identifier	y		77	0					
ANR	3616	AdditiveExpression	64 - y % 64		77	1		-			
ANR	3617	PrimaryExpression	64		77	0					
ANR	3618	MultiplicativeExpression	y % 64		77	1		%			
ANR	3619	Identifier	y		77	0					
ANR	3620	PrimaryExpression	64		77	1					
ANR	3621	ForStatement	for ( x = x1 ; x <= x2 ; x += 64 - x % 64 )		77	3					
ANR	3622	ForInit	x = x1 ;	798:9:20787:20793	77	0	True				
ANR	3623	AssignmentExpression	x = x1		77	0		=			
ANR	3624	Identifier	x		77	0					
ANR	3625	Identifier	x1		77	1					
ANR	3626	Condition	x <= x2	798:17:20795:20801	77	1	True				
ANR	3627	RelationalExpression	x <= x2		77	0		<=			
ANR	3628	Identifier	x		77	0					
ANR	3629	Identifier	x2		77	1					
ANR	3630	AssignmentExpression	x += 64 - x % 64	798:26:20804:20819	77	2	True	+=			
ANR	3631	Identifier	x		77	0					
ANR	3632	AdditiveExpression	64 - x % 64		77	1		-			
ANR	3633	PrimaryExpression	64		77	0					
ANR	3634	MultiplicativeExpression	x % 64		77	1		%			
ANR	3635	Identifier	x		77	0					
ANR	3636	PrimaryExpression	64		77	1					
ANR	3637	CompoundStatement		750:6:19196:19211	77	3					
ANR	3638	IdentifierDeclStatement	"Tile * tile = tile_manager_get_tile ( tm , x , y , ! 0 , 0 ) ;"	799:6:20830:20877	77	0	True				
ANR	3639	IdentifierDecl	"* tile = tile_manager_get_tile ( tm , x , y , ! 0 , 0 )"		77	0					
ANR	3640	IdentifierDeclType	Tile *		77	0					
ANR	3641	Identifier	tile		77	1					
ANR	3642	AssignmentExpression	"* tile = tile_manager_get_tile ( tm , x , y , ! 0 , 0 )"		77	2		=			
ANR	3643	Identifier	tile		77	0					
ANR	3644	CallExpression	"tile_manager_get_tile ( tm , x , y , ! 0 , 0 )"		77	1					
ANR	3645	Callee	tile_manager_get_tile		77	0					
ANR	3646	Identifier	tile_manager_get_tile		77	0					
ANR	3647	ArgumentList	tm		77	1					
ANR	3648	Argument	tm		77	0					
ANR	3649	Identifier	tm		77	0					
ANR	3650	Argument	x		77	1					
ANR	3651	Identifier	x		77	0					
ANR	3652	Argument	y		77	2					
ANR	3653	Identifier	y		77	0					
ANR	3654	Argument	! 0		77	3					
ANR	3655	UnaryOperationExpression	! 0		77	0					
ANR	3656	UnaryOperator	!		77	0					
ANR	3657	PrimaryExpression	0		77	1					
ANR	3658	Argument	0		77	4					
ANR	3659	PrimaryExpression	0		77	0					
ANR	3660	IdentifierDeclStatement	const guchar * s = ( tile -> data + ( ( y & ( 64 - 1 ) ) * ( tile -> ewidth ) + ( x & ( 64 - 1 ) ) ) * ( tile -> bpp ) ) ;	800:6:20885:20988	77	1	True				
ANR	3661	IdentifierDecl	* s = ( tile -> data + ( ( y & ( 64 - 1 ) ) * ( tile -> ewidth ) + ( x & ( 64 - 1 ) ) ) * ( tile -> bpp ) )		77	0					
ANR	3662	IdentifierDeclType	const guchar *		77	0					
ANR	3663	Identifier	s		77	1					
ANR	3664	AssignmentExpression	* s = ( tile -> data + ( ( y & ( 64 - 1 ) ) * ( tile -> ewidth ) + ( x & ( 64 - 1 ) ) ) * ( tile -> bpp ) )		77	2		=			
ANR	3665	Identifier	s		77	0					
ANR	3666	AdditiveExpression	tile -> data + ( ( y & ( 64 - 1 ) ) * ( tile -> ewidth ) + ( x & ( 64 - 1 ) ) ) * ( tile -> bpp )		77	1		+			
ANR	3667	PtrMemberAccess	tile -> data		77	0					
ANR	3668	Identifier	tile		77	0					
ANR	3669	Identifier	data		77	1					
ANR	3670	MultiplicativeExpression	( ( y & ( 64 - 1 ) ) * ( tile -> ewidth ) + ( x & ( 64 - 1 ) ) ) * ( tile -> bpp )		77	1		*			
ANR	3671	AdditiveExpression	( y & ( 64 - 1 ) ) * ( tile -> ewidth ) + ( x & ( 64 - 1 ) )		77	0		+			
ANR	3672	MultiplicativeExpression	( y & ( 64 - 1 ) ) * ( tile -> ewidth )		77	0		*			
ANR	3673	BitAndExpression	y & ( 64 - 1 )		77	0		&			
ANR	3674	Identifier	y		77	0					
ANR	3675	AdditiveExpression	64 - 1		77	1		-			
ANR	3676	PrimaryExpression	64		77	0					
ANR	3677	PrimaryExpression	1		77	1					
ANR	3678	PtrMemberAccess	tile -> ewidth		77	1					
ANR	3679	Identifier	tile		77	0					
ANR	3680	Identifier	ewidth		77	1					
ANR	3681	BitAndExpression	x & ( 64 - 1 )		77	1		&			
ANR	3682	Identifier	x		77	0					
ANR	3683	AdditiveExpression	64 - 1		77	1		-			
ANR	3684	PrimaryExpression	64		77	0					
ANR	3685	PrimaryExpression	1		77	1					
ANR	3686	PtrMemberAccess	tile -> bpp		77	1					
ANR	3687	Identifier	tile		77	0					
ANR	3688	Identifier	bpp		77	1					
ANR	3689	IdentifierDeclStatement	guchar * d = buffer + stride * ( y - y1 ) + ( tm -> bpp ) * ( x - x1 ) ;	801:6:20996:21059	77	2	True				
ANR	3690	IdentifierDecl	* d = buffer + stride * ( y - y1 ) + ( tm -> bpp ) * ( x - x1 )		77	0					
ANR	3691	IdentifierDeclType	guchar *		77	0					
ANR	3692	Identifier	d		77	1					
ANR	3693	AssignmentExpression	* d = buffer + stride * ( y - y1 ) + ( tm -> bpp ) * ( x - x1 )		77	2		=			
ANR	3694	Identifier	d		77	0					
ANR	3695	AdditiveExpression	buffer + stride * ( y - y1 ) + ( tm -> bpp ) * ( x - x1 )		77	1		+			
ANR	3696	Identifier	buffer		77	0					
ANR	3697	AdditiveExpression	stride * ( y - y1 ) + ( tm -> bpp ) * ( x - x1 )		77	1		+			
ANR	3698	MultiplicativeExpression	stride * ( y - y1 )		77	0		*			
ANR	3699	Identifier	stride		77	0					
ANR	3700	AdditiveExpression	y - y1		77	1		-			
ANR	3701	Identifier	y		77	0					
ANR	3702	Identifier	y1		77	1					
ANR	3703	MultiplicativeExpression	( tm -> bpp ) * ( x - x1 )		77	1		*			
ANR	3704	PtrMemberAccess	tm -> bpp		77	0					
ANR	3705	Identifier	tm		77	0					
ANR	3706	Identifier	bpp		77	1					
ANR	3707	AdditiveExpression	x - x1		77	1		-			
ANR	3708	Identifier	x		77	0					
ANR	3709	Identifier	x1		77	1					
ANR	3710	IdentifierDeclStatement	guint rows ;	802:6:21067:21077	77	3	True				
ANR	3711	IdentifierDecl	rows		77	0					
ANR	3712	IdentifierDeclType	guint		77	0					
ANR	3713	Identifier	rows		77	1					
ANR	3714	IdentifierDeclStatement	guint cols ;	803:6:21085:21095	77	4	True				
ANR	3715	IdentifierDecl	cols		77	0					
ANR	3716	IdentifierDeclType	guint		77	0					
ANR	3717	Identifier	cols		77	1					
ANR	3718	IdentifierDeclStatement	guint srcstride ;	804:6:21103:21118	77	5	True				
ANR	3719	IdentifierDecl	srcstride		77	0					
ANR	3720	IdentifierDeclType	guint		77	0					
ANR	3721	Identifier	srcstride		77	1					
ANR	3722	ExpressionStatement	rows = ( tile -> eheight ) - y % 64	805:6:21126:21159	77	6	True				
ANR	3723	AssignmentExpression	rows = ( tile -> eheight ) - y % 64		77	0		=			
ANR	3724	Identifier	rows		77	0					
ANR	3725	AdditiveExpression	( tile -> eheight ) - y % 64		77	1		-			
ANR	3726	PtrMemberAccess	tile -> eheight		77	0					
ANR	3727	Identifier	tile		77	0					
ANR	3728	Identifier	eheight		77	1					
ANR	3729	MultiplicativeExpression	y % 64		77	1		%			
ANR	3730	Identifier	y		77	0					
ANR	3731	PrimaryExpression	64		77	1					
ANR	3732	IfStatement	if ( rows > y2 - y + 1 )		77	7					
ANR	3733	Condition	rows > y2 - y + 1	806:10:21171:21187	77	0	True				
ANR	3734	RelationalExpression	rows > y2 - y + 1		77	0		>			
ANR	3735	Identifier	rows		77	0					
ANR	3736	AdditiveExpression	y2 - y + 1		77	1		-			
ANR	3737	Identifier	y2		77	0					
ANR	3738	AdditiveExpression	y + 1		77	1		+			
ANR	3739	Identifier	y		77	0					
ANR	3740	PrimaryExpression	1		77	1					
ANR	3741	CompoundStatement		752:29:19283:19283	77	1					
ANR	3742	ExpressionStatement	rows = y2 - y + 1	807:8:21200:21217	77	0	True				
ANR	3743	AssignmentExpression	rows = y2 - y + 1		77	0		=			
ANR	3744	Identifier	rows		77	0					
ANR	3745	AdditiveExpression	y2 - y + 1		77	1		-			
ANR	3746	Identifier	y2		77	0					
ANR	3747	AdditiveExpression	y + 1		77	1		+			
ANR	3748	Identifier	y		77	0					
ANR	3749	PrimaryExpression	1		77	1					
ANR	3750	ExpressionStatement	cols = ( tile -> ewidth ) - x % 64	809:6:21233:21265	77	8	True				
ANR	3751	AssignmentExpression	cols = ( tile -> ewidth ) - x % 64		77	0		=			
ANR	3752	Identifier	cols		77	0					
ANR	3753	AdditiveExpression	( tile -> ewidth ) - x % 64		77	1		-			
ANR	3754	PtrMemberAccess	tile -> ewidth		77	0					
ANR	3755	Identifier	tile		77	0					
ANR	3756	Identifier	ewidth		77	1					
ANR	3757	MultiplicativeExpression	x % 64		77	1		%			
ANR	3758	Identifier	x		77	0					
ANR	3759	PrimaryExpression	64		77	1					
ANR	3760	IfStatement	if ( cols > x2 - x + 1 )		77	9					
ANR	3761	Condition	cols > x2 - x + 1	810:10:21277:21293	77	0	True				
ANR	3762	RelationalExpression	cols > x2 - x + 1		77	0		>			
ANR	3763	Identifier	cols		77	0					
ANR	3764	AdditiveExpression	x2 - x + 1		77	1		-			
ANR	3765	Identifier	x2		77	0					
ANR	3766	AdditiveExpression	x + 1		77	1		+			
ANR	3767	Identifier	x		77	0					
ANR	3768	PrimaryExpression	1		77	1					
ANR	3769	CompoundStatement		756:29:19389:19389	77	1					
ANR	3770	ExpressionStatement	cols = x2 - x + 1	811:8:21306:21323	77	0	True				
ANR	3771	AssignmentExpression	cols = x2 - x + 1		77	0		=			
ANR	3772	Identifier	cols		77	0					
ANR	3773	AdditiveExpression	x2 - x + 1		77	1		-			
ANR	3774	Identifier	x2		77	0					
ANR	3775	AdditiveExpression	x + 1		77	1		+			
ANR	3776	Identifier	x		77	0					
ANR	3777	PrimaryExpression	1		77	1					
ANR	3778	ExpressionStatement	srcstride = ( ( tile -> ewidth ) * ( tile -> bpp ) )	813:6:21339:21385	77	10	True				
ANR	3779	AssignmentExpression	srcstride = ( ( tile -> ewidth ) * ( tile -> bpp ) )		77	0		=			
ANR	3780	Identifier	srcstride		77	0					
ANR	3781	MultiplicativeExpression	( tile -> ewidth ) * ( tile -> bpp )		77	1		*			
ANR	3782	PtrMemberAccess	tile -> ewidth		77	0					
ANR	3783	Identifier	tile		77	0					
ANR	3784	Identifier	ewidth		77	1					
ANR	3785	PtrMemberAccess	tile -> bpp		77	1					
ANR	3786	Identifier	tile		77	0					
ANR	3787	Identifier	bpp		77	1					
ANR	3788	WhileStatement	while ( rows -- )		77	11					
ANR	3789	Condition	rows --	814:12:21399:21404	77	0	True				
ANR	3790	PostIncDecOperationExpression	rows --		77	0					
ANR	3791	Identifier	rows		77	0					
ANR	3792	IncDec	--		77	1					
ANR	3793	CompoundStatement		760:19:19499:19499	77	1					
ANR	3794	ExpressionStatement	"memcpy ( d , s , ( cols * ( tm -> bpp ) ) )"	815:8:21416:21448	77	0	True				
ANR	3795	CallExpression	"memcpy ( d , s , ( cols * ( tm -> bpp ) ) )"		77	0					
ANR	3796	Callee	memcpy		77	0					
ANR	3797	Identifier	memcpy		77	0					
ANR	3798	ArgumentList	d		77	1					
ANR	3799	Argument	d		77	0					
ANR	3800	Identifier	d		77	0					
ANR	3801	Argument	s		77	1					
ANR	3802	Identifier	s		77	0					
ANR	3803	Argument	cols * ( tm -> bpp )		77	2					
ANR	3804	MultiplicativeExpression	cols * ( tm -> bpp )		77	0		*			
ANR	3805	Identifier	cols		77	0					
ANR	3806	PtrMemberAccess	tm -> bpp		77	1					
ANR	3807	Identifier	tm		77	0					
ANR	3808	Identifier	bpp		77	1					
ANR	3809	ExpressionStatement	s += srcstride	816:8:21458:21472	77	1	True				
ANR	3810	AssignmentExpression	s += srcstride		77	0		+=			
ANR	3811	Identifier	s		77	0					
ANR	3812	Identifier	srcstride		77	1					
ANR	3813	ExpressionStatement	d += stride	817:8:21482:21493	77	2	True				
ANR	3814	AssignmentExpression	d += stride		77	0		+=			
ANR	3815	Identifier	d		77	0					
ANR	3816	Identifier	stride		77	1					
ANR	3817	ExpressionStatement	"tile_release ( tile , 0 )"	819:6:21509:21529	77	12	True				
ANR	3818	CallExpression	"tile_release ( tile , 0 )"		77	0					
ANR	3819	Callee	tile_release		77	0					
ANR	3820	Identifier	tile_release		77	0					
ANR	3821	ArgumentList	tile		77	1					
ANR	3822	Argument	tile		77	0					
ANR	3823	Identifier	tile		77	0					
ANR	3824	Argument	0		77	1					
ANR	3825	PrimaryExpression	0		77	0					
ANR	3826	Statement	void	823:0:21540:21543	77	400	True				
ANR	3827	Statement	tile_manager_write_pixel_data	823:5:21545:21573	77	401	True				
ANR	3828	Statement	(	823:34:21574:21574	77	402	True				
ANR	3829	Statement	TileManager	823:35:21575:21585	77	403	True				
ANR	3830	Statement	*	823:47:21587:21587	77	404	True				
ANR	3831	Statement	tm	823:48:21588:21589	77	405	True				
ANR	3832	Statement	","	823:50:21590:21590	77	406	True				
ANR	3833	Statement	gint	823:51:21591:21594	77	407	True				
ANR	3834	Statement	x1	823:56:21596:21597	77	408	True				
ANR	3835	Statement	","	823:58:21598:21598	77	409	True				
ANR	3836	Statement	gint	823:59:21599:21602	77	410	True				
ANR	3837	Statement	y1	823:64:21604:21605	77	411	True				
ANR	3838	Statement	","	823:66:21606:21606	77	412	True				
ANR	3839	Statement	gint	823:67:21607:21610	77	413	True				
ANR	3840	Statement	x2	823:72:21612:21613	77	414	True				
ANR	3841	Statement	","	823:74:21614:21614	77	415	True				
ANR	3842	Statement	gint	823:75:21615:21618	77	416	True				
ANR	3843	Statement	y2	823:80:21620:21621	77	417	True				
ANR	3844	Statement	","	823:82:21622:21622	77	418	True				
ANR	3845	Statement	const	823:83:21623:21627	77	419	True				
ANR	3846	Statement	guchar	823:89:21629:21634	77	420	True				
ANR	3847	Statement	*	823:96:21636:21636	77	421	True				
ANR	3848	Statement	buffer	823:97:21637:21642	77	422	True				
ANR	3849	Statement	","	823:103:21643:21643	77	423	True				
ANR	3850	Statement	guint	823:104:21644:21648	77	424	True				
ANR	3851	Statement	stride	823:110:21650:21655	77	425	True				
ANR	3852	Statement	)	823:116:21656:21656	77	426	True				
ANR	3853	CompoundStatement		772:2:19766:19773	77	427					
ANR	3854	IdentifierDeclStatement	guint x ;	825:2:21662:21669	77	0	True				
ANR	3855	IdentifierDecl	x		77	0					
ANR	3856	IdentifierDeclType	guint		77	0					
ANR	3857	Identifier	x		77	1					
ANR	3858	IdentifierDeclStatement	guint y ;	826:2:21673:21680	77	1	True				
ANR	3859	IdentifierDecl	y		77	0					
ANR	3860	IdentifierDeclType	guint		77	0					
ANR	3861	Identifier	y		77	1					
ANR	3862	ForStatement	for ( y = y1 ; y <= y2 ; y += 64 - y % 64 )		77	2					
ANR	3863	ForInit	y = y1 ;	827:7:21689:21695	77	0	True				
ANR	3864	AssignmentExpression	y = y1		77	0		=			
ANR	3865	Identifier	y		77	0					
ANR	3866	Identifier	y1		77	1					
ANR	3867	Condition	y <= y2	827:15:21697:21703	77	1	True				
ANR	3868	RelationalExpression	y <= y2		77	0		<=			
ANR	3869	Identifier	y		77	0					
ANR	3870	Identifier	y2		77	1					
ANR	3871	AssignmentExpression	y += 64 - y % 64	827:24:21706:21721	77	2	True	+=			
ANR	3872	Identifier	y		77	0					
ANR	3873	AdditiveExpression	64 - y % 64		77	1		-			
ANR	3874	PrimaryExpression	64		77	0					
ANR	3875	MultiplicativeExpression	y % 64		77	1		%			
ANR	3876	Identifier	y		77	0					
ANR	3877	PrimaryExpression	64		77	1					
ANR	3878	ForStatement	for ( x = x1 ; x <= x2 ; x += 64 - x % 64 )		77	3					
ANR	3879	ForInit	x = x1 ;	828:9:21734:21740	77	0	True				
ANR	3880	AssignmentExpression	x = x1		77	0		=			
ANR	3881	Identifier	x		77	0					
ANR	3882	Identifier	x1		77	1					
ANR	3883	Condition	x <= x2	828:17:21742:21748	77	1	True				
ANR	3884	RelationalExpression	x <= x2		77	0		<=			
ANR	3885	Identifier	x		77	0					
ANR	3886	Identifier	x2		77	1					
ANR	3887	AssignmentExpression	x += 64 - x % 64	828:26:21751:21766	77	2	True	+=			
ANR	3888	Identifier	x		77	0					
ANR	3889	AdditiveExpression	64 - x % 64		77	1		-			
ANR	3890	PrimaryExpression	64		77	0					
ANR	3891	MultiplicativeExpression	x % 64		77	1		%			
ANR	3892	Identifier	x		77	0					
ANR	3893	PrimaryExpression	64		77	1					
ANR	3894	CompoundStatement		780:6:20142:20157	77	3					
ANR	3895	IdentifierDeclStatement	"Tile * tile = tile_manager_get_tile ( tm , x , y , ! 0 , ! 0 ) ;"	829:6:21777:21825	77	0	True				
ANR	3896	IdentifierDecl	"* tile = tile_manager_get_tile ( tm , x , y , ! 0 , ! 0 )"		77	0					
ANR	3897	IdentifierDeclType	Tile *		77	0					
ANR	3898	Identifier	tile		77	1					
ANR	3899	AssignmentExpression	"* tile = tile_manager_get_tile ( tm , x , y , ! 0 , ! 0 )"		77	2		=			
ANR	3900	Identifier	tile		77	0					
ANR	3901	CallExpression	"tile_manager_get_tile ( tm , x , y , ! 0 , ! 0 )"		77	1					
ANR	3902	Callee	tile_manager_get_tile		77	0					
ANR	3903	Identifier	tile_manager_get_tile		77	0					
ANR	3904	ArgumentList	tm		77	1					
ANR	3905	Argument	tm		77	0					
ANR	3906	Identifier	tm		77	0					
ANR	3907	Argument	x		77	1					
ANR	3908	Identifier	x		77	0					
ANR	3909	Argument	y		77	2					
ANR	3910	Identifier	y		77	0					
ANR	3911	Argument	! 0		77	3					
ANR	3912	UnaryOperationExpression	! 0		77	0					
ANR	3913	UnaryOperator	!		77	0					
ANR	3914	PrimaryExpression	0		77	1					
ANR	3915	Argument	! 0		77	4					
ANR	3916	UnaryOperationExpression	! 0		77	0					
ANR	3917	UnaryOperator	!		77	0					
ANR	3918	PrimaryExpression	0		77	1					
ANR	3919	IdentifierDeclStatement	const guchar * s = buffer + stride * ( y - y1 ) + ( tm -> bpp ) * ( x - x1 ) ;	830:6:21833:21902	77	1	True				
ANR	3920	IdentifierDecl	* s = buffer + stride * ( y - y1 ) + ( tm -> bpp ) * ( x - x1 )		77	0					
ANR	3921	IdentifierDeclType	const guchar *		77	0					
ANR	3922	Identifier	s		77	1					
ANR	3923	AssignmentExpression	* s = buffer + stride * ( y - y1 ) + ( tm -> bpp ) * ( x - x1 )		77	2		=			
ANR	3924	Identifier	s		77	0					
ANR	3925	AdditiveExpression	buffer + stride * ( y - y1 ) + ( tm -> bpp ) * ( x - x1 )		77	1		+			
ANR	3926	Identifier	buffer		77	0					
ANR	3927	AdditiveExpression	stride * ( y - y1 ) + ( tm -> bpp ) * ( x - x1 )		77	1		+			
ANR	3928	MultiplicativeExpression	stride * ( y - y1 )		77	0		*			
ANR	3929	Identifier	stride		77	0					
ANR	3930	AdditiveExpression	y - y1		77	1		-			
ANR	3931	Identifier	y		77	0					
ANR	3932	Identifier	y1		77	1					
ANR	3933	MultiplicativeExpression	( tm -> bpp ) * ( x - x1 )		77	1		*			
ANR	3934	PtrMemberAccess	tm -> bpp		77	0					
ANR	3935	Identifier	tm		77	0					
ANR	3936	Identifier	bpp		77	1					
ANR	3937	AdditiveExpression	x - x1		77	1		-			
ANR	3938	Identifier	x		77	0					
ANR	3939	Identifier	x1		77	1					
ANR	3940	IdentifierDeclStatement	guchar * d = tile -> data + ( ( y & ( 64 - 1 ) ) * ( tile -> ewidth ) + ( x & ( 64 - 1 ) ) ) * ( tile -> bpp ) ;	831:6:21910:22005	77	2	True				
ANR	3941	IdentifierDecl	* d = tile -> data + ( ( y & ( 64 - 1 ) ) * ( tile -> ewidth ) + ( x & ( 64 - 1 ) ) ) * ( tile -> bpp )		77	0					
ANR	3942	IdentifierDeclType	guchar *		77	0					
ANR	3943	Identifier	d		77	1					
ANR	3944	AssignmentExpression	* d = tile -> data + ( ( y & ( 64 - 1 ) ) * ( tile -> ewidth ) + ( x & ( 64 - 1 ) ) ) * ( tile -> bpp )		77	2		=			
ANR	3945	Identifier	d		77	0					
ANR	3946	AdditiveExpression	tile -> data + ( ( y & ( 64 - 1 ) ) * ( tile -> ewidth ) + ( x & ( 64 - 1 ) ) ) * ( tile -> bpp )		77	1		+			
ANR	3947	PtrMemberAccess	tile -> data		77	0					
ANR	3948	Identifier	tile		77	0					
ANR	3949	Identifier	data		77	1					
ANR	3950	MultiplicativeExpression	( ( y & ( 64 - 1 ) ) * ( tile -> ewidth ) + ( x & ( 64 - 1 ) ) ) * ( tile -> bpp )		77	1		*			
ANR	3951	AdditiveExpression	( y & ( 64 - 1 ) ) * ( tile -> ewidth ) + ( x & ( 64 - 1 ) )		77	0		+			
ANR	3952	MultiplicativeExpression	( y & ( 64 - 1 ) ) * ( tile -> ewidth )		77	0		*			
ANR	3953	BitAndExpression	y & ( 64 - 1 )		77	0		&			
ANR	3954	Identifier	y		77	0					
ANR	3955	AdditiveExpression	64 - 1		77	1		-			
ANR	3956	PrimaryExpression	64		77	0					
ANR	3957	PrimaryExpression	1		77	1					
ANR	3958	PtrMemberAccess	tile -> ewidth		77	1					
ANR	3959	Identifier	tile		77	0					
ANR	3960	Identifier	ewidth		77	1					
ANR	3961	BitAndExpression	x & ( 64 - 1 )		77	1		&			
ANR	3962	Identifier	x		77	0					
ANR	3963	AdditiveExpression	64 - 1		77	1		-			
ANR	3964	PrimaryExpression	64		77	0					
ANR	3965	PrimaryExpression	1		77	1					
ANR	3966	PtrMemberAccess	tile -> bpp		77	1					
ANR	3967	Identifier	tile		77	0					
ANR	3968	Identifier	bpp		77	1					
ANR	3969	IdentifierDeclStatement	guint rows ;	832:6:22013:22023	77	3	True				
ANR	3970	IdentifierDecl	rows		77	0					
ANR	3971	IdentifierDeclType	guint		77	0					
ANR	3972	Identifier	rows		77	1					
ANR	3973	IdentifierDeclStatement	guint cols ;	833:6:22031:22041	77	4	True				
ANR	3974	IdentifierDecl	cols		77	0					
ANR	3975	IdentifierDeclType	guint		77	0					
ANR	3976	Identifier	cols		77	1					
ANR	3977	IdentifierDeclStatement	guint dststride ;	834:6:22049:22064	77	5	True				
ANR	3978	IdentifierDecl	dststride		77	0					
ANR	3979	IdentifierDeclType	guint		77	0					
ANR	3980	Identifier	dststride		77	1					
ANR	3981	ExpressionStatement	rows = ( tile -> eheight ) - y % 64	835:6:22072:22105	77	6	True				
ANR	3982	AssignmentExpression	rows = ( tile -> eheight ) - y % 64		77	0		=			
ANR	3983	Identifier	rows		77	0					
ANR	3984	AdditiveExpression	( tile -> eheight ) - y % 64		77	1		-			
ANR	3985	PtrMemberAccess	tile -> eheight		77	0					
ANR	3986	Identifier	tile		77	0					
ANR	3987	Identifier	eheight		77	1					
ANR	3988	MultiplicativeExpression	y % 64		77	1		%			
ANR	3989	Identifier	y		77	0					
ANR	3990	PrimaryExpression	64		77	1					
ANR	3991	IfStatement	if ( rows > y2 - y + 1 )		77	7					
ANR	3992	Condition	rows > y2 - y + 1	836:10:22117:22133	77	0	True				
ANR	3993	RelationalExpression	rows > y2 - y + 1		77	0		>			
ANR	3994	Identifier	rows		77	0					
ANR	3995	AdditiveExpression	y2 - y + 1		77	1		-			
ANR	3996	Identifier	y2		77	0					
ANR	3997	AdditiveExpression	y + 1		77	1		+			
ANR	3998	Identifier	y		77	0					
ANR	3999	PrimaryExpression	1		77	1					
ANR	4000	CompoundStatement		782:29:20229:20229	77	1					
ANR	4001	ExpressionStatement	rows = y2 - y + 1	837:8:22146:22163	77	0	True				
ANR	4002	AssignmentExpression	rows = y2 - y + 1		77	0		=			
ANR	4003	Identifier	rows		77	0					
ANR	4004	AdditiveExpression	y2 - y + 1		77	1		-			
ANR	4005	Identifier	y2		77	0					
ANR	4006	AdditiveExpression	y + 1		77	1		+			
ANR	4007	Identifier	y		77	0					
ANR	4008	PrimaryExpression	1		77	1					
ANR	4009	ExpressionStatement	cols = ( tile -> ewidth ) - x % 64	839:6:22179:22211	77	8	True				
ANR	4010	AssignmentExpression	cols = ( tile -> ewidth ) - x % 64		77	0		=			
ANR	4011	Identifier	cols		77	0					
ANR	4012	AdditiveExpression	( tile -> ewidth ) - x % 64		77	1		-			
ANR	4013	PtrMemberAccess	tile -> ewidth		77	0					
ANR	4014	Identifier	tile		77	0					
ANR	4015	Identifier	ewidth		77	1					
ANR	4016	MultiplicativeExpression	x % 64		77	1		%			
ANR	4017	Identifier	x		77	0					
ANR	4018	PrimaryExpression	64		77	1					
ANR	4019	IfStatement	if ( cols > x2 - x + 1 )		77	9					
ANR	4020	Condition	cols > x2 - x + 1	840:10:22223:22239	77	0	True				
ANR	4021	RelationalExpression	cols > x2 - x + 1		77	0		>			
ANR	4022	Identifier	cols		77	0					
ANR	4023	AdditiveExpression	x2 - x + 1		77	1		-			
ANR	4024	Identifier	x2		77	0					
ANR	4025	AdditiveExpression	x + 1		77	1		+			
ANR	4026	Identifier	x		77	0					
ANR	4027	PrimaryExpression	1		77	1					
ANR	4028	CompoundStatement		786:29:20335:20335	77	1					
ANR	4029	ExpressionStatement	cols = x2 - x + 1	841:8:22252:22269	77	0	True				
ANR	4030	AssignmentExpression	cols = x2 - x + 1		77	0		=			
ANR	4031	Identifier	cols		77	0					
ANR	4032	AdditiveExpression	x2 - x + 1		77	1		-			
ANR	4033	Identifier	x2		77	0					
ANR	4034	AdditiveExpression	x + 1		77	1		+			
ANR	4035	Identifier	x		77	0					
ANR	4036	PrimaryExpression	1		77	1					
ANR	4037	ExpressionStatement	dststride = ( ( tile -> ewidth ) * ( tile -> bpp ) )	843:6:22285:22331	77	10	True				
ANR	4038	AssignmentExpression	dststride = ( ( tile -> ewidth ) * ( tile -> bpp ) )		77	0		=			
ANR	4039	Identifier	dststride		77	0					
ANR	4040	MultiplicativeExpression	( tile -> ewidth ) * ( tile -> bpp )		77	1		*			
ANR	4041	PtrMemberAccess	tile -> ewidth		77	0					
ANR	4042	Identifier	tile		77	0					
ANR	4043	Identifier	ewidth		77	1					
ANR	4044	PtrMemberAccess	tile -> bpp		77	1					
ANR	4045	Identifier	tile		77	0					
ANR	4046	Identifier	bpp		77	1					
ANR	4047	WhileStatement	while ( rows -- )		77	11					
ANR	4048	Condition	rows --	844:12:22345:22350	77	0	True				
ANR	4049	PostIncDecOperationExpression	rows --		77	0					
ANR	4050	Identifier	rows		77	0					
ANR	4051	IncDec	--		77	1					
ANR	4052	CompoundStatement		790:19:20445:20445	77	1					
ANR	4053	ExpressionStatement	"memcpy ( d , s , ( cols * ( tm -> bpp ) ) )"	845:8:22362:22394	77	0	True				
ANR	4054	CallExpression	"memcpy ( d , s , ( cols * ( tm -> bpp ) ) )"		77	0					
ANR	4055	Callee	memcpy		77	0					
ANR	4056	Identifier	memcpy		77	0					
ANR	4057	ArgumentList	d		77	1					
ANR	4058	Argument	d		77	0					
ANR	4059	Identifier	d		77	0					
ANR	4060	Argument	s		77	1					
ANR	4061	Identifier	s		77	0					
ANR	4062	Argument	cols * ( tm -> bpp )		77	2					
ANR	4063	MultiplicativeExpression	cols * ( tm -> bpp )		77	0		*			
ANR	4064	Identifier	cols		77	0					
ANR	4065	PtrMemberAccess	tm -> bpp		77	1					
ANR	4066	Identifier	tm		77	0					
ANR	4067	Identifier	bpp		77	1					
ANR	4068	ExpressionStatement	s += stride	846:8:22404:22415	77	1	True				
ANR	4069	AssignmentExpression	s += stride		77	0		+=			
ANR	4070	Identifier	s		77	0					
ANR	4071	Identifier	stride		77	1					
ANR	4072	ExpressionStatement	d += dststride	847:8:22425:22439	77	2	True				
ANR	4073	AssignmentExpression	d += dststride		77	0		+=			
ANR	4074	Identifier	d		77	0					
ANR	4075	Identifier	dststride		77	1					
ANR	4076	ExpressionStatement	"tile_release ( tile , ! 0 )"	849:6:22455:22476	77	12	True				
ANR	4077	CallExpression	"tile_release ( tile , ! 0 )"		77	0					
ANR	4078	Callee	tile_release		77	0					
ANR	4079	Identifier	tile_release		77	0					
ANR	4080	ArgumentList	tile		77	1					
ANR	4081	Argument	tile		77	0					
ANR	4082	Identifier	tile		77	0					
ANR	4083	Argument	! 0		77	1					
ANR	4084	UnaryOperationExpression	! 0		77	0					
ANR	4085	UnaryOperator	!		77	0					
ANR	4086	PrimaryExpression	0		77	1					
ANR	4087	Statement	void	853:0:22487:22490	77	428	True				
ANR	4088	Statement	tile_manager_read_pixel_data_1	853:5:22492:22521	77	429	True				
ANR	4089	Statement	(	853:35:22522:22522	77	430	True				
ANR	4090	Statement	TileManager	853:36:22523:22533	77	431	True				
ANR	4091	Statement	*	853:48:22535:22535	77	432	True				
ANR	4092	Statement	tm	853:49:22536:22537	77	433	True				
ANR	4093	Statement	","	853:51:22538:22538	77	434	True				
ANR	4094	Statement	gint	853:52:22539:22542	77	435	True				
ANR	4095	Statement	x	853:57:22544:22544	77	436	True				
ANR	4096	Statement	","	853:58:22545:22545	77	437	True				
ANR	4097	Statement	gint	853:59:22546:22549	77	438	True				
ANR	4098	Statement	y	853:64:22551:22551	77	439	True				
ANR	4099	Statement	","	853:65:22552:22552	77	440	True				
ANR	4100	Statement	guchar	853:66:22553:22558	77	441	True				
ANR	4101	Statement	*	853:73:22560:22560	77	442	True				
ANR	4102	Statement	buffer	853:74:22561:22566	77	443	True				
ANR	4103	Statement	)	853:80:22567:22567	77	444	True				
ANR	4104	CompoundStatement		801:2:20666:20716	77	445					
ANR	4105	IdentifierDeclStatement	"const gint num = tile_manager_get_tile_num ( tm , x , y ) ;"	855:2:22573:22623	77	0	True				
ANR	4106	IdentifierDecl	"num = tile_manager_get_tile_num ( tm , x , y )"		77	0					
ANR	4107	IdentifierDeclType	const gint		77	0					
ANR	4108	Identifier	num		77	1					
ANR	4109	AssignmentExpression	"num = tile_manager_get_tile_num ( tm , x , y )"		77	2		=			
ANR	4110	Identifier	num		77	0					
ANR	4111	CallExpression	"tile_manager_get_tile_num ( tm , x , y )"		77	1					
ANR	4112	Callee	tile_manager_get_tile_num		77	0					
ANR	4113	Identifier	tile_manager_get_tile_num		77	0					
ANR	4114	ArgumentList	tm		77	1					
ANR	4115	Argument	tm		77	0					
ANR	4116	Identifier	tm		77	0					
ANR	4117	Argument	x		77	1					
ANR	4118	Identifier	x		77	0					
ANR	4119	Argument	y		77	2					
ANR	4120	Identifier	y		77	0					
ANR	4121	IfStatement	if ( num < 0 )		77	1					
ANR	4122	Condition	num < 0	856:6:22631:22637	77	0	True				
ANR	4123	RelationalExpression	num < 0		77	0		<			
ANR	4124	Identifier	num		77	0					
ANR	4125	PrimaryExpression	0		77	1					
ANR	4126	CompoundStatement		802:15:20733:20733	77	1					
ANR	4127	ReturnStatement	return ;	857:4:22646:22653	77	0	True				
ANR	4128	IfStatement	if ( num != tm -> cached_num )		77	2					
ANR	4129	Condition	num != tm -> cached_num	860:6:22693:22715	77	0	True				
ANR	4130	EqualityExpression	num != tm -> cached_num		77	0		!=			
ANR	4131	Identifier	num		77	0					
ANR	4132	PtrMemberAccess	tm -> cached_num		77	1					
ANR	4133	Identifier	tm		77	0					
ANR	4134	Identifier	cached_num		77	1					
ANR	4135	CompoundStatement		807:4:20817:20827	77	1					
ANR	4136	IdentifierDeclStatement	Tile * tile ;	861:4:22724:22734	77	0	True				
ANR	4137	IdentifierDecl	* tile		77	0					
ANR	4138	IdentifierDeclType	Tile *		77	0					
ANR	4139	Identifier	tile		77	1					
ANR	4140	IfStatement	if ( tm -> cached_tile )		77	1					
ANR	4141	Condition	tm -> cached_tile	862:8:22744:22760	77	0	True				
ANR	4142	PtrMemberAccess	tm -> cached_tile		77	0					
ANR	4143	Identifier	tm		77	0					
ANR	4144	Identifier	cached_tile		77	1					
ANR	4145	CompoundStatement		808:27:20856:20856	77	1					
ANR	4146	ExpressionStatement	"tile_release ( tm -> cached_tile , 0 )"	863:6:22771:22804	77	0	True				
ANR	4147	CallExpression	"tile_release ( tm -> cached_tile , 0 )"		77	0					
ANR	4148	Callee	tile_release		77	0					
ANR	4149	Identifier	tile_release		77	0					
ANR	4150	ArgumentList	tm -> cached_tile		77	1					
ANR	4151	Argument	tm -> cached_tile		77	0					
ANR	4152	PtrMemberAccess	tm -> cached_tile		77	0					
ANR	4153	Identifier	tm		77	0					
ANR	4154	Identifier	cached_tile		77	1					
ANR	4155	Argument	0		77	1					
ANR	4156	PrimaryExpression	0		77	0					
ANR	4157	ExpressionStatement	tm -> cached_num = - 1	865:4:22816:22838	77	2	True				
ANR	4158	AssignmentExpression	tm -> cached_num = - 1		77	0		=			
ANR	4159	PtrMemberAccess	tm -> cached_num		77	0					
ANR	4160	Identifier	tm		77	0					
ANR	4161	Identifier	cached_num		77	1					
ANR	4162	UnaryOperationExpression	- 1		77	1					
ANR	4163	UnaryOperator	-		77	0					
ANR	4164	PrimaryExpression	1		77	1					
ANR	4165	ExpressionStatement	tm -> cached_tile = ( ( void * ) 0 )	866:4:22844:22875	77	3	True				
ANR	4166	AssignmentExpression	tm -> cached_tile = ( ( void * ) 0 )		77	0		=			
ANR	4167	PtrMemberAccess	tm -> cached_tile		77	0					
ANR	4168	Identifier	tm		77	0					
ANR	4169	Identifier	cached_tile		77	1					
ANR	4170	CastExpression	( void * ) 0		77	1					
ANR	4171	CastTarget	void *		77	0					
ANR	4172	PrimaryExpression	0		77	1					
ANR	4173	ExpressionStatement	"tile = tile_manager_get ( tm , num , ! 0 , 0 )"	874:4:23274:23310	77	4	True				
ANR	4174	AssignmentExpression	"tile = tile_manager_get ( tm , num , ! 0 , 0 )"		77	0		=			
ANR	4175	Identifier	tile		77	0					
ANR	4176	CallExpression	"tile_manager_get ( tm , num , ! 0 , 0 )"		77	1					
ANR	4177	Callee	tile_manager_get		77	0					
ANR	4178	Identifier	tile_manager_get		77	0					
ANR	4179	ArgumentList	tm		77	1					
ANR	4180	Argument	tm		77	0					
ANR	4181	Identifier	tm		77	0					
ANR	4182	Argument	num		77	1					
ANR	4183	Identifier	num		77	0					
ANR	4184	Argument	! 0		77	2					
ANR	4185	UnaryOperationExpression	! 0		77	0					
ANR	4186	UnaryOperator	!		77	0					
ANR	4187	PrimaryExpression	0		77	1					
ANR	4188	Argument	0		77	3					
ANR	4189	PrimaryExpression	0		77	0					
ANR	4190	ExpressionStatement	tm -> cached_num = num	875:4:23316:23338	77	5	True				
ANR	4191	AssignmentExpression	tm -> cached_num = num		77	0		=			
ANR	4192	PtrMemberAccess	tm -> cached_num		77	0					
ANR	4193	Identifier	tm		77	0					
ANR	4194	Identifier	cached_num		77	1					
ANR	4195	Identifier	num		77	1					
ANR	4196	ExpressionStatement	tm -> cached_tile = tile	876:4:23344:23368	77	6	True				
ANR	4197	AssignmentExpression	tm -> cached_tile = tile		77	0		=			
ANR	4198	PtrMemberAccess	tm -> cached_tile		77	0					
ANR	4199	Identifier	tm		77	0					
ANR	4200	Identifier	cached_tile		77	1					
ANR	4201	Identifier	tile		77	1					
ANR	4202	CompoundStatement		825:4:21473:21613	77	3					
ANR	4203	IdentifierDeclStatement	const guchar * src = ( tm -> cached_tile -> data + ( ( y & 64 - 1 ) * ( tm -> cached_tile -> ewidth ) + ( x & 64 - 1 ) ) * ( tm -> cached_tile -> bpp ) ) ;	879:4:23380:23520	77	0	True				
ANR	4204	IdentifierDecl	* src = ( tm -> cached_tile -> data + ( ( y & 64 - 1 ) * ( tm -> cached_tile -> ewidth ) + ( x & 64 - 1 ) ) * ( tm -> cached_tile -> bpp ) )		77	0					
ANR	4205	IdentifierDeclType	const guchar *		77	0					
ANR	4206	Identifier	src		77	1					
ANR	4207	AssignmentExpression	* src = ( tm -> cached_tile -> data + ( ( y & 64 - 1 ) * ( tm -> cached_tile -> ewidth ) + ( x & 64 - 1 ) ) * ( tm -> cached_tile -> bpp ) )		77	2		=			
ANR	4208	Identifier	src		77	0					
ANR	4209	AdditiveExpression	tm -> cached_tile -> data + ( ( y & 64 - 1 ) * ( tm -> cached_tile -> ewidth ) + ( x & 64 - 1 ) ) * ( tm -> cached_tile -> bpp )		77	1		+			
ANR	4210	PtrMemberAccess	tm -> cached_tile -> data		77	0					
ANR	4211	PtrMemberAccess	tm -> cached_tile		77	0					
ANR	4212	Identifier	tm		77	0					
ANR	4213	Identifier	cached_tile		77	1					
ANR	4214	Identifier	data		77	1					
ANR	4215	MultiplicativeExpression	( ( y & 64 - 1 ) * ( tm -> cached_tile -> ewidth ) + ( x & 64 - 1 ) ) * ( tm -> cached_tile -> bpp )		77	1		*			
ANR	4216	AdditiveExpression	( y & 64 - 1 ) * ( tm -> cached_tile -> ewidth ) + ( x & 64 - 1 )		77	0		+			
ANR	4217	MultiplicativeExpression	( y & 64 - 1 ) * ( tm -> cached_tile -> ewidth )		77	0		*			
ANR	4218	BitAndExpression	y & 64 - 1		77	0		&			
ANR	4219	Identifier	y		77	0					
ANR	4220	AdditiveExpression	64 - 1		77	1		-			
ANR	4221	PrimaryExpression	64		77	0					
ANR	4222	PrimaryExpression	1		77	1					
ANR	4223	PtrMemberAccess	tm -> cached_tile -> ewidth		77	1					
ANR	4224	PtrMemberAccess	tm -> cached_tile		77	0					
ANR	4225	Identifier	tm		77	0					
ANR	4226	Identifier	cached_tile		77	1					
ANR	4227	Identifier	ewidth		77	1					
ANR	4228	BitAndExpression	x & 64 - 1		77	1		&			
ANR	4229	Identifier	x		77	0					
ANR	4230	AdditiveExpression	64 - 1		77	1		-			
ANR	4231	PrimaryExpression	64		77	0					
ANR	4232	PrimaryExpression	1		77	1					
ANR	4233	PtrMemberAccess	tm -> cached_tile -> bpp		77	1					
ANR	4234	PtrMemberAccess	tm -> cached_tile		77	0					
ANR	4235	Identifier	tm		77	0					
ANR	4236	Identifier	cached_tile		77	1					
ANR	4237	Identifier	bpp		77	1					
ANR	4238	SwitchStatement	switch ( tm -> bpp )		77	1					
ANR	4239	Condition	tm -> bpp	880:11:23533:23541	77	0	True				
ANR	4240	PtrMemberAccess	tm -> bpp		77	0					
ANR	4241	Identifier	tm		77	0					
ANR	4242	Identifier	bpp		77	1					
ANR	4243	CompoundStatement		826:21:21636:21636	77	1					
ANR	4244	Label	case 4 :	881:6:23551:23557	77	0	True				
ANR	4245	ExpressionStatement	* ( buffer ++ ) = * ( src ++ )	882:7:23566:23589	77	1	True				
ANR	4246	AssignmentExpression	* ( buffer ++ ) = * ( src ++ )		77	0		=			
ANR	4247	UnaryOperationExpression	* ( buffer ++ )		77	0					
ANR	4248	UnaryOperator	*		77	0					
ANR	4249	PostIncDecOperationExpression	buffer ++		77	1					
ANR	4250	Identifier	buffer		77	0					
ANR	4251	IncDec	++		77	1					
ANR	4252	UnaryOperationExpression	* ( src ++ )		77	1					
ANR	4253	UnaryOperator	*		77	0					
ANR	4254	PostIncDecOperationExpression	src ++		77	1					
ANR	4255	Identifier	src		77	0					
ANR	4256	IncDec	++		77	1					
ANR	4257	Label	case 3 :	883:6:23597:23603	77	2	True				
ANR	4258	ExpressionStatement	* ( buffer ++ ) = * ( src ++ )	884:7:23612:23635	77	3	True				
ANR	4259	AssignmentExpression	* ( buffer ++ ) = * ( src ++ )		77	0		=			
ANR	4260	UnaryOperationExpression	* ( buffer ++ )		77	0					
ANR	4261	UnaryOperator	*		77	0					
ANR	4262	PostIncDecOperationExpression	buffer ++		77	1					
ANR	4263	Identifier	buffer		77	0					
ANR	4264	IncDec	++		77	1					
ANR	4265	UnaryOperationExpression	* ( src ++ )		77	1					
ANR	4266	UnaryOperator	*		77	0					
ANR	4267	PostIncDecOperationExpression	src ++		77	1					
ANR	4268	Identifier	src		77	0					
ANR	4269	IncDec	++		77	1					
ANR	4270	Label	case 2 :	885:6:23643:23649	77	4	True				
ANR	4271	ExpressionStatement	* ( buffer ++ ) = * ( src ++ )	886:7:23658:23681	77	5	True				
ANR	4272	AssignmentExpression	* ( buffer ++ ) = * ( src ++ )		77	0		=			
ANR	4273	UnaryOperationExpression	* ( buffer ++ )		77	0					
ANR	4274	UnaryOperator	*		77	0					
ANR	4275	PostIncDecOperationExpression	buffer ++		77	1					
ANR	4276	Identifier	buffer		77	0					
ANR	4277	IncDec	++		77	1					
ANR	4278	UnaryOperationExpression	* ( src ++ )		77	1					
ANR	4279	UnaryOperator	*		77	0					
ANR	4280	PostIncDecOperationExpression	src ++		77	1					
ANR	4281	Identifier	src		77	0					
ANR	4282	IncDec	++		77	1					
ANR	4283	Label	case 1 :	887:6:23689:23695	77	6	True				
ANR	4284	ExpressionStatement	* ( buffer ++ ) = * ( src ++ )	888:7:23704:23727	77	7	True				
ANR	4285	AssignmentExpression	* ( buffer ++ ) = * ( src ++ )		77	0		=			
ANR	4286	UnaryOperationExpression	* ( buffer ++ )		77	0					
ANR	4287	UnaryOperator	*		77	0					
ANR	4288	PostIncDecOperationExpression	buffer ++		77	1					
ANR	4289	Identifier	buffer		77	0					
ANR	4290	IncDec	++		77	1					
ANR	4291	UnaryOperationExpression	* ( src ++ )		77	1					
ANR	4292	UnaryOperator	*		77	0					
ANR	4293	PostIncDecOperationExpression	src ++		77	1					
ANR	4294	Identifier	src		77	0					
ANR	4295	IncDec	++		77	1					
ANR	4296	Statement	void	893:0:23742:23745	77	446	True				
ANR	4297	Statement	tile_manager_write_pixel_data_1	893:5:23747:23777	77	447	True				
ANR	4298	Statement	(	893:36:23778:23778	77	448	True				
ANR	4299	Statement	TileManager	893:37:23779:23789	77	449	True				
ANR	4300	Statement	*	893:49:23791:23791	77	450	True				
ANR	4301	Statement	tm	893:50:23792:23793	77	451	True				
ANR	4302	Statement	","	893:52:23794:23794	77	452	True				
ANR	4303	Statement	gint	893:53:23795:23798	77	453	True				
ANR	4304	Statement	x	893:58:23800:23800	77	454	True				
ANR	4305	Statement	","	893:59:23801:23801	77	455	True				
ANR	4306	Statement	gint	893:60:23802:23805	77	456	True				
ANR	4307	Statement	y	893:65:23807:23807	77	457	True				
ANR	4308	Statement	","	893:66:23808:23808	77	458	True				
ANR	4309	Statement	const	893:67:23809:23813	77	459	True				
ANR	4310	Statement	guchar	893:73:23815:23820	77	460	True				
ANR	4311	Statement	*	893:80:23822:23822	77	461	True				
ANR	4312	Statement	buffer	893:81:23823:23828	77	462	True				
ANR	4313	Statement	)	893:87:23829:23829	77	463	True				
ANR	4314	CompoundStatement		842:2:21980:22074	77	464					
ANR	4315	IdentifierDeclStatement	"Tile * tile = tile_manager_get_tile ( tm , x , y , ! 0 , ! 0 ) ;"	895:2:23835:23883	77	0	True				
ANR	4316	IdentifierDecl	"* tile = tile_manager_get_tile ( tm , x , y , ! 0 , ! 0 )"		77	0					
ANR	4317	IdentifierDeclType	Tile *		77	0					
ANR	4318	Identifier	tile		77	1					
ANR	4319	AssignmentExpression	"* tile = tile_manager_get_tile ( tm , x , y , ! 0 , ! 0 )"		77	2		=			
ANR	4320	Identifier	tile		77	0					
ANR	4321	CallExpression	"tile_manager_get_tile ( tm , x , y , ! 0 , ! 0 )"		77	1					
ANR	4322	Callee	tile_manager_get_tile		77	0					
ANR	4323	Identifier	tile_manager_get_tile		77	0					
ANR	4324	ArgumentList	tm		77	1					
ANR	4325	Argument	tm		77	0					
ANR	4326	Identifier	tm		77	0					
ANR	4327	Argument	x		77	1					
ANR	4328	Identifier	x		77	0					
ANR	4329	Argument	y		77	2					
ANR	4330	Identifier	y		77	0					
ANR	4331	Argument	! 0		77	3					
ANR	4332	UnaryOperationExpression	! 0		77	0					
ANR	4333	UnaryOperator	!		77	0					
ANR	4334	PrimaryExpression	0		77	1					
ANR	4335	Argument	! 0		77	4					
ANR	4336	UnaryOperationExpression	! 0		77	0					
ANR	4337	UnaryOperator	!		77	0					
ANR	4338	PrimaryExpression	0		77	1					
ANR	4339	IdentifierDeclStatement	guchar * dest = tile -> data + ( ( y & 64 - 1 ) * ( tile -> ewidth ) + ( x & 64 - 1 ) ) * ( tile -> bpp ) ;	896:2:23887:23981	77	1	True				
ANR	4340	IdentifierDecl	* dest = tile -> data + ( ( y & 64 - 1 ) * ( tile -> ewidth ) + ( x & 64 - 1 ) ) * ( tile -> bpp )		77	0					
ANR	4341	IdentifierDeclType	guchar *		77	0					
ANR	4342	Identifier	dest		77	1					
ANR	4343	AssignmentExpression	* dest = tile -> data + ( ( y & 64 - 1 ) * ( tile -> ewidth ) + ( x & 64 - 1 ) ) * ( tile -> bpp )		77	2		=			
ANR	4344	Identifier	dest		77	0					
ANR	4345	AdditiveExpression	tile -> data + ( ( y & 64 - 1 ) * ( tile -> ewidth ) + ( x & 64 - 1 ) ) * ( tile -> bpp )		77	1		+			
ANR	4346	PtrMemberAccess	tile -> data		77	0					
ANR	4347	Identifier	tile		77	0					
ANR	4348	Identifier	data		77	1					
ANR	4349	MultiplicativeExpression	( ( y & 64 - 1 ) * ( tile -> ewidth ) + ( x & 64 - 1 ) ) * ( tile -> bpp )		77	1		*			
ANR	4350	AdditiveExpression	( y & 64 - 1 ) * ( tile -> ewidth ) + ( x & 64 - 1 )		77	0		+			
ANR	4351	MultiplicativeExpression	( y & 64 - 1 ) * ( tile -> ewidth )		77	0		*			
ANR	4352	BitAndExpression	y & 64 - 1		77	0		&			
ANR	4353	Identifier	y		77	0					
ANR	4354	AdditiveExpression	64 - 1		77	1		-			
ANR	4355	PrimaryExpression	64		77	0					
ANR	4356	PrimaryExpression	1		77	1					
ANR	4357	PtrMemberAccess	tile -> ewidth		77	1					
ANR	4358	Identifier	tile		77	0					
ANR	4359	Identifier	ewidth		77	1					
ANR	4360	BitAndExpression	x & 64 - 1		77	1		&			
ANR	4361	Identifier	x		77	0					
ANR	4362	AdditiveExpression	64 - 1		77	1		-			
ANR	4363	PrimaryExpression	64		77	0					
ANR	4364	PrimaryExpression	1		77	1					
ANR	4365	PtrMemberAccess	tile -> bpp		77	1					
ANR	4366	Identifier	tile		77	0					
ANR	4367	Identifier	bpp		77	1					
ANR	4368	SwitchStatement	switch ( tm -> bpp )		77	2					
ANR	4369	Condition	tm -> bpp	897:9:23992:24000	77	0	True				
ANR	4370	PtrMemberAccess	tm -> bpp		77	0					
ANR	4371	Identifier	tm		77	0					
ANR	4372	Identifier	bpp		77	1					
ANR	4373	CompoundStatement		843:19:22095:22095	77	1					
ANR	4374	Label	case 4 :	898:4:24008:24014	77	0	True				
ANR	4375	ExpressionStatement	* ( dest ++ ) = * ( buffer ++ )	899:5:24021:24045	77	1	True				
ANR	4376	AssignmentExpression	* ( dest ++ ) = * ( buffer ++ )		77	0		=			
ANR	4377	UnaryOperationExpression	* ( dest ++ )		77	0					
ANR	4378	UnaryOperator	*		77	0					
ANR	4379	PostIncDecOperationExpression	dest ++		77	1					
ANR	4380	Identifier	dest		77	0					
ANR	4381	IncDec	++		77	1					
ANR	4382	UnaryOperationExpression	* ( buffer ++ )		77	1					
ANR	4383	UnaryOperator	*		77	0					
ANR	4384	PostIncDecOperationExpression	buffer ++		77	1					
ANR	4385	Identifier	buffer		77	0					
ANR	4386	IncDec	++		77	1					
ANR	4387	Label	case 3 :	900:4:24051:24057	77	2	True				
ANR	4388	ExpressionStatement	* ( dest ++ ) = * ( buffer ++ )	901:5:24064:24088	77	3	True				
ANR	4389	AssignmentExpression	* ( dest ++ ) = * ( buffer ++ )		77	0		=			
ANR	4390	UnaryOperationExpression	* ( dest ++ )		77	0					
ANR	4391	UnaryOperator	*		77	0					
ANR	4392	PostIncDecOperationExpression	dest ++		77	1					
ANR	4393	Identifier	dest		77	0					
ANR	4394	IncDec	++		77	1					
ANR	4395	UnaryOperationExpression	* ( buffer ++ )		77	1					
ANR	4396	UnaryOperator	*		77	0					
ANR	4397	PostIncDecOperationExpression	buffer ++		77	1					
ANR	4398	Identifier	buffer		77	0					
ANR	4399	IncDec	++		77	1					
ANR	4400	Label	case 2 :	902:4:24094:24100	77	4	True				
ANR	4401	ExpressionStatement	* ( dest ++ ) = * ( buffer ++ )	903:5:24107:24131	77	5	True				
ANR	4402	AssignmentExpression	* ( dest ++ ) = * ( buffer ++ )		77	0		=			
ANR	4403	UnaryOperationExpression	* ( dest ++ )		77	0					
ANR	4404	UnaryOperator	*		77	0					
ANR	4405	PostIncDecOperationExpression	dest ++		77	1					
ANR	4406	Identifier	dest		77	0					
ANR	4407	IncDec	++		77	1					
ANR	4408	UnaryOperationExpression	* ( buffer ++ )		77	1					
ANR	4409	UnaryOperator	*		77	0					
ANR	4410	PostIncDecOperationExpression	buffer ++		77	1					
ANR	4411	Identifier	buffer		77	0					
ANR	4412	IncDec	++		77	1					
ANR	4413	Label	case 1 :	904:4:24137:24143	77	6	True				
ANR	4414	ExpressionStatement	* ( dest ++ ) = * ( buffer ++ )	905:5:24150:24174	77	7	True				
ANR	4415	AssignmentExpression	* ( dest ++ ) = * ( buffer ++ )		77	0		=			
ANR	4416	UnaryOperationExpression	* ( dest ++ )		77	0					
ANR	4417	UnaryOperator	*		77	0					
ANR	4418	PostIncDecOperationExpression	dest ++		77	1					
ANR	4419	Identifier	dest		77	0					
ANR	4420	IncDec	++		77	1					
ANR	4421	UnaryOperationExpression	* ( buffer ++ )		77	1					
ANR	4422	UnaryOperator	*		77	0					
ANR	4423	PostIncDecOperationExpression	buffer ++		77	1					
ANR	4424	Identifier	buffer		77	0					
ANR	4425	IncDec	++		77	1					
ANR	4426	ExpressionStatement	"tile_release ( tile , ! 0 )"	907:2:24182:24203	77	3	True				
ANR	4427	CallExpression	"tile_release ( tile , ! 0 )"		77	0					
ANR	4428	Callee	tile_release		77	0					
ANR	4429	Identifier	tile_release		77	0					
ANR	4430	ArgumentList	tile		77	1					
ANR	4431	Argument	tile		77	0					
ANR	4432	Identifier	tile		77	0					
ANR	4433	Argument	! 0		77	1					
ANR	4434	UnaryOperationExpression	! 0		77	0					
ANR	4435	UnaryOperator	!		77	0					
ANR	4436	PrimaryExpression	0		77	1					
ANR	4437	Statement	void	910:0:24208:24211	77	465	True				
ANR	4438	Statement	stonesoup_handle_taint	910:5:24213:24234	77	466	True				
ANR	4439	Statement	(	910:27:24235:24235	77	467	True				
ANR	4440	Statement	char	910:28:24236:24239	77	468	True				
ANR	4441	Statement	*	910:33:24241:24241	77	469	True				
ANR	4442	Statement	hamon_slovakia	910:34:24242:24255	77	470	True				
ANR	4443	Statement	)	910:48:24256:24256	77	471	True				
ANR	4444	CompoundStatement		863:4:22518:22535	77	472					
ANR	4445	IdentifierDeclStatement	char * * unsteels_conjectured = 0 ;	912:2:24262:24293	77	0	True				
ANR	4446	IdentifierDecl	* * unsteels_conjectured = 0		77	0					
ANR	4447	IdentifierDeclType	char * *		77	0					
ANR	4448	Identifier	unsteels_conjectured		77	1					
ANR	4449	AssignmentExpression	* * unsteels_conjectured = 0		77	2		=			
ANR	4450	Identifier	unsteels_conjectured		77	0					
ANR	4451	PrimaryExpression	0		77	1					
ANR	4452	IdentifierDeclStatement	int * * preexperimental_bestuds = 0 ;	913:2:24297:24330	77	1	True				
ANR	4453	IdentifierDecl	* * preexperimental_bestuds = 0		77	0					
ANR	4454	IdentifierDeclType	int * *		77	0					
ANR	4455	Identifier	preexperimental_bestuds		77	1					
ANR	4456	AssignmentExpression	* * preexperimental_bestuds = 0		77	2		=			
ANR	4457	Identifier	preexperimental_bestuds		77	0					
ANR	4458	PrimaryExpression	0		77	1					
ANR	4459	IdentifierDeclStatement	int * cagers_marylin = 0 ;	914:2:24334:24357	77	2	True				
ANR	4460	IdentifierDecl	* cagers_marylin = 0		77	0					
ANR	4461	IdentifierDeclType	int *		77	0					
ANR	4462	Identifier	cagers_marylin		77	1					
ANR	4463	AssignmentExpression	* cagers_marylin = 0		77	2		=			
ANR	4464	Identifier	cagers_marylin		77	0					
ANR	4465	PrimaryExpression	0		77	1					
ANR	4466	IdentifierDeclStatement	int superrefine_pastern ;	915:2:24361:24384	77	3	True				
ANR	4467	IdentifierDecl	superrefine_pastern		77	0					
ANR	4468	IdentifierDeclType	int		77	0					
ANR	4469	Identifier	superrefine_pastern		77	1					
ANR	4470	IdentifierDeclStatement	char * * mafoo_maronian [ 10 ] = { 0 } ;	916:2:24388:24419	77	4	True				
ANR	4471	IdentifierDecl	* * mafoo_maronian [ 10 ] = { 0 }		77	0					
ANR	4472	IdentifierDeclType	char * * [ 10 ]		77	0					
ANR	4473	Identifier	mafoo_maronian		77	1					
ANR	4474	PrimaryExpression	10		77	2					
ANR	4475	AssignmentExpression	* * mafoo_maronian [ 10 ] = { 0 }		77	3		=			
ANR	4476	Identifier	mafoo_maronian		77	0					
ANR	4477	InitializerList	0		77	1					
ANR	4478	PrimaryExpression	0		77	0					
ANR	4479	IdentifierDeclStatement	int dwk_tmp_1 = 5 ;	917:4:24425:24442	77	5	True				
ANR	4480	IdentifierDecl	dwk_tmp_1 = 5		77	0					
ANR	4481	IdentifierDeclType	int		77	0					
ANR	4482	Identifier	dwk_tmp_1		77	1					
ANR	4483	AssignmentExpression	dwk_tmp_1 = 5		77	2		=			
ANR	4484	Identifier	dwk_tmp_1		77	0					
ANR	4485	PrimaryExpression	5		77	1					
ANR	4486	ExpressionStatement	superrefine_pastern = dwk_tmp_1	918:4:24448:24479	77	6	True				
ANR	4487	AssignmentExpression	superrefine_pastern = dwk_tmp_1		77	0		=			
ANR	4488	Identifier	superrefine_pastern		77	0					
ANR	4489	Identifier	dwk_tmp_1		77	1					
ANR	4490	ExpressionStatement	++ stonesoup_global_variable	919:2:24483:24510	77	7	True				
ANR	4491	UnaryExpression	++ stonesoup_global_variable		77	0					
ANR	4492	IncDec	++		77	0					
ANR	4493	Identifier	stonesoup_global_variable		77	1					
ANR	4494	ExpressionStatement		919:30:24511:24511	77	8	True				
ANR	4495	IfStatement	if ( hamon_slovakia != 0 )		77	9					
ANR	4496	Condition	hamon_slovakia != 0	920:6:24519:24537	77	0	True				
ANR	4497	EqualityExpression	hamon_slovakia != 0		77	0		!=			
ANR	4498	Identifier	hamon_slovakia		77	0					
ANR	4499	PrimaryExpression	0		77	1					
ANR	4500	CompoundStatement		866:27:22633:22633	77	1					
ANR	4501	ExpressionStatement		920:28:24541:24541	77	0	True				
ANR	4502	ExpressionStatement	pochay_distortive [ 9 ] = hamon_slovakia	921:4:24547:24584	77	1	True				
ANR	4503	AssignmentExpression	pochay_distortive [ 9 ] = hamon_slovakia		77	0		=			
ANR	4504	ArrayIndexing	pochay_distortive [ 9 ]		77	0					
ANR	4505	Identifier	pochay_distortive		77	0					
ANR	4506	PrimaryExpression	9		77	1					
ANR	4507	Identifier	hamon_slovakia		77	1					
ANR	4508	ExpressionStatement	superrefine_pastern = 5	922:4:24590:24613	77	2	True				
ANR	4509	AssignmentExpression	superrefine_pastern = 5		77	0		=			
ANR	4510	Identifier	superrefine_pastern		77	0					
ANR	4511	PrimaryExpression	5		77	1					
ANR	4512	ExpressionStatement	cagers_marylin = & superrefine_pastern	923:4:24619:24656	77	3	True				
ANR	4513	AssignmentExpression	cagers_marylin = & superrefine_pastern		77	0		=			
ANR	4514	Identifier	cagers_marylin		77	0					
ANR	4515	UnaryOperationExpression	& superrefine_pastern		77	1					
ANR	4516	UnaryOperator	&		77	0					
ANR	4517	Identifier	superrefine_pastern		77	1					
ANR	4518	ExpressionStatement	preexperimental_bestuds = & cagers_marylin	924:4:24662:24703	77	4	True				
ANR	4519	AssignmentExpression	preexperimental_bestuds = & cagers_marylin		77	0		=			
ANR	4520	Identifier	preexperimental_bestuds		77	0					
ANR	4521	UnaryOperationExpression	& cagers_marylin		77	1					
ANR	4522	UnaryOperator	&		77	0					
ANR	4523	Identifier	cagers_marylin		77	1					
ANR	4524	ExpressionStatement	mafoo_maronian [ * ( * preexperimental_bestuds ) ] = pochay_distortive	925:4:24709:24774	77	5	True				
ANR	4525	AssignmentExpression	mafoo_maronian [ * ( * preexperimental_bestuds ) ] = pochay_distortive		77	0		=			
ANR	4526	ArrayIndexing	mafoo_maronian [ * ( * preexperimental_bestuds ) ]		77	0					
ANR	4527	Identifier	mafoo_maronian		77	0					
ANR	4528	UnaryOperationExpression	* ( * preexperimental_bestuds )		77	1					
ANR	4529	UnaryOperator	*		77	0					
ANR	4530	UnaryOperationExpression	* preexperimental_bestuds		77	1					
ANR	4531	UnaryOperator	*		77	0					
ANR	4532	Identifier	preexperimental_bestuds		77	1					
ANR	4533	Identifier	pochay_distortive		77	1					
ANR	4534	ExpressionStatement	unsteels_conjectured = mafoo_maronian [ * ( * preexperimental_bestuds ) ]	926:4:24780:24848	77	6	True				
ANR	4535	AssignmentExpression	unsteels_conjectured = mafoo_maronian [ * ( * preexperimental_bestuds ) ]		77	0		=			
ANR	4536	Identifier	unsteels_conjectured		77	0					
ANR	4537	ArrayIndexing	mafoo_maronian [ * ( * preexperimental_bestuds ) ]		77	1					
ANR	4538	Identifier	mafoo_maronian		77	0					
ANR	4539	UnaryOperationExpression	* ( * preexperimental_bestuds )		77	1					
ANR	4540	UnaryOperator	*		77	0					
ANR	4541	UnaryOperationExpression	* preexperimental_bestuds		77	1					
ANR	4542	UnaryOperator	*		77	0					
ANR	4543	Identifier	preexperimental_bestuds		77	1					
ANR	4544	ExpressionStatement	diestrums_everhart ( unsteels_conjectured )	927:4:24854:24894	77	7	True				
ANR	4545	CallExpression	diestrums_everhart ( unsteels_conjectured )		77	0					
ANR	4546	Callee	diestrums_everhart		77	0					
ANR	4547	Identifier	diestrums_everhart		77	0					
ANR	4548	ArgumentList	unsteels_conjectured		77	1					
ANR	4549	Argument	unsteels_conjectured		77	0					
ANR	4550	Identifier	unsteels_conjectured		77	0					
ANR	4551	Statement	void	931:0:24903:24906	77	473	True				
ANR	4552	Statement	diestrums_everhart	931:5:24908:24925	77	474	True				
ANR	4553	Statement	(	931:23:24926:24926	77	475	True				
ANR	4554	Statement	char	931:24:24927:24930	77	476	True				
ANR	4555	Statement	*	931:29:24932:24932	77	477	True				
ANR	4556	Statement	*	931:30:24933:24933	77	478	True				
ANR	4557	Statement	pseudobinary_archenemies	931:31:24934:24957	77	479	True				
ANR	4558	Statement	)	931:55:24958:24958	77	480	True				
ANR	4559	CompoundStatement		878:0:23053:23053	77	481					
ANR	4560	ExpressionStatement	++ stonesoup_global_variable	933:2:24964:24991	77	0	True				
ANR	4561	UnaryExpression	++ stonesoup_global_variable		77	0					
ANR	4562	IncDec	++		77	0					
ANR	4563	Identifier	stonesoup_global_variable		77	1					
ANR	4564	ExpressionStatement		933:30:24992:24992	77	1	True				
ANR	4565	ExpressionStatement	urbanologists_truncature ( pseudobinary_archenemies )	934:2:24996:25046	77	2	True				
ANR	4566	CallExpression	urbanologists_truncature ( pseudobinary_archenemies )		77	0					
ANR	4567	Callee	urbanologists_truncature		77	0					
ANR	4568	Identifier	urbanologists_truncature		77	0					
ANR	4569	ArgumentList	pseudobinary_archenemies		77	1					
ANR	4570	Argument	pseudobinary_archenemies		77	0					
ANR	4571	Identifier	pseudobinary_archenemies		77	0					
ANR	4572	Statement	void	937:0:25051:25054	77	482	True				
ANR	4573	Statement	urbanologists_truncature	937:5:25056:25079	77	483	True				
ANR	4574	Statement	(	937:29:25080:25080	77	484	True				
ANR	4575	Statement	char	937:30:25081:25084	77	485	True				
ANR	4576	Statement	*	937:35:25086:25086	77	486	True				
ANR	4577	Statement	*	937:36:25087:25087	77	487	True				
ANR	4578	Statement	dimplier_vancouver	937:37:25088:25105	77	488	True				
ANR	4579	Statement	)	937:55:25106:25106	77	489	True				
ANR	4580	CompoundStatement		884:0:23201:23201	77	490					
ANR	4581	ExpressionStatement	++ stonesoup_global_variable	939:2:25112:25139	77	0	True				
ANR	4582	UnaryExpression	++ stonesoup_global_variable		77	0					
ANR	4583	IncDec	++		77	0					
ANR	4584	Identifier	stonesoup_global_variable		77	1					
ANR	4585	ExpressionStatement		939:30:25140:25140	77	1	True				
ANR	4586	ExpressionStatement	fazenda_balas ( dimplier_vancouver )	940:2:25144:25177	77	2	True				
ANR	4587	CallExpression	fazenda_balas ( dimplier_vancouver )		77	0					
ANR	4588	Callee	fazenda_balas		77	0					
ANR	4589	Identifier	fazenda_balas		77	0					
ANR	4590	ArgumentList	dimplier_vancouver		77	1					
ANR	4591	Argument	dimplier_vancouver		77	0					
ANR	4592	Identifier	dimplier_vancouver		77	0					
ANR	4593	Statement	void	943:0:25182:25185	77	491	True				
ANR	4594	Statement	fazenda_balas	943:5:25187:25199	77	492	True				
ANR	4595	Statement	(	943:18:25200:25200	77	493	True				
ANR	4596	Statement	char	943:19:25201:25204	77	494	True				
ANR	4597	Statement	*	943:24:25206:25206	77	495	True				
ANR	4598	Statement	*	943:25:25207:25207	77	496	True				
ANR	4599	Statement	hexarchies_noncanvassing	943:26:25208:25231	77	497	True				
ANR	4600	Statement	)	943:50:25232:25232	77	498	True				
ANR	4601	CompoundStatement		890:0:23327:23327	77	499					
ANR	4602	ExpressionStatement	++ stonesoup_global_variable	945:2:25238:25265	77	0	True				
ANR	4603	UnaryExpression	++ stonesoup_global_variable		77	0					
ANR	4604	IncDec	++		77	0					
ANR	4605	Identifier	stonesoup_global_variable		77	1					
ANR	4606	ExpressionStatement		945:30:25266:25266	77	1	True				
ANR	4607	ExpressionStatement	knottiest_tutto ( hexarchies_noncanvassing )	946:2:25270:25311	77	2	True				
ANR	4608	CallExpression	knottiest_tutto ( hexarchies_noncanvassing )		77	0					
ANR	4609	Callee	knottiest_tutto		77	0					
ANR	4610	Identifier	knottiest_tutto		77	0					
ANR	4611	ArgumentList	hexarchies_noncanvassing		77	1					
ANR	4612	Argument	hexarchies_noncanvassing		77	0					
ANR	4613	Identifier	hexarchies_noncanvassing		77	0					
ANR	4614	Statement	void	949:0:25316:25319	77	500	True				
ANR	4615	Statement	knottiest_tutto	949:5:25321:25335	77	501	True				
ANR	4616	Statement	(	949:20:25336:25336	77	502	True				
ANR	4617	Statement	char	949:21:25337:25340	77	503	True				
ANR	4618	Statement	*	949:26:25342:25342	77	504	True				
ANR	4619	Statement	*	949:27:25343:25343	77	505	True				
ANR	4620	Statement	papistries_focalized	949:28:25344:25363	77	506	True				
ANR	4621	Statement	)	949:48:25364:25364	77	507	True				
ANR	4622	CompoundStatement		896:0:23459:23459	77	508					
ANR	4623	ExpressionStatement	++ stonesoup_global_variable	951:2:25370:25397	77	0	True				
ANR	4624	UnaryExpression	++ stonesoup_global_variable		77	0					
ANR	4625	IncDec	++		77	0					
ANR	4626	Identifier	stonesoup_global_variable		77	1					
ANR	4627	ExpressionStatement		951:30:25398:25398	77	1	True				
ANR	4628	ExpressionStatement	discordantness_spet ( papistries_focalized )	952:2:25402:25443	77	2	True				
ANR	4629	CallExpression	discordantness_spet ( papistries_focalized )		77	0					
ANR	4630	Callee	discordantness_spet		77	0					
ANR	4631	Identifier	discordantness_spet		77	0					
ANR	4632	ArgumentList	papistries_focalized		77	1					
ANR	4633	Argument	papistries_focalized		77	0					
ANR	4634	Identifier	papistries_focalized		77	0					
ANR	4635	Statement	void	955:0:25448:25451	77	509	True				
ANR	4636	Statement	discordantness_spet	955:5:25453:25471	77	510	True				
ANR	4637	Statement	(	955:24:25472:25472	77	511	True				
ANR	4638	Statement	char	955:25:25473:25476	77	512	True				
ANR	4639	Statement	*	955:30:25478:25478	77	513	True				
ANR	4640	Statement	*	955:31:25479:25479	77	514	True				
ANR	4641	Statement	tercentenary_mesosigmoid	955:32:25480:25503	77	515	True				
ANR	4642	Statement	)	955:56:25504:25504	77	516	True				
ANR	4643	CompoundStatement		902:0:23599:23599	77	517					
ANR	4644	ExpressionStatement	++ stonesoup_global_variable	957:2:25510:25537	77	0	True				
ANR	4645	UnaryExpression	++ stonesoup_global_variable		77	0					
ANR	4646	IncDec	++		77	0					
ANR	4647	Identifier	stonesoup_global_variable		77	1					
ANR	4648	ExpressionStatement		957:30:25538:25538	77	1	True				
ANR	4649	ExpressionStatement	duckblind_lincomycin ( tercentenary_mesosigmoid )	958:2:25542:25588	77	2	True				
ANR	4650	CallExpression	duckblind_lincomycin ( tercentenary_mesosigmoid )		77	0					
ANR	4651	Callee	duckblind_lincomycin		77	0					
ANR	4652	Identifier	duckblind_lincomycin		77	0					
ANR	4653	ArgumentList	tercentenary_mesosigmoid		77	1					
ANR	4654	Argument	tercentenary_mesosigmoid		77	0					
ANR	4655	Identifier	tercentenary_mesosigmoid		77	0					
ANR	4656	Statement	void	961:0:25593:25596	77	518	True				
ANR	4657	Statement	duckblind_lincomycin	961:5:25598:25617	77	519	True				
ANR	4658	Statement	(	961:25:25618:25618	77	520	True				
ANR	4659	Statement	char	961:26:25619:25622	77	521	True				
ANR	4660	Statement	*	961:31:25624:25624	77	522	True				
ANR	4661	Statement	*	961:32:25625:25625	77	523	True				
ANR	4662	Statement	maceraters_prepollent	961:33:25626:25646	77	524	True				
ANR	4663	Statement	)	961:54:25647:25647	77	525	True				
ANR	4664	CompoundStatement		908:0:23742:23742	77	526					
ANR	4665	ExpressionStatement	++ stonesoup_global_variable	963:2:25653:25680	77	0	True				
ANR	4666	UnaryExpression	++ stonesoup_global_variable		77	0					
ANR	4667	IncDec	++		77	0					
ANR	4668	Identifier	stonesoup_global_variable		77	1					
ANR	4669	ExpressionStatement		963:30:25681:25681	77	1	True				
ANR	4670	ExpressionStatement	flustrate_osotriazine ( maceraters_prepollent )	964:2:25685:25729	77	2	True				
ANR	4671	CallExpression	flustrate_osotriazine ( maceraters_prepollent )		77	0					
ANR	4672	Callee	flustrate_osotriazine		77	0					
ANR	4673	Identifier	flustrate_osotriazine		77	0					
ANR	4674	ArgumentList	maceraters_prepollent		77	1					
ANR	4675	Argument	maceraters_prepollent		77	0					
ANR	4676	Identifier	maceraters_prepollent		77	0					
ANR	4677	Statement	void	967:0:25734:25737	77	527	True				
ANR	4678	Statement	flustrate_osotriazine	967:5:25739:25759	77	528	True				
ANR	4679	Statement	(	967:26:25760:25760	77	529	True				
ANR	4680	Statement	char	967:27:25761:25764	77	530	True				
ANR	4681	Statement	*	967:32:25766:25766	77	531	True				
ANR	4682	Statement	*	967:33:25767:25767	77	532	True				
ANR	4683	Statement	conspiring_weightedly	967:34:25768:25788	77	533	True				
ANR	4684	Statement	)	967:55:25789:25789	77	534	True				
ANR	4685	CompoundStatement		914:0:23884:23884	77	535					
ANR	4686	ExpressionStatement	++ stonesoup_global_variable	969:2:25795:25822	77	0	True				
ANR	4687	UnaryExpression	++ stonesoup_global_variable		77	0					
ANR	4688	IncDec	++		77	0					
ANR	4689	Identifier	stonesoup_global_variable		77	1					
ANR	4690	ExpressionStatement		969:30:25823:25823	77	1	True				
ANR	4691	ExpressionStatement	hydantoate_metallurgically ( conspiring_weightedly )	970:2:25827:25876	77	2	True				
ANR	4692	CallExpression	hydantoate_metallurgically ( conspiring_weightedly )		77	0					
ANR	4693	Callee	hydantoate_metallurgically		77	0					
ANR	4694	Identifier	hydantoate_metallurgically		77	0					
ANR	4695	ArgumentList	conspiring_weightedly		77	1					
ANR	4696	Argument	conspiring_weightedly		77	0					
ANR	4697	Identifier	conspiring_weightedly		77	0					
ANR	4698	Statement	void	973:0:25881:25884	77	536	True				
ANR	4699	Statement	hydantoate_metallurgically	973:5:25886:25911	77	537	True				
ANR	4700	Statement	(	973:31:25912:25912	77	538	True				
ANR	4701	Statement	char	973:32:25913:25916	77	539	True				
ANR	4702	Statement	*	973:37:25918:25918	77	540	True				
ANR	4703	Statement	*	973:38:25919:25919	77	541	True				
ANR	4704	Statement	candied_jiminy	973:39:25920:25933	77	542	True				
ANR	4705	Statement	)	973:53:25934:25934	77	543	True				
ANR	4706	CompoundStatement		920:0:24029:24029	77	544					
ANR	4707	ExpressionStatement	++ stonesoup_global_variable	975:2:25940:25967	77	0	True				
ANR	4708	UnaryExpression	++ stonesoup_global_variable		77	0					
ANR	4709	IncDec	++		77	0					
ANR	4710	Identifier	stonesoup_global_variable		77	1					
ANR	4711	ExpressionStatement		975:30:25968:25968	77	1	True				
ANR	4712	ExpressionStatement	fredrich_outhiring ( candied_jiminy )	976:2:25972:26006	77	2	True				
ANR	4713	CallExpression	fredrich_outhiring ( candied_jiminy )		77	0					
ANR	4714	Callee	fredrich_outhiring		77	0					
ANR	4715	Identifier	fredrich_outhiring		77	0					
ANR	4716	ArgumentList	candied_jiminy		77	1					
ANR	4717	Argument	candied_jiminy		77	0					
ANR	4718	Identifier	candied_jiminy		77	0					
ANR	4719	Statement	void	979:0:26011:26014	77	545	True				
ANR	4720	Statement	fredrich_outhiring	979:5:26016:26033	77	546	True				
ANR	4721	Statement	(	979:23:26034:26034	77	547	True				
ANR	4722	Statement	char	979:24:26035:26038	77	548	True				
ANR	4723	Statement	*	979:29:26040:26040	77	549	True				
ANR	4724	Statement	*	979:30:26041:26041	77	550	True				
ANR	4725	Statement	ethoxycaffeine_unpublic	979:31:26042:26064	77	551	True				
ANR	4726	Statement	)	979:54:26065:26065	77	552	True				
ANR	4727	CompoundStatement		926:0:24160:24160	77	553					
ANR	4728	ExpressionStatement	++ stonesoup_global_variable	981:2:26071:26098	77	0	True				
ANR	4729	UnaryExpression	++ stonesoup_global_variable		77	0					
ANR	4730	IncDec	++		77	0					
ANR	4731	Identifier	stonesoup_global_variable		77	1					
ANR	4732	ExpressionStatement		981:30:26099:26099	77	1	True				
ANR	4733	ExpressionStatement	coenzymatically_concrescible ( ethoxycaffeine_unpublic )	982:2:26103:26156	77	2	True				
ANR	4734	CallExpression	coenzymatically_concrescible ( ethoxycaffeine_unpublic )		77	0					
ANR	4735	Callee	coenzymatically_concrescible		77	0					
ANR	4736	Identifier	coenzymatically_concrescible		77	0					
ANR	4737	ArgumentList	ethoxycaffeine_unpublic		77	1					
ANR	4738	Argument	ethoxycaffeine_unpublic		77	0					
ANR	4739	Identifier	ethoxycaffeine_unpublic		77	0					
ANR	4740	Statement	void	985:0:26161:26164	77	554	True				
ANR	4741	Statement	coenzymatically_concrescible	985:5:26166:26193	77	555	True				
ANR	4742	Statement	(	985:33:26194:26194	77	556	True				
ANR	4743	Statement	char	985:34:26195:26198	77	557	True				
ANR	4744	Statement	*	985:39:26200:26200	77	558	True				
ANR	4745	Statement	*	985:40:26201:26201	77	559	True				
ANR	4746	Statement	keffer_footprints	985:41:26202:26218	77	560	True				
ANR	4747	Statement	)	985:58:26219:26219	77	561	True				
ANR	4748	ReturnType	static int		77	1					
ANR	4749	Identifier	stonesoup_ev_handler		77	2					
ANR	4750	ParameterList	"struct mg_connection * conn , enum mg_event ev"		77	3					
ANR	4751	Parameter	struct mg_connection * conn	55:32:1860:1885	77	0	True				
ANR	4752	ParameterType	struct mg_connection *		77	0					
ANR	4753	Identifier	conn		77	1					
ANR	4754	Parameter	enum mg_event ev	55:60:1888:1903	77	1	True				
ANR	4755	ParameterType	enum mg_event		77	0					
ANR	4756	Identifier	ev		77	1					
ANR	4757	CFGEntryNode	ENTRY		77		True				
ANR	4758	CFGExitNode	EXIT		77		True				
ANR	4759	Symbol	mg_get_header		77						
ANR	4760	Symbol	conn		77						
ANR	4761	Symbol	tile -> rowhint		77						
ANR	4762	Symbol	* x		77						
ANR	4763	Symbol	* y		77						
ANR	4764	Symbol	nrows		77						
ANR	4765	Symbol	fazenda_balas		77						
ANR	4766	Symbol	maceraters_prepollent		77						
ANR	4767	Symbol	tile -> eheight		77						
ANR	4768	Symbol	tm -> user_data		77						
ANR	4769	Symbol	duckblind_lincomycin		77						
ANR	4770	Symbol	tile_num		77						
ANR	4771	Symbol	type		77						
ANR	4772	Symbol	wantwrite		77						
ANR	4773	Symbol	srctile		77						
ANR	4774	Symbol	stride		77						
ANR	4775	Symbol	dwk_tmp_3		77						
ANR	4776	Symbol	dwk_tmp_4		77						
ANR	4777	Symbol	tile_manager_get		77						
ANR	4778	Symbol	tiles		77						
ANR	4779	Symbol	tile -> swap_offset		77						
ANR	4780	Symbol	dwk_tmp_5		77						
ANR	4781	Symbol	tm -> height		77						
ANR	4782	Symbol	tile_col		77						
ANR	4783	Symbol	g_boxed_type_register_static		77						
ANR	4784	Symbol	dwk_tmp_1		77						
ANR	4785	Symbol	dwk_tmp_2		77						
ANR	4786	Symbol	tercentenary_mesosigmoid		77						
ANR	4787	Symbol	tile -> cached		77						
ANR	4788	Symbol	mkdir		77						
ANR	4789	Symbol	height		77						
ANR	4790	Symbol	data_size		77						
ANR	4791	Symbol	tile -> valid		77						
ANR	4792	Symbol	tile -> write_count		77						
ANR	4793	Symbol	tile -> bpp		77						
ANR	4794	Symbol	trace_location		77						
ANR	4795	Symbol	tm -> cached_tile -> bpp		77						
ANR	4796	Symbol	tm -> ntile_cols		77						
ANR	4797	Symbol	tm -> ref_count		77						
ANR	4798	Symbol	xpixel		77						
ANR	4799	Symbol	size		77						
ANR	4800	Symbol	tile -> dirty		77						
ANR	4801	Symbol	__func__		77						
ANR	4802	Symbol	stonesoup_printf_context		77						
ANR	4803	Symbol	srctile -> eheight		77						
ANR	4804	Symbol	knottiest_tutto		77						
ANR	4805	Symbol	hydantoate_metallurgically		77						
ANR	4806	Symbol	* tm		77						
ANR	4807	Symbol	hexarchies_noncanvassing		77						
ANR	4808	Symbol	tm -> ntile_rows		77						
ANR	4809	Symbol	* tl		77						
ANR	4810	Symbol	* tile		77						
ANR	4811	Symbol	tile_manager_get_tile		77						
ANR	4812	Symbol	srctile -> valid		77						
ANR	4813	Symbol	buffer_size		77						
ANR	4814	Symbol	valid		77						
ANR	4815	Symbol	mafoo_maronian		77						
ANR	4816	Symbol	tile_manager_ref		77						
ANR	4817	Symbol	tm -> cached_tile -> ewidth		77						
ANR	4818	Symbol	stonesoup_trace		77						
ANR	4819	Symbol	pseudobinary_archenemies		77						
ANR	4820	Symbol	stonesoup_server		77						
ANR	4821	Symbol	preexperimental_bestuds		77						
ANR	4822	Symbol	copy		77						
ANR	4823	Symbol	* ( dest ++ )		77						
ANR	4824	Symbol	ncols		77						
ANR	4825	Symbol	getenv		77						
ANR	4826	Symbol	tile_manager_new		77						
ANR	4827	Symbol	tl -> tile_num		77						
ANR	4828	Symbol	srcstride		77						
ANR	4829	Symbol	malloc		77						
ANR	4830	Symbol	proc		77						
ANR	4831	Symbol	* srctile		77						
ANR	4832	Symbol	c		77						
ANR	4833	Symbol	& undecidedly_outdrive		77						
ANR	4834	Symbol	d		77						
ANR	4835	Symbol	candied_jiminy		77						
ANR	4836	Symbol	h		77						
ANR	4837	Symbol	* pochay_distortive		77						
ANR	4838	Symbol	i		77						
ANR	4839	Symbol	j		77						
ANR	4840	Symbol	k		77						
ANR	4841	Symbol	g_slice_alloc0		77						
ANR	4842	Symbol	* * ( * preexperimental_bestuds )		77						
ANR	4843	Symbol	srctile -> bpp		77						
ANR	4844	Symbol	* ( buffer ++ )		77						
ANR	4845	Symbol	tile_manager_unref		77						
ANR	4846	Symbol	MG_REQUEST		77						
ANR	4847	Symbol	& tile_row		77						
ANR	4848	Symbol	* tm -> cached_tile		77						
ANR	4849	Symbol	s		77						
ANR	4850	Symbol	diestrums_everhart		77						
ANR	4851	Symbol	w		77						
ANR	4852	Symbol	width		77						
ANR	4853	Symbol	x		77						
ANR	4854	Symbol	tl		77						
ANR	4855	Symbol	tm		77						
ANR	4856	Symbol	y		77						
ANR	4857	Symbol	tm -> width		77						
ANR	4858	Symbol	ypixel		77						
ANR	4859	Symbol	dimplier_vancouver		77						
ANR	4860	Symbol	unsteels_conjectured		77						
ANR	4861	Symbol	tile_manager_get_tile_num		77						
ANR	4862	Symbol	num		77						
ANR	4863	Symbol	* * * preexperimental_bestuds		77						
ANR	4864	Symbol	* tm -> tiles		77						
ANR	4865	Symbol	tm -> cached_num		77						
ANR	4866	Symbol	tile -> share_count		77						
ANR	4867	Symbol	coenzymatically_concrescible		77						
ANR	4868	Symbol	dest		77						
ANR	4869	Symbol	& cagers_marylin		77						
ANR	4870	Symbol	* mafoo_maronian		77						
ANR	4871	Symbol	pochay_distortive		77						
ANR	4872	Symbol	wantread		77						
ANR	4873	Symbol	flustrate_osotriazine		77						
ANR	4874	Symbol	ewidth		77						
ANR	4875	Symbol	tm -> bpp		77						
ANR	4876	Symbol	tile		77						
ANR	4877	Symbol	* ( * preexperimental_bestuds )		77						
ANR	4878	Symbol	stonesoup_exit_flag		77						
ANR	4879	Symbol	conspiring_weightedly		77						
ANR	4880	Symbol	buffer		77						
ANR	4881	Symbol	ntiles		77						
ANR	4882	Symbol	strcmp		77						
ANR	4883	Symbol	__PRETTY_FUNCTION__		77						
ANR	4884	Symbol	NULL		77						
ANR	4885	Symbol	urbanologists_truncature		77						
ANR	4886	Symbol	user_data		77						
ANR	4887	Symbol	* preexperimental_bestuds		77						
ANR	4888	Symbol	ifmatch_header		77						
ANR	4889	Symbol	ev		77						
ANR	4890	Symbol	keffer_footprints		77						
ANR	4891	Symbol	* tile_num		77						
ANR	4892	Symbol	MG_FALSE		77						
ANR	4893	Symbol	sparse		77						
ANR	4894	Symbol	tile_row		77						
ANR	4895	Symbol	tile -> tlink		77						
ANR	4896	Symbol	cagers_marylin		77						
ANR	4897	Symbol	stonesoup_ev_handler		77						
ANR	4898	Symbol	x1		77						
ANR	4899	Symbol	tile_size		77						
ANR	4900	Symbol	x2		77						
ANR	4901	Symbol	right_tile		77						
ANR	4902	Symbol	stonesoup_tainted_buff		77						
ANR	4903	Symbol	discordantness_spet		77						
ANR	4904	Symbol	* tile_col		77						
ANR	4905	Symbol	tile_is_valid		77						
ANR	4906	Symbol	memsize		77						
ANR	4907	Symbol	tm -> cached_tile -> data		77						
ANR	4908	Symbol	eheight		77						
ANR	4909	Symbol	superrefine_pastern		77						
ANR	4910	Symbol	fredrich_outhiring		77						
ANR	4911	Symbol	tm -> cached_tile		77						
ANR	4912	Symbol	mg_create_server		77						
ANR	4913	Symbol	g_malloc_n		77						
ANR	4914	Symbol	hamon_slovakia		77						
ANR	4915	Symbol	* * preexperimental_bestuds		77						
ANR	4916	Symbol	dststride		77						
ANR	4917	Symbol	& superrefine_pastern		77						
ANR	4918	Symbol	mg_poll_server		77						
ANR	4919	Symbol	G_LOG_LEVEL_WARNING		77						
ANR	4920	Symbol	tile -> ewidth		77						
ANR	4921	Symbol	y1		77						
ANR	4922	Symbol	MG_TRUE		77						
ANR	4923	Symbol	y2		77						
ANR	4924	Symbol	papistries_focalized		77						
ANR	4925	Symbol	& tile_col		77						
ANR	4926	Symbol	tl -> next		77						
ANR	4927	Symbol	cols		77						
ANR	4928	Symbol	tile_manager_locate_tile		77						
ANR	4929	Symbol	ethoxycaffeine_unpublic		77						
ANR	4930	Symbol	bpp		77						
ANR	4931	Symbol	tile -> data		77						
ANR	4932	Symbol	* ( src ++ )		77						
ANR	4933	Symbol	src		77						
ANR	4934	Symbol	srctile -> ewidth		77						
ANR	4935	Symbol	tm -> tiles		77						
ANR	4936	Symbol	* * tm		77						
ANR	4937	Symbol	* tile_row		77						
ANR	4938	Symbol	n_tiles		77						
ANR	4939	Symbol	__sync_bool_compare_and_swap		77						
ANR	4940	Symbol	MG_AUTH		77						
ANR	4941	Symbol	rows		77						
ANR	4942	Symbol	mg_get_var		77						
ANR	4943	Symbol	tm -> validate_proc		77						
ANR	4944	Symbol	* i		77						
ANR	4945	Symbol	& stonesoup_server		77						
ANR	4946	Symbol	bottom_tile		77						
ANR	4947	Symbol	* tiles		77						
ANR	4948	Symbol	tl -> tm		77						
