sample_id,action,strategy,seed,requested_count,applied_count,valid,baseline_nodes,baseline_edges,perturbed_nodes,perturbed_edges,delta_nodes,delta_edges,baseline_xfg_count,perturbed_xfg_count,baseline_probability,perturbed_probability,delta_probability,baseline_label,perturbed_label,flipped,runtime_ms,operations,validation_errors,error
cvefixes__01_vulnerable_expand_dynamic_string_token,node_add,random,42,1,1,True,9,15,10,16,1,1,3,3,0.07134443521499634,0.07134443521499634,0.0,0,0,False,43.86501499993756,"[{""step"": 1, ""action"": ""node_add"", ""target_nodes"": [16, -1], ""removed_edges"": [], ""added_edges"": [[16, -1, ""d""]], ""details"": ""added synthetic node -1 using source line 16""}]",[],
cvefixes__01_vulnerable_expand_dynamic_string_token,node_delete,random,42,1,1,True,9,15,8,11,-1,-4,3,3,0.07134443521499634,0.8140228986740112,0.7426784634590149,0,1,True,49.25810899976568,"[{""step"": 1, ""action"": ""node_delete"", ""target_nodes"": [1], ""removed_edges"": [[1, 12, ""d""], [1, 16, ""d""], [1, 19, ""d""], [1, 26, ""d""]], ""added_edges"": [], ""details"": ""deleted non-key node 1 and its incident edges""}]",[],
cvefixes__01_vulnerable_expand_dynamic_string_token,node_attribute_modify,random,42,1,1,True,9,15,9,15,0,0,3,3,0.07134443521499634,0.7198774218559265,0.6485329866409302,0,1,True,51.01913699991201,"[{""step"": 1, ""action"": ""node_attribute_modify"", ""target_nodes"": [1, 15], ""removed_edges"": [], ""added_edges"": [], ""details"": ""changed node 1 token source from line 1 to line 15""}]",[],
cvefixes__01_vulnerable_expand_dynamic_string_token,edge_add,random,42,1,1,True,9,15,9,16,0,1,3,3,0.07134443521499634,0.06649699807167053,-0.004847437143325806,0,0,False,64.09084300003087,"[{""step"": 1, ""action"": ""edge_add"", ""target_nodes"": [26, 16], ""removed_edges"": [], ""added_edges"": [[26, 16, ""d""]], ""details"": ""added d edge 26->16""}]",[],
cvefixes__01_vulnerable_expand_dynamic_string_token,edge_delete,random,42,1,1,True,9,15,9,14,0,-1,3,3,0.07134443521499634,0.07134443521499634,0.0,0,0,False,54.292038999847136,"[{""step"": 1, ""action"": ""edge_delete"", ""target_nodes"": [1, 16], ""removed_edges"": [[1, 16, ""d""]], ""added_edges"": [], ""details"": ""deleted d edge 1->16""}]",[],
cvefixes__01_vulnerable_expand_dynamic_string_token,edge_reconnect,random,42,1,1,True,9,15,9,15,0,0,3,3,0.07134443521499634,0.06455951929092407,-0.006784915924072266,0,0,False,43.51695800005473,"[{""step"": 1, ""action"": ""edge_reconnect"", ""target_nodes"": [15, 23, 1], ""removed_edges"": [[15, 23, ""c""]], ""added_edges"": [[15, 1, ""c""]], ""details"": ""reconnected c edge 15->23 to 15->1""}]",[],
cvefixes__02_fixed_dl_dst_substitute,node_add,random,42,1,1,True,24,113,25,114,1,1,4,4,1.0735370814529688e-08,1.0735370814529688e-08,0.0,0,0,False,40.83871199964051,"[{""step"": 1, ""action"": ""node_add"", ""target_nodes"": [11, -1], ""removed_edges"": [], ""added_edges"": [[11, -1, ""d""]], ""details"": ""added synthetic node -1 using source line 11""}]",[],
cvefixes__02_fixed_dl_dst_substitute,node_delete,random,42,1,1,True,24,113,23,111,-1,-2,4,4,1.0735370814529688e-08,1.3080646787955175e-08,2.345275973425487e-09,0,0,False,34.983613999884255,"[{""step"": 1, ""action"": ""node_delete"", ""target_nodes"": [4], ""removed_edges"": [[1, 4, ""d""], [4, 31, ""d""]], ""added_edges"": [], ""details"": ""deleted non-key node 4 and its incident edges""}]",[],
cvefixes__02_fixed_dl_dst_substitute,node_attribute_modify,random,42,1,1,True,24,113,24,113,0,0,4,4,1.0735370814529688e-08,3.4034246532144152e-09,-7.3319461613152725e-09,0,0,False,45.214212000246334,"[{""step"": 1, ""action"": ""node_attribute_modify"", ""target_nodes"": [62, 59], ""removed_edges"": [], ""added_edges"": [], ""details"": ""changed node 62 token source from line 62 to line 59""}]",[],
cvefixes__02_fixed_dl_dst_substitute,edge_add,random,42,1,1,True,24,113,24,114,0,1,4,4,1.0735370814529688e-08,1.4328324304813123e-08,3.592953490283435e-09,0,0,False,36.56669200017859,"[{""step"": 1, ""action"": ""edge_add"", ""target_nodes"": [65, 71], ""removed_edges"": [], ""added_edges"": [[65, 71, ""d""]], ""details"": ""added d edge 65->71""}]",[],
cvefixes__02_fixed_dl_dst_substitute,edge_delete,random,42,1,1,True,24,113,24,112,0,-1,4,4,1.0735370814529688e-08,1.0053162746714861e-08,-6.822080678148268e-10,0,0,False,33.14807600008862,"[{""step"": 1, ""action"": ""edge_delete"", ""target_nodes"": [65, 31], ""removed_edges"": [[65, 31, ""d""]], ""added_edges"": [], ""details"": ""deleted d edge 65->31""}]",[],
cvefixes__02_fixed_dl_dst_substitute,edge_reconnect,random,42,1,1,True,24,113,24,113,0,0,4,4,1.0735370814529688e-08,1.3490029537877035e-08,2.7546587233473474e-09,0,0,False,39.88934200015137,"[{""step"": 1, ""action"": ""edge_reconnect"", ""target_nodes"": [65, 43, 17], ""removed_edges"": [[65, 43, ""d""]], ""added_edges"": [[65, 17, ""d""]], ""details"": ""reconnected d edge 65->43 to 65->17""}]",[],
cvefixes__03_fixed_KPasswordDlg_keyPressed,node_add,random,42,1,1,True,31,34,32,35,1,1,4,4,2.2707772586727515e-06,2.2707772586727515e-06,0.0,0,0,False,39.06024799971419,"[{""step"": 1, ""action"": ""node_add"", ""target_nodes"": [22, -1], ""removed_edges"": [], ""added_edges"": [[22, -1, ""d""]], ""details"": ""added synthetic node -1 using source line 22""}]",[],
cvefixes__03_fixed_KPasswordDlg_keyPressed,node_delete,random,42,1,1,True,31,34,30,33,-1,-1,4,4,2.2707772586727515e-06,2.2707772586727515e-06,0.0,0,0,False,35.710522000044875,"[{""step"": 1, ""action"": ""node_delete"", ""target_nodes"": [27], ""removed_edges"": [[21, 27, ""c""]], ""added_edges"": [], ""details"": ""deleted non-key node 27 and its incident edges""}]",[],
cvefixes__03_fixed_KPasswordDlg_keyPressed,node_attribute_modify,random,42,1,1,True,31,34,31,34,0,0,4,4,2.2707772586727515e-06,2.2707772586727515e-06,0.0,0,0,False,38.53863899985299,"[{""step"": 1, ""action"": ""node_attribute_modify"", ""target_nodes"": [28, 40], ""removed_edges"": [], ""added_edges"": [], ""details"": ""changed node 28 token source from line 28 to line 40""}]",[],
cvefixes__03_fixed_KPasswordDlg_keyPressed,edge_add,random,42,1,1,True,31,34,31,35,0,1,4,4,2.2707772586727515e-06,2.2707772586727515e-06,0.0,0,0,False,43.28670799986867,"[{""step"": 1, ""action"": ""edge_add"", ""target_nodes"": [26, 28], ""removed_edges"": [], ""added_edges"": [[26, 28, ""d""]], ""details"": ""added d edge 26->28""}]",[],
cvefixes__03_fixed_KPasswordDlg_keyPressed,edge_delete,random,42,1,1,True,31,34,31,33,0,-1,4,4,2.2707772586727515e-06,2.2707772586727515e-06,0.0,0,0,False,40.55011399987052,"[{""step"": 1, ""action"": ""edge_delete"", ""target_nodes"": [5, 37], ""removed_edges"": [[5, 37, ""c""]], ""added_edges"": [], ""details"": ""deleted c edge 5->37""}]",[],
cvefixes__03_fixed_KPasswordDlg_keyPressed,edge_reconnect,random,42,1,1,True,31,34,31,34,0,0,4,4,2.2707772586727515e-06,4.190394975012168e-06,1.919617716339417e-06,0,0,False,41.262075999839,"[{""step"": 1, ""action"": ""edge_reconnect"", ""target_nodes"": [3, 4, 41], ""removed_edges"": [[3, 4, ""d""]], ""added_edges"": [[3, 41, ""d""]], ""details"": ""reconnected d edge 3->4 to 3->41""}]",[],
cvefixes__04_fixed_ia64_patch_rse,node_add,random,42,1,1,True,8,13,9,14,1,1,2,2,1.796072319848463e-05,0.0009454326354898512,0.0009274719122913666,0,0,False,47.81071499974132,"[{""step"": 1, ""action"": ""node_add"", ""target_nodes"": [7, -1], ""removed_edges"": [], ""added_edges"": [[7, -1, ""d""]], ""details"": ""added synthetic node -1 using source line 7""}]",[],
cvefixes__04_fixed_ia64_patch_rse,node_delete,random,42,1,1,True,8,13,7,11,-1,-2,2,2,1.796072319848463e-05,6.26724140602164e-05,4.471169086173177e-05,0,0,False,42.71675499967387,"[{""step"": 1, ""action"": ""node_delete"", ""target_nodes"": [1], ""removed_edges"": [[1, 3, ""d""], [1, 6, ""d""]], ""added_edges"": [], ""details"": ""deleted non-key node 1 and its incident edges""}]",[],
cvefixes__04_fixed_ia64_patch_rse,node_attribute_modify,random,42,1,1,True,8,13,8,13,0,0,2,2,1.796072319848463e-05,0.00039378160727210343,0.0003758208840736188,0,0,False,48.73901000019032,"[{""step"": 1, ""action"": ""node_attribute_modify"", ""target_nodes"": [1, 12], ""removed_edges"": [], ""added_edges"": [], ""details"": ""changed node 1 token source from line 1 to line 12""}]",[],
cvefixes__04_fixed_ia64_patch_rse,edge_add,random,42,1,1,True,8,13,8,14,0,1,2,2,1.796072319848463e-05,3.499847662169486e-05,1.7037753423210233e-05,0,0,False,40.69588400034263,"[{""step"": 1, ""action"": ""edge_add"", ""target_nodes"": [1, 9], ""removed_edges"": [], ""added_edges"": [[1, 9, ""d""]], ""details"": ""added d edge 1->9""}]",[],
cvefixes__04_fixed_ia64_patch_rse,edge_delete,random,42,1,1,True,8,13,8,12,0,-1,2,2,1.796072319848463e-05,6.957694859011099e-05,5.161622539162636e-05,0,0,False,42.034030000195344,"[{""step"": 1, ""action"": ""edge_delete"", ""target_nodes"": [3, 7], ""removed_edges"": [[3, 7, ""d""]], ""added_edges"": [], ""details"": ""deleted d edge 3->7""}]",[],
cvefixes__04_fixed_ia64_patch_rse,edge_reconnect,random,42,1,1,True,8,13,8,13,0,0,2,2,1.796072319848463e-05,6.957694859011099e-05,5.161622539162636e-05,0,0,False,33.827650000148424,"[{""step"": 1, ""action"": ""edge_reconnect"", ""target_nodes"": [3, 7, 11], ""removed_edges"": [[3, 7, ""d""]], ""added_edges"": [[3, 11, ""d""]], ""details"": ""reconnected d edge 3->7 to 3->11""}]",[],
cvefixes__05_fixed_altivec_unavailable_exception,node_add,random,42,1,1,True,7,8,8,9,1,1,1,1,0.0003320919058751315,0.0003320919058751315,0.0,0,0,False,41.98867800005246,"[{""step"": 1, ""action"": ""node_add"", ""target_nodes"": [12, -1], ""removed_edges"": [], ""added_edges"": [[12, -1, ""d""]], ""details"": ""added synthetic node -1 using source line 12""}]",[],
cvefixes__05_fixed_altivec_unavailable_exception,node_delete,random,42,1,1,True,7,8,6,5,-1,-3,1,1,0.0003320919058751315,0.002727672690525651,0.0023955807846505195,0,0,False,33.83299500001158,"[{""step"": 1, ""action"": ""node_delete"", ""target_nodes"": [1], ""removed_edges"": [[1, 3, ""d""], [1, 6, ""d""], [1, 12, ""d""]], ""added_edges"": [], ""details"": ""deleted non-key node 1 and its incident edges""}]",[],
cvefixes__05_fixed_altivec_unavailable_exception,node_attribute_modify,random,42,1,1,True,7,8,7,8,0,0,1,1,0.0003320919058751315,0.0003320919058751315,0.0,0,0,False,39.78725500019209,"[{""step"": 1, ""action"": ""node_attribute_modify"", ""target_nodes"": [7, 6], ""removed_edges"": [], ""added_edges"": [], ""details"": ""changed node 7 token source from line 7 to line 6""}]",[],
cvefixes__05_fixed_altivec_unavailable_exception,edge_add,random,42,1,1,True,7,8,7,9,0,1,1,1,0.0003320919058751315,0.0014332373393699527,0.0011011454334948212,0,0,False,33.16765199997462,"[{""step"": 1, ""action"": ""edge_add"", ""target_nodes"": [7, 3], ""removed_edges"": [], ""added_edges"": [[7, 3, ""d""]], ""details"": ""added d edge 7->3""}]",[],
cvefixes__05_fixed_altivec_unavailable_exception,edge_delete,random,42,1,1,True,7,8,7,7,0,-1,1,1,0.0003320919058751315,0.0003320919058751315,0.0,0,0,False,33.95525399992039,"[{""step"": 1, ""action"": ""edge_delete"", ""target_nodes"": [3, 7], ""removed_edges"": [[3, 7, ""c""]], ""added_edges"": [], ""details"": ""deleted c edge 3->7""}]",[],
cvefixes__05_fixed_altivec_unavailable_exception,edge_reconnect,random,42,1,1,True,7,8,7,8,0,0,1,1,0.0003320919058751315,0.001225534826517105,0.0008934429206419736,0,0,False,33.754433000012796,"[{""step"": 1, ""action"": ""edge_reconnect"", ""target_nodes"": [1, 6, 11], ""removed_edges"": [[1, 6, ""d""]], ""added_edges"": [[1, 11, ""d""]], ""details"": ""reconnected d edge 1->6 to 1->11""}]",[],
cvefixes__06_vulnerable_altivec_unavailable_exception,node_add,random,42,1,1,True,7,8,8,9,1,1,1,1,0.0003320919058751315,0.0003320919058751315,0.0,0,0,False,35.7333980000476,"[{""step"": 1, ""action"": ""node_add"", ""target_nodes"": [13, -1], ""removed_edges"": [], ""added_edges"": [[13, -1, ""d""]], ""details"": ""added synthetic node -1 using source line 13""}]",[],
cvefixes__06_vulnerable_altivec_unavailable_exception,node_delete,random,42,1,1,True,7,8,6,5,-1,-3,1,1,0.0003320919058751315,0.002727672690525651,0.0023955807846505195,0,0,False,39.88884699992923,"[{""step"": 1, ""action"": ""node_delete"", ""target_nodes"": [1], ""removed_edges"": [[1, 4, ""d""], [1, 7, ""d""], [1, 13, ""d""]], ""added_edges"": [], ""details"": ""deleted non-key node 1 and its incident edges""}]",[],
cvefixes__06_vulnerable_altivec_unavailable_exception,node_attribute_modify,random,42,1,1,True,7,8,7,8,0,0,1,1,0.0003320919058751315,0.0003320919058751315,0.0,0,0,False,38.777148999997735,"[{""step"": 1, ""action"": ""node_attribute_modify"", ""target_nodes"": [8, 7], ""removed_edges"": [], ""added_edges"": [], ""details"": ""changed node 8 token source from line 8 to line 7""}]",[],
cvefixes__06_vulnerable_altivec_unavailable_exception,edge_add,random,42,1,1,True,7,8,7,9,0,1,1,1,0.0003320919058751315,0.0014332373393699527,0.0011011454334948212,0,0,False,35.78739099975792,"[{""step"": 1, ""action"": ""edge_add"", ""target_nodes"": [8, 4], ""removed_edges"": [], ""added_edges"": [[8, 4, ""d""]], ""details"": ""added d edge 8->4""}]",[],
cvefixes__06_vulnerable_altivec_unavailable_exception,edge_delete,random,42,1,1,True,7,8,7,7,0,-1,1,1,0.0003320919058751315,0.0003320919058751315,0.0,0,0,False,45.86012399977335,"[{""step"": 1, ""action"": ""edge_delete"", ""target_nodes"": [4, 8], ""removed_edges"": [[4, 8, ""c""]], ""added_edges"": [], ""details"": ""deleted c edge 4->8""}]",[],
cvefixes__06_vulnerable_altivec_unavailable_exception,edge_reconnect,random,42,1,1,True,7,8,7,8,0,0,1,1,0.0003320919058751315,0.001225534826517105,0.0008934429206419736,0,0,False,32.67244400012714,"[{""step"": 1, ""action"": ""edge_reconnect"", ""target_nodes"": [1, 7, 12], ""removed_edges"": [[1, 7, ""d""]], ""added_edges"": [[1, 12, ""d""]], ""details"": ""reconnected d edge 1->7 to 1->12""}]",[],
cvefixes__07_fixed_videobuf_vm_close,node_add,random,42,1,1,True,18,38,19,39,1,1,17,17,1.2162955727035296e-06,3.665093345261994e-06,2.448797772558464e-06,0,0,False,90.42323199992097,"[{""step"": 1, ""action"": ""node_add"", ""target_nodes"": [14, -1], ""removed_edges"": [], ""added_edges"": [[14, -1, ""d""]], ""details"": ""added synthetic node -1 using source line 14""}]",[],
cvefixes__07_fixed_videobuf_vm_close,node_delete,random,42,1,1,True,18,38,17,36,-1,-2,17,17,1.2162955727035296e-06,4.463046821001626e-09,-1.211832525882528e-06,0,0,False,82.65922700002193,"[{""step"": 1, ""action"": ""node_delete"", ""target_nodes"": [1], ""removed_edges"": [[1, 3, ""d""], [1, 7, ""d""]], ""added_edges"": [], ""details"": ""deleted non-key node 1 and its incident edges""}]",[],
cvefixes__07_fixed_videobuf_vm_close,node_attribute_modify,random,42,1,1,True,18,38,18,38,0,0,17,17,1.2162955727035296e-06,2.2706767310864961e-07,-9.8922789959488e-07,0,0,False,90.66167299988592,"[{""step"": 1, ""action"": ""node_attribute_modify"", ""target_nodes"": [19, 1], ""removed_edges"": [], ""added_edges"": [], ""details"": ""changed node 19 token source from line 19 to line 1""}]",[],
cvefixes__07_fixed_videobuf_vm_close,edge_add,random,42,1,1,True,18,38,18,39,0,1,17,17,1.2162955727035296e-06,1.404252825132346e-09,-1.2148913198783973e-06,0,0,False,90.57405200019275,"[{""step"": 1, ""action"": ""edge_add"", ""target_nodes"": [14, 4], ""removed_edges"": [], ""added_edges"": [[14, 4, ""d""]], ""details"": ""added d edge 14->4""}]",[],
cvefixes__07_fixed_videobuf_vm_close,edge_delete,random,42,1,1,True,18,38,18,37,0,-1,17,17,1.2162955727035296e-06,7.44528733775951e-07,-4.7176683892757865e-07,0,0,False,81.87995000025694,"[{""step"": 1, ""action"": ""edge_delete"", ""target_nodes"": [14, 23], ""removed_edges"": [[14, 23, ""d""]], ""added_edges"": [], ""details"": ""deleted d edge 14->23""}]",[],
cvefixes__07_fixed_videobuf_vm_close,edge_reconnect,random,42,1,1,True,18,38,18,38,0,0,17,17,1.2162955727035296e-06,5.4298012400977314e-05,5.3081716828273784e-05,0,0,False,83.8175809999484,"[{""step"": 1, ""action"": ""edge_reconnect"", ""target_nodes"": [3, 10, 23], ""removed_edges"": [[3, 10, ""d""]], ""added_edges"": [[3, 23, ""d""]], ""details"": ""reconnected d edge 3->10 to 3->23""}]",[],
cvefixes__08_vulnerable_videobuf_vm_close,node_add,random,42,1,1,True,18,38,19,39,1,1,17,17,1.2162944358351524e-06,3.665093345261994e-06,2.4487989094268414e-06,0,0,False,83.8887709996925,"[{""step"": 1, ""action"": ""node_add"", ""target_nodes"": [14, -1], ""removed_edges"": [], ""added_edges"": [[14, -1, ""d""]], ""details"": ""added synthetic node -1 using source line 14""}]",[],
cvefixes__08_vulnerable_videobuf_vm_close,node_delete,random,42,1,1,True,18,38,17,36,-1,-2,17,17,1.2162944358351524e-06,4.463046821001626e-09,-1.2118313890141508e-06,0,0,False,83.00495100002081,"[{""step"": 1, ""action"": ""node_delete"", ""target_nodes"": [1], ""removed_edges"": [[1, 3, ""d""], [1, 7, ""d""]], ""added_edges"": [], ""details"": ""deleted non-key node 1 and its incident edges""}]",[],
cvefixes__08_vulnerable_videobuf_vm_close,node_attribute_modify,random,42,1,1,True,18,38,18,38,0,0,17,17,1.2162944358351524e-06,2.2706767310864961e-07,-9.892267627265028e-07,0,0,False,82.67445100000259,"[{""step"": 1, ""action"": ""node_attribute_modify"", ""target_nodes"": [19, 1], ""removed_edges"": [], ""added_edges"": [], ""details"": ""changed node 19 token source from line 19 to line 1""}]",[],
cvefixes__08_vulnerable_videobuf_vm_close,edge_add,random,42,1,1,True,18,38,18,39,0,1,17,17,1.2162944358351524e-06,1.4042554896676052e-09,-1.2148901803454848e-06,0,0,False,65.7231039999715,"[{""step"": 1, ""action"": ""edge_add"", ""target_nodes"": [14, 4], ""removed_edges"": [], ""added_edges"": [[14, 4, ""d""]], ""details"": ""added d edge 14->4""}]",[],
cvefixes__08_vulnerable_videobuf_vm_close,edge_delete,random,42,1,1,True,18,38,18,37,0,-1,17,17,1.2162944358351524e-06,7.44528733775951e-07,-4.7176570205920143e-07,0,0,False,58.759793999797694,"[{""step"": 1, ""action"": ""edge_delete"", ""target_nodes"": [14, 23], ""removed_edges"": [[14, 23, ""d""]], ""added_edges"": [], ""details"": ""deleted d edge 14->23""}]",[],
cvefixes__08_vulnerable_videobuf_vm_close,edge_reconnect,random,42,1,1,True,18,38,18,38,0,0,17,17,1.2162944358351524e-06,5.4298012400977314e-05,5.308171796514216e-05,0,0,False,78.89789199998631,"[{""step"": 1, ""action"": ""edge_reconnect"", ""target_nodes"": [3, 10, 23], ""removed_edges"": [[3, 10, ""d""]], ""added_edges"": [[3, 23, ""d""]], ""details"": ""reconnected d edge 3->10 to 3->23""}]",[],
cvefixes__09_fixed_netlbl_cipsov4_add_common,node_add,random,42,1,1,True,15,28,16,29,1,1,9,9,0.0003572004206944257,0.0003572004206944257,0.0,0,0,False,66.21427999971274,"[{""step"": 1, ""action"": ""node_add"", ""target_nodes"": [2, -1], ""removed_edges"": [], ""added_edges"": [[2, -1, ""d""]], ""details"": ""added synthetic node -1 using source line 2""}]",[],
cvefixes__09_fixed_netlbl_cipsov4_add_common,node_delete,random,42,1,1,True,15,28,14,27,-1,-1,9,9,0.0003572004206944257,0.0003572004206944257,0.0,0,0,False,64.27058000008401,"[{""step"": 1, ""action"": ""node_delete"", ""target_nodes"": [15], ""removed_edges"": [[10, 15, ""c""]], ""added_edges"": [], ""details"": ""deleted non-key node 15 and its incident edges""}]",[],
cvefixes__09_fixed_netlbl_cipsov4_add_common,node_attribute_modify,random,42,1,1,True,15,28,15,28,0,0,9,9,0.0003572004206944257,0.025731567293405533,0.025374366872711107,0,0,False,56.65913300026659,"[{""step"": 1, ""action"": ""node_attribute_modify"", ""target_nodes"": [17, 10], ""removed_edges"": [], ""added_edges"": [], ""details"": ""changed node 17 token source from line 17 to line 10""}]",[],
cvefixes__09_fixed_netlbl_cipsov4_add_common,edge_add,random,42,1,1,True,15,28,15,29,0,1,9,9,0.0003572004206944257,0.0003572004206944257,0.0,0,0,False,56.57002599991756,"[{""step"": 1, ""action"": ""edge_add"", ""target_nodes"": [4, 15], ""removed_edges"": [], ""added_edges"": [[4, 15, ""d""]], ""details"": ""added d edge 4->15""}]",[],
cvefixes__09_fixed_netlbl_cipsov4_add_common,edge_delete,random,42,1,1,True,15,28,15,27,0,-1,9,9,0.0003572004206944257,0.0005241295439191163,0.00016692912322469056,0,0,False,57.79230699999971,"[{""step"": 1, ""action"": ""edge_delete"", ""target_nodes"": [1, 8], ""removed_edges"": [[1, 8, ""d""]], ""added_edges"": [], ""details"": ""deleted d edge 1->8""}]",[],
cvefixes__09_fixed_netlbl_cipsov4_add_common,edge_reconnect,random,42,1,1,True,15,28,15,28,0,0,9,9,0.0003572004206944257,0.0003572004206944257,0.0,0,0,False,65.4086740000821,"[{""step"": 1, ""action"": ""edge_reconnect"", ""target_nodes"": [16, 24, 15], ""removed_edges"": [[16, 24, ""c""]], ""added_edges"": [[16, 15, ""c""]], ""details"": ""reconnected c edge 16->24 to 16->15""}]",[],
cvefixes__10_vulnerable_netlbl_cipsov4_add_common,node_add,random,42,1,1,True,15,26,16,27,1,1,9,9,0.0036455155350267887,0.0036455155350267887,0.0,0,0,False,54.753033999986656,"[{""step"": 1, ""action"": ""node_add"", ""target_nodes"": [2, -1], ""removed_edges"": [], ""added_edges"": [[2, -1, ""d""]], ""details"": ""added synthetic node -1 using source line 2""}]",[],
cvefixes__10_vulnerable_netlbl_cipsov4_add_common,node_delete,random,42,1,1,True,15,26,14,25,-1,-1,9,9,0.0036455155350267887,0.00040930166142061353,-0.003236213873606175,0,0,False,57.72918100001334,"[{""step"": 1, ""action"": ""node_delete"", ""target_nodes"": [15], ""removed_edges"": [[10, 15, ""c""]], ""added_edges"": [], ""details"": ""deleted non-key node 15 and its incident edges""}]",[],
cvefixes__10_vulnerable_netlbl_cipsov4_add_common,node_attribute_modify,random,42,1,1,True,15,26,15,26,0,0,9,9,0.0036455155350267887,0.018399128690361977,0.014753613155335188,0,0,False,58.50164200001018,"[{""step"": 1, ""action"": ""node_attribute_modify"", ""target_nodes"": [17, 10], ""removed_edges"": [], ""added_edges"": [], ""details"": ""changed node 17 token source from line 17 to line 10""}]",[],
cvefixes__10_vulnerable_netlbl_cipsov4_add_common,edge_add,random,42,1,1,True,15,26,15,27,0,1,9,9,0.0036455155350267887,0.0036455155350267887,0.0,0,0,False,52.51104299986764,"[{""step"": 1, ""action"": ""edge_add"", ""target_nodes"": [4, 13], ""removed_edges"": [], ""added_edges"": [[4, 13, ""d""]], ""details"": ""added d edge 4->13""}]",[],
cvefixes__10_vulnerable_netlbl_cipsov4_add_common,edge_delete,random,42,1,1,True,15,26,15,25,0,-1,9,9,0.0036455155350267887,0.005808013956993818,0.0021624984219670296,0,0,False,55.42085400020369,"[{""step"": 1, ""action"": ""edge_delete"", ""target_nodes"": [4, 16], ""removed_edges"": [[4, 16, ""d""]], ""added_edges"": [], ""details"": ""deleted d edge 4->16""}]",[],
cvefixes__10_vulnerable_netlbl_cipsov4_add_common,edge_reconnect,random,42,1,1,True,15,26,15,26,0,0,9,9,0.0036455155350267887,0.002593448618426919,-0.0010520669165998697,0,0,False,65.75750899992272,"[{""step"": 1, ""action"": ""edge_reconnect"", ""target_nodes"": [16, 24, 15], ""removed_edges"": [[16, 24, ""c""]], ""added_edges"": [[16, 15, ""c""]], ""details"": ""reconnected c edge 16->24 to 16->15""}]",[],
cvefixes__11_fixed_generic_perform_write,node_add,random,42,1,1,True,44,88,45,89,1,1,5,5,3.535852499680914e-08,3.5358592498369035e-08,6.750155989720952e-14,0,0,False,48.80742800014559,"[{""step"": 1, ""action"": ""node_add"", ""target_nodes"": [5, -1], ""removed_edges"": [], ""added_edges"": [[5, -1, ""d""]], ""details"": ""added synthetic node -1 using source line 5""}]",[],
cvefixes__11_fixed_generic_perform_write,node_delete,random,42,1,1,True,44,88,43,87,-1,-1,5,5,3.535852499680914e-08,1.2796409691873123e-06,1.2442824441905032e-06,0,0,False,58.60525399975813,"[{""step"": 1, ""action"": ""node_delete"", ""target_nodes"": [21], ""removed_edges"": [[83, 21, ""c""]], ""added_edges"": [], ""details"": ""deleted non-key node 21 and its incident edges""}]",[],
cvefixes__11_fixed_generic_perform_write,node_attribute_modify,random,42,1,1,True,44,88,44,88,0,0,5,5,3.535852499680914e-08,1.9912876680905356e-08,-1.544564831590378e-08,0,0,False,80.40596099999675,"[{""step"": 1, ""action"": ""node_attribute_modify"", ""target_nodes"": [76, 49], ""removed_edges"": [], ""added_edges"": [], ""details"": ""changed node 76 token source from line 76 to line 49""}]",[],
cvefixes__11_fixed_generic_perform_write,edge_add,random,42,1,1,True,44,88,44,89,0,1,5,5,3.535852499680914e-08,3.266825032710585e-08,-2.6902746697032853e-09,0,0,False,48.78533700002663,"[{""step"": 1, ""action"": ""edge_add"", ""target_nodes"": [74, 81], ""removed_edges"": [], ""added_edges"": [[74, 81, ""d""]], ""details"": ""added d edge 74->81""}]",[],
cvefixes__11_fixed_generic_perform_write,edge_delete,random,42,1,1,True,44,88,44,87,0,-1,5,5,3.535852499680914e-08,5.682570147769184e-08,2.14671764808827e-08,0,0,False,43.13284299996667,"[{""step"": 1, ""action"": ""edge_delete"", ""target_nodes"": [2, 25], ""removed_edges"": [[2, 25, ""d""]], ""added_edges"": [], ""details"": ""deleted d edge 2->25""}]",[],
cvefixes__11_fixed_generic_perform_write,edge_reconnect,random,42,1,1,True,44,88,44,88,0,0,5,5,3.535852499680914e-08,3.317979135886162e-08,-2.1787336379475164e-09,0,0,False,46.56711400002678,"[{""step"": 1, ""action"": ""edge_reconnect"", ""target_nodes"": [4, 56, 49], ""removed_edges"": [[4, 56, ""d""]], ""added_edges"": [[4, 49, ""d""]], ""details"": ""reconnected d edge 4->56 to 4->49""}]",[],
cvefixes__12_vulnerable_generic_perform_write,node_add,random,42,1,1,True,44,88,45,89,1,1,5,5,2.9438192328257173e-08,2.9438250948032874e-08,5.861977570020827e-14,0,0,False,49.00058200018975,"[{""step"": 1, ""action"": ""node_add"", ""target_nodes"": [5, -1], ""removed_edges"": [], ""added_edges"": [[5, -1, ""d""]], ""details"": ""added synthetic node -1 using source line 5""}]",[],
cvefixes__12_vulnerable_generic_perform_write,node_delete,random,42,1,1,True,44,88,43,87,-1,-1,5,5,2.9438192328257173e-08,1.4166116670821793e-06,1.3871734747539222e-06,0,0,False,52.110882999841124,"[{""step"": 1, ""action"": ""node_delete"", ""target_nodes"": [21], ""removed_edges"": [[83, 21, ""c""]], ""added_edges"": [], ""details"": ""deleted non-key node 21 and its incident edges""}]",[],
cvefixes__12_vulnerable_generic_perform_write,node_attribute_modify,random,42,1,1,True,44,88,44,88,0,0,5,5,2.9438192328257173e-08,1.707652863558451e-08,-1.2361663692672664e-08,0,0,False,48.807529999976396,"[{""step"": 1, ""action"": ""node_attribute_modify"", ""target_nodes"": [77, 49], ""removed_edges"": [], ""added_edges"": [], ""details"": ""changed node 77 token source from line 77 to line 49""}]",[],
cvefixes__12_vulnerable_generic_perform_write,edge_add,random,42,1,1,True,44,88,44,89,0,1,5,5,2.9438192328257173e-08,2.6880577763677138e-08,-2.5576145645800352e-09,0,0,False,55.99211400021886,"[{""step"": 1, ""action"": ""edge_add"", ""target_nodes"": [74, 81], ""removed_edges"": [], ""added_edges"": [[74, 81, ""d""]], ""details"": ""added d edge 74->81""}]",[],
cvefixes__12_vulnerable_generic_perform_write,edge_delete,random,42,1,1,True,44,88,44,87,0,-1,5,5,2.9438192328257173e-08,4.742878090269187e-08,1.7990588574434696e-08,0,0,False,42.79029899998932,"[{""step"": 1, ""action"": ""edge_delete"", ""target_nodes"": [2, 25], ""removed_edges"": [[2, 25, ""d""]], ""added_edges"": [], ""details"": ""deleted d edge 2->25""}]",[],
cvefixes__12_vulnerable_generic_perform_write,edge_reconnect,random,42,1,1,True,44,88,44,88,0,0,5,5,2.9438192328257173e-08,2.4547976096300772e-08,-4.890216231956401e-09,0,0,False,42.523838999841246,"[{""step"": 1, ""action"": ""edge_reconnect"", ""target_nodes"": [4, 56, 73], ""removed_edges"": [[4, 56, ""d""]], ""added_edges"": [[4, 73, ""d""]], ""details"": ""reconnected d edge 4->56 to 4->73""}]",[],
cvefixes__13_fixed_pango_glyph_string_set_size,node_add,random,42,1,1,True,15,37,16,38,1,1,12,12,0.0004900019848719239,0.0004900019848719239,0.0,0,0,False,58.689212999979645,"[{""step"": 1, ""action"": ""node_add"", ""target_nodes"": [1, -1], ""removed_edges"": [], ""added_edges"": [[1, -1, ""d""]], ""details"": ""added synthetic node -1 using source line 1""}]",[],
cvefixes__13_fixed_pango_glyph_string_set_size,node_delete,random,42,1,1,True,15,37,14,36,-1,-1,12,12,0.0004900019848719239,0.0004900019848719239,0.0,0,0,False,58.78276099974755,"[{""step"": 1, ""action"": ""node_delete"", ""target_nodes"": [3], ""removed_edges"": [[1, 3, ""d""]], ""added_edges"": [], ""details"": ""deleted non-key node 3 and its incident edges""}]",[],
cvefixes__13_fixed_pango_glyph_string_set_size,node_attribute_modify,random,42,1,1,True,15,37,15,37,0,0,12,12,0.0004900019848719239,0.0004900019848719239,0.0,0,0,False,58.126143000208685,"[{""step"": 1, ""action"": ""node_attribute_modify"", ""target_nodes"": [3, 33], ""removed_edges"": [], ""added_edges"": [], ""details"": ""changed node 3 token source from line 3 to line 33""}]",[],
cvefixes__13_fixed_pango_glyph_string_set_size,edge_add,random,42,1,1,True,15,37,15,38,0,1,12,12,0.0004900019848719239,0.0004900019848719239,0.0,0,0,False,51.914083999690774,"[{""step"": 1, ""action"": ""edge_add"", ""target_nodes"": [3, 16], ""removed_edges"": [], ""added_edges"": [[3, 16, ""d""]], ""details"": ""added d edge 3->16""}]",[],
cvefixes__13_fixed_pango_glyph_string_set_size,edge_delete,random,42,1,1,True,15,37,15,36,0,-1,12,12,0.0004900019848719239,0.0004900019848719239,0.0,0,0,False,68.56713800016223,"[{""step"": 1, ""action"": ""edge_delete"", ""target_nodes"": [9, 7], ""removed_edges"": [[9, 7, ""d""]], ""added_edges"": [], ""details"": ""deleted d edge 9->7""}]",[],
cvefixes__13_fixed_pango_glyph_string_set_size,edge_reconnect,random,42,1,1,True,15,37,15,37,0,0,12,12,0.0004900019848719239,0.0004900019848719239,0.0,0,0,False,54.18068300014056,"[{""step"": 1, ""action"": ""edge_reconnect"", ""target_nodes"": [7, 29, 3], ""removed_edges"": [[7, 29, ""c""]], ""added_edges"": [[7, 3, ""c""]], ""details"": ""reconnected c edge 7->29 to 7->3""}]",[],
cvefixes__14_vulnerable_pango_glyph_string_set_size,node_add,random,42,1,1,True,12,35,13,36,1,1,12,12,0.0005512611824087799,0.0017418282805010676,0.0011905670980922878,0,0,False,64.1936550000537,"[{""step"": 1, ""action"": ""node_add"", ""target_nodes"": [21, -1], ""removed_edges"": [], ""added_edges"": [[21, -1, ""d""]], ""details"": ""added synthetic node -1 using source line 21""}]",[],
cvefixes__14_vulnerable_pango_glyph_string_set_size,node_delete,random,42,1,1,True,12,35,11,34,-1,-1,12,12,0.0005512611824087799,0.0005512611824087799,0.0,0,0,False,60.28115299977799,"[{""step"": 1, ""action"": ""node_delete"", ""target_nodes"": [3], ""removed_edges"": [[1, 3, ""d""]], ""added_edges"": [], ""details"": ""deleted non-key node 3 and its incident edges""}]",[],
cvefixes__14_vulnerable_pango_glyph_string_set_size,node_attribute_modify,random,42,1,1,True,12,35,12,35,0,0,12,12,0.0005512611824087799,0.0005512611824087799,0.0,0,0,False,58.57435000007172,"[{""step"": 1, ""action"": ""node_attribute_modify"", ""target_nodes"": [14, 19], ""removed_edges"": [], ""added_edges"": [], ""details"": ""changed node 14 token source from line 14 to line 19""}]",[],
cvefixes__14_vulnerable_pango_glyph_string_set_size,edge_add,random,42,1,1,True,12,35,12,36,0,1,12,12,0.0005512611824087799,0.0011842744424939156,0.0006330132600851357,0,0,False,58.36255399981383,"[{""step"": 1, ""action"": ""edge_add"", ""target_nodes"": [21, 14], ""removed_edges"": [], ""added_edges"": [[21, 14, ""d""]], ""details"": ""added d edge 21->14""}]",[],
cvefixes__14_vulnerable_pango_glyph_string_set_size,edge_delete,random,42,1,1,True,12,35,12,34,0,-1,12,12,0.0005512611824087799,0.0005512614734470844,2.9103830456733704e-10,0,0,False,72.99518400031957,"[{""step"": 1, ""action"": ""edge_delete"", ""target_nodes"": [8, 19], ""removed_edges"": [[8, 19, ""d""]], ""added_edges"": [], ""details"": ""deleted d edge 8->19""}]",[],
cvefixes__14_vulnerable_pango_glyph_string_set_size,edge_reconnect,random,42,1,1,True,12,35,12,35,0,0,12,12,0.0005512611824087799,8.884043927537277e-05,-0.0004624207431334071,0,0,False,79.11600499983251,"[{""step"": 1, ""action"": ""edge_reconnect"", ""target_nodes"": [19, 20, 8], ""removed_edges"": [[19, 20, ""d""]], ""added_edges"": [[19, 8, ""d""]], ""details"": ""reconnected d edge 19->20 to 19->8""}]",[],
cvefixes__15_fixed_decode_entities,node_add,random,42,1,1,True,116,426,117,427,1,1,17,17,5.931518171564676e-05,5.931518171564676e-05,0.0,0,0,False,155.83943499996167,"[{""step"": 1, ""action"": ""node_add"", ""target_nodes"": [193, -1], ""removed_edges"": [], ""added_edges"": [[193, -1, ""d""]], ""details"": ""added synthetic node -1 using source line 193""}]",[],
cvefixes__15_fixed_decode_entities,node_delete,random,42,1,1,True,116,426,115,424,-1,-2,17,17,5.931518171564676e-05,5.931529449298978e-05,1.127773430198431e-10,0,0,False,144.94625299994368,"[{""step"": 1, ""action"": ""node_delete"", ""target_nodes"": [176], ""removed_edges"": [[164, 176, ""c""], [169, 176, ""d""]], ""added_edges"": [], ""details"": ""deleted non-key node 176 and its incident edges""}]",[],
cvefixes__15_fixed_decode_entities,node_attribute_modify,random,42,1,1,True,116,426,116,426,0,0,17,17,5.931518171564676e-05,7.00412128935568e-05,1.0726031177910045e-05,0,0,False,166.94528600010017,"[{""step"": 1, ""action"": ""node_attribute_modify"", ""target_nodes"": [4, 37], ""removed_edges"": [], ""added_edges"": [], ""details"": ""changed node 4 token source from line 4 to line 37""}]",[],
cvefixes__15_fixed_decode_entities,edge_add,random,42,1,1,True,116,426,116,427,0,1,17,17,5.931518171564676e-05,0.00010836437286343426,4.9049191147787496e-05,0,0,False,142.28653600002872,"[{""step"": 1, ""action"": ""edge_add"", ""target_nodes"": [176, 31], ""removed_edges"": [], ""added_edges"": [[176, 31, ""d""]], ""details"": ""added d edge 176->31""}]",[],
cvefixes__15_fixed_decode_entities,edge_delete,random,42,1,1,True,116,426,116,425,0,-1,17,17,5.931518171564676e-05,5.931518171564676e-05,0.0,0,0,False,150.44877699983772,"[{""step"": 1, ""action"": ""edge_delete"", ""target_nodes"": [196, 197], ""removed_edges"": [[196, 197, ""c""]], ""added_edges"": [], ""details"": ""deleted c edge 196->197""}]",[],
cvefixes__15_fixed_decode_entities,edge_reconnect,random,42,1,1,True,116,426,116,426,0,0,17,17,5.931518171564676e-05,6.151330308057368e-05,2.1981213649269193e-06,0,0,False,165.42501699996137,"[{""step"": 1, ""action"": ""edge_reconnect"", ""target_nodes"": [6, 168, 5], ""removed_edges"": [[6, 168, ""d""]], ""added_edges"": [[6, 5, ""d""]], ""details"": ""reconnected d edge 6->168 to 6->5""}]",[],
cvefixes__16_vulnerable_decode_entities,node_add,random,42,1,1,True,116,414,117,415,1,1,17,17,4.64283766632434e-05,4.6428329369518906e-05,-4.729372449219227e-11,0,0,False,129.05168899987984,"[{""step"": 1, ""action"": ""node_add"", ""target_nodes"": [193, -1], ""removed_edges"": [], ""added_edges"": [[193, -1, ""d""]], ""details"": ""added synthetic node -1 using source line 193""}]",[],
cvefixes__16_vulnerable_decode_entities,node_delete,random,42,1,1,True,116,414,115,412,-1,-2,17,17,4.64283766632434e-05,4.6428416681010276e-05,4.001776687800884e-11,0,0,False,116.63978899969152,"[{""step"": 1, ""action"": ""node_delete"", ""target_nodes"": [176], ""removed_edges"": [[164, 176, ""c""], [169, 176, ""d""]], ""added_edges"": [], ""details"": ""deleted non-key node 176 and its incident edges""}]",[],
cvefixes__16_vulnerable_decode_entities,node_attribute_modify,random,42,1,1,True,116,414,116,414,0,0,17,17,4.64283766632434e-05,5.530081398319453e-05,8.872437319951132e-06,0,0,False,120.0562149997495,"[{""step"": 1, ""action"": ""node_attribute_modify"", ""target_nodes"": [4, 37], ""removed_edges"": [], ""added_edges"": [], ""details"": ""changed node 4 token source from line 4 to line 37""}]",[],
cvefixes__16_vulnerable_decode_entities,edge_add,random,42,1,1,True,116,414,116,415,0,1,17,17,4.64283766632434e-05,8.0476762377657e-05,3.40483857144136e-05,0,0,False,300.16101199998957,"[{""step"": 1, ""action"": ""edge_add"", ""target_nodes"": [176, 31], ""removed_edges"": [], ""added_edges"": [[176, 31, ""d""]], ""details"": ""added d edge 176->31""}]",[],
cvefixes__16_vulnerable_decode_entities,edge_delete,random,42,1,1,True,116,414,116,413,0,-1,17,17,4.64283766632434e-05,4.64283766632434e-05,0.0,0,0,False,179.33584799993696,"[{""step"": 1, ""action"": ""edge_delete"", ""target_nodes"": [196, 197], ""removed_edges"": [[196, 197, ""c""]], ""added_edges"": [], ""details"": ""deleted c edge 196->197""}]",[],
cvefixes__16_vulnerable_decode_entities,edge_reconnect,random,42,1,1,True,116,414,116,414,0,0,17,17,4.64283766632434e-05,4.381719554658048e-05,-2.6111811166629195e-06,0,0,False,163.06972599977598,"[{""step"": 1, ""action"": ""edge_reconnect"", ""target_nodes"": [1, 178, 155], ""removed_edges"": [[1, 178, ""d""]], ""added_edges"": [[1, 155, ""d""]], ""details"": ""reconnected d edge 1->178 to 1->155""}]",[],
cvefixes__17_vulnerable_eval_js,node_add,random,42,1,1,True,19,34,20,35,1,1,0,0,0.0,0.0,0.0,0,0,False,0.18154200006392784,"[{""step"": 1, ""action"": ""node_add"", ""target_nodes"": [31, -1], ""removed_edges"": [], ""added_edges"": [[31, -1, ""d""]], ""details"": ""added synthetic node -1 using source line 31""}]",[],
cvefixes__17_vulnerable_eval_js,node_delete,random,42,1,1,True,19,34,18,29,-1,-5,0,0,0.0,0.0,0.0,0,0,False,0.1566199998705997,"[{""step"": 1, ""action"": ""node_delete"", ""target_nodes"": [31], ""removed_edges"": [[27, 31, ""c""], [29, 31, ""d""], [31, 32, ""c""], [31, 33, ""c""], [31, 34, ""c""]], ""added_edges"": [], ""details"": ""deleted non-key node 31 and its incident edges""}]",[],
cvefixes__17_vulnerable_eval_js,node_attribute_modify,random,42,1,1,True,19,34,19,34,0,0,0,0,0.0,0.0,0.0,0,0,False,0.23494499964726856,"[{""step"": 1, ""action"": ""node_attribute_modify"", ""target_nodes"": [43, 31], ""removed_edges"": [], ""added_edges"": [], ""details"": ""changed node 43 token source from line 43 to line 31""}]",[],
cvefixes__17_vulnerable_eval_js,edge_add,random,42,1,1,True,19,34,19,35,0,1,0,0,0.0,0.0,0.0,0,0,False,0.2106239999193349,"[{""step"": 1, ""action"": ""edge_add"", ""target_nodes"": [31, 14], ""removed_edges"": [], ""added_edges"": [[31, 14, ""d""]], ""details"": ""added d edge 31->14""}]",[],
cvefixes__17_vulnerable_eval_js,edge_delete,random,42,1,1,True,19,34,19,33,0,-1,0,0,0.0,0.0,0.0,0,0,False,0.16822099996716133,"[{""step"": 1, ""action"": ""edge_delete"", ""target_nodes"": [29, 31], ""removed_edges"": [[29, 31, ""d""]], ""added_edges"": [], ""details"": ""deleted d edge 29->31""}]",[],
cvefixes__17_vulnerable_eval_js,edge_reconnect,random,42,1,1,True,19,34,19,34,0,0,0,0,0.0,0.0,0.0,0,0,False,0.3012890001627966,"[{""step"": 1, ""action"": ""edge_reconnect"", ""target_nodes"": [26, 28, 44], ""removed_edges"": [[26, 28, ""d""]], ""added_edges"": [[26, 44, ""d""]], ""details"": ""reconnected d edge 26->28 to 26->44""}]",[],
cvefixes__18_vulnerable_try_read_command,node_add,random,42,1,1,True,73,190,74,191,1,1,66,66,0.00244052242487669,0.0024405247531831264,2.3283064365386963e-09,0,0,False,253.67392499993002,"[{""step"": 1, ""action"": ""node_add"", ""target_nodes"": [38, -1], ""removed_edges"": [], ""added_edges"": [[38, -1, ""d""]], ""details"": ""added synthetic node -1 using source line 38""}]",[],
cvefixes__18_vulnerable_try_read_command,node_delete,random,42,1,1,True,73,190,72,188,-1,-2,66,66,0.00244052242487669,0.0024405247531831264,2.3283064365386963e-09,0,0,False,282.42157999966366,"[{""step"": 1, ""action"": ""node_delete"", ""target_nodes"": [108], ""removed_edges"": [[92, 108, ""c""], [102, 108, ""c""]], ""added_edges"": [], ""details"": ""deleted non-key node 108 and its incident edges""}]",[],
cvefixes__18_vulnerable_try_read_command,node_attribute_modify,random,42,1,1,True,73,190,73,190,0,0,66,66,0.00244052242487669,0.00244052242487669,0.0,0,0,False,280.4397549998612,"[{""step"": 1, ""action"": ""node_attribute_modify"", ""target_nodes"": [114, 36], ""removed_edges"": [], ""added_edges"": [], ""details"": ""changed node 114 token source from line 114 to line 36""}]",[],
cvefixes__18_vulnerable_try_read_command,edge_add,random,42,1,1,True,73,190,73,191,0,1,66,66,0.00244052242487669,0.00244052242487669,0.0,0,0,False,262.4631460003002,"[{""step"": 1, ""action"": ""edge_add"", ""target_nodes"": [36, 73], ""removed_edges"": [], ""added_edges"": [[36, 73, ""d""]], ""details"": ""added d edge 36->73""}]",[],
cvefixes__18_vulnerable_try_read_command,edge_delete,random,42,1,1,True,73,190,73,189,0,-1,66,66,0.00244052242487669,0.00244052242487669,0.0,0,0,False,261.5982930001337,"[{""step"": 1, ""action"": ""edge_delete"", ""target_nodes"": [1, 90], ""removed_edges"": [[1, 90, ""d""]], ""added_edges"": [], ""details"": ""deleted d edge 1->90""}]",[],
cvefixes__18_vulnerable_try_read_command,edge_reconnect,random,42,1,1,True,73,190,73,190,0,0,66,66,0.00244052242487669,0.00244052242487669,0.0,0,0,False,232.94041200006177,"[{""step"": 1, ""action"": ""edge_reconnect"", ""target_nodes"": [10, 90, 123], ""removed_edges"": [[10, 90, ""d""]], ""added_edges"": [[10, 123, ""d""]], ""details"": ""reconnected d edge 10->90 to 10->123""}]",[],
cvefixes__19_fixed_try_read_network,node_add,random,42,1,1,True,41,106,42,107,1,1,26,26,6.361439017698797e-14,6.361439017698797e-14,0.0,0,0,False,115.90068799978326,"[{""step"": 1, ""action"": ""node_add"", ""target_nodes"": [4, -1], ""removed_edges"": [], ""added_edges"": [[4, -1, ""d""]], ""details"": ""added synthetic node -1 using source line 4""}]",[],
cvefixes__19_fixed_try_read_network,node_delete,random,42,1,1,True,41,106,40,104,-1,-2,26,26,6.361439017698797e-14,1.1705789332641658e-13,5.344350314942861e-14,0,0,False,114.73902399984581,"[{""step"": 1, ""action"": ""node_delete"", ""target_nodes"": [2], ""removed_edges"": [[2, 16, ""d""], [2, 56, ""d""]], ""added_edges"": [], ""details"": ""deleted non-key node 2 and its incident edges""}]",[],
cvefixes__19_fixed_try_read_network,node_attribute_modify,random,42,1,1,True,41,106,41,106,0,0,26,26,6.361439017698797e-14,1.5013711844938382e-13,8.652272827239585e-14,0,0,False,116.16421999997328,"[{""step"": 1, ""action"": ""node_attribute_modify"", ""target_nodes"": [49, 20], ""removed_edges"": [], ""added_edges"": [], ""details"": ""changed node 49 token source from line 49 to line 20""}]",[],
cvefixes__19_fixed_try_read_network,edge_add,random,42,1,1,True,41,106,41,107,0,1,26,26,6.361439017698797e-14,3.2886855131503134e-13,2.6525416113804337e-13,0,0,False,106.44970699968326,"[{""step"": 1, ""action"": ""edge_add"", ""target_nodes"": [50, 46], ""removed_edges"": [], ""added_edges"": [[50, 46, ""d""]], ""details"": ""added d edge 50->46""}]",[],
cvefixes__19_fixed_try_read_network,edge_delete,random,42,1,1,True,41,106,41,105,0,-1,26,26,6.361439017698797e-14,5.277213784741304e-16,-6.308666879851384e-14,0,0,False,107.37604599989936,"[{""step"": 1, ""action"": ""edge_delete"", ""target_nodes"": [49, 13], ""removed_edges"": [[49, 13, ""c""]], ""added_edges"": [], ""details"": ""deleted c edge 49->13""}]",[],
cvefixes__19_fixed_try_read_network,edge_reconnect,random,42,1,1,True,41,106,41,106,0,0,26,26,6.361439017698797e-14,1.017447844725572e-12,9.53833454548584e-13,0,0,False,122.31829599977573,"[{""step"": 1, ""action"": ""edge_reconnect"", ""target_nodes"": [40, 43, 1], ""removed_edges"": [[40, 43, ""c""]], ""added_edges"": [[40, 1, ""c""]], ""details"": ""reconnected c edge 40->43 to 40->1""}]",[],
cvefixes__20_vulnerable_irssi_ssl_handshake,node_add,random,42,1,1,True,30,43,31,44,1,1,7,7,0.0013992891181260347,0.0009407924371771514,-0.0004584966809488833,0,0,False,44.582616000298,"[{""step"": 1, ""action"": ""node_add"", ""target_nodes"": [24, -1], ""removed_edges"": [], ""added_edges"": [[24, -1, ""d""]], ""details"": ""added synthetic node -1 using source line 24""}]",[],
cvefixes__20_vulnerable_irssi_ssl_handshake,node_delete,random,42,1,1,True,30,43,29,42,-1,-1,7,7,0.0013992891181260347,0.0013992891181260347,0.0,0,0,False,52.28548800005228,"[{""step"": 1, ""action"": ""node_delete"", ""target_nodes"": [35], ""removed_edges"": [[33, 35, ""c""]], ""added_edges"": [], ""details"": ""deleted non-key node 35 and its incident edges""}]",[],
cvefixes__20_vulnerable_irssi_ssl_handshake,node_attribute_modify,random,42,1,1,True,30,43,30,43,0,0,7,7,0.0013992891181260347,0.0013992891181260347,0.0,0,0,False,51.08159199971851,"[{""step"": 1, ""action"": ""node_attribute_modify"", ""target_nodes"": [39, 19], ""removed_edges"": [], ""added_edges"": [], ""details"": ""changed node 39 token source from line 39 to line 19""}]",[],
cvefixes__20_vulnerable_irssi_ssl_handshake,edge_add,random,42,1,1,True,30,43,30,44,0,1,7,7,0.0013992891181260347,0.0013992877211421728,-1.3969838619232178e-09,0,0,False,56.449639000220486,"[{""step"": 1, ""action"": ""edge_add"", ""target_nodes"": [35, 22], ""removed_edges"": [], ""added_edges"": [[35, 22, ""d""]], ""details"": ""added d edge 35->22""}]",[],
cvefixes__20_vulnerable_irssi_ssl_handshake,edge_delete,random,42,1,1,True,30,43,30,42,0,-1,7,7,0.0013992891181260347,0.0011753253638744354,-0.0002239637542515993,0,0,False,58.349689000351646,"[{""step"": 1, ""action"": ""edge_delete"", ""target_nodes"": [3, 10], ""removed_edges"": [[3, 10, ""d""]], ""added_edges"": [], ""details"": ""deleted d edge 3->10""}]",[],
cvefixes__20_vulnerable_irssi_ssl_handshake,edge_reconnect,random,42,1,1,True,30,43,30,43,0,0,7,7,0.0013992891181260347,0.0018620968330651522,0.00046280771493911743,0,0,False,57.6001700001143,"[{""step"": 1, ""action"": ""edge_reconnect"", ""target_nodes"": [22, 23, 25], ""removed_edges"": [[22, 23, ""d""]], ""added_edges"": [[22, 25, ""d""]], ""details"": ""reconnected d edge 22->23 to 22->25""}]",[],
cwe119__01_vulnerable_03_vulnerable_30,node_add,random,42,1,1,True,43,70,44,71,1,1,41,41,1.0,1.0,0.0,1,1,False,155.7519359998878,"[{""step"": 1, ""action"": ""node_add"", ""target_nodes"": [117, -1], ""removed_edges"": [], ""added_edges"": [[117, -1, ""d""]], ""details"": ""added synthetic node -1 using source line 117""}]",[],
cwe119__01_vulnerable_03_vulnerable_30,node_delete,random,42,1,1,True,43,70,42,67,-1,-3,41,41,1.0,1.0,0.0,1,1,False,156.97078100038198,"[{""step"": 1, ""action"": ""node_delete"", ""target_nodes"": [117], ""removed_edges"": [[117, 118, ""d""], [117, 119, ""d""], [117, 123, ""d""]], ""added_edges"": [], ""details"": ""deleted non-key node 117 and its incident edges""}]",[],
cwe119__01_vulnerable_03_vulnerable_30,node_attribute_modify,random,42,1,1,True,43,70,43,70,0,0,41,41,1.0,1.0,0.0,1,1,False,158.4052450002673,"[{""step"": 1, ""action"": ""node_attribute_modify"", ""target_nodes"": [64, 123], ""removed_edges"": [], ""added_edges"": [], ""details"": ""changed node 64 token source from line 64 to line 123""}]",[],
cwe119__01_vulnerable_03_vulnerable_30,edge_add,random,42,1,1,True,43,70,43,71,0,1,41,41,1.0,1.0,0.0,1,1,False,154.32033900015085,"[{""step"": 1, ""action"": ""edge_add"", ""target_nodes"": [92, 87], ""removed_edges"": [], ""added_edges"": [[92, 87, ""d""]], ""details"": ""added d edge 92->87""}]",[],
cwe119__01_vulnerable_03_vulnerable_30,edge_delete,random,42,1,1,True,43,70,43,69,0,-1,41,41,1.0,1.0,0.0,1,1,False,148.4575570002562,"[{""step"": 1, ""action"": ""edge_delete"", ""target_nodes"": [44, 44], ""removed_edges"": [[44, 44, ""d""]], ""added_edges"": [], ""details"": ""deleted d edge 44->44""}]",[],
cwe119__01_vulnerable_03_vulnerable_30,edge_reconnect,random,42,1,1,True,43,70,43,70,0,0,41,41,1.0,1.0,0.0,1,1,False,155.82675600035145,"[{""step"": 1, ""action"": ""edge_reconnect"", ""target_nodes"": [117, 119, 112], ""removed_edges"": [[117, 119, ""d""]], ""added_edges"": [[117, 112, ""d""]], ""details"": ""reconnected d edge 117->119 to 117->112""}]",[],
cwe119__02_vulnerable_04_vulnerable_55,node_add,random,42,1,1,True,6,6,7,7,1,1,4,4,0.9979885816574097,0.9979885816574097,0.0,1,1,False,42.594855000061216,"[{""step"": 1, ""action"": ""node_add"", ""target_nodes"": [53, -1], ""removed_edges"": [], ""added_edges"": [[53, -1, ""d""]], ""details"": ""added synthetic node -1 using source line 53""}]",[],
cwe119__02_vulnerable_04_vulnerable_55,node_delete,random,42,1,1,True,6,6,5,5,-1,-1,4,4,0.9979885816574097,0.9979885816574097,0.0,1,1,False,40.91632800009393,"[{""step"": 1, ""action"": ""node_delete"", ""target_nodes"": [57], ""removed_edges"": [[55, 57, ""c""]], ""added_edges"": [], ""details"": ""deleted non-key node 57 and its incident edges""}]",[],
cwe119__02_vulnerable_04_vulnerable_55,node_attribute_modify,random,42,1,1,True,6,6,6,6,0,0,4,4,0.9979885816574097,0.9979885816574097,0.0,1,1,False,40.585984000244935,"[{""step"": 1, ""action"": ""node_attribute_modify"", ""target_nodes"": [57, 51], ""removed_edges"": [], ""added_edges"": [], ""details"": ""changed node 57 token source from line 57 to line 51""}]",[],
cwe119__02_vulnerable_04_vulnerable_55,edge_add,random,42,1,1,True,6,6,6,7,0,1,4,4,0.9979885816574097,0.9979732632637024,-1.531839370727539e-05,1,1,False,40.60573500009923,"[{""step"": 1, ""action"": ""edge_add"", ""target_nodes"": [53, 55], ""removed_edges"": [], ""added_edges"": [[53, 55, ""d""]], ""details"": ""added d edge 53->55""}]",[],
cwe119__02_vulnerable_04_vulnerable_55,edge_delete,random,42,1,1,True,6,6,6,5,0,-1,4,4,0.9979885816574097,0.9990567564964294,0.0010681748390197754,1,1,False,42.42695599987201,"[{""step"": 1, ""action"": ""edge_delete"", ""target_nodes"": [53, 61], ""removed_edges"": [[53, 61, ""d""]], ""added_edges"": [], ""details"": ""deleted d edge 53->61""}]",[],
cwe119__02_vulnerable_04_vulnerable_55,edge_reconnect,random,42,1,1,True,6,6,6,6,0,0,4,4,0.9979885816574097,0.9932270646095276,-0.00476151704788208,1,1,False,33.28454900020006,"[{""step"": 1, ""action"": ""edge_reconnect"", ""target_nodes"": [55, 61, 53], ""removed_edges"": [[55, 61, ""c""]], ""added_edges"": [[55, 53, ""c""]], ""details"": ""reconnected c edge 55->61 to 55->53""}]",[],
cwe119__03_vulnerable_05_vulnerable_32,node_add,random,42,1,1,True,10,8,11,9,1,1,4,4,0.9999673366546631,1.0,3.266334533691406e-05,1,1,False,37.856346999888046,"[{""step"": 1, ""action"": ""node_add"", ""target_nodes"": [38, -1], ""removed_edges"": [], ""added_edges"": [[38, -1, ""d""]], ""details"": ""added synthetic node -1 using source line 38""}]",[],
cwe119__03_vulnerable_05_vulnerable_32,node_delete,random,42,1,1,True,10,8,9,7,-1,-1,4,4,0.9999673366546631,0.9999673366546631,0.0,1,1,False,36.68294199997035,"[{""step"": 1, ""action"": ""node_delete"", ""target_nodes"": [49], ""removed_edges"": [[49, 51, ""d""]], ""added_edges"": [], ""details"": ""deleted non-key node 49 and its incident edges""}]",[],
cwe119__03_vulnerable_05_vulnerable_32,node_attribute_modify,random,42,1,1,True,10,8,10,8,0,0,4,4,0.9999673366546631,0.9999673366546631,0.0,1,1,False,32.01574900003834,"[{""step"": 1, ""action"": ""node_attribute_modify"", ""target_nodes"": [53, 29], ""removed_edges"": [], ""added_edges"": [], ""details"": ""changed node 53 token source from line 53 to line 29""}]",[],
cwe119__03_vulnerable_05_vulnerable_32,edge_add,random,42,1,1,True,10,8,10,9,0,1,4,4,0.9999673366546631,0.9999673366546631,0.0,1,1,False,32.51455600002373,"[{""step"": 1, ""action"": ""edge_add"", ""target_nodes"": [49, 53], ""removed_edges"": [], ""added_edges"": [[49, 53, ""d""]], ""details"": ""added d edge 49->53""}]",[],
cwe119__03_vulnerable_05_vulnerable_32,edge_delete,random,42,1,1,True,10,8,10,7,0,-1,4,4,0.9999673366546631,0.9999673366546631,0.0,1,1,False,33.06383100016319,"[{""step"": 1, ""action"": ""edge_delete"", ""target_nodes"": [32, 39], ""removed_edges"": [[32, 39, ""d""]], ""added_edges"": [], ""details"": ""deleted d edge 32->39""}]",[],
cwe119__03_vulnerable_05_vulnerable_32,edge_reconnect,random,42,1,1,True,10,8,10,8,0,0,4,4,0.9999673366546631,0.9951671361923218,-0.004800200462341309,1,1,False,40.218021999862685,"[{""step"": 1, ""action"": ""edge_reconnect"", ""target_nodes"": [51, 58, 34], ""removed_edges"": [[51, 58, ""d""]], ""added_edges"": [[51, 34, ""d""]], ""details"": ""reconnected d edge 51->58 to 51->34""}]",[],
cwe119__04_non_vulnerable_06_non-vulnerable_63,node_add,random,42,1,1,True,12,14,13,15,1,1,8,8,0.0005112715298309922,0.0005112715298309922,0.0,0,0,False,41.804488000252604,"[{""step"": 1, ""action"": ""node_add"", ""target_nodes"": [56, -1], ""removed_edges"": [], ""added_edges"": [[56, -1, ""d""]], ""details"": ""added synthetic node -1 using source line 56""}]",[],
cwe119__04_non_vulnerable_06_non-vulnerable_63,node_delete,random,42,1,1,True,12,14,11,11,-1,-3,8,8,0.0005112715298309922,0.0005112715298309922,0.0,0,0,False,40.97535400023844,"[{""step"": 1, ""action"": ""node_delete"", ""target_nodes"": [36], ""removed_edges"": [[36, 38, ""d""], [36, 39, ""d""], [36, 40, ""d""]], ""added_edges"": [], ""details"": ""deleted non-key node 36 and its incident edges""}]",[],
cwe119__04_non_vulnerable_06_non-vulnerable_63,node_attribute_modify,random,42,1,1,True,12,14,12,14,0,0,8,8,0.0005112715298309922,0.0005112715298309922,0.0,0,0,False,46.84853199978534,"[{""step"": 1, ""action"": ""node_attribute_modify"", ""target_nodes"": [56, 61], ""removed_edges"": [], ""added_edges"": [], ""details"": ""changed node 56 token source from line 56 to line 61""}]",[],
cwe119__04_non_vulnerable_06_non-vulnerable_63,edge_add,random,42,1,1,True,12,14,12,15,0,1,8,8,0.0005112715298309922,0.0005112715298309922,0.0,0,0,False,49.37185600010707,"[{""step"": 1, ""action"": ""edge_add"", ""target_nodes"": [62, 40], ""removed_edges"": [], ""added_edges"": [[62, 40, ""d""]], ""details"": ""added d edge 62->40""}]",[],
cwe119__04_non_vulnerable_06_non-vulnerable_63,edge_delete,random,42,1,1,True,12,14,12,13,0,-1,8,8,0.0005112715298309922,0.0005112715298309922,0.0,0,0,False,42.844930999763164,"[{""step"": 1, ""action"": ""edge_delete"", ""target_nodes"": [56, 61], ""removed_edges"": [[56, 61, ""d""]], ""added_edges"": [], ""details"": ""deleted d edge 56->61""}]",[],
cwe119__04_non_vulnerable_06_non-vulnerable_63,edge_reconnect,random,42,1,1,True,12,14,12,14,0,0,8,8,0.0005112715298309922,0.0005112715298309922,0.0,0,0,False,49.466071000097145,"[{""step"": 1, ""action"": ""edge_reconnect"", ""target_nodes"": [56, 61, 41], ""removed_edges"": [[56, 61, ""d""]], ""added_edges"": [[56, 41, ""d""]], ""details"": ""reconnected d edge 56->61 to 56->41""}]",[],
cwe119__05_non_vulnerable_07_non-vulnerable_41,node_add,random,42,1,1,True,14,16,15,17,1,1,5,5,0.0005112715298309922,0.0005112715298309922,0.0,0,0,False,34.91204600004494,"[{""step"": 1, ""action"": ""node_add"", ""target_nodes"": [76, -1], ""removed_edges"": [], ""added_edges"": [[76, -1, ""d""]], ""details"": ""added synthetic node -1 using source line 76""}]",[],
cwe119__05_non_vulnerable_07_non-vulnerable_41,node_delete,random,42,1,1,True,14,16,13,12,-1,-4,5,5,0.0005112715298309922,0.0005112715298309922,0.0,0,0,False,39.19195300022693,"[{""step"": 1, ""action"": ""node_delete"", ""target_nodes"": [66], ""removed_edges"": [[66, 74, ""d""], [66, 75, ""d""], [66, 76, ""d""], [66, 77, ""d""]], ""added_edges"": [], ""details"": ""deleted non-key node 66 and its incident edges""}]",[],
cwe119__05_non_vulnerable_07_non-vulnerable_41,node_attribute_modify,random,42,1,1,True,14,16,14,16,0,0,5,5,0.0005112715298309922,0.0005112715298309922,0.0,0,0,False,34.70504400002028,"[{""step"": 1, ""action"": ""node_attribute_modify"", ""target_nodes"": [49, 48], ""removed_edges"": [], ""added_edges"": [], ""details"": ""changed node 49 token source from line 49 to line 48""}]",[],
cwe119__05_non_vulnerable_07_non-vulnerable_41,edge_add,random,42,1,1,True,14,16,14,17,0,1,5,5,0.0005112715298309922,0.0005112715298309922,0.0,0,0,False,53.64579299975958,"[{""step"": 1, ""action"": ""edge_add"", ""target_nodes"": [68, 76], ""removed_edges"": [], ""added_edges"": [[68, 76, ""d""]], ""details"": ""added d edge 68->76""}]",[],
cwe119__05_non_vulnerable_07_non-vulnerable_41,edge_delete,random,42,1,1,True,14,16,14,15,0,-1,5,5,0.0005112715298309922,0.0005112715298309922,0.0,0,0,False,49.03668799988736,"[{""step"": 1, ""action"": ""edge_delete"", ""target_nodes"": [45, 50], ""removed_edges"": [[45, 50, ""d""]], ""added_edges"": [], ""details"": ""deleted d edge 45->50""}]",[],
cwe119__05_non_vulnerable_07_non-vulnerable_41,edge_reconnect,random,42,1,1,True,14,16,14,16,0,0,5,5,0.0005112715298309922,0.0005112715298309922,0.0,0,0,False,58.627462000004016,"[{""step"": 1, ""action"": ""edge_reconnect"", ""target_nodes"": [45, 49, 76], ""removed_edges"": [[45, 49, ""d""]], ""added_edges"": [[45, 76, ""d""]], ""details"": ""reconnected d edge 45->49 to 45->76""}]",[],
cwe119__06_non_vulnerable_08_non-vulnerable_32,node_add,random,42,1,1,True,4,2,5,3,1,1,5,5,0.0005112715298309922,0.0005112715298309922,0.0,0,0,False,42.36541099999158,"[{""step"": 1, ""action"": ""node_add"", ""target_nodes"": [32, -1], ""removed_edges"": [], ""added_edges"": [[32, -1, ""d""]], ""details"": ""added synthetic node -1 using source line 32""}]",[],
cwe119__06_non_vulnerable_08_non-vulnerable_32,node_delete,random,42,1,1,True,4,2,3,1,-1,-1,5,5,0.0005112715298309922,0.0005112715298309922,0.0,0,0,False,40.98453699998572,"[{""step"": 1, ""action"": ""node_delete"", ""target_nodes"": [33], ""removed_edges"": [[32, 33, ""d""]], ""added_edges"": [], ""details"": ""deleted non-key node 33 and its incident edges""}]",[],
cwe119__06_non_vulnerable_08_non-vulnerable_32,node_attribute_modify,random,42,1,1,True,4,2,4,2,0,0,5,5,0.0005112715298309922,0.000598109036218375,8.683750638738275e-05,0,0,False,40.39544199986267,"[{""step"": 1, ""action"": ""node_attribute_modify"", ""target_nodes"": [51, 50], ""removed_edges"": [], ""added_edges"": [], ""details"": ""changed node 51 token source from line 51 to line 50""}]",[],
cwe119__06_non_vulnerable_08_non-vulnerable_32,edge_add,random,42,1,1,True,4,2,4,3,0,1,5,5,0.0005112715298309922,0.0005112715298309922,0.0,0,0,False,42.552046999844606,"[{""step"": 1, ""action"": ""edge_add"", ""target_nodes"": [32, 51], ""removed_edges"": [], ""added_edges"": [[32, 51, ""d""]], ""details"": ""added d edge 32->51""}]",[],
cwe119__06_non_vulnerable_08_non-vulnerable_32,edge_delete,random,42,1,1,True,4,2,4,1,0,-1,5,5,0.0005112715298309922,0.0005112715298309922,0.0,0,0,False,46.21454000016456,"[{""step"": 1, ""action"": ""edge_delete"", ""target_nodes"": [32, 33], ""removed_edges"": [[32, 33, ""d""]], ""added_edges"": [], ""details"": ""deleted d edge 32->33""}]",[],
cwe119__06_non_vulnerable_08_non-vulnerable_32,edge_reconnect,random,42,1,1,True,4,2,4,2,0,0,5,5,0.0005112715298309922,0.0007556903874501586,0.0002444188576191664,0,0,False,42.985337999652984,"[{""step"": 1, ""action"": ""edge_reconnect"", ""target_nodes"": [32, 33, 50], ""removed_edges"": [[32, 33, ""d""]], ""added_edges"": [[32, 50, ""d""]], ""details"": ""reconnected d edge 32->33 to 32->50""}]",[],
cwe119__07_non_vulnerable_09_non-vulnerable_83,node_add,random,42,1,1,True,20,23,21,24,1,1,18,18,0.5337396860122681,0.5337396860122681,0.0,1,1,False,80.3325209999457,"[{""step"": 1, ""action"": ""node_add"", ""target_nodes"": [44, -1], ""removed_edges"": [], ""added_edges"": [[44, -1, ""d""]], ""details"": ""added synthetic node -1 using source line 44""}]",[],
cwe119__07_non_vulnerable_09_non-vulnerable_83,node_delete,random,42,1,1,True,20,23,19,22,-1,-1,18,18,0.5337396860122681,0.5337396860122681,0.0,1,1,False,81.50899800011757,"[{""step"": 1, ""action"": ""node_delete"", ""target_nodes"": [86], ""removed_edges"": [[77, 86, ""d""]], ""added_edges"": [], ""details"": ""deleted non-key node 86 and its incident edges""}]",[],
cwe119__07_non_vulnerable_09_non-vulnerable_83,node_attribute_modify,random,42,1,1,True,20,23,20,23,0,0,18,18,0.5337396860122681,0.5337396860122681,0.0,1,1,False,74.44820699993215,"[{""step"": 1, ""action"": ""node_attribute_modify"", ""target_nodes"": [77, 36], ""removed_edges"": [], ""added_edges"": [], ""details"": ""changed node 77 token source from line 77 to line 36""}]",[],
cwe119__07_non_vulnerable_09_non-vulnerable_83,edge_add,random,42,1,1,True,20,23,20,24,0,1,18,18,0.5337396860122681,0.5337396860122681,0.0,1,1,False,68.08973999977752,"[{""step"": 1, ""action"": ""edge_add"", ""target_nodes"": [77, 45], ""removed_edges"": [], ""added_edges"": [[77, 45, ""d""]], ""details"": ""added d edge 77->45""}]",[],
cwe119__07_non_vulnerable_09_non-vulnerable_83,edge_delete,random,42,1,1,True,20,23,20,22,0,-1,18,18,0.5337396860122681,0.5337396860122681,0.0,1,1,False,71.89172700009294,"[{""step"": 1, ""action"": ""edge_delete"", ""target_nodes"": [77, 84], ""removed_edges"": [[77, 84, ""d""]], ""added_edges"": [], ""details"": ""deleted d edge 77->84""}]",[],
cwe119__07_non_vulnerable_09_non-vulnerable_83,edge_reconnect,random,42,1,1,True,20,23,20,23,0,0,18,18,0.5337396860122681,0.5337396860122681,0.0,1,1,False,72.75090800021644,"[{""step"": 1, ""action"": ""edge_reconnect"", ""target_nodes"": [77, 85, 66], ""removed_edges"": [[77, 85, ""d""]], ""added_edges"": [[77, 66, ""d""]], ""details"": ""reconnected d edge 77->85 to 77->66""}]",[],
cwe119__08_non_vulnerable_10_non-vulnerable_43,node_add,random,42,1,1,True,16,18,17,19,1,1,9,9,0.9253555536270142,0.9253555536270142,0.0,1,1,False,50.69063099972482,"[{""step"": 1, ""action"": ""node_add"", ""target_nodes"": [43, -1], ""removed_edges"": [], ""added_edges"": [[43, -1, ""d""]], ""details"": ""added synthetic node -1 using source line 43""}]",[],
cwe119__08_non_vulnerable_10_non-vulnerable_43,node_delete,random,42,1,1,True,16,18,15,13,-1,-5,9,9,0.9253555536270142,0.0005112715298309922,-0.9248442820971832,1,0,True,56.5698870000233,"[{""step"": 1, ""action"": ""node_delete"", ""target_nodes"": [40], ""removed_edges"": [[36, 40, ""d""], [40, 41, ""d""], [40, 43, ""d""], [40, 44, ""d""], [40, 45, ""d""]], ""added_edges"": [], ""details"": ""deleted non-key node 40 and its incident edges""}]",[],
cwe119__08_non_vulnerable_10_non-vulnerable_43,node_attribute_modify,random,42,1,1,True,16,18,16,18,0,0,9,9,0.9253555536270142,0.9253555536270142,0.0,1,1,False,57.27563199980068,"[{""step"": 1, ""action"": ""node_attribute_modify"", ""target_nodes"": [61, 35], ""removed_edges"": [], ""added_edges"": [], ""details"": ""changed node 61 token source from line 61 to line 35""}]",[],
cwe119__08_non_vulnerable_10_non-vulnerable_43,edge_add,random,42,1,1,True,16,18,16,19,0,1,9,9,0.9253555536270142,0.9253555536270142,0.0,1,1,False,56.31625599971812,"[{""step"": 1, ""action"": ""edge_add"", ""target_nodes"": [69, 70], ""removed_edges"": [], ""added_edges"": [[69, 70, ""d""]], ""details"": ""added d edge 69->70""}]",[],
cwe119__08_non_vulnerable_10_non-vulnerable_43,edge_delete,random,42,1,1,True,16,18,16,17,0,-1,9,9,0.9253555536270142,0.9253555536270142,0.0,1,1,False,57.72570799990717,"[{""step"": 1, ""action"": ""edge_delete"", ""target_nodes"": [40, 44], ""removed_edges"": [[40, 44, ""d""]], ""added_edges"": [], ""details"": ""deleted d edge 40->44""}]",[],
cwe119__08_non_vulnerable_10_non-vulnerable_43,edge_reconnect,random,42,1,1,True,16,18,16,18,0,0,9,9,0.9253555536270142,0.9253555536270142,0.0,1,1,False,57.82775400030005,"[{""step"": 1, ""action"": ""edge_reconnect"", ""target_nodes"": [61, 69, 35], ""removed_edges"": [[61, 69, ""d""]], ""added_edges"": [[61, 35, ""d""]], ""details"": ""reconnected d edge 61->69 to 61->35""}]",[],
cwe119__09_vulnerable_CWE121_Stack_Based_Buffer_Overflow__,node_add,random,42,1,1,True,5,4,6,5,1,1,4,4,0.1622048318386078,0.1622048318386078,0.0,0,0,False,45.42930900015563,"[{""step"": 1, ""action"": ""node_add"", ""target_nodes"": [24, -1], ""removed_edges"": [], ""added_edges"": [[24, -1, ""d""]], ""details"": ""added synthetic node -1 using source line 24""}]",[],
cwe119__09_vulnerable_CWE121_Stack_Based_Buffer_Overflow__,node_delete,random,42,1,1,True,5,4,4,2,-1,-2,4,4,0.1622048318386078,0.10237851738929749,-0.0598263144493103,0,0,False,44.98734599974341,"[{""step"": 1, ""action"": ""node_delete"", ""target_nodes"": [27], ""removed_edges"": [[27, 29, ""d""], [27, 30, ""d""]], ""added_edges"": [], ""details"": ""deleted non-key node 27 and its incident edges""}]",[],
cwe119__09_vulnerable_CWE121_Stack_Based_Buffer_Overflow__,node_attribute_modify,random,42,1,1,True,5,4,5,4,0,0,4,4,0.1622048318386078,0.48974642157554626,0.3275415897369385,0,0,False,46.14338500005033,"[{""step"": 1, ""action"": ""node_attribute_modify"", ""target_nodes"": [27, 31], ""removed_edges"": [], ""added_edges"": [], ""details"": ""changed node 27 token source from line 27 to line 31""}]",[],
cwe119__09_vulnerable_CWE121_Stack_Based_Buffer_Overflow__,edge_add,random,42,1,1,True,5,4,5,5,0,1,4,4,0.1622048318386078,0.21316413581371307,0.050959303975105286,0,0,False,41.96471100021881,"[{""step"": 1, ""action"": ""edge_add"", ""target_nodes"": [29, 31], ""removed_edges"": [], ""added_edges"": [[29, 31, ""d""]], ""details"": ""added d edge 29->31""}]",[],
cwe119__09_vulnerable_CWE121_Stack_Based_Buffer_Overflow__,edge_delete,random,42,1,1,True,5,4,5,3,0,-1,4,4,0.1622048318386078,0.4709474444389343,0.30874261260032654,0,0,False,41.58209300021554,"[{""step"": 1, ""action"": ""edge_delete"", ""target_nodes"": [24, 29], ""removed_edges"": [[24, 29, ""d""]], ""added_edges"": [], ""details"": ""deleted d edge 24->29""}]",[],
cwe119__09_vulnerable_CWE121_Stack_Based_Buffer_Overflow__,edge_reconnect,random,42,1,1,True,5,4,5,4,0,0,4,4,0.1622048318386078,0.4709474444389343,0.30874261260032654,0,0,False,43.355308000172954,"[{""step"": 1, ""action"": ""edge_reconnect"", ""target_nodes"": [24, 29, 30], ""removed_edges"": [[24, 29, ""d""]], ""added_edges"": [[24, 30, ""d""]], ""details"": ""reconnected d edge 24->29 to 24->30""}]",[],
cwe119__10_non_vulnerable_CWE121_Stack_Based_Buffer_Overflow__,node_add,random,42,1,1,True,5,4,6,5,1,1,4,4,0.1622048318386078,0.1622048318386078,0.0,0,0,False,40.1914389999547,"[{""step"": 1, ""action"": ""node_add"", ""target_nodes"": [24, -1], ""removed_edges"": [], ""added_edges"": [[24, -1, ""d""]], ""details"": ""added synthetic node -1 using source line 24""}]",[],
cwe119__10_non_vulnerable_CWE121_Stack_Based_Buffer_Overflow__,node_delete,random,42,1,1,True,5,4,4,2,-1,-2,4,4,0.1622048318386078,0.10237851738929749,-0.0598263144493103,0,0,False,40.85830299982263,"[{""step"": 1, ""action"": ""node_delete"", ""target_nodes"": [27], ""removed_edges"": [[27, 29, ""d""], [27, 30, ""d""]], ""added_edges"": [], ""details"": ""deleted non-key node 27 and its incident edges""}]",[],
cwe119__10_non_vulnerable_CWE121_Stack_Based_Buffer_Overflow__,node_attribute_modify,random,42,1,1,True,5,4,5,4,0,0,4,4,0.1622048318386078,0.48974642157554626,0.3275415897369385,0,0,False,41.0097220001262,"[{""step"": 1, ""action"": ""node_attribute_modify"", ""target_nodes"": [27, 31], ""removed_edges"": [], ""added_edges"": [], ""details"": ""changed node 27 token source from line 27 to line 31""}]",[],
cwe119__10_non_vulnerable_CWE121_Stack_Based_Buffer_Overflow__,edge_add,random,42,1,1,True,5,4,5,5,0,1,4,4,0.1622048318386078,0.21316413581371307,0.050959303975105286,0,0,False,41.15533200001664,"[{""step"": 1, ""action"": ""edge_add"", ""target_nodes"": [29, 31], ""removed_edges"": [], ""added_edges"": [[29, 31, ""d""]], ""details"": ""added d edge 29->31""}]",[],
cwe119__10_non_vulnerable_CWE121_Stack_Based_Buffer_Overflow__,edge_delete,random,42,1,1,True,5,4,5,3,0,-1,4,4,0.1622048318386078,0.4709474444389343,0.30874261260032654,0,0,False,39.830195999911666,"[{""step"": 1, ""action"": ""edge_delete"", ""target_nodes"": [24, 29], ""removed_edges"": [[24, 29, ""d""]], ""added_edges"": [], ""details"": ""deleted d edge 24->29""}]",[],
cwe119__10_non_vulnerable_CWE121_Stack_Based_Buffer_Overflow__,edge_reconnect,random,42,1,1,True,5,4,5,4,0,0,4,4,0.1622048318386078,0.4709474444389343,0.30874261260032654,0,0,False,41.882614999849466,"[{""step"": 1, ""action"": ""edge_reconnect"", ""target_nodes"": [24, 29, 30], ""removed_edges"": [[24, 29, ""d""]], ""added_edges"": [[24, 30, ""d""]], ""details"": ""reconnected d edge 24->29 to 24->30""}]",[],
cwe119__11_vulnerable_CWE121_Stack_Based_Buffer_Overflow__,node_add,random,42,1,1,True,5,4,6,5,1,1,4,4,0.3324128985404968,0.3324128985404968,0.0,0,0,False,42.76016599987997,"[{""step"": 1, ""action"": ""node_add"", ""target_nodes"": [24, -1], ""removed_edges"": [], ""added_edges"": [[24, -1, ""d""]], ""details"": ""added synthetic node -1 using source line 24""}]",[],
cwe119__11_vulnerable_CWE121_Stack_Based_Buffer_Overflow__,node_delete,random,42,1,1,True,5,4,4,2,-1,-2,4,4,0.3324128985404968,0.4040580689907074,0.07164517045021057,0,0,False,43.162781999853905,"[{""step"": 1, ""action"": ""node_delete"", ""target_nodes"": [27], ""removed_edges"": [[27, 29, ""d""], [27, 30, ""d""]], ""added_edges"": [], ""details"": ""deleted non-key node 27 and its incident edges""}]",[],
cwe119__11_vulnerable_CWE121_Stack_Based_Buffer_Overflow__,node_attribute_modify,random,42,1,1,True,5,4,5,4,0,0,4,4,0.3324128985404968,0.4849661588668823,0.1525532603263855,0,0,False,64.92849599999317,"[{""step"": 1, ""action"": ""node_attribute_modify"", ""target_nodes"": [27, 31], ""removed_edges"": [], ""added_edges"": [], ""details"": ""changed node 27 token source from line 27 to line 31""}]",[],
cwe119__11_vulnerable_CWE121_Stack_Based_Buffer_Overflow__,edge_add,random,42,1,1,True,5,4,5,5,0,1,4,4,0.3324128985404968,0.3603867292404175,0.027973830699920654,0,0,False,42.864254000051005,"[{""step"": 1, ""action"": ""edge_add"", ""target_nodes"": [29, 31], ""removed_edges"": [], ""added_edges"": [[29, 31, ""d""]], ""details"": ""added d edge 29->31""}]",[],
cwe119__11_vulnerable_CWE121_Stack_Based_Buffer_Overflow__,edge_delete,random,42,1,1,True,5,4,5,3,0,-1,4,4,0.3324128985404968,0.4709474444389343,0.1385345458984375,0,0,False,54.66350999995484,"[{""step"": 1, ""action"": ""edge_delete"", ""target_nodes"": [24, 29], ""removed_edges"": [[24, 29, ""d""]], ""added_edges"": [], ""details"": ""deleted d edge 24->29""}]",[],
cwe119__11_vulnerable_CWE121_Stack_Based_Buffer_Overflow__,edge_reconnect,random,42,1,1,True,5,4,5,4,0,0,4,4,0.3324128985404968,0.4709474444389343,0.1385345458984375,0,0,False,43.35687000002508,"[{""step"": 1, ""action"": ""edge_reconnect"", ""target_nodes"": [24, 29, 30], ""removed_edges"": [[24, 29, ""d""]], ""added_edges"": [[24, 30, ""d""]], ""details"": ""reconnected d edge 24->29 to 24->30""}]",[],
cwe119__12_non_vulnerable_CWE121_Stack_Based_Buffer_Overflow__,node_add,random,42,1,1,True,5,4,6,5,1,1,4,4,0.3324128985404968,0.3324128985404968,0.0,0,0,False,49.507550000271294,"[{""step"": 1, ""action"": ""node_add"", ""target_nodes"": [24, -1], ""removed_edges"": [], ""added_edges"": [[24, -1, ""d""]], ""details"": ""added synthetic node -1 using source line 24""}]",[],
cwe119__12_non_vulnerable_CWE121_Stack_Based_Buffer_Overflow__,node_delete,random,42,1,1,True,5,4,4,2,-1,-2,4,4,0.3324128985404968,0.4040580689907074,0.07164517045021057,0,0,False,48.35370099999636,"[{""step"": 1, ""action"": ""node_delete"", ""target_nodes"": [27], ""removed_edges"": [[27, 29, ""d""], [27, 30, ""d""]], ""added_edges"": [], ""details"": ""deleted non-key node 27 and its incident edges""}]",[],
cwe119__12_non_vulnerable_CWE121_Stack_Based_Buffer_Overflow__,node_attribute_modify,random,42,1,1,True,5,4,5,4,0,0,4,4,0.3324128985404968,0.4849661588668823,0.1525532603263855,0,0,False,67.24406400007865,"[{""step"": 1, ""action"": ""node_attribute_modify"", ""target_nodes"": [27, 31], ""removed_edges"": [], ""added_edges"": [], ""details"": ""changed node 27 token source from line 27 to line 31""}]",[],
cwe119__12_non_vulnerable_CWE121_Stack_Based_Buffer_Overflow__,edge_add,random,42,1,1,True,5,4,5,5,0,1,4,4,0.3324128985404968,0.3603867292404175,0.027973830699920654,0,0,False,59.15879499980292,"[{""step"": 1, ""action"": ""edge_add"", ""target_nodes"": [29, 31], ""removed_edges"": [], ""added_edges"": [[29, 31, ""d""]], ""details"": ""added d edge 29->31""}]",[],
cwe119__12_non_vulnerable_CWE121_Stack_Based_Buffer_Overflow__,edge_delete,random,42,1,1,True,5,4,5,3,0,-1,4,4,0.3324128985404968,0.4709474444389343,0.1385345458984375,0,0,False,80.2034400003322,"[{""step"": 1, ""action"": ""edge_delete"", ""target_nodes"": [24, 29], ""removed_edges"": [[24, 29, ""d""]], ""added_edges"": [], ""details"": ""deleted d edge 24->29""}]",[],
cwe119__12_non_vulnerable_CWE121_Stack_Based_Buffer_Overflow__,edge_reconnect,random,42,1,1,True,5,4,5,4,0,0,4,4,0.3324128985404968,0.4709474444389343,0.1385345458984375,0,0,False,56.72971400008464,"[{""step"": 1, ""action"": ""edge_reconnect"", ""target_nodes"": [24, 29, 30], ""removed_edges"": [[24, 29, ""d""]], ""added_edges"": [[24, 30, ""d""]], ""details"": ""reconnected d edge 24->29 to 24->30""}]",[],
cwe119__13_vulnerable_CWE121_Stack_Based_Buffer_Overflow__,node_add,random,42,1,1,True,7,5,8,6,1,1,8,8,0.47094735503196716,0.20788440108299255,-0.2630629539489746,0,0,False,57.7617110002393,"[{""step"": 1, ""action"": ""node_add"", ""target_nodes"": [36, -1], ""removed_edges"": [], ""added_edges"": [[36, -1, ""d""]], ""details"": ""added synthetic node -1 using source line 36""}]",[],
cwe119__13_vulnerable_CWE121_Stack_Based_Buffer_Overflow__,node_delete,random,42,1,1,True,7,5,6,3,-1,-2,8,8,0.47094735503196716,0.004014914855360985,-0.4669324401766062,0,0,False,49.89169899999979,"[{""step"": 1, ""action"": ""node_delete"", ""target_nodes"": [34], ""removed_edges"": [[34, 36, ""d""], [34, 37, ""d""]], ""added_edges"": [], ""details"": ""deleted non-key node 34 and its incident edges""}]",[],
cwe119__13_vulnerable_CWE121_Stack_Based_Buffer_Overflow__,node_attribute_modify,random,42,1,1,True,7,5,7,5,0,0,8,8,0.47094735503196716,0.47094735503196716,0.0,0,0,False,49.686297999869566,"[{""step"": 1, ""action"": ""node_attribute_modify"", ""target_nodes"": [23, 34], ""removed_edges"": [], ""added_edges"": [], ""details"": ""changed node 23 token source from line 23 to line 34""}]",[],
cwe119__13_vulnerable_CWE121_Stack_Based_Buffer_Overflow__,edge_add,random,42,1,1,True,7,5,7,6,0,1,8,8,0.47094735503196716,0.00827981997281313,-0.46266753505915403,0,0,False,49.856337000164785,"[{""step"": 1, ""action"": ""edge_add"", ""target_nodes"": [25, 36], ""removed_edges"": [], ""added_edges"": [[25, 36, ""d""]], ""details"": ""added d edge 25->36""}]",[],
cwe119__13_vulnerable_CWE121_Stack_Based_Buffer_Overflow__,edge_delete,random,42,1,1,True,7,5,7,4,0,-1,8,8,0.47094735503196716,0.47094738483428955,2.9802322387695312e-08,0,0,False,55.449954999858164,"[{""step"": 1, ""action"": ""edge_delete"", ""target_nodes"": [23, 25], ""removed_edges"": [[23, 25, ""d""]], ""added_edges"": [], ""details"": ""deleted d edge 23->25""}]",[],
cwe119__13_vulnerable_CWE121_Stack_Based_Buffer_Overflow__,edge_reconnect,random,42,1,1,True,7,5,7,5,0,0,8,8,0.47094735503196716,0.47094735503196716,0.0,0,0,False,57.658022999930836,"[{""step"": 1, ""action"": ""edge_reconnect"", ""target_nodes"": [34, 37, 28], ""removed_edges"": [[34, 37, ""d""]], ""added_edges"": [[34, 28, ""d""]], ""details"": ""reconnected d edge 34->37 to 34->28""}]",[],
cwe119__14_non_vulnerable_CWE121_Stack_Based_Buffer_Overflow__,node_add,random,42,1,1,True,7,5,8,6,1,1,8,8,0.47094735503196716,0.20788440108299255,-0.2630629539489746,0,0,False,72.55796400022518,"[{""step"": 1, ""action"": ""node_add"", ""target_nodes"": [36, -1], ""removed_edges"": [], ""added_edges"": [[36, -1, ""d""]], ""details"": ""added synthetic node -1 using source line 36""}]",[],
cwe119__14_non_vulnerable_CWE121_Stack_Based_Buffer_Overflow__,node_delete,random,42,1,1,True,7,5,6,3,-1,-2,8,8,0.47094735503196716,2.8042347821610747e-06,-0.470944550797185,0,0,False,73.26187999979084,"[{""step"": 1, ""action"": ""node_delete"", ""target_nodes"": [34], ""removed_edges"": [[34, 36, ""d""], [34, 37, ""d""]], ""added_edges"": [], ""details"": ""deleted non-key node 34 and its incident edges""}]",[],
cwe119__14_non_vulnerable_CWE121_Stack_Based_Buffer_Overflow__,node_attribute_modify,random,42,1,1,True,7,5,7,5,0,0,8,8,0.47094735503196716,0.47094735503196716,0.0,0,0,False,71.1345770000662,"[{""step"": 1, ""action"": ""node_attribute_modify"", ""target_nodes"": [23, 34], ""removed_edges"": [], ""added_edges"": [], ""details"": ""changed node 23 token source from line 23 to line 34""}]",[],
cwe119__14_non_vulnerable_CWE121_Stack_Based_Buffer_Overflow__,edge_add,random,42,1,1,True,7,5,7,6,0,1,8,8,0.47094735503196716,0.00827981997281313,-0.46266753505915403,0,0,False,69.46237400006794,"[{""step"": 1, ""action"": ""edge_add"", ""target_nodes"": [25, 36], ""removed_edges"": [], ""added_edges"": [[25, 36, ""d""]], ""details"": ""added d edge 25->36""}]",[],
cwe119__14_non_vulnerable_CWE121_Stack_Based_Buffer_Overflow__,edge_delete,random,42,1,1,True,7,5,7,4,0,-1,8,8,0.47094735503196716,0.47094738483428955,2.9802322387695312e-08,0,0,False,75.25333600005979,"[{""step"": 1, ""action"": ""edge_delete"", ""target_nodes"": [23, 25], ""removed_edges"": [[23, 25, ""d""]], ""added_edges"": [], ""details"": ""deleted d edge 23->25""}]",[],
cwe119__14_non_vulnerable_CWE121_Stack_Based_Buffer_Overflow__,edge_reconnect,random,42,1,1,True,7,5,7,5,0,0,8,8,0.47094735503196716,0.47094735503196716,0.0,0,0,False,57.86880400000882,"[{""step"": 1, ""action"": ""edge_reconnect"", ""target_nodes"": [34, 37, 28], ""removed_edges"": [[34, 37, ""d""]], ""added_edges"": [[34, 28, ""d""]], ""details"": ""reconnected d edge 34->37 to 34->28""}]",[],
cwe119__15_vulnerable_CWE121_Stack_Based_Buffer_Overflow__,node_add,random,42,1,1,True,7,5,8,6,1,1,8,8,0.47094735503196716,0.20788440108299255,-0.2630629539489746,0,0,False,81.68869999963135,"[{""step"": 1, ""action"": ""node_add"", ""target_nodes"": [36, -1], ""removed_edges"": [], ""added_edges"": [[36, -1, ""d""]], ""details"": ""added synthetic node -1 using source line 36""}]",[],
cwe119__15_vulnerable_CWE121_Stack_Based_Buffer_Overflow__,node_delete,random,42,1,1,True,7,5,6,3,-1,-2,8,8,0.47094735503196716,0.004014914855360985,-0.4669324401766062,0,0,False,76.33295799996631,"[{""step"": 1, ""action"": ""node_delete"", ""target_nodes"": [34], ""removed_edges"": [[34, 36, ""d""], [34, 37, ""d""]], ""added_edges"": [], ""details"": ""deleted non-key node 34 and its incident edges""}]",[],
cwe119__15_vulnerable_CWE121_Stack_Based_Buffer_Overflow__,node_attribute_modify,random,42,1,1,True,7,5,7,5,0,0,8,8,0.47094735503196716,0.47094735503196716,0.0,0,0,False,97.12169899967193,"[{""step"": 1, ""action"": ""node_attribute_modify"", ""target_nodes"": [23, 34], ""removed_edges"": [], ""added_edges"": [], ""details"": ""changed node 23 token source from line 23 to line 34""}]",[],
cwe119__15_vulnerable_CWE121_Stack_Based_Buffer_Overflow__,edge_add,random,42,1,1,True,7,5,7,6,0,1,8,8,0.47094735503196716,0.00827981997281313,-0.46266753505915403,0,0,False,98.43435600032535,"[{""step"": 1, ""action"": ""edge_add"", ""target_nodes"": [25, 36], ""removed_edges"": [], ""added_edges"": [[25, 36, ""d""]], ""details"": ""added d edge 25->36""}]",[],
cwe119__15_vulnerable_CWE121_Stack_Based_Buffer_Overflow__,edge_delete,random,42,1,1,True,7,5,7,4,0,-1,8,8,0.47094735503196716,0.47094738483428955,2.9802322387695312e-08,0,0,False,91.34324700016805,"[{""step"": 1, ""action"": ""edge_delete"", ""target_nodes"": [23, 25], ""removed_edges"": [[23, 25, ""d""]], ""added_edges"": [], ""details"": ""deleted d edge 23->25""}]",[],
cwe119__15_vulnerable_CWE121_Stack_Based_Buffer_Overflow__,edge_reconnect,random,42,1,1,True,7,5,7,5,0,0,8,8,0.47094735503196716,0.47094735503196716,0.0,0,0,False,83.62306700018962,"[{""step"": 1, ""action"": ""edge_reconnect"", ""target_nodes"": [34, 37, 28], ""removed_edges"": [[34, 37, ""d""]], ""added_edges"": [[34, 28, ""d""]], ""details"": ""reconnected d edge 34->37 to 34->28""}]",[],
cwe119__16_non_vulnerable_CWE121_Stack_Based_Buffer_Overflow__,node_add,random,42,1,1,True,7,5,8,6,1,1,8,8,0.47094735503196716,0.20788440108299255,-0.2630629539489746,0,0,False,89.6595030003482,"[{""step"": 1, ""action"": ""node_add"", ""target_nodes"": [36, -1], ""removed_edges"": [], ""added_edges"": [[36, -1, ""d""]], ""details"": ""added synthetic node -1 using source line 36""}]",[],
cwe119__16_non_vulnerable_CWE121_Stack_Based_Buffer_Overflow__,node_delete,random,42,1,1,True,7,5,6,3,-1,-2,8,8,0.47094735503196716,2.8042347821610747e-06,-0.470944550797185,0,0,False,83.82822999965356,"[{""step"": 1, ""action"": ""node_delete"", ""target_nodes"": [34], ""removed_edges"": [[34, 36, ""d""], [34, 37, ""d""]], ""added_edges"": [], ""details"": ""deleted non-key node 34 and its incident edges""}]",[],
cwe119__16_non_vulnerable_CWE121_Stack_Based_Buffer_Overflow__,node_attribute_modify,random,42,1,1,True,7,5,7,5,0,0,8,8,0.47094735503196716,0.47094735503196716,0.0,0,0,False,80.94197700029326,"[{""step"": 1, ""action"": ""node_attribute_modify"", ""target_nodes"": [23, 34], ""removed_edges"": [], ""added_edges"": [], ""details"": ""changed node 23 token source from line 23 to line 34""}]",[],
cwe119__16_non_vulnerable_CWE121_Stack_Based_Buffer_Overflow__,edge_add,random,42,1,1,True,7,5,7,6,0,1,8,8,0.47094735503196716,0.00827981997281313,-0.46266753505915403,0,0,False,92.47034500003792,"[{""step"": 1, ""action"": ""edge_add"", ""target_nodes"": [25, 36], ""removed_edges"": [], ""added_edges"": [[25, 36, ""d""]], ""details"": ""added d edge 25->36""}]",[],
cwe119__16_non_vulnerable_CWE121_Stack_Based_Buffer_Overflow__,edge_delete,random,42,1,1,True,7,5,7,4,0,-1,8,8,0.47094735503196716,0.47094738483428955,2.9802322387695312e-08,0,0,False,82.40298700002313,"[{""step"": 1, ""action"": ""edge_delete"", ""target_nodes"": [23, 25], ""removed_edges"": [[23, 25, ""d""]], ""added_edges"": [], ""details"": ""deleted d edge 23->25""}]",[],
cwe119__16_non_vulnerable_CWE121_Stack_Based_Buffer_Overflow__,edge_reconnect,random,42,1,1,True,7,5,7,5,0,0,8,8,0.47094735503196716,0.47094735503196716,0.0,0,0,False,66.66752699993594,"[{""step"": 1, ""action"": ""edge_reconnect"", ""target_nodes"": [34, 37, 28], ""removed_edges"": [[34, 37, ""d""]], ""added_edges"": [[34, 28, ""d""]], ""details"": ""reconnected d edge 34->37 to 34->28""}]",[],
cwe119__17_vulnerable_CWE121_Stack_Based_Buffer_Overflow__,node_add,random,42,1,1,True,5,4,6,5,1,1,3,3,0.19318819046020508,0.19318819046020508,0.0,0,0,False,50.86096099967108,"[{""step"": 1, ""action"": ""node_add"", ""target_nodes"": [24, -1], ""removed_edges"": [], ""added_edges"": [[24, -1, ""d""]], ""details"": ""added synthetic node -1 using source line 24""}]",[],
cwe119__17_vulnerable_CWE121_Stack_Based_Buffer_Overflow__,node_delete,random,42,1,1,True,5,4,4,2,-1,-2,3,3,0.19318819046020508,0.14067551493644714,-0.052512675523757935,0,0,False,55.88161299965577,"[{""step"": 1, ""action"": ""node_delete"", ""target_nodes"": [27], ""removed_edges"": [[27, 29, ""d""], [27, 30, ""d""]], ""added_edges"": [], ""details"": ""deleted non-key node 27 and its incident edges""}]",[],
cwe119__17_vulnerable_CWE121_Stack_Based_Buffer_Overflow__,node_attribute_modify,random,42,1,1,True,5,4,5,4,0,0,3,3,0.19318819046020508,0.4873768985271454,0.2941887080669403,0,0,False,65.73834099981468,"[{""step"": 1, ""action"": ""node_attribute_modify"", ""target_nodes"": [27, 31], ""removed_edges"": [], ""added_edges"": [], ""details"": ""changed node 27 token source from line 27 to line 31""}]",[],
cwe119__17_vulnerable_CWE121_Stack_Based_Buffer_Overflow__,edge_add,random,42,1,1,True,5,4,5,5,0,1,3,3,0.19318819046020508,0.27992334961891174,0.08673515915870667,0,0,False,59.56895600002099,"[{""step"": 1, ""action"": ""edge_add"", ""target_nodes"": [29, 31], ""removed_edges"": [], ""added_edges"": [[29, 31, ""d""]], ""details"": ""added d edge 29->31""}]",[],
cwe119__17_vulnerable_CWE121_Stack_Based_Buffer_Overflow__,edge_delete,random,42,1,1,True,5,4,5,3,0,-1,3,3,0.19318819046020508,0.45512792468070984,0.26193973422050476,0,0,False,55.591795000054844,"[{""step"": 1, ""action"": ""edge_delete"", ""target_nodes"": [24, 29], ""removed_edges"": [[24, 29, ""d""]], ""added_edges"": [], ""details"": ""deleted d edge 24->29""}]",[],
cwe119__17_vulnerable_CWE121_Stack_Based_Buffer_Overflow__,edge_reconnect,random,42,1,1,True,5,4,5,4,0,0,3,3,0.19318819046020508,0.4551286995410919,0.26194050908088684,0,0,False,43.73941099993317,"[{""step"": 1, ""action"": ""edge_reconnect"", ""target_nodes"": [24, 29, 30], ""removed_edges"": [[24, 29, ""d""]], ""added_edges"": [[24, 30, ""d""]], ""details"": ""reconnected d edge 24->29 to 24->30""}]",[],
cwe119__18_non_vulnerable_CWE121_Stack_Based_Buffer_Overflow__,node_add,random,42,1,1,True,5,4,6,5,1,1,3,3,0.19318819046020508,0.19318819046020508,0.0,0,0,False,56.00099200000841,"[{""step"": 1, ""action"": ""node_add"", ""target_nodes"": [24, -1], ""removed_edges"": [], ""added_edges"": [[24, -1, ""d""]], ""details"": ""added synthetic node -1 using source line 24""}]",[],
cwe119__18_non_vulnerable_CWE121_Stack_Based_Buffer_Overflow__,node_delete,random,42,1,1,True,5,4,4,2,-1,-2,3,3,0.19318819046020508,0.14067551493644714,-0.052512675523757935,0,0,False,50.546627000130684,"[{""step"": 1, ""action"": ""node_delete"", ""target_nodes"": [27], ""removed_edges"": [[27, 29, ""d""], [27, 30, ""d""]], ""added_edges"": [], ""details"": ""deleted non-key node 27 and its incident edges""}]",[],
cwe119__18_non_vulnerable_CWE121_Stack_Based_Buffer_Overflow__,node_attribute_modify,random,42,1,1,True,5,4,5,4,0,0,3,3,0.19318819046020508,0.4873768985271454,0.2941887080669403,0,0,False,35.320559999945544,"[{""step"": 1, ""action"": ""node_attribute_modify"", ""target_nodes"": [27, 31], ""removed_edges"": [], ""added_edges"": [], ""details"": ""changed node 27 token source from line 27 to line 31""}]",[],
cwe119__18_non_vulnerable_CWE121_Stack_Based_Buffer_Overflow__,edge_add,random,42,1,1,True,5,4,5,5,0,1,3,3,0.19318819046020508,0.27992334961891174,0.08673515915870667,0,0,False,39.78565899979003,"[{""step"": 1, ""action"": ""edge_add"", ""target_nodes"": [29, 31], ""removed_edges"": [], ""added_edges"": [[29, 31, ""d""]], ""details"": ""added d edge 29->31""}]",[],
cwe119__18_non_vulnerable_CWE121_Stack_Based_Buffer_Overflow__,edge_delete,random,42,1,1,True,5,4,5,3,0,-1,3,3,0.19318819046020508,0.45512792468070984,0.26193973422050476,0,0,False,50.235968999913894,"[{""step"": 1, ""action"": ""edge_delete"", ""target_nodes"": [24, 29], ""removed_edges"": [[24, 29, ""d""]], ""added_edges"": [], ""details"": ""deleted d edge 24->29""}]",[],
cwe119__18_non_vulnerable_CWE121_Stack_Based_Buffer_Overflow__,edge_reconnect,random,42,1,1,True,5,4,5,4,0,0,3,3,0.19318819046020508,0.4551286995410919,0.26194050908088684,0,0,False,46.88506399998005,"[{""step"": 1, ""action"": ""edge_reconnect"", ""target_nodes"": [24, 29, 30], ""removed_edges"": [[24, 29, ""d""]], ""added_edges"": [[24, 30, ""d""]], ""details"": ""reconnected d edge 24->29 to 24->30""}]",[],
cwe119__19_vulnerable_CWE121_Stack_Based_Buffer_Overflow__,node_add,random,42,1,1,True,5,4,6,5,1,1,3,3,0.2631213366985321,0.2631213366985321,0.0,0,0,False,40.47423300016817,"[{""step"": 1, ""action"": ""node_add"", ""target_nodes"": [24, -1], ""removed_edges"": [], ""added_edges"": [[24, -1, ""d""]], ""details"": ""added synthetic node -1 using source line 24""}]",[],
cwe119__19_vulnerable_CWE121_Stack_Based_Buffer_Overflow__,node_delete,random,42,1,1,True,5,4,4,2,-1,-2,3,3,0.2631213366985321,0.3308972120285034,0.06777587532997131,0,0,False,35.49568200014619,"[{""step"": 1, ""action"": ""node_delete"", ""target_nodes"": [27], ""removed_edges"": [[27, 29, ""d""], [27, 30, ""d""]], ""added_edges"": [], ""details"": ""deleted non-key node 27 and its incident edges""}]",[],
cwe119__19_vulnerable_CWE121_Stack_Based_Buffer_Overflow__,node_attribute_modify,random,42,1,1,True,5,4,5,4,0,0,3,3,0.2631213366985321,0.44706466794013977,0.18394333124160767,0,0,False,39.93035399980727,"[{""step"": 1, ""action"": ""node_attribute_modify"", ""target_nodes"": [27, 31], ""removed_edges"": [], ""added_edges"": [], ""details"": ""changed node 27 token source from line 27 to line 31""}]",[],
cwe119__19_vulnerable_CWE121_Stack_Based_Buffer_Overflow__,edge_add,random,42,1,1,True,5,4,5,5,0,1,3,3,0.2631213366985321,0.3385912775993347,0.07546994090080261,0,0,False,41.08550399996602,"[{""step"": 1, ""action"": ""edge_add"", ""target_nodes"": [29, 31], ""removed_edges"": [], ""added_edges"": [[29, 31, ""d""]], ""details"": ""added d edge 29->31""}]",[],
cwe119__19_vulnerable_CWE121_Stack_Based_Buffer_Overflow__,edge_delete,random,42,1,1,True,5,4,5,3,0,-1,3,3,0.2631213366985321,0.45512792468070984,0.19200658798217773,0,0,False,39.88151100020332,"[{""step"": 1, ""action"": ""edge_delete"", ""target_nodes"": [24, 29], ""removed_edges"": [[24, 29, ""d""]], ""added_edges"": [], ""details"": ""deleted d edge 24->29""}]",[],
cwe119__19_vulnerable_CWE121_Stack_Based_Buffer_Overflow__,edge_reconnect,random,42,1,1,True,5,4,5,4,0,0,3,3,0.2631213366985321,0.4551286995410919,0.19200736284255981,0,0,False,41.04410599984476,"[{""step"": 1, ""action"": ""edge_reconnect"", ""target_nodes"": [24, 29, 30], ""removed_edges"": [[24, 29, ""d""]], ""added_edges"": [[24, 30, ""d""]], ""details"": ""reconnected d edge 24->29 to 24->30""}]",[],
cwe119__20_vulnerable_CWE121_Stack_Based_Buffer_Overflow__,node_add,random,42,1,1,True,7,5,8,6,1,1,7,7,0.4551286995410919,0.07177301496267319,-0.38335568457841873,0,0,False,55.87690199990902,"[{""step"": 1, ""action"": ""node_add"", ""target_nodes"": [36, -1], ""removed_edges"": [], ""added_edges"": [[36, -1, ""d""]], ""details"": ""added synthetic node -1 using source line 36""}]",[],
cwe119__20_vulnerable_CWE121_Stack_Based_Buffer_Overflow__,node_delete,random,42,1,1,True,7,5,6,3,-1,-2,7,7,0.4551286995410919,0.004014910664409399,-0.4511137888766825,0,0,False,49.46810100000221,"[{""step"": 1, ""action"": ""node_delete"", ""target_nodes"": [34], ""removed_edges"": [[34, 36, ""d""], [34, 37, ""d""]], ""added_edges"": [], ""details"": ""deleted non-key node 34 and its incident edges""}]",[],
cwe119__20_vulnerable_CWE121_Stack_Based_Buffer_Overflow__,node_attribute_modify,random,42,1,1,True,7,5,7,5,0,0,7,7,0.4551286995410919,0.4551287889480591,8.940696716308594e-08,0,0,False,49.3435700000191,"[{""step"": 1, ""action"": ""node_attribute_modify"", ""target_nodes"": [23, 34], ""removed_edges"": [], ""added_edges"": [], ""details"": ""changed node 23 token source from line 23 to line 34""}]",[],
cwe119__20_vulnerable_CWE121_Stack_Based_Buffer_Overflow__,edge_add,random,42,1,1,True,7,5,7,6,0,1,7,7,0.4551286995410919,0.009753700345754623,-0.4453749991953373,0,0,False,54.90381299978253,"[{""step"": 1, ""action"": ""edge_add"", ""target_nodes"": [25, 36], ""removed_edges"": [], ""added_edges"": [[25, 36, ""d""]], ""details"": ""added d edge 25->36""}]",[],
cwe119__20_vulnerable_CWE121_Stack_Based_Buffer_Overflow__,edge_delete,random,42,1,1,True,7,5,7,4,0,-1,7,7,0.4551286995410919,0.4551286995410919,0.0,0,0,False,57.213596000110556,"[{""step"": 1, ""action"": ""edge_delete"", ""target_nodes"": [23, 25], ""removed_edges"": [[23, 25, ""d""]], ""added_edges"": [], ""details"": ""deleted d edge 23->25""}]",[],
cwe119__20_vulnerable_CWE121_Stack_Based_Buffer_Overflow__,edge_reconnect,random,42,1,1,True,7,5,7,5,0,0,7,7,0.4551286995410919,0.4551286995410919,0.0,0,0,False,51.84832200029632,"[{""step"": 1, ""action"": ""edge_reconnect"", ""target_nodes"": [34, 37, 28], ""removed_edges"": [[34, 37, ""d""]], ""added_edges"": [[34, 28, ""d""]], ""details"": ""reconnected d edge 34->37 to 34->28""}]",[],
devign__01_vulnerable_static_uint32_t_sh_serial_ioport_rea,node_add,random,42,1,1,True,78,190,79,191,1,1,32,32,3.894043038599193e-05,7.746936898911372e-05,3.852893860312179e-05,0,0,False,123.83708299967111,"[{""step"": 1, ""action"": ""node_add"", ""target_nodes"": [45, -1], ""removed_edges"": [], ""added_edges"": [[45, -1, ""d""]], ""details"": ""added synthetic node -1 using source line 45""}]",[],
devign__01_vulnerable_static_uint32_t_sh_serial_ioport_rea,node_delete,random,42,1,1,True,78,190,77,189,-1,-1,32,32,3.894043038599193e-05,7.746944174868986e-05,3.852901136269793e-05,0,0,False,122.26834700004474,"[{""step"": 1, ""action"": ""node_delete"", ""target_nodes"": [173], ""removed_edges"": [[149, 173, ""c""]], ""added_edges"": [], ""details"": ""deleted non-key node 173 and its incident edges""}]",[],
devign__01_vulnerable_static_uint32_t_sh_serial_ioport_rea,node_attribute_modify,random,42,1,1,True,78,190,78,190,0,0,32,32,3.894043038599193e-05,7.746936898911372e-05,3.852893860312179e-05,0,0,False,131.7471510001269,"[{""step"": 1, ""action"": ""node_attribute_modify"", ""target_nodes"": [81, 15], ""removed_edges"": [], ""added_edges"": [], ""details"": ""changed node 81 token source from line 81 to line 15""}]",[],
devign__01_vulnerable_static_uint32_t_sh_serial_ioport_rea,edge_add,random,42,1,1,True,78,190,78,191,0,1,32,32,3.894043038599193e-05,7.746944174868986e-05,3.852901136269793e-05,0,0,False,124.5436740000514,"[{""step"": 1, ""action"": ""edge_add"", ""target_nodes"": [191, 15], ""removed_edges"": [], ""added_edges"": [[191, 15, ""d""]], ""details"": ""added d edge 191->15""}]",[],
devign__01_vulnerable_static_uint32_t_sh_serial_ioport_rea,edge_delete,random,42,1,1,True,78,190,78,189,0,-1,32,32,3.894043038599193e-05,7.746936898911372e-05,3.852893860312179e-05,0,0,False,124.83346299995901,"[{""step"": 1, ""action"": ""edge_delete"", ""target_nodes"": [5, 125], ""removed_edges"": [[5, 125, ""d""]], ""added_edges"": [], ""details"": ""deleted d edge 5->125""}]",[],
devign__01_vulnerable_static_uint32_t_sh_serial_ioport_rea,edge_reconnect,random,42,1,1,True,78,190,78,190,0,0,32,32,3.894043038599193e-05,3.894043038599193e-05,0.0,0,0,False,131.8062049999753,"[{""step"": 1, ""action"": ""edge_reconnect"", ""target_nodes"": [5, 99, 119], ""removed_edges"": [[5, 99, ""d""]], ""added_edges"": [[5, 119, ""d""]], ""details"": ""reconnected d edge 5->99 to 5->119""}]",[],
devign__02_vulnerable_static_int_tight_compress_data,node_add,random,42,1,1,True,24,54,25,55,1,1,21,21,7.848731797821529e-08,7.848731797821529e-08,0.0,0,0,False,105.45057600029395,"[{""step"": 1, ""action"": ""node_add"", ""target_nodes"": [81, -1], ""removed_edges"": [], ""added_edges"": [[81, -1, ""d""]], ""details"": ""added synthetic node -1 using source line 81""}]",[],
devign__02_vulnerable_static_int_tight_compress_data,node_delete,random,42,1,1,True,24,54,23,52,-1,-2,21,21,7.848731797821529e-08,7.848731797821529e-08,0.0,0,0,False,99.29659699992044,"[{""step"": 1, ""action"": ""node_delete"", ""target_nodes"": [17], ""removed_edges"": [[1, 17, ""d""], [13, 17, ""c""]], ""added_edges"": [], ""details"": ""deleted non-key node 17 and its incident edges""}]",[],
devign__02_vulnerable_static_int_tight_compress_data,node_attribute_modify,random,42,1,1,True,24,54,24,54,0,0,21,21,7.848731797821529e-08,8.217658432840835e-06,8.13917111486262e-06,0,0,False,100.02046899990091,"[{""step"": 1, ""action"": ""node_attribute_modify"", ""target_nodes"": [1, 17], ""removed_edges"": [], ""added_edges"": [], ""details"": ""changed node 1 token source from line 1 to line 17""}]",[],
devign__02_vulnerable_static_int_tight_compress_data,edge_add,random,42,1,1,True,24,54,24,55,0,1,21,21,7.848731797821529e-08,7.848731797821529e-08,0.0,0,0,False,98.82796300007612,"[{""step"": 1, ""action"": ""edge_add"", ""target_nodes"": [65, 41], ""removed_edges"": [], ""added_edges"": [[65, 41, ""d""]], ""details"": ""added d edge 65->41""}]",[],
devign__02_vulnerable_static_int_tight_compress_data,edge_delete,random,42,1,1,True,24,54,24,53,0,-1,21,21,7.848731797821529e-08,7.848731797821529e-08,0.0,0,0,False,95.23211299983814,"[{""step"": 1, ""action"": ""edge_delete"", ""target_nodes"": [1, 71], ""removed_edges"": [[1, 71, ""d""]], ""added_edges"": [], ""details"": ""deleted d edge 1->71""}]",[],
devign__02_vulnerable_static_int_tight_compress_data,edge_reconnect,random,42,1,1,True,24,54,24,54,0,0,21,21,7.848731797821529e-08,2.094074886827002e-07,1.3092017070448492e-07,0,0,False,84.2915409998568,"[{""step"": 1, ""action"": ""edge_reconnect"", ""target_nodes"": [7, 39, 17], ""removed_edges"": [[7, 39, ""d""]], ""added_edges"": [[7, 17, ""d""]], ""details"": ""reconnected d edge 7->39 to 7->17""}]",[],
devign__03_vulnerable_void_ff_insert_pad,node_add,random,42,1,1,True,14,36,15,37,1,1,13,13,0.0002570701763033867,0.0002570701763033867,0.0,0,0,False,72.48970399996324,"[{""step"": 1, ""action"": ""node_add"", ""target_nodes"": [1, -1], ""removed_edges"": [], ""added_edges"": [[1, -1, ""d""]], ""details"": ""added synthetic node -1 using source line 1""}]",[],
devign__03_vulnerable_void_ff_insert_pad,node_delete,random,42,1,1,True,14,36,13,35,-1,-1,13,13,0.0002570701763033867,0.0002570701763033867,0.0,0,0,False,66.50489599996945,"[{""step"": 1, ""action"": ""node_delete"", ""target_nodes"": [5], ""removed_edges"": [[5, 25, ""d""]], ""added_edges"": [], ""details"": ""deleted non-key node 5 and its incident edges""}]",[],
devign__03_vulnerable_void_ff_insert_pad,node_attribute_modify,random,42,1,1,True,14,36,14,36,0,0,13,13,0.0002570701763033867,0.0002570701763033867,0.0,0,0,False,73.29607600013333,"[{""step"": 1, ""action"": ""node_attribute_modify"", ""target_nodes"": [31, 35], ""removed_edges"": [], ""added_edges"": [], ""details"": ""changed node 31 token source from line 31 to line 35""}]",[],
devign__03_vulnerable_void_ff_insert_pad,edge_add,random,42,1,1,True,14,36,14,37,0,1,13,13,0.0002570701763033867,0.0013179214438423514,0.0010608512675389647,0,0,False,76.59004999959507,"[{""step"": 1, ""action"": ""edge_add"", ""target_nodes"": [37, 3], ""removed_edges"": [], ""added_edges"": [[37, 3, ""d""]], ""details"": ""added d edge 37->3""}]",[],
devign__03_vulnerable_void_ff_insert_pad,edge_delete,random,42,1,1,True,14,36,14,35,0,-1,13,13,0.0002570701763033867,0.0002570699143689126,-2.6193447411060333e-10,0,0,False,72.74543200037442,"[{""step"": 1, ""action"": ""edge_delete"", ""target_nodes"": [3, 19], ""removed_edges"": [[3, 19, ""d""]], ""added_edges"": [], ""details"": ""deleted d edge 3->19""}]",[],
devign__03_vulnerable_void_ff_insert_pad,edge_reconnect,random,42,1,1,True,14,36,14,36,0,0,13,13,0.0002570701763033867,0.0002570701763033867,0.0,0,0,False,80.19451899963315,"[{""step"": 1, ""action"": ""edge_reconnect"", ""target_nodes"": [37, 37, 21], ""removed_edges"": [[37, 37, ""d""]], ""added_edges"": [[37, 21, ""d""]], ""details"": ""reconnected d edge 37->37 to 37->21""}]",[],
devign__04_non_vulnerable_static_av_always_inline_int_dnxhd_de,node_add,random,42,1,1,True,67,160,68,161,1,1,49,49,0.07784903794527054,0.07784903794527054,0.0,0,0,False,174.96341900005064,"[{""step"": 1, ""action"": ""node_add"", ""target_nodes"": [87, -1], ""removed_edges"": [], ""added_edges"": [[87, -1, ""d""]], ""details"": ""added synthetic node -1 using source line 87""}]",[],
devign__04_non_vulnerable_static_av_always_inline_int_dnxhd_de,node_delete,random,42,1,1,True,67,160,66,159,-1,-1,49,49,0.07784903794527054,0.07784902304410934,-1.4901161193847656e-08,0,0,False,179.98499300028925,"[{""step"": 1, ""action"": ""node_delete"", ""target_nodes"": [31], ""removed_edges"": [[31, 197, ""d""]], ""added_edges"": [], ""details"": ""deleted non-key node 31 and its incident edges""}]",[],
devign__04_non_vulnerable_static_av_always_inline_int_dnxhd_de,node_attribute_modify,random,42,1,1,True,67,160,67,160,0,0,49,49,0.07784903794527054,0.07784902304410934,-1.4901161193847656e-08,0,0,False,191.09049999997296,"[{""step"": 1, ""action"": ""node_attribute_modify"", ""target_nodes"": [197, 105], ""removed_edges"": [], ""added_edges"": [], ""details"": ""changed node 197 token source from line 197 to line 105""}]",[],
devign__04_non_vulnerable_static_av_always_inline_int_dnxhd_de,edge_add,random,42,1,1,True,67,160,67,161,0,1,49,49,0.07784903794527054,0.021557968109846115,-0.05629106983542442,0,0,False,182.14365299991186,"[{""step"": 1, ""action"": ""edge_add"", ""target_nodes"": [87, 141], ""removed_edges"": [], ""added_edges"": [[87, 141, ""d""]], ""details"": ""added d edge 87->141""}]",[],
devign__04_non_vulnerable_static_av_always_inline_int_dnxhd_de,edge_delete,random,42,1,1,True,67,160,67,159,0,-1,49,49,0.07784903794527054,0.07784902304410934,-1.4901161193847656e-08,0,0,False,178.26477800008433,"[{""step"": 1, ""action"": ""edge_delete"", ""target_nodes"": [69, 173], ""removed_edges"": [[69, 173, ""d""]], ""added_edges"": [], ""details"": ""deleted d edge 69->173""}]",[],
devign__04_non_vulnerable_static_av_always_inline_int_dnxhd_de,edge_reconnect,random,42,1,1,True,67,160,67,160,0,0,49,49,0.07784903794527054,0.07784902304410934,-1.4901161193847656e-08,0,0,False,183.05442199971367,"[{""step"": 1, ""action"": ""edge_reconnect"", ""target_nodes"": [73, 169, 65], ""removed_edges"": [[73, 169, ""d""]], ""added_edges"": [[73, 65, ""d""]], ""details"": ""reconnected d edge 73->169 to 73->65""}]",[],
devign__05_non_vulnerable_static_int_slb_lookup,node_add,random,42,1,1,True,26,29,27,30,1,1,4,4,0.9999996423721313,0.9999996423721313,0.0,1,1,False,41.058306000195444,"[{""step"": 1, ""action"": ""node_add"", ""target_nodes"": [109, -1], ""removed_edges"": [], ""added_edges"": [[109, -1, ""d""]], ""details"": ""added synthetic node -1 using source line 109""}]",[],
devign__05_non_vulnerable_static_int_slb_lookup,node_delete,random,42,1,1,True,26,29,25,27,-1,-2,4,4,0.9999996423721313,0.9999996423721313,0.0,1,1,False,39.491555000040535,"[{""step"": 1, ""action"": ""node_delete"", ""target_nodes"": [115], ""removed_edges"": [[21, 115, ""d""], [101, 115, ""d""]], ""added_edges"": [], ""details"": ""deleted non-key node 115 and its incident edges""}]",[],
devign__05_non_vulnerable_static_int_slb_lookup,node_attribute_modify,random,42,1,1,True,26,29,26,29,0,0,4,4,0.9999996423721313,0.9993695616722107,-0.0006300806999206543,1,1,False,35.791460999917035,"[{""step"": 1, ""action"": ""node_attribute_modify"", ""target_nodes"": [43, 95], ""removed_edges"": [], ""added_edges"": [], ""details"": ""changed node 43 token source from line 43 to line 95""}]",[],
devign__05_non_vulnerable_static_int_slb_lookup,edge_add,random,42,1,1,True,26,29,26,30,0,1,4,4,0.9999996423721313,0.5145186185836792,-0.48548102378845215,1,1,False,32.86122000008618,"[{""step"": 1, ""action"": ""edge_add"", ""target_nodes"": [43, 23], ""removed_edges"": [], ""added_edges"": [[43, 23, ""d""]], ""details"": ""added d edge 43->23""}]",[],
devign__05_non_vulnerable_static_int_slb_lookup,edge_delete,random,42,1,1,True,26,29,26,28,0,-1,4,4,0.9999996423721313,0.9999996423721313,0.0,1,1,False,40.141343000414054,"[{""step"": 1, ""action"": ""edge_delete"", ""target_nodes"": [101, 115], ""removed_edges"": [[101, 115, ""d""]], ""added_edges"": [], ""details"": ""deleted d edge 101->115""}]",[],
devign__05_non_vulnerable_static_int_slb_lookup,edge_reconnect,random,42,1,1,True,26,29,26,29,0,0,4,4,0.9999996423721313,0.9999996423721313,0.0,1,1,False,40.479834000052506,"[{""step"": 1, ""action"": ""edge_reconnect"", ""target_nodes"": [41, 63, 27], ""removed_edges"": [[41, 63, ""c""]], ""added_edges"": [[41, 27, ""c""]], ""details"": ""reconnected c edge 41->63 to 41->27""}]",[],
devign__06_non_vulnerable_static_void_test_qemu_strtosz_units,node_add,random,42,1,1,True,25,24,26,25,1,1,8,8,0.001614067587070167,0.001614067587070167,0.0,0,0,False,48.11603899997863,"[{""step"": 1, ""action"": ""node_add"", ""target_nodes"": [53, -1], ""removed_edges"": [], ""added_edges"": [[53, -1, ""d""]], ""details"": ""added synthetic node -1 using source line 53""}]",[],
devign__06_non_vulnerable_static_void_test_qemu_strtosz_units,node_delete,random,42,1,1,True,25,24,24,23,-1,-1,8,8,0.001614067587070167,0.001614067587070167,0.0,0,0,False,48.978808999891044,"[{""step"": 1, ""action"": ""node_delete"", ""target_nodes"": [37], ""removed_edges"": [[7, 37, ""d""]], ""added_edges"": [], ""details"": ""deleted non-key node 37 and its incident edges""}]",[],
devign__06_non_vulnerable_static_void_test_qemu_strtosz_units,node_attribute_modify,random,42,1,1,True,25,24,25,24,0,0,8,8,0.001614067587070167,0.001614067587070167,0.0,0,0,False,42.7330150000671,"[{""step"": 1, ""action"": ""node_attribute_modify"", ""target_nodes"": [17, 13], ""removed_edges"": [], ""added_edges"": [], ""details"": ""changed node 17 token source from line 17 to line 13""}]",[],
devign__06_non_vulnerable_static_void_test_qemu_strtosz_units,edge_add,random,42,1,1,True,25,24,25,25,0,1,8,8,0.001614067587070167,0.002069090260192752,0.0004550226731225848,0,0,False,49.97601900004156,"[{""step"": 1, ""action"": ""edge_add"", ""target_nodes"": [37, 15], ""removed_edges"": [], ""added_edges"": [[37, 15, ""d""]], ""details"": ""added d edge 37->15""}]",[],
devign__06_non_vulnerable_static_void_test_qemu_strtosz_units,edge_delete,random,42,1,1,True,25,24,25,23,0,-1,8,8,0.001614067587070167,0.001614067587070167,0.0,0,0,False,48.859512000035465,"[{""step"": 1, ""action"": ""edge_delete"", ""target_nodes"": [17, 77], ""removed_edges"": [[17, 77, ""d""]], ""added_edges"": [], ""details"": ""deleted d edge 17->77""}]",[],
devign__06_non_vulnerable_static_void_test_qemu_strtosz_units,edge_reconnect,random,42,1,1,True,25,24,25,24,0,0,8,8,0.001614067587070167,0.001614067587070167,0.0,0,0,False,55.7239039999331,"[{""step"": 1, ""action"": ""edge_reconnect"", ""target_nodes"": [9, 49, 29], ""removed_edges"": [[9, 49, ""d""]], ""added_edges"": [[9, 29, ""d""]], ""details"": ""reconnected d edge 9->49 to 9->29""}]",[],
devign__07_vulnerable_static_inline_int_usb_bt_fifo_dequeu,node_add,random,42,1,1,True,18,45,19,46,1,1,20,20,6.548671941073826e-20,3.479702337188047e-18,3.4142156177773084e-18,0,0,False,95.37989599994035,"[{""step"": 1, ""action"": ""node_add"", ""target_nodes"": [19, -1], ""removed_edges"": [], ""added_edges"": [[19, -1, ""d""]], ""details"": ""added synthetic node -1 using source line 19""}]",[],
devign__07_vulnerable_static_inline_int_usb_bt_fifo_dequeu,node_delete,random,42,1,1,True,18,45,17,44,-1,-1,20,20,6.548671941073826e-20,6.548671941073826e-20,0.0,0,0,False,92.3425330001919,"[{""step"": 1, ""action"": ""node_delete"", ""target_nodes"": [13], ""removed_edges"": [[11, 13, ""c""]], ""added_edges"": [], ""details"": ""deleted non-key node 13 and its incident edges""}]",[],
devign__07_vulnerable_static_inline_int_usb_bt_fifo_dequeu,node_attribute_modify,random,42,1,1,True,18,45,18,45,0,0,20,20,6.548671941073826e-20,6.548671941073826e-20,0.0,0,0,False,89.53513799997381,"[{""step"": 1, ""action"": ""node_attribute_modify"", ""target_nodes"": [13, 47], ""removed_edges"": [], ""added_edges"": [], ""details"": ""changed node 13 token source from line 13 to line 47""}]",[],
devign__07_vulnerable_static_inline_int_usb_bt_fifo_dequeu,edge_add,random,42,1,1,True,18,45,18,46,0,1,20,20,6.548671941073826e-20,6.640136791072024e-20,9.146484999819748e-22,0,0,False,90.1024229997347,"[{""step"": 1, ""action"": ""edge_add"", ""target_nodes"": [21, 39], ""removed_edges"": [], ""added_edges"": [[21, 39, ""d""]], ""details"": ""added d edge 21->39""}]",[],
devign__07_vulnerable_static_inline_int_usb_bt_fifo_dequeu,edge_delete,random,42,1,1,True,18,45,18,44,0,-1,20,20,6.548671941073826e-20,7.919964851980846e-20,1.3712929109070202e-20,0,0,False,78.34686299975147,"[{""step"": 1, ""action"": ""edge_delete"", ""target_nodes"": [1, 43], ""removed_edges"": [[1, 43, ""d""]], ""added_edges"": [], ""details"": ""deleted d edge 1->43""}]",[],
devign__07_vulnerable_static_inline_int_usb_bt_fifo_dequeu,edge_reconnect,random,42,1,1,True,18,45,18,45,0,0,20,20,6.548671941073826e-20,3.681265275166885e-16,3.6806104079727777e-16,0,0,False,88.4113760002947,"[{""step"": 1, ""action"": ""edge_reconnect"", ""target_nodes"": [33, 39, 13], ""removed_edges"": [[33, 39, ""d""]], ""added_edges"": [[33, 13, ""d""]], ""details"": ""reconnected d edge 33->39 to 33->13""}]",[],
devign__08_non_vulnerable_build_tpm_tcpa,node_add,random,42,1,1,True,10,14,11,15,1,1,4,4,5.6560038501629606e-05,5.6560038501629606e-05,0.0,0,0,False,34.17691200002082,"[{""step"": 1, ""action"": ""node_add"", ""target_nodes"": [19, -1], ""removed_edges"": [], ""added_edges"": [[19, -1, ""d""]], ""details"": ""added synthetic node -1 using source line 19""}]",[],
devign__08_non_vulnerable_build_tpm_tcpa,node_delete,random,42,1,1,True,10,14,9,13,-1,-1,4,4,5.6560038501629606e-05,5.6560038501629606e-05,0.0,0,0,False,31.59349800034761,"[{""step"": 1, ""action"": ""node_delete"", ""target_nodes"": [43], ""removed_edges"": [[1, 43, ""d""]], ""added_edges"": [], ""details"": ""deleted non-key node 43 and its incident edges""}]",[],
devign__08_non_vulnerable_build_tpm_tcpa,node_attribute_modify,random,42,1,1,True,10,14,10,14,0,0,4,4,5.6560038501629606e-05,0.0005047759623266757,0.00044821592382504605,0,0,False,33.39826199999152,"[{""step"": 1, ""action"": ""node_attribute_modify"", ""target_nodes"": [7, 15], ""removed_edges"": [], ""added_edges"": [], ""details"": ""changed node 7 token source from line 7 to line 15""}]",[],
devign__08_non_vulnerable_build_tpm_tcpa,edge_add,random,42,1,1,True,10,14,10,15,0,1,4,4,5.6560038501629606e-05,5.6560038501629606e-05,0.0,0,0,False,33.318563000193535,"[{""step"": 1, ""action"": ""edge_add"", ""target_nodes"": [27, 37], ""removed_edges"": [], ""added_edges"": [[27, 37, ""d""]], ""details"": ""added d edge 27->37""}]",[],
devign__08_non_vulnerable_build_tpm_tcpa,edge_delete,random,42,1,1,True,10,14,10,13,0,-1,4,4,5.6560038501629606e-05,5.65599330002442e-05,-1.0550138540565968e-10,0,0,False,32.70969300001525,"[{""step"": 1, ""action"": ""edge_delete"", ""target_nodes"": [5, 15], ""removed_edges"": [[5, 15, ""d""]], ""added_edges"": [], ""details"": ""deleted d edge 5->15""}]",[],
devign__08_non_vulnerable_build_tpm_tcpa,edge_reconnect,random,42,1,1,True,10,14,10,14,0,0,4,4,5.6560038501629606e-05,0.00010044928785646334,4.388924935483374e-05,0,0,False,46.35775599990666,"[{""step"": 1, ""action"": ""edge_reconnect"", ""target_nodes"": [5, 15, 1], ""removed_edges"": [[5, 15, ""d""]], ""added_edges"": [[5, 1, ""d""]], ""details"": ""reconnected d edge 5->15 to 5->1""}]",[],
devign__09_non_vulnerable_static_ExitStatus_gen_store_conditio,node_add,random,42,1,1,True,7,10,8,11,1,1,0,0,0.0,0.0,0.0,0,0,False,0.1443890000700776,"[{""step"": 1, ""action"": ""node_add"", ""target_nodes"": [1, -1], ""removed_edges"": [], ""added_edges"": [[1, -1, ""d""]], ""details"": ""added synthetic node -1 using source line 1""}]",[],
devign__09_non_vulnerable_static_ExitStatus_gen_store_conditio,node_delete,random,42,1,1,True,7,10,6,7,-1,-3,0,0,0.0,0.0,0.0,0,0,False,0.0970860000961693,"[{""step"": 1, ""action"": ""node_delete"", ""target_nodes"": [1], ""removed_edges"": [[1, 11, ""d""], [1, 35, ""d""], [1, 47, ""d""]], ""added_edges"": [], ""details"": ""deleted non-key node 1 and its incident edges""}]",[],
devign__09_non_vulnerable_static_ExitStatus_gen_store_conditio,node_attribute_modify,random,42,1,1,True,7,10,7,10,0,0,0,0,0.0,0.0,0.0,0,0,False,0.07998599994607503,"[{""step"": 1, ""action"": ""node_attribute_modify"", ""target_nodes"": [3, 47], ""removed_edges"": [], ""added_edges"": [], ""details"": ""changed node 3 token source from line 3 to line 47""}]",[],
devign__09_non_vulnerable_static_ExitStatus_gen_store_conditio,edge_add,random,42,1,1,True,7,10,7,11,0,1,0,0,0.0,0.0,0.0,0,0,False,0.07814500031599891,"[{""step"": 1, ""action"": ""edge_add"", ""target_nodes"": [17, 3], ""removed_edges"": [], ""added_edges"": [[17, 3, ""d""]], ""details"": ""added d edge 17->3""}]",[],
devign__09_non_vulnerable_static_ExitStatus_gen_store_conditio,edge_delete,random,42,1,1,True,7,10,7,9,0,-1,0,0,0.0,0.0,0.0,0,0,False,0.09563599996909034,"[{""step"": 1, ""action"": ""edge_delete"", ""target_nodes"": [11, 25], ""removed_edges"": [[11, 25, ""c""]], ""added_edges"": [], ""details"": ""deleted c edge 11->25""}]",[],
devign__09_non_vulnerable_static_ExitStatus_gen_store_conditio,edge_reconnect,random,42,1,1,True,7,10,7,10,0,0,0,0,0.0,0.0,0.0,0,0,False,0.1171769999928074,"[{""step"": 1, ""action"": ""edge_reconnect"", ""target_nodes"": [1, 11, 25], ""removed_edges"": [[1, 11, ""d""]], ""added_edges"": [[1, 25, ""d""]], ""details"": ""reconnected d edge 1->11 to 1->25""}]",[],
devign__10_non_vulnerable_static_void_kvm_virtio_pci_vq_vector,node_add,random,42,1,1,True,11,12,12,13,1,1,7,7,6.079391567936909e-08,6.079391567936909e-08,0.0,0,0,False,55.56724000007307,"[{""step"": 1, ""action"": ""node_add"", ""target_nodes"": [33, -1], ""removed_edges"": [], ""added_edges"": [[33, -1, ""d""]], ""details"": ""added synthetic node -1 using source line 33""}]",[],
devign__10_non_vulnerable_static_void_kvm_virtio_pci_vq_vector,node_delete,random,42,1,1,True,11,12,10,10,-1,-2,7,7,6.079391567936909e-08,4.715593540649543e-11,-6.07467597439626e-08,0,0,False,49.05728399990039,"[{""step"": 1, ""action"": ""node_delete"", ""target_nodes"": [1], ""removed_edges"": [[1, 9, ""d""], [1, 13, ""d""]], ""added_edges"": [], ""details"": ""deleted non-key node 1 and its incident edges""}]",[],
devign__10_non_vulnerable_static_void_kvm_virtio_pci_vq_vector,node_attribute_modify,random,42,1,1,True,11,12,11,12,0,0,7,7,6.079391567936909e-08,6.079391567936909e-08,0.0,0,0,False,50.18931199992949,"[{""step"": 1, ""action"": ""node_attribute_modify"", ""target_nodes"": [33, 25], ""removed_edges"": [], ""added_edges"": [], ""details"": ""changed node 33 token source from line 33 to line 25""}]",[],
devign__10_non_vulnerable_static_void_kvm_virtio_pci_vq_vector,edge_add,random,42,1,1,True,11,12,11,13,0,1,7,7,6.079391567936909e-08,6.079391567936909e-08,0.0,0,0,False,41.68046799986769,"[{""step"": 1, ""action"": ""edge_add"", ""target_nodes"": [11, 21], ""removed_edges"": [], ""added_edges"": [[11, 21, ""d""]], ""details"": ""added d edge 11->21""}]",[],
devign__10_non_vulnerable_static_void_kvm_virtio_pci_vq_vector,edge_delete,random,42,1,1,True,11,12,11,11,0,-1,7,7,6.079391567936909e-08,4.0987281124671426e-08,-1.9806634554697666e-08,0,0,False,54.04920299997684,"[{""step"": 1, ""action"": ""edge_delete"", ""target_nodes"": [5, 13], ""removed_edges"": [[5, 13, ""d""]], ""added_edges"": [], ""details"": ""deleted d edge 5->13""}]",[],
devign__10_non_vulnerable_static_void_kvm_virtio_pci_vq_vector,edge_reconnect,random,42,1,1,True,11,12,11,12,0,0,7,7,6.079391567936909e-08,1.291873132913679e-07,6.839339761199881e-08,0,0,False,45.33227999991141,"[{""step"": 1, ""action"": ""edge_reconnect"", ""target_nodes"": [5, 13, 27], ""removed_edges"": [[5, 13, ""d""]], ""added_edges"": [[5, 27, ""d""]], ""details"": ""reconnected d edge 5->13 to 5->27""}]",[],
devign__11_non_vulnerable_vnc_display_setup_auth,node_add,random,42,1,1,True,37,54,38,55,1,1,15,15,3.628038669489797e-08,5.677737817677553e-07,5.314933950728573e-07,0,0,False,72.98850100005438,"[{""step"": 1, ""action"": ""node_add"", ""target_nodes"": [107, -1], ""removed_edges"": [], ""added_edges"": [[107, -1, ""d""]], ""details"": ""added synthetic node -1 using source line 107""}]",[],
devign__11_non_vulnerable_vnc_display_setup_auth,node_delete,random,42,1,1,True,37,54,36,51,-1,-3,15,15,3.628038669489797e-08,1.4695360732730478e-05,1.465908034603558e-05,0,0,False,76.42755300003046,"[{""step"": 1, ""action"": ""node_delete"", ""target_nodes"": [7], ""removed_edges"": [[7, 83, ""d""], [7, 113, ""d""], [7, 143, ""d""]], ""added_edges"": [], ""details"": ""deleted non-key node 7 and its incident edges""}]",[],
devign__11_non_vulnerable_vnc_display_setup_auth,node_attribute_modify,random,42,1,1,True,37,54,37,54,0,0,15,15,3.628038669489797e-08,0.021790761500597,0.021790725220210305,0,0,False,107.46248399982505,"[{""step"": 1, ""action"": ""node_attribute_modify"", ""target_nodes"": [5, 105], ""removed_edges"": [], ""added_edges"": [], ""details"": ""changed node 5 token source from line 5 to line 105""}]",[],
devign__11_non_vulnerable_vnc_display_setup_auth,edge_add,random,42,1,1,True,37,54,37,55,0,1,15,15,3.628038669489797e-08,1.282691499682187e-07,9.198876327332073e-08,0,0,False,79.24179000019649,"[{""step"": 1, ""action"": ""edge_add"", ""target_nodes"": [105, 165], ""removed_edges"": [], ""added_edges"": [[105, 165, ""d""]], ""details"": ""added d edge 105->165""}]",[],
devign__11_non_vulnerable_vnc_display_setup_auth,edge_delete,random,42,1,1,True,37,54,37,53,0,-1,15,15,3.628038669489797e-08,3.628038669489797e-08,0.0,0,0,False,61.49551899989092,"[{""step"": 1, ""action"": ""edge_delete"", ""target_nodes"": [1, 85], ""removed_edges"": [[1, 85, ""d""]], ""added_edges"": [], ""details"": ""deleted d edge 1->85""}]",[],
devign__11_non_vulnerable_vnc_display_setup_auth,edge_reconnect,random,42,1,1,True,37,54,37,54,0,0,15,15,3.628038669489797e-08,3.628038669489797e-08,0.0,0,0,False,71.40274799985491,"[{""step"": 1, ""action"": ""edge_reconnect"", ""target_nodes"": [1, 91, 163], ""removed_edges"": [[1, 91, ""d""]], ""added_edges"": [[1, 163, ""d""]], ""details"": ""reconnected d edge 1->91 to 1->163""}]",[],
devign__12_vulnerable_static_inline_void_qtrle_decode_2n4b,node_add,random,42,1,1,True,36,131,37,132,1,1,35,35,3.4069010723669635e-08,1.8195525086639464e-08,-1.587348563703017e-08,0,0,False,175.87291600011667,"[{""step"": 1, ""action"": ""node_add"", ""target_nodes"": [40, -1], ""removed_edges"": [], ""added_edges"": [[40, -1, ""d""]], ""details"": ""added synthetic node -1 using source line 40""}]",[],
devign__12_vulnerable_static_inline_void_qtrle_decode_2n4b,node_delete,random,42,1,1,True,36,131,35,127,-1,-4,35,35,3.4069010723669635e-08,8.894453173979855e-09,-2.517455754968978e-08,0,0,False,188.1880989999445,"[{""step"": 1, ""action"": ""node_delete"", ""target_nodes"": [34], ""removed_edges"": [[32, 34, ""d""], [34, 38, ""c""], [34, 40, ""c""], [34, 43, ""c""]], ""added_edges"": [], ""details"": ""deleted non-key node 34 and its incident edges""}]",[],
devign__12_vulnerable_static_inline_void_qtrle_decode_2n4b,node_attribute_modify,random,42,1,1,True,36,131,36,131,0,0,35,35,3.4069010723669635e-08,7.409870761421189e-08,4.0029696890542255e-08,0,0,False,173.34869499973138,"[{""step"": 1, ""action"": ""node_attribute_modify"", ""target_nodes"": [34, 53], ""removed_edges"": [], ""added_edges"": [], ""details"": ""changed node 34 token source from line 34 to line 53""}]",[],
devign__12_vulnerable_static_inline_void_qtrle_decode_2n4b,edge_add,random,42,1,1,True,36,131,36,132,0,1,35,35,3.4069010723669635e-08,3.169548179471349e-08,-2.373528928956148e-09,0,0,False,173.36498499980735,"[{""step"": 1, ""action"": ""edge_add"", ""target_nodes"": [40, 63], ""removed_edges"": [], ""added_edges"": [[40, 63, ""d""]], ""details"": ""added d edge 40->63""}]",[],
devign__12_vulnerable_static_inline_void_qtrle_decode_2n4b,edge_delete,random,42,1,1,True,36,131,36,130,0,-1,35,35,3.4069010723669635e-08,3.8631323917570626e-08,4.562313193900991e-09,0,0,False,230.39898500019262,"[{""step"": 1, ""action"": ""edge_delete"", ""target_nodes"": [34, 40], ""removed_edges"": [[34, 40, ""c""]], ""added_edges"": [], ""details"": ""deleted c edge 34->40""}]",[],
devign__12_vulnerable_static_inline_void_qtrle_decode_2n4b,edge_reconnect,random,42,1,1,True,36,131,36,131,0,0,35,35,3.4069010723669635e-08,3.4921399105769524e-08,8.52388382099889e-10,0,0,False,213.89535099979184,"[{""step"": 1, ""action"": ""edge_reconnect"", ""target_nodes"": [99, 97, 38], ""removed_edges"": [[99, 97, ""d""]], ""added_edges"": [[99, 38, ""d""]], ""details"": ""reconnected d edge 99->97 to 99->38""}]",[],
devign__13_non_vulnerable_static_void_sctlr_write,node_add,random,42,1,1,True,7,9,8,10,1,1,2,2,6.298020438499918e-10,6.29800878115816e-10,-1.1657341758564144e-15,0,0,False,41.253938999943784,"[{""step"": 1, ""action"": ""node_add"", ""target_nodes"": [1, -1], ""removed_edges"": [], ""added_edges"": [[1, -1, ""d""]], ""details"": ""added synthetic node -1 using source line 1""}]",[],
devign__13_non_vulnerable_static_void_sctlr_write,node_delete,random,42,1,1,True,7,9,6,8,-1,-1,2,2,6.298020438499918e-10,1.6160452967137195e-12,-6.281859985532781e-10,0,0,False,44.13752700020268,"[{""step"": 1, ""action"": ""node_delete"", ""target_nodes"": [19], ""removed_edges"": [[11, 19, ""c""]], ""added_edges"": [], ""details"": ""deleted non-key node 19 and its incident edges""}]",[],
devign__13_non_vulnerable_static_void_sctlr_write,node_attribute_modify,random,42,1,1,True,7,9,7,9,0,0,2,2,6.298020438499918e-10,7.1446729634772055e-06,7.1440431614333555e-06,0,0,False,47.15364200001204,"[{""step"": 1, ""action"": ""node_attribute_modify"", ""target_nodes"": [1, 25], ""removed_edges"": [], ""added_edges"": [], ""details"": ""changed node 1 token source from line 1 to line 25""}]",[],
devign__13_non_vulnerable_static_void_sctlr_write,edge_add,random,42,1,1,True,7,9,7,10,0,1,2,2,6.298020438499918e-10,4.124152326312469e-07,4.117854305873969e-07,0,0,False,78.49900199971671,"[{""step"": 1, ""action"": ""edge_add"", ""target_nodes"": [19, 1], ""removed_edges"": [], ""added_edges"": [[19, 1, ""d""]], ""details"": ""added d edge 19->1""}]",[],
devign__13_non_vulnerable_static_void_sctlr_write,edge_delete,random,42,1,1,True,7,9,7,8,0,-1,2,2,6.298020438499918e-10,1.2982244612658178e-08,1.2352442568808186e-08,0,0,False,55.24208399992858,"[{""step"": 1, ""action"": ""edge_delete"", ""target_nodes"": [11, 25], ""removed_edges"": [[11, 25, ""c""]], ""added_edges"": [], ""details"": ""deleted c edge 11->25""}]",[],
devign__13_non_vulnerable_static_void_sctlr_write,edge_reconnect,random,42,1,1,True,7,9,7,9,0,0,2,2,6.298020438499918e-10,8.917516725048813e-10,2.6194962865488947e-10,0,0,False,43.31364700010454,"[{""step"": 1, ""action"": ""edge_reconnect"", ""target_nodes"": [1, 25, 19], ""removed_edges"": [[1, 25, ""d""]], ""added_edges"": [[1, 19, ""d""]], ""details"": ""reconnected d edge 1->25 to 1->19""}]",[],
devign__14_vulnerable_static_int_decode_mb_info,node_add,random,42,1,1,True,66,217,67,218,1,1,57,57,0.22351014614105225,0.22351014614105225,0.0,0,0,False,667.1080189998975,"[{""step"": 1, ""action"": ""node_add"", ""target_nodes"": [125, -1], ""removed_edges"": [], ""added_edges"": [[125, -1, ""d""]], ""details"": ""added synthetic node -1 using source line 125""}]",[],
devign__14_vulnerable_static_int_decode_mb_info,node_delete,random,42,1,1,True,66,217,65,212,-1,-5,57,57,0.22351014614105225,0.22351014614105225,0.0,0,0,False,256.3512290003018,"[{""step"": 1, ""action"": ""node_delete"", ""target_nodes"": [187], ""removed_edges"": [[29, 187, ""d""], [155, 187, ""c""], [183, 187, ""d""], [187, 187, ""d""], [187, 189, ""d""]], ""added_edges"": [], ""details"": ""deleted non-key node 187 and its incident edges""}]",[],
devign__14_vulnerable_static_int_decode_mb_info,node_attribute_modify,random,42,1,1,True,66,217,66,217,0,0,57,57,0.22351014614105225,0.22351017594337463,2.9802322387695312e-08,0,0,False,246.9513400001233,"[{""step"": 1, ""action"": ""node_attribute_modify"", ""target_nodes"": [187, 223], ""removed_edges"": [], ""added_edges"": [], ""details"": ""changed node 187 token source from line 187 to line 223""}]",[],
devign__14_vulnerable_static_int_decode_mb_info,edge_add,random,42,1,1,True,66,217,66,218,0,1,57,57,0.22351014614105225,0.22351017594337463,2.9802322387695312e-08,0,0,False,254.22377499990034,"[{""step"": 1, ""action"": ""edge_add"", ""target_nodes"": [133, 189], ""removed_edges"": [], ""added_edges"": [[133, 189, ""d""]], ""details"": ""added d edge 133->189""}]",[],
devign__14_vulnerable_static_int_decode_mb_info,edge_delete,random,42,1,1,True,66,217,66,216,0,-1,57,57,0.22351014614105225,0.22351014614105225,0.0,0,0,False,257.1457700000792,"[{""step"": 1, ""action"": ""edge_delete"", ""target_nodes"": [27, 159], ""removed_edges"": [[27, 159, ""d""]], ""added_edges"": [], ""details"": ""deleted d edge 27->159""}]",[],
devign__14_vulnerable_static_int_decode_mb_info,edge_reconnect,random,42,1,1,True,66,217,66,217,0,0,57,57,0.22351014614105225,0.22351014614105225,0.0,0,0,False,257.6356509998732,"[{""step"": 1, ""action"": ""edge_reconnect"", ""target_nodes"": [17, 73, 103], ""removed_edges"": [[17, 73, ""d""]], ""added_edges"": [[17, 103, ""d""]], ""details"": ""reconnected d edge 17->73 to 17->103""}]",[],
devign__15_vulnerable_static_void_mm_rearm_timer,node_add,random,42,1,1,True,9,10,10,11,1,1,2,2,8.525628800271079e-06,8.525652447133325e-06,2.3646862246096134e-11,0,0,False,41.82170900003257,"[{""step"": 1, ""action"": ""node_add"", ""target_nodes"": [9, -1], ""removed_edges"": [], ""added_edges"": [[9, -1, ""d""]], ""details"": ""added synthetic node -1 using source line 9""}]",[],
devign__15_vulnerable_static_void_mm_rearm_timer,node_delete,random,42,1,1,True,9,10,8,6,-1,-4,2,2,8.525628800271079e-06,0.02845173515379429,0.028443209524994018,0,0,False,57.3052810000263,"[{""step"": 1, ""action"": ""node_delete"", ""target_nodes"": [17], ""removed_edges"": [[1, 17, ""d""], [5, 17, ""d""], [9, 17, ""d""], [17, 29, ""d""]], ""added_edges"": [], ""details"": ""deleted non-key node 17 and its incident edges""}]",[],
devign__15_vulnerable_static_void_mm_rearm_timer,node_attribute_modify,random,42,1,1,True,9,10,9,10,0,0,2,2,8.525628800271079e-06,7.620392716489732e-05,6.767829836462624e-05,0,0,False,42.91216799992981,"[{""step"": 1, ""action"": ""node_attribute_modify"", ""target_nodes"": [17, 7], ""removed_edges"": [], ""added_edges"": [], ""details"": ""changed node 17 token source from line 17 to line 7""}]",[],
devign__15_vulnerable_static_void_mm_rearm_timer,edge_add,random,42,1,1,True,9,10,9,11,0,1,2,2,8.525628800271079e-06,1.0067967650684295e-06,-7.518832035202649e-06,0,0,False,54.70313000023452,"[{""step"": 1, ""action"": ""edge_add"", ""target_nodes"": [39, 17], ""removed_edges"": [], ""added_edges"": [[39, 17, ""d""]], ""details"": ""added d edge 39->17""}]",[],
devign__15_vulnerable_static_void_mm_rearm_timer,edge_delete,random,42,1,1,True,9,10,9,9,0,-1,2,2,8.525628800271079e-06,2.260874316561967e-05,1.4083114365348592e-05,0,0,False,29.238344000077632,"[{""step"": 1, ""action"": ""edge_delete"", ""target_nodes"": [9, 17], ""removed_edges"": [[9, 17, ""d""]], ""added_edges"": [], ""details"": ""deleted d edge 9->17""}]",[],
devign__15_vulnerable_static_void_mm_rearm_timer,edge_reconnect,random,42,1,1,True,9,10,9,10,0,0,2,2,8.525628800271079e-06,3.5882180782209616e-06,-4.937410722050117e-06,0,0,False,65.46266500026832,"[{""step"": 1, ""action"": ""edge_reconnect"", ""target_nodes"": [1, 17, 37], ""removed_edges"": [[1, 17, ""d""]], ""added_edges"": [[1, 37, ""d""]], ""details"": ""reconnected d edge 1->17 to 1->37""}]",[],
devign__16_vulnerable_static_int_mxg_update_cache,node_add,random,42,1,1,True,16,41,17,42,1,1,16,16,1.86682691527551e-09,2.5217103960528675e-09,6.548834807773574e-10,0,0,False,87.78440700007195,"[{""step"": 1, ""action"": ""node_add"", ""target_nodes"": [23, -1], ""removed_edges"": [], ""added_edges"": [[23, -1, ""d""]], ""details"": ""added synthetic node -1 using source line 23""}]",[],
devign__16_vulnerable_static_int_mxg_update_cache,node_delete,random,42,1,1,True,16,41,15,37,-1,-4,16,16,1.86682691527551e-09,2.5015650662041367e-10,-1.6166704086550965e-09,0,0,False,82.42908000011084,"[{""step"": 1, ""action"": ""node_delete"", ""target_nodes"": [1], ""removed_edges"": [[1, 5, ""d""], [1, 17, ""d""], [1, 23, ""d""], [1, 41, ""d""]], ""added_edges"": [], ""details"": ""deleted non-key node 1 and its incident edges""}]",[],
devign__16_vulnerable_static_int_mxg_update_cache,node_attribute_modify,random,42,1,1,True,16,41,16,41,0,0,16,16,1.86682691527551e-09,0.010854150168597698,0.010854148301770783,0,0,False,75.54778599978818,"[{""step"": 1, ""action"": ""node_attribute_modify"", ""target_nodes"": [1, 33], ""removed_edges"": [], ""added_edges"": [], ""details"": ""changed node 1 token source from line 1 to line 33""}]",[],
devign__16_vulnerable_static_int_mxg_update_cache,edge_add,random,42,1,1,True,16,41,16,42,0,1,16,16,1.86682691527551e-09,3.5404936760130568e-09,1.6736667607375466e-09,0,0,False,74.12229400006254,"[{""step"": 1, ""action"": ""edge_add"", ""target_nodes"": [55, 41], ""removed_edges"": [], ""added_edges"": [[55, 41, ""d""]], ""details"": ""added d edge 55->41""}]",[],
devign__16_vulnerable_static_int_mxg_update_cache,edge_delete,random,42,1,1,True,16,41,16,40,0,-1,16,16,1.86682691527551e-09,3.0854402366387035e-10,-1.5582828916116398e-09,0,0,False,73.82626000025994,"[{""step"": 1, ""action"": ""edge_delete"", ""target_nodes"": [1, 5], ""removed_edges"": [[1, 5, ""d""]], ""added_edges"": [], ""details"": ""deleted d edge 1->5""}]",[],
devign__16_vulnerable_static_int_mxg_update_cache,edge_reconnect,random,42,1,1,True,16,41,16,41,0,0,16,16,1.86682691527551e-09,1.8134674872882783e-09,-5.335942798723181e-11,0,0,False,98.11382999987472,"[{""step"": 1, ""action"": ""edge_reconnect"", ""target_nodes"": [7, 33, 35], ""removed_edges"": [[7, 33, ""d""]], ""added_edges"": [[7, 35, ""d""]], ""details"": ""reconnected d edge 7->33 to 7->35""}]",[],
devign__17_vulnerable_static_void_FUNCC,node_add,random,42,1,1,True,5,7,6,8,1,1,5,5,0.0760723277926445,0.0760723277926445,0.0,0,0,False,55.54746500001784,"[{""step"": 1, ""action"": ""node_add"", ""target_nodes"": [3, -1], ""removed_edges"": [], ""added_edges"": [[3, -1, ""d""]], ""details"": ""added synthetic node -1 using source line 3""}]",[],
devign__17_vulnerable_static_void_FUNCC,node_delete,random,42,1,1,True,5,7,4,4,-1,-3,5,5,0.0760723277926445,0.0760723277926445,0.0,0,0,False,49.953866000123526,"[{""step"": 1, ""action"": ""node_delete"", ""target_nodes"": [3], ""removed_edges"": [[1, 3, ""d""], [3, 7, ""d""], [3, 13, ""d""]], ""added_edges"": [], ""details"": ""deleted non-key node 3 and its incident edges""}]",[],
devign__17_vulnerable_static_void_FUNCC,node_attribute_modify,random,42,1,1,True,5,7,5,7,0,0,5,5,0.0760723277926445,0.0760723277926445,0.0,0,0,False,42.60220299966022,"[{""step"": 1, ""action"": ""node_attribute_modify"", ""target_nodes"": [3, 13], ""removed_edges"": [], ""added_edges"": [], ""details"": ""changed node 3 token source from line 3 to line 13""}]",[],
devign__17_vulnerable_static_void_FUNCC,edge_add,random,42,1,1,True,5,7,5,8,0,1,5,5,0.0760723277926445,0.034208107739686966,-0.041864220052957535,0,0,False,42.74810700007947,"[{""step"": 1, ""action"": ""edge_add"", ""target_nodes"": [1, 13], ""removed_edges"": [], ""added_edges"": [[1, 13, ""d""]], ""details"": ""added d edge 1->13""}]",[],
devign__17_vulnerable_static_void_FUNCC,edge_delete,random,42,1,1,True,5,7,5,6,0,-1,5,5,0.0760723277926445,0.022804368287324905,-0.053267959505319595,0,0,False,55.18491999964681,"[{""step"": 1, ""action"": ""edge_delete"", ""target_nodes"": [5, 7], ""removed_edges"": [[5, 7, ""d""]], ""added_edges"": [], ""details"": ""deleted d edge 5->7""}]",[],
devign__17_vulnerable_static_void_FUNCC,edge_reconnect,random,42,1,1,True,5,7,5,7,0,0,5,5,0.0760723277926445,0.33585673570632935,0.25978440791368484,0,0,False,65.51811799999996,"[{""step"": 1, ""action"": ""edge_reconnect"", ""target_nodes"": [1, 5, 13], ""removed_edges"": [[1, 5, ""d""]], ""added_edges"": [[1, 13, ""d""]], ""details"": ""reconnected d edge 1->5 to 1->13""}]",[],
devign__18_vulnerable_mpeg1_decode_sequence,node_add,random,42,1,1,True,59,149,60,150,1,1,55,55,0.8990591168403625,0.8990591168403625,0.0,1,1,False,214.5307949999733,"[{""step"": 1, ""action"": ""node_add"", ""target_nodes"": [143, -1], ""removed_edges"": [], ""added_edges"": [[143, -1, ""d""]], ""details"": ""added synthetic node -1 using source line 143""}]",[],
devign__18_vulnerable_mpeg1_decode_sequence,node_delete,random,42,1,1,True,59,149,58,148,-1,-1,55,55,0.8990591168403625,0.8990591764450073,5.960464477539063e-08,1,1,False,239.98105999999098,"[{""step"": 1, ""action"": ""node_delete"", ""target_nodes"": [173], ""removed_edges"": [[127, 173, ""c""]], ""added_edges"": [], ""details"": ""deleted non-key node 173 and its incident edges""}]",[],
devign__18_vulnerable_mpeg1_decode_sequence,node_attribute_modify,random,42,1,1,True,59,149,59,149,0,0,55,55,0.8990591168403625,0.9801670908927917,0.0811079740524292,1,1,False,229.4184329998643,"[{""step"": 1, ""action"": ""node_attribute_modify"", ""target_nodes"": [1, 67], ""removed_edges"": [], ""added_edges"": [], ""details"": ""changed node 1 token source from line 1 to line 67""}]",[],
devign__18_vulnerable_mpeg1_decode_sequence,edge_add,random,42,1,1,True,59,149,59,150,0,1,55,55,0.8990591168403625,0.8990591168403625,0.0,1,1,False,220.24016600016694,"[{""step"": 1, ""action"": ""edge_add"", ""target_nodes"": [157, 139], ""removed_edges"": [], ""added_edges"": [[157, 139, ""d""]], ""details"": ""added d edge 157->139""}]",[],
devign__18_vulnerable_mpeg1_decode_sequence,edge_delete,random,42,1,1,True,59,149,59,148,0,-1,55,55,0.8990591168403625,0.8990591764450073,5.960464477539063e-08,1,1,False,231.89401599984194,"[{""step"": 1, ""action"": ""edge_delete"", ""target_nodes"": [63, 73], ""removed_edges"": [[63, 73, ""c""]], ""added_edges"": [], ""details"": ""deleted c edge 63->73""}]",[],
devign__18_vulnerable_mpeg1_decode_sequence,edge_reconnect,random,42,1,1,True,59,149,59,149,0,0,55,55,0.8990591168403625,0.8990591168403625,0.0,1,1,False,230.3035599998111,"[{""step"": 1, ""action"": ""edge_reconnect"", ""target_nodes"": [9, 155, 65], ""removed_edges"": [[9, 155, ""d""]], ""added_edges"": [[9, 65, ""d""]], ""details"": ""reconnected d edge 9->155 to 9->65""}]",[],
devign__19_non_vulnerable_const_char_get_feature_xml,node_add,random,42,1,1,True,27,47,28,48,1,1,13,13,3.863291203742847e-05,1.638195499253925e-05,-2.225095704488922e-05,0,0,False,72.4513980003394,"[{""step"": 1, ""action"": ""node_add"", ""target_nodes"": [77, -1], ""removed_edges"": [], ""added_edges"": [[77, -1, ""d""]], ""details"": ""added synthetic node -1 using source line 77""}]",[],
devign__19_non_vulnerable_const_char_get_feature_xml,node_delete,random,42,1,1,True,27,47,26,46,-1,-1,13,13,3.863291203742847e-05,4.580652239383198e-05,7.173610356403515e-06,0,0,False,76.43962900010592,"[{""step"": 1, ""action"": ""node_delete"", ""target_nodes"": [77], ""removed_edges"": [[75, 77, ""c""]], ""added_edges"": [], ""details"": ""deleted non-key node 77 and its incident edges""}]",[],
devign__19_non_vulnerable_const_char_get_feature_xml,node_attribute_modify,random,42,1,1,True,27,47,27,47,0,0,13,13,3.863291203742847e-05,0.0018856251845136285,0.0018469922724762,0,0,False,82.35511800012318,"[{""step"": 1, ""action"": ""node_attribute_modify"", ""target_nodes"": [1, 63], ""removed_edges"": [], ""added_edges"": [], ""details"": ""changed node 1 token source from line 1 to line 63""}]",[],
devign__19_non_vulnerable_const_char_get_feature_xml,edge_add,random,42,1,1,True,27,47,27,48,0,1,13,13,3.863291203742847e-05,3.863283927785233e-05,-7.275957614183426e-11,0,0,False,82.54375999968033,"[{""step"": 1, ""action"": ""edge_add"", ""target_nodes"": [27, 23], ""removed_edges"": [], ""added_edges"": [[27, 23, ""d""]], ""details"": ""added d edge 27->23""}]",[],
devign__19_non_vulnerable_const_char_get_feature_xml,edge_delete,random,42,1,1,True,27,47,27,46,0,-1,13,13,3.863291203742847e-05,3.863283927785233e-05,-7.275957614183426e-11,0,0,False,81.10367700010102,"[{""step"": 1, ""action"": ""edge_delete"", ""target_nodes"": [13, 33], ""removed_edges"": [[13, 33, ""d""]], ""added_edges"": [], ""details"": ""deleted d edge 13->33""}]",[],
devign__19_non_vulnerable_const_char_get_feature_xml,edge_reconnect,random,42,1,1,True,27,47,27,47,0,0,13,13,3.863291203742847e-05,3.2270098017761484e-05,-6.362814019666985e-06,0,0,False,74.5583230000193,"[{""step"": 1, ""action"": ""edge_reconnect"", ""target_nodes"": [17, 23, 81], ""removed_edges"": [[17, 23, ""d""]], ""added_edges"": [[17, 81, ""d""]], ""details"": ""reconnected d edge 17->23 to 17->81""}]",[],
devign__20_non_vulnerable_static_int_vfio_set_resample_eventfd,node_add,random,42,1,1,True,19,22,20,23,1,1,10,10,0.11510657519102097,0.11510656028985977,-1.4901161193847656e-08,0,0,False,73.96026699962022,"[{""step"": 1, ""action"": ""node_add"", ""target_nodes"": [5, -1], ""removed_edges"": [], ""added_edges"": [[5, -1, ""d""]], ""details"": ""added synthetic node -1 using source line 5""}]",[],
devign__20_non_vulnerable_static_int_vfio_set_resample_eventfd,node_delete,random,42,1,1,True,19,22,18,21,-1,-1,10,10,0.11510657519102097,0.1777801513671875,0.06267357617616653,0,0,False,72.84676300014326,"[{""step"": 1, ""action"": ""node_delete"", ""target_nodes"": [41], ""removed_edges"": [[39, 41, ""c""]], ""added_edges"": [], ""details"": ""deleted non-key node 41 and its incident edges""}]",[],
devign__20_non_vulnerable_static_int_vfio_set_resample_eventfd,node_attribute_modify,random,42,1,1,True,19,22,19,22,0,0,10,10,0.11510657519102097,0.11510657519102097,0.0,0,0,False,66.79114200005642,"[{""step"": 1, ""action"": ""node_attribute_modify"", ""target_nodes"": [41, 25], ""removed_edges"": [], ""added_edges"": [], ""details"": ""changed node 41 token source from line 41 to line 25""}]",[],
devign__20_non_vulnerable_static_int_vfio_set_resample_eventfd,edge_add,random,42,1,1,True,19,22,19,23,0,1,10,10,0.11510657519102097,0.04209292307496071,-0.07301365211606026,0,0,False,73.31141199983904,"[{""step"": 1, ""action"": ""edge_add"", ""target_nodes"": [5, 17], ""removed_edges"": [], ""added_edges"": [[5, 17, ""d""]], ""details"": ""added d edge 5->17""}]",[],
devign__20_non_vulnerable_static_int_vfio_set_resample_eventfd,edge_delete,random,42,1,1,True,19,22,19,21,0,-1,10,10,0.11510657519102097,0.11510657519102097,0.0,0,0,False,66.35109300032127,"[{""step"": 1, ""action"": ""edge_delete"", ""target_nodes"": [35, 45], ""removed_edges"": [[35, 45, ""d""]], ""added_edges"": [], ""details"": ""deleted d edge 35->45""}]",[],
devign__20_non_vulnerable_static_int_vfio_set_resample_eventfd,edge_reconnect,random,42,1,1,True,19,22,19,22,0,0,10,10,0.11510657519102097,0.11510657519102097,0.0,0,0,False,71.86335599999438,"[{""step"": 1, ""action"": ""edge_reconnect"", ""target_nodes"": [1, 31, 35], ""removed_edges"": [[1, 31, ""d""]], ""added_edges"": [[1, 35, ""d""]], ""details"": ""reconnected d edge 1->31 to 1->35""}]",[],
