dataset,sample_id,source_file,action,count,applied_count,generation_status,run_status,flipped,base_label,variant_label,base_probability,variant_probability,delta_probability,base_nodes,variant_nodes,delta_nodes,base_edges,variant_edges,delta_edges,baseline_run_dir,variant_run_dir,variant_file,notes,error
cwe119_vulnerable,01_vulnerable_989,C:\Users\weijt\Desktop\UNSW\COMP9900\project\capstone-project-26t2-9900-t17a-almond\input_sources\cwe119\vulnerable\01_vulnerable_989.c,data_flow_alias,1,1,generated,ran,False,1,1,1.0,1.0,0.0,5566,5568,2,11864,11865,1,C:\Users\weijt\Desktop\UNSW\COMP9900\project\capstone-project-26t2-9900-t17a-almond\outputs\generated\full_budget_search_20260717\cwe119_vulnerable\runs\baseline\01_vulnerable_989,C:\Users\weijt\Desktop\UNSW\COMP9900\project\capstone-project-26t2-9900-t17a-almond\outputs\generated\full_budget_search_20260717\cwe119_vulnerable\runs\perturbed\01_vulnerable_989__data_flow_alias__c1,C:\Users\weijt\Desktop\UNSW\COMP9900\project\capstone-project-26t2-9900-t17a-almond\outputs\generated\full_budget_search_20260717\cwe119_vulnerable\sources\01_vulnerable_989__data_flow_alias__c1.c,inserted 1 alias-preserving data-flow no-op(s) near call arguments,
cwe119_vulnerable,01_vulnerable_989,C:\Users\weijt\Desktop\UNSW\COMP9900\project\capstone-project-26t2-9900-t17a-almond\input_sources\cwe119\vulnerable\01_vulnerable_989.c,data_flow_alias,2,2,generated,ran,False,1,1,1.0,1.0,0.0,5566,5588,22,11864,11903,39,C:\Users\weijt\Desktop\UNSW\COMP9900\project\capstone-project-26t2-9900-t17a-almond\outputs\generated\full_budget_search_20260717\cwe119_vulnerable\runs\baseline\01_vulnerable_989,C:\Users\weijt\Desktop\UNSW\COMP9900\project\capstone-project-26t2-9900-t17a-almond\outputs\generated\full_budget_search_20260717\cwe119_vulnerable\runs\perturbed\01_vulnerable_989__data_flow_alias__c2,C:\Users\weijt\Desktop\UNSW\COMP9900\project\capstone-project-26t2-9900-t17a-almond\outputs\generated\full_budget_search_20260717\cwe119_vulnerable\sources\01_vulnerable_989__data_flow_alias__c2.c,inserted 2 alias-preserving data-flow no-op(s) near call arguments,
cwe119_vulnerable,01_vulnerable_989,C:\Users\weijt\Desktop\UNSW\COMP9900\project\capstone-project-26t2-9900-t17a-almond\input_sources\cwe119\vulnerable\01_vulnerable_989.c,data_flow_alias,3,3,generated,ran,False,1,1,1.0,1.0,0.0,5566,5606,40,11864,11980,116,C:\Users\weijt\Desktop\UNSW\COMP9900\project\capstone-project-26t2-9900-t17a-almond\outputs\generated\full_budget_search_20260717\cwe119_vulnerable\runs\baseline\01_vulnerable_989,C:\Users\weijt\Desktop\UNSW\COMP9900\project\capstone-project-26t2-9900-t17a-almond\outputs\generated\full_budget_search_20260717\cwe119_vulnerable\runs\perturbed\01_vulnerable_989__data_flow_alias__c3,C:\Users\weijt\Desktop\UNSW\COMP9900\project\capstone-project-26t2-9900-t17a-almond\outputs\generated\full_budget_search_20260717\cwe119_vulnerable\sources\01_vulnerable_989__data_flow_alias__c3.c,inserted 3 alias-preserving data-flow no-op(s) near call arguments,
cwe119_vulnerable,01_vulnerable_989,C:\Users\weijt\Desktop\UNSW\COMP9900\project\capstone-project-26t2-9900-t17a-almond\input_sources\cwe119\vulnerable\01_vulnerable_989.c,data_flow_alias,5,5,generated,ran,False,1,1,1.0,1.0,0.0,5566,5628,62,11864,12019,155,C:\Users\weijt\Desktop\UNSW\COMP9900\project\capstone-project-26t2-9900-t17a-almond\outputs\generated\full_budget_search_20260717\cwe119_vulnerable\runs\baseline\01_vulnerable_989,C:\Users\weijt\Desktop\UNSW\COMP9900\project\capstone-project-26t2-9900-t17a-almond\outputs\generated\full_budget_search_20260717\cwe119_vulnerable\runs\perturbed\01_vulnerable_989__data_flow_alias__c5,C:\Users\weijt\Desktop\UNSW\COMP9900\project\capstone-project-26t2-9900-t17a-almond\outputs\generated\full_budget_search_20260717\cwe119_vulnerable\sources\01_vulnerable_989__data_flow_alias__c5.c,inserted 5 alias-preserving data-flow no-op(s) near call arguments,
cwe119_vulnerable,01_vulnerable_989,C:\Users\weijt\Desktop\UNSW\COMP9900\project\capstone-project-26t2-9900-t17a-almond\input_sources\cwe119\vulnerable\01_vulnerable_989.c,dead_statement,1,1,generated,ran,False,1,1,1.0,1.0,0.0,5566,5578,12,11864,11891,27,C:\Users\weijt\Desktop\UNSW\COMP9900\project\capstone-project-26t2-9900-t17a-almond\outputs\generated\full_budget_search_20260717\cwe119_vulnerable\runs\baseline\01_vulnerable_989,C:\Users\weijt\Desktop\UNSW\COMP9900\project\capstone-project-26t2-9900-t17a-almond\outputs\generated\full_budget_search_20260717\cwe119_vulnerable\runs\perturbed\01_vulnerable_989__dead_statement__c1,C:\Users\weijt\Desktop\UNSW\COMP9900\project\capstone-project-26t2-9900-t17a-almond\outputs\generated\full_budget_search_20260717\cwe119_vulnerable\sources\01_vulnerable_989__dead_statement__c1.c,inserted 1 harmless dummy integer statement pair(s) after first function brace,
cwe119_vulnerable,01_vulnerable_989,C:\Users\weijt\Desktop\UNSW\COMP9900\project\capstone-project-26t2-9900-t17a-almond\input_sources\cwe119\vulnerable\01_vulnerable_989.c,dead_statement,2,2,generated,ran,False,1,1,1.0,1.0,0.0,5566,5590,24,11864,11918,54,C:\Users\weijt\Desktop\UNSW\COMP9900\project\capstone-project-26t2-9900-t17a-almond\outputs\generated\full_budget_search_20260717\cwe119_vulnerable\runs\baseline\01_vulnerable_989,C:\Users\weijt\Desktop\UNSW\COMP9900\project\capstone-project-26t2-9900-t17a-almond\outputs\generated\full_budget_search_20260717\cwe119_vulnerable\runs\perturbed\01_vulnerable_989__dead_statement__c2,C:\Users\weijt\Desktop\UNSW\COMP9900\project\capstone-project-26t2-9900-t17a-almond\outputs\generated\full_budget_search_20260717\cwe119_vulnerable\sources\01_vulnerable_989__dead_statement__c2.c,inserted 2 harmless dummy integer statement pair(s) after first function brace,
cwe119_vulnerable,01_vulnerable_989,C:\Users\weijt\Desktop\UNSW\COMP9900\project\capstone-project-26t2-9900-t17a-almond\input_sources\cwe119\vulnerable\01_vulnerable_989.c,dead_statement,3,3,generated,ran,False,1,1,1.0,1.0,0.0,5566,5602,36,11864,11945,81,C:\Users\weijt\Desktop\UNSW\COMP9900\project\capstone-project-26t2-9900-t17a-almond\outputs\generated\full_budget_search_20260717\cwe119_vulnerable\runs\baseline\01_vulnerable_989,C:\Users\weijt\Desktop\UNSW\COMP9900\project\capstone-project-26t2-9900-t17a-almond\outputs\generated\full_budget_search_20260717\cwe119_vulnerable\runs\perturbed\01_vulnerable_989__dead_statement__c3,C:\Users\weijt\Desktop\UNSW\COMP9900\project\capstone-project-26t2-9900-t17a-almond\outputs\generated\full_budget_search_20260717\cwe119_vulnerable\sources\01_vulnerable_989__dead_statement__c3.c,inserted 3 harmless dummy integer statement pair(s) after first function brace,
cwe119_vulnerable,01_vulnerable_989,C:\Users\weijt\Desktop\UNSW\COMP9900\project\capstone-project-26t2-9900-t17a-almond\input_sources\cwe119\vulnerable\01_vulnerable_989.c,dead_statement,5,5,generated,ran,False,1,1,1.0,1.0,0.0,5566,5626,60,11864,11999,135,C:\Users\weijt\Desktop\UNSW\COMP9900\project\capstone-project-26t2-9900-t17a-almond\outputs\generated\full_budget_search_20260717\cwe119_vulnerable\runs\baseline\01_vulnerable_989,C:\Users\weijt\Desktop\UNSW\COMP9900\project\capstone-project-26t2-9900-t17a-almond\outputs\generated\full_budget_search_20260717\cwe119_vulnerable\runs\perturbed\01_vulnerable_989__dead_statement__c5,C:\Users\weijt\Desktop\UNSW\COMP9900\project\capstone-project-26t2-9900-t17a-almond\outputs\generated\full_budget_search_20260717\cwe119_vulnerable\sources\01_vulnerable_989__dead_statement__c5.c,inserted 5 harmless dummy integer statement pair(s) after first function brace,
cwe119_vulnerable,01_vulnerable_989,C:\Users\weijt\Desktop\UNSW\COMP9900\project\capstone-project-26t2-9900-t17a-almond\input_sources\cwe119\vulnerable\01_vulnerable_989.c,xfg_targeted_dead_code,1,1,generated,ran,False,1,1,1.0,1.0,0.0,5566,5568,2,11864,11865,1,C:\Users\weijt\Desktop\UNSW\COMP9900\project\capstone-project-26t2-9900-t17a-almond\outputs\generated\full_budget_search_20260717\cwe119_vulnerable\runs\baseline\01_vulnerable_989,C:\Users\weijt\Desktop\UNSW\COMP9900\project\capstone-project-26t2-9900-t17a-almond\outputs\generated\full_budget_search_20260717\cwe119_vulnerable\runs\perturbed\01_vulnerable_989__xfg_targeted_dead_code__c1,C:\Users\weijt\Desktop\UNSW\COMP9900\project\capstone-project-26t2-9900-t17a-almond\outputs\generated\full_budget_search_20260717\cwe119_vulnerable\sources\01_vulnerable_989__xfg_targeted_dead_code__c1.c,inserted 1 unreachable no-op block(s) near XFG-relevant target lines,
cwe119_vulnerable,01_vulnerable_989,C:\Users\weijt\Desktop\UNSW\COMP9900\project\capstone-project-26t2-9900-t17a-almond\input_sources\cwe119\vulnerable\01_vulnerable_989.c,xfg_targeted_dead_code,2,2,generated,ran,False,1,1,1.0,1.0,0.0,5566,5570,4,11864,11866,2,C:\Users\weijt\Desktop\UNSW\COMP9900\project\capstone-project-26t2-9900-t17a-almond\outputs\generated\full_budget_search_20260717\cwe119_vulnerable\runs\baseline\01_vulnerable_989,C:\Users\weijt\Desktop\UNSW\COMP9900\project\capstone-project-26t2-9900-t17a-almond\outputs\generated\full_budget_search_20260717\cwe119_vulnerable\runs\perturbed\01_vulnerable_989__xfg_targeted_dead_code__c2,C:\Users\weijt\Desktop\UNSW\COMP9900\project\capstone-project-26t2-9900-t17a-almond\outputs\generated\full_budget_search_20260717\cwe119_vulnerable\sources\01_vulnerable_989__xfg_targeted_dead_code__c2.c,inserted 2 unreachable no-op block(s) near XFG-relevant target lines,
cwe119_vulnerable,01_vulnerable_989,C:\Users\weijt\Desktop\UNSW\COMP9900\project\capstone-project-26t2-9900-t17a-almond\input_sources\cwe119\vulnerable\01_vulnerable_989.c,xfg_targeted_dead_code,3,3,generated,ran,False,1,1,1.0,1.0,0.0,5566,5586,20,11864,11902,38,C:\Users\weijt\Desktop\UNSW\COMP9900\project\capstone-project-26t2-9900-t17a-almond\outputs\generated\full_budget_search_20260717\cwe119_vulnerable\runs\baseline\01_vulnerable_989,C:\Users\weijt\Desktop\UNSW\COMP9900\project\capstone-project-26t2-9900-t17a-almond\outputs\generated\full_budget_search_20260717\cwe119_vulnerable\runs\perturbed\01_vulnerable_989__xfg_targeted_dead_code__c3,C:\Users\weijt\Desktop\UNSW\COMP9900\project\capstone-project-26t2-9900-t17a-almond\outputs\generated\full_budget_search_20260717\cwe119_vulnerable\sources\01_vulnerable_989__xfg_targeted_dead_code__c3.c,inserted 3 unreachable no-op block(s) near XFG-relevant target lines,
cwe119_vulnerable,01_vulnerable_989,C:\Users\weijt\Desktop\UNSW\COMP9900\project\capstone-project-26t2-9900-t17a-almond\input_sources\cwe119\vulnerable\01_vulnerable_989.c,xfg_targeted_dead_code,5,5,generated,ran,False,1,1,1.0,1.0,0.0,5566,5618,52,11864,11974,110,C:\Users\weijt\Desktop\UNSW\COMP9900\project\capstone-project-26t2-9900-t17a-almond\outputs\generated\full_budget_search_20260717\cwe119_vulnerable\runs\baseline\01_vulnerable_989,C:\Users\weijt\Desktop\UNSW\COMP9900\project\capstone-project-26t2-9900-t17a-almond\outputs\generated\full_budget_search_20260717\cwe119_vulnerable\runs\perturbed\01_vulnerable_989__xfg_targeted_dead_code__c5,C:\Users\weijt\Desktop\UNSW\COMP9900\project\capstone-project-26t2-9900-t17a-almond\outputs\generated\full_budget_search_20260717\cwe119_vulnerable\sources\01_vulnerable_989__xfg_targeted_dead_code__c5.c,inserted 5 unreachable no-op block(s) near XFG-relevant target lines,
cwe119_vulnerable,01_vulnerable_989,C:\Users\weijt\Desktop\UNSW\COMP9900\project\capstone-project-26t2-9900-t17a-almond\input_sources\cwe119\vulnerable\01_vulnerable_989.c,range_clamp,1,1,generated,ran,False,1,1,1.0,1.0,0.0,5566,5597,31,11864,11959,95,C:\Users\weijt\Desktop\UNSW\COMP9900\project\capstone-project-26t2-9900-t17a-almond\outputs\generated\full_budget_search_20260717\cwe119_vulnerable\runs\baseline\01_vulnerable_989,C:\Users\weijt\Desktop\UNSW\COMP9900\project\capstone-project-26t2-9900-t17a-almond\outputs\generated\full_budget_search_20260717\cwe119_vulnerable\runs\perturbed\01_vulnerable_989__range_clamp__c1,C:\Users\weijt\Desktop\UNSW\COMP9900\project\capstone-project-26t2-9900-t17a-almond\outputs\generated\full_budget_search_20260717\cwe119_vulnerable\sources\01_vulnerable_989__range_clamp__c1.c,clamped 1 sensitive sink size/count argument(s) through bounded local variables,
cwe119_vulnerable,01_vulnerable_989,C:\Users\weijt\Desktop\UNSW\COMP9900\project\capstone-project-26t2-9900-t17a-almond\input_sources\cwe119\vulnerable\01_vulnerable_989.c,range_clamp,2,2,generated,ran,False,1,1,1.0,1.0,0.0,5566,5628,62,11864,12054,190,C:\Users\weijt\Desktop\UNSW\COMP9900\project\capstone-project-26t2-9900-t17a-almond\outputs\generated\full_budget_search_20260717\cwe119_vulnerable\runs\baseline\01_vulnerable_989,C:\Users\weijt\Desktop\UNSW\COMP9900\project\capstone-project-26t2-9900-t17a-almond\outputs\generated\full_budget_search_20260717\cwe119_vulnerable\runs\perturbed\01_vulnerable_989__range_clamp__c2,C:\Users\weijt\Desktop\UNSW\COMP9900\project\capstone-project-26t2-9900-t17a-almond\outputs\generated\full_budget_search_20260717\cwe119_vulnerable\sources\01_vulnerable_989__range_clamp__c2.c,clamped 2 sensitive sink size/count argument(s) through bounded local variables,
cwe119_vulnerable,01_vulnerable_989,C:\Users\weijt\Desktop\UNSW\COMP9900\project\capstone-project-26t2-9900-t17a-almond\input_sources\cwe119\vulnerable\01_vulnerable_989.c,range_clamp,3,3,generated,ran,False,1,1,1.0,1.0,0.0,5566,5659,93,11864,12149,285,C:\Users\weijt\Desktop\UNSW\COMP9900\project\capstone-project-26t2-9900-t17a-almond\outputs\generated\full_budget_search_20260717\cwe119_vulnerable\runs\baseline\01_vulnerable_989,C:\Users\weijt\Desktop\UNSW\COMP9900\project\capstone-project-26t2-9900-t17a-almond\outputs\generated\full_budget_search_20260717\cwe119_vulnerable\runs\perturbed\01_vulnerable_989__range_clamp__c3,C:\Users\weijt\Desktop\UNSW\COMP9900\project\capstone-project-26t2-9900-t17a-almond\outputs\generated\full_budget_search_20260717\cwe119_vulnerable\sources\01_vulnerable_989__range_clamp__c3.c,clamped 3 sensitive sink size/count argument(s) through bounded local variables,
cwe119_vulnerable,01_vulnerable_989,C:\Users\weijt\Desktop\UNSW\COMP9900\project\capstone-project-26t2-9900-t17a-almond\input_sources\cwe119\vulnerable\01_vulnerable_989.c,range_clamp,5,5,generated,ran,False,1,1,1.0,1.0,0.0,5566,5719,153,11864,12287,423,C:\Users\weijt\Desktop\UNSW\COMP9900\project\capstone-project-26t2-9900-t17a-almond\outputs\generated\full_budget_search_20260717\cwe119_vulnerable\runs\baseline\01_vulnerable_989,C:\Users\weijt\Desktop\UNSW\COMP9900\project\capstone-project-26t2-9900-t17a-almond\outputs\generated\full_budget_search_20260717\cwe119_vulnerable\runs\perturbed\01_vulnerable_989__range_clamp__c5,C:\Users\weijt\Desktop\UNSW\COMP9900\project\capstone-project-26t2-9900-t17a-almond\outputs\generated\full_budget_search_20260717\cwe119_vulnerable\sources\01_vulnerable_989__range_clamp__c5.c,clamped 5 sensitive sink size/count argument(s) through bounded local variables,
cwe119_vulnerable,01_vulnerable_989,C:\Users\weijt\Desktop\UNSW\COMP9900\project\capstone-project-26t2-9900-t17a-almond\input_sources\cwe119\vulnerable\01_vulnerable_989.c,safe_source_substitution,1,1,generated,ran,False,1,1,1.0,1.0,0.0,5566,5574,8,11864,11879,15,C:\Users\weijt\Desktop\UNSW\COMP9900\project\capstone-project-26t2-9900-t17a-almond\outputs\generated\full_budget_search_20260717\cwe119_vulnerable\runs\baseline\01_vulnerable_989,C:\Users\weijt\Desktop\UNSW\COMP9900\project\capstone-project-26t2-9900-t17a-almond\outputs\generated\full_budget_search_20260717\cwe119_vulnerable\runs\perturbed\01_vulnerable_989__safe_source_substitution__c1,C:\Users\weijt\Desktop\UNSW\COMP9900\project\capstone-project-26t2-9900-t17a-almond\outputs\generated\full_budget_search_20260717\cwe119_vulnerable\sources\01_vulnerable_989__safe_source_substitution__c1.c,replaced 1 nested pointer source expression(s) with guarded fallback expressions,
cwe119_vulnerable,01_vulnerable_989,C:\Users\weijt\Desktop\UNSW\COMP9900\project\capstone-project-26t2-9900-t17a-almond\input_sources\cwe119\vulnerable\01_vulnerable_989.c,safe_source_substitution,2,1,partial,run_partial,False,1,1,1.0,1.0,0.0,5566,5574,8,11864,11879,15,C:\Users\weijt\Desktop\UNSW\COMP9900\project\capstone-project-26t2-9900-t17a-almond\outputs\generated\full_budget_search_20260717\cwe119_vulnerable\runs\baseline\01_vulnerable_989,C:\Users\weijt\Desktop\UNSW\COMP9900\project\capstone-project-26t2-9900-t17a-almond\outputs\generated\full_budget_search_20260717\cwe119_vulnerable\runs\perturbed\01_vulnerable_989__safe_source_substitution__c2,C:\Users\weijt\Desktop\UNSW\COMP9900\project\capstone-project-26t2-9900-t17a-almond\outputs\generated\full_budget_search_20260717\cwe119_vulnerable\sources\01_vulnerable_989__safe_source_substitution__c2.c,replaced 1 nested pointer source expression(s) with guarded fallback expressions,
cwe119_vulnerable,01_vulnerable_989,C:\Users\weijt\Desktop\UNSW\COMP9900\project\capstone-project-26t2-9900-t17a-almond\input_sources\cwe119\vulnerable\01_vulnerable_989.c,sink_bound_guard,1,1,generated,ran,False,1,1,1.0,1.0,0.0,5566,5589,23,11864,11925,61,C:\Users\weijt\Desktop\UNSW\COMP9900\project\capstone-project-26t2-9900-t17a-almond\outputs\generated\full_budget_search_20260717\cwe119_vulnerable\runs\baseline\01_vulnerable_989,C:\Users\weijt\Desktop\UNSW\COMP9900\project\capstone-project-26t2-9900-t17a-almond\outputs\generated\full_budget_search_20260717\cwe119_vulnerable\runs\perturbed\01_vulnerable_989__sink_bound_guard__c1,C:\Users\weijt\Desktop\UNSW\COMP9900\project\capstone-project-26t2-9900-t17a-almond\outputs\generated\full_budget_search_20260717\cwe119_vulnerable\sources\01_vulnerable_989__sink_bound_guard__c1.c,inserted 1 early-return bound guard(s) before sensitive sink calls,
cwe119_vulnerable,01_vulnerable_989,C:\Users\weijt\Desktop\UNSW\COMP9900\project\capstone-project-26t2-9900-t17a-almond\input_sources\cwe119\vulnerable\01_vulnerable_989.c,sink_bound_guard,2,2,generated,ran,False,1,1,1.0,1.0,0.0,5566,5607,41,11864,11965,101,C:\Users\weijt\Desktop\UNSW\COMP9900\project\capstone-project-26t2-9900-t17a-almond\outputs\generated\full_budget_search_20260717\cwe119_vulnerable\runs\baseline\01_vulnerable_989,C:\Users\weijt\Desktop\UNSW\COMP9900\project\capstone-project-26t2-9900-t17a-almond\outputs\generated\full_budget_search_20260717\cwe119_vulnerable\runs\perturbed\01_vulnerable_989__sink_bound_guard__c2,C:\Users\weijt\Desktop\UNSW\COMP9900\project\capstone-project-26t2-9900-t17a-almond\outputs\generated\full_budget_search_20260717\cwe119_vulnerable\sources\01_vulnerable_989__sink_bound_guard__c2.c,inserted 2 early-return bound guard(s) before sensitive sink calls,
cwe119_vulnerable,01_vulnerable_989,C:\Users\weijt\Desktop\UNSW\COMP9900\project\capstone-project-26t2-9900-t17a-almond\input_sources\cwe119\vulnerable\01_vulnerable_989.c,sink_bound_guard,3,3,generated,ran,False,1,1,1.0,1.0,0.0,5566,5625,59,11864,11961,97,C:\Users\weijt\Desktop\UNSW\COMP9900\project\capstone-project-26t2-9900-t17a-almond\outputs\generated\full_budget_search_20260717\cwe119_vulnerable\runs\baseline\01_vulnerable_989,C:\Users\weijt\Desktop\UNSW\COMP9900\project\capstone-project-26t2-9900-t17a-almond\outputs\generated\full_budget_search_20260717\cwe119_vulnerable\runs\perturbed\01_vulnerable_989__sink_bound_guard__c3,C:\Users\weijt\Desktop\UNSW\COMP9900\project\capstone-project-26t2-9900-t17a-almond\outputs\generated\full_budget_search_20260717\cwe119_vulnerable\sources\01_vulnerable_989__sink_bound_guard__c3.c,inserted 3 early-return bound guard(s) before sensitive sink calls,
cwe119_vulnerable,01_vulnerable_989,C:\Users\weijt\Desktop\UNSW\COMP9900\project\capstone-project-26t2-9900-t17a-almond\input_sources\cwe119\vulnerable\01_vulnerable_989.c,sink_bound_guard,5,5,generated,ran,False,1,1,1.0,1.0,0.0,5566,5654,88,11864,12023,159,C:\Users\weijt\Desktop\UNSW\COMP9900\project\capstone-project-26t2-9900-t17a-almond\outputs\generated\full_budget_search_20260717\cwe119_vulnerable\runs\baseline\01_vulnerable_989,C:\Users\weijt\Desktop\UNSW\COMP9900\project\capstone-project-26t2-9900-t17a-almond\outputs\generated\full_budget_search_20260717\cwe119_vulnerable\runs\perturbed\01_vulnerable_989__sink_bound_guard__c5,C:\Users\weijt\Desktop\UNSW\COMP9900\project\capstone-project-26t2-9900-t17a-almond\outputs\generated\full_budget_search_20260717\cwe119_vulnerable\sources\01_vulnerable_989__sink_bound_guard__c5.c,inserted 5 early-return bound guard(s) before sensitive sink calls,
cwe119_vulnerable,01_vulnerable_989,C:\Users\weijt\Desktop\UNSW\COMP9900\project\capstone-project-26t2-9900-t17a-almond\input_sources\cwe119\vulnerable\01_vulnerable_989.c,postcondition_validation,1,0,skipped,ran,,,,,,,,,,,,,C:\Users\weijt\Desktop\UNSW\COMP9900\project\capstone-project-26t2-9900-t17a-almond\outputs\generated\full_budget_search_20260717\cwe119_vulnerable\runs\baseline\01_vulnerable_989,,,no matching *_count/*_read pair found for postcondition validation,
cwe119_vulnerable,01_vulnerable_989,C:\Users\weijt\Desktop\UNSW\COMP9900\project\capstone-project-26t2-9900-t17a-almond\input_sources\cwe119\vulnerable\01_vulnerable_989.c,integer_overflow_guard,1,0,skipped,ran,,,,,,,,,,,,,C:\Users\weijt\Desktop\UNSW\COMP9900\project\capstone-project-26t2-9900-t17a-almond\outputs\generated\full_budget_search_20260717\cwe119_vulnerable\runs\baseline\01_vulnerable_989,,,no allocation size addition or multiplication expression found,
cwe119_vulnerable,01_vulnerable_989,C:\Users\weijt\Desktop\UNSW\COMP9900\project\capstone-project-26t2-9900-t17a-almond\input_sources\cwe119\vulnerable\01_vulnerable_989.c,array_index_bound_guard,1,1,generated,ran,False,1,1,1.0,1.0,0.0,5566,5592,26,11864,11908,44,C:\Users\weijt\Desktop\UNSW\COMP9900\project\capstone-project-26t2-9900-t17a-almond\outputs\generated\full_budget_search_20260717\cwe119_vulnerable\runs\baseline\01_vulnerable_989,C:\Users\weijt\Desktop\UNSW\COMP9900\project\capstone-project-26t2-9900-t17a-almond\outputs\generated\full_budget_search_20260717\cwe119_vulnerable\runs\perturbed\01_vulnerable_989__array_index_bound_guard__c1,C:\Users\weijt\Desktop\UNSW\COMP9900\project\capstone-project-26t2-9900-t17a-almond\outputs\generated\full_budget_search_20260717\cwe119_vulnerable\sources\01_vulnerable_989__array_index_bound_guard__c1.c,wrapped 1 array write(s) with index lower/upper bound guards,
cwe119_vulnerable,01_vulnerable_989,C:\Users\weijt\Desktop\UNSW\COMP9900\project\capstone-project-26t2-9900-t17a-almond\input_sources\cwe119\vulnerable\01_vulnerable_989.c,array_index_bound_guard,2,2,generated,ran,False,1,1,1.0,1.0,0.0,5566,5615,49,11864,11942,78,C:\Users\weijt\Desktop\UNSW\COMP9900\project\capstone-project-26t2-9900-t17a-almond\outputs\generated\full_budget_search_20260717\cwe119_vulnerable\runs\baseline\01_vulnerable_989,C:\Users\weijt\Desktop\UNSW\COMP9900\project\capstone-project-26t2-9900-t17a-almond\outputs\generated\full_budget_search_20260717\cwe119_vulnerable\runs\perturbed\01_vulnerable_989__array_index_bound_guard__c2,C:\Users\weijt\Desktop\UNSW\COMP9900\project\capstone-project-26t2-9900-t17a-almond\outputs\generated\full_budget_search_20260717\cwe119_vulnerable\sources\01_vulnerable_989__array_index_bound_guard__c2.c,wrapped 2 array write(s) with index lower/upper bound guards,
cwe119_vulnerable,01_vulnerable_989,C:\Users\weijt\Desktop\UNSW\COMP9900\project\capstone-project-26t2-9900-t17a-almond\input_sources\cwe119\vulnerable\01_vulnerable_989.c,array_index_bound_guard,3,3,generated,ran,False,1,1,1.0,1.0,0.0,5566,5641,75,11864,11986,122,C:\Users\weijt\Desktop\UNSW\COMP9900\project\capstone-project-26t2-9900-t17a-almond\outputs\generated\full_budget_search_20260717\cwe119_vulnerable\runs\baseline\01_vulnerable_989,C:\Users\weijt\Desktop\UNSW\COMP9900\project\capstone-project-26t2-9900-t17a-almond\outputs\generated\full_budget_search_20260717\cwe119_vulnerable\runs\perturbed\01_vulnerable_989__array_index_bound_guard__c3,C:\Users\weijt\Desktop\UNSW\COMP9900\project\capstone-project-26t2-9900-t17a-almond\outputs\generated\full_budget_search_20260717\cwe119_vulnerable\sources\01_vulnerable_989__array_index_bound_guard__c3.c,wrapped 3 array write(s) with index lower/upper bound guards,
cwe119_vulnerable,01_vulnerable_989,C:\Users\weijt\Desktop\UNSW\COMP9900\project\capstone-project-26t2-9900-t17a-almond\input_sources\cwe119\vulnerable\01_vulnerable_989.c,array_index_bound_guard,5,5,generated,ran,False,1,1,1.0,1.0,0.0,5566,5689,123,11864,12060,196,C:\Users\weijt\Desktop\UNSW\COMP9900\project\capstone-project-26t2-9900-t17a-almond\outputs\generated\full_budget_search_20260717\cwe119_vulnerable\runs\baseline\01_vulnerable_989,C:\Users\weijt\Desktop\UNSW\COMP9900\project\capstone-project-26t2-9900-t17a-almond\outputs\generated\full_budget_search_20260717\cwe119_vulnerable\runs\perturbed\01_vulnerable_989__array_index_bound_guard__c5,C:\Users\weijt\Desktop\UNSW\COMP9900\project\capstone-project-26t2-9900-t17a-almond\outputs\generated\full_budget_search_20260717\cwe119_vulnerable\sources\01_vulnerable_989__array_index_bound_guard__c5.c,wrapped 5 array write(s) with index lower/upper bound guards,
cwe119_vulnerable,01_vulnerable_989,C:\Users\weijt\Desktop\UNSW\COMP9900\project\capstone-project-26t2-9900-t17a-almond\input_sources\cwe119\vulnerable\01_vulnerable_989.c,wide_char_sink_guard,1,0,skipped,ran,,,,,,,,,,,,,C:\Users\weijt\Desktop\UNSW\COMP9900\project\capstone-project-26t2-9900-t17a-almond\outputs\generated\full_budget_search_20260717\cwe119_vulnerable\runs\baseline\01_vulnerable_989,,,no wcscat/wcscpy wide-character sink found,
cwe119_vulnerable,01_vulnerable_989,C:\Users\weijt\Desktop\UNSW\COMP9900\project\capstone-project-26t2-9900-t17a-almond\input_sources\cwe119\vulnerable\01_vulnerable_989.c,pattern_dead_code,1,1,generated,ran,False,1,1,1.0,1.0,0.0,5566,5572,6,11864,11867,3,C:\Users\weijt\Desktop\UNSW\COMP9900\project\capstone-project-26t2-9900-t17a-almond\outputs\generated\full_budget_search_20260717\cwe119_vulnerable\runs\baseline\01_vulnerable_989,C:\Users\weijt\Desktop\UNSW\COMP9900\project\capstone-project-26t2-9900-t17a-almond\outputs\generated\full_budget_search_20260717\cwe119_vulnerable\runs\perturbed\01_vulnerable_989__pattern_dead_code__c1,C:\Users\weijt\Desktop\UNSW\COMP9900\project\capstone-project-26t2-9900-t17a-almond\outputs\generated\full_budget_search_20260717\cwe119_vulnerable\sources\01_vulnerable_989__pattern_dead_code__c1.c,inserted 1 unreachable pointer/array/length pattern block(s) near sensitive or structural lines,
cwe119_vulnerable,01_vulnerable_989,C:\Users\weijt\Desktop\UNSW\COMP9900\project\capstone-project-26t2-9900-t17a-almond\input_sources\cwe119\vulnerable\01_vulnerable_989.c,pattern_dead_code,2,2,generated,ran,False,1,1,1.0,1.0,0.0,5566,5578,12,11864,11870,6,C:\Users\weijt\Desktop\UNSW\COMP9900\project\capstone-project-26t2-9900-t17a-almond\outputs\generated\full_budget_search_20260717\cwe119_vulnerable\runs\baseline\01_vulnerable_989,C:\Users\weijt\Desktop\UNSW\COMP9900\project\capstone-project-26t2-9900-t17a-almond\outputs\generated\full_budget_search_20260717\cwe119_vulnerable\runs\perturbed\01_vulnerable_989__pattern_dead_code__c2,C:\Users\weijt\Desktop\UNSW\COMP9900\project\capstone-project-26t2-9900-t17a-almond\outputs\generated\full_budget_search_20260717\cwe119_vulnerable\sources\01_vulnerable_989__pattern_dead_code__c2.c,inserted 2 unreachable pointer/array/length pattern block(s) near sensitive or structural lines,
cwe119_vulnerable,01_vulnerable_989,C:\Users\weijt\Desktop\UNSW\COMP9900\project\capstone-project-26t2-9900-t17a-almond\input_sources\cwe119\vulnerable\01_vulnerable_989.c,pattern_dead_code,3,3,generated,ran,False,1,1,1.0,1.0,0.0,5566,5633,67,11864,11971,107,C:\Users\weijt\Desktop\UNSW\COMP9900\project\capstone-project-26t2-9900-t17a-almond\outputs\generated\full_budget_search_20260717\cwe119_vulnerable\runs\baseline\01_vulnerable_989,C:\Users\weijt\Desktop\UNSW\COMP9900\project\capstone-project-26t2-9900-t17a-almond\outputs\generated\full_budget_search_20260717\cwe119_vulnerable\runs\perturbed\01_vulnerable_989__pattern_dead_code__c3,C:\Users\weijt\Desktop\UNSW\COMP9900\project\capstone-project-26t2-9900-t17a-almond\outputs\generated\full_budget_search_20260717\cwe119_vulnerable\sources\01_vulnerable_989__pattern_dead_code__c3.c,inserted 3 unreachable pointer/array/length pattern block(s) near sensitive or structural lines,
cwe119_vulnerable,01_vulnerable_989,C:\Users\weijt\Desktop\UNSW\COMP9900\project\capstone-project-26t2-9900-t17a-almond\input_sources\cwe119\vulnerable\01_vulnerable_989.c,pattern_dead_code,5,5,generated,ran,False,1,1,1.0,1.0,0.0,5566,5743,177,11864,12173,309,C:\Users\weijt\Desktop\UNSW\COMP9900\project\capstone-project-26t2-9900-t17a-almond\outputs\generated\full_budget_search_20260717\cwe119_vulnerable\runs\baseline\01_vulnerable_989,C:\Users\weijt\Desktop\UNSW\COMP9900\project\capstone-project-26t2-9900-t17a-almond\outputs\generated\full_budget_search_20260717\cwe119_vulnerable\runs\perturbed\01_vulnerable_989__pattern_dead_code__c5,C:\Users\weijt\Desktop\UNSW\COMP9900\project\capstone-project-26t2-9900-t17a-almond\outputs\generated\full_budget_search_20260717\cwe119_vulnerable\sources\01_vulnerable_989__pattern_dead_code__c5.c,inserted 5 unreachable pointer/array/length pattern block(s) near sensitive or structural lines,
cwe119_vulnerable,01_vulnerable_989,C:\Users\weijt\Desktop\UNSW\COMP9900\project\capstone-project-26t2-9900-t17a-almond\input_sources\cwe119\vulnerable\01_vulnerable_989.c,control_wrapper,1,1,generated,ran,False,1,1,1.0,1.0,0.0,5566,5570,4,11864,11873,9,C:\Users\weijt\Desktop\UNSW\COMP9900\project\capstone-project-26t2-9900-t17a-almond\outputs\generated\full_budget_search_20260717\cwe119_vulnerable\runs\baseline\01_vulnerable_989,C:\Users\weijt\Desktop\UNSW\COMP9900\project\capstone-project-26t2-9900-t17a-almond\outputs\generated\full_budget_search_20260717\cwe119_vulnerable\runs\perturbed\01_vulnerable_989__control_wrapper__c1,C:\Users\weijt\Desktop\UNSW\COMP9900\project\capstone-project-26t2-9900-t17a-almond\outputs\generated\full_budget_search_20260717\cwe119_vulnerable\sources\01_vulnerable_989__control_wrapper__c1.c,wrapped 1 safe single-line statement(s) with if (1) blocks,
cwe119_vulnerable,01_vulnerable_989,C:\Users\weijt\Desktop\UNSW\COMP9900\project\capstone-project-26t2-9900-t17a-almond\input_sources\cwe119\vulnerable\01_vulnerable_989.c,control_wrapper,2,2,generated,ran,False,1,1,1.0,1.0,0.0,5566,5574,8,11864,11882,18,C:\Users\weijt\Desktop\UNSW\COMP9900\project\capstone-project-26t2-9900-t17a-almond\outputs\generated\full_budget_search_20260717\cwe119_vulnerable\runs\baseline\01_vulnerable_989,C:\Users\weijt\Desktop\UNSW\COMP9900\project\capstone-project-26t2-9900-t17a-almond\outputs\generated\full_budget_search_20260717\cwe119_vulnerable\runs\perturbed\01_vulnerable_989__control_wrapper__c2,C:\Users\weijt\Desktop\UNSW\COMP9900\project\capstone-project-26t2-9900-t17a-almond\outputs\generated\full_budget_search_20260717\cwe119_vulnerable\sources\01_vulnerable_989__control_wrapper__c2.c,wrapped 2 safe single-line statement(s) with if (1) blocks,
cwe119_vulnerable,01_vulnerable_989,C:\Users\weijt\Desktop\UNSW\COMP9900\project\capstone-project-26t2-9900-t17a-almond\input_sources\cwe119\vulnerable\01_vulnerable_989.c,control_wrapper,3,3,generated,ran,False,1,1,1.0,1.0,0.0,5566,5578,12,11864,11891,27,C:\Users\weijt\Desktop\UNSW\COMP9900\project\capstone-project-26t2-9900-t17a-almond\outputs\generated\full_budget_search_20260717\cwe119_vulnerable\runs\baseline\01_vulnerable_989,C:\Users\weijt\Desktop\UNSW\COMP9900\project\capstone-project-26t2-9900-t17a-almond\outputs\generated\full_budget_search_20260717\cwe119_vulnerable\runs\perturbed\01_vulnerable_989__control_wrapper__c3,C:\Users\weijt\Desktop\UNSW\COMP9900\project\capstone-project-26t2-9900-t17a-almond\outputs\generated\full_budget_search_20260717\cwe119_vulnerable\sources\01_vulnerable_989__control_wrapper__c3.c,wrapped 3 safe single-line statement(s) with if (1) blocks,
cwe119_vulnerable,01_vulnerable_989,C:\Users\weijt\Desktop\UNSW\COMP9900\project\capstone-project-26t2-9900-t17a-almond\input_sources\cwe119\vulnerable\01_vulnerable_989.c,control_wrapper,5,5,generated,ran,False,1,1,1.0,1.0,0.0,5566,5586,20,11864,11912,48,C:\Users\weijt\Desktop\UNSW\COMP9900\project\capstone-project-26t2-9900-t17a-almond\outputs\generated\full_budget_search_20260717\cwe119_vulnerable\runs\baseline\01_vulnerable_989,C:\Users\weijt\Desktop\UNSW\COMP9900\project\capstone-project-26t2-9900-t17a-almond\outputs\generated\full_budget_search_20260717\cwe119_vulnerable\runs\perturbed\01_vulnerable_989__control_wrapper__c5,C:\Users\weijt\Desktop\UNSW\COMP9900\project\capstone-project-26t2-9900-t17a-almond\outputs\generated\full_budget_search_20260717\cwe119_vulnerable\sources\01_vulnerable_989__control_wrapper__c5.c,wrapped 5 safe single-line statement(s) with if (1) blocks,
cwe119_vulnerable,01_vulnerable_989,C:\Users\weijt\Desktop\UNSW\COMP9900\project\capstone-project-26t2-9900-t17a-almond\input_sources\cwe119\vulnerable\01_vulnerable_989.c,temp_variable_split,1,1,generated,ran,False,1,1,1.0,1.0,0.0,5566,5574,8,11864,11881,17,C:\Users\weijt\Desktop\UNSW\COMP9900\project\capstone-project-26t2-9900-t17a-almond\outputs\generated\full_budget_search_20260717\cwe119_vulnerable\runs\baseline\01_vulnerable_989,C:\Users\weijt\Desktop\UNSW\COMP9900\project\capstone-project-26t2-9900-t17a-almond\outputs\generated\full_budget_search_20260717\cwe119_vulnerable\runs\perturbed\01_vulnerable_989__temp_variable_split__c1,C:\Users\weijt\Desktop\UNSW\COMP9900\project\capstone-project-26t2-9900-t17a-almond\outputs\generated\full_budget_search_20260717\cwe119_vulnerable\sources\01_vulnerable_989__temp_variable_split__c1.c,split 1 simple assignment(s) through temporary integer variables,
cwe119_vulnerable,01_vulnerable_989,C:\Users\weijt\Desktop\UNSW\COMP9900\project\capstone-project-26t2-9900-t17a-almond\input_sources\cwe119\vulnerable\01_vulnerable_989.c,temp_variable_split,2,2,generated,ran,False,1,1,1.0,1.0,0.0,5566,5582,16,11864,11899,35,C:\Users\weijt\Desktop\UNSW\COMP9900\project\capstone-project-26t2-9900-t17a-almond\outputs\generated\full_budget_search_20260717\cwe119_vulnerable\runs\baseline\01_vulnerable_989,C:\Users\weijt\Desktop\UNSW\COMP9900\project\capstone-project-26t2-9900-t17a-almond\outputs\generated\full_budget_search_20260717\cwe119_vulnerable\runs\perturbed\01_vulnerable_989__temp_variable_split__c2,C:\Users\weijt\Desktop\UNSW\COMP9900\project\capstone-project-26t2-9900-t17a-almond\outputs\generated\full_budget_search_20260717\cwe119_vulnerable\sources\01_vulnerable_989__temp_variable_split__c2.c,split 2 simple assignment(s) through temporary integer variables,
cwe119_vulnerable,01_vulnerable_989,C:\Users\weijt\Desktop\UNSW\COMP9900\project\capstone-project-26t2-9900-t17a-almond\input_sources\cwe119\vulnerable\01_vulnerable_989.c,temp_variable_split,3,3,generated,ran,False,1,1,1.0,1.0,0.0,5566,5588,22,11864,11920,56,C:\Users\weijt\Desktop\UNSW\COMP9900\project\capstone-project-26t2-9900-t17a-almond\outputs\generated\full_budget_search_20260717\cwe119_vulnerable\runs\baseline\01_vulnerable_989,C:\Users\weijt\Desktop\UNSW\COMP9900\project\capstone-project-26t2-9900-t17a-almond\outputs\generated\full_budget_search_20260717\cwe119_vulnerable\runs\perturbed\01_vulnerable_989__temp_variable_split__c3,C:\Users\weijt\Desktop\UNSW\COMP9900\project\capstone-project-26t2-9900-t17a-almond\outputs\generated\full_budget_search_20260717\cwe119_vulnerable\sources\01_vulnerable_989__temp_variable_split__c3.c,split 3 simple assignment(s) through temporary integer variables,
cwe119_vulnerable,01_vulnerable_989,C:\Users\weijt\Desktop\UNSW\COMP9900\project\capstone-project-26t2-9900-t17a-almond\input_sources\cwe119\vulnerable\01_vulnerable_989.c,temp_variable_split,5,5,generated,ran,False,1,1,1.0,1.0,0.0,5566,5602,36,11864,11960,96,C:\Users\weijt\Desktop\UNSW\COMP9900\project\capstone-project-26t2-9900-t17a-almond\outputs\generated\full_budget_search_20260717\cwe119_vulnerable\runs\baseline\01_vulnerable_989,C:\Users\weijt\Desktop\UNSW\COMP9900\project\capstone-project-26t2-9900-t17a-almond\outputs\generated\full_budget_search_20260717\cwe119_vulnerable\runs\perturbed\01_vulnerable_989__temp_variable_split__c5,C:\Users\weijt\Desktop\UNSW\COMP9900\project\capstone-project-26t2-9900-t17a-almond\outputs\generated\full_budget_search_20260717\cwe119_vulnerable\sources\01_vulnerable_989__temp_variable_split__c5.c,split 5 simple assignment(s) through temporary integer variables,
cwe119_vulnerable,02_vulnerable_4064,C:\Users\weijt\Desktop\UNSW\COMP9900\project\capstone-project-26t2-9900-t17a-almond\input_sources\cwe119\vulnerable\02_vulnerable_4064.c,data_flow_alias,1,1,generated,ran,False,1,1,1.0,1.0,0.0,21849,21869,20,48786,48821,35,C:\Users\weijt\Desktop\UNSW\COMP9900\project\capstone-project-26t2-9900-t17a-almond\outputs\generated\full_budget_search_20260717\cwe119_vulnerable\runs\baseline\02_vulnerable_4064,C:\Users\weijt\Desktop\UNSW\COMP9900\project\capstone-project-26t2-9900-t17a-almond\outputs\generated\full_budget_search_20260717\cwe119_vulnerable\runs\perturbed\02_vulnerable_4064__data_flow_alias__c1,C:\Users\weijt\Desktop\UNSW\COMP9900\project\capstone-project-26t2-9900-t17a-almond\outputs\generated\full_budget_search_20260717\cwe119_vulnerable\sources\02_vulnerable_4064__data_flow_alias__c1.c,inserted 1 alias-preserving data-flow no-op(s) near call arguments,
cwe119_vulnerable,02_vulnerable_4064,C:\Users\weijt\Desktop\UNSW\COMP9900\project\capstone-project-26t2-9900-t17a-almond\input_sources\cwe119\vulnerable\02_vulnerable_4064.c,data_flow_alias,2,2,generated,ran,False,1,1,1.0,1.0,0.0,21849,21889,40,48786,48859,73,C:\Users\weijt\Desktop\UNSW\COMP9900\project\capstone-project-26t2-9900-t17a-almond\outputs\generated\full_budget_search_20260717\cwe119_vulnerable\runs\baseline\02_vulnerable_4064,C:\Users\weijt\Desktop\UNSW\COMP9900\project\capstone-project-26t2-9900-t17a-almond\outputs\generated\full_budget_search_20260717\cwe119_vulnerable\runs\perturbed\02_vulnerable_4064__data_flow_alias__c2,C:\Users\weijt\Desktop\UNSW\COMP9900\project\capstone-project-26t2-9900-t17a-almond\outputs\generated\full_budget_search_20260717\cwe119_vulnerable\sources\02_vulnerable_4064__data_flow_alias__c2.c,inserted 2 alias-preserving data-flow no-op(s) near call arguments,
cwe119_vulnerable,02_vulnerable_4064,C:\Users\weijt\Desktop\UNSW\COMP9900\project\capstone-project-26t2-9900-t17a-almond\input_sources\cwe119\vulnerable\02_vulnerable_4064.c,data_flow_alias,3,3,generated,ran,False,1,1,1.0,1.0,0.0,21849,21907,58,48786,48916,130,C:\Users\weijt\Desktop\UNSW\COMP9900\project\capstone-project-26t2-9900-t17a-almond\outputs\generated\full_budget_search_20260717\cwe119_vulnerable\runs\baseline\02_vulnerable_4064,C:\Users\weijt\Desktop\UNSW\COMP9900\project\capstone-project-26t2-9900-t17a-almond\outputs\generated\full_budget_search_20260717\cwe119_vulnerable\runs\perturbed\02_vulnerable_4064__data_flow_alias__c3,C:\Users\weijt\Desktop\UNSW\COMP9900\project\capstone-project-26t2-9900-t17a-almond\outputs\generated\full_budget_search_20260717\cwe119_vulnerable\sources\02_vulnerable_4064__data_flow_alias__c3.c,inserted 3 alias-preserving data-flow no-op(s) near call arguments,
cwe119_vulnerable,02_vulnerable_4064,C:\Users\weijt\Desktop\UNSW\COMP9900\project\capstone-project-26t2-9900-t17a-almond\input_sources\cwe119\vulnerable\02_vulnerable_4064.c,data_flow_alias,5,5,generated,ran,False,1,1,1.0,1.0,0.0,21849,21947,98,48786,48992,206,C:\Users\weijt\Desktop\UNSW\COMP9900\project\capstone-project-26t2-9900-t17a-almond\outputs\generated\full_budget_search_20260717\cwe119_vulnerable\runs\baseline\02_vulnerable_4064,C:\Users\weijt\Desktop\UNSW\COMP9900\project\capstone-project-26t2-9900-t17a-almond\outputs\generated\full_budget_search_20260717\cwe119_vulnerable\runs\perturbed\02_vulnerable_4064__data_flow_alias__c5,C:\Users\weijt\Desktop\UNSW\COMP9900\project\capstone-project-26t2-9900-t17a-almond\outputs\generated\full_budget_search_20260717\cwe119_vulnerable\sources\02_vulnerable_4064__data_flow_alias__c5.c,inserted 5 alias-preserving data-flow no-op(s) near call arguments,
cwe119_vulnerable,02_vulnerable_4064,C:\Users\weijt\Desktop\UNSW\COMP9900\project\capstone-project-26t2-9900-t17a-almond\input_sources\cwe119\vulnerable\02_vulnerable_4064.c,dead_statement,1,1,generated,ran,False,1,1,1.0,1.0,0.0,21849,21861,12,48786,48813,27,C:\Users\weijt\Desktop\UNSW\COMP9900\project\capstone-project-26t2-9900-t17a-almond\outputs\generated\full_budget_search_20260717\cwe119_vulnerable\runs\baseline\02_vulnerable_4064,C:\Users\weijt\Desktop\UNSW\COMP9900\project\capstone-project-26t2-9900-t17a-almond\outputs\generated\full_budget_search_20260717\cwe119_vulnerable\runs\perturbed\02_vulnerable_4064__dead_statement__c1,C:\Users\weijt\Desktop\UNSW\COMP9900\project\capstone-project-26t2-9900-t17a-almond\outputs\generated\full_budget_search_20260717\cwe119_vulnerable\sources\02_vulnerable_4064__dead_statement__c1.c,inserted 1 harmless dummy integer statement pair(s) after first function brace,
cwe119_vulnerable,02_vulnerable_4064,C:\Users\weijt\Desktop\UNSW\COMP9900\project\capstone-project-26t2-9900-t17a-almond\input_sources\cwe119\vulnerable\02_vulnerable_4064.c,dead_statement,2,2,generated,ran,False,1,1,1.0,1.0,0.0,21849,21873,24,48786,48840,54,C:\Users\weijt\Desktop\UNSW\COMP9900\project\capstone-project-26t2-9900-t17a-almond\outputs\generated\full_budget_search_20260717\cwe119_vulnerable\runs\baseline\02_vulnerable_4064,C:\Users\weijt\Desktop\UNSW\COMP9900\project\capstone-project-26t2-9900-t17a-almond\outputs\generated\full_budget_search_20260717\cwe119_vulnerable\runs\perturbed\02_vulnerable_4064__dead_statement__c2,C:\Users\weijt\Desktop\UNSW\COMP9900\project\capstone-project-26t2-9900-t17a-almond\outputs\generated\full_budget_search_20260717\cwe119_vulnerable\sources\02_vulnerable_4064__dead_statement__c2.c,inserted 2 harmless dummy integer statement pair(s) after first function brace,
cwe119_vulnerable,02_vulnerable_4064,C:\Users\weijt\Desktop\UNSW\COMP9900\project\capstone-project-26t2-9900-t17a-almond\input_sources\cwe119\vulnerable\02_vulnerable_4064.c,dead_statement,3,3,generated,ran,False,1,1,1.0,1.0,0.0,21849,21885,36,48786,48867,81,C:\Users\weijt\Desktop\UNSW\COMP9900\project\capstone-project-26t2-9900-t17a-almond\outputs\generated\full_budget_search_20260717\cwe119_vulnerable\runs\baseline\02_vulnerable_4064,C:\Users\weijt\Desktop\UNSW\COMP9900\project\capstone-project-26t2-9900-t17a-almond\outputs\generated\full_budget_search_20260717\cwe119_vulnerable\runs\perturbed\02_vulnerable_4064__dead_statement__c3,C:\Users\weijt\Desktop\UNSW\COMP9900\project\capstone-project-26t2-9900-t17a-almond\outputs\generated\full_budget_search_20260717\cwe119_vulnerable\sources\02_vulnerable_4064__dead_statement__c3.c,inserted 3 harmless dummy integer statement pair(s) after first function brace,
cwe119_vulnerable,02_vulnerable_4064,C:\Users\weijt\Desktop\UNSW\COMP9900\project\capstone-project-26t2-9900-t17a-almond\input_sources\cwe119\vulnerable\02_vulnerable_4064.c,dead_statement,5,5,generated,ran,False,1,1,1.0,1.0,0.0,21849,21909,60,48786,48921,135,C:\Users\weijt\Desktop\UNSW\COMP9900\project\capstone-project-26t2-9900-t17a-almond\outputs\generated\full_budget_search_20260717\cwe119_vulnerable\runs\baseline\02_vulnerable_4064,C:\Users\weijt\Desktop\UNSW\COMP9900\project\capstone-project-26t2-9900-t17a-almond\outputs\generated\full_budget_search_20260717\cwe119_vulnerable\runs\perturbed\02_vulnerable_4064__dead_statement__c5,C:\Users\weijt\Desktop\UNSW\COMP9900\project\capstone-project-26t2-9900-t17a-almond\outputs\generated\full_budget_search_20260717\cwe119_vulnerable\sources\02_vulnerable_4064__dead_statement__c5.c,inserted 5 harmless dummy integer statement pair(s) after first function brace,
cwe119_vulnerable,02_vulnerable_4064,C:\Users\weijt\Desktop\UNSW\COMP9900\project\capstone-project-26t2-9900-t17a-almond\input_sources\cwe119\vulnerable\02_vulnerable_4064.c,xfg_targeted_dead_code,1,1,generated,ran,False,1,1,1.0,1.0,0.0,21849,21865,16,48786,48822,36,C:\Users\weijt\Desktop\UNSW\COMP9900\project\capstone-project-26t2-9900-t17a-almond\outputs\generated\full_budget_search_20260717\cwe119_vulnerable\runs\baseline\02_vulnerable_4064,C:\Users\weijt\Desktop\UNSW\COMP9900\project\capstone-project-26t2-9900-t17a-almond\outputs\generated\full_budget_search_20260717\cwe119_vulnerable\runs\perturbed\02_vulnerable_4064__xfg_targeted_dead_code__c1,C:\Users\weijt\Desktop\UNSW\COMP9900\project\capstone-project-26t2-9900-t17a-almond\outputs\generated\full_budget_search_20260717\cwe119_vulnerable\sources\02_vulnerable_4064__xfg_targeted_dead_code__c1.c,inserted 1 unreachable no-op block(s) near XFG-relevant target lines,
cwe119_vulnerable,02_vulnerable_4064,C:\Users\weijt\Desktop\UNSW\COMP9900\project\capstone-project-26t2-9900-t17a-almond\input_sources\cwe119\vulnerable\02_vulnerable_4064.c,xfg_targeted_dead_code,2,2,generated,ran,False,1,1,1.0,1.0,0.0,21849,21881,32,48786,48858,72,C:\Users\weijt\Desktop\UNSW\COMP9900\project\capstone-project-26t2-9900-t17a-almond\outputs\generated\full_budget_search_20260717\cwe119_vulnerable\runs\baseline\02_vulnerable_4064,C:\Users\weijt\Desktop\UNSW\COMP9900\project\capstone-project-26t2-9900-t17a-almond\outputs\generated\full_budget_search_20260717\cwe119_vulnerable\runs\perturbed\02_vulnerable_4064__xfg_targeted_dead_code__c2,C:\Users\weijt\Desktop\UNSW\COMP9900\project\capstone-project-26t2-9900-t17a-almond\outputs\generated\full_budget_search_20260717\cwe119_vulnerable\sources\02_vulnerable_4064__xfg_targeted_dead_code__c2.c,inserted 2 unreachable no-op block(s) near XFG-relevant target lines,
cwe119_vulnerable,02_vulnerable_4064,C:\Users\weijt\Desktop\UNSW\COMP9900\project\capstone-project-26t2-9900-t17a-almond\input_sources\cwe119\vulnerable\02_vulnerable_4064.c,xfg_targeted_dead_code,3,3,generated,ran,False,1,1,1.0,1.0,0.0,21849,21897,48,48786,48894,108,C:\Users\weijt\Desktop\UNSW\COMP9900\project\capstone-project-26t2-9900-t17a-almond\outputs\generated\full_budget_search_20260717\cwe119_vulnerable\runs\baseline\02_vulnerable_4064,C:\Users\weijt\Desktop\UNSW\COMP9900\project\capstone-project-26t2-9900-t17a-almond\outputs\generated\full_budget_search_20260717\cwe119_vulnerable\runs\perturbed\02_vulnerable_4064__xfg_targeted_dead_code__c3,C:\Users\weijt\Desktop\UNSW\COMP9900\project\capstone-project-26t2-9900-t17a-almond\outputs\generated\full_budget_search_20260717\cwe119_vulnerable\sources\02_vulnerable_4064__xfg_targeted_dead_code__c3.c,inserted 3 unreachable no-op block(s) near XFG-relevant target lines,
cwe119_vulnerable,02_vulnerable_4064,C:\Users\weijt\Desktop\UNSW\COMP9900\project\capstone-project-26t2-9900-t17a-almond\input_sources\cwe119\vulnerable\02_vulnerable_4064.c,xfg_targeted_dead_code,5,5,generated,ran,False,1,1,1.0,1.0,0.0,21849,21929,80,48786,48966,180,C:\Users\weijt\Desktop\UNSW\COMP9900\project\capstone-project-26t2-9900-t17a-almond\outputs\generated\full_budget_search_20260717\cwe119_vulnerable\runs\baseline\02_vulnerable_4064,C:\Users\weijt\Desktop\UNSW\COMP9900\project\capstone-project-26t2-9900-t17a-almond\outputs\generated\full_budget_search_20260717\cwe119_vulnerable\runs\perturbed\02_vulnerable_4064__xfg_targeted_dead_code__c5,C:\Users\weijt\Desktop\UNSW\COMP9900\project\capstone-project-26t2-9900-t17a-almond\outputs\generated\full_budget_search_20260717\cwe119_vulnerable\sources\02_vulnerable_4064__xfg_targeted_dead_code__c5.c,inserted 5 unreachable no-op block(s) near XFG-relevant target lines,
cwe119_vulnerable,02_vulnerable_4064,C:\Users\weijt\Desktop\UNSW\COMP9900\project\capstone-project-26t2-9900-t17a-almond\input_sources\cwe119\vulnerable\02_vulnerable_4064.c,range_clamp,1,1,generated,ran,False,1,1,1.0,1.0,0.0,21849,21879,30,48786,48854,68,C:\Users\weijt\Desktop\UNSW\COMP9900\project\capstone-project-26t2-9900-t17a-almond\outputs\generated\full_budget_search_20260717\cwe119_vulnerable\runs\baseline\02_vulnerable_4064,C:\Users\weijt\Desktop\UNSW\COMP9900\project\capstone-project-26t2-9900-t17a-almond\outputs\generated\full_budget_search_20260717\cwe119_vulnerable\runs\perturbed\02_vulnerable_4064__range_clamp__c1,C:\Users\weijt\Desktop\UNSW\COMP9900\project\capstone-project-26t2-9900-t17a-almond\outputs\generated\full_budget_search_20260717\cwe119_vulnerable\sources\02_vulnerable_4064__range_clamp__c1.c,clamped 1 sensitive sink size/count argument(s) through bounded local variables,
cwe119_vulnerable,02_vulnerable_4064,C:\Users\weijt\Desktop\UNSW\COMP9900\project\capstone-project-26t2-9900-t17a-almond\input_sources\cwe119\vulnerable\02_vulnerable_4064.c,range_clamp,2,2,generated,ran,False,1,1,1.0,1.0,0.0,21849,21909,60,48786,48922,136,C:\Users\weijt\Desktop\UNSW\COMP9900\project\capstone-project-26t2-9900-t17a-almond\outputs\generated\full_budget_search_20260717\cwe119_vulnerable\runs\baseline\02_vulnerable_4064,C:\Users\weijt\Desktop\UNSW\COMP9900\project\capstone-project-26t2-9900-t17a-almond\outputs\generated\full_budget_search_20260717\cwe119_vulnerable\runs\perturbed\02_vulnerable_4064__range_clamp__c2,C:\Users\weijt\Desktop\UNSW\COMP9900\project\capstone-project-26t2-9900-t17a-almond\outputs\generated\full_budget_search_20260717\cwe119_vulnerable\sources\02_vulnerable_4064__range_clamp__c2.c,clamped 2 sensitive sink size/count argument(s) through bounded local variables,
cwe119_vulnerable,02_vulnerable_4064,C:\Users\weijt\Desktop\UNSW\COMP9900\project\capstone-project-26t2-9900-t17a-almond\input_sources\cwe119\vulnerable\02_vulnerable_4064.c,range_clamp,3,3,generated,ran,False,1,1,1.0,1.0,0.0,21849,21939,90,48786,48992,206,C:\Users\weijt\Desktop\UNSW\COMP9900\project\capstone-project-26t2-9900-t17a-almond\outputs\generated\full_budget_search_20260717\cwe119_vulnerable\runs\baseline\02_vulnerable_4064,C:\Users\weijt\Desktop\UNSW\COMP9900\project\capstone-project-26t2-9900-t17a-almond\outputs\generated\full_budget_search_20260717\cwe119_vulnerable\runs\perturbed\02_vulnerable_4064__range_clamp__c3,C:\Users\weijt\Desktop\UNSW\COMP9900\project\capstone-project-26t2-9900-t17a-almond\outputs\generated\full_budget_search_20260717\cwe119_vulnerable\sources\02_vulnerable_4064__range_clamp__c3.c,clamped 3 sensitive sink size/count argument(s) through bounded local variables,
cwe119_vulnerable,02_vulnerable_4064,C:\Users\weijt\Desktop\UNSW\COMP9900\project\capstone-project-26t2-9900-t17a-almond\input_sources\cwe119\vulnerable\02_vulnerable_4064.c,range_clamp,5,5,generated,ran,False,1,1,1.0,1.0,0.0,21849,21999,150,48786,49128,342,C:\Users\weijt\Desktop\UNSW\COMP9900\project\capstone-project-26t2-9900-t17a-almond\outputs\generated\full_budget_search_20260717\cwe119_vulnerable\runs\baseline\02_vulnerable_4064,C:\Users\weijt\Desktop\UNSW\COMP9900\project\capstone-project-26t2-9900-t17a-almond\outputs\generated\full_budget_search_20260717\cwe119_vulnerable\runs\perturbed\02_vulnerable_4064__range_clamp__c5,C:\Users\weijt\Desktop\UNSW\COMP9900\project\capstone-project-26t2-9900-t17a-almond\outputs\generated\full_budget_search_20260717\cwe119_vulnerable\sources\02_vulnerable_4064__range_clamp__c5.c,clamped 5 sensitive sink size/count argument(s) through bounded local variables,
cwe119_vulnerable,02_vulnerable_4064,C:\Users\weijt\Desktop\UNSW\COMP9900\project\capstone-project-26t2-9900-t17a-almond\input_sources\cwe119\vulnerable\02_vulnerable_4064.c,safe_source_substitution,1,0,skipped,ran,,,,,,,,,,,,,C:\Users\weijt\Desktop\UNSW\COMP9900\project\capstone-project-26t2-9900-t17a-almond\outputs\generated\full_budget_search_20260717\cwe119_vulnerable\runs\baseline\02_vulnerable_4064,,,no nested pointer dereference source found,
cwe119_vulnerable,02_vulnerable_4064,C:\Users\weijt\Desktop\UNSW\COMP9900\project\capstone-project-26t2-9900-t17a-almond\input_sources\cwe119\vulnerable\02_vulnerable_4064.c,sink_bound_guard,1,1,generated,ran,False,1,1,1.0,1.0,0.0,21849,21861,12,48786,48807,21,C:\Users\weijt\Desktop\UNSW\COMP9900\project\capstone-project-26t2-9900-t17a-almond\outputs\generated\full_budget_search_20260717\cwe119_vulnerable\runs\baseline\02_vulnerable_4064,C:\Users\weijt\Desktop\UNSW\COMP9900\project\capstone-project-26t2-9900-t17a-almond\outputs\generated\full_budget_search_20260717\cwe119_vulnerable\runs\perturbed\02_vulnerable_4064__sink_bound_guard__c1,C:\Users\weijt\Desktop\UNSW\COMP9900\project\capstone-project-26t2-9900-t17a-almond\outputs\generated\full_budget_search_20260717\cwe119_vulnerable\sources\02_vulnerable_4064__sink_bound_guard__c1.c,inserted 1 early-return bound guard(s) before sensitive sink calls,
cwe119_vulnerable,02_vulnerable_4064,C:\Users\weijt\Desktop\UNSW\COMP9900\project\capstone-project-26t2-9900-t17a-almond\input_sources\cwe119\vulnerable\02_vulnerable_4064.c,sink_bound_guard,2,2,generated,ran,False,1,1,1.0,1.0,0.0,21849,21873,24,48786,48828,42,C:\Users\weijt\Desktop\UNSW\COMP9900\project\capstone-project-26t2-9900-t17a-almond\outputs\generated\full_budget_search_20260717\cwe119_vulnerable\runs\baseline\02_vulnerable_4064,C:\Users\weijt\Desktop\UNSW\COMP9900\project\capstone-project-26t2-9900-t17a-almond\outputs\generated\full_budget_search_20260717\cwe119_vulnerable\runs\perturbed\02_vulnerable_4064__sink_bound_guard__c2,C:\Users\weijt\Desktop\UNSW\COMP9900\project\capstone-project-26t2-9900-t17a-almond\outputs\generated\full_budget_search_20260717\cwe119_vulnerable\sources\02_vulnerable_4064__sink_bound_guard__c2.c,inserted 2 early-return bound guard(s) before sensitive sink calls,
cwe119_vulnerable,02_vulnerable_4064,C:\Users\weijt\Desktop\UNSW\COMP9900\project\capstone-project-26t2-9900-t17a-almond\input_sources\cwe119\vulnerable\02_vulnerable_4064.c,sink_bound_guard,3,3,generated,ran,False,1,1,1.0,1.0,0.0,21849,21887,38,48786,48857,71,C:\Users\weijt\Desktop\UNSW\COMP9900\project\capstone-project-26t2-9900-t17a-almond\outputs\generated\full_budget_search_20260717\cwe119_vulnerable\runs\baseline\02_vulnerable_4064,C:\Users\weijt\Desktop\UNSW\COMP9900\project\capstone-project-26t2-9900-t17a-almond\outputs\generated\full_budget_search_20260717\cwe119_vulnerable\runs\perturbed\02_vulnerable_4064__sink_bound_guard__c3,C:\Users\weijt\Desktop\UNSW\COMP9900\project\capstone-project-26t2-9900-t17a-almond\outputs\generated\full_budget_search_20260717\cwe119_vulnerable\sources\02_vulnerable_4064__sink_bound_guard__c3.c,inserted 3 early-return bound guard(s) before sensitive sink calls,
cwe119_vulnerable,02_vulnerable_4064,C:\Users\weijt\Desktop\UNSW\COMP9900\project\capstone-project-26t2-9900-t17a-almond\input_sources\cwe119\vulnerable\02_vulnerable_4064.c,sink_bound_guard,5,5,generated,ran,False,1,1,1.0,1.0,0.0,21849,21911,62,48786,48898,112,C:\Users\weijt\Desktop\UNSW\COMP9900\project\capstone-project-26t2-9900-t17a-almond\outputs\generated\full_budget_search_20260717\cwe119_vulnerable\runs\baseline\02_vulnerable_4064,C:\Users\weijt\Desktop\UNSW\COMP9900\project\capstone-project-26t2-9900-t17a-almond\outputs\generated\full_budget_search_20260717\cwe119_vulnerable\runs\perturbed\02_vulnerable_4064__sink_bound_guard__c5,C:\Users\weijt\Desktop\UNSW\COMP9900\project\capstone-project-26t2-9900-t17a-almond\outputs\generated\full_budget_search_20260717\cwe119_vulnerable\sources\02_vulnerable_4064__sink_bound_guard__c5.c,inserted 5 early-return bound guard(s) before sensitive sink calls,
cwe119_vulnerable,02_vulnerable_4064,C:\Users\weijt\Desktop\UNSW\COMP9900\project\capstone-project-26t2-9900-t17a-almond\input_sources\cwe119\vulnerable\02_vulnerable_4064.c,postcondition_validation,1,0,skipped,ran,,,,,,,,,,,,,C:\Users\weijt\Desktop\UNSW\COMP9900\project\capstone-project-26t2-9900-t17a-almond\outputs\generated\full_budget_search_20260717\cwe119_vulnerable\runs\baseline\02_vulnerable_4064,,,no matching *_count/*_read pair found for postcondition validation,
cwe119_vulnerable,02_vulnerable_4064,C:\Users\weijt\Desktop\UNSW\COMP9900\project\capstone-project-26t2-9900-t17a-almond\input_sources\cwe119\vulnerable\02_vulnerable_4064.c,integer_overflow_guard,1,0,skipped,ran,,,,,,,,,,,,,C:\Users\weijt\Desktop\UNSW\COMP9900\project\capstone-project-26t2-9900-t17a-almond\outputs\generated\full_budget_search_20260717\cwe119_vulnerable\runs\baseline\02_vulnerable_4064,,,no allocation size addition or multiplication expression found,
cwe119_vulnerable,02_vulnerable_4064,C:\Users\weijt\Desktop\UNSW\COMP9900\project\capstone-project-26t2-9900-t17a-almond\input_sources\cwe119\vulnerable\02_vulnerable_4064.c,array_index_bound_guard,1,1,generated,ran,False,1,1,1.0,1.0,0.0,21849,21883,34,48786,48831,45,C:\Users\weijt\Desktop\UNSW\COMP9900\project\capstone-project-26t2-9900-t17a-almond\outputs\generated\full_budget_search_20260717\cwe119_vulnerable\runs\baseline\02_vulnerable_4064,C:\Users\weijt\Desktop\UNSW\COMP9900\project\capstone-project-26t2-9900-t17a-almond\outputs\generated\full_budget_search_20260717\cwe119_vulnerable\runs\perturbed\02_vulnerable_4064__array_index_bound_guard__c1,C:\Users\weijt\Desktop\UNSW\COMP9900\project\capstone-project-26t2-9900-t17a-almond\outputs\generated\full_budget_search_20260717\cwe119_vulnerable\sources\02_vulnerable_4064__array_index_bound_guard__c1.c,wrapped 1 array write(s) with index lower/upper bound guards,
cwe119_vulnerable,02_vulnerable_4064,C:\Users\weijt\Desktop\UNSW\COMP9900\project\capstone-project-26t2-9900-t17a-almond\input_sources\cwe119\vulnerable\02_vulnerable_4064.c,array_index_bound_guard,2,2,generated,ran,False,1,1,1.0,1.0,0.0,21849,21917,68,48786,48876,90,C:\Users\weijt\Desktop\UNSW\COMP9900\project\capstone-project-26t2-9900-t17a-almond\outputs\generated\full_budget_search_20260717\cwe119_vulnerable\runs\baseline\02_vulnerable_4064,C:\Users\weijt\Desktop\UNSW\COMP9900\project\capstone-project-26t2-9900-t17a-almond\outputs\generated\full_budget_search_20260717\cwe119_vulnerable\runs\perturbed\02_vulnerable_4064__array_index_bound_guard__c2,C:\Users\weijt\Desktop\UNSW\COMP9900\project\capstone-project-26t2-9900-t17a-almond\outputs\generated\full_budget_search_20260717\cwe119_vulnerable\sources\02_vulnerable_4064__array_index_bound_guard__c2.c,wrapped 2 array write(s) with index lower/upper bound guards,
cwe119_vulnerable,02_vulnerable_4064,C:\Users\weijt\Desktop\UNSW\COMP9900\project\capstone-project-26t2-9900-t17a-almond\input_sources\cwe119\vulnerable\02_vulnerable_4064.c,array_index_bound_guard,3,3,generated,ran,False,1,1,1.0,1.0,0.0,21849,21939,90,48786,48910,124,C:\Users\weijt\Desktop\UNSW\COMP9900\project\capstone-project-26t2-9900-t17a-almond\outputs\generated\full_budget_search_20260717\cwe119_vulnerable\runs\baseline\02_vulnerable_4064,C:\Users\weijt\Desktop\UNSW\COMP9900\project\capstone-project-26t2-9900-t17a-almond\outputs\generated\full_budget_search_20260717\cwe119_vulnerable\runs\perturbed\02_vulnerable_4064__array_index_bound_guard__c3,C:\Users\weijt\Desktop\UNSW\COMP9900\project\capstone-project-26t2-9900-t17a-almond\outputs\generated\full_budget_search_20260717\cwe119_vulnerable\sources\02_vulnerable_4064__array_index_bound_guard__c3.c,wrapped 3 array write(s) with index lower/upper bound guards,
cwe119_vulnerable,02_vulnerable_4064,C:\Users\weijt\Desktop\UNSW\COMP9900\project\capstone-project-26t2-9900-t17a-almond\input_sources\cwe119\vulnerable\02_vulnerable_4064.c,array_index_bound_guard,5,5,generated,ran,False,1,1,1.0,1.0,0.0,21849,21987,138,48786,48992,206,C:\Users\weijt\Desktop\UNSW\COMP9900\project\capstone-project-26t2-9900-t17a-almond\outputs\generated\full_budget_search_20260717\cwe119_vulnerable\runs\baseline\02_vulnerable_4064,C:\Users\weijt\Desktop\UNSW\COMP9900\project\capstone-project-26t2-9900-t17a-almond\outputs\generated\full_budget_search_20260717\cwe119_vulnerable\runs\perturbed\02_vulnerable_4064__array_index_bound_guard__c5,C:\Users\weijt\Desktop\UNSW\COMP9900\project\capstone-project-26t2-9900-t17a-almond\outputs\generated\full_budget_search_20260717\cwe119_vulnerable\sources\02_vulnerable_4064__array_index_bound_guard__c5.c,wrapped 5 array write(s) with index lower/upper bound guards,
cwe119_vulnerable,02_vulnerable_4064,C:\Users\weijt\Desktop\UNSW\COMP9900\project\capstone-project-26t2-9900-t17a-almond\input_sources\cwe119\vulnerable\02_vulnerable_4064.c,wide_char_sink_guard,1,0,skipped,ran,,,,,,,,,,,,,C:\Users\weijt\Desktop\UNSW\COMP9900\project\capstone-project-26t2-9900-t17a-almond\outputs\generated\full_budget_search_20260717\cwe119_vulnerable\runs\baseline\02_vulnerable_4064,,,no wcscat/wcscpy wide-character sink found,
cwe119_vulnerable,02_vulnerable_4064,C:\Users\weijt\Desktop\UNSW\COMP9900\project\capstone-project-26t2-9900-t17a-almond\input_sources\cwe119\vulnerable\02_vulnerable_4064.c,pattern_dead_code,1,1,generated,ran,False,1,1,1.0,1.0,0.0,21849,21904,55,48786,48887,101,C:\Users\weijt\Desktop\UNSW\COMP9900\project\capstone-project-26t2-9900-t17a-almond\outputs\generated\full_budget_search_20260717\cwe119_vulnerable\runs\baseline\02_vulnerable_4064,C:\Users\weijt\Desktop\UNSW\COMP9900\project\capstone-project-26t2-9900-t17a-almond\outputs\generated\full_budget_search_20260717\cwe119_vulnerable\runs\perturbed\02_vulnerable_4064__pattern_dead_code__c1,C:\Users\weijt\Desktop\UNSW\COMP9900\project\capstone-project-26t2-9900-t17a-almond\outputs\generated\full_budget_search_20260717\cwe119_vulnerable\sources\02_vulnerable_4064__pattern_dead_code__c1.c,inserted 1 unreachable pointer/array/length pattern block(s) near sensitive or structural lines,
cwe119_vulnerable,02_vulnerable_4064,C:\Users\weijt\Desktop\UNSW\COMP9900\project\capstone-project-26t2-9900-t17a-almond\input_sources\cwe119\vulnerable\02_vulnerable_4064.c,pattern_dead_code,2,2,generated,ran,False,1,1,1.0,1.0,0.0,21849,21959,110,48786,48988,202,C:\Users\weijt\Desktop\UNSW\COMP9900\project\capstone-project-26t2-9900-t17a-almond\outputs\generated\full_budget_search_20260717\cwe119_vulnerable\runs\baseline\02_vulnerable_4064,C:\Users\weijt\Desktop\UNSW\COMP9900\project\capstone-project-26t2-9900-t17a-almond\outputs\generated\full_budget_search_20260717\cwe119_vulnerable\runs\perturbed\02_vulnerable_4064__pattern_dead_code__c2,C:\Users\weijt\Desktop\UNSW\COMP9900\project\capstone-project-26t2-9900-t17a-almond\outputs\generated\full_budget_search_20260717\cwe119_vulnerable\sources\02_vulnerable_4064__pattern_dead_code__c2.c,inserted 2 unreachable pointer/array/length pattern block(s) near sensitive or structural lines,
cwe119_vulnerable,02_vulnerable_4064,C:\Users\weijt\Desktop\UNSW\COMP9900\project\capstone-project-26t2-9900-t17a-almond\input_sources\cwe119\vulnerable\02_vulnerable_4064.c,pattern_dead_code,3,3,generated,ran,False,1,1,1.0,1.0,0.0,21849,22014,165,48786,49089,303,C:\Users\weijt\Desktop\UNSW\COMP9900\project\capstone-project-26t2-9900-t17a-almond\outputs\generated\full_budget_search_20260717\cwe119_vulnerable\runs\baseline\02_vulnerable_4064,C:\Users\weijt\Desktop\UNSW\COMP9900\project\capstone-project-26t2-9900-t17a-almond\outputs\generated\full_budget_search_20260717\cwe119_vulnerable\runs\perturbed\02_vulnerable_4064__pattern_dead_code__c3,C:\Users\weijt\Desktop\UNSW\COMP9900\project\capstone-project-26t2-9900-t17a-almond\outputs\generated\full_budget_search_20260717\cwe119_vulnerable\sources\02_vulnerable_4064__pattern_dead_code__c3.c,inserted 3 unreachable pointer/array/length pattern block(s) near sensitive or structural lines,
cwe119_vulnerable,02_vulnerable_4064,C:\Users\weijt\Desktop\UNSW\COMP9900\project\capstone-project-26t2-9900-t17a-almond\input_sources\cwe119\vulnerable\02_vulnerable_4064.c,pattern_dead_code,5,5,generated,ran,False,1,1,1.0,1.0,0.0,21849,22124,275,48786,49291,505,C:\Users\weijt\Desktop\UNSW\COMP9900\project\capstone-project-26t2-9900-t17a-almond\outputs\generated\full_budget_search_20260717\cwe119_vulnerable\runs\baseline\02_vulnerable_4064,C:\Users\weijt\Desktop\UNSW\COMP9900\project\capstone-project-26t2-9900-t17a-almond\outputs\generated\full_budget_search_20260717\cwe119_vulnerable\runs\perturbed\02_vulnerable_4064__pattern_dead_code__c5,C:\Users\weijt\Desktop\UNSW\COMP9900\project\capstone-project-26t2-9900-t17a-almond\outputs\generated\full_budget_search_20260717\cwe119_vulnerable\sources\02_vulnerable_4064__pattern_dead_code__c5.c,inserted 5 unreachable pointer/array/length pattern block(s) near sensitive or structural lines,
cwe119_vulnerable,02_vulnerable_4064,C:\Users\weijt\Desktop\UNSW\COMP9900\project\capstone-project-26t2-9900-t17a-almond\input_sources\cwe119\vulnerable\02_vulnerable_4064.c,control_wrapper,1,1,generated,ran,False,1,1,1.0,1.0,0.0,21849,21853,4,48786,48798,12,C:\Users\weijt\Desktop\UNSW\COMP9900\project\capstone-project-26t2-9900-t17a-almond\outputs\generated\full_budget_search_20260717\cwe119_vulnerable\runs\baseline\02_vulnerable_4064,C:\Users\weijt\Desktop\UNSW\COMP9900\project\capstone-project-26t2-9900-t17a-almond\outputs\generated\full_budget_search_20260717\cwe119_vulnerable\runs\perturbed\02_vulnerable_4064__control_wrapper__c1,C:\Users\weijt\Desktop\UNSW\COMP9900\project\capstone-project-26t2-9900-t17a-almond\outputs\generated\full_budget_search_20260717\cwe119_vulnerable\sources\02_vulnerable_4064__control_wrapper__c1.c,wrapped 1 safe single-line statement(s) with if (1) blocks,
cwe119_vulnerable,02_vulnerable_4064,C:\Users\weijt\Desktop\UNSW\COMP9900\project\capstone-project-26t2-9900-t17a-almond\input_sources\cwe119\vulnerable\02_vulnerable_4064.c,control_wrapper,2,2,generated,ran,False,1,1,1.0,1.0,0.0,21849,21857,8,48786,48808,22,C:\Users\weijt\Desktop\UNSW\COMP9900\project\capstone-project-26t2-9900-t17a-almond\outputs\generated\full_budget_search_20260717\cwe119_vulnerable\runs\baseline\02_vulnerable_4064,C:\Users\weijt\Desktop\UNSW\COMP9900\project\capstone-project-26t2-9900-t17a-almond\outputs\generated\full_budget_search_20260717\cwe119_vulnerable\runs\perturbed\02_vulnerable_4064__control_wrapper__c2,C:\Users\weijt\Desktop\UNSW\COMP9900\project\capstone-project-26t2-9900-t17a-almond\outputs\generated\full_budget_search_20260717\cwe119_vulnerable\sources\02_vulnerable_4064__control_wrapper__c2.c,wrapped 2 safe single-line statement(s) with if (1) blocks,
cwe119_vulnerable,02_vulnerable_4064,C:\Users\weijt\Desktop\UNSW\COMP9900\project\capstone-project-26t2-9900-t17a-almond\input_sources\cwe119\vulnerable\02_vulnerable_4064.c,control_wrapper,3,3,generated,ran,False,1,1,1.0,1.0,0.0,21849,21861,12,48786,48824,38,C:\Users\weijt\Desktop\UNSW\COMP9900\project\capstone-project-26t2-9900-t17a-almond\outputs\generated\full_budget_search_20260717\cwe119_vulnerable\runs\baseline\02_vulnerable_4064,C:\Users\weijt\Desktop\UNSW\COMP9900\project\capstone-project-26t2-9900-t17a-almond\outputs\generated\full_budget_search_20260717\cwe119_vulnerable\runs\perturbed\02_vulnerable_4064__control_wrapper__c3,C:\Users\weijt\Desktop\UNSW\COMP9900\project\capstone-project-26t2-9900-t17a-almond\outputs\generated\full_budget_search_20260717\cwe119_vulnerable\sources\02_vulnerable_4064__control_wrapper__c3.c,wrapped 3 safe single-line statement(s) with if (1) blocks,
cwe119_vulnerable,02_vulnerable_4064,C:\Users\weijt\Desktop\UNSW\COMP9900\project\capstone-project-26t2-9900-t17a-almond\input_sources\cwe119\vulnerable\02_vulnerable_4064.c,control_wrapper,5,5,generated,ran,False,1,1,1.0,1.0,0.0,21849,21869,20,48786,48843,57,C:\Users\weijt\Desktop\UNSW\COMP9900\project\capstone-project-26t2-9900-t17a-almond\outputs\generated\full_budget_search_20260717\cwe119_vulnerable\runs\baseline\02_vulnerable_4064,C:\Users\weijt\Desktop\UNSW\COMP9900\project\capstone-project-26t2-9900-t17a-almond\outputs\generated\full_budget_search_20260717\cwe119_vulnerable\runs\perturbed\02_vulnerable_4064__control_wrapper__c5,C:\Users\weijt\Desktop\UNSW\COMP9900\project\capstone-project-26t2-9900-t17a-almond\outputs\generated\full_budget_search_20260717\cwe119_vulnerable\sources\02_vulnerable_4064__control_wrapper__c5.c,wrapped 5 safe single-line statement(s) with if (1) blocks,
cwe119_vulnerable,02_vulnerable_4064,C:\Users\weijt\Desktop\UNSW\COMP9900\project\capstone-project-26t2-9900-t17a-almond\input_sources\cwe119\vulnerable\02_vulnerable_4064.c,temp_variable_split,1,1,generated,ran,False,1,1,1.0,1.0,0.0,21849,21857,8,48786,48803,17,C:\Users\weijt\Desktop\UNSW\COMP9900\project\capstone-project-26t2-9900-t17a-almond\outputs\generated\full_budget_search_20260717\cwe119_vulnerable\runs\baseline\02_vulnerable_4064,C:\Users\weijt\Desktop\UNSW\COMP9900\project\capstone-project-26t2-9900-t17a-almond\outputs\generated\full_budget_search_20260717\cwe119_vulnerable\runs\perturbed\02_vulnerable_4064__temp_variable_split__c1,C:\Users\weijt\Desktop\UNSW\COMP9900\project\capstone-project-26t2-9900-t17a-almond\outputs\generated\full_budget_search_20260717\cwe119_vulnerable\sources\02_vulnerable_4064__temp_variable_split__c1.c,split 1 simple assignment(s) through temporary integer variables,
cwe119_vulnerable,02_vulnerable_4064,C:\Users\weijt\Desktop\UNSW\COMP9900\project\capstone-project-26t2-9900-t17a-almond\input_sources\cwe119\vulnerable\02_vulnerable_4064.c,temp_variable_split,2,2,generated,ran,False,1,1,1.0,1.0,0.0,21849,21865,16,48786,48821,35,C:\Users\weijt\Desktop\UNSW\COMP9900\project\capstone-project-26t2-9900-t17a-almond\outputs\generated\full_budget_search_20260717\cwe119_vulnerable\runs\baseline\02_vulnerable_4064,C:\Users\weijt\Desktop\UNSW\COMP9900\project\capstone-project-26t2-9900-t17a-almond\outputs\generated\full_budget_search_20260717\cwe119_vulnerable\runs\perturbed\02_vulnerable_4064__temp_variable_split__c2,C:\Users\weijt\Desktop\UNSW\COMP9900\project\capstone-project-26t2-9900-t17a-almond\outputs\generated\full_budget_search_20260717\cwe119_vulnerable\sources\02_vulnerable_4064__temp_variable_split__c2.c,split 2 simple assignment(s) through temporary integer variables,
cwe119_vulnerable,02_vulnerable_4064,C:\Users\weijt\Desktop\UNSW\COMP9900\project\capstone-project-26t2-9900-t17a-almond\input_sources\cwe119\vulnerable\02_vulnerable_4064.c,temp_variable_split,3,3,generated,ran,False,1,1,1.0,1.0,0.0,21849,21873,24,48786,48838,52,C:\Users\weijt\Desktop\UNSW\COMP9900\project\capstone-project-26t2-9900-t17a-almond\outputs\generated\full_budget_search_20260717\cwe119_vulnerable\runs\baseline\02_vulnerable_4064,C:\Users\weijt\Desktop\UNSW\COMP9900\project\capstone-project-26t2-9900-t17a-almond\outputs\generated\full_budget_search_20260717\cwe119_vulnerable\runs\perturbed\02_vulnerable_4064__temp_variable_split__c3,C:\Users\weijt\Desktop\UNSW\COMP9900\project\capstone-project-26t2-9900-t17a-almond\outputs\generated\full_budget_search_20260717\cwe119_vulnerable\sources\02_vulnerable_4064__temp_variable_split__c3.c,split 3 simple assignment(s) through temporary integer variables,
cwe119_vulnerable,02_vulnerable_4064,C:\Users\weijt\Desktop\UNSW\COMP9900\project\capstone-project-26t2-9900-t17a-almond\input_sources\cwe119\vulnerable\02_vulnerable_4064.c,temp_variable_split,5,5,generated,ran,False,1,1,1.0,1.0,0.0,21849,21889,40,48786,48874,88,C:\Users\weijt\Desktop\UNSW\COMP9900\project\capstone-project-26t2-9900-t17a-almond\outputs\generated\full_budget_search_20260717\cwe119_vulnerable\runs\baseline\02_vulnerable_4064,C:\Users\weijt\Desktop\UNSW\COMP9900\project\capstone-project-26t2-9900-t17a-almond\outputs\generated\full_budget_search_20260717\cwe119_vulnerable\runs\perturbed\02_vulnerable_4064__temp_variable_split__c5,C:\Users\weijt\Desktop\UNSW\COMP9900\project\capstone-project-26t2-9900-t17a-almond\outputs\generated\full_budget_search_20260717\cwe119_vulnerable\sources\02_vulnerable_4064__temp_variable_split__c5.c,split 5 simple assignment(s) through temporary integer variables,
cwe119_vulnerable,03_vulnerable_30,C:\Users\weijt\Desktop\UNSW\COMP9900\project\capstone-project-26t2-9900-t17a-almond\input_sources\cwe119\vulnerable\03_vulnerable_30.c,data_flow_alias,1,1,generated,ran,False,1,1,1.0,1.0,0.0,579,597,18,1099,1156,57,C:\Users\weijt\Desktop\UNSW\COMP9900\project\capstone-project-26t2-9900-t17a-almond\outputs\generated\full_budget_search_20260717\cwe119_vulnerable\runs\baseline\03_vulnerable_30,C:\Users\weijt\Desktop\UNSW\COMP9900\project\capstone-project-26t2-9900-t17a-almond\outputs\generated\full_budget_search_20260717\cwe119_vulnerable\runs\perturbed\03_vulnerable_30__data_flow_alias__c1,C:\Users\weijt\Desktop\UNSW\COMP9900\project\capstone-project-26t2-9900-t17a-almond\outputs\generated\full_budget_search_20260717\cwe119_vulnerable\sources\03_vulnerable_30__data_flow_alias__c1.c,inserted 1 alias-preserving data-flow no-op(s) near call arguments,
cwe119_vulnerable,03_vulnerable_30,C:\Users\weijt\Desktop\UNSW\COMP9900\project\capstone-project-26t2-9900-t17a-almond\input_sources\cwe119\vulnerable\03_vulnerable_30.c,data_flow_alias,2,2,generated,ran,False,1,1,1.0,1.0,0.0,579,613,34,1099,1187,88,C:\Users\weijt\Desktop\UNSW\COMP9900\project\capstone-project-26t2-9900-t17a-almond\outputs\generated\full_budget_search_20260717\cwe119_vulnerable\runs\baseline\03_vulnerable_30,C:\Users\weijt\Desktop\UNSW\COMP9900\project\capstone-project-26t2-9900-t17a-almond\outputs\generated\full_budget_search_20260717\cwe119_vulnerable\runs\perturbed\03_vulnerable_30__data_flow_alias__c2,C:\Users\weijt\Desktop\UNSW\COMP9900\project\capstone-project-26t2-9900-t17a-almond\outputs\generated\full_budget_search_20260717\cwe119_vulnerable\sources\03_vulnerable_30__data_flow_alias__c2.c,inserted 2 alias-preserving data-flow no-op(s) near call arguments,
cwe119_vulnerable,03_vulnerable_30,C:\Users\weijt\Desktop\UNSW\COMP9900\project\capstone-project-26t2-9900-t17a-almond\input_sources\cwe119\vulnerable\03_vulnerable_30.c,data_flow_alias,3,3,generated,ran,False,1,1,1.0,1.0,0.0,579,633,54,1099,1225,126,C:\Users\weijt\Desktop\UNSW\COMP9900\project\capstone-project-26t2-9900-t17a-almond\outputs\generated\full_budget_search_20260717\cwe119_vulnerable\runs\baseline\03_vulnerable_30,C:\Users\weijt\Desktop\UNSW\COMP9900\project\capstone-project-26t2-9900-t17a-almond\outputs\generated\full_budget_search_20260717\cwe119_vulnerable\runs\perturbed\03_vulnerable_30__data_flow_alias__c3,C:\Users\weijt\Desktop\UNSW\COMP9900\project\capstone-project-26t2-9900-t17a-almond\outputs\generated\full_budget_search_20260717\cwe119_vulnerable\sources\03_vulnerable_30__data_flow_alias__c3.c,inserted 3 alias-preserving data-flow no-op(s) near call arguments,
cwe119_vulnerable,03_vulnerable_30,C:\Users\weijt\Desktop\UNSW\COMP9900\project\capstone-project-26t2-9900-t17a-almond\input_sources\cwe119\vulnerable\03_vulnerable_30.c,data_flow_alias,5,5,generated,ran,False,1,1,1.0,1.0,0.0,579,673,94,1099,1302,203,C:\Users\weijt\Desktop\UNSW\COMP9900\project\capstone-project-26t2-9900-t17a-almond\outputs\generated\full_budget_search_20260717\cwe119_vulnerable\runs\baseline\03_vulnerable_30,C:\Users\weijt\Desktop\UNSW\COMP9900\project\capstone-project-26t2-9900-t17a-almond\outputs\generated\full_budget_search_20260717\cwe119_vulnerable\runs\perturbed\03_vulnerable_30__data_flow_alias__c5,C:\Users\weijt\Desktop\UNSW\COMP9900\project\capstone-project-26t2-9900-t17a-almond\outputs\generated\full_budget_search_20260717\cwe119_vulnerable\sources\03_vulnerable_30__data_flow_alias__c5.c,inserted 5 alias-preserving data-flow no-op(s) near call arguments,
cwe119_vulnerable,03_vulnerable_30,C:\Users\weijt\Desktop\UNSW\COMP9900\project\capstone-project-26t2-9900-t17a-almond\input_sources\cwe119\vulnerable\03_vulnerable_30.c,dead_statement,1,1,generated,ran,False,1,1,1.0,1.0,0.0,579,591,12,1099,1126,27,C:\Users\weijt\Desktop\UNSW\COMP9900\project\capstone-project-26t2-9900-t17a-almond\outputs\generated\full_budget_search_20260717\cwe119_vulnerable\runs\baseline\03_vulnerable_30,C:\Users\weijt\Desktop\UNSW\COMP9900\project\capstone-project-26t2-9900-t17a-almond\outputs\generated\full_budget_search_20260717\cwe119_vulnerable\runs\perturbed\03_vulnerable_30__dead_statement__c1,C:\Users\weijt\Desktop\UNSW\COMP9900\project\capstone-project-26t2-9900-t17a-almond\outputs\generated\full_budget_search_20260717\cwe119_vulnerable\sources\03_vulnerable_30__dead_statement__c1.c,inserted 1 harmless dummy integer statement pair(s) after first function brace,
cwe119_vulnerable,03_vulnerable_30,C:\Users\weijt\Desktop\UNSW\COMP9900\project\capstone-project-26t2-9900-t17a-almond\input_sources\cwe119\vulnerable\03_vulnerable_30.c,dead_statement,2,2,generated,ran,False,1,1,1.0,1.0,0.0,579,603,24,1099,1153,54,C:\Users\weijt\Desktop\UNSW\COMP9900\project\capstone-project-26t2-9900-t17a-almond\outputs\generated\full_budget_search_20260717\cwe119_vulnerable\runs\baseline\03_vulnerable_30,C:\Users\weijt\Desktop\UNSW\COMP9900\project\capstone-project-26t2-9900-t17a-almond\outputs\generated\full_budget_search_20260717\cwe119_vulnerable\runs\perturbed\03_vulnerable_30__dead_statement__c2,C:\Users\weijt\Desktop\UNSW\COMP9900\project\capstone-project-26t2-9900-t17a-almond\outputs\generated\full_budget_search_20260717\cwe119_vulnerable\sources\03_vulnerable_30__dead_statement__c2.c,inserted 2 harmless dummy integer statement pair(s) after first function brace,
cwe119_vulnerable,03_vulnerable_30,C:\Users\weijt\Desktop\UNSW\COMP9900\project\capstone-project-26t2-9900-t17a-almond\input_sources\cwe119\vulnerable\03_vulnerable_30.c,dead_statement,3,3,generated,ran,False,1,1,1.0,1.0,0.0,579,615,36,1099,1180,81,C:\Users\weijt\Desktop\UNSW\COMP9900\project\capstone-project-26t2-9900-t17a-almond\outputs\generated\full_budget_search_20260717\cwe119_vulnerable\runs\baseline\03_vulnerable_30,C:\Users\weijt\Desktop\UNSW\COMP9900\project\capstone-project-26t2-9900-t17a-almond\outputs\generated\full_budget_search_20260717\cwe119_vulnerable\runs\perturbed\03_vulnerable_30__dead_statement__c3,C:\Users\weijt\Desktop\UNSW\COMP9900\project\capstone-project-26t2-9900-t17a-almond\outputs\generated\full_budget_search_20260717\cwe119_vulnerable\sources\03_vulnerable_30__dead_statement__c3.c,inserted 3 harmless dummy integer statement pair(s) after first function brace,
cwe119_vulnerable,03_vulnerable_30,C:\Users\weijt\Desktop\UNSW\COMP9900\project\capstone-project-26t2-9900-t17a-almond\input_sources\cwe119\vulnerable\03_vulnerable_30.c,dead_statement,5,5,generated,ran,False,1,1,1.0,1.0,0.0,579,639,60,1099,1234,135,C:\Users\weijt\Desktop\UNSW\COMP9900\project\capstone-project-26t2-9900-t17a-almond\outputs\generated\full_budget_search_20260717\cwe119_vulnerable\runs\baseline\03_vulnerable_30,C:\Users\weijt\Desktop\UNSW\COMP9900\project\capstone-project-26t2-9900-t17a-almond\outputs\generated\full_budget_search_20260717\cwe119_vulnerable\runs\perturbed\03_vulnerable_30__dead_statement__c5,C:\Users\weijt\Desktop\UNSW\COMP9900\project\capstone-project-26t2-9900-t17a-almond\outputs\generated\full_budget_search_20260717\cwe119_vulnerable\sources\03_vulnerable_30__dead_statement__c5.c,inserted 5 harmless dummy integer statement pair(s) after first function brace,
cwe119_vulnerable,03_vulnerable_30,C:\Users\weijt\Desktop\UNSW\COMP9900\project\capstone-project-26t2-9900-t17a-almond\input_sources\cwe119\vulnerable\03_vulnerable_30.c,xfg_targeted_dead_code,1,1,generated,ran,False,1,1,1.0,1.0,0.0,579,595,16,1099,1135,36,C:\Users\weijt\Desktop\UNSW\COMP9900\project\capstone-project-26t2-9900-t17a-almond\outputs\generated\full_budget_search_20260717\cwe119_vulnerable\runs\baseline\03_vulnerable_30,C:\Users\weijt\Desktop\UNSW\COMP9900\project\capstone-project-26t2-9900-t17a-almond\outputs\generated\full_budget_search_20260717\cwe119_vulnerable\runs\perturbed\03_vulnerable_30__xfg_targeted_dead_code__c1,C:\Users\weijt\Desktop\UNSW\COMP9900\project\capstone-project-26t2-9900-t17a-almond\outputs\generated\full_budget_search_20260717\cwe119_vulnerable\sources\03_vulnerable_30__xfg_targeted_dead_code__c1.c,inserted 1 unreachable no-op block(s) near XFG-relevant target lines,
cwe119_vulnerable,03_vulnerable_30,C:\Users\weijt\Desktop\UNSW\COMP9900\project\capstone-project-26t2-9900-t17a-almond\input_sources\cwe119\vulnerable\03_vulnerable_30.c,xfg_targeted_dead_code,2,2,generated,ran,False,1,1,1.0,1.0,0.0,579,611,32,1099,1171,72,C:\Users\weijt\Desktop\UNSW\COMP9900\project\capstone-project-26t2-9900-t17a-almond\outputs\generated\full_budget_search_20260717\cwe119_vulnerable\runs\baseline\03_vulnerable_30,C:\Users\weijt\Desktop\UNSW\COMP9900\project\capstone-project-26t2-9900-t17a-almond\outputs\generated\full_budget_search_20260717\cwe119_vulnerable\runs\perturbed\03_vulnerable_30__xfg_targeted_dead_code__c2,C:\Users\weijt\Desktop\UNSW\COMP9900\project\capstone-project-26t2-9900-t17a-almond\outputs\generated\full_budget_search_20260717\cwe119_vulnerable\sources\03_vulnerable_30__xfg_targeted_dead_code__c2.c,inserted 2 unreachable no-op block(s) near XFG-relevant target lines,
cwe119_vulnerable,03_vulnerable_30,C:\Users\weijt\Desktop\UNSW\COMP9900\project\capstone-project-26t2-9900-t17a-almond\input_sources\cwe119\vulnerable\03_vulnerable_30.c,xfg_targeted_dead_code,3,3,generated,ran,False,1,1,1.0,1.0,0.0,579,627,48,1099,1207,108,C:\Users\weijt\Desktop\UNSW\COMP9900\project\capstone-project-26t2-9900-t17a-almond\outputs\generated\full_budget_search_20260717\cwe119_vulnerable\runs\baseline\03_vulnerable_30,C:\Users\weijt\Desktop\UNSW\COMP9900\project\capstone-project-26t2-9900-t17a-almond\outputs\generated\full_budget_search_20260717\cwe119_vulnerable\runs\perturbed\03_vulnerable_30__xfg_targeted_dead_code__c3,C:\Users\weijt\Desktop\UNSW\COMP9900\project\capstone-project-26t2-9900-t17a-almond\outputs\generated\full_budget_search_20260717\cwe119_vulnerable\sources\03_vulnerable_30__xfg_targeted_dead_code__c3.c,inserted 3 unreachable no-op block(s) near XFG-relevant target lines,
cwe119_vulnerable,03_vulnerable_30,C:\Users\weijt\Desktop\UNSW\COMP9900\project\capstone-project-26t2-9900-t17a-almond\input_sources\cwe119\vulnerable\03_vulnerable_30.c,xfg_targeted_dead_code,5,5,generated,ran,False,1,1,1.0,1.0,0.0,579,659,80,1099,1279,180,C:\Users\weijt\Desktop\UNSW\COMP9900\project\capstone-project-26t2-9900-t17a-almond\outputs\generated\full_budget_search_20260717\cwe119_vulnerable\runs\baseline\03_vulnerable_30,C:\Users\weijt\Desktop\UNSW\COMP9900\project\capstone-project-26t2-9900-t17a-almond\outputs\generated\full_budget_search_20260717\cwe119_vulnerable\runs\perturbed\03_vulnerable_30__xfg_targeted_dead_code__c5,C:\Users\weijt\Desktop\UNSW\COMP9900\project\capstone-project-26t2-9900-t17a-almond\outputs\generated\full_budget_search_20260717\cwe119_vulnerable\sources\03_vulnerable_30__xfg_targeted_dead_code__c5.c,inserted 5 unreachable no-op block(s) near XFG-relevant target lines,
cwe119_vulnerable,03_vulnerable_30,C:\Users\weijt\Desktop\UNSW\COMP9900\project\capstone-project-26t2-9900-t17a-almond\input_sources\cwe119\vulnerable\03_vulnerable_30.c,range_clamp,1,1,generated,ran,False,1,1,1.0,1.0,0.0,579,609,30,1099,1167,68,C:\Users\weijt\Desktop\UNSW\COMP9900\project\capstone-project-26t2-9900-t17a-almond\outputs\generated\full_budget_search_20260717\cwe119_vulnerable\runs\baseline\03_vulnerable_30,C:\Users\weijt\Desktop\UNSW\COMP9900\project\capstone-project-26t2-9900-t17a-almond\outputs\generated\full_budget_search_20260717\cwe119_vulnerable\runs\perturbed\03_vulnerable_30__range_clamp__c1,C:\Users\weijt\Desktop\UNSW\COMP9900\project\capstone-project-26t2-9900-t17a-almond\outputs\generated\full_budget_search_20260717\cwe119_vulnerable\sources\03_vulnerable_30__range_clamp__c1.c,clamped 1 sensitive sink size/count argument(s) through bounded local variables,
cwe119_vulnerable,03_vulnerable_30,C:\Users\weijt\Desktop\UNSW\COMP9900\project\capstone-project-26t2-9900-t17a-almond\input_sources\cwe119\vulnerable\03_vulnerable_30.c,range_clamp,2,2,generated,ran,False,1,1,1.0,1.0,0.0,579,639,60,1099,1235,136,C:\Users\weijt\Desktop\UNSW\COMP9900\project\capstone-project-26t2-9900-t17a-almond\outputs\generated\full_budget_search_20260717\cwe119_vulnerable\runs\baseline\03_vulnerable_30,C:\Users\weijt\Desktop\UNSW\COMP9900\project\capstone-project-26t2-9900-t17a-almond\outputs\generated\full_budget_search_20260717\cwe119_vulnerable\runs\perturbed\03_vulnerable_30__range_clamp__c2,C:\Users\weijt\Desktop\UNSW\COMP9900\project\capstone-project-26t2-9900-t17a-almond\outputs\generated\full_budget_search_20260717\cwe119_vulnerable\sources\03_vulnerable_30__range_clamp__c2.c,clamped 2 sensitive sink size/count argument(s) through bounded local variables,
cwe119_vulnerable,03_vulnerable_30,C:\Users\weijt\Desktop\UNSW\COMP9900\project\capstone-project-26t2-9900-t17a-almond\input_sources\cwe119\vulnerable\03_vulnerable_30.c,range_clamp,3,3,generated,ran,False,1,1,1.0,1.0,0.0,579,669,90,1099,1303,204,C:\Users\weijt\Desktop\UNSW\COMP9900\project\capstone-project-26t2-9900-t17a-almond\outputs\generated\full_budget_search_20260717\cwe119_vulnerable\runs\baseline\03_vulnerable_30,C:\Users\weijt\Desktop\UNSW\COMP9900\project\capstone-project-26t2-9900-t17a-almond\outputs\generated\full_budget_search_20260717\cwe119_vulnerable\runs\perturbed\03_vulnerable_30__range_clamp__c3,C:\Users\weijt\Desktop\UNSW\COMP9900\project\capstone-project-26t2-9900-t17a-almond\outputs\generated\full_budget_search_20260717\cwe119_vulnerable\sources\03_vulnerable_30__range_clamp__c3.c,clamped 3 sensitive sink size/count argument(s) through bounded local variables,
cwe119_vulnerable,03_vulnerable_30,C:\Users\weijt\Desktop\UNSW\COMP9900\project\capstone-project-26t2-9900-t17a-almond\input_sources\cwe119\vulnerable\03_vulnerable_30.c,range_clamp,5,3,partial,run_partial,False,1,1,1.0,1.0,0.0,579,669,90,1099,1303,204,C:\Users\weijt\Desktop\UNSW\COMP9900\project\capstone-project-26t2-9900-t17a-almond\outputs\generated\full_budget_search_20260717\cwe119_vulnerable\runs\baseline\03_vulnerable_30,C:\Users\weijt\Desktop\UNSW\COMP9900\project\capstone-project-26t2-9900-t17a-almond\outputs\generated\full_budget_search_20260717\cwe119_vulnerable\runs\perturbed\03_vulnerable_30__range_clamp__c5,C:\Users\weijt\Desktop\UNSW\COMP9900\project\capstone-project-26t2-9900-t17a-almond\outputs\generated\full_budget_search_20260717\cwe119_vulnerable\sources\03_vulnerable_30__range_clamp__c5.c,clamped 3 sensitive sink size/count argument(s) through bounded local variables,
cwe119_vulnerable,03_vulnerable_30,C:\Users\weijt\Desktop\UNSW\COMP9900\project\capstone-project-26t2-9900-t17a-almond\input_sources\cwe119\vulnerable\03_vulnerable_30.c,safe_source_substitution,1,0,skipped,ran,,,,,,,,,,,,,C:\Users\weijt\Desktop\UNSW\COMP9900\project\capstone-project-26t2-9900-t17a-almond\outputs\generated\full_budget_search_20260717\cwe119_vulnerable\runs\baseline\03_vulnerable_30,,,no nested pointer dereference source found,
cwe119_vulnerable,03_vulnerable_30,C:\Users\weijt\Desktop\UNSW\COMP9900\project\capstone-project-26t2-9900-t17a-almond\input_sources\cwe119\vulnerable\03_vulnerable_30.c,sink_bound_guard,1,1,generated,ran,False,1,1,1.0,1.0,0.0,579,591,12,1099,1128,29,C:\Users\weijt\Desktop\UNSW\COMP9900\project\capstone-project-26t2-9900-t17a-almond\outputs\generated\full_budget_search_20260717\cwe119_vulnerable\runs\baseline\03_vulnerable_30,C:\Users\weijt\Desktop\UNSW\COMP9900\project\capstone-project-26t2-9900-t17a-almond\outputs\generated\full_budget_search_20260717\cwe119_vulnerable\runs\perturbed\03_vulnerable_30__sink_bound_guard__c1,C:\Users\weijt\Desktop\UNSW\COMP9900\project\capstone-project-26t2-9900-t17a-almond\outputs\generated\full_budget_search_20260717\cwe119_vulnerable\sources\03_vulnerable_30__sink_bound_guard__c1.c,inserted 1 early-return bound guard(s) before sensitive sink calls,
cwe119_vulnerable,03_vulnerable_30,C:\Users\weijt\Desktop\UNSW\COMP9900\project\capstone-project-26t2-9900-t17a-almond\input_sources\cwe119\vulnerable\03_vulnerable_30.c,sink_bound_guard,2,2,generated,ran,False,1,1,1.0,1.0,0.0,579,603,24,1099,1157,58,C:\Users\weijt\Desktop\UNSW\COMP9900\project\capstone-project-26t2-9900-t17a-almond\outputs\generated\full_budget_search_20260717\cwe119_vulnerable\runs\baseline\03_vulnerable_30,C:\Users\weijt\Desktop\UNSW\COMP9900\project\capstone-project-26t2-9900-t17a-almond\outputs\generated\full_budget_search_20260717\cwe119_vulnerable\runs\perturbed\03_vulnerable_30__sink_bound_guard__c2,C:\Users\weijt\Desktop\UNSW\COMP9900\project\capstone-project-26t2-9900-t17a-almond\outputs\generated\full_budget_search_20260717\cwe119_vulnerable\sources\03_vulnerable_30__sink_bound_guard__c2.c,inserted 2 early-return bound guard(s) before sensitive sink calls,
cwe119_vulnerable,03_vulnerable_30,C:\Users\weijt\Desktop\UNSW\COMP9900\project\capstone-project-26t2-9900-t17a-almond\input_sources\cwe119\vulnerable\03_vulnerable_30.c,sink_bound_guard,3,3,generated,ran,False,1,1,1.0,1.0,0.0,579,615,36,1099,1186,87,C:\Users\weijt\Desktop\UNSW\COMP9900\project\capstone-project-26t2-9900-t17a-almond\outputs\generated\full_budget_search_20260717\cwe119_vulnerable\runs\baseline\03_vulnerable_30,C:\Users\weijt\Desktop\UNSW\COMP9900\project\capstone-project-26t2-9900-t17a-almond\outputs\generated\full_budget_search_20260717\cwe119_vulnerable\runs\perturbed\03_vulnerable_30__sink_bound_guard__c3,C:\Users\weijt\Desktop\UNSW\COMP9900\project\capstone-project-26t2-9900-t17a-almond\outputs\generated\full_budget_search_20260717\cwe119_vulnerable\sources\03_vulnerable_30__sink_bound_guard__c3.c,inserted 3 early-return bound guard(s) before sensitive sink calls,
cwe119_vulnerable,03_vulnerable_30,C:\Users\weijt\Desktop\UNSW\COMP9900\project\capstone-project-26t2-9900-t17a-almond\input_sources\cwe119\vulnerable\03_vulnerable_30.c,sink_bound_guard,5,3,partial,run_partial,False,1,1,1.0,1.0,0.0,579,615,36,1099,1186,87,C:\Users\weijt\Desktop\UNSW\COMP9900\project\capstone-project-26t2-9900-t17a-almond\outputs\generated\full_budget_search_20260717\cwe119_vulnerable\runs\baseline\03_vulnerable_30,C:\Users\weijt\Desktop\UNSW\COMP9900\project\capstone-project-26t2-9900-t17a-almond\outputs\generated\full_budget_search_20260717\cwe119_vulnerable\runs\perturbed\03_vulnerable_30__sink_bound_guard__c5,C:\Users\weijt\Desktop\UNSW\COMP9900\project\capstone-project-26t2-9900-t17a-almond\outputs\generated\full_budget_search_20260717\cwe119_vulnerable\sources\03_vulnerable_30__sink_bound_guard__c5.c,inserted 3 early-return bound guard(s) before sensitive sink calls,
cwe119_vulnerable,03_vulnerable_30,C:\Users\weijt\Desktop\UNSW\COMP9900\project\capstone-project-26t2-9900-t17a-almond\input_sources\cwe119\vulnerable\03_vulnerable_30.c,postcondition_validation,1,0,skipped,ran,,,,,,,,,,,,,C:\Users\weijt\Desktop\UNSW\COMP9900\project\capstone-project-26t2-9900-t17a-almond\outputs\generated\full_budget_search_20260717\cwe119_vulnerable\runs\baseline\03_vulnerable_30,,,no matching *_count/*_read pair found for postcondition validation,
cwe119_vulnerable,03_vulnerable_30,C:\Users\weijt\Desktop\UNSW\COMP9900\project\capstone-project-26t2-9900-t17a-almond\input_sources\cwe119\vulnerable\03_vulnerable_30.c,integer_overflow_guard,1,0,skipped,ran,,,,,,,,,,,,,C:\Users\weijt\Desktop\UNSW\COMP9900\project\capstone-project-26t2-9900-t17a-almond\outputs\generated\full_budget_search_20260717\cwe119_vulnerable\runs\baseline\03_vulnerable_30,,,no allocation size addition or multiplication expression found,
cwe119_vulnerable,03_vulnerable_30,C:\Users\weijt\Desktop\UNSW\COMP9900\project\capstone-project-26t2-9900-t17a-almond\input_sources\cwe119\vulnerable\03_vulnerable_30.c,array_index_bound_guard,1,1,generated,ran,False,1,1,1.0,1.0,0.0,579,605,26,1099,1134,35,C:\Users\weijt\Desktop\UNSW\COMP9900\project\capstone-project-26t2-9900-t17a-almond\outputs\generated\full_budget_search_20260717\cwe119_vulnerable\runs\baseline\03_vulnerable_30,C:\Users\weijt\Desktop\UNSW\COMP9900\project\capstone-project-26t2-9900-t17a-almond\outputs\generated\full_budget_search_20260717\cwe119_vulnerable\runs\perturbed\03_vulnerable_30__array_index_bound_guard__c1,C:\Users\weijt\Desktop\UNSW\COMP9900\project\capstone-project-26t2-9900-t17a-almond\outputs\generated\full_budget_search_20260717\cwe119_vulnerable\sources\03_vulnerable_30__array_index_bound_guard__c1.c,wrapped 1 array write(s) with index lower/upper bound guards,
cwe119_vulnerable,03_vulnerable_30,C:\Users\weijt\Desktop\UNSW\COMP9900\project\capstone-project-26t2-9900-t17a-almond\input_sources\cwe119\vulnerable\03_vulnerable_30.c,array_index_bound_guard,2,2,generated,ran,False,1,1,1.0,1.0,0.0,579,627,48,1099,1170,71,C:\Users\weijt\Desktop\UNSW\COMP9900\project\capstone-project-26t2-9900-t17a-almond\outputs\generated\full_budget_search_20260717\cwe119_vulnerable\runs\baseline\03_vulnerable_30,C:\Users\weijt\Desktop\UNSW\COMP9900\project\capstone-project-26t2-9900-t17a-almond\outputs\generated\full_budget_search_20260717\cwe119_vulnerable\runs\perturbed\03_vulnerable_30__array_index_bound_guard__c2,C:\Users\weijt\Desktop\UNSW\COMP9900\project\capstone-project-26t2-9900-t17a-almond\outputs\generated\full_budget_search_20260717\cwe119_vulnerable\sources\03_vulnerable_30__array_index_bound_guard__c2.c,wrapped 2 array write(s) with index lower/upper bound guards,
cwe119_vulnerable,03_vulnerable_30,C:\Users\weijt\Desktop\UNSW\COMP9900\project\capstone-project-26t2-9900-t17a-almond\input_sources\cwe119\vulnerable\03_vulnerable_30.c,array_index_bound_guard,3,3,generated,ran,False,1,1,1.0,0.9999998807907104,-1.1920928955078125e-07,579,653,74,1099,1207,108,C:\Users\weijt\Desktop\UNSW\COMP9900\project\capstone-project-26t2-9900-t17a-almond\outputs\generated\full_budget_search_20260717\cwe119_vulnerable\runs\baseline\03_vulnerable_30,C:\Users\weijt\Desktop\UNSW\COMP9900\project\capstone-project-26t2-9900-t17a-almond\outputs\generated\full_budget_search_20260717\cwe119_vulnerable\runs\perturbed\03_vulnerable_30__array_index_bound_guard__c3,C:\Users\weijt\Desktop\UNSW\COMP9900\project\capstone-project-26t2-9900-t17a-almond\outputs\generated\full_budget_search_20260717\cwe119_vulnerable\sources\03_vulnerable_30__array_index_bound_guard__c3.c,wrapped 3 array write(s) with index lower/upper bound guards,
cwe119_vulnerable,03_vulnerable_30,C:\Users\weijt\Desktop\UNSW\COMP9900\project\capstone-project-26t2-9900-t17a-almond\input_sources\cwe119\vulnerable\03_vulnerable_30.c,array_index_bound_guard,5,5,generated,ran,False,1,1,1.0,0.9999998807907104,-1.1920928955078125e-07,579,701,122,1099,1278,179,C:\Users\weijt\Desktop\UNSW\COMP9900\project\capstone-project-26t2-9900-t17a-almond\outputs\generated\full_budget_search_20260717\cwe119_vulnerable\runs\baseline\03_vulnerable_30,C:\Users\weijt\Desktop\UNSW\COMP9900\project\capstone-project-26t2-9900-t17a-almond\outputs\generated\full_budget_search_20260717\cwe119_vulnerable\runs\perturbed\03_vulnerable_30__array_index_bound_guard__c5,C:\Users\weijt\Desktop\UNSW\COMP9900\project\capstone-project-26t2-9900-t17a-almond\outputs\generated\full_budget_search_20260717\cwe119_vulnerable\sources\03_vulnerable_30__array_index_bound_guard__c5.c,wrapped 5 array write(s) with index lower/upper bound guards,
cwe119_vulnerable,03_vulnerable_30,C:\Users\weijt\Desktop\UNSW\COMP9900\project\capstone-project-26t2-9900-t17a-almond\input_sources\cwe119\vulnerable\03_vulnerable_30.c,wide_char_sink_guard,1,0,skipped,ran,,,,,,,,,,,,,C:\Users\weijt\Desktop\UNSW\COMP9900\project\capstone-project-26t2-9900-t17a-almond\outputs\generated\full_budget_search_20260717\cwe119_vulnerable\runs\baseline\03_vulnerable_30,,,no wcscat/wcscpy wide-character sink found,
cwe119_vulnerable,03_vulnerable_30,C:\Users\weijt\Desktop\UNSW\COMP9900\project\capstone-project-26t2-9900-t17a-almond\input_sources\cwe119\vulnerable\03_vulnerable_30.c,pattern_dead_code,1,1,generated,ran,False,1,1,1.0,1.0,0.0,579,634,55,1099,1200,101,C:\Users\weijt\Desktop\UNSW\COMP9900\project\capstone-project-26t2-9900-t17a-almond\outputs\generated\full_budget_search_20260717\cwe119_vulnerable\runs\baseline\03_vulnerable_30,C:\Users\weijt\Desktop\UNSW\COMP9900\project\capstone-project-26t2-9900-t17a-almond\outputs\generated\full_budget_search_20260717\cwe119_vulnerable\runs\perturbed\03_vulnerable_30__pattern_dead_code__c1,C:\Users\weijt\Desktop\UNSW\COMP9900\project\capstone-project-26t2-9900-t17a-almond\outputs\generated\full_budget_search_20260717\cwe119_vulnerable\sources\03_vulnerable_30__pattern_dead_code__c1.c,inserted 1 unreachable pointer/array/length pattern block(s) near sensitive or structural lines,
cwe119_vulnerable,03_vulnerable_30,C:\Users\weijt\Desktop\UNSW\COMP9900\project\capstone-project-26t2-9900-t17a-almond\input_sources\cwe119\vulnerable\03_vulnerable_30.c,pattern_dead_code,2,2,generated,ran,False,1,1,1.0,1.0,0.0,579,689,110,1099,1301,202,C:\Users\weijt\Desktop\UNSW\COMP9900\project\capstone-project-26t2-9900-t17a-almond\outputs\generated\full_budget_search_20260717\cwe119_vulnerable\runs\baseline\03_vulnerable_30,C:\Users\weijt\Desktop\UNSW\COMP9900\project\capstone-project-26t2-9900-t17a-almond\outputs\generated\full_budget_search_20260717\cwe119_vulnerable\runs\perturbed\03_vulnerable_30__pattern_dead_code__c2,C:\Users\weijt\Desktop\UNSW\COMP9900\project\capstone-project-26t2-9900-t17a-almond\outputs\generated\full_budget_search_20260717\cwe119_vulnerable\sources\03_vulnerable_30__pattern_dead_code__c2.c,inserted 2 unreachable pointer/array/length pattern block(s) near sensitive or structural lines,
cwe119_vulnerable,03_vulnerable_30,C:\Users\weijt\Desktop\UNSW\COMP9900\project\capstone-project-26t2-9900-t17a-almond\input_sources\cwe119\vulnerable\03_vulnerable_30.c,pattern_dead_code,3,3,generated,ran,False,1,1,1.0,1.0,0.0,579,744,165,1099,1402,303,C:\Users\weijt\Desktop\UNSW\COMP9900\project\capstone-project-26t2-9900-t17a-almond\outputs\generated\full_budget_search_20260717\cwe119_vulnerable\runs\baseline\03_vulnerable_30,C:\Users\weijt\Desktop\UNSW\COMP9900\project\capstone-project-26t2-9900-t17a-almond\outputs\generated\full_budget_search_20260717\cwe119_vulnerable\runs\perturbed\03_vulnerable_30__pattern_dead_code__c3,C:\Users\weijt\Desktop\UNSW\COMP9900\project\capstone-project-26t2-9900-t17a-almond\outputs\generated\full_budget_search_20260717\cwe119_vulnerable\sources\03_vulnerable_30__pattern_dead_code__c3.c,inserted 3 unreachable pointer/array/length pattern block(s) near sensitive or structural lines,
cwe119_vulnerable,03_vulnerable_30,C:\Users\weijt\Desktop\UNSW\COMP9900\project\capstone-project-26t2-9900-t17a-almond\input_sources\cwe119\vulnerable\03_vulnerable_30.c,pattern_dead_code,5,5,generated,ran,False,1,1,1.0,1.0,0.0,579,854,275,1099,1604,505,C:\Users\weijt\Desktop\UNSW\COMP9900\project\capstone-project-26t2-9900-t17a-almond\outputs\generated\full_budget_search_20260717\cwe119_vulnerable\runs\baseline\03_vulnerable_30,C:\Users\weijt\Desktop\UNSW\COMP9900\project\capstone-project-26t2-9900-t17a-almond\outputs\generated\full_budget_search_20260717\cwe119_vulnerable\runs\perturbed\03_vulnerable_30__pattern_dead_code__c5,C:\Users\weijt\Desktop\UNSW\COMP9900\project\capstone-project-26t2-9900-t17a-almond\outputs\generated\full_budget_search_20260717\cwe119_vulnerable\sources\03_vulnerable_30__pattern_dead_code__c5.c,inserted 5 unreachable pointer/array/length pattern block(s) near sensitive or structural lines,
cwe119_vulnerable,03_vulnerable_30,C:\Users\weijt\Desktop\UNSW\COMP9900\project\capstone-project-26t2-9900-t17a-almond\input_sources\cwe119\vulnerable\03_vulnerable_30.c,control_wrapper,1,1,generated,ran,False,1,1,1.0,1.0,0.0,579,583,4,1099,1111,12,C:\Users\weijt\Desktop\UNSW\COMP9900\project\capstone-project-26t2-9900-t17a-almond\outputs\generated\full_budget_search_20260717\cwe119_vulnerable\runs\baseline\03_vulnerable_30,C:\Users\weijt\Desktop\UNSW\COMP9900\project\capstone-project-26t2-9900-t17a-almond\outputs\generated\full_budget_search_20260717\cwe119_vulnerable\runs\perturbed\03_vulnerable_30__control_wrapper__c1,C:\Users\weijt\Desktop\UNSW\COMP9900\project\capstone-project-26t2-9900-t17a-almond\outputs\generated\full_budget_search_20260717\cwe119_vulnerable\sources\03_vulnerable_30__control_wrapper__c1.c,wrapped 1 safe single-line statement(s) with if (1) blocks,
cwe119_vulnerable,03_vulnerable_30,C:\Users\weijt\Desktop\UNSW\COMP9900\project\capstone-project-26t2-9900-t17a-almond\input_sources\cwe119\vulnerable\03_vulnerable_30.c,control_wrapper,2,2,generated,ran,False,1,1,1.0,1.0,0.0,579,587,8,1099,1120,21,C:\Users\weijt\Desktop\UNSW\COMP9900\project\capstone-project-26t2-9900-t17a-almond\outputs\generated\full_budget_search_20260717\cwe119_vulnerable\runs\baseline\03_vulnerable_30,C:\Users\weijt\Desktop\UNSW\COMP9900\project\capstone-project-26t2-9900-t17a-almond\outputs\generated\full_budget_search_20260717\cwe119_vulnerable\runs\perturbed\03_vulnerable_30__control_wrapper__c2,C:\Users\weijt\Desktop\UNSW\COMP9900\project\capstone-project-26t2-9900-t17a-almond\outputs\generated\full_budget_search_20260717\cwe119_vulnerable\sources\03_vulnerable_30__control_wrapper__c2.c,wrapped 2 safe single-line statement(s) with if (1) blocks,
cwe119_vulnerable,03_vulnerable_30,C:\Users\weijt\Desktop\UNSW\COMP9900\project\capstone-project-26t2-9900-t17a-almond\input_sources\cwe119\vulnerable\03_vulnerable_30.c,control_wrapper,3,3,generated,ran,False,1,1,1.0,1.0,0.0,579,591,12,1099,1129,30,C:\Users\weijt\Desktop\UNSW\COMP9900\project\capstone-project-26t2-9900-t17a-almond\outputs\generated\full_budget_search_20260717\cwe119_vulnerable\runs\baseline\03_vulnerable_30,C:\Users\weijt\Desktop\UNSW\COMP9900\project\capstone-project-26t2-9900-t17a-almond\outputs\generated\full_budget_search_20260717\cwe119_vulnerable\runs\perturbed\03_vulnerable_30__control_wrapper__c3,C:\Users\weijt\Desktop\UNSW\COMP9900\project\capstone-project-26t2-9900-t17a-almond\outputs\generated\full_budget_search_20260717\cwe119_vulnerable\sources\03_vulnerable_30__control_wrapper__c3.c,wrapped 3 safe single-line statement(s) with if (1) blocks,
cwe119_vulnerable,03_vulnerable_30,C:\Users\weijt\Desktop\UNSW\COMP9900\project\capstone-project-26t2-9900-t17a-almond\input_sources\cwe119\vulnerable\03_vulnerable_30.c,control_wrapper,5,5,generated,ran,False,1,1,1.0,1.0,0.0,579,599,20,1099,1147,48,C:\Users\weijt\Desktop\UNSW\COMP9900\project\capstone-project-26t2-9900-t17a-almond\outputs\generated\full_budget_search_20260717\cwe119_vulnerable\runs\baseline\03_vulnerable_30,C:\Users\weijt\Desktop\UNSW\COMP9900\project\capstone-project-26t2-9900-t17a-almond\outputs\generated\full_budget_search_20260717\cwe119_vulnerable\runs\perturbed\03_vulnerable_30__control_wrapper__c5,C:\Users\weijt\Desktop\UNSW\COMP9900\project\capstone-project-26t2-9900-t17a-almond\outputs\generated\full_budget_search_20260717\cwe119_vulnerable\sources\03_vulnerable_30__control_wrapper__c5.c,wrapped 5 safe single-line statement(s) with if (1) blocks,
cwe119_vulnerable,03_vulnerable_30,C:\Users\weijt\Desktop\UNSW\COMP9900\project\capstone-project-26t2-9900-t17a-almond\input_sources\cwe119\vulnerable\03_vulnerable_30.c,temp_variable_split,1,1,generated,ran,False,1,1,1.0,1.0,0.0,579,587,8,1099,1118,19,C:\Users\weijt\Desktop\UNSW\COMP9900\project\capstone-project-26t2-9900-t17a-almond\outputs\generated\full_budget_search_20260717\cwe119_vulnerable\runs\baseline\03_vulnerable_30,C:\Users\weijt\Desktop\UNSW\COMP9900\project\capstone-project-26t2-9900-t17a-almond\outputs\generated\full_budget_search_20260717\cwe119_vulnerable\runs\perturbed\03_vulnerable_30__temp_variable_split__c1,C:\Users\weijt\Desktop\UNSW\COMP9900\project\capstone-project-26t2-9900-t17a-almond\outputs\generated\full_budget_search_20260717\cwe119_vulnerable\sources\03_vulnerable_30__temp_variable_split__c1.c,split 1 simple assignment(s) through temporary integer variables,
cwe119_vulnerable,03_vulnerable_30,C:\Users\weijt\Desktop\UNSW\COMP9900\project\capstone-project-26t2-9900-t17a-almond\input_sources\cwe119\vulnerable\03_vulnerable_30.c,temp_variable_split,2,2,generated,ran,False,1,1,1.0,1.0,0.0,579,595,16,1099,1137,38,C:\Users\weijt\Desktop\UNSW\COMP9900\project\capstone-project-26t2-9900-t17a-almond\outputs\generated\full_budget_search_20260717\cwe119_vulnerable\runs\baseline\03_vulnerable_30,C:\Users\weijt\Desktop\UNSW\COMP9900\project\capstone-project-26t2-9900-t17a-almond\outputs\generated\full_budget_search_20260717\cwe119_vulnerable\runs\perturbed\03_vulnerable_30__temp_variable_split__c2,C:\Users\weijt\Desktop\UNSW\COMP9900\project\capstone-project-26t2-9900-t17a-almond\outputs\generated\full_budget_search_20260717\cwe119_vulnerable\sources\03_vulnerable_30__temp_variable_split__c2.c,split 2 simple assignment(s) through temporary integer variables,
cwe119_vulnerable,03_vulnerable_30,C:\Users\weijt\Desktop\UNSW\COMP9900\project\capstone-project-26t2-9900-t17a-almond\input_sources\cwe119\vulnerable\03_vulnerable_30.c,temp_variable_split,3,3,generated,ran,False,1,1,1.0,1.0,0.0,579,603,24,1099,1155,56,C:\Users\weijt\Desktop\UNSW\COMP9900\project\capstone-project-26t2-9900-t17a-almond\outputs\generated\full_budget_search_20260717\cwe119_vulnerable\runs\baseline\03_vulnerable_30,C:\Users\weijt\Desktop\UNSW\COMP9900\project\capstone-project-26t2-9900-t17a-almond\outputs\generated\full_budget_search_20260717\cwe119_vulnerable\runs\perturbed\03_vulnerable_30__temp_variable_split__c3,C:\Users\weijt\Desktop\UNSW\COMP9900\project\capstone-project-26t2-9900-t17a-almond\outputs\generated\full_budget_search_20260717\cwe119_vulnerable\sources\03_vulnerable_30__temp_variable_split__c3.c,split 3 simple assignment(s) through temporary integer variables,
cwe119_vulnerable,03_vulnerable_30,C:\Users\weijt\Desktop\UNSW\COMP9900\project\capstone-project-26t2-9900-t17a-almond\input_sources\cwe119\vulnerable\03_vulnerable_30.c,temp_variable_split,5,5,generated,ran,False,1,1,1.0,1.0,0.0,579,619,40,1099,1192,93,C:\Users\weijt\Desktop\UNSW\COMP9900\project\capstone-project-26t2-9900-t17a-almond\outputs\generated\full_budget_search_20260717\cwe119_vulnerable\runs\baseline\03_vulnerable_30,C:\Users\weijt\Desktop\UNSW\COMP9900\project\capstone-project-26t2-9900-t17a-almond\outputs\generated\full_budget_search_20260717\cwe119_vulnerable\runs\perturbed\03_vulnerable_30__temp_variable_split__c5,C:\Users\weijt\Desktop\UNSW\COMP9900\project\capstone-project-26t2-9900-t17a-almond\outputs\generated\full_budget_search_20260717\cwe119_vulnerable\sources\03_vulnerable_30__temp_variable_split__c5.c,split 5 simple assignment(s) through temporary integer variables,
cwe119_vulnerable,04_vulnerable_55,C:\Users\weijt\Desktop\UNSW\COMP9900\project\capstone-project-26t2-9900-t17a-almond\input_sources\cwe119\vulnerable\04_vulnerable_55.c,data_flow_alias,1,1,generated,ran,False,1,1,0.997986912727356,0.997986912727356,0.0,61,83,22,112,154,42,C:\Users\weijt\Desktop\UNSW\COMP9900\project\capstone-project-26t2-9900-t17a-almond\outputs\generated\full_budget_search_20260717\cwe119_vulnerable\runs\baseline\04_vulnerable_55,C:\Users\weijt\Desktop\UNSW\COMP9900\project\capstone-project-26t2-9900-t17a-almond\outputs\generated\full_budget_search_20260717\cwe119_vulnerable\runs\perturbed\04_vulnerable_55__data_flow_alias__c1,C:\Users\weijt\Desktop\UNSW\COMP9900\project\capstone-project-26t2-9900-t17a-almond\outputs\generated\full_budget_search_20260717\cwe119_vulnerable\sources\04_vulnerable_55__data_flow_alias__c1.c,inserted 1 alias-preserving data-flow no-op(s) near call arguments,
cwe119_vulnerable,04_vulnerable_55,C:\Users\weijt\Desktop\UNSW\COMP9900\project\capstone-project-26t2-9900-t17a-almond\input_sources\cwe119\vulnerable\04_vulnerable_55.c,data_flow_alias,2,2,generated,ran,False,1,1,0.997986912727356,0.9987426400184631,0.0007557272911071777,61,105,44,112,196,84,C:\Users\weijt\Desktop\UNSW\COMP9900\project\capstone-project-26t2-9900-t17a-almond\outputs\generated\full_budget_search_20260717\cwe119_vulnerable\runs\baseline\04_vulnerable_55,C:\Users\weijt\Desktop\UNSW\COMP9900\project\capstone-project-26t2-9900-t17a-almond\outputs\generated\full_budget_search_20260717\cwe119_vulnerable\runs\perturbed\04_vulnerable_55__data_flow_alias__c2,C:\Users\weijt\Desktop\UNSW\COMP9900\project\capstone-project-26t2-9900-t17a-almond\outputs\generated\full_budget_search_20260717\cwe119_vulnerable\sources\04_vulnerable_55__data_flow_alias__c2.c,inserted 2 alias-preserving data-flow no-op(s) near call arguments,
cwe119_vulnerable,04_vulnerable_55,C:\Users\weijt\Desktop\UNSW\COMP9900\project\capstone-project-26t2-9900-t17a-almond\input_sources\cwe119\vulnerable\04_vulnerable_55.c,data_flow_alias,3,2,partial,run_partial,False,1,1,0.997986912727356,0.9987426400184631,0.0007557272911071777,61,105,44,112,196,84,C:\Users\weijt\Desktop\UNSW\COMP9900\project\capstone-project-26t2-9900-t17a-almond\outputs\generated\full_budget_search_20260717\cwe119_vulnerable\runs\baseline\04_vulnerable_55,C:\Users\weijt\Desktop\UNSW\COMP9900\project\capstone-project-26t2-9900-t17a-almond\outputs\generated\full_budget_search_20260717\cwe119_vulnerable\runs\perturbed\04_vulnerable_55__data_flow_alias__c3,C:\Users\weijt\Desktop\UNSW\COMP9900\project\capstone-project-26t2-9900-t17a-almond\outputs\generated\full_budget_search_20260717\cwe119_vulnerable\sources\04_vulnerable_55__data_flow_alias__c3.c,inserted 2 alias-preserving data-flow no-op(s) near call arguments,
cwe119_vulnerable,04_vulnerable_55,C:\Users\weijt\Desktop\UNSW\COMP9900\project\capstone-project-26t2-9900-t17a-almond\input_sources\cwe119\vulnerable\04_vulnerable_55.c,dead_statement,1,1,generated,ran,False,1,1,0.997986912727356,0.997986912727356,0.0,61,73,12,112,139,27,C:\Users\weijt\Desktop\UNSW\COMP9900\project\capstone-project-26t2-9900-t17a-almond\outputs\generated\full_budget_search_20260717\cwe119_vulnerable\runs\baseline\04_vulnerable_55,C:\Users\weijt\Desktop\UNSW\COMP9900\project\capstone-project-26t2-9900-t17a-almond\outputs\generated\full_budget_search_20260717\cwe119_vulnerable\runs\perturbed\04_vulnerable_55__dead_statement__c1,C:\Users\weijt\Desktop\UNSW\COMP9900\project\capstone-project-26t2-9900-t17a-almond\outputs\generated\full_budget_search_20260717\cwe119_vulnerable\sources\04_vulnerable_55__dead_statement__c1.c,inserted 1 harmless dummy integer statement pair(s) after first function brace,
cwe119_vulnerable,04_vulnerable_55,C:\Users\weijt\Desktop\UNSW\COMP9900\project\capstone-project-26t2-9900-t17a-almond\input_sources\cwe119\vulnerable\04_vulnerable_55.c,dead_statement,2,2,generated,ran,False,1,1,0.997986912727356,0.997986912727356,0.0,61,85,24,112,166,54,C:\Users\weijt\Desktop\UNSW\COMP9900\project\capstone-project-26t2-9900-t17a-almond\outputs\generated\full_budget_search_20260717\cwe119_vulnerable\runs\baseline\04_vulnerable_55,C:\Users\weijt\Desktop\UNSW\COMP9900\project\capstone-project-26t2-9900-t17a-almond\outputs\generated\full_budget_search_20260717\cwe119_vulnerable\runs\perturbed\04_vulnerable_55__dead_statement__c2,C:\Users\weijt\Desktop\UNSW\COMP9900\project\capstone-project-26t2-9900-t17a-almond\outputs\generated\full_budget_search_20260717\cwe119_vulnerable\sources\04_vulnerable_55__dead_statement__c2.c,inserted 2 harmless dummy integer statement pair(s) after first function brace,
cwe119_vulnerable,04_vulnerable_55,C:\Users\weijt\Desktop\UNSW\COMP9900\project\capstone-project-26t2-9900-t17a-almond\input_sources\cwe119\vulnerable\04_vulnerable_55.c,dead_statement,3,3,generated,ran,False,1,1,0.997986912727356,0.997986912727356,0.0,61,97,36,112,193,81,C:\Users\weijt\Desktop\UNSW\COMP9900\project\capstone-project-26t2-9900-t17a-almond\outputs\generated\full_budget_search_20260717\cwe119_vulnerable\runs\baseline\04_vulnerable_55,C:\Users\weijt\Desktop\UNSW\COMP9900\project\capstone-project-26t2-9900-t17a-almond\outputs\generated\full_budget_search_20260717\cwe119_vulnerable\runs\perturbed\04_vulnerable_55__dead_statement__c3,C:\Users\weijt\Desktop\UNSW\COMP9900\project\capstone-project-26t2-9900-t17a-almond\outputs\generated\full_budget_search_20260717\cwe119_vulnerable\sources\04_vulnerable_55__dead_statement__c3.c,inserted 3 harmless dummy integer statement pair(s) after first function brace,
cwe119_vulnerable,04_vulnerable_55,C:\Users\weijt\Desktop\UNSW\COMP9900\project\capstone-project-26t2-9900-t17a-almond\input_sources\cwe119\vulnerable\04_vulnerable_55.c,dead_statement,5,5,generated,ran,False,1,1,0.997986912727356,0.997986912727356,0.0,61,121,60,112,247,135,C:\Users\weijt\Desktop\UNSW\COMP9900\project\capstone-project-26t2-9900-t17a-almond\outputs\generated\full_budget_search_20260717\cwe119_vulnerable\runs\baseline\04_vulnerable_55,C:\Users\weijt\Desktop\UNSW\COMP9900\project\capstone-project-26t2-9900-t17a-almond\outputs\generated\full_budget_search_20260717\cwe119_vulnerable\runs\perturbed\04_vulnerable_55__dead_statement__c5,C:\Users\weijt\Desktop\UNSW\COMP9900\project\capstone-project-26t2-9900-t17a-almond\outputs\generated\full_budget_search_20260717\cwe119_vulnerable\sources\04_vulnerable_55__dead_statement__c5.c,inserted 5 harmless dummy integer statement pair(s) after first function brace,
cwe119_vulnerable,04_vulnerable_55,C:\Users\weijt\Desktop\UNSW\COMP9900\project\capstone-project-26t2-9900-t17a-almond\input_sources\cwe119\vulnerable\04_vulnerable_55.c,xfg_targeted_dead_code,1,1,generated,ran,False,1,1,0.997986912727356,0.997986912727356,0.0,61,77,16,112,148,36,C:\Users\weijt\Desktop\UNSW\COMP9900\project\capstone-project-26t2-9900-t17a-almond\outputs\generated\full_budget_search_20260717\cwe119_vulnerable\runs\baseline\04_vulnerable_55,C:\Users\weijt\Desktop\UNSW\COMP9900\project\capstone-project-26t2-9900-t17a-almond\outputs\generated\full_budget_search_20260717\cwe119_vulnerable\runs\perturbed\04_vulnerable_55__xfg_targeted_dead_code__c1,C:\Users\weijt\Desktop\UNSW\COMP9900\project\capstone-project-26t2-9900-t17a-almond\outputs\generated\full_budget_search_20260717\cwe119_vulnerable\sources\04_vulnerable_55__xfg_targeted_dead_code__c1.c,inserted 1 unreachable no-op block(s) near XFG-relevant target lines,
cwe119_vulnerable,04_vulnerable_55,C:\Users\weijt\Desktop\UNSW\COMP9900\project\capstone-project-26t2-9900-t17a-almond\input_sources\cwe119\vulnerable\04_vulnerable_55.c,xfg_targeted_dead_code,2,2,generated,ran,False,1,1,0.997986912727356,0.997986912727356,0.0,61,93,32,112,184,72,C:\Users\weijt\Desktop\UNSW\COMP9900\project\capstone-project-26t2-9900-t17a-almond\outputs\generated\full_budget_search_20260717\cwe119_vulnerable\runs\baseline\04_vulnerable_55,C:\Users\weijt\Desktop\UNSW\COMP9900\project\capstone-project-26t2-9900-t17a-almond\outputs\generated\full_budget_search_20260717\cwe119_vulnerable\runs\perturbed\04_vulnerable_55__xfg_targeted_dead_code__c2,C:\Users\weijt\Desktop\UNSW\COMP9900\project\capstone-project-26t2-9900-t17a-almond\outputs\generated\full_budget_search_20260717\cwe119_vulnerable\sources\04_vulnerable_55__xfg_targeted_dead_code__c2.c,inserted 2 unreachable no-op block(s) near XFG-relevant target lines,
cwe119_vulnerable,04_vulnerable_55,C:\Users\weijt\Desktop\UNSW\COMP9900\project\capstone-project-26t2-9900-t17a-almond\input_sources\cwe119\vulnerable\04_vulnerable_55.c,xfg_targeted_dead_code,3,3,generated,ran,False,1,1,0.997986912727356,0.997986912727356,0.0,61,109,48,112,220,108,C:\Users\weijt\Desktop\UNSW\COMP9900\project\capstone-project-26t2-9900-t17a-almond\outputs\generated\full_budget_search_20260717\cwe119_vulnerable\runs\baseline\04_vulnerable_55,C:\Users\weijt\Desktop\UNSW\COMP9900\project\capstone-project-26t2-9900-t17a-almond\outputs\generated\full_budget_search_20260717\cwe119_vulnerable\runs\perturbed\04_vulnerable_55__xfg_targeted_dead_code__c3,C:\Users\weijt\Desktop\UNSW\COMP9900\project\capstone-project-26t2-9900-t17a-almond\outputs\generated\full_budget_search_20260717\cwe119_vulnerable\sources\04_vulnerable_55__xfg_targeted_dead_code__c3.c,inserted 3 unreachable no-op block(s) near XFG-relevant target lines,
cwe119_vulnerable,04_vulnerable_55,C:\Users\weijt\Desktop\UNSW\COMP9900\project\capstone-project-26t2-9900-t17a-almond\input_sources\cwe119\vulnerable\04_vulnerable_55.c,xfg_targeted_dead_code,5,3,partial,run_partial,False,1,1,0.997986912727356,0.997986912727356,0.0,61,109,48,112,220,108,C:\Users\weijt\Desktop\UNSW\COMP9900\project\capstone-project-26t2-9900-t17a-almond\outputs\generated\full_budget_search_20260717\cwe119_vulnerable\runs\baseline\04_vulnerable_55,C:\Users\weijt\Desktop\UNSW\COMP9900\project\capstone-project-26t2-9900-t17a-almond\outputs\generated\full_budget_search_20260717\cwe119_vulnerable\runs\perturbed\04_vulnerable_55__xfg_targeted_dead_code__c5,C:\Users\weijt\Desktop\UNSW\COMP9900\project\capstone-project-26t2-9900-t17a-almond\outputs\generated\full_budget_search_20260717\cwe119_vulnerable\sources\04_vulnerable_55__xfg_targeted_dead_code__c5.c,inserted 3 unreachable no-op block(s) near XFG-relevant target lines,
cwe119_vulnerable,04_vulnerable_55,C:\Users\weijt\Desktop\UNSW\COMP9900\project\capstone-project-26t2-9900-t17a-almond\input_sources\cwe119\vulnerable\04_vulnerable_55.c,range_clamp,1,0,skipped,ran,,,,,,,,,,,,,C:\Users\weijt\Desktop\UNSW\COMP9900\project\capstone-project-26t2-9900-t17a-almond\outputs\generated\full_budget_search_20260717\cwe119_vulnerable\runs\baseline\04_vulnerable_55,,,no sensitive call with a clampable size/count argument found,
cwe119_vulnerable,04_vulnerable_55,C:\Users\weijt\Desktop\UNSW\COMP9900\project\capstone-project-26t2-9900-t17a-almond\input_sources\cwe119\vulnerable\04_vulnerable_55.c,safe_source_substitution,1,0,skipped,ran,,,,,,,,,,,,,C:\Users\weijt\Desktop\UNSW\COMP9900\project\capstone-project-26t2-9900-t17a-almond\outputs\generated\full_budget_search_20260717\cwe119_vulnerable\runs\baseline\04_vulnerable_55,,,no nested pointer dereference source found,
cwe119_vulnerable,04_vulnerable_55,C:\Users\weijt\Desktop\UNSW\COMP9900\project\capstone-project-26t2-9900-t17a-almond\input_sources\cwe119\vulnerable\04_vulnerable_55.c,sink_bound_guard,1,0,skipped,ran,,,,,,,,,,,,,C:\Users\weijt\Desktop\UNSW\COMP9900\project\capstone-project-26t2-9900-t17a-almond\outputs\generated\full_budget_search_20260717\cwe119_vulnerable\runs\baseline\04_vulnerable_55,,,no sensitive sink call found for bound guard insertion,
cwe119_vulnerable,04_vulnerable_55,C:\Users\weijt\Desktop\UNSW\COMP9900\project\capstone-project-26t2-9900-t17a-almond\input_sources\cwe119\vulnerable\04_vulnerable_55.c,postcondition_validation,1,0,skipped,ran,,,,,,,,,,,,,C:\Users\weijt\Desktop\UNSW\COMP9900\project\capstone-project-26t2-9900-t17a-almond\outputs\generated\full_budget_search_20260717\cwe119_vulnerable\runs\baseline\04_vulnerable_55,,,no matching *_count/*_read pair found for postcondition validation,
cwe119_vulnerable,04_vulnerable_55,C:\Users\weijt\Desktop\UNSW\COMP9900\project\capstone-project-26t2-9900-t17a-almond\input_sources\cwe119\vulnerable\04_vulnerable_55.c,integer_overflow_guard,1,0,skipped,ran,,,,,,,,,,,,,C:\Users\weijt\Desktop\UNSW\COMP9900\project\capstone-project-26t2-9900-t17a-almond\outputs\generated\full_budget_search_20260717\cwe119_vulnerable\runs\baseline\04_vulnerable_55,,,no allocation size addition or multiplication expression found,
cwe119_vulnerable,04_vulnerable_55,C:\Users\weijt\Desktop\UNSW\COMP9900\project\capstone-project-26t2-9900-t17a-almond\input_sources\cwe119\vulnerable\04_vulnerable_55.c,array_index_bound_guard,1,1,generated,ran,False,1,1,0.997986912727356,1.0,0.002013087272644043,61,97,36,112,165,53,C:\Users\weijt\Desktop\UNSW\COMP9900\project\capstone-project-26t2-9900-t17a-almond\outputs\generated\full_budget_search_20260717\cwe119_vulnerable\runs\baseline\04_vulnerable_55,C:\Users\weijt\Desktop\UNSW\COMP9900\project\capstone-project-26t2-9900-t17a-almond\outputs\generated\full_budget_search_20260717\cwe119_vulnerable\runs\perturbed\04_vulnerable_55__array_index_bound_guard__c1,C:\Users\weijt\Desktop\UNSW\COMP9900\project\capstone-project-26t2-9900-t17a-almond\outputs\generated\full_budget_search_20260717\cwe119_vulnerable\sources\04_vulnerable_55__array_index_bound_guard__c1.c,wrapped 1 array write(s) with index lower/upper bound guards,
cwe119_vulnerable,04_vulnerable_55,C:\Users\weijt\Desktop\UNSW\COMP9900\project\capstone-project-26t2-9900-t17a-almond\input_sources\cwe119\vulnerable\04_vulnerable_55.c,array_index_bound_guard,2,1,partial,run_partial,False,1,1,0.997986912727356,1.0,0.002013087272644043,61,97,36,112,165,53,C:\Users\weijt\Desktop\UNSW\COMP9900\project\capstone-project-26t2-9900-t17a-almond\outputs\generated\full_budget_search_20260717\cwe119_vulnerable\runs\baseline\04_vulnerable_55,C:\Users\weijt\Desktop\UNSW\COMP9900\project\capstone-project-26t2-9900-t17a-almond\outputs\generated\full_budget_search_20260717\cwe119_vulnerable\runs\perturbed\04_vulnerable_55__array_index_bound_guard__c2,C:\Users\weijt\Desktop\UNSW\COMP9900\project\capstone-project-26t2-9900-t17a-almond\outputs\generated\full_budget_search_20260717\cwe119_vulnerable\sources\04_vulnerable_55__array_index_bound_guard__c2.c,wrapped 1 array write(s) with index lower/upper bound guards,
cwe119_vulnerable,04_vulnerable_55,C:\Users\weijt\Desktop\UNSW\COMP9900\project\capstone-project-26t2-9900-t17a-almond\input_sources\cwe119\vulnerable\04_vulnerable_55.c,wide_char_sink_guard,1,0,skipped,ran,,,,,,,,,,,,,C:\Users\weijt\Desktop\UNSW\COMP9900\project\capstone-project-26t2-9900-t17a-almond\outputs\generated\full_budget_search_20260717\cwe119_vulnerable\runs\baseline\04_vulnerable_55,,,no wcscat/wcscpy wide-character sink found,
cwe119_vulnerable,04_vulnerable_55,C:\Users\weijt\Desktop\UNSW\COMP9900\project\capstone-project-26t2-9900-t17a-almond\input_sources\cwe119\vulnerable\04_vulnerable_55.c,pattern_dead_code,1,1,generated,ran,False,1,1,0.997986912727356,0.997986912727356,0.0,61,116,55,112,213,101,C:\Users\weijt\Desktop\UNSW\COMP9900\project\capstone-project-26t2-9900-t17a-almond\outputs\generated\full_budget_search_20260717\cwe119_vulnerable\runs\baseline\04_vulnerable_55,C:\Users\weijt\Desktop\UNSW\COMP9900\project\capstone-project-26t2-9900-t17a-almond\outputs\generated\full_budget_search_20260717\cwe119_vulnerable\runs\perturbed\04_vulnerable_55__pattern_dead_code__c1,C:\Users\weijt\Desktop\UNSW\COMP9900\project\capstone-project-26t2-9900-t17a-almond\outputs\generated\full_budget_search_20260717\cwe119_vulnerable\sources\04_vulnerable_55__pattern_dead_code__c1.c,inserted 1 unreachable pointer/array/length pattern block(s) near sensitive or structural lines,
cwe119_vulnerable,04_vulnerable_55,C:\Users\weijt\Desktop\UNSW\COMP9900\project\capstone-project-26t2-9900-t17a-almond\input_sources\cwe119\vulnerable\04_vulnerable_55.c,pattern_dead_code,2,2,generated,ran,False,1,1,0.997986912727356,0.997986912727356,0.0,61,171,110,112,314,202,C:\Users\weijt\Desktop\UNSW\COMP9900\project\capstone-project-26t2-9900-t17a-almond\outputs\generated\full_budget_search_20260717\cwe119_vulnerable\runs\baseline\04_vulnerable_55,C:\Users\weijt\Desktop\UNSW\COMP9900\project\capstone-project-26t2-9900-t17a-almond\outputs\generated\full_budget_search_20260717\cwe119_vulnerable\runs\perturbed\04_vulnerable_55__pattern_dead_code__c2,C:\Users\weijt\Desktop\UNSW\COMP9900\project\capstone-project-26t2-9900-t17a-almond\outputs\generated\full_budget_search_20260717\cwe119_vulnerable\sources\04_vulnerable_55__pattern_dead_code__c2.c,inserted 2 unreachable pointer/array/length pattern block(s) near sensitive or structural lines,
cwe119_vulnerable,04_vulnerable_55,C:\Users\weijt\Desktop\UNSW\COMP9900\project\capstone-project-26t2-9900-t17a-almond\input_sources\cwe119\vulnerable\04_vulnerable_55.c,pattern_dead_code,3,3,generated,ran,False,1,1,0.997986912727356,0.997986912727356,0.0,61,226,165,112,415,303,C:\Users\weijt\Desktop\UNSW\COMP9900\project\capstone-project-26t2-9900-t17a-almond\outputs\generated\full_budget_search_20260717\cwe119_vulnerable\runs\baseline\04_vulnerable_55,C:\Users\weijt\Desktop\UNSW\COMP9900\project\capstone-project-26t2-9900-t17a-almond\outputs\generated\full_budget_search_20260717\cwe119_vulnerable\runs\perturbed\04_vulnerable_55__pattern_dead_code__c3,C:\Users\weijt\Desktop\UNSW\COMP9900\project\capstone-project-26t2-9900-t17a-almond\outputs\generated\full_budget_search_20260717\cwe119_vulnerable\sources\04_vulnerable_55__pattern_dead_code__c3.c,inserted 3 unreachable pointer/array/length pattern block(s) near sensitive or structural lines,
cwe119_vulnerable,04_vulnerable_55,C:\Users\weijt\Desktop\UNSW\COMP9900\project\capstone-project-26t2-9900-t17a-almond\input_sources\cwe119\vulnerable\04_vulnerable_55.c,pattern_dead_code,5,3,partial,run_partial,False,1,1,0.997986912727356,0.997986912727356,0.0,61,226,165,112,415,303,C:\Users\weijt\Desktop\UNSW\COMP9900\project\capstone-project-26t2-9900-t17a-almond\outputs\generated\full_budget_search_20260717\cwe119_vulnerable\runs\baseline\04_vulnerable_55,C:\Users\weijt\Desktop\UNSW\COMP9900\project\capstone-project-26t2-9900-t17a-almond\outputs\generated\full_budget_search_20260717\cwe119_vulnerable\runs\perturbed\04_vulnerable_55__pattern_dead_code__c5,C:\Users\weijt\Desktop\UNSW\COMP9900\project\capstone-project-26t2-9900-t17a-almond\outputs\generated\full_budget_search_20260717\cwe119_vulnerable\sources\04_vulnerable_55__pattern_dead_code__c5.c,inserted 3 unreachable pointer/array/length pattern block(s) near sensitive or structural lines,
cwe119_vulnerable,04_vulnerable_55,C:\Users\weijt\Desktop\UNSW\COMP9900\project\capstone-project-26t2-9900-t17a-almond\input_sources\cwe119\vulnerable\04_vulnerable_55.c,control_wrapper,1,1,generated,ran,False,1,1,0.997986912727356,0.9984887838363647,0.0005018711090087891,61,65,4,112,123,11,C:\Users\weijt\Desktop\UNSW\COMP9900\project\capstone-project-26t2-9900-t17a-almond\outputs\generated\full_budget_search_20260717\cwe119_vulnerable\runs\baseline\04_vulnerable_55,C:\Users\weijt\Desktop\UNSW\COMP9900\project\capstone-project-26t2-9900-t17a-almond\outputs\generated\full_budget_search_20260717\cwe119_vulnerable\runs\perturbed\04_vulnerable_55__control_wrapper__c1,C:\Users\weijt\Desktop\UNSW\COMP9900\project\capstone-project-26t2-9900-t17a-almond\outputs\generated\full_budget_search_20260717\cwe119_vulnerable\sources\04_vulnerable_55__control_wrapper__c1.c,wrapped 1 safe single-line statement(s) with if (1) blocks,
cwe119_vulnerable,04_vulnerable_55,C:\Users\weijt\Desktop\UNSW\COMP9900\project\capstone-project-26t2-9900-t17a-almond\input_sources\cwe119\vulnerable\04_vulnerable_55.c,control_wrapper,2,2,generated,ran,False,1,1,0.997986912727356,0.9989762306213379,0.0009893178939819336,61,69,8,112,132,20,C:\Users\weijt\Desktop\UNSW\COMP9900\project\capstone-project-26t2-9900-t17a-almond\outputs\generated\full_budget_search_20260717\cwe119_vulnerable\runs\baseline\04_vulnerable_55,C:\Users\weijt\Desktop\UNSW\COMP9900\project\capstone-project-26t2-9900-t17a-almond\outputs\generated\full_budget_search_20260717\cwe119_vulnerable\runs\perturbed\04_vulnerable_55__control_wrapper__c2,C:\Users\weijt\Desktop\UNSW\COMP9900\project\capstone-project-26t2-9900-t17a-almond\outputs\generated\full_budget_search_20260717\cwe119_vulnerable\sources\04_vulnerable_55__control_wrapper__c2.c,wrapped 2 safe single-line statement(s) with if (1) blocks,
cwe119_vulnerable,04_vulnerable_55,C:\Users\weijt\Desktop\UNSW\COMP9900\project\capstone-project-26t2-9900-t17a-almond\input_sources\cwe119\vulnerable\04_vulnerable_55.c,control_wrapper,3,3,generated,ran,False,1,1,0.997986912727356,0.9980321526527405,4.5239925384521484e-05,61,73,12,112,141,29,C:\Users\weijt\Desktop\UNSW\COMP9900\project\capstone-project-26t2-9900-t17a-almond\outputs\generated\full_budget_search_20260717\cwe119_vulnerable\runs\baseline\04_vulnerable_55,C:\Users\weijt\Desktop\UNSW\COMP9900\project\capstone-project-26t2-9900-t17a-almond\outputs\generated\full_budget_search_20260717\cwe119_vulnerable\runs\perturbed\04_vulnerable_55__control_wrapper__c3,C:\Users\weijt\Desktop\UNSW\COMP9900\project\capstone-project-26t2-9900-t17a-almond\outputs\generated\full_budget_search_20260717\cwe119_vulnerable\sources\04_vulnerable_55__control_wrapper__c3.c,wrapped 3 safe single-line statement(s) with if (1) blocks,
cwe119_vulnerable,04_vulnerable_55,C:\Users\weijt\Desktop\UNSW\COMP9900\project\capstone-project-26t2-9900-t17a-almond\input_sources\cwe119\vulnerable\04_vulnerable_55.c,control_wrapper,5,3,partial,run_partial,False,1,1,0.997986912727356,0.9980321526527405,4.5239925384521484e-05,61,73,12,112,141,29,C:\Users\weijt\Desktop\UNSW\COMP9900\project\capstone-project-26t2-9900-t17a-almond\outputs\generated\full_budget_search_20260717\cwe119_vulnerable\runs\baseline\04_vulnerable_55,C:\Users\weijt\Desktop\UNSW\COMP9900\project\capstone-project-26t2-9900-t17a-almond\outputs\generated\full_budget_search_20260717\cwe119_vulnerable\runs\perturbed\04_vulnerable_55__control_wrapper__c5,C:\Users\weijt\Desktop\UNSW\COMP9900\project\capstone-project-26t2-9900-t17a-almond\outputs\generated\full_budget_search_20260717\cwe119_vulnerable\sources\04_vulnerable_55__control_wrapper__c5.c,wrapped 3 safe single-line statement(s) with if (1) blocks,
cwe119_vulnerable,04_vulnerable_55,C:\Users\weijt\Desktop\UNSW\COMP9900\project\capstone-project-26t2-9900-t17a-almond\input_sources\cwe119\vulnerable\04_vulnerable_55.c,temp_variable_split,1,0,skipped,ran,,,,,,,,,,,,,C:\Users\weijt\Desktop\UNSW\COMP9900\project\capstone-project-26t2-9900-t17a-almond\outputs\generated\full_budget_search_20260717\cwe119_vulnerable\runs\baseline\04_vulnerable_55,,,no simple integer-like assignment candidate found,
cwe119_vulnerable,05_vulnerable_32,C:\Users\weijt\Desktop\UNSW\COMP9900\project\capstone-project-26t2-9900-t17a-almond\input_sources\cwe119\vulnerable\05_vulnerable_32.cpp,data_flow_alias,1,1,generated,ran,False,1,1,0.9999673366546631,0.9881870150566101,-0.011780321598052979,147,167,20,426,464,38,C:\Users\weijt\Desktop\UNSW\COMP9900\project\capstone-project-26t2-9900-t17a-almond\outputs\generated\full_budget_search_20260717\cwe119_vulnerable\runs\baseline\05_vulnerable_32,C:\Users\weijt\Desktop\UNSW\COMP9900\project\capstone-project-26t2-9900-t17a-almond\outputs\generated\full_budget_search_20260717\cwe119_vulnerable\runs\perturbed\05_vulnerable_32__data_flow_alias__c1,C:\Users\weijt\Desktop\UNSW\COMP9900\project\capstone-project-26t2-9900-t17a-almond\outputs\generated\full_budget_search_20260717\cwe119_vulnerable\sources\05_vulnerable_32__data_flow_alias__c1.cpp,inserted 1 alias-preserving data-flow no-op(s) near call arguments,
cwe119_vulnerable,05_vulnerable_32,C:\Users\weijt\Desktop\UNSW\COMP9900\project\capstone-project-26t2-9900-t17a-almond\input_sources\cwe119\vulnerable\05_vulnerable_32.cpp,data_flow_alias,2,2,generated,ran,False,1,1,0.9999673366546631,0.9999673366546631,0.0,147,187,40,426,502,76,C:\Users\weijt\Desktop\UNSW\COMP9900\project\capstone-project-26t2-9900-t17a-almond\outputs\generated\full_budget_search_20260717\cwe119_vulnerable\runs\baseline\05_vulnerable_32,C:\Users\weijt\Desktop\UNSW\COMP9900\project\capstone-project-26t2-9900-t17a-almond\outputs\generated\full_budget_search_20260717\cwe119_vulnerable\runs\perturbed\05_vulnerable_32__data_flow_alias__c2,C:\Users\weijt\Desktop\UNSW\COMP9900\project\capstone-project-26t2-9900-t17a-almond\outputs\generated\full_budget_search_20260717\cwe119_vulnerable\sources\05_vulnerable_32__data_flow_alias__c2.cpp,inserted 2 alias-preserving data-flow no-op(s) near call arguments,
cwe119_vulnerable,05_vulnerable_32,C:\Users\weijt\Desktop\UNSW\COMP9900\project\capstone-project-26t2-9900-t17a-almond\input_sources\cwe119\vulnerable\05_vulnerable_32.cpp,data_flow_alias,3,3,generated,ran,False,1,1,0.9999673366546631,0.9999673366546631,0.0,147,207,60,426,540,114,C:\Users\weijt\Desktop\UNSW\COMP9900\project\capstone-project-26t2-9900-t17a-almond\outputs\generated\full_budget_search_20260717\cwe119_vulnerable\runs\baseline\05_vulnerable_32,C:\Users\weijt\Desktop\UNSW\COMP9900\project\capstone-project-26t2-9900-t17a-almond\outputs\generated\full_budget_search_20260717\cwe119_vulnerable\runs\perturbed\05_vulnerable_32__data_flow_alias__c3,C:\Users\weijt\Desktop\UNSW\COMP9900\project\capstone-project-26t2-9900-t17a-almond\outputs\generated\full_budget_search_20260717\cwe119_vulnerable\sources\05_vulnerable_32__data_flow_alias__c3.cpp,inserted 3 alias-preserving data-flow no-op(s) near call arguments,
cwe119_vulnerable,05_vulnerable_32,C:\Users\weijt\Desktop\UNSW\COMP9900\project\capstone-project-26t2-9900-t17a-almond\input_sources\cwe119\vulnerable\05_vulnerable_32.cpp,data_flow_alias,5,5,generated,ran,False,1,1,0.9999673366546631,0.9999673366546631,0.0,147,229,82,426,579,153,C:\Users\weijt\Desktop\UNSW\COMP9900\project\capstone-project-26t2-9900-t17a-almond\outputs\generated\full_budget_search_20260717\cwe119_vulnerable\runs\baseline\05_vulnerable_32,C:\Users\weijt\Desktop\UNSW\COMP9900\project\capstone-project-26t2-9900-t17a-almond\outputs\generated\full_budget_search_20260717\cwe119_vulnerable\runs\perturbed\05_vulnerable_32__data_flow_alias__c5,C:\Users\weijt\Desktop\UNSW\COMP9900\project\capstone-project-26t2-9900-t17a-almond\outputs\generated\full_budget_search_20260717\cwe119_vulnerable\sources\05_vulnerable_32__data_flow_alias__c5.cpp,inserted 5 alias-preserving data-flow no-op(s) near call arguments,
cwe119_vulnerable,05_vulnerable_32,C:\Users\weijt\Desktop\UNSW\COMP9900\project\capstone-project-26t2-9900-t17a-almond\input_sources\cwe119\vulnerable\05_vulnerable_32.cpp,dead_statement,1,1,generated,ran,True,1,0,0.9999673366546631,0.26539650559425354,-0.7345708310604095,147,159,12,426,453,27,C:\Users\weijt\Desktop\UNSW\COMP9900\project\capstone-project-26t2-9900-t17a-almond\outputs\generated\full_budget_search_20260717\cwe119_vulnerable\runs\baseline\05_vulnerable_32,C:\Users\weijt\Desktop\UNSW\COMP9900\project\capstone-project-26t2-9900-t17a-almond\outputs\generated\full_budget_search_20260717\cwe119_vulnerable\runs\perturbed\05_vulnerable_32__dead_statement__c1,C:\Users\weijt\Desktop\UNSW\COMP9900\project\capstone-project-26t2-9900-t17a-almond\outputs\generated\full_budget_search_20260717\cwe119_vulnerable\sources\05_vulnerable_32__dead_statement__c1.cpp,inserted 1 harmless dummy integer statement pair(s) after first function brace,
cwe119_vulnerable,05_vulnerable_32,C:\Users\weijt\Desktop\UNSW\COMP9900\project\capstone-project-26t2-9900-t17a-almond\input_sources\cwe119\vulnerable\05_vulnerable_32.cpp,xfg_targeted_dead_code,1,1,generated,ran,True,1,0,0.9999673366546631,0.2511430084705353,-0.7488243281841278,147,163,16,426,462,36,C:\Users\weijt\Desktop\UNSW\COMP9900\project\capstone-project-26t2-9900-t17a-almond\outputs\generated\full_budget_search_20260717\cwe119_vulnerable\runs\baseline\05_vulnerable_32,C:\Users\weijt\Desktop\UNSW\COMP9900\project\capstone-project-26t2-9900-t17a-almond\outputs\generated\full_budget_search_20260717\cwe119_vulnerable\runs\perturbed\05_vulnerable_32__xfg_targeted_dead_code__c1,C:\Users\weijt\Desktop\UNSW\COMP9900\project\capstone-project-26t2-9900-t17a-almond\outputs\generated\full_budget_search_20260717\cwe119_vulnerable\sources\05_vulnerable_32__xfg_targeted_dead_code__c1.cpp,inserted 1 unreachable no-op block(s) near XFG-relevant target lines,
cwe119_vulnerable,05_vulnerable_32,C:\Users\weijt\Desktop\UNSW\COMP9900\project\capstone-project-26t2-9900-t17a-almond\input_sources\cwe119\vulnerable\05_vulnerable_32.cpp,range_clamp,1,0,skipped,ran,,,,,,,,,,,,,C:\Users\weijt\Desktop\UNSW\COMP9900\project\capstone-project-26t2-9900-t17a-almond\outputs\generated\full_budget_search_20260717\cwe119_vulnerable\runs\baseline\05_vulnerable_32,,,no sensitive call with a clampable size/count argument found,
cwe119_vulnerable,05_vulnerable_32,C:\Users\weijt\Desktop\UNSW\COMP9900\project\capstone-project-26t2-9900-t17a-almond\input_sources\cwe119\vulnerable\05_vulnerable_32.cpp,safe_source_substitution,1,0,skipped,ran,,,,,,,,,,,,,C:\Users\weijt\Desktop\UNSW\COMP9900\project\capstone-project-26t2-9900-t17a-almond\outputs\generated\full_budget_search_20260717\cwe119_vulnerable\runs\baseline\05_vulnerable_32,,,no nested pointer dereference source found,
cwe119_vulnerable,05_vulnerable_32,C:\Users\weijt\Desktop\UNSW\COMP9900\project\capstone-project-26t2-9900-t17a-almond\input_sources\cwe119\vulnerable\05_vulnerable_32.cpp,sink_bound_guard,1,0,skipped,ran,,,,,,,,,,,,,C:\Users\weijt\Desktop\UNSW\COMP9900\project\capstone-project-26t2-9900-t17a-almond\outputs\generated\full_budget_search_20260717\cwe119_vulnerable\runs\baseline\05_vulnerable_32,,,no sensitive sink call found for bound guard insertion,
cwe119_vulnerable,05_vulnerable_32,C:\Users\weijt\Desktop\UNSW\COMP9900\project\capstone-project-26t2-9900-t17a-almond\input_sources\cwe119\vulnerable\05_vulnerable_32.cpp,postcondition_validation,1,0,skipped,ran,,,,,,,,,,,,,C:\Users\weijt\Desktop\UNSW\COMP9900\project\capstone-project-26t2-9900-t17a-almond\outputs\generated\full_budget_search_20260717\cwe119_vulnerable\runs\baseline\05_vulnerable_32,,,no matching *_count/*_read pair found for postcondition validation,
cwe119_vulnerable,05_vulnerable_32,C:\Users\weijt\Desktop\UNSW\COMP9900\project\capstone-project-26t2-9900-t17a-almond\input_sources\cwe119\vulnerable\05_vulnerable_32.cpp,integer_overflow_guard,1,0,skipped,ran,,,,,,,,,,,,,C:\Users\weijt\Desktop\UNSW\COMP9900\project\capstone-project-26t2-9900-t17a-almond\outputs\generated\full_budget_search_20260717\cwe119_vulnerable\runs\baseline\05_vulnerable_32,,,no allocation size addition or multiplication expression found,
cwe119_vulnerable,05_vulnerable_32,C:\Users\weijt\Desktop\UNSW\COMP9900\project\capstone-project-26t2-9900-t17a-almond\input_sources\cwe119\vulnerable\05_vulnerable_32.cpp,array_index_bound_guard,1,0,skipped,ran,,,,,,,,,,,,,C:\Users\weijt\Desktop\UNSW\COMP9900\project\capstone-project-26t2-9900-t17a-almond\outputs\generated\full_budget_search_20260717\cwe119_vulnerable\runs\baseline\05_vulnerable_32,,,no array write found for index bound guard,
cwe119_vulnerable,05_vulnerable_32,C:\Users\weijt\Desktop\UNSW\COMP9900\project\capstone-project-26t2-9900-t17a-almond\input_sources\cwe119\vulnerable\05_vulnerable_32.cpp,wide_char_sink_guard,1,1,generated,ran,False,1,1,0.9999673366546631,0.9989835619926453,-0.0009837746620178223,147,165,18,426,460,34,C:\Users\weijt\Desktop\UNSW\COMP9900\project\capstone-project-26t2-9900-t17a-almond\outputs\generated\full_budget_search_20260717\cwe119_vulnerable\runs\baseline\05_vulnerable_32,C:\Users\weijt\Desktop\UNSW\COMP9900\project\capstone-project-26t2-9900-t17a-almond\outputs\generated\full_budget_search_20260717\cwe119_vulnerable\runs\perturbed\05_vulnerable_32__wide_char_sink_guard__c1,C:\Users\weijt\Desktop\UNSW\COMP9900\project\capstone-project-26t2-9900-t17a-almond\outputs\generated\full_budget_search_20260717\cwe119_vulnerable\sources\05_vulnerable_32__wide_char_sink_guard__c1.cpp,rewrote 1 wcscat/wcscpy sink(s) to bounded wide-character operations,
cwe119_vulnerable,05_vulnerable_32,C:\Users\weijt\Desktop\UNSW\COMP9900\project\capstone-project-26t2-9900-t17a-almond\input_sources\cwe119\vulnerable\05_vulnerable_32.cpp,wide_char_sink_guard,2,2,generated,ran,False,1,1,0.9999673366546631,0.9989835619926453,-0.0009837746620178223,147,183,36,426,494,68,C:\Users\weijt\Desktop\UNSW\COMP9900\project\capstone-project-26t2-9900-t17a-almond\outputs\generated\full_budget_search_20260717\cwe119_vulnerable\runs\baseline\05_vulnerable_32,C:\Users\weijt\Desktop\UNSW\COMP9900\project\capstone-project-26t2-9900-t17a-almond\outputs\generated\full_budget_search_20260717\cwe119_vulnerable\runs\perturbed\05_vulnerable_32__wide_char_sink_guard__c2,C:\Users\weijt\Desktop\UNSW\COMP9900\project\capstone-project-26t2-9900-t17a-almond\outputs\generated\full_budget_search_20260717\cwe119_vulnerable\sources\05_vulnerable_32__wide_char_sink_guard__c2.cpp,rewrote 2 wcscat/wcscpy sink(s) to bounded wide-character operations,
cwe119_vulnerable,05_vulnerable_32,C:\Users\weijt\Desktop\UNSW\COMP9900\project\capstone-project-26t2-9900-t17a-almond\input_sources\cwe119\vulnerable\05_vulnerable_32.cpp,wide_char_sink_guard,3,2,partial,run_partial,False,1,1,0.9999673366546631,0.9989835619926453,-0.0009837746620178223,147,183,36,426,494,68,C:\Users\weijt\Desktop\UNSW\COMP9900\project\capstone-project-26t2-9900-t17a-almond\outputs\generated\full_budget_search_20260717\cwe119_vulnerable\runs\baseline\05_vulnerable_32,C:\Users\weijt\Desktop\UNSW\COMP9900\project\capstone-project-26t2-9900-t17a-almond\outputs\generated\full_budget_search_20260717\cwe119_vulnerable\runs\perturbed\05_vulnerable_32__wide_char_sink_guard__c3,C:\Users\weijt\Desktop\UNSW\COMP9900\project\capstone-project-26t2-9900-t17a-almond\outputs\generated\full_budget_search_20260717\cwe119_vulnerable\sources\05_vulnerable_32__wide_char_sink_guard__c3.cpp,rewrote 2 wcscat/wcscpy sink(s) to bounded wide-character operations,
cwe119_vulnerable,05_vulnerable_32,C:\Users\weijt\Desktop\UNSW\COMP9900\project\capstone-project-26t2-9900-t17a-almond\input_sources\cwe119\vulnerable\05_vulnerable_32.cpp,pattern_dead_code,1,1,generated,ran,False,1,1,0.9999673366546631,0.9999673366546631,0.0,147,202,55,426,527,101,C:\Users\weijt\Desktop\UNSW\COMP9900\project\capstone-project-26t2-9900-t17a-almond\outputs\generated\full_budget_search_20260717\cwe119_vulnerable\runs\baseline\05_vulnerable_32,C:\Users\weijt\Desktop\UNSW\COMP9900\project\capstone-project-26t2-9900-t17a-almond\outputs\generated\full_budget_search_20260717\cwe119_vulnerable\runs\perturbed\05_vulnerable_32__pattern_dead_code__c1,C:\Users\weijt\Desktop\UNSW\COMP9900\project\capstone-project-26t2-9900-t17a-almond\outputs\generated\full_budget_search_20260717\cwe119_vulnerable\sources\05_vulnerable_32__pattern_dead_code__c1.cpp,inserted 1 unreachable pointer/array/length pattern block(s) near sensitive or structural lines,
cwe119_vulnerable,05_vulnerable_32,C:\Users\weijt\Desktop\UNSW\COMP9900\project\capstone-project-26t2-9900-t17a-almond\input_sources\cwe119\vulnerable\05_vulnerable_32.cpp,pattern_dead_code,2,2,generated,ran,False,1,1,0.9999673366546631,0.9999673366546631,0.0,147,257,110,426,628,202,C:\Users\weijt\Desktop\UNSW\COMP9900\project\capstone-project-26t2-9900-t17a-almond\outputs\generated\full_budget_search_20260717\cwe119_vulnerable\runs\baseline\05_vulnerable_32,C:\Users\weijt\Desktop\UNSW\COMP9900\project\capstone-project-26t2-9900-t17a-almond\outputs\generated\full_budget_search_20260717\cwe119_vulnerable\runs\perturbed\05_vulnerable_32__pattern_dead_code__c2,C:\Users\weijt\Desktop\UNSW\COMP9900\project\capstone-project-26t2-9900-t17a-almond\outputs\generated\full_budget_search_20260717\cwe119_vulnerable\sources\05_vulnerable_32__pattern_dead_code__c2.cpp,inserted 2 unreachable pointer/array/length pattern block(s) near sensitive or structural lines,
cwe119_vulnerable,05_vulnerable_32,C:\Users\weijt\Desktop\UNSW\COMP9900\project\capstone-project-26t2-9900-t17a-almond\input_sources\cwe119\vulnerable\05_vulnerable_32.cpp,pattern_dead_code,3,3,generated,ran,False,1,1,0.9999673366546631,0.9999673366546631,0.0,147,312,165,426,729,303,C:\Users\weijt\Desktop\UNSW\COMP9900\project\capstone-project-26t2-9900-t17a-almond\outputs\generated\full_budget_search_20260717\cwe119_vulnerable\runs\baseline\05_vulnerable_32,C:\Users\weijt\Desktop\UNSW\COMP9900\project\capstone-project-26t2-9900-t17a-almond\outputs\generated\full_budget_search_20260717\cwe119_vulnerable\runs\perturbed\05_vulnerable_32__pattern_dead_code__c3,C:\Users\weijt\Desktop\UNSW\COMP9900\project\capstone-project-26t2-9900-t17a-almond\outputs\generated\full_budget_search_20260717\cwe119_vulnerable\sources\05_vulnerable_32__pattern_dead_code__c3.cpp,inserted 3 unreachable pointer/array/length pattern block(s) near sensitive or structural lines,
cwe119_vulnerable,05_vulnerable_32,C:\Users\weijt\Desktop\UNSW\COMP9900\project\capstone-project-26t2-9900-t17a-almond\input_sources\cwe119\vulnerable\05_vulnerable_32.cpp,pattern_dead_code,5,5,generated,ran,False,1,1,0.9999673366546631,0.9999673366546631,0.0,147,422,275,426,931,505,C:\Users\weijt\Desktop\UNSW\COMP9900\project\capstone-project-26t2-9900-t17a-almond\outputs\generated\full_budget_search_20260717\cwe119_vulnerable\runs\baseline\05_vulnerable_32,C:\Users\weijt\Desktop\UNSW\COMP9900\project\capstone-project-26t2-9900-t17a-almond\outputs\generated\full_budget_search_20260717\cwe119_vulnerable\runs\perturbed\05_vulnerable_32__pattern_dead_code__c5,C:\Users\weijt\Desktop\UNSW\COMP9900\project\capstone-project-26t2-9900-t17a-almond\outputs\generated\full_budget_search_20260717\cwe119_vulnerable\sources\05_vulnerable_32__pattern_dead_code__c5.cpp,inserted 5 unreachable pointer/array/length pattern block(s) near sensitive or structural lines,
cwe119_vulnerable,05_vulnerable_32,C:\Users\weijt\Desktop\UNSW\COMP9900\project\capstone-project-26t2-9900-t17a-almond\input_sources\cwe119\vulnerable\05_vulnerable_32.cpp,control_wrapper,1,1,generated,ran,False,1,1,0.9999673366546631,0.9736072421073914,-0.02636009454727173,147,151,4,426,435,9,C:\Users\weijt\Desktop\UNSW\COMP9900\project\capstone-project-26t2-9900-t17a-almond\outputs\generated\full_budget_search_20260717\cwe119_vulnerable\runs\baseline\05_vulnerable_32,C:\Users\weijt\Desktop\UNSW\COMP9900\project\capstone-project-26t2-9900-t17a-almond\outputs\generated\full_budget_search_20260717\cwe119_vulnerable\runs\perturbed\05_vulnerable_32__control_wrapper__c1,C:\Users\weijt\Desktop\UNSW\COMP9900\project\capstone-project-26t2-9900-t17a-almond\outputs\generated\full_budget_search_20260717\cwe119_vulnerable\sources\05_vulnerable_32__control_wrapper__c1.cpp,wrapped 1 safe single-line statement(s) with if (1) blocks,
cwe119_vulnerable,05_vulnerable_32,C:\Users\weijt\Desktop\UNSW\COMP9900\project\capstone-project-26t2-9900-t17a-almond\input_sources\cwe119\vulnerable\05_vulnerable_32.cpp,control_wrapper,2,2,generated,ran,False,1,1,0.9999673366546631,0.9736072421073914,-0.02636009454727173,147,155,8,426,444,18,C:\Users\weijt\Desktop\UNSW\COMP9900\project\capstone-project-26t2-9900-t17a-almond\outputs\generated\full_budget_search_20260717\cwe119_vulnerable\runs\baseline\05_vulnerable_32,C:\Users\weijt\Desktop\UNSW\COMP9900\project\capstone-project-26t2-9900-t17a-almond\outputs\generated\full_budget_search_20260717\cwe119_vulnerable\runs\perturbed\05_vulnerable_32__control_wrapper__c2,C:\Users\weijt\Desktop\UNSW\COMP9900\project\capstone-project-26t2-9900-t17a-almond\outputs\generated\full_budget_search_20260717\cwe119_vulnerable\sources\05_vulnerable_32__control_wrapper__c2.cpp,wrapped 2 safe single-line statement(s) with if (1) blocks,
cwe119_vulnerable,05_vulnerable_32,C:\Users\weijt\Desktop\UNSW\COMP9900\project\capstone-project-26t2-9900-t17a-almond\input_sources\cwe119\vulnerable\05_vulnerable_32.cpp,control_wrapper,3,3,generated,ran,False,1,1,0.9999673366546631,0.9999673366546631,0.0,147,159,12,426,453,27,C:\Users\weijt\Desktop\UNSW\COMP9900\project\capstone-project-26t2-9900-t17a-almond\outputs\generated\full_budget_search_20260717\cwe119_vulnerable\runs\baseline\05_vulnerable_32,C:\Users\weijt\Desktop\UNSW\COMP9900\project\capstone-project-26t2-9900-t17a-almond\outputs\generated\full_budget_search_20260717\cwe119_vulnerable\runs\perturbed\05_vulnerable_32__control_wrapper__c3,C:\Users\weijt\Desktop\UNSW\COMP9900\project\capstone-project-26t2-9900-t17a-almond\outputs\generated\full_budget_search_20260717\cwe119_vulnerable\sources\05_vulnerable_32__control_wrapper__c3.cpp,wrapped 3 safe single-line statement(s) with if (1) blocks,
cwe119_vulnerable,05_vulnerable_32,C:\Users\weijt\Desktop\UNSW\COMP9900\project\capstone-project-26t2-9900-t17a-almond\input_sources\cwe119\vulnerable\05_vulnerable_32.cpp,control_wrapper,5,5,generated,ran,False,1,1,0.9999673366546631,0.9736072421073914,-0.02636009454727173,147,167,20,426,471,45,C:\Users\weijt\Desktop\UNSW\COMP9900\project\capstone-project-26t2-9900-t17a-almond\outputs\generated\full_budget_search_20260717\cwe119_vulnerable\runs\baseline\05_vulnerable_32,C:\Users\weijt\Desktop\UNSW\COMP9900\project\capstone-project-26t2-9900-t17a-almond\outputs\generated\full_budget_search_20260717\cwe119_vulnerable\runs\perturbed\05_vulnerable_32__control_wrapper__c5,C:\Users\weijt\Desktop\UNSW\COMP9900\project\capstone-project-26t2-9900-t17a-almond\outputs\generated\full_budget_search_20260717\cwe119_vulnerable\sources\05_vulnerable_32__control_wrapper__c5.cpp,wrapped 5 safe single-line statement(s) with if (1) blocks,
cwe119_vulnerable,05_vulnerable_32,C:\Users\weijt\Desktop\UNSW\COMP9900\project\capstone-project-26t2-9900-t17a-almond\input_sources\cwe119\vulnerable\05_vulnerable_32.cpp,temp_variable_split,1,0,skipped,ran,,,,,,,,,,,,,C:\Users\weijt\Desktop\UNSW\COMP9900\project\capstone-project-26t2-9900-t17a-almond\outputs\generated\full_budget_search_20260717\cwe119_vulnerable\runs\baseline\05_vulnerable_32,,,no simple integer-like assignment candidate found,
cvefixes_vulnerable,00_cve-2022-48620,C:\Users\weijt\Desktop\UNSW\COMP9900\project\capstone-project-26t2-9900-t17a-almond\input_sources\cvefixes\vulnerable\00_cve-2022-48620.c,data_flow_alias,1,1,generated,ran,False,0,0,0.00044025862007401884,0.0011604528408497572,0.0007201942207757384,1696,1716,20,3762,3799,37,C:\Users\weijt\Desktop\UNSW\COMP9900\project\capstone-project-26t2-9900-t17a-almond\outputs\generated\full_budget_search_20260717\cvefixes_vulnerable\runs\baseline\00_cve-2022-48620,C:\Users\weijt\Desktop\UNSW\COMP9900\project\capstone-project-26t2-9900-t17a-almond\outputs\generated\full_budget_search_20260717\cvefixes_vulnerable\runs\perturbed\00_cve-2022-48620__data_flow_alias__c1,C:\Users\weijt\Desktop\UNSW\COMP9900\project\capstone-project-26t2-9900-t17a-almond\outputs\generated\full_budget_search_20260717\cvefixes_vulnerable\sources\00_cve-2022-48620__data_flow_alias__c1.c,inserted 1 alias-preserving data-flow no-op(s) near call arguments,
cvefixes_vulnerable,00_cve-2022-48620,C:\Users\weijt\Desktop\UNSW\COMP9900\project\capstone-project-26t2-9900-t17a-almond\input_sources\cvefixes\vulnerable\00_cve-2022-48620.c,data_flow_alias,2,2,generated,ran,False,0,0,0.00044025862007401884,0.0016091573052108288,0.00116889868513681,1696,1732,36,3762,3837,75,C:\Users\weijt\Desktop\UNSW\COMP9900\project\capstone-project-26t2-9900-t17a-almond\outputs\generated\full_budget_search_20260717\cvefixes_vulnerable\runs\baseline\00_cve-2022-48620,C:\Users\weijt\Desktop\UNSW\COMP9900\project\capstone-project-26t2-9900-t17a-almond\outputs\generated\full_budget_search_20260717\cvefixes_vulnerable\runs\perturbed\00_cve-2022-48620__data_flow_alias__c2,C:\Users\weijt\Desktop\UNSW\COMP9900\project\capstone-project-26t2-9900-t17a-almond\outputs\generated\full_budget_search_20260717\cvefixes_vulnerable\sources\00_cve-2022-48620__data_flow_alias__c2.c,inserted 2 alias-preserving data-flow no-op(s) near call arguments,
cvefixes_vulnerable,00_cve-2022-48620,C:\Users\weijt\Desktop\UNSW\COMP9900\project\capstone-project-26t2-9900-t17a-almond\input_sources\cvefixes\vulnerable\00_cve-2022-48620.c,data_flow_alias,3,3,generated,ran,False,0,0,0.00044025862007401884,0.0016091573052108288,0.00116889868513681,1696,1734,38,3762,3838,76,C:\Users\weijt\Desktop\UNSW\COMP9900\project\capstone-project-26t2-9900-t17a-almond\outputs\generated\full_budget_search_20260717\cvefixes_vulnerable\runs\baseline\00_cve-2022-48620,C:\Users\weijt\Desktop\UNSW\COMP9900\project\capstone-project-26t2-9900-t17a-almond\outputs\generated\full_budget_search_20260717\cvefixes_vulnerable\runs\perturbed\00_cve-2022-48620__data_flow_alias__c3,C:\Users\weijt\Desktop\UNSW\COMP9900\project\capstone-project-26t2-9900-t17a-almond\outputs\generated\full_budget_search_20260717\cvefixes_vulnerable\sources\00_cve-2022-48620__data_flow_alias__c3.c,inserted 3 alias-preserving data-flow no-op(s) near call arguments,
cvefixes_vulnerable,00_cve-2022-48620,C:\Users\weijt\Desktop\UNSW\COMP9900\project\capstone-project-26t2-9900-t17a-almond\input_sources\cvefixes\vulnerable\00_cve-2022-48620.c,data_flow_alias,5,5,generated,ran,False,0,0,0.00044025862007401884,0.0054281894117593765,0.004987930791685358,1696,1776,80,3762,3915,153,C:\Users\weijt\Desktop\UNSW\COMP9900\project\capstone-project-26t2-9900-t17a-almond\outputs\generated\full_budget_search_20260717\cvefixes_vulnerable\runs\baseline\00_cve-2022-48620,C:\Users\weijt\Desktop\UNSW\COMP9900\project\capstone-project-26t2-9900-t17a-almond\outputs\generated\full_budget_search_20260717\cvefixes_vulnerable\runs\perturbed\00_cve-2022-48620__data_flow_alias__c5,C:\Users\weijt\Desktop\UNSW\COMP9900\project\capstone-project-26t2-9900-t17a-almond\outputs\generated\full_budget_search_20260717\cvefixes_vulnerable\sources\00_cve-2022-48620__data_flow_alias__c5.c,inserted 5 alias-preserving data-flow no-op(s) near call arguments,
cvefixes_vulnerable,00_cve-2022-48620,C:\Users\weijt\Desktop\UNSW\COMP9900\project\capstone-project-26t2-9900-t17a-almond\input_sources\cvefixes\vulnerable\00_cve-2022-48620.c,dead_statement,1,1,generated,ran,False,0,0,0.00044025862007401884,0.0011604528408497572,0.0007201942207757384,1696,1708,12,3762,3789,27,C:\Users\weijt\Desktop\UNSW\COMP9900\project\capstone-project-26t2-9900-t17a-almond\outputs\generated\full_budget_search_20260717\cvefixes_vulnerable\runs\baseline\00_cve-2022-48620,C:\Users\weijt\Desktop\UNSW\COMP9900\project\capstone-project-26t2-9900-t17a-almond\outputs\generated\full_budget_search_20260717\cvefixes_vulnerable\runs\perturbed\00_cve-2022-48620__dead_statement__c1,C:\Users\weijt\Desktop\UNSW\COMP9900\project\capstone-project-26t2-9900-t17a-almond\outputs\generated\full_budget_search_20260717\cvefixes_vulnerable\sources\00_cve-2022-48620__dead_statement__c1.c,inserted 1 harmless dummy integer statement pair(s) after first function brace,
cvefixes_vulnerable,00_cve-2022-48620,C:\Users\weijt\Desktop\UNSW\COMP9900\project\capstone-project-26t2-9900-t17a-almond\input_sources\cvefixes\vulnerable\00_cve-2022-48620.c,dead_statement,2,2,generated,ran,False,0,0,0.00044025862007401884,0.04378660395741463,0.04334634533734061,1696,1720,24,3762,3816,54,C:\Users\weijt\Desktop\UNSW\COMP9900\project\capstone-project-26t2-9900-t17a-almond\outputs\generated\full_budget_search_20260717\cvefixes_vulnerable\runs\baseline\00_cve-2022-48620,C:\Users\weijt\Desktop\UNSW\COMP9900\project\capstone-project-26t2-9900-t17a-almond\outputs\generated\full_budget_search_20260717\cvefixes_vulnerable\runs\perturbed\00_cve-2022-48620__dead_statement__c2,C:\Users\weijt\Desktop\UNSW\COMP9900\project\capstone-project-26t2-9900-t17a-almond\outputs\generated\full_budget_search_20260717\cvefixes_vulnerable\sources\00_cve-2022-48620__dead_statement__c2.c,inserted 2 harmless dummy integer statement pair(s) after first function brace,
cvefixes_vulnerable,00_cve-2022-48620,C:\Users\weijt\Desktop\UNSW\COMP9900\project\capstone-project-26t2-9900-t17a-almond\input_sources\cvefixes\vulnerable\00_cve-2022-48620.c,dead_statement,3,3,generated,ran,False,0,0,0.00044025862007401884,0.00044025862007401884,0.0,1696,1732,36,3762,3843,81,C:\Users\weijt\Desktop\UNSW\COMP9900\project\capstone-project-26t2-9900-t17a-almond\outputs\generated\full_budget_search_20260717\cvefixes_vulnerable\runs\baseline\00_cve-2022-48620,C:\Users\weijt\Desktop\UNSW\COMP9900\project\capstone-project-26t2-9900-t17a-almond\outputs\generated\full_budget_search_20260717\cvefixes_vulnerable\runs\perturbed\00_cve-2022-48620__dead_statement__c3,C:\Users\weijt\Desktop\UNSW\COMP9900\project\capstone-project-26t2-9900-t17a-almond\outputs\generated\full_budget_search_20260717\cvefixes_vulnerable\sources\00_cve-2022-48620__dead_statement__c3.c,inserted 3 harmless dummy integer statement pair(s) after first function brace,
cvefixes_vulnerable,00_cve-2022-48620,C:\Users\weijt\Desktop\UNSW\COMP9900\project\capstone-project-26t2-9900-t17a-almond\input_sources\cvefixes\vulnerable\00_cve-2022-48620.c,dead_statement,5,5,generated,ran,False,0,0,0.00044025862007401884,0.0011604528408497572,0.0007201942207757384,1696,1756,60,3762,3897,135,C:\Users\weijt\Desktop\UNSW\COMP9900\project\capstone-project-26t2-9900-t17a-almond\outputs\generated\full_budget_search_20260717\cvefixes_vulnerable\runs\baseline\00_cve-2022-48620,C:\Users\weijt\Desktop\UNSW\COMP9900\project\capstone-project-26t2-9900-t17a-almond\outputs\generated\full_budget_search_20260717\cvefixes_vulnerable\runs\perturbed\00_cve-2022-48620__dead_statement__c5,C:\Users\weijt\Desktop\UNSW\COMP9900\project\capstone-project-26t2-9900-t17a-almond\outputs\generated\full_budget_search_20260717\cvefixes_vulnerable\sources\00_cve-2022-48620__dead_statement__c5.c,inserted 5 harmless dummy integer statement pair(s) after first function brace,
cvefixes_vulnerable,00_cve-2022-48620,C:\Users\weijt\Desktop\UNSW\COMP9900\project\capstone-project-26t2-9900-t17a-almond\input_sources\cvefixes\vulnerable\00_cve-2022-48620.c,xfg_targeted_dead_code,1,1,generated,ran,False,0,0,0.00044025862007401884,0.04378660395741463,0.04334634533734061,1696,1712,16,3762,3798,36,C:\Users\weijt\Desktop\UNSW\COMP9900\project\capstone-project-26t2-9900-t17a-almond\outputs\generated\full_budget_search_20260717\cvefixes_vulnerable\runs\baseline\00_cve-2022-48620,C:\Users\weijt\Desktop\UNSW\COMP9900\project\capstone-project-26t2-9900-t17a-almond\outputs\generated\full_budget_search_20260717\cvefixes_vulnerable\runs\perturbed\00_cve-2022-48620__xfg_targeted_dead_code__c1,C:\Users\weijt\Desktop\UNSW\COMP9900\project\capstone-project-26t2-9900-t17a-almond\outputs\generated\full_budget_search_20260717\cvefixes_vulnerable\sources\00_cve-2022-48620__xfg_targeted_dead_code__c1.c,inserted 1 unreachable no-op block(s) near XFG-relevant target lines,
cvefixes_vulnerable,00_cve-2022-48620,C:\Users\weijt\Desktop\UNSW\COMP9900\project\capstone-project-26t2-9900-t17a-almond\input_sources\cvefixes\vulnerable\00_cve-2022-48620.c,xfg_targeted_dead_code,2,2,generated,ran,False,0,0,0.00044025862007401884,0.00044025862007401884,0.0,1696,1728,32,3762,3834,72,C:\Users\weijt\Desktop\UNSW\COMP9900\project\capstone-project-26t2-9900-t17a-almond\outputs\generated\full_budget_search_20260717\cvefixes_vulnerable\runs\baseline\00_cve-2022-48620,C:\Users\weijt\Desktop\UNSW\COMP9900\project\capstone-project-26t2-9900-t17a-almond\outputs\generated\full_budget_search_20260717\cvefixes_vulnerable\runs\perturbed\00_cve-2022-48620__xfg_targeted_dead_code__c2,C:\Users\weijt\Desktop\UNSW\COMP9900\project\capstone-project-26t2-9900-t17a-almond\outputs\generated\full_budget_search_20260717\cvefixes_vulnerable\sources\00_cve-2022-48620__xfg_targeted_dead_code__c2.c,inserted 2 unreachable no-op block(s) near XFG-relevant target lines,
cvefixes_vulnerable,00_cve-2022-48620,C:\Users\weijt\Desktop\UNSW\COMP9900\project\capstone-project-26t2-9900-t17a-almond\input_sources\cvefixes\vulnerable\00_cve-2022-48620.c,xfg_targeted_dead_code,3,3,generated,ran,False,0,0,0.00044025862007401884,0.00044025862007401884,0.0,1696,1730,34,3762,3835,73,C:\Users\weijt\Desktop\UNSW\COMP9900\project\capstone-project-26t2-9900-t17a-almond\outputs\generated\full_budget_search_20260717\cvefixes_vulnerable\runs\baseline\00_cve-2022-48620,C:\Users\weijt\Desktop\UNSW\COMP9900\project\capstone-project-26t2-9900-t17a-almond\outputs\generated\full_budget_search_20260717\cvefixes_vulnerable\runs\perturbed\00_cve-2022-48620__xfg_targeted_dead_code__c3,C:\Users\weijt\Desktop\UNSW\COMP9900\project\capstone-project-26t2-9900-t17a-almond\outputs\generated\full_budget_search_20260717\cvefixes_vulnerable\sources\00_cve-2022-48620__xfg_targeted_dead_code__c3.c,inserted 3 unreachable no-op block(s) near XFG-relevant target lines,
cvefixes_vulnerable,00_cve-2022-48620,C:\Users\weijt\Desktop\UNSW\COMP9900\project\capstone-project-26t2-9900-t17a-almond\input_sources\cvefixes\vulnerable\00_cve-2022-48620.c,xfg_targeted_dead_code,5,5,generated,ran,False,0,0,0.00044025862007401884,0.00044025862007401884,0.0,1696,1762,66,3762,3907,145,C:\Users\weijt\Desktop\UNSW\COMP9900\project\capstone-project-26t2-9900-t17a-almond\outputs\generated\full_budget_search_20260717\cvefixes_vulnerable\runs\baseline\00_cve-2022-48620,C:\Users\weijt\Desktop\UNSW\COMP9900\project\capstone-project-26t2-9900-t17a-almond\outputs\generated\full_budget_search_20260717\cvefixes_vulnerable\runs\perturbed\00_cve-2022-48620__xfg_targeted_dead_code__c5,C:\Users\weijt\Desktop\UNSW\COMP9900\project\capstone-project-26t2-9900-t17a-almond\outputs\generated\full_budget_search_20260717\cvefixes_vulnerable\sources\00_cve-2022-48620__xfg_targeted_dead_code__c5.c,inserted 5 unreachable no-op block(s) near XFG-relevant target lines,
cvefixes_vulnerable,00_cve-2022-48620,C:\Users\weijt\Desktop\UNSW\COMP9900\project\capstone-project-26t2-9900-t17a-almond\input_sources\cvefixes\vulnerable\00_cve-2022-48620.c,range_clamp,1,1,generated,ran,False,0,0,0.00044025862007401884,0.00044025862007401884,0.0,1696,1726,30,3762,3832,70,C:\Users\weijt\Desktop\UNSW\COMP9900\project\capstone-project-26t2-9900-t17a-almond\outputs\generated\full_budget_search_20260717\cvefixes_vulnerable\runs\baseline\00_cve-2022-48620,C:\Users\weijt\Desktop\UNSW\COMP9900\project\capstone-project-26t2-9900-t17a-almond\outputs\generated\full_budget_search_20260717\cvefixes_vulnerable\runs\perturbed\00_cve-2022-48620__range_clamp__c1,C:\Users\weijt\Desktop\UNSW\COMP9900\project\capstone-project-26t2-9900-t17a-almond\outputs\generated\full_budget_search_20260717\cvefixes_vulnerable\sources\00_cve-2022-48620__range_clamp__c1.c,clamped 1 sensitive sink size/count argument(s) through bounded local variables,
cvefixes_vulnerable,00_cve-2022-48620,C:\Users\weijt\Desktop\UNSW\COMP9900\project\capstone-project-26t2-9900-t17a-almond\input_sources\cvefixes\vulnerable\00_cve-2022-48620.c,range_clamp,2,2,generated,ran,False,0,0,0.00044025862007401884,0.00044025862007401884,0.0,1696,1756,60,3762,3902,140,C:\Users\weijt\Desktop\UNSW\COMP9900\project\capstone-project-26t2-9900-t17a-almond\outputs\generated\full_budget_search_20260717\cvefixes_vulnerable\runs\baseline\00_cve-2022-48620,C:\Users\weijt\Desktop\UNSW\COMP9900\project\capstone-project-26t2-9900-t17a-almond\outputs\generated\full_budget_search_20260717\cvefixes_vulnerable\runs\perturbed\00_cve-2022-48620__range_clamp__c2,C:\Users\weijt\Desktop\UNSW\COMP9900\project\capstone-project-26t2-9900-t17a-almond\outputs\generated\full_budget_search_20260717\cvefixes_vulnerable\sources\00_cve-2022-48620__range_clamp__c2.c,clamped 2 sensitive sink size/count argument(s) through bounded local variables,
cvefixes_vulnerable,00_cve-2022-48620,C:\Users\weijt\Desktop\UNSW\COMP9900\project\capstone-project-26t2-9900-t17a-almond\input_sources\cvefixes\vulnerable\00_cve-2022-48620.c,range_clamp,3,2,partial,run_partial,False,0,0,0.00044025862007401884,0.00044025862007401884,0.0,1696,1756,60,3762,3902,140,C:\Users\weijt\Desktop\UNSW\COMP9900\project\capstone-project-26t2-9900-t17a-almond\outputs\generated\full_budget_search_20260717\cvefixes_vulnerable\runs\baseline\00_cve-2022-48620,C:\Users\weijt\Desktop\UNSW\COMP9900\project\capstone-project-26t2-9900-t17a-almond\outputs\generated\full_budget_search_20260717\cvefixes_vulnerable\runs\perturbed\00_cve-2022-48620__range_clamp__c3,C:\Users\weijt\Desktop\UNSW\COMP9900\project\capstone-project-26t2-9900-t17a-almond\outputs\generated\full_budget_search_20260717\cvefixes_vulnerable\sources\00_cve-2022-48620__range_clamp__c3.c,clamped 2 sensitive sink size/count argument(s) through bounded local variables,
cvefixes_vulnerable,00_cve-2022-48620,C:\Users\weijt\Desktop\UNSW\COMP9900\project\capstone-project-26t2-9900-t17a-almond\input_sources\cvefixes\vulnerable\00_cve-2022-48620.c,safe_source_substitution,1,1,generated,ran,False,0,0,0.00044025862007401884,0.00044025862007401884,0.0,1696,1704,8,3762,3777,15,C:\Users\weijt\Desktop\UNSW\COMP9900\project\capstone-project-26t2-9900-t17a-almond\outputs\generated\full_budget_search_20260717\cvefixes_vulnerable\runs\baseline\00_cve-2022-48620,C:\Users\weijt\Desktop\UNSW\COMP9900\project\capstone-project-26t2-9900-t17a-almond\outputs\generated\full_budget_search_20260717\cvefixes_vulnerable\runs\perturbed\00_cve-2022-48620__safe_source_substitution__c1,C:\Users\weijt\Desktop\UNSW\COMP9900\project\capstone-project-26t2-9900-t17a-almond\outputs\generated\full_budget_search_20260717\cvefixes_vulnerable\sources\00_cve-2022-48620__safe_source_substitution__c1.c,replaced 1 nested pointer source expression(s) with guarded fallback expressions,
cvefixes_vulnerable,00_cve-2022-48620,C:\Users\weijt\Desktop\UNSW\COMP9900\project\capstone-project-26t2-9900-t17a-almond\input_sources\cvefixes\vulnerable\00_cve-2022-48620.c,safe_source_substitution,2,2,generated,ran,False,0,0,0.00044025862007401884,0.00044025862007401884,0.0,1696,1712,16,3762,3797,35,C:\Users\weijt\Desktop\UNSW\COMP9900\project\capstone-project-26t2-9900-t17a-almond\outputs\generated\full_budget_search_20260717\cvefixes_vulnerable\runs\baseline\00_cve-2022-48620,C:\Users\weijt\Desktop\UNSW\COMP9900\project\capstone-project-26t2-9900-t17a-almond\outputs\generated\full_budget_search_20260717\cvefixes_vulnerable\runs\perturbed\00_cve-2022-48620__safe_source_substitution__c2,C:\Users\weijt\Desktop\UNSW\COMP9900\project\capstone-project-26t2-9900-t17a-almond\outputs\generated\full_budget_search_20260717\cvefixes_vulnerable\sources\00_cve-2022-48620__safe_source_substitution__c2.c,replaced 2 nested pointer source expression(s) with guarded fallback expressions,
cvefixes_vulnerable,00_cve-2022-48620,C:\Users\weijt\Desktop\UNSW\COMP9900\project\capstone-project-26t2-9900-t17a-almond\input_sources\cvefixes\vulnerable\00_cve-2022-48620.c,safe_source_substitution,3,3,generated,ran,False,0,0,0.00044025862007401884,0.00044025862007401884,0.0,1696,1720,24,3762,3812,50,C:\Users\weijt\Desktop\UNSW\COMP9900\project\capstone-project-26t2-9900-t17a-almond\outputs\generated\full_budget_search_20260717\cvefixes_vulnerable\runs\baseline\00_cve-2022-48620,C:\Users\weijt\Desktop\UNSW\COMP9900\project\capstone-project-26t2-9900-t17a-almond\outputs\generated\full_budget_search_20260717\cvefixes_vulnerable\runs\perturbed\00_cve-2022-48620__safe_source_substitution__c3,C:\Users\weijt\Desktop\UNSW\COMP9900\project\capstone-project-26t2-9900-t17a-almond\outputs\generated\full_budget_search_20260717\cvefixes_vulnerable\sources\00_cve-2022-48620__safe_source_substitution__c3.c,replaced 3 nested pointer source expression(s) with guarded fallback expressions,
cvefixes_vulnerable,00_cve-2022-48620,C:\Users\weijt\Desktop\UNSW\COMP9900\project\capstone-project-26t2-9900-t17a-almond\input_sources\cvefixes\vulnerable\00_cve-2022-48620.c,safe_source_substitution,5,5,generated,ran,False,0,0,0.00044025862007401884,0.00044025862007401884,0.0,1696,1736,40,3762,3842,80,C:\Users\weijt\Desktop\UNSW\COMP9900\project\capstone-project-26t2-9900-t17a-almond\outputs\generated\full_budget_search_20260717\cvefixes_vulnerable\runs\baseline\00_cve-2022-48620,C:\Users\weijt\Desktop\UNSW\COMP9900\project\capstone-project-26t2-9900-t17a-almond\outputs\generated\full_budget_search_20260717\cvefixes_vulnerable\runs\perturbed\00_cve-2022-48620__safe_source_substitution__c5,C:\Users\weijt\Desktop\UNSW\COMP9900\project\capstone-project-26t2-9900-t17a-almond\outputs\generated\full_budget_search_20260717\cvefixes_vulnerable\sources\00_cve-2022-48620__safe_source_substitution__c5.c,replaced 5 nested pointer source expression(s) with guarded fallback expressions,
cvefixes_vulnerable,00_cve-2022-48620,C:\Users\weijt\Desktop\UNSW\COMP9900\project\capstone-project-26t2-9900-t17a-almond\input_sources\cvefixes\vulnerable\00_cve-2022-48620.c,sink_bound_guard,1,1,generated,ran,False,0,0,0.00044025862007401884,0.00044025862007401884,0.0,1696,1710,14,3762,3789,27,C:\Users\weijt\Desktop\UNSW\COMP9900\project\capstone-project-26t2-9900-t17a-almond\outputs\generated\full_budget_search_20260717\cvefixes_vulnerable\runs\baseline\00_cve-2022-48620,C:\Users\weijt\Desktop\UNSW\COMP9900\project\capstone-project-26t2-9900-t17a-almond\outputs\generated\full_budget_search_20260717\cvefixes_vulnerable\runs\perturbed\00_cve-2022-48620__sink_bound_guard__c1,C:\Users\weijt\Desktop\UNSW\COMP9900\project\capstone-project-26t2-9900-t17a-almond\outputs\generated\full_budget_search_20260717\cvefixes_vulnerable\sources\00_cve-2022-48620__sink_bound_guard__c1.c,inserted 1 early-return bound guard(s) before sensitive sink calls,
cvefixes_vulnerable,00_cve-2022-48620,C:\Users\weijt\Desktop\UNSW\COMP9900\project\capstone-project-26t2-9900-t17a-almond\input_sources\cvefixes\vulnerable\00_cve-2022-48620.c,sink_bound_guard,2,2,generated,ran,False,0,0,0.00044025862007401884,0.00044025862007401884,0.0,1696,1724,28,3762,3842,80,C:\Users\weijt\Desktop\UNSW\COMP9900\project\capstone-project-26t2-9900-t17a-almond\outputs\generated\full_budget_search_20260717\cvefixes_vulnerable\runs\baseline\00_cve-2022-48620,C:\Users\weijt\Desktop\UNSW\COMP9900\project\capstone-project-26t2-9900-t17a-almond\outputs\generated\full_budget_search_20260717\cvefixes_vulnerable\runs\perturbed\00_cve-2022-48620__sink_bound_guard__c2,C:\Users\weijt\Desktop\UNSW\COMP9900\project\capstone-project-26t2-9900-t17a-almond\outputs\generated\full_budget_search_20260717\cvefixes_vulnerable\sources\00_cve-2022-48620__sink_bound_guard__c2.c,inserted 2 early-return bound guard(s) before sensitive sink calls,
cvefixes_vulnerable,00_cve-2022-48620,C:\Users\weijt\Desktop\UNSW\COMP9900\project\capstone-project-26t2-9900-t17a-almond\input_sources\cvefixes\vulnerable\00_cve-2022-48620.c,sink_bound_guard,3,2,partial,run_partial,False,0,0,0.00044025862007401884,0.00044025862007401884,0.0,1696,1724,28,3762,3842,80,C:\Users\weijt\Desktop\UNSW\COMP9900\project\capstone-project-26t2-9900-t17a-almond\outputs\generated\full_budget_search_20260717\cvefixes_vulnerable\runs\baseline\00_cve-2022-48620,C:\Users\weijt\Desktop\UNSW\COMP9900\project\capstone-project-26t2-9900-t17a-almond\outputs\generated\full_budget_search_20260717\cvefixes_vulnerable\runs\perturbed\00_cve-2022-48620__sink_bound_guard__c3,C:\Users\weijt\Desktop\UNSW\COMP9900\project\capstone-project-26t2-9900-t17a-almond\outputs\generated\full_budget_search_20260717\cvefixes_vulnerable\sources\00_cve-2022-48620__sink_bound_guard__c3.c,inserted 2 early-return bound guard(s) before sensitive sink calls,
cvefixes_vulnerable,00_cve-2022-48620,C:\Users\weijt\Desktop\UNSW\COMP9900\project\capstone-project-26t2-9900-t17a-almond\input_sources\cvefixes\vulnerable\00_cve-2022-48620.c,postcondition_validation,1,0,skipped,ran,,,,,,,,,,,,,C:\Users\weijt\Desktop\UNSW\COMP9900\project\capstone-project-26t2-9900-t17a-almond\outputs\generated\full_budget_search_20260717\cvefixes_vulnerable\runs\baseline\00_cve-2022-48620,,,no matching *_count/*_read pair found for postcondition validation,
cvefixes_vulnerable,00_cve-2022-48620,C:\Users\weijt\Desktop\UNSW\COMP9900\project\capstone-project-26t2-9900-t17a-almond\input_sources\cvefixes\vulnerable\00_cve-2022-48620.c,integer_overflow_guard,1,0,skipped,ran,,,,,,,,,,,,,C:\Users\weijt\Desktop\UNSW\COMP9900\project\capstone-project-26t2-9900-t17a-almond\outputs\generated\full_budget_search_20260717\cvefixes_vulnerable\runs\baseline\00_cve-2022-48620,,,no allocation size addition or multiplication expression found,
cvefixes_vulnerable,00_cve-2022-48620,C:\Users\weijt\Desktop\UNSW\COMP9900\project\capstone-project-26t2-9900-t17a-almond\input_sources\cvefixes\vulnerable\00_cve-2022-48620.c,array_index_bound_guard,1,0,skipped,ran,,,,,,,,,,,,,C:\Users\weijt\Desktop\UNSW\COMP9900\project\capstone-project-26t2-9900-t17a-almond\outputs\generated\full_budget_search_20260717\cvefixes_vulnerable\runs\baseline\00_cve-2022-48620,,,no array write found for index bound guard,
cvefixes_vulnerable,00_cve-2022-48620,C:\Users\weijt\Desktop\UNSW\COMP9900\project\capstone-project-26t2-9900-t17a-almond\input_sources\cvefixes\vulnerable\00_cve-2022-48620.c,wide_char_sink_guard,1,0,skipped,ran,,,,,,,,,,,,,C:\Users\weijt\Desktop\UNSW\COMP9900\project\capstone-project-26t2-9900-t17a-almond\outputs\generated\full_budget_search_20260717\cvefixes_vulnerable\runs\baseline\00_cve-2022-48620,,,no wcscat/wcscpy wide-character sink found,
cvefixes_vulnerable,00_cve-2022-48620,C:\Users\weijt\Desktop\UNSW\COMP9900\project\capstone-project-26t2-9900-t17a-almond\input_sources\cvefixes\vulnerable\00_cve-2022-48620.c,pattern_dead_code,1,1,generated,ran,False,0,0,0.00044025862007401884,0.0007185609429143369,0.0002783023228403181,1696,1751,55,3762,3863,101,C:\Users\weijt\Desktop\UNSW\COMP9900\project\capstone-project-26t2-9900-t17a-almond\outputs\generated\full_budget_search_20260717\cvefixes_vulnerable\runs\baseline\00_cve-2022-48620,C:\Users\weijt\Desktop\UNSW\COMP9900\project\capstone-project-26t2-9900-t17a-almond\outputs\generated\full_budget_search_20260717\cvefixes_vulnerable\runs\perturbed\00_cve-2022-48620__pattern_dead_code__c1,C:\Users\weijt\Desktop\UNSW\COMP9900\project\capstone-project-26t2-9900-t17a-almond\outputs\generated\full_budget_search_20260717\cvefixes_vulnerable\sources\00_cve-2022-48620__pattern_dead_code__c1.c,inserted 1 unreachable pointer/array/length pattern block(s) near sensitive or structural lines,
cvefixes_vulnerable,00_cve-2022-48620,C:\Users\weijt\Desktop\UNSW\COMP9900\project\capstone-project-26t2-9900-t17a-almond\input_sources\cvefixes\vulnerable\00_cve-2022-48620.c,pattern_dead_code,2,2,generated,ran,False,0,0,0.00044025862007401884,0.0007185609429143369,0.0002783023228403181,1696,1806,110,3762,3964,202,C:\Users\weijt\Desktop\UNSW\COMP9900\project\capstone-project-26t2-9900-t17a-almond\outputs\generated\full_budget_search_20260717\cvefixes_vulnerable\runs\baseline\00_cve-2022-48620,C:\Users\weijt\Desktop\UNSW\COMP9900\project\capstone-project-26t2-9900-t17a-almond\outputs\generated\full_budget_search_20260717\cvefixes_vulnerable\runs\perturbed\00_cve-2022-48620__pattern_dead_code__c2,C:\Users\weijt\Desktop\UNSW\COMP9900\project\capstone-project-26t2-9900-t17a-almond\outputs\generated\full_budget_search_20260717\cvefixes_vulnerable\sources\00_cve-2022-48620__pattern_dead_code__c2.c,inserted 2 unreachable pointer/array/length pattern block(s) near sensitive or structural lines,
cvefixes_vulnerable,00_cve-2022-48620,C:\Users\weijt\Desktop\UNSW\COMP9900\project\capstone-project-26t2-9900-t17a-almond\input_sources\cvefixes\vulnerable\00_cve-2022-48620.c,pattern_dead_code,3,3,generated,ran,False,0,0,0.00044025862007401884,0.0007185609429143369,0.0002783023228403181,1696,1812,116,3762,3967,205,C:\Users\weijt\Desktop\UNSW\COMP9900\project\capstone-project-26t2-9900-t17a-almond\outputs\generated\full_budget_search_20260717\cvefixes_vulnerable\runs\baseline\00_cve-2022-48620,C:\Users\weijt\Desktop\UNSW\COMP9900\project\capstone-project-26t2-9900-t17a-almond\outputs\generated\full_budget_search_20260717\cvefixes_vulnerable\runs\perturbed\00_cve-2022-48620__pattern_dead_code__c3,C:\Users\weijt\Desktop\UNSW\COMP9900\project\capstone-project-26t2-9900-t17a-almond\outputs\generated\full_budget_search_20260717\cvefixes_vulnerable\sources\00_cve-2022-48620__pattern_dead_code__c3.c,inserted 3 unreachable pointer/array/length pattern block(s) near sensitive or structural lines,
cvefixes_vulnerable,00_cve-2022-48620,C:\Users\weijt\Desktop\UNSW\COMP9900\project\capstone-project-26t2-9900-t17a-almond\input_sources\cvefixes\vulnerable\00_cve-2022-48620.c,pattern_dead_code,5,5,generated,ran,False,0,0,0.00044025862007401884,0.0007185609429143369,0.0002783023228403181,1696,1922,226,3762,4169,407,C:\Users\weijt\Desktop\UNSW\COMP9900\project\capstone-project-26t2-9900-t17a-almond\outputs\generated\full_budget_search_20260717\cvefixes_vulnerable\runs\baseline\00_cve-2022-48620,C:\Users\weijt\Desktop\UNSW\COMP9900\project\capstone-project-26t2-9900-t17a-almond\outputs\generated\full_budget_search_20260717\cvefixes_vulnerable\runs\perturbed\00_cve-2022-48620__pattern_dead_code__c5,C:\Users\weijt\Desktop\UNSW\COMP9900\project\capstone-project-26t2-9900-t17a-almond\outputs\generated\full_budget_search_20260717\cvefixes_vulnerable\sources\00_cve-2022-48620__pattern_dead_code__c5.c,inserted 5 unreachable pointer/array/length pattern block(s) near sensitive or structural lines,
cvefixes_vulnerable,00_cve-2022-48620,C:\Users\weijt\Desktop\UNSW\COMP9900\project\capstone-project-26t2-9900-t17a-almond\input_sources\cvefixes\vulnerable\00_cve-2022-48620.c,control_wrapper,1,1,generated,ran,False,0,0,0.00044025862007401884,0.0016785061452537775,0.0012382475251797587,1696,1700,4,3762,3773,11,C:\Users\weijt\Desktop\UNSW\COMP9900\project\capstone-project-26t2-9900-t17a-almond\outputs\generated\full_budget_search_20260717\cvefixes_vulnerable\runs\baseline\00_cve-2022-48620,C:\Users\weijt\Desktop\UNSW\COMP9900\project\capstone-project-26t2-9900-t17a-almond\outputs\generated\full_budget_search_20260717\cvefixes_vulnerable\runs\perturbed\00_cve-2022-48620__control_wrapper__c1,C:\Users\weijt\Desktop\UNSW\COMP9900\project\capstone-project-26t2-9900-t17a-almond\outputs\generated\full_budget_search_20260717\cvefixes_vulnerable\sources\00_cve-2022-48620__control_wrapper__c1.c,wrapped 1 safe single-line statement(s) with if (1) blocks,
cvefixes_vulnerable,00_cve-2022-48620,C:\Users\weijt\Desktop\UNSW\COMP9900\project\capstone-project-26t2-9900-t17a-almond\input_sources\cvefixes\vulnerable\00_cve-2022-48620.c,control_wrapper,2,2,generated,ran,False,0,0,0.00044025862007401884,0.00316627393476665,0.0027260153146926314,1696,1704,8,3762,3785,23,C:\Users\weijt\Desktop\UNSW\COMP9900\project\capstone-project-26t2-9900-t17a-almond\outputs\generated\full_budget_search_20260717\cvefixes_vulnerable\runs\baseline\00_cve-2022-48620,C:\Users\weijt\Desktop\UNSW\COMP9900\project\capstone-project-26t2-9900-t17a-almond\outputs\generated\full_budget_search_20260717\cvefixes_vulnerable\runs\perturbed\00_cve-2022-48620__control_wrapper__c2,C:\Users\weijt\Desktop\UNSW\COMP9900\project\capstone-project-26t2-9900-t17a-almond\outputs\generated\full_budget_search_20260717\cvefixes_vulnerable\sources\00_cve-2022-48620__control_wrapper__c2.c,wrapped 2 safe single-line statement(s) with if (1) blocks,
cvefixes_vulnerable,00_cve-2022-48620,C:\Users\weijt\Desktop\UNSW\COMP9900\project\capstone-project-26t2-9900-t17a-almond\input_sources\cvefixes\vulnerable\00_cve-2022-48620.c,control_wrapper,3,3,generated,ran,False,0,0,0.00044025862007401884,0.00316627393476665,0.0027260153146926314,1696,1708,12,3762,3794,32,C:\Users\weijt\Desktop\UNSW\COMP9900\project\capstone-project-26t2-9900-t17a-almond\outputs\generated\full_budget_search_20260717\cvefixes_vulnerable\runs\baseline\00_cve-2022-48620,C:\Users\weijt\Desktop\UNSW\COMP9900\project\capstone-project-26t2-9900-t17a-almond\outputs\generated\full_budget_search_20260717\cvefixes_vulnerable\runs\perturbed\00_cve-2022-48620__control_wrapper__c3,C:\Users\weijt\Desktop\UNSW\COMP9900\project\capstone-project-26t2-9900-t17a-almond\outputs\generated\full_budget_search_20260717\cvefixes_vulnerable\sources\00_cve-2022-48620__control_wrapper__c3.c,wrapped 3 safe single-line statement(s) with if (1) blocks,
cvefixes_vulnerable,00_cve-2022-48620,C:\Users\weijt\Desktop\UNSW\COMP9900\project\capstone-project-26t2-9900-t17a-almond\input_sources\cvefixes\vulnerable\00_cve-2022-48620.c,control_wrapper,5,5,generated,ran,False,0,0,0.00044025862007401884,0.004251398611813784,0.003811139991739765,1696,1716,20,3762,3812,50,C:\Users\weijt\Desktop\UNSW\COMP9900\project\capstone-project-26t2-9900-t17a-almond\outputs\generated\full_budget_search_20260717\cvefixes_vulnerable\runs\baseline\00_cve-2022-48620,C:\Users\weijt\Desktop\UNSW\COMP9900\project\capstone-project-26t2-9900-t17a-almond\outputs\generated\full_budget_search_20260717\cvefixes_vulnerable\runs\perturbed\00_cve-2022-48620__control_wrapper__c5,C:\Users\weijt\Desktop\UNSW\COMP9900\project\capstone-project-26t2-9900-t17a-almond\outputs\generated\full_budget_search_20260717\cvefixes_vulnerable\sources\00_cve-2022-48620__control_wrapper__c5.c,wrapped 5 safe single-line statement(s) with if (1) blocks,
cvefixes_vulnerable,00_cve-2022-48620,C:\Users\weijt\Desktop\UNSW\COMP9900\project\capstone-project-26t2-9900-t17a-almond\input_sources\cvefixes\vulnerable\00_cve-2022-48620.c,temp_variable_split,1,1,generated,ran,False,0,0,0.00044025862007401884,0.00044025862007401884,0.0,1696,1704,8,3762,3780,18,C:\Users\weijt\Desktop\UNSW\COMP9900\project\capstone-project-26t2-9900-t17a-almond\outputs\generated\full_budget_search_20260717\cvefixes_vulnerable\runs\baseline\00_cve-2022-48620,C:\Users\weijt\Desktop\UNSW\COMP9900\project\capstone-project-26t2-9900-t17a-almond\outputs\generated\full_budget_search_20260717\cvefixes_vulnerable\runs\perturbed\00_cve-2022-48620__temp_variable_split__c1,C:\Users\weijt\Desktop\UNSW\COMP9900\project\capstone-project-26t2-9900-t17a-almond\outputs\generated\full_budget_search_20260717\cvefixes_vulnerable\sources\00_cve-2022-48620__temp_variable_split__c1.c,split 1 simple assignment(s) through temporary integer variables,
cvefixes_vulnerable,00_cve-2022-48620,C:\Users\weijt\Desktop\UNSW\COMP9900\project\capstone-project-26t2-9900-t17a-almond\input_sources\cvefixes\vulnerable\00_cve-2022-48620.c,temp_variable_split,2,2,generated,ran,False,0,0,0.00044025862007401884,0.00044025862007401884,0.0,1696,1712,16,3762,3798,36,C:\Users\weijt\Desktop\UNSW\COMP9900\project\capstone-project-26t2-9900-t17a-almond\outputs\generated\full_budget_search_20260717\cvefixes_vulnerable\runs\baseline\00_cve-2022-48620,C:\Users\weijt\Desktop\UNSW\COMP9900\project\capstone-project-26t2-9900-t17a-almond\outputs\generated\full_budget_search_20260717\cvefixes_vulnerable\runs\perturbed\00_cve-2022-48620__temp_variable_split__c2,C:\Users\weijt\Desktop\UNSW\COMP9900\project\capstone-project-26t2-9900-t17a-almond\outputs\generated\full_budget_search_20260717\cvefixes_vulnerable\sources\00_cve-2022-48620__temp_variable_split__c2.c,split 2 simple assignment(s) through temporary integer variables,
cvefixes_vulnerable,00_cve-2022-48620,C:\Users\weijt\Desktop\UNSW\COMP9900\project\capstone-project-26t2-9900-t17a-almond\input_sources\cvefixes\vulnerable\00_cve-2022-48620.c,temp_variable_split,3,3,generated,ran,False,0,0,0.00044025862007401884,0.00044025862007401884,0.0,1696,1720,24,3762,3816,54,C:\Users\weijt\Desktop\UNSW\COMP9900\project\capstone-project-26t2-9900-t17a-almond\outputs\generated\full_budget_search_20260717\cvefixes_vulnerable\runs\baseline\00_cve-2022-48620,C:\Users\weijt\Desktop\UNSW\COMP9900\project\capstone-project-26t2-9900-t17a-almond\outputs\generated\full_budget_search_20260717\cvefixes_vulnerable\runs\perturbed\00_cve-2022-48620__temp_variable_split__c3,C:\Users\weijt\Desktop\UNSW\COMP9900\project\capstone-project-26t2-9900-t17a-almond\outputs\generated\full_budget_search_20260717\cvefixes_vulnerable\sources\00_cve-2022-48620__temp_variable_split__c3.c,split 3 simple assignment(s) through temporary integer variables,
cvefixes_vulnerable,00_cve-2022-48620,C:\Users\weijt\Desktop\UNSW\COMP9900\project\capstone-project-26t2-9900-t17a-almond\input_sources\cvefixes\vulnerable\00_cve-2022-48620.c,temp_variable_split,5,5,generated,ran,False,0,0,0.00044025862007401884,0.00044025862007401884,0.0,1696,1736,40,3762,3852,90,C:\Users\weijt\Desktop\UNSW\COMP9900\project\capstone-project-26t2-9900-t17a-almond\outputs\generated\full_budget_search_20260717\cvefixes_vulnerable\runs\baseline\00_cve-2022-48620,C:\Users\weijt\Desktop\UNSW\COMP9900\project\capstone-project-26t2-9900-t17a-almond\outputs\generated\full_budget_search_20260717\cvefixes_vulnerable\runs\perturbed\00_cve-2022-48620__temp_variable_split__c5,C:\Users\weijt\Desktop\UNSW\COMP9900\project\capstone-project-26t2-9900-t17a-almond\outputs\generated\full_budget_search_20260717\cvefixes_vulnerable\sources\00_cve-2022-48620__temp_variable_split__c5.c,split 5 simple assignment(s) through temporary integer variables,
cvefixes_vulnerable,01_cve-2020-1763,C:\Users\weijt\Desktop\UNSW\COMP9900\project\capstone-project-26t2-9900-t17a-almond\input_sources\cvefixes\vulnerable\01_cve-2020-1763.c,data_flow_alias,1,1,generated,ran,False,1,1,1.0,1.0,0.0,10993,10995,2,23629,23631,2,C:\Users\weijt\Desktop\UNSW\COMP9900\project\capstone-project-26t2-9900-t17a-almond\outputs\generated\full_budget_search_20260717\cvefixes_vulnerable\runs\baseline\01_cve-2020-1763,C:\Users\weijt\Desktop\UNSW\COMP9900\project\capstone-project-26t2-9900-t17a-almond\outputs\generated\full_budget_search_20260717\cvefixes_vulnerable\runs\perturbed\01_cve-2020-1763__data_flow_alias__c1,C:\Users\weijt\Desktop\UNSW\COMP9900\project\capstone-project-26t2-9900-t17a-almond\outputs\generated\full_budget_search_20260717\cvefixes_vulnerable\sources\01_cve-2020-1763__data_flow_alias__c1.c,inserted 1 alias-preserving data-flow no-op(s) near call arguments,
cvefixes_vulnerable,01_cve-2020-1763,C:\Users\weijt\Desktop\UNSW\COMP9900\project\capstone-project-26t2-9900-t17a-almond\input_sources\cvefixes\vulnerable\01_cve-2020-1763.c,data_flow_alias,2,2,generated,ran,False,1,1,1.0,1.0,0.0,10993,10997,4,23629,23633,4,C:\Users\weijt\Desktop\UNSW\COMP9900\project\capstone-project-26t2-9900-t17a-almond\outputs\generated\full_budget_search_20260717\cvefixes_vulnerable\runs\baseline\01_cve-2020-1763,C:\Users\weijt\Desktop\UNSW\COMP9900\project\capstone-project-26t2-9900-t17a-almond\outputs\generated\full_budget_search_20260717\cvefixes_vulnerable\runs\perturbed\01_cve-2020-1763__data_flow_alias__c2,C:\Users\weijt\Desktop\UNSW\COMP9900\project\capstone-project-26t2-9900-t17a-almond\outputs\generated\full_budget_search_20260717\cvefixes_vulnerable\sources\01_cve-2020-1763__data_flow_alias__c2.c,inserted 2 alias-preserving data-flow no-op(s) near call arguments,
cvefixes_vulnerable,01_cve-2020-1763,C:\Users\weijt\Desktop\UNSW\COMP9900\project\capstone-project-26t2-9900-t17a-almond\input_sources\cvefixes\vulnerable\01_cve-2020-1763.c,data_flow_alias,3,3,generated,ran,False,1,1,1.0,1.0,0.0,10993,10999,6,23629,23634,5,C:\Users\weijt\Desktop\UNSW\COMP9900\project\capstone-project-26t2-9900-t17a-almond\outputs\generated\full_budget_search_20260717\cvefixes_vulnerable\runs\baseline\01_cve-2020-1763,C:\Users\weijt\Desktop\UNSW\COMP9900\project\capstone-project-26t2-9900-t17a-almond\outputs\generated\full_budget_search_20260717\cvefixes_vulnerable\runs\perturbed\01_cve-2020-1763__data_flow_alias__c3,C:\Users\weijt\Desktop\UNSW\COMP9900\project\capstone-project-26t2-9900-t17a-almond\outputs\generated\full_budget_search_20260717\cvefixes_vulnerable\sources\01_cve-2020-1763__data_flow_alias__c3.c,inserted 3 alias-preserving data-flow no-op(s) near call arguments,
cvefixes_vulnerable,01_cve-2020-1763,C:\Users\weijt\Desktop\UNSW\COMP9900\project\capstone-project-26t2-9900-t17a-almond\input_sources\cvefixes\vulnerable\01_cve-2020-1763.c,data_flow_alias,5,5,generated,ran,False,1,1,1.0,0.9997077584266663,-0.00029224157333374023,10993,11039,46,23629,23710,81,C:\Users\weijt\Desktop\UNSW\COMP9900\project\capstone-project-26t2-9900-t17a-almond\outputs\generated\full_budget_search_20260717\cvefixes_vulnerable\runs\baseline\01_cve-2020-1763,C:\Users\weijt\Desktop\UNSW\COMP9900\project\capstone-project-26t2-9900-t17a-almond\outputs\generated\full_budget_search_20260717\cvefixes_vulnerable\runs\perturbed\01_cve-2020-1763__data_flow_alias__c5,C:\Users\weijt\Desktop\UNSW\COMP9900\project\capstone-project-26t2-9900-t17a-almond\outputs\generated\full_budget_search_20260717\cvefixes_vulnerable\sources\01_cve-2020-1763__data_flow_alias__c5.c,inserted 5 alias-preserving data-flow no-op(s) near call arguments,
cvefixes_vulnerable,01_cve-2020-1763,C:\Users\weijt\Desktop\UNSW\COMP9900\project\capstone-project-26t2-9900-t17a-almond\input_sources\cvefixes\vulnerable\01_cve-2020-1763.c,dead_statement,1,1,generated,ran,False,1,1,1.0,1.0,0.0,10993,10995,2,23629,23631,2,C:\Users\weijt\Desktop\UNSW\COMP9900\project\capstone-project-26t2-9900-t17a-almond\outputs\generated\full_budget_search_20260717\cvefixes_vulnerable\runs\baseline\01_cve-2020-1763,C:\Users\weijt\Desktop\UNSW\COMP9900\project\capstone-project-26t2-9900-t17a-almond\outputs\generated\full_budget_search_20260717\cvefixes_vulnerable\runs\perturbed\01_cve-2020-1763__dead_statement__c1,C:\Users\weijt\Desktop\UNSW\COMP9900\project\capstone-project-26t2-9900-t17a-almond\outputs\generated\full_budget_search_20260717\cvefixes_vulnerable\sources\01_cve-2020-1763__dead_statement__c1.c,inserted 1 harmless dummy integer statement pair(s) after first function brace,
cvefixes_vulnerable,01_cve-2020-1763,C:\Users\weijt\Desktop\UNSW\COMP9900\project\capstone-project-26t2-9900-t17a-almond\input_sources\cvefixes\vulnerable\01_cve-2020-1763.c,dead_statement,2,2,generated,ran,False,1,1,1.0,1.0,0.0,10993,10997,4,23629,23633,4,C:\Users\weijt\Desktop\UNSW\COMP9900\project\capstone-project-26t2-9900-t17a-almond\outputs\generated\full_budget_search_20260717\cvefixes_vulnerable\runs\baseline\01_cve-2020-1763,C:\Users\weijt\Desktop\UNSW\COMP9900\project\capstone-project-26t2-9900-t17a-almond\outputs\generated\full_budget_search_20260717\cvefixes_vulnerable\runs\perturbed\01_cve-2020-1763__dead_statement__c2,C:\Users\weijt\Desktop\UNSW\COMP9900\project\capstone-project-26t2-9900-t17a-almond\outputs\generated\full_budget_search_20260717\cvefixes_vulnerable\sources\01_cve-2020-1763__dead_statement__c2.c,inserted 2 harmless dummy integer statement pair(s) after first function brace,
cvefixes_vulnerable,01_cve-2020-1763,C:\Users\weijt\Desktop\UNSW\COMP9900\project\capstone-project-26t2-9900-t17a-almond\input_sources\cvefixes\vulnerable\01_cve-2020-1763.c,dead_statement,3,3,generated,ran,False,1,1,1.0,1.0,0.0,10993,10999,6,23629,23635,6,C:\Users\weijt\Desktop\UNSW\COMP9900\project\capstone-project-26t2-9900-t17a-almond\outputs\generated\full_budget_search_20260717\cvefixes_vulnerable\runs\baseline\01_cve-2020-1763,C:\Users\weijt\Desktop\UNSW\COMP9900\project\capstone-project-26t2-9900-t17a-almond\outputs\generated\full_budget_search_20260717\cvefixes_vulnerable\runs\perturbed\01_cve-2020-1763__dead_statement__c3,C:\Users\weijt\Desktop\UNSW\COMP9900\project\capstone-project-26t2-9900-t17a-almond\outputs\generated\full_budget_search_20260717\cvefixes_vulnerable\sources\01_cve-2020-1763__dead_statement__c3.c,inserted 3 harmless dummy integer statement pair(s) after first function brace,
cvefixes_vulnerable,01_cve-2020-1763,C:\Users\weijt\Desktop\UNSW\COMP9900\project\capstone-project-26t2-9900-t17a-almond\input_sources\cvefixes\vulnerable\01_cve-2020-1763.c,dead_statement,5,5,generated,ran,False,1,1,1.0,0.9997077584266663,-0.00029224157333374023,10993,11003,10,23629,23639,10,C:\Users\weijt\Desktop\UNSW\COMP9900\project\capstone-project-26t2-9900-t17a-almond\outputs\generated\full_budget_search_20260717\cvefixes_vulnerable\runs\baseline\01_cve-2020-1763,C:\Users\weijt\Desktop\UNSW\COMP9900\project\capstone-project-26t2-9900-t17a-almond\outputs\generated\full_budget_search_20260717\cvefixes_vulnerable\runs\perturbed\01_cve-2020-1763__dead_statement__c5,C:\Users\weijt\Desktop\UNSW\COMP9900\project\capstone-project-26t2-9900-t17a-almond\outputs\generated\full_budget_search_20260717\cvefixes_vulnerable\sources\01_cve-2020-1763__dead_statement__c5.c,inserted 5 harmless dummy integer statement pair(s) after first function brace,
cvefixes_vulnerable,01_cve-2020-1763,C:\Users\weijt\Desktop\UNSW\COMP9900\project\capstone-project-26t2-9900-t17a-almond\input_sources\cvefixes\vulnerable\01_cve-2020-1763.c,xfg_targeted_dead_code,1,1,generated,ran,False,1,1,1.0,1.0,0.0,10993,10995,2,23629,23631,2,C:\Users\weijt\Desktop\UNSW\COMP9900\project\capstone-project-26t2-9900-t17a-almond\outputs\generated\full_budget_search_20260717\cvefixes_vulnerable\runs\baseline\01_cve-2020-1763,C:\Users\weijt\Desktop\UNSW\COMP9900\project\capstone-project-26t2-9900-t17a-almond\outputs\generated\full_budget_search_20260717\cvefixes_vulnerable\runs\perturbed\01_cve-2020-1763__xfg_targeted_dead_code__c1,C:\Users\weijt\Desktop\UNSW\COMP9900\project\capstone-project-26t2-9900-t17a-almond\outputs\generated\full_budget_search_20260717\cvefixes_vulnerable\sources\01_cve-2020-1763__xfg_targeted_dead_code__c1.c,inserted 1 unreachable no-op block(s) near XFG-relevant target lines,
cvefixes_vulnerable,01_cve-2020-1763,C:\Users\weijt\Desktop\UNSW\COMP9900\project\capstone-project-26t2-9900-t17a-almond\input_sources\cvefixes\vulnerable\01_cve-2020-1763.c,xfg_targeted_dead_code,2,2,generated,ran,False,1,1,1.0,1.0,0.0,10993,10997,4,23629,23633,4,C:\Users\weijt\Desktop\UNSW\COMP9900\project\capstone-project-26t2-9900-t17a-almond\outputs\generated\full_budget_search_20260717\cvefixes_vulnerable\runs\baseline\01_cve-2020-1763,C:\Users\weijt\Desktop\UNSW\COMP9900\project\capstone-project-26t2-9900-t17a-almond\outputs\generated\full_budget_search_20260717\cvefixes_vulnerable\runs\perturbed\01_cve-2020-1763__xfg_targeted_dead_code__c2,C:\Users\weijt\Desktop\UNSW\COMP9900\project\capstone-project-26t2-9900-t17a-almond\outputs\generated\full_budget_search_20260717\cvefixes_vulnerable\sources\01_cve-2020-1763__xfg_targeted_dead_code__c2.c,inserted 2 unreachable no-op block(s) near XFG-relevant target lines,
cvefixes_vulnerable,01_cve-2020-1763,C:\Users\weijt\Desktop\UNSW\COMP9900\project\capstone-project-26t2-9900-t17a-almond\input_sources\cvefixes\vulnerable\01_cve-2020-1763.c,xfg_targeted_dead_code,3,3,generated,ran,False,1,1,1.0,0.9997077584266663,-0.00029224157333374023,10993,10999,6,23629,23634,5,C:\Users\weijt\Desktop\UNSW\COMP9900\project\capstone-project-26t2-9900-t17a-almond\outputs\generated\full_budget_search_20260717\cvefixes_vulnerable\runs\baseline\01_cve-2020-1763,C:\Users\weijt\Desktop\UNSW\COMP9900\project\capstone-project-26t2-9900-t17a-almond\outputs\generated\full_budget_search_20260717\cvefixes_vulnerable\runs\perturbed\01_cve-2020-1763__xfg_targeted_dead_code__c3,C:\Users\weijt\Desktop\UNSW\COMP9900\project\capstone-project-26t2-9900-t17a-almond\outputs\generated\full_budget_search_20260717\cvefixes_vulnerable\sources\01_cve-2020-1763__xfg_targeted_dead_code__c3.c,inserted 3 unreachable no-op block(s) near XFG-relevant target lines,
cvefixes_vulnerable,01_cve-2020-1763,C:\Users\weijt\Desktop\UNSW\COMP9900\project\capstone-project-26t2-9900-t17a-almond\input_sources\cvefixes\vulnerable\01_cve-2020-1763.c,xfg_targeted_dead_code,5,5,generated,ran,False,1,1,1.0,0.9821168780326843,-0.017883121967315674,10993,11017,24,23629,23761,132,C:\Users\weijt\Desktop\UNSW\COMP9900\project\capstone-project-26t2-9900-t17a-almond\outputs\generated\full_budget_search_20260717\cvefixes_vulnerable\runs\baseline\01_cve-2020-1763,C:\Users\weijt\Desktop\UNSW\COMP9900\project\capstone-project-26t2-9900-t17a-almond\outputs\generated\full_budget_search_20260717\cvefixes_vulnerable\runs\perturbed\01_cve-2020-1763__xfg_targeted_dead_code__c5,C:\Users\weijt\Desktop\UNSW\COMP9900\project\capstone-project-26t2-9900-t17a-almond\outputs\generated\full_budget_search_20260717\cvefixes_vulnerable\sources\01_cve-2020-1763__xfg_targeted_dead_code__c5.c,inserted 5 unreachable no-op block(s) near XFG-relevant target lines,
cvefixes_vulnerable,01_cve-2020-1763,C:\Users\weijt\Desktop\UNSW\COMP9900\project\capstone-project-26t2-9900-t17a-almond\input_sources\cvefixes\vulnerable\01_cve-2020-1763.c,range_clamp,1,1,generated,ran,False,1,1,1.0,1.0,0.0,10993,11023,30,23629,23697,68,C:\Users\weijt\Desktop\UNSW\COMP9900\project\capstone-project-26t2-9900-t17a-almond\outputs\generated\full_budget_search_20260717\cvefixes_vulnerable\runs\baseline\01_cve-2020-1763,C:\Users\weijt\Desktop\UNSW\COMP9900\project\capstone-project-26t2-9900-t17a-almond\outputs\generated\full_budget_search_20260717\cvefixes_vulnerable\runs\perturbed\01_cve-2020-1763__range_clamp__c1,C:\Users\weijt\Desktop\UNSW\COMP9900\project\capstone-project-26t2-9900-t17a-almond\outputs\generated\full_budget_search_20260717\cvefixes_vulnerable\sources\01_cve-2020-1763__range_clamp__c1.c,clamped 1 sensitive sink size/count argument(s) through bounded local variables,
cvefixes_vulnerable,01_cve-2020-1763,C:\Users\weijt\Desktop\UNSW\COMP9900\project\capstone-project-26t2-9900-t17a-almond\input_sources\cvefixes\vulnerable\01_cve-2020-1763.c,range_clamp,2,1,partial,run_partial,False,1,1,1.0,1.0,0.0,10993,11023,30,23629,23697,68,C:\Users\weijt\Desktop\UNSW\COMP9900\project\capstone-project-26t2-9900-t17a-almond\outputs\generated\full_budget_search_20260717\cvefixes_vulnerable\runs\baseline\01_cve-2020-1763,C:\Users\weijt\Desktop\UNSW\COMP9900\project\capstone-project-26t2-9900-t17a-almond\outputs\generated\full_budget_search_20260717\cvefixes_vulnerable\runs\perturbed\01_cve-2020-1763__range_clamp__c2,C:\Users\weijt\Desktop\UNSW\COMP9900\project\capstone-project-26t2-9900-t17a-almond\outputs\generated\full_budget_search_20260717\cvefixes_vulnerable\sources\01_cve-2020-1763__range_clamp__c2.c,clamped 1 sensitive sink size/count argument(s) through bounded local variables,
cvefixes_vulnerable,01_cve-2020-1763,C:\Users\weijt\Desktop\UNSW\COMP9900\project\capstone-project-26t2-9900-t17a-almond\input_sources\cvefixes\vulnerable\01_cve-2020-1763.c,safe_source_substitution,1,1,generated,ran,False,1,1,1.0,1.0,0.0,10993,10993,0,23629,23629,0,C:\Users\weijt\Desktop\UNSW\COMP9900\project\capstone-project-26t2-9900-t17a-almond\outputs\generated\full_budget_search_20260717\cvefixes_vulnerable\runs\baseline\01_cve-2020-1763,C:\Users\weijt\Desktop\UNSW\COMP9900\project\capstone-project-26t2-9900-t17a-almond\outputs\generated\full_budget_search_20260717\cvefixes_vulnerable\runs\perturbed\01_cve-2020-1763__safe_source_substitution__c1,C:\Users\weijt\Desktop\UNSW\COMP9900\project\capstone-project-26t2-9900-t17a-almond\outputs\generated\full_budget_search_20260717\cvefixes_vulnerable\sources\01_cve-2020-1763__safe_source_substitution__c1.c,replaced 1 nested pointer source expression(s) with guarded fallback expressions,
cvefixes_vulnerable,01_cve-2020-1763,C:\Users\weijt\Desktop\UNSW\COMP9900\project\capstone-project-26t2-9900-t17a-almond\input_sources\cvefixes\vulnerable\01_cve-2020-1763.c,safe_source_substitution,2,2,generated,ran,False,1,1,1.0,1.0,0.0,10993,11001,8,23629,23644,15,C:\Users\weijt\Desktop\UNSW\COMP9900\project\capstone-project-26t2-9900-t17a-almond\outputs\generated\full_budget_search_20260717\cvefixes_vulnerable\runs\baseline\01_cve-2020-1763,C:\Users\weijt\Desktop\UNSW\COMP9900\project\capstone-project-26t2-9900-t17a-almond\outputs\generated\full_budget_search_20260717\cvefixes_vulnerable\runs\perturbed\01_cve-2020-1763__safe_source_substitution__c2,C:\Users\weijt\Desktop\UNSW\COMP9900\project\capstone-project-26t2-9900-t17a-almond\outputs\generated\full_budget_search_20260717\cvefixes_vulnerable\sources\01_cve-2020-1763__safe_source_substitution__c2.c,replaced 2 nested pointer source expression(s) with guarded fallback expressions,
cvefixes_vulnerable,01_cve-2020-1763,C:\Users\weijt\Desktop\UNSW\COMP9900\project\capstone-project-26t2-9900-t17a-almond\input_sources\cvefixes\vulnerable\01_cve-2020-1763.c,safe_source_substitution,3,3,generated,ran,False,1,1,1.0,1.0,0.0,10993,11011,18,23629,23661,32,C:\Users\weijt\Desktop\UNSW\COMP9900\project\capstone-project-26t2-9900-t17a-almond\outputs\generated\full_budget_search_20260717\cvefixes_vulnerable\runs\baseline\01_cve-2020-1763,C:\Users\weijt\Desktop\UNSW\COMP9900\project\capstone-project-26t2-9900-t17a-almond\outputs\generated\full_budget_search_20260717\cvefixes_vulnerable\runs\perturbed\01_cve-2020-1763__safe_source_substitution__c3,C:\Users\weijt\Desktop\UNSW\COMP9900\project\capstone-project-26t2-9900-t17a-almond\outputs\generated\full_budget_search_20260717\cvefixes_vulnerable\sources\01_cve-2020-1763__safe_source_substitution__c3.c,replaced 3 nested pointer source expression(s) with guarded fallback expressions,
cvefixes_vulnerable,01_cve-2020-1763,C:\Users\weijt\Desktop\UNSW\COMP9900\project\capstone-project-26t2-9900-t17a-almond\input_sources\cvefixes\vulnerable\01_cve-2020-1763.c,safe_source_substitution,5,5,generated,ran,False,1,1,1.0,1.0,0.0,10993,11028,35,23629,23696,67,C:\Users\weijt\Desktop\UNSW\COMP9900\project\capstone-project-26t2-9900-t17a-almond\outputs\generated\full_budget_search_20260717\cvefixes_vulnerable\runs\baseline\01_cve-2020-1763,C:\Users\weijt\Desktop\UNSW\COMP9900\project\capstone-project-26t2-9900-t17a-almond\outputs\generated\full_budget_search_20260717\cvefixes_vulnerable\runs\perturbed\01_cve-2020-1763__safe_source_substitution__c5,C:\Users\weijt\Desktop\UNSW\COMP9900\project\capstone-project-26t2-9900-t17a-almond\outputs\generated\full_budget_search_20260717\cvefixes_vulnerable\sources\01_cve-2020-1763__safe_source_substitution__c5.c,replaced 5 nested pointer source expression(s) with guarded fallback expressions,
cvefixes_vulnerable,01_cve-2020-1763,C:\Users\weijt\Desktop\UNSW\COMP9900\project\capstone-project-26t2-9900-t17a-almond\input_sources\cvefixes\vulnerable\01_cve-2020-1763.c,sink_bound_guard,1,1,generated,ran,False,1,1,1.0,1.0,0.0,10993,11005,12,23629,23650,21,C:\Users\weijt\Desktop\UNSW\COMP9900\project\capstone-project-26t2-9900-t17a-almond\outputs\generated\full_budget_search_20260717\cvefixes_vulnerable\runs\baseline\01_cve-2020-1763,C:\Users\weijt\Desktop\UNSW\COMP9900\project\capstone-project-26t2-9900-t17a-almond\outputs\generated\full_budget_search_20260717\cvefixes_vulnerable\runs\perturbed\01_cve-2020-1763__sink_bound_guard__c1,C:\Users\weijt\Desktop\UNSW\COMP9900\project\capstone-project-26t2-9900-t17a-almond\outputs\generated\full_budget_search_20260717\cvefixes_vulnerable\sources\01_cve-2020-1763__sink_bound_guard__c1.c,inserted 1 early-return bound guard(s) before sensitive sink calls,
cvefixes_vulnerable,01_cve-2020-1763,C:\Users\weijt\Desktop\UNSW\COMP9900\project\capstone-project-26t2-9900-t17a-almond\input_sources\cvefixes\vulnerable\01_cve-2020-1763.c,sink_bound_guard,2,1,partial,run_partial,False,1,1,1.0,1.0,0.0,10993,11005,12,23629,23650,21,C:\Users\weijt\Desktop\UNSW\COMP9900\project\capstone-project-26t2-9900-t17a-almond\outputs\generated\full_budget_search_20260717\cvefixes_vulnerable\runs\baseline\01_cve-2020-1763,C:\Users\weijt\Desktop\UNSW\COMP9900\project\capstone-project-26t2-9900-t17a-almond\outputs\generated\full_budget_search_20260717\cvefixes_vulnerable\runs\perturbed\01_cve-2020-1763__sink_bound_guard__c2,C:\Users\weijt\Desktop\UNSW\COMP9900\project\capstone-project-26t2-9900-t17a-almond\outputs\generated\full_budget_search_20260717\cvefixes_vulnerable\sources\01_cve-2020-1763__sink_bound_guard__c2.c,inserted 1 early-return bound guard(s) before sensitive sink calls,
cvefixes_vulnerable,01_cve-2020-1763,C:\Users\weijt\Desktop\UNSW\COMP9900\project\capstone-project-26t2-9900-t17a-almond\input_sources\cvefixes\vulnerable\01_cve-2020-1763.c,postcondition_validation,1,0,skipped,ran,,,,,,,,,,,,,C:\Users\weijt\Desktop\UNSW\COMP9900\project\capstone-project-26t2-9900-t17a-almond\outputs\generated\full_budget_search_20260717\cvefixes_vulnerable\runs\baseline\01_cve-2020-1763,,,no matching *_count/*_read pair found for postcondition validation,
cvefixes_vulnerable,01_cve-2020-1763,C:\Users\weijt\Desktop\UNSW\COMP9900\project\capstone-project-26t2-9900-t17a-almond\input_sources\cvefixes\vulnerable\01_cve-2020-1763.c,integer_overflow_guard,1,0,skipped,ran,,,,,,,,,,,,,C:\Users\weijt\Desktop\UNSW\COMP9900\project\capstone-project-26t2-9900-t17a-almond\outputs\generated\full_budget_search_20260717\cvefixes_vulnerable\runs\baseline\01_cve-2020-1763,,,no allocation size addition or multiplication expression found,
cvefixes_vulnerable,01_cve-2020-1763,C:\Users\weijt\Desktop\UNSW\COMP9900\project\capstone-project-26t2-9900-t17a-almond\input_sources\cvefixes\vulnerable\01_cve-2020-1763.c,array_index_bound_guard,1,1,generated,ran,False,1,1,1.0,1.0,0.0,10993,11015,22,23629,23663,34,C:\Users\weijt\Desktop\UNSW\COMP9900\project\capstone-project-26t2-9900-t17a-almond\outputs\generated\full_budget_search_20260717\cvefixes_vulnerable\runs\baseline\01_cve-2020-1763,C:\Users\weijt\Desktop\UNSW\COMP9900\project\capstone-project-26t2-9900-t17a-almond\outputs\generated\full_budget_search_20260717\cvefixes_vulnerable\runs\perturbed\01_cve-2020-1763__array_index_bound_guard__c1,C:\Users\weijt\Desktop\UNSW\COMP9900\project\capstone-project-26t2-9900-t17a-almond\outputs\generated\full_budget_search_20260717\cvefixes_vulnerable\sources\01_cve-2020-1763__array_index_bound_guard__c1.c,wrapped 1 array write(s) with index lower/upper bound guards,
cvefixes_vulnerable,01_cve-2020-1763,C:\Users\weijt\Desktop\UNSW\COMP9900\project\capstone-project-26t2-9900-t17a-almond\input_sources\cvefixes\vulnerable\01_cve-2020-1763.c,array_index_bound_guard,2,1,partial,run_partial,False,1,1,1.0,1.0,0.0,10993,11015,22,23629,23663,34,C:\Users\weijt\Desktop\UNSW\COMP9900\project\capstone-project-26t2-9900-t17a-almond\outputs\generated\full_budget_search_20260717\cvefixes_vulnerable\runs\baseline\01_cve-2020-1763,C:\Users\weijt\Desktop\UNSW\COMP9900\project\capstone-project-26t2-9900-t17a-almond\outputs\generated\full_budget_search_20260717\cvefixes_vulnerable\runs\perturbed\01_cve-2020-1763__array_index_bound_guard__c2,C:\Users\weijt\Desktop\UNSW\COMP9900\project\capstone-project-26t2-9900-t17a-almond\outputs\generated\full_budget_search_20260717\cvefixes_vulnerable\sources\01_cve-2020-1763__array_index_bound_guard__c2.c,wrapped 1 array write(s) with index lower/upper bound guards,
cvefixes_vulnerable,01_cve-2020-1763,C:\Users\weijt\Desktop\UNSW\COMP9900\project\capstone-project-26t2-9900-t17a-almond\input_sources\cvefixes\vulnerable\01_cve-2020-1763.c,wide_char_sink_guard,1,0,skipped,ran,,,,,,,,,,,,,C:\Users\weijt\Desktop\UNSW\COMP9900\project\capstone-project-26t2-9900-t17a-almond\outputs\generated\full_budget_search_20260717\cvefixes_vulnerable\runs\baseline\01_cve-2020-1763,,,no wcscat/wcscpy wide-character sink found,
cvefixes_vulnerable,01_cve-2020-1763,C:\Users\weijt\Desktop\UNSW\COMP9900\project\capstone-project-26t2-9900-t17a-almond\input_sources\cvefixes\vulnerable\01_cve-2020-1763.c,pattern_dead_code,1,1,generated,ran,False,1,1,1.0,1.0,0.0,10993,10999,6,23629,23635,6,C:\Users\weijt\Desktop\UNSW\COMP9900\project\capstone-project-26t2-9900-t17a-almond\outputs\generated\full_budget_search_20260717\cvefixes_vulnerable\runs\baseline\01_cve-2020-1763,C:\Users\weijt\Desktop\UNSW\COMP9900\project\capstone-project-26t2-9900-t17a-almond\outputs\generated\full_budget_search_20260717\cvefixes_vulnerable\runs\perturbed\01_cve-2020-1763__pattern_dead_code__c1,C:\Users\weijt\Desktop\UNSW\COMP9900\project\capstone-project-26t2-9900-t17a-almond\outputs\generated\full_budget_search_20260717\cvefixes_vulnerable\sources\01_cve-2020-1763__pattern_dead_code__c1.c,inserted 1 unreachable pointer/array/length pattern block(s) near sensitive or structural lines,
cvefixes_vulnerable,01_cve-2020-1763,C:\Users\weijt\Desktop\UNSW\COMP9900\project\capstone-project-26t2-9900-t17a-almond\input_sources\cvefixes\vulnerable\01_cve-2020-1763.c,pattern_dead_code,2,2,generated,ran,False,1,1,1.0,0.9997077584266663,-0.00029224157333374023,10993,11005,12,23629,23641,12,C:\Users\weijt\Desktop\UNSW\COMP9900\project\capstone-project-26t2-9900-t17a-almond\outputs\generated\full_budget_search_20260717\cvefixes_vulnerable\runs\baseline\01_cve-2020-1763,C:\Users\weijt\Desktop\UNSW\COMP9900\project\capstone-project-26t2-9900-t17a-almond\outputs\generated\full_budget_search_20260717\cvefixes_vulnerable\runs\perturbed\01_cve-2020-1763__pattern_dead_code__c2,C:\Users\weijt\Desktop\UNSW\COMP9900\project\capstone-project-26t2-9900-t17a-almond\outputs\generated\full_budget_search_20260717\cvefixes_vulnerable\sources\01_cve-2020-1763__pattern_dead_code__c2.c,inserted 2 unreachable pointer/array/length pattern block(s) near sensitive or structural lines,
cvefixes_vulnerable,01_cve-2020-1763,C:\Users\weijt\Desktop\UNSW\COMP9900\project\capstone-project-26t2-9900-t17a-almond\input_sources\cvefixes\vulnerable\01_cve-2020-1763.c,pattern_dead_code,3,3,generated,ran,False,1,1,1.0,0.9927807450294495,-0.007219254970550537,10993,11011,18,23629,23644,15,C:\Users\weijt\Desktop\UNSW\COMP9900\project\capstone-project-26t2-9900-t17a-almond\outputs\generated\full_budget_search_20260717\cvefixes_vulnerable\runs\baseline\01_cve-2020-1763,C:\Users\weijt\Desktop\UNSW\COMP9900\project\capstone-project-26t2-9900-t17a-almond\outputs\generated\full_budget_search_20260717\cvefixes_vulnerable\runs\perturbed\01_cve-2020-1763__pattern_dead_code__c3,C:\Users\weijt\Desktop\UNSW\COMP9900\project\capstone-project-26t2-9900-t17a-almond\outputs\generated\full_budget_search_20260717\cvefixes_vulnerable\sources\01_cve-2020-1763__pattern_dead_code__c3.c,inserted 3 unreachable pointer/array/length pattern block(s) near sensitive or structural lines,
cvefixes_vulnerable,01_cve-2020-1763,C:\Users\weijt\Desktop\UNSW\COMP9900\project\capstone-project-26t2-9900-t17a-almond\input_sources\cvefixes\vulnerable\01_cve-2020-1763.c,pattern_dead_code,5,5,generated,ran,False,1,1,1.0,0.9999356269836426,-6.437301635742188e-05,10993,11107,114,23629,23901,272,C:\Users\weijt\Desktop\UNSW\COMP9900\project\capstone-project-26t2-9900-t17a-almond\outputs\generated\full_budget_search_20260717\cvefixes_vulnerable\runs\baseline\01_cve-2020-1763,C:\Users\weijt\Desktop\UNSW\COMP9900\project\capstone-project-26t2-9900-t17a-almond\outputs\generated\full_budget_search_20260717\cvefixes_vulnerable\runs\perturbed\01_cve-2020-1763__pattern_dead_code__c5,C:\Users\weijt\Desktop\UNSW\COMP9900\project\capstone-project-26t2-9900-t17a-almond\outputs\generated\full_budget_search_20260717\cvefixes_vulnerable\sources\01_cve-2020-1763__pattern_dead_code__c5.c,inserted 5 unreachable pointer/array/length pattern block(s) near sensitive or structural lines,
cvefixes_vulnerable,01_cve-2020-1763,C:\Users\weijt\Desktop\UNSW\COMP9900\project\capstone-project-26t2-9900-t17a-almond\input_sources\cvefixes\vulnerable\01_cve-2020-1763.c,control_wrapper,1,1,generated,ran,False,1,1,1.0,1.0,0.0,10993,10993,0,23629,23629,0,C:\Users\weijt\Desktop\UNSW\COMP9900\project\capstone-project-26t2-9900-t17a-almond\outputs\generated\full_budget_search_20260717\cvefixes_vulnerable\runs\baseline\01_cve-2020-1763,C:\Users\weijt\Desktop\UNSW\COMP9900\project\capstone-project-26t2-9900-t17a-almond\outputs\generated\full_budget_search_20260717\cvefixes_vulnerable\runs\perturbed\01_cve-2020-1763__control_wrapper__c1,C:\Users\weijt\Desktop\UNSW\COMP9900\project\capstone-project-26t2-9900-t17a-almond\outputs\generated\full_budget_search_20260717\cvefixes_vulnerable\sources\01_cve-2020-1763__control_wrapper__c1.c,wrapped 1 safe single-line statement(s) with if (1) blocks,
cvefixes_vulnerable,01_cve-2020-1763,C:\Users\weijt\Desktop\UNSW\COMP9900\project\capstone-project-26t2-9900-t17a-almond\input_sources\cvefixes\vulnerable\01_cve-2020-1763.c,control_wrapper,2,2,generated,ran,False,1,1,1.0,1.0,0.0,10993,10997,4,23629,23638,9,C:\Users\weijt\Desktop\UNSW\COMP9900\project\capstone-project-26t2-9900-t17a-almond\outputs\generated\full_budget_search_20260717\cvefixes_vulnerable\runs\baseline\01_cve-2020-1763,C:\Users\weijt\Desktop\UNSW\COMP9900\project\capstone-project-26t2-9900-t17a-almond\outputs\generated\full_budget_search_20260717\cvefixes_vulnerable\runs\perturbed\01_cve-2020-1763__control_wrapper__c2,C:\Users\weijt\Desktop\UNSW\COMP9900\project\capstone-project-26t2-9900-t17a-almond\outputs\generated\full_budget_search_20260717\cvefixes_vulnerable\sources\01_cve-2020-1763__control_wrapper__c2.c,wrapped 2 safe single-line statement(s) with if (1) blocks,
cvefixes_vulnerable,01_cve-2020-1763,C:\Users\weijt\Desktop\UNSW\COMP9900\project\capstone-project-26t2-9900-t17a-almond\input_sources\cvefixes\vulnerable\01_cve-2020-1763.c,control_wrapper,3,3,generated,ran,False,1,1,1.0,1.0,0.0,10993,10995,2,23629,23637,8,C:\Users\weijt\Desktop\UNSW\COMP9900\project\capstone-project-26t2-9900-t17a-almond\outputs\generated\full_budget_search_20260717\cvefixes_vulnerable\runs\baseline\01_cve-2020-1763,C:\Users\weijt\Desktop\UNSW\COMP9900\project\capstone-project-26t2-9900-t17a-almond\outputs\generated\full_budget_search_20260717\cvefixes_vulnerable\runs\perturbed\01_cve-2020-1763__control_wrapper__c3,C:\Users\weijt\Desktop\UNSW\COMP9900\project\capstone-project-26t2-9900-t17a-almond\outputs\generated\full_budget_search_20260717\cvefixes_vulnerable\sources\01_cve-2020-1763__control_wrapper__c3.c,wrapped 3 safe single-line statement(s) with if (1) blocks,
cvefixes_vulnerable,01_cve-2020-1763,C:\Users\weijt\Desktop\UNSW\COMP9900\project\capstone-project-26t2-9900-t17a-almond\input_sources\cvefixes\vulnerable\01_cve-2020-1763.c,control_wrapper,5,5,generated,ran,False,1,1,1.0,0.9997077584266663,-0.00029224157333374023,10993,11003,10,23629,23655,26,C:\Users\weijt\Desktop\UNSW\COMP9900\project\capstone-project-26t2-9900-t17a-almond\outputs\generated\full_budget_search_20260717\cvefixes_vulnerable\runs\baseline\01_cve-2020-1763,C:\Users\weijt\Desktop\UNSW\COMP9900\project\capstone-project-26t2-9900-t17a-almond\outputs\generated\full_budget_search_20260717\cvefixes_vulnerable\runs\perturbed\01_cve-2020-1763__control_wrapper__c5,C:\Users\weijt\Desktop\UNSW\COMP9900\project\capstone-project-26t2-9900-t17a-almond\outputs\generated\full_budget_search_20260717\cvefixes_vulnerable\sources\01_cve-2020-1763__control_wrapper__c5.c,wrapped 5 safe single-line statement(s) with if (1) blocks,
cvefixes_vulnerable,01_cve-2020-1763,C:\Users\weijt\Desktop\UNSW\COMP9900\project\capstone-project-26t2-9900-t17a-almond\input_sources\cvefixes\vulnerable\01_cve-2020-1763.c,temp_variable_split,1,1,generated,ran,False,1,1,1.0,1.0,0.0,10993,11001,8,23629,23648,19,C:\Users\weijt\Desktop\UNSW\COMP9900\project\capstone-project-26t2-9900-t17a-almond\outputs\generated\full_budget_search_20260717\cvefixes_vulnerable\runs\baseline\01_cve-2020-1763,C:\Users\weijt\Desktop\UNSW\COMP9900\project\capstone-project-26t2-9900-t17a-almond\outputs\generated\full_budget_search_20260717\cvefixes_vulnerable\runs\perturbed\01_cve-2020-1763__temp_variable_split__c1,C:\Users\weijt\Desktop\UNSW\COMP9900\project\capstone-project-26t2-9900-t17a-almond\outputs\generated\full_budget_search_20260717\cvefixes_vulnerable\sources\01_cve-2020-1763__temp_variable_split__c1.c,split 1 simple assignment(s) through temporary integer variables,
cvefixes_vulnerable,01_cve-2020-1763,C:\Users\weijt\Desktop\UNSW\COMP9900\project\capstone-project-26t2-9900-t17a-almond\input_sources\cvefixes\vulnerable\01_cve-2020-1763.c,temp_variable_split,2,2,generated,ran,False,1,1,1.0,1.0,0.0,10993,11009,16,23629,23666,37,C:\Users\weijt\Desktop\UNSW\COMP9900\project\capstone-project-26t2-9900-t17a-almond\outputs\generated\full_budget_search_20260717\cvefixes_vulnerable\runs\baseline\01_cve-2020-1763,C:\Users\weijt\Desktop\UNSW\COMP9900\project\capstone-project-26t2-9900-t17a-almond\outputs\generated\full_budget_search_20260717\cvefixes_vulnerable\runs\perturbed\01_cve-2020-1763__temp_variable_split__c2,C:\Users\weijt\Desktop\UNSW\COMP9900\project\capstone-project-26t2-9900-t17a-almond\outputs\generated\full_budget_search_20260717\cvefixes_vulnerable\sources\01_cve-2020-1763__temp_variable_split__c2.c,split 2 simple assignment(s) through temporary integer variables,
cvefixes_vulnerable,01_cve-2020-1763,C:\Users\weijt\Desktop\UNSW\COMP9900\project\capstone-project-26t2-9900-t17a-almond\input_sources\cvefixes\vulnerable\01_cve-2020-1763.c,temp_variable_split,3,3,generated,ran,False,1,1,1.0,1.0,0.0,10993,11017,24,23629,23684,55,C:\Users\weijt\Desktop\UNSW\COMP9900\project\capstone-project-26t2-9900-t17a-almond\outputs\generated\full_budget_search_20260717\cvefixes_vulnerable\runs\baseline\01_cve-2020-1763,C:\Users\weijt\Desktop\UNSW\COMP9900\project\capstone-project-26t2-9900-t17a-almond\outputs\generated\full_budget_search_20260717\cvefixes_vulnerable\runs\perturbed\01_cve-2020-1763__temp_variable_split__c3,C:\Users\weijt\Desktop\UNSW\COMP9900\project\capstone-project-26t2-9900-t17a-almond\outputs\generated\full_budget_search_20260717\cvefixes_vulnerable\sources\01_cve-2020-1763__temp_variable_split__c3.c,split 3 simple assignment(s) through temporary integer variables,
cvefixes_vulnerable,01_cve-2020-1763,C:\Users\weijt\Desktop\UNSW\COMP9900\project\capstone-project-26t2-9900-t17a-almond\input_sources\cvefixes\vulnerable\01_cve-2020-1763.c,temp_variable_split,5,5,generated,ran,False,1,1,1.0,1.0,0.0,10993,11033,40,23629,23721,92,C:\Users\weijt\Desktop\UNSW\COMP9900\project\capstone-project-26t2-9900-t17a-almond\outputs\generated\full_budget_search_20260717\cvefixes_vulnerable\runs\baseline\01_cve-2020-1763,C:\Users\weijt\Desktop\UNSW\COMP9900\project\capstone-project-26t2-9900-t17a-almond\outputs\generated\full_budget_search_20260717\cvefixes_vulnerable\runs\perturbed\01_cve-2020-1763__temp_variable_split__c5,C:\Users\weijt\Desktop\UNSW\COMP9900\project\capstone-project-26t2-9900-t17a-almond\outputs\generated\full_budget_search_20260717\cvefixes_vulnerable\sources\01_cve-2020-1763__temp_variable_split__c5.c,split 5 simple assignment(s) through temporary integer variables,
cvefixes_vulnerable,02_cve-2020-29367,C:\Users\weijt\Desktop\UNSW\COMP9900\project\capstone-project-26t2-9900-t17a-almond\input_sources\cvefixes\vulnerable\02_cve-2020-29367.c,data_flow_alias,1,1,generated,ran,True,1,0,1.0,0.012587828561663628,-0.9874121714383364,15248,615,-14633,33262,1273,-31989,C:\Users\weijt\Desktop\UNSW\COMP9900\project\capstone-project-26t2-9900-t17a-almond\outputs\generated\full_budget_search_20260717\cvefixes_vulnerable\runs\baseline\02_cve-2020-29367,C:\Users\weijt\Desktop\UNSW\COMP9900\project\capstone-project-26t2-9900-t17a-almond\outputs\generated\full_budget_search_20260717\cvefixes_vulnerable\runs\perturbed\02_cve-2020-29367__data_flow_alias__c1,C:\Users\weijt\Desktop\UNSW\COMP9900\project\capstone-project-26t2-9900-t17a-almond\outputs\generated\full_budget_search_20260717\cvefixes_vulnerable\sources\02_cve-2020-29367__data_flow_alias__c1.c,inserted 1 alias-preserving data-flow no-op(s) near call arguments,
cvefixes_vulnerable,02_cve-2020-29367,C:\Users\weijt\Desktop\UNSW\COMP9900\project\capstone-project-26t2-9900-t17a-almond\input_sources\cvefixes\vulnerable\02_cve-2020-29367.c,dead_statement,1,1,generated,ran,False,1,1,1.0,1.0,0.0,15248,15250,2,33262,33263,1,C:\Users\weijt\Desktop\UNSW\COMP9900\project\capstone-project-26t2-9900-t17a-almond\outputs\generated\full_budget_search_20260717\cvefixes_vulnerable\runs\baseline\02_cve-2020-29367,C:\Users\weijt\Desktop\UNSW\COMP9900\project\capstone-project-26t2-9900-t17a-almond\outputs\generated\full_budget_search_20260717\cvefixes_vulnerable\runs\perturbed\02_cve-2020-29367__dead_statement__c1,C:\Users\weijt\Desktop\UNSW\COMP9900\project\capstone-project-26t2-9900-t17a-almond\outputs\generated\full_budget_search_20260717\cvefixes_vulnerable\sources\02_cve-2020-29367__dead_statement__c1.c,inserted 1 harmless dummy integer statement pair(s) after first function brace,
cvefixes_vulnerable,02_cve-2020-29367,C:\Users\weijt\Desktop\UNSW\COMP9900\project\capstone-project-26t2-9900-t17a-almond\input_sources\cvefixes\vulnerable\02_cve-2020-29367.c,dead_statement,2,2,generated,ran,False,1,1,1.0,1.0,0.0,15248,15252,4,33262,33264,2,C:\Users\weijt\Desktop\UNSW\COMP9900\project\capstone-project-26t2-9900-t17a-almond\outputs\generated\full_budget_search_20260717\cvefixes_vulnerable\runs\baseline\02_cve-2020-29367,C:\Users\weijt\Desktop\UNSW\COMP9900\project\capstone-project-26t2-9900-t17a-almond\outputs\generated\full_budget_search_20260717\cvefixes_vulnerable\runs\perturbed\02_cve-2020-29367__dead_statement__c2,C:\Users\weijt\Desktop\UNSW\COMP9900\project\capstone-project-26t2-9900-t17a-almond\outputs\generated\full_budget_search_20260717\cvefixes_vulnerable\sources\02_cve-2020-29367__dead_statement__c2.c,inserted 2 harmless dummy integer statement pair(s) after first function brace,
cvefixes_vulnerable,02_cve-2020-29367,C:\Users\weijt\Desktop\UNSW\COMP9900\project\capstone-project-26t2-9900-t17a-almond\input_sources\cvefixes\vulnerable\02_cve-2020-29367.c,dead_statement,3,3,generated,ran,False,1,1,1.0,0.9942263960838318,-0.005773603916168213,15248,15254,6,33262,33265,3,C:\Users\weijt\Desktop\UNSW\COMP9900\project\capstone-project-26t2-9900-t17a-almond\outputs\generated\full_budget_search_20260717\cvefixes_vulnerable\runs\baseline\02_cve-2020-29367,C:\Users\weijt\Desktop\UNSW\COMP9900\project\capstone-project-26t2-9900-t17a-almond\outputs\generated\full_budget_search_20260717\cvefixes_vulnerable\runs\perturbed\02_cve-2020-29367__dead_statement__c3,C:\Users\weijt\Desktop\UNSW\COMP9900\project\capstone-project-26t2-9900-t17a-almond\outputs\generated\full_budget_search_20260717\cvefixes_vulnerable\sources\02_cve-2020-29367__dead_statement__c3.c,inserted 3 harmless dummy integer statement pair(s) after first function brace,
cvefixes_vulnerable,02_cve-2020-29367,C:\Users\weijt\Desktop\UNSW\COMP9900\project\capstone-project-26t2-9900-t17a-almond\input_sources\cvefixes\vulnerable\02_cve-2020-29367.c,dead_statement,5,5,generated,ran,False,1,1,1.0,0.9942263960838318,-0.005773603916168213,15248,15258,10,33262,33267,5,C:\Users\weijt\Desktop\UNSW\COMP9900\project\capstone-project-26t2-9900-t17a-almond\outputs\generated\full_budget_search_20260717\cvefixes_vulnerable\runs\baseline\02_cve-2020-29367,C:\Users\weijt\Desktop\UNSW\COMP9900\project\capstone-project-26t2-9900-t17a-almond\outputs\generated\full_budget_search_20260717\cvefixes_vulnerable\runs\perturbed\02_cve-2020-29367__dead_statement__c5,C:\Users\weijt\Desktop\UNSW\COMP9900\project\capstone-project-26t2-9900-t17a-almond\outputs\generated\full_budget_search_20260717\cvefixes_vulnerable\sources\02_cve-2020-29367__dead_statement__c5.c,inserted 5 harmless dummy integer statement pair(s) after first function brace,
cvefixes_vulnerable,02_cve-2020-29367,C:\Users\weijt\Desktop\UNSW\COMP9900\project\capstone-project-26t2-9900-t17a-almond\input_sources\cvefixes\vulnerable\02_cve-2020-29367.c,xfg_targeted_dead_code,1,1,generated,ran,False,1,1,1.0,1.0,0.0,15248,15250,2,33262,33263,1,C:\Users\weijt\Desktop\UNSW\COMP9900\project\capstone-project-26t2-9900-t17a-almond\outputs\generated\full_budget_search_20260717\cvefixes_vulnerable\runs\baseline\02_cve-2020-29367,C:\Users\weijt\Desktop\UNSW\COMP9900\project\capstone-project-26t2-9900-t17a-almond\outputs\generated\full_budget_search_20260717\cvefixes_vulnerable\runs\perturbed\02_cve-2020-29367__xfg_targeted_dead_code__c1,C:\Users\weijt\Desktop\UNSW\COMP9900\project\capstone-project-26t2-9900-t17a-almond\outputs\generated\full_budget_search_20260717\cvefixes_vulnerable\sources\02_cve-2020-29367__xfg_targeted_dead_code__c1.c,inserted 1 unreachable no-op block(s) near XFG-relevant target lines,
cvefixes_vulnerable,02_cve-2020-29367,C:\Users\weijt\Desktop\UNSW\COMP9900\project\capstone-project-26t2-9900-t17a-almond\input_sources\cvefixes\vulnerable\02_cve-2020-29367.c,xfg_targeted_dead_code,2,2,generated,ran,False,1,1,1.0,0.9942263960838318,-0.005773603916168213,15248,15252,4,33262,33264,2,C:\Users\weijt\Desktop\UNSW\COMP9900\project\capstone-project-26t2-9900-t17a-almond\outputs\generated\full_budget_search_20260717\cvefixes_vulnerable\runs\baseline\02_cve-2020-29367,C:\Users\weijt\Desktop\UNSW\COMP9900\project\capstone-project-26t2-9900-t17a-almond\outputs\generated\full_budget_search_20260717\cvefixes_vulnerable\runs\perturbed\02_cve-2020-29367__xfg_targeted_dead_code__c2,C:\Users\weijt\Desktop\UNSW\COMP9900\project\capstone-project-26t2-9900-t17a-almond\outputs\generated\full_budget_search_20260717\cvefixes_vulnerable\sources\02_cve-2020-29367__xfg_targeted_dead_code__c2.c,inserted 2 unreachable no-op block(s) near XFG-relevant target lines,
cvefixes_vulnerable,02_cve-2020-29367,C:\Users\weijt\Desktop\UNSW\COMP9900\project\capstone-project-26t2-9900-t17a-almond\input_sources\cvefixes\vulnerable\02_cve-2020-29367.c,xfg_targeted_dead_code,3,3,generated,ran,False,1,1,1.0,0.9999010562896729,-9.894371032714844e-05,15248,15254,6,33262,33265,3,C:\Users\weijt\Desktop\UNSW\COMP9900\project\capstone-project-26t2-9900-t17a-almond\outputs\generated\full_budget_search_20260717\cvefixes_vulnerable\runs\baseline\02_cve-2020-29367,C:\Users\weijt\Desktop\UNSW\COMP9900\project\capstone-project-26t2-9900-t17a-almond\outputs\generated\full_budget_search_20260717\cvefixes_vulnerable\runs\perturbed\02_cve-2020-29367__xfg_targeted_dead_code__c3,C:\Users\weijt\Desktop\UNSW\COMP9900\project\capstone-project-26t2-9900-t17a-almond\outputs\generated\full_budget_search_20260717\cvefixes_vulnerable\sources\02_cve-2020-29367__xfg_targeted_dead_code__c3.c,inserted 3 unreachable no-op block(s) near XFG-relevant target lines,
cvefixes_vulnerable,02_cve-2020-29367,C:\Users\weijt\Desktop\UNSW\COMP9900\project\capstone-project-26t2-9900-t17a-almond\input_sources\cvefixes\vulnerable\02_cve-2020-29367.c,xfg_targeted_dead_code,5,5,generated,ran,False,1,1,1.0,0.9998867511749268,-0.00011324882507324219,15248,15258,10,33262,33267,5,C:\Users\weijt\Desktop\UNSW\COMP9900\project\capstone-project-26t2-9900-t17a-almond\outputs\generated\full_budget_search_20260717\cvefixes_vulnerable\runs\baseline\02_cve-2020-29367,C:\Users\weijt\Desktop\UNSW\COMP9900\project\capstone-project-26t2-9900-t17a-almond\outputs\generated\full_budget_search_20260717\cvefixes_vulnerable\runs\perturbed\02_cve-2020-29367__xfg_targeted_dead_code__c5,C:\Users\weijt\Desktop\UNSW\COMP9900\project\capstone-project-26t2-9900-t17a-almond\outputs\generated\full_budget_search_20260717\cvefixes_vulnerable\sources\02_cve-2020-29367__xfg_targeted_dead_code__c5.c,inserted 5 unreachable no-op block(s) near XFG-relevant target lines,
cvefixes_vulnerable,02_cve-2020-29367,C:\Users\weijt\Desktop\UNSW\COMP9900\project\capstone-project-26t2-9900-t17a-almond\input_sources\cvefixes\vulnerable\02_cve-2020-29367.c,range_clamp,1,1,generated,ran,False,1,1,1.0,0.9942263960838318,-0.005773603916168213,15248,15278,30,33262,33330,68,C:\Users\weijt\Desktop\UNSW\COMP9900\project\capstone-project-26t2-9900-t17a-almond\outputs\generated\full_budget_search_20260717\cvefixes_vulnerable\runs\baseline\02_cve-2020-29367,C:\Users\weijt\Desktop\UNSW\COMP9900\project\capstone-project-26t2-9900-t17a-almond\outputs\generated\full_budget_search_20260717\cvefixes_vulnerable\runs\perturbed\02_cve-2020-29367__range_clamp__c1,C:\Users\weijt\Desktop\UNSW\COMP9900\project\capstone-project-26t2-9900-t17a-almond\outputs\generated\full_budget_search_20260717\cvefixes_vulnerable\sources\02_cve-2020-29367__range_clamp__c1.c,clamped 1 sensitive sink size/count argument(s) through bounded local variables,
cvefixes_vulnerable,02_cve-2020-29367,C:\Users\weijt\Desktop\UNSW\COMP9900\project\capstone-project-26t2-9900-t17a-almond\input_sources\cvefixes\vulnerable\02_cve-2020-29367.c,range_clamp,2,2,generated,ran,False,1,1,1.0,0.9999010562896729,-9.894371032714844e-05,15248,15308,60,33262,33398,136,C:\Users\weijt\Desktop\UNSW\COMP9900\project\capstone-project-26t2-9900-t17a-almond\outputs\generated\full_budget_search_20260717\cvefixes_vulnerable\runs\baseline\02_cve-2020-29367,C:\Users\weijt\Desktop\UNSW\COMP9900\project\capstone-project-26t2-9900-t17a-almond\outputs\generated\full_budget_search_20260717\cvefixes_vulnerable\runs\perturbed\02_cve-2020-29367__range_clamp__c2,C:\Users\weijt\Desktop\UNSW\COMP9900\project\capstone-project-26t2-9900-t17a-almond\outputs\generated\full_budget_search_20260717\cvefixes_vulnerable\sources\02_cve-2020-29367__range_clamp__c2.c,clamped 2 sensitive sink size/count argument(s) through bounded local variables,
cvefixes_vulnerable,02_cve-2020-29367,C:\Users\weijt\Desktop\UNSW\COMP9900\project\capstone-project-26t2-9900-t17a-almond\input_sources\cvefixes\vulnerable\02_cve-2020-29367.c,range_clamp,3,3,generated,ran,False,1,1,1.0,0.9998836517333984,-0.0001163482666015625,15248,15338,90,33262,33466,204,C:\Users\weijt\Desktop\UNSW\COMP9900\project\capstone-project-26t2-9900-t17a-almond\outputs\generated\full_budget_search_20260717\cvefixes_vulnerable\runs\baseline\02_cve-2020-29367,C:\Users\weijt\Desktop\UNSW\COMP9900\project\capstone-project-26t2-9900-t17a-almond\outputs\generated\full_budget_search_20260717\cvefixes_vulnerable\runs\perturbed\02_cve-2020-29367__range_clamp__c3,C:\Users\weijt\Desktop\UNSW\COMP9900\project\capstone-project-26t2-9900-t17a-almond\outputs\generated\full_budget_search_20260717\cvefixes_vulnerable\sources\02_cve-2020-29367__range_clamp__c3.c,clamped 3 sensitive sink size/count argument(s) through bounded local variables,
cvefixes_vulnerable,02_cve-2020-29367,C:\Users\weijt\Desktop\UNSW\COMP9900\project\capstone-project-26t2-9900-t17a-almond\input_sources\cvefixes\vulnerable\02_cve-2020-29367.c,range_clamp,5,5,generated,ran,False,1,1,1.0,0.9872958064079285,-0.012704193592071533,15248,15398,150,33262,33606,344,C:\Users\weijt\Desktop\UNSW\COMP9900\project\capstone-project-26t2-9900-t17a-almond\outputs\generated\full_budget_search_20260717\cvefixes_vulnerable\runs\baseline\02_cve-2020-29367,C:\Users\weijt\Desktop\UNSW\COMP9900\project\capstone-project-26t2-9900-t17a-almond\outputs\generated\full_budget_search_20260717\cvefixes_vulnerable\runs\perturbed\02_cve-2020-29367__range_clamp__c5,C:\Users\weijt\Desktop\UNSW\COMP9900\project\capstone-project-26t2-9900-t17a-almond\outputs\generated\full_budget_search_20260717\cvefixes_vulnerable\sources\02_cve-2020-29367__range_clamp__c5.c,clamped 5 sensitive sink size/count argument(s) through bounded local variables,
cvefixes_vulnerable,02_cve-2020-29367,C:\Users\weijt\Desktop\UNSW\COMP9900\project\capstone-project-26t2-9900-t17a-almond\input_sources\cvefixes\vulnerable\02_cve-2020-29367.c,safe_source_substitution,1,1,generated,ran,False,1,1,1.0,1.0,0.0,15248,15256,8,33262,33274,12,C:\Users\weijt\Desktop\UNSW\COMP9900\project\capstone-project-26t2-9900-t17a-almond\outputs\generated\full_budget_search_20260717\cvefixes_vulnerable\runs\baseline\02_cve-2020-29367,C:\Users\weijt\Desktop\UNSW\COMP9900\project\capstone-project-26t2-9900-t17a-almond\outputs\generated\full_budget_search_20260717\cvefixes_vulnerable\runs\perturbed\02_cve-2020-29367__safe_source_substitution__c1,C:\Users\weijt\Desktop\UNSW\COMP9900\project\capstone-project-26t2-9900-t17a-almond\outputs\generated\full_budget_search_20260717\cvefixes_vulnerable\sources\02_cve-2020-29367__safe_source_substitution__c1.c,replaced 1 nested pointer source expression(s) with guarded fallback expressions,
cvefixes_vulnerable,02_cve-2020-29367,C:\Users\weijt\Desktop\UNSW\COMP9900\project\capstone-project-26t2-9900-t17a-almond\input_sources\cvefixes\vulnerable\02_cve-2020-29367.c,safe_source_substitution,2,1,partial,run_partial,False,1,1,1.0,1.0,0.0,15248,15256,8,33262,33274,12,C:\Users\weijt\Desktop\UNSW\COMP9900\project\capstone-project-26t2-9900-t17a-almond\outputs\generated\full_budget_search_20260717\cvefixes_vulnerable\runs\baseline\02_cve-2020-29367,C:\Users\weijt\Desktop\UNSW\COMP9900\project\capstone-project-26t2-9900-t17a-almond\outputs\generated\full_budget_search_20260717\cvefixes_vulnerable\runs\perturbed\02_cve-2020-29367__safe_source_substitution__c2,C:\Users\weijt\Desktop\UNSW\COMP9900\project\capstone-project-26t2-9900-t17a-almond\outputs\generated\full_budget_search_20260717\cvefixes_vulnerable\sources\02_cve-2020-29367__safe_source_substitution__c2.c,replaced 1 nested pointer source expression(s) with guarded fallback expressions,
cvefixes_vulnerable,02_cve-2020-29367,C:\Users\weijt\Desktop\UNSW\COMP9900\project\capstone-project-26t2-9900-t17a-almond\input_sources\cvefixes\vulnerable\02_cve-2020-29367.c,sink_bound_guard,1,1,generated,ran,False,1,1,1.0,1.0,0.0,15248,15260,12,33262,33283,21,C:\Users\weijt\Desktop\UNSW\COMP9900\project\capstone-project-26t2-9900-t17a-almond\outputs\generated\full_budget_search_20260717\cvefixes_vulnerable\runs\baseline\02_cve-2020-29367,C:\Users\weijt\Desktop\UNSW\COMP9900\project\capstone-project-26t2-9900-t17a-almond\outputs\generated\full_budget_search_20260717\cvefixes_vulnerable\runs\perturbed\02_cve-2020-29367__sink_bound_guard__c1,C:\Users\weijt\Desktop\UNSW\COMP9900\project\capstone-project-26t2-9900-t17a-almond\outputs\generated\full_budget_search_20260717\cvefixes_vulnerable\sources\02_cve-2020-29367__sink_bound_guard__c1.c,inserted 1 early-return bound guard(s) before sensitive sink calls,
cvefixes_vulnerable,02_cve-2020-29367,C:\Users\weijt\Desktop\UNSW\COMP9900\project\capstone-project-26t2-9900-t17a-almond\input_sources\cvefixes\vulnerable\02_cve-2020-29367.c,sink_bound_guard,2,2,generated,ran,False,1,1,1.0,0.9781944155693054,-0.02180558443069458,15248,15270,22,33262,33302,40,C:\Users\weijt\Desktop\UNSW\COMP9900\project\capstone-project-26t2-9900-t17a-almond\outputs\generated\full_budget_search_20260717\cvefixes_vulnerable\runs\baseline\02_cve-2020-29367,C:\Users\weijt\Desktop\UNSW\COMP9900\project\capstone-project-26t2-9900-t17a-almond\outputs\generated\full_budget_search_20260717\cvefixes_vulnerable\runs\perturbed\02_cve-2020-29367__sink_bound_guard__c2,C:\Users\weijt\Desktop\UNSW\COMP9900\project\capstone-project-26t2-9900-t17a-almond\outputs\generated\full_budget_search_20260717\cvefixes_vulnerable\sources\02_cve-2020-29367__sink_bound_guard__c2.c,inserted 2 early-return bound guard(s) before sensitive sink calls,
cvefixes_vulnerable,02_cve-2020-29367,C:\Users\weijt\Desktop\UNSW\COMP9900\project\capstone-project-26t2-9900-t17a-almond\input_sources\cvefixes\vulnerable\02_cve-2020-29367.c,sink_bound_guard,3,3,generated,ran,False,1,1,1.0,0.9781944155693054,-0.02180558443069458,15248,15280,32,33262,33321,59,C:\Users\weijt\Desktop\UNSW\COMP9900\project\capstone-project-26t2-9900-t17a-almond\outputs\generated\full_budget_search_20260717\cvefixes_vulnerable\runs\baseline\02_cve-2020-29367,C:\Users\weijt\Desktop\UNSW\COMP9900\project\capstone-project-26t2-9900-t17a-almond\outputs\generated\full_budget_search_20260717\cvefixes_vulnerable\runs\perturbed\02_cve-2020-29367__sink_bound_guard__c3,C:\Users\weijt\Desktop\UNSW\COMP9900\project\capstone-project-26t2-9900-t17a-almond\outputs\generated\full_budget_search_20260717\cvefixes_vulnerable\sources\02_cve-2020-29367__sink_bound_guard__c3.c,inserted 3 early-return bound guard(s) before sensitive sink calls,
cvefixes_vulnerable,02_cve-2020-29367,C:\Users\weijt\Desktop\UNSW\COMP9900\project\capstone-project-26t2-9900-t17a-almond\input_sources\cvefixes\vulnerable\02_cve-2020-29367.c,sink_bound_guard,5,5,generated,ran,False,1,1,1.0,0.9999010562896729,-9.894371032714844e-05,15248,15304,56,33262,33367,105,C:\Users\weijt\Desktop\UNSW\COMP9900\project\capstone-project-26t2-9900-t17a-almond\outputs\generated\full_budget_search_20260717\cvefixes_vulnerable\runs\baseline\02_cve-2020-29367,C:\Users\weijt\Desktop\UNSW\COMP9900\project\capstone-project-26t2-9900-t17a-almond\outputs\generated\full_budget_search_20260717\cvefixes_vulnerable\runs\perturbed\02_cve-2020-29367__sink_bound_guard__c5,C:\Users\weijt\Desktop\UNSW\COMP9900\project\capstone-project-26t2-9900-t17a-almond\outputs\generated\full_budget_search_20260717\cvefixes_vulnerable\sources\02_cve-2020-29367__sink_bound_guard__c5.c,inserted 5 early-return bound guard(s) before sensitive sink calls,
cvefixes_vulnerable,02_cve-2020-29367,C:\Users\weijt\Desktop\UNSW\COMP9900\project\capstone-project-26t2-9900-t17a-almond\input_sources\cvefixes\vulnerable\02_cve-2020-29367.c,postcondition_validation,1,0,skipped,ran,,,,,,,,,,,,,C:\Users\weijt\Desktop\UNSW\COMP9900\project\capstone-project-26t2-9900-t17a-almond\outputs\generated\full_budget_search_20260717\cvefixes_vulnerable\runs\baseline\02_cve-2020-29367,,,no matching *_count/*_read pair found for postcondition validation,
cvefixes_vulnerable,02_cve-2020-29367,C:\Users\weijt\Desktop\UNSW\COMP9900\project\capstone-project-26t2-9900-t17a-almond\input_sources\cvefixes\vulnerable\02_cve-2020-29367.c,integer_overflow_guard,1,0,skipped,ran,,,,,,,,,,,,,C:\Users\weijt\Desktop\UNSW\COMP9900\project\capstone-project-26t2-9900-t17a-almond\outputs\generated\full_budget_search_20260717\cvefixes_vulnerable\runs\baseline\02_cve-2020-29367,,,no allocation size addition or multiplication expression found,
cvefixes_vulnerable,02_cve-2020-29367,C:\Users\weijt\Desktop\UNSW\COMP9900\project\capstone-project-26t2-9900-t17a-almond\input_sources\cvefixes\vulnerable\02_cve-2020-29367.c,array_index_bound_guard,1,1,generated,ran,False,1,1,1.0,1.0,0.0,15248,15274,26,33262,33298,36,C:\Users\weijt\Desktop\UNSW\COMP9900\project\capstone-project-26t2-9900-t17a-almond\outputs\generated\full_budget_search_20260717\cvefixes_vulnerable\runs\baseline\02_cve-2020-29367,C:\Users\weijt\Desktop\UNSW\COMP9900\project\capstone-project-26t2-9900-t17a-almond\outputs\generated\full_budget_search_20260717\cvefixes_vulnerable\runs\perturbed\02_cve-2020-29367__array_index_bound_guard__c1,C:\Users\weijt\Desktop\UNSW\COMP9900\project\capstone-project-26t2-9900-t17a-almond\outputs\generated\full_budget_search_20260717\cvefixes_vulnerable\sources\02_cve-2020-29367__array_index_bound_guard__c1.c,wrapped 1 array write(s) with index lower/upper bound guards,
cvefixes_vulnerable,02_cve-2020-29367,C:\Users\weijt\Desktop\UNSW\COMP9900\project\capstone-project-26t2-9900-t17a-almond\input_sources\cvefixes\vulnerable\02_cve-2020-29367.c,array_index_bound_guard,2,2,generated,ran,False,1,1,1.0,1.0,0.0,15248,15300,52,33262,33335,73,C:\Users\weijt\Desktop\UNSW\COMP9900\project\capstone-project-26t2-9900-t17a-almond\outputs\generated\full_budget_search_20260717\cvefixes_vulnerable\runs\baseline\02_cve-2020-29367,C:\Users\weijt\Desktop\UNSW\COMP9900\project\capstone-project-26t2-9900-t17a-almond\outputs\generated\full_budget_search_20260717\cvefixes_vulnerable\runs\perturbed\02_cve-2020-29367__array_index_bound_guard__c2,C:\Users\weijt\Desktop\UNSW\COMP9900\project\capstone-project-26t2-9900-t17a-almond\outputs\generated\full_budget_search_20260717\cvefixes_vulnerable\sources\02_cve-2020-29367__array_index_bound_guard__c2.c,wrapped 2 array write(s) with index lower/upper bound guards,
cvefixes_vulnerable,02_cve-2020-29367,C:\Users\weijt\Desktop\UNSW\COMP9900\project\capstone-project-26t2-9900-t17a-almond\input_sources\cvefixes\vulnerable\02_cve-2020-29367.c,array_index_bound_guard,3,3,generated,ran,False,1,1,1.0,1.0,0.0,15248,15326,78,33262,33373,111,C:\Users\weijt\Desktop\UNSW\COMP9900\project\capstone-project-26t2-9900-t17a-almond\outputs\generated\full_budget_search_20260717\cvefixes_vulnerable\runs\baseline\02_cve-2020-29367,C:\Users\weijt\Desktop\UNSW\COMP9900\project\capstone-project-26t2-9900-t17a-almond\outputs\generated\full_budget_search_20260717\cvefixes_vulnerable\runs\perturbed\02_cve-2020-29367__array_index_bound_guard__c3,C:\Users\weijt\Desktop\UNSW\COMP9900\project\capstone-project-26t2-9900-t17a-almond\outputs\generated\full_budget_search_20260717\cvefixes_vulnerable\sources\02_cve-2020-29367__array_index_bound_guard__c3.c,wrapped 3 array write(s) with index lower/upper bound guards,
cvefixes_vulnerable,02_cve-2020-29367,C:\Users\weijt\Desktop\UNSW\COMP9900\project\capstone-project-26t2-9900-t17a-almond\input_sources\cvefixes\vulnerable\02_cve-2020-29367.c,array_index_bound_guard,5,5,generated,ran,False,1,1,1.0,1.0,0.0,15248,15378,130,33262,33471,209,C:\Users\weijt\Desktop\UNSW\COMP9900\project\capstone-project-26t2-9900-t17a-almond\outputs\generated\full_budget_search_20260717\cvefixes_vulnerable\runs\baseline\02_cve-2020-29367,C:\Users\weijt\Desktop\UNSW\COMP9900\project\capstone-project-26t2-9900-t17a-almond\outputs\generated\full_budget_search_20260717\cvefixes_vulnerable\runs\perturbed\02_cve-2020-29367__array_index_bound_guard__c5,C:\Users\weijt\Desktop\UNSW\COMP9900\project\capstone-project-26t2-9900-t17a-almond\outputs\generated\full_budget_search_20260717\cvefixes_vulnerable\sources\02_cve-2020-29367__array_index_bound_guard__c5.c,wrapped 5 array write(s) with index lower/upper bound guards,
cvefixes_vulnerable,02_cve-2020-29367,C:\Users\weijt\Desktop\UNSW\COMP9900\project\capstone-project-26t2-9900-t17a-almond\input_sources\cvefixes\vulnerable\02_cve-2020-29367.c,wide_char_sink_guard,1,0,skipped,ran,,,,,,,,,,,,,C:\Users\weijt\Desktop\UNSW\COMP9900\project\capstone-project-26t2-9900-t17a-almond\outputs\generated\full_budget_search_20260717\cvefixes_vulnerable\runs\baseline\02_cve-2020-29367,,,no wcscat/wcscpy wide-character sink found,
cvefixes_vulnerable,02_cve-2020-29367,C:\Users\weijt\Desktop\UNSW\COMP9900\project\capstone-project-26t2-9900-t17a-almond\input_sources\cvefixes\vulnerable\02_cve-2020-29367.c,pattern_dead_code,1,1,generated,ran,False,1,1,1.0,0.9942263960838318,-0.005773603916168213,15248,15254,6,33262,33265,3,C:\Users\weijt\Desktop\UNSW\COMP9900\project\capstone-project-26t2-9900-t17a-almond\outputs\generated\full_budget_search_20260717\cvefixes_vulnerable\runs\baseline\02_cve-2020-29367,C:\Users\weijt\Desktop\UNSW\COMP9900\project\capstone-project-26t2-9900-t17a-almond\outputs\generated\full_budget_search_20260717\cvefixes_vulnerable\runs\perturbed\02_cve-2020-29367__pattern_dead_code__c1,C:\Users\weijt\Desktop\UNSW\COMP9900\project\capstone-project-26t2-9900-t17a-almond\outputs\generated\full_budget_search_20260717\cvefixes_vulnerable\sources\02_cve-2020-29367__pattern_dead_code__c1.c,inserted 1 unreachable pointer/array/length pattern block(s) near sensitive or structural lines,
cvefixes_vulnerable,02_cve-2020-29367,C:\Users\weijt\Desktop\UNSW\COMP9900\project\capstone-project-26t2-9900-t17a-almond\input_sources\cvefixes\vulnerable\02_cve-2020-29367.c,pattern_dead_code,2,2,generated,ran,False,1,1,1.0,0.9997217059135437,-0.00027829408645629883,15248,15260,12,33262,33268,6,C:\Users\weijt\Desktop\UNSW\COMP9900\project\capstone-project-26t2-9900-t17a-almond\outputs\generated\full_budget_search_20260717\cvefixes_vulnerable\runs\baseline\02_cve-2020-29367,C:\Users\weijt\Desktop\UNSW\COMP9900\project\capstone-project-26t2-9900-t17a-almond\outputs\generated\full_budget_search_20260717\cvefixes_vulnerable\runs\perturbed\02_cve-2020-29367__pattern_dead_code__c2,C:\Users\weijt\Desktop\UNSW\COMP9900\project\capstone-project-26t2-9900-t17a-almond\outputs\generated\full_budget_search_20260717\cvefixes_vulnerable\sources\02_cve-2020-29367__pattern_dead_code__c2.c,inserted 2 unreachable pointer/array/length pattern block(s) near sensitive or structural lines,
cvefixes_vulnerable,02_cve-2020-29367,C:\Users\weijt\Desktop\UNSW\COMP9900\project\capstone-project-26t2-9900-t17a-almond\input_sources\cvefixes\vulnerable\02_cve-2020-29367.c,pattern_dead_code,3,3,generated,ran,False,1,1,1.0,1.0,0.0,15248,15266,18,33262,33271,9,C:\Users\weijt\Desktop\UNSW\COMP9900\project\capstone-project-26t2-9900-t17a-almond\outputs\generated\full_budget_search_20260717\cvefixes_vulnerable\runs\baseline\02_cve-2020-29367,C:\Users\weijt\Desktop\UNSW\COMP9900\project\capstone-project-26t2-9900-t17a-almond\outputs\generated\full_budget_search_20260717\cvefixes_vulnerable\runs\perturbed\02_cve-2020-29367__pattern_dead_code__c3,C:\Users\weijt\Desktop\UNSW\COMP9900\project\capstone-project-26t2-9900-t17a-almond\outputs\generated\full_budget_search_20260717\cvefixes_vulnerable\sources\02_cve-2020-29367__pattern_dead_code__c3.c,inserted 3 unreachable pointer/array/length pattern block(s) near sensitive or structural lines,
cvefixes_vulnerable,02_cve-2020-29367,C:\Users\weijt\Desktop\UNSW\COMP9900\project\capstone-project-26t2-9900-t17a-almond\input_sources\cvefixes\vulnerable\02_cve-2020-29367.c,pattern_dead_code,5,5,generated,ran,False,1,1,1.0,0.9942263960838318,-0.005773603916168213,15248,15278,30,33262,33277,15,C:\Users\weijt\Desktop\UNSW\COMP9900\project\capstone-project-26t2-9900-t17a-almond\outputs\generated\full_budget_search_20260717\cvefixes_vulnerable\runs\baseline\02_cve-2020-29367,C:\Users\weijt\Desktop\UNSW\COMP9900\project\capstone-project-26t2-9900-t17a-almond\outputs\generated\full_budget_search_20260717\cvefixes_vulnerable\runs\perturbed\02_cve-2020-29367__pattern_dead_code__c5,C:\Users\weijt\Desktop\UNSW\COMP9900\project\capstone-project-26t2-9900-t17a-almond\outputs\generated\full_budget_search_20260717\cvefixes_vulnerable\sources\02_cve-2020-29367__pattern_dead_code__c5.c,inserted 5 unreachable pointer/array/length pattern block(s) near sensitive or structural lines,
cvefixes_vulnerable,02_cve-2020-29367,C:\Users\weijt\Desktop\UNSW\COMP9900\project\capstone-project-26t2-9900-t17a-almond\input_sources\cvefixes\vulnerable\02_cve-2020-29367.c,control_wrapper,1,1,generated,ran,False,1,1,1.0,1.0,0.0,15248,15248,0,33262,33262,0,C:\Users\weijt\Desktop\UNSW\COMP9900\project\capstone-project-26t2-9900-t17a-almond\outputs\generated\full_budget_search_20260717\cvefixes_vulnerable\runs\baseline\02_cve-2020-29367,C:\Users\weijt\Desktop\UNSW\COMP9900\project\capstone-project-26t2-9900-t17a-almond\outputs\generated\full_budget_search_20260717\cvefixes_vulnerable\runs\perturbed\02_cve-2020-29367__control_wrapper__c1,C:\Users\weijt\Desktop\UNSW\COMP9900\project\capstone-project-26t2-9900-t17a-almond\outputs\generated\full_budget_search_20260717\cvefixes_vulnerable\sources\02_cve-2020-29367__control_wrapper__c1.c,wrapped 1 safe single-line statement(s) with if (1) blocks,
cvefixes_vulnerable,02_cve-2020-29367,C:\Users\weijt\Desktop\UNSW\COMP9900\project\capstone-project-26t2-9900-t17a-almond\input_sources\cvefixes\vulnerable\02_cve-2020-29367.c,control_wrapper,2,2,generated,ran,False,1,1,1.0,1.0,0.0,15248,15248,0,33262,33262,0,C:\Users\weijt\Desktop\UNSW\COMP9900\project\capstone-project-26t2-9900-t17a-almond\outputs\generated\full_budget_search_20260717\cvefixes_vulnerable\runs\baseline\02_cve-2020-29367,C:\Users\weijt\Desktop\UNSW\COMP9900\project\capstone-project-26t2-9900-t17a-almond\outputs\generated\full_budget_search_20260717\cvefixes_vulnerable\runs\perturbed\02_cve-2020-29367__control_wrapper__c2,C:\Users\weijt\Desktop\UNSW\COMP9900\project\capstone-project-26t2-9900-t17a-almond\outputs\generated\full_budget_search_20260717\cvefixes_vulnerable\sources\02_cve-2020-29367__control_wrapper__c2.c,wrapped 2 safe single-line statement(s) with if (1) blocks,
cvefixes_vulnerable,02_cve-2020-29367,C:\Users\weijt\Desktop\UNSW\COMP9900\project\capstone-project-26t2-9900-t17a-almond\input_sources\cvefixes\vulnerable\02_cve-2020-29367.c,control_wrapper,3,3,generated,ran,False,1,1,1.0,0.9942263960838318,-0.005773603916168213,15248,15252,4,33262,33271,9,C:\Users\weijt\Desktop\UNSW\COMP9900\project\capstone-project-26t2-9900-t17a-almond\outputs\generated\full_budget_search_20260717\cvefixes_vulnerable\runs\baseline\02_cve-2020-29367,C:\Users\weijt\Desktop\UNSW\COMP9900\project\capstone-project-26t2-9900-t17a-almond\outputs\generated\full_budget_search_20260717\cvefixes_vulnerable\runs\perturbed\02_cve-2020-29367__control_wrapper__c3,C:\Users\weijt\Desktop\UNSW\COMP9900\project\capstone-project-26t2-9900-t17a-almond\outputs\generated\full_budget_search_20260717\cvefixes_vulnerable\sources\02_cve-2020-29367__control_wrapper__c3.c,wrapped 3 safe single-line statement(s) with if (1) blocks,
cvefixes_vulnerable,02_cve-2020-29367,C:\Users\weijt\Desktop\UNSW\COMP9900\project\capstone-project-26t2-9900-t17a-almond\input_sources\cvefixes\vulnerable\02_cve-2020-29367.c,control_wrapper,5,5,generated,ran,False,1,1,1.0,0.9942263960838318,-0.005773603916168213,15248,15260,12,33262,33291,29,C:\Users\weijt\Desktop\UNSW\COMP9900\project\capstone-project-26t2-9900-t17a-almond\outputs\generated\full_budget_search_20260717\cvefixes_vulnerable\runs\baseline\02_cve-2020-29367,C:\Users\weijt\Desktop\UNSW\COMP9900\project\capstone-project-26t2-9900-t17a-almond\outputs\generated\full_budget_search_20260717\cvefixes_vulnerable\runs\perturbed\02_cve-2020-29367__control_wrapper__c5,C:\Users\weijt\Desktop\UNSW\COMP9900\project\capstone-project-26t2-9900-t17a-almond\outputs\generated\full_budget_search_20260717\cvefixes_vulnerable\sources\02_cve-2020-29367__control_wrapper__c5.c,wrapped 5 safe single-line statement(s) with if (1) blocks,
cvefixes_vulnerable,02_cve-2020-29367,C:\Users\weijt\Desktop\UNSW\COMP9900\project\capstone-project-26t2-9900-t17a-almond\input_sources\cvefixes\vulnerable\02_cve-2020-29367.c,temp_variable_split,1,1,generated,ran,False,1,1,1.0,1.0,0.0,15248,15256,8,33262,33280,18,C:\Users\weijt\Desktop\UNSW\COMP9900\project\capstone-project-26t2-9900-t17a-almond\outputs\generated\full_budget_search_20260717\cvefixes_vulnerable\runs\baseline\02_cve-2020-29367,C:\Users\weijt\Desktop\UNSW\COMP9900\project\capstone-project-26t2-9900-t17a-almond\outputs\generated\full_budget_search_20260717\cvefixes_vulnerable\runs\perturbed\02_cve-2020-29367__temp_variable_split__c1,C:\Users\weijt\Desktop\UNSW\COMP9900\project\capstone-project-26t2-9900-t17a-almond\outputs\generated\full_budget_search_20260717\cvefixes_vulnerable\sources\02_cve-2020-29367__temp_variable_split__c1.c,split 1 simple assignment(s) through temporary integer variables,
cvefixes_vulnerable,02_cve-2020-29367,C:\Users\weijt\Desktop\UNSW\COMP9900\project\capstone-project-26t2-9900-t17a-almond\input_sources\cvefixes\vulnerable\02_cve-2020-29367.c,temp_variable_split,2,2,generated,ran,False,1,1,1.0,1.0,0.0,15248,15264,16,33262,33298,36,C:\Users\weijt\Desktop\UNSW\COMP9900\project\capstone-project-26t2-9900-t17a-almond\outputs\generated\full_budget_search_20260717\cvefixes_vulnerable\runs\baseline\02_cve-2020-29367,C:\Users\weijt\Desktop\UNSW\COMP9900\project\capstone-project-26t2-9900-t17a-almond\outputs\generated\full_budget_search_20260717\cvefixes_vulnerable\runs\perturbed\02_cve-2020-29367__temp_variable_split__c2,C:\Users\weijt\Desktop\UNSW\COMP9900\project\capstone-project-26t2-9900-t17a-almond\outputs\generated\full_budget_search_20260717\cvefixes_vulnerable\sources\02_cve-2020-29367__temp_variable_split__c2.c,split 2 simple assignment(s) through temporary integer variables,
cvefixes_vulnerable,02_cve-2020-29367,C:\Users\weijt\Desktop\UNSW\COMP9900\project\capstone-project-26t2-9900-t17a-almond\input_sources\cvefixes\vulnerable\02_cve-2020-29367.c,temp_variable_split,3,3,generated,ran,False,1,1,1.0,1.0,0.0,15248,15272,24,33262,33309,47,C:\Users\weijt\Desktop\UNSW\COMP9900\project\capstone-project-26t2-9900-t17a-almond\outputs\generated\full_budget_search_20260717\cvefixes_vulnerable\runs\baseline\02_cve-2020-29367,C:\Users\weijt\Desktop\UNSW\COMP9900\project\capstone-project-26t2-9900-t17a-almond\outputs\generated\full_budget_search_20260717\cvefixes_vulnerable\runs\perturbed\02_cve-2020-29367__temp_variable_split__c3,C:\Users\weijt\Desktop\UNSW\COMP9900\project\capstone-project-26t2-9900-t17a-almond\outputs\generated\full_budget_search_20260717\cvefixes_vulnerable\sources\02_cve-2020-29367__temp_variable_split__c3.c,split 3 simple assignment(s) through temporary integer variables,
cvefixes_vulnerable,02_cve-2020-29367,C:\Users\weijt\Desktop\UNSW\COMP9900\project\capstone-project-26t2-9900-t17a-almond\input_sources\cvefixes\vulnerable\02_cve-2020-29367.c,temp_variable_split,5,5,generated,ran,False,1,1,1.0,1.0,0.0,15248,15288,40,33262,33345,83,C:\Users\weijt\Desktop\UNSW\COMP9900\project\capstone-project-26t2-9900-t17a-almond\outputs\generated\full_budget_search_20260717\cvefixes_vulnerable\runs\baseline\02_cve-2020-29367,C:\Users\weijt\Desktop\UNSW\COMP9900\project\capstone-project-26t2-9900-t17a-almond\outputs\generated\full_budget_search_20260717\cvefixes_vulnerable\runs\perturbed\02_cve-2020-29367__temp_variable_split__c5,C:\Users\weijt\Desktop\UNSW\COMP9900\project\capstone-project-26t2-9900-t17a-almond\outputs\generated\full_budget_search_20260717\cvefixes_vulnerable\sources\02_cve-2020-29367__temp_variable_split__c5.c,split 5 simple assignment(s) through temporary integer variables,
cvefixes_vulnerable,03_cve-2021-3888,C:\Users\weijt\Desktop\UNSW\COMP9900\project\capstone-project-26t2-9900-t17a-almond\input_sources\cvefixes\vulnerable\03_cve-2021-3888.c,data_flow_alias,1,1,generated,ran,False,0,0,0.10754722356796265,0.18461446464061737,0.07706724107265472,6190,6204,14,13229,13258,29,C:\Users\weijt\Desktop\UNSW\COMP9900\project\capstone-project-26t2-9900-t17a-almond\outputs\generated\full_budget_search_20260717\cvefixes_vulnerable\runs\baseline\03_cve-2021-3888,C:\Users\weijt\Desktop\UNSW\COMP9900\project\capstone-project-26t2-9900-t17a-almond\outputs\generated\full_budget_search_20260717\cvefixes_vulnerable\runs\perturbed\03_cve-2021-3888__data_flow_alias__c1,C:\Users\weijt\Desktop\UNSW\COMP9900\project\capstone-project-26t2-9900-t17a-almond\outputs\generated\full_budget_search_20260717\cvefixes_vulnerable\sources\03_cve-2021-3888__data_flow_alias__c1.c,inserted 1 alias-preserving data-flow no-op(s) near call arguments,
cvefixes_vulnerable,03_cve-2021-3888,C:\Users\weijt\Desktop\UNSW\COMP9900\project\capstone-project-26t2-9900-t17a-almond\input_sources\cvefixes\vulnerable\03_cve-2021-3888.c,data_flow_alias,2,2,generated,ran,False,0,0,0.10754722356796265,0.10754722356796265,0.0,6190,6224,34,13229,13295,66,C:\Users\weijt\Desktop\UNSW\COMP9900\project\capstone-project-26t2-9900-t17a-almond\outputs\generated\full_budget_search_20260717\cvefixes_vulnerable\runs\baseline\03_cve-2021-3888,C:\Users\weijt\Desktop\UNSW\COMP9900\project\capstone-project-26t2-9900-t17a-almond\outputs\generated\full_budget_search_20260717\cvefixes_vulnerable\runs\perturbed\03_cve-2021-3888__data_flow_alias__c2,C:\Users\weijt\Desktop\UNSW\COMP9900\project\capstone-project-26t2-9900-t17a-almond\outputs\generated\full_budget_search_20260717\cvefixes_vulnerable\sources\03_cve-2021-3888__data_flow_alias__c2.c,inserted 2 alias-preserving data-flow no-op(s) near call arguments,
cvefixes_vulnerable,03_cve-2021-3888,C:\Users\weijt\Desktop\UNSW\COMP9900\project\capstone-project-26t2-9900-t17a-almond\input_sources\cvefixes\vulnerable\03_cve-2021-3888.c,data_flow_alias,3,3,generated,ran,False,0,0,0.10754722356796265,0.3459022045135498,0.23835498094558716,6190,6238,48,13229,13324,95,C:\Users\weijt\Desktop\UNSW\COMP9900\project\capstone-project-26t2-9900-t17a-almond\outputs\generated\full_budget_search_20260717\cvefixes_vulnerable\runs\baseline\03_cve-2021-3888,C:\Users\weijt\Desktop\UNSW\COMP9900\project\capstone-project-26t2-9900-t17a-almond\outputs\generated\full_budget_search_20260717\cvefixes_vulnerable\runs\perturbed\03_cve-2021-3888__data_flow_alias__c3,C:\Users\weijt\Desktop\UNSW\COMP9900\project\capstone-project-26t2-9900-t17a-almond\outputs\generated\full_budget_search_20260717\cvefixes_vulnerable\sources\03_cve-2021-3888__data_flow_alias__c3.c,inserted 3 alias-preserving data-flow no-op(s) near call arguments,
cvefixes_vulnerable,03_cve-2021-3888,C:\Users\weijt\Desktop\UNSW\COMP9900\project\capstone-project-26t2-9900-t17a-almond\input_sources\cvefixes\vulnerable\03_cve-2021-3888.c,data_flow_alias,5,5,generated,ran,False,0,0,0.10754722356796265,0.10754722356796265,0.0,6190,6274,84,13229,13400,171,C:\Users\weijt\Desktop\UNSW\COMP9900\project\capstone-project-26t2-9900-t17a-almond\outputs\generated\full_budget_search_20260717\cvefixes_vulnerable\runs\baseline\03_cve-2021-3888,C:\Users\weijt\Desktop\UNSW\COMP9900\project\capstone-project-26t2-9900-t17a-almond\outputs\generated\full_budget_search_20260717\cvefixes_vulnerable\runs\perturbed\03_cve-2021-3888__data_flow_alias__c5,C:\Users\weijt\Desktop\UNSW\COMP9900\project\capstone-project-26t2-9900-t17a-almond\outputs\generated\full_budget_search_20260717\cvefixes_vulnerable\sources\03_cve-2021-3888__data_flow_alias__c5.c,inserted 5 alias-preserving data-flow no-op(s) near call arguments,
cvefixes_vulnerable,03_cve-2021-3888,C:\Users\weijt\Desktop\UNSW\COMP9900\project\capstone-project-26t2-9900-t17a-almond\input_sources\cvefixes\vulnerable\03_cve-2021-3888.c,dead_statement,1,1,generated,ran,False,0,0,0.10754722356796265,0.18461446464061737,0.07706724107265472,6190,6202,12,13229,13256,27,C:\Users\weijt\Desktop\UNSW\COMP9900\project\capstone-project-26t2-9900-t17a-almond\outputs\generated\full_budget_search_20260717\cvefixes_vulnerable\runs\baseline\03_cve-2021-3888,C:\Users\weijt\Desktop\UNSW\COMP9900\project\capstone-project-26t2-9900-t17a-almond\outputs\generated\full_budget_search_20260717\cvefixes_vulnerable\runs\perturbed\03_cve-2021-3888__dead_statement__c1,C:\Users\weijt\Desktop\UNSW\COMP9900\project\capstone-project-26t2-9900-t17a-almond\outputs\generated\full_budget_search_20260717\cvefixes_vulnerable\sources\03_cve-2021-3888__dead_statement__c1.c,inserted 1 harmless dummy integer statement pair(s) after first function brace,
cvefixes_vulnerable,03_cve-2021-3888,C:\Users\weijt\Desktop\UNSW\COMP9900\project\capstone-project-26t2-9900-t17a-almond\input_sources\cvefixes\vulnerable\03_cve-2021-3888.c,dead_statement,2,2,generated,ran,False,0,0,0.10754722356796265,0.04416704550385475,-0.0633801780641079,6190,6214,24,13229,13283,54,C:\Users\weijt\Desktop\UNSW\COMP9900\project\capstone-project-26t2-9900-t17a-almond\outputs\generated\full_budget_search_20260717\cvefixes_vulnerable\runs\baseline\03_cve-2021-3888,C:\Users\weijt\Desktop\UNSW\COMP9900\project\capstone-project-26t2-9900-t17a-almond\outputs\generated\full_budget_search_20260717\cvefixes_vulnerable\runs\perturbed\03_cve-2021-3888__dead_statement__c2,C:\Users\weijt\Desktop\UNSW\COMP9900\project\capstone-project-26t2-9900-t17a-almond\outputs\generated\full_budget_search_20260717\cvefixes_vulnerable\sources\03_cve-2021-3888__dead_statement__c2.c,inserted 2 harmless dummy integer statement pair(s) after first function brace,
cvefixes_vulnerable,03_cve-2021-3888,C:\Users\weijt\Desktop\UNSW\COMP9900\project\capstone-project-26t2-9900-t17a-almond\input_sources\cvefixes\vulnerable\03_cve-2021-3888.c,dead_statement,3,3,generated,ran,False,0,0,0.10754722356796265,0.3459022045135498,0.23835498094558716,6190,6226,36,13229,13310,81,C:\Users\weijt\Desktop\UNSW\COMP9900\project\capstone-project-26t2-9900-t17a-almond\outputs\generated\full_budget_search_20260717\cvefixes_vulnerable\runs\baseline\03_cve-2021-3888,C:\Users\weijt\Desktop\UNSW\COMP9900\project\capstone-project-26t2-9900-t17a-almond\outputs\generated\full_budget_search_20260717\cvefixes_vulnerable\runs\perturbed\03_cve-2021-3888__dead_statement__c3,C:\Users\weijt\Desktop\UNSW\COMP9900\project\capstone-project-26t2-9900-t17a-almond\outputs\generated\full_budget_search_20260717\cvefixes_vulnerable\sources\03_cve-2021-3888__dead_statement__c3.c,inserted 3 harmless dummy integer statement pair(s) after first function brace,
cvefixes_vulnerable,03_cve-2021-3888,C:\Users\weijt\Desktop\UNSW\COMP9900\project\capstone-project-26t2-9900-t17a-almond\input_sources\cvefixes\vulnerable\03_cve-2021-3888.c,dead_statement,5,5,generated,ran,False,0,0,0.10754722356796265,0.05718763545155525,-0.050359588116407394,6190,6250,60,13229,13364,135,C:\Users\weijt\Desktop\UNSW\COMP9900\project\capstone-project-26t2-9900-t17a-almond\outputs\generated\full_budget_search_20260717\cvefixes_vulnerable\runs\baseline\03_cve-2021-3888,C:\Users\weijt\Desktop\UNSW\COMP9900\project\capstone-project-26t2-9900-t17a-almond\outputs\generated\full_budget_search_20260717\cvefixes_vulnerable\runs\perturbed\03_cve-2021-3888__dead_statement__c5,C:\Users\weijt\Desktop\UNSW\COMP9900\project\capstone-project-26t2-9900-t17a-almond\outputs\generated\full_budget_search_20260717\cvefixes_vulnerable\sources\03_cve-2021-3888__dead_statement__c5.c,inserted 5 harmless dummy integer statement pair(s) after first function brace,
cvefixes_vulnerable,03_cve-2021-3888,C:\Users\weijt\Desktop\UNSW\COMP9900\project\capstone-project-26t2-9900-t17a-almond\input_sources\cvefixes\vulnerable\03_cve-2021-3888.c,xfg_targeted_dead_code,1,1,generated,ran,False,0,0,0.10754722356796265,0.10754722356796265,0.0,6190,6206,16,13229,13265,36,C:\Users\weijt\Desktop\UNSW\COMP9900\project\capstone-project-26t2-9900-t17a-almond\outputs\generated\full_budget_search_20260717\cvefixes_vulnerable\runs\baseline\03_cve-2021-3888,C:\Users\weijt\Desktop\UNSW\COMP9900\project\capstone-project-26t2-9900-t17a-almond\outputs\generated\full_budget_search_20260717\cvefixes_vulnerable\runs\perturbed\03_cve-2021-3888__xfg_targeted_dead_code__c1,C:\Users\weijt\Desktop\UNSW\COMP9900\project\capstone-project-26t2-9900-t17a-almond\outputs\generated\full_budget_search_20260717\cvefixes_vulnerable\sources\03_cve-2021-3888__xfg_targeted_dead_code__c1.c,inserted 1 unreachable no-op block(s) near XFG-relevant target lines,
cvefixes_vulnerable,03_cve-2021-3888,C:\Users\weijt\Desktop\UNSW\COMP9900\project\capstone-project-26t2-9900-t17a-almond\input_sources\cvefixes\vulnerable\03_cve-2021-3888.c,xfg_targeted_dead_code,2,2,generated,ran,False,0,0,0.10754722356796265,0.10754722356796265,0.0,6190,6222,32,13229,13301,72,C:\Users\weijt\Desktop\UNSW\COMP9900\project\capstone-project-26t2-9900-t17a-almond\outputs\generated\full_budget_search_20260717\cvefixes_vulnerable\runs\baseline\03_cve-2021-3888,C:\Users\weijt\Desktop\UNSW\COMP9900\project\capstone-project-26t2-9900-t17a-almond\outputs\generated\full_budget_search_20260717\cvefixes_vulnerable\runs\perturbed\03_cve-2021-3888__xfg_targeted_dead_code__c2,C:\Users\weijt\Desktop\UNSW\COMP9900\project\capstone-project-26t2-9900-t17a-almond\outputs\generated\full_budget_search_20260717\cvefixes_vulnerable\sources\03_cve-2021-3888__xfg_targeted_dead_code__c2.c,inserted 2 unreachable no-op block(s) near XFG-relevant target lines,
cvefixes_vulnerable,03_cve-2021-3888,C:\Users\weijt\Desktop\UNSW\COMP9900\project\capstone-project-26t2-9900-t17a-almond\input_sources\cvefixes\vulnerable\03_cve-2021-3888.c,xfg_targeted_dead_code,3,3,generated,ran,False,0,0,0.10754722356796265,0.15628722310066223,0.048739999532699585,6190,6238,48,13229,13337,108,C:\Users\weijt\Desktop\UNSW\COMP9900\project\capstone-project-26t2-9900-t17a-almond\outputs\generated\full_budget_search_20260717\cvefixes_vulnerable\runs\baseline\03_cve-2021-3888,C:\Users\weijt\Desktop\UNSW\COMP9900\project\capstone-project-26t2-9900-t17a-almond\outputs\generated\full_budget_search_20260717\cvefixes_vulnerable\runs\perturbed\03_cve-2021-3888__xfg_targeted_dead_code__c3,C:\Users\weijt\Desktop\UNSW\COMP9900\project\capstone-project-26t2-9900-t17a-almond\outputs\generated\full_budget_search_20260717\cvefixes_vulnerable\sources\03_cve-2021-3888__xfg_targeted_dead_code__c3.c,inserted 3 unreachable no-op block(s) near XFG-relevant target lines,
cvefixes_vulnerable,03_cve-2021-3888,C:\Users\weijt\Desktop\UNSW\COMP9900\project\capstone-project-26t2-9900-t17a-almond\input_sources\cvefixes\vulnerable\03_cve-2021-3888.c,xfg_targeted_dead_code,5,5,generated,ran,False,0,0,0.10754722356796265,0.10462898015975952,-0.002918243408203125,6190,6270,80,13229,13409,180,C:\Users\weijt\Desktop\UNSW\COMP9900\project\capstone-project-26t2-9900-t17a-almond\outputs\generated\full_budget_search_20260717\cvefixes_vulnerable\runs\baseline\03_cve-2021-3888,C:\Users\weijt\Desktop\UNSW\COMP9900\project\capstone-project-26t2-9900-t17a-almond\outputs\generated\full_budget_search_20260717\cvefixes_vulnerable\runs\perturbed\03_cve-2021-3888__xfg_targeted_dead_code__c5,C:\Users\weijt\Desktop\UNSW\COMP9900\project\capstone-project-26t2-9900-t17a-almond\outputs\generated\full_budget_search_20260717\cvefixes_vulnerable\sources\03_cve-2021-3888__xfg_targeted_dead_code__c5.c,inserted 5 unreachable no-op block(s) near XFG-relevant target lines,
cvefixes_vulnerable,03_cve-2021-3888,C:\Users\weijt\Desktop\UNSW\COMP9900\project\capstone-project-26t2-9900-t17a-almond\input_sources\cvefixes\vulnerable\03_cve-2021-3888.c,range_clamp,1,0,skipped,ran,,,,,,,,,,,,,C:\Users\weijt\Desktop\UNSW\COMP9900\project\capstone-project-26t2-9900-t17a-almond\outputs\generated\full_budget_search_20260717\cvefixes_vulnerable\runs\baseline\03_cve-2021-3888,,,no sensitive call with a clampable size/count argument found,
cvefixes_vulnerable,03_cve-2021-3888,C:\Users\weijt\Desktop\UNSW\COMP9900\project\capstone-project-26t2-9900-t17a-almond\input_sources\cvefixes\vulnerable\03_cve-2021-3888.c,safe_source_substitution,1,1,generated,ran,False,0,0,0.10754722356796265,0.10754722356796265,0.0,6190,6198,8,13229,13244,15,C:\Users\weijt\Desktop\UNSW\COMP9900\project\capstone-project-26t2-9900-t17a-almond\outputs\generated\full_budget_search_20260717\cvefixes_vulnerable\runs\baseline\03_cve-2021-3888,C:\Users\weijt\Desktop\UNSW\COMP9900\project\capstone-project-26t2-9900-t17a-almond\outputs\generated\full_budget_search_20260717\cvefixes_vulnerable\runs\perturbed\03_cve-2021-3888__safe_source_substitution__c1,C:\Users\weijt\Desktop\UNSW\COMP9900\project\capstone-project-26t2-9900-t17a-almond\outputs\generated\full_budget_search_20260717\cvefixes_vulnerable\sources\03_cve-2021-3888__safe_source_substitution__c1.c,replaced 1 nested pointer source expression(s) with guarded fallback expressions,
cvefixes_vulnerable,03_cve-2021-3888,C:\Users\weijt\Desktop\UNSW\COMP9900\project\capstone-project-26t2-9900-t17a-almond\input_sources\cvefixes\vulnerable\03_cve-2021-3888.c,safe_source_substitution,2,2,generated,ran,False,0,0,0.10754722356796265,0.024650296196341515,-0.08289692737162113,6190,6206,16,13229,13263,34,C:\Users\weijt\Desktop\UNSW\COMP9900\project\capstone-project-26t2-9900-t17a-almond\outputs\generated\full_budget_search_20260717\cvefixes_vulnerable\runs\baseline\03_cve-2021-3888,C:\Users\weijt\Desktop\UNSW\COMP9900\project\capstone-project-26t2-9900-t17a-almond\outputs\generated\full_budget_search_20260717\cvefixes_vulnerable\runs\perturbed\03_cve-2021-3888__safe_source_substitution__c2,C:\Users\weijt\Desktop\UNSW\COMP9900\project\capstone-project-26t2-9900-t17a-almond\outputs\generated\full_budget_search_20260717\cvefixes_vulnerable\sources\03_cve-2021-3888__safe_source_substitution__c2.c,replaced 2 nested pointer source expression(s) with guarded fallback expressions,
cvefixes_vulnerable,03_cve-2021-3888,C:\Users\weijt\Desktop\UNSW\COMP9900\project\capstone-project-26t2-9900-t17a-almond\input_sources\cvefixes\vulnerable\03_cve-2021-3888.c,safe_source_substitution,3,3,generated,ran,False,0,0,0.10754722356796265,0.024650296196341515,-0.08289692737162113,6190,6214,24,13229,13281,52,C:\Users\weijt\Desktop\UNSW\COMP9900\project\capstone-project-26t2-9900-t17a-almond\outputs\generated\full_budget_search_20260717\cvefixes_vulnerable\runs\baseline\03_cve-2021-3888,C:\Users\weijt\Desktop\UNSW\COMP9900\project\capstone-project-26t2-9900-t17a-almond\outputs\generated\full_budget_search_20260717\cvefixes_vulnerable\runs\perturbed\03_cve-2021-3888__safe_source_substitution__c3,C:\Users\weijt\Desktop\UNSW\COMP9900\project\capstone-project-26t2-9900-t17a-almond\outputs\generated\full_budget_search_20260717\cvefixes_vulnerable\sources\03_cve-2021-3888__safe_source_substitution__c3.c,replaced 3 nested pointer source expression(s) with guarded fallback expressions,
cvefixes_vulnerable,03_cve-2021-3888,C:\Users\weijt\Desktop\UNSW\COMP9900\project\capstone-project-26t2-9900-t17a-almond\input_sources\cvefixes\vulnerable\03_cve-2021-3888.c,safe_source_substitution,5,5,generated,ran,False,0,0,0.10754722356796265,0.024650296196341515,-0.08289692737162113,6190,6230,40,13229,13317,88,C:\Users\weijt\Desktop\UNSW\COMP9900\project\capstone-project-26t2-9900-t17a-almond\outputs\generated\full_budget_search_20260717\cvefixes_vulnerable\runs\baseline\03_cve-2021-3888,C:\Users\weijt\Desktop\UNSW\COMP9900\project\capstone-project-26t2-9900-t17a-almond\outputs\generated\full_budget_search_20260717\cvefixes_vulnerable\runs\perturbed\03_cve-2021-3888__safe_source_substitution__c5,C:\Users\weijt\Desktop\UNSW\COMP9900\project\capstone-project-26t2-9900-t17a-almond\outputs\generated\full_budget_search_20260717\cvefixes_vulnerable\sources\03_cve-2021-3888__safe_source_substitution__c5.c,replaced 5 nested pointer source expression(s) with guarded fallback expressions,
cvefixes_vulnerable,03_cve-2021-3888,C:\Users\weijt\Desktop\UNSW\COMP9900\project\capstone-project-26t2-9900-t17a-almond\input_sources\cvefixes\vulnerable\03_cve-2021-3888.c,sink_bound_guard,1,0,skipped,ran,,,,,,,,,,,,,C:\Users\weijt\Desktop\UNSW\COMP9900\project\capstone-project-26t2-9900-t17a-almond\outputs\generated\full_budget_search_20260717\cvefixes_vulnerable\runs\baseline\03_cve-2021-3888,,,no sensitive sink call found for bound guard insertion,
cvefixes_vulnerable,03_cve-2021-3888,C:\Users\weijt\Desktop\UNSW\COMP9900\project\capstone-project-26t2-9900-t17a-almond\input_sources\cvefixes\vulnerable\03_cve-2021-3888.c,postcondition_validation,1,1,generated,ran,False,0,0,0.10754722356796265,0.10754722356796265,0.0,6190,6200,10,13229,13248,19,C:\Users\weijt\Desktop\UNSW\COMP9900\project\capstone-project-26t2-9900-t17a-almond\outputs\generated\full_budget_search_20260717\cvefixes_vulnerable\runs\baseline\03_cve-2021-3888,C:\Users\weijt\Desktop\UNSW\COMP9900\project\capstone-project-26t2-9900-t17a-almond\outputs\generated\full_budget_search_20260717\cvefixes_vulnerable\runs\perturbed\03_cve-2021-3888__postcondition_validation__c1,C:\Users\weijt\Desktop\UNSW\COMP9900\project\capstone-project-26t2-9900-t17a-almond\outputs\generated\full_budget_search_20260717\cvefixes_vulnerable\sources\03_cve-2021-3888__postcondition_validation__c1.c,inserted 1 postcondition validation guard(s) for count/read consistency,
cvefixes_vulnerable,03_cve-2021-3888,C:\Users\weijt\Desktop\UNSW\COMP9900\project\capstone-project-26t2-9900-t17a-almond\input_sources\cvefixes\vulnerable\03_cve-2021-3888.c,postcondition_validation,2,2,generated,ran,False,0,0,0.10754722356796265,0.10754722356796265,0.0,6190,6216,26,13229,13275,46,C:\Users\weijt\Desktop\UNSW\COMP9900\project\capstone-project-26t2-9900-t17a-almond\outputs\generated\full_budget_search_20260717\cvefixes_vulnerable\runs\baseline\03_cve-2021-3888,C:\Users\weijt\Desktop\UNSW\COMP9900\project\capstone-project-26t2-9900-t17a-almond\outputs\generated\full_budget_search_20260717\cvefixes_vulnerable\runs\perturbed\03_cve-2021-3888__postcondition_validation__c2,C:\Users\weijt\Desktop\UNSW\COMP9900\project\capstone-project-26t2-9900-t17a-almond\outputs\generated\full_budget_search_20260717\cvefixes_vulnerable\sources\03_cve-2021-3888__postcondition_validation__c2.c,inserted 2 postcondition validation guard(s) for count/read consistency,
cvefixes_vulnerable,03_cve-2021-3888,C:\Users\weijt\Desktop\UNSW\COMP9900\project\capstone-project-26t2-9900-t17a-almond\input_sources\cvefixes\vulnerable\03_cve-2021-3888.c,postcondition_validation,3,2,partial,run_partial,False,0,0,0.10754722356796265,0.10754722356796265,0.0,6190,6216,26,13229,13275,46,C:\Users\weijt\Desktop\UNSW\COMP9900\project\capstone-project-26t2-9900-t17a-almond\outputs\generated\full_budget_search_20260717\cvefixes_vulnerable\runs\baseline\03_cve-2021-3888,C:\Users\weijt\Desktop\UNSW\COMP9900\project\capstone-project-26t2-9900-t17a-almond\outputs\generated\full_budget_search_20260717\cvefixes_vulnerable\runs\perturbed\03_cve-2021-3888__postcondition_validation__c3,C:\Users\weijt\Desktop\UNSW\COMP9900\project\capstone-project-26t2-9900-t17a-almond\outputs\generated\full_budget_search_20260717\cvefixes_vulnerable\sources\03_cve-2021-3888__postcondition_validation__c3.c,inserted 2 postcondition validation guard(s) for count/read consistency,
cvefixes_vulnerable,03_cve-2021-3888,C:\Users\weijt\Desktop\UNSW\COMP9900\project\capstone-project-26t2-9900-t17a-almond\input_sources\cvefixes\vulnerable\03_cve-2021-3888.c,integer_overflow_guard,1,0,skipped,ran,,,,,,,,,,,,,C:\Users\weijt\Desktop\UNSW\COMP9900\project\capstone-project-26t2-9900-t17a-almond\outputs\generated\full_budget_search_20260717\cvefixes_vulnerable\runs\baseline\03_cve-2021-3888,,,no allocation size addition or multiplication expression found,
cvefixes_vulnerable,03_cve-2021-3888,C:\Users\weijt\Desktop\UNSW\COMP9900\project\capstone-project-26t2-9900-t17a-almond\input_sources\cvefixes\vulnerable\03_cve-2021-3888.c,array_index_bound_guard,1,1,generated,ran,False,0,0,0.10754722356796265,0.10754722356796265,0.0,6190,6220,30,13229,13292,63,C:\Users\weijt\Desktop\UNSW\COMP9900\project\capstone-project-26t2-9900-t17a-almond\outputs\generated\full_budget_search_20260717\cvefixes_vulnerable\runs\baseline\03_cve-2021-3888,C:\Users\weijt\Desktop\UNSW\COMP9900\project\capstone-project-26t2-9900-t17a-almond\outputs\generated\full_budget_search_20260717\cvefixes_vulnerable\runs\perturbed\03_cve-2021-3888__array_index_bound_guard__c1,C:\Users\weijt\Desktop\UNSW\COMP9900\project\capstone-project-26t2-9900-t17a-almond\outputs\generated\full_budget_search_20260717\cvefixes_vulnerable\sources\03_cve-2021-3888__array_index_bound_guard__c1.c,wrapped 1 array write(s) with index lower/upper bound guards,
cvefixes_vulnerable,03_cve-2021-3888,C:\Users\weijt\Desktop\UNSW\COMP9900\project\capstone-project-26t2-9900-t17a-almond\input_sources\cvefixes\vulnerable\03_cve-2021-3888.c,array_index_bound_guard,2,2,generated,ran,False,0,0,0.10754722356796265,0.10754722356796265,0.0,6190,6246,56,13229,13338,109,C:\Users\weijt\Desktop\UNSW\COMP9900\project\capstone-project-26t2-9900-t17a-almond\outputs\generated\full_budget_search_20260717\cvefixes_vulnerable\runs\baseline\03_cve-2021-3888,C:\Users\weijt\Desktop\UNSW\COMP9900\project\capstone-project-26t2-9900-t17a-almond\outputs\generated\full_budget_search_20260717\cvefixes_vulnerable\runs\perturbed\03_cve-2021-3888__array_index_bound_guard__c2,C:\Users\weijt\Desktop\UNSW\COMP9900\project\capstone-project-26t2-9900-t17a-almond\outputs\generated\full_budget_search_20260717\cvefixes_vulnerable\sources\03_cve-2021-3888__array_index_bound_guard__c2.c,wrapped 2 array write(s) with index lower/upper bound guards,
cvefixes_vulnerable,03_cve-2021-3888,C:\Users\weijt\Desktop\UNSW\COMP9900\project\capstone-project-26t2-9900-t17a-almond\input_sources\cvefixes\vulnerable\03_cve-2021-3888.c,array_index_bound_guard,3,3,generated,ran,False,0,0,0.10754722356796265,0.10754722356796265,0.0,6190,6272,82,13229,13380,151,C:\Users\weijt\Desktop\UNSW\COMP9900\project\capstone-project-26t2-9900-t17a-almond\outputs\generated\full_budget_search_20260717\cvefixes_vulnerable\runs\baseline\03_cve-2021-3888,C:\Users\weijt\Desktop\UNSW\COMP9900\project\capstone-project-26t2-9900-t17a-almond\outputs\generated\full_budget_search_20260717\cvefixes_vulnerable\runs\perturbed\03_cve-2021-3888__array_index_bound_guard__c3,C:\Users\weijt\Desktop\UNSW\COMP9900\project\capstone-project-26t2-9900-t17a-almond\outputs\generated\full_budget_search_20260717\cvefixes_vulnerable\sources\03_cve-2021-3888__array_index_bound_guard__c3.c,wrapped 3 array write(s) with index lower/upper bound guards,
cvefixes_vulnerable,03_cve-2021-3888,C:\Users\weijt\Desktop\UNSW\COMP9900\project\capstone-project-26t2-9900-t17a-almond\input_sources\cvefixes\vulnerable\03_cve-2021-3888.c,array_index_bound_guard,5,5,generated,ran,False,0,0,0.10754722356796265,0.10754722356796265,0.0,6190,6324,134,13229,13473,244,C:\Users\weijt\Desktop\UNSW\COMP9900\project\capstone-project-26t2-9900-t17a-almond\outputs\generated\full_budget_search_20260717\cvefixes_vulnerable\runs\baseline\03_cve-2021-3888,C:\Users\weijt\Desktop\UNSW\COMP9900\project\capstone-project-26t2-9900-t17a-almond\outputs\generated\full_budget_search_20260717\cvefixes_vulnerable\runs\perturbed\03_cve-2021-3888__array_index_bound_guard__c5,C:\Users\weijt\Desktop\UNSW\COMP9900\project\capstone-project-26t2-9900-t17a-almond\outputs\generated\full_budget_search_20260717\cvefixes_vulnerable\sources\03_cve-2021-3888__array_index_bound_guard__c5.c,wrapped 5 array write(s) with index lower/upper bound guards,
cvefixes_vulnerable,03_cve-2021-3888,C:\Users\weijt\Desktop\UNSW\COMP9900\project\capstone-project-26t2-9900-t17a-almond\input_sources\cvefixes\vulnerable\03_cve-2021-3888.c,wide_char_sink_guard,1,0,skipped,ran,,,,,,,,,,,,,C:\Users\weijt\Desktop\UNSW\COMP9900\project\capstone-project-26t2-9900-t17a-almond\outputs\generated\full_budget_search_20260717\cvefixes_vulnerable\runs\baseline\03_cve-2021-3888,,,no wcscat/wcscpy wide-character sink found,
cvefixes_vulnerable,03_cve-2021-3888,C:\Users\weijt\Desktop\UNSW\COMP9900\project\capstone-project-26t2-9900-t17a-almond\input_sources\cvefixes\vulnerable\03_cve-2021-3888.c,pattern_dead_code,1,1,generated,ran,False,0,0,0.10754722356796265,0.10754722356796265,0.0,6190,6245,55,13229,13330,101,C:\Users\weijt\Desktop\UNSW\COMP9900\project\capstone-project-26t2-9900-t17a-almond\outputs\generated\full_budget_search_20260717\cvefixes_vulnerable\runs\baseline\03_cve-2021-3888,C:\Users\weijt\Desktop\UNSW\COMP9900\project\capstone-project-26t2-9900-t17a-almond\outputs\generated\full_budget_search_20260717\cvefixes_vulnerable\runs\perturbed\03_cve-2021-3888__pattern_dead_code__c1,C:\Users\weijt\Desktop\UNSW\COMP9900\project\capstone-project-26t2-9900-t17a-almond\outputs\generated\full_budget_search_20260717\cvefixes_vulnerable\sources\03_cve-2021-3888__pattern_dead_code__c1.c,inserted 1 unreachable pointer/array/length pattern block(s) near sensitive or structural lines,
cvefixes_vulnerable,03_cve-2021-3888,C:\Users\weijt\Desktop\UNSW\COMP9900\project\capstone-project-26t2-9900-t17a-almond\input_sources\cvefixes\vulnerable\03_cve-2021-3888.c,pattern_dead_code,2,2,generated,ran,False,0,0,0.10754722356796265,0.16857105493545532,0.061023831367492676,6190,6300,110,13229,13431,202,C:\Users\weijt\Desktop\UNSW\COMP9900\project\capstone-project-26t2-9900-t17a-almond\outputs\generated\full_budget_search_20260717\cvefixes_vulnerable\runs\baseline\03_cve-2021-3888,C:\Users\weijt\Desktop\UNSW\COMP9900\project\capstone-project-26t2-9900-t17a-almond\outputs\generated\full_budget_search_20260717\cvefixes_vulnerable\runs\perturbed\03_cve-2021-3888__pattern_dead_code__c2,C:\Users\weijt\Desktop\UNSW\COMP9900\project\capstone-project-26t2-9900-t17a-almond\outputs\generated\full_budget_search_20260717\cvefixes_vulnerable\sources\03_cve-2021-3888__pattern_dead_code__c2.c,inserted 2 unreachable pointer/array/length pattern block(s) near sensitive or structural lines,
cvefixes_vulnerable,03_cve-2021-3888,C:\Users\weijt\Desktop\UNSW\COMP9900\project\capstone-project-26t2-9900-t17a-almond\input_sources\cvefixes\vulnerable\03_cve-2021-3888.c,pattern_dead_code,3,3,generated,ran,True,0,1,0.10754722356796265,0.5983327627182007,0.49078553915023804,6190,6355,165,13229,13532,303,C:\Users\weijt\Desktop\UNSW\COMP9900\project\capstone-project-26t2-9900-t17a-almond\outputs\generated\full_budget_search_20260717\cvefixes_vulnerable\runs\baseline\03_cve-2021-3888,C:\Users\weijt\Desktop\UNSW\COMP9900\project\capstone-project-26t2-9900-t17a-almond\outputs\generated\full_budget_search_20260717\cvefixes_vulnerable\runs\perturbed\03_cve-2021-3888__pattern_dead_code__c3,C:\Users\weijt\Desktop\UNSW\COMP9900\project\capstone-project-26t2-9900-t17a-almond\outputs\generated\full_budget_search_20260717\cvefixes_vulnerable\sources\03_cve-2021-3888__pattern_dead_code__c3.c,inserted 3 unreachable pointer/array/length pattern block(s) near sensitive or structural lines,
cvefixes_vulnerable,03_cve-2021-3888,C:\Users\weijt\Desktop\UNSW\COMP9900\project\capstone-project-26t2-9900-t17a-almond\input_sources\cvefixes\vulnerable\03_cve-2021-3888.c,control_wrapper,1,1,generated,ran,False,0,0,0.10754722356796265,0.18461446464061737,0.07706724107265472,6190,6194,4,13229,13238,9,C:\Users\weijt\Desktop\UNSW\COMP9900\project\capstone-project-26t2-9900-t17a-almond\outputs\generated\full_budget_search_20260717\cvefixes_vulnerable\runs\baseline\03_cve-2021-3888,C:\Users\weijt\Desktop\UNSW\COMP9900\project\capstone-project-26t2-9900-t17a-almond\outputs\generated\full_budget_search_20260717\cvefixes_vulnerable\runs\perturbed\03_cve-2021-3888__control_wrapper__c1,C:\Users\weijt\Desktop\UNSW\COMP9900\project\capstone-project-26t2-9900-t17a-almond\outputs\generated\full_budget_search_20260717\cvefixes_vulnerable\sources\03_cve-2021-3888__control_wrapper__c1.c,wrapped 1 safe single-line statement(s) with if (1) blocks,
cvefixes_vulnerable,03_cve-2021-3888,C:\Users\weijt\Desktop\UNSW\COMP9900\project\capstone-project-26t2-9900-t17a-almond\input_sources\cvefixes\vulnerable\03_cve-2021-3888.c,control_wrapper,2,2,generated,ran,False,0,0,0.10754722356796265,0.10596691817045212,-0.0015803053975105286,6190,6198,8,13229,13248,19,C:\Users\weijt\Desktop\UNSW\COMP9900\project\capstone-project-26t2-9900-t17a-almond\outputs\generated\full_budget_search_20260717\cvefixes_vulnerable\runs\baseline\03_cve-2021-3888,C:\Users\weijt\Desktop\UNSW\COMP9900\project\capstone-project-26t2-9900-t17a-almond\outputs\generated\full_budget_search_20260717\cvefixes_vulnerable\runs\perturbed\03_cve-2021-3888__control_wrapper__c2,C:\Users\weijt\Desktop\UNSW\COMP9900\project\capstone-project-26t2-9900-t17a-almond\outputs\generated\full_budget_search_20260717\cvefixes_vulnerable\sources\03_cve-2021-3888__control_wrapper__c2.c,wrapped 2 safe single-line statement(s) with if (1) blocks,
cvefixes_vulnerable,03_cve-2021-3888,C:\Users\weijt\Desktop\UNSW\COMP9900\project\capstone-project-26t2-9900-t17a-almond\input_sources\cvefixes\vulnerable\03_cve-2021-3888.c,control_wrapper,3,3,generated,ran,False,0,0,0.10754722356796265,0.3459022045135498,0.23835498094558716,6190,6202,12,13229,13259,30,C:\Users\weijt\Desktop\UNSW\COMP9900\project\capstone-project-26t2-9900-t17a-almond\outputs\generated\full_budget_search_20260717\cvefixes_vulnerable\runs\baseline\03_cve-2021-3888,C:\Users\weijt\Desktop\UNSW\COMP9900\project\capstone-project-26t2-9900-t17a-almond\outputs\generated\full_budget_search_20260717\cvefixes_vulnerable\runs\perturbed\03_cve-2021-3888__control_wrapper__c3,C:\Users\weijt\Desktop\UNSW\COMP9900\project\capstone-project-26t2-9900-t17a-almond\outputs\generated\full_budget_search_20260717\cvefixes_vulnerable\sources\03_cve-2021-3888__control_wrapper__c3.c,wrapped 3 safe single-line statement(s) with if (1) blocks,
cvefixes_vulnerable,03_cve-2021-3888,C:\Users\weijt\Desktop\UNSW\COMP9900\project\capstone-project-26t2-9900-t17a-almond\input_sources\cvefixes\vulnerable\03_cve-2021-3888.c,control_wrapper,5,5,generated,ran,False,0,0,0.10754722356796265,0.1540488302707672,0.046501606702804565,6190,6210,20,13229,13279,50,C:\Users\weijt\Desktop\UNSW\COMP9900\project\capstone-project-26t2-9900-t17a-almond\outputs\generated\full_budget_search_20260717\cvefixes_vulnerable\runs\baseline\03_cve-2021-3888,C:\Users\weijt\Desktop\UNSW\COMP9900\project\capstone-project-26t2-9900-t17a-almond\outputs\generated\full_budget_search_20260717\cvefixes_vulnerable\runs\perturbed\03_cve-2021-3888__control_wrapper__c5,C:\Users\weijt\Desktop\UNSW\COMP9900\project\capstone-project-26t2-9900-t17a-almond\outputs\generated\full_budget_search_20260717\cvefixes_vulnerable\sources\03_cve-2021-3888__control_wrapper__c5.c,wrapped 5 safe single-line statement(s) with if (1) blocks,
cvefixes_vulnerable,03_cve-2021-3888,C:\Users\weijt\Desktop\UNSW\COMP9900\project\capstone-project-26t2-9900-t17a-almond\input_sources\cvefixes\vulnerable\03_cve-2021-3888.c,temp_variable_split,1,1,generated,ran,False,0,0,0.10754722356796265,0.18461446464061737,0.07706724107265472,6190,6198,8,13229,13250,21,C:\Users\weijt\Desktop\UNSW\COMP9900\project\capstone-project-26t2-9900-t17a-almond\outputs\generated\full_budget_search_20260717\cvefixes_vulnerable\runs\baseline\03_cve-2021-3888,C:\Users\weijt\Desktop\UNSW\COMP9900\project\capstone-project-26t2-9900-t17a-almond\outputs\generated\full_budget_search_20260717\cvefixes_vulnerable\runs\perturbed\03_cve-2021-3888__temp_variable_split__c1,C:\Users\weijt\Desktop\UNSW\COMP9900\project\capstone-project-26t2-9900-t17a-almond\outputs\generated\full_budget_search_20260717\cvefixes_vulnerable\sources\03_cve-2021-3888__temp_variable_split__c1.c,split 1 simple assignment(s) through temporary integer variables,
cvefixes_vulnerable,03_cve-2021-3888,C:\Users\weijt\Desktop\UNSW\COMP9900\project\capstone-project-26t2-9900-t17a-almond\input_sources\cvefixes\vulnerable\03_cve-2021-3888.c,temp_variable_split,2,2,generated,ran,False,0,0,0.10754722356796265,0.18461446464061737,0.07706724107265472,6190,6206,16,13229,13268,39,C:\Users\weijt\Desktop\UNSW\COMP9900\project\capstone-project-26t2-9900-t17a-almond\outputs\generated\full_budget_search_20260717\cvefixes_vulnerable\runs\baseline\03_cve-2021-3888,C:\Users\weijt\Desktop\UNSW\COMP9900\project\capstone-project-26t2-9900-t17a-almond\outputs\generated\full_budget_search_20260717\cvefixes_vulnerable\runs\perturbed\03_cve-2021-3888__temp_variable_split__c2,C:\Users\weijt\Desktop\UNSW\COMP9900\project\capstone-project-26t2-9900-t17a-almond\outputs\generated\full_budget_search_20260717\cvefixes_vulnerable\sources\03_cve-2021-3888__temp_variable_split__c2.c,split 2 simple assignment(s) through temporary integer variables,
cvefixes_vulnerable,03_cve-2021-3888,C:\Users\weijt\Desktop\UNSW\COMP9900\project\capstone-project-26t2-9900-t17a-almond\input_sources\cvefixes\vulnerable\03_cve-2021-3888.c,temp_variable_split,3,3,generated,ran,False,0,0,0.10754722356796265,0.18461446464061737,0.07706724107265472,6190,6214,24,13229,13285,56,C:\Users\weijt\Desktop\UNSW\COMP9900\project\capstone-project-26t2-9900-t17a-almond\outputs\generated\full_budget_search_20260717\cvefixes_vulnerable\runs\baseline\03_cve-2021-3888,C:\Users\weijt\Desktop\UNSW\COMP9900\project\capstone-project-26t2-9900-t17a-almond\outputs\generated\full_budget_search_20260717\cvefixes_vulnerable\runs\perturbed\03_cve-2021-3888__temp_variable_split__c3,C:\Users\weijt\Desktop\UNSW\COMP9900\project\capstone-project-26t2-9900-t17a-almond\outputs\generated\full_budget_search_20260717\cvefixes_vulnerable\sources\03_cve-2021-3888__temp_variable_split__c3.c,split 3 simple assignment(s) through temporary integer variables,
cvefixes_vulnerable,03_cve-2021-3888,C:\Users\weijt\Desktop\UNSW\COMP9900\project\capstone-project-26t2-9900-t17a-almond\input_sources\cvefixes\vulnerable\03_cve-2021-3888.c,temp_variable_split,5,3,partial,run_partial,False,0,0,0.10754722356796265,0.18461446464061737,0.07706724107265472,6190,6214,24,13229,13285,56,C:\Users\weijt\Desktop\UNSW\COMP9900\project\capstone-project-26t2-9900-t17a-almond\outputs\generated\full_budget_search_20260717\cvefixes_vulnerable\runs\baseline\03_cve-2021-3888,C:\Users\weijt\Desktop\UNSW\COMP9900\project\capstone-project-26t2-9900-t17a-almond\outputs\generated\full_budget_search_20260717\cvefixes_vulnerable\runs\perturbed\03_cve-2021-3888__temp_variable_split__c5,C:\Users\weijt\Desktop\UNSW\COMP9900\project\capstone-project-26t2-9900-t17a-almond\outputs\generated\full_budget_search_20260717\cvefixes_vulnerable\sources\03_cve-2021-3888__temp_variable_split__c5.c,split 3 simple assignment(s) through temporary integer variables,
cvefixes_vulnerable,04_cve-2021-31571,C:\Users\weijt\Desktop\UNSW\COMP9900\project\capstone-project-26t2-9900-t17a-almond\input_sources\cvefixes\vulnerable\04_cve-2021-31571.c,data_flow_alias,1,1,generated,ran,False,0,0,0.13110341131687164,0.06887974590063095,-0.06222366541624069,4013,4033,20,7985,8023,38,C:\Users\weijt\Desktop\UNSW\COMP9900\project\capstone-project-26t2-9900-t17a-almond\outputs\generated\full_budget_search_20260717\cvefixes_vulnerable\runs\baseline\04_cve-2021-31571,C:\Users\weijt\Desktop\UNSW\COMP9900\project\capstone-project-26t2-9900-t17a-almond\outputs\generated\full_budget_search_20260717\cvefixes_vulnerable\runs\perturbed\04_cve-2021-31571__data_flow_alias__c1,C:\Users\weijt\Desktop\UNSW\COMP9900\project\capstone-project-26t2-9900-t17a-almond\outputs\generated\full_budget_search_20260717\cvefixes_vulnerable\sources\04_cve-2021-31571__data_flow_alias__c1.c,inserted 1 alias-preserving data-flow no-op(s) near call arguments,
cvefixes_vulnerable,04_cve-2021-31571,C:\Users\weijt\Desktop\UNSW\COMP9900\project\capstone-project-26t2-9900-t17a-almond\input_sources\cvefixes\vulnerable\04_cve-2021-31571.c,data_flow_alias,2,2,generated,ran,False,0,0,0.13110341131687164,0.4455690383911133,0.31446562707424164,4013,4051,38,7985,8083,98,C:\Users\weijt\Desktop\UNSW\COMP9900\project\capstone-project-26t2-9900-t17a-almond\outputs\generated\full_budget_search_20260717\cvefixes_vulnerable\runs\baseline\04_cve-2021-31571,C:\Users\weijt\Desktop\UNSW\COMP9900\project\capstone-project-26t2-9900-t17a-almond\outputs\generated\full_budget_search_20260717\cvefixes_vulnerable\runs\perturbed\04_cve-2021-31571__data_flow_alias__c2,C:\Users\weijt\Desktop\UNSW\COMP9900\project\capstone-project-26t2-9900-t17a-almond\outputs\generated\full_budget_search_20260717\cvefixes_vulnerable\sources\04_cve-2021-31571__data_flow_alias__c2.c,inserted 2 alias-preserving data-flow no-op(s) near call arguments,
cvefixes_vulnerable,04_cve-2021-31571,C:\Users\weijt\Desktop\UNSW\COMP9900\project\capstone-project-26t2-9900-t17a-almond\input_sources\cvefixes\vulnerable\04_cve-2021-31571.c,data_flow_alias,3,3,generated,ran,False,0,0,0.13110341131687164,0.07417135685682297,-0.056932054460048676,4013,4069,56,7985,8143,158,C:\Users\weijt\Desktop\UNSW\COMP9900\project\capstone-project-26t2-9900-t17a-almond\outputs\generated\full_budget_search_20260717\cvefixes_vulnerable\runs\baseline\04_cve-2021-31571,C:\Users\weijt\Desktop\UNSW\COMP9900\project\capstone-project-26t2-9900-t17a-almond\outputs\generated\full_budget_search_20260717\cvefixes_vulnerable\runs\perturbed\04_cve-2021-31571__data_flow_alias__c3,C:\Users\weijt\Desktop\UNSW\COMP9900\project\capstone-project-26t2-9900-t17a-almond\outputs\generated\full_budget_search_20260717\cvefixes_vulnerable\sources\04_cve-2021-31571__data_flow_alias__c3.c,inserted 3 alias-preserving data-flow no-op(s) near call arguments,
cvefixes_vulnerable,04_cve-2021-31571,C:\Users\weijt\Desktop\UNSW\COMP9900\project\capstone-project-26t2-9900-t17a-almond\input_sources\cvefixes\vulnerable\04_cve-2021-31571.c,data_flow_alias,5,5,generated,ran,False,0,0,0.13110341131687164,0.06887970864772797,-0.06222370266914368,4013,4105,92,7985,8263,278,C:\Users\weijt\Desktop\UNSW\COMP9900\project\capstone-project-26t2-9900-t17a-almond\outputs\generated\full_budget_search_20260717\cvefixes_vulnerable\runs\baseline\04_cve-2021-31571,C:\Users\weijt\Desktop\UNSW\COMP9900\project\capstone-project-26t2-9900-t17a-almond\outputs\generated\full_budget_search_20260717\cvefixes_vulnerable\runs\perturbed\04_cve-2021-31571__data_flow_alias__c5,C:\Users\weijt\Desktop\UNSW\COMP9900\project\capstone-project-26t2-9900-t17a-almond\outputs\generated\full_budget_search_20260717\cvefixes_vulnerable\sources\04_cve-2021-31571__data_flow_alias__c5.c,inserted 5 alias-preserving data-flow no-op(s) near call arguments,
cvefixes_vulnerable,04_cve-2021-31571,C:\Users\weijt\Desktop\UNSW\COMP9900\project\capstone-project-26t2-9900-t17a-almond\input_sources\cvefixes\vulnerable\04_cve-2021-31571.c,dead_statement,1,1,generated,ran,False,0,0,0.13110341131687164,0.06887974590063095,-0.06222366541624069,4013,4025,12,7985,8012,27,C:\Users\weijt\Desktop\UNSW\COMP9900\project\capstone-project-26t2-9900-t17a-almond\outputs\generated\full_budget_search_20260717\cvefixes_vulnerable\runs\baseline\04_cve-2021-31571,C:\Users\weijt\Desktop\UNSW\COMP9900\project\capstone-project-26t2-9900-t17a-almond\outputs\generated\full_budget_search_20260717\cvefixes_vulnerable\runs\perturbed\04_cve-2021-31571__dead_statement__c1,C:\Users\weijt\Desktop\UNSW\COMP9900\project\capstone-project-26t2-9900-t17a-almond\outputs\generated\full_budget_search_20260717\cvefixes_vulnerable\sources\04_cve-2021-31571__dead_statement__c1.c,inserted 1 harmless dummy integer statement pair(s) after first function brace,
cvefixes_vulnerable,04_cve-2021-31571,C:\Users\weijt\Desktop\UNSW\COMP9900\project\capstone-project-26t2-9900-t17a-almond\input_sources\cvefixes\vulnerable\04_cve-2021-31571.c,dead_statement,2,2,generated,ran,False,0,0,0.13110341131687164,0.4455690383911133,0.31446562707424164,4013,4037,24,7985,8039,54,C:\Users\weijt\Desktop\UNSW\COMP9900\project\capstone-project-26t2-9900-t17a-almond\outputs\generated\full_budget_search_20260717\cvefixes_vulnerable\runs\baseline\04_cve-2021-31571,C:\Users\weijt\Desktop\UNSW\COMP9900\project\capstone-project-26t2-9900-t17a-almond\outputs\generated\full_budget_search_20260717\cvefixes_vulnerable\runs\perturbed\04_cve-2021-31571__dead_statement__c2,C:\Users\weijt\Desktop\UNSW\COMP9900\project\capstone-project-26t2-9900-t17a-almond\outputs\generated\full_budget_search_20260717\cvefixes_vulnerable\sources\04_cve-2021-31571__dead_statement__c2.c,inserted 2 harmless dummy integer statement pair(s) after first function brace,
cvefixes_vulnerable,04_cve-2021-31571,C:\Users\weijt\Desktop\UNSW\COMP9900\project\capstone-project-26t2-9900-t17a-almond\input_sources\cvefixes\vulnerable\04_cve-2021-31571.c,dead_statement,3,3,generated,ran,False,0,0,0.13110341131687164,0.07417137175798416,-0.05693203955888748,4013,4049,36,7985,8066,81,C:\Users\weijt\Desktop\UNSW\COMP9900\project\capstone-project-26t2-9900-t17a-almond\outputs\generated\full_budget_search_20260717\cvefixes_vulnerable\runs\baseline\04_cve-2021-31571,C:\Users\weijt\Desktop\UNSW\COMP9900\project\capstone-project-26t2-9900-t17a-almond\outputs\generated\full_budget_search_20260717\cvefixes_vulnerable\runs\perturbed\04_cve-2021-31571__dead_statement__c3,C:\Users\weijt\Desktop\UNSW\COMP9900\project\capstone-project-26t2-9900-t17a-almond\outputs\generated\full_budget_search_20260717\cvefixes_vulnerable\sources\04_cve-2021-31571__dead_statement__c3.c,inserted 3 harmless dummy integer statement pair(s) after first function brace,
cvefixes_vulnerable,04_cve-2021-31571,C:\Users\weijt\Desktop\UNSW\COMP9900\project\capstone-project-26t2-9900-t17a-almond\input_sources\cvefixes\vulnerable\04_cve-2021-31571.c,dead_statement,5,5,generated,ran,False,0,0,0.13110341131687164,0.06887974590063095,-0.06222366541624069,4013,4073,60,7985,8120,135,C:\Users\weijt\Desktop\UNSW\COMP9900\project\capstone-project-26t2-9900-t17a-almond\outputs\generated\full_budget_search_20260717\cvefixes_vulnerable\runs\baseline\04_cve-2021-31571,C:\Users\weijt\Desktop\UNSW\COMP9900\project\capstone-project-26t2-9900-t17a-almond\outputs\generated\full_budget_search_20260717\cvefixes_vulnerable\runs\perturbed\04_cve-2021-31571__dead_statement__c5,C:\Users\weijt\Desktop\UNSW\COMP9900\project\capstone-project-26t2-9900-t17a-almond\outputs\generated\full_budget_search_20260717\cvefixes_vulnerable\sources\04_cve-2021-31571__dead_statement__c5.c,inserted 5 harmless dummy integer statement pair(s) after first function brace,
cvefixes_vulnerable,04_cve-2021-31571,C:\Users\weijt\Desktop\UNSW\COMP9900\project\capstone-project-26t2-9900-t17a-almond\input_sources\cvefixes\vulnerable\04_cve-2021-31571.c,xfg_targeted_dead_code,1,1,generated,ran,False,0,0,0.13110341131687164,0.4455690383911133,0.31446562707424164,4013,4029,16,7985,8021,36,C:\Users\weijt\Desktop\UNSW\COMP9900\project\capstone-project-26t2-9900-t17a-almond\outputs\generated\full_budget_search_20260717\cvefixes_vulnerable\runs\baseline\04_cve-2021-31571,C:\Users\weijt\Desktop\UNSW\COMP9900\project\capstone-project-26t2-9900-t17a-almond\outputs\generated\full_budget_search_20260717\cvefixes_vulnerable\runs\perturbed\04_cve-2021-31571__xfg_targeted_dead_code__c1,C:\Users\weijt\Desktop\UNSW\COMP9900\project\capstone-project-26t2-9900-t17a-almond\outputs\generated\full_budget_search_20260717\cvefixes_vulnerable\sources\04_cve-2021-31571__xfg_targeted_dead_code__c1.c,inserted 1 unreachable no-op block(s) near XFG-relevant target lines,
cvefixes_vulnerable,04_cve-2021-31571,C:\Users\weijt\Desktop\UNSW\COMP9900\project\capstone-project-26t2-9900-t17a-almond\input_sources\cvefixes\vulnerable\04_cve-2021-31571.c,xfg_targeted_dead_code,2,2,generated,ran,False,0,0,0.13110341131687164,0.06887974590063095,-0.06222366541624069,4013,4045,32,7985,8057,72,C:\Users\weijt\Desktop\UNSW\COMP9900\project\capstone-project-26t2-9900-t17a-almond\outputs\generated\full_budget_search_20260717\cvefixes_vulnerable\runs\baseline\04_cve-2021-31571,C:\Users\weijt\Desktop\UNSW\COMP9900\project\capstone-project-26t2-9900-t17a-almond\outputs\generated\full_budget_search_20260717\cvefixes_vulnerable\runs\perturbed\04_cve-2021-31571__xfg_targeted_dead_code__c2,C:\Users\weijt\Desktop\UNSW\COMP9900\project\capstone-project-26t2-9900-t17a-almond\outputs\generated\full_budget_search_20260717\cvefixes_vulnerable\sources\04_cve-2021-31571__xfg_targeted_dead_code__c2.c,inserted 2 unreachable no-op block(s) near XFG-relevant target lines,
cvefixes_vulnerable,04_cve-2021-31571,C:\Users\weijt\Desktop\UNSW\COMP9900\project\capstone-project-26t2-9900-t17a-almond\input_sources\cvefixes\vulnerable\04_cve-2021-31571.c,xfg_targeted_dead_code,3,3,generated,ran,False,0,0,0.13110341131687164,0.033108148723840714,-0.09799526259303093,4013,4061,48,7985,8093,108,C:\Users\weijt\Desktop\UNSW\COMP9900\project\capstone-project-26t2-9900-t17a-almond\outputs\generated\full_budget_search_20260717\cvefixes_vulnerable\runs\baseline\04_cve-2021-31571,C:\Users\weijt\Desktop\UNSW\COMP9900\project\capstone-project-26t2-9900-t17a-almond\outputs\generated\full_budget_search_20260717\cvefixes_vulnerable\runs\perturbed\04_cve-2021-31571__xfg_targeted_dead_code__c3,C:\Users\weijt\Desktop\UNSW\COMP9900\project\capstone-project-26t2-9900-t17a-almond\outputs\generated\full_budget_search_20260717\cvefixes_vulnerable\sources\04_cve-2021-31571__xfg_targeted_dead_code__c3.c,inserted 3 unreachable no-op block(s) near XFG-relevant target lines,
cvefixes_vulnerable,04_cve-2021-31571,C:\Users\weijt\Desktop\UNSW\COMP9900\project\capstone-project-26t2-9900-t17a-almond\input_sources\cvefixes\vulnerable\04_cve-2021-31571.c,xfg_targeted_dead_code,5,5,generated,ran,False,0,0,0.13110341131687164,0.03207608312368393,-0.09902732819318771,4013,4093,80,7985,8165,180,C:\Users\weijt\Desktop\UNSW\COMP9900\project\capstone-project-26t2-9900-t17a-almond\outputs\generated\full_budget_search_20260717\cvefixes_vulnerable\runs\baseline\04_cve-2021-31571,C:\Users\weijt\Desktop\UNSW\COMP9900\project\capstone-project-26t2-9900-t17a-almond\outputs\generated\full_budget_search_20260717\cvefixes_vulnerable\runs\perturbed\04_cve-2021-31571__xfg_targeted_dead_code__c5,C:\Users\weijt\Desktop\UNSW\COMP9900\project\capstone-project-26t2-9900-t17a-almond\outputs\generated\full_budget_search_20260717\cvefixes_vulnerable\sources\04_cve-2021-31571__xfg_targeted_dead_code__c5.c,inserted 5 unreachable no-op block(s) near XFG-relevant target lines,
cvefixes_vulnerable,04_cve-2021-31571,C:\Users\weijt\Desktop\UNSW\COMP9900\project\capstone-project-26t2-9900-t17a-almond\input_sources\cvefixes\vulnerable\04_cve-2021-31571.c,range_clamp,1,1,generated,ran,False,0,0,0.13110341131687164,0.06887974590063095,-0.06222366541624069,4013,4041,28,7985,8056,71,C:\Users\weijt\Desktop\UNSW\COMP9900\project\capstone-project-26t2-9900-t17a-almond\outputs\generated\full_budget_search_20260717\cvefixes_vulnerable\runs\baseline\04_cve-2021-31571,C:\Users\weijt\Desktop\UNSW\COMP9900\project\capstone-project-26t2-9900-t17a-almond\outputs\generated\full_budget_search_20260717\cvefixes_vulnerable\runs\perturbed\04_cve-2021-31571__range_clamp__c1,C:\Users\weijt\Desktop\UNSW\COMP9900\project\capstone-project-26t2-9900-t17a-almond\outputs\generated\full_budget_search_20260717\cvefixes_vulnerable\sources\04_cve-2021-31571__range_clamp__c1.c,clamped 1 sensitive sink size/count argument(s) through bounded local variables,
cvefixes_vulnerable,04_cve-2021-31571,C:\Users\weijt\Desktop\UNSW\COMP9900\project\capstone-project-26t2-9900-t17a-almond\input_sources\cvefixes\vulnerable\04_cve-2021-31571.c,range_clamp,2,2,generated,ran,False,0,0,0.13110341131687164,0.06887974590063095,-0.06222366541624069,4013,4069,56,7985,8127,142,C:\Users\weijt\Desktop\UNSW\COMP9900\project\capstone-project-26t2-9900-t17a-almond\outputs\generated\full_budget_search_20260717\cvefixes_vulnerable\runs\baseline\04_cve-2021-31571,C:\Users\weijt\Desktop\UNSW\COMP9900\project\capstone-project-26t2-9900-t17a-almond\outputs\generated\full_budget_search_20260717\cvefixes_vulnerable\runs\perturbed\04_cve-2021-31571__range_clamp__c2,C:\Users\weijt\Desktop\UNSW\COMP9900\project\capstone-project-26t2-9900-t17a-almond\outputs\generated\full_budget_search_20260717\cvefixes_vulnerable\sources\04_cve-2021-31571__range_clamp__c2.c,clamped 2 sensitive sink size/count argument(s) through bounded local variables,
cvefixes_vulnerable,04_cve-2021-31571,C:\Users\weijt\Desktop\UNSW\COMP9900\project\capstone-project-26t2-9900-t17a-almond\input_sources\cvefixes\vulnerable\04_cve-2021-31571.c,range_clamp,3,2,partial,run_partial,False,0,0,0.13110341131687164,0.06887974590063095,-0.06222366541624069,4013,4069,56,7985,8127,142,C:\Users\weijt\Desktop\UNSW\COMP9900\project\capstone-project-26t2-9900-t17a-almond\outputs\generated\full_budget_search_20260717\cvefixes_vulnerable\runs\baseline\04_cve-2021-31571,C:\Users\weijt\Desktop\UNSW\COMP9900\project\capstone-project-26t2-9900-t17a-almond\outputs\generated\full_budget_search_20260717\cvefixes_vulnerable\runs\perturbed\04_cve-2021-31571__range_clamp__c3,C:\Users\weijt\Desktop\UNSW\COMP9900\project\capstone-project-26t2-9900-t17a-almond\outputs\generated\full_budget_search_20260717\cvefixes_vulnerable\sources\04_cve-2021-31571__range_clamp__c3.c,clamped 2 sensitive sink size/count argument(s) through bounded local variables,
cvefixes_vulnerable,04_cve-2021-31571,C:\Users\weijt\Desktop\UNSW\COMP9900\project\capstone-project-26t2-9900-t17a-almond\input_sources\cvefixes\vulnerable\04_cve-2021-31571.c,safe_source_substitution,1,0,skipped,ran,,,,,,,,,,,,,C:\Users\weijt\Desktop\UNSW\COMP9900\project\capstone-project-26t2-9900-t17a-almond\outputs\generated\full_budget_search_20260717\cvefixes_vulnerable\runs\baseline\04_cve-2021-31571,,,no nested pointer dereference source found,
cvefixes_vulnerable,04_cve-2021-31571,C:\Users\weijt\Desktop\UNSW\COMP9900\project\capstone-project-26t2-9900-t17a-almond\input_sources\cvefixes\vulnerable\04_cve-2021-31571.c,sink_bound_guard,1,1,generated,ran,False,0,0,0.13110341131687164,0.06887974590063095,-0.06222366541624069,4013,4027,14,7985,8017,32,C:\Users\weijt\Desktop\UNSW\COMP9900\project\capstone-project-26t2-9900-t17a-almond\outputs\generated\full_budget_search_20260717\cvefixes_vulnerable\runs\baseline\04_cve-2021-31571,C:\Users\weijt\Desktop\UNSW\COMP9900\project\capstone-project-26t2-9900-t17a-almond\outputs\generated\full_budget_search_20260717\cvefixes_vulnerable\runs\perturbed\04_cve-2021-31571__sink_bound_guard__c1,C:\Users\weijt\Desktop\UNSW\COMP9900\project\capstone-project-26t2-9900-t17a-almond\outputs\generated\full_budget_search_20260717\cvefixes_vulnerable\sources\04_cve-2021-31571__sink_bound_guard__c1.c,inserted 1 early-return bound guard(s) before sensitive sink calls,
cvefixes_vulnerable,04_cve-2021-31571,C:\Users\weijt\Desktop\UNSW\COMP9900\project\capstone-project-26t2-9900-t17a-almond\input_sources\cvefixes\vulnerable\04_cve-2021-31571.c,sink_bound_guard,2,2,generated,ran,False,0,0,0.13110341131687164,0.07417137175798416,-0.05693203955888748,4013,4041,28,7985,8048,63,C:\Users\weijt\Desktop\UNSW\COMP9900\project\capstone-project-26t2-9900-t17a-almond\outputs\generated\full_budget_search_20260717\cvefixes_vulnerable\runs\baseline\04_cve-2021-31571,C:\Users\weijt\Desktop\UNSW\COMP9900\project\capstone-project-26t2-9900-t17a-almond\outputs\generated\full_budget_search_20260717\cvefixes_vulnerable\runs\perturbed\04_cve-2021-31571__sink_bound_guard__c2,C:\Users\weijt\Desktop\UNSW\COMP9900\project\capstone-project-26t2-9900-t17a-almond\outputs\generated\full_budget_search_20260717\cvefixes_vulnerable\sources\04_cve-2021-31571__sink_bound_guard__c2.c,inserted 2 early-return bound guard(s) before sensitive sink calls,
cvefixes_vulnerable,04_cve-2021-31571,C:\Users\weijt\Desktop\UNSW\COMP9900\project\capstone-project-26t2-9900-t17a-almond\input_sources\cvefixes\vulnerable\04_cve-2021-31571.c,sink_bound_guard,3,2,partial,run_partial,False,0,0,0.13110341131687164,0.07417137175798416,-0.05693203955888748,4013,4041,28,7985,8048,63,C:\Users\weijt\Desktop\UNSW\COMP9900\project\capstone-project-26t2-9900-t17a-almond\outputs\generated\full_budget_search_20260717\cvefixes_vulnerable\runs\baseline\04_cve-2021-31571,C:\Users\weijt\Desktop\UNSW\COMP9900\project\capstone-project-26t2-9900-t17a-almond\outputs\generated\full_budget_search_20260717\cvefixes_vulnerable\runs\perturbed\04_cve-2021-31571__sink_bound_guard__c3,C:\Users\weijt\Desktop\UNSW\COMP9900\project\capstone-project-26t2-9900-t17a-almond\outputs\generated\full_budget_search_20260717\cvefixes_vulnerable\sources\04_cve-2021-31571__sink_bound_guard__c3.c,inserted 2 early-return bound guard(s) before sensitive sink calls,
cvefixes_vulnerable,04_cve-2021-31571,C:\Users\weijt\Desktop\UNSW\COMP9900\project\capstone-project-26t2-9900-t17a-almond\input_sources\cvefixes\vulnerable\04_cve-2021-31571.c,postcondition_validation,1,0,skipped,ran,,,,,,,,,,,,,C:\Users\weijt\Desktop\UNSW\COMP9900\project\capstone-project-26t2-9900-t17a-almond\outputs\generated\full_budget_search_20260717\cvefixes_vulnerable\runs\baseline\04_cve-2021-31571,,,no matching *_count/*_read pair found for postcondition validation,
cvefixes_vulnerable,04_cve-2021-31571,C:\Users\weijt\Desktop\UNSW\COMP9900\project\capstone-project-26t2-9900-t17a-almond\input_sources\cvefixes\vulnerable\04_cve-2021-31571.c,integer_overflow_guard,1,1,generated,ran,False,0,0,0.13110341131687164,0.06887974590063095,-0.06222366541624069,4013,4041,28,7985,8024,39,C:\Users\weijt\Desktop\UNSW\COMP9900\project\capstone-project-26t2-9900-t17a-almond\outputs\generated\full_budget_search_20260717\cvefixes_vulnerable\runs\baseline\04_cve-2021-31571,C:\Users\weijt\Desktop\UNSW\COMP9900\project\capstone-project-26t2-9900-t17a-almond\outputs\generated\full_budget_search_20260717\cvefixes_vulnerable\runs\perturbed\04_cve-2021-31571__integer_overflow_guard__c1,C:\Users\weijt\Desktop\UNSW\COMP9900\project\capstone-project-26t2-9900-t17a-almond\outputs\generated\full_budget_search_20260717\cvefixes_vulnerable\sources\04_cve-2021-31571__integer_overflow_guard__c1.c,inserted 1 integer overflow guard(s) before allocation or size arithmetic,
cvefixes_vulnerable,04_cve-2021-31571,C:\Users\weijt\Desktop\UNSW\COMP9900\project\capstone-project-26t2-9900-t17a-almond\input_sources\cvefixes\vulnerable\04_cve-2021-31571.c,integer_overflow_guard,2,1,partial,run_partial,False,0,0,0.13110341131687164,0.06887974590063095,-0.06222366541624069,4013,4041,28,7985,8024,39,C:\Users\weijt\Desktop\UNSW\COMP9900\project\capstone-project-26t2-9900-t17a-almond\outputs\generated\full_budget_search_20260717\cvefixes_vulnerable\runs\baseline\04_cve-2021-31571,C:\Users\weijt\Desktop\UNSW\COMP9900\project\capstone-project-26t2-9900-t17a-almond\outputs\generated\full_budget_search_20260717\cvefixes_vulnerable\runs\perturbed\04_cve-2021-31571__integer_overflow_guard__c2,C:\Users\weijt\Desktop\UNSW\COMP9900\project\capstone-project-26t2-9900-t17a-almond\outputs\generated\full_budget_search_20260717\cvefixes_vulnerable\sources\04_cve-2021-31571__integer_overflow_guard__c2.c,inserted 1 integer overflow guard(s) before allocation or size arithmetic,
cvefixes_vulnerable,04_cve-2021-31571,C:\Users\weijt\Desktop\UNSW\COMP9900\project\capstone-project-26t2-9900-t17a-almond\input_sources\cvefixes\vulnerable\04_cve-2021-31571.c,array_index_bound_guard,1,0,skipped,ran,,,,,,,,,,,,,C:\Users\weijt\Desktop\UNSW\COMP9900\project\capstone-project-26t2-9900-t17a-almond\outputs\generated\full_budget_search_20260717\cvefixes_vulnerable\runs\baseline\04_cve-2021-31571,,,no array write found for index bound guard,
cvefixes_vulnerable,04_cve-2021-31571,C:\Users\weijt\Desktop\UNSW\COMP9900\project\capstone-project-26t2-9900-t17a-almond\input_sources\cvefixes\vulnerable\04_cve-2021-31571.c,wide_char_sink_guard,1,0,skipped,ran,,,,,,,,,,,,,C:\Users\weijt\Desktop\UNSW\COMP9900\project\capstone-project-26t2-9900-t17a-almond\outputs\generated\full_budget_search_20260717\cvefixes_vulnerable\runs\baseline\04_cve-2021-31571,,,no wcscat/wcscpy wide-character sink found,
cvefixes_vulnerable,04_cve-2021-31571,C:\Users\weijt\Desktop\UNSW\COMP9900\project\capstone-project-26t2-9900-t17a-almond\input_sources\cvefixes\vulnerable\04_cve-2021-31571.c,pattern_dead_code,1,1,generated,ran,False,0,0,0.13110341131687164,0.06887970864772797,-0.06222370266914368,4013,4068,55,7985,8086,101,C:\Users\weijt\Desktop\UNSW\COMP9900\project\capstone-project-26t2-9900-t17a-almond\outputs\generated\full_budget_search_20260717\cvefixes_vulnerable\runs\baseline\04_cve-2021-31571,C:\Users\weijt\Desktop\UNSW\COMP9900\project\capstone-project-26t2-9900-t17a-almond\outputs\generated\full_budget_search_20260717\cvefixes_vulnerable\runs\perturbed\04_cve-2021-31571__pattern_dead_code__c1,C:\Users\weijt\Desktop\UNSW\COMP9900\project\capstone-project-26t2-9900-t17a-almond\outputs\generated\full_budget_search_20260717\cvefixes_vulnerable\sources\04_cve-2021-31571__pattern_dead_code__c1.c,inserted 1 unreachable pointer/array/length pattern block(s) near sensitive or structural lines,
cvefixes_vulnerable,04_cve-2021-31571,C:\Users\weijt\Desktop\UNSW\COMP9900\project\capstone-project-26t2-9900-t17a-almond\input_sources\cvefixes\vulnerable\04_cve-2021-31571.c,pattern_dead_code,2,2,generated,ran,False,0,0,0.13110341131687164,0.04590094834566116,-0.08520246297121048,4013,4123,110,7985,8187,202,C:\Users\weijt\Desktop\UNSW\COMP9900\project\capstone-project-26t2-9900-t17a-almond\outputs\generated\full_budget_search_20260717\cvefixes_vulnerable\runs\baseline\04_cve-2021-31571,C:\Users\weijt\Desktop\UNSW\COMP9900\project\capstone-project-26t2-9900-t17a-almond\outputs\generated\full_budget_search_20260717\cvefixes_vulnerable\runs\perturbed\04_cve-2021-31571__pattern_dead_code__c2,C:\Users\weijt\Desktop\UNSW\COMP9900\project\capstone-project-26t2-9900-t17a-almond\outputs\generated\full_budget_search_20260717\cvefixes_vulnerable\sources\04_cve-2021-31571__pattern_dead_code__c2.c,inserted 2 unreachable pointer/array/length pattern block(s) near sensitive or structural lines,
cvefixes_vulnerable,04_cve-2021-31571,C:\Users\weijt\Desktop\UNSW\COMP9900\project\capstone-project-26t2-9900-t17a-almond\input_sources\cvefixes\vulnerable\04_cve-2021-31571.c,pattern_dead_code,3,3,generated,ran,False,0,0,0.13110341131687164,0.09370091557502747,-0.03740249574184418,4013,4178,165,7985,8288,303,C:\Users\weijt\Desktop\UNSW\COMP9900\project\capstone-project-26t2-9900-t17a-almond\outputs\generated\full_budget_search_20260717\cvefixes_vulnerable\runs\baseline\04_cve-2021-31571,C:\Users\weijt\Desktop\UNSW\COMP9900\project\capstone-project-26t2-9900-t17a-almond\outputs\generated\full_budget_search_20260717\cvefixes_vulnerable\runs\perturbed\04_cve-2021-31571__pattern_dead_code__c3,C:\Users\weijt\Desktop\UNSW\COMP9900\project\capstone-project-26t2-9900-t17a-almond\outputs\generated\full_budget_search_20260717\cvefixes_vulnerable\sources\04_cve-2021-31571__pattern_dead_code__c3.c,inserted 3 unreachable pointer/array/length pattern block(s) near sensitive or structural lines,
cvefixes_vulnerable,04_cve-2021-31571,C:\Users\weijt\Desktop\UNSW\COMP9900\project\capstone-project-26t2-9900-t17a-almond\input_sources\cvefixes\vulnerable\04_cve-2021-31571.c,pattern_dead_code,5,5,generated,ran,False,0,0,0.13110341131687164,0.15874503552913666,0.027641624212265015,4013,4288,275,7985,8490,505,C:\Users\weijt\Desktop\UNSW\COMP9900\project\capstone-project-26t2-9900-t17a-almond\outputs\generated\full_budget_search_20260717\cvefixes_vulnerable\runs\baseline\04_cve-2021-31571,C:\Users\weijt\Desktop\UNSW\COMP9900\project\capstone-project-26t2-9900-t17a-almond\outputs\generated\full_budget_search_20260717\cvefixes_vulnerable\runs\perturbed\04_cve-2021-31571__pattern_dead_code__c5,C:\Users\weijt\Desktop\UNSW\COMP9900\project\capstone-project-26t2-9900-t17a-almond\outputs\generated\full_budget_search_20260717\cvefixes_vulnerable\sources\04_cve-2021-31571__pattern_dead_code__c5.c,inserted 5 unreachable pointer/array/length pattern block(s) near sensitive or structural lines,
cvefixes_vulnerable,04_cve-2021-31571,C:\Users\weijt\Desktop\UNSW\COMP9900\project\capstone-project-26t2-9900-t17a-almond\input_sources\cvefixes\vulnerable\04_cve-2021-31571.c,control_wrapper,1,1,generated,ran,False,0,0,0.13110341131687164,0.07121201604604721,-0.05989139527082443,4013,4017,4,7985,7994,9,C:\Users\weijt\Desktop\UNSW\COMP9900\project\capstone-project-26t2-9900-t17a-almond\outputs\generated\full_budget_search_20260717\cvefixes_vulnerable\runs\baseline\04_cve-2021-31571,C:\Users\weijt\Desktop\UNSW\COMP9900\project\capstone-project-26t2-9900-t17a-almond\outputs\generated\full_budget_search_20260717\cvefixes_vulnerable\runs\perturbed\04_cve-2021-31571__control_wrapper__c1,C:\Users\weijt\Desktop\UNSW\COMP9900\project\capstone-project-26t2-9900-t17a-almond\outputs\generated\full_budget_search_20260717\cvefixes_vulnerable\sources\04_cve-2021-31571__control_wrapper__c1.c,wrapped 1 safe single-line statement(s) with if (1) blocks,
cvefixes_vulnerable,04_cve-2021-31571,C:\Users\weijt\Desktop\UNSW\COMP9900\project\capstone-project-26t2-9900-t17a-almond\input_sources\cvefixes\vulnerable\04_cve-2021-31571.c,control_wrapper,2,2,generated,ran,False,0,0,0.13110341131687164,0.4455690383911133,0.31446562707424164,4013,4021,8,7985,8003,18,C:\Users\weijt\Desktop\UNSW\COMP9900\project\capstone-project-26t2-9900-t17a-almond\outputs\generated\full_budget_search_20260717\cvefixes_vulnerable\runs\baseline\04_cve-2021-31571,C:\Users\weijt\Desktop\UNSW\COMP9900\project\capstone-project-26t2-9900-t17a-almond\outputs\generated\full_budget_search_20260717\cvefixes_vulnerable\runs\perturbed\04_cve-2021-31571__control_wrapper__c2,C:\Users\weijt\Desktop\UNSW\COMP9900\project\capstone-project-26t2-9900-t17a-almond\outputs\generated\full_budget_search_20260717\cvefixes_vulnerable\sources\04_cve-2021-31571__control_wrapper__c2.c,wrapped 2 safe single-line statement(s) with if (1) blocks,
cvefixes_vulnerable,04_cve-2021-31571,C:\Users\weijt\Desktop\UNSW\COMP9900\project\capstone-project-26t2-9900-t17a-almond\input_sources\cvefixes\vulnerable\04_cve-2021-31571.c,control_wrapper,3,3,generated,ran,False,0,0,0.13110341131687164,0.07417137175798416,-0.05693203955888748,4013,4025,12,7985,8012,27,C:\Users\weijt\Desktop\UNSW\COMP9900\project\capstone-project-26t2-9900-t17a-almond\outputs\generated\full_budget_search_20260717\cvefixes_vulnerable\runs\baseline\04_cve-2021-31571,C:\Users\weijt\Desktop\UNSW\COMP9900\project\capstone-project-26t2-9900-t17a-almond\outputs\generated\full_budget_search_20260717\cvefixes_vulnerable\runs\perturbed\04_cve-2021-31571__control_wrapper__c3,C:\Users\weijt\Desktop\UNSW\COMP9900\project\capstone-project-26t2-9900-t17a-almond\outputs\generated\full_budget_search_20260717\cvefixes_vulnerable\sources\04_cve-2021-31571__control_wrapper__c3.c,wrapped 3 safe single-line statement(s) with if (1) blocks,
cvefixes_vulnerable,04_cve-2021-31571,C:\Users\weijt\Desktop\UNSW\COMP9900\project\capstone-project-26t2-9900-t17a-almond\input_sources\cvefixes\vulnerable\04_cve-2021-31571.c,control_wrapper,5,5,generated,ran,False,0,0,0.13110341131687164,0.06887974590063095,-0.06222366541624069,4013,4033,20,7985,8033,48,C:\Users\weijt\Desktop\UNSW\COMP9900\project\capstone-project-26t2-9900-t17a-almond\outputs\generated\full_budget_search_20260717\cvefixes_vulnerable\runs\baseline\04_cve-2021-31571,C:\Users\weijt\Desktop\UNSW\COMP9900\project\capstone-project-26t2-9900-t17a-almond\outputs\generated\full_budget_search_20260717\cvefixes_vulnerable\runs\perturbed\04_cve-2021-31571__control_wrapper__c5,C:\Users\weijt\Desktop\UNSW\COMP9900\project\capstone-project-26t2-9900-t17a-almond\outputs\generated\full_budget_search_20260717\cvefixes_vulnerable\sources\04_cve-2021-31571__control_wrapper__c5.c,wrapped 5 safe single-line statement(s) with if (1) blocks,
cvefixes_vulnerable,04_cve-2021-31571,C:\Users\weijt\Desktop\UNSW\COMP9900\project\capstone-project-26t2-9900-t17a-almond\input_sources\cvefixes\vulnerable\04_cve-2021-31571.c,temp_variable_split,1,1,generated,ran,False,0,0,0.13110341131687164,0.06887973099946976,-0.062223680317401886,4013,4021,8,7985,8003,18,C:\Users\weijt\Desktop\UNSW\COMP9900\project\capstone-project-26t2-9900-t17a-almond\outputs\generated\full_budget_search_20260717\cvefixes_vulnerable\runs\baseline\04_cve-2021-31571,C:\Users\weijt\Desktop\UNSW\COMP9900\project\capstone-project-26t2-9900-t17a-almond\outputs\generated\full_budget_search_20260717\cvefixes_vulnerable\runs\perturbed\04_cve-2021-31571__temp_variable_split__c1,C:\Users\weijt\Desktop\UNSW\COMP9900\project\capstone-project-26t2-9900-t17a-almond\outputs\generated\full_budget_search_20260717\cvefixes_vulnerable\sources\04_cve-2021-31571__temp_variable_split__c1.c,split 1 simple assignment(s) through temporary integer variables,
cvefixes_vulnerable,04_cve-2021-31571,C:\Users\weijt\Desktop\UNSW\COMP9900\project\capstone-project-26t2-9900-t17a-almond\input_sources\cvefixes\vulnerable\04_cve-2021-31571.c,temp_variable_split,2,2,generated,ran,False,0,0,0.13110341131687164,0.06887974590063095,-0.06222366541624069,4013,4029,16,7985,8021,36,C:\Users\weijt\Desktop\UNSW\COMP9900\project\capstone-project-26t2-9900-t17a-almond\outputs\generated\full_budget_search_20260717\cvefixes_vulnerable\runs\baseline\04_cve-2021-31571,C:\Users\weijt\Desktop\UNSW\COMP9900\project\capstone-project-26t2-9900-t17a-almond\outputs\generated\full_budget_search_20260717\cvefixes_vulnerable\runs\perturbed\04_cve-2021-31571__temp_variable_split__c2,C:\Users\weijt\Desktop\UNSW\COMP9900\project\capstone-project-26t2-9900-t17a-almond\outputs\generated\full_budget_search_20260717\cvefixes_vulnerable\sources\04_cve-2021-31571__temp_variable_split__c2.c,split 2 simple assignment(s) through temporary integer variables,
cvefixes_vulnerable,04_cve-2021-31571,C:\Users\weijt\Desktop\UNSW\COMP9900\project\capstone-project-26t2-9900-t17a-almond\input_sources\cvefixes\vulnerable\04_cve-2021-31571.c,temp_variable_split,3,3,generated,ran,False,0,0,0.13110341131687164,0.06887974590063095,-0.06222366541624069,4013,4037,24,7985,8039,54,C:\Users\weijt\Desktop\UNSW\COMP9900\project\capstone-project-26t2-9900-t17a-almond\outputs\generated\full_budget_search_20260717\cvefixes_vulnerable\runs\baseline\04_cve-2021-31571,C:\Users\weijt\Desktop\UNSW\COMP9900\project\capstone-project-26t2-9900-t17a-almond\outputs\generated\full_budget_search_20260717\cvefixes_vulnerable\runs\perturbed\04_cve-2021-31571__temp_variable_split__c3,C:\Users\weijt\Desktop\UNSW\COMP9900\project\capstone-project-26t2-9900-t17a-almond\outputs\generated\full_budget_search_20260717\cvefixes_vulnerable\sources\04_cve-2021-31571__temp_variable_split__c3.c,split 3 simple assignment(s) through temporary integer variables,
cvefixes_vulnerable,04_cve-2021-31571,C:\Users\weijt\Desktop\UNSW\COMP9900\project\capstone-project-26t2-9900-t17a-almond\input_sources\cvefixes\vulnerable\04_cve-2021-31571.c,temp_variable_split,5,5,generated,ran,False,0,0,0.13110341131687164,0.4455690383911133,0.31446562707424164,4013,4053,40,7985,8075,90,C:\Users\weijt\Desktop\UNSW\COMP9900\project\capstone-project-26t2-9900-t17a-almond\outputs\generated\full_budget_search_20260717\cvefixes_vulnerable\runs\baseline\04_cve-2021-31571,C:\Users\weijt\Desktop\UNSW\COMP9900\project\capstone-project-26t2-9900-t17a-almond\outputs\generated\full_budget_search_20260717\cvefixes_vulnerable\runs\perturbed\04_cve-2021-31571__temp_variable_split__c5,C:\Users\weijt\Desktop\UNSW\COMP9900\project\capstone-project-26t2-9900-t17a-almond\outputs\generated\full_budget_search_20260717\cvefixes_vulnerable\sources\04_cve-2021-31571__temp_variable_split__c5.c,split 5 simple assignment(s) through temporary integer variables,
devign,00_codexglue_devign_9763,C:\Users\weijt\Desktop\UNSW\COMP9900\project\capstone-project-26t2-9900-t17a-almond\input_sources\devign\00_codexglue_devign_9763.c,data_flow_alias,1,1,generated,ran,False,0,0,0.0005112718208692968,0.0005112718208692968,0.0,1152,1170,18,2411,2450,39,C:\Users\weijt\Desktop\UNSW\COMP9900\project\capstone-project-26t2-9900-t17a-almond\outputs\generated\full_budget_search_20260717\devign\runs\baseline\00_codexglue_devign_9763,C:\Users\weijt\Desktop\UNSW\COMP9900\project\capstone-project-26t2-9900-t17a-almond\outputs\generated\full_budget_search_20260717\devign\runs\perturbed\00_codexglue_devign_9763__data_flow_alias__c1,C:\Users\weijt\Desktop\UNSW\COMP9900\project\capstone-project-26t2-9900-t17a-almond\outputs\generated\full_budget_search_20260717\devign\sources\00_codexglue_devign_9763__data_flow_alias__c1.c,inserted 1 alias-preserving data-flow no-op(s) near call arguments,
devign,00_codexglue_devign_9763,C:\Users\weijt\Desktop\UNSW\COMP9900\project\capstone-project-26t2-9900-t17a-almond\input_sources\devign\00_codexglue_devign_9763.c,data_flow_alias,2,2,generated,ran,False,0,0,0.0005112718208692968,0.0005112718208692968,0.0,1152,1190,38,2411,2488,77,C:\Users\weijt\Desktop\UNSW\COMP9900\project\capstone-project-26t2-9900-t17a-almond\outputs\generated\full_budget_search_20260717\devign\runs\baseline\00_codexglue_devign_9763,C:\Users\weijt\Desktop\UNSW\COMP9900\project\capstone-project-26t2-9900-t17a-almond\outputs\generated\full_budget_search_20260717\devign\runs\perturbed\00_codexglue_devign_9763__data_flow_alias__c2,C:\Users\weijt\Desktop\UNSW\COMP9900\project\capstone-project-26t2-9900-t17a-almond\outputs\generated\full_budget_search_20260717\devign\sources\00_codexglue_devign_9763__data_flow_alias__c2.c,inserted 2 alias-preserving data-flow no-op(s) near call arguments,
devign,00_codexglue_devign_9763,C:\Users\weijt\Desktop\UNSW\COMP9900\project\capstone-project-26t2-9900-t17a-almond\input_sources\devign\00_codexglue_devign_9763.c,data_flow_alias,3,3,generated,ran,False,0,0,0.0005112718208692968,0.0005112718208692968,0.0,1152,1208,56,2411,2527,116,C:\Users\weijt\Desktop\UNSW\COMP9900\project\capstone-project-26t2-9900-t17a-almond\outputs\generated\full_budget_search_20260717\devign\runs\baseline\00_codexglue_devign_9763,C:\Users\weijt\Desktop\UNSW\COMP9900\project\capstone-project-26t2-9900-t17a-almond\outputs\generated\full_budget_search_20260717\devign\runs\perturbed\00_codexglue_devign_9763__data_flow_alias__c3,C:\Users\weijt\Desktop\UNSW\COMP9900\project\capstone-project-26t2-9900-t17a-almond\outputs\generated\full_budget_search_20260717\devign\sources\00_codexglue_devign_9763__data_flow_alias__c3.c,inserted 3 alias-preserving data-flow no-op(s) near call arguments,
devign,00_codexglue_devign_9763,C:\Users\weijt\Desktop\UNSW\COMP9900\project\capstone-project-26t2-9900-t17a-almond\input_sources\devign\00_codexglue_devign_9763.c,data_flow_alias,5,5,generated,ran,False,0,0,0.0005112718208692968,0.0005112718208692968,0.0,1152,1246,94,2411,2604,193,C:\Users\weijt\Desktop\UNSW\COMP9900\project\capstone-project-26t2-9900-t17a-almond\outputs\generated\full_budget_search_20260717\devign\runs\baseline\00_codexglue_devign_9763,C:\Users\weijt\Desktop\UNSW\COMP9900\project\capstone-project-26t2-9900-t17a-almond\outputs\generated\full_budget_search_20260717\devign\runs\perturbed\00_codexglue_devign_9763__data_flow_alias__c5,C:\Users\weijt\Desktop\UNSW\COMP9900\project\capstone-project-26t2-9900-t17a-almond\outputs\generated\full_budget_search_20260717\devign\sources\00_codexglue_devign_9763__data_flow_alias__c5.c,inserted 5 alias-preserving data-flow no-op(s) near call arguments,
devign,00_codexglue_devign_9763,C:\Users\weijt\Desktop\UNSW\COMP9900\project\capstone-project-26t2-9900-t17a-almond\input_sources\devign\00_codexglue_devign_9763.c,dead_statement,1,1,generated,ran,False,0,0,0.0005112718208692968,0.0005112718208692968,0.0,1152,1164,12,2411,2438,27,C:\Users\weijt\Desktop\UNSW\COMP9900\project\capstone-project-26t2-9900-t17a-almond\outputs\generated\full_budget_search_20260717\devign\runs\baseline\00_codexglue_devign_9763,C:\Users\weijt\Desktop\UNSW\COMP9900\project\capstone-project-26t2-9900-t17a-almond\outputs\generated\full_budget_search_20260717\devign\runs\perturbed\00_codexglue_devign_9763__dead_statement__c1,C:\Users\weijt\Desktop\UNSW\COMP9900\project\capstone-project-26t2-9900-t17a-almond\outputs\generated\full_budget_search_20260717\devign\sources\00_codexglue_devign_9763__dead_statement__c1.c,inserted 1 harmless dummy integer statement pair(s) after first function brace,
devign,00_codexglue_devign_9763,C:\Users\weijt\Desktop\UNSW\COMP9900\project\capstone-project-26t2-9900-t17a-almond\input_sources\devign\00_codexglue_devign_9763.c,dead_statement,2,2,generated,ran,False,0,0,0.0005112718208692968,0.0005112718208692968,0.0,1152,1176,24,2411,2465,54,C:\Users\weijt\Desktop\UNSW\COMP9900\project\capstone-project-26t2-9900-t17a-almond\outputs\generated\full_budget_search_20260717\devign\runs\baseline\00_codexglue_devign_9763,C:\Users\weijt\Desktop\UNSW\COMP9900\project\capstone-project-26t2-9900-t17a-almond\outputs\generated\full_budget_search_20260717\devign\runs\perturbed\00_codexglue_devign_9763__dead_statement__c2,C:\Users\weijt\Desktop\UNSW\COMP9900\project\capstone-project-26t2-9900-t17a-almond\outputs\generated\full_budget_search_20260717\devign\sources\00_codexglue_devign_9763__dead_statement__c2.c,inserted 2 harmless dummy integer statement pair(s) after first function brace,
devign,00_codexglue_devign_9763,C:\Users\weijt\Desktop\UNSW\COMP9900\project\capstone-project-26t2-9900-t17a-almond\input_sources\devign\00_codexglue_devign_9763.c,dead_statement,3,3,generated,ran,False,0,0,0.0005112718208692968,0.0005112718208692968,0.0,1152,1188,36,2411,2492,81,C:\Users\weijt\Desktop\UNSW\COMP9900\project\capstone-project-26t2-9900-t17a-almond\outputs\generated\full_budget_search_20260717\devign\runs\baseline\00_codexglue_devign_9763,C:\Users\weijt\Desktop\UNSW\COMP9900\project\capstone-project-26t2-9900-t17a-almond\outputs\generated\full_budget_search_20260717\devign\runs\perturbed\00_codexglue_devign_9763__dead_statement__c3,C:\Users\weijt\Desktop\UNSW\COMP9900\project\capstone-project-26t2-9900-t17a-almond\outputs\generated\full_budget_search_20260717\devign\sources\00_codexglue_devign_9763__dead_statement__c3.c,inserted 3 harmless dummy integer statement pair(s) after first function brace,
devign,00_codexglue_devign_9763,C:\Users\weijt\Desktop\UNSW\COMP9900\project\capstone-project-26t2-9900-t17a-almond\input_sources\devign\00_codexglue_devign_9763.c,dead_statement,5,5,generated,ran,False,0,0,0.0005112718208692968,0.0005112718208692968,0.0,1152,1212,60,2411,2546,135,C:\Users\weijt\Desktop\UNSW\COMP9900\project\capstone-project-26t2-9900-t17a-almond\outputs\generated\full_budget_search_20260717\devign\runs\baseline\00_codexglue_devign_9763,C:\Users\weijt\Desktop\UNSW\COMP9900\project\capstone-project-26t2-9900-t17a-almond\outputs\generated\full_budget_search_20260717\devign\runs\perturbed\00_codexglue_devign_9763__dead_statement__c5,C:\Users\weijt\Desktop\UNSW\COMP9900\project\capstone-project-26t2-9900-t17a-almond\outputs\generated\full_budget_search_20260717\devign\sources\00_codexglue_devign_9763__dead_statement__c5.c,inserted 5 harmless dummy integer statement pair(s) after first function brace,
devign,00_codexglue_devign_9763,C:\Users\weijt\Desktop\UNSW\COMP9900\project\capstone-project-26t2-9900-t17a-almond\input_sources\devign\00_codexglue_devign_9763.c,xfg_targeted_dead_code,1,1,generated,ran,False,0,0,0.0005112718208692968,0.0005112718208692968,0.0,1152,1168,16,2411,2447,36,C:\Users\weijt\Desktop\UNSW\COMP9900\project\capstone-project-26t2-9900-t17a-almond\outputs\generated\full_budget_search_20260717\devign\runs\baseline\00_codexglue_devign_9763,C:\Users\weijt\Desktop\UNSW\COMP9900\project\capstone-project-26t2-9900-t17a-almond\outputs\generated\full_budget_search_20260717\devign\runs\perturbed\00_codexglue_devign_9763__xfg_targeted_dead_code__c1,C:\Users\weijt\Desktop\UNSW\COMP9900\project\capstone-project-26t2-9900-t17a-almond\outputs\generated\full_budget_search_20260717\devign\sources\00_codexglue_devign_9763__xfg_targeted_dead_code__c1.c,inserted 1 unreachable no-op block(s) near XFG-relevant target lines,
devign,00_codexglue_devign_9763,C:\Users\weijt\Desktop\UNSW\COMP9900\project\capstone-project-26t2-9900-t17a-almond\input_sources\devign\00_codexglue_devign_9763.c,xfg_targeted_dead_code,2,2,generated,ran,False,0,0,0.0005112718208692968,0.0005112718208692968,0.0,1152,1184,32,2411,2483,72,C:\Users\weijt\Desktop\UNSW\COMP9900\project\capstone-project-26t2-9900-t17a-almond\outputs\generated\full_budget_search_20260717\devign\runs\baseline\00_codexglue_devign_9763,C:\Users\weijt\Desktop\UNSW\COMP9900\project\capstone-project-26t2-9900-t17a-almond\outputs\generated\full_budget_search_20260717\devign\runs\perturbed\00_codexglue_devign_9763__xfg_targeted_dead_code__c2,C:\Users\weijt\Desktop\UNSW\COMP9900\project\capstone-project-26t2-9900-t17a-almond\outputs\generated\full_budget_search_20260717\devign\sources\00_codexglue_devign_9763__xfg_targeted_dead_code__c2.c,inserted 2 unreachable no-op block(s) near XFG-relevant target lines,
devign,00_codexglue_devign_9763,C:\Users\weijt\Desktop\UNSW\COMP9900\project\capstone-project-26t2-9900-t17a-almond\input_sources\devign\00_codexglue_devign_9763.c,xfg_targeted_dead_code,3,3,generated,ran,False,0,0,0.0005112718208692968,0.0005112718208692968,0.0,1152,1200,48,2411,2519,108,C:\Users\weijt\Desktop\UNSW\COMP9900\project\capstone-project-26t2-9900-t17a-almond\outputs\generated\full_budget_search_20260717\devign\runs\baseline\00_codexglue_devign_9763,C:\Users\weijt\Desktop\UNSW\COMP9900\project\capstone-project-26t2-9900-t17a-almond\outputs\generated\full_budget_search_20260717\devign\runs\perturbed\00_codexglue_devign_9763__xfg_targeted_dead_code__c3,C:\Users\weijt\Desktop\UNSW\COMP9900\project\capstone-project-26t2-9900-t17a-almond\outputs\generated\full_budget_search_20260717\devign\sources\00_codexglue_devign_9763__xfg_targeted_dead_code__c3.c,inserted 3 unreachable no-op block(s) near XFG-relevant target lines,
devign,00_codexglue_devign_9763,C:\Users\weijt\Desktop\UNSW\COMP9900\project\capstone-project-26t2-9900-t17a-almond\input_sources\devign\00_codexglue_devign_9763.c,xfg_targeted_dead_code,5,5,generated,ran,False,0,0,0.0005112718208692968,0.0005112718208692968,0.0,1152,1232,80,2411,2591,180,C:\Users\weijt\Desktop\UNSW\COMP9900\project\capstone-project-26t2-9900-t17a-almond\outputs\generated\full_budget_search_20260717\devign\runs\baseline\00_codexglue_devign_9763,C:\Users\weijt\Desktop\UNSW\COMP9900\project\capstone-project-26t2-9900-t17a-almond\outputs\generated\full_budget_search_20260717\devign\runs\perturbed\00_codexglue_devign_9763__xfg_targeted_dead_code__c5,C:\Users\weijt\Desktop\UNSW\COMP9900\project\capstone-project-26t2-9900-t17a-almond\outputs\generated\full_budget_search_20260717\devign\sources\00_codexglue_devign_9763__xfg_targeted_dead_code__c5.c,inserted 5 unreachable no-op block(s) near XFG-relevant target lines,
devign,00_codexglue_devign_9763,C:\Users\weijt\Desktop\UNSW\COMP9900\project\capstone-project-26t2-9900-t17a-almond\input_sources\devign\00_codexglue_devign_9763.c,range_clamp,1,1,generated,ran,False,0,0,0.0005112718208692968,0.0005112718208692968,0.0,1152,1182,30,2411,2481,70,C:\Users\weijt\Desktop\UNSW\COMP9900\project\capstone-project-26t2-9900-t17a-almond\outputs\generated\full_budget_search_20260717\devign\runs\baseline\00_codexglue_devign_9763,C:\Users\weijt\Desktop\UNSW\COMP9900\project\capstone-project-26t2-9900-t17a-almond\outputs\generated\full_budget_search_20260717\devign\runs\perturbed\00_codexglue_devign_9763__range_clamp__c1,C:\Users\weijt\Desktop\UNSW\COMP9900\project\capstone-project-26t2-9900-t17a-almond\outputs\generated\full_budget_search_20260717\devign\sources\00_codexglue_devign_9763__range_clamp__c1.c,clamped 1 sensitive sink size/count argument(s) through bounded local variables,
devign,00_codexglue_devign_9763,C:\Users\weijt\Desktop\UNSW\COMP9900\project\capstone-project-26t2-9900-t17a-almond\input_sources\devign\00_codexglue_devign_9763.c,range_clamp,2,2,generated,ran,False,0,0,0.0005112718208692968,0.0005112718208692968,0.0,1152,1212,60,2411,2549,138,C:\Users\weijt\Desktop\UNSW\COMP9900\project\capstone-project-26t2-9900-t17a-almond\outputs\generated\full_budget_search_20260717\devign\runs\baseline\00_codexglue_devign_9763,C:\Users\weijt\Desktop\UNSW\COMP9900\project\capstone-project-26t2-9900-t17a-almond\outputs\generated\full_budget_search_20260717\devign\runs\perturbed\00_codexglue_devign_9763__range_clamp__c2,C:\Users\weijt\Desktop\UNSW\COMP9900\project\capstone-project-26t2-9900-t17a-almond\outputs\generated\full_budget_search_20260717\devign\sources\00_codexglue_devign_9763__range_clamp__c2.c,clamped 2 sensitive sink size/count argument(s) through bounded local variables,
devign,00_codexglue_devign_9763,C:\Users\weijt\Desktop\UNSW\COMP9900\project\capstone-project-26t2-9900-t17a-almond\input_sources\devign\00_codexglue_devign_9763.c,range_clamp,3,3,generated,ran,False,0,0,0.0005112718208692968,0.0005112718208692968,0.0,1152,1242,90,2411,2617,206,C:\Users\weijt\Desktop\UNSW\COMP9900\project\capstone-project-26t2-9900-t17a-almond\outputs\generated\full_budget_search_20260717\devign\runs\baseline\00_codexglue_devign_9763,C:\Users\weijt\Desktop\UNSW\COMP9900\project\capstone-project-26t2-9900-t17a-almond\outputs\generated\full_budget_search_20260717\devign\runs\perturbed\00_codexglue_devign_9763__range_clamp__c3,C:\Users\weijt\Desktop\UNSW\COMP9900\project\capstone-project-26t2-9900-t17a-almond\outputs\generated\full_budget_search_20260717\devign\sources\00_codexglue_devign_9763__range_clamp__c3.c,clamped 3 sensitive sink size/count argument(s) through bounded local variables,
devign,00_codexglue_devign_9763,C:\Users\weijt\Desktop\UNSW\COMP9900\project\capstone-project-26t2-9900-t17a-almond\input_sources\devign\00_codexglue_devign_9763.c,range_clamp,5,3,partial,run_partial,False,0,0,0.0005112718208692968,0.0005112718208692968,0.0,1152,1242,90,2411,2617,206,C:\Users\weijt\Desktop\UNSW\COMP9900\project\capstone-project-26t2-9900-t17a-almond\outputs\generated\full_budget_search_20260717\devign\runs\baseline\00_codexglue_devign_9763,C:\Users\weijt\Desktop\UNSW\COMP9900\project\capstone-project-26t2-9900-t17a-almond\outputs\generated\full_budget_search_20260717\devign\runs\perturbed\00_codexglue_devign_9763__range_clamp__c5,C:\Users\weijt\Desktop\UNSW\COMP9900\project\capstone-project-26t2-9900-t17a-almond\outputs\generated\full_budget_search_20260717\devign\sources\00_codexglue_devign_9763__range_clamp__c5.c,clamped 3 sensitive sink size/count argument(s) through bounded local variables,
devign,00_codexglue_devign_9763,C:\Users\weijt\Desktop\UNSW\COMP9900\project\capstone-project-26t2-9900-t17a-almond\input_sources\devign\00_codexglue_devign_9763.c,safe_source_substitution,1,0,skipped,ran,,,,,,,,,,,,,C:\Users\weijt\Desktop\UNSW\COMP9900\project\capstone-project-26t2-9900-t17a-almond\outputs\generated\full_budget_search_20260717\devign\runs\baseline\00_codexglue_devign_9763,,,no nested pointer dereference source found,
devign,00_codexglue_devign_9763,C:\Users\weijt\Desktop\UNSW\COMP9900\project\capstone-project-26t2-9900-t17a-almond\input_sources\devign\00_codexglue_devign_9763.c,sink_bound_guard,1,1,generated,ran,False,0,0,0.0005112718208692968,0.0005112718208692968,0.0,1152,1162,10,2411,2432,21,C:\Users\weijt\Desktop\UNSW\COMP9900\project\capstone-project-26t2-9900-t17a-almond\outputs\generated\full_budget_search_20260717\devign\runs\baseline\00_codexglue_devign_9763,C:\Users\weijt\Desktop\UNSW\COMP9900\project\capstone-project-26t2-9900-t17a-almond\outputs\generated\full_budget_search_20260717\devign\runs\perturbed\00_codexglue_devign_9763__sink_bound_guard__c1,C:\Users\weijt\Desktop\UNSW\COMP9900\project\capstone-project-26t2-9900-t17a-almond\outputs\generated\full_budget_search_20260717\devign\sources\00_codexglue_devign_9763__sink_bound_guard__c1.c,inserted 1 early-return bound guard(s) before sensitive sink calls,
devign,00_codexglue_devign_9763,C:\Users\weijt\Desktop\UNSW\COMP9900\project\capstone-project-26t2-9900-t17a-almond\input_sources\devign\00_codexglue_devign_9763.c,sink_bound_guard,2,2,generated,ran,False,0,0,0.0005112718208692968,0.0005112718208692968,0.0,1152,1172,20,2411,2455,44,C:\Users\weijt\Desktop\UNSW\COMP9900\project\capstone-project-26t2-9900-t17a-almond\outputs\generated\full_budget_search_20260717\devign\runs\baseline\00_codexglue_devign_9763,C:\Users\weijt\Desktop\UNSW\COMP9900\project\capstone-project-26t2-9900-t17a-almond\outputs\generated\full_budget_search_20260717\devign\runs\perturbed\00_codexglue_devign_9763__sink_bound_guard__c2,C:\Users\weijt\Desktop\UNSW\COMP9900\project\capstone-project-26t2-9900-t17a-almond\outputs\generated\full_budget_search_20260717\devign\sources\00_codexglue_devign_9763__sink_bound_guard__c2.c,inserted 2 early-return bound guard(s) before sensitive sink calls,
devign,00_codexglue_devign_9763,C:\Users\weijt\Desktop\UNSW\COMP9900\project\capstone-project-26t2-9900-t17a-almond\input_sources\devign\00_codexglue_devign_9763.c,sink_bound_guard,3,3,generated,ran,False,0,0,0.0005112718208692968,0.0005112718208692968,0.0,1152,1182,30,2411,2476,65,C:\Users\weijt\Desktop\UNSW\COMP9900\project\capstone-project-26t2-9900-t17a-almond\outputs\generated\full_budget_search_20260717\devign\runs\baseline\00_codexglue_devign_9763,C:\Users\weijt\Desktop\UNSW\COMP9900\project\capstone-project-26t2-9900-t17a-almond\outputs\generated\full_budget_search_20260717\devign\runs\perturbed\00_codexglue_devign_9763__sink_bound_guard__c3,C:\Users\weijt\Desktop\UNSW\COMP9900\project\capstone-project-26t2-9900-t17a-almond\outputs\generated\full_budget_search_20260717\devign\sources\00_codexglue_devign_9763__sink_bound_guard__c3.c,inserted 3 early-return bound guard(s) before sensitive sink calls,
devign,00_codexglue_devign_9763,C:\Users\weijt\Desktop\UNSW\COMP9900\project\capstone-project-26t2-9900-t17a-almond\input_sources\devign\00_codexglue_devign_9763.c,sink_bound_guard,5,3,partial,run_partial,False,0,0,0.0005112718208692968,0.0005112718208692968,0.0,1152,1182,30,2411,2476,65,C:\Users\weijt\Desktop\UNSW\COMP9900\project\capstone-project-26t2-9900-t17a-almond\outputs\generated\full_budget_search_20260717\devign\runs\baseline\00_codexglue_devign_9763,C:\Users\weijt\Desktop\UNSW\COMP9900\project\capstone-project-26t2-9900-t17a-almond\outputs\generated\full_budget_search_20260717\devign\runs\perturbed\00_codexglue_devign_9763__sink_bound_guard__c5,C:\Users\weijt\Desktop\UNSW\COMP9900\project\capstone-project-26t2-9900-t17a-almond\outputs\generated\full_budget_search_20260717\devign\sources\00_codexglue_devign_9763__sink_bound_guard__c5.c,inserted 3 early-return bound guard(s) before sensitive sink calls,
devign,00_codexglue_devign_9763,C:\Users\weijt\Desktop\UNSW\COMP9900\project\capstone-project-26t2-9900-t17a-almond\input_sources\devign\00_codexglue_devign_9763.c,postcondition_validation,1,0,skipped,ran,,,,,,,,,,,,,C:\Users\weijt\Desktop\UNSW\COMP9900\project\capstone-project-26t2-9900-t17a-almond\outputs\generated\full_budget_search_20260717\devign\runs\baseline\00_codexglue_devign_9763,,,no matching *_count/*_read pair found for postcondition validation,
devign,00_codexglue_devign_9763,C:\Users\weijt\Desktop\UNSW\COMP9900\project\capstone-project-26t2-9900-t17a-almond\input_sources\devign\00_codexglue_devign_9763.c,integer_overflow_guard,1,0,skipped,ran,,,,,,,,,,,,,C:\Users\weijt\Desktop\UNSW\COMP9900\project\capstone-project-26t2-9900-t17a-almond\outputs\generated\full_budget_search_20260717\devign\runs\baseline\00_codexglue_devign_9763,,,no allocation size addition or multiplication expression found,
devign,00_codexglue_devign_9763,C:\Users\weijt\Desktop\UNSW\COMP9900\project\capstone-project-26t2-9900-t17a-almond\input_sources\devign\00_codexglue_devign_9763.c,array_index_bound_guard,1,0,skipped,ran,,,,,,,,,,,,,C:\Users\weijt\Desktop\UNSW\COMP9900\project\capstone-project-26t2-9900-t17a-almond\outputs\generated\full_budget_search_20260717\devign\runs\baseline\00_codexglue_devign_9763,,,no array write found for index bound guard,
devign,00_codexglue_devign_9763,C:\Users\weijt\Desktop\UNSW\COMP9900\project\capstone-project-26t2-9900-t17a-almond\input_sources\devign\00_codexglue_devign_9763.c,wide_char_sink_guard,1,0,skipped,ran,,,,,,,,,,,,,C:\Users\weijt\Desktop\UNSW\COMP9900\project\capstone-project-26t2-9900-t17a-almond\outputs\generated\full_budget_search_20260717\devign\runs\baseline\00_codexglue_devign_9763,,,no wcscat/wcscpy wide-character sink found,
devign,00_codexglue_devign_9763,C:\Users\weijt\Desktop\UNSW\COMP9900\project\capstone-project-26t2-9900-t17a-almond\input_sources\devign\00_codexglue_devign_9763.c,pattern_dead_code,1,1,generated,ran,False,0,0,0.0005112718208692968,0.0005112718208692968,0.0,1152,1207,55,2411,2512,101,C:\Users\weijt\Desktop\UNSW\COMP9900\project\capstone-project-26t2-9900-t17a-almond\outputs\generated\full_budget_search_20260717\devign\runs\baseline\00_codexglue_devign_9763,C:\Users\weijt\Desktop\UNSW\COMP9900\project\capstone-project-26t2-9900-t17a-almond\outputs\generated\full_budget_search_20260717\devign\runs\perturbed\00_codexglue_devign_9763__pattern_dead_code__c1,C:\Users\weijt\Desktop\UNSW\COMP9900\project\capstone-project-26t2-9900-t17a-almond\outputs\generated\full_budget_search_20260717\devign\sources\00_codexglue_devign_9763__pattern_dead_code__c1.c,inserted 1 unreachable pointer/array/length pattern block(s) near sensitive or structural lines,
devign,00_codexglue_devign_9763,C:\Users\weijt\Desktop\UNSW\COMP9900\project\capstone-project-26t2-9900-t17a-almond\input_sources\devign\00_codexglue_devign_9763.c,pattern_dead_code,2,2,generated,ran,False,0,0,0.0005112718208692968,0.0005112718208692968,0.0,1152,1262,110,2411,2613,202,C:\Users\weijt\Desktop\UNSW\COMP9900\project\capstone-project-26t2-9900-t17a-almond\outputs\generated\full_budget_search_20260717\devign\runs\baseline\00_codexglue_devign_9763,C:\Users\weijt\Desktop\UNSW\COMP9900\project\capstone-project-26t2-9900-t17a-almond\outputs\generated\full_budget_search_20260717\devign\runs\perturbed\00_codexglue_devign_9763__pattern_dead_code__c2,C:\Users\weijt\Desktop\UNSW\COMP9900\project\capstone-project-26t2-9900-t17a-almond\outputs\generated\full_budget_search_20260717\devign\sources\00_codexglue_devign_9763__pattern_dead_code__c2.c,inserted 2 unreachable pointer/array/length pattern block(s) near sensitive or structural lines,
devign,00_codexglue_devign_9763,C:\Users\weijt\Desktop\UNSW\COMP9900\project\capstone-project-26t2-9900-t17a-almond\input_sources\devign\00_codexglue_devign_9763.c,pattern_dead_code,3,3,generated,ran,False,0,0,0.0005112718208692968,0.0005112718208692968,0.0,1152,1317,165,2411,2714,303,C:\Users\weijt\Desktop\UNSW\COMP9900\project\capstone-project-26t2-9900-t17a-almond\outputs\generated\full_budget_search_20260717\devign\runs\baseline\00_codexglue_devign_9763,C:\Users\weijt\Desktop\UNSW\COMP9900\project\capstone-project-26t2-9900-t17a-almond\outputs\generated\full_budget_search_20260717\devign\runs\perturbed\00_codexglue_devign_9763__pattern_dead_code__c3,C:\Users\weijt\Desktop\UNSW\COMP9900\project\capstone-project-26t2-9900-t17a-almond\outputs\generated\full_budget_search_20260717\devign\sources\00_codexglue_devign_9763__pattern_dead_code__c3.c,inserted 3 unreachable pointer/array/length pattern block(s) near sensitive or structural lines,
devign,00_codexglue_devign_9763,C:\Users\weijt\Desktop\UNSW\COMP9900\project\capstone-project-26t2-9900-t17a-almond\input_sources\devign\00_codexglue_devign_9763.c,pattern_dead_code,5,5,generated,ran,False,0,0,0.0005112718208692968,0.0005112718208692968,0.0,1152,1427,275,2411,2916,505,C:\Users\weijt\Desktop\UNSW\COMP9900\project\capstone-project-26t2-9900-t17a-almond\outputs\generated\full_budget_search_20260717\devign\runs\baseline\00_codexglue_devign_9763,C:\Users\weijt\Desktop\UNSW\COMP9900\project\capstone-project-26t2-9900-t17a-almond\outputs\generated\full_budget_search_20260717\devign\runs\perturbed\00_codexglue_devign_9763__pattern_dead_code__c5,C:\Users\weijt\Desktop\UNSW\COMP9900\project\capstone-project-26t2-9900-t17a-almond\outputs\generated\full_budget_search_20260717\devign\sources\00_codexglue_devign_9763__pattern_dead_code__c5.c,inserted 5 unreachable pointer/array/length pattern block(s) near sensitive or structural lines,
devign,00_codexglue_devign_9763,C:\Users\weijt\Desktop\UNSW\COMP9900\project\capstone-project-26t2-9900-t17a-almond\input_sources\devign\00_codexglue_devign_9763.c,control_wrapper,1,1,generated,ran,False,0,0,0.0005112718208692968,0.0005112718208692968,0.0,1152,1156,4,2411,2429,18,C:\Users\weijt\Desktop\UNSW\COMP9900\project\capstone-project-26t2-9900-t17a-almond\outputs\generated\full_budget_search_20260717\devign\runs\baseline\00_codexglue_devign_9763,C:\Users\weijt\Desktop\UNSW\COMP9900\project\capstone-project-26t2-9900-t17a-almond\outputs\generated\full_budget_search_20260717\devign\runs\perturbed\00_codexglue_devign_9763__control_wrapper__c1,C:\Users\weijt\Desktop\UNSW\COMP9900\project\capstone-project-26t2-9900-t17a-almond\outputs\generated\full_budget_search_20260717\devign\sources\00_codexglue_devign_9763__control_wrapper__c1.c,wrapped 1 safe single-line statement(s) with if (1) blocks,
devign,00_codexglue_devign_9763,C:\Users\weijt\Desktop\UNSW\COMP9900\project\capstone-project-26t2-9900-t17a-almond\input_sources\devign\00_codexglue_devign_9763.c,control_wrapper,2,2,generated,ran,False,0,0,0.0005112718208692968,0.0005112718208692968,0.0,1152,1160,8,2411,2440,29,C:\Users\weijt\Desktop\UNSW\COMP9900\project\capstone-project-26t2-9900-t17a-almond\outputs\generated\full_budget_search_20260717\devign\runs\baseline\00_codexglue_devign_9763,C:\Users\weijt\Desktop\UNSW\COMP9900\project\capstone-project-26t2-9900-t17a-almond\outputs\generated\full_budget_search_20260717\devign\runs\perturbed\00_codexglue_devign_9763__control_wrapper__c2,C:\Users\weijt\Desktop\UNSW\COMP9900\project\capstone-project-26t2-9900-t17a-almond\outputs\generated\full_budget_search_20260717\devign\sources\00_codexglue_devign_9763__control_wrapper__c2.c,wrapped 2 safe single-line statement(s) with if (1) blocks,
devign,00_codexglue_devign_9763,C:\Users\weijt\Desktop\UNSW\COMP9900\project\capstone-project-26t2-9900-t17a-almond\input_sources\devign\00_codexglue_devign_9763.c,control_wrapper,3,3,generated,ran,False,0,0,0.0005112718208692968,0.0005112718208692968,0.0,1152,1164,12,2411,2451,40,C:\Users\weijt\Desktop\UNSW\COMP9900\project\capstone-project-26t2-9900-t17a-almond\outputs\generated\full_budget_search_20260717\devign\runs\baseline\00_codexglue_devign_9763,C:\Users\weijt\Desktop\UNSW\COMP9900\project\capstone-project-26t2-9900-t17a-almond\outputs\generated\full_budget_search_20260717\devign\runs\perturbed\00_codexglue_devign_9763__control_wrapper__c3,C:\Users\weijt\Desktop\UNSW\COMP9900\project\capstone-project-26t2-9900-t17a-almond\outputs\generated\full_budget_search_20260717\devign\sources\00_codexglue_devign_9763__control_wrapper__c3.c,wrapped 3 safe single-line statement(s) with if (1) blocks,
devign,00_codexglue_devign_9763,C:\Users\weijt\Desktop\UNSW\COMP9900\project\capstone-project-26t2-9900-t17a-almond\input_sources\devign\00_codexglue_devign_9763.c,control_wrapper,5,5,generated,ran,False,0,0,0.0005112718208692968,0.0005112718208692968,0.0,1152,1172,20,2411,2475,64,C:\Users\weijt\Desktop\UNSW\COMP9900\project\capstone-project-26t2-9900-t17a-almond\outputs\generated\full_budget_search_20260717\devign\runs\baseline\00_codexglue_devign_9763,C:\Users\weijt\Desktop\UNSW\COMP9900\project\capstone-project-26t2-9900-t17a-almond\outputs\generated\full_budget_search_20260717\devign\runs\perturbed\00_codexglue_devign_9763__control_wrapper__c5,C:\Users\weijt\Desktop\UNSW\COMP9900\project\capstone-project-26t2-9900-t17a-almond\outputs\generated\full_budget_search_20260717\devign\sources\00_codexglue_devign_9763__control_wrapper__c5.c,wrapped 5 safe single-line statement(s) with if (1) blocks,
devign,00_codexglue_devign_9763,C:\Users\weijt\Desktop\UNSW\COMP9900\project\capstone-project-26t2-9900-t17a-almond\input_sources\devign\00_codexglue_devign_9763.c,temp_variable_split,1,1,generated,ran,False,0,0,0.0005112718208692968,0.0005112718208692968,0.0,1152,1160,8,2411,2429,18,C:\Users\weijt\Desktop\UNSW\COMP9900\project\capstone-project-26t2-9900-t17a-almond\outputs\generated\full_budget_search_20260717\devign\runs\baseline\00_codexglue_devign_9763,C:\Users\weijt\Desktop\UNSW\COMP9900\project\capstone-project-26t2-9900-t17a-almond\outputs\generated\full_budget_search_20260717\devign\runs\perturbed\00_codexglue_devign_9763__temp_variable_split__c1,C:\Users\weijt\Desktop\UNSW\COMP9900\project\capstone-project-26t2-9900-t17a-almond\outputs\generated\full_budget_search_20260717\devign\sources\00_codexglue_devign_9763__temp_variable_split__c1.c,split 1 simple assignment(s) through temporary integer variables,
devign,00_codexglue_devign_9763,C:\Users\weijt\Desktop\UNSW\COMP9900\project\capstone-project-26t2-9900-t17a-almond\input_sources\devign\00_codexglue_devign_9763.c,temp_variable_split,2,2,generated,ran,False,0,0,0.0005112718208692968,0.0005112718208692968,0.0,1152,1168,16,2411,2447,36,C:\Users\weijt\Desktop\UNSW\COMP9900\project\capstone-project-26t2-9900-t17a-almond\outputs\generated\full_budget_search_20260717\devign\runs\baseline\00_codexglue_devign_9763,C:\Users\weijt\Desktop\UNSW\COMP9900\project\capstone-project-26t2-9900-t17a-almond\outputs\generated\full_budget_search_20260717\devign\runs\perturbed\00_codexglue_devign_9763__temp_variable_split__c2,C:\Users\weijt\Desktop\UNSW\COMP9900\project\capstone-project-26t2-9900-t17a-almond\outputs\generated\full_budget_search_20260717\devign\sources\00_codexglue_devign_9763__temp_variable_split__c2.c,split 2 simple assignment(s) through temporary integer variables,
devign,00_codexglue_devign_9763,C:\Users\weijt\Desktop\UNSW\COMP9900\project\capstone-project-26t2-9900-t17a-almond\input_sources\devign\00_codexglue_devign_9763.c,temp_variable_split,3,3,generated,ran,False,0,0,0.0005112718208692968,0.0005112718208692968,0.0,1152,1176,24,2411,2463,52,C:\Users\weijt\Desktop\UNSW\COMP9900\project\capstone-project-26t2-9900-t17a-almond\outputs\generated\full_budget_search_20260717\devign\runs\baseline\00_codexglue_devign_9763,C:\Users\weijt\Desktop\UNSW\COMP9900\project\capstone-project-26t2-9900-t17a-almond\outputs\generated\full_budget_search_20260717\devign\runs\perturbed\00_codexglue_devign_9763__temp_variable_split__c3,C:\Users\weijt\Desktop\UNSW\COMP9900\project\capstone-project-26t2-9900-t17a-almond\outputs\generated\full_budget_search_20260717\devign\sources\00_codexglue_devign_9763__temp_variable_split__c3.c,split 3 simple assignment(s) through temporary integer variables,
devign,00_codexglue_devign_9763,C:\Users\weijt\Desktop\UNSW\COMP9900\project\capstone-project-26t2-9900-t17a-almond\input_sources\devign\00_codexglue_devign_9763.c,temp_variable_split,5,5,generated,ran,False,0,0,0.0005112718208692968,0.0005112718208692968,0.0,1152,1192,40,2411,2497,86,C:\Users\weijt\Desktop\UNSW\COMP9900\project\capstone-project-26t2-9900-t17a-almond\outputs\generated\full_budget_search_20260717\devign\runs\baseline\00_codexglue_devign_9763,C:\Users\weijt\Desktop\UNSW\COMP9900\project\capstone-project-26t2-9900-t17a-almond\outputs\generated\full_budget_search_20260717\devign\runs\perturbed\00_codexglue_devign_9763__temp_variable_split__c5,C:\Users\weijt\Desktop\UNSW\COMP9900\project\capstone-project-26t2-9900-t17a-almond\outputs\generated\full_budget_search_20260717\devign\sources\00_codexglue_devign_9763__temp_variable_split__c5.c,split 5 simple assignment(s) through temporary integer variables,
devign,01_codexglue_devign_10453,C:\Users\weijt\Desktop\UNSW\COMP9900\project\capstone-project-26t2-9900-t17a-almond\input_sources\devign\01_codexglue_devign_10453.c,data_flow_alias,1,1,generated,ran,False,0,0,0.07370010763406754,0.009751765988767147,-0.06394834164530039,426,446,20,932,970,38,C:\Users\weijt\Desktop\UNSW\COMP9900\project\capstone-project-26t2-9900-t17a-almond\outputs\generated\full_budget_search_20260717\devign\runs\baseline\01_codexglue_devign_10453,C:\Users\weijt\Desktop\UNSW\COMP9900\project\capstone-project-26t2-9900-t17a-almond\outputs\generated\full_budget_search_20260717\devign\runs\perturbed\01_codexglue_devign_10453__data_flow_alias__c1,C:\Users\weijt\Desktop\UNSW\COMP9900\project\capstone-project-26t2-9900-t17a-almond\outputs\generated\full_budget_search_20260717\devign\sources\01_codexglue_devign_10453__data_flow_alias__c1.c,inserted 1 alias-preserving data-flow no-op(s) near call arguments,
devign,01_codexglue_devign_10453,C:\Users\weijt\Desktop\UNSW\COMP9900\project\capstone-project-26t2-9900-t17a-almond\input_sources\devign\01_codexglue_devign_10453.c,data_flow_alias,2,2,generated,ran,False,0,0,0.07370010763406754,0.009751765988767147,-0.06394834164530039,426,466,40,932,1008,76,C:\Users\weijt\Desktop\UNSW\COMP9900\project\capstone-project-26t2-9900-t17a-almond\outputs\generated\full_budget_search_20260717\devign\runs\baseline\01_codexglue_devign_10453,C:\Users\weijt\Desktop\UNSW\COMP9900\project\capstone-project-26t2-9900-t17a-almond\outputs\generated\full_budget_search_20260717\devign\runs\perturbed\01_codexglue_devign_10453__data_flow_alias__c2,C:\Users\weijt\Desktop\UNSW\COMP9900\project\capstone-project-26t2-9900-t17a-almond\outputs\generated\full_budget_search_20260717\devign\sources\01_codexglue_devign_10453__data_flow_alias__c2.c,inserted 2 alias-preserving data-flow no-op(s) near call arguments,
devign,01_codexglue_devign_10453,C:\Users\weijt\Desktop\UNSW\COMP9900\project\capstone-project-26t2-9900-t17a-almond\input_sources\devign\01_codexglue_devign_10453.c,data_flow_alias,3,3,generated,ran,False,0,0,0.07370010763406754,0.011057645082473755,-0.06264246255159378,426,485,59,932,1069,137,C:\Users\weijt\Desktop\UNSW\COMP9900\project\capstone-project-26t2-9900-t17a-almond\outputs\generated\full_budget_search_20260717\devign\runs\baseline\01_codexglue_devign_10453,C:\Users\weijt\Desktop\UNSW\COMP9900\project\capstone-project-26t2-9900-t17a-almond\outputs\generated\full_budget_search_20260717\devign\runs\perturbed\01_codexglue_devign_10453__data_flow_alias__c3,C:\Users\weijt\Desktop\UNSW\COMP9900\project\capstone-project-26t2-9900-t17a-almond\outputs\generated\full_budget_search_20260717\devign\sources\01_codexglue_devign_10453__data_flow_alias__c3.c,inserted 3 alias-preserving data-flow no-op(s) near call arguments,
devign,01_codexglue_devign_10453,C:\Users\weijt\Desktop\UNSW\COMP9900\project\capstone-project-26t2-9900-t17a-almond\input_sources\devign\01_codexglue_devign_10453.c,data_flow_alias,5,5,generated,ran,False,0,0,0.07370010763406754,0.009751765988767147,-0.06394834164530039,426,525,99,932,1145,213,C:\Users\weijt\Desktop\UNSW\COMP9900\project\capstone-project-26t2-9900-t17a-almond\outputs\generated\full_budget_search_20260717\devign\runs\baseline\01_codexglue_devign_10453,C:\Users\weijt\Desktop\UNSW\COMP9900\project\capstone-project-26t2-9900-t17a-almond\outputs\generated\full_budget_search_20260717\devign\runs\perturbed\01_codexglue_devign_10453__data_flow_alias__c5,C:\Users\weijt\Desktop\UNSW\COMP9900\project\capstone-project-26t2-9900-t17a-almond\outputs\generated\full_budget_search_20260717\devign\sources\01_codexglue_devign_10453__data_flow_alias__c5.c,inserted 5 alias-preserving data-flow no-op(s) near call arguments,
devign,01_codexglue_devign_10453,C:\Users\weijt\Desktop\UNSW\COMP9900\project\capstone-project-26t2-9900-t17a-almond\input_sources\devign\01_codexglue_devign_10453.c,dead_statement,1,1,generated,ran,False,0,0,0.07370010763406754,0.07370010763406754,0.0,426,438,12,932,959,27,C:\Users\weijt\Desktop\UNSW\COMP9900\project\capstone-project-26t2-9900-t17a-almond\outputs\generated\full_budget_search_20260717\devign\runs\baseline\01_codexglue_devign_10453,C:\Users\weijt\Desktop\UNSW\COMP9900\project\capstone-project-26t2-9900-t17a-almond\outputs\generated\full_budget_search_20260717\devign\runs\perturbed\01_codexglue_devign_10453__dead_statement__c1,C:\Users\weijt\Desktop\UNSW\COMP9900\project\capstone-project-26t2-9900-t17a-almond\outputs\generated\full_budget_search_20260717\devign\sources\01_codexglue_devign_10453__dead_statement__c1.c,inserted 1 harmless dummy integer statement pair(s) after first function brace,
devign,01_codexglue_devign_10453,C:\Users\weijt\Desktop\UNSW\COMP9900\project\capstone-project-26t2-9900-t17a-almond\input_sources\devign\01_codexglue_devign_10453.c,dead_statement,2,2,generated,ran,False,0,0,0.07370010763406754,0.07370010763406754,0.0,426,450,24,932,986,54,C:\Users\weijt\Desktop\UNSW\COMP9900\project\capstone-project-26t2-9900-t17a-almond\outputs\generated\full_budget_search_20260717\devign\runs\baseline\01_codexglue_devign_10453,C:\Users\weijt\Desktop\UNSW\COMP9900\project\capstone-project-26t2-9900-t17a-almond\outputs\generated\full_budget_search_20260717\devign\runs\perturbed\01_codexglue_devign_10453__dead_statement__c2,C:\Users\weijt\Desktop\UNSW\COMP9900\project\capstone-project-26t2-9900-t17a-almond\outputs\generated\full_budget_search_20260717\devign\sources\01_codexglue_devign_10453__dead_statement__c2.c,inserted 2 harmless dummy integer statement pair(s) after first function brace,
devign,01_codexglue_devign_10453,C:\Users\weijt\Desktop\UNSW\COMP9900\project\capstone-project-26t2-9900-t17a-almond\input_sources\devign\01_codexglue_devign_10453.c,dead_statement,3,3,generated,ran,False,0,0,0.07370010763406754,0.07370010763406754,0.0,426,462,36,932,1013,81,C:\Users\weijt\Desktop\UNSW\COMP9900\project\capstone-project-26t2-9900-t17a-almond\outputs\generated\full_budget_search_20260717\devign\runs\baseline\01_codexglue_devign_10453,C:\Users\weijt\Desktop\UNSW\COMP9900\project\capstone-project-26t2-9900-t17a-almond\outputs\generated\full_budget_search_20260717\devign\runs\perturbed\01_codexglue_devign_10453__dead_statement__c3,C:\Users\weijt\Desktop\UNSW\COMP9900\project\capstone-project-26t2-9900-t17a-almond\outputs\generated\full_budget_search_20260717\devign\sources\01_codexglue_devign_10453__dead_statement__c3.c,inserted 3 harmless dummy integer statement pair(s) after first function brace,
devign,01_codexglue_devign_10453,C:\Users\weijt\Desktop\UNSW\COMP9900\project\capstone-project-26t2-9900-t17a-almond\input_sources\devign\01_codexglue_devign_10453.c,dead_statement,5,5,generated,ran,False,0,0,0.07370010763406754,0.07370010763406754,0.0,426,486,60,932,1067,135,C:\Users\weijt\Desktop\UNSW\COMP9900\project\capstone-project-26t2-9900-t17a-almond\outputs\generated\full_budget_search_20260717\devign\runs\baseline\01_codexglue_devign_10453,C:\Users\weijt\Desktop\UNSW\COMP9900\project\capstone-project-26t2-9900-t17a-almond\outputs\generated\full_budget_search_20260717\devign\runs\perturbed\01_codexglue_devign_10453__dead_statement__c5,C:\Users\weijt\Desktop\UNSW\COMP9900\project\capstone-project-26t2-9900-t17a-almond\outputs\generated\full_budget_search_20260717\devign\sources\01_codexglue_devign_10453__dead_statement__c5.c,inserted 5 harmless dummy integer statement pair(s) after first function brace,
devign,01_codexglue_devign_10453,C:\Users\weijt\Desktop\UNSW\COMP9900\project\capstone-project-26t2-9900-t17a-almond\input_sources\devign\01_codexglue_devign_10453.c,xfg_targeted_dead_code,1,1,generated,ran,False,0,0,0.07370010763406754,0.07370010763406754,0.0,426,442,16,932,968,36,C:\Users\weijt\Desktop\UNSW\COMP9900\project\capstone-project-26t2-9900-t17a-almond\outputs\generated\full_budget_search_20260717\devign\runs\baseline\01_codexglue_devign_10453,C:\Users\weijt\Desktop\UNSW\COMP9900\project\capstone-project-26t2-9900-t17a-almond\outputs\generated\full_budget_search_20260717\devign\runs\perturbed\01_codexglue_devign_10453__xfg_targeted_dead_code__c1,C:\Users\weijt\Desktop\UNSW\COMP9900\project\capstone-project-26t2-9900-t17a-almond\outputs\generated\full_budget_search_20260717\devign\sources\01_codexglue_devign_10453__xfg_targeted_dead_code__c1.c,inserted 1 unreachable no-op block(s) near XFG-relevant target lines,
devign,01_codexglue_devign_10453,C:\Users\weijt\Desktop\UNSW\COMP9900\project\capstone-project-26t2-9900-t17a-almond\input_sources\devign\01_codexglue_devign_10453.c,xfg_targeted_dead_code,2,2,generated,ran,False,0,0,0.07370010763406754,0.07370010763406754,0.0,426,458,32,932,1004,72,C:\Users\weijt\Desktop\UNSW\COMP9900\project\capstone-project-26t2-9900-t17a-almond\outputs\generated\full_budget_search_20260717\devign\runs\baseline\01_codexglue_devign_10453,C:\Users\weijt\Desktop\UNSW\COMP9900\project\capstone-project-26t2-9900-t17a-almond\outputs\generated\full_budget_search_20260717\devign\runs\perturbed\01_codexglue_devign_10453__xfg_targeted_dead_code__c2,C:\Users\weijt\Desktop\UNSW\COMP9900\project\capstone-project-26t2-9900-t17a-almond\outputs\generated\full_budget_search_20260717\devign\sources\01_codexglue_devign_10453__xfg_targeted_dead_code__c2.c,inserted 2 unreachable no-op block(s) near XFG-relevant target lines,
devign,01_codexglue_devign_10453,C:\Users\weijt\Desktop\UNSW\COMP9900\project\capstone-project-26t2-9900-t17a-almond\input_sources\devign\01_codexglue_devign_10453.c,xfg_targeted_dead_code,3,3,generated,ran,False,0,0,0.07370010763406754,0.07370010763406754,0.0,426,474,48,932,1040,108,C:\Users\weijt\Desktop\UNSW\COMP9900\project\capstone-project-26t2-9900-t17a-almond\outputs\generated\full_budget_search_20260717\devign\runs\baseline\01_codexglue_devign_10453,C:\Users\weijt\Desktop\UNSW\COMP9900\project\capstone-project-26t2-9900-t17a-almond\outputs\generated\full_budget_search_20260717\devign\runs\perturbed\01_codexglue_devign_10453__xfg_targeted_dead_code__c3,C:\Users\weijt\Desktop\UNSW\COMP9900\project\capstone-project-26t2-9900-t17a-almond\outputs\generated\full_budget_search_20260717\devign\sources\01_codexglue_devign_10453__xfg_targeted_dead_code__c3.c,inserted 3 unreachable no-op block(s) near XFG-relevant target lines,
devign,01_codexglue_devign_10453,C:\Users\weijt\Desktop\UNSW\COMP9900\project\capstone-project-26t2-9900-t17a-almond\input_sources\devign\01_codexglue_devign_10453.c,xfg_targeted_dead_code,5,5,generated,ran,False,0,0,0.07370010763406754,0.009751765988767147,-0.06394834164530039,426,506,80,932,1112,180,C:\Users\weijt\Desktop\UNSW\COMP9900\project\capstone-project-26t2-9900-t17a-almond\outputs\generated\full_budget_search_20260717\devign\runs\baseline\01_codexglue_devign_10453,C:\Users\weijt\Desktop\UNSW\COMP9900\project\capstone-project-26t2-9900-t17a-almond\outputs\generated\full_budget_search_20260717\devign\runs\perturbed\01_codexglue_devign_10453__xfg_targeted_dead_code__c5,C:\Users\weijt\Desktop\UNSW\COMP9900\project\capstone-project-26t2-9900-t17a-almond\outputs\generated\full_budget_search_20260717\devign\sources\01_codexglue_devign_10453__xfg_targeted_dead_code__c5.c,inserted 5 unreachable no-op block(s) near XFG-relevant target lines,
devign,01_codexglue_devign_10453,C:\Users\weijt\Desktop\UNSW\COMP9900\project\capstone-project-26t2-9900-t17a-almond\input_sources\devign\01_codexglue_devign_10453.c,range_clamp,1,0,skipped,ran,,,,,,,,,,,,,C:\Users\weijt\Desktop\UNSW\COMP9900\project\capstone-project-26t2-9900-t17a-almond\outputs\generated\full_budget_search_20260717\devign\runs\baseline\01_codexglue_devign_10453,,,no sensitive call with a clampable size/count argument found,
devign,01_codexglue_devign_10453,C:\Users\weijt\Desktop\UNSW\COMP9900\project\capstone-project-26t2-9900-t17a-almond\input_sources\devign\01_codexglue_devign_10453.c,safe_source_substitution,1,1,generated,ran,False,0,0,0.07370010763406754,0.00984268356114626,-0.06385742407292128,426,434,8,932,951,19,C:\Users\weijt\Desktop\UNSW\COMP9900\project\capstone-project-26t2-9900-t17a-almond\outputs\generated\full_budget_search_20260717\devign\runs\baseline\01_codexglue_devign_10453,C:\Users\weijt\Desktop\UNSW\COMP9900\project\capstone-project-26t2-9900-t17a-almond\outputs\generated\full_budget_search_20260717\devign\runs\perturbed\01_codexglue_devign_10453__safe_source_substitution__c1,C:\Users\weijt\Desktop\UNSW\COMP9900\project\capstone-project-26t2-9900-t17a-almond\outputs\generated\full_budget_search_20260717\devign\sources\01_codexglue_devign_10453__safe_source_substitution__c1.c,replaced 1 nested pointer source expression(s) with guarded fallback expressions,
devign,01_codexglue_devign_10453,C:\Users\weijt\Desktop\UNSW\COMP9900\project\capstone-project-26t2-9900-t17a-almond\input_sources\devign\01_codexglue_devign_10453.c,safe_source_substitution,2,2,generated,ran,False,0,0,0.07370010763406754,0.005275011993944645,-0.06842509564012289,426,442,16,932,969,37,C:\Users\weijt\Desktop\UNSW\COMP9900\project\capstone-project-26t2-9900-t17a-almond\outputs\generated\full_budget_search_20260717\devign\runs\baseline\01_codexglue_devign_10453,C:\Users\weijt\Desktop\UNSW\COMP9900\project\capstone-project-26t2-9900-t17a-almond\outputs\generated\full_budget_search_20260717\devign\runs\perturbed\01_codexglue_devign_10453__safe_source_substitution__c2,C:\Users\weijt\Desktop\UNSW\COMP9900\project\capstone-project-26t2-9900-t17a-almond\outputs\generated\full_budget_search_20260717\devign\sources\01_codexglue_devign_10453__safe_source_substitution__c2.c,replaced 2 nested pointer source expression(s) with guarded fallback expressions,
devign,01_codexglue_devign_10453,C:\Users\weijt\Desktop\UNSW\COMP9900\project\capstone-project-26t2-9900-t17a-almond\input_sources\devign\01_codexglue_devign_10453.c,safe_source_substitution,3,2,partial,run_partial,False,0,0,0.07370010763406754,0.005275011993944645,-0.06842509564012289,426,442,16,932,969,37,C:\Users\weijt\Desktop\UNSW\COMP9900\project\capstone-project-26t2-9900-t17a-almond\outputs\generated\full_budget_search_20260717\devign\runs\baseline\01_codexglue_devign_10453,C:\Users\weijt\Desktop\UNSW\COMP9900\project\capstone-project-26t2-9900-t17a-almond\outputs\generated\full_budget_search_20260717\devign\runs\perturbed\01_codexglue_devign_10453__safe_source_substitution__c3,C:\Users\weijt\Desktop\UNSW\COMP9900\project\capstone-project-26t2-9900-t17a-almond\outputs\generated\full_budget_search_20260717\devign\sources\01_codexglue_devign_10453__safe_source_substitution__c3.c,replaced 2 nested pointer source expression(s) with guarded fallback expressions,
devign,01_codexglue_devign_10453,C:\Users\weijt\Desktop\UNSW\COMP9900\project\capstone-project-26t2-9900-t17a-almond\input_sources\devign\01_codexglue_devign_10453.c,sink_bound_guard,1,0,skipped,ran,,,,,,,,,,,,,C:\Users\weijt\Desktop\UNSW\COMP9900\project\capstone-project-26t2-9900-t17a-almond\outputs\generated\full_budget_search_20260717\devign\runs\baseline\01_codexglue_devign_10453,,,no sensitive sink call found for bound guard insertion,
devign,01_codexglue_devign_10453,C:\Users\weijt\Desktop\UNSW\COMP9900\project\capstone-project-26t2-9900-t17a-almond\input_sources\devign\01_codexglue_devign_10453.c,postcondition_validation,1,0,skipped,ran,,,,,,,,,,,,,C:\Users\weijt\Desktop\UNSW\COMP9900\project\capstone-project-26t2-9900-t17a-almond\outputs\generated\full_budget_search_20260717\devign\runs\baseline\01_codexglue_devign_10453,,,no matching *_count/*_read pair found for postcondition validation,
devign,01_codexglue_devign_10453,C:\Users\weijt\Desktop\UNSW\COMP9900\project\capstone-project-26t2-9900-t17a-almond\input_sources\devign\01_codexglue_devign_10453.c,integer_overflow_guard,1,0,skipped,ran,,,,,,,,,,,,,C:\Users\weijt\Desktop\UNSW\COMP9900\project\capstone-project-26t2-9900-t17a-almond\outputs\generated\full_budget_search_20260717\devign\runs\baseline\01_codexglue_devign_10453,,,no allocation size addition or multiplication expression found,
devign,01_codexglue_devign_10453,C:\Users\weijt\Desktop\UNSW\COMP9900\project\capstone-project-26t2-9900-t17a-almond\input_sources\devign\01_codexglue_devign_10453.c,array_index_bound_guard,1,0,skipped,ran,,,,,,,,,,,,,C:\Users\weijt\Desktop\UNSW\COMP9900\project\capstone-project-26t2-9900-t17a-almond\outputs\generated\full_budget_search_20260717\devign\runs\baseline\01_codexglue_devign_10453,,,no array write found for index bound guard,
devign,01_codexglue_devign_10453,C:\Users\weijt\Desktop\UNSW\COMP9900\project\capstone-project-26t2-9900-t17a-almond\input_sources\devign\01_codexglue_devign_10453.c,wide_char_sink_guard,1,0,skipped,ran,,,,,,,,,,,,,C:\Users\weijt\Desktop\UNSW\COMP9900\project\capstone-project-26t2-9900-t17a-almond\outputs\generated\full_budget_search_20260717\devign\runs\baseline\01_codexglue_devign_10453,,,no wcscat/wcscpy wide-character sink found,
devign,01_codexglue_devign_10453,C:\Users\weijt\Desktop\UNSW\COMP9900\project\capstone-project-26t2-9900-t17a-almond\input_sources\devign\01_codexglue_devign_10453.c,pattern_dead_code,1,1,generated,ran,False,0,0,0.07370010763406754,0.07370010763406754,0.0,426,481,55,932,1033,101,C:\Users\weijt\Desktop\UNSW\COMP9900\project\capstone-project-26t2-9900-t17a-almond\outputs\generated\full_budget_search_20260717\devign\runs\baseline\01_codexglue_devign_10453,C:\Users\weijt\Desktop\UNSW\COMP9900\project\capstone-project-26t2-9900-t17a-almond\outputs\generated\full_budget_search_20260717\devign\runs\perturbed\01_codexglue_devign_10453__pattern_dead_code__c1,C:\Users\weijt\Desktop\UNSW\COMP9900\project\capstone-project-26t2-9900-t17a-almond\outputs\generated\full_budget_search_20260717\devign\sources\01_codexglue_devign_10453__pattern_dead_code__c1.c,inserted 1 unreachable pointer/array/length pattern block(s) near sensitive or structural lines,
devign,01_codexglue_devign_10453,C:\Users\weijt\Desktop\UNSW\COMP9900\project\capstone-project-26t2-9900-t17a-almond\input_sources\devign\01_codexglue_devign_10453.c,pattern_dead_code,2,2,generated,ran,False,0,0,0.07370010763406754,0.07370010763406754,0.0,426,536,110,932,1134,202,C:\Users\weijt\Desktop\UNSW\COMP9900\project\capstone-project-26t2-9900-t17a-almond\outputs\generated\full_budget_search_20260717\devign\runs\baseline\01_codexglue_devign_10453,C:\Users\weijt\Desktop\UNSW\COMP9900\project\capstone-project-26t2-9900-t17a-almond\outputs\generated\full_budget_search_20260717\devign\runs\perturbed\01_codexglue_devign_10453__pattern_dead_code__c2,C:\Users\weijt\Desktop\UNSW\COMP9900\project\capstone-project-26t2-9900-t17a-almond\outputs\generated\full_budget_search_20260717\devign\sources\01_codexglue_devign_10453__pattern_dead_code__c2.c,inserted 2 unreachable pointer/array/length pattern block(s) near sensitive or structural lines,
devign,01_codexglue_devign_10453,C:\Users\weijt\Desktop\UNSW\COMP9900\project\capstone-project-26t2-9900-t17a-almond\input_sources\devign\01_codexglue_devign_10453.c,pattern_dead_code,3,3,generated,ran,False,0,0,0.07370010763406754,0.07370010763406754,0.0,426,591,165,932,1235,303,C:\Users\weijt\Desktop\UNSW\COMP9900\project\capstone-project-26t2-9900-t17a-almond\outputs\generated\full_budget_search_20260717\devign\runs\baseline\01_codexglue_devign_10453,C:\Users\weijt\Desktop\UNSW\COMP9900\project\capstone-project-26t2-9900-t17a-almond\outputs\generated\full_budget_search_20260717\devign\runs\perturbed\01_codexglue_devign_10453__pattern_dead_code__c3,C:\Users\weijt\Desktop\UNSW\COMP9900\project\capstone-project-26t2-9900-t17a-almond\outputs\generated\full_budget_search_20260717\devign\sources\01_codexglue_devign_10453__pattern_dead_code__c3.c,inserted 3 unreachable pointer/array/length pattern block(s) near sensitive or structural lines,
devign,01_codexglue_devign_10453,C:\Users\weijt\Desktop\UNSW\COMP9900\project\capstone-project-26t2-9900-t17a-almond\input_sources\devign\01_codexglue_devign_10453.c,pattern_dead_code,5,5,generated,ran,False,0,0,0.07370010763406754,0.014869773760437965,-0.05883033387362957,426,701,275,932,1437,505,C:\Users\weijt\Desktop\UNSW\COMP9900\project\capstone-project-26t2-9900-t17a-almond\outputs\generated\full_budget_search_20260717\devign\runs\baseline\01_codexglue_devign_10453,C:\Users\weijt\Desktop\UNSW\COMP9900\project\capstone-project-26t2-9900-t17a-almond\outputs\generated\full_budget_search_20260717\devign\runs\perturbed\01_codexglue_devign_10453__pattern_dead_code__c5,C:\Users\weijt\Desktop\UNSW\COMP9900\project\capstone-project-26t2-9900-t17a-almond\outputs\generated\full_budget_search_20260717\devign\sources\01_codexglue_devign_10453__pattern_dead_code__c5.c,inserted 5 unreachable pointer/array/length pattern block(s) near sensitive or structural lines,
devign,01_codexglue_devign_10453,C:\Users\weijt\Desktop\UNSW\COMP9900\project\capstone-project-26t2-9900-t17a-almond\input_sources\devign\01_codexglue_devign_10453.c,control_wrapper,1,1,generated,ran,False,0,0,0.07370010763406754,0.012495995499193668,-0.06120411213487387,426,430,4,932,943,11,C:\Users\weijt\Desktop\UNSW\COMP9900\project\capstone-project-26t2-9900-t17a-almond\outputs\generated\full_budget_search_20260717\devign\runs\baseline\01_codexglue_devign_10453,C:\Users\weijt\Desktop\UNSW\COMP9900\project\capstone-project-26t2-9900-t17a-almond\outputs\generated\full_budget_search_20260717\devign\runs\perturbed\01_codexglue_devign_10453__control_wrapper__c1,C:\Users\weijt\Desktop\UNSW\COMP9900\project\capstone-project-26t2-9900-t17a-almond\outputs\generated\full_budget_search_20260717\devign\sources\01_codexglue_devign_10453__control_wrapper__c1.c,wrapped 1 safe single-line statement(s) with if (1) blocks,
devign,01_codexglue_devign_10453,C:\Users\weijt\Desktop\UNSW\COMP9900\project\capstone-project-26t2-9900-t17a-almond\input_sources\devign\01_codexglue_devign_10453.c,control_wrapper,2,2,generated,ran,False,0,0,0.07370010763406754,0.03135426342487335,-0.04234584420919418,426,434,8,932,959,27,C:\Users\weijt\Desktop\UNSW\COMP9900\project\capstone-project-26t2-9900-t17a-almond\outputs\generated\full_budget_search_20260717\devign\runs\baseline\01_codexglue_devign_10453,C:\Users\weijt\Desktop\UNSW\COMP9900\project\capstone-project-26t2-9900-t17a-almond\outputs\generated\full_budget_search_20260717\devign\runs\perturbed\01_codexglue_devign_10453__control_wrapper__c2,C:\Users\weijt\Desktop\UNSW\COMP9900\project\capstone-project-26t2-9900-t17a-almond\outputs\generated\full_budget_search_20260717\devign\sources\01_codexglue_devign_10453__control_wrapper__c2.c,wrapped 2 safe single-line statement(s) with if (1) blocks,
devign,01_codexglue_devign_10453,C:\Users\weijt\Desktop\UNSW\COMP9900\project\capstone-project-26t2-9900-t17a-almond\input_sources\devign\01_codexglue_devign_10453.c,control_wrapper,3,3,generated,ran,False,0,0,0.07370010763406754,0.03734874352812767,-0.036351364105939865,426,438,12,932,968,36,C:\Users\weijt\Desktop\UNSW\COMP9900\project\capstone-project-26t2-9900-t17a-almond\outputs\generated\full_budget_search_20260717\devign\runs\baseline\01_codexglue_devign_10453,C:\Users\weijt\Desktop\UNSW\COMP9900\project\capstone-project-26t2-9900-t17a-almond\outputs\generated\full_budget_search_20260717\devign\runs\perturbed\01_codexglue_devign_10453__control_wrapper__c3,C:\Users\weijt\Desktop\UNSW\COMP9900\project\capstone-project-26t2-9900-t17a-almond\outputs\generated\full_budget_search_20260717\devign\sources\01_codexglue_devign_10453__control_wrapper__c3.c,wrapped 3 safe single-line statement(s) with if (1) blocks,
devign,01_codexglue_devign_10453,C:\Users\weijt\Desktop\UNSW\COMP9900\project\capstone-project-26t2-9900-t17a-almond\input_sources\devign\01_codexglue_devign_10453.c,control_wrapper,5,5,generated,ran,False,0,0,0.07370010763406754,0.046546608209609985,-0.02715349942445755,426,446,20,932,993,61,C:\Users\weijt\Desktop\UNSW\COMP9900\project\capstone-project-26t2-9900-t17a-almond\outputs\generated\full_budget_search_20260717\devign\runs\baseline\01_codexglue_devign_10453,C:\Users\weijt\Desktop\UNSW\COMP9900\project\capstone-project-26t2-9900-t17a-almond\outputs\generated\full_budget_search_20260717\devign\runs\perturbed\01_codexglue_devign_10453__control_wrapper__c5,C:\Users\weijt\Desktop\UNSW\COMP9900\project\capstone-project-26t2-9900-t17a-almond\outputs\generated\full_budget_search_20260717\devign\sources\01_codexglue_devign_10453__control_wrapper__c5.c,wrapped 5 safe single-line statement(s) with if (1) blocks,
devign,01_codexglue_devign_10453,C:\Users\weijt\Desktop\UNSW\COMP9900\project\capstone-project-26t2-9900-t17a-almond\input_sources\devign\01_codexglue_devign_10453.c,temp_variable_split,1,1,generated,ran,False,0,0,0.07370010763406754,0.002681820886209607,-0.07101828674785793,426,434,8,932,949,17,C:\Users\weijt\Desktop\UNSW\COMP9900\project\capstone-project-26t2-9900-t17a-almond\outputs\generated\full_budget_search_20260717\devign\runs\baseline\01_codexglue_devign_10453,C:\Users\weijt\Desktop\UNSW\COMP9900\project\capstone-project-26t2-9900-t17a-almond\outputs\generated\full_budget_search_20260717\devign\runs\perturbed\01_codexglue_devign_10453__temp_variable_split__c1,C:\Users\weijt\Desktop\UNSW\COMP9900\project\capstone-project-26t2-9900-t17a-almond\outputs\generated\full_budget_search_20260717\devign\sources\01_codexglue_devign_10453__temp_variable_split__c1.c,split 1 simple assignment(s) through temporary integer variables,
devign,01_codexglue_devign_10453,C:\Users\weijt\Desktop\UNSW\COMP9900\project\capstone-project-26t2-9900-t17a-almond\input_sources\devign\01_codexglue_devign_10453.c,temp_variable_split,2,1,partial,run_partial,False,0,0,0.07370010763406754,0.002681820886209607,-0.07101828674785793,426,434,8,932,949,17,C:\Users\weijt\Desktop\UNSW\COMP9900\project\capstone-project-26t2-9900-t17a-almond\outputs\generated\full_budget_search_20260717\devign\runs\baseline\01_codexglue_devign_10453,C:\Users\weijt\Desktop\UNSW\COMP9900\project\capstone-project-26t2-9900-t17a-almond\outputs\generated\full_budget_search_20260717\devign\runs\perturbed\01_codexglue_devign_10453__temp_variable_split__c2,C:\Users\weijt\Desktop\UNSW\COMP9900\project\capstone-project-26t2-9900-t17a-almond\outputs\generated\full_budget_search_20260717\devign\sources\01_codexglue_devign_10453__temp_variable_split__c2.c,split 1 simple assignment(s) through temporary integer variables,
devign,02_codexglue_devign_15133,C:\Users\weijt\Desktop\UNSW\COMP9900\project\capstone-project-26t2-9900-t17a-almond\input_sources\devign\02_codexglue_devign_15133.c,data_flow_alias,1,1,generated,ran,False,0,0,9.413681712603142e-16,1.1862831951568037e-13,1.1768695134442006e-13,192,212,20,490,529,39,C:\Users\weijt\Desktop\UNSW\COMP9900\project\capstone-project-26t2-9900-t17a-almond\outputs\generated\full_budget_search_20260717\devign\runs\baseline\02_codexglue_devign_15133,C:\Users\weijt\Desktop\UNSW\COMP9900\project\capstone-project-26t2-9900-t17a-almond\outputs\generated\full_budget_search_20260717\devign\runs\perturbed\02_codexglue_devign_15133__data_flow_alias__c1,C:\Users\weijt\Desktop\UNSW\COMP9900\project\capstone-project-26t2-9900-t17a-almond\outputs\generated\full_budget_search_20260717\devign\sources\02_codexglue_devign_15133__data_flow_alias__c1.c,inserted 1 alias-preserving data-flow no-op(s) near call arguments,
devign,02_codexglue_devign_15133,C:\Users\weijt\Desktop\UNSW\COMP9900\project\capstone-project-26t2-9900-t17a-almond\input_sources\devign\02_codexglue_devign_15133.c,data_flow_alias,2,2,generated,ran,False,0,0,9.413681712603142e-16,1.5676362430383506e-09,1.5676353016701793e-09,192,232,40,490,568,78,C:\Users\weijt\Desktop\UNSW\COMP9900\project\capstone-project-26t2-9900-t17a-almond\outputs\generated\full_budget_search_20260717\devign\runs\baseline\02_codexglue_devign_15133,C:\Users\weijt\Desktop\UNSW\COMP9900\project\capstone-project-26t2-9900-t17a-almond\outputs\generated\full_budget_search_20260717\devign\runs\perturbed\02_codexglue_devign_15133__data_flow_alias__c2,C:\Users\weijt\Desktop\UNSW\COMP9900\project\capstone-project-26t2-9900-t17a-almond\outputs\generated\full_budget_search_20260717\devign\sources\02_codexglue_devign_15133__data_flow_alias__c2.c,inserted 2 alias-preserving data-flow no-op(s) near call arguments,
devign,02_codexglue_devign_15133,C:\Users\weijt\Desktop\UNSW\COMP9900\project\capstone-project-26t2-9900-t17a-almond\input_sources\devign\02_codexglue_devign_15133.c,data_flow_alias,3,2,partial,run_partial,False,0,0,9.413681712603142e-16,1.5676362430383506e-09,1.5676353016701793e-09,192,232,40,490,568,78,C:\Users\weijt\Desktop\UNSW\COMP9900\project\capstone-project-26t2-9900-t17a-almond\outputs\generated\full_budget_search_20260717\devign\runs\baseline\02_codexglue_devign_15133,C:\Users\weijt\Desktop\UNSW\COMP9900\project\capstone-project-26t2-9900-t17a-almond\outputs\generated\full_budget_search_20260717\devign\runs\perturbed\02_codexglue_devign_15133__data_flow_alias__c3,C:\Users\weijt\Desktop\UNSW\COMP9900\project\capstone-project-26t2-9900-t17a-almond\outputs\generated\full_budget_search_20260717\devign\sources\02_codexglue_devign_15133__data_flow_alias__c3.c,inserted 2 alias-preserving data-flow no-op(s) near call arguments,
devign,02_codexglue_devign_15133,C:\Users\weijt\Desktop\UNSW\COMP9900\project\capstone-project-26t2-9900-t17a-almond\input_sources\devign\02_codexglue_devign_15133.c,dead_statement,1,1,generated,ran,False,0,0,9.413681712603142e-16,9.413681712603142e-16,0.0,192,204,12,490,517,27,C:\Users\weijt\Desktop\UNSW\COMP9900\project\capstone-project-26t2-9900-t17a-almond\outputs\generated\full_budget_search_20260717\devign\runs\baseline\02_codexglue_devign_15133,C:\Users\weijt\Desktop\UNSW\COMP9900\project\capstone-project-26t2-9900-t17a-almond\outputs\generated\full_budget_search_20260717\devign\runs\perturbed\02_codexglue_devign_15133__dead_statement__c1,C:\Users\weijt\Desktop\UNSW\COMP9900\project\capstone-project-26t2-9900-t17a-almond\outputs\generated\full_budget_search_20260717\devign\sources\02_codexglue_devign_15133__dead_statement__c1.c,inserted 1 harmless dummy integer statement pair(s) after first function brace,
devign,02_codexglue_devign_15133,C:\Users\weijt\Desktop\UNSW\COMP9900\project\capstone-project-26t2-9900-t17a-almond\input_sources\devign\02_codexglue_devign_15133.c,dead_statement,2,2,generated,ran,False,0,0,9.413681712603142e-16,4.4101393815044326e-14,4.316002564378401e-14,192,216,24,490,544,54,C:\Users\weijt\Desktop\UNSW\COMP9900\project\capstone-project-26t2-9900-t17a-almond\outputs\generated\full_budget_search_20260717\devign\runs\baseline\02_codexglue_devign_15133,C:\Users\weijt\Desktop\UNSW\COMP9900\project\capstone-project-26t2-9900-t17a-almond\outputs\generated\full_budget_search_20260717\devign\runs\perturbed\02_codexglue_devign_15133__dead_statement__c2,C:\Users\weijt\Desktop\UNSW\COMP9900\project\capstone-project-26t2-9900-t17a-almond\outputs\generated\full_budget_search_20260717\devign\sources\02_codexglue_devign_15133__dead_statement__c2.c,inserted 2 harmless dummy integer statement pair(s) after first function brace,
devign,02_codexglue_devign_15133,C:\Users\weijt\Desktop\UNSW\COMP9900\project\capstone-project-26t2-9900-t17a-almond\input_sources\devign\02_codexglue_devign_15133.c,dead_statement,3,3,generated,ran,False,0,0,9.413681712603142e-16,3.8096174164500146e-14,3.715480599323983e-14,192,228,36,490,571,81,C:\Users\weijt\Desktop\UNSW\COMP9900\project\capstone-project-26t2-9900-t17a-almond\outputs\generated\full_budget_search_20260717\devign\runs\baseline\02_codexglue_devign_15133,C:\Users\weijt\Desktop\UNSW\COMP9900\project\capstone-project-26t2-9900-t17a-almond\outputs\generated\full_budget_search_20260717\devign\runs\perturbed\02_codexglue_devign_15133__dead_statement__c3,C:\Users\weijt\Desktop\UNSW\COMP9900\project\capstone-project-26t2-9900-t17a-almond\outputs\generated\full_budget_search_20260717\devign\sources\02_codexglue_devign_15133__dead_statement__c3.c,inserted 3 harmless dummy integer statement pair(s) after first function brace,
devign,02_codexglue_devign_15133,C:\Users\weijt\Desktop\UNSW\COMP9900\project\capstone-project-26t2-9900-t17a-almond\input_sources\devign\02_codexglue_devign_15133.c,dead_statement,5,5,generated,ran,False,0,0,9.413681712603142e-16,5.463169386278263e-14,5.369032569152232e-14,192,252,60,490,625,135,C:\Users\weijt\Desktop\UNSW\COMP9900\project\capstone-project-26t2-9900-t17a-almond\outputs\generated\full_budget_search_20260717\devign\runs\baseline\02_codexglue_devign_15133,C:\Users\weijt\Desktop\UNSW\COMP9900\project\capstone-project-26t2-9900-t17a-almond\outputs\generated\full_budget_search_20260717\devign\runs\perturbed\02_codexglue_devign_15133__dead_statement__c5,C:\Users\weijt\Desktop\UNSW\COMP9900\project\capstone-project-26t2-9900-t17a-almond\outputs\generated\full_budget_search_20260717\devign\sources\02_codexglue_devign_15133__dead_statement__c5.c,inserted 5 harmless dummy integer statement pair(s) after first function brace,
devign,02_codexglue_devign_15133,C:\Users\weijt\Desktop\UNSW\COMP9900\project\capstone-project-26t2-9900-t17a-almond\input_sources\devign\02_codexglue_devign_15133.c,xfg_targeted_dead_code,1,1,generated,ran,False,0,0,9.413681712603142e-16,4.4101393815044326e-14,4.316002564378401e-14,192,208,16,490,526,36,C:\Users\weijt\Desktop\UNSW\COMP9900\project\capstone-project-26t2-9900-t17a-almond\outputs\generated\full_budget_search_20260717\devign\runs\baseline\02_codexglue_devign_15133,C:\Users\weijt\Desktop\UNSW\COMP9900\project\capstone-project-26t2-9900-t17a-almond\outputs\generated\full_budget_search_20260717\devign\runs\perturbed\02_codexglue_devign_15133__xfg_targeted_dead_code__c1,C:\Users\weijt\Desktop\UNSW\COMP9900\project\capstone-project-26t2-9900-t17a-almond\outputs\generated\full_budget_search_20260717\devign\sources\02_codexglue_devign_15133__xfg_targeted_dead_code__c1.c,inserted 1 unreachable no-op block(s) near XFG-relevant target lines,
devign,02_codexglue_devign_15133,C:\Users\weijt\Desktop\UNSW\COMP9900\project\capstone-project-26t2-9900-t17a-almond\input_sources\devign\02_codexglue_devign_15133.c,xfg_targeted_dead_code,2,2,generated,ran,False,0,0,9.413681712603142e-16,5.463169386278263e-14,5.369032569152232e-14,192,224,32,490,562,72,C:\Users\weijt\Desktop\UNSW\COMP9900\project\capstone-project-26t2-9900-t17a-almond\outputs\generated\full_budget_search_20260717\devign\runs\baseline\02_codexglue_devign_15133,C:\Users\weijt\Desktop\UNSW\COMP9900\project\capstone-project-26t2-9900-t17a-almond\outputs\generated\full_budget_search_20260717\devign\runs\perturbed\02_codexglue_devign_15133__xfg_targeted_dead_code__c2,C:\Users\weijt\Desktop\UNSW\COMP9900\project\capstone-project-26t2-9900-t17a-almond\outputs\generated\full_budget_search_20260717\devign\sources\02_codexglue_devign_15133__xfg_targeted_dead_code__c2.c,inserted 2 unreachable no-op block(s) near XFG-relevant target lines,
devign,02_codexglue_devign_15133,C:\Users\weijt\Desktop\UNSW\COMP9900\project\capstone-project-26t2-9900-t17a-almond\input_sources\devign\02_codexglue_devign_15133.c,xfg_targeted_dead_code,3,2,partial,run_partial,False,0,0,9.413681712603142e-16,5.463169386278263e-14,5.369032569152232e-14,192,224,32,490,562,72,C:\Users\weijt\Desktop\UNSW\COMP9900\project\capstone-project-26t2-9900-t17a-almond\outputs\generated\full_budget_search_20260717\devign\runs\baseline\02_codexglue_devign_15133,C:\Users\weijt\Desktop\UNSW\COMP9900\project\capstone-project-26t2-9900-t17a-almond\outputs\generated\full_budget_search_20260717\devign\runs\perturbed\02_codexglue_devign_15133__xfg_targeted_dead_code__c3,C:\Users\weijt\Desktop\UNSW\COMP9900\project\capstone-project-26t2-9900-t17a-almond\outputs\generated\full_budget_search_20260717\devign\sources\02_codexglue_devign_15133__xfg_targeted_dead_code__c3.c,inserted 2 unreachable no-op block(s) near XFG-relevant target lines,
devign,02_codexglue_devign_15133,C:\Users\weijt\Desktop\UNSW\COMP9900\project\capstone-project-26t2-9900-t17a-almond\input_sources\devign\02_codexglue_devign_15133.c,range_clamp,1,0,skipped,ran,,,,,,,,,,,,,C:\Users\weijt\Desktop\UNSW\COMP9900\project\capstone-project-26t2-9900-t17a-almond\outputs\generated\full_budget_search_20260717\devign\runs\baseline\02_codexglue_devign_15133,,,no sensitive call with a clampable size/count argument found,
devign,02_codexglue_devign_15133,C:\Users\weijt\Desktop\UNSW\COMP9900\project\capstone-project-26t2-9900-t17a-almond\input_sources\devign\02_codexglue_devign_15133.c,safe_source_substitution,1,0,skipped,ran,,,,,,,,,,,,,C:\Users\weijt\Desktop\UNSW\COMP9900\project\capstone-project-26t2-9900-t17a-almond\outputs\generated\full_budget_search_20260717\devign\runs\baseline\02_codexglue_devign_15133,,,no nested pointer dereference source found,
devign,02_codexglue_devign_15133,C:\Users\weijt\Desktop\UNSW\COMP9900\project\capstone-project-26t2-9900-t17a-almond\input_sources\devign\02_codexglue_devign_15133.c,sink_bound_guard,1,0,skipped,ran,,,,,,,,,,,,,C:\Users\weijt\Desktop\UNSW\COMP9900\project\capstone-project-26t2-9900-t17a-almond\outputs\generated\full_budget_search_20260717\devign\runs\baseline\02_codexglue_devign_15133,,,no sensitive sink call found for bound guard insertion,
devign,02_codexglue_devign_15133,C:\Users\weijt\Desktop\UNSW\COMP9900\project\capstone-project-26t2-9900-t17a-almond\input_sources\devign\02_codexglue_devign_15133.c,postcondition_validation,1,0,skipped,ran,,,,,,,,,,,,,C:\Users\weijt\Desktop\UNSW\COMP9900\project\capstone-project-26t2-9900-t17a-almond\outputs\generated\full_budget_search_20260717\devign\runs\baseline\02_codexglue_devign_15133,,,no matching *_count/*_read pair found for postcondition validation,
devign,02_codexglue_devign_15133,C:\Users\weijt\Desktop\UNSW\COMP9900\project\capstone-project-26t2-9900-t17a-almond\input_sources\devign\02_codexglue_devign_15133.c,integer_overflow_guard,1,0,skipped,ran,,,,,,,,,,,,,C:\Users\weijt\Desktop\UNSW\COMP9900\project\capstone-project-26t2-9900-t17a-almond\outputs\generated\full_budget_search_20260717\devign\runs\baseline\02_codexglue_devign_15133,,,no allocation size addition or multiplication expression found,
devign,02_codexglue_devign_15133,C:\Users\weijt\Desktop\UNSW\COMP9900\project\capstone-project-26t2-9900-t17a-almond\input_sources\devign\02_codexglue_devign_15133.c,array_index_bound_guard,1,0,skipped,ran,,,,,,,,,,,,,C:\Users\weijt\Desktop\UNSW\COMP9900\project\capstone-project-26t2-9900-t17a-almond\outputs\generated\full_budget_search_20260717\devign\runs\baseline\02_codexglue_devign_15133,,,no array write found for index bound guard,
devign,02_codexglue_devign_15133,C:\Users\weijt\Desktop\UNSW\COMP9900\project\capstone-project-26t2-9900-t17a-almond\input_sources\devign\02_codexglue_devign_15133.c,wide_char_sink_guard,1,0,skipped,ran,,,,,,,,,,,,,C:\Users\weijt\Desktop\UNSW\COMP9900\project\capstone-project-26t2-9900-t17a-almond\outputs\generated\full_budget_search_20260717\devign\runs\baseline\02_codexglue_devign_15133,,,no wcscat/wcscpy wide-character sink found,
devign,02_codexglue_devign_15133,C:\Users\weijt\Desktop\UNSW\COMP9900\project\capstone-project-26t2-9900-t17a-almond\input_sources\devign\02_codexglue_devign_15133.c,pattern_dead_code,1,1,generated,ran,False,0,0,9.413681712603142e-16,4.00067656300962e-05,4.000676562915483e-05,192,247,55,490,591,101,C:\Users\weijt\Desktop\UNSW\COMP9900\project\capstone-project-26t2-9900-t17a-almond\outputs\generated\full_budget_search_20260717\devign\runs\baseline\02_codexglue_devign_15133,C:\Users\weijt\Desktop\UNSW\COMP9900\project\capstone-project-26t2-9900-t17a-almond\outputs\generated\full_budget_search_20260717\devign\runs\perturbed\02_codexglue_devign_15133__pattern_dead_code__c1,C:\Users\weijt\Desktop\UNSW\COMP9900\project\capstone-project-26t2-9900-t17a-almond\outputs\generated\full_budget_search_20260717\devign\sources\02_codexglue_devign_15133__pattern_dead_code__c1.c,inserted 1 unreachable pointer/array/length pattern block(s) near sensitive or structural lines,
devign,02_codexglue_devign_15133,C:\Users\weijt\Desktop\UNSW\COMP9900\project\capstone-project-26t2-9900-t17a-almond\input_sources\devign\02_codexglue_devign_15133.c,pattern_dead_code,2,2,generated,ran,False,0,0,9.413681712603142e-16,4.00067656300962e-05,4.000676562915483e-05,192,302,110,490,692,202,C:\Users\weijt\Desktop\UNSW\COMP9900\project\capstone-project-26t2-9900-t17a-almond\outputs\generated\full_budget_search_20260717\devign\runs\baseline\02_codexglue_devign_15133,C:\Users\weijt\Desktop\UNSW\COMP9900\project\capstone-project-26t2-9900-t17a-almond\outputs\generated\full_budget_search_20260717\devign\runs\perturbed\02_codexglue_devign_15133__pattern_dead_code__c2,C:\Users\weijt\Desktop\UNSW\COMP9900\project\capstone-project-26t2-9900-t17a-almond\outputs\generated\full_budget_search_20260717\devign\sources\02_codexglue_devign_15133__pattern_dead_code__c2.c,inserted 2 unreachable pointer/array/length pattern block(s) near sensitive or structural lines,
devign,02_codexglue_devign_15133,C:\Users\weijt\Desktop\UNSW\COMP9900\project\capstone-project-26t2-9900-t17a-almond\input_sources\devign\02_codexglue_devign_15133.c,pattern_dead_code,3,2,partial,run_partial,False,0,0,9.413681712603142e-16,4.00067656300962e-05,4.000676562915483e-05,192,302,110,490,692,202,C:\Users\weijt\Desktop\UNSW\COMP9900\project\capstone-project-26t2-9900-t17a-almond\outputs\generated\full_budget_search_20260717\devign\runs\baseline\02_codexglue_devign_15133,C:\Users\weijt\Desktop\UNSW\COMP9900\project\capstone-project-26t2-9900-t17a-almond\outputs\generated\full_budget_search_20260717\devign\runs\perturbed\02_codexglue_devign_15133__pattern_dead_code__c3,C:\Users\weijt\Desktop\UNSW\COMP9900\project\capstone-project-26t2-9900-t17a-almond\outputs\generated\full_budget_search_20260717\devign\sources\02_codexglue_devign_15133__pattern_dead_code__c3.c,inserted 2 unreachable pointer/array/length pattern block(s) near sensitive or structural lines,
devign,02_codexglue_devign_15133,C:\Users\weijt\Desktop\UNSW\COMP9900\project\capstone-project-26t2-9900-t17a-almond\input_sources\devign\02_codexglue_devign_15133.c,control_wrapper,1,1,generated,ran,False,0,0,9.413681712603142e-16,2.746799734212424e-16,-6.666881978390719e-16,192,196,4,490,500,10,C:\Users\weijt\Desktop\UNSW\COMP9900\project\capstone-project-26t2-9900-t17a-almond\outputs\generated\full_budget_search_20260717\devign\runs\baseline\02_codexglue_devign_15133,C:\Users\weijt\Desktop\UNSW\COMP9900\project\capstone-project-26t2-9900-t17a-almond\outputs\generated\full_budget_search_20260717\devign\runs\perturbed\02_codexglue_devign_15133__control_wrapper__c1,C:\Users\weijt\Desktop\UNSW\COMP9900\project\capstone-project-26t2-9900-t17a-almond\outputs\generated\full_budget_search_20260717\devign\sources\02_codexglue_devign_15133__control_wrapper__c1.c,wrapped 1 safe single-line statement(s) with if (1) blocks,
devign,02_codexglue_devign_15133,C:\Users\weijt\Desktop\UNSW\COMP9900\project\capstone-project-26t2-9900-t17a-almond\input_sources\devign\02_codexglue_devign_15133.c,control_wrapper,2,2,generated,ran,False,0,0,9.413681712603142e-16,6.015131426805043e-13,6.00571774509244e-13,192,200,8,490,513,23,C:\Users\weijt\Desktop\UNSW\COMP9900\project\capstone-project-26t2-9900-t17a-almond\outputs\generated\full_budget_search_20260717\devign\runs\baseline\02_codexglue_devign_15133,C:\Users\weijt\Desktop\UNSW\COMP9900\project\capstone-project-26t2-9900-t17a-almond\outputs\generated\full_budget_search_20260717\devign\runs\perturbed\02_codexglue_devign_15133__control_wrapper__c2,C:\Users\weijt\Desktop\UNSW\COMP9900\project\capstone-project-26t2-9900-t17a-almond\outputs\generated\full_budget_search_20260717\devign\sources\02_codexglue_devign_15133__control_wrapper__c2.c,wrapped 2 safe single-line statement(s) with if (1) blocks,
devign,02_codexglue_devign_15133,C:\Users\weijt\Desktop\UNSW\COMP9900\project\capstone-project-26t2-9900-t17a-almond\input_sources\devign\02_codexglue_devign_15133.c,control_wrapper,3,3,generated,ran,False,0,0,9.413681712603142e-16,6.015131426805043e-13,6.00571774509244e-13,192,204,12,490,522,32,C:\Users\weijt\Desktop\UNSW\COMP9900\project\capstone-project-26t2-9900-t17a-almond\outputs\generated\full_budget_search_20260717\devign\runs\baseline\02_codexglue_devign_15133,C:\Users\weijt\Desktop\UNSW\COMP9900\project\capstone-project-26t2-9900-t17a-almond\outputs\generated\full_budget_search_20260717\devign\runs\perturbed\02_codexglue_devign_15133__control_wrapper__c3,C:\Users\weijt\Desktop\UNSW\COMP9900\project\capstone-project-26t2-9900-t17a-almond\outputs\generated\full_budget_search_20260717\devign\sources\02_codexglue_devign_15133__control_wrapper__c3.c,wrapped 3 safe single-line statement(s) with if (1) blocks,
devign,02_codexglue_devign_15133,C:\Users\weijt\Desktop\UNSW\COMP9900\project\capstone-project-26t2-9900-t17a-almond\input_sources\devign\02_codexglue_devign_15133.c,control_wrapper,5,3,partial,run_partial,False,0,0,9.413681712603142e-16,6.015131426805043e-13,6.00571774509244e-13,192,204,12,490,522,32,C:\Users\weijt\Desktop\UNSW\COMP9900\project\capstone-project-26t2-9900-t17a-almond\outputs\generated\full_budget_search_20260717\devign\runs\baseline\02_codexglue_devign_15133,C:\Users\weijt\Desktop\UNSW\COMP9900\project\capstone-project-26t2-9900-t17a-almond\outputs\generated\full_budget_search_20260717\devign\runs\perturbed\02_codexglue_devign_15133__control_wrapper__c5,C:\Users\weijt\Desktop\UNSW\COMP9900\project\capstone-project-26t2-9900-t17a-almond\outputs\generated\full_budget_search_20260717\devign\sources\02_codexglue_devign_15133__control_wrapper__c5.c,wrapped 3 safe single-line statement(s) with if (1) blocks,
devign,02_codexglue_devign_15133,C:\Users\weijt\Desktop\UNSW\COMP9900\project\capstone-project-26t2-9900-t17a-almond\input_sources\devign\02_codexglue_devign_15133.c,temp_variable_split,1,0,skipped,ran,,,,,,,,,,,,,C:\Users\weijt\Desktop\UNSW\COMP9900\project\capstone-project-26t2-9900-t17a-almond\outputs\generated\full_budget_search_20260717\devign\runs\baseline\02_codexglue_devign_15133,,,no simple integer-like assignment candidate found,
devign,03_codexglue_devign_14215,C:\Users\weijt\Desktop\UNSW\COMP9900\project\capstone-project-26t2-9900-t17a-almond\input_sources\devign\03_codexglue_devign_14215.c,data_flow_alias,1,1,generated,ran,False,0,0,0.0,0.000515950785484165,0.000515950785484165,113,133,20,215,253,38,C:\Users\weijt\Desktop\UNSW\COMP9900\project\capstone-project-26t2-9900-t17a-almond\outputs\generated\full_budget_search_20260717\devign\runs\baseline\03_codexglue_devign_14215,C:\Users\weijt\Desktop\UNSW\COMP9900\project\capstone-project-26t2-9900-t17a-almond\outputs\generated\full_budget_search_20260717\devign\runs\perturbed\03_codexglue_devign_14215__data_flow_alias__c1,C:\Users\weijt\Desktop\UNSW\COMP9900\project\capstone-project-26t2-9900-t17a-almond\outputs\generated\full_budget_search_20260717\devign\sources\03_codexglue_devign_14215__data_flow_alias__c1.c,inserted 1 alias-preserving data-flow no-op(s) near call arguments,
devign,03_codexglue_devign_14215,C:\Users\weijt\Desktop\UNSW\COMP9900\project\capstone-project-26t2-9900-t17a-almond\input_sources\devign\03_codexglue_devign_14215.c,data_flow_alias,2,2,generated,ran,False,0,0,0.0,0.0005286703235469759,0.0005286703235469759,113,153,40,215,291,76,C:\Users\weijt\Desktop\UNSW\COMP9900\project\capstone-project-26t2-9900-t17a-almond\outputs\generated\full_budget_search_20260717\devign\runs\baseline\03_codexglue_devign_14215,C:\Users\weijt\Desktop\UNSW\COMP9900\project\capstone-project-26t2-9900-t17a-almond\outputs\generated\full_budget_search_20260717\devign\runs\perturbed\03_codexglue_devign_14215__data_flow_alias__c2,C:\Users\weijt\Desktop\UNSW\COMP9900\project\capstone-project-26t2-9900-t17a-almond\outputs\generated\full_budget_search_20260717\devign\sources\03_codexglue_devign_14215__data_flow_alias__c2.c,inserted 2 alias-preserving data-flow no-op(s) near call arguments,
devign,03_codexglue_devign_14215,C:\Users\weijt\Desktop\UNSW\COMP9900\project\capstone-project-26t2-9900-t17a-almond\input_sources\devign\03_codexglue_devign_14215.c,data_flow_alias,3,3,generated,ran,False,0,0,0.0,0.0005286703235469759,0.0005286703235469759,113,173,60,215,329,114,C:\Users\weijt\Desktop\UNSW\COMP9900\project\capstone-project-26t2-9900-t17a-almond\outputs\generated\full_budget_search_20260717\devign\runs\baseline\03_codexglue_devign_14215,C:\Users\weijt\Desktop\UNSW\COMP9900\project\capstone-project-26t2-9900-t17a-almond\outputs\generated\full_budget_search_20260717\devign\runs\perturbed\03_codexglue_devign_14215__data_flow_alias__c3,C:\Users\weijt\Desktop\UNSW\COMP9900\project\capstone-project-26t2-9900-t17a-almond\outputs\generated\full_budget_search_20260717\devign\sources\03_codexglue_devign_14215__data_flow_alias__c3.c,inserted 3 alias-preserving data-flow no-op(s) near call arguments,
devign,03_codexglue_devign_14215,C:\Users\weijt\Desktop\UNSW\COMP9900\project\capstone-project-26t2-9900-t17a-almond\input_sources\devign\03_codexglue_devign_14215.c,data_flow_alias,5,5,generated,ran,False,0,0,0.0,0.0026464839465916157,0.0026464839465916157,113,213,100,215,405,190,C:\Users\weijt\Desktop\UNSW\COMP9900\project\capstone-project-26t2-9900-t17a-almond\outputs\generated\full_budget_search_20260717\devign\runs\baseline\03_codexglue_devign_14215,C:\Users\weijt\Desktop\UNSW\COMP9900\project\capstone-project-26t2-9900-t17a-almond\outputs\generated\full_budget_search_20260717\devign\runs\perturbed\03_codexglue_devign_14215__data_flow_alias__c5,C:\Users\weijt\Desktop\UNSW\COMP9900\project\capstone-project-26t2-9900-t17a-almond\outputs\generated\full_budget_search_20260717\devign\sources\03_codexglue_devign_14215__data_flow_alias__c5.c,inserted 5 alias-preserving data-flow no-op(s) near call arguments,
devign,03_codexglue_devign_14215,C:\Users\weijt\Desktop\UNSW\COMP9900\project\capstone-project-26t2-9900-t17a-almond\input_sources\devign\03_codexglue_devign_14215.c,dead_statement,1,1,generated,ran,False,0,0,0.0,0.0,0.0,113,125,12,215,242,27,C:\Users\weijt\Desktop\UNSW\COMP9900\project\capstone-project-26t2-9900-t17a-almond\outputs\generated\full_budget_search_20260717\devign\runs\baseline\03_codexglue_devign_14215,C:\Users\weijt\Desktop\UNSW\COMP9900\project\capstone-project-26t2-9900-t17a-almond\outputs\generated\full_budget_search_20260717\devign\runs\perturbed\03_codexglue_devign_14215__dead_statement__c1,C:\Users\weijt\Desktop\UNSW\COMP9900\project\capstone-project-26t2-9900-t17a-almond\outputs\generated\full_budget_search_20260717\devign\sources\03_codexglue_devign_14215__dead_statement__c1.c,inserted 1 harmless dummy integer statement pair(s) after first function brace,
devign,03_codexglue_devign_14215,C:\Users\weijt\Desktop\UNSW\COMP9900\project\capstone-project-26t2-9900-t17a-almond\input_sources\devign\03_codexglue_devign_14215.c,dead_statement,2,2,generated,ran,False,0,0,0.0,0.0,0.0,113,137,24,215,269,54,C:\Users\weijt\Desktop\UNSW\COMP9900\project\capstone-project-26t2-9900-t17a-almond\outputs\generated\full_budget_search_20260717\devign\runs\baseline\03_codexglue_devign_14215,C:\Users\weijt\Desktop\UNSW\COMP9900\project\capstone-project-26t2-9900-t17a-almond\outputs\generated\full_budget_search_20260717\devign\runs\perturbed\03_codexglue_devign_14215__dead_statement__c2,C:\Users\weijt\Desktop\UNSW\COMP9900\project\capstone-project-26t2-9900-t17a-almond\outputs\generated\full_budget_search_20260717\devign\sources\03_codexglue_devign_14215__dead_statement__c2.c,inserted 2 harmless dummy integer statement pair(s) after first function brace,
devign,03_codexglue_devign_14215,C:\Users\weijt\Desktop\UNSW\COMP9900\project\capstone-project-26t2-9900-t17a-almond\input_sources\devign\03_codexglue_devign_14215.c,dead_statement,3,3,generated,ran,False,0,0,0.0,0.0,0.0,113,149,36,215,296,81,C:\Users\weijt\Desktop\UNSW\COMP9900\project\capstone-project-26t2-9900-t17a-almond\outputs\generated\full_budget_search_20260717\devign\runs\baseline\03_codexglue_devign_14215,C:\Users\weijt\Desktop\UNSW\COMP9900\project\capstone-project-26t2-9900-t17a-almond\outputs\generated\full_budget_search_20260717\devign\runs\perturbed\03_codexglue_devign_14215__dead_statement__c3,C:\Users\weijt\Desktop\UNSW\COMP9900\project\capstone-project-26t2-9900-t17a-almond\outputs\generated\full_budget_search_20260717\devign\sources\03_codexglue_devign_14215__dead_statement__c3.c,inserted 3 harmless dummy integer statement pair(s) after first function brace,
devign,03_codexglue_devign_14215,C:\Users\weijt\Desktop\UNSW\COMP9900\project\capstone-project-26t2-9900-t17a-almond\input_sources\devign\03_codexglue_devign_14215.c,dead_statement,5,5,generated,ran,False,0,0,0.0,0.0,0.0,113,173,60,215,350,135,C:\Users\weijt\Desktop\UNSW\COMP9900\project\capstone-project-26t2-9900-t17a-almond\outputs\generated\full_budget_search_20260717\devign\runs\baseline\03_codexglue_devign_14215,C:\Users\weijt\Desktop\UNSW\COMP9900\project\capstone-project-26t2-9900-t17a-almond\outputs\generated\full_budget_search_20260717\devign\runs\perturbed\03_codexglue_devign_14215__dead_statement__c5,C:\Users\weijt\Desktop\UNSW\COMP9900\project\capstone-project-26t2-9900-t17a-almond\outputs\generated\full_budget_search_20260717\devign\sources\03_codexglue_devign_14215__dead_statement__c5.c,inserted 5 harmless dummy integer statement pair(s) after first function brace,
devign,03_codexglue_devign_14215,C:\Users\weijt\Desktop\UNSW\COMP9900\project\capstone-project-26t2-9900-t17a-almond\input_sources\devign\03_codexglue_devign_14215.c,xfg_targeted_dead_code,1,0,skipped,ran,,,,,,,,,,,,,C:\Users\weijt\Desktop\UNSW\COMP9900\project\capstone-project-26t2-9900-t17a-almond\outputs\generated\full_budget_search_20260717\devign\runs\baseline\03_codexglue_devign_14215,,,"no sensitive, pointer, array, or arithmetic target line found",
devign,03_codexglue_devign_14215,C:\Users\weijt\Desktop\UNSW\COMP9900\project\capstone-project-26t2-9900-t17a-almond\input_sources\devign\03_codexglue_devign_14215.c,range_clamp,1,0,skipped,ran,,,,,,,,,,,,,C:\Users\weijt\Desktop\UNSW\COMP9900\project\capstone-project-26t2-9900-t17a-almond\outputs\generated\full_budget_search_20260717\devign\runs\baseline\03_codexglue_devign_14215,,,no sensitive call with a clampable size/count argument found,
devign,03_codexglue_devign_14215,C:\Users\weijt\Desktop\UNSW\COMP9900\project\capstone-project-26t2-9900-t17a-almond\input_sources\devign\03_codexglue_devign_14215.c,safe_source_substitution,1,0,skipped,ran,,,,,,,,,,,,,C:\Users\weijt\Desktop\UNSW\COMP9900\project\capstone-project-26t2-9900-t17a-almond\outputs\generated\full_budget_search_20260717\devign\runs\baseline\03_codexglue_devign_14215,,,no nested pointer dereference source found,
devign,03_codexglue_devign_14215,C:\Users\weijt\Desktop\UNSW\COMP9900\project\capstone-project-26t2-9900-t17a-almond\input_sources\devign\03_codexglue_devign_14215.c,sink_bound_guard,1,0,skipped,ran,,,,,,,,,,,,,C:\Users\weijt\Desktop\UNSW\COMP9900\project\capstone-project-26t2-9900-t17a-almond\outputs\generated\full_budget_search_20260717\devign\runs\baseline\03_codexglue_devign_14215,,,no sensitive sink call found for bound guard insertion,
devign,03_codexglue_devign_14215,C:\Users\weijt\Desktop\UNSW\COMP9900\project\capstone-project-26t2-9900-t17a-almond\input_sources\devign\03_codexglue_devign_14215.c,postcondition_validation,1,0,skipped,ran,,,,,,,,,,,,,C:\Users\weijt\Desktop\UNSW\COMP9900\project\capstone-project-26t2-9900-t17a-almond\outputs\generated\full_budget_search_20260717\devign\runs\baseline\03_codexglue_devign_14215,,,no matching *_count/*_read pair found for postcondition validation,
devign,03_codexglue_devign_14215,C:\Users\weijt\Desktop\UNSW\COMP9900\project\capstone-project-26t2-9900-t17a-almond\input_sources\devign\03_codexglue_devign_14215.c,integer_overflow_guard,1,0,skipped,ran,,,,,,,,,,,,,C:\Users\weijt\Desktop\UNSW\COMP9900\project\capstone-project-26t2-9900-t17a-almond\outputs\generated\full_budget_search_20260717\devign\runs\baseline\03_codexglue_devign_14215,,,no allocation size addition or multiplication expression found,
devign,03_codexglue_devign_14215,C:\Users\weijt\Desktop\UNSW\COMP9900\project\capstone-project-26t2-9900-t17a-almond\input_sources\devign\03_codexglue_devign_14215.c,array_index_bound_guard,1,0,skipped,ran,,,,,,,,,,,,,C:\Users\weijt\Desktop\UNSW\COMP9900\project\capstone-project-26t2-9900-t17a-almond\outputs\generated\full_budget_search_20260717\devign\runs\baseline\03_codexglue_devign_14215,,,no array write found for index bound guard,
devign,03_codexglue_devign_14215,C:\Users\weijt\Desktop\UNSW\COMP9900\project\capstone-project-26t2-9900-t17a-almond\input_sources\devign\03_codexglue_devign_14215.c,wide_char_sink_guard,1,0,skipped,ran,,,,,,,,,,,,,C:\Users\weijt\Desktop\UNSW\COMP9900\project\capstone-project-26t2-9900-t17a-almond\outputs\generated\full_budget_search_20260717\devign\runs\baseline\03_codexglue_devign_14215,,,no wcscat/wcscpy wide-character sink found,
devign,03_codexglue_devign_14215,C:\Users\weijt\Desktop\UNSW\COMP9900\project\capstone-project-26t2-9900-t17a-almond\input_sources\devign\03_codexglue_devign_14215.c,pattern_dead_code,1,1,generated,ran,False,0,0,0.0,8.05917225079611e-05,8.05917225079611e-05,113,168,55,215,316,101,C:\Users\weijt\Desktop\UNSW\COMP9900\project\capstone-project-26t2-9900-t17a-almond\outputs\generated\full_budget_search_20260717\devign\runs\baseline\03_codexglue_devign_14215,C:\Users\weijt\Desktop\UNSW\COMP9900\project\capstone-project-26t2-9900-t17a-almond\outputs\generated\full_budget_search_20260717\devign\runs\perturbed\03_codexglue_devign_14215__pattern_dead_code__c1,C:\Users\weijt\Desktop\UNSW\COMP9900\project\capstone-project-26t2-9900-t17a-almond\outputs\generated\full_budget_search_20260717\devign\sources\03_codexglue_devign_14215__pattern_dead_code__c1.c,inserted 1 unreachable pointer/array/length pattern block(s) near sensitive or structural lines,
devign,03_codexglue_devign_14215,C:\Users\weijt\Desktop\UNSW\COMP9900\project\capstone-project-26t2-9900-t17a-almond\input_sources\devign\03_codexglue_devign_14215.c,pattern_dead_code,2,1,partial,run_partial,False,0,0,0.0,8.05917225079611e-05,8.05917225079611e-05,113,168,55,215,316,101,C:\Users\weijt\Desktop\UNSW\COMP9900\project\capstone-project-26t2-9900-t17a-almond\outputs\generated\full_budget_search_20260717\devign\runs\baseline\03_codexglue_devign_14215,C:\Users\weijt\Desktop\UNSW\COMP9900\project\capstone-project-26t2-9900-t17a-almond\outputs\generated\full_budget_search_20260717\devign\runs\perturbed\03_codexglue_devign_14215__pattern_dead_code__c2,C:\Users\weijt\Desktop\UNSW\COMP9900\project\capstone-project-26t2-9900-t17a-almond\outputs\generated\full_budget_search_20260717\devign\sources\03_codexglue_devign_14215__pattern_dead_code__c2.c,inserted 1 unreachable pointer/array/length pattern block(s) near sensitive or structural lines,
devign,03_codexglue_devign_14215,C:\Users\weijt\Desktop\UNSW\COMP9900\project\capstone-project-26t2-9900-t17a-almond\input_sources\devign\03_codexglue_devign_14215.c,control_wrapper,1,1,generated,ran,False,0,0,0.0,0.0,0.0,113,117,4,215,224,9,C:\Users\weijt\Desktop\UNSW\COMP9900\project\capstone-project-26t2-9900-t17a-almond\outputs\generated\full_budget_search_20260717\devign\runs\baseline\03_codexglue_devign_14215,C:\Users\weijt\Desktop\UNSW\COMP9900\project\capstone-project-26t2-9900-t17a-almond\outputs\generated\full_budget_search_20260717\devign\runs\perturbed\03_codexglue_devign_14215__control_wrapper__c1,C:\Users\weijt\Desktop\UNSW\COMP9900\project\capstone-project-26t2-9900-t17a-almond\outputs\generated\full_budget_search_20260717\devign\sources\03_codexglue_devign_14215__control_wrapper__c1.c,wrapped 1 safe single-line statement(s) with if (1) blocks,
devign,03_codexglue_devign_14215,C:\Users\weijt\Desktop\UNSW\COMP9900\project\capstone-project-26t2-9900-t17a-almond\input_sources\devign\03_codexglue_devign_14215.c,control_wrapper,2,2,generated,ran,False,0,0,0.0,0.0,0.0,113,121,8,215,233,18,C:\Users\weijt\Desktop\UNSW\COMP9900\project\capstone-project-26t2-9900-t17a-almond\outputs\generated\full_budget_search_20260717\devign\runs\baseline\03_codexglue_devign_14215,C:\Users\weijt\Desktop\UNSW\COMP9900\project\capstone-project-26t2-9900-t17a-almond\outputs\generated\full_budget_search_20260717\devign\runs\perturbed\03_codexglue_devign_14215__control_wrapper__c2,C:\Users\weijt\Desktop\UNSW\COMP9900\project\capstone-project-26t2-9900-t17a-almond\outputs\generated\full_budget_search_20260717\devign\sources\03_codexglue_devign_14215__control_wrapper__c2.c,wrapped 2 safe single-line statement(s) with if (1) blocks,
devign,03_codexglue_devign_14215,C:\Users\weijt\Desktop\UNSW\COMP9900\project\capstone-project-26t2-9900-t17a-almond\input_sources\devign\03_codexglue_devign_14215.c,control_wrapper,3,3,generated,ran,False,0,0,0.0,0.0,0.0,113,125,12,215,242,27,C:\Users\weijt\Desktop\UNSW\COMP9900\project\capstone-project-26t2-9900-t17a-almond\outputs\generated\full_budget_search_20260717\devign\runs\baseline\03_codexglue_devign_14215,C:\Users\weijt\Desktop\UNSW\COMP9900\project\capstone-project-26t2-9900-t17a-almond\outputs\generated\full_budget_search_20260717\devign\runs\perturbed\03_codexglue_devign_14215__control_wrapper__c3,C:\Users\weijt\Desktop\UNSW\COMP9900\project\capstone-project-26t2-9900-t17a-almond\outputs\generated\full_budget_search_20260717\devign\sources\03_codexglue_devign_14215__control_wrapper__c3.c,wrapped 3 safe single-line statement(s) with if (1) blocks,
devign,03_codexglue_devign_14215,C:\Users\weijt\Desktop\UNSW\COMP9900\project\capstone-project-26t2-9900-t17a-almond\input_sources\devign\03_codexglue_devign_14215.c,control_wrapper,5,3,partial,run_partial,False,0,0,0.0,0.0,0.0,113,125,12,215,242,27,C:\Users\weijt\Desktop\UNSW\COMP9900\project\capstone-project-26t2-9900-t17a-almond\outputs\generated\full_budget_search_20260717\devign\runs\baseline\03_codexglue_devign_14215,C:\Users\weijt\Desktop\UNSW\COMP9900\project\capstone-project-26t2-9900-t17a-almond\outputs\generated\full_budget_search_20260717\devign\runs\perturbed\03_codexglue_devign_14215__control_wrapper__c5,C:\Users\weijt\Desktop\UNSW\COMP9900\project\capstone-project-26t2-9900-t17a-almond\outputs\generated\full_budget_search_20260717\devign\sources\03_codexglue_devign_14215__control_wrapper__c5.c,wrapped 3 safe single-line statement(s) with if (1) blocks,
devign,03_codexglue_devign_14215,C:\Users\weijt\Desktop\UNSW\COMP9900\project\capstone-project-26t2-9900-t17a-almond\input_sources\devign\03_codexglue_devign_14215.c,temp_variable_split,1,0,skipped,ran,,,,,,,,,,,,,C:\Users\weijt\Desktop\UNSW\COMP9900\project\capstone-project-26t2-9900-t17a-almond\outputs\generated\full_budget_search_20260717\devign\runs\baseline\03_codexglue_devign_14215,,,no simple integer-like assignment candidate found,
devign,04_codexglue_devign_13727,C:\Users\weijt\Desktop\UNSW\COMP9900\project\capstone-project-26t2-9900-t17a-almond\input_sources\devign\04_codexglue_devign_13727.c,data_flow_alias,1,1,generated,ran,False,0,0,0.002569464733824134,0.002569464733824134,0.0,45,65,20,77,115,38,C:\Users\weijt\Desktop\UNSW\COMP9900\project\capstone-project-26t2-9900-t17a-almond\outputs\generated\full_budget_search_20260717\devign\runs\baseline\04_codexglue_devign_13727,C:\Users\weijt\Desktop\UNSW\COMP9900\project\capstone-project-26t2-9900-t17a-almond\outputs\generated\full_budget_search_20260717\devign\runs\perturbed\04_codexglue_devign_13727__data_flow_alias__c1,C:\Users\weijt\Desktop\UNSW\COMP9900\project\capstone-project-26t2-9900-t17a-almond\outputs\generated\full_budget_search_20260717\devign\sources\04_codexglue_devign_13727__data_flow_alias__c1.c,inserted 1 alias-preserving data-flow no-op(s) near call arguments,
devign,04_codexglue_devign_13727,C:\Users\weijt\Desktop\UNSW\COMP9900\project\capstone-project-26t2-9900-t17a-almond\input_sources\devign\04_codexglue_devign_13727.c,data_flow_alias,2,1,partial,run_partial,False,0,0,0.002569464733824134,0.002569464733824134,0.0,45,65,20,77,115,38,C:\Users\weijt\Desktop\UNSW\COMP9900\project\capstone-project-26t2-9900-t17a-almond\outputs\generated\full_budget_search_20260717\devign\runs\baseline\04_codexglue_devign_13727,C:\Users\weijt\Desktop\UNSW\COMP9900\project\capstone-project-26t2-9900-t17a-almond\outputs\generated\full_budget_search_20260717\devign\runs\perturbed\04_codexglue_devign_13727__data_flow_alias__c2,C:\Users\weijt\Desktop\UNSW\COMP9900\project\capstone-project-26t2-9900-t17a-almond\outputs\generated\full_budget_search_20260717\devign\sources\04_codexglue_devign_13727__data_flow_alias__c2.c,inserted 1 alias-preserving data-flow no-op(s) near call arguments,
devign,04_codexglue_devign_13727,C:\Users\weijt\Desktop\UNSW\COMP9900\project\capstone-project-26t2-9900-t17a-almond\input_sources\devign\04_codexglue_devign_13727.c,dead_statement,1,1,generated,ran,False,0,0,0.002569464733824134,0.002569464733824134,0.0,45,57,12,77,104,27,C:\Users\weijt\Desktop\UNSW\COMP9900\project\capstone-project-26t2-9900-t17a-almond\outputs\generated\full_budget_search_20260717\devign\runs\baseline\04_codexglue_devign_13727,C:\Users\weijt\Desktop\UNSW\COMP9900\project\capstone-project-26t2-9900-t17a-almond\outputs\generated\full_budget_search_20260717\devign\runs\perturbed\04_codexglue_devign_13727__dead_statement__c1,C:\Users\weijt\Desktop\UNSW\COMP9900\project\capstone-project-26t2-9900-t17a-almond\outputs\generated\full_budget_search_20260717\devign\sources\04_codexglue_devign_13727__dead_statement__c1.c,inserted 1 harmless dummy integer statement pair(s) after first function brace,
devign,04_codexglue_devign_13727,C:\Users\weijt\Desktop\UNSW\COMP9900\project\capstone-project-26t2-9900-t17a-almond\input_sources\devign\04_codexglue_devign_13727.c,dead_statement,2,2,generated,ran,False,0,0,0.002569464733824134,4.99882735311985e-05,-0.0025194764602929354,45,69,24,77,131,54,C:\Users\weijt\Desktop\UNSW\COMP9900\project\capstone-project-26t2-9900-t17a-almond\outputs\generated\full_budget_search_20260717\devign\runs\baseline\04_codexglue_devign_13727,C:\Users\weijt\Desktop\UNSW\COMP9900\project\capstone-project-26t2-9900-t17a-almond\outputs\generated\full_budget_search_20260717\devign\runs\perturbed\04_codexglue_devign_13727__dead_statement__c2,C:\Users\weijt\Desktop\UNSW\COMP9900\project\capstone-project-26t2-9900-t17a-almond\outputs\generated\full_budget_search_20260717\devign\sources\04_codexglue_devign_13727__dead_statement__c2.c,inserted 2 harmless dummy integer statement pair(s) after first function brace,
devign,04_codexglue_devign_13727,C:\Users\weijt\Desktop\UNSW\COMP9900\project\capstone-project-26t2-9900-t17a-almond\input_sources\devign\04_codexglue_devign_13727.c,dead_statement,3,3,generated,ran,False,0,0,0.002569464733824134,0.002569464733824134,0.0,45,81,36,77,158,81,C:\Users\weijt\Desktop\UNSW\COMP9900\project\capstone-project-26t2-9900-t17a-almond\outputs\generated\full_budget_search_20260717\devign\runs\baseline\04_codexglue_devign_13727,C:\Users\weijt\Desktop\UNSW\COMP9900\project\capstone-project-26t2-9900-t17a-almond\outputs\generated\full_budget_search_20260717\devign\runs\perturbed\04_codexglue_devign_13727__dead_statement__c3,C:\Users\weijt\Desktop\UNSW\COMP9900\project\capstone-project-26t2-9900-t17a-almond\outputs\generated\full_budget_search_20260717\devign\sources\04_codexglue_devign_13727__dead_statement__c3.c,inserted 3 harmless dummy integer statement pair(s) after first function brace,
devign,04_codexglue_devign_13727,C:\Users\weijt\Desktop\UNSW\COMP9900\project\capstone-project-26t2-9900-t17a-almond\input_sources\devign\04_codexglue_devign_13727.c,dead_statement,5,5,generated,ran,False,0,0,0.002569464733824134,0.002569464733824134,0.0,45,105,60,77,212,135,C:\Users\weijt\Desktop\UNSW\COMP9900\project\capstone-project-26t2-9900-t17a-almond\outputs\generated\full_budget_search_20260717\devign\runs\baseline\04_codexglue_devign_13727,C:\Users\weijt\Desktop\UNSW\COMP9900\project\capstone-project-26t2-9900-t17a-almond\outputs\generated\full_budget_search_20260717\devign\runs\perturbed\04_codexglue_devign_13727__dead_statement__c5,C:\Users\weijt\Desktop\UNSW\COMP9900\project\capstone-project-26t2-9900-t17a-almond\outputs\generated\full_budget_search_20260717\devign\sources\04_codexglue_devign_13727__dead_statement__c5.c,inserted 5 harmless dummy integer statement pair(s) after first function brace,
devign,04_codexglue_devign_13727,C:\Users\weijt\Desktop\UNSW\COMP9900\project\capstone-project-26t2-9900-t17a-almond\input_sources\devign\04_codexglue_devign_13727.c,xfg_targeted_dead_code,1,1,generated,ran,False,0,0,0.002569464733824134,4.99882735311985e-05,-0.0025194764602929354,45,61,16,77,113,36,C:\Users\weijt\Desktop\UNSW\COMP9900\project\capstone-project-26t2-9900-t17a-almond\outputs\generated\full_budget_search_20260717\devign\runs\baseline\04_codexglue_devign_13727,C:\Users\weijt\Desktop\UNSW\COMP9900\project\capstone-project-26t2-9900-t17a-almond\outputs\generated\full_budget_search_20260717\devign\runs\perturbed\04_codexglue_devign_13727__xfg_targeted_dead_code__c1,C:\Users\weijt\Desktop\UNSW\COMP9900\project\capstone-project-26t2-9900-t17a-almond\outputs\generated\full_budget_search_20260717\devign\sources\04_codexglue_devign_13727__xfg_targeted_dead_code__c1.c,inserted 1 unreachable no-op block(s) near XFG-relevant target lines,
devign,04_codexglue_devign_13727,C:\Users\weijt\Desktop\UNSW\COMP9900\project\capstone-project-26t2-9900-t17a-almond\input_sources\devign\04_codexglue_devign_13727.c,xfg_targeted_dead_code,2,1,partial,run_partial,False,0,0,0.002569464733824134,4.99882735311985e-05,-0.0025194764602929354,45,61,16,77,113,36,C:\Users\weijt\Desktop\UNSW\COMP9900\project\capstone-project-26t2-9900-t17a-almond\outputs\generated\full_budget_search_20260717\devign\runs\baseline\04_codexglue_devign_13727,C:\Users\weijt\Desktop\UNSW\COMP9900\project\capstone-project-26t2-9900-t17a-almond\outputs\generated\full_budget_search_20260717\devign\runs\perturbed\04_codexglue_devign_13727__xfg_targeted_dead_code__c2,C:\Users\weijt\Desktop\UNSW\COMP9900\project\capstone-project-26t2-9900-t17a-almond\outputs\generated\full_budget_search_20260717\devign\sources\04_codexglue_devign_13727__xfg_targeted_dead_code__c2.c,inserted 1 unreachable no-op block(s) near XFG-relevant target lines,
devign,04_codexglue_devign_13727,C:\Users\weijt\Desktop\UNSW\COMP9900\project\capstone-project-26t2-9900-t17a-almond\input_sources\devign\04_codexglue_devign_13727.c,range_clamp,1,0,skipped,ran,,,,,,,,,,,,,C:\Users\weijt\Desktop\UNSW\COMP9900\project\capstone-project-26t2-9900-t17a-almond\outputs\generated\full_budget_search_20260717\devign\runs\baseline\04_codexglue_devign_13727,,,no sensitive call with a clampable size/count argument found,
devign,04_codexglue_devign_13727,C:\Users\weijt\Desktop\UNSW\COMP9900\project\capstone-project-26t2-9900-t17a-almond\input_sources\devign\04_codexglue_devign_13727.c,safe_source_substitution,1,0,skipped,ran,,,,,,,,,,,,,C:\Users\weijt\Desktop\UNSW\COMP9900\project\capstone-project-26t2-9900-t17a-almond\outputs\generated\full_budget_search_20260717\devign\runs\baseline\04_codexglue_devign_13727,,,no nested pointer dereference source found,
devign,04_codexglue_devign_13727,C:\Users\weijt\Desktop\UNSW\COMP9900\project\capstone-project-26t2-9900-t17a-almond\input_sources\devign\04_codexglue_devign_13727.c,sink_bound_guard,1,0,skipped,ran,,,,,,,,,,,,,C:\Users\weijt\Desktop\UNSW\COMP9900\project\capstone-project-26t2-9900-t17a-almond\outputs\generated\full_budget_search_20260717\devign\runs\baseline\04_codexglue_devign_13727,,,no sensitive sink call found for bound guard insertion,
devign,04_codexglue_devign_13727,C:\Users\weijt\Desktop\UNSW\COMP9900\project\capstone-project-26t2-9900-t17a-almond\input_sources\devign\04_codexglue_devign_13727.c,postcondition_validation,1,0,skipped,ran,,,,,,,,,,,,,C:\Users\weijt\Desktop\UNSW\COMP9900\project\capstone-project-26t2-9900-t17a-almond\outputs\generated\full_budget_search_20260717\devign\runs\baseline\04_codexglue_devign_13727,,,no matching *_count/*_read pair found for postcondition validation,
devign,04_codexglue_devign_13727,C:\Users\weijt\Desktop\UNSW\COMP9900\project\capstone-project-26t2-9900-t17a-almond\input_sources\devign\04_codexglue_devign_13727.c,integer_overflow_guard,1,0,skipped,ran,,,,,,,,,,,,,C:\Users\weijt\Desktop\UNSW\COMP9900\project\capstone-project-26t2-9900-t17a-almond\outputs\generated\full_budget_search_20260717\devign\runs\baseline\04_codexglue_devign_13727,,,no allocation size addition or multiplication expression found,
devign,04_codexglue_devign_13727,C:\Users\weijt\Desktop\UNSW\COMP9900\project\capstone-project-26t2-9900-t17a-almond\input_sources\devign\04_codexglue_devign_13727.c,array_index_bound_guard,1,1,generated,ran,False,0,0,0.002569464733824134,8.079847475528368e-07,-0.002568656749076581,45,71,26,77,118,41,C:\Users\weijt\Desktop\UNSW\COMP9900\project\capstone-project-26t2-9900-t17a-almond\outputs\generated\full_budget_search_20260717\devign\runs\baseline\04_codexglue_devign_13727,C:\Users\weijt\Desktop\UNSW\COMP9900\project\capstone-project-26t2-9900-t17a-almond\outputs\generated\full_budget_search_20260717\devign\runs\perturbed\04_codexglue_devign_13727__array_index_bound_guard__c1,C:\Users\weijt\Desktop\UNSW\COMP9900\project\capstone-project-26t2-9900-t17a-almond\outputs\generated\full_budget_search_20260717\devign\sources\04_codexglue_devign_13727__array_index_bound_guard__c1.c,wrapped 1 array write(s) with index lower/upper bound guards,
devign,04_codexglue_devign_13727,C:\Users\weijt\Desktop\UNSW\COMP9900\project\capstone-project-26t2-9900-t17a-almond\input_sources\devign\04_codexglue_devign_13727.c,array_index_bound_guard,2,1,partial,run_partial,False,0,0,0.002569464733824134,8.079847475528368e-07,-0.002568656749076581,45,71,26,77,118,41,C:\Users\weijt\Desktop\UNSW\COMP9900\project\capstone-project-26t2-9900-t17a-almond\outputs\generated\full_budget_search_20260717\devign\runs\baseline\04_codexglue_devign_13727,C:\Users\weijt\Desktop\UNSW\COMP9900\project\capstone-project-26t2-9900-t17a-almond\outputs\generated\full_budget_search_20260717\devign\runs\perturbed\04_codexglue_devign_13727__array_index_bound_guard__c2,C:\Users\weijt\Desktop\UNSW\COMP9900\project\capstone-project-26t2-9900-t17a-almond\outputs\generated\full_budget_search_20260717\devign\sources\04_codexglue_devign_13727__array_index_bound_guard__c2.c,wrapped 1 array write(s) with index lower/upper bound guards,
devign,04_codexglue_devign_13727,C:\Users\weijt\Desktop\UNSW\COMP9900\project\capstone-project-26t2-9900-t17a-almond\input_sources\devign\04_codexglue_devign_13727.c,wide_char_sink_guard,1,0,skipped,ran,,,,,,,,,,,,,C:\Users\weijt\Desktop\UNSW\COMP9900\project\capstone-project-26t2-9900-t17a-almond\outputs\generated\full_budget_search_20260717\devign\runs\baseline\04_codexglue_devign_13727,,,no wcscat/wcscpy wide-character sink found,
devign,04_codexglue_devign_13727,C:\Users\weijt\Desktop\UNSW\COMP9900\project\capstone-project-26t2-9900-t17a-almond\input_sources\devign\04_codexglue_devign_13727.c,pattern_dead_code,1,1,generated,ran,False,0,0,0.002569464733824134,0.002569465897977352,1.1641532182693481e-09,45,100,55,77,178,101,C:\Users\weijt\Desktop\UNSW\COMP9900\project\capstone-project-26t2-9900-t17a-almond\outputs\generated\full_budget_search_20260717\devign\runs\baseline\04_codexglue_devign_13727,C:\Users\weijt\Desktop\UNSW\COMP9900\project\capstone-project-26t2-9900-t17a-almond\outputs\generated\full_budget_search_20260717\devign\runs\perturbed\04_codexglue_devign_13727__pattern_dead_code__c1,C:\Users\weijt\Desktop\UNSW\COMP9900\project\capstone-project-26t2-9900-t17a-almond\outputs\generated\full_budget_search_20260717\devign\sources\04_codexglue_devign_13727__pattern_dead_code__c1.c,inserted 1 unreachable pointer/array/length pattern block(s) near sensitive or structural lines,
devign,04_codexglue_devign_13727,C:\Users\weijt\Desktop\UNSW\COMP9900\project\capstone-project-26t2-9900-t17a-almond\input_sources\devign\04_codexglue_devign_13727.c,pattern_dead_code,2,1,partial,run_partial,False,0,0,0.002569464733824134,0.002569465897977352,1.1641532182693481e-09,45,100,55,77,178,101,C:\Users\weijt\Desktop\UNSW\COMP9900\project\capstone-project-26t2-9900-t17a-almond\outputs\generated\full_budget_search_20260717\devign\runs\baseline\04_codexglue_devign_13727,C:\Users\weijt\Desktop\UNSW\COMP9900\project\capstone-project-26t2-9900-t17a-almond\outputs\generated\full_budget_search_20260717\devign\runs\perturbed\04_codexglue_devign_13727__pattern_dead_code__c2,C:\Users\weijt\Desktop\UNSW\COMP9900\project\capstone-project-26t2-9900-t17a-almond\outputs\generated\full_budget_search_20260717\devign\sources\04_codexglue_devign_13727__pattern_dead_code__c2.c,inserted 1 unreachable pointer/array/length pattern block(s) near sensitive or structural lines,
devign,04_codexglue_devign_13727,C:\Users\weijt\Desktop\UNSW\COMP9900\project\capstone-project-26t2-9900-t17a-almond\input_sources\devign\04_codexglue_devign_13727.c,control_wrapper,1,1,generated,ran,False,0,0,0.002569464733824134,0.0029199826531112194,0.00035051791928708553,45,49,4,77,86,9,C:\Users\weijt\Desktop\UNSW\COMP9900\project\capstone-project-26t2-9900-t17a-almond\outputs\generated\full_budget_search_20260717\devign\runs\baseline\04_codexglue_devign_13727,C:\Users\weijt\Desktop\UNSW\COMP9900\project\capstone-project-26t2-9900-t17a-almond\outputs\generated\full_budget_search_20260717\devign\runs\perturbed\04_codexglue_devign_13727__control_wrapper__c1,C:\Users\weijt\Desktop\UNSW\COMP9900\project\capstone-project-26t2-9900-t17a-almond\outputs\generated\full_budget_search_20260717\devign\sources\04_codexglue_devign_13727__control_wrapper__c1.c,wrapped 1 safe single-line statement(s) with if (1) blocks,
devign,04_codexglue_devign_13727,C:\Users\weijt\Desktop\UNSW\COMP9900\project\capstone-project-26t2-9900-t17a-almond\input_sources\devign\04_codexglue_devign_13727.c,control_wrapper,2,1,partial,run_partial,False,0,0,0.002569464733824134,0.0029199826531112194,0.00035051791928708553,45,49,4,77,86,9,C:\Users\weijt\Desktop\UNSW\COMP9900\project\capstone-project-26t2-9900-t17a-almond\outputs\generated\full_budget_search_20260717\devign\runs\baseline\04_codexglue_devign_13727,C:\Users\weijt\Desktop\UNSW\COMP9900\project\capstone-project-26t2-9900-t17a-almond\outputs\generated\full_budget_search_20260717\devign\runs\perturbed\04_codexglue_devign_13727__control_wrapper__c2,C:\Users\weijt\Desktop\UNSW\COMP9900\project\capstone-project-26t2-9900-t17a-almond\outputs\generated\full_budget_search_20260717\devign\sources\04_codexglue_devign_13727__control_wrapper__c2.c,wrapped 1 safe single-line statement(s) with if (1) blocks,
devign,04_codexglue_devign_13727,C:\Users\weijt\Desktop\UNSW\COMP9900\project\capstone-project-26t2-9900-t17a-almond\input_sources\devign\04_codexglue_devign_13727.c,temp_variable_split,1,0,skipped,ran,,,,,,,,,,,,,C:\Users\weijt\Desktop\UNSW\COMP9900\project\capstone-project-26t2-9900-t17a-almond\outputs\generated\full_budget_search_20260717\devign\runs\baseline\04_codexglue_devign_13727,,,no simple integer-like assignment candidate found,
devign,05_codexglue_devign_6599,C:\Users\weijt\Desktop\UNSW\COMP9900\project\capstone-project-26t2-9900-t17a-almond\input_sources\devign\05_codexglue_devign_6599.c,data_flow_alias,1,1,generated,ran,False,0,0,4.58755812360323e-06,0.002779394155368209,0.0027748065972446057,243,263,20,490,528,38,C:\Users\weijt\Desktop\UNSW\COMP9900\project\capstone-project-26t2-9900-t17a-almond\outputs\generated\full_budget_search_20260717\devign\runs\baseline\05_codexglue_devign_6599,C:\Users\weijt\Desktop\UNSW\COMP9900\project\capstone-project-26t2-9900-t17a-almond\outputs\generated\full_budget_search_20260717\devign\runs\perturbed\05_codexglue_devign_6599__data_flow_alias__c1,C:\Users\weijt\Desktop\UNSW\COMP9900\project\capstone-project-26t2-9900-t17a-almond\outputs\generated\full_budget_search_20260717\devign\sources\05_codexglue_devign_6599__data_flow_alias__c1.c,inserted 1 alias-preserving data-flow no-op(s) near call arguments,
devign,05_codexglue_devign_6599,C:\Users\weijt\Desktop\UNSW\COMP9900\project\capstone-project-26t2-9900-t17a-almond\input_sources\devign\05_codexglue_devign_6599.c,data_flow_alias,2,2,generated,ran,False,0,0,4.58755812360323e-06,0.002779394155368209,0.0027748065972446057,243,283,40,490,567,77,C:\Users\weijt\Desktop\UNSW\COMP9900\project\capstone-project-26t2-9900-t17a-almond\outputs\generated\full_budget_search_20260717\devign\runs\baseline\05_codexglue_devign_6599,C:\Users\weijt\Desktop\UNSW\COMP9900\project\capstone-project-26t2-9900-t17a-almond\outputs\generated\full_budget_search_20260717\devign\runs\perturbed\05_codexglue_devign_6599__data_flow_alias__c2,C:\Users\weijt\Desktop\UNSW\COMP9900\project\capstone-project-26t2-9900-t17a-almond\outputs\generated\full_budget_search_20260717\devign\sources\05_codexglue_devign_6599__data_flow_alias__c2.c,inserted 2 alias-preserving data-flow no-op(s) near call arguments,
devign,05_codexglue_devign_6599,C:\Users\weijt\Desktop\UNSW\COMP9900\project\capstone-project-26t2-9900-t17a-almond\input_sources\devign\05_codexglue_devign_6599.c,data_flow_alias,3,3,generated,ran,False,0,0,4.58755812360323e-06,0.002779394155368209,0.0027748065972446057,243,303,60,490,605,115,C:\Users\weijt\Desktop\UNSW\COMP9900\project\capstone-project-26t2-9900-t17a-almond\outputs\generated\full_budget_search_20260717\devign\runs\baseline\05_codexglue_devign_6599,C:\Users\weijt\Desktop\UNSW\COMP9900\project\capstone-project-26t2-9900-t17a-almond\outputs\generated\full_budget_search_20260717\devign\runs\perturbed\05_codexglue_devign_6599__data_flow_alias__c3,C:\Users\weijt\Desktop\UNSW\COMP9900\project\capstone-project-26t2-9900-t17a-almond\outputs\generated\full_budget_search_20260717\devign\sources\05_codexglue_devign_6599__data_flow_alias__c3.c,inserted 3 alias-preserving data-flow no-op(s) near call arguments,
devign,05_codexglue_devign_6599,C:\Users\weijt\Desktop\UNSW\COMP9900\project\capstone-project-26t2-9900-t17a-almond\input_sources\devign\05_codexglue_devign_6599.c,data_flow_alias,5,5,generated,ran,False,0,0,4.58755812360323e-06,0.002779391361400485,0.002774803803276882,243,343,100,490,681,191,C:\Users\weijt\Desktop\UNSW\COMP9900\project\capstone-project-26t2-9900-t17a-almond\outputs\generated\full_budget_search_20260717\devign\runs\baseline\05_codexglue_devign_6599,C:\Users\weijt\Desktop\UNSW\COMP9900\project\capstone-project-26t2-9900-t17a-almond\outputs\generated\full_budget_search_20260717\devign\runs\perturbed\05_codexglue_devign_6599__data_flow_alias__c5,C:\Users\weijt\Desktop\UNSW\COMP9900\project\capstone-project-26t2-9900-t17a-almond\outputs\generated\full_budget_search_20260717\devign\sources\05_codexglue_devign_6599__data_flow_alias__c5.c,inserted 5 alias-preserving data-flow no-op(s) near call arguments,
devign,05_codexglue_devign_6599,C:\Users\weijt\Desktop\UNSW\COMP9900\project\capstone-project-26t2-9900-t17a-almond\input_sources\devign\05_codexglue_devign_6599.c,dead_statement,1,1,generated,ran,False,0,0,4.58755812360323e-06,2.4135968033078825e-06,-2.173961320295348e-06,243,255,12,490,517,27,C:\Users\weijt\Desktop\UNSW\COMP9900\project\capstone-project-26t2-9900-t17a-almond\outputs\generated\full_budget_search_20260717\devign\runs\baseline\05_codexglue_devign_6599,C:\Users\weijt\Desktop\UNSW\COMP9900\project\capstone-project-26t2-9900-t17a-almond\outputs\generated\full_budget_search_20260717\devign\runs\perturbed\05_codexglue_devign_6599__dead_statement__c1,C:\Users\weijt\Desktop\UNSW\COMP9900\project\capstone-project-26t2-9900-t17a-almond\outputs\generated\full_budget_search_20260717\devign\sources\05_codexglue_devign_6599__dead_statement__c1.c,inserted 1 harmless dummy integer statement pair(s) after first function brace,
devign,05_codexglue_devign_6599,C:\Users\weijt\Desktop\UNSW\COMP9900\project\capstone-project-26t2-9900-t17a-almond\input_sources\devign\05_codexglue_devign_6599.c,dead_statement,2,2,generated,ran,False,0,0,4.58755812360323e-06,2.4135968033078825e-06,-2.173961320295348e-06,243,267,24,490,544,54,C:\Users\weijt\Desktop\UNSW\COMP9900\project\capstone-project-26t2-9900-t17a-almond\outputs\generated\full_budget_search_20260717\devign\runs\baseline\05_codexglue_devign_6599,C:\Users\weijt\Desktop\UNSW\COMP9900\project\capstone-project-26t2-9900-t17a-almond\outputs\generated\full_budget_search_20260717\devign\runs\perturbed\05_codexglue_devign_6599__dead_statement__c2,C:\Users\weijt\Desktop\UNSW\COMP9900\project\capstone-project-26t2-9900-t17a-almond\outputs\generated\full_budget_search_20260717\devign\sources\05_codexglue_devign_6599__dead_statement__c2.c,inserted 2 harmless dummy integer statement pair(s) after first function brace,
devign,05_codexglue_devign_6599,C:\Users\weijt\Desktop\UNSW\COMP9900\project\capstone-project-26t2-9900-t17a-almond\input_sources\devign\05_codexglue_devign_6599.c,dead_statement,3,3,generated,ran,False,0,0,4.58755812360323e-06,3.83860788133461e-06,-7.489502422686201e-07,243,279,36,490,571,81,C:\Users\weijt\Desktop\UNSW\COMP9900\project\capstone-project-26t2-9900-t17a-almond\outputs\generated\full_budget_search_20260717\devign\runs\baseline\05_codexglue_devign_6599,C:\Users\weijt\Desktop\UNSW\COMP9900\project\capstone-project-26t2-9900-t17a-almond\outputs\generated\full_budget_search_20260717\devign\runs\perturbed\05_codexglue_devign_6599__dead_statement__c3,C:\Users\weijt\Desktop\UNSW\COMP9900\project\capstone-project-26t2-9900-t17a-almond\outputs\generated\full_budget_search_20260717\devign\sources\05_codexglue_devign_6599__dead_statement__c3.c,inserted 3 harmless dummy integer statement pair(s) after first function brace,
devign,05_codexglue_devign_6599,C:\Users\weijt\Desktop\UNSW\COMP9900\project\capstone-project-26t2-9900-t17a-almond\input_sources\devign\05_codexglue_devign_6599.c,dead_statement,5,5,generated,ran,False,0,0,4.58755812360323e-06,4.8228816922346596e-06,2.3532356863142923e-07,243,303,60,490,625,135,C:\Users\weijt\Desktop\UNSW\COMP9900\project\capstone-project-26t2-9900-t17a-almond\outputs\generated\full_budget_search_20260717\devign\runs\baseline\05_codexglue_devign_6599,C:\Users\weijt\Desktop\UNSW\COMP9900\project\capstone-project-26t2-9900-t17a-almond\outputs\generated\full_budget_search_20260717\devign\runs\perturbed\05_codexglue_devign_6599__dead_statement__c5,C:\Users\weijt\Desktop\UNSW\COMP9900\project\capstone-project-26t2-9900-t17a-almond\outputs\generated\full_budget_search_20260717\devign\sources\05_codexglue_devign_6599__dead_statement__c5.c,inserted 5 harmless dummy integer statement pair(s) after first function brace,
devign,05_codexglue_devign_6599,C:\Users\weijt\Desktop\UNSW\COMP9900\project\capstone-project-26t2-9900-t17a-almond\input_sources\devign\05_codexglue_devign_6599.c,xfg_targeted_dead_code,1,1,generated,ran,False,0,0,4.58755812360323e-06,2.4135968033078825e-06,-2.173961320295348e-06,243,259,16,490,526,36,C:\Users\weijt\Desktop\UNSW\COMP9900\project\capstone-project-26t2-9900-t17a-almond\outputs\generated\full_budget_search_20260717\devign\runs\baseline\05_codexglue_devign_6599,C:\Users\weijt\Desktop\UNSW\COMP9900\project\capstone-project-26t2-9900-t17a-almond\outputs\generated\full_budget_search_20260717\devign\runs\perturbed\05_codexglue_devign_6599__xfg_targeted_dead_code__c1,C:\Users\weijt\Desktop\UNSW\COMP9900\project\capstone-project-26t2-9900-t17a-almond\outputs\generated\full_budget_search_20260717\devign\sources\05_codexglue_devign_6599__xfg_targeted_dead_code__c1.c,inserted 1 unreachable no-op block(s) near XFG-relevant target lines,
devign,05_codexglue_devign_6599,C:\Users\weijt\Desktop\UNSW\COMP9900\project\capstone-project-26t2-9900-t17a-almond\input_sources\devign\05_codexglue_devign_6599.c,xfg_targeted_dead_code,2,2,generated,ran,False,0,0,4.58755812360323e-06,2.4135968033078825e-06,-2.173961320295348e-06,243,275,32,490,562,72,C:\Users\weijt\Desktop\UNSW\COMP9900\project\capstone-project-26t2-9900-t17a-almond\outputs\generated\full_budget_search_20260717\devign\runs\baseline\05_codexglue_devign_6599,C:\Users\weijt\Desktop\UNSW\COMP9900\project\capstone-project-26t2-9900-t17a-almond\outputs\generated\full_budget_search_20260717\devign\runs\perturbed\05_codexglue_devign_6599__xfg_targeted_dead_code__c2,C:\Users\weijt\Desktop\UNSW\COMP9900\project\capstone-project-26t2-9900-t17a-almond\outputs\generated\full_budget_search_20260717\devign\sources\05_codexglue_devign_6599__xfg_targeted_dead_code__c2.c,inserted 2 unreachable no-op block(s) near XFG-relevant target lines,
devign,05_codexglue_devign_6599,C:\Users\weijt\Desktop\UNSW\COMP9900\project\capstone-project-26t2-9900-t17a-almond\input_sources\devign\05_codexglue_devign_6599.c,xfg_targeted_dead_code,3,3,generated,ran,False,0,0,4.58755812360323e-06,2.4135968033078825e-06,-2.173961320295348e-06,243,291,48,490,598,108,C:\Users\weijt\Desktop\UNSW\COMP9900\project\capstone-project-26t2-9900-t17a-almond\outputs\generated\full_budget_search_20260717\devign\runs\baseline\05_codexglue_devign_6599,C:\Users\weijt\Desktop\UNSW\COMP9900\project\capstone-project-26t2-9900-t17a-almond\outputs\generated\full_budget_search_20260717\devign\runs\perturbed\05_codexglue_devign_6599__xfg_targeted_dead_code__c3,C:\Users\weijt\Desktop\UNSW\COMP9900\project\capstone-project-26t2-9900-t17a-almond\outputs\generated\full_budget_search_20260717\devign\sources\05_codexglue_devign_6599__xfg_targeted_dead_code__c3.c,inserted 3 unreachable no-op block(s) near XFG-relevant target lines,
devign,05_codexglue_devign_6599,C:\Users\weijt\Desktop\UNSW\COMP9900\project\capstone-project-26t2-9900-t17a-almond\input_sources\devign\05_codexglue_devign_6599.c,xfg_targeted_dead_code,5,5,generated,ran,False,0,0,4.58755812360323e-06,6.724474133079639e-07,-3.9151107102952665e-06,243,323,80,490,670,180,C:\Users\weijt\Desktop\UNSW\COMP9900\project\capstone-project-26t2-9900-t17a-almond\outputs\generated\full_budget_search_20260717\devign\runs\baseline\05_codexglue_devign_6599,C:\Users\weijt\Desktop\UNSW\COMP9900\project\capstone-project-26t2-9900-t17a-almond\outputs\generated\full_budget_search_20260717\devign\runs\perturbed\05_codexglue_devign_6599__xfg_targeted_dead_code__c5,C:\Users\weijt\Desktop\UNSW\COMP9900\project\capstone-project-26t2-9900-t17a-almond\outputs\generated\full_budget_search_20260717\devign\sources\05_codexglue_devign_6599__xfg_targeted_dead_code__c5.c,inserted 5 unreachable no-op block(s) near XFG-relevant target lines,
devign,05_codexglue_devign_6599,C:\Users\weijt\Desktop\UNSW\COMP9900\project\capstone-project-26t2-9900-t17a-almond\input_sources\devign\05_codexglue_devign_6599.c,range_clamp,1,1,generated,ran,False,0,0,4.58755812360323e-06,2.4135968033078825e-06,-2.173961320295348e-06,243,273,30,490,558,68,C:\Users\weijt\Desktop\UNSW\COMP9900\project\capstone-project-26t2-9900-t17a-almond\outputs\generated\full_budget_search_20260717\devign\runs\baseline\05_codexglue_devign_6599,C:\Users\weijt\Desktop\UNSW\COMP9900\project\capstone-project-26t2-9900-t17a-almond\outputs\generated\full_budget_search_20260717\devign\runs\perturbed\05_codexglue_devign_6599__range_clamp__c1,C:\Users\weijt\Desktop\UNSW\COMP9900\project\capstone-project-26t2-9900-t17a-almond\outputs\generated\full_budget_search_20260717\devign\sources\05_codexglue_devign_6599__range_clamp__c1.c,clamped 1 sensitive sink size/count argument(s) through bounded local variables,
devign,05_codexglue_devign_6599,C:\Users\weijt\Desktop\UNSW\COMP9900\project\capstone-project-26t2-9900-t17a-almond\input_sources\devign\05_codexglue_devign_6599.c,range_clamp,2,1,partial,run_partial,False,0,0,4.58755812360323e-06,2.4135968033078825e-06,-2.173961320295348e-06,243,273,30,490,558,68,C:\Users\weijt\Desktop\UNSW\COMP9900\project\capstone-project-26t2-9900-t17a-almond\outputs\generated\full_budget_search_20260717\devign\runs\baseline\05_codexglue_devign_6599,C:\Users\weijt\Desktop\UNSW\COMP9900\project\capstone-project-26t2-9900-t17a-almond\outputs\generated\full_budget_search_20260717\devign\runs\perturbed\05_codexglue_devign_6599__range_clamp__c2,C:\Users\weijt\Desktop\UNSW\COMP9900\project\capstone-project-26t2-9900-t17a-almond\outputs\generated\full_budget_search_20260717\devign\sources\05_codexglue_devign_6599__range_clamp__c2.c,clamped 1 sensitive sink size/count argument(s) through bounded local variables,
devign,05_codexglue_devign_6599,C:\Users\weijt\Desktop\UNSW\COMP9900\project\capstone-project-26t2-9900-t17a-almond\input_sources\devign\05_codexglue_devign_6599.c,safe_source_substitution,1,0,skipped,ran,,,,,,,,,,,,,C:\Users\weijt\Desktop\UNSW\COMP9900\project\capstone-project-26t2-9900-t17a-almond\outputs\generated\full_budget_search_20260717\devign\runs\baseline\05_codexglue_devign_6599,,,no nested pointer dereference source found,
devign,05_codexglue_devign_6599,C:\Users\weijt\Desktop\UNSW\COMP9900\project\capstone-project-26t2-9900-t17a-almond\input_sources\devign\05_codexglue_devign_6599.c,sink_bound_guard,1,1,generated,ran,False,0,0,4.58755812360323e-06,3.5475773074722383e-06,-1.039980816130992e-06,243,253,10,490,509,19,C:\Users\weijt\Desktop\UNSW\COMP9900\project\capstone-project-26t2-9900-t17a-almond\outputs\generated\full_budget_search_20260717\devign\runs\baseline\05_codexglue_devign_6599,C:\Users\weijt\Desktop\UNSW\COMP9900\project\capstone-project-26t2-9900-t17a-almond\outputs\generated\full_budget_search_20260717\devign\runs\perturbed\05_codexglue_devign_6599__sink_bound_guard__c1,C:\Users\weijt\Desktop\UNSW\COMP9900\project\capstone-project-26t2-9900-t17a-almond\outputs\generated\full_budget_search_20260717\devign\sources\05_codexglue_devign_6599__sink_bound_guard__c1.c,inserted 1 early-return bound guard(s) before sensitive sink calls,
devign,05_codexglue_devign_6599,C:\Users\weijt\Desktop\UNSW\COMP9900\project\capstone-project-26t2-9900-t17a-almond\input_sources\devign\05_codexglue_devign_6599.c,sink_bound_guard,2,1,partial,run_partial,False,0,0,4.58755812360323e-06,3.5475773074722383e-06,-1.039980816130992e-06,243,253,10,490,509,19,C:\Users\weijt\Desktop\UNSW\COMP9900\project\capstone-project-26t2-9900-t17a-almond\outputs\generated\full_budget_search_20260717\devign\runs\baseline\05_codexglue_devign_6599,C:\Users\weijt\Desktop\UNSW\COMP9900\project\capstone-project-26t2-9900-t17a-almond\outputs\generated\full_budget_search_20260717\devign\runs\perturbed\05_codexglue_devign_6599__sink_bound_guard__c2,C:\Users\weijt\Desktop\UNSW\COMP9900\project\capstone-project-26t2-9900-t17a-almond\outputs\generated\full_budget_search_20260717\devign\sources\05_codexglue_devign_6599__sink_bound_guard__c2.c,inserted 1 early-return bound guard(s) before sensitive sink calls,
devign,05_codexglue_devign_6599,C:\Users\weijt\Desktop\UNSW\COMP9900\project\capstone-project-26t2-9900-t17a-almond\input_sources\devign\05_codexglue_devign_6599.c,postcondition_validation,1,0,skipped,ran,,,,,,,,,,,,,C:\Users\weijt\Desktop\UNSW\COMP9900\project\capstone-project-26t2-9900-t17a-almond\outputs\generated\full_budget_search_20260717\devign\runs\baseline\05_codexglue_devign_6599,,,no matching *_count/*_read pair found for postcondition validation,
devign,05_codexglue_devign_6599,C:\Users\weijt\Desktop\UNSW\COMP9900\project\capstone-project-26t2-9900-t17a-almond\input_sources\devign\05_codexglue_devign_6599.c,integer_overflow_guard,1,0,skipped,ran,,,,,,,,,,,,,C:\Users\weijt\Desktop\UNSW\COMP9900\project\capstone-project-26t2-9900-t17a-almond\outputs\generated\full_budget_search_20260717\devign\runs\baseline\05_codexglue_devign_6599,,,no allocation size addition or multiplication expression found,
devign,05_codexglue_devign_6599,C:\Users\weijt\Desktop\UNSW\COMP9900\project\capstone-project-26t2-9900-t17a-almond\input_sources\devign\05_codexglue_devign_6599.c,array_index_bound_guard,1,0,skipped,ran,,,,,,,,,,,,,C:\Users\weijt\Desktop\UNSW\COMP9900\project\capstone-project-26t2-9900-t17a-almond\outputs\generated\full_budget_search_20260717\devign\runs\baseline\05_codexglue_devign_6599,,,no array write found for index bound guard,
devign,05_codexglue_devign_6599,C:\Users\weijt\Desktop\UNSW\COMP9900\project\capstone-project-26t2-9900-t17a-almond\input_sources\devign\05_codexglue_devign_6599.c,wide_char_sink_guard,1,0,skipped,ran,,,,,,,,,,,,,C:\Users\weijt\Desktop\UNSW\COMP9900\project\capstone-project-26t2-9900-t17a-almond\outputs\generated\full_budget_search_20260717\devign\runs\baseline\05_codexglue_devign_6599,,,no wcscat/wcscpy wide-character sink found,
devign,05_codexglue_devign_6599,C:\Users\weijt\Desktop\UNSW\COMP9900\project\capstone-project-26t2-9900-t17a-almond\input_sources\devign\05_codexglue_devign_6599.c,pattern_dead_code,1,1,generated,ran,False,0,0,4.58755812360323e-06,8.059164247242734e-05,7.600408434882411e-05,243,298,55,490,591,101,C:\Users\weijt\Desktop\UNSW\COMP9900\project\capstone-project-26t2-9900-t17a-almond\outputs\generated\full_budget_search_20260717\devign\runs\baseline\05_codexglue_devign_6599,C:\Users\weijt\Desktop\UNSW\COMP9900\project\capstone-project-26t2-9900-t17a-almond\outputs\generated\full_budget_search_20260717\devign\runs\perturbed\05_codexglue_devign_6599__pattern_dead_code__c1,C:\Users\weijt\Desktop\UNSW\COMP9900\project\capstone-project-26t2-9900-t17a-almond\outputs\generated\full_budget_search_20260717\devign\sources\05_codexglue_devign_6599__pattern_dead_code__c1.c,inserted 1 unreachable pointer/array/length pattern block(s) near sensitive or structural lines,
devign,05_codexglue_devign_6599,C:\Users\weijt\Desktop\UNSW\COMP9900\project\capstone-project-26t2-9900-t17a-almond\input_sources\devign\05_codexglue_devign_6599.c,pattern_dead_code,2,2,generated,ran,False,0,0,4.58755812360323e-06,8.059164247242734e-05,7.600408434882411e-05,243,353,110,490,692,202,C:\Users\weijt\Desktop\UNSW\COMP9900\project\capstone-project-26t2-9900-t17a-almond\outputs\generated\full_budget_search_20260717\devign\runs\baseline\05_codexglue_devign_6599,C:\Users\weijt\Desktop\UNSW\COMP9900\project\capstone-project-26t2-9900-t17a-almond\outputs\generated\full_budget_search_20260717\devign\runs\perturbed\05_codexglue_devign_6599__pattern_dead_code__c2,C:\Users\weijt\Desktop\UNSW\COMP9900\project\capstone-project-26t2-9900-t17a-almond\outputs\generated\full_budget_search_20260717\devign\sources\05_codexglue_devign_6599__pattern_dead_code__c2.c,inserted 2 unreachable pointer/array/length pattern block(s) near sensitive or structural lines,
devign,05_codexglue_devign_6599,C:\Users\weijt\Desktop\UNSW\COMP9900\project\capstone-project-26t2-9900-t17a-almond\input_sources\devign\05_codexglue_devign_6599.c,pattern_dead_code,3,3,generated,ran,False,0,0,4.58755812360323e-06,8.059164247242734e-05,7.600408434882411e-05,243,408,165,490,793,303,C:\Users\weijt\Desktop\UNSW\COMP9900\project\capstone-project-26t2-9900-t17a-almond\outputs\generated\full_budget_search_20260717\devign\runs\baseline\05_codexglue_devign_6599,C:\Users\weijt\Desktop\UNSW\COMP9900\project\capstone-project-26t2-9900-t17a-almond\outputs\generated\full_budget_search_20260717\devign\runs\perturbed\05_codexglue_devign_6599__pattern_dead_code__c3,C:\Users\weijt\Desktop\UNSW\COMP9900\project\capstone-project-26t2-9900-t17a-almond\outputs\generated\full_budget_search_20260717\devign\sources\05_codexglue_devign_6599__pattern_dead_code__c3.c,inserted 3 unreachable pointer/array/length pattern block(s) near sensitive or structural lines,
devign,05_codexglue_devign_6599,C:\Users\weijt\Desktop\UNSW\COMP9900\project\capstone-project-26t2-9900-t17a-almond\input_sources\devign\05_codexglue_devign_6599.c,pattern_dead_code,5,5,generated,ran,False,0,0,4.58755812360323e-06,8.059164247242734e-05,7.600408434882411e-05,243,518,275,490,995,505,C:\Users\weijt\Desktop\UNSW\COMP9900\project\capstone-project-26t2-9900-t17a-almond\outputs\generated\full_budget_search_20260717\devign\runs\baseline\05_codexglue_devign_6599,C:\Users\weijt\Desktop\UNSW\COMP9900\project\capstone-project-26t2-9900-t17a-almond\outputs\generated\full_budget_search_20260717\devign\runs\perturbed\05_codexglue_devign_6599__pattern_dead_code__c5,C:\Users\weijt\Desktop\UNSW\COMP9900\project\capstone-project-26t2-9900-t17a-almond\outputs\generated\full_budget_search_20260717\devign\sources\05_codexglue_devign_6599__pattern_dead_code__c5.c,inserted 5 unreachable pointer/array/length pattern block(s) near sensitive or structural lines,
devign,05_codexglue_devign_6599,C:\Users\weijt\Desktop\UNSW\COMP9900\project\capstone-project-26t2-9900-t17a-almond\input_sources\devign\05_codexglue_devign_6599.c,control_wrapper,1,1,generated,ran,False,0,0,4.58755812360323e-06,1.6275123471132247e-08,-4.571283000132098e-06,243,247,4,490,502,12,C:\Users\weijt\Desktop\UNSW\COMP9900\project\capstone-project-26t2-9900-t17a-almond\outputs\generated\full_budget_search_20260717\devign\runs\baseline\05_codexglue_devign_6599,C:\Users\weijt\Desktop\UNSW\COMP9900\project\capstone-project-26t2-9900-t17a-almond\outputs\generated\full_budget_search_20260717\devign\runs\perturbed\05_codexglue_devign_6599__control_wrapper__c1,C:\Users\weijt\Desktop\UNSW\COMP9900\project\capstone-project-26t2-9900-t17a-almond\outputs\generated\full_budget_search_20260717\devign\sources\05_codexglue_devign_6599__control_wrapper__c1.c,wrapped 1 safe single-line statement(s) with if (1) blocks,
devign,05_codexglue_devign_6599,C:\Users\weijt\Desktop\UNSW\COMP9900\project\capstone-project-26t2-9900-t17a-almond\input_sources\devign\05_codexglue_devign_6599.c,control_wrapper,2,2,generated,ran,False,0,0,4.58755812360323e-06,5.6734513975698064e-08,-4.530823609627532e-06,243,251,8,490,513,23,C:\Users\weijt\Desktop\UNSW\COMP9900\project\capstone-project-26t2-9900-t17a-almond\outputs\generated\full_budget_search_20260717\devign\runs\baseline\05_codexglue_devign_6599,C:\Users\weijt\Desktop\UNSW\COMP9900\project\capstone-project-26t2-9900-t17a-almond\outputs\generated\full_budget_search_20260717\devign\runs\perturbed\05_codexglue_devign_6599__control_wrapper__c2,C:\Users\weijt\Desktop\UNSW\COMP9900\project\capstone-project-26t2-9900-t17a-almond\outputs\generated\full_budget_search_20260717\devign\sources\05_codexglue_devign_6599__control_wrapper__c2.c,wrapped 2 safe single-line statement(s) with if (1) blocks,
devign,05_codexglue_devign_6599,C:\Users\weijt\Desktop\UNSW\COMP9900\project\capstone-project-26t2-9900-t17a-almond\input_sources\devign\05_codexglue_devign_6599.c,control_wrapper,3,3,generated,ran,False,0,0,4.58755812360323e-06,5.111351129016839e-07,-4.0764230107015464e-06,243,255,12,490,524,34,C:\Users\weijt\Desktop\UNSW\COMP9900\project\capstone-project-26t2-9900-t17a-almond\outputs\generated\full_budget_search_20260717\devign\runs\baseline\05_codexglue_devign_6599,C:\Users\weijt\Desktop\UNSW\COMP9900\project\capstone-project-26t2-9900-t17a-almond\outputs\generated\full_budget_search_20260717\devign\runs\perturbed\05_codexglue_devign_6599__control_wrapper__c3,C:\Users\weijt\Desktop\UNSW\COMP9900\project\capstone-project-26t2-9900-t17a-almond\outputs\generated\full_budget_search_20260717\devign\sources\05_codexglue_devign_6599__control_wrapper__c3.c,wrapped 3 safe single-line statement(s) with if (1) blocks,
devign,05_codexglue_devign_6599,C:\Users\weijt\Desktop\UNSW\COMP9900\project\capstone-project-26t2-9900-t17a-almond\input_sources\devign\05_codexglue_devign_6599.c,control_wrapper,5,5,generated,ran,False,0,0,4.58755812360323e-06,3.108106739091454e-06,-1.4794513845117763e-06,243,263,20,490,546,56,C:\Users\weijt\Desktop\UNSW\COMP9900\project\capstone-project-26t2-9900-t17a-almond\outputs\generated\full_budget_search_20260717\devign\runs\baseline\05_codexglue_devign_6599,C:\Users\weijt\Desktop\UNSW\COMP9900\project\capstone-project-26t2-9900-t17a-almond\outputs\generated\full_budget_search_20260717\devign\runs\perturbed\05_codexglue_devign_6599__control_wrapper__c5,C:\Users\weijt\Desktop\UNSW\COMP9900\project\capstone-project-26t2-9900-t17a-almond\outputs\generated\full_budget_search_20260717\devign\sources\05_codexglue_devign_6599__control_wrapper__c5.c,wrapped 5 safe single-line statement(s) with if (1) blocks,
devign,05_codexglue_devign_6599,C:\Users\weijt\Desktop\UNSW\COMP9900\project\capstone-project-26t2-9900-t17a-almond\input_sources\devign\05_codexglue_devign_6599.c,temp_variable_split,1,1,generated,ran,False,0,0,4.58755812360323e-06,6.326641596388072e-05,5.867885784027749e-05,243,251,8,490,507,17,C:\Users\weijt\Desktop\UNSW\COMP9900\project\capstone-project-26t2-9900-t17a-almond\outputs\generated\full_budget_search_20260717\devign\runs\baseline\05_codexglue_devign_6599,C:\Users\weijt\Desktop\UNSW\COMP9900\project\capstone-project-26t2-9900-t17a-almond\outputs\generated\full_budget_search_20260717\devign\runs\perturbed\05_codexglue_devign_6599__temp_variable_split__c1,C:\Users\weijt\Desktop\UNSW\COMP9900\project\capstone-project-26t2-9900-t17a-almond\outputs\generated\full_budget_search_20260717\devign\sources\05_codexglue_devign_6599__temp_variable_split__c1.c,split 1 simple assignment(s) through temporary integer variables,
devign,05_codexglue_devign_6599,C:\Users\weijt\Desktop\UNSW\COMP9900\project\capstone-project-26t2-9900-t17a-almond\input_sources\devign\05_codexglue_devign_6599.c,temp_variable_split,2,1,partial,run_partial,False,0,0,4.58755812360323e-06,6.326641596388072e-05,5.867885784027749e-05,243,251,8,490,507,17,C:\Users\weijt\Desktop\UNSW\COMP9900\project\capstone-project-26t2-9900-t17a-almond\outputs\generated\full_budget_search_20260717\devign\runs\baseline\05_codexglue_devign_6599,C:\Users\weijt\Desktop\UNSW\COMP9900\project\capstone-project-26t2-9900-t17a-almond\outputs\generated\full_budget_search_20260717\devign\runs\perturbed\05_codexglue_devign_6599__temp_variable_split__c2,C:\Users\weijt\Desktop\UNSW\COMP9900\project\capstone-project-26t2-9900-t17a-almond\outputs\generated\full_budget_search_20260717\devign\sources\05_codexglue_devign_6599__temp_variable_split__c2.c,split 1 simple assignment(s) through temporary integer variables,
devign,06_codexglue_devign_15513,C:\Users\weijt\Desktop\UNSW\COMP9900\project\capstone-project-26t2-9900-t17a-almond\input_sources\devign\06_codexglue_devign_15513.c,data_flow_alias,1,1,generated,ran,False,0,0,5.729157419409603e-05,0.0014286251971498132,0.0013713336229557171,67,85,18,130,169,39,C:\Users\weijt\Desktop\UNSW\COMP9900\project\capstone-project-26t2-9900-t17a-almond\outputs\generated\full_budget_search_20260717\devign\runs\baseline\06_codexglue_devign_15513,C:\Users\weijt\Desktop\UNSW\COMP9900\project\capstone-project-26t2-9900-t17a-almond\outputs\generated\full_budget_search_20260717\devign\runs\perturbed\06_codexglue_devign_15513__data_flow_alias__c1,C:\Users\weijt\Desktop\UNSW\COMP9900\project\capstone-project-26t2-9900-t17a-almond\outputs\generated\full_budget_search_20260717\devign\sources\06_codexglue_devign_15513__data_flow_alias__c1.c,inserted 1 alias-preserving data-flow no-op(s) near call arguments,
devign,06_codexglue_devign_15513,C:\Users\weijt\Desktop\UNSW\COMP9900\project\capstone-project-26t2-9900-t17a-almond\input_sources\devign\06_codexglue_devign_15513.c,data_flow_alias,2,2,generated,ran,False,0,0,5.729157419409603e-05,0.0014286251971498132,0.0013713336229557171,67,103,36,130,208,78,C:\Users\weijt\Desktop\UNSW\COMP9900\project\capstone-project-26t2-9900-t17a-almond\outputs\generated\full_budget_search_20260717\devign\runs\baseline\06_codexglue_devign_15513,C:\Users\weijt\Desktop\UNSW\COMP9900\project\capstone-project-26t2-9900-t17a-almond\outputs\generated\full_budget_search_20260717\devign\runs\perturbed\06_codexglue_devign_15513__data_flow_alias__c2,C:\Users\weijt\Desktop\UNSW\COMP9900\project\capstone-project-26t2-9900-t17a-almond\outputs\generated\full_budget_search_20260717\devign\sources\06_codexglue_devign_15513__data_flow_alias__c2.c,inserted 2 alias-preserving data-flow no-op(s) near call arguments,
devign,06_codexglue_devign_15513,C:\Users\weijt\Desktop\UNSW\COMP9900\project\capstone-project-26t2-9900-t17a-almond\input_sources\devign\06_codexglue_devign_15513.c,data_flow_alias,3,3,generated,ran,False,0,0,5.729157419409603e-05,0.0014286251971498132,0.0013713336229557171,67,103,36,130,208,78,C:\Users\weijt\Desktop\UNSW\COMP9900\project\capstone-project-26t2-9900-t17a-almond\outputs\generated\full_budget_search_20260717\devign\runs\baseline\06_codexglue_devign_15513,C:\Users\weijt\Desktop\UNSW\COMP9900\project\capstone-project-26t2-9900-t17a-almond\outputs\generated\full_budget_search_20260717\devign\runs\perturbed\06_codexglue_devign_15513__data_flow_alias__c3,C:\Users\weijt\Desktop\UNSW\COMP9900\project\capstone-project-26t2-9900-t17a-almond\outputs\generated\full_budget_search_20260717\devign\sources\06_codexglue_devign_15513__data_flow_alias__c3.c,inserted 3 alias-preserving data-flow no-op(s) near call arguments,
devign,06_codexglue_devign_15513,C:\Users\weijt\Desktop\UNSW\COMP9900\project\capstone-project-26t2-9900-t17a-almond\input_sources\devign\06_codexglue_devign_15513.c,data_flow_alias,5,5,generated,ran,False,0,0,5.729157419409603e-05,0.0014286251971498132,0.0013713336229557171,67,103,36,130,208,78,C:\Users\weijt\Desktop\UNSW\COMP9900\project\capstone-project-26t2-9900-t17a-almond\outputs\generated\full_budget_search_20260717\devign\runs\baseline\06_codexglue_devign_15513,C:\Users\weijt\Desktop\UNSW\COMP9900\project\capstone-project-26t2-9900-t17a-almond\outputs\generated\full_budget_search_20260717\devign\runs\perturbed\06_codexglue_devign_15513__data_flow_alias__c5,C:\Users\weijt\Desktop\UNSW\COMP9900\project\capstone-project-26t2-9900-t17a-almond\outputs\generated\full_budget_search_20260717\devign\sources\06_codexglue_devign_15513__data_flow_alias__c5.c,inserted 5 alias-preserving data-flow no-op(s) near call arguments,
devign,06_codexglue_devign_15513,C:\Users\weijt\Desktop\UNSW\COMP9900\project\capstone-project-26t2-9900-t17a-almond\input_sources\devign\06_codexglue_devign_15513.c,dead_statement,1,1,generated,ran,False,0,0,5.729157419409603e-05,0.0014286251971498132,0.0013713336229557171,67,79,12,130,157,27,C:\Users\weijt\Desktop\UNSW\COMP9900\project\capstone-project-26t2-9900-t17a-almond\outputs\generated\full_budget_search_20260717\devign\runs\baseline\06_codexglue_devign_15513,C:\Users\weijt\Desktop\UNSW\COMP9900\project\capstone-project-26t2-9900-t17a-almond\outputs\generated\full_budget_search_20260717\devign\runs\perturbed\06_codexglue_devign_15513__dead_statement__c1,C:\Users\weijt\Desktop\UNSW\COMP9900\project\capstone-project-26t2-9900-t17a-almond\outputs\generated\full_budget_search_20260717\devign\sources\06_codexglue_devign_15513__dead_statement__c1.c,inserted 1 harmless dummy integer statement pair(s) after first function brace,
devign,06_codexglue_devign_15513,C:\Users\weijt\Desktop\UNSW\COMP9900\project\capstone-project-26t2-9900-t17a-almond\input_sources\devign\06_codexglue_devign_15513.c,dead_statement,2,2,generated,ran,False,0,0,5.729157419409603e-05,0.006534762214869261,0.006477470640675165,67,91,24,130,184,54,C:\Users\weijt\Desktop\UNSW\COMP9900\project\capstone-project-26t2-9900-t17a-almond\outputs\generated\full_budget_search_20260717\devign\runs\baseline\06_codexglue_devign_15513,C:\Users\weijt\Desktop\UNSW\COMP9900\project\capstone-project-26t2-9900-t17a-almond\outputs\generated\full_budget_search_20260717\devign\runs\perturbed\06_codexglue_devign_15513__dead_statement__c2,C:\Users\weijt\Desktop\UNSW\COMP9900\project\capstone-project-26t2-9900-t17a-almond\outputs\generated\full_budget_search_20260717\devign\sources\06_codexglue_devign_15513__dead_statement__c2.c,inserted 2 harmless dummy integer statement pair(s) after first function brace,
devign,06_codexglue_devign_15513,C:\Users\weijt\Desktop\UNSW\COMP9900\project\capstone-project-26t2-9900-t17a-almond\input_sources\devign\06_codexglue_devign_15513.c,dead_statement,3,3,generated,ran,False,0,0,5.729157419409603e-05,0.000360658741556108,0.00030336716736201197,67,103,36,130,211,81,C:\Users\weijt\Desktop\UNSW\COMP9900\project\capstone-project-26t2-9900-t17a-almond\outputs\generated\full_budget_search_20260717\devign\runs\baseline\06_codexglue_devign_15513,C:\Users\weijt\Desktop\UNSW\COMP9900\project\capstone-project-26t2-9900-t17a-almond\outputs\generated\full_budget_search_20260717\devign\runs\perturbed\06_codexglue_devign_15513__dead_statement__c3,C:\Users\weijt\Desktop\UNSW\COMP9900\project\capstone-project-26t2-9900-t17a-almond\outputs\generated\full_budget_search_20260717\devign\sources\06_codexglue_devign_15513__dead_statement__c3.c,inserted 3 harmless dummy integer statement pair(s) after first function brace,
devign,06_codexglue_devign_15513,C:\Users\weijt\Desktop\UNSW\COMP9900\project\capstone-project-26t2-9900-t17a-almond\input_sources\devign\06_codexglue_devign_15513.c,dead_statement,5,5,generated,ran,False,0,0,5.729157419409603e-05,0.0014286251971498132,0.0013713336229557171,67,127,60,130,265,135,C:\Users\weijt\Desktop\UNSW\COMP9900\project\capstone-project-26t2-9900-t17a-almond\outputs\generated\full_budget_search_20260717\devign\runs\baseline\06_codexglue_devign_15513,C:\Users\weijt\Desktop\UNSW\COMP9900\project\capstone-project-26t2-9900-t17a-almond\outputs\generated\full_budget_search_20260717\devign\runs\perturbed\06_codexglue_devign_15513__dead_statement__c5,C:\Users\weijt\Desktop\UNSW\COMP9900\project\capstone-project-26t2-9900-t17a-almond\outputs\generated\full_budget_search_20260717\devign\sources\06_codexglue_devign_15513__dead_statement__c5.c,inserted 5 harmless dummy integer statement pair(s) after first function brace,
devign,06_codexglue_devign_15513,C:\Users\weijt\Desktop\UNSW\COMP9900\project\capstone-project-26t2-9900-t17a-almond\input_sources\devign\06_codexglue_devign_15513.c,xfg_targeted_dead_code,1,1,generated,ran,False,0,0,5.729157419409603e-05,0.006534762214869261,0.006477470640675165,67,83,16,130,166,36,C:\Users\weijt\Desktop\UNSW\COMP9900\project\capstone-project-26t2-9900-t17a-almond\outputs\generated\full_budget_search_20260717\devign\runs\baseline\06_codexglue_devign_15513,C:\Users\weijt\Desktop\UNSW\COMP9900\project\capstone-project-26t2-9900-t17a-almond\outputs\generated\full_budget_search_20260717\devign\runs\perturbed\06_codexglue_devign_15513__xfg_targeted_dead_code__c1,C:\Users\weijt\Desktop\UNSW\COMP9900\project\capstone-project-26t2-9900-t17a-almond\outputs\generated\full_budget_search_20260717\devign\sources\06_codexglue_devign_15513__xfg_targeted_dead_code__c1.c,inserted 1 unreachable no-op block(s) near XFG-relevant target lines,
devign,06_codexglue_devign_15513,C:\Users\weijt\Desktop\UNSW\COMP9900\project\capstone-project-26t2-9900-t17a-almond\input_sources\devign\06_codexglue_devign_15513.c,xfg_targeted_dead_code,2,2,generated,ran,False,0,0,5.729157419409603e-05,0.0014020155649632215,0.0013447239907691255,67,99,32,130,202,72,C:\Users\weijt\Desktop\UNSW\COMP9900\project\capstone-project-26t2-9900-t17a-almond\outputs\generated\full_budget_search_20260717\devign\runs\baseline\06_codexglue_devign_15513,C:\Users\weijt\Desktop\UNSW\COMP9900\project\capstone-project-26t2-9900-t17a-almond\outputs\generated\full_budget_search_20260717\devign\runs\perturbed\06_codexglue_devign_15513__xfg_targeted_dead_code__c2,C:\Users\weijt\Desktop\UNSW\COMP9900\project\capstone-project-26t2-9900-t17a-almond\outputs\generated\full_budget_search_20260717\devign\sources\06_codexglue_devign_15513__xfg_targeted_dead_code__c2.c,inserted 2 unreachable no-op block(s) near XFG-relevant target lines,
devign,06_codexglue_devign_15513,C:\Users\weijt\Desktop\UNSW\COMP9900\project\capstone-project-26t2-9900-t17a-almond\input_sources\devign\06_codexglue_devign_15513.c,xfg_targeted_dead_code,3,3,generated,ran,False,0,0,5.729157419409603e-05,0.0014020155649632215,0.0013447239907691255,67,115,48,130,238,108,C:\Users\weijt\Desktop\UNSW\COMP9900\project\capstone-project-26t2-9900-t17a-almond\outputs\generated\full_budget_search_20260717\devign\runs\baseline\06_codexglue_devign_15513,C:\Users\weijt\Desktop\UNSW\COMP9900\project\capstone-project-26t2-9900-t17a-almond\outputs\generated\full_budget_search_20260717\devign\runs\perturbed\06_codexglue_devign_15513__xfg_targeted_dead_code__c3,C:\Users\weijt\Desktop\UNSW\COMP9900\project\capstone-project-26t2-9900-t17a-almond\outputs\generated\full_budget_search_20260717\devign\sources\06_codexglue_devign_15513__xfg_targeted_dead_code__c3.c,inserted 3 unreachable no-op block(s) near XFG-relevant target lines,
devign,06_codexglue_devign_15513,C:\Users\weijt\Desktop\UNSW\COMP9900\project\capstone-project-26t2-9900-t17a-almond\input_sources\devign\06_codexglue_devign_15513.c,xfg_targeted_dead_code,5,5,generated,ran,False,0,0,5.729157419409603e-05,0.0018105299677699804,0.0017532383935758844,67,147,80,130,310,180,C:\Users\weijt\Desktop\UNSW\COMP9900\project\capstone-project-26t2-9900-t17a-almond\outputs\generated\full_budget_search_20260717\devign\runs\baseline\06_codexglue_devign_15513,C:\Users\weijt\Desktop\UNSW\COMP9900\project\capstone-project-26t2-9900-t17a-almond\outputs\generated\full_budget_search_20260717\devign\runs\perturbed\06_codexglue_devign_15513__xfg_targeted_dead_code__c5,C:\Users\weijt\Desktop\UNSW\COMP9900\project\capstone-project-26t2-9900-t17a-almond\outputs\generated\full_budget_search_20260717\devign\sources\06_codexglue_devign_15513__xfg_targeted_dead_code__c5.c,inserted 5 unreachable no-op block(s) near XFG-relevant target lines,
devign,06_codexglue_devign_15513,C:\Users\weijt\Desktop\UNSW\COMP9900\project\capstone-project-26t2-9900-t17a-almond\input_sources\devign\06_codexglue_devign_15513.c,range_clamp,1,0,skipped,ran,,,,,,,,,,,,,C:\Users\weijt\Desktop\UNSW\COMP9900\project\capstone-project-26t2-9900-t17a-almond\outputs\generated\full_budget_search_20260717\devign\runs\baseline\06_codexglue_devign_15513,,,no sensitive call with a clampable size/count argument found,
devign,06_codexglue_devign_15513,C:\Users\weijt\Desktop\UNSW\COMP9900\project\capstone-project-26t2-9900-t17a-almond\input_sources\devign\06_codexglue_devign_15513.c,safe_source_substitution,1,0,skipped,ran,,,,,,,,,,,,,C:\Users\weijt\Desktop\UNSW\COMP9900\project\capstone-project-26t2-9900-t17a-almond\outputs\generated\full_budget_search_20260717\devign\runs\baseline\06_codexglue_devign_15513,,,no nested pointer dereference source found,
devign,06_codexglue_devign_15513,C:\Users\weijt\Desktop\UNSW\COMP9900\project\capstone-project-26t2-9900-t17a-almond\input_sources\devign\06_codexglue_devign_15513.c,sink_bound_guard,1,0,skipped,ran,,,,,,,,,,,,,C:\Users\weijt\Desktop\UNSW\COMP9900\project\capstone-project-26t2-9900-t17a-almond\outputs\generated\full_budget_search_20260717\devign\runs\baseline\06_codexglue_devign_15513,,,no sensitive sink call found for bound guard insertion,
devign,06_codexglue_devign_15513,C:\Users\weijt\Desktop\UNSW\COMP9900\project\capstone-project-26t2-9900-t17a-almond\input_sources\devign\06_codexglue_devign_15513.c,postcondition_validation,1,0,skipped,ran,,,,,,,,,,,,,C:\Users\weijt\Desktop\UNSW\COMP9900\project\capstone-project-26t2-9900-t17a-almond\outputs\generated\full_budget_search_20260717\devign\runs\baseline\06_codexglue_devign_15513,,,no matching *_count/*_read pair found for postcondition validation,
devign,06_codexglue_devign_15513,C:\Users\weijt\Desktop\UNSW\COMP9900\project\capstone-project-26t2-9900-t17a-almond\input_sources\devign\06_codexglue_devign_15513.c,integer_overflow_guard,1,0,skipped,ran,,,,,,,,,,,,,C:\Users\weijt\Desktop\UNSW\COMP9900\project\capstone-project-26t2-9900-t17a-almond\outputs\generated\full_budget_search_20260717\devign\runs\baseline\06_codexglue_devign_15513,,,no allocation size addition or multiplication expression found,
devign,06_codexglue_devign_15513,C:\Users\weijt\Desktop\UNSW\COMP9900\project\capstone-project-26t2-9900-t17a-almond\input_sources\devign\06_codexglue_devign_15513.c,array_index_bound_guard,1,0,skipped,ran,,,,,,,,,,,,,C:\Users\weijt\Desktop\UNSW\COMP9900\project\capstone-project-26t2-9900-t17a-almond\outputs\generated\full_budget_search_20260717\devign\runs\baseline\06_codexglue_devign_15513,,,no array write found for index bound guard,
devign,06_codexglue_devign_15513,C:\Users\weijt\Desktop\UNSW\COMP9900\project\capstone-project-26t2-9900-t17a-almond\input_sources\devign\06_codexglue_devign_15513.c,wide_char_sink_guard,1,0,skipped,ran,,,,,,,,,,,,,C:\Users\weijt\Desktop\UNSW\COMP9900\project\capstone-project-26t2-9900-t17a-almond\outputs\generated\full_budget_search_20260717\devign\runs\baseline\06_codexglue_devign_15513,,,no wcscat/wcscpy wide-character sink found,
devign,06_codexglue_devign_15513,C:\Users\weijt\Desktop\UNSW\COMP9900\project\capstone-project-26t2-9900-t17a-almond\input_sources\devign\06_codexglue_devign_15513.c,pattern_dead_code,1,1,generated,ran,False,0,0,5.729157419409603e-05,0.0014286251971498132,0.0013713336229557171,67,122,55,130,231,101,C:\Users\weijt\Desktop\UNSW\COMP9900\project\capstone-project-26t2-9900-t17a-almond\outputs\generated\full_budget_search_20260717\devign\runs\baseline\06_codexglue_devign_15513,C:\Users\weijt\Desktop\UNSW\COMP9900\project\capstone-project-26t2-9900-t17a-almond\outputs\generated\full_budget_search_20260717\devign\runs\perturbed\06_codexglue_devign_15513__pattern_dead_code__c1,C:\Users\weijt\Desktop\UNSW\COMP9900\project\capstone-project-26t2-9900-t17a-almond\outputs\generated\full_budget_search_20260717\devign\sources\06_codexglue_devign_15513__pattern_dead_code__c1.c,inserted 1 unreachable pointer/array/length pattern block(s) near sensitive or structural lines,
devign,06_codexglue_devign_15513,C:\Users\weijt\Desktop\UNSW\COMP9900\project\capstone-project-26t2-9900-t17a-almond\input_sources\devign\06_codexglue_devign_15513.c,pattern_dead_code,2,2,generated,ran,False,0,0,5.729157419409603e-05,0.0014286251971498132,0.0013713336229557171,67,177,110,130,332,202,C:\Users\weijt\Desktop\UNSW\COMP9900\project\capstone-project-26t2-9900-t17a-almond\outputs\generated\full_budget_search_20260717\devign\runs\baseline\06_codexglue_devign_15513,C:\Users\weijt\Desktop\UNSW\COMP9900\project\capstone-project-26t2-9900-t17a-almond\outputs\generated\full_budget_search_20260717\devign\runs\perturbed\06_codexglue_devign_15513__pattern_dead_code__c2,C:\Users\weijt\Desktop\UNSW\COMP9900\project\capstone-project-26t2-9900-t17a-almond\outputs\generated\full_budget_search_20260717\devign\sources\06_codexglue_devign_15513__pattern_dead_code__c2.c,inserted 2 unreachable pointer/array/length pattern block(s) near sensitive or structural lines,
devign,06_codexglue_devign_15513,C:\Users\weijt\Desktop\UNSW\COMP9900\project\capstone-project-26t2-9900-t17a-almond\input_sources\devign\06_codexglue_devign_15513.c,pattern_dead_code,3,3,generated,ran,False,0,0,5.729157419409603e-05,0.0014286251971498132,0.0013713336229557171,67,232,165,130,433,303,C:\Users\weijt\Desktop\UNSW\COMP9900\project\capstone-project-26t2-9900-t17a-almond\outputs\generated\full_budget_search_20260717\devign\runs\baseline\06_codexglue_devign_15513,C:\Users\weijt\Desktop\UNSW\COMP9900\project\capstone-project-26t2-9900-t17a-almond\outputs\generated\full_budget_search_20260717\devign\runs\perturbed\06_codexglue_devign_15513__pattern_dead_code__c3,C:\Users\weijt\Desktop\UNSW\COMP9900\project\capstone-project-26t2-9900-t17a-almond\outputs\generated\full_budget_search_20260717\devign\sources\06_codexglue_devign_15513__pattern_dead_code__c3.c,inserted 3 unreachable pointer/array/length pattern block(s) near sensitive or structural lines,
devign,06_codexglue_devign_15513,C:\Users\weijt\Desktop\UNSW\COMP9900\project\capstone-project-26t2-9900-t17a-almond\input_sources\devign\06_codexglue_devign_15513.c,pattern_dead_code,5,5,generated,ran,False,0,0,5.729157419409603e-05,0.002604084089398384,0.002546792515204288,67,342,275,130,635,505,C:\Users\weijt\Desktop\UNSW\COMP9900\project\capstone-project-26t2-9900-t17a-almond\outputs\generated\full_budget_search_20260717\devign\runs\baseline\06_codexglue_devign_15513,C:\Users\weijt\Desktop\UNSW\COMP9900\project\capstone-project-26t2-9900-t17a-almond\outputs\generated\full_budget_search_20260717\devign\runs\perturbed\06_codexglue_devign_15513__pattern_dead_code__c5,C:\Users\weijt\Desktop\UNSW\COMP9900\project\capstone-project-26t2-9900-t17a-almond\outputs\generated\full_budget_search_20260717\devign\sources\06_codexglue_devign_15513__pattern_dead_code__c5.c,inserted 5 unreachable pointer/array/length pattern block(s) near sensitive or structural lines,
devign,06_codexglue_devign_15513,C:\Users\weijt\Desktop\UNSW\COMP9900\project\capstone-project-26t2-9900-t17a-almond\input_sources\devign\06_codexglue_devign_15513.c,control_wrapper,1,1,generated,ran,False,0,0,5.729157419409603e-05,0.000515173829626292,0.00045788225543219596,67,71,4,130,139,9,C:\Users\weijt\Desktop\UNSW\COMP9900\project\capstone-project-26t2-9900-t17a-almond\outputs\generated\full_budget_search_20260717\devign\runs\baseline\06_codexglue_devign_15513,C:\Users\weijt\Desktop\UNSW\COMP9900\project\capstone-project-26t2-9900-t17a-almond\outputs\generated\full_budget_search_20260717\devign\runs\perturbed\06_codexglue_devign_15513__control_wrapper__c1,C:\Users\weijt\Desktop\UNSW\COMP9900\project\capstone-project-26t2-9900-t17a-almond\outputs\generated\full_budget_search_20260717\devign\sources\06_codexglue_devign_15513__control_wrapper__c1.c,wrapped 1 safe single-line statement(s) with if (1) blocks,
devign,06_codexglue_devign_15513,C:\Users\weijt\Desktop\UNSW\COMP9900\project\capstone-project-26t2-9900-t17a-almond\input_sources\devign\06_codexglue_devign_15513.c,control_wrapper,2,2,generated,ran,False,0,0,5.729157419409603e-05,0.000515173829626292,0.00045788225543219596,67,75,8,130,148,18,C:\Users\weijt\Desktop\UNSW\COMP9900\project\capstone-project-26t2-9900-t17a-almond\outputs\generated\full_budget_search_20260717\devign\runs\baseline\06_codexglue_devign_15513,C:\Users\weijt\Desktop\UNSW\COMP9900\project\capstone-project-26t2-9900-t17a-almond\outputs\generated\full_budget_search_20260717\devign\runs\perturbed\06_codexglue_devign_15513__control_wrapper__c2,C:\Users\weijt\Desktop\UNSW\COMP9900\project\capstone-project-26t2-9900-t17a-almond\outputs\generated\full_budget_search_20260717\devign\sources\06_codexglue_devign_15513__control_wrapper__c2.c,wrapped 2 safe single-line statement(s) with if (1) blocks,
devign,06_codexglue_devign_15513,C:\Users\weijt\Desktop\UNSW\COMP9900\project\capstone-project-26t2-9900-t17a-almond\input_sources\devign\06_codexglue_devign_15513.c,control_wrapper,3,3,generated,ran,False,0,0,5.729157419409603e-05,0.000515173829626292,0.00045788225543219596,67,75,8,130,148,18,C:\Users\weijt\Desktop\UNSW\COMP9900\project\capstone-project-26t2-9900-t17a-almond\outputs\generated\full_budget_search_20260717\devign\runs\baseline\06_codexglue_devign_15513,C:\Users\weijt\Desktop\UNSW\COMP9900\project\capstone-project-26t2-9900-t17a-almond\outputs\generated\full_budget_search_20260717\devign\runs\perturbed\06_codexglue_devign_15513__control_wrapper__c3,C:\Users\weijt\Desktop\UNSW\COMP9900\project\capstone-project-26t2-9900-t17a-almond\outputs\generated\full_budget_search_20260717\devign\sources\06_codexglue_devign_15513__control_wrapper__c3.c,wrapped 3 safe single-line statement(s) with if (1) blocks,
devign,06_codexglue_devign_15513,C:\Users\weijt\Desktop\UNSW\COMP9900\project\capstone-project-26t2-9900-t17a-almond\input_sources\devign\06_codexglue_devign_15513.c,control_wrapper,5,5,generated,ran,False,0,0,5.729157419409603e-05,0.000515173829626292,0.00045788225543219596,67,75,8,130,148,18,C:\Users\weijt\Desktop\UNSW\COMP9900\project\capstone-project-26t2-9900-t17a-almond\outputs\generated\full_budget_search_20260717\devign\runs\baseline\06_codexglue_devign_15513,C:\Users\weijt\Desktop\UNSW\COMP9900\project\capstone-project-26t2-9900-t17a-almond\outputs\generated\full_budget_search_20260717\devign\runs\perturbed\06_codexglue_devign_15513__control_wrapper__c5,C:\Users\weijt\Desktop\UNSW\COMP9900\project\capstone-project-26t2-9900-t17a-almond\outputs\generated\full_budget_search_20260717\devign\sources\06_codexglue_devign_15513__control_wrapper__c5.c,wrapped 5 safe single-line statement(s) with if (1) blocks,
devign,06_codexglue_devign_15513,C:\Users\weijt\Desktop\UNSW\COMP9900\project\capstone-project-26t2-9900-t17a-almond\input_sources\devign\06_codexglue_devign_15513.c,temp_variable_split,1,0,skipped,ran,,,,,,,,,,,,,C:\Users\weijt\Desktop\UNSW\COMP9900\project\capstone-project-26t2-9900-t17a-almond\outputs\generated\full_budget_search_20260717\devign\runs\baseline\06_codexglue_devign_15513,,,no simple integer-like assignment candidate found,
devign,07_codexglue_devign_4012,C:\Users\weijt\Desktop\UNSW\COMP9900\project\capstone-project-26t2-9900-t17a-almond\input_sources\devign\07_codexglue_devign_4012.c,data_flow_alias,1,1,generated,ran,False,1,1,0.8989209532737732,0.8047762513160706,-0.09414470195770264,698,716,18,1523,1562,39,C:\Users\weijt\Desktop\UNSW\COMP9900\project\capstone-project-26t2-9900-t17a-almond\outputs\generated\full_budget_search_20260717\devign\runs\baseline\07_codexglue_devign_4012,C:\Users\weijt\Desktop\UNSW\COMP9900\project\capstone-project-26t2-9900-t17a-almond\outputs\generated\full_budget_search_20260717\devign\runs\perturbed\07_codexglue_devign_4012__data_flow_alias__c1,C:\Users\weijt\Desktop\UNSW\COMP9900\project\capstone-project-26t2-9900-t17a-almond\outputs\generated\full_budget_search_20260717\devign\sources\07_codexglue_devign_4012__data_flow_alias__c1.c,inserted 1 alias-preserving data-flow no-op(s) near call arguments,
devign,07_codexglue_devign_4012,C:\Users\weijt\Desktop\UNSW\COMP9900\project\capstone-project-26t2-9900-t17a-almond\input_sources\devign\07_codexglue_devign_4012.c,data_flow_alias,2,2,generated,ran,False,1,1,0.8989209532737732,0.6041640043258667,-0.2947569489479065,698,734,36,1523,1601,78,C:\Users\weijt\Desktop\UNSW\COMP9900\project\capstone-project-26t2-9900-t17a-almond\outputs\generated\full_budget_search_20260717\devign\runs\baseline\07_codexglue_devign_4012,C:\Users\weijt\Desktop\UNSW\COMP9900\project\capstone-project-26t2-9900-t17a-almond\outputs\generated\full_budget_search_20260717\devign\runs\perturbed\07_codexglue_devign_4012__data_flow_alias__c2,C:\Users\weijt\Desktop\UNSW\COMP9900\project\capstone-project-26t2-9900-t17a-almond\outputs\generated\full_budget_search_20260717\devign\sources\07_codexglue_devign_4012__data_flow_alias__c2.c,inserted 2 alias-preserving data-flow no-op(s) near call arguments,
devign,07_codexglue_devign_4012,C:\Users\weijt\Desktop\UNSW\COMP9900\project\capstone-project-26t2-9900-t17a-almond\input_sources\devign\07_codexglue_devign_4012.c,data_flow_alias,3,3,generated,ran,False,1,1,0.8989209532737732,0.6041640043258667,-0.2947569489479065,698,752,54,1523,1640,117,C:\Users\weijt\Desktop\UNSW\COMP9900\project\capstone-project-26t2-9900-t17a-almond\outputs\generated\full_budget_search_20260717\devign\runs\baseline\07_codexglue_devign_4012,C:\Users\weijt\Desktop\UNSW\COMP9900\project\capstone-project-26t2-9900-t17a-almond\outputs\generated\full_budget_search_20260717\devign\runs\perturbed\07_codexglue_devign_4012__data_flow_alias__c3,C:\Users\weijt\Desktop\UNSW\COMP9900\project\capstone-project-26t2-9900-t17a-almond\outputs\generated\full_budget_search_20260717\devign\sources\07_codexglue_devign_4012__data_flow_alias__c3.c,inserted 3 alias-preserving data-flow no-op(s) near call arguments,
devign,07_codexglue_devign_4012,C:\Users\weijt\Desktop\UNSW\COMP9900\project\capstone-project-26t2-9900-t17a-almond\input_sources\devign\07_codexglue_devign_4012.c,data_flow_alias,5,5,generated,ran,False,1,1,0.8989209532737732,0.6041640043258667,-0.2947569489479065,698,790,92,1523,1719,196,C:\Users\weijt\Desktop\UNSW\COMP9900\project\capstone-project-26t2-9900-t17a-almond\outputs\generated\full_budget_search_20260717\devign\runs\baseline\07_codexglue_devign_4012,C:\Users\weijt\Desktop\UNSW\COMP9900\project\capstone-project-26t2-9900-t17a-almond\outputs\generated\full_budget_search_20260717\devign\runs\perturbed\07_codexglue_devign_4012__data_flow_alias__c5,C:\Users\weijt\Desktop\UNSW\COMP9900\project\capstone-project-26t2-9900-t17a-almond\outputs\generated\full_budget_search_20260717\devign\sources\07_codexglue_devign_4012__data_flow_alias__c5.c,inserted 5 alias-preserving data-flow no-op(s) near call arguments,
devign,07_codexglue_devign_4012,C:\Users\weijt\Desktop\UNSW\COMP9900\project\capstone-project-26t2-9900-t17a-almond\input_sources\devign\07_codexglue_devign_4012.c,dead_statement,1,1,generated,ran,False,1,1,0.8989209532737732,0.7512103319168091,-0.1477106213569641,698,710,12,1523,1550,27,C:\Users\weijt\Desktop\UNSW\COMP9900\project\capstone-project-26t2-9900-t17a-almond\outputs\generated\full_budget_search_20260717\devign\runs\baseline\07_codexglue_devign_4012,C:\Users\weijt\Desktop\UNSW\COMP9900\project\capstone-project-26t2-9900-t17a-almond\outputs\generated\full_budget_search_20260717\devign\runs\perturbed\07_codexglue_devign_4012__dead_statement__c1,C:\Users\weijt\Desktop\UNSW\COMP9900\project\capstone-project-26t2-9900-t17a-almond\outputs\generated\full_budget_search_20260717\devign\sources\07_codexglue_devign_4012__dead_statement__c1.c,inserted 1 harmless dummy integer statement pair(s) after first function brace,
devign,07_codexglue_devign_4012,C:\Users\weijt\Desktop\UNSW\COMP9900\project\capstone-project-26t2-9900-t17a-almond\input_sources\devign\07_codexglue_devign_4012.c,dead_statement,2,2,generated,ran,False,1,1,0.8989209532737732,0.7503923773765564,-0.1485285758972168,698,722,24,1523,1577,54,C:\Users\weijt\Desktop\UNSW\COMP9900\project\capstone-project-26t2-9900-t17a-almond\outputs\generated\full_budget_search_20260717\devign\runs\baseline\07_codexglue_devign_4012,C:\Users\weijt\Desktop\UNSW\COMP9900\project\capstone-project-26t2-9900-t17a-almond\outputs\generated\full_budget_search_20260717\devign\runs\perturbed\07_codexglue_devign_4012__dead_statement__c2,C:\Users\weijt\Desktop\UNSW\COMP9900\project\capstone-project-26t2-9900-t17a-almond\outputs\generated\full_budget_search_20260717\devign\sources\07_codexglue_devign_4012__dead_statement__c2.c,inserted 2 harmless dummy integer statement pair(s) after first function brace,
devign,07_codexglue_devign_4012,C:\Users\weijt\Desktop\UNSW\COMP9900\project\capstone-project-26t2-9900-t17a-almond\input_sources\devign\07_codexglue_devign_4012.c,dead_statement,3,3,generated,ran,False,1,1,0.8989209532737732,0.6041640043258667,-0.2947569489479065,698,734,36,1523,1604,81,C:\Users\weijt\Desktop\UNSW\COMP9900\project\capstone-project-26t2-9900-t17a-almond\outputs\generated\full_budget_search_20260717\devign\runs\baseline\07_codexglue_devign_4012,C:\Users\weijt\Desktop\UNSW\COMP9900\project\capstone-project-26t2-9900-t17a-almond\outputs\generated\full_budget_search_20260717\devign\runs\perturbed\07_codexglue_devign_4012__dead_statement__c3,C:\Users\weijt\Desktop\UNSW\COMP9900\project\capstone-project-26t2-9900-t17a-almond\outputs\generated\full_budget_search_20260717\devign\sources\07_codexglue_devign_4012__dead_statement__c3.c,inserted 3 harmless dummy integer statement pair(s) after first function brace,
devign,07_codexglue_devign_4012,C:\Users\weijt\Desktop\UNSW\COMP9900\project\capstone-project-26t2-9900-t17a-almond\input_sources\devign\07_codexglue_devign_4012.c,dead_statement,5,5,generated,ran,False,1,1,0.8989209532737732,0.6940308809280396,-0.20489007234573364,698,758,60,1523,1658,135,C:\Users\weijt\Desktop\UNSW\COMP9900\project\capstone-project-26t2-9900-t17a-almond\outputs\generated\full_budget_search_20260717\devign\runs\baseline\07_codexglue_devign_4012,C:\Users\weijt\Desktop\UNSW\COMP9900\project\capstone-project-26t2-9900-t17a-almond\outputs\generated\full_budget_search_20260717\devign\runs\perturbed\07_codexglue_devign_4012__dead_statement__c5,C:\Users\weijt\Desktop\UNSW\COMP9900\project\capstone-project-26t2-9900-t17a-almond\outputs\generated\full_budget_search_20260717\devign\sources\07_codexglue_devign_4012__dead_statement__c5.c,inserted 5 harmless dummy integer statement pair(s) after first function brace,
devign,07_codexglue_devign_4012,C:\Users\weijt\Desktop\UNSW\COMP9900\project\capstone-project-26t2-9900-t17a-almond\input_sources\devign\07_codexglue_devign_4012.c,xfg_targeted_dead_code,1,1,generated,ran,False,1,1,0.8989209532737732,0.7503923773765564,-0.1485285758972168,698,714,16,1523,1559,36,C:\Users\weijt\Desktop\UNSW\COMP9900\project\capstone-project-26t2-9900-t17a-almond\outputs\generated\full_budget_search_20260717\devign\runs\baseline\07_codexglue_devign_4012,C:\Users\weijt\Desktop\UNSW\COMP9900\project\capstone-project-26t2-9900-t17a-almond\outputs\generated\full_budget_search_20260717\devign\runs\perturbed\07_codexglue_devign_4012__xfg_targeted_dead_code__c1,C:\Users\weijt\Desktop\UNSW\COMP9900\project\capstone-project-26t2-9900-t17a-almond\outputs\generated\full_budget_search_20260717\devign\sources\07_codexglue_devign_4012__xfg_targeted_dead_code__c1.c,inserted 1 unreachable no-op block(s) near XFG-relevant target lines,
devign,07_codexglue_devign_4012,C:\Users\weijt\Desktop\UNSW\COMP9900\project\capstone-project-26t2-9900-t17a-almond\input_sources\devign\07_codexglue_devign_4012.c,xfg_targeted_dead_code,2,2,generated,ran,False,1,1,0.8989209532737732,0.6041640043258667,-0.2947569489479065,698,730,32,1523,1595,72,C:\Users\weijt\Desktop\UNSW\COMP9900\project\capstone-project-26t2-9900-t17a-almond\outputs\generated\full_budget_search_20260717\devign\runs\baseline\07_codexglue_devign_4012,C:\Users\weijt\Desktop\UNSW\COMP9900\project\capstone-project-26t2-9900-t17a-almond\outputs\generated\full_budget_search_20260717\devign\runs\perturbed\07_codexglue_devign_4012__xfg_targeted_dead_code__c2,C:\Users\weijt\Desktop\UNSW\COMP9900\project\capstone-project-26t2-9900-t17a-almond\outputs\generated\full_budget_search_20260717\devign\sources\07_codexglue_devign_4012__xfg_targeted_dead_code__c2.c,inserted 2 unreachable no-op block(s) near XFG-relevant target lines,
devign,07_codexglue_devign_4012,C:\Users\weijt\Desktop\UNSW\COMP9900\project\capstone-project-26t2-9900-t17a-almond\input_sources\devign\07_codexglue_devign_4012.c,xfg_targeted_dead_code,3,3,generated,ran,False,1,1,0.8989209532737732,0.6041640043258667,-0.2947569489479065,698,746,48,1523,1631,108,C:\Users\weijt\Desktop\UNSW\COMP9900\project\capstone-project-26t2-9900-t17a-almond\outputs\generated\full_budget_search_20260717\devign\runs\baseline\07_codexglue_devign_4012,C:\Users\weijt\Desktop\UNSW\COMP9900\project\capstone-project-26t2-9900-t17a-almond\outputs\generated\full_budget_search_20260717\devign\runs\perturbed\07_codexglue_devign_4012__xfg_targeted_dead_code__c3,C:\Users\weijt\Desktop\UNSW\COMP9900\project\capstone-project-26t2-9900-t17a-almond\outputs\generated\full_budget_search_20260717\devign\sources\07_codexglue_devign_4012__xfg_targeted_dead_code__c3.c,inserted 3 unreachable no-op block(s) near XFG-relevant target lines,
devign,07_codexglue_devign_4012,C:\Users\weijt\Desktop\UNSW\COMP9900\project\capstone-project-26t2-9900-t17a-almond\input_sources\devign\07_codexglue_devign_4012.c,xfg_targeted_dead_code,5,5,generated,ran,False,1,1,0.8989209532737732,0.6041640043258667,-0.2947569489479065,698,778,80,1523,1703,180,C:\Users\weijt\Desktop\UNSW\COMP9900\project\capstone-project-26t2-9900-t17a-almond\outputs\generated\full_budget_search_20260717\devign\runs\baseline\07_codexglue_devign_4012,C:\Users\weijt\Desktop\UNSW\COMP9900\project\capstone-project-26t2-9900-t17a-almond\outputs\generated\full_budget_search_20260717\devign\runs\perturbed\07_codexglue_devign_4012__xfg_targeted_dead_code__c5,C:\Users\weijt\Desktop\UNSW\COMP9900\project\capstone-project-26t2-9900-t17a-almond\outputs\generated\full_budget_search_20260717\devign\sources\07_codexglue_devign_4012__xfg_targeted_dead_code__c5.c,inserted 5 unreachable no-op block(s) near XFG-relevant target lines,
devign,07_codexglue_devign_4012,C:\Users\weijt\Desktop\UNSW\COMP9900\project\capstone-project-26t2-9900-t17a-almond\input_sources\devign\07_codexglue_devign_4012.c,range_clamp,1,0,skipped,ran,,,,,,,,,,,,,C:\Users\weijt\Desktop\UNSW\COMP9900\project\capstone-project-26t2-9900-t17a-almond\outputs\generated\full_budget_search_20260717\devign\runs\baseline\07_codexglue_devign_4012,,,no sensitive call with a clampable size/count argument found,
devign,07_codexglue_devign_4012,C:\Users\weijt\Desktop\UNSW\COMP9900\project\capstone-project-26t2-9900-t17a-almond\input_sources\devign\07_codexglue_devign_4012.c,safe_source_substitution,1,1,generated,ran,False,1,1,0.8989209532737732,0.7343809008598328,-0.16454005241394043,698,706,8,1523,1545,22,C:\Users\weijt\Desktop\UNSW\COMP9900\project\capstone-project-26t2-9900-t17a-almond\outputs\generated\full_budget_search_20260717\devign\runs\baseline\07_codexglue_devign_4012,C:\Users\weijt\Desktop\UNSW\COMP9900\project\capstone-project-26t2-9900-t17a-almond\outputs\generated\full_budget_search_20260717\devign\runs\perturbed\07_codexglue_devign_4012__safe_source_substitution__c1,C:\Users\weijt\Desktop\UNSW\COMP9900\project\capstone-project-26t2-9900-t17a-almond\outputs\generated\full_budget_search_20260717\devign\sources\07_codexglue_devign_4012__safe_source_substitution__c1.c,replaced 1 nested pointer source expression(s) with guarded fallback expressions,
devign,07_codexglue_devign_4012,C:\Users\weijt\Desktop\UNSW\COMP9900\project\capstone-project-26t2-9900-t17a-almond\input_sources\devign\07_codexglue_devign_4012.c,safe_source_substitution,2,2,generated,ran,False,1,1,0.8989209532737732,0.8302077054977417,-0.0687132477760315,698,714,16,1523,1562,39,C:\Users\weijt\Desktop\UNSW\COMP9900\project\capstone-project-26t2-9900-t17a-almond\outputs\generated\full_budget_search_20260717\devign\runs\baseline\07_codexglue_devign_4012,C:\Users\weijt\Desktop\UNSW\COMP9900\project\capstone-project-26t2-9900-t17a-almond\outputs\generated\full_budget_search_20260717\devign\runs\perturbed\07_codexglue_devign_4012__safe_source_substitution__c2,C:\Users\weijt\Desktop\UNSW\COMP9900\project\capstone-project-26t2-9900-t17a-almond\outputs\generated\full_budget_search_20260717\devign\sources\07_codexglue_devign_4012__safe_source_substitution__c2.c,replaced 2 nested pointer source expression(s) with guarded fallback expressions,
devign,07_codexglue_devign_4012,C:\Users\weijt\Desktop\UNSW\COMP9900\project\capstone-project-26t2-9900-t17a-almond\input_sources\devign\07_codexglue_devign_4012.c,safe_source_substitution,3,3,generated,ran,False,1,1,0.8989209532737732,0.8233702182769775,-0.07555073499679565,698,722,24,1523,1574,51,C:\Users\weijt\Desktop\UNSW\COMP9900\project\capstone-project-26t2-9900-t17a-almond\outputs\generated\full_budget_search_20260717\devign\runs\baseline\07_codexglue_devign_4012,C:\Users\weijt\Desktop\UNSW\COMP9900\project\capstone-project-26t2-9900-t17a-almond\outputs\generated\full_budget_search_20260717\devign\runs\perturbed\07_codexglue_devign_4012__safe_source_substitution__c3,C:\Users\weijt\Desktop\UNSW\COMP9900\project\capstone-project-26t2-9900-t17a-almond\outputs\generated\full_budget_search_20260717\devign\sources\07_codexglue_devign_4012__safe_source_substitution__c3.c,replaced 3 nested pointer source expression(s) with guarded fallback expressions,
devign,07_codexglue_devign_4012,C:\Users\weijt\Desktop\UNSW\COMP9900\project\capstone-project-26t2-9900-t17a-almond\input_sources\devign\07_codexglue_devign_4012.c,safe_source_substitution,5,4,partial,run_partial,False,1,1,0.8989209532737732,0.8233702182769775,-0.07555073499679565,698,730,32,1523,1589,66,C:\Users\weijt\Desktop\UNSW\COMP9900\project\capstone-project-26t2-9900-t17a-almond\outputs\generated\full_budget_search_20260717\devign\runs\baseline\07_codexglue_devign_4012,C:\Users\weijt\Desktop\UNSW\COMP9900\project\capstone-project-26t2-9900-t17a-almond\outputs\generated\full_budget_search_20260717\devign\runs\perturbed\07_codexglue_devign_4012__safe_source_substitution__c5,C:\Users\weijt\Desktop\UNSW\COMP9900\project\capstone-project-26t2-9900-t17a-almond\outputs\generated\full_budget_search_20260717\devign\sources\07_codexglue_devign_4012__safe_source_substitution__c5.c,replaced 4 nested pointer source expression(s) with guarded fallback expressions,
devign,07_codexglue_devign_4012,C:\Users\weijt\Desktop\UNSW\COMP9900\project\capstone-project-26t2-9900-t17a-almond\input_sources\devign\07_codexglue_devign_4012.c,sink_bound_guard,1,0,skipped,ran,,,,,,,,,,,,,C:\Users\weijt\Desktop\UNSW\COMP9900\project\capstone-project-26t2-9900-t17a-almond\outputs\generated\full_budget_search_20260717\devign\runs\baseline\07_codexglue_devign_4012,,,no sensitive sink call found for bound guard insertion,
devign,07_codexglue_devign_4012,C:\Users\weijt\Desktop\UNSW\COMP9900\project\capstone-project-26t2-9900-t17a-almond\input_sources\devign\07_codexglue_devign_4012.c,postcondition_validation,1,0,skipped,ran,,,,,,,,,,,,,C:\Users\weijt\Desktop\UNSW\COMP9900\project\capstone-project-26t2-9900-t17a-almond\outputs\generated\full_budget_search_20260717\devign\runs\baseline\07_codexglue_devign_4012,,,no matching *_count/*_read pair found for postcondition validation,
devign,07_codexglue_devign_4012,C:\Users\weijt\Desktop\UNSW\COMP9900\project\capstone-project-26t2-9900-t17a-almond\input_sources\devign\07_codexglue_devign_4012.c,integer_overflow_guard,1,0,skipped,ran,,,,,,,,,,,,,C:\Users\weijt\Desktop\UNSW\COMP9900\project\capstone-project-26t2-9900-t17a-almond\outputs\generated\full_budget_search_20260717\devign\runs\baseline\07_codexglue_devign_4012,,,no allocation size addition or multiplication expression found,
devign,07_codexglue_devign_4012,C:\Users\weijt\Desktop\UNSW\COMP9900\project\capstone-project-26t2-9900-t17a-almond\input_sources\devign\07_codexglue_devign_4012.c,array_index_bound_guard,1,1,generated,ran,False,1,1,0.8989209532737732,0.730539858341217,-0.16838109493255615,698,724,26,1523,1570,47,C:\Users\weijt\Desktop\UNSW\COMP9900\project\capstone-project-26t2-9900-t17a-almond\outputs\generated\full_budget_search_20260717\devign\runs\baseline\07_codexglue_devign_4012,C:\Users\weijt\Desktop\UNSW\COMP9900\project\capstone-project-26t2-9900-t17a-almond\outputs\generated\full_budget_search_20260717\devign\runs\perturbed\07_codexglue_devign_4012__array_index_bound_guard__c1,C:\Users\weijt\Desktop\UNSW\COMP9900\project\capstone-project-26t2-9900-t17a-almond\outputs\generated\full_budget_search_20260717\devign\sources\07_codexglue_devign_4012__array_index_bound_guard__c1.c,wrapped 1 array write(s) with index lower/upper bound guards,
devign,07_codexglue_devign_4012,C:\Users\weijt\Desktop\UNSW\COMP9900\project\capstone-project-26t2-9900-t17a-almond\input_sources\devign\07_codexglue_devign_4012.c,array_index_bound_guard,2,2,generated,ran,False,1,1,0.8989209532737732,0.8390817046165466,-0.05983924865722656,698,750,52,1523,1621,98,C:\Users\weijt\Desktop\UNSW\COMP9900\project\capstone-project-26t2-9900-t17a-almond\outputs\generated\full_budget_search_20260717\devign\runs\baseline\07_codexglue_devign_4012,C:\Users\weijt\Desktop\UNSW\COMP9900\project\capstone-project-26t2-9900-t17a-almond\outputs\generated\full_budget_search_20260717\devign\runs\perturbed\07_codexglue_devign_4012__array_index_bound_guard__c2,C:\Users\weijt\Desktop\UNSW\COMP9900\project\capstone-project-26t2-9900-t17a-almond\outputs\generated\full_budget_search_20260717\devign\sources\07_codexglue_devign_4012__array_index_bound_guard__c2.c,wrapped 2 array write(s) with index lower/upper bound guards,
devign,07_codexglue_devign_4012,C:\Users\weijt\Desktop\UNSW\COMP9900\project\capstone-project-26t2-9900-t17a-almond\input_sources\devign\07_codexglue_devign_4012.c,array_index_bound_guard,3,3,generated,ran,True,1,0,0.8989209532737732,0.06264189630746841,-0.8362790569663048,698,776,78,1523,1670,147,C:\Users\weijt\Desktop\UNSW\COMP9900\project\capstone-project-26t2-9900-t17a-almond\outputs\generated\full_budget_search_20260717\devign\runs\baseline\07_codexglue_devign_4012,C:\Users\weijt\Desktop\UNSW\COMP9900\project\capstone-project-26t2-9900-t17a-almond\outputs\generated\full_budget_search_20260717\devign\runs\perturbed\07_codexglue_devign_4012__array_index_bound_guard__c3,C:\Users\weijt\Desktop\UNSW\COMP9900\project\capstone-project-26t2-9900-t17a-almond\outputs\generated\full_budget_search_20260717\devign\sources\07_codexglue_devign_4012__array_index_bound_guard__c3.c,wrapped 3 array write(s) with index lower/upper bound guards,
devign,07_codexglue_devign_4012,C:\Users\weijt\Desktop\UNSW\COMP9900\project\capstone-project-26t2-9900-t17a-almond\input_sources\devign\07_codexglue_devign_4012.c,wide_char_sink_guard,1,0,skipped,ran,,,,,,,,,,,,,C:\Users\weijt\Desktop\UNSW\COMP9900\project\capstone-project-26t2-9900-t17a-almond\outputs\generated\full_budget_search_20260717\devign\runs\baseline\07_codexglue_devign_4012,,,no wcscat/wcscpy wide-character sink found,
devign,07_codexglue_devign_4012,C:\Users\weijt\Desktop\UNSW\COMP9900\project\capstone-project-26t2-9900-t17a-almond\input_sources\devign\07_codexglue_devign_4012.c,pattern_dead_code,1,1,generated,ran,False,1,1,0.8989209532737732,0.6041640043258667,-0.2947569489479065,698,753,55,1523,1624,101,C:\Users\weijt\Desktop\UNSW\COMP9900\project\capstone-project-26t2-9900-t17a-almond\outputs\generated\full_budget_search_20260717\devign\runs\baseline\07_codexglue_devign_4012,C:\Users\weijt\Desktop\UNSW\COMP9900\project\capstone-project-26t2-9900-t17a-almond\outputs\generated\full_budget_search_20260717\devign\runs\perturbed\07_codexglue_devign_4012__pattern_dead_code__c1,C:\Users\weijt\Desktop\UNSW\COMP9900\project\capstone-project-26t2-9900-t17a-almond\outputs\generated\full_budget_search_20260717\devign\sources\07_codexglue_devign_4012__pattern_dead_code__c1.c,inserted 1 unreachable pointer/array/length pattern block(s) near sensitive or structural lines,
devign,07_codexglue_devign_4012,C:\Users\weijt\Desktop\UNSW\COMP9900\project\capstone-project-26t2-9900-t17a-almond\input_sources\devign\07_codexglue_devign_4012.c,pattern_dead_code,2,2,generated,ran,False,1,1,0.8989209532737732,0.9748386144638062,0.07591766119003296,698,808,110,1523,1725,202,C:\Users\weijt\Desktop\UNSW\COMP9900\project\capstone-project-26t2-9900-t17a-almond\outputs\generated\full_budget_search_20260717\devign\runs\baseline\07_codexglue_devign_4012,C:\Users\weijt\Desktop\UNSW\COMP9900\project\capstone-project-26t2-9900-t17a-almond\outputs\generated\full_budget_search_20260717\devign\runs\perturbed\07_codexglue_devign_4012__pattern_dead_code__c2,C:\Users\weijt\Desktop\UNSW\COMP9900\project\capstone-project-26t2-9900-t17a-almond\outputs\generated\full_budget_search_20260717\devign\sources\07_codexglue_devign_4012__pattern_dead_code__c2.c,inserted 2 unreachable pointer/array/length pattern block(s) near sensitive or structural lines,
devign,07_codexglue_devign_4012,C:\Users\weijt\Desktop\UNSW\COMP9900\project\capstone-project-26t2-9900-t17a-almond\input_sources\devign\07_codexglue_devign_4012.c,pattern_dead_code,3,3,generated,ran,False,1,1,0.8989209532737732,0.7648332715034485,-0.1340876817703247,698,863,165,1523,1826,303,C:\Users\weijt\Desktop\UNSW\COMP9900\project\capstone-project-26t2-9900-t17a-almond\outputs\generated\full_budget_search_20260717\devign\runs\baseline\07_codexglue_devign_4012,C:\Users\weijt\Desktop\UNSW\COMP9900\project\capstone-project-26t2-9900-t17a-almond\outputs\generated\full_budget_search_20260717\devign\runs\perturbed\07_codexglue_devign_4012__pattern_dead_code__c3,C:\Users\weijt\Desktop\UNSW\COMP9900\project\capstone-project-26t2-9900-t17a-almond\outputs\generated\full_budget_search_20260717\devign\sources\07_codexglue_devign_4012__pattern_dead_code__c3.c,inserted 3 unreachable pointer/array/length pattern block(s) near sensitive or structural lines,
devign,07_codexglue_devign_4012,C:\Users\weijt\Desktop\UNSW\COMP9900\project\capstone-project-26t2-9900-t17a-almond\input_sources\devign\07_codexglue_devign_4012.c,pattern_dead_code,5,5,generated,ran,False,1,1,0.8989209532737732,0.6041640043258667,-0.2947569489479065,698,973,275,1523,2028,505,C:\Users\weijt\Desktop\UNSW\COMP9900\project\capstone-project-26t2-9900-t17a-almond\outputs\generated\full_budget_search_20260717\devign\runs\baseline\07_codexglue_devign_4012,C:\Users\weijt\Desktop\UNSW\COMP9900\project\capstone-project-26t2-9900-t17a-almond\outputs\generated\full_budget_search_20260717\devign\runs\perturbed\07_codexglue_devign_4012__pattern_dead_code__c5,C:\Users\weijt\Desktop\UNSW\COMP9900\project\capstone-project-26t2-9900-t17a-almond\outputs\generated\full_budget_search_20260717\devign\sources\07_codexglue_devign_4012__pattern_dead_code__c5.c,inserted 5 unreachable pointer/array/length pattern block(s) near sensitive or structural lines,
devign,07_codexglue_devign_4012,C:\Users\weijt\Desktop\UNSW\COMP9900\project\capstone-project-26t2-9900-t17a-almond\input_sources\devign\07_codexglue_devign_4012.c,control_wrapper,1,1,generated,ran,False,1,1,0.8989209532737732,0.8047762513160706,-0.09414470195770264,698,702,4,1523,1532,9,C:\Users\weijt\Desktop\UNSW\COMP9900\project\capstone-project-26t2-9900-t17a-almond\outputs\generated\full_budget_search_20260717\devign\runs\baseline\07_codexglue_devign_4012,C:\Users\weijt\Desktop\UNSW\COMP9900\project\capstone-project-26t2-9900-t17a-almond\outputs\generated\full_budget_search_20260717\devign\runs\perturbed\07_codexglue_devign_4012__control_wrapper__c1,C:\Users\weijt\Desktop\UNSW\COMP9900\project\capstone-project-26t2-9900-t17a-almond\outputs\generated\full_budget_search_20260717\devign\sources\07_codexglue_devign_4012__control_wrapper__c1.c,wrapped 1 safe single-line statement(s) with if (1) blocks,
devign,07_codexglue_devign_4012,C:\Users\weijt\Desktop\UNSW\COMP9900\project\capstone-project-26t2-9900-t17a-almond\input_sources\devign\07_codexglue_devign_4012.c,control_wrapper,2,2,generated,ran,True,1,0,0.8989209532737732,0.16176246106624603,-0.7371584922075272,698,706,8,1523,1543,20,C:\Users\weijt\Desktop\UNSW\COMP9900\project\capstone-project-26t2-9900-t17a-almond\outputs\generated\full_budget_search_20260717\devign\runs\baseline\07_codexglue_devign_4012,C:\Users\weijt\Desktop\UNSW\COMP9900\project\capstone-project-26t2-9900-t17a-almond\outputs\generated\full_budget_search_20260717\devign\runs\perturbed\07_codexglue_devign_4012__control_wrapper__c2,C:\Users\weijt\Desktop\UNSW\COMP9900\project\capstone-project-26t2-9900-t17a-almond\outputs\generated\full_budget_search_20260717\devign\sources\07_codexglue_devign_4012__control_wrapper__c2.c,wrapped 2 safe single-line statement(s) with if (1) blocks,
devign,07_codexglue_devign_4012,C:\Users\weijt\Desktop\UNSW\COMP9900\project\capstone-project-26t2-9900-t17a-almond\input_sources\devign\07_codexglue_devign_4012.c,temp_variable_split,1,0,skipped,ran,,,,,,,,,,,,,C:\Users\weijt\Desktop\UNSW\COMP9900\project\capstone-project-26t2-9900-t17a-almond\outputs\generated\full_budget_search_20260717\devign\runs\baseline\07_codexglue_devign_4012,,,no simple integer-like assignment candidate found,
devign,08_codexglue_devign_17947,C:\Users\weijt\Desktop\UNSW\COMP9900\project\capstone-project-26t2-9900-t17a-almond\input_sources\devign\08_codexglue_devign_17947.c,data_flow_alias,1,1,generated,ran,False,0,0,1.5069810288537155e-08,2.5665970682098305e-08,1.059616039356115e-08,263,279,16,536,574,38,C:\Users\weijt\Desktop\UNSW\COMP9900\project\capstone-project-26t2-9900-t17a-almond\outputs\generated\full_budget_search_20260717\devign\runs\baseline\08_codexglue_devign_17947,C:\Users\weijt\Desktop\UNSW\COMP9900\project\capstone-project-26t2-9900-t17a-almond\outputs\generated\full_budget_search_20260717\devign\runs\perturbed\08_codexglue_devign_17947__data_flow_alias__c1,C:\Users\weijt\Desktop\UNSW\COMP9900\project\capstone-project-26t2-9900-t17a-almond\outputs\generated\full_budget_search_20260717\devign\sources\08_codexglue_devign_17947__data_flow_alias__c1.c,inserted 1 alias-preserving data-flow no-op(s) near call arguments,
devign,08_codexglue_devign_17947,C:\Users\weijt\Desktop\UNSW\COMP9900\project\capstone-project-26t2-9900-t17a-almond\input_sources\devign\08_codexglue_devign_17947.c,data_flow_alias,2,2,generated,ran,False,0,0,1.5069810288537155e-08,1.1407247484385152e-06,1.125654938149978e-06,263,299,36,536,612,76,C:\Users\weijt\Desktop\UNSW\COMP9900\project\capstone-project-26t2-9900-t17a-almond\outputs\generated\full_budget_search_20260717\devign\runs\baseline\08_codexglue_devign_17947,C:\Users\weijt\Desktop\UNSW\COMP9900\project\capstone-project-26t2-9900-t17a-almond\outputs\generated\full_budget_search_20260717\devign\runs\perturbed\08_codexglue_devign_17947__data_flow_alias__c2,C:\Users\weijt\Desktop\UNSW\COMP9900\project\capstone-project-26t2-9900-t17a-almond\outputs\generated\full_budget_search_20260717\devign\sources\08_codexglue_devign_17947__data_flow_alias__c2.c,inserted 2 alias-preserving data-flow no-op(s) near call arguments,
devign,08_codexglue_devign_17947,C:\Users\weijt\Desktop\UNSW\COMP9900\project\capstone-project-26t2-9900-t17a-almond\input_sources\devign\08_codexglue_devign_17947.c,data_flow_alias,3,3,generated,ran,False,0,0,1.5069810288537155e-08,2.226657852588687e-05,2.2251508715598334e-05,263,319,56,536,650,114,C:\Users\weijt\Desktop\UNSW\COMP9900\project\capstone-project-26t2-9900-t17a-almond\outputs\generated\full_budget_search_20260717\devign\runs\baseline\08_codexglue_devign_17947,C:\Users\weijt\Desktop\UNSW\COMP9900\project\capstone-project-26t2-9900-t17a-almond\outputs\generated\full_budget_search_20260717\devign\runs\perturbed\08_codexglue_devign_17947__data_flow_alias__c3,C:\Users\weijt\Desktop\UNSW\COMP9900\project\capstone-project-26t2-9900-t17a-almond\outputs\generated\full_budget_search_20260717\devign\sources\08_codexglue_devign_17947__data_flow_alias__c3.c,inserted 3 alias-preserving data-flow no-op(s) near call arguments,
devign,08_codexglue_devign_17947,C:\Users\weijt\Desktop\UNSW\COMP9900\project\capstone-project-26t2-9900-t17a-almond\input_sources\devign\08_codexglue_devign_17947.c,data_flow_alias,5,5,generated,ran,False,0,0,1.5069810288537155e-08,2.226657852588687e-05,2.2251508715598334e-05,263,359,96,536,740,204,C:\Users\weijt\Desktop\UNSW\COMP9900\project\capstone-project-26t2-9900-t17a-almond\outputs\generated\full_budget_search_20260717\devign\runs\baseline\08_codexglue_devign_17947,C:\Users\weijt\Desktop\UNSW\COMP9900\project\capstone-project-26t2-9900-t17a-almond\outputs\generated\full_budget_search_20260717\devign\runs\perturbed\08_codexglue_devign_17947__data_flow_alias__c5,C:\Users\weijt\Desktop\UNSW\COMP9900\project\capstone-project-26t2-9900-t17a-almond\outputs\generated\full_budget_search_20260717\devign\sources\08_codexglue_devign_17947__data_flow_alias__c5.c,inserted 5 alias-preserving data-flow no-op(s) near call arguments,
devign,08_codexglue_devign_17947,C:\Users\weijt\Desktop\UNSW\COMP9900\project\capstone-project-26t2-9900-t17a-almond\input_sources\devign\08_codexglue_devign_17947.c,dead_statement,1,1,generated,ran,False,0,0,1.5069810288537155e-08,1.7080827419135858e-08,2.0110171305987024e-09,263,275,12,536,563,27,C:\Users\weijt\Desktop\UNSW\COMP9900\project\capstone-project-26t2-9900-t17a-almond\outputs\generated\full_budget_search_20260717\devign\runs\baseline\08_codexglue_devign_17947,C:\Users\weijt\Desktop\UNSW\COMP9900\project\capstone-project-26t2-9900-t17a-almond\outputs\generated\full_budget_search_20260717\devign\runs\perturbed\08_codexglue_devign_17947__dead_statement__c1,C:\Users\weijt\Desktop\UNSW\COMP9900\project\capstone-project-26t2-9900-t17a-almond\outputs\generated\full_budget_search_20260717\devign\sources\08_codexglue_devign_17947__dead_statement__c1.c,inserted 1 harmless dummy integer statement pair(s) after first function brace,
devign,08_codexglue_devign_17947,C:\Users\weijt\Desktop\UNSW\COMP9900\project\capstone-project-26t2-9900-t17a-almond\input_sources\devign\08_codexglue_devign_17947.c,dead_statement,2,2,generated,ran,False,0,0,1.5069810288537155e-08,1.4772027157050616e-07,1.32650461281969e-07,263,287,24,536,590,54,C:\Users\weijt\Desktop\UNSW\COMP9900\project\capstone-project-26t2-9900-t17a-almond\outputs\generated\full_budget_search_20260717\devign\runs\baseline\08_codexglue_devign_17947,C:\Users\weijt\Desktop\UNSW\COMP9900\project\capstone-project-26t2-9900-t17a-almond\outputs\generated\full_budget_search_20260717\devign\runs\perturbed\08_codexglue_devign_17947__dead_statement__c2,C:\Users\weijt\Desktop\UNSW\COMP9900\project\capstone-project-26t2-9900-t17a-almond\outputs\generated\full_budget_search_20260717\devign\sources\08_codexglue_devign_17947__dead_statement__c2.c,inserted 2 harmless dummy integer statement pair(s) after first function brace,
devign,08_codexglue_devign_17947,C:\Users\weijt\Desktop\UNSW\COMP9900\project\capstone-project-26t2-9900-t17a-almond\input_sources\devign\08_codexglue_devign_17947.c,dead_statement,3,3,generated,ran,False,0,0,1.5069810288537155e-08,1.4772027157050616e-07,1.32650461281969e-07,263,299,36,536,617,81,C:\Users\weijt\Desktop\UNSW\COMP9900\project\capstone-project-26t2-9900-t17a-almond\outputs\generated\full_budget_search_20260717\devign\runs\baseline\08_codexglue_devign_17947,C:\Users\weijt\Desktop\UNSW\COMP9900\project\capstone-project-26t2-9900-t17a-almond\outputs\generated\full_budget_search_20260717\devign\runs\perturbed\08_codexglue_devign_17947__dead_statement__c3,C:\Users\weijt\Desktop\UNSW\COMP9900\project\capstone-project-26t2-9900-t17a-almond\outputs\generated\full_budget_search_20260717\devign\sources\08_codexglue_devign_17947__dead_statement__c3.c,inserted 3 harmless dummy integer statement pair(s) after first function brace,
devign,08_codexglue_devign_17947,C:\Users\weijt\Desktop\UNSW\COMP9900\project\capstone-project-26t2-9900-t17a-almond\input_sources\devign\08_codexglue_devign_17947.c,dead_statement,5,5,generated,ran,False,0,0,1.5069810288537155e-08,2.703070478560221e-08,1.1960894497065055e-08,263,323,60,536,671,135,C:\Users\weijt\Desktop\UNSW\COMP9900\project\capstone-project-26t2-9900-t17a-almond\outputs\generated\full_budget_search_20260717\devign\runs\baseline\08_codexglue_devign_17947,C:\Users\weijt\Desktop\UNSW\COMP9900\project\capstone-project-26t2-9900-t17a-almond\outputs\generated\full_budget_search_20260717\devign\runs\perturbed\08_codexglue_devign_17947__dead_statement__c5,C:\Users\weijt\Desktop\UNSW\COMP9900\project\capstone-project-26t2-9900-t17a-almond\outputs\generated\full_budget_search_20260717\devign\sources\08_codexglue_devign_17947__dead_statement__c5.c,inserted 5 harmless dummy integer statement pair(s) after first function brace,
devign,08_codexglue_devign_17947,C:\Users\weijt\Desktop\UNSW\COMP9900\project\capstone-project-26t2-9900-t17a-almond\input_sources\devign\08_codexglue_devign_17947.c,xfg_targeted_dead_code,1,1,generated,ran,False,0,0,1.5069810288537155e-08,1.4772027157050616e-07,1.32650461281969e-07,263,279,16,536,572,36,C:\Users\weijt\Desktop\UNSW\COMP9900\project\capstone-project-26t2-9900-t17a-almond\outputs\generated\full_budget_search_20260717\devign\runs\baseline\08_codexglue_devign_17947,C:\Users\weijt\Desktop\UNSW\COMP9900\project\capstone-project-26t2-9900-t17a-almond\outputs\generated\full_budget_search_20260717\devign\runs\perturbed\08_codexglue_devign_17947__xfg_targeted_dead_code__c1,C:\Users\weijt\Desktop\UNSW\COMP9900\project\capstone-project-26t2-9900-t17a-almond\outputs\generated\full_budget_search_20260717\devign\sources\08_codexglue_devign_17947__xfg_targeted_dead_code__c1.c,inserted 1 unreachable no-op block(s) near XFG-relevant target lines,
devign,08_codexglue_devign_17947,C:\Users\weijt\Desktop\UNSW\COMP9900\project\capstone-project-26t2-9900-t17a-almond\input_sources\devign\08_codexglue_devign_17947.c,xfg_targeted_dead_code,2,2,generated,ran,False,0,0,1.5069810288537155e-08,1.4772027157050616e-07,1.32650461281969e-07,263,295,32,536,608,72,C:\Users\weijt\Desktop\UNSW\COMP9900\project\capstone-project-26t2-9900-t17a-almond\outputs\generated\full_budget_search_20260717\devign\runs\baseline\08_codexglue_devign_17947,C:\Users\weijt\Desktop\UNSW\COMP9900\project\capstone-project-26t2-9900-t17a-almond\outputs\generated\full_budget_search_20260717\devign\runs\perturbed\08_codexglue_devign_17947__xfg_targeted_dead_code__c2,C:\Users\weijt\Desktop\UNSW\COMP9900\project\capstone-project-26t2-9900-t17a-almond\outputs\generated\full_budget_search_20260717\devign\sources\08_codexglue_devign_17947__xfg_targeted_dead_code__c2.c,inserted 2 unreachable no-op block(s) near XFG-relevant target lines,
devign,08_codexglue_devign_17947,C:\Users\weijt\Desktop\UNSW\COMP9900\project\capstone-project-26t2-9900-t17a-almond\input_sources\devign\08_codexglue_devign_17947.c,xfg_targeted_dead_code,3,3,generated,ran,False,0,0,1.5069810288537155e-08,1.1146406819761978e-07,9.639425790908263e-08,263,311,48,536,644,108,C:\Users\weijt\Desktop\UNSW\COMP9900\project\capstone-project-26t2-9900-t17a-almond\outputs\generated\full_budget_search_20260717\devign\runs\baseline\08_codexglue_devign_17947,C:\Users\weijt\Desktop\UNSW\COMP9900\project\capstone-project-26t2-9900-t17a-almond\outputs\generated\full_budget_search_20260717\devign\runs\perturbed\08_codexglue_devign_17947__xfg_targeted_dead_code__c3,C:\Users\weijt\Desktop\UNSW\COMP9900\project\capstone-project-26t2-9900-t17a-almond\outputs\generated\full_budget_search_20260717\devign\sources\08_codexglue_devign_17947__xfg_targeted_dead_code__c3.c,inserted 3 unreachable no-op block(s) near XFG-relevant target lines,
devign,08_codexglue_devign_17947,C:\Users\weijt\Desktop\UNSW\COMP9900\project\capstone-project-26t2-9900-t17a-almond\input_sources\devign\08_codexglue_devign_17947.c,xfg_targeted_dead_code,5,5,generated,ran,False,0,0,1.5069810288537155e-08,1.7138262364824186e-08,2.0684520762870306e-09,263,343,80,536,716,180,C:\Users\weijt\Desktop\UNSW\COMP9900\project\capstone-project-26t2-9900-t17a-almond\outputs\generated\full_budget_search_20260717\devign\runs\baseline\08_codexglue_devign_17947,C:\Users\weijt\Desktop\UNSW\COMP9900\project\capstone-project-26t2-9900-t17a-almond\outputs\generated\full_budget_search_20260717\devign\runs\perturbed\08_codexglue_devign_17947__xfg_targeted_dead_code__c5,C:\Users\weijt\Desktop\UNSW\COMP9900\project\capstone-project-26t2-9900-t17a-almond\outputs\generated\full_budget_search_20260717\devign\sources\08_codexglue_devign_17947__xfg_targeted_dead_code__c5.c,inserted 5 unreachable no-op block(s) near XFG-relevant target lines,
devign,08_codexglue_devign_17947,C:\Users\weijt\Desktop\UNSW\COMP9900\project\capstone-project-26t2-9900-t17a-almond\input_sources\devign\08_codexglue_devign_17947.c,range_clamp,1,1,generated,ran,False,0,0,1.5069810288537155e-08,1.1985449077656085e-08,-3.0843612108810703e-09,263,293,30,536,606,70,C:\Users\weijt\Desktop\UNSW\COMP9900\project\capstone-project-26t2-9900-t17a-almond\outputs\generated\full_budget_search_20260717\devign\runs\baseline\08_codexglue_devign_17947,C:\Users\weijt\Desktop\UNSW\COMP9900\project\capstone-project-26t2-9900-t17a-almond\outputs\generated\full_budget_search_20260717\devign\runs\perturbed\08_codexglue_devign_17947__range_clamp__c1,C:\Users\weijt\Desktop\UNSW\COMP9900\project\capstone-project-26t2-9900-t17a-almond\outputs\generated\full_budget_search_20260717\devign\sources\08_codexglue_devign_17947__range_clamp__c1.c,clamped 1 sensitive sink size/count argument(s) through bounded local variables,
devign,08_codexglue_devign_17947,C:\Users\weijt\Desktop\UNSW\COMP9900\project\capstone-project-26t2-9900-t17a-almond\input_sources\devign\08_codexglue_devign_17947.c,range_clamp,2,1,partial,run_partial,False,0,0,1.5069810288537155e-08,1.1985449077656085e-08,-3.0843612108810703e-09,263,293,30,536,606,70,C:\Users\weijt\Desktop\UNSW\COMP9900\project\capstone-project-26t2-9900-t17a-almond\outputs\generated\full_budget_search_20260717\devign\runs\baseline\08_codexglue_devign_17947,C:\Users\weijt\Desktop\UNSW\COMP9900\project\capstone-project-26t2-9900-t17a-almond\outputs\generated\full_budget_search_20260717\devign\runs\perturbed\08_codexglue_devign_17947__range_clamp__c2,C:\Users\weijt\Desktop\UNSW\COMP9900\project\capstone-project-26t2-9900-t17a-almond\outputs\generated\full_budget_search_20260717\devign\sources\08_codexglue_devign_17947__range_clamp__c2.c,clamped 1 sensitive sink size/count argument(s) through bounded local variables,
devign,08_codexglue_devign_17947,C:\Users\weijt\Desktop\UNSW\COMP9900\project\capstone-project-26t2-9900-t17a-almond\input_sources\devign\08_codexglue_devign_17947.c,safe_source_substitution,1,1,generated,ran,False,0,0,1.5069810288537155e-08,1.5069810288537155e-08,0.0,263,271,8,536,551,15,C:\Users\weijt\Desktop\UNSW\COMP9900\project\capstone-project-26t2-9900-t17a-almond\outputs\generated\full_budget_search_20260717\devign\runs\baseline\08_codexglue_devign_17947,C:\Users\weijt\Desktop\UNSW\COMP9900\project\capstone-project-26t2-9900-t17a-almond\outputs\generated\full_budget_search_20260717\devign\runs\perturbed\08_codexglue_devign_17947__safe_source_substitution__c1,C:\Users\weijt\Desktop\UNSW\COMP9900\project\capstone-project-26t2-9900-t17a-almond\outputs\generated\full_budget_search_20260717\devign\sources\08_codexglue_devign_17947__safe_source_substitution__c1.c,replaced 1 nested pointer source expression(s) with guarded fallback expressions,
devign,08_codexglue_devign_17947,C:\Users\weijt\Desktop\UNSW\COMP9900\project\capstone-project-26t2-9900-t17a-almond\input_sources\devign\08_codexglue_devign_17947.c,safe_source_substitution,2,2,generated,ran,False,0,0,1.5069810288537155e-08,9.94310633828377e-10,-1.4075499654708779e-08,263,279,16,536,566,30,C:\Users\weijt\Desktop\UNSW\COMP9900\project\capstone-project-26t2-9900-t17a-almond\outputs\generated\full_budget_search_20260717\devign\runs\baseline\08_codexglue_devign_17947,C:\Users\weijt\Desktop\UNSW\COMP9900\project\capstone-project-26t2-9900-t17a-almond\outputs\generated\full_budget_search_20260717\devign\runs\perturbed\08_codexglue_devign_17947__safe_source_substitution__c2,C:\Users\weijt\Desktop\UNSW\COMP9900\project\capstone-project-26t2-9900-t17a-almond\outputs\generated\full_budget_search_20260717\devign\sources\08_codexglue_devign_17947__safe_source_substitution__c2.c,replaced 2 nested pointer source expression(s) with guarded fallback expressions,
devign,08_codexglue_devign_17947,C:\Users\weijt\Desktop\UNSW\COMP9900\project\capstone-project-26t2-9900-t17a-almond\input_sources\devign\08_codexglue_devign_17947.c,safe_source_substitution,3,3,generated,ran,False,0,0,1.5069810288537155e-08,9.94310633828377e-10,-1.4075499654708779e-08,263,287,24,536,581,45,C:\Users\weijt\Desktop\UNSW\COMP9900\project\capstone-project-26t2-9900-t17a-almond\outputs\generated\full_budget_search_20260717\devign\runs\baseline\08_codexglue_devign_17947,C:\Users\weijt\Desktop\UNSW\COMP9900\project\capstone-project-26t2-9900-t17a-almond\outputs\generated\full_budget_search_20260717\devign\runs\perturbed\08_codexglue_devign_17947__safe_source_substitution__c3,C:\Users\weijt\Desktop\UNSW\COMP9900\project\capstone-project-26t2-9900-t17a-almond\outputs\generated\full_budget_search_20260717\devign\sources\08_codexglue_devign_17947__safe_source_substitution__c3.c,replaced 3 nested pointer source expression(s) with guarded fallback expressions,
devign,08_codexglue_devign_17947,C:\Users\weijt\Desktop\UNSW\COMP9900\project\capstone-project-26t2-9900-t17a-almond\input_sources\devign\08_codexglue_devign_17947.c,safe_source_substitution,5,5,generated,ran,False,0,0,1.5069810288537155e-08,9.94310633828377e-10,-1.4075499654708779e-08,263,303,40,536,620,84,C:\Users\weijt\Desktop\UNSW\COMP9900\project\capstone-project-26t2-9900-t17a-almond\outputs\generated\full_budget_search_20260717\devign\runs\baseline\08_codexglue_devign_17947,C:\Users\weijt\Desktop\UNSW\COMP9900\project\capstone-project-26t2-9900-t17a-almond\outputs\generated\full_budget_search_20260717\devign\runs\perturbed\08_codexglue_devign_17947__safe_source_substitution__c5,C:\Users\weijt\Desktop\UNSW\COMP9900\project\capstone-project-26t2-9900-t17a-almond\outputs\generated\full_budget_search_20260717\devign\sources\08_codexglue_devign_17947__safe_source_substitution__c5.c,replaced 5 nested pointer source expression(s) with guarded fallback expressions,
devign,08_codexglue_devign_17947,C:\Users\weijt\Desktop\UNSW\COMP9900\project\capstone-project-26t2-9900-t17a-almond\input_sources\devign\08_codexglue_devign_17947.c,sink_bound_guard,1,1,generated,ran,False,0,0,1.5069810288537155e-08,1.36932229111153e-07,1.2186241882261584e-07,263,275,12,536,561,25,C:\Users\weijt\Desktop\UNSW\COMP9900\project\capstone-project-26t2-9900-t17a-almond\outputs\generated\full_budget_search_20260717\devign\runs\baseline\08_codexglue_devign_17947,C:\Users\weijt\Desktop\UNSW\COMP9900\project\capstone-project-26t2-9900-t17a-almond\outputs\generated\full_budget_search_20260717\devign\runs\perturbed\08_codexglue_devign_17947__sink_bound_guard__c1,C:\Users\weijt\Desktop\UNSW\COMP9900\project\capstone-project-26t2-9900-t17a-almond\outputs\generated\full_budget_search_20260717\devign\sources\08_codexglue_devign_17947__sink_bound_guard__c1.c,inserted 1 early-return bound guard(s) before sensitive sink calls,
devign,08_codexglue_devign_17947,C:\Users\weijt\Desktop\UNSW\COMP9900\project\capstone-project-26t2-9900-t17a-almond\input_sources\devign\08_codexglue_devign_17947.c,sink_bound_guard,2,1,partial,run_partial,False,0,0,1.5069810288537155e-08,1.36932229111153e-07,1.2186241882261584e-07,263,275,12,536,561,25,C:\Users\weijt\Desktop\UNSW\COMP9900\project\capstone-project-26t2-9900-t17a-almond\outputs\generated\full_budget_search_20260717\devign\runs\baseline\08_codexglue_devign_17947,C:\Users\weijt\Desktop\UNSW\COMP9900\project\capstone-project-26t2-9900-t17a-almond\outputs\generated\full_budget_search_20260717\devign\runs\perturbed\08_codexglue_devign_17947__sink_bound_guard__c2,C:\Users\weijt\Desktop\UNSW\COMP9900\project\capstone-project-26t2-9900-t17a-almond\outputs\generated\full_budget_search_20260717\devign\sources\08_codexglue_devign_17947__sink_bound_guard__c2.c,inserted 1 early-return bound guard(s) before sensitive sink calls,
devign,08_codexglue_devign_17947,C:\Users\weijt\Desktop\UNSW\COMP9900\project\capstone-project-26t2-9900-t17a-almond\input_sources\devign\08_codexglue_devign_17947.c,postcondition_validation,1,0,skipped,ran,,,,,,,,,,,,,C:\Users\weijt\Desktop\UNSW\COMP9900\project\capstone-project-26t2-9900-t17a-almond\outputs\generated\full_budget_search_20260717\devign\runs\baseline\08_codexglue_devign_17947,,,no matching *_count/*_read pair found for postcondition validation,
devign,08_codexglue_devign_17947,C:\Users\weijt\Desktop\UNSW\COMP9900\project\capstone-project-26t2-9900-t17a-almond\input_sources\devign\08_codexglue_devign_17947.c,integer_overflow_guard,1,0,skipped,ran,,,,,,,,,,,,,C:\Users\weijt\Desktop\UNSW\COMP9900\project\capstone-project-26t2-9900-t17a-almond\outputs\generated\full_budget_search_20260717\devign\runs\baseline\08_codexglue_devign_17947,,,no allocation size addition or multiplication expression found,
devign,08_codexglue_devign_17947,C:\Users\weijt\Desktop\UNSW\COMP9900\project\capstone-project-26t2-9900-t17a-almond\input_sources\devign\08_codexglue_devign_17947.c,array_index_bound_guard,1,0,skipped,ran,,,,,,,,,,,,,C:\Users\weijt\Desktop\UNSW\COMP9900\project\capstone-project-26t2-9900-t17a-almond\outputs\generated\full_budget_search_20260717\devign\runs\baseline\08_codexglue_devign_17947,,,no array write found for index bound guard,
devign,08_codexglue_devign_17947,C:\Users\weijt\Desktop\UNSW\COMP9900\project\capstone-project-26t2-9900-t17a-almond\input_sources\devign\08_codexglue_devign_17947.c,wide_char_sink_guard,1,0,skipped,ran,,,,,,,,,,,,,C:\Users\weijt\Desktop\UNSW\COMP9900\project\capstone-project-26t2-9900-t17a-almond\outputs\generated\full_budget_search_20260717\devign\runs\baseline\08_codexglue_devign_17947,,,no wcscat/wcscpy wide-character sink found,
devign,08_codexglue_devign_17947,C:\Users\weijt\Desktop\UNSW\COMP9900\project\capstone-project-26t2-9900-t17a-almond\input_sources\devign\08_codexglue_devign_17947.c,pattern_dead_code,1,1,generated,ran,False,0,0,1.5069810288537155e-08,8.059164247242734e-05,8.05765726621388e-05,263,318,55,536,637,101,C:\Users\weijt\Desktop\UNSW\COMP9900\project\capstone-project-26t2-9900-t17a-almond\outputs\generated\full_budget_search_20260717\devign\runs\baseline\08_codexglue_devign_17947,C:\Users\weijt\Desktop\UNSW\COMP9900\project\capstone-project-26t2-9900-t17a-almond\outputs\generated\full_budget_search_20260717\devign\runs\perturbed\08_codexglue_devign_17947__pattern_dead_code__c1,C:\Users\weijt\Desktop\UNSW\COMP9900\project\capstone-project-26t2-9900-t17a-almond\outputs\generated\full_budget_search_20260717\devign\sources\08_codexglue_devign_17947__pattern_dead_code__c1.c,inserted 1 unreachable pointer/array/length pattern block(s) near sensitive or structural lines,
devign,08_codexglue_devign_17947,C:\Users\weijt\Desktop\UNSW\COMP9900\project\capstone-project-26t2-9900-t17a-almond\input_sources\devign\08_codexglue_devign_17947.c,pattern_dead_code,2,2,generated,ran,False,0,0,1.5069810288537155e-08,8.059164247242734e-05,8.05765726621388e-05,263,373,110,536,738,202,C:\Users\weijt\Desktop\UNSW\COMP9900\project\capstone-project-26t2-9900-t17a-almond\outputs\generated\full_budget_search_20260717\devign\runs\baseline\08_codexglue_devign_17947,C:\Users\weijt\Desktop\UNSW\COMP9900\project\capstone-project-26t2-9900-t17a-almond\outputs\generated\full_budget_search_20260717\devign\runs\perturbed\08_codexglue_devign_17947__pattern_dead_code__c2,C:\Users\weijt\Desktop\UNSW\COMP9900\project\capstone-project-26t2-9900-t17a-almond\outputs\generated\full_budget_search_20260717\devign\sources\08_codexglue_devign_17947__pattern_dead_code__c2.c,inserted 2 unreachable pointer/array/length pattern block(s) near sensitive or structural lines,
devign,08_codexglue_devign_17947,C:\Users\weijt\Desktop\UNSW\COMP9900\project\capstone-project-26t2-9900-t17a-almond\input_sources\devign\08_codexglue_devign_17947.c,pattern_dead_code,3,3,generated,ran,False,0,0,1.5069810288537155e-08,8.059164247242734e-05,8.05765726621388e-05,263,428,165,536,839,303,C:\Users\weijt\Desktop\UNSW\COMP9900\project\capstone-project-26t2-9900-t17a-almond\outputs\generated\full_budget_search_20260717\devign\runs\baseline\08_codexglue_devign_17947,C:\Users\weijt\Desktop\UNSW\COMP9900\project\capstone-project-26t2-9900-t17a-almond\outputs\generated\full_budget_search_20260717\devign\runs\perturbed\08_codexglue_devign_17947__pattern_dead_code__c3,C:\Users\weijt\Desktop\UNSW\COMP9900\project\capstone-project-26t2-9900-t17a-almond\outputs\generated\full_budget_search_20260717\devign\sources\08_codexglue_devign_17947__pattern_dead_code__c3.c,inserted 3 unreachable pointer/array/length pattern block(s) near sensitive or structural lines,
devign,08_codexglue_devign_17947,C:\Users\weijt\Desktop\UNSW\COMP9900\project\capstone-project-26t2-9900-t17a-almond\input_sources\devign\08_codexglue_devign_17947.c,pattern_dead_code,5,5,generated,ran,False,0,0,1.5069810288537155e-08,8.059164247242734e-05,8.05765726621388e-05,263,538,275,536,1041,505,C:\Users\weijt\Desktop\UNSW\COMP9900\project\capstone-project-26t2-9900-t17a-almond\outputs\generated\full_budget_search_20260717\devign\runs\baseline\08_codexglue_devign_17947,C:\Users\weijt\Desktop\UNSW\COMP9900\project\capstone-project-26t2-9900-t17a-almond\outputs\generated\full_budget_search_20260717\devign\runs\perturbed\08_codexglue_devign_17947__pattern_dead_code__c5,C:\Users\weijt\Desktop\UNSW\COMP9900\project\capstone-project-26t2-9900-t17a-almond\outputs\generated\full_budget_search_20260717\devign\sources\08_codexglue_devign_17947__pattern_dead_code__c5.c,inserted 5 unreachable pointer/array/length pattern block(s) near sensitive or structural lines,
devign,08_codexglue_devign_17947,C:\Users\weijt\Desktop\UNSW\COMP9900\project\capstone-project-26t2-9900-t17a-almond\input_sources\devign\08_codexglue_devign_17947.c,control_wrapper,1,1,generated,ran,False,0,0,1.5069810288537155e-08,2.974183814785647e-07,2.8234857119002754e-07,263,267,4,536,546,10,C:\Users\weijt\Desktop\UNSW\COMP9900\project\capstone-project-26t2-9900-t17a-almond\outputs\generated\full_budget_search_20260717\devign\runs\baseline\08_codexglue_devign_17947,C:\Users\weijt\Desktop\UNSW\COMP9900\project\capstone-project-26t2-9900-t17a-almond\outputs\generated\full_budget_search_20260717\devign\runs\perturbed\08_codexglue_devign_17947__control_wrapper__c1,C:\Users\weijt\Desktop\UNSW\COMP9900\project\capstone-project-26t2-9900-t17a-almond\outputs\generated\full_budget_search_20260717\devign\sources\08_codexglue_devign_17947__control_wrapper__c1.c,wrapped 1 safe single-line statement(s) with if (1) blocks,
devign,08_codexglue_devign_17947,C:\Users\weijt\Desktop\UNSW\COMP9900\project\capstone-project-26t2-9900-t17a-almond\input_sources\devign\08_codexglue_devign_17947.c,control_wrapper,2,2,generated,ran,False,0,0,1.5069810288537155e-08,1.3978788047097623e-05,1.3963718236809086e-05,263,271,8,536,557,21,C:\Users\weijt\Desktop\UNSW\COMP9900\project\capstone-project-26t2-9900-t17a-almond\outputs\generated\full_budget_search_20260717\devign\runs\baseline\08_codexglue_devign_17947,C:\Users\weijt\Desktop\UNSW\COMP9900\project\capstone-project-26t2-9900-t17a-almond\outputs\generated\full_budget_search_20260717\devign\runs\perturbed\08_codexglue_devign_17947__control_wrapper__c2,C:\Users\weijt\Desktop\UNSW\COMP9900\project\capstone-project-26t2-9900-t17a-almond\outputs\generated\full_budget_search_20260717\devign\sources\08_codexglue_devign_17947__control_wrapper__c2.c,wrapped 2 safe single-line statement(s) with if (1) blocks,
devign,08_codexglue_devign_17947,C:\Users\weijt\Desktop\UNSW\COMP9900\project\capstone-project-26t2-9900-t17a-almond\input_sources\devign\08_codexglue_devign_17947.c,control_wrapper,3,3,generated,ran,False,0,0,1.5069810288537155e-08,7.832742267055437e-05,7.831235286026583e-05,263,275,12,536,570,34,C:\Users\weijt\Desktop\UNSW\COMP9900\project\capstone-project-26t2-9900-t17a-almond\outputs\generated\full_budget_search_20260717\devign\runs\baseline\08_codexglue_devign_17947,C:\Users\weijt\Desktop\UNSW\COMP9900\project\capstone-project-26t2-9900-t17a-almond\outputs\generated\full_budget_search_20260717\devign\runs\perturbed\08_codexglue_devign_17947__control_wrapper__c3,C:\Users\weijt\Desktop\UNSW\COMP9900\project\capstone-project-26t2-9900-t17a-almond\outputs\generated\full_budget_search_20260717\devign\sources\08_codexglue_devign_17947__control_wrapper__c3.c,wrapped 3 safe single-line statement(s) with if (1) blocks,
devign,08_codexglue_devign_17947,C:\Users\weijt\Desktop\UNSW\COMP9900\project\capstone-project-26t2-9900-t17a-almond\input_sources\devign\08_codexglue_devign_17947.c,control_wrapper,5,5,generated,ran,False,0,0,1.5069810288537155e-08,9.511413372820243e-05,9.50990639179139e-05,263,283,20,536,588,52,C:\Users\weijt\Desktop\UNSW\COMP9900\project\capstone-project-26t2-9900-t17a-almond\outputs\generated\full_budget_search_20260717\devign\runs\baseline\08_codexglue_devign_17947,C:\Users\weijt\Desktop\UNSW\COMP9900\project\capstone-project-26t2-9900-t17a-almond\outputs\generated\full_budget_search_20260717\devign\runs\perturbed\08_codexglue_devign_17947__control_wrapper__c5,C:\Users\weijt\Desktop\UNSW\COMP9900\project\capstone-project-26t2-9900-t17a-almond\outputs\generated\full_budget_search_20260717\devign\sources\08_codexglue_devign_17947__control_wrapper__c5.c,wrapped 5 safe single-line statement(s) with if (1) blocks,
devign,08_codexglue_devign_17947,C:\Users\weijt\Desktop\UNSW\COMP9900\project\capstone-project-26t2-9900-t17a-almond\input_sources\devign\08_codexglue_devign_17947.c,temp_variable_split,1,0,skipped,ran,,,,,,,,,,,,,C:\Users\weijt\Desktop\UNSW\COMP9900\project\capstone-project-26t2-9900-t17a-almond\outputs\generated\full_budget_search_20260717\devign\runs\baseline\08_codexglue_devign_17947,,,no simple integer-like assignment candidate found,
devign,09_codexglue_devign_25916,C:\Users\weijt\Desktop\UNSW\COMP9900\project\capstone-project-26t2-9900-t17a-almond\input_sources\devign\09_codexglue_devign_25916.c,data_flow_alias,1,1,generated,ran,False,0,0,0.45641884207725525,0.45641884207725525,0.0,44,60,16,80,135,55,C:\Users\weijt\Desktop\UNSW\COMP9900\project\capstone-project-26t2-9900-t17a-almond\outputs\generated\full_budget_search_20260717\devign\runs\baseline\09_codexglue_devign_25916,C:\Users\weijt\Desktop\UNSW\COMP9900\project\capstone-project-26t2-9900-t17a-almond\outputs\generated\full_budget_search_20260717\devign\runs\perturbed\09_codexglue_devign_25916__data_flow_alias__c1,C:\Users\weijt\Desktop\UNSW\COMP9900\project\capstone-project-26t2-9900-t17a-almond\outputs\generated\full_budget_search_20260717\devign\sources\09_codexglue_devign_25916__data_flow_alias__c1.c,inserted 1 alias-preserving data-flow no-op(s) near call arguments,
devign,09_codexglue_devign_25916,C:\Users\weijt\Desktop\UNSW\COMP9900\project\capstone-project-26t2-9900-t17a-almond\input_sources\devign\09_codexglue_devign_25916.c,data_flow_alias,2,2,generated,ran,False,0,0,0.45641884207725525,0.45641884207725525,0.0,44,80,36,80,173,93,C:\Users\weijt\Desktop\UNSW\COMP9900\project\capstone-project-26t2-9900-t17a-almond\outputs\generated\full_budget_search_20260717\devign\runs\baseline\09_codexglue_devign_25916,C:\Users\weijt\Desktop\UNSW\COMP9900\project\capstone-project-26t2-9900-t17a-almond\outputs\generated\full_budget_search_20260717\devign\runs\perturbed\09_codexglue_devign_25916__data_flow_alias__c2,C:\Users\weijt\Desktop\UNSW\COMP9900\project\capstone-project-26t2-9900-t17a-almond\outputs\generated\full_budget_search_20260717\devign\sources\09_codexglue_devign_25916__data_flow_alias__c2.c,inserted 2 alias-preserving data-flow no-op(s) near call arguments,
devign,09_codexglue_devign_25916,C:\Users\weijt\Desktop\UNSW\COMP9900\project\capstone-project-26t2-9900-t17a-almond\input_sources\devign\09_codexglue_devign_25916.c,data_flow_alias,3,2,partial,run_partial,False,0,0,0.45641884207725525,0.45641884207725525,0.0,44,80,36,80,173,93,C:\Users\weijt\Desktop\UNSW\COMP9900\project\capstone-project-26t2-9900-t17a-almond\outputs\generated\full_budget_search_20260717\devign\runs\baseline\09_codexglue_devign_25916,C:\Users\weijt\Desktop\UNSW\COMP9900\project\capstone-project-26t2-9900-t17a-almond\outputs\generated\full_budget_search_20260717\devign\runs\perturbed\09_codexglue_devign_25916__data_flow_alias__c3,C:\Users\weijt\Desktop\UNSW\COMP9900\project\capstone-project-26t2-9900-t17a-almond\outputs\generated\full_budget_search_20260717\devign\sources\09_codexglue_devign_25916__data_flow_alias__c3.c,inserted 2 alias-preserving data-flow no-op(s) near call arguments,
devign,09_codexglue_devign_25916,C:\Users\weijt\Desktop\UNSW\COMP9900\project\capstone-project-26t2-9900-t17a-almond\input_sources\devign\09_codexglue_devign_25916.c,dead_statement,1,1,generated,ran,False,0,0,0.45641884207725525,0.45641884207725525,0.0,44,56,12,80,107,27,C:\Users\weijt\Desktop\UNSW\COMP9900\project\capstone-project-26t2-9900-t17a-almond\outputs\generated\full_budget_search_20260717\devign\runs\baseline\09_codexglue_devign_25916,C:\Users\weijt\Desktop\UNSW\COMP9900\project\capstone-project-26t2-9900-t17a-almond\outputs\generated\full_budget_search_20260717\devign\runs\perturbed\09_codexglue_devign_25916__dead_statement__c1,C:\Users\weijt\Desktop\UNSW\COMP9900\project\capstone-project-26t2-9900-t17a-almond\outputs\generated\full_budget_search_20260717\devign\sources\09_codexglue_devign_25916__dead_statement__c1.c,inserted 1 harmless dummy integer statement pair(s) after first function brace,
devign,09_codexglue_devign_25916,C:\Users\weijt\Desktop\UNSW\COMP9900\project\capstone-project-26t2-9900-t17a-almond\input_sources\devign\09_codexglue_devign_25916.c,dead_statement,2,2,generated,ran,False,0,0,0.45641884207725525,0.45641884207725525,0.0,44,68,24,80,134,54,C:\Users\weijt\Desktop\UNSW\COMP9900\project\capstone-project-26t2-9900-t17a-almond\outputs\generated\full_budget_search_20260717\devign\runs\baseline\09_codexglue_devign_25916,C:\Users\weijt\Desktop\UNSW\COMP9900\project\capstone-project-26t2-9900-t17a-almond\outputs\generated\full_budget_search_20260717\devign\runs\perturbed\09_codexglue_devign_25916__dead_statement__c2,C:\Users\weijt\Desktop\UNSW\COMP9900\project\capstone-project-26t2-9900-t17a-almond\outputs\generated\full_budget_search_20260717\devign\sources\09_codexglue_devign_25916__dead_statement__c2.c,inserted 2 harmless dummy integer statement pair(s) after first function brace,
devign,09_codexglue_devign_25916,C:\Users\weijt\Desktop\UNSW\COMP9900\project\capstone-project-26t2-9900-t17a-almond\input_sources\devign\09_codexglue_devign_25916.c,dead_statement,3,3,generated,ran,False,0,0,0.45641884207725525,0.45641884207725525,0.0,44,80,36,80,161,81,C:\Users\weijt\Desktop\UNSW\COMP9900\project\capstone-project-26t2-9900-t17a-almond\outputs\generated\full_budget_search_20260717\devign\runs\baseline\09_codexglue_devign_25916,C:\Users\weijt\Desktop\UNSW\COMP9900\project\capstone-project-26t2-9900-t17a-almond\outputs\generated\full_budget_search_20260717\devign\runs\perturbed\09_codexglue_devign_25916__dead_statement__c3,C:\Users\weijt\Desktop\UNSW\COMP9900\project\capstone-project-26t2-9900-t17a-almond\outputs\generated\full_budget_search_20260717\devign\sources\09_codexglue_devign_25916__dead_statement__c3.c,inserted 3 harmless dummy integer statement pair(s) after first function brace,
devign,09_codexglue_devign_25916,C:\Users\weijt\Desktop\UNSW\COMP9900\project\capstone-project-26t2-9900-t17a-almond\input_sources\devign\09_codexglue_devign_25916.c,dead_statement,5,5,generated,ran,False,0,0,0.45641884207725525,0.45641884207725525,0.0,44,104,60,80,215,135,C:\Users\weijt\Desktop\UNSW\COMP9900\project\capstone-project-26t2-9900-t17a-almond\outputs\generated\full_budget_search_20260717\devign\runs\baseline\09_codexglue_devign_25916,C:\Users\weijt\Desktop\UNSW\COMP9900\project\capstone-project-26t2-9900-t17a-almond\outputs\generated\full_budget_search_20260717\devign\runs\perturbed\09_codexglue_devign_25916__dead_statement__c5,C:\Users\weijt\Desktop\UNSW\COMP9900\project\capstone-project-26t2-9900-t17a-almond\outputs\generated\full_budget_search_20260717\devign\sources\09_codexglue_devign_25916__dead_statement__c5.c,inserted 5 harmless dummy integer statement pair(s) after first function brace,
devign,09_codexglue_devign_25916,C:\Users\weijt\Desktop\UNSW\COMP9900\project\capstone-project-26t2-9900-t17a-almond\input_sources\devign\09_codexglue_devign_25916.c,xfg_targeted_dead_code,1,1,generated,ran,False,0,0,0.45641884207725525,0.45641884207725525,0.0,44,60,16,80,116,36,C:\Users\weijt\Desktop\UNSW\COMP9900\project\capstone-project-26t2-9900-t17a-almond\outputs\generated\full_budget_search_20260717\devign\runs\baseline\09_codexglue_devign_25916,C:\Users\weijt\Desktop\UNSW\COMP9900\project\capstone-project-26t2-9900-t17a-almond\outputs\generated\full_budget_search_20260717\devign\runs\perturbed\09_codexglue_devign_25916__xfg_targeted_dead_code__c1,C:\Users\weijt\Desktop\UNSW\COMP9900\project\capstone-project-26t2-9900-t17a-almond\outputs\generated\full_budget_search_20260717\devign\sources\09_codexglue_devign_25916__xfg_targeted_dead_code__c1.c,inserted 1 unreachable no-op block(s) near XFG-relevant target lines,
devign,09_codexglue_devign_25916,C:\Users\weijt\Desktop\UNSW\COMP9900\project\capstone-project-26t2-9900-t17a-almond\input_sources\devign\09_codexglue_devign_25916.c,xfg_targeted_dead_code,2,2,generated,ran,False,0,0,0.45641884207725525,0.012809215113520622,-0.4436096269637346,44,76,32,80,152,72,C:\Users\weijt\Desktop\UNSW\COMP9900\project\capstone-project-26t2-9900-t17a-almond\outputs\generated\full_budget_search_20260717\devign\runs\baseline\09_codexglue_devign_25916,C:\Users\weijt\Desktop\UNSW\COMP9900\project\capstone-project-26t2-9900-t17a-almond\outputs\generated\full_budget_search_20260717\devign\runs\perturbed\09_codexglue_devign_25916__xfg_targeted_dead_code__c2,C:\Users\weijt\Desktop\UNSW\COMP9900\project\capstone-project-26t2-9900-t17a-almond\outputs\generated\full_budget_search_20260717\devign\sources\09_codexglue_devign_25916__xfg_targeted_dead_code__c2.c,inserted 2 unreachable no-op block(s) near XFG-relevant target lines,
devign,09_codexglue_devign_25916,C:\Users\weijt\Desktop\UNSW\COMP9900\project\capstone-project-26t2-9900-t17a-almond\input_sources\devign\09_codexglue_devign_25916.c,xfg_targeted_dead_code,3,2,partial,run_partial,False,0,0,0.45641884207725525,0.012809215113520622,-0.4436096269637346,44,76,32,80,152,72,C:\Users\weijt\Desktop\UNSW\COMP9900\project\capstone-project-26t2-9900-t17a-almond\outputs\generated\full_budget_search_20260717\devign\runs\baseline\09_codexglue_devign_25916,C:\Users\weijt\Desktop\UNSW\COMP9900\project\capstone-project-26t2-9900-t17a-almond\outputs\generated\full_budget_search_20260717\devign\runs\perturbed\09_codexglue_devign_25916__xfg_targeted_dead_code__c3,C:\Users\weijt\Desktop\UNSW\COMP9900\project\capstone-project-26t2-9900-t17a-almond\outputs\generated\full_budget_search_20260717\devign\sources\09_codexglue_devign_25916__xfg_targeted_dead_code__c3.c,inserted 2 unreachable no-op block(s) near XFG-relevant target lines,
devign,09_codexglue_devign_25916,C:\Users\weijt\Desktop\UNSW\COMP9900\project\capstone-project-26t2-9900-t17a-almond\input_sources\devign\09_codexglue_devign_25916.c,range_clamp,1,0,skipped,ran,,,,,,,,,,,,,C:\Users\weijt\Desktop\UNSW\COMP9900\project\capstone-project-26t2-9900-t17a-almond\outputs\generated\full_budget_search_20260717\devign\runs\baseline\09_codexglue_devign_25916,,,no sensitive call with a clampable size/count argument found,
devign,09_codexglue_devign_25916,C:\Users\weijt\Desktop\UNSW\COMP9900\project\capstone-project-26t2-9900-t17a-almond\input_sources\devign\09_codexglue_devign_25916.c,safe_source_substitution,1,0,skipped,ran,,,,,,,,,,,,,C:\Users\weijt\Desktop\UNSW\COMP9900\project\capstone-project-26t2-9900-t17a-almond\outputs\generated\full_budget_search_20260717\devign\runs\baseline\09_codexglue_devign_25916,,,no nested pointer dereference source found,
devign,09_codexglue_devign_25916,C:\Users\weijt\Desktop\UNSW\COMP9900\project\capstone-project-26t2-9900-t17a-almond\input_sources\devign\09_codexglue_devign_25916.c,sink_bound_guard,1,0,skipped,ran,,,,,,,,,,,,,C:\Users\weijt\Desktop\UNSW\COMP9900\project\capstone-project-26t2-9900-t17a-almond\outputs\generated\full_budget_search_20260717\devign\runs\baseline\09_codexglue_devign_25916,,,no sensitive sink call found for bound guard insertion,
devign,09_codexglue_devign_25916,C:\Users\weijt\Desktop\UNSW\COMP9900\project\capstone-project-26t2-9900-t17a-almond\input_sources\devign\09_codexglue_devign_25916.c,postcondition_validation,1,0,skipped,ran,,,,,,,,,,,,,C:\Users\weijt\Desktop\UNSW\COMP9900\project\capstone-project-26t2-9900-t17a-almond\outputs\generated\full_budget_search_20260717\devign\runs\baseline\09_codexglue_devign_25916,,,no matching *_count/*_read pair found for postcondition validation,
devign,09_codexglue_devign_25916,C:\Users\weijt\Desktop\UNSW\COMP9900\project\capstone-project-26t2-9900-t17a-almond\input_sources\devign\09_codexglue_devign_25916.c,integer_overflow_guard,1,0,skipped,ran,,,,,,,,,,,,,C:\Users\weijt\Desktop\UNSW\COMP9900\project\capstone-project-26t2-9900-t17a-almond\outputs\generated\full_budget_search_20260717\devign\runs\baseline\09_codexglue_devign_25916,,,no allocation size addition or multiplication expression found,
devign,09_codexglue_devign_25916,C:\Users\weijt\Desktop\UNSW\COMP9900\project\capstone-project-26t2-9900-t17a-almond\input_sources\devign\09_codexglue_devign_25916.c,array_index_bound_guard,1,0,skipped,ran,,,,,,,,,,,,,C:\Users\weijt\Desktop\UNSW\COMP9900\project\capstone-project-26t2-9900-t17a-almond\outputs\generated\full_budget_search_20260717\devign\runs\baseline\09_codexglue_devign_25916,,,no array write found for index bound guard,
devign,09_codexglue_devign_25916,C:\Users\weijt\Desktop\UNSW\COMP9900\project\capstone-project-26t2-9900-t17a-almond\input_sources\devign\09_codexglue_devign_25916.c,wide_char_sink_guard,1,0,skipped,ran,,,,,,,,,,,,,C:\Users\weijt\Desktop\UNSW\COMP9900\project\capstone-project-26t2-9900-t17a-almond\outputs\generated\full_budget_search_20260717\devign\runs\baseline\09_codexglue_devign_25916,,,no wcscat/wcscpy wide-character sink found,
devign,09_codexglue_devign_25916,C:\Users\weijt\Desktop\UNSW\COMP9900\project\capstone-project-26t2-9900-t17a-almond\input_sources\devign\09_codexglue_devign_25916.c,pattern_dead_code,1,1,generated,ran,False,0,0,0.45641884207725525,0.012809233739972115,-0.44360960833728313,44,99,55,80,181,101,C:\Users\weijt\Desktop\UNSW\COMP9900\project\capstone-project-26t2-9900-t17a-almond\outputs\generated\full_budget_search_20260717\devign\runs\baseline\09_codexglue_devign_25916,C:\Users\weijt\Desktop\UNSW\COMP9900\project\capstone-project-26t2-9900-t17a-almond\outputs\generated\full_budget_search_20260717\devign\runs\perturbed\09_codexglue_devign_25916__pattern_dead_code__c1,C:\Users\weijt\Desktop\UNSW\COMP9900\project\capstone-project-26t2-9900-t17a-almond\outputs\generated\full_budget_search_20260717\devign\sources\09_codexglue_devign_25916__pattern_dead_code__c1.c,inserted 1 unreachable pointer/array/length pattern block(s) near sensitive or structural lines,
devign,09_codexglue_devign_25916,C:\Users\weijt\Desktop\UNSW\COMP9900\project\capstone-project-26t2-9900-t17a-almond\input_sources\devign\09_codexglue_devign_25916.c,pattern_dead_code,2,2,generated,ran,False,0,0,0.45641884207725525,0.012809233739972115,-0.44360960833728313,44,154,110,80,282,202,C:\Users\weijt\Desktop\UNSW\COMP9900\project\capstone-project-26t2-9900-t17a-almond\outputs\generated\full_budget_search_20260717\devign\runs\baseline\09_codexglue_devign_25916,C:\Users\weijt\Desktop\UNSW\COMP9900\project\capstone-project-26t2-9900-t17a-almond\outputs\generated\full_budget_search_20260717\devign\runs\perturbed\09_codexglue_devign_25916__pattern_dead_code__c2,C:\Users\weijt\Desktop\UNSW\COMP9900\project\capstone-project-26t2-9900-t17a-almond\outputs\generated\full_budget_search_20260717\devign\sources\09_codexglue_devign_25916__pattern_dead_code__c2.c,inserted 2 unreachable pointer/array/length pattern block(s) near sensitive or structural lines,
devign,09_codexglue_devign_25916,C:\Users\weijt\Desktop\UNSW\COMP9900\project\capstone-project-26t2-9900-t17a-almond\input_sources\devign\09_codexglue_devign_25916.c,pattern_dead_code,3,2,partial,run_partial,False,0,0,0.45641884207725525,0.012809233739972115,-0.44360960833728313,44,154,110,80,282,202,C:\Users\weijt\Desktop\UNSW\COMP9900\project\capstone-project-26t2-9900-t17a-almond\outputs\generated\full_budget_search_20260717\devign\runs\baseline\09_codexglue_devign_25916,C:\Users\weijt\Desktop\UNSW\COMP9900\project\capstone-project-26t2-9900-t17a-almond\outputs\generated\full_budget_search_20260717\devign\runs\perturbed\09_codexglue_devign_25916__pattern_dead_code__c3,C:\Users\weijt\Desktop\UNSW\COMP9900\project\capstone-project-26t2-9900-t17a-almond\outputs\generated\full_budget_search_20260717\devign\sources\09_codexglue_devign_25916__pattern_dead_code__c3.c,inserted 2 unreachable pointer/array/length pattern block(s) near sensitive or structural lines,
devign,09_codexglue_devign_25916,C:\Users\weijt\Desktop\UNSW\COMP9900\project\capstone-project-26t2-9900-t17a-almond\input_sources\devign\09_codexglue_devign_25916.c,control_wrapper,1,1,generated,ran,False,0,0,0.45641884207725525,0.011571629904210567,-0.4448472121730447,44,48,4,80,89,9,C:\Users\weijt\Desktop\UNSW\COMP9900\project\capstone-project-26t2-9900-t17a-almond\outputs\generated\full_budget_search_20260717\devign\runs\baseline\09_codexglue_devign_25916,C:\Users\weijt\Desktop\UNSW\COMP9900\project\capstone-project-26t2-9900-t17a-almond\outputs\generated\full_budget_search_20260717\devign\runs\perturbed\09_codexglue_devign_25916__control_wrapper__c1,C:\Users\weijt\Desktop\UNSW\COMP9900\project\capstone-project-26t2-9900-t17a-almond\outputs\generated\full_budget_search_20260717\devign\sources\09_codexglue_devign_25916__control_wrapper__c1.c,wrapped 1 safe single-line statement(s) with if (1) blocks,
devign,09_codexglue_devign_25916,C:\Users\weijt\Desktop\UNSW\COMP9900\project\capstone-project-26t2-9900-t17a-almond\input_sources\devign\09_codexglue_devign_25916.c,control_wrapper,2,2,generated,ran,False,0,0,0.45641884207725525,0.011571629904210567,-0.4448472121730447,44,52,8,80,98,18,C:\Users\weijt\Desktop\UNSW\COMP9900\project\capstone-project-26t2-9900-t17a-almond\outputs\generated\full_budget_search_20260717\devign\runs\baseline\09_codexglue_devign_25916,C:\Users\weijt\Desktop\UNSW\COMP9900\project\capstone-project-26t2-9900-t17a-almond\outputs\generated\full_budget_search_20260717\devign\runs\perturbed\09_codexglue_devign_25916__control_wrapper__c2,C:\Users\weijt\Desktop\UNSW\COMP9900\project\capstone-project-26t2-9900-t17a-almond\outputs\generated\full_budget_search_20260717\devign\sources\09_codexglue_devign_25916__control_wrapper__c2.c,wrapped 2 safe single-line statement(s) with if (1) blocks,
devign,09_codexglue_devign_25916,C:\Users\weijt\Desktop\UNSW\COMP9900\project\capstone-project-26t2-9900-t17a-almond\input_sources\devign\09_codexglue_devign_25916.c,control_wrapper,3,2,partial,run_partial,False,0,0,0.45641884207725525,0.011571629904210567,-0.4448472121730447,44,52,8,80,98,18,C:\Users\weijt\Desktop\UNSW\COMP9900\project\capstone-project-26t2-9900-t17a-almond\outputs\generated\full_budget_search_20260717\devign\runs\baseline\09_codexglue_devign_25916,C:\Users\weijt\Desktop\UNSW\COMP9900\project\capstone-project-26t2-9900-t17a-almond\outputs\generated\full_budget_search_20260717\devign\runs\perturbed\09_codexglue_devign_25916__control_wrapper__c3,C:\Users\weijt\Desktop\UNSW\COMP9900\project\capstone-project-26t2-9900-t17a-almond\outputs\generated\full_budget_search_20260717\devign\sources\09_codexglue_devign_25916__control_wrapper__c3.c,wrapped 2 safe single-line statement(s) with if (1) blocks,
devign,09_codexglue_devign_25916,C:\Users\weijt\Desktop\UNSW\COMP9900\project\capstone-project-26t2-9900-t17a-almond\input_sources\devign\09_codexglue_devign_25916.c,temp_variable_split,1,0,skipped,ran,,,,,,,,,,,,,C:\Users\weijt\Desktop\UNSW\COMP9900\project\capstone-project-26t2-9900-t17a-almond\outputs\generated\full_budget_search_20260717\devign\runs\baseline\09_codexglue_devign_25916,,,no simple integer-like assignment candidate found,
