sample_id,source_file,action,count,applied_count,generation_status,run_status,flipped,base_label,variant_label,base_probability,variant_probability,delta_probability,base_nodes,variant_nodes,delta_nodes,base_edges,variant_edges,delta_edges,baseline_run_dir,variant_run_dir,variant_file,notes,error
00_codexglue_devign_9763,C:\Users\weijt\Desktop\UNSW\COMP9900\project\capstone-project-26t2-9900-t17a-almond\input_sources\devign\00_codexglue_devign_9763.c,data_flow_alias,1,1,generated,ran,False,0,0,0.0005112718208692968,0.0005112718208692968,0.0,1152,1170,18,2411,2450,39,C:\Users\weijt\Desktop\UNSW\COMP9900\project\capstone-project-26t2-9900-t17a-almond\outputs\generated\full_budget_search_20260717\devign\runs\baseline\00_codexglue_devign_9763,C:\Users\weijt\Desktop\UNSW\COMP9900\project\capstone-project-26t2-9900-t17a-almond\outputs\generated\full_budget_search_20260717\devign\runs\perturbed\00_codexglue_devign_9763__data_flow_alias__c1,C:\Users\weijt\Desktop\UNSW\COMP9900\project\capstone-project-26t2-9900-t17a-almond\outputs\generated\full_budget_search_20260717\devign\sources\00_codexglue_devign_9763__data_flow_alias__c1.c,inserted 1 alias-preserving data-flow no-op(s) near call arguments,
00_codexglue_devign_9763,C:\Users\weijt\Desktop\UNSW\COMP9900\project\capstone-project-26t2-9900-t17a-almond\input_sources\devign\00_codexglue_devign_9763.c,data_flow_alias,2,2,generated,ran,False,0,0,0.0005112718208692968,0.0005112718208692968,0.0,1152,1190,38,2411,2488,77,C:\Users\weijt\Desktop\UNSW\COMP9900\project\capstone-project-26t2-9900-t17a-almond\outputs\generated\full_budget_search_20260717\devign\runs\baseline\00_codexglue_devign_9763,C:\Users\weijt\Desktop\UNSW\COMP9900\project\capstone-project-26t2-9900-t17a-almond\outputs\generated\full_budget_search_20260717\devign\runs\perturbed\00_codexglue_devign_9763__data_flow_alias__c2,C:\Users\weijt\Desktop\UNSW\COMP9900\project\capstone-project-26t2-9900-t17a-almond\outputs\generated\full_budget_search_20260717\devign\sources\00_codexglue_devign_9763__data_flow_alias__c2.c,inserted 2 alias-preserving data-flow no-op(s) near call arguments,
00_codexglue_devign_9763,C:\Users\weijt\Desktop\UNSW\COMP9900\project\capstone-project-26t2-9900-t17a-almond\input_sources\devign\00_codexglue_devign_9763.c,data_flow_alias,3,3,generated,ran,False,0,0,0.0005112718208692968,0.0005112718208692968,0.0,1152,1208,56,2411,2527,116,C:\Users\weijt\Desktop\UNSW\COMP9900\project\capstone-project-26t2-9900-t17a-almond\outputs\generated\full_budget_search_20260717\devign\runs\baseline\00_codexglue_devign_9763,C:\Users\weijt\Desktop\UNSW\COMP9900\project\capstone-project-26t2-9900-t17a-almond\outputs\generated\full_budget_search_20260717\devign\runs\perturbed\00_codexglue_devign_9763__data_flow_alias__c3,C:\Users\weijt\Desktop\UNSW\COMP9900\project\capstone-project-26t2-9900-t17a-almond\outputs\generated\full_budget_search_20260717\devign\sources\00_codexglue_devign_9763__data_flow_alias__c3.c,inserted 3 alias-preserving data-flow no-op(s) near call arguments,
00_codexglue_devign_9763,C:\Users\weijt\Desktop\UNSW\COMP9900\project\capstone-project-26t2-9900-t17a-almond\input_sources\devign\00_codexglue_devign_9763.c,data_flow_alias,5,5,generated,ran,False,0,0,0.0005112718208692968,0.0005112718208692968,0.0,1152,1246,94,2411,2604,193,C:\Users\weijt\Desktop\UNSW\COMP9900\project\capstone-project-26t2-9900-t17a-almond\outputs\generated\full_budget_search_20260717\devign\runs\baseline\00_codexglue_devign_9763,C:\Users\weijt\Desktop\UNSW\COMP9900\project\capstone-project-26t2-9900-t17a-almond\outputs\generated\full_budget_search_20260717\devign\runs\perturbed\00_codexglue_devign_9763__data_flow_alias__c5,C:\Users\weijt\Desktop\UNSW\COMP9900\project\capstone-project-26t2-9900-t17a-almond\outputs\generated\full_budget_search_20260717\devign\sources\00_codexglue_devign_9763__data_flow_alias__c5.c,inserted 5 alias-preserving data-flow no-op(s) near call arguments,
00_codexglue_devign_9763,C:\Users\weijt\Desktop\UNSW\COMP9900\project\capstone-project-26t2-9900-t17a-almond\input_sources\devign\00_codexglue_devign_9763.c,dead_statement,1,1,generated,ran,False,0,0,0.0005112718208692968,0.0005112718208692968,0.0,1152,1164,12,2411,2438,27,C:\Users\weijt\Desktop\UNSW\COMP9900\project\capstone-project-26t2-9900-t17a-almond\outputs\generated\full_budget_search_20260717\devign\runs\baseline\00_codexglue_devign_9763,C:\Users\weijt\Desktop\UNSW\COMP9900\project\capstone-project-26t2-9900-t17a-almond\outputs\generated\full_budget_search_20260717\devign\runs\perturbed\00_codexglue_devign_9763__dead_statement__c1,C:\Users\weijt\Desktop\UNSW\COMP9900\project\capstone-project-26t2-9900-t17a-almond\outputs\generated\full_budget_search_20260717\devign\sources\00_codexglue_devign_9763__dead_statement__c1.c,inserted 1 harmless dummy integer statement pair(s) after first function brace,
00_codexglue_devign_9763,C:\Users\weijt\Desktop\UNSW\COMP9900\project\capstone-project-26t2-9900-t17a-almond\input_sources\devign\00_codexglue_devign_9763.c,dead_statement,2,2,generated,ran,False,0,0,0.0005112718208692968,0.0005112718208692968,0.0,1152,1176,24,2411,2465,54,C:\Users\weijt\Desktop\UNSW\COMP9900\project\capstone-project-26t2-9900-t17a-almond\outputs\generated\full_budget_search_20260717\devign\runs\baseline\00_codexglue_devign_9763,C:\Users\weijt\Desktop\UNSW\COMP9900\project\capstone-project-26t2-9900-t17a-almond\outputs\generated\full_budget_search_20260717\devign\runs\perturbed\00_codexglue_devign_9763__dead_statement__c2,C:\Users\weijt\Desktop\UNSW\COMP9900\project\capstone-project-26t2-9900-t17a-almond\outputs\generated\full_budget_search_20260717\devign\sources\00_codexglue_devign_9763__dead_statement__c2.c,inserted 2 harmless dummy integer statement pair(s) after first function brace,
00_codexglue_devign_9763,C:\Users\weijt\Desktop\UNSW\COMP9900\project\capstone-project-26t2-9900-t17a-almond\input_sources\devign\00_codexglue_devign_9763.c,dead_statement,3,3,generated,ran,False,0,0,0.0005112718208692968,0.0005112718208692968,0.0,1152,1188,36,2411,2492,81,C:\Users\weijt\Desktop\UNSW\COMP9900\project\capstone-project-26t2-9900-t17a-almond\outputs\generated\full_budget_search_20260717\devign\runs\baseline\00_codexglue_devign_9763,C:\Users\weijt\Desktop\UNSW\COMP9900\project\capstone-project-26t2-9900-t17a-almond\outputs\generated\full_budget_search_20260717\devign\runs\perturbed\00_codexglue_devign_9763__dead_statement__c3,C:\Users\weijt\Desktop\UNSW\COMP9900\project\capstone-project-26t2-9900-t17a-almond\outputs\generated\full_budget_search_20260717\devign\sources\00_codexglue_devign_9763__dead_statement__c3.c,inserted 3 harmless dummy integer statement pair(s) after first function brace,
00_codexglue_devign_9763,C:\Users\weijt\Desktop\UNSW\COMP9900\project\capstone-project-26t2-9900-t17a-almond\input_sources\devign\00_codexglue_devign_9763.c,dead_statement,5,5,generated,ran,False,0,0,0.0005112718208692968,0.0005112718208692968,0.0,1152,1212,60,2411,2546,135,C:\Users\weijt\Desktop\UNSW\COMP9900\project\capstone-project-26t2-9900-t17a-almond\outputs\generated\full_budget_search_20260717\devign\runs\baseline\00_codexglue_devign_9763,C:\Users\weijt\Desktop\UNSW\COMP9900\project\capstone-project-26t2-9900-t17a-almond\outputs\generated\full_budget_search_20260717\devign\runs\perturbed\00_codexglue_devign_9763__dead_statement__c5,C:\Users\weijt\Desktop\UNSW\COMP9900\project\capstone-project-26t2-9900-t17a-almond\outputs\generated\full_budget_search_20260717\devign\sources\00_codexglue_devign_9763__dead_statement__c5.c,inserted 5 harmless dummy integer statement pair(s) after first function brace,
00_codexglue_devign_9763,C:\Users\weijt\Desktop\UNSW\COMP9900\project\capstone-project-26t2-9900-t17a-almond\input_sources\devign\00_codexglue_devign_9763.c,xfg_targeted_dead_code,1,1,generated,ran,False,0,0,0.0005112718208692968,0.0005112718208692968,0.0,1152,1168,16,2411,2447,36,C:\Users\weijt\Desktop\UNSW\COMP9900\project\capstone-project-26t2-9900-t17a-almond\outputs\generated\full_budget_search_20260717\devign\runs\baseline\00_codexglue_devign_9763,C:\Users\weijt\Desktop\UNSW\COMP9900\project\capstone-project-26t2-9900-t17a-almond\outputs\generated\full_budget_search_20260717\devign\runs\perturbed\00_codexglue_devign_9763__xfg_targeted_dead_code__c1,C:\Users\weijt\Desktop\UNSW\COMP9900\project\capstone-project-26t2-9900-t17a-almond\outputs\generated\full_budget_search_20260717\devign\sources\00_codexglue_devign_9763__xfg_targeted_dead_code__c1.c,inserted 1 unreachable no-op block(s) near XFG-relevant target lines,
00_codexglue_devign_9763,C:\Users\weijt\Desktop\UNSW\COMP9900\project\capstone-project-26t2-9900-t17a-almond\input_sources\devign\00_codexglue_devign_9763.c,xfg_targeted_dead_code,2,2,generated,ran,False,0,0,0.0005112718208692968,0.0005112718208692968,0.0,1152,1184,32,2411,2483,72,C:\Users\weijt\Desktop\UNSW\COMP9900\project\capstone-project-26t2-9900-t17a-almond\outputs\generated\full_budget_search_20260717\devign\runs\baseline\00_codexglue_devign_9763,C:\Users\weijt\Desktop\UNSW\COMP9900\project\capstone-project-26t2-9900-t17a-almond\outputs\generated\full_budget_search_20260717\devign\runs\perturbed\00_codexglue_devign_9763__xfg_targeted_dead_code__c2,C:\Users\weijt\Desktop\UNSW\COMP9900\project\capstone-project-26t2-9900-t17a-almond\outputs\generated\full_budget_search_20260717\devign\sources\00_codexglue_devign_9763__xfg_targeted_dead_code__c2.c,inserted 2 unreachable no-op block(s) near XFG-relevant target lines,
00_codexglue_devign_9763,C:\Users\weijt\Desktop\UNSW\COMP9900\project\capstone-project-26t2-9900-t17a-almond\input_sources\devign\00_codexglue_devign_9763.c,xfg_targeted_dead_code,3,3,generated,ran,False,0,0,0.0005112718208692968,0.0005112718208692968,0.0,1152,1200,48,2411,2519,108,C:\Users\weijt\Desktop\UNSW\COMP9900\project\capstone-project-26t2-9900-t17a-almond\outputs\generated\full_budget_search_20260717\devign\runs\baseline\00_codexglue_devign_9763,C:\Users\weijt\Desktop\UNSW\COMP9900\project\capstone-project-26t2-9900-t17a-almond\outputs\generated\full_budget_search_20260717\devign\runs\perturbed\00_codexglue_devign_9763__xfg_targeted_dead_code__c3,C:\Users\weijt\Desktop\UNSW\COMP9900\project\capstone-project-26t2-9900-t17a-almond\outputs\generated\full_budget_search_20260717\devign\sources\00_codexglue_devign_9763__xfg_targeted_dead_code__c3.c,inserted 3 unreachable no-op block(s) near XFG-relevant target lines,
00_codexglue_devign_9763,C:\Users\weijt\Desktop\UNSW\COMP9900\project\capstone-project-26t2-9900-t17a-almond\input_sources\devign\00_codexglue_devign_9763.c,xfg_targeted_dead_code,5,5,generated,ran,False,0,0,0.0005112718208692968,0.0005112718208692968,0.0,1152,1232,80,2411,2591,180,C:\Users\weijt\Desktop\UNSW\COMP9900\project\capstone-project-26t2-9900-t17a-almond\outputs\generated\full_budget_search_20260717\devign\runs\baseline\00_codexglue_devign_9763,C:\Users\weijt\Desktop\UNSW\COMP9900\project\capstone-project-26t2-9900-t17a-almond\outputs\generated\full_budget_search_20260717\devign\runs\perturbed\00_codexglue_devign_9763__xfg_targeted_dead_code__c5,C:\Users\weijt\Desktop\UNSW\COMP9900\project\capstone-project-26t2-9900-t17a-almond\outputs\generated\full_budget_search_20260717\devign\sources\00_codexglue_devign_9763__xfg_targeted_dead_code__c5.c,inserted 5 unreachable no-op block(s) near XFG-relevant target lines,
00_codexglue_devign_9763,C:\Users\weijt\Desktop\UNSW\COMP9900\project\capstone-project-26t2-9900-t17a-almond\input_sources\devign\00_codexglue_devign_9763.c,range_clamp,1,1,generated,ran,False,0,0,0.0005112718208692968,0.0005112718208692968,0.0,1152,1182,30,2411,2481,70,C:\Users\weijt\Desktop\UNSW\COMP9900\project\capstone-project-26t2-9900-t17a-almond\outputs\generated\full_budget_search_20260717\devign\runs\baseline\00_codexglue_devign_9763,C:\Users\weijt\Desktop\UNSW\COMP9900\project\capstone-project-26t2-9900-t17a-almond\outputs\generated\full_budget_search_20260717\devign\runs\perturbed\00_codexglue_devign_9763__range_clamp__c1,C:\Users\weijt\Desktop\UNSW\COMP9900\project\capstone-project-26t2-9900-t17a-almond\outputs\generated\full_budget_search_20260717\devign\sources\00_codexglue_devign_9763__range_clamp__c1.c,clamped 1 sensitive sink size/count argument(s) through bounded local variables,
00_codexglue_devign_9763,C:\Users\weijt\Desktop\UNSW\COMP9900\project\capstone-project-26t2-9900-t17a-almond\input_sources\devign\00_codexglue_devign_9763.c,range_clamp,2,2,generated,ran,False,0,0,0.0005112718208692968,0.0005112718208692968,0.0,1152,1212,60,2411,2549,138,C:\Users\weijt\Desktop\UNSW\COMP9900\project\capstone-project-26t2-9900-t17a-almond\outputs\generated\full_budget_search_20260717\devign\runs\baseline\00_codexglue_devign_9763,C:\Users\weijt\Desktop\UNSW\COMP9900\project\capstone-project-26t2-9900-t17a-almond\outputs\generated\full_budget_search_20260717\devign\runs\perturbed\00_codexglue_devign_9763__range_clamp__c2,C:\Users\weijt\Desktop\UNSW\COMP9900\project\capstone-project-26t2-9900-t17a-almond\outputs\generated\full_budget_search_20260717\devign\sources\00_codexglue_devign_9763__range_clamp__c2.c,clamped 2 sensitive sink size/count argument(s) through bounded local variables,
00_codexglue_devign_9763,C:\Users\weijt\Desktop\UNSW\COMP9900\project\capstone-project-26t2-9900-t17a-almond\input_sources\devign\00_codexglue_devign_9763.c,range_clamp,3,3,generated,ran,False,0,0,0.0005112718208692968,0.0005112718208692968,0.0,1152,1242,90,2411,2617,206,C:\Users\weijt\Desktop\UNSW\COMP9900\project\capstone-project-26t2-9900-t17a-almond\outputs\generated\full_budget_search_20260717\devign\runs\baseline\00_codexglue_devign_9763,C:\Users\weijt\Desktop\UNSW\COMP9900\project\capstone-project-26t2-9900-t17a-almond\outputs\generated\full_budget_search_20260717\devign\runs\perturbed\00_codexglue_devign_9763__range_clamp__c3,C:\Users\weijt\Desktop\UNSW\COMP9900\project\capstone-project-26t2-9900-t17a-almond\outputs\generated\full_budget_search_20260717\devign\sources\00_codexglue_devign_9763__range_clamp__c3.c,clamped 3 sensitive sink size/count argument(s) through bounded local variables,
00_codexglue_devign_9763,C:\Users\weijt\Desktop\UNSW\COMP9900\project\capstone-project-26t2-9900-t17a-almond\input_sources\devign\00_codexglue_devign_9763.c,range_clamp,5,3,partial,run_partial,False,0,0,0.0005112718208692968,0.0005112718208692968,0.0,1152,1242,90,2411,2617,206,C:\Users\weijt\Desktop\UNSW\COMP9900\project\capstone-project-26t2-9900-t17a-almond\outputs\generated\full_budget_search_20260717\devign\runs\baseline\00_codexglue_devign_9763,C:\Users\weijt\Desktop\UNSW\COMP9900\project\capstone-project-26t2-9900-t17a-almond\outputs\generated\full_budget_search_20260717\devign\runs\perturbed\00_codexglue_devign_9763__range_clamp__c5,C:\Users\weijt\Desktop\UNSW\COMP9900\project\capstone-project-26t2-9900-t17a-almond\outputs\generated\full_budget_search_20260717\devign\sources\00_codexglue_devign_9763__range_clamp__c5.c,clamped 3 sensitive sink size/count argument(s) through bounded local variables,
00_codexglue_devign_9763,C:\Users\weijt\Desktop\UNSW\COMP9900\project\capstone-project-26t2-9900-t17a-almond\input_sources\devign\00_codexglue_devign_9763.c,safe_source_substitution,1,0,skipped,ran,,,,,,,,,,,,,C:\Users\weijt\Desktop\UNSW\COMP9900\project\capstone-project-26t2-9900-t17a-almond\outputs\generated\full_budget_search_20260717\devign\runs\baseline\00_codexglue_devign_9763,,,no nested pointer dereference source found,
00_codexglue_devign_9763,C:\Users\weijt\Desktop\UNSW\COMP9900\project\capstone-project-26t2-9900-t17a-almond\input_sources\devign\00_codexglue_devign_9763.c,sink_bound_guard,1,1,generated,ran,False,0,0,0.0005112718208692968,0.0005112718208692968,0.0,1152,1162,10,2411,2432,21,C:\Users\weijt\Desktop\UNSW\COMP9900\project\capstone-project-26t2-9900-t17a-almond\outputs\generated\full_budget_search_20260717\devign\runs\baseline\00_codexglue_devign_9763,C:\Users\weijt\Desktop\UNSW\COMP9900\project\capstone-project-26t2-9900-t17a-almond\outputs\generated\full_budget_search_20260717\devign\runs\perturbed\00_codexglue_devign_9763__sink_bound_guard__c1,C:\Users\weijt\Desktop\UNSW\COMP9900\project\capstone-project-26t2-9900-t17a-almond\outputs\generated\full_budget_search_20260717\devign\sources\00_codexglue_devign_9763__sink_bound_guard__c1.c,inserted 1 early-return bound guard(s) before sensitive sink calls,
00_codexglue_devign_9763,C:\Users\weijt\Desktop\UNSW\COMP9900\project\capstone-project-26t2-9900-t17a-almond\input_sources\devign\00_codexglue_devign_9763.c,sink_bound_guard,2,2,generated,ran,False,0,0,0.0005112718208692968,0.0005112718208692968,0.0,1152,1172,20,2411,2455,44,C:\Users\weijt\Desktop\UNSW\COMP9900\project\capstone-project-26t2-9900-t17a-almond\outputs\generated\full_budget_search_20260717\devign\runs\baseline\00_codexglue_devign_9763,C:\Users\weijt\Desktop\UNSW\COMP9900\project\capstone-project-26t2-9900-t17a-almond\outputs\generated\full_budget_search_20260717\devign\runs\perturbed\00_codexglue_devign_9763__sink_bound_guard__c2,C:\Users\weijt\Desktop\UNSW\COMP9900\project\capstone-project-26t2-9900-t17a-almond\outputs\generated\full_budget_search_20260717\devign\sources\00_codexglue_devign_9763__sink_bound_guard__c2.c,inserted 2 early-return bound guard(s) before sensitive sink calls,
00_codexglue_devign_9763,C:\Users\weijt\Desktop\UNSW\COMP9900\project\capstone-project-26t2-9900-t17a-almond\input_sources\devign\00_codexglue_devign_9763.c,sink_bound_guard,3,3,generated,ran,False,0,0,0.0005112718208692968,0.0005112718208692968,0.0,1152,1182,30,2411,2476,65,C:\Users\weijt\Desktop\UNSW\COMP9900\project\capstone-project-26t2-9900-t17a-almond\outputs\generated\full_budget_search_20260717\devign\runs\baseline\00_codexglue_devign_9763,C:\Users\weijt\Desktop\UNSW\COMP9900\project\capstone-project-26t2-9900-t17a-almond\outputs\generated\full_budget_search_20260717\devign\runs\perturbed\00_codexglue_devign_9763__sink_bound_guard__c3,C:\Users\weijt\Desktop\UNSW\COMP9900\project\capstone-project-26t2-9900-t17a-almond\outputs\generated\full_budget_search_20260717\devign\sources\00_codexglue_devign_9763__sink_bound_guard__c3.c,inserted 3 early-return bound guard(s) before sensitive sink calls,
00_codexglue_devign_9763,C:\Users\weijt\Desktop\UNSW\COMP9900\project\capstone-project-26t2-9900-t17a-almond\input_sources\devign\00_codexglue_devign_9763.c,sink_bound_guard,5,3,partial,run_partial,False,0,0,0.0005112718208692968,0.0005112718208692968,0.0,1152,1182,30,2411,2476,65,C:\Users\weijt\Desktop\UNSW\COMP9900\project\capstone-project-26t2-9900-t17a-almond\outputs\generated\full_budget_search_20260717\devign\runs\baseline\00_codexglue_devign_9763,C:\Users\weijt\Desktop\UNSW\COMP9900\project\capstone-project-26t2-9900-t17a-almond\outputs\generated\full_budget_search_20260717\devign\runs\perturbed\00_codexglue_devign_9763__sink_bound_guard__c5,C:\Users\weijt\Desktop\UNSW\COMP9900\project\capstone-project-26t2-9900-t17a-almond\outputs\generated\full_budget_search_20260717\devign\sources\00_codexglue_devign_9763__sink_bound_guard__c5.c,inserted 3 early-return bound guard(s) before sensitive sink calls,
00_codexglue_devign_9763,C:\Users\weijt\Desktop\UNSW\COMP9900\project\capstone-project-26t2-9900-t17a-almond\input_sources\devign\00_codexglue_devign_9763.c,postcondition_validation,1,0,skipped,ran,,,,,,,,,,,,,C:\Users\weijt\Desktop\UNSW\COMP9900\project\capstone-project-26t2-9900-t17a-almond\outputs\generated\full_budget_search_20260717\devign\runs\baseline\00_codexglue_devign_9763,,,no matching *_count/*_read pair found for postcondition validation,
00_codexglue_devign_9763,C:\Users\weijt\Desktop\UNSW\COMP9900\project\capstone-project-26t2-9900-t17a-almond\input_sources\devign\00_codexglue_devign_9763.c,integer_overflow_guard,1,0,skipped,ran,,,,,,,,,,,,,C:\Users\weijt\Desktop\UNSW\COMP9900\project\capstone-project-26t2-9900-t17a-almond\outputs\generated\full_budget_search_20260717\devign\runs\baseline\00_codexglue_devign_9763,,,no allocation size addition or multiplication expression found,
00_codexglue_devign_9763,C:\Users\weijt\Desktop\UNSW\COMP9900\project\capstone-project-26t2-9900-t17a-almond\input_sources\devign\00_codexglue_devign_9763.c,array_index_bound_guard,1,0,skipped,ran,,,,,,,,,,,,,C:\Users\weijt\Desktop\UNSW\COMP9900\project\capstone-project-26t2-9900-t17a-almond\outputs\generated\full_budget_search_20260717\devign\runs\baseline\00_codexglue_devign_9763,,,no array write found for index bound guard,
00_codexglue_devign_9763,C:\Users\weijt\Desktop\UNSW\COMP9900\project\capstone-project-26t2-9900-t17a-almond\input_sources\devign\00_codexglue_devign_9763.c,wide_char_sink_guard,1,0,skipped,ran,,,,,,,,,,,,,C:\Users\weijt\Desktop\UNSW\COMP9900\project\capstone-project-26t2-9900-t17a-almond\outputs\generated\full_budget_search_20260717\devign\runs\baseline\00_codexglue_devign_9763,,,no wcscat/wcscpy wide-character sink found,
00_codexglue_devign_9763,C:\Users\weijt\Desktop\UNSW\COMP9900\project\capstone-project-26t2-9900-t17a-almond\input_sources\devign\00_codexglue_devign_9763.c,pattern_dead_code,1,1,generated,ran,False,0,0,0.0005112718208692968,0.0005112718208692968,0.0,1152,1207,55,2411,2512,101,C:\Users\weijt\Desktop\UNSW\COMP9900\project\capstone-project-26t2-9900-t17a-almond\outputs\generated\full_budget_search_20260717\devign\runs\baseline\00_codexglue_devign_9763,C:\Users\weijt\Desktop\UNSW\COMP9900\project\capstone-project-26t2-9900-t17a-almond\outputs\generated\full_budget_search_20260717\devign\runs\perturbed\00_codexglue_devign_9763__pattern_dead_code__c1,C:\Users\weijt\Desktop\UNSW\COMP9900\project\capstone-project-26t2-9900-t17a-almond\outputs\generated\full_budget_search_20260717\devign\sources\00_codexglue_devign_9763__pattern_dead_code__c1.c,inserted 1 unreachable pointer/array/length pattern block(s) near sensitive or structural lines,
00_codexglue_devign_9763,C:\Users\weijt\Desktop\UNSW\COMP9900\project\capstone-project-26t2-9900-t17a-almond\input_sources\devign\00_codexglue_devign_9763.c,pattern_dead_code,2,2,generated,ran,False,0,0,0.0005112718208692968,0.0005112718208692968,0.0,1152,1262,110,2411,2613,202,C:\Users\weijt\Desktop\UNSW\COMP9900\project\capstone-project-26t2-9900-t17a-almond\outputs\generated\full_budget_search_20260717\devign\runs\baseline\00_codexglue_devign_9763,C:\Users\weijt\Desktop\UNSW\COMP9900\project\capstone-project-26t2-9900-t17a-almond\outputs\generated\full_budget_search_20260717\devign\runs\perturbed\00_codexglue_devign_9763__pattern_dead_code__c2,C:\Users\weijt\Desktop\UNSW\COMP9900\project\capstone-project-26t2-9900-t17a-almond\outputs\generated\full_budget_search_20260717\devign\sources\00_codexglue_devign_9763__pattern_dead_code__c2.c,inserted 2 unreachable pointer/array/length pattern block(s) near sensitive or structural lines,
00_codexglue_devign_9763,C:\Users\weijt\Desktop\UNSW\COMP9900\project\capstone-project-26t2-9900-t17a-almond\input_sources\devign\00_codexglue_devign_9763.c,pattern_dead_code,3,3,generated,ran,False,0,0,0.0005112718208692968,0.0005112718208692968,0.0,1152,1317,165,2411,2714,303,C:\Users\weijt\Desktop\UNSW\COMP9900\project\capstone-project-26t2-9900-t17a-almond\outputs\generated\full_budget_search_20260717\devign\runs\baseline\00_codexglue_devign_9763,C:\Users\weijt\Desktop\UNSW\COMP9900\project\capstone-project-26t2-9900-t17a-almond\outputs\generated\full_budget_search_20260717\devign\runs\perturbed\00_codexglue_devign_9763__pattern_dead_code__c3,C:\Users\weijt\Desktop\UNSW\COMP9900\project\capstone-project-26t2-9900-t17a-almond\outputs\generated\full_budget_search_20260717\devign\sources\00_codexglue_devign_9763__pattern_dead_code__c3.c,inserted 3 unreachable pointer/array/length pattern block(s) near sensitive or structural lines,
00_codexglue_devign_9763,C:\Users\weijt\Desktop\UNSW\COMP9900\project\capstone-project-26t2-9900-t17a-almond\input_sources\devign\00_codexglue_devign_9763.c,pattern_dead_code,5,5,generated,ran,False,0,0,0.0005112718208692968,0.0005112718208692968,0.0,1152,1427,275,2411,2916,505,C:\Users\weijt\Desktop\UNSW\COMP9900\project\capstone-project-26t2-9900-t17a-almond\outputs\generated\full_budget_search_20260717\devign\runs\baseline\00_codexglue_devign_9763,C:\Users\weijt\Desktop\UNSW\COMP9900\project\capstone-project-26t2-9900-t17a-almond\outputs\generated\full_budget_search_20260717\devign\runs\perturbed\00_codexglue_devign_9763__pattern_dead_code__c5,C:\Users\weijt\Desktop\UNSW\COMP9900\project\capstone-project-26t2-9900-t17a-almond\outputs\generated\full_budget_search_20260717\devign\sources\00_codexglue_devign_9763__pattern_dead_code__c5.c,inserted 5 unreachable pointer/array/length pattern block(s) near sensitive or structural lines,
00_codexglue_devign_9763,C:\Users\weijt\Desktop\UNSW\COMP9900\project\capstone-project-26t2-9900-t17a-almond\input_sources\devign\00_codexglue_devign_9763.c,control_wrapper,1,1,generated,ran,False,0,0,0.0005112718208692968,0.0005112718208692968,0.0,1152,1156,4,2411,2429,18,C:\Users\weijt\Desktop\UNSW\COMP9900\project\capstone-project-26t2-9900-t17a-almond\outputs\generated\full_budget_search_20260717\devign\runs\baseline\00_codexglue_devign_9763,C:\Users\weijt\Desktop\UNSW\COMP9900\project\capstone-project-26t2-9900-t17a-almond\outputs\generated\full_budget_search_20260717\devign\runs\perturbed\00_codexglue_devign_9763__control_wrapper__c1,C:\Users\weijt\Desktop\UNSW\COMP9900\project\capstone-project-26t2-9900-t17a-almond\outputs\generated\full_budget_search_20260717\devign\sources\00_codexglue_devign_9763__control_wrapper__c1.c,wrapped 1 safe single-line statement(s) with if (1) blocks,
00_codexglue_devign_9763,C:\Users\weijt\Desktop\UNSW\COMP9900\project\capstone-project-26t2-9900-t17a-almond\input_sources\devign\00_codexglue_devign_9763.c,control_wrapper,2,2,generated,ran,False,0,0,0.0005112718208692968,0.0005112718208692968,0.0,1152,1160,8,2411,2440,29,C:\Users\weijt\Desktop\UNSW\COMP9900\project\capstone-project-26t2-9900-t17a-almond\outputs\generated\full_budget_search_20260717\devign\runs\baseline\00_codexglue_devign_9763,C:\Users\weijt\Desktop\UNSW\COMP9900\project\capstone-project-26t2-9900-t17a-almond\outputs\generated\full_budget_search_20260717\devign\runs\perturbed\00_codexglue_devign_9763__control_wrapper__c2,C:\Users\weijt\Desktop\UNSW\COMP9900\project\capstone-project-26t2-9900-t17a-almond\outputs\generated\full_budget_search_20260717\devign\sources\00_codexglue_devign_9763__control_wrapper__c2.c,wrapped 2 safe single-line statement(s) with if (1) blocks,
00_codexglue_devign_9763,C:\Users\weijt\Desktop\UNSW\COMP9900\project\capstone-project-26t2-9900-t17a-almond\input_sources\devign\00_codexglue_devign_9763.c,control_wrapper,3,3,generated,ran,False,0,0,0.0005112718208692968,0.0005112718208692968,0.0,1152,1164,12,2411,2451,40,C:\Users\weijt\Desktop\UNSW\COMP9900\project\capstone-project-26t2-9900-t17a-almond\outputs\generated\full_budget_search_20260717\devign\runs\baseline\00_codexglue_devign_9763,C:\Users\weijt\Desktop\UNSW\COMP9900\project\capstone-project-26t2-9900-t17a-almond\outputs\generated\full_budget_search_20260717\devign\runs\perturbed\00_codexglue_devign_9763__control_wrapper__c3,C:\Users\weijt\Desktop\UNSW\COMP9900\project\capstone-project-26t2-9900-t17a-almond\outputs\generated\full_budget_search_20260717\devign\sources\00_codexglue_devign_9763__control_wrapper__c3.c,wrapped 3 safe single-line statement(s) with if (1) blocks,
00_codexglue_devign_9763,C:\Users\weijt\Desktop\UNSW\COMP9900\project\capstone-project-26t2-9900-t17a-almond\input_sources\devign\00_codexglue_devign_9763.c,control_wrapper,5,5,generated,ran,False,0,0,0.0005112718208692968,0.0005112718208692968,0.0,1152,1172,20,2411,2475,64,C:\Users\weijt\Desktop\UNSW\COMP9900\project\capstone-project-26t2-9900-t17a-almond\outputs\generated\full_budget_search_20260717\devign\runs\baseline\00_codexglue_devign_9763,C:\Users\weijt\Desktop\UNSW\COMP9900\project\capstone-project-26t2-9900-t17a-almond\outputs\generated\full_budget_search_20260717\devign\runs\perturbed\00_codexglue_devign_9763__control_wrapper__c5,C:\Users\weijt\Desktop\UNSW\COMP9900\project\capstone-project-26t2-9900-t17a-almond\outputs\generated\full_budget_search_20260717\devign\sources\00_codexglue_devign_9763__control_wrapper__c5.c,wrapped 5 safe single-line statement(s) with if (1) blocks,
00_codexglue_devign_9763,C:\Users\weijt\Desktop\UNSW\COMP9900\project\capstone-project-26t2-9900-t17a-almond\input_sources\devign\00_codexglue_devign_9763.c,temp_variable_split,1,1,generated,ran,False,0,0,0.0005112718208692968,0.0005112718208692968,0.0,1152,1160,8,2411,2429,18,C:\Users\weijt\Desktop\UNSW\COMP9900\project\capstone-project-26t2-9900-t17a-almond\outputs\generated\full_budget_search_20260717\devign\runs\baseline\00_codexglue_devign_9763,C:\Users\weijt\Desktop\UNSW\COMP9900\project\capstone-project-26t2-9900-t17a-almond\outputs\generated\full_budget_search_20260717\devign\runs\perturbed\00_codexglue_devign_9763__temp_variable_split__c1,C:\Users\weijt\Desktop\UNSW\COMP9900\project\capstone-project-26t2-9900-t17a-almond\outputs\generated\full_budget_search_20260717\devign\sources\00_codexglue_devign_9763__temp_variable_split__c1.c,split 1 simple assignment(s) through temporary integer variables,
00_codexglue_devign_9763,C:\Users\weijt\Desktop\UNSW\COMP9900\project\capstone-project-26t2-9900-t17a-almond\input_sources\devign\00_codexglue_devign_9763.c,temp_variable_split,2,2,generated,ran,False,0,0,0.0005112718208692968,0.0005112718208692968,0.0,1152,1168,16,2411,2447,36,C:\Users\weijt\Desktop\UNSW\COMP9900\project\capstone-project-26t2-9900-t17a-almond\outputs\generated\full_budget_search_20260717\devign\runs\baseline\00_codexglue_devign_9763,C:\Users\weijt\Desktop\UNSW\COMP9900\project\capstone-project-26t2-9900-t17a-almond\outputs\generated\full_budget_search_20260717\devign\runs\perturbed\00_codexglue_devign_9763__temp_variable_split__c2,C:\Users\weijt\Desktop\UNSW\COMP9900\project\capstone-project-26t2-9900-t17a-almond\outputs\generated\full_budget_search_20260717\devign\sources\00_codexglue_devign_9763__temp_variable_split__c2.c,split 2 simple assignment(s) through temporary integer variables,
00_codexglue_devign_9763,C:\Users\weijt\Desktop\UNSW\COMP9900\project\capstone-project-26t2-9900-t17a-almond\input_sources\devign\00_codexglue_devign_9763.c,temp_variable_split,3,3,generated,ran,False,0,0,0.0005112718208692968,0.0005112718208692968,0.0,1152,1176,24,2411,2463,52,C:\Users\weijt\Desktop\UNSW\COMP9900\project\capstone-project-26t2-9900-t17a-almond\outputs\generated\full_budget_search_20260717\devign\runs\baseline\00_codexglue_devign_9763,C:\Users\weijt\Desktop\UNSW\COMP9900\project\capstone-project-26t2-9900-t17a-almond\outputs\generated\full_budget_search_20260717\devign\runs\perturbed\00_codexglue_devign_9763__temp_variable_split__c3,C:\Users\weijt\Desktop\UNSW\COMP9900\project\capstone-project-26t2-9900-t17a-almond\outputs\generated\full_budget_search_20260717\devign\sources\00_codexglue_devign_9763__temp_variable_split__c3.c,split 3 simple assignment(s) through temporary integer variables,
00_codexglue_devign_9763,C:\Users\weijt\Desktop\UNSW\COMP9900\project\capstone-project-26t2-9900-t17a-almond\input_sources\devign\00_codexglue_devign_9763.c,temp_variable_split,5,5,generated,ran,False,0,0,0.0005112718208692968,0.0005112718208692968,0.0,1152,1192,40,2411,2497,86,C:\Users\weijt\Desktop\UNSW\COMP9900\project\capstone-project-26t2-9900-t17a-almond\outputs\generated\full_budget_search_20260717\devign\runs\baseline\00_codexglue_devign_9763,C:\Users\weijt\Desktop\UNSW\COMP9900\project\capstone-project-26t2-9900-t17a-almond\outputs\generated\full_budget_search_20260717\devign\runs\perturbed\00_codexglue_devign_9763__temp_variable_split__c5,C:\Users\weijt\Desktop\UNSW\COMP9900\project\capstone-project-26t2-9900-t17a-almond\outputs\generated\full_budget_search_20260717\devign\sources\00_codexglue_devign_9763__temp_variable_split__c5.c,split 5 simple assignment(s) through temporary integer variables,
01_codexglue_devign_10453,C:\Users\weijt\Desktop\UNSW\COMP9900\project\capstone-project-26t2-9900-t17a-almond\input_sources\devign\01_codexglue_devign_10453.c,data_flow_alias,1,1,generated,ran,False,0,0,0.07370010763406754,0.009751765988767147,-0.06394834164530039,426,446,20,932,970,38,C:\Users\weijt\Desktop\UNSW\COMP9900\project\capstone-project-26t2-9900-t17a-almond\outputs\generated\full_budget_search_20260717\devign\runs\baseline\01_codexglue_devign_10453,C:\Users\weijt\Desktop\UNSW\COMP9900\project\capstone-project-26t2-9900-t17a-almond\outputs\generated\full_budget_search_20260717\devign\runs\perturbed\01_codexglue_devign_10453__data_flow_alias__c1,C:\Users\weijt\Desktop\UNSW\COMP9900\project\capstone-project-26t2-9900-t17a-almond\outputs\generated\full_budget_search_20260717\devign\sources\01_codexglue_devign_10453__data_flow_alias__c1.c,inserted 1 alias-preserving data-flow no-op(s) near call arguments,
01_codexglue_devign_10453,C:\Users\weijt\Desktop\UNSW\COMP9900\project\capstone-project-26t2-9900-t17a-almond\input_sources\devign\01_codexglue_devign_10453.c,data_flow_alias,2,2,generated,ran,False,0,0,0.07370010763406754,0.009751765988767147,-0.06394834164530039,426,466,40,932,1008,76,C:\Users\weijt\Desktop\UNSW\COMP9900\project\capstone-project-26t2-9900-t17a-almond\outputs\generated\full_budget_search_20260717\devign\runs\baseline\01_codexglue_devign_10453,C:\Users\weijt\Desktop\UNSW\COMP9900\project\capstone-project-26t2-9900-t17a-almond\outputs\generated\full_budget_search_20260717\devign\runs\perturbed\01_codexglue_devign_10453__data_flow_alias__c2,C:\Users\weijt\Desktop\UNSW\COMP9900\project\capstone-project-26t2-9900-t17a-almond\outputs\generated\full_budget_search_20260717\devign\sources\01_codexglue_devign_10453__data_flow_alias__c2.c,inserted 2 alias-preserving data-flow no-op(s) near call arguments,
01_codexglue_devign_10453,C:\Users\weijt\Desktop\UNSW\COMP9900\project\capstone-project-26t2-9900-t17a-almond\input_sources\devign\01_codexglue_devign_10453.c,data_flow_alias,3,3,generated,ran,False,0,0,0.07370010763406754,0.011057645082473755,-0.06264246255159378,426,485,59,932,1069,137,C:\Users\weijt\Desktop\UNSW\COMP9900\project\capstone-project-26t2-9900-t17a-almond\outputs\generated\full_budget_search_20260717\devign\runs\baseline\01_codexglue_devign_10453,C:\Users\weijt\Desktop\UNSW\COMP9900\project\capstone-project-26t2-9900-t17a-almond\outputs\generated\full_budget_search_20260717\devign\runs\perturbed\01_codexglue_devign_10453__data_flow_alias__c3,C:\Users\weijt\Desktop\UNSW\COMP9900\project\capstone-project-26t2-9900-t17a-almond\outputs\generated\full_budget_search_20260717\devign\sources\01_codexglue_devign_10453__data_flow_alias__c3.c,inserted 3 alias-preserving data-flow no-op(s) near call arguments,
01_codexglue_devign_10453,C:\Users\weijt\Desktop\UNSW\COMP9900\project\capstone-project-26t2-9900-t17a-almond\input_sources\devign\01_codexglue_devign_10453.c,data_flow_alias,5,5,generated,ran,False,0,0,0.07370010763406754,0.009751765988767147,-0.06394834164530039,426,525,99,932,1145,213,C:\Users\weijt\Desktop\UNSW\COMP9900\project\capstone-project-26t2-9900-t17a-almond\outputs\generated\full_budget_search_20260717\devign\runs\baseline\01_codexglue_devign_10453,C:\Users\weijt\Desktop\UNSW\COMP9900\project\capstone-project-26t2-9900-t17a-almond\outputs\generated\full_budget_search_20260717\devign\runs\perturbed\01_codexglue_devign_10453__data_flow_alias__c5,C:\Users\weijt\Desktop\UNSW\COMP9900\project\capstone-project-26t2-9900-t17a-almond\outputs\generated\full_budget_search_20260717\devign\sources\01_codexglue_devign_10453__data_flow_alias__c5.c,inserted 5 alias-preserving data-flow no-op(s) near call arguments,
01_codexglue_devign_10453,C:\Users\weijt\Desktop\UNSW\COMP9900\project\capstone-project-26t2-9900-t17a-almond\input_sources\devign\01_codexglue_devign_10453.c,dead_statement,1,1,generated,ran,False,0,0,0.07370010763406754,0.07370010763406754,0.0,426,438,12,932,959,27,C:\Users\weijt\Desktop\UNSW\COMP9900\project\capstone-project-26t2-9900-t17a-almond\outputs\generated\full_budget_search_20260717\devign\runs\baseline\01_codexglue_devign_10453,C:\Users\weijt\Desktop\UNSW\COMP9900\project\capstone-project-26t2-9900-t17a-almond\outputs\generated\full_budget_search_20260717\devign\runs\perturbed\01_codexglue_devign_10453__dead_statement__c1,C:\Users\weijt\Desktop\UNSW\COMP9900\project\capstone-project-26t2-9900-t17a-almond\outputs\generated\full_budget_search_20260717\devign\sources\01_codexglue_devign_10453__dead_statement__c1.c,inserted 1 harmless dummy integer statement pair(s) after first function brace,
01_codexglue_devign_10453,C:\Users\weijt\Desktop\UNSW\COMP9900\project\capstone-project-26t2-9900-t17a-almond\input_sources\devign\01_codexglue_devign_10453.c,dead_statement,2,2,generated,ran,False,0,0,0.07370010763406754,0.07370010763406754,0.0,426,450,24,932,986,54,C:\Users\weijt\Desktop\UNSW\COMP9900\project\capstone-project-26t2-9900-t17a-almond\outputs\generated\full_budget_search_20260717\devign\runs\baseline\01_codexglue_devign_10453,C:\Users\weijt\Desktop\UNSW\COMP9900\project\capstone-project-26t2-9900-t17a-almond\outputs\generated\full_budget_search_20260717\devign\runs\perturbed\01_codexglue_devign_10453__dead_statement__c2,C:\Users\weijt\Desktop\UNSW\COMP9900\project\capstone-project-26t2-9900-t17a-almond\outputs\generated\full_budget_search_20260717\devign\sources\01_codexglue_devign_10453__dead_statement__c2.c,inserted 2 harmless dummy integer statement pair(s) after first function brace,
01_codexglue_devign_10453,C:\Users\weijt\Desktop\UNSW\COMP9900\project\capstone-project-26t2-9900-t17a-almond\input_sources\devign\01_codexglue_devign_10453.c,dead_statement,3,3,generated,ran,False,0,0,0.07370010763406754,0.07370010763406754,0.0,426,462,36,932,1013,81,C:\Users\weijt\Desktop\UNSW\COMP9900\project\capstone-project-26t2-9900-t17a-almond\outputs\generated\full_budget_search_20260717\devign\runs\baseline\01_codexglue_devign_10453,C:\Users\weijt\Desktop\UNSW\COMP9900\project\capstone-project-26t2-9900-t17a-almond\outputs\generated\full_budget_search_20260717\devign\runs\perturbed\01_codexglue_devign_10453__dead_statement__c3,C:\Users\weijt\Desktop\UNSW\COMP9900\project\capstone-project-26t2-9900-t17a-almond\outputs\generated\full_budget_search_20260717\devign\sources\01_codexglue_devign_10453__dead_statement__c3.c,inserted 3 harmless dummy integer statement pair(s) after first function brace,
01_codexglue_devign_10453,C:\Users\weijt\Desktop\UNSW\COMP9900\project\capstone-project-26t2-9900-t17a-almond\input_sources\devign\01_codexglue_devign_10453.c,dead_statement,5,5,generated,ran,False,0,0,0.07370010763406754,0.07370010763406754,0.0,426,486,60,932,1067,135,C:\Users\weijt\Desktop\UNSW\COMP9900\project\capstone-project-26t2-9900-t17a-almond\outputs\generated\full_budget_search_20260717\devign\runs\baseline\01_codexglue_devign_10453,C:\Users\weijt\Desktop\UNSW\COMP9900\project\capstone-project-26t2-9900-t17a-almond\outputs\generated\full_budget_search_20260717\devign\runs\perturbed\01_codexglue_devign_10453__dead_statement__c5,C:\Users\weijt\Desktop\UNSW\COMP9900\project\capstone-project-26t2-9900-t17a-almond\outputs\generated\full_budget_search_20260717\devign\sources\01_codexglue_devign_10453__dead_statement__c5.c,inserted 5 harmless dummy integer statement pair(s) after first function brace,
01_codexglue_devign_10453,C:\Users\weijt\Desktop\UNSW\COMP9900\project\capstone-project-26t2-9900-t17a-almond\input_sources\devign\01_codexglue_devign_10453.c,xfg_targeted_dead_code,1,1,generated,ran,False,0,0,0.07370010763406754,0.07370010763406754,0.0,426,442,16,932,968,36,C:\Users\weijt\Desktop\UNSW\COMP9900\project\capstone-project-26t2-9900-t17a-almond\outputs\generated\full_budget_search_20260717\devign\runs\baseline\01_codexglue_devign_10453,C:\Users\weijt\Desktop\UNSW\COMP9900\project\capstone-project-26t2-9900-t17a-almond\outputs\generated\full_budget_search_20260717\devign\runs\perturbed\01_codexglue_devign_10453__xfg_targeted_dead_code__c1,C:\Users\weijt\Desktop\UNSW\COMP9900\project\capstone-project-26t2-9900-t17a-almond\outputs\generated\full_budget_search_20260717\devign\sources\01_codexglue_devign_10453__xfg_targeted_dead_code__c1.c,inserted 1 unreachable no-op block(s) near XFG-relevant target lines,
01_codexglue_devign_10453,C:\Users\weijt\Desktop\UNSW\COMP9900\project\capstone-project-26t2-9900-t17a-almond\input_sources\devign\01_codexglue_devign_10453.c,xfg_targeted_dead_code,2,2,generated,ran,False,0,0,0.07370010763406754,0.07370010763406754,0.0,426,458,32,932,1004,72,C:\Users\weijt\Desktop\UNSW\COMP9900\project\capstone-project-26t2-9900-t17a-almond\outputs\generated\full_budget_search_20260717\devign\runs\baseline\01_codexglue_devign_10453,C:\Users\weijt\Desktop\UNSW\COMP9900\project\capstone-project-26t2-9900-t17a-almond\outputs\generated\full_budget_search_20260717\devign\runs\perturbed\01_codexglue_devign_10453__xfg_targeted_dead_code__c2,C:\Users\weijt\Desktop\UNSW\COMP9900\project\capstone-project-26t2-9900-t17a-almond\outputs\generated\full_budget_search_20260717\devign\sources\01_codexglue_devign_10453__xfg_targeted_dead_code__c2.c,inserted 2 unreachable no-op block(s) near XFG-relevant target lines,
01_codexglue_devign_10453,C:\Users\weijt\Desktop\UNSW\COMP9900\project\capstone-project-26t2-9900-t17a-almond\input_sources\devign\01_codexglue_devign_10453.c,xfg_targeted_dead_code,3,3,generated,ran,False,0,0,0.07370010763406754,0.07370010763406754,0.0,426,474,48,932,1040,108,C:\Users\weijt\Desktop\UNSW\COMP9900\project\capstone-project-26t2-9900-t17a-almond\outputs\generated\full_budget_search_20260717\devign\runs\baseline\01_codexglue_devign_10453,C:\Users\weijt\Desktop\UNSW\COMP9900\project\capstone-project-26t2-9900-t17a-almond\outputs\generated\full_budget_search_20260717\devign\runs\perturbed\01_codexglue_devign_10453__xfg_targeted_dead_code__c3,C:\Users\weijt\Desktop\UNSW\COMP9900\project\capstone-project-26t2-9900-t17a-almond\outputs\generated\full_budget_search_20260717\devign\sources\01_codexglue_devign_10453__xfg_targeted_dead_code__c3.c,inserted 3 unreachable no-op block(s) near XFG-relevant target lines,
01_codexglue_devign_10453,C:\Users\weijt\Desktop\UNSW\COMP9900\project\capstone-project-26t2-9900-t17a-almond\input_sources\devign\01_codexglue_devign_10453.c,xfg_targeted_dead_code,5,5,generated,ran,False,0,0,0.07370010763406754,0.009751765988767147,-0.06394834164530039,426,506,80,932,1112,180,C:\Users\weijt\Desktop\UNSW\COMP9900\project\capstone-project-26t2-9900-t17a-almond\outputs\generated\full_budget_search_20260717\devign\runs\baseline\01_codexglue_devign_10453,C:\Users\weijt\Desktop\UNSW\COMP9900\project\capstone-project-26t2-9900-t17a-almond\outputs\generated\full_budget_search_20260717\devign\runs\perturbed\01_codexglue_devign_10453__xfg_targeted_dead_code__c5,C:\Users\weijt\Desktop\UNSW\COMP9900\project\capstone-project-26t2-9900-t17a-almond\outputs\generated\full_budget_search_20260717\devign\sources\01_codexglue_devign_10453__xfg_targeted_dead_code__c5.c,inserted 5 unreachable no-op block(s) near XFG-relevant target lines,
01_codexglue_devign_10453,C:\Users\weijt\Desktop\UNSW\COMP9900\project\capstone-project-26t2-9900-t17a-almond\input_sources\devign\01_codexglue_devign_10453.c,range_clamp,1,0,skipped,ran,,,,,,,,,,,,,C:\Users\weijt\Desktop\UNSW\COMP9900\project\capstone-project-26t2-9900-t17a-almond\outputs\generated\full_budget_search_20260717\devign\runs\baseline\01_codexglue_devign_10453,,,no sensitive call with a clampable size/count argument found,
01_codexglue_devign_10453,C:\Users\weijt\Desktop\UNSW\COMP9900\project\capstone-project-26t2-9900-t17a-almond\input_sources\devign\01_codexglue_devign_10453.c,safe_source_substitution,1,1,generated,ran,False,0,0,0.07370010763406754,0.00984268356114626,-0.06385742407292128,426,434,8,932,951,19,C:\Users\weijt\Desktop\UNSW\COMP9900\project\capstone-project-26t2-9900-t17a-almond\outputs\generated\full_budget_search_20260717\devign\runs\baseline\01_codexglue_devign_10453,C:\Users\weijt\Desktop\UNSW\COMP9900\project\capstone-project-26t2-9900-t17a-almond\outputs\generated\full_budget_search_20260717\devign\runs\perturbed\01_codexglue_devign_10453__safe_source_substitution__c1,C:\Users\weijt\Desktop\UNSW\COMP9900\project\capstone-project-26t2-9900-t17a-almond\outputs\generated\full_budget_search_20260717\devign\sources\01_codexglue_devign_10453__safe_source_substitution__c1.c,replaced 1 nested pointer source expression(s) with guarded fallback expressions,
01_codexglue_devign_10453,C:\Users\weijt\Desktop\UNSW\COMP9900\project\capstone-project-26t2-9900-t17a-almond\input_sources\devign\01_codexglue_devign_10453.c,safe_source_substitution,2,2,generated,ran,False,0,0,0.07370010763406754,0.005275011993944645,-0.06842509564012289,426,442,16,932,969,37,C:\Users\weijt\Desktop\UNSW\COMP9900\project\capstone-project-26t2-9900-t17a-almond\outputs\generated\full_budget_search_20260717\devign\runs\baseline\01_codexglue_devign_10453,C:\Users\weijt\Desktop\UNSW\COMP9900\project\capstone-project-26t2-9900-t17a-almond\outputs\generated\full_budget_search_20260717\devign\runs\perturbed\01_codexglue_devign_10453__safe_source_substitution__c2,C:\Users\weijt\Desktop\UNSW\COMP9900\project\capstone-project-26t2-9900-t17a-almond\outputs\generated\full_budget_search_20260717\devign\sources\01_codexglue_devign_10453__safe_source_substitution__c2.c,replaced 2 nested pointer source expression(s) with guarded fallback expressions,
01_codexglue_devign_10453,C:\Users\weijt\Desktop\UNSW\COMP9900\project\capstone-project-26t2-9900-t17a-almond\input_sources\devign\01_codexglue_devign_10453.c,safe_source_substitution,3,2,partial,run_partial,False,0,0,0.07370010763406754,0.005275011993944645,-0.06842509564012289,426,442,16,932,969,37,C:\Users\weijt\Desktop\UNSW\COMP9900\project\capstone-project-26t2-9900-t17a-almond\outputs\generated\full_budget_search_20260717\devign\runs\baseline\01_codexglue_devign_10453,C:\Users\weijt\Desktop\UNSW\COMP9900\project\capstone-project-26t2-9900-t17a-almond\outputs\generated\full_budget_search_20260717\devign\runs\perturbed\01_codexglue_devign_10453__safe_source_substitution__c3,C:\Users\weijt\Desktop\UNSW\COMP9900\project\capstone-project-26t2-9900-t17a-almond\outputs\generated\full_budget_search_20260717\devign\sources\01_codexglue_devign_10453__safe_source_substitution__c3.c,replaced 2 nested pointer source expression(s) with guarded fallback expressions,
01_codexglue_devign_10453,C:\Users\weijt\Desktop\UNSW\COMP9900\project\capstone-project-26t2-9900-t17a-almond\input_sources\devign\01_codexglue_devign_10453.c,sink_bound_guard,1,0,skipped,ran,,,,,,,,,,,,,C:\Users\weijt\Desktop\UNSW\COMP9900\project\capstone-project-26t2-9900-t17a-almond\outputs\generated\full_budget_search_20260717\devign\runs\baseline\01_codexglue_devign_10453,,,no sensitive sink call found for bound guard insertion,
01_codexglue_devign_10453,C:\Users\weijt\Desktop\UNSW\COMP9900\project\capstone-project-26t2-9900-t17a-almond\input_sources\devign\01_codexglue_devign_10453.c,postcondition_validation,1,0,skipped,ran,,,,,,,,,,,,,C:\Users\weijt\Desktop\UNSW\COMP9900\project\capstone-project-26t2-9900-t17a-almond\outputs\generated\full_budget_search_20260717\devign\runs\baseline\01_codexglue_devign_10453,,,no matching *_count/*_read pair found for postcondition validation,
01_codexglue_devign_10453,C:\Users\weijt\Desktop\UNSW\COMP9900\project\capstone-project-26t2-9900-t17a-almond\input_sources\devign\01_codexglue_devign_10453.c,integer_overflow_guard,1,0,skipped,ran,,,,,,,,,,,,,C:\Users\weijt\Desktop\UNSW\COMP9900\project\capstone-project-26t2-9900-t17a-almond\outputs\generated\full_budget_search_20260717\devign\runs\baseline\01_codexglue_devign_10453,,,no allocation size addition or multiplication expression found,
01_codexglue_devign_10453,C:\Users\weijt\Desktop\UNSW\COMP9900\project\capstone-project-26t2-9900-t17a-almond\input_sources\devign\01_codexglue_devign_10453.c,array_index_bound_guard,1,0,skipped,ran,,,,,,,,,,,,,C:\Users\weijt\Desktop\UNSW\COMP9900\project\capstone-project-26t2-9900-t17a-almond\outputs\generated\full_budget_search_20260717\devign\runs\baseline\01_codexglue_devign_10453,,,no array write found for index bound guard,
01_codexglue_devign_10453,C:\Users\weijt\Desktop\UNSW\COMP9900\project\capstone-project-26t2-9900-t17a-almond\input_sources\devign\01_codexglue_devign_10453.c,wide_char_sink_guard,1,0,skipped,ran,,,,,,,,,,,,,C:\Users\weijt\Desktop\UNSW\COMP9900\project\capstone-project-26t2-9900-t17a-almond\outputs\generated\full_budget_search_20260717\devign\runs\baseline\01_codexglue_devign_10453,,,no wcscat/wcscpy wide-character sink found,
01_codexglue_devign_10453,C:\Users\weijt\Desktop\UNSW\COMP9900\project\capstone-project-26t2-9900-t17a-almond\input_sources\devign\01_codexglue_devign_10453.c,pattern_dead_code,1,1,generated,ran,False,0,0,0.07370010763406754,0.07370010763406754,0.0,426,481,55,932,1033,101,C:\Users\weijt\Desktop\UNSW\COMP9900\project\capstone-project-26t2-9900-t17a-almond\outputs\generated\full_budget_search_20260717\devign\runs\baseline\01_codexglue_devign_10453,C:\Users\weijt\Desktop\UNSW\COMP9900\project\capstone-project-26t2-9900-t17a-almond\outputs\generated\full_budget_search_20260717\devign\runs\perturbed\01_codexglue_devign_10453__pattern_dead_code__c1,C:\Users\weijt\Desktop\UNSW\COMP9900\project\capstone-project-26t2-9900-t17a-almond\outputs\generated\full_budget_search_20260717\devign\sources\01_codexglue_devign_10453__pattern_dead_code__c1.c,inserted 1 unreachable pointer/array/length pattern block(s) near sensitive or structural lines,
01_codexglue_devign_10453,C:\Users\weijt\Desktop\UNSW\COMP9900\project\capstone-project-26t2-9900-t17a-almond\input_sources\devign\01_codexglue_devign_10453.c,pattern_dead_code,2,2,generated,ran,False,0,0,0.07370010763406754,0.07370010763406754,0.0,426,536,110,932,1134,202,C:\Users\weijt\Desktop\UNSW\COMP9900\project\capstone-project-26t2-9900-t17a-almond\outputs\generated\full_budget_search_20260717\devign\runs\baseline\01_codexglue_devign_10453,C:\Users\weijt\Desktop\UNSW\COMP9900\project\capstone-project-26t2-9900-t17a-almond\outputs\generated\full_budget_search_20260717\devign\runs\perturbed\01_codexglue_devign_10453__pattern_dead_code__c2,C:\Users\weijt\Desktop\UNSW\COMP9900\project\capstone-project-26t2-9900-t17a-almond\outputs\generated\full_budget_search_20260717\devign\sources\01_codexglue_devign_10453__pattern_dead_code__c2.c,inserted 2 unreachable pointer/array/length pattern block(s) near sensitive or structural lines,
01_codexglue_devign_10453,C:\Users\weijt\Desktop\UNSW\COMP9900\project\capstone-project-26t2-9900-t17a-almond\input_sources\devign\01_codexglue_devign_10453.c,pattern_dead_code,3,3,generated,ran,False,0,0,0.07370010763406754,0.07370010763406754,0.0,426,591,165,932,1235,303,C:\Users\weijt\Desktop\UNSW\COMP9900\project\capstone-project-26t2-9900-t17a-almond\outputs\generated\full_budget_search_20260717\devign\runs\baseline\01_codexglue_devign_10453,C:\Users\weijt\Desktop\UNSW\COMP9900\project\capstone-project-26t2-9900-t17a-almond\outputs\generated\full_budget_search_20260717\devign\runs\perturbed\01_codexglue_devign_10453__pattern_dead_code__c3,C:\Users\weijt\Desktop\UNSW\COMP9900\project\capstone-project-26t2-9900-t17a-almond\outputs\generated\full_budget_search_20260717\devign\sources\01_codexglue_devign_10453__pattern_dead_code__c3.c,inserted 3 unreachable pointer/array/length pattern block(s) near sensitive or structural lines,
01_codexglue_devign_10453,C:\Users\weijt\Desktop\UNSW\COMP9900\project\capstone-project-26t2-9900-t17a-almond\input_sources\devign\01_codexglue_devign_10453.c,pattern_dead_code,5,5,generated,ran,False,0,0,0.07370010763406754,0.014869773760437965,-0.05883033387362957,426,701,275,932,1437,505,C:\Users\weijt\Desktop\UNSW\COMP9900\project\capstone-project-26t2-9900-t17a-almond\outputs\generated\full_budget_search_20260717\devign\runs\baseline\01_codexglue_devign_10453,C:\Users\weijt\Desktop\UNSW\COMP9900\project\capstone-project-26t2-9900-t17a-almond\outputs\generated\full_budget_search_20260717\devign\runs\perturbed\01_codexglue_devign_10453__pattern_dead_code__c5,C:\Users\weijt\Desktop\UNSW\COMP9900\project\capstone-project-26t2-9900-t17a-almond\outputs\generated\full_budget_search_20260717\devign\sources\01_codexglue_devign_10453__pattern_dead_code__c5.c,inserted 5 unreachable pointer/array/length pattern block(s) near sensitive or structural lines,
01_codexglue_devign_10453,C:\Users\weijt\Desktop\UNSW\COMP9900\project\capstone-project-26t2-9900-t17a-almond\input_sources\devign\01_codexglue_devign_10453.c,control_wrapper,1,1,generated,ran,False,0,0,0.07370010763406754,0.012495995499193668,-0.06120411213487387,426,430,4,932,943,11,C:\Users\weijt\Desktop\UNSW\COMP9900\project\capstone-project-26t2-9900-t17a-almond\outputs\generated\full_budget_search_20260717\devign\runs\baseline\01_codexglue_devign_10453,C:\Users\weijt\Desktop\UNSW\COMP9900\project\capstone-project-26t2-9900-t17a-almond\outputs\generated\full_budget_search_20260717\devign\runs\perturbed\01_codexglue_devign_10453__control_wrapper__c1,C:\Users\weijt\Desktop\UNSW\COMP9900\project\capstone-project-26t2-9900-t17a-almond\outputs\generated\full_budget_search_20260717\devign\sources\01_codexglue_devign_10453__control_wrapper__c1.c,wrapped 1 safe single-line statement(s) with if (1) blocks,
01_codexglue_devign_10453,C:\Users\weijt\Desktop\UNSW\COMP9900\project\capstone-project-26t2-9900-t17a-almond\input_sources\devign\01_codexglue_devign_10453.c,control_wrapper,2,2,generated,ran,False,0,0,0.07370010763406754,0.03135426342487335,-0.04234584420919418,426,434,8,932,959,27,C:\Users\weijt\Desktop\UNSW\COMP9900\project\capstone-project-26t2-9900-t17a-almond\outputs\generated\full_budget_search_20260717\devign\runs\baseline\01_codexglue_devign_10453,C:\Users\weijt\Desktop\UNSW\COMP9900\project\capstone-project-26t2-9900-t17a-almond\outputs\generated\full_budget_search_20260717\devign\runs\perturbed\01_codexglue_devign_10453__control_wrapper__c2,C:\Users\weijt\Desktop\UNSW\COMP9900\project\capstone-project-26t2-9900-t17a-almond\outputs\generated\full_budget_search_20260717\devign\sources\01_codexglue_devign_10453__control_wrapper__c2.c,wrapped 2 safe single-line statement(s) with if (1) blocks,
01_codexglue_devign_10453,C:\Users\weijt\Desktop\UNSW\COMP9900\project\capstone-project-26t2-9900-t17a-almond\input_sources\devign\01_codexglue_devign_10453.c,control_wrapper,3,3,generated,ran,False,0,0,0.07370010763406754,0.03734874352812767,-0.036351364105939865,426,438,12,932,968,36,C:\Users\weijt\Desktop\UNSW\COMP9900\project\capstone-project-26t2-9900-t17a-almond\outputs\generated\full_budget_search_20260717\devign\runs\baseline\01_codexglue_devign_10453,C:\Users\weijt\Desktop\UNSW\COMP9900\project\capstone-project-26t2-9900-t17a-almond\outputs\generated\full_budget_search_20260717\devign\runs\perturbed\01_codexglue_devign_10453__control_wrapper__c3,C:\Users\weijt\Desktop\UNSW\COMP9900\project\capstone-project-26t2-9900-t17a-almond\outputs\generated\full_budget_search_20260717\devign\sources\01_codexglue_devign_10453__control_wrapper__c3.c,wrapped 3 safe single-line statement(s) with if (1) blocks,
01_codexglue_devign_10453,C:\Users\weijt\Desktop\UNSW\COMP9900\project\capstone-project-26t2-9900-t17a-almond\input_sources\devign\01_codexglue_devign_10453.c,control_wrapper,5,5,generated,ran,False,0,0,0.07370010763406754,0.046546608209609985,-0.02715349942445755,426,446,20,932,993,61,C:\Users\weijt\Desktop\UNSW\COMP9900\project\capstone-project-26t2-9900-t17a-almond\outputs\generated\full_budget_search_20260717\devign\runs\baseline\01_codexglue_devign_10453,C:\Users\weijt\Desktop\UNSW\COMP9900\project\capstone-project-26t2-9900-t17a-almond\outputs\generated\full_budget_search_20260717\devign\runs\perturbed\01_codexglue_devign_10453__control_wrapper__c5,C:\Users\weijt\Desktop\UNSW\COMP9900\project\capstone-project-26t2-9900-t17a-almond\outputs\generated\full_budget_search_20260717\devign\sources\01_codexglue_devign_10453__control_wrapper__c5.c,wrapped 5 safe single-line statement(s) with if (1) blocks,
01_codexglue_devign_10453,C:\Users\weijt\Desktop\UNSW\COMP9900\project\capstone-project-26t2-9900-t17a-almond\input_sources\devign\01_codexglue_devign_10453.c,temp_variable_split,1,1,generated,ran,False,0,0,0.07370010763406754,0.002681820886209607,-0.07101828674785793,426,434,8,932,949,17,C:\Users\weijt\Desktop\UNSW\COMP9900\project\capstone-project-26t2-9900-t17a-almond\outputs\generated\full_budget_search_20260717\devign\runs\baseline\01_codexglue_devign_10453,C:\Users\weijt\Desktop\UNSW\COMP9900\project\capstone-project-26t2-9900-t17a-almond\outputs\generated\full_budget_search_20260717\devign\runs\perturbed\01_codexglue_devign_10453__temp_variable_split__c1,C:\Users\weijt\Desktop\UNSW\COMP9900\project\capstone-project-26t2-9900-t17a-almond\outputs\generated\full_budget_search_20260717\devign\sources\01_codexglue_devign_10453__temp_variable_split__c1.c,split 1 simple assignment(s) through temporary integer variables,
01_codexglue_devign_10453,C:\Users\weijt\Desktop\UNSW\COMP9900\project\capstone-project-26t2-9900-t17a-almond\input_sources\devign\01_codexglue_devign_10453.c,temp_variable_split,2,1,partial,run_partial,False,0,0,0.07370010763406754,0.002681820886209607,-0.07101828674785793,426,434,8,932,949,17,C:\Users\weijt\Desktop\UNSW\COMP9900\project\capstone-project-26t2-9900-t17a-almond\outputs\generated\full_budget_search_20260717\devign\runs\baseline\01_codexglue_devign_10453,C:\Users\weijt\Desktop\UNSW\COMP9900\project\capstone-project-26t2-9900-t17a-almond\outputs\generated\full_budget_search_20260717\devign\runs\perturbed\01_codexglue_devign_10453__temp_variable_split__c2,C:\Users\weijt\Desktop\UNSW\COMP9900\project\capstone-project-26t2-9900-t17a-almond\outputs\generated\full_budget_search_20260717\devign\sources\01_codexglue_devign_10453__temp_variable_split__c2.c,split 1 simple assignment(s) through temporary integer variables,
02_codexglue_devign_15133,C:\Users\weijt\Desktop\UNSW\COMP9900\project\capstone-project-26t2-9900-t17a-almond\input_sources\devign\02_codexglue_devign_15133.c,data_flow_alias,1,1,generated,ran,False,0,0,9.413681712603142e-16,1.1862831951568037e-13,1.1768695134442006e-13,192,212,20,490,529,39,C:\Users\weijt\Desktop\UNSW\COMP9900\project\capstone-project-26t2-9900-t17a-almond\outputs\generated\full_budget_search_20260717\devign\runs\baseline\02_codexglue_devign_15133,C:\Users\weijt\Desktop\UNSW\COMP9900\project\capstone-project-26t2-9900-t17a-almond\outputs\generated\full_budget_search_20260717\devign\runs\perturbed\02_codexglue_devign_15133__data_flow_alias__c1,C:\Users\weijt\Desktop\UNSW\COMP9900\project\capstone-project-26t2-9900-t17a-almond\outputs\generated\full_budget_search_20260717\devign\sources\02_codexglue_devign_15133__data_flow_alias__c1.c,inserted 1 alias-preserving data-flow no-op(s) near call arguments,
02_codexglue_devign_15133,C:\Users\weijt\Desktop\UNSW\COMP9900\project\capstone-project-26t2-9900-t17a-almond\input_sources\devign\02_codexglue_devign_15133.c,data_flow_alias,2,2,generated,ran,False,0,0,9.413681712603142e-16,1.5676362430383506e-09,1.5676353016701793e-09,192,232,40,490,568,78,C:\Users\weijt\Desktop\UNSW\COMP9900\project\capstone-project-26t2-9900-t17a-almond\outputs\generated\full_budget_search_20260717\devign\runs\baseline\02_codexglue_devign_15133,C:\Users\weijt\Desktop\UNSW\COMP9900\project\capstone-project-26t2-9900-t17a-almond\outputs\generated\full_budget_search_20260717\devign\runs\perturbed\02_codexglue_devign_15133__data_flow_alias__c2,C:\Users\weijt\Desktop\UNSW\COMP9900\project\capstone-project-26t2-9900-t17a-almond\outputs\generated\full_budget_search_20260717\devign\sources\02_codexglue_devign_15133__data_flow_alias__c2.c,inserted 2 alias-preserving data-flow no-op(s) near call arguments,
02_codexglue_devign_15133,C:\Users\weijt\Desktop\UNSW\COMP9900\project\capstone-project-26t2-9900-t17a-almond\input_sources\devign\02_codexglue_devign_15133.c,data_flow_alias,3,2,partial,run_partial,False,0,0,9.413681712603142e-16,1.5676362430383506e-09,1.5676353016701793e-09,192,232,40,490,568,78,C:\Users\weijt\Desktop\UNSW\COMP9900\project\capstone-project-26t2-9900-t17a-almond\outputs\generated\full_budget_search_20260717\devign\runs\baseline\02_codexglue_devign_15133,C:\Users\weijt\Desktop\UNSW\COMP9900\project\capstone-project-26t2-9900-t17a-almond\outputs\generated\full_budget_search_20260717\devign\runs\perturbed\02_codexglue_devign_15133__data_flow_alias__c3,C:\Users\weijt\Desktop\UNSW\COMP9900\project\capstone-project-26t2-9900-t17a-almond\outputs\generated\full_budget_search_20260717\devign\sources\02_codexglue_devign_15133__data_flow_alias__c3.c,inserted 2 alias-preserving data-flow no-op(s) near call arguments,
02_codexglue_devign_15133,C:\Users\weijt\Desktop\UNSW\COMP9900\project\capstone-project-26t2-9900-t17a-almond\input_sources\devign\02_codexglue_devign_15133.c,dead_statement,1,1,generated,ran,False,0,0,9.413681712603142e-16,9.413681712603142e-16,0.0,192,204,12,490,517,27,C:\Users\weijt\Desktop\UNSW\COMP9900\project\capstone-project-26t2-9900-t17a-almond\outputs\generated\full_budget_search_20260717\devign\runs\baseline\02_codexglue_devign_15133,C:\Users\weijt\Desktop\UNSW\COMP9900\project\capstone-project-26t2-9900-t17a-almond\outputs\generated\full_budget_search_20260717\devign\runs\perturbed\02_codexglue_devign_15133__dead_statement__c1,C:\Users\weijt\Desktop\UNSW\COMP9900\project\capstone-project-26t2-9900-t17a-almond\outputs\generated\full_budget_search_20260717\devign\sources\02_codexglue_devign_15133__dead_statement__c1.c,inserted 1 harmless dummy integer statement pair(s) after first function brace,
02_codexglue_devign_15133,C:\Users\weijt\Desktop\UNSW\COMP9900\project\capstone-project-26t2-9900-t17a-almond\input_sources\devign\02_codexglue_devign_15133.c,dead_statement,2,2,generated,ran,False,0,0,9.413681712603142e-16,4.4101393815044326e-14,4.316002564378401e-14,192,216,24,490,544,54,C:\Users\weijt\Desktop\UNSW\COMP9900\project\capstone-project-26t2-9900-t17a-almond\outputs\generated\full_budget_search_20260717\devign\runs\baseline\02_codexglue_devign_15133,C:\Users\weijt\Desktop\UNSW\COMP9900\project\capstone-project-26t2-9900-t17a-almond\outputs\generated\full_budget_search_20260717\devign\runs\perturbed\02_codexglue_devign_15133__dead_statement__c2,C:\Users\weijt\Desktop\UNSW\COMP9900\project\capstone-project-26t2-9900-t17a-almond\outputs\generated\full_budget_search_20260717\devign\sources\02_codexglue_devign_15133__dead_statement__c2.c,inserted 2 harmless dummy integer statement pair(s) after first function brace,
02_codexglue_devign_15133,C:\Users\weijt\Desktop\UNSW\COMP9900\project\capstone-project-26t2-9900-t17a-almond\input_sources\devign\02_codexglue_devign_15133.c,dead_statement,3,3,generated,ran,False,0,0,9.413681712603142e-16,3.8096174164500146e-14,3.715480599323983e-14,192,228,36,490,571,81,C:\Users\weijt\Desktop\UNSW\COMP9900\project\capstone-project-26t2-9900-t17a-almond\outputs\generated\full_budget_search_20260717\devign\runs\baseline\02_codexglue_devign_15133,C:\Users\weijt\Desktop\UNSW\COMP9900\project\capstone-project-26t2-9900-t17a-almond\outputs\generated\full_budget_search_20260717\devign\runs\perturbed\02_codexglue_devign_15133__dead_statement__c3,C:\Users\weijt\Desktop\UNSW\COMP9900\project\capstone-project-26t2-9900-t17a-almond\outputs\generated\full_budget_search_20260717\devign\sources\02_codexglue_devign_15133__dead_statement__c3.c,inserted 3 harmless dummy integer statement pair(s) after first function brace,
02_codexglue_devign_15133,C:\Users\weijt\Desktop\UNSW\COMP9900\project\capstone-project-26t2-9900-t17a-almond\input_sources\devign\02_codexglue_devign_15133.c,dead_statement,5,5,generated,ran,False,0,0,9.413681712603142e-16,5.463169386278263e-14,5.369032569152232e-14,192,252,60,490,625,135,C:\Users\weijt\Desktop\UNSW\COMP9900\project\capstone-project-26t2-9900-t17a-almond\outputs\generated\full_budget_search_20260717\devign\runs\baseline\02_codexglue_devign_15133,C:\Users\weijt\Desktop\UNSW\COMP9900\project\capstone-project-26t2-9900-t17a-almond\outputs\generated\full_budget_search_20260717\devign\runs\perturbed\02_codexglue_devign_15133__dead_statement__c5,C:\Users\weijt\Desktop\UNSW\COMP9900\project\capstone-project-26t2-9900-t17a-almond\outputs\generated\full_budget_search_20260717\devign\sources\02_codexglue_devign_15133__dead_statement__c5.c,inserted 5 harmless dummy integer statement pair(s) after first function brace,
02_codexglue_devign_15133,C:\Users\weijt\Desktop\UNSW\COMP9900\project\capstone-project-26t2-9900-t17a-almond\input_sources\devign\02_codexglue_devign_15133.c,xfg_targeted_dead_code,1,1,generated,ran,False,0,0,9.413681712603142e-16,4.4101393815044326e-14,4.316002564378401e-14,192,208,16,490,526,36,C:\Users\weijt\Desktop\UNSW\COMP9900\project\capstone-project-26t2-9900-t17a-almond\outputs\generated\full_budget_search_20260717\devign\runs\baseline\02_codexglue_devign_15133,C:\Users\weijt\Desktop\UNSW\COMP9900\project\capstone-project-26t2-9900-t17a-almond\outputs\generated\full_budget_search_20260717\devign\runs\perturbed\02_codexglue_devign_15133__xfg_targeted_dead_code__c1,C:\Users\weijt\Desktop\UNSW\COMP9900\project\capstone-project-26t2-9900-t17a-almond\outputs\generated\full_budget_search_20260717\devign\sources\02_codexglue_devign_15133__xfg_targeted_dead_code__c1.c,inserted 1 unreachable no-op block(s) near XFG-relevant target lines,
02_codexglue_devign_15133,C:\Users\weijt\Desktop\UNSW\COMP9900\project\capstone-project-26t2-9900-t17a-almond\input_sources\devign\02_codexglue_devign_15133.c,xfg_targeted_dead_code,2,2,generated,ran,False,0,0,9.413681712603142e-16,5.463169386278263e-14,5.369032569152232e-14,192,224,32,490,562,72,C:\Users\weijt\Desktop\UNSW\COMP9900\project\capstone-project-26t2-9900-t17a-almond\outputs\generated\full_budget_search_20260717\devign\runs\baseline\02_codexglue_devign_15133,C:\Users\weijt\Desktop\UNSW\COMP9900\project\capstone-project-26t2-9900-t17a-almond\outputs\generated\full_budget_search_20260717\devign\runs\perturbed\02_codexglue_devign_15133__xfg_targeted_dead_code__c2,C:\Users\weijt\Desktop\UNSW\COMP9900\project\capstone-project-26t2-9900-t17a-almond\outputs\generated\full_budget_search_20260717\devign\sources\02_codexglue_devign_15133__xfg_targeted_dead_code__c2.c,inserted 2 unreachable no-op block(s) near XFG-relevant target lines,
02_codexglue_devign_15133,C:\Users\weijt\Desktop\UNSW\COMP9900\project\capstone-project-26t2-9900-t17a-almond\input_sources\devign\02_codexglue_devign_15133.c,xfg_targeted_dead_code,3,2,partial,run_partial,False,0,0,9.413681712603142e-16,5.463169386278263e-14,5.369032569152232e-14,192,224,32,490,562,72,C:\Users\weijt\Desktop\UNSW\COMP9900\project\capstone-project-26t2-9900-t17a-almond\outputs\generated\full_budget_search_20260717\devign\runs\baseline\02_codexglue_devign_15133,C:\Users\weijt\Desktop\UNSW\COMP9900\project\capstone-project-26t2-9900-t17a-almond\outputs\generated\full_budget_search_20260717\devign\runs\perturbed\02_codexglue_devign_15133__xfg_targeted_dead_code__c3,C:\Users\weijt\Desktop\UNSW\COMP9900\project\capstone-project-26t2-9900-t17a-almond\outputs\generated\full_budget_search_20260717\devign\sources\02_codexglue_devign_15133__xfg_targeted_dead_code__c3.c,inserted 2 unreachable no-op block(s) near XFG-relevant target lines,
02_codexglue_devign_15133,C:\Users\weijt\Desktop\UNSW\COMP9900\project\capstone-project-26t2-9900-t17a-almond\input_sources\devign\02_codexglue_devign_15133.c,range_clamp,1,0,skipped,ran,,,,,,,,,,,,,C:\Users\weijt\Desktop\UNSW\COMP9900\project\capstone-project-26t2-9900-t17a-almond\outputs\generated\full_budget_search_20260717\devign\runs\baseline\02_codexglue_devign_15133,,,no sensitive call with a clampable size/count argument found,
02_codexglue_devign_15133,C:\Users\weijt\Desktop\UNSW\COMP9900\project\capstone-project-26t2-9900-t17a-almond\input_sources\devign\02_codexglue_devign_15133.c,safe_source_substitution,1,0,skipped,ran,,,,,,,,,,,,,C:\Users\weijt\Desktop\UNSW\COMP9900\project\capstone-project-26t2-9900-t17a-almond\outputs\generated\full_budget_search_20260717\devign\runs\baseline\02_codexglue_devign_15133,,,no nested pointer dereference source found,
02_codexglue_devign_15133,C:\Users\weijt\Desktop\UNSW\COMP9900\project\capstone-project-26t2-9900-t17a-almond\input_sources\devign\02_codexglue_devign_15133.c,sink_bound_guard,1,0,skipped,ran,,,,,,,,,,,,,C:\Users\weijt\Desktop\UNSW\COMP9900\project\capstone-project-26t2-9900-t17a-almond\outputs\generated\full_budget_search_20260717\devign\runs\baseline\02_codexglue_devign_15133,,,no sensitive sink call found for bound guard insertion,
02_codexglue_devign_15133,C:\Users\weijt\Desktop\UNSW\COMP9900\project\capstone-project-26t2-9900-t17a-almond\input_sources\devign\02_codexglue_devign_15133.c,postcondition_validation,1,0,skipped,ran,,,,,,,,,,,,,C:\Users\weijt\Desktop\UNSW\COMP9900\project\capstone-project-26t2-9900-t17a-almond\outputs\generated\full_budget_search_20260717\devign\runs\baseline\02_codexglue_devign_15133,,,no matching *_count/*_read pair found for postcondition validation,
02_codexglue_devign_15133,C:\Users\weijt\Desktop\UNSW\COMP9900\project\capstone-project-26t2-9900-t17a-almond\input_sources\devign\02_codexglue_devign_15133.c,integer_overflow_guard,1,0,skipped,ran,,,,,,,,,,,,,C:\Users\weijt\Desktop\UNSW\COMP9900\project\capstone-project-26t2-9900-t17a-almond\outputs\generated\full_budget_search_20260717\devign\runs\baseline\02_codexglue_devign_15133,,,no allocation size addition or multiplication expression found,
02_codexglue_devign_15133,C:\Users\weijt\Desktop\UNSW\COMP9900\project\capstone-project-26t2-9900-t17a-almond\input_sources\devign\02_codexglue_devign_15133.c,array_index_bound_guard,1,0,skipped,ran,,,,,,,,,,,,,C:\Users\weijt\Desktop\UNSW\COMP9900\project\capstone-project-26t2-9900-t17a-almond\outputs\generated\full_budget_search_20260717\devign\runs\baseline\02_codexglue_devign_15133,,,no array write found for index bound guard,
02_codexglue_devign_15133,C:\Users\weijt\Desktop\UNSW\COMP9900\project\capstone-project-26t2-9900-t17a-almond\input_sources\devign\02_codexglue_devign_15133.c,wide_char_sink_guard,1,0,skipped,ran,,,,,,,,,,,,,C:\Users\weijt\Desktop\UNSW\COMP9900\project\capstone-project-26t2-9900-t17a-almond\outputs\generated\full_budget_search_20260717\devign\runs\baseline\02_codexglue_devign_15133,,,no wcscat/wcscpy wide-character sink found,
02_codexglue_devign_15133,C:\Users\weijt\Desktop\UNSW\COMP9900\project\capstone-project-26t2-9900-t17a-almond\input_sources\devign\02_codexglue_devign_15133.c,pattern_dead_code,1,1,generated,ran,False,0,0,9.413681712603142e-16,4.00067656300962e-05,4.000676562915483e-05,192,247,55,490,591,101,C:\Users\weijt\Desktop\UNSW\COMP9900\project\capstone-project-26t2-9900-t17a-almond\outputs\generated\full_budget_search_20260717\devign\runs\baseline\02_codexglue_devign_15133,C:\Users\weijt\Desktop\UNSW\COMP9900\project\capstone-project-26t2-9900-t17a-almond\outputs\generated\full_budget_search_20260717\devign\runs\perturbed\02_codexglue_devign_15133__pattern_dead_code__c1,C:\Users\weijt\Desktop\UNSW\COMP9900\project\capstone-project-26t2-9900-t17a-almond\outputs\generated\full_budget_search_20260717\devign\sources\02_codexglue_devign_15133__pattern_dead_code__c1.c,inserted 1 unreachable pointer/array/length pattern block(s) near sensitive or structural lines,
02_codexglue_devign_15133,C:\Users\weijt\Desktop\UNSW\COMP9900\project\capstone-project-26t2-9900-t17a-almond\input_sources\devign\02_codexglue_devign_15133.c,pattern_dead_code,2,2,generated,ran,False,0,0,9.413681712603142e-16,4.00067656300962e-05,4.000676562915483e-05,192,302,110,490,692,202,C:\Users\weijt\Desktop\UNSW\COMP9900\project\capstone-project-26t2-9900-t17a-almond\outputs\generated\full_budget_search_20260717\devign\runs\baseline\02_codexglue_devign_15133,C:\Users\weijt\Desktop\UNSW\COMP9900\project\capstone-project-26t2-9900-t17a-almond\outputs\generated\full_budget_search_20260717\devign\runs\perturbed\02_codexglue_devign_15133__pattern_dead_code__c2,C:\Users\weijt\Desktop\UNSW\COMP9900\project\capstone-project-26t2-9900-t17a-almond\outputs\generated\full_budget_search_20260717\devign\sources\02_codexglue_devign_15133__pattern_dead_code__c2.c,inserted 2 unreachable pointer/array/length pattern block(s) near sensitive or structural lines,
02_codexglue_devign_15133,C:\Users\weijt\Desktop\UNSW\COMP9900\project\capstone-project-26t2-9900-t17a-almond\input_sources\devign\02_codexglue_devign_15133.c,pattern_dead_code,3,2,partial,run_partial,False,0,0,9.413681712603142e-16,4.00067656300962e-05,4.000676562915483e-05,192,302,110,490,692,202,C:\Users\weijt\Desktop\UNSW\COMP9900\project\capstone-project-26t2-9900-t17a-almond\outputs\generated\full_budget_search_20260717\devign\runs\baseline\02_codexglue_devign_15133,C:\Users\weijt\Desktop\UNSW\COMP9900\project\capstone-project-26t2-9900-t17a-almond\outputs\generated\full_budget_search_20260717\devign\runs\perturbed\02_codexglue_devign_15133__pattern_dead_code__c3,C:\Users\weijt\Desktop\UNSW\COMP9900\project\capstone-project-26t2-9900-t17a-almond\outputs\generated\full_budget_search_20260717\devign\sources\02_codexglue_devign_15133__pattern_dead_code__c3.c,inserted 2 unreachable pointer/array/length pattern block(s) near sensitive or structural lines,
02_codexglue_devign_15133,C:\Users\weijt\Desktop\UNSW\COMP9900\project\capstone-project-26t2-9900-t17a-almond\input_sources\devign\02_codexglue_devign_15133.c,control_wrapper,1,1,generated,ran,False,0,0,9.413681712603142e-16,2.746799734212424e-16,-6.666881978390719e-16,192,196,4,490,500,10,C:\Users\weijt\Desktop\UNSW\COMP9900\project\capstone-project-26t2-9900-t17a-almond\outputs\generated\full_budget_search_20260717\devign\runs\baseline\02_codexglue_devign_15133,C:\Users\weijt\Desktop\UNSW\COMP9900\project\capstone-project-26t2-9900-t17a-almond\outputs\generated\full_budget_search_20260717\devign\runs\perturbed\02_codexglue_devign_15133__control_wrapper__c1,C:\Users\weijt\Desktop\UNSW\COMP9900\project\capstone-project-26t2-9900-t17a-almond\outputs\generated\full_budget_search_20260717\devign\sources\02_codexglue_devign_15133__control_wrapper__c1.c,wrapped 1 safe single-line statement(s) with if (1) blocks,
02_codexglue_devign_15133,C:\Users\weijt\Desktop\UNSW\COMP9900\project\capstone-project-26t2-9900-t17a-almond\input_sources\devign\02_codexglue_devign_15133.c,control_wrapper,2,2,generated,ran,False,0,0,9.413681712603142e-16,6.015131426805043e-13,6.00571774509244e-13,192,200,8,490,513,23,C:\Users\weijt\Desktop\UNSW\COMP9900\project\capstone-project-26t2-9900-t17a-almond\outputs\generated\full_budget_search_20260717\devign\runs\baseline\02_codexglue_devign_15133,C:\Users\weijt\Desktop\UNSW\COMP9900\project\capstone-project-26t2-9900-t17a-almond\outputs\generated\full_budget_search_20260717\devign\runs\perturbed\02_codexglue_devign_15133__control_wrapper__c2,C:\Users\weijt\Desktop\UNSW\COMP9900\project\capstone-project-26t2-9900-t17a-almond\outputs\generated\full_budget_search_20260717\devign\sources\02_codexglue_devign_15133__control_wrapper__c2.c,wrapped 2 safe single-line statement(s) with if (1) blocks,
02_codexglue_devign_15133,C:\Users\weijt\Desktop\UNSW\COMP9900\project\capstone-project-26t2-9900-t17a-almond\input_sources\devign\02_codexglue_devign_15133.c,control_wrapper,3,3,generated,ran,False,0,0,9.413681712603142e-16,6.015131426805043e-13,6.00571774509244e-13,192,204,12,490,522,32,C:\Users\weijt\Desktop\UNSW\COMP9900\project\capstone-project-26t2-9900-t17a-almond\outputs\generated\full_budget_search_20260717\devign\runs\baseline\02_codexglue_devign_15133,C:\Users\weijt\Desktop\UNSW\COMP9900\project\capstone-project-26t2-9900-t17a-almond\outputs\generated\full_budget_search_20260717\devign\runs\perturbed\02_codexglue_devign_15133__control_wrapper__c3,C:\Users\weijt\Desktop\UNSW\COMP9900\project\capstone-project-26t2-9900-t17a-almond\outputs\generated\full_budget_search_20260717\devign\sources\02_codexglue_devign_15133__control_wrapper__c3.c,wrapped 3 safe single-line statement(s) with if (1) blocks,
02_codexglue_devign_15133,C:\Users\weijt\Desktop\UNSW\COMP9900\project\capstone-project-26t2-9900-t17a-almond\input_sources\devign\02_codexglue_devign_15133.c,control_wrapper,5,3,partial,run_partial,False,0,0,9.413681712603142e-16,6.015131426805043e-13,6.00571774509244e-13,192,204,12,490,522,32,C:\Users\weijt\Desktop\UNSW\COMP9900\project\capstone-project-26t2-9900-t17a-almond\outputs\generated\full_budget_search_20260717\devign\runs\baseline\02_codexglue_devign_15133,C:\Users\weijt\Desktop\UNSW\COMP9900\project\capstone-project-26t2-9900-t17a-almond\outputs\generated\full_budget_search_20260717\devign\runs\perturbed\02_codexglue_devign_15133__control_wrapper__c5,C:\Users\weijt\Desktop\UNSW\COMP9900\project\capstone-project-26t2-9900-t17a-almond\outputs\generated\full_budget_search_20260717\devign\sources\02_codexglue_devign_15133__control_wrapper__c5.c,wrapped 3 safe single-line statement(s) with if (1) blocks,
02_codexglue_devign_15133,C:\Users\weijt\Desktop\UNSW\COMP9900\project\capstone-project-26t2-9900-t17a-almond\input_sources\devign\02_codexglue_devign_15133.c,temp_variable_split,1,0,skipped,ran,,,,,,,,,,,,,C:\Users\weijt\Desktop\UNSW\COMP9900\project\capstone-project-26t2-9900-t17a-almond\outputs\generated\full_budget_search_20260717\devign\runs\baseline\02_codexglue_devign_15133,,,no simple integer-like assignment candidate found,
03_codexglue_devign_14215,C:\Users\weijt\Desktop\UNSW\COMP9900\project\capstone-project-26t2-9900-t17a-almond\input_sources\devign\03_codexglue_devign_14215.c,data_flow_alias,1,1,generated,ran,False,0,0,0.0,0.000515950785484165,0.000515950785484165,113,133,20,215,253,38,C:\Users\weijt\Desktop\UNSW\COMP9900\project\capstone-project-26t2-9900-t17a-almond\outputs\generated\full_budget_search_20260717\devign\runs\baseline\03_codexglue_devign_14215,C:\Users\weijt\Desktop\UNSW\COMP9900\project\capstone-project-26t2-9900-t17a-almond\outputs\generated\full_budget_search_20260717\devign\runs\perturbed\03_codexglue_devign_14215__data_flow_alias__c1,C:\Users\weijt\Desktop\UNSW\COMP9900\project\capstone-project-26t2-9900-t17a-almond\outputs\generated\full_budget_search_20260717\devign\sources\03_codexglue_devign_14215__data_flow_alias__c1.c,inserted 1 alias-preserving data-flow no-op(s) near call arguments,
03_codexglue_devign_14215,C:\Users\weijt\Desktop\UNSW\COMP9900\project\capstone-project-26t2-9900-t17a-almond\input_sources\devign\03_codexglue_devign_14215.c,data_flow_alias,2,2,generated,ran,False,0,0,0.0,0.0005286703235469759,0.0005286703235469759,113,153,40,215,291,76,C:\Users\weijt\Desktop\UNSW\COMP9900\project\capstone-project-26t2-9900-t17a-almond\outputs\generated\full_budget_search_20260717\devign\runs\baseline\03_codexglue_devign_14215,C:\Users\weijt\Desktop\UNSW\COMP9900\project\capstone-project-26t2-9900-t17a-almond\outputs\generated\full_budget_search_20260717\devign\runs\perturbed\03_codexglue_devign_14215__data_flow_alias__c2,C:\Users\weijt\Desktop\UNSW\COMP9900\project\capstone-project-26t2-9900-t17a-almond\outputs\generated\full_budget_search_20260717\devign\sources\03_codexglue_devign_14215__data_flow_alias__c2.c,inserted 2 alias-preserving data-flow no-op(s) near call arguments,
03_codexglue_devign_14215,C:\Users\weijt\Desktop\UNSW\COMP9900\project\capstone-project-26t2-9900-t17a-almond\input_sources\devign\03_codexglue_devign_14215.c,data_flow_alias,3,3,generated,ran,False,0,0,0.0,0.0005286703235469759,0.0005286703235469759,113,173,60,215,329,114,C:\Users\weijt\Desktop\UNSW\COMP9900\project\capstone-project-26t2-9900-t17a-almond\outputs\generated\full_budget_search_20260717\devign\runs\baseline\03_codexglue_devign_14215,C:\Users\weijt\Desktop\UNSW\COMP9900\project\capstone-project-26t2-9900-t17a-almond\outputs\generated\full_budget_search_20260717\devign\runs\perturbed\03_codexglue_devign_14215__data_flow_alias__c3,C:\Users\weijt\Desktop\UNSW\COMP9900\project\capstone-project-26t2-9900-t17a-almond\outputs\generated\full_budget_search_20260717\devign\sources\03_codexglue_devign_14215__data_flow_alias__c3.c,inserted 3 alias-preserving data-flow no-op(s) near call arguments,
03_codexglue_devign_14215,C:\Users\weijt\Desktop\UNSW\COMP9900\project\capstone-project-26t2-9900-t17a-almond\input_sources\devign\03_codexglue_devign_14215.c,data_flow_alias,5,5,generated,ran,False,0,0,0.0,0.0026464839465916157,0.0026464839465916157,113,213,100,215,405,190,C:\Users\weijt\Desktop\UNSW\COMP9900\project\capstone-project-26t2-9900-t17a-almond\outputs\generated\full_budget_search_20260717\devign\runs\baseline\03_codexglue_devign_14215,C:\Users\weijt\Desktop\UNSW\COMP9900\project\capstone-project-26t2-9900-t17a-almond\outputs\generated\full_budget_search_20260717\devign\runs\perturbed\03_codexglue_devign_14215__data_flow_alias__c5,C:\Users\weijt\Desktop\UNSW\COMP9900\project\capstone-project-26t2-9900-t17a-almond\outputs\generated\full_budget_search_20260717\devign\sources\03_codexglue_devign_14215__data_flow_alias__c5.c,inserted 5 alias-preserving data-flow no-op(s) near call arguments,
03_codexglue_devign_14215,C:\Users\weijt\Desktop\UNSW\COMP9900\project\capstone-project-26t2-9900-t17a-almond\input_sources\devign\03_codexglue_devign_14215.c,dead_statement,1,1,generated,ran,False,0,0,0.0,0.0,0.0,113,125,12,215,242,27,C:\Users\weijt\Desktop\UNSW\COMP9900\project\capstone-project-26t2-9900-t17a-almond\outputs\generated\full_budget_search_20260717\devign\runs\baseline\03_codexglue_devign_14215,C:\Users\weijt\Desktop\UNSW\COMP9900\project\capstone-project-26t2-9900-t17a-almond\outputs\generated\full_budget_search_20260717\devign\runs\perturbed\03_codexglue_devign_14215__dead_statement__c1,C:\Users\weijt\Desktop\UNSW\COMP9900\project\capstone-project-26t2-9900-t17a-almond\outputs\generated\full_budget_search_20260717\devign\sources\03_codexglue_devign_14215__dead_statement__c1.c,inserted 1 harmless dummy integer statement pair(s) after first function brace,
03_codexglue_devign_14215,C:\Users\weijt\Desktop\UNSW\COMP9900\project\capstone-project-26t2-9900-t17a-almond\input_sources\devign\03_codexglue_devign_14215.c,dead_statement,2,2,generated,ran,False,0,0,0.0,0.0,0.0,113,137,24,215,269,54,C:\Users\weijt\Desktop\UNSW\COMP9900\project\capstone-project-26t2-9900-t17a-almond\outputs\generated\full_budget_search_20260717\devign\runs\baseline\03_codexglue_devign_14215,C:\Users\weijt\Desktop\UNSW\COMP9900\project\capstone-project-26t2-9900-t17a-almond\outputs\generated\full_budget_search_20260717\devign\runs\perturbed\03_codexglue_devign_14215__dead_statement__c2,C:\Users\weijt\Desktop\UNSW\COMP9900\project\capstone-project-26t2-9900-t17a-almond\outputs\generated\full_budget_search_20260717\devign\sources\03_codexglue_devign_14215__dead_statement__c2.c,inserted 2 harmless dummy integer statement pair(s) after first function brace,
03_codexglue_devign_14215,C:\Users\weijt\Desktop\UNSW\COMP9900\project\capstone-project-26t2-9900-t17a-almond\input_sources\devign\03_codexglue_devign_14215.c,dead_statement,3,3,generated,ran,False,0,0,0.0,0.0,0.0,113,149,36,215,296,81,C:\Users\weijt\Desktop\UNSW\COMP9900\project\capstone-project-26t2-9900-t17a-almond\outputs\generated\full_budget_search_20260717\devign\runs\baseline\03_codexglue_devign_14215,C:\Users\weijt\Desktop\UNSW\COMP9900\project\capstone-project-26t2-9900-t17a-almond\outputs\generated\full_budget_search_20260717\devign\runs\perturbed\03_codexglue_devign_14215__dead_statement__c3,C:\Users\weijt\Desktop\UNSW\COMP9900\project\capstone-project-26t2-9900-t17a-almond\outputs\generated\full_budget_search_20260717\devign\sources\03_codexglue_devign_14215__dead_statement__c3.c,inserted 3 harmless dummy integer statement pair(s) after first function brace,
03_codexglue_devign_14215,C:\Users\weijt\Desktop\UNSW\COMP9900\project\capstone-project-26t2-9900-t17a-almond\input_sources\devign\03_codexglue_devign_14215.c,dead_statement,5,5,generated,ran,False,0,0,0.0,0.0,0.0,113,173,60,215,350,135,C:\Users\weijt\Desktop\UNSW\COMP9900\project\capstone-project-26t2-9900-t17a-almond\outputs\generated\full_budget_search_20260717\devign\runs\baseline\03_codexglue_devign_14215,C:\Users\weijt\Desktop\UNSW\COMP9900\project\capstone-project-26t2-9900-t17a-almond\outputs\generated\full_budget_search_20260717\devign\runs\perturbed\03_codexglue_devign_14215__dead_statement__c5,C:\Users\weijt\Desktop\UNSW\COMP9900\project\capstone-project-26t2-9900-t17a-almond\outputs\generated\full_budget_search_20260717\devign\sources\03_codexglue_devign_14215__dead_statement__c5.c,inserted 5 harmless dummy integer statement pair(s) after first function brace,
03_codexglue_devign_14215,C:\Users\weijt\Desktop\UNSW\COMP9900\project\capstone-project-26t2-9900-t17a-almond\input_sources\devign\03_codexglue_devign_14215.c,xfg_targeted_dead_code,1,0,skipped,ran,,,,,,,,,,,,,C:\Users\weijt\Desktop\UNSW\COMP9900\project\capstone-project-26t2-9900-t17a-almond\outputs\generated\full_budget_search_20260717\devign\runs\baseline\03_codexglue_devign_14215,,,"no sensitive, pointer, array, or arithmetic target line found",
03_codexglue_devign_14215,C:\Users\weijt\Desktop\UNSW\COMP9900\project\capstone-project-26t2-9900-t17a-almond\input_sources\devign\03_codexglue_devign_14215.c,range_clamp,1,0,skipped,ran,,,,,,,,,,,,,C:\Users\weijt\Desktop\UNSW\COMP9900\project\capstone-project-26t2-9900-t17a-almond\outputs\generated\full_budget_search_20260717\devign\runs\baseline\03_codexglue_devign_14215,,,no sensitive call with a clampable size/count argument found,
03_codexglue_devign_14215,C:\Users\weijt\Desktop\UNSW\COMP9900\project\capstone-project-26t2-9900-t17a-almond\input_sources\devign\03_codexglue_devign_14215.c,safe_source_substitution,1,0,skipped,ran,,,,,,,,,,,,,C:\Users\weijt\Desktop\UNSW\COMP9900\project\capstone-project-26t2-9900-t17a-almond\outputs\generated\full_budget_search_20260717\devign\runs\baseline\03_codexglue_devign_14215,,,no nested pointer dereference source found,
03_codexglue_devign_14215,C:\Users\weijt\Desktop\UNSW\COMP9900\project\capstone-project-26t2-9900-t17a-almond\input_sources\devign\03_codexglue_devign_14215.c,sink_bound_guard,1,0,skipped,ran,,,,,,,,,,,,,C:\Users\weijt\Desktop\UNSW\COMP9900\project\capstone-project-26t2-9900-t17a-almond\outputs\generated\full_budget_search_20260717\devign\runs\baseline\03_codexglue_devign_14215,,,no sensitive sink call found for bound guard insertion,
03_codexglue_devign_14215,C:\Users\weijt\Desktop\UNSW\COMP9900\project\capstone-project-26t2-9900-t17a-almond\input_sources\devign\03_codexglue_devign_14215.c,postcondition_validation,1,0,skipped,ran,,,,,,,,,,,,,C:\Users\weijt\Desktop\UNSW\COMP9900\project\capstone-project-26t2-9900-t17a-almond\outputs\generated\full_budget_search_20260717\devign\runs\baseline\03_codexglue_devign_14215,,,no matching *_count/*_read pair found for postcondition validation,
03_codexglue_devign_14215,C:\Users\weijt\Desktop\UNSW\COMP9900\project\capstone-project-26t2-9900-t17a-almond\input_sources\devign\03_codexglue_devign_14215.c,integer_overflow_guard,1,0,skipped,ran,,,,,,,,,,,,,C:\Users\weijt\Desktop\UNSW\COMP9900\project\capstone-project-26t2-9900-t17a-almond\outputs\generated\full_budget_search_20260717\devign\runs\baseline\03_codexglue_devign_14215,,,no allocation size addition or multiplication expression found,
03_codexglue_devign_14215,C:\Users\weijt\Desktop\UNSW\COMP9900\project\capstone-project-26t2-9900-t17a-almond\input_sources\devign\03_codexglue_devign_14215.c,array_index_bound_guard,1,0,skipped,ran,,,,,,,,,,,,,C:\Users\weijt\Desktop\UNSW\COMP9900\project\capstone-project-26t2-9900-t17a-almond\outputs\generated\full_budget_search_20260717\devign\runs\baseline\03_codexglue_devign_14215,,,no array write found for index bound guard,
03_codexglue_devign_14215,C:\Users\weijt\Desktop\UNSW\COMP9900\project\capstone-project-26t2-9900-t17a-almond\input_sources\devign\03_codexglue_devign_14215.c,wide_char_sink_guard,1,0,skipped,ran,,,,,,,,,,,,,C:\Users\weijt\Desktop\UNSW\COMP9900\project\capstone-project-26t2-9900-t17a-almond\outputs\generated\full_budget_search_20260717\devign\runs\baseline\03_codexglue_devign_14215,,,no wcscat/wcscpy wide-character sink found,
03_codexglue_devign_14215,C:\Users\weijt\Desktop\UNSW\COMP9900\project\capstone-project-26t2-9900-t17a-almond\input_sources\devign\03_codexglue_devign_14215.c,pattern_dead_code,1,1,generated,ran,False,0,0,0.0,8.05917225079611e-05,8.05917225079611e-05,113,168,55,215,316,101,C:\Users\weijt\Desktop\UNSW\COMP9900\project\capstone-project-26t2-9900-t17a-almond\outputs\generated\full_budget_search_20260717\devign\runs\baseline\03_codexglue_devign_14215,C:\Users\weijt\Desktop\UNSW\COMP9900\project\capstone-project-26t2-9900-t17a-almond\outputs\generated\full_budget_search_20260717\devign\runs\perturbed\03_codexglue_devign_14215__pattern_dead_code__c1,C:\Users\weijt\Desktop\UNSW\COMP9900\project\capstone-project-26t2-9900-t17a-almond\outputs\generated\full_budget_search_20260717\devign\sources\03_codexglue_devign_14215__pattern_dead_code__c1.c,inserted 1 unreachable pointer/array/length pattern block(s) near sensitive or structural lines,
03_codexglue_devign_14215,C:\Users\weijt\Desktop\UNSW\COMP9900\project\capstone-project-26t2-9900-t17a-almond\input_sources\devign\03_codexglue_devign_14215.c,pattern_dead_code,2,1,partial,run_partial,False,0,0,0.0,8.05917225079611e-05,8.05917225079611e-05,113,168,55,215,316,101,C:\Users\weijt\Desktop\UNSW\COMP9900\project\capstone-project-26t2-9900-t17a-almond\outputs\generated\full_budget_search_20260717\devign\runs\baseline\03_codexglue_devign_14215,C:\Users\weijt\Desktop\UNSW\COMP9900\project\capstone-project-26t2-9900-t17a-almond\outputs\generated\full_budget_search_20260717\devign\runs\perturbed\03_codexglue_devign_14215__pattern_dead_code__c2,C:\Users\weijt\Desktop\UNSW\COMP9900\project\capstone-project-26t2-9900-t17a-almond\outputs\generated\full_budget_search_20260717\devign\sources\03_codexglue_devign_14215__pattern_dead_code__c2.c,inserted 1 unreachable pointer/array/length pattern block(s) near sensitive or structural lines,
03_codexglue_devign_14215,C:\Users\weijt\Desktop\UNSW\COMP9900\project\capstone-project-26t2-9900-t17a-almond\input_sources\devign\03_codexglue_devign_14215.c,control_wrapper,1,1,generated,ran,False,0,0,0.0,0.0,0.0,113,117,4,215,224,9,C:\Users\weijt\Desktop\UNSW\COMP9900\project\capstone-project-26t2-9900-t17a-almond\outputs\generated\full_budget_search_20260717\devign\runs\baseline\03_codexglue_devign_14215,C:\Users\weijt\Desktop\UNSW\COMP9900\project\capstone-project-26t2-9900-t17a-almond\outputs\generated\full_budget_search_20260717\devign\runs\perturbed\03_codexglue_devign_14215__control_wrapper__c1,C:\Users\weijt\Desktop\UNSW\COMP9900\project\capstone-project-26t2-9900-t17a-almond\outputs\generated\full_budget_search_20260717\devign\sources\03_codexglue_devign_14215__control_wrapper__c1.c,wrapped 1 safe single-line statement(s) with if (1) blocks,
03_codexglue_devign_14215,C:\Users\weijt\Desktop\UNSW\COMP9900\project\capstone-project-26t2-9900-t17a-almond\input_sources\devign\03_codexglue_devign_14215.c,control_wrapper,2,2,generated,ran,False,0,0,0.0,0.0,0.0,113,121,8,215,233,18,C:\Users\weijt\Desktop\UNSW\COMP9900\project\capstone-project-26t2-9900-t17a-almond\outputs\generated\full_budget_search_20260717\devign\runs\baseline\03_codexglue_devign_14215,C:\Users\weijt\Desktop\UNSW\COMP9900\project\capstone-project-26t2-9900-t17a-almond\outputs\generated\full_budget_search_20260717\devign\runs\perturbed\03_codexglue_devign_14215__control_wrapper__c2,C:\Users\weijt\Desktop\UNSW\COMP9900\project\capstone-project-26t2-9900-t17a-almond\outputs\generated\full_budget_search_20260717\devign\sources\03_codexglue_devign_14215__control_wrapper__c2.c,wrapped 2 safe single-line statement(s) with if (1) blocks,
03_codexglue_devign_14215,C:\Users\weijt\Desktop\UNSW\COMP9900\project\capstone-project-26t2-9900-t17a-almond\input_sources\devign\03_codexglue_devign_14215.c,control_wrapper,3,3,generated,ran,False,0,0,0.0,0.0,0.0,113,125,12,215,242,27,C:\Users\weijt\Desktop\UNSW\COMP9900\project\capstone-project-26t2-9900-t17a-almond\outputs\generated\full_budget_search_20260717\devign\runs\baseline\03_codexglue_devign_14215,C:\Users\weijt\Desktop\UNSW\COMP9900\project\capstone-project-26t2-9900-t17a-almond\outputs\generated\full_budget_search_20260717\devign\runs\perturbed\03_codexglue_devign_14215__control_wrapper__c3,C:\Users\weijt\Desktop\UNSW\COMP9900\project\capstone-project-26t2-9900-t17a-almond\outputs\generated\full_budget_search_20260717\devign\sources\03_codexglue_devign_14215__control_wrapper__c3.c,wrapped 3 safe single-line statement(s) with if (1) blocks,
03_codexglue_devign_14215,C:\Users\weijt\Desktop\UNSW\COMP9900\project\capstone-project-26t2-9900-t17a-almond\input_sources\devign\03_codexglue_devign_14215.c,control_wrapper,5,3,partial,run_partial,False,0,0,0.0,0.0,0.0,113,125,12,215,242,27,C:\Users\weijt\Desktop\UNSW\COMP9900\project\capstone-project-26t2-9900-t17a-almond\outputs\generated\full_budget_search_20260717\devign\runs\baseline\03_codexglue_devign_14215,C:\Users\weijt\Desktop\UNSW\COMP9900\project\capstone-project-26t2-9900-t17a-almond\outputs\generated\full_budget_search_20260717\devign\runs\perturbed\03_codexglue_devign_14215__control_wrapper__c5,C:\Users\weijt\Desktop\UNSW\COMP9900\project\capstone-project-26t2-9900-t17a-almond\outputs\generated\full_budget_search_20260717\devign\sources\03_codexglue_devign_14215__control_wrapper__c5.c,wrapped 3 safe single-line statement(s) with if (1) blocks,
03_codexglue_devign_14215,C:\Users\weijt\Desktop\UNSW\COMP9900\project\capstone-project-26t2-9900-t17a-almond\input_sources\devign\03_codexglue_devign_14215.c,temp_variable_split,1,0,skipped,ran,,,,,,,,,,,,,C:\Users\weijt\Desktop\UNSW\COMP9900\project\capstone-project-26t2-9900-t17a-almond\outputs\generated\full_budget_search_20260717\devign\runs\baseline\03_codexglue_devign_14215,,,no simple integer-like assignment candidate found,
04_codexglue_devign_13727,C:\Users\weijt\Desktop\UNSW\COMP9900\project\capstone-project-26t2-9900-t17a-almond\input_sources\devign\04_codexglue_devign_13727.c,data_flow_alias,1,1,generated,ran,False,0,0,0.002569464733824134,0.002569464733824134,0.0,45,65,20,77,115,38,C:\Users\weijt\Desktop\UNSW\COMP9900\project\capstone-project-26t2-9900-t17a-almond\outputs\generated\full_budget_search_20260717\devign\runs\baseline\04_codexglue_devign_13727,C:\Users\weijt\Desktop\UNSW\COMP9900\project\capstone-project-26t2-9900-t17a-almond\outputs\generated\full_budget_search_20260717\devign\runs\perturbed\04_codexglue_devign_13727__data_flow_alias__c1,C:\Users\weijt\Desktop\UNSW\COMP9900\project\capstone-project-26t2-9900-t17a-almond\outputs\generated\full_budget_search_20260717\devign\sources\04_codexglue_devign_13727__data_flow_alias__c1.c,inserted 1 alias-preserving data-flow no-op(s) near call arguments,
04_codexglue_devign_13727,C:\Users\weijt\Desktop\UNSW\COMP9900\project\capstone-project-26t2-9900-t17a-almond\input_sources\devign\04_codexglue_devign_13727.c,data_flow_alias,2,1,partial,run_partial,False,0,0,0.002569464733824134,0.002569464733824134,0.0,45,65,20,77,115,38,C:\Users\weijt\Desktop\UNSW\COMP9900\project\capstone-project-26t2-9900-t17a-almond\outputs\generated\full_budget_search_20260717\devign\runs\baseline\04_codexglue_devign_13727,C:\Users\weijt\Desktop\UNSW\COMP9900\project\capstone-project-26t2-9900-t17a-almond\outputs\generated\full_budget_search_20260717\devign\runs\perturbed\04_codexglue_devign_13727__data_flow_alias__c2,C:\Users\weijt\Desktop\UNSW\COMP9900\project\capstone-project-26t2-9900-t17a-almond\outputs\generated\full_budget_search_20260717\devign\sources\04_codexglue_devign_13727__data_flow_alias__c2.c,inserted 1 alias-preserving data-flow no-op(s) near call arguments,
04_codexglue_devign_13727,C:\Users\weijt\Desktop\UNSW\COMP9900\project\capstone-project-26t2-9900-t17a-almond\input_sources\devign\04_codexglue_devign_13727.c,dead_statement,1,1,generated,ran,False,0,0,0.002569464733824134,0.002569464733824134,0.0,45,57,12,77,104,27,C:\Users\weijt\Desktop\UNSW\COMP9900\project\capstone-project-26t2-9900-t17a-almond\outputs\generated\full_budget_search_20260717\devign\runs\baseline\04_codexglue_devign_13727,C:\Users\weijt\Desktop\UNSW\COMP9900\project\capstone-project-26t2-9900-t17a-almond\outputs\generated\full_budget_search_20260717\devign\runs\perturbed\04_codexglue_devign_13727__dead_statement__c1,C:\Users\weijt\Desktop\UNSW\COMP9900\project\capstone-project-26t2-9900-t17a-almond\outputs\generated\full_budget_search_20260717\devign\sources\04_codexglue_devign_13727__dead_statement__c1.c,inserted 1 harmless dummy integer statement pair(s) after first function brace,
04_codexglue_devign_13727,C:\Users\weijt\Desktop\UNSW\COMP9900\project\capstone-project-26t2-9900-t17a-almond\input_sources\devign\04_codexglue_devign_13727.c,dead_statement,2,2,generated,ran,False,0,0,0.002569464733824134,4.99882735311985e-05,-0.0025194764602929354,45,69,24,77,131,54,C:\Users\weijt\Desktop\UNSW\COMP9900\project\capstone-project-26t2-9900-t17a-almond\outputs\generated\full_budget_search_20260717\devign\runs\baseline\04_codexglue_devign_13727,C:\Users\weijt\Desktop\UNSW\COMP9900\project\capstone-project-26t2-9900-t17a-almond\outputs\generated\full_budget_search_20260717\devign\runs\perturbed\04_codexglue_devign_13727__dead_statement__c2,C:\Users\weijt\Desktop\UNSW\COMP9900\project\capstone-project-26t2-9900-t17a-almond\outputs\generated\full_budget_search_20260717\devign\sources\04_codexglue_devign_13727__dead_statement__c2.c,inserted 2 harmless dummy integer statement pair(s) after first function brace,
04_codexglue_devign_13727,C:\Users\weijt\Desktop\UNSW\COMP9900\project\capstone-project-26t2-9900-t17a-almond\input_sources\devign\04_codexglue_devign_13727.c,dead_statement,3,3,generated,ran,False,0,0,0.002569464733824134,0.002569464733824134,0.0,45,81,36,77,158,81,C:\Users\weijt\Desktop\UNSW\COMP9900\project\capstone-project-26t2-9900-t17a-almond\outputs\generated\full_budget_search_20260717\devign\runs\baseline\04_codexglue_devign_13727,C:\Users\weijt\Desktop\UNSW\COMP9900\project\capstone-project-26t2-9900-t17a-almond\outputs\generated\full_budget_search_20260717\devign\runs\perturbed\04_codexglue_devign_13727__dead_statement__c3,C:\Users\weijt\Desktop\UNSW\COMP9900\project\capstone-project-26t2-9900-t17a-almond\outputs\generated\full_budget_search_20260717\devign\sources\04_codexglue_devign_13727__dead_statement__c3.c,inserted 3 harmless dummy integer statement pair(s) after first function brace,
04_codexglue_devign_13727,C:\Users\weijt\Desktop\UNSW\COMP9900\project\capstone-project-26t2-9900-t17a-almond\input_sources\devign\04_codexglue_devign_13727.c,dead_statement,5,5,generated,ran,False,0,0,0.002569464733824134,0.002569464733824134,0.0,45,105,60,77,212,135,C:\Users\weijt\Desktop\UNSW\COMP9900\project\capstone-project-26t2-9900-t17a-almond\outputs\generated\full_budget_search_20260717\devign\runs\baseline\04_codexglue_devign_13727,C:\Users\weijt\Desktop\UNSW\COMP9900\project\capstone-project-26t2-9900-t17a-almond\outputs\generated\full_budget_search_20260717\devign\runs\perturbed\04_codexglue_devign_13727__dead_statement__c5,C:\Users\weijt\Desktop\UNSW\COMP9900\project\capstone-project-26t2-9900-t17a-almond\outputs\generated\full_budget_search_20260717\devign\sources\04_codexglue_devign_13727__dead_statement__c5.c,inserted 5 harmless dummy integer statement pair(s) after first function brace,
04_codexglue_devign_13727,C:\Users\weijt\Desktop\UNSW\COMP9900\project\capstone-project-26t2-9900-t17a-almond\input_sources\devign\04_codexglue_devign_13727.c,xfg_targeted_dead_code,1,1,generated,ran,False,0,0,0.002569464733824134,4.99882735311985e-05,-0.0025194764602929354,45,61,16,77,113,36,C:\Users\weijt\Desktop\UNSW\COMP9900\project\capstone-project-26t2-9900-t17a-almond\outputs\generated\full_budget_search_20260717\devign\runs\baseline\04_codexglue_devign_13727,C:\Users\weijt\Desktop\UNSW\COMP9900\project\capstone-project-26t2-9900-t17a-almond\outputs\generated\full_budget_search_20260717\devign\runs\perturbed\04_codexglue_devign_13727__xfg_targeted_dead_code__c1,C:\Users\weijt\Desktop\UNSW\COMP9900\project\capstone-project-26t2-9900-t17a-almond\outputs\generated\full_budget_search_20260717\devign\sources\04_codexglue_devign_13727__xfg_targeted_dead_code__c1.c,inserted 1 unreachable no-op block(s) near XFG-relevant target lines,
04_codexglue_devign_13727,C:\Users\weijt\Desktop\UNSW\COMP9900\project\capstone-project-26t2-9900-t17a-almond\input_sources\devign\04_codexglue_devign_13727.c,xfg_targeted_dead_code,2,1,partial,run_partial,False,0,0,0.002569464733824134,4.99882735311985e-05,-0.0025194764602929354,45,61,16,77,113,36,C:\Users\weijt\Desktop\UNSW\COMP9900\project\capstone-project-26t2-9900-t17a-almond\outputs\generated\full_budget_search_20260717\devign\runs\baseline\04_codexglue_devign_13727,C:\Users\weijt\Desktop\UNSW\COMP9900\project\capstone-project-26t2-9900-t17a-almond\outputs\generated\full_budget_search_20260717\devign\runs\perturbed\04_codexglue_devign_13727__xfg_targeted_dead_code__c2,C:\Users\weijt\Desktop\UNSW\COMP9900\project\capstone-project-26t2-9900-t17a-almond\outputs\generated\full_budget_search_20260717\devign\sources\04_codexglue_devign_13727__xfg_targeted_dead_code__c2.c,inserted 1 unreachable no-op block(s) near XFG-relevant target lines,
04_codexglue_devign_13727,C:\Users\weijt\Desktop\UNSW\COMP9900\project\capstone-project-26t2-9900-t17a-almond\input_sources\devign\04_codexglue_devign_13727.c,range_clamp,1,0,skipped,ran,,,,,,,,,,,,,C:\Users\weijt\Desktop\UNSW\COMP9900\project\capstone-project-26t2-9900-t17a-almond\outputs\generated\full_budget_search_20260717\devign\runs\baseline\04_codexglue_devign_13727,,,no sensitive call with a clampable size/count argument found,
04_codexglue_devign_13727,C:\Users\weijt\Desktop\UNSW\COMP9900\project\capstone-project-26t2-9900-t17a-almond\input_sources\devign\04_codexglue_devign_13727.c,safe_source_substitution,1,0,skipped,ran,,,,,,,,,,,,,C:\Users\weijt\Desktop\UNSW\COMP9900\project\capstone-project-26t2-9900-t17a-almond\outputs\generated\full_budget_search_20260717\devign\runs\baseline\04_codexglue_devign_13727,,,no nested pointer dereference source found,
04_codexglue_devign_13727,C:\Users\weijt\Desktop\UNSW\COMP9900\project\capstone-project-26t2-9900-t17a-almond\input_sources\devign\04_codexglue_devign_13727.c,sink_bound_guard,1,0,skipped,ran,,,,,,,,,,,,,C:\Users\weijt\Desktop\UNSW\COMP9900\project\capstone-project-26t2-9900-t17a-almond\outputs\generated\full_budget_search_20260717\devign\runs\baseline\04_codexglue_devign_13727,,,no sensitive sink call found for bound guard insertion,
04_codexglue_devign_13727,C:\Users\weijt\Desktop\UNSW\COMP9900\project\capstone-project-26t2-9900-t17a-almond\input_sources\devign\04_codexglue_devign_13727.c,postcondition_validation,1,0,skipped,ran,,,,,,,,,,,,,C:\Users\weijt\Desktop\UNSW\COMP9900\project\capstone-project-26t2-9900-t17a-almond\outputs\generated\full_budget_search_20260717\devign\runs\baseline\04_codexglue_devign_13727,,,no matching *_count/*_read pair found for postcondition validation,
04_codexglue_devign_13727,C:\Users\weijt\Desktop\UNSW\COMP9900\project\capstone-project-26t2-9900-t17a-almond\input_sources\devign\04_codexglue_devign_13727.c,integer_overflow_guard,1,0,skipped,ran,,,,,,,,,,,,,C:\Users\weijt\Desktop\UNSW\COMP9900\project\capstone-project-26t2-9900-t17a-almond\outputs\generated\full_budget_search_20260717\devign\runs\baseline\04_codexglue_devign_13727,,,no allocation size addition or multiplication expression found,
04_codexglue_devign_13727,C:\Users\weijt\Desktop\UNSW\COMP9900\project\capstone-project-26t2-9900-t17a-almond\input_sources\devign\04_codexglue_devign_13727.c,array_index_bound_guard,1,1,generated,ran,False,0,0,0.002569464733824134,8.079847475528368e-07,-0.002568656749076581,45,71,26,77,118,41,C:\Users\weijt\Desktop\UNSW\COMP9900\project\capstone-project-26t2-9900-t17a-almond\outputs\generated\full_budget_search_20260717\devign\runs\baseline\04_codexglue_devign_13727,C:\Users\weijt\Desktop\UNSW\COMP9900\project\capstone-project-26t2-9900-t17a-almond\outputs\generated\full_budget_search_20260717\devign\runs\perturbed\04_codexglue_devign_13727__array_index_bound_guard__c1,C:\Users\weijt\Desktop\UNSW\COMP9900\project\capstone-project-26t2-9900-t17a-almond\outputs\generated\full_budget_search_20260717\devign\sources\04_codexglue_devign_13727__array_index_bound_guard__c1.c,wrapped 1 array write(s) with index lower/upper bound guards,
04_codexglue_devign_13727,C:\Users\weijt\Desktop\UNSW\COMP9900\project\capstone-project-26t2-9900-t17a-almond\input_sources\devign\04_codexglue_devign_13727.c,array_index_bound_guard,2,1,partial,run_partial,False,0,0,0.002569464733824134,8.079847475528368e-07,-0.002568656749076581,45,71,26,77,118,41,C:\Users\weijt\Desktop\UNSW\COMP9900\project\capstone-project-26t2-9900-t17a-almond\outputs\generated\full_budget_search_20260717\devign\runs\baseline\04_codexglue_devign_13727,C:\Users\weijt\Desktop\UNSW\COMP9900\project\capstone-project-26t2-9900-t17a-almond\outputs\generated\full_budget_search_20260717\devign\runs\perturbed\04_codexglue_devign_13727__array_index_bound_guard__c2,C:\Users\weijt\Desktop\UNSW\COMP9900\project\capstone-project-26t2-9900-t17a-almond\outputs\generated\full_budget_search_20260717\devign\sources\04_codexglue_devign_13727__array_index_bound_guard__c2.c,wrapped 1 array write(s) with index lower/upper bound guards,
04_codexglue_devign_13727,C:\Users\weijt\Desktop\UNSW\COMP9900\project\capstone-project-26t2-9900-t17a-almond\input_sources\devign\04_codexglue_devign_13727.c,wide_char_sink_guard,1,0,skipped,ran,,,,,,,,,,,,,C:\Users\weijt\Desktop\UNSW\COMP9900\project\capstone-project-26t2-9900-t17a-almond\outputs\generated\full_budget_search_20260717\devign\runs\baseline\04_codexglue_devign_13727,,,no wcscat/wcscpy wide-character sink found,
04_codexglue_devign_13727,C:\Users\weijt\Desktop\UNSW\COMP9900\project\capstone-project-26t2-9900-t17a-almond\input_sources\devign\04_codexglue_devign_13727.c,pattern_dead_code,1,1,generated,ran,False,0,0,0.002569464733824134,0.002569465897977352,1.1641532182693481e-09,45,100,55,77,178,101,C:\Users\weijt\Desktop\UNSW\COMP9900\project\capstone-project-26t2-9900-t17a-almond\outputs\generated\full_budget_search_20260717\devign\runs\baseline\04_codexglue_devign_13727,C:\Users\weijt\Desktop\UNSW\COMP9900\project\capstone-project-26t2-9900-t17a-almond\outputs\generated\full_budget_search_20260717\devign\runs\perturbed\04_codexglue_devign_13727__pattern_dead_code__c1,C:\Users\weijt\Desktop\UNSW\COMP9900\project\capstone-project-26t2-9900-t17a-almond\outputs\generated\full_budget_search_20260717\devign\sources\04_codexglue_devign_13727__pattern_dead_code__c1.c,inserted 1 unreachable pointer/array/length pattern block(s) near sensitive or structural lines,
04_codexglue_devign_13727,C:\Users\weijt\Desktop\UNSW\COMP9900\project\capstone-project-26t2-9900-t17a-almond\input_sources\devign\04_codexglue_devign_13727.c,pattern_dead_code,2,1,partial,run_partial,False,0,0,0.002569464733824134,0.002569465897977352,1.1641532182693481e-09,45,100,55,77,178,101,C:\Users\weijt\Desktop\UNSW\COMP9900\project\capstone-project-26t2-9900-t17a-almond\outputs\generated\full_budget_search_20260717\devign\runs\baseline\04_codexglue_devign_13727,C:\Users\weijt\Desktop\UNSW\COMP9900\project\capstone-project-26t2-9900-t17a-almond\outputs\generated\full_budget_search_20260717\devign\runs\perturbed\04_codexglue_devign_13727__pattern_dead_code__c2,C:\Users\weijt\Desktop\UNSW\COMP9900\project\capstone-project-26t2-9900-t17a-almond\outputs\generated\full_budget_search_20260717\devign\sources\04_codexglue_devign_13727__pattern_dead_code__c2.c,inserted 1 unreachable pointer/array/length pattern block(s) near sensitive or structural lines,
04_codexglue_devign_13727,C:\Users\weijt\Desktop\UNSW\COMP9900\project\capstone-project-26t2-9900-t17a-almond\input_sources\devign\04_codexglue_devign_13727.c,control_wrapper,1,1,generated,ran,False,0,0,0.002569464733824134,0.0029199826531112194,0.00035051791928708553,45,49,4,77,86,9,C:\Users\weijt\Desktop\UNSW\COMP9900\project\capstone-project-26t2-9900-t17a-almond\outputs\generated\full_budget_search_20260717\devign\runs\baseline\04_codexglue_devign_13727,C:\Users\weijt\Desktop\UNSW\COMP9900\project\capstone-project-26t2-9900-t17a-almond\outputs\generated\full_budget_search_20260717\devign\runs\perturbed\04_codexglue_devign_13727__control_wrapper__c1,C:\Users\weijt\Desktop\UNSW\COMP9900\project\capstone-project-26t2-9900-t17a-almond\outputs\generated\full_budget_search_20260717\devign\sources\04_codexglue_devign_13727__control_wrapper__c1.c,wrapped 1 safe single-line statement(s) with if (1) blocks,
04_codexglue_devign_13727,C:\Users\weijt\Desktop\UNSW\COMP9900\project\capstone-project-26t2-9900-t17a-almond\input_sources\devign\04_codexglue_devign_13727.c,control_wrapper,2,1,partial,run_partial,False,0,0,0.002569464733824134,0.0029199826531112194,0.00035051791928708553,45,49,4,77,86,9,C:\Users\weijt\Desktop\UNSW\COMP9900\project\capstone-project-26t2-9900-t17a-almond\outputs\generated\full_budget_search_20260717\devign\runs\baseline\04_codexglue_devign_13727,C:\Users\weijt\Desktop\UNSW\COMP9900\project\capstone-project-26t2-9900-t17a-almond\outputs\generated\full_budget_search_20260717\devign\runs\perturbed\04_codexglue_devign_13727__control_wrapper__c2,C:\Users\weijt\Desktop\UNSW\COMP9900\project\capstone-project-26t2-9900-t17a-almond\outputs\generated\full_budget_search_20260717\devign\sources\04_codexglue_devign_13727__control_wrapper__c2.c,wrapped 1 safe single-line statement(s) with if (1) blocks,
04_codexglue_devign_13727,C:\Users\weijt\Desktop\UNSW\COMP9900\project\capstone-project-26t2-9900-t17a-almond\input_sources\devign\04_codexglue_devign_13727.c,temp_variable_split,1,0,skipped,ran,,,,,,,,,,,,,C:\Users\weijt\Desktop\UNSW\COMP9900\project\capstone-project-26t2-9900-t17a-almond\outputs\generated\full_budget_search_20260717\devign\runs\baseline\04_codexglue_devign_13727,,,no simple integer-like assignment candidate found,
05_codexglue_devign_6599,C:\Users\weijt\Desktop\UNSW\COMP9900\project\capstone-project-26t2-9900-t17a-almond\input_sources\devign\05_codexglue_devign_6599.c,data_flow_alias,1,1,generated,ran,False,0,0,4.58755812360323e-06,0.002779394155368209,0.0027748065972446057,243,263,20,490,528,38,C:\Users\weijt\Desktop\UNSW\COMP9900\project\capstone-project-26t2-9900-t17a-almond\outputs\generated\full_budget_search_20260717\devign\runs\baseline\05_codexglue_devign_6599,C:\Users\weijt\Desktop\UNSW\COMP9900\project\capstone-project-26t2-9900-t17a-almond\outputs\generated\full_budget_search_20260717\devign\runs\perturbed\05_codexglue_devign_6599__data_flow_alias__c1,C:\Users\weijt\Desktop\UNSW\COMP9900\project\capstone-project-26t2-9900-t17a-almond\outputs\generated\full_budget_search_20260717\devign\sources\05_codexglue_devign_6599__data_flow_alias__c1.c,inserted 1 alias-preserving data-flow no-op(s) near call arguments,
05_codexglue_devign_6599,C:\Users\weijt\Desktop\UNSW\COMP9900\project\capstone-project-26t2-9900-t17a-almond\input_sources\devign\05_codexglue_devign_6599.c,data_flow_alias,2,2,generated,ran,False,0,0,4.58755812360323e-06,0.002779394155368209,0.0027748065972446057,243,283,40,490,567,77,C:\Users\weijt\Desktop\UNSW\COMP9900\project\capstone-project-26t2-9900-t17a-almond\outputs\generated\full_budget_search_20260717\devign\runs\baseline\05_codexglue_devign_6599,C:\Users\weijt\Desktop\UNSW\COMP9900\project\capstone-project-26t2-9900-t17a-almond\outputs\generated\full_budget_search_20260717\devign\runs\perturbed\05_codexglue_devign_6599__data_flow_alias__c2,C:\Users\weijt\Desktop\UNSW\COMP9900\project\capstone-project-26t2-9900-t17a-almond\outputs\generated\full_budget_search_20260717\devign\sources\05_codexglue_devign_6599__data_flow_alias__c2.c,inserted 2 alias-preserving data-flow no-op(s) near call arguments,
05_codexglue_devign_6599,C:\Users\weijt\Desktop\UNSW\COMP9900\project\capstone-project-26t2-9900-t17a-almond\input_sources\devign\05_codexglue_devign_6599.c,data_flow_alias,3,3,generated,ran,False,0,0,4.58755812360323e-06,0.002779394155368209,0.0027748065972446057,243,303,60,490,605,115,C:\Users\weijt\Desktop\UNSW\COMP9900\project\capstone-project-26t2-9900-t17a-almond\outputs\generated\full_budget_search_20260717\devign\runs\baseline\05_codexglue_devign_6599,C:\Users\weijt\Desktop\UNSW\COMP9900\project\capstone-project-26t2-9900-t17a-almond\outputs\generated\full_budget_search_20260717\devign\runs\perturbed\05_codexglue_devign_6599__data_flow_alias__c3,C:\Users\weijt\Desktop\UNSW\COMP9900\project\capstone-project-26t2-9900-t17a-almond\outputs\generated\full_budget_search_20260717\devign\sources\05_codexglue_devign_6599__data_flow_alias__c3.c,inserted 3 alias-preserving data-flow no-op(s) near call arguments,
05_codexglue_devign_6599,C:\Users\weijt\Desktop\UNSW\COMP9900\project\capstone-project-26t2-9900-t17a-almond\input_sources\devign\05_codexglue_devign_6599.c,data_flow_alias,5,5,generated,ran,False,0,0,4.58755812360323e-06,0.002779391361400485,0.002774803803276882,243,343,100,490,681,191,C:\Users\weijt\Desktop\UNSW\COMP9900\project\capstone-project-26t2-9900-t17a-almond\outputs\generated\full_budget_search_20260717\devign\runs\baseline\05_codexglue_devign_6599,C:\Users\weijt\Desktop\UNSW\COMP9900\project\capstone-project-26t2-9900-t17a-almond\outputs\generated\full_budget_search_20260717\devign\runs\perturbed\05_codexglue_devign_6599__data_flow_alias__c5,C:\Users\weijt\Desktop\UNSW\COMP9900\project\capstone-project-26t2-9900-t17a-almond\outputs\generated\full_budget_search_20260717\devign\sources\05_codexglue_devign_6599__data_flow_alias__c5.c,inserted 5 alias-preserving data-flow no-op(s) near call arguments,
05_codexglue_devign_6599,C:\Users\weijt\Desktop\UNSW\COMP9900\project\capstone-project-26t2-9900-t17a-almond\input_sources\devign\05_codexglue_devign_6599.c,dead_statement,1,1,generated,ran,False,0,0,4.58755812360323e-06,2.4135968033078825e-06,-2.173961320295348e-06,243,255,12,490,517,27,C:\Users\weijt\Desktop\UNSW\COMP9900\project\capstone-project-26t2-9900-t17a-almond\outputs\generated\full_budget_search_20260717\devign\runs\baseline\05_codexglue_devign_6599,C:\Users\weijt\Desktop\UNSW\COMP9900\project\capstone-project-26t2-9900-t17a-almond\outputs\generated\full_budget_search_20260717\devign\runs\perturbed\05_codexglue_devign_6599__dead_statement__c1,C:\Users\weijt\Desktop\UNSW\COMP9900\project\capstone-project-26t2-9900-t17a-almond\outputs\generated\full_budget_search_20260717\devign\sources\05_codexglue_devign_6599__dead_statement__c1.c,inserted 1 harmless dummy integer statement pair(s) after first function brace,
05_codexglue_devign_6599,C:\Users\weijt\Desktop\UNSW\COMP9900\project\capstone-project-26t2-9900-t17a-almond\input_sources\devign\05_codexglue_devign_6599.c,dead_statement,2,2,generated,ran,False,0,0,4.58755812360323e-06,2.4135968033078825e-06,-2.173961320295348e-06,243,267,24,490,544,54,C:\Users\weijt\Desktop\UNSW\COMP9900\project\capstone-project-26t2-9900-t17a-almond\outputs\generated\full_budget_search_20260717\devign\runs\baseline\05_codexglue_devign_6599,C:\Users\weijt\Desktop\UNSW\COMP9900\project\capstone-project-26t2-9900-t17a-almond\outputs\generated\full_budget_search_20260717\devign\runs\perturbed\05_codexglue_devign_6599__dead_statement__c2,C:\Users\weijt\Desktop\UNSW\COMP9900\project\capstone-project-26t2-9900-t17a-almond\outputs\generated\full_budget_search_20260717\devign\sources\05_codexglue_devign_6599__dead_statement__c2.c,inserted 2 harmless dummy integer statement pair(s) after first function brace,
05_codexglue_devign_6599,C:\Users\weijt\Desktop\UNSW\COMP9900\project\capstone-project-26t2-9900-t17a-almond\input_sources\devign\05_codexglue_devign_6599.c,dead_statement,3,3,generated,ran,False,0,0,4.58755812360323e-06,3.83860788133461e-06,-7.489502422686201e-07,243,279,36,490,571,81,C:\Users\weijt\Desktop\UNSW\COMP9900\project\capstone-project-26t2-9900-t17a-almond\outputs\generated\full_budget_search_20260717\devign\runs\baseline\05_codexglue_devign_6599,C:\Users\weijt\Desktop\UNSW\COMP9900\project\capstone-project-26t2-9900-t17a-almond\outputs\generated\full_budget_search_20260717\devign\runs\perturbed\05_codexglue_devign_6599__dead_statement__c3,C:\Users\weijt\Desktop\UNSW\COMP9900\project\capstone-project-26t2-9900-t17a-almond\outputs\generated\full_budget_search_20260717\devign\sources\05_codexglue_devign_6599__dead_statement__c3.c,inserted 3 harmless dummy integer statement pair(s) after first function brace,
05_codexglue_devign_6599,C:\Users\weijt\Desktop\UNSW\COMP9900\project\capstone-project-26t2-9900-t17a-almond\input_sources\devign\05_codexglue_devign_6599.c,dead_statement,5,5,generated,ran,False,0,0,4.58755812360323e-06,4.8228816922346596e-06,2.3532356863142923e-07,243,303,60,490,625,135,C:\Users\weijt\Desktop\UNSW\COMP9900\project\capstone-project-26t2-9900-t17a-almond\outputs\generated\full_budget_search_20260717\devign\runs\baseline\05_codexglue_devign_6599,C:\Users\weijt\Desktop\UNSW\COMP9900\project\capstone-project-26t2-9900-t17a-almond\outputs\generated\full_budget_search_20260717\devign\runs\perturbed\05_codexglue_devign_6599__dead_statement__c5,C:\Users\weijt\Desktop\UNSW\COMP9900\project\capstone-project-26t2-9900-t17a-almond\outputs\generated\full_budget_search_20260717\devign\sources\05_codexglue_devign_6599__dead_statement__c5.c,inserted 5 harmless dummy integer statement pair(s) after first function brace,
05_codexglue_devign_6599,C:\Users\weijt\Desktop\UNSW\COMP9900\project\capstone-project-26t2-9900-t17a-almond\input_sources\devign\05_codexglue_devign_6599.c,xfg_targeted_dead_code,1,1,generated,ran,False,0,0,4.58755812360323e-06,2.4135968033078825e-06,-2.173961320295348e-06,243,259,16,490,526,36,C:\Users\weijt\Desktop\UNSW\COMP9900\project\capstone-project-26t2-9900-t17a-almond\outputs\generated\full_budget_search_20260717\devign\runs\baseline\05_codexglue_devign_6599,C:\Users\weijt\Desktop\UNSW\COMP9900\project\capstone-project-26t2-9900-t17a-almond\outputs\generated\full_budget_search_20260717\devign\runs\perturbed\05_codexglue_devign_6599__xfg_targeted_dead_code__c1,C:\Users\weijt\Desktop\UNSW\COMP9900\project\capstone-project-26t2-9900-t17a-almond\outputs\generated\full_budget_search_20260717\devign\sources\05_codexglue_devign_6599__xfg_targeted_dead_code__c1.c,inserted 1 unreachable no-op block(s) near XFG-relevant target lines,
05_codexglue_devign_6599,C:\Users\weijt\Desktop\UNSW\COMP9900\project\capstone-project-26t2-9900-t17a-almond\input_sources\devign\05_codexglue_devign_6599.c,xfg_targeted_dead_code,2,2,generated,ran,False,0,0,4.58755812360323e-06,2.4135968033078825e-06,-2.173961320295348e-06,243,275,32,490,562,72,C:\Users\weijt\Desktop\UNSW\COMP9900\project\capstone-project-26t2-9900-t17a-almond\outputs\generated\full_budget_search_20260717\devign\runs\baseline\05_codexglue_devign_6599,C:\Users\weijt\Desktop\UNSW\COMP9900\project\capstone-project-26t2-9900-t17a-almond\outputs\generated\full_budget_search_20260717\devign\runs\perturbed\05_codexglue_devign_6599__xfg_targeted_dead_code__c2,C:\Users\weijt\Desktop\UNSW\COMP9900\project\capstone-project-26t2-9900-t17a-almond\outputs\generated\full_budget_search_20260717\devign\sources\05_codexglue_devign_6599__xfg_targeted_dead_code__c2.c,inserted 2 unreachable no-op block(s) near XFG-relevant target lines,
05_codexglue_devign_6599,C:\Users\weijt\Desktop\UNSW\COMP9900\project\capstone-project-26t2-9900-t17a-almond\input_sources\devign\05_codexglue_devign_6599.c,xfg_targeted_dead_code,3,3,generated,ran,False,0,0,4.58755812360323e-06,2.4135968033078825e-06,-2.173961320295348e-06,243,291,48,490,598,108,C:\Users\weijt\Desktop\UNSW\COMP9900\project\capstone-project-26t2-9900-t17a-almond\outputs\generated\full_budget_search_20260717\devign\runs\baseline\05_codexglue_devign_6599,C:\Users\weijt\Desktop\UNSW\COMP9900\project\capstone-project-26t2-9900-t17a-almond\outputs\generated\full_budget_search_20260717\devign\runs\perturbed\05_codexglue_devign_6599__xfg_targeted_dead_code__c3,C:\Users\weijt\Desktop\UNSW\COMP9900\project\capstone-project-26t2-9900-t17a-almond\outputs\generated\full_budget_search_20260717\devign\sources\05_codexglue_devign_6599__xfg_targeted_dead_code__c3.c,inserted 3 unreachable no-op block(s) near XFG-relevant target lines,
05_codexglue_devign_6599,C:\Users\weijt\Desktop\UNSW\COMP9900\project\capstone-project-26t2-9900-t17a-almond\input_sources\devign\05_codexglue_devign_6599.c,xfg_targeted_dead_code,5,5,generated,ran,False,0,0,4.58755812360323e-06,6.724474133079639e-07,-3.9151107102952665e-06,243,323,80,490,670,180,C:\Users\weijt\Desktop\UNSW\COMP9900\project\capstone-project-26t2-9900-t17a-almond\outputs\generated\full_budget_search_20260717\devign\runs\baseline\05_codexglue_devign_6599,C:\Users\weijt\Desktop\UNSW\COMP9900\project\capstone-project-26t2-9900-t17a-almond\outputs\generated\full_budget_search_20260717\devign\runs\perturbed\05_codexglue_devign_6599__xfg_targeted_dead_code__c5,C:\Users\weijt\Desktop\UNSW\COMP9900\project\capstone-project-26t2-9900-t17a-almond\outputs\generated\full_budget_search_20260717\devign\sources\05_codexglue_devign_6599__xfg_targeted_dead_code__c5.c,inserted 5 unreachable no-op block(s) near XFG-relevant target lines,
05_codexglue_devign_6599,C:\Users\weijt\Desktop\UNSW\COMP9900\project\capstone-project-26t2-9900-t17a-almond\input_sources\devign\05_codexglue_devign_6599.c,range_clamp,1,1,generated,ran,False,0,0,4.58755812360323e-06,2.4135968033078825e-06,-2.173961320295348e-06,243,273,30,490,558,68,C:\Users\weijt\Desktop\UNSW\COMP9900\project\capstone-project-26t2-9900-t17a-almond\outputs\generated\full_budget_search_20260717\devign\runs\baseline\05_codexglue_devign_6599,C:\Users\weijt\Desktop\UNSW\COMP9900\project\capstone-project-26t2-9900-t17a-almond\outputs\generated\full_budget_search_20260717\devign\runs\perturbed\05_codexglue_devign_6599__range_clamp__c1,C:\Users\weijt\Desktop\UNSW\COMP9900\project\capstone-project-26t2-9900-t17a-almond\outputs\generated\full_budget_search_20260717\devign\sources\05_codexglue_devign_6599__range_clamp__c1.c,clamped 1 sensitive sink size/count argument(s) through bounded local variables,
05_codexglue_devign_6599,C:\Users\weijt\Desktop\UNSW\COMP9900\project\capstone-project-26t2-9900-t17a-almond\input_sources\devign\05_codexglue_devign_6599.c,range_clamp,2,1,partial,run_partial,False,0,0,4.58755812360323e-06,2.4135968033078825e-06,-2.173961320295348e-06,243,273,30,490,558,68,C:\Users\weijt\Desktop\UNSW\COMP9900\project\capstone-project-26t2-9900-t17a-almond\outputs\generated\full_budget_search_20260717\devign\runs\baseline\05_codexglue_devign_6599,C:\Users\weijt\Desktop\UNSW\COMP9900\project\capstone-project-26t2-9900-t17a-almond\outputs\generated\full_budget_search_20260717\devign\runs\perturbed\05_codexglue_devign_6599__range_clamp__c2,C:\Users\weijt\Desktop\UNSW\COMP9900\project\capstone-project-26t2-9900-t17a-almond\outputs\generated\full_budget_search_20260717\devign\sources\05_codexglue_devign_6599__range_clamp__c2.c,clamped 1 sensitive sink size/count argument(s) through bounded local variables,
05_codexglue_devign_6599,C:\Users\weijt\Desktop\UNSW\COMP9900\project\capstone-project-26t2-9900-t17a-almond\input_sources\devign\05_codexglue_devign_6599.c,safe_source_substitution,1,0,skipped,ran,,,,,,,,,,,,,C:\Users\weijt\Desktop\UNSW\COMP9900\project\capstone-project-26t2-9900-t17a-almond\outputs\generated\full_budget_search_20260717\devign\runs\baseline\05_codexglue_devign_6599,,,no nested pointer dereference source found,
05_codexglue_devign_6599,C:\Users\weijt\Desktop\UNSW\COMP9900\project\capstone-project-26t2-9900-t17a-almond\input_sources\devign\05_codexglue_devign_6599.c,sink_bound_guard,1,1,generated,ran,False,0,0,4.58755812360323e-06,3.5475773074722383e-06,-1.039980816130992e-06,243,253,10,490,509,19,C:\Users\weijt\Desktop\UNSW\COMP9900\project\capstone-project-26t2-9900-t17a-almond\outputs\generated\full_budget_search_20260717\devign\runs\baseline\05_codexglue_devign_6599,C:\Users\weijt\Desktop\UNSW\COMP9900\project\capstone-project-26t2-9900-t17a-almond\outputs\generated\full_budget_search_20260717\devign\runs\perturbed\05_codexglue_devign_6599__sink_bound_guard__c1,C:\Users\weijt\Desktop\UNSW\COMP9900\project\capstone-project-26t2-9900-t17a-almond\outputs\generated\full_budget_search_20260717\devign\sources\05_codexglue_devign_6599__sink_bound_guard__c1.c,inserted 1 early-return bound guard(s) before sensitive sink calls,
05_codexglue_devign_6599,C:\Users\weijt\Desktop\UNSW\COMP9900\project\capstone-project-26t2-9900-t17a-almond\input_sources\devign\05_codexglue_devign_6599.c,sink_bound_guard,2,1,partial,run_partial,False,0,0,4.58755812360323e-06,3.5475773074722383e-06,-1.039980816130992e-06,243,253,10,490,509,19,C:\Users\weijt\Desktop\UNSW\COMP9900\project\capstone-project-26t2-9900-t17a-almond\outputs\generated\full_budget_search_20260717\devign\runs\baseline\05_codexglue_devign_6599,C:\Users\weijt\Desktop\UNSW\COMP9900\project\capstone-project-26t2-9900-t17a-almond\outputs\generated\full_budget_search_20260717\devign\runs\perturbed\05_codexglue_devign_6599__sink_bound_guard__c2,C:\Users\weijt\Desktop\UNSW\COMP9900\project\capstone-project-26t2-9900-t17a-almond\outputs\generated\full_budget_search_20260717\devign\sources\05_codexglue_devign_6599__sink_bound_guard__c2.c,inserted 1 early-return bound guard(s) before sensitive sink calls,
05_codexglue_devign_6599,C:\Users\weijt\Desktop\UNSW\COMP9900\project\capstone-project-26t2-9900-t17a-almond\input_sources\devign\05_codexglue_devign_6599.c,postcondition_validation,1,0,skipped,ran,,,,,,,,,,,,,C:\Users\weijt\Desktop\UNSW\COMP9900\project\capstone-project-26t2-9900-t17a-almond\outputs\generated\full_budget_search_20260717\devign\runs\baseline\05_codexglue_devign_6599,,,no matching *_count/*_read pair found for postcondition validation,
05_codexglue_devign_6599,C:\Users\weijt\Desktop\UNSW\COMP9900\project\capstone-project-26t2-9900-t17a-almond\input_sources\devign\05_codexglue_devign_6599.c,integer_overflow_guard,1,0,skipped,ran,,,,,,,,,,,,,C:\Users\weijt\Desktop\UNSW\COMP9900\project\capstone-project-26t2-9900-t17a-almond\outputs\generated\full_budget_search_20260717\devign\runs\baseline\05_codexglue_devign_6599,,,no allocation size addition or multiplication expression found,
05_codexglue_devign_6599,C:\Users\weijt\Desktop\UNSW\COMP9900\project\capstone-project-26t2-9900-t17a-almond\input_sources\devign\05_codexglue_devign_6599.c,array_index_bound_guard,1,0,skipped,ran,,,,,,,,,,,,,C:\Users\weijt\Desktop\UNSW\COMP9900\project\capstone-project-26t2-9900-t17a-almond\outputs\generated\full_budget_search_20260717\devign\runs\baseline\05_codexglue_devign_6599,,,no array write found for index bound guard,
05_codexglue_devign_6599,C:\Users\weijt\Desktop\UNSW\COMP9900\project\capstone-project-26t2-9900-t17a-almond\input_sources\devign\05_codexglue_devign_6599.c,wide_char_sink_guard,1,0,skipped,ran,,,,,,,,,,,,,C:\Users\weijt\Desktop\UNSW\COMP9900\project\capstone-project-26t2-9900-t17a-almond\outputs\generated\full_budget_search_20260717\devign\runs\baseline\05_codexglue_devign_6599,,,no wcscat/wcscpy wide-character sink found,
05_codexglue_devign_6599,C:\Users\weijt\Desktop\UNSW\COMP9900\project\capstone-project-26t2-9900-t17a-almond\input_sources\devign\05_codexglue_devign_6599.c,pattern_dead_code,1,1,generated,ran,False,0,0,4.58755812360323e-06,8.059164247242734e-05,7.600408434882411e-05,243,298,55,490,591,101,C:\Users\weijt\Desktop\UNSW\COMP9900\project\capstone-project-26t2-9900-t17a-almond\outputs\generated\full_budget_search_20260717\devign\runs\baseline\05_codexglue_devign_6599,C:\Users\weijt\Desktop\UNSW\COMP9900\project\capstone-project-26t2-9900-t17a-almond\outputs\generated\full_budget_search_20260717\devign\runs\perturbed\05_codexglue_devign_6599__pattern_dead_code__c1,C:\Users\weijt\Desktop\UNSW\COMP9900\project\capstone-project-26t2-9900-t17a-almond\outputs\generated\full_budget_search_20260717\devign\sources\05_codexglue_devign_6599__pattern_dead_code__c1.c,inserted 1 unreachable pointer/array/length pattern block(s) near sensitive or structural lines,
05_codexglue_devign_6599,C:\Users\weijt\Desktop\UNSW\COMP9900\project\capstone-project-26t2-9900-t17a-almond\input_sources\devign\05_codexglue_devign_6599.c,pattern_dead_code,2,2,generated,ran,False,0,0,4.58755812360323e-06,8.059164247242734e-05,7.600408434882411e-05,243,353,110,490,692,202,C:\Users\weijt\Desktop\UNSW\COMP9900\project\capstone-project-26t2-9900-t17a-almond\outputs\generated\full_budget_search_20260717\devign\runs\baseline\05_codexglue_devign_6599,C:\Users\weijt\Desktop\UNSW\COMP9900\project\capstone-project-26t2-9900-t17a-almond\outputs\generated\full_budget_search_20260717\devign\runs\perturbed\05_codexglue_devign_6599__pattern_dead_code__c2,C:\Users\weijt\Desktop\UNSW\COMP9900\project\capstone-project-26t2-9900-t17a-almond\outputs\generated\full_budget_search_20260717\devign\sources\05_codexglue_devign_6599__pattern_dead_code__c2.c,inserted 2 unreachable pointer/array/length pattern block(s) near sensitive or structural lines,
05_codexglue_devign_6599,C:\Users\weijt\Desktop\UNSW\COMP9900\project\capstone-project-26t2-9900-t17a-almond\input_sources\devign\05_codexglue_devign_6599.c,pattern_dead_code,3,3,generated,ran,False,0,0,4.58755812360323e-06,8.059164247242734e-05,7.600408434882411e-05,243,408,165,490,793,303,C:\Users\weijt\Desktop\UNSW\COMP9900\project\capstone-project-26t2-9900-t17a-almond\outputs\generated\full_budget_search_20260717\devign\runs\baseline\05_codexglue_devign_6599,C:\Users\weijt\Desktop\UNSW\COMP9900\project\capstone-project-26t2-9900-t17a-almond\outputs\generated\full_budget_search_20260717\devign\runs\perturbed\05_codexglue_devign_6599__pattern_dead_code__c3,C:\Users\weijt\Desktop\UNSW\COMP9900\project\capstone-project-26t2-9900-t17a-almond\outputs\generated\full_budget_search_20260717\devign\sources\05_codexglue_devign_6599__pattern_dead_code__c3.c,inserted 3 unreachable pointer/array/length pattern block(s) near sensitive or structural lines,
05_codexglue_devign_6599,C:\Users\weijt\Desktop\UNSW\COMP9900\project\capstone-project-26t2-9900-t17a-almond\input_sources\devign\05_codexglue_devign_6599.c,pattern_dead_code,5,5,generated,ran,False,0,0,4.58755812360323e-06,8.059164247242734e-05,7.600408434882411e-05,243,518,275,490,995,505,C:\Users\weijt\Desktop\UNSW\COMP9900\project\capstone-project-26t2-9900-t17a-almond\outputs\generated\full_budget_search_20260717\devign\runs\baseline\05_codexglue_devign_6599,C:\Users\weijt\Desktop\UNSW\COMP9900\project\capstone-project-26t2-9900-t17a-almond\outputs\generated\full_budget_search_20260717\devign\runs\perturbed\05_codexglue_devign_6599__pattern_dead_code__c5,C:\Users\weijt\Desktop\UNSW\COMP9900\project\capstone-project-26t2-9900-t17a-almond\outputs\generated\full_budget_search_20260717\devign\sources\05_codexglue_devign_6599__pattern_dead_code__c5.c,inserted 5 unreachable pointer/array/length pattern block(s) near sensitive or structural lines,
05_codexglue_devign_6599,C:\Users\weijt\Desktop\UNSW\COMP9900\project\capstone-project-26t2-9900-t17a-almond\input_sources\devign\05_codexglue_devign_6599.c,control_wrapper,1,1,generated,ran,False,0,0,4.58755812360323e-06,1.6275123471132247e-08,-4.571283000132098e-06,243,247,4,490,502,12,C:\Users\weijt\Desktop\UNSW\COMP9900\project\capstone-project-26t2-9900-t17a-almond\outputs\generated\full_budget_search_20260717\devign\runs\baseline\05_codexglue_devign_6599,C:\Users\weijt\Desktop\UNSW\COMP9900\project\capstone-project-26t2-9900-t17a-almond\outputs\generated\full_budget_search_20260717\devign\runs\perturbed\05_codexglue_devign_6599__control_wrapper__c1,C:\Users\weijt\Desktop\UNSW\COMP9900\project\capstone-project-26t2-9900-t17a-almond\outputs\generated\full_budget_search_20260717\devign\sources\05_codexglue_devign_6599__control_wrapper__c1.c,wrapped 1 safe single-line statement(s) with if (1) blocks,
05_codexglue_devign_6599,C:\Users\weijt\Desktop\UNSW\COMP9900\project\capstone-project-26t2-9900-t17a-almond\input_sources\devign\05_codexglue_devign_6599.c,control_wrapper,2,2,generated,ran,False,0,0,4.58755812360323e-06,5.6734513975698064e-08,-4.530823609627532e-06,243,251,8,490,513,23,C:\Users\weijt\Desktop\UNSW\COMP9900\project\capstone-project-26t2-9900-t17a-almond\outputs\generated\full_budget_search_20260717\devign\runs\baseline\05_codexglue_devign_6599,C:\Users\weijt\Desktop\UNSW\COMP9900\project\capstone-project-26t2-9900-t17a-almond\outputs\generated\full_budget_search_20260717\devign\runs\perturbed\05_codexglue_devign_6599__control_wrapper__c2,C:\Users\weijt\Desktop\UNSW\COMP9900\project\capstone-project-26t2-9900-t17a-almond\outputs\generated\full_budget_search_20260717\devign\sources\05_codexglue_devign_6599__control_wrapper__c2.c,wrapped 2 safe single-line statement(s) with if (1) blocks,
05_codexglue_devign_6599,C:\Users\weijt\Desktop\UNSW\COMP9900\project\capstone-project-26t2-9900-t17a-almond\input_sources\devign\05_codexglue_devign_6599.c,control_wrapper,3,3,generated,ran,False,0,0,4.58755812360323e-06,5.111351129016839e-07,-4.0764230107015464e-06,243,255,12,490,524,34,C:\Users\weijt\Desktop\UNSW\COMP9900\project\capstone-project-26t2-9900-t17a-almond\outputs\generated\full_budget_search_20260717\devign\runs\baseline\05_codexglue_devign_6599,C:\Users\weijt\Desktop\UNSW\COMP9900\project\capstone-project-26t2-9900-t17a-almond\outputs\generated\full_budget_search_20260717\devign\runs\perturbed\05_codexglue_devign_6599__control_wrapper__c3,C:\Users\weijt\Desktop\UNSW\COMP9900\project\capstone-project-26t2-9900-t17a-almond\outputs\generated\full_budget_search_20260717\devign\sources\05_codexglue_devign_6599__control_wrapper__c3.c,wrapped 3 safe single-line statement(s) with if (1) blocks,
05_codexglue_devign_6599,C:\Users\weijt\Desktop\UNSW\COMP9900\project\capstone-project-26t2-9900-t17a-almond\input_sources\devign\05_codexglue_devign_6599.c,control_wrapper,5,5,generated,ran,False,0,0,4.58755812360323e-06,3.108106739091454e-06,-1.4794513845117763e-06,243,263,20,490,546,56,C:\Users\weijt\Desktop\UNSW\COMP9900\project\capstone-project-26t2-9900-t17a-almond\outputs\generated\full_budget_search_20260717\devign\runs\baseline\05_codexglue_devign_6599,C:\Users\weijt\Desktop\UNSW\COMP9900\project\capstone-project-26t2-9900-t17a-almond\outputs\generated\full_budget_search_20260717\devign\runs\perturbed\05_codexglue_devign_6599__control_wrapper__c5,C:\Users\weijt\Desktop\UNSW\COMP9900\project\capstone-project-26t2-9900-t17a-almond\outputs\generated\full_budget_search_20260717\devign\sources\05_codexglue_devign_6599__control_wrapper__c5.c,wrapped 5 safe single-line statement(s) with if (1) blocks,
05_codexglue_devign_6599,C:\Users\weijt\Desktop\UNSW\COMP9900\project\capstone-project-26t2-9900-t17a-almond\input_sources\devign\05_codexglue_devign_6599.c,temp_variable_split,1,1,generated,ran,False,0,0,4.58755812360323e-06,6.326641596388072e-05,5.867885784027749e-05,243,251,8,490,507,17,C:\Users\weijt\Desktop\UNSW\COMP9900\project\capstone-project-26t2-9900-t17a-almond\outputs\generated\full_budget_search_20260717\devign\runs\baseline\05_codexglue_devign_6599,C:\Users\weijt\Desktop\UNSW\COMP9900\project\capstone-project-26t2-9900-t17a-almond\outputs\generated\full_budget_search_20260717\devign\runs\perturbed\05_codexglue_devign_6599__temp_variable_split__c1,C:\Users\weijt\Desktop\UNSW\COMP9900\project\capstone-project-26t2-9900-t17a-almond\outputs\generated\full_budget_search_20260717\devign\sources\05_codexglue_devign_6599__temp_variable_split__c1.c,split 1 simple assignment(s) through temporary integer variables,
05_codexglue_devign_6599,C:\Users\weijt\Desktop\UNSW\COMP9900\project\capstone-project-26t2-9900-t17a-almond\input_sources\devign\05_codexglue_devign_6599.c,temp_variable_split,2,1,partial,run_partial,False,0,0,4.58755812360323e-06,6.326641596388072e-05,5.867885784027749e-05,243,251,8,490,507,17,C:\Users\weijt\Desktop\UNSW\COMP9900\project\capstone-project-26t2-9900-t17a-almond\outputs\generated\full_budget_search_20260717\devign\runs\baseline\05_codexglue_devign_6599,C:\Users\weijt\Desktop\UNSW\COMP9900\project\capstone-project-26t2-9900-t17a-almond\outputs\generated\full_budget_search_20260717\devign\runs\perturbed\05_codexglue_devign_6599__temp_variable_split__c2,C:\Users\weijt\Desktop\UNSW\COMP9900\project\capstone-project-26t2-9900-t17a-almond\outputs\generated\full_budget_search_20260717\devign\sources\05_codexglue_devign_6599__temp_variable_split__c2.c,split 1 simple assignment(s) through temporary integer variables,
06_codexglue_devign_15513,C:\Users\weijt\Desktop\UNSW\COMP9900\project\capstone-project-26t2-9900-t17a-almond\input_sources\devign\06_codexglue_devign_15513.c,data_flow_alias,1,1,generated,ran,False,0,0,5.729157419409603e-05,0.0014286251971498132,0.0013713336229557171,67,85,18,130,169,39,C:\Users\weijt\Desktop\UNSW\COMP9900\project\capstone-project-26t2-9900-t17a-almond\outputs\generated\full_budget_search_20260717\devign\runs\baseline\06_codexglue_devign_15513,C:\Users\weijt\Desktop\UNSW\COMP9900\project\capstone-project-26t2-9900-t17a-almond\outputs\generated\full_budget_search_20260717\devign\runs\perturbed\06_codexglue_devign_15513__data_flow_alias__c1,C:\Users\weijt\Desktop\UNSW\COMP9900\project\capstone-project-26t2-9900-t17a-almond\outputs\generated\full_budget_search_20260717\devign\sources\06_codexglue_devign_15513__data_flow_alias__c1.c,inserted 1 alias-preserving data-flow no-op(s) near call arguments,
06_codexglue_devign_15513,C:\Users\weijt\Desktop\UNSW\COMP9900\project\capstone-project-26t2-9900-t17a-almond\input_sources\devign\06_codexglue_devign_15513.c,data_flow_alias,2,2,generated,ran,False,0,0,5.729157419409603e-05,0.0014286251971498132,0.0013713336229557171,67,103,36,130,208,78,C:\Users\weijt\Desktop\UNSW\COMP9900\project\capstone-project-26t2-9900-t17a-almond\outputs\generated\full_budget_search_20260717\devign\runs\baseline\06_codexglue_devign_15513,C:\Users\weijt\Desktop\UNSW\COMP9900\project\capstone-project-26t2-9900-t17a-almond\outputs\generated\full_budget_search_20260717\devign\runs\perturbed\06_codexglue_devign_15513__data_flow_alias__c2,C:\Users\weijt\Desktop\UNSW\COMP9900\project\capstone-project-26t2-9900-t17a-almond\outputs\generated\full_budget_search_20260717\devign\sources\06_codexglue_devign_15513__data_flow_alias__c2.c,inserted 2 alias-preserving data-flow no-op(s) near call arguments,
06_codexglue_devign_15513,C:\Users\weijt\Desktop\UNSW\COMP9900\project\capstone-project-26t2-9900-t17a-almond\input_sources\devign\06_codexglue_devign_15513.c,data_flow_alias,3,3,generated,ran,False,0,0,5.729157419409603e-05,0.0014286251971498132,0.0013713336229557171,67,103,36,130,208,78,C:\Users\weijt\Desktop\UNSW\COMP9900\project\capstone-project-26t2-9900-t17a-almond\outputs\generated\full_budget_search_20260717\devign\runs\baseline\06_codexglue_devign_15513,C:\Users\weijt\Desktop\UNSW\COMP9900\project\capstone-project-26t2-9900-t17a-almond\outputs\generated\full_budget_search_20260717\devign\runs\perturbed\06_codexglue_devign_15513__data_flow_alias__c3,C:\Users\weijt\Desktop\UNSW\COMP9900\project\capstone-project-26t2-9900-t17a-almond\outputs\generated\full_budget_search_20260717\devign\sources\06_codexglue_devign_15513__data_flow_alias__c3.c,inserted 3 alias-preserving data-flow no-op(s) near call arguments,
06_codexglue_devign_15513,C:\Users\weijt\Desktop\UNSW\COMP9900\project\capstone-project-26t2-9900-t17a-almond\input_sources\devign\06_codexglue_devign_15513.c,data_flow_alias,5,5,generated,ran,False,0,0,5.729157419409603e-05,0.0014286251971498132,0.0013713336229557171,67,103,36,130,208,78,C:\Users\weijt\Desktop\UNSW\COMP9900\project\capstone-project-26t2-9900-t17a-almond\outputs\generated\full_budget_search_20260717\devign\runs\baseline\06_codexglue_devign_15513,C:\Users\weijt\Desktop\UNSW\COMP9900\project\capstone-project-26t2-9900-t17a-almond\outputs\generated\full_budget_search_20260717\devign\runs\perturbed\06_codexglue_devign_15513__data_flow_alias__c5,C:\Users\weijt\Desktop\UNSW\COMP9900\project\capstone-project-26t2-9900-t17a-almond\outputs\generated\full_budget_search_20260717\devign\sources\06_codexglue_devign_15513__data_flow_alias__c5.c,inserted 5 alias-preserving data-flow no-op(s) near call arguments,
06_codexglue_devign_15513,C:\Users\weijt\Desktop\UNSW\COMP9900\project\capstone-project-26t2-9900-t17a-almond\input_sources\devign\06_codexglue_devign_15513.c,dead_statement,1,1,generated,ran,False,0,0,5.729157419409603e-05,0.0014286251971498132,0.0013713336229557171,67,79,12,130,157,27,C:\Users\weijt\Desktop\UNSW\COMP9900\project\capstone-project-26t2-9900-t17a-almond\outputs\generated\full_budget_search_20260717\devign\runs\baseline\06_codexglue_devign_15513,C:\Users\weijt\Desktop\UNSW\COMP9900\project\capstone-project-26t2-9900-t17a-almond\outputs\generated\full_budget_search_20260717\devign\runs\perturbed\06_codexglue_devign_15513__dead_statement__c1,C:\Users\weijt\Desktop\UNSW\COMP9900\project\capstone-project-26t2-9900-t17a-almond\outputs\generated\full_budget_search_20260717\devign\sources\06_codexglue_devign_15513__dead_statement__c1.c,inserted 1 harmless dummy integer statement pair(s) after first function brace,
06_codexglue_devign_15513,C:\Users\weijt\Desktop\UNSW\COMP9900\project\capstone-project-26t2-9900-t17a-almond\input_sources\devign\06_codexglue_devign_15513.c,dead_statement,2,2,generated,ran,False,0,0,5.729157419409603e-05,0.006534762214869261,0.006477470640675165,67,91,24,130,184,54,C:\Users\weijt\Desktop\UNSW\COMP9900\project\capstone-project-26t2-9900-t17a-almond\outputs\generated\full_budget_search_20260717\devign\runs\baseline\06_codexglue_devign_15513,C:\Users\weijt\Desktop\UNSW\COMP9900\project\capstone-project-26t2-9900-t17a-almond\outputs\generated\full_budget_search_20260717\devign\runs\perturbed\06_codexglue_devign_15513__dead_statement__c2,C:\Users\weijt\Desktop\UNSW\COMP9900\project\capstone-project-26t2-9900-t17a-almond\outputs\generated\full_budget_search_20260717\devign\sources\06_codexglue_devign_15513__dead_statement__c2.c,inserted 2 harmless dummy integer statement pair(s) after first function brace,
06_codexglue_devign_15513,C:\Users\weijt\Desktop\UNSW\COMP9900\project\capstone-project-26t2-9900-t17a-almond\input_sources\devign\06_codexglue_devign_15513.c,dead_statement,3,3,generated,ran,False,0,0,5.729157419409603e-05,0.000360658741556108,0.00030336716736201197,67,103,36,130,211,81,C:\Users\weijt\Desktop\UNSW\COMP9900\project\capstone-project-26t2-9900-t17a-almond\outputs\generated\full_budget_search_20260717\devign\runs\baseline\06_codexglue_devign_15513,C:\Users\weijt\Desktop\UNSW\COMP9900\project\capstone-project-26t2-9900-t17a-almond\outputs\generated\full_budget_search_20260717\devign\runs\perturbed\06_codexglue_devign_15513__dead_statement__c3,C:\Users\weijt\Desktop\UNSW\COMP9900\project\capstone-project-26t2-9900-t17a-almond\outputs\generated\full_budget_search_20260717\devign\sources\06_codexglue_devign_15513__dead_statement__c3.c,inserted 3 harmless dummy integer statement pair(s) after first function brace,
06_codexglue_devign_15513,C:\Users\weijt\Desktop\UNSW\COMP9900\project\capstone-project-26t2-9900-t17a-almond\input_sources\devign\06_codexglue_devign_15513.c,dead_statement,5,5,generated,ran,False,0,0,5.729157419409603e-05,0.0014286251971498132,0.0013713336229557171,67,127,60,130,265,135,C:\Users\weijt\Desktop\UNSW\COMP9900\project\capstone-project-26t2-9900-t17a-almond\outputs\generated\full_budget_search_20260717\devign\runs\baseline\06_codexglue_devign_15513,C:\Users\weijt\Desktop\UNSW\COMP9900\project\capstone-project-26t2-9900-t17a-almond\outputs\generated\full_budget_search_20260717\devign\runs\perturbed\06_codexglue_devign_15513__dead_statement__c5,C:\Users\weijt\Desktop\UNSW\COMP9900\project\capstone-project-26t2-9900-t17a-almond\outputs\generated\full_budget_search_20260717\devign\sources\06_codexglue_devign_15513__dead_statement__c5.c,inserted 5 harmless dummy integer statement pair(s) after first function brace,
06_codexglue_devign_15513,C:\Users\weijt\Desktop\UNSW\COMP9900\project\capstone-project-26t2-9900-t17a-almond\input_sources\devign\06_codexglue_devign_15513.c,xfg_targeted_dead_code,1,1,generated,ran,False,0,0,5.729157419409603e-05,0.006534762214869261,0.006477470640675165,67,83,16,130,166,36,C:\Users\weijt\Desktop\UNSW\COMP9900\project\capstone-project-26t2-9900-t17a-almond\outputs\generated\full_budget_search_20260717\devign\runs\baseline\06_codexglue_devign_15513,C:\Users\weijt\Desktop\UNSW\COMP9900\project\capstone-project-26t2-9900-t17a-almond\outputs\generated\full_budget_search_20260717\devign\runs\perturbed\06_codexglue_devign_15513__xfg_targeted_dead_code__c1,C:\Users\weijt\Desktop\UNSW\COMP9900\project\capstone-project-26t2-9900-t17a-almond\outputs\generated\full_budget_search_20260717\devign\sources\06_codexglue_devign_15513__xfg_targeted_dead_code__c1.c,inserted 1 unreachable no-op block(s) near XFG-relevant target lines,
06_codexglue_devign_15513,C:\Users\weijt\Desktop\UNSW\COMP9900\project\capstone-project-26t2-9900-t17a-almond\input_sources\devign\06_codexglue_devign_15513.c,xfg_targeted_dead_code,2,2,generated,ran,False,0,0,5.729157419409603e-05,0.0014020155649632215,0.0013447239907691255,67,99,32,130,202,72,C:\Users\weijt\Desktop\UNSW\COMP9900\project\capstone-project-26t2-9900-t17a-almond\outputs\generated\full_budget_search_20260717\devign\runs\baseline\06_codexglue_devign_15513,C:\Users\weijt\Desktop\UNSW\COMP9900\project\capstone-project-26t2-9900-t17a-almond\outputs\generated\full_budget_search_20260717\devign\runs\perturbed\06_codexglue_devign_15513__xfg_targeted_dead_code__c2,C:\Users\weijt\Desktop\UNSW\COMP9900\project\capstone-project-26t2-9900-t17a-almond\outputs\generated\full_budget_search_20260717\devign\sources\06_codexglue_devign_15513__xfg_targeted_dead_code__c2.c,inserted 2 unreachable no-op block(s) near XFG-relevant target lines,
06_codexglue_devign_15513,C:\Users\weijt\Desktop\UNSW\COMP9900\project\capstone-project-26t2-9900-t17a-almond\input_sources\devign\06_codexglue_devign_15513.c,xfg_targeted_dead_code,3,3,generated,ran,False,0,0,5.729157419409603e-05,0.0014020155649632215,0.0013447239907691255,67,115,48,130,238,108,C:\Users\weijt\Desktop\UNSW\COMP9900\project\capstone-project-26t2-9900-t17a-almond\outputs\generated\full_budget_search_20260717\devign\runs\baseline\06_codexglue_devign_15513,C:\Users\weijt\Desktop\UNSW\COMP9900\project\capstone-project-26t2-9900-t17a-almond\outputs\generated\full_budget_search_20260717\devign\runs\perturbed\06_codexglue_devign_15513__xfg_targeted_dead_code__c3,C:\Users\weijt\Desktop\UNSW\COMP9900\project\capstone-project-26t2-9900-t17a-almond\outputs\generated\full_budget_search_20260717\devign\sources\06_codexglue_devign_15513__xfg_targeted_dead_code__c3.c,inserted 3 unreachable no-op block(s) near XFG-relevant target lines,
06_codexglue_devign_15513,C:\Users\weijt\Desktop\UNSW\COMP9900\project\capstone-project-26t2-9900-t17a-almond\input_sources\devign\06_codexglue_devign_15513.c,xfg_targeted_dead_code,5,5,generated,ran,False,0,0,5.729157419409603e-05,0.0018105299677699804,0.0017532383935758844,67,147,80,130,310,180,C:\Users\weijt\Desktop\UNSW\COMP9900\project\capstone-project-26t2-9900-t17a-almond\outputs\generated\full_budget_search_20260717\devign\runs\baseline\06_codexglue_devign_15513,C:\Users\weijt\Desktop\UNSW\COMP9900\project\capstone-project-26t2-9900-t17a-almond\outputs\generated\full_budget_search_20260717\devign\runs\perturbed\06_codexglue_devign_15513__xfg_targeted_dead_code__c5,C:\Users\weijt\Desktop\UNSW\COMP9900\project\capstone-project-26t2-9900-t17a-almond\outputs\generated\full_budget_search_20260717\devign\sources\06_codexglue_devign_15513__xfg_targeted_dead_code__c5.c,inserted 5 unreachable no-op block(s) near XFG-relevant target lines,
06_codexglue_devign_15513,C:\Users\weijt\Desktop\UNSW\COMP9900\project\capstone-project-26t2-9900-t17a-almond\input_sources\devign\06_codexglue_devign_15513.c,range_clamp,1,0,skipped,ran,,,,,,,,,,,,,C:\Users\weijt\Desktop\UNSW\COMP9900\project\capstone-project-26t2-9900-t17a-almond\outputs\generated\full_budget_search_20260717\devign\runs\baseline\06_codexglue_devign_15513,,,no sensitive call with a clampable size/count argument found,
06_codexglue_devign_15513,C:\Users\weijt\Desktop\UNSW\COMP9900\project\capstone-project-26t2-9900-t17a-almond\input_sources\devign\06_codexglue_devign_15513.c,safe_source_substitution,1,0,skipped,ran,,,,,,,,,,,,,C:\Users\weijt\Desktop\UNSW\COMP9900\project\capstone-project-26t2-9900-t17a-almond\outputs\generated\full_budget_search_20260717\devign\runs\baseline\06_codexglue_devign_15513,,,no nested pointer dereference source found,
06_codexglue_devign_15513,C:\Users\weijt\Desktop\UNSW\COMP9900\project\capstone-project-26t2-9900-t17a-almond\input_sources\devign\06_codexglue_devign_15513.c,sink_bound_guard,1,0,skipped,ran,,,,,,,,,,,,,C:\Users\weijt\Desktop\UNSW\COMP9900\project\capstone-project-26t2-9900-t17a-almond\outputs\generated\full_budget_search_20260717\devign\runs\baseline\06_codexglue_devign_15513,,,no sensitive sink call found for bound guard insertion,
06_codexglue_devign_15513,C:\Users\weijt\Desktop\UNSW\COMP9900\project\capstone-project-26t2-9900-t17a-almond\input_sources\devign\06_codexglue_devign_15513.c,postcondition_validation,1,0,skipped,ran,,,,,,,,,,,,,C:\Users\weijt\Desktop\UNSW\COMP9900\project\capstone-project-26t2-9900-t17a-almond\outputs\generated\full_budget_search_20260717\devign\runs\baseline\06_codexglue_devign_15513,,,no matching *_count/*_read pair found for postcondition validation,
06_codexglue_devign_15513,C:\Users\weijt\Desktop\UNSW\COMP9900\project\capstone-project-26t2-9900-t17a-almond\input_sources\devign\06_codexglue_devign_15513.c,integer_overflow_guard,1,0,skipped,ran,,,,,,,,,,,,,C:\Users\weijt\Desktop\UNSW\COMP9900\project\capstone-project-26t2-9900-t17a-almond\outputs\generated\full_budget_search_20260717\devign\runs\baseline\06_codexglue_devign_15513,,,no allocation size addition or multiplication expression found,
06_codexglue_devign_15513,C:\Users\weijt\Desktop\UNSW\COMP9900\project\capstone-project-26t2-9900-t17a-almond\input_sources\devign\06_codexglue_devign_15513.c,array_index_bound_guard,1,0,skipped,ran,,,,,,,,,,,,,C:\Users\weijt\Desktop\UNSW\COMP9900\project\capstone-project-26t2-9900-t17a-almond\outputs\generated\full_budget_search_20260717\devign\runs\baseline\06_codexglue_devign_15513,,,no array write found for index bound guard,
06_codexglue_devign_15513,C:\Users\weijt\Desktop\UNSW\COMP9900\project\capstone-project-26t2-9900-t17a-almond\input_sources\devign\06_codexglue_devign_15513.c,wide_char_sink_guard,1,0,skipped,ran,,,,,,,,,,,,,C:\Users\weijt\Desktop\UNSW\COMP9900\project\capstone-project-26t2-9900-t17a-almond\outputs\generated\full_budget_search_20260717\devign\runs\baseline\06_codexglue_devign_15513,,,no wcscat/wcscpy wide-character sink found,
06_codexglue_devign_15513,C:\Users\weijt\Desktop\UNSW\COMP9900\project\capstone-project-26t2-9900-t17a-almond\input_sources\devign\06_codexglue_devign_15513.c,pattern_dead_code,1,1,generated,ran,False,0,0,5.729157419409603e-05,0.0014286251971498132,0.0013713336229557171,67,122,55,130,231,101,C:\Users\weijt\Desktop\UNSW\COMP9900\project\capstone-project-26t2-9900-t17a-almond\outputs\generated\full_budget_search_20260717\devign\runs\baseline\06_codexglue_devign_15513,C:\Users\weijt\Desktop\UNSW\COMP9900\project\capstone-project-26t2-9900-t17a-almond\outputs\generated\full_budget_search_20260717\devign\runs\perturbed\06_codexglue_devign_15513__pattern_dead_code__c1,C:\Users\weijt\Desktop\UNSW\COMP9900\project\capstone-project-26t2-9900-t17a-almond\outputs\generated\full_budget_search_20260717\devign\sources\06_codexglue_devign_15513__pattern_dead_code__c1.c,inserted 1 unreachable pointer/array/length pattern block(s) near sensitive or structural lines,
06_codexglue_devign_15513,C:\Users\weijt\Desktop\UNSW\COMP9900\project\capstone-project-26t2-9900-t17a-almond\input_sources\devign\06_codexglue_devign_15513.c,pattern_dead_code,2,2,generated,ran,False,0,0,5.729157419409603e-05,0.0014286251971498132,0.0013713336229557171,67,177,110,130,332,202,C:\Users\weijt\Desktop\UNSW\COMP9900\project\capstone-project-26t2-9900-t17a-almond\outputs\generated\full_budget_search_20260717\devign\runs\baseline\06_codexglue_devign_15513,C:\Users\weijt\Desktop\UNSW\COMP9900\project\capstone-project-26t2-9900-t17a-almond\outputs\generated\full_budget_search_20260717\devign\runs\perturbed\06_codexglue_devign_15513__pattern_dead_code__c2,C:\Users\weijt\Desktop\UNSW\COMP9900\project\capstone-project-26t2-9900-t17a-almond\outputs\generated\full_budget_search_20260717\devign\sources\06_codexglue_devign_15513__pattern_dead_code__c2.c,inserted 2 unreachable pointer/array/length pattern block(s) near sensitive or structural lines,
06_codexglue_devign_15513,C:\Users\weijt\Desktop\UNSW\COMP9900\project\capstone-project-26t2-9900-t17a-almond\input_sources\devign\06_codexglue_devign_15513.c,pattern_dead_code,3,3,generated,ran,False,0,0,5.729157419409603e-05,0.0014286251971498132,0.0013713336229557171,67,232,165,130,433,303,C:\Users\weijt\Desktop\UNSW\COMP9900\project\capstone-project-26t2-9900-t17a-almond\outputs\generated\full_budget_search_20260717\devign\runs\baseline\06_codexglue_devign_15513,C:\Users\weijt\Desktop\UNSW\COMP9900\project\capstone-project-26t2-9900-t17a-almond\outputs\generated\full_budget_search_20260717\devign\runs\perturbed\06_codexglue_devign_15513__pattern_dead_code__c3,C:\Users\weijt\Desktop\UNSW\COMP9900\project\capstone-project-26t2-9900-t17a-almond\outputs\generated\full_budget_search_20260717\devign\sources\06_codexglue_devign_15513__pattern_dead_code__c3.c,inserted 3 unreachable pointer/array/length pattern block(s) near sensitive or structural lines,
06_codexglue_devign_15513,C:\Users\weijt\Desktop\UNSW\COMP9900\project\capstone-project-26t2-9900-t17a-almond\input_sources\devign\06_codexglue_devign_15513.c,pattern_dead_code,5,5,generated,ran,False,0,0,5.729157419409603e-05,0.002604084089398384,0.002546792515204288,67,342,275,130,635,505,C:\Users\weijt\Desktop\UNSW\COMP9900\project\capstone-project-26t2-9900-t17a-almond\outputs\generated\full_budget_search_20260717\devign\runs\baseline\06_codexglue_devign_15513,C:\Users\weijt\Desktop\UNSW\COMP9900\project\capstone-project-26t2-9900-t17a-almond\outputs\generated\full_budget_search_20260717\devign\runs\perturbed\06_codexglue_devign_15513__pattern_dead_code__c5,C:\Users\weijt\Desktop\UNSW\COMP9900\project\capstone-project-26t2-9900-t17a-almond\outputs\generated\full_budget_search_20260717\devign\sources\06_codexglue_devign_15513__pattern_dead_code__c5.c,inserted 5 unreachable pointer/array/length pattern block(s) near sensitive or structural lines,
06_codexglue_devign_15513,C:\Users\weijt\Desktop\UNSW\COMP9900\project\capstone-project-26t2-9900-t17a-almond\input_sources\devign\06_codexglue_devign_15513.c,control_wrapper,1,1,generated,ran,False,0,0,5.729157419409603e-05,0.000515173829626292,0.00045788225543219596,67,71,4,130,139,9,C:\Users\weijt\Desktop\UNSW\COMP9900\project\capstone-project-26t2-9900-t17a-almond\outputs\generated\full_budget_search_20260717\devign\runs\baseline\06_codexglue_devign_15513,C:\Users\weijt\Desktop\UNSW\COMP9900\project\capstone-project-26t2-9900-t17a-almond\outputs\generated\full_budget_search_20260717\devign\runs\perturbed\06_codexglue_devign_15513__control_wrapper__c1,C:\Users\weijt\Desktop\UNSW\COMP9900\project\capstone-project-26t2-9900-t17a-almond\outputs\generated\full_budget_search_20260717\devign\sources\06_codexglue_devign_15513__control_wrapper__c1.c,wrapped 1 safe single-line statement(s) with if (1) blocks,
06_codexglue_devign_15513,C:\Users\weijt\Desktop\UNSW\COMP9900\project\capstone-project-26t2-9900-t17a-almond\input_sources\devign\06_codexglue_devign_15513.c,control_wrapper,2,2,generated,ran,False,0,0,5.729157419409603e-05,0.000515173829626292,0.00045788225543219596,67,75,8,130,148,18,C:\Users\weijt\Desktop\UNSW\COMP9900\project\capstone-project-26t2-9900-t17a-almond\outputs\generated\full_budget_search_20260717\devign\runs\baseline\06_codexglue_devign_15513,C:\Users\weijt\Desktop\UNSW\COMP9900\project\capstone-project-26t2-9900-t17a-almond\outputs\generated\full_budget_search_20260717\devign\runs\perturbed\06_codexglue_devign_15513__control_wrapper__c2,C:\Users\weijt\Desktop\UNSW\COMP9900\project\capstone-project-26t2-9900-t17a-almond\outputs\generated\full_budget_search_20260717\devign\sources\06_codexglue_devign_15513__control_wrapper__c2.c,wrapped 2 safe single-line statement(s) with if (1) blocks,
06_codexglue_devign_15513,C:\Users\weijt\Desktop\UNSW\COMP9900\project\capstone-project-26t2-9900-t17a-almond\input_sources\devign\06_codexglue_devign_15513.c,control_wrapper,3,3,generated,ran,False,0,0,5.729157419409603e-05,0.000515173829626292,0.00045788225543219596,67,75,8,130,148,18,C:\Users\weijt\Desktop\UNSW\COMP9900\project\capstone-project-26t2-9900-t17a-almond\outputs\generated\full_budget_search_20260717\devign\runs\baseline\06_codexglue_devign_15513,C:\Users\weijt\Desktop\UNSW\COMP9900\project\capstone-project-26t2-9900-t17a-almond\outputs\generated\full_budget_search_20260717\devign\runs\perturbed\06_codexglue_devign_15513__control_wrapper__c3,C:\Users\weijt\Desktop\UNSW\COMP9900\project\capstone-project-26t2-9900-t17a-almond\outputs\generated\full_budget_search_20260717\devign\sources\06_codexglue_devign_15513__control_wrapper__c3.c,wrapped 3 safe single-line statement(s) with if (1) blocks,
06_codexglue_devign_15513,C:\Users\weijt\Desktop\UNSW\COMP9900\project\capstone-project-26t2-9900-t17a-almond\input_sources\devign\06_codexglue_devign_15513.c,control_wrapper,5,5,generated,ran,False,0,0,5.729157419409603e-05,0.000515173829626292,0.00045788225543219596,67,75,8,130,148,18,C:\Users\weijt\Desktop\UNSW\COMP9900\project\capstone-project-26t2-9900-t17a-almond\outputs\generated\full_budget_search_20260717\devign\runs\baseline\06_codexglue_devign_15513,C:\Users\weijt\Desktop\UNSW\COMP9900\project\capstone-project-26t2-9900-t17a-almond\outputs\generated\full_budget_search_20260717\devign\runs\perturbed\06_codexglue_devign_15513__control_wrapper__c5,C:\Users\weijt\Desktop\UNSW\COMP9900\project\capstone-project-26t2-9900-t17a-almond\outputs\generated\full_budget_search_20260717\devign\sources\06_codexglue_devign_15513__control_wrapper__c5.c,wrapped 5 safe single-line statement(s) with if (1) blocks,
06_codexglue_devign_15513,C:\Users\weijt\Desktop\UNSW\COMP9900\project\capstone-project-26t2-9900-t17a-almond\input_sources\devign\06_codexglue_devign_15513.c,temp_variable_split,1,0,skipped,ran,,,,,,,,,,,,,C:\Users\weijt\Desktop\UNSW\COMP9900\project\capstone-project-26t2-9900-t17a-almond\outputs\generated\full_budget_search_20260717\devign\runs\baseline\06_codexglue_devign_15513,,,no simple integer-like assignment candidate found,
07_codexglue_devign_4012,C:\Users\weijt\Desktop\UNSW\COMP9900\project\capstone-project-26t2-9900-t17a-almond\input_sources\devign\07_codexglue_devign_4012.c,data_flow_alias,1,1,generated,ran,False,1,1,0.8989209532737732,0.8047762513160706,-0.09414470195770264,698,716,18,1523,1562,39,C:\Users\weijt\Desktop\UNSW\COMP9900\project\capstone-project-26t2-9900-t17a-almond\outputs\generated\full_budget_search_20260717\devign\runs\baseline\07_codexglue_devign_4012,C:\Users\weijt\Desktop\UNSW\COMP9900\project\capstone-project-26t2-9900-t17a-almond\outputs\generated\full_budget_search_20260717\devign\runs\perturbed\07_codexglue_devign_4012__data_flow_alias__c1,C:\Users\weijt\Desktop\UNSW\COMP9900\project\capstone-project-26t2-9900-t17a-almond\outputs\generated\full_budget_search_20260717\devign\sources\07_codexglue_devign_4012__data_flow_alias__c1.c,inserted 1 alias-preserving data-flow no-op(s) near call arguments,
07_codexglue_devign_4012,C:\Users\weijt\Desktop\UNSW\COMP9900\project\capstone-project-26t2-9900-t17a-almond\input_sources\devign\07_codexglue_devign_4012.c,data_flow_alias,2,2,generated,ran,False,1,1,0.8989209532737732,0.6041640043258667,-0.2947569489479065,698,734,36,1523,1601,78,C:\Users\weijt\Desktop\UNSW\COMP9900\project\capstone-project-26t2-9900-t17a-almond\outputs\generated\full_budget_search_20260717\devign\runs\baseline\07_codexglue_devign_4012,C:\Users\weijt\Desktop\UNSW\COMP9900\project\capstone-project-26t2-9900-t17a-almond\outputs\generated\full_budget_search_20260717\devign\runs\perturbed\07_codexglue_devign_4012__data_flow_alias__c2,C:\Users\weijt\Desktop\UNSW\COMP9900\project\capstone-project-26t2-9900-t17a-almond\outputs\generated\full_budget_search_20260717\devign\sources\07_codexglue_devign_4012__data_flow_alias__c2.c,inserted 2 alias-preserving data-flow no-op(s) near call arguments,
07_codexglue_devign_4012,C:\Users\weijt\Desktop\UNSW\COMP9900\project\capstone-project-26t2-9900-t17a-almond\input_sources\devign\07_codexglue_devign_4012.c,data_flow_alias,3,3,generated,ran,False,1,1,0.8989209532737732,0.6041640043258667,-0.2947569489479065,698,752,54,1523,1640,117,C:\Users\weijt\Desktop\UNSW\COMP9900\project\capstone-project-26t2-9900-t17a-almond\outputs\generated\full_budget_search_20260717\devign\runs\baseline\07_codexglue_devign_4012,C:\Users\weijt\Desktop\UNSW\COMP9900\project\capstone-project-26t2-9900-t17a-almond\outputs\generated\full_budget_search_20260717\devign\runs\perturbed\07_codexglue_devign_4012__data_flow_alias__c3,C:\Users\weijt\Desktop\UNSW\COMP9900\project\capstone-project-26t2-9900-t17a-almond\outputs\generated\full_budget_search_20260717\devign\sources\07_codexglue_devign_4012__data_flow_alias__c3.c,inserted 3 alias-preserving data-flow no-op(s) near call arguments,
07_codexglue_devign_4012,C:\Users\weijt\Desktop\UNSW\COMP9900\project\capstone-project-26t2-9900-t17a-almond\input_sources\devign\07_codexglue_devign_4012.c,data_flow_alias,5,5,generated,ran,False,1,1,0.8989209532737732,0.6041640043258667,-0.2947569489479065,698,790,92,1523,1719,196,C:\Users\weijt\Desktop\UNSW\COMP9900\project\capstone-project-26t2-9900-t17a-almond\outputs\generated\full_budget_search_20260717\devign\runs\baseline\07_codexglue_devign_4012,C:\Users\weijt\Desktop\UNSW\COMP9900\project\capstone-project-26t2-9900-t17a-almond\outputs\generated\full_budget_search_20260717\devign\runs\perturbed\07_codexglue_devign_4012__data_flow_alias__c5,C:\Users\weijt\Desktop\UNSW\COMP9900\project\capstone-project-26t2-9900-t17a-almond\outputs\generated\full_budget_search_20260717\devign\sources\07_codexglue_devign_4012__data_flow_alias__c5.c,inserted 5 alias-preserving data-flow no-op(s) near call arguments,
07_codexglue_devign_4012,C:\Users\weijt\Desktop\UNSW\COMP9900\project\capstone-project-26t2-9900-t17a-almond\input_sources\devign\07_codexglue_devign_4012.c,dead_statement,1,1,generated,ran,False,1,1,0.8989209532737732,0.7512103319168091,-0.1477106213569641,698,710,12,1523,1550,27,C:\Users\weijt\Desktop\UNSW\COMP9900\project\capstone-project-26t2-9900-t17a-almond\outputs\generated\full_budget_search_20260717\devign\runs\baseline\07_codexglue_devign_4012,C:\Users\weijt\Desktop\UNSW\COMP9900\project\capstone-project-26t2-9900-t17a-almond\outputs\generated\full_budget_search_20260717\devign\runs\perturbed\07_codexglue_devign_4012__dead_statement__c1,C:\Users\weijt\Desktop\UNSW\COMP9900\project\capstone-project-26t2-9900-t17a-almond\outputs\generated\full_budget_search_20260717\devign\sources\07_codexglue_devign_4012__dead_statement__c1.c,inserted 1 harmless dummy integer statement pair(s) after first function brace,
07_codexglue_devign_4012,C:\Users\weijt\Desktop\UNSW\COMP9900\project\capstone-project-26t2-9900-t17a-almond\input_sources\devign\07_codexglue_devign_4012.c,dead_statement,2,2,generated,ran,False,1,1,0.8989209532737732,0.7503923773765564,-0.1485285758972168,698,722,24,1523,1577,54,C:\Users\weijt\Desktop\UNSW\COMP9900\project\capstone-project-26t2-9900-t17a-almond\outputs\generated\full_budget_search_20260717\devign\runs\baseline\07_codexglue_devign_4012,C:\Users\weijt\Desktop\UNSW\COMP9900\project\capstone-project-26t2-9900-t17a-almond\outputs\generated\full_budget_search_20260717\devign\runs\perturbed\07_codexglue_devign_4012__dead_statement__c2,C:\Users\weijt\Desktop\UNSW\COMP9900\project\capstone-project-26t2-9900-t17a-almond\outputs\generated\full_budget_search_20260717\devign\sources\07_codexglue_devign_4012__dead_statement__c2.c,inserted 2 harmless dummy integer statement pair(s) after first function brace,
07_codexglue_devign_4012,C:\Users\weijt\Desktop\UNSW\COMP9900\project\capstone-project-26t2-9900-t17a-almond\input_sources\devign\07_codexglue_devign_4012.c,dead_statement,3,3,generated,ran,False,1,1,0.8989209532737732,0.6041640043258667,-0.2947569489479065,698,734,36,1523,1604,81,C:\Users\weijt\Desktop\UNSW\COMP9900\project\capstone-project-26t2-9900-t17a-almond\outputs\generated\full_budget_search_20260717\devign\runs\baseline\07_codexglue_devign_4012,C:\Users\weijt\Desktop\UNSW\COMP9900\project\capstone-project-26t2-9900-t17a-almond\outputs\generated\full_budget_search_20260717\devign\runs\perturbed\07_codexglue_devign_4012__dead_statement__c3,C:\Users\weijt\Desktop\UNSW\COMP9900\project\capstone-project-26t2-9900-t17a-almond\outputs\generated\full_budget_search_20260717\devign\sources\07_codexglue_devign_4012__dead_statement__c3.c,inserted 3 harmless dummy integer statement pair(s) after first function brace,
07_codexglue_devign_4012,C:\Users\weijt\Desktop\UNSW\COMP9900\project\capstone-project-26t2-9900-t17a-almond\input_sources\devign\07_codexglue_devign_4012.c,dead_statement,5,5,generated,ran,False,1,1,0.8989209532737732,0.6940308809280396,-0.20489007234573364,698,758,60,1523,1658,135,C:\Users\weijt\Desktop\UNSW\COMP9900\project\capstone-project-26t2-9900-t17a-almond\outputs\generated\full_budget_search_20260717\devign\runs\baseline\07_codexglue_devign_4012,C:\Users\weijt\Desktop\UNSW\COMP9900\project\capstone-project-26t2-9900-t17a-almond\outputs\generated\full_budget_search_20260717\devign\runs\perturbed\07_codexglue_devign_4012__dead_statement__c5,C:\Users\weijt\Desktop\UNSW\COMP9900\project\capstone-project-26t2-9900-t17a-almond\outputs\generated\full_budget_search_20260717\devign\sources\07_codexglue_devign_4012__dead_statement__c5.c,inserted 5 harmless dummy integer statement pair(s) after first function brace,
07_codexglue_devign_4012,C:\Users\weijt\Desktop\UNSW\COMP9900\project\capstone-project-26t2-9900-t17a-almond\input_sources\devign\07_codexglue_devign_4012.c,xfg_targeted_dead_code,1,1,generated,ran,False,1,1,0.8989209532737732,0.7503923773765564,-0.1485285758972168,698,714,16,1523,1559,36,C:\Users\weijt\Desktop\UNSW\COMP9900\project\capstone-project-26t2-9900-t17a-almond\outputs\generated\full_budget_search_20260717\devign\runs\baseline\07_codexglue_devign_4012,C:\Users\weijt\Desktop\UNSW\COMP9900\project\capstone-project-26t2-9900-t17a-almond\outputs\generated\full_budget_search_20260717\devign\runs\perturbed\07_codexglue_devign_4012__xfg_targeted_dead_code__c1,C:\Users\weijt\Desktop\UNSW\COMP9900\project\capstone-project-26t2-9900-t17a-almond\outputs\generated\full_budget_search_20260717\devign\sources\07_codexglue_devign_4012__xfg_targeted_dead_code__c1.c,inserted 1 unreachable no-op block(s) near XFG-relevant target lines,
07_codexglue_devign_4012,C:\Users\weijt\Desktop\UNSW\COMP9900\project\capstone-project-26t2-9900-t17a-almond\input_sources\devign\07_codexglue_devign_4012.c,xfg_targeted_dead_code,2,2,generated,ran,False,1,1,0.8989209532737732,0.6041640043258667,-0.2947569489479065,698,730,32,1523,1595,72,C:\Users\weijt\Desktop\UNSW\COMP9900\project\capstone-project-26t2-9900-t17a-almond\outputs\generated\full_budget_search_20260717\devign\runs\baseline\07_codexglue_devign_4012,C:\Users\weijt\Desktop\UNSW\COMP9900\project\capstone-project-26t2-9900-t17a-almond\outputs\generated\full_budget_search_20260717\devign\runs\perturbed\07_codexglue_devign_4012__xfg_targeted_dead_code__c2,C:\Users\weijt\Desktop\UNSW\COMP9900\project\capstone-project-26t2-9900-t17a-almond\outputs\generated\full_budget_search_20260717\devign\sources\07_codexglue_devign_4012__xfg_targeted_dead_code__c2.c,inserted 2 unreachable no-op block(s) near XFG-relevant target lines,
07_codexglue_devign_4012,C:\Users\weijt\Desktop\UNSW\COMP9900\project\capstone-project-26t2-9900-t17a-almond\input_sources\devign\07_codexglue_devign_4012.c,xfg_targeted_dead_code,3,3,generated,ran,False,1,1,0.8989209532737732,0.6041640043258667,-0.2947569489479065,698,746,48,1523,1631,108,C:\Users\weijt\Desktop\UNSW\COMP9900\project\capstone-project-26t2-9900-t17a-almond\outputs\generated\full_budget_search_20260717\devign\runs\baseline\07_codexglue_devign_4012,C:\Users\weijt\Desktop\UNSW\COMP9900\project\capstone-project-26t2-9900-t17a-almond\outputs\generated\full_budget_search_20260717\devign\runs\perturbed\07_codexglue_devign_4012__xfg_targeted_dead_code__c3,C:\Users\weijt\Desktop\UNSW\COMP9900\project\capstone-project-26t2-9900-t17a-almond\outputs\generated\full_budget_search_20260717\devign\sources\07_codexglue_devign_4012__xfg_targeted_dead_code__c3.c,inserted 3 unreachable no-op block(s) near XFG-relevant target lines,
07_codexglue_devign_4012,C:\Users\weijt\Desktop\UNSW\COMP9900\project\capstone-project-26t2-9900-t17a-almond\input_sources\devign\07_codexglue_devign_4012.c,xfg_targeted_dead_code,5,5,generated,ran,False,1,1,0.8989209532737732,0.6041640043258667,-0.2947569489479065,698,778,80,1523,1703,180,C:\Users\weijt\Desktop\UNSW\COMP9900\project\capstone-project-26t2-9900-t17a-almond\outputs\generated\full_budget_search_20260717\devign\runs\baseline\07_codexglue_devign_4012,C:\Users\weijt\Desktop\UNSW\COMP9900\project\capstone-project-26t2-9900-t17a-almond\outputs\generated\full_budget_search_20260717\devign\runs\perturbed\07_codexglue_devign_4012__xfg_targeted_dead_code__c5,C:\Users\weijt\Desktop\UNSW\COMP9900\project\capstone-project-26t2-9900-t17a-almond\outputs\generated\full_budget_search_20260717\devign\sources\07_codexglue_devign_4012__xfg_targeted_dead_code__c5.c,inserted 5 unreachable no-op block(s) near XFG-relevant target lines,
07_codexglue_devign_4012,C:\Users\weijt\Desktop\UNSW\COMP9900\project\capstone-project-26t2-9900-t17a-almond\input_sources\devign\07_codexglue_devign_4012.c,range_clamp,1,0,skipped,ran,,,,,,,,,,,,,C:\Users\weijt\Desktop\UNSW\COMP9900\project\capstone-project-26t2-9900-t17a-almond\outputs\generated\full_budget_search_20260717\devign\runs\baseline\07_codexglue_devign_4012,,,no sensitive call with a clampable size/count argument found,
07_codexglue_devign_4012,C:\Users\weijt\Desktop\UNSW\COMP9900\project\capstone-project-26t2-9900-t17a-almond\input_sources\devign\07_codexglue_devign_4012.c,safe_source_substitution,1,1,generated,ran,False,1,1,0.8989209532737732,0.7343809008598328,-0.16454005241394043,698,706,8,1523,1545,22,C:\Users\weijt\Desktop\UNSW\COMP9900\project\capstone-project-26t2-9900-t17a-almond\outputs\generated\full_budget_search_20260717\devign\runs\baseline\07_codexglue_devign_4012,C:\Users\weijt\Desktop\UNSW\COMP9900\project\capstone-project-26t2-9900-t17a-almond\outputs\generated\full_budget_search_20260717\devign\runs\perturbed\07_codexglue_devign_4012__safe_source_substitution__c1,C:\Users\weijt\Desktop\UNSW\COMP9900\project\capstone-project-26t2-9900-t17a-almond\outputs\generated\full_budget_search_20260717\devign\sources\07_codexglue_devign_4012__safe_source_substitution__c1.c,replaced 1 nested pointer source expression(s) with guarded fallback expressions,
07_codexglue_devign_4012,C:\Users\weijt\Desktop\UNSW\COMP9900\project\capstone-project-26t2-9900-t17a-almond\input_sources\devign\07_codexglue_devign_4012.c,safe_source_substitution,2,2,generated,ran,False,1,1,0.8989209532737732,0.8302077054977417,-0.0687132477760315,698,714,16,1523,1562,39,C:\Users\weijt\Desktop\UNSW\COMP9900\project\capstone-project-26t2-9900-t17a-almond\outputs\generated\full_budget_search_20260717\devign\runs\baseline\07_codexglue_devign_4012,C:\Users\weijt\Desktop\UNSW\COMP9900\project\capstone-project-26t2-9900-t17a-almond\outputs\generated\full_budget_search_20260717\devign\runs\perturbed\07_codexglue_devign_4012__safe_source_substitution__c2,C:\Users\weijt\Desktop\UNSW\COMP9900\project\capstone-project-26t2-9900-t17a-almond\outputs\generated\full_budget_search_20260717\devign\sources\07_codexglue_devign_4012__safe_source_substitution__c2.c,replaced 2 nested pointer source expression(s) with guarded fallback expressions,
07_codexglue_devign_4012,C:\Users\weijt\Desktop\UNSW\COMP9900\project\capstone-project-26t2-9900-t17a-almond\input_sources\devign\07_codexglue_devign_4012.c,safe_source_substitution,3,3,generated,ran,False,1,1,0.8989209532737732,0.8233702182769775,-0.07555073499679565,698,722,24,1523,1574,51,C:\Users\weijt\Desktop\UNSW\COMP9900\project\capstone-project-26t2-9900-t17a-almond\outputs\generated\full_budget_search_20260717\devign\runs\baseline\07_codexglue_devign_4012,C:\Users\weijt\Desktop\UNSW\COMP9900\project\capstone-project-26t2-9900-t17a-almond\outputs\generated\full_budget_search_20260717\devign\runs\perturbed\07_codexglue_devign_4012__safe_source_substitution__c3,C:\Users\weijt\Desktop\UNSW\COMP9900\project\capstone-project-26t2-9900-t17a-almond\outputs\generated\full_budget_search_20260717\devign\sources\07_codexglue_devign_4012__safe_source_substitution__c3.c,replaced 3 nested pointer source expression(s) with guarded fallback expressions,
07_codexglue_devign_4012,C:\Users\weijt\Desktop\UNSW\COMP9900\project\capstone-project-26t2-9900-t17a-almond\input_sources\devign\07_codexglue_devign_4012.c,safe_source_substitution,5,4,partial,run_partial,False,1,1,0.8989209532737732,0.8233702182769775,-0.07555073499679565,698,730,32,1523,1589,66,C:\Users\weijt\Desktop\UNSW\COMP9900\project\capstone-project-26t2-9900-t17a-almond\outputs\generated\full_budget_search_20260717\devign\runs\baseline\07_codexglue_devign_4012,C:\Users\weijt\Desktop\UNSW\COMP9900\project\capstone-project-26t2-9900-t17a-almond\outputs\generated\full_budget_search_20260717\devign\runs\perturbed\07_codexglue_devign_4012__safe_source_substitution__c5,C:\Users\weijt\Desktop\UNSW\COMP9900\project\capstone-project-26t2-9900-t17a-almond\outputs\generated\full_budget_search_20260717\devign\sources\07_codexglue_devign_4012__safe_source_substitution__c5.c,replaced 4 nested pointer source expression(s) with guarded fallback expressions,
07_codexglue_devign_4012,C:\Users\weijt\Desktop\UNSW\COMP9900\project\capstone-project-26t2-9900-t17a-almond\input_sources\devign\07_codexglue_devign_4012.c,sink_bound_guard,1,0,skipped,ran,,,,,,,,,,,,,C:\Users\weijt\Desktop\UNSW\COMP9900\project\capstone-project-26t2-9900-t17a-almond\outputs\generated\full_budget_search_20260717\devign\runs\baseline\07_codexglue_devign_4012,,,no sensitive sink call found for bound guard insertion,
07_codexglue_devign_4012,C:\Users\weijt\Desktop\UNSW\COMP9900\project\capstone-project-26t2-9900-t17a-almond\input_sources\devign\07_codexglue_devign_4012.c,postcondition_validation,1,0,skipped,ran,,,,,,,,,,,,,C:\Users\weijt\Desktop\UNSW\COMP9900\project\capstone-project-26t2-9900-t17a-almond\outputs\generated\full_budget_search_20260717\devign\runs\baseline\07_codexglue_devign_4012,,,no matching *_count/*_read pair found for postcondition validation,
07_codexglue_devign_4012,C:\Users\weijt\Desktop\UNSW\COMP9900\project\capstone-project-26t2-9900-t17a-almond\input_sources\devign\07_codexglue_devign_4012.c,integer_overflow_guard,1,0,skipped,ran,,,,,,,,,,,,,C:\Users\weijt\Desktop\UNSW\COMP9900\project\capstone-project-26t2-9900-t17a-almond\outputs\generated\full_budget_search_20260717\devign\runs\baseline\07_codexglue_devign_4012,,,no allocation size addition or multiplication expression found,
07_codexglue_devign_4012,C:\Users\weijt\Desktop\UNSW\COMP9900\project\capstone-project-26t2-9900-t17a-almond\input_sources\devign\07_codexglue_devign_4012.c,array_index_bound_guard,1,1,generated,ran,False,1,1,0.8989209532737732,0.730539858341217,-0.16838109493255615,698,724,26,1523,1570,47,C:\Users\weijt\Desktop\UNSW\COMP9900\project\capstone-project-26t2-9900-t17a-almond\outputs\generated\full_budget_search_20260717\devign\runs\baseline\07_codexglue_devign_4012,C:\Users\weijt\Desktop\UNSW\COMP9900\project\capstone-project-26t2-9900-t17a-almond\outputs\generated\full_budget_search_20260717\devign\runs\perturbed\07_codexglue_devign_4012__array_index_bound_guard__c1,C:\Users\weijt\Desktop\UNSW\COMP9900\project\capstone-project-26t2-9900-t17a-almond\outputs\generated\full_budget_search_20260717\devign\sources\07_codexglue_devign_4012__array_index_bound_guard__c1.c,wrapped 1 array write(s) with index lower/upper bound guards,
07_codexglue_devign_4012,C:\Users\weijt\Desktop\UNSW\COMP9900\project\capstone-project-26t2-9900-t17a-almond\input_sources\devign\07_codexglue_devign_4012.c,array_index_bound_guard,2,2,generated,ran,False,1,1,0.8989209532737732,0.8390817046165466,-0.05983924865722656,698,750,52,1523,1621,98,C:\Users\weijt\Desktop\UNSW\COMP9900\project\capstone-project-26t2-9900-t17a-almond\outputs\generated\full_budget_search_20260717\devign\runs\baseline\07_codexglue_devign_4012,C:\Users\weijt\Desktop\UNSW\COMP9900\project\capstone-project-26t2-9900-t17a-almond\outputs\generated\full_budget_search_20260717\devign\runs\perturbed\07_codexglue_devign_4012__array_index_bound_guard__c2,C:\Users\weijt\Desktop\UNSW\COMP9900\project\capstone-project-26t2-9900-t17a-almond\outputs\generated\full_budget_search_20260717\devign\sources\07_codexglue_devign_4012__array_index_bound_guard__c2.c,wrapped 2 array write(s) with index lower/upper bound guards,
07_codexglue_devign_4012,C:\Users\weijt\Desktop\UNSW\COMP9900\project\capstone-project-26t2-9900-t17a-almond\input_sources\devign\07_codexglue_devign_4012.c,array_index_bound_guard,3,3,generated,ran,True,1,0,0.8989209532737732,0.06264189630746841,-0.8362790569663048,698,776,78,1523,1670,147,C:\Users\weijt\Desktop\UNSW\COMP9900\project\capstone-project-26t2-9900-t17a-almond\outputs\generated\full_budget_search_20260717\devign\runs\baseline\07_codexglue_devign_4012,C:\Users\weijt\Desktop\UNSW\COMP9900\project\capstone-project-26t2-9900-t17a-almond\outputs\generated\full_budget_search_20260717\devign\runs\perturbed\07_codexglue_devign_4012__array_index_bound_guard__c3,C:\Users\weijt\Desktop\UNSW\COMP9900\project\capstone-project-26t2-9900-t17a-almond\outputs\generated\full_budget_search_20260717\devign\sources\07_codexglue_devign_4012__array_index_bound_guard__c3.c,wrapped 3 array write(s) with index lower/upper bound guards,
07_codexglue_devign_4012,C:\Users\weijt\Desktop\UNSW\COMP9900\project\capstone-project-26t2-9900-t17a-almond\input_sources\devign\07_codexglue_devign_4012.c,wide_char_sink_guard,1,0,skipped,ran,,,,,,,,,,,,,C:\Users\weijt\Desktop\UNSW\COMP9900\project\capstone-project-26t2-9900-t17a-almond\outputs\generated\full_budget_search_20260717\devign\runs\baseline\07_codexglue_devign_4012,,,no wcscat/wcscpy wide-character sink found,
07_codexglue_devign_4012,C:\Users\weijt\Desktop\UNSW\COMP9900\project\capstone-project-26t2-9900-t17a-almond\input_sources\devign\07_codexglue_devign_4012.c,pattern_dead_code,1,1,generated,ran,False,1,1,0.8989209532737732,0.6041640043258667,-0.2947569489479065,698,753,55,1523,1624,101,C:\Users\weijt\Desktop\UNSW\COMP9900\project\capstone-project-26t2-9900-t17a-almond\outputs\generated\full_budget_search_20260717\devign\runs\baseline\07_codexglue_devign_4012,C:\Users\weijt\Desktop\UNSW\COMP9900\project\capstone-project-26t2-9900-t17a-almond\outputs\generated\full_budget_search_20260717\devign\runs\perturbed\07_codexglue_devign_4012__pattern_dead_code__c1,C:\Users\weijt\Desktop\UNSW\COMP9900\project\capstone-project-26t2-9900-t17a-almond\outputs\generated\full_budget_search_20260717\devign\sources\07_codexglue_devign_4012__pattern_dead_code__c1.c,inserted 1 unreachable pointer/array/length pattern block(s) near sensitive or structural lines,
07_codexglue_devign_4012,C:\Users\weijt\Desktop\UNSW\COMP9900\project\capstone-project-26t2-9900-t17a-almond\input_sources\devign\07_codexglue_devign_4012.c,pattern_dead_code,2,2,generated,ran,False,1,1,0.8989209532737732,0.9748386144638062,0.07591766119003296,698,808,110,1523,1725,202,C:\Users\weijt\Desktop\UNSW\COMP9900\project\capstone-project-26t2-9900-t17a-almond\outputs\generated\full_budget_search_20260717\devign\runs\baseline\07_codexglue_devign_4012,C:\Users\weijt\Desktop\UNSW\COMP9900\project\capstone-project-26t2-9900-t17a-almond\outputs\generated\full_budget_search_20260717\devign\runs\perturbed\07_codexglue_devign_4012__pattern_dead_code__c2,C:\Users\weijt\Desktop\UNSW\COMP9900\project\capstone-project-26t2-9900-t17a-almond\outputs\generated\full_budget_search_20260717\devign\sources\07_codexglue_devign_4012__pattern_dead_code__c2.c,inserted 2 unreachable pointer/array/length pattern block(s) near sensitive or structural lines,
07_codexglue_devign_4012,C:\Users\weijt\Desktop\UNSW\COMP9900\project\capstone-project-26t2-9900-t17a-almond\input_sources\devign\07_codexglue_devign_4012.c,pattern_dead_code,3,3,generated,ran,False,1,1,0.8989209532737732,0.7648332715034485,-0.1340876817703247,698,863,165,1523,1826,303,C:\Users\weijt\Desktop\UNSW\COMP9900\project\capstone-project-26t2-9900-t17a-almond\outputs\generated\full_budget_search_20260717\devign\runs\baseline\07_codexglue_devign_4012,C:\Users\weijt\Desktop\UNSW\COMP9900\project\capstone-project-26t2-9900-t17a-almond\outputs\generated\full_budget_search_20260717\devign\runs\perturbed\07_codexglue_devign_4012__pattern_dead_code__c3,C:\Users\weijt\Desktop\UNSW\COMP9900\project\capstone-project-26t2-9900-t17a-almond\outputs\generated\full_budget_search_20260717\devign\sources\07_codexglue_devign_4012__pattern_dead_code__c3.c,inserted 3 unreachable pointer/array/length pattern block(s) near sensitive or structural lines,
07_codexglue_devign_4012,C:\Users\weijt\Desktop\UNSW\COMP9900\project\capstone-project-26t2-9900-t17a-almond\input_sources\devign\07_codexglue_devign_4012.c,pattern_dead_code,5,5,generated,ran,False,1,1,0.8989209532737732,0.6041640043258667,-0.2947569489479065,698,973,275,1523,2028,505,C:\Users\weijt\Desktop\UNSW\COMP9900\project\capstone-project-26t2-9900-t17a-almond\outputs\generated\full_budget_search_20260717\devign\runs\baseline\07_codexglue_devign_4012,C:\Users\weijt\Desktop\UNSW\COMP9900\project\capstone-project-26t2-9900-t17a-almond\outputs\generated\full_budget_search_20260717\devign\runs\perturbed\07_codexglue_devign_4012__pattern_dead_code__c5,C:\Users\weijt\Desktop\UNSW\COMP9900\project\capstone-project-26t2-9900-t17a-almond\outputs\generated\full_budget_search_20260717\devign\sources\07_codexglue_devign_4012__pattern_dead_code__c5.c,inserted 5 unreachable pointer/array/length pattern block(s) near sensitive or structural lines,
07_codexglue_devign_4012,C:\Users\weijt\Desktop\UNSW\COMP9900\project\capstone-project-26t2-9900-t17a-almond\input_sources\devign\07_codexglue_devign_4012.c,control_wrapper,1,1,generated,ran,False,1,1,0.8989209532737732,0.8047762513160706,-0.09414470195770264,698,702,4,1523,1532,9,C:\Users\weijt\Desktop\UNSW\COMP9900\project\capstone-project-26t2-9900-t17a-almond\outputs\generated\full_budget_search_20260717\devign\runs\baseline\07_codexglue_devign_4012,C:\Users\weijt\Desktop\UNSW\COMP9900\project\capstone-project-26t2-9900-t17a-almond\outputs\generated\full_budget_search_20260717\devign\runs\perturbed\07_codexglue_devign_4012__control_wrapper__c1,C:\Users\weijt\Desktop\UNSW\COMP9900\project\capstone-project-26t2-9900-t17a-almond\outputs\generated\full_budget_search_20260717\devign\sources\07_codexglue_devign_4012__control_wrapper__c1.c,wrapped 1 safe single-line statement(s) with if (1) blocks,
07_codexglue_devign_4012,C:\Users\weijt\Desktop\UNSW\COMP9900\project\capstone-project-26t2-9900-t17a-almond\input_sources\devign\07_codexglue_devign_4012.c,control_wrapper,2,2,generated,ran,True,1,0,0.8989209532737732,0.16176246106624603,-0.7371584922075272,698,706,8,1523,1543,20,C:\Users\weijt\Desktop\UNSW\COMP9900\project\capstone-project-26t2-9900-t17a-almond\outputs\generated\full_budget_search_20260717\devign\runs\baseline\07_codexglue_devign_4012,C:\Users\weijt\Desktop\UNSW\COMP9900\project\capstone-project-26t2-9900-t17a-almond\outputs\generated\full_budget_search_20260717\devign\runs\perturbed\07_codexglue_devign_4012__control_wrapper__c2,C:\Users\weijt\Desktop\UNSW\COMP9900\project\capstone-project-26t2-9900-t17a-almond\outputs\generated\full_budget_search_20260717\devign\sources\07_codexglue_devign_4012__control_wrapper__c2.c,wrapped 2 safe single-line statement(s) with if (1) blocks,
07_codexglue_devign_4012,C:\Users\weijt\Desktop\UNSW\COMP9900\project\capstone-project-26t2-9900-t17a-almond\input_sources\devign\07_codexglue_devign_4012.c,temp_variable_split,1,0,skipped,ran,,,,,,,,,,,,,C:\Users\weijt\Desktop\UNSW\COMP9900\project\capstone-project-26t2-9900-t17a-almond\outputs\generated\full_budget_search_20260717\devign\runs\baseline\07_codexglue_devign_4012,,,no simple integer-like assignment candidate found,
08_codexglue_devign_17947,C:\Users\weijt\Desktop\UNSW\COMP9900\project\capstone-project-26t2-9900-t17a-almond\input_sources\devign\08_codexglue_devign_17947.c,data_flow_alias,1,1,generated,ran,False,0,0,1.5069810288537155e-08,2.5665970682098305e-08,1.059616039356115e-08,263,279,16,536,574,38,C:\Users\weijt\Desktop\UNSW\COMP9900\project\capstone-project-26t2-9900-t17a-almond\outputs\generated\full_budget_search_20260717\devign\runs\baseline\08_codexglue_devign_17947,C:\Users\weijt\Desktop\UNSW\COMP9900\project\capstone-project-26t2-9900-t17a-almond\outputs\generated\full_budget_search_20260717\devign\runs\perturbed\08_codexglue_devign_17947__data_flow_alias__c1,C:\Users\weijt\Desktop\UNSW\COMP9900\project\capstone-project-26t2-9900-t17a-almond\outputs\generated\full_budget_search_20260717\devign\sources\08_codexglue_devign_17947__data_flow_alias__c1.c,inserted 1 alias-preserving data-flow no-op(s) near call arguments,
08_codexglue_devign_17947,C:\Users\weijt\Desktop\UNSW\COMP9900\project\capstone-project-26t2-9900-t17a-almond\input_sources\devign\08_codexglue_devign_17947.c,data_flow_alias,2,2,generated,ran,False,0,0,1.5069810288537155e-08,1.1407247484385152e-06,1.125654938149978e-06,263,299,36,536,612,76,C:\Users\weijt\Desktop\UNSW\COMP9900\project\capstone-project-26t2-9900-t17a-almond\outputs\generated\full_budget_search_20260717\devign\runs\baseline\08_codexglue_devign_17947,C:\Users\weijt\Desktop\UNSW\COMP9900\project\capstone-project-26t2-9900-t17a-almond\outputs\generated\full_budget_search_20260717\devign\runs\perturbed\08_codexglue_devign_17947__data_flow_alias__c2,C:\Users\weijt\Desktop\UNSW\COMP9900\project\capstone-project-26t2-9900-t17a-almond\outputs\generated\full_budget_search_20260717\devign\sources\08_codexglue_devign_17947__data_flow_alias__c2.c,inserted 2 alias-preserving data-flow no-op(s) near call arguments,
08_codexglue_devign_17947,C:\Users\weijt\Desktop\UNSW\COMP9900\project\capstone-project-26t2-9900-t17a-almond\input_sources\devign\08_codexglue_devign_17947.c,data_flow_alias,3,3,generated,ran,False,0,0,1.5069810288537155e-08,2.226657852588687e-05,2.2251508715598334e-05,263,319,56,536,650,114,C:\Users\weijt\Desktop\UNSW\COMP9900\project\capstone-project-26t2-9900-t17a-almond\outputs\generated\full_budget_search_20260717\devign\runs\baseline\08_codexglue_devign_17947,C:\Users\weijt\Desktop\UNSW\COMP9900\project\capstone-project-26t2-9900-t17a-almond\outputs\generated\full_budget_search_20260717\devign\runs\perturbed\08_codexglue_devign_17947__data_flow_alias__c3,C:\Users\weijt\Desktop\UNSW\COMP9900\project\capstone-project-26t2-9900-t17a-almond\outputs\generated\full_budget_search_20260717\devign\sources\08_codexglue_devign_17947__data_flow_alias__c3.c,inserted 3 alias-preserving data-flow no-op(s) near call arguments,
08_codexglue_devign_17947,C:\Users\weijt\Desktop\UNSW\COMP9900\project\capstone-project-26t2-9900-t17a-almond\input_sources\devign\08_codexglue_devign_17947.c,data_flow_alias,5,5,generated,ran,False,0,0,1.5069810288537155e-08,2.226657852588687e-05,2.2251508715598334e-05,263,359,96,536,740,204,C:\Users\weijt\Desktop\UNSW\COMP9900\project\capstone-project-26t2-9900-t17a-almond\outputs\generated\full_budget_search_20260717\devign\runs\baseline\08_codexglue_devign_17947,C:\Users\weijt\Desktop\UNSW\COMP9900\project\capstone-project-26t2-9900-t17a-almond\outputs\generated\full_budget_search_20260717\devign\runs\perturbed\08_codexglue_devign_17947__data_flow_alias__c5,C:\Users\weijt\Desktop\UNSW\COMP9900\project\capstone-project-26t2-9900-t17a-almond\outputs\generated\full_budget_search_20260717\devign\sources\08_codexglue_devign_17947__data_flow_alias__c5.c,inserted 5 alias-preserving data-flow no-op(s) near call arguments,
08_codexglue_devign_17947,C:\Users\weijt\Desktop\UNSW\COMP9900\project\capstone-project-26t2-9900-t17a-almond\input_sources\devign\08_codexglue_devign_17947.c,dead_statement,1,1,generated,ran,False,0,0,1.5069810288537155e-08,1.7080827419135858e-08,2.0110171305987024e-09,263,275,12,536,563,27,C:\Users\weijt\Desktop\UNSW\COMP9900\project\capstone-project-26t2-9900-t17a-almond\outputs\generated\full_budget_search_20260717\devign\runs\baseline\08_codexglue_devign_17947,C:\Users\weijt\Desktop\UNSW\COMP9900\project\capstone-project-26t2-9900-t17a-almond\outputs\generated\full_budget_search_20260717\devign\runs\perturbed\08_codexglue_devign_17947__dead_statement__c1,C:\Users\weijt\Desktop\UNSW\COMP9900\project\capstone-project-26t2-9900-t17a-almond\outputs\generated\full_budget_search_20260717\devign\sources\08_codexglue_devign_17947__dead_statement__c1.c,inserted 1 harmless dummy integer statement pair(s) after first function brace,
08_codexglue_devign_17947,C:\Users\weijt\Desktop\UNSW\COMP9900\project\capstone-project-26t2-9900-t17a-almond\input_sources\devign\08_codexglue_devign_17947.c,dead_statement,2,2,generated,ran,False,0,0,1.5069810288537155e-08,1.4772027157050616e-07,1.32650461281969e-07,263,287,24,536,590,54,C:\Users\weijt\Desktop\UNSW\COMP9900\project\capstone-project-26t2-9900-t17a-almond\outputs\generated\full_budget_search_20260717\devign\runs\baseline\08_codexglue_devign_17947,C:\Users\weijt\Desktop\UNSW\COMP9900\project\capstone-project-26t2-9900-t17a-almond\outputs\generated\full_budget_search_20260717\devign\runs\perturbed\08_codexglue_devign_17947__dead_statement__c2,C:\Users\weijt\Desktop\UNSW\COMP9900\project\capstone-project-26t2-9900-t17a-almond\outputs\generated\full_budget_search_20260717\devign\sources\08_codexglue_devign_17947__dead_statement__c2.c,inserted 2 harmless dummy integer statement pair(s) after first function brace,
08_codexglue_devign_17947,C:\Users\weijt\Desktop\UNSW\COMP9900\project\capstone-project-26t2-9900-t17a-almond\input_sources\devign\08_codexglue_devign_17947.c,dead_statement,3,3,generated,ran,False,0,0,1.5069810288537155e-08,1.4772027157050616e-07,1.32650461281969e-07,263,299,36,536,617,81,C:\Users\weijt\Desktop\UNSW\COMP9900\project\capstone-project-26t2-9900-t17a-almond\outputs\generated\full_budget_search_20260717\devign\runs\baseline\08_codexglue_devign_17947,C:\Users\weijt\Desktop\UNSW\COMP9900\project\capstone-project-26t2-9900-t17a-almond\outputs\generated\full_budget_search_20260717\devign\runs\perturbed\08_codexglue_devign_17947__dead_statement__c3,C:\Users\weijt\Desktop\UNSW\COMP9900\project\capstone-project-26t2-9900-t17a-almond\outputs\generated\full_budget_search_20260717\devign\sources\08_codexglue_devign_17947__dead_statement__c3.c,inserted 3 harmless dummy integer statement pair(s) after first function brace,
08_codexglue_devign_17947,C:\Users\weijt\Desktop\UNSW\COMP9900\project\capstone-project-26t2-9900-t17a-almond\input_sources\devign\08_codexglue_devign_17947.c,dead_statement,5,5,generated,ran,False,0,0,1.5069810288537155e-08,2.703070478560221e-08,1.1960894497065055e-08,263,323,60,536,671,135,C:\Users\weijt\Desktop\UNSW\COMP9900\project\capstone-project-26t2-9900-t17a-almond\outputs\generated\full_budget_search_20260717\devign\runs\baseline\08_codexglue_devign_17947,C:\Users\weijt\Desktop\UNSW\COMP9900\project\capstone-project-26t2-9900-t17a-almond\outputs\generated\full_budget_search_20260717\devign\runs\perturbed\08_codexglue_devign_17947__dead_statement__c5,C:\Users\weijt\Desktop\UNSW\COMP9900\project\capstone-project-26t2-9900-t17a-almond\outputs\generated\full_budget_search_20260717\devign\sources\08_codexglue_devign_17947__dead_statement__c5.c,inserted 5 harmless dummy integer statement pair(s) after first function brace,
08_codexglue_devign_17947,C:\Users\weijt\Desktop\UNSW\COMP9900\project\capstone-project-26t2-9900-t17a-almond\input_sources\devign\08_codexglue_devign_17947.c,xfg_targeted_dead_code,1,1,generated,ran,False,0,0,1.5069810288537155e-08,1.4772027157050616e-07,1.32650461281969e-07,263,279,16,536,572,36,C:\Users\weijt\Desktop\UNSW\COMP9900\project\capstone-project-26t2-9900-t17a-almond\outputs\generated\full_budget_search_20260717\devign\runs\baseline\08_codexglue_devign_17947,C:\Users\weijt\Desktop\UNSW\COMP9900\project\capstone-project-26t2-9900-t17a-almond\outputs\generated\full_budget_search_20260717\devign\runs\perturbed\08_codexglue_devign_17947__xfg_targeted_dead_code__c1,C:\Users\weijt\Desktop\UNSW\COMP9900\project\capstone-project-26t2-9900-t17a-almond\outputs\generated\full_budget_search_20260717\devign\sources\08_codexglue_devign_17947__xfg_targeted_dead_code__c1.c,inserted 1 unreachable no-op block(s) near XFG-relevant target lines,
08_codexglue_devign_17947,C:\Users\weijt\Desktop\UNSW\COMP9900\project\capstone-project-26t2-9900-t17a-almond\input_sources\devign\08_codexglue_devign_17947.c,xfg_targeted_dead_code,2,2,generated,ran,False,0,0,1.5069810288537155e-08,1.4772027157050616e-07,1.32650461281969e-07,263,295,32,536,608,72,C:\Users\weijt\Desktop\UNSW\COMP9900\project\capstone-project-26t2-9900-t17a-almond\outputs\generated\full_budget_search_20260717\devign\runs\baseline\08_codexglue_devign_17947,C:\Users\weijt\Desktop\UNSW\COMP9900\project\capstone-project-26t2-9900-t17a-almond\outputs\generated\full_budget_search_20260717\devign\runs\perturbed\08_codexglue_devign_17947__xfg_targeted_dead_code__c2,C:\Users\weijt\Desktop\UNSW\COMP9900\project\capstone-project-26t2-9900-t17a-almond\outputs\generated\full_budget_search_20260717\devign\sources\08_codexglue_devign_17947__xfg_targeted_dead_code__c2.c,inserted 2 unreachable no-op block(s) near XFG-relevant target lines,
08_codexglue_devign_17947,C:\Users\weijt\Desktop\UNSW\COMP9900\project\capstone-project-26t2-9900-t17a-almond\input_sources\devign\08_codexglue_devign_17947.c,xfg_targeted_dead_code,3,3,generated,ran,False,0,0,1.5069810288537155e-08,1.1146406819761978e-07,9.639425790908263e-08,263,311,48,536,644,108,C:\Users\weijt\Desktop\UNSW\COMP9900\project\capstone-project-26t2-9900-t17a-almond\outputs\generated\full_budget_search_20260717\devign\runs\baseline\08_codexglue_devign_17947,C:\Users\weijt\Desktop\UNSW\COMP9900\project\capstone-project-26t2-9900-t17a-almond\outputs\generated\full_budget_search_20260717\devign\runs\perturbed\08_codexglue_devign_17947__xfg_targeted_dead_code__c3,C:\Users\weijt\Desktop\UNSW\COMP9900\project\capstone-project-26t2-9900-t17a-almond\outputs\generated\full_budget_search_20260717\devign\sources\08_codexglue_devign_17947__xfg_targeted_dead_code__c3.c,inserted 3 unreachable no-op block(s) near XFG-relevant target lines,
08_codexglue_devign_17947,C:\Users\weijt\Desktop\UNSW\COMP9900\project\capstone-project-26t2-9900-t17a-almond\input_sources\devign\08_codexglue_devign_17947.c,xfg_targeted_dead_code,5,5,generated,ran,False,0,0,1.5069810288537155e-08,1.7138262364824186e-08,2.0684520762870306e-09,263,343,80,536,716,180,C:\Users\weijt\Desktop\UNSW\COMP9900\project\capstone-project-26t2-9900-t17a-almond\outputs\generated\full_budget_search_20260717\devign\runs\baseline\08_codexglue_devign_17947,C:\Users\weijt\Desktop\UNSW\COMP9900\project\capstone-project-26t2-9900-t17a-almond\outputs\generated\full_budget_search_20260717\devign\runs\perturbed\08_codexglue_devign_17947__xfg_targeted_dead_code__c5,C:\Users\weijt\Desktop\UNSW\COMP9900\project\capstone-project-26t2-9900-t17a-almond\outputs\generated\full_budget_search_20260717\devign\sources\08_codexglue_devign_17947__xfg_targeted_dead_code__c5.c,inserted 5 unreachable no-op block(s) near XFG-relevant target lines,
08_codexglue_devign_17947,C:\Users\weijt\Desktop\UNSW\COMP9900\project\capstone-project-26t2-9900-t17a-almond\input_sources\devign\08_codexglue_devign_17947.c,range_clamp,1,1,generated,ran,False,0,0,1.5069810288537155e-08,1.1985449077656085e-08,-3.0843612108810703e-09,263,293,30,536,606,70,C:\Users\weijt\Desktop\UNSW\COMP9900\project\capstone-project-26t2-9900-t17a-almond\outputs\generated\full_budget_search_20260717\devign\runs\baseline\08_codexglue_devign_17947,C:\Users\weijt\Desktop\UNSW\COMP9900\project\capstone-project-26t2-9900-t17a-almond\outputs\generated\full_budget_search_20260717\devign\runs\perturbed\08_codexglue_devign_17947__range_clamp__c1,C:\Users\weijt\Desktop\UNSW\COMP9900\project\capstone-project-26t2-9900-t17a-almond\outputs\generated\full_budget_search_20260717\devign\sources\08_codexglue_devign_17947__range_clamp__c1.c,clamped 1 sensitive sink size/count argument(s) through bounded local variables,
08_codexglue_devign_17947,C:\Users\weijt\Desktop\UNSW\COMP9900\project\capstone-project-26t2-9900-t17a-almond\input_sources\devign\08_codexglue_devign_17947.c,range_clamp,2,1,partial,run_partial,False,0,0,1.5069810288537155e-08,1.1985449077656085e-08,-3.0843612108810703e-09,263,293,30,536,606,70,C:\Users\weijt\Desktop\UNSW\COMP9900\project\capstone-project-26t2-9900-t17a-almond\outputs\generated\full_budget_search_20260717\devign\runs\baseline\08_codexglue_devign_17947,C:\Users\weijt\Desktop\UNSW\COMP9900\project\capstone-project-26t2-9900-t17a-almond\outputs\generated\full_budget_search_20260717\devign\runs\perturbed\08_codexglue_devign_17947__range_clamp__c2,C:\Users\weijt\Desktop\UNSW\COMP9900\project\capstone-project-26t2-9900-t17a-almond\outputs\generated\full_budget_search_20260717\devign\sources\08_codexglue_devign_17947__range_clamp__c2.c,clamped 1 sensitive sink size/count argument(s) through bounded local variables,
08_codexglue_devign_17947,C:\Users\weijt\Desktop\UNSW\COMP9900\project\capstone-project-26t2-9900-t17a-almond\input_sources\devign\08_codexglue_devign_17947.c,safe_source_substitution,1,1,generated,ran,False,0,0,1.5069810288537155e-08,1.5069810288537155e-08,0.0,263,271,8,536,551,15,C:\Users\weijt\Desktop\UNSW\COMP9900\project\capstone-project-26t2-9900-t17a-almond\outputs\generated\full_budget_search_20260717\devign\runs\baseline\08_codexglue_devign_17947,C:\Users\weijt\Desktop\UNSW\COMP9900\project\capstone-project-26t2-9900-t17a-almond\outputs\generated\full_budget_search_20260717\devign\runs\perturbed\08_codexglue_devign_17947__safe_source_substitution__c1,C:\Users\weijt\Desktop\UNSW\COMP9900\project\capstone-project-26t2-9900-t17a-almond\outputs\generated\full_budget_search_20260717\devign\sources\08_codexglue_devign_17947__safe_source_substitution__c1.c,replaced 1 nested pointer source expression(s) with guarded fallback expressions,
08_codexglue_devign_17947,C:\Users\weijt\Desktop\UNSW\COMP9900\project\capstone-project-26t2-9900-t17a-almond\input_sources\devign\08_codexglue_devign_17947.c,safe_source_substitution,2,2,generated,ran,False,0,0,1.5069810288537155e-08,9.94310633828377e-10,-1.4075499654708779e-08,263,279,16,536,566,30,C:\Users\weijt\Desktop\UNSW\COMP9900\project\capstone-project-26t2-9900-t17a-almond\outputs\generated\full_budget_search_20260717\devign\runs\baseline\08_codexglue_devign_17947,C:\Users\weijt\Desktop\UNSW\COMP9900\project\capstone-project-26t2-9900-t17a-almond\outputs\generated\full_budget_search_20260717\devign\runs\perturbed\08_codexglue_devign_17947__safe_source_substitution__c2,C:\Users\weijt\Desktop\UNSW\COMP9900\project\capstone-project-26t2-9900-t17a-almond\outputs\generated\full_budget_search_20260717\devign\sources\08_codexglue_devign_17947__safe_source_substitution__c2.c,replaced 2 nested pointer source expression(s) with guarded fallback expressions,
08_codexglue_devign_17947,C:\Users\weijt\Desktop\UNSW\COMP9900\project\capstone-project-26t2-9900-t17a-almond\input_sources\devign\08_codexglue_devign_17947.c,safe_source_substitution,3,3,generated,ran,False,0,0,1.5069810288537155e-08,9.94310633828377e-10,-1.4075499654708779e-08,263,287,24,536,581,45,C:\Users\weijt\Desktop\UNSW\COMP9900\project\capstone-project-26t2-9900-t17a-almond\outputs\generated\full_budget_search_20260717\devign\runs\baseline\08_codexglue_devign_17947,C:\Users\weijt\Desktop\UNSW\COMP9900\project\capstone-project-26t2-9900-t17a-almond\outputs\generated\full_budget_search_20260717\devign\runs\perturbed\08_codexglue_devign_17947__safe_source_substitution__c3,C:\Users\weijt\Desktop\UNSW\COMP9900\project\capstone-project-26t2-9900-t17a-almond\outputs\generated\full_budget_search_20260717\devign\sources\08_codexglue_devign_17947__safe_source_substitution__c3.c,replaced 3 nested pointer source expression(s) with guarded fallback expressions,
08_codexglue_devign_17947,C:\Users\weijt\Desktop\UNSW\COMP9900\project\capstone-project-26t2-9900-t17a-almond\input_sources\devign\08_codexglue_devign_17947.c,safe_source_substitution,5,5,generated,ran,False,0,0,1.5069810288537155e-08,9.94310633828377e-10,-1.4075499654708779e-08,263,303,40,536,620,84,C:\Users\weijt\Desktop\UNSW\COMP9900\project\capstone-project-26t2-9900-t17a-almond\outputs\generated\full_budget_search_20260717\devign\runs\baseline\08_codexglue_devign_17947,C:\Users\weijt\Desktop\UNSW\COMP9900\project\capstone-project-26t2-9900-t17a-almond\outputs\generated\full_budget_search_20260717\devign\runs\perturbed\08_codexglue_devign_17947__safe_source_substitution__c5,C:\Users\weijt\Desktop\UNSW\COMP9900\project\capstone-project-26t2-9900-t17a-almond\outputs\generated\full_budget_search_20260717\devign\sources\08_codexglue_devign_17947__safe_source_substitution__c5.c,replaced 5 nested pointer source expression(s) with guarded fallback expressions,
08_codexglue_devign_17947,C:\Users\weijt\Desktop\UNSW\COMP9900\project\capstone-project-26t2-9900-t17a-almond\input_sources\devign\08_codexglue_devign_17947.c,sink_bound_guard,1,1,generated,ran,False,0,0,1.5069810288537155e-08,1.36932229111153e-07,1.2186241882261584e-07,263,275,12,536,561,25,C:\Users\weijt\Desktop\UNSW\COMP9900\project\capstone-project-26t2-9900-t17a-almond\outputs\generated\full_budget_search_20260717\devign\runs\baseline\08_codexglue_devign_17947,C:\Users\weijt\Desktop\UNSW\COMP9900\project\capstone-project-26t2-9900-t17a-almond\outputs\generated\full_budget_search_20260717\devign\runs\perturbed\08_codexglue_devign_17947__sink_bound_guard__c1,C:\Users\weijt\Desktop\UNSW\COMP9900\project\capstone-project-26t2-9900-t17a-almond\outputs\generated\full_budget_search_20260717\devign\sources\08_codexglue_devign_17947__sink_bound_guard__c1.c,inserted 1 early-return bound guard(s) before sensitive sink calls,
08_codexglue_devign_17947,C:\Users\weijt\Desktop\UNSW\COMP9900\project\capstone-project-26t2-9900-t17a-almond\input_sources\devign\08_codexglue_devign_17947.c,sink_bound_guard,2,1,partial,run_partial,False,0,0,1.5069810288537155e-08,1.36932229111153e-07,1.2186241882261584e-07,263,275,12,536,561,25,C:\Users\weijt\Desktop\UNSW\COMP9900\project\capstone-project-26t2-9900-t17a-almond\outputs\generated\full_budget_search_20260717\devign\runs\baseline\08_codexglue_devign_17947,C:\Users\weijt\Desktop\UNSW\COMP9900\project\capstone-project-26t2-9900-t17a-almond\outputs\generated\full_budget_search_20260717\devign\runs\perturbed\08_codexglue_devign_17947__sink_bound_guard__c2,C:\Users\weijt\Desktop\UNSW\COMP9900\project\capstone-project-26t2-9900-t17a-almond\outputs\generated\full_budget_search_20260717\devign\sources\08_codexglue_devign_17947__sink_bound_guard__c2.c,inserted 1 early-return bound guard(s) before sensitive sink calls,
08_codexglue_devign_17947,C:\Users\weijt\Desktop\UNSW\COMP9900\project\capstone-project-26t2-9900-t17a-almond\input_sources\devign\08_codexglue_devign_17947.c,postcondition_validation,1,0,skipped,ran,,,,,,,,,,,,,C:\Users\weijt\Desktop\UNSW\COMP9900\project\capstone-project-26t2-9900-t17a-almond\outputs\generated\full_budget_search_20260717\devign\runs\baseline\08_codexglue_devign_17947,,,no matching *_count/*_read pair found for postcondition validation,
08_codexglue_devign_17947,C:\Users\weijt\Desktop\UNSW\COMP9900\project\capstone-project-26t2-9900-t17a-almond\input_sources\devign\08_codexglue_devign_17947.c,integer_overflow_guard,1,0,skipped,ran,,,,,,,,,,,,,C:\Users\weijt\Desktop\UNSW\COMP9900\project\capstone-project-26t2-9900-t17a-almond\outputs\generated\full_budget_search_20260717\devign\runs\baseline\08_codexglue_devign_17947,,,no allocation size addition or multiplication expression found,
08_codexglue_devign_17947,C:\Users\weijt\Desktop\UNSW\COMP9900\project\capstone-project-26t2-9900-t17a-almond\input_sources\devign\08_codexglue_devign_17947.c,array_index_bound_guard,1,0,skipped,ran,,,,,,,,,,,,,C:\Users\weijt\Desktop\UNSW\COMP9900\project\capstone-project-26t2-9900-t17a-almond\outputs\generated\full_budget_search_20260717\devign\runs\baseline\08_codexglue_devign_17947,,,no array write found for index bound guard,
08_codexglue_devign_17947,C:\Users\weijt\Desktop\UNSW\COMP9900\project\capstone-project-26t2-9900-t17a-almond\input_sources\devign\08_codexglue_devign_17947.c,wide_char_sink_guard,1,0,skipped,ran,,,,,,,,,,,,,C:\Users\weijt\Desktop\UNSW\COMP9900\project\capstone-project-26t2-9900-t17a-almond\outputs\generated\full_budget_search_20260717\devign\runs\baseline\08_codexglue_devign_17947,,,no wcscat/wcscpy wide-character sink found,
08_codexglue_devign_17947,C:\Users\weijt\Desktop\UNSW\COMP9900\project\capstone-project-26t2-9900-t17a-almond\input_sources\devign\08_codexglue_devign_17947.c,pattern_dead_code,1,1,generated,ran,False,0,0,1.5069810288537155e-08,8.059164247242734e-05,8.05765726621388e-05,263,318,55,536,637,101,C:\Users\weijt\Desktop\UNSW\COMP9900\project\capstone-project-26t2-9900-t17a-almond\outputs\generated\full_budget_search_20260717\devign\runs\baseline\08_codexglue_devign_17947,C:\Users\weijt\Desktop\UNSW\COMP9900\project\capstone-project-26t2-9900-t17a-almond\outputs\generated\full_budget_search_20260717\devign\runs\perturbed\08_codexglue_devign_17947__pattern_dead_code__c1,C:\Users\weijt\Desktop\UNSW\COMP9900\project\capstone-project-26t2-9900-t17a-almond\outputs\generated\full_budget_search_20260717\devign\sources\08_codexglue_devign_17947__pattern_dead_code__c1.c,inserted 1 unreachable pointer/array/length pattern block(s) near sensitive or structural lines,
08_codexglue_devign_17947,C:\Users\weijt\Desktop\UNSW\COMP9900\project\capstone-project-26t2-9900-t17a-almond\input_sources\devign\08_codexglue_devign_17947.c,pattern_dead_code,2,2,generated,ran,False,0,0,1.5069810288537155e-08,8.059164247242734e-05,8.05765726621388e-05,263,373,110,536,738,202,C:\Users\weijt\Desktop\UNSW\COMP9900\project\capstone-project-26t2-9900-t17a-almond\outputs\generated\full_budget_search_20260717\devign\runs\baseline\08_codexglue_devign_17947,C:\Users\weijt\Desktop\UNSW\COMP9900\project\capstone-project-26t2-9900-t17a-almond\outputs\generated\full_budget_search_20260717\devign\runs\perturbed\08_codexglue_devign_17947__pattern_dead_code__c2,C:\Users\weijt\Desktop\UNSW\COMP9900\project\capstone-project-26t2-9900-t17a-almond\outputs\generated\full_budget_search_20260717\devign\sources\08_codexglue_devign_17947__pattern_dead_code__c2.c,inserted 2 unreachable pointer/array/length pattern block(s) near sensitive or structural lines,
08_codexglue_devign_17947,C:\Users\weijt\Desktop\UNSW\COMP9900\project\capstone-project-26t2-9900-t17a-almond\input_sources\devign\08_codexglue_devign_17947.c,pattern_dead_code,3,3,generated,ran,False,0,0,1.5069810288537155e-08,8.059164247242734e-05,8.05765726621388e-05,263,428,165,536,839,303,C:\Users\weijt\Desktop\UNSW\COMP9900\project\capstone-project-26t2-9900-t17a-almond\outputs\generated\full_budget_search_20260717\devign\runs\baseline\08_codexglue_devign_17947,C:\Users\weijt\Desktop\UNSW\COMP9900\project\capstone-project-26t2-9900-t17a-almond\outputs\generated\full_budget_search_20260717\devign\runs\perturbed\08_codexglue_devign_17947__pattern_dead_code__c3,C:\Users\weijt\Desktop\UNSW\COMP9900\project\capstone-project-26t2-9900-t17a-almond\outputs\generated\full_budget_search_20260717\devign\sources\08_codexglue_devign_17947__pattern_dead_code__c3.c,inserted 3 unreachable pointer/array/length pattern block(s) near sensitive or structural lines,
08_codexglue_devign_17947,C:\Users\weijt\Desktop\UNSW\COMP9900\project\capstone-project-26t2-9900-t17a-almond\input_sources\devign\08_codexglue_devign_17947.c,pattern_dead_code,5,5,generated,ran,False,0,0,1.5069810288537155e-08,8.059164247242734e-05,8.05765726621388e-05,263,538,275,536,1041,505,C:\Users\weijt\Desktop\UNSW\COMP9900\project\capstone-project-26t2-9900-t17a-almond\outputs\generated\full_budget_search_20260717\devign\runs\baseline\08_codexglue_devign_17947,C:\Users\weijt\Desktop\UNSW\COMP9900\project\capstone-project-26t2-9900-t17a-almond\outputs\generated\full_budget_search_20260717\devign\runs\perturbed\08_codexglue_devign_17947__pattern_dead_code__c5,C:\Users\weijt\Desktop\UNSW\COMP9900\project\capstone-project-26t2-9900-t17a-almond\outputs\generated\full_budget_search_20260717\devign\sources\08_codexglue_devign_17947__pattern_dead_code__c5.c,inserted 5 unreachable pointer/array/length pattern block(s) near sensitive or structural lines,
08_codexglue_devign_17947,C:\Users\weijt\Desktop\UNSW\COMP9900\project\capstone-project-26t2-9900-t17a-almond\input_sources\devign\08_codexglue_devign_17947.c,control_wrapper,1,1,generated,ran,False,0,0,1.5069810288537155e-08,2.974183814785647e-07,2.8234857119002754e-07,263,267,4,536,546,10,C:\Users\weijt\Desktop\UNSW\COMP9900\project\capstone-project-26t2-9900-t17a-almond\outputs\generated\full_budget_search_20260717\devign\runs\baseline\08_codexglue_devign_17947,C:\Users\weijt\Desktop\UNSW\COMP9900\project\capstone-project-26t2-9900-t17a-almond\outputs\generated\full_budget_search_20260717\devign\runs\perturbed\08_codexglue_devign_17947__control_wrapper__c1,C:\Users\weijt\Desktop\UNSW\COMP9900\project\capstone-project-26t2-9900-t17a-almond\outputs\generated\full_budget_search_20260717\devign\sources\08_codexglue_devign_17947__control_wrapper__c1.c,wrapped 1 safe single-line statement(s) with if (1) blocks,
08_codexglue_devign_17947,C:\Users\weijt\Desktop\UNSW\COMP9900\project\capstone-project-26t2-9900-t17a-almond\input_sources\devign\08_codexglue_devign_17947.c,control_wrapper,2,2,generated,ran,False,0,0,1.5069810288537155e-08,1.3978788047097623e-05,1.3963718236809086e-05,263,271,8,536,557,21,C:\Users\weijt\Desktop\UNSW\COMP9900\project\capstone-project-26t2-9900-t17a-almond\outputs\generated\full_budget_search_20260717\devign\runs\baseline\08_codexglue_devign_17947,C:\Users\weijt\Desktop\UNSW\COMP9900\project\capstone-project-26t2-9900-t17a-almond\outputs\generated\full_budget_search_20260717\devign\runs\perturbed\08_codexglue_devign_17947__control_wrapper__c2,C:\Users\weijt\Desktop\UNSW\COMP9900\project\capstone-project-26t2-9900-t17a-almond\outputs\generated\full_budget_search_20260717\devign\sources\08_codexglue_devign_17947__control_wrapper__c2.c,wrapped 2 safe single-line statement(s) with if (1) blocks,
08_codexglue_devign_17947,C:\Users\weijt\Desktop\UNSW\COMP9900\project\capstone-project-26t2-9900-t17a-almond\input_sources\devign\08_codexglue_devign_17947.c,control_wrapper,3,3,generated,ran,False,0,0,1.5069810288537155e-08,7.832742267055437e-05,7.831235286026583e-05,263,275,12,536,570,34,C:\Users\weijt\Desktop\UNSW\COMP9900\project\capstone-project-26t2-9900-t17a-almond\outputs\generated\full_budget_search_20260717\devign\runs\baseline\08_codexglue_devign_17947,C:\Users\weijt\Desktop\UNSW\COMP9900\project\capstone-project-26t2-9900-t17a-almond\outputs\generated\full_budget_search_20260717\devign\runs\perturbed\08_codexglue_devign_17947__control_wrapper__c3,C:\Users\weijt\Desktop\UNSW\COMP9900\project\capstone-project-26t2-9900-t17a-almond\outputs\generated\full_budget_search_20260717\devign\sources\08_codexglue_devign_17947__control_wrapper__c3.c,wrapped 3 safe single-line statement(s) with if (1) blocks,
08_codexglue_devign_17947,C:\Users\weijt\Desktop\UNSW\COMP9900\project\capstone-project-26t2-9900-t17a-almond\input_sources\devign\08_codexglue_devign_17947.c,control_wrapper,5,5,generated,ran,False,0,0,1.5069810288537155e-08,9.511413372820243e-05,9.50990639179139e-05,263,283,20,536,588,52,C:\Users\weijt\Desktop\UNSW\COMP9900\project\capstone-project-26t2-9900-t17a-almond\outputs\generated\full_budget_search_20260717\devign\runs\baseline\08_codexglue_devign_17947,C:\Users\weijt\Desktop\UNSW\COMP9900\project\capstone-project-26t2-9900-t17a-almond\outputs\generated\full_budget_search_20260717\devign\runs\perturbed\08_codexglue_devign_17947__control_wrapper__c5,C:\Users\weijt\Desktop\UNSW\COMP9900\project\capstone-project-26t2-9900-t17a-almond\outputs\generated\full_budget_search_20260717\devign\sources\08_codexglue_devign_17947__control_wrapper__c5.c,wrapped 5 safe single-line statement(s) with if (1) blocks,
08_codexglue_devign_17947,C:\Users\weijt\Desktop\UNSW\COMP9900\project\capstone-project-26t2-9900-t17a-almond\input_sources\devign\08_codexglue_devign_17947.c,temp_variable_split,1,0,skipped,ran,,,,,,,,,,,,,C:\Users\weijt\Desktop\UNSW\COMP9900\project\capstone-project-26t2-9900-t17a-almond\outputs\generated\full_budget_search_20260717\devign\runs\baseline\08_codexglue_devign_17947,,,no simple integer-like assignment candidate found,
09_codexglue_devign_25916,C:\Users\weijt\Desktop\UNSW\COMP9900\project\capstone-project-26t2-9900-t17a-almond\input_sources\devign\09_codexglue_devign_25916.c,data_flow_alias,1,1,generated,ran,False,0,0,0.45641884207725525,0.45641884207725525,0.0,44,60,16,80,135,55,C:\Users\weijt\Desktop\UNSW\COMP9900\project\capstone-project-26t2-9900-t17a-almond\outputs\generated\full_budget_search_20260717\devign\runs\baseline\09_codexglue_devign_25916,C:\Users\weijt\Desktop\UNSW\COMP9900\project\capstone-project-26t2-9900-t17a-almond\outputs\generated\full_budget_search_20260717\devign\runs\perturbed\09_codexglue_devign_25916__data_flow_alias__c1,C:\Users\weijt\Desktop\UNSW\COMP9900\project\capstone-project-26t2-9900-t17a-almond\outputs\generated\full_budget_search_20260717\devign\sources\09_codexglue_devign_25916__data_flow_alias__c1.c,inserted 1 alias-preserving data-flow no-op(s) near call arguments,
09_codexglue_devign_25916,C:\Users\weijt\Desktop\UNSW\COMP9900\project\capstone-project-26t2-9900-t17a-almond\input_sources\devign\09_codexglue_devign_25916.c,data_flow_alias,2,2,generated,ran,False,0,0,0.45641884207725525,0.45641884207725525,0.0,44,80,36,80,173,93,C:\Users\weijt\Desktop\UNSW\COMP9900\project\capstone-project-26t2-9900-t17a-almond\outputs\generated\full_budget_search_20260717\devign\runs\baseline\09_codexglue_devign_25916,C:\Users\weijt\Desktop\UNSW\COMP9900\project\capstone-project-26t2-9900-t17a-almond\outputs\generated\full_budget_search_20260717\devign\runs\perturbed\09_codexglue_devign_25916__data_flow_alias__c2,C:\Users\weijt\Desktop\UNSW\COMP9900\project\capstone-project-26t2-9900-t17a-almond\outputs\generated\full_budget_search_20260717\devign\sources\09_codexglue_devign_25916__data_flow_alias__c2.c,inserted 2 alias-preserving data-flow no-op(s) near call arguments,
09_codexglue_devign_25916,C:\Users\weijt\Desktop\UNSW\COMP9900\project\capstone-project-26t2-9900-t17a-almond\input_sources\devign\09_codexglue_devign_25916.c,data_flow_alias,3,2,partial,run_partial,False,0,0,0.45641884207725525,0.45641884207725525,0.0,44,80,36,80,173,93,C:\Users\weijt\Desktop\UNSW\COMP9900\project\capstone-project-26t2-9900-t17a-almond\outputs\generated\full_budget_search_20260717\devign\runs\baseline\09_codexglue_devign_25916,C:\Users\weijt\Desktop\UNSW\COMP9900\project\capstone-project-26t2-9900-t17a-almond\outputs\generated\full_budget_search_20260717\devign\runs\perturbed\09_codexglue_devign_25916__data_flow_alias__c3,C:\Users\weijt\Desktop\UNSW\COMP9900\project\capstone-project-26t2-9900-t17a-almond\outputs\generated\full_budget_search_20260717\devign\sources\09_codexglue_devign_25916__data_flow_alias__c3.c,inserted 2 alias-preserving data-flow no-op(s) near call arguments,
09_codexglue_devign_25916,C:\Users\weijt\Desktop\UNSW\COMP9900\project\capstone-project-26t2-9900-t17a-almond\input_sources\devign\09_codexglue_devign_25916.c,dead_statement,1,1,generated,ran,False,0,0,0.45641884207725525,0.45641884207725525,0.0,44,56,12,80,107,27,C:\Users\weijt\Desktop\UNSW\COMP9900\project\capstone-project-26t2-9900-t17a-almond\outputs\generated\full_budget_search_20260717\devign\runs\baseline\09_codexglue_devign_25916,C:\Users\weijt\Desktop\UNSW\COMP9900\project\capstone-project-26t2-9900-t17a-almond\outputs\generated\full_budget_search_20260717\devign\runs\perturbed\09_codexglue_devign_25916__dead_statement__c1,C:\Users\weijt\Desktop\UNSW\COMP9900\project\capstone-project-26t2-9900-t17a-almond\outputs\generated\full_budget_search_20260717\devign\sources\09_codexglue_devign_25916__dead_statement__c1.c,inserted 1 harmless dummy integer statement pair(s) after first function brace,
09_codexglue_devign_25916,C:\Users\weijt\Desktop\UNSW\COMP9900\project\capstone-project-26t2-9900-t17a-almond\input_sources\devign\09_codexglue_devign_25916.c,dead_statement,2,2,generated,ran,False,0,0,0.45641884207725525,0.45641884207725525,0.0,44,68,24,80,134,54,C:\Users\weijt\Desktop\UNSW\COMP9900\project\capstone-project-26t2-9900-t17a-almond\outputs\generated\full_budget_search_20260717\devign\runs\baseline\09_codexglue_devign_25916,C:\Users\weijt\Desktop\UNSW\COMP9900\project\capstone-project-26t2-9900-t17a-almond\outputs\generated\full_budget_search_20260717\devign\runs\perturbed\09_codexglue_devign_25916__dead_statement__c2,C:\Users\weijt\Desktop\UNSW\COMP9900\project\capstone-project-26t2-9900-t17a-almond\outputs\generated\full_budget_search_20260717\devign\sources\09_codexglue_devign_25916__dead_statement__c2.c,inserted 2 harmless dummy integer statement pair(s) after first function brace,
09_codexglue_devign_25916,C:\Users\weijt\Desktop\UNSW\COMP9900\project\capstone-project-26t2-9900-t17a-almond\input_sources\devign\09_codexglue_devign_25916.c,dead_statement,3,3,generated,ran,False,0,0,0.45641884207725525,0.45641884207725525,0.0,44,80,36,80,161,81,C:\Users\weijt\Desktop\UNSW\COMP9900\project\capstone-project-26t2-9900-t17a-almond\outputs\generated\full_budget_search_20260717\devign\runs\baseline\09_codexglue_devign_25916,C:\Users\weijt\Desktop\UNSW\COMP9900\project\capstone-project-26t2-9900-t17a-almond\outputs\generated\full_budget_search_20260717\devign\runs\perturbed\09_codexglue_devign_25916__dead_statement__c3,C:\Users\weijt\Desktop\UNSW\COMP9900\project\capstone-project-26t2-9900-t17a-almond\outputs\generated\full_budget_search_20260717\devign\sources\09_codexglue_devign_25916__dead_statement__c3.c,inserted 3 harmless dummy integer statement pair(s) after first function brace,
09_codexglue_devign_25916,C:\Users\weijt\Desktop\UNSW\COMP9900\project\capstone-project-26t2-9900-t17a-almond\input_sources\devign\09_codexglue_devign_25916.c,dead_statement,5,5,generated,ran,False,0,0,0.45641884207725525,0.45641884207725525,0.0,44,104,60,80,215,135,C:\Users\weijt\Desktop\UNSW\COMP9900\project\capstone-project-26t2-9900-t17a-almond\outputs\generated\full_budget_search_20260717\devign\runs\baseline\09_codexglue_devign_25916,C:\Users\weijt\Desktop\UNSW\COMP9900\project\capstone-project-26t2-9900-t17a-almond\outputs\generated\full_budget_search_20260717\devign\runs\perturbed\09_codexglue_devign_25916__dead_statement__c5,C:\Users\weijt\Desktop\UNSW\COMP9900\project\capstone-project-26t2-9900-t17a-almond\outputs\generated\full_budget_search_20260717\devign\sources\09_codexglue_devign_25916__dead_statement__c5.c,inserted 5 harmless dummy integer statement pair(s) after first function brace,
09_codexglue_devign_25916,C:\Users\weijt\Desktop\UNSW\COMP9900\project\capstone-project-26t2-9900-t17a-almond\input_sources\devign\09_codexglue_devign_25916.c,xfg_targeted_dead_code,1,1,generated,ran,False,0,0,0.45641884207725525,0.45641884207725525,0.0,44,60,16,80,116,36,C:\Users\weijt\Desktop\UNSW\COMP9900\project\capstone-project-26t2-9900-t17a-almond\outputs\generated\full_budget_search_20260717\devign\runs\baseline\09_codexglue_devign_25916,C:\Users\weijt\Desktop\UNSW\COMP9900\project\capstone-project-26t2-9900-t17a-almond\outputs\generated\full_budget_search_20260717\devign\runs\perturbed\09_codexglue_devign_25916__xfg_targeted_dead_code__c1,C:\Users\weijt\Desktop\UNSW\COMP9900\project\capstone-project-26t2-9900-t17a-almond\outputs\generated\full_budget_search_20260717\devign\sources\09_codexglue_devign_25916__xfg_targeted_dead_code__c1.c,inserted 1 unreachable no-op block(s) near XFG-relevant target lines,
09_codexglue_devign_25916,C:\Users\weijt\Desktop\UNSW\COMP9900\project\capstone-project-26t2-9900-t17a-almond\input_sources\devign\09_codexglue_devign_25916.c,xfg_targeted_dead_code,2,2,generated,ran,False,0,0,0.45641884207725525,0.012809215113520622,-0.4436096269637346,44,76,32,80,152,72,C:\Users\weijt\Desktop\UNSW\COMP9900\project\capstone-project-26t2-9900-t17a-almond\outputs\generated\full_budget_search_20260717\devign\runs\baseline\09_codexglue_devign_25916,C:\Users\weijt\Desktop\UNSW\COMP9900\project\capstone-project-26t2-9900-t17a-almond\outputs\generated\full_budget_search_20260717\devign\runs\perturbed\09_codexglue_devign_25916__xfg_targeted_dead_code__c2,C:\Users\weijt\Desktop\UNSW\COMP9900\project\capstone-project-26t2-9900-t17a-almond\outputs\generated\full_budget_search_20260717\devign\sources\09_codexglue_devign_25916__xfg_targeted_dead_code__c2.c,inserted 2 unreachable no-op block(s) near XFG-relevant target lines,
09_codexglue_devign_25916,C:\Users\weijt\Desktop\UNSW\COMP9900\project\capstone-project-26t2-9900-t17a-almond\input_sources\devign\09_codexglue_devign_25916.c,xfg_targeted_dead_code,3,2,partial,run_partial,False,0,0,0.45641884207725525,0.012809215113520622,-0.4436096269637346,44,76,32,80,152,72,C:\Users\weijt\Desktop\UNSW\COMP9900\project\capstone-project-26t2-9900-t17a-almond\outputs\generated\full_budget_search_20260717\devign\runs\baseline\09_codexglue_devign_25916,C:\Users\weijt\Desktop\UNSW\COMP9900\project\capstone-project-26t2-9900-t17a-almond\outputs\generated\full_budget_search_20260717\devign\runs\perturbed\09_codexglue_devign_25916__xfg_targeted_dead_code__c3,C:\Users\weijt\Desktop\UNSW\COMP9900\project\capstone-project-26t2-9900-t17a-almond\outputs\generated\full_budget_search_20260717\devign\sources\09_codexglue_devign_25916__xfg_targeted_dead_code__c3.c,inserted 2 unreachable no-op block(s) near XFG-relevant target lines,
09_codexglue_devign_25916,C:\Users\weijt\Desktop\UNSW\COMP9900\project\capstone-project-26t2-9900-t17a-almond\input_sources\devign\09_codexglue_devign_25916.c,range_clamp,1,0,skipped,ran,,,,,,,,,,,,,C:\Users\weijt\Desktop\UNSW\COMP9900\project\capstone-project-26t2-9900-t17a-almond\outputs\generated\full_budget_search_20260717\devign\runs\baseline\09_codexglue_devign_25916,,,no sensitive call with a clampable size/count argument found,
09_codexglue_devign_25916,C:\Users\weijt\Desktop\UNSW\COMP9900\project\capstone-project-26t2-9900-t17a-almond\input_sources\devign\09_codexglue_devign_25916.c,safe_source_substitution,1,0,skipped,ran,,,,,,,,,,,,,C:\Users\weijt\Desktop\UNSW\COMP9900\project\capstone-project-26t2-9900-t17a-almond\outputs\generated\full_budget_search_20260717\devign\runs\baseline\09_codexglue_devign_25916,,,no nested pointer dereference source found,
09_codexglue_devign_25916,C:\Users\weijt\Desktop\UNSW\COMP9900\project\capstone-project-26t2-9900-t17a-almond\input_sources\devign\09_codexglue_devign_25916.c,sink_bound_guard,1,0,skipped,ran,,,,,,,,,,,,,C:\Users\weijt\Desktop\UNSW\COMP9900\project\capstone-project-26t2-9900-t17a-almond\outputs\generated\full_budget_search_20260717\devign\runs\baseline\09_codexglue_devign_25916,,,no sensitive sink call found for bound guard insertion,
09_codexglue_devign_25916,C:\Users\weijt\Desktop\UNSW\COMP9900\project\capstone-project-26t2-9900-t17a-almond\input_sources\devign\09_codexglue_devign_25916.c,postcondition_validation,1,0,skipped,ran,,,,,,,,,,,,,C:\Users\weijt\Desktop\UNSW\COMP9900\project\capstone-project-26t2-9900-t17a-almond\outputs\generated\full_budget_search_20260717\devign\runs\baseline\09_codexglue_devign_25916,,,no matching *_count/*_read pair found for postcondition validation,
09_codexglue_devign_25916,C:\Users\weijt\Desktop\UNSW\COMP9900\project\capstone-project-26t2-9900-t17a-almond\input_sources\devign\09_codexglue_devign_25916.c,integer_overflow_guard,1,0,skipped,ran,,,,,,,,,,,,,C:\Users\weijt\Desktop\UNSW\COMP9900\project\capstone-project-26t2-9900-t17a-almond\outputs\generated\full_budget_search_20260717\devign\runs\baseline\09_codexglue_devign_25916,,,no allocation size addition or multiplication expression found,
09_codexglue_devign_25916,C:\Users\weijt\Desktop\UNSW\COMP9900\project\capstone-project-26t2-9900-t17a-almond\input_sources\devign\09_codexglue_devign_25916.c,array_index_bound_guard,1,0,skipped,ran,,,,,,,,,,,,,C:\Users\weijt\Desktop\UNSW\COMP9900\project\capstone-project-26t2-9900-t17a-almond\outputs\generated\full_budget_search_20260717\devign\runs\baseline\09_codexglue_devign_25916,,,no array write found for index bound guard,
09_codexglue_devign_25916,C:\Users\weijt\Desktop\UNSW\COMP9900\project\capstone-project-26t2-9900-t17a-almond\input_sources\devign\09_codexglue_devign_25916.c,wide_char_sink_guard,1,0,skipped,ran,,,,,,,,,,,,,C:\Users\weijt\Desktop\UNSW\COMP9900\project\capstone-project-26t2-9900-t17a-almond\outputs\generated\full_budget_search_20260717\devign\runs\baseline\09_codexglue_devign_25916,,,no wcscat/wcscpy wide-character sink found,
09_codexglue_devign_25916,C:\Users\weijt\Desktop\UNSW\COMP9900\project\capstone-project-26t2-9900-t17a-almond\input_sources\devign\09_codexglue_devign_25916.c,pattern_dead_code,1,1,generated,ran,False,0,0,0.45641884207725525,0.012809233739972115,-0.44360960833728313,44,99,55,80,181,101,C:\Users\weijt\Desktop\UNSW\COMP9900\project\capstone-project-26t2-9900-t17a-almond\outputs\generated\full_budget_search_20260717\devign\runs\baseline\09_codexglue_devign_25916,C:\Users\weijt\Desktop\UNSW\COMP9900\project\capstone-project-26t2-9900-t17a-almond\outputs\generated\full_budget_search_20260717\devign\runs\perturbed\09_codexglue_devign_25916__pattern_dead_code__c1,C:\Users\weijt\Desktop\UNSW\COMP9900\project\capstone-project-26t2-9900-t17a-almond\outputs\generated\full_budget_search_20260717\devign\sources\09_codexglue_devign_25916__pattern_dead_code__c1.c,inserted 1 unreachable pointer/array/length pattern block(s) near sensitive or structural lines,
09_codexglue_devign_25916,C:\Users\weijt\Desktop\UNSW\COMP9900\project\capstone-project-26t2-9900-t17a-almond\input_sources\devign\09_codexglue_devign_25916.c,pattern_dead_code,2,2,generated,ran,False,0,0,0.45641884207725525,0.012809233739972115,-0.44360960833728313,44,154,110,80,282,202,C:\Users\weijt\Desktop\UNSW\COMP9900\project\capstone-project-26t2-9900-t17a-almond\outputs\generated\full_budget_search_20260717\devign\runs\baseline\09_codexglue_devign_25916,C:\Users\weijt\Desktop\UNSW\COMP9900\project\capstone-project-26t2-9900-t17a-almond\outputs\generated\full_budget_search_20260717\devign\runs\perturbed\09_codexglue_devign_25916__pattern_dead_code__c2,C:\Users\weijt\Desktop\UNSW\COMP9900\project\capstone-project-26t2-9900-t17a-almond\outputs\generated\full_budget_search_20260717\devign\sources\09_codexglue_devign_25916__pattern_dead_code__c2.c,inserted 2 unreachable pointer/array/length pattern block(s) near sensitive or structural lines,
09_codexglue_devign_25916,C:\Users\weijt\Desktop\UNSW\COMP9900\project\capstone-project-26t2-9900-t17a-almond\input_sources\devign\09_codexglue_devign_25916.c,pattern_dead_code,3,2,partial,run_partial,False,0,0,0.45641884207725525,0.012809233739972115,-0.44360960833728313,44,154,110,80,282,202,C:\Users\weijt\Desktop\UNSW\COMP9900\project\capstone-project-26t2-9900-t17a-almond\outputs\generated\full_budget_search_20260717\devign\runs\baseline\09_codexglue_devign_25916,C:\Users\weijt\Desktop\UNSW\COMP9900\project\capstone-project-26t2-9900-t17a-almond\outputs\generated\full_budget_search_20260717\devign\runs\perturbed\09_codexglue_devign_25916__pattern_dead_code__c3,C:\Users\weijt\Desktop\UNSW\COMP9900\project\capstone-project-26t2-9900-t17a-almond\outputs\generated\full_budget_search_20260717\devign\sources\09_codexglue_devign_25916__pattern_dead_code__c3.c,inserted 2 unreachable pointer/array/length pattern block(s) near sensitive or structural lines,
09_codexglue_devign_25916,C:\Users\weijt\Desktop\UNSW\COMP9900\project\capstone-project-26t2-9900-t17a-almond\input_sources\devign\09_codexglue_devign_25916.c,control_wrapper,1,1,generated,ran,False,0,0,0.45641884207725525,0.011571629904210567,-0.4448472121730447,44,48,4,80,89,9,C:\Users\weijt\Desktop\UNSW\COMP9900\project\capstone-project-26t2-9900-t17a-almond\outputs\generated\full_budget_search_20260717\devign\runs\baseline\09_codexglue_devign_25916,C:\Users\weijt\Desktop\UNSW\COMP9900\project\capstone-project-26t2-9900-t17a-almond\outputs\generated\full_budget_search_20260717\devign\runs\perturbed\09_codexglue_devign_25916__control_wrapper__c1,C:\Users\weijt\Desktop\UNSW\COMP9900\project\capstone-project-26t2-9900-t17a-almond\outputs\generated\full_budget_search_20260717\devign\sources\09_codexglue_devign_25916__control_wrapper__c1.c,wrapped 1 safe single-line statement(s) with if (1) blocks,
09_codexglue_devign_25916,C:\Users\weijt\Desktop\UNSW\COMP9900\project\capstone-project-26t2-9900-t17a-almond\input_sources\devign\09_codexglue_devign_25916.c,control_wrapper,2,2,generated,ran,False,0,0,0.45641884207725525,0.011571629904210567,-0.4448472121730447,44,52,8,80,98,18,C:\Users\weijt\Desktop\UNSW\COMP9900\project\capstone-project-26t2-9900-t17a-almond\outputs\generated\full_budget_search_20260717\devign\runs\baseline\09_codexglue_devign_25916,C:\Users\weijt\Desktop\UNSW\COMP9900\project\capstone-project-26t2-9900-t17a-almond\outputs\generated\full_budget_search_20260717\devign\runs\perturbed\09_codexglue_devign_25916__control_wrapper__c2,C:\Users\weijt\Desktop\UNSW\COMP9900\project\capstone-project-26t2-9900-t17a-almond\outputs\generated\full_budget_search_20260717\devign\sources\09_codexglue_devign_25916__control_wrapper__c2.c,wrapped 2 safe single-line statement(s) with if (1) blocks,
09_codexglue_devign_25916,C:\Users\weijt\Desktop\UNSW\COMP9900\project\capstone-project-26t2-9900-t17a-almond\input_sources\devign\09_codexglue_devign_25916.c,control_wrapper,3,2,partial,run_partial,False,0,0,0.45641884207725525,0.011571629904210567,-0.4448472121730447,44,52,8,80,98,18,C:\Users\weijt\Desktop\UNSW\COMP9900\project\capstone-project-26t2-9900-t17a-almond\outputs\generated\full_budget_search_20260717\devign\runs\baseline\09_codexglue_devign_25916,C:\Users\weijt\Desktop\UNSW\COMP9900\project\capstone-project-26t2-9900-t17a-almond\outputs\generated\full_budget_search_20260717\devign\runs\perturbed\09_codexglue_devign_25916__control_wrapper__c3,C:\Users\weijt\Desktop\UNSW\COMP9900\project\capstone-project-26t2-9900-t17a-almond\outputs\generated\full_budget_search_20260717\devign\sources\09_codexglue_devign_25916__control_wrapper__c3.c,wrapped 2 safe single-line statement(s) with if (1) blocks,
09_codexglue_devign_25916,C:\Users\weijt\Desktop\UNSW\COMP9900\project\capstone-project-26t2-9900-t17a-almond\input_sources\devign\09_codexglue_devign_25916.c,temp_variable_split,1,0,skipped,ran,,,,,,,,,,,,,C:\Users\weijt\Desktop\UNSW\COMP9900\project\capstone-project-26t2-9900-t17a-almond\outputs\generated\full_budget_search_20260717\devign\runs\baseline\09_codexglue_devign_25916,,,no simple integer-like assignment candidate found,
