sample_id,source_file,action,target_mode,winner_xfg_category,winner_xfg_key_line,winner_xfg_probability,targeted_source_lines,count,applied_count,generation_status,run_status,flipped,base_label,variant_label,base_probability,variant_probability,delta_probability,base_nodes,variant_nodes,delta_nodes,base_edges,variant_edges,delta_edges,baseline_run_dir,variant_run_dir,variant_file,notes,error
00_cve-2022-48620,C:\Users\weijt\Desktop\UNSW\COMP9900\project\capstone-project-26t2-9900-t17a-almond\input_sources\cvefixes\vulnerable\00_cve-2022-48620.c,data_flow_alias,winner-xfg,ptr,53,0.00044025862007401884,51,1,1,generated,ran,False,0,0,0.00044025862007401884,0.00047797529259696603,3.771667252294719e-05,1696,1712,16,3762,3800,38,C:\Users\weijt\Desktop\UNSW\COMP9900\project\capstone-project-26t2-9900-t17a-almond\outputs\run_20260723_code_cvefixes_winner_xfg_round1\runs\baseline\00_cve-2022-48620,C:\Users\weijt\Desktop\UNSW\COMP9900\project\capstone-project-26t2-9900-t17a-almond\outputs\run_20260723_code_cvefixes_winner_xfg_round1\runs\perturbed\00_cve-2022-48620__data_flow_alias__c1,C:\Users\weijt\Desktop\UNSW\COMP9900\project\capstone-project-26t2-9900-t17a-almond\outputs\run_20260723_code_cvefixes_winner_xfg_round1\sources\00_cve-2022-48620__data_flow_alias__c1.c,inserted 1 alias-preserving data-flow no-op(s) near call arguments nearest baseline winner-XFG key line 53,
00_cve-2022-48620,C:\Users\weijt\Desktop\UNSW\COMP9900\project\capstone-project-26t2-9900-t17a-almond\input_sources\cvefixes\vulnerable\00_cve-2022-48620.c,data_flow_alias,winner-xfg,ptr,53,0.00044025862007401884,"51,59",2,2,generated,ran,False,0,0,0.00044025862007401884,0.00047797529259696603,3.771667252294719e-05,1696,1714,18,3762,3801,39,C:\Users\weijt\Desktop\UNSW\COMP9900\project\capstone-project-26t2-9900-t17a-almond\outputs\run_20260723_code_cvefixes_winner_xfg_round1\runs\baseline\00_cve-2022-48620,C:\Users\weijt\Desktop\UNSW\COMP9900\project\capstone-project-26t2-9900-t17a-almond\outputs\run_20260723_code_cvefixes_winner_xfg_round1\runs\perturbed\00_cve-2022-48620__data_flow_alias__c2,C:\Users\weijt\Desktop\UNSW\COMP9900\project\capstone-project-26t2-9900-t17a-almond\outputs\run_20260723_code_cvefixes_winner_xfg_round1\sources\00_cve-2022-48620__data_flow_alias__c2.c,inserted 2 alias-preserving data-flow no-op(s) near call arguments nearest baseline winner-XFG key line 53,
00_cve-2022-48620,C:\Users\weijt\Desktop\UNSW\COMP9900\project\capstone-project-26t2-9900-t17a-almond\input_sources\cvefixes\vulnerable\00_cve-2022-48620.c,data_flow_alias,winner-xfg,ptr,53,0.00044025862007401884,"51,59,46",3,3,generated,ran,False,0,0,0.00044025862007401884,0.0016091573052108288,0.00116889868513681,1696,1734,38,3762,3838,76,C:\Users\weijt\Desktop\UNSW\COMP9900\project\capstone-project-26t2-9900-t17a-almond\outputs\run_20260723_code_cvefixes_winner_xfg_round1\runs\baseline\00_cve-2022-48620,C:\Users\weijt\Desktop\UNSW\COMP9900\project\capstone-project-26t2-9900-t17a-almond\outputs\run_20260723_code_cvefixes_winner_xfg_round1\runs\perturbed\00_cve-2022-48620__data_flow_alias__c3,C:\Users\weijt\Desktop\UNSW\COMP9900\project\capstone-project-26t2-9900-t17a-almond\outputs\run_20260723_code_cvefixes_winner_xfg_round1\sources\00_cve-2022-48620__data_flow_alias__c3.c,inserted 3 alias-preserving data-flow no-op(s) near call arguments nearest baseline winner-XFG key line 53,
00_cve-2022-48620,C:\Users\weijt\Desktop\UNSW\COMP9900\project\capstone-project-26t2-9900-t17a-almond\input_sources\cvefixes\vulnerable\00_cve-2022-48620.c,data_flow_alias,winner-xfg,ptr,53,0.00044025862007401884,"51,59,46,65,66",5,5,generated,ran,False,0,0,0.00044025862007401884,0.0054281894117593765,0.004987930791685358,1696,1776,80,3762,3915,153,C:\Users\weijt\Desktop\UNSW\COMP9900\project\capstone-project-26t2-9900-t17a-almond\outputs\run_20260723_code_cvefixes_winner_xfg_round1\runs\baseline\00_cve-2022-48620,C:\Users\weijt\Desktop\UNSW\COMP9900\project\capstone-project-26t2-9900-t17a-almond\outputs\run_20260723_code_cvefixes_winner_xfg_round1\runs\perturbed\00_cve-2022-48620__data_flow_alias__c5,C:\Users\weijt\Desktop\UNSW\COMP9900\project\capstone-project-26t2-9900-t17a-almond\outputs\run_20260723_code_cvefixes_winner_xfg_round1\sources\00_cve-2022-48620__data_flow_alias__c5.c,inserted 5 alias-preserving data-flow no-op(s) near call arguments nearest baseline winner-XFG key line 53,
00_cve-2022-48620,C:\Users\weijt\Desktop\UNSW\COMP9900\project\capstone-project-26t2-9900-t17a-almond\input_sources\cvefixes\vulnerable\00_cve-2022-48620.c,dead_statement,winner-xfg,ptr,53,0.00044025862007401884,53,1,1,generated,ran,False,0,0,0.00044025862007401884,0.00047797529259696603,3.771667252294719e-05,1696,1708,12,3762,3789,27,C:\Users\weijt\Desktop\UNSW\COMP9900\project\capstone-project-26t2-9900-t17a-almond\outputs\run_20260723_code_cvefixes_winner_xfg_round1\runs\baseline\00_cve-2022-48620,C:\Users\weijt\Desktop\UNSW\COMP9900\project\capstone-project-26t2-9900-t17a-almond\outputs\run_20260723_code_cvefixes_winner_xfg_round1\runs\perturbed\00_cve-2022-48620__dead_statement__c1,C:\Users\weijt\Desktop\UNSW\COMP9900\project\capstone-project-26t2-9900-t17a-almond\outputs\run_20260723_code_cvefixes_winner_xfg_round1\sources\00_cve-2022-48620__dead_statement__c1.c,inserted 1 harmless dummy integer statement pair(s) nearest baseline winner-XFG key line 53,
00_cve-2022-48620,C:\Users\weijt\Desktop\UNSW\COMP9900\project\capstone-project-26t2-9900-t17a-almond\input_sources\cvefixes\vulnerable\00_cve-2022-48620.c,dead_statement,winner-xfg,ptr,53,0.00044025862007401884,53,2,2,generated,ran,False,0,0,0.00044025862007401884,0.04378660395741463,0.04334634533734061,1696,1720,24,3762,3816,54,C:\Users\weijt\Desktop\UNSW\COMP9900\project\capstone-project-26t2-9900-t17a-almond\outputs\run_20260723_code_cvefixes_winner_xfg_round1\runs\baseline\00_cve-2022-48620,C:\Users\weijt\Desktop\UNSW\COMP9900\project\capstone-project-26t2-9900-t17a-almond\outputs\run_20260723_code_cvefixes_winner_xfg_round1\runs\perturbed\00_cve-2022-48620__dead_statement__c2,C:\Users\weijt\Desktop\UNSW\COMP9900\project\capstone-project-26t2-9900-t17a-almond\outputs\run_20260723_code_cvefixes_winner_xfg_round1\sources\00_cve-2022-48620__dead_statement__c2.c,inserted 2 harmless dummy integer statement pair(s) nearest baseline winner-XFG key line 53,
00_cve-2022-48620,C:\Users\weijt\Desktop\UNSW\COMP9900\project\capstone-project-26t2-9900-t17a-almond\input_sources\cvefixes\vulnerable\00_cve-2022-48620.c,dead_statement,winner-xfg,ptr,53,0.00044025862007401884,53,3,3,generated,ran,False,0,0,0.00044025862007401884,0.00044025862007401884,0.0,1696,1732,36,3762,3843,81,C:\Users\weijt\Desktop\UNSW\COMP9900\project\capstone-project-26t2-9900-t17a-almond\outputs\run_20260723_code_cvefixes_winner_xfg_round1\runs\baseline\00_cve-2022-48620,C:\Users\weijt\Desktop\UNSW\COMP9900\project\capstone-project-26t2-9900-t17a-almond\outputs\run_20260723_code_cvefixes_winner_xfg_round1\runs\perturbed\00_cve-2022-48620__dead_statement__c3,C:\Users\weijt\Desktop\UNSW\COMP9900\project\capstone-project-26t2-9900-t17a-almond\outputs\run_20260723_code_cvefixes_winner_xfg_round1\sources\00_cve-2022-48620__dead_statement__c3.c,inserted 3 harmless dummy integer statement pair(s) nearest baseline winner-XFG key line 53,
00_cve-2022-48620,C:\Users\weijt\Desktop\UNSW\COMP9900\project\capstone-project-26t2-9900-t17a-almond\input_sources\cvefixes\vulnerable\00_cve-2022-48620.c,dead_statement,winner-xfg,ptr,53,0.00044025862007401884,53,5,5,generated,ran,False,0,0,0.00044025862007401884,0.00044025862007401884,0.0,1696,1756,60,3762,3897,135,C:\Users\weijt\Desktop\UNSW\COMP9900\project\capstone-project-26t2-9900-t17a-almond\outputs\run_20260723_code_cvefixes_winner_xfg_round1\runs\baseline\00_cve-2022-48620,C:\Users\weijt\Desktop\UNSW\COMP9900\project\capstone-project-26t2-9900-t17a-almond\outputs\run_20260723_code_cvefixes_winner_xfg_round1\runs\perturbed\00_cve-2022-48620__dead_statement__c5,C:\Users\weijt\Desktop\UNSW\COMP9900\project\capstone-project-26t2-9900-t17a-almond\outputs\run_20260723_code_cvefixes_winner_xfg_round1\sources\00_cve-2022-48620__dead_statement__c5.c,inserted 5 harmless dummy integer statement pair(s) nearest baseline winner-XFG key line 53,
00_cve-2022-48620,C:\Users\weijt\Desktop\UNSW\COMP9900\project\capstone-project-26t2-9900-t17a-almond\input_sources\cvefixes\vulnerable\00_cve-2022-48620.c,xfg_targeted_dead_code,winner-xfg,ptr,53,0.00044025862007401884,53,1,1,generated,ran,False,0,0,0.00044025862007401884,0.04378660395741463,0.04334634533734061,1696,1712,16,3762,3798,36,C:\Users\weijt\Desktop\UNSW\COMP9900\project\capstone-project-26t2-9900-t17a-almond\outputs\run_20260723_code_cvefixes_winner_xfg_round1\runs\baseline\00_cve-2022-48620,C:\Users\weijt\Desktop\UNSW\COMP9900\project\capstone-project-26t2-9900-t17a-almond\outputs\run_20260723_code_cvefixes_winner_xfg_round1\runs\perturbed\00_cve-2022-48620__xfg_targeted_dead_code__c1,C:\Users\weijt\Desktop\UNSW\COMP9900\project\capstone-project-26t2-9900-t17a-almond\outputs\run_20260723_code_cvefixes_winner_xfg_round1\sources\00_cve-2022-48620__xfg_targeted_dead_code__c1.c,inserted 1 unreachable no-op block(s) near XFG-relevant target lines nearest baseline winner-XFG key line 53,
00_cve-2022-48620,C:\Users\weijt\Desktop\UNSW\COMP9900\project\capstone-project-26t2-9900-t17a-almond\input_sources\cvefixes\vulnerable\00_cve-2022-48620.c,xfg_targeted_dead_code,winner-xfg,ptr,53,0.00044025862007401884,"53,51",2,2,generated,ran,False,0,0,0.00044025862007401884,0.00044025862007401884,0.0,1696,1728,32,3762,3834,72,C:\Users\weijt\Desktop\UNSW\COMP9900\project\capstone-project-26t2-9900-t17a-almond\outputs\run_20260723_code_cvefixes_winner_xfg_round1\runs\baseline\00_cve-2022-48620,C:\Users\weijt\Desktop\UNSW\COMP9900\project\capstone-project-26t2-9900-t17a-almond\outputs\run_20260723_code_cvefixes_winner_xfg_round1\runs\perturbed\00_cve-2022-48620__xfg_targeted_dead_code__c2,C:\Users\weijt\Desktop\UNSW\COMP9900\project\capstone-project-26t2-9900-t17a-almond\outputs\run_20260723_code_cvefixes_winner_xfg_round1\sources\00_cve-2022-48620__xfg_targeted_dead_code__c2.c,inserted 2 unreachable no-op block(s) near XFG-relevant target lines nearest baseline winner-XFG key line 53,
00_cve-2022-48620,C:\Users\weijt\Desktop\UNSW\COMP9900\project\capstone-project-26t2-9900-t17a-almond\input_sources\cvefixes\vulnerable\00_cve-2022-48620.c,xfg_targeted_dead_code,winner-xfg,ptr,53,0.00044025862007401884,"53,51,75",3,3,generated,ran,False,0,0,0.00044025862007401884,0.00044025862007401884,0.0,1696,1730,34,3762,3835,73,C:\Users\weijt\Desktop\UNSW\COMP9900\project\capstone-project-26t2-9900-t17a-almond\outputs\run_20260723_code_cvefixes_winner_xfg_round1\runs\baseline\00_cve-2022-48620,C:\Users\weijt\Desktop\UNSW\COMP9900\project\capstone-project-26t2-9900-t17a-almond\outputs\run_20260723_code_cvefixes_winner_xfg_round1\runs\perturbed\00_cve-2022-48620__xfg_targeted_dead_code__c3,C:\Users\weijt\Desktop\UNSW\COMP9900\project\capstone-project-26t2-9900-t17a-almond\outputs\run_20260723_code_cvefixes_winner_xfg_round1\sources\00_cve-2022-48620__xfg_targeted_dead_code__c3.c,inserted 3 unreachable no-op block(s) near XFG-relevant target lines nearest baseline winner-XFG key line 53,
00_cve-2022-48620,C:\Users\weijt\Desktop\UNSW\COMP9900\project\capstone-project-26t2-9900-t17a-almond\input_sources\cvefixes\vulnerable\00_cve-2022-48620.c,xfg_targeted_dead_code,winner-xfg,ptr,53,0.00044025862007401884,"53,51,75,82,83",5,5,generated,ran,False,0,0,0.00044025862007401884,0.00044025862007401884,0.0,1696,1762,66,3762,3907,145,C:\Users\weijt\Desktop\UNSW\COMP9900\project\capstone-project-26t2-9900-t17a-almond\outputs\run_20260723_code_cvefixes_winner_xfg_round1\runs\baseline\00_cve-2022-48620,C:\Users\weijt\Desktop\UNSW\COMP9900\project\capstone-project-26t2-9900-t17a-almond\outputs\run_20260723_code_cvefixes_winner_xfg_round1\runs\perturbed\00_cve-2022-48620__xfg_targeted_dead_code__c5,C:\Users\weijt\Desktop\UNSW\COMP9900\project\capstone-project-26t2-9900-t17a-almond\outputs\run_20260723_code_cvefixes_winner_xfg_round1\sources\00_cve-2022-48620__xfg_targeted_dead_code__c5.c,inserted 5 unreachable no-op block(s) near XFG-relevant target lines nearest baseline winner-XFG key line 53,
00_cve-2022-48620,C:\Users\weijt\Desktop\UNSW\COMP9900\project\capstone-project-26t2-9900-t17a-almond\input_sources\cvefixes\vulnerable\00_cve-2022-48620.c,range_clamp,winner-xfg,ptr,53,0.00044025862007401884,225,1,1,generated,ran,False,0,0,0.00044025862007401884,0.00044025862007401884,0.0,1696,1726,30,3762,3832,70,C:\Users\weijt\Desktop\UNSW\COMP9900\project\capstone-project-26t2-9900-t17a-almond\outputs\run_20260723_code_cvefixes_winner_xfg_round1\runs\baseline\00_cve-2022-48620,C:\Users\weijt\Desktop\UNSW\COMP9900\project\capstone-project-26t2-9900-t17a-almond\outputs\run_20260723_code_cvefixes_winner_xfg_round1\runs\perturbed\00_cve-2022-48620__range_clamp__c1,C:\Users\weijt\Desktop\UNSW\COMP9900\project\capstone-project-26t2-9900-t17a-almond\outputs\run_20260723_code_cvefixes_winner_xfg_round1\sources\00_cve-2022-48620__range_clamp__c1.c,clamped 1 sensitive sink size/count argument(s) through bounded local variables nearest baseline winner-XFG key line 53,
00_cve-2022-48620,C:\Users\weijt\Desktop\UNSW\COMP9900\project\capstone-project-26t2-9900-t17a-almond\input_sources\cvefixes\vulnerable\00_cve-2022-48620.c,range_clamp,winner-xfg,ptr,53,0.00044025862007401884,"225,378",2,2,generated,ran,False,0,0,0.00044025862007401884,0.00044025862007401884,0.0,1696,1756,60,3762,3902,140,C:\Users\weijt\Desktop\UNSW\COMP9900\project\capstone-project-26t2-9900-t17a-almond\outputs\run_20260723_code_cvefixes_winner_xfg_round1\runs\baseline\00_cve-2022-48620,C:\Users\weijt\Desktop\UNSW\COMP9900\project\capstone-project-26t2-9900-t17a-almond\outputs\run_20260723_code_cvefixes_winner_xfg_round1\runs\perturbed\00_cve-2022-48620__range_clamp__c2,C:\Users\weijt\Desktop\UNSW\COMP9900\project\capstone-project-26t2-9900-t17a-almond\outputs\run_20260723_code_cvefixes_winner_xfg_round1\sources\00_cve-2022-48620__range_clamp__c2.c,clamped 2 sensitive sink size/count argument(s) through bounded local variables nearest baseline winner-XFG key line 53,
00_cve-2022-48620,C:\Users\weijt\Desktop\UNSW\COMP9900\project\capstone-project-26t2-9900-t17a-almond\input_sources\cvefixes\vulnerable\00_cve-2022-48620.c,range_clamp,winner-xfg,ptr,53,0.00044025862007401884,"225,378",3,2,partial,run_partial,False,0,0,0.00044025862007401884,0.00044025862007401884,0.0,1696,1756,60,3762,3902,140,C:\Users\weijt\Desktop\UNSW\COMP9900\project\capstone-project-26t2-9900-t17a-almond\outputs\run_20260723_code_cvefixes_winner_xfg_round1\runs\baseline\00_cve-2022-48620,C:\Users\weijt\Desktop\UNSW\COMP9900\project\capstone-project-26t2-9900-t17a-almond\outputs\run_20260723_code_cvefixes_winner_xfg_round1\runs\perturbed\00_cve-2022-48620__range_clamp__c3,C:\Users\weijt\Desktop\UNSW\COMP9900\project\capstone-project-26t2-9900-t17a-almond\outputs\run_20260723_code_cvefixes_winner_xfg_round1\sources\00_cve-2022-48620__range_clamp__c3.c,clamped 2 sensitive sink size/count argument(s) through bounded local variables nearest baseline winner-XFG key line 53,
00_cve-2022-48620,C:\Users\weijt\Desktop\UNSW\COMP9900\project\capstone-project-26t2-9900-t17a-almond\input_sources\cvefixes\vulnerable\00_cve-2022-48620.c,safe_source_substitution,winner-xfg,ptr,53,0.00044025862007401884,108,1,1,generated,ran,False,0,0,0.00044025862007401884,0.00044025862007401884,0.0,1696,1704,8,3762,3777,15,C:\Users\weijt\Desktop\UNSW\COMP9900\project\capstone-project-26t2-9900-t17a-almond\outputs\run_20260723_code_cvefixes_winner_xfg_round1\runs\baseline\00_cve-2022-48620,C:\Users\weijt\Desktop\UNSW\COMP9900\project\capstone-project-26t2-9900-t17a-almond\outputs\run_20260723_code_cvefixes_winner_xfg_round1\runs\perturbed\00_cve-2022-48620__safe_source_substitution__c1,C:\Users\weijt\Desktop\UNSW\COMP9900\project\capstone-project-26t2-9900-t17a-almond\outputs\run_20260723_code_cvefixes_winner_xfg_round1\sources\00_cve-2022-48620__safe_source_substitution__c1.c,replaced 1 nested pointer source expression(s) with guarded fallback expressions nearest baseline winner-XFG key line 53,
00_cve-2022-48620,C:\Users\weijt\Desktop\UNSW\COMP9900\project\capstone-project-26t2-9900-t17a-almond\input_sources\cvefixes\vulnerable\00_cve-2022-48620.c,safe_source_substitution,winner-xfg,ptr,53,0.00044025862007401884,"108,120",2,2,generated,ran,False,0,0,0.00044025862007401884,0.00044025862007401884,0.0,1696,1712,16,3762,3797,35,C:\Users\weijt\Desktop\UNSW\COMP9900\project\capstone-project-26t2-9900-t17a-almond\outputs\run_20260723_code_cvefixes_winner_xfg_round1\runs\baseline\00_cve-2022-48620,C:\Users\weijt\Desktop\UNSW\COMP9900\project\capstone-project-26t2-9900-t17a-almond\outputs\run_20260723_code_cvefixes_winner_xfg_round1\runs\perturbed\00_cve-2022-48620__safe_source_substitution__c2,C:\Users\weijt\Desktop\UNSW\COMP9900\project\capstone-project-26t2-9900-t17a-almond\outputs\run_20260723_code_cvefixes_winner_xfg_round1\sources\00_cve-2022-48620__safe_source_substitution__c2.c,replaced 2 nested pointer source expression(s) with guarded fallback expressions nearest baseline winner-XFG key line 53,
00_cve-2022-48620,C:\Users\weijt\Desktop\UNSW\COMP9900\project\capstone-project-26t2-9900-t17a-almond\input_sources\cvefixes\vulnerable\00_cve-2022-48620.c,safe_source_substitution,winner-xfg,ptr,53,0.00044025862007401884,"108,120,127",3,3,generated,ran,False,0,0,0.00044025862007401884,0.00044025862007401884,0.0,1696,1720,24,3762,3812,50,C:\Users\weijt\Desktop\UNSW\COMP9900\project\capstone-project-26t2-9900-t17a-almond\outputs\run_20260723_code_cvefixes_winner_xfg_round1\runs\baseline\00_cve-2022-48620,C:\Users\weijt\Desktop\UNSW\COMP9900\project\capstone-project-26t2-9900-t17a-almond\outputs\run_20260723_code_cvefixes_winner_xfg_round1\runs\perturbed\00_cve-2022-48620__safe_source_substitution__c3,C:\Users\weijt\Desktop\UNSW\COMP9900\project\capstone-project-26t2-9900-t17a-almond\outputs\run_20260723_code_cvefixes_winner_xfg_round1\sources\00_cve-2022-48620__safe_source_substitution__c3.c,replaced 3 nested pointer source expression(s) with guarded fallback expressions nearest baseline winner-XFG key line 53,
00_cve-2022-48620,C:\Users\weijt\Desktop\UNSW\COMP9900\project\capstone-project-26t2-9900-t17a-almond\input_sources\cvefixes\vulnerable\00_cve-2022-48620.c,safe_source_substitution,winner-xfg,ptr,53,0.00044025862007401884,"108,120,127,146,149",5,5,generated,ran,False,0,0,0.00044025862007401884,0.00044025862007401884,0.0,1696,1736,40,3762,3842,80,C:\Users\weijt\Desktop\UNSW\COMP9900\project\capstone-project-26t2-9900-t17a-almond\outputs\run_20260723_code_cvefixes_winner_xfg_round1\runs\baseline\00_cve-2022-48620,C:\Users\weijt\Desktop\UNSW\COMP9900\project\capstone-project-26t2-9900-t17a-almond\outputs\run_20260723_code_cvefixes_winner_xfg_round1\runs\perturbed\00_cve-2022-48620__safe_source_substitution__c5,C:\Users\weijt\Desktop\UNSW\COMP9900\project\capstone-project-26t2-9900-t17a-almond\outputs\run_20260723_code_cvefixes_winner_xfg_round1\sources\00_cve-2022-48620__safe_source_substitution__c5.c,replaced 5 nested pointer source expression(s) with guarded fallback expressions nearest baseline winner-XFG key line 53,
00_cve-2022-48620,C:\Users\weijt\Desktop\UNSW\COMP9900\project\capstone-project-26t2-9900-t17a-almond\input_sources\cvefixes\vulnerable\00_cve-2022-48620.c,sink_bound_guard,winner-xfg,ptr,53,0.00044025862007401884,225,1,1,generated,ran,False,0,0,0.00044025862007401884,0.00044025862007401884,0.0,1696,1710,14,3762,3789,27,C:\Users\weijt\Desktop\UNSW\COMP9900\project\capstone-project-26t2-9900-t17a-almond\outputs\run_20260723_code_cvefixes_winner_xfg_round1\runs\baseline\00_cve-2022-48620,C:\Users\weijt\Desktop\UNSW\COMP9900\project\capstone-project-26t2-9900-t17a-almond\outputs\run_20260723_code_cvefixes_winner_xfg_round1\runs\perturbed\00_cve-2022-48620__sink_bound_guard__c1,C:\Users\weijt\Desktop\UNSW\COMP9900\project\capstone-project-26t2-9900-t17a-almond\outputs\run_20260723_code_cvefixes_winner_xfg_round1\sources\00_cve-2022-48620__sink_bound_guard__c1.c,inserted 1 early-return bound guard(s) before sensitive sink calls nearest baseline winner-XFG key line 53,
00_cve-2022-48620,C:\Users\weijt\Desktop\UNSW\COMP9900\project\capstone-project-26t2-9900-t17a-almond\input_sources\cvefixes\vulnerable\00_cve-2022-48620.c,sink_bound_guard,winner-xfg,ptr,53,0.00044025862007401884,"225,378",2,2,generated,ran,False,0,0,0.00044025862007401884,0.00044025862007401884,0.0,1696,1724,28,3762,3842,80,C:\Users\weijt\Desktop\UNSW\COMP9900\project\capstone-project-26t2-9900-t17a-almond\outputs\run_20260723_code_cvefixes_winner_xfg_round1\runs\baseline\00_cve-2022-48620,C:\Users\weijt\Desktop\UNSW\COMP9900\project\capstone-project-26t2-9900-t17a-almond\outputs\run_20260723_code_cvefixes_winner_xfg_round1\runs\perturbed\00_cve-2022-48620__sink_bound_guard__c2,C:\Users\weijt\Desktop\UNSW\COMP9900\project\capstone-project-26t2-9900-t17a-almond\outputs\run_20260723_code_cvefixes_winner_xfg_round1\sources\00_cve-2022-48620__sink_bound_guard__c2.c,inserted 2 early-return bound guard(s) before sensitive sink calls nearest baseline winner-XFG key line 53,
00_cve-2022-48620,C:\Users\weijt\Desktop\UNSW\COMP9900\project\capstone-project-26t2-9900-t17a-almond\input_sources\cvefixes\vulnerable\00_cve-2022-48620.c,sink_bound_guard,winner-xfg,ptr,53,0.00044025862007401884,"225,378",3,2,partial,run_partial,False,0,0,0.00044025862007401884,0.00044025862007401884,0.0,1696,1724,28,3762,3842,80,C:\Users\weijt\Desktop\UNSW\COMP9900\project\capstone-project-26t2-9900-t17a-almond\outputs\run_20260723_code_cvefixes_winner_xfg_round1\runs\baseline\00_cve-2022-48620,C:\Users\weijt\Desktop\UNSW\COMP9900\project\capstone-project-26t2-9900-t17a-almond\outputs\run_20260723_code_cvefixes_winner_xfg_round1\runs\perturbed\00_cve-2022-48620__sink_bound_guard__c3,C:\Users\weijt\Desktop\UNSW\COMP9900\project\capstone-project-26t2-9900-t17a-almond\outputs\run_20260723_code_cvefixes_winner_xfg_round1\sources\00_cve-2022-48620__sink_bound_guard__c3.c,inserted 2 early-return bound guard(s) before sensitive sink calls nearest baseline winner-XFG key line 53,
00_cve-2022-48620,C:\Users\weijt\Desktop\UNSW\COMP9900\project\capstone-project-26t2-9900-t17a-almond\input_sources\cvefixes\vulnerable\00_cve-2022-48620.c,postcondition_validation,winner-xfg,ptr,53,0.00044025862007401884,,1,0,skipped,target_unavailable,,,,,,,,,,,,,C:\Users\weijt\Desktop\UNSW\COMP9900\project\capstone-project-26t2-9900-t17a-almond\outputs\run_20260723_code_cvefixes_winner_xfg_round1\runs\baseline\00_cve-2022-48620,,,action postcondition_validation has no winner-XFG-local implementation,action postcondition_validation has no winner-XFG-local implementation
00_cve-2022-48620,C:\Users\weijt\Desktop\UNSW\COMP9900\project\capstone-project-26t2-9900-t17a-almond\input_sources\cvefixes\vulnerable\00_cve-2022-48620.c,integer_overflow_guard,winner-xfg,ptr,53,0.00044025862007401884,,1,0,skipped,ran,,,,,,,,,,,,,C:\Users\weijt\Desktop\UNSW\COMP9900\project\capstone-project-26t2-9900-t17a-almond\outputs\run_20260723_code_cvefixes_winner_xfg_round1\runs\baseline\00_cve-2022-48620,,,no allocation size addition or multiplication expression found,
00_cve-2022-48620,C:\Users\weijt\Desktop\UNSW\COMP9900\project\capstone-project-26t2-9900-t17a-almond\input_sources\cvefixes\vulnerable\00_cve-2022-48620.c,array_index_bound_guard,winner-xfg,ptr,53,0.00044025862007401884,,1,0,skipped,ran,,,,,,,,,,,,,C:\Users\weijt\Desktop\UNSW\COMP9900\project\capstone-project-26t2-9900-t17a-almond\outputs\run_20260723_code_cvefixes_winner_xfg_round1\runs\baseline\00_cve-2022-48620,,,no array write found for index bound guard,
00_cve-2022-48620,C:\Users\weijt\Desktop\UNSW\COMP9900\project\capstone-project-26t2-9900-t17a-almond\input_sources\cvefixes\vulnerable\00_cve-2022-48620.c,wide_char_sink_guard,winner-xfg,ptr,53,0.00044025862007401884,,1,0,skipped,ran,,,,,,,,,,,,,C:\Users\weijt\Desktop\UNSW\COMP9900\project\capstone-project-26t2-9900-t17a-almond\outputs\run_20260723_code_cvefixes_winner_xfg_round1\runs\baseline\00_cve-2022-48620,,,no wcscat/wcscpy wide-character sink found,
00_cve-2022-48620,C:\Users\weijt\Desktop\UNSW\COMP9900\project\capstone-project-26t2-9900-t17a-almond\input_sources\cvefixes\vulnerable\00_cve-2022-48620.c,pattern_dead_code,winner-xfg,ptr,53,0.00044025862007401884,53,1,1,generated,ran,False,0,0,0.00044025862007401884,0.0012159310281276703,0.0007756724080536515,1696,1751,55,3762,3863,101,C:\Users\weijt\Desktop\UNSW\COMP9900\project\capstone-project-26t2-9900-t17a-almond\outputs\run_20260723_code_cvefixes_winner_xfg_round1\runs\baseline\00_cve-2022-48620,C:\Users\weijt\Desktop\UNSW\COMP9900\project\capstone-project-26t2-9900-t17a-almond\outputs\run_20260723_code_cvefixes_winner_xfg_round1\runs\perturbed\00_cve-2022-48620__pattern_dead_code__c1,C:\Users\weijt\Desktop\UNSW\COMP9900\project\capstone-project-26t2-9900-t17a-almond\outputs\run_20260723_code_cvefixes_winner_xfg_round1\sources\00_cve-2022-48620__pattern_dead_code__c1.c,inserted 1 unreachable pointer/array/length pattern block(s) near sensitive or structural lines nearest baseline winner-XFG key line 53,
00_cve-2022-48620,C:\Users\weijt\Desktop\UNSW\COMP9900\project\capstone-project-26t2-9900-t17a-almond\input_sources\cvefixes\vulnerable\00_cve-2022-48620.c,pattern_dead_code,winner-xfg,ptr,53,0.00044025862007401884,"53,51",2,2,generated,ran,False,0,0,0.00044025862007401884,0.0013735861284658313,0.0009333275083918124,1696,1806,110,3762,3964,202,C:\Users\weijt\Desktop\UNSW\COMP9900\project\capstone-project-26t2-9900-t17a-almond\outputs\run_20260723_code_cvefixes_winner_xfg_round1\runs\baseline\00_cve-2022-48620,C:\Users\weijt\Desktop\UNSW\COMP9900\project\capstone-project-26t2-9900-t17a-almond\outputs\run_20260723_code_cvefixes_winner_xfg_round1\runs\perturbed\00_cve-2022-48620__pattern_dead_code__c2,C:\Users\weijt\Desktop\UNSW\COMP9900\project\capstone-project-26t2-9900-t17a-almond\outputs\run_20260723_code_cvefixes_winner_xfg_round1\sources\00_cve-2022-48620__pattern_dead_code__c2.c,inserted 2 unreachable pointer/array/length pattern block(s) near sensitive or structural lines nearest baseline winner-XFG key line 53,
00_cve-2022-48620,C:\Users\weijt\Desktop\UNSW\COMP9900\project\capstone-project-26t2-9900-t17a-almond\input_sources\cvefixes\vulnerable\00_cve-2022-48620.c,pattern_dead_code,winner-xfg,ptr,53,0.00044025862007401884,"53,51,75",3,3,generated,ran,False,0,0,0.00044025862007401884,0.0013735861284658313,0.0009333275083918124,1696,1812,116,3762,3967,205,C:\Users\weijt\Desktop\UNSW\COMP9900\project\capstone-project-26t2-9900-t17a-almond\outputs\run_20260723_code_cvefixes_winner_xfg_round1\runs\baseline\00_cve-2022-48620,C:\Users\weijt\Desktop\UNSW\COMP9900\project\capstone-project-26t2-9900-t17a-almond\outputs\run_20260723_code_cvefixes_winner_xfg_round1\runs\perturbed\00_cve-2022-48620__pattern_dead_code__c3,C:\Users\weijt\Desktop\UNSW\COMP9900\project\capstone-project-26t2-9900-t17a-almond\outputs\run_20260723_code_cvefixes_winner_xfg_round1\sources\00_cve-2022-48620__pattern_dead_code__c3.c,inserted 3 unreachable pointer/array/length pattern block(s) near sensitive or structural lines nearest baseline winner-XFG key line 53,
00_cve-2022-48620,C:\Users\weijt\Desktop\UNSW\COMP9900\project\capstone-project-26t2-9900-t17a-almond\input_sources\cvefixes\vulnerable\00_cve-2022-48620.c,pattern_dead_code,winner-xfg,ptr,53,0.00044025862007401884,"53,51,75,82,83",5,5,generated,ran,False,0,0,0.00044025862007401884,0.0013735861284658313,0.0009333275083918124,1696,1922,226,3762,4169,407,C:\Users\weijt\Desktop\UNSW\COMP9900\project\capstone-project-26t2-9900-t17a-almond\outputs\run_20260723_code_cvefixes_winner_xfg_round1\runs\baseline\00_cve-2022-48620,C:\Users\weijt\Desktop\UNSW\COMP9900\project\capstone-project-26t2-9900-t17a-almond\outputs\run_20260723_code_cvefixes_winner_xfg_round1\runs\perturbed\00_cve-2022-48620__pattern_dead_code__c5,C:\Users\weijt\Desktop\UNSW\COMP9900\project\capstone-project-26t2-9900-t17a-almond\outputs\run_20260723_code_cvefixes_winner_xfg_round1\sources\00_cve-2022-48620__pattern_dead_code__c5.c,inserted 5 unreachable pointer/array/length pattern block(s) near sensitive or structural lines nearest baseline winner-XFG key line 53,
00_cve-2022-48620,C:\Users\weijt\Desktop\UNSW\COMP9900\project\capstone-project-26t2-9900-t17a-almond\input_sources\cvefixes\vulnerable\00_cve-2022-48620.c,control_wrapper,winner-xfg,ptr,53,0.00044025862007401884,53,1,1,generated,ran,False,0,0,0.00044025862007401884,0.004162970930337906,0.003722712310263887,1696,1700,4,3762,3771,9,C:\Users\weijt\Desktop\UNSW\COMP9900\project\capstone-project-26t2-9900-t17a-almond\outputs\run_20260723_code_cvefixes_winner_xfg_round1\runs\baseline\00_cve-2022-48620,C:\Users\weijt\Desktop\UNSW\COMP9900\project\capstone-project-26t2-9900-t17a-almond\outputs\run_20260723_code_cvefixes_winner_xfg_round1\runs\perturbed\00_cve-2022-48620__control_wrapper__c1,C:\Users\weijt\Desktop\UNSW\COMP9900\project\capstone-project-26t2-9900-t17a-almond\outputs\run_20260723_code_cvefixes_winner_xfg_round1\sources\00_cve-2022-48620__control_wrapper__c1.c,wrapped 1 safe single-line statement(s) with if (1) blocks nearest baseline winner-XFG key line 53,
00_cve-2022-48620,C:\Users\weijt\Desktop\UNSW\COMP9900\project\capstone-project-26t2-9900-t17a-almond\input_sources\cvefixes\vulnerable\00_cve-2022-48620.c,control_wrapper,winner-xfg,ptr,53,0.00044025862007401884,"53,51",2,2,generated,ran,False,0,0,0.00044025862007401884,0.04378660395741463,0.04334634533734061,1696,1704,8,3762,3780,18,C:\Users\weijt\Desktop\UNSW\COMP9900\project\capstone-project-26t2-9900-t17a-almond\outputs\run_20260723_code_cvefixes_winner_xfg_round1\runs\baseline\00_cve-2022-48620,C:\Users\weijt\Desktop\UNSW\COMP9900\project\capstone-project-26t2-9900-t17a-almond\outputs\run_20260723_code_cvefixes_winner_xfg_round1\runs\perturbed\00_cve-2022-48620__control_wrapper__c2,C:\Users\weijt\Desktop\UNSW\COMP9900\project\capstone-project-26t2-9900-t17a-almond\outputs\run_20260723_code_cvefixes_winner_xfg_round1\sources\00_cve-2022-48620__control_wrapper__c2.c,wrapped 2 safe single-line statement(s) with if (1) blocks nearest baseline winner-XFG key line 53,
00_cve-2022-48620,C:\Users\weijt\Desktop\UNSW\COMP9900\project\capstone-project-26t2-9900-t17a-almond\input_sources\cvefixes\vulnerable\00_cve-2022-48620.c,control_wrapper,winner-xfg,ptr,53,0.00044025862007401884,"53,51,55",3,3,generated,ran,False,0,0,0.00044025862007401884,0.04378660395741463,0.04334634533734061,1696,1708,12,3762,3789,27,C:\Users\weijt\Desktop\UNSW\COMP9900\project\capstone-project-26t2-9900-t17a-almond\outputs\run_20260723_code_cvefixes_winner_xfg_round1\runs\baseline\00_cve-2022-48620,C:\Users\weijt\Desktop\UNSW\COMP9900\project\capstone-project-26t2-9900-t17a-almond\outputs\run_20260723_code_cvefixes_winner_xfg_round1\runs\perturbed\00_cve-2022-48620__control_wrapper__c3,C:\Users\weijt\Desktop\UNSW\COMP9900\project\capstone-project-26t2-9900-t17a-almond\outputs\run_20260723_code_cvefixes_winner_xfg_round1\sources\00_cve-2022-48620__control_wrapper__c3.c,wrapped 3 safe single-line statement(s) with if (1) blocks nearest baseline winner-XFG key line 53,
00_cve-2022-48620,C:\Users\weijt\Desktop\UNSW\COMP9900\project\capstone-project-26t2-9900-t17a-almond\input_sources\cvefixes\vulnerable\00_cve-2022-48620.c,control_wrapper,winner-xfg,ptr,53,0.00044025862007401884,"53,51,55,48,46",5,5,generated,ran,False,0,0,0.00044025862007401884,0.001013045315630734,0.0005727866955567151,1696,1716,20,3762,3796,34,C:\Users\weijt\Desktop\UNSW\COMP9900\project\capstone-project-26t2-9900-t17a-almond\outputs\run_20260723_code_cvefixes_winner_xfg_round1\runs\baseline\00_cve-2022-48620,C:\Users\weijt\Desktop\UNSW\COMP9900\project\capstone-project-26t2-9900-t17a-almond\outputs\run_20260723_code_cvefixes_winner_xfg_round1\runs\perturbed\00_cve-2022-48620__control_wrapper__c5,C:\Users\weijt\Desktop\UNSW\COMP9900\project\capstone-project-26t2-9900-t17a-almond\outputs\run_20260723_code_cvefixes_winner_xfg_round1\sources\00_cve-2022-48620__control_wrapper__c5.c,wrapped 5 safe single-line statement(s) with if (1) blocks nearest baseline winner-XFG key line 53,
00_cve-2022-48620,C:\Users\weijt\Desktop\UNSW\COMP9900\project\capstone-project-26t2-9900-t17a-almond\input_sources\cvefixes\vulnerable\00_cve-2022-48620.c,temp_variable_split,winner-xfg,ptr,53,0.00044025862007401884,78,1,1,generated,ran,False,0,0,0.00044025862007401884,0.00044025862007401884,0.0,1696,1704,8,3762,3780,18,C:\Users\weijt\Desktop\UNSW\COMP9900\project\capstone-project-26t2-9900-t17a-almond\outputs\run_20260723_code_cvefixes_winner_xfg_round1\runs\baseline\00_cve-2022-48620,C:\Users\weijt\Desktop\UNSW\COMP9900\project\capstone-project-26t2-9900-t17a-almond\outputs\run_20260723_code_cvefixes_winner_xfg_round1\runs\perturbed\00_cve-2022-48620__temp_variable_split__c1,C:\Users\weijt\Desktop\UNSW\COMP9900\project\capstone-project-26t2-9900-t17a-almond\outputs\run_20260723_code_cvefixes_winner_xfg_round1\sources\00_cve-2022-48620__temp_variable_split__c1.c,split 1 simple assignment(s) through temporary integer variables nearest baseline winner-XFG key line 53,
00_cve-2022-48620,C:\Users\weijt\Desktop\UNSW\COMP9900\project\capstone-project-26t2-9900-t17a-almond\input_sources\cvefixes\vulnerable\00_cve-2022-48620.c,temp_variable_split,winner-xfg,ptr,53,0.00044025862007401884,"78,99",2,2,generated,ran,False,0,0,0.00044025862007401884,0.00044025862007401884,0.0,1696,1712,16,3762,3798,36,C:\Users\weijt\Desktop\UNSW\COMP9900\project\capstone-project-26t2-9900-t17a-almond\outputs\run_20260723_code_cvefixes_winner_xfg_round1\runs\baseline\00_cve-2022-48620,C:\Users\weijt\Desktop\UNSW\COMP9900\project\capstone-project-26t2-9900-t17a-almond\outputs\run_20260723_code_cvefixes_winner_xfg_round1\runs\perturbed\00_cve-2022-48620__temp_variable_split__c2,C:\Users\weijt\Desktop\UNSW\COMP9900\project\capstone-project-26t2-9900-t17a-almond\outputs\run_20260723_code_cvefixes_winner_xfg_round1\sources\00_cve-2022-48620__temp_variable_split__c2.c,split 2 simple assignment(s) through temporary integer variables nearest baseline winner-XFG key line 53,
00_cve-2022-48620,C:\Users\weijt\Desktop\UNSW\COMP9900\project\capstone-project-26t2-9900-t17a-almond\input_sources\cvefixes\vulnerable\00_cve-2022-48620.c,temp_variable_split,winner-xfg,ptr,53,0.00044025862007401884,"78,99,136",3,3,generated,ran,False,0,0,0.00044025862007401884,0.00044025862007401884,0.0,1696,1720,24,3762,3816,54,C:\Users\weijt\Desktop\UNSW\COMP9900\project\capstone-project-26t2-9900-t17a-almond\outputs\run_20260723_code_cvefixes_winner_xfg_round1\runs\baseline\00_cve-2022-48620,C:\Users\weijt\Desktop\UNSW\COMP9900\project\capstone-project-26t2-9900-t17a-almond\outputs\run_20260723_code_cvefixes_winner_xfg_round1\runs\perturbed\00_cve-2022-48620__temp_variable_split__c3,C:\Users\weijt\Desktop\UNSW\COMP9900\project\capstone-project-26t2-9900-t17a-almond\outputs\run_20260723_code_cvefixes_winner_xfg_round1\sources\00_cve-2022-48620__temp_variable_split__c3.c,split 3 simple assignment(s) through temporary integer variables nearest baseline winner-XFG key line 53,
00_cve-2022-48620,C:\Users\weijt\Desktop\UNSW\COMP9900\project\capstone-project-26t2-9900-t17a-almond\input_sources\cvefixes\vulnerable\00_cve-2022-48620.c,temp_variable_split,winner-xfg,ptr,53,0.00044025862007401884,"78,99,136,170,221",5,5,generated,ran,False,0,0,0.00044025862007401884,0.00044025862007401884,0.0,1696,1736,40,3762,3852,90,C:\Users\weijt\Desktop\UNSW\COMP9900\project\capstone-project-26t2-9900-t17a-almond\outputs\run_20260723_code_cvefixes_winner_xfg_round1\runs\baseline\00_cve-2022-48620,C:\Users\weijt\Desktop\UNSW\COMP9900\project\capstone-project-26t2-9900-t17a-almond\outputs\run_20260723_code_cvefixes_winner_xfg_round1\runs\perturbed\00_cve-2022-48620__temp_variable_split__c5,C:\Users\weijt\Desktop\UNSW\COMP9900\project\capstone-project-26t2-9900-t17a-almond\outputs\run_20260723_code_cvefixes_winner_xfg_round1\sources\00_cve-2022-48620__temp_variable_split__c5.c,split 5 simple assignment(s) through temporary integer variables nearest baseline winner-XFG key line 53,
01_cve-2020-1763,C:\Users\weijt\Desktop\UNSW\COMP9900\project\capstone-project-26t2-9900-t17a-almond\input_sources\cvefixes\vulnerable\01_cve-2020-1763.c,data_flow_alias,winner-xfg,ptr,977,1.0,977,1,1,generated,ran,False,1,1,1.0,1.0,0.0,10993,11009,16,23629,23667,38,C:\Users\weijt\Desktop\UNSW\COMP9900\project\capstone-project-26t2-9900-t17a-almond\outputs\run_20260723_code_cvefixes_winner_xfg_round1\runs\baseline\01_cve-2020-1763,C:\Users\weijt\Desktop\UNSW\COMP9900\project\capstone-project-26t2-9900-t17a-almond\outputs\run_20260723_code_cvefixes_winner_xfg_round1\runs\perturbed\01_cve-2020-1763__data_flow_alias__c1,C:\Users\weijt\Desktop\UNSW\COMP9900\project\capstone-project-26t2-9900-t17a-almond\outputs\run_20260723_code_cvefixes_winner_xfg_round1\sources\01_cve-2020-1763__data_flow_alias__c1.c,inserted 1 alias-preserving data-flow no-op(s) near call arguments nearest baseline winner-XFG key line 977,
01_cve-2020-1763,C:\Users\weijt\Desktop\UNSW\COMP9900\project\capstone-project-26t2-9900-t17a-almond\input_sources\cvefixes\vulnerable\01_cve-2020-1763.c,data_flow_alias,winner-xfg,ptr,977,1.0,"977,978",2,2,generated,ran,False,1,1,1.0,1.0,0.0,10993,11029,36,23629,23705,76,C:\Users\weijt\Desktop\UNSW\COMP9900\project\capstone-project-26t2-9900-t17a-almond\outputs\run_20260723_code_cvefixes_winner_xfg_round1\runs\baseline\01_cve-2020-1763,C:\Users\weijt\Desktop\UNSW\COMP9900\project\capstone-project-26t2-9900-t17a-almond\outputs\run_20260723_code_cvefixes_winner_xfg_round1\runs\perturbed\01_cve-2020-1763__data_flow_alias__c2,C:\Users\weijt\Desktop\UNSW\COMP9900\project\capstone-project-26t2-9900-t17a-almond\outputs\run_20260723_code_cvefixes_winner_xfg_round1\sources\01_cve-2020-1763__data_flow_alias__c2.c,inserted 2 alias-preserving data-flow no-op(s) near call arguments nearest baseline winner-XFG key line 977,
01_cve-2020-1763,C:\Users\weijt\Desktop\UNSW\COMP9900\project\capstone-project-26t2-9900-t17a-almond\input_sources\cvefixes\vulnerable\01_cve-2020-1763.c,data_flow_alias,winner-xfg,ptr,977,1.0,"977,978,979",3,3,generated,ran,False,1,1,1.0,1.0,0.0,10993,11049,56,23629,23743,114,C:\Users\weijt\Desktop\UNSW\COMP9900\project\capstone-project-26t2-9900-t17a-almond\outputs\run_20260723_code_cvefixes_winner_xfg_round1\runs\baseline\01_cve-2020-1763,C:\Users\weijt\Desktop\UNSW\COMP9900\project\capstone-project-26t2-9900-t17a-almond\outputs\run_20260723_code_cvefixes_winner_xfg_round1\runs\perturbed\01_cve-2020-1763__data_flow_alias__c3,C:\Users\weijt\Desktop\UNSW\COMP9900\project\capstone-project-26t2-9900-t17a-almond\outputs\run_20260723_code_cvefixes_winner_xfg_round1\sources\01_cve-2020-1763__data_flow_alias__c3.c,inserted 3 alias-preserving data-flow no-op(s) near call arguments nearest baseline winner-XFG key line 977,
01_cve-2020-1763,C:\Users\weijt\Desktop\UNSW\COMP9900\project\capstone-project-26t2-9900-t17a-almond\input_sources\cvefixes\vulnerable\01_cve-2020-1763.c,data_flow_alias,winner-xfg,ptr,977,1.0,"977,978,979,980,964",5,5,generated,ran,False,1,1,1.0,0.9999006986618042,-9.930133819580078e-05,10993,11053,60,23629,23742,113,C:\Users\weijt\Desktop\UNSW\COMP9900\project\capstone-project-26t2-9900-t17a-almond\outputs\run_20260723_code_cvefixes_winner_xfg_round1\runs\baseline\01_cve-2020-1763,C:\Users\weijt\Desktop\UNSW\COMP9900\project\capstone-project-26t2-9900-t17a-almond\outputs\run_20260723_code_cvefixes_winner_xfg_round1\runs\perturbed\01_cve-2020-1763__data_flow_alias__c5,C:\Users\weijt\Desktop\UNSW\COMP9900\project\capstone-project-26t2-9900-t17a-almond\outputs\run_20260723_code_cvefixes_winner_xfg_round1\sources\01_cve-2020-1763__data_flow_alias__c5.c,inserted 5 alias-preserving data-flow no-op(s) near call arguments nearest baseline winner-XFG key line 977,
01_cve-2020-1763,C:\Users\weijt\Desktop\UNSW\COMP9900\project\capstone-project-26t2-9900-t17a-almond\input_sources\cvefixes\vulnerable\01_cve-2020-1763.c,dead_statement,winner-xfg,ptr,977,1.0,978,1,1,generated,ran,False,1,1,1.0,1.0,0.0,10993,11005,12,23629,23656,27,C:\Users\weijt\Desktop\UNSW\COMP9900\project\capstone-project-26t2-9900-t17a-almond\outputs\run_20260723_code_cvefixes_winner_xfg_round1\runs\baseline\01_cve-2020-1763,C:\Users\weijt\Desktop\UNSW\COMP9900\project\capstone-project-26t2-9900-t17a-almond\outputs\run_20260723_code_cvefixes_winner_xfg_round1\runs\perturbed\01_cve-2020-1763__dead_statement__c1,C:\Users\weijt\Desktop\UNSW\COMP9900\project\capstone-project-26t2-9900-t17a-almond\outputs\run_20260723_code_cvefixes_winner_xfg_round1\sources\01_cve-2020-1763__dead_statement__c1.c,inserted 1 harmless dummy integer statement pair(s) nearest baseline winner-XFG key line 977,
01_cve-2020-1763,C:\Users\weijt\Desktop\UNSW\COMP9900\project\capstone-project-26t2-9900-t17a-almond\input_sources\cvefixes\vulnerable\01_cve-2020-1763.c,dead_statement,winner-xfg,ptr,977,1.0,978,2,2,generated,ran,False,1,1,1.0,1.0,0.0,10993,11017,24,23629,23683,54,C:\Users\weijt\Desktop\UNSW\COMP9900\project\capstone-project-26t2-9900-t17a-almond\outputs\run_20260723_code_cvefixes_winner_xfg_round1\runs\baseline\01_cve-2020-1763,C:\Users\weijt\Desktop\UNSW\COMP9900\project\capstone-project-26t2-9900-t17a-almond\outputs\run_20260723_code_cvefixes_winner_xfg_round1\runs\perturbed\01_cve-2020-1763__dead_statement__c2,C:\Users\weijt\Desktop\UNSW\COMP9900\project\capstone-project-26t2-9900-t17a-almond\outputs\run_20260723_code_cvefixes_winner_xfg_round1\sources\01_cve-2020-1763__dead_statement__c2.c,inserted 2 harmless dummy integer statement pair(s) nearest baseline winner-XFG key line 977,
01_cve-2020-1763,C:\Users\weijt\Desktop\UNSW\COMP9900\project\capstone-project-26t2-9900-t17a-almond\input_sources\cvefixes\vulnerable\01_cve-2020-1763.c,dead_statement,winner-xfg,ptr,977,1.0,978,3,3,generated,ran,False,1,1,1.0,1.0,0.0,10993,11029,36,23629,23710,81,C:\Users\weijt\Desktop\UNSW\COMP9900\project\capstone-project-26t2-9900-t17a-almond\outputs\run_20260723_code_cvefixes_winner_xfg_round1\runs\baseline\01_cve-2020-1763,C:\Users\weijt\Desktop\UNSW\COMP9900\project\capstone-project-26t2-9900-t17a-almond\outputs\run_20260723_code_cvefixes_winner_xfg_round1\runs\perturbed\01_cve-2020-1763__dead_statement__c3,C:\Users\weijt\Desktop\UNSW\COMP9900\project\capstone-project-26t2-9900-t17a-almond\outputs\run_20260723_code_cvefixes_winner_xfg_round1\sources\01_cve-2020-1763__dead_statement__c3.c,inserted 3 harmless dummy integer statement pair(s) nearest baseline winner-XFG key line 977,
01_cve-2020-1763,C:\Users\weijt\Desktop\UNSW\COMP9900\project\capstone-project-26t2-9900-t17a-almond\input_sources\cvefixes\vulnerable\01_cve-2020-1763.c,dead_statement,winner-xfg,ptr,977,1.0,978,5,5,generated,ran,False,1,1,1.0,0.9999246597290039,-7.534027099609375e-05,10993,11053,60,23629,23764,135,C:\Users\weijt\Desktop\UNSW\COMP9900\project\capstone-project-26t2-9900-t17a-almond\outputs\run_20260723_code_cvefixes_winner_xfg_round1\runs\baseline\01_cve-2020-1763,C:\Users\weijt\Desktop\UNSW\COMP9900\project\capstone-project-26t2-9900-t17a-almond\outputs\run_20260723_code_cvefixes_winner_xfg_round1\runs\perturbed\01_cve-2020-1763__dead_statement__c5,C:\Users\weijt\Desktop\UNSW\COMP9900\project\capstone-project-26t2-9900-t17a-almond\outputs\run_20260723_code_cvefixes_winner_xfg_round1\sources\01_cve-2020-1763__dead_statement__c5.c,inserted 5 harmless dummy integer statement pair(s) nearest baseline winner-XFG key line 977,
01_cve-2020-1763,C:\Users\weijt\Desktop\UNSW\COMP9900\project\capstone-project-26t2-9900-t17a-almond\input_sources\cvefixes\vulnerable\01_cve-2020-1763.c,xfg_targeted_dead_code,winner-xfg,ptr,977,1.0,977,1,1,generated,ran,False,1,1,1.0,1.0,0.0,10993,11009,16,23629,23665,36,C:\Users\weijt\Desktop\UNSW\COMP9900\project\capstone-project-26t2-9900-t17a-almond\outputs\run_20260723_code_cvefixes_winner_xfg_round1\runs\baseline\01_cve-2020-1763,C:\Users\weijt\Desktop\UNSW\COMP9900\project\capstone-project-26t2-9900-t17a-almond\outputs\run_20260723_code_cvefixes_winner_xfg_round1\runs\perturbed\01_cve-2020-1763__xfg_targeted_dead_code__c1,C:\Users\weijt\Desktop\UNSW\COMP9900\project\capstone-project-26t2-9900-t17a-almond\outputs\run_20260723_code_cvefixes_winner_xfg_round1\sources\01_cve-2020-1763__xfg_targeted_dead_code__c1.c,inserted 1 unreachable no-op block(s) near XFG-relevant target lines nearest baseline winner-XFG key line 977,
01_cve-2020-1763,C:\Users\weijt\Desktop\UNSW\COMP9900\project\capstone-project-26t2-9900-t17a-almond\input_sources\cvefixes\vulnerable\01_cve-2020-1763.c,xfg_targeted_dead_code,winner-xfg,ptr,977,1.0,"977,965",2,2,generated,ran,False,1,1,1.0,1.0,0.0,10993,11009,16,23629,23665,36,C:\Users\weijt\Desktop\UNSW\COMP9900\project\capstone-project-26t2-9900-t17a-almond\outputs\run_20260723_code_cvefixes_winner_xfg_round1\runs\baseline\01_cve-2020-1763,C:\Users\weijt\Desktop\UNSW\COMP9900\project\capstone-project-26t2-9900-t17a-almond\outputs\run_20260723_code_cvefixes_winner_xfg_round1\runs\perturbed\01_cve-2020-1763__xfg_targeted_dead_code__c2,C:\Users\weijt\Desktop\UNSW\COMP9900\project\capstone-project-26t2-9900-t17a-almond\outputs\run_20260723_code_cvefixes_winner_xfg_round1\sources\01_cve-2020-1763__xfg_targeted_dead_code__c2.c,inserted 2 unreachable no-op block(s) near XFG-relevant target lines nearest baseline winner-XFG key line 977,
01_cve-2020-1763,C:\Users\weijt\Desktop\UNSW\COMP9900\project\capstone-project-26t2-9900-t17a-almond\input_sources\cvefixes\vulnerable\01_cve-2020-1763.c,xfg_targeted_dead_code,winner-xfg,ptr,977,1.0,"977,965,963",3,3,generated,ran,False,1,1,1.0,0.9999072551727295,-9.274482727050781e-05,10993,11039,46,23629,23791,162,C:\Users\weijt\Desktop\UNSW\COMP9900\project\capstone-project-26t2-9900-t17a-almond\outputs\run_20260723_code_cvefixes_winner_xfg_round1\runs\baseline\01_cve-2020-1763,C:\Users\weijt\Desktop\UNSW\COMP9900\project\capstone-project-26t2-9900-t17a-almond\outputs\run_20260723_code_cvefixes_winner_xfg_round1\runs\perturbed\01_cve-2020-1763__xfg_targeted_dead_code__c3,C:\Users\weijt\Desktop\UNSW\COMP9900\project\capstone-project-26t2-9900-t17a-almond\outputs\run_20260723_code_cvefixes_winner_xfg_round1\sources\01_cve-2020-1763__xfg_targeted_dead_code__c3.c,inserted 3 unreachable no-op block(s) near XFG-relevant target lines nearest baseline winner-XFG key line 977,
01_cve-2020-1763,C:\Users\weijt\Desktop\UNSW\COMP9900\project\capstone-project-26t2-9900-t17a-almond\input_sources\cvefixes\vulnerable\01_cve-2020-1763.c,xfg_targeted_dead_code,winner-xfg,ptr,977,1.0,"977,965,963,991,962",5,5,generated,ran,False,1,1,1.0,0.999991774559021,-8.225440979003906e-06,10993,11055,62,23629,23827,198,C:\Users\weijt\Desktop\UNSW\COMP9900\project\capstone-project-26t2-9900-t17a-almond\outputs\run_20260723_code_cvefixes_winner_xfg_round1\runs\baseline\01_cve-2020-1763,C:\Users\weijt\Desktop\UNSW\COMP9900\project\capstone-project-26t2-9900-t17a-almond\outputs\run_20260723_code_cvefixes_winner_xfg_round1\runs\perturbed\01_cve-2020-1763__xfg_targeted_dead_code__c5,C:\Users\weijt\Desktop\UNSW\COMP9900\project\capstone-project-26t2-9900-t17a-almond\outputs\run_20260723_code_cvefixes_winner_xfg_round1\sources\01_cve-2020-1763__xfg_targeted_dead_code__c5.c,inserted 5 unreachable no-op block(s) near XFG-relevant target lines nearest baseline winner-XFG key line 977,
01_cve-2020-1763,C:\Users\weijt\Desktop\UNSW\COMP9900\project\capstone-project-26t2-9900-t17a-almond\input_sources\cvefixes\vulnerable\01_cve-2020-1763.c,range_clamp,winner-xfg,ptr,977,1.0,991,1,1,generated,ran,False,1,1,1.0,1.0,0.0,10993,11023,30,23629,23697,68,C:\Users\weijt\Desktop\UNSW\COMP9900\project\capstone-project-26t2-9900-t17a-almond\outputs\run_20260723_code_cvefixes_winner_xfg_round1\runs\baseline\01_cve-2020-1763,C:\Users\weijt\Desktop\UNSW\COMP9900\project\capstone-project-26t2-9900-t17a-almond\outputs\run_20260723_code_cvefixes_winner_xfg_round1\runs\perturbed\01_cve-2020-1763__range_clamp__c1,C:\Users\weijt\Desktop\UNSW\COMP9900\project\capstone-project-26t2-9900-t17a-almond\outputs\run_20260723_code_cvefixes_winner_xfg_round1\sources\01_cve-2020-1763__range_clamp__c1.c,clamped 1 sensitive sink size/count argument(s) through bounded local variables nearest baseline winner-XFG key line 977,
01_cve-2020-1763,C:\Users\weijt\Desktop\UNSW\COMP9900\project\capstone-project-26t2-9900-t17a-almond\input_sources\cvefixes\vulnerable\01_cve-2020-1763.c,range_clamp,winner-xfg,ptr,977,1.0,991,2,1,partial,run_partial,False,1,1,1.0,1.0,0.0,10993,11023,30,23629,23697,68,C:\Users\weijt\Desktop\UNSW\COMP9900\project\capstone-project-26t2-9900-t17a-almond\outputs\run_20260723_code_cvefixes_winner_xfg_round1\runs\baseline\01_cve-2020-1763,C:\Users\weijt\Desktop\UNSW\COMP9900\project\capstone-project-26t2-9900-t17a-almond\outputs\run_20260723_code_cvefixes_winner_xfg_round1\runs\perturbed\01_cve-2020-1763__range_clamp__c2,C:\Users\weijt\Desktop\UNSW\COMP9900\project\capstone-project-26t2-9900-t17a-almond\outputs\run_20260723_code_cvefixes_winner_xfg_round1\sources\01_cve-2020-1763__range_clamp__c2.c,clamped 1 sensitive sink size/count argument(s) through bounded local variables nearest baseline winner-XFG key line 977,
01_cve-2020-1763,C:\Users\weijt\Desktop\UNSW\COMP9900\project\capstone-project-26t2-9900-t17a-almond\input_sources\cvefixes\vulnerable\01_cve-2020-1763.c,safe_source_substitution,winner-xfg,ptr,977,1.0,1005,1,1,generated,ran,False,1,1,1.0,1.0,0.0,10993,11001,8,23629,23644,15,C:\Users\weijt\Desktop\UNSW\COMP9900\project\capstone-project-26t2-9900-t17a-almond\outputs\run_20260723_code_cvefixes_winner_xfg_round1\runs\baseline\01_cve-2020-1763,C:\Users\weijt\Desktop\UNSW\COMP9900\project\capstone-project-26t2-9900-t17a-almond\outputs\run_20260723_code_cvefixes_winner_xfg_round1\runs\perturbed\01_cve-2020-1763__safe_source_substitution__c1,C:\Users\weijt\Desktop\UNSW\COMP9900\project\capstone-project-26t2-9900-t17a-almond\outputs\run_20260723_code_cvefixes_winner_xfg_round1\sources\01_cve-2020-1763__safe_source_substitution__c1.c,replaced 1 nested pointer source expression(s) with guarded fallback expressions nearest baseline winner-XFG key line 977,
01_cve-2020-1763,C:\Users\weijt\Desktop\UNSW\COMP9900\project\capstone-project-26t2-9900-t17a-almond\input_sources\cvefixes\vulnerable\01_cve-2020-1763.c,safe_source_substitution,winner-xfg,ptr,977,1.0,"1005,1062",2,2,generated,ran,False,1,1,1.0,1.0,0.0,10993,11011,18,23629,23661,32,C:\Users\weijt\Desktop\UNSW\COMP9900\project\capstone-project-26t2-9900-t17a-almond\outputs\run_20260723_code_cvefixes_winner_xfg_round1\runs\baseline\01_cve-2020-1763,C:\Users\weijt\Desktop\UNSW\COMP9900\project\capstone-project-26t2-9900-t17a-almond\outputs\run_20260723_code_cvefixes_winner_xfg_round1\runs\perturbed\01_cve-2020-1763__safe_source_substitution__c2,C:\Users\weijt\Desktop\UNSW\COMP9900\project\capstone-project-26t2-9900-t17a-almond\outputs\run_20260723_code_cvefixes_winner_xfg_round1\sources\01_cve-2020-1763__safe_source_substitution__c2.c,replaced 2 nested pointer source expression(s) with guarded fallback expressions nearest baseline winner-XFG key line 977,
01_cve-2020-1763,C:\Users\weijt\Desktop\UNSW\COMP9900\project\capstone-project-26t2-9900-t17a-almond\input_sources\cvefixes\vulnerable\01_cve-2020-1763.c,safe_source_substitution,winner-xfg,ptr,977,1.0,"1005,1062,889",3,3,generated,ran,False,1,1,1.0,1.0,0.0,10993,11011,18,23629,23661,32,C:\Users\weijt\Desktop\UNSW\COMP9900\project\capstone-project-26t2-9900-t17a-almond\outputs\run_20260723_code_cvefixes_winner_xfg_round1\runs\baseline\01_cve-2020-1763,C:\Users\weijt\Desktop\UNSW\COMP9900\project\capstone-project-26t2-9900-t17a-almond\outputs\run_20260723_code_cvefixes_winner_xfg_round1\runs\perturbed\01_cve-2020-1763__safe_source_substitution__c3,C:\Users\weijt\Desktop\UNSW\COMP9900\project\capstone-project-26t2-9900-t17a-almond\outputs\run_20260723_code_cvefixes_winner_xfg_round1\sources\01_cve-2020-1763__safe_source_substitution__c3.c,replaced 3 nested pointer source expression(s) with guarded fallback expressions nearest baseline winner-XFG key line 977,
01_cve-2020-1763,C:\Users\weijt\Desktop\UNSW\COMP9900\project\capstone-project-26t2-9900-t17a-almond\input_sources\cvefixes\vulnerable\01_cve-2020-1763.c,safe_source_substitution,winner-xfg,ptr,977,1.0,"1005,1062,889,1126,1127",5,5,generated,ran,False,1,1,1.0,1.0,0.0,10993,11028,35,23629,23696,67,C:\Users\weijt\Desktop\UNSW\COMP9900\project\capstone-project-26t2-9900-t17a-almond\outputs\run_20260723_code_cvefixes_winner_xfg_round1\runs\baseline\01_cve-2020-1763,C:\Users\weijt\Desktop\UNSW\COMP9900\project\capstone-project-26t2-9900-t17a-almond\outputs\run_20260723_code_cvefixes_winner_xfg_round1\runs\perturbed\01_cve-2020-1763__safe_source_substitution__c5,C:\Users\weijt\Desktop\UNSW\COMP9900\project\capstone-project-26t2-9900-t17a-almond\outputs\run_20260723_code_cvefixes_winner_xfg_round1\sources\01_cve-2020-1763__safe_source_substitution__c5.c,replaced 5 nested pointer source expression(s) with guarded fallback expressions nearest baseline winner-XFG key line 977,
01_cve-2020-1763,C:\Users\weijt\Desktop\UNSW\COMP9900\project\capstone-project-26t2-9900-t17a-almond\input_sources\cvefixes\vulnerable\01_cve-2020-1763.c,sink_bound_guard,winner-xfg,ptr,977,1.0,991,1,1,generated,ran,False,1,1,1.0,1.0,0.0,10993,11005,12,23629,23650,21,C:\Users\weijt\Desktop\UNSW\COMP9900\project\capstone-project-26t2-9900-t17a-almond\outputs\run_20260723_code_cvefixes_winner_xfg_round1\runs\baseline\01_cve-2020-1763,C:\Users\weijt\Desktop\UNSW\COMP9900\project\capstone-project-26t2-9900-t17a-almond\outputs\run_20260723_code_cvefixes_winner_xfg_round1\runs\perturbed\01_cve-2020-1763__sink_bound_guard__c1,C:\Users\weijt\Desktop\UNSW\COMP9900\project\capstone-project-26t2-9900-t17a-almond\outputs\run_20260723_code_cvefixes_winner_xfg_round1\sources\01_cve-2020-1763__sink_bound_guard__c1.c,inserted 1 early-return bound guard(s) before sensitive sink calls nearest baseline winner-XFG key line 977,
01_cve-2020-1763,C:\Users\weijt\Desktop\UNSW\COMP9900\project\capstone-project-26t2-9900-t17a-almond\input_sources\cvefixes\vulnerable\01_cve-2020-1763.c,sink_bound_guard,winner-xfg,ptr,977,1.0,991,2,1,partial,run_partial,False,1,1,1.0,1.0,0.0,10993,11005,12,23629,23650,21,C:\Users\weijt\Desktop\UNSW\COMP9900\project\capstone-project-26t2-9900-t17a-almond\outputs\run_20260723_code_cvefixes_winner_xfg_round1\runs\baseline\01_cve-2020-1763,C:\Users\weijt\Desktop\UNSW\COMP9900\project\capstone-project-26t2-9900-t17a-almond\outputs\run_20260723_code_cvefixes_winner_xfg_round1\runs\perturbed\01_cve-2020-1763__sink_bound_guard__c2,C:\Users\weijt\Desktop\UNSW\COMP9900\project\capstone-project-26t2-9900-t17a-almond\outputs\run_20260723_code_cvefixes_winner_xfg_round1\sources\01_cve-2020-1763__sink_bound_guard__c2.c,inserted 1 early-return bound guard(s) before sensitive sink calls nearest baseline winner-XFG key line 977,
01_cve-2020-1763,C:\Users\weijt\Desktop\UNSW\COMP9900\project\capstone-project-26t2-9900-t17a-almond\input_sources\cvefixes\vulnerable\01_cve-2020-1763.c,postcondition_validation,winner-xfg,ptr,977,1.0,,1,0,skipped,target_unavailable,,,,,,,,,,,,,C:\Users\weijt\Desktop\UNSW\COMP9900\project\capstone-project-26t2-9900-t17a-almond\outputs\run_20260723_code_cvefixes_winner_xfg_round1\runs\baseline\01_cve-2020-1763,,,action postcondition_validation has no winner-XFG-local implementation,action postcondition_validation has no winner-XFG-local implementation
01_cve-2020-1763,C:\Users\weijt\Desktop\UNSW\COMP9900\project\capstone-project-26t2-9900-t17a-almond\input_sources\cvefixes\vulnerable\01_cve-2020-1763.c,integer_overflow_guard,winner-xfg,ptr,977,1.0,,1,0,skipped,ran,,,,,,,,,,,,,C:\Users\weijt\Desktop\UNSW\COMP9900\project\capstone-project-26t2-9900-t17a-almond\outputs\run_20260723_code_cvefixes_winner_xfg_round1\runs\baseline\01_cve-2020-1763,,,no allocation size addition or multiplication expression found,
01_cve-2020-1763,C:\Users\weijt\Desktop\UNSW\COMP9900\project\capstone-project-26t2-9900-t17a-almond\input_sources\cvefixes\vulnerable\01_cve-2020-1763.c,array_index_bound_guard,winner-xfg,ptr,977,1.0,771,1,1,generated,ran,False,1,1,1.0,1.0,0.0,10993,11015,22,23629,23663,34,C:\Users\weijt\Desktop\UNSW\COMP9900\project\capstone-project-26t2-9900-t17a-almond\outputs\run_20260723_code_cvefixes_winner_xfg_round1\runs\baseline\01_cve-2020-1763,C:\Users\weijt\Desktop\UNSW\COMP9900\project\capstone-project-26t2-9900-t17a-almond\outputs\run_20260723_code_cvefixes_winner_xfg_round1\runs\perturbed\01_cve-2020-1763__array_index_bound_guard__c1,C:\Users\weijt\Desktop\UNSW\COMP9900\project\capstone-project-26t2-9900-t17a-almond\outputs\run_20260723_code_cvefixes_winner_xfg_round1\sources\01_cve-2020-1763__array_index_bound_guard__c1.c,wrapped 1 array write(s) with index lower/upper bound guards nearest baseline winner-XFG key line 977,
01_cve-2020-1763,C:\Users\weijt\Desktop\UNSW\COMP9900\project\capstone-project-26t2-9900-t17a-almond\input_sources\cvefixes\vulnerable\01_cve-2020-1763.c,array_index_bound_guard,winner-xfg,ptr,977,1.0,771,2,1,partial,run_partial,False,1,1,1.0,1.0,0.0,10993,11015,22,23629,23663,34,C:\Users\weijt\Desktop\UNSW\COMP9900\project\capstone-project-26t2-9900-t17a-almond\outputs\run_20260723_code_cvefixes_winner_xfg_round1\runs\baseline\01_cve-2020-1763,C:\Users\weijt\Desktop\UNSW\COMP9900\project\capstone-project-26t2-9900-t17a-almond\outputs\run_20260723_code_cvefixes_winner_xfg_round1\runs\perturbed\01_cve-2020-1763__array_index_bound_guard__c2,C:\Users\weijt\Desktop\UNSW\COMP9900\project\capstone-project-26t2-9900-t17a-almond\outputs\run_20260723_code_cvefixes_winner_xfg_round1\sources\01_cve-2020-1763__array_index_bound_guard__c2.c,wrapped 1 array write(s) with index lower/upper bound guards nearest baseline winner-XFG key line 977,
01_cve-2020-1763,C:\Users\weijt\Desktop\UNSW\COMP9900\project\capstone-project-26t2-9900-t17a-almond\input_sources\cvefixes\vulnerable\01_cve-2020-1763.c,wide_char_sink_guard,winner-xfg,ptr,977,1.0,,1,0,skipped,ran,,,,,,,,,,,,,C:\Users\weijt\Desktop\UNSW\COMP9900\project\capstone-project-26t2-9900-t17a-almond\outputs\run_20260723_code_cvefixes_winner_xfg_round1\runs\baseline\01_cve-2020-1763,,,no wcscat/wcscpy wide-character sink found,
01_cve-2020-1763,C:\Users\weijt\Desktop\UNSW\COMP9900\project\capstone-project-26t2-9900-t17a-almond\input_sources\cvefixes\vulnerable\01_cve-2020-1763.c,pattern_dead_code,winner-xfg,ptr,977,1.0,977,1,1,generated,ran,False,1,1,1.0,1.0,0.0,10993,11048,55,23629,23730,101,C:\Users\weijt\Desktop\UNSW\COMP9900\project\capstone-project-26t2-9900-t17a-almond\outputs\run_20260723_code_cvefixes_winner_xfg_round1\runs\baseline\01_cve-2020-1763,C:\Users\weijt\Desktop\UNSW\COMP9900\project\capstone-project-26t2-9900-t17a-almond\outputs\run_20260723_code_cvefixes_winner_xfg_round1\runs\perturbed\01_cve-2020-1763__pattern_dead_code__c1,C:\Users\weijt\Desktop\UNSW\COMP9900\project\capstone-project-26t2-9900-t17a-almond\outputs\run_20260723_code_cvefixes_winner_xfg_round1\sources\01_cve-2020-1763__pattern_dead_code__c1.c,inserted 1 unreachable pointer/array/length pattern block(s) near sensitive or structural lines nearest baseline winner-XFG key line 977,
01_cve-2020-1763,C:\Users\weijt\Desktop\UNSW\COMP9900\project\capstone-project-26t2-9900-t17a-almond\input_sources\cvefixes\vulnerable\01_cve-2020-1763.c,pattern_dead_code,winner-xfg,ptr,977,1.0,"977,965",2,2,generated,ran,False,1,1,1.0,0.9999665021896362,-3.349781036376953e-05,10993,11103,110,23629,23831,202,C:\Users\weijt\Desktop\UNSW\COMP9900\project\capstone-project-26t2-9900-t17a-almond\outputs\run_20260723_code_cvefixes_winner_xfg_round1\runs\baseline\01_cve-2020-1763,C:\Users\weijt\Desktop\UNSW\COMP9900\project\capstone-project-26t2-9900-t17a-almond\outputs\run_20260723_code_cvefixes_winner_xfg_round1\runs\perturbed\01_cve-2020-1763__pattern_dead_code__c2,C:\Users\weijt\Desktop\UNSW\COMP9900\project\capstone-project-26t2-9900-t17a-almond\outputs\run_20260723_code_cvefixes_winner_xfg_round1\sources\01_cve-2020-1763__pattern_dead_code__c2.c,inserted 2 unreachable pointer/array/length pattern block(s) near sensitive or structural lines nearest baseline winner-XFG key line 977,
01_cve-2020-1763,C:\Users\weijt\Desktop\UNSW\COMP9900\project\capstone-project-26t2-9900-t17a-almond\input_sources\cvefixes\vulnerable\01_cve-2020-1763.c,pattern_dead_code,winner-xfg,ptr,977,1.0,"977,965,963",3,3,generated,ran,False,1,1,1.0,1.0,0.0,10993,11156,163,23629,23986,357,C:\Users\weijt\Desktop\UNSW\COMP9900\project\capstone-project-26t2-9900-t17a-almond\outputs\run_20260723_code_cvefixes_winner_xfg_round1\runs\baseline\01_cve-2020-1763,C:\Users\weijt\Desktop\UNSW\COMP9900\project\capstone-project-26t2-9900-t17a-almond\outputs\run_20260723_code_cvefixes_winner_xfg_round1\runs\perturbed\01_cve-2020-1763__pattern_dead_code__c3,C:\Users\weijt\Desktop\UNSW\COMP9900\project\capstone-project-26t2-9900-t17a-almond\outputs\run_20260723_code_cvefixes_winner_xfg_round1\sources\01_cve-2020-1763__pattern_dead_code__c3.c,inserted 3 unreachable pointer/array/length pattern block(s) near sensitive or structural lines nearest baseline winner-XFG key line 977,
01_cve-2020-1763,C:\Users\weijt\Desktop\UNSW\COMP9900\project\capstone-project-26t2-9900-t17a-almond\input_sources\cvefixes\vulnerable\01_cve-2020-1763.c,pattern_dead_code,winner-xfg,ptr,977,1.0,"977,965,963,991,962",5,5,generated,ran,False,1,1,1.0,1.0,0.0,10993,11266,273,23629,24188,559,C:\Users\weijt\Desktop\UNSW\COMP9900\project\capstone-project-26t2-9900-t17a-almond\outputs\run_20260723_code_cvefixes_winner_xfg_round1\runs\baseline\01_cve-2020-1763,C:\Users\weijt\Desktop\UNSW\COMP9900\project\capstone-project-26t2-9900-t17a-almond\outputs\run_20260723_code_cvefixes_winner_xfg_round1\runs\perturbed\01_cve-2020-1763__pattern_dead_code__c5,C:\Users\weijt\Desktop\UNSW\COMP9900\project\capstone-project-26t2-9900-t17a-almond\outputs\run_20260723_code_cvefixes_winner_xfg_round1\sources\01_cve-2020-1763__pattern_dead_code__c5.c,inserted 5 unreachable pointer/array/length pattern block(s) near sensitive or structural lines nearest baseline winner-XFG key line 977,
01_cve-2020-1763,C:\Users\weijt\Desktop\UNSW\COMP9900\project\capstone-project-26t2-9900-t17a-almond\input_sources\cvefixes\vulnerable\01_cve-2020-1763.c,control_wrapper,winner-xfg,ptr,977,1.0,978,1,1,generated,ran,False,1,1,1.0,1.0,0.0,10993,10997,4,23629,23638,9,C:\Users\weijt\Desktop\UNSW\COMP9900\project\capstone-project-26t2-9900-t17a-almond\outputs\run_20260723_code_cvefixes_winner_xfg_round1\runs\baseline\01_cve-2020-1763,C:\Users\weijt\Desktop\UNSW\COMP9900\project\capstone-project-26t2-9900-t17a-almond\outputs\run_20260723_code_cvefixes_winner_xfg_round1\runs\perturbed\01_cve-2020-1763__control_wrapper__c1,C:\Users\weijt\Desktop\UNSW\COMP9900\project\capstone-project-26t2-9900-t17a-almond\outputs\run_20260723_code_cvefixes_winner_xfg_round1\sources\01_cve-2020-1763__control_wrapper__c1.c,wrapped 1 safe single-line statement(s) with if (1) blocks nearest baseline winner-XFG key line 977,
01_cve-2020-1763,C:\Users\weijt\Desktop\UNSW\COMP9900\project\capstone-project-26t2-9900-t17a-almond\input_sources\cvefixes\vulnerable\01_cve-2020-1763.c,control_wrapper,winner-xfg,ptr,977,1.0,"978,969",2,2,generated,ran,False,1,1,1.0,1.0,0.0,10993,10948,-45,23629,23530,-99,C:\Users\weijt\Desktop\UNSW\COMP9900\project\capstone-project-26t2-9900-t17a-almond\outputs\run_20260723_code_cvefixes_winner_xfg_round1\runs\baseline\01_cve-2020-1763,C:\Users\weijt\Desktop\UNSW\COMP9900\project\capstone-project-26t2-9900-t17a-almond\outputs\run_20260723_code_cvefixes_winner_xfg_round1\runs\perturbed\01_cve-2020-1763__control_wrapper__c2,C:\Users\weijt\Desktop\UNSW\COMP9900\project\capstone-project-26t2-9900-t17a-almond\outputs\run_20260723_code_cvefixes_winner_xfg_round1\sources\01_cve-2020-1763__control_wrapper__c2.c,wrapped 2 safe single-line statement(s) with if (1) blocks nearest baseline winner-XFG key line 977,
01_cve-2020-1763,C:\Users\weijt\Desktop\UNSW\COMP9900\project\capstone-project-26t2-9900-t17a-almond\input_sources\cvefixes\vulnerable\01_cve-2020-1763.c,control_wrapper,winner-xfg,ptr,977,1.0,"978,969,965",3,3,generated,ran,False,1,1,1.0,1.0,0.0,10993,11001,8,23629,23647,18,C:\Users\weijt\Desktop\UNSW\COMP9900\project\capstone-project-26t2-9900-t17a-almond\outputs\run_20260723_code_cvefixes_winner_xfg_round1\runs\baseline\01_cve-2020-1763,C:\Users\weijt\Desktop\UNSW\COMP9900\project\capstone-project-26t2-9900-t17a-almond\outputs\run_20260723_code_cvefixes_winner_xfg_round1\runs\perturbed\01_cve-2020-1763__control_wrapper__c3,C:\Users\weijt\Desktop\UNSW\COMP9900\project\capstone-project-26t2-9900-t17a-almond\outputs\run_20260723_code_cvefixes_winner_xfg_round1\sources\01_cve-2020-1763__control_wrapper__c3.c,wrapped 3 safe single-line statement(s) with if (1) blocks nearest baseline winner-XFG key line 977,
01_cve-2020-1763,C:\Users\weijt\Desktop\UNSW\COMP9900\project\capstone-project-26t2-9900-t17a-almond\input_sources\cvefixes\vulnerable\01_cve-2020-1763.c,control_wrapper,winner-xfg,ptr,977,1.0,"978,969,965,964,991",5,5,generated,run_failed,,,,,,,,,,,,,C:\Users\weijt\Desktop\UNSW\COMP9900\project\capstone-project-26t2-9900-t17a-almond\outputs\run_20260723_code_cvefixes_winner_xfg_round1\runs\baseline\01_cve-2020-1763,C:\Users\weijt\Desktop\UNSW\COMP9900\project\capstone-project-26t2-9900-t17a-almond\outputs\run_20260723_code_cvefixes_winner_xfg_round1\runs\perturbed\01_cve-2020-1763__control_wrapper__c5,C:\Users\weijt\Desktop\UNSW\COMP9900\project\capstone-project-26t2-9900-t17a-almond\outputs\run_20260723_code_cvefixes_winner_xfg_round1\sources\01_cve-2020-1763__control_wrapper__c5.c,wrapped 5 safe single-line statement(s) with if (1) blocks nearest baseline winner-XFG key line 977,"Traceback (most recent call last):
  File ""C:\Users\weijt\Desktop\UNSW\COMP9900\project\capstone-project-26t2-9900-t17a-almond\baselines\deepwukong\scripts\run_demo_pipeline.py"", line 363, in <module>
    raise SystemExit(main())
                     ^^^^^^
  File ""C:\Users\weijt\Desktop\UNSW\COMP9900\project\capstone-project-26t2-9900-t17a-almond\baselines\deepwukong\scripts\run_demo_pipeline.py"", line 356, in main
    payload = run_pipeline(input_file=input_path, output_dir=output_dir, config_path=config_path)
              ^^^^^^^^^^^^^^^^^^^^^^^^^^^^^^^^^^^^^^^^^^^^^^^^^^^^^^^^^^^^^^^^^^^^^^^^^^^^^^^^^^^
  File ""C:\Users\weijt\Desktop\UNSW\COMP9900\project\capstone-project-26t2-9900-t17a-almond\baselines\deepwukong\scripts\run_demo_pipeline.py"", line 193, in run_pipeline
    raise RuntimeError(f""DeepWuKong Docker inference failed: {detail}"")
RuntimeError: DeepWuKong Docker inference failed: /workspace/src/models/modules/gnns.py:39: UserWarning: 'nn.glob.GlobalAttention' is deprecated, use 'nn.aggr.AttentionalAggregation' instead
  self.attpool = GlobalAttention(torch.nn.Linear(config.hidden_size, 1))"
01_cve-2020-1763,C:\Users\weijt\Desktop\UNSW\COMP9900\project\capstone-project-26t2-9900-t17a-almond\input_sources\cvefixes\vulnerable\01_cve-2020-1763.c,temp_variable_split,winner-xfg,ptr,977,1.0,1408,1,1,generated,ran,False,1,1,1.0,1.0,0.0,10993,11001,8,23629,23648,19,C:\Users\weijt\Desktop\UNSW\COMP9900\project\capstone-project-26t2-9900-t17a-almond\outputs\run_20260723_code_cvefixes_winner_xfg_round1\runs\baseline\01_cve-2020-1763,C:\Users\weijt\Desktop\UNSW\COMP9900\project\capstone-project-26t2-9900-t17a-almond\outputs\run_20260723_code_cvefixes_winner_xfg_round1\runs\perturbed\01_cve-2020-1763__temp_variable_split__c1,C:\Users\weijt\Desktop\UNSW\COMP9900\project\capstone-project-26t2-9900-t17a-almond\outputs\run_20260723_code_cvefixes_winner_xfg_round1\sources\01_cve-2020-1763__temp_variable_split__c1.c,split 1 simple assignment(s) through temporary integer variables nearest baseline winner-XFG key line 977,
01_cve-2020-1763,C:\Users\weijt\Desktop\UNSW\COMP9900\project\capstone-project-26t2-9900-t17a-almond\input_sources\cvefixes\vulnerable\01_cve-2020-1763.c,temp_variable_split,winner-xfg,ptr,977,1.0,"1408,1410",2,2,generated,ran,False,1,1,1.0,1.0,0.0,10993,11009,16,23629,23666,37,C:\Users\weijt\Desktop\UNSW\COMP9900\project\capstone-project-26t2-9900-t17a-almond\outputs\run_20260723_code_cvefixes_winner_xfg_round1\runs\baseline\01_cve-2020-1763,C:\Users\weijt\Desktop\UNSW\COMP9900\project\capstone-project-26t2-9900-t17a-almond\outputs\run_20260723_code_cvefixes_winner_xfg_round1\runs\perturbed\01_cve-2020-1763__temp_variable_split__c2,C:\Users\weijt\Desktop\UNSW\COMP9900\project\capstone-project-26t2-9900-t17a-almond\outputs\run_20260723_code_cvefixes_winner_xfg_round1\sources\01_cve-2020-1763__temp_variable_split__c2.c,split 2 simple assignment(s) through temporary integer variables nearest baseline winner-XFG key line 977,
01_cve-2020-1763,C:\Users\weijt\Desktop\UNSW\COMP9900\project\capstone-project-26t2-9900-t17a-almond\input_sources\cvefixes\vulnerable\01_cve-2020-1763.c,temp_variable_split,winner-xfg,ptr,977,1.0,"1408,1410,1419",3,3,generated,ran,False,1,1,1.0,1.0,0.0,10993,11017,24,23629,23684,55,C:\Users\weijt\Desktop\UNSW\COMP9900\project\capstone-project-26t2-9900-t17a-almond\outputs\run_20260723_code_cvefixes_winner_xfg_round1\runs\baseline\01_cve-2020-1763,C:\Users\weijt\Desktop\UNSW\COMP9900\project\capstone-project-26t2-9900-t17a-almond\outputs\run_20260723_code_cvefixes_winner_xfg_round1\runs\perturbed\01_cve-2020-1763__temp_variable_split__c3,C:\Users\weijt\Desktop\UNSW\COMP9900\project\capstone-project-26t2-9900-t17a-almond\outputs\run_20260723_code_cvefixes_winner_xfg_round1\sources\01_cve-2020-1763__temp_variable_split__c3.c,split 3 simple assignment(s) through temporary integer variables nearest baseline winner-XFG key line 977,
01_cve-2020-1763,C:\Users\weijt\Desktop\UNSW\COMP9900\project\capstone-project-26t2-9900-t17a-almond\input_sources\cvefixes\vulnerable\01_cve-2020-1763.c,temp_variable_split,winner-xfg,ptr,977,1.0,"1408,1410,1419,1500,1502",5,5,generated,ran,False,1,1,1.0,1.0,0.0,10993,11033,40,23629,23721,92,C:\Users\weijt\Desktop\UNSW\COMP9900\project\capstone-project-26t2-9900-t17a-almond\outputs\run_20260723_code_cvefixes_winner_xfg_round1\runs\baseline\01_cve-2020-1763,C:\Users\weijt\Desktop\UNSW\COMP9900\project\capstone-project-26t2-9900-t17a-almond\outputs\run_20260723_code_cvefixes_winner_xfg_round1\runs\perturbed\01_cve-2020-1763__temp_variable_split__c5,C:\Users\weijt\Desktop\UNSW\COMP9900\project\capstone-project-26t2-9900-t17a-almond\outputs\run_20260723_code_cvefixes_winner_xfg_round1\sources\01_cve-2020-1763__temp_variable_split__c5.c,split 5 simple assignment(s) through temporary integer variables nearest baseline winner-XFG key line 977,
02_cve-2020-29367,C:\Users\weijt\Desktop\UNSW\COMP9900\project\capstone-project-26t2-9900-t17a-almond\input_sources\cvefixes\vulnerable\02_cve-2020-29367.c,data_flow_alias,winner-xfg,call,689,1.0,689,1,1,generated,ran,False,1,1,1.0,1.0,0.0,15248,15270,22,33262,33301,39,C:\Users\weijt\Desktop\UNSW\COMP9900\project\capstone-project-26t2-9900-t17a-almond\outputs\run_20260723_code_cvefixes_winner_xfg_round1\runs\baseline\02_cve-2020-29367,C:\Users\weijt\Desktop\UNSW\COMP9900\project\capstone-project-26t2-9900-t17a-almond\outputs\run_20260723_code_cvefixes_winner_xfg_round1\runs\perturbed\02_cve-2020-29367__data_flow_alias__c1,C:\Users\weijt\Desktop\UNSW\COMP9900\project\capstone-project-26t2-9900-t17a-almond\outputs\run_20260723_code_cvefixes_winner_xfg_round1\sources\02_cve-2020-29367__data_flow_alias__c1.c,inserted 1 alias-preserving data-flow no-op(s) near call arguments nearest baseline winner-XFG key line 689,
02_cve-2020-29367,C:\Users\weijt\Desktop\UNSW\COMP9900\project\capstone-project-26t2-9900-t17a-almond\input_sources\cvefixes\vulnerable\02_cve-2020-29367.c,data_flow_alias,winner-xfg,call,689,1.0,"689,686",2,2,generated,ran,False,1,1,1.0,1.0,0.0,15248,15292,44,33262,33340,78,C:\Users\weijt\Desktop\UNSW\COMP9900\project\capstone-project-26t2-9900-t17a-almond\outputs\run_20260723_code_cvefixes_winner_xfg_round1\runs\baseline\02_cve-2020-29367,C:\Users\weijt\Desktop\UNSW\COMP9900\project\capstone-project-26t2-9900-t17a-almond\outputs\run_20260723_code_cvefixes_winner_xfg_round1\runs\perturbed\02_cve-2020-29367__data_flow_alias__c2,C:\Users\weijt\Desktop\UNSW\COMP9900\project\capstone-project-26t2-9900-t17a-almond\outputs\run_20260723_code_cvefixes_winner_xfg_round1\sources\02_cve-2020-29367__data_flow_alias__c2.c,inserted 2 alias-preserving data-flow no-op(s) near call arguments nearest baseline winner-XFG key line 689,
02_cve-2020-29367,C:\Users\weijt\Desktop\UNSW\COMP9900\project\capstone-project-26t2-9900-t17a-almond\input_sources\cvefixes\vulnerable\02_cve-2020-29367.c,data_flow_alias,winner-xfg,call,689,1.0,"689,686,682",3,3,generated,ran,False,1,1,1.0,0.9942263960838318,-0.005773603916168213,15248,15294,46,33262,33341,79,C:\Users\weijt\Desktop\UNSW\COMP9900\project\capstone-project-26t2-9900-t17a-almond\outputs\run_20260723_code_cvefixes_winner_xfg_round1\runs\baseline\02_cve-2020-29367,C:\Users\weijt\Desktop\UNSW\COMP9900\project\capstone-project-26t2-9900-t17a-almond\outputs\run_20260723_code_cvefixes_winner_xfg_round1\runs\perturbed\02_cve-2020-29367__data_flow_alias__c3,C:\Users\weijt\Desktop\UNSW\COMP9900\project\capstone-project-26t2-9900-t17a-almond\outputs\run_20260723_code_cvefixes_winner_xfg_round1\sources\02_cve-2020-29367__data_flow_alias__c3.c,inserted 3 alias-preserving data-flow no-op(s) near call arguments nearest baseline winner-XFG key line 689,
02_cve-2020-29367,C:\Users\weijt\Desktop\UNSW\COMP9900\project\capstone-project-26t2-9900-t17a-almond\input_sources\cvefixes\vulnerable\02_cve-2020-29367.c,data_flow_alias,winner-xfg,call,689,1.0,"689,686,682,708,666",5,5,generated,ran,False,1,1,1.0,0.9942263960838318,-0.005773603916168213,15248,15296,48,33262,33341,79,C:\Users\weijt\Desktop\UNSW\COMP9900\project\capstone-project-26t2-9900-t17a-almond\outputs\run_20260723_code_cvefixes_winner_xfg_round1\runs\baseline\02_cve-2020-29367,C:\Users\weijt\Desktop\UNSW\COMP9900\project\capstone-project-26t2-9900-t17a-almond\outputs\run_20260723_code_cvefixes_winner_xfg_round1\runs\perturbed\02_cve-2020-29367__data_flow_alias__c5,C:\Users\weijt\Desktop\UNSW\COMP9900\project\capstone-project-26t2-9900-t17a-almond\outputs\run_20260723_code_cvefixes_winner_xfg_round1\sources\02_cve-2020-29367__data_flow_alias__c5.c,inserted 5 alias-preserving data-flow no-op(s) near call arguments nearest baseline winner-XFG key line 689,
02_cve-2020-29367,C:\Users\weijt\Desktop\UNSW\COMP9900\project\capstone-project-26t2-9900-t17a-almond\input_sources\cvefixes\vulnerable\02_cve-2020-29367.c,dead_statement,winner-xfg,call,689,1.0,689,1,1,generated,ran,False,1,1,1.0,1.0,0.0,15248,15260,12,33262,33289,27,C:\Users\weijt\Desktop\UNSW\COMP9900\project\capstone-project-26t2-9900-t17a-almond\outputs\run_20260723_code_cvefixes_winner_xfg_round1\runs\baseline\02_cve-2020-29367,C:\Users\weijt\Desktop\UNSW\COMP9900\project\capstone-project-26t2-9900-t17a-almond\outputs\run_20260723_code_cvefixes_winner_xfg_round1\runs\perturbed\02_cve-2020-29367__dead_statement__c1,C:\Users\weijt\Desktop\UNSW\COMP9900\project\capstone-project-26t2-9900-t17a-almond\outputs\run_20260723_code_cvefixes_winner_xfg_round1\sources\02_cve-2020-29367__dead_statement__c1.c,inserted 1 harmless dummy integer statement pair(s) nearest baseline winner-XFG key line 689,
02_cve-2020-29367,C:\Users\weijt\Desktop\UNSW\COMP9900\project\capstone-project-26t2-9900-t17a-almond\input_sources\cvefixes\vulnerable\02_cve-2020-29367.c,dead_statement,winner-xfg,call,689,1.0,689,2,2,generated,ran,False,1,1,1.0,1.0,0.0,15248,15272,24,33262,33316,54,C:\Users\weijt\Desktop\UNSW\COMP9900\project\capstone-project-26t2-9900-t17a-almond\outputs\run_20260723_code_cvefixes_winner_xfg_round1\runs\baseline\02_cve-2020-29367,C:\Users\weijt\Desktop\UNSW\COMP9900\project\capstone-project-26t2-9900-t17a-almond\outputs\run_20260723_code_cvefixes_winner_xfg_round1\runs\perturbed\02_cve-2020-29367__dead_statement__c2,C:\Users\weijt\Desktop\UNSW\COMP9900\project\capstone-project-26t2-9900-t17a-almond\outputs\run_20260723_code_cvefixes_winner_xfg_round1\sources\02_cve-2020-29367__dead_statement__c2.c,inserted 2 harmless dummy integer statement pair(s) nearest baseline winner-XFG key line 689,
02_cve-2020-29367,C:\Users\weijt\Desktop\UNSW\COMP9900\project\capstone-project-26t2-9900-t17a-almond\input_sources\cvefixes\vulnerable\02_cve-2020-29367.c,dead_statement,winner-xfg,call,689,1.0,689,3,3,generated,ran,False,1,1,1.0,0.9942263960838318,-0.005773603916168213,15248,15284,36,33262,33343,81,C:\Users\weijt\Desktop\UNSW\COMP9900\project\capstone-project-26t2-9900-t17a-almond\outputs\run_20260723_code_cvefixes_winner_xfg_round1\runs\baseline\02_cve-2020-29367,C:\Users\weijt\Desktop\UNSW\COMP9900\project\capstone-project-26t2-9900-t17a-almond\outputs\run_20260723_code_cvefixes_winner_xfg_round1\runs\perturbed\02_cve-2020-29367__dead_statement__c3,C:\Users\weijt\Desktop\UNSW\COMP9900\project\capstone-project-26t2-9900-t17a-almond\outputs\run_20260723_code_cvefixes_winner_xfg_round1\sources\02_cve-2020-29367__dead_statement__c3.c,inserted 3 harmless dummy integer statement pair(s) nearest baseline winner-XFG key line 689,
02_cve-2020-29367,C:\Users\weijt\Desktop\UNSW\COMP9900\project\capstone-project-26t2-9900-t17a-almond\input_sources\cvefixes\vulnerable\02_cve-2020-29367.c,dead_statement,winner-xfg,call,689,1.0,689,5,5,generated,ran,False,1,1,1.0,0.9942263960838318,-0.005773603916168213,15248,15308,60,33262,33397,135,C:\Users\weijt\Desktop\UNSW\COMP9900\project\capstone-project-26t2-9900-t17a-almond\outputs\run_20260723_code_cvefixes_winner_xfg_round1\runs\baseline\02_cve-2020-29367,C:\Users\weijt\Desktop\UNSW\COMP9900\project\capstone-project-26t2-9900-t17a-almond\outputs\run_20260723_code_cvefixes_winner_xfg_round1\runs\perturbed\02_cve-2020-29367__dead_statement__c5,C:\Users\weijt\Desktop\UNSW\COMP9900\project\capstone-project-26t2-9900-t17a-almond\outputs\run_20260723_code_cvefixes_winner_xfg_round1\sources\02_cve-2020-29367__dead_statement__c5.c,inserted 5 harmless dummy integer statement pair(s) nearest baseline winner-XFG key line 689,
02_cve-2020-29367,C:\Users\weijt\Desktop\UNSW\COMP9900\project\capstone-project-26t2-9900-t17a-almond\input_sources\cvefixes\vulnerable\02_cve-2020-29367.c,xfg_targeted_dead_code,winner-xfg,call,689,1.0,689,1,1,generated,ran,False,1,1,1.0,1.0,0.0,15248,15264,16,33262,33298,36,C:\Users\weijt\Desktop\UNSW\COMP9900\project\capstone-project-26t2-9900-t17a-almond\outputs\run_20260723_code_cvefixes_winner_xfg_round1\runs\baseline\02_cve-2020-29367,C:\Users\weijt\Desktop\UNSW\COMP9900\project\capstone-project-26t2-9900-t17a-almond\outputs\run_20260723_code_cvefixes_winner_xfg_round1\runs\perturbed\02_cve-2020-29367__xfg_targeted_dead_code__c1,C:\Users\weijt\Desktop\UNSW\COMP9900\project\capstone-project-26t2-9900-t17a-almond\outputs\run_20260723_code_cvefixes_winner_xfg_round1\sources\02_cve-2020-29367__xfg_targeted_dead_code__c1.c,inserted 1 unreachable no-op block(s) near XFG-relevant target lines nearest baseline winner-XFG key line 689,
02_cve-2020-29367,C:\Users\weijt\Desktop\UNSW\COMP9900\project\capstone-project-26t2-9900-t17a-almond\input_sources\cvefixes\vulnerable\02_cve-2020-29367.c,xfg_targeted_dead_code,winner-xfg,call,689,1.0,"689,686",2,2,generated,ran,False,1,1,1.0,0.9942263960838318,-0.005773603916168213,15248,15280,32,33262,33334,72,C:\Users\weijt\Desktop\UNSW\COMP9900\project\capstone-project-26t2-9900-t17a-almond\outputs\run_20260723_code_cvefixes_winner_xfg_round1\runs\baseline\02_cve-2020-29367,C:\Users\weijt\Desktop\UNSW\COMP9900\project\capstone-project-26t2-9900-t17a-almond\outputs\run_20260723_code_cvefixes_winner_xfg_round1\runs\perturbed\02_cve-2020-29367__xfg_targeted_dead_code__c2,C:\Users\weijt\Desktop\UNSW\COMP9900\project\capstone-project-26t2-9900-t17a-almond\outputs\run_20260723_code_cvefixes_winner_xfg_round1\sources\02_cve-2020-29367__xfg_targeted_dead_code__c2.c,inserted 2 unreachable no-op block(s) near XFG-relevant target lines nearest baseline winner-XFG key line 689,
02_cve-2020-29367,C:\Users\weijt\Desktop\UNSW\COMP9900\project\capstone-project-26t2-9900-t17a-almond\input_sources\cvefixes\vulnerable\02_cve-2020-29367.c,xfg_targeted_dead_code,winner-xfg,call,689,1.0,"689,686,683",3,3,generated,ran,False,1,1,1.0,0.9999010562896729,-9.894371032714844e-05,15248,15296,48,33262,33370,108,C:\Users\weijt\Desktop\UNSW\COMP9900\project\capstone-project-26t2-9900-t17a-almond\outputs\run_20260723_code_cvefixes_winner_xfg_round1\runs\baseline\02_cve-2020-29367,C:\Users\weijt\Desktop\UNSW\COMP9900\project\capstone-project-26t2-9900-t17a-almond\outputs\run_20260723_code_cvefixes_winner_xfg_round1\runs\perturbed\02_cve-2020-29367__xfg_targeted_dead_code__c3,C:\Users\weijt\Desktop\UNSW\COMP9900\project\capstone-project-26t2-9900-t17a-almond\outputs\run_20260723_code_cvefixes_winner_xfg_round1\sources\02_cve-2020-29367__xfg_targeted_dead_code__c3.c,inserted 3 unreachable no-op block(s) near XFG-relevant target lines nearest baseline winner-XFG key line 689,
02_cve-2020-29367,C:\Users\weijt\Desktop\UNSW\COMP9900\project\capstone-project-26t2-9900-t17a-almond\input_sources\cvefixes\vulnerable\02_cve-2020-29367.c,xfg_targeted_dead_code,winner-xfg,call,689,1.0,"689,686,683,682,702",5,5,generated,ran,False,1,1,1.0,0.9998867511749268,-0.00011324882507324219,15248,15272,24,33262,33302,40,C:\Users\weijt\Desktop\UNSW\COMP9900\project\capstone-project-26t2-9900-t17a-almond\outputs\run_20260723_code_cvefixes_winner_xfg_round1\runs\baseline\02_cve-2020-29367,C:\Users\weijt\Desktop\UNSW\COMP9900\project\capstone-project-26t2-9900-t17a-almond\outputs\run_20260723_code_cvefixes_winner_xfg_round1\runs\perturbed\02_cve-2020-29367__xfg_targeted_dead_code__c5,C:\Users\weijt\Desktop\UNSW\COMP9900\project\capstone-project-26t2-9900-t17a-almond\outputs\run_20260723_code_cvefixes_winner_xfg_round1\sources\02_cve-2020-29367__xfg_targeted_dead_code__c5.c,inserted 5 unreachable no-op block(s) near XFG-relevant target lines nearest baseline winner-XFG key line 689,
02_cve-2020-29367,C:\Users\weijt\Desktop\UNSW\COMP9900\project\capstone-project-26t2-9900-t17a-almond\input_sources\cvefixes\vulnerable\02_cve-2020-29367.c,range_clamp,winner-xfg,call,689,1.0,689,1,1,generated,ran,False,1,1,1.0,0.9781944155693054,-0.02180558443069458,15248,15278,30,33262,33330,68,C:\Users\weijt\Desktop\UNSW\COMP9900\project\capstone-project-26t2-9900-t17a-almond\outputs\run_20260723_code_cvefixes_winner_xfg_round1\runs\baseline\02_cve-2020-29367,C:\Users\weijt\Desktop\UNSW\COMP9900\project\capstone-project-26t2-9900-t17a-almond\outputs\run_20260723_code_cvefixes_winner_xfg_round1\runs\perturbed\02_cve-2020-29367__range_clamp__c1,C:\Users\weijt\Desktop\UNSW\COMP9900\project\capstone-project-26t2-9900-t17a-almond\outputs\run_20260723_code_cvefixes_winner_xfg_round1\sources\02_cve-2020-29367__range_clamp__c1.c,clamped 1 sensitive sink size/count argument(s) through bounded local variables nearest baseline winner-XFG key line 689,
02_cve-2020-29367,C:\Users\weijt\Desktop\UNSW\COMP9900\project\capstone-project-26t2-9900-t17a-almond\input_sources\cvefixes\vulnerable\02_cve-2020-29367.c,range_clamp,winner-xfg,call,689,1.0,"689,686",2,2,generated,ran,False,1,1,1.0,0.9999949932098389,-5.0067901611328125e-06,15248,14506,-742,33262,31768,-1494,C:\Users\weijt\Desktop\UNSW\COMP9900\project\capstone-project-26t2-9900-t17a-almond\outputs\run_20260723_code_cvefixes_winner_xfg_round1\runs\baseline\02_cve-2020-29367,C:\Users\weijt\Desktop\UNSW\COMP9900\project\capstone-project-26t2-9900-t17a-almond\outputs\run_20260723_code_cvefixes_winner_xfg_round1\runs\perturbed\02_cve-2020-29367__range_clamp__c2,C:\Users\weijt\Desktop\UNSW\COMP9900\project\capstone-project-26t2-9900-t17a-almond\outputs\run_20260723_code_cvefixes_winner_xfg_round1\sources\02_cve-2020-29367__range_clamp__c2.c,clamped 2 sensitive sink size/count argument(s) through bounded local variables nearest baseline winner-XFG key line 689,
02_cve-2020-29367,C:\Users\weijt\Desktop\UNSW\COMP9900\project\capstone-project-26t2-9900-t17a-almond\input_sources\cvefixes\vulnerable\02_cve-2020-29367.c,range_clamp,winner-xfg,call,689,1.0,"689,686,616",3,3,generated,ran,False,1,1,1.0,0.9998836517333984,-0.0001163482666015625,15248,15282,34,33262,33332,70,C:\Users\weijt\Desktop\UNSW\COMP9900\project\capstone-project-26t2-9900-t17a-almond\outputs\run_20260723_code_cvefixes_winner_xfg_round1\runs\baseline\02_cve-2020-29367,C:\Users\weijt\Desktop\UNSW\COMP9900\project\capstone-project-26t2-9900-t17a-almond\outputs\run_20260723_code_cvefixes_winner_xfg_round1\runs\perturbed\02_cve-2020-29367__range_clamp__c3,C:\Users\weijt\Desktop\UNSW\COMP9900\project\capstone-project-26t2-9900-t17a-almond\outputs\run_20260723_code_cvefixes_winner_xfg_round1\sources\02_cve-2020-29367__range_clamp__c3.c,clamped 3 sensitive sink size/count argument(s) through bounded local variables nearest baseline winner-XFG key line 689,
02_cve-2020-29367,C:\Users\weijt\Desktop\UNSW\COMP9900\project\capstone-project-26t2-9900-t17a-almond\input_sources\cvefixes\vulnerable\02_cve-2020-29367.c,range_clamp,winner-xfg,call,689,1.0,"689,686,616,795,865",5,5,generated,ran,False,1,1,1.0,0.9872958064079285,-0.012704193592071533,15248,15342,94,33262,33472,210,C:\Users\weijt\Desktop\UNSW\COMP9900\project\capstone-project-26t2-9900-t17a-almond\outputs\run_20260723_code_cvefixes_winner_xfg_round1\runs\baseline\02_cve-2020-29367,C:\Users\weijt\Desktop\UNSW\COMP9900\project\capstone-project-26t2-9900-t17a-almond\outputs\run_20260723_code_cvefixes_winner_xfg_round1\runs\perturbed\02_cve-2020-29367__range_clamp__c5,C:\Users\weijt\Desktop\UNSW\COMP9900\project\capstone-project-26t2-9900-t17a-almond\outputs\run_20260723_code_cvefixes_winner_xfg_round1\sources\02_cve-2020-29367__range_clamp__c5.c,clamped 5 sensitive sink size/count argument(s) through bounded local variables nearest baseline winner-XFG key line 689,
02_cve-2020-29367,C:\Users\weijt\Desktop\UNSW\COMP9900\project\capstone-project-26t2-9900-t17a-almond\input_sources\cvefixes\vulnerable\02_cve-2020-29367.c,safe_source_substitution,winner-xfg,call,689,1.0,1335,1,1,generated,ran,False,1,1,1.0,1.0,0.0,15248,15256,8,33262,33274,12,C:\Users\weijt\Desktop\UNSW\COMP9900\project\capstone-project-26t2-9900-t17a-almond\outputs\run_20260723_code_cvefixes_winner_xfg_round1\runs\baseline\02_cve-2020-29367,C:\Users\weijt\Desktop\UNSW\COMP9900\project\capstone-project-26t2-9900-t17a-almond\outputs\run_20260723_code_cvefixes_winner_xfg_round1\runs\perturbed\02_cve-2020-29367__safe_source_substitution__c1,C:\Users\weijt\Desktop\UNSW\COMP9900\project\capstone-project-26t2-9900-t17a-almond\outputs\run_20260723_code_cvefixes_winner_xfg_round1\sources\02_cve-2020-29367__safe_source_substitution__c1.c,replaced 1 nested pointer source expression(s) with guarded fallback expressions nearest baseline winner-XFG key line 689,
02_cve-2020-29367,C:\Users\weijt\Desktop\UNSW\COMP9900\project\capstone-project-26t2-9900-t17a-almond\input_sources\cvefixes\vulnerable\02_cve-2020-29367.c,safe_source_substitution,winner-xfg,call,689,1.0,1335,2,1,partial,run_partial,False,1,1,1.0,1.0,0.0,15248,15256,8,33262,33274,12,C:\Users\weijt\Desktop\UNSW\COMP9900\project\capstone-project-26t2-9900-t17a-almond\outputs\run_20260723_code_cvefixes_winner_xfg_round1\runs\baseline\02_cve-2020-29367,C:\Users\weijt\Desktop\UNSW\COMP9900\project\capstone-project-26t2-9900-t17a-almond\outputs\run_20260723_code_cvefixes_winner_xfg_round1\runs\perturbed\02_cve-2020-29367__safe_source_substitution__c2,C:\Users\weijt\Desktop\UNSW\COMP9900\project\capstone-project-26t2-9900-t17a-almond\outputs\run_20260723_code_cvefixes_winner_xfg_round1\sources\02_cve-2020-29367__safe_source_substitution__c2.c,replaced 1 nested pointer source expression(s) with guarded fallback expressions nearest baseline winner-XFG key line 689,
02_cve-2020-29367,C:\Users\weijt\Desktop\UNSW\COMP9900\project\capstone-project-26t2-9900-t17a-almond\input_sources\cvefixes\vulnerable\02_cve-2020-29367.c,sink_bound_guard,winner-xfg,call,689,1.0,689,1,1,generated,ran,False,1,1,1.0,0.8761416673660278,-0.12385833263397217,15248,15258,10,33262,33281,19,C:\Users\weijt\Desktop\UNSW\COMP9900\project\capstone-project-26t2-9900-t17a-almond\outputs\run_20260723_code_cvefixes_winner_xfg_round1\runs\baseline\02_cve-2020-29367,C:\Users\weijt\Desktop\UNSW\COMP9900\project\capstone-project-26t2-9900-t17a-almond\outputs\run_20260723_code_cvefixes_winner_xfg_round1\runs\perturbed\02_cve-2020-29367__sink_bound_guard__c1,C:\Users\weijt\Desktop\UNSW\COMP9900\project\capstone-project-26t2-9900-t17a-almond\outputs\run_20260723_code_cvefixes_winner_xfg_round1\sources\02_cve-2020-29367__sink_bound_guard__c1.c,inserted 1 early-return bound guard(s) before sensitive sink calls nearest baseline winner-XFG key line 689,
02_cve-2020-29367,C:\Users\weijt\Desktop\UNSW\COMP9900\project\capstone-project-26t2-9900-t17a-almond\input_sources\cvefixes\vulnerable\02_cve-2020-29367.c,sink_bound_guard,winner-xfg,call,689,1.0,"689,686",2,2,generated,ran,False,1,1,1.0,0.9781944155693054,-0.02180558443069458,15248,15268,20,33262,33300,38,C:\Users\weijt\Desktop\UNSW\COMP9900\project\capstone-project-26t2-9900-t17a-almond\outputs\run_20260723_code_cvefixes_winner_xfg_round1\runs\baseline\02_cve-2020-29367,C:\Users\weijt\Desktop\UNSW\COMP9900\project\capstone-project-26t2-9900-t17a-almond\outputs\run_20260723_code_cvefixes_winner_xfg_round1\runs\perturbed\02_cve-2020-29367__sink_bound_guard__c2,C:\Users\weijt\Desktop\UNSW\COMP9900\project\capstone-project-26t2-9900-t17a-almond\outputs\run_20260723_code_cvefixes_winner_xfg_round1\sources\02_cve-2020-29367__sink_bound_guard__c2.c,inserted 2 early-return bound guard(s) before sensitive sink calls nearest baseline winner-XFG key line 689,
02_cve-2020-29367,C:\Users\weijt\Desktop\UNSW\COMP9900\project\capstone-project-26t2-9900-t17a-almond\input_sources\cvefixes\vulnerable\02_cve-2020-29367.c,sink_bound_guard,winner-xfg,call,689,1.0,"689,686,616",3,3,generated,ran,False,1,1,1.0,0.9781944155693054,-0.02180558443069458,15248,15280,32,33262,33321,59,C:\Users\weijt\Desktop\UNSW\COMP9900\project\capstone-project-26t2-9900-t17a-almond\outputs\run_20260723_code_cvefixes_winner_xfg_round1\runs\baseline\02_cve-2020-29367,C:\Users\weijt\Desktop\UNSW\COMP9900\project\capstone-project-26t2-9900-t17a-almond\outputs\run_20260723_code_cvefixes_winner_xfg_round1\runs\perturbed\02_cve-2020-29367__sink_bound_guard__c3,C:\Users\weijt\Desktop\UNSW\COMP9900\project\capstone-project-26t2-9900-t17a-almond\outputs\run_20260723_code_cvefixes_winner_xfg_round1\sources\02_cve-2020-29367__sink_bound_guard__c3.c,inserted 3 early-return bound guard(s) before sensitive sink calls nearest baseline winner-XFG key line 689,
02_cve-2020-29367,C:\Users\weijt\Desktop\UNSW\COMP9900\project\capstone-project-26t2-9900-t17a-almond\input_sources\cvefixes\vulnerable\02_cve-2020-29367.c,sink_bound_guard,winner-xfg,call,689,1.0,"689,686,616,795,865",5,5,generated,ran,False,1,1,1.0,0.9999010562896729,-9.894371032714844e-05,15248,15304,56,33262,33367,105,C:\Users\weijt\Desktop\UNSW\COMP9900\project\capstone-project-26t2-9900-t17a-almond\outputs\run_20260723_code_cvefixes_winner_xfg_round1\runs\baseline\02_cve-2020-29367,C:\Users\weijt\Desktop\UNSW\COMP9900\project\capstone-project-26t2-9900-t17a-almond\outputs\run_20260723_code_cvefixes_winner_xfg_round1\runs\perturbed\02_cve-2020-29367__sink_bound_guard__c5,C:\Users\weijt\Desktop\UNSW\COMP9900\project\capstone-project-26t2-9900-t17a-almond\outputs\run_20260723_code_cvefixes_winner_xfg_round1\sources\02_cve-2020-29367__sink_bound_guard__c5.c,inserted 5 early-return bound guard(s) before sensitive sink calls nearest baseline winner-XFG key line 689,
02_cve-2020-29367,C:\Users\weijt\Desktop\UNSW\COMP9900\project\capstone-project-26t2-9900-t17a-almond\input_sources\cvefixes\vulnerable\02_cve-2020-29367.c,postcondition_validation,winner-xfg,call,689,1.0,,1,0,skipped,target_unavailable,,,,,,,,,,,,,C:\Users\weijt\Desktop\UNSW\COMP9900\project\capstone-project-26t2-9900-t17a-almond\outputs\run_20260723_code_cvefixes_winner_xfg_round1\runs\baseline\02_cve-2020-29367,,,action postcondition_validation has no winner-XFG-local implementation,action postcondition_validation has no winner-XFG-local implementation
02_cve-2020-29367,C:\Users\weijt\Desktop\UNSW\COMP9900\project\capstone-project-26t2-9900-t17a-almond\input_sources\cvefixes\vulnerable\02_cve-2020-29367.c,integer_overflow_guard,winner-xfg,call,689,1.0,,1,0,skipped,ran,,,,,,,,,,,,,C:\Users\weijt\Desktop\UNSW\COMP9900\project\capstone-project-26t2-9900-t17a-almond\outputs\run_20260723_code_cvefixes_winner_xfg_round1\runs\baseline\02_cve-2020-29367,,,no allocation size addition or multiplication expression found,
02_cve-2020-29367,C:\Users\weijt\Desktop\UNSW\COMP9900\project\capstone-project-26t2-9900-t17a-almond\input_sources\cvefixes\vulnerable\02_cve-2020-29367.c,array_index_bound_guard,winner-xfg,call,689,1.0,1378,1,1,generated,ran,False,1,1,1.0,1.0,0.0,15248,15274,26,33262,33298,36,C:\Users\weijt\Desktop\UNSW\COMP9900\project\capstone-project-26t2-9900-t17a-almond\outputs\run_20260723_code_cvefixes_winner_xfg_round1\runs\baseline\02_cve-2020-29367,C:\Users\weijt\Desktop\UNSW\COMP9900\project\capstone-project-26t2-9900-t17a-almond\outputs\run_20260723_code_cvefixes_winner_xfg_round1\runs\perturbed\02_cve-2020-29367__array_index_bound_guard__c1,C:\Users\weijt\Desktop\UNSW\COMP9900\project\capstone-project-26t2-9900-t17a-almond\outputs\run_20260723_code_cvefixes_winner_xfg_round1\sources\02_cve-2020-29367__array_index_bound_guard__c1.c,wrapped 1 array write(s) with index lower/upper bound guards nearest baseline winner-XFG key line 689,
02_cve-2020-29367,C:\Users\weijt\Desktop\UNSW\COMP9900\project\capstone-project-26t2-9900-t17a-almond\input_sources\cvefixes\vulnerable\02_cve-2020-29367.c,array_index_bound_guard,winner-xfg,call,689,1.0,"1378,1380",2,2,generated,ran,False,1,1,1.0,1.0,0.0,15248,15300,52,33262,33335,73,C:\Users\weijt\Desktop\UNSW\COMP9900\project\capstone-project-26t2-9900-t17a-almond\outputs\run_20260723_code_cvefixes_winner_xfg_round1\runs\baseline\02_cve-2020-29367,C:\Users\weijt\Desktop\UNSW\COMP9900\project\capstone-project-26t2-9900-t17a-almond\outputs\run_20260723_code_cvefixes_winner_xfg_round1\runs\perturbed\02_cve-2020-29367__array_index_bound_guard__c2,C:\Users\weijt\Desktop\UNSW\COMP9900\project\capstone-project-26t2-9900-t17a-almond\outputs\run_20260723_code_cvefixes_winner_xfg_round1\sources\02_cve-2020-29367__array_index_bound_guard__c2.c,wrapped 2 array write(s) with index lower/upper bound guards nearest baseline winner-XFG key line 689,
02_cve-2020-29367,C:\Users\weijt\Desktop\UNSW\COMP9900\project\capstone-project-26t2-9900-t17a-almond\input_sources\cvefixes\vulnerable\02_cve-2020-29367.c,array_index_bound_guard,winner-xfg,call,689,1.0,"1378,1380,1382",3,3,generated,ran,False,1,1,1.0,1.0,0.0,15248,15326,78,33262,33373,111,C:\Users\weijt\Desktop\UNSW\COMP9900\project\capstone-project-26t2-9900-t17a-almond\outputs\run_20260723_code_cvefixes_winner_xfg_round1\runs\baseline\02_cve-2020-29367,C:\Users\weijt\Desktop\UNSW\COMP9900\project\capstone-project-26t2-9900-t17a-almond\outputs\run_20260723_code_cvefixes_winner_xfg_round1\runs\perturbed\02_cve-2020-29367__array_index_bound_guard__c3,C:\Users\weijt\Desktop\UNSW\COMP9900\project\capstone-project-26t2-9900-t17a-almond\outputs\run_20260723_code_cvefixes_winner_xfg_round1\sources\02_cve-2020-29367__array_index_bound_guard__c3.c,wrapped 3 array write(s) with index lower/upper bound guards nearest baseline winner-XFG key line 689,
02_cve-2020-29367,C:\Users\weijt\Desktop\UNSW\COMP9900\project\capstone-project-26t2-9900-t17a-almond\input_sources\cvefixes\vulnerable\02_cve-2020-29367.c,array_index_bound_guard,winner-xfg,call,689,1.0,"1378,1380,1382,1403,1404",5,5,generated,ran,False,1,1,1.0,1.0,0.0,15248,15378,130,33262,33471,209,C:\Users\weijt\Desktop\UNSW\COMP9900\project\capstone-project-26t2-9900-t17a-almond\outputs\run_20260723_code_cvefixes_winner_xfg_round1\runs\baseline\02_cve-2020-29367,C:\Users\weijt\Desktop\UNSW\COMP9900\project\capstone-project-26t2-9900-t17a-almond\outputs\run_20260723_code_cvefixes_winner_xfg_round1\runs\perturbed\02_cve-2020-29367__array_index_bound_guard__c5,C:\Users\weijt\Desktop\UNSW\COMP9900\project\capstone-project-26t2-9900-t17a-almond\outputs\run_20260723_code_cvefixes_winner_xfg_round1\sources\02_cve-2020-29367__array_index_bound_guard__c5.c,wrapped 5 array write(s) with index lower/upper bound guards nearest baseline winner-XFG key line 689,
02_cve-2020-29367,C:\Users\weijt\Desktop\UNSW\COMP9900\project\capstone-project-26t2-9900-t17a-almond\input_sources\cvefixes\vulnerable\02_cve-2020-29367.c,wide_char_sink_guard,winner-xfg,call,689,1.0,,1,0,skipped,ran,,,,,,,,,,,,,C:\Users\weijt\Desktop\UNSW\COMP9900\project\capstone-project-26t2-9900-t17a-almond\outputs\run_20260723_code_cvefixes_winner_xfg_round1\runs\baseline\02_cve-2020-29367,,,no wcscat/wcscpy wide-character sink found,
02_cve-2020-29367,C:\Users\weijt\Desktop\UNSW\COMP9900\project\capstone-project-26t2-9900-t17a-almond\input_sources\cvefixes\vulnerable\02_cve-2020-29367.c,pattern_dead_code,winner-xfg,call,689,1.0,689,1,1,generated,ran,False,1,1,1.0,0.9942263960838318,-0.005773603916168213,15248,15303,55,33262,33363,101,C:\Users\weijt\Desktop\UNSW\COMP9900\project\capstone-project-26t2-9900-t17a-almond\outputs\run_20260723_code_cvefixes_winner_xfg_round1\runs\baseline\02_cve-2020-29367,C:\Users\weijt\Desktop\UNSW\COMP9900\project\capstone-project-26t2-9900-t17a-almond\outputs\run_20260723_code_cvefixes_winner_xfg_round1\runs\perturbed\02_cve-2020-29367__pattern_dead_code__c1,C:\Users\weijt\Desktop\UNSW\COMP9900\project\capstone-project-26t2-9900-t17a-almond\outputs\run_20260723_code_cvefixes_winner_xfg_round1\sources\02_cve-2020-29367__pattern_dead_code__c1.c,inserted 1 unreachable pointer/array/length pattern block(s) near sensitive or structural lines nearest baseline winner-XFG key line 689,
02_cve-2020-29367,C:\Users\weijt\Desktop\UNSW\COMP9900\project\capstone-project-26t2-9900-t17a-almond\input_sources\cvefixes\vulnerable\02_cve-2020-29367.c,pattern_dead_code,winner-xfg,call,689,1.0,"689,686",2,2,generated,ran,False,1,1,1.0,0.9997217059135437,-0.00027829408645629883,15248,15358,110,33262,33464,202,C:\Users\weijt\Desktop\UNSW\COMP9900\project\capstone-project-26t2-9900-t17a-almond\outputs\run_20260723_code_cvefixes_winner_xfg_round1\runs\baseline\02_cve-2020-29367,C:\Users\weijt\Desktop\UNSW\COMP9900\project\capstone-project-26t2-9900-t17a-almond\outputs\run_20260723_code_cvefixes_winner_xfg_round1\runs\perturbed\02_cve-2020-29367__pattern_dead_code__c2,C:\Users\weijt\Desktop\UNSW\COMP9900\project\capstone-project-26t2-9900-t17a-almond\outputs\run_20260723_code_cvefixes_winner_xfg_round1\sources\02_cve-2020-29367__pattern_dead_code__c2.c,inserted 2 unreachable pointer/array/length pattern block(s) near sensitive or structural lines nearest baseline winner-XFG key line 689,
02_cve-2020-29367,C:\Users\weijt\Desktop\UNSW\COMP9900\project\capstone-project-26t2-9900-t17a-almond\input_sources\cvefixes\vulnerable\02_cve-2020-29367.c,pattern_dead_code,winner-xfg,call,689,1.0,"689,686,683",3,3,generated,ran,False,1,1,1.0,0.9998836517333984,-0.0001163482666015625,15248,15413,165,33262,33565,303,C:\Users\weijt\Desktop\UNSW\COMP9900\project\capstone-project-26t2-9900-t17a-almond\outputs\run_20260723_code_cvefixes_winner_xfg_round1\runs\baseline\02_cve-2020-29367,C:\Users\weijt\Desktop\UNSW\COMP9900\project\capstone-project-26t2-9900-t17a-almond\outputs\run_20260723_code_cvefixes_winner_xfg_round1\runs\perturbed\02_cve-2020-29367__pattern_dead_code__c3,C:\Users\weijt\Desktop\UNSW\COMP9900\project\capstone-project-26t2-9900-t17a-almond\outputs\run_20260723_code_cvefixes_winner_xfg_round1\sources\02_cve-2020-29367__pattern_dead_code__c3.c,inserted 3 unreachable pointer/array/length pattern block(s) near sensitive or structural lines nearest baseline winner-XFG key line 689,
02_cve-2020-29367,C:\Users\weijt\Desktop\UNSW\COMP9900\project\capstone-project-26t2-9900-t17a-almond\input_sources\cvefixes\vulnerable\02_cve-2020-29367.c,pattern_dead_code,winner-xfg,call,689,1.0,"689,686,683,682,702",5,5,generated,ran,False,1,1,1.0,1.0,0.0,15248,15327,79,33262,33375,113,C:\Users\weijt\Desktop\UNSW\COMP9900\project\capstone-project-26t2-9900-t17a-almond\outputs\run_20260723_code_cvefixes_winner_xfg_round1\runs\baseline\02_cve-2020-29367,C:\Users\weijt\Desktop\UNSW\COMP9900\project\capstone-project-26t2-9900-t17a-almond\outputs\run_20260723_code_cvefixes_winner_xfg_round1\runs\perturbed\02_cve-2020-29367__pattern_dead_code__c5,C:\Users\weijt\Desktop\UNSW\COMP9900\project\capstone-project-26t2-9900-t17a-almond\outputs\run_20260723_code_cvefixes_winner_xfg_round1\sources\02_cve-2020-29367__pattern_dead_code__c5.c,inserted 5 unreachable pointer/array/length pattern block(s) near sensitive or structural lines nearest baseline winner-XFG key line 689,
02_cve-2020-29367,C:\Users\weijt\Desktop\UNSW\COMP9900\project\capstone-project-26t2-9900-t17a-almond\input_sources\cvefixes\vulnerable\02_cve-2020-29367.c,control_wrapper,winner-xfg,call,689,1.0,689,1,1,generated,ran,False,1,1,1.0,0.9997519850730896,-0.0002480149269104004,15248,15252,4,33262,33271,9,C:\Users\weijt\Desktop\UNSW\COMP9900\project\capstone-project-26t2-9900-t17a-almond\outputs\run_20260723_code_cvefixes_winner_xfg_round1\runs\baseline\02_cve-2020-29367,C:\Users\weijt\Desktop\UNSW\COMP9900\project\capstone-project-26t2-9900-t17a-almond\outputs\run_20260723_code_cvefixes_winner_xfg_round1\runs\perturbed\02_cve-2020-29367__control_wrapper__c1,C:\Users\weijt\Desktop\UNSW\COMP9900\project\capstone-project-26t2-9900-t17a-almond\outputs\run_20260723_code_cvefixes_winner_xfg_round1\sources\02_cve-2020-29367__control_wrapper__c1.c,wrapped 1 safe single-line statement(s) with if (1) blocks nearest baseline winner-XFG key line 689,
02_cve-2020-29367,C:\Users\weijt\Desktop\UNSW\COMP9900\project\capstone-project-26t2-9900-t17a-almond\input_sources\cvefixes\vulnerable\02_cve-2020-29367.c,control_wrapper,winner-xfg,call,689,1.0,"689,691",2,2,generated,ran,False,1,1,1.0,0.9997519850730896,-0.0002480149269104004,15248,15252,4,33262,33271,9,C:\Users\weijt\Desktop\UNSW\COMP9900\project\capstone-project-26t2-9900-t17a-almond\outputs\run_20260723_code_cvefixes_winner_xfg_round1\runs\baseline\02_cve-2020-29367,C:\Users\weijt\Desktop\UNSW\COMP9900\project\capstone-project-26t2-9900-t17a-almond\outputs\run_20260723_code_cvefixes_winner_xfg_round1\runs\perturbed\02_cve-2020-29367__control_wrapper__c2,C:\Users\weijt\Desktop\UNSW\COMP9900\project\capstone-project-26t2-9900-t17a-almond\outputs\run_20260723_code_cvefixes_winner_xfg_round1\sources\02_cve-2020-29367__control_wrapper__c2.c,wrapped 2 safe single-line statement(s) with if (1) blocks nearest baseline winner-XFG key line 689,
02_cve-2020-29367,C:\Users\weijt\Desktop\UNSW\COMP9900\project\capstone-project-26t2-9900-t17a-almond\input_sources\cvefixes\vulnerable\02_cve-2020-29367.c,control_wrapper,winner-xfg,call,689,1.0,"689,691,686",3,3,generated,ran,False,1,1,1.0,0.9781944155693054,-0.02180558443069458,15248,15260,12,33262,33288,26,C:\Users\weijt\Desktop\UNSW\COMP9900\project\capstone-project-26t2-9900-t17a-almond\outputs\run_20260723_code_cvefixes_winner_xfg_round1\runs\baseline\02_cve-2020-29367,C:\Users\weijt\Desktop\UNSW\COMP9900\project\capstone-project-26t2-9900-t17a-almond\outputs\run_20260723_code_cvefixes_winner_xfg_round1\runs\perturbed\02_cve-2020-29367__control_wrapper__c3,C:\Users\weijt\Desktop\UNSW\COMP9900\project\capstone-project-26t2-9900-t17a-almond\outputs\run_20260723_code_cvefixes_winner_xfg_round1\sources\02_cve-2020-29367__control_wrapper__c3.c,wrapped 3 safe single-line statement(s) with if (1) blocks nearest baseline winner-XFG key line 689,
02_cve-2020-29367,C:\Users\weijt\Desktop\UNSW\COMP9900\project\capstone-project-26t2-9900-t17a-almond\input_sources\cvefixes\vulnerable\02_cve-2020-29367.c,control_wrapper,winner-xfg,call,689,1.0,"689,691,686,684,695",5,5,generated,ran,False,1,1,1.0,0.9781944155693054,-0.02180558443069458,15248,15268,20,33262,33308,46,C:\Users\weijt\Desktop\UNSW\COMP9900\project\capstone-project-26t2-9900-t17a-almond\outputs\run_20260723_code_cvefixes_winner_xfg_round1\runs\baseline\02_cve-2020-29367,C:\Users\weijt\Desktop\UNSW\COMP9900\project\capstone-project-26t2-9900-t17a-almond\outputs\run_20260723_code_cvefixes_winner_xfg_round1\runs\perturbed\02_cve-2020-29367__control_wrapper__c5,C:\Users\weijt\Desktop\UNSW\COMP9900\project\capstone-project-26t2-9900-t17a-almond\outputs\run_20260723_code_cvefixes_winner_xfg_round1\sources\02_cve-2020-29367__control_wrapper__c5.c,wrapped 5 safe single-line statement(s) with if (1) blocks nearest baseline winner-XFG key line 689,
02_cve-2020-29367,C:\Users\weijt\Desktop\UNSW\COMP9900\project\capstone-project-26t2-9900-t17a-almond\input_sources\cvefixes\vulnerable\02_cve-2020-29367.c,temp_variable_split,winner-xfg,call,689,1.0,674,1,1,generated,ran,False,1,1,1.0,1.0,0.0,15248,15256,8,33262,33280,18,C:\Users\weijt\Desktop\UNSW\COMP9900\project\capstone-project-26t2-9900-t17a-almond\outputs\run_20260723_code_cvefixes_winner_xfg_round1\runs\baseline\02_cve-2020-29367,C:\Users\weijt\Desktop\UNSW\COMP9900\project\capstone-project-26t2-9900-t17a-almond\outputs\run_20260723_code_cvefixes_winner_xfg_round1\runs\perturbed\02_cve-2020-29367__temp_variable_split__c1,C:\Users\weijt\Desktop\UNSW\COMP9900\project\capstone-project-26t2-9900-t17a-almond\outputs\run_20260723_code_cvefixes_winner_xfg_round1\sources\02_cve-2020-29367__temp_variable_split__c1.c,split 1 simple assignment(s) through temporary integer variables nearest baseline winner-XFG key line 689,
02_cve-2020-29367,C:\Users\weijt\Desktop\UNSW\COMP9900\project\capstone-project-26t2-9900-t17a-almond\input_sources\cvefixes\vulnerable\02_cve-2020-29367.c,temp_variable_split,winner-xfg,call,689,1.0,"674,673",2,2,generated,ran,False,1,1,1.0,1.0,0.0,15248,15264,16,33262,33292,30,C:\Users\weijt\Desktop\UNSW\COMP9900\project\capstone-project-26t2-9900-t17a-almond\outputs\run_20260723_code_cvefixes_winner_xfg_round1\runs\baseline\02_cve-2020-29367,C:\Users\weijt\Desktop\UNSW\COMP9900\project\capstone-project-26t2-9900-t17a-almond\outputs\run_20260723_code_cvefixes_winner_xfg_round1\runs\perturbed\02_cve-2020-29367__temp_variable_split__c2,C:\Users\weijt\Desktop\UNSW\COMP9900\project\capstone-project-26t2-9900-t17a-almond\outputs\run_20260723_code_cvefixes_winner_xfg_round1\sources\02_cve-2020-29367__temp_variable_split__c2.c,split 2 simple assignment(s) through temporary integer variables nearest baseline winner-XFG key line 689,
02_cve-2020-29367,C:\Users\weijt\Desktop\UNSW\COMP9900\project\capstone-project-26t2-9900-t17a-almond\input_sources\cvefixes\vulnerable\02_cve-2020-29367.c,temp_variable_split,winner-xfg,call,689,1.0,"674,673,672",3,3,generated,ran,False,1,1,1.0,1.0,0.0,15248,15272,24,33262,33319,57,C:\Users\weijt\Desktop\UNSW\COMP9900\project\capstone-project-26t2-9900-t17a-almond\outputs\run_20260723_code_cvefixes_winner_xfg_round1\runs\baseline\02_cve-2020-29367,C:\Users\weijt\Desktop\UNSW\COMP9900\project\capstone-project-26t2-9900-t17a-almond\outputs\run_20260723_code_cvefixes_winner_xfg_round1\runs\perturbed\02_cve-2020-29367__temp_variable_split__c3,C:\Users\weijt\Desktop\UNSW\COMP9900\project\capstone-project-26t2-9900-t17a-almond\outputs\run_20260723_code_cvefixes_winner_xfg_round1\sources\02_cve-2020-29367__temp_variable_split__c3.c,split 3 simple assignment(s) through temporary integer variables nearest baseline winner-XFG key line 689,
02_cve-2020-29367,C:\Users\weijt\Desktop\UNSW\COMP9900\project\capstone-project-26t2-9900-t17a-almond\input_sources\cvefixes\vulnerable\02_cve-2020-29367.c,temp_variable_split,winner-xfg,call,689,1.0,"674,673,672,651,650",5,5,generated,ran,False,1,1,1.0,1.0,0.0,15248,15292,44,33262,33388,126,C:\Users\weijt\Desktop\UNSW\COMP9900\project\capstone-project-26t2-9900-t17a-almond\outputs\run_20260723_code_cvefixes_winner_xfg_round1\runs\baseline\02_cve-2020-29367,C:\Users\weijt\Desktop\UNSW\COMP9900\project\capstone-project-26t2-9900-t17a-almond\outputs\run_20260723_code_cvefixes_winner_xfg_round1\runs\perturbed\02_cve-2020-29367__temp_variable_split__c5,C:\Users\weijt\Desktop\UNSW\COMP9900\project\capstone-project-26t2-9900-t17a-almond\outputs\run_20260723_code_cvefixes_winner_xfg_round1\sources\02_cve-2020-29367__temp_variable_split__c5.c,split 5 simple assignment(s) through temporary integer variables nearest baseline winner-XFG key line 689,
03_cve-2021-3888,C:\Users\weijt\Desktop\UNSW\COMP9900\project\capstone-project-26t2-9900-t17a-almond\input_sources\cvefixes\vulnerable\03_cve-2021-3888.c,data_flow_alias,winner-xfg,ptr,66,0.10754722356796265,66,1,1,generated,ran,False,0,0,0.10754722356796265,0.18461446464061737,0.07706724107265472,6190,6210,20,13229,13267,38,C:\Users\weijt\Desktop\UNSW\COMP9900\project\capstone-project-26t2-9900-t17a-almond\outputs\run_20260723_code_cvefixes_winner_xfg_round1\runs\baseline\03_cve-2021-3888,C:\Users\weijt\Desktop\UNSW\COMP9900\project\capstone-project-26t2-9900-t17a-almond\outputs\run_20260723_code_cvefixes_winner_xfg_round1\runs\perturbed\03_cve-2021-3888__data_flow_alias__c1,C:\Users\weijt\Desktop\UNSW\COMP9900\project\capstone-project-26t2-9900-t17a-almond\outputs\run_20260723_code_cvefixes_winner_xfg_round1\sources\03_cve-2021-3888__data_flow_alias__c1.c,inserted 1 alias-preserving data-flow no-op(s) near call arguments nearest baseline winner-XFG key line 66,
03_cve-2021-3888,C:\Users\weijt\Desktop\UNSW\COMP9900\project\capstone-project-26t2-9900-t17a-almond\input_sources\cvefixes\vulnerable\03_cve-2021-3888.c,data_flow_alias,winner-xfg,ptr,66,0.10754722356796265,"66,65",2,2,generated,ran,False,0,0,0.10754722356796265,0.08659286051988602,-0.02095436304807663,6190,6230,40,13229,13305,76,C:\Users\weijt\Desktop\UNSW\COMP9900\project\capstone-project-26t2-9900-t17a-almond\outputs\run_20260723_code_cvefixes_winner_xfg_round1\runs\baseline\03_cve-2021-3888,C:\Users\weijt\Desktop\UNSW\COMP9900\project\capstone-project-26t2-9900-t17a-almond\outputs\run_20260723_code_cvefixes_winner_xfg_round1\runs\perturbed\03_cve-2021-3888__data_flow_alias__c2,C:\Users\weijt\Desktop\UNSW\COMP9900\project\capstone-project-26t2-9900-t17a-almond\outputs\run_20260723_code_cvefixes_winner_xfg_round1\sources\03_cve-2021-3888__data_flow_alias__c2.c,inserted 2 alias-preserving data-flow no-op(s) near call arguments nearest baseline winner-XFG key line 66,
03_cve-2021-3888,C:\Users\weijt\Desktop\UNSW\COMP9900\project\capstone-project-26t2-9900-t17a-almond\input_sources\cvefixes\vulnerable\03_cve-2021-3888.c,data_flow_alias,winner-xfg,ptr,66,0.10754722356796265,"66,65,67",3,3,generated,ran,False,0,0,0.10754722356796265,0.3459022045135498,0.23835498094558716,6190,6250,60,13229,13343,114,C:\Users\weijt\Desktop\UNSW\COMP9900\project\capstone-project-26t2-9900-t17a-almond\outputs\run_20260723_code_cvefixes_winner_xfg_round1\runs\baseline\03_cve-2021-3888,C:\Users\weijt\Desktop\UNSW\COMP9900\project\capstone-project-26t2-9900-t17a-almond\outputs\run_20260723_code_cvefixes_winner_xfg_round1\runs\perturbed\03_cve-2021-3888__data_flow_alias__c3,C:\Users\weijt\Desktop\UNSW\COMP9900\project\capstone-project-26t2-9900-t17a-almond\outputs\run_20260723_code_cvefixes_winner_xfg_round1\sources\03_cve-2021-3888__data_flow_alias__c3.c,inserted 3 alias-preserving data-flow no-op(s) near call arguments nearest baseline winner-XFG key line 66,
03_cve-2021-3888,C:\Users\weijt\Desktop\UNSW\COMP9900\project\capstone-project-26t2-9900-t17a-almond\input_sources\cvefixes\vulnerable\03_cve-2021-3888.c,data_flow_alias,winner-xfg,ptr,66,0.10754722356796265,"66,65,67,64,63",5,5,generated,ran,False,0,0,0.10754722356796265,0.06883179396390915,-0.0387154296040535,6190,6288,98,13229,13431,202,C:\Users\weijt\Desktop\UNSW\COMP9900\project\capstone-project-26t2-9900-t17a-almond\outputs\run_20260723_code_cvefixes_winner_xfg_round1\runs\baseline\03_cve-2021-3888,C:\Users\weijt\Desktop\UNSW\COMP9900\project\capstone-project-26t2-9900-t17a-almond\outputs\run_20260723_code_cvefixes_winner_xfg_round1\runs\perturbed\03_cve-2021-3888__data_flow_alias__c5,C:\Users\weijt\Desktop\UNSW\COMP9900\project\capstone-project-26t2-9900-t17a-almond\outputs\run_20260723_code_cvefixes_winner_xfg_round1\sources\03_cve-2021-3888__data_flow_alias__c5.c,inserted 5 alias-preserving data-flow no-op(s) near call arguments nearest baseline winner-XFG key line 66,
03_cve-2021-3888,C:\Users\weijt\Desktop\UNSW\COMP9900\project\capstone-project-26t2-9900-t17a-almond\input_sources\cvefixes\vulnerable\03_cve-2021-3888.c,dead_statement,winner-xfg,ptr,66,0.10754722356796265,66,1,1,generated,ran,False,0,0,0.10754722356796265,0.18461446464061737,0.07706724107265472,6190,6202,12,13229,13256,27,C:\Users\weijt\Desktop\UNSW\COMP9900\project\capstone-project-26t2-9900-t17a-almond\outputs\run_20260723_code_cvefixes_winner_xfg_round1\runs\baseline\03_cve-2021-3888,C:\Users\weijt\Desktop\UNSW\COMP9900\project\capstone-project-26t2-9900-t17a-almond\outputs\run_20260723_code_cvefixes_winner_xfg_round1\runs\perturbed\03_cve-2021-3888__dead_statement__c1,C:\Users\weijt\Desktop\UNSW\COMP9900\project\capstone-project-26t2-9900-t17a-almond\outputs\run_20260723_code_cvefixes_winner_xfg_round1\sources\03_cve-2021-3888__dead_statement__c1.c,inserted 1 harmless dummy integer statement pair(s) nearest baseline winner-XFG key line 66,
03_cve-2021-3888,C:\Users\weijt\Desktop\UNSW\COMP9900\project\capstone-project-26t2-9900-t17a-almond\input_sources\cvefixes\vulnerable\03_cve-2021-3888.c,dead_statement,winner-xfg,ptr,66,0.10754722356796265,66,2,2,generated,ran,False,0,0,0.10754722356796265,0.08659286051988602,-0.02095436304807663,6190,6214,24,13229,13283,54,C:\Users\weijt\Desktop\UNSW\COMP9900\project\capstone-project-26t2-9900-t17a-almond\outputs\run_20260723_code_cvefixes_winner_xfg_round1\runs\baseline\03_cve-2021-3888,C:\Users\weijt\Desktop\UNSW\COMP9900\project\capstone-project-26t2-9900-t17a-almond\outputs\run_20260723_code_cvefixes_winner_xfg_round1\runs\perturbed\03_cve-2021-3888__dead_statement__c2,C:\Users\weijt\Desktop\UNSW\COMP9900\project\capstone-project-26t2-9900-t17a-almond\outputs\run_20260723_code_cvefixes_winner_xfg_round1\sources\03_cve-2021-3888__dead_statement__c2.c,inserted 2 harmless dummy integer statement pair(s) nearest baseline winner-XFG key line 66,
03_cve-2021-3888,C:\Users\weijt\Desktop\UNSW\COMP9900\project\capstone-project-26t2-9900-t17a-almond\input_sources\cvefixes\vulnerable\03_cve-2021-3888.c,dead_statement,winner-xfg,ptr,66,0.10754722356796265,66,3,3,generated,ran,False,0,0,0.10754722356796265,0.3459022045135498,0.23835498094558716,6190,6226,36,13229,13310,81,C:\Users\weijt\Desktop\UNSW\COMP9900\project\capstone-project-26t2-9900-t17a-almond\outputs\run_20260723_code_cvefixes_winner_xfg_round1\runs\baseline\03_cve-2021-3888,C:\Users\weijt\Desktop\UNSW\COMP9900\project\capstone-project-26t2-9900-t17a-almond\outputs\run_20260723_code_cvefixes_winner_xfg_round1\runs\perturbed\03_cve-2021-3888__dead_statement__c3,C:\Users\weijt\Desktop\UNSW\COMP9900\project\capstone-project-26t2-9900-t17a-almond\outputs\run_20260723_code_cvefixes_winner_xfg_round1\sources\03_cve-2021-3888__dead_statement__c3.c,inserted 3 harmless dummy integer statement pair(s) nearest baseline winner-XFG key line 66,
03_cve-2021-3888,C:\Users\weijt\Desktop\UNSW\COMP9900\project\capstone-project-26t2-9900-t17a-almond\input_sources\cvefixes\vulnerable\03_cve-2021-3888.c,dead_statement,winner-xfg,ptr,66,0.10754722356796265,66,5,5,generated,ran,False,0,0,0.10754722356796265,0.05718762427568436,-0.05035959929227829,6190,6250,60,13229,13364,135,C:\Users\weijt\Desktop\UNSW\COMP9900\project\capstone-project-26t2-9900-t17a-almond\outputs\run_20260723_code_cvefixes_winner_xfg_round1\runs\baseline\03_cve-2021-3888,C:\Users\weijt\Desktop\UNSW\COMP9900\project\capstone-project-26t2-9900-t17a-almond\outputs\run_20260723_code_cvefixes_winner_xfg_round1\runs\perturbed\03_cve-2021-3888__dead_statement__c5,C:\Users\weijt\Desktop\UNSW\COMP9900\project\capstone-project-26t2-9900-t17a-almond\outputs\run_20260723_code_cvefixes_winner_xfg_round1\sources\03_cve-2021-3888__dead_statement__c5.c,inserted 5 harmless dummy integer statement pair(s) nearest baseline winner-XFG key line 66,
03_cve-2021-3888,C:\Users\weijt\Desktop\UNSW\COMP9900\project\capstone-project-26t2-9900-t17a-almond\input_sources\cvefixes\vulnerable\03_cve-2021-3888.c,xfg_targeted_dead_code,winner-xfg,ptr,66,0.10754722356796265,66,1,1,generated,ran,False,0,0,0.10754722356796265,0.08659286051988602,-0.02095436304807663,6190,6206,16,13229,13265,36,C:\Users\weijt\Desktop\UNSW\COMP9900\project\capstone-project-26t2-9900-t17a-almond\outputs\run_20260723_code_cvefixes_winner_xfg_round1\runs\baseline\03_cve-2021-3888,C:\Users\weijt\Desktop\UNSW\COMP9900\project\capstone-project-26t2-9900-t17a-almond\outputs\run_20260723_code_cvefixes_winner_xfg_round1\runs\perturbed\03_cve-2021-3888__xfg_targeted_dead_code__c1,C:\Users\weijt\Desktop\UNSW\COMP9900\project\capstone-project-26t2-9900-t17a-almond\outputs\run_20260723_code_cvefixes_winner_xfg_round1\sources\03_cve-2021-3888__xfg_targeted_dead_code__c1.c,inserted 1 unreachable no-op block(s) near XFG-relevant target lines nearest baseline winner-XFG key line 66,
03_cve-2021-3888,C:\Users\weijt\Desktop\UNSW\COMP9900\project\capstone-project-26t2-9900-t17a-almond\input_sources\cvefixes\vulnerable\03_cve-2021-3888.c,xfg_targeted_dead_code,winner-xfg,ptr,66,0.10754722356796265,"66,65",2,2,generated,ran,False,0,0,0.10754722356796265,0.08659286051988602,-0.02095436304807663,6190,6222,32,13229,13301,72,C:\Users\weijt\Desktop\UNSW\COMP9900\project\capstone-project-26t2-9900-t17a-almond\outputs\run_20260723_code_cvefixes_winner_xfg_round1\runs\baseline\03_cve-2021-3888,C:\Users\weijt\Desktop\UNSW\COMP9900\project\capstone-project-26t2-9900-t17a-almond\outputs\run_20260723_code_cvefixes_winner_xfg_round1\runs\perturbed\03_cve-2021-3888__xfg_targeted_dead_code__c2,C:\Users\weijt\Desktop\UNSW\COMP9900\project\capstone-project-26t2-9900-t17a-almond\outputs\run_20260723_code_cvefixes_winner_xfg_round1\sources\03_cve-2021-3888__xfg_targeted_dead_code__c2.c,inserted 2 unreachable no-op block(s) near XFG-relevant target lines nearest baseline winner-XFG key line 66,
03_cve-2021-3888,C:\Users\weijt\Desktop\UNSW\COMP9900\project\capstone-project-26t2-9900-t17a-almond\input_sources\cvefixes\vulnerable\03_cve-2021-3888.c,xfg_targeted_dead_code,winner-xfg,ptr,66,0.10754722356796265,"66,65,64",3,3,generated,ran,False,0,0,0.10754722356796265,0.15628722310066223,0.048739999532699585,6190,6238,48,13229,13337,108,C:\Users\weijt\Desktop\UNSW\COMP9900\project\capstone-project-26t2-9900-t17a-almond\outputs\run_20260723_code_cvefixes_winner_xfg_round1\runs\baseline\03_cve-2021-3888,C:\Users\weijt\Desktop\UNSW\COMP9900\project\capstone-project-26t2-9900-t17a-almond\outputs\run_20260723_code_cvefixes_winner_xfg_round1\runs\perturbed\03_cve-2021-3888__xfg_targeted_dead_code__c3,C:\Users\weijt\Desktop\UNSW\COMP9900\project\capstone-project-26t2-9900-t17a-almond\outputs\run_20260723_code_cvefixes_winner_xfg_round1\sources\03_cve-2021-3888__xfg_targeted_dead_code__c3.c,inserted 3 unreachable no-op block(s) near XFG-relevant target lines nearest baseline winner-XFG key line 66,
03_cve-2021-3888,C:\Users\weijt\Desktop\UNSW\COMP9900\project\capstone-project-26t2-9900-t17a-almond\input_sources\cvefixes\vulnerable\03_cve-2021-3888.c,xfg_targeted_dead_code,winner-xfg,ptr,66,0.10754722356796265,"66,65,64,63,62",5,5,generated,ran,False,0,0,0.10754722356796265,0.0377672016620636,-0.06978002190589905,6190,6270,80,13229,13409,180,C:\Users\weijt\Desktop\UNSW\COMP9900\project\capstone-project-26t2-9900-t17a-almond\outputs\run_20260723_code_cvefixes_winner_xfg_round1\runs\baseline\03_cve-2021-3888,C:\Users\weijt\Desktop\UNSW\COMP9900\project\capstone-project-26t2-9900-t17a-almond\outputs\run_20260723_code_cvefixes_winner_xfg_round1\runs\perturbed\03_cve-2021-3888__xfg_targeted_dead_code__c5,C:\Users\weijt\Desktop\UNSW\COMP9900\project\capstone-project-26t2-9900-t17a-almond\outputs\run_20260723_code_cvefixes_winner_xfg_round1\sources\03_cve-2021-3888__xfg_targeted_dead_code__c5.c,inserted 5 unreachable no-op block(s) near XFG-relevant target lines nearest baseline winner-XFG key line 66,
03_cve-2021-3888,C:\Users\weijt\Desktop\UNSW\COMP9900\project\capstone-project-26t2-9900-t17a-almond\input_sources\cvefixes\vulnerable\03_cve-2021-3888.c,range_clamp,winner-xfg,ptr,66,0.10754722356796265,,1,0,skipped,ran,,,,,,,,,,,,,C:\Users\weijt\Desktop\UNSW\COMP9900\project\capstone-project-26t2-9900-t17a-almond\outputs\run_20260723_code_cvefixes_winner_xfg_round1\runs\baseline\03_cve-2021-3888,,,no sensitive call with a clampable size/count argument found,
03_cve-2021-3888,C:\Users\weijt\Desktop\UNSW\COMP9900\project\capstone-project-26t2-9900-t17a-almond\input_sources\cvefixes\vulnerable\03_cve-2021-3888.c,safe_source_substitution,winner-xfg,ptr,66,0.10754722356796265,66,1,1,generated,ran,False,0,0,0.10754722356796265,0.0377672016620636,-0.06978002190589905,6190,6198,8,13229,13248,19,C:\Users\weijt\Desktop\UNSW\COMP9900\project\capstone-project-26t2-9900-t17a-almond\outputs\run_20260723_code_cvefixes_winner_xfg_round1\runs\baseline\03_cve-2021-3888,C:\Users\weijt\Desktop\UNSW\COMP9900\project\capstone-project-26t2-9900-t17a-almond\outputs\run_20260723_code_cvefixes_winner_xfg_round1\runs\perturbed\03_cve-2021-3888__safe_source_substitution__c1,C:\Users\weijt\Desktop\UNSW\COMP9900\project\capstone-project-26t2-9900-t17a-almond\outputs\run_20260723_code_cvefixes_winner_xfg_round1\sources\03_cve-2021-3888__safe_source_substitution__c1.c,replaced 1 nested pointer source expression(s) with guarded fallback expressions nearest baseline winner-XFG key line 66,
03_cve-2021-3888,C:\Users\weijt\Desktop\UNSW\COMP9900\project\capstone-project-26t2-9900-t17a-almond\input_sources\cvefixes\vulnerable\03_cve-2021-3888.c,safe_source_substitution,winner-xfg,ptr,66,0.10754722356796265,"66,65",2,2,generated,ran,False,0,0,0.10754722356796265,0.0377672016620636,-0.06978002190589905,6190,6206,16,13229,13266,37,C:\Users\weijt\Desktop\UNSW\COMP9900\project\capstone-project-26t2-9900-t17a-almond\outputs\run_20260723_code_cvefixes_winner_xfg_round1\runs\baseline\03_cve-2021-3888,C:\Users\weijt\Desktop\UNSW\COMP9900\project\capstone-project-26t2-9900-t17a-almond\outputs\run_20260723_code_cvefixes_winner_xfg_round1\runs\perturbed\03_cve-2021-3888__safe_source_substitution__c2,C:\Users\weijt\Desktop\UNSW\COMP9900\project\capstone-project-26t2-9900-t17a-almond\outputs\run_20260723_code_cvefixes_winner_xfg_round1\sources\03_cve-2021-3888__safe_source_substitution__c2.c,replaced 2 nested pointer source expression(s) with guarded fallback expressions nearest baseline winner-XFG key line 66,
03_cve-2021-3888,C:\Users\weijt\Desktop\UNSW\COMP9900\project\capstone-project-26t2-9900-t17a-almond\input_sources\cvefixes\vulnerable\03_cve-2021-3888.c,safe_source_substitution,winner-xfg,ptr,66,0.10754722356796265,"66,65,64",3,3,generated,ran,False,0,0,0.10754722356796265,0.037767209112644196,-0.06978001445531845,6190,6214,24,13229,13284,55,C:\Users\weijt\Desktop\UNSW\COMP9900\project\capstone-project-26t2-9900-t17a-almond\outputs\run_20260723_code_cvefixes_winner_xfg_round1\runs\baseline\03_cve-2021-3888,C:\Users\weijt\Desktop\UNSW\COMP9900\project\capstone-project-26t2-9900-t17a-almond\outputs\run_20260723_code_cvefixes_winner_xfg_round1\runs\perturbed\03_cve-2021-3888__safe_source_substitution__c3,C:\Users\weijt\Desktop\UNSW\COMP9900\project\capstone-project-26t2-9900-t17a-almond\outputs\run_20260723_code_cvefixes_winner_xfg_round1\sources\03_cve-2021-3888__safe_source_substitution__c3.c,replaced 3 nested pointer source expression(s) with guarded fallback expressions nearest baseline winner-XFG key line 66,
03_cve-2021-3888,C:\Users\weijt\Desktop\UNSW\COMP9900\project\capstone-project-26t2-9900-t17a-almond\input_sources\cvefixes\vulnerable\03_cve-2021-3888.c,safe_source_substitution,winner-xfg,ptr,66,0.10754722356796265,"66,65,64,63,62",5,5,generated,ran,False,0,0,0.10754722356796265,0.037767209112644196,-0.06978001445531845,6190,6230,40,13229,13314,85,C:\Users\weijt\Desktop\UNSW\COMP9900\project\capstone-project-26t2-9900-t17a-almond\outputs\run_20260723_code_cvefixes_winner_xfg_round1\runs\baseline\03_cve-2021-3888,C:\Users\weijt\Desktop\UNSW\COMP9900\project\capstone-project-26t2-9900-t17a-almond\outputs\run_20260723_code_cvefixes_winner_xfg_round1\runs\perturbed\03_cve-2021-3888__safe_source_substitution__c5,C:\Users\weijt\Desktop\UNSW\COMP9900\project\capstone-project-26t2-9900-t17a-almond\outputs\run_20260723_code_cvefixes_winner_xfg_round1\sources\03_cve-2021-3888__safe_source_substitution__c5.c,replaced 5 nested pointer source expression(s) with guarded fallback expressions nearest baseline winner-XFG key line 66,
03_cve-2021-3888,C:\Users\weijt\Desktop\UNSW\COMP9900\project\capstone-project-26t2-9900-t17a-almond\input_sources\cvefixes\vulnerable\03_cve-2021-3888.c,sink_bound_guard,winner-xfg,ptr,66,0.10754722356796265,,1,0,skipped,ran,,,,,,,,,,,,,C:\Users\weijt\Desktop\UNSW\COMP9900\project\capstone-project-26t2-9900-t17a-almond\outputs\run_20260723_code_cvefixes_winner_xfg_round1\runs\baseline\03_cve-2021-3888,,,no sensitive sink call found for bound guard insertion,
03_cve-2021-3888,C:\Users\weijt\Desktop\UNSW\COMP9900\project\capstone-project-26t2-9900-t17a-almond\input_sources\cvefixes\vulnerable\03_cve-2021-3888.c,postcondition_validation,winner-xfg,ptr,66,0.10754722356796265,,1,0,skipped,target_unavailable,,,,,,,,,,,,,C:\Users\weijt\Desktop\UNSW\COMP9900\project\capstone-project-26t2-9900-t17a-almond\outputs\run_20260723_code_cvefixes_winner_xfg_round1\runs\baseline\03_cve-2021-3888,,,action postcondition_validation has no winner-XFG-local implementation,action postcondition_validation has no winner-XFG-local implementation
03_cve-2021-3888,C:\Users\weijt\Desktop\UNSW\COMP9900\project\capstone-project-26t2-9900-t17a-almond\input_sources\cvefixes\vulnerable\03_cve-2021-3888.c,integer_overflow_guard,winner-xfg,ptr,66,0.10754722356796265,,1,0,skipped,ran,,,,,,,,,,,,,C:\Users\weijt\Desktop\UNSW\COMP9900\project\capstone-project-26t2-9900-t17a-almond\outputs\run_20260723_code_cvefixes_winner_xfg_round1\runs\baseline\03_cve-2021-3888,,,no allocation size addition or multiplication expression found,
03_cve-2021-3888,C:\Users\weijt\Desktop\UNSW\COMP9900\project\capstone-project-26t2-9900-t17a-almond\input_sources\cvefixes\vulnerable\03_cve-2021-3888.c,array_index_bound_guard,winner-xfg,ptr,66,0.10754722356796265,402,1,1,generated,ran,False,0,0,0.10754722356796265,0.10754722356796265,0.0,6190,6220,30,13229,13292,63,C:\Users\weijt\Desktop\UNSW\COMP9900\project\capstone-project-26t2-9900-t17a-almond\outputs\run_20260723_code_cvefixes_winner_xfg_round1\runs\baseline\03_cve-2021-3888,C:\Users\weijt\Desktop\UNSW\COMP9900\project\capstone-project-26t2-9900-t17a-almond\outputs\run_20260723_code_cvefixes_winner_xfg_round1\runs\perturbed\03_cve-2021-3888__array_index_bound_guard__c1,C:\Users\weijt\Desktop\UNSW\COMP9900\project\capstone-project-26t2-9900-t17a-almond\outputs\run_20260723_code_cvefixes_winner_xfg_round1\sources\03_cve-2021-3888__array_index_bound_guard__c1.c,wrapped 1 array write(s) with index lower/upper bound guards nearest baseline winner-XFG key line 66,
03_cve-2021-3888,C:\Users\weijt\Desktop\UNSW\COMP9900\project\capstone-project-26t2-9900-t17a-almond\input_sources\cvefixes\vulnerable\03_cve-2021-3888.c,array_index_bound_guard,winner-xfg,ptr,66,0.10754722356796265,"402,581",2,2,generated,ran,False,0,0,0.10754722356796265,0.10754722356796265,0.0,6190,6246,56,13229,13338,109,C:\Users\weijt\Desktop\UNSW\COMP9900\project\capstone-project-26t2-9900-t17a-almond\outputs\run_20260723_code_cvefixes_winner_xfg_round1\runs\baseline\03_cve-2021-3888,C:\Users\weijt\Desktop\UNSW\COMP9900\project\capstone-project-26t2-9900-t17a-almond\outputs\run_20260723_code_cvefixes_winner_xfg_round1\runs\perturbed\03_cve-2021-3888__array_index_bound_guard__c2,C:\Users\weijt\Desktop\UNSW\COMP9900\project\capstone-project-26t2-9900-t17a-almond\outputs\run_20260723_code_cvefixes_winner_xfg_round1\sources\03_cve-2021-3888__array_index_bound_guard__c2.c,wrapped 2 array write(s) with index lower/upper bound guards nearest baseline winner-XFG key line 66,
03_cve-2021-3888,C:\Users\weijt\Desktop\UNSW\COMP9900\project\capstone-project-26t2-9900-t17a-almond\input_sources\cvefixes\vulnerable\03_cve-2021-3888.c,array_index_bound_guard,winner-xfg,ptr,66,0.10754722356796265,"402,581,590",3,3,generated,ran,False,0,0,0.10754722356796265,0.10754722356796265,0.0,6190,6272,82,13229,13380,151,C:\Users\weijt\Desktop\UNSW\COMP9900\project\capstone-project-26t2-9900-t17a-almond\outputs\run_20260723_code_cvefixes_winner_xfg_round1\runs\baseline\03_cve-2021-3888,C:\Users\weijt\Desktop\UNSW\COMP9900\project\capstone-project-26t2-9900-t17a-almond\outputs\run_20260723_code_cvefixes_winner_xfg_round1\runs\perturbed\03_cve-2021-3888__array_index_bound_guard__c3,C:\Users\weijt\Desktop\UNSW\COMP9900\project\capstone-project-26t2-9900-t17a-almond\outputs\run_20260723_code_cvefixes_winner_xfg_round1\sources\03_cve-2021-3888__array_index_bound_guard__c3.c,wrapped 3 array write(s) with index lower/upper bound guards nearest baseline winner-XFG key line 66,
03_cve-2021-3888,C:\Users\weijt\Desktop\UNSW\COMP9900\project\capstone-project-26t2-9900-t17a-almond\input_sources\cvefixes\vulnerable\03_cve-2021-3888.c,array_index_bound_guard,winner-xfg,ptr,66,0.10754722356796265,"402,581,590,591,595",5,5,generated,ran,False,0,0,0.10754722356796265,0.10754722356796265,0.0,6190,6324,134,13229,13473,244,C:\Users\weijt\Desktop\UNSW\COMP9900\project\capstone-project-26t2-9900-t17a-almond\outputs\run_20260723_code_cvefixes_winner_xfg_round1\runs\baseline\03_cve-2021-3888,C:\Users\weijt\Desktop\UNSW\COMP9900\project\capstone-project-26t2-9900-t17a-almond\outputs\run_20260723_code_cvefixes_winner_xfg_round1\runs\perturbed\03_cve-2021-3888__array_index_bound_guard__c5,C:\Users\weijt\Desktop\UNSW\COMP9900\project\capstone-project-26t2-9900-t17a-almond\outputs\run_20260723_code_cvefixes_winner_xfg_round1\sources\03_cve-2021-3888__array_index_bound_guard__c5.c,wrapped 5 array write(s) with index lower/upper bound guards nearest baseline winner-XFG key line 66,
03_cve-2021-3888,C:\Users\weijt\Desktop\UNSW\COMP9900\project\capstone-project-26t2-9900-t17a-almond\input_sources\cvefixes\vulnerable\03_cve-2021-3888.c,wide_char_sink_guard,winner-xfg,ptr,66,0.10754722356796265,,1,0,skipped,ran,,,,,,,,,,,,,C:\Users\weijt\Desktop\UNSW\COMP9900\project\capstone-project-26t2-9900-t17a-almond\outputs\run_20260723_code_cvefixes_winner_xfg_round1\runs\baseline\03_cve-2021-3888,,,no wcscat/wcscpy wide-character sink found,
03_cve-2021-3888,C:\Users\weijt\Desktop\UNSW\COMP9900\project\capstone-project-26t2-9900-t17a-almond\input_sources\cvefixes\vulnerable\03_cve-2021-3888.c,pattern_dead_code,winner-xfg,ptr,66,0.10754722356796265,66,1,1,generated,ran,False,0,0,0.10754722356796265,0.0377672016620636,-0.06978002190589905,6190,6245,55,13229,13330,101,C:\Users\weijt\Desktop\UNSW\COMP9900\project\capstone-project-26t2-9900-t17a-almond\outputs\run_20260723_code_cvefixes_winner_xfg_round1\runs\baseline\03_cve-2021-3888,C:\Users\weijt\Desktop\UNSW\COMP9900\project\capstone-project-26t2-9900-t17a-almond\outputs\run_20260723_code_cvefixes_winner_xfg_round1\runs\perturbed\03_cve-2021-3888__pattern_dead_code__c1,C:\Users\weijt\Desktop\UNSW\COMP9900\project\capstone-project-26t2-9900-t17a-almond\outputs\run_20260723_code_cvefixes_winner_xfg_round1\sources\03_cve-2021-3888__pattern_dead_code__c1.c,inserted 1 unreachable pointer/array/length pattern block(s) near sensitive or structural lines nearest baseline winner-XFG key line 66,
03_cve-2021-3888,C:\Users\weijt\Desktop\UNSW\COMP9900\project\capstone-project-26t2-9900-t17a-almond\input_sources\cvefixes\vulnerable\03_cve-2021-3888.c,pattern_dead_code,winner-xfg,ptr,66,0.10754722356796265,"66,65",2,2,generated,ran,False,0,0,0.10754722356796265,0.041412677615880966,-0.06613454595208168,6190,6300,110,13229,13431,202,C:\Users\weijt\Desktop\UNSW\COMP9900\project\capstone-project-26t2-9900-t17a-almond\outputs\run_20260723_code_cvefixes_winner_xfg_round1\runs\baseline\03_cve-2021-3888,C:\Users\weijt\Desktop\UNSW\COMP9900\project\capstone-project-26t2-9900-t17a-almond\outputs\run_20260723_code_cvefixes_winner_xfg_round1\runs\perturbed\03_cve-2021-3888__pattern_dead_code__c2,C:\Users\weijt\Desktop\UNSW\COMP9900\project\capstone-project-26t2-9900-t17a-almond\outputs\run_20260723_code_cvefixes_winner_xfg_round1\sources\03_cve-2021-3888__pattern_dead_code__c2.c,inserted 2 unreachable pointer/array/length pattern block(s) near sensitive or structural lines nearest baseline winner-XFG key line 66,
03_cve-2021-3888,C:\Users\weijt\Desktop\UNSW\COMP9900\project\capstone-project-26t2-9900-t17a-almond\input_sources\cvefixes\vulnerable\03_cve-2021-3888.c,pattern_dead_code,winner-xfg,ptr,66,0.10754722356796265,"66,65,64",3,3,generated,ran,True,0,1,0.10754722356796265,0.5983327627182007,0.49078553915023804,6190,6355,165,13229,13532,303,C:\Users\weijt\Desktop\UNSW\COMP9900\project\capstone-project-26t2-9900-t17a-almond\outputs\run_20260723_code_cvefixes_winner_xfg_round1\runs\baseline\03_cve-2021-3888,C:\Users\weijt\Desktop\UNSW\COMP9900\project\capstone-project-26t2-9900-t17a-almond\outputs\run_20260723_code_cvefixes_winner_xfg_round1\runs\perturbed\03_cve-2021-3888__pattern_dead_code__c3,C:\Users\weijt\Desktop\UNSW\COMP9900\project\capstone-project-26t2-9900-t17a-almond\outputs\run_20260723_code_cvefixes_winner_xfg_round1\sources\03_cve-2021-3888__pattern_dead_code__c3.c,inserted 3 unreachable pointer/array/length pattern block(s) near sensitive or structural lines nearest baseline winner-XFG key line 66,
03_cve-2021-3888,C:\Users\weijt\Desktop\UNSW\COMP9900\project\capstone-project-26t2-9900-t17a-almond\input_sources\cvefixes\vulnerable\03_cve-2021-3888.c,control_wrapper,winner-xfg,ptr,66,0.10754722356796265,66,1,1,generated,ran,False,0,0,0.10754722356796265,0.18461446464061737,0.07706724107265472,6190,6194,4,13229,13238,9,C:\Users\weijt\Desktop\UNSW\COMP9900\project\capstone-project-26t2-9900-t17a-almond\outputs\run_20260723_code_cvefixes_winner_xfg_round1\runs\baseline\03_cve-2021-3888,C:\Users\weijt\Desktop\UNSW\COMP9900\project\capstone-project-26t2-9900-t17a-almond\outputs\run_20260723_code_cvefixes_winner_xfg_round1\runs\perturbed\03_cve-2021-3888__control_wrapper__c1,C:\Users\weijt\Desktop\UNSW\COMP9900\project\capstone-project-26t2-9900-t17a-almond\outputs\run_20260723_code_cvefixes_winner_xfg_round1\sources\03_cve-2021-3888__control_wrapper__c1.c,wrapped 1 safe single-line statement(s) with if (1) blocks nearest baseline winner-XFG key line 66,
03_cve-2021-3888,C:\Users\weijt\Desktop\UNSW\COMP9900\project\capstone-project-26t2-9900-t17a-almond\input_sources\cvefixes\vulnerable\03_cve-2021-3888.c,control_wrapper,winner-xfg,ptr,66,0.10754722356796265,"66,65",2,2,generated,ran,False,0,0,0.10754722356796265,0.08659286051988602,-0.02095436304807663,6190,6198,8,13229,13247,18,C:\Users\weijt\Desktop\UNSW\COMP9900\project\capstone-project-26t2-9900-t17a-almond\outputs\run_20260723_code_cvefixes_winner_xfg_round1\runs\baseline\03_cve-2021-3888,C:\Users\weijt\Desktop\UNSW\COMP9900\project\capstone-project-26t2-9900-t17a-almond\outputs\run_20260723_code_cvefixes_winner_xfg_round1\runs\perturbed\03_cve-2021-3888__control_wrapper__c2,C:\Users\weijt\Desktop\UNSW\COMP9900\project\capstone-project-26t2-9900-t17a-almond\outputs\run_20260723_code_cvefixes_winner_xfg_round1\sources\03_cve-2021-3888__control_wrapper__c2.c,wrapped 2 safe single-line statement(s) with if (1) blocks nearest baseline winner-XFG key line 66,
03_cve-2021-3888,C:\Users\weijt\Desktop\UNSW\COMP9900\project\capstone-project-26t2-9900-t17a-almond\input_sources\cvefixes\vulnerable\03_cve-2021-3888.c,control_wrapper,winner-xfg,ptr,66,0.10754722356796265,"66,65,67",3,3,generated,ran,False,0,0,0.10754722356796265,0.3459022045135498,0.23835498094558716,6190,6202,12,13229,13256,27,C:\Users\weijt\Desktop\UNSW\COMP9900\project\capstone-project-26t2-9900-t17a-almond\outputs\run_20260723_code_cvefixes_winner_xfg_round1\runs\baseline\03_cve-2021-3888,C:\Users\weijt\Desktop\UNSW\COMP9900\project\capstone-project-26t2-9900-t17a-almond\outputs\run_20260723_code_cvefixes_winner_xfg_round1\runs\perturbed\03_cve-2021-3888__control_wrapper__c3,C:\Users\weijt\Desktop\UNSW\COMP9900\project\capstone-project-26t2-9900-t17a-almond\outputs\run_20260723_code_cvefixes_winner_xfg_round1\sources\03_cve-2021-3888__control_wrapper__c3.c,wrapped 3 safe single-line statement(s) with if (1) blocks nearest baseline winner-XFG key line 66,
03_cve-2021-3888,C:\Users\weijt\Desktop\UNSW\COMP9900\project\capstone-project-26t2-9900-t17a-almond\input_sources\cvefixes\vulnerable\03_cve-2021-3888.c,control_wrapper,winner-xfg,ptr,66,0.10754722356796265,"66,65,67,64,68",5,5,generated,ran,False,0,0,0.10754722356796265,0.0774180069565773,-0.030129216611385345,6190,6210,20,13229,13274,45,C:\Users\weijt\Desktop\UNSW\COMP9900\project\capstone-project-26t2-9900-t17a-almond\outputs\run_20260723_code_cvefixes_winner_xfg_round1\runs\baseline\03_cve-2021-3888,C:\Users\weijt\Desktop\UNSW\COMP9900\project\capstone-project-26t2-9900-t17a-almond\outputs\run_20260723_code_cvefixes_winner_xfg_round1\runs\perturbed\03_cve-2021-3888__control_wrapper__c5,C:\Users\weijt\Desktop\UNSW\COMP9900\project\capstone-project-26t2-9900-t17a-almond\outputs\run_20260723_code_cvefixes_winner_xfg_round1\sources\03_cve-2021-3888__control_wrapper__c5.c,wrapped 5 safe single-line statement(s) with if (1) blocks nearest baseline winner-XFG key line 66,
03_cve-2021-3888,C:\Users\weijt\Desktop\UNSW\COMP9900\project\capstone-project-26t2-9900-t17a-almond\input_sources\cvefixes\vulnerable\03_cve-2021-3888.c,temp_variable_split,winner-xfg,ptr,66,0.10754722356796265,152,1,1,generated,ran,False,0,0,0.10754722356796265,0.18461446464061737,0.07706724107265472,6190,6198,8,13229,13250,21,C:\Users\weijt\Desktop\UNSW\COMP9900\project\capstone-project-26t2-9900-t17a-almond\outputs\run_20260723_code_cvefixes_winner_xfg_round1\runs\baseline\03_cve-2021-3888,C:\Users\weijt\Desktop\UNSW\COMP9900\project\capstone-project-26t2-9900-t17a-almond\outputs\run_20260723_code_cvefixes_winner_xfg_round1\runs\perturbed\03_cve-2021-3888__temp_variable_split__c1,C:\Users\weijt\Desktop\UNSW\COMP9900\project\capstone-project-26t2-9900-t17a-almond\outputs\run_20260723_code_cvefixes_winner_xfg_round1\sources\03_cve-2021-3888__temp_variable_split__c1.c,split 1 simple assignment(s) through temporary integer variables nearest baseline winner-XFG key line 66,
03_cve-2021-3888,C:\Users\weijt\Desktop\UNSW\COMP9900\project\capstone-project-26t2-9900-t17a-almond\input_sources\cvefixes\vulnerable\03_cve-2021-3888.c,temp_variable_split,winner-xfg,ptr,66,0.10754722356796265,"152,162",2,2,generated,ran,False,0,0,0.10754722356796265,0.18461446464061737,0.07706724107265472,6190,6206,16,13229,13268,39,C:\Users\weijt\Desktop\UNSW\COMP9900\project\capstone-project-26t2-9900-t17a-almond\outputs\run_20260723_code_cvefixes_winner_xfg_round1\runs\baseline\03_cve-2021-3888,C:\Users\weijt\Desktop\UNSW\COMP9900\project\capstone-project-26t2-9900-t17a-almond\outputs\run_20260723_code_cvefixes_winner_xfg_round1\runs\perturbed\03_cve-2021-3888__temp_variable_split__c2,C:\Users\weijt\Desktop\UNSW\COMP9900\project\capstone-project-26t2-9900-t17a-almond\outputs\run_20260723_code_cvefixes_winner_xfg_round1\sources\03_cve-2021-3888__temp_variable_split__c2.c,split 2 simple assignment(s) through temporary integer variables nearest baseline winner-XFG key line 66,
03_cve-2021-3888,C:\Users\weijt\Desktop\UNSW\COMP9900\project\capstone-project-26t2-9900-t17a-almond\input_sources\cvefixes\vulnerable\03_cve-2021-3888.c,temp_variable_split,winner-xfg,ptr,66,0.10754722356796265,"152,162,315",3,3,generated,ran,False,0,0,0.10754722356796265,0.18461446464061737,0.07706724107265472,6190,6214,24,13229,13285,56,C:\Users\weijt\Desktop\UNSW\COMP9900\project\capstone-project-26t2-9900-t17a-almond\outputs\run_20260723_code_cvefixes_winner_xfg_round1\runs\baseline\03_cve-2021-3888,C:\Users\weijt\Desktop\UNSW\COMP9900\project\capstone-project-26t2-9900-t17a-almond\outputs\run_20260723_code_cvefixes_winner_xfg_round1\runs\perturbed\03_cve-2021-3888__temp_variable_split__c3,C:\Users\weijt\Desktop\UNSW\COMP9900\project\capstone-project-26t2-9900-t17a-almond\outputs\run_20260723_code_cvefixes_winner_xfg_round1\sources\03_cve-2021-3888__temp_variable_split__c3.c,split 3 simple assignment(s) through temporary integer variables nearest baseline winner-XFG key line 66,
03_cve-2021-3888,C:\Users\weijt\Desktop\UNSW\COMP9900\project\capstone-project-26t2-9900-t17a-almond\input_sources\cvefixes\vulnerable\03_cve-2021-3888.c,temp_variable_split,winner-xfg,ptr,66,0.10754722356796265,"152,162,315",5,3,partial,run_partial,False,0,0,0.10754722356796265,0.18461446464061737,0.07706724107265472,6190,6214,24,13229,13285,56,C:\Users\weijt\Desktop\UNSW\COMP9900\project\capstone-project-26t2-9900-t17a-almond\outputs\run_20260723_code_cvefixes_winner_xfg_round1\runs\baseline\03_cve-2021-3888,C:\Users\weijt\Desktop\UNSW\COMP9900\project\capstone-project-26t2-9900-t17a-almond\outputs\run_20260723_code_cvefixes_winner_xfg_round1\runs\perturbed\03_cve-2021-3888__temp_variable_split__c5,C:\Users\weijt\Desktop\UNSW\COMP9900\project\capstone-project-26t2-9900-t17a-almond\outputs\run_20260723_code_cvefixes_winner_xfg_round1\sources\03_cve-2021-3888__temp_variable_split__c5.c,split 3 simple assignment(s) through temporary integer variables nearest baseline winner-XFG key line 66,
04_cve-2021-31571,C:\Users\weijt\Desktop\UNSW\COMP9900\project\capstone-project-26t2-9900-t17a-almond\input_sources\cvefixes\vulnerable\04_cve-2021-31571.c,data_flow_alias,winner-xfg,array,2788,0.13110341131687164,2777,1,1,generated,ran,False,0,0,0.13110341131687164,0.06887974590063095,-0.06222366541624069,4013,4015,2,7985,7986,1,C:\Users\weijt\Desktop\UNSW\COMP9900\project\capstone-project-26t2-9900-t17a-almond\outputs\run_20260723_code_cvefixes_winner_xfg_round1\runs\baseline\04_cve-2021-31571,C:\Users\weijt\Desktop\UNSW\COMP9900\project\capstone-project-26t2-9900-t17a-almond\outputs\run_20260723_code_cvefixes_winner_xfg_round1\runs\perturbed\04_cve-2021-31571__data_flow_alias__c1,C:\Users\weijt\Desktop\UNSW\COMP9900\project\capstone-project-26t2-9900-t17a-almond\outputs\run_20260723_code_cvefixes_winner_xfg_round1\sources\04_cve-2021-31571__data_flow_alias__c1.c,inserted 1 alias-preserving data-flow no-op(s) near call arguments nearest baseline winner-XFG key line 2788,
04_cve-2021-31571,C:\Users\weijt\Desktop\UNSW\COMP9900\project\capstone-project-26t2-9900-t17a-almond\input_sources\cvefixes\vulnerable\04_cve-2021-31571.c,data_flow_alias,winner-xfg,array,2788,0.13110341131687164,"2777,2808",2,2,generated,ran,False,0,0,0.13110341131687164,0.4455690383911133,0.31446562707424164,4013,4017,4,7985,7987,2,C:\Users\weijt\Desktop\UNSW\COMP9900\project\capstone-project-26t2-9900-t17a-almond\outputs\run_20260723_code_cvefixes_winner_xfg_round1\runs\baseline\04_cve-2021-31571,C:\Users\weijt\Desktop\UNSW\COMP9900\project\capstone-project-26t2-9900-t17a-almond\outputs\run_20260723_code_cvefixes_winner_xfg_round1\runs\perturbed\04_cve-2021-31571__data_flow_alias__c2,C:\Users\weijt\Desktop\UNSW\COMP9900\project\capstone-project-26t2-9900-t17a-almond\outputs\run_20260723_code_cvefixes_winner_xfg_round1\sources\04_cve-2021-31571__data_flow_alias__c2.c,inserted 2 alias-preserving data-flow no-op(s) near call arguments nearest baseline winner-XFG key line 2788,
04_cve-2021-31571,C:\Users\weijt\Desktop\UNSW\COMP9900\project\capstone-project-26t2-9900-t17a-almond\input_sources\cvefixes\vulnerable\04_cve-2021-31571.c,data_flow_alias,winner-xfg,array,2788,0.13110341131687164,"2777,2808,2748",3,3,generated,ran,False,0,0,0.13110341131687164,0.07417137175798416,-0.05693203955888748,4013,4019,6,7985,7988,3,C:\Users\weijt\Desktop\UNSW\COMP9900\project\capstone-project-26t2-9900-t17a-almond\outputs\run_20260723_code_cvefixes_winner_xfg_round1\runs\baseline\04_cve-2021-31571,C:\Users\weijt\Desktop\UNSW\COMP9900\project\capstone-project-26t2-9900-t17a-almond\outputs\run_20260723_code_cvefixes_winner_xfg_round1\runs\perturbed\04_cve-2021-31571__data_flow_alias__c3,C:\Users\weijt\Desktop\UNSW\COMP9900\project\capstone-project-26t2-9900-t17a-almond\outputs\run_20260723_code_cvefixes_winner_xfg_round1\sources\04_cve-2021-31571__data_flow_alias__c3.c,inserted 3 alias-preserving data-flow no-op(s) near call arguments nearest baseline winner-XFG key line 2788,
04_cve-2021-31571,C:\Users\weijt\Desktop\UNSW\COMP9900\project\capstone-project-26t2-9900-t17a-almond\input_sources\cvefixes\vulnerable\04_cve-2021-31571.c,data_flow_alias,winner-xfg,array,2788,0.13110341131687164,"2777,2808,2748,2828,2833",5,5,generated,ran,False,0,0,0.13110341131687164,0.07417137175798416,-0.05693203955888748,4013,4057,44,7985,8086,101,C:\Users\weijt\Desktop\UNSW\COMP9900\project\capstone-project-26t2-9900-t17a-almond\outputs\run_20260723_code_cvefixes_winner_xfg_round1\runs\baseline\04_cve-2021-31571,C:\Users\weijt\Desktop\UNSW\COMP9900\project\capstone-project-26t2-9900-t17a-almond\outputs\run_20260723_code_cvefixes_winner_xfg_round1\runs\perturbed\04_cve-2021-31571__data_flow_alias__c5,C:\Users\weijt\Desktop\UNSW\COMP9900\project\capstone-project-26t2-9900-t17a-almond\outputs\run_20260723_code_cvefixes_winner_xfg_round1\sources\04_cve-2021-31571__data_flow_alias__c5.c,inserted 5 alias-preserving data-flow no-op(s) near call arguments nearest baseline winner-XFG key line 2788,
04_cve-2021-31571,C:\Users\weijt\Desktop\UNSW\COMP9900\project\capstone-project-26t2-9900-t17a-almond\input_sources\cvefixes\vulnerable\04_cve-2021-31571.c,dead_statement,winner-xfg,array,2788,0.13110341131687164,2788,1,1,generated,ran,False,0,0,0.13110341131687164,0.13110341131687164,0.0,4013,4025,12,7985,8012,27,C:\Users\weijt\Desktop\UNSW\COMP9900\project\capstone-project-26t2-9900-t17a-almond\outputs\run_20260723_code_cvefixes_winner_xfg_round1\runs\baseline\04_cve-2021-31571,C:\Users\weijt\Desktop\UNSW\COMP9900\project\capstone-project-26t2-9900-t17a-almond\outputs\run_20260723_code_cvefixes_winner_xfg_round1\runs\perturbed\04_cve-2021-31571__dead_statement__c1,C:\Users\weijt\Desktop\UNSW\COMP9900\project\capstone-project-26t2-9900-t17a-almond\outputs\run_20260723_code_cvefixes_winner_xfg_round1\sources\04_cve-2021-31571__dead_statement__c1.c,inserted 1 harmless dummy integer statement pair(s) nearest baseline winner-XFG key line 2788,
04_cve-2021-31571,C:\Users\weijt\Desktop\UNSW\COMP9900\project\capstone-project-26t2-9900-t17a-almond\input_sources\cvefixes\vulnerable\04_cve-2021-31571.c,dead_statement,winner-xfg,array,2788,0.13110341131687164,2788,2,2,generated,ran,False,0,0,0.13110341131687164,0.4455690383911133,0.31446562707424164,4013,4037,24,7985,8039,54,C:\Users\weijt\Desktop\UNSW\COMP9900\project\capstone-project-26t2-9900-t17a-almond\outputs\run_20260723_code_cvefixes_winner_xfg_round1\runs\baseline\04_cve-2021-31571,C:\Users\weijt\Desktop\UNSW\COMP9900\project\capstone-project-26t2-9900-t17a-almond\outputs\run_20260723_code_cvefixes_winner_xfg_round1\runs\perturbed\04_cve-2021-31571__dead_statement__c2,C:\Users\weijt\Desktop\UNSW\COMP9900\project\capstone-project-26t2-9900-t17a-almond\outputs\run_20260723_code_cvefixes_winner_xfg_round1\sources\04_cve-2021-31571__dead_statement__c2.c,inserted 2 harmless dummy integer statement pair(s) nearest baseline winner-XFG key line 2788,
04_cve-2021-31571,C:\Users\weijt\Desktop\UNSW\COMP9900\project\capstone-project-26t2-9900-t17a-almond\input_sources\cvefixes\vulnerable\04_cve-2021-31571.c,dead_statement,winner-xfg,array,2788,0.13110341131687164,2788,3,3,generated,ran,False,0,0,0.13110341131687164,0.13110341131687164,0.0,4013,4049,36,7985,8066,81,C:\Users\weijt\Desktop\UNSW\COMP9900\project\capstone-project-26t2-9900-t17a-almond\outputs\run_20260723_code_cvefixes_winner_xfg_round1\runs\baseline\04_cve-2021-31571,C:\Users\weijt\Desktop\UNSW\COMP9900\project\capstone-project-26t2-9900-t17a-almond\outputs\run_20260723_code_cvefixes_winner_xfg_round1\runs\perturbed\04_cve-2021-31571__dead_statement__c3,C:\Users\weijt\Desktop\UNSW\COMP9900\project\capstone-project-26t2-9900-t17a-almond\outputs\run_20260723_code_cvefixes_winner_xfg_round1\sources\04_cve-2021-31571__dead_statement__c3.c,inserted 3 harmless dummy integer statement pair(s) nearest baseline winner-XFG key line 2788,
04_cve-2021-31571,C:\Users\weijt\Desktop\UNSW\COMP9900\project\capstone-project-26t2-9900-t17a-almond\input_sources\cvefixes\vulnerable\04_cve-2021-31571.c,dead_statement,winner-xfg,array,2788,0.13110341131687164,2788,5,5,generated,ran,False,0,0,0.13110341131687164,0.13110341131687164,0.0,4013,4073,60,7985,8120,135,C:\Users\weijt\Desktop\UNSW\COMP9900\project\capstone-project-26t2-9900-t17a-almond\outputs\run_20260723_code_cvefixes_winner_xfg_round1\runs\baseline\04_cve-2021-31571,C:\Users\weijt\Desktop\UNSW\COMP9900\project\capstone-project-26t2-9900-t17a-almond\outputs\run_20260723_code_cvefixes_winner_xfg_round1\runs\perturbed\04_cve-2021-31571__dead_statement__c5,C:\Users\weijt\Desktop\UNSW\COMP9900\project\capstone-project-26t2-9900-t17a-almond\outputs\run_20260723_code_cvefixes_winner_xfg_round1\sources\04_cve-2021-31571__dead_statement__c5.c,inserted 5 harmless dummy integer statement pair(s) nearest baseline winner-XFG key line 2788,
04_cve-2021-31571,C:\Users\weijt\Desktop\UNSW\COMP9900\project\capstone-project-26t2-9900-t17a-almond\input_sources\cvefixes\vulnerable\04_cve-2021-31571.c,xfg_targeted_dead_code,winner-xfg,array,2788,0.13110341131687164,2788,1,1,generated,ran,False,0,0,0.13110341131687164,0.4455690383911133,0.31446562707424164,4013,4029,16,7985,8021,36,C:\Users\weijt\Desktop\UNSW\COMP9900\project\capstone-project-26t2-9900-t17a-almond\outputs\run_20260723_code_cvefixes_winner_xfg_round1\runs\baseline\04_cve-2021-31571,C:\Users\weijt\Desktop\UNSW\COMP9900\project\capstone-project-26t2-9900-t17a-almond\outputs\run_20260723_code_cvefixes_winner_xfg_round1\runs\perturbed\04_cve-2021-31571__xfg_targeted_dead_code__c1,C:\Users\weijt\Desktop\UNSW\COMP9900\project\capstone-project-26t2-9900-t17a-almond\outputs\run_20260723_code_cvefixes_winner_xfg_round1\sources\04_cve-2021-31571__xfg_targeted_dead_code__c1.c,inserted 1 unreachable no-op block(s) near XFG-relevant target lines nearest baseline winner-XFG key line 2788,
04_cve-2021-31571,C:\Users\weijt\Desktop\UNSW\COMP9900\project\capstone-project-26t2-9900-t17a-almond\input_sources\cvefixes\vulnerable\04_cve-2021-31571.c,xfg_targeted_dead_code,winner-xfg,array,2788,0.13110341131687164,"2788,2785",2,2,generated,ran,False,0,0,0.13110341131687164,0.13110341131687164,0.0,4013,4045,32,7985,8057,72,C:\Users\weijt\Desktop\UNSW\COMP9900\project\capstone-project-26t2-9900-t17a-almond\outputs\run_20260723_code_cvefixes_winner_xfg_round1\runs\baseline\04_cve-2021-31571,C:\Users\weijt\Desktop\UNSW\COMP9900\project\capstone-project-26t2-9900-t17a-almond\outputs\run_20260723_code_cvefixes_winner_xfg_round1\runs\perturbed\04_cve-2021-31571__xfg_targeted_dead_code__c2,C:\Users\weijt\Desktop\UNSW\COMP9900\project\capstone-project-26t2-9900-t17a-almond\outputs\run_20260723_code_cvefixes_winner_xfg_round1\sources\04_cve-2021-31571__xfg_targeted_dead_code__c2.c,inserted 2 unreachable no-op block(s) near XFG-relevant target lines nearest baseline winner-XFG key line 2788,
04_cve-2021-31571,C:\Users\weijt\Desktop\UNSW\COMP9900\project\capstone-project-26t2-9900-t17a-almond\input_sources\cvefixes\vulnerable\04_cve-2021-31571.c,xfg_targeted_dead_code,winner-xfg,array,2788,0.13110341131687164,"2788,2785,2793",3,3,generated,ran,False,0,0,0.13110341131687164,0.13110341131687164,0.0,4013,4061,48,7985,8093,108,C:\Users\weijt\Desktop\UNSW\COMP9900\project\capstone-project-26t2-9900-t17a-almond\outputs\run_20260723_code_cvefixes_winner_xfg_round1\runs\baseline\04_cve-2021-31571,C:\Users\weijt\Desktop\UNSW\COMP9900\project\capstone-project-26t2-9900-t17a-almond\outputs\run_20260723_code_cvefixes_winner_xfg_round1\runs\perturbed\04_cve-2021-31571__xfg_targeted_dead_code__c3,C:\Users\weijt\Desktop\UNSW\COMP9900\project\capstone-project-26t2-9900-t17a-almond\outputs\run_20260723_code_cvefixes_winner_xfg_round1\sources\04_cve-2021-31571__xfg_targeted_dead_code__c3.c,inserted 3 unreachable no-op block(s) near XFG-relevant target lines nearest baseline winner-XFG key line 2788,
04_cve-2021-31571,C:\Users\weijt\Desktop\UNSW\COMP9900\project\capstone-project-26t2-9900-t17a-almond\input_sources\cvefixes\vulnerable\04_cve-2021-31571.c,xfg_targeted_dead_code,winner-xfg,array,2788,0.13110341131687164,"2788,2785,2793,2801,2770",5,5,generated,ran,False,0,0,0.13110341131687164,0.06887974590063095,-0.06222366541624069,4013,4093,80,7985,8161,176,C:\Users\weijt\Desktop\UNSW\COMP9900\project\capstone-project-26t2-9900-t17a-almond\outputs\run_20260723_code_cvefixes_winner_xfg_round1\runs\baseline\04_cve-2021-31571,C:\Users\weijt\Desktop\UNSW\COMP9900\project\capstone-project-26t2-9900-t17a-almond\outputs\run_20260723_code_cvefixes_winner_xfg_round1\runs\perturbed\04_cve-2021-31571__xfg_targeted_dead_code__c5,C:\Users\weijt\Desktop\UNSW\COMP9900\project\capstone-project-26t2-9900-t17a-almond\outputs\run_20260723_code_cvefixes_winner_xfg_round1\sources\04_cve-2021-31571__xfg_targeted_dead_code__c5.c,inserted 5 unreachable no-op block(s) near XFG-relevant target lines nearest baseline winner-XFG key line 2788,
04_cve-2021-31571,C:\Users\weijt\Desktop\UNSW\COMP9900\project\capstone-project-26t2-9900-t17a-almond\input_sources\cvefixes\vulnerable\04_cve-2021-31571.c,range_clamp,winner-xfg,array,2788,0.13110341131687164,2678,1,1,generated,ran,False,0,0,0.13110341131687164,0.06887973099946976,-0.062223680317401886,4013,4041,28,7985,8056,71,C:\Users\weijt\Desktop\UNSW\COMP9900\project\capstone-project-26t2-9900-t17a-almond\outputs\run_20260723_code_cvefixes_winner_xfg_round1\runs\baseline\04_cve-2021-31571,C:\Users\weijt\Desktop\UNSW\COMP9900\project\capstone-project-26t2-9900-t17a-almond\outputs\run_20260723_code_cvefixes_winner_xfg_round1\runs\perturbed\04_cve-2021-31571__range_clamp__c1,C:\Users\weijt\Desktop\UNSW\COMP9900\project\capstone-project-26t2-9900-t17a-almond\outputs\run_20260723_code_cvefixes_winner_xfg_round1\sources\04_cve-2021-31571__range_clamp__c1.c,clamped 1 sensitive sink size/count argument(s) through bounded local variables nearest baseline winner-XFG key line 2788,
04_cve-2021-31571,C:\Users\weijt\Desktop\UNSW\COMP9900\project\capstone-project-26t2-9900-t17a-almond\input_sources\cvefixes\vulnerable\04_cve-2021-31571.c,range_clamp,winner-xfg,array,2788,0.13110341131687164,"2678,2564",2,2,generated,ran,False,0,0,0.13110341131687164,0.06887974590063095,-0.06222366541624069,4013,4206,193,7985,8490,505,C:\Users\weijt\Desktop\UNSW\COMP9900\project\capstone-project-26t2-9900-t17a-almond\outputs\run_20260723_code_cvefixes_winner_xfg_round1\runs\baseline\04_cve-2021-31571,C:\Users\weijt\Desktop\UNSW\COMP9900\project\capstone-project-26t2-9900-t17a-almond\outputs\run_20260723_code_cvefixes_winner_xfg_round1\runs\perturbed\04_cve-2021-31571__range_clamp__c2,C:\Users\weijt\Desktop\UNSW\COMP9900\project\capstone-project-26t2-9900-t17a-almond\outputs\run_20260723_code_cvefixes_winner_xfg_round1\sources\04_cve-2021-31571__range_clamp__c2.c,clamped 2 sensitive sink size/count argument(s) through bounded local variables nearest baseline winner-XFG key line 2788,
04_cve-2021-31571,C:\Users\weijt\Desktop\UNSW\COMP9900\project\capstone-project-26t2-9900-t17a-almond\input_sources\cvefixes\vulnerable\04_cve-2021-31571.c,range_clamp,winner-xfg,array,2788,0.13110341131687164,"2678,2564",3,2,partial,run_partial,False,0,0,0.13110341131687164,0.06887974590063095,-0.06222366541624069,4013,4206,193,7985,8490,505,C:\Users\weijt\Desktop\UNSW\COMP9900\project\capstone-project-26t2-9900-t17a-almond\outputs\run_20260723_code_cvefixes_winner_xfg_round1\runs\baseline\04_cve-2021-31571,C:\Users\weijt\Desktop\UNSW\COMP9900\project\capstone-project-26t2-9900-t17a-almond\outputs\run_20260723_code_cvefixes_winner_xfg_round1\runs\perturbed\04_cve-2021-31571__range_clamp__c3,C:\Users\weijt\Desktop\UNSW\COMP9900\project\capstone-project-26t2-9900-t17a-almond\outputs\run_20260723_code_cvefixes_winner_xfg_round1\sources\04_cve-2021-31571__range_clamp__c3.c,clamped 2 sensitive sink size/count argument(s) through bounded local variables nearest baseline winner-XFG key line 2788,
04_cve-2021-31571,C:\Users\weijt\Desktop\UNSW\COMP9900\project\capstone-project-26t2-9900-t17a-almond\input_sources\cvefixes\vulnerable\04_cve-2021-31571.c,safe_source_substitution,winner-xfg,array,2788,0.13110341131687164,,1,0,skipped,ran,,,,,,,,,,,,,C:\Users\weijt\Desktop\UNSW\COMP9900\project\capstone-project-26t2-9900-t17a-almond\outputs\run_20260723_code_cvefixes_winner_xfg_round1\runs\baseline\04_cve-2021-31571,,,no nested pointer dereference source found,
04_cve-2021-31571,C:\Users\weijt\Desktop\UNSW\COMP9900\project\capstone-project-26t2-9900-t17a-almond\input_sources\cvefixes\vulnerable\04_cve-2021-31571.c,sink_bound_guard,winner-xfg,array,2788,0.13110341131687164,2678,1,1,generated,ran,False,0,0,0.13110341131687164,0.06887974590063095,-0.06222366541624069,4013,4027,14,7985,8016,31,C:\Users\weijt\Desktop\UNSW\COMP9900\project\capstone-project-26t2-9900-t17a-almond\outputs\run_20260723_code_cvefixes_winner_xfg_round1\runs\baseline\04_cve-2021-31571,C:\Users\weijt\Desktop\UNSW\COMP9900\project\capstone-project-26t2-9900-t17a-almond\outputs\run_20260723_code_cvefixes_winner_xfg_round1\runs\perturbed\04_cve-2021-31571__sink_bound_guard__c1,C:\Users\weijt\Desktop\UNSW\COMP9900\project\capstone-project-26t2-9900-t17a-almond\outputs\run_20260723_code_cvefixes_winner_xfg_round1\sources\04_cve-2021-31571__sink_bound_guard__c1.c,inserted 1 early-return bound guard(s) before sensitive sink calls nearest baseline winner-XFG key line 2788,
04_cve-2021-31571,C:\Users\weijt\Desktop\UNSW\COMP9900\project\capstone-project-26t2-9900-t17a-almond\input_sources\cvefixes\vulnerable\04_cve-2021-31571.c,sink_bound_guard,winner-xfg,array,2788,0.13110341131687164,"2678,2564",2,2,generated,ran,False,0,0,0.13110341131687164,0.07417137175798416,-0.05693203955888748,4013,4041,28,7985,8052,67,C:\Users\weijt\Desktop\UNSW\COMP9900\project\capstone-project-26t2-9900-t17a-almond\outputs\run_20260723_code_cvefixes_winner_xfg_round1\runs\baseline\04_cve-2021-31571,C:\Users\weijt\Desktop\UNSW\COMP9900\project\capstone-project-26t2-9900-t17a-almond\outputs\run_20260723_code_cvefixes_winner_xfg_round1\runs\perturbed\04_cve-2021-31571__sink_bound_guard__c2,C:\Users\weijt\Desktop\UNSW\COMP9900\project\capstone-project-26t2-9900-t17a-almond\outputs\run_20260723_code_cvefixes_winner_xfg_round1\sources\04_cve-2021-31571__sink_bound_guard__c2.c,inserted 2 early-return bound guard(s) before sensitive sink calls nearest baseline winner-XFG key line 2788,
04_cve-2021-31571,C:\Users\weijt\Desktop\UNSW\COMP9900\project\capstone-project-26t2-9900-t17a-almond\input_sources\cvefixes\vulnerable\04_cve-2021-31571.c,sink_bound_guard,winner-xfg,array,2788,0.13110341131687164,"2678,2564",3,2,partial,run_partial,False,0,0,0.13110341131687164,0.07417137175798416,-0.05693203955888748,4013,4041,28,7985,8052,67,C:\Users\weijt\Desktop\UNSW\COMP9900\project\capstone-project-26t2-9900-t17a-almond\outputs\run_20260723_code_cvefixes_winner_xfg_round1\runs\baseline\04_cve-2021-31571,C:\Users\weijt\Desktop\UNSW\COMP9900\project\capstone-project-26t2-9900-t17a-almond\outputs\run_20260723_code_cvefixes_winner_xfg_round1\runs\perturbed\04_cve-2021-31571__sink_bound_guard__c3,C:\Users\weijt\Desktop\UNSW\COMP9900\project\capstone-project-26t2-9900-t17a-almond\outputs\run_20260723_code_cvefixes_winner_xfg_round1\sources\04_cve-2021-31571__sink_bound_guard__c3.c,inserted 2 early-return bound guard(s) before sensitive sink calls nearest baseline winner-XFG key line 2788,
04_cve-2021-31571,C:\Users\weijt\Desktop\UNSW\COMP9900\project\capstone-project-26t2-9900-t17a-almond\input_sources\cvefixes\vulnerable\04_cve-2021-31571.c,postcondition_validation,winner-xfg,array,2788,0.13110341131687164,,1,0,skipped,target_unavailable,,,,,,,,,,,,,C:\Users\weijt\Desktop\UNSW\COMP9900\project\capstone-project-26t2-9900-t17a-almond\outputs\run_20260723_code_cvefixes_winner_xfg_round1\runs\baseline\04_cve-2021-31571,,,action postcondition_validation has no winner-XFG-local implementation,action postcondition_validation has no winner-XFG-local implementation
04_cve-2021-31571,C:\Users\weijt\Desktop\UNSW\COMP9900\project\capstone-project-26t2-9900-t17a-almond\input_sources\cvefixes\vulnerable\04_cve-2021-31571.c,integer_overflow_guard,winner-xfg,array,2788,0.13110341131687164,409,1,1,generated,ran,False,0,0,0.13110341131687164,0.06887974590063095,-0.06222366541624069,4013,4041,28,7985,8024,39,C:\Users\weijt\Desktop\UNSW\COMP9900\project\capstone-project-26t2-9900-t17a-almond\outputs\run_20260723_code_cvefixes_winner_xfg_round1\runs\baseline\04_cve-2021-31571,C:\Users\weijt\Desktop\UNSW\COMP9900\project\capstone-project-26t2-9900-t17a-almond\outputs\run_20260723_code_cvefixes_winner_xfg_round1\runs\perturbed\04_cve-2021-31571__integer_overflow_guard__c1,C:\Users\weijt\Desktop\UNSW\COMP9900\project\capstone-project-26t2-9900-t17a-almond\outputs\run_20260723_code_cvefixes_winner_xfg_round1\sources\04_cve-2021-31571__integer_overflow_guard__c1.c,inserted 1 integer overflow guard(s) before allocation or size arithmetic nearest baseline winner-XFG key line 2788,
04_cve-2021-31571,C:\Users\weijt\Desktop\UNSW\COMP9900\project\capstone-project-26t2-9900-t17a-almond\input_sources\cvefixes\vulnerable\04_cve-2021-31571.c,integer_overflow_guard,winner-xfg,array,2788,0.13110341131687164,409,2,1,partial,run_partial,False,0,0,0.13110341131687164,0.06887974590063095,-0.06222366541624069,4013,4041,28,7985,8024,39,C:\Users\weijt\Desktop\UNSW\COMP9900\project\capstone-project-26t2-9900-t17a-almond\outputs\run_20260723_code_cvefixes_winner_xfg_round1\runs\baseline\04_cve-2021-31571,C:\Users\weijt\Desktop\UNSW\COMP9900\project\capstone-project-26t2-9900-t17a-almond\outputs\run_20260723_code_cvefixes_winner_xfg_round1\runs\perturbed\04_cve-2021-31571__integer_overflow_guard__c2,C:\Users\weijt\Desktop\UNSW\COMP9900\project\capstone-project-26t2-9900-t17a-almond\outputs\run_20260723_code_cvefixes_winner_xfg_round1\sources\04_cve-2021-31571__integer_overflow_guard__c2.c,inserted 1 integer overflow guard(s) before allocation or size arithmetic nearest baseline winner-XFG key line 2788,
04_cve-2021-31571,C:\Users\weijt\Desktop\UNSW\COMP9900\project\capstone-project-26t2-9900-t17a-almond\input_sources\cvefixes\vulnerable\04_cve-2021-31571.c,array_index_bound_guard,winner-xfg,array,2788,0.13110341131687164,,1,0,skipped,ran,,,,,,,,,,,,,C:\Users\weijt\Desktop\UNSW\COMP9900\project\capstone-project-26t2-9900-t17a-almond\outputs\run_20260723_code_cvefixes_winner_xfg_round1\runs\baseline\04_cve-2021-31571,,,no array write found for index bound guard,
04_cve-2021-31571,C:\Users\weijt\Desktop\UNSW\COMP9900\project\capstone-project-26t2-9900-t17a-almond\input_sources\cvefixes\vulnerable\04_cve-2021-31571.c,wide_char_sink_guard,winner-xfg,array,2788,0.13110341131687164,,1,0,skipped,ran,,,,,,,,,,,,,C:\Users\weijt\Desktop\UNSW\COMP9900\project\capstone-project-26t2-9900-t17a-almond\outputs\run_20260723_code_cvefixes_winner_xfg_round1\runs\baseline\04_cve-2021-31571,,,no wcscat/wcscpy wide-character sink found,
04_cve-2021-31571,C:\Users\weijt\Desktop\UNSW\COMP9900\project\capstone-project-26t2-9900-t17a-almond\input_sources\cvefixes\vulnerable\04_cve-2021-31571.c,pattern_dead_code,winner-xfg,array,2788,0.13110341131687164,2788,1,1,generated,ran,False,0,0,0.13110341131687164,0.13110341131687164,0.0,4013,4068,55,7985,8086,101,C:\Users\weijt\Desktop\UNSW\COMP9900\project\capstone-project-26t2-9900-t17a-almond\outputs\run_20260723_code_cvefixes_winner_xfg_round1\runs\baseline\04_cve-2021-31571,C:\Users\weijt\Desktop\UNSW\COMP9900\project\capstone-project-26t2-9900-t17a-almond\outputs\run_20260723_code_cvefixes_winner_xfg_round1\runs\perturbed\04_cve-2021-31571__pattern_dead_code__c1,C:\Users\weijt\Desktop\UNSW\COMP9900\project\capstone-project-26t2-9900-t17a-almond\outputs\run_20260723_code_cvefixes_winner_xfg_round1\sources\04_cve-2021-31571__pattern_dead_code__c1.c,inserted 1 unreachable pointer/array/length pattern block(s) near sensitive or structural lines nearest baseline winner-XFG key line 2788,
04_cve-2021-31571,C:\Users\weijt\Desktop\UNSW\COMP9900\project\capstone-project-26t2-9900-t17a-almond\input_sources\cvefixes\vulnerable\04_cve-2021-31571.c,pattern_dead_code,winner-xfg,array,2788,0.13110341131687164,"2788,2785",2,2,generated,ran,False,0,0,0.13110341131687164,0.13110341131687164,0.0,4013,4123,110,7985,8187,202,C:\Users\weijt\Desktop\UNSW\COMP9900\project\capstone-project-26t2-9900-t17a-almond\outputs\run_20260723_code_cvefixes_winner_xfg_round1\runs\baseline\04_cve-2021-31571,C:\Users\weijt\Desktop\UNSW\COMP9900\project\capstone-project-26t2-9900-t17a-almond\outputs\run_20260723_code_cvefixes_winner_xfg_round1\runs\perturbed\04_cve-2021-31571__pattern_dead_code__c2,C:\Users\weijt\Desktop\UNSW\COMP9900\project\capstone-project-26t2-9900-t17a-almond\outputs\run_20260723_code_cvefixes_winner_xfg_round1\sources\04_cve-2021-31571__pattern_dead_code__c2.c,inserted 2 unreachable pointer/array/length pattern block(s) near sensitive or structural lines nearest baseline winner-XFG key line 2788,
04_cve-2021-31571,C:\Users\weijt\Desktop\UNSW\COMP9900\project\capstone-project-26t2-9900-t17a-almond\input_sources\cvefixes\vulnerable\04_cve-2021-31571.c,pattern_dead_code,winner-xfg,array,2788,0.13110341131687164,"2788,2785,2793",3,3,generated,ran,False,0,0,0.13110341131687164,0.1754896640777588,0.044386252760887146,4013,4178,165,7985,8288,303,C:\Users\weijt\Desktop\UNSW\COMP9900\project\capstone-project-26t2-9900-t17a-almond\outputs\run_20260723_code_cvefixes_winner_xfg_round1\runs\baseline\04_cve-2021-31571,C:\Users\weijt\Desktop\UNSW\COMP9900\project\capstone-project-26t2-9900-t17a-almond\outputs\run_20260723_code_cvefixes_winner_xfg_round1\runs\perturbed\04_cve-2021-31571__pattern_dead_code__c3,C:\Users\weijt\Desktop\UNSW\COMP9900\project\capstone-project-26t2-9900-t17a-almond\outputs\run_20260723_code_cvefixes_winner_xfg_round1\sources\04_cve-2021-31571__pattern_dead_code__c3.c,inserted 3 unreachable pointer/array/length pattern block(s) near sensitive or structural lines nearest baseline winner-XFG key line 2788,
04_cve-2021-31571,C:\Users\weijt\Desktop\UNSW\COMP9900\project\capstone-project-26t2-9900-t17a-almond\input_sources\cvefixes\vulnerable\04_cve-2021-31571.c,pattern_dead_code,winner-xfg,array,2788,0.13110341131687164,"2788,2785,2793,2801,2770",5,5,generated,ran,False,0,0,0.13110341131687164,0.13110341131687164,0.0,4013,4190,177,7985,8287,302,C:\Users\weijt\Desktop\UNSW\COMP9900\project\capstone-project-26t2-9900-t17a-almond\outputs\run_20260723_code_cvefixes_winner_xfg_round1\runs\baseline\04_cve-2021-31571,C:\Users\weijt\Desktop\UNSW\COMP9900\project\capstone-project-26t2-9900-t17a-almond\outputs\run_20260723_code_cvefixes_winner_xfg_round1\runs\perturbed\04_cve-2021-31571__pattern_dead_code__c5,C:\Users\weijt\Desktop\UNSW\COMP9900\project\capstone-project-26t2-9900-t17a-almond\outputs\run_20260723_code_cvefixes_winner_xfg_round1\sources\04_cve-2021-31571__pattern_dead_code__c5.c,inserted 5 unreachable pointer/array/length pattern block(s) near sensitive or structural lines nearest baseline winner-XFG key line 2788,
04_cve-2021-31571,C:\Users\weijt\Desktop\UNSW\COMP9900\project\capstone-project-26t2-9900-t17a-almond\input_sources\cvefixes\vulnerable\04_cve-2021-31571.c,control_wrapper,winner-xfg,array,2788,0.13110341131687164,2788,1,1,generated,ran,False,0,0,0.13110341131687164,0.11638850718736649,-0.014714904129505157,4013,4017,4,7985,7994,9,C:\Users\weijt\Desktop\UNSW\COMP9900\project\capstone-project-26t2-9900-t17a-almond\outputs\run_20260723_code_cvefixes_winner_xfg_round1\runs\baseline\04_cve-2021-31571,C:\Users\weijt\Desktop\UNSW\COMP9900\project\capstone-project-26t2-9900-t17a-almond\outputs\run_20260723_code_cvefixes_winner_xfg_round1\runs\perturbed\04_cve-2021-31571__control_wrapper__c1,C:\Users\weijt\Desktop\UNSW\COMP9900\project\capstone-project-26t2-9900-t17a-almond\outputs\run_20260723_code_cvefixes_winner_xfg_round1\sources\04_cve-2021-31571__control_wrapper__c1.c,wrapped 1 safe single-line statement(s) with if (1) blocks nearest baseline winner-XFG key line 2788,
04_cve-2021-31571,C:\Users\weijt\Desktop\UNSW\COMP9900\project\capstone-project-26t2-9900-t17a-almond\input_sources\cvefixes\vulnerable\04_cve-2021-31571.c,control_wrapper,winner-xfg,array,2788,0.13110341131687164,"2788,2793",2,2,generated,ran,False,0,0,0.13110341131687164,0.4455690383911133,0.31446562707424164,4013,4021,8,7985,8003,18,C:\Users\weijt\Desktop\UNSW\COMP9900\project\capstone-project-26t2-9900-t17a-almond\outputs\run_20260723_code_cvefixes_winner_xfg_round1\runs\baseline\04_cve-2021-31571,C:\Users\weijt\Desktop\UNSW\COMP9900\project\capstone-project-26t2-9900-t17a-almond\outputs\run_20260723_code_cvefixes_winner_xfg_round1\runs\perturbed\04_cve-2021-31571__control_wrapper__c2,C:\Users\weijt\Desktop\UNSW\COMP9900\project\capstone-project-26t2-9900-t17a-almond\outputs\run_20260723_code_cvefixes_winner_xfg_round1\sources\04_cve-2021-31571__control_wrapper__c2.c,wrapped 2 safe single-line statement(s) with if (1) blocks nearest baseline winner-XFG key line 2788,
04_cve-2021-31571,C:\Users\weijt\Desktop\UNSW\COMP9900\project\capstone-project-26t2-9900-t17a-almond\input_sources\cvefixes\vulnerable\04_cve-2021-31571.c,control_wrapper,winner-xfg,array,2788,0.13110341131687164,"2788,2793,2798",3,3,generated,ran,False,0,0,0.13110341131687164,0.17120479047298431,0.04010137915611267,4013,4025,12,7985,8012,27,C:\Users\weijt\Desktop\UNSW\COMP9900\project\capstone-project-26t2-9900-t17a-almond\outputs\run_20260723_code_cvefixes_winner_xfg_round1\runs\baseline\04_cve-2021-31571,C:\Users\weijt\Desktop\UNSW\COMP9900\project\capstone-project-26t2-9900-t17a-almond\outputs\run_20260723_code_cvefixes_winner_xfg_round1\runs\perturbed\04_cve-2021-31571__control_wrapper__c3,C:\Users\weijt\Desktop\UNSW\COMP9900\project\capstone-project-26t2-9900-t17a-almond\outputs\run_20260723_code_cvefixes_winner_xfg_round1\sources\04_cve-2021-31571__control_wrapper__c3.c,wrapped 3 safe single-line statement(s) with if (1) blocks nearest baseline winner-XFG key line 2788,
04_cve-2021-31571,C:\Users\weijt\Desktop\UNSW\COMP9900\project\capstone-project-26t2-9900-t17a-almond\input_sources\cvefixes\vulnerable\04_cve-2021-31571.c,control_wrapper,winner-xfg,array,2788,0.13110341131687164,"2788,2793,2798,2769,2765",5,5,generated,ran,False,0,0,0.13110341131687164,0.06887974590063095,-0.06222366541624069,4013,4033,20,7985,8039,54,C:\Users\weijt\Desktop\UNSW\COMP9900\project\capstone-project-26t2-9900-t17a-almond\outputs\run_20260723_code_cvefixes_winner_xfg_round1\runs\baseline\04_cve-2021-31571,C:\Users\weijt\Desktop\UNSW\COMP9900\project\capstone-project-26t2-9900-t17a-almond\outputs\run_20260723_code_cvefixes_winner_xfg_round1\runs\perturbed\04_cve-2021-31571__control_wrapper__c5,C:\Users\weijt\Desktop\UNSW\COMP9900\project\capstone-project-26t2-9900-t17a-almond\outputs\run_20260723_code_cvefixes_winner_xfg_round1\sources\04_cve-2021-31571__control_wrapper__c5.c,wrapped 5 safe single-line statement(s) with if (1) blocks nearest baseline winner-XFG key line 2788,
04_cve-2021-31571,C:\Users\weijt\Desktop\UNSW\COMP9900\project\capstone-project-26t2-9900-t17a-almond\input_sources\cvefixes\vulnerable\04_cve-2021-31571.c,temp_variable_split,winner-xfg,array,2788,0.13110341131687164,2707,1,1,generated,ran,False,0,0,0.13110341131687164,0.06887973099946976,-0.062223680317401886,4013,4021,8,7985,8003,18,C:\Users\weijt\Desktop\UNSW\COMP9900\project\capstone-project-26t2-9900-t17a-almond\outputs\run_20260723_code_cvefixes_winner_xfg_round1\runs\baseline\04_cve-2021-31571,C:\Users\weijt\Desktop\UNSW\COMP9900\project\capstone-project-26t2-9900-t17a-almond\outputs\run_20260723_code_cvefixes_winner_xfg_round1\runs\perturbed\04_cve-2021-31571__temp_variable_split__c1,C:\Users\weijt\Desktop\UNSW\COMP9900\project\capstone-project-26t2-9900-t17a-almond\outputs\run_20260723_code_cvefixes_winner_xfg_round1\sources\04_cve-2021-31571__temp_variable_split__c1.c,split 1 simple assignment(s) through temporary integer variables nearest baseline winner-XFG key line 2788,
04_cve-2021-31571,C:\Users\weijt\Desktop\UNSW\COMP9900\project\capstone-project-26t2-9900-t17a-almond\input_sources\cvefixes\vulnerable\04_cve-2021-31571.c,temp_variable_split,winner-xfg,array,2788,0.13110341131687164,"2707,2872",2,2,generated,ran,False,0,0,0.13110341131687164,0.06887973099946976,-0.062223680317401886,4013,4029,16,7985,8021,36,C:\Users\weijt\Desktop\UNSW\COMP9900\project\capstone-project-26t2-9900-t17a-almond\outputs\run_20260723_code_cvefixes_winner_xfg_round1\runs\baseline\04_cve-2021-31571,C:\Users\weijt\Desktop\UNSW\COMP9900\project\capstone-project-26t2-9900-t17a-almond\outputs\run_20260723_code_cvefixes_winner_xfg_round1\runs\perturbed\04_cve-2021-31571__temp_variable_split__c2,C:\Users\weijt\Desktop\UNSW\COMP9900\project\capstone-project-26t2-9900-t17a-almond\outputs\run_20260723_code_cvefixes_winner_xfg_round1\sources\04_cve-2021-31571__temp_variable_split__c2.c,split 2 simple assignment(s) through temporary integer variables nearest baseline winner-XFG key line 2788,
04_cve-2021-31571,C:\Users\weijt\Desktop\UNSW\COMP9900\project\capstone-project-26t2-9900-t17a-almond\input_sources\cvefixes\vulnerable\04_cve-2021-31571.c,temp_variable_split,winner-xfg,array,2788,0.13110341131687164,"2707,2872,2703",3,3,generated,ran,False,0,0,0.13110341131687164,0.06887974590063095,-0.06222366541624069,4013,4042,29,7985,8055,70,C:\Users\weijt\Desktop\UNSW\COMP9900\project\capstone-project-26t2-9900-t17a-almond\outputs\run_20260723_code_cvefixes_winner_xfg_round1\runs\baseline\04_cve-2021-31571,C:\Users\weijt\Desktop\UNSW\COMP9900\project\capstone-project-26t2-9900-t17a-almond\outputs\run_20260723_code_cvefixes_winner_xfg_round1\runs\perturbed\04_cve-2021-31571__temp_variable_split__c3,C:\Users\weijt\Desktop\UNSW\COMP9900\project\capstone-project-26t2-9900-t17a-almond\outputs\run_20260723_code_cvefixes_winner_xfg_round1\sources\04_cve-2021-31571__temp_variable_split__c3.c,split 3 simple assignment(s) through temporary integer variables nearest baseline winner-XFG key line 2788,
04_cve-2021-31571,C:\Users\weijt\Desktop\UNSW\COMP9900\project\capstone-project-26t2-9900-t17a-almond\input_sources\cvefixes\vulnerable\04_cve-2021-31571.c,temp_variable_split,winner-xfg,array,2788,0.13110341131687164,"2707,2872,2703,2878,2883",5,5,generated,ran,False,0,0,0.13110341131687164,0.06887974590063095,-0.06222366541624069,4013,4058,45,7985,8091,106,C:\Users\weijt\Desktop\UNSW\COMP9900\project\capstone-project-26t2-9900-t17a-almond\outputs\run_20260723_code_cvefixes_winner_xfg_round1\runs\baseline\04_cve-2021-31571,C:\Users\weijt\Desktop\UNSW\COMP9900\project\capstone-project-26t2-9900-t17a-almond\outputs\run_20260723_code_cvefixes_winner_xfg_round1\runs\perturbed\04_cve-2021-31571__temp_variable_split__c5,C:\Users\weijt\Desktop\UNSW\COMP9900\project\capstone-project-26t2-9900-t17a-almond\outputs\run_20260723_code_cvefixes_winner_xfg_round1\sources\04_cve-2021-31571__temp_variable_split__c5.c,split 5 simple assignment(s) through temporary integer variables nearest baseline winner-XFG key line 2788,
