sample,action,function,status,base_label,variant_label,flipped,base_prob,variant_prob,delta_prob,base_nodes,variant_nodes,delta_nodes,base_edges,variant_edges,delta_edges,error
cvefixes__01_vulnerable_expand_dynamic_string_token,data_flow_alias,unknown,success,0,0,False,0.07134445011615753,0.01157761923968792,-0.05976683087646961,114,134,20,217,255,38,
cvefixes__01_vulnerable_expand_dynamic_string_token,dead_statement,unknown,success,0,0,False,0.07134445011615753,0.07134443521499634,-1.4901161193847656e-08,114,126,12,217,244,27,
cvefixes__01_vulnerable_expand_dynamic_string_token,xfg_targeted_dead_code,unknown,success,0,0,False,0.07134445011615753,0.07134443521499634,-1.4901161193847656e-08,114,130,16,217,253,36,
cvefixes__01_vulnerable_expand_dynamic_string_token,range_clamp,unknown,failed,0,,False,0.07134445011615753,,,114,,,217,,,no sensitive call with a clampable size/count argument found
cvefixes__01_vulnerable_expand_dynamic_string_token,safe_source_substitution,unknown,failed,0,,False,0.07134445011615753,,,114,,,217,,,no nested pointer dereference source found
cvefixes__01_vulnerable_expand_dynamic_string_token,sink_bound_guard,unknown,failed,0,,False,0.07134445011615753,,,114,,,217,,,no sensitive sink call found for bound guard insertion
cvefixes__01_vulnerable_expand_dynamic_string_token,postcondition_validation,unknown,failed,0,,False,0.07134445011615753,,,114,,,217,,,no matching *_count/*_read pair found for postcondition validation
cvefixes__01_vulnerable_expand_dynamic_string_token,integer_overflow_guard,unknown,failed,0,,False,0.07134445011615753,,,114,,,217,,,no allocation size addition or multiplication expression found
cvefixes__01_vulnerable_expand_dynamic_string_token,array_index_bound_guard,unknown,failed,0,,False,0.07134445011615753,,,114,,,217,,,no array write found for index bound guard
cvefixes__01_vulnerable_expand_dynamic_string_token,wide_char_sink_guard,unknown,failed,0,,False,0.07134445011615753,,,114,,,217,,,no wcscat/wcscpy wide-character sink found
cvefixes__01_vulnerable_expand_dynamic_string_token,pattern_dead_code,unknown,success,0,0,False,0.07134445011615753,0.01157761923968792,-0.05976683087646961,114,169,55,217,318,101,
cvefixes__01_vulnerable_expand_dynamic_string_token,control_wrapper,unknown,success,0,0,False,0.07134445011615753,2.1092004587330848e-08,-0.07134442902415294,114,118,4,217,228,11,
cvefixes__01_vulnerable_expand_dynamic_string_token,temp_variable_split,unknown,failed,0,,False,0.07134445011615753,,,114,,,217,,,no simple integer-like assignment candidate found
cvefixes__02_fixed_dl_dst_substitute,data_flow_alias,if,success,0,0,False,1.0735370814529688e-08,1.0735370814529688e-08,0.0,381,381,0,775,775,0,
cvefixes__02_fixed_dl_dst_substitute,dead_statement,if,success,0,0,False,1.0735370814529688e-08,1.0735350386426035e-08,-2.042810365310288e-14,381,393,12,775,802,27,
cvefixes__02_fixed_dl_dst_substitute,xfg_targeted_dead_code,if,success,0,0,False,1.0735370814529688e-08,1.0735370814529688e-08,0.0,381,397,16,775,811,36,
cvefixes__02_fixed_dl_dst_substitute,range_clamp,if,failed,0,,False,1.0735370814529688e-08,,,381,,,775,,,no sensitive call with a clampable size/count argument found
cvefixes__02_fixed_dl_dst_substitute,safe_source_substitution,if,failed,0,,False,1.0735370814529688e-08,,,381,,,775,,,no nested pointer dereference source found
cvefixes__02_fixed_dl_dst_substitute,sink_bound_guard,if,failed,0,,False,1.0735370814529688e-08,,,381,,,775,,,no sensitive sink call found for bound guard insertion
cvefixes__02_fixed_dl_dst_substitute,postcondition_validation,if,failed,0,,False,1.0735370814529688e-08,,,381,,,775,,,no matching *_count/*_read pair found for postcondition validation
cvefixes__02_fixed_dl_dst_substitute,integer_overflow_guard,if,failed,0,,False,1.0735370814529688e-08,,,381,,,775,,,no allocation size addition or multiplication expression found
cvefixes__02_fixed_dl_dst_substitute,array_index_bound_guard,if,failed,0,,False,1.0735370814529688e-08,,,381,,,775,,,no array write found for index bound guard
cvefixes__02_fixed_dl_dst_substitute,wide_char_sink_guard,if,failed,0,,False,1.0735370814529688e-08,,,381,,,775,,,no wcscat/wcscpy wide-character sink found
cvefixes__02_fixed_dl_dst_substitute,pattern_dead_code,if,success,0,0,False,1.0735370814529688e-08,8.065591828199103e-05,8.06451829111765e-05,381,436,55,775,876,101,
cvefixes__02_fixed_dl_dst_substitute,control_wrapper,if,success,0,0,False,1.0735370814529688e-08,9.40230204804493e-09,-1.3330687664847574e-09,381,385,4,775,789,14,
cvefixes__02_fixed_dl_dst_substitute,temp_variable_split,if,success,0,0,False,1.0735370814529688e-08,1.3643371765681422e-08,2.9080009511517346e-09,381,389,8,775,794,19,
cvefixes__03_fixed_KPasswordDlg_keyPressed,data_flow_alias,unknown,success,0,0,False,2.2707772586727515e-06,2.4965494958451018e-05,2.2694717699778266e-05,209,225,16,407,441,34,
cvefixes__03_fixed_KPasswordDlg_keyPressed,dead_statement,unknown,success,0,0,False,2.2707772586727515e-06,2.2707772586727515e-06,0.0,209,221,12,407,434,27,
cvefixes__03_fixed_KPasswordDlg_keyPressed,xfg_targeted_dead_code,unknown,success,0,0,False,2.2707772586727515e-06,2.2707772586727515e-06,0.0,209,225,16,407,443,36,
cvefixes__03_fixed_KPasswordDlg_keyPressed,range_clamp,unknown,failed,0,,False,2.2707772586727515e-06,,,209,,,407,,,no sensitive call with a clampable size/count argument found
cvefixes__03_fixed_KPasswordDlg_keyPressed,safe_source_substitution,unknown,failed,0,,False,2.2707772586727515e-06,,,209,,,407,,,no nested pointer dereference source found
cvefixes__03_fixed_KPasswordDlg_keyPressed,sink_bound_guard,unknown,failed,0,,False,2.2707772586727515e-06,,,209,,,407,,,no sensitive sink call found for bound guard insertion
cvefixes__03_fixed_KPasswordDlg_keyPressed,postcondition_validation,unknown,failed,0,,False,2.2707772586727515e-06,,,209,,,407,,,no matching *_count/*_read pair found for postcondition validation
cvefixes__03_fixed_KPasswordDlg_keyPressed,integer_overflow_guard,unknown,failed,0,,False,2.2707772586727515e-06,,,209,,,407,,,no allocation size addition or multiplication expression found
cvefixes__03_fixed_KPasswordDlg_keyPressed,array_index_bound_guard,unknown,failed,0,,False,2.2707772586727515e-06,,,209,,,407,,,no array write found for index bound guard
cvefixes__03_fixed_KPasswordDlg_keyPressed,wide_char_sink_guard,unknown,failed,0,,False,2.2707772586727515e-06,,,209,,,407,,,no wcscat/wcscpy wide-character sink found
cvefixes__03_fixed_KPasswordDlg_keyPressed,pattern_dead_code,unknown,success,0,0,False,2.2707772586727515e-06,1.976678686332889e-05,1.7496009604656138e-05,209,264,55,407,508,101,
cvefixes__03_fixed_KPasswordDlg_keyPressed,control_wrapper,unknown,success,0,0,False,2.2707772586727515e-06,1.050900846166769e-05,8.238231202994939e-06,209,213,4,407,416,9,
cvefixes__03_fixed_KPasswordDlg_keyPressed,temp_variable_split,unknown,success,0,0,False,2.2707772586727515e-06,2.2707772586727515e-06,0.0,209,217,8,407,425,18,
cvefixes__04_fixed_ia64_patch_rse,data_flow_alias,unknown,success,0,0,False,1.796072319848463e-05,1.796072319848463e-05,0.0,95,112,17,181,254,73,
cvefixes__04_fixed_ia64_patch_rse,dead_statement,unknown,success,0,0,False,1.796072319848463e-05,1.796072319848463e-05,0.0,95,107,12,181,208,27,
cvefixes__04_fixed_ia64_patch_rse,xfg_targeted_dead_code,unknown,success,0,0,False,1.796072319848463e-05,1.796072319848463e-05,0.0,95,111,16,181,217,36,
cvefixes__04_fixed_ia64_patch_rse,range_clamp,unknown,failed,0,,False,1.796072319848463e-05,,,95,,,181,,,no sensitive call with a clampable size/count argument found
cvefixes__04_fixed_ia64_patch_rse,safe_source_substitution,unknown,failed,0,,False,1.796072319848463e-05,,,95,,,181,,,no nested pointer dereference source found
cvefixes__04_fixed_ia64_patch_rse,sink_bound_guard,unknown,failed,0,,False,1.796072319848463e-05,,,95,,,181,,,no sensitive sink call found for bound guard insertion
cvefixes__04_fixed_ia64_patch_rse,postcondition_validation,unknown,failed,0,,False,1.796072319848463e-05,,,95,,,181,,,no matching *_count/*_read pair found for postcondition validation
cvefixes__04_fixed_ia64_patch_rse,integer_overflow_guard,unknown,failed,0,,False,1.796072319848463e-05,,,95,,,181,,,no allocation size addition or multiplication expression found
cvefixes__04_fixed_ia64_patch_rse,array_index_bound_guard,unknown,success,0,0,False,1.796072319848463e-05,2.6016809897555504e-06,-1.535904220872908e-05,95,117,22,181,213,32,
cvefixes__04_fixed_ia64_patch_rse,wide_char_sink_guard,unknown,failed,0,,False,1.796072319848463e-05,,,95,,,181,,,no wcscat/wcscpy wide-character sink found
cvefixes__04_fixed_ia64_patch_rse,pattern_dead_code,unknown,success,0,0,False,1.796072319848463e-05,8.065583824645728e-05,6.269511504797265e-05,95,150,55,181,282,101,
cvefixes__04_fixed_ia64_patch_rse,control_wrapper,unknown,success,0,0,False,1.796072319848463e-05,1.796072319848463e-05,0.0,95,99,4,181,190,9,
cvefixes__04_fixed_ia64_patch_rse,temp_variable_split,unknown,failed,0,,False,1.796072319848463e-05,,,95,,,181,,,no simple integer-like assignment candidate found
cvefixes__05_fixed_altivec_unavailable_exception,data_flow_alias,altivec_unavailable_exception,success,0,0,False,0.0003320919058751315,0.0012522420147433877,0.0009201501088682562,70,90,20,169,207,38,
cvefixes__05_fixed_altivec_unavailable_exception,dead_statement,altivec_unavailable_exception,success,0,0,False,0.0003320919058751315,0.0012522456236183643,0.0009201537177432328,70,82,12,169,196,27,
cvefixes__05_fixed_altivec_unavailable_exception,xfg_targeted_dead_code,altivec_unavailable_exception,success,0,0,False,0.0003320919058751315,4.976865238859318e-05,-0.0002823232534865383,70,86,16,169,205,36,
cvefixes__05_fixed_altivec_unavailable_exception,range_clamp,altivec_unavailable_exception,failed,0,,False,0.0003320919058751315,,,70,,,169,,,no sensitive call with a clampable size/count argument found
cvefixes__05_fixed_altivec_unavailable_exception,safe_source_substitution,altivec_unavailable_exception,failed,0,,False,0.0003320919058751315,,,70,,,169,,,no nested pointer dereference source found
cvefixes__05_fixed_altivec_unavailable_exception,sink_bound_guard,altivec_unavailable_exception,failed,0,,False,0.0003320919058751315,,,70,,,169,,,no sensitive sink call found for bound guard insertion
cvefixes__05_fixed_altivec_unavailable_exception,postcondition_validation,altivec_unavailable_exception,failed,0,,False,0.0003320919058751315,,,70,,,169,,,no matching *_count/*_read pair found for postcondition validation
cvefixes__05_fixed_altivec_unavailable_exception,integer_overflow_guard,altivec_unavailable_exception,failed,0,,False,0.0003320919058751315,,,70,,,169,,,no allocation size addition or multiplication expression found
cvefixes__05_fixed_altivec_unavailable_exception,array_index_bound_guard,altivec_unavailable_exception,failed,0,,False,0.0003320919058751315,,,70,,,169,,,no array write found for index bound guard
cvefixes__05_fixed_altivec_unavailable_exception,wide_char_sink_guard,altivec_unavailable_exception,failed,0,,False,0.0003320919058751315,,,70,,,169,,,no wcscat/wcscpy wide-character sink found
cvefixes__05_fixed_altivec_unavailable_exception,pattern_dead_code,altivec_unavailable_exception,success,0,0,False,0.0003320919058751315,0.00039420268149115145,6.211077561601996e-05,70,125,55,169,270,101,
cvefixes__05_fixed_altivec_unavailable_exception,control_wrapper,altivec_unavailable_exception,success,0,0,False,0.0003320919058751315,0.0004913531010970473,0.00015926119522191584,70,74,4,169,178,9,
cvefixes__05_fixed_altivec_unavailable_exception,temp_variable_split,altivec_unavailable_exception,failed,0,,False,0.0003320919058751315,,,70,,,169,,,no simple integer-like assignment candidate found
cvefixes__06_vulnerable_altivec_unavailable_exception,data_flow_alias,altivec_unavailable_exception,success,0,0,False,0.0003320919058751315,0.0005929266335442662,0.00026083472766913474,70,90,20,169,207,38,
cvefixes__06_vulnerable_altivec_unavailable_exception,dead_statement,altivec_unavailable_exception,success,0,0,False,0.0003320919058751315,0.0005929080070927739,0.0002608161012176424,70,82,12,169,196,27,
cvefixes__06_vulnerable_altivec_unavailable_exception,xfg_targeted_dead_code,altivec_unavailable_exception,success,0,0,False,0.0003320919058751315,4.976865238859318e-05,-0.0002823232534865383,70,86,16,169,205,36,
cvefixes__06_vulnerable_altivec_unavailable_exception,range_clamp,altivec_unavailable_exception,failed,0,,False,0.0003320919058751315,,,70,,,169,,,no sensitive call with a clampable size/count argument found
cvefixes__06_vulnerable_altivec_unavailable_exception,safe_source_substitution,altivec_unavailable_exception,failed,0,,False,0.0003320919058751315,,,70,,,169,,,no nested pointer dereference source found
cvefixes__06_vulnerable_altivec_unavailable_exception,sink_bound_guard,altivec_unavailable_exception,failed,0,,False,0.0003320919058751315,,,70,,,169,,,no sensitive sink call found for bound guard insertion
cvefixes__06_vulnerable_altivec_unavailable_exception,postcondition_validation,altivec_unavailable_exception,failed,0,,False,0.0003320919058751315,,,70,,,169,,,no matching *_count/*_read pair found for postcondition validation
cvefixes__06_vulnerable_altivec_unavailable_exception,integer_overflow_guard,altivec_unavailable_exception,failed,0,,False,0.0003320919058751315,,,70,,,169,,,no allocation size addition or multiplication expression found
cvefixes__06_vulnerable_altivec_unavailable_exception,array_index_bound_guard,altivec_unavailable_exception,failed,0,,False,0.0003320919058751315,,,70,,,169,,,no array write found for index bound guard
cvefixes__06_vulnerable_altivec_unavailable_exception,wide_char_sink_guard,altivec_unavailable_exception,failed,0,,False,0.0003320919058751315,,,70,,,169,,,no wcscat/wcscpy wide-character sink found
cvefixes__06_vulnerable_altivec_unavailable_exception,pattern_dead_code,altivec_unavailable_exception,success,0,0,False,0.0003320919058751315,0.00039420268149115145,6.211077561601996e-05,70,125,55,169,270,101,
cvefixes__06_vulnerable_altivec_unavailable_exception,control_wrapper,altivec_unavailable_exception,success,0,0,False,0.0003320919058751315,0.0004913531010970473,0.00015926119522191584,70,74,4,169,178,9,
cvefixes__06_vulnerable_altivec_unavailable_exception,temp_variable_split,altivec_unavailable_exception,failed,0,,False,0.0003320919058751315,,,70,,,169,,,no simple integer-like assignment candidate found
cvefixes__07_fixed_videobuf_vm_close,data_flow_alias,unknown,success,0,0,False,1.2162955727035296e-06,0.00018247024854645133,0.0001812539529737478,210,230,20,487,522,35,
cvefixes__07_fixed_videobuf_vm_close,dead_statement,unknown,success,0,0,False,1.2162955727035296e-06,1.2162955727035296e-06,0.0,210,222,12,487,514,27,
cvefixes__07_fixed_videobuf_vm_close,xfg_targeted_dead_code,unknown,success,0,0,False,1.2162955727035296e-06,1.2162955727035296e-06,0.0,210,226,16,487,523,36,
cvefixes__07_fixed_videobuf_vm_close,range_clamp,unknown,failed,0,,False,1.2162955727035296e-06,,,210,,,487,,,no sensitive call with a clampable size/count argument found
cvefixes__07_fixed_videobuf_vm_close,safe_source_substitution,unknown,success,0,0,False,1.2162955727035296e-06,4.4245857111491205e-07,-7.738370015886176e-07,210,218,8,487,499,12,
cvefixes__07_fixed_videobuf_vm_close,sink_bound_guard,unknown,failed,0,,False,1.2162955727035296e-06,,,210,,,487,,,no sensitive sink call found for bound guard insertion
cvefixes__07_fixed_videobuf_vm_close,postcondition_validation,unknown,failed,0,,False,1.2162955727035296e-06,,,210,,,487,,,no matching *_count/*_read pair found for postcondition validation
cvefixes__07_fixed_videobuf_vm_close,integer_overflow_guard,unknown,failed,0,,False,1.2162955727035296e-06,,,210,,,487,,,no allocation size addition or multiplication expression found
cvefixes__07_fixed_videobuf_vm_close,array_index_bound_guard,unknown,failed,0,,False,1.2162955727035296e-06,,,210,,,487,,,no array write found for index bound guard
cvefixes__07_fixed_videobuf_vm_close,wide_char_sink_guard,unknown,failed,0,,False,1.2162955727035296e-06,,,210,,,487,,,no wcscat/wcscpy wide-character sink found
cvefixes__07_fixed_videobuf_vm_close,pattern_dead_code,unknown,success,0,0,False,1.2162955727035296e-06,8.065583824645728e-05,7.943954267375375e-05,210,265,55,487,588,101,
cvefixes__07_fixed_videobuf_vm_close,control_wrapper,unknown,success,0,0,False,1.2162955727035296e-06,2.1660596303263446e-06,9.49764057622815e-07,210,214,4,487,496,9,
cvefixes__07_fixed_videobuf_vm_close,temp_variable_split,unknown,failed,0,,False,1.2162955727035296e-06,,,210,,,487,,,no simple integer-like assignment candidate found
cvefixes__08_vulnerable_videobuf_vm_close,data_flow_alias,unknown,success,0,0,False,1.2162955727035296e-06,0.00018247024854645133,0.0001812539529737478,210,230,20,487,522,35,
cvefixes__08_vulnerable_videobuf_vm_close,dead_statement,unknown,success,0,0,False,1.2162955727035296e-06,1.2162955727035296e-06,0.0,210,222,12,487,514,27,
cvefixes__08_vulnerable_videobuf_vm_close,xfg_targeted_dead_code,unknown,success,0,0,False,1.2162955727035296e-06,1.2162955727035296e-06,0.0,210,226,16,487,523,36,
cvefixes__08_vulnerable_videobuf_vm_close,range_clamp,unknown,failed,0,,False,1.2162955727035296e-06,,,210,,,487,,,no sensitive call with a clampable size/count argument found
cvefixes__08_vulnerable_videobuf_vm_close,safe_source_substitution,unknown,success,0,0,False,1.2162955727035296e-06,4.4245857111491205e-07,-7.738370015886176e-07,210,218,8,487,499,12,
cvefixes__08_vulnerable_videobuf_vm_close,sink_bound_guard,unknown,failed,0,,False,1.2162955727035296e-06,,,210,,,487,,,no sensitive sink call found for bound guard insertion
cvefixes__08_vulnerable_videobuf_vm_close,postcondition_validation,unknown,failed,0,,False,1.2162955727035296e-06,,,210,,,487,,,no matching *_count/*_read pair found for postcondition validation
cvefixes__08_vulnerable_videobuf_vm_close,integer_overflow_guard,unknown,failed,0,,False,1.2162955727035296e-06,,,210,,,487,,,no allocation size addition or multiplication expression found
cvefixes__08_vulnerable_videobuf_vm_close,array_index_bound_guard,unknown,failed,0,,False,1.2162955727035296e-06,,,210,,,487,,,no array write found for index bound guard
cvefixes__08_vulnerable_videobuf_vm_close,wide_char_sink_guard,unknown,failed,0,,False,1.2162955727035296e-06,,,210,,,487,,,no wcscat/wcscpy wide-character sink found
cvefixes__08_vulnerable_videobuf_vm_close,pattern_dead_code,unknown,success,0,0,False,1.2162955727035296e-06,8.065583824645728e-05,7.943954267375375e-05,210,265,55,487,588,101,
cvefixes__08_vulnerable_videobuf_vm_close,control_wrapper,unknown,success,0,0,False,1.2162955727035296e-06,2.1660596303263446e-06,9.49764057622815e-07,210,214,4,487,496,9,
cvefixes__08_vulnerable_videobuf_vm_close,temp_variable_split,unknown,failed,0,,False,1.2162955727035296e-06,,,210,,,487,,,no simple integer-like assignment candidate found
cvefixes__09_fixed_netlbl_cipsov4_add_common,data_flow_alias,netlbl_cipsov4_add_common,success,0,0,False,0.0003572004206944257,0.0003572001005522907,-3.2014213502407074e-10,158,176,18,363,411,48,
cvefixes__09_fixed_netlbl_cipsov4_add_common,dead_statement,netlbl_cipsov4_add_common,success,0,0,False,0.0003572004206944257,0.0003572004206944257,0.0,158,170,12,363,390,27,
cvefixes__09_fixed_netlbl_cipsov4_add_common,xfg_targeted_dead_code,netlbl_cipsov4_add_common,success,0,0,False,0.0003572004206944257,0.0003572004206944257,0.0,158,174,16,363,399,36,
cvefixes__09_fixed_netlbl_cipsov4_add_common,range_clamp,netlbl_cipsov4_add_common,failed,0,,False,0.0003572004206944257,,,158,,,363,,,no sensitive call with a clampable size/count argument found
cvefixes__09_fixed_netlbl_cipsov4_add_common,safe_source_substitution,netlbl_cipsov4_add_common,failed,0,,False,0.0003572004206944257,,,158,,,363,,,no nested pointer dereference source found
cvefixes__09_fixed_netlbl_cipsov4_add_common,sink_bound_guard,netlbl_cipsov4_add_common,failed,0,,False,0.0003572004206944257,,,158,,,363,,,no sensitive sink call found for bound guard insertion
cvefixes__09_fixed_netlbl_cipsov4_add_common,postcondition_validation,netlbl_cipsov4_add_common,failed,0,,False,0.0003572004206944257,,,158,,,363,,,no matching *_count/*_read pair found for postcondition validation
cvefixes__09_fixed_netlbl_cipsov4_add_common,integer_overflow_guard,netlbl_cipsov4_add_common,failed,0,,False,0.0003572004206944257,,,158,,,363,,,no allocation size addition or multiplication expression found
cvefixes__09_fixed_netlbl_cipsov4_add_common,array_index_bound_guard,netlbl_cipsov4_add_common,success,0,0,False,0.0003572004206944257,0.0003612482687458396,4.047848051413894e-06,158,188,30,363,418,55,
cvefixes__09_fixed_netlbl_cipsov4_add_common,wide_char_sink_guard,netlbl_cipsov4_add_common,failed,0,,False,0.0003572004206944257,,,158,,,363,,,no wcscat/wcscpy wide-character sink found
cvefixes__09_fixed_netlbl_cipsov4_add_common,pattern_dead_code,netlbl_cipsov4_add_common,success,0,0,False,0.0003572004206944257,0.0003572004206944257,0.0,158,213,55,363,464,101,
cvefixes__09_fixed_netlbl_cipsov4_add_common,control_wrapper,netlbl_cipsov4_add_common,success,0,0,False,0.0003572004206944257,0.00033515552058815956,-2.204490010626614e-05,158,162,4,363,372,9,
cvefixes__09_fixed_netlbl_cipsov4_add_common,temp_variable_split,netlbl_cipsov4_add_common,failed,0,,False,0.0003572004206944257,,,158,,,363,,,no simple integer-like assignment candidate found
cvefixes__10_vulnerable_netlbl_cipsov4_add_common,data_flow_alias,netlbl_cipsov4_add_common,success,0,0,False,0.0036455155350267887,0.0036455155350267887,0.0,157,175,18,359,407,48,
cvefixes__10_vulnerable_netlbl_cipsov4_add_common,dead_statement,netlbl_cipsov4_add_common,success,0,0,False,0.0036455155350267887,0.0036455171648412943,1.6298145055770874e-09,157,169,12,359,386,27,
cvefixes__10_vulnerable_netlbl_cipsov4_add_common,xfg_targeted_dead_code,netlbl_cipsov4_add_common,success,0,0,False,0.0036455155350267887,0.0036455171648412943,1.6298145055770874e-09,157,173,16,359,395,36,
cvefixes__10_vulnerable_netlbl_cipsov4_add_common,range_clamp,netlbl_cipsov4_add_common,failed,0,,False,0.0036455155350267887,,,157,,,359,,,no sensitive call with a clampable size/count argument found
cvefixes__10_vulnerable_netlbl_cipsov4_add_common,safe_source_substitution,netlbl_cipsov4_add_common,failed,0,,False,0.0036455155350267887,,,157,,,359,,,no nested pointer dereference source found
cvefixes__10_vulnerable_netlbl_cipsov4_add_common,sink_bound_guard,netlbl_cipsov4_add_common,failed,0,,False,0.0036455155350267887,,,157,,,359,,,no sensitive sink call found for bound guard insertion
cvefixes__10_vulnerable_netlbl_cipsov4_add_common,postcondition_validation,netlbl_cipsov4_add_common,failed,0,,False,0.0036455155350267887,,,157,,,359,,,no matching *_count/*_read pair found for postcondition validation
cvefixes__10_vulnerable_netlbl_cipsov4_add_common,integer_overflow_guard,netlbl_cipsov4_add_common,failed,0,,False,0.0036455155350267887,,,157,,,359,,,no allocation size addition or multiplication expression found
cvefixes__10_vulnerable_netlbl_cipsov4_add_common,array_index_bound_guard,netlbl_cipsov4_add_common,success,0,0,False,0.0036455155350267887,0.00046345917508006096,-0.0031820563599467278,157,187,30,359,414,55,
cvefixes__10_vulnerable_netlbl_cipsov4_add_common,wide_char_sink_guard,netlbl_cipsov4_add_common,failed,0,,False,0.0036455155350267887,,,157,,,359,,,no wcscat/wcscpy wide-character sink found
cvefixes__10_vulnerable_netlbl_cipsov4_add_common,pattern_dead_code,netlbl_cipsov4_add_common,success,0,0,False,0.0036455155350267887,0.0036455171648412943,1.6298145055770874e-09,157,212,55,359,460,101,
cvefixes__10_vulnerable_netlbl_cipsov4_add_common,control_wrapper,netlbl_cipsov4_add_common,success,0,0,False,0.0036455155350267887,0.0036455155350267887,0.0,157,161,4,359,368,9,
cvefixes__10_vulnerable_netlbl_cipsov4_add_common,temp_variable_split,netlbl_cipsov4_add_common,failed,0,,False,0.0036455155350267887,,,157,,,359,,,no simple integer-like assignment candidate found
cvefixes__11_fixed_generic_perform_write,data_flow_alias,generic_perform_write,success,0,0,False,3.535852499680914e-08,3.535852499680914e-08,0.0,368,385,17,897,953,56,
cvefixes__11_fixed_generic_perform_write,dead_statement,generic_perform_write,success,0,0,False,3.535852499680914e-08,3.535852499680914e-08,0.0,368,380,12,897,924,27,
cvefixes__11_fixed_generic_perform_write,xfg_targeted_dead_code,generic_perform_write,success,0,0,False,3.535852499680914e-08,3.535852499680914e-08,0.0,368,384,16,897,933,36,
cvefixes__11_fixed_generic_perform_write,range_clamp,generic_perform_write,failed,0,,False,3.535852499680914e-08,,,368,,,897,,,no sensitive call with a clampable size/count argument found
cvefixes__11_fixed_generic_perform_write,safe_source_substitution,generic_perform_write,failed,0,,False,3.535852499680914e-08,,,368,,,897,,,no nested pointer dereference source found
cvefixes__11_fixed_generic_perform_write,sink_bound_guard,generic_perform_write,failed,0,,False,3.535852499680914e-08,,,368,,,897,,,no sensitive sink call found for bound guard insertion
cvefixes__11_fixed_generic_perform_write,postcondition_validation,generic_perform_write,failed,0,,False,3.535852499680914e-08,,,368,,,897,,,no matching *_count/*_read pair found for postcondition validation
cvefixes__11_fixed_generic_perform_write,integer_overflow_guard,generic_perform_write,failed,0,,False,3.535852499680914e-08,,,368,,,897,,,no allocation size addition or multiplication expression found
cvefixes__11_fixed_generic_perform_write,array_index_bound_guard,generic_perform_write,failed,0,,False,3.535852499680914e-08,,,368,,,897,,,no array write found for index bound guard
cvefixes__11_fixed_generic_perform_write,wide_char_sink_guard,generic_perform_write,failed,0,,False,3.535852499680914e-08,,,368,,,897,,,no wcscat/wcscpy wide-character sink found
cvefixes__11_fixed_generic_perform_write,pattern_dead_code,generic_perform_write,success,0,0,False,3.535852499680914e-08,8.065591828199103e-05,8.062055975699423e-05,368,423,55,897,998,101,
cvefixes__11_fixed_generic_perform_write,control_wrapper,generic_perform_write,success,0,0,False,3.535852499680914e-08,4.996176272697994e-08,1.4603237730170804e-08,368,372,4,897,906,9,
cvefixes__11_fixed_generic_perform_write,temp_variable_split,generic_perform_write,success,0,0,False,3.535852499680914e-08,3.0506196679880304e-08,-4.852328316928833e-09,368,376,8,897,916,19,
cvefixes__12_vulnerable_generic_perform_write,data_flow_alias,generic_perform_write,success,0,0,False,2.9438250948032874e-08,2.9438250948032874e-08,0.0,368,385,17,897,953,56,
cvefixes__12_vulnerable_generic_perform_write,dead_statement,generic_perform_write,success,0,0,False,2.9438250948032874e-08,2.9438250948032874e-08,0.0,368,380,12,897,924,27,
cvefixes__12_vulnerable_generic_perform_write,xfg_targeted_dead_code,generic_perform_write,success,0,0,False,2.9438250948032874e-08,2.9438250948032874e-08,0.0,368,384,16,897,933,36,
cvefixes__12_vulnerable_generic_perform_write,range_clamp,generic_perform_write,failed,0,,False,2.9438250948032874e-08,,,368,,,897,,,no sensitive call with a clampable size/count argument found
cvefixes__12_vulnerable_generic_perform_write,safe_source_substitution,generic_perform_write,failed,0,,False,2.9438250948032874e-08,,,368,,,897,,,no nested pointer dereference source found
cvefixes__12_vulnerable_generic_perform_write,sink_bound_guard,generic_perform_write,failed,0,,False,2.9438250948032874e-08,,,368,,,897,,,no sensitive sink call found for bound guard insertion
cvefixes__12_vulnerable_generic_perform_write,postcondition_validation,generic_perform_write,failed,0,,False,2.9438250948032874e-08,,,368,,,897,,,no matching *_count/*_read pair found for postcondition validation
cvefixes__12_vulnerable_generic_perform_write,integer_overflow_guard,generic_perform_write,failed,0,,False,2.9438250948032874e-08,,,368,,,897,,,no allocation size addition or multiplication expression found
cvefixes__12_vulnerable_generic_perform_write,array_index_bound_guard,generic_perform_write,failed,0,,False,2.9438250948032874e-08,,,368,,,897,,,no array write found for index bound guard
cvefixes__12_vulnerable_generic_perform_write,wide_char_sink_guard,generic_perform_write,failed,0,,False,2.9438250948032874e-08,,,368,,,897,,,no wcscat/wcscpy wide-character sink found
cvefixes__12_vulnerable_generic_perform_write,pattern_dead_code,generic_perform_write,success,0,0,False,2.9438250948032874e-08,8.065591828199103e-05,8.0626480031043e-05,368,423,55,897,998,101,
cvefixes__12_vulnerable_generic_perform_write,control_wrapper,generic_perform_write,success,0,0,False,2.9438250948032874e-08,4.1856552002172975e-08,1.2418301054140102e-08,368,372,4,897,906,9,
cvefixes__12_vulnerable_generic_perform_write,temp_variable_split,generic_perform_write,success,0,0,False,2.9438250948032874e-08,2.6772509542638545e-08,-2.6657414053943285e-09,368,376,8,897,916,19,
cvefixes__13_fixed_pango_glyph_string_set_size,data_flow_alias,unknown,success,0,0,False,0.0004900019848719239,0.0009843892185017467,0.0004943872336298227,185,207,22,381,421,40,
cvefixes__13_fixed_pango_glyph_string_set_size,dead_statement,unknown,success,0,0,False,0.0004900019848719239,0.0004900019848719239,0.0,185,197,12,381,408,27,
cvefixes__13_fixed_pango_glyph_string_set_size,xfg_targeted_dead_code,unknown,success,0,0,False,0.0004900019848719239,0.0004900019848719239,0.0,185,201,16,381,417,36,
cvefixes__13_fixed_pango_glyph_string_set_size,range_clamp,unknown,failed,0,,False,0.0004900019848719239,,,185,,,381,,,no sensitive call with a clampable size/count argument found
cvefixes__13_fixed_pango_glyph_string_set_size,safe_source_substitution,unknown,failed,0,,False,0.0004900019848719239,,,185,,,381,,,no nested pointer dereference source found
cvefixes__13_fixed_pango_glyph_string_set_size,sink_bound_guard,unknown,failed,0,,False,0.0004900019848719239,,,185,,,381,,,no sensitive sink call found for bound guard insertion
cvefixes__13_fixed_pango_glyph_string_set_size,postcondition_validation,unknown,failed,0,,False,0.0004900019848719239,,,185,,,381,,,no matching *_count/*_read pair found for postcondition validation
cvefixes__13_fixed_pango_glyph_string_set_size,integer_overflow_guard,unknown,failed,0,,False,0.0004900019848719239,,,185,,,381,,,no allocation size addition or multiplication expression found
cvefixes__13_fixed_pango_glyph_string_set_size,array_index_bound_guard,unknown,failed,0,,False,0.0004900019848719239,,,185,,,381,,,no array write found for index bound guard
cvefixes__13_fixed_pango_glyph_string_set_size,wide_char_sink_guard,unknown,failed,0,,False,0.0004900019848719239,,,185,,,381,,,no wcscat/wcscpy wide-character sink found
cvefixes__13_fixed_pango_glyph_string_set_size,pattern_dead_code,unknown,success,0,0,False,0.0004900019848719239,0.0004900019848719239,0.0,185,240,55,381,482,101,
cvefixes__13_fixed_pango_glyph_string_set_size,control_wrapper,unknown,success,0,0,False,0.0004900019848719239,0.0004900019848719239,0.0,185,189,4,381,390,9,
cvefixes__13_fixed_pango_glyph_string_set_size,temp_variable_split,unknown,success,0,0,False,0.0004900019848719239,0.0004900019848719239,0.0,185,193,8,381,399,18,
cvefixes__14_vulnerable_pango_glyph_string_set_size,data_flow_alias,unknown,success,0,0,False,0.0005512611824087799,0.0009843892185017467,0.0004331280360929668,133,155,22,314,354,40,
cvefixes__14_vulnerable_pango_glyph_string_set_size,dead_statement,unknown,success,0,0,False,0.0005512611824087799,0.0005512606003321707,-5.820766091346741e-10,133,145,12,314,341,27,
cvefixes__14_vulnerable_pango_glyph_string_set_size,xfg_targeted_dead_code,unknown,success,0,0,False,0.0005512611824087799,0.0005512611824087799,0.0,133,149,16,314,350,36,
cvefixes__14_vulnerable_pango_glyph_string_set_size,range_clamp,unknown,failed,0,,False,0.0005512611824087799,,,133,,,314,,,no sensitive call with a clampable size/count argument found
cvefixes__14_vulnerable_pango_glyph_string_set_size,safe_source_substitution,unknown,failed,0,,False,0.0005512611824087799,,,133,,,314,,,no nested pointer dereference source found
cvefixes__14_vulnerable_pango_glyph_string_set_size,sink_bound_guard,unknown,failed,0,,False,0.0005512611824087799,,,133,,,314,,,no sensitive sink call found for bound guard insertion
cvefixes__14_vulnerable_pango_glyph_string_set_size,postcondition_validation,unknown,failed,0,,False,0.0005512611824087799,,,133,,,314,,,no matching *_count/*_read pair found for postcondition validation
cvefixes__14_vulnerable_pango_glyph_string_set_size,integer_overflow_guard,unknown,failed,0,,False,0.0005512611824087799,,,133,,,314,,,no allocation size addition or multiplication expression found
cvefixes__14_vulnerable_pango_glyph_string_set_size,array_index_bound_guard,unknown,failed,0,,False,0.0005512611824087799,,,133,,,314,,,no array write found for index bound guard
cvefixes__14_vulnerable_pango_glyph_string_set_size,wide_char_sink_guard,unknown,failed,0,,False,0.0005512611824087799,,,133,,,314,,,no wcscat/wcscpy wide-character sink found
cvefixes__14_vulnerable_pango_glyph_string_set_size,pattern_dead_code,unknown,success,0,0,False,0.0005512611824087799,0.0005438156076706946,-7.44557473808527e-06,133,188,55,314,415,101,
cvefixes__14_vulnerable_pango_glyph_string_set_size,control_wrapper,unknown,success,0,0,False,0.0005512611824087799,0.0005512611824087799,0.0,133,137,4,314,323,9,
cvefixes__14_vulnerable_pango_glyph_string_set_size,temp_variable_split,unknown,failed,0,,False,0.0005512611824087799,,,133,,,314,,,no simple integer-like assignment candidate found
cvefixes__15_fixed_decode_entities,data_flow_alias,while,success,0,0,False,5.931529449298978e-05,0.008013502694666386,0.007954187400173396,1023,1043,20,2413,2451,38,
cvefixes__15_fixed_decode_entities,dead_statement,while,success,0,0,False,5.931529449298978e-05,5.931529449298978e-05,0.0,1023,1035,12,2413,2440,27,
cvefixes__15_fixed_decode_entities,xfg_targeted_dead_code,while,success,0,0,False,5.931529449298978e-05,5.931518171564676e-05,-1.127773430198431e-10,1023,1039,16,2413,2449,36,
cvefixes__15_fixed_decode_entities,range_clamp,while,failed,0,,False,5.931529449298978e-05,,,1023,,,2413,,,no sensitive call with a clampable size/count argument found
cvefixes__15_fixed_decode_entities,safe_source_substitution,while,failed,0,,False,5.931529449298978e-05,,,1023,,,2413,,,no nested pointer dereference source found
cvefixes__15_fixed_decode_entities,sink_bound_guard,while,failed,0,,False,5.931529449298978e-05,,,1023,,,2413,,,no sensitive sink call found for bound guard insertion
cvefixes__15_fixed_decode_entities,postcondition_validation,while,failed,0,,False,5.931529449298978e-05,,,1023,,,2413,,,no matching *_count/*_read pair found for postcondition validation
cvefixes__15_fixed_decode_entities,integer_overflow_guard,while,failed,0,,False,5.931529449298978e-05,,,1023,,,2413,,,no allocation size addition or multiplication expression found
cvefixes__15_fixed_decode_entities,array_index_bound_guard,while,success,0,0,False,5.931529449298978e-05,6.472063978435472e-05,5.405345291364938e-06,1023,1045,22,2413,2445,32,
cvefixes__15_fixed_decode_entities,wide_char_sink_guard,while,failed,0,,False,5.931529449298978e-05,,,1023,,,2413,,,no wcscat/wcscpy wide-character sink found
cvefixes__15_fixed_decode_entities,pattern_dead_code,while,success,0,0,False,5.931529449298978e-05,8.065576548688114e-05,2.134047099389136e-05,1023,1078,55,2413,2514,101,
cvefixes__15_fixed_decode_entities,control_wrapper,while,success,0,0,False,5.931529449298978e-05,3.112523700110614e-05,-2.8190057491883636e-05,1023,1027,4,2413,2424,11,
cvefixes__15_fixed_decode_entities,temp_variable_split,while,success,0,0,False,5.931529449298978e-05,6.687659333692864e-05,7.561298843938857e-06,1023,1031,8,2413,2430,17,
cvefixes__16_vulnerable_decode_entities,data_flow_alias,while,success,0,0,False,4.64283766632434e-05,0.008013502694666386,0.007967074318003142,1003,1023,20,2377,2415,38,
cvefixes__16_vulnerable_decode_entities,dead_statement,while,success,0,0,False,4.64283766632434e-05,4.64283766632434e-05,0.0,1003,1015,12,2377,2404,27,
cvefixes__16_vulnerable_decode_entities,xfg_targeted_dead_code,while,success,0,0,False,4.64283766632434e-05,4.642846397473477e-05,8.731149137020111e-11,1003,1019,16,2377,2413,36,
cvefixes__16_vulnerable_decode_entities,range_clamp,while,failed,0,,False,4.64283766632434e-05,,,1003,,,2377,,,no sensitive call with a clampable size/count argument found
cvefixes__16_vulnerable_decode_entities,safe_source_substitution,while,failed,0,,False,4.64283766632434e-05,,,1003,,,2377,,,no nested pointer dereference source found
cvefixes__16_vulnerable_decode_entities,sink_bound_guard,while,failed,0,,False,4.64283766632434e-05,,,1003,,,2377,,,no sensitive sink call found for bound guard insertion
cvefixes__16_vulnerable_decode_entities,postcondition_validation,while,failed,0,,False,4.64283766632434e-05,,,1003,,,2377,,,no matching *_count/*_read pair found for postcondition validation
cvefixes__16_vulnerable_decode_entities,integer_overflow_guard,while,failed,0,,False,4.64283766632434e-05,,,1003,,,2377,,,no allocation size addition or multiplication expression found
cvefixes__16_vulnerable_decode_entities,array_index_bound_guard,while,success,0,0,False,4.64283766632434e-05,5.5245891417143866e-05,8.817514753900468e-06,1003,1025,22,2377,2409,32,
cvefixes__16_vulnerable_decode_entities,wide_char_sink_guard,while,failed,0,,False,4.64283766632434e-05,,,1003,,,2377,,,no wcscat/wcscpy wide-character sink found
cvefixes__16_vulnerable_decode_entities,pattern_dead_code,while,success,0,0,False,4.64283766632434e-05,8.065576548688114e-05,3.422738882363774e-05,1003,1058,55,2377,2478,101,
cvefixes__16_vulnerable_decode_entities,control_wrapper,while,success,0,0,False,4.64283766632434e-05,2.2607020582654513e-05,-2.3821356080588885e-05,1003,1007,4,2377,2388,11,
cvefixes__16_vulnerable_decode_entities,temp_variable_split,while,success,0,0,False,4.64283766632434e-05,5.275329385767691e-05,6.32491719443351e-06,1003,1011,8,2377,2394,17,
cvefixes__17_vulnerable_eval_js,data_flow_alias,unknown,success,0,0,False,0.0,0.0,0.0,280,299,19,538,599,61,
cvefixes__17_vulnerable_eval_js,dead_statement,unknown,success,0,0,False,0.0,0.0,0.0,280,292,12,538,565,27,
cvefixes__17_vulnerable_eval_js,xfg_targeted_dead_code,unknown,success,0,0,False,0.0,0.0,0.0,280,296,16,538,574,36,
cvefixes__17_vulnerable_eval_js,range_clamp,unknown,failed,0,,False,0.0,,,280,,,538,,,no sensitive call with a clampable size/count argument found
cvefixes__17_vulnerable_eval_js,safe_source_substitution,unknown,failed,0,,False,0.0,,,280,,,538,,,no nested pointer dereference source found
cvefixes__17_vulnerable_eval_js,sink_bound_guard,unknown,failed,0,,False,0.0,,,280,,,538,,,no sensitive sink call found for bound guard insertion
cvefixes__17_vulnerable_eval_js,postcondition_validation,unknown,failed,0,,False,0.0,,,280,,,538,,,no matching *_count/*_read pair found for postcondition validation
cvefixes__17_vulnerable_eval_js,integer_overflow_guard,unknown,failed,0,,False,0.0,,,280,,,538,,,no allocation size addition or multiplication expression found
cvefixes__17_vulnerable_eval_js,array_index_bound_guard,unknown,failed,0,,False,0.0,,,280,,,538,,,no array write found for index bound guard
cvefixes__17_vulnerable_eval_js,wide_char_sink_guard,unknown,failed,0,,False,0.0,,,280,,,538,,,no wcscat/wcscpy wide-character sink found
cvefixes__17_vulnerable_eval_js,pattern_dead_code,unknown,success,0,0,False,0.0,8.065576548688114e-05,8.065576548688114e-05,280,335,55,538,639,101,
cvefixes__17_vulnerable_eval_js,control_wrapper,unknown,success,0,0,False,0.0,0.0,0.0,280,284,4,538,547,9,
cvefixes__17_vulnerable_eval_js,temp_variable_split,unknown,failed,0,,False,0.0,,,280,,,538,,,no simple integer-like assignment candidate found
cvefixes__18_vulnerable_try_read_command,data_flow_alias,try_read_command,success,0,0,False,0.00244052242487669,0.00015447793703060597,-0.002286044487846084,782,804,22,1747,1789,42,
cvefixes__18_vulnerable_try_read_command,dead_statement,try_read_command,success,0,0,False,0.00244052242487669,0.0001544777915114537,-0.0022860446333652362,782,794,12,1747,1774,27,
cvefixes__18_vulnerable_try_read_command,xfg_targeted_dead_code,try_read_command,success,0,0,False,0.00244052242487669,0.0006457929266616702,-0.0017947294982150197,782,798,16,1747,1783,36,
cvefixes__18_vulnerable_try_read_command,range_clamp,try_read_command,success,0,0,False,0.00244052242487669,0.0003120465262327343,-0.0021284758986439556,782,812,30,1747,1820,73,
cvefixes__18_vulnerable_try_read_command,safe_source_substitution,try_read_command,failed,0,,False,0.00244052242487669,,,782,,,1747,,,no nested pointer dereference source found
cvefixes__18_vulnerable_try_read_command,sink_bound_guard,try_read_command,success,0,0,False,0.00244052242487669,0.0008686516084708273,-0.0015718708164058626,782,794,12,1747,1783,36,
cvefixes__18_vulnerable_try_read_command,postcondition_validation,try_read_command,failed,0,,False,0.00244052242487669,,,782,,,1747,,,no matching *_count/*_read pair found for postcondition validation
cvefixes__18_vulnerable_try_read_command,integer_overflow_guard,try_read_command,failed,0,,False,0.00244052242487669,,,782,,,1747,,,no allocation size addition or multiplication expression found
cvefixes__18_vulnerable_try_read_command,array_index_bound_guard,try_read_command,failed,0,,False,0.00244052242487669,,,782,,,1747,,,no array write found for index bound guard
cvefixes__18_vulnerable_try_read_command,wide_char_sink_guard,try_read_command,failed,0,,False,0.00244052242487669,,,782,,,1747,,,no wcscat/wcscpy wide-character sink found
cvefixes__18_vulnerable_try_read_command,pattern_dead_code,try_read_command,success,0,0,False,0.00244052242487669,0.0003030861262232065,-0.0021374362986534834,782,837,55,1747,1848,101,
cvefixes__18_vulnerable_try_read_command,control_wrapper,try_read_command,success,0,0,False,0.00244052242487669,0.0001544777915114537,-0.0022860446333652362,782,786,4,1747,1756,9,
cvefixes__18_vulnerable_try_read_command,temp_variable_split,try_read_command,failed,0,,False,0.00244052242487669,,,782,,,1747,,,no simple integer-like assignment candidate found
cvefixes__19_fixed_try_read_network,data_flow_alias,try_read_network,success,0,0,False,6.361439017698797e-14,3.2469474903359073e-15,-6.036744268665207e-14,353,375,22,831,873,42,
cvefixes__19_fixed_try_read_network,dead_statement,try_read_network,success,0,0,False,6.361439017698797e-14,2.4431100999575833e-16,-6.337007916699221e-14,353,365,12,831,858,27,
cvefixes__19_fixed_try_read_network,xfg_targeted_dead_code,try_read_network,success,0,0,False,6.361439017698797e-14,2.4431100999575833e-16,-6.337007916699221e-14,353,369,16,831,867,36,
cvefixes__19_fixed_try_read_network,range_clamp,try_read_network,success,0,0,False,6.361439017698797e-14,2.4431100999575833e-16,-6.337007916699221e-14,353,383,30,831,902,71,
cvefixes__19_fixed_try_read_network,safe_source_substitution,try_read_network,success,0,0,False,6.361439017698797e-14,8.45826230236324e-14,2.0968232846644425e-14,353,364,11,831,851,20,
cvefixes__19_fixed_try_read_network,sink_bound_guard,try_read_network,success,0,0,False,6.361439017698797e-14,2.037064474960941e-15,-6.157732570202703e-14,353,365,12,831,861,30,
cvefixes__19_fixed_try_read_network,postcondition_validation,try_read_network,failed,0,,False,6.361439017698797e-14,,,353,,,831,,,no matching *_count/*_read pair found for postcondition validation
cvefixes__19_fixed_try_read_network,integer_overflow_guard,try_read_network,failed,0,,False,6.361439017698797e-14,,,353,,,831,,,no allocation size addition or multiplication expression found
cvefixes__19_fixed_try_read_network,array_index_bound_guard,try_read_network,failed,0,,False,6.361439017698797e-14,,,353,,,831,,,no array write found for index bound guard
cvefixes__19_fixed_try_read_network,wide_char_sink_guard,try_read_network,failed,0,,False,6.361439017698797e-14,,,353,,,831,,,no wcscat/wcscpy wide-character sink found
cvefixes__19_fixed_try_read_network,pattern_dead_code,try_read_network,success,0,0,False,6.361439017698797e-14,8.065576548688114e-05,8.065576542326674e-05,353,408,55,831,932,101,
cvefixes__19_fixed_try_read_network,control_wrapper,try_read_network,success,0,0,False,6.361439017698797e-14,6.361390228601035e-14,-4.87890977618477e-19,353,357,4,831,840,9,
cvefixes__19_fixed_try_read_network,temp_variable_split,try_read_network,success,0,0,False,6.361439017698797e-14,6.361426820424357e-14,-1.2197274440461925e-19,353,361,8,831,850,19,
cvefixes__20_vulnerable_irssi_ssl_handshake,data_flow_alias,irssi_ssl_handshake,success,0,0,False,0.0013992891181260347,0.0013992891181260347,0.0,264,280,16,511,549,38,
cvefixes__20_vulnerable_irssi_ssl_handshake,dead_statement,irssi_ssl_handshake,success,0,0,False,0.0013992891181260347,0.0013992877211421728,-1.3969838619232178e-09,264,276,12,511,538,27,
cvefixes__20_vulnerable_irssi_ssl_handshake,xfg_targeted_dead_code,irssi_ssl_handshake,success,0,0,False,0.0013992891181260347,0.0013992884196341038,-6.984919309616089e-10,264,280,16,511,547,36,
cvefixes__20_vulnerable_irssi_ssl_handshake,range_clamp,irssi_ssl_handshake,failed,0,,False,0.0013992891181260347,,,264,,,511,,,no sensitive call with a clampable size/count argument found
cvefixes__20_vulnerable_irssi_ssl_handshake,safe_source_substitution,irssi_ssl_handshake,failed,0,,False,0.0013992891181260347,,,264,,,511,,,no nested pointer dereference source found
cvefixes__20_vulnerable_irssi_ssl_handshake,sink_bound_guard,irssi_ssl_handshake,failed,0,,False,0.0013992891181260347,,,264,,,511,,,no sensitive sink call found for bound guard insertion
cvefixes__20_vulnerable_irssi_ssl_handshake,postcondition_validation,irssi_ssl_handshake,failed,0,,False,0.0013992891181260347,,,264,,,511,,,no matching *_count/*_read pair found for postcondition validation
cvefixes__20_vulnerable_irssi_ssl_handshake,integer_overflow_guard,irssi_ssl_handshake,failed,0,,False,0.0013992891181260347,,,264,,,511,,,no allocation size addition or multiplication expression found
cvefixes__20_vulnerable_irssi_ssl_handshake,array_index_bound_guard,irssi_ssl_handshake,failed,0,,False,0.0013992891181260347,,,264,,,511,,,no array write found for index bound guard
cvefixes__20_vulnerable_irssi_ssl_handshake,wide_char_sink_guard,irssi_ssl_handshake,failed,0,,False,0.0013992891181260347,,,264,,,511,,,no wcscat/wcscpy wide-character sink found
cvefixes__20_vulnerable_irssi_ssl_handshake,pattern_dead_code,irssi_ssl_handshake,success,0,0,False,0.0013992891181260347,0.0013992891181260347,0.0,264,319,55,511,612,101,
cvefixes__20_vulnerable_irssi_ssl_handshake,control_wrapper,irssi_ssl_handshake,success,0,0,False,0.0013992891181260347,0.0015826133312657475,0.0001833242131397128,264,268,4,511,523,12,
cvefixes__20_vulnerable_irssi_ssl_handshake,temp_variable_split,irssi_ssl_handshake,failed,0,,False,0.0013992891181260347,,,264,,,511,,,no simple integer-like assignment candidate found
cwe119__01_vulnerable_03_vulnerable_30,data_flow_alias,if,success,1,1,False,1.0,1.0,0.0,579,597,18,1099,1156,57,
cwe119__01_vulnerable_03_vulnerable_30,dead_statement,if,success,1,1,False,1.0,1.0,0.0,579,591,12,1099,1126,27,
cwe119__01_vulnerable_03_vulnerable_30,xfg_targeted_dead_code,if,success,1,1,False,1.0,1.0,0.0,579,595,16,1099,1135,36,
cwe119__01_vulnerable_03_vulnerable_30,range_clamp,if,success,1,1,False,1.0,1.0,0.0,579,609,30,1099,1167,68,
cwe119__01_vulnerable_03_vulnerable_30,safe_source_substitution,if,failed,1,,False,1.0,,,579,,,1099,,,no nested pointer dereference source found
cwe119__01_vulnerable_03_vulnerable_30,sink_bound_guard,if,success,1,1,False,1.0,1.0,0.0,579,591,12,1099,1128,29,
cwe119__01_vulnerable_03_vulnerable_30,postcondition_validation,if,failed,1,,False,1.0,,,579,,,1099,,,no matching *_count/*_read pair found for postcondition validation
cwe119__01_vulnerable_03_vulnerable_30,integer_overflow_guard,if,failed,1,,False,1.0,,,579,,,1099,,,no allocation size addition or multiplication expression found
cwe119__01_vulnerable_03_vulnerable_30,array_index_bound_guard,if,success,1,1,False,1.0,1.0,0.0,579,605,26,1099,1134,35,
cwe119__01_vulnerable_03_vulnerable_30,wide_char_sink_guard,if,failed,1,,False,1.0,,,579,,,1099,,,no wcscat/wcscpy wide-character sink found
cwe119__01_vulnerable_03_vulnerable_30,pattern_dead_code,if,success,1,1,False,1.0,1.0,0.0,579,634,55,1099,1200,101,
cwe119__01_vulnerable_03_vulnerable_30,control_wrapper,if,success,1,1,False,1.0,1.0,0.0,579,583,4,1099,1111,12,
cwe119__01_vulnerable_03_vulnerable_30,temp_variable_split,if,success,1,1,False,1.0,1.0,0.0,579,587,8,1099,1118,19,
cwe119__02_vulnerable_04_vulnerable_55,data_flow_alias,main,success,1,1,False,0.9979885816574097,0.9979885816574097,0.0,61,83,22,112,154,42,
cwe119__02_vulnerable_04_vulnerable_55,dead_statement,main,success,1,1,False,0.9979885816574097,0.9979885816574097,0.0,61,73,12,112,139,27,
cwe119__02_vulnerable_04_vulnerable_55,xfg_targeted_dead_code,main,success,1,1,False,0.9979885816574097,0.9979885816574097,0.0,61,77,16,112,148,36,
cwe119__02_vulnerable_04_vulnerable_55,range_clamp,main,failed,1,,False,0.9979885816574097,,,61,,,112,,,no sensitive call with a clampable size/count argument found
cwe119__02_vulnerable_04_vulnerable_55,safe_source_substitution,main,failed,1,,False,0.9979885816574097,,,61,,,112,,,no nested pointer dereference source found
cwe119__02_vulnerable_04_vulnerable_55,sink_bound_guard,main,failed,1,,False,0.9979885816574097,,,61,,,112,,,no sensitive sink call found for bound guard insertion
cwe119__02_vulnerable_04_vulnerable_55,postcondition_validation,main,failed,1,,False,0.9979885816574097,,,61,,,112,,,no matching *_count/*_read pair found for postcondition validation
cwe119__02_vulnerable_04_vulnerable_55,integer_overflow_guard,main,failed,1,,False,0.9979885816574097,,,61,,,112,,,no allocation size addition or multiplication expression found
cwe119__02_vulnerable_04_vulnerable_55,array_index_bound_guard,main,success,1,1,False,0.9979885816574097,1.0,0.002011418342590332,61,97,36,112,165,53,
cwe119__02_vulnerable_04_vulnerable_55,wide_char_sink_guard,main,failed,1,,False,0.9979885816574097,,,61,,,112,,,no wcscat/wcscpy wide-character sink found
cwe119__02_vulnerable_04_vulnerable_55,pattern_dead_code,main,success,1,1,False,0.9979885816574097,0.9979885816574097,0.0,61,116,55,112,213,101,
cwe119__02_vulnerable_04_vulnerable_55,control_wrapper,main,success,1,1,False,0.9979885816574097,0.9984891414642334,0.0005005598068237305,61,65,4,112,123,11,
cwe119__02_vulnerable_04_vulnerable_55,temp_variable_split,main,failed,1,,False,0.9979885816574097,,,61,,,112,,,no simple integer-like assignment candidate found
cwe119__03_vulnerable_05_vulnerable_32,data_flow_alias,badSink,success,1,1,False,0.9999673366546631,0.9881934523582458,-0.011773884296417236,147,167,20,426,464,38,
cwe119__03_vulnerable_05_vulnerable_32,dead_statement,badSink,success,1,0,True,0.9999673366546631,0.265411913394928,-0.7345554232597351,147,159,12,426,453,27,
cwe119__03_vulnerable_05_vulnerable_32,xfg_targeted_dead_code,badSink,success,1,0,True,0.9999673366546631,0.251147598028183,-0.7488197386264801,147,163,16,426,462,36,
cwe119__03_vulnerable_05_vulnerable_32,range_clamp,badSink,failed,1,,False,0.9999673366546631,,,147,,,426,,,no sensitive call with a clampable size/count argument found
cwe119__03_vulnerable_05_vulnerable_32,safe_source_substitution,badSink,failed,1,,False,0.9999673366546631,,,147,,,426,,,no nested pointer dereference source found
cwe119__03_vulnerable_05_vulnerable_32,sink_bound_guard,badSink,failed,1,,False,0.9999673366546631,,,147,,,426,,,no sensitive sink call found for bound guard insertion
cwe119__03_vulnerable_05_vulnerable_32,postcondition_validation,badSink,failed,1,,False,0.9999673366546631,,,147,,,426,,,no matching *_count/*_read pair found for postcondition validation
cwe119__03_vulnerable_05_vulnerable_32,integer_overflow_guard,badSink,failed,1,,False,0.9999673366546631,,,147,,,426,,,no allocation size addition or multiplication expression found
cwe119__03_vulnerable_05_vulnerable_32,array_index_bound_guard,badSink,failed,1,,False,0.9999673366546631,,,147,,,426,,,no array write found for index bound guard
cwe119__03_vulnerable_05_vulnerable_32,wide_char_sink_guard,badSink,success,1,1,False,0.9999673366546631,0.998985230922699,-0.0009821057319641113,147,165,18,426,460,34,
cwe119__03_vulnerable_05_vulnerable_32,pattern_dead_code,badSink,success,1,1,False,0.9999673366546631,0.9999673366546631,0.0,147,202,55,426,527,101,
cwe119__03_vulnerable_05_vulnerable_32,control_wrapper,badSink,success,1,1,False,0.9999673366546631,0.9736209511756897,-0.02634638547897339,147,151,4,426,435,9,
cwe119__03_vulnerable_05_vulnerable_32,temp_variable_split,badSink,failed,1,,False,0.9999673366546631,,,147,,,426,,,no simple integer-like assignment candidate found
cwe119__04_non_vulnerable_06_non-vulnerable_63,data_flow_alias,bad,success,0,0,False,0.0005112715298309922,0.0005112715298309922,0.0,216,236,20,407,442,35,
cwe119__04_non_vulnerable_06_non-vulnerable_63,dead_statement,bad,success,0,0,False,0.0005112715298309922,0.0005112715298309922,0.0,216,228,12,407,434,27,
cwe119__04_non_vulnerable_06_non-vulnerable_63,xfg_targeted_dead_code,bad,success,0,0,False,0.0005112715298309922,0.0005112715298309922,0.0,216,232,16,407,443,36,
cwe119__04_non_vulnerable_06_non-vulnerable_63,range_clamp,bad,failed,0,,False,0.0005112715298309922,,,216,,,407,,,no sensitive call with a clampable size/count argument found
cwe119__04_non_vulnerable_06_non-vulnerable_63,safe_source_substitution,bad,failed,0,,False,0.0005112715298309922,,,216,,,407,,,no nested pointer dereference source found
cwe119__04_non_vulnerable_06_non-vulnerable_63,sink_bound_guard,bad,failed,0,,False,0.0005112715298309922,,,216,,,407,,,no sensitive sink call found for bound guard insertion
cwe119__04_non_vulnerable_06_non-vulnerable_63,postcondition_validation,bad,failed,0,,False,0.0005112715298309922,,,216,,,407,,,no matching *_count/*_read pair found for postcondition validation
cwe119__04_non_vulnerable_06_non-vulnerable_63,integer_overflow_guard,bad,failed,0,,False,0.0005112715298309922,,,216,,,407,,,no allocation size addition or multiplication expression found
cwe119__04_non_vulnerable_06_non-vulnerable_63,array_index_bound_guard,bad,success,0,0,False,0.0005112715298309922,0.0005112715298309922,0.0,216,238,22,407,438,31,
cwe119__04_non_vulnerable_06_non-vulnerable_63,wide_char_sink_guard,bad,failed,0,,False,0.0005112715298309922,,,216,,,407,,,no wcscat/wcscpy wide-character sink found
cwe119__04_non_vulnerable_06_non-vulnerable_63,pattern_dead_code,bad,success,0,0,False,0.0005112715298309922,0.0005112715298309922,0.0,216,271,55,407,508,101,
cwe119__04_non_vulnerable_06_non-vulnerable_63,control_wrapper,bad,success,0,0,False,0.0005112715298309922,0.0005112715298309922,0.0,216,220,4,407,416,9,
cwe119__04_non_vulnerable_06_non-vulnerable_63,temp_variable_split,bad,success,0,0,False,0.0005112715298309922,0.0005112715298309922,0.0,216,224,8,407,425,18,
cwe119__05_non_vulnerable_07_non-vulnerable_41,data_flow_alias,bad,success,0,0,False,0.0005112715298309922,0.0005112715298309922,0.0,300,314,14,557,610,53,
cwe119__05_non_vulnerable_07_non-vulnerable_41,dead_statement,bad,success,0,0,False,0.0005112715298309922,0.0005112715298309922,0.0,300,312,12,557,584,27,
cwe119__05_non_vulnerable_07_non-vulnerable_41,xfg_targeted_dead_code,bad,success,0,0,False,0.0005112715298309922,0.0005112715298309922,0.0,300,316,16,557,593,36,
cwe119__05_non_vulnerable_07_non-vulnerable_41,range_clamp,bad,failed,0,,False,0.0005112715298309922,,,300,,,557,,,no sensitive call with a clampable size/count argument found
cwe119__05_non_vulnerable_07_non-vulnerable_41,safe_source_substitution,bad,failed,0,,False,0.0005112715298309922,,,300,,,557,,,no nested pointer dereference source found
cwe119__05_non_vulnerable_07_non-vulnerable_41,sink_bound_guard,bad,failed,0,,False,0.0005112715298309922,,,300,,,557,,,no sensitive sink call found for bound guard insertion
cwe119__05_non_vulnerable_07_non-vulnerable_41,postcondition_validation,bad,failed,0,,False,0.0005112715298309922,,,300,,,557,,,no matching *_count/*_read pair found for postcondition validation
cwe119__05_non_vulnerable_07_non-vulnerable_41,integer_overflow_guard,bad,failed,0,,False,0.0005112715298309922,,,300,,,557,,,no allocation size addition or multiplication expression found
cwe119__05_non_vulnerable_07_non-vulnerable_41,array_index_bound_guard,bad,failed,0,,False,0.0005112715298309922,,,300,,,557,,,no array write found for index bound guard
cwe119__05_non_vulnerable_07_non-vulnerable_41,wide_char_sink_guard,bad,failed,0,,False,0.0005112715298309922,,,300,,,557,,,no wcscat/wcscpy wide-character sink found
cwe119__05_non_vulnerable_07_non-vulnerable_41,pattern_dead_code,bad,success,0,0,False,0.0005112715298309922,0.0005112715298309922,0.0,300,355,55,557,658,101,
cwe119__05_non_vulnerable_07_non-vulnerable_41,control_wrapper,bad,success,0,0,False,0.0005112715298309922,0.0005112715298309922,0.0,300,304,4,557,569,12,
cwe119__05_non_vulnerable_07_non-vulnerable_41,temp_variable_split,bad,success,0,0,False,0.0005112715298309922,0.0005112715298309922,0.0,300,308,8,557,575,18,
cwe119__06_non_vulnerable_08_non-vulnerable_32,data_flow_alias,CWE122_Heap_Based_Buffer_Overflow__c_CWE805_int64_t_memcpy_68_bad,success,0,0,False,0.0005112715298309922,0.0005112715298309922,0.0,182,200,18,301,358,57,
cwe119__06_non_vulnerable_08_non-vulnerable_32,dead_statement,CWE122_Heap_Based_Buffer_Overflow__c_CWE805_int64_t_memcpy_68_bad,success,0,0,False,0.0005112715298309922,0.0005112715298309922,0.0,182,194,12,301,328,27,
cwe119__06_non_vulnerable_08_non-vulnerable_32,xfg_targeted_dead_code,CWE122_Heap_Based_Buffer_Overflow__c_CWE805_int64_t_memcpy_68_bad,success,0,0,False,0.0005112715298309922,0.0005112715298309922,0.0,182,198,16,301,337,36,
cwe119__06_non_vulnerable_08_non-vulnerable_32,range_clamp,CWE122_Heap_Based_Buffer_Overflow__c_CWE805_int64_t_memcpy_68_bad,failed,0,,False,0.0005112715298309922,,,182,,,301,,,no sensitive call with a clampable size/count argument found
cwe119__06_non_vulnerable_08_non-vulnerable_32,safe_source_substitution,CWE122_Heap_Based_Buffer_Overflow__c_CWE805_int64_t_memcpy_68_bad,failed,0,,False,0.0005112715298309922,,,182,,,301,,,no nested pointer dereference source found
cwe119__06_non_vulnerable_08_non-vulnerable_32,sink_bound_guard,CWE122_Heap_Based_Buffer_Overflow__c_CWE805_int64_t_memcpy_68_bad,failed,0,,False,0.0005112715298309922,,,182,,,301,,,no sensitive sink call found for bound guard insertion
cwe119__06_non_vulnerable_08_non-vulnerable_32,postcondition_validation,CWE122_Heap_Based_Buffer_Overflow__c_CWE805_int64_t_memcpy_68_bad,failed,0,,False,0.0005112715298309922,,,182,,,301,,,no matching *_count/*_read pair found for postcondition validation
cwe119__06_non_vulnerable_08_non-vulnerable_32,integer_overflow_guard,CWE122_Heap_Based_Buffer_Overflow__c_CWE805_int64_t_memcpy_68_bad,failed,0,,False,0.0005112715298309922,,,182,,,301,,,no allocation size addition or multiplication expression found
cwe119__06_non_vulnerable_08_non-vulnerable_32,array_index_bound_guard,CWE122_Heap_Based_Buffer_Overflow__c_CWE805_int64_t_memcpy_68_bad,failed,0,,False,0.0005112715298309922,,,182,,,301,,,no array write found for index bound guard
cwe119__06_non_vulnerable_08_non-vulnerable_32,wide_char_sink_guard,CWE122_Heap_Based_Buffer_Overflow__c_CWE805_int64_t_memcpy_68_bad,failed,0,,False,0.0005112715298309922,,,182,,,301,,,no wcscat/wcscpy wide-character sink found
cwe119__06_non_vulnerable_08_non-vulnerable_32,pattern_dead_code,CWE122_Heap_Based_Buffer_Overflow__c_CWE805_int64_t_memcpy_68_bad,success,0,0,False,0.0005112715298309922,0.0005112715298309922,0.0,182,237,55,301,402,101,
cwe119__06_non_vulnerable_08_non-vulnerable_32,control_wrapper,CWE122_Heap_Based_Buffer_Overflow__c_CWE805_int64_t_memcpy_68_bad,success,0,0,False,0.0005112715298309922,0.0005112715298309922,0.0,182,186,4,301,310,9,
cwe119__06_non_vulnerable_08_non-vulnerable_32,temp_variable_split,CWE122_Heap_Based_Buffer_Overflow__c_CWE805_int64_t_memcpy_68_bad,success,0,0,False,0.0005112715298309922,0.0005112715298309922,0.0,182,190,8,301,319,18,
cwe119__07_non_vulnerable_09_non-vulnerable_83,data_flow_alias,bad,success,1,1,False,0.5337396860122681,0.5337396860122681,0.0,306,324,18,584,641,57,
cwe119__07_non_vulnerable_09_non-vulnerable_83,dead_statement,bad,success,1,1,False,0.5337396860122681,0.5337396860122681,0.0,306,318,12,584,611,27,
cwe119__07_non_vulnerable_09_non-vulnerable_83,xfg_targeted_dead_code,bad,success,1,1,False,0.5337396860122681,0.5337396860122681,0.0,306,322,16,584,620,36,
cwe119__07_non_vulnerable_09_non-vulnerable_83,range_clamp,bad,failed,1,,False,0.5337396860122681,,,306,,,584,,,no sensitive call with a clampable size/count argument found
cwe119__07_non_vulnerable_09_non-vulnerable_83,safe_source_substitution,bad,failed,1,,False,0.5337396860122681,,,306,,,584,,,no nested pointer dereference source found
cwe119__07_non_vulnerable_09_non-vulnerable_83,sink_bound_guard,bad,failed,1,,False,0.5337396860122681,,,306,,,584,,,no sensitive sink call found for bound guard insertion
cwe119__07_non_vulnerable_09_non-vulnerable_83,postcondition_validation,bad,failed,1,,False,0.5337396860122681,,,306,,,584,,,no matching *_count/*_read pair found for postcondition validation
cwe119__07_non_vulnerable_09_non-vulnerable_83,integer_overflow_guard,bad,failed,1,,False,0.5337396860122681,,,306,,,584,,,no allocation size addition or multiplication expression found
cwe119__07_non_vulnerable_09_non-vulnerable_83,array_index_bound_guard,bad,success,1,1,False,0.5337396860122681,0.5337396860122681,0.0,306,328,22,584,615,31,
cwe119__07_non_vulnerable_09_non-vulnerable_83,wide_char_sink_guard,bad,failed,1,,False,0.5337396860122681,,,306,,,584,,,no wcscat/wcscpy wide-character sink found
cwe119__07_non_vulnerable_09_non-vulnerable_83,pattern_dead_code,bad,success,1,1,False,0.5337396860122681,0.5337396860122681,0.0,306,361,55,584,685,101,
cwe119__07_non_vulnerable_09_non-vulnerable_83,control_wrapper,bad,success,1,1,False,0.5337396860122681,0.5337396860122681,0.0,306,310,4,584,593,9,
cwe119__07_non_vulnerable_09_non-vulnerable_83,temp_variable_split,bad,success,1,1,False,0.5337396860122681,0.5337396860122681,0.0,306,314,8,584,602,18,
cwe119__08_non_vulnerable_10_non-vulnerable_43,data_flow_alias,bad,success,1,1,False,0.9253555536270142,0.9253555536270142,0.0,224,244,20,441,479,38,
cwe119__08_non_vulnerable_10_non-vulnerable_43,dead_statement,bad,success,1,1,False,0.9253555536270142,0.9253555536270142,0.0,224,236,12,441,468,27,
cwe119__08_non_vulnerable_10_non-vulnerable_43,xfg_targeted_dead_code,bad,success,1,1,False,0.9253555536270142,0.8145262598991394,-0.11082929372787476,224,240,16,441,477,36,
cwe119__08_non_vulnerable_10_non-vulnerable_43,range_clamp,bad,failed,1,,False,0.9253555536270142,,,224,,,441,,,no sensitive call with a clampable size/count argument found
cwe119__08_non_vulnerable_10_non-vulnerable_43,safe_source_substitution,bad,failed,1,,False,0.9253555536270142,,,224,,,441,,,no nested pointer dereference source found
cwe119__08_non_vulnerable_10_non-vulnerable_43,sink_bound_guard,bad,failed,1,,False,0.9253555536270142,,,224,,,441,,,no sensitive sink call found for bound guard insertion
cwe119__08_non_vulnerable_10_non-vulnerable_43,postcondition_validation,bad,failed,1,,False,0.9253555536270142,,,224,,,441,,,no matching *_count/*_read pair found for postcondition validation
cwe119__08_non_vulnerable_10_non-vulnerable_43,integer_overflow_guard,bad,failed,1,,False,0.9253555536270142,,,224,,,441,,,no allocation size addition or multiplication expression found
cwe119__08_non_vulnerable_10_non-vulnerable_43,array_index_bound_guard,bad,success,1,1,False,0.9253555536270142,0.9253555536270142,0.0,224,246,22,441,472,31,
cwe119__08_non_vulnerable_10_non-vulnerable_43,wide_char_sink_guard,bad,failed,1,,False,0.9253555536270142,,,224,,,441,,,no wcscat/wcscpy wide-character sink found
cwe119__08_non_vulnerable_10_non-vulnerable_43,pattern_dead_code,bad,success,1,1,False,0.9253555536270142,0.9253555536270142,0.0,224,279,55,441,542,101,
cwe119__08_non_vulnerable_10_non-vulnerable_43,control_wrapper,bad,success,1,1,False,0.9253555536270142,0.990166425704956,0.0648108720779419,224,228,4,441,454,13,
cwe119__08_non_vulnerable_10_non-vulnerable_43,temp_variable_split,bad,success,1,1,False,0.9253555536270142,0.9106413722038269,-0.014714181423187256,224,232,8,441,459,18,
cwe119__09_vulnerable_CWE121_Stack_Based_Buffer_Overflow__,data_flow_alias,unknown,failed,0,,False,0.1622048318386078,,,60,,,100,,,no simple integer-like assignment candidate found
cwe119__09_vulnerable_CWE121_Stack_Based_Buffer_Overflow__,dead_statement,unknown,failed,0,,False,0.1622048318386078,,,60,,,100,,,no function body opening brace found
cwe119__09_vulnerable_CWE121_Stack_Based_Buffer_Overflow__,xfg_targeted_dead_code,unknown,failed,0,,False,0.1622048318386078,,,60,,,100,,,"no sensitive, pointer, array, or arithmetic target line found"
cwe119__09_vulnerable_CWE121_Stack_Based_Buffer_Overflow__,range_clamp,unknown,failed,0,,False,0.1622048318386078,,,60,,,100,,,no sensitive call with a clampable size/count argument found
cwe119__09_vulnerable_CWE121_Stack_Based_Buffer_Overflow__,safe_source_substitution,unknown,failed,0,,False,0.1622048318386078,,,60,,,100,,,no function body opening brace found
cwe119__09_vulnerable_CWE121_Stack_Based_Buffer_Overflow__,sink_bound_guard,unknown,failed,0,,False,0.1622048318386078,,,60,,,100,,,no sensitive sink call found for bound guard insertion
cwe119__09_vulnerable_CWE121_Stack_Based_Buffer_Overflow__,postcondition_validation,unknown,failed,0,,False,0.1622048318386078,,,60,,,100,,,no matching *_count/*_read pair found for postcondition validation
cwe119__09_vulnerable_CWE121_Stack_Based_Buffer_Overflow__,integer_overflow_guard,unknown,failed,0,,False,0.1622048318386078,,,60,,,100,,,no function body opening brace found
cwe119__09_vulnerable_CWE121_Stack_Based_Buffer_Overflow__,array_index_bound_guard,unknown,failed,0,,False,0.1622048318386078,,,60,,,100,,,no array write found for index bound guard
cwe119__09_vulnerable_CWE121_Stack_Based_Buffer_Overflow__,wide_char_sink_guard,unknown,failed,0,,False,0.1622048318386078,,,60,,,100,,,no wcscat/wcscpy wide-character sink found
cwe119__09_vulnerable_CWE121_Stack_Based_Buffer_Overflow__,pattern_dead_code,unknown,failed,0,,False,0.1622048318386078,,,60,,,100,,,no function body opening brace found
cwe119__09_vulnerable_CWE121_Stack_Based_Buffer_Overflow__,control_wrapper,unknown,failed,0,,False,0.1622048318386078,,,60,,,100,,,no safe single-line statement candidate found
cwe119__09_vulnerable_CWE121_Stack_Based_Buffer_Overflow__,temp_variable_split,unknown,failed,0,,False,0.1622048318386078,,,60,,,100,,,no simple integer-like assignment candidate found
cwe119__10_non_vulnerable_CWE121_Stack_Based_Buffer_Overflow__,data_flow_alias,unknown,failed,0,,False,0.1622048318386078,,,60,,,100,,,no simple integer-like assignment candidate found
cwe119__10_non_vulnerable_CWE121_Stack_Based_Buffer_Overflow__,dead_statement,unknown,failed,0,,False,0.1622048318386078,,,60,,,100,,,no function body opening brace found
cwe119__10_non_vulnerable_CWE121_Stack_Based_Buffer_Overflow__,xfg_targeted_dead_code,unknown,failed,0,,False,0.1622048318386078,,,60,,,100,,,"no sensitive, pointer, array, or arithmetic target line found"
cwe119__10_non_vulnerable_CWE121_Stack_Based_Buffer_Overflow__,range_clamp,unknown,failed,0,,False,0.1622048318386078,,,60,,,100,,,no sensitive call with a clampable size/count argument found
cwe119__10_non_vulnerable_CWE121_Stack_Based_Buffer_Overflow__,safe_source_substitution,unknown,failed,0,,False,0.1622048318386078,,,60,,,100,,,no function body opening brace found
cwe119__10_non_vulnerable_CWE121_Stack_Based_Buffer_Overflow__,sink_bound_guard,unknown,failed,0,,False,0.1622048318386078,,,60,,,100,,,no sensitive sink call found for bound guard insertion
cwe119__10_non_vulnerable_CWE121_Stack_Based_Buffer_Overflow__,postcondition_validation,unknown,failed,0,,False,0.1622048318386078,,,60,,,100,,,no matching *_count/*_read pair found for postcondition validation
cwe119__10_non_vulnerable_CWE121_Stack_Based_Buffer_Overflow__,integer_overflow_guard,unknown,failed,0,,False,0.1622048318386078,,,60,,,100,,,no function body opening brace found
cwe119__10_non_vulnerable_CWE121_Stack_Based_Buffer_Overflow__,array_index_bound_guard,unknown,failed,0,,False,0.1622048318386078,,,60,,,100,,,no array write found for index bound guard
cwe119__10_non_vulnerable_CWE121_Stack_Based_Buffer_Overflow__,wide_char_sink_guard,unknown,failed,0,,False,0.1622048318386078,,,60,,,100,,,no wcscat/wcscpy wide-character sink found
cwe119__10_non_vulnerable_CWE121_Stack_Based_Buffer_Overflow__,pattern_dead_code,unknown,failed,0,,False,0.1622048318386078,,,60,,,100,,,no function body opening brace found
cwe119__10_non_vulnerable_CWE121_Stack_Based_Buffer_Overflow__,control_wrapper,unknown,failed,0,,False,0.1622048318386078,,,60,,,100,,,no safe single-line statement candidate found
cwe119__10_non_vulnerable_CWE121_Stack_Based_Buffer_Overflow__,temp_variable_split,unknown,failed,0,,False,0.1622048318386078,,,60,,,100,,,no simple integer-like assignment candidate found
cwe119__11_vulnerable_CWE121_Stack_Based_Buffer_Overflow__,data_flow_alias,unknown,success,0,0,False,0.3324128985404968,0.3324128985404968,0.0,60,80,20,100,138,38,
cwe119__11_vulnerable_CWE121_Stack_Based_Buffer_Overflow__,dead_statement,unknown,success,0,0,False,0.3324128985404968,0.3324128985404968,0.0,60,72,12,100,127,27,
cwe119__11_vulnerable_CWE121_Stack_Based_Buffer_Overflow__,xfg_targeted_dead_code,unknown,success,0,0,False,0.3324128985404968,0.3324128985404968,0.0,60,76,16,100,136,36,
cwe119__11_vulnerable_CWE121_Stack_Based_Buffer_Overflow__,range_clamp,unknown,success,0,0,False,0.3324128985404968,0.0007418800960294902,-0.33167101844446734,60,90,30,100,170,70,
cwe119__11_vulnerable_CWE121_Stack_Based_Buffer_Overflow__,safe_source_substitution,unknown,failed,0,,False,0.3324128985404968,,,60,,,100,,,no nested pointer dereference source found
cwe119__11_vulnerable_CWE121_Stack_Based_Buffer_Overflow__,sink_bound_guard,unknown,success,0,0,False,0.3324128985404968,0.20038580894470215,-0.13202708959579468,60,79,19,100,132,32,
cwe119__11_vulnerable_CWE121_Stack_Based_Buffer_Overflow__,postcondition_validation,unknown,failed,0,,False,0.3324128985404968,,,60,,,100,,,no matching *_count/*_read pair found for postcondition validation
cwe119__11_vulnerable_CWE121_Stack_Based_Buffer_Overflow__,integer_overflow_guard,unknown,failed,0,,False,0.3324128985404968,,,60,,,100,,,no allocation size addition or multiplication expression found
cwe119__11_vulnerable_CWE121_Stack_Based_Buffer_Overflow__,array_index_bound_guard,unknown,failed,0,,False,0.3324128985404968,,,60,,,100,,,no array write found for index bound guard
cwe119__11_vulnerable_CWE121_Stack_Based_Buffer_Overflow__,wide_char_sink_guard,unknown,failed,0,,False,0.3324128985404968,,,60,,,100,,,no wcscat/wcscpy wide-character sink found
cwe119__11_vulnerable_CWE121_Stack_Based_Buffer_Overflow__,pattern_dead_code,unknown,success,0,0,False,0.3324128985404968,0.3324128985404968,0.0,60,115,55,100,201,101,
cwe119__11_vulnerable_CWE121_Stack_Based_Buffer_Overflow__,control_wrapper,unknown,success,0,0,False,0.3324128985404968,0.1959439367055893,-0.13646896183490753,60,64,4,100,109,9,
cwe119__11_vulnerable_CWE121_Stack_Based_Buffer_Overflow__,temp_variable_split,unknown,failed,0,,False,0.3324128985404968,,,60,,,100,,,no simple integer-like assignment candidate found
cwe119__12_non_vulnerable_CWE121_Stack_Based_Buffer_Overflow__,data_flow_alias,unknown,success,0,0,False,0.3324128985404968,0.3324128985404968,0.0,60,80,20,100,138,38,
cwe119__12_non_vulnerable_CWE121_Stack_Based_Buffer_Overflow__,dead_statement,unknown,success,0,0,False,0.3324128985404968,0.3324128985404968,0.0,60,72,12,100,127,27,
cwe119__12_non_vulnerable_CWE121_Stack_Based_Buffer_Overflow__,xfg_targeted_dead_code,unknown,success,0,0,False,0.3324128985404968,0.3324128985404968,0.0,60,76,16,100,136,36,
cwe119__12_non_vulnerable_CWE121_Stack_Based_Buffer_Overflow__,range_clamp,unknown,success,0,0,False,0.3324128985404968,0.0007418800960294902,-0.33167101844446734,60,90,30,100,170,70,
cwe119__12_non_vulnerable_CWE121_Stack_Based_Buffer_Overflow__,safe_source_substitution,unknown,failed,0,,False,0.3324128985404968,,,60,,,100,,,no nested pointer dereference source found
cwe119__12_non_vulnerable_CWE121_Stack_Based_Buffer_Overflow__,sink_bound_guard,unknown,success,0,0,False,0.3324128985404968,0.20038580894470215,-0.13202708959579468,60,79,19,100,132,32,
cwe119__12_non_vulnerable_CWE121_Stack_Based_Buffer_Overflow__,postcondition_validation,unknown,failed,0,,False,0.3324128985404968,,,60,,,100,,,no matching *_count/*_read pair found for postcondition validation
cwe119__12_non_vulnerable_CWE121_Stack_Based_Buffer_Overflow__,integer_overflow_guard,unknown,failed,0,,False,0.3324128985404968,,,60,,,100,,,no allocation size addition or multiplication expression found
cwe119__12_non_vulnerable_CWE121_Stack_Based_Buffer_Overflow__,array_index_bound_guard,unknown,failed,0,,False,0.3324128985404968,,,60,,,100,,,no array write found for index bound guard
cwe119__12_non_vulnerable_CWE121_Stack_Based_Buffer_Overflow__,wide_char_sink_guard,unknown,failed,0,,False,0.3324128985404968,,,60,,,100,,,no wcscat/wcscpy wide-character sink found
cwe119__12_non_vulnerable_CWE121_Stack_Based_Buffer_Overflow__,pattern_dead_code,unknown,success,0,0,False,0.3324128985404968,0.3324128985404968,0.0,60,115,55,100,201,101,
cwe119__12_non_vulnerable_CWE121_Stack_Based_Buffer_Overflow__,control_wrapper,unknown,success,0,0,False,0.3324128985404968,0.1959439367055893,-0.13646896183490753,60,64,4,100,109,9,
cwe119__12_non_vulnerable_CWE121_Stack_Based_Buffer_Overflow__,temp_variable_split,unknown,failed,0,,False,0.3324128985404968,,,60,,,100,,,no simple integer-like assignment candidate found
cwe119__13_vulnerable_CWE121_Stack_Based_Buffer_Overflow__,data_flow_alias,unknown,success,0,0,False,0.47094735503196716,0.47094735503196716,0.0,94,114,20,158,196,38,
cwe119__13_vulnerable_CWE121_Stack_Based_Buffer_Overflow__,dead_statement,unknown,success,0,0,False,0.47094735503196716,0.47094735503196716,0.0,94,106,12,158,185,27,
cwe119__13_vulnerable_CWE121_Stack_Based_Buffer_Overflow__,xfg_targeted_dead_code,unknown,success,0,0,False,0.47094735503196716,0.47094735503196716,0.0,94,110,16,158,194,36,
cwe119__13_vulnerable_CWE121_Stack_Based_Buffer_Overflow__,range_clamp,unknown,success,0,0,False,0.47094735503196716,0.0007418786990456283,-0.47020547633292153,94,124,30,158,227,69,
cwe119__13_vulnerable_CWE121_Stack_Based_Buffer_Overflow__,safe_source_substitution,unknown,failed,0,,False,0.47094735503196716,,,94,,,158,,,no nested pointer dereference source found
cwe119__13_vulnerable_CWE121_Stack_Based_Buffer_Overflow__,sink_bound_guard,unknown,success,0,1,True,0.47094735503196716,0.6231933236122131,0.15224596858024597,94,113,19,158,189,31,
cwe119__13_vulnerable_CWE121_Stack_Based_Buffer_Overflow__,postcondition_validation,unknown,failed,0,,False,0.47094735503196716,,,94,,,158,,,no matching *_count/*_read pair found for postcondition validation
cwe119__13_vulnerable_CWE121_Stack_Based_Buffer_Overflow__,integer_overflow_guard,unknown,failed,0,,False,0.47094735503196716,,,94,,,158,,,no allocation size addition or multiplication expression found
cwe119__13_vulnerable_CWE121_Stack_Based_Buffer_Overflow__,array_index_bound_guard,unknown,failed,0,,False,0.47094735503196716,,,94,,,158,,,no array write found for index bound guard
cwe119__13_vulnerable_CWE121_Stack_Based_Buffer_Overflow__,wide_char_sink_guard,unknown,failed,0,,False,0.47094735503196716,,,94,,,158,,,no wcscat/wcscpy wide-character sink found
cwe119__13_vulnerable_CWE121_Stack_Based_Buffer_Overflow__,pattern_dead_code,unknown,success,0,0,False,0.47094735503196716,0.47094738483428955,2.9802322387695312e-08,94,149,55,158,259,101,
cwe119__13_vulnerable_CWE121_Stack_Based_Buffer_Overflow__,control_wrapper,unknown,success,0,0,False,0.47094735503196716,0.47094735503196716,0.0,94,98,4,158,167,9,
cwe119__13_vulnerable_CWE121_Stack_Based_Buffer_Overflow__,temp_variable_split,unknown,success,0,0,False,0.47094735503196716,0.47094735503196716,0.0,94,102,8,158,176,18,
cwe119__14_non_vulnerable_CWE121_Stack_Based_Buffer_Overflow__,data_flow_alias,unknown,success,0,0,False,0.47094735503196716,0.47094735503196716,0.0,94,114,20,158,196,38,
cwe119__14_non_vulnerable_CWE121_Stack_Based_Buffer_Overflow__,dead_statement,unknown,success,0,0,False,0.47094735503196716,0.47094735503196716,0.0,94,106,12,158,185,27,
cwe119__14_non_vulnerable_CWE121_Stack_Based_Buffer_Overflow__,xfg_targeted_dead_code,unknown,success,0,0,False,0.47094735503196716,0.47094735503196716,0.0,94,110,16,158,194,36,
cwe119__14_non_vulnerable_CWE121_Stack_Based_Buffer_Overflow__,range_clamp,unknown,success,0,0,False,0.47094735503196716,0.0007418786990456283,-0.47020547633292153,94,124,30,158,227,69,
cwe119__14_non_vulnerable_CWE121_Stack_Based_Buffer_Overflow__,safe_source_substitution,unknown,failed,0,,False,0.47094735503196716,,,94,,,158,,,no nested pointer dereference source found
cwe119__14_non_vulnerable_CWE121_Stack_Based_Buffer_Overflow__,sink_bound_guard,unknown,success,0,1,True,0.47094735503196716,0.6231933236122131,0.15224596858024597,94,113,19,158,189,31,
cwe119__14_non_vulnerable_CWE121_Stack_Based_Buffer_Overflow__,postcondition_validation,unknown,failed,0,,False,0.47094735503196716,,,94,,,158,,,no matching *_count/*_read pair found for postcondition validation
cwe119__14_non_vulnerable_CWE121_Stack_Based_Buffer_Overflow__,integer_overflow_guard,unknown,failed,0,,False,0.47094735503196716,,,94,,,158,,,no allocation size addition or multiplication expression found
cwe119__14_non_vulnerable_CWE121_Stack_Based_Buffer_Overflow__,array_index_bound_guard,unknown,failed,0,,False,0.47094735503196716,,,94,,,158,,,no array write found for index bound guard
cwe119__14_non_vulnerable_CWE121_Stack_Based_Buffer_Overflow__,wide_char_sink_guard,unknown,failed,0,,False,0.47094735503196716,,,94,,,158,,,no wcscat/wcscpy wide-character sink found
cwe119__14_non_vulnerable_CWE121_Stack_Based_Buffer_Overflow__,pattern_dead_code,unknown,success,0,0,False,0.47094735503196716,0.47094738483428955,2.9802322387695312e-08,94,149,55,158,259,101,
cwe119__14_non_vulnerable_CWE121_Stack_Based_Buffer_Overflow__,control_wrapper,unknown,success,0,0,False,0.47094735503196716,0.47094735503196716,0.0,94,98,4,158,167,9,
cwe119__14_non_vulnerable_CWE121_Stack_Based_Buffer_Overflow__,temp_variable_split,unknown,success,0,0,False,0.47094735503196716,0.47094735503196716,0.0,94,102,8,158,176,18,
cwe119__15_vulnerable_CWE121_Stack_Based_Buffer_Overflow__,data_flow_alias,unknown,success,0,0,False,0.47094735503196716,0.47094735503196716,0.0,94,114,20,158,196,38,
cwe119__15_vulnerable_CWE121_Stack_Based_Buffer_Overflow__,dead_statement,unknown,success,0,0,False,0.47094735503196716,0.47094735503196716,0.0,94,106,12,158,185,27,
cwe119__15_vulnerable_CWE121_Stack_Based_Buffer_Overflow__,xfg_targeted_dead_code,unknown,success,0,0,False,0.47094735503196716,0.47094735503196716,0.0,94,110,16,158,194,36,
cwe119__15_vulnerable_CWE121_Stack_Based_Buffer_Overflow__,range_clamp,unknown,success,0,0,False,0.47094735503196716,0.0007418786990456283,-0.47020547633292153,94,124,30,158,227,69,
cwe119__15_vulnerable_CWE121_Stack_Based_Buffer_Overflow__,safe_source_substitution,unknown,failed,0,,False,0.47094735503196716,,,94,,,158,,,no nested pointer dereference source found
cwe119__15_vulnerable_CWE121_Stack_Based_Buffer_Overflow__,sink_bound_guard,unknown,success,0,1,True,0.47094735503196716,0.6231933236122131,0.15224596858024597,94,113,19,158,189,31,
cwe119__15_vulnerable_CWE121_Stack_Based_Buffer_Overflow__,postcondition_validation,unknown,failed,0,,False,0.47094735503196716,,,94,,,158,,,no matching *_count/*_read pair found for postcondition validation
cwe119__15_vulnerable_CWE121_Stack_Based_Buffer_Overflow__,integer_overflow_guard,unknown,failed,0,,False,0.47094735503196716,,,94,,,158,,,no allocation size addition or multiplication expression found
cwe119__15_vulnerable_CWE121_Stack_Based_Buffer_Overflow__,array_index_bound_guard,unknown,failed,0,,False,0.47094735503196716,,,94,,,158,,,no array write found for index bound guard
cwe119__15_vulnerable_CWE121_Stack_Based_Buffer_Overflow__,wide_char_sink_guard,unknown,failed,0,,False,0.47094735503196716,,,94,,,158,,,no wcscat/wcscpy wide-character sink found
cwe119__15_vulnerable_CWE121_Stack_Based_Buffer_Overflow__,pattern_dead_code,unknown,success,0,0,False,0.47094735503196716,0.47094738483428955,2.9802322387695312e-08,94,149,55,158,259,101,
cwe119__15_vulnerable_CWE121_Stack_Based_Buffer_Overflow__,control_wrapper,unknown,success,0,0,False,0.47094735503196716,0.47094735503196716,0.0,94,98,4,158,167,9,
cwe119__15_vulnerable_CWE121_Stack_Based_Buffer_Overflow__,temp_variable_split,unknown,success,0,0,False,0.47094735503196716,0.47094735503196716,0.0,94,102,8,158,176,18,
cwe119__16_non_vulnerable_CWE121_Stack_Based_Buffer_Overflow__,data_flow_alias,unknown,success,0,0,False,0.47094735503196716,0.47094735503196716,0.0,94,114,20,158,196,38,
cwe119__16_non_vulnerable_CWE121_Stack_Based_Buffer_Overflow__,dead_statement,unknown,success,0,0,False,0.47094735503196716,0.47094735503196716,0.0,94,106,12,158,185,27,
cwe119__16_non_vulnerable_CWE121_Stack_Based_Buffer_Overflow__,xfg_targeted_dead_code,unknown,success,0,0,False,0.47094735503196716,0.47094735503196716,0.0,94,110,16,158,194,36,
cwe119__16_non_vulnerable_CWE121_Stack_Based_Buffer_Overflow__,range_clamp,unknown,success,0,0,False,0.47094735503196716,0.0007418786990456283,-0.47020547633292153,94,124,30,158,227,69,
cwe119__16_non_vulnerable_CWE121_Stack_Based_Buffer_Overflow__,safe_source_substitution,unknown,failed,0,,False,0.47094735503196716,,,94,,,158,,,no nested pointer dereference source found
cwe119__16_non_vulnerable_CWE121_Stack_Based_Buffer_Overflow__,sink_bound_guard,unknown,success,0,1,True,0.47094735503196716,0.6231933236122131,0.15224596858024597,94,113,19,158,189,31,
cwe119__16_non_vulnerable_CWE121_Stack_Based_Buffer_Overflow__,postcondition_validation,unknown,failed,0,,False,0.47094735503196716,,,94,,,158,,,no matching *_count/*_read pair found for postcondition validation
cwe119__16_non_vulnerable_CWE121_Stack_Based_Buffer_Overflow__,integer_overflow_guard,unknown,failed,0,,False,0.47094735503196716,,,94,,,158,,,no allocation size addition or multiplication expression found
cwe119__16_non_vulnerable_CWE121_Stack_Based_Buffer_Overflow__,array_index_bound_guard,unknown,failed,0,,False,0.47094735503196716,,,94,,,158,,,no array write found for index bound guard
cwe119__16_non_vulnerable_CWE121_Stack_Based_Buffer_Overflow__,wide_char_sink_guard,unknown,failed,0,,False,0.47094735503196716,,,94,,,158,,,no wcscat/wcscpy wide-character sink found
cwe119__16_non_vulnerable_CWE121_Stack_Based_Buffer_Overflow__,pattern_dead_code,unknown,success,0,0,False,0.47094735503196716,0.47094738483428955,2.9802322387695312e-08,94,149,55,158,259,101,
cwe119__16_non_vulnerable_CWE121_Stack_Based_Buffer_Overflow__,control_wrapper,unknown,success,0,0,False,0.47094735503196716,0.47094735503196716,0.0,94,98,4,158,167,9,
cwe119__16_non_vulnerable_CWE121_Stack_Based_Buffer_Overflow__,temp_variable_split,unknown,success,0,0,False,0.47094735503196716,0.47094735503196716,0.0,94,102,8,158,176,18,
cwe119__17_vulnerable_CWE121_Stack_Based_Buffer_Overflow__,data_flow_alias,unknown,failed,0,,False,0.19318819046020508,,,56,,,96,,,no simple integer-like assignment candidate found
cwe119__17_vulnerable_CWE121_Stack_Based_Buffer_Overflow__,dead_statement,unknown,failed,0,,False,0.19318819046020508,,,56,,,96,,,no function body opening brace found
cwe119__17_vulnerable_CWE121_Stack_Based_Buffer_Overflow__,xfg_targeted_dead_code,unknown,failed,0,,False,0.19318819046020508,,,56,,,96,,,"no sensitive, pointer, array, or arithmetic target line found"
cwe119__17_vulnerable_CWE121_Stack_Based_Buffer_Overflow__,range_clamp,unknown,failed,0,,False,0.19318819046020508,,,56,,,96,,,no sensitive call with a clampable size/count argument found
cwe119__17_vulnerable_CWE121_Stack_Based_Buffer_Overflow__,safe_source_substitution,unknown,failed,0,,False,0.19318819046020508,,,56,,,96,,,no function body opening brace found
cwe119__17_vulnerable_CWE121_Stack_Based_Buffer_Overflow__,sink_bound_guard,unknown,failed,0,,False,0.19318819046020508,,,56,,,96,,,no sensitive sink call found for bound guard insertion
cwe119__17_vulnerable_CWE121_Stack_Based_Buffer_Overflow__,postcondition_validation,unknown,failed,0,,False,0.19318819046020508,,,56,,,96,,,no matching *_count/*_read pair found for postcondition validation
cwe119__17_vulnerable_CWE121_Stack_Based_Buffer_Overflow__,integer_overflow_guard,unknown,failed,0,,False,0.19318819046020508,,,56,,,96,,,no function body opening brace found
cwe119__17_vulnerable_CWE121_Stack_Based_Buffer_Overflow__,array_index_bound_guard,unknown,failed,0,,False,0.19318819046020508,,,56,,,96,,,no array write found for index bound guard
cwe119__17_vulnerable_CWE121_Stack_Based_Buffer_Overflow__,wide_char_sink_guard,unknown,failed,0,,False,0.19318819046020508,,,56,,,96,,,no wcscat/wcscpy wide-character sink found
cwe119__17_vulnerable_CWE121_Stack_Based_Buffer_Overflow__,pattern_dead_code,unknown,failed,0,,False,0.19318819046020508,,,56,,,96,,,no function body opening brace found
cwe119__17_vulnerable_CWE121_Stack_Based_Buffer_Overflow__,control_wrapper,unknown,failed,0,,False,0.19318819046020508,,,56,,,96,,,no safe single-line statement candidate found
cwe119__17_vulnerable_CWE121_Stack_Based_Buffer_Overflow__,temp_variable_split,unknown,failed,0,,False,0.19318819046020508,,,56,,,96,,,no simple integer-like assignment candidate found
cwe119__18_non_vulnerable_CWE121_Stack_Based_Buffer_Overflow__,data_flow_alias,unknown,failed,0,,False,0.19318819046020508,,,56,,,96,,,no simple integer-like assignment candidate found
cwe119__18_non_vulnerable_CWE121_Stack_Based_Buffer_Overflow__,dead_statement,unknown,failed,0,,False,0.19318819046020508,,,56,,,96,,,no function body opening brace found
cwe119__18_non_vulnerable_CWE121_Stack_Based_Buffer_Overflow__,xfg_targeted_dead_code,unknown,failed,0,,False,0.19318819046020508,,,56,,,96,,,"no sensitive, pointer, array, or arithmetic target line found"
cwe119__18_non_vulnerable_CWE121_Stack_Based_Buffer_Overflow__,range_clamp,unknown,failed,0,,False,0.19318819046020508,,,56,,,96,,,no sensitive call with a clampable size/count argument found
cwe119__18_non_vulnerable_CWE121_Stack_Based_Buffer_Overflow__,safe_source_substitution,unknown,failed,0,,False,0.19318819046020508,,,56,,,96,,,no function body opening brace found
cwe119__18_non_vulnerable_CWE121_Stack_Based_Buffer_Overflow__,sink_bound_guard,unknown,failed,0,,False,0.19318819046020508,,,56,,,96,,,no sensitive sink call found for bound guard insertion
cwe119__18_non_vulnerable_CWE121_Stack_Based_Buffer_Overflow__,postcondition_validation,unknown,failed,0,,False,0.19318819046020508,,,56,,,96,,,no matching *_count/*_read pair found for postcondition validation
cwe119__18_non_vulnerable_CWE121_Stack_Based_Buffer_Overflow__,integer_overflow_guard,unknown,failed,0,,False,0.19318819046020508,,,56,,,96,,,no function body opening brace found
cwe119__18_non_vulnerable_CWE121_Stack_Based_Buffer_Overflow__,array_index_bound_guard,unknown,failed,0,,False,0.19318819046020508,,,56,,,96,,,no array write found for index bound guard
cwe119__18_non_vulnerable_CWE121_Stack_Based_Buffer_Overflow__,wide_char_sink_guard,unknown,failed,0,,False,0.19318819046020508,,,56,,,96,,,no wcscat/wcscpy wide-character sink found
cwe119__18_non_vulnerable_CWE121_Stack_Based_Buffer_Overflow__,pattern_dead_code,unknown,failed,0,,False,0.19318819046020508,,,56,,,96,,,no function body opening brace found
cwe119__18_non_vulnerable_CWE121_Stack_Based_Buffer_Overflow__,control_wrapper,unknown,failed,0,,False,0.19318819046020508,,,56,,,96,,,no safe single-line statement candidate found
cwe119__18_non_vulnerable_CWE121_Stack_Based_Buffer_Overflow__,temp_variable_split,unknown,failed,0,,False,0.19318819046020508,,,56,,,96,,,no simple integer-like assignment candidate found
cwe119__19_vulnerable_CWE121_Stack_Based_Buffer_Overflow__,data_flow_alias,unknown,success,0,0,False,0.2631213366985321,0.2631230652332306,1.7285346984863281e-06,56,76,20,96,134,38,
cwe119__19_vulnerable_CWE121_Stack_Based_Buffer_Overflow__,dead_statement,unknown,success,0,0,False,0.2631213366985321,0.2631213366985321,0.0,56,68,12,96,123,27,
cwe119__19_vulnerable_CWE121_Stack_Based_Buffer_Overflow__,xfg_targeted_dead_code,unknown,success,0,0,False,0.2631213366985321,0.2631213366985321,0.0,56,72,16,96,132,36,
cwe119__19_vulnerable_CWE121_Stack_Based_Buffer_Overflow__,range_clamp,unknown,failed,0,,False,0.2631213366985321,,,56,,,96,,,no sensitive call with a clampable size/count argument found
cwe119__19_vulnerable_CWE121_Stack_Based_Buffer_Overflow__,safe_source_substitution,unknown,failed,0,,False,0.2631213366985321,,,56,,,96,,,no nested pointer dereference source found
cwe119__19_vulnerable_CWE121_Stack_Based_Buffer_Overflow__,sink_bound_guard,unknown,failed,0,,False,0.2631213366985321,,,56,,,96,,,no sensitive sink call found for bound guard insertion
cwe119__19_vulnerable_CWE121_Stack_Based_Buffer_Overflow__,postcondition_validation,unknown,failed,0,,False,0.2631213366985321,,,56,,,96,,,no matching *_count/*_read pair found for postcondition validation
cwe119__19_vulnerable_CWE121_Stack_Based_Buffer_Overflow__,integer_overflow_guard,unknown,failed,0,,False,0.2631213366985321,,,56,,,96,,,no allocation size addition or multiplication expression found
cwe119__19_vulnerable_CWE121_Stack_Based_Buffer_Overflow__,array_index_bound_guard,unknown,failed,0,,False,0.2631213366985321,,,56,,,96,,,no array write found for index bound guard
cwe119__19_vulnerable_CWE121_Stack_Based_Buffer_Overflow__,wide_char_sink_guard,unknown,failed,0,,False,0.2631213366985321,,,56,,,96,,,no wcscat/wcscpy wide-character sink found
cwe119__19_vulnerable_CWE121_Stack_Based_Buffer_Overflow__,pattern_dead_code,unknown,success,0,0,False,0.2631213366985321,0.26312312483787537,1.7881393432617188e-06,56,111,55,96,197,101,
cwe119__19_vulnerable_CWE121_Stack_Based_Buffer_Overflow__,control_wrapper,unknown,success,0,0,False,0.2631213366985321,0.16997572779655457,-0.09314560890197754,56,60,4,96,105,9,
cwe119__19_vulnerable_CWE121_Stack_Based_Buffer_Overflow__,temp_variable_split,unknown,failed,0,,False,0.2631213366985321,,,56,,,96,,,no simple integer-like assignment candidate found
cwe119__20_vulnerable_CWE121_Stack_Based_Buffer_Overflow__,data_flow_alias,unknown,success,0,0,False,0.4551286995410919,0.4551287591457367,5.960464477539063e-08,90,110,20,154,192,38,
cwe119__20_vulnerable_CWE121_Stack_Based_Buffer_Overflow__,dead_statement,unknown,success,0,0,False,0.4551286995410919,0.4551286995410919,0.0,90,102,12,154,181,27,
cwe119__20_vulnerable_CWE121_Stack_Based_Buffer_Overflow__,xfg_targeted_dead_code,unknown,success,0,0,False,0.4551286995410919,0.4551286995410919,0.0,90,106,16,154,190,36,
cwe119__20_vulnerable_CWE121_Stack_Based_Buffer_Overflow__,range_clamp,unknown,failed,0,,False,0.4551286995410919,,,90,,,154,,,no sensitive call with a clampable size/count argument found
cwe119__20_vulnerable_CWE121_Stack_Based_Buffer_Overflow__,safe_source_substitution,unknown,failed,0,,False,0.4551286995410919,,,90,,,154,,,no nested pointer dereference source found
cwe119__20_vulnerable_CWE121_Stack_Based_Buffer_Overflow__,sink_bound_guard,unknown,failed,0,,False,0.4551286995410919,,,90,,,154,,,no sensitive sink call found for bound guard insertion
cwe119__20_vulnerable_CWE121_Stack_Based_Buffer_Overflow__,postcondition_validation,unknown,failed,0,,False,0.4551286995410919,,,90,,,154,,,no matching *_count/*_read pair found for postcondition validation
cwe119__20_vulnerable_CWE121_Stack_Based_Buffer_Overflow__,integer_overflow_guard,unknown,failed,0,,False,0.4551286995410919,,,90,,,154,,,no allocation size addition or multiplication expression found
cwe119__20_vulnerable_CWE121_Stack_Based_Buffer_Overflow__,array_index_bound_guard,unknown,failed,0,,False,0.4551286995410919,,,90,,,154,,,no array write found for index bound guard
cwe119__20_vulnerable_CWE121_Stack_Based_Buffer_Overflow__,wide_char_sink_guard,unknown,failed,0,,False,0.4551286995410919,,,90,,,154,,,no wcscat/wcscpy wide-character sink found
cwe119__20_vulnerable_CWE121_Stack_Based_Buffer_Overflow__,pattern_dead_code,unknown,success,0,0,False,0.4551286995410919,0.4551287591457367,5.960464477539063e-08,90,145,55,154,255,101,
cwe119__20_vulnerable_CWE121_Stack_Based_Buffer_Overflow__,control_wrapper,unknown,success,0,0,False,0.4551286995410919,0.4551286995410919,0.0,90,94,4,154,163,9,
cwe119__20_vulnerable_CWE121_Stack_Based_Buffer_Overflow__,temp_variable_split,unknown,success,0,0,False,0.4551286995410919,0.4551286995410919,0.0,90,98,8,154,172,18,
devign__01_vulnerable_static_uint32_t_sh_serial_ioport_rea,data_flow_alias,sh_serial_ioport_read,success,0,0,False,3.894043038599193e-05,3.894043038599193e-05,0.0,375,389,14,1071,1100,29,
devign__01_vulnerable_static_uint32_t_sh_serial_ioport_rea,dead_statement,sh_serial_ioport_read,success,0,0,False,3.894043038599193e-05,7.703319715801626e-05,3.8092766772024333e-05,375,387,12,1071,1098,27,
devign__01_vulnerable_static_uint32_t_sh_serial_ioport_rea,xfg_targeted_dead_code,sh_serial_ioport_read,success,0,0,False,3.894043038599193e-05,0.0012210133718326688,0.0011820729414466769,375,391,16,1071,1107,36,
devign__01_vulnerable_static_uint32_t_sh_serial_ioport_rea,range_clamp,sh_serial_ioport_read,failed,0,,False,3.894043038599193e-05,,,375,,,1071,,,no sensitive call with a clampable size/count argument found
devign__01_vulnerable_static_uint32_t_sh_serial_ioport_rea,safe_source_substitution,sh_serial_ioport_read,failed,0,,False,3.894043038599193e-05,,,375,,,1071,,,no nested pointer dereference source found
devign__01_vulnerable_static_uint32_t_sh_serial_ioport_rea,sink_bound_guard,sh_serial_ioport_read,failed,0,,False,3.894043038599193e-05,,,375,,,1071,,,no sensitive sink call found for bound guard insertion
devign__01_vulnerable_static_uint32_t_sh_serial_ioport_rea,postcondition_validation,sh_serial_ioport_read,failed,0,,False,3.894043038599193e-05,,,375,,,1071,,,no matching *_count/*_read pair found for postcondition validation
devign__01_vulnerable_static_uint32_t_sh_serial_ioport_rea,integer_overflow_guard,sh_serial_ioport_read,failed,0,,False,3.894043038599193e-05,,,375,,,1071,,,no allocation size addition or multiplication expression found
devign__01_vulnerable_static_uint32_t_sh_serial_ioport_rea,array_index_bound_guard,sh_serial_ioport_read,failed,0,,False,3.894043038599193e-05,,,375,,,1071,,,no array write found for index bound guard
devign__01_vulnerable_static_uint32_t_sh_serial_ioport_rea,wide_char_sink_guard,sh_serial_ioport_read,failed,0,,False,3.894043038599193e-05,,,375,,,1071,,,no wcscat/wcscpy wide-character sink found
devign__01_vulnerable_static_uint32_t_sh_serial_ioport_rea,pattern_dead_code,sh_serial_ioport_read,success,0,0,False,3.894043038599193e-05,8.065576548688114e-05,4.1715335100889206e-05,375,430,55,1071,1172,101,
devign__01_vulnerable_static_uint32_t_sh_serial_ioport_rea,control_wrapper,sh_serial_ioport_read,success,0,0,False,3.894043038599193e-05,7.703319715801626e-05,3.8092766772024333e-05,375,379,4,1071,1080,9,
devign__01_vulnerable_static_uint32_t_sh_serial_ioport_rea,temp_variable_split,sh_serial_ioport_read,success,0,0,False,3.894043038599193e-05,7.703319715801626e-05,3.8092766772024333e-05,375,383,8,1071,1088,17,
devign__02_vulnerable_static_int_tight_compress_data,data_flow_alias,tight_compress_data,success,0,0,False,7.848731797821529e-08,1.537035495857708e-05,1.5291867640598866e-05,314,334,20,722,760,38,
devign__02_vulnerable_static_int_tight_compress_data,dead_statement,tight_compress_data,success,0,0,False,7.848731797821529e-08,2.2199101294972934e-06,2.141422811519078e-06,314,326,12,722,749,27,
devign__02_vulnerable_static_int_tight_compress_data,xfg_targeted_dead_code,tight_compress_data,success,0,0,False,7.848731797821529e-08,3.5848067625465774e-08,-4.2639250352749514e-08,314,330,16,722,758,36,
devign__02_vulnerable_static_int_tight_compress_data,range_clamp,tight_compress_data,failed,0,,False,7.848731797821529e-08,,,314,,,722,,,no sensitive call with a clampable size/count argument found
devign__02_vulnerable_static_int_tight_compress_data,safe_source_substitution,tight_compress_data,failed,0,,False,7.848731797821529e-08,,,314,,,722,,,no nested pointer dereference source found
devign__02_vulnerable_static_int_tight_compress_data,sink_bound_guard,tight_compress_data,failed,0,,False,7.848731797821529e-08,,,314,,,722,,,no sensitive sink call found for bound guard insertion
devign__02_vulnerable_static_int_tight_compress_data,postcondition_validation,tight_compress_data,failed,0,,False,7.848731797821529e-08,,,314,,,722,,,no matching *_count/*_read pair found for postcondition validation
devign__02_vulnerable_static_int_tight_compress_data,integer_overflow_guard,tight_compress_data,failed,0,,False,7.848731797821529e-08,,,314,,,722,,,no allocation size addition or multiplication expression found
devign__02_vulnerable_static_int_tight_compress_data,array_index_bound_guard,tight_compress_data,failed,0,,False,7.848731797821529e-08,,,314,,,722,,,no array write found for index bound guard
devign__02_vulnerable_static_int_tight_compress_data,wide_char_sink_guard,tight_compress_data,failed,0,,False,7.848731797821529e-08,,,314,,,722,,,no wcscat/wcscpy wide-character sink found
devign__02_vulnerable_static_int_tight_compress_data,pattern_dead_code,tight_compress_data,success,0,0,False,7.848731797821529e-08,8.065583824645728e-05,8.057735092847906e-05,314,369,55,722,823,101,
devign__02_vulnerable_static_int_tight_compress_data,control_wrapper,tight_compress_data,success,0,0,False,7.848731797821529e-08,5.4621043091174215e-05,5.4542555773196e-05,314,318,4,722,731,9,
devign__02_vulnerable_static_int_tight_compress_data,temp_variable_split,tight_compress_data,failed,0,,False,7.848731797821529e-08,,,314,,,722,,,no simple integer-like assignment candidate found
devign__03_vulnerable_void_ff_insert_pad,data_flow_alias,ff_insert_pad,success,0,0,False,0.0002570701763033867,0.0002570696815382689,-4.94765117764473e-10,241,261,20,508,546,38,
devign__03_vulnerable_void_ff_insert_pad,dead_statement,ff_insert_pad,success,0,0,False,0.0002570701763033867,0.0002570701763033867,0.0,241,253,12,508,535,27,
devign__03_vulnerable_void_ff_insert_pad,xfg_targeted_dead_code,ff_insert_pad,success,0,0,False,0.0002570701763033867,0.0002570701763033867,0.0,241,257,16,508,544,36,
devign__03_vulnerable_void_ff_insert_pad,range_clamp,ff_insert_pad,success,0,0,False,0.0002570701763033867,0.005167416762560606,0.004910346586257219,241,271,30,508,578,70,
devign__03_vulnerable_void_ff_insert_pad,safe_source_substitution,ff_insert_pad,failed,0,,False,0.0002570701763033867,,,241,,,508,,,no nested pointer dereference source found
devign__03_vulnerable_void_ff_insert_pad,sink_bound_guard,ff_insert_pad,success,0,0,False,0.0002570701763033867,0.029378771781921387,0.029121701605618,241,259,18,508,541,33,
devign__03_vulnerable_void_ff_insert_pad,postcondition_validation,ff_insert_pad,failed,0,,False,0.0002570701763033867,,,241,,,508,,,no matching *_count/*_read pair found for postcondition validation
devign__03_vulnerable_void_ff_insert_pad,integer_overflow_guard,ff_insert_pad,failed,0,,False,0.0002570701763033867,,,241,,,508,,,no allocation size addition or multiplication expression found
devign__03_vulnerable_void_ff_insert_pad,array_index_bound_guard,ff_insert_pad,failed,0,,False,0.0002570701763033867,,,241,,,508,,,no array write found for index bound guard
devign__03_vulnerable_void_ff_insert_pad,wide_char_sink_guard,ff_insert_pad,failed,0,,False,0.0002570701763033867,,,241,,,508,,,no wcscat/wcscpy wide-character sink found
devign__03_vulnerable_void_ff_insert_pad,pattern_dead_code,ff_insert_pad,success,0,0,False,0.0002570701763033867,0.0029150384943932295,0.002657968318089843,241,296,55,508,609,101,
devign__03_vulnerable_void_ff_insert_pad,control_wrapper,ff_insert_pad,success,0,0,False,0.0002570701763033867,0.0003072620020247996,5.01918257214129e-05,241,245,4,508,522,14,
devign__03_vulnerable_void_ff_insert_pad,temp_variable_split,ff_insert_pad,failed,0,,False,0.0002570701763033867,,,241,,,508,,,no simple integer-like assignment candidate found
devign__04_non_vulnerable_static_av_always_inline_int_dnxhd_de,data_flow_alias,dnxhd_decode_dct_block,success,0,0,False,0.07784902304410934,0.07877751439809799,0.0009284913539886475,753,773,20,1682,1719,37,
devign__04_non_vulnerable_static_av_always_inline_int_dnxhd_de,dead_statement,dnxhd_decode_dct_block,success,0,0,False,0.07784902304410934,0.08412088453769684,0.006271861493587494,753,765,12,1682,1709,27,
devign__04_non_vulnerable_static_av_always_inline_int_dnxhd_de,xfg_targeted_dead_code,dnxhd_decode_dct_block,success,0,0,False,0.07784902304410934,0.03700302541255951,-0.040845997631549835,753,769,16,1682,1718,36,
devign__04_non_vulnerable_static_av_always_inline_int_dnxhd_de,range_clamp,dnxhd_decode_dct_block,failed,0,,False,0.07784902304410934,,,753,,,1682,,,no sensitive call with a clampable size/count argument found
devign__04_non_vulnerable_static_av_always_inline_int_dnxhd_de,safe_source_substitution,dnxhd_decode_dct_block,success,0,0,False,0.07784902304410934,0.016552399843931198,-0.061296623200178146,753,761,8,1682,1697,15,
devign__04_non_vulnerable_static_av_always_inline_int_dnxhd_de,sink_bound_guard,dnxhd_decode_dct_block,failed,0,,False,0.07784902304410934,,,753,,,1682,,,no sensitive sink call found for bound guard insertion
devign__04_non_vulnerable_static_av_always_inline_int_dnxhd_de,postcondition_validation,dnxhd_decode_dct_block,failed,0,,False,0.07784902304410934,,,753,,,1682,,,no matching *_count/*_read pair found for postcondition validation
devign__04_non_vulnerable_static_av_always_inline_int_dnxhd_de,integer_overflow_guard,dnxhd_decode_dct_block,failed,0,,False,0.07784902304410934,,,753,,,1682,,,no allocation size addition or multiplication expression found
devign__04_non_vulnerable_static_av_always_inline_int_dnxhd_de,array_index_bound_guard,dnxhd_decode_dct_block,success,0,0,False,0.07784902304410934,0.07877751439809799,0.0009284913539886475,753,779,26,1682,1727,45,
devign__04_non_vulnerable_static_av_always_inline_int_dnxhd_de,wide_char_sink_guard,dnxhd_decode_dct_block,failed,0,,False,0.07784902304410934,,,753,,,1682,,,no wcscat/wcscpy wide-character sink found
devign__04_non_vulnerable_static_av_always_inline_int_dnxhd_de,pattern_dead_code,dnxhd_decode_dct_block,success,0,0,False,0.07784902304410934,0.03583809733390808,-0.04201092571020126,753,808,55,1682,1783,101,
devign__04_non_vulnerable_static_av_always_inline_int_dnxhd_de,control_wrapper,dnxhd_decode_dct_block,success,0,0,False,0.07784902304410934,0.07877751439809799,0.0009284913539886475,753,757,4,1682,1691,9,
devign__04_non_vulnerable_static_av_always_inline_int_dnxhd_de,temp_variable_split,dnxhd_decode_dct_block,success,0,0,False,0.07784902304410934,0.07877754420042038,0.0009285211563110352,753,761,8,1682,1699,17,
devign__05_non_vulnerable_static_int_slb_lookup,data_flow_alias,slb_lookup,success,1,1,False,0.9999996423721313,0.9999992847442627,-3.5762786865234375e-07,286,307,21,824,861,37,
devign__05_non_vulnerable_static_int_slb_lookup,dead_statement,slb_lookup,success,1,1,False,0.9999996423721313,0.9538830518722534,-0.04611659049987793,286,298,12,824,851,27,
devign__05_non_vulnerable_static_int_slb_lookup,xfg_targeted_dead_code,slb_lookup,success,1,1,False,0.9999996423721313,0.9999992847442627,-3.5762786865234375e-07,286,302,16,824,860,36,
devign__05_non_vulnerable_static_int_slb_lookup,range_clamp,slb_lookup,failed,1,,False,0.9999996423721313,,,286,,,824,,,no sensitive call with a clampable size/count argument found
devign__05_non_vulnerable_static_int_slb_lookup,safe_source_substitution,slb_lookup,failed,1,,False,0.9999996423721313,,,286,,,824,,,no nested pointer dereference source found
devign__05_non_vulnerable_static_int_slb_lookup,sink_bound_guard,slb_lookup,failed,1,,False,0.9999996423721313,,,286,,,824,,,no sensitive sink call found for bound guard insertion
devign__05_non_vulnerable_static_int_slb_lookup,postcondition_validation,slb_lookup,failed,1,,False,0.9999996423721313,,,286,,,824,,,no matching *_count/*_read pair found for postcondition validation
devign__05_non_vulnerable_static_int_slb_lookup,integer_overflow_guard,slb_lookup,failed,1,,False,0.9999996423721313,,,286,,,824,,,no allocation size addition or multiplication expression found
devign__05_non_vulnerable_static_int_slb_lookup,array_index_bound_guard,slb_lookup,failed,1,,False,0.9999996423721313,,,286,,,824,,,no array write found for index bound guard
devign__05_non_vulnerable_static_int_slb_lookup,wide_char_sink_guard,slb_lookup,failed,1,,False,0.9999996423721313,,,286,,,824,,,no wcscat/wcscpy wide-character sink found
devign__05_non_vulnerable_static_int_slb_lookup,pattern_dead_code,slb_lookup,success,1,1,False,0.9999996423721313,0.9999996423721313,0.0,286,341,55,824,925,101,
devign__05_non_vulnerable_static_int_slb_lookup,control_wrapper,slb_lookup,success,1,1,False,0.9999996423721313,0.9538830518722534,-0.04611659049987793,286,290,4,824,834,10,
devign__05_non_vulnerable_static_int_slb_lookup,temp_variable_split,slb_lookup,success,1,1,False,0.9999996423721313,0.9999996423721313,0.0,286,294,8,824,840,16,
devign__06_non_vulnerable_static_void_test_qemu_strtosz_units,data_flow_alias,test_qemu_strtosz_units,success,0,0,False,0.001614067587070167,0.02169867418706417,0.020084606599994004,354,374,20,887,925,38,
devign__06_non_vulnerable_static_void_test_qemu_strtosz_units,dead_statement,test_qemu_strtosz_units,success,0,0,False,0.001614067587070167,0.016436848789453506,0.01482278120238334,354,366,12,887,914,27,
devign__06_non_vulnerable_static_void_test_qemu_strtosz_units,xfg_targeted_dead_code,test_qemu_strtosz_units,success,0,0,False,0.001614067587070167,0.021698683500289917,0.02008461591321975,354,370,16,887,923,36,
devign__06_non_vulnerable_static_void_test_qemu_strtosz_units,range_clamp,test_qemu_strtosz_units,failed,0,,False,0.001614067587070167,,,354,,,887,,,no sensitive call with a clampable size/count argument found
devign__06_non_vulnerable_static_void_test_qemu_strtosz_units,safe_source_substitution,test_qemu_strtosz_units,failed,0,,False,0.001614067587070167,,,354,,,887,,,no nested pointer dereference source found
devign__06_non_vulnerable_static_void_test_qemu_strtosz_units,sink_bound_guard,test_qemu_strtosz_units,failed,0,,False,0.001614067587070167,,,354,,,887,,,no sensitive sink call found for bound guard insertion
devign__06_non_vulnerable_static_void_test_qemu_strtosz_units,postcondition_validation,test_qemu_strtosz_units,failed,0,,False,0.001614067587070167,,,354,,,887,,,no matching *_count/*_read pair found for postcondition validation
devign__06_non_vulnerable_static_void_test_qemu_strtosz_units,integer_overflow_guard,test_qemu_strtosz_units,failed,0,,False,0.001614067587070167,,,354,,,887,,,no allocation size addition or multiplication expression found
devign__06_non_vulnerable_static_void_test_qemu_strtosz_units,array_index_bound_guard,test_qemu_strtosz_units,failed,0,,False,0.001614067587070167,,,354,,,887,,,no array write found for index bound guard
devign__06_non_vulnerable_static_void_test_qemu_strtosz_units,wide_char_sink_guard,test_qemu_strtosz_units,failed,0,,False,0.001614067587070167,,,354,,,887,,,no wcscat/wcscpy wide-character sink found
devign__06_non_vulnerable_static_void_test_qemu_strtosz_units,pattern_dead_code,test_qemu_strtosz_units,success,0,0,False,0.001614067587070167,0.001614067587070167,0.0,354,409,55,887,988,101,
devign__06_non_vulnerable_static_void_test_qemu_strtosz_units,control_wrapper,test_qemu_strtosz_units,success,0,0,False,0.001614067587070167,0.021698683500289917,0.02008461591321975,354,358,4,887,896,9,
devign__06_non_vulnerable_static_void_test_qemu_strtosz_units,temp_variable_split,test_qemu_strtosz_units,failed,0,,False,0.001614067587070167,,,354,,,887,,,no simple integer-like assignment candidate found
devign__07_vulnerable_static_inline_int_usb_bt_fifo_dequeu,data_flow_alias,usb_bt_fifo_dequeue,success,0,0,False,6.548671941073826e-20,6.548671941073826e-20,0.0,188,206,18,494,534,40,
devign__07_vulnerable_static_inline_int_usb_bt_fifo_dequeu,dead_statement,usb_bt_fifo_dequeue,success,0,0,False,6.548671941073826e-20,6.548671941073826e-20,0.0,188,200,12,494,521,27,
devign__07_vulnerable_static_inline_int_usb_bt_fifo_dequeu,xfg_targeted_dead_code,usb_bt_fifo_dequeue,success,0,0,False,6.548671941073826e-20,6.548671941073826e-20,0.0,188,204,16,494,530,36,
devign__07_vulnerable_static_inline_int_usb_bt_fifo_dequeu,range_clamp,usb_bt_fifo_dequeue,success,0,0,False,6.548671941073826e-20,2.73258081381127e-20,-3.816091127262556e-20,188,218,30,494,562,68,
devign__07_vulnerable_static_inline_int_usb_bt_fifo_dequeu,safe_source_substitution,usb_bt_fifo_dequeue,failed,0,,False,6.548671941073826e-20,,,188,,,494,,,no nested pointer dereference source found
devign__07_vulnerable_static_inline_int_usb_bt_fifo_dequeu,sink_bound_guard,usb_bt_fifo_dequeue,success,0,0,False,6.548671941073826e-20,6.35286886539342e-17,6.346320193452347e-17,188,198,10,494,515,21,
devign__07_vulnerable_static_inline_int_usb_bt_fifo_dequeu,postcondition_validation,usb_bt_fifo_dequeue,failed,0,,False,6.548671941073826e-20,,,188,,,494,,,no matching *_count/*_read pair found for postcondition validation
devign__07_vulnerable_static_inline_int_usb_bt_fifo_dequeu,integer_overflow_guard,usb_bt_fifo_dequeue,failed,0,,False,6.548671941073826e-20,,,188,,,494,,,no allocation size addition or multiplication expression found
devign__07_vulnerable_static_inline_int_usb_bt_fifo_dequeu,array_index_bound_guard,usb_bt_fifo_dequeue,failed,0,,False,6.548671941073826e-20,,,188,,,494,,,no array write found for index bound guard
devign__07_vulnerable_static_inline_int_usb_bt_fifo_dequeu,wide_char_sink_guard,usb_bt_fifo_dequeue,failed,0,,False,6.548671941073826e-20,,,188,,,494,,,no wcscat/wcscpy wide-character sink found
devign__07_vulnerable_static_inline_int_usb_bt_fifo_dequeu,pattern_dead_code,usb_bt_fifo_dequeue,success,0,0,False,6.548671941073826e-20,8.065583824645728e-05,8.065583824645721e-05,188,243,55,494,595,101,
devign__07_vulnerable_static_inline_int_usb_bt_fifo_dequeu,control_wrapper,usb_bt_fifo_dequeue,success,0,0,False,6.548671941073826e-20,1.1747417889153126e-16,1.1740869217212052e-16,188,192,4,494,510,16,
devign__07_vulnerable_static_inline_int_usb_bt_fifo_dequeu,temp_variable_split,usb_bt_fifo_dequeue,failed,0,,False,6.548671941073826e-20,,,188,,,494,,,no simple integer-like assignment candidate found
devign__08_non_vulnerable_build_tpm_tcpa,data_flow_alias,unknown,success,0,0,False,5.6560038501629606e-05,0.005297455936670303,0.005240895898168674,173,193,20,310,348,38,
devign__08_non_vulnerable_build_tpm_tcpa,dead_statement,unknown,success,0,0,False,5.6560038501629606e-05,5.6560038501629606e-05,0.0,173,185,12,310,337,27,
devign__08_non_vulnerable_build_tpm_tcpa,xfg_targeted_dead_code,unknown,success,0,0,False,5.6560038501629606e-05,0.0005454994388855994,0.0004889394003839698,173,189,16,310,346,36,
devign__08_non_vulnerable_build_tpm_tcpa,range_clamp,unknown,failed,0,,False,5.6560038501629606e-05,,,173,,,310,,,no sensitive call with a clampable size/count argument found
devign__08_non_vulnerable_build_tpm_tcpa,safe_source_substitution,unknown,failed,0,,False,5.6560038501629606e-05,,,173,,,310,,,no nested pointer dereference source found
devign__08_non_vulnerable_build_tpm_tcpa,sink_bound_guard,unknown,failed,0,,False,5.6560038501629606e-05,,,173,,,310,,,no sensitive sink call found for bound guard insertion
devign__08_non_vulnerable_build_tpm_tcpa,postcondition_validation,unknown,failed,0,,False,5.6560038501629606e-05,,,173,,,310,,,no matching *_count/*_read pair found for postcondition validation
devign__08_non_vulnerable_build_tpm_tcpa,integer_overflow_guard,unknown,failed,0,,False,5.6560038501629606e-05,,,173,,,310,,,no allocation size addition or multiplication expression found
devign__08_non_vulnerable_build_tpm_tcpa,array_index_bound_guard,unknown,failed,0,,False,5.6560038501629606e-05,,,173,,,310,,,no array write found for index bound guard
devign__08_non_vulnerable_build_tpm_tcpa,wide_char_sink_guard,unknown,failed,0,,False,5.6560038501629606e-05,,,173,,,310,,,no wcscat/wcscpy wide-character sink found
devign__08_non_vulnerable_build_tpm_tcpa,pattern_dead_code,unknown,success,0,0,False,5.6560038501629606e-05,8.065591828199103e-05,2.409587978036143e-05,173,228,55,310,411,101,
devign__08_non_vulnerable_build_tpm_tcpa,control_wrapper,unknown,success,0,0,False,5.6560038501629606e-05,0.003346992190927267,0.0032904321524256375,173,177,4,310,319,9,
devign__08_non_vulnerable_build_tpm_tcpa,temp_variable_split,unknown,failed,0,,False,5.6560038501629606e-05,,,173,,,310,,,no simple integer-like assignment candidate found
devign__09_non_vulnerable_static_ExitStatus_gen_store_conditio,data_flow_alias,gen_store_conditional,success,0,0,False,0.0,4.066449399431349e-09,4.066449399431349e-09,85,105,20,164,202,38,
devign__09_non_vulnerable_static_ExitStatus_gen_store_conditio,dead_statement,gen_store_conditional,success,0,0,False,0.0,0.0,0.0,85,97,12,164,191,27,
devign__09_non_vulnerable_static_ExitStatus_gen_store_conditio,xfg_targeted_dead_code,gen_store_conditional,success,0,0,False,0.0,0.0,0.0,85,85,0,164,164,0,
devign__09_non_vulnerable_static_ExitStatus_gen_store_conditio,range_clamp,gen_store_conditional,failed,0,,False,0.0,,,85,,,164,,,no sensitive call with a clampable size/count argument found
devign__09_non_vulnerable_static_ExitStatus_gen_store_conditio,safe_source_substitution,gen_store_conditional,failed,0,,False,0.0,,,85,,,164,,,no nested pointer dereference source found
devign__09_non_vulnerable_static_ExitStatus_gen_store_conditio,sink_bound_guard,gen_store_conditional,failed,0,,False,0.0,,,85,,,164,,,no sensitive sink call found for bound guard insertion
devign__09_non_vulnerable_static_ExitStatus_gen_store_conditio,postcondition_validation,gen_store_conditional,failed,0,,False,0.0,,,85,,,164,,,no matching *_count/*_read pair found for postcondition validation
devign__09_non_vulnerable_static_ExitStatus_gen_store_conditio,integer_overflow_guard,gen_store_conditional,failed,0,,False,0.0,,,85,,,164,,,no allocation size addition or multiplication expression found
devign__09_non_vulnerable_static_ExitStatus_gen_store_conditio,array_index_bound_guard,gen_store_conditional,failed,0,,False,0.0,,,85,,,164,,,no array write found for index bound guard
devign__09_non_vulnerable_static_ExitStatus_gen_store_conditio,wide_char_sink_guard,gen_store_conditional,failed,0,,False,0.0,,,85,,,164,,,no wcscat/wcscpy wide-character sink found
devign__09_non_vulnerable_static_ExitStatus_gen_store_conditio,pattern_dead_code,gen_store_conditional,success,0,0,False,0.0,0.0,0.0,85,85,0,164,164,0,
devign__09_non_vulnerable_static_ExitStatus_gen_store_conditio,control_wrapper,gen_store_conditional,success,0,0,False,0.0,0.0,0.0,85,89,4,164,176,12,
devign__09_non_vulnerable_static_ExitStatus_gen_store_conditio,temp_variable_split,gen_store_conditional,success,0,0,False,0.0,0.0,0.0,85,93,8,164,182,18,
devign__10_non_vulnerable_static_void_kvm_virtio_pci_vq_vector,data_flow_alias,kvm_virtio_pci_vq_vector_release,success,0,0,False,6.079391567936909e-08,0.0001223606668645516,0.00012229987294887223,138,154,16,255,293,38,
devign__10_non_vulnerable_static_void_kvm_virtio_pci_vq_vector,dead_statement,kvm_virtio_pci_vq_vector_release,success,0,0,False,6.079391567936909e-08,6.079391567936909e-08,0.0,138,150,12,255,282,27,
devign__10_non_vulnerable_static_void_kvm_virtio_pci_vq_vector,xfg_targeted_dead_code,kvm_virtio_pci_vq_vector_release,success,0,0,False,6.079391567936909e-08,6.079391567936909e-08,0.0,138,154,16,255,291,36,
devign__10_non_vulnerable_static_void_kvm_virtio_pci_vq_vector,range_clamp,kvm_virtio_pci_vq_vector_release,failed,0,,False,6.079391567936909e-08,,,138,,,255,,,no sensitive call with a clampable size/count argument found
devign__10_non_vulnerable_static_void_kvm_virtio_pci_vq_vector,safe_source_substitution,kvm_virtio_pci_vq_vector_release,failed,0,,False,6.079391567936909e-08,,,138,,,255,,,no nested pointer dereference source found
devign__10_non_vulnerable_static_void_kvm_virtio_pci_vq_vector,sink_bound_guard,kvm_virtio_pci_vq_vector_release,failed,0,,False,6.079391567936909e-08,,,138,,,255,,,no sensitive sink call found for bound guard insertion
devign__10_non_vulnerable_static_void_kvm_virtio_pci_vq_vector,postcondition_validation,kvm_virtio_pci_vq_vector_release,failed,0,,False,6.079391567936909e-08,,,138,,,255,,,no matching *_count/*_read pair found for postcondition validation
devign__10_non_vulnerable_static_void_kvm_virtio_pci_vq_vector,integer_overflow_guard,kvm_virtio_pci_vq_vector_release,failed,0,,False,6.079391567936909e-08,,,138,,,255,,,no allocation size addition or multiplication expression found
devign__10_non_vulnerable_static_void_kvm_virtio_pci_vq_vector,array_index_bound_guard,kvm_virtio_pci_vq_vector_release,failed,0,,False,6.079391567936909e-08,,,138,,,255,,,no array write found for index bound guard
devign__10_non_vulnerable_static_void_kvm_virtio_pci_vq_vector,wide_char_sink_guard,kvm_virtio_pci_vq_vector_release,failed,0,,False,6.079391567936909e-08,,,138,,,255,,,no wcscat/wcscpy wide-character sink found
devign__10_non_vulnerable_static_void_kvm_virtio_pci_vq_vector,pattern_dead_code,kvm_virtio_pci_vq_vector_release,success,0,0,False,6.079391567936909e-08,8.065591828199103e-05,8.059512436631167e-05,138,193,55,255,356,101,
devign__10_non_vulnerable_static_void_kvm_virtio_pci_vq_vector,control_wrapper,kvm_virtio_pci_vq_vector_release,success,0,0,False,6.079391567936909e-08,3.5235598261351697e-07,2.915620669341479e-07,138,142,4,255,265,10,
devign__10_non_vulnerable_static_void_kvm_virtio_pci_vq_vector,temp_variable_split,kvm_virtio_pci_vq_vector_release,failed,0,,False,6.079391567936909e-08,,,138,,,255,,,no simple integer-like assignment candidate found
devign__11_non_vulnerable_vnc_display_setup_auth,data_flow_alias,if,success,0,0,False,3.628038669489797e-08,6.623555037776896e-08,2.995516368287099e-08,242,262,20,547,582,35,
devign__11_non_vulnerable_vnc_display_setup_auth,dead_statement,if,success,0,0,False,3.628038669489797e-08,3.0266253503441476e-08,-6.014133191456494e-09,242,254,12,547,574,27,
devign__11_non_vulnerable_vnc_display_setup_auth,xfg_targeted_dead_code,if,success,0,0,False,3.628038669489797e-08,3.0266196660022615e-08,-6.014190034875355e-09,242,258,16,547,583,36,
devign__11_non_vulnerable_vnc_display_setup_auth,range_clamp,if,failed,0,,False,3.628038669489797e-08,,,242,,,547,,,no sensitive call with a clampable size/count argument found
devign__11_non_vulnerable_vnc_display_setup_auth,safe_source_substitution,if,failed,0,,False,3.628038669489797e-08,,,242,,,547,,,no nested pointer dereference source found
devign__11_non_vulnerable_vnc_display_setup_auth,sink_bound_guard,if,failed,0,,False,3.628038669489797e-08,,,242,,,547,,,no sensitive sink call found for bound guard insertion
devign__11_non_vulnerable_vnc_display_setup_auth,postcondition_validation,if,failed,0,,False,3.628038669489797e-08,,,242,,,547,,,no matching *_count/*_read pair found for postcondition validation
devign__11_non_vulnerable_vnc_display_setup_auth,integer_overflow_guard,if,failed,0,,False,3.628038669489797e-08,,,242,,,547,,,no allocation size addition or multiplication expression found
devign__11_non_vulnerable_vnc_display_setup_auth,array_index_bound_guard,if,failed,0,,False,3.628038669489797e-08,,,242,,,547,,,no array write found for index bound guard
devign__11_non_vulnerable_vnc_display_setup_auth,wide_char_sink_guard,if,failed,0,,False,3.628038669489797e-08,,,242,,,547,,,no wcscat/wcscpy wide-character sink found
devign__11_non_vulnerable_vnc_display_setup_auth,pattern_dead_code,if,success,0,0,False,3.628038669489797e-08,1.4441080566029996e-05,1.4404800179335098e-05,242,297,55,547,648,101,
devign__11_non_vulnerable_vnc_display_setup_auth,control_wrapper,if,success,0,0,False,3.628038669489797e-08,3.0266253503441476e-08,-6.014133191456494e-09,242,246,4,547,556,9,
devign__11_non_vulnerable_vnc_display_setup_auth,temp_variable_split,if,failed,0,,False,3.628038669489797e-08,,,242,,,547,,,no simple integer-like assignment candidate found
devign__12_vulnerable_static_inline_void_qtrle_decode_2n4b,data_flow_alias,qtrle_decode_2n4bpp,success,0,0,False,3.4069010723669635e-08,0.00045643423800356686,0.0004564001689928432,451,471,20,1111,1146,35,
devign__12_vulnerable_static_inline_void_qtrle_decode_2n4b,dead_statement,qtrle_decode_2n4bpp,success,0,0,False,3.4069010723669635e-08,3.4069010723669635e-08,0.0,451,463,12,1111,1138,27,
devign__12_vulnerable_static_inline_void_qtrle_decode_2n4b,xfg_targeted_dead_code,qtrle_decode_2n4bpp,success,0,0,False,3.4069010723669635e-08,3.4069010723669635e-08,0.0,451,467,16,1111,1147,36,
devign__12_vulnerable_static_inline_void_qtrle_decode_2n4b,range_clamp,qtrle_decode_2n4bpp,failed,0,,False,3.4069010723669635e-08,,,451,,,1111,,,no sensitive call with a clampable size/count argument found
devign__12_vulnerable_static_inline_void_qtrle_decode_2n4b,safe_source_substitution,qtrle_decode_2n4bpp,success,0,0,False,3.4069010723669635e-08,3.4069010723669635e-08,0.0,451,459,8,1111,1126,15,
devign__12_vulnerable_static_inline_void_qtrle_decode_2n4b,sink_bound_guard,qtrle_decode_2n4bpp,failed,0,,False,3.4069010723669635e-08,,,451,,,1111,,,no sensitive sink call found for bound guard insertion
devign__12_vulnerable_static_inline_void_qtrle_decode_2n4b,postcondition_validation,qtrle_decode_2n4bpp,failed,0,,False,3.4069010723669635e-08,,,451,,,1111,,,no matching *_count/*_read pair found for postcondition validation
devign__12_vulnerable_static_inline_void_qtrle_decode_2n4b,integer_overflow_guard,qtrle_decode_2n4bpp,failed,0,,False,3.4069010723669635e-08,,,451,,,1111,,,no allocation size addition or multiplication expression found
devign__12_vulnerable_static_inline_void_qtrle_decode_2n4b,array_index_bound_guard,qtrle_decode_2n4bpp,success,0,0,False,3.4069010723669635e-08,3.495571831990674e-08,8.867075962371018e-10,451,481,30,1111,1156,45,
devign__12_vulnerable_static_inline_void_qtrle_decode_2n4b,wide_char_sink_guard,qtrle_decode_2n4bpp,failed,0,,False,3.4069010723669635e-08,,,451,,,1111,,,no wcscat/wcscpy wide-character sink found
devign__12_vulnerable_static_inline_void_qtrle_decode_2n4b,pattern_dead_code,qtrle_decode_2n4bpp,success,0,0,False,3.4069010723669635e-08,8.065576548688114e-05,8.062169647615747e-05,451,506,55,1111,1212,101,
devign__12_vulnerable_static_inline_void_qtrle_decode_2n4b,control_wrapper,qtrle_decode_2n4bpp,success,0,0,False,3.4069010723669635e-08,3.4069010723669635e-08,0.0,451,455,4,1111,1120,9,
devign__12_vulnerable_static_inline_void_qtrle_decode_2n4b,temp_variable_split,qtrle_decode_2n4bpp,failed,0,,False,3.4069010723669635e-08,,,451,,,1111,,,no simple integer-like assignment candidate found
devign__13_non_vulnerable_static_void_sctlr_write,data_flow_alias,sctlr_write,success,0,0,False,6.298020438499918e-10,6.122820650489302e-07,6.116522630050802e-07,72,92,20,142,180,38,
devign__13_non_vulnerable_static_void_sctlr_write,dead_statement,sctlr_write,success,0,0,False,6.298020438499918e-10,6.298020438499918e-10,0.0,72,84,12,142,169,27,
devign__13_non_vulnerable_static_void_sctlr_write,xfg_targeted_dead_code,sctlr_write,success,0,0,False,6.298020438499918e-10,6.298020438499918e-10,0.0,72,88,16,142,178,36,
devign__13_non_vulnerable_static_void_sctlr_write,range_clamp,sctlr_write,failed,0,,False,6.298020438499918e-10,,,72,,,142,,,no sensitive call with a clampable size/count argument found
devign__13_non_vulnerable_static_void_sctlr_write,safe_source_substitution,sctlr_write,failed,0,,False,6.298020438499918e-10,,,72,,,142,,,no nested pointer dereference source found
devign__13_non_vulnerable_static_void_sctlr_write,sink_bound_guard,sctlr_write,failed,0,,False,6.298020438499918e-10,,,72,,,142,,,no sensitive sink call found for bound guard insertion
devign__13_non_vulnerable_static_void_sctlr_write,postcondition_validation,sctlr_write,failed,0,,False,6.298020438499918e-10,,,72,,,142,,,no matching *_count/*_read pair found for postcondition validation
devign__13_non_vulnerable_static_void_sctlr_write,integer_overflow_guard,sctlr_write,failed,0,,False,6.298020438499918e-10,,,72,,,142,,,no allocation size addition or multiplication expression found
devign__13_non_vulnerable_static_void_sctlr_write,array_index_bound_guard,sctlr_write,failed,0,,False,6.298020438499918e-10,,,72,,,142,,,no array write found for index bound guard
devign__13_non_vulnerable_static_void_sctlr_write,wide_char_sink_guard,sctlr_write,failed,0,,False,6.298020438499918e-10,,,72,,,142,,,no wcscat/wcscpy wide-character sink found
devign__13_non_vulnerable_static_void_sctlr_write,pattern_dead_code,sctlr_write,success,0,0,False,6.298020438499918e-10,8.065583824645728e-05,8.065520844441343e-05,72,127,55,142,243,101,
devign__13_non_vulnerable_static_void_sctlr_write,control_wrapper,sctlr_write,success,0,0,False,6.298020438499918e-10,2.897022568504326e-07,2.890724548065826e-07,72,76,4,142,153,11,
devign__13_non_vulnerable_static_void_sctlr_write,temp_variable_split,sctlr_write,failed,0,,False,6.298020438499918e-10,,,72,,,142,,,no simple integer-like assignment candidate found
devign__14_vulnerable_static_int_decode_mb_info,data_flow_alias,decode_mb_info,success,0,0,False,0.22351017594337463,0.45491454005241394,0.2314043641090393,811,829,18,1923,1962,39,
devign__14_vulnerable_static_int_decode_mb_info,dead_statement,decode_mb_info,success,0,0,False,0.22351017594337463,0.45491451025009155,0.23140433430671692,811,823,12,1923,1950,27,
devign__14_vulnerable_static_int_decode_mb_info,xfg_targeted_dead_code,decode_mb_info,success,0,0,False,0.22351017594337463,0.22351017594337463,0.0,811,827,16,1923,1959,36,
devign__14_vulnerable_static_int_decode_mb_info,range_clamp,decode_mb_info,failed,0,,False,0.22351017594337463,,,811,,,1923,,,no sensitive call with a clampable size/count argument found
devign__14_vulnerable_static_int_decode_mb_info,safe_source_substitution,decode_mb_info,failed,0,,False,0.22351017594337463,,,811,,,1923,,,no nested pointer dereference source found
devign__14_vulnerable_static_int_decode_mb_info,sink_bound_guard,decode_mb_info,failed,0,,False,0.22351017594337463,,,811,,,1923,,,no sensitive sink call found for bound guard insertion
devign__14_vulnerable_static_int_decode_mb_info,postcondition_validation,decode_mb_info,failed,0,,False,0.22351017594337463,,,811,,,1923,,,no matching *_count/*_read pair found for postcondition validation
devign__14_vulnerable_static_int_decode_mb_info,integer_overflow_guard,decode_mb_info,failed,0,,False,0.22351017594337463,,,811,,,1923,,,no allocation size addition or multiplication expression found
devign__14_vulnerable_static_int_decode_mb_info,array_index_bound_guard,decode_mb_info,failed,0,,False,0.22351017594337463,,,811,,,1923,,,no array write found for index bound guard
devign__14_vulnerable_static_int_decode_mb_info,wide_char_sink_guard,decode_mb_info,failed,0,,False,0.22351017594337463,,,811,,,1923,,,no wcscat/wcscpy wide-character sink found
devign__14_vulnerable_static_int_decode_mb_info,pattern_dead_code,decode_mb_info,success,0,0,False,0.22351017594337463,0.4325045645236969,0.20899438858032227,811,866,55,1923,2024,101,
devign__14_vulnerable_static_int_decode_mb_info,control_wrapper,decode_mb_info,success,0,0,False,0.22351017594337463,0.45491451025009155,0.23140433430671692,811,806,-5,1923,1965,42,
devign__14_vulnerable_static_int_decode_mb_info,temp_variable_split,decode_mb_info,success,0,0,False,0.22351017594337463,0.24534831941127777,0.021838143467903137,811,819,8,1923,1940,17,
devign__15_vulnerable_static_void_mm_rearm_timer,data_flow_alias,mm_rearm_timer,success,0,0,False,8.525628800271079e-06,0.0001256239484064281,0.00011709831960615702,109,129,20,188,225,37,
devign__15_vulnerable_static_void_mm_rearm_timer,dead_statement,mm_rearm_timer,success,0,0,False,8.525628800271079e-06,8.525628800271079e-06,0.0,109,121,12,188,215,27,
devign__15_vulnerable_static_void_mm_rearm_timer,xfg_targeted_dead_code,mm_rearm_timer,success,0,0,False,8.525628800271079e-06,8.525652447133325e-06,2.3646862246096134e-11,109,125,16,188,224,36,
devign__15_vulnerable_static_void_mm_rearm_timer,range_clamp,mm_rearm_timer,failed,0,,False,8.525628800271079e-06,,,109,,,188,,,no sensitive call with a clampable size/count argument found
devign__15_vulnerable_static_void_mm_rearm_timer,safe_source_substitution,mm_rearm_timer,failed,0,,False,8.525628800271079e-06,,,109,,,188,,,no nested pointer dereference source found
devign__15_vulnerable_static_void_mm_rearm_timer,sink_bound_guard,mm_rearm_timer,failed,0,,False,8.525628800271079e-06,,,109,,,188,,,no sensitive sink call found for bound guard insertion
devign__15_vulnerable_static_void_mm_rearm_timer,postcondition_validation,mm_rearm_timer,failed,0,,False,8.525628800271079e-06,,,109,,,188,,,no matching *_count/*_read pair found for postcondition validation
devign__15_vulnerable_static_void_mm_rearm_timer,integer_overflow_guard,mm_rearm_timer,failed,0,,False,8.525628800271079e-06,,,109,,,188,,,no allocation size addition or multiplication expression found
devign__15_vulnerable_static_void_mm_rearm_timer,array_index_bound_guard,mm_rearm_timer,failed,0,,False,8.525628800271079e-06,,,109,,,188,,,no array write found for index bound guard
devign__15_vulnerable_static_void_mm_rearm_timer,wide_char_sink_guard,mm_rearm_timer,failed,0,,False,8.525628800271079e-06,,,109,,,188,,,no wcscat/wcscpy wide-character sink found
devign__15_vulnerable_static_void_mm_rearm_timer,pattern_dead_code,mm_rearm_timer,success,0,0,False,8.525628800271079e-06,0.004221814218908548,0.004213288590108277,109,164,55,188,289,101,
devign__15_vulnerable_static_void_mm_rearm_timer,control_wrapper,mm_rearm_timer,success,0,0,False,8.525628800271079e-06,3.0408622478717007e-05,2.1882993678445928e-05,109,113,4,188,197,9,
devign__15_vulnerable_static_void_mm_rearm_timer,temp_variable_split,mm_rearm_timer,success,0,0,False,8.525628800271079e-06,2.904914981627371e-05,2.0523521016002633e-05,109,117,8,188,205,17,
devign__16_vulnerable_static_int_mxg_update_cache,data_flow_alias,mxg_update_cache,success,0,0,False,1.86682691527551e-09,1.6673029179514742e-08,1.4806202264239232e-08,193,213,20,436,445,9,
devign__16_vulnerable_static_int_mxg_update_cache,dead_statement,mxg_update_cache,success,0,0,False,1.86682691527551e-09,1.86682691527551e-09,0.0,193,205,12,436,463,27,
devign__16_vulnerable_static_int_mxg_update_cache,xfg_targeted_dead_code,mxg_update_cache,success,0,0,False,1.86682691527551e-09,1.86682691527551e-09,0.0,193,209,16,436,472,36,
devign__16_vulnerable_static_int_mxg_update_cache,range_clamp,mxg_update_cache,failed,0,,False,1.86682691527551e-09,,,193,,,436,,,no sensitive call with a clampable size/count argument found
devign__16_vulnerable_static_int_mxg_update_cache,safe_source_substitution,mxg_update_cache,failed,0,,False,1.86682691527551e-09,,,193,,,436,,,no nested pointer dereference source found
devign__16_vulnerable_static_int_mxg_update_cache,sink_bound_guard,mxg_update_cache,failed,0,,False,1.86682691527551e-09,,,193,,,436,,,no sensitive sink call found for bound guard insertion
devign__16_vulnerable_static_int_mxg_update_cache,postcondition_validation,mxg_update_cache,failed,0,,False,1.86682691527551e-09,,,193,,,436,,,no matching *_count/*_read pair found for postcondition validation
devign__16_vulnerable_static_int_mxg_update_cache,integer_overflow_guard,mxg_update_cache,failed,0,,False,1.86682691527551e-09,,,193,,,436,,,no allocation size addition or multiplication expression found
devign__16_vulnerable_static_int_mxg_update_cache,array_index_bound_guard,mxg_update_cache,failed,0,,False,1.86682691527551e-09,,,193,,,436,,,no array write found for index bound guard
devign__16_vulnerable_static_int_mxg_update_cache,wide_char_sink_guard,mxg_update_cache,failed,0,,False,1.86682691527551e-09,,,193,,,436,,,no wcscat/wcscpy wide-character sink found
devign__16_vulnerable_static_int_mxg_update_cache,pattern_dead_code,mxg_update_cache,success,0,0,False,1.86682691527551e-09,8.065583824645728e-05,8.0653971419542e-05,193,248,55,436,537,101,
devign__16_vulnerable_static_int_mxg_update_cache,control_wrapper,mxg_update_cache,success,0,0,False,1.86682691527551e-09,1.3923697395057388e-07,1.3737014703529837e-07,193,197,4,436,448,12,
devign__16_vulnerable_static_int_mxg_update_cache,temp_variable_split,mxg_update_cache,failed,0,,False,1.86682691527551e-09,,,193,,,436,,,no simple integer-like assignment candidate found
devign__17_vulnerable_static_void_FUNCC,data_flow_alias,FUNCC,success,0,0,False,0.0760723277926445,0.14988073706626892,0.07380840927362442,168,209,41,259,510,251,
devign__17_vulnerable_static_void_FUNCC,dead_statement,FUNCC,success,0,0,False,0.0760723277926445,0.0760723277926445,0.0,168,180,12,259,286,27,
devign__17_vulnerable_static_void_FUNCC,xfg_targeted_dead_code,FUNCC,success,0,0,False,0.0760723277926445,0.0760723277926445,0.0,168,184,16,259,295,36,
devign__17_vulnerable_static_void_FUNCC,range_clamp,FUNCC,failed,0,,False,0.0760723277926445,,,168,,,259,,,no sensitive call with a clampable size/count argument found
devign__17_vulnerable_static_void_FUNCC,safe_source_substitution,FUNCC,failed,0,,False,0.0760723277926445,,,168,,,259,,,no nested pointer dereference source found
devign__17_vulnerable_static_void_FUNCC,sink_bound_guard,FUNCC,failed,0,,False,0.0760723277926445,,,168,,,259,,,no sensitive sink call found for bound guard insertion
devign__17_vulnerable_static_void_FUNCC,postcondition_validation,FUNCC,failed,0,,False,0.0760723277926445,,,168,,,259,,,no matching *_count/*_read pair found for postcondition validation
devign__17_vulnerable_static_void_FUNCC,integer_overflow_guard,FUNCC,failed,0,,False,0.0760723277926445,,,168,,,259,,,no allocation size addition or multiplication expression found
devign__17_vulnerable_static_void_FUNCC,array_index_bound_guard,FUNCC,failed,0,,False,0.0760723277926445,,,168,,,259,,,no array write found for index bound guard
devign__17_vulnerable_static_void_FUNCC,wide_char_sink_guard,FUNCC,failed,0,,False,0.0760723277926445,,,168,,,259,,,no wcscat/wcscpy wide-character sink found
devign__17_vulnerable_static_void_FUNCC,pattern_dead_code,FUNCC,success,0,0,False,0.0760723277926445,0.00028469349490478635,-0.07578763429773971,168,223,55,259,360,101,
devign__17_vulnerable_static_void_FUNCC,control_wrapper,FUNCC,success,0,0,False,0.0760723277926445,0.16326062381267548,0.08718829602003098,168,193,25,259,481,222,
devign__17_vulnerable_static_void_FUNCC,temp_variable_split,FUNCC,failed,0,,False,0.0760723277926445,,,168,,,259,,,no simple integer-like assignment candidate found
devign__18_vulnerable_mpeg1_decode_sequence,data_flow_alias,mpeg1_decode_sequence,success,1,1,False,0.8990591168403625,0.8048726320266724,-0.09418648481369019,698,716,18,1523,1562,39,
devign__18_vulnerable_mpeg1_decode_sequence,dead_statement,mpeg1_decode_sequence,success,1,1,False,0.8990591168403625,0.7512330412864685,-0.14782607555389404,698,710,12,1523,1550,27,
devign__18_vulnerable_mpeg1_decode_sequence,xfg_targeted_dead_code,mpeg1_decode_sequence,success,1,1,False,0.8990591168403625,0.7506029009819031,-0.14845621585845947,698,714,16,1523,1559,36,
devign__18_vulnerable_mpeg1_decode_sequence,range_clamp,mpeg1_decode_sequence,failed,1,,False,0.8990591168403625,,,698,,,1523,,,no sensitive call with a clampable size/count argument found
devign__18_vulnerable_mpeg1_decode_sequence,safe_source_substitution,mpeg1_decode_sequence,success,1,1,False,0.8990591168403625,0.7345892786979675,-0.16446983814239502,698,706,8,1523,1545,22,
devign__18_vulnerable_mpeg1_decode_sequence,sink_bound_guard,mpeg1_decode_sequence,failed,1,,False,0.8990591168403625,,,698,,,1523,,,no sensitive sink call found for bound guard insertion
devign__18_vulnerable_mpeg1_decode_sequence,postcondition_validation,mpeg1_decode_sequence,failed,1,,False,0.8990591168403625,,,698,,,1523,,,no matching *_count/*_read pair found for postcondition validation
devign__18_vulnerable_mpeg1_decode_sequence,integer_overflow_guard,mpeg1_decode_sequence,failed,1,,False,0.8990591168403625,,,698,,,1523,,,no allocation size addition or multiplication expression found
devign__18_vulnerable_mpeg1_decode_sequence,array_index_bound_guard,mpeg1_decode_sequence,success,1,1,False,0.8990591168403625,0.7307029366493225,-0.16835618019104004,698,724,26,1523,1570,47,
devign__18_vulnerable_mpeg1_decode_sequence,wide_char_sink_guard,mpeg1_decode_sequence,failed,1,,False,0.8990591168403625,,,698,,,1523,,,no wcscat/wcscpy wide-character sink found
devign__18_vulnerable_mpeg1_decode_sequence,pattern_dead_code,mpeg1_decode_sequence,success,1,1,False,0.8990591168403625,0.6047989130020142,-0.2942602038383484,698,753,55,1523,1624,101,
devign__18_vulnerable_mpeg1_decode_sequence,control_wrapper,mpeg1_decode_sequence,success,1,1,False,0.8990591168403625,0.8048725724220276,-0.09418654441833496,698,702,4,1523,1532,9,
devign__18_vulnerable_mpeg1_decode_sequence,temp_variable_split,mpeg1_decode_sequence,failed,1,,False,0.8990591168403625,,,698,,,1523,,,no simple integer-like assignment candidate found
devign__19_non_vulnerable_const_char_get_feature_xml,data_flow_alias,unknown,success,0,0,False,3.863283927785233e-05,0.00018796278163790703,0.0001493299423600547,254,274,20,612,650,38,
devign__19_non_vulnerable_const_char_get_feature_xml,dead_statement,unknown,success,0,0,False,3.863283927785233e-05,4.956499833497219e-05,1.0932159057119861e-05,254,266,12,612,639,27,
devign__19_non_vulnerable_const_char_get_feature_xml,xfg_targeted_dead_code,unknown,success,0,0,False,3.863283927785233e-05,3.863283927785233e-05,0.0,254,270,16,612,648,36,
devign__19_non_vulnerable_const_char_get_feature_xml,range_clamp,unknown,failed,0,,False,3.863283927785233e-05,,,254,,,612,,,no sensitive call with a clampable size/count argument found
devign__19_non_vulnerable_const_char_get_feature_xml,safe_source_substitution,unknown,failed,0,,False,3.863283927785233e-05,,,254,,,612,,,no nested pointer dereference source found
devign__19_non_vulnerable_const_char_get_feature_xml,sink_bound_guard,unknown,failed,0,,False,3.863283927785233e-05,,,254,,,612,,,no sensitive sink call found for bound guard insertion
devign__19_non_vulnerable_const_char_get_feature_xml,postcondition_validation,unknown,failed,0,,False,3.863283927785233e-05,,,254,,,612,,,no matching *_count/*_read pair found for postcondition validation
devign__19_non_vulnerable_const_char_get_feature_xml,integer_overflow_guard,unknown,failed,0,,False,3.863283927785233e-05,,,254,,,612,,,no allocation size addition or multiplication expression found
devign__19_non_vulnerable_const_char_get_feature_xml,array_index_bound_guard,unknown,failed,0,,False,3.863283927785233e-05,,,254,,,612,,,no array write found for index bound guard
devign__19_non_vulnerable_const_char_get_feature_xml,wide_char_sink_guard,unknown,failed,0,,False,3.863283927785233e-05,,,254,,,612,,,no wcscat/wcscpy wide-character sink found
devign__19_non_vulnerable_const_char_get_feature_xml,pattern_dead_code,unknown,success,0,0,False,3.863283927785233e-05,0.0004835055733565241,0.0004448727340786718,254,309,55,612,713,101,
devign__19_non_vulnerable_const_char_get_feature_xml,control_wrapper,unknown,success,0,0,False,3.863283927785233e-05,2.9837181500624865e-05,-8.795657777227461e-06,254,258,4,612,626,14,
devign__19_non_vulnerable_const_char_get_feature_xml,temp_variable_split,unknown,success,0,0,False,3.863283927785233e-05,0.0018853616202250123,0.00184672878094716,254,262,8,612,629,17,
devign__20_non_vulnerable_static_int_vfio_set_resample_eventfd,data_flow_alias,vfio_set_resample_eventfd,success,0,0,False,0.11510657519102097,0.11510656028985977,-1.4901161193847656e-08,202,222,20,403,441,38,
devign__20_non_vulnerable_static_int_vfio_set_resample_eventfd,dead_statement,vfio_set_resample_eventfd,success,0,0,False,0.11510657519102097,0.11510656028985977,-1.4901161193847656e-08,202,214,12,403,430,27,
devign__20_non_vulnerable_static_int_vfio_set_resample_eventfd,xfg_targeted_dead_code,vfio_set_resample_eventfd,success,0,0,False,0.11510657519102097,0.11510656028985977,-1.4901161193847656e-08,202,218,16,403,439,36,
devign__20_non_vulnerable_static_int_vfio_set_resample_eventfd,range_clamp,vfio_set_resample_eventfd,failed,0,,False,0.11510657519102097,,,202,,,403,,,no sensitive call with a clampable size/count argument found
devign__20_non_vulnerable_static_int_vfio_set_resample_eventfd,safe_source_substitution,vfio_set_resample_eventfd,success,0,0,False,0.11510657519102097,0.11510657519102097,0.0,202,212,10,403,420,17,
devign__20_non_vulnerable_static_int_vfio_set_resample_eventfd,sink_bound_guard,vfio_set_resample_eventfd,failed,0,,False,0.11510657519102097,,,202,,,403,,,no sensitive sink call found for bound guard insertion
devign__20_non_vulnerable_static_int_vfio_set_resample_eventfd,postcondition_validation,vfio_set_resample_eventfd,failed,0,,False,0.11510657519102097,,,202,,,403,,,no matching *_count/*_read pair found for postcondition validation
devign__20_non_vulnerable_static_int_vfio_set_resample_eventfd,integer_overflow_guard,vfio_set_resample_eventfd,failed,0,,False,0.11510657519102097,,,202,,,403,,,no allocation size addition or multiplication expression found
devign__20_non_vulnerable_static_int_vfio_set_resample_eventfd,array_index_bound_guard,vfio_set_resample_eventfd,failed,0,,False,0.11510657519102097,,,202,,,403,,,no array write found for index bound guard
devign__20_non_vulnerable_static_int_vfio_set_resample_eventfd,wide_char_sink_guard,vfio_set_resample_eventfd,failed,0,,False,0.11510657519102097,,,202,,,403,,,no wcscat/wcscpy wide-character sink found
devign__20_non_vulnerable_static_int_vfio_set_resample_eventfd,pattern_dead_code,vfio_set_resample_eventfd,success,0,0,False,0.11510657519102097,0.08531999588012695,-0.029786579310894012,202,257,55,403,504,101,
devign__20_non_vulnerable_static_int_vfio_set_resample_eventfd,control_wrapper,vfio_set_resample_eventfd,success,0,0,False,0.11510657519102097,0.026985226199030876,-0.08812134899199009,202,206,4,403,414,11,
devign__20_non_vulnerable_static_int_vfio_set_resample_eventfd,temp_variable_split,vfio_set_resample_eventfd,failed,0,,False,0.11510657519102097,,,202,,,403,,,no simple integer-like assignment candidate found
