sample,action,budget,function,true_label,target_label,status,base_label,variant_label,flipped,attack_success,base_prob,variant_prob,delta_probability,base_nodes,variant_nodes,delta_nodes,base_edges,variant_edges,delta_edges,base_xfg_count,variant_xfg_count,winner_category,winner_key_line,winner_raw_nodes,winner_nodes,winner_fallback,applied_count,runtime_ms,operations,error
cvefixes__02_fixed_dl_dst_substitute,winner_xfg_edge_attack,1,if,0,1,success,0,0,False,False,1.0735370814529688e-08,1.1463435534153632e-08,7.280647196239443e-10,24,24,0,113,114,1,4,4,array,22,23,23,winner_xfg,1,46.624519000033615,"[{""step"": 1, ""action"": ""winner_xfg_edge_attack"", ""target_nodes"": [22, 61], ""removed_edges"": [], ""added_edges"": [[22, 61, ""d""]], ""details"": ""bridged winner-XFG d edge 22->61 to increase the vulnerable score""}]",
cvefixes__02_fixed_dl_dst_substitute,winner_xfg_edge_attack,3,if,0,1,success,0,0,False,False,1.0735370814529688e-08,2.487469785705798e-08,1.4139327042528294e-08,24,24,0,113,116,3,4,4,array,22,23,23,winner_xfg,3,49.61757000000944,"[{""step"": 1, ""action"": ""winner_xfg_edge_attack"", ""target_nodes"": [22, 61], ""removed_edges"": [], ""added_edges"": [[22, 61, ""d""]], ""details"": ""bridged winner-XFG d edge 22->61 to increase the vulnerable score""}, {""step"": 2, ""action"": ""winner_xfg_edge_attack"", ""target_nodes"": [22, 65], ""removed_edges"": [], ""added_edges"": [[22, 65, ""d""]], ""details"": ""bridged winner-XFG d edge 22->65 to increase the vulnerable score""}, {""step"": 3, ""action"": ""winner_xfg_edge_attack"", ""target_nodes"": [22, 1], ""removed_edges"": [], ""added_edges"": [[22, 1, ""d""]], ""details"": ""bridged winner-XFG d edge 22->1 to increase the vulnerable score""}]",
cvefixes__02_fixed_dl_dst_substitute,winner_xfg_edge_attack,5,if,0,1,success,0,0,False,False,1.0735370814529688e-08,2.53753711376703e-08,1.4640000323140612e-08,24,24,0,113,118,5,4,4,array,22,23,23,winner_xfg,5,50.479026999710186,"[{""step"": 1, ""action"": ""winner_xfg_edge_attack"", ""target_nodes"": [22, 61], ""removed_edges"": [], ""added_edges"": [[22, 61, ""d""]], ""details"": ""bridged winner-XFG d edge 22->61 to increase the vulnerable score""}, {""step"": 2, ""action"": ""winner_xfg_edge_attack"", ""target_nodes"": [22, 65], ""removed_edges"": [], ""added_edges"": [[22, 65, ""d""]], ""details"": ""bridged winner-XFG d edge 22->65 to increase the vulnerable score""}, {""step"": 3, ""action"": ""winner_xfg_edge_attack"", ""target_nodes"": [22, 1], ""removed_edges"": [], ""added_edges"": [[22, 1, ""d""]], ""details"": ""bridged winner-XFG d edge 22->1 to increase the vulnerable score""}, {""step"": 4, ""action"": ""winner_xfg_edge_attack"", ""target_nodes"": [22, 15], ""removed_edges"": [], ""added_edges"": [[22, 15, ""d""]], ""details"": ""bridged winner-XFG d edge 22->15 to increase the vulnerable score""}, {""step"": 5, ""action"": ""winner_xfg_edge_attack"", ""target_nodes"": [31, 22], ""removed_edges"": [], ""added_edges"": [[31, 22, ""d""]], ""details"": ""bridged winner-XFG d edge 31->22 to increase the vulnerable score""}]",
cvefixes__02_fixed_dl_dst_substitute,winner_xfg_feature_mask,1,if,0,1,success,0,0,False,False,1.0735370814529688e-08,8.320561128982717e-09,-2.4148096855469703e-09,24,24,0,113,113,0,4,4,array,22,23,23,winner_xfg,1,51.08675500014215,"[{""step"": 1, ""action"": ""winner_xfg_feature_mask"", ""target_nodes"": [61], ""removed_edges"": [], ""added_edges"": [], ""details"": ""remapped winner-XFG node 61 from source line 61 to key-line line 22""}]",
cvefixes__02_fixed_dl_dst_substitute,winner_xfg_feature_mask,3,if,0,1,success,0,0,False,False,1.0735370814529688e-08,5.381768364287609e-09,-5.353602450242079e-09,24,24,0,113,113,0,4,4,array,22,23,23,winner_xfg,3,39.6350020000682,"[{""step"": 1, ""action"": ""winner_xfg_feature_mask"", ""target_nodes"": [61], ""removed_edges"": [], ""added_edges"": [], ""details"": ""remapped winner-XFG node 61 from source line 61 to key-line line 22""}, {""step"": 2, ""action"": ""winner_xfg_feature_mask"", ""target_nodes"": [57], ""removed_edges"": [], ""added_edges"": [], ""details"": ""remapped winner-XFG node 57 from source line 57 to key-line line 22""}, {""step"": 3, ""action"": ""winner_xfg_feature_mask"", ""target_nodes"": [65], ""removed_edges"": [], ""added_edges"": [], ""details"": ""remapped winner-XFG node 65 from source line 65 to key-line line 22""}]",
cvefixes__02_fixed_dl_dst_substitute,winner_xfg_feature_mask,5,if,0,1,success,0,0,False,False,1.0735370814529688e-08,1.3990244518424788e-08,3.2548737038951003e-09,24,24,0,113,113,0,4,4,array,22,23,23,winner_xfg,5,55.47893599987219,"[{""step"": 1, ""action"": ""winner_xfg_feature_mask"", ""target_nodes"": [61], ""removed_edges"": [], ""added_edges"": [], ""details"": ""remapped winner-XFG node 61 from source line 61 to key-line line 22""}, {""step"": 2, ""action"": ""winner_xfg_feature_mask"", ""target_nodes"": [57], ""removed_edges"": [], ""added_edges"": [], ""details"": ""remapped winner-XFG node 57 from source line 57 to key-line line 22""}, {""step"": 3, ""action"": ""winner_xfg_feature_mask"", ""target_nodes"": [65], ""removed_edges"": [], ""added_edges"": [], ""details"": ""remapped winner-XFG node 65 from source line 65 to key-line line 22""}, {""step"": 4, ""action"": ""winner_xfg_feature_mask"", ""target_nodes"": [50], ""removed_edges"": [], ""added_edges"": [], ""details"": ""remapped winner-XFG node 50 from source line 50 to key-line line 22""}, {""step"": 5, ""action"": ""winner_xfg_feature_mask"", ""target_nodes"": [43], ""removed_edges"": [], ""added_edges"": [], ""details"": ""remapped winner-XFG node 43 from source line 43 to key-line line 22""}]",
cvefixes__02_fixed_dl_dst_substitute,targeted_subgraph_injection,1,if,0,1,success,0,0,False,False,1.0735370814529688e-08,6.425796783560145e-08,5.352259702107176e-08,24,27,3,113,117,4,4,4,array,22,23,23,winner_xfg,1,52.53673700008221,"[{""step"": 1, ""action"": ""targeted_subgraph_injection"", ""target_nodes"": [61, -1, -2, -3, 22], ""removed_edges"": [], ""added_edges"": [[61, -1, ""d""], [-1, -2, ""d""], [-2, -3, ""c""], [-3, 22, ""d""]], ""details"": ""injected a three-node key-line-feature motif around winner key line 22""}]",
cvefixes__02_fixed_dl_dst_substitute,targeted_subgraph_injection,3,if,0,1,success,0,0,False,False,1.0735370814529688e-08,6.752969170520373e-07,6.645615462375076e-07,24,33,9,113,125,12,4,4,array,22,23,23,winner_xfg,3,58.59488700025395,"[{""step"": 1, ""action"": ""targeted_subgraph_injection"", ""target_nodes"": [61, -1, -2, -3, 22], ""removed_edges"": [], ""added_edges"": [[61, -1, ""d""], [-1, -2, ""d""], [-2, -3, ""c""], [-3, 22, ""d""]], ""details"": ""injected a three-node key-line-feature motif around winner key line 22""}, {""step"": 2, ""action"": ""targeted_subgraph_injection"", ""target_nodes"": [61, -4, -5, -6, 22], ""removed_edges"": [], ""added_edges"": [[61, -4, ""d""], [-4, -5, ""d""], [-5, -6, ""c""], [-6, 22, ""d""]], ""details"": ""injected a three-node key-line-feature motif around winner key line 22""}, {""step"": 3, ""action"": ""targeted_subgraph_injection"", ""target_nodes"": [61, -7, -8, -9, 22], ""removed_edges"": [], ""added_edges"": [[61, -7, ""d""], [-7, -8, ""d""], [-8, -9, ""c""], [-9, 22, ""d""]], ""details"": ""injected a three-node key-line-feature motif around winner key line 22""}]",
cvefixes__02_fixed_dl_dst_substitute,targeted_subgraph_injection,5,if,0,1,success,0,0,False,False,1.0735370814529688e-08,2.8839860988227883e-06,2.8732507280082586e-06,24,39,15,113,133,20,4,4,array,22,23,23,winner_xfg,5,60.21808500008774,"[{""step"": 1, ""action"": ""targeted_subgraph_injection"", ""target_nodes"": [61, -1, -2, -3, 22], ""removed_edges"": [], ""added_edges"": [[61, -1, ""d""], [-1, -2, ""d""], [-2, -3, ""c""], [-3, 22, ""d""]], ""details"": ""injected a three-node key-line-feature motif around winner key line 22""}, {""step"": 2, ""action"": ""targeted_subgraph_injection"", ""target_nodes"": [61, -4, -5, -6, 22], ""removed_edges"": [], ""added_edges"": [[61, -4, ""d""], [-4, -5, ""d""], [-5, -6, ""c""], [-6, 22, ""d""]], ""details"": ""injected a three-node key-line-feature motif around winner key line 22""}, {""step"": 3, ""action"": ""targeted_subgraph_injection"", ""target_nodes"": [61, -7, -8, -9, 22], ""removed_edges"": [], ""added_edges"": [[61, -7, ""d""], [-7, -8, ""d""], [-8, -9, ""c""], [-9, 22, ""d""]], ""details"": ""injected a three-node key-line-feature motif around winner key line 22""}, {""step"": 4, ""action"": ""targeted_subgraph_injection"", ""target_nodes"": [61, -10, -11, -12, 22], ""removed_edges"": [], ""added_edges"": [[61, -10, ""d""], [-10, -11, ""d""], [-11, -12, ""c""], [-12, 22, ""d""]], ""details"": ""injected a three-node key-line-feature motif around winner key line 22""}, {""step"": 5, ""action"": ""targeted_subgraph_injection"", ""target_nodes"": [61, -13, -14, -15, 22], ""removed_edges"": [], ""added_edges"": [[61, -13, ""d""], [-13, -14, ""d""], [-14, -15, ""c""], [-15, 22, ""d""]], ""details"": ""injected a three-node key-line-feature motif around winner key line 22""}]",
cvefixes__03_fixed_KPasswordDlg_keyPressed,winner_xfg_edge_attack,1,unknown,0,1,success,0,0,False,False,2.2707772586727515e-06,6.0061047406634316e-05,5.7790270147961564e-05,31,31,0,34,35,1,4,4,ptr,25,6,6,winner_xfg,1,58.38125099990066,"[{""step"": 1, ""action"": ""winner_xfg_edge_attack"", ""target_nodes"": [25, 21], ""removed_edges"": [], ""added_edges"": [[25, 21, ""d""]], ""details"": ""bridged winner-XFG d edge 25->21 to increase the vulnerable score""}]",
cvefixes__03_fixed_KPasswordDlg_keyPressed,winner_xfg_edge_attack,3,unknown,0,1,success,0,0,False,False,2.2707772586727515e-06,1.4951322555134539e-05,1.2680545296461787e-05,31,31,0,34,37,3,4,4,ptr,25,6,6,winner_xfg,3,61.55069899978116,"[{""step"": 1, ""action"": ""winner_xfg_edge_attack"", ""target_nodes"": [25, 21], ""removed_edges"": [], ""added_edges"": [[25, 21, ""d""]], ""details"": ""bridged winner-XFG d edge 25->21 to increase the vulnerable score""}, {""step"": 2, ""action"": ""winner_xfg_edge_attack"", ""target_nodes"": [25, 5], ""removed_edges"": [], ""added_edges"": [[25, 5, ""d""]], ""details"": ""bridged winner-XFG d edge 25->5 to increase the vulnerable score""}, {""step"": 3, ""action"": ""winner_xfg_edge_attack"", ""target_nodes"": [5, 25], ""removed_edges"": [], ""added_edges"": [[5, 25, ""d""]], ""details"": ""bridged winner-XFG d edge 5->25 to increase the vulnerable score""}]",
cvefixes__03_fixed_KPasswordDlg_keyPressed,winner_xfg_edge_attack,5,unknown,0,1,success,0,0,False,False,2.2707772586727515e-06,3.90959030482918e-06,1.6388130461564288e-06,31,31,0,34,39,5,4,4,ptr,25,6,6,winner_xfg,5,55.18217200005893,"[{""step"": 1, ""action"": ""winner_xfg_edge_attack"", ""target_nodes"": [25, 21], ""removed_edges"": [], ""added_edges"": [[25, 21, ""d""]], ""details"": ""bridged winner-XFG d edge 25->21 to increase the vulnerable score""}, {""step"": 2, ""action"": ""winner_xfg_edge_attack"", ""target_nodes"": [25, 5], ""removed_edges"": [], ""added_edges"": [[25, 5, ""d""]], ""details"": ""bridged winner-XFG d edge 25->5 to increase the vulnerable score""}, {""step"": 3, ""action"": ""winner_xfg_edge_attack"", ""target_nodes"": [5, 25], ""removed_edges"": [], ""added_edges"": [[5, 25, ""d""]], ""details"": ""bridged winner-XFG d edge 5->25 to increase the vulnerable score""}, {""step"": 4, ""action"": ""winner_xfg_edge_attack"", ""target_nodes"": [25, 1], ""removed_edges"": [], ""added_edges"": [[25, 1, ""d""]], ""details"": ""bridged winner-XFG d edge 25->1 to increase the vulnerable score""}, {""step"": 5, ""action"": ""winner_xfg_edge_attack"", ""target_nodes"": [1, 25], ""removed_edges"": [], ""added_edges"": [[1, 25, ""d""]], ""details"": ""bridged winner-XFG d edge 1->25 to increase the vulnerable score""}]",
cvefixes__03_fixed_KPasswordDlg_keyPressed,winner_xfg_feature_mask,1,unknown,0,1,success,0,0,False,False,2.2707772586727515e-06,2.0974296148779104e-06,-1.7334764379484113e-07,31,31,0,34,34,0,4,4,ptr,25,6,6,winner_xfg,1,53.04884699989998,"[{""step"": 1, ""action"": ""winner_xfg_feature_mask"", ""target_nodes"": [21], ""removed_edges"": [], ""added_edges"": [], ""details"": ""remapped winner-XFG node 21 from source line 21 to key-line line 25""}]",
cvefixes__03_fixed_KPasswordDlg_keyPressed,winner_xfg_feature_mask,3,unknown,0,1,success,0,0,False,False,2.2707772586727515e-06,8.508218911629228e-07,-1.4199553675098286e-06,31,31,0,34,34,0,4,4,ptr,25,6,6,winner_xfg,3,62.32323099993664,"[{""step"": 1, ""action"": ""winner_xfg_feature_mask"", ""target_nodes"": [21], ""removed_edges"": [], ""added_edges"": [], ""details"": ""remapped winner-XFG node 21 from source line 21 to key-line line 25""}, {""step"": 2, ""action"": ""winner_xfg_feature_mask"", ""target_nodes"": [1], ""removed_edges"": [], ""added_edges"": [], ""details"": ""remapped winner-XFG node 1 from source line 1 to key-line line 25""}, {""step"": 3, ""action"": ""winner_xfg_feature_mask"", ""target_nodes"": [4], ""removed_edges"": [], ""added_edges"": [], ""details"": ""remapped winner-XFG node 4 from source line 4 to key-line line 25""}]",
cvefixes__03_fixed_KPasswordDlg_keyPressed,winner_xfg_feature_mask,5,unknown,0,1,success,0,0,False,False,2.2707772586727515e-06,7.757824278087355e-06,5.487047019414604e-06,31,31,0,34,34,0,4,4,ptr,25,6,6,winner_xfg,5,50.222573000155535,"[{""step"": 1, ""action"": ""winner_xfg_feature_mask"", ""target_nodes"": [21], ""removed_edges"": [], ""added_edges"": [], ""details"": ""remapped winner-XFG node 21 from source line 21 to key-line line 25""}, {""step"": 2, ""action"": ""winner_xfg_feature_mask"", ""target_nodes"": [1], ""removed_edges"": [], ""added_edges"": [], ""details"": ""remapped winner-XFG node 1 from source line 1 to key-line line 25""}, {""step"": 3, ""action"": ""winner_xfg_feature_mask"", ""target_nodes"": [4], ""removed_edges"": [], ""added_edges"": [], ""details"": ""remapped winner-XFG node 4 from source line 4 to key-line line 25""}, {""step"": 4, ""action"": ""winner_xfg_feature_mask"", ""target_nodes"": [3], ""removed_edges"": [], ""added_edges"": [], ""details"": ""remapped winner-XFG node 3 from source line 3 to key-line line 25""}, {""step"": 5, ""action"": ""winner_xfg_feature_mask"", ""target_nodes"": [22], ""removed_edges"": [], ""added_edges"": [], ""details"": ""remapped winner-XFG node 22 from source line 22 to key-line line 25""}]",
cvefixes__03_fixed_KPasswordDlg_keyPressed,targeted_subgraph_injection,1,unknown,0,1,success,0,0,False,False,2.2707772586727515e-06,7.639379873580765e-06,5.3686026149080135e-06,31,34,3,34,38,4,4,4,ptr,25,6,6,winner_xfg,1,46.231955000166636,"[{""step"": 1, ""action"": ""targeted_subgraph_injection"", ""target_nodes"": [21, -1, -2, -3, 25], ""removed_edges"": [], ""added_edges"": [[21, -1, ""d""], [-1, -2, ""d""], [-2, -3, ""c""], [-3, 25, ""d""]], ""details"": ""injected a three-node key-line-feature motif around winner key line 25""}]",
cvefixes__03_fixed_KPasswordDlg_keyPressed,targeted_subgraph_injection,3,unknown,0,1,success,0,0,False,False,2.2707772586727515e-06,7.058392839098815e-06,4.787615580426063e-06,31,40,9,34,46,12,4,4,ptr,25,6,6,winner_xfg,3,42.856648999986646,"[{""step"": 1, ""action"": ""targeted_subgraph_injection"", ""target_nodes"": [21, -1, -2, -3, 25], ""removed_edges"": [], ""added_edges"": [[21, -1, ""d""], [-1, -2, ""d""], [-2, -3, ""c""], [-3, 25, ""d""]], ""details"": ""injected a three-node key-line-feature motif around winner key line 25""}, {""step"": 2, ""action"": ""targeted_subgraph_injection"", ""target_nodes"": [21, -4, -5, -6, 25], ""removed_edges"": [], ""added_edges"": [[21, -4, ""d""], [-4, -5, ""d""], [-5, -6, ""c""], [-6, 25, ""d""]], ""details"": ""injected a three-node key-line-feature motif around winner key line 25""}, {""step"": 3, ""action"": ""targeted_subgraph_injection"", ""target_nodes"": [21, -7, -8, -9, 25], ""removed_edges"": [], ""added_edges"": [[21, -7, ""d""], [-7, -8, ""d""], [-8, -9, ""c""], [-9, 25, ""d""]], ""details"": ""injected a three-node key-line-feature motif around winner key line 25""}]",
cvefixes__03_fixed_KPasswordDlg_keyPressed,targeted_subgraph_injection,5,unknown,0,1,success,0,0,False,False,2.2707772586727515e-06,1.5979454701664508e-06,-6.728317885063007e-07,31,46,15,34,54,20,4,4,ptr,25,6,6,winner_xfg,5,40.56201200000942,"[{""step"": 1, ""action"": ""targeted_subgraph_injection"", ""target_nodes"": [21, -1, -2, -3, 25], ""removed_edges"": [], ""added_edges"": [[21, -1, ""d""], [-1, -2, ""d""], [-2, -3, ""c""], [-3, 25, ""d""]], ""details"": ""injected a three-node key-line-feature motif around winner key line 25""}, {""step"": 2, ""action"": ""targeted_subgraph_injection"", ""target_nodes"": [21, -4, -5, -6, 25], ""removed_edges"": [], ""added_edges"": [[21, -4, ""d""], [-4, -5, ""d""], [-5, -6, ""c""], [-6, 25, ""d""]], ""details"": ""injected a three-node key-line-feature motif around winner key line 25""}, {""step"": 3, ""action"": ""targeted_subgraph_injection"", ""target_nodes"": [21, -7, -8, -9, 25], ""removed_edges"": [], ""added_edges"": [[21, -7, ""d""], [-7, -8, ""d""], [-8, -9, ""c""], [-9, 25, ""d""]], ""details"": ""injected a three-node key-line-feature motif around winner key line 25""}, {""step"": 4, ""action"": ""targeted_subgraph_injection"", ""target_nodes"": [21, -10, -11, -12, 25], ""removed_edges"": [], ""added_edges"": [[21, -10, ""d""], [-10, -11, ""d""], [-11, -12, ""c""], [-12, 25, ""d""]], ""details"": ""injected a three-node key-line-feature motif around winner key line 25""}, {""step"": 5, ""action"": ""targeted_subgraph_injection"", ""target_nodes"": [21, -13, -14, -15, 25], ""removed_edges"": [], ""added_edges"": [[21, -13, ""d""], [-13, -14, ""d""], [-14, -15, ""c""], [-15, 25, ""d""]], ""details"": ""injected a three-node key-line-feature motif around winner key line 25""}]",
cvefixes__04_fixed_ia64_patch_rse,winner_xfg_edge_attack,1,unknown,0,1,success,0,0,False,False,1.796072319848463e-05,8.692425035405904e-05,6.896352715557441e-05,8,8,0,13,14,1,2,2,arith,7,7,7,winner_xfg,1,30.581831999825226,"[{""step"": 1, ""action"": ""winner_xfg_edge_attack"", ""target_nodes"": [7, 6], ""removed_edges"": [], ""added_edges"": [[7, 6, ""d""]], ""details"": ""bridged winner-XFG d edge 7->6 to increase the vulnerable score""}]",
cvefixes__04_fixed_ia64_patch_rse,winner_xfg_edge_attack,3,unknown,0,1,success,0,0,False,False,1.796072319848463e-05,1.044750115397619e-05,-7.5132220445084386e-06,8,8,0,13,16,3,2,2,arith,7,7,7,winner_xfg,3,36.04617200016946,"[{""step"": 1, ""action"": ""winner_xfg_edge_attack"", ""target_nodes"": [7, 6], ""removed_edges"": [], ""added_edges"": [[7, 6, ""d""]], ""details"": ""bridged winner-XFG d edge 7->6 to increase the vulnerable score""}, {""step"": 2, ""action"": ""winner_xfg_edge_attack"", ""target_nodes"": [7, 3], ""removed_edges"": [], ""added_edges"": [[7, 3, ""d""]], ""details"": ""bridged winner-XFG d edge 7->3 to increase the vulnerable score""}, {""step"": 3, ""action"": ""winner_xfg_edge_attack"", ""target_nodes"": [9, 7], ""removed_edges"": [], ""added_edges"": [[9, 7, ""d""]], ""details"": ""bridged winner-XFG d edge 9->7 to increase the vulnerable score""}]",
cvefixes__04_fixed_ia64_patch_rse,winner_xfg_edge_attack,5,unknown,0,1,success,0,0,False,False,1.796072319848463e-05,3.0063163649174385e-05,1.2102440450689755e-05,8,8,0,13,18,5,2,2,arith,7,7,7,winner_xfg,5,27.552904000003764,"[{""step"": 1, ""action"": ""winner_xfg_edge_attack"", ""target_nodes"": [7, 6], ""removed_edges"": [], ""added_edges"": [[7, 6, ""d""]], ""details"": ""bridged winner-XFG d edge 7->6 to increase the vulnerable score""}, {""step"": 2, ""action"": ""winner_xfg_edge_attack"", ""target_nodes"": [7, 3], ""removed_edges"": [], ""added_edges"": [[7, 3, ""d""]], ""details"": ""bridged winner-XFG d edge 7->3 to increase the vulnerable score""}, {""step"": 3, ""action"": ""winner_xfg_edge_attack"", ""target_nodes"": [9, 7], ""removed_edges"": [], ""added_edges"": [[9, 7, ""d""]], ""details"": ""bridged winner-XFG d edge 9->7 to increase the vulnerable score""}, {""step"": 4, ""action"": ""winner_xfg_edge_attack"", ""target_nodes"": [11, 7], ""removed_edges"": [], ""added_edges"": [[11, 7, ""d""]], ""details"": ""bridged winner-XFG d edge 11->7 to increase the vulnerable score""}, {""step"": 5, ""action"": ""winner_xfg_edge_attack"", ""target_nodes"": [7, 10], ""removed_edges"": [], ""added_edges"": [[7, 10, ""d""]], ""details"": ""bridged winner-XFG d edge 7->10 to increase the vulnerable score""}]",
cvefixes__04_fixed_ia64_patch_rse,winner_xfg_feature_mask,1,unknown,0,1,success,0,0,False,False,1.796072319848463e-05,9.720731031848118e-05,7.924658711999655e-05,8,8,0,13,13,0,2,2,arith,7,7,7,winner_xfg,1,28.737213999647793,"[{""step"": 1, ""action"": ""winner_xfg_feature_mask"", ""target_nodes"": [6], ""removed_edges"": [], ""added_edges"": [], ""details"": ""remapped winner-XFG node 6 from source line 6 to key-line line 7""}]",
cvefixes__04_fixed_ia64_patch_rse,winner_xfg_feature_mask,3,unknown,0,1,success,0,0,False,False,1.796072319848463e-05,0.001471683499403298,0.0014537227762048133,8,8,0,13,13,0,2,2,arith,7,7,7,winner_xfg,3,33.385722000275564,"[{""step"": 1, ""action"": ""winner_xfg_feature_mask"", ""target_nodes"": [6], ""removed_edges"": [], ""added_edges"": [], ""details"": ""remapped winner-XFG node 6 from source line 6 to key-line line 7""}, {""step"": 2, ""action"": ""winner_xfg_feature_mask"", ""target_nodes"": [3], ""removed_edges"": [], ""added_edges"": [], ""details"": ""remapped winner-XFG node 3 from source line 3 to key-line line 7""}, {""step"": 3, ""action"": ""winner_xfg_feature_mask"", ""target_nodes"": [9], ""removed_edges"": [], ""added_edges"": [], ""details"": ""remapped winner-XFG node 9 from source line 9 to key-line line 7""}]",
cvefixes__04_fixed_ia64_patch_rse,winner_xfg_feature_mask,5,unknown,0,1,success,0,0,False,False,1.796072319848463e-05,0.0044000400230288506,0.004382079299830366,8,8,0,13,13,0,2,2,arith,7,7,7,winner_xfg,5,33.189617000061844,"[{""step"": 1, ""action"": ""winner_xfg_feature_mask"", ""target_nodes"": [6], ""removed_edges"": [], ""added_edges"": [], ""details"": ""remapped winner-XFG node 6 from source line 6 to key-line line 7""}, {""step"": 2, ""action"": ""winner_xfg_feature_mask"", ""target_nodes"": [3], ""removed_edges"": [], ""added_edges"": [], ""details"": ""remapped winner-XFG node 3 from source line 3 to key-line line 7""}, {""step"": 3, ""action"": ""winner_xfg_feature_mask"", ""target_nodes"": [9], ""removed_edges"": [], ""added_edges"": [], ""details"": ""remapped winner-XFG node 9 from source line 9 to key-line line 7""}, {""step"": 4, ""action"": ""winner_xfg_feature_mask"", ""target_nodes"": [11], ""removed_edges"": [], ""added_edges"": [], ""details"": ""remapped winner-XFG node 11 from source line 11 to key-line line 7""}, {""step"": 5, ""action"": ""winner_xfg_feature_mask"", ""target_nodes"": [1], ""removed_edges"": [], ""added_edges"": [], ""details"": ""remapped winner-XFG node 1 from source line 1 to key-line line 7""}]",
cvefixes__04_fixed_ia64_patch_rse,targeted_subgraph_injection,1,unknown,0,1,success,0,0,False,False,1.796072319848463e-05,0.0058587417006492615,0.005840780977450777,8,11,3,13,17,4,2,2,arith,7,7,7,winner_xfg,1,30.872231000103056,"[{""step"": 1, ""action"": ""targeted_subgraph_injection"", ""target_nodes"": [6, -1, -2, -3, 7], ""removed_edges"": [], ""added_edges"": [[6, -1, ""d""], [-1, -2, ""d""], [-2, -3, ""c""], [-3, 7, ""d""]], ""details"": ""injected a three-node key-line-feature motif around winner key line 7""}]",
cvefixes__04_fixed_ia64_patch_rse,targeted_subgraph_injection,3,unknown,0,1,success,0,0,False,False,1.796072319848463e-05,0.025500917807221413,0.025482957084022928,8,17,9,13,25,12,2,2,arith,7,7,7,winner_xfg,3,47.40476999995735,"[{""step"": 1, ""action"": ""targeted_subgraph_injection"", ""target_nodes"": [6, -1, -2, -3, 7], ""removed_edges"": [], ""added_edges"": [[6, -1, ""d""], [-1, -2, ""d""], [-2, -3, ""c""], [-3, 7, ""d""]], ""details"": ""injected a three-node key-line-feature motif around winner key line 7""}, {""step"": 2, ""action"": ""targeted_subgraph_injection"", ""target_nodes"": [6, -4, -5, -6, 7], ""removed_edges"": [], ""added_edges"": [[6, -4, ""d""], [-4, -5, ""d""], [-5, -6, ""c""], [-6, 7, ""d""]], ""details"": ""injected a three-node key-line-feature motif around winner key line 7""}, {""step"": 3, ""action"": ""targeted_subgraph_injection"", ""target_nodes"": [6, -7, -8, -9, 7], ""removed_edges"": [], ""added_edges"": [[6, -7, ""d""], [-7, -8, ""d""], [-8, -9, ""c""], [-9, 7, ""d""]], ""details"": ""injected a three-node key-line-feature motif around winner key line 7""}]",
cvefixes__04_fixed_ia64_patch_rse,targeted_subgraph_injection,5,unknown,0,1,success,0,0,False,False,1.796072319848463e-05,0.07015962898731232,0.07014166826411383,8,23,15,13,33,20,2,2,arith,7,7,7,winner_xfg,5,35.20518199957223,"[{""step"": 1, ""action"": ""targeted_subgraph_injection"", ""target_nodes"": [6, -1, -2, -3, 7], ""removed_edges"": [], ""added_edges"": [[6, -1, ""d""], [-1, -2, ""d""], [-2, -3, ""c""], [-3, 7, ""d""]], ""details"": ""injected a three-node key-line-feature motif around winner key line 7""}, {""step"": 2, ""action"": ""targeted_subgraph_injection"", ""target_nodes"": [6, -4, -5, -6, 7], ""removed_edges"": [], ""added_edges"": [[6, -4, ""d""], [-4, -5, ""d""], [-5, -6, ""c""], [-6, 7, ""d""]], ""details"": ""injected a three-node key-line-feature motif around winner key line 7""}, {""step"": 3, ""action"": ""targeted_subgraph_injection"", ""target_nodes"": [6, -7, -8, -9, 7], ""removed_edges"": [], ""added_edges"": [[6, -7, ""d""], [-7, -8, ""d""], [-8, -9, ""c""], [-9, 7, ""d""]], ""details"": ""injected a three-node key-line-feature motif around winner key line 7""}, {""step"": 4, ""action"": ""targeted_subgraph_injection"", ""target_nodes"": [6, -10, -11, -12, 7], ""removed_edges"": [], ""added_edges"": [[6, -10, ""d""], [-10, -11, ""d""], [-11, -12, ""c""], [-12, 7, ""d""]], ""details"": ""injected a three-node key-line-feature motif around winner key line 7""}, {""step"": 5, ""action"": ""targeted_subgraph_injection"", ""target_nodes"": [6, -13, -14, -15, 7], ""removed_edges"": [], ""added_edges"": [[6, -13, ""d""], [-13, -14, ""d""], [-14, -15, ""c""], [-15, 7, ""d""]], ""details"": ""injected a three-node key-line-feature motif around winner key line 7""}]",
cvefixes__05_fixed_altivec_unavailable_exception,winner_xfg_edge_attack,1,altivec_unavailable_exception,0,1,success,0,0,False,False,0.0003320919058751315,0.016626497730612755,0.016294405824737623,7,7,0,8,9,1,1,1,ptr,6,3,3,winner_xfg,1,37.54890799973509,"[{""step"": 1, ""action"": ""winner_xfg_edge_attack"", ""target_nodes"": [6, 3], ""removed_edges"": [], ""added_edges"": [[6, 3, ""d""]], ""details"": ""bridged winner-XFG d edge 6->3 to increase the vulnerable score""}]",
cvefixes__05_fixed_altivec_unavailable_exception,winner_xfg_edge_attack,3,altivec_unavailable_exception,0,1,success,0,0,False,False,0.0003320919058751315,0.02645009756088257,0.026118005655007437,7,7,0,8,11,3,1,1,ptr,6,3,3,winner_xfg,3,25.3096149999692,"[{""step"": 1, ""action"": ""winner_xfg_edge_attack"", ""target_nodes"": [6, 3], ""removed_edges"": [], ""added_edges"": [[6, 3, ""d""]], ""details"": ""bridged winner-XFG d edge 6->3 to increase the vulnerable score""}, {""step"": 2, ""action"": ""winner_xfg_edge_attack"", ""target_nodes"": [6, 1], ""removed_edges"": [], ""added_edges"": [[6, 1, ""d""]], ""details"": ""bridged winner-XFG d edge 6->1 to increase the vulnerable score""}, {""step"": 3, ""action"": ""winner_xfg_edge_attack"", ""target_nodes"": [6, 12], ""removed_edges"": [], ""added_edges"": [[6, 12, ""d""]], ""details"": ""bridged winner-XFG d edge 6->12 to increase the vulnerable score""}]",
cvefixes__05_fixed_altivec_unavailable_exception,winner_xfg_edge_attack,5,altivec_unavailable_exception,0,1,success,0,0,False,False,0.0003320919058751315,0.031078331172466278,0.030746239266591147,7,7,0,8,13,5,1,1,ptr,6,3,3,winner_xfg,5,28.480812999987393,"[{""step"": 1, ""action"": ""winner_xfg_edge_attack"", ""target_nodes"": [6, 3], ""removed_edges"": [], ""added_edges"": [[6, 3, ""d""]], ""details"": ""bridged winner-XFG d edge 6->3 to increase the vulnerable score""}, {""step"": 2, ""action"": ""winner_xfg_edge_attack"", ""target_nodes"": [6, 1], ""removed_edges"": [], ""added_edges"": [[6, 1, ""d""]], ""details"": ""bridged winner-XFG d edge 6->1 to increase the vulnerable score""}, {""step"": 3, ""action"": ""winner_xfg_edge_attack"", ""target_nodes"": [6, 12], ""removed_edges"": [], ""added_edges"": [[6, 12, ""d""]], ""details"": ""bridged winner-XFG d edge 6->12 to increase the vulnerable score""}, {""step"": 4, ""action"": ""winner_xfg_edge_attack"", ""target_nodes"": [12, 6], ""removed_edges"": [], ""added_edges"": [[12, 6, ""d""]], ""details"": ""bridged winner-XFG d edge 12->6 to increase the vulnerable score""}, {""step"": 5, ""action"": ""winner_xfg_edge_attack"", ""target_nodes"": [6, 7], ""removed_edges"": [], ""added_edges"": [[6, 7, ""d""]], ""details"": ""bridged winner-XFG d edge 6->7 to increase the vulnerable score""}]",
cvefixes__05_fixed_altivec_unavailable_exception,winner_xfg_feature_mask,1,altivec_unavailable_exception,0,1,success,0,0,False,False,0.0003320919058751315,4.4330417381388543e-07,-0.0003316486017013176,7,7,0,8,8,0,1,1,ptr,6,3,3,winner_xfg,1,25.185038000017812,"[{""step"": 1, ""action"": ""winner_xfg_feature_mask"", ""target_nodes"": [3], ""removed_edges"": [], ""added_edges"": [], ""details"": ""remapped winner-XFG node 3 from source line 3 to key-line line 6""}]",
cvefixes__05_fixed_altivec_unavailable_exception,winner_xfg_feature_mask,3,altivec_unavailable_exception,0,1,success,0,0,False,False,0.0003320919058751315,0.002124440623447299,0.0017923487175721675,7,7,0,8,8,0,1,1,ptr,6,3,3,winner_xfg,3,27.873525000359223,"[{""step"": 1, ""action"": ""winner_xfg_feature_mask"", ""target_nodes"": [3], ""removed_edges"": [], ""added_edges"": [], ""details"": ""remapped winner-XFG node 3 from source line 3 to key-line line 6""}, {""step"": 2, ""action"": ""winner_xfg_feature_mask"", ""target_nodes"": [1], ""removed_edges"": [], ""added_edges"": [], ""details"": ""remapped winner-XFG node 1 from source line 1 to key-line line 6""}, {""step"": 3, ""action"": ""winner_xfg_feature_mask"", ""target_nodes"": [12], ""removed_edges"": [], ""added_edges"": [], ""details"": ""remapped winner-XFG node 12 from source line 12 to key-line line 6""}]",
cvefixes__05_fixed_altivec_unavailable_exception,winner_xfg_feature_mask,5,altivec_unavailable_exception,0,1,success,0,0,False,False,0.0003320919058751315,0.002124440623447299,0.0017923487175721675,7,7,0,8,8,0,1,1,ptr,6,3,3,winner_xfg,5,27.064461999998457,"[{""step"": 1, ""action"": ""winner_xfg_feature_mask"", ""target_nodes"": [3], ""removed_edges"": [], ""added_edges"": [], ""details"": ""remapped winner-XFG node 3 from source line 3 to key-line line 6""}, {""step"": 2, ""action"": ""winner_xfg_feature_mask"", ""target_nodes"": [1], ""removed_edges"": [], ""added_edges"": [], ""details"": ""remapped winner-XFG node 1 from source line 1 to key-line line 6""}, {""step"": 3, ""action"": ""winner_xfg_feature_mask"", ""target_nodes"": [12], ""removed_edges"": [], ""added_edges"": [], ""details"": ""remapped winner-XFG node 12 from source line 12 to key-line line 6""}, {""step"": 4, ""action"": ""winner_xfg_feature_mask"", ""target_nodes"": [7], ""removed_edges"": [], ""added_edges"": [], ""details"": ""remapped winner-XFG node 7 from source line 7 to key-line line 6""}, {""step"": 5, ""action"": ""winner_xfg_feature_mask"", ""target_nodes"": [10], ""removed_edges"": [], ""added_edges"": [], ""details"": ""remapped winner-XFG node 10 from source line 10 to key-line line 6""}]",
cvefixes__05_fixed_altivec_unavailable_exception,targeted_subgraph_injection,1,altivec_unavailable_exception,0,1,success,0,0,False,False,0.0003320919058751315,0.0008412055321969092,0.0005091136263217777,7,10,3,8,12,4,1,1,ptr,6,3,3,winner_xfg,1,32.80052899981456,"[{""step"": 1, ""action"": ""targeted_subgraph_injection"", ""target_nodes"": [3, -1, -2, -3, 6], ""removed_edges"": [], ""added_edges"": [[3, -1, ""d""], [-1, -2, ""d""], [-2, -3, ""c""], [-3, 6, ""d""]], ""details"": ""injected a three-node key-line-feature motif around winner key line 6""}]",
cvefixes__05_fixed_altivec_unavailable_exception,targeted_subgraph_injection,3,altivec_unavailable_exception,0,1,success,0,0,False,False,0.0003320919058751315,0.0010540366638451815,0.00072194475797005,7,16,9,8,20,12,1,1,ptr,6,3,3,winner_xfg,3,30.483941000056802,"[{""step"": 1, ""action"": ""targeted_subgraph_injection"", ""target_nodes"": [3, -1, -2, -3, 6], ""removed_edges"": [], ""added_edges"": [[3, -1, ""d""], [-1, -2, ""d""], [-2, -3, ""c""], [-3, 6, ""d""]], ""details"": ""injected a three-node key-line-feature motif around winner key line 6""}, {""step"": 2, ""action"": ""targeted_subgraph_injection"", ""target_nodes"": [3, -4, -5, -6, 6], ""removed_edges"": [], ""added_edges"": [[3, -4, ""d""], [-4, -5, ""d""], [-5, -6, ""c""], [-6, 6, ""d""]], ""details"": ""injected a three-node key-line-feature motif around winner key line 6""}, {""step"": 3, ""action"": ""targeted_subgraph_injection"", ""target_nodes"": [3, -7, -8, -9, 6], ""removed_edges"": [], ""added_edges"": [[3, -7, ""d""], [-7, -8, ""d""], [-8, -9, ""c""], [-9, 6, ""d""]], ""details"": ""injected a three-node key-line-feature motif around winner key line 6""}]",
cvefixes__05_fixed_altivec_unavailable_exception,targeted_subgraph_injection,5,altivec_unavailable_exception,0,1,success,0,0,False,False,0.0003320919058751315,0.0012510479427874088,0.0009189560369122773,7,22,15,8,28,20,1,1,ptr,6,3,3,winner_xfg,5,46.78060500009451,"[{""step"": 1, ""action"": ""targeted_subgraph_injection"", ""target_nodes"": [3, -1, -2, -3, 6], ""removed_edges"": [], ""added_edges"": [[3, -1, ""d""], [-1, -2, ""d""], [-2, -3, ""c""], [-3, 6, ""d""]], ""details"": ""injected a three-node key-line-feature motif around winner key line 6""}, {""step"": 2, ""action"": ""targeted_subgraph_injection"", ""target_nodes"": [3, -4, -5, -6, 6], ""removed_edges"": [], ""added_edges"": [[3, -4, ""d""], [-4, -5, ""d""], [-5, -6, ""c""], [-6, 6, ""d""]], ""details"": ""injected a three-node key-line-feature motif around winner key line 6""}, {""step"": 3, ""action"": ""targeted_subgraph_injection"", ""target_nodes"": [3, -7, -8, -9, 6], ""removed_edges"": [], ""added_edges"": [[3, -7, ""d""], [-7, -8, ""d""], [-8, -9, ""c""], [-9, 6, ""d""]], ""details"": ""injected a three-node key-line-feature motif around winner key line 6""}, {""step"": 4, ""action"": ""targeted_subgraph_injection"", ""target_nodes"": [3, -10, -11, -12, 6], ""removed_edges"": [], ""added_edges"": [[3, -10, ""d""], [-10, -11, ""d""], [-11, -12, ""c""], [-12, 6, ""d""]], ""details"": ""injected a three-node key-line-feature motif around winner key line 6""}, {""step"": 5, ""action"": ""targeted_subgraph_injection"", ""target_nodes"": [3, -13, -14, -15, 6], ""removed_edges"": [], ""added_edges"": [[3, -13, ""d""], [-13, -14, ""d""], [-14, -15, ""c""], [-15, 6, ""d""]], ""details"": ""injected a three-node key-line-feature motif around winner key line 6""}]",
cvefixes__07_fixed_videobuf_vm_close,winner_xfg_edge_attack,1,unknown,0,1,success,0,0,False,False,1.2162944358351524e-06,1.572978192143637e-07,-1.0589966166207887e-06,18,18,0,38,39,1,17,17,ptr,10,16,16,winner_xfg,1,76.0478640004294,"[{""step"": 1, ""action"": ""winner_xfg_edge_attack"", ""target_nodes"": [10, 3], ""removed_edges"": [], ""added_edges"": [[10, 3, ""d""]], ""details"": ""bridged winner-XFG d edge 10->3 to increase the vulnerable score""}]",
cvefixes__07_fixed_videobuf_vm_close,winner_xfg_edge_attack,3,unknown,0,1,success,0,0,False,False,1.2162944358351524e-06,1.3994114311799422e-08,-1.202300321523353e-06,18,18,0,38,41,3,17,17,ptr,10,16,16,winner_xfg,3,78.53330199986885,"[{""step"": 1, ""action"": ""winner_xfg_edge_attack"", ""target_nodes"": [10, 3], ""removed_edges"": [], ""added_edges"": [[10, 3, ""d""]], ""details"": ""bridged winner-XFG d edge 10->3 to increase the vulnerable score""}, {""step"": 2, ""action"": ""winner_xfg_edge_attack"", ""target_nodes"": [11, 10], ""removed_edges"": [], ""added_edges"": [[11, 10, ""d""]], ""details"": ""bridged winner-XFG d edge 11->10 to increase the vulnerable score""}, {""step"": 3, ""action"": ""winner_xfg_edge_attack"", ""target_nodes"": [10, 18], ""removed_edges"": [], ""added_edges"": [[10, 18, ""d""]], ""details"": ""bridged winner-XFG d edge 10->18 to increase the vulnerable score""}]",
cvefixes__07_fixed_videobuf_vm_close,winner_xfg_edge_attack,5,unknown,0,1,success,0,0,False,False,1.2162944358351524e-06,1.7165169285959792e-10,-1.2161227841422928e-06,18,18,0,38,43,5,17,17,ptr,10,16,16,winner_xfg,5,77.37426800031244,"[{""step"": 1, ""action"": ""winner_xfg_edge_attack"", ""target_nodes"": [10, 3], ""removed_edges"": [], ""added_edges"": [[10, 3, ""d""]], ""details"": ""bridged winner-XFG d edge 10->3 to increase the vulnerable score""}, {""step"": 2, ""action"": ""winner_xfg_edge_attack"", ""target_nodes"": [11, 10], ""removed_edges"": [], ""added_edges"": [[11, 10, ""d""]], ""details"": ""bridged winner-XFG d edge 11->10 to increase the vulnerable score""}, {""step"": 3, ""action"": ""winner_xfg_edge_attack"", ""target_nodes"": [10, 18], ""removed_edges"": [], ""added_edges"": [[10, 18, ""d""]], ""details"": ""bridged winner-XFG d edge 10->18 to increase the vulnerable score""}, {""step"": 4, ""action"": ""winner_xfg_edge_attack"", ""target_nodes"": [18, 10], ""removed_edges"": [], ""added_edges"": [[18, 10, ""d""]], ""details"": ""bridged winner-XFG d edge 18->10 to increase the vulnerable score""}, {""step"": 5, ""action"": ""winner_xfg_edge_attack"", ""target_nodes"": [10, 14], ""removed_edges"": [], ""added_edges"": [[10, 14, ""d""]], ""details"": ""bridged winner-XFG d edge 10->14 to increase the vulnerable score""}]",
cvefixes__07_fixed_videobuf_vm_close,winner_xfg_feature_mask,1,unknown,0,1,success,0,0,False,False,1.2162944358351524e-06,2.857463918259917e-11,-1.2162658611959698e-06,18,18,0,38,38,0,17,17,ptr,10,16,16,winner_xfg,1,73.39539799977501,"[{""step"": 1, ""action"": ""winner_xfg_feature_mask"", ""target_nodes"": [14], ""removed_edges"": [], ""added_edges"": [], ""details"": ""remapped winner-XFG node 14 from source line 14 to key-line line 10""}]",
cvefixes__07_fixed_videobuf_vm_close,winner_xfg_feature_mask,3,unknown,0,1,success,0,0,False,False,1.2162944358351524e-06,9.589605585308414e-14,-1.2162943399390965e-06,18,18,0,38,38,0,17,17,ptr,10,16,16,winner_xfg,3,70.15600200020344,"[{""step"": 1, ""action"": ""winner_xfg_feature_mask"", ""target_nodes"": [14], ""removed_edges"": [], ""added_edges"": [], ""details"": ""remapped winner-XFG node 14 from source line 14 to key-line line 10""}, {""step"": 2, ""action"": ""winner_xfg_feature_mask"", ""target_nodes"": [12], ""removed_edges"": [], ""added_edges"": [], ""details"": ""remapped winner-XFG node 12 from source line 12 to key-line line 10""}, {""step"": 3, ""action"": ""winner_xfg_feature_mask"", ""target_nodes"": [1], ""removed_edges"": [], ""added_edges"": [], ""details"": ""remapped winner-XFG node 1 from source line 1 to key-line line 10""}]",
cvefixes__07_fixed_videobuf_vm_close,winner_xfg_feature_mask,5,unknown,0,1,success,0,0,False,False,1.2162944358351524e-06,1.6585682259968306e-15,-1.2162944341765842e-06,18,18,0,38,38,0,17,17,ptr,10,16,16,winner_xfg,5,75.76339500019458,"[{""step"": 1, ""action"": ""winner_xfg_feature_mask"", ""target_nodes"": [14], ""removed_edges"": [], ""added_edges"": [], ""details"": ""remapped winner-XFG node 14 from source line 14 to key-line line 10""}, {""step"": 2, ""action"": ""winner_xfg_feature_mask"", ""target_nodes"": [12], ""removed_edges"": [], ""added_edges"": [], ""details"": ""remapped winner-XFG node 12 from source line 12 to key-line line 10""}, {""step"": 3, ""action"": ""winner_xfg_feature_mask"", ""target_nodes"": [1], ""removed_edges"": [], ""added_edges"": [], ""details"": ""remapped winner-XFG node 1 from source line 1 to key-line line 10""}, {""step"": 4, ""action"": ""winner_xfg_feature_mask"", ""target_nodes"": [27], ""removed_edges"": [], ""added_edges"": [], ""details"": ""remapped winner-XFG node 27 from source line 27 to key-line line 10""}, {""step"": 5, ""action"": ""winner_xfg_feature_mask"", ""target_nodes"": [19], ""removed_edges"": [], ""added_edges"": [], ""details"": ""remapped winner-XFG node 19 from source line 19 to key-line line 10""}]",
cvefixes__07_fixed_videobuf_vm_close,targeted_subgraph_injection,1,unknown,0,1,success,0,0,False,False,1.2162944358351524e-06,1.3586351599315094e-07,-1.0804309198420015e-06,18,21,3,38,42,4,17,17,ptr,10,16,16,winner_xfg,1,83.49960900022779,"[{""step"": 1, ""action"": ""targeted_subgraph_injection"", ""target_nodes"": [3, -1, -2, -3, 10], ""removed_edges"": [], ""added_edges"": [[3, -1, ""d""], [-1, -2, ""d""], [-2, -3, ""c""], [-3, 10, ""d""]], ""details"": ""injected a three-node key-line-feature motif around winner key line 10""}]",
cvefixes__07_fixed_videobuf_vm_close,targeted_subgraph_injection,3,unknown,0,1,success,0,0,False,False,1.2162944358351524e-06,1.358633738846038e-07,-1.0804310619505486e-06,18,27,9,38,50,12,17,17,ptr,10,16,16,winner_xfg,3,78.73567000024195,"[{""step"": 1, ""action"": ""targeted_subgraph_injection"", ""target_nodes"": [3, -1, -2, -3, 10], ""removed_edges"": [], ""added_edges"": [[3, -1, ""d""], [-1, -2, ""d""], [-2, -3, ""c""], [-3, 10, ""d""]], ""details"": ""injected a three-node key-line-feature motif around winner key line 10""}, {""step"": 2, ""action"": ""targeted_subgraph_injection"", ""target_nodes"": [3, -4, -5, -6, 10], ""removed_edges"": [], ""added_edges"": [[3, -4, ""d""], [-4, -5, ""d""], [-5, -6, ""c""], [-6, 10, ""d""]], ""details"": ""injected a three-node key-line-feature motif around winner key line 10""}, {""step"": 3, ""action"": ""targeted_subgraph_injection"", ""target_nodes"": [3, -7, -8, -9, 10], ""removed_edges"": [], ""added_edges"": [[3, -7, ""d""], [-7, -8, ""d""], [-8, -9, ""c""], [-9, 10, ""d""]], ""details"": ""injected a three-node key-line-feature motif around winner key line 10""}]",
cvefixes__07_fixed_videobuf_vm_close,targeted_subgraph_injection,5,unknown,0,1,success,0,0,False,False,1.2162944358351524e-06,6.426066789799734e-08,-1.152033767937155e-06,18,33,15,38,58,20,17,17,ptr,10,16,16,winner_xfg,5,75.57777700003498,"[{""step"": 1, ""action"": ""targeted_subgraph_injection"", ""target_nodes"": [3, -1, -2, -3, 10], ""removed_edges"": [], ""added_edges"": [[3, -1, ""d""], [-1, -2, ""d""], [-2, -3, ""c""], [-3, 10, ""d""]], ""details"": ""injected a three-node key-line-feature motif around winner key line 10""}, {""step"": 2, ""action"": ""targeted_subgraph_injection"", ""target_nodes"": [3, -4, -5, -6, 10], ""removed_edges"": [], ""added_edges"": [[3, -4, ""d""], [-4, -5, ""d""], [-5, -6, ""c""], [-6, 10, ""d""]], ""details"": ""injected a three-node key-line-feature motif around winner key line 10""}, {""step"": 3, ""action"": ""targeted_subgraph_injection"", ""target_nodes"": [3, -7, -8, -9, 10], ""removed_edges"": [], ""added_edges"": [[3, -7, ""d""], [-7, -8, ""d""], [-8, -9, ""c""], [-9, 10, ""d""]], ""details"": ""injected a three-node key-line-feature motif around winner key line 10""}, {""step"": 4, ""action"": ""targeted_subgraph_injection"", ""target_nodes"": [3, -10, -11, -12, 10], ""removed_edges"": [], ""added_edges"": [[3, -10, ""d""], [-10, -11, ""d""], [-11, -12, ""c""], [-12, 10, ""d""]], ""details"": ""injected a three-node key-line-feature motif around winner key line 10""}, {""step"": 5, ""action"": ""targeted_subgraph_injection"", ""target_nodes"": [3, -13, -14, -15, 10], ""removed_edges"": [], ""added_edges"": [[3, -13, ""d""], [-13, -14, ""d""], [-14, -15, ""c""], [-15, 10, ""d""]], ""details"": ""injected a three-node key-line-feature motif around winner key line 10""}]",
cvefixes__09_fixed_netlbl_cipsov4_add_common,winner_xfg_edge_attack,1,netlbl_cipsov4_add_common,0,1,success,0,0,False,False,0.0003572004206944257,0.0005099306581541896,0.00015273023745976388,15,15,0,28,29,1,9,9,array,19,11,11,winner_xfg,1,48.296985999968456,"[{""step"": 1, ""action"": ""winner_xfg_edge_attack"", ""target_nodes"": [22, 19], ""removed_edges"": [], ""added_edges"": [[22, 19, ""d""]], ""details"": ""bridged winner-XFG d edge 22->19 to increase the vulnerable score""}]",
cvefixes__09_fixed_netlbl_cipsov4_add_common,winner_xfg_edge_attack,3,netlbl_cipsov4_add_common,0,1,success,0,0,False,False,0.0003572004206944257,0.0008496689260937274,0.0004924685053993016,15,15,0,28,31,3,9,9,array,19,11,11,winner_xfg,3,47.18254999988858,"[{""step"": 1, ""action"": ""winner_xfg_edge_attack"", ""target_nodes"": [22, 19], ""removed_edges"": [], ""added_edges"": [[22, 19, ""d""]], ""details"": ""bridged winner-XFG d edge 22->19 to increase the vulnerable score""}, {""step"": 2, ""action"": ""winner_xfg_edge_attack"", ""target_nodes"": [19, 17], ""removed_edges"": [], ""added_edges"": [[19, 17, ""d""]], ""details"": ""bridged winner-XFG d edge 19->17 to increase the vulnerable score""}, {""step"": 3, ""action"": ""winner_xfg_edge_attack"", ""target_nodes"": [21, 19], ""removed_edges"": [], ""added_edges"": [[21, 19, ""d""]], ""details"": ""bridged winner-XFG d edge 21->19 to increase the vulnerable score""}]",
cvefixes__09_fixed_netlbl_cipsov4_add_common,winner_xfg_edge_attack,5,netlbl_cipsov4_add_common,0,1,success,0,0,False,False,0.0003572004206944257,0.0011136517859995365,0.0007564513653051108,15,15,0,28,33,5,9,9,array,19,11,11,winner_xfg,5,51.707669000279566,"[{""step"": 1, ""action"": ""winner_xfg_edge_attack"", ""target_nodes"": [22, 19], ""removed_edges"": [], ""added_edges"": [[22, 19, ""d""]], ""details"": ""bridged winner-XFG d edge 22->19 to increase the vulnerable score""}, {""step"": 2, ""action"": ""winner_xfg_edge_attack"", ""target_nodes"": [19, 17], ""removed_edges"": [], ""added_edges"": [[19, 17, ""d""]], ""details"": ""bridged winner-XFG d edge 19->17 to increase the vulnerable score""}, {""step"": 3, ""action"": ""winner_xfg_edge_attack"", ""target_nodes"": [21, 19], ""removed_edges"": [], ""added_edges"": [[21, 19, ""d""]], ""details"": ""bridged winner-XFG d edge 21->19 to increase the vulnerable score""}, {""step"": 4, ""action"": ""winner_xfg_edge_attack"", ""target_nodes"": [19, 6], ""removed_edges"": [], ""added_edges"": [[19, 6, ""d""]], ""details"": ""bridged winner-XFG d edge 19->6 to increase the vulnerable score""}, {""step"": 5, ""action"": ""winner_xfg_edge_attack"", ""target_nodes"": [19, 8], ""removed_edges"": [], ""added_edges"": [[19, 8, ""d""]], ""details"": ""bridged winner-XFG d edge 19->8 to increase the vulnerable score""}]",
cvefixes__09_fixed_netlbl_cipsov4_add_common,winner_xfg_feature_mask,1,netlbl_cipsov4_add_common,0,1,success,0,0,False,False,0.0003572004206944257,0.0015479051508009434,0.0011907047301065177,15,15,0,28,28,0,9,9,array,19,11,11,winner_xfg,1,52.843176999886055,"[{""step"": 1, ""action"": ""winner_xfg_feature_mask"", ""target_nodes"": [17], ""removed_edges"": [], ""added_edges"": [], ""details"": ""remapped winner-XFG node 17 from source line 17 to key-line line 19""}]",
cvefixes__09_fixed_netlbl_cipsov4_add_common,winner_xfg_feature_mask,3,netlbl_cipsov4_add_common,0,1,success,0,0,False,False,0.0003572004206944257,0.020190171897411346,0.01983297147671692,15,15,0,28,28,0,9,9,array,19,11,11,winner_xfg,3,71.51514699990003,"[{""step"": 1, ""action"": ""winner_xfg_feature_mask"", ""target_nodes"": [17], ""removed_edges"": [], ""added_edges"": [], ""details"": ""remapped winner-XFG node 17 from source line 17 to key-line line 19""}, {""step"": 2, ""action"": ""winner_xfg_feature_mask"", ""target_nodes"": [21], ""removed_edges"": [], ""added_edges"": [], ""details"": ""remapped winner-XFG node 21 from source line 21 to key-line line 19""}, {""step"": 3, ""action"": ""winner_xfg_feature_mask"", ""target_nodes"": [6], ""removed_edges"": [], ""added_edges"": [], ""details"": ""remapped winner-XFG node 6 from source line 6 to key-line line 19""}]",
cvefixes__09_fixed_netlbl_cipsov4_add_common,winner_xfg_feature_mask,5,netlbl_cipsov4_add_common,0,1,success,0,0,False,False,0.0003572004206944257,0.22011631727218628,0.21975911685149185,15,15,0,28,28,0,9,9,array,19,11,11,winner_xfg,5,53.230941000038,"[{""step"": 1, ""action"": ""winner_xfg_feature_mask"", ""target_nodes"": [17], ""removed_edges"": [], ""added_edges"": [], ""details"": ""remapped winner-XFG node 17 from source line 17 to key-line line 19""}, {""step"": 2, ""action"": ""winner_xfg_feature_mask"", ""target_nodes"": [21], ""removed_edges"": [], ""added_edges"": [], ""details"": ""remapped winner-XFG node 21 from source line 21 to key-line line 19""}, {""step"": 3, ""action"": ""winner_xfg_feature_mask"", ""target_nodes"": [6], ""removed_edges"": [], ""added_edges"": [], ""details"": ""remapped winner-XFG node 6 from source line 6 to key-line line 19""}, {""step"": 4, ""action"": ""winner_xfg_feature_mask"", ""target_nodes"": [2], ""removed_edges"": [], ""added_edges"": [], ""details"": ""remapped winner-XFG node 2 from source line 2 to key-line line 19""}, {""step"": 5, ""action"": ""winner_xfg_feature_mask"", ""target_nodes"": [4], ""removed_edges"": [], ""added_edges"": [], ""details"": ""remapped winner-XFG node 4 from source line 4 to key-line line 19""}]",
cvefixes__09_fixed_netlbl_cipsov4_add_common,targeted_subgraph_injection,1,netlbl_cipsov4_add_common,0,1,success,0,0,False,False,0.0003572004206944257,0.03193223848938942,0.031575038068694994,15,18,3,28,32,4,9,9,array,19,11,11,winner_xfg,1,58.547791999899346,"[{""step"": 1, ""action"": ""targeted_subgraph_injection"", ""target_nodes"": [22, -1, -2, -3, 19], ""removed_edges"": [], ""added_edges"": [[22, -1, ""d""], [-1, -2, ""d""], [-2, -3, ""c""], [-3, 19, ""d""]], ""details"": ""injected a three-node key-line-feature motif around winner key line 19""}]",
cvefixes__09_fixed_netlbl_cipsov4_add_common,targeted_subgraph_injection,3,netlbl_cipsov4_add_common,0,1,success,0,0,False,False,0.0003572004206944257,0.17613288760185242,0.175775687181158,15,24,9,28,40,12,9,9,array,19,11,11,winner_xfg,3,53.72702900012882,"[{""step"": 1, ""action"": ""targeted_subgraph_injection"", ""target_nodes"": [22, -1, -2, -3, 19], ""removed_edges"": [], ""added_edges"": [[22, -1, ""d""], [-1, -2, ""d""], [-2, -3, ""c""], [-3, 19, ""d""]], ""details"": ""injected a three-node key-line-feature motif around winner key line 19""}, {""step"": 2, ""action"": ""targeted_subgraph_injection"", ""target_nodes"": [22, -4, -5, -6, 19], ""removed_edges"": [], ""added_edges"": [[22, -4, ""d""], [-4, -5, ""d""], [-5, -6, ""c""], [-6, 19, ""d""]], ""details"": ""injected a three-node key-line-feature motif around winner key line 19""}, {""step"": 3, ""action"": ""targeted_subgraph_injection"", ""target_nodes"": [22, -7, -8, -9, 19], ""removed_edges"": [], ""added_edges"": [[22, -7, ""d""], [-7, -8, ""d""], [-8, -9, ""c""], [-9, 19, ""d""]], ""details"": ""injected a three-node key-line-feature motif around winner key line 19""}]",
cvefixes__09_fixed_netlbl_cipsov4_add_common,targeted_subgraph_injection,5,netlbl_cipsov4_add_common,0,1,success,0,0,False,False,0.0003572004206944257,0.3941675126552582,0.39381031223456375,15,30,15,28,48,20,9,9,array,19,11,11,winner_xfg,5,59.3949019998945,"[{""step"": 1, ""action"": ""targeted_subgraph_injection"", ""target_nodes"": [22, -1, -2, -3, 19], ""removed_edges"": [], ""added_edges"": [[22, -1, ""d""], [-1, -2, ""d""], [-2, -3, ""c""], [-3, 19, ""d""]], ""details"": ""injected a three-node key-line-feature motif around winner key line 19""}, {""step"": 2, ""action"": ""targeted_subgraph_injection"", ""target_nodes"": [22, -4, -5, -6, 19], ""removed_edges"": [], ""added_edges"": [[22, -4, ""d""], [-4, -5, ""d""], [-5, -6, ""c""], [-6, 19, ""d""]], ""details"": ""injected a three-node key-line-feature motif around winner key line 19""}, {""step"": 3, ""action"": ""targeted_subgraph_injection"", ""target_nodes"": [22, -7, -8, -9, 19], ""removed_edges"": [], ""added_edges"": [[22, -7, ""d""], [-7, -8, ""d""], [-8, -9, ""c""], [-9, 19, ""d""]], ""details"": ""injected a three-node key-line-feature motif around winner key line 19""}, {""step"": 4, ""action"": ""targeted_subgraph_injection"", ""target_nodes"": [22, -10, -11, -12, 19], ""removed_edges"": [], ""added_edges"": [[22, -10, ""d""], [-10, -11, ""d""], [-11, -12, ""c""], [-12, 19, ""d""]], ""details"": ""injected a three-node key-line-feature motif around winner key line 19""}, {""step"": 5, ""action"": ""targeted_subgraph_injection"", ""target_nodes"": [22, -13, -14, -15, 19], ""removed_edges"": [], ""added_edges"": [[22, -13, ""d""], [-13, -14, ""d""], [-14, -15, ""c""], [-15, 19, ""d""]], ""details"": ""injected a three-node key-line-feature motif around winner key line 19""}]",
cvefixes__11_fixed_generic_perform_write,winner_xfg_edge_attack,1,generic_perform_write,0,1,success,0,0,False,False,3.535852499680914e-08,5.873565100955602e-08,2.3377126012746885e-08,44,44,0,88,89,1,5,5,ptr,56,43,43,winner_xfg,1,42.611732999830565,"[{""step"": 1, ""action"": ""winner_xfg_edge_attack"", ""target_nodes"": [56, 2], ""removed_edges"": [], ""added_edges"": [[56, 2, ""d""]], ""details"": ""bridged winner-XFG d edge 56->2 to increase the vulnerable score""}]",
cvefixes__11_fixed_generic_perform_write,winner_xfg_edge_attack,3,generic_perform_write,0,1,success,0,0,False,False,3.535852499680914e-08,6.695128718092747e-08,3.159276218411833e-08,44,44,0,88,91,3,5,5,ptr,56,43,43,winner_xfg,3,44.3047009998736,"[{""step"": 1, ""action"": ""winner_xfg_edge_attack"", ""target_nodes"": [56, 2], ""removed_edges"": [], ""added_edges"": [[56, 2, ""d""]], ""details"": ""bridged winner-XFG d edge 56->2 to increase the vulnerable score""}, {""step"": 2, ""action"": ""winner_xfg_edge_attack"", ""target_nodes"": [56, 48], ""removed_edges"": [], ""added_edges"": [[56, 48, ""d""]], ""details"": ""bridged winner-XFG d edge 56->48 to increase the vulnerable score""}, {""step"": 3, ""action"": ""winner_xfg_edge_attack"", ""target_nodes"": [56, 78], ""removed_edges"": [], ""added_edges"": [[56, 78, ""d""]], ""details"": ""bridged winner-XFG d edge 56->78 to increase the vulnerable score""}]",
cvefixes__11_fixed_generic_perform_write,winner_xfg_edge_attack,5,generic_perform_write,0,1,success,0,0,False,False,3.535852499680914e-08,7.920284872398042e-08,4.3844323727171286e-08,44,44,0,88,93,5,5,5,ptr,56,43,43,winner_xfg,5,41.25349500009179,"[{""step"": 1, ""action"": ""winner_xfg_edge_attack"", ""target_nodes"": [56, 2], ""removed_edges"": [], ""added_edges"": [[56, 2, ""d""]], ""details"": ""bridged winner-XFG d edge 56->2 to increase the vulnerable score""}, {""step"": 2, ""action"": ""winner_xfg_edge_attack"", ""target_nodes"": [56, 48], ""removed_edges"": [], ""added_edges"": [[56, 48, ""d""]], ""details"": ""bridged winner-XFG d edge 56->48 to increase the vulnerable score""}, {""step"": 3, ""action"": ""winner_xfg_edge_attack"", ""target_nodes"": [56, 78], ""removed_edges"": [], ""added_edges"": [[56, 78, ""d""]], ""details"": ""bridged winner-XFG d edge 56->78 to increase the vulnerable score""}, {""step"": 4, ""action"": ""winner_xfg_edge_attack"", ""target_nodes"": [58, 56], ""removed_edges"": [], ""added_edges"": [[58, 56, ""d""]], ""details"": ""bridged winner-XFG d edge 58->56 to increase the vulnerable score""}, {""step"": 5, ""action"": ""winner_xfg_edge_attack"", ""target_nodes"": [56, 52], ""removed_edges"": [], ""added_edges"": [[56, 52, ""d""]], ""details"": ""bridged winner-XFG d edge 56->52 to increase the vulnerable score""}]",
cvefixes__11_fixed_generic_perform_write,winner_xfg_feature_mask,1,generic_perform_write,0,1,success,0,0,False,False,3.535852499680914e-08,1.5156639676661143e-07,1.162078717698023e-07,44,44,0,88,88,0,5,5,ptr,56,43,43,winner_xfg,1,52.29098299969337,"[{""step"": 1, ""action"": ""winner_xfg_feature_mask"", ""target_nodes"": [2], ""removed_edges"": [], ""added_edges"": [], ""details"": ""remapped winner-XFG node 2 from source line 2 to key-line line 56""}]",
cvefixes__11_fixed_generic_perform_write,winner_xfg_feature_mask,3,generic_perform_write,0,1,success,0,0,False,False,3.535852499680914e-08,6.03422734002379e-07,5.680642090055699e-07,44,44,0,88,88,0,5,5,ptr,56,43,43,winner_xfg,3,43.157747000350355,"[{""step"": 1, ""action"": ""winner_xfg_feature_mask"", ""target_nodes"": [2], ""removed_edges"": [], ""added_edges"": [], ""details"": ""remapped winner-XFG node 2 from source line 2 to key-line line 56""}, {""step"": 2, ""action"": ""winner_xfg_feature_mask"", ""target_nodes"": [48], ""removed_edges"": [], ""added_edges"": [], ""details"": ""remapped winner-XFG node 48 from source line 48 to key-line line 56""}, {""step"": 3, ""action"": ""winner_xfg_feature_mask"", ""target_nodes"": [78], ""removed_edges"": [], ""added_edges"": [], ""details"": ""remapped winner-XFG node 78 from source line 78 to key-line line 56""}]",
cvefixes__11_fixed_generic_perform_write,winner_xfg_feature_mask,5,generic_perform_write,0,1,success,0,0,False,False,3.535852499680914e-08,7.783611977174587e-07,7.430026727206496e-07,44,44,0,88,88,0,5,5,ptr,56,43,43,winner_xfg,5,45.047988000078476,"[{""step"": 1, ""action"": ""winner_xfg_feature_mask"", ""target_nodes"": [2], ""removed_edges"": [], ""added_edges"": [], ""details"": ""remapped winner-XFG node 2 from source line 2 to key-line line 56""}, {""step"": 2, ""action"": ""winner_xfg_feature_mask"", ""target_nodes"": [48], ""removed_edges"": [], ""added_edges"": [], ""details"": ""remapped winner-XFG node 48 from source line 48 to key-line line 56""}, {""step"": 3, ""action"": ""winner_xfg_feature_mask"", ""target_nodes"": [78], ""removed_edges"": [], ""added_edges"": [], ""details"": ""remapped winner-XFG node 78 from source line 78 to key-line line 56""}, {""step"": 4, ""action"": ""winner_xfg_feature_mask"", ""target_nodes"": [58], ""removed_edges"": [], ""added_edges"": [], ""details"": ""remapped winner-XFG node 58 from source line 58 to key-line line 56""}, {""step"": 5, ""action"": ""winner_xfg_feature_mask"", ""target_nodes"": [52], ""removed_edges"": [], ""added_edges"": [], ""details"": ""remapped winner-XFG node 52 from source line 52 to key-line line 56""}]",
cvefixes__11_fixed_generic_perform_write,targeted_subgraph_injection,1,generic_perform_write,0,1,success,0,0,False,False,3.535852499680914e-08,5.538200653631975e-08,2.0023481539510612e-08,44,47,3,88,92,4,5,5,ptr,56,43,43,winner_xfg,1,47.526852000373765,"[{""step"": 1, ""action"": ""targeted_subgraph_injection"", ""target_nodes"": [2, -1, -2, -3, 56], ""removed_edges"": [], ""added_edges"": [[2, -1, ""d""], [-1, -2, ""d""], [-2, -3, ""c""], [-3, 56, ""d""]], ""details"": ""injected a three-node key-line-feature motif around winner key line 56""}]",
cvefixes__11_fixed_generic_perform_write,targeted_subgraph_injection,3,generic_perform_write,0,1,success,0,0,False,False,3.535852499680914e-08,1.315849971206262e-07,9.622647212381708e-08,44,53,9,88,100,12,5,5,ptr,56,43,43,winner_xfg,3,44.90633900013563,"[{""step"": 1, ""action"": ""targeted_subgraph_injection"", ""target_nodes"": [2, -1, -2, -3, 56], ""removed_edges"": [], ""added_edges"": [[2, -1, ""d""], [-1, -2, ""d""], [-2, -3, ""c""], [-3, 56, ""d""]], ""details"": ""injected a three-node key-line-feature motif around winner key line 56""}, {""step"": 2, ""action"": ""targeted_subgraph_injection"", ""target_nodes"": [2, -4, -5, -6, 56], ""removed_edges"": [], ""added_edges"": [[2, -4, ""d""], [-4, -5, ""d""], [-5, -6, ""c""], [-6, 56, ""d""]], ""details"": ""injected a three-node key-line-feature motif around winner key line 56""}, {""step"": 3, ""action"": ""targeted_subgraph_injection"", ""target_nodes"": [2, -7, -8, -9, 56], ""removed_edges"": [], ""added_edges"": [[2, -7, ""d""], [-7, -8, ""d""], [-8, -9, ""c""], [-9, 56, ""d""]], ""details"": ""injected a three-node key-line-feature motif around winner key line 56""}]",
cvefixes__11_fixed_generic_perform_write,targeted_subgraph_injection,5,generic_perform_write,0,1,success,0,0,False,False,3.535852499680914e-08,2.8214731173648033e-07,2.467887867396712e-07,44,59,15,88,108,20,5,5,ptr,56,43,43,winner_xfg,5,44.347887999720115,"[{""step"": 1, ""action"": ""targeted_subgraph_injection"", ""target_nodes"": [2, -1, -2, -3, 56], ""removed_edges"": [], ""added_edges"": [[2, -1, ""d""], [-1, -2, ""d""], [-2, -3, ""c""], [-3, 56, ""d""]], ""details"": ""injected a three-node key-line-feature motif around winner key line 56""}, {""step"": 2, ""action"": ""targeted_subgraph_injection"", ""target_nodes"": [2, -4, -5, -6, 56], ""removed_edges"": [], ""added_edges"": [[2, -4, ""d""], [-4, -5, ""d""], [-5, -6, ""c""], [-6, 56, ""d""]], ""details"": ""injected a three-node key-line-feature motif around winner key line 56""}, {""step"": 3, ""action"": ""targeted_subgraph_injection"", ""target_nodes"": [2, -7, -8, -9, 56], ""removed_edges"": [], ""added_edges"": [[2, -7, ""d""], [-7, -8, ""d""], [-8, -9, ""c""], [-9, 56, ""d""]], ""details"": ""injected a three-node key-line-feature motif around winner key line 56""}, {""step"": 4, ""action"": ""targeted_subgraph_injection"", ""target_nodes"": [2, -10, -11, -12, 56], ""removed_edges"": [], ""added_edges"": [[2, -10, ""d""], [-10, -11, ""d""], [-11, -12, ""c""], [-12, 56, ""d""]], ""details"": ""injected a three-node key-line-feature motif around winner key line 56""}, {""step"": 5, ""action"": ""targeted_subgraph_injection"", ""target_nodes"": [2, -13, -14, -15, 56], ""removed_edges"": [], ""added_edges"": [[2, -13, ""d""], [-13, -14, ""d""], [-14, -15, ""c""], [-15, 56, ""d""]], ""details"": ""injected a three-node key-line-feature motif around winner key line 56""}]",
cvefixes__13_fixed_pango_glyph_string_set_size,winner_xfg_edge_attack,1,unknown,0,1,success,0,0,False,False,0.0004900019848719239,0.000415799644542858,-7.420234032906592e-05,15,15,0,37,38,1,12,12,ptr,35,2,2,winner_xfg,1,68.91627599998174,"[{""step"": 1, ""action"": ""winner_xfg_edge_attack"", ""target_nodes"": [35, 1], ""removed_edges"": [], ""added_edges"": [[35, 1, ""d""]], ""details"": ""bridged winner-XFG d edge 35->1 to increase the vulnerable score""}]",
cvefixes__13_fixed_pango_glyph_string_set_size,winner_xfg_edge_attack,3,unknown,0,1,success,0,0,False,False,0.0004900019848719239,0.0004035260062664747,-8.64759786054492e-05,15,15,0,37,40,3,12,12,ptr,35,2,2,winner_xfg,3,67.0155689999774,"[{""step"": 1, ""action"": ""winner_xfg_edge_attack"", ""target_nodes"": [35, 1], ""removed_edges"": [], ""added_edges"": [[35, 1, ""d""]], ""details"": ""bridged winner-XFG d edge 35->1 to increase the vulnerable score""}, {""step"": 2, ""action"": ""winner_xfg_edge_attack"", ""target_nodes"": [35, 7], ""removed_edges"": [], ""added_edges"": [[35, 7, ""d""]], ""details"": ""bridged winner-XFG d edge 35->7 to increase the vulnerable score""}, {""step"": 3, ""action"": ""winner_xfg_edge_attack"", ""target_nodes"": [7, 35], ""removed_edges"": [], ""added_edges"": [[7, 35, ""d""]], ""details"": ""bridged winner-XFG d edge 7->35 to increase the vulnerable score""}]",
cvefixes__13_fixed_pango_glyph_string_set_size,winner_xfg_edge_attack,5,unknown,0,1,success,0,0,False,False,0.0004900019848719239,0.0005478046950884163,5.7802710216492414e-05,15,15,0,37,42,5,12,12,ptr,35,2,2,winner_xfg,5,60.440198999913264,"[{""step"": 1, ""action"": ""winner_xfg_edge_attack"", ""target_nodes"": [35, 1], ""removed_edges"": [], ""added_edges"": [[35, 1, ""d""]], ""details"": ""bridged winner-XFG d edge 35->1 to increase the vulnerable score""}, {""step"": 2, ""action"": ""winner_xfg_edge_attack"", ""target_nodes"": [35, 7], ""removed_edges"": [], ""added_edges"": [[35, 7, ""d""]], ""details"": ""bridged winner-XFG d edge 35->7 to increase the vulnerable score""}, {""step"": 3, ""action"": ""winner_xfg_edge_attack"", ""target_nodes"": [7, 35], ""removed_edges"": [], ""added_edges"": [[7, 35, ""d""]], ""details"": ""bridged winner-XFG d edge 7->35 to increase the vulnerable score""}, {""step"": 4, ""action"": ""winner_xfg_edge_attack"", ""target_nodes"": [35, 29], ""removed_edges"": [], ""added_edges"": [[35, 29, ""d""]], ""details"": ""bridged winner-XFG d edge 35->29 to increase the vulnerable score""}, {""step"": 5, ""action"": ""winner_xfg_edge_attack"", ""target_nodes"": [29, 35], ""removed_edges"": [], ""added_edges"": [[29, 35, ""d""]], ""details"": ""bridged winner-XFG d edge 29->35 to increase the vulnerable score""}]",
cvefixes__13_fixed_pango_glyph_string_set_size,winner_xfg_feature_mask,1,unknown,0,1,success,0,1,True,True,0.0004900019848719239,0.8875671029090881,0.8870771009242162,15,15,0,37,37,0,12,12,ptr,35,2,2,winner_xfg,1,60.028692000287265,"[{""step"": 1, ""action"": ""winner_xfg_feature_mask"", ""target_nodes"": [1], ""removed_edges"": [], ""added_edges"": [], ""details"": ""remapped winner-XFG node 1 from source line 1 to key-line line 35""}]",
cvefixes__13_fixed_pango_glyph_string_set_size,winner_xfg_feature_mask,3,unknown,0,1,success,0,0,False,False,0.0004900019848719239,0.0031593136955052614,0.0026693117106333375,15,15,0,37,37,0,12,12,ptr,35,2,2,winner_xfg,3,58.94048699974519,"[{""step"": 1, ""action"": ""winner_xfg_feature_mask"", ""target_nodes"": [1], ""removed_edges"": [], ""added_edges"": [], ""details"": ""remapped winner-XFG node 1 from source line 1 to key-line line 35""}, {""step"": 2, ""action"": ""winner_xfg_feature_mask"", ""target_nodes"": [22], ""removed_edges"": [], ""added_edges"": [], ""details"": ""remapped winner-XFG node 22 from source line 22 to key-line line 35""}, {""step"": 3, ""action"": ""winner_xfg_feature_mask"", ""target_nodes"": [24], ""removed_edges"": [], ""added_edges"": [], ""details"": ""remapped winner-XFG node 24 from source line 24 to key-line line 35""}]",
cvefixes__13_fixed_pango_glyph_string_set_size,winner_xfg_feature_mask,5,unknown,0,1,success,0,0,False,False,0.0004900019848719239,0.0031837106216698885,0.0026937086367979646,15,15,0,37,37,0,12,12,ptr,35,2,2,winner_xfg,5,58.17889399986598,"[{""step"": 1, ""action"": ""winner_xfg_feature_mask"", ""target_nodes"": [1], ""removed_edges"": [], ""added_edges"": [], ""details"": ""remapped winner-XFG node 1 from source line 1 to key-line line 35""}, {""step"": 2, ""action"": ""winner_xfg_feature_mask"", ""target_nodes"": [22], ""removed_edges"": [], ""added_edges"": [], ""details"": ""remapped winner-XFG node 22 from source line 22 to key-line line 35""}, {""step"": 3, ""action"": ""winner_xfg_feature_mask"", ""target_nodes"": [24], ""removed_edges"": [], ""added_edges"": [], ""details"": ""remapped winner-XFG node 24 from source line 24 to key-line line 35""}, {""step"": 4, ""action"": ""winner_xfg_feature_mask"", ""target_nodes"": [3], ""removed_edges"": [], ""added_edges"": [], ""details"": ""remapped winner-XFG node 3 from source line 3 to key-line line 35""}, {""step"": 5, ""action"": ""winner_xfg_feature_mask"", ""target_nodes"": [18], ""removed_edges"": [], ""added_edges"": [], ""details"": ""remapped winner-XFG node 18 from source line 18 to key-line line 35""}]",
cvefixes__13_fixed_pango_glyph_string_set_size,targeted_subgraph_injection,1,unknown,0,1,success,0,0,False,False,0.0004900019848719239,0.057939473539590836,0.05744947155471891,15,18,3,37,41,4,12,12,ptr,35,2,2,winner_xfg,1,60.186192999935884,"[{""step"": 1, ""action"": ""targeted_subgraph_injection"", ""target_nodes"": [1, -1, -2, -3, 35], ""removed_edges"": [], ""added_edges"": [[1, -1, ""d""], [-1, -2, ""d""], [-2, -3, ""c""], [-3, 35, ""d""]], ""details"": ""injected a three-node key-line-feature motif around winner key line 35""}]",
cvefixes__13_fixed_pango_glyph_string_set_size,targeted_subgraph_injection,3,unknown,0,1,success,0,0,False,False,0.0004900019848719239,0.09503207355737686,0.09454207157250494,15,24,9,37,49,12,12,12,ptr,35,2,2,winner_xfg,3,66.88134700016235,"[{""step"": 1, ""action"": ""targeted_subgraph_injection"", ""target_nodes"": [1, -1, -2, -3, 35], ""removed_edges"": [], ""added_edges"": [[1, -1, ""d""], [-1, -2, ""d""], [-2, -3, ""c""], [-3, 35, ""d""]], ""details"": ""injected a three-node key-line-feature motif around winner key line 35""}, {""step"": 2, ""action"": ""targeted_subgraph_injection"", ""target_nodes"": [1, -4, -5, -6, 35], ""removed_edges"": [], ""added_edges"": [[1, -4, ""d""], [-4, -5, ""d""], [-5, -6, ""c""], [-6, 35, ""d""]], ""details"": ""injected a three-node key-line-feature motif around winner key line 35""}, {""step"": 3, ""action"": ""targeted_subgraph_injection"", ""target_nodes"": [1, -7, -8, -9, 35], ""removed_edges"": [], ""added_edges"": [[1, -7, ""d""], [-7, -8, ""d""], [-8, -9, ""c""], [-9, 35, ""d""]], ""details"": ""injected a three-node key-line-feature motif around winner key line 35""}]",
cvefixes__13_fixed_pango_glyph_string_set_size,targeted_subgraph_injection,5,unknown,0,1,success,0,0,False,False,0.0004900019848719239,0.11073937267065048,0.11024937068577856,15,30,15,37,57,20,12,12,ptr,35,2,2,winner_xfg,5,68.36284199971487,"[{""step"": 1, ""action"": ""targeted_subgraph_injection"", ""target_nodes"": [1, -1, -2, -3, 35], ""removed_edges"": [], ""added_edges"": [[1, -1, ""d""], [-1, -2, ""d""], [-2, -3, ""c""], [-3, 35, ""d""]], ""details"": ""injected a three-node key-line-feature motif around winner key line 35""}, {""step"": 2, ""action"": ""targeted_subgraph_injection"", ""target_nodes"": [1, -4, -5, -6, 35], ""removed_edges"": [], ""added_edges"": [[1, -4, ""d""], [-4, -5, ""d""], [-5, -6, ""c""], [-6, 35, ""d""]], ""details"": ""injected a three-node key-line-feature motif around winner key line 35""}, {""step"": 3, ""action"": ""targeted_subgraph_injection"", ""target_nodes"": [1, -7, -8, -9, 35], ""removed_edges"": [], ""added_edges"": [[1, -7, ""d""], [-7, -8, ""d""], [-8, -9, ""c""], [-9, 35, ""d""]], ""details"": ""injected a three-node key-line-feature motif around winner key line 35""}, {""step"": 4, ""action"": ""targeted_subgraph_injection"", ""target_nodes"": [1, -10, -11, -12, 35], ""removed_edges"": [], ""added_edges"": [[1, -10, ""d""], [-10, -11, ""d""], [-11, -12, ""c""], [-12, 35, ""d""]], ""details"": ""injected a three-node key-line-feature motif around winner key line 35""}, {""step"": 5, ""action"": ""targeted_subgraph_injection"", ""target_nodes"": [1, -13, -14, -15, 35], ""removed_edges"": [], ""added_edges"": [[1, -13, ""d""], [-13, -14, ""d""], [-14, -15, ""c""], [-15, 35, ""d""]], ""details"": ""injected a three-node key-line-feature motif around winner key line 35""}]",
cvefixes__15_fixed_decode_entities,winner_xfg_edge_attack,1,while,0,1,success,0,0,False,False,5.931518171564676e-05,3.1555970053886995e-05,-2.7759211661759764e-05,116,116,0,426,427,1,17,17,arith,187,93,93,winner_xfg,1,135.20568499961882,"[{""step"": 1, ""action"": ""winner_xfg_edge_attack"", ""target_nodes"": [187, 118], ""removed_edges"": [], ""added_edges"": [[187, 118, ""d""]], ""details"": ""bridged winner-XFG d edge 187->118 to increase the vulnerable score""}]",
cvefixes__15_fixed_decode_entities,winner_xfg_edge_attack,3,while,0,1,success,0,0,False,False,5.931518171564676e-05,3.089392339461483e-05,-2.8421258321031928e-05,116,116,0,426,429,3,17,17,arith,187,93,93,winner_xfg,3,131.62424599977385,"[{""step"": 1, ""action"": ""winner_xfg_edge_attack"", ""target_nodes"": [187, 118], ""removed_edges"": [], ""added_edges"": [[187, 118, ""d""]], ""details"": ""bridged winner-XFG d edge 187->118 to increase the vulnerable score""}, {""step"": 2, ""action"": ""winner_xfg_edge_attack"", ""target_nodes"": [187, 120], ""removed_edges"": [], ""added_edges"": [[187, 120, ""d""]], ""details"": ""bridged winner-XFG d edge 187->120 to increase the vulnerable score""}, {""step"": 3, ""action"": ""winner_xfg_edge_attack"", ""target_nodes"": [187, 37], ""removed_edges"": [], ""added_edges"": [[187, 37, ""d""]], ""details"": ""bridged winner-XFG d edge 187->37 to increase the vulnerable score""}]",
cvefixes__15_fixed_decode_entities,winner_xfg_edge_attack,5,while,0,1,success,0,0,False,False,5.931518171564676e-05,2.9975048164487816e-05,-2.9340133551158942e-05,116,116,0,426,431,5,17,17,arith,187,93,93,winner_xfg,5,123.80332399970939,"[{""step"": 1, ""action"": ""winner_xfg_edge_attack"", ""target_nodes"": [187, 118], ""removed_edges"": [], ""added_edges"": [[187, 118, ""d""]], ""details"": ""bridged winner-XFG d edge 187->118 to increase the vulnerable score""}, {""step"": 2, ""action"": ""winner_xfg_edge_attack"", ""target_nodes"": [187, 120], ""removed_edges"": [], ""added_edges"": [[187, 120, ""d""]], ""details"": ""bridged winner-XFG d edge 187->120 to increase the vulnerable score""}, {""step"": 3, ""action"": ""winner_xfg_edge_attack"", ""target_nodes"": [187, 37], ""removed_edges"": [], ""added_edges"": [[187, 37, ""d""]], ""details"": ""bridged winner-XFG d edge 187->37 to increase the vulnerable score""}, {""step"": 4, ""action"": ""winner_xfg_edge_attack"", ""target_nodes"": [187, 51], ""removed_edges"": [], ""added_edges"": [[187, 51, ""d""]], ""details"": ""bridged winner-XFG d edge 187->51 to increase the vulnerable score""}, {""step"": 5, ""action"": ""winner_xfg_edge_attack"", ""target_nodes"": [187, 64], ""removed_edges"": [], ""added_edges"": [[187, 64, ""d""]], ""details"": ""bridged winner-XFG d edge 187->64 to increase the vulnerable score""}]",
cvefixes__15_fixed_decode_entities,winner_xfg_feature_mask,1,while,0,1,success,0,0,False,False,5.931518171564676e-05,4.921053914586082e-06,-5.4394127801060677e-05,116,116,0,426,426,0,17,17,arith,187,93,93,winner_xfg,1,127.37004300015542,"[{""step"": 1, ""action"": ""winner_xfg_feature_mask"", ""target_nodes"": [118], ""removed_edges"": [], ""added_edges"": [], ""details"": ""remapped winner-XFG node 118 from source line 118 to key-line line 187""}]",
cvefixes__15_fixed_decode_entities,winner_xfg_feature_mask,3,while,0,1,success,0,0,False,False,5.931518171564676e-05,7.090791314112721e-07,-5.8606102584235487e-05,116,116,0,426,426,0,17,17,arith,187,93,93,winner_xfg,3,149.58321899985094,"[{""step"": 1, ""action"": ""winner_xfg_feature_mask"", ""target_nodes"": [118], ""removed_edges"": [], ""added_edges"": [], ""details"": ""remapped winner-XFG node 118 from source line 118 to key-line line 187""}, {""step"": 2, ""action"": ""winner_xfg_feature_mask"", ""target_nodes"": [120], ""removed_edges"": [], ""added_edges"": [], ""details"": ""remapped winner-XFG node 120 from source line 120 to key-line line 187""}, {""step"": 3, ""action"": ""winner_xfg_feature_mask"", ""target_nodes"": [37], ""removed_edges"": [], ""added_edges"": [], ""details"": ""remapped winner-XFG node 37 from source line 37 to key-line line 187""}]",
cvefixes__15_fixed_decode_entities,winner_xfg_feature_mask,5,while,0,1,success,0,0,False,False,5.931518171564676e-05,2.2090456752721366e-07,-5.9094277148119545e-05,116,116,0,426,426,0,17,17,arith,187,93,93,winner_xfg,5,150.36215800000718,"[{""step"": 1, ""action"": ""winner_xfg_feature_mask"", ""target_nodes"": [118], ""removed_edges"": [], ""added_edges"": [], ""details"": ""remapped winner-XFG node 118 from source line 118 to key-line line 187""}, {""step"": 2, ""action"": ""winner_xfg_feature_mask"", ""target_nodes"": [120], ""removed_edges"": [], ""added_edges"": [], ""details"": ""remapped winner-XFG node 120 from source line 120 to key-line line 187""}, {""step"": 3, ""action"": ""winner_xfg_feature_mask"", ""target_nodes"": [37], ""removed_edges"": [], ""added_edges"": [], ""details"": ""remapped winner-XFG node 37 from source line 37 to key-line line 187""}, {""step"": 4, ""action"": ""winner_xfg_feature_mask"", ""target_nodes"": [51], ""removed_edges"": [], ""added_edges"": [], ""details"": ""remapped winner-XFG node 51 from source line 51 to key-line line 187""}, {""step"": 5, ""action"": ""winner_xfg_feature_mask"", ""target_nodes"": [64], ""removed_edges"": [], ""added_edges"": [], ""details"": ""remapped winner-XFG node 64 from source line 64 to key-line line 187""}]",
cvefixes__15_fixed_decode_entities,targeted_subgraph_injection,1,while,0,1,success,0,0,False,False,5.931518171564676e-05,3.905608900822699e-05,-2.0259092707419768e-05,116,119,3,426,430,4,17,17,arith,187,93,93,winner_xfg,1,132.29636000005485,"[{""step"": 1, ""action"": ""targeted_subgraph_injection"", ""target_nodes"": [118, -1, -2, -3, 187], ""removed_edges"": [], ""added_edges"": [[118, -1, ""d""], [-1, -2, ""d""], [-2, -3, ""c""], [-3, 187, ""d""]], ""details"": ""injected a three-node key-line-feature motif around winner key line 187""}]",
cvefixes__15_fixed_decode_entities,targeted_subgraph_injection,3,while,0,1,success,0,0,False,False,5.931518171564676e-05,3.618832124629989e-05,-2.3126860469346866e-05,116,125,9,426,438,12,17,17,arith,187,93,93,winner_xfg,3,133.050841000113,"[{""step"": 1, ""action"": ""targeted_subgraph_injection"", ""target_nodes"": [118, -1, -2, -3, 187], ""removed_edges"": [], ""added_edges"": [[118, -1, ""d""], [-1, -2, ""d""], [-2, -3, ""c""], [-3, 187, ""d""]], ""details"": ""injected a three-node key-line-feature motif around winner key line 187""}, {""step"": 2, ""action"": ""targeted_subgraph_injection"", ""target_nodes"": [118, -4, -5, -6, 187], ""removed_edges"": [], ""added_edges"": [[118, -4, ""d""], [-4, -5, ""d""], [-5, -6, ""c""], [-6, 187, ""d""]], ""details"": ""injected a three-node key-line-feature motif around winner key line 187""}, {""step"": 3, ""action"": ""targeted_subgraph_injection"", ""target_nodes"": [118, -7, -8, -9, 187], ""removed_edges"": [], ""added_edges"": [[118, -7, ""d""], [-7, -8, ""d""], [-8, -9, ""c""], [-9, 187, ""d""]], ""details"": ""injected a three-node key-line-feature motif around winner key line 187""}]",
cvefixes__15_fixed_decode_entities,targeted_subgraph_injection,5,while,0,1,success,0,0,False,False,5.931518171564676e-05,3.618821574491449e-05,-2.312696597073227e-05,116,131,15,426,446,20,17,17,arith,187,93,93,winner_xfg,5,125.07469699994544,"[{""step"": 1, ""action"": ""targeted_subgraph_injection"", ""target_nodes"": [118, -1, -2, -3, 187], ""removed_edges"": [], ""added_edges"": [[118, -1, ""d""], [-1, -2, ""d""], [-2, -3, ""c""], [-3, 187, ""d""]], ""details"": ""injected a three-node key-line-feature motif around winner key line 187""}, {""step"": 2, ""action"": ""targeted_subgraph_injection"", ""target_nodes"": [118, -4, -5, -6, 187], ""removed_edges"": [], ""added_edges"": [[118, -4, ""d""], [-4, -5, ""d""], [-5, -6, ""c""], [-6, 187, ""d""]], ""details"": ""injected a three-node key-line-feature motif around winner key line 187""}, {""step"": 3, ""action"": ""targeted_subgraph_injection"", ""target_nodes"": [118, -7, -8, -9, 187], ""removed_edges"": [], ""added_edges"": [[118, -7, ""d""], [-7, -8, ""d""], [-8, -9, ""c""], [-9, 187, ""d""]], ""details"": ""injected a three-node key-line-feature motif around winner key line 187""}, {""step"": 4, ""action"": ""targeted_subgraph_injection"", ""target_nodes"": [118, -10, -11, -12, 187], ""removed_edges"": [], ""added_edges"": [[118, -10, ""d""], [-10, -11, ""d""], [-11, -12, ""c""], [-12, 187, ""d""]], ""details"": ""injected a three-node key-line-feature motif around winner key line 187""}, {""step"": 5, ""action"": ""targeted_subgraph_injection"", ""target_nodes"": [118, -13, -14, -15, 187], ""removed_edges"": [], ""added_edges"": [[118, -13, ""d""], [-13, -14, ""d""], [-14, -15, ""c""], [-15, 187, ""d""]], ""details"": ""injected a three-node key-line-feature motif around winner key line 187""}]",
cvefixes__19_fixed_try_read_network,winner_xfg_edge_attack,1,try_read_network,0,1,success,0,0,False,False,6.361439017698797e-14,1.998366207754676e-14,-4.363072809944121e-14,41,41,0,106,107,1,26,26,ptr,36,21,21,winner_xfg,1,109.75066399987554,"[{""step"": 1, ""action"": ""winner_xfg_edge_attack"", ""target_nodes"": [36, 1], ""removed_edges"": [], ""added_edges"": [[36, 1, ""d""]], ""details"": ""bridged winner-XFG d edge 36->1 to increase the vulnerable score""}]",
cvefixes__19_fixed_try_read_network,winner_xfg_edge_attack,3,try_read_network,0,1,success,0,0,False,False,6.361439017698797e-14,2.349500666720336e-14,-4.011938350978461e-14,41,41,0,106,109,3,26,26,ptr,36,21,21,winner_xfg,3,115.52406000009796,"[{""step"": 1, ""action"": ""winner_xfg_edge_attack"", ""target_nodes"": [36, 1], ""removed_edges"": [], ""added_edges"": [[36, 1, ""d""]], ""details"": ""bridged winner-XFG d edge 36->1 to increase the vulnerable score""}, {""step"": 2, ""action"": ""winner_xfg_edge_attack"", ""target_nodes"": [36, 33], ""removed_edges"": [], ""added_edges"": [[36, 33, ""d""]], ""details"": ""bridged winner-XFG d edge 36->33 to increase the vulnerable score""}, {""step"": 3, ""action"": ""winner_xfg_edge_attack"", ""target_nodes"": [36, 39], ""removed_edges"": [], ""added_edges"": [[36, 39, ""d""]], ""details"": ""bridged winner-XFG d edge 36->39 to increase the vulnerable score""}]",
cvefixes__19_fixed_try_read_network,winner_xfg_edge_attack,5,try_read_network,0,1,success,0,0,False,False,6.361439017698797e-14,5.336889987556624e-14,-1.024549030142173e-14,41,41,0,106,111,5,26,26,ptr,36,21,21,winner_xfg,5,116.60931200003688,"[{""step"": 1, ""action"": ""winner_xfg_edge_attack"", ""target_nodes"": [36, 1], ""removed_edges"": [], ""added_edges"": [[36, 1, ""d""]], ""details"": ""bridged winner-XFG d edge 36->1 to increase the vulnerable score""}, {""step"": 2, ""action"": ""winner_xfg_edge_attack"", ""target_nodes"": [36, 33], ""removed_edges"": [], ""added_edges"": [[36, 33, ""d""]], ""details"": ""bridged winner-XFG d edge 36->33 to increase the vulnerable score""}, {""step"": 3, ""action"": ""winner_xfg_edge_attack"", ""target_nodes"": [36, 39], ""removed_edges"": [], ""added_edges"": [[36, 39, ""d""]], ""details"": ""bridged winner-XFG d edge 36->39 to increase the vulnerable score""}, {""step"": 4, ""action"": ""winner_xfg_edge_attack"", ""target_nodes"": [36, 29], ""removed_edges"": [], ""added_edges"": [[36, 29, ""d""]], ""details"": ""bridged winner-XFG d edge 36->29 to increase the vulnerable score""}, {""step"": 5, ""action"": ""winner_xfg_edge_attack"", ""target_nodes"": [36, 10], ""removed_edges"": [], ""added_edges"": [[36, 10, ""d""]], ""details"": ""bridged winner-XFG d edge 36->10 to increase the vulnerable score""}]",
cvefixes__19_fixed_try_read_network,winner_xfg_feature_mask,1,try_read_network,0,1,success,0,0,False,False,6.361439017698797e-14,3.907253187662718e-08,3.9072468262237004e-08,41,41,0,106,106,0,26,26,ptr,36,21,21,winner_xfg,1,118.81743399999323,"[{""step"": 1, ""action"": ""winner_xfg_feature_mask"", ""target_nodes"": [1], ""removed_edges"": [], ""added_edges"": [], ""details"": ""remapped winner-XFG node 1 from source line 1 to key-line line 36""}]",
cvefixes__19_fixed_try_read_network,winner_xfg_feature_mask,3,try_read_network,0,1,success,0,0,False,False,6.361439017698797e-14,1.0363626623544064e-11,1.0300012233367076e-11,41,41,0,106,106,0,26,26,ptr,36,21,21,winner_xfg,3,117.05389400003696,"[{""step"": 1, ""action"": ""winner_xfg_feature_mask"", ""target_nodes"": [1], ""removed_edges"": [], ""added_edges"": [], ""details"": ""remapped winner-XFG node 1 from source line 1 to key-line line 36""}, {""step"": 2, ""action"": ""winner_xfg_feature_mask"", ""target_nodes"": [34], ""removed_edges"": [], ""added_edges"": [], ""details"": ""remapped winner-XFG node 34 from source line 34 to key-line line 36""}, {""step"": 3, ""action"": ""winner_xfg_feature_mask"", ""target_nodes"": [20], ""removed_edges"": [], ""added_edges"": [], ""details"": ""remapped winner-XFG node 20 from source line 20 to key-line line 36""}]",
cvefixes__19_fixed_try_read_network,winner_xfg_feature_mask,5,try_read_network,0,1,success,0,0,False,False,6.361439017698797e-14,2.846367065656441e-11,2.8400056266387422e-11,41,41,0,106,106,0,26,26,ptr,36,21,21,winner_xfg,5,124.48549600003389,"[{""step"": 1, ""action"": ""winner_xfg_feature_mask"", ""target_nodes"": [1], ""removed_edges"": [], ""added_edges"": [], ""details"": ""remapped winner-XFG node 1 from source line 1 to key-line line 36""}, {""step"": 2, ""action"": ""winner_xfg_feature_mask"", ""target_nodes"": [34], ""removed_edges"": [], ""added_edges"": [], ""details"": ""remapped winner-XFG node 34 from source line 34 to key-line line 36""}, {""step"": 3, ""action"": ""winner_xfg_feature_mask"", ""target_nodes"": [20], ""removed_edges"": [], ""added_edges"": [], ""details"": ""remapped winner-XFG node 20 from source line 20 to key-line line 36""}, {""step"": 4, ""action"": ""winner_xfg_feature_mask"", ""target_nodes"": [40], ""removed_edges"": [], ""added_edges"": [], ""details"": ""remapped winner-XFG node 40 from source line 40 to key-line line 36""}, {""step"": 5, ""action"": ""winner_xfg_feature_mask"", ""target_nodes"": [46], ""removed_edges"": [], ""added_edges"": [], ""details"": ""remapped winner-XFG node 46 from source line 46 to key-line line 36""}]",
cvefixes__19_fixed_try_read_network,targeted_subgraph_injection,1,try_read_network,0,1,success,0,0,False,False,6.361439017698797e-14,5.996191043688981e-11,5.989829604671282e-11,41,44,3,106,110,4,26,26,ptr,36,21,21,winner_xfg,1,128.28513800013752,"[{""step"": 1, ""action"": ""targeted_subgraph_injection"", ""target_nodes"": [1, -1, -2, -3, 36], ""removed_edges"": [], ""added_edges"": [[1, -1, ""d""], [-1, -2, ""d""], [-2, -3, ""c""], [-3, 36, ""d""]], ""details"": ""injected a three-node key-line-feature motif around winner key line 36""}]",
cvefixes__19_fixed_try_read_network,targeted_subgraph_injection,3,try_read_network,0,1,success,0,0,False,False,6.361439017698797e-14,9.568947412219586e-09,9.568883797829409e-09,41,50,9,106,118,12,26,26,ptr,36,21,21,winner_xfg,3,125.50152199992226,"[{""step"": 1, ""action"": ""targeted_subgraph_injection"", ""target_nodes"": [1, -1, -2, -3, 36], ""removed_edges"": [], ""added_edges"": [[1, -1, ""d""], [-1, -2, ""d""], [-2, -3, ""c""], [-3, 36, ""d""]], ""details"": ""injected a three-node key-line-feature motif around winner key line 36""}, {""step"": 2, ""action"": ""targeted_subgraph_injection"", ""target_nodes"": [1, -4, -5, -6, 36], ""removed_edges"": [], ""added_edges"": [[1, -4, ""d""], [-4, -5, ""d""], [-5, -6, ""c""], [-6, 36, ""d""]], ""details"": ""injected a three-node key-line-feature motif around winner key line 36""}, {""step"": 3, ""action"": ""targeted_subgraph_injection"", ""target_nodes"": [1, -7, -8, -9, 36], ""removed_edges"": [], ""added_edges"": [[1, -7, ""d""], [-7, -8, ""d""], [-8, -9, ""c""], [-9, 36, ""d""]], ""details"": ""injected a three-node key-line-feature motif around winner key line 36""}]",
cvefixes__19_fixed_try_read_network,targeted_subgraph_injection,5,try_read_network,0,1,success,0,0,False,False,6.361439017698797e-14,5.629096477832718e-08,5.6290901163937e-08,41,56,15,106,126,20,26,26,ptr,36,21,21,winner_xfg,5,133.82738000018435,"[{""step"": 1, ""action"": ""targeted_subgraph_injection"", ""target_nodes"": [1, -1, -2, -3, 36], ""removed_edges"": [], ""added_edges"": [[1, -1, ""d""], [-1, -2, ""d""], [-2, -3, ""c""], [-3, 36, ""d""]], ""details"": ""injected a three-node key-line-feature motif around winner key line 36""}, {""step"": 2, ""action"": ""targeted_subgraph_injection"", ""target_nodes"": [1, -4, -5, -6, 36], ""removed_edges"": [], ""added_edges"": [[1, -4, ""d""], [-4, -5, ""d""], [-5, -6, ""c""], [-6, 36, ""d""]], ""details"": ""injected a three-node key-line-feature motif around winner key line 36""}, {""step"": 3, ""action"": ""targeted_subgraph_injection"", ""target_nodes"": [1, -7, -8, -9, 36], ""removed_edges"": [], ""added_edges"": [[1, -7, ""d""], [-7, -8, ""d""], [-8, -9, ""c""], [-9, 36, ""d""]], ""details"": ""injected a three-node key-line-feature motif around winner key line 36""}, {""step"": 4, ""action"": ""targeted_subgraph_injection"", ""target_nodes"": [1, -10, -11, -12, 36], ""removed_edges"": [], ""added_edges"": [[1, -10, ""d""], [-10, -11, ""d""], [-11, -12, ""c""], [-12, 36, ""d""]], ""details"": ""injected a three-node key-line-feature motif around winner key line 36""}, {""step"": 5, ""action"": ""targeted_subgraph_injection"", ""target_nodes"": [1, -13, -14, -15, 36], ""removed_edges"": [], ""added_edges"": [[1, -13, ""d""], [-13, -14, ""d""], [-14, -15, ""c""], [-15, 36, ""d""]], ""details"": ""injected a three-node key-line-feature motif around winner key line 36""}]",
cwe119__01_vulnerable_03_vulnerable_30,winner_xfg_edge_attack,1,if,1,0,success,1,1,False,False,1.0,1.0,0.0,43,43,0,70,69,-1,41,41,call,30,9,9,winner_xfg,1,137.92943599992213,"[{""step"": 1, ""action"": ""winner_xfg_edge_attack"", ""target_nodes"": [27, 30], ""removed_edges"": [[27, 30, ""c""]], ""added_edges"": [], ""details"": ""cut winner-XFG c edge 27->30 to reduce the vulnerable score""}]",
cwe119__01_vulnerable_03_vulnerable_30,winner_xfg_edge_attack,3,if,1,0,success,1,1,False,False,1.0,1.0,0.0,43,43,0,70,67,-3,41,41,call,30,9,9,winner_xfg,3,148.2589420002114,"[{""step"": 1, ""action"": ""winner_xfg_edge_attack"", ""target_nodes"": [27, 30], ""removed_edges"": [[27, 30, ""c""]], ""added_edges"": [], ""details"": ""cut winner-XFG c edge 27->30 to reduce the vulnerable score""}, {""step"": 2, ""action"": ""winner_xfg_edge_attack"", ""target_nodes"": [30, 35], ""removed_edges"": [[30, 35, ""d""]], ""added_edges"": [], ""details"": ""cut winner-XFG d edge 30->35 to reduce the vulnerable score""}, {""step"": 3, ""action"": ""winner_xfg_edge_attack"", ""target_nodes"": [30, 31], ""removed_edges"": [[30, 31, ""d""]], ""added_edges"": [], ""details"": ""cut winner-XFG d edge 30->31 to reduce the vulnerable score""}]",
cwe119__01_vulnerable_03_vulnerable_30,winner_xfg_edge_attack,5,if,1,0,success,1,1,False,False,1.0,1.0,0.0,43,43,0,70,65,-5,41,41,call,30,9,9,winner_xfg,5,135.85673700026746,"[{""step"": 1, ""action"": ""winner_xfg_edge_attack"", ""target_nodes"": [27, 30], ""removed_edges"": [[27, 30, ""c""]], ""added_edges"": [], ""details"": ""cut winner-XFG c edge 27->30 to reduce the vulnerable score""}, {""step"": 2, ""action"": ""winner_xfg_edge_attack"", ""target_nodes"": [30, 35], ""removed_edges"": [[30, 35, ""d""]], ""added_edges"": [], ""details"": ""cut winner-XFG d edge 30->35 to reduce the vulnerable score""}, {""step"": 3, ""action"": ""winner_xfg_edge_attack"", ""target_nodes"": [30, 31], ""removed_edges"": [[30, 31, ""d""]], ""added_edges"": [], ""details"": ""cut winner-XFG d edge 30->31 to reduce the vulnerable score""}, {""step"": 4, ""action"": ""winner_xfg_edge_attack"", ""target_nodes"": [30, 32], ""removed_edges"": [[30, 32, ""d""]], ""added_edges"": [], ""details"": ""cut winner-XFG d edge 30->32 to reduce the vulnerable score""}, {""step"": 5, ""action"": ""winner_xfg_edge_attack"", ""target_nodes"": [30, 33], ""removed_edges"": [[30, 33, ""d""]], ""added_edges"": [], ""details"": ""cut winner-XFG d edge 30->33 to reduce the vulnerable score""}]",
cwe119__01_vulnerable_03_vulnerable_30,winner_xfg_feature_mask,1,if,1,0,success,1,1,False,False,1.0,0.999998927116394,-1.0728836059570312e-06,43,43,0,70,70,0,41,41,call,30,9,9,winner_xfg,1,141.97739900009765,"[{""step"": 1, ""action"": ""winner_xfg_feature_mask"", ""target_nodes"": [27], ""removed_edges"": [], ""added_edges"": [], ""details"": ""remapped winner-XFG node 27 from source line 27 to neutral line 41""}]",
cwe119__01_vulnerable_03_vulnerable_30,winner_xfg_feature_mask,3,if,1,0,success,1,1,False,False,1.0,0.999998927116394,-1.0728836059570312e-06,43,43,0,70,70,0,41,41,call,30,9,9,winner_xfg,3,141.5600329996778,"[{""step"": 1, ""action"": ""winner_xfg_feature_mask"", ""target_nodes"": [27], ""removed_edges"": [], ""added_edges"": [], ""details"": ""remapped winner-XFG node 27 from source line 27 to neutral line 41""}, {""step"": 2, ""action"": ""winner_xfg_feature_mask"", ""target_nodes"": [31], ""removed_edges"": [], ""added_edges"": [], ""details"": ""remapped winner-XFG node 31 from source line 31 to neutral line 41""}, {""step"": 3, ""action"": ""winner_xfg_feature_mask"", ""target_nodes"": [50], ""removed_edges"": [], ""added_edges"": [], ""details"": ""remapped winner-XFG node 50 from source line 50 to neutral line 41""}]",
cwe119__01_vulnerable_03_vulnerable_30,winner_xfg_feature_mask,5,if,1,0,success,1,1,False,False,1.0,0.9571942090988159,-0.04280579090118408,43,43,0,70,70,0,41,41,call,30,9,9,winner_xfg,5,133.69636200013701,"[{""step"": 1, ""action"": ""winner_xfg_feature_mask"", ""target_nodes"": [27], ""removed_edges"": [], ""added_edges"": [], ""details"": ""remapped winner-XFG node 27 from source line 27 to neutral line 41""}, {""step"": 2, ""action"": ""winner_xfg_feature_mask"", ""target_nodes"": [31], ""removed_edges"": [], ""added_edges"": [], ""details"": ""remapped winner-XFG node 31 from source line 31 to neutral line 41""}, {""step"": 3, ""action"": ""winner_xfg_feature_mask"", ""target_nodes"": [50], ""removed_edges"": [], ""added_edges"": [], ""details"": ""remapped winner-XFG node 50 from source line 50 to neutral line 41""}, {""step"": 4, ""action"": ""winner_xfg_feature_mask"", ""target_nodes"": [26], ""removed_edges"": [], ""added_edges"": [], ""details"": ""remapped winner-XFG node 26 from source line 26 to neutral line 41""}, {""step"": 5, ""action"": ""winner_xfg_feature_mask"", ""target_nodes"": [40], ""removed_edges"": [], ""added_edges"": [], ""details"": ""remapped winner-XFG node 40 from source line 40 to neutral line 41""}]",
cwe119__01_vulnerable_03_vulnerable_30,targeted_subgraph_injection,1,if,1,0,success,1,1,False,False,1.0,1.0,0.0,43,46,3,70,74,4,41,41,call,30,9,9,winner_xfg,1,150.59947400004603,"[{""step"": 1, ""action"": ""targeted_subgraph_injection"", ""target_nodes"": [27, -1, -2, -3, 30], ""removed_edges"": [], ""added_edges"": [[27, -1, ""d""], [-1, -2, ""d""], [-2, -3, ""c""], [-3, 30, ""d""]], ""details"": ""injected a three-node neutral-feature motif around winner key line 30""}]",
cwe119__01_vulnerable_03_vulnerable_30,targeted_subgraph_injection,3,if,1,0,success,1,1,False,False,1.0,0.9999982118606567,-1.7881393432617188e-06,43,52,9,70,82,12,41,41,call,30,9,9,winner_xfg,3,147.72022400029527,"[{""step"": 1, ""action"": ""targeted_subgraph_injection"", ""target_nodes"": [27, -1, -2, -3, 30], ""removed_edges"": [], ""added_edges"": [[27, -1, ""d""], [-1, -2, ""d""], [-2, -3, ""c""], [-3, 30, ""d""]], ""details"": ""injected a three-node neutral-feature motif around winner key line 30""}, {""step"": 2, ""action"": ""targeted_subgraph_injection"", ""target_nodes"": [27, -4, -5, -6, 30], ""removed_edges"": [], ""added_edges"": [[27, -4, ""d""], [-4, -5, ""d""], [-5, -6, ""c""], [-6, 30, ""d""]], ""details"": ""injected a three-node neutral-feature motif around winner key line 30""}, {""step"": 3, ""action"": ""targeted_subgraph_injection"", ""target_nodes"": [27, -7, -8, -9, 30], ""removed_edges"": [], ""added_edges"": [[27, -7, ""d""], [-7, -8, ""d""], [-8, -9, ""c""], [-9, 30, ""d""]], ""details"": ""injected a three-node neutral-feature motif around winner key line 30""}]",
cwe119__01_vulnerable_03_vulnerable_30,targeted_subgraph_injection,5,if,1,0,success,1,1,False,False,1.0,0.9972350001335144,-0.0027649998664855957,43,58,15,70,90,20,41,41,call,30,9,9,winner_xfg,5,144.60319099998742,"[{""step"": 1, ""action"": ""targeted_subgraph_injection"", ""target_nodes"": [27, -1, -2, -3, 30], ""removed_edges"": [], ""added_edges"": [[27, -1, ""d""], [-1, -2, ""d""], [-2, -3, ""c""], [-3, 30, ""d""]], ""details"": ""injected a three-node neutral-feature motif around winner key line 30""}, {""step"": 2, ""action"": ""targeted_subgraph_injection"", ""target_nodes"": [27, -4, -5, -6, 30], ""removed_edges"": [], ""added_edges"": [[27, -4, ""d""], [-4, -5, ""d""], [-5, -6, ""c""], [-6, 30, ""d""]], ""details"": ""injected a three-node neutral-feature motif around winner key line 30""}, {""step"": 3, ""action"": ""targeted_subgraph_injection"", ""target_nodes"": [27, -7, -8, -9, 30], ""removed_edges"": [], ""added_edges"": [[27, -7, ""d""], [-7, -8, ""d""], [-8, -9, ""c""], [-9, 30, ""d""]], ""details"": ""injected a three-node neutral-feature motif around winner key line 30""}, {""step"": 4, ""action"": ""targeted_subgraph_injection"", ""target_nodes"": [27, -10, -11, -12, 30], ""removed_edges"": [], ""added_edges"": [[27, -10, ""d""], [-10, -11, ""d""], [-11, -12, ""c""], [-12, 30, ""d""]], ""details"": ""injected a three-node neutral-feature motif around winner key line 30""}, {""step"": 5, ""action"": ""targeted_subgraph_injection"", ""target_nodes"": [27, -13, -14, -15, 30], ""removed_edges"": [], ""added_edges"": [[27, -13, ""d""], [-13, -14, ""d""], [-14, -15, ""c""], [-15, 30, ""d""]], ""details"": ""injected a three-node neutral-feature motif around winner key line 30""}]",
cwe119__02_vulnerable_04_vulnerable_55,winner_xfg_edge_attack,1,main,1,0,success,1,1,False,False,0.9979885816574097,0.9988541603088379,0.0008655786514282227,6,6,0,6,5,-1,4,4,call,61,4,4,winner_xfg,1,43.04839400037963,"[{""step"": 1, ""action"": ""winner_xfg_edge_attack"", ""target_nodes"": [55, 61], ""removed_edges"": [[55, 61, ""c""]], ""added_edges"": [], ""details"": ""cut winner-XFG c edge 55->61 to reduce the vulnerable score""}]",
cwe119__02_vulnerable_04_vulnerable_55,winner_xfg_edge_attack,3,main,1,0,success,1,0,True,True,0.9979885816574097,0.06674832850694656,-0.9312402531504631,6,6,0,6,3,-3,4,4,call,61,4,4,winner_xfg,3,42.71811099988554,"[{""step"": 1, ""action"": ""winner_xfg_edge_attack"", ""target_nodes"": [55, 61], ""removed_edges"": [[55, 61, ""c""]], ""added_edges"": [], ""details"": ""cut winner-XFG c edge 55->61 to reduce the vulnerable score""}, {""step"": 2, ""action"": ""winner_xfg_edge_attack"", ""target_nodes"": [51, 61], ""removed_edges"": [[51, 61, ""d""]], ""added_edges"": [], ""details"": ""cut winner-XFG d edge 51->61 to reduce the vulnerable score""}, {""step"": 3, ""action"": ""winner_xfg_edge_attack"", ""target_nodes"": [53, 61], ""removed_edges"": [[53, 61, ""d""]], ""added_edges"": [], ""details"": ""cut winner-XFG d edge 53->61 to reduce the vulnerable score""}]",
cwe119__02_vulnerable_04_vulnerable_55,winner_xfg_edge_attack,5,main,1,0,success,1,1,False,False,0.9979885816574097,0.5549482107162476,-0.4430403709411621,6,6,0,6,1,-5,4,4,call,61,4,4,winner_xfg,5,41.674725000120816,"[{""step"": 1, ""action"": ""winner_xfg_edge_attack"", ""target_nodes"": [55, 61], ""removed_edges"": [[55, 61, ""c""]], ""added_edges"": [], ""details"": ""cut winner-XFG c edge 55->61 to reduce the vulnerable score""}, {""step"": 2, ""action"": ""winner_xfg_edge_attack"", ""target_nodes"": [51, 61], ""removed_edges"": [[51, 61, ""d""]], ""added_edges"": [], ""details"": ""cut winner-XFG d edge 51->61 to reduce the vulnerable score""}, {""step"": 3, ""action"": ""winner_xfg_edge_attack"", ""target_nodes"": [53, 61], ""removed_edges"": [[53, 61, ""d""]], ""added_edges"": [], ""details"": ""cut winner-XFG d edge 53->61 to reduce the vulnerable score""}, {""step"": 4, ""action"": ""winner_xfg_edge_attack"", ""target_nodes"": [51, 55], ""removed_edges"": [[51, 55, ""d""]], ""added_edges"": [], ""details"": ""cut winner-XFG d edge 51->55 to reduce the vulnerable score""}, {""step"": 5, ""action"": ""winner_xfg_edge_attack"", ""target_nodes"": [55, 57], ""removed_edges"": [[55, 57, ""c""]], ""added_edges"": [], ""details"": ""cut winner-XFG c edge 55->57 to reduce the vulnerable score""}]",
cwe119__02_vulnerable_04_vulnerable_55,winner_xfg_feature_mask,1,main,1,0,success,1,1,False,False,0.9979885816574097,0.9950048327445984,-0.0029837489128112793,6,6,0,6,6,0,4,4,call,61,4,4,winner_xfg,1,38.95761500007211,"[{""step"": 1, ""action"": ""winner_xfg_feature_mask"", ""target_nodes"": [51], ""removed_edges"": [], ""added_edges"": [], ""details"": ""remapped winner-XFG node 51 from source line 51 to neutral line 57""}]",
cwe119__02_vulnerable_04_vulnerable_55,winner_xfg_feature_mask,3,main,1,0,success,1,1,False,False,0.9979885816574097,0.9421024918556213,-0.05588608980178833,6,6,0,6,6,0,4,4,call,61,4,4,winner_xfg,3,33.092658999976265,"[{""step"": 1, ""action"": ""winner_xfg_feature_mask"", ""target_nodes"": [51], ""removed_edges"": [], ""added_edges"": [], ""details"": ""remapped winner-XFG node 51 from source line 51 to neutral line 57""}, {""step"": 2, ""action"": ""winner_xfg_feature_mask"", ""target_nodes"": [53], ""removed_edges"": [], ""added_edges"": [], ""details"": ""remapped winner-XFG node 53 from source line 53 to neutral line 57""}, {""step"": 3, ""action"": ""winner_xfg_feature_mask"", ""target_nodes"": [64], ""removed_edges"": [], ""added_edges"": [], ""details"": ""remapped winner-XFG node 64 from source line 64 to neutral line 57""}]",
cwe119__02_vulnerable_04_vulnerable_55,winner_xfg_feature_mask,5,main,1,0,success,1,1,False,False,0.9979885816574097,0.9421024918556213,-0.05588608980178833,6,6,0,6,6,0,4,4,call,61,4,4,winner_xfg,3,42.867875000411004,"[{""step"": 1, ""action"": ""winner_xfg_feature_mask"", ""target_nodes"": [51], ""removed_edges"": [], ""added_edges"": [], ""details"": ""remapped winner-XFG node 51 from source line 51 to neutral line 57""}, {""step"": 2, ""action"": ""winner_xfg_feature_mask"", ""target_nodes"": [53], ""removed_edges"": [], ""added_edges"": [], ""details"": ""remapped winner-XFG node 53 from source line 53 to neutral line 57""}, {""step"": 3, ""action"": ""winner_xfg_feature_mask"", ""target_nodes"": [64], ""removed_edges"": [], ""added_edges"": [], ""details"": ""remapped winner-XFG node 64 from source line 64 to neutral line 57""}]",
cwe119__02_vulnerable_04_vulnerable_55,targeted_subgraph_injection,1,main,1,0,success,1,1,False,False,0.9979885816574097,0.9876619577407837,-0.010326623916625977,6,9,3,6,10,4,4,4,call,61,4,4,winner_xfg,1,36.674567999853025,"[{""step"": 1, ""action"": ""targeted_subgraph_injection"", ""target_nodes"": [55, -1, -2, -3, 61], ""removed_edges"": [], ""added_edges"": [[55, -1, ""d""], [-1, -2, ""d""], [-2, -3, ""c""], [-3, 61, ""d""]], ""details"": ""injected a three-node neutral-feature motif around winner key line 61""}]",
cwe119__02_vulnerable_04_vulnerable_55,targeted_subgraph_injection,3,main,1,0,success,1,0,True,True,0.9979885816574097,0.04061410203576088,-0.9573744796216488,6,15,9,6,18,12,4,4,call,61,4,4,winner_xfg,3,40.59578900023553,"[{""step"": 1, ""action"": ""targeted_subgraph_injection"", ""target_nodes"": [55, -1, -2, -3, 61], ""removed_edges"": [], ""added_edges"": [[55, -1, ""d""], [-1, -2, ""d""], [-2, -3, ""c""], [-3, 61, ""d""]], ""details"": ""injected a three-node neutral-feature motif around winner key line 61""}, {""step"": 2, ""action"": ""targeted_subgraph_injection"", ""target_nodes"": [55, -4, -5, -6, 61], ""removed_edges"": [], ""added_edges"": [[55, -4, ""d""], [-4, -5, ""d""], [-5, -6, ""c""], [-6, 61, ""d""]], ""details"": ""injected a three-node neutral-feature motif around winner key line 61""}, {""step"": 3, ""action"": ""targeted_subgraph_injection"", ""target_nodes"": [55, -7, -8, -9, 61], ""removed_edges"": [], ""added_edges"": [[55, -7, ""d""], [-7, -8, ""d""], [-8, -9, ""c""], [-9, 61, ""d""]], ""details"": ""injected a three-node neutral-feature motif around winner key line 61""}]",
cwe119__02_vulnerable_04_vulnerable_55,targeted_subgraph_injection,5,main,1,0,success,1,0,True,True,0.9979885816574097,0.005598376039415598,-0.9923902056179941,6,21,15,6,26,20,4,4,call,61,4,4,winner_xfg,5,36.81034199962596,"[{""step"": 1, ""action"": ""targeted_subgraph_injection"", ""target_nodes"": [55, -1, -2, -3, 61], ""removed_edges"": [], ""added_edges"": [[55, -1, ""d""], [-1, -2, ""d""], [-2, -3, ""c""], [-3, 61, ""d""]], ""details"": ""injected a three-node neutral-feature motif around winner key line 61""}, {""step"": 2, ""action"": ""targeted_subgraph_injection"", ""target_nodes"": [55, -4, -5, -6, 61], ""removed_edges"": [], ""added_edges"": [[55, -4, ""d""], [-4, -5, ""d""], [-5, -6, ""c""], [-6, 61, ""d""]], ""details"": ""injected a three-node neutral-feature motif around winner key line 61""}, {""step"": 3, ""action"": ""targeted_subgraph_injection"", ""target_nodes"": [55, -7, -8, -9, 61], ""removed_edges"": [], ""added_edges"": [[55, -7, ""d""], [-7, -8, ""d""], [-8, -9, ""c""], [-9, 61, ""d""]], ""details"": ""injected a three-node neutral-feature motif around winner key line 61""}, {""step"": 4, ""action"": ""targeted_subgraph_injection"", ""target_nodes"": [55, -10, -11, -12, 61], ""removed_edges"": [], ""added_edges"": [[55, -10, ""d""], [-10, -11, ""d""], [-11, -12, ""c""], [-12, 61, ""d""]], ""details"": ""injected a three-node neutral-feature motif around winner key line 61""}, {""step"": 5, ""action"": ""targeted_subgraph_injection"", ""target_nodes"": [55, -13, -14, -15, 61], ""removed_edges"": [], ""added_edges"": [[55, -13, ""d""], [-13, -14, ""d""], [-14, -15, ""c""], [-15, 61, ""d""]], ""details"": ""injected a three-node neutral-feature motif around winner key line 61""}]",
cwe119__03_vulnerable_05_vulnerable_32,winner_xfg_edge_attack,1,badSink,1,0,success,1,0,True,True,0.9999673366546631,0.17650441825389862,-0.8234629184007645,10,10,0,8,7,-1,4,4,call,38,4,4,winner_xfg,1,30.669538999973156,"[{""step"": 1, ""action"": ""winner_xfg_edge_attack"", ""target_nodes"": [32, 38], ""removed_edges"": [[32, 38, ""d""]], ""added_edges"": [], ""details"": ""cut winner-XFG d edge 32->38 to reduce the vulnerable score""}]",
cwe119__03_vulnerable_05_vulnerable_32,winner_xfg_edge_attack,3,badSink,1,0,success,1,0,True,True,0.9999673366546631,0.09834899008274078,-0.9016183465719223,10,10,0,8,5,-3,4,4,call,38,4,4,winner_xfg,3,28.559960999700706,"[{""step"": 1, ""action"": ""winner_xfg_edge_attack"", ""target_nodes"": [32, 38], ""removed_edges"": [[32, 38, ""d""]], ""added_edges"": [], ""details"": ""cut winner-XFG d edge 32->38 to reduce the vulnerable score""}, {""step"": 2, ""action"": ""winner_xfg_edge_attack"", ""target_nodes"": [34, 38], ""removed_edges"": [[34, 38, ""d""]], ""added_edges"": [], ""details"": ""cut winner-XFG d edge 34->38 to reduce the vulnerable score""}, {""step"": 3, ""action"": ""winner_xfg_edge_attack"", ""target_nodes"": [29, 32], ""removed_edges"": [[29, 32, ""d""]], ""added_edges"": [], ""details"": ""cut winner-XFG d edge 29->32 to reduce the vulnerable score""}]",
cwe119__03_vulnerable_05_vulnerable_32,winner_xfg_edge_attack,5,badSink,1,0,success,1,0,True,True,0.9999673366546631,0.125381737947464,-0.8745855987071991,10,10,0,8,3,-5,4,4,call,38,4,4,winner_xfg,5,33.3509810002397,"[{""step"": 1, ""action"": ""winner_xfg_edge_attack"", ""target_nodes"": [32, 38], ""removed_edges"": [[32, 38, ""d""]], ""added_edges"": [], ""details"": ""cut winner-XFG d edge 32->38 to reduce the vulnerable score""}, {""step"": 2, ""action"": ""winner_xfg_edge_attack"", ""target_nodes"": [34, 38], ""removed_edges"": [[34, 38, ""d""]], ""added_edges"": [], ""details"": ""cut winner-XFG d edge 34->38 to reduce the vulnerable score""}, {""step"": 3, ""action"": ""winner_xfg_edge_attack"", ""target_nodes"": [29, 32], ""removed_edges"": [[29, 32, ""d""]], ""added_edges"": [], ""details"": ""cut winner-XFG d edge 29->32 to reduce the vulnerable score""}, {""step"": 4, ""action"": ""winner_xfg_edge_attack"", ""target_nodes"": [32, 39], ""removed_edges"": [[32, 39, ""d""]], ""added_edges"": [], ""details"": ""cut winner-XFG d edge 32->39 to reduce the vulnerable score""}, {""step"": 5, ""action"": ""winner_xfg_edge_attack"", ""target_nodes"": [51, 57], ""removed_edges"": [[51, 57, ""d""]], ""added_edges"": [], ""details"": ""cut winner-XFG d edge 51->57 to reduce the vulnerable score""}]",
cwe119__03_vulnerable_05_vulnerable_32,winner_xfg_feature_mask,1,badSink,1,0,success,1,1,False,False,0.9999673366546631,0.9550052881240845,-0.04496204853057861,10,10,0,8,8,0,4,4,call,38,4,4,winner_xfg,1,29.033160999915708,"[{""step"": 1, ""action"": ""winner_xfg_feature_mask"", ""target_nodes"": [34], ""removed_edges"": [], ""added_edges"": [], ""details"": ""remapped winner-XFG node 34 from source line 34 to neutral line 39""}]",
cwe119__03_vulnerable_05_vulnerable_32,winner_xfg_feature_mask,3,badSink,1,0,success,1,0,True,True,0.9999673366546631,0.21377404034137726,-0.7861932963132858,10,10,0,8,8,0,4,4,call,38,4,4,winner_xfg,3,35.93592200013518,"[{""step"": 1, ""action"": ""winner_xfg_feature_mask"", ""target_nodes"": [34], ""removed_edges"": [], ""added_edges"": [], ""details"": ""remapped winner-XFG node 34 from source line 34 to neutral line 39""}, {""step"": 2, ""action"": ""winner_xfg_feature_mask"", ""target_nodes"": [29], ""removed_edges"": [], ""added_edges"": [], ""details"": ""remapped winner-XFG node 29 from source line 29 to neutral line 39""}, {""step"": 3, ""action"": ""winner_xfg_feature_mask"", ""target_nodes"": [49], ""removed_edges"": [], ""added_edges"": [], ""details"": ""remapped winner-XFG node 49 from source line 49 to neutral line 39""}]",
cwe119__03_vulnerable_05_vulnerable_32,winner_xfg_feature_mask,5,badSink,1,0,success,1,0,True,True,0.9999673366546631,0.21377404034137726,-0.7861932963132858,10,10,0,8,8,0,4,4,call,38,4,4,winner_xfg,5,32.571236999956454,"[{""step"": 1, ""action"": ""winner_xfg_feature_mask"", ""target_nodes"": [34], ""removed_edges"": [], ""added_edges"": [], ""details"": ""remapped winner-XFG node 34 from source line 34 to neutral line 39""}, {""step"": 2, ""action"": ""winner_xfg_feature_mask"", ""target_nodes"": [29], ""removed_edges"": [], ""added_edges"": [], ""details"": ""remapped winner-XFG node 29 from source line 29 to neutral line 39""}, {""step"": 3, ""action"": ""winner_xfg_feature_mask"", ""target_nodes"": [49], ""removed_edges"": [], ""added_edges"": [], ""details"": ""remapped winner-XFG node 49 from source line 49 to neutral line 39""}, {""step"": 4, ""action"": ""winner_xfg_feature_mask"", ""target_nodes"": [53], ""removed_edges"": [], ""added_edges"": [], ""details"": ""remapped winner-XFG node 53 from source line 53 to neutral line 39""}, {""step"": 5, ""action"": ""winner_xfg_feature_mask"", ""target_nodes"": [58], ""removed_edges"": [], ""added_edges"": [], ""details"": ""remapped winner-XFG node 58 from source line 58 to neutral line 39""}]",
cwe119__03_vulnerable_05_vulnerable_32,targeted_subgraph_injection,1,badSink,1,0,success,1,1,False,False,0.9999673366546631,1.0,3.266334533691406e-05,10,13,3,8,12,4,4,4,call,38,4,4,winner_xfg,1,36.641705999954866,"[{""step"": 1, ""action"": ""targeted_subgraph_injection"", ""target_nodes"": [32, -1, -2, -3, 38], ""removed_edges"": [], ""added_edges"": [[32, -1, ""d""], [-1, -2, ""d""], [-2, -3, ""c""], [-3, 38, ""d""]], ""details"": ""injected a three-node neutral-feature motif around winner key line 38""}]",
cwe119__03_vulnerable_05_vulnerable_32,targeted_subgraph_injection,3,badSink,1,0,success,1,1,False,False,0.9999673366546631,1.0,3.266334533691406e-05,10,19,9,8,20,12,4,4,call,38,4,4,winner_xfg,3,34.0609059999224,"[{""step"": 1, ""action"": ""targeted_subgraph_injection"", ""target_nodes"": [32, -1, -2, -3, 38], ""removed_edges"": [], ""added_edges"": [[32, -1, ""d""], [-1, -2, ""d""], [-2, -3, ""c""], [-3, 38, ""d""]], ""details"": ""injected a three-node neutral-feature motif around winner key line 38""}, {""step"": 2, ""action"": ""targeted_subgraph_injection"", ""target_nodes"": [32, -4, -5, -6, 38], ""removed_edges"": [], ""added_edges"": [[32, -4, ""d""], [-4, -5, ""d""], [-5, -6, ""c""], [-6, 38, ""d""]], ""details"": ""injected a three-node neutral-feature motif around winner key line 38""}, {""step"": 3, ""action"": ""targeted_subgraph_injection"", ""target_nodes"": [32, -7, -8, -9, 38], ""removed_edges"": [], ""added_edges"": [[32, -7, ""d""], [-7, -8, ""d""], [-8, -9, ""c""], [-9, 38, ""d""]], ""details"": ""injected a three-node neutral-feature motif around winner key line 38""}]",
cwe119__03_vulnerable_05_vulnerable_32,targeted_subgraph_injection,5,badSink,1,0,success,1,1,False,False,0.9999673366546631,0.9999998807907104,3.254413604736328e-05,10,25,15,8,28,20,4,4,call,38,4,4,winner_xfg,5,30.65165700036232,"[{""step"": 1, ""action"": ""targeted_subgraph_injection"", ""target_nodes"": [32, -1, -2, -3, 38], ""removed_edges"": [], ""added_edges"": [[32, -1, ""d""], [-1, -2, ""d""], [-2, -3, ""c""], [-3, 38, ""d""]], ""details"": ""injected a three-node neutral-feature motif around winner key line 38""}, {""step"": 2, ""action"": ""targeted_subgraph_injection"", ""target_nodes"": [32, -4, -5, -6, 38], ""removed_edges"": [], ""added_edges"": [[32, -4, ""d""], [-4, -5, ""d""], [-5, -6, ""c""], [-6, 38, ""d""]], ""details"": ""injected a three-node neutral-feature motif around winner key line 38""}, {""step"": 3, ""action"": ""targeted_subgraph_injection"", ""target_nodes"": [32, -7, -8, -9, 38], ""removed_edges"": [], ""added_edges"": [[32, -7, ""d""], [-7, -8, ""d""], [-8, -9, ""c""], [-9, 38, ""d""]], ""details"": ""injected a three-node neutral-feature motif around winner key line 38""}, {""step"": 4, ""action"": ""targeted_subgraph_injection"", ""target_nodes"": [32, -10, -11, -12, 38], ""removed_edges"": [], ""added_edges"": [[32, -10, ""d""], [-10, -11, ""d""], [-11, -12, ""c""], [-12, 38, ""d""]], ""details"": ""injected a three-node neutral-feature motif around winner key line 38""}, {""step"": 5, ""action"": ""targeted_subgraph_injection"", ""target_nodes"": [32, -13, -14, -15, 38], ""removed_edges"": [], ""added_edges"": [[32, -13, ""d""], [-13, -14, ""d""], [-14, -15, ""c""], [-15, 38, ""d""]], ""details"": ""injected a three-node neutral-feature motif around winner key line 38""}]",
cwe119__04_non_vulnerable_06_non-vulnerable_63,winner_xfg_edge_attack,1,bad,0,1,success,0,0,False,False,0.0005112715298309922,0.0005112715298309922,0.0,12,12,0,14,15,1,8,8,call,89,0,5,nearest_pdg_nodes,1,41.09641600007308,"[{""step"": 1, ""action"": ""winner_xfg_edge_attack"", ""target_nodes"": [64, 61], ""removed_edges"": [], ""added_edges"": [[64, 61, ""d""]], ""details"": ""bridged winner-XFG d edge 64->61 to increase the vulnerable score""}]",
cwe119__04_non_vulnerable_06_non-vulnerable_63,winner_xfg_edge_attack,3,bad,0,1,success,0,0,False,False,0.0005112715298309922,0.0005112715298309922,0.0,12,12,0,14,17,3,8,8,call,89,0,5,nearest_pdg_nodes,3,50.37734100005764,"[{""step"": 1, ""action"": ""winner_xfg_edge_attack"", ""target_nodes"": [64, 61], ""removed_edges"": [], ""added_edges"": [[64, 61, ""d""]], ""details"": ""bridged winner-XFG d edge 64->61 to increase the vulnerable score""}, {""step"": 2, ""action"": ""winner_xfg_edge_attack"", ""target_nodes"": [61, 64], ""removed_edges"": [], ""added_edges"": [[61, 64, ""d""]], ""details"": ""bridged winner-XFG d edge 61->64 to increase the vulnerable score""}, {""step"": 3, ""action"": ""winner_xfg_edge_attack"", ""target_nodes"": [64, 59], ""removed_edges"": [], ""added_edges"": [[64, 59, ""d""]], ""details"": ""bridged winner-XFG d edge 64->59 to increase the vulnerable score""}]",
cwe119__04_non_vulnerable_06_non-vulnerable_63,winner_xfg_edge_attack,5,bad,0,1,success,0,0,False,False,0.0005112715298309922,0.0005112715298309922,0.0,12,12,0,14,19,5,8,8,call,89,0,5,nearest_pdg_nodes,5,45.26043599980767,"[{""step"": 1, ""action"": ""winner_xfg_edge_attack"", ""target_nodes"": [64, 61], ""removed_edges"": [], ""added_edges"": [[64, 61, ""d""]], ""details"": ""bridged winner-XFG d edge 64->61 to increase the vulnerable score""}, {""step"": 2, ""action"": ""winner_xfg_edge_attack"", ""target_nodes"": [61, 64], ""removed_edges"": [], ""added_edges"": [[61, 64, ""d""]], ""details"": ""bridged winner-XFG d edge 61->64 to increase the vulnerable score""}, {""step"": 3, ""action"": ""winner_xfg_edge_attack"", ""target_nodes"": [64, 59], ""removed_edges"": [], ""added_edges"": [[64, 59, ""d""]], ""details"": ""bridged winner-XFG d edge 64->59 to increase the vulnerable score""}, {""step"": 4, ""action"": ""winner_xfg_edge_attack"", ""target_nodes"": [59, 64], ""removed_edges"": [], ""added_edges"": [[59, 64, ""d""]], ""details"": ""bridged winner-XFG d edge 59->64 to increase the vulnerable score""}, {""step"": 5, ""action"": ""winner_xfg_edge_attack"", ""target_nodes"": [64, 62], ""removed_edges"": [], ""added_edges"": [[64, 62, ""d""]], ""details"": ""bridged winner-XFG d edge 64->62 to increase the vulnerable score""}]",
cwe119__04_non_vulnerable_06_non-vulnerable_63,winner_xfg_feature_mask,1,bad,0,1,success,0,0,False,False,0.0005112715298309922,0.0005112715298309922,0.0,12,12,0,14,14,0,8,8,call,89,0,5,nearest_pdg_nodes,1,42.96947199964052,"[{""step"": 1, ""action"": ""winner_xfg_feature_mask"", ""target_nodes"": [64], ""removed_edges"": [], ""added_edges"": [], ""details"": ""remapped winner-XFG node 64 from source line 64 to key-line line 89""}]",
cwe119__04_non_vulnerable_06_non-vulnerable_63,winner_xfg_feature_mask,3,bad,0,1,success,0,0,False,False,0.0005112715298309922,0.0005112715298309922,0.0,12,12,0,14,14,0,8,8,call,89,0,5,nearest_pdg_nodes,3,44.32123600008708,"[{""step"": 1, ""action"": ""winner_xfg_feature_mask"", ""target_nodes"": [64], ""removed_edges"": [], ""added_edges"": [], ""details"": ""remapped winner-XFG node 64 from source line 64 to key-line line 89""}, {""step"": 2, ""action"": ""winner_xfg_feature_mask"", ""target_nodes"": [56], ""removed_edges"": [], ""added_edges"": [], ""details"": ""remapped winner-XFG node 56 from source line 56 to key-line line 89""}, {""step"": 3, ""action"": ""winner_xfg_feature_mask"", ""target_nodes"": [33], ""removed_edges"": [], ""added_edges"": [], ""details"": ""remapped winner-XFG node 33 from source line 33 to key-line line 89""}]",
cwe119__04_non_vulnerable_06_non-vulnerable_63,winner_xfg_feature_mask,5,bad,0,1,success,0,0,False,False,0.0005112715298309922,0.0005112715298309922,0.0,12,12,0,14,14,0,8,8,call,89,0,5,nearest_pdg_nodes,5,43.85011199974542,"[{""step"": 1, ""action"": ""winner_xfg_feature_mask"", ""target_nodes"": [64], ""removed_edges"": [], ""added_edges"": [], ""details"": ""remapped winner-XFG node 64 from source line 64 to key-line line 89""}, {""step"": 2, ""action"": ""winner_xfg_feature_mask"", ""target_nodes"": [56], ""removed_edges"": [], ""added_edges"": [], ""details"": ""remapped winner-XFG node 56 from source line 56 to key-line line 89""}, {""step"": 3, ""action"": ""winner_xfg_feature_mask"", ""target_nodes"": [33], ""removed_edges"": [], ""added_edges"": [], ""details"": ""remapped winner-XFG node 33 from source line 33 to key-line line 89""}, {""step"": 4, ""action"": ""winner_xfg_feature_mask"", ""target_nodes"": [36], ""removed_edges"": [], ""added_edges"": [], ""details"": ""remapped winner-XFG node 36 from source line 36 to key-line line 89""}, {""step"": 5, ""action"": ""winner_xfg_feature_mask"", ""target_nodes"": [41], ""removed_edges"": [], ""added_edges"": [], ""details"": ""remapped winner-XFG node 41 from source line 41 to key-line line 89""}]",
cwe119__04_non_vulnerable_06_non-vulnerable_63,targeted_subgraph_injection,1,bad,0,1,success,0,0,False,False,0.0005112715298309922,0.0005112715298309922,0.0,12,15,3,14,18,4,8,8,call,89,0,5,nearest_pdg_nodes,1,42.263592999916,"[{""step"": 1, ""action"": ""targeted_subgraph_injection"", ""target_nodes"": [61, -1, -2, -3, 64], ""removed_edges"": [], ""added_edges"": [[61, -1, ""d""], [-1, -2, ""d""], [-2, -3, ""c""], [-3, 64, ""d""]], ""details"": ""injected a three-node key-line-feature motif around winner key line 89""}]",
cwe119__04_non_vulnerable_06_non-vulnerable_63,targeted_subgraph_injection,3,bad,0,1,success,0,0,False,False,0.0005112715298309922,0.0005112715298309922,0.0,12,21,9,14,26,12,8,8,call,89,0,5,nearest_pdg_nodes,3,44.048435000149766,"[{""step"": 1, ""action"": ""targeted_subgraph_injection"", ""target_nodes"": [61, -1, -2, -3, 64], ""removed_edges"": [], ""added_edges"": [[61, -1, ""d""], [-1, -2, ""d""], [-2, -3, ""c""], [-3, 64, ""d""]], ""details"": ""injected a three-node key-line-feature motif around winner key line 89""}, {""step"": 2, ""action"": ""targeted_subgraph_injection"", ""target_nodes"": [61, -4, -5, -6, 64], ""removed_edges"": [], ""added_edges"": [[61, -4, ""d""], [-4, -5, ""d""], [-5, -6, ""c""], [-6, 64, ""d""]], ""details"": ""injected a three-node key-line-feature motif around winner key line 89""}, {""step"": 3, ""action"": ""targeted_subgraph_injection"", ""target_nodes"": [61, -7, -8, -9, 64], ""removed_edges"": [], ""added_edges"": [[61, -7, ""d""], [-7, -8, ""d""], [-8, -9, ""c""], [-9, 64, ""d""]], ""details"": ""injected a three-node key-line-feature motif around winner key line 89""}]",
cwe119__04_non_vulnerable_06_non-vulnerable_63,targeted_subgraph_injection,5,bad,0,1,success,0,0,False,False,0.0005112715298309922,0.0005112715298309922,0.0,12,27,15,14,34,20,8,8,call,89,0,5,nearest_pdg_nodes,5,41.68964699965727,"[{""step"": 1, ""action"": ""targeted_subgraph_injection"", ""target_nodes"": [61, -1, -2, -3, 64], ""removed_edges"": [], ""added_edges"": [[61, -1, ""d""], [-1, -2, ""d""], [-2, -3, ""c""], [-3, 64, ""d""]], ""details"": ""injected a three-node key-line-feature motif around winner key line 89""}, {""step"": 2, ""action"": ""targeted_subgraph_injection"", ""target_nodes"": [61, -4, -5, -6, 64], ""removed_edges"": [], ""added_edges"": [[61, -4, ""d""], [-4, -5, ""d""], [-5, -6, ""c""], [-6, 64, ""d""]], ""details"": ""injected a three-node key-line-feature motif around winner key line 89""}, {""step"": 3, ""action"": ""targeted_subgraph_injection"", ""target_nodes"": [61, -7, -8, -9, 64], ""removed_edges"": [], ""added_edges"": [[61, -7, ""d""], [-7, -8, ""d""], [-8, -9, ""c""], [-9, 64, ""d""]], ""details"": ""injected a three-node key-line-feature motif around winner key line 89""}, {""step"": 4, ""action"": ""targeted_subgraph_injection"", ""target_nodes"": [61, -10, -11, -12, 64], ""removed_edges"": [], ""added_edges"": [[61, -10, ""d""], [-10, -11, ""d""], [-11, -12, ""c""], [-12, 64, ""d""]], ""details"": ""injected a three-node key-line-feature motif around winner key line 89""}, {""step"": 5, ""action"": ""targeted_subgraph_injection"", ""target_nodes"": [61, -13, -14, -15, 64], ""removed_edges"": [], ""added_edges"": [[61, -13, ""d""], [-13, -14, ""d""], [-14, -15, ""c""], [-15, 64, ""d""]], ""details"": ""injected a three-node key-line-feature motif around winner key line 89""}]",
cwe119__05_non_vulnerable_07_non-vulnerable_41,winner_xfg_edge_attack,1,bad,0,1,success,0,0,False,False,0.0005112715298309922,0.0005112715298309922,0.0,14,14,0,16,17,1,5,5,call,102,0,5,nearest_pdg_nodes,1,30.951465999805805,"[{""step"": 1, ""action"": ""winner_xfg_edge_attack"", ""target_nodes"": [77, 74], ""removed_edges"": [], ""added_edges"": [[77, 74, ""d""]], ""details"": ""bridged winner-XFG d edge 77->74 to increase the vulnerable score""}]",
cwe119__05_non_vulnerable_07_non-vulnerable_41,winner_xfg_edge_attack,3,bad,0,1,success,0,0,False,False,0.0005112715298309922,0.0005112715298309922,0.0,14,14,0,16,19,3,5,5,call,102,0,5,nearest_pdg_nodes,3,33.433650999995734,"[{""step"": 1, ""action"": ""winner_xfg_edge_attack"", ""target_nodes"": [77, 74], ""removed_edges"": [], ""added_edges"": [[77, 74, ""d""]], ""details"": ""bridged winner-XFG d edge 77->74 to increase the vulnerable score""}, {""step"": 2, ""action"": ""winner_xfg_edge_attack"", ""target_nodes"": [74, 77], ""removed_edges"": [], ""added_edges"": [[74, 77, ""d""]], ""details"": ""bridged winner-XFG d edge 74->77 to increase the vulnerable score""}, {""step"": 3, ""action"": ""winner_xfg_edge_attack"", ""target_nodes"": [77, 71], ""removed_edges"": [], ""added_edges"": [[77, 71, ""d""]], ""details"": ""bridged winner-XFG d edge 77->71 to increase the vulnerable score""}]",
cwe119__05_non_vulnerable_07_non-vulnerable_41,winner_xfg_edge_attack,5,bad,0,1,success,0,0,False,False,0.0005112715298309922,0.0005112715298309922,0.0,14,14,0,16,21,5,5,5,call,102,0,5,nearest_pdg_nodes,5,30.635379999694123,"[{""step"": 1, ""action"": ""winner_xfg_edge_attack"", ""target_nodes"": [77, 74], ""removed_edges"": [], ""added_edges"": [[77, 74, ""d""]], ""details"": ""bridged winner-XFG d edge 77->74 to increase the vulnerable score""}, {""step"": 2, ""action"": ""winner_xfg_edge_attack"", ""target_nodes"": [74, 77], ""removed_edges"": [], ""added_edges"": [[74, 77, ""d""]], ""details"": ""bridged winner-XFG d edge 74->77 to increase the vulnerable score""}, {""step"": 3, ""action"": ""winner_xfg_edge_attack"", ""target_nodes"": [77, 71], ""removed_edges"": [], ""added_edges"": [[77, 71, ""d""]], ""details"": ""bridged winner-XFG d edge 77->71 to increase the vulnerable score""}, {""step"": 4, ""action"": ""winner_xfg_edge_attack"", ""target_nodes"": [71, 77], ""removed_edges"": [], ""added_edges"": [[71, 77, ""d""]], ""details"": ""bridged winner-XFG d edge 71->77 to increase the vulnerable score""}, {""step"": 5, ""action"": ""winner_xfg_edge_attack"", ""target_nodes"": [77, 75], ""removed_edges"": [], ""added_edges"": [[77, 75, ""d""]], ""details"": ""bridged winner-XFG d edge 77->75 to increase the vulnerable score""}]",
cwe119__05_non_vulnerable_07_non-vulnerable_41,winner_xfg_feature_mask,1,bad,0,1,success,0,0,False,False,0.0005112715298309922,0.0005112715298309922,0.0,14,14,0,16,16,0,5,5,call,102,0,5,nearest_pdg_nodes,1,32.449575000100594,"[{""step"": 1, ""action"": ""winner_xfg_feature_mask"", ""target_nodes"": [77], ""removed_edges"": [], ""added_edges"": [], ""details"": ""remapped winner-XFG node 77 from source line 77 to key-line line 102""}]",
cwe119__05_non_vulnerable_07_non-vulnerable_41,winner_xfg_feature_mask,3,bad,0,1,success,0,0,False,False,0.0005112715298309922,0.0005112715298309922,0.0,14,14,0,16,16,0,5,5,call,102,0,5,nearest_pdg_nodes,3,41.90742200034947,"[{""step"": 1, ""action"": ""winner_xfg_feature_mask"", ""target_nodes"": [77], ""removed_edges"": [], ""added_edges"": [], ""details"": ""remapped winner-XFG node 77 from source line 77 to key-line line 102""}, {""step"": 2, ""action"": ""winner_xfg_feature_mask"", ""target_nodes"": [74], ""removed_edges"": [], ""added_edges"": [], ""details"": ""remapped winner-XFG node 74 from source line 74 to key-line line 102""}, {""step"": 3, ""action"": ""winner_xfg_feature_mask"", ""target_nodes"": [75], ""removed_edges"": [], ""added_edges"": [], ""details"": ""remapped winner-XFG node 75 from source line 75 to key-line line 102""}]",
cwe119__05_non_vulnerable_07_non-vulnerable_41,winner_xfg_feature_mask,5,bad,0,1,success,0,0,False,False,0.0005112715298309922,0.0005112715298309922,0.0,14,14,0,16,16,0,5,5,call,102,0,5,nearest_pdg_nodes,5,43.916906000049494,"[{""step"": 1, ""action"": ""winner_xfg_feature_mask"", ""target_nodes"": [77], ""removed_edges"": [], ""added_edges"": [], ""details"": ""remapped winner-XFG node 77 from source line 77 to key-line line 102""}, {""step"": 2, ""action"": ""winner_xfg_feature_mask"", ""target_nodes"": [74], ""removed_edges"": [], ""added_edges"": [], ""details"": ""remapped winner-XFG node 74 from source line 74 to key-line line 102""}, {""step"": 3, ""action"": ""winner_xfg_feature_mask"", ""target_nodes"": [75], ""removed_edges"": [], ""added_edges"": [], ""details"": ""remapped winner-XFG node 75 from source line 75 to key-line line 102""}, {""step"": 4, ""action"": ""winner_xfg_feature_mask"", ""target_nodes"": [76], ""removed_edges"": [], ""added_edges"": [], ""details"": ""remapped winner-XFG node 76 from source line 76 to key-line line 102""}, {""step"": 5, ""action"": ""winner_xfg_feature_mask"", ""target_nodes"": [71], ""removed_edges"": [], ""added_edges"": [], ""details"": ""remapped winner-XFG node 71 from source line 71 to key-line line 102""}]",
cwe119__05_non_vulnerable_07_non-vulnerable_41,targeted_subgraph_injection,1,bad,0,1,success,0,0,False,False,0.0005112715298309922,0.0005112715298309922,0.0,14,17,3,16,20,4,5,5,call,102,0,5,nearest_pdg_nodes,1,37.63832399999956,"[{""step"": 1, ""action"": ""targeted_subgraph_injection"", ""target_nodes"": [74, -1, -2, -3, 77], ""removed_edges"": [], ""added_edges"": [[74, -1, ""d""], [-1, -2, ""d""], [-2, -3, ""c""], [-3, 77, ""d""]], ""details"": ""injected a three-node key-line-feature motif around winner key line 102""}]",
cwe119__05_non_vulnerable_07_non-vulnerable_41,targeted_subgraph_injection,3,bad,0,1,success,0,0,False,False,0.0005112715298309922,0.0005112715298309922,0.0,14,23,9,16,28,12,5,5,call,102,0,5,nearest_pdg_nodes,3,33.95315699981438,"[{""step"": 1, ""action"": ""targeted_subgraph_injection"", ""target_nodes"": [74, -1, -2, -3, 77], ""removed_edges"": [], ""added_edges"": [[74, -1, ""d""], [-1, -2, ""d""], [-2, -3, ""c""], [-3, 77, ""d""]], ""details"": ""injected a three-node key-line-feature motif around winner key line 102""}, {""step"": 2, ""action"": ""targeted_subgraph_injection"", ""target_nodes"": [74, -4, -5, -6, 77], ""removed_edges"": [], ""added_edges"": [[74, -4, ""d""], [-4, -5, ""d""], [-5, -6, ""c""], [-6, 77, ""d""]], ""details"": ""injected a three-node key-line-feature motif around winner key line 102""}, {""step"": 3, ""action"": ""targeted_subgraph_injection"", ""target_nodes"": [74, -7, -8, -9, 77], ""removed_edges"": [], ""added_edges"": [[74, -7, ""d""], [-7, -8, ""d""], [-8, -9, ""c""], [-9, 77, ""d""]], ""details"": ""injected a three-node key-line-feature motif around winner key line 102""}]",
cwe119__05_non_vulnerable_07_non-vulnerable_41,targeted_subgraph_injection,5,bad,0,1,success,0,0,False,False,0.0005112715298309922,0.0005112715298309922,0.0,14,29,15,16,36,20,5,5,call,102,0,5,nearest_pdg_nodes,5,37.07203700014361,"[{""step"": 1, ""action"": ""targeted_subgraph_injection"", ""target_nodes"": [74, -1, -2, -3, 77], ""removed_edges"": [], ""added_edges"": [[74, -1, ""d""], [-1, -2, ""d""], [-2, -3, ""c""], [-3, 77, ""d""]], ""details"": ""injected a three-node key-line-feature motif around winner key line 102""}, {""step"": 2, ""action"": ""targeted_subgraph_injection"", ""target_nodes"": [74, -4, -5, -6, 77], ""removed_edges"": [], ""added_edges"": [[74, -4, ""d""], [-4, -5, ""d""], [-5, -6, ""c""], [-6, 77, ""d""]], ""details"": ""injected a three-node key-line-feature motif around winner key line 102""}, {""step"": 3, ""action"": ""targeted_subgraph_injection"", ""target_nodes"": [74, -7, -8, -9, 77], ""removed_edges"": [], ""added_edges"": [[74, -7, ""d""], [-7, -8, ""d""], [-8, -9, ""c""], [-9, 77, ""d""]], ""details"": ""injected a three-node key-line-feature motif around winner key line 102""}, {""step"": 4, ""action"": ""targeted_subgraph_injection"", ""target_nodes"": [74, -10, -11, -12, 77], ""removed_edges"": [], ""added_edges"": [[74, -10, ""d""], [-10, -11, ""d""], [-11, -12, ""c""], [-12, 77, ""d""]], ""details"": ""injected a three-node key-line-feature motif around winner key line 102""}, {""step"": 5, ""action"": ""targeted_subgraph_injection"", ""target_nodes"": [74, -13, -14, -15, 77], ""removed_edges"": [], ""added_edges"": [[74, -13, ""d""], [-13, -14, ""d""], [-14, -15, ""c""], [-15, 77, ""d""]], ""details"": ""injected a three-node key-line-feature motif around winner key line 102""}]",
cwe119__06_non_vulnerable_08_non-vulnerable_32,winner_xfg_edge_attack,1,CWE122_Heap_Based_Buffer_Overflow__c_CWE805_int64_t_memcpy_68_bad,0,1,success,0,0,False,False,0.0005112715298309922,0.0005112715298309922,0.0,4,4,0,2,3,1,5,5,call,73,0,4,nearest_pdg_nodes,1,40.24928699982411,"[{""step"": 1, ""action"": ""winner_xfg_edge_attack"", ""target_nodes"": [51, 50], ""removed_edges"": [], ""added_edges"": [[51, 50, ""d""]], ""details"": ""bridged winner-XFG d edge 51->50 to increase the vulnerable score""}]",
cwe119__06_non_vulnerable_08_non-vulnerable_32,winner_xfg_edge_attack,3,CWE122_Heap_Based_Buffer_Overflow__c_CWE805_int64_t_memcpy_68_bad,0,1,success,0,0,False,False,0.0005112715298309922,0.025402553379535675,0.024891281849704683,4,4,0,2,5,3,5,5,call,73,0,4,nearest_pdg_nodes,3,44.55625299988242,"[{""step"": 1, ""action"": ""winner_xfg_edge_attack"", ""target_nodes"": [51, 50], ""removed_edges"": [], ""added_edges"": [[51, 50, ""d""]], ""details"": ""bridged winner-XFG d edge 51->50 to increase the vulnerable score""}, {""step"": 2, ""action"": ""winner_xfg_edge_attack"", ""target_nodes"": [51, 32], ""removed_edges"": [], ""added_edges"": [[51, 32, ""d""]], ""details"": ""bridged winner-XFG d edge 51->32 to increase the vulnerable score""}, {""step"": 3, ""action"": ""winner_xfg_edge_attack"", ""target_nodes"": [32, 51], ""removed_edges"": [], ""added_edges"": [[32, 51, ""d""]], ""details"": ""bridged winner-XFG d edge 32->51 to increase the vulnerable score""}]",
cwe119__06_non_vulnerable_08_non-vulnerable_32,winner_xfg_edge_attack,5,CWE122_Heap_Based_Buffer_Overflow__c_CWE805_int64_t_memcpy_68_bad,0,1,success,0,0,False,False,0.0005112715298309922,0.025042995810508728,0.024531724280677736,4,4,0,2,7,5,5,5,call,73,0,4,nearest_pdg_nodes,5,35.956614000042464,"[{""step"": 1, ""action"": ""winner_xfg_edge_attack"", ""target_nodes"": [51, 50], ""removed_edges"": [], ""added_edges"": [[51, 50, ""d""]], ""details"": ""bridged winner-XFG d edge 51->50 to increase the vulnerable score""}, {""step"": 2, ""action"": ""winner_xfg_edge_attack"", ""target_nodes"": [51, 32], ""removed_edges"": [], ""added_edges"": [[51, 32, ""d""]], ""details"": ""bridged winner-XFG d edge 51->32 to increase the vulnerable score""}, {""step"": 3, ""action"": ""winner_xfg_edge_attack"", ""target_nodes"": [32, 51], ""removed_edges"": [], ""added_edges"": [[32, 51, ""d""]], ""details"": ""bridged winner-XFG d edge 32->51 to increase the vulnerable score""}, {""step"": 4, ""action"": ""winner_xfg_edge_attack"", ""target_nodes"": [51, 33], ""removed_edges"": [], ""added_edges"": [[51, 33, ""d""]], ""details"": ""bridged winner-XFG d edge 51->33 to increase the vulnerable score""}, {""step"": 5, ""action"": ""winner_xfg_edge_attack"", ""target_nodes"": [33, 51], ""removed_edges"": [], ""added_edges"": [[33, 51, ""d""]], ""details"": ""bridged winner-XFG d edge 33->51 to increase the vulnerable score""}]",
cwe119__06_non_vulnerable_08_non-vulnerable_32,winner_xfg_feature_mask,1,CWE122_Heap_Based_Buffer_Overflow__c_CWE805_int64_t_memcpy_68_bad,0,1,success,0,0,False,False,0.0005112715298309922,0.0005112715298309922,0.0,4,4,0,2,2,0,5,5,call,73,0,4,nearest_pdg_nodes,1,34.242160999838234,"[{""step"": 1, ""action"": ""winner_xfg_feature_mask"", ""target_nodes"": [51], ""removed_edges"": [], ""added_edges"": [], ""details"": ""remapped winner-XFG node 51 from source line 51 to key-line line 73""}]",
cwe119__06_non_vulnerable_08_non-vulnerable_32,winner_xfg_feature_mask,3,CWE122_Heap_Based_Buffer_Overflow__c_CWE805_int64_t_memcpy_68_bad,0,1,success,0,0,False,False,0.0005112715298309922,0.0005112715298309922,0.0,4,4,0,2,2,0,5,5,call,73,0,4,nearest_pdg_nodes,2,34.43104500001937,"[{""step"": 1, ""action"": ""winner_xfg_feature_mask"", ""target_nodes"": [51], ""removed_edges"": [], ""added_edges"": [], ""details"": ""remapped winner-XFG node 51 from source line 51 to key-line line 73""}, {""step"": 2, ""action"": ""winner_xfg_feature_mask"", ""target_nodes"": [33], ""removed_edges"": [], ""added_edges"": [], ""details"": ""remapped winner-XFG node 33 from source line 33 to key-line line 73""}]",
cwe119__06_non_vulnerable_08_non-vulnerable_32,winner_xfg_feature_mask,5,CWE122_Heap_Based_Buffer_Overflow__c_CWE805_int64_t_memcpy_68_bad,0,1,success,0,0,False,False,0.0005112715298309922,0.0005112715298309922,0.0,4,4,0,2,2,0,5,5,call,73,0,4,nearest_pdg_nodes,2,36.38508099993487,"[{""step"": 1, ""action"": ""winner_xfg_feature_mask"", ""target_nodes"": [51], ""removed_edges"": [], ""added_edges"": [], ""details"": ""remapped winner-XFG node 51 from source line 51 to key-line line 73""}, {""step"": 2, ""action"": ""winner_xfg_feature_mask"", ""target_nodes"": [33], ""removed_edges"": [], ""added_edges"": [], ""details"": ""remapped winner-XFG node 33 from source line 33 to key-line line 73""}]",
cwe119__06_non_vulnerable_08_non-vulnerable_32,targeted_subgraph_injection,1,CWE122_Heap_Based_Buffer_Overflow__c_CWE805_int64_t_memcpy_68_bad,0,1,success,0,0,False,False,0.0005112715298309922,0.0005112715298309922,0.0,4,7,3,2,6,4,5,5,call,73,0,4,nearest_pdg_nodes,1,41.7298679999476,"[{""step"": 1, ""action"": ""targeted_subgraph_injection"", ""target_nodes"": [50, -1, -2, -3, 51], ""removed_edges"": [], ""added_edges"": [[50, -1, ""d""], [-1, -2, ""d""], [-2, -3, ""c""], [-3, 51, ""d""]], ""details"": ""injected a three-node key-line-feature motif around winner key line 73""}]",
cwe119__06_non_vulnerable_08_non-vulnerable_32,targeted_subgraph_injection,3,CWE122_Heap_Based_Buffer_Overflow__c_CWE805_int64_t_memcpy_68_bad,0,1,success,0,0,False,False,0.0005112715298309922,0.0005112715298309922,0.0,4,13,9,2,14,12,5,5,call,73,0,4,nearest_pdg_nodes,3,44.3076779997682,"[{""step"": 1, ""action"": ""targeted_subgraph_injection"", ""target_nodes"": [50, -1, -2, -3, 51], ""removed_edges"": [], ""added_edges"": [[50, -1, ""d""], [-1, -2, ""d""], [-2, -3, ""c""], [-3, 51, ""d""]], ""details"": ""injected a three-node key-line-feature motif around winner key line 73""}, {""step"": 2, ""action"": ""targeted_subgraph_injection"", ""target_nodes"": [50, -4, -5, -6, 51], ""removed_edges"": [], ""added_edges"": [[50, -4, ""d""], [-4, -5, ""d""], [-5, -6, ""c""], [-6, 51, ""d""]], ""details"": ""injected a three-node key-line-feature motif around winner key line 73""}, {""step"": 3, ""action"": ""targeted_subgraph_injection"", ""target_nodes"": [50, -7, -8, -9, 51], ""removed_edges"": [], ""added_edges"": [[50, -7, ""d""], [-7, -8, ""d""], [-8, -9, ""c""], [-9, 51, ""d""]], ""details"": ""injected a three-node key-line-feature motif around winner key line 73""}]",
cwe119__06_non_vulnerable_08_non-vulnerable_32,targeted_subgraph_injection,5,CWE122_Heap_Based_Buffer_Overflow__c_CWE805_int64_t_memcpy_68_bad,0,1,success,0,0,False,False,0.0005112715298309922,0.0005112715298309922,0.0,4,19,15,2,22,20,5,5,call,73,0,4,nearest_pdg_nodes,5,33.91499600002135,"[{""step"": 1, ""action"": ""targeted_subgraph_injection"", ""target_nodes"": [50, -1, -2, -3, 51], ""removed_edges"": [], ""added_edges"": [[50, -1, ""d""], [-1, -2, ""d""], [-2, -3, ""c""], [-3, 51, ""d""]], ""details"": ""injected a three-node key-line-feature motif around winner key line 73""}, {""step"": 2, ""action"": ""targeted_subgraph_injection"", ""target_nodes"": [50, -4, -5, -6, 51], ""removed_edges"": [], ""added_edges"": [[50, -4, ""d""], [-4, -5, ""d""], [-5, -6, ""c""], [-6, 51, ""d""]], ""details"": ""injected a three-node key-line-feature motif around winner key line 73""}, {""step"": 3, ""action"": ""targeted_subgraph_injection"", ""target_nodes"": [50, -7, -8, -9, 51], ""removed_edges"": [], ""added_edges"": [[50, -7, ""d""], [-7, -8, ""d""], [-8, -9, ""c""], [-9, 51, ""d""]], ""details"": ""injected a three-node key-line-feature motif around winner key line 73""}, {""step"": 4, ""action"": ""targeted_subgraph_injection"", ""target_nodes"": [50, -10, -11, -12, 51], ""removed_edges"": [], ""added_edges"": [[50, -10, ""d""], [-10, -11, ""d""], [-11, -12, ""c""], [-12, 51, ""d""]], ""details"": ""injected a three-node key-line-feature motif around winner key line 73""}, {""step"": 5, ""action"": ""targeted_subgraph_injection"", ""target_nodes"": [50, -13, -14, -15, 51], ""removed_edges"": [], ""added_edges"": [[50, -13, ""d""], [-13, -14, ""d""], [-14, -15, ""c""], [-15, 51, ""d""]], ""details"": ""injected a three-node key-line-feature motif around winner key line 73""}]",
cwe119__10_non_vulnerable_CWE121_Stack_Based_Buffer_Overflow__,winner_xfg_edge_attack,1,unknown,0,1,success,0,0,False,False,0.1622048318386078,0.22381669282913208,0.06161186099052429,5,5,0,4,5,1,4,4,call,29,3,3,winner_xfg,1,34.58782300003804,"[{""step"": 1, ""action"": ""winner_xfg_edge_attack"", ""target_nodes"": [29, 24], ""removed_edges"": [], ""added_edges"": [[29, 24, ""d""]], ""details"": ""bridged winner-XFG d edge 29->24 to increase the vulnerable score""}]",
cwe119__10_non_vulnerable_CWE121_Stack_Based_Buffer_Overflow__,winner_xfg_edge_attack,3,unknown,0,1,success,0,1,True,True,0.1622048318386078,0.5489561557769775,0.38675132393836975,5,5,0,4,7,3,4,4,call,29,3,3,winner_xfg,3,36.73757400019895,"[{""step"": 1, ""action"": ""winner_xfg_edge_attack"", ""target_nodes"": [29, 24], ""removed_edges"": [], ""added_edges"": [[29, 24, ""d""]], ""details"": ""bridged winner-XFG d edge 29->24 to increase the vulnerable score""}, {""step"": 2, ""action"": ""winner_xfg_edge_attack"", ""target_nodes"": [29, 27], ""removed_edges"": [], ""added_edges"": [[29, 27, ""d""]], ""details"": ""bridged winner-XFG d edge 29->27 to increase the vulnerable score""}, {""step"": 3, ""action"": ""winner_xfg_edge_attack"", ""target_nodes"": [29, 30], ""removed_edges"": [], ""added_edges"": [[29, 30, ""d""]], ""details"": ""bridged winner-XFG d edge 29->30 to increase the vulnerable score""}]",
cwe119__10_non_vulnerable_CWE121_Stack_Based_Buffer_Overflow__,winner_xfg_edge_attack,5,unknown,0,1,success,0,0,False,False,0.1622048318386078,0.3872918486595154,0.2250870168209076,5,5,0,4,9,5,4,4,call,29,3,3,winner_xfg,5,34.784983999998076,"[{""step"": 1, ""action"": ""winner_xfg_edge_attack"", ""target_nodes"": [29, 24], ""removed_edges"": [], ""added_edges"": [[29, 24, ""d""]], ""details"": ""bridged winner-XFG d edge 29->24 to increase the vulnerable score""}, {""step"": 2, ""action"": ""winner_xfg_edge_attack"", ""target_nodes"": [29, 27], ""removed_edges"": [], ""added_edges"": [[29, 27, ""d""]], ""details"": ""bridged winner-XFG d edge 29->27 to increase the vulnerable score""}, {""step"": 3, ""action"": ""winner_xfg_edge_attack"", ""target_nodes"": [29, 30], ""removed_edges"": [], ""added_edges"": [[29, 30, ""d""]], ""details"": ""bridged winner-XFG d edge 29->30 to increase the vulnerable score""}, {""step"": 4, ""action"": ""winner_xfg_edge_attack"", ""target_nodes"": [30, 29], ""removed_edges"": [], ""added_edges"": [[30, 29, ""d""]], ""details"": ""bridged winner-XFG d edge 30->29 to increase the vulnerable score""}, {""step"": 5, ""action"": ""winner_xfg_edge_attack"", ""target_nodes"": [29, 31], ""removed_edges"": [], ""added_edges"": [[29, 31, ""d""]], ""details"": ""bridged winner-XFG d edge 29->31 to increase the vulnerable score""}]",
cwe119__10_non_vulnerable_CWE121_Stack_Based_Buffer_Overflow__,winner_xfg_feature_mask,1,unknown,0,1,success,0,0,False,False,0.1622048318386078,0.048734765499830246,-0.11347006633877754,5,5,0,4,4,0,4,4,call,29,3,3,winner_xfg,1,35.65458999992188,"[{""step"": 1, ""action"": ""winner_xfg_feature_mask"", ""target_nodes"": [24], ""removed_edges"": [], ""added_edges"": [], ""details"": ""remapped winner-XFG node 24 from source line 24 to key-line line 29""}]",
cwe119__10_non_vulnerable_CWE121_Stack_Based_Buffer_Overflow__,winner_xfg_feature_mask,3,unknown,0,1,success,0,0,False,False,0.1622048318386078,0.2668757140636444,0.10467088222503662,5,5,0,4,4,0,4,4,call,29,3,3,winner_xfg,3,33.83630199959953,"[{""step"": 1, ""action"": ""winner_xfg_feature_mask"", ""target_nodes"": [24], ""removed_edges"": [], ""added_edges"": [], ""details"": ""remapped winner-XFG node 24 from source line 24 to key-line line 29""}, {""step"": 2, ""action"": ""winner_xfg_feature_mask"", ""target_nodes"": [27], ""removed_edges"": [], ""added_edges"": [], ""details"": ""remapped winner-XFG node 27 from source line 27 to key-line line 29""}, {""step"": 3, ""action"": ""winner_xfg_feature_mask"", ""target_nodes"": [31], ""removed_edges"": [], ""added_edges"": [], ""details"": ""remapped winner-XFG node 31 from source line 31 to key-line line 29""}]",
cwe119__10_non_vulnerable_CWE121_Stack_Based_Buffer_Overflow__,winner_xfg_feature_mask,5,unknown,0,1,success,0,0,False,False,0.1622048318386078,0.2668757140636444,0.10467088222503662,5,5,0,4,4,0,4,4,call,29,3,3,winner_xfg,3,34.83511800004635,"[{""step"": 1, ""action"": ""winner_xfg_feature_mask"", ""target_nodes"": [24], ""removed_edges"": [], ""added_edges"": [], ""details"": ""remapped winner-XFG node 24 from source line 24 to key-line line 29""}, {""step"": 2, ""action"": ""winner_xfg_feature_mask"", ""target_nodes"": [27], ""removed_edges"": [], ""added_edges"": [], ""details"": ""remapped winner-XFG node 27 from source line 27 to key-line line 29""}, {""step"": 3, ""action"": ""winner_xfg_feature_mask"", ""target_nodes"": [31], ""removed_edges"": [], ""added_edges"": [], ""details"": ""remapped winner-XFG node 31 from source line 31 to key-line line 29""}]",
cwe119__10_non_vulnerable_CWE121_Stack_Based_Buffer_Overflow__,targeted_subgraph_injection,1,unknown,0,1,success,0,0,False,False,0.1622048318386078,0.4679186940193176,0.30571386218070984,5,8,3,4,8,4,4,4,call,29,3,3,winner_xfg,1,35.247287999936816,"[{""step"": 1, ""action"": ""targeted_subgraph_injection"", ""target_nodes"": [24, -1, -2, -3, 29], ""removed_edges"": [], ""added_edges"": [[24, -1, ""d""], [-1, -2, ""d""], [-2, -3, ""c""], [-3, 29, ""d""]], ""details"": ""injected a three-node key-line-feature motif around winner key line 29""}]",
cwe119__10_non_vulnerable_CWE121_Stack_Based_Buffer_Overflow__,targeted_subgraph_injection,3,unknown,0,1,success,0,0,False,False,0.1622048318386078,0.14504559338092804,-0.01715923845767975,5,14,9,4,16,12,4,4,call,29,3,3,winner_xfg,3,36.040613999830384,"[{""step"": 1, ""action"": ""targeted_subgraph_injection"", ""target_nodes"": [24, -1, -2, -3, 29], ""removed_edges"": [], ""added_edges"": [[24, -1, ""d""], [-1, -2, ""d""], [-2, -3, ""c""], [-3, 29, ""d""]], ""details"": ""injected a three-node key-line-feature motif around winner key line 29""}, {""step"": 2, ""action"": ""targeted_subgraph_injection"", ""target_nodes"": [24, -4, -5, -6, 29], ""removed_edges"": [], ""added_edges"": [[24, -4, ""d""], [-4, -5, ""d""], [-5, -6, ""c""], [-6, 29, ""d""]], ""details"": ""injected a three-node key-line-feature motif around winner key line 29""}, {""step"": 3, ""action"": ""targeted_subgraph_injection"", ""target_nodes"": [24, -7, -8, -9, 29], ""removed_edges"": [], ""added_edges"": [[24, -7, ""d""], [-7, -8, ""d""], [-8, -9, ""c""], [-9, 29, ""d""]], ""details"": ""injected a three-node key-line-feature motif around winner key line 29""}]",
cwe119__10_non_vulnerable_CWE121_Stack_Based_Buffer_Overflow__,targeted_subgraph_injection,5,unknown,0,1,success,0,0,False,False,0.1622048318386078,0.07032523304224014,-0.09187959879636765,5,20,15,4,24,20,4,4,call,29,3,3,winner_xfg,5,35.51727099966229,"[{""step"": 1, ""action"": ""targeted_subgraph_injection"", ""target_nodes"": [24, -1, -2, -3, 29], ""removed_edges"": [], ""added_edges"": [[24, -1, ""d""], [-1, -2, ""d""], [-2, -3, ""c""], [-3, 29, ""d""]], ""details"": ""injected a three-node key-line-feature motif around winner key line 29""}, {""step"": 2, ""action"": ""targeted_subgraph_injection"", ""target_nodes"": [24, -4, -5, -6, 29], ""removed_edges"": [], ""added_edges"": [[24, -4, ""d""], [-4, -5, ""d""], [-5, -6, ""c""], [-6, 29, ""d""]], ""details"": ""injected a three-node key-line-feature motif around winner key line 29""}, {""step"": 3, ""action"": ""targeted_subgraph_injection"", ""target_nodes"": [24, -7, -8, -9, 29], ""removed_edges"": [], ""added_edges"": [[24, -7, ""d""], [-7, -8, ""d""], [-8, -9, ""c""], [-9, 29, ""d""]], ""details"": ""injected a three-node key-line-feature motif around winner key line 29""}, {""step"": 4, ""action"": ""targeted_subgraph_injection"", ""target_nodes"": [24, -10, -11, -12, 29], ""removed_edges"": [], ""added_edges"": [[24, -10, ""d""], [-10, -11, ""d""], [-11, -12, ""c""], [-12, 29, ""d""]], ""details"": ""injected a three-node key-line-feature motif around winner key line 29""}, {""step"": 5, ""action"": ""targeted_subgraph_injection"", ""target_nodes"": [24, -13, -14, -15, 29], ""removed_edges"": [], ""added_edges"": [[24, -13, ""d""], [-13, -14, ""d""], [-14, -15, ""c""], [-15, 29, ""d""]], ""details"": ""injected a three-node key-line-feature motif around winner key line 29""}]",
cwe119__12_non_vulnerable_CWE121_Stack_Based_Buffer_Overflow__,winner_xfg_edge_attack,1,unknown,0,1,success,0,1,True,True,0.3324128985404968,0.567304790019989,0.2348918914794922,5,5,0,4,5,1,4,4,call,29,3,3,winner_xfg,1,36.03847800013682,"[{""step"": 1, ""action"": ""winner_xfg_edge_attack"", ""target_nodes"": [29, 24], ""removed_edges"": [], ""added_edges"": [[29, 24, ""d""]], ""details"": ""bridged winner-XFG d edge 29->24 to increase the vulnerable score""}]",
cwe119__12_non_vulnerable_CWE121_Stack_Based_Buffer_Overflow__,winner_xfg_edge_attack,3,unknown,0,1,success,0,1,True,True,0.3324128985404968,0.5239697694778442,0.1915568709373474,5,5,0,4,7,3,4,4,call,29,3,3,winner_xfg,3,29.16338499971971,"[{""step"": 1, ""action"": ""winner_xfg_edge_attack"", ""target_nodes"": [29, 24], ""removed_edges"": [], ""added_edges"": [[29, 24, ""d""]], ""details"": ""bridged winner-XFG d edge 29->24 to increase the vulnerable score""}, {""step"": 2, ""action"": ""winner_xfg_edge_attack"", ""target_nodes"": [29, 27], ""removed_edges"": [], ""added_edges"": [[29, 27, ""d""]], ""details"": ""bridged winner-XFG d edge 29->27 to increase the vulnerable score""}, {""step"": 3, ""action"": ""winner_xfg_edge_attack"", ""target_nodes"": [29, 30], ""removed_edges"": [], ""added_edges"": [[29, 30, ""d""]], ""details"": ""bridged winner-XFG d edge 29->30 to increase the vulnerable score""}]",
cwe119__12_non_vulnerable_CWE121_Stack_Based_Buffer_Overflow__,winner_xfg_edge_attack,5,unknown,0,1,success,0,0,False,False,0.3324128985404968,0.48217642307281494,0.14976352453231812,5,5,0,4,9,5,4,4,call,29,3,3,winner_xfg,5,32.397710000168445,"[{""step"": 1, ""action"": ""winner_xfg_edge_attack"", ""target_nodes"": [29, 24], ""removed_edges"": [], ""added_edges"": [[29, 24, ""d""]], ""details"": ""bridged winner-XFG d edge 29->24 to increase the vulnerable score""}, {""step"": 2, ""action"": ""winner_xfg_edge_attack"", ""target_nodes"": [29, 27], ""removed_edges"": [], ""added_edges"": [[29, 27, ""d""]], ""details"": ""bridged winner-XFG d edge 29->27 to increase the vulnerable score""}, {""step"": 3, ""action"": ""winner_xfg_edge_attack"", ""target_nodes"": [29, 30], ""removed_edges"": [], ""added_edges"": [[29, 30, ""d""]], ""details"": ""bridged winner-XFG d edge 29->30 to increase the vulnerable score""}, {""step"": 4, ""action"": ""winner_xfg_edge_attack"", ""target_nodes"": [30, 29], ""removed_edges"": [], ""added_edges"": [[30, 29, ""d""]], ""details"": ""bridged winner-XFG d edge 30->29 to increase the vulnerable score""}, {""step"": 5, ""action"": ""winner_xfg_edge_attack"", ""target_nodes"": [29, 31], ""removed_edges"": [], ""added_edges"": [[29, 31, ""d""]], ""details"": ""bridged winner-XFG d edge 29->31 to increase the vulnerable score""}]",
cwe119__12_non_vulnerable_CWE121_Stack_Based_Buffer_Overflow__,winner_xfg_feature_mask,1,unknown,0,1,success,0,0,False,False,0.3324128985404968,0.048734765499830246,-0.2836781330406666,5,5,0,4,4,0,4,4,call,29,3,3,winner_xfg,1,34.83244700009891,"[{""step"": 1, ""action"": ""winner_xfg_feature_mask"", ""target_nodes"": [24], ""removed_edges"": [], ""added_edges"": [], ""details"": ""remapped winner-XFG node 24 from source line 24 to key-line line 29""}]",
cwe119__12_non_vulnerable_CWE121_Stack_Based_Buffer_Overflow__,winner_xfg_feature_mask,3,unknown,0,1,success,0,0,False,False,0.3324128985404968,0.2668757140636444,-0.06553718447685242,5,5,0,4,4,0,4,4,call,29,3,3,winner_xfg,3,34.74801299989849,"[{""step"": 1, ""action"": ""winner_xfg_feature_mask"", ""target_nodes"": [24], ""removed_edges"": [], ""added_edges"": [], ""details"": ""remapped winner-XFG node 24 from source line 24 to key-line line 29""}, {""step"": 2, ""action"": ""winner_xfg_feature_mask"", ""target_nodes"": [27], ""removed_edges"": [], ""added_edges"": [], ""details"": ""remapped winner-XFG node 27 from source line 27 to key-line line 29""}, {""step"": 3, ""action"": ""winner_xfg_feature_mask"", ""target_nodes"": [31], ""removed_edges"": [], ""added_edges"": [], ""details"": ""remapped winner-XFG node 31 from source line 31 to key-line line 29""}]",
cwe119__12_non_vulnerable_CWE121_Stack_Based_Buffer_Overflow__,winner_xfg_feature_mask,5,unknown,0,1,success,0,0,False,False,0.3324128985404968,0.2668757140636444,-0.06553718447685242,5,5,0,4,4,0,4,4,call,29,3,3,winner_xfg,3,35.21366199993281,"[{""step"": 1, ""action"": ""winner_xfg_feature_mask"", ""target_nodes"": [24], ""removed_edges"": [], ""added_edges"": [], ""details"": ""remapped winner-XFG node 24 from source line 24 to key-line line 29""}, {""step"": 2, ""action"": ""winner_xfg_feature_mask"", ""target_nodes"": [27], ""removed_edges"": [], ""added_edges"": [], ""details"": ""remapped winner-XFG node 27 from source line 27 to key-line line 29""}, {""step"": 3, ""action"": ""winner_xfg_feature_mask"", ""target_nodes"": [31], ""removed_edges"": [], ""added_edges"": [], ""details"": ""remapped winner-XFG node 31 from source line 31 to key-line line 29""}]",
cwe119__12_non_vulnerable_CWE121_Stack_Based_Buffer_Overflow__,targeted_subgraph_injection,1,unknown,0,1,success,0,0,False,False,0.3324128985404968,0.3854381740093231,0.053025275468826294,5,8,3,4,8,4,4,4,call,29,3,3,winner_xfg,1,36.662507000073674,"[{""step"": 1, ""action"": ""targeted_subgraph_injection"", ""target_nodes"": [24, -1, -2, -3, 29], ""removed_edges"": [], ""added_edges"": [[24, -1, ""d""], [-1, -2, ""d""], [-2, -3, ""c""], [-3, 29, ""d""]], ""details"": ""injected a three-node key-line-feature motif around winner key line 29""}]",
cwe119__12_non_vulnerable_CWE121_Stack_Based_Buffer_Overflow__,targeted_subgraph_injection,3,unknown,0,1,success,0,0,False,False,0.3324128985404968,0.22976867854595184,-0.10264421999454498,5,14,9,4,16,12,4,4,call,29,3,3,winner_xfg,3,33.92605600038223,"[{""step"": 1, ""action"": ""targeted_subgraph_injection"", ""target_nodes"": [24, -1, -2, -3, 29], ""removed_edges"": [], ""added_edges"": [[24, -1, ""d""], [-1, -2, ""d""], [-2, -3, ""c""], [-3, 29, ""d""]], ""details"": ""injected a three-node key-line-feature motif around winner key line 29""}, {""step"": 2, ""action"": ""targeted_subgraph_injection"", ""target_nodes"": [24, -4, -5, -6, 29], ""removed_edges"": [], ""added_edges"": [[24, -4, ""d""], [-4, -5, ""d""], [-5, -6, ""c""], [-6, 29, ""d""]], ""details"": ""injected a three-node key-line-feature motif around winner key line 29""}, {""step"": 3, ""action"": ""targeted_subgraph_injection"", ""target_nodes"": [24, -7, -8, -9, 29], ""removed_edges"": [], ""added_edges"": [[24, -7, ""d""], [-7, -8, ""d""], [-8, -9, ""c""], [-9, 29, ""d""]], ""details"": ""injected a three-node key-line-feature motif around winner key line 29""}]",
cwe119__12_non_vulnerable_CWE121_Stack_Based_Buffer_Overflow__,targeted_subgraph_injection,5,unknown,0,1,success,0,0,False,False,0.3324128985404968,0.20792777836322784,-0.12448512017726898,5,20,15,4,24,20,4,4,call,29,3,3,winner_xfg,5,35.84390100013479,"[{""step"": 1, ""action"": ""targeted_subgraph_injection"", ""target_nodes"": [24, -1, -2, -3, 29], ""removed_edges"": [], ""added_edges"": [[24, -1, ""d""], [-1, -2, ""d""], [-2, -3, ""c""], [-3, 29, ""d""]], ""details"": ""injected a three-node key-line-feature motif around winner key line 29""}, {""step"": 2, ""action"": ""targeted_subgraph_injection"", ""target_nodes"": [24, -4, -5, -6, 29], ""removed_edges"": [], ""added_edges"": [[24, -4, ""d""], [-4, -5, ""d""], [-5, -6, ""c""], [-6, 29, ""d""]], ""details"": ""injected a three-node key-line-feature motif around winner key line 29""}, {""step"": 3, ""action"": ""targeted_subgraph_injection"", ""target_nodes"": [24, -7, -8, -9, 29], ""removed_edges"": [], ""added_edges"": [[24, -7, ""d""], [-7, -8, ""d""], [-8, -9, ""c""], [-9, 29, ""d""]], ""details"": ""injected a three-node key-line-feature motif around winner key line 29""}, {""step"": 4, ""action"": ""targeted_subgraph_injection"", ""target_nodes"": [24, -10, -11, -12, 29], ""removed_edges"": [], ""added_edges"": [[24, -10, ""d""], [-10, -11, ""d""], [-11, -12, ""c""], [-12, 29, ""d""]], ""details"": ""injected a three-node key-line-feature motif around winner key line 29""}, {""step"": 5, ""action"": ""targeted_subgraph_injection"", ""target_nodes"": [24, -13, -14, -15, 29], ""removed_edges"": [], ""added_edges"": [[24, -13, ""d""], [-13, -14, ""d""], [-14, -15, ""c""], [-15, 29, ""d""]], ""details"": ""injected a three-node key-line-feature motif around winner key line 29""}]",
cwe119__14_non_vulnerable_CWE121_Stack_Based_Buffer_Overflow__,winner_xfg_edge_attack,1,unknown,0,1,success,0,0,False,False,0.47094735503196716,0.10483219474554062,-0.36611516028642654,7,7,0,5,6,1,8,8,call,36,2,2,winner_xfg,1,44.25594099984664,"[{""step"": 1, ""action"": ""winner_xfg_edge_attack"", ""target_nodes"": [36, 34], ""removed_edges"": [], ""added_edges"": [[36, 34, ""d""]], ""details"": ""bridged winner-XFG d edge 36->34 to increase the vulnerable score""}]",
cwe119__14_non_vulnerable_CWE121_Stack_Based_Buffer_Overflow__,winner_xfg_edge_attack,3,unknown,0,1,success,0,0,False,False,0.47094735503196716,0.15245896577835083,-0.31848838925361633,7,7,0,5,8,3,8,8,call,36,2,2,winner_xfg,3,43.045962000178406,"[{""step"": 1, ""action"": ""winner_xfg_edge_attack"", ""target_nodes"": [36, 34], ""removed_edges"": [], ""added_edges"": [[36, 34, ""d""]], ""details"": ""bridged winner-XFG d edge 36->34 to increase the vulnerable score""}, {""step"": 2, ""action"": ""winner_xfg_edge_attack"", ""target_nodes"": [36, 37], ""removed_edges"": [], ""added_edges"": [[36, 37, ""d""]], ""details"": ""bridged winner-XFG d edge 36->37 to increase the vulnerable score""}, {""step"": 3, ""action"": ""winner_xfg_edge_attack"", ""target_nodes"": [37, 36], ""removed_edges"": [], ""added_edges"": [[37, 36, ""d""]], ""details"": ""bridged winner-XFG d edge 37->36 to increase the vulnerable score""}]",
cwe119__14_non_vulnerable_CWE121_Stack_Based_Buffer_Overflow__,winner_xfg_edge_attack,5,unknown,0,1,success,0,0,False,False,0.47094735503196716,0.14968013763427734,-0.3212672173976898,7,7,0,5,10,5,8,8,call,36,2,2,winner_xfg,5,43.86904900002264,"[{""step"": 1, ""action"": ""winner_xfg_edge_attack"", ""target_nodes"": [36, 34], ""removed_edges"": [], ""added_edges"": [[36, 34, ""d""]], ""details"": ""bridged winner-XFG d edge 36->34 to increase the vulnerable score""}, {""step"": 2, ""action"": ""winner_xfg_edge_attack"", ""target_nodes"": [36, 37], ""removed_edges"": [], ""added_edges"": [[36, 37, ""d""]], ""details"": ""bridged winner-XFG d edge 36->37 to increase the vulnerable score""}, {""step"": 3, ""action"": ""winner_xfg_edge_attack"", ""target_nodes"": [37, 36], ""removed_edges"": [], ""added_edges"": [[37, 36, ""d""]], ""details"": ""bridged winner-XFG d edge 37->36 to increase the vulnerable score""}, {""step"": 4, ""action"": ""winner_xfg_edge_attack"", ""target_nodes"": [36, 25], ""removed_edges"": [], ""added_edges"": [[36, 25, ""d""]], ""details"": ""bridged winner-XFG d edge 36->25 to increase the vulnerable score""}, {""step"": 5, ""action"": ""winner_xfg_edge_attack"", ""target_nodes"": [25, 36], ""removed_edges"": [], ""added_edges"": [[25, 36, ""d""]], ""details"": ""bridged winner-XFG d edge 25->36 to increase the vulnerable score""}]",
cwe119__14_non_vulnerable_CWE121_Stack_Based_Buffer_Overflow__,winner_xfg_feature_mask,1,unknown,0,1,success,0,0,False,False,0.47094735503196716,0.26687532663345337,-0.2040720283985138,7,7,0,5,5,0,8,8,call,36,2,2,winner_xfg,1,45.13228899986643,"[{""step"": 1, ""action"": ""winner_xfg_feature_mask"", ""target_nodes"": [34], ""removed_edges"": [], ""added_edges"": [], ""details"": ""remapped winner-XFG node 34 from source line 34 to key-line line 36""}]",
cwe119__14_non_vulnerable_CWE121_Stack_Based_Buffer_Overflow__,winner_xfg_feature_mask,3,unknown,0,1,success,0,0,False,False,0.47094735503196716,0.26687532663345337,-0.2040720283985138,7,7,0,5,5,0,8,8,call,36,2,2,winner_xfg,3,41.81156799995733,"[{""step"": 1, ""action"": ""winner_xfg_feature_mask"", ""target_nodes"": [34], ""removed_edges"": [], ""added_edges"": [], ""details"": ""remapped winner-XFG node 34 from source line 34 to key-line line 36""}, {""step"": 2, ""action"": ""winner_xfg_feature_mask"", ""target_nodes"": [25], ""removed_edges"": [], ""added_edges"": [], ""details"": ""remapped winner-XFG node 25 from source line 25 to key-line line 36""}, {""step"": 3, ""action"": ""winner_xfg_feature_mask"", ""target_nodes"": [23], ""removed_edges"": [], ""added_edges"": [], ""details"": ""remapped winner-XFG node 23 from source line 23 to key-line line 36""}]",
cwe119__14_non_vulnerable_CWE121_Stack_Based_Buffer_Overflow__,winner_xfg_feature_mask,5,unknown,0,1,success,0,0,False,False,0.47094735503196716,0.26687532663345337,-0.2040720283985138,7,7,0,5,5,0,8,8,call,36,2,2,winner_xfg,3,50.44310699986454,"[{""step"": 1, ""action"": ""winner_xfg_feature_mask"", ""target_nodes"": [34], ""removed_edges"": [], ""added_edges"": [], ""details"": ""remapped winner-XFG node 34 from source line 34 to key-line line 36""}, {""step"": 2, ""action"": ""winner_xfg_feature_mask"", ""target_nodes"": [25], ""removed_edges"": [], ""added_edges"": [], ""details"": ""remapped winner-XFG node 25 from source line 25 to key-line line 36""}, {""step"": 3, ""action"": ""winner_xfg_feature_mask"", ""target_nodes"": [23], ""removed_edges"": [], ""added_edges"": [], ""details"": ""remapped winner-XFG node 23 from source line 23 to key-line line 36""}]",
cwe119__14_non_vulnerable_CWE121_Stack_Based_Buffer_Overflow__,targeted_subgraph_injection,1,unknown,0,1,success,0,0,False,False,0.47094735503196716,0.004482939839363098,-0.46646441519260406,7,10,3,5,9,4,8,8,call,36,2,2,winner_xfg,1,45.015772999704495,"[{""step"": 1, ""action"": ""targeted_subgraph_injection"", ""target_nodes"": [34, -1, -2, -3, 36], ""removed_edges"": [], ""added_edges"": [[34, -1, ""d""], [-1, -2, ""d""], [-2, -3, ""c""], [-3, 36, ""d""]], ""details"": ""injected a three-node key-line-feature motif around winner key line 36""}]",
cwe119__14_non_vulnerable_CWE121_Stack_Based_Buffer_Overflow__,targeted_subgraph_injection,3,unknown,0,1,success,0,0,False,False,0.47094735503196716,0.00320146675221622,-0.46774588827975094,7,16,9,5,17,12,8,8,call,36,2,2,winner_xfg,3,43.62800800026889,"[{""step"": 1, ""action"": ""targeted_subgraph_injection"", ""target_nodes"": [34, -1, -2, -3, 36], ""removed_edges"": [], ""added_edges"": [[34, -1, ""d""], [-1, -2, ""d""], [-2, -3, ""c""], [-3, 36, ""d""]], ""details"": ""injected a three-node key-line-feature motif around winner key line 36""}, {""step"": 2, ""action"": ""targeted_subgraph_injection"", ""target_nodes"": [34, -4, -5, -6, 36], ""removed_edges"": [], ""added_edges"": [[34, -4, ""d""], [-4, -5, ""d""], [-5, -6, ""c""], [-6, 36, ""d""]], ""details"": ""injected a three-node key-line-feature motif around winner key line 36""}, {""step"": 3, ""action"": ""targeted_subgraph_injection"", ""target_nodes"": [34, -7, -8, -9, 36], ""removed_edges"": [], ""added_edges"": [[34, -7, ""d""], [-7, -8, ""d""], [-8, -9, ""c""], [-9, 36, ""d""]], ""details"": ""injected a three-node key-line-feature motif around winner key line 36""}]",
cwe119__14_non_vulnerable_CWE121_Stack_Based_Buffer_Overflow__,targeted_subgraph_injection,5,unknown,0,1,success,0,0,False,False,0.47094735503196716,0.003134726779535413,-0.46781262825243175,7,22,15,5,25,20,8,8,call,36,2,2,winner_xfg,5,44.20188399990366,"[{""step"": 1, ""action"": ""targeted_subgraph_injection"", ""target_nodes"": [34, -1, -2, -3, 36], ""removed_edges"": [], ""added_edges"": [[34, -1, ""d""], [-1, -2, ""d""], [-2, -3, ""c""], [-3, 36, ""d""]], ""details"": ""injected a three-node key-line-feature motif around winner key line 36""}, {""step"": 2, ""action"": ""targeted_subgraph_injection"", ""target_nodes"": [34, -4, -5, -6, 36], ""removed_edges"": [], ""added_edges"": [[34, -4, ""d""], [-4, -5, ""d""], [-5, -6, ""c""], [-6, 36, ""d""]], ""details"": ""injected a three-node key-line-feature motif around winner key line 36""}, {""step"": 3, ""action"": ""targeted_subgraph_injection"", ""target_nodes"": [34, -7, -8, -9, 36], ""removed_edges"": [], ""added_edges"": [[34, -7, ""d""], [-7, -8, ""d""], [-8, -9, ""c""], [-9, 36, ""d""]], ""details"": ""injected a three-node key-line-feature motif around winner key line 36""}, {""step"": 4, ""action"": ""targeted_subgraph_injection"", ""target_nodes"": [34, -10, -11, -12, 36], ""removed_edges"": [], ""added_edges"": [[34, -10, ""d""], [-10, -11, ""d""], [-11, -12, ""c""], [-12, 36, ""d""]], ""details"": ""injected a three-node key-line-feature motif around winner key line 36""}, {""step"": 5, ""action"": ""targeted_subgraph_injection"", ""target_nodes"": [34, -13, -14, -15, 36], ""removed_edges"": [], ""added_edges"": [[34, -13, ""d""], [-13, -14, ""d""], [-14, -15, ""c""], [-15, 36, ""d""]], ""details"": ""injected a three-node key-line-feature motif around winner key line 36""}]",
cwe119__16_non_vulnerable_CWE121_Stack_Based_Buffer_Overflow__,winner_xfg_edge_attack,1,unknown,0,1,success,0,0,False,False,0.47094735503196716,0.10483219474554062,-0.36611516028642654,7,7,0,5,6,1,8,8,call,36,2,2,winner_xfg,1,43.95132099989496,"[{""step"": 1, ""action"": ""winner_xfg_edge_attack"", ""target_nodes"": [36, 34], ""removed_edges"": [], ""added_edges"": [[36, 34, ""d""]], ""details"": ""bridged winner-XFG d edge 36->34 to increase the vulnerable score""}]",
cwe119__16_non_vulnerable_CWE121_Stack_Based_Buffer_Overflow__,winner_xfg_edge_attack,3,unknown,0,1,success,0,0,False,False,0.47094735503196716,0.15245896577835083,-0.31848838925361633,7,7,0,5,8,3,8,8,call,36,2,2,winner_xfg,3,43.02642899983766,"[{""step"": 1, ""action"": ""winner_xfg_edge_attack"", ""target_nodes"": [36, 34], ""removed_edges"": [], ""added_edges"": [[36, 34, ""d""]], ""details"": ""bridged winner-XFG d edge 36->34 to increase the vulnerable score""}, {""step"": 2, ""action"": ""winner_xfg_edge_attack"", ""target_nodes"": [36, 37], ""removed_edges"": [], ""added_edges"": [[36, 37, ""d""]], ""details"": ""bridged winner-XFG d edge 36->37 to increase the vulnerable score""}, {""step"": 3, ""action"": ""winner_xfg_edge_attack"", ""target_nodes"": [37, 36], ""removed_edges"": [], ""added_edges"": [[37, 36, ""d""]], ""details"": ""bridged winner-XFG d edge 37->36 to increase the vulnerable score""}]",
cwe119__16_non_vulnerable_CWE121_Stack_Based_Buffer_Overflow__,winner_xfg_edge_attack,5,unknown,0,1,success,0,0,False,False,0.47094735503196716,0.14968013763427734,-0.3212672173976898,7,7,0,5,10,5,8,8,call,36,2,2,winner_xfg,5,43.260490000193386,"[{""step"": 1, ""action"": ""winner_xfg_edge_attack"", ""target_nodes"": [36, 34], ""removed_edges"": [], ""added_edges"": [[36, 34, ""d""]], ""details"": ""bridged winner-XFG d edge 36->34 to increase the vulnerable score""}, {""step"": 2, ""action"": ""winner_xfg_edge_attack"", ""target_nodes"": [36, 37], ""removed_edges"": [], ""added_edges"": [[36, 37, ""d""]], ""details"": ""bridged winner-XFG d edge 36->37 to increase the vulnerable score""}, {""step"": 3, ""action"": ""winner_xfg_edge_attack"", ""target_nodes"": [37, 36], ""removed_edges"": [], ""added_edges"": [[37, 36, ""d""]], ""details"": ""bridged winner-XFG d edge 37->36 to increase the vulnerable score""}, {""step"": 4, ""action"": ""winner_xfg_edge_attack"", ""target_nodes"": [36, 25], ""removed_edges"": [], ""added_edges"": [[36, 25, ""d""]], ""details"": ""bridged winner-XFG d edge 36->25 to increase the vulnerable score""}, {""step"": 5, ""action"": ""winner_xfg_edge_attack"", ""target_nodes"": [25, 36], ""removed_edges"": [], ""added_edges"": [[25, 36, ""d""]], ""details"": ""bridged winner-XFG d edge 25->36 to increase the vulnerable score""}]",
cwe119__16_non_vulnerable_CWE121_Stack_Based_Buffer_Overflow__,winner_xfg_feature_mask,1,unknown,0,1,success,0,0,False,False,0.47094735503196716,0.26687532663345337,-0.2040720283985138,7,7,0,5,5,0,8,8,call,36,2,2,winner_xfg,1,44.3961619998845,"[{""step"": 1, ""action"": ""winner_xfg_feature_mask"", ""target_nodes"": [34], ""removed_edges"": [], ""added_edges"": [], ""details"": ""remapped winner-XFG node 34 from source line 34 to key-line line 36""}]",
cwe119__16_non_vulnerable_CWE121_Stack_Based_Buffer_Overflow__,winner_xfg_feature_mask,3,unknown,0,1,success,0,0,False,False,0.47094735503196716,0.26687532663345337,-0.2040720283985138,7,7,0,5,5,0,8,8,call,36,2,2,winner_xfg,3,45.07995500034667,"[{""step"": 1, ""action"": ""winner_xfg_feature_mask"", ""target_nodes"": [34], ""removed_edges"": [], ""added_edges"": [], ""details"": ""remapped winner-XFG node 34 from source line 34 to key-line line 36""}, {""step"": 2, ""action"": ""winner_xfg_feature_mask"", ""target_nodes"": [25], ""removed_edges"": [], ""added_edges"": [], ""details"": ""remapped winner-XFG node 25 from source line 25 to key-line line 36""}, {""step"": 3, ""action"": ""winner_xfg_feature_mask"", ""target_nodes"": [23], ""removed_edges"": [], ""added_edges"": [], ""details"": ""remapped winner-XFG node 23 from source line 23 to key-line line 36""}]",
cwe119__16_non_vulnerable_CWE121_Stack_Based_Buffer_Overflow__,winner_xfg_feature_mask,5,unknown,0,1,success,0,0,False,False,0.47094735503196716,0.26687532663345337,-0.2040720283985138,7,7,0,5,5,0,8,8,call,36,2,2,winner_xfg,3,42.01680700043653,"[{""step"": 1, ""action"": ""winner_xfg_feature_mask"", ""target_nodes"": [34], ""removed_edges"": [], ""added_edges"": [], ""details"": ""remapped winner-XFG node 34 from source line 34 to key-line line 36""}, {""step"": 2, ""action"": ""winner_xfg_feature_mask"", ""target_nodes"": [25], ""removed_edges"": [], ""added_edges"": [], ""details"": ""remapped winner-XFG node 25 from source line 25 to key-line line 36""}, {""step"": 3, ""action"": ""winner_xfg_feature_mask"", ""target_nodes"": [23], ""removed_edges"": [], ""added_edges"": [], ""details"": ""remapped winner-XFG node 23 from source line 23 to key-line line 36""}]",
cwe119__16_non_vulnerable_CWE121_Stack_Based_Buffer_Overflow__,targeted_subgraph_injection,1,unknown,0,1,success,0,0,False,False,0.47094735503196716,0.004482939839363098,-0.46646441519260406,7,10,3,5,9,4,8,8,call,36,2,2,winner_xfg,1,44.40634200000204,"[{""step"": 1, ""action"": ""targeted_subgraph_injection"", ""target_nodes"": [34, -1, -2, -3, 36], ""removed_edges"": [], ""added_edges"": [[34, -1, ""d""], [-1, -2, ""d""], [-2, -3, ""c""], [-3, 36, ""d""]], ""details"": ""injected a three-node key-line-feature motif around winner key line 36""}]",
cwe119__16_non_vulnerable_CWE121_Stack_Based_Buffer_Overflow__,targeted_subgraph_injection,3,unknown,0,1,success,0,0,False,False,0.47094735503196716,0.0032014651224017143,-0.46774588990956545,7,16,9,5,17,12,8,8,call,36,2,2,winner_xfg,3,45.13569999971878,"[{""step"": 1, ""action"": ""targeted_subgraph_injection"", ""target_nodes"": [34, -1, -2, -3, 36], ""removed_edges"": [], ""added_edges"": [[34, -1, ""d""], [-1, -2, ""d""], [-2, -3, ""c""], [-3, 36, ""d""]], ""details"": ""injected a three-node key-line-feature motif around winner key line 36""}, {""step"": 2, ""action"": ""targeted_subgraph_injection"", ""target_nodes"": [34, -4, -5, -6, 36], ""removed_edges"": [], ""added_edges"": [[34, -4, ""d""], [-4, -5, ""d""], [-5, -6, ""c""], [-6, 36, ""d""]], ""details"": ""injected a three-node key-line-feature motif around winner key line 36""}, {""step"": 3, ""action"": ""targeted_subgraph_injection"", ""target_nodes"": [34, -7, -8, -9, 36], ""removed_edges"": [], ""added_edges"": [[34, -7, ""d""], [-7, -8, ""d""], [-8, -9, ""c""], [-9, 36, ""d""]], ""details"": ""injected a three-node key-line-feature motif around winner key line 36""}]",
cwe119__16_non_vulnerable_CWE121_Stack_Based_Buffer_Overflow__,targeted_subgraph_injection,5,unknown,0,1,success,0,0,False,False,0.47094735503196716,0.0031347284093499184,-0.46781262662261724,7,22,15,5,25,20,8,8,call,36,2,2,winner_xfg,5,51.899814999615046,"[{""step"": 1, ""action"": ""targeted_subgraph_injection"", ""target_nodes"": [34, -1, -2, -3, 36], ""removed_edges"": [], ""added_edges"": [[34, -1, ""d""], [-1, -2, ""d""], [-2, -3, ""c""], [-3, 36, ""d""]], ""details"": ""injected a three-node key-line-feature motif around winner key line 36""}, {""step"": 2, ""action"": ""targeted_subgraph_injection"", ""target_nodes"": [34, -4, -5, -6, 36], ""removed_edges"": [], ""added_edges"": [[34, -4, ""d""], [-4, -5, ""d""], [-5, -6, ""c""], [-6, 36, ""d""]], ""details"": ""injected a three-node key-line-feature motif around winner key line 36""}, {""step"": 3, ""action"": ""targeted_subgraph_injection"", ""target_nodes"": [34, -7, -8, -9, 36], ""removed_edges"": [], ""added_edges"": [[34, -7, ""d""], [-7, -8, ""d""], [-8, -9, ""c""], [-9, 36, ""d""]], ""details"": ""injected a three-node key-line-feature motif around winner key line 36""}, {""step"": 4, ""action"": ""targeted_subgraph_injection"", ""target_nodes"": [34, -10, -11, -12, 36], ""removed_edges"": [], ""added_edges"": [[34, -10, ""d""], [-10, -11, ""d""], [-11, -12, ""c""], [-12, 36, ""d""]], ""details"": ""injected a three-node key-line-feature motif around winner key line 36""}, {""step"": 5, ""action"": ""targeted_subgraph_injection"", ""target_nodes"": [34, -13, -14, -15, 36], ""removed_edges"": [], ""added_edges"": [[34, -13, ""d""], [-13, -14, ""d""], [-14, -15, ""c""], [-15, 36, ""d""]], ""details"": ""injected a three-node key-line-feature motif around winner key line 36""}]",
cwe119__18_non_vulnerable_CWE121_Stack_Based_Buffer_Overflow__,winner_xfg_edge_attack,1,unknown,0,1,success,0,0,False,False,0.19318819046020508,0.2553495466709137,0.06216135621070862,5,5,0,4,5,1,3,3,call,29,3,3,winner_xfg,1,39.26777000015136,"[{""step"": 1, ""action"": ""winner_xfg_edge_attack"", ""target_nodes"": [29, 24], ""removed_edges"": [], ""added_edges"": [[29, 24, ""d""]], ""details"": ""bridged winner-XFG d edge 29->24 to increase the vulnerable score""}]",
cwe119__18_non_vulnerable_CWE121_Stack_Based_Buffer_Overflow__,winner_xfg_edge_attack,3,unknown,0,1,success,0,1,True,True,0.19318819046020508,0.5208464860916138,0.3276582956314087,5,5,0,4,7,3,3,3,call,29,3,3,winner_xfg,3,36.27456100002746,"[{""step"": 1, ""action"": ""winner_xfg_edge_attack"", ""target_nodes"": [29, 24], ""removed_edges"": [], ""added_edges"": [[29, 24, ""d""]], ""details"": ""bridged winner-XFG d edge 29->24 to increase the vulnerable score""}, {""step"": 2, ""action"": ""winner_xfg_edge_attack"", ""target_nodes"": [29, 27], ""removed_edges"": [], ""added_edges"": [[29, 27, ""d""]], ""details"": ""bridged winner-XFG d edge 29->27 to increase the vulnerable score""}, {""step"": 3, ""action"": ""winner_xfg_edge_attack"", ""target_nodes"": [29, 30], ""removed_edges"": [], ""added_edges"": [[29, 30, ""d""]], ""details"": ""bridged winner-XFG d edge 29->30 to increase the vulnerable score""}]",
cwe119__18_non_vulnerable_CWE121_Stack_Based_Buffer_Overflow__,winner_xfg_edge_attack,5,unknown,0,1,success,0,0,False,False,0.19318819046020508,0.43855586647987366,0.24536767601966858,5,5,0,4,9,5,3,3,call,29,3,3,winner_xfg,5,50.812615000268124,"[{""step"": 1, ""action"": ""winner_xfg_edge_attack"", ""target_nodes"": [29, 24], ""removed_edges"": [], ""added_edges"": [[29, 24, ""d""]], ""details"": ""bridged winner-XFG d edge 29->24 to increase the vulnerable score""}, {""step"": 2, ""action"": ""winner_xfg_edge_attack"", ""target_nodes"": [29, 27], ""removed_edges"": [], ""added_edges"": [[29, 27, ""d""]], ""details"": ""bridged winner-XFG d edge 29->27 to increase the vulnerable score""}, {""step"": 3, ""action"": ""winner_xfg_edge_attack"", ""target_nodes"": [29, 30], ""removed_edges"": [], ""added_edges"": [[29, 30, ""d""]], ""details"": ""bridged winner-XFG d edge 29->30 to increase the vulnerable score""}, {""step"": 4, ""action"": ""winner_xfg_edge_attack"", ""target_nodes"": [30, 29], ""removed_edges"": [], ""added_edges"": [[30, 29, ""d""]], ""details"": ""bridged winner-XFG d edge 30->29 to increase the vulnerable score""}, {""step"": 5, ""action"": ""winner_xfg_edge_attack"", ""target_nodes"": [29, 31], ""removed_edges"": [], ""added_edges"": [[29, 31, ""d""]], ""details"": ""bridged winner-XFG d edge 29->31 to increase the vulnerable score""}]",
cwe119__18_non_vulnerable_CWE121_Stack_Based_Buffer_Overflow__,winner_xfg_feature_mask,1,unknown,0,1,success,0,0,False,False,0.19318819046020508,0.0009886381449177861,-0.1921995523152873,5,5,0,4,4,0,3,3,call,29,3,3,winner_xfg,1,40.85684099982245,"[{""step"": 1, ""action"": ""winner_xfg_feature_mask"", ""target_nodes"": [24], ""removed_edges"": [], ""added_edges"": [], ""details"": ""remapped winner-XFG node 24 from source line 24 to key-line line 29""}]",
cwe119__18_non_vulnerable_CWE121_Stack_Based_Buffer_Overflow__,winner_xfg_feature_mask,3,unknown,0,1,success,0,0,False,False,0.19318819046020508,1.0490461832546316e-09,-0.1931881894111589,5,5,0,4,4,0,3,3,call,29,3,3,winner_xfg,3,42.90727400029937,"[{""step"": 1, ""action"": ""winner_xfg_feature_mask"", ""target_nodes"": [24], ""removed_edges"": [], ""added_edges"": [], ""details"": ""remapped winner-XFG node 24 from source line 24 to key-line line 29""}, {""step"": 2, ""action"": ""winner_xfg_feature_mask"", ""target_nodes"": [27], ""removed_edges"": [], ""added_edges"": [], ""details"": ""remapped winner-XFG node 27 from source line 27 to key-line line 29""}, {""step"": 3, ""action"": ""winner_xfg_feature_mask"", ""target_nodes"": [31], ""removed_edges"": [], ""added_edges"": [], ""details"": ""remapped winner-XFG node 31 from source line 31 to key-line line 29""}]",
cwe119__18_non_vulnerable_CWE121_Stack_Based_Buffer_Overflow__,winner_xfg_feature_mask,5,unknown,0,1,success,0,0,False,False,0.19318819046020508,1.0490461832546316e-09,-0.1931881894111589,5,5,0,4,4,0,3,3,call,29,3,3,winner_xfg,3,42.41752699999779,"[{""step"": 1, ""action"": ""winner_xfg_feature_mask"", ""target_nodes"": [24], ""removed_edges"": [], ""added_edges"": [], ""details"": ""remapped winner-XFG node 24 from source line 24 to key-line line 29""}, {""step"": 2, ""action"": ""winner_xfg_feature_mask"", ""target_nodes"": [27], ""removed_edges"": [], ""added_edges"": [], ""details"": ""remapped winner-XFG node 27 from source line 27 to key-line line 29""}, {""step"": 3, ""action"": ""winner_xfg_feature_mask"", ""target_nodes"": [31], ""removed_edges"": [], ""added_edges"": [], ""details"": ""remapped winner-XFG node 31 from source line 31 to key-line line 29""}]",
cwe119__18_non_vulnerable_CWE121_Stack_Based_Buffer_Overflow__,targeted_subgraph_injection,1,unknown,0,1,success,0,0,False,False,0.19318819046020508,0.4847828447818756,0.29159465432167053,5,8,3,4,8,4,3,3,call,29,3,3,winner_xfg,1,38.3094839999103,"[{""step"": 1, ""action"": ""targeted_subgraph_injection"", ""target_nodes"": [24, -1, -2, -3, 29], ""removed_edges"": [], ""added_edges"": [[24, -1, ""d""], [-1, -2, ""d""], [-2, -3, ""c""], [-3, 29, ""d""]], ""details"": ""injected a three-node key-line-feature motif around winner key line 29""}]",
cwe119__18_non_vulnerable_CWE121_Stack_Based_Buffer_Overflow__,targeted_subgraph_injection,3,unknown,0,1,success,0,0,False,False,0.19318819046020508,0.25088292360305786,0.05769473314285278,5,14,9,4,16,12,3,3,call,29,3,3,winner_xfg,3,43.416680000063934,"[{""step"": 1, ""action"": ""targeted_subgraph_injection"", ""target_nodes"": [24, -1, -2, -3, 29], ""removed_edges"": [], ""added_edges"": [[24, -1, ""d""], [-1, -2, ""d""], [-2, -3, ""c""], [-3, 29, ""d""]], ""details"": ""injected a three-node key-line-feature motif around winner key line 29""}, {""step"": 2, ""action"": ""targeted_subgraph_injection"", ""target_nodes"": [24, -4, -5, -6, 29], ""removed_edges"": [], ""added_edges"": [[24, -4, ""d""], [-4, -5, ""d""], [-5, -6, ""c""], [-6, 29, ""d""]], ""details"": ""injected a three-node key-line-feature motif around winner key line 29""}, {""step"": 3, ""action"": ""targeted_subgraph_injection"", ""target_nodes"": [24, -7, -8, -9, 29], ""removed_edges"": [], ""added_edges"": [[24, -7, ""d""], [-7, -8, ""d""], [-8, -9, ""c""], [-9, 29, ""d""]], ""details"": ""injected a three-node key-line-feature motif around winner key line 29""}]",
cwe119__18_non_vulnerable_CWE121_Stack_Based_Buffer_Overflow__,targeted_subgraph_injection,5,unknown,0,1,success,0,0,False,False,0.19318819046020508,0.1885138303041458,-0.004674360156059265,5,20,15,4,24,20,3,3,call,29,3,3,winner_xfg,5,74.80674299995371,"[{""step"": 1, ""action"": ""targeted_subgraph_injection"", ""target_nodes"": [24, -1, -2, -3, 29], ""removed_edges"": [], ""added_edges"": [[24, -1, ""d""], [-1, -2, ""d""], [-2, -3, ""c""], [-3, 29, ""d""]], ""details"": ""injected a three-node key-line-feature motif around winner key line 29""}, {""step"": 2, ""action"": ""targeted_subgraph_injection"", ""target_nodes"": [24, -4, -5, -6, 29], ""removed_edges"": [], ""added_edges"": [[24, -4, ""d""], [-4, -5, ""d""], [-5, -6, ""c""], [-6, 29, ""d""]], ""details"": ""injected a three-node key-line-feature motif around winner key line 29""}, {""step"": 3, ""action"": ""targeted_subgraph_injection"", ""target_nodes"": [24, -7, -8, -9, 29], ""removed_edges"": [], ""added_edges"": [[24, -7, ""d""], [-7, -8, ""d""], [-8, -9, ""c""], [-9, 29, ""d""]], ""details"": ""injected a three-node key-line-feature motif around winner key line 29""}, {""step"": 4, ""action"": ""targeted_subgraph_injection"", ""target_nodes"": [24, -10, -11, -12, 29], ""removed_edges"": [], ""added_edges"": [[24, -10, ""d""], [-10, -11, ""d""], [-11, -12, ""c""], [-12, 29, ""d""]], ""details"": ""injected a three-node key-line-feature motif around winner key line 29""}, {""step"": 5, ""action"": ""targeted_subgraph_injection"", ""target_nodes"": [24, -13, -14, -15, 29], ""removed_edges"": [], ""added_edges"": [[24, -13, ""d""], [-13, -14, ""d""], [-14, -15, ""c""], [-15, 29, ""d""]], ""details"": ""injected a three-node key-line-feature motif around winner key line 29""}]",
devign__04_non_vulnerable_static_av_always_inline_int_dnxhd_de,winner_xfg_edge_attack,1,dnxhd_decode_dct_block,0,1,success,0,0,False,False,0.07784902304410934,0.02874641865491867,-0.049102604389190674,67,67,0,160,161,1,49,49,array,119,18,18,winner_xfg,1,183.10475099997348,"[{""step"": 1, ""action"": ""winner_xfg_edge_attack"", ""target_nodes"": [119, 15], ""removed_edges"": [], ""added_edges"": [[119, 15, ""d""]], ""details"": ""bridged winner-XFG d edge 119->15 to increase the vulnerable score""}]",
devign__04_non_vulnerable_static_av_always_inline_int_dnxhd_de,winner_xfg_edge_attack,3,dnxhd_decode_dct_block,0,1,success,0,0,False,False,0.07784902304410934,0.020042259246110916,-0.05780676379799843,67,67,0,160,163,3,49,49,array,119,18,18,winner_xfg,3,191.29738299989185,"[{""step"": 1, ""action"": ""winner_xfg_edge_attack"", ""target_nodes"": [119, 15], ""removed_edges"": [], ""added_edges"": [[119, 15, ""d""]], ""details"": ""bridged winner-XFG d edge 119->15 to increase the vulnerable score""}, {""step"": 2, ""action"": ""winner_xfg_edge_attack"", ""target_nodes"": [119, 117], ""removed_edges"": [], ""added_edges"": [[119, 117, ""d""]], ""details"": ""bridged winner-XFG d edge 119->117 to increase the vulnerable score""}, {""step"": 3, ""action"": ""winner_xfg_edge_attack"", ""target_nodes"": [169, 119], ""removed_edges"": [], ""added_edges"": [[169, 119, ""d""]], ""details"": ""bridged winner-XFG d edge 169->119 to increase the vulnerable score""}]",
devign__04_non_vulnerable_static_av_always_inline_int_dnxhd_de,winner_xfg_edge_attack,5,dnxhd_decode_dct_block,0,1,success,0,0,False,False,0.07784902304410934,0.018023548647761345,-0.059825474396348,67,67,0,160,165,5,49,49,array,119,18,18,winner_xfg,5,189.60646300001827,"[{""step"": 1, ""action"": ""winner_xfg_edge_attack"", ""target_nodes"": [119, 15], ""removed_edges"": [], ""added_edges"": [[119, 15, ""d""]], ""details"": ""bridged winner-XFG d edge 119->15 to increase the vulnerable score""}, {""step"": 2, ""action"": ""winner_xfg_edge_attack"", ""target_nodes"": [119, 117], ""removed_edges"": [], ""added_edges"": [[119, 117, ""d""]], ""details"": ""bridged winner-XFG d edge 119->117 to increase the vulnerable score""}, {""step"": 3, ""action"": ""winner_xfg_edge_attack"", ""target_nodes"": [169, 119], ""removed_edges"": [], ""added_edges"": [[169, 119, ""d""]], ""details"": ""bridged winner-XFG d edge 169->119 to increase the vulnerable score""}, {""step"": 4, ""action"": ""winner_xfg_edge_attack"", ""target_nodes"": [133, 119], ""removed_edges"": [], ""added_edges"": [[133, 119, ""d""]], ""details"": ""bridged winner-XFG d edge 133->119 to increase the vulnerable score""}, {""step"": 5, ""action"": ""winner_xfg_edge_attack"", ""target_nodes"": [119, 23], ""removed_edges"": [], ""added_edges"": [[119, 23, ""d""]], ""details"": ""bridged winner-XFG d edge 119->23 to increase the vulnerable score""}]",
devign__04_non_vulnerable_static_av_always_inline_int_dnxhd_de,winner_xfg_feature_mask,1,dnxhd_decode_dct_block,0,1,success,0,0,False,False,0.07784902304410934,0.12811151146888733,0.050262488424777985,67,67,0,160,160,0,49,49,array,119,18,18,winner_xfg,1,167.77908999983993,"[{""step"": 1, ""action"": ""winner_xfg_feature_mask"", ""target_nodes"": [15], ""removed_edges"": [], ""added_edges"": [], ""details"": ""remapped winner-XFG node 15 from source line 15 to key-line line 119""}]",
devign__04_non_vulnerable_static_av_always_inline_int_dnxhd_de,winner_xfg_feature_mask,3,dnxhd_decode_dct_block,0,1,success,0,1,True,True,0.07784902304410934,0.7000995874404907,0.6222505643963814,67,67,0,160,160,0,49,49,array,119,18,18,winner_xfg,3,173.73597999994672,"[{""step"": 1, ""action"": ""winner_xfg_feature_mask"", ""target_nodes"": [15], ""removed_edges"": [], ""added_edges"": [], ""details"": ""remapped winner-XFG node 15 from source line 15 to key-line line 119""}, {""step"": 2, ""action"": ""winner_xfg_feature_mask"", ""target_nodes"": [117], ""removed_edges"": [], ""added_edges"": [], ""details"": ""remapped winner-XFG node 117 from source line 117 to key-line line 119""}, {""step"": 3, ""action"": ""winner_xfg_feature_mask"", ""target_nodes"": [1], ""removed_edges"": [], ""added_edges"": [], ""details"": ""remapped winner-XFG node 1 from source line 1 to key-line line 119""}]",
devign__04_non_vulnerable_static_av_always_inline_int_dnxhd_de,winner_xfg_feature_mask,5,dnxhd_decode_dct_block,0,1,success,0,1,True,True,0.07784902304410934,0.5917647480964661,0.5139157250523567,67,67,0,160,160,0,49,49,array,119,18,18,winner_xfg,5,176.90947000028245,"[{""step"": 1, ""action"": ""winner_xfg_feature_mask"", ""target_nodes"": [15], ""removed_edges"": [], ""added_edges"": [], ""details"": ""remapped winner-XFG node 15 from source line 15 to key-line line 119""}, {""step"": 2, ""action"": ""winner_xfg_feature_mask"", ""target_nodes"": [117], ""removed_edges"": [], ""added_edges"": [], ""details"": ""remapped winner-XFG node 117 from source line 117 to key-line line 119""}, {""step"": 3, ""action"": ""winner_xfg_feature_mask"", ""target_nodes"": [1], ""removed_edges"": [], ""added_edges"": [], ""details"": ""remapped winner-XFG node 1 from source line 1 to key-line line 119""}, {""step"": 4, ""action"": ""winner_xfg_feature_mask"", ""target_nodes"": [155], ""removed_edges"": [], ""added_edges"": [], ""details"": ""remapped winner-XFG node 155 from source line 155 to key-line line 119""}, {""step"": 5, ""action"": ""winner_xfg_feature_mask"", ""target_nodes"": [105], ""removed_edges"": [], ""added_edges"": [], ""details"": ""remapped winner-XFG node 105 from source line 105 to key-line line 119""}]",
devign__04_non_vulnerable_static_av_always_inline_int_dnxhd_de,targeted_subgraph_injection,1,dnxhd_decode_dct_block,0,1,success,0,0,False,False,0.07784902304410934,0.016552407294511795,-0.06129661574959755,67,70,3,160,164,4,49,49,array,119,18,18,winner_xfg,1,165.62581199968918,"[{""step"": 1, ""action"": ""targeted_subgraph_injection"", ""target_nodes"": [15, -1, -2, -3, 119], ""removed_edges"": [], ""added_edges"": [[15, -1, ""d""], [-1, -2, ""d""], [-2, -3, ""c""], [-3, 119, ""d""]], ""details"": ""injected a three-node key-line-feature motif around winner key line 119""}]",
devign__04_non_vulnerable_static_av_always_inline_int_dnxhd_de,targeted_subgraph_injection,3,dnxhd_decode_dct_block,0,1,success,0,0,False,False,0.07784902304410934,0.0856117233633995,0.007762700319290161,67,76,9,160,172,12,49,49,array,119,18,18,winner_xfg,3,167.30857099992136,"[{""step"": 1, ""action"": ""targeted_subgraph_injection"", ""target_nodes"": [15, -1, -2, -3, 119], ""removed_edges"": [], ""added_edges"": [[15, -1, ""d""], [-1, -2, ""d""], [-2, -3, ""c""], [-3, 119, ""d""]], ""details"": ""injected a three-node key-line-feature motif around winner key line 119""}, {""step"": 2, ""action"": ""targeted_subgraph_injection"", ""target_nodes"": [15, -4, -5, -6, 119], ""removed_edges"": [], ""added_edges"": [[15, -4, ""d""], [-4, -5, ""d""], [-5, -6, ""c""], [-6, 119, ""d""]], ""details"": ""injected a three-node key-line-feature motif around winner key line 119""}, {""step"": 3, ""action"": ""targeted_subgraph_injection"", ""target_nodes"": [15, -7, -8, -9, 119], ""removed_edges"": [], ""added_edges"": [[15, -7, ""d""], [-7, -8, ""d""], [-8, -9, ""c""], [-9, 119, ""d""]], ""details"": ""injected a three-node key-line-feature motif around winner key line 119""}]",
devign__04_non_vulnerable_static_av_always_inline_int_dnxhd_de,targeted_subgraph_injection,5,dnxhd_decode_dct_block,0,1,success,0,0,False,False,0.07784902304410934,0.19425959885120392,0.11641057580709457,67,82,15,160,180,20,49,49,array,119,18,18,winner_xfg,5,173.57572100036123,"[{""step"": 1, ""action"": ""targeted_subgraph_injection"", ""target_nodes"": [15, -1, -2, -3, 119], ""removed_edges"": [], ""added_edges"": [[15, -1, ""d""], [-1, -2, ""d""], [-2, -3, ""c""], [-3, 119, ""d""]], ""details"": ""injected a three-node key-line-feature motif around winner key line 119""}, {""step"": 2, ""action"": ""targeted_subgraph_injection"", ""target_nodes"": [15, -4, -5, -6, 119], ""removed_edges"": [], ""added_edges"": [[15, -4, ""d""], [-4, -5, ""d""], [-5, -6, ""c""], [-6, 119, ""d""]], ""details"": ""injected a three-node key-line-feature motif around winner key line 119""}, {""step"": 3, ""action"": ""targeted_subgraph_injection"", ""target_nodes"": [15, -7, -8, -9, 119], ""removed_edges"": [], ""added_edges"": [[15, -7, ""d""], [-7, -8, ""d""], [-8, -9, ""c""], [-9, 119, ""d""]], ""details"": ""injected a three-node key-line-feature motif around winner key line 119""}, {""step"": 4, ""action"": ""targeted_subgraph_injection"", ""target_nodes"": [15, -10, -11, -12, 119], ""removed_edges"": [], ""added_edges"": [[15, -10, ""d""], [-10, -11, ""d""], [-11, -12, ""c""], [-12, 119, ""d""]], ""details"": ""injected a three-node key-line-feature motif around winner key line 119""}, {""step"": 5, ""action"": ""targeted_subgraph_injection"", ""target_nodes"": [15, -13, -14, -15, 119], ""removed_edges"": [], ""added_edges"": [[15, -13, ""d""], [-13, -14, ""d""], [-14, -15, ""c""], [-15, 119, ""d""]], ""details"": ""injected a three-node key-line-feature motif around winner key line 119""}]",
devign__06_non_vulnerable_static_void_test_qemu_strtosz_units,winner_xfg_edge_attack,1,test_qemu_strtosz_units,0,1,success,0,0,False,False,0.001614067587070167,0.3942035734653473,0.3925895058782771,25,25,0,24,25,1,8,8,arith,89,3,3,winner_xfg,1,53.30404400001498,"[{""step"": 1, ""action"": ""winner_xfg_edge_attack"", ""target_nodes"": [89, 21], ""removed_edges"": [], ""added_edges"": [[89, 21, ""d""]], ""details"": ""bridged winner-XFG d edge 89->21 to increase the vulnerable score""}]",
devign__06_non_vulnerable_static_void_test_qemu_strtosz_units,winner_xfg_edge_attack,3,test_qemu_strtosz_units,0,1,success,0,1,True,True,0.001614067587070167,0.5237759351730347,0.5221618675859645,25,25,0,24,27,3,8,8,arith,89,3,3,winner_xfg,3,44.58060100023431,"[{""step"": 1, ""action"": ""winner_xfg_edge_attack"", ""target_nodes"": [89, 21], ""removed_edges"": [], ""added_edges"": [[89, 21, ""d""]], ""details"": ""bridged winner-XFG d edge 89->21 to increase the vulnerable score""}, {""step"": 2, ""action"": ""winner_xfg_edge_attack"", ""target_nodes"": [89, 19], ""removed_edges"": [], ""added_edges"": [[89, 19, ""d""]], ""details"": ""bridged winner-XFG d edge 89->19 to increase the vulnerable score""}, {""step"": 3, ""action"": ""winner_xfg_edge_attack"", ""target_nodes"": [89, 33], ""removed_edges"": [], ""added_edges"": [[89, 33, ""d""]], ""details"": ""bridged winner-XFG d edge 89->33 to increase the vulnerable score""}]",
devign__06_non_vulnerable_static_void_test_qemu_strtosz_units,winner_xfg_edge_attack,5,test_qemu_strtosz_units,0,1,success,0,1,True,True,0.001614067587070167,0.9716024994850159,0.9699884318979457,25,25,0,24,29,5,8,8,arith,89,3,3,winner_xfg,5,56.202077999842004,"[{""step"": 1, ""action"": ""winner_xfg_edge_attack"", ""target_nodes"": [89, 21], ""removed_edges"": [], ""added_edges"": [[89, 21, ""d""]], ""details"": ""bridged winner-XFG d edge 89->21 to increase the vulnerable score""}, {""step"": 2, ""action"": ""winner_xfg_edge_attack"", ""target_nodes"": [89, 19], ""removed_edges"": [], ""added_edges"": [[89, 19, ""d""]], ""details"": ""bridged winner-XFG d edge 89->19 to increase the vulnerable score""}, {""step"": 3, ""action"": ""winner_xfg_edge_attack"", ""target_nodes"": [89, 33], ""removed_edges"": [], ""added_edges"": [[89, 33, ""d""]], ""details"": ""bridged winner-XFG d edge 89->33 to increase the vulnerable score""}, {""step"": 4, ""action"": ""winner_xfg_edge_attack"", ""target_nodes"": [33, 89], ""removed_edges"": [], ""added_edges"": [[33, 89, ""d""]], ""details"": ""bridged winner-XFG d edge 33->89 to increase the vulnerable score""}, {""step"": 5, ""action"": ""winner_xfg_edge_attack"", ""target_nodes"": [89, 5], ""removed_edges"": [], ""added_edges"": [[89, 5, ""d""]], ""details"": ""bridged winner-XFG d edge 89->5 to increase the vulnerable score""}]",
devign__06_non_vulnerable_static_void_test_qemu_strtosz_units,winner_xfg_feature_mask,1,test_qemu_strtosz_units,0,1,success,0,0,False,False,0.001614067587070167,0.0024605083744972944,0.0008464407874271274,25,25,0,24,24,0,8,8,arith,89,3,3,winner_xfg,1,50.4802400000699,"[{""step"": 1, ""action"": ""winner_xfg_feature_mask"", ""target_nodes"": [21], ""removed_edges"": [], ""added_edges"": [], ""details"": ""remapped winner-XFG node 21 from source line 21 to key-line line 89""}]",
devign__06_non_vulnerable_static_void_test_qemu_strtosz_units,winner_xfg_feature_mask,3,test_qemu_strtosz_units,0,1,success,0,0,False,False,0.001614067587070167,0.0024605083744972944,0.0008464407874271274,25,25,0,24,24,0,8,8,arith,89,3,3,winner_xfg,3,45.26126700011446,"[{""step"": 1, ""action"": ""winner_xfg_feature_mask"", ""target_nodes"": [21], ""removed_edges"": [], ""added_edges"": [], ""details"": ""remapped winner-XFG node 21 from source line 21 to key-line line 89""}, {""step"": 2, ""action"": ""winner_xfg_feature_mask"", ""target_nodes"": [19], ""removed_edges"": [], ""added_edges"": [], ""details"": ""remapped winner-XFG node 19 from source line 19 to key-line line 89""}, {""step"": 3, ""action"": ""winner_xfg_feature_mask"", ""target_nodes"": [85], ""removed_edges"": [], ""added_edges"": [], ""details"": ""remapped winner-XFG node 85 from source line 85 to key-line line 89""}]",
devign__06_non_vulnerable_static_void_test_qemu_strtosz_units,winner_xfg_feature_mask,5,test_qemu_strtosz_units,0,1,success,0,0,False,False,0.001614067587070167,0.028760116547346115,0.027146048960275948,25,25,0,24,24,0,8,8,arith,89,3,3,winner_xfg,5,57.23868999984916,"[{""step"": 1, ""action"": ""winner_xfg_feature_mask"", ""target_nodes"": [21], ""removed_edges"": [], ""added_edges"": [], ""details"": ""remapped winner-XFG node 21 from source line 21 to key-line line 89""}, {""step"": 2, ""action"": ""winner_xfg_feature_mask"", ""target_nodes"": [19], ""removed_edges"": [], ""added_edges"": [], ""details"": ""remapped winner-XFG node 19 from source line 19 to key-line line 89""}, {""step"": 3, ""action"": ""winner_xfg_feature_mask"", ""target_nodes"": [85], ""removed_edges"": [], ""added_edges"": [], ""details"": ""remapped winner-XFG node 85 from source line 85 to key-line line 89""}, {""step"": 4, ""action"": ""winner_xfg_feature_mask"", ""target_nodes"": [5], ""removed_edges"": [], ""added_edges"": [], ""details"": ""remapped winner-XFG node 5 from source line 5 to key-line line 89""}, {""step"": 5, ""action"": ""winner_xfg_feature_mask"", ""target_nodes"": [7], ""removed_edges"": [], ""added_edges"": [], ""details"": ""remapped winner-XFG node 7 from source line 7 to key-line line 89""}]",
devign__06_non_vulnerable_static_void_test_qemu_strtosz_units,targeted_subgraph_injection,1,test_qemu_strtosz_units,0,1,success,0,0,False,False,0.001614067587070167,0.3186732232570648,0.31705915566999465,25,28,3,24,28,4,8,8,arith,89,3,3,winner_xfg,1,45.30943700001444,"[{""step"": 1, ""action"": ""targeted_subgraph_injection"", ""target_nodes"": [21, -1, -2, -3, 89], ""removed_edges"": [], ""added_edges"": [[21, -1, ""d""], [-1, -2, ""d""], [-2, -3, ""c""], [-3, 89, ""d""]], ""details"": ""injected a three-node key-line-feature motif around winner key line 89""}]",
devign__06_non_vulnerable_static_void_test_qemu_strtosz_units,targeted_subgraph_injection,3,test_qemu_strtosz_units,0,1,success,0,0,False,False,0.001614067587070167,0.001614067587070167,0.0,25,34,9,24,36,12,8,8,arith,89,3,3,winner_xfg,3,41.787489999933314,"[{""step"": 1, ""action"": ""targeted_subgraph_injection"", ""target_nodes"": [21, -1, -2, -3, 89], ""removed_edges"": [], ""added_edges"": [[21, -1, ""d""], [-1, -2, ""d""], [-2, -3, ""c""], [-3, 89, ""d""]], ""details"": ""injected a three-node key-line-feature motif around winner key line 89""}, {""step"": 2, ""action"": ""targeted_subgraph_injection"", ""target_nodes"": [21, -4, -5, -6, 89], ""removed_edges"": [], ""added_edges"": [[21, -4, ""d""], [-4, -5, ""d""], [-5, -6, ""c""], [-6, 89, ""d""]], ""details"": ""injected a three-node key-line-feature motif around winner key line 89""}, {""step"": 3, ""action"": ""targeted_subgraph_injection"", ""target_nodes"": [21, -7, -8, -9, 89], ""removed_edges"": [], ""added_edges"": [[21, -7, ""d""], [-7, -8, ""d""], [-8, -9, ""c""], [-9, 89, ""d""]], ""details"": ""injected a three-node key-line-feature motif around winner key line 89""}]",
devign__06_non_vulnerable_static_void_test_qemu_strtosz_units,targeted_subgraph_injection,5,test_qemu_strtosz_units,0,1,success,0,0,False,False,0.001614067587070167,0.001614067587070167,0.0,25,40,15,24,44,20,8,8,arith,89,3,3,winner_xfg,5,44.58601800024553,"[{""step"": 1, ""action"": ""targeted_subgraph_injection"", ""target_nodes"": [21, -1, -2, -3, 89], ""removed_edges"": [], ""added_edges"": [[21, -1, ""d""], [-1, -2, ""d""], [-2, -3, ""c""], [-3, 89, ""d""]], ""details"": ""injected a three-node key-line-feature motif around winner key line 89""}, {""step"": 2, ""action"": ""targeted_subgraph_injection"", ""target_nodes"": [21, -4, -5, -6, 89], ""removed_edges"": [], ""added_edges"": [[21, -4, ""d""], [-4, -5, ""d""], [-5, -6, ""c""], [-6, 89, ""d""]], ""details"": ""injected a three-node key-line-feature motif around winner key line 89""}, {""step"": 3, ""action"": ""targeted_subgraph_injection"", ""target_nodes"": [21, -7, -8, -9, 89], ""removed_edges"": [], ""added_edges"": [[21, -7, ""d""], [-7, -8, ""d""], [-8, -9, ""c""], [-9, 89, ""d""]], ""details"": ""injected a three-node key-line-feature motif around winner key line 89""}, {""step"": 4, ""action"": ""targeted_subgraph_injection"", ""target_nodes"": [21, -10, -11, -12, 89], ""removed_edges"": [], ""added_edges"": [[21, -10, ""d""], [-10, -11, ""d""], [-11, -12, ""c""], [-12, 89, ""d""]], ""details"": ""injected a three-node key-line-feature motif around winner key line 89""}, {""step"": 5, ""action"": ""targeted_subgraph_injection"", ""target_nodes"": [21, -13, -14, -15, 89], ""removed_edges"": [], ""added_edges"": [[21, -13, ""d""], [-13, -14, ""d""], [-14, -15, ""c""], [-15, 89, ""d""]], ""details"": ""injected a three-node key-line-feature motif around winner key line 89""}]",
devign__08_non_vulnerable_build_tpm_tcpa,winner_xfg_edge_attack,1,unknown,0,1,success,0,0,False,False,5.6560038501629606e-05,0.0004217835085000843,0.0003652234699984547,10,10,0,14,15,1,4,4,ptr,11,3,3,winner_xfg,1,34.82678699992903,"[{""step"": 1, ""action"": ""winner_xfg_edge_attack"", ""target_nodes"": [11, 5], ""removed_edges"": [], ""added_edges"": [[11, 5, ""d""]], ""details"": ""bridged winner-XFG d edge 11->5 to increase the vulnerable score""}]",
devign__08_non_vulnerable_build_tpm_tcpa,winner_xfg_edge_attack,3,unknown,0,1,success,0,0,False,False,5.6560038501629606e-05,1.873712426458951e-05,-3.7822914237040095e-05,10,10,0,14,17,3,4,4,ptr,11,3,3,winner_xfg,3,34.29515400011951,"[{""step"": 1, ""action"": ""winner_xfg_edge_attack"", ""target_nodes"": [11, 5], ""removed_edges"": [], ""added_edges"": [[11, 5, ""d""]], ""details"": ""bridged winner-XFG d edge 11->5 to increase the vulnerable score""}, {""step"": 2, ""action"": ""winner_xfg_edge_attack"", ""target_nodes"": [11, 1], ""removed_edges"": [], ""added_edges"": [[11, 1, ""d""]], ""details"": ""bridged winner-XFG d edge 11->1 to increase the vulnerable score""}, {""step"": 3, ""action"": ""winner_xfg_edge_attack"", ""target_nodes"": [1, 11], ""removed_edges"": [], ""added_edges"": [[1, 11, ""d""]], ""details"": ""bridged winner-XFG d edge 1->11 to increase the vulnerable score""}]",
devign__08_non_vulnerable_build_tpm_tcpa,winner_xfg_edge_attack,5,unknown,0,1,success,0,0,False,False,5.6560038501629606e-05,1.2266104022273794e-05,-4.429393447935581e-05,10,10,0,14,19,5,4,4,ptr,11,3,3,winner_xfg,5,31.323058999987552,"[{""step"": 1, ""action"": ""winner_xfg_edge_attack"", ""target_nodes"": [11, 5], ""removed_edges"": [], ""added_edges"": [[11, 5, ""d""]], ""details"": ""bridged winner-XFG d edge 11->5 to increase the vulnerable score""}, {""step"": 2, ""action"": ""winner_xfg_edge_attack"", ""target_nodes"": [11, 1], ""removed_edges"": [], ""added_edges"": [[11, 1, ""d""]], ""details"": ""bridged winner-XFG d edge 11->1 to increase the vulnerable score""}, {""step"": 3, ""action"": ""winner_xfg_edge_attack"", ""target_nodes"": [1, 11], ""removed_edges"": [], ""added_edges"": [[1, 11, ""d""]], ""details"": ""bridged winner-XFG d edge 1->11 to increase the vulnerable score""}, {""step"": 4, ""action"": ""winner_xfg_edge_attack"", ""target_nodes"": [11, 15], ""removed_edges"": [], ""added_edges"": [[11, 15, ""d""]], ""details"": ""bridged winner-XFG d edge 11->15 to increase the vulnerable score""}, {""step"": 5, ""action"": ""winner_xfg_edge_attack"", ""target_nodes"": [15, 11], ""removed_edges"": [], ""added_edges"": [[15, 11, ""d""]], ""details"": ""bridged winner-XFG d edge 15->11 to increase the vulnerable score""}]",
devign__08_non_vulnerable_build_tpm_tcpa,winner_xfg_feature_mask,1,unknown,0,1,success,0,0,False,False,5.6560038501629606e-05,2.0727670744236093e-06,-5.4487271427205997e-05,10,10,0,14,14,0,4,4,ptr,11,3,3,winner_xfg,1,31.409936000272864,"[{""step"": 1, ""action"": ""winner_xfg_feature_mask"", ""target_nodes"": [5], ""removed_edges"": [], ""added_edges"": [], ""details"": ""remapped winner-XFG node 5 from source line 5 to key-line line 11""}]",
devign__08_non_vulnerable_build_tpm_tcpa,winner_xfg_feature_mask,3,unknown,0,1,success,0,0,False,False,5.6560038501629606e-05,1.0843993238085492e-11,-5.656002765763637e-05,10,10,0,14,14,0,4,4,ptr,11,3,3,winner_xfg,3,30.075630000283127,"[{""step"": 1, ""action"": ""winner_xfg_feature_mask"", ""target_nodes"": [5], ""removed_edges"": [], ""added_edges"": [], ""details"": ""remapped winner-XFG node 5 from source line 5 to key-line line 11""}, {""step"": 2, ""action"": ""winner_xfg_feature_mask"", ""target_nodes"": [1], ""removed_edges"": [], ""added_edges"": [], ""details"": ""remapped winner-XFG node 1 from source line 1 to key-line line 11""}, {""step"": 3, ""action"": ""winner_xfg_feature_mask"", ""target_nodes"": [37], ""removed_edges"": [], ""added_edges"": [], ""details"": ""remapped winner-XFG node 37 from source line 37 to key-line line 11""}]",
devign__08_non_vulnerable_build_tpm_tcpa,winner_xfg_feature_mask,5,unknown,0,1,success,0,0,False,False,5.6560038501629606e-05,3.520197189299523e-10,-5.6559686481910676e-05,10,10,0,14,14,0,4,4,ptr,11,3,3,winner_xfg,5,33.1836079999448,"[{""step"": 1, ""action"": ""winner_xfg_feature_mask"", ""target_nodes"": [5], ""removed_edges"": [], ""added_edges"": [], ""details"": ""remapped winner-XFG node 5 from source line 5 to key-line line 11""}, {""step"": 2, ""action"": ""winner_xfg_feature_mask"", ""target_nodes"": [1], ""removed_edges"": [], ""added_edges"": [], ""details"": ""remapped winner-XFG node 1 from source line 1 to key-line line 11""}, {""step"": 3, ""action"": ""winner_xfg_feature_mask"", ""target_nodes"": [37], ""removed_edges"": [], ""added_edges"": [], ""details"": ""remapped winner-XFG node 37 from source line 37 to key-line line 11""}, {""step"": 4, ""action"": ""winner_xfg_feature_mask"", ""target_nodes"": [7], ""removed_edges"": [], ""added_edges"": [], ""details"": ""remapped winner-XFG node 7 from source line 7 to key-line line 11""}, {""step"": 5, ""action"": ""winner_xfg_feature_mask"", ""target_nodes"": [19], ""removed_edges"": [], ""added_edges"": [], ""details"": ""remapped winner-XFG node 19 from source line 19 to key-line line 11""}]",
devign__08_non_vulnerable_build_tpm_tcpa,targeted_subgraph_injection,1,unknown,0,1,success,0,0,False,False,5.6560038501629606e-05,0.14153353869915009,0.14147697866064846,10,13,3,14,18,4,4,4,ptr,11,3,3,winner_xfg,1,25.570575000074314,"[{""step"": 1, ""action"": ""targeted_subgraph_injection"", ""target_nodes"": [5, -1, -2, -3, 11], ""removed_edges"": [], ""added_edges"": [[5, -1, ""d""], [-1, -2, ""d""], [-2, -3, ""c""], [-3, 11, ""d""]], ""details"": ""injected a three-node key-line-feature motif around winner key line 11""}]",
devign__08_non_vulnerable_build_tpm_tcpa,targeted_subgraph_injection,3,unknown,0,1,success,0,0,False,False,5.6560038501629606e-05,0.2354409098625183,0.23538434982401668,10,19,9,14,26,12,4,4,ptr,11,3,3,winner_xfg,3,29.494493000129296,"[{""step"": 1, ""action"": ""targeted_subgraph_injection"", ""target_nodes"": [5, -1, -2, -3, 11], ""removed_edges"": [], ""added_edges"": [[5, -1, ""d""], [-1, -2, ""d""], [-2, -3, ""c""], [-3, 11, ""d""]], ""details"": ""injected a three-node key-line-feature motif around winner key line 11""}, {""step"": 2, ""action"": ""targeted_subgraph_injection"", ""target_nodes"": [5, -4, -5, -6, 11], ""removed_edges"": [], ""added_edges"": [[5, -4, ""d""], [-4, -5, ""d""], [-5, -6, ""c""], [-6, 11, ""d""]], ""details"": ""injected a three-node key-line-feature motif around winner key line 11""}, {""step"": 3, ""action"": ""targeted_subgraph_injection"", ""target_nodes"": [5, -7, -8, -9, 11], ""removed_edges"": [], ""added_edges"": [[5, -7, ""d""], [-7, -8, ""d""], [-8, -9, ""c""], [-9, 11, ""d""]], ""details"": ""injected a three-node key-line-feature motif around winner key line 11""}]",
devign__08_non_vulnerable_build_tpm_tcpa,targeted_subgraph_injection,5,unknown,0,1,success,0,0,False,False,5.6560038501629606e-05,0.27096498012542725,0.2709084200869256,10,25,15,14,34,20,4,4,ptr,11,3,3,winner_xfg,5,34.09554600011688,"[{""step"": 1, ""action"": ""targeted_subgraph_injection"", ""target_nodes"": [5, -1, -2, -3, 11], ""removed_edges"": [], ""added_edges"": [[5, -1, ""d""], [-1, -2, ""d""], [-2, -3, ""c""], [-3, 11, ""d""]], ""details"": ""injected a three-node key-line-feature motif around winner key line 11""}, {""step"": 2, ""action"": ""targeted_subgraph_injection"", ""target_nodes"": [5, -4, -5, -6, 11], ""removed_edges"": [], ""added_edges"": [[5, -4, ""d""], [-4, -5, ""d""], [-5, -6, ""c""], [-6, 11, ""d""]], ""details"": ""injected a three-node key-line-feature motif around winner key line 11""}, {""step"": 3, ""action"": ""targeted_subgraph_injection"", ""target_nodes"": [5, -7, -8, -9, 11], ""removed_edges"": [], ""added_edges"": [[5, -7, ""d""], [-7, -8, ""d""], [-8, -9, ""c""], [-9, 11, ""d""]], ""details"": ""injected a three-node key-line-feature motif around winner key line 11""}, {""step"": 4, ""action"": ""targeted_subgraph_injection"", ""target_nodes"": [5, -10, -11, -12, 11], ""removed_edges"": [], ""added_edges"": [[5, -10, ""d""], [-10, -11, ""d""], [-11, -12, ""c""], [-12, 11, ""d""]], ""details"": ""injected a three-node key-line-feature motif around winner key line 11""}, {""step"": 5, ""action"": ""targeted_subgraph_injection"", ""target_nodes"": [5, -13, -14, -15, 11], ""removed_edges"": [], ""added_edges"": [[5, -13, ""d""], [-13, -14, ""d""], [-14, -15, ""c""], [-15, 11, ""d""]], ""details"": ""injected a three-node key-line-feature motif around winner key line 11""}]",
devign__10_non_vulnerable_static_void_kvm_virtio_pci_vq_vector,winner_xfg_edge_attack,1,kvm_virtio_pci_vq_vector_release,0,1,success,0,0,False,False,6.079391567936909e-08,1.510462865894624e-08,-4.568928702042285e-08,11,11,0,12,13,1,7,7,ptr,25,5,5,winner_xfg,1,36.03253400024187,"[{""step"": 1, ""action"": ""winner_xfg_edge_attack"", ""target_nodes"": [25, 13], ""removed_edges"": [], ""added_edges"": [[25, 13, ""d""]], ""details"": ""bridged winner-XFG d edge 25->13 to increase the vulnerable score""}]",
devign__10_non_vulnerable_static_void_kvm_virtio_pci_vq_vector,winner_xfg_edge_attack,3,kvm_virtio_pci_vq_vector_release,0,1,success,0,0,False,False,6.079391567936909e-08,4.3466263574543085e-12,-6.078956905301164e-08,11,11,0,12,15,3,7,7,ptr,25,5,5,winner_xfg,3,42.00308199961,"[{""step"": 1, ""action"": ""winner_xfg_edge_attack"", ""target_nodes"": [25, 13], ""removed_edges"": [], ""added_edges"": [[25, 13, ""d""]], ""details"": ""bridged winner-XFG d edge 25->13 to increase the vulnerable score""}, {""step"": 2, ""action"": ""winner_xfg_edge_attack"", ""target_nodes"": [27, 25], ""removed_edges"": [], ""added_edges"": [[27, 25, ""d""]], ""details"": ""bridged winner-XFG d edge 27->25 to increase the vulnerable score""}, {""step"": 3, ""action"": ""winner_xfg_edge_attack"", ""target_nodes"": [25, 1], ""removed_edges"": [], ""added_edges"": [[25, 1, ""d""]], ""details"": ""bridged winner-XFG d edge 25->1 to increase the vulnerable score""}]",
devign__10_non_vulnerable_static_void_kvm_virtio_pci_vq_vector,winner_xfg_edge_attack,5,kvm_virtio_pci_vq_vector_release,0,1,success,0,0,False,False,6.079391567936909e-08,1.2574742462578836e-11,-6.078134093690651e-08,11,11,0,12,17,5,7,7,ptr,25,5,5,winner_xfg,5,37.20356800022273,"[{""step"": 1, ""action"": ""winner_xfg_edge_attack"", ""target_nodes"": [25, 13], ""removed_edges"": [], ""added_edges"": [[25, 13, ""d""]], ""details"": ""bridged winner-XFG d edge 25->13 to increase the vulnerable score""}, {""step"": 2, ""action"": ""winner_xfg_edge_attack"", ""target_nodes"": [27, 25], ""removed_edges"": [], ""added_edges"": [[27, 25, ""d""]], ""details"": ""bridged winner-XFG d edge 27->25 to increase the vulnerable score""}, {""step"": 3, ""action"": ""winner_xfg_edge_attack"", ""target_nodes"": [25, 1], ""removed_edges"": [], ""added_edges"": [[25, 1, ""d""]], ""details"": ""bridged winner-XFG d edge 25->1 to increase the vulnerable score""}, {""step"": 4, ""action"": ""winner_xfg_edge_attack"", ""target_nodes"": [1, 25], ""removed_edges"": [], ""added_edges"": [[1, 25, ""d""]], ""details"": ""bridged winner-XFG d edge 1->25 to increase the vulnerable score""}, {""step"": 5, ""action"": ""winner_xfg_edge_attack"", ""target_nodes"": [25, 5], ""removed_edges"": [], ""added_edges"": [[25, 5, ""d""]], ""details"": ""bridged winner-XFG d edge 25->5 to increase the vulnerable score""}]",
devign__10_non_vulnerable_static_void_kvm_virtio_pci_vq_vector,winner_xfg_feature_mask,1,kvm_virtio_pci_vq_vector_release,0,1,success,0,0,False,False,6.079391567936909e-08,4.350155218685314e-14,-6.07938721778169e-08,11,11,0,12,12,0,7,7,ptr,25,5,5,winner_xfg,1,42.80914599985408,"[{""step"": 1, ""action"": ""winner_xfg_feature_mask"", ""target_nodes"": [1], ""removed_edges"": [], ""added_edges"": [], ""details"": ""remapped winner-XFG node 1 from source line 1 to key-line line 25""}]",
devign__10_non_vulnerable_static_void_kvm_virtio_pci_vq_vector,winner_xfg_feature_mask,3,kvm_virtio_pci_vq_vector_release,0,1,success,0,0,False,False,6.079391567936909e-08,2.0764781091367658e-18,-6.079391567729262e-08,11,11,0,12,12,0,7,7,ptr,25,5,5,winner_xfg,3,36.75394999982018,"[{""step"": 1, ""action"": ""winner_xfg_feature_mask"", ""target_nodes"": [1], ""removed_edges"": [], ""added_edges"": [], ""details"": ""remapped winner-XFG node 1 from source line 1 to key-line line 25""}, {""step"": 2, ""action"": ""winner_xfg_feature_mask"", ""target_nodes"": [5], ""removed_edges"": [], ""added_edges"": [], ""details"": ""remapped winner-XFG node 5 from source line 5 to key-line line 25""}, {""step"": 3, ""action"": ""winner_xfg_feature_mask"", ""target_nodes"": [11], ""removed_edges"": [], ""added_edges"": [], ""details"": ""remapped winner-XFG node 11 from source line 11 to key-line line 25""}]",
devign__10_non_vulnerable_static_void_kvm_virtio_pci_vq_vector,winner_xfg_feature_mask,5,kvm_virtio_pci_vq_vector_release,0,1,success,0,0,False,False,6.079391567936909e-08,1.693219326850441e-20,-6.079391567935217e-08,11,11,0,12,12,0,7,7,ptr,25,5,5,winner_xfg,5,41.186492999713664,"[{""step"": 1, ""action"": ""winner_xfg_feature_mask"", ""target_nodes"": [1], ""removed_edges"": [], ""added_edges"": [], ""details"": ""remapped winner-XFG node 1 from source line 1 to key-line line 25""}, {""step"": 2, ""action"": ""winner_xfg_feature_mask"", ""target_nodes"": [5], ""removed_edges"": [], ""added_edges"": [], ""details"": ""remapped winner-XFG node 5 from source line 5 to key-line line 25""}, {""step"": 3, ""action"": ""winner_xfg_feature_mask"", ""target_nodes"": [11], ""removed_edges"": [], ""added_edges"": [], ""details"": ""remapped winner-XFG node 11 from source line 11 to key-line line 25""}, {""step"": 4, ""action"": ""winner_xfg_feature_mask"", ""target_nodes"": [3], ""removed_edges"": [], ""added_edges"": [], ""details"": ""remapped winner-XFG node 3 from source line 3 to key-line line 25""}, {""step"": 5, ""action"": ""winner_xfg_feature_mask"", ""target_nodes"": [33], ""removed_edges"": [], ""added_edges"": [], ""details"": ""remapped winner-XFG node 33 from source line 33 to key-line line 25""}]",
devign__10_non_vulnerable_static_void_kvm_virtio_pci_vq_vector,targeted_subgraph_injection,1,kvm_virtio_pci_vq_vector_release,0,1,success,0,0,False,False,6.079391567936909e-08,1.8439246574075696e-08,-4.2354669105293397e-08,11,14,3,12,16,4,7,7,ptr,25,5,5,winner_xfg,1,37.37778500044442,"[{""step"": 1, ""action"": ""targeted_subgraph_injection"", ""target_nodes"": [13, -1, -2, -3, 25], ""removed_edges"": [], ""added_edges"": [[13, -1, ""d""], [-1, -2, ""d""], [-2, -3, ""c""], [-3, 25, ""d""]], ""details"": ""injected a three-node key-line-feature motif around winner key line 25""}]",
devign__10_non_vulnerable_static_void_kvm_virtio_pci_vq_vector,targeted_subgraph_injection,3,kvm_virtio_pci_vq_vector_release,0,1,success,0,0,False,False,6.079391567936909e-08,1.8630634812666358e-09,-5.893085219810246e-08,11,20,9,12,24,12,7,7,ptr,25,5,5,winner_xfg,3,37.35420000020895,"[{""step"": 1, ""action"": ""targeted_subgraph_injection"", ""target_nodes"": [13, -1, -2, -3, 25], ""removed_edges"": [], ""added_edges"": [[13, -1, ""d""], [-1, -2, ""d""], [-2, -3, ""c""], [-3, 25, ""d""]], ""details"": ""injected a three-node key-line-feature motif around winner key line 25""}, {""step"": 2, ""action"": ""targeted_subgraph_injection"", ""target_nodes"": [13, -4, -5, -6, 25], ""removed_edges"": [], ""added_edges"": [[13, -4, ""d""], [-4, -5, ""d""], [-5, -6, ""c""], [-6, 25, ""d""]], ""details"": ""injected a three-node key-line-feature motif around winner key line 25""}, {""step"": 3, ""action"": ""targeted_subgraph_injection"", ""target_nodes"": [13, -7, -8, -9, 25], ""removed_edges"": [], ""added_edges"": [[13, -7, ""d""], [-7, -8, ""d""], [-8, -9, ""c""], [-9, 25, ""d""]], ""details"": ""injected a three-node key-line-feature motif around winner key line 25""}]",
devign__10_non_vulnerable_static_void_kvm_virtio_pci_vq_vector,targeted_subgraph_injection,5,kvm_virtio_pci_vq_vector_release,0,1,success,0,0,False,False,6.079391567936909e-08,1.863059928552957e-09,-5.8930855750816136e-08,11,26,15,12,32,20,7,7,ptr,25,5,5,winner_xfg,5,39.65161500036629,"[{""step"": 1, ""action"": ""targeted_subgraph_injection"", ""target_nodes"": [13, -1, -2, -3, 25], ""removed_edges"": [], ""added_edges"": [[13, -1, ""d""], [-1, -2, ""d""], [-2, -3, ""c""], [-3, 25, ""d""]], ""details"": ""injected a three-node key-line-feature motif around winner key line 25""}, {""step"": 2, ""action"": ""targeted_subgraph_injection"", ""target_nodes"": [13, -4, -5, -6, 25], ""removed_edges"": [], ""added_edges"": [[13, -4, ""d""], [-4, -5, ""d""], [-5, -6, ""c""], [-6, 25, ""d""]], ""details"": ""injected a three-node key-line-feature motif around winner key line 25""}, {""step"": 3, ""action"": ""targeted_subgraph_injection"", ""target_nodes"": [13, -7, -8, -9, 25], ""removed_edges"": [], ""added_edges"": [[13, -7, ""d""], [-7, -8, ""d""], [-8, -9, ""c""], [-9, 25, ""d""]], ""details"": ""injected a three-node key-line-feature motif around winner key line 25""}, {""step"": 4, ""action"": ""targeted_subgraph_injection"", ""target_nodes"": [13, -10, -11, -12, 25], ""removed_edges"": [], ""added_edges"": [[13, -10, ""d""], [-10, -11, ""d""], [-11, -12, ""c""], [-12, 25, ""d""]], ""details"": ""injected a three-node key-line-feature motif around winner key line 25""}, {""step"": 5, ""action"": ""targeted_subgraph_injection"", ""target_nodes"": [13, -13, -14, -15, 25], ""removed_edges"": [], ""added_edges"": [[13, -13, ""d""], [-13, -14, ""d""], [-14, -15, ""c""], [-15, 25, ""d""]], ""details"": ""injected a three-node key-line-feature motif around winner key line 25""}]",
devign__11_non_vulnerable_vnc_display_setup_auth,winner_xfg_edge_attack,1,if,0,1,success,0,0,False,False,3.628038669489797e-08,0.015969932079315186,0.01596989579892849,37,37,0,54,55,1,15,15,ptr,97,8,8,winner_xfg,1,59.49065200002224,"[{""step"": 1, ""action"": ""winner_xfg_edge_attack"", ""target_nodes"": [97, 1], ""removed_edges"": [], ""added_edges"": [[97, 1, ""d""]], ""details"": ""bridged winner-XFG d edge 97->1 to increase the vulnerable score""}]",
devign__11_non_vulnerable_vnc_display_setup_auth,winner_xfg_edge_attack,3,if,0,1,success,0,0,False,False,3.628038669489797e-08,0.2441849410533905,0.2441849047730038,37,37,0,54,57,3,15,15,ptr,97,8,8,winner_xfg,3,60.86686799972085,"[{""step"": 1, ""action"": ""winner_xfg_edge_attack"", ""target_nodes"": [97, 1], ""removed_edges"": [], ""added_edges"": [[97, 1, ""d""]], ""details"": ""bridged winner-XFG d edge 97->1 to increase the vulnerable score""}, {""step"": 2, ""action"": ""winner_xfg_edge_attack"", ""target_nodes"": [97, 87], ""removed_edges"": [], ""added_edges"": [[97, 87, ""d""]], ""details"": ""bridged winner-XFG d edge 97->87 to increase the vulnerable score""}, {""step"": 3, ""action"": ""winner_xfg_edge_attack"", ""target_nodes"": [97, 83], ""removed_edges"": [], ""added_edges"": [[97, 83, ""d""]], ""details"": ""bridged winner-XFG d edge 97->83 to increase the vulnerable score""}]",
devign__11_non_vulnerable_vnc_display_setup_auth,winner_xfg_edge_attack,5,if,0,1,success,0,1,True,True,3.628038669489797e-08,0.5610429644584656,0.5610429281780789,37,37,0,54,59,5,15,15,ptr,97,8,8,winner_xfg,5,66.99673100001746,"[{""step"": 1, ""action"": ""winner_xfg_edge_attack"", ""target_nodes"": [97, 1], ""removed_edges"": [], ""added_edges"": [[97, 1, ""d""]], ""details"": ""bridged winner-XFG d edge 97->1 to increase the vulnerable score""}, {""step"": 2, ""action"": ""winner_xfg_edge_attack"", ""target_nodes"": [97, 87], ""removed_edges"": [], ""added_edges"": [[97, 87, ""d""]], ""details"": ""bridged winner-XFG d edge 97->87 to increase the vulnerable score""}, {""step"": 3, ""action"": ""winner_xfg_edge_attack"", ""target_nodes"": [97, 83], ""removed_edges"": [], ""added_edges"": [[97, 83, ""d""]], ""details"": ""bridged winner-XFG d edge 97->83 to increase the vulnerable score""}, {""step"": 4, ""action"": ""winner_xfg_edge_attack"", ""target_nodes"": [83, 97], ""removed_edges"": [], ""added_edges"": [[83, 97, ""d""]], ""details"": ""bridged winner-XFG d edge 83->97 to increase the vulnerable score""}, {""step"": 5, ""action"": ""winner_xfg_edge_attack"", ""target_nodes"": [97, 7], ""removed_edges"": [], ""added_edges"": [[97, 7, ""d""]], ""details"": ""bridged winner-XFG d edge 97->7 to increase the vulnerable score""}]",
devign__11_non_vulnerable_vnc_display_setup_auth,winner_xfg_feature_mask,1,if,0,1,success,0,0,False,False,3.628038669489797e-08,4.5202856568948846e-08,8.922469874050876e-09,37,37,0,54,54,0,15,15,ptr,97,8,8,winner_xfg,1,68.05810300011217,"[{""step"": 1, ""action"": ""winner_xfg_feature_mask"", ""target_nodes"": [1], ""removed_edges"": [], ""added_edges"": [], ""details"": ""remapped winner-XFG node 1 from source line 1 to key-line line 97""}]",
devign__11_non_vulnerable_vnc_display_setup_auth,winner_xfg_feature_mask,3,if,0,1,success,0,0,False,False,3.628038669489797e-08,4.5202856568948846e-08,8.922469874050876e-09,37,37,0,54,54,0,15,15,ptr,97,8,8,winner_xfg,3,67.71799299986014,"[{""step"": 1, ""action"": ""winner_xfg_feature_mask"", ""target_nodes"": [1], ""removed_edges"": [], ""added_edges"": [], ""details"": ""remapped winner-XFG node 1 from source line 1 to key-line line 97""}, {""step"": 2, ""action"": ""winner_xfg_feature_mask"", ""target_nodes"": [87], ""removed_edges"": [], ""added_edges"": [], ""details"": ""remapped winner-XFG node 87 from source line 87 to key-line line 97""}, {""step"": 3, ""action"": ""winner_xfg_feature_mask"", ""target_nodes"": [83], ""removed_edges"": [], ""added_edges"": [], ""details"": ""remapped winner-XFG node 83 from source line 83 to key-line line 97""}]",
devign__11_non_vulnerable_vnc_display_setup_auth,winner_xfg_feature_mask,5,if,0,1,success,0,0,False,False,3.628038669489797e-08,0.00030277649057097733,0.00030274021018428243,37,37,0,54,54,0,15,15,ptr,97,8,8,winner_xfg,5,67.50862500030053,"[{""step"": 1, ""action"": ""winner_xfg_feature_mask"", ""target_nodes"": [1], ""removed_edges"": [], ""added_edges"": [], ""details"": ""remapped winner-XFG node 1 from source line 1 to key-line line 97""}, {""step"": 2, ""action"": ""winner_xfg_feature_mask"", ""target_nodes"": [87], ""removed_edges"": [], ""added_edges"": [], ""details"": ""remapped winner-XFG node 87 from source line 87 to key-line line 97""}, {""step"": 3, ""action"": ""winner_xfg_feature_mask"", ""target_nodes"": [83], ""removed_edges"": [], ""added_edges"": [], ""details"": ""remapped winner-XFG node 83 from source line 83 to key-line line 97""}, {""step"": 4, ""action"": ""winner_xfg_feature_mask"", ""target_nodes"": [9], ""removed_edges"": [], ""added_edges"": [], ""details"": ""remapped winner-XFG node 9 from source line 9 to key-line line 97""}, {""step"": 5, ""action"": ""winner_xfg_feature_mask"", ""target_nodes"": [7], ""removed_edges"": [], ""added_edges"": [], ""details"": ""remapped winner-XFG node 7 from source line 7 to key-line line 97""}]",
devign__11_non_vulnerable_vnc_display_setup_auth,targeted_subgraph_injection,1,if,0,1,success,0,0,False,False,3.628038669489797e-08,1.3849617062078323e-06,1.3486813195129344e-06,37,40,3,54,58,4,15,15,ptr,97,8,8,winner_xfg,1,60.518534000038926,"[{""step"": 1, ""action"": ""targeted_subgraph_injection"", ""target_nodes"": [1, -1, -2, -3, 97], ""removed_edges"": [], ""added_edges"": [[1, -1, ""d""], [-1, -2, ""d""], [-2, -3, ""c""], [-3, 97, ""d""]], ""details"": ""injected a three-node key-line-feature motif around winner key line 97""}]",
devign__11_non_vulnerable_vnc_display_setup_auth,targeted_subgraph_injection,3,if,0,1,success,0,0,False,False,3.628038669489797e-08,4.1876264731399715e-05,4.183998434470482e-05,37,46,9,54,66,12,15,15,ptr,97,8,8,winner_xfg,3,61.370122999960586,"[{""step"": 1, ""action"": ""targeted_subgraph_injection"", ""target_nodes"": [1, -1, -2, -3, 97], ""removed_edges"": [], ""added_edges"": [[1, -1, ""d""], [-1, -2, ""d""], [-2, -3, ""c""], [-3, 97, ""d""]], ""details"": ""injected a three-node key-line-feature motif around winner key line 97""}, {""step"": 2, ""action"": ""targeted_subgraph_injection"", ""target_nodes"": [1, -4, -5, -6, 97], ""removed_edges"": [], ""added_edges"": [[1, -4, ""d""], [-4, -5, ""d""], [-5, -6, ""c""], [-6, 97, ""d""]], ""details"": ""injected a three-node key-line-feature motif around winner key line 97""}, {""step"": 3, ""action"": ""targeted_subgraph_injection"", ""target_nodes"": [1, -7, -8, -9, 97], ""removed_edges"": [], ""added_edges"": [[1, -7, ""d""], [-7, -8, ""d""], [-8, -9, ""c""], [-9, 97, ""d""]], ""details"": ""injected a three-node key-line-feature motif around winner key line 97""}]",
devign__11_non_vulnerable_vnc_display_setup_auth,targeted_subgraph_injection,5,if,0,1,success,0,0,False,False,3.628038669489797e-08,0.05997539311647415,0.05997535683608746,37,52,15,54,74,20,15,15,ptr,97,8,8,winner_xfg,5,65.37777899984576,"[{""step"": 1, ""action"": ""targeted_subgraph_injection"", ""target_nodes"": [1, -1, -2, -3, 97], ""removed_edges"": [], ""added_edges"": [[1, -1, ""d""], [-1, -2, ""d""], [-2, -3, ""c""], [-3, 97, ""d""]], ""details"": ""injected a three-node key-line-feature motif around winner key line 97""}, {""step"": 2, ""action"": ""targeted_subgraph_injection"", ""target_nodes"": [1, -4, -5, -6, 97], ""removed_edges"": [], ""added_edges"": [[1, -4, ""d""], [-4, -5, ""d""], [-5, -6, ""c""], [-6, 97, ""d""]], ""details"": ""injected a three-node key-line-feature motif around winner key line 97""}, {""step"": 3, ""action"": ""targeted_subgraph_injection"", ""target_nodes"": [1, -7, -8, -9, 97], ""removed_edges"": [], ""added_edges"": [[1, -7, ""d""], [-7, -8, ""d""], [-8, -9, ""c""], [-9, 97, ""d""]], ""details"": ""injected a three-node key-line-feature motif around winner key line 97""}, {""step"": 4, ""action"": ""targeted_subgraph_injection"", ""target_nodes"": [1, -10, -11, -12, 97], ""removed_edges"": [], ""added_edges"": [[1, -10, ""d""], [-10, -11, ""d""], [-11, -12, ""c""], [-12, 97, ""d""]], ""details"": ""injected a three-node key-line-feature motif around winner key line 97""}, {""step"": 5, ""action"": ""targeted_subgraph_injection"", ""target_nodes"": [1, -13, -14, -15, 97], ""removed_edges"": [], ""added_edges"": [[1, -13, ""d""], [-13, -14, ""d""], [-14, -15, ""c""], [-15, 97, ""d""]], ""details"": ""injected a three-node key-line-feature motif around winner key line 97""}]",
devign__13_non_vulnerable_static_void_sctlr_write,winner_xfg_edge_attack,1,sctlr_write,0,1,success,0,0,False,False,6.29800878115816e-10,1.553597002157403e-07,1.547298993376245e-07,7,7,0,9,10,1,2,2,ptr,11,6,6,winner_xfg,1,27.28090800019345,"[{""step"": 1, ""action"": ""winner_xfg_edge_attack"", ""target_nodes"": [11, 1], ""removed_edges"": [], ""added_edges"": [[11, 1, ""d""]], ""details"": ""bridged winner-XFG d edge 11->1 to increase the vulnerable score""}]",
devign__13_non_vulnerable_static_void_sctlr_write,winner_xfg_edge_attack,3,sctlr_write,0,1,success,0,0,False,False,6.29800878115816e-10,1.0954375966321095e-06,1.0948077957539937e-06,7,7,0,9,12,3,2,2,ptr,11,6,6,winner_xfg,3,25.897609000367083,"[{""step"": 1, ""action"": ""winner_xfg_edge_attack"", ""target_nodes"": [11, 1], ""removed_edges"": [], ""added_edges"": [[11, 1, ""d""]], ""details"": ""bridged winner-XFG d edge 11->1 to increase the vulnerable score""}, {""step"": 2, ""action"": ""winner_xfg_edge_attack"", ""target_nodes"": [25, 11], ""removed_edges"": [], ""added_edges"": [[25, 11, ""d""]], ""details"": ""bridged winner-XFG d edge 25->11 to increase the vulnerable score""}, {""step"": 3, ""action"": ""winner_xfg_edge_attack"", ""target_nodes"": [11, 3], ""removed_edges"": [], ""added_edges"": [[11, 3, ""d""]], ""details"": ""bridged winner-XFG d edge 11->3 to increase the vulnerable score""}]",
devign__13_non_vulnerable_static_void_sctlr_write,winner_xfg_edge_attack,5,sctlr_write,0,1,success,0,0,False,False,6.29800878115816e-10,1.0841748007806018e-05,1.0841118206927902e-05,7,7,0,9,14,5,2,2,ptr,11,6,6,winner_xfg,5,26.35587300028419,"[{""step"": 1, ""action"": ""winner_xfg_edge_attack"", ""target_nodes"": [11, 1], ""removed_edges"": [], ""added_edges"": [[11, 1, ""d""]], ""details"": ""bridged winner-XFG d edge 11->1 to increase the vulnerable score""}, {""step"": 2, ""action"": ""winner_xfg_edge_attack"", ""target_nodes"": [25, 11], ""removed_edges"": [], ""added_edges"": [[25, 11, ""d""]], ""details"": ""bridged winner-XFG d edge 25->11 to increase the vulnerable score""}, {""step"": 3, ""action"": ""winner_xfg_edge_attack"", ""target_nodes"": [11, 3], ""removed_edges"": [], ""added_edges"": [[11, 3, ""d""]], ""details"": ""bridged winner-XFG d edge 11->3 to increase the vulnerable score""}, {""step"": 4, ""action"": ""winner_xfg_edge_attack"", ""target_nodes"": [31, 11], ""removed_edges"": [], ""added_edges"": [[31, 11, ""d""]], ""details"": ""bridged winner-XFG d edge 31->11 to increase the vulnerable score""}, {""step"": 5, ""action"": ""winner_xfg_edge_attack"", ""target_nodes"": [19, 11], ""removed_edges"": [], ""added_edges"": [[19, 11, ""d""]], ""details"": ""bridged winner-XFG d edge 19->11 to increase the vulnerable score""}]",
devign__13_non_vulnerable_static_void_sctlr_write,winner_xfg_feature_mask,1,sctlr_write,0,1,success,0,0,False,False,6.29800878115816e-10,1.2204625754463905e-08,1.1574824876348089e-08,7,7,0,9,9,0,2,2,ptr,11,6,6,winner_xfg,1,27.846108000176173,"[{""step"": 1, ""action"": ""winner_xfg_feature_mask"", ""target_nodes"": [1], ""removed_edges"": [], ""added_edges"": [], ""details"": ""remapped winner-XFG node 1 from source line 1 to key-line line 11""}]",
devign__13_non_vulnerable_static_void_sctlr_write,winner_xfg_feature_mask,3,sctlr_write,0,1,success,0,0,False,False,6.29800878115816e-10,1.7181532641075137e-08,1.655173176295932e-08,7,7,0,9,9,0,2,2,ptr,11,6,6,winner_xfg,3,26.805271999819524,"[{""step"": 1, ""action"": ""winner_xfg_feature_mask"", ""target_nodes"": [1], ""removed_edges"": [], ""added_edges"": [], ""details"": ""remapped winner-XFG node 1 from source line 1 to key-line line 11""}, {""step"": 2, ""action"": ""winner_xfg_feature_mask"", ""target_nodes"": [3], ""removed_edges"": [], ""added_edges"": [], ""details"": ""remapped winner-XFG node 3 from source line 3 to key-line line 11""}, {""step"": 3, ""action"": ""winner_xfg_feature_mask"", ""target_nodes"": [31], ""removed_edges"": [], ""added_edges"": [], ""details"": ""remapped winner-XFG node 31 from source line 31 to key-line line 11""}]",
devign__13_non_vulnerable_static_void_sctlr_write,winner_xfg_feature_mask,5,sctlr_write,0,1,success,0,0,False,False,6.29800878115816e-10,1.7181532641075137e-08,1.655173176295932e-08,7,7,0,9,9,0,2,2,ptr,11,6,6,winner_xfg,5,25.880473000142956,"[{""step"": 1, ""action"": ""winner_xfg_feature_mask"", ""target_nodes"": [1], ""removed_edges"": [], ""added_edges"": [], ""details"": ""remapped winner-XFG node 1 from source line 1 to key-line line 11""}, {""step"": 2, ""action"": ""winner_xfg_feature_mask"", ""target_nodes"": [3], ""removed_edges"": [], ""added_edges"": [], ""details"": ""remapped winner-XFG node 3 from source line 3 to key-line line 11""}, {""step"": 3, ""action"": ""winner_xfg_feature_mask"", ""target_nodes"": [31], ""removed_edges"": [], ""added_edges"": [], ""details"": ""remapped winner-XFG node 31 from source line 31 to key-line line 11""}, {""step"": 4, ""action"": ""winner_xfg_feature_mask"", ""target_nodes"": [19], ""removed_edges"": [], ""added_edges"": [], ""details"": ""remapped winner-XFG node 19 from source line 19 to key-line line 11""}, {""step"": 5, ""action"": ""winner_xfg_feature_mask"", ""target_nodes"": [7], ""removed_edges"": [], ""added_edges"": [], ""details"": ""remapped winner-XFG node 7 from source line 7 to key-line line 11""}]",
devign__13_non_vulnerable_static_void_sctlr_write,targeted_subgraph_injection,1,sctlr_write,0,1,success,0,0,False,False,6.29800878115816e-10,3.020010019838537e-09,2.390209141722721e-09,7,10,3,9,13,4,2,2,ptr,11,6,6,winner_xfg,1,27.35935700002301,"[{""step"": 1, ""action"": ""targeted_subgraph_injection"", ""target_nodes"": [1, -1, -2, -3, 11], ""removed_edges"": [], ""added_edges"": [[1, -1, ""d""], [-1, -2, ""d""], [-2, -3, ""c""], [-3, 11, ""d""]], ""details"": ""injected a three-node key-line-feature motif around winner key line 11""}]",
devign__13_non_vulnerable_static_void_sctlr_write,targeted_subgraph_injection,3,sctlr_write,0,1,success,0,0,False,False,6.29800878115816e-10,5.560549798389047e-10,-7.374589827691125e-11,7,16,9,9,21,12,2,2,ptr,11,6,6,winner_xfg,3,27.43307700029618,"[{""step"": 1, ""action"": ""targeted_subgraph_injection"", ""target_nodes"": [1, -1, -2, -3, 11], ""removed_edges"": [], ""added_edges"": [[1, -1, ""d""], [-1, -2, ""d""], [-2, -3, ""c""], [-3, 11, ""d""]], ""details"": ""injected a three-node key-line-feature motif around winner key line 11""}, {""step"": 2, ""action"": ""targeted_subgraph_injection"", ""target_nodes"": [1, -4, -5, -6, 11], ""removed_edges"": [], ""added_edges"": [[1, -4, ""d""], [-4, -5, ""d""], [-5, -6, ""c""], [-6, 11, ""d""]], ""details"": ""injected a three-node key-line-feature motif around winner key line 11""}, {""step"": 3, ""action"": ""targeted_subgraph_injection"", ""target_nodes"": [1, -7, -8, -9, 11], ""removed_edges"": [], ""added_edges"": [[1, -7, ""d""], [-7, -8, ""d""], [-8, -9, ""c""], [-9, 11, ""d""]], ""details"": ""injected a three-node key-line-feature motif around winner key line 11""}]",
devign__13_non_vulnerable_static_void_sctlr_write,targeted_subgraph_injection,5,sctlr_write,0,1,success,0,0,False,False,6.29800878115816e-10,1.29507538026985e-09,6.652745021540341e-10,7,22,15,9,29,20,2,2,ptr,11,6,6,winner_xfg,5,26.818073999947956,"[{""step"": 1, ""action"": ""targeted_subgraph_injection"", ""target_nodes"": [1, -1, -2, -3, 11], ""removed_edges"": [], ""added_edges"": [[1, -1, ""d""], [-1, -2, ""d""], [-2, -3, ""c""], [-3, 11, ""d""]], ""details"": ""injected a three-node key-line-feature motif around winner key line 11""}, {""step"": 2, ""action"": ""targeted_subgraph_injection"", ""target_nodes"": [1, -4, -5, -6, 11], ""removed_edges"": [], ""added_edges"": [[1, -4, ""d""], [-4, -5, ""d""], [-5, -6, ""c""], [-6, 11, ""d""]], ""details"": ""injected a three-node key-line-feature motif around winner key line 11""}, {""step"": 3, ""action"": ""targeted_subgraph_injection"", ""target_nodes"": [1, -7, -8, -9, 11], ""removed_edges"": [], ""added_edges"": [[1, -7, ""d""], [-7, -8, ""d""], [-8, -9, ""c""], [-9, 11, ""d""]], ""details"": ""injected a three-node key-line-feature motif around winner key line 11""}, {""step"": 4, ""action"": ""targeted_subgraph_injection"", ""target_nodes"": [1, -10, -11, -12, 11], ""removed_edges"": [], ""added_edges"": [[1, -10, ""d""], [-10, -11, ""d""], [-11, -12, ""c""], [-12, 11, ""d""]], ""details"": ""injected a three-node key-line-feature motif around winner key line 11""}, {""step"": 5, ""action"": ""targeted_subgraph_injection"", ""target_nodes"": [1, -13, -14, -15, 11], ""removed_edges"": [], ""added_edges"": [[1, -13, ""d""], [-13, -14, ""d""], [-14, -15, ""c""], [-15, 11, ""d""]], ""details"": ""injected a three-node key-line-feature motif around winner key line 11""}]",
devign__18_vulnerable_mpeg1_decode_sequence,winner_xfg_edge_attack,1,mpeg1_decode_sequence,1,0,success,1,0,True,True,0.8990591764450073,0.3910472095012665,-0.5080119669437408,59,59,0,149,148,-1,55,55,array,115,17,17,winner_xfg,1,191.20168799963722,"[{""step"": 1, ""action"": ""winner_xfg_edge_attack"", ""target_nodes"": [111, 115], ""removed_edges"": [[111, 115, ""d""]], ""added_edges"": [], ""details"": ""cut winner-XFG d edge 111->115 to reduce the vulnerable score""}]",
devign__18_vulnerable_mpeg1_decode_sequence,winner_xfg_edge_attack,3,mpeg1_decode_sequence,1,0,success,1,0,True,True,0.8990591764450073,0.4304440915584564,-0.4686150848865509,59,59,0,149,146,-3,55,55,array,115,17,17,winner_xfg,3,187.95480499966288,"[{""step"": 1, ""action"": ""winner_xfg_edge_attack"", ""target_nodes"": [111, 115], ""removed_edges"": [[111, 115, ""d""]], ""added_edges"": [], ""details"": ""cut winner-XFG d edge 111->115 to reduce the vulnerable score""}, {""step"": 2, ""action"": ""winner_xfg_edge_attack"", ""target_nodes"": [115, 119], ""removed_edges"": [[115, 119, ""d""]], ""added_edges"": [], ""details"": ""cut winner-XFG d edge 115->119 to reduce the vulnerable score""}, {""step"": 3, ""action"": ""winner_xfg_edge_attack"", ""target_nodes"": [115, 117], ""removed_edges"": [[115, 117, ""d""]], ""added_edges"": [], ""details"": ""cut winner-XFG d edge 115->117 to reduce the vulnerable score""}]",
devign__18_vulnerable_mpeg1_decode_sequence,winner_xfg_edge_attack,5,mpeg1_decode_sequence,1,0,success,1,0,True,True,0.8990591764450073,0.4304440915584564,-0.4686150848865509,59,59,0,149,144,-5,55,55,array,115,17,17,winner_xfg,5,200.5757300003097,"[{""step"": 1, ""action"": ""winner_xfg_edge_attack"", ""target_nodes"": [111, 115], ""removed_edges"": [[111, 115, ""d""]], ""added_edges"": [], ""details"": ""cut winner-XFG d edge 111->115 to reduce the vulnerable score""}, {""step"": 2, ""action"": ""winner_xfg_edge_attack"", ""target_nodes"": [115, 119], ""removed_edges"": [[115, 119, ""d""]], ""added_edges"": [], ""details"": ""cut winner-XFG d edge 115->119 to reduce the vulnerable score""}, {""step"": 3, ""action"": ""winner_xfg_edge_attack"", ""target_nodes"": [115, 117], ""removed_edges"": [[115, 117, ""d""]], ""added_edges"": [], ""details"": ""cut winner-XFG d edge 115->117 to reduce the vulnerable score""}, {""step"": 4, ""action"": ""winner_xfg_edge_attack"", ""target_nodes"": [9, 63], ""removed_edges"": [[9, 63, ""d""]], ""added_edges"": [], ""details"": ""cut winner-XFG d edge 9->63 to reduce the vulnerable score""}, {""step"": 5, ""action"": ""winner_xfg_edge_attack"", ""target_nodes"": [9, 39], ""removed_edges"": [[9, 39, ""d""]], ""added_edges"": [], ""details"": ""cut winner-XFG d edge 9->39 to reduce the vulnerable score""}]",
devign__18_vulnerable_mpeg1_decode_sequence,winner_xfg_feature_mask,1,mpeg1_decode_sequence,1,0,success,1,0,True,True,0.8990591764450073,0.0390627346932888,-0.8599964417517185,59,59,0,149,149,0,55,55,array,115,17,17,winner_xfg,1,194.23797800027387,"[{""step"": 1, ""action"": ""winner_xfg_feature_mask"", ""target_nodes"": [111], ""removed_edges"": [], ""added_edges"": [], ""details"": ""remapped winner-XFG node 111 from source line 111 to neutral line 3""}]",
devign__18_vulnerable_mpeg1_decode_sequence,winner_xfg_feature_mask,3,mpeg1_decode_sequence,1,0,success,1,0,True,True,0.8990591764450073,0.011572311632335186,-0.8874868648126721,59,59,0,149,149,0,55,55,array,115,17,17,winner_xfg,3,204.74058499985404,"[{""step"": 1, ""action"": ""winner_xfg_feature_mask"", ""target_nodes"": [111], ""removed_edges"": [], ""added_edges"": [], ""details"": ""remapped winner-XFG node 111 from source line 111 to neutral line 3""}, {""step"": 2, ""action"": ""winner_xfg_feature_mask"", ""target_nodes"": [1], ""removed_edges"": [], ""added_edges"": [], ""details"": ""remapped winner-XFG node 1 from source line 1 to neutral line 3""}, {""step"": 3, ""action"": ""winner_xfg_feature_mask"", ""target_nodes"": [25], ""removed_edges"": [], ""added_edges"": [], ""details"": ""remapped winner-XFG node 25 from source line 25 to neutral line 3""}]",
devign__18_vulnerable_mpeg1_decode_sequence,winner_xfg_feature_mask,5,mpeg1_decode_sequence,1,0,success,1,0,True,True,0.8990591764450073,2.0699403080470802e-08,-0.8990591557456042,59,59,0,149,149,0,55,55,array,115,17,17,winner_xfg,5,193.8003350001054,"[{""step"": 1, ""action"": ""winner_xfg_feature_mask"", ""target_nodes"": [111], ""removed_edges"": [], ""added_edges"": [], ""details"": ""remapped winner-XFG node 111 from source line 111 to neutral line 3""}, {""step"": 2, ""action"": ""winner_xfg_feature_mask"", ""target_nodes"": [1], ""removed_edges"": [], ""added_edges"": [], ""details"": ""remapped winner-XFG node 1 from source line 1 to neutral line 3""}, {""step"": 3, ""action"": ""winner_xfg_feature_mask"", ""target_nodes"": [25], ""removed_edges"": [], ""added_edges"": [], ""details"": ""remapped winner-XFG node 25 from source line 25 to neutral line 3""}, {""step"": 4, ""action"": ""winner_xfg_feature_mask"", ""target_nodes"": [91], ""removed_edges"": [], ""added_edges"": [], ""details"": ""remapped winner-XFG node 91 from source line 91 to neutral line 3""}, {""step"": 5, ""action"": ""winner_xfg_feature_mask"", ""target_nodes"": [41], ""removed_edges"": [], ""added_edges"": [], ""details"": ""remapped winner-XFG node 41 from source line 41 to neutral line 3""}]",
devign__18_vulnerable_mpeg1_decode_sequence,targeted_subgraph_injection,1,mpeg1_decode_sequence,1,0,success,1,0,True,True,0.8990591764450073,0.1804107427597046,-0.7186484336853027,59,62,3,149,153,4,55,55,array,115,17,17,winner_xfg,1,205.52120700040177,"[{""step"": 1, ""action"": ""targeted_subgraph_injection"", ""target_nodes"": [111, -1, -2, -3, 115], ""removed_edges"": [], ""added_edges"": [[111, -1, ""d""], [-1, -2, ""d""], [-2, -3, ""c""], [-3, 115, ""d""]], ""details"": ""injected a three-node neutral-feature motif around winner key line 115""}]",
devign__18_vulnerable_mpeg1_decode_sequence,targeted_subgraph_injection,3,mpeg1_decode_sequence,1,0,success,1,1,False,False,0.8990591764450073,0.9738003015518188,0.07474112510681152,59,68,9,149,161,12,55,55,array,115,17,17,winner_xfg,3,201.99231300011888,"[{""step"": 1, ""action"": ""targeted_subgraph_injection"", ""target_nodes"": [111, -1, -2, -3, 115], ""removed_edges"": [], ""added_edges"": [[111, -1, ""d""], [-1, -2, ""d""], [-2, -3, ""c""], [-3, 115, ""d""]], ""details"": ""injected a three-node neutral-feature motif around winner key line 115""}, {""step"": 2, ""action"": ""targeted_subgraph_injection"", ""target_nodes"": [111, -4, -5, -6, 115], ""removed_edges"": [], ""added_edges"": [[111, -4, ""d""], [-4, -5, ""d""], [-5, -6, ""c""], [-6, 115, ""d""]], ""details"": ""injected a three-node neutral-feature motif around winner key line 115""}, {""step"": 3, ""action"": ""targeted_subgraph_injection"", ""target_nodes"": [111, -7, -8, -9, 115], ""removed_edges"": [], ""added_edges"": [[111, -7, ""d""], [-7, -8, ""d""], [-8, -9, ""c""], [-9, 115, ""d""]], ""details"": ""injected a three-node neutral-feature motif around winner key line 115""}]",
devign__18_vulnerable_mpeg1_decode_sequence,targeted_subgraph_injection,5,mpeg1_decode_sequence,1,0,success,1,1,False,False,0.8990591764450073,0.6707639694213867,-0.2282952070236206,59,74,15,149,169,20,55,55,array,115,17,17,winner_xfg,5,205.77729699971314,"[{""step"": 1, ""action"": ""targeted_subgraph_injection"", ""target_nodes"": [111, -1, -2, -3, 115], ""removed_edges"": [], ""added_edges"": [[111, -1, ""d""], [-1, -2, ""d""], [-2, -3, ""c""], [-3, 115, ""d""]], ""details"": ""injected a three-node neutral-feature motif around winner key line 115""}, {""step"": 2, ""action"": ""targeted_subgraph_injection"", ""target_nodes"": [111, -4, -5, -6, 115], ""removed_edges"": [], ""added_edges"": [[111, -4, ""d""], [-4, -5, ""d""], [-5, -6, ""c""], [-6, 115, ""d""]], ""details"": ""injected a three-node neutral-feature motif around winner key line 115""}, {""step"": 3, ""action"": ""targeted_subgraph_injection"", ""target_nodes"": [111, -7, -8, -9, 115], ""removed_edges"": [], ""added_edges"": [[111, -7, ""d""], [-7, -8, ""d""], [-8, -9, ""c""], [-9, 115, ""d""]], ""details"": ""injected a three-node neutral-feature motif around winner key line 115""}, {""step"": 4, ""action"": ""targeted_subgraph_injection"", ""target_nodes"": [111, -10, -11, -12, 115], ""removed_edges"": [], ""added_edges"": [[111, -10, ""d""], [-10, -11, ""d""], [-11, -12, ""c""], [-12, 115, ""d""]], ""details"": ""injected a three-node neutral-feature motif around winner key line 115""}, {""step"": 5, ""action"": ""targeted_subgraph_injection"", ""target_nodes"": [111, -13, -14, -15, 115], ""removed_edges"": [], ""added_edges"": [[111, -13, ""d""], [-13, -14, ""d""], [-14, -15, ""c""], [-15, 115, ""d""]], ""details"": ""injected a three-node neutral-feature motif around winner key line 115""}]",
devign__19_non_vulnerable_const_char_get_feature_xml,winner_xfg_edge_attack,1,unknown,0,1,success,0,0,False,False,3.863283927785233e-05,0.0003179392369929701,0.0002793063977151178,27,27,0,47,48,1,13,13,call,29,24,24,winner_xfg,1,75.90838799978883,"[{""step"": 1, ""action"": ""winner_xfg_edge_attack"", ""target_nodes"": [33, 29], ""removed_edges"": [], ""added_edges"": [[33, 29, ""d""]], ""details"": ""bridged winner-XFG d edge 33->29 to increase the vulnerable score""}]",
devign__19_non_vulnerable_const_char_get_feature_xml,winner_xfg_edge_attack,3,unknown,0,1,success,0,0,False,False,3.863283927785233e-05,0.0029438564088195562,0.002905223569541704,27,27,0,47,50,3,13,13,call,29,24,24,winner_xfg,3,62.41680899984203,"[{""step"": 1, ""action"": ""winner_xfg_edge_attack"", ""target_nodes"": [33, 29], ""removed_edges"": [], ""added_edges"": [[33, 29, ""d""]], ""details"": ""bridged winner-XFG d edge 33->29 to increase the vulnerable score""}, {""step"": 2, ""action"": ""winner_xfg_edge_attack"", ""target_nodes"": [29, 21], ""removed_edges"": [], ""added_edges"": [[29, 21, ""d""]], ""details"": ""bridged winner-XFG d edge 29->21 to increase the vulnerable score""}, {""step"": 3, ""action"": ""winner_xfg_edge_attack"", ""target_nodes"": [71, 29], ""removed_edges"": [], ""added_edges"": [[71, 29, ""d""]], ""details"": ""bridged winner-XFG d edge 71->29 to increase the vulnerable score""}]",
devign__19_non_vulnerable_const_char_get_feature_xml,winner_xfg_edge_attack,5,unknown,0,1,success,0,0,False,False,3.863283927785233e-05,0.003605644451454282,0.0035670116121764295,27,27,0,47,52,5,13,13,call,29,24,24,winner_xfg,5,60.51782099984848,"[{""step"": 1, ""action"": ""winner_xfg_edge_attack"", ""target_nodes"": [33, 29], ""removed_edges"": [], ""added_edges"": [[33, 29, ""d""]], ""details"": ""bridged winner-XFG d edge 33->29 to increase the vulnerable score""}, {""step"": 2, ""action"": ""winner_xfg_edge_attack"", ""target_nodes"": [29, 21], ""removed_edges"": [], ""added_edges"": [[29, 21, ""d""]], ""details"": ""bridged winner-XFG d edge 29->21 to increase the vulnerable score""}, {""step"": 3, ""action"": ""winner_xfg_edge_attack"", ""target_nodes"": [71, 29], ""removed_edges"": [], ""added_edges"": [[71, 29, ""d""]], ""details"": ""bridged winner-XFG d edge 71->29 to increase the vulnerable score""}, {""step"": 4, ""action"": ""winner_xfg_edge_attack"", ""target_nodes"": [29, 1], ""removed_edges"": [], ""added_edges"": [[29, 1, ""d""]], ""details"": ""bridged winner-XFG d edge 29->1 to increase the vulnerable score""}, {""step"": 5, ""action"": ""winner_xfg_edge_attack"", ""target_nodes"": [29, 17], ""removed_edges"": [], ""added_edges"": [[29, 17, ""d""]], ""details"": ""bridged winner-XFG d edge 29->17 to increase the vulnerable score""}]",
devign__19_non_vulnerable_const_char_get_feature_xml,winner_xfg_feature_mask,1,unknown,0,1,success,0,0,False,False,3.863283927785233e-05,6.764590216334909e-05,2.9013062885496765e-05,27,27,0,47,47,0,13,13,call,29,24,24,winner_xfg,1,64.0531290000581,"[{""step"": 1, ""action"": ""winner_xfg_feature_mask"", ""target_nodes"": [21], ""removed_edges"": [], ""added_edges"": [], ""details"": ""remapped winner-XFG node 21 from source line 21 to key-line line 29""}]",
devign__19_non_vulnerable_const_char_get_feature_xml,winner_xfg_feature_mask,3,unknown,0,1,success,0,0,False,False,3.863283927785233e-05,2.6887688363785855e-05,-1.1745150914066471e-05,27,27,0,47,47,0,13,13,call,29,24,24,winner_xfg,3,63.4343000001536,"[{""step"": 1, ""action"": ""winner_xfg_feature_mask"", ""target_nodes"": [21], ""removed_edges"": [], ""added_edges"": [], ""details"": ""remapped winner-XFG node 21 from source line 21 to key-line line 29""}, {""step"": 2, ""action"": ""winner_xfg_feature_mask"", ""target_nodes"": [71], ""removed_edges"": [], ""added_edges"": [], ""details"": ""remapped winner-XFG node 71 from source line 71 to key-line line 29""}, {""step"": 3, ""action"": ""winner_xfg_feature_mask"", ""target_nodes"": [1], ""removed_edges"": [], ""added_edges"": [], ""details"": ""remapped winner-XFG node 1 from source line 1 to key-line line 29""}]",
devign__19_non_vulnerable_const_char_get_feature_xml,winner_xfg_feature_mask,5,unknown,0,1,success,0,0,False,False,3.863283927785233e-05,0.001888035680167377,0.0018494028408895247,27,27,0,47,47,0,13,13,call,29,24,24,winner_xfg,5,65.75655699998606,"[{""step"": 1, ""action"": ""winner_xfg_feature_mask"", ""target_nodes"": [21], ""removed_edges"": [], ""added_edges"": [], ""details"": ""remapped winner-XFG node 21 from source line 21 to key-line line 29""}, {""step"": 2, ""action"": ""winner_xfg_feature_mask"", ""target_nodes"": [71], ""removed_edges"": [], ""added_edges"": [], ""details"": ""remapped winner-XFG node 71 from source line 71 to key-line line 29""}, {""step"": 3, ""action"": ""winner_xfg_feature_mask"", ""target_nodes"": [1], ""removed_edges"": [], ""added_edges"": [], ""details"": ""remapped winner-XFG node 1 from source line 1 to key-line line 29""}, {""step"": 4, ""action"": ""winner_xfg_feature_mask"", ""target_nodes"": [17], ""removed_edges"": [], ""added_edges"": [], ""details"": ""remapped winner-XFG node 17 from source line 17 to key-line line 29""}, {""step"": 5, ""action"": ""winner_xfg_feature_mask"", ""target_nodes"": [67], ""removed_edges"": [], ""added_edges"": [], ""details"": ""remapped winner-XFG node 67 from source line 67 to key-line line 29""}]",
devign__19_non_vulnerable_const_char_get_feature_xml,targeted_subgraph_injection,1,unknown,0,1,success,0,0,False,False,3.863283927785233e-05,0.00015347075532190502,0.00011483791604405269,27,30,3,47,51,4,13,13,call,29,24,24,winner_xfg,1,68.28811100012899,"[{""step"": 1, ""action"": ""targeted_subgraph_injection"", ""target_nodes"": [33, -1, -2, -3, 29], ""removed_edges"": [], ""added_edges"": [[33, -1, ""d""], [-1, -2, ""d""], [-2, -3, ""c""], [-3, 29, ""d""]], ""details"": ""injected a three-node key-line-feature motif around winner key line 29""}]",
devign__19_non_vulnerable_const_char_get_feature_xml,targeted_subgraph_injection,3,unknown,0,1,success,0,0,False,False,3.863283927785233e-05,9.754765051184222e-05,5.8914811233989894e-05,27,36,9,47,59,12,13,13,call,29,24,24,winner_xfg,3,69.09295700006624,"[{""step"": 1, ""action"": ""targeted_subgraph_injection"", ""target_nodes"": [33, -1, -2, -3, 29], ""removed_edges"": [], ""added_edges"": [[33, -1, ""d""], [-1, -2, ""d""], [-2, -3, ""c""], [-3, 29, ""d""]], ""details"": ""injected a three-node key-line-feature motif around winner key line 29""}, {""step"": 2, ""action"": ""targeted_subgraph_injection"", ""target_nodes"": [33, -4, -5, -6, 29], ""removed_edges"": [], ""added_edges"": [[33, -4, ""d""], [-4, -5, ""d""], [-5, -6, ""c""], [-6, 29, ""d""]], ""details"": ""injected a three-node key-line-feature motif around winner key line 29""}, {""step"": 3, ""action"": ""targeted_subgraph_injection"", ""target_nodes"": [33, -7, -8, -9, 29], ""removed_edges"": [], ""added_edges"": [[33, -7, ""d""], [-7, -8, ""d""], [-8, -9, ""c""], [-9, 29, ""d""]], ""details"": ""injected a three-node key-line-feature motif around winner key line 29""}]",
devign__19_non_vulnerable_const_char_get_feature_xml,targeted_subgraph_injection,5,unknown,0,1,success,0,0,False,False,3.863283927785233e-05,5.6599692470626906e-05,1.796685319277458e-05,27,42,15,47,67,20,13,13,call,29,24,24,winner_xfg,5,77.4387809997279,"[{""step"": 1, ""action"": ""targeted_subgraph_injection"", ""target_nodes"": [33, -1, -2, -3, 29], ""removed_edges"": [], ""added_edges"": [[33, -1, ""d""], [-1, -2, ""d""], [-2, -3, ""c""], [-3, 29, ""d""]], ""details"": ""injected a three-node key-line-feature motif around winner key line 29""}, {""step"": 2, ""action"": ""targeted_subgraph_injection"", ""target_nodes"": [33, -4, -5, -6, 29], ""removed_edges"": [], ""added_edges"": [[33, -4, ""d""], [-4, -5, ""d""], [-5, -6, ""c""], [-6, 29, ""d""]], ""details"": ""injected a three-node key-line-feature motif around winner key line 29""}, {""step"": 3, ""action"": ""targeted_subgraph_injection"", ""target_nodes"": [33, -7, -8, -9, 29], ""removed_edges"": [], ""added_edges"": [[33, -7, ""d""], [-7, -8, ""d""], [-8, -9, ""c""], [-9, 29, ""d""]], ""details"": ""injected a three-node key-line-feature motif around winner key line 29""}, {""step"": 4, ""action"": ""targeted_subgraph_injection"", ""target_nodes"": [33, -10, -11, -12, 29], ""removed_edges"": [], ""added_edges"": [[33, -10, ""d""], [-10, -11, ""d""], [-11, -12, ""c""], [-12, 29, ""d""]], ""details"": ""injected a three-node key-line-feature motif around winner key line 29""}, {""step"": 5, ""action"": ""targeted_subgraph_injection"", ""target_nodes"": [33, -13, -14, -15, 29], ""removed_edges"": [], ""added_edges"": [[33, -13, ""d""], [-13, -14, ""d""], [-14, -15, ""c""], [-15, 29, ""d""]], ""details"": ""injected a three-node key-line-feature motif around winner key line 29""}]",
devign__20_non_vulnerable_static_int_vfio_set_resample_eventfd,winner_xfg_edge_attack,1,vfio_set_resample_eventfd,0,1,success,0,0,False,False,0.11510657519102097,0.2028064876794815,0.08769991248846054,19,19,0,22,23,1,10,10,ptr,27,5,5,winner_xfg,1,57.744931999877736,"[{""step"": 1, ""action"": ""winner_xfg_edge_attack"", ""target_nodes"": [27, 17], ""removed_edges"": [], ""added_edges"": [[27, 17, ""d""]], ""details"": ""bridged winner-XFG d edge 27->17 to increase the vulnerable score""}]",
devign__20_non_vulnerable_static_int_vfio_set_resample_eventfd,winner_xfg_edge_attack,3,vfio_set_resample_eventfd,0,1,success,0,0,False,False,0.11510657519102097,0.09804356843233109,-0.01706300675868988,19,19,0,22,25,3,10,10,ptr,27,5,5,winner_xfg,3,61.74196399979337,"[{""step"": 1, ""action"": ""winner_xfg_edge_attack"", ""target_nodes"": [27, 17], ""removed_edges"": [], ""added_edges"": [[27, 17, ""d""]], ""details"": ""bridged winner-XFG d edge 27->17 to increase the vulnerable score""}, {""step"": 2, ""action"": ""winner_xfg_edge_attack"", ""target_nodes"": [27, 15], ""removed_edges"": [], ""added_edges"": [[27, 15, ""d""]], ""details"": ""bridged winner-XFG d edge 27->15 to increase the vulnerable score""}, {""step"": 3, ""action"": ""winner_xfg_edge_attack"", ""target_nodes"": [15, 27], ""removed_edges"": [], ""added_edges"": [[15, 27, ""d""]], ""details"": ""bridged winner-XFG d edge 15->27 to increase the vulnerable score""}]",
devign__20_non_vulnerable_static_int_vfio_set_resample_eventfd,winner_xfg_edge_attack,5,vfio_set_resample_eventfd,0,1,success,0,0,False,False,0.11510657519102097,0.043144796043634415,-0.07196177914738655,19,19,0,22,27,5,10,10,ptr,27,5,5,winner_xfg,5,57.6961729998402,"[{""step"": 1, ""action"": ""winner_xfg_edge_attack"", ""target_nodes"": [27, 17], ""removed_edges"": [], ""added_edges"": [[27, 17, ""d""]], ""details"": ""bridged winner-XFG d edge 27->17 to increase the vulnerable score""}, {""step"": 2, ""action"": ""winner_xfg_edge_attack"", ""target_nodes"": [27, 15], ""removed_edges"": [], ""added_edges"": [[27, 15, ""d""]], ""details"": ""bridged winner-XFG d edge 27->15 to increase the vulnerable score""}, {""step"": 3, ""action"": ""winner_xfg_edge_attack"", ""target_nodes"": [15, 27], ""removed_edges"": [], ""added_edges"": [[15, 27, ""d""]], ""details"": ""bridged winner-XFG d edge 15->27 to increase the vulnerable score""}, {""step"": 4, ""action"": ""winner_xfg_edge_attack"", ""target_nodes"": [27, 7], ""removed_edges"": [], ""added_edges"": [[27, 7, ""d""]], ""details"": ""bridged winner-XFG d edge 27->7 to increase the vulnerable score""}, {""step"": 5, ""action"": ""winner_xfg_edge_attack"", ""target_nodes"": [7, 27], ""removed_edges"": [], ""added_edges"": [[7, 27, ""d""]], ""details"": ""bridged winner-XFG d edge 7->27 to increase the vulnerable score""}]",
devign__20_non_vulnerable_static_int_vfio_set_resample_eventfd,winner_xfg_feature_mask,1,vfio_set_resample_eventfd,0,1,success,0,1,True,True,0.11510657519102097,0.7642817497253418,0.6491751745343208,19,19,0,22,22,0,10,10,ptr,27,5,5,winner_xfg,1,59.52145200035375,"[{""step"": 1, ""action"": ""winner_xfg_feature_mask"", ""target_nodes"": [17], ""removed_edges"": [], ""added_edges"": [], ""details"": ""remapped winner-XFG node 17 from source line 17 to key-line line 27""}]",
devign__20_non_vulnerable_static_int_vfio_set_resample_eventfd,winner_xfg_feature_mask,3,vfio_set_resample_eventfd,0,1,success,0,1,True,True,0.11510657519102097,0.5713962912559509,0.45628971606492996,19,19,0,22,22,0,10,10,ptr,27,5,5,winner_xfg,3,52.51960599980521,"[{""step"": 1, ""action"": ""winner_xfg_feature_mask"", ""target_nodes"": [17], ""removed_edges"": [], ""added_edges"": [], ""details"": ""remapped winner-XFG node 17 from source line 17 to key-line line 27""}, {""step"": 2, ""action"": ""winner_xfg_feature_mask"", ""target_nodes"": [7], ""removed_edges"": [], ""added_edges"": [], ""details"": ""remapped winner-XFG node 7 from source line 7 to key-line line 27""}, {""step"": 3, ""action"": ""winner_xfg_feature_mask"", ""target_nodes"": [11], ""removed_edges"": [], ""added_edges"": [], ""details"": ""remapped winner-XFG node 11 from source line 11 to key-line line 27""}]",
devign__20_non_vulnerable_static_int_vfio_set_resample_eventfd,winner_xfg_feature_mask,5,vfio_set_resample_eventfd,0,1,success,0,1,True,True,0.11510657519102097,0.5569068193435669,0.44180024415254593,19,19,0,22,22,0,10,10,ptr,27,5,5,winner_xfg,5,51.90945499998634,"[{""step"": 1, ""action"": ""winner_xfg_feature_mask"", ""target_nodes"": [17], ""removed_edges"": [], ""added_edges"": [], ""details"": ""remapped winner-XFG node 17 from source line 17 to key-line line 27""}, {""step"": 2, ""action"": ""winner_xfg_feature_mask"", ""target_nodes"": [7], ""removed_edges"": [], ""added_edges"": [], ""details"": ""remapped winner-XFG node 7 from source line 7 to key-line line 27""}, {""step"": 3, ""action"": ""winner_xfg_feature_mask"", ""target_nodes"": [11], ""removed_edges"": [], ""added_edges"": [], ""details"": ""remapped winner-XFG node 11 from source line 11 to key-line line 27""}, {""step"": 4, ""action"": ""winner_xfg_feature_mask"", ""target_nodes"": [37], ""removed_edges"": [], ""added_edges"": [], ""details"": ""remapped winner-XFG node 37 from source line 37 to key-line line 27""}, {""step"": 5, ""action"": ""winner_xfg_feature_mask"", ""target_nodes"": [1], ""removed_edges"": [], ""added_edges"": [], ""details"": ""remapped winner-XFG node 1 from source line 1 to key-line line 27""}]",
devign__20_non_vulnerable_static_int_vfio_set_resample_eventfd,targeted_subgraph_injection,1,vfio_set_resample_eventfd,0,1,success,0,1,True,True,0.11510657519102097,0.8048853278160095,0.6897787526249886,19,22,3,22,26,4,10,10,ptr,27,5,5,winner_xfg,1,52.16763699991134,"[{""step"": 1, ""action"": ""targeted_subgraph_injection"", ""target_nodes"": [17, -1, -2, -3, 27], ""removed_edges"": [], ""added_edges"": [[17, -1, ""d""], [-1, -2, ""d""], [-2, -3, ""c""], [-3, 27, ""d""]], ""details"": ""injected a three-node key-line-feature motif around winner key line 27""}]",
devign__20_non_vulnerable_static_int_vfio_set_resample_eventfd,targeted_subgraph_injection,3,vfio_set_resample_eventfd,0,1,success,0,1,True,True,0.11510657519102097,0.8451218008995056,0.7300152257084846,19,28,9,22,34,12,10,10,ptr,27,5,5,winner_xfg,3,52.458316999945964,"[{""step"": 1, ""action"": ""targeted_subgraph_injection"", ""target_nodes"": [17, -1, -2, -3, 27], ""removed_edges"": [], ""added_edges"": [[17, -1, ""d""], [-1, -2, ""d""], [-2, -3, ""c""], [-3, 27, ""d""]], ""details"": ""injected a three-node key-line-feature motif around winner key line 27""}, {""step"": 2, ""action"": ""targeted_subgraph_injection"", ""target_nodes"": [17, -4, -5, -6, 27], ""removed_edges"": [], ""added_edges"": [[17, -4, ""d""], [-4, -5, ""d""], [-5, -6, ""c""], [-6, 27, ""d""]], ""details"": ""injected a three-node key-line-feature motif around winner key line 27""}, {""step"": 3, ""action"": ""targeted_subgraph_injection"", ""target_nodes"": [17, -7, -8, -9, 27], ""removed_edges"": [], ""added_edges"": [[17, -7, ""d""], [-7, -8, ""d""], [-8, -9, ""c""], [-9, 27, ""d""]], ""details"": ""injected a three-node key-line-feature motif around winner key line 27""}]",
devign__20_non_vulnerable_static_int_vfio_set_resample_eventfd,targeted_subgraph_injection,5,vfio_set_resample_eventfd,0,1,success,0,1,True,True,0.11510657519102097,0.8540374636650085,0.7389308884739876,19,34,15,22,42,20,10,10,ptr,27,5,5,winner_xfg,5,52.59898100030114,"[{""step"": 1, ""action"": ""targeted_subgraph_injection"", ""target_nodes"": [17, -1, -2, -3, 27], ""removed_edges"": [], ""added_edges"": [[17, -1, ""d""], [-1, -2, ""d""], [-2, -3, ""c""], [-3, 27, ""d""]], ""details"": ""injected a three-node key-line-feature motif around winner key line 27""}, {""step"": 2, ""action"": ""targeted_subgraph_injection"", ""target_nodes"": [17, -4, -5, -6, 27], ""removed_edges"": [], ""added_edges"": [[17, -4, ""d""], [-4, -5, ""d""], [-5, -6, ""c""], [-6, 27, ""d""]], ""details"": ""injected a three-node key-line-feature motif around winner key line 27""}, {""step"": 3, ""action"": ""targeted_subgraph_injection"", ""target_nodes"": [17, -7, -8, -9, 27], ""removed_edges"": [], ""added_edges"": [[17, -7, ""d""], [-7, -8, ""d""], [-8, -9, ""c""], [-9, 27, ""d""]], ""details"": ""injected a three-node key-line-feature motif around winner key line 27""}, {""step"": 4, ""action"": ""targeted_subgraph_injection"", ""target_nodes"": [17, -10, -11, -12, 27], ""removed_edges"": [], ""added_edges"": [[17, -10, ""d""], [-10, -11, ""d""], [-11, -12, ""c""], [-12, 27, ""d""]], ""details"": ""injected a three-node key-line-feature motif around winner key line 27""}, {""step"": 5, ""action"": ""targeted_subgraph_injection"", ""target_nodes"": [17, -13, -14, -15, 27], ""removed_edges"": [], ""added_edges"": [[17, -13, ""d""], [-13, -14, ""d""], [-14, -15, ""c""], [-15, 27, ""d""]], ""details"": ""injected a three-node key-line-feature motif around winner key line 27""}]",
