sample_id,source_file,action,target_mode,winner_xfg_category,winner_xfg_key_line,winner_xfg_probability,targeted_source_lines,count,applied_count,generation_status,run_status,flipped,base_label,variant_label,base_probability,variant_probability,delta_probability,base_nodes,variant_nodes,delta_nodes,base_edges,variant_edges,delta_edges,baseline_run_dir,variant_run_dir,variant_file,notes,error
00_codexglue_devign_9763,C:\Users\weijt\Desktop\UNSW\COMP9900\project\capstone-project-26t2-9900-t17a-almond\input_sources\devign\00_codexglue_devign_9763.c,data_flow_alias,winner-xfg,arith,163,0.0005112718208692968,163,1,1,generated,ran,False,0,0,0.0005112718208692968,0.0005112718208692968,0.0,1152,1170,18,2411,2445,34,C:\Users\weijt\Desktop\UNSW\COMP9900\project\capstone-project-26t2-9900-t17a-almond\outputs\run_20260723_code_devign_winner_xfg_round1_retry1\runs\baseline\00_codexglue_devign_9763,C:\Users\weijt\Desktop\UNSW\COMP9900\project\capstone-project-26t2-9900-t17a-almond\outputs\run_20260723_code_devign_winner_xfg_round1_retry1\runs\perturbed\00_codexglue_devign_9763__data_flow_alias__c1,C:\Users\weijt\Desktop\UNSW\COMP9900\project\capstone-project-26t2-9900-t17a-almond\outputs\run_20260723_code_devign_winner_xfg_round1_retry1\sources\00_codexglue_devign_9763__data_flow_alias__c1.c,inserted 1 alias-preserving data-flow no-op(s) near call arguments nearest baseline winner-XFG key line 163,
00_codexglue_devign_9763,C:\Users\weijt\Desktop\UNSW\COMP9900\project\capstone-project-26t2-9900-t17a-almond\input_sources\devign\00_codexglue_devign_9763.c,data_flow_alias,winner-xfg,arith,163,0.0005112718208692968,"163,161",2,2,generated,ran,False,0,0,0.0005112718208692968,0.0005112718208692968,0.0,1152,1190,38,2411,2478,67,C:\Users\weijt\Desktop\UNSW\COMP9900\project\capstone-project-26t2-9900-t17a-almond\outputs\run_20260723_code_devign_winner_xfg_round1_retry1\runs\baseline\00_codexglue_devign_9763,C:\Users\weijt\Desktop\UNSW\COMP9900\project\capstone-project-26t2-9900-t17a-almond\outputs\run_20260723_code_devign_winner_xfg_round1_retry1\runs\perturbed\00_codexglue_devign_9763__data_flow_alias__c2,C:\Users\weijt\Desktop\UNSW\COMP9900\project\capstone-project-26t2-9900-t17a-almond\outputs\run_20260723_code_devign_winner_xfg_round1_retry1\sources\00_codexglue_devign_9763__data_flow_alias__c2.c,inserted 2 alias-preserving data-flow no-op(s) near call arguments nearest baseline winner-XFG key line 163,
00_codexglue_devign_9763,C:\Users\weijt\Desktop\UNSW\COMP9900\project\capstone-project-26t2-9900-t17a-almond\input_sources\devign\00_codexglue_devign_9763.c,data_flow_alias,winner-xfg,arith,163,0.0005112718208692968,"163,161,159",3,3,generated,ran,False,0,0,0.0005112718208692968,0.0005112718208692968,0.0,1152,1210,58,2411,2511,100,C:\Users\weijt\Desktop\UNSW\COMP9900\project\capstone-project-26t2-9900-t17a-almond\outputs\run_20260723_code_devign_winner_xfg_round1_retry1\runs\baseline\00_codexglue_devign_9763,C:\Users\weijt\Desktop\UNSW\COMP9900\project\capstone-project-26t2-9900-t17a-almond\outputs\run_20260723_code_devign_winner_xfg_round1_retry1\runs\perturbed\00_codexglue_devign_9763__data_flow_alias__c3,C:\Users\weijt\Desktop\UNSW\COMP9900\project\capstone-project-26t2-9900-t17a-almond\outputs\run_20260723_code_devign_winner_xfg_round1_retry1\sources\00_codexglue_devign_9763__data_flow_alias__c3.c,inserted 3 alias-preserving data-flow no-op(s) near call arguments nearest baseline winner-XFG key line 163,
00_codexglue_devign_9763,C:\Users\weijt\Desktop\UNSW\COMP9900\project\capstone-project-26t2-9900-t17a-almond\input_sources\devign\00_codexglue_devign_9763.c,data_flow_alias,winner-xfg,arith,163,0.0005112718208692968,"163,161,159,167,157",5,5,generated,ran,False,0,0,0.0005112718208692968,0.0005368013516999781,2.5529530830681324e-05,1152,1250,98,2411,2573,162,C:\Users\weijt\Desktop\UNSW\COMP9900\project\capstone-project-26t2-9900-t17a-almond\outputs\run_20260723_code_devign_winner_xfg_round1_retry1\runs\baseline\00_codexglue_devign_9763,C:\Users\weijt\Desktop\UNSW\COMP9900\project\capstone-project-26t2-9900-t17a-almond\outputs\run_20260723_code_devign_winner_xfg_round1_retry1\runs\perturbed\00_codexglue_devign_9763__data_flow_alias__c5,C:\Users\weijt\Desktop\UNSW\COMP9900\project\capstone-project-26t2-9900-t17a-almond\outputs\run_20260723_code_devign_winner_xfg_round1_retry1\sources\00_codexglue_devign_9763__data_flow_alias__c5.c,inserted 5 alias-preserving data-flow no-op(s) near call arguments nearest baseline winner-XFG key line 163,
00_codexglue_devign_9763,C:\Users\weijt\Desktop\UNSW\COMP9900\project\capstone-project-26t2-9900-t17a-almond\input_sources\devign\00_codexglue_devign_9763.c,dead_statement,winner-xfg,arith,163,0.0005112718208692968,163,1,1,generated,ran,False,0,0,0.0005112718208692968,0.0005112718208692968,0.0,1152,1164,12,2411,2434,23,C:\Users\weijt\Desktop\UNSW\COMP9900\project\capstone-project-26t2-9900-t17a-almond\outputs\run_20260723_code_devign_winner_xfg_round1_retry1\runs\baseline\00_codexglue_devign_9763,C:\Users\weijt\Desktop\UNSW\COMP9900\project\capstone-project-26t2-9900-t17a-almond\outputs\run_20260723_code_devign_winner_xfg_round1_retry1\runs\perturbed\00_codexglue_devign_9763__dead_statement__c1,C:\Users\weijt\Desktop\UNSW\COMP9900\project\capstone-project-26t2-9900-t17a-almond\outputs\run_20260723_code_devign_winner_xfg_round1_retry1\sources\00_codexglue_devign_9763__dead_statement__c1.c,inserted 1 harmless dummy integer statement pair(s) nearest baseline winner-XFG key line 163,
00_codexglue_devign_9763,C:\Users\weijt\Desktop\UNSW\COMP9900\project\capstone-project-26t2-9900-t17a-almond\input_sources\devign\00_codexglue_devign_9763.c,dead_statement,winner-xfg,arith,163,0.0005112718208692968,163,2,2,generated,ran,False,0,0,0.0005112718208692968,0.0005112718208692968,0.0,1152,1176,24,2411,2457,46,C:\Users\weijt\Desktop\UNSW\COMP9900\project\capstone-project-26t2-9900-t17a-almond\outputs\run_20260723_code_devign_winner_xfg_round1_retry1\runs\baseline\00_codexglue_devign_9763,C:\Users\weijt\Desktop\UNSW\COMP9900\project\capstone-project-26t2-9900-t17a-almond\outputs\run_20260723_code_devign_winner_xfg_round1_retry1\runs\perturbed\00_codexglue_devign_9763__dead_statement__c2,C:\Users\weijt\Desktop\UNSW\COMP9900\project\capstone-project-26t2-9900-t17a-almond\outputs\run_20260723_code_devign_winner_xfg_round1_retry1\sources\00_codexglue_devign_9763__dead_statement__c2.c,inserted 2 harmless dummy integer statement pair(s) nearest baseline winner-XFG key line 163,
00_codexglue_devign_9763,C:\Users\weijt\Desktop\UNSW\COMP9900\project\capstone-project-26t2-9900-t17a-almond\input_sources\devign\00_codexglue_devign_9763.c,dead_statement,winner-xfg,arith,163,0.0005112718208692968,163,3,3,generated,ran,False,0,0,0.0005112718208692968,0.0005112718208692968,0.0,1152,1188,36,2411,2480,69,C:\Users\weijt\Desktop\UNSW\COMP9900\project\capstone-project-26t2-9900-t17a-almond\outputs\run_20260723_code_devign_winner_xfg_round1_retry1\runs\baseline\00_codexglue_devign_9763,C:\Users\weijt\Desktop\UNSW\COMP9900\project\capstone-project-26t2-9900-t17a-almond\outputs\run_20260723_code_devign_winner_xfg_round1_retry1\runs\perturbed\00_codexglue_devign_9763__dead_statement__c3,C:\Users\weijt\Desktop\UNSW\COMP9900\project\capstone-project-26t2-9900-t17a-almond\outputs\run_20260723_code_devign_winner_xfg_round1_retry1\sources\00_codexglue_devign_9763__dead_statement__c3.c,inserted 3 harmless dummy integer statement pair(s) nearest baseline winner-XFG key line 163,
00_codexglue_devign_9763,C:\Users\weijt\Desktop\UNSW\COMP9900\project\capstone-project-26t2-9900-t17a-almond\input_sources\devign\00_codexglue_devign_9763.c,dead_statement,winner-xfg,arith,163,0.0005112718208692968,163,5,5,generated,ran,False,0,0,0.0005112718208692968,0.0005112718208692968,0.0,1152,1212,60,2411,2526,115,C:\Users\weijt\Desktop\UNSW\COMP9900\project\capstone-project-26t2-9900-t17a-almond\outputs\run_20260723_code_devign_winner_xfg_round1_retry1\runs\baseline\00_codexglue_devign_9763,C:\Users\weijt\Desktop\UNSW\COMP9900\project\capstone-project-26t2-9900-t17a-almond\outputs\run_20260723_code_devign_winner_xfg_round1_retry1\runs\perturbed\00_codexglue_devign_9763__dead_statement__c5,C:\Users\weijt\Desktop\UNSW\COMP9900\project\capstone-project-26t2-9900-t17a-almond\outputs\run_20260723_code_devign_winner_xfg_round1_retry1\sources\00_codexglue_devign_9763__dead_statement__c5.c,inserted 5 harmless dummy integer statement pair(s) nearest baseline winner-XFG key line 163,
00_codexglue_devign_9763,C:\Users\weijt\Desktop\UNSW\COMP9900\project\capstone-project-26t2-9900-t17a-almond\input_sources\devign\00_codexglue_devign_9763.c,xfg_targeted_dead_code,winner-xfg,arith,163,0.0005112718208692968,163,1,1,generated,ran,False,0,0,0.0005112718208692968,0.0005112718208692968,0.0,1152,1168,16,2411,2443,32,C:\Users\weijt\Desktop\UNSW\COMP9900\project\capstone-project-26t2-9900-t17a-almond\outputs\run_20260723_code_devign_winner_xfg_round1_retry1\runs\baseline\00_codexglue_devign_9763,C:\Users\weijt\Desktop\UNSW\COMP9900\project\capstone-project-26t2-9900-t17a-almond\outputs\run_20260723_code_devign_winner_xfg_round1_retry1\runs\perturbed\00_codexglue_devign_9763__xfg_targeted_dead_code__c1,C:\Users\weijt\Desktop\UNSW\COMP9900\project\capstone-project-26t2-9900-t17a-almond\outputs\run_20260723_code_devign_winner_xfg_round1_retry1\sources\00_codexglue_devign_9763__xfg_targeted_dead_code__c1.c,inserted 1 unreachable no-op block(s) near XFG-relevant target lines nearest baseline winner-XFG key line 163,
00_codexglue_devign_9763,C:\Users\weijt\Desktop\UNSW\COMP9900\project\capstone-project-26t2-9900-t17a-almond\input_sources\devign\00_codexglue_devign_9763.c,xfg_targeted_dead_code,winner-xfg,arith,163,0.0005112718208692968,"163,173",2,2,generated,ran,False,0,0,0.0005112718208692968,0.0005112718208692968,0.0,1152,1184,32,2411,2475,64,C:\Users\weijt\Desktop\UNSW\COMP9900\project\capstone-project-26t2-9900-t17a-almond\outputs\run_20260723_code_devign_winner_xfg_round1_retry1\runs\baseline\00_codexglue_devign_9763,C:\Users\weijt\Desktop\UNSW\COMP9900\project\capstone-project-26t2-9900-t17a-almond\outputs\run_20260723_code_devign_winner_xfg_round1_retry1\runs\perturbed\00_codexglue_devign_9763__xfg_targeted_dead_code__c2,C:\Users\weijt\Desktop\UNSW\COMP9900\project\capstone-project-26t2-9900-t17a-almond\outputs\run_20260723_code_devign_winner_xfg_round1_retry1\sources\00_codexglue_devign_9763__xfg_targeted_dead_code__c2.c,inserted 2 unreachable no-op block(s) near XFG-relevant target lines nearest baseline winner-XFG key line 163,
00_codexglue_devign_9763,C:\Users\weijt\Desktop\UNSW\COMP9900\project\capstone-project-26t2-9900-t17a-almond\input_sources\devign\00_codexglue_devign_9763.c,xfg_targeted_dead_code,winner-xfg,arith,163,0.0005112718208692968,"163,173,179",3,3,generated,ran,False,0,0,0.0005112718208692968,0.0005112718208692968,0.0,1152,1200,48,2411,2507,96,C:\Users\weijt\Desktop\UNSW\COMP9900\project\capstone-project-26t2-9900-t17a-almond\outputs\run_20260723_code_devign_winner_xfg_round1_retry1\runs\baseline\00_codexglue_devign_9763,C:\Users\weijt\Desktop\UNSW\COMP9900\project\capstone-project-26t2-9900-t17a-almond\outputs\run_20260723_code_devign_winner_xfg_round1_retry1\runs\perturbed\00_codexglue_devign_9763__xfg_targeted_dead_code__c3,C:\Users\weijt\Desktop\UNSW\COMP9900\project\capstone-project-26t2-9900-t17a-almond\outputs\run_20260723_code_devign_winner_xfg_round1_retry1\sources\00_codexglue_devign_9763__xfg_targeted_dead_code__c3.c,inserted 3 unreachable no-op block(s) near XFG-relevant target lines nearest baseline winner-XFG key line 163,
00_codexglue_devign_9763,C:\Users\weijt\Desktop\UNSW\COMP9900\project\capstone-project-26t2-9900-t17a-almond\input_sources\devign\00_codexglue_devign_9763.c,xfg_targeted_dead_code,winner-xfg,arith,163,0.0005112718208692968,"163,173,179,183,191",5,5,generated,ran,False,0,0,0.0005112718208692968,0.0005112718208692968,0.0,1152,1232,80,2411,2572,161,C:\Users\weijt\Desktop\UNSW\COMP9900\project\capstone-project-26t2-9900-t17a-almond\outputs\run_20260723_code_devign_winner_xfg_round1_retry1\runs\baseline\00_codexglue_devign_9763,C:\Users\weijt\Desktop\UNSW\COMP9900\project\capstone-project-26t2-9900-t17a-almond\outputs\run_20260723_code_devign_winner_xfg_round1_retry1\runs\perturbed\00_codexglue_devign_9763__xfg_targeted_dead_code__c5,C:\Users\weijt\Desktop\UNSW\COMP9900\project\capstone-project-26t2-9900-t17a-almond\outputs\run_20260723_code_devign_winner_xfg_round1_retry1\sources\00_codexglue_devign_9763__xfg_targeted_dead_code__c5.c,inserted 5 unreachable no-op block(s) near XFG-relevant target lines nearest baseline winner-XFG key line 163,
00_codexglue_devign_9763,C:\Users\weijt\Desktop\UNSW\COMP9900\project\capstone-project-26t2-9900-t17a-almond\input_sources\devign\00_codexglue_devign_9763.c,range_clamp,winner-xfg,arith,163,0.0005112718208692968,243,1,1,generated,ran,False,0,0,0.0005112718208692968,0.0005112718208692968,0.0,1152,1182,30,2411,2481,70,C:\Users\weijt\Desktop\UNSW\COMP9900\project\capstone-project-26t2-9900-t17a-almond\outputs\run_20260723_code_devign_winner_xfg_round1_retry1\runs\baseline\00_codexglue_devign_9763,C:\Users\weijt\Desktop\UNSW\COMP9900\project\capstone-project-26t2-9900-t17a-almond\outputs\run_20260723_code_devign_winner_xfg_round1_retry1\runs\perturbed\00_codexglue_devign_9763__range_clamp__c1,C:\Users\weijt\Desktop\UNSW\COMP9900\project\capstone-project-26t2-9900-t17a-almond\outputs\run_20260723_code_devign_winner_xfg_round1_retry1\sources\00_codexglue_devign_9763__range_clamp__c1.c,clamped 1 sensitive sink size/count argument(s) through bounded local variables nearest baseline winner-XFG key line 163,
00_codexglue_devign_9763,C:\Users\weijt\Desktop\UNSW\COMP9900\project\capstone-project-26t2-9900-t17a-almond\input_sources\devign\00_codexglue_devign_9763.c,range_clamp,winner-xfg,arith,163,0.0005112718208692968,"243,249",2,2,generated,ran,False,0,0,0.0005112718208692968,0.0005112718208692968,0.0,1152,1212,60,2411,2549,138,C:\Users\weijt\Desktop\UNSW\COMP9900\project\capstone-project-26t2-9900-t17a-almond\outputs\run_20260723_code_devign_winner_xfg_round1_retry1\runs\baseline\00_codexglue_devign_9763,C:\Users\weijt\Desktop\UNSW\COMP9900\project\capstone-project-26t2-9900-t17a-almond\outputs\run_20260723_code_devign_winner_xfg_round1_retry1\runs\perturbed\00_codexglue_devign_9763__range_clamp__c2,C:\Users\weijt\Desktop\UNSW\COMP9900\project\capstone-project-26t2-9900-t17a-almond\outputs\run_20260723_code_devign_winner_xfg_round1_retry1\sources\00_codexglue_devign_9763__range_clamp__c2.c,clamped 2 sensitive sink size/count argument(s) through bounded local variables nearest baseline winner-XFG key line 163,
00_codexglue_devign_9763,C:\Users\weijt\Desktop\UNSW\COMP9900\project\capstone-project-26t2-9900-t17a-almond\input_sources\devign\00_codexglue_devign_9763.c,range_clamp,winner-xfg,arith,163,0.0005112718208692968,"243,249,253",3,3,generated,ran,False,0,0,0.0005112718208692968,0.0005112718208692968,0.0,1152,1242,90,2411,2617,206,C:\Users\weijt\Desktop\UNSW\COMP9900\project\capstone-project-26t2-9900-t17a-almond\outputs\run_20260723_code_devign_winner_xfg_round1_retry1\runs\baseline\00_codexglue_devign_9763,C:\Users\weijt\Desktop\UNSW\COMP9900\project\capstone-project-26t2-9900-t17a-almond\outputs\run_20260723_code_devign_winner_xfg_round1_retry1\runs\perturbed\00_codexglue_devign_9763__range_clamp__c3,C:\Users\weijt\Desktop\UNSW\COMP9900\project\capstone-project-26t2-9900-t17a-almond\outputs\run_20260723_code_devign_winner_xfg_round1_retry1\sources\00_codexglue_devign_9763__range_clamp__c3.c,clamped 3 sensitive sink size/count argument(s) through bounded local variables nearest baseline winner-XFG key line 163,
00_codexglue_devign_9763,C:\Users\weijt\Desktop\UNSW\COMP9900\project\capstone-project-26t2-9900-t17a-almond\input_sources\devign\00_codexglue_devign_9763.c,range_clamp,winner-xfg,arith,163,0.0005112718208692968,"243,249,253",5,3,partial,run_partial,False,0,0,0.0005112718208692968,0.0005112718208692968,0.0,1152,1242,90,2411,2617,206,C:\Users\weijt\Desktop\UNSW\COMP9900\project\capstone-project-26t2-9900-t17a-almond\outputs\run_20260723_code_devign_winner_xfg_round1_retry1\runs\baseline\00_codexglue_devign_9763,C:\Users\weijt\Desktop\UNSW\COMP9900\project\capstone-project-26t2-9900-t17a-almond\outputs\run_20260723_code_devign_winner_xfg_round1_retry1\runs\perturbed\00_codexglue_devign_9763__range_clamp__c5,C:\Users\weijt\Desktop\UNSW\COMP9900\project\capstone-project-26t2-9900-t17a-almond\outputs\run_20260723_code_devign_winner_xfg_round1_retry1\sources\00_codexglue_devign_9763__range_clamp__c5.c,clamped 3 sensitive sink size/count argument(s) through bounded local variables nearest baseline winner-XFG key line 163,
00_codexglue_devign_9763,C:\Users\weijt\Desktop\UNSW\COMP9900\project\capstone-project-26t2-9900-t17a-almond\input_sources\devign\00_codexglue_devign_9763.c,safe_source_substitution,winner-xfg,arith,163,0.0005112718208692968,,1,0,skipped,ran,,,,,,,,,,,,,C:\Users\weijt\Desktop\UNSW\COMP9900\project\capstone-project-26t2-9900-t17a-almond\outputs\run_20260723_code_devign_winner_xfg_round1_retry1\runs\baseline\00_codexglue_devign_9763,,,no nested pointer dereference source found,
00_codexglue_devign_9763,C:\Users\weijt\Desktop\UNSW\COMP9900\project\capstone-project-26t2-9900-t17a-almond\input_sources\devign\00_codexglue_devign_9763.c,sink_bound_guard,winner-xfg,arith,163,0.0005112718208692968,243,1,1,generated,ran,False,0,0,0.0005112718208692968,0.0005112718208692968,0.0,1152,1162,10,2411,2432,21,C:\Users\weijt\Desktop\UNSW\COMP9900\project\capstone-project-26t2-9900-t17a-almond\outputs\run_20260723_code_devign_winner_xfg_round1_retry1\runs\baseline\00_codexglue_devign_9763,C:\Users\weijt\Desktop\UNSW\COMP9900\project\capstone-project-26t2-9900-t17a-almond\outputs\run_20260723_code_devign_winner_xfg_round1_retry1\runs\perturbed\00_codexglue_devign_9763__sink_bound_guard__c1,C:\Users\weijt\Desktop\UNSW\COMP9900\project\capstone-project-26t2-9900-t17a-almond\outputs\run_20260723_code_devign_winner_xfg_round1_retry1\sources\00_codexglue_devign_9763__sink_bound_guard__c1.c,inserted 1 early-return bound guard(s) before sensitive sink calls nearest baseline winner-XFG key line 163,
00_codexglue_devign_9763,C:\Users\weijt\Desktop\UNSW\COMP9900\project\capstone-project-26t2-9900-t17a-almond\input_sources\devign\00_codexglue_devign_9763.c,sink_bound_guard,winner-xfg,arith,163,0.0005112718208692968,"243,249",2,2,generated,ran,False,0,0,0.0005112718208692968,0.0005112718208692968,0.0,1152,1172,20,2411,2455,44,C:\Users\weijt\Desktop\UNSW\COMP9900\project\capstone-project-26t2-9900-t17a-almond\outputs\run_20260723_code_devign_winner_xfg_round1_retry1\runs\baseline\00_codexglue_devign_9763,C:\Users\weijt\Desktop\UNSW\COMP9900\project\capstone-project-26t2-9900-t17a-almond\outputs\run_20260723_code_devign_winner_xfg_round1_retry1\runs\perturbed\00_codexglue_devign_9763__sink_bound_guard__c2,C:\Users\weijt\Desktop\UNSW\COMP9900\project\capstone-project-26t2-9900-t17a-almond\outputs\run_20260723_code_devign_winner_xfg_round1_retry1\sources\00_codexglue_devign_9763__sink_bound_guard__c2.c,inserted 2 early-return bound guard(s) before sensitive sink calls nearest baseline winner-XFG key line 163,
00_codexglue_devign_9763,C:\Users\weijt\Desktop\UNSW\COMP9900\project\capstone-project-26t2-9900-t17a-almond\input_sources\devign\00_codexglue_devign_9763.c,sink_bound_guard,winner-xfg,arith,163,0.0005112718208692968,"243,249,253",3,3,generated,ran,False,0,0,0.0005112718208692968,0.0005112718208692968,0.0,1152,1182,30,2411,2476,65,C:\Users\weijt\Desktop\UNSW\COMP9900\project\capstone-project-26t2-9900-t17a-almond\outputs\run_20260723_code_devign_winner_xfg_round1_retry1\runs\baseline\00_codexglue_devign_9763,C:\Users\weijt\Desktop\UNSW\COMP9900\project\capstone-project-26t2-9900-t17a-almond\outputs\run_20260723_code_devign_winner_xfg_round1_retry1\runs\perturbed\00_codexglue_devign_9763__sink_bound_guard__c3,C:\Users\weijt\Desktop\UNSW\COMP9900\project\capstone-project-26t2-9900-t17a-almond\outputs\run_20260723_code_devign_winner_xfg_round1_retry1\sources\00_codexglue_devign_9763__sink_bound_guard__c3.c,inserted 3 early-return bound guard(s) before sensitive sink calls nearest baseline winner-XFG key line 163,
00_codexglue_devign_9763,C:\Users\weijt\Desktop\UNSW\COMP9900\project\capstone-project-26t2-9900-t17a-almond\input_sources\devign\00_codexglue_devign_9763.c,sink_bound_guard,winner-xfg,arith,163,0.0005112718208692968,"243,249,253",5,3,partial,run_partial,False,0,0,0.0005112718208692968,0.0005112718208692968,0.0,1152,1182,30,2411,2476,65,C:\Users\weijt\Desktop\UNSW\COMP9900\project\capstone-project-26t2-9900-t17a-almond\outputs\run_20260723_code_devign_winner_xfg_round1_retry1\runs\baseline\00_codexglue_devign_9763,C:\Users\weijt\Desktop\UNSW\COMP9900\project\capstone-project-26t2-9900-t17a-almond\outputs\run_20260723_code_devign_winner_xfg_round1_retry1\runs\perturbed\00_codexglue_devign_9763__sink_bound_guard__c5,C:\Users\weijt\Desktop\UNSW\COMP9900\project\capstone-project-26t2-9900-t17a-almond\outputs\run_20260723_code_devign_winner_xfg_round1_retry1\sources\00_codexglue_devign_9763__sink_bound_guard__c5.c,inserted 3 early-return bound guard(s) before sensitive sink calls nearest baseline winner-XFG key line 163,
00_codexglue_devign_9763,C:\Users\weijt\Desktop\UNSW\COMP9900\project\capstone-project-26t2-9900-t17a-almond\input_sources\devign\00_codexglue_devign_9763.c,postcondition_validation,winner-xfg,arith,163,0.0005112718208692968,,1,0,skipped,target_unavailable,,,,,,,,,,,,,C:\Users\weijt\Desktop\UNSW\COMP9900\project\capstone-project-26t2-9900-t17a-almond\outputs\run_20260723_code_devign_winner_xfg_round1_retry1\runs\baseline\00_codexglue_devign_9763,,,action postcondition_validation has no winner-XFG-local implementation,action postcondition_validation has no winner-XFG-local implementation
00_codexglue_devign_9763,C:\Users\weijt\Desktop\UNSW\COMP9900\project\capstone-project-26t2-9900-t17a-almond\input_sources\devign\00_codexglue_devign_9763.c,integer_overflow_guard,winner-xfg,arith,163,0.0005112718208692968,,1,0,skipped,ran,,,,,,,,,,,,,C:\Users\weijt\Desktop\UNSW\COMP9900\project\capstone-project-26t2-9900-t17a-almond\outputs\run_20260723_code_devign_winner_xfg_round1_retry1\runs\baseline\00_codexglue_devign_9763,,,no allocation size addition or multiplication expression found,
00_codexglue_devign_9763,C:\Users\weijt\Desktop\UNSW\COMP9900\project\capstone-project-26t2-9900-t17a-almond\input_sources\devign\00_codexglue_devign_9763.c,array_index_bound_guard,winner-xfg,arith,163,0.0005112718208692968,,1,0,skipped,ran,,,,,,,,,,,,,C:\Users\weijt\Desktop\UNSW\COMP9900\project\capstone-project-26t2-9900-t17a-almond\outputs\run_20260723_code_devign_winner_xfg_round1_retry1\runs\baseline\00_codexglue_devign_9763,,,no array write found for index bound guard,
00_codexglue_devign_9763,C:\Users\weijt\Desktop\UNSW\COMP9900\project\capstone-project-26t2-9900-t17a-almond\input_sources\devign\00_codexglue_devign_9763.c,wide_char_sink_guard,winner-xfg,arith,163,0.0005112718208692968,,1,0,skipped,ran,,,,,,,,,,,,,C:\Users\weijt\Desktop\UNSW\COMP9900\project\capstone-project-26t2-9900-t17a-almond\outputs\run_20260723_code_devign_winner_xfg_round1_retry1\runs\baseline\00_codexglue_devign_9763,,,no wcscat/wcscpy wide-character sink found,
00_codexglue_devign_9763,C:\Users\weijt\Desktop\UNSW\COMP9900\project\capstone-project-26t2-9900-t17a-almond\input_sources\devign\00_codexglue_devign_9763.c,pattern_dead_code,winner-xfg,arith,163,0.0005112718208692968,163,1,1,generated,ran,False,0,0,0.0005112718208692968,0.0005112718208692968,0.0,1152,1207,55,2411,2505,94,C:\Users\weijt\Desktop\UNSW\COMP9900\project\capstone-project-26t2-9900-t17a-almond\outputs\run_20260723_code_devign_winner_xfg_round1_retry1\runs\baseline\00_codexglue_devign_9763,C:\Users\weijt\Desktop\UNSW\COMP9900\project\capstone-project-26t2-9900-t17a-almond\outputs\run_20260723_code_devign_winner_xfg_round1_retry1\runs\perturbed\00_codexglue_devign_9763__pattern_dead_code__c1,C:\Users\weijt\Desktop\UNSW\COMP9900\project\capstone-project-26t2-9900-t17a-almond\outputs\run_20260723_code_devign_winner_xfg_round1_retry1\sources\00_codexglue_devign_9763__pattern_dead_code__c1.c,inserted 1 unreachable pointer/array/length pattern block(s) near sensitive or structural lines nearest baseline winner-XFG key line 163,
00_codexglue_devign_9763,C:\Users\weijt\Desktop\UNSW\COMP9900\project\capstone-project-26t2-9900-t17a-almond\input_sources\devign\00_codexglue_devign_9763.c,pattern_dead_code,winner-xfg,arith,163,0.0005112718208692968,"163,173",2,2,generated,ran,False,0,0,0.0005112718208692968,0.0005112718208692968,0.0,1152,1262,110,2411,2599,188,C:\Users\weijt\Desktop\UNSW\COMP9900\project\capstone-project-26t2-9900-t17a-almond\outputs\run_20260723_code_devign_winner_xfg_round1_retry1\runs\baseline\00_codexglue_devign_9763,C:\Users\weijt\Desktop\UNSW\COMP9900\project\capstone-project-26t2-9900-t17a-almond\outputs\run_20260723_code_devign_winner_xfg_round1_retry1\runs\perturbed\00_codexglue_devign_9763__pattern_dead_code__c2,C:\Users\weijt\Desktop\UNSW\COMP9900\project\capstone-project-26t2-9900-t17a-almond\outputs\run_20260723_code_devign_winner_xfg_round1_retry1\sources\00_codexglue_devign_9763__pattern_dead_code__c2.c,inserted 2 unreachable pointer/array/length pattern block(s) near sensitive or structural lines nearest baseline winner-XFG key line 163,
00_codexglue_devign_9763,C:\Users\weijt\Desktop\UNSW\COMP9900\project\capstone-project-26t2-9900-t17a-almond\input_sources\devign\00_codexglue_devign_9763.c,pattern_dead_code,winner-xfg,arith,163,0.0005112718208692968,"163,173,179",3,3,generated,ran,False,0,0,0.0005112718208692968,0.0005112718208692968,0.0,1152,1317,165,2411,2693,282,C:\Users\weijt\Desktop\UNSW\COMP9900\project\capstone-project-26t2-9900-t17a-almond\outputs\run_20260723_code_devign_winner_xfg_round1_retry1\runs\baseline\00_codexglue_devign_9763,C:\Users\weijt\Desktop\UNSW\COMP9900\project\capstone-project-26t2-9900-t17a-almond\outputs\run_20260723_code_devign_winner_xfg_round1_retry1\runs\perturbed\00_codexglue_devign_9763__pattern_dead_code__c3,C:\Users\weijt\Desktop\UNSW\COMP9900\project\capstone-project-26t2-9900-t17a-almond\outputs\run_20260723_code_devign_winner_xfg_round1_retry1\sources\00_codexglue_devign_9763__pattern_dead_code__c3.c,inserted 3 unreachable pointer/array/length pattern block(s) near sensitive or structural lines nearest baseline winner-XFG key line 163,
00_codexglue_devign_9763,C:\Users\weijt\Desktop\UNSW\COMP9900\project\capstone-project-26t2-9900-t17a-almond\input_sources\devign\00_codexglue_devign_9763.c,pattern_dead_code,winner-xfg,arith,163,0.0005112718208692968,"163,173,179,183,191",5,5,generated,ran,False,0,0,0.0005112718208692968,0.0005112718208692968,0.0,1152,1427,275,2411,2882,471,C:\Users\weijt\Desktop\UNSW\COMP9900\project\capstone-project-26t2-9900-t17a-almond\outputs\run_20260723_code_devign_winner_xfg_round1_retry1\runs\baseline\00_codexglue_devign_9763,C:\Users\weijt\Desktop\UNSW\COMP9900\project\capstone-project-26t2-9900-t17a-almond\outputs\run_20260723_code_devign_winner_xfg_round1_retry1\runs\perturbed\00_codexglue_devign_9763__pattern_dead_code__c5,C:\Users\weijt\Desktop\UNSW\COMP9900\project\capstone-project-26t2-9900-t17a-almond\outputs\run_20260723_code_devign_winner_xfg_round1_retry1\sources\00_codexglue_devign_9763__pattern_dead_code__c5.c,inserted 5 unreachable pointer/array/length pattern block(s) near sensitive or structural lines nearest baseline winner-XFG key line 163,
00_codexglue_devign_9763,C:\Users\weijt\Desktop\UNSW\COMP9900\project\capstone-project-26t2-9900-t17a-almond\input_sources\devign\00_codexglue_devign_9763.c,control_wrapper,winner-xfg,arith,163,0.0005112718208692968,163,1,1,generated,ran,False,0,0,0.0005112718208692968,0.0017688198713585734,0.0012575480504892766,1152,1156,4,2411,2419,8,C:\Users\weijt\Desktop\UNSW\COMP9900\project\capstone-project-26t2-9900-t17a-almond\outputs\run_20260723_code_devign_winner_xfg_round1_retry1\runs\baseline\00_codexglue_devign_9763,C:\Users\weijt\Desktop\UNSW\COMP9900\project\capstone-project-26t2-9900-t17a-almond\outputs\run_20260723_code_devign_winner_xfg_round1_retry1\runs\perturbed\00_codexglue_devign_9763__control_wrapper__c1,C:\Users\weijt\Desktop\UNSW\COMP9900\project\capstone-project-26t2-9900-t17a-almond\outputs\run_20260723_code_devign_winner_xfg_round1_retry1\sources\00_codexglue_devign_9763__control_wrapper__c1.c,wrapped 1 safe single-line statement(s) with if (1) blocks nearest baseline winner-XFG key line 163,
00_codexglue_devign_9763,C:\Users\weijt\Desktop\UNSW\COMP9900\project\capstone-project-26t2-9900-t17a-almond\input_sources\devign\00_codexglue_devign_9763.c,control_wrapper,winner-xfg,arith,163,0.0005112718208692968,"163,161",2,2,generated,ran,False,0,0,0.0005112718208692968,0.0005112718208692968,0.0,1152,1160,8,2411,2427,16,C:\Users\weijt\Desktop\UNSW\COMP9900\project\capstone-project-26t2-9900-t17a-almond\outputs\run_20260723_code_devign_winner_xfg_round1_retry1\runs\baseline\00_codexglue_devign_9763,C:\Users\weijt\Desktop\UNSW\COMP9900\project\capstone-project-26t2-9900-t17a-almond\outputs\run_20260723_code_devign_winner_xfg_round1_retry1\runs\perturbed\00_codexglue_devign_9763__control_wrapper__c2,C:\Users\weijt\Desktop\UNSW\COMP9900\project\capstone-project-26t2-9900-t17a-almond\outputs\run_20260723_code_devign_winner_xfg_round1_retry1\sources\00_codexglue_devign_9763__control_wrapper__c2.c,wrapped 2 safe single-line statement(s) with if (1) blocks nearest baseline winner-XFG key line 163,
00_codexglue_devign_9763,C:\Users\weijt\Desktop\UNSW\COMP9900\project\capstone-project-26t2-9900-t17a-almond\input_sources\devign\00_codexglue_devign_9763.c,control_wrapper,winner-xfg,arith,163,0.0005112718208692968,"163,161,171",3,3,generated,ran,False,0,0,0.0005112718208692968,0.0005112718208692968,0.0,1152,1164,12,2411,2435,24,C:\Users\weijt\Desktop\UNSW\COMP9900\project\capstone-project-26t2-9900-t17a-almond\outputs\run_20260723_code_devign_winner_xfg_round1_retry1\runs\baseline\00_codexglue_devign_9763,C:\Users\weijt\Desktop\UNSW\COMP9900\project\capstone-project-26t2-9900-t17a-almond\outputs\run_20260723_code_devign_winner_xfg_round1_retry1\runs\perturbed\00_codexglue_devign_9763__control_wrapper__c3,C:\Users\weijt\Desktop\UNSW\COMP9900\project\capstone-project-26t2-9900-t17a-almond\outputs\run_20260723_code_devign_winner_xfg_round1_retry1\sources\00_codexglue_devign_9763__control_wrapper__c3.c,wrapped 3 safe single-line statement(s) with if (1) blocks nearest baseline winner-XFG key line 163,
00_codexglue_devign_9763,C:\Users\weijt\Desktop\UNSW\COMP9900\project\capstone-project-26t2-9900-t17a-almond\input_sources\devign\00_codexglue_devign_9763.c,control_wrapper,winner-xfg,arith,163,0.0005112718208692968,"163,161,171,153,173",5,5,generated,ran,False,0,0,0.0005112718208692968,0.0,-0.0005112718208692968,1152,56,-1096,2411,100,-2311,C:\Users\weijt\Desktop\UNSW\COMP9900\project\capstone-project-26t2-9900-t17a-almond\outputs\run_20260723_code_devign_winner_xfg_round1_retry1\runs\baseline\00_codexglue_devign_9763,C:\Users\weijt\Desktop\UNSW\COMP9900\project\capstone-project-26t2-9900-t17a-almond\outputs\run_20260723_code_devign_winner_xfg_round1_retry1\runs\perturbed\00_codexglue_devign_9763__control_wrapper__c5,C:\Users\weijt\Desktop\UNSW\COMP9900\project\capstone-project-26t2-9900-t17a-almond\outputs\run_20260723_code_devign_winner_xfg_round1_retry1\sources\00_codexglue_devign_9763__control_wrapper__c5.c,wrapped 5 safe single-line statement(s) with if (1) blocks nearest baseline winner-XFG key line 163,
00_codexglue_devign_9763,C:\Users\weijt\Desktop\UNSW\COMP9900\project\capstone-project-26t2-9900-t17a-almond\input_sources\devign\00_codexglue_devign_9763.c,temp_variable_split,winner-xfg,arith,163,0.0005112718208692968,185,1,1,generated,ran,False,0,0,0.0005112718208692968,0.0005112718208692968,0.0,1152,1160,8,2411,2428,17,C:\Users\weijt\Desktop\UNSW\COMP9900\project\capstone-project-26t2-9900-t17a-almond\outputs\run_20260723_code_devign_winner_xfg_round1_retry1\runs\baseline\00_codexglue_devign_9763,C:\Users\weijt\Desktop\UNSW\COMP9900\project\capstone-project-26t2-9900-t17a-almond\outputs\run_20260723_code_devign_winner_xfg_round1_retry1\runs\perturbed\00_codexglue_devign_9763__temp_variable_split__c1,C:\Users\weijt\Desktop\UNSW\COMP9900\project\capstone-project-26t2-9900-t17a-almond\outputs\run_20260723_code_devign_winner_xfg_round1_retry1\sources\00_codexglue_devign_9763__temp_variable_split__c1.c,split 1 simple assignment(s) through temporary integer variables nearest baseline winner-XFG key line 163,
00_codexglue_devign_9763,C:\Users\weijt\Desktop\UNSW\COMP9900\project\capstone-project-26t2-9900-t17a-almond\input_sources\devign\00_codexglue_devign_9763.c,temp_variable_split,winner-xfg,arith,163,0.0005112718208692968,"185,117",2,2,generated,ran,False,0,0,0.0005112718208692968,0.0005112718208692968,0.0,1152,1172,20,2411,2457,46,C:\Users\weijt\Desktop\UNSW\COMP9900\project\capstone-project-26t2-9900-t17a-almond\outputs\run_20260723_code_devign_winner_xfg_round1_retry1\runs\baseline\00_codexglue_devign_9763,C:\Users\weijt\Desktop\UNSW\COMP9900\project\capstone-project-26t2-9900-t17a-almond\outputs\run_20260723_code_devign_winner_xfg_round1_retry1\runs\perturbed\00_codexglue_devign_9763__temp_variable_split__c2,C:\Users\weijt\Desktop\UNSW\COMP9900\project\capstone-project-26t2-9900-t17a-almond\outputs\run_20260723_code_devign_winner_xfg_round1_retry1\sources\00_codexglue_devign_9763__temp_variable_split__c2.c,split 2 simple assignment(s) through temporary integer variables nearest baseline winner-XFG key line 163,
00_codexglue_devign_9763,C:\Users\weijt\Desktop\UNSW\COMP9900\project\capstone-project-26t2-9900-t17a-almond\input_sources\devign\00_codexglue_devign_9763.c,temp_variable_split,winner-xfg,arith,163,0.0005112718208692968,"185,117,105",3,3,generated,ran,False,0,0,0.0005112718208692968,0.0011793088633567095,0.0006680370424874127,1152,773,-379,2411,1418,-993,C:\Users\weijt\Desktop\UNSW\COMP9900\project\capstone-project-26t2-9900-t17a-almond\outputs\run_20260723_code_devign_winner_xfg_round1_retry1\runs\baseline\00_codexglue_devign_9763,C:\Users\weijt\Desktop\UNSW\COMP9900\project\capstone-project-26t2-9900-t17a-almond\outputs\run_20260723_code_devign_winner_xfg_round1_retry1\runs\perturbed\00_codexglue_devign_9763__temp_variable_split__c3,C:\Users\weijt\Desktop\UNSW\COMP9900\project\capstone-project-26t2-9900-t17a-almond\outputs\run_20260723_code_devign_winner_xfg_round1_retry1\sources\00_codexglue_devign_9763__temp_variable_split__c3.c,split 3 simple assignment(s) through temporary integer variables nearest baseline winner-XFG key line 163,
00_codexglue_devign_9763,C:\Users\weijt\Desktop\UNSW\COMP9900\project\capstone-project-26t2-9900-t17a-almond\input_sources\devign\00_codexglue_devign_9763.c,temp_variable_split,winner-xfg,arith,163,0.0005112718208692968,"185,117,105,57,43",5,5,generated,ran,False,0,0,0.0005112718208692968,0.0005112718208692968,0.0,1152,1195,43,2411,2514,103,C:\Users\weijt\Desktop\UNSW\COMP9900\project\capstone-project-26t2-9900-t17a-almond\outputs\run_20260723_code_devign_winner_xfg_round1_retry1\runs\baseline\00_codexglue_devign_9763,C:\Users\weijt\Desktop\UNSW\COMP9900\project\capstone-project-26t2-9900-t17a-almond\outputs\run_20260723_code_devign_winner_xfg_round1_retry1\runs\perturbed\00_codexglue_devign_9763__temp_variable_split__c5,C:\Users\weijt\Desktop\UNSW\COMP9900\project\capstone-project-26t2-9900-t17a-almond\outputs\run_20260723_code_devign_winner_xfg_round1_retry1\sources\00_codexglue_devign_9763__temp_variable_split__c5.c,split 5 simple assignment(s) through temporary integer variables nearest baseline winner-XFG key line 163,
01_codexglue_devign_10453,C:\Users\weijt\Desktop\UNSW\COMP9900\project\capstone-project-26t2-9900-t17a-almond\input_sources\devign\01_codexglue_devign_10453.c,data_flow_alias,winner-xfg,ptr,19,0.07370010763406754,25,1,1,generated,ran,False,0,0,0.07370010763406754,0.009751765988767147,-0.06394834164530039,426,446,20,932,970,38,C:\Users\weijt\Desktop\UNSW\COMP9900\project\capstone-project-26t2-9900-t17a-almond\outputs\run_20260723_code_devign_winner_xfg_round1_retry1\runs\baseline\01_codexglue_devign_10453,C:\Users\weijt\Desktop\UNSW\COMP9900\project\capstone-project-26t2-9900-t17a-almond\outputs\run_20260723_code_devign_winner_xfg_round1_retry1\runs\perturbed\01_codexglue_devign_10453__data_flow_alias__c1,C:\Users\weijt\Desktop\UNSW\COMP9900\project\capstone-project-26t2-9900-t17a-almond\outputs\run_20260723_code_devign_winner_xfg_round1_retry1\sources\01_codexglue_devign_10453__data_flow_alias__c1.c,inserted 1 alias-preserving data-flow no-op(s) near call arguments nearest baseline winner-XFG key line 19,
01_codexglue_devign_10453,C:\Users\weijt\Desktop\UNSW\COMP9900\project\capstone-project-26t2-9900-t17a-almond\input_sources\devign\01_codexglue_devign_10453.c,data_flow_alias,winner-xfg,ptr,19,0.07370010763406754,"25,41",2,2,generated,ran,False,0,0,0.07370010763406754,0.009751765988767147,-0.06394834164530039,426,466,40,932,1008,76,C:\Users\weijt\Desktop\UNSW\COMP9900\project\capstone-project-26t2-9900-t17a-almond\outputs\run_20260723_code_devign_winner_xfg_round1_retry1\runs\baseline\01_codexglue_devign_10453,C:\Users\weijt\Desktop\UNSW\COMP9900\project\capstone-project-26t2-9900-t17a-almond\outputs\run_20260723_code_devign_winner_xfg_round1_retry1\runs\perturbed\01_codexglue_devign_10453__data_flow_alias__c2,C:\Users\weijt\Desktop\UNSW\COMP9900\project\capstone-project-26t2-9900-t17a-almond\outputs\run_20260723_code_devign_winner_xfg_round1_retry1\sources\01_codexglue_devign_10453__data_flow_alias__c2.c,inserted 2 alias-preserving data-flow no-op(s) near call arguments nearest baseline winner-XFG key line 19,
01_codexglue_devign_10453,C:\Users\weijt\Desktop\UNSW\COMP9900\project\capstone-project-26t2-9900-t17a-almond\input_sources\devign\01_codexglue_devign_10453.c,data_flow_alias,winner-xfg,ptr,19,0.07370010763406754,"25,41,51",3,3,generated,ran,False,0,0,0.07370010763406754,0.011057645082473755,-0.06264246255159378,426,485,59,932,1069,137,C:\Users\weijt\Desktop\UNSW\COMP9900\project\capstone-project-26t2-9900-t17a-almond\outputs\run_20260723_code_devign_winner_xfg_round1_retry1\runs\baseline\01_codexglue_devign_10453,C:\Users\weijt\Desktop\UNSW\COMP9900\project\capstone-project-26t2-9900-t17a-almond\outputs\run_20260723_code_devign_winner_xfg_round1_retry1\runs\perturbed\01_codexglue_devign_10453__data_flow_alias__c3,C:\Users\weijt\Desktop\UNSW\COMP9900\project\capstone-project-26t2-9900-t17a-almond\outputs\run_20260723_code_devign_winner_xfg_round1_retry1\sources\01_codexglue_devign_10453__data_flow_alias__c3.c,inserted 3 alias-preserving data-flow no-op(s) near call arguments nearest baseline winner-XFG key line 19,
01_codexglue_devign_10453,C:\Users\weijt\Desktop\UNSW\COMP9900\project\capstone-project-26t2-9900-t17a-almond\input_sources\devign\01_codexglue_devign_10453.c,data_flow_alias,winner-xfg,ptr,19,0.07370010763406754,"25,41,51,77,79",5,5,generated,ran,False,0,0,0.07370010763406754,0.009751765988767147,-0.06394834164530039,426,525,99,932,1145,213,C:\Users\weijt\Desktop\UNSW\COMP9900\project\capstone-project-26t2-9900-t17a-almond\outputs\run_20260723_code_devign_winner_xfg_round1_retry1\runs\baseline\01_codexglue_devign_10453,C:\Users\weijt\Desktop\UNSW\COMP9900\project\capstone-project-26t2-9900-t17a-almond\outputs\run_20260723_code_devign_winner_xfg_round1_retry1\runs\perturbed\01_codexglue_devign_10453__data_flow_alias__c5,C:\Users\weijt\Desktop\UNSW\COMP9900\project\capstone-project-26t2-9900-t17a-almond\outputs\run_20260723_code_devign_winner_xfg_round1_retry1\sources\01_codexglue_devign_10453__data_flow_alias__c5.c,inserted 5 alias-preserving data-flow no-op(s) near call arguments nearest baseline winner-XFG key line 19,
01_codexglue_devign_10453,C:\Users\weijt\Desktop\UNSW\COMP9900\project\capstone-project-26t2-9900-t17a-almond\input_sources\devign\01_codexglue_devign_10453.c,dead_statement,winner-xfg,ptr,19,0.07370010763406754,21,1,1,generated,ran,False,0,0,0.07370010763406754,0.29228881001472473,0.2185887023806572,426,438,12,932,896,-36,C:\Users\weijt\Desktop\UNSW\COMP9900\project\capstone-project-26t2-9900-t17a-almond\outputs\run_20260723_code_devign_winner_xfg_round1_retry1\runs\baseline\01_codexglue_devign_10453,C:\Users\weijt\Desktop\UNSW\COMP9900\project\capstone-project-26t2-9900-t17a-almond\outputs\run_20260723_code_devign_winner_xfg_round1_retry1\runs\perturbed\01_codexglue_devign_10453__dead_statement__c1,C:\Users\weijt\Desktop\UNSW\COMP9900\project\capstone-project-26t2-9900-t17a-almond\outputs\run_20260723_code_devign_winner_xfg_round1_retry1\sources\01_codexglue_devign_10453__dead_statement__c1.c,inserted 1 harmless dummy integer statement pair(s) nearest baseline winner-XFG key line 19,
01_codexglue_devign_10453,C:\Users\weijt\Desktop\UNSW\COMP9900\project\capstone-project-26t2-9900-t17a-almond\input_sources\devign\01_codexglue_devign_10453.c,dead_statement,winner-xfg,ptr,19,0.07370010763406754,21,2,2,generated,ran,False,0,0,0.07370010763406754,0.29228881001472473,0.2185887023806572,426,450,24,932,923,-9,C:\Users\weijt\Desktop\UNSW\COMP9900\project\capstone-project-26t2-9900-t17a-almond\outputs\run_20260723_code_devign_winner_xfg_round1_retry1\runs\baseline\01_codexglue_devign_10453,C:\Users\weijt\Desktop\UNSW\COMP9900\project\capstone-project-26t2-9900-t17a-almond\outputs\run_20260723_code_devign_winner_xfg_round1_retry1\runs\perturbed\01_codexglue_devign_10453__dead_statement__c2,C:\Users\weijt\Desktop\UNSW\COMP9900\project\capstone-project-26t2-9900-t17a-almond\outputs\run_20260723_code_devign_winner_xfg_round1_retry1\sources\01_codexglue_devign_10453__dead_statement__c2.c,inserted 2 harmless dummy integer statement pair(s) nearest baseline winner-XFG key line 19,
01_codexglue_devign_10453,C:\Users\weijt\Desktop\UNSW\COMP9900\project\capstone-project-26t2-9900-t17a-almond\input_sources\devign\01_codexglue_devign_10453.c,dead_statement,winner-xfg,ptr,19,0.07370010763406754,21,3,3,generated,ran,False,0,0,0.07370010763406754,0.21616598963737488,0.14246588200330734,426,462,36,932,950,18,C:\Users\weijt\Desktop\UNSW\COMP9900\project\capstone-project-26t2-9900-t17a-almond\outputs\run_20260723_code_devign_winner_xfg_round1_retry1\runs\baseline\01_codexglue_devign_10453,C:\Users\weijt\Desktop\UNSW\COMP9900\project\capstone-project-26t2-9900-t17a-almond\outputs\run_20260723_code_devign_winner_xfg_round1_retry1\runs\perturbed\01_codexglue_devign_10453__dead_statement__c3,C:\Users\weijt\Desktop\UNSW\COMP9900\project\capstone-project-26t2-9900-t17a-almond\outputs\run_20260723_code_devign_winner_xfg_round1_retry1\sources\01_codexglue_devign_10453__dead_statement__c3.c,inserted 3 harmless dummy integer statement pair(s) nearest baseline winner-XFG key line 19,
01_codexglue_devign_10453,C:\Users\weijt\Desktop\UNSW\COMP9900\project\capstone-project-26t2-9900-t17a-almond\input_sources\devign\01_codexglue_devign_10453.c,dead_statement,winner-xfg,ptr,19,0.07370010763406754,21,5,5,generated,ran,False,0,0,0.07370010763406754,0.24988147616386414,0.1761813685297966,426,486,60,932,1004,72,C:\Users\weijt\Desktop\UNSW\COMP9900\project\capstone-project-26t2-9900-t17a-almond\outputs\run_20260723_code_devign_winner_xfg_round1_retry1\runs\baseline\01_codexglue_devign_10453,C:\Users\weijt\Desktop\UNSW\COMP9900\project\capstone-project-26t2-9900-t17a-almond\outputs\run_20260723_code_devign_winner_xfg_round1_retry1\runs\perturbed\01_codexglue_devign_10453__dead_statement__c5,C:\Users\weijt\Desktop\UNSW\COMP9900\project\capstone-project-26t2-9900-t17a-almond\outputs\run_20260723_code_devign_winner_xfg_round1_retry1\sources\01_codexglue_devign_10453__dead_statement__c5.c,inserted 5 harmless dummy integer statement pair(s) nearest baseline winner-XFG key line 19,
01_codexglue_devign_10453,C:\Users\weijt\Desktop\UNSW\COMP9900\project\capstone-project-26t2-9900-t17a-almond\input_sources\devign\01_codexglue_devign_10453.c,xfg_targeted_dead_code,winner-xfg,ptr,19,0.07370010763406754,19,1,1,generated,ran,False,0,0,0.07370010763406754,0.07370010763406754,0.0,426,442,16,932,968,36,C:\Users\weijt\Desktop\UNSW\COMP9900\project\capstone-project-26t2-9900-t17a-almond\outputs\run_20260723_code_devign_winner_xfg_round1_retry1\runs\baseline\01_codexglue_devign_10453,C:\Users\weijt\Desktop\UNSW\COMP9900\project\capstone-project-26t2-9900-t17a-almond\outputs\run_20260723_code_devign_winner_xfg_round1_retry1\runs\perturbed\01_codexglue_devign_10453__xfg_targeted_dead_code__c1,C:\Users\weijt\Desktop\UNSW\COMP9900\project\capstone-project-26t2-9900-t17a-almond\outputs\run_20260723_code_devign_winner_xfg_round1_retry1\sources\01_codexglue_devign_10453__xfg_targeted_dead_code__c1.c,inserted 1 unreachable no-op block(s) near XFG-relevant target lines nearest baseline winner-XFG key line 19,
01_codexglue_devign_10453,C:\Users\weijt\Desktop\UNSW\COMP9900\project\capstone-project-26t2-9900-t17a-almond\input_sources\devign\01_codexglue_devign_10453.c,xfg_targeted_dead_code,winner-xfg,ptr,19,0.07370010763406754,"19,13",2,2,generated,ran,False,0,0,0.07370010763406754,0.07370010763406754,0.0,426,458,32,932,1004,72,C:\Users\weijt\Desktop\UNSW\COMP9900\project\capstone-project-26t2-9900-t17a-almond\outputs\run_20260723_code_devign_winner_xfg_round1_retry1\runs\baseline\01_codexglue_devign_10453,C:\Users\weijt\Desktop\UNSW\COMP9900\project\capstone-project-26t2-9900-t17a-almond\outputs\run_20260723_code_devign_winner_xfg_round1_retry1\runs\perturbed\01_codexglue_devign_10453__xfg_targeted_dead_code__c2,C:\Users\weijt\Desktop\UNSW\COMP9900\project\capstone-project-26t2-9900-t17a-almond\outputs\run_20260723_code_devign_winner_xfg_round1_retry1\sources\01_codexglue_devign_10453__xfg_targeted_dead_code__c2.c,inserted 2 unreachable no-op block(s) near XFG-relevant target lines nearest baseline winner-XFG key line 19,
01_codexglue_devign_10453,C:\Users\weijt\Desktop\UNSW\COMP9900\project\capstone-project-26t2-9900-t17a-almond\input_sources\devign\01_codexglue_devign_10453.c,xfg_targeted_dead_code,winner-xfg,ptr,19,0.07370010763406754,"19,13,11",3,3,generated,ran,False,0,0,0.07370010763406754,0.07370010763406754,0.0,426,474,48,932,1040,108,C:\Users\weijt\Desktop\UNSW\COMP9900\project\capstone-project-26t2-9900-t17a-almond\outputs\run_20260723_code_devign_winner_xfg_round1_retry1\runs\baseline\01_codexglue_devign_10453,C:\Users\weijt\Desktop\UNSW\COMP9900\project\capstone-project-26t2-9900-t17a-almond\outputs\run_20260723_code_devign_winner_xfg_round1_retry1\runs\perturbed\01_codexglue_devign_10453__xfg_targeted_dead_code__c3,C:\Users\weijt\Desktop\UNSW\COMP9900\project\capstone-project-26t2-9900-t17a-almond\outputs\run_20260723_code_devign_winner_xfg_round1_retry1\sources\01_codexglue_devign_10453__xfg_targeted_dead_code__c3.c,inserted 3 unreachable no-op block(s) near XFG-relevant target lines nearest baseline winner-XFG key line 19,
01_codexglue_devign_10453,C:\Users\weijt\Desktop\UNSW\COMP9900\project\capstone-project-26t2-9900-t17a-almond\input_sources\devign\01_codexglue_devign_10453.c,xfg_targeted_dead_code,winner-xfg,ptr,19,0.07370010763406754,"19,13,11,31,5",5,5,generated,ran,False,0,0,0.07370010763406754,0.009751765988767147,-0.06394834164530039,426,506,80,932,1112,180,C:\Users\weijt\Desktop\UNSW\COMP9900\project\capstone-project-26t2-9900-t17a-almond\outputs\run_20260723_code_devign_winner_xfg_round1_retry1\runs\baseline\01_codexglue_devign_10453,C:\Users\weijt\Desktop\UNSW\COMP9900\project\capstone-project-26t2-9900-t17a-almond\outputs\run_20260723_code_devign_winner_xfg_round1_retry1\runs\perturbed\01_codexglue_devign_10453__xfg_targeted_dead_code__c5,C:\Users\weijt\Desktop\UNSW\COMP9900\project\capstone-project-26t2-9900-t17a-almond\outputs\run_20260723_code_devign_winner_xfg_round1_retry1\sources\01_codexglue_devign_10453__xfg_targeted_dead_code__c5.c,inserted 5 unreachable no-op block(s) near XFG-relevant target lines nearest baseline winner-XFG key line 19,
01_codexglue_devign_10453,C:\Users\weijt\Desktop\UNSW\COMP9900\project\capstone-project-26t2-9900-t17a-almond\input_sources\devign\01_codexglue_devign_10453.c,range_clamp,winner-xfg,ptr,19,0.07370010763406754,,1,0,skipped,ran,,,,,,,,,,,,,C:\Users\weijt\Desktop\UNSW\COMP9900\project\capstone-project-26t2-9900-t17a-almond\outputs\run_20260723_code_devign_winner_xfg_round1_retry1\runs\baseline\01_codexglue_devign_10453,,,no sensitive call with a clampable size/count argument found,
01_codexglue_devign_10453,C:\Users\weijt\Desktop\UNSW\COMP9900\project\capstone-project-26t2-9900-t17a-almond\input_sources\devign\01_codexglue_devign_10453.c,safe_source_substitution,winner-xfg,ptr,19,0.07370010763406754,31,1,1,generated,ran,False,0,0,0.07370010763406754,0.00984268356114626,-0.06385742407292128,426,434,8,932,951,19,C:\Users\weijt\Desktop\UNSW\COMP9900\project\capstone-project-26t2-9900-t17a-almond\outputs\run_20260723_code_devign_winner_xfg_round1_retry1\runs\baseline\01_codexglue_devign_10453,C:\Users\weijt\Desktop\UNSW\COMP9900\project\capstone-project-26t2-9900-t17a-almond\outputs\run_20260723_code_devign_winner_xfg_round1_retry1\runs\perturbed\01_codexglue_devign_10453__safe_source_substitution__c1,C:\Users\weijt\Desktop\UNSW\COMP9900\project\capstone-project-26t2-9900-t17a-almond\outputs\run_20260723_code_devign_winner_xfg_round1_retry1\sources\01_codexglue_devign_10453__safe_source_substitution__c1.c,replaced 1 nested pointer source expression(s) with guarded fallback expressions nearest baseline winner-XFG key line 19,
01_codexglue_devign_10453,C:\Users\weijt\Desktop\UNSW\COMP9900\project\capstone-project-26t2-9900-t17a-almond\input_sources\devign\01_codexglue_devign_10453.c,safe_source_substitution,winner-xfg,ptr,19,0.07370010763406754,"31,65",2,2,generated,ran,False,0,0,0.07370010763406754,0.005275011993944645,-0.06842509564012289,426,442,16,932,969,37,C:\Users\weijt\Desktop\UNSW\COMP9900\project\capstone-project-26t2-9900-t17a-almond\outputs\run_20260723_code_devign_winner_xfg_round1_retry1\runs\baseline\01_codexglue_devign_10453,C:\Users\weijt\Desktop\UNSW\COMP9900\project\capstone-project-26t2-9900-t17a-almond\outputs\run_20260723_code_devign_winner_xfg_round1_retry1\runs\perturbed\01_codexglue_devign_10453__safe_source_substitution__c2,C:\Users\weijt\Desktop\UNSW\COMP9900\project\capstone-project-26t2-9900-t17a-almond\outputs\run_20260723_code_devign_winner_xfg_round1_retry1\sources\01_codexglue_devign_10453__safe_source_substitution__c2.c,replaced 2 nested pointer source expression(s) with guarded fallback expressions nearest baseline winner-XFG key line 19,
01_codexglue_devign_10453,C:\Users\weijt\Desktop\UNSW\COMP9900\project\capstone-project-26t2-9900-t17a-almond\input_sources\devign\01_codexglue_devign_10453.c,safe_source_substitution,winner-xfg,ptr,19,0.07370010763406754,"31,65",3,2,partial,run_partial,False,0,0,0.07370010763406754,0.005275011993944645,-0.06842509564012289,426,442,16,932,969,37,C:\Users\weijt\Desktop\UNSW\COMP9900\project\capstone-project-26t2-9900-t17a-almond\outputs\run_20260723_code_devign_winner_xfg_round1_retry1\runs\baseline\01_codexglue_devign_10453,C:\Users\weijt\Desktop\UNSW\COMP9900\project\capstone-project-26t2-9900-t17a-almond\outputs\run_20260723_code_devign_winner_xfg_round1_retry1\runs\perturbed\01_codexglue_devign_10453__safe_source_substitution__c3,C:\Users\weijt\Desktop\UNSW\COMP9900\project\capstone-project-26t2-9900-t17a-almond\outputs\run_20260723_code_devign_winner_xfg_round1_retry1\sources\01_codexglue_devign_10453__safe_source_substitution__c3.c,replaced 2 nested pointer source expression(s) with guarded fallback expressions nearest baseline winner-XFG key line 19,
01_codexglue_devign_10453,C:\Users\weijt\Desktop\UNSW\COMP9900\project\capstone-project-26t2-9900-t17a-almond\input_sources\devign\01_codexglue_devign_10453.c,sink_bound_guard,winner-xfg,ptr,19,0.07370010763406754,,1,0,skipped,ran,,,,,,,,,,,,,C:\Users\weijt\Desktop\UNSW\COMP9900\project\capstone-project-26t2-9900-t17a-almond\outputs\run_20260723_code_devign_winner_xfg_round1_retry1\runs\baseline\01_codexglue_devign_10453,,,no sensitive sink call found for bound guard insertion,
01_codexglue_devign_10453,C:\Users\weijt\Desktop\UNSW\COMP9900\project\capstone-project-26t2-9900-t17a-almond\input_sources\devign\01_codexglue_devign_10453.c,postcondition_validation,winner-xfg,ptr,19,0.07370010763406754,,1,0,skipped,target_unavailable,,,,,,,,,,,,,C:\Users\weijt\Desktop\UNSW\COMP9900\project\capstone-project-26t2-9900-t17a-almond\outputs\run_20260723_code_devign_winner_xfg_round1_retry1\runs\baseline\01_codexglue_devign_10453,,,action postcondition_validation has no winner-XFG-local implementation,action postcondition_validation has no winner-XFG-local implementation
01_codexglue_devign_10453,C:\Users\weijt\Desktop\UNSW\COMP9900\project\capstone-project-26t2-9900-t17a-almond\input_sources\devign\01_codexglue_devign_10453.c,integer_overflow_guard,winner-xfg,ptr,19,0.07370010763406754,,1,0,skipped,ran,,,,,,,,,,,,,C:\Users\weijt\Desktop\UNSW\COMP9900\project\capstone-project-26t2-9900-t17a-almond\outputs\run_20260723_code_devign_winner_xfg_round1_retry1\runs\baseline\01_codexglue_devign_10453,,,no allocation size addition or multiplication expression found,
01_codexglue_devign_10453,C:\Users\weijt\Desktop\UNSW\COMP9900\project\capstone-project-26t2-9900-t17a-almond\input_sources\devign\01_codexglue_devign_10453.c,array_index_bound_guard,winner-xfg,ptr,19,0.07370010763406754,,1,0,skipped,ran,,,,,,,,,,,,,C:\Users\weijt\Desktop\UNSW\COMP9900\project\capstone-project-26t2-9900-t17a-almond\outputs\run_20260723_code_devign_winner_xfg_round1_retry1\runs\baseline\01_codexglue_devign_10453,,,no array write found for index bound guard,
01_codexglue_devign_10453,C:\Users\weijt\Desktop\UNSW\COMP9900\project\capstone-project-26t2-9900-t17a-almond\input_sources\devign\01_codexglue_devign_10453.c,wide_char_sink_guard,winner-xfg,ptr,19,0.07370010763406754,,1,0,skipped,ran,,,,,,,,,,,,,C:\Users\weijt\Desktop\UNSW\COMP9900\project\capstone-project-26t2-9900-t17a-almond\outputs\run_20260723_code_devign_winner_xfg_round1_retry1\runs\baseline\01_codexglue_devign_10453,,,no wcscat/wcscpy wide-character sink found,
01_codexglue_devign_10453,C:\Users\weijt\Desktop\UNSW\COMP9900\project\capstone-project-26t2-9900-t17a-almond\input_sources\devign\01_codexglue_devign_10453.c,pattern_dead_code,winner-xfg,ptr,19,0.07370010763406754,19,1,1,generated,ran,False,0,0,0.07370010763406754,0.07370010763406754,0.0,426,481,55,932,1033,101,C:\Users\weijt\Desktop\UNSW\COMP9900\project\capstone-project-26t2-9900-t17a-almond\outputs\run_20260723_code_devign_winner_xfg_round1_retry1\runs\baseline\01_codexglue_devign_10453,C:\Users\weijt\Desktop\UNSW\COMP9900\project\capstone-project-26t2-9900-t17a-almond\outputs\run_20260723_code_devign_winner_xfg_round1_retry1\runs\perturbed\01_codexglue_devign_10453__pattern_dead_code__c1,C:\Users\weijt\Desktop\UNSW\COMP9900\project\capstone-project-26t2-9900-t17a-almond\outputs\run_20260723_code_devign_winner_xfg_round1_retry1\sources\01_codexglue_devign_10453__pattern_dead_code__c1.c,inserted 1 unreachable pointer/array/length pattern block(s) near sensitive or structural lines nearest baseline winner-XFG key line 19,
01_codexglue_devign_10453,C:\Users\weijt\Desktop\UNSW\COMP9900\project\capstone-project-26t2-9900-t17a-almond\input_sources\devign\01_codexglue_devign_10453.c,pattern_dead_code,winner-xfg,ptr,19,0.07370010763406754,"19,13",2,2,generated,ran,False,0,0,0.07370010763406754,0.07370010763406754,0.0,426,536,110,932,1134,202,C:\Users\weijt\Desktop\UNSW\COMP9900\project\capstone-project-26t2-9900-t17a-almond\outputs\run_20260723_code_devign_winner_xfg_round1_retry1\runs\baseline\01_codexglue_devign_10453,C:\Users\weijt\Desktop\UNSW\COMP9900\project\capstone-project-26t2-9900-t17a-almond\outputs\run_20260723_code_devign_winner_xfg_round1_retry1\runs\perturbed\01_codexglue_devign_10453__pattern_dead_code__c2,C:\Users\weijt\Desktop\UNSW\COMP9900\project\capstone-project-26t2-9900-t17a-almond\outputs\run_20260723_code_devign_winner_xfg_round1_retry1\sources\01_codexglue_devign_10453__pattern_dead_code__c2.c,inserted 2 unreachable pointer/array/length pattern block(s) near sensitive or structural lines nearest baseline winner-XFG key line 19,
01_codexglue_devign_10453,C:\Users\weijt\Desktop\UNSW\COMP9900\project\capstone-project-26t2-9900-t17a-almond\input_sources\devign\01_codexglue_devign_10453.c,pattern_dead_code,winner-xfg,ptr,19,0.07370010763406754,"19,13,11",3,3,generated,ran,False,0,0,0.07370010763406754,0.07370010763406754,0.0,426,591,165,932,1235,303,C:\Users\weijt\Desktop\UNSW\COMP9900\project\capstone-project-26t2-9900-t17a-almond\outputs\run_20260723_code_devign_winner_xfg_round1_retry1\runs\baseline\01_codexglue_devign_10453,C:\Users\weijt\Desktop\UNSW\COMP9900\project\capstone-project-26t2-9900-t17a-almond\outputs\run_20260723_code_devign_winner_xfg_round1_retry1\runs\perturbed\01_codexglue_devign_10453__pattern_dead_code__c3,C:\Users\weijt\Desktop\UNSW\COMP9900\project\capstone-project-26t2-9900-t17a-almond\outputs\run_20260723_code_devign_winner_xfg_round1_retry1\sources\01_codexglue_devign_10453__pattern_dead_code__c3.c,inserted 3 unreachable pointer/array/length pattern block(s) near sensitive or structural lines nearest baseline winner-XFG key line 19,
01_codexglue_devign_10453,C:\Users\weijt\Desktop\UNSW\COMP9900\project\capstone-project-26t2-9900-t17a-almond\input_sources\devign\01_codexglue_devign_10453.c,pattern_dead_code,winner-xfg,ptr,19,0.07370010763406754,"19,13,11,31,5",5,5,generated,ran,False,0,0,0.07370010763406754,0.01330207847058773,-0.060398029163479805,426,701,275,932,1437,505,C:\Users\weijt\Desktop\UNSW\COMP9900\project\capstone-project-26t2-9900-t17a-almond\outputs\run_20260723_code_devign_winner_xfg_round1_retry1\runs\baseline\01_codexglue_devign_10453,C:\Users\weijt\Desktop\UNSW\COMP9900\project\capstone-project-26t2-9900-t17a-almond\outputs\run_20260723_code_devign_winner_xfg_round1_retry1\runs\perturbed\01_codexglue_devign_10453__pattern_dead_code__c5,C:\Users\weijt\Desktop\UNSW\COMP9900\project\capstone-project-26t2-9900-t17a-almond\outputs\run_20260723_code_devign_winner_xfg_round1_retry1\sources\01_codexglue_devign_10453__pattern_dead_code__c5.c,inserted 5 unreachable pointer/array/length pattern block(s) near sensitive or structural lines nearest baseline winner-XFG key line 19,
01_codexglue_devign_10453,C:\Users\weijt\Desktop\UNSW\COMP9900\project\capstone-project-26t2-9900-t17a-almond\input_sources\devign\01_codexglue_devign_10453.c,control_wrapper,winner-xfg,ptr,19,0.07370010763406754,21,1,1,generated,ran,False,0,0,0.07370010763406754,0.012495995499193668,-0.06120411213487387,426,430,4,932,943,11,C:\Users\weijt\Desktop\UNSW\COMP9900\project\capstone-project-26t2-9900-t17a-almond\outputs\run_20260723_code_devign_winner_xfg_round1_retry1\runs\baseline\01_codexglue_devign_10453,C:\Users\weijt\Desktop\UNSW\COMP9900\project\capstone-project-26t2-9900-t17a-almond\outputs\run_20260723_code_devign_winner_xfg_round1_retry1\runs\perturbed\01_codexglue_devign_10453__control_wrapper__c1,C:\Users\weijt\Desktop\UNSW\COMP9900\project\capstone-project-26t2-9900-t17a-almond\outputs\run_20260723_code_devign_winner_xfg_round1_retry1\sources\01_codexglue_devign_10453__control_wrapper__c1.c,wrapped 1 safe single-line statement(s) with if (1) blocks nearest baseline winner-XFG key line 19,
01_codexglue_devign_10453,C:\Users\weijt\Desktop\UNSW\COMP9900\project\capstone-project-26t2-9900-t17a-almond\input_sources\devign\01_codexglue_devign_10453.c,control_wrapper,winner-xfg,ptr,19,0.07370010763406754,"21,25",2,2,generated,ran,False,0,0,0.07370010763406754,0.03135426342487335,-0.04234584420919418,426,434,8,932,959,27,C:\Users\weijt\Desktop\UNSW\COMP9900\project\capstone-project-26t2-9900-t17a-almond\outputs\run_20260723_code_devign_winner_xfg_round1_retry1\runs\baseline\01_codexglue_devign_10453,C:\Users\weijt\Desktop\UNSW\COMP9900\project\capstone-project-26t2-9900-t17a-almond\outputs\run_20260723_code_devign_winner_xfg_round1_retry1\runs\perturbed\01_codexglue_devign_10453__control_wrapper__c2,C:\Users\weijt\Desktop\UNSW\COMP9900\project\capstone-project-26t2-9900-t17a-almond\outputs\run_20260723_code_devign_winner_xfg_round1_retry1\sources\01_codexglue_devign_10453__control_wrapper__c2.c,wrapped 2 safe single-line statement(s) with if (1) blocks nearest baseline winner-XFG key line 19,
01_codexglue_devign_10453,C:\Users\weijt\Desktop\UNSW\COMP9900\project\capstone-project-26t2-9900-t17a-almond\input_sources\devign\01_codexglue_devign_10453.c,control_wrapper,winner-xfg,ptr,19,0.07370010763406754,"21,25,31",3,3,generated,ran,False,0,0,0.07370010763406754,0.03734874352812767,-0.036351364105939865,426,438,12,932,968,36,C:\Users\weijt\Desktop\UNSW\COMP9900\project\capstone-project-26t2-9900-t17a-almond\outputs\run_20260723_code_devign_winner_xfg_round1_retry1\runs\baseline\01_codexglue_devign_10453,C:\Users\weijt\Desktop\UNSW\COMP9900\project\capstone-project-26t2-9900-t17a-almond\outputs\run_20260723_code_devign_winner_xfg_round1_retry1\runs\perturbed\01_codexglue_devign_10453__control_wrapper__c3,C:\Users\weijt\Desktop\UNSW\COMP9900\project\capstone-project-26t2-9900-t17a-almond\outputs\run_20260723_code_devign_winner_xfg_round1_retry1\sources\01_codexglue_devign_10453__control_wrapper__c3.c,wrapped 3 safe single-line statement(s) with if (1) blocks nearest baseline winner-XFG key line 19,
01_codexglue_devign_10453,C:\Users\weijt\Desktop\UNSW\COMP9900\project\capstone-project-26t2-9900-t17a-almond\input_sources\devign\01_codexglue_devign_10453.c,control_wrapper,winner-xfg,ptr,19,0.07370010763406754,"21,25,31,37,41",5,5,generated,ran,False,0,0,0.07370010763406754,0.046546608209609985,-0.02715349942445755,426,446,20,932,993,61,C:\Users\weijt\Desktop\UNSW\COMP9900\project\capstone-project-26t2-9900-t17a-almond\outputs\run_20260723_code_devign_winner_xfg_round1_retry1\runs\baseline\01_codexglue_devign_10453,C:\Users\weijt\Desktop\UNSW\COMP9900\project\capstone-project-26t2-9900-t17a-almond\outputs\run_20260723_code_devign_winner_xfg_round1_retry1\runs\perturbed\01_codexglue_devign_10453__control_wrapper__c5,C:\Users\weijt\Desktop\UNSW\COMP9900\project\capstone-project-26t2-9900-t17a-almond\outputs\run_20260723_code_devign_winner_xfg_round1_retry1\sources\01_codexglue_devign_10453__control_wrapper__c5.c,wrapped 5 safe single-line statement(s) with if (1) blocks nearest baseline winner-XFG key line 19,
01_codexglue_devign_10453,C:\Users\weijt\Desktop\UNSW\COMP9900\project\capstone-project-26t2-9900-t17a-almond\input_sources\devign\01_codexglue_devign_10453.c,temp_variable_split,winner-xfg,ptr,19,0.07370010763406754,99,1,1,generated,ran,False,0,0,0.07370010763406754,0.002681820886209607,-0.07101828674785793,426,434,8,932,949,17,C:\Users\weijt\Desktop\UNSW\COMP9900\project\capstone-project-26t2-9900-t17a-almond\outputs\run_20260723_code_devign_winner_xfg_round1_retry1\runs\baseline\01_codexglue_devign_10453,C:\Users\weijt\Desktop\UNSW\COMP9900\project\capstone-project-26t2-9900-t17a-almond\outputs\run_20260723_code_devign_winner_xfg_round1_retry1\runs\perturbed\01_codexglue_devign_10453__temp_variable_split__c1,C:\Users\weijt\Desktop\UNSW\COMP9900\project\capstone-project-26t2-9900-t17a-almond\outputs\run_20260723_code_devign_winner_xfg_round1_retry1\sources\01_codexglue_devign_10453__temp_variable_split__c1.c,split 1 simple assignment(s) through temporary integer variables nearest baseline winner-XFG key line 19,
01_codexglue_devign_10453,C:\Users\weijt\Desktop\UNSW\COMP9900\project\capstone-project-26t2-9900-t17a-almond\input_sources\devign\01_codexglue_devign_10453.c,temp_variable_split,winner-xfg,ptr,19,0.07370010763406754,99,2,1,partial,run_partial,False,0,0,0.07370010763406754,0.002681820886209607,-0.07101828674785793,426,434,8,932,949,17,C:\Users\weijt\Desktop\UNSW\COMP9900\project\capstone-project-26t2-9900-t17a-almond\outputs\run_20260723_code_devign_winner_xfg_round1_retry1\runs\baseline\01_codexglue_devign_10453,C:\Users\weijt\Desktop\UNSW\COMP9900\project\capstone-project-26t2-9900-t17a-almond\outputs\run_20260723_code_devign_winner_xfg_round1_retry1\runs\perturbed\01_codexglue_devign_10453__temp_variable_split__c2,C:\Users\weijt\Desktop\UNSW\COMP9900\project\capstone-project-26t2-9900-t17a-almond\outputs\run_20260723_code_devign_winner_xfg_round1_retry1\sources\01_codexglue_devign_10453__temp_variable_split__c2.c,split 1 simple assignment(s) through temporary integer variables nearest baseline winner-XFG key line 19,
02_codexglue_devign_15133,C:\Users\weijt\Desktop\UNSW\COMP9900\project\capstone-project-26t2-9900-t17a-almond\input_sources\devign\02_codexglue_devign_15133.c,data_flow_alias,winner-xfg,arith,23,9.413681712603142e-16,23,1,1,generated,ran,False,0,0,9.413681712603142e-16,1.1862831951568037e-13,1.1768695134442006e-13,192,212,20,490,529,39,C:\Users\weijt\Desktop\UNSW\COMP9900\project\capstone-project-26t2-9900-t17a-almond\outputs\run_20260723_code_devign_winner_xfg_round1_retry1\runs\baseline\02_codexglue_devign_15133,C:\Users\weijt\Desktop\UNSW\COMP9900\project\capstone-project-26t2-9900-t17a-almond\outputs\run_20260723_code_devign_winner_xfg_round1_retry1\runs\perturbed\02_codexglue_devign_15133__data_flow_alias__c1,C:\Users\weijt\Desktop\UNSW\COMP9900\project\capstone-project-26t2-9900-t17a-almond\outputs\run_20260723_code_devign_winner_xfg_round1_retry1\sources\02_codexglue_devign_15133__data_flow_alias__c1.c,inserted 1 alias-preserving data-flow no-op(s) near call arguments nearest baseline winner-XFG key line 23,
02_codexglue_devign_15133,C:\Users\weijt\Desktop\UNSW\COMP9900\project\capstone-project-26t2-9900-t17a-almond\input_sources\devign\02_codexglue_devign_15133.c,data_flow_alias,winner-xfg,arith,23,9.413681712603142e-16,"23,15",2,2,generated,ran,False,0,0,9.413681712603142e-16,1.5676362430383506e-09,1.5676353016701793e-09,192,232,40,490,568,78,C:\Users\weijt\Desktop\UNSW\COMP9900\project\capstone-project-26t2-9900-t17a-almond\outputs\run_20260723_code_devign_winner_xfg_round1_retry1\runs\baseline\02_codexglue_devign_15133,C:\Users\weijt\Desktop\UNSW\COMP9900\project\capstone-project-26t2-9900-t17a-almond\outputs\run_20260723_code_devign_winner_xfg_round1_retry1\runs\perturbed\02_codexglue_devign_15133__data_flow_alias__c2,C:\Users\weijt\Desktop\UNSW\COMP9900\project\capstone-project-26t2-9900-t17a-almond\outputs\run_20260723_code_devign_winner_xfg_round1_retry1\sources\02_codexglue_devign_15133__data_flow_alias__c2.c,inserted 2 alias-preserving data-flow no-op(s) near call arguments nearest baseline winner-XFG key line 23,
02_codexglue_devign_15133,C:\Users\weijt\Desktop\UNSW\COMP9900\project\capstone-project-26t2-9900-t17a-almond\input_sources\devign\02_codexglue_devign_15133.c,data_flow_alias,winner-xfg,arith,23,9.413681712603142e-16,"23,15",3,2,partial,run_partial,False,0,0,9.413681712603142e-16,1.5676362430383506e-09,1.5676353016701793e-09,192,232,40,490,568,78,C:\Users\weijt\Desktop\UNSW\COMP9900\project\capstone-project-26t2-9900-t17a-almond\outputs\run_20260723_code_devign_winner_xfg_round1_retry1\runs\baseline\02_codexglue_devign_15133,C:\Users\weijt\Desktop\UNSW\COMP9900\project\capstone-project-26t2-9900-t17a-almond\outputs\run_20260723_code_devign_winner_xfg_round1_retry1\runs\perturbed\02_codexglue_devign_15133__data_flow_alias__c3,C:\Users\weijt\Desktop\UNSW\COMP9900\project\capstone-project-26t2-9900-t17a-almond\outputs\run_20260723_code_devign_winner_xfg_round1_retry1\sources\02_codexglue_devign_15133__data_flow_alias__c3.c,inserted 2 alias-preserving data-flow no-op(s) near call arguments nearest baseline winner-XFG key line 23,
02_codexglue_devign_15133,C:\Users\weijt\Desktop\UNSW\COMP9900\project\capstone-project-26t2-9900-t17a-almond\input_sources\devign\02_codexglue_devign_15133.c,dead_statement,winner-xfg,arith,23,9.413681712603142e-16,23,1,1,generated,ran,False,0,0,9.413681712603142e-16,9.413681712603142e-16,0.0,192,204,12,490,517,27,C:\Users\weijt\Desktop\UNSW\COMP9900\project\capstone-project-26t2-9900-t17a-almond\outputs\run_20260723_code_devign_winner_xfg_round1_retry1\runs\baseline\02_codexglue_devign_15133,C:\Users\weijt\Desktop\UNSW\COMP9900\project\capstone-project-26t2-9900-t17a-almond\outputs\run_20260723_code_devign_winner_xfg_round1_retry1\runs\perturbed\02_codexglue_devign_15133__dead_statement__c1,C:\Users\weijt\Desktop\UNSW\COMP9900\project\capstone-project-26t2-9900-t17a-almond\outputs\run_20260723_code_devign_winner_xfg_round1_retry1\sources\02_codexglue_devign_15133__dead_statement__c1.c,inserted 1 harmless dummy integer statement pair(s) nearest baseline winner-XFG key line 23,
02_codexglue_devign_15133,C:\Users\weijt\Desktop\UNSW\COMP9900\project\capstone-project-26t2-9900-t17a-almond\input_sources\devign\02_codexglue_devign_15133.c,dead_statement,winner-xfg,arith,23,9.413681712603142e-16,23,2,2,generated,ran,False,0,0,9.413681712603142e-16,4.4101393815044326e-14,4.316002564378401e-14,192,216,24,490,544,54,C:\Users\weijt\Desktop\UNSW\COMP9900\project\capstone-project-26t2-9900-t17a-almond\outputs\run_20260723_code_devign_winner_xfg_round1_retry1\runs\baseline\02_codexglue_devign_15133,C:\Users\weijt\Desktop\UNSW\COMP9900\project\capstone-project-26t2-9900-t17a-almond\outputs\run_20260723_code_devign_winner_xfg_round1_retry1\runs\perturbed\02_codexglue_devign_15133__dead_statement__c2,C:\Users\weijt\Desktop\UNSW\COMP9900\project\capstone-project-26t2-9900-t17a-almond\outputs\run_20260723_code_devign_winner_xfg_round1_retry1\sources\02_codexglue_devign_15133__dead_statement__c2.c,inserted 2 harmless dummy integer statement pair(s) nearest baseline winner-XFG key line 23,
02_codexglue_devign_15133,C:\Users\weijt\Desktop\UNSW\COMP9900\project\capstone-project-26t2-9900-t17a-almond\input_sources\devign\02_codexglue_devign_15133.c,dead_statement,winner-xfg,arith,23,9.413681712603142e-16,23,3,3,generated,ran,False,0,0,9.413681712603142e-16,3.8096174164500146e-14,3.715480599323983e-14,192,228,36,490,571,81,C:\Users\weijt\Desktop\UNSW\COMP9900\project\capstone-project-26t2-9900-t17a-almond\outputs\run_20260723_code_devign_winner_xfg_round1_retry1\runs\baseline\02_codexglue_devign_15133,C:\Users\weijt\Desktop\UNSW\COMP9900\project\capstone-project-26t2-9900-t17a-almond\outputs\run_20260723_code_devign_winner_xfg_round1_retry1\runs\perturbed\02_codexglue_devign_15133__dead_statement__c3,C:\Users\weijt\Desktop\UNSW\COMP9900\project\capstone-project-26t2-9900-t17a-almond\outputs\run_20260723_code_devign_winner_xfg_round1_retry1\sources\02_codexglue_devign_15133__dead_statement__c3.c,inserted 3 harmless dummy integer statement pair(s) nearest baseline winner-XFG key line 23,
02_codexglue_devign_15133,C:\Users\weijt\Desktop\UNSW\COMP9900\project\capstone-project-26t2-9900-t17a-almond\input_sources\devign\02_codexglue_devign_15133.c,dead_statement,winner-xfg,arith,23,9.413681712603142e-16,23,5,5,generated,ran,False,0,0,9.413681712603142e-16,5.463169386278263e-14,5.369032569152232e-14,192,252,60,490,625,135,C:\Users\weijt\Desktop\UNSW\COMP9900\project\capstone-project-26t2-9900-t17a-almond\outputs\run_20260723_code_devign_winner_xfg_round1_retry1\runs\baseline\02_codexglue_devign_15133,C:\Users\weijt\Desktop\UNSW\COMP9900\project\capstone-project-26t2-9900-t17a-almond\outputs\run_20260723_code_devign_winner_xfg_round1_retry1\runs\perturbed\02_codexglue_devign_15133__dead_statement__c5,C:\Users\weijt\Desktop\UNSW\COMP9900\project\capstone-project-26t2-9900-t17a-almond\outputs\run_20260723_code_devign_winner_xfg_round1_retry1\sources\02_codexglue_devign_15133__dead_statement__c5.c,inserted 5 harmless dummy integer statement pair(s) nearest baseline winner-XFG key line 23,
02_codexglue_devign_15133,C:\Users\weijt\Desktop\UNSW\COMP9900\project\capstone-project-26t2-9900-t17a-almond\input_sources\devign\02_codexglue_devign_15133.c,xfg_targeted_dead_code,winner-xfg,arith,23,9.413681712603142e-16,17,1,1,generated,ran,False,0,0,9.413681712603142e-16,4.4101393815044326e-14,4.316002564378401e-14,192,208,16,490,526,36,C:\Users\weijt\Desktop\UNSW\COMP9900\project\capstone-project-26t2-9900-t17a-almond\outputs\run_20260723_code_devign_winner_xfg_round1_retry1\runs\baseline\02_codexglue_devign_15133,C:\Users\weijt\Desktop\UNSW\COMP9900\project\capstone-project-26t2-9900-t17a-almond\outputs\run_20260723_code_devign_winner_xfg_round1_retry1\runs\perturbed\02_codexglue_devign_15133__xfg_targeted_dead_code__c1,C:\Users\weijt\Desktop\UNSW\COMP9900\project\capstone-project-26t2-9900-t17a-almond\outputs\run_20260723_code_devign_winner_xfg_round1_retry1\sources\02_codexglue_devign_15133__xfg_targeted_dead_code__c1.c,inserted 1 unreachable no-op block(s) near XFG-relevant target lines nearest baseline winner-XFG key line 23,
02_codexglue_devign_15133,C:\Users\weijt\Desktop\UNSW\COMP9900\project\capstone-project-26t2-9900-t17a-almond\input_sources\devign\02_codexglue_devign_15133.c,xfg_targeted_dead_code,winner-xfg,arith,23,9.413681712603142e-16,"17,15",2,2,generated,ran,False,0,0,9.413681712603142e-16,5.463169386278263e-14,5.369032569152232e-14,192,224,32,490,562,72,C:\Users\weijt\Desktop\UNSW\COMP9900\project\capstone-project-26t2-9900-t17a-almond\outputs\run_20260723_code_devign_winner_xfg_round1_retry1\runs\baseline\02_codexglue_devign_15133,C:\Users\weijt\Desktop\UNSW\COMP9900\project\capstone-project-26t2-9900-t17a-almond\outputs\run_20260723_code_devign_winner_xfg_round1_retry1\runs\perturbed\02_codexglue_devign_15133__xfg_targeted_dead_code__c2,C:\Users\weijt\Desktop\UNSW\COMP9900\project\capstone-project-26t2-9900-t17a-almond\outputs\run_20260723_code_devign_winner_xfg_round1_retry1\sources\02_codexglue_devign_15133__xfg_targeted_dead_code__c2.c,inserted 2 unreachable no-op block(s) near XFG-relevant target lines nearest baseline winner-XFG key line 23,
02_codexglue_devign_15133,C:\Users\weijt\Desktop\UNSW\COMP9900\project\capstone-project-26t2-9900-t17a-almond\input_sources\devign\02_codexglue_devign_15133.c,xfg_targeted_dead_code,winner-xfg,arith,23,9.413681712603142e-16,"17,15",3,2,partial,run_partial,False,0,0,9.413681712603142e-16,5.463169386278263e-14,5.369032569152232e-14,192,224,32,490,562,72,C:\Users\weijt\Desktop\UNSW\COMP9900\project\capstone-project-26t2-9900-t17a-almond\outputs\run_20260723_code_devign_winner_xfg_round1_retry1\runs\baseline\02_codexglue_devign_15133,C:\Users\weijt\Desktop\UNSW\COMP9900\project\capstone-project-26t2-9900-t17a-almond\outputs\run_20260723_code_devign_winner_xfg_round1_retry1\runs\perturbed\02_codexglue_devign_15133__xfg_targeted_dead_code__c3,C:\Users\weijt\Desktop\UNSW\COMP9900\project\capstone-project-26t2-9900-t17a-almond\outputs\run_20260723_code_devign_winner_xfg_round1_retry1\sources\02_codexglue_devign_15133__xfg_targeted_dead_code__c3.c,inserted 2 unreachable no-op block(s) near XFG-relevant target lines nearest baseline winner-XFG key line 23,
02_codexglue_devign_15133,C:\Users\weijt\Desktop\UNSW\COMP9900\project\capstone-project-26t2-9900-t17a-almond\input_sources\devign\02_codexglue_devign_15133.c,range_clamp,winner-xfg,arith,23,9.413681712603142e-16,,1,0,skipped,ran,,,,,,,,,,,,,C:\Users\weijt\Desktop\UNSW\COMP9900\project\capstone-project-26t2-9900-t17a-almond\outputs\run_20260723_code_devign_winner_xfg_round1_retry1\runs\baseline\02_codexglue_devign_15133,,,no sensitive call with a clampable size/count argument found,
02_codexglue_devign_15133,C:\Users\weijt\Desktop\UNSW\COMP9900\project\capstone-project-26t2-9900-t17a-almond\input_sources\devign\02_codexglue_devign_15133.c,safe_source_substitution,winner-xfg,arith,23,9.413681712603142e-16,,1,0,skipped,ran,,,,,,,,,,,,,C:\Users\weijt\Desktop\UNSW\COMP9900\project\capstone-project-26t2-9900-t17a-almond\outputs\run_20260723_code_devign_winner_xfg_round1_retry1\runs\baseline\02_codexglue_devign_15133,,,no nested pointer dereference source found,
02_codexglue_devign_15133,C:\Users\weijt\Desktop\UNSW\COMP9900\project\capstone-project-26t2-9900-t17a-almond\input_sources\devign\02_codexglue_devign_15133.c,sink_bound_guard,winner-xfg,arith,23,9.413681712603142e-16,,1,0,skipped,ran,,,,,,,,,,,,,C:\Users\weijt\Desktop\UNSW\COMP9900\project\capstone-project-26t2-9900-t17a-almond\outputs\run_20260723_code_devign_winner_xfg_round1_retry1\runs\baseline\02_codexglue_devign_15133,,,no sensitive sink call found for bound guard insertion,
02_codexglue_devign_15133,C:\Users\weijt\Desktop\UNSW\COMP9900\project\capstone-project-26t2-9900-t17a-almond\input_sources\devign\02_codexglue_devign_15133.c,postcondition_validation,winner-xfg,arith,23,9.413681712603142e-16,,1,0,skipped,target_unavailable,,,,,,,,,,,,,C:\Users\weijt\Desktop\UNSW\COMP9900\project\capstone-project-26t2-9900-t17a-almond\outputs\run_20260723_code_devign_winner_xfg_round1_retry1\runs\baseline\02_codexglue_devign_15133,,,action postcondition_validation has no winner-XFG-local implementation,action postcondition_validation has no winner-XFG-local implementation
02_codexglue_devign_15133,C:\Users\weijt\Desktop\UNSW\COMP9900\project\capstone-project-26t2-9900-t17a-almond\input_sources\devign\02_codexglue_devign_15133.c,integer_overflow_guard,winner-xfg,arith,23,9.413681712603142e-16,,1,0,skipped,ran,,,,,,,,,,,,,C:\Users\weijt\Desktop\UNSW\COMP9900\project\capstone-project-26t2-9900-t17a-almond\outputs\run_20260723_code_devign_winner_xfg_round1_retry1\runs\baseline\02_codexglue_devign_15133,,,no allocation size addition or multiplication expression found,
02_codexglue_devign_15133,C:\Users\weijt\Desktop\UNSW\COMP9900\project\capstone-project-26t2-9900-t17a-almond\input_sources\devign\02_codexglue_devign_15133.c,array_index_bound_guard,winner-xfg,arith,23,9.413681712603142e-16,,1,0,skipped,ran,,,,,,,,,,,,,C:\Users\weijt\Desktop\UNSW\COMP9900\project\capstone-project-26t2-9900-t17a-almond\outputs\run_20260723_code_devign_winner_xfg_round1_retry1\runs\baseline\02_codexglue_devign_15133,,,no array write found for index bound guard,
02_codexglue_devign_15133,C:\Users\weijt\Desktop\UNSW\COMP9900\project\capstone-project-26t2-9900-t17a-almond\input_sources\devign\02_codexglue_devign_15133.c,wide_char_sink_guard,winner-xfg,arith,23,9.413681712603142e-16,,1,0,skipped,ran,,,,,,,,,,,,,C:\Users\weijt\Desktop\UNSW\COMP9900\project\capstone-project-26t2-9900-t17a-almond\outputs\run_20260723_code_devign_winner_xfg_round1_retry1\runs\baseline\02_codexglue_devign_15133,,,no wcscat/wcscpy wide-character sink found,
02_codexglue_devign_15133,C:\Users\weijt\Desktop\UNSW\COMP9900\project\capstone-project-26t2-9900-t17a-almond\input_sources\devign\02_codexglue_devign_15133.c,pattern_dead_code,winner-xfg,arith,23,9.413681712603142e-16,17,1,1,generated,ran,False,0,0,9.413681712603142e-16,4.00067656300962e-05,4.000676562915483e-05,192,247,55,490,591,101,C:\Users\weijt\Desktop\UNSW\COMP9900\project\capstone-project-26t2-9900-t17a-almond\outputs\run_20260723_code_devign_winner_xfg_round1_retry1\runs\baseline\02_codexglue_devign_15133,C:\Users\weijt\Desktop\UNSW\COMP9900\project\capstone-project-26t2-9900-t17a-almond\outputs\run_20260723_code_devign_winner_xfg_round1_retry1\runs\perturbed\02_codexglue_devign_15133__pattern_dead_code__c1,C:\Users\weijt\Desktop\UNSW\COMP9900\project\capstone-project-26t2-9900-t17a-almond\outputs\run_20260723_code_devign_winner_xfg_round1_retry1\sources\02_codexglue_devign_15133__pattern_dead_code__c1.c,inserted 1 unreachable pointer/array/length pattern block(s) near sensitive or structural lines nearest baseline winner-XFG key line 23,
02_codexglue_devign_15133,C:\Users\weijt\Desktop\UNSW\COMP9900\project\capstone-project-26t2-9900-t17a-almond\input_sources\devign\02_codexglue_devign_15133.c,pattern_dead_code,winner-xfg,arith,23,9.413681712603142e-16,"17,15",2,2,generated,ran,False,0,0,9.413681712603142e-16,5.4206233471632004e-05,5.420623347069064e-05,192,302,110,490,692,202,C:\Users\weijt\Desktop\UNSW\COMP9900\project\capstone-project-26t2-9900-t17a-almond\outputs\run_20260723_code_devign_winner_xfg_round1_retry1\runs\baseline\02_codexglue_devign_15133,C:\Users\weijt\Desktop\UNSW\COMP9900\project\capstone-project-26t2-9900-t17a-almond\outputs\run_20260723_code_devign_winner_xfg_round1_retry1\runs\perturbed\02_codexglue_devign_15133__pattern_dead_code__c2,C:\Users\weijt\Desktop\UNSW\COMP9900\project\capstone-project-26t2-9900-t17a-almond\outputs\run_20260723_code_devign_winner_xfg_round1_retry1\sources\02_codexglue_devign_15133__pattern_dead_code__c2.c,inserted 2 unreachable pointer/array/length pattern block(s) near sensitive or structural lines nearest baseline winner-XFG key line 23,
02_codexglue_devign_15133,C:\Users\weijt\Desktop\UNSW\COMP9900\project\capstone-project-26t2-9900-t17a-almond\input_sources\devign\02_codexglue_devign_15133.c,pattern_dead_code,winner-xfg,arith,23,9.413681712603142e-16,"17,15",3,2,partial,run_partial,False,0,0,9.413681712603142e-16,5.4206233471632004e-05,5.420623347069064e-05,192,302,110,490,692,202,C:\Users\weijt\Desktop\UNSW\COMP9900\project\capstone-project-26t2-9900-t17a-almond\outputs\run_20260723_code_devign_winner_xfg_round1_retry1\runs\baseline\02_codexglue_devign_15133,C:\Users\weijt\Desktop\UNSW\COMP9900\project\capstone-project-26t2-9900-t17a-almond\outputs\run_20260723_code_devign_winner_xfg_round1_retry1\runs\perturbed\02_codexglue_devign_15133__pattern_dead_code__c3,C:\Users\weijt\Desktop\UNSW\COMP9900\project\capstone-project-26t2-9900-t17a-almond\outputs\run_20260723_code_devign_winner_xfg_round1_retry1\sources\02_codexglue_devign_15133__pattern_dead_code__c3.c,inserted 2 unreachable pointer/array/length pattern block(s) near sensitive or structural lines nearest baseline winner-XFG key line 23,
02_codexglue_devign_15133,C:\Users\weijt\Desktop\UNSW\COMP9900\project\capstone-project-26t2-9900-t17a-almond\input_sources\devign\02_codexglue_devign_15133.c,control_wrapper,winner-xfg,arith,23,9.413681712603142e-16,23,1,1,generated,ran,False,0,0,9.413681712603142e-16,2.746799734212424e-16,-6.666881978390719e-16,192,196,4,490,500,10,C:\Users\weijt\Desktop\UNSW\COMP9900\project\capstone-project-26t2-9900-t17a-almond\outputs\run_20260723_code_devign_winner_xfg_round1_retry1\runs\baseline\02_codexglue_devign_15133,C:\Users\weijt\Desktop\UNSW\COMP9900\project\capstone-project-26t2-9900-t17a-almond\outputs\run_20260723_code_devign_winner_xfg_round1_retry1\runs\perturbed\02_codexglue_devign_15133__control_wrapper__c1,C:\Users\weijt\Desktop\UNSW\COMP9900\project\capstone-project-26t2-9900-t17a-almond\outputs\run_20260723_code_devign_winner_xfg_round1_retry1\sources\02_codexglue_devign_15133__control_wrapper__c1.c,wrapped 1 safe single-line statement(s) with if (1) blocks nearest baseline winner-XFG key line 23,
02_codexglue_devign_15133,C:\Users\weijt\Desktop\UNSW\COMP9900\project\capstone-project-26t2-9900-t17a-almond\input_sources\devign\02_codexglue_devign_15133.c,control_wrapper,winner-xfg,arith,23,9.413681712603142e-16,"23,31",2,2,generated,ran,False,0,0,9.413681712603142e-16,6.015131426805043e-13,6.00571774509244e-13,192,200,8,490,513,23,C:\Users\weijt\Desktop\UNSW\COMP9900\project\capstone-project-26t2-9900-t17a-almond\outputs\run_20260723_code_devign_winner_xfg_round1_retry1\runs\baseline\02_codexglue_devign_15133,C:\Users\weijt\Desktop\UNSW\COMP9900\project\capstone-project-26t2-9900-t17a-almond\outputs\run_20260723_code_devign_winner_xfg_round1_retry1\runs\perturbed\02_codexglue_devign_15133__control_wrapper__c2,C:\Users\weijt\Desktop\UNSW\COMP9900\project\capstone-project-26t2-9900-t17a-almond\outputs\run_20260723_code_devign_winner_xfg_round1_retry1\sources\02_codexglue_devign_15133__control_wrapper__c2.c,wrapped 2 safe single-line statement(s) with if (1) blocks nearest baseline winner-XFG key line 23,
02_codexglue_devign_15133,C:\Users\weijt\Desktop\UNSW\COMP9900\project\capstone-project-26t2-9900-t17a-almond\input_sources\devign\02_codexglue_devign_15133.c,control_wrapper,winner-xfg,arith,23,9.413681712603142e-16,"23,31,37",3,3,generated,ran,False,0,0,9.413681712603142e-16,6.015131426805043e-13,6.00571774509244e-13,192,204,12,490,522,32,C:\Users\weijt\Desktop\UNSW\COMP9900\project\capstone-project-26t2-9900-t17a-almond\outputs\run_20260723_code_devign_winner_xfg_round1_retry1\runs\baseline\02_codexglue_devign_15133,C:\Users\weijt\Desktop\UNSW\COMP9900\project\capstone-project-26t2-9900-t17a-almond\outputs\run_20260723_code_devign_winner_xfg_round1_retry1\runs\perturbed\02_codexglue_devign_15133__control_wrapper__c3,C:\Users\weijt\Desktop\UNSW\COMP9900\project\capstone-project-26t2-9900-t17a-almond\outputs\run_20260723_code_devign_winner_xfg_round1_retry1\sources\02_codexglue_devign_15133__control_wrapper__c3.c,wrapped 3 safe single-line statement(s) with if (1) blocks nearest baseline winner-XFG key line 23,
02_codexglue_devign_15133,C:\Users\weijt\Desktop\UNSW\COMP9900\project\capstone-project-26t2-9900-t17a-almond\input_sources\devign\02_codexglue_devign_15133.c,control_wrapper,winner-xfg,arith,23,9.413681712603142e-16,"23,31,37",5,3,partial,run_partial,False,0,0,9.413681712603142e-16,6.015131426805043e-13,6.00571774509244e-13,192,204,12,490,522,32,C:\Users\weijt\Desktop\UNSW\COMP9900\project\capstone-project-26t2-9900-t17a-almond\outputs\run_20260723_code_devign_winner_xfg_round1_retry1\runs\baseline\02_codexglue_devign_15133,C:\Users\weijt\Desktop\UNSW\COMP9900\project\capstone-project-26t2-9900-t17a-almond\outputs\run_20260723_code_devign_winner_xfg_round1_retry1\runs\perturbed\02_codexglue_devign_15133__control_wrapper__c5,C:\Users\weijt\Desktop\UNSW\COMP9900\project\capstone-project-26t2-9900-t17a-almond\outputs\run_20260723_code_devign_winner_xfg_round1_retry1\sources\02_codexglue_devign_15133__control_wrapper__c5.c,wrapped 3 safe single-line statement(s) with if (1) blocks nearest baseline winner-XFG key line 23,
02_codexglue_devign_15133,C:\Users\weijt\Desktop\UNSW\COMP9900\project\capstone-project-26t2-9900-t17a-almond\input_sources\devign\02_codexglue_devign_15133.c,temp_variable_split,winner-xfg,arith,23,9.413681712603142e-16,,1,0,skipped,ran,,,,,,,,,,,,,C:\Users\weijt\Desktop\UNSW\COMP9900\project\capstone-project-26t2-9900-t17a-almond\outputs\run_20260723_code_devign_winner_xfg_round1_retry1\runs\baseline\02_codexglue_devign_15133,,,no simple integer-like assignment candidate found,
03_codexglue_devign_14215,C:\Users\weijt\Desktop\UNSW\COMP9900\project\capstone-project-26t2-9900-t17a-almond\input_sources\devign\03_codexglue_devign_14215.c,data_flow_alias,winner-xfg,,,,,1,0,skipped,target_unavailable,,,,,,,,,,,,,C:\Users\weijt\Desktop\UNSW\COMP9900\project\capstone-project-26t2-9900-t17a-almond\outputs\run_20260723_code_devign_winner_xfg_round1_retry1\runs\baseline\03_codexglue_devign_14215,,,baseline did not provide an XFG key line for winner-XFG targeting,baseline did not provide an XFG key line for winner-XFG targeting
03_codexglue_devign_14215,C:\Users\weijt\Desktop\UNSW\COMP9900\project\capstone-project-26t2-9900-t17a-almond\input_sources\devign\03_codexglue_devign_14215.c,dead_statement,winner-xfg,,,,,1,0,skipped,target_unavailable,,,,,,,,,,,,,C:\Users\weijt\Desktop\UNSW\COMP9900\project\capstone-project-26t2-9900-t17a-almond\outputs\run_20260723_code_devign_winner_xfg_round1_retry1\runs\baseline\03_codexglue_devign_14215,,,baseline did not provide an XFG key line for winner-XFG targeting,baseline did not provide an XFG key line for winner-XFG targeting
03_codexglue_devign_14215,C:\Users\weijt\Desktop\UNSW\COMP9900\project\capstone-project-26t2-9900-t17a-almond\input_sources\devign\03_codexglue_devign_14215.c,xfg_targeted_dead_code,winner-xfg,,,,,1,0,skipped,target_unavailable,,,,,,,,,,,,,C:\Users\weijt\Desktop\UNSW\COMP9900\project\capstone-project-26t2-9900-t17a-almond\outputs\run_20260723_code_devign_winner_xfg_round1_retry1\runs\baseline\03_codexglue_devign_14215,,,baseline did not provide an XFG key line for winner-XFG targeting,baseline did not provide an XFG key line for winner-XFG targeting
03_codexglue_devign_14215,C:\Users\weijt\Desktop\UNSW\COMP9900\project\capstone-project-26t2-9900-t17a-almond\input_sources\devign\03_codexglue_devign_14215.c,range_clamp,winner-xfg,,,,,1,0,skipped,target_unavailable,,,,,,,,,,,,,C:\Users\weijt\Desktop\UNSW\COMP9900\project\capstone-project-26t2-9900-t17a-almond\outputs\run_20260723_code_devign_winner_xfg_round1_retry1\runs\baseline\03_codexglue_devign_14215,,,baseline did not provide an XFG key line for winner-XFG targeting,baseline did not provide an XFG key line for winner-XFG targeting
03_codexglue_devign_14215,C:\Users\weijt\Desktop\UNSW\COMP9900\project\capstone-project-26t2-9900-t17a-almond\input_sources\devign\03_codexglue_devign_14215.c,safe_source_substitution,winner-xfg,,,,,1,0,skipped,target_unavailable,,,,,,,,,,,,,C:\Users\weijt\Desktop\UNSW\COMP9900\project\capstone-project-26t2-9900-t17a-almond\outputs\run_20260723_code_devign_winner_xfg_round1_retry1\runs\baseline\03_codexglue_devign_14215,,,baseline did not provide an XFG key line for winner-XFG targeting,baseline did not provide an XFG key line for winner-XFG targeting
03_codexglue_devign_14215,C:\Users\weijt\Desktop\UNSW\COMP9900\project\capstone-project-26t2-9900-t17a-almond\input_sources\devign\03_codexglue_devign_14215.c,sink_bound_guard,winner-xfg,,,,,1,0,skipped,target_unavailable,,,,,,,,,,,,,C:\Users\weijt\Desktop\UNSW\COMP9900\project\capstone-project-26t2-9900-t17a-almond\outputs\run_20260723_code_devign_winner_xfg_round1_retry1\runs\baseline\03_codexglue_devign_14215,,,baseline did not provide an XFG key line for winner-XFG targeting,baseline did not provide an XFG key line for winner-XFG targeting
03_codexglue_devign_14215,C:\Users\weijt\Desktop\UNSW\COMP9900\project\capstone-project-26t2-9900-t17a-almond\input_sources\devign\03_codexglue_devign_14215.c,postcondition_validation,winner-xfg,,,,,1,0,skipped,target_unavailable,,,,,,,,,,,,,C:\Users\weijt\Desktop\UNSW\COMP9900\project\capstone-project-26t2-9900-t17a-almond\outputs\run_20260723_code_devign_winner_xfg_round1_retry1\runs\baseline\03_codexglue_devign_14215,,,baseline did not provide an XFG key line for winner-XFG targeting,baseline did not provide an XFG key line for winner-XFG targeting
03_codexglue_devign_14215,C:\Users\weijt\Desktop\UNSW\COMP9900\project\capstone-project-26t2-9900-t17a-almond\input_sources\devign\03_codexglue_devign_14215.c,integer_overflow_guard,winner-xfg,,,,,1,0,skipped,target_unavailable,,,,,,,,,,,,,C:\Users\weijt\Desktop\UNSW\COMP9900\project\capstone-project-26t2-9900-t17a-almond\outputs\run_20260723_code_devign_winner_xfg_round1_retry1\runs\baseline\03_codexglue_devign_14215,,,baseline did not provide an XFG key line for winner-XFG targeting,baseline did not provide an XFG key line for winner-XFG targeting
03_codexglue_devign_14215,C:\Users\weijt\Desktop\UNSW\COMP9900\project\capstone-project-26t2-9900-t17a-almond\input_sources\devign\03_codexglue_devign_14215.c,array_index_bound_guard,winner-xfg,,,,,1,0,skipped,target_unavailable,,,,,,,,,,,,,C:\Users\weijt\Desktop\UNSW\COMP9900\project\capstone-project-26t2-9900-t17a-almond\outputs\run_20260723_code_devign_winner_xfg_round1_retry1\runs\baseline\03_codexglue_devign_14215,,,baseline did not provide an XFG key line for winner-XFG targeting,baseline did not provide an XFG key line for winner-XFG targeting
03_codexglue_devign_14215,C:\Users\weijt\Desktop\UNSW\COMP9900\project\capstone-project-26t2-9900-t17a-almond\input_sources\devign\03_codexglue_devign_14215.c,wide_char_sink_guard,winner-xfg,,,,,1,0,skipped,target_unavailable,,,,,,,,,,,,,C:\Users\weijt\Desktop\UNSW\COMP9900\project\capstone-project-26t2-9900-t17a-almond\outputs\run_20260723_code_devign_winner_xfg_round1_retry1\runs\baseline\03_codexglue_devign_14215,,,baseline did not provide an XFG key line for winner-XFG targeting,baseline did not provide an XFG key line for winner-XFG targeting
03_codexglue_devign_14215,C:\Users\weijt\Desktop\UNSW\COMP9900\project\capstone-project-26t2-9900-t17a-almond\input_sources\devign\03_codexglue_devign_14215.c,pattern_dead_code,winner-xfg,,,,,1,0,skipped,target_unavailable,,,,,,,,,,,,,C:\Users\weijt\Desktop\UNSW\COMP9900\project\capstone-project-26t2-9900-t17a-almond\outputs\run_20260723_code_devign_winner_xfg_round1_retry1\runs\baseline\03_codexglue_devign_14215,,,baseline did not provide an XFG key line for winner-XFG targeting,baseline did not provide an XFG key line for winner-XFG targeting
03_codexglue_devign_14215,C:\Users\weijt\Desktop\UNSW\COMP9900\project\capstone-project-26t2-9900-t17a-almond\input_sources\devign\03_codexglue_devign_14215.c,control_wrapper,winner-xfg,,,,,1,0,skipped,target_unavailable,,,,,,,,,,,,,C:\Users\weijt\Desktop\UNSW\COMP9900\project\capstone-project-26t2-9900-t17a-almond\outputs\run_20260723_code_devign_winner_xfg_round1_retry1\runs\baseline\03_codexglue_devign_14215,,,baseline did not provide an XFG key line for winner-XFG targeting,baseline did not provide an XFG key line for winner-XFG targeting
03_codexglue_devign_14215,C:\Users\weijt\Desktop\UNSW\COMP9900\project\capstone-project-26t2-9900-t17a-almond\input_sources\devign\03_codexglue_devign_14215.c,temp_variable_split,winner-xfg,,,,,1,0,skipped,target_unavailable,,,,,,,,,,,,,C:\Users\weijt\Desktop\UNSW\COMP9900\project\capstone-project-26t2-9900-t17a-almond\outputs\run_20260723_code_devign_winner_xfg_round1_retry1\runs\baseline\03_codexglue_devign_14215,,,baseline did not provide an XFG key line for winner-XFG targeting,baseline did not provide an XFG key line for winner-XFG targeting
04_codexglue_devign_13727,C:\Users\weijt\Desktop\UNSW\COMP9900\project\capstone-project-26t2-9900-t17a-almond\input_sources\devign\04_codexglue_devign_13727.c,data_flow_alias,winner-xfg,array,5,0.002569464733824134,5,1,1,generated,ran,False,0,0,0.002569464733824134,0.002569464733824134,0.0,45,65,20,77,115,38,C:\Users\weijt\Desktop\UNSW\COMP9900\project\capstone-project-26t2-9900-t17a-almond\outputs\run_20260723_code_devign_winner_xfg_round1_retry1\runs\baseline\04_codexglue_devign_13727,C:\Users\weijt\Desktop\UNSW\COMP9900\project\capstone-project-26t2-9900-t17a-almond\outputs\run_20260723_code_devign_winner_xfg_round1_retry1\runs\perturbed\04_codexglue_devign_13727__data_flow_alias__c1,C:\Users\weijt\Desktop\UNSW\COMP9900\project\capstone-project-26t2-9900-t17a-almond\outputs\run_20260723_code_devign_winner_xfg_round1_retry1\sources\04_codexglue_devign_13727__data_flow_alias__c1.c,inserted 1 alias-preserving data-flow no-op(s) near call arguments nearest baseline winner-XFG key line 5,
04_codexglue_devign_13727,C:\Users\weijt\Desktop\UNSW\COMP9900\project\capstone-project-26t2-9900-t17a-almond\input_sources\devign\04_codexglue_devign_13727.c,data_flow_alias,winner-xfg,array,5,0.002569464733824134,5,2,1,partial,run_partial,False,0,0,0.002569464733824134,0.002569464733824134,0.0,45,65,20,77,115,38,C:\Users\weijt\Desktop\UNSW\COMP9900\project\capstone-project-26t2-9900-t17a-almond\outputs\run_20260723_code_devign_winner_xfg_round1_retry1\runs\baseline\04_codexglue_devign_13727,C:\Users\weijt\Desktop\UNSW\COMP9900\project\capstone-project-26t2-9900-t17a-almond\outputs\run_20260723_code_devign_winner_xfg_round1_retry1\runs\perturbed\04_codexglue_devign_13727__data_flow_alias__c2,C:\Users\weijt\Desktop\UNSW\COMP9900\project\capstone-project-26t2-9900-t17a-almond\outputs\run_20260723_code_devign_winner_xfg_round1_retry1\sources\04_codexglue_devign_13727__data_flow_alias__c2.c,inserted 1 alias-preserving data-flow no-op(s) near call arguments nearest baseline winner-XFG key line 5,
04_codexglue_devign_13727,C:\Users\weijt\Desktop\UNSW\COMP9900\project\capstone-project-26t2-9900-t17a-almond\input_sources\devign\04_codexglue_devign_13727.c,dead_statement,winner-xfg,array,5,0.002569464733824134,5,1,1,generated,ran,False,0,0,0.002569464733824134,0.002569464733824134,0.0,45,57,12,77,104,27,C:\Users\weijt\Desktop\UNSW\COMP9900\project\capstone-project-26t2-9900-t17a-almond\outputs\run_20260723_code_devign_winner_xfg_round1_retry1\runs\baseline\04_codexglue_devign_13727,C:\Users\weijt\Desktop\UNSW\COMP9900\project\capstone-project-26t2-9900-t17a-almond\outputs\run_20260723_code_devign_winner_xfg_round1_retry1\runs\perturbed\04_codexglue_devign_13727__dead_statement__c1,C:\Users\weijt\Desktop\UNSW\COMP9900\project\capstone-project-26t2-9900-t17a-almond\outputs\run_20260723_code_devign_winner_xfg_round1_retry1\sources\04_codexglue_devign_13727__dead_statement__c1.c,inserted 1 harmless dummy integer statement pair(s) nearest baseline winner-XFG key line 5,
04_codexglue_devign_13727,C:\Users\weijt\Desktop\UNSW\COMP9900\project\capstone-project-26t2-9900-t17a-almond\input_sources\devign\04_codexglue_devign_13727.c,dead_statement,winner-xfg,array,5,0.002569464733824134,5,2,2,generated,ran,False,0,0,0.002569464733824134,4.99882735311985e-05,-0.0025194764602929354,45,69,24,77,131,54,C:\Users\weijt\Desktop\UNSW\COMP9900\project\capstone-project-26t2-9900-t17a-almond\outputs\run_20260723_code_devign_winner_xfg_round1_retry1\runs\baseline\04_codexglue_devign_13727,C:\Users\weijt\Desktop\UNSW\COMP9900\project\capstone-project-26t2-9900-t17a-almond\outputs\run_20260723_code_devign_winner_xfg_round1_retry1\runs\perturbed\04_codexglue_devign_13727__dead_statement__c2,C:\Users\weijt\Desktop\UNSW\COMP9900\project\capstone-project-26t2-9900-t17a-almond\outputs\run_20260723_code_devign_winner_xfg_round1_retry1\sources\04_codexglue_devign_13727__dead_statement__c2.c,inserted 2 harmless dummy integer statement pair(s) nearest baseline winner-XFG key line 5,
04_codexglue_devign_13727,C:\Users\weijt\Desktop\UNSW\COMP9900\project\capstone-project-26t2-9900-t17a-almond\input_sources\devign\04_codexglue_devign_13727.c,dead_statement,winner-xfg,array,5,0.002569464733824134,5,3,3,generated,ran,False,0,0,0.002569464733824134,0.002569464733824134,0.0,45,81,36,77,158,81,C:\Users\weijt\Desktop\UNSW\COMP9900\project\capstone-project-26t2-9900-t17a-almond\outputs\run_20260723_code_devign_winner_xfg_round1_retry1\runs\baseline\04_codexglue_devign_13727,C:\Users\weijt\Desktop\UNSW\COMP9900\project\capstone-project-26t2-9900-t17a-almond\outputs\run_20260723_code_devign_winner_xfg_round1_retry1\runs\perturbed\04_codexglue_devign_13727__dead_statement__c3,C:\Users\weijt\Desktop\UNSW\COMP9900\project\capstone-project-26t2-9900-t17a-almond\outputs\run_20260723_code_devign_winner_xfg_round1_retry1\sources\04_codexglue_devign_13727__dead_statement__c3.c,inserted 3 harmless dummy integer statement pair(s) nearest baseline winner-XFG key line 5,
04_codexglue_devign_13727,C:\Users\weijt\Desktop\UNSW\COMP9900\project\capstone-project-26t2-9900-t17a-almond\input_sources\devign\04_codexglue_devign_13727.c,dead_statement,winner-xfg,array,5,0.002569464733824134,5,5,5,generated,ran,False,0,0,0.002569464733824134,0.002569464733824134,0.0,45,105,60,77,212,135,C:\Users\weijt\Desktop\UNSW\COMP9900\project\capstone-project-26t2-9900-t17a-almond\outputs\run_20260723_code_devign_winner_xfg_round1_retry1\runs\baseline\04_codexglue_devign_13727,C:\Users\weijt\Desktop\UNSW\COMP9900\project\capstone-project-26t2-9900-t17a-almond\outputs\run_20260723_code_devign_winner_xfg_round1_retry1\runs\perturbed\04_codexglue_devign_13727__dead_statement__c5,C:\Users\weijt\Desktop\UNSW\COMP9900\project\capstone-project-26t2-9900-t17a-almond\outputs\run_20260723_code_devign_winner_xfg_round1_retry1\sources\04_codexglue_devign_13727__dead_statement__c5.c,inserted 5 harmless dummy integer statement pair(s) nearest baseline winner-XFG key line 5,
04_codexglue_devign_13727,C:\Users\weijt\Desktop\UNSW\COMP9900\project\capstone-project-26t2-9900-t17a-almond\input_sources\devign\04_codexglue_devign_13727.c,xfg_targeted_dead_code,winner-xfg,array,5,0.002569464733824134,5,1,1,generated,ran,False,0,0,0.002569464733824134,4.99882735311985e-05,-0.0025194764602929354,45,61,16,77,113,36,C:\Users\weijt\Desktop\UNSW\COMP9900\project\capstone-project-26t2-9900-t17a-almond\outputs\run_20260723_code_devign_winner_xfg_round1_retry1\runs\baseline\04_codexglue_devign_13727,C:\Users\weijt\Desktop\UNSW\COMP9900\project\capstone-project-26t2-9900-t17a-almond\outputs\run_20260723_code_devign_winner_xfg_round1_retry1\runs\perturbed\04_codexglue_devign_13727__xfg_targeted_dead_code__c1,C:\Users\weijt\Desktop\UNSW\COMP9900\project\capstone-project-26t2-9900-t17a-almond\outputs\run_20260723_code_devign_winner_xfg_round1_retry1\sources\04_codexglue_devign_13727__xfg_targeted_dead_code__c1.c,inserted 1 unreachable no-op block(s) near XFG-relevant target lines nearest baseline winner-XFG key line 5,
04_codexglue_devign_13727,C:\Users\weijt\Desktop\UNSW\COMP9900\project\capstone-project-26t2-9900-t17a-almond\input_sources\devign\04_codexglue_devign_13727.c,xfg_targeted_dead_code,winner-xfg,array,5,0.002569464733824134,5,2,1,partial,run_partial,False,0,0,0.002569464733824134,4.99882735311985e-05,-0.0025194764602929354,45,61,16,77,113,36,C:\Users\weijt\Desktop\UNSW\COMP9900\project\capstone-project-26t2-9900-t17a-almond\outputs\run_20260723_code_devign_winner_xfg_round1_retry1\runs\baseline\04_codexglue_devign_13727,C:\Users\weijt\Desktop\UNSW\COMP9900\project\capstone-project-26t2-9900-t17a-almond\outputs\run_20260723_code_devign_winner_xfg_round1_retry1\runs\perturbed\04_codexglue_devign_13727__xfg_targeted_dead_code__c2,C:\Users\weijt\Desktop\UNSW\COMP9900\project\capstone-project-26t2-9900-t17a-almond\outputs\run_20260723_code_devign_winner_xfg_round1_retry1\sources\04_codexglue_devign_13727__xfg_targeted_dead_code__c2.c,inserted 1 unreachable no-op block(s) near XFG-relevant target lines nearest baseline winner-XFG key line 5,
04_codexglue_devign_13727,C:\Users\weijt\Desktop\UNSW\COMP9900\project\capstone-project-26t2-9900-t17a-almond\input_sources\devign\04_codexglue_devign_13727.c,range_clamp,winner-xfg,array,5,0.002569464733824134,,1,0,skipped,ran,,,,,,,,,,,,,C:\Users\weijt\Desktop\UNSW\COMP9900\project\capstone-project-26t2-9900-t17a-almond\outputs\run_20260723_code_devign_winner_xfg_round1_retry1\runs\baseline\04_codexglue_devign_13727,,,no sensitive call with a clampable size/count argument found,
04_codexglue_devign_13727,C:\Users\weijt\Desktop\UNSW\COMP9900\project\capstone-project-26t2-9900-t17a-almond\input_sources\devign\04_codexglue_devign_13727.c,safe_source_substitution,winner-xfg,array,5,0.002569464733824134,,1,0,skipped,ran,,,,,,,,,,,,,C:\Users\weijt\Desktop\UNSW\COMP9900\project\capstone-project-26t2-9900-t17a-almond\outputs\run_20260723_code_devign_winner_xfg_round1_retry1\runs\baseline\04_codexglue_devign_13727,,,no nested pointer dereference source found,
04_codexglue_devign_13727,C:\Users\weijt\Desktop\UNSW\COMP9900\project\capstone-project-26t2-9900-t17a-almond\input_sources\devign\04_codexglue_devign_13727.c,sink_bound_guard,winner-xfg,array,5,0.002569464733824134,,1,0,skipped,ran,,,,,,,,,,,,,C:\Users\weijt\Desktop\UNSW\COMP9900\project\capstone-project-26t2-9900-t17a-almond\outputs\run_20260723_code_devign_winner_xfg_round1_retry1\runs\baseline\04_codexglue_devign_13727,,,no sensitive sink call found for bound guard insertion,
04_codexglue_devign_13727,C:\Users\weijt\Desktop\UNSW\COMP9900\project\capstone-project-26t2-9900-t17a-almond\input_sources\devign\04_codexglue_devign_13727.c,postcondition_validation,winner-xfg,array,5,0.002569464733824134,,1,0,skipped,target_unavailable,,,,,,,,,,,,,C:\Users\weijt\Desktop\UNSW\COMP9900\project\capstone-project-26t2-9900-t17a-almond\outputs\run_20260723_code_devign_winner_xfg_round1_retry1\runs\baseline\04_codexglue_devign_13727,,,action postcondition_validation has no winner-XFG-local implementation,action postcondition_validation has no winner-XFG-local implementation
04_codexglue_devign_13727,C:\Users\weijt\Desktop\UNSW\COMP9900\project\capstone-project-26t2-9900-t17a-almond\input_sources\devign\04_codexglue_devign_13727.c,integer_overflow_guard,winner-xfg,array,5,0.002569464733824134,,1,0,skipped,ran,,,,,,,,,,,,,C:\Users\weijt\Desktop\UNSW\COMP9900\project\capstone-project-26t2-9900-t17a-almond\outputs\run_20260723_code_devign_winner_xfg_round1_retry1\runs\baseline\04_codexglue_devign_13727,,,no allocation size addition or multiplication expression found,
04_codexglue_devign_13727,C:\Users\weijt\Desktop\UNSW\COMP9900\project\capstone-project-26t2-9900-t17a-almond\input_sources\devign\04_codexglue_devign_13727.c,array_index_bound_guard,winner-xfg,array,5,0.002569464733824134,5,1,1,generated,ran,False,0,0,0.002569464733824134,8.079847475528368e-07,-0.002568656749076581,45,71,26,77,118,41,C:\Users\weijt\Desktop\UNSW\COMP9900\project\capstone-project-26t2-9900-t17a-almond\outputs\run_20260723_code_devign_winner_xfg_round1_retry1\runs\baseline\04_codexglue_devign_13727,C:\Users\weijt\Desktop\UNSW\COMP9900\project\capstone-project-26t2-9900-t17a-almond\outputs\run_20260723_code_devign_winner_xfg_round1_retry1\runs\perturbed\04_codexglue_devign_13727__array_index_bound_guard__c1,C:\Users\weijt\Desktop\UNSW\COMP9900\project\capstone-project-26t2-9900-t17a-almond\outputs\run_20260723_code_devign_winner_xfg_round1_retry1\sources\04_codexglue_devign_13727__array_index_bound_guard__c1.c,wrapped 1 array write(s) with index lower/upper bound guards nearest baseline winner-XFG key line 5,
04_codexglue_devign_13727,C:\Users\weijt\Desktop\UNSW\COMP9900\project\capstone-project-26t2-9900-t17a-almond\input_sources\devign\04_codexglue_devign_13727.c,array_index_bound_guard,winner-xfg,array,5,0.002569464733824134,5,2,1,partial,run_partial,False,0,0,0.002569464733824134,8.079847475528368e-07,-0.002568656749076581,45,71,26,77,118,41,C:\Users\weijt\Desktop\UNSW\COMP9900\project\capstone-project-26t2-9900-t17a-almond\outputs\run_20260723_code_devign_winner_xfg_round1_retry1\runs\baseline\04_codexglue_devign_13727,C:\Users\weijt\Desktop\UNSW\COMP9900\project\capstone-project-26t2-9900-t17a-almond\outputs\run_20260723_code_devign_winner_xfg_round1_retry1\runs\perturbed\04_codexglue_devign_13727__array_index_bound_guard__c2,C:\Users\weijt\Desktop\UNSW\COMP9900\project\capstone-project-26t2-9900-t17a-almond\outputs\run_20260723_code_devign_winner_xfg_round1_retry1\sources\04_codexglue_devign_13727__array_index_bound_guard__c2.c,wrapped 1 array write(s) with index lower/upper bound guards nearest baseline winner-XFG key line 5,
04_codexglue_devign_13727,C:\Users\weijt\Desktop\UNSW\COMP9900\project\capstone-project-26t2-9900-t17a-almond\input_sources\devign\04_codexglue_devign_13727.c,wide_char_sink_guard,winner-xfg,array,5,0.002569464733824134,,1,0,skipped,ran,,,,,,,,,,,,,C:\Users\weijt\Desktop\UNSW\COMP9900\project\capstone-project-26t2-9900-t17a-almond\outputs\run_20260723_code_devign_winner_xfg_round1_retry1\runs\baseline\04_codexglue_devign_13727,,,no wcscat/wcscpy wide-character sink found,
04_codexglue_devign_13727,C:\Users\weijt\Desktop\UNSW\COMP9900\project\capstone-project-26t2-9900-t17a-almond\input_sources\devign\04_codexglue_devign_13727.c,pattern_dead_code,winner-xfg,array,5,0.002569464733824134,5,1,1,generated,ran,False,0,0,0.002569464733824134,0.002569465897977352,1.1641532182693481e-09,45,100,55,77,178,101,C:\Users\weijt\Desktop\UNSW\COMP9900\project\capstone-project-26t2-9900-t17a-almond\outputs\run_20260723_code_devign_winner_xfg_round1_retry1\runs\baseline\04_codexglue_devign_13727,C:\Users\weijt\Desktop\UNSW\COMP9900\project\capstone-project-26t2-9900-t17a-almond\outputs\run_20260723_code_devign_winner_xfg_round1_retry1\runs\perturbed\04_codexglue_devign_13727__pattern_dead_code__c1,C:\Users\weijt\Desktop\UNSW\COMP9900\project\capstone-project-26t2-9900-t17a-almond\outputs\run_20260723_code_devign_winner_xfg_round1_retry1\sources\04_codexglue_devign_13727__pattern_dead_code__c1.c,inserted 1 unreachable pointer/array/length pattern block(s) near sensitive or structural lines nearest baseline winner-XFG key line 5,
04_codexglue_devign_13727,C:\Users\weijt\Desktop\UNSW\COMP9900\project\capstone-project-26t2-9900-t17a-almond\input_sources\devign\04_codexglue_devign_13727.c,pattern_dead_code,winner-xfg,array,5,0.002569464733824134,5,2,1,partial,run_partial,False,0,0,0.002569464733824134,0.002569465897977352,1.1641532182693481e-09,45,100,55,77,178,101,C:\Users\weijt\Desktop\UNSW\COMP9900\project\capstone-project-26t2-9900-t17a-almond\outputs\run_20260723_code_devign_winner_xfg_round1_retry1\runs\baseline\04_codexglue_devign_13727,C:\Users\weijt\Desktop\UNSW\COMP9900\project\capstone-project-26t2-9900-t17a-almond\outputs\run_20260723_code_devign_winner_xfg_round1_retry1\runs\perturbed\04_codexglue_devign_13727__pattern_dead_code__c2,C:\Users\weijt\Desktop\UNSW\COMP9900\project\capstone-project-26t2-9900-t17a-almond\outputs\run_20260723_code_devign_winner_xfg_round1_retry1\sources\04_codexglue_devign_13727__pattern_dead_code__c2.c,inserted 1 unreachable pointer/array/length pattern block(s) near sensitive or structural lines nearest baseline winner-XFG key line 5,
04_codexglue_devign_13727,C:\Users\weijt\Desktop\UNSW\COMP9900\project\capstone-project-26t2-9900-t17a-almond\input_sources\devign\04_codexglue_devign_13727.c,control_wrapper,winner-xfg,array,5,0.002569464733824134,5,1,1,generated,ran,False,0,0,0.002569464733824134,0.0029199826531112194,0.00035051791928708553,45,49,4,77,86,9,C:\Users\weijt\Desktop\UNSW\COMP9900\project\capstone-project-26t2-9900-t17a-almond\outputs\run_20260723_code_devign_winner_xfg_round1_retry1\runs\baseline\04_codexglue_devign_13727,C:\Users\weijt\Desktop\UNSW\COMP9900\project\capstone-project-26t2-9900-t17a-almond\outputs\run_20260723_code_devign_winner_xfg_round1_retry1\runs\perturbed\04_codexglue_devign_13727__control_wrapper__c1,C:\Users\weijt\Desktop\UNSW\COMP9900\project\capstone-project-26t2-9900-t17a-almond\outputs\run_20260723_code_devign_winner_xfg_round1_retry1\sources\04_codexglue_devign_13727__control_wrapper__c1.c,wrapped 1 safe single-line statement(s) with if (1) blocks nearest baseline winner-XFG key line 5,
04_codexglue_devign_13727,C:\Users\weijt\Desktop\UNSW\COMP9900\project\capstone-project-26t2-9900-t17a-almond\input_sources\devign\04_codexglue_devign_13727.c,control_wrapper,winner-xfg,array,5,0.002569464733824134,5,2,1,partial,run_partial,False,0,0,0.002569464733824134,0.0029199826531112194,0.00035051791928708553,45,49,4,77,86,9,C:\Users\weijt\Desktop\UNSW\COMP9900\project\capstone-project-26t2-9900-t17a-almond\outputs\run_20260723_code_devign_winner_xfg_round1_retry1\runs\baseline\04_codexglue_devign_13727,C:\Users\weijt\Desktop\UNSW\COMP9900\project\capstone-project-26t2-9900-t17a-almond\outputs\run_20260723_code_devign_winner_xfg_round1_retry1\runs\perturbed\04_codexglue_devign_13727__control_wrapper__c2,C:\Users\weijt\Desktop\UNSW\COMP9900\project\capstone-project-26t2-9900-t17a-almond\outputs\run_20260723_code_devign_winner_xfg_round1_retry1\sources\04_codexglue_devign_13727__control_wrapper__c2.c,wrapped 1 safe single-line statement(s) with if (1) blocks nearest baseline winner-XFG key line 5,
04_codexglue_devign_13727,C:\Users\weijt\Desktop\UNSW\COMP9900\project\capstone-project-26t2-9900-t17a-almond\input_sources\devign\04_codexglue_devign_13727.c,temp_variable_split,winner-xfg,array,5,0.002569464733824134,,1,0,skipped,ran,,,,,,,,,,,,,C:\Users\weijt\Desktop\UNSW\COMP9900\project\capstone-project-26t2-9900-t17a-almond\outputs\run_20260723_code_devign_winner_xfg_round1_retry1\runs\baseline\04_codexglue_devign_13727,,,no simple integer-like assignment candidate found,
05_codexglue_devign_6599,C:\Users\weijt\Desktop\UNSW\COMP9900\project\capstone-project-26t2-9900-t17a-almond\input_sources\devign\05_codexglue_devign_6599.c,data_flow_alias,winner-xfg,ptr,45,4.58755812360323e-06,45,1,1,generated,ran,False,0,0,4.58755812360323e-06,7.340740467043361e-06,2.7531823434401304e-06,243,263,20,490,528,38,C:\Users\weijt\Desktop\UNSW\COMP9900\project\capstone-project-26t2-9900-t17a-almond\outputs\run_20260723_code_devign_winner_xfg_round1_retry1\runs\baseline\05_codexglue_devign_6599,C:\Users\weijt\Desktop\UNSW\COMP9900\project\capstone-project-26t2-9900-t17a-almond\outputs\run_20260723_code_devign_winner_xfg_round1_retry1\runs\perturbed\05_codexglue_devign_6599__data_flow_alias__c1,C:\Users\weijt\Desktop\UNSW\COMP9900\project\capstone-project-26t2-9900-t17a-almond\outputs\run_20260723_code_devign_winner_xfg_round1_retry1\sources\05_codexglue_devign_6599__data_flow_alias__c1.c,inserted 1 alias-preserving data-flow no-op(s) near call arguments nearest baseline winner-XFG key line 45,
05_codexglue_devign_6599,C:\Users\weijt\Desktop\UNSW\COMP9900\project\capstone-project-26t2-9900-t17a-almond\input_sources\devign\05_codexglue_devign_6599.c,data_flow_alias,winner-xfg,ptr,45,4.58755812360323e-06,"45,41",2,2,generated,ran,False,0,0,4.58755812360323e-06,1.6020674593164586e-05,1.1433116469561355e-05,243,283,40,490,566,76,C:\Users\weijt\Desktop\UNSW\COMP9900\project\capstone-project-26t2-9900-t17a-almond\outputs\run_20260723_code_devign_winner_xfg_round1_retry1\runs\baseline\05_codexglue_devign_6599,C:\Users\weijt\Desktop\UNSW\COMP9900\project\capstone-project-26t2-9900-t17a-almond\outputs\run_20260723_code_devign_winner_xfg_round1_retry1\runs\perturbed\05_codexglue_devign_6599__data_flow_alias__c2,C:\Users\weijt\Desktop\UNSW\COMP9900\project\capstone-project-26t2-9900-t17a-almond\outputs\run_20260723_code_devign_winner_xfg_round1_retry1\sources\05_codexglue_devign_6599__data_flow_alias__c2.c,inserted 2 alias-preserving data-flow no-op(s) near call arguments nearest baseline winner-XFG key line 45,
05_codexglue_devign_6599,C:\Users\weijt\Desktop\UNSW\COMP9900\project\capstone-project-26t2-9900-t17a-almond\input_sources\devign\05_codexglue_devign_6599.c,data_flow_alias,winner-xfg,ptr,45,4.58755812360323e-06,"45,41,29",3,3,generated,ran,False,0,0,4.58755812360323e-06,7.409475074382499e-05,6.950719262022176e-05,243,303,60,490,604,114,C:\Users\weijt\Desktop\UNSW\COMP9900\project\capstone-project-26t2-9900-t17a-almond\outputs\run_20260723_code_devign_winner_xfg_round1_retry1\runs\baseline\05_codexglue_devign_6599,C:\Users\weijt\Desktop\UNSW\COMP9900\project\capstone-project-26t2-9900-t17a-almond\outputs\run_20260723_code_devign_winner_xfg_round1_retry1\runs\perturbed\05_codexglue_devign_6599__data_flow_alias__c3,C:\Users\weijt\Desktop\UNSW\COMP9900\project\capstone-project-26t2-9900-t17a-almond\outputs\run_20260723_code_devign_winner_xfg_round1_retry1\sources\05_codexglue_devign_6599__data_flow_alias__c3.c,inserted 3 alias-preserving data-flow no-op(s) near call arguments nearest baseline winner-XFG key line 45,
05_codexglue_devign_6599,C:\Users\weijt\Desktop\UNSW\COMP9900\project\capstone-project-26t2-9900-t17a-almond\input_sources\devign\05_codexglue_devign_6599.c,data_flow_alias,winner-xfg,ptr,45,4.58755812360323e-06,"45,41,29,61,27",5,5,generated,ran,False,0,0,4.58755812360323e-06,0.000125559774460271,0.00012097221633666777,243,343,100,490,676,186,C:\Users\weijt\Desktop\UNSW\COMP9900\project\capstone-project-26t2-9900-t17a-almond\outputs\run_20260723_code_devign_winner_xfg_round1_retry1\runs\baseline\05_codexglue_devign_6599,C:\Users\weijt\Desktop\UNSW\COMP9900\project\capstone-project-26t2-9900-t17a-almond\outputs\run_20260723_code_devign_winner_xfg_round1_retry1\runs\perturbed\05_codexglue_devign_6599__data_flow_alias__c5,C:\Users\weijt\Desktop\UNSW\COMP9900\project\capstone-project-26t2-9900-t17a-almond\outputs\run_20260723_code_devign_winner_xfg_round1_retry1\sources\05_codexglue_devign_6599__data_flow_alias__c5.c,inserted 5 alias-preserving data-flow no-op(s) near call arguments nearest baseline winner-XFG key line 45,
05_codexglue_devign_6599,C:\Users\weijt\Desktop\UNSW\COMP9900\project\capstone-project-26t2-9900-t17a-almond\input_sources\devign\05_codexglue_devign_6599.c,dead_statement,winner-xfg,ptr,45,4.58755812360323e-06,41,1,1,generated,ran,False,0,0,4.58755812360323e-06,2.4135968033078825e-06,-2.173961320295348e-06,243,255,12,490,517,27,C:\Users\weijt\Desktop\UNSW\COMP9900\project\capstone-project-26t2-9900-t17a-almond\outputs\run_20260723_code_devign_winner_xfg_round1_retry1\runs\baseline\05_codexglue_devign_6599,C:\Users\weijt\Desktop\UNSW\COMP9900\project\capstone-project-26t2-9900-t17a-almond\outputs\run_20260723_code_devign_winner_xfg_round1_retry1\runs\perturbed\05_codexglue_devign_6599__dead_statement__c1,C:\Users\weijt\Desktop\UNSW\COMP9900\project\capstone-project-26t2-9900-t17a-almond\outputs\run_20260723_code_devign_winner_xfg_round1_retry1\sources\05_codexglue_devign_6599__dead_statement__c1.c,inserted 1 harmless dummy integer statement pair(s) nearest baseline winner-XFG key line 45,
05_codexglue_devign_6599,C:\Users\weijt\Desktop\UNSW\COMP9900\project\capstone-project-26t2-9900-t17a-almond\input_sources\devign\05_codexglue_devign_6599.c,dead_statement,winner-xfg,ptr,45,4.58755812360323e-06,41,2,2,generated,ran,False,0,0,4.58755812360323e-06,2.4135968033078825e-06,-2.173961320295348e-06,243,267,24,490,544,54,C:\Users\weijt\Desktop\UNSW\COMP9900\project\capstone-project-26t2-9900-t17a-almond\outputs\run_20260723_code_devign_winner_xfg_round1_retry1\runs\baseline\05_codexglue_devign_6599,C:\Users\weijt\Desktop\UNSW\COMP9900\project\capstone-project-26t2-9900-t17a-almond\outputs\run_20260723_code_devign_winner_xfg_round1_retry1\runs\perturbed\05_codexglue_devign_6599__dead_statement__c2,C:\Users\weijt\Desktop\UNSW\COMP9900\project\capstone-project-26t2-9900-t17a-almond\outputs\run_20260723_code_devign_winner_xfg_round1_retry1\sources\05_codexglue_devign_6599__dead_statement__c2.c,inserted 2 harmless dummy integer statement pair(s) nearest baseline winner-XFG key line 45,
05_codexglue_devign_6599,C:\Users\weijt\Desktop\UNSW\COMP9900\project\capstone-project-26t2-9900-t17a-almond\input_sources\devign\05_codexglue_devign_6599.c,dead_statement,winner-xfg,ptr,45,4.58755812360323e-06,41,3,3,generated,ran,False,0,0,4.58755812360323e-06,3.605925712690805e-06,-9.816324109124253e-07,243,279,36,490,571,81,C:\Users\weijt\Desktop\UNSW\COMP9900\project\capstone-project-26t2-9900-t17a-almond\outputs\run_20260723_code_devign_winner_xfg_round1_retry1\runs\baseline\05_codexglue_devign_6599,C:\Users\weijt\Desktop\UNSW\COMP9900\project\capstone-project-26t2-9900-t17a-almond\outputs\run_20260723_code_devign_winner_xfg_round1_retry1\runs\perturbed\05_codexglue_devign_6599__dead_statement__c3,C:\Users\weijt\Desktop\UNSW\COMP9900\project\capstone-project-26t2-9900-t17a-almond\outputs\run_20260723_code_devign_winner_xfg_round1_retry1\sources\05_codexglue_devign_6599__dead_statement__c3.c,inserted 3 harmless dummy integer statement pair(s) nearest baseline winner-XFG key line 45,
05_codexglue_devign_6599,C:\Users\weijt\Desktop\UNSW\COMP9900\project\capstone-project-26t2-9900-t17a-almond\input_sources\devign\05_codexglue_devign_6599.c,dead_statement,winner-xfg,ptr,45,4.58755812360323e-06,41,5,5,generated,ran,False,0,0,4.58755812360323e-06,2.5466888473602012e-05,2.087933034999878e-05,243,303,60,490,625,135,C:\Users\weijt\Desktop\UNSW\COMP9900\project\capstone-project-26t2-9900-t17a-almond\outputs\run_20260723_code_devign_winner_xfg_round1_retry1\runs\baseline\05_codexglue_devign_6599,C:\Users\weijt\Desktop\UNSW\COMP9900\project\capstone-project-26t2-9900-t17a-almond\outputs\run_20260723_code_devign_winner_xfg_round1_retry1\runs\perturbed\05_codexglue_devign_6599__dead_statement__c5,C:\Users\weijt\Desktop\UNSW\COMP9900\project\capstone-project-26t2-9900-t17a-almond\outputs\run_20260723_code_devign_winner_xfg_round1_retry1\sources\05_codexglue_devign_6599__dead_statement__c5.c,inserted 5 harmless dummy integer statement pair(s) nearest baseline winner-XFG key line 45,
05_codexglue_devign_6599,C:\Users\weijt\Desktop\UNSW\COMP9900\project\capstone-project-26t2-9900-t17a-almond\input_sources\devign\05_codexglue_devign_6599.c,xfg_targeted_dead_code,winner-xfg,ptr,45,4.58755812360323e-06,45,1,1,generated,ran,False,0,0,4.58755812360323e-06,2.5830547656369163e-06,-2.004503357966314e-06,243,259,16,490,526,36,C:\Users\weijt\Desktop\UNSW\COMP9900\project\capstone-project-26t2-9900-t17a-almond\outputs\run_20260723_code_devign_winner_xfg_round1_retry1\runs\baseline\05_codexglue_devign_6599,C:\Users\weijt\Desktop\UNSW\COMP9900\project\capstone-project-26t2-9900-t17a-almond\outputs\run_20260723_code_devign_winner_xfg_round1_retry1\runs\perturbed\05_codexglue_devign_6599__xfg_targeted_dead_code__c1,C:\Users\weijt\Desktop\UNSW\COMP9900\project\capstone-project-26t2-9900-t17a-almond\outputs\run_20260723_code_devign_winner_xfg_round1_retry1\sources\05_codexglue_devign_6599__xfg_targeted_dead_code__c1.c,inserted 1 unreachable no-op block(s) near XFG-relevant target lines nearest baseline winner-XFG key line 45,
05_codexglue_devign_6599,C:\Users\weijt\Desktop\UNSW\COMP9900\project\capstone-project-26t2-9900-t17a-almond\input_sources\devign\05_codexglue_devign_6599.c,xfg_targeted_dead_code,winner-xfg,ptr,45,4.58755812360323e-06,"45,15",2,2,generated,ran,False,0,0,4.58755812360323e-06,2.4135968033078825e-06,-2.173961320295348e-06,243,275,32,490,562,72,C:\Users\weijt\Desktop\UNSW\COMP9900\project\capstone-project-26t2-9900-t17a-almond\outputs\run_20260723_code_devign_winner_xfg_round1_retry1\runs\baseline\05_codexglue_devign_6599,C:\Users\weijt\Desktop\UNSW\COMP9900\project\capstone-project-26t2-9900-t17a-almond\outputs\run_20260723_code_devign_winner_xfg_round1_retry1\runs\perturbed\05_codexglue_devign_6599__xfg_targeted_dead_code__c2,C:\Users\weijt\Desktop\UNSW\COMP9900\project\capstone-project-26t2-9900-t17a-almond\outputs\run_20260723_code_devign_winner_xfg_round1_retry1\sources\05_codexglue_devign_6599__xfg_targeted_dead_code__c2.c,inserted 2 unreachable no-op block(s) near XFG-relevant target lines nearest baseline winner-XFG key line 45,
05_codexglue_devign_6599,C:\Users\weijt\Desktop\UNSW\COMP9900\project\capstone-project-26t2-9900-t17a-almond\input_sources\devign\05_codexglue_devign_6599.c,xfg_targeted_dead_code,winner-xfg,ptr,45,4.58755812360323e-06,"45,15,91",3,3,generated,ran,False,0,0,4.58755812360323e-06,2.4135968033078825e-06,-2.173961320295348e-06,243,291,48,490,598,108,C:\Users\weijt\Desktop\UNSW\COMP9900\project\capstone-project-26t2-9900-t17a-almond\outputs\run_20260723_code_devign_winner_xfg_round1_retry1\runs\baseline\05_codexglue_devign_6599,C:\Users\weijt\Desktop\UNSW\COMP9900\project\capstone-project-26t2-9900-t17a-almond\outputs\run_20260723_code_devign_winner_xfg_round1_retry1\runs\perturbed\05_codexglue_devign_6599__xfg_targeted_dead_code__c3,C:\Users\weijt\Desktop\UNSW\COMP9900\project\capstone-project-26t2-9900-t17a-almond\outputs\run_20260723_code_devign_winner_xfg_round1_retry1\sources\05_codexglue_devign_6599__xfg_targeted_dead_code__c3.c,inserted 3 unreachable no-op block(s) near XFG-relevant target lines nearest baseline winner-XFG key line 45,
05_codexglue_devign_6599,C:\Users\weijt\Desktop\UNSW\COMP9900\project\capstone-project-26t2-9900-t17a-almond\input_sources\devign\05_codexglue_devign_6599.c,xfg_targeted_dead_code,winner-xfg,ptr,45,4.58755812360323e-06,"45,15,91,93,95",5,5,generated,ran,False,0,0,4.58755812360323e-06,5.210374638409121e-07,-4.066520659762318e-06,243,323,80,490,670,180,C:\Users\weijt\Desktop\UNSW\COMP9900\project\capstone-project-26t2-9900-t17a-almond\outputs\run_20260723_code_devign_winner_xfg_round1_retry1\runs\baseline\05_codexglue_devign_6599,C:\Users\weijt\Desktop\UNSW\COMP9900\project\capstone-project-26t2-9900-t17a-almond\outputs\run_20260723_code_devign_winner_xfg_round1_retry1\runs\perturbed\05_codexglue_devign_6599__xfg_targeted_dead_code__c5,C:\Users\weijt\Desktop\UNSW\COMP9900\project\capstone-project-26t2-9900-t17a-almond\outputs\run_20260723_code_devign_winner_xfg_round1_retry1\sources\05_codexglue_devign_6599__xfg_targeted_dead_code__c5.c,inserted 5 unreachable no-op block(s) near XFG-relevant target lines nearest baseline winner-XFG key line 45,
05_codexglue_devign_6599,C:\Users\weijt\Desktop\UNSW\COMP9900\project\capstone-project-26t2-9900-t17a-almond\input_sources\devign\05_codexglue_devign_6599.c,range_clamp,winner-xfg,ptr,45,4.58755812360323e-06,93,1,1,generated,ran,False,0,0,4.58755812360323e-06,2.4135968033078825e-06,-2.173961320295348e-06,243,273,30,490,558,68,C:\Users\weijt\Desktop\UNSW\COMP9900\project\capstone-project-26t2-9900-t17a-almond\outputs\run_20260723_code_devign_winner_xfg_round1_retry1\runs\baseline\05_codexglue_devign_6599,C:\Users\weijt\Desktop\UNSW\COMP9900\project\capstone-project-26t2-9900-t17a-almond\outputs\run_20260723_code_devign_winner_xfg_round1_retry1\runs\perturbed\05_codexglue_devign_6599__range_clamp__c1,C:\Users\weijt\Desktop\UNSW\COMP9900\project\capstone-project-26t2-9900-t17a-almond\outputs\run_20260723_code_devign_winner_xfg_round1_retry1\sources\05_codexglue_devign_6599__range_clamp__c1.c,clamped 1 sensitive sink size/count argument(s) through bounded local variables nearest baseline winner-XFG key line 45,
05_codexglue_devign_6599,C:\Users\weijt\Desktop\UNSW\COMP9900\project\capstone-project-26t2-9900-t17a-almond\input_sources\devign\05_codexglue_devign_6599.c,range_clamp,winner-xfg,ptr,45,4.58755812360323e-06,93,2,1,partial,run_partial,False,0,0,4.58755812360323e-06,2.4135968033078825e-06,-2.173961320295348e-06,243,273,30,490,558,68,C:\Users\weijt\Desktop\UNSW\COMP9900\project\capstone-project-26t2-9900-t17a-almond\outputs\run_20260723_code_devign_winner_xfg_round1_retry1\runs\baseline\05_codexglue_devign_6599,C:\Users\weijt\Desktop\UNSW\COMP9900\project\capstone-project-26t2-9900-t17a-almond\outputs\run_20260723_code_devign_winner_xfg_round1_retry1\runs\perturbed\05_codexglue_devign_6599__range_clamp__c2,C:\Users\weijt\Desktop\UNSW\COMP9900\project\capstone-project-26t2-9900-t17a-almond\outputs\run_20260723_code_devign_winner_xfg_round1_retry1\sources\05_codexglue_devign_6599__range_clamp__c2.c,clamped 1 sensitive sink size/count argument(s) through bounded local variables nearest baseline winner-XFG key line 45,
05_codexglue_devign_6599,C:\Users\weijt\Desktop\UNSW\COMP9900\project\capstone-project-26t2-9900-t17a-almond\input_sources\devign\05_codexglue_devign_6599.c,safe_source_substitution,winner-xfg,ptr,45,4.58755812360323e-06,,1,0,skipped,ran,,,,,,,,,,,,,C:\Users\weijt\Desktop\UNSW\COMP9900\project\capstone-project-26t2-9900-t17a-almond\outputs\run_20260723_code_devign_winner_xfg_round1_retry1\runs\baseline\05_codexglue_devign_6599,,,no nested pointer dereference source found,
05_codexglue_devign_6599,C:\Users\weijt\Desktop\UNSW\COMP9900\project\capstone-project-26t2-9900-t17a-almond\input_sources\devign\05_codexglue_devign_6599.c,sink_bound_guard,winner-xfg,ptr,45,4.58755812360323e-06,93,1,1,generated,ran,False,0,0,4.58755812360323e-06,3.5475773074722383e-06,-1.039980816130992e-06,243,253,10,490,509,19,C:\Users\weijt\Desktop\UNSW\COMP9900\project\capstone-project-26t2-9900-t17a-almond\outputs\run_20260723_code_devign_winner_xfg_round1_retry1\runs\baseline\05_codexglue_devign_6599,C:\Users\weijt\Desktop\UNSW\COMP9900\project\capstone-project-26t2-9900-t17a-almond\outputs\run_20260723_code_devign_winner_xfg_round1_retry1\runs\perturbed\05_codexglue_devign_6599__sink_bound_guard__c1,C:\Users\weijt\Desktop\UNSW\COMP9900\project\capstone-project-26t2-9900-t17a-almond\outputs\run_20260723_code_devign_winner_xfg_round1_retry1\sources\05_codexglue_devign_6599__sink_bound_guard__c1.c,inserted 1 early-return bound guard(s) before sensitive sink calls nearest baseline winner-XFG key line 45,
05_codexglue_devign_6599,C:\Users\weijt\Desktop\UNSW\COMP9900\project\capstone-project-26t2-9900-t17a-almond\input_sources\devign\05_codexglue_devign_6599.c,sink_bound_guard,winner-xfg,ptr,45,4.58755812360323e-06,93,2,1,partial,run_partial,False,0,0,4.58755812360323e-06,3.5475773074722383e-06,-1.039980816130992e-06,243,253,10,490,509,19,C:\Users\weijt\Desktop\UNSW\COMP9900\project\capstone-project-26t2-9900-t17a-almond\outputs\run_20260723_code_devign_winner_xfg_round1_retry1\runs\baseline\05_codexglue_devign_6599,C:\Users\weijt\Desktop\UNSW\COMP9900\project\capstone-project-26t2-9900-t17a-almond\outputs\run_20260723_code_devign_winner_xfg_round1_retry1\runs\perturbed\05_codexglue_devign_6599__sink_bound_guard__c2,C:\Users\weijt\Desktop\UNSW\COMP9900\project\capstone-project-26t2-9900-t17a-almond\outputs\run_20260723_code_devign_winner_xfg_round1_retry1\sources\05_codexglue_devign_6599__sink_bound_guard__c2.c,inserted 1 early-return bound guard(s) before sensitive sink calls nearest baseline winner-XFG key line 45,
05_codexglue_devign_6599,C:\Users\weijt\Desktop\UNSW\COMP9900\project\capstone-project-26t2-9900-t17a-almond\input_sources\devign\05_codexglue_devign_6599.c,postcondition_validation,winner-xfg,ptr,45,4.58755812360323e-06,,1,0,skipped,target_unavailable,,,,,,,,,,,,,C:\Users\weijt\Desktop\UNSW\COMP9900\project\capstone-project-26t2-9900-t17a-almond\outputs\run_20260723_code_devign_winner_xfg_round1_retry1\runs\baseline\05_codexglue_devign_6599,,,action postcondition_validation has no winner-XFG-local implementation,action postcondition_validation has no winner-XFG-local implementation
05_codexglue_devign_6599,C:\Users\weijt\Desktop\UNSW\COMP9900\project\capstone-project-26t2-9900-t17a-almond\input_sources\devign\05_codexglue_devign_6599.c,integer_overflow_guard,winner-xfg,ptr,45,4.58755812360323e-06,,1,0,skipped,ran,,,,,,,,,,,,,C:\Users\weijt\Desktop\UNSW\COMP9900\project\capstone-project-26t2-9900-t17a-almond\outputs\run_20260723_code_devign_winner_xfg_round1_retry1\runs\baseline\05_codexglue_devign_6599,,,no allocation size addition or multiplication expression found,
05_codexglue_devign_6599,C:\Users\weijt\Desktop\UNSW\COMP9900\project\capstone-project-26t2-9900-t17a-almond\input_sources\devign\05_codexglue_devign_6599.c,array_index_bound_guard,winner-xfg,ptr,45,4.58755812360323e-06,,1,0,skipped,ran,,,,,,,,,,,,,C:\Users\weijt\Desktop\UNSW\COMP9900\project\capstone-project-26t2-9900-t17a-almond\outputs\run_20260723_code_devign_winner_xfg_round1_retry1\runs\baseline\05_codexglue_devign_6599,,,no array write found for index bound guard,
05_codexglue_devign_6599,C:\Users\weijt\Desktop\UNSW\COMP9900\project\capstone-project-26t2-9900-t17a-almond\input_sources\devign\05_codexglue_devign_6599.c,wide_char_sink_guard,winner-xfg,ptr,45,4.58755812360323e-06,,1,0,skipped,ran,,,,,,,,,,,,,C:\Users\weijt\Desktop\UNSW\COMP9900\project\capstone-project-26t2-9900-t17a-almond\outputs\run_20260723_code_devign_winner_xfg_round1_retry1\runs\baseline\05_codexglue_devign_6599,,,no wcscat/wcscpy wide-character sink found,
05_codexglue_devign_6599,C:\Users\weijt\Desktop\UNSW\COMP9900\project\capstone-project-26t2-9900-t17a-almond\input_sources\devign\05_codexglue_devign_6599.c,pattern_dead_code,winner-xfg,ptr,45,4.58755812360323e-06,45,1,1,generated,ran,False,0,0,4.58755812360323e-06,1.764713306329213e-05,1.30595749396889e-05,243,298,55,490,591,101,C:\Users\weijt\Desktop\UNSW\COMP9900\project\capstone-project-26t2-9900-t17a-almond\outputs\run_20260723_code_devign_winner_xfg_round1_retry1\runs\baseline\05_codexglue_devign_6599,C:\Users\weijt\Desktop\UNSW\COMP9900\project\capstone-project-26t2-9900-t17a-almond\outputs\run_20260723_code_devign_winner_xfg_round1_retry1\runs\perturbed\05_codexglue_devign_6599__pattern_dead_code__c1,C:\Users\weijt\Desktop\UNSW\COMP9900\project\capstone-project-26t2-9900-t17a-almond\outputs\run_20260723_code_devign_winner_xfg_round1_retry1\sources\05_codexglue_devign_6599__pattern_dead_code__c1.c,inserted 1 unreachable pointer/array/length pattern block(s) near sensitive or structural lines nearest baseline winner-XFG key line 45,
05_codexglue_devign_6599,C:\Users\weijt\Desktop\UNSW\COMP9900\project\capstone-project-26t2-9900-t17a-almond\input_sources\devign\05_codexglue_devign_6599.c,pattern_dead_code,winner-xfg,ptr,45,4.58755812360323e-06,"45,15",2,2,generated,ran,False,0,0,4.58755812360323e-06,8.059164247242734e-05,7.600408434882411e-05,243,353,110,490,685,195,C:\Users\weijt\Desktop\UNSW\COMP9900\project\capstone-project-26t2-9900-t17a-almond\outputs\run_20260723_code_devign_winner_xfg_round1_retry1\runs\baseline\05_codexglue_devign_6599,C:\Users\weijt\Desktop\UNSW\COMP9900\project\capstone-project-26t2-9900-t17a-almond\outputs\run_20260723_code_devign_winner_xfg_round1_retry1\runs\perturbed\05_codexglue_devign_6599__pattern_dead_code__c2,C:\Users\weijt\Desktop\UNSW\COMP9900\project\capstone-project-26t2-9900-t17a-almond\outputs\run_20260723_code_devign_winner_xfg_round1_retry1\sources\05_codexglue_devign_6599__pattern_dead_code__c2.c,inserted 2 unreachable pointer/array/length pattern block(s) near sensitive or structural lines nearest baseline winner-XFG key line 45,
05_codexglue_devign_6599,C:\Users\weijt\Desktop\UNSW\COMP9900\project\capstone-project-26t2-9900-t17a-almond\input_sources\devign\05_codexglue_devign_6599.c,pattern_dead_code,winner-xfg,ptr,45,4.58755812360323e-06,"45,15,91",3,3,generated,ran,False,0,0,4.58755812360323e-06,8.059164247242734e-05,7.600408434882411e-05,243,408,165,490,786,296,C:\Users\weijt\Desktop\UNSW\COMP9900\project\capstone-project-26t2-9900-t17a-almond\outputs\run_20260723_code_devign_winner_xfg_round1_retry1\runs\baseline\05_codexglue_devign_6599,C:\Users\weijt\Desktop\UNSW\COMP9900\project\capstone-project-26t2-9900-t17a-almond\outputs\run_20260723_code_devign_winner_xfg_round1_retry1\runs\perturbed\05_codexglue_devign_6599__pattern_dead_code__c3,C:\Users\weijt\Desktop\UNSW\COMP9900\project\capstone-project-26t2-9900-t17a-almond\outputs\run_20260723_code_devign_winner_xfg_round1_retry1\sources\05_codexglue_devign_6599__pattern_dead_code__c3.c,inserted 3 unreachable pointer/array/length pattern block(s) near sensitive or structural lines nearest baseline winner-XFG key line 45,
05_codexglue_devign_6599,C:\Users\weijt\Desktop\UNSW\COMP9900\project\capstone-project-26t2-9900-t17a-almond\input_sources\devign\05_codexglue_devign_6599.c,pattern_dead_code,winner-xfg,ptr,45,4.58755812360323e-06,"45,15,91,93,95",5,5,generated,ran,False,0,0,4.58755812360323e-06,8.059164247242734e-05,7.600408434882411e-05,243,518,275,490,988,498,C:\Users\weijt\Desktop\UNSW\COMP9900\project\capstone-project-26t2-9900-t17a-almond\outputs\run_20260723_code_devign_winner_xfg_round1_retry1\runs\baseline\05_codexglue_devign_6599,C:\Users\weijt\Desktop\UNSW\COMP9900\project\capstone-project-26t2-9900-t17a-almond\outputs\run_20260723_code_devign_winner_xfg_round1_retry1\runs\perturbed\05_codexglue_devign_6599__pattern_dead_code__c5,C:\Users\weijt\Desktop\UNSW\COMP9900\project\capstone-project-26t2-9900-t17a-almond\outputs\run_20260723_code_devign_winner_xfg_round1_retry1\sources\05_codexglue_devign_6599__pattern_dead_code__c5.c,inserted 5 unreachable pointer/array/length pattern block(s) near sensitive or structural lines nearest baseline winner-XFG key line 45,
05_codexglue_devign_6599,C:\Users\weijt\Desktop\UNSW\COMP9900\project\capstone-project-26t2-9900-t17a-almond\input_sources\devign\05_codexglue_devign_6599.c,control_wrapper,winner-xfg,ptr,45,4.58755812360323e-06,41,1,1,generated,ran,False,0,0,4.58755812360323e-06,3.556659794412553e-05,3.09790398205223e-05,243,247,4,490,501,11,C:\Users\weijt\Desktop\UNSW\COMP9900\project\capstone-project-26t2-9900-t17a-almond\outputs\run_20260723_code_devign_winner_xfg_round1_retry1\runs\baseline\05_codexglue_devign_6599,C:\Users\weijt\Desktop\UNSW\COMP9900\project\capstone-project-26t2-9900-t17a-almond\outputs\run_20260723_code_devign_winner_xfg_round1_retry1\runs\perturbed\05_codexglue_devign_6599__control_wrapper__c1,C:\Users\weijt\Desktop\UNSW\COMP9900\project\capstone-project-26t2-9900-t17a-almond\outputs\run_20260723_code_devign_winner_xfg_round1_retry1\sources\05_codexglue_devign_6599__control_wrapper__c1.c,wrapped 1 safe single-line statement(s) with if (1) blocks nearest baseline winner-XFG key line 45,
05_codexglue_devign_6599,C:\Users\weijt\Desktop\UNSW\COMP9900\project\capstone-project-26t2-9900-t17a-almond\input_sources\devign\05_codexglue_devign_6599.c,control_wrapper,winner-xfg,ptr,45,4.58755812360323e-06,"41,49",2,2,generated,ran,False,0,0,4.58755812360323e-06,0.00013034738367423415,0.00012575982555063092,243,251,8,490,514,24,C:\Users\weijt\Desktop\UNSW\COMP9900\project\capstone-project-26t2-9900-t17a-almond\outputs\run_20260723_code_devign_winner_xfg_round1_retry1\runs\baseline\05_codexglue_devign_6599,C:\Users\weijt\Desktop\UNSW\COMP9900\project\capstone-project-26t2-9900-t17a-almond\outputs\run_20260723_code_devign_winner_xfg_round1_retry1\runs\perturbed\05_codexglue_devign_6599__control_wrapper__c2,C:\Users\weijt\Desktop\UNSW\COMP9900\project\capstone-project-26t2-9900-t17a-almond\outputs\run_20260723_code_devign_winner_xfg_round1_retry1\sources\05_codexglue_devign_6599__control_wrapper__c2.c,wrapped 2 safe single-line statement(s) with if (1) blocks nearest baseline winner-XFG key line 45,
05_codexglue_devign_6599,C:\Users\weijt\Desktop\UNSW\COMP9900\project\capstone-project-26t2-9900-t17a-almond\input_sources\devign\05_codexglue_devign_6599.c,control_wrapper,winner-xfg,ptr,45,4.58755812360323e-06,"41,49,35",3,3,generated,ran,False,0,0,4.58755812360323e-06,6.225510787771782e-06,1.6379526641685516e-06,243,249,6,490,558,68,C:\Users\weijt\Desktop\UNSW\COMP9900\project\capstone-project-26t2-9900-t17a-almond\outputs\run_20260723_code_devign_winner_xfg_round1_retry1\runs\baseline\05_codexglue_devign_6599,C:\Users\weijt\Desktop\UNSW\COMP9900\project\capstone-project-26t2-9900-t17a-almond\outputs\run_20260723_code_devign_winner_xfg_round1_retry1\runs\perturbed\05_codexglue_devign_6599__control_wrapper__c3,C:\Users\weijt\Desktop\UNSW\COMP9900\project\capstone-project-26t2-9900-t17a-almond\outputs\run_20260723_code_devign_winner_xfg_round1_retry1\sources\05_codexglue_devign_6599__control_wrapper__c3.c,wrapped 3 safe single-line statement(s) with if (1) blocks nearest baseline winner-XFG key line 45,
05_codexglue_devign_6599,C:\Users\weijt\Desktop\UNSW\COMP9900\project\capstone-project-26t2-9900-t17a-almond\input_sources\devign\05_codexglue_devign_6599.c,control_wrapper,winner-xfg,ptr,45,4.58755812360323e-06,"41,49,35,61,27",5,5,generated,ran,False,0,0,4.58755812360323e-06,2.899128412536811e-05,2.440372600176488e-05,243,257,14,490,573,83,C:\Users\weijt\Desktop\UNSW\COMP9900\project\capstone-project-26t2-9900-t17a-almond\outputs\run_20260723_code_devign_winner_xfg_round1_retry1\runs\baseline\05_codexglue_devign_6599,C:\Users\weijt\Desktop\UNSW\COMP9900\project\capstone-project-26t2-9900-t17a-almond\outputs\run_20260723_code_devign_winner_xfg_round1_retry1\runs\perturbed\05_codexglue_devign_6599__control_wrapper__c5,C:\Users\weijt\Desktop\UNSW\COMP9900\project\capstone-project-26t2-9900-t17a-almond\outputs\run_20260723_code_devign_winner_xfg_round1_retry1\sources\05_codexglue_devign_6599__control_wrapper__c5.c,wrapped 5 safe single-line statement(s) with if (1) blocks nearest baseline winner-XFG key line 45,
05_codexglue_devign_6599,C:\Users\weijt\Desktop\UNSW\COMP9900\project\capstone-project-26t2-9900-t17a-almond\input_sources\devign\05_codexglue_devign_6599.c,temp_variable_split,winner-xfg,ptr,45,4.58755812360323e-06,21,1,1,generated,ran,False,0,0,4.58755812360323e-06,6.326641596388072e-05,5.867885784027749e-05,243,251,8,490,507,17,C:\Users\weijt\Desktop\UNSW\COMP9900\project\capstone-project-26t2-9900-t17a-almond\outputs\run_20260723_code_devign_winner_xfg_round1_retry1\runs\baseline\05_codexglue_devign_6599,C:\Users\weijt\Desktop\UNSW\COMP9900\project\capstone-project-26t2-9900-t17a-almond\outputs\run_20260723_code_devign_winner_xfg_round1_retry1\runs\perturbed\05_codexglue_devign_6599__temp_variable_split__c1,C:\Users\weijt\Desktop\UNSW\COMP9900\project\capstone-project-26t2-9900-t17a-almond\outputs\run_20260723_code_devign_winner_xfg_round1_retry1\sources\05_codexglue_devign_6599__temp_variable_split__c1.c,split 1 simple assignment(s) through temporary integer variables nearest baseline winner-XFG key line 45,
05_codexglue_devign_6599,C:\Users\weijt\Desktop\UNSW\COMP9900\project\capstone-project-26t2-9900-t17a-almond\input_sources\devign\05_codexglue_devign_6599.c,temp_variable_split,winner-xfg,ptr,45,4.58755812360323e-06,21,2,1,partial,run_partial,False,0,0,4.58755812360323e-06,6.326641596388072e-05,5.867885784027749e-05,243,251,8,490,507,17,C:\Users\weijt\Desktop\UNSW\COMP9900\project\capstone-project-26t2-9900-t17a-almond\outputs\run_20260723_code_devign_winner_xfg_round1_retry1\runs\baseline\05_codexglue_devign_6599,C:\Users\weijt\Desktop\UNSW\COMP9900\project\capstone-project-26t2-9900-t17a-almond\outputs\run_20260723_code_devign_winner_xfg_round1_retry1\runs\perturbed\05_codexglue_devign_6599__temp_variable_split__c2,C:\Users\weijt\Desktop\UNSW\COMP9900\project\capstone-project-26t2-9900-t17a-almond\outputs\run_20260723_code_devign_winner_xfg_round1_retry1\sources\05_codexglue_devign_6599__temp_variable_split__c2.c,split 1 simple assignment(s) through temporary integer variables nearest baseline winner-XFG key line 45,
06_codexglue_devign_15513,C:\Users\weijt\Desktop\UNSW\COMP9900\project\capstone-project-26t2-9900-t17a-almond\input_sources\devign\06_codexglue_devign_15513.c,data_flow_alias,winner-xfg,ptr,5,5.729157419409603e-05,8,1,1,generated,ran,False,0,0,5.729157419409603e-05,0.0014286251971498132,0.0013713336229557171,67,85,18,130,169,39,C:\Users\weijt\Desktop\UNSW\COMP9900\project\capstone-project-26t2-9900-t17a-almond\outputs\run_20260723_code_devign_winner_xfg_round1_retry1\runs\baseline\06_codexglue_devign_15513,C:\Users\weijt\Desktop\UNSW\COMP9900\project\capstone-project-26t2-9900-t17a-almond\outputs\run_20260723_code_devign_winner_xfg_round1_retry1\runs\perturbed\06_codexglue_devign_15513__data_flow_alias__c1,C:\Users\weijt\Desktop\UNSW\COMP9900\project\capstone-project-26t2-9900-t17a-almond\outputs\run_20260723_code_devign_winner_xfg_round1_retry1\sources\06_codexglue_devign_15513__data_flow_alias__c1.c,inserted 1 alias-preserving data-flow no-op(s) near call arguments nearest baseline winner-XFG key line 5,
06_codexglue_devign_15513,C:\Users\weijt\Desktop\UNSW\COMP9900\project\capstone-project-26t2-9900-t17a-almond\input_sources\devign\06_codexglue_devign_15513.c,data_flow_alias,winner-xfg,ptr,5,5.729157419409603e-05,"8,9",2,2,generated,ran,False,0,0,5.729157419409603e-05,0.0014286238001659513,0.0013713322259718552,67,103,36,130,208,78,C:\Users\weijt\Desktop\UNSW\COMP9900\project\capstone-project-26t2-9900-t17a-almond\outputs\run_20260723_code_devign_winner_xfg_round1_retry1\runs\baseline\06_codexglue_devign_15513,C:\Users\weijt\Desktop\UNSW\COMP9900\project\capstone-project-26t2-9900-t17a-almond\outputs\run_20260723_code_devign_winner_xfg_round1_retry1\runs\perturbed\06_codexglue_devign_15513__data_flow_alias__c2,C:\Users\weijt\Desktop\UNSW\COMP9900\project\capstone-project-26t2-9900-t17a-almond\outputs\run_20260723_code_devign_winner_xfg_round1_retry1\sources\06_codexglue_devign_15513__data_flow_alias__c2.c,inserted 2 alias-preserving data-flow no-op(s) near call arguments nearest baseline winner-XFG key line 5,
06_codexglue_devign_15513,C:\Users\weijt\Desktop\UNSW\COMP9900\project\capstone-project-26t2-9900-t17a-almond\input_sources\devign\06_codexglue_devign_15513.c,data_flow_alias,winner-xfg,ptr,5,5.729157419409603e-05,"8,9,12",3,3,generated,ran,False,0,0,5.729157419409603e-05,0.0014286251971498132,0.0013713336229557171,67,103,36,130,208,78,C:\Users\weijt\Desktop\UNSW\COMP9900\project\capstone-project-26t2-9900-t17a-almond\outputs\run_20260723_code_devign_winner_xfg_round1_retry1\runs\baseline\06_codexglue_devign_15513,C:\Users\weijt\Desktop\UNSW\COMP9900\project\capstone-project-26t2-9900-t17a-almond\outputs\run_20260723_code_devign_winner_xfg_round1_retry1\runs\perturbed\06_codexglue_devign_15513__data_flow_alias__c3,C:\Users\weijt\Desktop\UNSW\COMP9900\project\capstone-project-26t2-9900-t17a-almond\outputs\run_20260723_code_devign_winner_xfg_round1_retry1\sources\06_codexglue_devign_15513__data_flow_alias__c3.c,inserted 3 alias-preserving data-flow no-op(s) near call arguments nearest baseline winner-XFG key line 5,
06_codexglue_devign_15513,C:\Users\weijt\Desktop\UNSW\COMP9900\project\capstone-project-26t2-9900-t17a-almond\input_sources\devign\06_codexglue_devign_15513.c,data_flow_alias,winner-xfg,ptr,5,5.729157419409603e-05,"8,9,12,17,20",5,5,generated,ran,False,0,0,5.729157419409603e-05,0.0014286251971498132,0.0013713336229557171,67,103,36,130,208,78,C:\Users\weijt\Desktop\UNSW\COMP9900\project\capstone-project-26t2-9900-t17a-almond\outputs\run_20260723_code_devign_winner_xfg_round1_retry1\runs\baseline\06_codexglue_devign_15513,C:\Users\weijt\Desktop\UNSW\COMP9900\project\capstone-project-26t2-9900-t17a-almond\outputs\run_20260723_code_devign_winner_xfg_round1_retry1\runs\perturbed\06_codexglue_devign_15513__data_flow_alias__c5,C:\Users\weijt\Desktop\UNSW\COMP9900\project\capstone-project-26t2-9900-t17a-almond\outputs\run_20260723_code_devign_winner_xfg_round1_retry1\sources\06_codexglue_devign_15513__data_flow_alias__c5.c,inserted 5 alias-preserving data-flow no-op(s) near call arguments nearest baseline winner-XFG key line 5,
06_codexglue_devign_15513,C:\Users\weijt\Desktop\UNSW\COMP9900\project\capstone-project-26t2-9900-t17a-almond\input_sources\devign\06_codexglue_devign_15513.c,dead_statement,winner-xfg,ptr,5,5.729157419409603e-05,5,1,1,generated,ran,False,0,0,5.729157419409603e-05,0.0014286251971498132,0.0013713336229557171,67,79,12,130,157,27,C:\Users\weijt\Desktop\UNSW\COMP9900\project\capstone-project-26t2-9900-t17a-almond\outputs\run_20260723_code_devign_winner_xfg_round1_retry1\runs\baseline\06_codexglue_devign_15513,C:\Users\weijt\Desktop\UNSW\COMP9900\project\capstone-project-26t2-9900-t17a-almond\outputs\run_20260723_code_devign_winner_xfg_round1_retry1\runs\perturbed\06_codexglue_devign_15513__dead_statement__c1,C:\Users\weijt\Desktop\UNSW\COMP9900\project\capstone-project-26t2-9900-t17a-almond\outputs\run_20260723_code_devign_winner_xfg_round1_retry1\sources\06_codexglue_devign_15513__dead_statement__c1.c,inserted 1 harmless dummy integer statement pair(s) nearest baseline winner-XFG key line 5,
06_codexglue_devign_15513,C:\Users\weijt\Desktop\UNSW\COMP9900\project\capstone-project-26t2-9900-t17a-almond\input_sources\devign\06_codexglue_devign_15513.c,dead_statement,winner-xfg,ptr,5,5.729157419409603e-05,5,2,2,generated,ran,False,0,0,5.729157419409603e-05,0.000360658741556108,0.00030336716736201197,67,91,24,130,184,54,C:\Users\weijt\Desktop\UNSW\COMP9900\project\capstone-project-26t2-9900-t17a-almond\outputs\run_20260723_code_devign_winner_xfg_round1_retry1\runs\baseline\06_codexglue_devign_15513,C:\Users\weijt\Desktop\UNSW\COMP9900\project\capstone-project-26t2-9900-t17a-almond\outputs\run_20260723_code_devign_winner_xfg_round1_retry1\runs\perturbed\06_codexglue_devign_15513__dead_statement__c2,C:\Users\weijt\Desktop\UNSW\COMP9900\project\capstone-project-26t2-9900-t17a-almond\outputs\run_20260723_code_devign_winner_xfg_round1_retry1\sources\06_codexglue_devign_15513__dead_statement__c2.c,inserted 2 harmless dummy integer statement pair(s) nearest baseline winner-XFG key line 5,
06_codexglue_devign_15513,C:\Users\weijt\Desktop\UNSW\COMP9900\project\capstone-project-26t2-9900-t17a-almond\input_sources\devign\06_codexglue_devign_15513.c,dead_statement,winner-xfg,ptr,5,5.729157419409603e-05,5,3,3,generated,ran,False,0,0,5.729157419409603e-05,0.006534762214869261,0.006477470640675165,67,103,36,130,211,81,C:\Users\weijt\Desktop\UNSW\COMP9900\project\capstone-project-26t2-9900-t17a-almond\outputs\run_20260723_code_devign_winner_xfg_round1_retry1\runs\baseline\06_codexglue_devign_15513,C:\Users\weijt\Desktop\UNSW\COMP9900\project\capstone-project-26t2-9900-t17a-almond\outputs\run_20260723_code_devign_winner_xfg_round1_retry1\runs\perturbed\06_codexglue_devign_15513__dead_statement__c3,C:\Users\weijt\Desktop\UNSW\COMP9900\project\capstone-project-26t2-9900-t17a-almond\outputs\run_20260723_code_devign_winner_xfg_round1_retry1\sources\06_codexglue_devign_15513__dead_statement__c3.c,inserted 3 harmless dummy integer statement pair(s) nearest baseline winner-XFG key line 5,
06_codexglue_devign_15513,C:\Users\weijt\Desktop\UNSW\COMP9900\project\capstone-project-26t2-9900-t17a-almond\input_sources\devign\06_codexglue_devign_15513.c,dead_statement,winner-xfg,ptr,5,5.729157419409603e-05,5,5,5,generated,ran,False,0,0,5.729157419409603e-05,0.0014286251971498132,0.0013713336229557171,67,127,60,130,265,135,C:\Users\weijt\Desktop\UNSW\COMP9900\project\capstone-project-26t2-9900-t17a-almond\outputs\run_20260723_code_devign_winner_xfg_round1_retry1\runs\baseline\06_codexglue_devign_15513,C:\Users\weijt\Desktop\UNSW\COMP9900\project\capstone-project-26t2-9900-t17a-almond\outputs\run_20260723_code_devign_winner_xfg_round1_retry1\runs\perturbed\06_codexglue_devign_15513__dead_statement__c5,C:\Users\weijt\Desktop\UNSW\COMP9900\project\capstone-project-26t2-9900-t17a-almond\outputs\run_20260723_code_devign_winner_xfg_round1_retry1\sources\06_codexglue_devign_15513__dead_statement__c5.c,inserted 5 harmless dummy integer statement pair(s) nearest baseline winner-XFG key line 5,
06_codexglue_devign_15513,C:\Users\weijt\Desktop\UNSW\COMP9900\project\capstone-project-26t2-9900-t17a-almond\input_sources\devign\06_codexglue_devign_15513.c,xfg_targeted_dead_code,winner-xfg,ptr,5,5.729157419409603e-05,5,1,1,generated,ran,False,0,0,5.729157419409603e-05,0.000360658741556108,0.00030336716736201197,67,83,16,130,166,36,C:\Users\weijt\Desktop\UNSW\COMP9900\project\capstone-project-26t2-9900-t17a-almond\outputs\run_20260723_code_devign_winner_xfg_round1_retry1\runs\baseline\06_codexglue_devign_15513,C:\Users\weijt\Desktop\UNSW\COMP9900\project\capstone-project-26t2-9900-t17a-almond\outputs\run_20260723_code_devign_winner_xfg_round1_retry1\runs\perturbed\06_codexglue_devign_15513__xfg_targeted_dead_code__c1,C:\Users\weijt\Desktop\UNSW\COMP9900\project\capstone-project-26t2-9900-t17a-almond\outputs\run_20260723_code_devign_winner_xfg_round1_retry1\sources\06_codexglue_devign_15513__xfg_targeted_dead_code__c1.c,inserted 1 unreachable no-op block(s) near XFG-relevant target lines nearest baseline winner-XFG key line 5,
06_codexglue_devign_15513,C:\Users\weijt\Desktop\UNSW\COMP9900\project\capstone-project-26t2-9900-t17a-almond\input_sources\devign\06_codexglue_devign_15513.c,xfg_targeted_dead_code,winner-xfg,ptr,5,5.729157419409603e-05,"5,3",2,2,generated,ran,False,0,0,5.729157419409603e-05,0.0014286251971498132,0.0013713336229557171,67,99,32,130,202,72,C:\Users\weijt\Desktop\UNSW\COMP9900\project\capstone-project-26t2-9900-t17a-almond\outputs\run_20260723_code_devign_winner_xfg_round1_retry1\runs\baseline\06_codexglue_devign_15513,C:\Users\weijt\Desktop\UNSW\COMP9900\project\capstone-project-26t2-9900-t17a-almond\outputs\run_20260723_code_devign_winner_xfg_round1_retry1\runs\perturbed\06_codexglue_devign_15513__xfg_targeted_dead_code__c2,C:\Users\weijt\Desktop\UNSW\COMP9900\project\capstone-project-26t2-9900-t17a-almond\outputs\run_20260723_code_devign_winner_xfg_round1_retry1\sources\06_codexglue_devign_15513__xfg_targeted_dead_code__c2.c,inserted 2 unreachable no-op block(s) near XFG-relevant target lines nearest baseline winner-XFG key line 5,
06_codexglue_devign_15513,C:\Users\weijt\Desktop\UNSW\COMP9900\project\capstone-project-26t2-9900-t17a-almond\input_sources\devign\06_codexglue_devign_15513.c,xfg_targeted_dead_code,winner-xfg,ptr,5,5.729157419409603e-05,"5,3,7",3,3,generated,ran,False,0,0,5.729157419409603e-05,0.0014286251971498132,0.0013713336229557171,67,115,48,130,238,108,C:\Users\weijt\Desktop\UNSW\COMP9900\project\capstone-project-26t2-9900-t17a-almond\outputs\run_20260723_code_devign_winner_xfg_round1_retry1\runs\baseline\06_codexglue_devign_15513,C:\Users\weijt\Desktop\UNSW\COMP9900\project\capstone-project-26t2-9900-t17a-almond\outputs\run_20260723_code_devign_winner_xfg_round1_retry1\runs\perturbed\06_codexglue_devign_15513__xfg_targeted_dead_code__c3,C:\Users\weijt\Desktop\UNSW\COMP9900\project\capstone-project-26t2-9900-t17a-almond\outputs\run_20260723_code_devign_winner_xfg_round1_retry1\sources\06_codexglue_devign_15513__xfg_targeted_dead_code__c3.c,inserted 3 unreachable no-op block(s) near XFG-relevant target lines nearest baseline winner-XFG key line 5,
06_codexglue_devign_15513,C:\Users\weijt\Desktop\UNSW\COMP9900\project\capstone-project-26t2-9900-t17a-almond\input_sources\devign\06_codexglue_devign_15513.c,xfg_targeted_dead_code,winner-xfg,ptr,5,5.729157419409603e-05,"5,3,7,8,9",5,5,generated,ran,False,0,0,5.729157419409603e-05,0.0018105299677699804,0.0017532383935758844,67,147,80,130,310,180,C:\Users\weijt\Desktop\UNSW\COMP9900\project\capstone-project-26t2-9900-t17a-almond\outputs\run_20260723_code_devign_winner_xfg_round1_retry1\runs\baseline\06_codexglue_devign_15513,C:\Users\weijt\Desktop\UNSW\COMP9900\project\capstone-project-26t2-9900-t17a-almond\outputs\run_20260723_code_devign_winner_xfg_round1_retry1\runs\perturbed\06_codexglue_devign_15513__xfg_targeted_dead_code__c5,C:\Users\weijt\Desktop\UNSW\COMP9900\project\capstone-project-26t2-9900-t17a-almond\outputs\run_20260723_code_devign_winner_xfg_round1_retry1\sources\06_codexglue_devign_15513__xfg_targeted_dead_code__c5.c,inserted 5 unreachable no-op block(s) near XFG-relevant target lines nearest baseline winner-XFG key line 5,
06_codexglue_devign_15513,C:\Users\weijt\Desktop\UNSW\COMP9900\project\capstone-project-26t2-9900-t17a-almond\input_sources\devign\06_codexglue_devign_15513.c,range_clamp,winner-xfg,ptr,5,5.729157419409603e-05,,1,0,skipped,ran,,,,,,,,,,,,,C:\Users\weijt\Desktop\UNSW\COMP9900\project\capstone-project-26t2-9900-t17a-almond\outputs\run_20260723_code_devign_winner_xfg_round1_retry1\runs\baseline\06_codexglue_devign_15513,,,no sensitive call with a clampable size/count argument found,
06_codexglue_devign_15513,C:\Users\weijt\Desktop\UNSW\COMP9900\project\capstone-project-26t2-9900-t17a-almond\input_sources\devign\06_codexglue_devign_15513.c,safe_source_substitution,winner-xfg,ptr,5,5.729157419409603e-05,,1,0,skipped,ran,,,,,,,,,,,,,C:\Users\weijt\Desktop\UNSW\COMP9900\project\capstone-project-26t2-9900-t17a-almond\outputs\run_20260723_code_devign_winner_xfg_round1_retry1\runs\baseline\06_codexglue_devign_15513,,,no nested pointer dereference source found,
06_codexglue_devign_15513,C:\Users\weijt\Desktop\UNSW\COMP9900\project\capstone-project-26t2-9900-t17a-almond\input_sources\devign\06_codexglue_devign_15513.c,sink_bound_guard,winner-xfg,ptr,5,5.729157419409603e-05,,1,0,skipped,ran,,,,,,,,,,,,,C:\Users\weijt\Desktop\UNSW\COMP9900\project\capstone-project-26t2-9900-t17a-almond\outputs\run_20260723_code_devign_winner_xfg_round1_retry1\runs\baseline\06_codexglue_devign_15513,,,no sensitive sink call found for bound guard insertion,
06_codexglue_devign_15513,C:\Users\weijt\Desktop\UNSW\COMP9900\project\capstone-project-26t2-9900-t17a-almond\input_sources\devign\06_codexglue_devign_15513.c,postcondition_validation,winner-xfg,ptr,5,5.729157419409603e-05,,1,0,skipped,target_unavailable,,,,,,,,,,,,,C:\Users\weijt\Desktop\UNSW\COMP9900\project\capstone-project-26t2-9900-t17a-almond\outputs\run_20260723_code_devign_winner_xfg_round1_retry1\runs\baseline\06_codexglue_devign_15513,,,action postcondition_validation has no winner-XFG-local implementation,action postcondition_validation has no winner-XFG-local implementation
06_codexglue_devign_15513,C:\Users\weijt\Desktop\UNSW\COMP9900\project\capstone-project-26t2-9900-t17a-almond\input_sources\devign\06_codexglue_devign_15513.c,integer_overflow_guard,winner-xfg,ptr,5,5.729157419409603e-05,,1,0,skipped,ran,,,,,,,,,,,,,C:\Users\weijt\Desktop\UNSW\COMP9900\project\capstone-project-26t2-9900-t17a-almond\outputs\run_20260723_code_devign_winner_xfg_round1_retry1\runs\baseline\06_codexglue_devign_15513,,,no allocation size addition or multiplication expression found,
06_codexglue_devign_15513,C:\Users\weijt\Desktop\UNSW\COMP9900\project\capstone-project-26t2-9900-t17a-almond\input_sources\devign\06_codexglue_devign_15513.c,array_index_bound_guard,winner-xfg,ptr,5,5.729157419409603e-05,,1,0,skipped,ran,,,,,,,,,,,,,C:\Users\weijt\Desktop\UNSW\COMP9900\project\capstone-project-26t2-9900-t17a-almond\outputs\run_20260723_code_devign_winner_xfg_round1_retry1\runs\baseline\06_codexglue_devign_15513,,,no array write found for index bound guard,
06_codexglue_devign_15513,C:\Users\weijt\Desktop\UNSW\COMP9900\project\capstone-project-26t2-9900-t17a-almond\input_sources\devign\06_codexglue_devign_15513.c,wide_char_sink_guard,winner-xfg,ptr,5,5.729157419409603e-05,,1,0,skipped,ran,,,,,,,,,,,,,C:\Users\weijt\Desktop\UNSW\COMP9900\project\capstone-project-26t2-9900-t17a-almond\outputs\run_20260723_code_devign_winner_xfg_round1_retry1\runs\baseline\06_codexglue_devign_15513,,,no wcscat/wcscpy wide-character sink found,
06_codexglue_devign_15513,C:\Users\weijt\Desktop\UNSW\COMP9900\project\capstone-project-26t2-9900-t17a-almond\input_sources\devign\06_codexglue_devign_15513.c,pattern_dead_code,winner-xfg,ptr,5,5.729157419409603e-05,5,1,1,generated,ran,False,0,0,5.729157419409603e-05,0.0014286251971498132,0.0013713336229557171,67,122,55,130,231,101,C:\Users\weijt\Desktop\UNSW\COMP9900\project\capstone-project-26t2-9900-t17a-almond\outputs\run_20260723_code_devign_winner_xfg_round1_retry1\runs\baseline\06_codexglue_devign_15513,C:\Users\weijt\Desktop\UNSW\COMP9900\project\capstone-project-26t2-9900-t17a-almond\outputs\run_20260723_code_devign_winner_xfg_round1_retry1\runs\perturbed\06_codexglue_devign_15513__pattern_dead_code__c1,C:\Users\weijt\Desktop\UNSW\COMP9900\project\capstone-project-26t2-9900-t17a-almond\outputs\run_20260723_code_devign_winner_xfg_round1_retry1\sources\06_codexglue_devign_15513__pattern_dead_code__c1.c,inserted 1 unreachable pointer/array/length pattern block(s) near sensitive or structural lines nearest baseline winner-XFG key line 5,
06_codexglue_devign_15513,C:\Users\weijt\Desktop\UNSW\COMP9900\project\capstone-project-26t2-9900-t17a-almond\input_sources\devign\06_codexglue_devign_15513.c,pattern_dead_code,winner-xfg,ptr,5,5.729157419409603e-05,"5,3",2,2,generated,ran,False,0,0,5.729157419409603e-05,0.0014286251971498132,0.0013713336229557171,67,177,110,130,332,202,C:\Users\weijt\Desktop\UNSW\COMP9900\project\capstone-project-26t2-9900-t17a-almond\outputs\run_20260723_code_devign_winner_xfg_round1_retry1\runs\baseline\06_codexglue_devign_15513,C:\Users\weijt\Desktop\UNSW\COMP9900\project\capstone-project-26t2-9900-t17a-almond\outputs\run_20260723_code_devign_winner_xfg_round1_retry1\runs\perturbed\06_codexglue_devign_15513__pattern_dead_code__c2,C:\Users\weijt\Desktop\UNSW\COMP9900\project\capstone-project-26t2-9900-t17a-almond\outputs\run_20260723_code_devign_winner_xfg_round1_retry1\sources\06_codexglue_devign_15513__pattern_dead_code__c2.c,inserted 2 unreachable pointer/array/length pattern block(s) near sensitive or structural lines nearest baseline winner-XFG key line 5,
06_codexglue_devign_15513,C:\Users\weijt\Desktop\UNSW\COMP9900\project\capstone-project-26t2-9900-t17a-almond\input_sources\devign\06_codexglue_devign_15513.c,pattern_dead_code,winner-xfg,ptr,5,5.729157419409603e-05,"5,3,7",3,3,generated,ran,False,0,0,5.729157419409603e-05,0.0014286251971498132,0.0013713336229557171,67,232,165,130,433,303,C:\Users\weijt\Desktop\UNSW\COMP9900\project\capstone-project-26t2-9900-t17a-almond\outputs\run_20260723_code_devign_winner_xfg_round1_retry1\runs\baseline\06_codexglue_devign_15513,C:\Users\weijt\Desktop\UNSW\COMP9900\project\capstone-project-26t2-9900-t17a-almond\outputs\run_20260723_code_devign_winner_xfg_round1_retry1\runs\perturbed\06_codexglue_devign_15513__pattern_dead_code__c3,C:\Users\weijt\Desktop\UNSW\COMP9900\project\capstone-project-26t2-9900-t17a-almond\outputs\run_20260723_code_devign_winner_xfg_round1_retry1\sources\06_codexglue_devign_15513__pattern_dead_code__c3.c,inserted 3 unreachable pointer/array/length pattern block(s) near sensitive or structural lines nearest baseline winner-XFG key line 5,
06_codexglue_devign_15513,C:\Users\weijt\Desktop\UNSW\COMP9900\project\capstone-project-26t2-9900-t17a-almond\input_sources\devign\06_codexglue_devign_15513.c,pattern_dead_code,winner-xfg,ptr,5,5.729157419409603e-05,"5,3,7,8,9",5,5,generated,ran,False,0,0,5.729157419409603e-05,0.002604084089398384,0.002546792515204288,67,342,275,130,635,505,C:\Users\weijt\Desktop\UNSW\COMP9900\project\capstone-project-26t2-9900-t17a-almond\outputs\run_20260723_code_devign_winner_xfg_round1_retry1\runs\baseline\06_codexglue_devign_15513,C:\Users\weijt\Desktop\UNSW\COMP9900\project\capstone-project-26t2-9900-t17a-almond\outputs\run_20260723_code_devign_winner_xfg_round1_retry1\runs\perturbed\06_codexglue_devign_15513__pattern_dead_code__c5,C:\Users\weijt\Desktop\UNSW\COMP9900\project\capstone-project-26t2-9900-t17a-almond\outputs\run_20260723_code_devign_winner_xfg_round1_retry1\sources\06_codexglue_devign_15513__pattern_dead_code__c5.c,inserted 5 unreachable pointer/array/length pattern block(s) near sensitive or structural lines nearest baseline winner-XFG key line 5,
06_codexglue_devign_15513,C:\Users\weijt\Desktop\UNSW\COMP9900\project\capstone-project-26t2-9900-t17a-almond\input_sources\devign\06_codexglue_devign_15513.c,control_wrapper,winner-xfg,ptr,5,5.729157419409603e-05,5,1,1,generated,ran,False,0,0,5.729157419409603e-05,0.000515173829626292,0.00045788225543219596,67,71,4,130,139,9,C:\Users\weijt\Desktop\UNSW\COMP9900\project\capstone-project-26t2-9900-t17a-almond\outputs\run_20260723_code_devign_winner_xfg_round1_retry1\runs\baseline\06_codexglue_devign_15513,C:\Users\weijt\Desktop\UNSW\COMP9900\project\capstone-project-26t2-9900-t17a-almond\outputs\run_20260723_code_devign_winner_xfg_round1_retry1\runs\perturbed\06_codexglue_devign_15513__control_wrapper__c1,C:\Users\weijt\Desktop\UNSW\COMP9900\project\capstone-project-26t2-9900-t17a-almond\outputs\run_20260723_code_devign_winner_xfg_round1_retry1\sources\06_codexglue_devign_15513__control_wrapper__c1.c,wrapped 1 safe single-line statement(s) with if (1) blocks nearest baseline winner-XFG key line 5,
06_codexglue_devign_15513,C:\Users\weijt\Desktop\UNSW\COMP9900\project\capstone-project-26t2-9900-t17a-almond\input_sources\devign\06_codexglue_devign_15513.c,control_wrapper,winner-xfg,ptr,5,5.729157419409603e-05,"5,8",2,2,generated,ran,False,0,0,5.729157419409603e-05,0.000515173829626292,0.00045788225543219596,67,75,8,130,148,18,C:\Users\weijt\Desktop\UNSW\COMP9900\project\capstone-project-26t2-9900-t17a-almond\outputs\run_20260723_code_devign_winner_xfg_round1_retry1\runs\baseline\06_codexglue_devign_15513,C:\Users\weijt\Desktop\UNSW\COMP9900\project\capstone-project-26t2-9900-t17a-almond\outputs\run_20260723_code_devign_winner_xfg_round1_retry1\runs\perturbed\06_codexglue_devign_15513__control_wrapper__c2,C:\Users\weijt\Desktop\UNSW\COMP9900\project\capstone-project-26t2-9900-t17a-almond\outputs\run_20260723_code_devign_winner_xfg_round1_retry1\sources\06_codexglue_devign_15513__control_wrapper__c2.c,wrapped 2 safe single-line statement(s) with if (1) blocks nearest baseline winner-XFG key line 5,
06_codexglue_devign_15513,C:\Users\weijt\Desktop\UNSW\COMP9900\project\capstone-project-26t2-9900-t17a-almond\input_sources\devign\06_codexglue_devign_15513.c,control_wrapper,winner-xfg,ptr,5,5.729157419409603e-05,"5,8,12",3,3,generated,ran,False,0,0,5.729157419409603e-05,0.000515173829626292,0.00045788225543219596,67,75,8,130,148,18,C:\Users\weijt\Desktop\UNSW\COMP9900\project\capstone-project-26t2-9900-t17a-almond\outputs\run_20260723_code_devign_winner_xfg_round1_retry1\runs\baseline\06_codexglue_devign_15513,C:\Users\weijt\Desktop\UNSW\COMP9900\project\capstone-project-26t2-9900-t17a-almond\outputs\run_20260723_code_devign_winner_xfg_round1_retry1\runs\perturbed\06_codexglue_devign_15513__control_wrapper__c3,C:\Users\weijt\Desktop\UNSW\COMP9900\project\capstone-project-26t2-9900-t17a-almond\outputs\run_20260723_code_devign_winner_xfg_round1_retry1\sources\06_codexglue_devign_15513__control_wrapper__c3.c,wrapped 3 safe single-line statement(s) with if (1) blocks nearest baseline winner-XFG key line 5,
06_codexglue_devign_15513,C:\Users\weijt\Desktop\UNSW\COMP9900\project\capstone-project-26t2-9900-t17a-almond\input_sources\devign\06_codexglue_devign_15513.c,control_wrapper,winner-xfg,ptr,5,5.729157419409603e-05,"5,8,12,17,20",5,5,generated,ran,False,0,0,5.729157419409603e-05,0.000515173829626292,0.00045788225543219596,67,75,8,130,148,18,C:\Users\weijt\Desktop\UNSW\COMP9900\project\capstone-project-26t2-9900-t17a-almond\outputs\run_20260723_code_devign_winner_xfg_round1_retry1\runs\baseline\06_codexglue_devign_15513,C:\Users\weijt\Desktop\UNSW\COMP9900\project\capstone-project-26t2-9900-t17a-almond\outputs\run_20260723_code_devign_winner_xfg_round1_retry1\runs\perturbed\06_codexglue_devign_15513__control_wrapper__c5,C:\Users\weijt\Desktop\UNSW\COMP9900\project\capstone-project-26t2-9900-t17a-almond\outputs\run_20260723_code_devign_winner_xfg_round1_retry1\sources\06_codexglue_devign_15513__control_wrapper__c5.c,wrapped 5 safe single-line statement(s) with if (1) blocks nearest baseline winner-XFG key line 5,
06_codexglue_devign_15513,C:\Users\weijt\Desktop\UNSW\COMP9900\project\capstone-project-26t2-9900-t17a-almond\input_sources\devign\06_codexglue_devign_15513.c,temp_variable_split,winner-xfg,ptr,5,5.729157419409603e-05,,1,0,skipped,ran,,,,,,,,,,,,,C:\Users\weijt\Desktop\UNSW\COMP9900\project\capstone-project-26t2-9900-t17a-almond\outputs\run_20260723_code_devign_winner_xfg_round1_retry1\runs\baseline\06_codexglue_devign_15513,,,no simple integer-like assignment candidate found,
07_codexglue_devign_4012,C:\Users\weijt\Desktop\UNSW\COMP9900\project\capstone-project-26t2-9900-t17a-almond\input_sources\devign\07_codexglue_devign_4012.c,data_flow_alias,winner-xfg,array,115,0.8989209532737732,107,1,1,generated,ran,False,1,1,0.8989209532737732,0.730539858341217,-0.16838109493255615,698,718,20,1523,1561,38,C:\Users\weijt\Desktop\UNSW\COMP9900\project\capstone-project-26t2-9900-t17a-almond\outputs\run_20260723_code_devign_winner_xfg_round1_retry1\runs\baseline\07_codexglue_devign_4012,C:\Users\weijt\Desktop\UNSW\COMP9900\project\capstone-project-26t2-9900-t17a-almond\outputs\run_20260723_code_devign_winner_xfg_round1_retry1\runs\perturbed\07_codexglue_devign_4012__data_flow_alias__c1,C:\Users\weijt\Desktop\UNSW\COMP9900\project\capstone-project-26t2-9900-t17a-almond\outputs\run_20260723_code_devign_winner_xfg_round1_retry1\sources\07_codexglue_devign_4012__data_flow_alias__c1.c,inserted 1 alias-preserving data-flow no-op(s) near call arguments nearest baseline winner-XFG key line 115,
07_codexglue_devign_4012,C:\Users\weijt\Desktop\UNSW\COMP9900\project\capstone-project-26t2-9900-t17a-almond\input_sources\devign\07_codexglue_devign_4012.c,data_flow_alias,winner-xfg,array,115,0.8989209532737732,"107,105",2,2,generated,ran,False,1,1,0.8989209532737732,0.8390817046165466,-0.05983924865722656,698,736,38,1523,1600,77,C:\Users\weijt\Desktop\UNSW\COMP9900\project\capstone-project-26t2-9900-t17a-almond\outputs\run_20260723_code_devign_winner_xfg_round1_retry1\runs\baseline\07_codexglue_devign_4012,C:\Users\weijt\Desktop\UNSW\COMP9900\project\capstone-project-26t2-9900-t17a-almond\outputs\run_20260723_code_devign_winner_xfg_round1_retry1\runs\perturbed\07_codexglue_devign_4012__data_flow_alias__c2,C:\Users\weijt\Desktop\UNSW\COMP9900\project\capstone-project-26t2-9900-t17a-almond\outputs\run_20260723_code_devign_winner_xfg_round1_retry1\sources\07_codexglue_devign_4012__data_flow_alias__c2.c,inserted 2 alias-preserving data-flow no-op(s) near call arguments nearest baseline winner-XFG key line 115,
07_codexglue_devign_4012,C:\Users\weijt\Desktop\UNSW\COMP9900\project\capstone-project-26t2-9900-t17a-almond\input_sources\devign\07_codexglue_devign_4012.c,data_flow_alias,winner-xfg,array,115,0.8989209532737732,"107,105,127",3,3,generated,ran,False,1,1,0.8989209532737732,0.8390817046165466,-0.05983924865722656,698,754,56,1523,1639,116,C:\Users\weijt\Desktop\UNSW\COMP9900\project\capstone-project-26t2-9900-t17a-almond\outputs\run_20260723_code_devign_winner_xfg_round1_retry1\runs\baseline\07_codexglue_devign_4012,C:\Users\weijt\Desktop\UNSW\COMP9900\project\capstone-project-26t2-9900-t17a-almond\outputs\run_20260723_code_devign_winner_xfg_round1_retry1\runs\perturbed\07_codexglue_devign_4012__data_flow_alias__c3,C:\Users\weijt\Desktop\UNSW\COMP9900\project\capstone-project-26t2-9900-t17a-almond\outputs\run_20260723_code_devign_winner_xfg_round1_retry1\sources\07_codexglue_devign_4012__data_flow_alias__c3.c,inserted 3 alias-preserving data-flow no-op(s) near call arguments nearest baseline winner-XFG key line 115,
07_codexglue_devign_4012,C:\Users\weijt\Desktop\UNSW\COMP9900\project\capstone-project-26t2-9900-t17a-almond\input_sources\devign\07_codexglue_devign_4012.c,data_flow_alias,winner-xfg,array,115,0.8989209532737732,"107,105,127,129,87",5,5,generated,ran,True,1,0,0.8989209532737732,0.048871297389268875,-0.8500496558845043,698,790,92,1523,1716,193,C:\Users\weijt\Desktop\UNSW\COMP9900\project\capstone-project-26t2-9900-t17a-almond\outputs\run_20260723_code_devign_winner_xfg_round1_retry1\runs\baseline\07_codexglue_devign_4012,C:\Users\weijt\Desktop\UNSW\COMP9900\project\capstone-project-26t2-9900-t17a-almond\outputs\run_20260723_code_devign_winner_xfg_round1_retry1\runs\perturbed\07_codexglue_devign_4012__data_flow_alias__c5,C:\Users\weijt\Desktop\UNSW\COMP9900\project\capstone-project-26t2-9900-t17a-almond\outputs\run_20260723_code_devign_winner_xfg_round1_retry1\sources\07_codexglue_devign_4012__data_flow_alias__c5.c,inserted 5 alias-preserving data-flow no-op(s) near call arguments nearest baseline winner-XFG key line 115,
07_codexglue_devign_4012,C:\Users\weijt\Desktop\UNSW\COMP9900\project\capstone-project-26t2-9900-t17a-almond\input_sources\devign\07_codexglue_devign_4012.c,dead_statement,winner-xfg,array,115,0.8989209532737732,115,1,1,generated,ran,False,1,1,0.8989209532737732,0.730539858341217,-0.16838109493255615,698,710,12,1523,1550,27,C:\Users\weijt\Desktop\UNSW\COMP9900\project\capstone-project-26t2-9900-t17a-almond\outputs\run_20260723_code_devign_winner_xfg_round1_retry1\runs\baseline\07_codexglue_devign_4012,C:\Users\weijt\Desktop\UNSW\COMP9900\project\capstone-project-26t2-9900-t17a-almond\outputs\run_20260723_code_devign_winner_xfg_round1_retry1\runs\perturbed\07_codexglue_devign_4012__dead_statement__c1,C:\Users\weijt\Desktop\UNSW\COMP9900\project\capstone-project-26t2-9900-t17a-almond\outputs\run_20260723_code_devign_winner_xfg_round1_retry1\sources\07_codexglue_devign_4012__dead_statement__c1.c,inserted 1 harmless dummy integer statement pair(s) nearest baseline winner-XFG key line 115,
07_codexglue_devign_4012,C:\Users\weijt\Desktop\UNSW\COMP9900\project\capstone-project-26t2-9900-t17a-almond\input_sources\devign\07_codexglue_devign_4012.c,dead_statement,winner-xfg,array,115,0.8989209532737732,115,2,2,generated,ran,False,1,1,0.8989209532737732,0.9490646719932556,0.05014371871948242,698,722,24,1523,1577,54,C:\Users\weijt\Desktop\UNSW\COMP9900\project\capstone-project-26t2-9900-t17a-almond\outputs\run_20260723_code_devign_winner_xfg_round1_retry1\runs\baseline\07_codexglue_devign_4012,C:\Users\weijt\Desktop\UNSW\COMP9900\project\capstone-project-26t2-9900-t17a-almond\outputs\run_20260723_code_devign_winner_xfg_round1_retry1\runs\perturbed\07_codexglue_devign_4012__dead_statement__c2,C:\Users\weijt\Desktop\UNSW\COMP9900\project\capstone-project-26t2-9900-t17a-almond\outputs\run_20260723_code_devign_winner_xfg_round1_retry1\sources\07_codexglue_devign_4012__dead_statement__c2.c,inserted 2 harmless dummy integer statement pair(s) nearest baseline winner-XFG key line 115,
07_codexglue_devign_4012,C:\Users\weijt\Desktop\UNSW\COMP9900\project\capstone-project-26t2-9900-t17a-almond\input_sources\devign\07_codexglue_devign_4012.c,dead_statement,winner-xfg,array,115,0.8989209532737732,115,3,3,generated,ran,True,1,0,0.8989209532737732,0.4295848309993744,-0.4693361222743988,698,734,36,1523,1604,81,C:\Users\weijt\Desktop\UNSW\COMP9900\project\capstone-project-26t2-9900-t17a-almond\outputs\run_20260723_code_devign_winner_xfg_round1_retry1\runs\baseline\07_codexglue_devign_4012,C:\Users\weijt\Desktop\UNSW\COMP9900\project\capstone-project-26t2-9900-t17a-almond\outputs\run_20260723_code_devign_winner_xfg_round1_retry1\runs\perturbed\07_codexglue_devign_4012__dead_statement__c3,C:\Users\weijt\Desktop\UNSW\COMP9900\project\capstone-project-26t2-9900-t17a-almond\outputs\run_20260723_code_devign_winner_xfg_round1_retry1\sources\07_codexglue_devign_4012__dead_statement__c3.c,inserted 3 harmless dummy integer statement pair(s) nearest baseline winner-XFG key line 115,
07_codexglue_devign_4012,C:\Users\weijt\Desktop\UNSW\COMP9900\project\capstone-project-26t2-9900-t17a-almond\input_sources\devign\07_codexglue_devign_4012.c,xfg_targeted_dead_code,winner-xfg,array,115,0.8989209532737732,115,1,1,generated,ran,False,1,1,0.8989209532737732,0.9203137159347534,0.021392762660980225,698,714,16,1523,1559,36,C:\Users\weijt\Desktop\UNSW\COMP9900\project\capstone-project-26t2-9900-t17a-almond\outputs\run_20260723_code_devign_winner_xfg_round1_retry1\runs\baseline\07_codexglue_devign_4012,C:\Users\weijt\Desktop\UNSW\COMP9900\project\capstone-project-26t2-9900-t17a-almond\outputs\run_20260723_code_devign_winner_xfg_round1_retry1\runs\perturbed\07_codexglue_devign_4012__xfg_targeted_dead_code__c1,C:\Users\weijt\Desktop\UNSW\COMP9900\project\capstone-project-26t2-9900-t17a-almond\outputs\run_20260723_code_devign_winner_xfg_round1_retry1\sources\07_codexglue_devign_4012__xfg_targeted_dead_code__c1.c,inserted 1 unreachable no-op block(s) near XFG-relevant target lines nearest baseline winner-XFG key line 115,
07_codexglue_devign_4012,C:\Users\weijt\Desktop\UNSW\COMP9900\project\capstone-project-26t2-9900-t17a-almond\input_sources\devign\07_codexglue_devign_4012.c,xfg_targeted_dead_code,winner-xfg,array,115,0.8989209532737732,"115,113",2,2,generated,ran,False,1,1,0.8989209532737732,0.77412348985672,-0.12479746341705322,698,730,32,1523,1595,72,C:\Users\weijt\Desktop\UNSW\COMP9900\project\capstone-project-26t2-9900-t17a-almond\outputs\run_20260723_code_devign_winner_xfg_round1_retry1\runs\baseline\07_codexglue_devign_4012,C:\Users\weijt\Desktop\UNSW\COMP9900\project\capstone-project-26t2-9900-t17a-almond\outputs\run_20260723_code_devign_winner_xfg_round1_retry1\runs\perturbed\07_codexglue_devign_4012__xfg_targeted_dead_code__c2,C:\Users\weijt\Desktop\UNSW\COMP9900\project\capstone-project-26t2-9900-t17a-almond\outputs\run_20260723_code_devign_winner_xfg_round1_retry1\sources\07_codexglue_devign_4012__xfg_targeted_dead_code__c2.c,inserted 2 unreachable no-op block(s) near XFG-relevant target lines nearest baseline winner-XFG key line 115,
07_codexglue_devign_4012,C:\Users\weijt\Desktop\UNSW\COMP9900\project\capstone-project-26t2-9900-t17a-almond\input_sources\devign\07_codexglue_devign_4012.c,xfg_targeted_dead_code,winner-xfg,array,115,0.8989209532737732,"115,113,117",3,3,generated,ran,True,1,0,0.8989209532737732,0.35781583189964294,-0.5411051213741302,698,746,48,1523,1631,108,C:\Users\weijt\Desktop\UNSW\COMP9900\project\capstone-project-26t2-9900-t17a-almond\outputs\run_20260723_code_devign_winner_xfg_round1_retry1\runs\baseline\07_codexglue_devign_4012,C:\Users\weijt\Desktop\UNSW\COMP9900\project\capstone-project-26t2-9900-t17a-almond\outputs\run_20260723_code_devign_winner_xfg_round1_retry1\runs\perturbed\07_codexglue_devign_4012__xfg_targeted_dead_code__c3,C:\Users\weijt\Desktop\UNSW\COMP9900\project\capstone-project-26t2-9900-t17a-almond\outputs\run_20260723_code_devign_winner_xfg_round1_retry1\sources\07_codexglue_devign_4012__xfg_targeted_dead_code__c3.c,inserted 3 unreachable no-op block(s) near XFG-relevant target lines nearest baseline winner-XFG key line 115,
07_codexglue_devign_4012,C:\Users\weijt\Desktop\UNSW\COMP9900\project\capstone-project-26t2-9900-t17a-almond\input_sources\devign\07_codexglue_devign_4012.c,range_clamp,winner-xfg,array,115,0.8989209532737732,,1,0,skipped,ran,,,,,,,,,,,,,C:\Users\weijt\Desktop\UNSW\COMP9900\project\capstone-project-26t2-9900-t17a-almond\outputs\run_20260723_code_devign_winner_xfg_round1_retry1\runs\baseline\07_codexglue_devign_4012,,,no sensitive call with a clampable size/count argument found,
07_codexglue_devign_4012,C:\Users\weijt\Desktop\UNSW\COMP9900\project\capstone-project-26t2-9900-t17a-almond\input_sources\devign\07_codexglue_devign_4012.c,safe_source_substitution,winner-xfg,array,115,0.8989209532737732,77,1,1,generated,ran,False,1,1,0.8989209532737732,0.7343809008598328,-0.16454005241394043,698,706,8,1523,1545,22,C:\Users\weijt\Desktop\UNSW\COMP9900\project\capstone-project-26t2-9900-t17a-almond\outputs\run_20260723_code_devign_winner_xfg_round1_retry1\runs\baseline\07_codexglue_devign_4012,C:\Users\weijt\Desktop\UNSW\COMP9900\project\capstone-project-26t2-9900-t17a-almond\outputs\run_20260723_code_devign_winner_xfg_round1_retry1\runs\perturbed\07_codexglue_devign_4012__safe_source_substitution__c1,C:\Users\weijt\Desktop\UNSW\COMP9900\project\capstone-project-26t2-9900-t17a-almond\outputs\run_20260723_code_devign_winner_xfg_round1_retry1\sources\07_codexglue_devign_4012__safe_source_substitution__c1.c,replaced 1 nested pointer source expression(s) with guarded fallback expressions nearest baseline winner-XFG key line 115,
07_codexglue_devign_4012,C:\Users\weijt\Desktop\UNSW\COMP9900\project\capstone-project-26t2-9900-t17a-almond\input_sources\devign\07_codexglue_devign_4012.c,safe_source_substitution,winner-xfg,array,115,0.8989209532737732,"77,153",2,2,generated,ran,False,1,1,0.8989209532737732,0.8302077054977417,-0.0687132477760315,698,714,16,1523,1562,39,C:\Users\weijt\Desktop\UNSW\COMP9900\project\capstone-project-26t2-9900-t17a-almond\outputs\run_20260723_code_devign_winner_xfg_round1_retry1\runs\baseline\07_codexglue_devign_4012,C:\Users\weijt\Desktop\UNSW\COMP9900\project\capstone-project-26t2-9900-t17a-almond\outputs\run_20260723_code_devign_winner_xfg_round1_retry1\runs\perturbed\07_codexglue_devign_4012__safe_source_substitution__c2,C:\Users\weijt\Desktop\UNSW\COMP9900\project\capstone-project-26t2-9900-t17a-almond\outputs\run_20260723_code_devign_winner_xfg_round1_retry1\sources\07_codexglue_devign_4012__safe_source_substitution__c2.c,replaced 2 nested pointer source expression(s) with guarded fallback expressions nearest baseline winner-XFG key line 115,
07_codexglue_devign_4012,C:\Users\weijt\Desktop\UNSW\COMP9900\project\capstone-project-26t2-9900-t17a-almond\input_sources\devign\07_codexglue_devign_4012.c,safe_source_substitution,winner-xfg,array,115,0.8989209532737732,"77,153,165",3,3,generated,ran,False,1,1,0.8989209532737732,0.8233702182769775,-0.07555073499679565,698,722,24,1523,1574,51,C:\Users\weijt\Desktop\UNSW\COMP9900\project\capstone-project-26t2-9900-t17a-almond\outputs\run_20260723_code_devign_winner_xfg_round1_retry1\runs\baseline\07_codexglue_devign_4012,C:\Users\weijt\Desktop\UNSW\COMP9900\project\capstone-project-26t2-9900-t17a-almond\outputs\run_20260723_code_devign_winner_xfg_round1_retry1\runs\perturbed\07_codexglue_devign_4012__safe_source_substitution__c3,C:\Users\weijt\Desktop\UNSW\COMP9900\project\capstone-project-26t2-9900-t17a-almond\outputs\run_20260723_code_devign_winner_xfg_round1_retry1\sources\07_codexglue_devign_4012__safe_source_substitution__c3.c,replaced 3 nested pointer source expression(s) with guarded fallback expressions nearest baseline winner-XFG key line 115,
07_codexglue_devign_4012,C:\Users\weijt\Desktop\UNSW\COMP9900\project\capstone-project-26t2-9900-t17a-almond\input_sources\devign\07_codexglue_devign_4012.c,safe_source_substitution,winner-xfg,array,115,0.8989209532737732,"77,153,165,169",5,4,partial,run_partial,False,1,1,0.8989209532737732,0.8233702182769775,-0.07555073499679565,698,730,32,1523,1589,66,C:\Users\weijt\Desktop\UNSW\COMP9900\project\capstone-project-26t2-9900-t17a-almond\outputs\run_20260723_code_devign_winner_xfg_round1_retry1\runs\baseline\07_codexglue_devign_4012,C:\Users\weijt\Desktop\UNSW\COMP9900\project\capstone-project-26t2-9900-t17a-almond\outputs\run_20260723_code_devign_winner_xfg_round1_retry1\runs\perturbed\07_codexglue_devign_4012__safe_source_substitution__c5,C:\Users\weijt\Desktop\UNSW\COMP9900\project\capstone-project-26t2-9900-t17a-almond\outputs\run_20260723_code_devign_winner_xfg_round1_retry1\sources\07_codexglue_devign_4012__safe_source_substitution__c5.c,replaced 4 nested pointer source expression(s) with guarded fallback expressions nearest baseline winner-XFG key line 115,
07_codexglue_devign_4012,C:\Users\weijt\Desktop\UNSW\COMP9900\project\capstone-project-26t2-9900-t17a-almond\input_sources\devign\07_codexglue_devign_4012.c,sink_bound_guard,winner-xfg,array,115,0.8989209532737732,,1,0,skipped,ran,,,,,,,,,,,,,C:\Users\weijt\Desktop\UNSW\COMP9900\project\capstone-project-26t2-9900-t17a-almond\outputs\run_20260723_code_devign_winner_xfg_round1_retry1\runs\baseline\07_codexglue_devign_4012,,,no sensitive sink call found for bound guard insertion,
07_codexglue_devign_4012,C:\Users\weijt\Desktop\UNSW\COMP9900\project\capstone-project-26t2-9900-t17a-almond\input_sources\devign\07_codexglue_devign_4012.c,postcondition_validation,winner-xfg,array,115,0.8989209532737732,,1,0,skipped,target_unavailable,,,,,,,,,,,,,C:\Users\weijt\Desktop\UNSW\COMP9900\project\capstone-project-26t2-9900-t17a-almond\outputs\run_20260723_code_devign_winner_xfg_round1_retry1\runs\baseline\07_codexglue_devign_4012,,,action postcondition_validation has no winner-XFG-local implementation,action postcondition_validation has no winner-XFG-local implementation
07_codexglue_devign_4012,C:\Users\weijt\Desktop\UNSW\COMP9900\project\capstone-project-26t2-9900-t17a-almond\input_sources\devign\07_codexglue_devign_4012.c,integer_overflow_guard,winner-xfg,array,115,0.8989209532737732,,1,0,skipped,ran,,,,,,,,,,,,,C:\Users\weijt\Desktop\UNSW\COMP9900\project\capstone-project-26t2-9900-t17a-almond\outputs\run_20260723_code_devign_winner_xfg_round1_retry1\runs\baseline\07_codexglue_devign_4012,,,no allocation size addition or multiplication expression found,
07_codexglue_devign_4012,C:\Users\weijt\Desktop\UNSW\COMP9900\project\capstone-project-26t2-9900-t17a-almond\input_sources\devign\07_codexglue_devign_4012.c,array_index_bound_guard,winner-xfg,array,115,0.8989209532737732,117,1,1,generated,ran,False,1,1,0.8989209532737732,0.94530189037323,0.04638093709945679,698,724,26,1523,1571,48,C:\Users\weijt\Desktop\UNSW\COMP9900\project\capstone-project-26t2-9900-t17a-almond\outputs\run_20260723_code_devign_winner_xfg_round1_retry1\runs\baseline\07_codexglue_devign_4012,C:\Users\weijt\Desktop\UNSW\COMP9900\project\capstone-project-26t2-9900-t17a-almond\outputs\run_20260723_code_devign_winner_xfg_round1_retry1\runs\perturbed\07_codexglue_devign_4012__array_index_bound_guard__c1,C:\Users\weijt\Desktop\UNSW\COMP9900\project\capstone-project-26t2-9900-t17a-almond\outputs\run_20260723_code_devign_winner_xfg_round1_retry1\sources\07_codexglue_devign_4012__array_index_bound_guard__c1.c,wrapped 1 array write(s) with index lower/upper bound guards nearest baseline winner-XFG key line 115,
07_codexglue_devign_4012,C:\Users\weijt\Desktop\UNSW\COMP9900\project\capstone-project-26t2-9900-t17a-almond\input_sources\devign\07_codexglue_devign_4012.c,array_index_bound_guard,winner-xfg,array,115,0.8989209532737732,"117,119",2,2,generated,ran,True,1,0,0.8989209532737732,0.05343161150813103,-0.8454893417656422,698,750,52,1523,1622,99,C:\Users\weijt\Desktop\UNSW\COMP9900\project\capstone-project-26t2-9900-t17a-almond\outputs\run_20260723_code_devign_winner_xfg_round1_retry1\runs\baseline\07_codexglue_devign_4012,C:\Users\weijt\Desktop\UNSW\COMP9900\project\capstone-project-26t2-9900-t17a-almond\outputs\run_20260723_code_devign_winner_xfg_round1_retry1\runs\perturbed\07_codexglue_devign_4012__array_index_bound_guard__c2,C:\Users\weijt\Desktop\UNSW\COMP9900\project\capstone-project-26t2-9900-t17a-almond\outputs\run_20260723_code_devign_winner_xfg_round1_retry1\sources\07_codexglue_devign_4012__array_index_bound_guard__c2.c,wrapped 2 array write(s) with index lower/upper bound guards nearest baseline winner-XFG key line 115,
07_codexglue_devign_4012,C:\Users\weijt\Desktop\UNSW\COMP9900\project\capstone-project-26t2-9900-t17a-almond\input_sources\devign\07_codexglue_devign_4012.c,wide_char_sink_guard,winner-xfg,array,115,0.8989209532737732,,1,0,skipped,ran,,,,,,,,,,,,,C:\Users\weijt\Desktop\UNSW\COMP9900\project\capstone-project-26t2-9900-t17a-almond\outputs\run_20260723_code_devign_winner_xfg_round1_retry1\runs\baseline\07_codexglue_devign_4012,,,no wcscat/wcscpy wide-character sink found,
07_codexglue_devign_4012,C:\Users\weijt\Desktop\UNSW\COMP9900\project\capstone-project-26t2-9900-t17a-almond\input_sources\devign\07_codexglue_devign_4012.c,pattern_dead_code,winner-xfg,array,115,0.8989209532737732,115,1,1,generated,ran,True,1,0,0.8989209532737732,0.42958468198776245,-0.46933627128601074,698,753,55,1523,1624,101,C:\Users\weijt\Desktop\UNSW\COMP9900\project\capstone-project-26t2-9900-t17a-almond\outputs\run_20260723_code_devign_winner_xfg_round1_retry1\runs\baseline\07_codexglue_devign_4012,C:\Users\weijt\Desktop\UNSW\COMP9900\project\capstone-project-26t2-9900-t17a-almond\outputs\run_20260723_code_devign_winner_xfg_round1_retry1\runs\perturbed\07_codexglue_devign_4012__pattern_dead_code__c1,C:\Users\weijt\Desktop\UNSW\COMP9900\project\capstone-project-26t2-9900-t17a-almond\outputs\run_20260723_code_devign_winner_xfg_round1_retry1\sources\07_codexglue_devign_4012__pattern_dead_code__c1.c,inserted 1 unreachable pointer/array/length pattern block(s) near sensitive or structural lines nearest baseline winner-XFG key line 115,
07_codexglue_devign_4012,C:\Users\weijt\Desktop\UNSW\COMP9900\project\capstone-project-26t2-9900-t17a-almond\input_sources\devign\07_codexglue_devign_4012.c,control_wrapper,winner-xfg,array,115,0.8989209532737732,115,1,1,generated,ran,False,1,1,0.8989209532737732,0.9500623941421509,0.051141440868377686,698,702,4,1523,1536,13,C:\Users\weijt\Desktop\UNSW\COMP9900\project\capstone-project-26t2-9900-t17a-almond\outputs\run_20260723_code_devign_winner_xfg_round1_retry1\runs\baseline\07_codexglue_devign_4012,C:\Users\weijt\Desktop\UNSW\COMP9900\project\capstone-project-26t2-9900-t17a-almond\outputs\run_20260723_code_devign_winner_xfg_round1_retry1\runs\perturbed\07_codexglue_devign_4012__control_wrapper__c1,C:\Users\weijt\Desktop\UNSW\COMP9900\project\capstone-project-26t2-9900-t17a-almond\outputs\run_20260723_code_devign_winner_xfg_round1_retry1\sources\07_codexglue_devign_4012__control_wrapper__c1.c,wrapped 1 safe single-line statement(s) with if (1) blocks nearest baseline winner-XFG key line 115,
07_codexglue_devign_4012,C:\Users\weijt\Desktop\UNSW\COMP9900\project\capstone-project-26t2-9900-t17a-almond\input_sources\devign\07_codexglue_devign_4012.c,control_wrapper,winner-xfg,array,115,0.8989209532737732,"115,117",2,2,generated,ran,False,1,1,0.8989209532737732,0.918126106262207,0.019205152988433838,698,706,8,1523,1545,22,C:\Users\weijt\Desktop\UNSW\COMP9900\project\capstone-project-26t2-9900-t17a-almond\outputs\run_20260723_code_devign_winner_xfg_round1_retry1\runs\baseline\07_codexglue_devign_4012,C:\Users\weijt\Desktop\UNSW\COMP9900\project\capstone-project-26t2-9900-t17a-almond\outputs\run_20260723_code_devign_winner_xfg_round1_retry1\runs\perturbed\07_codexglue_devign_4012__control_wrapper__c2,C:\Users\weijt\Desktop\UNSW\COMP9900\project\capstone-project-26t2-9900-t17a-almond\outputs\run_20260723_code_devign_winner_xfg_round1_retry1\sources\07_codexglue_devign_4012__control_wrapper__c2.c,wrapped 2 safe single-line statement(s) with if (1) blocks nearest baseline winner-XFG key line 115,
07_codexglue_devign_4012,C:\Users\weijt\Desktop\UNSW\COMP9900\project\capstone-project-26t2-9900-t17a-almond\input_sources\devign\07_codexglue_devign_4012.c,control_wrapper,winner-xfg,array,115,0.8989209532737732,"115,117,119",3,3,generated,ran,False,1,1,0.8989209532737732,0.8837370276451111,-0.01518392562866211,698,710,12,1523,1555,32,C:\Users\weijt\Desktop\UNSW\COMP9900\project\capstone-project-26t2-9900-t17a-almond\outputs\run_20260723_code_devign_winner_xfg_round1_retry1\runs\baseline\07_codexglue_devign_4012,C:\Users\weijt\Desktop\UNSW\COMP9900\project\capstone-project-26t2-9900-t17a-almond\outputs\run_20260723_code_devign_winner_xfg_round1_retry1\runs\perturbed\07_codexglue_devign_4012__control_wrapper__c3,C:\Users\weijt\Desktop\UNSW\COMP9900\project\capstone-project-26t2-9900-t17a-almond\outputs\run_20260723_code_devign_winner_xfg_round1_retry1\sources\07_codexglue_devign_4012__control_wrapper__c3.c,wrapped 3 safe single-line statement(s) with if (1) blocks nearest baseline winner-XFG key line 115,
07_codexglue_devign_4012,C:\Users\weijt\Desktop\UNSW\COMP9900\project\capstone-project-26t2-9900-t17a-almond\input_sources\devign\07_codexglue_devign_4012.c,control_wrapper,winner-xfg,array,115,0.8989209532737732,"115,117,119,107,129",5,5,generated,ran,False,1,1,0.8989209532737732,0.906991183757782,0.008070230484008789,698,718,20,1523,1576,53,C:\Users\weijt\Desktop\UNSW\COMP9900\project\capstone-project-26t2-9900-t17a-almond\outputs\run_20260723_code_devign_winner_xfg_round1_retry1\runs\baseline\07_codexglue_devign_4012,C:\Users\weijt\Desktop\UNSW\COMP9900\project\capstone-project-26t2-9900-t17a-almond\outputs\run_20260723_code_devign_winner_xfg_round1_retry1\runs\perturbed\07_codexglue_devign_4012__control_wrapper__c5,C:\Users\weijt\Desktop\UNSW\COMP9900\project\capstone-project-26t2-9900-t17a-almond\outputs\run_20260723_code_devign_winner_xfg_round1_retry1\sources\07_codexglue_devign_4012__control_wrapper__c5.c,wrapped 5 safe single-line statement(s) with if (1) blocks nearest baseline winner-XFG key line 115,
07_codexglue_devign_4012,C:\Users\weijt\Desktop\UNSW\COMP9900\project\capstone-project-26t2-9900-t17a-almond\input_sources\devign\07_codexglue_devign_4012.c,temp_variable_split,winner-xfg,array,115,0.8989209532737732,,1,0,skipped,ran,,,,,,,,,,,,,C:\Users\weijt\Desktop\UNSW\COMP9900\project\capstone-project-26t2-9900-t17a-almond\outputs\run_20260723_code_devign_winner_xfg_round1_retry1\runs\baseline\07_codexglue_devign_4012,,,no simple integer-like assignment candidate found,
08_codexglue_devign_17947,C:\Users\weijt\Desktop\UNSW\COMP9900\project\capstone-project-26t2-9900-t17a-almond\input_sources\devign\08_codexglue_devign_17947.c,data_flow_alias,winner-xfg,call,49,1.5069810288537155e-08,49,1,1,generated,ran,False,0,0,1.5069810288537155e-08,9.865605221648366e-08,8.35862419279465e-08,263,283,20,536,574,38,C:\Users\weijt\Desktop\UNSW\COMP9900\project\capstone-project-26t2-9900-t17a-almond\outputs\run_20260723_code_devign_winner_xfg_round1_retry1\runs\baseline\08_codexglue_devign_17947,C:\Users\weijt\Desktop\UNSW\COMP9900\project\capstone-project-26t2-9900-t17a-almond\outputs\run_20260723_code_devign_winner_xfg_round1_retry1\runs\perturbed\08_codexglue_devign_17947__data_flow_alias__c1,C:\Users\weijt\Desktop\UNSW\COMP9900\project\capstone-project-26t2-9900-t17a-almond\outputs\run_20260723_code_devign_winner_xfg_round1_retry1\sources\08_codexglue_devign_17947__data_flow_alias__c1.c,inserted 1 alias-preserving data-flow no-op(s) near call arguments nearest baseline winner-XFG key line 49,
08_codexglue_devign_17947,C:\Users\weijt\Desktop\UNSW\COMP9900\project\capstone-project-26t2-9900-t17a-almond\input_sources\devign\08_codexglue_devign_17947.c,data_flow_alias,winner-xfg,call,49,1.5069810288537155e-08,"49,43",2,2,generated,ran,False,0,0,1.5069810288537155e-08,1.6599310015408264e-07,1.5092328986554548e-07,263,303,40,536,612,76,C:\Users\weijt\Desktop\UNSW\COMP9900\project\capstone-project-26t2-9900-t17a-almond\outputs\run_20260723_code_devign_winner_xfg_round1_retry1\runs\baseline\08_codexglue_devign_17947,C:\Users\weijt\Desktop\UNSW\COMP9900\project\capstone-project-26t2-9900-t17a-almond\outputs\run_20260723_code_devign_winner_xfg_round1_retry1\runs\perturbed\08_codexglue_devign_17947__data_flow_alias__c2,C:\Users\weijt\Desktop\UNSW\COMP9900\project\capstone-project-26t2-9900-t17a-almond\outputs\run_20260723_code_devign_winner_xfg_round1_retry1\sources\08_codexglue_devign_17947__data_flow_alias__c2.c,inserted 2 alias-preserving data-flow no-op(s) near call arguments nearest baseline winner-XFG key line 49,
08_codexglue_devign_17947,C:\Users\weijt\Desktop\UNSW\COMP9900\project\capstone-project-26t2-9900-t17a-almond\input_sources\devign\08_codexglue_devign_17947.c,data_flow_alias,winner-xfg,call,49,1.5069810288537155e-08,"49,43,55",3,3,generated,ran,False,0,0,1.5069810288537155e-08,7.4350946306367405e-06,7.420024820348203e-06,263,323,60,536,647,111,C:\Users\weijt\Desktop\UNSW\COMP9900\project\capstone-project-26t2-9900-t17a-almond\outputs\run_20260723_code_devign_winner_xfg_round1_retry1\runs\baseline\08_codexglue_devign_17947,C:\Users\weijt\Desktop\UNSW\COMP9900\project\capstone-project-26t2-9900-t17a-almond\outputs\run_20260723_code_devign_winner_xfg_round1_retry1\runs\perturbed\08_codexglue_devign_17947__data_flow_alias__c3,C:\Users\weijt\Desktop\UNSW\COMP9900\project\capstone-project-26t2-9900-t17a-almond\outputs\run_20260723_code_devign_winner_xfg_round1_retry1\sources\08_codexglue_devign_17947__data_flow_alias__c3.c,inserted 3 alias-preserving data-flow no-op(s) near call arguments nearest baseline winner-XFG key line 49,
08_codexglue_devign_17947,C:\Users\weijt\Desktop\UNSW\COMP9900\project\capstone-project-26t2-9900-t17a-almond\input_sources\devign\08_codexglue_devign_17947.c,data_flow_alias,winner-xfg,call,49,1.5069810288537155e-08,"49,43,55,41,39",5,5,generated,ran,False,0,0,1.5069810288537155e-08,6.566668162122369e-06,6.551598351833832e-06,263,363,100,536,737,201,C:\Users\weijt\Desktop\UNSW\COMP9900\project\capstone-project-26t2-9900-t17a-almond\outputs\run_20260723_code_devign_winner_xfg_round1_retry1\runs\baseline\08_codexglue_devign_17947,C:\Users\weijt\Desktop\UNSW\COMP9900\project\capstone-project-26t2-9900-t17a-almond\outputs\run_20260723_code_devign_winner_xfg_round1_retry1\runs\perturbed\08_codexglue_devign_17947__data_flow_alias__c5,C:\Users\weijt\Desktop\UNSW\COMP9900\project\capstone-project-26t2-9900-t17a-almond\outputs\run_20260723_code_devign_winner_xfg_round1_retry1\sources\08_codexglue_devign_17947__data_flow_alias__c5.c,inserted 5 alias-preserving data-flow no-op(s) near call arguments nearest baseline winner-XFG key line 49,
08_codexglue_devign_17947,C:\Users\weijt\Desktop\UNSW\COMP9900\project\capstone-project-26t2-9900-t17a-almond\input_sources\devign\08_codexglue_devign_17947.c,dead_statement,winner-xfg,call,49,1.5069810288537155e-08,49,1,1,generated,ran,False,0,0,1.5069810288537155e-08,1.5069810288537155e-08,0.0,263,275,12,536,563,27,C:\Users\weijt\Desktop\UNSW\COMP9900\project\capstone-project-26t2-9900-t17a-almond\outputs\run_20260723_code_devign_winner_xfg_round1_retry1\runs\baseline\08_codexglue_devign_17947,C:\Users\weijt\Desktop\UNSW\COMP9900\project\capstone-project-26t2-9900-t17a-almond\outputs\run_20260723_code_devign_winner_xfg_round1_retry1\runs\perturbed\08_codexglue_devign_17947__dead_statement__c1,C:\Users\weijt\Desktop\UNSW\COMP9900\project\capstone-project-26t2-9900-t17a-almond\outputs\run_20260723_code_devign_winner_xfg_round1_retry1\sources\08_codexglue_devign_17947__dead_statement__c1.c,inserted 1 harmless dummy integer statement pair(s) nearest baseline winner-XFG key line 49,
08_codexglue_devign_17947,C:\Users\weijt\Desktop\UNSW\COMP9900\project\capstone-project-26t2-9900-t17a-almond\input_sources\devign\08_codexglue_devign_17947.c,dead_statement,winner-xfg,call,49,1.5069810288537155e-08,49,2,2,generated,ran,False,0,0,1.5069810288537155e-08,3.345284227407319e-08,1.8383031985536036e-08,263,287,24,536,590,54,C:\Users\weijt\Desktop\UNSW\COMP9900\project\capstone-project-26t2-9900-t17a-almond\outputs\run_20260723_code_devign_winner_xfg_round1_retry1\runs\baseline\08_codexglue_devign_17947,C:\Users\weijt\Desktop\UNSW\COMP9900\project\capstone-project-26t2-9900-t17a-almond\outputs\run_20260723_code_devign_winner_xfg_round1_retry1\runs\perturbed\08_codexglue_devign_17947__dead_statement__c2,C:\Users\weijt\Desktop\UNSW\COMP9900\project\capstone-project-26t2-9900-t17a-almond\outputs\run_20260723_code_devign_winner_xfg_round1_retry1\sources\08_codexglue_devign_17947__dead_statement__c2.c,inserted 2 harmless dummy integer statement pair(s) nearest baseline winner-XFG key line 49,
08_codexglue_devign_17947,C:\Users\weijt\Desktop\UNSW\COMP9900\project\capstone-project-26t2-9900-t17a-almond\input_sources\devign\08_codexglue_devign_17947.c,dead_statement,winner-xfg,call,49,1.5069810288537155e-08,49,3,3,generated,ran,False,0,0,1.5069810288537155e-08,1.9258416728007433e-07,1.7751435699153717e-07,263,299,36,536,617,81,C:\Users\weijt\Desktop\UNSW\COMP9900\project\capstone-project-26t2-9900-t17a-almond\outputs\run_20260723_code_devign_winner_xfg_round1_retry1\runs\baseline\08_codexglue_devign_17947,C:\Users\weijt\Desktop\UNSW\COMP9900\project\capstone-project-26t2-9900-t17a-almond\outputs\run_20260723_code_devign_winner_xfg_round1_retry1\runs\perturbed\08_codexglue_devign_17947__dead_statement__c3,C:\Users\weijt\Desktop\UNSW\COMP9900\project\capstone-project-26t2-9900-t17a-almond\outputs\run_20260723_code_devign_winner_xfg_round1_retry1\sources\08_codexglue_devign_17947__dead_statement__c3.c,inserted 3 harmless dummy integer statement pair(s) nearest baseline winner-XFG key line 49,
08_codexglue_devign_17947,C:\Users\weijt\Desktop\UNSW\COMP9900\project\capstone-project-26t2-9900-t17a-almond\input_sources\devign\08_codexglue_devign_17947.c,dead_statement,winner-xfg,call,49,1.5069810288537155e-08,49,5,5,generated,ran,False,0,0,1.5069810288537155e-08,2.384678623457148e-07,2.2339805205717767e-07,263,323,60,536,671,135,C:\Users\weijt\Desktop\UNSW\COMP9900\project\capstone-project-26t2-9900-t17a-almond\outputs\run_20260723_code_devign_winner_xfg_round1_retry1\runs\baseline\08_codexglue_devign_17947,C:\Users\weijt\Desktop\UNSW\COMP9900\project\capstone-project-26t2-9900-t17a-almond\outputs\run_20260723_code_devign_winner_xfg_round1_retry1\runs\perturbed\08_codexglue_devign_17947__dead_statement__c5,C:\Users\weijt\Desktop\UNSW\COMP9900\project\capstone-project-26t2-9900-t17a-almond\outputs\run_20260723_code_devign_winner_xfg_round1_retry1\sources\08_codexglue_devign_17947__dead_statement__c5.c,inserted 5 harmless dummy integer statement pair(s) nearest baseline winner-XFG key line 49,
08_codexglue_devign_17947,C:\Users\weijt\Desktop\UNSW\COMP9900\project\capstone-project-26t2-9900-t17a-almond\input_sources\devign\08_codexglue_devign_17947.c,xfg_targeted_dead_code,winner-xfg,call,49,1.5069810288537155e-08,49,1,1,generated,ran,False,0,0,1.5069810288537155e-08,1.5069810288537155e-08,0.0,263,279,16,536,572,36,C:\Users\weijt\Desktop\UNSW\COMP9900\project\capstone-project-26t2-9900-t17a-almond\outputs\run_20260723_code_devign_winner_xfg_round1_retry1\runs\baseline\08_codexglue_devign_17947,C:\Users\weijt\Desktop\UNSW\COMP9900\project\capstone-project-26t2-9900-t17a-almond\outputs\run_20260723_code_devign_winner_xfg_round1_retry1\runs\perturbed\08_codexglue_devign_17947__xfg_targeted_dead_code__c1,C:\Users\weijt\Desktop\UNSW\COMP9900\project\capstone-project-26t2-9900-t17a-almond\outputs\run_20260723_code_devign_winner_xfg_round1_retry1\sources\08_codexglue_devign_17947__xfg_targeted_dead_code__c1.c,inserted 1 unreachable no-op block(s) near XFG-relevant target lines nearest baseline winner-XFG key line 49,
08_codexglue_devign_17947,C:\Users\weijt\Desktop\UNSW\COMP9900\project\capstone-project-26t2-9900-t17a-almond\input_sources\devign\08_codexglue_devign_17947.c,xfg_targeted_dead_code,winner-xfg,call,49,1.5069810288537155e-08,"49,45",2,2,generated,ran,False,0,0,1.5069810288537155e-08,1.0379056192277858e-07,8.872075163424142e-08,263,294,31,536,656,120,C:\Users\weijt\Desktop\UNSW\COMP9900\project\capstone-project-26t2-9900-t17a-almond\outputs\run_20260723_code_devign_winner_xfg_round1_retry1\runs\baseline\08_codexglue_devign_17947,C:\Users\weijt\Desktop\UNSW\COMP9900\project\capstone-project-26t2-9900-t17a-almond\outputs\run_20260723_code_devign_winner_xfg_round1_retry1\runs\perturbed\08_codexglue_devign_17947__xfg_targeted_dead_code__c2,C:\Users\weijt\Desktop\UNSW\COMP9900\project\capstone-project-26t2-9900-t17a-almond\outputs\run_20260723_code_devign_winner_xfg_round1_retry1\sources\08_codexglue_devign_17947__xfg_targeted_dead_code__c2.c,inserted 2 unreachable no-op block(s) near XFG-relevant target lines nearest baseline winner-XFG key line 49,
08_codexglue_devign_17947,C:\Users\weijt\Desktop\UNSW\COMP9900\project\capstone-project-26t2-9900-t17a-almond\input_sources\devign\08_codexglue_devign_17947.c,xfg_targeted_dead_code,winner-xfg,call,49,1.5069810288537155e-08,"49,45,55",3,3,generated,ran,False,0,0,1.5069810288537155e-08,1.1528001664373733e-07,1.0021020635520017e-07,263,310,47,536,692,156,C:\Users\weijt\Desktop\UNSW\COMP9900\project\capstone-project-26t2-9900-t17a-almond\outputs\run_20260723_code_devign_winner_xfg_round1_retry1\runs\baseline\08_codexglue_devign_17947,C:\Users\weijt\Desktop\UNSW\COMP9900\project\capstone-project-26t2-9900-t17a-almond\outputs\run_20260723_code_devign_winner_xfg_round1_retry1\runs\perturbed\08_codexglue_devign_17947__xfg_targeted_dead_code__c3,C:\Users\weijt\Desktop\UNSW\COMP9900\project\capstone-project-26t2-9900-t17a-almond\outputs\run_20260723_code_devign_winner_xfg_round1_retry1\sources\08_codexglue_devign_17947__xfg_targeted_dead_code__c3.c,inserted 3 unreachable no-op block(s) near XFG-relevant target lines nearest baseline winner-XFG key line 49,
08_codexglue_devign_17947,C:\Users\weijt\Desktop\UNSW\COMP9900\project\capstone-project-26t2-9900-t17a-almond\input_sources\devign\08_codexglue_devign_17947.c,xfg_targeted_dead_code,winner-xfg,call,49,1.5069810288537155e-08,"49,45,55,41,57",5,5,generated,ran,False,0,0,1.5069810288537155e-08,1.8414684177514573e-07,1.6907703148660858e-07,263,343,80,536,716,180,C:\Users\weijt\Desktop\UNSW\COMP9900\project\capstone-project-26t2-9900-t17a-almond\outputs\run_20260723_code_devign_winner_xfg_round1_retry1\runs\baseline\08_codexglue_devign_17947,C:\Users\weijt\Desktop\UNSW\COMP9900\project\capstone-project-26t2-9900-t17a-almond\outputs\run_20260723_code_devign_winner_xfg_round1_retry1\runs\perturbed\08_codexglue_devign_17947__xfg_targeted_dead_code__c5,C:\Users\weijt\Desktop\UNSW\COMP9900\project\capstone-project-26t2-9900-t17a-almond\outputs\run_20260723_code_devign_winner_xfg_round1_retry1\sources\08_codexglue_devign_17947__xfg_targeted_dead_code__c5.c,inserted 5 unreachable no-op block(s) near XFG-relevant target lines nearest baseline winner-XFG key line 49,
08_codexglue_devign_17947,C:\Users\weijt\Desktop\UNSW\COMP9900\project\capstone-project-26t2-9900-t17a-almond\input_sources\devign\08_codexglue_devign_17947.c,range_clamp,winner-xfg,call,49,1.5069810288537155e-08,39,1,1,generated,ran,False,0,0,1.5069810288537155e-08,1.1985449077656085e-08,-3.0843612108810703e-09,263,293,30,536,606,70,C:\Users\weijt\Desktop\UNSW\COMP9900\project\capstone-project-26t2-9900-t17a-almond\outputs\run_20260723_code_devign_winner_xfg_round1_retry1\runs\baseline\08_codexglue_devign_17947,C:\Users\weijt\Desktop\UNSW\COMP9900\project\capstone-project-26t2-9900-t17a-almond\outputs\run_20260723_code_devign_winner_xfg_round1_retry1\runs\perturbed\08_codexglue_devign_17947__range_clamp__c1,C:\Users\weijt\Desktop\UNSW\COMP9900\project\capstone-project-26t2-9900-t17a-almond\outputs\run_20260723_code_devign_winner_xfg_round1_retry1\sources\08_codexglue_devign_17947__range_clamp__c1.c,clamped 1 sensitive sink size/count argument(s) through bounded local variables nearest baseline winner-XFG key line 49,
08_codexglue_devign_17947,C:\Users\weijt\Desktop\UNSW\COMP9900\project\capstone-project-26t2-9900-t17a-almond\input_sources\devign\08_codexglue_devign_17947.c,range_clamp,winner-xfg,call,49,1.5069810288537155e-08,39,2,1,partial,run_partial,False,0,0,1.5069810288537155e-08,1.1985449077656085e-08,-3.0843612108810703e-09,263,293,30,536,606,70,C:\Users\weijt\Desktop\UNSW\COMP9900\project\capstone-project-26t2-9900-t17a-almond\outputs\run_20260723_code_devign_winner_xfg_round1_retry1\runs\baseline\08_codexglue_devign_17947,C:\Users\weijt\Desktop\UNSW\COMP9900\project\capstone-project-26t2-9900-t17a-almond\outputs\run_20260723_code_devign_winner_xfg_round1_retry1\runs\perturbed\08_codexglue_devign_17947__range_clamp__c2,C:\Users\weijt\Desktop\UNSW\COMP9900\project\capstone-project-26t2-9900-t17a-almond\outputs\run_20260723_code_devign_winner_xfg_round1_retry1\sources\08_codexglue_devign_17947__range_clamp__c2.c,clamped 1 sensitive sink size/count argument(s) through bounded local variables nearest baseline winner-XFG key line 49,
08_codexglue_devign_17947,C:\Users\weijt\Desktop\UNSW\COMP9900\project\capstone-project-26t2-9900-t17a-almond\input_sources\devign\08_codexglue_devign_17947.c,safe_source_substitution,winner-xfg,call,49,1.5069810288537155e-08,49,1,1,generated,ran,False,0,0,1.5069810288537155e-08,2.8650908312499723e-09,-1.2204719457287183e-08,263,271,8,536,551,15,C:\Users\weijt\Desktop\UNSW\COMP9900\project\capstone-project-26t2-9900-t17a-almond\outputs\run_20260723_code_devign_winner_xfg_round1_retry1\runs\baseline\08_codexglue_devign_17947,C:\Users\weijt\Desktop\UNSW\COMP9900\project\capstone-project-26t2-9900-t17a-almond\outputs\run_20260723_code_devign_winner_xfg_round1_retry1\runs\perturbed\08_codexglue_devign_17947__safe_source_substitution__c1,C:\Users\weijt\Desktop\UNSW\COMP9900\project\capstone-project-26t2-9900-t17a-almond\outputs\run_20260723_code_devign_winner_xfg_round1_retry1\sources\08_codexglue_devign_17947__safe_source_substitution__c1.c,replaced 1 nested pointer source expression(s) with guarded fallback expressions nearest baseline winner-XFG key line 49,
08_codexglue_devign_17947,C:\Users\weijt\Desktop\UNSW\COMP9900\project\capstone-project-26t2-9900-t17a-almond\input_sources\devign\08_codexglue_devign_17947.c,safe_source_substitution,winner-xfg,call,49,1.5069810288537155e-08,"49,45",2,2,generated,ran,False,0,0,1.5069810288537155e-08,2.8650908312499723e-09,-1.2204719457287183e-08,263,279,16,536,566,30,C:\Users\weijt\Desktop\UNSW\COMP9900\project\capstone-project-26t2-9900-t17a-almond\outputs\run_20260723_code_devign_winner_xfg_round1_retry1\runs\baseline\08_codexglue_devign_17947,C:\Users\weijt\Desktop\UNSW\COMP9900\project\capstone-project-26t2-9900-t17a-almond\outputs\run_20260723_code_devign_winner_xfg_round1_retry1\runs\perturbed\08_codexglue_devign_17947__safe_source_substitution__c2,C:\Users\weijt\Desktop\UNSW\COMP9900\project\capstone-project-26t2-9900-t17a-almond\outputs\run_20260723_code_devign_winner_xfg_round1_retry1\sources\08_codexglue_devign_17947__safe_source_substitution__c2.c,replaced 2 nested pointer source expression(s) with guarded fallback expressions nearest baseline winner-XFG key line 49,
08_codexglue_devign_17947,C:\Users\weijt\Desktop\UNSW\COMP9900\project\capstone-project-26t2-9900-t17a-almond\input_sources\devign\08_codexglue_devign_17947.c,safe_source_substitution,winner-xfg,call,49,1.5069810288537155e-08,"49,45,55",3,3,generated,ran,False,0,0,1.5069810288537155e-08,2.8650908312499723e-09,-1.2204719457287183e-08,263,287,24,536,590,54,C:\Users\weijt\Desktop\UNSW\COMP9900\project\capstone-project-26t2-9900-t17a-almond\outputs\run_20260723_code_devign_winner_xfg_round1_retry1\runs\baseline\08_codexglue_devign_17947,C:\Users\weijt\Desktop\UNSW\COMP9900\project\capstone-project-26t2-9900-t17a-almond\outputs\run_20260723_code_devign_winner_xfg_round1_retry1\runs\perturbed\08_codexglue_devign_17947__safe_source_substitution__c3,C:\Users\weijt\Desktop\UNSW\COMP9900\project\capstone-project-26t2-9900-t17a-almond\outputs\run_20260723_code_devign_winner_xfg_round1_retry1\sources\08_codexglue_devign_17947__safe_source_substitution__c3.c,replaced 3 nested pointer source expression(s) with guarded fallback expressions nearest baseline winner-XFG key line 49,
08_codexglue_devign_17947,C:\Users\weijt\Desktop\UNSW\COMP9900\project\capstone-project-26t2-9900-t17a-almond\input_sources\devign\08_codexglue_devign_17947.c,safe_source_substitution,winner-xfg,call,49,1.5069810288537155e-08,"49,45,55,41,57",5,5,generated,ran,False,0,0,1.5069810288537155e-08,2.8650908312499723e-09,-1.2204719457287183e-08,263,303,40,536,617,81,C:\Users\weijt\Desktop\UNSW\COMP9900\project\capstone-project-26t2-9900-t17a-almond\outputs\run_20260723_code_devign_winner_xfg_round1_retry1\runs\baseline\08_codexglue_devign_17947,C:\Users\weijt\Desktop\UNSW\COMP9900\project\capstone-project-26t2-9900-t17a-almond\outputs\run_20260723_code_devign_winner_xfg_round1_retry1\runs\perturbed\08_codexglue_devign_17947__safe_source_substitution__c5,C:\Users\weijt\Desktop\UNSW\COMP9900\project\capstone-project-26t2-9900-t17a-almond\outputs\run_20260723_code_devign_winner_xfg_round1_retry1\sources\08_codexglue_devign_17947__safe_source_substitution__c5.c,replaced 5 nested pointer source expression(s) with guarded fallback expressions nearest baseline winner-XFG key line 49,
08_codexglue_devign_17947,C:\Users\weijt\Desktop\UNSW\COMP9900\project\capstone-project-26t2-9900-t17a-almond\input_sources\devign\08_codexglue_devign_17947.c,sink_bound_guard,winner-xfg,call,49,1.5069810288537155e-08,39,1,1,generated,ran,False,0,0,1.5069810288537155e-08,1.36932229111153e-07,1.2186241882261584e-07,263,275,12,536,561,25,C:\Users\weijt\Desktop\UNSW\COMP9900\project\capstone-project-26t2-9900-t17a-almond\outputs\run_20260723_code_devign_winner_xfg_round1_retry1\runs\baseline\08_codexglue_devign_17947,C:\Users\weijt\Desktop\UNSW\COMP9900\project\capstone-project-26t2-9900-t17a-almond\outputs\run_20260723_code_devign_winner_xfg_round1_retry1\runs\perturbed\08_codexglue_devign_17947__sink_bound_guard__c1,C:\Users\weijt\Desktop\UNSW\COMP9900\project\capstone-project-26t2-9900-t17a-almond\outputs\run_20260723_code_devign_winner_xfg_round1_retry1\sources\08_codexglue_devign_17947__sink_bound_guard__c1.c,inserted 1 early-return bound guard(s) before sensitive sink calls nearest baseline winner-XFG key line 49,
08_codexglue_devign_17947,C:\Users\weijt\Desktop\UNSW\COMP9900\project\capstone-project-26t2-9900-t17a-almond\input_sources\devign\08_codexglue_devign_17947.c,sink_bound_guard,winner-xfg,call,49,1.5069810288537155e-08,39,2,1,partial,run_partial,False,0,0,1.5069810288537155e-08,1.36932229111153e-07,1.2186241882261584e-07,263,275,12,536,561,25,C:\Users\weijt\Desktop\UNSW\COMP9900\project\capstone-project-26t2-9900-t17a-almond\outputs\run_20260723_code_devign_winner_xfg_round1_retry1\runs\baseline\08_codexglue_devign_17947,C:\Users\weijt\Desktop\UNSW\COMP9900\project\capstone-project-26t2-9900-t17a-almond\outputs\run_20260723_code_devign_winner_xfg_round1_retry1\runs\perturbed\08_codexglue_devign_17947__sink_bound_guard__c2,C:\Users\weijt\Desktop\UNSW\COMP9900\project\capstone-project-26t2-9900-t17a-almond\outputs\run_20260723_code_devign_winner_xfg_round1_retry1\sources\08_codexglue_devign_17947__sink_bound_guard__c2.c,inserted 1 early-return bound guard(s) before sensitive sink calls nearest baseline winner-XFG key line 49,
08_codexglue_devign_17947,C:\Users\weijt\Desktop\UNSW\COMP9900\project\capstone-project-26t2-9900-t17a-almond\input_sources\devign\08_codexglue_devign_17947.c,postcondition_validation,winner-xfg,call,49,1.5069810288537155e-08,,1,0,skipped,target_unavailable,,,,,,,,,,,,,C:\Users\weijt\Desktop\UNSW\COMP9900\project\capstone-project-26t2-9900-t17a-almond\outputs\run_20260723_code_devign_winner_xfg_round1_retry1\runs\baseline\08_codexglue_devign_17947,,,action postcondition_validation has no winner-XFG-local implementation,action postcondition_validation has no winner-XFG-local implementation
08_codexglue_devign_17947,C:\Users\weijt\Desktop\UNSW\COMP9900\project\capstone-project-26t2-9900-t17a-almond\input_sources\devign\08_codexglue_devign_17947.c,integer_overflow_guard,winner-xfg,call,49,1.5069810288537155e-08,,1,0,skipped,ran,,,,,,,,,,,,,C:\Users\weijt\Desktop\UNSW\COMP9900\project\capstone-project-26t2-9900-t17a-almond\outputs\run_20260723_code_devign_winner_xfg_round1_retry1\runs\baseline\08_codexglue_devign_17947,,,no allocation size addition or multiplication expression found,
08_codexglue_devign_17947,C:\Users\weijt\Desktop\UNSW\COMP9900\project\capstone-project-26t2-9900-t17a-almond\input_sources\devign\08_codexglue_devign_17947.c,array_index_bound_guard,winner-xfg,call,49,1.5069810288537155e-08,,1,0,skipped,ran,,,,,,,,,,,,,C:\Users\weijt\Desktop\UNSW\COMP9900\project\capstone-project-26t2-9900-t17a-almond\outputs\run_20260723_code_devign_winner_xfg_round1_retry1\runs\baseline\08_codexglue_devign_17947,,,no array write found for index bound guard,
08_codexglue_devign_17947,C:\Users\weijt\Desktop\UNSW\COMP9900\project\capstone-project-26t2-9900-t17a-almond\input_sources\devign\08_codexglue_devign_17947.c,wide_char_sink_guard,winner-xfg,call,49,1.5069810288537155e-08,,1,0,skipped,ran,,,,,,,,,,,,,C:\Users\weijt\Desktop\UNSW\COMP9900\project\capstone-project-26t2-9900-t17a-almond\outputs\run_20260723_code_devign_winner_xfg_round1_retry1\runs\baseline\08_codexglue_devign_17947,,,no wcscat/wcscpy wide-character sink found,
08_codexglue_devign_17947,C:\Users\weijt\Desktop\UNSW\COMP9900\project\capstone-project-26t2-9900-t17a-almond\input_sources\devign\08_codexglue_devign_17947.c,pattern_dead_code,winner-xfg,call,49,1.5069810288537155e-08,49,1,1,generated,ran,False,0,0,1.5069810288537155e-08,1.2114265928175882e-06,1.196356782529051e-06,263,318,55,536,637,101,C:\Users\weijt\Desktop\UNSW\COMP9900\project\capstone-project-26t2-9900-t17a-almond\outputs\run_20260723_code_devign_winner_xfg_round1_retry1\runs\baseline\08_codexglue_devign_17947,C:\Users\weijt\Desktop\UNSW\COMP9900\project\capstone-project-26t2-9900-t17a-almond\outputs\run_20260723_code_devign_winner_xfg_round1_retry1\runs\perturbed\08_codexglue_devign_17947__pattern_dead_code__c1,C:\Users\weijt\Desktop\UNSW\COMP9900\project\capstone-project-26t2-9900-t17a-almond\outputs\run_20260723_code_devign_winner_xfg_round1_retry1\sources\08_codexglue_devign_17947__pattern_dead_code__c1.c,inserted 1 unreachable pointer/array/length pattern block(s) near sensitive or structural lines nearest baseline winner-XFG key line 49,
08_codexglue_devign_17947,C:\Users\weijt\Desktop\UNSW\COMP9900\project\capstone-project-26t2-9900-t17a-almond\input_sources\devign\08_codexglue_devign_17947.c,pattern_dead_code,winner-xfg,call,49,1.5069810288537155e-08,"49,45",2,2,generated,ran,False,0,0,1.5069810288537155e-08,8.893597964743094e-07,8.742899861857722e-07,263,372,109,536,786,250,C:\Users\weijt\Desktop\UNSW\COMP9900\project\capstone-project-26t2-9900-t17a-almond\outputs\run_20260723_code_devign_winner_xfg_round1_retry1\runs\baseline\08_codexglue_devign_17947,C:\Users\weijt\Desktop\UNSW\COMP9900\project\capstone-project-26t2-9900-t17a-almond\outputs\run_20260723_code_devign_winner_xfg_round1_retry1\runs\perturbed\08_codexglue_devign_17947__pattern_dead_code__c2,C:\Users\weijt\Desktop\UNSW\COMP9900\project\capstone-project-26t2-9900-t17a-almond\outputs\run_20260723_code_devign_winner_xfg_round1_retry1\sources\08_codexglue_devign_17947__pattern_dead_code__c2.c,inserted 2 unreachable pointer/array/length pattern block(s) near sensitive or structural lines nearest baseline winner-XFG key line 49,
08_codexglue_devign_17947,C:\Users\weijt\Desktop\UNSW\COMP9900\project\capstone-project-26t2-9900-t17a-almond\input_sources\devign\08_codexglue_devign_17947.c,pattern_dead_code,winner-xfg,call,49,1.5069810288537155e-08,"49,45,55",3,3,generated,ran,False,0,0,1.5069810288537155e-08,3.3983228604483884e-06,3.3832530501598512e-06,263,427,164,536,887,351,C:\Users\weijt\Desktop\UNSW\COMP9900\project\capstone-project-26t2-9900-t17a-almond\outputs\run_20260723_code_devign_winner_xfg_round1_retry1\runs\baseline\08_codexglue_devign_17947,C:\Users\weijt\Desktop\UNSW\COMP9900\project\capstone-project-26t2-9900-t17a-almond\outputs\run_20260723_code_devign_winner_xfg_round1_retry1\runs\perturbed\08_codexglue_devign_17947__pattern_dead_code__c3,C:\Users\weijt\Desktop\UNSW\COMP9900\project\capstone-project-26t2-9900-t17a-almond\outputs\run_20260723_code_devign_winner_xfg_round1_retry1\sources\08_codexglue_devign_17947__pattern_dead_code__c3.c,inserted 3 unreachable pointer/array/length pattern block(s) near sensitive or structural lines nearest baseline winner-XFG key line 49,
08_codexglue_devign_17947,C:\Users\weijt\Desktop\UNSW\COMP9900\project\capstone-project-26t2-9900-t17a-almond\input_sources\devign\08_codexglue_devign_17947.c,pattern_dead_code,winner-xfg,call,49,1.5069810288537155e-08,"49,45,55,41,57",5,5,generated,ran,False,0,0,1.5069810288537155e-08,1.3781557754555251e-05,1.3766487944266714e-05,263,538,275,536,1041,505,C:\Users\weijt\Desktop\UNSW\COMP9900\project\capstone-project-26t2-9900-t17a-almond\outputs\run_20260723_code_devign_winner_xfg_round1_retry1\runs\baseline\08_codexglue_devign_17947,C:\Users\weijt\Desktop\UNSW\COMP9900\project\capstone-project-26t2-9900-t17a-almond\outputs\run_20260723_code_devign_winner_xfg_round1_retry1\runs\perturbed\08_codexglue_devign_17947__pattern_dead_code__c5,C:\Users\weijt\Desktop\UNSW\COMP9900\project\capstone-project-26t2-9900-t17a-almond\outputs\run_20260723_code_devign_winner_xfg_round1_retry1\sources\08_codexglue_devign_17947__pattern_dead_code__c5.c,inserted 5 unreachable pointer/array/length pattern block(s) near sensitive or structural lines nearest baseline winner-XFG key line 49,
08_codexglue_devign_17947,C:\Users\weijt\Desktop\UNSW\COMP9900\project\capstone-project-26t2-9900-t17a-almond\input_sources\devign\08_codexglue_devign_17947.c,control_wrapper,winner-xfg,call,49,1.5069810288537155e-08,49,1,1,generated,ran,False,0,0,1.5069810288537155e-08,1.272892831138961e-07,1.1221947282535893e-07,263,267,4,536,545,9,C:\Users\weijt\Desktop\UNSW\COMP9900\project\capstone-project-26t2-9900-t17a-almond\outputs\run_20260723_code_devign_winner_xfg_round1_retry1\runs\baseline\08_codexglue_devign_17947,C:\Users\weijt\Desktop\UNSW\COMP9900\project\capstone-project-26t2-9900-t17a-almond\outputs\run_20260723_code_devign_winner_xfg_round1_retry1\runs\perturbed\08_codexglue_devign_17947__control_wrapper__c1,C:\Users\weijt\Desktop\UNSW\COMP9900\project\capstone-project-26t2-9900-t17a-almond\outputs\run_20260723_code_devign_winner_xfg_round1_retry1\sources\08_codexglue_devign_17947__control_wrapper__c1.c,wrapped 1 safe single-line statement(s) with if (1) blocks nearest baseline winner-XFG key line 49,
08_codexglue_devign_17947,C:\Users\weijt\Desktop\UNSW\COMP9900\project\capstone-project-26t2-9900-t17a-almond\input_sources\devign\08_codexglue_devign_17947.c,control_wrapper,winner-xfg,call,49,1.5069810288537155e-08,"49,55",2,2,generated,ran,False,0,0,1.5069810288537155e-08,1.2728952469842625e-07,1.1221971440988909e-07,263,271,8,536,554,18,C:\Users\weijt\Desktop\UNSW\COMP9900\project\capstone-project-26t2-9900-t17a-almond\outputs\run_20260723_code_devign_winner_xfg_round1_retry1\runs\baseline\08_codexglue_devign_17947,C:\Users\weijt\Desktop\UNSW\COMP9900\project\capstone-project-26t2-9900-t17a-almond\outputs\run_20260723_code_devign_winner_xfg_round1_retry1\runs\perturbed\08_codexglue_devign_17947__control_wrapper__c2,C:\Users\weijt\Desktop\UNSW\COMP9900\project\capstone-project-26t2-9900-t17a-almond\outputs\run_20260723_code_devign_winner_xfg_round1_retry1\sources\08_codexglue_devign_17947__control_wrapper__c2.c,wrapped 2 safe single-line statement(s) with if (1) blocks nearest baseline winner-XFG key line 49,
08_codexglue_devign_17947,C:\Users\weijt\Desktop\UNSW\COMP9900\project\capstone-project-26t2-9900-t17a-almond\input_sources\devign\08_codexglue_devign_17947.c,control_wrapper,winner-xfg,call,49,1.5069810288537155e-08,"49,55,39",3,3,generated,ran,False,0,0,1.5069810288537155e-08,6.45658460030063e-08,4.9496035714469144e-08,263,275,12,536,563,27,C:\Users\weijt\Desktop\UNSW\COMP9900\project\capstone-project-26t2-9900-t17a-almond\outputs\run_20260723_code_devign_winner_xfg_round1_retry1\runs\baseline\08_codexglue_devign_17947,C:\Users\weijt\Desktop\UNSW\COMP9900\project\capstone-project-26t2-9900-t17a-almond\outputs\run_20260723_code_devign_winner_xfg_round1_retry1\runs\perturbed\08_codexglue_devign_17947__control_wrapper__c3,C:\Users\weijt\Desktop\UNSW\COMP9900\project\capstone-project-26t2-9900-t17a-almond\outputs\run_20260723_code_devign_winner_xfg_round1_retry1\sources\08_codexglue_devign_17947__control_wrapper__c3.c,wrapped 3 safe single-line statement(s) with if (1) blocks nearest baseline winner-XFG key line 49,
08_codexglue_devign_17947,C:\Users\weijt\Desktop\UNSW\COMP9900\project\capstone-project-26t2-9900-t17a-almond\input_sources\devign\08_codexglue_devign_17947.c,control_wrapper,winner-xfg,call,49,1.5069810288537155e-08,"49,55,39,61,35",5,5,generated,ran,False,0,0,1.5069810288537155e-08,5.688024202754605e-07,5.537326099869233e-07,263,282,19,536,634,98,C:\Users\weijt\Desktop\UNSW\COMP9900\project\capstone-project-26t2-9900-t17a-almond\outputs\run_20260723_code_devign_winner_xfg_round1_retry1\runs\baseline\08_codexglue_devign_17947,C:\Users\weijt\Desktop\UNSW\COMP9900\project\capstone-project-26t2-9900-t17a-almond\outputs\run_20260723_code_devign_winner_xfg_round1_retry1\runs\perturbed\08_codexglue_devign_17947__control_wrapper__c5,C:\Users\weijt\Desktop\UNSW\COMP9900\project\capstone-project-26t2-9900-t17a-almond\outputs\run_20260723_code_devign_winner_xfg_round1_retry1\sources\08_codexglue_devign_17947__control_wrapper__c5.c,wrapped 5 safe single-line statement(s) with if (1) blocks nearest baseline winner-XFG key line 49,
08_codexglue_devign_17947,C:\Users\weijt\Desktop\UNSW\COMP9900\project\capstone-project-26t2-9900-t17a-almond\input_sources\devign\08_codexglue_devign_17947.c,temp_variable_split,winner-xfg,call,49,1.5069810288537155e-08,,1,0,skipped,ran,,,,,,,,,,,,,C:\Users\weijt\Desktop\UNSW\COMP9900\project\capstone-project-26t2-9900-t17a-almond\outputs\run_20260723_code_devign_winner_xfg_round1_retry1\runs\baseline\08_codexglue_devign_17947,,,no simple integer-like assignment candidate found,
09_codexglue_devign_25916,C:\Users\weijt\Desktop\UNSW\COMP9900\project\capstone-project-26t2-9900-t17a-almond\input_sources\devign\09_codexglue_devign_25916.c,data_flow_alias,winner-xfg,arith,9,0.45641884207725525,9,1,1,generated,ran,False,0,0,0.45641884207725525,0.45641884207725525,0.0,44,60,16,80,135,55,C:\Users\weijt\Desktop\UNSW\COMP9900\project\capstone-project-26t2-9900-t17a-almond\outputs\run_20260723_code_devign_winner_xfg_round1_retry1\runs\baseline\09_codexglue_devign_25916,C:\Users\weijt\Desktop\UNSW\COMP9900\project\capstone-project-26t2-9900-t17a-almond\outputs\run_20260723_code_devign_winner_xfg_round1_retry1\runs\perturbed\09_codexglue_devign_25916__data_flow_alias__c1,C:\Users\weijt\Desktop\UNSW\COMP9900\project\capstone-project-26t2-9900-t17a-almond\outputs\run_20260723_code_devign_winner_xfg_round1_retry1\sources\09_codexglue_devign_25916__data_flow_alias__c1.c,inserted 1 alias-preserving data-flow no-op(s) near call arguments nearest baseline winner-XFG key line 9,
09_codexglue_devign_25916,C:\Users\weijt\Desktop\UNSW\COMP9900\project\capstone-project-26t2-9900-t17a-almond\input_sources\devign\09_codexglue_devign_25916.c,data_flow_alias,winner-xfg,arith,9,0.45641884207725525,"9,11",2,2,generated,ran,False,0,0,0.45641884207725525,0.45641884207725525,0.0,44,80,36,80,173,93,C:\Users\weijt\Desktop\UNSW\COMP9900\project\capstone-project-26t2-9900-t17a-almond\outputs\run_20260723_code_devign_winner_xfg_round1_retry1\runs\baseline\09_codexglue_devign_25916,C:\Users\weijt\Desktop\UNSW\COMP9900\project\capstone-project-26t2-9900-t17a-almond\outputs\run_20260723_code_devign_winner_xfg_round1_retry1\runs\perturbed\09_codexglue_devign_25916__data_flow_alias__c2,C:\Users\weijt\Desktop\UNSW\COMP9900\project\capstone-project-26t2-9900-t17a-almond\outputs\run_20260723_code_devign_winner_xfg_round1_retry1\sources\09_codexglue_devign_25916__data_flow_alias__c2.c,inserted 2 alias-preserving data-flow no-op(s) near call arguments nearest baseline winner-XFG key line 9,
09_codexglue_devign_25916,C:\Users\weijt\Desktop\UNSW\COMP9900\project\capstone-project-26t2-9900-t17a-almond\input_sources\devign\09_codexglue_devign_25916.c,data_flow_alias,winner-xfg,arith,9,0.45641884207725525,"9,11",3,2,partial,run_partial,False,0,0,0.45641884207725525,0.45641884207725525,0.0,44,80,36,80,173,93,C:\Users\weijt\Desktop\UNSW\COMP9900\project\capstone-project-26t2-9900-t17a-almond\outputs\run_20260723_code_devign_winner_xfg_round1_retry1\runs\baseline\09_codexglue_devign_25916,C:\Users\weijt\Desktop\UNSW\COMP9900\project\capstone-project-26t2-9900-t17a-almond\outputs\run_20260723_code_devign_winner_xfg_round1_retry1\runs\perturbed\09_codexglue_devign_25916__data_flow_alias__c3,C:\Users\weijt\Desktop\UNSW\COMP9900\project\capstone-project-26t2-9900-t17a-almond\outputs\run_20260723_code_devign_winner_xfg_round1_retry1\sources\09_codexglue_devign_25916__data_flow_alias__c3.c,inserted 2 alias-preserving data-flow no-op(s) near call arguments nearest baseline winner-XFG key line 9,
09_codexglue_devign_25916,C:\Users\weijt\Desktop\UNSW\COMP9900\project\capstone-project-26t2-9900-t17a-almond\input_sources\devign\09_codexglue_devign_25916.c,dead_statement,winner-xfg,arith,9,0.45641884207725525,9,1,1,generated,ran,False,0,0,0.45641884207725525,0.45641884207725525,0.0,44,56,12,80,107,27,C:\Users\weijt\Desktop\UNSW\COMP9900\project\capstone-project-26t2-9900-t17a-almond\outputs\run_20260723_code_devign_winner_xfg_round1_retry1\runs\baseline\09_codexglue_devign_25916,C:\Users\weijt\Desktop\UNSW\COMP9900\project\capstone-project-26t2-9900-t17a-almond\outputs\run_20260723_code_devign_winner_xfg_round1_retry1\runs\perturbed\09_codexglue_devign_25916__dead_statement__c1,C:\Users\weijt\Desktop\UNSW\COMP9900\project\capstone-project-26t2-9900-t17a-almond\outputs\run_20260723_code_devign_winner_xfg_round1_retry1\sources\09_codexglue_devign_25916__dead_statement__c1.c,inserted 1 harmless dummy integer statement pair(s) nearest baseline winner-XFG key line 9,
09_codexglue_devign_25916,C:\Users\weijt\Desktop\UNSW\COMP9900\project\capstone-project-26t2-9900-t17a-almond\input_sources\devign\09_codexglue_devign_25916.c,dead_statement,winner-xfg,arith,9,0.45641884207725525,9,2,2,generated,ran,False,0,0,0.45641884207725525,0.45641884207725525,0.0,44,68,24,80,134,54,C:\Users\weijt\Desktop\UNSW\COMP9900\project\capstone-project-26t2-9900-t17a-almond\outputs\run_20260723_code_devign_winner_xfg_round1_retry1\runs\baseline\09_codexglue_devign_25916,C:\Users\weijt\Desktop\UNSW\COMP9900\project\capstone-project-26t2-9900-t17a-almond\outputs\run_20260723_code_devign_winner_xfg_round1_retry1\runs\perturbed\09_codexglue_devign_25916__dead_statement__c2,C:\Users\weijt\Desktop\UNSW\COMP9900\project\capstone-project-26t2-9900-t17a-almond\outputs\run_20260723_code_devign_winner_xfg_round1_retry1\sources\09_codexglue_devign_25916__dead_statement__c2.c,inserted 2 harmless dummy integer statement pair(s) nearest baseline winner-XFG key line 9,
09_codexglue_devign_25916,C:\Users\weijt\Desktop\UNSW\COMP9900\project\capstone-project-26t2-9900-t17a-almond\input_sources\devign\09_codexglue_devign_25916.c,dead_statement,winner-xfg,arith,9,0.45641884207725525,9,3,3,generated,ran,False,0,0,0.45641884207725525,0.45641884207725525,0.0,44,80,36,80,161,81,C:\Users\weijt\Desktop\UNSW\COMP9900\project\capstone-project-26t2-9900-t17a-almond\outputs\run_20260723_code_devign_winner_xfg_round1_retry1\runs\baseline\09_codexglue_devign_25916,C:\Users\weijt\Desktop\UNSW\COMP9900\project\capstone-project-26t2-9900-t17a-almond\outputs\run_20260723_code_devign_winner_xfg_round1_retry1\runs\perturbed\09_codexglue_devign_25916__dead_statement__c3,C:\Users\weijt\Desktop\UNSW\COMP9900\project\capstone-project-26t2-9900-t17a-almond\outputs\run_20260723_code_devign_winner_xfg_round1_retry1\sources\09_codexglue_devign_25916__dead_statement__c3.c,inserted 3 harmless dummy integer statement pair(s) nearest baseline winner-XFG key line 9,
09_codexglue_devign_25916,C:\Users\weijt\Desktop\UNSW\COMP9900\project\capstone-project-26t2-9900-t17a-almond\input_sources\devign\09_codexglue_devign_25916.c,dead_statement,winner-xfg,arith,9,0.45641884207725525,9,5,5,generated,ran,False,0,0,0.45641884207725525,0.45641884207725525,0.0,44,104,60,80,215,135,C:\Users\weijt\Desktop\UNSW\COMP9900\project\capstone-project-26t2-9900-t17a-almond\outputs\run_20260723_code_devign_winner_xfg_round1_retry1\runs\baseline\09_codexglue_devign_25916,C:\Users\weijt\Desktop\UNSW\COMP9900\project\capstone-project-26t2-9900-t17a-almond\outputs\run_20260723_code_devign_winner_xfg_round1_retry1\runs\perturbed\09_codexglue_devign_25916__dead_statement__c5,C:\Users\weijt\Desktop\UNSW\COMP9900\project\capstone-project-26t2-9900-t17a-almond\outputs\run_20260723_code_devign_winner_xfg_round1_retry1\sources\09_codexglue_devign_25916__dead_statement__c5.c,inserted 5 harmless dummy integer statement pair(s) nearest baseline winner-XFG key line 9,
09_codexglue_devign_25916,C:\Users\weijt\Desktop\UNSW\COMP9900\project\capstone-project-26t2-9900-t17a-almond\input_sources\devign\09_codexglue_devign_25916.c,xfg_targeted_dead_code,winner-xfg,arith,9,0.45641884207725525,9,1,1,generated,ran,False,0,0,0.45641884207725525,0.45641884207725525,0.0,44,60,16,80,116,36,C:\Users\weijt\Desktop\UNSW\COMP9900\project\capstone-project-26t2-9900-t17a-almond\outputs\run_20260723_code_devign_winner_xfg_round1_retry1\runs\baseline\09_codexglue_devign_25916,C:\Users\weijt\Desktop\UNSW\COMP9900\project\capstone-project-26t2-9900-t17a-almond\outputs\run_20260723_code_devign_winner_xfg_round1_retry1\runs\perturbed\09_codexglue_devign_25916__xfg_targeted_dead_code__c1,C:\Users\weijt\Desktop\UNSW\COMP9900\project\capstone-project-26t2-9900-t17a-almond\outputs\run_20260723_code_devign_winner_xfg_round1_retry1\sources\09_codexglue_devign_25916__xfg_targeted_dead_code__c1.c,inserted 1 unreachable no-op block(s) near XFG-relevant target lines nearest baseline winner-XFG key line 9,
09_codexglue_devign_25916,C:\Users\weijt\Desktop\UNSW\COMP9900\project\capstone-project-26t2-9900-t17a-almond\input_sources\devign\09_codexglue_devign_25916.c,xfg_targeted_dead_code,winner-xfg,arith,9,0.45641884207725525,"9,5",2,2,generated,ran,False,0,0,0.45641884207725525,0.012809215113520622,-0.4436096269637346,44,76,32,80,152,72,C:\Users\weijt\Desktop\UNSW\COMP9900\project\capstone-project-26t2-9900-t17a-almond\outputs\run_20260723_code_devign_winner_xfg_round1_retry1\runs\baseline\09_codexglue_devign_25916,C:\Users\weijt\Desktop\UNSW\COMP9900\project\capstone-project-26t2-9900-t17a-almond\outputs\run_20260723_code_devign_winner_xfg_round1_retry1\runs\perturbed\09_codexglue_devign_25916__xfg_targeted_dead_code__c2,C:\Users\weijt\Desktop\UNSW\COMP9900\project\capstone-project-26t2-9900-t17a-almond\outputs\run_20260723_code_devign_winner_xfg_round1_retry1\sources\09_codexglue_devign_25916__xfg_targeted_dead_code__c2.c,inserted 2 unreachable no-op block(s) near XFG-relevant target lines nearest baseline winner-XFG key line 9,
09_codexglue_devign_25916,C:\Users\weijt\Desktop\UNSW\COMP9900\project\capstone-project-26t2-9900-t17a-almond\input_sources\devign\09_codexglue_devign_25916.c,xfg_targeted_dead_code,winner-xfg,arith,9,0.45641884207725525,"9,5",3,2,partial,run_partial,False,0,0,0.45641884207725525,0.012809215113520622,-0.4436096269637346,44,76,32,80,152,72,C:\Users\weijt\Desktop\UNSW\COMP9900\project\capstone-project-26t2-9900-t17a-almond\outputs\run_20260723_code_devign_winner_xfg_round1_retry1\runs\baseline\09_codexglue_devign_25916,C:\Users\weijt\Desktop\UNSW\COMP9900\project\capstone-project-26t2-9900-t17a-almond\outputs\run_20260723_code_devign_winner_xfg_round1_retry1\runs\perturbed\09_codexglue_devign_25916__xfg_targeted_dead_code__c3,C:\Users\weijt\Desktop\UNSW\COMP9900\project\capstone-project-26t2-9900-t17a-almond\outputs\run_20260723_code_devign_winner_xfg_round1_retry1\sources\09_codexglue_devign_25916__xfg_targeted_dead_code__c3.c,inserted 2 unreachable no-op block(s) near XFG-relevant target lines nearest baseline winner-XFG key line 9,
09_codexglue_devign_25916,C:\Users\weijt\Desktop\UNSW\COMP9900\project\capstone-project-26t2-9900-t17a-almond\input_sources\devign\09_codexglue_devign_25916.c,range_clamp,winner-xfg,arith,9,0.45641884207725525,,1,0,skipped,ran,,,,,,,,,,,,,C:\Users\weijt\Desktop\UNSW\COMP9900\project\capstone-project-26t2-9900-t17a-almond\outputs\run_20260723_code_devign_winner_xfg_round1_retry1\runs\baseline\09_codexglue_devign_25916,,,no sensitive call with a clampable size/count argument found,
09_codexglue_devign_25916,C:\Users\weijt\Desktop\UNSW\COMP9900\project\capstone-project-26t2-9900-t17a-almond\input_sources\devign\09_codexglue_devign_25916.c,safe_source_substitution,winner-xfg,arith,9,0.45641884207725525,,1,0,skipped,ran,,,,,,,,,,,,,C:\Users\weijt\Desktop\UNSW\COMP9900\project\capstone-project-26t2-9900-t17a-almond\outputs\run_20260723_code_devign_winner_xfg_round1_retry1\runs\baseline\09_codexglue_devign_25916,,,no nested pointer dereference source found,
09_codexglue_devign_25916,C:\Users\weijt\Desktop\UNSW\COMP9900\project\capstone-project-26t2-9900-t17a-almond\input_sources\devign\09_codexglue_devign_25916.c,sink_bound_guard,winner-xfg,arith,9,0.45641884207725525,,1,0,skipped,ran,,,,,,,,,,,,,C:\Users\weijt\Desktop\UNSW\COMP9900\project\capstone-project-26t2-9900-t17a-almond\outputs\run_20260723_code_devign_winner_xfg_round1_retry1\runs\baseline\09_codexglue_devign_25916,,,no sensitive sink call found for bound guard insertion,
09_codexglue_devign_25916,C:\Users\weijt\Desktop\UNSW\COMP9900\project\capstone-project-26t2-9900-t17a-almond\input_sources\devign\09_codexglue_devign_25916.c,postcondition_validation,winner-xfg,arith,9,0.45641884207725525,,1,0,skipped,target_unavailable,,,,,,,,,,,,,C:\Users\weijt\Desktop\UNSW\COMP9900\project\capstone-project-26t2-9900-t17a-almond\outputs\run_20260723_code_devign_winner_xfg_round1_retry1\runs\baseline\09_codexglue_devign_25916,,,action postcondition_validation has no winner-XFG-local implementation,action postcondition_validation has no winner-XFG-local implementation
09_codexglue_devign_25916,C:\Users\weijt\Desktop\UNSW\COMP9900\project\capstone-project-26t2-9900-t17a-almond\input_sources\devign\09_codexglue_devign_25916.c,integer_overflow_guard,winner-xfg,arith,9,0.45641884207725525,,1,0,skipped,ran,,,,,,,,,,,,,C:\Users\weijt\Desktop\UNSW\COMP9900\project\capstone-project-26t2-9900-t17a-almond\outputs\run_20260723_code_devign_winner_xfg_round1_retry1\runs\baseline\09_codexglue_devign_25916,,,no allocation size addition or multiplication expression found,
09_codexglue_devign_25916,C:\Users\weijt\Desktop\UNSW\COMP9900\project\capstone-project-26t2-9900-t17a-almond\input_sources\devign\09_codexglue_devign_25916.c,array_index_bound_guard,winner-xfg,arith,9,0.45641884207725525,,1,0,skipped,ran,,,,,,,,,,,,,C:\Users\weijt\Desktop\UNSW\COMP9900\project\capstone-project-26t2-9900-t17a-almond\outputs\run_20260723_code_devign_winner_xfg_round1_retry1\runs\baseline\09_codexglue_devign_25916,,,no array write found for index bound guard,
09_codexglue_devign_25916,C:\Users\weijt\Desktop\UNSW\COMP9900\project\capstone-project-26t2-9900-t17a-almond\input_sources\devign\09_codexglue_devign_25916.c,wide_char_sink_guard,winner-xfg,arith,9,0.45641884207725525,,1,0,skipped,ran,,,,,,,,,,,,,C:\Users\weijt\Desktop\UNSW\COMP9900\project\capstone-project-26t2-9900-t17a-almond\outputs\run_20260723_code_devign_winner_xfg_round1_retry1\runs\baseline\09_codexglue_devign_25916,,,no wcscat/wcscpy wide-character sink found,
09_codexglue_devign_25916,C:\Users\weijt\Desktop\UNSW\COMP9900\project\capstone-project-26t2-9900-t17a-almond\input_sources\devign\09_codexglue_devign_25916.c,pattern_dead_code,winner-xfg,arith,9,0.45641884207725525,9,1,1,generated,ran,False,0,0,0.45641884207725525,0.012809233739972115,-0.44360960833728313,44,99,55,80,181,101,C:\Users\weijt\Desktop\UNSW\COMP9900\project\capstone-project-26t2-9900-t17a-almond\outputs\run_20260723_code_devign_winner_xfg_round1_retry1\runs\baseline\09_codexglue_devign_25916,C:\Users\weijt\Desktop\UNSW\COMP9900\project\capstone-project-26t2-9900-t17a-almond\outputs\run_20260723_code_devign_winner_xfg_round1_retry1\runs\perturbed\09_codexglue_devign_25916__pattern_dead_code__c1,C:\Users\weijt\Desktop\UNSW\COMP9900\project\capstone-project-26t2-9900-t17a-almond\outputs\run_20260723_code_devign_winner_xfg_round1_retry1\sources\09_codexglue_devign_25916__pattern_dead_code__c1.c,inserted 1 unreachable pointer/array/length pattern block(s) near sensitive or structural lines nearest baseline winner-XFG key line 9,
09_codexglue_devign_25916,C:\Users\weijt\Desktop\UNSW\COMP9900\project\capstone-project-26t2-9900-t17a-almond\input_sources\devign\09_codexglue_devign_25916.c,pattern_dead_code,winner-xfg,arith,9,0.45641884207725525,"9,5",2,2,generated,ran,False,0,0,0.45641884207725525,0.012809233739972115,-0.44360960833728313,44,154,110,80,282,202,C:\Users\weijt\Desktop\UNSW\COMP9900\project\capstone-project-26t2-9900-t17a-almond\outputs\run_20260723_code_devign_winner_xfg_round1_retry1\runs\baseline\09_codexglue_devign_25916,C:\Users\weijt\Desktop\UNSW\COMP9900\project\capstone-project-26t2-9900-t17a-almond\outputs\run_20260723_code_devign_winner_xfg_round1_retry1\runs\perturbed\09_codexglue_devign_25916__pattern_dead_code__c2,C:\Users\weijt\Desktop\UNSW\COMP9900\project\capstone-project-26t2-9900-t17a-almond\outputs\run_20260723_code_devign_winner_xfg_round1_retry1\sources\09_codexglue_devign_25916__pattern_dead_code__c2.c,inserted 2 unreachable pointer/array/length pattern block(s) near sensitive or structural lines nearest baseline winner-XFG key line 9,
09_codexglue_devign_25916,C:\Users\weijt\Desktop\UNSW\COMP9900\project\capstone-project-26t2-9900-t17a-almond\input_sources\devign\09_codexglue_devign_25916.c,pattern_dead_code,winner-xfg,arith,9,0.45641884207725525,"9,5",3,2,partial,run_partial,False,0,0,0.45641884207725525,0.012809233739972115,-0.44360960833728313,44,154,110,80,282,202,C:\Users\weijt\Desktop\UNSW\COMP9900\project\capstone-project-26t2-9900-t17a-almond\outputs\run_20260723_code_devign_winner_xfg_round1_retry1\runs\baseline\09_codexglue_devign_25916,C:\Users\weijt\Desktop\UNSW\COMP9900\project\capstone-project-26t2-9900-t17a-almond\outputs\run_20260723_code_devign_winner_xfg_round1_retry1\runs\perturbed\09_codexglue_devign_25916__pattern_dead_code__c3,C:\Users\weijt\Desktop\UNSW\COMP9900\project\capstone-project-26t2-9900-t17a-almond\outputs\run_20260723_code_devign_winner_xfg_round1_retry1\sources\09_codexglue_devign_25916__pattern_dead_code__c3.c,inserted 2 unreachable pointer/array/length pattern block(s) near sensitive or structural lines nearest baseline winner-XFG key line 9,
09_codexglue_devign_25916,C:\Users\weijt\Desktop\UNSW\COMP9900\project\capstone-project-26t2-9900-t17a-almond\input_sources\devign\09_codexglue_devign_25916.c,control_wrapper,winner-xfg,arith,9,0.45641884207725525,9,1,1,generated,ran,False,0,0,0.45641884207725525,0.011571629904210567,-0.4448472121730447,44,48,4,80,89,9,C:\Users\weijt\Desktop\UNSW\COMP9900\project\capstone-project-26t2-9900-t17a-almond\outputs\run_20260723_code_devign_winner_xfg_round1_retry1\runs\baseline\09_codexglue_devign_25916,C:\Users\weijt\Desktop\UNSW\COMP9900\project\capstone-project-26t2-9900-t17a-almond\outputs\run_20260723_code_devign_winner_xfg_round1_retry1\runs\perturbed\09_codexglue_devign_25916__control_wrapper__c1,C:\Users\weijt\Desktop\UNSW\COMP9900\project\capstone-project-26t2-9900-t17a-almond\outputs\run_20260723_code_devign_winner_xfg_round1_retry1\sources\09_codexglue_devign_25916__control_wrapper__c1.c,wrapped 1 safe single-line statement(s) with if (1) blocks nearest baseline winner-XFG key line 9,
09_codexglue_devign_25916,C:\Users\weijt\Desktop\UNSW\COMP9900\project\capstone-project-26t2-9900-t17a-almond\input_sources\devign\09_codexglue_devign_25916.c,control_wrapper,winner-xfg,arith,9,0.45641884207725525,"9,11",2,2,generated,ran,False,0,0,0.45641884207725525,0.011571629904210567,-0.4448472121730447,44,52,8,80,98,18,C:\Users\weijt\Desktop\UNSW\COMP9900\project\capstone-project-26t2-9900-t17a-almond\outputs\run_20260723_code_devign_winner_xfg_round1_retry1\runs\baseline\09_codexglue_devign_25916,C:\Users\weijt\Desktop\UNSW\COMP9900\project\capstone-project-26t2-9900-t17a-almond\outputs\run_20260723_code_devign_winner_xfg_round1_retry1\runs\perturbed\09_codexglue_devign_25916__control_wrapper__c2,C:\Users\weijt\Desktop\UNSW\COMP9900\project\capstone-project-26t2-9900-t17a-almond\outputs\run_20260723_code_devign_winner_xfg_round1_retry1\sources\09_codexglue_devign_25916__control_wrapper__c2.c,wrapped 2 safe single-line statement(s) with if (1) blocks nearest baseline winner-XFG key line 9,
09_codexglue_devign_25916,C:\Users\weijt\Desktop\UNSW\COMP9900\project\capstone-project-26t2-9900-t17a-almond\input_sources\devign\09_codexglue_devign_25916.c,control_wrapper,winner-xfg,arith,9,0.45641884207725525,"9,11",3,2,partial,run_partial,False,0,0,0.45641884207725525,0.011571629904210567,-0.4448472121730447,44,52,8,80,98,18,C:\Users\weijt\Desktop\UNSW\COMP9900\project\capstone-project-26t2-9900-t17a-almond\outputs\run_20260723_code_devign_winner_xfg_round1_retry1\runs\baseline\09_codexglue_devign_25916,C:\Users\weijt\Desktop\UNSW\COMP9900\project\capstone-project-26t2-9900-t17a-almond\outputs\run_20260723_code_devign_winner_xfg_round1_retry1\runs\perturbed\09_codexglue_devign_25916__control_wrapper__c3,C:\Users\weijt\Desktop\UNSW\COMP9900\project\capstone-project-26t2-9900-t17a-almond\outputs\run_20260723_code_devign_winner_xfg_round1_retry1\sources\09_codexglue_devign_25916__control_wrapper__c3.c,wrapped 2 safe single-line statement(s) with if (1) blocks nearest baseline winner-XFG key line 9,
09_codexglue_devign_25916,C:\Users\weijt\Desktop\UNSW\COMP9900\project\capstone-project-26t2-9900-t17a-almond\input_sources\devign\09_codexglue_devign_25916.c,temp_variable_split,winner-xfg,arith,9,0.45641884207725525,,1,0,skipped,ran,,,,,,,,,,,,,C:\Users\weijt\Desktop\UNSW\COMP9900\project\capstone-project-26t2-9900-t17a-almond\outputs\run_20260723_code_devign_winner_xfg_round1_retry1\runs\baseline\09_codexglue_devign_25916,,,no simple integer-like assignment candidate found,
