command	key	type	code	location	functionId	childNum	isCFGNode	operator	baseType	completeType	identifier
ANR	1	File	/scan/output/_work/source/01_vulnerable_989__safe_source_substitution__c2.c								
ANR	2	DeclStmt									
ANR	3	Decl							void	void ( TileManager * tm )	tile_manager_allocate_tiles
ANR	4	DeclStmt									
ANR	5	Decl							int	int	undecidedly_outdrive
ANR	6	DeclStmt									
ANR	7	Decl							int	int	stonesoup_global_variable
ANR	8	DeclStmt									
ANR	9	Decl							void	void ( char * hamon_slovakia )	stonesoup_handle_taint
ANR	10	DeclStmt									
ANR	11	Decl							void	void *	stonesoup_printf_context
ANR	12	Function	stonesoup_setup_printf_context	43:0:1426:1466							
ANR	13	FunctionDef	stonesoup_setup_printf_context ()		12	0					
ANR	14	CompoundStatement		43:38:1464:1466	12	0					
ANR	15	ReturnType	void		12	1					
ANR	16	Identifier	stonesoup_setup_printf_context		12	2					
ANR	17	ParameterList			12	3					
ANR	18	CFGEntryNode	ENTRY		12		True				
ANR	19	CFGExitNode	EXIT		12		True				
ANR	20	Function	stonesoup_printf	45:0:1468:1748							
ANR	21	FunctionDef	stonesoup_printf (char * format)		20	0					
ANR	22	CompoundStatement		45:42:1510:1748	20	0					
ANR	23	IdentifierDeclStatement	va_list argptr ;	46:4:1516:1530	20	0	True				
ANR	24	IdentifierDecl	argptr		20	0					
ANR	25	IdentifierDeclType	va_list		20	0					
ANR	26	Identifier	argptr		20	1					
ANR	27	ExpressionStatement	"va_start ( argptr , format )"	48:4:1615:1639	20	1	True				
ANR	28	CallExpression	"va_start ( argptr , format )"		20	0					
ANR	29	Callee	va_start		20	0					
ANR	30	Identifier	va_start		20	0					
ANR	31	ArgumentList	argptr		20	1					
ANR	32	Argument	argptr		20	0					
ANR	33	Identifier	argptr		20	0					
ANR	34	Argument	format		20	1					
ANR	35	Identifier	format		20	0					
ANR	36	ExpressionStatement	"mg_vprintf_data ( ( struct mg_connection * ) stonesoup_printf_context , format , argptr )"	49:4:1645:1726	20	2	True				
ANR	37	CallExpression	"mg_vprintf_data ( ( struct mg_connection * ) stonesoup_printf_context , format , argptr )"		20	0					
ANR	38	Callee	mg_vprintf_data		20	0					
ANR	39	Identifier	mg_vprintf_data		20	0					
ANR	40	ArgumentList	( struct mg_connection * ) stonesoup_printf_context		20	1					
ANR	41	Argument	( struct mg_connection * ) stonesoup_printf_context		20	0					
ANR	42	CastExpression	( struct mg_connection * ) stonesoup_printf_context		20	0					
ANR	43	CastTarget	struct mg_connection *		20	0					
ANR	44	Identifier	stonesoup_printf_context		20	1					
ANR	45	Argument	format		20	1					
ANR	46	Identifier	format		20	0					
ANR	47	Argument	argptr		20	2					
ANR	48	Identifier	argptr		20	0					
ANR	49	ExpressionStatement	va_end ( argptr )	50:4:1732:1746	20	3	True				
ANR	50	CallExpression	va_end ( argptr )		20	0					
ANR	51	Callee	va_end		20	0					
ANR	52	Identifier	va_end		20	0					
ANR	53	ArgumentList	argptr		20	1					
ANR	54	Argument	argptr		20	0					
ANR	55	Identifier	argptr		20	0					
ANR	56	ReturnType	void		20	1					
ANR	57	Identifier	stonesoup_printf		20	2					
ANR	58	ParameterList	char * format		20	3					
ANR	59	Parameter	char * format	45:22:1490:1502	20	0	True				
ANR	60	ParameterType	char *		20	0					
ANR	61	Identifier	format		20	1					
ANR	62	CFGEntryNode	ENTRY		20		True				
ANR	63	CFGExitNode	EXIT		20		True				
ANR	64	Symbol	argptr		20						
ANR	65	Symbol	stonesoup_printf_context		20						
ANR	66	Symbol	format		20						
ANR	67	Function	stonesoup_close_printf_context	52:0:1750:1790							
ANR	68	FunctionDef	stonesoup_close_printf_context ()		67	0					
ANR	69	CompoundStatement		52:38:1788:1790	67	0					
ANR	70	ReturnType	void		67	1					
ANR	71	Identifier	stonesoup_close_printf_context		67	2					
ANR	72	ParameterList			67	3					
ANR	73	CFGEntryNode	ENTRY		67		True				
ANR	74	CFGExitNode	EXIT		67		True				
ANR	75	DeclStmt									
ANR	76	Decl							int	int	stonesoup_exit_flag
ANR	77	Function	stonesoup_ev_handler	55:0:1828:2895							
ANR	78	FunctionDef	"stonesoup_ev_handler (struct mg_connection * conn , enum mg_event ev)"		77	0					
ANR	79	CompoundStatement		55:78:1906:2895	77	0					
ANR	80	IdentifierDeclStatement	char * ifmatch_header ;	56:2:1910:1931	77	0	True				
ANR	81	IdentifierDecl	* ifmatch_header		77	0					
ANR	82	IdentifierDeclType	char *		77	0					
ANR	83	Identifier	ifmatch_header		77	1					
ANR	84	IdentifierDeclStatement	char * stonesoup_tainted_buff ;	57:2:1935:1963	77	1	True				
ANR	85	IdentifierDecl	* stonesoup_tainted_buff		77	0					
ANR	86	IdentifierDeclType	char *		77	0					
ANR	87	Identifier	stonesoup_tainted_buff		77	1					
ANR	88	IdentifierDeclStatement	int buffer_size = 1000 ;	58:2:1967:1989	77	2	True				
ANR	89	IdentifierDecl	buffer_size = 1000		77	0					
ANR	90	IdentifierDeclType	int		77	0					
ANR	91	Identifier	buffer_size		77	1					
ANR	92	AssignmentExpression	buffer_size = 1000		77	2		=			
ANR	93	Identifier	buffer_size		77	0					
ANR	94	PrimaryExpression	1000		77	1					
ANR	95	IdentifierDeclStatement	int data_size = 0 ;	59:2:1993:2010	77	3	True				
ANR	96	IdentifierDecl	data_size = 0		77	0					
ANR	97	IdentifierDeclType	int		77	0					
ANR	98	Identifier	data_size		77	1					
ANR	99	AssignmentExpression	data_size = 0		77	2		=			
ANR	100	Identifier	data_size		77	0					
ANR	101	PrimaryExpression	0		77	1					
ANR	102	IfStatement	if ( ev == MG_REQUEST )		77	4					
ANR	103	Condition	ev == MG_REQUEST	60:6:2018:2033	77	0	True				
ANR	104	EqualityExpression	ev == MG_REQUEST		77	0		==			
ANR	105	Identifier	ev		77	0					
ANR	106	Identifier	MG_REQUEST		77	1					
ANR	107	CompoundStatement		6:24:129:129	77	1					
ANR	108	ExpressionStatement	"ifmatch_header = ( char * ) mg_get_header ( conn , ""if-match"" )"	61:4:2042:2098	77	0	True				
ANR	109	AssignmentExpression	"ifmatch_header = ( char * ) mg_get_header ( conn , ""if-match"" )"		77	0		=			
ANR	110	Identifier	ifmatch_header		77	0					
ANR	111	CastExpression	"( char * ) mg_get_header ( conn , ""if-match"" )"		77	1					
ANR	112	CastTarget	char *		77	0					
ANR	113	CallExpression	"mg_get_header ( conn , ""if-match"" )"		77	1					
ANR	114	Callee	mg_get_header		77	0					
ANR	115	Identifier	mg_get_header		77	0					
ANR	116	ArgumentList	conn		77	1					
ANR	117	Argument	conn		77	0					
ANR	118	Identifier	conn		77	0					
ANR	119	Argument	"""if-match"""		77	1					
ANR	120	PrimaryExpression	"""if-match"""		77	0					
ANR	121	IfStatement	"if ( strcmp ( ifmatch_header , ""weak_taint_source_value"" ) == 0 )"		77	1					
ANR	122	Condition	"strcmp ( ifmatch_header , ""weak_taint_source_value"" ) == 0"	62:8:2108:2161	77	0	True				
ANR	123	EqualityExpression	"strcmp ( ifmatch_header , ""weak_taint_source_value"" ) == 0"		77	0		==			
ANR	124	CallExpression	"strcmp ( ifmatch_header , ""weak_taint_source_value"" )"		77	0					
ANR	125	Callee	strcmp		77	0					
ANR	126	Identifier	strcmp		77	0					
ANR	127	ArgumentList	ifmatch_header		77	1					
ANR	128	Argument	ifmatch_header		77	0					
ANR	129	Identifier	ifmatch_header		77	0					
ANR	130	Argument	"""weak_taint_source_value"""		77	1					
ANR	131	PrimaryExpression	"""weak_taint_source_value"""		77	0					
ANR	132	PrimaryExpression	0		77	1					
ANR	133	CompoundStatement		8:64:257:257	77	1					
ANR	134	WhileStatement	while ( 1 )		77	0					
ANR	135	Condition	1	63:15:2181:2181	77	0	True				
ANR	136	PrimaryExpression	1		77	0					
ANR	137	CompoundStatement		9:18:277:277	77	1					
ANR	138	ExpressionStatement	stonesoup_tainted_buff = ( char * ) malloc ( buffer_size * sizeof ( char ) )	64:12:2198:2265	77	0	True				
ANR	139	AssignmentExpression	stonesoup_tainted_buff = ( char * ) malloc ( buffer_size * sizeof ( char ) )		77	0		=			
ANR	140	Identifier	stonesoup_tainted_buff		77	0					
ANR	141	CastExpression	( char * ) malloc ( buffer_size * sizeof ( char ) )		77	1					
ANR	142	CastTarget	char *		77	0					
ANR	143	CallExpression	malloc ( buffer_size * sizeof ( char ) )		77	1					
ANR	144	Callee	malloc		77	0					
ANR	145	Identifier	malloc		77	0					
ANR	146	ArgumentList	buffer_size * sizeof ( char )		77	1					
ANR	147	Argument	buffer_size * sizeof ( char )		77	0					
ANR	148	MultiplicativeExpression	buffer_size * sizeof ( char )		77	0		*			
ANR	149	Identifier	buffer_size		77	0					
ANR	150	SizeofExpression	sizeof ( char )		77	1					
ANR	151	Sizeof	sizeof		77	0					
ANR	152	SizeofOperand	char		77	1					
ANR	153	ExpressionStatement	"data_size = mg_get_var ( conn , ""data"" , stonesoup_tainted_buff , buffer_size * sizeof ( char ) )"	66:12:2339:2427	77	1	True				
ANR	154	AssignmentExpression	"data_size = mg_get_var ( conn , ""data"" , stonesoup_tainted_buff , buffer_size * sizeof ( char ) )"		77	0		=			
ANR	155	Identifier	data_size		77	0					
ANR	156	CallExpression	"mg_get_var ( conn , ""data"" , stonesoup_tainted_buff , buffer_size * sizeof ( char ) )"		77	1					
ANR	157	Callee	mg_get_var		77	0					
ANR	158	Identifier	mg_get_var		77	0					
ANR	159	ArgumentList	conn		77	1					
ANR	160	Argument	conn		77	0					
ANR	161	Identifier	conn		77	0					
ANR	162	Argument	"""data"""		77	1					
ANR	163	PrimaryExpression	"""data"""		77	0					
ANR	164	Argument	stonesoup_tainted_buff		77	2					
ANR	165	Identifier	stonesoup_tainted_buff		77	0					
ANR	166	Argument	buffer_size * sizeof ( char )		77	3					
ANR	167	MultiplicativeExpression	buffer_size * sizeof ( char )		77	0		*			
ANR	168	Identifier	buffer_size		77	0					
ANR	169	SizeofExpression	sizeof ( char )		77	1					
ANR	170	Sizeof	sizeof		77	0					
ANR	171	SizeofOperand	char		77	1					
ANR	172	IfStatement	if ( data_size < buffer_size )		77	2					
ANR	173	Condition	data_size < buffer_size	67:16:2445:2467	77	0	True				
ANR	174	RelationalExpression	data_size < buffer_size		77	0		<			
ANR	175	Identifier	data_size		77	0					
ANR	176	Identifier	buffer_size		77	1					
ANR	177	CompoundStatement		13:41:563:563	77	1					
ANR	178	ExpressionStatement	stonesoup_exit_flag = 1	68:16:2488:2511	77	0	True				
ANR	179	AssignmentExpression	stonesoup_exit_flag = 1		77	0		=			
ANR	180	Identifier	stonesoup_exit_flag		77	0					
ANR	181	PrimaryExpression	1		77	1					
ANR	182	BreakStatement	break ;	69:16:2529:2534	77	1	True				
ANR	183	ExpressionStatement	buffer_size = buffer_size * 2	71:12:2562:2591	77	3	True				
ANR	184	AssignmentExpression	buffer_size = buffer_size * 2		77	0		=			
ANR	185	Identifier	buffer_size		77	0					
ANR	186	MultiplicativeExpression	buffer_size * 2		77	1		*			
ANR	187	Identifier	buffer_size		77	0					
ANR	188	PrimaryExpression	2		77	1					
ANR	189	ExpressionStatement	free ( stonesoup_tainted_buff )	72:12:2605:2633	77	4	True				
ANR	190	CallExpression	free ( stonesoup_tainted_buff )		77	0					
ANR	191	Callee	free		77	0					
ANR	192	Identifier	free		77	0					
ANR	193	ArgumentList	stonesoup_tainted_buff		77	1					
ANR	194	Argument	stonesoup_tainted_buff		77	0					
ANR	195	Identifier	stonesoup_tainted_buff		77	0					
ANR	196	ExpressionStatement	stonesoup_printf_context = conn	74:8:2653:2684	77	1	True				
ANR	197	AssignmentExpression	stonesoup_printf_context = conn		77	0		=			
ANR	198	Identifier	stonesoup_printf_context		77	0					
ANR	199	Identifier	conn		77	1					
ANR	200	ExpressionStatement	stonesoup_handle_taint ( stonesoup_tainted_buff )	75:8:2694:2740	77	2	True				
ANR	201	CallExpression	stonesoup_handle_taint ( stonesoup_tainted_buff )		77	0					
ANR	202	Callee	stonesoup_handle_taint		77	0					
ANR	203	Identifier	stonesoup_handle_taint		77	0					
ANR	204	ArgumentList	stonesoup_tainted_buff		77	1					
ANR	205	Argument	stonesoup_tainted_buff		77	0					
ANR	206	Identifier	stonesoup_tainted_buff		77	0					
ANR	207	ReturnStatement	return MG_TRUE ;	78:4:2793:2807	77	2	True				
ANR	208	Identifier	MG_TRUE		77	0					
ANR	209	ElseStatement	else		77	0					
ANR	210	IfStatement	if ( ev == MG_AUTH )		77	0					
ANR	211	Condition	ev == MG_AUTH	79:13:2822:2834	77	0	True				
ANR	212	EqualityExpression	ev == MG_AUTH		77	0		==			
ANR	213	Identifier	ev		77	0					
ANR	214	Identifier	MG_AUTH		77	1					
ANR	215	CompoundStatement		25:28:930:930	77	1					
ANR	216	ReturnStatement	return MG_TRUE ;	80:4:2843:2857	77	0	True				
ANR	217	Identifier	MG_TRUE		77	0					
ANR	218	ElseStatement	else		77	0					
ANR	219	CompoundStatement		27:9:961:961	77	0					
ANR	220	ReturnStatement	return MG_FALSE ;	82:4:2874:2889	77	0	True				
ANR	221	Identifier	MG_FALSE		77	0					
ANR	222	ReturnType	static int		77	1					
ANR	223	Identifier	stonesoup_ev_handler		77	2					
ANR	224	ParameterList	"struct mg_connection * conn , enum mg_event ev"		77	3					
ANR	225	Parameter	struct mg_connection * conn	55:32:1860:1885	77	0	True				
ANR	226	ParameterType	struct mg_connection *		77	0					
ANR	227	Identifier	conn		77	1					
ANR	228	Parameter	enum mg_event ev	55:60:1888:1903	77	1	True				
ANR	229	ParameterType	enum mg_event		77	0					
ANR	230	Identifier	ev		77	1					
ANR	231	CFGEntryNode	ENTRY		77		True				
ANR	232	CFGExitNode	EXIT		77		True				
ANR	233	Symbol	data_size		77						
ANR	234	Symbol	mg_get_header		77						
ANR	235	Symbol	strcmp		77						
ANR	236	Symbol	malloc		77						
ANR	237	Symbol	conn		77						
ANR	238	Symbol	buffer_size		77						
ANR	239	Symbol	MG_AUTH		77						
ANR	240	Symbol	ifmatch_header		77						
ANR	241	Symbol	ev		77						
ANR	242	Symbol	MG_REQUEST		77						
ANR	243	Symbol	mg_get_var		77						
ANR	244	Symbol	MG_FALSE		77						
ANR	245	Symbol	stonesoup_printf_context		77						
ANR	246	Symbol	stonesoup_exit_flag		77						
ANR	247	Symbol	MG_TRUE		77						
ANR	248	Symbol	stonesoup_tainted_buff		77						
ANR	249	Function	stonesoup_read_taint	85:0:2897:3377							
ANR	250	FunctionDef	stonesoup_read_taint ()		249	0					
ANR	251	CompoundStatement		85:32:2929:3377	249	0					
ANR	252	IfStatement	"if ( getenv ( ""STONESOUP_DISABLE_WEAKNESS"" ) == NULL || strcmp ( getenv ( ""STONESOUP_DISABLE_WEAKNESS"" ) , ""1"" ) != 0 )"		249	0					
ANR	253	Condition	"getenv ( ""STONESOUP_DISABLE_WEAKNESS"" ) == NULL || strcmp ( getenv ( ""STONESOUP_DISABLE_WEAKNESS"" ) , ""1"" ) != 0"	86:6:2937:3044	249	0	True				
ANR	254	OrExpression	"getenv ( ""STONESOUP_DISABLE_WEAKNESS"" ) == NULL || strcmp ( getenv ( ""STONESOUP_DISABLE_WEAKNESS"" ) , ""1"" ) != 0"		249	0		||			
ANR	255	EqualityExpression	"getenv ( ""STONESOUP_DISABLE_WEAKNESS"" ) == NULL"		249	0		==			
ANR	256	CallExpression	"getenv ( ""STONESOUP_DISABLE_WEAKNESS"" )"		249	0					
ANR	257	Callee	getenv		249	0					
ANR	258	Identifier	getenv		249	0					
ANR	259	ArgumentList	"""STONESOUP_DISABLE_WEAKNESS"""		249	1					
ANR	260	Argument	"""STONESOUP_DISABLE_WEAKNESS"""		249	0					
ANR	261	PrimaryExpression	"""STONESOUP_DISABLE_WEAKNESS"""		249	0					
ANR	262	Identifier	NULL		249	1					
ANR	263	EqualityExpression	"strcmp ( getenv ( ""STONESOUP_DISABLE_WEAKNESS"" ) , ""1"" ) != 0"		249	1		!=			
ANR	264	CallExpression	"strcmp ( getenv ( ""STONESOUP_DISABLE_WEAKNESS"" ) , ""1"" )"		249	0					
ANR	265	Callee	strcmp		249	0					
ANR	266	Identifier	strcmp		249	0					
ANR	267	ArgumentList	"getenv ( ""STONESOUP_DISABLE_WEAKNESS"" )"		249	1					
ANR	268	Argument	"getenv ( ""STONESOUP_DISABLE_WEAKNESS"" )"		249	0					
ANR	269	CallExpression	"getenv ( ""STONESOUP_DISABLE_WEAKNESS"" )"		249	0					
ANR	270	Callee	getenv		249	0					
ANR	271	Identifier	getenv		249	0					
ANR	272	ArgumentList	"""STONESOUP_DISABLE_WEAKNESS"""		249	1					
ANR	273	Argument	"""STONESOUP_DISABLE_WEAKNESS"""		249	0					
ANR	274	PrimaryExpression	"""STONESOUP_DISABLE_WEAKNESS"""		249	0					
ANR	275	Argument	"""1"""		249	1					
ANR	276	PrimaryExpression	"""1"""		249	0					
ANR	277	PrimaryExpression	0		249	1					
ANR	278	CompoundStatement		4:4:123:204	249	1					
ANR	279	IdentifierDeclStatement	"struct mg_server * stonesoup_server = mg_create_server ( NULL , stonesoup_ev_handler ) ;"	88:4:3053:3134	249	0	True				
ANR	280	IdentifierDecl	"* stonesoup_server = mg_create_server ( NULL , stonesoup_ev_handler )"		249	0					
ANR	281	IdentifierDeclType	struct mg_server *		249	0					
ANR	282	Identifier	stonesoup_server		249	1					
ANR	283	AssignmentExpression	"* stonesoup_server = mg_create_server ( NULL , stonesoup_ev_handler )"		249	2		=			
ANR	284	Identifier	stonesoup_server		249	0					
ANR	285	CallExpression	"mg_create_server ( NULL , stonesoup_ev_handler )"		249	1					
ANR	286	Callee	mg_create_server		249	0					
ANR	287	Identifier	mg_create_server		249	0					
ANR	288	ArgumentList	NULL		249	1					
ANR	289	Argument	NULL		249	0					
ANR	290	Identifier	NULL		249	0					
ANR	291	Argument	stonesoup_ev_handler		249	1					
ANR	292	Identifier	stonesoup_ev_handler		249	0					
ANR	293	ExpressionStatement	"mg_set_option ( stonesoup_server , ""listening_port"" , ""8887"" )"	89:4:3140:3197	249	1	True				
ANR	294	CallExpression	"mg_set_option ( stonesoup_server , ""listening_port"" , ""8887"" )"		249	0					
ANR	295	Callee	mg_set_option		249	0					
ANR	296	Identifier	mg_set_option		249	0					
ANR	297	ArgumentList	stonesoup_server		249	1					
ANR	298	Argument	stonesoup_server		249	0					
ANR	299	Identifier	stonesoup_server		249	0					
ANR	300	Argument	"""listening_port"""		249	1					
ANR	301	PrimaryExpression	"""listening_port"""		249	0					
ANR	302	Argument	"""8887"""		249	2					
ANR	303	PrimaryExpression	"""8887"""		249	0					
ANR	304	WhileStatement	while ( 1 )		249	2					
ANR	305	Condition	1	90:11:3210:3210	249	0	True				
ANR	306	PrimaryExpression	1		249	0					
ANR	307	CompoundStatement		6:14:283:283	249	1					
ANR	308	IfStatement	"if ( mg_poll_server ( stonesoup_server , 1000 ) == 0 && stonesoup_exit_flag == 1 )"		249	0					
ANR	309	Condition	"mg_poll_server ( stonesoup_server , 1000 ) == 0 && stonesoup_exit_flag == 1"	91:10:3225:3295	249	0	True				
ANR	310	AndExpression	"mg_poll_server ( stonesoup_server , 1000 ) == 0 && stonesoup_exit_flag == 1"		249	0		&&			
ANR	311	EqualityExpression	"mg_poll_server ( stonesoup_server , 1000 ) == 0"		249	0		==			
ANR	312	CallExpression	"mg_poll_server ( stonesoup_server , 1000 )"		249	0					
ANR	313	Callee	mg_poll_server		249	0					
ANR	314	Identifier	mg_poll_server		249	0					
ANR	315	ArgumentList	stonesoup_server		249	1					
ANR	316	Argument	stonesoup_server		249	0					
ANR	317	Identifier	stonesoup_server		249	0					
ANR	318	Argument	1000		249	1					
ANR	319	PrimaryExpression	1000		249	0					
ANR	320	PrimaryExpression	0		249	1					
ANR	321	EqualityExpression	stonesoup_exit_flag == 1		249	1		==			
ANR	322	Identifier	stonesoup_exit_flag		249	0					
ANR	323	PrimaryExpression	1		249	1					
ANR	324	CompoundStatement		7:83:368:368	249	1					
ANR	325	BreakStatement	break ;	92:10:3310:3315	249	0	True				
ANR	326	ExpressionStatement	mg_destroy_server ( & stonesoup_server )	95:4:3335:3371	249	3	True				
ANR	327	CallExpression	mg_destroy_server ( & stonesoup_server )		249	0					
ANR	328	Callee	mg_destroy_server		249	0					
ANR	329	Identifier	mg_destroy_server		249	0					
ANR	330	ArgumentList	& stonesoup_server		249	1					
ANR	331	Argument	& stonesoup_server		249	0					
ANR	332	UnaryOperationExpression	& stonesoup_server		249	0					
ANR	333	UnaryOperator	&		249	0					
ANR	334	Identifier	stonesoup_server		249	1					
ANR	335	ReturnType	void		249	1					
ANR	336	Identifier	stonesoup_read_taint		249	2					
ANR	337	ParameterList			249	3					
ANR	338	CFGEntryNode	ENTRY		249		True				
ANR	339	CFGExitNode	EXIT		249		True				
ANR	340	Symbol	strcmp		249						
ANR	341	Symbol	mg_create_server		249						
ANR	342	Symbol	NULL		249						
ANR	343	Symbol	& stonesoup_server		249						
ANR	344	Symbol	stonesoup_server		249						
ANR	345	Symbol	mg_poll_server		249						
ANR	346	Symbol	stonesoup_ev_handler		249						
ANR	347	Symbol	stonesoup_exit_flag		249						
ANR	348	Symbol	getenv		249						
ANR	349	DeclStmt									
ANR	350	Decl							void	void ( char * * pseudobinary_archenemies )	diestrums_everhart
ANR	351	DeclStmt									
ANR	352	Decl							void	void ( char * * dimplier_vancouver )	urbanologists_truncature
ANR	353	DeclStmt									
ANR	354	Decl							void	void ( char * * hexarchies_noncanvassing )	fazenda_balas
ANR	355	DeclStmt									
ANR	356	Decl							void	void ( char * * papistries_focalized )	knottiest_tutto
ANR	357	DeclStmt									
ANR	358	Decl							void	void ( char * * tercentenary_mesosigmoid )	discordantness_spet
ANR	359	DeclStmt									
ANR	360	Decl							void	void ( char * * maceraters_prepollent )	duckblind_lincomycin
ANR	361	DeclStmt									
ANR	362	Decl							void	void ( char * * conspiring_weightedly )	flustrate_osotriazine
ANR	363	DeclStmt									
ANR	364	Decl							void	void ( char * * candied_jiminy )	hydantoate_metallurgically
ANR	365	DeclStmt									
ANR	366	Decl							void	void ( char * * ethoxycaffeine_unpublic )	fredrich_outhiring
ANR	367	DeclStmt									
ANR	368	Decl							void	void ( char * * keffer_footprints )	coenzymatically_concrescible
ANR	369	Function	stonesoup_toupper	108:0:3947:4042							
ANR	370	FunctionDef	stonesoup_toupper (int c)		369	0					
ANR	371	CompoundStatement		109:0:3976:4042	369	0					
ANR	372	IfStatement	if ( c >= 97 && c <= 122 )		369	0					
ANR	373	Condition	c >= 97 && c <= 122	110:6:3984:4002	369	0	True				
ANR	374	AndExpression	c >= 97 && c <= 122		369	0		&&			
ANR	375	RelationalExpression	c >= 97		369	0		>=			
ANR	376	Identifier	c		369	0					
ANR	377	PrimaryExpression	97		369	1					
ANR	378	RelationalExpression	c <= 122		369	1		<=			
ANR	379	Identifier	c		369	0					
ANR	380	PrimaryExpression	122		369	1					
ANR	381	CompoundStatement		2:27:28:28	369	1					
ANR	382	ReturnStatement	return c - 32 ;	111:4:4011:4024	369	0	True				
ANR	383	AdditiveExpression	c - 32		369	0		-			
ANR	384	Identifier	c		369	0					
ANR	385	PrimaryExpression	32		369	1					
ANR	386	ReturnStatement	return c ;	113:2:4032:4040	369	1	True				
ANR	387	Identifier	c		369	0					
ANR	388	ReturnType	int		369	1					
ANR	389	Identifier	stonesoup_toupper		369	2					
ANR	390	ParameterList	int c		369	3					
ANR	391	Parameter	int c	108:22:3969:3973	369	0	True				
ANR	392	ParameterType	int		369	0					
ANR	393	Identifier	c		369	1					
ANR	394	CFGEntryNode	ENTRY		369		True				
ANR	395	CFGExitNode	EXIT		369		True				
ANR	396	Symbol	c		369						
ANR	397	Function	gimp_tile_manager_get_type	116:0:4045:4271							
ANR	398	FunctionDef	gimp_tile_manager_get_type ()		397	0					
ANR	399	CompoundStatement		117:0:4080:4271	397	0					
ANR	400	Statement	static	118:2:4084:4089	397	0	True				
ANR	401	IdentifierDeclStatement	GType type = 0 ;	118:9:4091:4105	397	1	True				
ANR	402	IdentifierDecl	type = 0		397	0					
ANR	403	IdentifierDeclType	GType		397	0					
ANR	404	Identifier	type		397	1					
ANR	405	AssignmentExpression	type = 0		397	2		=			
ANR	406	Identifier	type		397	0					
ANR	407	PrimaryExpression	0		397	1					
ANR	408	IfStatement	if ( ! type )		397	2					
ANR	409	Condition	! type	119:6:4113:4117	397	0	True				
ANR	410	UnaryOperationExpression	! type		397	0					
ANR	411	UnaryOperator	!		397	0					
ANR	412	Identifier	type		397	1					
ANR	413	CompoundStatement		3:13:39:39	397	1					
ANR	414	ExpressionStatement	"type = g_boxed_type_register_static ( ""TileManager"" , ( ( GBoxedCopyFunc ) tile_manager_ref ) , ( ( GBoxedFreeFunc ) tile_manager_unref ) )"	120:4:4126:4250	397	0	True				
ANR	415	AssignmentExpression	"type = g_boxed_type_register_static ( ""TileManager"" , ( ( GBoxedCopyFunc ) tile_manager_ref ) , ( ( GBoxedFreeFunc ) tile_manager_unref ) )"		397	0		=			
ANR	416	Identifier	type		397	0					
ANR	417	CallExpression	"g_boxed_type_register_static ( ""TileManager"" , ( ( GBoxedCopyFunc ) tile_manager_ref ) , ( ( GBoxedFreeFunc ) tile_manager_unref ) )"		397	1					
ANR	418	Callee	g_boxed_type_register_static		397	0					
ANR	419	Identifier	g_boxed_type_register_static		397	0					
ANR	420	ArgumentList	"""TileManager"""		397	1					
ANR	421	Argument	"""TileManager"""		397	0					
ANR	422	PrimaryExpression	"""TileManager"""		397	0					
ANR	423	Argument	( GBoxedCopyFunc ) tile_manager_ref		397	1					
ANR	424	CastExpression	( GBoxedCopyFunc ) tile_manager_ref		397	0					
ANR	425	CastTarget	GBoxedCopyFunc		397	0					
ANR	426	Identifier	tile_manager_ref		397	1					
ANR	427	Argument	( GBoxedFreeFunc ) tile_manager_unref		397	2					
ANR	428	CastExpression	( GBoxedFreeFunc ) tile_manager_unref		397	0					
ANR	429	CastTarget	GBoxedFreeFunc		397	0					
ANR	430	Identifier	tile_manager_unref		397	1					
ANR	431	ReturnStatement	return type ;	122:2:4258:4269	397	3	True				
ANR	432	Identifier	type		397	0					
ANR	433	ReturnType	GType		397	1					
ANR	434	Identifier	gimp_tile_manager_get_type		397	2					
ANR	435	ParameterList			397	3					
ANR	436	CFGEntryNode	ENTRY		397		True				
ANR	437	CFGExitNode	EXIT		397		True				
ANR	438	Symbol	tile_manager_unref		397						
ANR	439	Symbol	tile_manager_ref		397						
ANR	440	Symbol	g_boxed_type_register_static		397						
ANR	441	Symbol	type		397						
ANR	442	Function	tile_manager_get_tile_num	127:0:4302:4550							
ANR	443	FunctionDef	"tile_manager_get_tile_num (TileManager * tm , gint xpixel , gint ypixel)"		442	0					
ANR	444	CompoundStatement		128:0:4388:4550	442	0					
ANR	445	IfStatement	if ( xpixel < 0 || xpixel >= tm -> width || ypixel < 0 || ypixel >= tm -> height )		442	0					
ANR	446	Condition	xpixel < 0 || xpixel >= tm -> width || ypixel < 0 || ypixel >= tm -> height	129:6:4396:4470	442	0	True				
ANR	447	OrExpression	xpixel < 0 || xpixel >= tm -> width || ypixel < 0 || ypixel >= tm -> height		442	0		||			
ANR	448	RelationalExpression	xpixel < 0		442	0		<			
ANR	449	Identifier	xpixel		442	0					
ANR	450	PrimaryExpression	0		442	1					
ANR	451	OrExpression	xpixel >= tm -> width || ypixel < 0 || ypixel >= tm -> height		442	1		||			
ANR	452	RelationalExpression	xpixel >= tm -> width		442	0		>=			
ANR	453	Identifier	xpixel		442	0					
ANR	454	PtrMemberAccess	tm -> width		442	1					
ANR	455	Identifier	tm		442	0					
ANR	456	Identifier	width		442	1					
ANR	457	OrExpression	ypixel < 0 || ypixel >= tm -> height		442	1		||			
ANR	458	RelationalExpression	ypixel < 0		442	0		<			
ANR	459	Identifier	ypixel		442	0					
ANR	460	PrimaryExpression	0		442	1					
ANR	461	RelationalExpression	ypixel >= tm -> height		442	1		>=			
ANR	462	Identifier	ypixel		442	0					
ANR	463	PtrMemberAccess	tm -> height		442	1					
ANR	464	Identifier	tm		442	0					
ANR	465	Identifier	height		442	1					
ANR	466	CompoundStatement		2:83:84:84	442	1					
ANR	467	ReturnStatement	return - 1 ;	130:4:4479:4489	442	0	True				
ANR	468	UnaryOperationExpression	- 1		442	0					
ANR	469	UnaryOperator	-		442	0					
ANR	470	PrimaryExpression	1		442	1					
ANR	471	ReturnStatement	return ypixel / 64 * tm -> ntile_cols + xpixel / 64 ;	132:2:4497:4548	442	1	True				
ANR	472	AdditiveExpression	ypixel / 64 * tm -> ntile_cols + xpixel / 64		442	0		+			
ANR	473	MultiplicativeExpression	ypixel / 64 * tm -> ntile_cols		442	0		/			
ANR	474	Identifier	ypixel		442	0					
ANR	475	MultiplicativeExpression	64 * tm -> ntile_cols		442	1		*			
ANR	476	PrimaryExpression	64		442	0					
ANR	477	PtrMemberAccess	tm -> ntile_cols		442	1					
ANR	478	Identifier	tm		442	0					
ANR	479	Identifier	ntile_cols		442	1					
ANR	480	MultiplicativeExpression	xpixel / 64		442	1		/			
ANR	481	Identifier	xpixel		442	0					
ANR	482	PrimaryExpression	64		442	1					
ANR	483	ReturnType	inline static gint		442	1					
ANR	484	Identifier	tile_manager_get_tile_num		442	2					
ANR	485	ParameterList	"TileManager * tm , gint xpixel , gint ypixel"		442	3					
ANR	486	Parameter	TileManager * tm	127:45:4347:4361	442	0	True				
ANR	487	ParameterType	TileManager *		442	0					
ANR	488	Identifier	tm		442	1					
ANR	489	Parameter	gint xpixel	127:61:4363:4373	442	1	True				
ANR	490	ParameterType	gint		442	0					
ANR	491	Identifier	xpixel		442	1					
ANR	492	Parameter	gint ypixel	127:73:4375:4385	442	2	True				
ANR	493	ParameterType	gint		442	0					
ANR	494	Identifier	ypixel		442	1					
ANR	495	CFGEntryNode	ENTRY		442		True				
ANR	496	CFGExitNode	EXIT		442		True				
ANR	497	Symbol	tm -> height		442						
ANR	498	Symbol	tm		442						
ANR	499	Symbol	tm -> width		442						
ANR	500	Symbol	ypixel		442						
ANR	501	Symbol	* tm		442						
ANR	502	Symbol	tm -> ntile_cols		442						
ANR	503	Symbol	xpixel		442						
ANR	504	Function	tile_manager_new	135:0:4553:5343							
ANR	505	FunctionDef	"tile_manager_new (gint width , gint height , gint bpp)"		504	0					
ANR	506	CompoundStatement		136:0:4616:5343	504	0					
ANR	507	IdentifierDeclStatement	TileManager * tm ;	137:2:4620:4635	504	0	True				
ANR	508	IdentifierDecl	* tm		504	0					
ANR	509	IdentifierDeclType	TileManager *		504	0					
ANR	510	Identifier	tm		504	1					
ANR	511	DoStatement	do		504	1					
ANR	512	CompoundStatement		3:5:25:25	504	0					
ANR	513	IfStatement	if ( width > 0 && height > 0 )		504	0					
ANR	514	Condition	width > 0 && height > 0	139:8:4652:4674	504	0	True				
ANR	515	AndExpression	width > 0 && height > 0		504	0		&&			
ANR	516	RelationalExpression	width > 0		504	0		>			
ANR	517	Identifier	width		504	0					
ANR	518	PrimaryExpression	0		504	1					
ANR	519	RelationalExpression	height > 0		504	1		>			
ANR	520	Identifier	height		504	0					
ANR	521	PrimaryExpression	0		504	1					
ANR	522	CompoundStatement		4:33:60:60	504	1					
ANR	523	ElseStatement	else		504	0					
ANR	524	CompoundStatement		6:9:77:77	504	0					
ANR	525	ExpressionStatement	"g_return_if_fail_warning ( ""Gimp-Base"" , __PRETTY_FUNCTION__ , ""width > 0 && height > 0"" )"	142:6:4702:4785	504	0	True				
ANR	526	CallExpression	"g_return_if_fail_warning ( ""Gimp-Base"" , __PRETTY_FUNCTION__ , ""width > 0 && height > 0"" )"		504	0					
ANR	527	Callee	g_return_if_fail_warning		504	0					
ANR	528	Identifier	g_return_if_fail_warning		504	0					
ANR	529	ArgumentList	"""Gimp-Base"""		504	1					
ANR	530	Argument	"""Gimp-Base"""		504	0					
ANR	531	PrimaryExpression	"""Gimp-Base"""		504	0					
ANR	532	Argument	__PRETTY_FUNCTION__		504	1					
ANR	533	Identifier	__PRETTY_FUNCTION__		504	0					
ANR	534	Argument	"""width > 0 && height > 0"""		504	2					
ANR	535	PrimaryExpression	"""width > 0 && height > 0"""		504	0					
ANR	536	ReturnStatement	return ( ( void * ) 0 ) ;	143:6:4793:4811	504	1	True				
ANR	537	CastExpression	( void * ) 0		504	0					
ANR	538	CastTarget	void *		504	0					
ANR	539	PrimaryExpression	0		504	1					
ANR	540	ExpressionStatement		145:4:4823:4823	504	1	True				
ANR	541	Condition	0	146:10:4835:4835	504	1	True				
ANR	542	PrimaryExpression	0		504	0					
ANR	543	DoStatement	do		504	2					
ANR	544	CompoundStatement		12:5:227:227	504	0					
ANR	545	IfStatement	if ( bpp > 0 && bpp <= 4 )		504	0					
ANR	546	Condition	bpp > 0 && bpp <= 4	148:8:4854:4872	504	0	True				
ANR	547	AndExpression	bpp > 0 && bpp <= 4		504	0		&&			
ANR	548	RelationalExpression	bpp > 0		504	0		>			
ANR	549	Identifier	bpp		504	0					
ANR	550	PrimaryExpression	0		504	1					
ANR	551	RelationalExpression	bpp <= 4		504	1		<=			
ANR	552	Identifier	bpp		504	0					
ANR	553	PrimaryExpression	4		504	1					
ANR	554	CompoundStatement		13:29:258:258	504	1					
ANR	555	ElseStatement	else		504	0					
ANR	556	CompoundStatement		15:9:275:275	504	0					
ANR	557	ExpressionStatement	"g_return_if_fail_warning ( ""Gimp-Base"" , __PRETTY_FUNCTION__ , ""bpp > 0 && bpp <= 4"" )"	151:6:4900:4979	504	0	True				
ANR	558	CallExpression	"g_return_if_fail_warning ( ""Gimp-Base"" , __PRETTY_FUNCTION__ , ""bpp > 0 && bpp <= 4"" )"		504	0					
ANR	559	Callee	g_return_if_fail_warning		504	0					
ANR	560	Identifier	g_return_if_fail_warning		504	0					
ANR	561	ArgumentList	"""Gimp-Base"""		504	1					
ANR	562	Argument	"""Gimp-Base"""		504	0					
ANR	563	PrimaryExpression	"""Gimp-Base"""		504	0					
ANR	564	Argument	__PRETTY_FUNCTION__		504	1					
ANR	565	Identifier	__PRETTY_FUNCTION__		504	0					
ANR	566	Argument	"""bpp > 0 && bpp <= 4"""		504	2					
ANR	567	PrimaryExpression	"""bpp > 0 && bpp <= 4"""		504	0					
ANR	568	ReturnStatement	return ( ( void * ) 0 ) ;	152:6:4987:5005	504	1	True				
ANR	569	CastExpression	( void * ) 0		504	0					
ANR	570	CastTarget	void *		504	0					
ANR	571	PrimaryExpression	0		504	1					
ANR	572	ExpressionStatement		154:4:5017:5017	504	1	True				
ANR	573	Condition	0	155:10:5029:5029	504	1	True				
ANR	574	PrimaryExpression	0		504	0					
ANR	575	ExpressionStatement	tm = ( ( TileManager * ) ( g_slice_alloc0 ( sizeof ( TileManager ) ) ) )	156:2:5035:5095	504	3	True				
ANR	576	AssignmentExpression	tm = ( ( TileManager * ) ( g_slice_alloc0 ( sizeof ( TileManager ) ) ) )		504	0		=			
ANR	577	Identifier	tm		504	0					
ANR	578	CastExpression	( TileManager * ) ( g_slice_alloc0 ( sizeof ( TileManager ) ) )		504	1					
ANR	579	CastTarget	TileManager *		504	0					
ANR	580	CallExpression	g_slice_alloc0 ( sizeof ( TileManager ) )		504	1					
ANR	581	Callee	g_slice_alloc0		504	0					
ANR	582	Identifier	g_slice_alloc0		504	0					
ANR	583	ArgumentList	sizeof ( TileManager )		504	1					
ANR	584	Argument	sizeof ( TileManager )		504	0					
ANR	585	SizeofExpression	sizeof ( TileManager )		504	0					
ANR	586	Sizeof	sizeof		504	0					
ANR	587	SizeofOperand	TileManager		504	1					
ANR	588	ExpressionStatement	tm -> ref_count = 1	157:2:5099:5118	504	4	True				
ANR	589	AssignmentExpression	tm -> ref_count = 1		504	0		=			
ANR	590	PtrMemberAccess	tm -> ref_count		504	0					
ANR	591	Identifier	tm		504	0					
ANR	592	Identifier	ref_count		504	1					
ANR	593	PrimaryExpression	1		504	1					
ANR	594	ExpressionStatement	tm -> width = width	158:2:5122:5141	504	5	True				
ANR	595	AssignmentExpression	tm -> width = width		504	0		=			
ANR	596	PtrMemberAccess	tm -> width		504	0					
ANR	597	Identifier	tm		504	0					
ANR	598	Identifier	width		504	1					
ANR	599	Identifier	width		504	1					
ANR	600	ExpressionStatement	tm -> height = height	159:2:5145:5166	504	6	True				
ANR	601	AssignmentExpression	tm -> height = height		504	0		=			
ANR	602	PtrMemberAccess	tm -> height		504	0					
ANR	603	Identifier	tm		504	0					
ANR	604	Identifier	height		504	1					
ANR	605	Identifier	height		504	1					
ANR	606	ExpressionStatement	tm -> bpp = bpp	160:2:5170:5185	504	7	True				
ANR	607	AssignmentExpression	tm -> bpp = bpp		504	0		=			
ANR	608	PtrMemberAccess	tm -> bpp		504	0					
ANR	609	Identifier	tm		504	0					
ANR	610	Identifier	bpp		504	1					
ANR	611	Identifier	bpp		504	1					
ANR	612	ExpressionStatement	tm -> ntile_rows = ( height + 64 - 1 ) / 64	161:2:5189:5230	504	8	True				
ANR	613	AssignmentExpression	tm -> ntile_rows = ( height + 64 - 1 ) / 64		504	0		=			
ANR	614	PtrMemberAccess	tm -> ntile_rows		504	0					
ANR	615	Identifier	tm		504	0					
ANR	616	Identifier	ntile_rows		504	1					
ANR	617	MultiplicativeExpression	( height + 64 - 1 ) / 64		504	1		/			
ANR	618	AdditiveExpression	height + 64 - 1		504	0		+			
ANR	619	Identifier	height		504	0					
ANR	620	AdditiveExpression	64 - 1		504	1		-			
ANR	621	PrimaryExpression	64		504	0					
ANR	622	PrimaryExpression	1		504	1					
ANR	623	PrimaryExpression	64		504	1					
ANR	624	ExpressionStatement	tm -> ntile_cols = ( width + 64 - 1 ) / 64	162:2:5234:5274	504	9	True				
ANR	625	AssignmentExpression	tm -> ntile_cols = ( width + 64 - 1 ) / 64		504	0		=			
ANR	626	PtrMemberAccess	tm -> ntile_cols		504	0					
ANR	627	Identifier	tm		504	0					
ANR	628	Identifier	ntile_cols		504	1					
ANR	629	MultiplicativeExpression	( width + 64 - 1 ) / 64		504	1		/			
ANR	630	AdditiveExpression	width + 64 - 1		504	0		+			
ANR	631	Identifier	width		504	0					
ANR	632	AdditiveExpression	64 - 1		504	1		-			
ANR	633	PrimaryExpression	64		504	0					
ANR	634	PrimaryExpression	1		504	1					
ANR	635	PrimaryExpression	64		504	1					
ANR	636	ExpressionStatement	tm -> cached_num = - 1	163:2:5278:5300	504	10	True				
ANR	637	AssignmentExpression	tm -> cached_num = - 1		504	0		=			
ANR	638	PtrMemberAccess	tm -> cached_num		504	0					
ANR	639	Identifier	tm		504	0					
ANR	640	Identifier	cached_num		504	1					
ANR	641	UnaryOperationExpression	- 1		504	1					
ANR	642	UnaryOperator	-		504	0					
ANR	643	PrimaryExpression	1		504	1					
ANR	644	ReturnStatement	return tm ;	166:2:5332:5341	504	11	True				
ANR	645	Identifier	tm		504	0					
ANR	646	ReturnType	TileManager *		504	1					
ANR	647	Identifier	tile_manager_new		504	2					
ANR	648	ParameterList	"gint width , gint height , gint bpp"		504	3					
ANR	649	Parameter	gint width	135:30:4583:4592	504	0	True				
ANR	650	ParameterType	gint		504	0					
ANR	651	Identifier	width		504	1					
ANR	652	Parameter	gint height	135:41:4594:4604	504	1	True				
ANR	653	ParameterType	gint		504	0					
ANR	654	Identifier	height		504	1					
ANR	655	Parameter	gint bpp	135:53:4606:4613	504	2	True				
ANR	656	ParameterType	gint		504	0					
ANR	657	Identifier	bpp		504	1					
ANR	658	CFGEntryNode	ENTRY		504		True				
ANR	659	CFGExitNode	EXIT		504		True				
ANR	660	Symbol	__PRETTY_FUNCTION__		504						
ANR	661	Symbol	bpp		504						
ANR	662	Symbol	tm -> cached_num		504						
ANR	663	Symbol	g_slice_alloc0		504						
ANR	664	Symbol	tm -> ntile_cols		504						
ANR	665	Symbol	tm -> ref_count		504						
ANR	666	Symbol	tm -> height		504						
ANR	667	Symbol	tm -> bpp		504						
ANR	668	Symbol	width		504						
ANR	669	Symbol	tm		504						
ANR	670	Symbol	tm -> width		504						
ANR	671	Symbol	* tm		504						
ANR	672	Symbol	tm -> ntile_rows		504						
ANR	673	Symbol	height		504						
ANR	674	Function	tile_manager_ref	169:0:5346:5612							
ANR	675	FunctionDef	tile_manager_ref (TileManager * tm)		674	0					
ANR	676	CompoundStatement		170:0:5393:5612	674	0					
ANR	677	DoStatement	do		674	0					
ANR	678	CompoundStatement		2:5:6:6	674	0					
ANR	679	IfStatement	if ( tm != ( ( void * ) 0 ) )		674	0					
ANR	680	Condition	tm != ( ( void * ) 0 )	172:8:5410:5426	674	0	True				
ANR	681	EqualityExpression	tm != ( ( void * ) 0 )		674	0		!=			
ANR	682	Identifier	tm		674	0					
ANR	683	CastExpression	( void * ) 0		674	1					
ANR	684	CastTarget	void *		674	0					
ANR	685	PrimaryExpression	0		674	1					
ANR	686	CompoundStatement		3:27:35:35	674	1					
ANR	687	ElseStatement	else		674	0					
ANR	688	CompoundStatement		5:9:52:52	674	0					
ANR	689	ExpressionStatement	"g_return_if_fail_warning ( ""Gimp-Base"" , __PRETTY_FUNCTION__ , ""tm != NULL"" )"	175:6:5454:5524	674	0	True				
ANR	690	CallExpression	"g_return_if_fail_warning ( ""Gimp-Base"" , __PRETTY_FUNCTION__ , ""tm != NULL"" )"		674	0					
ANR	691	Callee	g_return_if_fail_warning		674	0					
ANR	692	Identifier	g_return_if_fail_warning		674	0					
ANR	693	ArgumentList	"""Gimp-Base"""		674	1					
ANR	694	Argument	"""Gimp-Base"""		674	0					
ANR	695	PrimaryExpression	"""Gimp-Base"""		674	0					
ANR	696	Argument	__PRETTY_FUNCTION__		674	1					
ANR	697	Identifier	__PRETTY_FUNCTION__		674	0					
ANR	698	Argument	"""tm != NULL"""		674	2					
ANR	699	PrimaryExpression	"""tm != NULL"""		674	0					
ANR	700	ReturnStatement	return ( ( void * ) 0 ) ;	176:6:5532:5550	674	1	True				
ANR	701	CastExpression	( void * ) 0		674	0					
ANR	702	CastTarget	void *		674	0					
ANR	703	PrimaryExpression	0		674	1					
ANR	704	ExpressionStatement		178:4:5562:5562	674	1	True				
ANR	705	Condition	0	179:10:5574:5574	674	1	True				
ANR	706	PrimaryExpression	0		674	0					
ANR	707	ExpressionStatement	tm -> ref_count ++	180:2:5580:5597	674	1	True				
ANR	708	PostIncDecOperationExpression	tm -> ref_count ++		674	0					
ANR	709	PtrMemberAccess	tm -> ref_count		674	0					
ANR	710	Identifier	tm		674	0					
ANR	711	Identifier	ref_count		674	1					
ANR	712	IncDec	++		674	1					
ANR	713	ReturnStatement	return tm ;	181:2:5601:5610	674	2	True				
ANR	714	Identifier	tm		674	0					
ANR	715	ReturnType	TileManager *		674	1					
ANR	716	Identifier	tile_manager_ref		674	2					
ANR	717	ParameterList	TileManager * tm		674	3					
ANR	718	Parameter	TileManager * tm	169:30:5376:5390	674	0	True				
ANR	719	ParameterType	TileManager *		674	0					
ANR	720	Identifier	tm		674	1					
ANR	721	CFGEntryNode	ENTRY		674		True				
ANR	722	CFGExitNode	EXIT		674		True				
ANR	723	Symbol	__PRETTY_FUNCTION__		674						
ANR	724	Symbol	tm		674						
ANR	725	Symbol	* tm		674						
ANR	726	Symbol	tm -> ref_count		674						
ANR	727	Function	tile_manager_unref	184:0:5615:6355							
ANR	728	FunctionDef	tile_manager_unref (TileManager * tm)		727	0					
ANR	729	CompoundStatement		185:0:5656:6355	727	0					
ANR	730	DoStatement	do		727	0					
ANR	731	CompoundStatement		2:5:6:6	727	0					
ANR	732	IfStatement	if ( tm != ( ( void * ) 0 ) )		727	0					
ANR	733	Condition	tm != ( ( void * ) 0 )	187:8:5673:5689	727	0	True				
ANR	734	EqualityExpression	tm != ( ( void * ) 0 )		727	0		!=			
ANR	735	Identifier	tm		727	0					
ANR	736	CastExpression	( void * ) 0		727	1					
ANR	737	CastTarget	void *		727	0					
ANR	738	PrimaryExpression	0		727	1					
ANR	739	CompoundStatement		3:27:35:35	727	1					
ANR	740	ElseStatement	else		727	0					
ANR	741	CompoundStatement		5:9:52:52	727	0					
ANR	742	ExpressionStatement	"g_return_if_fail_warning ( ""Gimp-Base"" , __PRETTY_FUNCTION__ , ""tm != NULL"" )"	190:6:5717:5787	727	0	True				
ANR	743	CallExpression	"g_return_if_fail_warning ( ""Gimp-Base"" , __PRETTY_FUNCTION__ , ""tm != NULL"" )"		727	0					
ANR	744	Callee	g_return_if_fail_warning		727	0					
ANR	745	Identifier	g_return_if_fail_warning		727	0					
ANR	746	ArgumentList	"""Gimp-Base"""		727	1					
ANR	747	Argument	"""Gimp-Base"""		727	0					
ANR	748	PrimaryExpression	"""Gimp-Base"""		727	0					
ANR	749	Argument	__PRETTY_FUNCTION__		727	1					
ANR	750	Identifier	__PRETTY_FUNCTION__		727	0					
ANR	751	Argument	"""tm != NULL"""		727	2					
ANR	752	PrimaryExpression	"""tm != NULL"""		727	0					
ANR	753	ReturnStatement	return ;	191:6:5795:5802	727	1	True				
ANR	754	ExpressionStatement		193:4:5814:5814	727	1	True				
ANR	755	Condition	0	194:10:5826:5826	727	1	True				
ANR	756	PrimaryExpression	0		727	0					
ANR	757	ExpressionStatement	tm -> ref_count --	195:2:5832:5849	727	1	True				
ANR	758	PostIncDecOperationExpression	tm -> ref_count --		727	0					
ANR	759	PtrMemberAccess	tm -> ref_count		727	0					
ANR	760	Identifier	tm		727	0					
ANR	761	Identifier	ref_count		727	1					
ANR	762	IncDec	--		727	1					
ANR	763	IfStatement	if ( tm -> ref_count < 1 )		727	2					
ANR	764	Condition	tm -> ref_count < 1	196:6:5857:5875	727	0	True				
ANR	765	RelationalExpression	tm -> ref_count < 1		727	0		<			
ANR	766	PtrMemberAccess	tm -> ref_count		727	0					
ANR	767	Identifier	tm		727	0					
ANR	768	Identifier	ref_count		727	1					
ANR	769	PrimaryExpression	1		727	1					
ANR	770	CompoundStatement		12:27:221:221	727	1					
ANR	771	IfStatement	if ( tm -> cached_tile )		727	0					
ANR	772	Condition	tm -> cached_tile	199:8:5916:5932	727	0	True				
ANR	773	PtrMemberAccess	tm -> cached_tile		727	0					
ANR	774	Identifier	tm		727	0					
ANR	775	Identifier	cached_tile		727	1					
ANR	776	CompoundStatement		15:27:278:278	727	1					
ANR	777	ExpressionStatement	"tile_release ( tm -> cached_tile , 0 )"	200:6:5943:5976	727	0	True				
ANR	778	CallExpression	"tile_release ( tm -> cached_tile , 0 )"		727	0					
ANR	779	Callee	tile_release		727	0					
ANR	780	Identifier	tile_release		727	0					
ANR	781	ArgumentList	tm -> cached_tile		727	1					
ANR	782	Argument	tm -> cached_tile		727	0					
ANR	783	PtrMemberAccess	tm -> cached_tile		727	0					
ANR	784	Identifier	tm		727	0					
ANR	785	Identifier	cached_tile		727	1					
ANR	786	Argument	0		727	1					
ANR	787	PrimaryExpression	0		727	0					
ANR	788	IfStatement	if ( tm -> tiles )		727	1					
ANR	789	Condition	tm -> tiles	202:8:5992:6002	727	0	True				
ANR	790	PtrMemberAccess	tm -> tiles		727	0					
ANR	791	Identifier	tm		727	0					
ANR	792	Identifier	tiles		727	1					
ANR	793	CompoundStatement		20:6:413:419	727	1					
ANR	794	IdentifierDeclStatement	gint ntiles = tm -> ntile_rows * tm -> ntile_cols ;	203:6:6013:6062	727	0	True				
ANR	795	IdentifierDecl	ntiles = tm -> ntile_rows * tm -> ntile_cols		727	0					
ANR	796	IdentifierDeclType	gint		727	0					
ANR	797	Identifier	ntiles		727	1					
ANR	798	AssignmentExpression	ntiles = tm -> ntile_rows * tm -> ntile_cols		727	2		=			
ANR	799	Identifier	ntiles		727	0					
ANR	800	MultiplicativeExpression	tm -> ntile_rows * tm -> ntile_cols		727	1		*			
ANR	801	PtrMemberAccess	tm -> ntile_rows		727	0					
ANR	802	Identifier	tm		727	0					
ANR	803	Identifier	ntile_rows		727	1					
ANR	804	PtrMemberAccess	tm -> ntile_cols		727	1					
ANR	805	Identifier	tm		727	0					
ANR	806	Identifier	ntile_cols		727	1					
ANR	807	IdentifierDeclStatement	gint i ;	204:6:6070:6076	727	1	True				
ANR	808	IdentifierDecl	i		727	0					
ANR	809	IdentifierDeclType	gint		727	0					
ANR	810	Identifier	i		727	1					
ANR	811	ForStatement	for ( i = 0 ; i < ntiles ; i ++ )		727	2					
ANR	812	ForInit	i = 0 ;	205:11:6089:6094	727	0	True				
ANR	813	AssignmentExpression	i = 0		727	0		=			
ANR	814	Identifier	i		727	0					
ANR	815	PrimaryExpression	0		727	1					
ANR	816	Condition	i < ntiles	205:18:6096:6105	727	1	True				
ANR	817	RelationalExpression	i < ntiles		727	0		<			
ANR	818	Identifier	i		727	0					
ANR	819	Identifier	ntiles		727	1					
ANR	820	PostIncDecOperationExpression	i ++	205:30:6108:6110	727	2	True				
ANR	821	Identifier	i		727	0					
ANR	822	IncDec	++		727	1					
ANR	823	ExpressionStatement	"tile_detach ( tm -> tiles [ i ] , tm , i )"	206:8:6122:6154	727	3	True				
ANR	824	CallExpression	"tile_detach ( tm -> tiles [ i ] , tm , i )"		727	0					
ANR	825	Callee	tile_detach		727	0					
ANR	826	Identifier	tile_detach		727	0					
ANR	827	ArgumentList	tm -> tiles [ i ]		727	1					
ANR	828	Argument	tm -> tiles [ i ]		727	0					
ANR	829	ArrayIndexing	tm -> tiles [ i ]		727	0					
ANR	830	PtrMemberAccess	tm -> tiles		727	0					
ANR	831	Identifier	tm		727	0					
ANR	832	Identifier	tiles		727	1					
ANR	833	Identifier	i		727	1					
ANR	834	Argument	tm		727	1					
ANR	835	Identifier	tm		727	0					
ANR	836	Argument	i		727	2					
ANR	837	Identifier	i		727	0					
ANR	838	ExpressionStatement	g_free ( ( tm -> tiles ) )	207:6:6162:6183	727	3	True				
ANR	839	CallExpression	g_free ( ( tm -> tiles ) )		727	0					
ANR	840	Callee	g_free		727	0					
ANR	841	Identifier	g_free		727	0					
ANR	842	ArgumentList	tm -> tiles		727	1					
ANR	843	Argument	tm -> tiles		727	0					
ANR	844	PtrMemberAccess	tm -> tiles		727	0					
ANR	845	Identifier	tm		727	0					
ANR	846	Identifier	tiles		727	1					
ANR	847	DoStatement	do		727	2					
ANR	848	CompoundStatement		25:7:541:541	727	0					
ANR	849	IfStatement	if ( 1 )		727	0					
ANR	850	Condition	1	210:10:6210:6210	727	0	True				
ANR	851	PrimaryExpression	1		727	0					
ANR	852	CompoundStatement		26:13:556:556	727	1					
ANR	853	ExpressionStatement	"g_slice_free1 ( sizeof ( TileManager ) , tm )"	211:8:6223:6261	727	0	True				
ANR	854	CallExpression	"g_slice_free1 ( sizeof ( TileManager ) , tm )"		727	0					
ANR	855	Callee	g_slice_free1		727	0					
ANR	856	Identifier	g_slice_free1		727	0					
ANR	857	ArgumentList	sizeof ( TileManager )		727	1					
ANR	858	Argument	sizeof ( TileManager )		727	0					
ANR	859	SizeofExpression	sizeof ( TileManager )		727	0					
ANR	860	Sizeof	sizeof		727	0					
ANR	861	SizeofOperand	TileManager		727	1					
ANR	862	Argument	tm		727	1					
ANR	863	Identifier	tm		727	0					
ANR	864	ElseStatement	else		727	0					
ANR	865	CompoundStatement		29:11:625:625	727	0					
ANR	866	ExpressionStatement	( void ) ( ( ( TileManager * ) 0 ) == tm )	214:8:6292:6325	727	0	True				
ANR	867	CastExpression	( void ) ( ( ( TileManager * ) 0 ) == tm )		727	0					
ANR	868	CastTarget	void		727	0					
ANR	869	EqualityExpression	( ( TileManager * ) 0 ) == tm		727	1		==			
ANR	870	CastExpression	( TileManager * ) 0		727	0					
ANR	871	CastTarget	TileManager *		727	0					
ANR	872	PrimaryExpression	0		727	1					
ANR	873	Identifier	tm		727	1					
ANR	874	Condition	0	216:12:6347:6347	727	1	True				
ANR	875	PrimaryExpression	0		727	0					
ANR	876	ReturnType	void		727	1					
ANR	877	Identifier	tile_manager_unref		727	2					
ANR	878	ParameterList	TileManager * tm		727	3					
ANR	879	Parameter	TileManager * tm	184:24:5639:5653	727	0	True				
ANR	880	ParameterType	TileManager *		727	0					
ANR	881	Identifier	tm		727	1					
ANR	882	CFGEntryNode	ENTRY		727		True				
ANR	883	CFGExitNode	EXIT		727		True				
ANR	884	Symbol	__PRETTY_FUNCTION__		727						
ANR	885	Symbol	tm -> tiles		727						
ANR	886	Symbol	* * tm		727						
ANR	887	Symbol	i		727						
ANR	888	Symbol	* tm -> tiles		727						
ANR	889	Symbol	tm -> cached_tile		727						
ANR	890	Symbol	tm -> ntile_cols		727						
ANR	891	Symbol	tm -> ref_count		727						
ANR	892	Symbol	* i		727						
ANR	893	Symbol	tm		727						
ANR	894	Symbol	* tm		727						
ANR	895	Symbol	tm -> ntile_rows		727						
ANR	896	Symbol	ntiles		727						
ANR	897	Function	tile_manager_duplicate	220:0:6358:6962							
ANR	898	FunctionDef	tile_manager_duplicate (TileManager * tm)		897	0					
ANR	899	CompoundStatement		221:0:6411:6962	897	0					
ANR	900	IdentifierDeclStatement	TileManager * copy ;	222:2:6415:6432	897	0	True				
ANR	901	IdentifierDecl	* copy		897	0					
ANR	902	IdentifierDeclType	TileManager *		897	0					
ANR	903	Identifier	copy		897	1					
ANR	904	IdentifierDeclStatement	gint n_tiles ;	223:2:6436:6448	897	1	True				
ANR	905	IdentifierDecl	n_tiles		897	0					
ANR	906	IdentifierDeclType	gint		897	0					
ANR	907	Identifier	n_tiles		897	1					
ANR	908	IdentifierDeclStatement	gint i ;	224:2:6452:6458	897	2	True				
ANR	909	IdentifierDecl	i		897	0					
ANR	910	IdentifierDeclType	gint		897	0					
ANR	911	Identifier	i		897	1					
ANR	912	DoStatement	do		897	3					
ANR	913	CompoundStatement		5:5:53:53	897	0					
ANR	914	IfStatement	if ( tm != ( ( void * ) 0 ) )		897	0					
ANR	915	Condition	tm != ( ( void * ) 0 )	226:8:6475:6491	897	0	True				
ANR	916	EqualityExpression	tm != ( ( void * ) 0 )		897	0		!=			
ANR	917	Identifier	tm		897	0					
ANR	918	CastExpression	( void * ) 0		897	1					
ANR	919	CastTarget	void *		897	0					
ANR	920	PrimaryExpression	0		897	1					
ANR	921	CompoundStatement		6:27:82:82	897	1					
ANR	922	ElseStatement	else		897	0					
ANR	923	CompoundStatement		8:9:99:99	897	0					
ANR	924	ExpressionStatement	"g_return_if_fail_warning ( ""Gimp-Base"" , __PRETTY_FUNCTION__ , ""tm != NULL"" )"	229:6:6519:6589	897	0	True				
ANR	925	CallExpression	"g_return_if_fail_warning ( ""Gimp-Base"" , __PRETTY_FUNCTION__ , ""tm != NULL"" )"		897	0					
ANR	926	Callee	g_return_if_fail_warning		897	0					
ANR	927	Identifier	g_return_if_fail_warning		897	0					
ANR	928	ArgumentList	"""Gimp-Base"""		897	1					
ANR	929	Argument	"""Gimp-Base"""		897	0					
ANR	930	PrimaryExpression	"""Gimp-Base"""		897	0					
ANR	931	Argument	__PRETTY_FUNCTION__		897	1					
ANR	932	Identifier	__PRETTY_FUNCTION__		897	0					
ANR	933	Argument	"""tm != NULL"""		897	2					
ANR	934	PrimaryExpression	"""tm != NULL"""		897	0					
ANR	935	ReturnStatement	return ( ( void * ) 0 ) ;	230:6:6597:6615	897	1	True				
ANR	936	CastExpression	( void * ) 0		897	0					
ANR	937	CastTarget	void *		897	0					
ANR	938	PrimaryExpression	0		897	1					
ANR	939	ExpressionStatement		232:4:6627:6627	897	1	True				
ANR	940	Condition	0	233:10:6639:6639	897	1	True				
ANR	941	PrimaryExpression	0		897	0					
ANR	942	ExpressionStatement	"copy = tile_manager_new ( tm -> width , tm -> height , tm -> bpp )"	234:2:6645:6704	897	4	True				
ANR	943	AssignmentExpression	"copy = tile_manager_new ( tm -> width , tm -> height , tm -> bpp )"		897	0		=			
ANR	944	Identifier	copy		897	0					
ANR	945	CallExpression	"tile_manager_new ( tm -> width , tm -> height , tm -> bpp )"		897	1					
ANR	946	Callee	tile_manager_new		897	0					
ANR	947	Identifier	tile_manager_new		897	0					
ANR	948	ArgumentList	tm -> width		897	1					
ANR	949	Argument	tm -> width		897	0					
ANR	950	PtrMemberAccess	tm -> width		897	0					
ANR	951	Identifier	tm		897	0					
ANR	952	Identifier	width		897	1					
ANR	953	Argument	tm -> height		897	1					
ANR	954	PtrMemberAccess	tm -> height		897	0					
ANR	955	Identifier	tm		897	0					
ANR	956	Identifier	height		897	1					
ANR	957	Argument	tm -> bpp		897	2					
ANR	958	PtrMemberAccess	tm -> bpp		897	0					
ANR	959	Identifier	tm		897	0					
ANR	960	Identifier	bpp		897	1					
ANR	961	ExpressionStatement	tile_manager_allocate_tiles ( copy )	235:2:6708:6741	897	5	True				
ANR	962	CallExpression	tile_manager_allocate_tiles ( copy )		897	0					
ANR	963	Callee	tile_manager_allocate_tiles		897	0					
ANR	964	Identifier	tile_manager_allocate_tiles		897	0					
ANR	965	ArgumentList	copy		897	1					
ANR	966	Argument	copy		897	0					
ANR	967	Identifier	copy		897	0					
ANR	968	ExpressionStatement	n_tiles = tm -> ntile_rows * tm -> ntile_cols	236:2:6745:6790	897	6	True				
ANR	969	AssignmentExpression	n_tiles = tm -> ntile_rows * tm -> ntile_cols		897	0		=			
ANR	970	Identifier	n_tiles		897	0					
ANR	971	MultiplicativeExpression	tm -> ntile_rows * tm -> ntile_cols		897	1		*			
ANR	972	PtrMemberAccess	tm -> ntile_rows		897	0					
ANR	973	Identifier	tm		897	0					
ANR	974	Identifier	ntile_rows		897	1					
ANR	975	PtrMemberAccess	tm -> ntile_cols		897	1					
ANR	976	Identifier	tm		897	0					
ANR	977	Identifier	ntile_cols		897	1					
ANR	978	ForStatement	for ( i = 0 ; i < n_tiles ; i ++ )		897	7					
ANR	979	ForInit	i = 0 ;	237:7:6799:6804	897	0	True				
ANR	980	AssignmentExpression	i = 0		897	0		=			
ANR	981	Identifier	i		897	0					
ANR	982	PrimaryExpression	0		897	1					
ANR	983	Condition	i < n_tiles	237:14:6806:6816	897	1	True				
ANR	984	RelationalExpression	i < n_tiles		897	0		<			
ANR	985	Identifier	i		897	0					
ANR	986	Identifier	n_tiles		897	1					
ANR	987	PostIncDecOperationExpression	i ++	237:27:6819:6821	897	2	True				
ANR	988	Identifier	i		897	0					
ANR	989	IncDec	++		897	1					
ANR	990	CompoundStatement		18:4:418:428	897	3					
ANR	991	IdentifierDeclStatement	Tile * tile ;	238:4:6830:6840	897	0	True				
ANR	992	IdentifierDecl	* tile		897	0					
ANR	993	IdentifierDeclType	Tile *		897	0					
ANR	994	Identifier	tile		897	1					
ANR	995	ExpressionStatement	"tile = tile_manager_get ( tm , i , ! 0 , 0 )"	239:4:6846:6880	897	1	True				
ANR	996	AssignmentExpression	"tile = tile_manager_get ( tm , i , ! 0 , 0 )"		897	0		=			
ANR	997	Identifier	tile		897	0					
ANR	998	CallExpression	"tile_manager_get ( tm , i , ! 0 , 0 )"		897	1					
ANR	999	Callee	tile_manager_get		897	0					
ANR	1000	Identifier	tile_manager_get		897	0					
ANR	1001	ArgumentList	tm		897	1					
ANR	1002	Argument	tm		897	0					
ANR	1003	Identifier	tm		897	0					
ANR	1004	Argument	i		897	1					
ANR	1005	Identifier	i		897	0					
ANR	1006	Argument	! 0		897	2					
ANR	1007	UnaryOperationExpression	! 0		897	0					
ANR	1008	UnaryOperator	!		897	0					
ANR	1009	PrimaryExpression	0		897	1					
ANR	1010	Argument	0		897	3					
ANR	1011	PrimaryExpression	0		897	0					
ANR	1012	ExpressionStatement	"tile_manager_map ( copy , i , tile )"	240:4:6886:6915	897	2	True				
ANR	1013	CallExpression	"tile_manager_map ( copy , i , tile )"		897	0					
ANR	1014	Callee	tile_manager_map		897	0					
ANR	1015	Identifier	tile_manager_map		897	0					
ANR	1016	ArgumentList	copy		897	1					
ANR	1017	Argument	copy		897	0					
ANR	1018	Identifier	copy		897	0					
ANR	1019	Argument	i		897	1					
ANR	1020	Identifier	i		897	0					
ANR	1021	Argument	tile		897	2					
ANR	1022	Identifier	tile		897	0					
ANR	1023	ExpressionStatement	"tile_release ( tile , 0 )"	241:4:6921:6941	897	3	True				
ANR	1024	CallExpression	"tile_release ( tile , 0 )"		897	0					
ANR	1025	Callee	tile_release		897	0					
ANR	1026	Identifier	tile_release		897	0					
ANR	1027	ArgumentList	tile		897	1					
ANR	1028	Argument	tile		897	0					
ANR	1029	Identifier	tile		897	0					
ANR	1030	Argument	0		897	1					
ANR	1031	PrimaryExpression	0		897	0					
ANR	1032	ReturnStatement	return copy ;	243:2:6949:6960	897	8	True				
ANR	1033	Identifier	copy		897	0					
ANR	1034	ReturnType	TileManager *		897	1					
ANR	1035	Identifier	tile_manager_duplicate		897	2					
ANR	1036	ParameterList	TileManager * tm		897	3					
ANR	1037	Parameter	TileManager * tm	220:36:6394:6408	897	0	True				
ANR	1038	ParameterType	TileManager *		897	0					
ANR	1039	Identifier	tm		897	1					
ANR	1040	CFGEntryNode	ENTRY		897		True				
ANR	1041	CFGExitNode	EXIT		897		True				
ANR	1042	Symbol	__PRETTY_FUNCTION__		897						
ANR	1043	Symbol	n_tiles		897						
ANR	1044	Symbol	i		897						
ANR	1045	Symbol	tm -> ntile_cols		897						
ANR	1046	Symbol	tile_manager_get		897						
ANR	1047	Symbol	tm -> height		897						
ANR	1048	Symbol	tm -> bpp		897						
ANR	1049	Symbol	tile		897						
ANR	1050	Symbol	tm		897						
ANR	1051	Symbol	tm -> width		897						
ANR	1052	Symbol	copy		897						
ANR	1053	Symbol	* tm		897						
ANR	1054	Symbol	tm -> ntile_rows		897						
ANR	1055	Symbol	tile_manager_new		897						
ANR	1056	Function	tile_manager_set_validate_proc	246:0:6965:7294							
ANR	1057	FunctionDef	"tile_manager_set_validate_proc (TileManager * tm , TileValidateProc proc , gpointer user_data)"		1056	0					
ANR	1058	CompoundStatement		247:0:7059:7294	1056	0					
ANR	1059	DoStatement	do		1056	0					
ANR	1060	CompoundStatement		2:5:6:6	1056	0					
ANR	1061	IfStatement	if ( tm != ( ( void * ) 0 ) )		1056	0					
ANR	1062	Condition	tm != ( ( void * ) 0 )	249:8:7076:7092	1056	0	True				
ANR	1063	EqualityExpression	tm != ( ( void * ) 0 )		1056	0		!=			
ANR	1064	Identifier	tm		1056	0					
ANR	1065	CastExpression	( void * ) 0		1056	1					
ANR	1066	CastTarget	void *		1056	0					
ANR	1067	PrimaryExpression	0		1056	1					
ANR	1068	CompoundStatement		3:27:35:35	1056	1					
ANR	1069	ElseStatement	else		1056	0					
ANR	1070	CompoundStatement		5:9:52:52	1056	0					
ANR	1071	ExpressionStatement	"g_return_if_fail_warning ( ""Gimp-Base"" , __PRETTY_FUNCTION__ , ""tm != NULL"" )"	252:6:7120:7190	1056	0	True				
ANR	1072	CallExpression	"g_return_if_fail_warning ( ""Gimp-Base"" , __PRETTY_FUNCTION__ , ""tm != NULL"" )"		1056	0					
ANR	1073	Callee	g_return_if_fail_warning		1056	0					
ANR	1074	Identifier	g_return_if_fail_warning		1056	0					
ANR	1075	ArgumentList	"""Gimp-Base"""		1056	1					
ANR	1076	Argument	"""Gimp-Base"""		1056	0					
ANR	1077	PrimaryExpression	"""Gimp-Base"""		1056	0					
ANR	1078	Argument	__PRETTY_FUNCTION__		1056	1					
ANR	1079	Identifier	__PRETTY_FUNCTION__		1056	0					
ANR	1080	Argument	"""tm != NULL"""		1056	2					
ANR	1081	PrimaryExpression	"""tm != NULL"""		1056	0					
ANR	1082	ReturnStatement	return ;	253:6:7198:7205	1056	1	True				
ANR	1083	ExpressionStatement		255:4:7217:7217	1056	1	True				
ANR	1084	Condition	0	256:10:7229:7229	1056	1	True				
ANR	1085	PrimaryExpression	0		1056	0					
ANR	1086	ExpressionStatement	tm -> validate_proc = proc	257:2:7235:7261	1056	1	True				
ANR	1087	AssignmentExpression	tm -> validate_proc = proc		1056	0		=			
ANR	1088	PtrMemberAccess	tm -> validate_proc		1056	0					
ANR	1089	Identifier	tm		1056	0					
ANR	1090	Identifier	validate_proc		1056	1					
ANR	1091	Identifier	proc		1056	1					
ANR	1092	ExpressionStatement	tm -> user_data = user_data	258:2:7265:7292	1056	2	True				
ANR	1093	AssignmentExpression	tm -> user_data = user_data		1056	0		=			
ANR	1094	PtrMemberAccess	tm -> user_data		1056	0					
ANR	1095	Identifier	tm		1056	0					
ANR	1096	Identifier	user_data		1056	1					
ANR	1097	Identifier	user_data		1056	1					
ANR	1098	ReturnType	void		1056	1					
ANR	1099	Identifier	tile_manager_set_validate_proc		1056	2					
ANR	1100	ParameterList	"TileManager * tm , TileValidateProc proc , gpointer user_data"		1056	3					
ANR	1101	Parameter	TileManager * tm	246:36:7001:7015	1056	0	True				
ANR	1102	ParameterType	TileManager *		1056	0					
ANR	1103	Identifier	tm		1056	1					
ANR	1104	Parameter	TileValidateProc proc	246:52:7017:7037	1056	1	True				
ANR	1105	ParameterType	TileValidateProc		1056	0					
ANR	1106	Identifier	proc		1056	1					
ANR	1107	Parameter	gpointer user_data	246:74:7039:7056	1056	2	True				
ANR	1108	ParameterType	gpointer		1056	0					
ANR	1109	Identifier	user_data		1056	1					
ANR	1110	CFGEntryNode	ENTRY		1056		True				
ANR	1111	CFGExitNode	EXIT		1056		True				
ANR	1112	Symbol	__PRETTY_FUNCTION__		1056						
ANR	1113	Symbol	tm -> validate_proc		1056						
ANR	1114	Symbol	proc		1056						
ANR	1115	Symbol	tm		1056						
ANR	1116	Symbol	tm -> user_data		1056						
ANR	1117	Symbol	user_data		1056						
ANR	1118	Symbol	* tm		1056						
ANR	1119	Function	tile_manager_get_tile	261:0:7297:7682							
ANR	1120	FunctionDef	"tile_manager_get_tile (TileManager * tm , gint xpixel , gint ypixel , gboolean wantread , gboolean wantwrite)"		1119	0					
ANR	1121	CompoundStatement		262:0:7403:7682	1119	0					
ANR	1122	DoStatement	do		1119	0					
ANR	1123	CompoundStatement		2:5:6:6	1119	0					
ANR	1124	IfStatement	if ( tm != ( ( void * ) 0 ) )		1119	0					
ANR	1125	Condition	tm != ( ( void * ) 0 )	264:8:7420:7436	1119	0	True				
ANR	1126	EqualityExpression	tm != ( ( void * ) 0 )		1119	0		!=			
ANR	1127	Identifier	tm		1119	0					
ANR	1128	CastExpression	( void * ) 0		1119	1					
ANR	1129	CastTarget	void *		1119	0					
ANR	1130	PrimaryExpression	0		1119	1					
ANR	1131	CompoundStatement		3:27:35:35	1119	1					
ANR	1132	ElseStatement	else		1119	0					
ANR	1133	CompoundStatement		5:9:52:52	1119	0					
ANR	1134	ExpressionStatement	"g_return_if_fail_warning ( ""Gimp-Base"" , __PRETTY_FUNCTION__ , ""tm != NULL"" )"	267:6:7464:7534	1119	0	True				
ANR	1135	CallExpression	"g_return_if_fail_warning ( ""Gimp-Base"" , __PRETTY_FUNCTION__ , ""tm != NULL"" )"		1119	0					
ANR	1136	Callee	g_return_if_fail_warning		1119	0					
ANR	1137	Identifier	g_return_if_fail_warning		1119	0					
ANR	1138	ArgumentList	"""Gimp-Base"""		1119	1					
ANR	1139	Argument	"""Gimp-Base"""		1119	0					
ANR	1140	PrimaryExpression	"""Gimp-Base"""		1119	0					
ANR	1141	Argument	__PRETTY_FUNCTION__		1119	1					
ANR	1142	Identifier	__PRETTY_FUNCTION__		1119	0					
ANR	1143	Argument	"""tm != NULL"""		1119	2					
ANR	1144	PrimaryExpression	"""tm != NULL"""		1119	0					
ANR	1145	ReturnStatement	return ( ( void * ) 0 ) ;	268:6:7542:7560	1119	1	True				
ANR	1146	CastExpression	( void * ) 0		1119	0					
ANR	1147	CastTarget	void *		1119	0					
ANR	1148	PrimaryExpression	0		1119	1					
ANR	1149	ExpressionStatement		270:4:7572:7572	1119	1	True				
ANR	1150	Condition	0	271:10:7584:7584	1119	1	True				
ANR	1151	PrimaryExpression	0		1119	0					
ANR	1152	ReturnStatement	"return tile_manager_get ( tm , tile_manager_get_tile_num ( tm , xpixel , ypixel ) , wantread , wantwrite ) ;"	272:2:7590:7680	1119	1	True				
ANR	1153	CallExpression	"tile_manager_get ( tm , tile_manager_get_tile_num ( tm , xpixel , ypixel ) , wantread , wantwrite )"		1119	0					
ANR	1154	Callee	tile_manager_get		1119	0					
ANR	1155	Identifier	tile_manager_get		1119	0					
ANR	1156	ArgumentList	tm		1119	1					
ANR	1157	Argument	tm		1119	0					
ANR	1158	Identifier	tm		1119	0					
ANR	1159	Argument	"tile_manager_get_tile_num ( tm , xpixel , ypixel )"		1119	1					
ANR	1160	CallExpression	"tile_manager_get_tile_num ( tm , xpixel , ypixel )"		1119	0					
ANR	1161	Callee	tile_manager_get_tile_num		1119	0					
ANR	1162	Identifier	tile_manager_get_tile_num		1119	0					
ANR	1163	ArgumentList	tm		1119	1					
ANR	1164	Argument	tm		1119	0					
ANR	1165	Identifier	tm		1119	0					
ANR	1166	Argument	xpixel		1119	1					
ANR	1167	Identifier	xpixel		1119	0					
ANR	1168	Argument	ypixel		1119	2					
ANR	1169	Identifier	ypixel		1119	0					
ANR	1170	Argument	wantread		1119	2					
ANR	1171	Identifier	wantread		1119	0					
ANR	1172	Argument	wantwrite		1119	3					
ANR	1173	Identifier	wantwrite		1119	0					
ANR	1174	ReturnType	Tile *		1119	1					
ANR	1175	Identifier	tile_manager_get_tile		1119	2					
ANR	1176	ParameterList	"TileManager * tm , gint xpixel , gint ypixel , gboolean wantread , gboolean wantwrite"		1119	3					
ANR	1177	Parameter	TileManager * tm	261:28:7325:7339	1119	0	True				
ANR	1178	ParameterType	TileManager *		1119	0					
ANR	1179	Identifier	tm		1119	1					
ANR	1180	Parameter	gint xpixel	261:44:7341:7351	1119	1	True				
ANR	1181	ParameterType	gint		1119	0					
ANR	1182	Identifier	xpixel		1119	1					
ANR	1183	Parameter	gint ypixel	261:56:7353:7363	1119	2	True				
ANR	1184	ParameterType	gint		1119	0					
ANR	1185	Identifier	ypixel		1119	1					
ANR	1186	Parameter	gboolean wantread	261:68:7365:7381	1119	3	True				
ANR	1187	ParameterType	gboolean		1119	0					
ANR	1188	Identifier	wantread		1119	1					
ANR	1189	Parameter	gboolean wantwrite	261:86:7383:7400	1119	4	True				
ANR	1190	ParameterType	gboolean		1119	0					
ANR	1191	Identifier	wantwrite		1119	1					
ANR	1192	CFGEntryNode	ENTRY		1119		True				
ANR	1193	CFGExitNode	EXIT		1119		True				
ANR	1194	Symbol	__PRETTY_FUNCTION__		1119						
ANR	1195	Symbol	tile_manager_get		1119						
ANR	1196	Symbol	wantread		1119						
ANR	1197	Symbol	tm		1119						
ANR	1198	Symbol	ypixel		1119						
ANR	1199	Symbol	wantwrite		1119						
ANR	1200	Symbol	tile_manager_get_tile_num		1119						
ANR	1201	Symbol	xpixel		1119						
ANR	1202	Function	tile_manager_get	275:0:7685:9746							
ANR	1203	FunctionDef	"tile_manager_get (TileManager * tm , gint tile_num , gboolean wantread , gboolean wantwrite)"		1202	0					
ANR	1204	CompoundStatement		276:0:7776:9746	1202	0					
ANR	1205	IdentifierDeclStatement	Tile * tile ;	277:2:7780:7790	1202	0	True				
ANR	1206	IdentifierDecl	* tile		1202	0					
ANR	1207	IdentifierDeclType	Tile *		1202	0					
ANR	1208	Identifier	tile		1202	1					
ANR	1209	IdentifierDeclStatement	gint ntiles ;	278:2:7794:7805	1202	1	True				
ANR	1210	IdentifierDecl	ntiles		1202	0					
ANR	1211	IdentifierDeclType	gint		1202	0					
ANR	1212	Identifier	ntiles		1202	1					
ANR	1213	DoStatement	do		1202	2					
ANR	1214	CompoundStatement		4:5:35:35	1202	0					
ANR	1215	IfStatement	if ( tm != ( ( void * ) 0 ) )		1202	0					
ANR	1216	Condition	tm != ( ( void * ) 0 )	280:8:7822:7838	1202	0	True				
ANR	1217	EqualityExpression	tm != ( ( void * ) 0 )		1202	0		!=			
ANR	1218	Identifier	tm		1202	0					
ANR	1219	CastExpression	( void * ) 0		1202	1					
ANR	1220	CastTarget	void *		1202	0					
ANR	1221	PrimaryExpression	0		1202	1					
ANR	1222	CompoundStatement		5:27:64:64	1202	1					
ANR	1223	ElseStatement	else		1202	0					
ANR	1224	CompoundStatement		7:9:81:81	1202	0					
ANR	1225	ExpressionStatement	"g_return_if_fail_warning ( ""Gimp-Base"" , __PRETTY_FUNCTION__ , ""tm != NULL"" )"	283:6:7866:7936	1202	0	True				
ANR	1226	CallExpression	"g_return_if_fail_warning ( ""Gimp-Base"" , __PRETTY_FUNCTION__ , ""tm != NULL"" )"		1202	0					
ANR	1227	Callee	g_return_if_fail_warning		1202	0					
ANR	1228	Identifier	g_return_if_fail_warning		1202	0					
ANR	1229	ArgumentList	"""Gimp-Base"""		1202	1					
ANR	1230	Argument	"""Gimp-Base"""		1202	0					
ANR	1231	PrimaryExpression	"""Gimp-Base"""		1202	0					
ANR	1232	Argument	__PRETTY_FUNCTION__		1202	1					
ANR	1233	Identifier	__PRETTY_FUNCTION__		1202	0					
ANR	1234	Argument	"""tm != NULL"""		1202	2					
ANR	1235	PrimaryExpression	"""tm != NULL"""		1202	0					
ANR	1236	ReturnStatement	return ( ( void * ) 0 ) ;	284:6:7944:7962	1202	1	True				
ANR	1237	CastExpression	( void * ) 0		1202	0					
ANR	1238	CastTarget	void *		1202	0					
ANR	1239	PrimaryExpression	0		1202	1					
ANR	1240	ExpressionStatement		286:4:7974:7974	1202	1	True				
ANR	1241	Condition	0	287:10:7986:7986	1202	1	True				
ANR	1242	PrimaryExpression	0		1202	0					
ANR	1243	ExpressionStatement	ntiles = tm -> ntile_rows * tm -> ntile_cols	288:2:7992:8036	1202	3	True				
ANR	1244	AssignmentExpression	ntiles = tm -> ntile_rows * tm -> ntile_cols		1202	0		=			
ANR	1245	Identifier	ntiles		1202	0					
ANR	1246	MultiplicativeExpression	tm -> ntile_rows * tm -> ntile_cols		1202	1		*			
ANR	1247	PtrMemberAccess	tm -> ntile_rows		1202	0					
ANR	1248	Identifier	tm		1202	0					
ANR	1249	Identifier	ntile_rows		1202	1					
ANR	1250	PtrMemberAccess	tm -> ntile_cols		1202	1					
ANR	1251	Identifier	tm		1202	0					
ANR	1252	Identifier	ntile_cols		1202	1					
ANR	1253	IfStatement	if ( tile_num < 0 || tile_num >= ntiles )		1202	4					
ANR	1254	Condition	tile_num < 0 || tile_num >= ntiles	289:6:8044:8077	1202	0	True				
ANR	1255	OrExpression	tile_num < 0 || tile_num >= ntiles		1202	0		||			
ANR	1256	RelationalExpression	tile_num < 0		1202	0		<			
ANR	1257	Identifier	tile_num		1202	0					
ANR	1258	PrimaryExpression	0		1202	1					
ANR	1259	RelationalExpression	tile_num >= ntiles		1202	1		>=			
ANR	1260	Identifier	tile_num		1202	0					
ANR	1261	Identifier	ntiles		1202	1					
ANR	1262	CompoundStatement		14:42:303:303	1202	1					
ANR	1263	ReturnStatement	return ( ( void * ) 0 ) ;	290:4:8086:8104	1202	0	True				
ANR	1264	CastExpression	( void * ) 0		1202	0					
ANR	1265	CastTarget	void *		1202	0					
ANR	1266	PrimaryExpression	0		1202	1					
ANR	1267	IfStatement	if ( ! tm -> tiles )		1202	5					
ANR	1268	Condition	! tm -> tiles	292:6:8116:8127	1202	0	True				
ANR	1269	UnaryOperationExpression	! tm -> tiles		1202	0					
ANR	1270	UnaryOperator	!		1202	0					
ANR	1271	PtrMemberAccess	tm -> tiles		1202	1					
ANR	1272	Identifier	tm		1202	0					
ANR	1273	Identifier	tiles		1202	1					
ANR	1274	CompoundStatement		17:20:353:353	1202	1					
ANR	1275	ExpressionStatement	tile_manager_allocate_tiles ( tm )	293:4:8136:8167	1202	0	True				
ANR	1276	CallExpression	tile_manager_allocate_tiles ( tm )		1202	0					
ANR	1277	Callee	tile_manager_allocate_tiles		1202	0					
ANR	1278	Identifier	tile_manager_allocate_tiles		1202	0					
ANR	1279	ArgumentList	tm		1202	1					
ANR	1280	Argument	tm		1202	0					
ANR	1281	Identifier	tm		1202	0					
ANR	1282	ExpressionStatement	tile = tm -> tiles [ tile_num ]	295:2:8175:8203	1202	6	True				
ANR	1283	AssignmentExpression	tile = tm -> tiles [ tile_num ]		1202	0		=			
ANR	1284	Identifier	tile		1202	0					
ANR	1285	ArrayIndexing	tm -> tiles [ tile_num ]		1202	1					
ANR	1286	PtrMemberAccess	tm -> tiles		1202	0					
ANR	1287	Identifier	tm		1202	0					
ANR	1288	Identifier	tiles		1202	1					
ANR	1289	Identifier	tile_num		1202	1					
ANR	1290	IfStatement	if ( wantwrite && ! wantread )		1202	7					
ANR	1291	Condition	wantwrite && ! wantread	296:6:8211:8232	1202	0	True				
ANR	1292	AndExpression	wantwrite && ! wantread		1202	0		&&			
ANR	1293	Identifier	wantwrite		1202	0					
ANR	1294	UnaryOperationExpression	! wantread		1202	1					
ANR	1295	UnaryOperator	!		1202	0					
ANR	1296	Identifier	wantread		1202	1					
ANR	1297	CompoundStatement		21:30:458:458	1202	1					
ANR	1298	ExpressionStatement	"g_log ( ""Gimp-Base"" , G_LOG_LEVEL_WARNING , ""WRITE-ONLY TILE... UNTESTED!"" )"	297:4:8241:8310	1202	0	True				
ANR	1299	CallExpression	"g_log ( ""Gimp-Base"" , G_LOG_LEVEL_WARNING , ""WRITE-ONLY TILE... UNTESTED!"" )"		1202	0					
ANR	1300	Callee	g_log		1202	0					
ANR	1301	Identifier	g_log		1202	0					
ANR	1302	ArgumentList	"""Gimp-Base"""		1202	1					
ANR	1303	Argument	"""Gimp-Base"""		1202	0					
ANR	1304	PrimaryExpression	"""Gimp-Base"""		1202	0					
ANR	1305	Argument	G_LOG_LEVEL_WARNING		1202	1					
ANR	1306	Identifier	G_LOG_LEVEL_WARNING		1202	0					
ANR	1307	Argument	"""WRITE-ONLY TILE... UNTESTED!"""		1202	2					
ANR	1308	PrimaryExpression	"""WRITE-ONLY TILE... UNTESTED!"""		1202	0					
ANR	1309	IfStatement	if ( wantread )		1202	8					
ANR	1310	Condition	wantread	301:6:8355:8362	1202	0	True				
ANR	1311	Identifier	wantread		1202	0					
ANR	1312	CompoundStatement		26:16:588:588	1202	1					
ANR	1313	IfStatement	if ( wantwrite )		1202	0					
ANR	1314	Condition	wantwrite	302:8:8375:8383	1202	0	True				
ANR	1315	Identifier	wantwrite		1202	0					
ANR	1316	CompoundStatement		27:19:609:609	1202	1					
ANR	1317	IfStatement	if ( tile_num == tm -> cached_num )		1202	0					
ANR	1318	Condition	tile_num == tm -> cached_num	303:10:8398:8425	1202	0	True				
ANR	1319	EqualityExpression	tile_num == tm -> cached_num		1202	0		==			
ANR	1320	Identifier	tile_num		1202	0					
ANR	1321	PtrMemberAccess	tm -> cached_num		1202	1					
ANR	1322	Identifier	tm		1202	0					
ANR	1323	Identifier	cached_num		1202	1					
ANR	1324	CompoundStatement		28:40:651:651	1202	1					
ANR	1325	ExpressionStatement	"tile_release ( tm -> cached_tile , 0 )"	304:8:8438:8471	1202	0	True				
ANR	1326	CallExpression	"tile_release ( tm -> cached_tile , 0 )"		1202	0					
ANR	1327	Callee	tile_release		1202	0					
ANR	1328	Identifier	tile_release		1202	0					
ANR	1329	ArgumentList	tm -> cached_tile		1202	1					
ANR	1330	Argument	tm -> cached_tile		1202	0					
ANR	1331	PtrMemberAccess	tm -> cached_tile		1202	0					
ANR	1332	Identifier	tm		1202	0					
ANR	1333	Identifier	cached_tile		1202	1					
ANR	1334	Argument	0		1202	1					
ANR	1335	PrimaryExpression	0		1202	0					
ANR	1336	ExpressionStatement	tm -> cached_tile = ( ( void * ) 0 )	305:8:8481:8512	1202	1	True				
ANR	1337	AssignmentExpression	tm -> cached_tile = ( ( void * ) 0 )		1202	0		=			
ANR	1338	PtrMemberAccess	tm -> cached_tile		1202	0					
ANR	1339	Identifier	tm		1202	0					
ANR	1340	Identifier	cached_tile		1202	1					
ANR	1341	CastExpression	( void * ) 0		1202	1					
ANR	1342	CastTarget	void *		1202	0					
ANR	1343	PrimaryExpression	0		1202	1					
ANR	1344	ExpressionStatement	tm -> cached_num = - 1	306:8:8522:8544	1202	2	True				
ANR	1345	AssignmentExpression	tm -> cached_num = - 1		1202	0		=			
ANR	1346	PtrMemberAccess	tm -> cached_num		1202	0					
ANR	1347	Identifier	tm		1202	0					
ANR	1348	Identifier	cached_num		1202	1					
ANR	1349	UnaryOperationExpression	- 1		1202	1					
ANR	1350	UnaryOperator	-		1202	0					
ANR	1351	PrimaryExpression	1		1202	1					
ANR	1352	IfStatement	if ( tile -> share_count > 1 )		1202	1					
ANR	1353	Condition	tile -> share_count > 1	308:10:8564:8586	1202	0	True				
ANR	1354	RelationalExpression	tile -> share_count > 1		1202	0		>			
ANR	1355	PtrMemberAccess	tile -> share_count		1202	0					
ANR	1356	Identifier	tile		1202	0					
ANR	1357	Identifier	share_count		1202	1					
ANR	1358	PrimaryExpression	1		1202	1					
ANR	1359	CompoundStatement		33:35:812:812	1202	1					
ANR	1360	Statement	Tile	310:8:8628:8631	1202	0	True				
ANR	1361	Statement	*	310:13:8633:8633	1202	1	True				
ANR	1362	Statement	new	310:14:8634:8636	1202	2	True				
ANR	1363	Statement	=	310:18:8638:8638	1202	3	True				
ANR	1364	ExpressionStatement	tile_new ( ( tile -> bpp ) )	310:20:8640:8663	1202	4	True				
ANR	1365	CallExpression	tile_new ( ( tile -> bpp ) )		1202	0					
ANR	1366	Callee	tile_new		1202	0					
ANR	1367	Identifier	tile_new		1202	0					
ANR	1368	ArgumentList	tile -> bpp		1202	1					
ANR	1369	Argument	tile -> bpp		1202	0					
ANR	1370	PtrMemberAccess	tile -> bpp		1202	0					
ANR	1371	Identifier	tile		1202	0					
ANR	1372	Identifier	bpp		1202	1					
ANR	1373	Statement	new	311:8:8673:8675	1202	5	True				
ANR	1374	Statement	->	311:12:8677:8678	1202	6	True				
ANR	1375	ExpressionStatement	ewidth = tile -> ewidth	311:15:8680:8703	1202	7	True				
ANR	1376	AssignmentExpression	ewidth = tile -> ewidth		1202	0		=			
ANR	1377	Identifier	ewidth		1202	0					
ANR	1378	PtrMemberAccess	tile -> ewidth		1202	1					
ANR	1379	Identifier	tile		1202	0					
ANR	1380	Identifier	ewidth		1202	1					
ANR	1381	Statement	new	312:8:8713:8715	1202	8	True				
ANR	1382	Statement	->	312:12:8717:8718	1202	9	True				
ANR	1383	ExpressionStatement	eheight = tile -> eheight	312:15:8720:8745	1202	10	True				
ANR	1384	AssignmentExpression	eheight = tile -> eheight		1202	0		=			
ANR	1385	Identifier	eheight		1202	0					
ANR	1386	PtrMemberAccess	tile -> eheight		1202	1					
ANR	1387	Identifier	tile		1202	0					
ANR	1388	Identifier	eheight		1202	1					
ANR	1389	Statement	new	313:8:8755:8757	1202	11	True				
ANR	1390	Statement	->	313:12:8759:8760	1202	12	True				
ANR	1391	ExpressionStatement	valid = ( tile -> valid )	313:15:8762:8785	1202	13	True				
ANR	1392	AssignmentExpression	valid = ( tile -> valid )		1202	0		=			
ANR	1393	Identifier	valid		1202	0					
ANR	1394	PtrMemberAccess	tile -> valid		1202	1					
ANR	1395	Identifier	tile		1202	0					
ANR	1396	Identifier	valid		1202	1					
ANR	1397	Statement	new	314:8:8795:8797	1202	14	True				
ANR	1398	Statement	->	314:12:8799:8800	1202	15	True				
ANR	1399	Statement	size	314:15:8802:8805	1202	16	True				
ANR	1400	Statement	=	314:20:8807:8807	1202	17	True				
ANR	1401	Statement	(	314:22:8809:8809	1202	18	True				
ANR	1402	Statement	new	314:23:8810:8812	1202	19	True				
ANR	1403	Statement	->	314:27:8814:8815	1202	20	True				
ANR	1404	Statement	ewidth	314:30:8817:8822	1202	21	True				
ANR	1405	Statement	)	314:36:8823:8823	1202	22	True				
ANR	1406	Statement	*	314:38:8825:8825	1202	23	True				
ANR	1407	Statement	(	314:40:8827:8827	1202	24	True				
ANR	1408	Statement	new	314:41:8828:8830	1202	25	True				
ANR	1409	Statement	->	314:45:8832:8833	1202	26	True				
ANR	1410	Statement	eheight	314:48:8835:8841	1202	27	True				
ANR	1411	Statement	)	314:55:8842:8842	1202	28	True				
ANR	1412	Statement	*	314:57:8844:8844	1202	29	True				
ANR	1413	Statement	(	314:59:8846:8846	1202	30	True				
ANR	1414	Statement	new	314:60:8847:8849	1202	31	True				
ANR	1415	Statement	->	314:64:8851:8852	1202	32	True				
ANR	1416	Statement	bpp	314:67:8854:8856	1202	33	True				
ANR	1417	Statement	)	314:70:8857:8857	1202	34	True				
ANR	1418	ExpressionStatement		314:71:8858:8858	1202	35	True				
ANR	1419	Statement	new	315:8:8868:8870	1202	36	True				
ANR	1420	Statement	->	315:12:8872:8873	1202	37	True				
ANR	1421	Statement	data	315:15:8875:8878	1202	38	True				
ANR	1422	Statement	=	315:20:8880:8880	1202	39	True				
ANR	1423	Statement	(	315:22:8882:8882	1202	40	True				
ANR	1424	Statement	(	315:23:8883:8883	1202	41	True				
ANR	1425	Statement	guchar	315:24:8884:8889	1202	42	True				
ANR	1426	Statement	*	315:31:8891:8891	1202	43	True				
ANR	1427	Statement	)	315:32:8892:8892	1202	44	True				
ANR	1428	Statement	(	315:33:8893:8893	1202	45	True				
ANR	1429	Statement	g_malloc_n	315:34:8894:8903	1202	46	True				
ANR	1430	Statement	(	315:44:8904:8904	1202	47	True				
ANR	1431	Statement	(	315:45:8905:8905	1202	48	True				
ANR	1432	Statement	new	315:46:8906:8908	1202	49	True				
ANR	1433	Statement	->	315:50:8910:8911	1202	50	True				
ANR	1434	Statement	size	315:53:8913:8916	1202	51	True				
ANR	1435	Statement	)	315:57:8917:8917	1202	52	True				
ANR	1436	Statement	","	315:58:8918:8918	1202	53	True				
ANR	1437	Statement	sizeof	315:59:8919:8924	1202	54	True				
ANR	1438	Statement	(	315:65:8925:8925	1202	55	True				
ANR	1439	Statement	guchar	315:66:8926:8931	1202	56	True				
ANR	1440	Statement	)	315:73:8933:8933	1202	57	True				
ANR	1441	Statement	)	315:74:8934:8934	1202	58	True				
ANR	1442	Statement	)	315:75:8935:8935	1202	59	True				
ANR	1443	Statement	)	315:76:8936:8936	1202	60	True				
ANR	1444	ExpressionStatement		315:77:8937:8937	1202	61	True				
ANR	1445	IfStatement	if ( tile -> rowhint )		1202	62					
ANR	1446	Condition	tile -> rowhint	318:12:8980:8994	1202	0	True				
ANR	1447	PtrMemberAccess	tile -> rowhint		1202	0					
ANR	1448	Identifier	tile		1202	0					
ANR	1449	Identifier	rowhint		1202	1					
ANR	1450	CompoundStatement		43:29:1220:1220	1202	1					
ANR	1451	Statement	tile_allocate_rowhints	319:10:9009:9030	1202	0	True				
ANR	1452	Statement	(	319:32:9031:9031	1202	1	True				
ANR	1453	Statement	new	319:33:9032:9034	1202	2	True				
ANR	1454	Statement	)	319:36:9035:9035	1202	3	True				
ANR	1455	ExpressionStatement		319:37:9036:9036	1202	4	True				
ANR	1456	Statement	memcpy	320:10:9048:9053	1202	5	True				
ANR	1457	Statement	(	320:16:9054:9054	1202	6	True				
ANR	1458	Statement	(	320:17:9055:9055	1202	7	True				
ANR	1459	Statement	new	320:18:9056:9058	1202	8	True				
ANR	1460	Statement	->	320:22:9060:9061	1202	9	True				
ANR	1461	Statement	rowhint	320:25:9063:9069	1202	10	True				
ANR	1462	Statement	)	320:32:9070:9070	1202	11	True				
ANR	1463	Statement	","	320:33:9071:9071	1202	12	True				
ANR	1464	Statement	(	320:34:9072:9072	1202	13	True				
ANR	1465	Statement	tile	320:35:9073:9076	1202	14	True				
ANR	1466	Statement	->	320:40:9078:9079	1202	15	True				
ANR	1467	Statement	rowhint	320:43:9081:9087	1202	16	True				
ANR	1468	Statement	)	320:50:9088:9088	1202	17	True				
ANR	1469	Statement	","	320:51:9089:9089	1202	18	True				
ANR	1470	Statement	(	320:52:9090:9090	1202	19	True				
ANR	1471	Statement	new	320:53:9091:9093	1202	20	True				
ANR	1472	Statement	->	320:57:9095:9096	1202	21	True				
ANR	1473	Statement	eheight	320:60:9098:9104	1202	22	True				
ANR	1474	Statement	)	320:67:9105:9105	1202	23	True				
ANR	1475	Statement	*	320:69:9107:9107	1202	24	True				
ANR	1476	Statement	sizeof	320:71:9109:9114	1202	25	True				
ANR	1477	Statement	(	320:77:9115:9115	1202	26	True				
ANR	1478	Statement	TileRowHint	320:78:9116:9126	1202	27	True				
ANR	1479	Statement	)	320:90:9128:9128	1202	28	True				
ANR	1480	Statement	)	320:91:9129:9129	1202	29	True				
ANR	1481	ExpressionStatement		320:92:9130:9130	1202	30	True				
ANR	1482	IfStatement	if ( tile -> data )		1202	63					
ANR	1483	Condition	tile -> data	322:12:9154:9165	1202	0	True				
ANR	1484	PtrMemberAccess	tile -> data		1202	0					
ANR	1485	Identifier	tile		1202	0					
ANR	1486	Identifier	data		1202	1					
ANR	1487	CompoundStatement		47:26:1391:1391	1202	1					
ANR	1488	Statement	memcpy	323:10:9180:9185	1202	0	True				
ANR	1489	Statement	(	323:16:9186:9186	1202	1	True				
ANR	1490	Statement	(	323:17:9187:9187	1202	2	True				
ANR	1491	Statement	new	323:18:9188:9190	1202	3	True				
ANR	1492	Statement	->	323:22:9192:9193	1202	4	True				
ANR	1493	Statement	data	323:25:9195:9198	1202	5	True				
ANR	1494	Statement	)	323:29:9199:9199	1202	6	True				
ANR	1495	Statement	","	323:30:9200:9200	1202	7	True				
ANR	1496	Statement	(	323:31:9201:9201	1202	8	True				
ANR	1497	Statement	tile	323:32:9202:9205	1202	9	True				
ANR	1498	Statement	->	323:37:9207:9208	1202	10	True				
ANR	1499	Statement	data	323:40:9210:9213	1202	11	True				
ANR	1500	Statement	)	323:44:9214:9214	1202	12	True				
ANR	1501	Statement	","	323:45:9215:9215	1202	13	True				
ANR	1502	Statement	(	323:46:9216:9216	1202	14	True				
ANR	1503	Statement	new	323:47:9217:9219	1202	15	True				
ANR	1504	Statement	->	323:51:9221:9222	1202	16	True				
ANR	1505	Statement	size	323:54:9224:9227	1202	17	True				
ANR	1506	Statement	)	323:58:9228:9228	1202	18	True				
ANR	1507	Statement	)	323:59:9229:9229	1202	19	True				
ANR	1508	ExpressionStatement		323:60:9230:9230	1202	20	True				
ANR	1509	ElseStatement	else		1202	0					
ANR	1510	CompoundStatement		50:13:1478:1478	1202	0					
ANR	1511	ExpressionStatement	tile_lock ( tile )	326:10:9267:9282	1202	0	True				
ANR	1512	CallExpression	tile_lock ( tile )		1202	0					
ANR	1513	Callee	tile_lock		1202	0					
ANR	1514	Identifier	tile_lock		1202	0					
ANR	1515	ArgumentList	tile		1202	1					
ANR	1516	Argument	tile		1202	0					
ANR	1517	Identifier	tile		1202	0					
ANR	1518	Statement	memcpy	327:10:9294:9299	1202	1	True				
ANR	1519	Statement	(	327:16:9300:9300	1202	2	True				
ANR	1520	Statement	(	327:17:9301:9301	1202	3	True				
ANR	1521	Statement	new	327:18:9302:9304	1202	4	True				
ANR	1522	Statement	->	327:22:9306:9307	1202	5	True				
ANR	1523	Statement	data	327:25:9309:9312	1202	6	True				
ANR	1524	Statement	)	327:29:9313:9313	1202	7	True				
ANR	1525	Statement	","	327:30:9314:9314	1202	8	True				
ANR	1526	Statement	(	327:31:9315:9315	1202	9	True				
ANR	1527	Statement	tile	327:32:9316:9319	1202	10	True				
ANR	1528	Statement	->	327:37:9321:9322	1202	11	True				
ANR	1529	Statement	data	327:40:9324:9327	1202	12	True				
ANR	1530	Statement	)	327:44:9328:9328	1202	13	True				
ANR	1531	Statement	","	327:45:9329:9329	1202	14	True				
ANR	1532	Statement	(	327:46:9330:9330	1202	15	True				
ANR	1533	Statement	new	327:47:9331:9333	1202	16	True				
ANR	1534	Statement	->	327:51:9335:9336	1202	17	True				
ANR	1535	Statement	size	327:54:9338:9341	1202	18	True				
ANR	1536	Statement	)	327:58:9342:9342	1202	19	True				
ANR	1537	Statement	)	327:59:9343:9343	1202	20	True				
ANR	1538	ExpressionStatement		327:60:9344:9344	1202	21	True				
ANR	1539	ExpressionStatement	"tile_release ( tile , 0 )"	328:10:9356:9376	1202	22	True				
ANR	1540	CallExpression	"tile_release ( tile , 0 )"		1202	0					
ANR	1541	Callee	tile_release		1202	0					
ANR	1542	Identifier	tile_release		1202	0					
ANR	1543	ArgumentList	tile		1202	1					
ANR	1544	Argument	tile		1202	0					
ANR	1545	Identifier	tile		1202	0					
ANR	1546	Argument	0		1202	1					
ANR	1547	PrimaryExpression	0		1202	0					
ANR	1548	ExpressionStatement	"tile_detach ( tile , tm , tile_num )"	330:8:9396:9425	1202	64	True				
ANR	1549	CallExpression	"tile_detach ( tile , tm , tile_num )"		1202	0					
ANR	1550	Callee	tile_detach		1202	0					
ANR	1551	Identifier	tile_detach		1202	0					
ANR	1552	ArgumentList	tile		1202	1					
ANR	1553	Argument	tile		1202	0					
ANR	1554	Identifier	tile		1202	0					
ANR	1555	Argument	tm		1202	1					
ANR	1556	Identifier	tm		1202	0					
ANR	1557	Argument	tile_num		1202	2					
ANR	1558	Identifier	tile_num		1202	0					
ANR	1559	Statement	tile_attach	331:8:9435:9445	1202	65	True				
ANR	1560	Statement	(	331:19:9446:9446	1202	66	True				
ANR	1561	Statement	new	331:20:9447:9449	1202	67	True				
ANR	1562	Statement	","	331:23:9450:9450	1202	68	True				
ANR	1563	Statement	tm	331:24:9451:9452	1202	69	True				
ANR	1564	Statement	","	331:26:9453:9453	1202	70	True				
ANR	1565	Statement	tile_num	331:27:9454:9461	1202	71	True				
ANR	1566	Statement	)	331:35:9462:9462	1202	72	True				
ANR	1567	ExpressionStatement		331:36:9463:9463	1202	73	True				
ANR	1568	Statement	tile	332:8:9473:9476	1202	74	True				
ANR	1569	Statement	=	332:13:9478:9478	1202	75	True				
ANR	1570	Statement	new	332:15:9480:9482	1202	76	True				
ANR	1571	ExpressionStatement		332:18:9483:9483	1202	77	True				
ANR	1572	ExpressionStatement	tm -> tiles [ tile_num ] = tile	333:8:9493:9521	1202	78	True				
ANR	1573	AssignmentExpression	tm -> tiles [ tile_num ] = tile		1202	0		=			
ANR	1574	ArrayIndexing	tm -> tiles [ tile_num ]		1202	0					
ANR	1575	PtrMemberAccess	tm -> tiles		1202	0					
ANR	1576	Identifier	tm		1202	0					
ANR	1577	Identifier	tiles		1202	1					
ANR	1578	Identifier	tile_num		1202	1					
ANR	1579	Identifier	tile		1202	1					
ANR	1580	ExpressionStatement	tile_lock ( tile )	336:6:9574:9589	1202	2	True				
ANR	1581	CallExpression	tile_lock ( tile )		1202	0					
ANR	1582	Callee	tile_lock		1202	0					
ANR	1583	Identifier	tile_lock		1202	0					
ANR	1584	ArgumentList	tile		1202	1					
ANR	1585	Argument	tile		1202	0					
ANR	1586	Identifier	tile		1202	0					
ANR	1587	ExpressionStatement	tile -> write_count ++	337:6:9597:9618	1202	3	True				
ANR	1588	PostIncDecOperationExpression	tile -> write_count ++		1202	0					
ANR	1589	PtrMemberAccess	tile -> write_count		1202	0					
ANR	1590	Identifier	tile		1202	0					
ANR	1591	Identifier	write_count		1202	1					
ANR	1592	IncDec	++		1202	1					
ANR	1593	ExpressionStatement	tile -> dirty = ( ! 0 )	338:6:9626:9646	1202	4	True				
ANR	1594	AssignmentExpression	tile -> dirty = ( ! 0 )		1202	0		=			
ANR	1595	PtrMemberAccess	tile -> dirty		1202	0					
ANR	1596	Identifier	tile		1202	0					
ANR	1597	Identifier	dirty		1202	1					
ANR	1598	UnaryOperationExpression	! 0		1202	1					
ANR	1599	UnaryOperator	!		1202	0					
ANR	1600	PrimaryExpression	0		1202	1					
ANR	1601	ElseStatement	else		1202	0					
ANR	1602	CompoundStatement		65:9:1886:1886	1202	0					
ANR	1603	ExpressionStatement	tile_lock ( tile )	343:6:9704:9719	1202	0	True				
ANR	1604	CallExpression	tile_lock ( tile )		1202	0					
ANR	1605	Callee	tile_lock		1202	0					
ANR	1606	Identifier	tile_lock		1202	0					
ANR	1607	ArgumentList	tile		1202	1					
ANR	1608	Argument	tile		1202	0					
ANR	1609	Identifier	tile		1202	0					
ANR	1610	ReturnStatement	return tile ;	346:2:9733:9744	1202	9	True				
ANR	1611	Identifier	tile		1202	0					
ANR	1612	ReturnType	Tile *		1202	1					
ANR	1613	Identifier	tile_manager_get		1202	2					
ANR	1614	ParameterList	"TileManager * tm , gint tile_num , gboolean wantread , gboolean wantwrite"		1202	3					
ANR	1615	Parameter	TileManager * tm	275:23:7708:7722	1202	0	True				
ANR	1616	ParameterType	TileManager *		1202	0					
ANR	1617	Identifier	tm		1202	1					
ANR	1618	Parameter	gint tile_num	275:39:7724:7736	1202	1	True				
ANR	1619	ParameterType	gint		1202	0					
ANR	1620	Identifier	tile_num		1202	1					
ANR	1621	Parameter	gboolean wantread	275:53:7738:7754	1202	2	True				
ANR	1622	ParameterType	gboolean		1202	0					
ANR	1623	Identifier	wantread		1202	1					
ANR	1624	Parameter	gboolean wantwrite	275:71:7756:7773	1202	3	True				
ANR	1625	ParameterType	gboolean		1202	0					
ANR	1626	Identifier	wantwrite		1202	1					
ANR	1627	CFGEntryNode	ENTRY		1202		True				
ANR	1628	CFGExitNode	EXIT		1202		True				
ANR	1629	Symbol	* tile		1202						
ANR	1630	Symbol	eheight		1202						
ANR	1631	Symbol	tile -> rowhint		1202						
ANR	1632	Symbol	* tm -> tiles		1202						
ANR	1633	Symbol	tile -> eheight		1202						
ANR	1634	Symbol	tm -> cached_num		1202						
ANR	1635	Symbol	tile_num		1202						
ANR	1636	Symbol	tile -> share_count		1202						
ANR	1637	Symbol	wantwrite		1202						
ANR	1638	Symbol	tm -> cached_tile		1202						
ANR	1639	Symbol	valid		1202						
ANR	1640	Symbol	wantread		1202						
ANR	1641	Symbol	ewidth		1202						
ANR	1642	Symbol	tile		1202						
ANR	1643	Symbol	G_LOG_LEVEL_WARNING		1202						
ANR	1644	Symbol	tile -> ewidth		1202						
ANR	1645	Symbol	ntiles		1202						
ANR	1646	Symbol	__PRETTY_FUNCTION__		1202						
ANR	1647	Symbol	tile -> valid		1202						
ANR	1648	Symbol	tile -> write_count		1202						
ANR	1649	Symbol	tile -> data		1202						
ANR	1650	Symbol	tile -> bpp		1202						
ANR	1651	Symbol	tm -> tiles		1202						
ANR	1652	Symbol	* * tm		1202						
ANR	1653	Symbol	tm -> ntile_cols		1202						
ANR	1654	Symbol	* tile_num		1202						
ANR	1655	Symbol	tile -> dirty		1202						
ANR	1656	Symbol	tm		1202						
ANR	1657	Symbol	* tm		1202						
ANR	1658	Symbol	tm -> ntile_rows		1202						
ANR	1659	Function	tile_manager_get_at	349:0:9749:10261							
ANR	1660	FunctionDef	"tile_manager_get_at (TileManager * tm , gint tile_col , gint tile_row , gboolean wantread , gboolean wantwrite)"		1659	0					
ANR	1661	CompoundStatement		350:0:9857:10261	1659	0					
ANR	1662	DoStatement	do		1659	0					
ANR	1663	CompoundStatement		2:5:6:6	1659	0					
ANR	1664	IfStatement	if ( tm != ( ( void * ) 0 ) )		1659	0					
ANR	1665	Condition	tm != ( ( void * ) 0 )	352:8:9874:9890	1659	0	True				
ANR	1666	EqualityExpression	tm != ( ( void * ) 0 )		1659	0		!=			
ANR	1667	Identifier	tm		1659	0					
ANR	1668	CastExpression	( void * ) 0		1659	1					
ANR	1669	CastTarget	void *		1659	0					
ANR	1670	PrimaryExpression	0		1659	1					
ANR	1671	CompoundStatement		3:27:35:35	1659	1					
ANR	1672	ElseStatement	else		1659	0					
ANR	1673	CompoundStatement		5:9:52:52	1659	0					
ANR	1674	ExpressionStatement	"g_return_if_fail_warning ( ""Gimp-Base"" , __PRETTY_FUNCTION__ , ""tm != NULL"" )"	355:6:9918:9988	1659	0	True				
ANR	1675	CallExpression	"g_return_if_fail_warning ( ""Gimp-Base"" , __PRETTY_FUNCTION__ , ""tm != NULL"" )"		1659	0					
ANR	1676	Callee	g_return_if_fail_warning		1659	0					
ANR	1677	Identifier	g_return_if_fail_warning		1659	0					
ANR	1678	ArgumentList	"""Gimp-Base"""		1659	1					
ANR	1679	Argument	"""Gimp-Base"""		1659	0					
ANR	1680	PrimaryExpression	"""Gimp-Base"""		1659	0					
ANR	1681	Argument	__PRETTY_FUNCTION__		1659	1					
ANR	1682	Identifier	__PRETTY_FUNCTION__		1659	0					
ANR	1683	Argument	"""tm != NULL"""		1659	2					
ANR	1684	PrimaryExpression	"""tm != NULL"""		1659	0					
ANR	1685	ReturnStatement	return ( ( void * ) 0 ) ;	356:6:9996:10014	1659	1	True				
ANR	1686	CastExpression	( void * ) 0		1659	0					
ANR	1687	CastTarget	void *		1659	0					
ANR	1688	PrimaryExpression	0		1659	1					
ANR	1689	ExpressionStatement		358:4:10026:10026	1659	1	True				
ANR	1690	Condition	0	359:10:10038:10038	1659	1	True				
ANR	1691	PrimaryExpression	0		1659	0					
ANR	1692	IfStatement	if ( tile_col < 0 || tile_col >= tm -> ntile_cols || tile_row < 0 || tile_row >= tm -> ntile_rows )		1659	1					
ANR	1693	Condition	tile_col < 0 || tile_col >= tm -> ntile_cols || tile_row < 0 || tile_row >= tm -> ntile_rows	360:6:10048:10139	1659	0	True				
ANR	1694	OrExpression	tile_col < 0 || tile_col >= tm -> ntile_cols || tile_row < 0 || tile_row >= tm -> ntile_rows		1659	0		||			
ANR	1695	RelationalExpression	tile_col < 0		1659	0		<			
ANR	1696	Identifier	tile_col		1659	0					
ANR	1697	PrimaryExpression	0		1659	1					
ANR	1698	OrExpression	tile_col >= tm -> ntile_cols || tile_row < 0 || tile_row >= tm -> ntile_rows		1659	1		||			
ANR	1699	RelationalExpression	tile_col >= tm -> ntile_cols		1659	0		>=			
ANR	1700	Identifier	tile_col		1659	0					
ANR	1701	PtrMemberAccess	tm -> ntile_cols		1659	1					
ANR	1702	Identifier	tm		1659	0					
ANR	1703	Identifier	ntile_cols		1659	1					
ANR	1704	OrExpression	tile_row < 0 || tile_row >= tm -> ntile_rows		1659	1		||			
ANR	1705	RelationalExpression	tile_row < 0		1659	0		<			
ANR	1706	Identifier	tile_row		1659	0					
ANR	1707	PrimaryExpression	0		1659	1					
ANR	1708	RelationalExpression	tile_row >= tm -> ntile_rows		1659	1		>=			
ANR	1709	Identifier	tile_row		1659	0					
ANR	1710	PtrMemberAccess	tm -> ntile_rows		1659	1					
ANR	1711	Identifier	tm		1659	0					
ANR	1712	Identifier	ntile_rows		1659	1					
ANR	1713	CompoundStatement		11:100:284:284	1659	1					
ANR	1714	ReturnStatement	return ( ( void * ) 0 ) ;	361:4:10148:10166	1659	0	True				
ANR	1715	CastExpression	( void * ) 0		1659	0					
ANR	1716	CastTarget	void *		1659	0					
ANR	1717	PrimaryExpression	0		1659	1					
ANR	1718	ReturnStatement	"return tile_manager_get ( tm , tile_row * tm -> ntile_cols + tile_col , wantread , wantwrite ) ;"	363:2:10174:10259	1659	2	True				
ANR	1719	CallExpression	"tile_manager_get ( tm , tile_row * tm -> ntile_cols + tile_col , wantread , wantwrite )"		1659	0					
ANR	1720	Callee	tile_manager_get		1659	0					
ANR	1721	Identifier	tile_manager_get		1659	0					
ANR	1722	ArgumentList	tm		1659	1					
ANR	1723	Argument	tm		1659	0					
ANR	1724	Identifier	tm		1659	0					
ANR	1725	Argument	tile_row * tm -> ntile_cols + tile_col		1659	1					
ANR	1726	AdditiveExpression	tile_row * tm -> ntile_cols + tile_col		1659	0		+			
ANR	1727	MultiplicativeExpression	tile_row * tm -> ntile_cols		1659	0		*			
ANR	1728	Identifier	tile_row		1659	0					
ANR	1729	PtrMemberAccess	tm -> ntile_cols		1659	1					
ANR	1730	Identifier	tm		1659	0					
ANR	1731	Identifier	ntile_cols		1659	1					
ANR	1732	Identifier	tile_col		1659	1					
ANR	1733	Argument	wantread		1659	2					
ANR	1734	Identifier	wantread		1659	0					
ANR	1735	Argument	wantwrite		1659	3					
ANR	1736	Identifier	wantwrite		1659	0					
ANR	1737	ReturnType	Tile *		1659	1					
ANR	1738	Identifier	tile_manager_get_at		1659	2					
ANR	1739	ParameterList	"TileManager * tm , gint tile_col , gint tile_row , gboolean wantread , gboolean wantwrite"		1659	3					
ANR	1740	Parameter	TileManager * tm	349:26:9775:9789	1659	0	True				
ANR	1741	ParameterType	TileManager *		1659	0					
ANR	1742	Identifier	tm		1659	1					
ANR	1743	Parameter	gint tile_col	349:42:9791:9803	1659	1	True				
ANR	1744	ParameterType	gint		1659	0					
ANR	1745	Identifier	tile_col		1659	1					
ANR	1746	Parameter	gint tile_row	349:56:9805:9817	1659	2	True				
ANR	1747	ParameterType	gint		1659	0					
ANR	1748	Identifier	tile_row		1659	1					
ANR	1749	Parameter	gboolean wantread	349:70:9819:9835	1659	3	True				
ANR	1750	ParameterType	gboolean		1659	0					
ANR	1751	Identifier	wantread		1659	1					
ANR	1752	Parameter	gboolean wantwrite	349:88:9837:9854	1659	4	True				
ANR	1753	ParameterType	gboolean		1659	0					
ANR	1754	Identifier	wantwrite		1659	1					
ANR	1755	CFGEntryNode	ENTRY		1659		True				
ANR	1756	CFGExitNode	EXIT		1659		True				
ANR	1757	Symbol	__PRETTY_FUNCTION__		1659						
ANR	1758	Symbol	tile_manager_get		1659						
ANR	1759	Symbol	tile_col		1659						
ANR	1760	Symbol	wantread		1659						
ANR	1761	Symbol	tile_row		1659						
ANR	1762	Symbol	tm		1659						
ANR	1763	Symbol	wantwrite		1659						
ANR	1764	Symbol	tm -> ntile_cols		1659						
ANR	1765	Symbol	* tm		1659						
ANR	1766	Symbol	tm -> ntile_rows		1659						
ANR	1767	Function	tile_manager_validate_tile	366:0:10264:10925							
ANR	1768	FunctionDef	"tile_manager_validate_tile (TileManager * tm , Tile * tile)"		1767	0					
ANR	1769	CompoundStatement		367:0:10324:10925	1767	0					
ANR	1770	DoStatement	do		1767	0					
ANR	1771	CompoundStatement		2:5:6:6	1767	0					
ANR	1772	IfStatement	if ( tm != ( ( void * ) 0 ) )		1767	0					
ANR	1773	Condition	tm != ( ( void * ) 0 )	369:8:10341:10357	1767	0	True				
ANR	1774	EqualityExpression	tm != ( ( void * ) 0 )		1767	0		!=			
ANR	1775	Identifier	tm		1767	0					
ANR	1776	CastExpression	( void * ) 0		1767	1					
ANR	1777	CastTarget	void *		1767	0					
ANR	1778	PrimaryExpression	0		1767	1					
ANR	1779	CompoundStatement		3:27:35:35	1767	1					
ANR	1780	ElseStatement	else		1767	0					
ANR	1781	CompoundStatement		5:9:52:52	1767	0					
ANR	1782	ExpressionStatement	"g_return_if_fail_warning ( ""Gimp-Base"" , __PRETTY_FUNCTION__ , ""tm != NULL"" )"	372:6:10385:10455	1767	0	True				
ANR	1783	CallExpression	"g_return_if_fail_warning ( ""Gimp-Base"" , __PRETTY_FUNCTION__ , ""tm != NULL"" )"		1767	0					
ANR	1784	Callee	g_return_if_fail_warning		1767	0					
ANR	1785	Identifier	g_return_if_fail_warning		1767	0					
ANR	1786	ArgumentList	"""Gimp-Base"""		1767	1					
ANR	1787	Argument	"""Gimp-Base"""		1767	0					
ANR	1788	PrimaryExpression	"""Gimp-Base"""		1767	0					
ANR	1789	Argument	__PRETTY_FUNCTION__		1767	1					
ANR	1790	Identifier	__PRETTY_FUNCTION__		1767	0					
ANR	1791	Argument	"""tm != NULL"""		1767	2					
ANR	1792	PrimaryExpression	"""tm != NULL"""		1767	0					
ANR	1793	ReturnStatement	return ;	373:6:10463:10470	1767	1	True				
ANR	1794	ExpressionStatement		375:4:10482:10482	1767	1	True				
ANR	1795	Condition	0	376:10:10494:10494	1767	1	True				
ANR	1796	PrimaryExpression	0		1767	0					
ANR	1797	DoStatement	do		1767	1					
ANR	1798	CompoundStatement		11:5:178:178	1767	0					
ANR	1799	IfStatement	if ( tile != ( ( void * ) 0 ) )		1767	0					
ANR	1800	Condition	tile != ( ( void * ) 0 )	378:8:10513:10531	1767	0	True				
ANR	1801	EqualityExpression	tile != ( ( void * ) 0 )		1767	0		!=			
ANR	1802	Identifier	tile		1767	0					
ANR	1803	CastExpression	( void * ) 0		1767	1					
ANR	1804	CastTarget	void *		1767	0					
ANR	1805	PrimaryExpression	0		1767	1					
ANR	1806	CompoundStatement		12:29:209:209	1767	1					
ANR	1807	ElseStatement	else		1767	0					
ANR	1808	CompoundStatement		14:9:226:226	1767	0					
ANR	1809	ExpressionStatement	"g_return_if_fail_warning ( ""Gimp-Base"" , __PRETTY_FUNCTION__ , ""tile != NULL"" )"	381:6:10559:10631	1767	0	True				
ANR	1810	CallExpression	"g_return_if_fail_warning ( ""Gimp-Base"" , __PRETTY_FUNCTION__ , ""tile != NULL"" )"		1767	0					
ANR	1811	Callee	g_return_if_fail_warning		1767	0					
ANR	1812	Identifier	g_return_if_fail_warning		1767	0					
ANR	1813	ArgumentList	"""Gimp-Base"""		1767	1					
ANR	1814	Argument	"""Gimp-Base"""		1767	0					
ANR	1815	PrimaryExpression	"""Gimp-Base"""		1767	0					
ANR	1816	Argument	__PRETTY_FUNCTION__		1767	1					
ANR	1817	Identifier	__PRETTY_FUNCTION__		1767	0					
ANR	1818	Argument	"""tile != NULL"""		1767	2					
ANR	1819	PrimaryExpression	"""tile != NULL"""		1767	0					
ANR	1820	ReturnStatement	return ;	382:6:10639:10646	1767	1	True				
ANR	1821	ExpressionStatement		384:4:10658:10658	1767	1	True				
ANR	1822	Condition	0	385:10:10670:10670	1767	1	True				
ANR	1823	PrimaryExpression	0		1767	0					
ANR	1824	ExpressionStatement	tile -> valid = ( ! 0 )	386:2:10676:10696	1767	2	True				
ANR	1825	AssignmentExpression	tile -> valid = ( ! 0 )		1767	0		=			
ANR	1826	PtrMemberAccess	tile -> valid		1767	0					
ANR	1827	Identifier	tile		1767	0					
ANR	1828	Identifier	valid		1767	1					
ANR	1829	UnaryOperationExpression	! 0		1767	1					
ANR	1830	UnaryOperator	!		1767	0					
ANR	1831	PrimaryExpression	0		1767	1					
ANR	1832	IfStatement	if ( tm -> validate_proc )		1767	3					
ANR	1833	Condition	tm -> validate_proc	387:6:10704:10722	1767	0	True				
ANR	1834	PtrMemberAccess	tm -> validate_proc		1767	0					
ANR	1835	Identifier	tm		1767	0					
ANR	1836	Identifier	validate_proc		1767	1					
ANR	1837	CompoundStatement		21:27:400:400	1767	1					
ANR	1838	ExpressionStatement	"( * tm -> validate_proc ) ( tm , tile , tm -> user_data )"	388:4:10731:10779	1767	0	True				
ANR	1839	CallExpression	"( * tm -> validate_proc ) ( tm , tile , tm -> user_data )"		1767	0					
ANR	1840	Callee	* tm -> validate_proc		1767	0					
ANR	1841	UnaryOperationExpression	* tm -> validate_proc		1767	0					
ANR	1842	UnaryOperator	*		1767	0					
ANR	1843	PtrMemberAccess	tm -> validate_proc		1767	1					
ANR	1844	Identifier	tm		1767	0					
ANR	1845	Identifier	validate_proc		1767	1					
ANR	1846	ArgumentList	tm		1767	1					
ANR	1847	Argument	tm		1767	0					
ANR	1848	Identifier	tm		1767	0					
ANR	1849	Argument	tile		1767	1					
ANR	1850	Identifier	tile		1767	0					
ANR	1851	Argument	tm -> user_data		1767	2					
ANR	1852	PtrMemberAccess	tm -> user_data		1767	0					
ANR	1853	Identifier	tm		1767	0					
ANR	1854	Identifier	user_data		1767	1					
ANR	1855	ElseStatement	else		1767	0					
ANR	1856	CompoundStatement		24:7:467:467	1767	0					
ANR	1857	ExpressionStatement	"memset ( ( tile -> data ) , 0 , ( tile_size ( tile ) ) )"	392:4:10844:10886	1767	0	True				
ANR	1858	CallExpression	"memset ( ( tile -> data ) , 0 , ( tile_size ( tile ) ) )"		1767	0					
ANR	1859	Callee	memset		1767	0					
ANR	1860	Identifier	memset		1767	0					
ANR	1861	ArgumentList	tile -> data		1767	1					
ANR	1862	Argument	tile -> data		1767	0					
ANR	1863	PtrMemberAccess	tile -> data		1767	0					
ANR	1864	Identifier	tile		1767	0					
ANR	1865	Identifier	data		1767	1					
ANR	1866	Argument	0		1767	1					
ANR	1867	PrimaryExpression	0		1767	0					
ANR	1868	Argument	tile_size ( tile )		1767	2					
ANR	1869	CallExpression	tile_size ( tile )		1767	0					
ANR	1870	Callee	tile_size		1767	0					
ANR	1871	Identifier	tile_size		1767	0					
ANR	1872	ArgumentList	tile		1767	1					
ANR	1873	Argument	tile		1767	0					
ANR	1874	Identifier	tile		1767	0					
ANR	1875	ReturnType	void		1767	1					
ANR	1876	Identifier	tile_manager_validate_tile		1767	2					
ANR	1877	ParameterList	"TileManager * tm , Tile * tile"		1767	3					
ANR	1878	Parameter	TileManager * tm	366:32:10296:10310	1767	0	True				
ANR	1879	ParameterType	TileManager *		1767	0					
ANR	1880	Identifier	tm		1767	1					
ANR	1881	Parameter	Tile * tile	366:48:10312:10321	1767	1	True				
ANR	1882	ParameterType	Tile *		1767	0					
ANR	1883	Identifier	tile		1767	1					
ANR	1884	CFGEntryNode	ENTRY		1767		True				
ANR	1885	CFGExitNode	EXIT		1767		True				
ANR	1886	Symbol	* tile		1767						
ANR	1887	Symbol	__PRETTY_FUNCTION__		1767						
ANR	1888	Symbol	tm -> validate_proc		1767						
ANR	1889	Symbol	tile -> valid		1767						
ANR	1890	Symbol	tile -> data		1767						
ANR	1891	Symbol	tile		1767						
ANR	1892	Symbol	tm		1767						
ANR	1893	Symbol	tm -> user_data		1767						
ANR	1894	Symbol	tile_size		1767						
ANR	1895	Symbol	* tm		1767						
ANR	1896	Function	tile_manager_allocate_tiles	398:0:10928:11921							
ANR	1897	FunctionDef	tile_manager_allocate_tiles (TileManager * tm)		1896	0					
ANR	1898	CompoundStatement		399:0:10985:11921	1896	0					
ANR	1899	IdentifierDeclStatement	Tile * * tiles ;	400:2:10989:11001	1896	0	True				
ANR	1900	IdentifierDecl	* * tiles		1896	0					
ANR	1901	IdentifierDeclType	Tile * *		1896	0					
ANR	1902	Identifier	tiles		1896	1					
ANR	1903	IdentifierDeclStatement	const gint nrows = tm -> ntile_rows ;	401:2:11005:11040	1896	1	True				
ANR	1904	IdentifierDecl	nrows = tm -> ntile_rows		1896	0					
ANR	1905	IdentifierDeclType	const gint		1896	0					
ANR	1906	Identifier	nrows		1896	1					
ANR	1907	AssignmentExpression	nrows = tm -> ntile_rows		1896	2		=			
ANR	1908	Identifier	nrows		1896	0					
ANR	1909	PtrMemberAccess	tm -> ntile_rows		1896	1					
ANR	1910	Identifier	tm		1896	0					
ANR	1911	Identifier	ntile_rows		1896	1					
ANR	1912	IdentifierDeclStatement	const gint ncols = tm -> ntile_cols ;	402:2:11044:11079	1896	2	True				
ANR	1913	IdentifierDecl	ncols = tm -> ntile_cols		1896	0					
ANR	1914	IdentifierDeclType	const gint		1896	0					
ANR	1915	Identifier	ncols		1896	1					
ANR	1916	AssignmentExpression	ncols = tm -> ntile_cols		1896	2		=			
ANR	1917	Identifier	ncols		1896	0					
ANR	1918	PtrMemberAccess	tm -> ntile_cols		1896	1					
ANR	1919	Identifier	tm		1896	0					
ANR	1920	Identifier	ntile_cols		1896	1					
ANR	1921	IdentifierDeclStatement	const gint right_tile = tm -> width - ( ncols - 1 ) * 64 ;	403:2:11083:11137	1896	3	True				
ANR	1922	IdentifierDecl	right_tile = tm -> width - ( ncols - 1 ) * 64		1896	0					
ANR	1923	IdentifierDeclType	const gint		1896	0					
ANR	1924	Identifier	right_tile		1896	1					
ANR	1925	AssignmentExpression	right_tile = tm -> width - ( ncols - 1 ) * 64		1896	2		=			
ANR	1926	Identifier	right_tile		1896	0					
ANR	1927	AdditiveExpression	tm -> width - ( ncols - 1 ) * 64		1896	1		-			
ANR	1928	PtrMemberAccess	tm -> width		1896	0					
ANR	1929	Identifier	tm		1896	0					
ANR	1930	Identifier	width		1896	1					
ANR	1931	MultiplicativeExpression	( ncols - 1 ) * 64		1896	1		*			
ANR	1932	AdditiveExpression	ncols - 1		1896	0		-			
ANR	1933	Identifier	ncols		1896	0					
ANR	1934	PrimaryExpression	1		1896	1					
ANR	1935	PrimaryExpression	64		1896	1					
ANR	1936	IdentifierDeclStatement	const gint bottom_tile = tm -> height - ( nrows - 1 ) * 64 ;	404:2:11141:11197	1896	4	True				
ANR	1937	IdentifierDecl	bottom_tile = tm -> height - ( nrows - 1 ) * 64		1896	0					
ANR	1938	IdentifierDeclType	const gint		1896	0					
ANR	1939	Identifier	bottom_tile		1896	1					
ANR	1940	AssignmentExpression	bottom_tile = tm -> height - ( nrows - 1 ) * 64		1896	2		=			
ANR	1941	Identifier	bottom_tile		1896	0					
ANR	1942	AdditiveExpression	tm -> height - ( nrows - 1 ) * 64		1896	1		-			
ANR	1943	PtrMemberAccess	tm -> height		1896	0					
ANR	1944	Identifier	tm		1896	0					
ANR	1945	Identifier	height		1896	1					
ANR	1946	MultiplicativeExpression	( nrows - 1 ) * 64		1896	1		*			
ANR	1947	AdditiveExpression	nrows - 1		1896	0		-			
ANR	1948	Identifier	nrows		1896	0					
ANR	1949	PrimaryExpression	1		1896	1					
ANR	1950	PrimaryExpression	64		1896	1					
ANR	1951	IdentifierDeclStatement	gint i ;	405:2:11201:11207	1896	5	True				
ANR	1952	IdentifierDecl	i		1896	0					
ANR	1953	IdentifierDeclType	gint		1896	0					
ANR	1954	Identifier	i		1896	1					
ANR	1955	IdentifierDeclStatement	gint j ;	406:2:11211:11217	1896	6	True				
ANR	1956	IdentifierDecl	j		1896	0					
ANR	1957	IdentifierDeclType	gint		1896	0					
ANR	1958	Identifier	j		1896	1					
ANR	1959	IdentifierDeclStatement	gint k ;	407:2:11221:11227	1896	7	True				
ANR	1960	IdentifierDecl	k		1896	0					
ANR	1961	IdentifierDeclType	gint		1896	0					
ANR	1962	Identifier	k		1896	1					
ANR	1963	DoStatement	do		1896	8					
ANR	1964	CompoundStatement		10:5:248:248	1896	0					
ANR	1965	IfStatement	if ( tm -> tiles == ( ( void * ) 0 ) )		1896	0					
ANR	1966	Condition	tm -> tiles == ( ( void * ) 0 )	409:8:11244:11269	1896	0	True				
ANR	1967	EqualityExpression	tm -> tiles == ( ( void * ) 0 )		1896	0		==			
ANR	1968	PtrMemberAccess	tm -> tiles		1896	0					
ANR	1969	Identifier	tm		1896	0					
ANR	1970	Identifier	tiles		1896	1					
ANR	1971	CastExpression	( void * ) 0		1896	1					
ANR	1972	CastTarget	void *		1896	0					
ANR	1973	PrimaryExpression	0		1896	1					
ANR	1974	CompoundStatement		11:36:286:286	1896	1					
ANR	1975	ExpressionStatement		410:6:11280:11280	1896	0	True				
ANR	1976	ElseStatement	else		1896	0					
ANR	1977	CompoundStatement		14:9:311:311	1896	0					
ANR	1978	ExpressionStatement	"g_assertion_message_expr ( ""Gimp-Base"" , ""tile-manager.c"" , 368 , ( ( const char * ) __func__ ) , ""tm->tiles == NULL"" )"	413:6:11305:11408	1896	0	True				
ANR	1979	CallExpression	"g_assertion_message_expr ( ""Gimp-Base"" , ""tile-manager.c"" , 368 , ( ( const char * ) __func__ ) , ""tm->tiles == NULL"" )"		1896	0					
ANR	1980	Callee	g_assertion_message_expr		1896	0					
ANR	1981	Identifier	g_assertion_message_expr		1896	0					
ANR	1982	ArgumentList	"""Gimp-Base"""		1896	1					
ANR	1983	Argument	"""Gimp-Base"""		1896	0					
ANR	1984	PrimaryExpression	"""Gimp-Base"""		1896	0					
ANR	1985	Argument	"""tile-manager.c"""		1896	1					
ANR	1986	PrimaryExpression	"""tile-manager.c"""		1896	0					
ANR	1987	Argument	368		1896	2					
ANR	1988	PrimaryExpression	368		1896	0					
ANR	1989	Argument	( const char * ) __func__		1896	3					
ANR	1990	CastExpression	( const char * ) __func__		1896	0					
ANR	1991	CastTarget	const char *		1896	0					
ANR	1992	Identifier	__func__		1896	1					
ANR	1993	Argument	"""tm->tiles == NULL"""		1896	4					
ANR	1994	PrimaryExpression	"""tm->tiles == NULL"""		1896	0					
ANR	1995	Condition	0	415:10:11426:11426	1896	1	True				
ANR	1996	PrimaryExpression	0		1896	0					
ANR	1997	ExpressionStatement	"tiles = ( ( Tile * * ) ( g_malloc_n ( ( nrows * ncols ) , sizeof ( Tile * ) ) ) )"	416:2:11432:11495	1896	9	True				
ANR	1998	AssignmentExpression	"tiles = ( ( Tile * * ) ( g_malloc_n ( ( nrows * ncols ) , sizeof ( Tile * ) ) ) )"		1896	0		=			
ANR	1999	Identifier	tiles		1896	0					
ANR	2000	CastExpression	"( Tile * * ) ( g_malloc_n ( ( nrows * ncols ) , sizeof ( Tile * ) ) )"		1896	1					
ANR	2001	CastTarget	Tile * *		1896	0					
ANR	2002	CallExpression	"g_malloc_n ( ( nrows * ncols ) , sizeof ( Tile * ) )"		1896	1					
ANR	2003	Callee	g_malloc_n		1896	0					
ANR	2004	Identifier	g_malloc_n		1896	0					
ANR	2005	ArgumentList	nrows * ncols		1896	1					
ANR	2006	Argument	nrows * ncols		1896	0					
ANR	2007	MultiplicativeExpression	nrows * ncols		1896	0		*			
ANR	2008	Identifier	nrows		1896	0					
ANR	2009	Identifier	ncols		1896	1					
ANR	2010	Argument	sizeof ( Tile * )		1896	1					
ANR	2011	SizeofExpression	sizeof ( Tile * )		1896	0					
ANR	2012	Sizeof	sizeof		1896	0					
ANR	2013	SizeofOperand	Tile *		1896	1					
ANR	2014	ForStatement	"for ( ( i = 0 , k = 0 ) ; i < nrows ; i ++ )"		1896	10					
ANR	2015	ForInit	"( i = 0 , k = 0 ) ;"	417:7:11504:11519	1896	0	True				
ANR	2016	Expression	"i = 0 , k = 0"		1896	0					
ANR	2017	AssignmentExpression	i = 0		1896	0		=			
ANR	2018	Identifier	i		1896	0					
ANR	2019	PrimaryExpression	0		1896	1					
ANR	2020	AssignmentExpression	k = 0		1896	1		=			
ANR	2021	Identifier	k		1896	0					
ANR	2022	PrimaryExpression	0		1896	1					
ANR	2023	Condition	i < nrows	417:24:11521:11529	1896	1	True				
ANR	2024	RelationalExpression	i < nrows		1896	0		<			
ANR	2025	Identifier	i		1896	0					
ANR	2026	Identifier	nrows		1896	1					
ANR	2027	PostIncDecOperationExpression	i ++	417:35:11532:11534	1896	2	True				
ANR	2028	Identifier	i		1896	0					
ANR	2029	IncDec	++		1896	1					
ANR	2030	CompoundStatement		19:40:551:551	1896	3					
ANR	2031	ForStatement	"for ( j = 0 ; j < ncols ; ( j ++ , k ++ ) )"		1896	0					
ANR	2032	ForInit	j = 0 ;	418:9:11548:11553	1896	0	True				
ANR	2033	AssignmentExpression	j = 0		1896	0		=			
ANR	2034	Identifier	j		1896	0					
ANR	2035	PrimaryExpression	0		1896	1					
ANR	2036	Condition	j < ncols	418:16:11555:11563	1896	1	True				
ANR	2037	RelationalExpression	j < ncols		1896	0		<			
ANR	2038	Identifier	j		1896	0					
ANR	2039	Identifier	ncols		1896	1					
ANR	2040	Expression	"j ++ , k ++"	418:28:11567:11575	1896	2	True				
ANR	2041	PostIncDecOperationExpression	j ++		1896	0					
ANR	2042	Identifier	j		1896	0					
ANR	2043	IncDec	++		1896	1					
ANR	2044	PostIncDecOperationExpression	k ++		1896	1					
ANR	2045	Identifier	k		1896	0					
ANR	2046	IncDec	++		1896	1					
ANR	2047	CompoundStatement		20:40:593:593	1896	3					
ANR	2048	Statement	Tile	419:6:11587:11590	1896	0	True				
ANR	2049	Statement	*	419:11:11592:11592	1896	1	True				
ANR	2050	Statement	new	419:12:11593:11595	1896	2	True				
ANR	2051	Statement	=	419:16:11597:11597	1896	3	True				
ANR	2052	ExpressionStatement	tile_new ( tm -> bpp )	419:18:11599:11618	1896	4	True				
ANR	2053	CallExpression	tile_new ( tm -> bpp )		1896	0					
ANR	2054	Callee	tile_new		1896	0					
ANR	2055	Identifier	tile_new		1896	0					
ANR	2056	ArgumentList	tm -> bpp		1896	1					
ANR	2057	Argument	tm -> bpp		1896	0					
ANR	2058	PtrMemberAccess	tm -> bpp		1896	0					
ANR	2059	Identifier	tm		1896	0					
ANR	2060	Identifier	bpp		1896	1					
ANR	2061	Statement	tile_attach	420:6:11626:11636	1896	5	True				
ANR	2062	Statement	(	420:17:11637:11637	1896	6	True				
ANR	2063	Statement	new	420:18:11638:11640	1896	7	True				
ANR	2064	Statement	","	420:21:11641:11641	1896	8	True				
ANR	2065	Statement	tm	420:22:11642:11643	1896	9	True				
ANR	2066	Statement	","	420:24:11644:11644	1896	10	True				
ANR	2067	Statement	k	420:25:11645:11645	1896	11	True				
ANR	2068	Statement	)	420:26:11646:11646	1896	12	True				
ANR	2069	ExpressionStatement		420:27:11647:11647	1896	13	True				
ANR	2070	IfStatement	if ( j == ncols - 1 )		1896	14					
ANR	2071	Condition	j == ncols - 1	421:10:11659:11672	1896	0	True				
ANR	2072	EqualityExpression	j == ncols - 1		1896	0		==			
ANR	2073	Identifier	j		1896	0					
ANR	2074	AdditiveExpression	ncols - 1		1896	1		-			
ANR	2075	Identifier	ncols		1896	0					
ANR	2076	PrimaryExpression	1		1896	1					
ANR	2077	CompoundStatement		23:26:689:689	1896	1					
ANR	2078	Statement	new	422:8:11685:11687	1896	0	True				
ANR	2079	Statement	->	422:12:11689:11690	1896	1	True				
ANR	2080	ExpressionStatement	ewidth = right_tile	422:15:11692:11711	1896	2	True				
ANR	2081	AssignmentExpression	ewidth = right_tile		1896	0		=			
ANR	2082	Identifier	ewidth		1896	0					
ANR	2083	Identifier	right_tile		1896	1					
ANR	2084	IfStatement	if ( i == nrows - 1 )		1896	15					
ANR	2085	Condition	i == nrows - 1	424:10:11731:11744	1896	0	True				
ANR	2086	EqualityExpression	i == nrows - 1		1896	0		==			
ANR	2087	Identifier	i		1896	0					
ANR	2088	AdditiveExpression	nrows - 1		1896	1		-			
ANR	2089	Identifier	nrows		1896	0					
ANR	2090	PrimaryExpression	1		1896	1					
ANR	2091	CompoundStatement		26:26:761:761	1896	1					
ANR	2092	Statement	new	425:8:11757:11759	1896	0	True				
ANR	2093	Statement	->	425:12:11761:11762	1896	1	True				
ANR	2094	ExpressionStatement	eheight = bottom_tile	425:15:11764:11785	1896	2	True				
ANR	2095	AssignmentExpression	eheight = bottom_tile		1896	0		=			
ANR	2096	Identifier	eheight		1896	0					
ANR	2097	Identifier	bottom_tile		1896	1					
ANR	2098	Statement	new	427:6:11801:11803	1896	16	True				
ANR	2099	Statement	->	427:10:11805:11806	1896	17	True				
ANR	2100	Statement	size	427:13:11808:11811	1896	18	True				
ANR	2101	Statement	=	427:18:11813:11813	1896	19	True				
ANR	2102	Statement	(	427:20:11815:11815	1896	20	True				
ANR	2103	Statement	new	427:21:11816:11818	1896	21	True				
ANR	2104	Statement	->	427:25:11820:11821	1896	22	True				
ANR	2105	Statement	ewidth	427:28:11823:11828	1896	23	True				
ANR	2106	Statement	)	427:34:11829:11829	1896	24	True				
ANR	2107	Statement	*	427:36:11831:11831	1896	25	True				
ANR	2108	Statement	(	427:38:11833:11833	1896	26	True				
ANR	2109	Statement	new	427:39:11834:11836	1896	27	True				
ANR	2110	Statement	->	427:43:11838:11839	1896	28	True				
ANR	2111	Statement	eheight	427:46:11841:11847	1896	29	True				
ANR	2112	Statement	)	427:53:11848:11848	1896	30	True				
ANR	2113	Statement	*	427:55:11850:11850	1896	31	True				
ANR	2114	Statement	(	427:57:11852:11852	1896	32	True				
ANR	2115	Statement	new	427:58:11853:11855	1896	33	True				
ANR	2116	Statement	->	427:62:11857:11858	1896	34	True				
ANR	2117	Statement	bpp	427:65:11860:11862	1896	35	True				
ANR	2118	Statement	)	427:68:11863:11863	1896	36	True				
ANR	2119	ExpressionStatement		427:69:11864:11864	1896	37	True				
ANR	2120	Statement	tiles	428:6:11872:11876	1896	38	True				
ANR	2121	Statement	[	428:11:11877:11877	1896	39	True				
ANR	2122	Statement	k	428:12:11878:11878	1896	40	True				
ANR	2123	Statement	]	428:13:11879:11879	1896	41	True				
ANR	2124	Statement	=	428:15:11881:11881	1896	42	True				
ANR	2125	Statement	new	428:17:11883:11885	1896	43	True				
ANR	2126	ExpressionStatement		428:20:11886:11886	1896	44	True				
ANR	2127	ExpressionStatement	tm -> tiles = tiles	431:2:11900:11919	1896	11	True				
ANR	2128	AssignmentExpression	tm -> tiles = tiles		1896	0		=			
ANR	2129	PtrMemberAccess	tm -> tiles		1896	0					
ANR	2130	Identifier	tm		1896	0					
ANR	2131	Identifier	tiles		1896	1					
ANR	2132	Identifier	tiles		1896	1					
ANR	2133	ReturnType	static void		1896	1					
ANR	2134	Identifier	tile_manager_allocate_tiles		1896	2					
ANR	2135	ParameterList	TileManager * tm		1896	3					
ANR	2136	Parameter	TileManager * tm	398:40:10968:10982	1896	0	True				
ANR	2137	ParameterType	TileManager *		1896	0					
ANR	2138	Identifier	tm		1896	1					
ANR	2139	CFGEntryNode	ENTRY		1896		True				
ANR	2140	CFGExitNode	EXIT		1896		True				
ANR	2141	Symbol	eheight		1896						
ANR	2142	Symbol	nrows		1896						
ANR	2143	Symbol	tm -> tiles		1896						
ANR	2144	Symbol	i		1896						
ANR	2145	Symbol	j		1896						
ANR	2146	Symbol	k		1896						
ANR	2147	Symbol	tm -> ntile_cols		1896						
ANR	2148	Symbol	g_malloc_n		1896						
ANR	2149	Symbol	tiles		1896						
ANR	2150	Symbol	tm -> height		1896						
ANR	2151	Symbol	bottom_tile		1896						
ANR	2152	Symbol	__func__		1896						
ANR	2153	Symbol	ewidth		1896						
ANR	2154	Symbol	tm -> bpp		1896						
ANR	2155	Symbol	tm		1896						
ANR	2156	Symbol	tm -> width		1896						
ANR	2157	Symbol	right_tile		1896						
ANR	2158	Symbol	* tm		1896						
ANR	2159	Symbol	tm -> ntile_rows		1896						
ANR	2160	Symbol	ncols		1896						
ANR	2161	Function	tile_manager_invalidate_tile	434:0:11924:12931							
ANR	2162	FunctionDef	"tile_manager_invalidate_tile (TileManager * tm , gint tile_num)"		2161	0					
ANR	2163	CompoundStatement		435:0:11996:12931	2161	0					
ANR	2164	IdentifierDeclStatement	Tile * tile = tm -> tiles [ tile_num ] ;	436:2:12000:12034	2161	0	True				
ANR	2165	IdentifierDecl	* tile = tm -> tiles [ tile_num ]		2161	0					
ANR	2166	IdentifierDeclType	Tile *		2161	0					
ANR	2167	Identifier	tile		2161	1					
ANR	2168	AssignmentExpression	* tile = tm -> tiles [ tile_num ]		2161	2		=			
ANR	2169	Identifier	tile		2161	0					
ANR	2170	ArrayIndexing	tm -> tiles [ tile_num ]		2161	1					
ANR	2171	PtrMemberAccess	tm -> tiles		2161	0					
ANR	2172	Identifier	tm		2161	0					
ANR	2173	Identifier	tiles		2161	1					
ANR	2174	Identifier	tile_num		2161	1					
ANR	2175	IfStatement	if ( ! tile -> valid )		2161	1					
ANR	2176	Condition	! tile -> valid	437:6:12042:12055	2161	0	True				
ANR	2177	UnaryOperationExpression	! tile -> valid		2161	0					
ANR	2178	UnaryOperator	!		2161	0					
ANR	2179	PtrMemberAccess	tile -> valid		2161	1					
ANR	2180	Identifier	tile		2161	0					
ANR	2181	Identifier	valid		2161	1					
ANR	2182	CompoundStatement		3:22:61:61	2161	1					
ANR	2183	ReturnStatement	return ;	438:4:12064:12071	2161	0	True				
ANR	2184	IfStatement	if ( tile_num == tm -> cached_num )		2161	2					
ANR	2185	Condition	tile_num == tm -> cached_num	440:6:12083:12110	2161	0	True				
ANR	2186	EqualityExpression	tile_num == tm -> cached_num		2161	0		==			
ANR	2187	Identifier	tile_num		2161	0					
ANR	2188	PtrMemberAccess	tm -> cached_num		2161	1					
ANR	2189	Identifier	tm		2161	0					
ANR	2190	Identifier	cached_num		2161	1					
ANR	2191	CompoundStatement		6:36:116:116	2161	1					
ANR	2192	ExpressionStatement	"tile_release ( tm -> cached_tile , 0 )"	441:4:12119:12152	2161	0	True				
ANR	2193	CallExpression	"tile_release ( tm -> cached_tile , 0 )"		2161	0					
ANR	2194	Callee	tile_release		2161	0					
ANR	2195	Identifier	tile_release		2161	0					
ANR	2196	ArgumentList	tm -> cached_tile		2161	1					
ANR	2197	Argument	tm -> cached_tile		2161	0					
ANR	2198	PtrMemberAccess	tm -> cached_tile		2161	0					
ANR	2199	Identifier	tm		2161	0					
ANR	2200	Identifier	cached_tile		2161	1					
ANR	2201	Argument	0		2161	1					
ANR	2202	PrimaryExpression	0		2161	0					
ANR	2203	ExpressionStatement	tm -> cached_tile = ( ( void * ) 0 )	442:4:12158:12189	2161	1	True				
ANR	2204	AssignmentExpression	tm -> cached_tile = ( ( void * ) 0 )		2161	0		=			
ANR	2205	PtrMemberAccess	tm -> cached_tile		2161	0					
ANR	2206	Identifier	tm		2161	0					
ANR	2207	Identifier	cached_tile		2161	1					
ANR	2208	CastExpression	( void * ) 0		2161	1					
ANR	2209	CastTarget	void *		2161	0					
ANR	2210	PrimaryExpression	0		2161	1					
ANR	2211	ExpressionStatement	tm -> cached_num = - 1	443:4:12195:12217	2161	2	True				
ANR	2212	AssignmentExpression	tm -> cached_num = - 1		2161	0		=			
ANR	2213	PtrMemberAccess	tm -> cached_num		2161	0					
ANR	2214	Identifier	tm		2161	0					
ANR	2215	Identifier	cached_num		2161	1					
ANR	2216	UnaryOperationExpression	- 1		2161	1					
ANR	2217	UnaryOperator	-		2161	0					
ANR	2218	PrimaryExpression	1		2161	1					
ANR	2219	IfStatement	if ( tile -> cached )		2161	3					
ANR	2220	Condition	tile -> cached	445:6:12229:12242	2161	0	True				
ANR	2221	PtrMemberAccess	tile -> cached		2161	0					
ANR	2222	Identifier	tile		2161	0					
ANR	2223	Identifier	cached		2161	1					
ANR	2224	CompoundStatement		11:22:248:248	2161	1					
ANR	2225	ExpressionStatement	tile_cache_flush ( tile )	446:4:12251:12273	2161	0	True				
ANR	2226	CallExpression	tile_cache_flush ( tile )		2161	0					
ANR	2227	Callee	tile_cache_flush		2161	0					
ANR	2228	Identifier	tile_cache_flush		2161	0					
ANR	2229	ArgumentList	tile		2161	1					
ANR	2230	Argument	tile		2161	0					
ANR	2231	Identifier	tile		2161	0					
ANR	2232	IfStatement	if ( tile -> share_count > 1 )		2161	4					
ANR	2233	Condition	tile -> share_count > 1	448:6:12285:12307	2161	0	True				
ANR	2234	RelationalExpression	tile -> share_count > 1		2161	0		>			
ANR	2235	PtrMemberAccess	tile -> share_count		2161	0					
ANR	2236	Identifier	tile		2161	0					
ANR	2237	Identifier	share_count		2161	1					
ANR	2238	PrimaryExpression	1		2161	1					
ANR	2239	CompoundStatement		14:31:313:313	2161	1					
ANR	2240	Statement	Tile	450:4:12380:12383	2161	0	True				
ANR	2241	Statement	*	450:9:12385:12385	2161	1	True				
ANR	2242	Statement	new	450:10:12386:12388	2161	2	True				
ANR	2243	Statement	=	450:14:12390:12390	2161	3	True				
ANR	2244	ExpressionStatement	tile_new ( ( tile -> bpp ) )	450:16:12392:12415	2161	4	True				
ANR	2245	CallExpression	tile_new ( ( tile -> bpp ) )		2161	0					
ANR	2246	Callee	tile_new		2161	0					
ANR	2247	Identifier	tile_new		2161	0					
ANR	2248	ArgumentList	tile -> bpp		2161	1					
ANR	2249	Argument	tile -> bpp		2161	0					
ANR	2250	PtrMemberAccess	tile -> bpp		2161	0					
ANR	2251	Identifier	tile		2161	0					
ANR	2252	Identifier	bpp		2161	1					
ANR	2253	Statement	new	451:4:12421:12423	2161	5	True				
ANR	2254	Statement	->	451:8:12425:12426	2161	6	True				
ANR	2255	ExpressionStatement	ewidth = tile -> ewidth	451:11:12428:12451	2161	7	True				
ANR	2256	AssignmentExpression	ewidth = tile -> ewidth		2161	0		=			
ANR	2257	Identifier	ewidth		2161	0					
ANR	2258	PtrMemberAccess	tile -> ewidth		2161	1					
ANR	2259	Identifier	tile		2161	0					
ANR	2260	Identifier	ewidth		2161	1					
ANR	2261	Statement	new	452:4:12457:12459	2161	8	True				
ANR	2262	Statement	->	452:8:12461:12462	2161	9	True				
ANR	2263	ExpressionStatement	eheight = tile -> eheight	452:11:12464:12489	2161	10	True				
ANR	2264	AssignmentExpression	eheight = tile -> eheight		2161	0		=			
ANR	2265	Identifier	eheight		2161	0					
ANR	2266	PtrMemberAccess	tile -> eheight		2161	1					
ANR	2267	Identifier	tile		2161	0					
ANR	2268	Identifier	eheight		2161	1					
ANR	2269	Statement	new	453:4:12495:12497	2161	11	True				
ANR	2270	Statement	->	453:8:12499:12500	2161	12	True				
ANR	2271	ExpressionStatement	size = tile -> size	453:11:12502:12521	2161	13	True				
ANR	2272	AssignmentExpression	size = tile -> size		2161	0		=			
ANR	2273	Identifier	size		2161	0					
ANR	2274	PtrMemberAccess	tile -> size		2161	1					
ANR	2275	Identifier	tile		2161	0					
ANR	2276	Identifier	size		2161	1					
ANR	2277	ExpressionStatement	"tile_detach ( tile , tm , tile_num )"	454:4:12527:12556	2161	14	True				
ANR	2278	CallExpression	"tile_detach ( tile , tm , tile_num )"		2161	0					
ANR	2279	Callee	tile_detach		2161	0					
ANR	2280	Identifier	tile_detach		2161	0					
ANR	2281	ArgumentList	tile		2161	1					
ANR	2282	Argument	tile		2161	0					
ANR	2283	Identifier	tile		2161	0					
ANR	2284	Argument	tm		2161	1					
ANR	2285	Identifier	tm		2161	0					
ANR	2286	Argument	tile_num		2161	2					
ANR	2287	Identifier	tile_num		2161	0					
ANR	2288	Statement	tile_attach	455:4:12562:12572	2161	15	True				
ANR	2289	Statement	(	455:15:12573:12573	2161	16	True				
ANR	2290	Statement	new	455:16:12574:12576	2161	17	True				
ANR	2291	Statement	","	455:19:12577:12577	2161	18	True				
ANR	2292	Statement	tm	455:20:12578:12579	2161	19	True				
ANR	2293	Statement	","	455:22:12580:12580	2161	20	True				
ANR	2294	Statement	tile_num	455:23:12581:12588	2161	21	True				
ANR	2295	Statement	)	455:31:12589:12589	2161	22	True				
ANR	2296	ExpressionStatement		455:32:12590:12590	2161	23	True				
ANR	2297	Statement	tile	456:4:12596:12599	2161	24	True				
ANR	2298	Statement	=	456:9:12601:12601	2161	25	True				
ANR	2299	Statement	new	456:11:12603:12605	2161	26	True				
ANR	2300	ExpressionStatement		456:14:12606:12606	2161	27	True				
ANR	2301	ExpressionStatement	tm -> tiles [ tile_num ] = tile	457:4:12612:12640	2161	28	True				
ANR	2302	AssignmentExpression	tm -> tiles [ tile_num ] = tile		2161	0		=			
ANR	2303	ArrayIndexing	tm -> tiles [ tile_num ]		2161	0					
ANR	2304	PtrMemberAccess	tm -> tiles		2161	0					
ANR	2305	Identifier	tm		2161	0					
ANR	2306	Identifier	tiles		2161	1					
ANR	2307	Identifier	tile_num		2161	1					
ANR	2308	Identifier	tile		2161	1					
ANR	2309	ExpressionStatement	tile -> valid = 0	459:2:12648:12665	2161	5	True				
ANR	2310	AssignmentExpression	tile -> valid = 0		2161	0		=			
ANR	2311	PtrMemberAccess	tile -> valid		2161	0					
ANR	2312	Identifier	tile		2161	0					
ANR	2313	Identifier	valid		2161	1					
ANR	2314	PrimaryExpression	0		2161	1					
ANR	2315	IfStatement	if ( tile -> data )		2161	6					
ANR	2316	Condition	tile -> data	460:6:12673:12684	2161	0	True				
ANR	2317	PtrMemberAccess	tile -> data		2161	0					
ANR	2318	Identifier	tile		2161	0					
ANR	2319	Identifier	data		2161	1					
ANR	2320	CompoundStatement		26:20:690:690	2161	1					
ANR	2321	ExpressionStatement	g_free ( ( tile -> data ) )	461:4:12693:12715	2161	0	True				
ANR	2322	CallExpression	g_free ( ( tile -> data ) )		2161	0					
ANR	2323	Callee	g_free		2161	0					
ANR	2324	Identifier	g_free		2161	0					
ANR	2325	ArgumentList	tile -> data		2161	1					
ANR	2326	Argument	tile -> data		2161	0					
ANR	2327	PtrMemberAccess	tile -> data		2161	0					
ANR	2328	Identifier	tile		2161	0					
ANR	2329	Identifier	data		2161	1					
ANR	2330	ExpressionStatement	tile -> data = ( ( void * ) 0 )	462:4:12721:12747	2161	1	True				
ANR	2331	AssignmentExpression	tile -> data = ( ( void * ) 0 )		2161	0		=			
ANR	2332	PtrMemberAccess	tile -> data		2161	0					
ANR	2333	Identifier	tile		2161	0					
ANR	2334	Identifier	data		2161	1					
ANR	2335	CastExpression	( void * ) 0		2161	1					
ANR	2336	CastTarget	void *		2161	0					
ANR	2337	PrimaryExpression	0		2161	1					
ANR	2338	IfStatement	if ( tile -> swap_offset != ( - 1 ) )		2161	7					
ANR	2339	Condition	tile -> swap_offset != ( - 1 )	466:6:12788:12815	2161	0	True				
ANR	2340	EqualityExpression	tile -> swap_offset != ( - 1 )		2161	0		!=			
ANR	2341	PtrMemberAccess	tile -> swap_offset		2161	0					
ANR	2342	Identifier	tile		2161	0					
ANR	2343	Identifier	swap_offset		2161	1					
ANR	2344	UnaryOperationExpression	- 1		2161	1					
ANR	2345	UnaryOperator	-		2161	0					
ANR	2346	PrimaryExpression	1		2161	1					
ANR	2347	CompoundStatement		32:36:821:821	2161	1					
ANR	2348	ExpressionStatement	tile_swap_delete ( tile )	470:4:12903:12925	2161	0	True				
ANR	2349	CallExpression	tile_swap_delete ( tile )		2161	0					
ANR	2350	Callee	tile_swap_delete		2161	0					
ANR	2351	Identifier	tile_swap_delete		2161	0					
ANR	2352	ArgumentList	tile		2161	1					
ANR	2353	Argument	tile		2161	0					
ANR	2354	Identifier	tile		2161	0					
ANR	2355	ReturnType	static void		2161	1					
ANR	2356	Identifier	tile_manager_invalidate_tile		2161	2					
ANR	2357	ParameterList	"TileManager * tm , gint tile_num"		2161	3					
ANR	2358	Parameter	TileManager * tm	434:41:11965:11979	2161	0	True				
ANR	2359	ParameterType	TileManager *		2161	0					
ANR	2360	Identifier	tm		2161	1					
ANR	2361	Parameter	gint tile_num	434:57:11981:11993	2161	1	True				
ANR	2362	ParameterType	gint		2161	0					
ANR	2363	Identifier	tile_num		2161	1					
ANR	2364	CFGEntryNode	ENTRY		2161		True				
ANR	2365	CFGExitNode	EXIT		2161		True				
ANR	2366	Symbol	* tile		2161						
ANR	2367	Symbol	eheight		2161						
ANR	2368	Symbol	tile -> valid		2161						
ANR	2369	Symbol	tile -> data		2161						
ANR	2370	Symbol	tile -> bpp		2161						
ANR	2371	Symbol	* * tm		2161						
ANR	2372	Symbol	tm -> tiles		2161						
ANR	2373	Symbol	* tm -> tiles		2161						
ANR	2374	Symbol	tile -> eheight		2161						
ANR	2375	Symbol	tm -> cached_num		2161						
ANR	2376	Symbol	tile_num		2161						
ANR	2377	Symbol	tile -> share_count		2161						
ANR	2378	Symbol	tm -> cached_tile		2161						
ANR	2379	Symbol	tile -> swap_offset		2161						
ANR	2380	Symbol	* tile_num		2161						
ANR	2381	Symbol	size		2161						
ANR	2382	Symbol	tile -> size		2161						
ANR	2383	Symbol	ewidth		2161						
ANR	2384	Symbol	tile		2161						
ANR	2385	Symbol	tile -> ewidth		2161						
ANR	2386	Symbol	tm		2161						
ANR	2387	Symbol	tile -> cached		2161						
ANR	2388	Symbol	* tm		2161						
ANR	2389	Function	tile_manager_invalidate_pixel	474:0:12934:13151							
ANR	2390	FunctionDef	"tile_manager_invalidate_pixel (TileManager * tm , gint xpixel , gint ypixel)"		2389	0					
ANR	2391	CompoundStatement		475:0:13017:13151	2389	0					
ANR	2392	IdentifierDeclStatement	"gint num = tile_manager_get_tile_num ( tm , xpixel , ypixel ) ;"	476:2:13021:13075	2389	0	True				
ANR	2393	IdentifierDecl	"num = tile_manager_get_tile_num ( tm , xpixel , ypixel )"		2389	0					
ANR	2394	IdentifierDeclType	gint		2389	0					
ANR	2395	Identifier	num		2389	1					
ANR	2396	AssignmentExpression	"num = tile_manager_get_tile_num ( tm , xpixel , ypixel )"		2389	2		=			
ANR	2397	Identifier	num		2389	0					
ANR	2398	CallExpression	"tile_manager_get_tile_num ( tm , xpixel , ypixel )"		2389	1					
ANR	2399	Callee	tile_manager_get_tile_num		2389	0					
ANR	2400	Identifier	tile_manager_get_tile_num		2389	0					
ANR	2401	ArgumentList	tm		2389	1					
ANR	2402	Argument	tm		2389	0					
ANR	2403	Identifier	tm		2389	0					
ANR	2404	Argument	xpixel		2389	1					
ANR	2405	Identifier	xpixel		2389	0					
ANR	2406	Argument	ypixel		2389	2					
ANR	2407	Identifier	ypixel		2389	0					
ANR	2408	IfStatement	if ( num < 0 )		2389	1					
ANR	2409	Condition	num < 0	477:6:13083:13089	2389	0	True				
ANR	2410	RelationalExpression	num < 0		2389	0		<			
ANR	2411	Identifier	num		2389	0					
ANR	2412	PrimaryExpression	0		2389	1					
ANR	2413	CompoundStatement		3:15:74:74	2389	1					
ANR	2414	ReturnStatement	return ;	478:4:13098:13105	2389	0	True				
ANR	2415	ExpressionStatement	"tile_manager_invalidate_tile ( tm , num )"	480:2:13113:13149	2389	2	True				
ANR	2416	CallExpression	"tile_manager_invalidate_tile ( tm , num )"		2389	0					
ANR	2417	Callee	tile_manager_invalidate_tile		2389	0					
ANR	2418	Identifier	tile_manager_invalidate_tile		2389	0					
ANR	2419	ArgumentList	tm		2389	1					
ANR	2420	Argument	tm		2389	0					
ANR	2421	Identifier	tm		2389	0					
ANR	2422	Argument	num		2389	1					
ANR	2423	Identifier	num		2389	0					
ANR	2424	ReturnType	static void		2389	1					
ANR	2425	Identifier	tile_manager_invalidate_pixel		2389	2					
ANR	2426	ParameterList	"TileManager * tm , gint xpixel , gint ypixel"		2389	3					
ANR	2427	Parameter	TileManager * tm	474:42:12976:12990	2389	0	True				
ANR	2428	ParameterType	TileManager *		2389	0					
ANR	2429	Identifier	tm		2389	1					
ANR	2430	Parameter	gint xpixel	474:58:12992:13002	2389	1	True				
ANR	2431	ParameterType	gint		2389	0					
ANR	2432	Identifier	xpixel		2389	1					
ANR	2433	Parameter	gint ypixel	474:70:13004:13014	2389	2	True				
ANR	2434	ParameterType	gint		2389	0					
ANR	2435	Identifier	ypixel		2389	1					
ANR	2436	CFGEntryNode	ENTRY		2389		True				
ANR	2437	CFGExitNode	EXIT		2389		True				
ANR	2438	Symbol	num		2389						
ANR	2439	Symbol	tm		2389						
ANR	2440	Symbol	ypixel		2389						
ANR	2441	Symbol	tile_manager_get_tile_num		2389						
ANR	2442	Symbol	xpixel		2389						
ANR	2443	Function	tile_manager_map_tile	483:0:13154:13668							
ANR	2444	FunctionDef	"tile_manager_map_tile (TileManager * tm , gint xpixel , gint ypixel , Tile * srctile)"		2443	0					
ANR	2445	CompoundStatement		484:0:13236:13668	2443	0					
ANR	2446	DoStatement	do		2443	0					
ANR	2447	CompoundStatement		2:5:6:6	2443	0					
ANR	2448	IfStatement	if ( tm != ( ( void * ) 0 ) )		2443	0					
ANR	2449	Condition	tm != ( ( void * ) 0 )	486:8:13253:13269	2443	0	True				
ANR	2450	EqualityExpression	tm != ( ( void * ) 0 )		2443	0		!=			
ANR	2451	Identifier	tm		2443	0					
ANR	2452	CastExpression	( void * ) 0		2443	1					
ANR	2453	CastTarget	void *		2443	0					
ANR	2454	PrimaryExpression	0		2443	1					
ANR	2455	CompoundStatement		3:27:35:35	2443	1					
ANR	2456	ElseStatement	else		2443	0					
ANR	2457	CompoundStatement		5:9:52:52	2443	0					
ANR	2458	ExpressionStatement	"g_return_if_fail_warning ( ""Gimp-Base"" , __PRETTY_FUNCTION__ , ""tm != NULL"" )"	489:6:13297:13367	2443	0	True				
ANR	2459	CallExpression	"g_return_if_fail_warning ( ""Gimp-Base"" , __PRETTY_FUNCTION__ , ""tm != NULL"" )"		2443	0					
ANR	2460	Callee	g_return_if_fail_warning		2443	0					
ANR	2461	Identifier	g_return_if_fail_warning		2443	0					
ANR	2462	ArgumentList	"""Gimp-Base"""		2443	1					
ANR	2463	Argument	"""Gimp-Base"""		2443	0					
ANR	2464	PrimaryExpression	"""Gimp-Base"""		2443	0					
ANR	2465	Argument	__PRETTY_FUNCTION__		2443	1					
ANR	2466	Identifier	__PRETTY_FUNCTION__		2443	0					
ANR	2467	Argument	"""tm != NULL"""		2443	2					
ANR	2468	PrimaryExpression	"""tm != NULL"""		2443	0					
ANR	2469	ReturnStatement	return ;	490:6:13375:13382	2443	1	True				
ANR	2470	ExpressionStatement		492:4:13394:13394	2443	1	True				
ANR	2471	Condition	0	493:10:13406:13406	2443	1	True				
ANR	2472	PrimaryExpression	0		2443	0					
ANR	2473	DoStatement	do		2443	1					
ANR	2474	CompoundStatement		11:5:178:178	2443	0					
ANR	2475	IfStatement	if ( srctile != ( ( void * ) 0 ) )		2443	0					
ANR	2476	Condition	srctile != ( ( void * ) 0 )	495:8:13425:13446	2443	0	True				
ANR	2477	EqualityExpression	srctile != ( ( void * ) 0 )		2443	0		!=			
ANR	2478	Identifier	srctile		2443	0					
ANR	2479	CastExpression	( void * ) 0		2443	1					
ANR	2480	CastTarget	void *		2443	0					
ANR	2481	PrimaryExpression	0		2443	1					
ANR	2482	CompoundStatement		12:32:212:212	2443	1					
ANR	2483	ElseStatement	else		2443	0					
ANR	2484	CompoundStatement		14:9:229:229	2443	0					
ANR	2485	ExpressionStatement	"g_return_if_fail_warning ( ""Gimp-Base"" , __PRETTY_FUNCTION__ , ""srctile != NULL"" )"	498:6:13474:13549	2443	0	True				
ANR	2486	CallExpression	"g_return_if_fail_warning ( ""Gimp-Base"" , __PRETTY_FUNCTION__ , ""srctile != NULL"" )"		2443	0					
ANR	2487	Callee	g_return_if_fail_warning		2443	0					
ANR	2488	Identifier	g_return_if_fail_warning		2443	0					
ANR	2489	ArgumentList	"""Gimp-Base"""		2443	1					
ANR	2490	Argument	"""Gimp-Base"""		2443	0					
ANR	2491	PrimaryExpression	"""Gimp-Base"""		2443	0					
ANR	2492	Argument	__PRETTY_FUNCTION__		2443	1					
ANR	2493	Identifier	__PRETTY_FUNCTION__		2443	0					
ANR	2494	Argument	"""srctile != NULL"""		2443	2					
ANR	2495	PrimaryExpression	"""srctile != NULL"""		2443	0					
ANR	2496	ReturnStatement	return ;	499:6:13557:13564	2443	1	True				
ANR	2497	ExpressionStatement		501:4:13576:13576	2443	1	True				
ANR	2498	Condition	0	502:10:13588:13588	2443	1	True				
ANR	2499	PrimaryExpression	0		2443	0					
ANR	2500	ExpressionStatement	"tile_manager_map ( tm , tile_manager_get_tile_num ( tm , xpixel , ypixel ) , srctile )"	503:2:13594:13666	2443	2	True				
ANR	2501	CallExpression	"tile_manager_map ( tm , tile_manager_get_tile_num ( tm , xpixel , ypixel ) , srctile )"		2443	0					
ANR	2502	Callee	tile_manager_map		2443	0					
ANR	2503	Identifier	tile_manager_map		2443	0					
ANR	2504	ArgumentList	tm		2443	1					
ANR	2505	Argument	tm		2443	0					
ANR	2506	Identifier	tm		2443	0					
ANR	2507	Argument	"tile_manager_get_tile_num ( tm , xpixel , ypixel )"		2443	1					
ANR	2508	CallExpression	"tile_manager_get_tile_num ( tm , xpixel , ypixel )"		2443	0					
ANR	2509	Callee	tile_manager_get_tile_num		2443	0					
ANR	2510	Identifier	tile_manager_get_tile_num		2443	0					
ANR	2511	ArgumentList	tm		2443	1					
ANR	2512	Argument	tm		2443	0					
ANR	2513	Identifier	tm		2443	0					
ANR	2514	Argument	xpixel		2443	1					
ANR	2515	Identifier	xpixel		2443	0					
ANR	2516	Argument	ypixel		2443	2					
ANR	2517	Identifier	ypixel		2443	0					
ANR	2518	Argument	srctile		2443	2					
ANR	2519	Identifier	srctile		2443	0					
ANR	2520	ReturnType	void		2443	1					
ANR	2521	Identifier	tile_manager_map_tile		2443	2					
ANR	2522	ParameterList	"TileManager * tm , gint xpixel , gint ypixel , Tile * srctile"		2443	3					
ANR	2523	Parameter	TileManager * tm	483:27:13181:13195	2443	0	True				
ANR	2524	ParameterType	TileManager *		2443	0					
ANR	2525	Identifier	tm		2443	1					
ANR	2526	Parameter	gint xpixel	483:43:13197:13207	2443	1	True				
ANR	2527	ParameterType	gint		2443	0					
ANR	2528	Identifier	xpixel		2443	1					
ANR	2529	Parameter	gint ypixel	483:55:13209:13219	2443	2	True				
ANR	2530	ParameterType	gint		2443	0					
ANR	2531	Identifier	ypixel		2443	1					
ANR	2532	Parameter	Tile * srctile	483:67:13221:13233	2443	3	True				
ANR	2533	ParameterType	Tile *		2443	0					
ANR	2534	Identifier	srctile		2443	1					
ANR	2535	CFGEntryNode	ENTRY		2443		True				
ANR	2536	CFGExitNode	EXIT		2443		True				
ANR	2537	Symbol	__PRETTY_FUNCTION__		2443						
ANR	2538	Symbol	tm		2443						
ANR	2539	Symbol	ypixel		2443						
ANR	2540	Symbol	srctile		2443						
ANR	2541	Symbol	tile_manager_get_tile_num		2443						
ANR	2542	Symbol	xpixel		2443						
ANR	2543	Function	tile_manager_map	506:0:13671:15338							
ANR	2544	FunctionDef	"tile_manager_map (TileManager * tm , gint tile_num , Tile * srctile)"		2543	0					
ANR	2545	CompoundStatement		507:0:13738:15338	2543	0					
ANR	2546	IdentifierDeclStatement	Tile * tile ;	508:2:13742:13752	2543	0	True				
ANR	2547	IdentifierDecl	* tile		2543	0					
ANR	2548	IdentifierDeclType	Tile *		2543	0					
ANR	2549	Identifier	tile		2543	1					
ANR	2550	DoStatement	do		2543	1					
ANR	2551	CompoundStatement		3:5:20:20	2543	0					
ANR	2552	IfStatement	if ( tm != ( ( void * ) 0 ) )		2543	0					
ANR	2553	Condition	tm != ( ( void * ) 0 )	510:8:13769:13785	2543	0	True				
ANR	2554	EqualityExpression	tm != ( ( void * ) 0 )		2543	0		!=			
ANR	2555	Identifier	tm		2543	0					
ANR	2556	CastExpression	( void * ) 0		2543	1					
ANR	2557	CastTarget	void *		2543	0					
ANR	2558	PrimaryExpression	0		2543	1					
ANR	2559	CompoundStatement		4:27:49:49	2543	1					
ANR	2560	ElseStatement	else		2543	0					
ANR	2561	CompoundStatement		6:9:66:66	2543	0					
ANR	2562	ExpressionStatement	"g_return_if_fail_warning ( ""Gimp-Base"" , __PRETTY_FUNCTION__ , ""tm != NULL"" )"	513:6:13813:13883	2543	0	True				
ANR	2563	CallExpression	"g_return_if_fail_warning ( ""Gimp-Base"" , __PRETTY_FUNCTION__ , ""tm != NULL"" )"		2543	0					
ANR	2564	Callee	g_return_if_fail_warning		2543	0					
ANR	2565	Identifier	g_return_if_fail_warning		2543	0					
ANR	2566	ArgumentList	"""Gimp-Base"""		2543	1					
ANR	2567	Argument	"""Gimp-Base"""		2543	0					
ANR	2568	PrimaryExpression	"""Gimp-Base"""		2543	0					
ANR	2569	Argument	__PRETTY_FUNCTION__		2543	1					
ANR	2570	Identifier	__PRETTY_FUNCTION__		2543	0					
ANR	2571	Argument	"""tm != NULL"""		2543	2					
ANR	2572	PrimaryExpression	"""tm != NULL"""		2543	0					
ANR	2573	ReturnStatement	return ;	514:6:13891:13898	2543	1	True				
ANR	2574	ExpressionStatement		516:4:13910:13910	2543	1	True				
ANR	2575	Condition	0	517:10:13922:13922	2543	1	True				
ANR	2576	PrimaryExpression	0		2543	0					
ANR	2577	DoStatement	do		2543	2					
ANR	2578	CompoundStatement		12:5:192:192	2543	0					
ANR	2579	IfStatement	if ( srctile != ( ( void * ) 0 ) )		2543	0					
ANR	2580	Condition	srctile != ( ( void * ) 0 )	519:8:13941:13962	2543	0	True				
ANR	2581	EqualityExpression	srctile != ( ( void * ) 0 )		2543	0		!=			
ANR	2582	Identifier	srctile		2543	0					
ANR	2583	CastExpression	( void * ) 0		2543	1					
ANR	2584	CastTarget	void *		2543	0					
ANR	2585	PrimaryExpression	0		2543	1					
ANR	2586	CompoundStatement		13:32:226:226	2543	1					
ANR	2587	ElseStatement	else		2543	0					
ANR	2588	CompoundStatement		15:9:243:243	2543	0					
ANR	2589	ExpressionStatement	"g_return_if_fail_warning ( ""Gimp-Base"" , __PRETTY_FUNCTION__ , ""srctile != NULL"" )"	522:6:13990:14065	2543	0	True				
ANR	2590	CallExpression	"g_return_if_fail_warning ( ""Gimp-Base"" , __PRETTY_FUNCTION__ , ""srctile != NULL"" )"		2543	0					
ANR	2591	Callee	g_return_if_fail_warning		2543	0					
ANR	2592	Identifier	g_return_if_fail_warning		2543	0					
ANR	2593	ArgumentList	"""Gimp-Base"""		2543	1					
ANR	2594	Argument	"""Gimp-Base"""		2543	0					
ANR	2595	PrimaryExpression	"""Gimp-Base"""		2543	0					
ANR	2596	Argument	__PRETTY_FUNCTION__		2543	1					
ANR	2597	Identifier	__PRETTY_FUNCTION__		2543	0					
ANR	2598	Argument	"""srctile != NULL"""		2543	2					
ANR	2599	PrimaryExpression	"""srctile != NULL"""		2543	0					
ANR	2600	ReturnStatement	return ;	523:6:14073:14080	2543	1	True				
ANR	2601	ExpressionStatement		525:4:14092:14092	2543	1	True				
ANR	2602	Condition	0	526:10:14104:14104	2543	1	True				
ANR	2603	PrimaryExpression	0		2543	0					
ANR	2604	DoStatement	do		2543	3					
ANR	2605	CompoundStatement		21:5:374:374	2543	0					
ANR	2606	IfStatement	if ( tile_num >= 0 )		2543	0					
ANR	2607	Condition	tile_num >= 0	528:8:14123:14135	2543	0	True				
ANR	2608	RelationalExpression	tile_num >= 0		2543	0		>=			
ANR	2609	Identifier	tile_num		2543	0					
ANR	2610	PrimaryExpression	0		2543	1					
ANR	2611	CompoundStatement		22:23:399:399	2543	1					
ANR	2612	ElseStatement	else		2543	0					
ANR	2613	CompoundStatement		24:9:416:416	2543	0					
ANR	2614	ExpressionStatement	"g_return_if_fail_warning ( ""Gimp-Base"" , __PRETTY_FUNCTION__ , ""tile_num >= 0"" )"	531:6:14163:14236	2543	0	True				
ANR	2615	CallExpression	"g_return_if_fail_warning ( ""Gimp-Base"" , __PRETTY_FUNCTION__ , ""tile_num >= 0"" )"		2543	0					
ANR	2616	Callee	g_return_if_fail_warning		2543	0					
ANR	2617	Identifier	g_return_if_fail_warning		2543	0					
ANR	2618	ArgumentList	"""Gimp-Base"""		2543	1					
ANR	2619	Argument	"""Gimp-Base"""		2543	0					
ANR	2620	PrimaryExpression	"""Gimp-Base"""		2543	0					
ANR	2621	Argument	__PRETTY_FUNCTION__		2543	1					
ANR	2622	Identifier	__PRETTY_FUNCTION__		2543	0					
ANR	2623	Argument	"""tile_num >= 0"""		2543	2					
ANR	2624	PrimaryExpression	"""tile_num >= 0"""		2543	0					
ANR	2625	ReturnStatement	return ;	532:6:14244:14251	2543	1	True				
ANR	2626	ExpressionStatement		534:4:14263:14263	2543	1	True				
ANR	2627	Condition	0	535:10:14275:14275	2543	1	True				
ANR	2628	PrimaryExpression	0		2543	0					
ANR	2629	DoStatement	do		2543	4					
ANR	2630	CompoundStatement		30:5:545:545	2543	0					
ANR	2631	IfStatement	if ( tile_num < tm -> ntile_rows * tm -> ntile_cols )		2543	0					
ANR	2632	Condition	tile_num < tm -> ntile_rows * tm -> ntile_cols	537:8:14294:14339	2543	0	True				
ANR	2633	RelationalExpression	tile_num < tm -> ntile_rows * tm -> ntile_cols		2543	0		<			
ANR	2634	Identifier	tile_num		2543	0					
ANR	2635	MultiplicativeExpression	tm -> ntile_rows * tm -> ntile_cols		2543	1		*			
ANR	2636	PtrMemberAccess	tm -> ntile_rows		2543	0					
ANR	2637	Identifier	tm		2543	0					
ANR	2638	Identifier	ntile_rows		2543	1					
ANR	2639	PtrMemberAccess	tm -> ntile_cols		2543	1					
ANR	2640	Identifier	tm		2543	0					
ANR	2641	Identifier	ntile_cols		2543	1					
ANR	2642	CompoundStatement		31:56:603:603	2543	1					
ANR	2643	ElseStatement	else		2543	0					
ANR	2644	CompoundStatement		33:9:620:620	2543	0					
ANR	2645	ExpressionStatement	"g_return_if_fail_warning ( ""Gimp-Base"" , __PRETTY_FUNCTION__ , ""tile_num < tm->ntile_rows * tm->ntile_cols"" )"	540:6:14367:14469	2543	0	True				
ANR	2646	CallExpression	"g_return_if_fail_warning ( ""Gimp-Base"" , __PRETTY_FUNCTION__ , ""tile_num < tm->ntile_rows * tm->ntile_cols"" )"		2543	0					
ANR	2647	Callee	g_return_if_fail_warning		2543	0					
ANR	2648	Identifier	g_return_if_fail_warning		2543	0					
ANR	2649	ArgumentList	"""Gimp-Base"""		2543	1					
ANR	2650	Argument	"""Gimp-Base"""		2543	0					
ANR	2651	PrimaryExpression	"""Gimp-Base"""		2543	0					
ANR	2652	Argument	__PRETTY_FUNCTION__		2543	1					
ANR	2653	Identifier	__PRETTY_FUNCTION__		2543	0					
ANR	2654	Argument	"""tile_num < tm->ntile_rows * tm->ntile_cols"""		2543	2					
ANR	2655	PrimaryExpression	"""tile_num < tm->ntile_rows * tm->ntile_cols"""		2543	0					
ANR	2656	ReturnStatement	return ;	541:6:14477:14484	2543	1	True				
ANR	2657	ExpressionStatement		543:4:14496:14496	2543	1	True				
ANR	2658	Condition	0	544:10:14508:14508	2543	1	True				
ANR	2659	PrimaryExpression	0		2543	0					
ANR	2660	IfStatement	if ( ! tm -> tiles )		2543	5					
ANR	2661	Condition	! tm -> tiles	545:6:14518:14529	2543	0	True				
ANR	2662	UnaryOperationExpression	! tm -> tiles		2543	0					
ANR	2663	UnaryOperator	!		2543	0					
ANR	2664	PtrMemberAccess	tm -> tiles		2543	1					
ANR	2665	Identifier	tm		2543	0					
ANR	2666	Identifier	tiles		2543	1					
ANR	2667	CompoundStatement		39:20:793:793	2543	1					
ANR	2668	ExpressionStatement	"g_log ( ""Gimp-Base"" , G_LOG_LEVEL_WARNING , ""%s: empty tile level - initializing"" , ""tile-manager.c:492"" )"	546:4:14538:14635	2543	0	True				
ANR	2669	CallExpression	"g_log ( ""Gimp-Base"" , G_LOG_LEVEL_WARNING , ""%s: empty tile level - initializing"" , ""tile-manager.c:492"" )"		2543	0					
ANR	2670	Callee	g_log		2543	0					
ANR	2671	Identifier	g_log		2543	0					
ANR	2672	ArgumentList	"""Gimp-Base"""		2543	1					
ANR	2673	Argument	"""Gimp-Base"""		2543	0					
ANR	2674	PrimaryExpression	"""Gimp-Base"""		2543	0					
ANR	2675	Argument	G_LOG_LEVEL_WARNING		2543	1					
ANR	2676	Identifier	G_LOG_LEVEL_WARNING		2543	0					
ANR	2677	Argument	"""%s: empty tile level - initializing"""		2543	2					
ANR	2678	PrimaryExpression	"""%s: empty tile level - initializing"""		2543	0					
ANR	2679	Argument	"""tile-manager.c:492"""		2543	3					
ANR	2680	PrimaryExpression	"""tile-manager.c:492"""		2543	0					
ANR	2681	ExpressionStatement	tile_manager_allocate_tiles ( tm )	547:4:14641:14672	2543	1	True				
ANR	2682	CallExpression	tile_manager_allocate_tiles ( tm )		2543	0					
ANR	2683	Callee	tile_manager_allocate_tiles		2543	0					
ANR	2684	Identifier	tile_manager_allocate_tiles		2543	0					
ANR	2685	ArgumentList	tm		2543	1					
ANR	2686	Argument	tm		2543	0					
ANR	2687	Identifier	tm		2543	0					
ANR	2688	ExpressionStatement	tile = tm -> tiles [ tile_num ]	549:2:14680:14708	2543	6	True				
ANR	2689	AssignmentExpression	tile = tm -> tiles [ tile_num ]		2543	0		=			
ANR	2690	Identifier	tile		2543	0					
ANR	2691	ArrayIndexing	tm -> tiles [ tile_num ]		2543	1					
ANR	2692	PtrMemberAccess	tm -> tiles		2543	0					
ANR	2693	Identifier	tm		2543	0					
ANR	2694	Identifier	tiles		2543	1					
ANR	2695	Identifier	tile_num		2543	1					
ANR	2696	IfStatement	if ( ! srctile -> valid )		2543	7					
ANR	2697	Condition	! srctile -> valid	552:6:14749:14765	2543	0	True				
ANR	2698	UnaryOperationExpression	! srctile -> valid		2543	0					
ANR	2699	UnaryOperator	!		2543	0					
ANR	2700	PtrMemberAccess	srctile -> valid		2543	1					
ANR	2701	Identifier	srctile		2543	0					
ANR	2702	Identifier	valid		2543	1					
ANR	2703	CompoundStatement		46:25:1029:1029	2543	1					
ANR	2704	ExpressionStatement	"g_log ( ""Gimp-Base"" , G_LOG_LEVEL_WARNING , ""%s: srctile not validated yet!  please report"" , ""tile-manager.c:504"" )"	553:4:14774:14881	2543	0	True				
ANR	2705	CallExpression	"g_log ( ""Gimp-Base"" , G_LOG_LEVEL_WARNING , ""%s: srctile not validated yet!  please report"" , ""tile-manager.c:504"" )"		2543	0					
ANR	2706	Callee	g_log		2543	0					
ANR	2707	Identifier	g_log		2543	0					
ANR	2708	ArgumentList	"""Gimp-Base"""		2543	1					
ANR	2709	Argument	"""Gimp-Base"""		2543	0					
ANR	2710	PrimaryExpression	"""Gimp-Base"""		2543	0					
ANR	2711	Argument	G_LOG_LEVEL_WARNING		2543	1					
ANR	2712	Identifier	G_LOG_LEVEL_WARNING		2543	0					
ANR	2713	Argument	"""%s: srctile not validated yet!  please report"""		2543	2					
ANR	2714	PrimaryExpression	"""%s: srctile not validated yet!  please report"""		2543	0					
ANR	2715	Argument	"""tile-manager.c:504"""		2543	3					
ANR	2716	PrimaryExpression	"""tile-manager.c:504"""		2543	0					
ANR	2717	IfStatement	if ( ( tile -> ewidth ) != ( srctile -> ewidth ) || ( tile -> eheight ) != ( srctile -> eheight ) || ( tile -> bpp ) != ( srctile -> bpp ) )		2543	8					
ANR	2718	Condition	( tile -> ewidth ) != ( srctile -> ewidth ) || ( tile -> eheight ) != ( srctile -> eheight ) || ( tile -> bpp ) != ( srctile -> bpp )	555:6:14893:15013	2543	0	True				
ANR	2719	OrExpression	( tile -> ewidth ) != ( srctile -> ewidth ) || ( tile -> eheight ) != ( srctile -> eheight ) || ( tile -> bpp ) != ( srctile -> bpp )		2543	0		||			
ANR	2720	EqualityExpression	( tile -> ewidth ) != ( srctile -> ewidth )		2543	0		!=			
ANR	2721	PtrMemberAccess	tile -> ewidth		2543	0					
ANR	2722	Identifier	tile		2543	0					
ANR	2723	Identifier	ewidth		2543	1					
ANR	2724	PtrMemberAccess	srctile -> ewidth		2543	1					
ANR	2725	Identifier	srctile		2543	0					
ANR	2726	Identifier	ewidth		2543	1					
ANR	2727	OrExpression	( tile -> eheight ) != ( srctile -> eheight ) || ( tile -> bpp ) != ( srctile -> bpp )		2543	1		||			
ANR	2728	EqualityExpression	( tile -> eheight ) != ( srctile -> eheight )		2543	0		!=			
ANR	2729	PtrMemberAccess	tile -> eheight		2543	0					
ANR	2730	Identifier	tile		2543	0					
ANR	2731	Identifier	eheight		2543	1					
ANR	2732	PtrMemberAccess	srctile -> eheight		2543	1					
ANR	2733	Identifier	srctile		2543	0					
ANR	2734	Identifier	eheight		2543	1					
ANR	2735	EqualityExpression	( tile -> bpp ) != ( srctile -> bpp )		2543	1		!=			
ANR	2736	PtrMemberAccess	tile -> bpp		2543	0					
ANR	2737	Identifier	tile		2543	0					
ANR	2738	Identifier	bpp		2543	1					
ANR	2739	PtrMemberAccess	srctile -> bpp		2543	1					
ANR	2740	Identifier	srctile		2543	0					
ANR	2741	Identifier	bpp		2543	1					
ANR	2742	CompoundStatement		49:129:1277:1277	2543	1					
ANR	2743	ExpressionStatement	"g_log ( ""Gimp-Base"" , G_LOG_LEVEL_WARNING , ""%s: nonconformant map (%p -> %p)"" , ""tile-manager.c:511"" , srctile , tile )"	556:4:15022:15129	2543	0	True				
ANR	2744	CallExpression	"g_log ( ""Gimp-Base"" , G_LOG_LEVEL_WARNING , ""%s: nonconformant map (%p -> %p)"" , ""tile-manager.c:511"" , srctile , tile )"		2543	0					
ANR	2745	Callee	g_log		2543	0					
ANR	2746	Identifier	g_log		2543	0					
ANR	2747	ArgumentList	"""Gimp-Base"""		2543	1					
ANR	2748	Argument	"""Gimp-Base"""		2543	0					
ANR	2749	PrimaryExpression	"""Gimp-Base"""		2543	0					
ANR	2750	Argument	G_LOG_LEVEL_WARNING		2543	1					
ANR	2751	Identifier	G_LOG_LEVEL_WARNING		2543	0					
ANR	2752	Argument	"""%s: nonconformant map (%p -> %p)"""		2543	2					
ANR	2753	PrimaryExpression	"""%s: nonconformant map (%p -> %p)"""		2543	0					
ANR	2754	Argument	"""tile-manager.c:511"""		2543	3					
ANR	2755	PrimaryExpression	"""tile-manager.c:511"""		2543	0					
ANR	2756	Argument	srctile		2543	4					
ANR	2757	Identifier	srctile		2543	0					
ANR	2758	Argument	tile		2543	5					
ANR	2759	Identifier	tile		2543	0					
ANR	2760	ExpressionStatement	"tile_detach ( tile , tm , tile_num )"	558:2:15137:15166	2543	9	True				
ANR	2761	CallExpression	"tile_detach ( tile , tm , tile_num )"		2543	0					
ANR	2762	Callee	tile_detach		2543	0					
ANR	2763	Identifier	tile_detach		2543	0					
ANR	2764	ArgumentList	tile		2543	1					
ANR	2765	Argument	tile		2543	0					
ANR	2766	Identifier	tile		2543	0					
ANR	2767	Argument	tm		2543	1					
ANR	2768	Identifier	tm		2543	0					
ANR	2769	Argument	tile_num		2543	2					
ANR	2770	Identifier	tile_num		2543	0					
ANR	2771	ExpressionStatement	"tile_attach ( srctile , tm , tile_num )"	563:2:15236:15268	2543	10	True				
ANR	2772	CallExpression	"tile_attach ( srctile , tm , tile_num )"		2543	0					
ANR	2773	Callee	tile_attach		2543	0					
ANR	2774	Identifier	tile_attach		2543	0					
ANR	2775	ArgumentList	srctile		2543	1					
ANR	2776	Argument	srctile		2543	0					
ANR	2777	Identifier	srctile		2543	0					
ANR	2778	Argument	tm		2543	1					
ANR	2779	Identifier	tm		2543	0					
ANR	2780	Argument	tile_num		2543	2					
ANR	2781	Identifier	tile_num		2543	0					
ANR	2782	ExpressionStatement	tm -> tiles [ tile_num ] = srctile	564:2:15272:15303	2543	11	True				
ANR	2783	AssignmentExpression	tm -> tiles [ tile_num ] = srctile		2543	0		=			
ANR	2784	ArrayIndexing	tm -> tiles [ tile_num ]		2543	0					
ANR	2785	PtrMemberAccess	tm -> tiles		2543	0					
ANR	2786	Identifier	tm		2543	0					
ANR	2787	Identifier	tiles		2543	1					
ANR	2788	Identifier	tile_num		2543	1					
ANR	2789	Identifier	srctile		2543	1					
ANR	2790	ReturnType	void		2543	1					
ANR	2791	Identifier	tile_manager_map		2543	2					
ANR	2792	ParameterList	"TileManager * tm , gint tile_num , Tile * srctile"		2543	3					
ANR	2793	Parameter	TileManager * tm	506:22:13693:13707	2543	0	True				
ANR	2794	ParameterType	TileManager *		2543	0					
ANR	2795	Identifier	tm		2543	1					
ANR	2796	Parameter	gint tile_num	506:38:13709:13721	2543	1	True				
ANR	2797	ParameterType	gint		2543	0					
ANR	2798	Identifier	tile_num		2543	1					
ANR	2799	Parameter	Tile * srctile	506:52:13723:13735	2543	2	True				
ANR	2800	ParameterType	Tile *		2543	0					
ANR	2801	Identifier	srctile		2543	1					
ANR	2802	CFGEntryNode	ENTRY		2543		True				
ANR	2803	CFGExitNode	EXIT		2543		True				
ANR	2804	Symbol	* tile		2543						
ANR	2805	Symbol	__PRETTY_FUNCTION__		2543						
ANR	2806	Symbol	* srctile		2543						
ANR	2807	Symbol	tile -> bpp		2543						
ANR	2808	Symbol	srctile -> valid		2543						
ANR	2809	Symbol	srctile -> ewidth		2543						
ANR	2810	Symbol	tm -> tiles		2543						
ANR	2811	Symbol	* * tm		2543						
ANR	2812	Symbol	* tm -> tiles		2543						
ANR	2813	Symbol	tile -> eheight		2543						
ANR	2814	Symbol	tile_num		2543						
ANR	2815	Symbol	srctile		2543						
ANR	2816	Symbol	tm -> ntile_cols		2543						
ANR	2817	Symbol	srctile -> bpp		2543						
ANR	2818	Symbol	* tile_num		2543						
ANR	2819	Symbol	srctile -> eheight		2543						
ANR	2820	Symbol	tile		2543						
ANR	2821	Symbol	G_LOG_LEVEL_WARNING		2543						
ANR	2822	Symbol	tile -> ewidth		2543						
ANR	2823	Symbol	tm		2543						
ANR	2824	Symbol	* tm		2543						
ANR	2825	Symbol	tm -> ntile_rows		2543						
ANR	2826	Function	tile_manager_invalidate_area	569:0:15341:15698							
ANR	2827	FunctionDef	"tile_manager_invalidate_area (TileManager * tm , gint x , gint y , gint w , gint h)"		2826	0					
ANR	2828	CompoundStatement		570:0:15420:15698	2826	0					
ANR	2829	IdentifierDeclStatement	gint i ;	571:2:15424:15430	2826	0	True				
ANR	2830	IdentifierDecl	i		2826	0					
ANR	2831	IdentifierDeclType	gint		2826	0					
ANR	2832	Identifier	i		2826	1					
ANR	2833	IdentifierDeclStatement	gint j ;	572:2:15434:15440	2826	1	True				
ANR	2834	IdentifierDecl	j		2826	0					
ANR	2835	IdentifierDeclType	gint		2826	0					
ANR	2836	Identifier	j		2826	1					
ANR	2837	IfStatement	if ( ! tm -> tiles )		2826	2					
ANR	2838	Condition	! tm -> tiles	574:6:15523:15534	2826	0	True				
ANR	2839	UnaryOperationExpression	! tm -> tiles		2826	0					
ANR	2840	UnaryOperator	!		2826	0					
ANR	2841	PtrMemberAccess	tm -> tiles		2826	1					
ANR	2842	Identifier	tm		2826	0					
ANR	2843	Identifier	tiles		2826	1					
ANR	2844	CompoundStatement		5:20:116:116	2826	1					
ANR	2845	ReturnStatement	return ;	575:4:15543:15550	2826	0	True				
ANR	2846	ForStatement	for ( i = y ; i < y + h ; i += 64 - i % 64 )		2826	3					
ANR	2847	ForInit	i = y ;	577:7:15563:15568	2826	0	True				
ANR	2848	AssignmentExpression	i = y		2826	0		=			
ANR	2849	Identifier	i		2826	0					
ANR	2850	Identifier	y		2826	1					
ANR	2851	Condition	i < y + h	577:14:15570:15578	2826	1	True				
ANR	2852	RelationalExpression	i < y + h		2826	0		<			
ANR	2853	Identifier	i		2826	0					
ANR	2854	AdditiveExpression	y + h		2826	1		+			
ANR	2855	Identifier	y		2826	0					
ANR	2856	Identifier	h		2826	1					
ANR	2857	AssignmentExpression	i += 64 - i % 64	577:25:15581:15596	2826	2	True	+=			
ANR	2858	Identifier	i		2826	0					
ANR	2859	AdditiveExpression	64 - i % 64		2826	1		-			
ANR	2860	PrimaryExpression	64		2826	0					
ANR	2861	MultiplicativeExpression	i % 64		2826	1		%			
ANR	2862	Identifier	i		2826	0					
ANR	2863	PrimaryExpression	64		2826	1					
ANR	2864	ForStatement	for ( j = x ; j < x + w ; j += 64 - j % 64 )		2826	3					
ANR	2865	ForInit	j = x ;	578:9:15609:15614	2826	0	True				
ANR	2866	AssignmentExpression	j = x		2826	0		=			
ANR	2867	Identifier	j		2826	0					
ANR	2868	Identifier	x		2826	1					
ANR	2869	Condition	j < x + w	578:16:15616:15624	2826	1	True				
ANR	2870	RelationalExpression	j < x + w		2826	0		<			
ANR	2871	Identifier	j		2826	0					
ANR	2872	AdditiveExpression	x + w		2826	1		+			
ANR	2873	Identifier	x		2826	0					
ANR	2874	Identifier	w		2826	1					
ANR	2875	AssignmentExpression	j += 64 - j % 64	578:27:15627:15642	2826	2	True	+=			
ANR	2876	Identifier	j		2826	0					
ANR	2877	AdditiveExpression	64 - j % 64		2826	1		-			
ANR	2878	PrimaryExpression	64		2826	0					
ANR	2879	MultiplicativeExpression	j % 64		2826	1		%			
ANR	2880	Identifier	j		2826	0					
ANR	2881	PrimaryExpression	64		2826	1					
ANR	2882	CompoundStatement		9:45:224:224	2826	3					
ANR	2883	ExpressionStatement	"tile_manager_invalidate_pixel ( tm , j , i )"	579:6:15653:15690	2826	0	True				
ANR	2884	CallExpression	"tile_manager_invalidate_pixel ( tm , j , i )"		2826	0					
ANR	2885	Callee	tile_manager_invalidate_pixel		2826	0					
ANR	2886	Identifier	tile_manager_invalidate_pixel		2826	0					
ANR	2887	ArgumentList	tm		2826	1					
ANR	2888	Argument	tm		2826	0					
ANR	2889	Identifier	tm		2826	0					
ANR	2890	Argument	j		2826	1					
ANR	2891	Identifier	j		2826	0					
ANR	2892	Argument	i		2826	2					
ANR	2893	Identifier	i		2826	0					
ANR	2894	ReturnType	void		2826	1					
ANR	2895	Identifier	tile_manager_invalidate_area		2826	2					
ANR	2896	ParameterList	"TileManager * tm , gint x , gint y , gint w , gint h"		2826	3					
ANR	2897	Parameter	TileManager * tm	569:34:15375:15389	2826	0	True				
ANR	2898	ParameterType	TileManager *		2826	0					
ANR	2899	Identifier	tm		2826	1					
ANR	2900	Parameter	gint x	569:50:15391:15396	2826	1	True				
ANR	2901	ParameterType	gint		2826	0					
ANR	2902	Identifier	x		2826	1					
ANR	2903	Parameter	gint y	569:57:15398:15403	2826	2	True				
ANR	2904	ParameterType	gint		2826	0					
ANR	2905	Identifier	y		2826	1					
ANR	2906	Parameter	gint w	569:64:15405:15410	2826	3	True				
ANR	2907	ParameterType	gint		2826	0					
ANR	2908	Identifier	w		2826	1					
ANR	2909	Parameter	gint h	569:71:15412:15417	2826	4	True				
ANR	2910	ParameterType	gint		2826	0					
ANR	2911	Identifier	h		2826	1					
ANR	2912	CFGEntryNode	ENTRY		2826		True				
ANR	2913	CFGExitNode	EXIT		2826		True				
ANR	2914	Symbol	w		2826						
ANR	2915	Symbol	tm -> tiles		2826						
ANR	2916	Symbol	x		2826						
ANR	2917	Symbol	h		2826						
ANR	2918	Symbol	tm		2826						
ANR	2919	Symbol	y		2826						
ANR	2920	Symbol	i		2826						
ANR	2921	Symbol	j		2826						
ANR	2922	Symbol	* tm		2826						
ANR	2923	Function	tile_manager_width	583:0:15701:15945							
ANR	2924	FunctionDef	tile_manager_width (const TileManager * tm)		2923	0					
ANR	2925	CompoundStatement		584:0:15748:15945	2923	0					
ANR	2926	DoStatement	do		2923	0					
ANR	2927	CompoundStatement		2:5:6:6	2923	0					
ANR	2928	IfStatement	if ( tm != ( ( void * ) 0 ) )		2923	0					
ANR	2929	Condition	tm != ( ( void * ) 0 )	586:8:15765:15781	2923	0	True				
ANR	2930	EqualityExpression	tm != ( ( void * ) 0 )		2923	0		!=			
ANR	2931	Identifier	tm		2923	0					
ANR	2932	CastExpression	( void * ) 0		2923	1					
ANR	2933	CastTarget	void *		2923	0					
ANR	2934	PrimaryExpression	0		2923	1					
ANR	2935	CompoundStatement		3:27:35:35	2923	1					
ANR	2936	ElseStatement	else		2923	0					
ANR	2937	CompoundStatement		5:9:52:52	2923	0					
ANR	2938	ExpressionStatement	"g_return_if_fail_warning ( ""Gimp-Base"" , __PRETTY_FUNCTION__ , ""tm != NULL"" )"	589:6:15809:15879	2923	0	True				
ANR	2939	CallExpression	"g_return_if_fail_warning ( ""Gimp-Base"" , __PRETTY_FUNCTION__ , ""tm != NULL"" )"		2923	0					
ANR	2940	Callee	g_return_if_fail_warning		2923	0					
ANR	2941	Identifier	g_return_if_fail_warning		2923	0					
ANR	2942	ArgumentList	"""Gimp-Base"""		2923	1					
ANR	2943	Argument	"""Gimp-Base"""		2923	0					
ANR	2944	PrimaryExpression	"""Gimp-Base"""		2923	0					
ANR	2945	Argument	__PRETTY_FUNCTION__		2923	1					
ANR	2946	Identifier	__PRETTY_FUNCTION__		2923	0					
ANR	2947	Argument	"""tm != NULL"""		2923	2					
ANR	2948	PrimaryExpression	"""tm != NULL"""		2923	0					
ANR	2949	ReturnStatement	return 0 ;	590:6:15887:15895	2923	1	True				
ANR	2950	PrimaryExpression	0		2923	0					
ANR	2951	ExpressionStatement		592:4:15907:15907	2923	1	True				
ANR	2952	Condition	0	593:10:15919:15919	2923	1	True				
ANR	2953	PrimaryExpression	0		2923	0					
ANR	2954	ReturnStatement	return tm -> width ;	594:2:15925:15943	2923	1	True				
ANR	2955	PtrMemberAccess	tm -> width		2923	0					
ANR	2956	Identifier	tm		2923	0					
ANR	2957	Identifier	width		2923	1					
ANR	2958	ReturnType	gint		2923	1					
ANR	2959	Identifier	tile_manager_width		2923	2					
ANR	2960	ParameterList	const TileManager * tm		2923	3					
ANR	2961	Parameter	const TileManager * tm	583:24:15725:15745	2923	0	True				
ANR	2962	ParameterType	const TileManager *		2923	0					
ANR	2963	Identifier	tm		2923	1					
ANR	2964	CFGEntryNode	ENTRY		2923		True				
ANR	2965	CFGExitNode	EXIT		2923		True				
ANR	2966	Symbol	__PRETTY_FUNCTION__		2923						
ANR	2967	Symbol	tm		2923						
ANR	2968	Symbol	tm -> width		2923						
ANR	2969	Symbol	* tm		2923						
ANR	2970	Function	tile_manager_height	597:0:15948:16194							
ANR	2971	FunctionDef	tile_manager_height (const TileManager * tm)		2970	0					
ANR	2972	CompoundStatement		598:0:15996:16194	2970	0					
ANR	2973	DoStatement	do		2970	0					
ANR	2974	CompoundStatement		2:5:6:6	2970	0					
ANR	2975	IfStatement	if ( tm != ( ( void * ) 0 ) )		2970	0					
ANR	2976	Condition	tm != ( ( void * ) 0 )	600:8:16013:16029	2970	0	True				
ANR	2977	EqualityExpression	tm != ( ( void * ) 0 )		2970	0		!=			
ANR	2978	Identifier	tm		2970	0					
ANR	2979	CastExpression	( void * ) 0		2970	1					
ANR	2980	CastTarget	void *		2970	0					
ANR	2981	PrimaryExpression	0		2970	1					
ANR	2982	CompoundStatement		3:27:35:35	2970	1					
ANR	2983	ElseStatement	else		2970	0					
ANR	2984	CompoundStatement		5:9:52:52	2970	0					
ANR	2985	ExpressionStatement	"g_return_if_fail_warning ( ""Gimp-Base"" , __PRETTY_FUNCTION__ , ""tm != NULL"" )"	603:6:16057:16127	2970	0	True				
ANR	2986	CallExpression	"g_return_if_fail_warning ( ""Gimp-Base"" , __PRETTY_FUNCTION__ , ""tm != NULL"" )"		2970	0					
ANR	2987	Callee	g_return_if_fail_warning		2970	0					
ANR	2988	Identifier	g_return_if_fail_warning		2970	0					
ANR	2989	ArgumentList	"""Gimp-Base"""		2970	1					
ANR	2990	Argument	"""Gimp-Base"""		2970	0					
ANR	2991	PrimaryExpression	"""Gimp-Base"""		2970	0					
ANR	2992	Argument	__PRETTY_FUNCTION__		2970	1					
ANR	2993	Identifier	__PRETTY_FUNCTION__		2970	0					
ANR	2994	Argument	"""tm != NULL"""		2970	2					
ANR	2995	PrimaryExpression	"""tm != NULL"""		2970	0					
ANR	2996	ReturnStatement	return 0 ;	604:6:16135:16143	2970	1	True				
ANR	2997	PrimaryExpression	0		2970	0					
ANR	2998	ExpressionStatement		606:4:16155:16155	2970	1	True				
ANR	2999	Condition	0	607:10:16167:16167	2970	1	True				
ANR	3000	PrimaryExpression	0		2970	0					
ANR	3001	ReturnStatement	return tm -> height ;	608:2:16173:16192	2970	1	True				
ANR	3002	PtrMemberAccess	tm -> height		2970	0					
ANR	3003	Identifier	tm		2970	0					
ANR	3004	Identifier	height		2970	1					
ANR	3005	ReturnType	gint		2970	1					
ANR	3006	Identifier	tile_manager_height		2970	2					
ANR	3007	ParameterList	const TileManager * tm		2970	3					
ANR	3008	Parameter	const TileManager * tm	597:25:15973:15993	2970	0	True				
ANR	3009	ParameterType	const TileManager *		2970	0					
ANR	3010	Identifier	tm		2970	1					
ANR	3011	CFGEntryNode	ENTRY		2970		True				
ANR	3012	CFGExitNode	EXIT		2970		True				
ANR	3013	Symbol	__PRETTY_FUNCTION__		2970						
ANR	3014	Symbol	tm -> height		2970						
ANR	3015	Symbol	tm		2970						
ANR	3016	Symbol	* tm		2970						
ANR	3017	Function	tile_manager_bpp	611:0:16197:16437							
ANR	3018	FunctionDef	tile_manager_bpp (const TileManager * tm)		3017	0					
ANR	3019	CompoundStatement		612:0:16242:16437	3017	0					
ANR	3020	DoStatement	do		3017	0					
ANR	3021	CompoundStatement		2:5:6:6	3017	0					
ANR	3022	IfStatement	if ( tm != ( ( void * ) 0 ) )		3017	0					
ANR	3023	Condition	tm != ( ( void * ) 0 )	614:8:16259:16275	3017	0	True				
ANR	3024	EqualityExpression	tm != ( ( void * ) 0 )		3017	0		!=			
ANR	3025	Identifier	tm		3017	0					
ANR	3026	CastExpression	( void * ) 0		3017	1					
ANR	3027	CastTarget	void *		3017	0					
ANR	3028	PrimaryExpression	0		3017	1					
ANR	3029	CompoundStatement		3:27:35:35	3017	1					
ANR	3030	ElseStatement	else		3017	0					
ANR	3031	CompoundStatement		5:9:52:52	3017	0					
ANR	3032	ExpressionStatement	"g_return_if_fail_warning ( ""Gimp-Base"" , __PRETTY_FUNCTION__ , ""tm != NULL"" )"	617:6:16303:16373	3017	0	True				
ANR	3033	CallExpression	"g_return_if_fail_warning ( ""Gimp-Base"" , __PRETTY_FUNCTION__ , ""tm != NULL"" )"		3017	0					
ANR	3034	Callee	g_return_if_fail_warning		3017	0					
ANR	3035	Identifier	g_return_if_fail_warning		3017	0					
ANR	3036	ArgumentList	"""Gimp-Base"""		3017	1					
ANR	3037	Argument	"""Gimp-Base"""		3017	0					
ANR	3038	PrimaryExpression	"""Gimp-Base"""		3017	0					
ANR	3039	Argument	__PRETTY_FUNCTION__		3017	1					
ANR	3040	Identifier	__PRETTY_FUNCTION__		3017	0					
ANR	3041	Argument	"""tm != NULL"""		3017	2					
ANR	3042	PrimaryExpression	"""tm != NULL"""		3017	0					
ANR	3043	ReturnStatement	return 0 ;	618:6:16381:16389	3017	1	True				
ANR	3044	PrimaryExpression	0		3017	0					
ANR	3045	ExpressionStatement		620:4:16401:16401	3017	1	True				
ANR	3046	Condition	0	621:10:16413:16413	3017	1	True				
ANR	3047	PrimaryExpression	0		3017	0					
ANR	3048	ReturnStatement	return tm -> bpp ;	622:2:16419:16435	3017	1	True				
ANR	3049	PtrMemberAccess	tm -> bpp		3017	0					
ANR	3050	Identifier	tm		3017	0					
ANR	3051	Identifier	bpp		3017	1					
ANR	3052	ReturnType	gint		3017	1					
ANR	3053	Identifier	tile_manager_bpp		3017	2					
ANR	3054	ParameterList	const TileManager * tm		3017	3					
ANR	3055	Parameter	const TileManager * tm	611:22:16219:16239	3017	0	True				
ANR	3056	ParameterType	const TileManager *		3017	0					
ANR	3057	Identifier	tm		3017	1					
ANR	3058	CFGEntryNode	ENTRY		3017		True				
ANR	3059	CFGExitNode	EXIT		3017		True				
ANR	3060	Symbol	__PRETTY_FUNCTION__		3017						
ANR	3061	Symbol	tm -> bpp		3017						
ANR	3062	Symbol	tm		3017						
ANR	3063	Symbol	* tm		3017						
ANR	3064	Function	tile_manager_get_memsize	625:0:16440:17249							
ANR	3065	FunctionDef	"tile_manager_get_memsize (const TileManager * tm , gboolean sparse)"		3064	0					
ANR	3066	CompoundStatement		626:0:16511:17249	3064	0					
ANR	3067	IdentifierDeclStatement	gint64 memsize = ( sizeof ( TileManager ) ) ;	628:2:16547:16586	3064	0	True				
ANR	3068	IdentifierDecl	memsize = ( sizeof ( TileManager ) )		3064	0					
ANR	3069	IdentifierDeclType	gint64		3064	0					
ANR	3070	Identifier	memsize		3064	1					
ANR	3071	AssignmentExpression	memsize = ( sizeof ( TileManager ) )		3064	2		=			
ANR	3072	Identifier	memsize		3064	0					
ANR	3073	SizeofExpression	sizeof ( TileManager )		3064	1					
ANR	3074	Sizeof	sizeof		3064	0					
ANR	3075	SizeofOperand	TileManager		3064	1					
ANR	3076	IfStatement	if ( ! tm )		3064	1					
ANR	3077	Condition	! tm	629:6:16594:16596	3064	0	True				
ANR	3078	UnaryOperationExpression	! tm		3064	0					
ANR	3079	UnaryOperator	!		3064	0					
ANR	3080	Identifier	tm		3064	1					
ANR	3081	CompoundStatement		4:11:87:87	3064	1					
ANR	3082	ReturnStatement	return 0 ;	630:4:16605:16613	3064	0	True				
ANR	3083	PrimaryExpression	0		3064	0					
ANR	3084	ExpressionStatement	memsize += ( ( ( gint64 ) ( tm -> ntile_rows ) ) * ( tm -> ntile_cols ) ) * ( sizeof ( Tile ) + sizeof ( gpointer ) )	633:2:16648:16749	3064	2	True				
ANR	3085	AssignmentExpression	memsize += ( ( ( gint64 ) ( tm -> ntile_rows ) ) * ( tm -> ntile_cols ) ) * ( sizeof ( Tile ) + sizeof ( gpointer ) )		3064	0		+=			
ANR	3086	Identifier	memsize		3064	0					
ANR	3087	MultiplicativeExpression	( ( ( gint64 ) ( tm -> ntile_rows ) ) * ( tm -> ntile_cols ) ) * ( sizeof ( Tile ) + sizeof ( gpointer ) )		3064	1		*			
ANR	3088	MultiplicativeExpression	( ( gint64 ) ( tm -> ntile_rows ) ) * ( tm -> ntile_cols )		3064	0		*			
ANR	3089	CastExpression	( gint64 ) ( tm -> ntile_rows )		3064	0					
ANR	3090	CastTarget	gint64		3064	0					
ANR	3091	PtrMemberAccess	tm -> ntile_rows		3064	1					
ANR	3092	Identifier	tm		3064	0					
ANR	3093	Identifier	ntile_rows		3064	1					
ANR	3094	PtrMemberAccess	tm -> ntile_cols		3064	1					
ANR	3095	Identifier	tm		3064	0					
ANR	3096	Identifier	ntile_cols		3064	1					
ANR	3097	AdditiveExpression	sizeof ( Tile ) + sizeof ( gpointer )		3064	1		+			
ANR	3098	SizeofExpression	sizeof ( Tile )		3064	0					
ANR	3099	Sizeof	sizeof		3064	0					
ANR	3100	SizeofOperand	Tile		3064	1					
ANR	3101	SizeofExpression	sizeof ( gpointer )		3064	1					
ANR	3102	Sizeof	sizeof		3064	0					
ANR	3103	SizeofOperand	gpointer		3064	1					
ANR	3104	IfStatement	if ( sparse )		3064	3					
ANR	3105	Condition	sparse	635:6:16800:16805	3064	0	True				
ANR	3106	Identifier	sparse		3064	0					
ANR	3107	CompoundStatement		10:14:296:296	3064	1					
ANR	3108	IfStatement	if ( tm -> tiles )		3064	0					
ANR	3109	Condition	tm -> tiles	636:8:16818:16828	3064	0	True				
ANR	3110	PtrMemberAccess	tm -> tiles		3064	0					
ANR	3111	Identifier	tm		3064	0					
ANR	3112	Identifier	tiles		3064	1					
ANR	3113	CompoundStatement		15:6:418:424	3064	1					
ANR	3114	IdentifierDeclStatement	Tile * * tiles = tm -> tiles ;	637:6:16839:16865	3064	0	True				
ANR	3115	IdentifierDecl	* * tiles = tm -> tiles		3064	0					
ANR	3116	IdentifierDeclType	Tile * *		3064	0					
ANR	3117	Identifier	tiles		3064	1					
ANR	3118	AssignmentExpression	* * tiles = tm -> tiles		3064	2		=			
ANR	3119	Identifier	tiles		3064	0					
ANR	3120	PtrMemberAccess	tm -> tiles		3064	1					
ANR	3121	Identifier	tm		3064	0					
ANR	3122	Identifier	tiles		3064	1					
ANR	3123	IdentifierDeclStatement	gint64 size = ( 64 * 64 * tm -> bpp ) ;	638:6:16873:16908	3064	1	True				
ANR	3124	IdentifierDecl	size = ( 64 * 64 * tm -> bpp )		3064	0					
ANR	3125	IdentifierDeclType	gint64		3064	0					
ANR	3126	Identifier	size		3064	1					
ANR	3127	AssignmentExpression	size = ( 64 * 64 * tm -> bpp )		3064	2		=			
ANR	3128	Identifier	size		3064	0					
ANR	3129	MultiplicativeExpression	64 * 64 * tm -> bpp		3064	1		*			
ANR	3130	PrimaryExpression	64		3064	0					
ANR	3131	MultiplicativeExpression	64 * tm -> bpp		3064	1		*			
ANR	3132	PrimaryExpression	64		3064	0					
ANR	3133	PtrMemberAccess	tm -> bpp		3064	1					
ANR	3134	Identifier	tm		3064	0					
ANR	3135	Identifier	bpp		3064	1					
ANR	3136	IdentifierDeclStatement	gint i ;	639:6:16916:16922	3064	2	True				
ANR	3137	IdentifierDecl	i		3064	0					
ANR	3138	IdentifierDeclType	gint		3064	0					
ANR	3139	Identifier	i		3064	1					
ANR	3140	IdentifierDeclStatement	gint j ;	640:6:16930:16936	3064	3	True				
ANR	3141	IdentifierDecl	j		3064	0					
ANR	3142	IdentifierDeclType	gint		3064	0					
ANR	3143	Identifier	j		3064	1					
ANR	3144	ForStatement	for ( i = 0 ; i < tm -> ntile_rows ; i ++ )		3064	4					
ANR	3145	ForInit	i = 0 ;	641:11:16949:16954	3064	0	True				
ANR	3146	AssignmentExpression	i = 0		3064	0		=			
ANR	3147	Identifier	i		3064	0					
ANR	3148	PrimaryExpression	0		3064	1					
ANR	3149	Condition	i < tm -> ntile_rows	641:18:16956:16975	3064	1	True				
ANR	3150	RelationalExpression	i < tm -> ntile_rows		3064	0		<			
ANR	3151	Identifier	i		3064	0					
ANR	3152	PtrMemberAccess	tm -> ntile_rows		3064	1					
ANR	3153	Identifier	tm		3064	0					
ANR	3154	Identifier	ntile_rows		3064	1					
ANR	3155	PostIncDecOperationExpression	i ++	641:40:16978:16980	3064	2	True				
ANR	3156	Identifier	i		3064	0					
ANR	3157	IncDec	++		3064	1					
ANR	3158	ForStatement	"for ( j = 0 ; j < tm -> ntile_cols ; ( j ++ , tiles ++ ) )"		3064	3					
ANR	3159	ForInit	j = 0 ;	642:13:16997:17002	3064	0	True				
ANR	3160	AssignmentExpression	j = 0		3064	0		=			
ANR	3161	Identifier	j		3064	0					
ANR	3162	PrimaryExpression	0		3064	1					
ANR	3163	Condition	j < tm -> ntile_cols	642:20:17004:17023	3064	1	True				
ANR	3164	RelationalExpression	j < tm -> ntile_cols		3064	0		<			
ANR	3165	Identifier	j		3064	0					
ANR	3166	PtrMemberAccess	tm -> ntile_cols		3064	1					
ANR	3167	Identifier	tm		3064	0					
ANR	3168	Identifier	ntile_cols		3064	1					
ANR	3169	Expression	"j ++ , tiles ++"	642:43:17027:17039	3064	2	True				
ANR	3170	PostIncDecOperationExpression	j ++		3064	0					
ANR	3171	Identifier	j		3064	0					
ANR	3172	IncDec	++		3064	1					
ANR	3173	PostIncDecOperationExpression	tiles ++		3064	1					
ANR	3174	Identifier	tiles		3064	0					
ANR	3175	IncDec	++		3064	1					
ANR	3176	CompoundStatement		17:59:531:531	3064	3					
ANR	3177	IfStatement	if ( tile_is_valid ( * tiles ) )		3064	0					
ANR	3178	Condition	tile_is_valid ( * tiles )	643:14:17059:17080	3064	0	True				
ANR	3179	CallExpression	tile_is_valid ( * tiles )		3064	0					
ANR	3180	Callee	tile_is_valid		3064	0					
ANR	3181	Identifier	tile_is_valid		3064	0					
ANR	3182	ArgumentList	* tiles		3064	1					
ANR	3183	Argument	* tiles		3064	0					
ANR	3184	UnaryOperationExpression	* tiles		3064	0					
ANR	3185	UnaryOperator	*		3064	0					
ANR	3186	Identifier	tiles		3064	1					
ANR	3187	CompoundStatement		18:38:571:571	3064	1					
ANR	3188	ExpressionStatement	memsize += size	644:12:17097:17112	3064	0	True				
ANR	3189	AssignmentExpression	memsize += size		3064	0		+=			
ANR	3190	Identifier	memsize		3064	0					
ANR	3191	Identifier	size		3064	1					
ANR	3192	ElseStatement	else		3064	0					
ANR	3193	CompoundStatement		24:7:641:641	3064	0					
ANR	3194	ExpressionStatement	memsize += ( ( gint64 ) ( tm -> width ) ) * ( tm -> height ) * ( tm -> bpp )	650:4:17159:17225	3064	0	True				
ANR	3195	AssignmentExpression	memsize += ( ( gint64 ) ( tm -> width ) ) * ( tm -> height ) * ( tm -> bpp )		3064	0		+=			
ANR	3196	Identifier	memsize		3064	0					
ANR	3197	MultiplicativeExpression	( ( gint64 ) ( tm -> width ) ) * ( tm -> height ) * ( tm -> bpp )		3064	1		*			
ANR	3198	CastExpression	( gint64 ) ( tm -> width )		3064	0					
ANR	3199	CastTarget	gint64		3064	0					
ANR	3200	PtrMemberAccess	tm -> width		3064	1					
ANR	3201	Identifier	tm		3064	0					
ANR	3202	Identifier	width		3064	1					
ANR	3203	MultiplicativeExpression	( tm -> height ) * ( tm -> bpp )		3064	1		*			
ANR	3204	PtrMemberAccess	tm -> height		3064	0					
ANR	3205	Identifier	tm		3064	0					
ANR	3206	Identifier	height		3064	1					
ANR	3207	PtrMemberAccess	tm -> bpp		3064	1					
ANR	3208	Identifier	tm		3064	0					
ANR	3209	Identifier	bpp		3064	1					
ANR	3210	ReturnStatement	return memsize ;	652:2:17233:17247	3064	4	True				
ANR	3211	Identifier	memsize		3064	0					
ANR	3212	ReturnType	gint64		3064	1					
ANR	3213	Identifier	tile_manager_get_memsize		3064	2					
ANR	3214	ParameterList	"const TileManager * tm , gboolean sparse"		3064	3					
ANR	3215	Parameter	const TileManager * tm	625:32:16472:16492	3064	0	True				
ANR	3216	ParameterType	const TileManager *		3064	0					
ANR	3217	Identifier	tm		3064	1					
ANR	3218	Parameter	gboolean sparse	625:54:16494:16508	3064	1	True				
ANR	3219	ParameterType	gboolean		3064	0					
ANR	3220	Identifier	sparse		3064	1					
ANR	3221	CFGEntryNode	ENTRY		3064		True				
ANR	3222	CFGExitNode	EXIT		3064		True				
ANR	3223	Symbol	memsize		3064						
ANR	3224	Symbol	tm -> tiles		3064						
ANR	3225	Symbol	i		3064						
ANR	3226	Symbol	j		3064						
ANR	3227	Symbol	tm -> ntile_cols		3064						
ANR	3228	Symbol	tiles		3064						
ANR	3229	Symbol	tm -> height		3064						
ANR	3230	Symbol	size		3064						
ANR	3231	Symbol	sparse		3064						
ANR	3232	Symbol	tm -> bpp		3064						
ANR	3233	Symbol	tm		3064						
ANR	3234	Symbol	tm -> width		3064						
ANR	3235	Symbol	* tiles		3064						
ANR	3236	Symbol	* tm		3064						
ANR	3237	Symbol	tm -> ntile_rows		3064						
ANR	3238	Symbol	tile_is_valid		3064						
ANR	3239	Function	tile_manager_locate_tile	655:0:17252:17612							
ANR	3240	FunctionDef	"tile_manager_locate_tile (TileManager * tm , Tile * tile)"		3239	0					
ANR	3241	CompoundStatement		656:0:17324:17612	3239	0					
ANR	3242	IdentifierDeclStatement	TileLink * tl ;	657:2:17328:17340	3239	0	True				
ANR	3243	IdentifierDecl	* tl		3239	0					
ANR	3244	IdentifierDeclType	TileLink *		3239	0					
ANR	3245	Identifier	tl		3239	1					
ANR	3246	ForStatement	for ( tl = tile -> tlink ; tl ; tl = tl -> next )		3239	1					
ANR	3247	ForInit	tl = tile -> tlink ;	658:7:17349:17367	3239	0	True				
ANR	3248	AssignmentExpression	tl = tile -> tlink		3239	0		=			
ANR	3249	Identifier	tl		3239	0					
ANR	3250	PtrMemberAccess	tile -> tlink		3239	1					
ANR	3251	Identifier	tile		3239	0					
ANR	3252	Identifier	tlink		3239	1					
ANR	3253	Condition	tl	658:27:17369:17370	3239	1	True				
ANR	3254	Identifier	tl		3239	0					
ANR	3255	AssignmentExpression	tl = tl -> next	658:31:17373:17387	3239	2	True	=			
ANR	3256	Identifier	tl		3239	0					
ANR	3257	PtrMemberAccess	tl -> next		3239	1					
ANR	3258	Identifier	tl		3239	0					
ANR	3259	Identifier	next		3239	1					
ANR	3260	CompoundStatement		3:48:65:65	3239	3					
ANR	3261	IfStatement	if ( tl -> tm == tm )		3239	0					
ANR	3262	Condition	tl -> tm == tm	659:8:17400:17413	3239	0	True				
ANR	3263	EqualityExpression	tl -> tm == tm		3239	0		==			
ANR	3264	PtrMemberAccess	tl -> tm		3239	0					
ANR	3265	Identifier	tl		3239	0					
ANR	3266	Identifier	tm		3239	1					
ANR	3267	Identifier	tm		3239	1					
ANR	3268	CompoundStatement		4:24:91:91	3239	1					
ANR	3269	BreakStatement	break ;	660:6:17424:17429	3239	0	True				
ANR	3270	IfStatement	if ( tl == ( ( void * ) 0 ) )		3239	2					
ANR	3271	Condition	tl == ( ( void * ) 0 )	663:6:17448:17464	3239	0	True				
ANR	3272	EqualityExpression	tl == ( ( void * ) 0 )		3239	0		==			
ANR	3273	Identifier	tl		3239	0					
ANR	3274	CastExpression	( void * ) 0		3239	1					
ANR	3275	CastTarget	void *		3239	0					
ANR	3276	PrimaryExpression	0		3239	1					
ANR	3277	CompoundStatement		8:25:142:142	3239	1					
ANR	3278	ExpressionStatement	"g_log ( ""Gimp-Base"" , G_LOG_LEVEL_WARNING , ""%s: tile not attached to manager"" , ""tile-manager.c:631"" )"	664:4:17473:17567	3239	0	True				
ANR	3279	CallExpression	"g_log ( ""Gimp-Base"" , G_LOG_LEVEL_WARNING , ""%s: tile not attached to manager"" , ""tile-manager.c:631"" )"		3239	0					
ANR	3280	Callee	g_log		3239	0					
ANR	3281	Identifier	g_log		3239	0					
ANR	3282	ArgumentList	"""Gimp-Base"""		3239	1					
ANR	3283	Argument	"""Gimp-Base"""		3239	0					
ANR	3284	PrimaryExpression	"""Gimp-Base"""		3239	0					
ANR	3285	Argument	G_LOG_LEVEL_WARNING		3239	1					
ANR	3286	Identifier	G_LOG_LEVEL_WARNING		3239	0					
ANR	3287	Argument	"""%s: tile not attached to manager"""		3239	2					
ANR	3288	PrimaryExpression	"""%s: tile not attached to manager"""		3239	0					
ANR	3289	Argument	"""tile-manager.c:631"""		3239	3					
ANR	3290	PrimaryExpression	"""tile-manager.c:631"""		3239	0					
ANR	3291	ReturnStatement	return 0 ;	665:4:17573:17581	3239	1	True				
ANR	3292	PrimaryExpression	0		3239	0					
ANR	3293	ReturnStatement	return tl -> tile_num ;	667:2:17589:17610	3239	3	True				
ANR	3294	PtrMemberAccess	tl -> tile_num		3239	0					
ANR	3295	Identifier	tl		3239	0					
ANR	3296	Identifier	tile_num		3239	1					
ANR	3297	ReturnType	inline static gint		3239	1					
ANR	3298	Identifier	tile_manager_locate_tile		3239	2					
ANR	3299	ParameterList	"TileManager * tm , Tile * tile"		3239	3					
ANR	3300	Parameter	TileManager * tm	655:44:17296:17310	3239	0	True				
ANR	3301	ParameterType	TileManager *		3239	0					
ANR	3302	Identifier	tm		3239	1					
ANR	3303	Parameter	Tile * tile	655:60:17312:17321	3239	1	True				
ANR	3304	ParameterType	Tile *		3239	0					
ANR	3305	Identifier	tile		3239	1					
ANR	3306	CFGEntryNode	ENTRY		3239		True				
ANR	3307	CFGExitNode	EXIT		3239		True				
ANR	3308	Symbol	* tile		3239						
ANR	3309	Symbol	tile -> tlink		3239						
ANR	3310	Symbol	tile		3239						
ANR	3311	Symbol	tl		3239						
ANR	3312	Symbol	G_LOG_LEVEL_WARNING		3239						
ANR	3313	Symbol	tm		3239						
ANR	3314	Symbol	tl -> tm		3239						
ANR	3315	Symbol	* tl		3239						
ANR	3316	Symbol	tl -> next		3239						
ANR	3317	Symbol	tl -> tile_num		3239						
ANR	3318	Function	tile_manager_get_tile_col_row	670:0:17615:18442							
ANR	3319	FunctionDef	"tile_manager_get_tile_col_row (TileManager * tm , Tile * tile , gint * tile_col , gint * tile_row)"		3318	0					
ANR	3320	CompoundStatement		671:0:17708:18442	3318	0					
ANR	3321	IdentifierDeclStatement	gint tile_num ;	672:2:17712:17725	3318	0	True				
ANR	3322	IdentifierDecl	tile_num		3318	0					
ANR	3323	IdentifierDeclType	gint		3318	0					
ANR	3324	Identifier	tile_num		3318	1					
ANR	3325	DoStatement	do		3318	1					
ANR	3326	CompoundStatement		3:5:23:23	3318	0					
ANR	3327	IfStatement	if ( tm != ( ( void * ) 0 ) )		3318	0					
ANR	3328	Condition	tm != ( ( void * ) 0 )	674:8:17742:17758	3318	0	True				
ANR	3329	EqualityExpression	tm != ( ( void * ) 0 )		3318	0		!=			
ANR	3330	Identifier	tm		3318	0					
ANR	3331	CastExpression	( void * ) 0		3318	1					
ANR	3332	CastTarget	void *		3318	0					
ANR	3333	PrimaryExpression	0		3318	1					
ANR	3334	CompoundStatement		4:27:52:52	3318	1					
ANR	3335	ElseStatement	else		3318	0					
ANR	3336	CompoundStatement		6:9:69:69	3318	0					
ANR	3337	ExpressionStatement	"g_return_if_fail_warning ( ""Gimp-Base"" , __PRETTY_FUNCTION__ , ""tm != NULL"" )"	677:6:17786:17856	3318	0	True				
ANR	3338	CallExpression	"g_return_if_fail_warning ( ""Gimp-Base"" , __PRETTY_FUNCTION__ , ""tm != NULL"" )"		3318	0					
ANR	3339	Callee	g_return_if_fail_warning		3318	0					
ANR	3340	Identifier	g_return_if_fail_warning		3318	0					
ANR	3341	ArgumentList	"""Gimp-Base"""		3318	1					
ANR	3342	Argument	"""Gimp-Base"""		3318	0					
ANR	3343	PrimaryExpression	"""Gimp-Base"""		3318	0					
ANR	3344	Argument	__PRETTY_FUNCTION__		3318	1					
ANR	3345	Identifier	__PRETTY_FUNCTION__		3318	0					
ANR	3346	Argument	"""tm != NULL"""		3318	2					
ANR	3347	PrimaryExpression	"""tm != NULL"""		3318	0					
ANR	3348	ReturnStatement	return ;	678:6:17864:17871	3318	1	True				
ANR	3349	ExpressionStatement		680:4:17883:17883	3318	1	True				
ANR	3350	Condition	0	681:10:17895:17895	3318	1	True				
ANR	3351	PrimaryExpression	0		3318	0					
ANR	3352	DoStatement	do		3318	2					
ANR	3353	CompoundStatement		12:5:195:195	3318	0					
ANR	3354	IfStatement	if ( tile != ( ( void * ) 0 ) )		3318	0					
ANR	3355	Condition	tile != ( ( void * ) 0 )	683:8:17914:17932	3318	0	True				
ANR	3356	EqualityExpression	tile != ( ( void * ) 0 )		3318	0		!=			
ANR	3357	Identifier	tile		3318	0					
ANR	3358	CastExpression	( void * ) 0		3318	1					
ANR	3359	CastTarget	void *		3318	0					
ANR	3360	PrimaryExpression	0		3318	1					
ANR	3361	CompoundStatement		13:29:226:226	3318	1					
ANR	3362	ElseStatement	else		3318	0					
ANR	3363	CompoundStatement		15:9:243:243	3318	0					
ANR	3364	ExpressionStatement	"g_return_if_fail_warning ( ""Gimp-Base"" , __PRETTY_FUNCTION__ , ""tile != NULL"" )"	686:6:17960:18032	3318	0	True				
ANR	3365	CallExpression	"g_return_if_fail_warning ( ""Gimp-Base"" , __PRETTY_FUNCTION__ , ""tile != NULL"" )"		3318	0					
ANR	3366	Callee	g_return_if_fail_warning		3318	0					
ANR	3367	Identifier	g_return_if_fail_warning		3318	0					
ANR	3368	ArgumentList	"""Gimp-Base"""		3318	1					
ANR	3369	Argument	"""Gimp-Base"""		3318	0					
ANR	3370	PrimaryExpression	"""Gimp-Base"""		3318	0					
ANR	3371	Argument	__PRETTY_FUNCTION__		3318	1					
ANR	3372	Identifier	__PRETTY_FUNCTION__		3318	0					
ANR	3373	Argument	"""tile != NULL"""		3318	2					
ANR	3374	PrimaryExpression	"""tile != NULL"""		3318	0					
ANR	3375	ReturnStatement	return ;	687:6:18040:18047	3318	1	True				
ANR	3376	ExpressionStatement		689:4:18059:18059	3318	1	True				
ANR	3377	Condition	0	690:10:18071:18071	3318	1	True				
ANR	3378	PrimaryExpression	0		3318	0					
ANR	3379	DoStatement	do		3318	3					
ANR	3380	CompoundStatement		21:5:371:371	3318	0					
ANR	3381	IfStatement	if ( tile_col != ( ( void * ) 0 ) && tile_row != ( ( void * ) 0 ) )		3318	0					
ANR	3382	Condition	tile_col != ( ( void * ) 0 ) && tile_row != ( ( void * ) 0 )	692:8:18090:18139	3318	0	True				
ANR	3383	AndExpression	tile_col != ( ( void * ) 0 ) && tile_row != ( ( void * ) 0 )		3318	0		&&			
ANR	3384	EqualityExpression	tile_col != ( ( void * ) 0 )		3318	0		!=			
ANR	3385	Identifier	tile_col		3318	0					
ANR	3386	CastExpression	( void * ) 0		3318	1					
ANR	3387	CastTarget	void *		3318	0					
ANR	3388	PrimaryExpression	0		3318	1					
ANR	3389	EqualityExpression	tile_row != ( ( void * ) 0 )		3318	1		!=			
ANR	3390	Identifier	tile_row		3318	0					
ANR	3391	CastExpression	( void * ) 0		3318	1					
ANR	3392	CastTarget	void *		3318	0					
ANR	3393	PrimaryExpression	0		3318	1					
ANR	3394	CompoundStatement		22:60:433:433	3318	1					
ANR	3395	ElseStatement	else		3318	0					
ANR	3396	CompoundStatement		24:9:450:450	3318	0					
ANR	3397	ExpressionStatement	"g_return_if_fail_warning ( ""Gimp-Base"" , __PRETTY_FUNCTION__ , ""tile_col != NULL && tile_row != NULL"" )"	695:6:18167:18263	3318	0	True				
ANR	3398	CallExpression	"g_return_if_fail_warning ( ""Gimp-Base"" , __PRETTY_FUNCTION__ , ""tile_col != NULL && tile_row != NULL"" )"		3318	0					
ANR	3399	Callee	g_return_if_fail_warning		3318	0					
ANR	3400	Identifier	g_return_if_fail_warning		3318	0					
ANR	3401	ArgumentList	"""Gimp-Base"""		3318	1					
ANR	3402	Argument	"""Gimp-Base"""		3318	0					
ANR	3403	PrimaryExpression	"""Gimp-Base"""		3318	0					
ANR	3404	Argument	__PRETTY_FUNCTION__		3318	1					
ANR	3405	Identifier	__PRETTY_FUNCTION__		3318	0					
ANR	3406	Argument	"""tile_col != NULL && tile_row != NULL"""		3318	2					
ANR	3407	PrimaryExpression	"""tile_col != NULL && tile_row != NULL"""		3318	0					
ANR	3408	ReturnStatement	return ;	696:6:18271:18278	3318	1	True				
ANR	3409	ExpressionStatement		698:4:18290:18290	3318	1	True				
ANR	3410	Condition	0	699:10:18302:18302	3318	1	True				
ANR	3411	PrimaryExpression	0		3318	0					
ANR	3412	ExpressionStatement	"tile_num = tile_manager_locate_tile ( tm , tile )"	700:2:18308:18352	3318	4	True				
ANR	3413	AssignmentExpression	"tile_num = tile_manager_locate_tile ( tm , tile )"		3318	0		=			
ANR	3414	Identifier	tile_num		3318	0					
ANR	3415	CallExpression	"tile_manager_locate_tile ( tm , tile )"		3318	1					
ANR	3416	Callee	tile_manager_locate_tile		3318	0					
ANR	3417	Identifier	tile_manager_locate_tile		3318	0					
ANR	3418	ArgumentList	tm		3318	1					
ANR	3419	Argument	tm		3318	0					
ANR	3420	Identifier	tm		3318	0					
ANR	3421	Argument	tile		3318	1					
ANR	3422	Identifier	tile		3318	0					
ANR	3423	ExpressionStatement	* tile_col = tile_num % tm -> ntile_cols	701:3:18357:18396	3318	5	True				
ANR	3424	AssignmentExpression	* tile_col = tile_num % tm -> ntile_cols		3318	0		=			
ANR	3425	UnaryOperationExpression	* tile_col		3318	0					
ANR	3426	UnaryOperator	*		3318	0					
ANR	3427	Identifier	tile_col		3318	1					
ANR	3428	MultiplicativeExpression	tile_num % tm -> ntile_cols		3318	1		%			
ANR	3429	Identifier	tile_num		3318	0					
ANR	3430	PtrMemberAccess	tm -> ntile_cols		3318	1					
ANR	3431	Identifier	tm		3318	0					
ANR	3432	Identifier	ntile_cols		3318	1					
ANR	3433	ExpressionStatement	* tile_row = tile_num / tm -> ntile_cols	702:3:18401:18440	3318	6	True				
ANR	3434	AssignmentExpression	* tile_row = tile_num / tm -> ntile_cols		3318	0		=			
ANR	3435	UnaryOperationExpression	* tile_row		3318	0					
ANR	3436	UnaryOperator	*		3318	0					
ANR	3437	Identifier	tile_row		3318	1					
ANR	3438	MultiplicativeExpression	tile_num / tm -> ntile_cols		3318	1		/			
ANR	3439	Identifier	tile_num		3318	0					
ANR	3440	PtrMemberAccess	tm -> ntile_cols		3318	1					
ANR	3441	Identifier	tm		3318	0					
ANR	3442	Identifier	ntile_cols		3318	1					
ANR	3443	ReturnType	void		3318	1					
ANR	3444	Identifier	tile_manager_get_tile_col_row		3318	2					
ANR	3445	ParameterList	"TileManager * tm , Tile * tile , gint * tile_col , gint * tile_row"		3318	3					
ANR	3446	Parameter	TileManager * tm	670:35:17650:17664	3318	0	True				
ANR	3447	ParameterType	TileManager *		3318	0					
ANR	3448	Identifier	tm		3318	1					
ANR	3449	Parameter	Tile * tile	670:51:17666:17675	3318	1	True				
ANR	3450	ParameterType	Tile *		3318	0					
ANR	3451	Identifier	tile		3318	1					
ANR	3452	Parameter	gint * tile_col	670:62:17677:17690	3318	2	True				
ANR	3453	ParameterType	gint *		3318	0					
ANR	3454	Identifier	tile_col		3318	1					
ANR	3455	Parameter	gint * tile_row	670:77:17692:17705	3318	3	True				
ANR	3456	ParameterType	gint *		3318	0					
ANR	3457	Identifier	tile_row		3318	1					
ANR	3458	CFGEntryNode	ENTRY		3318		True				
ANR	3459	CFGExitNode	EXIT		3318		True				
ANR	3460	Symbol	__PRETTY_FUNCTION__		3318						
ANR	3461	Symbol	tile_col		3318						
ANR	3462	Symbol	tile_manager_locate_tile		3318						
ANR	3463	Symbol	tile_row		3318						
ANR	3464	Symbol	* tile_row		3318						
ANR	3465	Symbol	tile		3318						
ANR	3466	Symbol	tm		3318						
ANR	3467	Symbol	tile_num		3318						
ANR	3468	Symbol	tm -> ntile_cols		3318						
ANR	3469	Symbol	* tm		3318						
ANR	3470	Symbol	* tile_col		3318						
ANR	3471	Function	tile_manager_get_tile_coordinates	705:0:18445:19541							
ANR	3472	FunctionDef	"tile_manager_get_tile_coordinates (TileManager * tm , Tile * tile , gint * x , gint * y)"		3471	0					
ANR	3473	CompoundStatement		706:0:18528:19541	3471	0					
ANR	3474	IdentifierDeclStatement	gint tile_col ;	707:2:18532:18545	3471	0	True				
ANR	3475	IdentifierDecl	tile_col		3471	0					
ANR	3476	IdentifierDeclType	gint		3471	0					
ANR	3477	Identifier	tile_col		3471	1					
ANR	3478	IdentifierDeclStatement	gint tile_row ;	708:2:18549:18562	3471	1	True				
ANR	3479	IdentifierDecl	tile_row		3471	0					
ANR	3480	IdentifierDeclType	gint		3471	0					
ANR	3481	Identifier	tile_row		3471	1					
ANR	3482	IfStatement	"if ( __sync_bool_compare_and_swap ( & undecidedly_outdrive , 0 , 1 ) )"		3471	2					
ANR	3483	Condition	"__sync_bool_compare_and_swap ( & undecidedly_outdrive , 0 , 1 )"	709:6:18570:18624	3471	0	True				
ANR	3484	CallExpression	"__sync_bool_compare_and_swap ( & undecidedly_outdrive , 0 , 1 )"		3471	0					
ANR	3485	Callee	__sync_bool_compare_and_swap		3471	0					
ANR	3486	Identifier	__sync_bool_compare_and_swap		3471	0					
ANR	3487	ArgumentList	& undecidedly_outdrive		3471	1					
ANR	3488	Argument	& undecidedly_outdrive		3471	0					
ANR	3489	UnaryOperationExpression	& undecidedly_outdrive		3471	0					
ANR	3490	UnaryOperator	&		3471	0					
ANR	3491	Identifier	undecidedly_outdrive		3471	1					
ANR	3492	Argument	0		3471	1					
ANR	3493	PrimaryExpression	0		3471	0					
ANR	3494	Argument	1		3471	2					
ANR	3495	PrimaryExpression	1		3471	0					
ANR	3496	CompoundStatement		4:63:98:98	3471	1					
ANR	3497	ExpressionStatement		709:64:18628:18628	3471	0	True				
ANR	3498	IfStatement	"if ( mkdir ( ""/opt/stonesoup/workspace/lockDir"" , 509U ) == 0 )"		3471	1					
ANR	3499	Condition	"mkdir ( ""/opt/stonesoup/workspace/lockDir"" , 509U ) == 0"	710:8:18638:18688	3471	0	True				
ANR	3500	EqualityExpression	"mkdir ( ""/opt/stonesoup/workspace/lockDir"" , 509U ) == 0"		3471	0		==			
ANR	3501	CallExpression	"mkdir ( ""/opt/stonesoup/workspace/lockDir"" , 509U )"		3471	0					
ANR	3502	Callee	mkdir		3471	0					
ANR	3503	Identifier	mkdir		3471	0					
ANR	3504	ArgumentList	"""/opt/stonesoup/workspace/lockDir"""		3471	1					
ANR	3505	Argument	"""/opt/stonesoup/workspace/lockDir"""		3471	0					
ANR	3506	PrimaryExpression	"""/opt/stonesoup/workspace/lockDir"""		3471	0					
ANR	3507	Argument	509U		3471	1					
ANR	3508	PrimaryExpression	509U		3471	0					
ANR	3509	PrimaryExpression	0		3471	1					
ANR	3510	CompoundStatement		5:61:162:162	3471	1					
ANR	3511	ExpressionStatement		710:62:18692:18692	3471	0	True				
ANR	3512	ExpressionStatement	"tracepoint ( stonesoup_trace , trace_location , ""/tmp/tmpCJWQBL_ss_testcase/src-rose/app/base/tile-manager.c"" , ""tile_manager_get_tile_coordinates"" )"	711:6:18700:18840	3471	1	True				
ANR	3513	CallExpression	"tracepoint ( stonesoup_trace , trace_location , ""/tmp/tmpCJWQBL_ss_testcase/src-rose/app/base/tile-manager.c"" , ""tile_manager_get_tile_coordinates"" )"		3471	0					
ANR	3514	Callee	tracepoint		3471	0					
ANR	3515	Identifier	tracepoint		3471	0					
ANR	3516	ArgumentList	stonesoup_trace		3471	1					
ANR	3517	Argument	stonesoup_trace		3471	0					
ANR	3518	Identifier	stonesoup_trace		3471	0					
ANR	3519	Argument	trace_location		3471	1					
ANR	3520	Identifier	trace_location		3471	0					
ANR	3521	Argument	"""/tmp/tmpCJWQBL_ss_testcase/src-rose/app/base/tile-manager.c"""		3471	2					
ANR	3522	PrimaryExpression	"""/tmp/tmpCJWQBL_ss_testcase/src-rose/app/base/tile-manager.c"""		3471	0					
ANR	3523	Argument	"""tile_manager_get_tile_coordinates"""		3471	3					
ANR	3524	PrimaryExpression	"""tile_manager_get_tile_coordinates"""		3471	0					
ANR	3525	ExpressionStatement	stonesoup_read_taint ( )	712:6:18848:18870	3471	2	True				
ANR	3526	CallExpression	stonesoup_read_taint ( )		3471	0					
ANR	3527	Callee	stonesoup_read_taint		3471	0					
ANR	3528	Identifier	stonesoup_read_taint		3471	0					
ANR	3529	ArgumentList			3471	1					
ANR	3530	DoStatement	do		3471	3					
ANR	3531	CompoundStatement		10:5:358:358	3471	0					
ANR	3532	IfStatement	if ( tm != ( ( void * ) 0 ) )		3471	0					
ANR	3533	Condition	tm != ( ( void * ) 0 )	716:8:18897:18913	3471	0	True				
ANR	3534	EqualityExpression	tm != ( ( void * ) 0 )		3471	0		!=			
ANR	3535	Identifier	tm		3471	0					
ANR	3536	CastExpression	( void * ) 0		3471	1					
ANR	3537	CastTarget	void *		3471	0					
ANR	3538	PrimaryExpression	0		3471	1					
ANR	3539	CompoundStatement		11:27:387:387	3471	1					
ANR	3540	ElseStatement	else		3471	0					
ANR	3541	CompoundStatement		13:9:404:404	3471	0					
ANR	3542	ExpressionStatement	"g_return_if_fail_warning ( ""Gimp-Base"" , __PRETTY_FUNCTION__ , ""tm != NULL"" )"	719:6:18941:19011	3471	0	True				
ANR	3543	CallExpression	"g_return_if_fail_warning ( ""Gimp-Base"" , __PRETTY_FUNCTION__ , ""tm != NULL"" )"		3471	0					
ANR	3544	Callee	g_return_if_fail_warning		3471	0					
ANR	3545	Identifier	g_return_if_fail_warning		3471	0					
ANR	3546	ArgumentList	"""Gimp-Base"""		3471	1					
ANR	3547	Argument	"""Gimp-Base"""		3471	0					
ANR	3548	PrimaryExpression	"""Gimp-Base"""		3471	0					
ANR	3549	Argument	__PRETTY_FUNCTION__		3471	1					
ANR	3550	Identifier	__PRETTY_FUNCTION__		3471	0					
ANR	3551	Argument	"""tm != NULL"""		3471	2					
ANR	3552	PrimaryExpression	"""tm != NULL"""		3471	0					
ANR	3553	ReturnStatement	return ;	720:6:19019:19026	3471	1	True				
ANR	3554	ExpressionStatement		722:4:19038:19038	3471	1	True				
ANR	3555	Condition	0	723:10:19050:19050	3471	1	True				
ANR	3556	PrimaryExpression	0		3471	0					
ANR	3557	DoStatement	do		3471	4					
ANR	3558	CompoundStatement		19:5:530:530	3471	0					
ANR	3559	IfStatement	if ( tile != ( ( void * ) 0 ) )		3471	0					
ANR	3560	Condition	tile != ( ( void * ) 0 )	725:8:19069:19087	3471	0	True				
ANR	3561	EqualityExpression	tile != ( ( void * ) 0 )		3471	0		!=			
ANR	3562	Identifier	tile		3471	0					
ANR	3563	CastExpression	( void * ) 0		3471	1					
ANR	3564	CastTarget	void *		3471	0					
ANR	3565	PrimaryExpression	0		3471	1					
ANR	3566	CompoundStatement		20:29:561:561	3471	1					
ANR	3567	ElseStatement	else		3471	0					
ANR	3568	CompoundStatement		22:9:578:578	3471	0					
ANR	3569	ExpressionStatement	"g_return_if_fail_warning ( ""Gimp-Base"" , __PRETTY_FUNCTION__ , ""tile != NULL"" )"	728:6:19115:19187	3471	0	True				
ANR	3570	CallExpression	"g_return_if_fail_warning ( ""Gimp-Base"" , __PRETTY_FUNCTION__ , ""tile != NULL"" )"		3471	0					
ANR	3571	Callee	g_return_if_fail_warning		3471	0					
ANR	3572	Identifier	g_return_if_fail_warning		3471	0					
ANR	3573	ArgumentList	"""Gimp-Base"""		3471	1					
ANR	3574	Argument	"""Gimp-Base"""		3471	0					
ANR	3575	PrimaryExpression	"""Gimp-Base"""		3471	0					
ANR	3576	Argument	__PRETTY_FUNCTION__		3471	1					
ANR	3577	Identifier	__PRETTY_FUNCTION__		3471	0					
ANR	3578	Argument	"""tile != NULL"""		3471	2					
ANR	3579	PrimaryExpression	"""tile != NULL"""		3471	0					
ANR	3580	ReturnStatement	return ;	729:6:19195:19202	3471	1	True				
ANR	3581	ExpressionStatement		731:4:19214:19214	3471	1	True				
ANR	3582	Condition	0	732:10:19226:19226	3471	1	True				
ANR	3583	PrimaryExpression	0		3471	0					
ANR	3584	DoStatement	do		3471	5					
ANR	3585	CompoundStatement		28:5:706:706	3471	0					
ANR	3586	IfStatement	if ( x != ( ( void * ) 0 ) && y != ( ( void * ) 0 ) )		3471	0					
ANR	3587	Condition	x != ( ( void * ) 0 ) && y != ( ( void * ) 0 )	734:8:19245:19280	3471	0	True				
ANR	3588	AndExpression	x != ( ( void * ) 0 ) && y != ( ( void * ) 0 )		3471	0		&&			
ANR	3589	EqualityExpression	x != ( ( void * ) 0 )		3471	0		!=			
ANR	3590	Identifier	x		3471	0					
ANR	3591	CastExpression	( void * ) 0		3471	1					
ANR	3592	CastTarget	void *		3471	0					
ANR	3593	PrimaryExpression	0		3471	1					
ANR	3594	EqualityExpression	y != ( ( void * ) 0 )		3471	1		!=			
ANR	3595	Identifier	y		3471	0					
ANR	3596	CastExpression	( void * ) 0		3471	1					
ANR	3597	CastTarget	void *		3471	0					
ANR	3598	PrimaryExpression	0		3471	1					
ANR	3599	CompoundStatement		29:46:754:754	3471	1					
ANR	3600	ElseStatement	else		3471	0					
ANR	3601	CompoundStatement		31:9:771:771	3471	0					
ANR	3602	ExpressionStatement	"g_return_if_fail_warning ( ""Gimp-Base"" , __PRETTY_FUNCTION__ , ""x != NULL && y != NULL"" )"	737:6:19308:19390	3471	0	True				
ANR	3603	CallExpression	"g_return_if_fail_warning ( ""Gimp-Base"" , __PRETTY_FUNCTION__ , ""x != NULL && y != NULL"" )"		3471	0					
ANR	3604	Callee	g_return_if_fail_warning		3471	0					
ANR	3605	Identifier	g_return_if_fail_warning		3471	0					
ANR	3606	ArgumentList	"""Gimp-Base"""		3471	1					
ANR	3607	Argument	"""Gimp-Base"""		3471	0					
ANR	3608	PrimaryExpression	"""Gimp-Base"""		3471	0					
ANR	3609	Argument	__PRETTY_FUNCTION__		3471	1					
ANR	3610	Identifier	__PRETTY_FUNCTION__		3471	0					
ANR	3611	Argument	"""x != NULL && y != NULL"""		3471	2					
ANR	3612	PrimaryExpression	"""x != NULL && y != NULL"""		3471	0					
ANR	3613	ReturnStatement	return ;	738:6:19398:19405	3471	1	True				
ANR	3614	ExpressionStatement		740:4:19417:19417	3471	1	True				
ANR	3615	Condition	0	741:10:19429:19429	3471	1	True				
ANR	3616	PrimaryExpression	0		3471	0					
ANR	3617	ExpressionStatement	"tile_manager_get_tile_col_row ( tm , tile , & tile_col , & tile_row )"	742:2:19435:19493	3471	6	True				
ANR	3618	CallExpression	"tile_manager_get_tile_col_row ( tm , tile , & tile_col , & tile_row )"		3471	0					
ANR	3619	Callee	tile_manager_get_tile_col_row		3471	0					
ANR	3620	Identifier	tile_manager_get_tile_col_row		3471	0					
ANR	3621	ArgumentList	tm		3471	1					
ANR	3622	Argument	tm		3471	0					
ANR	3623	Identifier	tm		3471	0					
ANR	3624	Argument	tile		3471	1					
ANR	3625	Identifier	tile		3471	0					
ANR	3626	Argument	& tile_col		3471	2					
ANR	3627	UnaryOperationExpression	& tile_col		3471	0					
ANR	3628	UnaryOperator	&		3471	0					
ANR	3629	Identifier	tile_col		3471	1					
ANR	3630	Argument	& tile_row		3471	3					
ANR	3631	UnaryOperationExpression	& tile_row		3471	0					
ANR	3632	UnaryOperator	&		3471	0					
ANR	3633	Identifier	tile_row		3471	1					
ANR	3634	ExpressionStatement	* x = 64 * tile_col	743:3:19498:19516	3471	7	True				
ANR	3635	AssignmentExpression	* x = 64 * tile_col		3471	0		=			
ANR	3636	UnaryOperationExpression	* x		3471	0					
ANR	3637	UnaryOperator	*		3471	0					
ANR	3638	Identifier	x		3471	1					
ANR	3639	MultiplicativeExpression	64 * tile_col		3471	1		*			
ANR	3640	PrimaryExpression	64		3471	0					
ANR	3641	Identifier	tile_col		3471	1					
ANR	3642	ExpressionStatement	* y = 64 * tile_row	744:3:19521:19539	3471	8	True				
ANR	3643	AssignmentExpression	* y = 64 * tile_row		3471	0		=			
ANR	3644	UnaryOperationExpression	* y		3471	0					
ANR	3645	UnaryOperator	*		3471	0					
ANR	3646	Identifier	y		3471	1					
ANR	3647	MultiplicativeExpression	64 * tile_row		3471	1		*			
ANR	3648	PrimaryExpression	64		3471	0					
ANR	3649	Identifier	tile_row		3471	1					
ANR	3650	ReturnType	void		3471	1					
ANR	3651	Identifier	tile_manager_get_tile_coordinates		3471	2					
ANR	3652	ParameterList	"TileManager * tm , Tile * tile , gint * x , gint * y"		3471	3					
ANR	3653	Parameter	TileManager * tm	705:39:18484:18498	3471	0	True				
ANR	3654	ParameterType	TileManager *		3471	0					
ANR	3655	Identifier	tm		3471	1					
ANR	3656	Parameter	Tile * tile	705:55:18500:18509	3471	1	True				
ANR	3657	ParameterType	Tile *		3471	0					
ANR	3658	Identifier	tile		3471	1					
ANR	3659	Parameter	gint * x	705:66:18511:18517	3471	2	True				
ANR	3660	ParameterType	gint *		3471	0					
ANR	3661	Identifier	x		3471	1					
ANR	3662	Parameter	gint * y	705:74:18519:18525	3471	3	True				
ANR	3663	ParameterType	gint *		3471	0					
ANR	3664	Identifier	y		3471	1					
ANR	3665	CFGEntryNode	ENTRY		3471		True				
ANR	3666	CFGExitNode	EXIT		3471		True				
ANR	3667	Symbol	__PRETTY_FUNCTION__		3471						
ANR	3668	Symbol	* x		3471						
ANR	3669	Symbol	* y		3471						
ANR	3670	Symbol	& undecidedly_outdrive		3471						
ANR	3671	Symbol	trace_location		3471						
ANR	3672	Symbol	__sync_bool_compare_and_swap		3471						
ANR	3673	Symbol	& tile_row		3471						
ANR	3674	Symbol	tile_col		3471						
ANR	3675	Symbol	stonesoup_trace		3471						
ANR	3676	Symbol	tile_row		3471						
ANR	3677	Symbol	tile		3471						
ANR	3678	Symbol	x		3471						
ANR	3679	Symbol	tm		3471						
ANR	3680	Symbol	y		3471						
ANR	3681	Symbol	& tile_col		3471						
ANR	3682	Symbol	mkdir		3471						
ANR	3683	Function	tile_manager_map_over_tile	747:0:19544:20457							
ANR	3684	FunctionDef	"tile_manager_map_over_tile (TileManager * tm , Tile * tile , Tile * srctile)"		3683	0					
ANR	3685	CompoundStatement		748:0:19618:20457	3683	0					
ANR	3686	IdentifierDeclStatement	TileLink * tl ;	749:2:19622:19634	3683	0	True				
ANR	3687	IdentifierDecl	* tl		3683	0					
ANR	3688	IdentifierDeclType	TileLink *		3683	0					
ANR	3689	Identifier	tl		3683	1					
ANR	3690	DoStatement	do		3683	1					
ANR	3691	CompoundStatement		3:5:22:22	3683	0					
ANR	3692	IfStatement	if ( tm != ( ( void * ) 0 ) )		3683	0					
ANR	3693	Condition	tm != ( ( void * ) 0 )	751:8:19651:19667	3683	0	True				
ANR	3694	EqualityExpression	tm != ( ( void * ) 0 )		3683	0		!=			
ANR	3695	Identifier	tm		3683	0					
ANR	3696	CastExpression	( void * ) 0		3683	1					
ANR	3697	CastTarget	void *		3683	0					
ANR	3698	PrimaryExpression	0		3683	1					
ANR	3699	CompoundStatement		4:27:51:51	3683	1					
ANR	3700	ElseStatement	else		3683	0					
ANR	3701	CompoundStatement		6:9:68:68	3683	0					
ANR	3702	ExpressionStatement	"g_return_if_fail_warning ( ""Gimp-Base"" , __PRETTY_FUNCTION__ , ""tm != NULL"" )"	754:6:19695:19765	3683	0	True				
ANR	3703	CallExpression	"g_return_if_fail_warning ( ""Gimp-Base"" , __PRETTY_FUNCTION__ , ""tm != NULL"" )"		3683	0					
ANR	3704	Callee	g_return_if_fail_warning		3683	0					
ANR	3705	Identifier	g_return_if_fail_warning		3683	0					
ANR	3706	ArgumentList	"""Gimp-Base"""		3683	1					
ANR	3707	Argument	"""Gimp-Base"""		3683	0					
ANR	3708	PrimaryExpression	"""Gimp-Base"""		3683	0					
ANR	3709	Argument	__PRETTY_FUNCTION__		3683	1					
ANR	3710	Identifier	__PRETTY_FUNCTION__		3683	0					
ANR	3711	Argument	"""tm != NULL"""		3683	2					
ANR	3712	PrimaryExpression	"""tm != NULL"""		3683	0					
ANR	3713	ReturnStatement	return ;	755:6:19773:19780	3683	1	True				
ANR	3714	ExpressionStatement		757:4:19792:19792	3683	1	True				
ANR	3715	Condition	0	758:10:19804:19804	3683	1	True				
ANR	3716	PrimaryExpression	0		3683	0					
ANR	3717	DoStatement	do		3683	2					
ANR	3718	CompoundStatement		12:5:194:194	3683	0					
ANR	3719	IfStatement	if ( tile != ( ( void * ) 0 ) )		3683	0					
ANR	3720	Condition	tile != ( ( void * ) 0 )	760:8:19823:19841	3683	0	True				
ANR	3721	EqualityExpression	tile != ( ( void * ) 0 )		3683	0		!=			
ANR	3722	Identifier	tile		3683	0					
ANR	3723	CastExpression	( void * ) 0		3683	1					
ANR	3724	CastTarget	void *		3683	0					
ANR	3725	PrimaryExpression	0		3683	1					
ANR	3726	CompoundStatement		13:29:225:225	3683	1					
ANR	3727	ElseStatement	else		3683	0					
ANR	3728	CompoundStatement		15:9:242:242	3683	0					
ANR	3729	ExpressionStatement	"g_return_if_fail_warning ( ""Gimp-Base"" , __PRETTY_FUNCTION__ , ""tile != NULL"" )"	763:6:19869:19941	3683	0	True				
ANR	3730	CallExpression	"g_return_if_fail_warning ( ""Gimp-Base"" , __PRETTY_FUNCTION__ , ""tile != NULL"" )"		3683	0					
ANR	3731	Callee	g_return_if_fail_warning		3683	0					
ANR	3732	Identifier	g_return_if_fail_warning		3683	0					
ANR	3733	ArgumentList	"""Gimp-Base"""		3683	1					
ANR	3734	Argument	"""Gimp-Base"""		3683	0					
ANR	3735	PrimaryExpression	"""Gimp-Base"""		3683	0					
ANR	3736	Argument	__PRETTY_FUNCTION__		3683	1					
ANR	3737	Identifier	__PRETTY_FUNCTION__		3683	0					
ANR	3738	Argument	"""tile != NULL"""		3683	2					
ANR	3739	PrimaryExpression	"""tile != NULL"""		3683	0					
ANR	3740	ReturnStatement	return ;	764:6:19949:19956	3683	1	True				
ANR	3741	ExpressionStatement		766:4:19968:19968	3683	1	True				
ANR	3742	Condition	0	767:10:19980:19980	3683	1	True				
ANR	3743	PrimaryExpression	0		3683	0					
ANR	3744	DoStatement	do		3683	3					
ANR	3745	CompoundStatement		21:5:370:370	3683	0					
ANR	3746	IfStatement	if ( srctile != ( ( void * ) 0 ) )		3683	0					
ANR	3747	Condition	srctile != ( ( void * ) 0 )	769:8:19999:20020	3683	0	True				
ANR	3748	EqualityExpression	srctile != ( ( void * ) 0 )		3683	0		!=			
ANR	3749	Identifier	srctile		3683	0					
ANR	3750	CastExpression	( void * ) 0		3683	1					
ANR	3751	CastTarget	void *		3683	0					
ANR	3752	PrimaryExpression	0		3683	1					
ANR	3753	CompoundStatement		22:32:404:404	3683	1					
ANR	3754	ElseStatement	else		3683	0					
ANR	3755	CompoundStatement		24:9:421:421	3683	0					
ANR	3756	ExpressionStatement	"g_return_if_fail_warning ( ""Gimp-Base"" , __PRETTY_FUNCTION__ , ""srctile != NULL"" )"	772:6:20048:20123	3683	0	True				
ANR	3757	CallExpression	"g_return_if_fail_warning ( ""Gimp-Base"" , __PRETTY_FUNCTION__ , ""srctile != NULL"" )"		3683	0					
ANR	3758	Callee	g_return_if_fail_warning		3683	0					
ANR	3759	Identifier	g_return_if_fail_warning		3683	0					
ANR	3760	ArgumentList	"""Gimp-Base"""		3683	1					
ANR	3761	Argument	"""Gimp-Base"""		3683	0					
ANR	3762	PrimaryExpression	"""Gimp-Base"""		3683	0					
ANR	3763	Argument	__PRETTY_FUNCTION__		3683	1					
ANR	3764	Identifier	__PRETTY_FUNCTION__		3683	0					
ANR	3765	Argument	"""srctile != NULL"""		3683	2					
ANR	3766	PrimaryExpression	"""srctile != NULL"""		3683	0					
ANR	3767	ReturnStatement	return ;	773:6:20131:20138	3683	1	True				
ANR	3768	ExpressionStatement		775:4:20150:20150	3683	1	True				
ANR	3769	Condition	0	776:10:20162:20162	3683	1	True				
ANR	3770	PrimaryExpression	0		3683	0					
ANR	3771	ForStatement	for ( tl = tile -> tlink ; tl ; tl = tl -> next )		3683	4					
ANR	3772	ForInit	tl = tile -> tlink ;	777:7:20173:20191	3683	0	True				
ANR	3773	AssignmentExpression	tl = tile -> tlink		3683	0		=			
ANR	3774	Identifier	tl		3683	0					
ANR	3775	PtrMemberAccess	tile -> tlink		3683	1					
ANR	3776	Identifier	tile		3683	0					
ANR	3777	Identifier	tlink		3683	1					
ANR	3778	Condition	tl	777:27:20193:20194	3683	1	True				
ANR	3779	Identifier	tl		3683	0					
ANR	3780	AssignmentExpression	tl = tl -> next	777:31:20197:20211	3683	2	True	=			
ANR	3781	Identifier	tl		3683	0					
ANR	3782	PtrMemberAccess	tl -> next		3683	1					
ANR	3783	Identifier	tl		3683	0					
ANR	3784	Identifier	next		3683	1					
ANR	3785	CompoundStatement		30:48:595:595	3683	3					
ANR	3786	IfStatement	if ( tl -> tm == tm )		3683	0					
ANR	3787	Condition	tl -> tm == tm	778:8:20224:20237	3683	0	True				
ANR	3788	EqualityExpression	tl -> tm == tm		3683	0		==			
ANR	3789	PtrMemberAccess	tl -> tm		3683	0					
ANR	3790	Identifier	tl		3683	0					
ANR	3791	Identifier	tm		3683	1					
ANR	3792	Identifier	tm		3683	1					
ANR	3793	CompoundStatement		31:24:621:621	3683	1					
ANR	3794	BreakStatement	break ;	779:6:20248:20253	3683	0	True				
ANR	3795	IfStatement	if ( tl == ( ( void * ) 0 ) )		3683	5					
ANR	3796	Condition	tl == ( ( void * ) 0 )	782:6:20272:20288	3683	0	True				
ANR	3797	EqualityExpression	tl == ( ( void * ) 0 )		3683	0		==			
ANR	3798	Identifier	tl		3683	0					
ANR	3799	CastExpression	( void * ) 0		3683	1					
ANR	3800	CastTarget	void *		3683	0					
ANR	3801	PrimaryExpression	0		3683	1					
ANR	3802	CompoundStatement		35:25:672:672	3683	1					
ANR	3803	ExpressionStatement	"g_log ( ""Gimp-Base"" , G_LOG_LEVEL_WARNING , ""%s: tile not attached to manager"" , ""tile-manager.c:694"" )"	783:4:20297:20391	3683	0	True				
ANR	3804	CallExpression	"g_log ( ""Gimp-Base"" , G_LOG_LEVEL_WARNING , ""%s: tile not attached to manager"" , ""tile-manager.c:694"" )"		3683	0					
ANR	3805	Callee	g_log		3683	0					
ANR	3806	Identifier	g_log		3683	0					
ANR	3807	ArgumentList	"""Gimp-Base"""		3683	1					
ANR	3808	Argument	"""Gimp-Base"""		3683	0					
ANR	3809	PrimaryExpression	"""Gimp-Base"""		3683	0					
ANR	3810	Argument	G_LOG_LEVEL_WARNING		3683	1					
ANR	3811	Identifier	G_LOG_LEVEL_WARNING		3683	0					
ANR	3812	Argument	"""%s: tile not attached to manager"""		3683	2					
ANR	3813	PrimaryExpression	"""%s: tile not attached to manager"""		3683	0					
ANR	3814	Argument	"""tile-manager.c:694"""		3683	3					
ANR	3815	PrimaryExpression	"""tile-manager.c:694"""		3683	0					
ANR	3816	ReturnStatement	return ;	784:4:20397:20404	3683	1	True				
ANR	3817	ExpressionStatement	"tile_manager_map ( tm , tl -> tile_num , srctile )"	786:2:20412:20455	3683	6	True				
ANR	3818	CallExpression	"tile_manager_map ( tm , tl -> tile_num , srctile )"		3683	0					
ANR	3819	Callee	tile_manager_map		3683	0					
ANR	3820	Identifier	tile_manager_map		3683	0					
ANR	3821	ArgumentList	tm		3683	1					
ANR	3822	Argument	tm		3683	0					
ANR	3823	Identifier	tm		3683	0					
ANR	3824	Argument	tl -> tile_num		3683	1					
ANR	3825	PtrMemberAccess	tl -> tile_num		3683	0					
ANR	3826	Identifier	tl		3683	0					
ANR	3827	Identifier	tile_num		3683	1					
ANR	3828	Argument	srctile		3683	2					
ANR	3829	Identifier	srctile		3683	0					
ANR	3830	ReturnType	void		3683	1					
ANR	3831	Identifier	tile_manager_map_over_tile		3683	2					
ANR	3832	ParameterList	"TileManager * tm , Tile * tile , Tile * srctile"		3683	3					
ANR	3833	Parameter	TileManager * tm	747:32:19576:19590	3683	0	True				
ANR	3834	ParameterType	TileManager *		3683	0					
ANR	3835	Identifier	tm		3683	1					
ANR	3836	Parameter	Tile * tile	747:48:19592:19601	3683	1	True				
ANR	3837	ParameterType	Tile *		3683	0					
ANR	3838	Identifier	tile		3683	1					
ANR	3839	Parameter	Tile * srctile	747:59:19603:19615	3683	2	True				
ANR	3840	ParameterType	Tile *		3683	0					
ANR	3841	Identifier	srctile		3683	1					
ANR	3842	CFGEntryNode	ENTRY		3683		True				
ANR	3843	CFGExitNode	EXIT		3683		True				
ANR	3844	Symbol	* tile		3683						
ANR	3845	Symbol	__PRETTY_FUNCTION__		3683						
ANR	3846	Symbol	tile -> tlink		3683						
ANR	3847	Symbol	tile		3683						
ANR	3848	Symbol	tl		3683						
ANR	3849	Symbol	G_LOG_LEVEL_WARNING		3683						
ANR	3850	Symbol	tm		3683						
ANR	3851	Symbol	tl -> tm		3683						
ANR	3852	Symbol	srctile		3683						
ANR	3853	Symbol	tl -> next		3683						
ANR	3854	Symbol	* tl		3683						
ANR	3855	Symbol	tl -> tile_num		3683						
ANR	3856	Function	tile_manager_read_pixel_data	789:0:20460:21397							
ANR	3857	FunctionDef	"tile_manager_read_pixel_data (TileManager * tm , gint x1 , gint y1 , gint x2 , gint y2 , guchar * buffer , guint stride)"		3856	0					
ANR	3858	CompoundStatement		790:0:20571:21397	3856	0					
ANR	3859	IdentifierDeclStatement	guint x ;	791:2:20575:20582	3856	0	True				
ANR	3860	IdentifierDecl	x		3856	0					
ANR	3861	IdentifierDeclType	guint		3856	0					
ANR	3862	Identifier	x		3856	1					
ANR	3863	IdentifierDeclStatement	guint y ;	792:2:20586:20593	3856	1	True				
ANR	3864	IdentifierDecl	y		3856	0					
ANR	3865	IdentifierDeclType	guint		3856	0					
ANR	3866	Identifier	y		3856	1					
ANR	3867	ForStatement	for ( y = y1 ; y <= y2 ; y += 64 - y % 64 )		3856	2					
ANR	3868	ForInit	y = y1 ;	793:7:20602:20608	3856	0	True				
ANR	3869	AssignmentExpression	y = y1		3856	0		=			
ANR	3870	Identifier	y		3856	0					
ANR	3871	Identifier	y1		3856	1					
ANR	3872	Condition	y <= y2	793:15:20610:20616	3856	1	True				
ANR	3873	RelationalExpression	y <= y2		3856	0		<=			
ANR	3874	Identifier	y		3856	0					
ANR	3875	Identifier	y2		3856	1					
ANR	3876	AssignmentExpression	y += 64 - y % 64	793:24:20619:20634	3856	2	True	+=			
ANR	3877	Identifier	y		3856	0					
ANR	3878	AdditiveExpression	64 - y % 64		3856	1		-			
ANR	3879	PrimaryExpression	64		3856	0					
ANR	3880	MultiplicativeExpression	y % 64		3856	1		%			
ANR	3881	Identifier	y		3856	0					
ANR	3882	PrimaryExpression	64		3856	1					
ANR	3883	ForStatement	for ( x = x1 ; x <= x2 ; x += 64 - x % 64 )		3856	3					
ANR	3884	ForInit	x = x1 ;	794:9:20647:20653	3856	0	True				
ANR	3885	AssignmentExpression	x = x1		3856	0		=			
ANR	3886	Identifier	x		3856	0					
ANR	3887	Identifier	x1		3856	1					
ANR	3888	Condition	x <= x2	794:17:20655:20661	3856	1	True				
ANR	3889	RelationalExpression	x <= x2		3856	0		<=			
ANR	3890	Identifier	x		3856	0					
ANR	3891	Identifier	x2		3856	1					
ANR	3892	AssignmentExpression	x += 64 - x % 64	794:26:20664:20679	3856	2	True	+=			
ANR	3893	Identifier	x		3856	0					
ANR	3894	AdditiveExpression	64 - x % 64		3856	1		-			
ANR	3895	PrimaryExpression	64		3856	0					
ANR	3896	MultiplicativeExpression	x % 64		3856	1		%			
ANR	3897	Identifier	x		3856	0					
ANR	3898	PrimaryExpression	64		3856	1					
ANR	3899	CompoundStatement		11:6:391:406	3856	3					
ANR	3900	IdentifierDeclStatement	"Tile * tile = tile_manager_get_tile ( tm , x , y , ! 0 , 0 ) ;"	795:6:20690:20737	3856	0	True				
ANR	3901	IdentifierDecl	"* tile = tile_manager_get_tile ( tm , x , y , ! 0 , 0 )"		3856	0					
ANR	3902	IdentifierDeclType	Tile *		3856	0					
ANR	3903	Identifier	tile		3856	1					
ANR	3904	AssignmentExpression	"* tile = tile_manager_get_tile ( tm , x , y , ! 0 , 0 )"		3856	2		=			
ANR	3905	Identifier	tile		3856	0					
ANR	3906	CallExpression	"tile_manager_get_tile ( tm , x , y , ! 0 , 0 )"		3856	1					
ANR	3907	Callee	tile_manager_get_tile		3856	0					
ANR	3908	Identifier	tile_manager_get_tile		3856	0					
ANR	3909	ArgumentList	tm		3856	1					
ANR	3910	Argument	tm		3856	0					
ANR	3911	Identifier	tm		3856	0					
ANR	3912	Argument	x		3856	1					
ANR	3913	Identifier	x		3856	0					
ANR	3914	Argument	y		3856	2					
ANR	3915	Identifier	y		3856	0					
ANR	3916	Argument	! 0		3856	3					
ANR	3917	UnaryOperationExpression	! 0		3856	0					
ANR	3918	UnaryOperator	!		3856	0					
ANR	3919	PrimaryExpression	0		3856	1					
ANR	3920	Argument	0		3856	4					
ANR	3921	PrimaryExpression	0		3856	0					
ANR	3922	IdentifierDeclStatement	const guchar * s = ( tile -> data + ( ( y & ( 64 - 1 ) ) * ( tile -> ewidth ) + ( x & ( 64 - 1 ) ) ) * ( tile -> bpp ) ) ;	796:6:20745:20848	3856	1	True				
ANR	3923	IdentifierDecl	* s = ( tile -> data + ( ( y & ( 64 - 1 ) ) * ( tile -> ewidth ) + ( x & ( 64 - 1 ) ) ) * ( tile -> bpp ) )		3856	0					
ANR	3924	IdentifierDeclType	const guchar *		3856	0					
ANR	3925	Identifier	s		3856	1					
ANR	3926	AssignmentExpression	* s = ( tile -> data + ( ( y & ( 64 - 1 ) ) * ( tile -> ewidth ) + ( x & ( 64 - 1 ) ) ) * ( tile -> bpp ) )		3856	2		=			
ANR	3927	Identifier	s		3856	0					
ANR	3928	AdditiveExpression	tile -> data + ( ( y & ( 64 - 1 ) ) * ( tile -> ewidth ) + ( x & ( 64 - 1 ) ) ) * ( tile -> bpp )		3856	1		+			
ANR	3929	PtrMemberAccess	tile -> data		3856	0					
ANR	3930	Identifier	tile		3856	0					
ANR	3931	Identifier	data		3856	1					
ANR	3932	MultiplicativeExpression	( ( y & ( 64 - 1 ) ) * ( tile -> ewidth ) + ( x & ( 64 - 1 ) ) ) * ( tile -> bpp )		3856	1		*			
ANR	3933	AdditiveExpression	( y & ( 64 - 1 ) ) * ( tile -> ewidth ) + ( x & ( 64 - 1 ) )		3856	0		+			
ANR	3934	MultiplicativeExpression	( y & ( 64 - 1 ) ) * ( tile -> ewidth )		3856	0		*			
ANR	3935	BitAndExpression	y & ( 64 - 1 )		3856	0		&			
ANR	3936	Identifier	y		3856	0					
ANR	3937	AdditiveExpression	64 - 1		3856	1		-			
ANR	3938	PrimaryExpression	64		3856	0					
ANR	3939	PrimaryExpression	1		3856	1					
ANR	3940	PtrMemberAccess	tile -> ewidth		3856	1					
ANR	3941	Identifier	tile		3856	0					
ANR	3942	Identifier	ewidth		3856	1					
ANR	3943	BitAndExpression	x & ( 64 - 1 )		3856	1		&			
ANR	3944	Identifier	x		3856	0					
ANR	3945	AdditiveExpression	64 - 1		3856	1		-			
ANR	3946	PrimaryExpression	64		3856	0					
ANR	3947	PrimaryExpression	1		3856	1					
ANR	3948	PtrMemberAccess	tile -> bpp		3856	1					
ANR	3949	Identifier	tile		3856	0					
ANR	3950	Identifier	bpp		3856	1					
ANR	3951	IdentifierDeclStatement	guchar * d = buffer + stride * ( y - y1 ) + ( tm -> bpp ) * ( x - x1 ) ;	797:6:20856:20919	3856	2	True				
ANR	3952	IdentifierDecl	* d = buffer + stride * ( y - y1 ) + ( tm -> bpp ) * ( x - x1 )		3856	0					
ANR	3953	IdentifierDeclType	guchar *		3856	0					
ANR	3954	Identifier	d		3856	1					
ANR	3955	AssignmentExpression	* d = buffer + stride * ( y - y1 ) + ( tm -> bpp ) * ( x - x1 )		3856	2		=			
ANR	3956	Identifier	d		3856	0					
ANR	3957	AdditiveExpression	buffer + stride * ( y - y1 ) + ( tm -> bpp ) * ( x - x1 )		3856	1		+			
ANR	3958	Identifier	buffer		3856	0					
ANR	3959	AdditiveExpression	stride * ( y - y1 ) + ( tm -> bpp ) * ( x - x1 )		3856	1		+			
ANR	3960	MultiplicativeExpression	stride * ( y - y1 )		3856	0		*			
ANR	3961	Identifier	stride		3856	0					
ANR	3962	AdditiveExpression	y - y1		3856	1		-			
ANR	3963	Identifier	y		3856	0					
ANR	3964	Identifier	y1		3856	1					
ANR	3965	MultiplicativeExpression	( tm -> bpp ) * ( x - x1 )		3856	1		*			
ANR	3966	PtrMemberAccess	tm -> bpp		3856	0					
ANR	3967	Identifier	tm		3856	0					
ANR	3968	Identifier	bpp		3856	1					
ANR	3969	AdditiveExpression	x - x1		3856	1		-			
ANR	3970	Identifier	x		3856	0					
ANR	3971	Identifier	x1		3856	1					
ANR	3972	IdentifierDeclStatement	guint rows ;	798:6:20927:20937	3856	3	True				
ANR	3973	IdentifierDecl	rows		3856	0					
ANR	3974	IdentifierDeclType	guint		3856	0					
ANR	3975	Identifier	rows		3856	1					
ANR	3976	IdentifierDeclStatement	guint cols ;	799:6:20945:20955	3856	4	True				
ANR	3977	IdentifierDecl	cols		3856	0					
ANR	3978	IdentifierDeclType	guint		3856	0					
ANR	3979	Identifier	cols		3856	1					
ANR	3980	IdentifierDeclStatement	guint srcstride ;	800:6:20963:20978	3856	5	True				
ANR	3981	IdentifierDecl	srcstride		3856	0					
ANR	3982	IdentifierDeclType	guint		3856	0					
ANR	3983	Identifier	srcstride		3856	1					
ANR	3984	ExpressionStatement	rows = ( tile -> eheight ) - y % 64	801:6:20986:21019	3856	6	True				
ANR	3985	AssignmentExpression	rows = ( tile -> eheight ) - y % 64		3856	0		=			
ANR	3986	Identifier	rows		3856	0					
ANR	3987	AdditiveExpression	( tile -> eheight ) - y % 64		3856	1		-			
ANR	3988	PtrMemberAccess	tile -> eheight		3856	0					
ANR	3989	Identifier	tile		3856	0					
ANR	3990	Identifier	eheight		3856	1					
ANR	3991	MultiplicativeExpression	y % 64		3856	1		%			
ANR	3992	Identifier	y		3856	0					
ANR	3993	PrimaryExpression	64		3856	1					
ANR	3994	IfStatement	if ( rows > y2 - y + 1 )		3856	7					
ANR	3995	Condition	rows > y2 - y + 1	802:10:21031:21047	3856	0	True				
ANR	3996	RelationalExpression	rows > y2 - y + 1		3856	0		>			
ANR	3997	Identifier	rows		3856	0					
ANR	3998	AdditiveExpression	y2 - y + 1		3856	1		-			
ANR	3999	Identifier	y2		3856	0					
ANR	4000	AdditiveExpression	y + 1		3856	1		+			
ANR	4001	Identifier	y		3856	0					
ANR	4002	PrimaryExpression	1		3856	1					
ANR	4003	CompoundStatement		13:29:478:478	3856	1					
ANR	4004	ExpressionStatement	rows = y2 - y + 1	803:8:21060:21077	3856	0	True				
ANR	4005	AssignmentExpression	rows = y2 - y + 1		3856	0		=			
ANR	4006	Identifier	rows		3856	0					
ANR	4007	AdditiveExpression	y2 - y + 1		3856	1		-			
ANR	4008	Identifier	y2		3856	0					
ANR	4009	AdditiveExpression	y + 1		3856	1		+			
ANR	4010	Identifier	y		3856	0					
ANR	4011	PrimaryExpression	1		3856	1					
ANR	4012	ExpressionStatement	cols = ( tile -> ewidth ) - x % 64	805:6:21093:21125	3856	8	True				
ANR	4013	AssignmentExpression	cols = ( tile -> ewidth ) - x % 64		3856	0		=			
ANR	4014	Identifier	cols		3856	0					
ANR	4015	AdditiveExpression	( tile -> ewidth ) - x % 64		3856	1		-			
ANR	4016	PtrMemberAccess	tile -> ewidth		3856	0					
ANR	4017	Identifier	tile		3856	0					
ANR	4018	Identifier	ewidth		3856	1					
ANR	4019	MultiplicativeExpression	x % 64		3856	1		%			
ANR	4020	Identifier	x		3856	0					
ANR	4021	PrimaryExpression	64		3856	1					
ANR	4022	IfStatement	if ( cols > x2 - x + 1 )		3856	9					
ANR	4023	Condition	cols > x2 - x + 1	806:10:21137:21153	3856	0	True				
ANR	4024	RelationalExpression	cols > x2 - x + 1		3856	0		>			
ANR	4025	Identifier	cols		3856	0					
ANR	4026	AdditiveExpression	x2 - x + 1		3856	1		-			
ANR	4027	Identifier	x2		3856	0					
ANR	4028	AdditiveExpression	x + 1		3856	1		+			
ANR	4029	Identifier	x		3856	0					
ANR	4030	PrimaryExpression	1		3856	1					
ANR	4031	CompoundStatement		17:29:584:584	3856	1					
ANR	4032	ExpressionStatement	cols = x2 - x + 1	807:8:21166:21183	3856	0	True				
ANR	4033	AssignmentExpression	cols = x2 - x + 1		3856	0		=			
ANR	4034	Identifier	cols		3856	0					
ANR	4035	AdditiveExpression	x2 - x + 1		3856	1		-			
ANR	4036	Identifier	x2		3856	0					
ANR	4037	AdditiveExpression	x + 1		3856	1		+			
ANR	4038	Identifier	x		3856	0					
ANR	4039	PrimaryExpression	1		3856	1					
ANR	4040	ExpressionStatement	srcstride = ( ( tile -> ewidth ) * ( tile -> bpp ) )	809:6:21199:21245	3856	10	True				
ANR	4041	AssignmentExpression	srcstride = ( ( tile -> ewidth ) * ( tile -> bpp ) )		3856	0		=			
ANR	4042	Identifier	srcstride		3856	0					
ANR	4043	MultiplicativeExpression	( tile -> ewidth ) * ( tile -> bpp )		3856	1		*			
ANR	4044	PtrMemberAccess	tile -> ewidth		3856	0					
ANR	4045	Identifier	tile		3856	0					
ANR	4046	Identifier	ewidth		3856	1					
ANR	4047	PtrMemberAccess	tile -> bpp		3856	1					
ANR	4048	Identifier	tile		3856	0					
ANR	4049	Identifier	bpp		3856	1					
ANR	4050	WhileStatement	while ( rows -- )		3856	11					
ANR	4051	Condition	rows --	810:12:21259:21264	3856	0	True				
ANR	4052	PostIncDecOperationExpression	rows --		3856	0					
ANR	4053	Identifier	rows		3856	0					
ANR	4054	IncDec	--		3856	1					
ANR	4055	CompoundStatement		21:19:694:694	3856	1					
ANR	4056	ExpressionStatement	"memcpy ( d , s , ( cols * ( tm -> bpp ) ) )"	811:8:21276:21308	3856	0	True				
ANR	4057	CallExpression	"memcpy ( d , s , ( cols * ( tm -> bpp ) ) )"		3856	0					
ANR	4058	Callee	memcpy		3856	0					
ANR	4059	Identifier	memcpy		3856	0					
ANR	4060	ArgumentList	d		3856	1					
ANR	4061	Argument	d		3856	0					
ANR	4062	Identifier	d		3856	0					
ANR	4063	Argument	s		3856	1					
ANR	4064	Identifier	s		3856	0					
ANR	4065	Argument	cols * ( tm -> bpp )		3856	2					
ANR	4066	MultiplicativeExpression	cols * ( tm -> bpp )		3856	0		*			
ANR	4067	Identifier	cols		3856	0					
ANR	4068	PtrMemberAccess	tm -> bpp		3856	1					
ANR	4069	Identifier	tm		3856	0					
ANR	4070	Identifier	bpp		3856	1					
ANR	4071	ExpressionStatement	s += srcstride	812:8:21318:21332	3856	1	True				
ANR	4072	AssignmentExpression	s += srcstride		3856	0		+=			
ANR	4073	Identifier	s		3856	0					
ANR	4074	Identifier	srcstride		3856	1					
ANR	4075	ExpressionStatement	d += stride	813:8:21342:21353	3856	2	True				
ANR	4076	AssignmentExpression	d += stride		3856	0		+=			
ANR	4077	Identifier	d		3856	0					
ANR	4078	Identifier	stride		3856	1					
ANR	4079	ExpressionStatement	"tile_release ( tile , 0 )"	815:6:21369:21389	3856	12	True				
ANR	4080	CallExpression	"tile_release ( tile , 0 )"		3856	0					
ANR	4081	Callee	tile_release		3856	0					
ANR	4082	Identifier	tile_release		3856	0					
ANR	4083	ArgumentList	tile		3856	1					
ANR	4084	Argument	tile		3856	0					
ANR	4085	Identifier	tile		3856	0					
ANR	4086	Argument	0		3856	1					
ANR	4087	PrimaryExpression	0		3856	0					
ANR	4088	ReturnType	void		3856	1					
ANR	4089	Identifier	tile_manager_read_pixel_data		3856	2					
ANR	4090	ParameterList	"TileManager * tm , gint x1 , gint y1 , gint x2 , gint y2 , guchar * buffer , guint stride"		3856	3					
ANR	4091	Parameter	TileManager * tm	789:34:20494:20508	3856	0	True				
ANR	4092	ParameterType	TileManager *		3856	0					
ANR	4093	Identifier	tm		3856	1					
ANR	4094	Parameter	gint x1	789:50:20510:20516	3856	1	True				
ANR	4095	ParameterType	gint		3856	0					
ANR	4096	Identifier	x1		3856	1					
ANR	4097	Parameter	gint y1	789:58:20518:20524	3856	2	True				
ANR	4098	ParameterType	gint		3856	0					
ANR	4099	Identifier	y1		3856	1					
ANR	4100	Parameter	gint x2	789:66:20526:20532	3856	3	True				
ANR	4101	ParameterType	gint		3856	0					
ANR	4102	Identifier	x2		3856	1					
ANR	4103	Parameter	gint y2	789:74:20534:20540	3856	4	True				
ANR	4104	ParameterType	gint		3856	0					
ANR	4105	Identifier	y2		3856	1					
ANR	4106	Parameter	guchar * buffer	789:82:20542:20555	3856	5	True				
ANR	4107	ParameterType	guchar *		3856	0					
ANR	4108	Identifier	buffer		3856	1					
ANR	4109	Parameter	guint stride	789:97:20557:20568	3856	6	True				
ANR	4110	ParameterType	guint		3856	0					
ANR	4111	Identifier	stride		3856	1					
ANR	4112	CFGEntryNode	ENTRY		3856		True				
ANR	4113	CFGExitNode	EXIT		3856		True				
ANR	4114	Symbol	* tile		3856						
ANR	4115	Symbol	tile_manager_get_tile		3856						
ANR	4116	Symbol	tile -> data		3856						
ANR	4117	Symbol	tile -> bpp		3856						
ANR	4118	Symbol	d		3856						
ANR	4119	Symbol	tile -> eheight		3856						
ANR	4120	Symbol	stride		3856						
ANR	4121	Symbol	rows		3856						
ANR	4122	Symbol	s		3856						
ANR	4123	Symbol	tm -> bpp		3856						
ANR	4124	Symbol	y1		3856						
ANR	4125	Symbol	x		3856						
ANR	4126	Symbol	tile		3856						
ANR	4127	Symbol	tile -> ewidth		3856						
ANR	4128	Symbol	tm		3856						
ANR	4129	Symbol	x1		3856						
ANR	4130	Symbol	y2		3856						
ANR	4131	Symbol	y		3856						
ANR	4132	Symbol	x2		3856						
ANR	4133	Symbol	buffer		3856						
ANR	4134	Symbol	* tm		3856						
ANR	4135	Symbol	cols		3856						
ANR	4136	Symbol	srcstride		3856						
ANR	4137	Function	tile_manager_write_pixel_data	819:0:21400:22344							
ANR	4138	FunctionDef	"tile_manager_write_pixel_data (TileManager * tm , gint x1 , gint y1 , gint x2 , gint y2 , const guchar * buffer , guint stride)"		4137	0					
ANR	4139	CompoundStatement		820:0:21518:22344	4137	0					
ANR	4140	IdentifierDeclStatement	guint x ;	821:2:21522:21529	4137	0	True				
ANR	4141	IdentifierDecl	x		4137	0					
ANR	4142	IdentifierDeclType	guint		4137	0					
ANR	4143	Identifier	x		4137	1					
ANR	4144	IdentifierDeclStatement	guint y ;	822:2:21533:21540	4137	1	True				
ANR	4145	IdentifierDecl	y		4137	0					
ANR	4146	IdentifierDeclType	guint		4137	0					
ANR	4147	Identifier	y		4137	1					
ANR	4148	ForStatement	for ( y = y1 ; y <= y2 ; y += 64 - y % 64 )		4137	2					
ANR	4149	ForInit	y = y1 ;	823:7:21549:21555	4137	0	True				
ANR	4150	AssignmentExpression	y = y1		4137	0		=			
ANR	4151	Identifier	y		4137	0					
ANR	4152	Identifier	y1		4137	1					
ANR	4153	Condition	y <= y2	823:15:21557:21563	4137	1	True				
ANR	4154	RelationalExpression	y <= y2		4137	0		<=			
ANR	4155	Identifier	y		4137	0					
ANR	4156	Identifier	y2		4137	1					
ANR	4157	AssignmentExpression	y += 64 - y % 64	823:24:21566:21581	4137	2	True	+=			
ANR	4158	Identifier	y		4137	0					
ANR	4159	AdditiveExpression	64 - y % 64		4137	1		-			
ANR	4160	PrimaryExpression	64		4137	0					
ANR	4161	MultiplicativeExpression	y % 64		4137	1		%			
ANR	4162	Identifier	y		4137	0					
ANR	4163	PrimaryExpression	64		4137	1					
ANR	4164	ForStatement	for ( x = x1 ; x <= x2 ; x += 64 - x % 64 )		4137	3					
ANR	4165	ForInit	x = x1 ;	824:9:21594:21600	4137	0	True				
ANR	4166	AssignmentExpression	x = x1		4137	0		=			
ANR	4167	Identifier	x		4137	0					
ANR	4168	Identifier	x1		4137	1					
ANR	4169	Condition	x <= x2	824:17:21602:21608	4137	1	True				
ANR	4170	RelationalExpression	x <= x2		4137	0		<=			
ANR	4171	Identifier	x		4137	0					
ANR	4172	Identifier	x2		4137	1					
ANR	4173	AssignmentExpression	x += 64 - x % 64	824:26:21611:21626	4137	2	True	+=			
ANR	4174	Identifier	x		4137	0					
ANR	4175	AdditiveExpression	64 - x % 64		4137	1		-			
ANR	4176	PrimaryExpression	64		4137	0					
ANR	4177	MultiplicativeExpression	x % 64		4137	1		%			
ANR	4178	Identifier	x		4137	0					
ANR	4179	PrimaryExpression	64		4137	1					
ANR	4180	CompoundStatement		11:6:390:405	4137	3					
ANR	4181	IdentifierDeclStatement	"Tile * tile = tile_manager_get_tile ( tm , x , y , ! 0 , ! 0 ) ;"	825:6:21637:21685	4137	0	True				
ANR	4182	IdentifierDecl	"* tile = tile_manager_get_tile ( tm , x , y , ! 0 , ! 0 )"		4137	0					
ANR	4183	IdentifierDeclType	Tile *		4137	0					
ANR	4184	Identifier	tile		4137	1					
ANR	4185	AssignmentExpression	"* tile = tile_manager_get_tile ( tm , x , y , ! 0 , ! 0 )"		4137	2		=			
ANR	4186	Identifier	tile		4137	0					
ANR	4187	CallExpression	"tile_manager_get_tile ( tm , x , y , ! 0 , ! 0 )"		4137	1					
ANR	4188	Callee	tile_manager_get_tile		4137	0					
ANR	4189	Identifier	tile_manager_get_tile		4137	0					
ANR	4190	ArgumentList	tm		4137	1					
ANR	4191	Argument	tm		4137	0					
ANR	4192	Identifier	tm		4137	0					
ANR	4193	Argument	x		4137	1					
ANR	4194	Identifier	x		4137	0					
ANR	4195	Argument	y		4137	2					
ANR	4196	Identifier	y		4137	0					
ANR	4197	Argument	! 0		4137	3					
ANR	4198	UnaryOperationExpression	! 0		4137	0					
ANR	4199	UnaryOperator	!		4137	0					
ANR	4200	PrimaryExpression	0		4137	1					
ANR	4201	Argument	! 0		4137	4					
ANR	4202	UnaryOperationExpression	! 0		4137	0					
ANR	4203	UnaryOperator	!		4137	0					
ANR	4204	PrimaryExpression	0		4137	1					
ANR	4205	IdentifierDeclStatement	const guchar * s = buffer + stride * ( y - y1 ) + ( tm -> bpp ) * ( x - x1 ) ;	826:6:21693:21762	4137	1	True				
ANR	4206	IdentifierDecl	* s = buffer + stride * ( y - y1 ) + ( tm -> bpp ) * ( x - x1 )		4137	0					
ANR	4207	IdentifierDeclType	const guchar *		4137	0					
ANR	4208	Identifier	s		4137	1					
ANR	4209	AssignmentExpression	* s = buffer + stride * ( y - y1 ) + ( tm -> bpp ) * ( x - x1 )		4137	2		=			
ANR	4210	Identifier	s		4137	0					
ANR	4211	AdditiveExpression	buffer + stride * ( y - y1 ) + ( tm -> bpp ) * ( x - x1 )		4137	1		+			
ANR	4212	Identifier	buffer		4137	0					
ANR	4213	AdditiveExpression	stride * ( y - y1 ) + ( tm -> bpp ) * ( x - x1 )		4137	1		+			
ANR	4214	MultiplicativeExpression	stride * ( y - y1 )		4137	0		*			
ANR	4215	Identifier	stride		4137	0					
ANR	4216	AdditiveExpression	y - y1		4137	1		-			
ANR	4217	Identifier	y		4137	0					
ANR	4218	Identifier	y1		4137	1					
ANR	4219	MultiplicativeExpression	( tm -> bpp ) * ( x - x1 )		4137	1		*			
ANR	4220	PtrMemberAccess	tm -> bpp		4137	0					
ANR	4221	Identifier	tm		4137	0					
ANR	4222	Identifier	bpp		4137	1					
ANR	4223	AdditiveExpression	x - x1		4137	1		-			
ANR	4224	Identifier	x		4137	0					
ANR	4225	Identifier	x1		4137	1					
ANR	4226	IdentifierDeclStatement	guchar * d = tile -> data + ( ( y & ( 64 - 1 ) ) * ( tile -> ewidth ) + ( x & ( 64 - 1 ) ) ) * ( tile -> bpp ) ;	827:6:21770:21865	4137	2	True				
ANR	4227	IdentifierDecl	* d = tile -> data + ( ( y & ( 64 - 1 ) ) * ( tile -> ewidth ) + ( x & ( 64 - 1 ) ) ) * ( tile -> bpp )		4137	0					
ANR	4228	IdentifierDeclType	guchar *		4137	0					
ANR	4229	Identifier	d		4137	1					
ANR	4230	AssignmentExpression	* d = tile -> data + ( ( y & ( 64 - 1 ) ) * ( tile -> ewidth ) + ( x & ( 64 - 1 ) ) ) * ( tile -> bpp )		4137	2		=			
ANR	4231	Identifier	d		4137	0					
ANR	4232	AdditiveExpression	tile -> data + ( ( y & ( 64 - 1 ) ) * ( tile -> ewidth ) + ( x & ( 64 - 1 ) ) ) * ( tile -> bpp )		4137	1		+			
ANR	4233	PtrMemberAccess	tile -> data		4137	0					
ANR	4234	Identifier	tile		4137	0					
ANR	4235	Identifier	data		4137	1					
ANR	4236	MultiplicativeExpression	( ( y & ( 64 - 1 ) ) * ( tile -> ewidth ) + ( x & ( 64 - 1 ) ) ) * ( tile -> bpp )		4137	1		*			
ANR	4237	AdditiveExpression	( y & ( 64 - 1 ) ) * ( tile -> ewidth ) + ( x & ( 64 - 1 ) )		4137	0		+			
ANR	4238	MultiplicativeExpression	( y & ( 64 - 1 ) ) * ( tile -> ewidth )		4137	0		*			
ANR	4239	BitAndExpression	y & ( 64 - 1 )		4137	0		&			
ANR	4240	Identifier	y		4137	0					
ANR	4241	AdditiveExpression	64 - 1		4137	1		-			
ANR	4242	PrimaryExpression	64		4137	0					
ANR	4243	PrimaryExpression	1		4137	1					
ANR	4244	PtrMemberAccess	tile -> ewidth		4137	1					
ANR	4245	Identifier	tile		4137	0					
ANR	4246	Identifier	ewidth		4137	1					
ANR	4247	BitAndExpression	x & ( 64 - 1 )		4137	1		&			
ANR	4248	Identifier	x		4137	0					
ANR	4249	AdditiveExpression	64 - 1		4137	1		-			
ANR	4250	PrimaryExpression	64		4137	0					
ANR	4251	PrimaryExpression	1		4137	1					
ANR	4252	PtrMemberAccess	tile -> bpp		4137	1					
ANR	4253	Identifier	tile		4137	0					
ANR	4254	Identifier	bpp		4137	1					
ANR	4255	IdentifierDeclStatement	guint rows ;	828:6:21873:21883	4137	3	True				
ANR	4256	IdentifierDecl	rows		4137	0					
ANR	4257	IdentifierDeclType	guint		4137	0					
ANR	4258	Identifier	rows		4137	1					
ANR	4259	IdentifierDeclStatement	guint cols ;	829:6:21891:21901	4137	4	True				
ANR	4260	IdentifierDecl	cols		4137	0					
ANR	4261	IdentifierDeclType	guint		4137	0					
ANR	4262	Identifier	cols		4137	1					
ANR	4263	IdentifierDeclStatement	guint dststride ;	830:6:21909:21924	4137	5	True				
ANR	4264	IdentifierDecl	dststride		4137	0					
ANR	4265	IdentifierDeclType	guint		4137	0					
ANR	4266	Identifier	dststride		4137	1					
ANR	4267	ExpressionStatement	rows = ( tile -> eheight ) - y % 64	831:6:21932:21965	4137	6	True				
ANR	4268	AssignmentExpression	rows = ( tile -> eheight ) - y % 64		4137	0		=			
ANR	4269	Identifier	rows		4137	0					
ANR	4270	AdditiveExpression	( tile -> eheight ) - y % 64		4137	1		-			
ANR	4271	PtrMemberAccess	tile -> eheight		4137	0					
ANR	4272	Identifier	tile		4137	0					
ANR	4273	Identifier	eheight		4137	1					
ANR	4274	MultiplicativeExpression	y % 64		4137	1		%			
ANR	4275	Identifier	y		4137	0					
ANR	4276	PrimaryExpression	64		4137	1					
ANR	4277	IfStatement	if ( rows > y2 - y + 1 )		4137	7					
ANR	4278	Condition	rows > y2 - y + 1	832:10:21977:21993	4137	0	True				
ANR	4279	RelationalExpression	rows > y2 - y + 1		4137	0		>			
ANR	4280	Identifier	rows		4137	0					
ANR	4281	AdditiveExpression	y2 - y + 1		4137	1		-			
ANR	4282	Identifier	y2		4137	0					
ANR	4283	AdditiveExpression	y + 1		4137	1		+			
ANR	4284	Identifier	y		4137	0					
ANR	4285	PrimaryExpression	1		4137	1					
ANR	4286	CompoundStatement		13:29:477:477	4137	1					
ANR	4287	ExpressionStatement	rows = y2 - y + 1	833:8:22006:22023	4137	0	True				
ANR	4288	AssignmentExpression	rows = y2 - y + 1		4137	0		=			
ANR	4289	Identifier	rows		4137	0					
ANR	4290	AdditiveExpression	y2 - y + 1		4137	1		-			
ANR	4291	Identifier	y2		4137	0					
ANR	4292	AdditiveExpression	y + 1		4137	1		+			
ANR	4293	Identifier	y		4137	0					
ANR	4294	PrimaryExpression	1		4137	1					
ANR	4295	ExpressionStatement	cols = ( tile -> ewidth ) - x % 64	835:6:22039:22071	4137	8	True				
ANR	4296	AssignmentExpression	cols = ( tile -> ewidth ) - x % 64		4137	0		=			
ANR	4297	Identifier	cols		4137	0					
ANR	4298	AdditiveExpression	( tile -> ewidth ) - x % 64		4137	1		-			
ANR	4299	PtrMemberAccess	tile -> ewidth		4137	0					
ANR	4300	Identifier	tile		4137	0					
ANR	4301	Identifier	ewidth		4137	1					
ANR	4302	MultiplicativeExpression	x % 64		4137	1		%			
ANR	4303	Identifier	x		4137	0					
ANR	4304	PrimaryExpression	64		4137	1					
ANR	4305	IfStatement	if ( cols > x2 - x + 1 )		4137	9					
ANR	4306	Condition	cols > x2 - x + 1	836:10:22083:22099	4137	0	True				
ANR	4307	RelationalExpression	cols > x2 - x + 1		4137	0		>			
ANR	4308	Identifier	cols		4137	0					
ANR	4309	AdditiveExpression	x2 - x + 1		4137	1		-			
ANR	4310	Identifier	x2		4137	0					
ANR	4311	AdditiveExpression	x + 1		4137	1		+			
ANR	4312	Identifier	x		4137	0					
ANR	4313	PrimaryExpression	1		4137	1					
ANR	4314	CompoundStatement		17:29:583:583	4137	1					
ANR	4315	ExpressionStatement	cols = x2 - x + 1	837:8:22112:22129	4137	0	True				
ANR	4316	AssignmentExpression	cols = x2 - x + 1		4137	0		=			
ANR	4317	Identifier	cols		4137	0					
ANR	4318	AdditiveExpression	x2 - x + 1		4137	1		-			
ANR	4319	Identifier	x2		4137	0					
ANR	4320	AdditiveExpression	x + 1		4137	1		+			
ANR	4321	Identifier	x		4137	0					
ANR	4322	PrimaryExpression	1		4137	1					
ANR	4323	ExpressionStatement	dststride = ( ( tile -> ewidth ) * ( tile -> bpp ) )	839:6:22145:22191	4137	10	True				
ANR	4324	AssignmentExpression	dststride = ( ( tile -> ewidth ) * ( tile -> bpp ) )		4137	0		=			
ANR	4325	Identifier	dststride		4137	0					
ANR	4326	MultiplicativeExpression	( tile -> ewidth ) * ( tile -> bpp )		4137	1		*			
ANR	4327	PtrMemberAccess	tile -> ewidth		4137	0					
ANR	4328	Identifier	tile		4137	0					
ANR	4329	Identifier	ewidth		4137	1					
ANR	4330	PtrMemberAccess	tile -> bpp		4137	1					
ANR	4331	Identifier	tile		4137	0					
ANR	4332	Identifier	bpp		4137	1					
ANR	4333	WhileStatement	while ( rows -- )		4137	11					
ANR	4334	Condition	rows --	840:12:22205:22210	4137	0	True				
ANR	4335	PostIncDecOperationExpression	rows --		4137	0					
ANR	4336	Identifier	rows		4137	0					
ANR	4337	IncDec	--		4137	1					
ANR	4338	CompoundStatement		21:19:693:693	4137	1					
ANR	4339	ExpressionStatement	"memcpy ( d , s , ( cols * ( tm -> bpp ) ) )"	841:8:22222:22254	4137	0	True				
ANR	4340	CallExpression	"memcpy ( d , s , ( cols * ( tm -> bpp ) ) )"		4137	0					
ANR	4341	Callee	memcpy		4137	0					
ANR	4342	Identifier	memcpy		4137	0					
ANR	4343	ArgumentList	d		4137	1					
ANR	4344	Argument	d		4137	0					
ANR	4345	Identifier	d		4137	0					
ANR	4346	Argument	s		4137	1					
ANR	4347	Identifier	s		4137	0					
ANR	4348	Argument	cols * ( tm -> bpp )		4137	2					
ANR	4349	MultiplicativeExpression	cols * ( tm -> bpp )		4137	0		*			
ANR	4350	Identifier	cols		4137	0					
ANR	4351	PtrMemberAccess	tm -> bpp		4137	1					
ANR	4352	Identifier	tm		4137	0					
ANR	4353	Identifier	bpp		4137	1					
ANR	4354	ExpressionStatement	s += stride	842:8:22264:22275	4137	1	True				
ANR	4355	AssignmentExpression	s += stride		4137	0		+=			
ANR	4356	Identifier	s		4137	0					
ANR	4357	Identifier	stride		4137	1					
ANR	4358	ExpressionStatement	d += dststride	843:8:22285:22299	4137	2	True				
ANR	4359	AssignmentExpression	d += dststride		4137	0		+=			
ANR	4360	Identifier	d		4137	0					
ANR	4361	Identifier	dststride		4137	1					
ANR	4362	ExpressionStatement	"tile_release ( tile , ! 0 )"	845:6:22315:22336	4137	12	True				
ANR	4363	CallExpression	"tile_release ( tile , ! 0 )"		4137	0					
ANR	4364	Callee	tile_release		4137	0					
ANR	4365	Identifier	tile_release		4137	0					
ANR	4366	ArgumentList	tile		4137	1					
ANR	4367	Argument	tile		4137	0					
ANR	4368	Identifier	tile		4137	0					
ANR	4369	Argument	! 0		4137	1					
ANR	4370	UnaryOperationExpression	! 0		4137	0					
ANR	4371	UnaryOperator	!		4137	0					
ANR	4372	PrimaryExpression	0		4137	1					
ANR	4373	ReturnType	void		4137	1					
ANR	4374	Identifier	tile_manager_write_pixel_data		4137	2					
ANR	4375	ParameterList	"TileManager * tm , gint x1 , gint y1 , gint x2 , gint y2 , const guchar * buffer , guint stride"		4137	3					
ANR	4376	Parameter	TileManager * tm	819:35:21435:21449	4137	0	True				
ANR	4377	ParameterType	TileManager *		4137	0					
ANR	4378	Identifier	tm		4137	1					
ANR	4379	Parameter	gint x1	819:51:21451:21457	4137	1	True				
ANR	4380	ParameterType	gint		4137	0					
ANR	4381	Identifier	x1		4137	1					
ANR	4382	Parameter	gint y1	819:59:21459:21465	4137	2	True				
ANR	4383	ParameterType	gint		4137	0					
ANR	4384	Identifier	y1		4137	1					
ANR	4385	Parameter	gint x2	819:67:21467:21473	4137	3	True				
ANR	4386	ParameterType	gint		4137	0					
ANR	4387	Identifier	x2		4137	1					
ANR	4388	Parameter	gint y2	819:75:21475:21481	4137	4	True				
ANR	4389	ParameterType	gint		4137	0					
ANR	4390	Identifier	y2		4137	1					
ANR	4391	Parameter	const guchar * buffer	819:83:21483:21502	4137	5	True				
ANR	4392	ParameterType	const guchar *		4137	0					
ANR	4393	Identifier	buffer		4137	1					
ANR	4394	Parameter	guint stride	819:104:21504:21515	4137	6	True				
ANR	4395	ParameterType	guint		4137	0					
ANR	4396	Identifier	stride		4137	1					
ANR	4397	CFGEntryNode	ENTRY		4137		True				
ANR	4398	CFGExitNode	EXIT		4137		True				
ANR	4399	Symbol	* tile		4137						
ANR	4400	Symbol	tile_manager_get_tile		4137						
ANR	4401	Symbol	tile -> data		4137						
ANR	4402	Symbol	d		4137						
ANR	4403	Symbol	tile -> bpp		4137						
ANR	4404	Symbol	tile -> eheight		4137						
ANR	4405	Symbol	stride		4137						
ANR	4406	Symbol	rows		4137						
ANR	4407	Symbol	s		4137						
ANR	4408	Symbol	dststride		4137						
ANR	4409	Symbol	tm -> bpp		4137						
ANR	4410	Symbol	y1		4137						
ANR	4411	Symbol	x		4137						
ANR	4412	Symbol	tile		4137						
ANR	4413	Symbol	tile -> ewidth		4137						
ANR	4414	Symbol	tm		4137						
ANR	4415	Symbol	x1		4137						
ANR	4416	Symbol	y2		4137						
ANR	4417	Symbol	y		4137						
ANR	4418	Symbol	x2		4137						
ANR	4419	Symbol	buffer		4137						
ANR	4420	Symbol	* tm		4137						
ANR	4421	Symbol	cols		4137						
ANR	4422	Function	tile_manager_read_pixel_data_1	849:0:22347:23627							
ANR	4423	FunctionDef	"tile_manager_read_pixel_data_1 (TileManager * tm , gint x , gint y , guchar * buffer)"		4422	0					
ANR	4424	CompoundStatement		850:0:22429:23627	4422	0					
ANR	4425	IdentifierDeclStatement	"const gint num = tile_manager_get_tile_num ( tm , x , y ) ;"	851:2:22433:22483	4422	0	True				
ANR	4426	IdentifierDecl	"num = tile_manager_get_tile_num ( tm , x , y )"		4422	0					
ANR	4427	IdentifierDeclType	const gint		4422	0					
ANR	4428	Identifier	num		4422	1					
ANR	4429	AssignmentExpression	"num = tile_manager_get_tile_num ( tm , x , y )"		4422	2		=			
ANR	4430	Identifier	num		4422	0					
ANR	4431	CallExpression	"tile_manager_get_tile_num ( tm , x , y )"		4422	1					
ANR	4432	Callee	tile_manager_get_tile_num		4422	0					
ANR	4433	Identifier	tile_manager_get_tile_num		4422	0					
ANR	4434	ArgumentList	tm		4422	1					
ANR	4435	Argument	tm		4422	0					
ANR	4436	Identifier	tm		4422	0					
ANR	4437	Argument	x		4422	1					
ANR	4438	Identifier	x		4422	0					
ANR	4439	Argument	y		4422	2					
ANR	4440	Identifier	y		4422	0					
ANR	4441	IfStatement	if ( num < 0 )		4422	1					
ANR	4442	Condition	num < 0	852:6:22491:22497	4422	0	True				
ANR	4443	RelationalExpression	num < 0		4422	0		<			
ANR	4444	Identifier	num		4422	0					
ANR	4445	PrimaryExpression	0		4422	1					
ANR	4446	CompoundStatement		3:15:70:70	4422	1					
ANR	4447	ReturnStatement	return ;	853:4:22506:22513	4422	0	True				
ANR	4448	IfStatement	if ( num != tm -> cached_num )		4422	2					
ANR	4449	Condition	num != tm -> cached_num	856:6:22553:22575	4422	0	True				
ANR	4450	EqualityExpression	num != tm -> cached_num		4422	0		!=			
ANR	4451	Identifier	num		4422	0					
ANR	4452	PtrMemberAccess	tm -> cached_num		4422	1					
ANR	4453	Identifier	tm		4422	0					
ANR	4454	Identifier	cached_num		4422	1					
ANR	4455	CompoundStatement		8:4:154:164	4422	1					
ANR	4456	IdentifierDeclStatement	Tile * tile ;	857:4:22584:22594	4422	0	True				
ANR	4457	IdentifierDecl	* tile		4422	0					
ANR	4458	IdentifierDeclType	Tile *		4422	0					
ANR	4459	Identifier	tile		4422	1					
ANR	4460	IfStatement	if ( tm -> cached_tile )		4422	1					
ANR	4461	Condition	tm -> cached_tile	858:8:22604:22620	4422	0	True				
ANR	4462	PtrMemberAccess	tm -> cached_tile		4422	0					
ANR	4463	Identifier	tm		4422	0					
ANR	4464	Identifier	cached_tile		4422	1					
ANR	4465	CompoundStatement		9:27:193:193	4422	1					
ANR	4466	ExpressionStatement	"tile_release ( tm -> cached_tile , 0 )"	859:6:22631:22664	4422	0	True				
ANR	4467	CallExpression	"tile_release ( tm -> cached_tile , 0 )"		4422	0					
ANR	4468	Callee	tile_release		4422	0					
ANR	4469	Identifier	tile_release		4422	0					
ANR	4470	ArgumentList	tm -> cached_tile		4422	1					
ANR	4471	Argument	tm -> cached_tile		4422	0					
ANR	4472	PtrMemberAccess	tm -> cached_tile		4422	0					
ANR	4473	Identifier	tm		4422	0					
ANR	4474	Identifier	cached_tile		4422	1					
ANR	4475	Argument	0		4422	1					
ANR	4476	PrimaryExpression	0		4422	0					
ANR	4477	ExpressionStatement	tm -> cached_num = - 1	861:4:22676:22698	4422	2	True				
ANR	4478	AssignmentExpression	tm -> cached_num = - 1		4422	0		=			
ANR	4479	PtrMemberAccess	tm -> cached_num		4422	0					
ANR	4480	Identifier	tm		4422	0					
ANR	4481	Identifier	cached_num		4422	1					
ANR	4482	UnaryOperationExpression	- 1		4422	1					
ANR	4483	UnaryOperator	-		4422	0					
ANR	4484	PrimaryExpression	1		4422	1					
ANR	4485	ExpressionStatement	tm -> cached_tile = ( ( void * ) 0 )	862:4:22704:22735	4422	3	True				
ANR	4486	AssignmentExpression	tm -> cached_tile = ( ( void * ) 0 )		4422	0		=			
ANR	4487	PtrMemberAccess	tm -> cached_tile		4422	0					
ANR	4488	Identifier	tm		4422	0					
ANR	4489	Identifier	cached_tile		4422	1					
ANR	4490	CastExpression	( void * ) 0		4422	1					
ANR	4491	CastTarget	void *		4422	0					
ANR	4492	PrimaryExpression	0		4422	1					
ANR	4493	ExpressionStatement	"tile = tile_manager_get ( tm , num , ! 0 , 0 )"	870:4:23134:23170	4422	4	True				
ANR	4494	AssignmentExpression	"tile = tile_manager_get ( tm , num , ! 0 , 0 )"		4422	0		=			
ANR	4495	Identifier	tile		4422	0					
ANR	4496	CallExpression	"tile_manager_get ( tm , num , ! 0 , 0 )"		4422	1					
ANR	4497	Callee	tile_manager_get		4422	0					
ANR	4498	Identifier	tile_manager_get		4422	0					
ANR	4499	ArgumentList	tm		4422	1					
ANR	4500	Argument	tm		4422	0					
ANR	4501	Identifier	tm		4422	0					
ANR	4502	Argument	num		4422	1					
ANR	4503	Identifier	num		4422	0					
ANR	4504	Argument	! 0		4422	2					
ANR	4505	UnaryOperationExpression	! 0		4422	0					
ANR	4506	UnaryOperator	!		4422	0					
ANR	4507	PrimaryExpression	0		4422	1					
ANR	4508	Argument	0		4422	3					
ANR	4509	PrimaryExpression	0		4422	0					
ANR	4510	ExpressionStatement	tm -> cached_num = num	871:4:23176:23198	4422	5	True				
ANR	4511	AssignmentExpression	tm -> cached_num = num		4422	0		=			
ANR	4512	PtrMemberAccess	tm -> cached_num		4422	0					
ANR	4513	Identifier	tm		4422	0					
ANR	4514	Identifier	cached_num		4422	1					
ANR	4515	Identifier	num		4422	1					
ANR	4516	ExpressionStatement	tm -> cached_tile = tile	872:4:23204:23228	4422	6	True				
ANR	4517	AssignmentExpression	tm -> cached_tile = tile		4422	0		=			
ANR	4518	PtrMemberAccess	tm -> cached_tile		4422	0					
ANR	4519	Identifier	tm		4422	0					
ANR	4520	Identifier	cached_tile		4422	1					
ANR	4521	Identifier	tile		4422	1					
ANR	4522	CompoundStatement		26:4:810:978	4422	3					
ANR	4523	IdentifierDeclStatement	const guchar * src = ( ( ( tm && tm -> cached_tile ) ? tm -> cached_tile -> data : 0 ) + ( ( y & 64 - 1 ) * ( tm -> cached_tile -> ewidth ) + ( x & 64 - 1 ) ) * ( tm -> cached_tile -> bpp ) ) ;	875:4:23240:23408	4422	0	True				
ANR	4524	IdentifierDecl	* src = ( ( ( tm && tm -> cached_tile ) ? tm -> cached_tile -> data : 0 ) + ( ( y & 64 - 1 ) * ( tm -> cached_tile -> ewidth ) + ( x & 64 - 1 ) ) * ( tm -> cached_tile -> bpp ) )		4422	0					
ANR	4525	IdentifierDeclType	const guchar *		4422	0					
ANR	4526	Identifier	src		4422	1					
ANR	4527	AssignmentExpression	* src = ( ( ( tm && tm -> cached_tile ) ? tm -> cached_tile -> data : 0 ) + ( ( y & 64 - 1 ) * ( tm -> cached_tile -> ewidth ) + ( x & 64 - 1 ) ) * ( tm -> cached_tile -> bpp ) )		4422	2		=			
ANR	4528	Identifier	src		4422	0					
ANR	4529	AdditiveExpression	( ( tm && tm -> cached_tile ) ? tm -> cached_tile -> data : 0 ) + ( ( y & 64 - 1 ) * ( tm -> cached_tile -> ewidth ) + ( x & 64 - 1 ) ) * ( tm -> cached_tile -> bpp )		4422	1		+			
ANR	4530	ConditionalExpression	( tm && tm -> cached_tile ) ? tm -> cached_tile -> data : 0		4422	0					
ANR	4531	Condition	tm && tm -> cached_tile		4422	0					
ANR	4532	AndExpression	tm && tm -> cached_tile		4422	0		&&			
ANR	4533	Identifier	tm		4422	0					
ANR	4534	PtrMemberAccess	tm -> cached_tile		4422	1					
ANR	4535	Identifier	tm		4422	0					
ANR	4536	Identifier	cached_tile		4422	1					
ANR	4537	PtrMemberAccess	tm -> cached_tile -> data		4422	1					
ANR	4538	PtrMemberAccess	tm -> cached_tile		4422	0					
ANR	4539	Identifier	tm		4422	0					
ANR	4540	Identifier	cached_tile		4422	1					
ANR	4541	Identifier	data		4422	1					
ANR	4542	PrimaryExpression	0		4422	2					
ANR	4543	MultiplicativeExpression	( ( y & 64 - 1 ) * ( tm -> cached_tile -> ewidth ) + ( x & 64 - 1 ) ) * ( tm -> cached_tile -> bpp )		4422	1		*			
ANR	4544	AdditiveExpression	( y & 64 - 1 ) * ( tm -> cached_tile -> ewidth ) + ( x & 64 - 1 )		4422	0		+			
ANR	4545	MultiplicativeExpression	( y & 64 - 1 ) * ( tm -> cached_tile -> ewidth )		4422	0		*			
ANR	4546	BitAndExpression	y & 64 - 1		4422	0		&			
ANR	4547	Identifier	y		4422	0					
ANR	4548	AdditiveExpression	64 - 1		4422	1		-			
ANR	4549	PrimaryExpression	64		4422	0					
ANR	4550	PrimaryExpression	1		4422	1					
ANR	4551	PtrMemberAccess	tm -> cached_tile -> ewidth		4422	1					
ANR	4552	PtrMemberAccess	tm -> cached_tile		4422	0					
ANR	4553	Identifier	tm		4422	0					
ANR	4554	Identifier	cached_tile		4422	1					
ANR	4555	Identifier	ewidth		4422	1					
ANR	4556	BitAndExpression	x & 64 - 1		4422	1		&			
ANR	4557	Identifier	x		4422	0					
ANR	4558	AdditiveExpression	64 - 1		4422	1		-			
ANR	4559	PrimaryExpression	64		4422	0					
ANR	4560	PrimaryExpression	1		4422	1					
ANR	4561	PtrMemberAccess	tm -> cached_tile -> bpp		4422	1					
ANR	4562	PtrMemberAccess	tm -> cached_tile		4422	0					
ANR	4563	Identifier	tm		4422	0					
ANR	4564	Identifier	cached_tile		4422	1					
ANR	4565	Identifier	bpp		4422	1					
ANR	4566	SwitchStatement	switch ( tm -> bpp )		4422	1					
ANR	4567	Condition	tm -> bpp	876:11:23421:23429	4422	0	True				
ANR	4568	PtrMemberAccess	tm -> bpp		4422	0					
ANR	4569	Identifier	tm		4422	0					
ANR	4570	Identifier	bpp		4422	1					
ANR	4571	CompoundStatement		27:21:1001:1001	4422	1					
ANR	4572	Label	case 4 :	877:6:23439:23445	4422	0	True				
ANR	4573	ExpressionStatement	* ( buffer ++ ) = * ( src ++ )	878:7:23454:23477	4422	1	True				
ANR	4574	AssignmentExpression	* ( buffer ++ ) = * ( src ++ )		4422	0		=			
ANR	4575	UnaryOperationExpression	* ( buffer ++ )		4422	0					
ANR	4576	UnaryOperator	*		4422	0					
ANR	4577	PostIncDecOperationExpression	buffer ++		4422	1					
ANR	4578	Identifier	buffer		4422	0					
ANR	4579	IncDec	++		4422	1					
ANR	4580	UnaryOperationExpression	* ( src ++ )		4422	1					
ANR	4581	UnaryOperator	*		4422	0					
ANR	4582	PostIncDecOperationExpression	src ++		4422	1					
ANR	4583	Identifier	src		4422	0					
ANR	4584	IncDec	++		4422	1					
ANR	4585	Label	case 3 :	879:6:23485:23491	4422	2	True				
ANR	4586	ExpressionStatement	* ( buffer ++ ) = * ( src ++ )	880:7:23500:23523	4422	3	True				
ANR	4587	AssignmentExpression	* ( buffer ++ ) = * ( src ++ )		4422	0		=			
ANR	4588	UnaryOperationExpression	* ( buffer ++ )		4422	0					
ANR	4589	UnaryOperator	*		4422	0					
ANR	4590	PostIncDecOperationExpression	buffer ++		4422	1					
ANR	4591	Identifier	buffer		4422	0					
ANR	4592	IncDec	++		4422	1					
ANR	4593	UnaryOperationExpression	* ( src ++ )		4422	1					
ANR	4594	UnaryOperator	*		4422	0					
ANR	4595	PostIncDecOperationExpression	src ++		4422	1					
ANR	4596	Identifier	src		4422	0					
ANR	4597	IncDec	++		4422	1					
ANR	4598	Label	case 2 :	881:6:23531:23537	4422	4	True				
ANR	4599	ExpressionStatement	* ( buffer ++ ) = * ( src ++ )	882:7:23546:23569	4422	5	True				
ANR	4600	AssignmentExpression	* ( buffer ++ ) = * ( src ++ )		4422	0		=			
ANR	4601	UnaryOperationExpression	* ( buffer ++ )		4422	0					
ANR	4602	UnaryOperator	*		4422	0					
ANR	4603	PostIncDecOperationExpression	buffer ++		4422	1					
ANR	4604	Identifier	buffer		4422	0					
ANR	4605	IncDec	++		4422	1					
ANR	4606	UnaryOperationExpression	* ( src ++ )		4422	1					
ANR	4607	UnaryOperator	*		4422	0					
ANR	4608	PostIncDecOperationExpression	src ++		4422	1					
ANR	4609	Identifier	src		4422	0					
ANR	4610	IncDec	++		4422	1					
ANR	4611	Label	case 1 :	883:6:23577:23583	4422	6	True				
ANR	4612	ExpressionStatement	* ( buffer ++ ) = * ( src ++ )	884:7:23592:23615	4422	7	True				
ANR	4613	AssignmentExpression	* ( buffer ++ ) = * ( src ++ )		4422	0		=			
ANR	4614	UnaryOperationExpression	* ( buffer ++ )		4422	0					
ANR	4615	UnaryOperator	*		4422	0					
ANR	4616	PostIncDecOperationExpression	buffer ++		4422	1					
ANR	4617	Identifier	buffer		4422	0					
ANR	4618	IncDec	++		4422	1					
ANR	4619	UnaryOperationExpression	* ( src ++ )		4422	1					
ANR	4620	UnaryOperator	*		4422	0					
ANR	4621	PostIncDecOperationExpression	src ++		4422	1					
ANR	4622	Identifier	src		4422	0					
ANR	4623	IncDec	++		4422	1					
ANR	4624	ReturnType	void		4422	1					
ANR	4625	Identifier	tile_manager_read_pixel_data_1		4422	2					
ANR	4626	ParameterList	"TileManager * tm , gint x , gint y , guchar * buffer"		4422	3					
ANR	4627	Parameter	TileManager * tm	849:36:22383:22397	4422	0	True				
ANR	4628	ParameterType	TileManager *		4422	0					
ANR	4629	Identifier	tm		4422	1					
ANR	4630	Parameter	gint x	849:52:22399:22404	4422	1	True				
ANR	4631	ParameterType	gint		4422	0					
ANR	4632	Identifier	x		4422	1					
ANR	4633	Parameter	gint y	849:59:22406:22411	4422	2	True				
ANR	4634	ParameterType	gint		4422	0					
ANR	4635	Identifier	y		4422	1					
ANR	4636	Parameter	guchar * buffer	849:66:22413:22426	4422	3	True				
ANR	4637	ParameterType	guchar *		4422	0					
ANR	4638	Identifier	buffer		4422	1					
ANR	4639	CFGEntryNode	ENTRY		4422		True				
ANR	4640	CFGExitNode	EXIT		4422		True				
ANR	4641	Symbol	tm -> cached_tile -> data		4422						
ANR	4642	Symbol	* ( src ++ )		4422						
ANR	4643	Symbol	src		4422						
ANR	4644	Symbol	num		4422						
ANR	4645	Symbol	* * tm		4422						
ANR	4646	Symbol	tm -> cached_num		4422						
ANR	4647	Symbol	tm -> cached_tile -> bpp		4422						
ANR	4648	Symbol	tm -> cached_tile		4422						
ANR	4649	Symbol	* ( buffer ++ )		4422						
ANR	4650	Symbol	tile_manager_get		4422						
ANR	4651	Symbol	tm -> cached_tile -> ewidth		4422						
ANR	4652	Symbol	* tm -> cached_tile		4422						
ANR	4653	Symbol	tm -> bpp		4422						
ANR	4654	Symbol	x		4422						
ANR	4655	Symbol	tile		4422						
ANR	4656	Symbol	tm		4422						
ANR	4657	Symbol	y		4422						
ANR	4658	Symbol	buffer		4422						
ANR	4659	Symbol	* tm		4422						
ANR	4660	Symbol	tile_manager_get_tile_num		4422						
ANR	4661	Function	tile_manager_write_pixel_data_1	889:0:23630:24093							
ANR	4662	FunctionDef	"tile_manager_write_pixel_data_1 (TileManager * tm , gint x , gint y , const guchar * buffer)"		4661	0					
ANR	4663	CompoundStatement		890:0:23719:24093	4661	0					
ANR	4664	IdentifierDeclStatement	"Tile * tile = tile_manager_get_tile ( tm , x , y , ! 0 , ! 0 ) ;"	891:2:23723:23771	4661	0	True				
ANR	4665	IdentifierDecl	"* tile = tile_manager_get_tile ( tm , x , y , ! 0 , ! 0 )"		4661	0					
ANR	4666	IdentifierDeclType	Tile *		4661	0					
ANR	4667	Identifier	tile		4661	1					
ANR	4668	AssignmentExpression	"* tile = tile_manager_get_tile ( tm , x , y , ! 0 , ! 0 )"		4661	2		=			
ANR	4669	Identifier	tile		4661	0					
ANR	4670	CallExpression	"tile_manager_get_tile ( tm , x , y , ! 0 , ! 0 )"		4661	1					
ANR	4671	Callee	tile_manager_get_tile		4661	0					
ANR	4672	Identifier	tile_manager_get_tile		4661	0					
ANR	4673	ArgumentList	tm		4661	1					
ANR	4674	Argument	tm		4661	0					
ANR	4675	Identifier	tm		4661	0					
ANR	4676	Argument	x		4661	1					
ANR	4677	Identifier	x		4661	0					
ANR	4678	Argument	y		4661	2					
ANR	4679	Identifier	y		4661	0					
ANR	4680	Argument	! 0		4661	3					
ANR	4681	UnaryOperationExpression	! 0		4661	0					
ANR	4682	UnaryOperator	!		4661	0					
ANR	4683	PrimaryExpression	0		4661	1					
ANR	4684	Argument	! 0		4661	4					
ANR	4685	UnaryOperationExpression	! 0		4661	0					
ANR	4686	UnaryOperator	!		4661	0					
ANR	4687	PrimaryExpression	0		4661	1					
ANR	4688	IdentifierDeclStatement	guchar * dest = tile -> data + ( ( y & 64 - 1 ) * ( tile -> ewidth ) + ( x & 64 - 1 ) ) * ( tile -> bpp ) ;	892:2:23775:23869	4661	1	True				
ANR	4689	IdentifierDecl	* dest = tile -> data + ( ( y & 64 - 1 ) * ( tile -> ewidth ) + ( x & 64 - 1 ) ) * ( tile -> bpp )		4661	0					
ANR	4690	IdentifierDeclType	guchar *		4661	0					
ANR	4691	Identifier	dest		4661	1					
ANR	4692	AssignmentExpression	* dest = tile -> data + ( ( y & 64 - 1 ) * ( tile -> ewidth ) + ( x & 64 - 1 ) ) * ( tile -> bpp )		4661	2		=			
ANR	4693	Identifier	dest		4661	0					
ANR	4694	AdditiveExpression	tile -> data + ( ( y & 64 - 1 ) * ( tile -> ewidth ) + ( x & 64 - 1 ) ) * ( tile -> bpp )		4661	1		+			
ANR	4695	PtrMemberAccess	tile -> data		4661	0					
ANR	4696	Identifier	tile		4661	0					
ANR	4697	Identifier	data		4661	1					
ANR	4698	MultiplicativeExpression	( ( y & 64 - 1 ) * ( tile -> ewidth ) + ( x & 64 - 1 ) ) * ( tile -> bpp )		4661	1		*			
ANR	4699	AdditiveExpression	( y & 64 - 1 ) * ( tile -> ewidth ) + ( x & 64 - 1 )		4661	0		+			
ANR	4700	MultiplicativeExpression	( y & 64 - 1 ) * ( tile -> ewidth )		4661	0		*			
ANR	4701	BitAndExpression	y & 64 - 1		4661	0		&			
ANR	4702	Identifier	y		4661	0					
ANR	4703	AdditiveExpression	64 - 1		4661	1		-			
ANR	4704	PrimaryExpression	64		4661	0					
ANR	4705	PrimaryExpression	1		4661	1					
ANR	4706	PtrMemberAccess	tile -> ewidth		4661	1					
ANR	4707	Identifier	tile		4661	0					
ANR	4708	Identifier	ewidth		4661	1					
ANR	4709	BitAndExpression	x & 64 - 1		4661	1		&			
ANR	4710	Identifier	x		4661	0					
ANR	4711	AdditiveExpression	64 - 1		4661	1		-			
ANR	4712	PrimaryExpression	64		4661	0					
ANR	4713	PrimaryExpression	1		4661	1					
ANR	4714	PtrMemberAccess	tile -> bpp		4661	1					
ANR	4715	Identifier	tile		4661	0					
ANR	4716	Identifier	bpp		4661	1					
ANR	4717	SwitchStatement	switch ( tm -> bpp )		4661	2					
ANR	4718	Condition	tm -> bpp	893:9:23880:23888	4661	0	True				
ANR	4719	PtrMemberAccess	tm -> bpp		4661	0					
ANR	4720	Identifier	tm		4661	0					
ANR	4721	Identifier	bpp		4661	1					
ANR	4722	CompoundStatement		4:19:170:170	4661	1					
ANR	4723	Label	case 4 :	894:4:23896:23902	4661	0	True				
ANR	4724	ExpressionStatement	* ( dest ++ ) = * ( buffer ++ )	895:5:23909:23933	4661	1	True				
ANR	4725	AssignmentExpression	* ( dest ++ ) = * ( buffer ++ )		4661	0		=			
ANR	4726	UnaryOperationExpression	* ( dest ++ )		4661	0					
ANR	4727	UnaryOperator	*		4661	0					
ANR	4728	PostIncDecOperationExpression	dest ++		4661	1					
ANR	4729	Identifier	dest		4661	0					
ANR	4730	IncDec	++		4661	1					
ANR	4731	UnaryOperationExpression	* ( buffer ++ )		4661	1					
ANR	4732	UnaryOperator	*		4661	0					
ANR	4733	PostIncDecOperationExpression	buffer ++		4661	1					
ANR	4734	Identifier	buffer		4661	0					
ANR	4735	IncDec	++		4661	1					
ANR	4736	Label	case 3 :	896:4:23939:23945	4661	2	True				
ANR	4737	ExpressionStatement	* ( dest ++ ) = * ( buffer ++ )	897:5:23952:23976	4661	3	True				
ANR	4738	AssignmentExpression	* ( dest ++ ) = * ( buffer ++ )		4661	0		=			
ANR	4739	UnaryOperationExpression	* ( dest ++ )		4661	0					
ANR	4740	UnaryOperator	*		4661	0					
ANR	4741	PostIncDecOperationExpression	dest ++		4661	1					
ANR	4742	Identifier	dest		4661	0					
ANR	4743	IncDec	++		4661	1					
ANR	4744	UnaryOperationExpression	* ( buffer ++ )		4661	1					
ANR	4745	UnaryOperator	*		4661	0					
ANR	4746	PostIncDecOperationExpression	buffer ++		4661	1					
ANR	4747	Identifier	buffer		4661	0					
ANR	4748	IncDec	++		4661	1					
ANR	4749	Label	case 2 :	898:4:23982:23988	4661	4	True				
ANR	4750	ExpressionStatement	* ( dest ++ ) = * ( buffer ++ )	899:5:23995:24019	4661	5	True				
ANR	4751	AssignmentExpression	* ( dest ++ ) = * ( buffer ++ )		4661	0		=			
ANR	4752	UnaryOperationExpression	* ( dest ++ )		4661	0					
ANR	4753	UnaryOperator	*		4661	0					
ANR	4754	PostIncDecOperationExpression	dest ++		4661	1					
ANR	4755	Identifier	dest		4661	0					
ANR	4756	IncDec	++		4661	1					
ANR	4757	UnaryOperationExpression	* ( buffer ++ )		4661	1					
ANR	4758	UnaryOperator	*		4661	0					
ANR	4759	PostIncDecOperationExpression	buffer ++		4661	1					
ANR	4760	Identifier	buffer		4661	0					
ANR	4761	IncDec	++		4661	1					
ANR	4762	Label	case 1 :	900:4:24025:24031	4661	6	True				
ANR	4763	ExpressionStatement	* ( dest ++ ) = * ( buffer ++ )	901:5:24038:24062	4661	7	True				
ANR	4764	AssignmentExpression	* ( dest ++ ) = * ( buffer ++ )		4661	0		=			
ANR	4765	UnaryOperationExpression	* ( dest ++ )		4661	0					
ANR	4766	UnaryOperator	*		4661	0					
ANR	4767	PostIncDecOperationExpression	dest ++		4661	1					
ANR	4768	Identifier	dest		4661	0					
ANR	4769	IncDec	++		4661	1					
ANR	4770	UnaryOperationExpression	* ( buffer ++ )		4661	1					
ANR	4771	UnaryOperator	*		4661	0					
ANR	4772	PostIncDecOperationExpression	buffer ++		4661	1					
ANR	4773	Identifier	buffer		4661	0					
ANR	4774	IncDec	++		4661	1					
ANR	4775	ExpressionStatement	"tile_release ( tile , ! 0 )"	903:2:24070:24091	4661	3	True				
ANR	4776	CallExpression	"tile_release ( tile , ! 0 )"		4661	0					
ANR	4777	Callee	tile_release		4661	0					
ANR	4778	Identifier	tile_release		4661	0					
ANR	4779	ArgumentList	tile		4661	1					
ANR	4780	Argument	tile		4661	0					
ANR	4781	Identifier	tile		4661	0					
ANR	4782	Argument	! 0		4661	1					
ANR	4783	UnaryOperationExpression	! 0		4661	0					
ANR	4784	UnaryOperator	!		4661	0					
ANR	4785	PrimaryExpression	0		4661	1					
ANR	4786	ReturnType	void		4661	1					
ANR	4787	Identifier	tile_manager_write_pixel_data_1		4661	2					
ANR	4788	ParameterList	"TileManager * tm , gint x , gint y , const guchar * buffer"		4661	3					
ANR	4789	Parameter	TileManager * tm	889:37:23667:23681	4661	0	True				
ANR	4790	ParameterType	TileManager *		4661	0					
ANR	4791	Identifier	tm		4661	1					
ANR	4792	Parameter	gint x	889:53:23683:23688	4661	1	True				
ANR	4793	ParameterType	gint		4661	0					
ANR	4794	Identifier	x		4661	1					
ANR	4795	Parameter	gint y	889:60:23690:23695	4661	2	True				
ANR	4796	ParameterType	gint		4661	0					
ANR	4797	Identifier	y		4661	1					
ANR	4798	Parameter	const guchar * buffer	889:67:23697:23716	4661	3	True				
ANR	4799	ParameterType	const guchar *		4661	0					
ANR	4800	Identifier	buffer		4661	1					
ANR	4801	CFGEntryNode	ENTRY		4661		True				
ANR	4802	CFGExitNode	EXIT		4661		True				
ANR	4803	Symbol	* tile		4661						
ANR	4804	Symbol	tile_manager_get_tile		4661						
ANR	4805	Symbol	tile -> data		4661						
ANR	4806	Symbol	tile -> bpp		4661						
ANR	4807	Symbol	dest		4661						
ANR	4808	Symbol	* ( buffer ++ )		4661						
ANR	4809	Symbol	tm -> bpp		4661						
ANR	4810	Symbol	x		4661						
ANR	4811	Symbol	tile		4661						
ANR	4812	Symbol	tile -> ewidth		4661						
ANR	4813	Symbol	tm		4661						
ANR	4814	Symbol	y		4661						
ANR	4815	Symbol	buffer		4661						
ANR	4816	Symbol	* tm		4661						
ANR	4817	Symbol	* ( dest ++ )		4661						
ANR	4818	Function	stonesoup_handle_taint	906:0:24096:24765							
ANR	4819	FunctionDef	stonesoup_handle_taint (char * hamon_slovakia)		4818	0					
ANR	4820	CompoundStatement		907:0:24146:24765	4818	0					
ANR	4821	IdentifierDeclStatement	char * * unsteels_conjectured = 0 ;	908:2:24150:24181	4818	0	True				
ANR	4822	IdentifierDecl	* * unsteels_conjectured = 0		4818	0					
ANR	4823	IdentifierDeclType	char * *		4818	0					
ANR	4824	Identifier	unsteels_conjectured		4818	1					
ANR	4825	AssignmentExpression	* * unsteels_conjectured = 0		4818	2		=			
ANR	4826	Identifier	unsteels_conjectured		4818	0					
ANR	4827	PrimaryExpression	0		4818	1					
ANR	4828	IdentifierDeclStatement	int * * preexperimental_bestuds = 0 ;	909:2:24185:24218	4818	1	True				
ANR	4829	IdentifierDecl	* * preexperimental_bestuds = 0		4818	0					
ANR	4830	IdentifierDeclType	int * *		4818	0					
ANR	4831	Identifier	preexperimental_bestuds		4818	1					
ANR	4832	AssignmentExpression	* * preexperimental_bestuds = 0		4818	2		=			
ANR	4833	Identifier	preexperimental_bestuds		4818	0					
ANR	4834	PrimaryExpression	0		4818	1					
ANR	4835	IdentifierDeclStatement	int * cagers_marylin = 0 ;	910:2:24222:24245	4818	2	True				
ANR	4836	IdentifierDecl	* cagers_marylin = 0		4818	0					
ANR	4837	IdentifierDeclType	int *		4818	0					
ANR	4838	Identifier	cagers_marylin		4818	1					
ANR	4839	AssignmentExpression	* cagers_marylin = 0		4818	2		=			
ANR	4840	Identifier	cagers_marylin		4818	0					
ANR	4841	PrimaryExpression	0		4818	1					
ANR	4842	IdentifierDeclStatement	int superrefine_pastern ;	911:2:24249:24272	4818	3	True				
ANR	4843	IdentifierDecl	superrefine_pastern		4818	0					
ANR	4844	IdentifierDeclType	int		4818	0					
ANR	4845	Identifier	superrefine_pastern		4818	1					
ANR	4846	IdentifierDeclStatement	char * * mafoo_maronian [ 10 ] = { 0 } ;	912:2:24276:24307	4818	4	True				
ANR	4847	IdentifierDecl	* * mafoo_maronian [ 10 ] = { 0 }		4818	0					
ANR	4848	IdentifierDeclType	char * * [ 10 ]		4818	0					
ANR	4849	Identifier	mafoo_maronian		4818	1					
ANR	4850	PrimaryExpression	10		4818	2					
ANR	4851	AssignmentExpression	* * mafoo_maronian [ 10 ] = { 0 }		4818	3		=			
ANR	4852	Identifier	mafoo_maronian		4818	0					
ANR	4853	InitializerList	0		4818	1					
ANR	4854	PrimaryExpression	0		4818	0					
ANR	4855	IdentifierDeclStatement	char * pochay_distortive [ 52 ] = { 0 } ;	913:2:24311:24344	4818	5	True				
ANR	4856	IdentifierDecl	* pochay_distortive [ 52 ] = { 0 }		4818	0					
ANR	4857	IdentifierDeclType	char * [ 52 ]		4818	0					
ANR	4858	Identifier	pochay_distortive		4818	1					
ANR	4859	PrimaryExpression	52		4818	2					
ANR	4860	AssignmentExpression	* pochay_distortive [ 52 ] = { 0 }		4818	3		=			
ANR	4861	Identifier	pochay_distortive		4818	0					
ANR	4862	InitializerList	0		4818	1					
ANR	4863	PrimaryExpression	0		4818	0					
ANR	4864	ExpressionStatement	++ stonesoup_global_variable	914:2:24348:24375	4818	6	True				
ANR	4865	UnaryExpression	++ stonesoup_global_variable		4818	0					
ANR	4866	IncDec	++		4818	0					
ANR	4867	Identifier	stonesoup_global_variable		4818	1					
ANR	4868	ExpressionStatement		914:30:24376:24376	4818	7	True				
ANR	4869	IfStatement	if ( hamon_slovakia != 0 )		4818	8					
ANR	4870	Condition	hamon_slovakia != 0	915:6:24384:24402	4818	0	True				
ANR	4871	EqualityExpression	hamon_slovakia != 0		4818	0		!=			
ANR	4872	Identifier	hamon_slovakia		4818	0					
ANR	4873	PrimaryExpression	0		4818	1					
ANR	4874	CompoundStatement		9:27:258:258	4818	1					
ANR	4875	ExpressionStatement		915:28:24406:24406	4818	0	True				
ANR	4876	ExpressionStatement	pochay_distortive [ 9 ] = hamon_slovakia	916:4:24412:24449	4818	1	True				
ANR	4877	AssignmentExpression	pochay_distortive [ 9 ] = hamon_slovakia		4818	0		=			
ANR	4878	ArrayIndexing	pochay_distortive [ 9 ]		4818	0					
ANR	4879	Identifier	pochay_distortive		4818	0					
ANR	4880	PrimaryExpression	9		4818	1					
ANR	4881	Identifier	hamon_slovakia		4818	1					
ANR	4882	ExpressionStatement	superrefine_pastern = 5	917:4:24455:24478	4818	2	True				
ANR	4883	AssignmentExpression	superrefine_pastern = 5		4818	0		=			
ANR	4884	Identifier	superrefine_pastern		4818	0					
ANR	4885	PrimaryExpression	5		4818	1					
ANR	4886	ExpressionStatement	cagers_marylin = & superrefine_pastern	918:4:24484:24521	4818	3	True				
ANR	4887	AssignmentExpression	cagers_marylin = & superrefine_pastern		4818	0		=			
ANR	4888	Identifier	cagers_marylin		4818	0					
ANR	4889	UnaryOperationExpression	& superrefine_pastern		4818	1					
ANR	4890	UnaryOperator	&		4818	0					
ANR	4891	Identifier	superrefine_pastern		4818	1					
ANR	4892	ExpressionStatement	preexperimental_bestuds = & cagers_marylin	919:4:24527:24568	4818	4	True				
ANR	4893	AssignmentExpression	preexperimental_bestuds = & cagers_marylin		4818	0		=			
ANR	4894	Identifier	preexperimental_bestuds		4818	0					
ANR	4895	UnaryOperationExpression	& cagers_marylin		4818	1					
ANR	4896	UnaryOperator	&		4818	0					
ANR	4897	Identifier	cagers_marylin		4818	1					
ANR	4898	ExpressionStatement	mafoo_maronian [ * ( * preexperimental_bestuds ) ] = pochay_distortive	920:4:24574:24639	4818	5	True				
ANR	4899	AssignmentExpression	mafoo_maronian [ * ( * preexperimental_bestuds ) ] = pochay_distortive		4818	0		=			
ANR	4900	ArrayIndexing	mafoo_maronian [ * ( * preexperimental_bestuds ) ]		4818	0					
ANR	4901	Identifier	mafoo_maronian		4818	0					
ANR	4902	UnaryOperationExpression	* ( * preexperimental_bestuds )		4818	1					
ANR	4903	UnaryOperator	*		4818	0					
ANR	4904	UnaryOperationExpression	* preexperimental_bestuds		4818	1					
ANR	4905	UnaryOperator	*		4818	0					
ANR	4906	Identifier	preexperimental_bestuds		4818	1					
ANR	4907	Identifier	pochay_distortive		4818	1					
ANR	4908	ExpressionStatement	unsteels_conjectured = mafoo_maronian [ * ( * preexperimental_bestuds ) ]	921:4:24645:24713	4818	6	True				
ANR	4909	AssignmentExpression	unsteels_conjectured = mafoo_maronian [ * ( * preexperimental_bestuds ) ]		4818	0		=			
ANR	4910	Identifier	unsteels_conjectured		4818	0					
ANR	4911	ArrayIndexing	mafoo_maronian [ * ( * preexperimental_bestuds ) ]		4818	1					
ANR	4912	Identifier	mafoo_maronian		4818	0					
ANR	4913	UnaryOperationExpression	* ( * preexperimental_bestuds )		4818	1					
ANR	4914	UnaryOperator	*		4818	0					
ANR	4915	UnaryOperationExpression	* preexperimental_bestuds		4818	1					
ANR	4916	UnaryOperator	*		4818	0					
ANR	4917	Identifier	preexperimental_bestuds		4818	1					
ANR	4918	ExpressionStatement	diestrums_everhart ( unsteels_conjectured )	922:4:24719:24759	4818	7	True				
ANR	4919	CallExpression	diestrums_everhart ( unsteels_conjectured )		4818	0					
ANR	4920	Callee	diestrums_everhart		4818	0					
ANR	4921	Identifier	diestrums_everhart		4818	0					
ANR	4922	ArgumentList	unsteels_conjectured		4818	1					
ANR	4923	Argument	unsteels_conjectured		4818	0					
ANR	4924	Identifier	unsteels_conjectured		4818	0					
ANR	4925	ReturnType	void		4818	1					
ANR	4926	Identifier	stonesoup_handle_taint		4818	2					
ANR	4927	ParameterList	char * hamon_slovakia		4818	3					
ANR	4928	Parameter	char * hamon_slovakia	906:28:24124:24143	4818	0	True				
ANR	4929	ParameterType	char *		4818	0					
ANR	4930	Identifier	hamon_slovakia		4818	1					
ANR	4931	CFGEntryNode	ENTRY		4818		True				
ANR	4932	CFGExitNode	EXIT		4818		True				
ANR	4933	Symbol	superrefine_pastern		4818						
ANR	4934	Symbol	* * * preexperimental_bestuds		4818						
ANR	4935	Symbol	* pochay_distortive		4818						
ANR	4936	Symbol	* * ( * preexperimental_bestuds )		4818						
ANR	4937	Symbol	& cagers_marylin		4818						
ANR	4938	Symbol	* mafoo_maronian		4818						
ANR	4939	Symbol	* preexperimental_bestuds		4818						
ANR	4940	Symbol	hamon_slovakia		4818						
ANR	4941	Symbol	* * preexperimental_bestuds		4818						
ANR	4942	Symbol	mafoo_maronian		4818						
ANR	4943	Symbol	pochay_distortive		4818						
ANR	4944	Symbol	& superrefine_pastern		4818						
ANR	4945	Symbol	preexperimental_bestuds		4818						
ANR	4946	Symbol	cagers_marylin		4818						
ANR	4947	Symbol	* ( * preexperimental_bestuds )		4818						
ANR	4948	Symbol	unsteels_conjectured		4818						
ANR	4949	Function	diestrums_everhart	926:0:24768:24913							
ANR	4950	FunctionDef	diestrums_everhart (char * * pseudobinary_archenemies)		4949	0					
ANR	4951	CompoundStatement		927:0:24825:24913	4949	0					
ANR	4952	ExpressionStatement	++ stonesoup_global_variable	928:2:24829:24856	4949	0	True				
ANR	4953	UnaryExpression	++ stonesoup_global_variable		4949	0					
ANR	4954	IncDec	++		4949	0					
ANR	4955	Identifier	stonesoup_global_variable		4949	1					
ANR	4956	ExpressionStatement		928:30:24857:24857	4949	1	True				
ANR	4957	ExpressionStatement	urbanologists_truncature ( pseudobinary_archenemies )	929:2:24861:24911	4949	2	True				
ANR	4958	CallExpression	urbanologists_truncature ( pseudobinary_archenemies )		4949	0					
ANR	4959	Callee	urbanologists_truncature		4949	0					
ANR	4960	Identifier	urbanologists_truncature		4949	0					
ANR	4961	ArgumentList	pseudobinary_archenemies		4949	1					
ANR	4962	Argument	pseudobinary_archenemies		4949	0					
ANR	4963	Identifier	pseudobinary_archenemies		4949	0					
ANR	4964	ReturnType	void		4949	1					
ANR	4965	Identifier	diestrums_everhart		4949	2					
ANR	4966	ParameterList	char * * pseudobinary_archenemies		4949	3					
ANR	4967	Parameter	char * * pseudobinary_archenemies	926:24:24792:24822	4949	0	True				
ANR	4968	ParameterType	char * *		4949	0					
ANR	4969	Identifier	pseudobinary_archenemies		4949	1					
ANR	4970	CFGEntryNode	ENTRY		4949		True				
ANR	4971	CFGExitNode	EXIT		4949		True				
ANR	4972	Symbol	pseudobinary_archenemies		4949						
ANR	4973	Function	urbanologists_truncature	932:0:24916:25044							
ANR	4974	FunctionDef	urbanologists_truncature (char * * dimplier_vancouver)		4973	0					
ANR	4975	CompoundStatement		933:0:24973:25044	4973	0					
ANR	4976	ExpressionStatement	++ stonesoup_global_variable	934:2:24977:25004	4973	0	True				
ANR	4977	UnaryExpression	++ stonesoup_global_variable		4973	0					
ANR	4978	IncDec	++		4973	0					
ANR	4979	Identifier	stonesoup_global_variable		4973	1					
ANR	4980	ExpressionStatement		934:30:25005:25005	4973	1	True				
ANR	4981	ExpressionStatement	fazenda_balas ( dimplier_vancouver )	935:2:25009:25042	4973	2	True				
ANR	4982	CallExpression	fazenda_balas ( dimplier_vancouver )		4973	0					
ANR	4983	Callee	fazenda_balas		4973	0					
ANR	4984	Identifier	fazenda_balas		4973	0					
ANR	4985	ArgumentList	dimplier_vancouver		4973	1					
ANR	4986	Argument	dimplier_vancouver		4973	0					
ANR	4987	Identifier	dimplier_vancouver		4973	0					
ANR	4988	ReturnType	void		4973	1					
ANR	4989	Identifier	urbanologists_truncature		4973	2					
ANR	4990	ParameterList	char * * dimplier_vancouver		4973	3					
ANR	4991	Parameter	char * * dimplier_vancouver	932:30:24946:24970	4973	0	True				
ANR	4992	ParameterType	char * *		4973	0					
ANR	4993	Identifier	dimplier_vancouver		4973	1					
ANR	4994	CFGEntryNode	ENTRY		4973		True				
ANR	4995	CFGExitNode	EXIT		4973		True				
ANR	4996	Symbol	dimplier_vancouver		4973						
ANR	4997	Function	fazenda_balas	938:0:25047:25178							
ANR	4998	FunctionDef	fazenda_balas (char * * hexarchies_noncanvassing)		4997	0					
ANR	4999	CompoundStatement		939:0:25099:25178	4997	0					
ANR	5000	ExpressionStatement	++ stonesoup_global_variable	940:2:25103:25130	4997	0	True				
ANR	5001	UnaryExpression	++ stonesoup_global_variable		4997	0					
ANR	5002	IncDec	++		4997	0					
ANR	5003	Identifier	stonesoup_global_variable		4997	1					
ANR	5004	ExpressionStatement		940:30:25131:25131	4997	1	True				
ANR	5005	ExpressionStatement	knottiest_tutto ( hexarchies_noncanvassing )	941:2:25135:25176	4997	2	True				
ANR	5006	CallExpression	knottiest_tutto ( hexarchies_noncanvassing )		4997	0					
ANR	5007	Callee	knottiest_tutto		4997	0					
ANR	5008	Identifier	knottiest_tutto		4997	0					
ANR	5009	ArgumentList	hexarchies_noncanvassing		4997	1					
ANR	5010	Argument	hexarchies_noncanvassing		4997	0					
ANR	5011	Identifier	hexarchies_noncanvassing		4997	0					
ANR	5012	ReturnType	void		4997	1					
ANR	5013	Identifier	fazenda_balas		4997	2					
ANR	5014	ParameterList	char * * hexarchies_noncanvassing		4997	3					
ANR	5015	Parameter	char * * hexarchies_noncanvassing	938:19:25066:25096	4997	0	True				
ANR	5016	ParameterType	char * *		4997	0					
ANR	5017	Identifier	hexarchies_noncanvassing		4997	1					
ANR	5018	CFGEntryNode	ENTRY		4997		True				
ANR	5019	CFGExitNode	EXIT		4997		True				
ANR	5020	Symbol	hexarchies_noncanvassing		4997						
ANR	5021	Function	knottiest_tutto	944:0:25181:25310							
ANR	5022	FunctionDef	knottiest_tutto (char * * papistries_focalized)		5021	0					
ANR	5023	CompoundStatement		945:0:25231:25310	5021	0					
ANR	5024	ExpressionStatement	++ stonesoup_global_variable	946:2:25235:25262	5021	0	True				
ANR	5025	UnaryExpression	++ stonesoup_global_variable		5021	0					
ANR	5026	IncDec	++		5021	0					
ANR	5027	Identifier	stonesoup_global_variable		5021	1					
ANR	5028	ExpressionStatement		946:30:25263:25263	5021	1	True				
ANR	5029	ExpressionStatement	discordantness_spet ( papistries_focalized )	947:2:25267:25308	5021	2	True				
ANR	5030	CallExpression	discordantness_spet ( papistries_focalized )		5021	0					
ANR	5031	Callee	discordantness_spet		5021	0					
ANR	5032	Identifier	discordantness_spet		5021	0					
ANR	5033	ArgumentList	papistries_focalized		5021	1					
ANR	5034	Argument	papistries_focalized		5021	0					
ANR	5035	Identifier	papistries_focalized		5021	0					
ANR	5036	ReturnType	void		5021	1					
ANR	5037	Identifier	knottiest_tutto		5021	2					
ANR	5038	ParameterList	char * * papistries_focalized		5021	3					
ANR	5039	Parameter	char * * papistries_focalized	944:21:25202:25228	5021	0	True				
ANR	5040	ParameterType	char * *		5021	0					
ANR	5041	Identifier	papistries_focalized		5021	1					
ANR	5042	CFGEntryNode	ENTRY		5021		True				
ANR	5043	CFGExitNode	EXIT		5021		True				
ANR	5044	Symbol	papistries_focalized		5021						
ANR	5045	Function	discordantness_spet	950:0:25313:25455							
ANR	5046	FunctionDef	discordantness_spet (char * * tercentenary_mesosigmoid)		5045	0					
ANR	5047	CompoundStatement		951:0:25371:25455	5045	0					
ANR	5048	ExpressionStatement	++ stonesoup_global_variable	952:2:25375:25402	5045	0	True				
ANR	5049	UnaryExpression	++ stonesoup_global_variable		5045	0					
ANR	5050	IncDec	++		5045	0					
ANR	5051	Identifier	stonesoup_global_variable		5045	1					
ANR	5052	ExpressionStatement		952:30:25403:25403	5045	1	True				
ANR	5053	ExpressionStatement	duckblind_lincomycin ( tercentenary_mesosigmoid )	953:2:25407:25453	5045	2	True				
ANR	5054	CallExpression	duckblind_lincomycin ( tercentenary_mesosigmoid )		5045	0					
ANR	5055	Callee	duckblind_lincomycin		5045	0					
ANR	5056	Identifier	duckblind_lincomycin		5045	0					
ANR	5057	ArgumentList	tercentenary_mesosigmoid		5045	1					
ANR	5058	Argument	tercentenary_mesosigmoid		5045	0					
ANR	5059	Identifier	tercentenary_mesosigmoid		5045	0					
ANR	5060	ReturnType	void		5045	1					
ANR	5061	Identifier	discordantness_spet		5045	2					
ANR	5062	ParameterList	char * * tercentenary_mesosigmoid		5045	3					
ANR	5063	Parameter	char * * tercentenary_mesosigmoid	950:25:25338:25368	5045	0	True				
ANR	5064	ParameterType	char * *		5045	0					
ANR	5065	Identifier	tercentenary_mesosigmoid		5045	1					
ANR	5066	CFGEntryNode	ENTRY		5045		True				
ANR	5067	CFGExitNode	EXIT		5045		True				
ANR	5068	Symbol	tercentenary_mesosigmoid		5045						
ANR	5069	Function	duckblind_lincomycin	956:0:25458:25596							
ANR	5070	FunctionDef	duckblind_lincomycin (char * * maceraters_prepollent)		5069	0					
ANR	5071	CompoundStatement		957:0:25514:25596	5069	0					
ANR	5072	ExpressionStatement	++ stonesoup_global_variable	958:2:25518:25545	5069	0	True				
ANR	5073	UnaryExpression	++ stonesoup_global_variable		5069	0					
ANR	5074	IncDec	++		5069	0					
ANR	5075	Identifier	stonesoup_global_variable		5069	1					
ANR	5076	ExpressionStatement		958:30:25546:25546	5069	1	True				
ANR	5077	ExpressionStatement	flustrate_osotriazine ( maceraters_prepollent )	959:2:25550:25594	5069	2	True				
ANR	5078	CallExpression	flustrate_osotriazine ( maceraters_prepollent )		5069	0					
ANR	5079	Callee	flustrate_osotriazine		5069	0					
ANR	5080	Identifier	flustrate_osotriazine		5069	0					
ANR	5081	ArgumentList	maceraters_prepollent		5069	1					
ANR	5082	Argument	maceraters_prepollent		5069	0					
ANR	5083	Identifier	maceraters_prepollent		5069	0					
ANR	5084	ReturnType	void		5069	1					
ANR	5085	Identifier	duckblind_lincomycin		5069	2					
ANR	5086	ParameterList	char * * maceraters_prepollent		5069	3					
ANR	5087	Parameter	char * * maceraters_prepollent	956:26:25484:25511	5069	0	True				
ANR	5088	ParameterType	char * *		5069	0					
ANR	5089	Identifier	maceraters_prepollent		5069	1					
ANR	5090	CFGEntryNode	ENTRY		5069		True				
ANR	5091	CFGExitNode	EXIT		5069		True				
ANR	5092	Symbol	maceraters_prepollent		5069						
ANR	5093	Function	flustrate_osotriazine	962:0:25599:25743							
ANR	5094	FunctionDef	flustrate_osotriazine (char * * conspiring_weightedly)		5093	0					
ANR	5095	CompoundStatement		963:0:25656:25743	5093	0					
ANR	5096	ExpressionStatement	++ stonesoup_global_variable	964:2:25660:25687	5093	0	True				
ANR	5097	UnaryExpression	++ stonesoup_global_variable		5093	0					
ANR	5098	IncDec	++		5093	0					
ANR	5099	Identifier	stonesoup_global_variable		5093	1					
ANR	5100	ExpressionStatement		964:30:25688:25688	5093	1	True				
ANR	5101	ExpressionStatement	hydantoate_metallurgically ( conspiring_weightedly )	965:2:25692:25741	5093	2	True				
ANR	5102	CallExpression	hydantoate_metallurgically ( conspiring_weightedly )		5093	0					
ANR	5103	Callee	hydantoate_metallurgically		5093	0					
ANR	5104	Identifier	hydantoate_metallurgically		5093	0					
ANR	5105	ArgumentList	conspiring_weightedly		5093	1					
ANR	5106	Argument	conspiring_weightedly		5093	0					
ANR	5107	Identifier	conspiring_weightedly		5093	0					
ANR	5108	ReturnType	void		5093	1					
ANR	5109	Identifier	flustrate_osotriazine		5093	2					
ANR	5110	ParameterList	char * * conspiring_weightedly		5093	3					
ANR	5111	Parameter	char * * conspiring_weightedly	962:27:25626:25653	5093	0	True				
ANR	5112	ParameterType	char * *		5093	0					
ANR	5113	Identifier	conspiring_weightedly		5093	1					
ANR	5114	CFGEntryNode	ENTRY		5093		True				
ANR	5115	CFGExitNode	EXIT		5093		True				
ANR	5116	Symbol	conspiring_weightedly		5093						
ANR	5117	Function	hydantoate_metallurgically	968:0:25746:25873							
ANR	5118	FunctionDef	hydantoate_metallurgically (char * * candied_jiminy)		5117	0					
ANR	5119	CompoundStatement		969:0:25801:25873	5117	0					
ANR	5120	ExpressionStatement	++ stonesoup_global_variable	970:2:25805:25832	5117	0	True				
ANR	5121	UnaryExpression	++ stonesoup_global_variable		5117	0					
ANR	5122	IncDec	++		5117	0					
ANR	5123	Identifier	stonesoup_global_variable		5117	1					
ANR	5124	ExpressionStatement		970:30:25833:25833	5117	1	True				
ANR	5125	ExpressionStatement	fredrich_outhiring ( candied_jiminy )	971:2:25837:25871	5117	2	True				
ANR	5126	CallExpression	fredrich_outhiring ( candied_jiminy )		5117	0					
ANR	5127	Callee	fredrich_outhiring		5117	0					
ANR	5128	Identifier	fredrich_outhiring		5117	0					
ANR	5129	ArgumentList	candied_jiminy		5117	1					
ANR	5130	Argument	candied_jiminy		5117	0					
ANR	5131	Identifier	candied_jiminy		5117	0					
ANR	5132	ReturnType	void		5117	1					
ANR	5133	Identifier	hydantoate_metallurgically		5117	2					
ANR	5134	ParameterList	char * * candied_jiminy		5117	3					
ANR	5135	Parameter	char * * candied_jiminy	968:32:25778:25798	5117	0	True				
ANR	5136	ParameterType	char * *		5117	0					
ANR	5137	Identifier	candied_jiminy		5117	1					
ANR	5138	CFGEntryNode	ENTRY		5117		True				
ANR	5139	CFGExitNode	EXIT		5117		True				
ANR	5140	Symbol	candied_jiminy		5117						
ANR	5141	Function	fredrich_outhiring	974:0:25876:26023							
ANR	5142	FunctionDef	fredrich_outhiring (char * * ethoxycaffeine_unpublic)		5141	0					
ANR	5143	CompoundStatement		975:0:25932:26023	5141	0					
ANR	5144	ExpressionStatement	++ stonesoup_global_variable	976:2:25936:25963	5141	0	True				
ANR	5145	UnaryExpression	++ stonesoup_global_variable		5141	0					
ANR	5146	IncDec	++		5141	0					
ANR	5147	Identifier	stonesoup_global_variable		5141	1					
ANR	5148	ExpressionStatement		976:30:25964:25964	5141	1	True				
ANR	5149	ExpressionStatement	coenzymatically_concrescible ( ethoxycaffeine_unpublic )	977:2:25968:26021	5141	2	True				
ANR	5150	CallExpression	coenzymatically_concrescible ( ethoxycaffeine_unpublic )		5141	0					
ANR	5151	Callee	coenzymatically_concrescible		5141	0					
ANR	5152	Identifier	coenzymatically_concrescible		5141	0					
ANR	5153	ArgumentList	ethoxycaffeine_unpublic		5141	1					
ANR	5154	Argument	ethoxycaffeine_unpublic		5141	0					
ANR	5155	Identifier	ethoxycaffeine_unpublic		5141	0					
ANR	5156	ReturnType	void		5141	1					
ANR	5157	Identifier	fredrich_outhiring		5141	2					
ANR	5158	ParameterList	char * * ethoxycaffeine_unpublic		5141	3					
ANR	5159	Parameter	char * * ethoxycaffeine_unpublic	974:24:25900:25929	5141	0	True				
ANR	5160	ParameterType	char * *		5141	0					
ANR	5161	Identifier	ethoxycaffeine_unpublic		5141	1					
ANR	5162	CFGEntryNode	ENTRY		5141		True				
ANR	5163	CFGExitNode	EXIT		5141		True				
ANR	5164	Symbol	ethoxycaffeine_unpublic		5141						
ANR	5165	Function	coenzymatically_concrescible	980:0:26026:28692							
ANR	5166	FunctionDef	coenzymatically_concrescible (char * * keffer_footprints)		5165	0					
ANR	5167	CompoundStatement		981:0:26086:28692	5165	0					
ANR	5168	IdentifierDeclStatement	int stonesoup_oc_i = 0 ;	982:1:26089:26111	5165	0	True				
ANR	5169	IdentifierDecl	stonesoup_oc_i = 0		5165	0					
ANR	5170	IdentifierDeclType	int		5165	0					
ANR	5171	Identifier	stonesoup_oc_i		5165	1					
ANR	5172	AssignmentExpression	stonesoup_oc_i = 0		5165	2		=			
ANR	5173	Identifier	stonesoup_oc_i		5165	0					
ANR	5174	PrimaryExpression	0		5165	1					
ANR	5175	IdentifierDeclStatement	char stonesoup_stack_buff_64 [ 64 ] ;	983:1:26114:26146	5165	1	True				
ANR	5176	IdentifierDecl	stonesoup_stack_buff_64 [ 64 ]		5165	0					
ANR	5177	IdentifierDeclType	char [ 64 ]		5165	0					
ANR	5178	Identifier	stonesoup_stack_buff_64		5165	1					
ANR	5179	PrimaryExpression	64		5165	2					
ANR	5180	IdentifierDeclStatement	char * stonesoup_other_buff [ 8 ] ;	984:1:26149:26178	5165	2	True				
ANR	5181	IdentifierDecl	* stonesoup_other_buff [ 8 ]		5165	0					
ANR	5182	IdentifierDeclType	char * [ 8 ]		5165	0					
ANR	5183	Identifier	stonesoup_other_buff		5165	1					
ANR	5184	PrimaryExpression	8		5165	2					
ANR	5185	IdentifierDeclStatement	int stonesoup_my_buff_size = 63 ;	985:1:26181:26212	5165	3	True				
ANR	5186	IdentifierDecl	stonesoup_my_buff_size = 63		5165	0					
ANR	5187	IdentifierDeclType	int		5165	0					
ANR	5188	Identifier	stonesoup_my_buff_size		5165	1					
ANR	5189	AssignmentExpression	stonesoup_my_buff_size = 63		5165	2		=			
ANR	5190	Identifier	stonesoup_my_buff_size		5165	0					
ANR	5191	PrimaryExpression	63		5165	1					
ANR	5192	IdentifierDeclStatement	int stonesoup_buff_size ;	986:1:26215:26238	5165	4	True				
ANR	5193	IdentifierDecl	stonesoup_buff_size		5165	0					
ANR	5194	IdentifierDeclType	int		5165	0					
ANR	5195	Identifier	stonesoup_buff_size		5165	1					
ANR	5196	IdentifierDeclStatement	char * uninvocative_stevensville = 0 ;	987:2:26242:26277	5165	5	True				
ANR	5197	IdentifierDecl	* uninvocative_stevensville = 0		5165	0					
ANR	5198	IdentifierDeclType	char *		5165	0					
ANR	5199	Identifier	uninvocative_stevensville		5165	1					
ANR	5200	AssignmentExpression	* uninvocative_stevensville = 0		5165	2		=			
ANR	5201	Identifier	uninvocative_stevensville		5165	0					
ANR	5202	PrimaryExpression	0		5165	1					
ANR	5203	ExpressionStatement	++ stonesoup_global_variable	988:2:26281:26308	5165	6	True				
ANR	5204	UnaryExpression	++ stonesoup_global_variable		5165	0					
ANR	5205	IncDec	++		5165	0					
ANR	5206	Identifier	stonesoup_global_variable		5165	1					
ANR	5207	ExpressionStatement		988:30:26309:26309	5165	7	True				
ANR	5208	ExpressionStatement	uninvocative_stevensville = ( ( char * ) keffer_footprints [ 9 ] )	989:2:26313:26371	5165	8	True				
ANR	5209	AssignmentExpression	uninvocative_stevensville = ( ( char * ) keffer_footprints [ 9 ] )		5165	0		=			
ANR	5210	Identifier	uninvocative_stevensville		5165	0					
ANR	5211	CastExpression	( char * ) keffer_footprints [ 9 ]		5165	1					
ANR	5212	CastTarget	char *		5165	0					
ANR	5213	ArrayIndexing	keffer_footprints [ 9 ]		5165	1					
ANR	5214	Identifier	keffer_footprints		5165	0					
ANR	5215	PrimaryExpression	9		5165	1					
ANR	5216	ExpressionStatement	"tracepoint ( stonesoup_trace , weakness_start , ""CWE124"" , ""A"" , ""Buffer Underwrite"" )"	990:4:26377:26456	5165	9	True				
ANR	5217	CallExpression	"tracepoint ( stonesoup_trace , weakness_start , ""CWE124"" , ""A"" , ""Buffer Underwrite"" )"		5165	0					
ANR	5218	Callee	tracepoint		5165	0					
ANR	5219	Identifier	tracepoint		5165	0					
ANR	5220	ArgumentList	stonesoup_trace		5165	1					
ANR	5221	Argument	stonesoup_trace		5165	0					
ANR	5222	Identifier	stonesoup_trace		5165	0					
ANR	5223	Argument	weakness_start		5165	1					
ANR	5224	Identifier	weakness_start		5165	0					
ANR	5225	Argument	"""CWE124"""		5165	2					
ANR	5226	PrimaryExpression	"""CWE124"""		5165	0					
ANR	5227	Argument	"""A"""		5165	3					
ANR	5228	PrimaryExpression	"""A"""		5165	0					
ANR	5229	Argument	"""Buffer Underwrite"""		5165	4					
ANR	5230	PrimaryExpression	"""Buffer Underwrite"""		5165	0					
ANR	5231	ExpressionStatement	"tracepoint ( stonesoup_trace , variable_signed_integral , ""stonesoup_oc_i"" , stonesoup_oc_i , & stonesoup_oc_i , ""INITIAL-STATE"" )"	991:4:26462:26583	5165	10	True				
ANR	5232	CallExpression	"tracepoint ( stonesoup_trace , variable_signed_integral , ""stonesoup_oc_i"" , stonesoup_oc_i , & stonesoup_oc_i , ""INITIAL-STATE"" )"		5165	0					
ANR	5233	Callee	tracepoint		5165	0					
ANR	5234	Identifier	tracepoint		5165	0					
ANR	5235	ArgumentList	stonesoup_trace		5165	1					
ANR	5236	Argument	stonesoup_trace		5165	0					
ANR	5237	Identifier	stonesoup_trace		5165	0					
ANR	5238	Argument	variable_signed_integral		5165	1					
ANR	5239	Identifier	variable_signed_integral		5165	0					
ANR	5240	Argument	"""stonesoup_oc_i"""		5165	2					
ANR	5241	PrimaryExpression	"""stonesoup_oc_i"""		5165	0					
ANR	5242	Argument	stonesoup_oc_i		5165	3					
ANR	5243	Identifier	stonesoup_oc_i		5165	0					
ANR	5244	Argument	& stonesoup_oc_i		5165	4					
ANR	5245	UnaryOperationExpression	& stonesoup_oc_i		5165	0					
ANR	5246	UnaryOperator	&		5165	0					
ANR	5247	Identifier	stonesoup_oc_i		5165	1					
ANR	5248	Argument	"""INITIAL-STATE"""		5165	5					
ANR	5249	PrimaryExpression	"""INITIAL-STATE"""		5165	0					
ANR	5250	ExpressionStatement	"tracepoint ( stonesoup_trace , variable_signed_integral , ""stonesoup_my_buff_size"" , stonesoup_my_buff_size , & stonesoup_my_buff_size , ""INITIAL-STATE"" )"	992:4:26589:26734	5165	11	True				
ANR	5251	CallExpression	"tracepoint ( stonesoup_trace , variable_signed_integral , ""stonesoup_my_buff_size"" , stonesoup_my_buff_size , & stonesoup_my_buff_size , ""INITIAL-STATE"" )"		5165	0					
ANR	5252	Callee	tracepoint		5165	0					
ANR	5253	Identifier	tracepoint		5165	0					
ANR	5254	ArgumentList	stonesoup_trace		5165	1					
ANR	5255	Argument	stonesoup_trace		5165	0					
ANR	5256	Identifier	stonesoup_trace		5165	0					
ANR	5257	Argument	variable_signed_integral		5165	1					
ANR	5258	Identifier	variable_signed_integral		5165	0					
ANR	5259	Argument	"""stonesoup_my_buff_size"""		5165	2					
ANR	5260	PrimaryExpression	"""stonesoup_my_buff_size"""		5165	0					
ANR	5261	Argument	stonesoup_my_buff_size		5165	3					
ANR	5262	Identifier	stonesoup_my_buff_size		5165	0					
ANR	5263	Argument	& stonesoup_my_buff_size		5165	4					
ANR	5264	UnaryOperationExpression	& stonesoup_my_buff_size		5165	0					
ANR	5265	UnaryOperator	&		5165	0					
ANR	5266	Identifier	stonesoup_my_buff_size		5165	1					
ANR	5267	Argument	"""INITIAL-STATE"""		5165	5					
ANR	5268	PrimaryExpression	"""INITIAL-STATE"""		5165	0					
ANR	5269	ExpressionStatement	stonesoup_other_buff [ 7 ] = uninvocative_stevensville	993:1:26737:26788	5165	12	True				
ANR	5270	AssignmentExpression	stonesoup_other_buff [ 7 ] = uninvocative_stevensville		5165	0		=			
ANR	5271	ArrayIndexing	stonesoup_other_buff [ 7 ]		5165	0					
ANR	5272	Identifier	stonesoup_other_buff		5165	0					
ANR	5273	PrimaryExpression	7		5165	1					
ANR	5274	Identifier	uninvocative_stevensville		5165	1					
ANR	5275	ExpressionStatement	"memset ( stonesoup_stack_buff_64 , 65 , 64 )"	994:4:26794:26831	5165	13	True				
ANR	5276	CallExpression	"memset ( stonesoup_stack_buff_64 , 65 , 64 )"		5165	0					
ANR	5277	Callee	memset		5165	0					
ANR	5278	Identifier	memset		5165	0					
ANR	5279	ArgumentList	stonesoup_stack_buff_64		5165	1					
ANR	5280	Argument	stonesoup_stack_buff_64		5165	0					
ANR	5281	Identifier	stonesoup_stack_buff_64		5165	0					
ANR	5282	Argument	65		5165	1					
ANR	5283	PrimaryExpression	65		5165	0					
ANR	5284	Argument	64		5165	2					
ANR	5285	PrimaryExpression	64		5165	0					
ANR	5286	ExpressionStatement	stonesoup_stack_buff_64 [ 64 - 1 ] = '\\0'	995:4:26837:26875	5165	14	True				
ANR	5287	AssignmentExpression	stonesoup_stack_buff_64 [ 64 - 1 ] = '\\0'		5165	0		=			
ANR	5288	ArrayIndexing	stonesoup_stack_buff_64 [ 64 - 1 ]		5165	0					
ANR	5289	Identifier	stonesoup_stack_buff_64		5165	0					
ANR	5290	AdditiveExpression	64 - 1		5165	1		-			
ANR	5291	PrimaryExpression	64		5165	0					
ANR	5292	PrimaryExpression	1		5165	1					
ANR	5293	PrimaryExpression	'\\0'		5165	1					
ANR	5294	ExpressionStatement	stonesoup_buff_size = ( ( int ) ( strlen ( uninvocative_stevensville ) ) )	996:4:26881:26946	5165	15	True				
ANR	5295	AssignmentExpression	stonesoup_buff_size = ( ( int ) ( strlen ( uninvocative_stevensville ) ) )		5165	0		=			
ANR	5296	Identifier	stonesoup_buff_size		5165	0					
ANR	5297	CastExpression	( int ) ( strlen ( uninvocative_stevensville ) )		5165	1					
ANR	5298	CastTarget	int		5165	0					
ANR	5299	CallExpression	strlen ( uninvocative_stevensville )		5165	1					
ANR	5300	Callee	strlen		5165	0					
ANR	5301	Identifier	strlen		5165	0					
ANR	5302	ArgumentList	uninvocative_stevensville		5165	1					
ANR	5303	Argument	uninvocative_stevensville		5165	0					
ANR	5304	Identifier	uninvocative_stevensville		5165	0					
ANR	5305	ExpressionStatement	"tracepoint ( stonesoup_trace , variable_buffer , ""stonesoup_stack_buff_64"" , stonesoup_stack_buff_64 , ""INITIAL-STATE"" )"	997:4:26952:27065	5165	16	True				
ANR	5306	CallExpression	"tracepoint ( stonesoup_trace , variable_buffer , ""stonesoup_stack_buff_64"" , stonesoup_stack_buff_64 , ""INITIAL-STATE"" )"		5165	0					
ANR	5307	Callee	tracepoint		5165	0					
ANR	5308	Identifier	tracepoint		5165	0					
ANR	5309	ArgumentList	stonesoup_trace		5165	1					
ANR	5310	Argument	stonesoup_trace		5165	0					
ANR	5311	Identifier	stonesoup_trace		5165	0					
ANR	5312	Argument	variable_buffer		5165	1					
ANR	5313	Identifier	variable_buffer		5165	0					
ANR	5314	Argument	"""stonesoup_stack_buff_64"""		5165	2					
ANR	5315	PrimaryExpression	"""stonesoup_stack_buff_64"""		5165	0					
ANR	5316	Argument	stonesoup_stack_buff_64		5165	3					
ANR	5317	Identifier	stonesoup_stack_buff_64		5165	0					
ANR	5318	Argument	"""INITIAL-STATE"""		5165	4					
ANR	5319	PrimaryExpression	"""INITIAL-STATE"""		5165	0					
ANR	5320	ExpressionStatement	"tracepoint ( stonesoup_trace , variable_buffer , ""stonesoup_other_buff"" , stonesoup_other_buff , ""INITIAL-STATE"" )"	998:4:27071:27178	5165	17	True				
ANR	5321	CallExpression	"tracepoint ( stonesoup_trace , variable_buffer , ""stonesoup_other_buff"" , stonesoup_other_buff , ""INITIAL-STATE"" )"		5165	0					
ANR	5322	Callee	tracepoint		5165	0					
ANR	5323	Identifier	tracepoint		5165	0					
ANR	5324	ArgumentList	stonesoup_trace		5165	1					
ANR	5325	Argument	stonesoup_trace		5165	0					
ANR	5326	Identifier	stonesoup_trace		5165	0					
ANR	5327	Argument	variable_buffer		5165	1					
ANR	5328	Identifier	variable_buffer		5165	0					
ANR	5329	Argument	"""stonesoup_other_buff"""		5165	2					
ANR	5330	PrimaryExpression	"""stonesoup_other_buff"""		5165	0					
ANR	5331	Argument	stonesoup_other_buff		5165	3					
ANR	5332	Identifier	stonesoup_other_buff		5165	0					
ANR	5333	Argument	"""INITIAL-STATE"""		5165	4					
ANR	5334	PrimaryExpression	"""INITIAL-STATE"""		5165	0					
ANR	5335	ExpressionStatement	"tracepoint ( stonesoup_trace , trace_point , ""CROSSOVER-POINT: BEFORE"" )"	999:4:27184:27251	5165	18	True				
ANR	5336	CallExpression	"tracepoint ( stonesoup_trace , trace_point , ""CROSSOVER-POINT: BEFORE"" )"		5165	0					
ANR	5337	Callee	tracepoint		5165	0					
ANR	5338	Identifier	tracepoint		5165	0					
ANR	5339	ArgumentList	stonesoup_trace		5165	1					
ANR	5340	Argument	stonesoup_trace		5165	0					
ANR	5341	Identifier	stonesoup_trace		5165	0					
ANR	5342	Argument	trace_point		5165	1					
ANR	5343	Identifier	trace_point		5165	0					
ANR	5344	Argument	"""CROSSOVER-POINT: BEFORE"""		5165	2					
ANR	5345	PrimaryExpression	"""CROSSOVER-POINT: BEFORE"""		5165	0					
ANR	5346	ExpressionStatement	"tracepoint ( stonesoup_trace , trace_point , ""TRIGGER-POINT: BEFORE"" )"	1000:4:27257:27322	5165	19	True				
ANR	5347	CallExpression	"tracepoint ( stonesoup_trace , trace_point , ""TRIGGER-POINT: BEFORE"" )"		5165	0					
ANR	5348	Callee	tracepoint		5165	0					
ANR	5349	Identifier	tracepoint		5165	0					
ANR	5350	ArgumentList	stonesoup_trace		5165	1					
ANR	5351	Argument	stonesoup_trace		5165	0					
ANR	5352	Identifier	stonesoup_trace		5165	0					
ANR	5353	Argument	trace_point		5165	1					
ANR	5354	Identifier	trace_point		5165	0					
ANR	5355	Argument	"""TRIGGER-POINT: BEFORE"""		5165	2					
ANR	5356	PrimaryExpression	"""TRIGGER-POINT: BEFORE"""		5165	0					
ANR	5357	ForStatement	"for ( ; stonesoup_buff_size >= 0 ; ( -- stonesoup_my_buff_size , -- stonesoup_buff_size ) )"		5165	20					
ANR	5358	Condition	stonesoup_buff_size >= 0	1001:11:27335:27358	5165	0	True				
ANR	5359	RelationalExpression	stonesoup_buff_size >= 0		5165	0		>=			
ANR	5360	Identifier	stonesoup_buff_size		5165	0					
ANR	5361	PrimaryExpression	0		5165	1					
ANR	5362	Expression	"-- stonesoup_my_buff_size , -- stonesoup_buff_size"	1001:38:27362:27409	5165	1	True				
ANR	5363	UnaryExpression	-- stonesoup_my_buff_size		5165	0					
ANR	5364	IncDec	--		5165	0					
ANR	5365	Identifier	stonesoup_my_buff_size		5165	1					
ANR	5366	UnaryExpression	-- stonesoup_buff_size		5165	1					
ANR	5367	IncDec	--		5165	0					
ANR	5368	Identifier	stonesoup_buff_size		5165	1					
ANR	5369	CompoundStatement		21:89:1326:1326	5165	2					
ANR	5370	ExpressionStatement	stonesoup_stack_buff_64 [ stonesoup_my_buff_size ] = uninvocative_stevensville [ stonesoup_buff_size ]	1004:8:27548:27644	5165	0	True				
ANR	5371	AssignmentExpression	stonesoup_stack_buff_64 [ stonesoup_my_buff_size ] = uninvocative_stevensville [ stonesoup_buff_size ]		5165	0		=			
ANR	5372	ArrayIndexing	stonesoup_stack_buff_64 [ stonesoup_my_buff_size ]		5165	0					
ANR	5373	Identifier	stonesoup_stack_buff_64		5165	0					
ANR	5374	Identifier	stonesoup_my_buff_size		5165	1					
ANR	5375	ArrayIndexing	uninvocative_stevensville [ stonesoup_buff_size ]		5165	1					
ANR	5376	Identifier	uninvocative_stevensville		5165	0					
ANR	5377	Identifier	stonesoup_buff_size		5165	1					
ANR	5378	ExpressionStatement	"tracepoint ( stonesoup_trace , variable_buffer , ""stonesoup_stack_buff_64"" , stonesoup_stack_buff_64 , ""CROSSOVER-STATE"" )"	1006:4:27656:27771	5165	21	True				
ANR	5379	CallExpression	"tracepoint ( stonesoup_trace , variable_buffer , ""stonesoup_stack_buff_64"" , stonesoup_stack_buff_64 , ""CROSSOVER-STATE"" )"		5165	0					
ANR	5380	Callee	tracepoint		5165	0					
ANR	5381	Identifier	tracepoint		5165	0					
ANR	5382	ArgumentList	stonesoup_trace		5165	1					
ANR	5383	Argument	stonesoup_trace		5165	0					
ANR	5384	Identifier	stonesoup_trace		5165	0					
ANR	5385	Argument	variable_buffer		5165	1					
ANR	5386	Identifier	variable_buffer		5165	0					
ANR	5387	Argument	"""stonesoup_stack_buff_64"""		5165	2					
ANR	5388	PrimaryExpression	"""stonesoup_stack_buff_64"""		5165	0					
ANR	5389	Argument	stonesoup_stack_buff_64		5165	3					
ANR	5390	Identifier	stonesoup_stack_buff_64		5165	0					
ANR	5391	Argument	"""CROSSOVER-STATE"""		5165	4					
ANR	5392	PrimaryExpression	"""CROSSOVER-STATE"""		5165	0					
ANR	5393	ForStatement	for ( ; stonesoup_oc_i < 64 ; ++ stonesoup_oc_i )		5165	22					
ANR	5394	Condition	stonesoup_oc_i < 64	1007:11:27784:27802	5165	0	True				
ANR	5395	RelationalExpression	stonesoup_oc_i < 64		5165	0		<			
ANR	5396	Identifier	stonesoup_oc_i		5165	0					
ANR	5397	PrimaryExpression	64		5165	1					
ANR	5398	UnaryExpression	++ stonesoup_oc_i	1007:32:27805:27820	5165	1	True				
ANR	5399	IncDec	++		5165	0					
ANR	5400	Identifier	stonesoup_oc_i		5165	1					
ANR	5401	CompoundStatement		27:50:1736:1736	5165	2					
ANR	5402	ExpressionStatement	stonesoup_stack_buff_64 [ stonesoup_oc_i ] = stonesoup_toupper ( stonesoup_stack_buff_64 [ stonesoup_oc_i ] )	1008:8:27833:27933	5165	0	True				
ANR	5403	AssignmentExpression	stonesoup_stack_buff_64 [ stonesoup_oc_i ] = stonesoup_toupper ( stonesoup_stack_buff_64 [ stonesoup_oc_i ] )		5165	0		=			
ANR	5404	ArrayIndexing	stonesoup_stack_buff_64 [ stonesoup_oc_i ]		5165	0					
ANR	5405	Identifier	stonesoup_stack_buff_64		5165	0					
ANR	5406	Identifier	stonesoup_oc_i		5165	1					
ANR	5407	CallExpression	stonesoup_toupper ( stonesoup_stack_buff_64 [ stonesoup_oc_i ] )		5165	1					
ANR	5408	Callee	stonesoup_toupper		5165	0					
ANR	5409	Identifier	stonesoup_toupper		5165	0					
ANR	5410	ArgumentList	stonesoup_stack_buff_64 [ stonesoup_oc_i ]		5165	1					
ANR	5411	Argument	stonesoup_stack_buff_64 [ stonesoup_oc_i ]		5165	0					
ANR	5412	ArrayIndexing	stonesoup_stack_buff_64 [ stonesoup_oc_i ]		5165	0					
ANR	5413	Identifier	stonesoup_stack_buff_64		5165	0					
ANR	5414	Identifier	stonesoup_oc_i		5165	1					
ANR	5415	ExpressionStatement	"tracepoint ( stonesoup_trace , trace_point , ""TRIGGER-POINT: AFTER"" )"	1010:4:27945:28009	5165	23	True				
ANR	5416	CallExpression	"tracepoint ( stonesoup_trace , trace_point , ""TRIGGER-POINT: AFTER"" )"		5165	0					
ANR	5417	Callee	tracepoint		5165	0					
ANR	5418	Identifier	tracepoint		5165	0					
ANR	5419	ArgumentList	stonesoup_trace		5165	1					
ANR	5420	Argument	stonesoup_trace		5165	0					
ANR	5421	Identifier	stonesoup_trace		5165	0					
ANR	5422	Argument	trace_point		5165	1					
ANR	5423	Identifier	trace_point		5165	0					
ANR	5424	Argument	"""TRIGGER-POINT: AFTER"""		5165	2					
ANR	5425	PrimaryExpression	"""TRIGGER-POINT: AFTER"""		5165	0					
ANR	5426	ExpressionStatement	"tracepoint ( stonesoup_trace , trace_point , ""CROSSOVER-POINT: AFTER"" )"	1011:4:28015:28081	5165	24	True				
ANR	5427	CallExpression	"tracepoint ( stonesoup_trace , trace_point , ""CROSSOVER-POINT: AFTER"" )"		5165	0					
ANR	5428	Callee	tracepoint		5165	0					
ANR	5429	Identifier	tracepoint		5165	0					
ANR	5430	ArgumentList	stonesoup_trace		5165	1					
ANR	5431	Argument	stonesoup_trace		5165	0					
ANR	5432	Identifier	stonesoup_trace		5165	0					
ANR	5433	Argument	trace_point		5165	1					
ANR	5434	Identifier	trace_point		5165	0					
ANR	5435	Argument	"""CROSSOVER-POINT: AFTER"""		5165	2					
ANR	5436	PrimaryExpression	"""CROSSOVER-POINT: AFTER"""		5165	0					
ANR	5437	ExpressionStatement	"stonesoup_printf ( ""%s\\n"" , stonesoup_stack_buff_64 )"	1012:4:28087:28135	5165	25	True				
ANR	5438	CallExpression	"stonesoup_printf ( ""%s\\n"" , stonesoup_stack_buff_64 )"		5165	0					
ANR	5439	Callee	stonesoup_printf		5165	0					
ANR	5440	Identifier	stonesoup_printf		5165	0					
ANR	5441	ArgumentList	"""%s\\n"""		5165	1					
ANR	5442	Argument	"""%s\\n"""		5165	0					
ANR	5443	PrimaryExpression	"""%s\\n"""		5165	0					
ANR	5444	Argument	stonesoup_stack_buff_64		5165	1					
ANR	5445	Identifier	stonesoup_stack_buff_64		5165	0					
ANR	5446	ExpressionStatement	"stonesoup_printf ( ""strlen size = %d\\n"" , strlen ( uninvocative_stevensville ) )"	1013:4:28141:28213	5165	26	True				
ANR	5447	CallExpression	"stonesoup_printf ( ""strlen size = %d\\n"" , strlen ( uninvocative_stevensville ) )"		5165	0					
ANR	5448	Callee	stonesoup_printf		5165	0					
ANR	5449	Identifier	stonesoup_printf		5165	0					
ANR	5450	ArgumentList	"""strlen size = %d\\n"""		5165	1					
ANR	5451	Argument	"""strlen size = %d\\n"""		5165	0					
ANR	5452	PrimaryExpression	"""strlen size = %d\\n"""		5165	0					
ANR	5453	Argument	strlen ( uninvocative_stevensville )		5165	1					
ANR	5454	CallExpression	strlen ( uninvocative_stevensville )		5165	0					
ANR	5455	Callee	strlen		5165	0					
ANR	5456	Identifier	strlen		5165	0					
ANR	5457	ArgumentList	uninvocative_stevensville		5165	1					
ANR	5458	Argument	uninvocative_stevensville		5165	0					
ANR	5459	Identifier	uninvocative_stevensville		5165	0					
ANR	5460	ExpressionStatement	"stonesoup_printf ( ""strlen size = %d\\n"" , strlen ( stonesoup_other_buff [ 7 ] ) )"	1014:4:28219:28289	5165	27	True				
ANR	5461	CallExpression	"stonesoup_printf ( ""strlen size = %d\\n"" , strlen ( stonesoup_other_buff [ 7 ] ) )"		5165	0					
ANR	5462	Callee	stonesoup_printf		5165	0					
ANR	5463	Identifier	stonesoup_printf		5165	0					
ANR	5464	ArgumentList	"""strlen size = %d\\n"""		5165	1					
ANR	5465	Argument	"""strlen size = %d\\n"""		5165	0					
ANR	5466	PrimaryExpression	"""strlen size = %d\\n"""		5165	0					
ANR	5467	Argument	strlen ( stonesoup_other_buff [ 7 ] )		5165	1					
ANR	5468	CallExpression	strlen ( stonesoup_other_buff [ 7 ] )		5165	0					
ANR	5469	Callee	strlen		5165	0					
ANR	5470	Identifier	strlen		5165	0					
ANR	5471	ArgumentList	stonesoup_other_buff [ 7 ]		5165	1					
ANR	5472	Argument	stonesoup_other_buff [ 7 ]		5165	0					
ANR	5473	ArrayIndexing	stonesoup_other_buff [ 7 ]		5165	0					
ANR	5474	Identifier	stonesoup_other_buff		5165	0					
ANR	5475	PrimaryExpression	7		5165	1					
ANR	5476	ExpressionStatement	"tracepoint ( stonesoup_trace , variable_signed_integral , ""stonesoup_oc_i"" , stonesoup_oc_i , & stonesoup_oc_i , ""FINAL-STATE"" )"	1015:4:28295:28414	5165	28	True				
ANR	5477	CallExpression	"tracepoint ( stonesoup_trace , variable_signed_integral , ""stonesoup_oc_i"" , stonesoup_oc_i , & stonesoup_oc_i , ""FINAL-STATE"" )"		5165	0					
ANR	5478	Callee	tracepoint		5165	0					
ANR	5479	Identifier	tracepoint		5165	0					
ANR	5480	ArgumentList	stonesoup_trace		5165	1					
ANR	5481	Argument	stonesoup_trace		5165	0					
ANR	5482	Identifier	stonesoup_trace		5165	0					
ANR	5483	Argument	variable_signed_integral		5165	1					
ANR	5484	Identifier	variable_signed_integral		5165	0					
ANR	5485	Argument	"""stonesoup_oc_i"""		5165	2					
ANR	5486	PrimaryExpression	"""stonesoup_oc_i"""		5165	0					
ANR	5487	Argument	stonesoup_oc_i		5165	3					
ANR	5488	Identifier	stonesoup_oc_i		5165	0					
ANR	5489	Argument	& stonesoup_oc_i		5165	4					
ANR	5490	UnaryOperationExpression	& stonesoup_oc_i		5165	0					
ANR	5491	UnaryOperator	&		5165	0					
ANR	5492	Identifier	stonesoup_oc_i		5165	1					
ANR	5493	Argument	"""FINAL-STATE"""		5165	5					
ANR	5494	PrimaryExpression	"""FINAL-STATE"""		5165	0					
ANR	5495	ExpressionStatement	"tracepoint ( stonesoup_trace , variable_buffer , ""stonesoup_stack_buff_64"" , stonesoup_stack_buff_64 , ""FINAL-STATE"" )"	1016:4:28420:28531	5165	29	True				
ANR	5496	CallExpression	"tracepoint ( stonesoup_trace , variable_buffer , ""stonesoup_stack_buff_64"" , stonesoup_stack_buff_64 , ""FINAL-STATE"" )"		5165	0					
ANR	5497	Callee	tracepoint		5165	0					
ANR	5498	Identifier	tracepoint		5165	0					
ANR	5499	ArgumentList	stonesoup_trace		5165	1					
ANR	5500	Argument	stonesoup_trace		5165	0					
ANR	5501	Identifier	stonesoup_trace		5165	0					
ANR	5502	Argument	variable_buffer		5165	1					
ANR	5503	Identifier	variable_buffer		5165	0					
ANR	5504	Argument	"""stonesoup_stack_buff_64"""		5165	2					
ANR	5505	PrimaryExpression	"""stonesoup_stack_buff_64"""		5165	0					
ANR	5506	Argument	stonesoup_stack_buff_64		5165	3					
ANR	5507	Identifier	stonesoup_stack_buff_64		5165	0					
ANR	5508	Argument	"""FINAL-STATE"""		5165	4					
ANR	5509	PrimaryExpression	"""FINAL-STATE"""		5165	0					
ANR	5510	ExpressionStatement	"tracepoint ( stonesoup_trace , weakness_end )"	1017:4:28537:28578	5165	30	True				
ANR	5511	CallExpression	"tracepoint ( stonesoup_trace , weakness_end )"		5165	0					
ANR	5512	Callee	tracepoint		5165	0					
ANR	5513	Identifier	tracepoint		5165	0					
ANR	5514	ArgumentList	stonesoup_trace		5165	1					
ANR	5515	Argument	stonesoup_trace		5165	0					
ANR	5516	Identifier	stonesoup_trace		5165	0					
ANR	5517	Argument	weakness_end		5165	1					
ANR	5518	Identifier	weakness_end		5165	0					
ANR	5519	ExpressionStatement		1018:0:28580:28580	5165	31	True				
ANR	5520	IfStatement	if ( keffer_footprints [ 9 ] != 0 )		5165	32					
ANR	5521	Condition	keffer_footprints [ 9 ] != 0	1019:6:28588:28612	5165	0	True				
ANR	5522	EqualityExpression	keffer_footprints [ 9 ] != 0		5165	0		!=			
ANR	5523	ArrayIndexing	keffer_footprints [ 9 ]		5165	0					
ANR	5524	Identifier	keffer_footprints		5165	0					
ANR	5525	PrimaryExpression	9		5165	1					
ANR	5526	PrimaryExpression	0		5165	1					
ANR	5527	ExpressionStatement	free ( ( ( char * ) keffer_footprints [ 9 ] ) )	1020:4:28620:28656	5165	1	True				
ANR	5528	CallExpression	free ( ( ( char * ) keffer_footprints [ 9 ] ) )		5165	0					
ANR	5529	Callee	free		5165	0					
ANR	5530	Identifier	free		5165	0					
ANR	5531	ArgumentList	( char * ) keffer_footprints [ 9 ]		5165	1					
ANR	5532	Argument	( char * ) keffer_footprints [ 9 ]		5165	0					
ANR	5533	CastExpression	( char * ) keffer_footprints [ 9 ]		5165	0					
ANR	5534	CastTarget	char *		5165	0					
ANR	5535	ArrayIndexing	keffer_footprints [ 9 ]		5165	1					
ANR	5536	Identifier	keffer_footprints		5165	0					
ANR	5537	PrimaryExpression	9		5165	1					
ANR	5538	ExpressionStatement	stonesoup_close_printf_context ( )	1021:0:28658:28690	5165	33	True				
ANR	5539	CallExpression	stonesoup_close_printf_context ( )		5165	0					
ANR	5540	Callee	stonesoup_close_printf_context		5165	0					
ANR	5541	Identifier	stonesoup_close_printf_context		5165	0					
ANR	5542	ArgumentList			5165	1					
ANR	5543	ReturnType	void		5165	1					
ANR	5544	Identifier	coenzymatically_concrescible		5165	2					
ANR	5545	ParameterList	char * * keffer_footprints		5165	3					
ANR	5546	Parameter	char * * keffer_footprints	980:34:26060:26083	5165	0	True				
ANR	5547	ParameterType	char * *		5165	0					
ANR	5548	Identifier	keffer_footprints		5165	1					
ANR	5549	CFGEntryNode	ENTRY		5165		True				
ANR	5550	CFGExitNode	EXIT		5165		True				
ANR	5551	Symbol	stonesoup_other_buff		5165						
ANR	5552	Symbol	* stonesoup_my_buff_size		5165						
ANR	5553	Symbol	variable_signed_integral		5165						
ANR	5554	Symbol	* uninvocative_stevensville		5165						
ANR	5555	Symbol	& stonesoup_my_buff_size		5165						
ANR	5556	Symbol	* stonesoup_other_buff		5165						
ANR	5557	Symbol	weakness_start		5165						
ANR	5558	Symbol	variable_buffer		5165						
ANR	5559	Symbol	stonesoup_oc_i		5165						
ANR	5560	Symbol	* stonesoup_buff_size		5165						
ANR	5561	Symbol	keffer_footprints		5165						
ANR	5562	Symbol	strlen		5165						
ANR	5563	Symbol	trace_point		5165						
ANR	5564	Symbol	stonesoup_trace		5165						
ANR	5565	Symbol	stonesoup_stack_buff_64		5165						
ANR	5566	Symbol	stonesoup_toupper		5165						
ANR	5567	Symbol	uninvocative_stevensville		5165						
ANR	5568	Symbol	weakness_end		5165						
ANR	5569	Symbol	stonesoup_buff_size		5165						
ANR	5570	Symbol	* keffer_footprints		5165						
ANR	5571	Symbol	& stonesoup_oc_i		5165						
ANR	5572	Symbol	* stonesoup_stack_buff_64		5165						
ANR	5573	Symbol	stonesoup_my_buff_size		5165						
ANR	5574	Symbol	* stonesoup_oc_i		5165						
