start	end	type	var
2	3	DECLARES	
4	5	DECLARES	
6	7	DECLARES	
8	9	DECLARES	
10	11	DECLARES	
13	14	IS_AST_PARENT	
13	15	IS_AST_PARENT	
13	16	IS_AST_PARENT	
13	17	IS_AST_PARENT	
18	19	FLOWS_TO	
18	19	DOM	
18	18	DOM	
19	19	POST_DOM	
19	18	POST_DOM	
12	13	IS_FUNCTION_OF_AST	
12	18	IS_FUNCTION_OF_CFG	
1	12	IS_FILE_OF	
24	25	IS_AST_PARENT	
24	26	IS_AST_PARENT	
23	24	IS_AST_PARENT	
22	23	IS_AST_PARENT	
29	30	IS_AST_PARENT	
28	29	IS_AST_PARENT	
32	33	IS_AST_PARENT	
31	32	IS_AST_PARENT	
34	35	IS_AST_PARENT	
31	34	IS_AST_PARENT	
28	31	IS_AST_PARENT	
27	28	IS_AST_PARENT	
22	27	IS_AST_PARENT	
38	39	IS_AST_PARENT	
37	38	IS_AST_PARENT	
42	43	IS_AST_PARENT	
42	44	IS_AST_PARENT	
41	42	IS_AST_PARENT	
40	41	IS_AST_PARENT	
45	46	IS_AST_PARENT	
40	45	IS_AST_PARENT	
47	48	IS_AST_PARENT	
40	47	IS_AST_PARENT	
37	40	IS_AST_PARENT	
36	37	IS_AST_PARENT	
22	36	IS_AST_PARENT	
51	52	IS_AST_PARENT	
50	51	IS_AST_PARENT	
54	55	IS_AST_PARENT	
53	54	IS_AST_PARENT	
50	53	IS_AST_PARENT	
49	50	IS_AST_PARENT	
22	49	IS_AST_PARENT	
21	22	IS_AST_PARENT	
21	56	IS_AST_PARENT	
21	57	IS_AST_PARENT	
59	60	IS_AST_PARENT	
59	61	IS_AST_PARENT	
58	59	IS_AST_PARENT	
21	58	IS_AST_PARENT	
62	59	FLOWS_TO	
59	23	FLOWS_TO	
23	27	FLOWS_TO	
27	36	FLOWS_TO	
36	49	FLOWS_TO	
49	63	FLOWS_TO	
23	64	DEF	
24	64	DEF	
27	64	USE	
32	64	USE	
36	64	USE	
47	64	USE	
49	64	USE	
54	64	USE	
36	65	USE	
41	65	USE	
59	66	DEF	
27	66	USE	
34	66	USE	
36	66	USE	
45	66	USE	
23	27	REACHES	argptr
23	36	REACHES	argptr
23	49	REACHES	argptr
59	27	REACHES	format
59	36	REACHES	format
62	59	CONTROLS	
62	23	CONTROLS	
62	27	CONTROLS	
62	36	CONTROLS	
62	49	CONTROLS	
59	23	DOM	
62	62	DOM	
62	59	DOM	
27	36	DOM	
36	49	DOM	
49	63	DOM	
23	27	DOM	
27	23	POST_DOM	
59	62	POST_DOM	
23	59	POST_DOM	
49	36	POST_DOM	
63	49	POST_DOM	
63	63	POST_DOM	
36	27	POST_DOM	
20	21	IS_FUNCTION_OF_AST	
20	62	IS_FUNCTION_OF_CFG	
1	20	IS_FILE_OF	
68	69	IS_AST_PARENT	
68	70	IS_AST_PARENT	
68	71	IS_AST_PARENT	
68	72	IS_AST_PARENT	
73	74	FLOWS_TO	
73	74	DOM	
73	73	DOM	
74	74	POST_DOM	
74	73	POST_DOM	
67	68	IS_FUNCTION_OF_AST	
67	73	IS_FUNCTION_OF_CFG	
1	67	IS_FILE_OF	
75	76	DECLARES	
81	82	IS_AST_PARENT	
81	83	IS_AST_PARENT	
80	81	IS_AST_PARENT	
79	80	IS_AST_PARENT	
85	86	IS_AST_PARENT	
85	87	IS_AST_PARENT	
84	85	IS_AST_PARENT	
79	84	IS_AST_PARENT	
89	90	IS_AST_PARENT	
89	91	IS_AST_PARENT	
92	93	IS_AST_PARENT	
92	94	IS_AST_PARENT	
89	92	IS_AST_PARENT	
88	89	IS_AST_PARENT	
79	88	IS_AST_PARENT	
96	97	IS_AST_PARENT	
96	98	IS_AST_PARENT	
99	100	IS_AST_PARENT	
99	101	IS_AST_PARENT	
96	99	IS_AST_PARENT	
95	96	IS_AST_PARENT	
79	95	IS_AST_PARENT	
104	105	IS_AST_PARENT	
104	106	IS_AST_PARENT	
103	104	IS_AST_PARENT	
102	103	IS_AST_PARENT	
109	110	IS_AST_PARENT	
111	112	IS_AST_PARENT	
114	115	IS_AST_PARENT	
113	114	IS_AST_PARENT	
117	118	IS_AST_PARENT	
116	117	IS_AST_PARENT	
119	120	IS_AST_PARENT	
116	119	IS_AST_PARENT	
113	116	IS_AST_PARENT	
111	113	IS_AST_PARENT	
109	111	IS_AST_PARENT	
108	109	IS_AST_PARENT	
107	108	IS_AST_PARENT	
125	126	IS_AST_PARENT	
124	125	IS_AST_PARENT	
128	129	IS_AST_PARENT	
127	128	IS_AST_PARENT	
130	131	IS_AST_PARENT	
127	130	IS_AST_PARENT	
124	127	IS_AST_PARENT	
123	124	IS_AST_PARENT	
123	132	IS_AST_PARENT	
122	123	IS_AST_PARENT	
121	122	IS_AST_PARENT	
135	136	IS_AST_PARENT	
134	135	IS_AST_PARENT	
139	140	IS_AST_PARENT	
141	142	IS_AST_PARENT	
144	145	IS_AST_PARENT	
143	144	IS_AST_PARENT	
148	149	IS_AST_PARENT	
150	151	IS_AST_PARENT	
150	152	IS_AST_PARENT	
148	150	IS_AST_PARENT	
147	148	IS_AST_PARENT	
146	147	IS_AST_PARENT	
143	146	IS_AST_PARENT	
141	143	IS_AST_PARENT	
139	141	IS_AST_PARENT	
138	139	IS_AST_PARENT	
137	138	IS_AST_PARENT	
154	155	IS_AST_PARENT	
157	158	IS_AST_PARENT	
156	157	IS_AST_PARENT	
160	161	IS_AST_PARENT	
159	160	IS_AST_PARENT	
162	163	IS_AST_PARENT	
159	162	IS_AST_PARENT	
164	165	IS_AST_PARENT	
159	164	IS_AST_PARENT	
167	168	IS_AST_PARENT	
169	170	IS_AST_PARENT	
169	171	IS_AST_PARENT	
167	169	IS_AST_PARENT	
166	167	IS_AST_PARENT	
159	166	IS_AST_PARENT	
156	159	IS_AST_PARENT	
154	156	IS_AST_PARENT	
153	154	IS_AST_PARENT	
137	153	IS_AST_PARENT	
174	175	IS_AST_PARENT	
174	176	IS_AST_PARENT	
173	174	IS_AST_PARENT	
172	173	IS_AST_PARENT	
179	180	IS_AST_PARENT	
179	181	IS_AST_PARENT	
178	179	IS_AST_PARENT	
177	178	IS_AST_PARENT	
177	182	IS_AST_PARENT	
172	177	IS_AST_PARENT	
137	172	IS_AST_PARENT	
184	185	IS_AST_PARENT	
186	187	IS_AST_PARENT	
186	188	IS_AST_PARENT	
184	186	IS_AST_PARENT	
183	184	IS_AST_PARENT	
137	183	IS_AST_PARENT	
191	192	IS_AST_PARENT	
190	191	IS_AST_PARENT	
194	195	IS_AST_PARENT	
193	194	IS_AST_PARENT	
190	193	IS_AST_PARENT	
189	190	IS_AST_PARENT	
137	189	IS_AST_PARENT	
134	137	IS_AST_PARENT	
133	134	IS_AST_PARENT	
197	198	IS_AST_PARENT	
197	199	IS_AST_PARENT	
196	197	IS_AST_PARENT	
133	196	IS_AST_PARENT	
202	203	IS_AST_PARENT	
201	202	IS_AST_PARENT	
205	206	IS_AST_PARENT	
204	205	IS_AST_PARENT	
201	204	IS_AST_PARENT	
200	201	IS_AST_PARENT	
133	200	IS_AST_PARENT	
121	133	IS_AST_PARENT	
107	121	IS_AST_PARENT	
207	208	IS_AST_PARENT	
107	207	IS_AST_PARENT	
102	107	IS_AST_PARENT	
212	213	IS_AST_PARENT	
212	214	IS_AST_PARENT	
211	212	IS_AST_PARENT	
210	211	IS_AST_PARENT	
216	217	IS_AST_PARENT	
215	216	IS_AST_PARENT	
210	215	IS_AST_PARENT	
220	221	IS_AST_PARENT	
219	220	IS_AST_PARENT	
218	219	IS_AST_PARENT	
210	218	IS_AST_PARENT	
209	210	IS_AST_PARENT	
102	209	IS_AST_PARENT	
79	102	IS_AST_PARENT	
78	79	IS_AST_PARENT	
78	222	IS_AST_PARENT	
78	223	IS_AST_PARENT	
225	226	IS_AST_PARENT	
225	227	IS_AST_PARENT	
224	225	IS_AST_PARENT	
228	229	IS_AST_PARENT	
228	230	IS_AST_PARENT	
224	228	IS_AST_PARENT	
78	224	IS_AST_PARENT	
231	225	FLOWS_TO	
225	228	FLOWS_TO	
228	80	FLOWS_TO	
80	84	FLOWS_TO	
84	88	FLOWS_TO	
88	95	FLOWS_TO	
95	103	FLOWS_TO	
103	108	FLOWS_TO	
103	211	FLOWS_TO	
108	122	FLOWS_TO	
122	135	FLOWS_TO	
122	207	FLOWS_TO	
135	138	FLOWS_TO	
135	196	FLOWS_TO	
138	153	FLOWS_TO	
153	173	FLOWS_TO	
173	178	FLOWS_TO	
173	183	FLOWS_TO	
178	182	FLOWS_TO	
182	196	FLOWS_TO	
183	189	FLOWS_TO	
189	135	FLOWS_TO	
196	200	FLOWS_TO	
200	207	FLOWS_TO	
207	232	FLOWS_TO	
211	216	FLOWS_TO	
211	220	FLOWS_TO	
216	232	FLOWS_TO	
220	232	FLOWS_TO	
95	233	DEF	
99	233	DEF	
96	233	DEF	
153	233	DEF	
154	233	DEF	
173	233	USE	
108	234	USE	
109	234	USE	
122	235	USE	
138	236	USE	
139	236	USE	
225	237	DEF	
108	237	USE	
117	237	USE	
153	237	USE	
160	237	USE	
196	237	USE	
197	237	USE	
88	238	DEF	
92	238	DEF	
89	238	DEF	
138	238	USE	
147	238	USE	
153	238	USE	
166	238	USE	
173	238	USE	
183	238	USE	
184	238	USE	
183	238	DEF	
184	238	DEF	
211	239	USE	
80	240	DEF	
81	240	DEF	
108	240	DEF	
109	240	DEF	
122	240	USE	
128	240	USE	
228	241	DEF	
103	241	USE	
211	241	USE	
103	242	USE	
153	243	USE	
154	243	USE	
220	244	USE	
196	245	DEF	
197	245	DEF	
178	246	DEF	
179	246	DEF	
207	247	USE	
216	247	USE	
84	248	DEF	
85	248	DEF	
138	248	DEF	
139	248	DEF	
153	248	USE	
164	248	USE	
189	248	USE	
194	248	USE	
200	248	USE	
205	248	USE	
153	173	REACHES	data_size
225	108	REACHES	conn
225	153	REACHES	conn
225	196	REACHES	conn
183	138	REACHES	buffer_size
88	138	REACHES	buffer_size
183	153	REACHES	buffer_size
88	153	REACHES	buffer_size
183	173	REACHES	buffer_size
88	173	REACHES	buffer_size
183	183	REACHES	buffer_size
88	183	REACHES	buffer_size
108	122	REACHES	ifmatch_header
228	103	REACHES	ev
228	211	REACHES	ev
138	153	REACHES	stonesoup_tainted_buff
138	189	REACHES	stonesoup_tainted_buff
84	200	REACHES	stonesoup_tainted_buff
138	200	REACHES	stonesoup_tainted_buff
231	225	CONTROLS	
231	228	CONTROLS	
231	80	CONTROLS	
231	84	CONTROLS	
231	88	CONTROLS	
231	95	CONTROLS	
231	103	CONTROLS	
103	108	CONTROLS	
103	122	CONTROLS	
103	207	CONTROLS	
103	211	CONTROLS	
122	135	CONTROLS	
122	196	CONTROLS	
122	200	CONTROLS	
135	138	CONTROLS	
135	153	CONTROLS	
135	173	CONTROLS	
173	178	CONTROLS	
173	182	CONTROLS	
173	183	CONTROLS	
173	189	CONTROLS	
173	135	CONTROLS	
211	216	CONTROLS	
211	220	CONTROLS	
196	200	DOM	
103	211	DOM	
231	225	DOM	
88	95	DOM	
153	173	DOM	
183	189	DOM	
103	108	DOM	
122	135	DOM	
135	138	DOM	
178	182	DOM	
173	178	DOM	
122	207	DOM	
211	216	DOM	
95	103	DOM	
80	84	DOM	
135	196	DOM	
84	88	DOM	
225	228	DOM	
211	220	DOM	
103	232	DOM	
228	80	DOM	
231	231	DOM	
108	122	DOM	
138	153	DOM	
173	183	DOM	
207	200	POST_DOM	
232	211	POST_DOM	
228	225	POST_DOM	
103	95	POST_DOM	
196	173	POST_DOM	
135	189	POST_DOM	
122	108	POST_DOM	
196	135	POST_DOM	
153	138	POST_DOM	
196	182	POST_DOM	
232	207	POST_DOM	
182	178	POST_DOM	
232	216	POST_DOM	
232	103	POST_DOM	
88	84	POST_DOM	
200	196	POST_DOM	
95	88	POST_DOM	
80	228	POST_DOM	
232	220	POST_DOM	
232	232	POST_DOM	
84	80	POST_DOM	
225	231	POST_DOM	
207	122	POST_DOM	
173	153	POST_DOM	
189	183	POST_DOM	
77	78	IS_FUNCTION_OF_AST	
77	231	IS_FUNCTION_OF_CFG	
1	77	IS_FILE_OF	
257	258	IS_AST_PARENT	
256	257	IS_AST_PARENT	
260	261	IS_AST_PARENT	
259	260	IS_AST_PARENT	
256	259	IS_AST_PARENT	
255	256	IS_AST_PARENT	
255	262	IS_AST_PARENT	
254	255	IS_AST_PARENT	
265	266	IS_AST_PARENT	
264	265	IS_AST_PARENT	
270	271	IS_AST_PARENT	
269	270	IS_AST_PARENT	
273	274	IS_AST_PARENT	
272	273	IS_AST_PARENT	
269	272	IS_AST_PARENT	
268	269	IS_AST_PARENT	
267	268	IS_AST_PARENT	
275	276	IS_AST_PARENT	
267	275	IS_AST_PARENT	
264	267	IS_AST_PARENT	
263	264	IS_AST_PARENT	
263	277	IS_AST_PARENT	
254	263	IS_AST_PARENT	
253	254	IS_AST_PARENT	
252	253	IS_AST_PARENT	
280	281	IS_AST_PARENT	
280	282	IS_AST_PARENT	
283	284	IS_AST_PARENT	
286	287	IS_AST_PARENT	
285	286	IS_AST_PARENT	
289	290	IS_AST_PARENT	
288	289	IS_AST_PARENT	
291	292	IS_AST_PARENT	
288	291	IS_AST_PARENT	
285	288	IS_AST_PARENT	
283	285	IS_AST_PARENT	
280	283	IS_AST_PARENT	
279	280	IS_AST_PARENT	
278	279	IS_AST_PARENT	
295	296	IS_AST_PARENT	
294	295	IS_AST_PARENT	
298	299	IS_AST_PARENT	
297	298	IS_AST_PARENT	
300	301	IS_AST_PARENT	
297	300	IS_AST_PARENT	
302	303	IS_AST_PARENT	
297	302	IS_AST_PARENT	
294	297	IS_AST_PARENT	
293	294	IS_AST_PARENT	
278	293	IS_AST_PARENT	
305	306	IS_AST_PARENT	
304	305	IS_AST_PARENT	
313	314	IS_AST_PARENT	
312	313	IS_AST_PARENT	
316	317	IS_AST_PARENT	
315	316	IS_AST_PARENT	
318	319	IS_AST_PARENT	
315	318	IS_AST_PARENT	
312	315	IS_AST_PARENT	
311	312	IS_AST_PARENT	
311	320	IS_AST_PARENT	
310	311	IS_AST_PARENT	
321	322	IS_AST_PARENT	
321	323	IS_AST_PARENT	
310	321	IS_AST_PARENT	
309	310	IS_AST_PARENT	
308	309	IS_AST_PARENT	
324	325	IS_AST_PARENT	
308	324	IS_AST_PARENT	
307	308	IS_AST_PARENT	
304	307	IS_AST_PARENT	
278	304	IS_AST_PARENT	
328	329	IS_AST_PARENT	
327	328	IS_AST_PARENT	
332	333	IS_AST_PARENT	
332	334	IS_AST_PARENT	
331	332	IS_AST_PARENT	
330	331	IS_AST_PARENT	
327	330	IS_AST_PARENT	
326	327	IS_AST_PARENT	
278	326	IS_AST_PARENT	
252	278	IS_AST_PARENT	
251	252	IS_AST_PARENT	
250	251	IS_AST_PARENT	
250	335	IS_AST_PARENT	
250	336	IS_AST_PARENT	
250	337	IS_AST_PARENT	
338	253	FLOWS_TO	
253	279	FLOWS_TO	
253	339	FLOWS_TO	
279	293	FLOWS_TO	
293	305	FLOWS_TO	
305	309	FLOWS_TO	
305	326	FLOWS_TO	
309	325	FLOWS_TO	
309	305	FLOWS_TO	
325	326	FLOWS_TO	
326	339	FLOWS_TO	
253	340	USE	
279	341	USE	
283	341	USE	
253	342	USE	
279	342	USE	
289	342	USE	
326	343	USE	
331	343	USE	
279	344	DEF	
283	344	DEF	
280	344	DEF	
293	344	USE	
298	344	USE	
309	344	USE	
316	344	USE	
309	345	USE	
279	346	USE	
291	346	USE	
309	347	USE	
253	348	USE	
268	348	USE	
279	293	REACHES	stonesoup_server
279	309	REACHES	stonesoup_server
338	253	CONTROLS	
253	279	CONTROLS	
253	293	CONTROLS	
253	305	CONTROLS	
253	326	CONTROLS	
305	309	CONTROLS	
309	325	CONTROLS	
309	305	CONTROLS	
338	253	DOM	
305	309	DOM	
338	338	DOM	
253	279	DOM	
253	339	DOM	
293	305	DOM	
309	325	DOM	
305	326	DOM	
279	293	DOM	
339	253	POST_DOM	
326	309	POST_DOM	
253	338	POST_DOM	
293	279	POST_DOM	
339	339	POST_DOM	
326	305	POST_DOM	
339	326	POST_DOM	
326	325	POST_DOM	
305	293	POST_DOM	
249	250	IS_FUNCTION_OF_AST	
249	338	IS_FUNCTION_OF_CFG	
1	249	IS_FILE_OF	
349	350	DECLARES	
351	352	DECLARES	
353	354	DECLARES	
355	356	DECLARES	
357	358	DECLARES	
359	360	DECLARES	
361	362	DECLARES	
363	364	DECLARES	
365	366	DECLARES	
367	368	DECLARES	
375	376	IS_AST_PARENT	
375	377	IS_AST_PARENT	
374	375	IS_AST_PARENT	
378	379	IS_AST_PARENT	
378	380	IS_AST_PARENT	
374	378	IS_AST_PARENT	
373	374	IS_AST_PARENT	
372	373	IS_AST_PARENT	
383	384	IS_AST_PARENT	
383	385	IS_AST_PARENT	
382	383	IS_AST_PARENT	
381	382	IS_AST_PARENT	
372	381	IS_AST_PARENT	
371	372	IS_AST_PARENT	
386	387	IS_AST_PARENT	
371	386	IS_AST_PARENT	
370	371	IS_AST_PARENT	
370	388	IS_AST_PARENT	
370	389	IS_AST_PARENT	
391	392	IS_AST_PARENT	
391	393	IS_AST_PARENT	
390	391	IS_AST_PARENT	
370	390	IS_AST_PARENT	
394	391	FLOWS_TO	
391	373	FLOWS_TO	
373	382	FLOWS_TO	
373	386	FLOWS_TO	
382	395	FLOWS_TO	
386	395	FLOWS_TO	
391	396	DEF	
373	396	USE	
382	396	USE	
386	396	USE	
391	373	REACHES	c
391	382	REACHES	c
391	386	REACHES	c
394	391	CONTROLS	
394	373	CONTROLS	
373	382	CONTROLS	
373	386	CONTROLS	
394	394	DOM	
394	391	DOM	
373	382	DOM	
391	373	DOM	
373	395	DOM	
373	386	DOM	
373	391	POST_DOM	
391	394	POST_DOM	
395	382	POST_DOM	
395	373	POST_DOM	
395	395	POST_DOM	
395	386	POST_DOM	
369	370	IS_FUNCTION_OF_AST	
369	394	IS_FUNCTION_OF_CFG	
1	369	IS_FILE_OF	
399	400	IS_AST_PARENT	
402	403	IS_AST_PARENT	
402	404	IS_AST_PARENT	
405	406	IS_AST_PARENT	
405	407	IS_AST_PARENT	
402	405	IS_AST_PARENT	
401	402	IS_AST_PARENT	
399	401	IS_AST_PARENT	
410	411	IS_AST_PARENT	
410	412	IS_AST_PARENT	
409	410	IS_AST_PARENT	
408	409	IS_AST_PARENT	
415	416	IS_AST_PARENT	
418	419	IS_AST_PARENT	
417	418	IS_AST_PARENT	
421	422	IS_AST_PARENT	
420	421	IS_AST_PARENT	
424	425	IS_AST_PARENT	
424	426	IS_AST_PARENT	
423	424	IS_AST_PARENT	
420	423	IS_AST_PARENT	
428	429	IS_AST_PARENT	
428	430	IS_AST_PARENT	
427	428	IS_AST_PARENT	
420	427	IS_AST_PARENT	
417	420	IS_AST_PARENT	
415	417	IS_AST_PARENT	
414	415	IS_AST_PARENT	
413	414	IS_AST_PARENT	
408	413	IS_AST_PARENT	
399	408	IS_AST_PARENT	
431	432	IS_AST_PARENT	
399	431	IS_AST_PARENT	
398	399	IS_AST_PARENT	
398	433	IS_AST_PARENT	
398	434	IS_AST_PARENT	
398	435	IS_AST_PARENT	
436	400	FLOWS_TO	
400	401	FLOWS_TO	
401	409	FLOWS_TO	
409	414	FLOWS_TO	
409	431	FLOWS_TO	
414	431	FLOWS_TO	
431	437	FLOWS_TO	
414	438	USE	
427	438	USE	
414	439	USE	
423	439	USE	
414	440	USE	
415	440	USE	
401	441	DEF	
405	441	DEF	
402	441	DEF	
409	441	USE	
414	441	DEF	
415	441	DEF	
431	441	USE	
401	409	REACHES	type
401	431	REACHES	type
414	431	REACHES	type
436	400	CONTROLS	
436	401	CONTROLS	
436	409	CONTROLS	
436	431	CONTROLS	
409	414	CONTROLS	
409	431	DOM	
436	400	DOM	
431	437	DOM	
436	436	DOM	
400	401	DOM	
409	414	DOM	
401	409	DOM	
437	431	POST_DOM	
401	400	POST_DOM	
437	437	POST_DOM	
400	436	POST_DOM	
409	401	POST_DOM	
431	414	POST_DOM	
431	409	POST_DOM	
397	398	IS_FUNCTION_OF_AST	
397	436	IS_FUNCTION_OF_CFG	
1	397	IS_FILE_OF	
448	449	IS_AST_PARENT	
448	450	IS_AST_PARENT	
447	448	IS_AST_PARENT	
452	453	IS_AST_PARENT	
454	455	IS_AST_PARENT	
454	456	IS_AST_PARENT	
452	454	IS_AST_PARENT	
451	452	IS_AST_PARENT	
458	459	IS_AST_PARENT	
458	460	IS_AST_PARENT	
457	458	IS_AST_PARENT	
461	462	IS_AST_PARENT	
463	464	IS_AST_PARENT	
463	465	IS_AST_PARENT	
461	463	IS_AST_PARENT	
457	461	IS_AST_PARENT	
451	457	IS_AST_PARENT	
447	451	IS_AST_PARENT	
446	447	IS_AST_PARENT	
445	446	IS_AST_PARENT	
468	469	IS_AST_PARENT	
468	470	IS_AST_PARENT	
467	468	IS_AST_PARENT	
466	467	IS_AST_PARENT	
445	466	IS_AST_PARENT	
444	445	IS_AST_PARENT	
473	474	IS_AST_PARENT	
475	476	IS_AST_PARENT	
477	478	IS_AST_PARENT	
477	479	IS_AST_PARENT	
475	477	IS_AST_PARENT	
473	475	IS_AST_PARENT	
472	473	IS_AST_PARENT	
480	481	IS_AST_PARENT	
480	482	IS_AST_PARENT	
472	480	IS_AST_PARENT	
471	472	IS_AST_PARENT	
444	471	IS_AST_PARENT	
443	444	IS_AST_PARENT	
443	483	IS_AST_PARENT	
443	484	IS_AST_PARENT	
486	487	IS_AST_PARENT	
486	488	IS_AST_PARENT	
485	486	IS_AST_PARENT	
489	490	IS_AST_PARENT	
489	491	IS_AST_PARENT	
485	489	IS_AST_PARENT	
492	493	IS_AST_PARENT	
492	494	IS_AST_PARENT	
485	492	IS_AST_PARENT	
443	485	IS_AST_PARENT	
495	486	FLOWS_TO	
486	489	FLOWS_TO	
489	492	FLOWS_TO	
492	446	FLOWS_TO	
446	467	FLOWS_TO	
446	471	FLOWS_TO	
467	496	FLOWS_TO	
471	496	FLOWS_TO	
446	497	USE	
486	498	DEF	
446	498	USE	
454	498	USE	
463	498	USE	
471	498	USE	
477	498	USE	
446	499	USE	
492	500	DEF	
446	500	USE	
471	500	USE	
446	501	USE	
471	501	USE	
471	502	USE	
489	503	DEF	
446	503	USE	
471	503	USE	
486	446	REACHES	tm
486	471	REACHES	tm
492	446	REACHES	ypixel
492	471	REACHES	ypixel
489	446	REACHES	xpixel
489	471	REACHES	xpixel
495	486	CONTROLS	
495	489	CONTROLS	
495	492	CONTROLS	
495	446	CONTROLS	
446	467	CONTROLS	
446	471	CONTROLS	
489	492	DOM	
446	467	DOM	
495	486	DOM	
492	446	DOM	
446	496	DOM	
446	471	DOM	
486	489	DOM	
495	495	DOM	
496	467	POST_DOM	
446	492	POST_DOM	
489	486	POST_DOM	
496	446	POST_DOM	
496	496	POST_DOM	
496	471	POST_DOM	
492	489	POST_DOM	
486	495	POST_DOM	
442	443	IS_FUNCTION_OF_AST	
442	495	IS_FUNCTION_OF_CFG	
1	442	IS_FILE_OF	
508	509	IS_AST_PARENT	
508	510	IS_AST_PARENT	
507	508	IS_AST_PARENT	
506	507	IS_AST_PARENT	
516	517	IS_AST_PARENT	
516	518	IS_AST_PARENT	
515	516	IS_AST_PARENT	
519	520	IS_AST_PARENT	
519	521	IS_AST_PARENT	
515	519	IS_AST_PARENT	
514	515	IS_AST_PARENT	
513	514	IS_AST_PARENT	
513	522	IS_AST_PARENT	
527	528	IS_AST_PARENT	
526	527	IS_AST_PARENT	
530	531	IS_AST_PARENT	
529	530	IS_AST_PARENT	
532	533	IS_AST_PARENT	
529	532	IS_AST_PARENT	
534	535	IS_AST_PARENT	
529	534	IS_AST_PARENT	
526	529	IS_AST_PARENT	
525	526	IS_AST_PARENT	
524	525	IS_AST_PARENT	
537	538	IS_AST_PARENT	
537	539	IS_AST_PARENT	
536	537	IS_AST_PARENT	
524	536	IS_AST_PARENT	
523	524	IS_AST_PARENT	
513	523	IS_AST_PARENT	
512	513	IS_AST_PARENT	
512	540	IS_AST_PARENT	
511	512	IS_AST_PARENT	
541	542	IS_AST_PARENT	
511	541	IS_AST_PARENT	
506	511	IS_AST_PARENT	
548	549	IS_AST_PARENT	
548	550	IS_AST_PARENT	
547	548	IS_AST_PARENT	
551	552	IS_AST_PARENT	
551	553	IS_AST_PARENT	
547	551	IS_AST_PARENT	
546	547	IS_AST_PARENT	
545	546	IS_AST_PARENT	
545	554	IS_AST_PARENT	
559	560	IS_AST_PARENT	
558	559	IS_AST_PARENT	
562	563	IS_AST_PARENT	
561	562	IS_AST_PARENT	
564	565	IS_AST_PARENT	
561	564	IS_AST_PARENT	
566	567	IS_AST_PARENT	
561	566	IS_AST_PARENT	
558	561	IS_AST_PARENT	
557	558	IS_AST_PARENT	
556	557	IS_AST_PARENT	
569	570	IS_AST_PARENT	
569	571	IS_AST_PARENT	
568	569	IS_AST_PARENT	
556	568	IS_AST_PARENT	
555	556	IS_AST_PARENT	
545	555	IS_AST_PARENT	
544	545	IS_AST_PARENT	
544	572	IS_AST_PARENT	
543	544	IS_AST_PARENT	
573	574	IS_AST_PARENT	
543	573	IS_AST_PARENT	
506	543	IS_AST_PARENT	
576	577	IS_AST_PARENT	
578	579	IS_AST_PARENT	
581	582	IS_AST_PARENT	
580	581	IS_AST_PARENT	
585	586	IS_AST_PARENT	
585	587	IS_AST_PARENT	
584	585	IS_AST_PARENT	
583	584	IS_AST_PARENT	
580	583	IS_AST_PARENT	
578	580	IS_AST_PARENT	
576	578	IS_AST_PARENT	
575	576	IS_AST_PARENT	
506	575	IS_AST_PARENT	
590	591	IS_AST_PARENT	
590	592	IS_AST_PARENT	
589	590	IS_AST_PARENT	
589	593	IS_AST_PARENT	
588	589	IS_AST_PARENT	
506	588	IS_AST_PARENT	
596	597	IS_AST_PARENT	
596	598	IS_AST_PARENT	
595	596	IS_AST_PARENT	
595	599	IS_AST_PARENT	
594	595	IS_AST_PARENT	
506	594	IS_AST_PARENT	
602	603	IS_AST_PARENT	
602	604	IS_AST_PARENT	
601	602	IS_AST_PARENT	
601	605	IS_AST_PARENT	
600	601	IS_AST_PARENT	
506	600	IS_AST_PARENT	
608	609	IS_AST_PARENT	
608	610	IS_AST_PARENT	
607	608	IS_AST_PARENT	
607	611	IS_AST_PARENT	
606	607	IS_AST_PARENT	
506	606	IS_AST_PARENT	
614	615	IS_AST_PARENT	
614	616	IS_AST_PARENT	
613	614	IS_AST_PARENT	
618	619	IS_AST_PARENT	
620	621	IS_AST_PARENT	
620	622	IS_AST_PARENT	
618	620	IS_AST_PARENT	
617	618	IS_AST_PARENT	
617	623	IS_AST_PARENT	
613	617	IS_AST_PARENT	
612	613	IS_AST_PARENT	
506	612	IS_AST_PARENT	
626	627	IS_AST_PARENT	
626	628	IS_AST_PARENT	
625	626	IS_AST_PARENT	
630	631	IS_AST_PARENT	
632	633	IS_AST_PARENT	
632	634	IS_AST_PARENT	
630	632	IS_AST_PARENT	
629	630	IS_AST_PARENT	
629	635	IS_AST_PARENT	
625	629	IS_AST_PARENT	
624	625	IS_AST_PARENT	
506	624	IS_AST_PARENT	
638	639	IS_AST_PARENT	
638	640	IS_AST_PARENT	
637	638	IS_AST_PARENT	
641	642	IS_AST_PARENT	
641	643	IS_AST_PARENT	
637	641	IS_AST_PARENT	
636	637	IS_AST_PARENT	
506	636	IS_AST_PARENT	
644	645	IS_AST_PARENT	
506	644	IS_AST_PARENT	
505	506	IS_AST_PARENT	
505	646	IS_AST_PARENT	
505	647	IS_AST_PARENT	
649	650	IS_AST_PARENT	
649	651	IS_AST_PARENT	
648	649	IS_AST_PARENT	
652	653	IS_AST_PARENT	
652	654	IS_AST_PARENT	
648	652	IS_AST_PARENT	
655	656	IS_AST_PARENT	
655	657	IS_AST_PARENT	
648	655	IS_AST_PARENT	
505	648	IS_AST_PARENT	
658	649	FLOWS_TO	
649	652	FLOWS_TO	
652	655	FLOWS_TO	
655	507	FLOWS_TO	
507	514	FLOWS_TO	
541	514	FLOWS_TO	
541	546	FLOWS_TO	
514	525	FLOWS_TO	
514	540	FLOWS_TO	
525	536	FLOWS_TO	
536	659	FLOWS_TO	
540	541	FLOWS_TO	
573	546	FLOWS_TO	
573	575	FLOWS_TO	
546	557	FLOWS_TO	
546	572	FLOWS_TO	
557	568	FLOWS_TO	
568	659	FLOWS_TO	
572	573	FLOWS_TO	
575	588	FLOWS_TO	
588	594	FLOWS_TO	
594	600	FLOWS_TO	
600	606	FLOWS_TO	
606	612	FLOWS_TO	
612	624	FLOWS_TO	
624	636	FLOWS_TO	
636	644	FLOWS_TO	
644	659	FLOWS_TO	
525	660	USE	
532	660	USE	
557	660	USE	
564	660	USE	
655	661	DEF	
546	661	USE	
606	661	USE	
607	661	USE	
636	662	DEF	
637	662	DEF	
575	663	USE	
576	663	USE	
624	664	DEF	
625	664	DEF	
588	665	DEF	
589	665	DEF	
600	666	DEF	
601	666	DEF	
606	667	DEF	
607	667	DEF	
649	668	DEF	
514	668	USE	
594	668	USE	
595	668	USE	
624	668	USE	
625	668	USE	
507	669	DEF	
508	669	DEF	
575	669	DEF	
576	669	DEF	
588	669	USE	
590	669	USE	
594	669	USE	
596	669	USE	
600	669	USE	
602	669	USE	
606	669	USE	
608	669	USE	
612	669	USE	
614	669	USE	
624	669	USE	
626	669	USE	
636	669	USE	
638	669	USE	
644	669	USE	
594	670	DEF	
595	670	DEF	
588	671	DEF	
589	671	DEF	
594	671	DEF	
595	671	DEF	
600	671	DEF	
601	671	DEF	
606	671	DEF	
607	671	DEF	
612	671	DEF	
613	671	DEF	
624	671	DEF	
625	671	DEF	
636	671	DEF	
637	671	DEF	
612	672	DEF	
613	672	DEF	
652	673	DEF	
514	673	USE	
600	673	USE	
601	673	USE	
612	673	USE	
613	673	USE	
655	546	REACHES	bpp
655	606	REACHES	bpp
649	514	REACHES	width
649	594	REACHES	width
649	624	REACHES	width
575	588	REACHES	tm
575	594	REACHES	tm
575	600	REACHES	tm
575	606	REACHES	tm
575	612	REACHES	tm
575	624	REACHES	tm
575	636	REACHES	tm
575	644	REACHES	tm
652	514	REACHES	height
652	600	REACHES	height
652	612	REACHES	height
658	649	CONTROLS	
658	652	CONTROLS	
658	655	CONTROLS	
658	507	CONTROLS	
658	514	CONTROLS	
541	514	CONTROLS	
541	546	CONTROLS	
514	525	CONTROLS	
514	536	CONTROLS	
514	540	CONTROLS	
514	541	CONTROLS	
573	546	CONTROLS	
573	575	CONTROLS	
573	588	CONTROLS	
573	594	CONTROLS	
573	600	CONTROLS	
573	606	CONTROLS	
573	612	CONTROLS	
573	624	CONTROLS	
573	636	CONTROLS	
573	644	CONTROLS	
546	557	CONTROLS	
546	568	CONTROLS	
546	572	CONTROLS	
546	573	CONTROLS	
525	536	DOM	
540	541	DOM	
658	649	DOM	
636	644	DOM	
655	507	DOM	
588	594	DOM	
573	575	DOM	
575	588	DOM	
658	658	DOM	
652	655	DOM	
546	557	DOM	
514	525	DOM	
612	624	DOM	
514	540	DOM	
514	659	DOM	
606	612	DOM	
507	514	DOM	
572	573	DOM	
600	606	DOM	
594	600	DOM	
546	572	DOM	
557	568	DOM	
541	546	DOM	
649	652	DOM	
624	636	DOM	
659	536	POST_DOM	
659	541	POST_DOM	
652	649	POST_DOM	
659	644	POST_DOM	
514	507	POST_DOM	
600	594	POST_DOM	
588	575	POST_DOM	
594	588	POST_DOM	
507	655	POST_DOM	
649	658	POST_DOM	
568	557	POST_DOM	
536	525	POST_DOM	
636	624	POST_DOM	
541	540	POST_DOM	
659	659	POST_DOM	
624	612	POST_DOM	
659	514	POST_DOM	
659	573	POST_DOM	
612	606	POST_DOM	
606	600	POST_DOM	
573	572	POST_DOM	
659	568	POST_DOM	
659	546	POST_DOM	
655	652	POST_DOM	
644	636	POST_DOM	
504	505	IS_FUNCTION_OF_AST	
504	658	IS_FUNCTION_OF_CFG	
1	504	IS_FILE_OF	
681	682	IS_AST_PARENT	
683	684	IS_AST_PARENT	
683	685	IS_AST_PARENT	
681	683	IS_AST_PARENT	
680	681	IS_AST_PARENT	
679	680	IS_AST_PARENT	
679	686	IS_AST_PARENT	
691	692	IS_AST_PARENT	
690	691	IS_AST_PARENT	
694	695	IS_AST_PARENT	
693	694	IS_AST_PARENT	
696	697	IS_AST_PARENT	
693	696	IS_AST_PARENT	
698	699	IS_AST_PARENT	
693	698	IS_AST_PARENT	
690	693	IS_AST_PARENT	
689	690	IS_AST_PARENT	
688	689	IS_AST_PARENT	
701	702	IS_AST_PARENT	
701	703	IS_AST_PARENT	
700	701	IS_AST_PARENT	
688	700	IS_AST_PARENT	
687	688	IS_AST_PARENT	
679	687	IS_AST_PARENT	
678	679	IS_AST_PARENT	
678	704	IS_AST_PARENT	
677	678	IS_AST_PARENT	
705	706	IS_AST_PARENT	
677	705	IS_AST_PARENT	
676	677	IS_AST_PARENT	
709	710	IS_AST_PARENT	
709	711	IS_AST_PARENT	
708	709	IS_AST_PARENT	
708	712	IS_AST_PARENT	
707	708	IS_AST_PARENT	
676	707	IS_AST_PARENT	
713	714	IS_AST_PARENT	
676	713	IS_AST_PARENT	
675	676	IS_AST_PARENT	
675	715	IS_AST_PARENT	
675	716	IS_AST_PARENT	
718	719	IS_AST_PARENT	
718	720	IS_AST_PARENT	
717	718	IS_AST_PARENT	
675	717	IS_AST_PARENT	
721	718	FLOWS_TO	
718	680	FLOWS_TO	
705	680	FLOWS_TO	
705	707	FLOWS_TO	
680	689	FLOWS_TO	
680	704	FLOWS_TO	
689	700	FLOWS_TO	
700	722	FLOWS_TO	
704	705	FLOWS_TO	
707	713	FLOWS_TO	
713	722	FLOWS_TO	
689	723	USE	
696	723	USE	
718	724	DEF	
680	724	USE	
707	724	USE	
709	724	USE	
713	724	USE	
707	725	DEF	
708	725	DEF	
707	725	USE	
708	725	USE	
707	726	DEF	
708	726	DEF	
707	726	USE	
708	726	USE	
718	680	REACHES	tm
718	707	REACHES	tm
718	713	REACHES	tm
707	722	REACHES	* tm
721	718	CONTROLS	
721	680	CONTROLS	
705	680	CONTROLS	
705	707	CONTROLS	
705	713	CONTROLS	
680	689	CONTROLS	
680	700	CONTROLS	
680	704	CONTROLS	
680	705	CONTROLS	
680	689	DOM	
680	704	DOM	
689	700	DOM	
721	721	DOM	
680	722	DOM	
704	705	DOM	
707	713	DOM	
718	680	DOM	
721	718	DOM	
705	707	DOM	
700	689	POST_DOM	
705	704	POST_DOM	
722	700	POST_DOM	
718	721	POST_DOM	
722	722	POST_DOM	
722	705	POST_DOM	
722	713	POST_DOM	
722	680	POST_DOM	
680	718	POST_DOM	
713	707	POST_DOM	
674	675	IS_FUNCTION_OF_AST	
674	721	IS_FUNCTION_OF_CFG	
1	674	IS_FILE_OF	
734	735	IS_AST_PARENT	
736	737	IS_AST_PARENT	
736	738	IS_AST_PARENT	
734	736	IS_AST_PARENT	
733	734	IS_AST_PARENT	
732	733	IS_AST_PARENT	
732	739	IS_AST_PARENT	
744	745	IS_AST_PARENT	
743	744	IS_AST_PARENT	
747	748	IS_AST_PARENT	
746	747	IS_AST_PARENT	
749	750	IS_AST_PARENT	
746	749	IS_AST_PARENT	
751	752	IS_AST_PARENT	
746	751	IS_AST_PARENT	
743	746	IS_AST_PARENT	
742	743	IS_AST_PARENT	
741	742	IS_AST_PARENT	
741	753	IS_AST_PARENT	
740	741	IS_AST_PARENT	
732	740	IS_AST_PARENT	
731	732	IS_AST_PARENT	
731	754	IS_AST_PARENT	
730	731	IS_AST_PARENT	
755	756	IS_AST_PARENT	
730	755	IS_AST_PARENT	
729	730	IS_AST_PARENT	
759	760	IS_AST_PARENT	
759	761	IS_AST_PARENT	
758	759	IS_AST_PARENT	
758	762	IS_AST_PARENT	
757	758	IS_AST_PARENT	
729	757	IS_AST_PARENT	
766	767	IS_AST_PARENT	
766	768	IS_AST_PARENT	
765	766	IS_AST_PARENT	
765	769	IS_AST_PARENT	
764	765	IS_AST_PARENT	
763	764	IS_AST_PARENT	
773	774	IS_AST_PARENT	
773	775	IS_AST_PARENT	
772	773	IS_AST_PARENT	
771	772	IS_AST_PARENT	
779	780	IS_AST_PARENT	
778	779	IS_AST_PARENT	
783	784	IS_AST_PARENT	
783	785	IS_AST_PARENT	
782	783	IS_AST_PARENT	
781	782	IS_AST_PARENT	
786	787	IS_AST_PARENT	
781	786	IS_AST_PARENT	
778	781	IS_AST_PARENT	
777	778	IS_AST_PARENT	
776	777	IS_AST_PARENT	
771	776	IS_AST_PARENT	
770	771	IS_AST_PARENT	
790	791	IS_AST_PARENT	
790	792	IS_AST_PARENT	
789	790	IS_AST_PARENT	
788	789	IS_AST_PARENT	
795	796	IS_AST_PARENT	
795	797	IS_AST_PARENT	
798	799	IS_AST_PARENT	
801	802	IS_AST_PARENT	
801	803	IS_AST_PARENT	
800	801	IS_AST_PARENT	
804	805	IS_AST_PARENT	
804	806	IS_AST_PARENT	
800	804	IS_AST_PARENT	
798	800	IS_AST_PARENT	
795	798	IS_AST_PARENT	
794	795	IS_AST_PARENT	
793	794	IS_AST_PARENT	
808	809	IS_AST_PARENT	
808	810	IS_AST_PARENT	
807	808	IS_AST_PARENT	
793	807	IS_AST_PARENT	
813	814	IS_AST_PARENT	
813	815	IS_AST_PARENT	
812	813	IS_AST_PARENT	
811	812	IS_AST_PARENT	
817	818	IS_AST_PARENT	
817	819	IS_AST_PARENT	
816	817	IS_AST_PARENT	
811	816	IS_AST_PARENT	
820	821	IS_AST_PARENT	
820	822	IS_AST_PARENT	
811	820	IS_AST_PARENT	
825	826	IS_AST_PARENT	
824	825	IS_AST_PARENT	
830	831	IS_AST_PARENT	
830	832	IS_AST_PARENT	
829	830	IS_AST_PARENT	
829	833	IS_AST_PARENT	
828	829	IS_AST_PARENT	
827	828	IS_AST_PARENT	
834	835	IS_AST_PARENT	
827	834	IS_AST_PARENT	
836	837	IS_AST_PARENT	
827	836	IS_AST_PARENT	
824	827	IS_AST_PARENT	
823	824	IS_AST_PARENT	
811	823	IS_AST_PARENT	
793	811	IS_AST_PARENT	
840	841	IS_AST_PARENT	
839	840	IS_AST_PARENT	
844	845	IS_AST_PARENT	
844	846	IS_AST_PARENT	
843	844	IS_AST_PARENT	
842	843	IS_AST_PARENT	
839	842	IS_AST_PARENT	
838	839	IS_AST_PARENT	
793	838	IS_AST_PARENT	
788	793	IS_AST_PARENT	
770	788	IS_AST_PARENT	
850	851	IS_AST_PARENT	
849	850	IS_AST_PARENT	
855	856	IS_AST_PARENT	
854	855	IS_AST_PARENT	
859	860	IS_AST_PARENT	
859	861	IS_AST_PARENT	
858	859	IS_AST_PARENT	
857	858	IS_AST_PARENT	
862	863	IS_AST_PARENT	
857	862	IS_AST_PARENT	
854	857	IS_AST_PARENT	
853	854	IS_AST_PARENT	
852	853	IS_AST_PARENT	
849	852	IS_AST_PARENT	
867	868	IS_AST_PARENT	
870	871	IS_AST_PARENT	
870	872	IS_AST_PARENT	
869	870	IS_AST_PARENT	
869	873	IS_AST_PARENT	
867	869	IS_AST_PARENT	
866	867	IS_AST_PARENT	
865	866	IS_AST_PARENT	
864	865	IS_AST_PARENT	
849	864	IS_AST_PARENT	
848	849	IS_AST_PARENT	
847	848	IS_AST_PARENT	
874	875	IS_AST_PARENT	
847	874	IS_AST_PARENT	
770	847	IS_AST_PARENT	
763	770	IS_AST_PARENT	
729	763	IS_AST_PARENT	
728	729	IS_AST_PARENT	
728	876	IS_AST_PARENT	
728	877	IS_AST_PARENT	
879	880	IS_AST_PARENT	
879	881	IS_AST_PARENT	
878	879	IS_AST_PARENT	
728	878	IS_AST_PARENT	
882	879	FLOWS_TO	
879	733	FLOWS_TO	
755	733	FLOWS_TO	
755	757	FLOWS_TO	
733	742	FLOWS_TO	
733	754	FLOWS_TO	
742	753	FLOWS_TO	
753	883	FLOWS_TO	
754	755	FLOWS_TO	
757	764	FLOWS_TO	
764	772	FLOWS_TO	
764	883	FLOWS_TO	
772	777	FLOWS_TO	
772	789	FLOWS_TO	
777	789	FLOWS_TO	
789	794	FLOWS_TO	
789	850	FLOWS_TO	
794	807	FLOWS_TO	
807	812	FLOWS_TO	
816	823	FLOWS_TO	
816	838	FLOWS_TO	
812	816	FLOWS_TO	
820	816	FLOWS_TO	
823	820	FLOWS_TO	
838	850	FLOWS_TO	
874	850	FLOWS_TO	
874	883	FLOWS_TO	
850	853	FLOWS_TO	
850	866	FLOWS_TO	
853	874	FLOWS_TO	
866	874	FLOWS_TO	
742	884	USE	
749	884	USE	
789	885	USE	
823	885	USE	
829	885	USE	
838	885	USE	
843	885	USE	
823	886	USE	
828	886	USE	
807	887	DEF	
808	887	DEF	
816	887	USE	
812	887	DEF	
813	887	DEF	
820	887	USE	
820	887	DEF	
823	887	USE	
829	887	USE	
836	887	USE	
823	888	USE	
828	888	USE	
772	889	USE	
777	889	USE	
782	889	USE	
794	890	USE	
798	890	USE	
757	891	USE	
758	891	USE	
757	891	DEF	
758	891	DEF	
764	891	USE	
823	892	USE	
828	892	USE	
879	893	DEF	
733	893	USE	
757	893	USE	
759	893	USE	
764	893	USE	
766	893	USE	
772	893	USE	
773	893	USE	
777	893	USE	
783	893	USE	
789	893	USE	
790	893	USE	
794	893	USE	
801	893	USE	
804	893	USE	
823	893	USE	
830	893	USE	
834	893	USE	
838	893	USE	
844	893	USE	
853	893	USE	
862	893	USE	
757	894	USE	
758	894	USE	
757	894	DEF	
758	894	DEF	
764	894	USE	
772	894	USE	
777	894	USE	
782	894	USE	
789	894	USE	
794	894	USE	
798	894	USE	
823	894	USE	
829	894	USE	
838	894	USE	
843	894	USE	
794	895	USE	
798	895	USE	
794	896	DEF	
798	896	DEF	
795	896	DEF	
816	896	USE	
794	816	REACHES	ntiles
812	816	REACHES	i
820	816	REACHES	i
812	820	REACHES	i
820	820	REACHES	i
812	823	REACHES	i
820	823	REACHES	i
757	764	REACHES	tm -> ref_count
879	757	REACHES	tm
879	733	REACHES	tm
879	764	REACHES	tm
879	772	REACHES	tm
879	777	REACHES	tm
879	789	REACHES	tm
879	794	REACHES	tm
879	823	REACHES	tm
879	838	REACHES	tm
879	853	REACHES	tm
757	883	REACHES	* tm
757	764	REACHES	* tm
757	772	REACHES	* tm
757	777	REACHES	* tm
757	789	REACHES	* tm
757	794	REACHES	* tm
757	823	REACHES	* tm
757	838	REACHES	* tm
882	879	CONTROLS	
882	733	CONTROLS	
755	733	CONTROLS	
755	757	CONTROLS	
755	764	CONTROLS	
733	742	CONTROLS	
733	753	CONTROLS	
733	754	CONTROLS	
733	755	CONTROLS	
764	772	CONTROLS	
764	789	CONTROLS	
764	850	CONTROLS	
764	874	CONTROLS	
772	777	CONTROLS	
789	794	CONTROLS	
789	807	CONTROLS	
789	812	CONTROLS	
789	816	CONTROLS	
789	838	CONTROLS	
816	823	CONTROLS	
816	820	CONTROLS	
874	850	CONTROLS	
850	853	CONTROLS	
850	866	CONTROLS	
757	764	DOM	
879	733	DOM	
812	816	DOM	
733	754	DOM	
772	789	DOM	
733	883	DOM	
755	757	DOM	
789	850	DOM	
764	772	DOM	
816	838	DOM	
850	866	DOM	
882	879	DOM	
754	755	DOM	
850	874	DOM	
882	882	DOM	
772	777	DOM	
789	794	DOM	
816	823	DOM	
742	753	DOM	
850	853	DOM	
733	742	DOM	
794	807	DOM	
823	820	DOM	
807	812	DOM	
883	764	POST_DOM	
883	733	POST_DOM	
838	816	POST_DOM	
755	754	POST_DOM	
850	789	POST_DOM	
883	883	POST_DOM	
764	757	POST_DOM	
874	850	POST_DOM	
789	772	POST_DOM	
850	838	POST_DOM	
874	866	POST_DOM	
733	879	POST_DOM	
883	755	POST_DOM	
883	874	POST_DOM	
879	882	POST_DOM	
789	777	POST_DOM	
807	794	POST_DOM	
820	823	POST_DOM	
883	753	POST_DOM	
874	853	POST_DOM	
753	742	POST_DOM	
812	807	POST_DOM	
816	820	POST_DOM	
816	812	POST_DOM	
727	728	IS_FUNCTION_OF_AST	
727	882	IS_FUNCTION_OF_CFG	
1	727	IS_FILE_OF	
901	902	IS_AST_PARENT	
901	903	IS_AST_PARENT	
900	901	IS_AST_PARENT	
899	900	IS_AST_PARENT	
905	906	IS_AST_PARENT	
905	907	IS_AST_PARENT	
904	905	IS_AST_PARENT	
899	904	IS_AST_PARENT	
909	910	IS_AST_PARENT	
909	911	IS_AST_PARENT	
908	909	IS_AST_PARENT	
899	908	IS_AST_PARENT	
916	917	IS_AST_PARENT	
918	919	IS_AST_PARENT	
918	920	IS_AST_PARENT	
916	918	IS_AST_PARENT	
915	916	IS_AST_PARENT	
914	915	IS_AST_PARENT	
914	921	IS_AST_PARENT	
926	927	IS_AST_PARENT	
925	926	IS_AST_PARENT	
929	930	IS_AST_PARENT	
928	929	IS_AST_PARENT	
931	932	IS_AST_PARENT	
928	931	IS_AST_PARENT	
933	934	IS_AST_PARENT	
928	933	IS_AST_PARENT	
925	928	IS_AST_PARENT	
924	925	IS_AST_PARENT	
923	924	IS_AST_PARENT	
936	937	IS_AST_PARENT	
936	938	IS_AST_PARENT	
935	936	IS_AST_PARENT	
923	935	IS_AST_PARENT	
922	923	IS_AST_PARENT	
914	922	IS_AST_PARENT	
913	914	IS_AST_PARENT	
913	939	IS_AST_PARENT	
912	913	IS_AST_PARENT	
940	941	IS_AST_PARENT	
912	940	IS_AST_PARENT	
899	912	IS_AST_PARENT	
943	944	IS_AST_PARENT	
946	947	IS_AST_PARENT	
945	946	IS_AST_PARENT	
950	951	IS_AST_PARENT	
950	952	IS_AST_PARENT	
949	950	IS_AST_PARENT	
948	949	IS_AST_PARENT	
954	955	IS_AST_PARENT	
954	956	IS_AST_PARENT	
953	954	IS_AST_PARENT	
948	953	IS_AST_PARENT	
958	959	IS_AST_PARENT	
958	960	IS_AST_PARENT	
957	958	IS_AST_PARENT	
948	957	IS_AST_PARENT	
945	948	IS_AST_PARENT	
943	945	IS_AST_PARENT	
942	943	IS_AST_PARENT	
899	942	IS_AST_PARENT	
963	964	IS_AST_PARENT	
962	963	IS_AST_PARENT	
966	967	IS_AST_PARENT	
965	966	IS_AST_PARENT	
962	965	IS_AST_PARENT	
961	962	IS_AST_PARENT	
899	961	IS_AST_PARENT	
969	970	IS_AST_PARENT	
972	973	IS_AST_PARENT	
972	974	IS_AST_PARENT	
971	972	IS_AST_PARENT	
975	976	IS_AST_PARENT	
975	977	IS_AST_PARENT	
971	975	IS_AST_PARENT	
969	971	IS_AST_PARENT	
968	969	IS_AST_PARENT	
899	968	IS_AST_PARENT	
980	981	IS_AST_PARENT	
980	982	IS_AST_PARENT	
979	980	IS_AST_PARENT	
978	979	IS_AST_PARENT	
984	985	IS_AST_PARENT	
984	986	IS_AST_PARENT	
983	984	IS_AST_PARENT	
978	983	IS_AST_PARENT	
987	988	IS_AST_PARENT	
987	989	IS_AST_PARENT	
978	987	IS_AST_PARENT	
992	993	IS_AST_PARENT	
992	994	IS_AST_PARENT	
991	992	IS_AST_PARENT	
990	991	IS_AST_PARENT	
996	997	IS_AST_PARENT	
999	1000	IS_AST_PARENT	
998	999	IS_AST_PARENT	
1002	1003	IS_AST_PARENT	
1001	1002	IS_AST_PARENT	
1004	1005	IS_AST_PARENT	
1001	1004	IS_AST_PARENT	
1007	1008	IS_AST_PARENT	
1007	1009	IS_AST_PARENT	
1006	1007	IS_AST_PARENT	
1001	1006	IS_AST_PARENT	
1010	1011	IS_AST_PARENT	
1001	1010	IS_AST_PARENT	
998	1001	IS_AST_PARENT	
996	998	IS_AST_PARENT	
995	996	IS_AST_PARENT	
990	995	IS_AST_PARENT	
1014	1015	IS_AST_PARENT	
1013	1014	IS_AST_PARENT	
1017	1018	IS_AST_PARENT	
1016	1017	IS_AST_PARENT	
1019	1020	IS_AST_PARENT	
1016	1019	IS_AST_PARENT	
1021	1022	IS_AST_PARENT	
1016	1021	IS_AST_PARENT	
1013	1016	IS_AST_PARENT	
1012	1013	IS_AST_PARENT	
990	1012	IS_AST_PARENT	
1025	1026	IS_AST_PARENT	
1024	1025	IS_AST_PARENT	
1028	1029	IS_AST_PARENT	
1027	1028	IS_AST_PARENT	
1030	1031	IS_AST_PARENT	
1027	1030	IS_AST_PARENT	
1024	1027	IS_AST_PARENT	
1023	1024	IS_AST_PARENT	
990	1023	IS_AST_PARENT	
978	990	IS_AST_PARENT	
899	978	IS_AST_PARENT	
1032	1033	IS_AST_PARENT	
899	1032	IS_AST_PARENT	
898	899	IS_AST_PARENT	
898	1034	IS_AST_PARENT	
898	1035	IS_AST_PARENT	
1037	1038	IS_AST_PARENT	
1037	1039	IS_AST_PARENT	
1036	1037	IS_AST_PARENT	
898	1036	IS_AST_PARENT	
1040	1037	FLOWS_TO	
1037	900	FLOWS_TO	
900	904	FLOWS_TO	
904	908	FLOWS_TO	
908	915	FLOWS_TO	
940	915	FLOWS_TO	
940	942	FLOWS_TO	
915	924	FLOWS_TO	
915	939	FLOWS_TO	
924	935	FLOWS_TO	
935	1041	FLOWS_TO	
939	940	FLOWS_TO	
942	961	FLOWS_TO	
961	968	FLOWS_TO	
968	979	FLOWS_TO	
983	991	FLOWS_TO	
983	1032	FLOWS_TO	
979	983	FLOWS_TO	
987	983	FLOWS_TO	
991	995	FLOWS_TO	
995	1012	FLOWS_TO	
1012	1023	FLOWS_TO	
1023	987	FLOWS_TO	
1032	1041	FLOWS_TO	
924	1042	USE	
931	1042	USE	
904	1043	DEF	
905	1043	DEF	
968	1043	DEF	
969	1043	DEF	
983	1043	USE	
908	1044	DEF	
909	1044	DEF	
983	1044	USE	
979	1044	DEF	
980	1044	DEF	
987	1044	USE	
987	1044	DEF	
995	1044	USE	
1004	1044	USE	
1012	1044	USE	
1019	1044	USE	
968	1045	USE	
969	1045	USE	
995	1046	USE	
996	1046	USE	
942	1047	USE	
953	1047	USE	
942	1048	USE	
957	1048	USE	
991	1049	DEF	
992	1049	DEF	
995	1049	DEF	
996	1049	DEF	
1012	1049	USE	
1021	1049	USE	
1023	1049	USE	
1028	1049	USE	
1037	1050	DEF	
915	1050	USE	
942	1050	USE	
958	1050	USE	
950	1050	USE	
954	1050	USE	
968	1050	USE	
972	1050	USE	
975	1050	USE	
995	1050	USE	
1002	1050	USE	
942	1051	USE	
949	1051	USE	
900	1052	DEF	
901	1052	DEF	
942	1052	DEF	
943	1052	DEF	
961	1052	USE	
966	1052	USE	
1012	1052	USE	
1017	1052	USE	
1032	1052	USE	
942	1053	USE	
957	1053	USE	
949	1053	USE	
953	1053	USE	
968	1053	USE	
969	1053	USE	
968	1054	USE	
969	1054	USE	
942	1055	USE	
943	1055	USE	
995	1012	REACHES	tile
995	1023	REACHES	tile
942	961	REACHES	copy
942	1012	REACHES	copy
942	1032	REACHES	copy
987	983	REACHES	i
968	983	REACHES	n_tiles
979	983	REACHES	i
987	987	REACHES	i
979	987	REACHES	i
987	995	REACHES	i
979	995	REACHES	i
987	1012	REACHES	i
979	1012	REACHES	i
1037	915	REACHES	tm
1037	942	REACHES	tm
1037	968	REACHES	tm
1037	995	REACHES	tm
1040	1037	CONTROLS	
1040	900	CONTROLS	
1040	904	CONTROLS	
1040	908	CONTROLS	
1040	915	CONTROLS	
940	915	CONTROLS	
940	942	CONTROLS	
940	961	CONTROLS	
940	968	CONTROLS	
940	979	CONTROLS	
940	983	CONTROLS	
940	1032	CONTROLS	
915	924	CONTROLS	
915	935	CONTROLS	
915	939	CONTROLS	
915	940	CONTROLS	
983	991	CONTROLS	
983	995	CONTROLS	
983	1012	CONTROLS	
983	1023	CONTROLS	
983	987	CONTROLS	
1040	1040	DOM	
908	915	DOM	
979	983	DOM	
1012	1023	DOM	
904	908	DOM	
940	942	DOM	
1023	987	DOM	
900	904	DOM	
983	991	DOM	
991	995	DOM	
915	1041	DOM	
939	940	DOM	
961	968	DOM	
995	1012	DOM	
924	935	DOM	
1040	1037	DOM	
1037	900	DOM	
915	939	DOM	
983	1032	DOM	
942	961	DOM	
968	979	DOM	
915	924	DOM	
1041	915	POST_DOM	
1037	1040	POST_DOM	
1032	983	POST_DOM	
987	1023	POST_DOM	
915	908	POST_DOM	
961	942	POST_DOM	
983	987	POST_DOM	
908	904	POST_DOM	
995	991	POST_DOM	
1012	995	POST_DOM	
1041	1041	POST_DOM	
1041	940	POST_DOM	
979	968	POST_DOM	
1023	1012	POST_DOM	
1041	935	POST_DOM	
900	1037	POST_DOM	
904	900	POST_DOM	
940	939	POST_DOM	
1041	1032	POST_DOM	
968	961	POST_DOM	
983	979	POST_DOM	
935	924	POST_DOM	
897	898	IS_FUNCTION_OF_AST	
897	1040	IS_FUNCTION_OF_CFG	
1	897	IS_FILE_OF	
1063	1064	IS_AST_PARENT	
1065	1066	IS_AST_PARENT	
1065	1067	IS_AST_PARENT	
1063	1065	IS_AST_PARENT	
1062	1063	IS_AST_PARENT	
1061	1062	IS_AST_PARENT	
1061	1068	IS_AST_PARENT	
1073	1074	IS_AST_PARENT	
1072	1073	IS_AST_PARENT	
1076	1077	IS_AST_PARENT	
1075	1076	IS_AST_PARENT	
1078	1079	IS_AST_PARENT	
1075	1078	IS_AST_PARENT	
1080	1081	IS_AST_PARENT	
1075	1080	IS_AST_PARENT	
1072	1075	IS_AST_PARENT	
1071	1072	IS_AST_PARENT	
1070	1071	IS_AST_PARENT	
1070	1082	IS_AST_PARENT	
1069	1070	IS_AST_PARENT	
1061	1069	IS_AST_PARENT	
1060	1061	IS_AST_PARENT	
1060	1083	IS_AST_PARENT	
1059	1060	IS_AST_PARENT	
1084	1085	IS_AST_PARENT	
1059	1084	IS_AST_PARENT	
1058	1059	IS_AST_PARENT	
1088	1089	IS_AST_PARENT	
1088	1090	IS_AST_PARENT	
1087	1088	IS_AST_PARENT	
1087	1091	IS_AST_PARENT	
1086	1087	IS_AST_PARENT	
1058	1086	IS_AST_PARENT	
1094	1095	IS_AST_PARENT	
1094	1096	IS_AST_PARENT	
1093	1094	IS_AST_PARENT	
1093	1097	IS_AST_PARENT	
1092	1093	IS_AST_PARENT	
1058	1092	IS_AST_PARENT	
1057	1058	IS_AST_PARENT	
1057	1098	IS_AST_PARENT	
1057	1099	IS_AST_PARENT	
1101	1102	IS_AST_PARENT	
1101	1103	IS_AST_PARENT	
1100	1101	IS_AST_PARENT	
1104	1105	IS_AST_PARENT	
1104	1106	IS_AST_PARENT	
1100	1104	IS_AST_PARENT	
1107	1108	IS_AST_PARENT	
1107	1109	IS_AST_PARENT	
1100	1107	IS_AST_PARENT	
1057	1100	IS_AST_PARENT	
1110	1101	FLOWS_TO	
1101	1104	FLOWS_TO	
1104	1107	FLOWS_TO	
1107	1062	FLOWS_TO	
1084	1062	FLOWS_TO	
1084	1086	FLOWS_TO	
1062	1071	FLOWS_TO	
1062	1083	FLOWS_TO	
1071	1082	FLOWS_TO	
1082	1111	FLOWS_TO	
1083	1084	FLOWS_TO	
1086	1092	FLOWS_TO	
1092	1111	FLOWS_TO	
1071	1112	USE	
1078	1112	USE	
1086	1113	DEF	
1087	1113	DEF	
1104	1114	DEF	
1086	1114	USE	
1087	1114	USE	
1101	1115	DEF	
1062	1115	USE	
1086	1115	USE	
1088	1115	USE	
1092	1115	USE	
1094	1115	USE	
1092	1116	DEF	
1093	1116	DEF	
1107	1117	DEF	
1092	1117	USE	
1093	1117	USE	
1086	1118	DEF	
1087	1118	DEF	
1092	1118	DEF	
1093	1118	DEF	
1104	1086	REACHES	proc
1101	1062	REACHES	tm
1101	1086	REACHES	tm
1101	1092	REACHES	tm
1107	1092	REACHES	user_data
1092	1111	REACHES	* tm
1110	1101	CONTROLS	
1110	1104	CONTROLS	
1110	1107	CONTROLS	
1110	1062	CONTROLS	
1084	1062	CONTROLS	
1084	1086	CONTROLS	
1084	1092	CONTROLS	
1062	1071	CONTROLS	
1062	1082	CONTROLS	
1062	1083	CONTROLS	
1062	1084	CONTROLS	
1110	1110	DOM	
1062	1083	DOM	
1110	1101	DOM	
1084	1086	DOM	
1062	1071	DOM	
1062	1111	DOM	
1071	1082	DOM	
1104	1107	DOM	
1083	1084	DOM	
1086	1092	DOM	
1107	1062	DOM	
1101	1104	DOM	
1101	1110	POST_DOM	
1084	1083	POST_DOM	
1104	1101	POST_DOM	
1092	1086	POST_DOM	
1082	1071	POST_DOM	
1111	1111	POST_DOM	
1111	1082	POST_DOM	
1062	1107	POST_DOM	
1111	1084	POST_DOM	
1111	1092	POST_DOM	
1111	1062	POST_DOM	
1107	1104	POST_DOM	
1056	1057	IS_FUNCTION_OF_AST	
1056	1110	IS_FUNCTION_OF_CFG	
1	1056	IS_FILE_OF	
1126	1127	IS_AST_PARENT	
1128	1129	IS_AST_PARENT	
1128	1130	IS_AST_PARENT	
1126	1128	IS_AST_PARENT	
1125	1126	IS_AST_PARENT	
1124	1125	IS_AST_PARENT	
1124	1131	IS_AST_PARENT	
1136	1137	IS_AST_PARENT	
1135	1136	IS_AST_PARENT	
1139	1140	IS_AST_PARENT	
1138	1139	IS_AST_PARENT	
1141	1142	IS_AST_PARENT	
1138	1141	IS_AST_PARENT	
1143	1144	IS_AST_PARENT	
1138	1143	IS_AST_PARENT	
1135	1138	IS_AST_PARENT	
1134	1135	IS_AST_PARENT	
1133	1134	IS_AST_PARENT	
1146	1147	IS_AST_PARENT	
1146	1148	IS_AST_PARENT	
1145	1146	IS_AST_PARENT	
1133	1145	IS_AST_PARENT	
1132	1133	IS_AST_PARENT	
1124	1132	IS_AST_PARENT	
1123	1124	IS_AST_PARENT	
1123	1149	IS_AST_PARENT	
1122	1123	IS_AST_PARENT	
1150	1151	IS_AST_PARENT	
1122	1150	IS_AST_PARENT	
1121	1122	IS_AST_PARENT	
1154	1155	IS_AST_PARENT	
1153	1154	IS_AST_PARENT	
1157	1158	IS_AST_PARENT	
1156	1157	IS_AST_PARENT	
1161	1162	IS_AST_PARENT	
1160	1161	IS_AST_PARENT	
1164	1165	IS_AST_PARENT	
1163	1164	IS_AST_PARENT	
1166	1167	IS_AST_PARENT	
1163	1166	IS_AST_PARENT	
1168	1169	IS_AST_PARENT	
1163	1168	IS_AST_PARENT	
1160	1163	IS_AST_PARENT	
1159	1160	IS_AST_PARENT	
1156	1159	IS_AST_PARENT	
1170	1171	IS_AST_PARENT	
1156	1170	IS_AST_PARENT	
1172	1173	IS_AST_PARENT	
1156	1172	IS_AST_PARENT	
1153	1156	IS_AST_PARENT	
1152	1153	IS_AST_PARENT	
1121	1152	IS_AST_PARENT	
1120	1121	IS_AST_PARENT	
1120	1174	IS_AST_PARENT	
1120	1175	IS_AST_PARENT	
1177	1178	IS_AST_PARENT	
1177	1179	IS_AST_PARENT	
1176	1177	IS_AST_PARENT	
1180	1181	IS_AST_PARENT	
1180	1182	IS_AST_PARENT	
1176	1180	IS_AST_PARENT	
1183	1184	IS_AST_PARENT	
1183	1185	IS_AST_PARENT	
1176	1183	IS_AST_PARENT	
1186	1187	IS_AST_PARENT	
1186	1188	IS_AST_PARENT	
1176	1186	IS_AST_PARENT	
1189	1190	IS_AST_PARENT	
1189	1191	IS_AST_PARENT	
1176	1189	IS_AST_PARENT	
1120	1176	IS_AST_PARENT	
1192	1177	FLOWS_TO	
1177	1180	FLOWS_TO	
1180	1183	FLOWS_TO	
1183	1186	FLOWS_TO	
1186	1189	FLOWS_TO	
1189	1125	FLOWS_TO	
1150	1125	FLOWS_TO	
1150	1152	FLOWS_TO	
1125	1134	FLOWS_TO	
1125	1149	FLOWS_TO	
1134	1145	FLOWS_TO	
1145	1193	FLOWS_TO	
1149	1150	FLOWS_TO	
1152	1193	FLOWS_TO	
1134	1194	USE	
1141	1194	USE	
1152	1195	USE	
1186	1196	DEF	
1152	1196	USE	
1170	1196	USE	
1177	1197	DEF	
1125	1197	USE	
1152	1197	USE	
1157	1197	USE	
1164	1197	USE	
1183	1198	DEF	
1152	1198	USE	
1168	1198	USE	
1189	1199	DEF	
1152	1199	USE	
1172	1199	USE	
1152	1200	USE	
1159	1200	USE	
1180	1201	DEF	
1152	1201	USE	
1166	1201	USE	
1186	1152	REACHES	wantread
1177	1125	REACHES	tm
1177	1152	REACHES	tm
1183	1152	REACHES	ypixel
1189	1152	REACHES	wantwrite
1180	1152	REACHES	xpixel
1192	1177	CONTROLS	
1192	1180	CONTROLS	
1192	1183	CONTROLS	
1192	1186	CONTROLS	
1192	1189	CONTROLS	
1192	1125	CONTROLS	
1150	1125	CONTROLS	
1150	1152	CONTROLS	
1125	1134	CONTROLS	
1125	1145	CONTROLS	
1125	1149	CONTROLS	
1125	1150	CONTROLS	
1125	1193	DOM	
1192	1177	DOM	
1192	1192	DOM	
1186	1189	DOM	
1189	1125	DOM	
1180	1183	DOM	
1150	1152	DOM	
1183	1186	DOM	
1125	1134	DOM	
1125	1149	DOM	
1134	1145	DOM	
1149	1150	DOM	
1177	1180	DOM	
1193	1193	POST_DOM	
1180	1177	POST_DOM	
1125	1189	POST_DOM	
1177	1192	POST_DOM	
1193	1125	POST_DOM	
1186	1183	POST_DOM	
1193	1152	POST_DOM	
1145	1134	POST_DOM	
1189	1186	POST_DOM	
1150	1149	POST_DOM	
1193	1145	POST_DOM	
1193	1150	POST_DOM	
1183	1180	POST_DOM	
1119	1120	IS_FUNCTION_OF_AST	
1119	1192	IS_FUNCTION_OF_CFG	
1	1119	IS_FILE_OF	
1206	1207	IS_AST_PARENT	
1206	1208	IS_AST_PARENT	
1205	1206	IS_AST_PARENT	
1204	1205	IS_AST_PARENT	
1210	1211	IS_AST_PARENT	
1210	1212	IS_AST_PARENT	
1209	1210	IS_AST_PARENT	
1204	1209	IS_AST_PARENT	
1217	1218	IS_AST_PARENT	
1219	1220	IS_AST_PARENT	
1219	1221	IS_AST_PARENT	
1217	1219	IS_AST_PARENT	
1216	1217	IS_AST_PARENT	
1215	1216	IS_AST_PARENT	
1215	1222	IS_AST_PARENT	
1227	1228	IS_AST_PARENT	
1226	1227	IS_AST_PARENT	
1230	1231	IS_AST_PARENT	
1229	1230	IS_AST_PARENT	
1232	1233	IS_AST_PARENT	
1229	1232	IS_AST_PARENT	
1234	1235	IS_AST_PARENT	
1229	1234	IS_AST_PARENT	
1226	1229	IS_AST_PARENT	
1225	1226	IS_AST_PARENT	
1224	1225	IS_AST_PARENT	
1237	1238	IS_AST_PARENT	
1237	1239	IS_AST_PARENT	
1236	1237	IS_AST_PARENT	
1224	1236	IS_AST_PARENT	
1223	1224	IS_AST_PARENT	
1215	1223	IS_AST_PARENT	
1214	1215	IS_AST_PARENT	
1214	1240	IS_AST_PARENT	
1213	1214	IS_AST_PARENT	
1241	1242	IS_AST_PARENT	
1213	1241	IS_AST_PARENT	
1204	1213	IS_AST_PARENT	
1244	1245	IS_AST_PARENT	
1247	1248	IS_AST_PARENT	
1247	1249	IS_AST_PARENT	
1246	1247	IS_AST_PARENT	
1250	1251	IS_AST_PARENT	
1250	1252	IS_AST_PARENT	
1246	1250	IS_AST_PARENT	
1244	1246	IS_AST_PARENT	
1243	1244	IS_AST_PARENT	
1204	1243	IS_AST_PARENT	
1256	1257	IS_AST_PARENT	
1256	1258	IS_AST_PARENT	
1255	1256	IS_AST_PARENT	
1259	1260	IS_AST_PARENT	
1259	1261	IS_AST_PARENT	
1255	1259	IS_AST_PARENT	
1254	1255	IS_AST_PARENT	
1253	1254	IS_AST_PARENT	
1264	1265	IS_AST_PARENT	
1264	1266	IS_AST_PARENT	
1263	1264	IS_AST_PARENT	
1262	1263	IS_AST_PARENT	
1253	1262	IS_AST_PARENT	
1204	1253	IS_AST_PARENT	
1269	1270	IS_AST_PARENT	
1271	1272	IS_AST_PARENT	
1271	1273	IS_AST_PARENT	
1269	1271	IS_AST_PARENT	
1268	1269	IS_AST_PARENT	
1267	1268	IS_AST_PARENT	
1277	1278	IS_AST_PARENT	
1276	1277	IS_AST_PARENT	
1280	1281	IS_AST_PARENT	
1279	1280	IS_AST_PARENT	
1276	1279	IS_AST_PARENT	
1275	1276	IS_AST_PARENT	
1274	1275	IS_AST_PARENT	
1267	1274	IS_AST_PARENT	
1204	1267	IS_AST_PARENT	
1283	1284	IS_AST_PARENT	
1286	1287	IS_AST_PARENT	
1286	1288	IS_AST_PARENT	
1285	1286	IS_AST_PARENT	
1285	1289	IS_AST_PARENT	
1283	1285	IS_AST_PARENT	
1282	1283	IS_AST_PARENT	
1204	1282	IS_AST_PARENT	
1292	1293	IS_AST_PARENT	
1294	1295	IS_AST_PARENT	
1294	1296	IS_AST_PARENT	
1292	1294	IS_AST_PARENT	
1291	1292	IS_AST_PARENT	
1290	1291	IS_AST_PARENT	
1300	1301	IS_AST_PARENT	
1299	1300	IS_AST_PARENT	
1303	1304	IS_AST_PARENT	
1302	1303	IS_AST_PARENT	
1305	1306	IS_AST_PARENT	
1302	1305	IS_AST_PARENT	
1307	1308	IS_AST_PARENT	
1302	1307	IS_AST_PARENT	
1299	1302	IS_AST_PARENT	
1298	1299	IS_AST_PARENT	
1297	1298	IS_AST_PARENT	
1290	1297	IS_AST_PARENT	
1204	1290	IS_AST_PARENT	
1310	1311	IS_AST_PARENT	
1309	1310	IS_AST_PARENT	
1314	1315	IS_AST_PARENT	
1313	1314	IS_AST_PARENT	
1319	1320	IS_AST_PARENT	
1321	1322	IS_AST_PARENT	
1321	1323	IS_AST_PARENT	
1319	1321	IS_AST_PARENT	
1318	1319	IS_AST_PARENT	
1317	1318	IS_AST_PARENT	
1327	1328	IS_AST_PARENT	
1326	1327	IS_AST_PARENT	
1331	1332	IS_AST_PARENT	
1331	1333	IS_AST_PARENT	
1330	1331	IS_AST_PARENT	
1329	1330	IS_AST_PARENT	
1334	1335	IS_AST_PARENT	
1329	1334	IS_AST_PARENT	
1326	1329	IS_AST_PARENT	
1325	1326	IS_AST_PARENT	
1324	1325	IS_AST_PARENT	
1338	1339	IS_AST_PARENT	
1338	1340	IS_AST_PARENT	
1337	1338	IS_AST_PARENT	
1341	1342	IS_AST_PARENT	
1341	1343	IS_AST_PARENT	
1337	1341	IS_AST_PARENT	
1336	1337	IS_AST_PARENT	
1324	1336	IS_AST_PARENT	
1346	1347	IS_AST_PARENT	
1346	1348	IS_AST_PARENT	
1345	1346	IS_AST_PARENT	
1349	1350	IS_AST_PARENT	
1349	1351	IS_AST_PARENT	
1345	1349	IS_AST_PARENT	
1344	1345	IS_AST_PARENT	
1324	1344	IS_AST_PARENT	
1317	1324	IS_AST_PARENT	
1316	1317	IS_AST_PARENT	
1355	1356	IS_AST_PARENT	
1355	1357	IS_AST_PARENT	
1354	1355	IS_AST_PARENT	
1354	1358	IS_AST_PARENT	
1353	1354	IS_AST_PARENT	
1352	1353	IS_AST_PARENT	
1359	1360	IS_AST_PARENT	
1359	1361	IS_AST_PARENT	
1359	1362	IS_AST_PARENT	
1359	1363	IS_AST_PARENT	
1366	1367	IS_AST_PARENT	
1365	1366	IS_AST_PARENT	
1370	1371	IS_AST_PARENT	
1370	1372	IS_AST_PARENT	
1369	1370	IS_AST_PARENT	
1368	1369	IS_AST_PARENT	
1365	1368	IS_AST_PARENT	
1364	1365	IS_AST_PARENT	
1359	1364	IS_AST_PARENT	
1359	1373	IS_AST_PARENT	
1359	1374	IS_AST_PARENT	
1376	1377	IS_AST_PARENT	
1378	1379	IS_AST_PARENT	
1378	1380	IS_AST_PARENT	
1376	1378	IS_AST_PARENT	
1375	1376	IS_AST_PARENT	
1359	1375	IS_AST_PARENT	
1359	1381	IS_AST_PARENT	
1359	1382	IS_AST_PARENT	
1384	1385	IS_AST_PARENT	
1386	1387	IS_AST_PARENT	
1386	1388	IS_AST_PARENT	
1384	1386	IS_AST_PARENT	
1383	1384	IS_AST_PARENT	
1359	1383	IS_AST_PARENT	
1359	1389	IS_AST_PARENT	
1359	1390	IS_AST_PARENT	
1392	1393	IS_AST_PARENT	
1394	1395	IS_AST_PARENT	
1394	1396	IS_AST_PARENT	
1392	1394	IS_AST_PARENT	
1391	1392	IS_AST_PARENT	
1359	1391	IS_AST_PARENT	
1359	1397	IS_AST_PARENT	
1359	1398	IS_AST_PARENT	
1359	1399	IS_AST_PARENT	
1359	1400	IS_AST_PARENT	
1359	1401	IS_AST_PARENT	
1359	1402	IS_AST_PARENT	
1359	1403	IS_AST_PARENT	
1359	1404	IS_AST_PARENT	
1359	1405	IS_AST_PARENT	
1359	1406	IS_AST_PARENT	
1359	1407	IS_AST_PARENT	
1359	1408	IS_AST_PARENT	
1359	1409	IS_AST_PARENT	
1359	1410	IS_AST_PARENT	
1359	1411	IS_AST_PARENT	
1359	1412	IS_AST_PARENT	
1359	1413	IS_AST_PARENT	
1359	1414	IS_AST_PARENT	
1359	1415	IS_AST_PARENT	
1359	1416	IS_AST_PARENT	
1359	1417	IS_AST_PARENT	
1359	1418	IS_AST_PARENT	
1359	1419	IS_AST_PARENT	
1359	1420	IS_AST_PARENT	
1359	1421	IS_AST_PARENT	
1359	1422	IS_AST_PARENT	
1359	1423	IS_AST_PARENT	
1359	1424	IS_AST_PARENT	
1359	1425	IS_AST_PARENT	
1359	1426	IS_AST_PARENT	
1359	1427	IS_AST_PARENT	
1359	1428	IS_AST_PARENT	
1359	1429	IS_AST_PARENT	
1359	1430	IS_AST_PARENT	
1359	1431	IS_AST_PARENT	
1359	1432	IS_AST_PARENT	
1359	1433	IS_AST_PARENT	
1359	1434	IS_AST_PARENT	
1359	1435	IS_AST_PARENT	
1359	1436	IS_AST_PARENT	
1359	1437	IS_AST_PARENT	
1359	1438	IS_AST_PARENT	
1359	1439	IS_AST_PARENT	
1359	1440	IS_AST_PARENT	
1359	1441	IS_AST_PARENT	
1359	1442	IS_AST_PARENT	
1359	1443	IS_AST_PARENT	
1359	1444	IS_AST_PARENT	
1447	1448	IS_AST_PARENT	
1447	1449	IS_AST_PARENT	
1446	1447	IS_AST_PARENT	
1445	1446	IS_AST_PARENT	
1450	1451	IS_AST_PARENT	
1450	1452	IS_AST_PARENT	
1450	1453	IS_AST_PARENT	
1450	1454	IS_AST_PARENT	
1450	1455	IS_AST_PARENT	
1450	1456	IS_AST_PARENT	
1450	1457	IS_AST_PARENT	
1450	1458	IS_AST_PARENT	
1450	1459	IS_AST_PARENT	
1450	1460	IS_AST_PARENT	
1450	1461	IS_AST_PARENT	
1450	1462	IS_AST_PARENT	
1450	1463	IS_AST_PARENT	
1450	1464	IS_AST_PARENT	
1450	1465	IS_AST_PARENT	
1450	1466	IS_AST_PARENT	
1450	1467	IS_AST_PARENT	
1450	1468	IS_AST_PARENT	
1450	1469	IS_AST_PARENT	
1450	1470	IS_AST_PARENT	
1450	1471	IS_AST_PARENT	
1450	1472	IS_AST_PARENT	
1450	1473	IS_AST_PARENT	
1450	1474	IS_AST_PARENT	
1450	1475	IS_AST_PARENT	
1450	1476	IS_AST_PARENT	
1450	1477	IS_AST_PARENT	
1450	1478	IS_AST_PARENT	
1450	1479	IS_AST_PARENT	
1450	1480	IS_AST_PARENT	
1450	1481	IS_AST_PARENT	
1445	1450	IS_AST_PARENT	
1359	1445	IS_AST_PARENT	
1484	1485	IS_AST_PARENT	
1484	1486	IS_AST_PARENT	
1483	1484	IS_AST_PARENT	
1482	1483	IS_AST_PARENT	
1487	1488	IS_AST_PARENT	
1487	1489	IS_AST_PARENT	
1487	1490	IS_AST_PARENT	
1487	1491	IS_AST_PARENT	
1487	1492	IS_AST_PARENT	
1487	1493	IS_AST_PARENT	
1487	1494	IS_AST_PARENT	
1487	1495	IS_AST_PARENT	
1487	1496	IS_AST_PARENT	
1487	1497	IS_AST_PARENT	
1487	1498	IS_AST_PARENT	
1487	1499	IS_AST_PARENT	
1487	1500	IS_AST_PARENT	
1487	1501	IS_AST_PARENT	
1487	1502	IS_AST_PARENT	
1487	1503	IS_AST_PARENT	
1487	1504	IS_AST_PARENT	
1487	1505	IS_AST_PARENT	
1487	1506	IS_AST_PARENT	
1487	1507	IS_AST_PARENT	
1487	1508	IS_AST_PARENT	
1482	1487	IS_AST_PARENT	
1513	1514	IS_AST_PARENT	
1512	1513	IS_AST_PARENT	
1516	1517	IS_AST_PARENT	
1515	1516	IS_AST_PARENT	
1512	1515	IS_AST_PARENT	
1511	1512	IS_AST_PARENT	
1510	1511	IS_AST_PARENT	
1510	1518	IS_AST_PARENT	
1510	1519	IS_AST_PARENT	
1510	1520	IS_AST_PARENT	
1510	1521	IS_AST_PARENT	
1510	1522	IS_AST_PARENT	
1510	1523	IS_AST_PARENT	
1510	1524	IS_AST_PARENT	
1510	1525	IS_AST_PARENT	
1510	1526	IS_AST_PARENT	
1510	1527	IS_AST_PARENT	
1510	1528	IS_AST_PARENT	
1510	1529	IS_AST_PARENT	
1510	1530	IS_AST_PARENT	
1510	1531	IS_AST_PARENT	
1510	1532	IS_AST_PARENT	
1510	1533	IS_AST_PARENT	
1510	1534	IS_AST_PARENT	
1510	1535	IS_AST_PARENT	
1510	1536	IS_AST_PARENT	
1510	1537	IS_AST_PARENT	
1510	1538	IS_AST_PARENT	
1541	1542	IS_AST_PARENT	
1540	1541	IS_AST_PARENT	
1544	1545	IS_AST_PARENT	
1543	1544	IS_AST_PARENT	
1546	1547	IS_AST_PARENT	
1543	1546	IS_AST_PARENT	
1540	1543	IS_AST_PARENT	
1539	1540	IS_AST_PARENT	
1510	1539	IS_AST_PARENT	
1509	1510	IS_AST_PARENT	
1482	1509	IS_AST_PARENT	
1359	1482	IS_AST_PARENT	
1550	1551	IS_AST_PARENT	
1549	1550	IS_AST_PARENT	
1553	1554	IS_AST_PARENT	
1552	1553	IS_AST_PARENT	
1555	1556	IS_AST_PARENT	
1552	1555	IS_AST_PARENT	
1557	1558	IS_AST_PARENT	
1552	1557	IS_AST_PARENT	
1549	1552	IS_AST_PARENT	
1548	1549	IS_AST_PARENT	
1359	1548	IS_AST_PARENT	
1359	1559	IS_AST_PARENT	
1359	1560	IS_AST_PARENT	
1359	1561	IS_AST_PARENT	
1359	1562	IS_AST_PARENT	
1359	1563	IS_AST_PARENT	
1359	1564	IS_AST_PARENT	
1359	1565	IS_AST_PARENT	
1359	1566	IS_AST_PARENT	
1359	1567	IS_AST_PARENT	
1359	1568	IS_AST_PARENT	
1359	1569	IS_AST_PARENT	
1359	1570	IS_AST_PARENT	
1359	1571	IS_AST_PARENT	
1575	1576	IS_AST_PARENT	
1575	1577	IS_AST_PARENT	
1574	1575	IS_AST_PARENT	
1574	1578	IS_AST_PARENT	
1573	1574	IS_AST_PARENT	
1573	1579	IS_AST_PARENT	
1572	1573	IS_AST_PARENT	
1359	1572	IS_AST_PARENT	
1352	1359	IS_AST_PARENT	
1316	1352	IS_AST_PARENT	
1582	1583	IS_AST_PARENT	
1581	1582	IS_AST_PARENT	
1585	1586	IS_AST_PARENT	
1584	1585	IS_AST_PARENT	
1581	1584	IS_AST_PARENT	
1580	1581	IS_AST_PARENT	
1316	1580	IS_AST_PARENT	
1589	1590	IS_AST_PARENT	
1589	1591	IS_AST_PARENT	
1588	1589	IS_AST_PARENT	
1588	1592	IS_AST_PARENT	
1587	1588	IS_AST_PARENT	
1316	1587	IS_AST_PARENT	
1595	1596	IS_AST_PARENT	
1595	1597	IS_AST_PARENT	
1594	1595	IS_AST_PARENT	
1598	1599	IS_AST_PARENT	
1598	1600	IS_AST_PARENT	
1594	1598	IS_AST_PARENT	
1593	1594	IS_AST_PARENT	
1316	1593	IS_AST_PARENT	
1313	1316	IS_AST_PARENT	
1605	1606	IS_AST_PARENT	
1604	1605	IS_AST_PARENT	
1608	1609	IS_AST_PARENT	
1607	1608	IS_AST_PARENT	
1604	1607	IS_AST_PARENT	
1603	1604	IS_AST_PARENT	
1602	1603	IS_AST_PARENT	
1601	1602	IS_AST_PARENT	
1313	1601	IS_AST_PARENT	
1312	1313	IS_AST_PARENT	
1309	1312	IS_AST_PARENT	
1204	1309	IS_AST_PARENT	
1610	1611	IS_AST_PARENT	
1204	1610	IS_AST_PARENT	
1203	1204	IS_AST_PARENT	
1203	1612	IS_AST_PARENT	
1203	1613	IS_AST_PARENT	
1615	1616	IS_AST_PARENT	
1615	1617	IS_AST_PARENT	
1614	1615	IS_AST_PARENT	
1618	1619	IS_AST_PARENT	
1618	1620	IS_AST_PARENT	
1614	1618	IS_AST_PARENT	
1621	1622	IS_AST_PARENT	
1621	1623	IS_AST_PARENT	
1614	1621	IS_AST_PARENT	
1624	1625	IS_AST_PARENT	
1624	1626	IS_AST_PARENT	
1614	1624	IS_AST_PARENT	
1203	1614	IS_AST_PARENT	
1627	1615	FLOWS_TO	
1615	1618	FLOWS_TO	
1618	1621	FLOWS_TO	
1621	1624	FLOWS_TO	
1624	1205	FLOWS_TO	
1205	1209	FLOWS_TO	
1209	1216	FLOWS_TO	
1241	1216	FLOWS_TO	
1241	1243	FLOWS_TO	
1216	1225	FLOWS_TO	
1216	1240	FLOWS_TO	
1225	1236	FLOWS_TO	
1236	1628	FLOWS_TO	
1240	1241	FLOWS_TO	
1243	1254	FLOWS_TO	
1254	1263	FLOWS_TO	
1254	1268	FLOWS_TO	
1263	1628	FLOWS_TO	
1268	1275	FLOWS_TO	
1268	1282	FLOWS_TO	
1275	1282	FLOWS_TO	
1282	1291	FLOWS_TO	
1291	1298	FLOWS_TO	
1291	1310	FLOWS_TO	
1298	1310	FLOWS_TO	
1310	1314	FLOWS_TO	
1310	1610	FLOWS_TO	
1314	1318	FLOWS_TO	
1314	1603	FLOWS_TO	
1318	1325	FLOWS_TO	
1318	1353	FLOWS_TO	
1325	1336	FLOWS_TO	
1336	1344	FLOWS_TO	
1344	1353	FLOWS_TO	
1353	1360	FLOWS_TO	
1353	1580	FLOWS_TO	
1360	1361	FLOWS_TO	
1361	1362	FLOWS_TO	
1362	1363	FLOWS_TO	
1363	1364	FLOWS_TO	
1364	1373	FLOWS_TO	
1373	1374	FLOWS_TO	
1374	1375	FLOWS_TO	
1375	1381	FLOWS_TO	
1381	1382	FLOWS_TO	
1382	1383	FLOWS_TO	
1383	1389	FLOWS_TO	
1389	1390	FLOWS_TO	
1390	1391	FLOWS_TO	
1391	1397	FLOWS_TO	
1397	1398	FLOWS_TO	
1398	1399	FLOWS_TO	
1399	1400	FLOWS_TO	
1400	1401	FLOWS_TO	
1401	1402	FLOWS_TO	
1402	1403	FLOWS_TO	
1403	1404	FLOWS_TO	
1404	1405	FLOWS_TO	
1405	1406	FLOWS_TO	
1406	1407	FLOWS_TO	
1407	1408	FLOWS_TO	
1408	1409	FLOWS_TO	
1409	1410	FLOWS_TO	
1410	1411	FLOWS_TO	
1411	1412	FLOWS_TO	
1412	1413	FLOWS_TO	
1413	1414	FLOWS_TO	
1414	1415	FLOWS_TO	
1415	1416	FLOWS_TO	
1416	1417	FLOWS_TO	
1417	1418	FLOWS_TO	
1418	1419	FLOWS_TO	
1419	1420	FLOWS_TO	
1420	1421	FLOWS_TO	
1421	1422	FLOWS_TO	
1422	1423	FLOWS_TO	
1423	1424	FLOWS_TO	
1424	1425	FLOWS_TO	
1425	1426	FLOWS_TO	
1426	1427	FLOWS_TO	
1427	1428	FLOWS_TO	
1428	1429	FLOWS_TO	
1429	1430	FLOWS_TO	
1430	1431	FLOWS_TO	
1431	1432	FLOWS_TO	
1432	1433	FLOWS_TO	
1433	1434	FLOWS_TO	
1434	1435	FLOWS_TO	
1435	1436	FLOWS_TO	
1436	1437	FLOWS_TO	
1437	1438	FLOWS_TO	
1438	1439	FLOWS_TO	
1439	1440	FLOWS_TO	
1440	1441	FLOWS_TO	
1441	1442	FLOWS_TO	
1442	1443	FLOWS_TO	
1443	1444	FLOWS_TO	
1444	1446	FLOWS_TO	
1446	1451	FLOWS_TO	
1446	1483	FLOWS_TO	
1451	1452	FLOWS_TO	
1452	1453	FLOWS_TO	
1453	1454	FLOWS_TO	
1454	1455	FLOWS_TO	
1455	1456	FLOWS_TO	
1456	1457	FLOWS_TO	
1457	1458	FLOWS_TO	
1458	1459	FLOWS_TO	
1459	1460	FLOWS_TO	
1460	1461	FLOWS_TO	
1461	1462	FLOWS_TO	
1462	1463	FLOWS_TO	
1463	1464	FLOWS_TO	
1464	1465	FLOWS_TO	
1465	1466	FLOWS_TO	
1466	1467	FLOWS_TO	
1467	1468	FLOWS_TO	
1468	1469	FLOWS_TO	
1469	1470	FLOWS_TO	
1470	1471	FLOWS_TO	
1471	1472	FLOWS_TO	
1472	1473	FLOWS_TO	
1473	1474	FLOWS_TO	
1474	1475	FLOWS_TO	
1475	1476	FLOWS_TO	
1476	1477	FLOWS_TO	
1477	1478	FLOWS_TO	
1478	1479	FLOWS_TO	
1479	1480	FLOWS_TO	
1480	1481	FLOWS_TO	
1481	1483	FLOWS_TO	
1483	1488	FLOWS_TO	
1483	1511	FLOWS_TO	
1488	1489	FLOWS_TO	
1489	1490	FLOWS_TO	
1490	1491	FLOWS_TO	
1491	1492	FLOWS_TO	
1492	1493	FLOWS_TO	
1493	1494	FLOWS_TO	
1494	1495	FLOWS_TO	
1495	1496	FLOWS_TO	
1496	1497	FLOWS_TO	
1497	1498	FLOWS_TO	
1498	1499	FLOWS_TO	
1499	1500	FLOWS_TO	
1500	1501	FLOWS_TO	
1501	1502	FLOWS_TO	
1502	1503	FLOWS_TO	
1503	1504	FLOWS_TO	
1504	1505	FLOWS_TO	
1505	1506	FLOWS_TO	
1506	1507	FLOWS_TO	
1507	1508	FLOWS_TO	
1508	1548	FLOWS_TO	
1511	1518	FLOWS_TO	
1518	1519	FLOWS_TO	
1519	1520	FLOWS_TO	
1520	1521	FLOWS_TO	
1521	1522	FLOWS_TO	
1522	1523	FLOWS_TO	
1523	1524	FLOWS_TO	
1524	1525	FLOWS_TO	
1525	1526	FLOWS_TO	
1526	1527	FLOWS_TO	
1527	1528	FLOWS_TO	
1528	1529	FLOWS_TO	
1529	1530	FLOWS_TO	
1530	1531	FLOWS_TO	
1531	1532	FLOWS_TO	
1532	1533	FLOWS_TO	
1533	1534	FLOWS_TO	
1534	1535	FLOWS_TO	
1535	1536	FLOWS_TO	
1536	1537	FLOWS_TO	
1537	1538	FLOWS_TO	
1538	1539	FLOWS_TO	
1539	1548	FLOWS_TO	
1548	1559	FLOWS_TO	
1559	1560	FLOWS_TO	
1560	1561	FLOWS_TO	
1561	1562	FLOWS_TO	
1562	1563	FLOWS_TO	
1563	1564	FLOWS_TO	
1564	1565	FLOWS_TO	
1565	1566	FLOWS_TO	
1566	1567	FLOWS_TO	
1567	1568	FLOWS_TO	
1568	1569	FLOWS_TO	
1569	1570	FLOWS_TO	
1570	1571	FLOWS_TO	
1571	1572	FLOWS_TO	
1572	1580	FLOWS_TO	
1580	1587	FLOWS_TO	
1587	1593	FLOWS_TO	
1593	1610	FLOWS_TO	
1603	1610	FLOWS_TO	
1610	1628	FLOWS_TO	
1353	1629	USE	
1364	1629	USE	
1369	1629	USE	
1375	1629	USE	
1376	1629	USE	
1383	1629	USE	
1384	1629	USE	
1391	1629	USE	
1392	1629	USE	
1446	1629	USE	
1483	1629	USE	
1587	1629	DEF	
1588	1629	DEF	
1587	1629	USE	
1588	1629	USE	
1593	1629	DEF	
1594	1629	DEF	
1383	1630	DEF	
1384	1630	DEF	
1446	1631	USE	
1282	1632	USE	
1283	1632	USE	
1572	1632	DEF	
1573	1632	DEF	
1383	1633	USE	
1384	1633	USE	
1318	1634	USE	
1344	1634	DEF	
1345	1634	DEF	
1618	1635	DEF	
1254	1635	USE	
1282	1635	USE	
1285	1635	USE	
1318	1635	USE	
1548	1635	USE	
1557	1635	USE	
1572	1635	USE	
1574	1635	USE	
1353	1636	USE	
1624	1637	DEF	
1291	1637	USE	
1314	1637	USE	
1325	1638	USE	
1330	1638	USE	
1336	1638	DEF	
1337	1638	DEF	
1391	1639	DEF	
1392	1639	DEF	
1621	1640	DEF	
1291	1640	USE	
1310	1640	USE	
1375	1641	DEF	
1376	1641	DEF	
1205	1642	DEF	
1206	1642	DEF	
1282	1642	DEF	
1283	1642	DEF	
1353	1642	USE	
1355	1642	USE	
1364	1642	USE	
1370	1642	USE	
1375	1642	USE	
1378	1642	USE	
1383	1642	USE	
1386	1642	USE	
1391	1642	USE	
1394	1642	USE	
1446	1642	USE	
1447	1642	USE	
1483	1642	USE	
1484	1642	USE	
1511	1642	USE	
1516	1642	USE	
1539	1642	USE	
1544	1642	USE	
1548	1642	USE	
1553	1642	USE	
1572	1642	USE	
1573	1642	USE	
1580	1642	USE	
1585	1642	USE	
1587	1642	USE	
1589	1642	USE	
1593	1642	USE	
1595	1642	USE	
1603	1642	USE	
1608	1642	USE	
1610	1642	USE	
1298	1643	USE	
1305	1643	USE	
1375	1644	USE	
1376	1644	USE	
1209	1645	DEF	
1210	1645	DEF	
1243	1645	DEF	
1244	1645	DEF	
1254	1645	USE	
1225	1646	USE	
1232	1646	USE	
1391	1647	USE	
1392	1647	USE	
1587	1648	USE	
1588	1648	USE	
1587	1648	DEF	
1588	1648	DEF	
1483	1649	USE	
1364	1650	USE	
1369	1650	USE	
1268	1651	USE	
1282	1651	USE	
1285	1651	USE	
1572	1651	USE	
1574	1651	USE	
1282	1652	USE	
1283	1652	USE	
1572	1652	DEF	
1573	1652	DEF	
1243	1653	USE	
1244	1653	USE	
1282	1654	USE	
1283	1654	USE	
1572	1654	DEF	
1573	1654	DEF	
1593	1655	DEF	
1594	1655	DEF	
1615	1656	DEF	
1216	1656	USE	
1243	1656	USE	
1247	1656	USE	
1250	1656	USE	
1268	1656	USE	
1271	1656	USE	
1275	1656	USE	
1280	1656	USE	
1282	1656	USE	
1286	1656	USE	
1318	1656	USE	
1321	1656	USE	
1325	1656	USE	
1331	1656	USE	
1336	1656	USE	
1338	1656	USE	
1344	1656	USE	
1346	1656	USE	
1548	1656	USE	
1555	1656	USE	
1572	1656	USE	
1575	1656	USE	
1243	1657	USE	
1244	1657	USE	
1268	1657	USE	
1282	1657	USE	
1285	1657	USE	
1318	1657	USE	
1325	1657	USE	
1330	1657	USE	
1336	1657	DEF	
1337	1657	DEF	
1344	1657	DEF	
1345	1657	DEF	
1572	1657	USE	
1574	1657	USE	
1243	1658	USE	
1244	1658	USE	
1618	1254	REACHES	tile_num
1618	1282	REACHES	tile_num
1618	1318	REACHES	tile_num
1618	1548	REACHES	tile_num
1618	1572	REACHES	tile_num
1624	1291	REACHES	wantwrite
1624	1314	REACHES	wantwrite
1621	1291	REACHES	wantread
1621	1310	REACHES	wantread
1282	1353	REACHES	tile
1282	1364	REACHES	tile
1282	1375	REACHES	tile
1282	1383	REACHES	tile
1282	1580	REACHES	tile
1282	1391	REACHES	tile
1282	1446	REACHES	tile
1282	1593	REACHES	tile
1282	1610	REACHES	tile
1282	1548	REACHES	tile
1282	1483	REACHES	tile
1282	1603	REACHES	tile
1282	1511	REACHES	tile
1282	1587	REACHES	tile
1282	1539	REACHES	tile
1282	1572	REACHES	tile
1243	1254	REACHES	ntiles
1572	1628	REACHES	* tile_num
1615	1275	REACHES	tm
1615	1216	REACHES	tm
1615	1243	REACHES	tm
1615	1268	REACHES	tm
1615	1282	REACHES	tm
1615	1318	REACHES	tm
1615	1572	REACHES	tm
1615	1325	REACHES	tm
1615	1336	REACHES	tm
1615	1344	REACHES	tm
1615	1548	REACHES	tm
1344	1628	REACHES	* tm
1344	1572	REACHES	* tm
1627	1615	CONTROLS	
1627	1618	CONTROLS	
1627	1621	CONTROLS	
1627	1624	CONTROLS	
1627	1205	CONTROLS	
1627	1209	CONTROLS	
1627	1216	CONTROLS	
1241	1216	CONTROLS	
1241	1243	CONTROLS	
1241	1254	CONTROLS	
1216	1225	CONTROLS	
1216	1236	CONTROLS	
1216	1240	CONTROLS	
1216	1241	CONTROLS	
1254	1263	CONTROLS	
1254	1268	CONTROLS	
1254	1282	CONTROLS	
1254	1291	CONTROLS	
1254	1310	CONTROLS	
1254	1610	CONTROLS	
1268	1275	CONTROLS	
1291	1298	CONTROLS	
1310	1314	CONTROLS	
1314	1318	CONTROLS	
1314	1353	CONTROLS	
1314	1580	CONTROLS	
1314	1587	CONTROLS	
1314	1593	CONTROLS	
1314	1603	CONTROLS	
1318	1325	CONTROLS	
1318	1336	CONTROLS	
1318	1344	CONTROLS	
1353	1360	CONTROLS	
1353	1361	CONTROLS	
1353	1362	CONTROLS	
1353	1363	CONTROLS	
1353	1364	CONTROLS	
1353	1373	CONTROLS	
1353	1374	CONTROLS	
1353	1375	CONTROLS	
1353	1381	CONTROLS	
1353	1382	CONTROLS	
1353	1383	CONTROLS	
1353	1389	CONTROLS	
1353	1390	CONTROLS	
1353	1391	CONTROLS	
1353	1397	CONTROLS	
1353	1398	CONTROLS	
1353	1399	CONTROLS	
1353	1400	CONTROLS	
1353	1401	CONTROLS	
1353	1402	CONTROLS	
1353	1403	CONTROLS	
1353	1404	CONTROLS	
1353	1405	CONTROLS	
1353	1406	CONTROLS	
1353	1407	CONTROLS	
1353	1408	CONTROLS	
1353	1409	CONTROLS	
1353	1410	CONTROLS	
1353	1411	CONTROLS	
1353	1412	CONTROLS	
1353	1413	CONTROLS	
1353	1414	CONTROLS	
1353	1415	CONTROLS	
1353	1416	CONTROLS	
1353	1417	CONTROLS	
1353	1418	CONTROLS	
1353	1419	CONTROLS	
1353	1420	CONTROLS	
1353	1421	CONTROLS	
1353	1422	CONTROLS	
1353	1423	CONTROLS	
1353	1424	CONTROLS	
1353	1425	CONTROLS	
1353	1426	CONTROLS	
1353	1427	CONTROLS	
1353	1428	CONTROLS	
1353	1429	CONTROLS	
1353	1430	CONTROLS	
1353	1431	CONTROLS	
1353	1432	CONTROLS	
1353	1433	CONTROLS	
1353	1434	CONTROLS	
1353	1435	CONTROLS	
1353	1436	CONTROLS	
1353	1437	CONTROLS	
1353	1438	CONTROLS	
1353	1439	CONTROLS	
1353	1440	CONTROLS	
1353	1441	CONTROLS	
1353	1442	CONTROLS	
1353	1443	CONTROLS	
1353	1444	CONTROLS	
1353	1446	CONTROLS	
1353	1483	CONTROLS	
1353	1548	CONTROLS	
1353	1559	CONTROLS	
1353	1560	CONTROLS	
1353	1561	CONTROLS	
1353	1562	CONTROLS	
1353	1563	CONTROLS	
1353	1564	CONTROLS	
1353	1565	CONTROLS	
1353	1566	CONTROLS	
1353	1567	CONTROLS	
1353	1568	CONTROLS	
1353	1569	CONTROLS	
1353	1570	CONTROLS	
1353	1571	CONTROLS	
1353	1572	CONTROLS	
1446	1451	CONTROLS	
1446	1452	CONTROLS	
1446	1453	CONTROLS	
1446	1454	CONTROLS	
1446	1455	CONTROLS	
1446	1456	CONTROLS	
1446	1457	CONTROLS	
1446	1458	CONTROLS	
1446	1459	CONTROLS	
1446	1460	CONTROLS	
1446	1461	CONTROLS	
1446	1462	CONTROLS	
1446	1463	CONTROLS	
1446	1464	CONTROLS	
1446	1465	CONTROLS	
1446	1466	CONTROLS	
1446	1467	CONTROLS	
1446	1468	CONTROLS	
1446	1469	CONTROLS	
1446	1470	CONTROLS	
1446	1471	CONTROLS	
1446	1472	CONTROLS	
1446	1473	CONTROLS	
1446	1474	CONTROLS	
1446	1475	CONTROLS	
1446	1476	CONTROLS	
1446	1477	CONTROLS	
1446	1478	CONTROLS	
1446	1479	CONTROLS	
1446	1480	CONTROLS	
1446	1481	CONTROLS	
1483	1488	CONTROLS	
1483	1489	CONTROLS	
1483	1490	CONTROLS	
1483	1491	CONTROLS	
1483	1492	CONTROLS	
1483	1493	CONTROLS	
1483	1494	CONTROLS	
1483	1495	CONTROLS	
1483	1496	CONTROLS	
1483	1497	CONTROLS	
1483	1498	CONTROLS	
1483	1499	CONTROLS	
1483	1500	CONTROLS	
1483	1501	CONTROLS	
1483	1502	CONTROLS	
1483	1503	CONTROLS	
1483	1504	CONTROLS	
1483	1505	CONTROLS	
1483	1506	CONTROLS	
1483	1507	CONTROLS	
1483	1508	CONTROLS	
1483	1511	CONTROLS	
1483	1518	CONTROLS	
1483	1519	CONTROLS	
1483	1520	CONTROLS	
1483	1521	CONTROLS	
1483	1522	CONTROLS	
1483	1523	CONTROLS	
1483	1524	CONTROLS	
1483	1525	CONTROLS	
1483	1526	CONTROLS	
1483	1527	CONTROLS	
1483	1528	CONTROLS	
1483	1529	CONTROLS	
1483	1530	CONTROLS	
1483	1531	CONTROLS	
1483	1532	CONTROLS	
1483	1533	CONTROLS	
1483	1534	CONTROLS	
1483	1535	CONTROLS	
1483	1536	CONTROLS	
1483	1537	CONTROLS	
1483	1538	CONTROLS	
1483	1539	CONTROLS	
1567	1568	DOM	
1216	1225	DOM	
1216	1240	DOM	
1537	1538	DOM	
1518	1519	DOM	
1562	1563	DOM	
1479	1480	DOM	
1361	1362	DOM	
1241	1243	DOM	
1521	1522	DOM	
1456	1457	DOM	
1477	1478	DOM	
1443	1444	DOM	
1413	1414	DOM	
1532	1533	DOM	
1492	1493	DOM	
1254	1263	DOM	
1446	1451	DOM	
1410	1411	DOM	
1501	1502	DOM	
1398	1399	DOM	
1502	1503	DOM	
1498	1499	DOM	
1318	1325	DOM	
1580	1587	DOM	
1381	1382	DOM	
1618	1621	DOM	
1493	1494	DOM	
1559	1560	DOM	
1564	1565	DOM	
1530	1531	DOM	
1291	1310	DOM	
1470	1471	DOM	
1402	1403	DOM	
1627	1615	DOM	
1466	1467	DOM	
1430	1431	DOM	
1446	1483	DOM	
1566	1567	DOM	
1427	1428	DOM	
1627	1627	DOM	
1528	1529	DOM	
1382	1383	DOM	
1391	1397	DOM	
1435	1436	DOM	
1437	1438	DOM	
1407	1408	DOM	
1474	1475	DOM	
1519	1520	DOM	
1310	1314	DOM	
1374	1375	DOM	
1522	1523	DOM	
1409	1410	DOM	
1504	1505	DOM	
1415	1416	DOM	
1460	1461	DOM	
1353	1580	DOM	
1428	1429	DOM	
1480	1481	DOM	
1414	1415	DOM	
1360	1361	DOM	
1569	1570	DOM	
1490	1491	DOM	
1401	1402	DOM	
1434	1435	DOM	
1615	1618	DOM	
1408	1409	DOM	
1472	1473	DOM	
1314	1318	DOM	
1426	1427	DOM	
1454	1455	DOM	
1457	1458	DOM	
1463	1464	DOM	
1483	1548	DOM	
1548	1559	DOM	
1444	1446	DOM	
1399	1400	DOM	
1422	1423	DOM	
1216	1628	DOM	
1291	1298	DOM	
1464	1465	DOM	
1497	1498	DOM	
1538	1539	DOM	
1411	1412	DOM	
1209	1216	DOM	
1499	1500	DOM	
1452	1453	DOM	
1383	1389	DOM	
1362	1363	DOM	
1373	1374	DOM	
1570	1571	DOM	
1525	1526	DOM	
1240	1241	DOM	
1364	1373	DOM	
1529	1530	DOM	
1436	1437	DOM	
1458	1459	DOM	
1459	1460	DOM	
1500	1501	DOM	
1439	1440	DOM	
1505	1506	DOM	
1465	1466	DOM	
1431	1432	DOM	
1494	1495	DOM	
1455	1456	DOM	
1488	1489	DOM	
1534	1535	DOM	
1565	1566	DOM	
1473	1474	DOM	
1418	1419	DOM	
1423	1424	DOM	
1440	1441	DOM	
1417	1418	DOM	
1531	1532	DOM	
1412	1413	DOM	
1441	1442	DOM	
1568	1569	DOM	
1462	1463	DOM	
1282	1291	DOM	
1527	1528	DOM	
1353	1360	DOM	
1424	1425	DOM	
1496	1497	DOM	
1469	1470	DOM	
1478	1479	DOM	
1389	1390	DOM	
1438	1439	DOM	
1225	1236	DOM	
1489	1490	DOM	
1536	1537	DOM	
1390	1391	DOM	
1433	1434	DOM	
1526	1527	DOM	
1205	1209	DOM	
1243	1254	DOM	
1503	1504	DOM	
1483	1511	DOM	
1375	1381	DOM	
1420	1421	DOM	
1511	1518	DOM	
1432	1433	DOM	
1336	1344	DOM	
1416	1417	DOM	
1421	1422	DOM	
1483	1488	DOM	
1523	1524	DOM	
1397	1398	DOM	
1560	1561	DOM	
1571	1572	DOM	
1471	1472	DOM	
1363	1364	DOM	
1453	1454	DOM	
1403	1404	DOM	
1468	1469	DOM	
1318	1353	DOM	
1563	1564	DOM	
1506	1507	DOM	
1268	1282	DOM	
1621	1624	DOM	
1419	1420	DOM	
1475	1476	DOM	
1476	1477	DOM	
1495	1496	DOM	
1561	1562	DOM	
1533	1534	DOM	
1314	1603	DOM	
1268	1275	DOM	
1429	1430	DOM	
1587	1593	DOM	
1507	1508	DOM	
1325	1336	DOM	
1491	1492	DOM	
1310	1610	DOM	
1535	1536	DOM	
1520	1521	DOM	
1442	1443	DOM	
1406	1407	DOM	
1254	1268	DOM	
1425	1426	DOM	
1467	1468	DOM	
1524	1525	DOM	
1400	1401	DOM	
1404	1405	DOM	
1451	1452	DOM	
1405	1406	DOM	
1461	1462	DOM	
1624	1205	DOM	
1569	1568	POST_DOM	
1236	1225	POST_DOM	
1241	1240	POST_DOM	
1539	1538	POST_DOM	
1520	1519	POST_DOM	
1564	1563	POST_DOM	
1481	1480	POST_DOM	
1363	1362	POST_DOM	
1254	1243	POST_DOM	
1523	1522	POST_DOM	
1479	1478	POST_DOM	
1458	1457	POST_DOM	
1446	1444	POST_DOM	
1415	1414	POST_DOM	
1534	1533	POST_DOM	
1494	1493	POST_DOM	
1628	1263	POST_DOM	
1452	1451	POST_DOM	
1503	1502	POST_DOM	
1412	1411	POST_DOM	
1400	1399	POST_DOM	
1504	1503	POST_DOM	
1500	1499	POST_DOM	
1593	1587	POST_DOM	
1336	1325	POST_DOM	
1383	1382	POST_DOM	
1624	1621	POST_DOM	
1495	1494	POST_DOM	
1561	1560	POST_DOM	
1566	1565	POST_DOM	
1532	1531	POST_DOM	
1610	1310	POST_DOM	
1472	1471	POST_DOM	
1404	1403	POST_DOM	
1618	1615	POST_DOM	
1468	1467	POST_DOM	
1432	1431	POST_DOM	
1548	1483	POST_DOM	
1568	1567	POST_DOM	
1429	1428	POST_DOM	
1615	1627	POST_DOM	
1530	1529	POST_DOM	
1439	1438	POST_DOM	
1437	1436	POST_DOM	
1398	1397	POST_DOM	
1389	1383	POST_DOM	
1409	1408	POST_DOM	
1476	1475	POST_DOM	
1521	1520	POST_DOM	
1610	1314	POST_DOM	
1381	1375	POST_DOM	
1524	1523	POST_DOM	
1411	1410	POST_DOM	
1506	1505	POST_DOM	
1417	1416	POST_DOM	
1462	1461	POST_DOM	
1587	1580	POST_DOM	
1430	1429	POST_DOM	
1483	1481	POST_DOM	
1416	1415	POST_DOM	
1571	1570	POST_DOM	
1362	1361	POST_DOM	
1492	1491	POST_DOM	
1436	1435	POST_DOM	
1403	1402	POST_DOM	
1621	1618	POST_DOM	
1410	1409	POST_DOM	
1474	1473	POST_DOM	
1353	1318	POST_DOM	
1428	1427	POST_DOM	
1459	1458	POST_DOM	
1456	1455	POST_DOM	
1560	1559	POST_DOM	
1559	1548	POST_DOM	
1465	1464	POST_DOM	
1483	1446	POST_DOM	
1401	1400	POST_DOM	
1424	1423	POST_DOM	
1628	1628	POST_DOM	
1310	1298	POST_DOM	
1466	1465	POST_DOM	
1499	1498	POST_DOM	
1548	1539	POST_DOM	
1413	1412	POST_DOM	
1628	1216	POST_DOM	
1501	1500	POST_DOM	
1454	1453	POST_DOM	
1390	1389	POST_DOM	
1572	1571	POST_DOM	
1375	1374	POST_DOM	
1364	1363	POST_DOM	
1527	1526	POST_DOM	
1628	1241	POST_DOM	
1374	1373	POST_DOM	
1531	1530	POST_DOM	
1438	1437	POST_DOM	
1460	1459	POST_DOM	
1461	1460	POST_DOM	
1502	1501	POST_DOM	
1507	1506	POST_DOM	
1441	1440	POST_DOM	
1467	1466	POST_DOM	
1496	1495	POST_DOM	
1433	1432	POST_DOM	
1457	1456	POST_DOM	
1490	1489	POST_DOM	
1536	1535	POST_DOM	
1567	1566	POST_DOM	
1475	1474	POST_DOM	
1425	1424	POST_DOM	
1420	1419	POST_DOM	
1442	1441	POST_DOM	
1419	1418	POST_DOM	
1533	1532	POST_DOM	
1414	1413	POST_DOM	
1570	1569	POST_DOM	
1443	1442	POST_DOM	
1464	1463	POST_DOM	
1310	1291	POST_DOM	
1529	1528	POST_DOM	
1361	1360	POST_DOM	
1498	1497	POST_DOM	
1426	1425	POST_DOM	
1480	1479	POST_DOM	
1471	1470	POST_DOM	
1440	1439	POST_DOM	
1391	1390	POST_DOM	
1628	1236	POST_DOM	
1491	1490	POST_DOM	
1538	1537	POST_DOM	
1435	1434	POST_DOM	
1397	1391	POST_DOM	
1528	1527	POST_DOM	
1216	1209	POST_DOM	
1628	1254	POST_DOM	
1505	1504	POST_DOM	
1518	1511	POST_DOM	
1422	1421	POST_DOM	
1382	1381	POST_DOM	
1519	1518	POST_DOM	
1434	1433	POST_DOM	
1353	1344	POST_DOM	
1418	1417	POST_DOM	
1489	1488	POST_DOM	
1423	1422	POST_DOM	
1525	1524	POST_DOM	
1399	1398	POST_DOM	
1580	1572	POST_DOM	
1562	1561	POST_DOM	
1473	1472	POST_DOM	
1373	1364	POST_DOM	
1455	1454	POST_DOM	
1405	1404	POST_DOM	
1470	1469	POST_DOM	
1580	1353	POST_DOM	
1565	1564	POST_DOM	
1508	1507	POST_DOM	
1291	1282	POST_DOM	
1205	1624	POST_DOM	
1421	1420	POST_DOM	
1478	1477	POST_DOM	
1477	1476	POST_DOM	
1563	1562	POST_DOM	
1497	1496	POST_DOM	
1535	1534	POST_DOM	
1610	1603	POST_DOM	
1282	1275	POST_DOM	
1431	1430	POST_DOM	
1610	1593	POST_DOM	
1548	1508	POST_DOM	
1628	1610	POST_DOM	
1344	1336	POST_DOM	
1493	1492	POST_DOM	
1537	1536	POST_DOM	
1522	1521	POST_DOM	
1444	1443	POST_DOM	
1408	1407	POST_DOM	
1282	1268	POST_DOM	
1427	1426	POST_DOM	
1469	1468	POST_DOM	
1526	1525	POST_DOM	
1406	1405	POST_DOM	
1402	1401	POST_DOM	
1453	1452	POST_DOM	
1407	1406	POST_DOM	
1463	1462	POST_DOM	
1209	1205	POST_DOM	
1202	1203	IS_FUNCTION_OF_AST	
1202	1627	IS_FUNCTION_OF_CFG	
1	1202	IS_FILE_OF	
1666	1667	IS_AST_PARENT	
1668	1669	IS_AST_PARENT	
1668	1670	IS_AST_PARENT	
1666	1668	IS_AST_PARENT	
1665	1666	IS_AST_PARENT	
1664	1665	IS_AST_PARENT	
1664	1671	IS_AST_PARENT	
1676	1677	IS_AST_PARENT	
1675	1676	IS_AST_PARENT	
1679	1680	IS_AST_PARENT	
1678	1679	IS_AST_PARENT	
1681	1682	IS_AST_PARENT	
1678	1681	IS_AST_PARENT	
1683	1684	IS_AST_PARENT	
1678	1683	IS_AST_PARENT	
1675	1678	IS_AST_PARENT	
1674	1675	IS_AST_PARENT	
1673	1674	IS_AST_PARENT	
1686	1687	IS_AST_PARENT	
1686	1688	IS_AST_PARENT	
1685	1686	IS_AST_PARENT	
1673	1685	IS_AST_PARENT	
1672	1673	IS_AST_PARENT	
1664	1672	IS_AST_PARENT	
1663	1664	IS_AST_PARENT	
1663	1689	IS_AST_PARENT	
1662	1663	IS_AST_PARENT	
1690	1691	IS_AST_PARENT	
1662	1690	IS_AST_PARENT	
1661	1662	IS_AST_PARENT	
1695	1696	IS_AST_PARENT	
1695	1697	IS_AST_PARENT	
1694	1695	IS_AST_PARENT	
1699	1700	IS_AST_PARENT	
1701	1702	IS_AST_PARENT	
1701	1703	IS_AST_PARENT	
1699	1701	IS_AST_PARENT	
1698	1699	IS_AST_PARENT	
1705	1706	IS_AST_PARENT	
1705	1707	IS_AST_PARENT	
1704	1705	IS_AST_PARENT	
1708	1709	IS_AST_PARENT	
1710	1711	IS_AST_PARENT	
1710	1712	IS_AST_PARENT	
1708	1710	IS_AST_PARENT	
1704	1708	IS_AST_PARENT	
1698	1704	IS_AST_PARENT	
1694	1698	IS_AST_PARENT	
1693	1694	IS_AST_PARENT	
1692	1693	IS_AST_PARENT	
1715	1716	IS_AST_PARENT	
1715	1717	IS_AST_PARENT	
1714	1715	IS_AST_PARENT	
1713	1714	IS_AST_PARENT	
1692	1713	IS_AST_PARENT	
1661	1692	IS_AST_PARENT	
1720	1721	IS_AST_PARENT	
1719	1720	IS_AST_PARENT	
1723	1724	IS_AST_PARENT	
1722	1723	IS_AST_PARENT	
1727	1728	IS_AST_PARENT	
1729	1730	IS_AST_PARENT	
1729	1731	IS_AST_PARENT	
1727	1729	IS_AST_PARENT	
1726	1727	IS_AST_PARENT	
1726	1732	IS_AST_PARENT	
1725	1726	IS_AST_PARENT	
1722	1725	IS_AST_PARENT	
1733	1734	IS_AST_PARENT	
1722	1733	IS_AST_PARENT	
1735	1736	IS_AST_PARENT	
1722	1735	IS_AST_PARENT	
1719	1722	IS_AST_PARENT	
1718	1719	IS_AST_PARENT	
1661	1718	IS_AST_PARENT	
1660	1661	IS_AST_PARENT	
1660	1737	IS_AST_PARENT	
1660	1738	IS_AST_PARENT	
1740	1741	IS_AST_PARENT	
1740	1742	IS_AST_PARENT	
1739	1740	IS_AST_PARENT	
1743	1744	IS_AST_PARENT	
1743	1745	IS_AST_PARENT	
1739	1743	IS_AST_PARENT	
1746	1747	IS_AST_PARENT	
1746	1748	IS_AST_PARENT	
1739	1746	IS_AST_PARENT	
1749	1750	IS_AST_PARENT	
1749	1751	IS_AST_PARENT	
1739	1749	IS_AST_PARENT	
1752	1753	IS_AST_PARENT	
1752	1754	IS_AST_PARENT	
1739	1752	IS_AST_PARENT	
1660	1739	IS_AST_PARENT	
1755	1740	FLOWS_TO	
1740	1743	FLOWS_TO	
1743	1746	FLOWS_TO	
1746	1749	FLOWS_TO	
1749	1752	FLOWS_TO	
1752	1665	FLOWS_TO	
1690	1665	FLOWS_TO	
1690	1693	FLOWS_TO	
1665	1674	FLOWS_TO	
1665	1689	FLOWS_TO	
1674	1685	FLOWS_TO	
1685	1756	FLOWS_TO	
1689	1690	FLOWS_TO	
1693	1714	FLOWS_TO	
1693	1718	FLOWS_TO	
1714	1756	FLOWS_TO	
1718	1756	FLOWS_TO	
1674	1757	USE	
1681	1757	USE	
1718	1758	USE	
1743	1759	DEF	
1693	1759	USE	
1718	1759	USE	
1725	1759	USE	
1749	1760	DEF	
1718	1760	USE	
1733	1760	USE	
1746	1761	DEF	
1693	1761	USE	
1718	1761	USE	
1725	1761	USE	
1740	1762	DEF	
1665	1762	USE	
1693	1762	USE	
1710	1762	USE	
1701	1762	USE	
1718	1762	USE	
1723	1762	USE	
1729	1762	USE	
1752	1763	DEF	
1718	1763	USE	
1735	1763	USE	
1693	1764	USE	
1718	1764	USE	
1725	1764	USE	
1693	1765	USE	
1718	1765	USE	
1725	1765	USE	
1693	1766	USE	
1743	1693	REACHES	tile_col
1743	1718	REACHES	tile_col
1749	1718	REACHES	wantread
1746	1693	REACHES	tile_row
1746	1718	REACHES	tile_row
1740	1665	REACHES	tm
1740	1693	REACHES	tm
1740	1718	REACHES	tm
1752	1718	REACHES	wantwrite
1755	1740	CONTROLS	
1755	1743	CONTROLS	
1755	1746	CONTROLS	
1755	1749	CONTROLS	
1755	1752	CONTROLS	
1755	1665	CONTROLS	
1690	1665	CONTROLS	
1690	1693	CONTROLS	
1665	1674	CONTROLS	
1665	1685	CONTROLS	
1665	1689	CONTROLS	
1665	1690	CONTROLS	
1693	1714	CONTROLS	
1693	1718	CONTROLS	
1693	1714	DOM	
1755	1755	DOM	
1693	1718	DOM	
1690	1693	DOM	
1752	1665	DOM	
1746	1749	DOM	
1665	1674	DOM	
1689	1690	DOM	
1740	1743	DOM	
1743	1746	DOM	
1749	1752	DOM	
1674	1685	DOM	
1665	1689	DOM	
1665	1756	DOM	
1755	1740	DOM	
1756	1714	POST_DOM	
1740	1755	POST_DOM	
1756	1718	POST_DOM	
1756	1693	POST_DOM	
1756	1665	POST_DOM	
1685	1674	POST_DOM	
1752	1749	POST_DOM	
1756	1690	POST_DOM	
1756	1685	POST_DOM	
1665	1752	POST_DOM	
1749	1746	POST_DOM	
1746	1743	POST_DOM	
1690	1689	POST_DOM	
1756	1756	POST_DOM	
1743	1740	POST_DOM	
1659	1660	IS_FUNCTION_OF_AST	
1659	1755	IS_FUNCTION_OF_CFG	
1	1659	IS_FILE_OF	
1774	1775	IS_AST_PARENT	
1776	1777	IS_AST_PARENT	
1776	1778	IS_AST_PARENT	
1774	1776	IS_AST_PARENT	
1773	1774	IS_AST_PARENT	
1772	1773	IS_AST_PARENT	
1772	1779	IS_AST_PARENT	
1784	1785	IS_AST_PARENT	
1783	1784	IS_AST_PARENT	
1787	1788	IS_AST_PARENT	
1786	1787	IS_AST_PARENT	
1789	1790	IS_AST_PARENT	
1786	1789	IS_AST_PARENT	
1791	1792	IS_AST_PARENT	
1786	1791	IS_AST_PARENT	
1783	1786	IS_AST_PARENT	
1782	1783	IS_AST_PARENT	
1781	1782	IS_AST_PARENT	
1781	1793	IS_AST_PARENT	
1780	1781	IS_AST_PARENT	
1772	1780	IS_AST_PARENT	
1771	1772	IS_AST_PARENT	
1771	1794	IS_AST_PARENT	
1770	1771	IS_AST_PARENT	
1795	1796	IS_AST_PARENT	
1770	1795	IS_AST_PARENT	
1769	1770	IS_AST_PARENT	
1801	1802	IS_AST_PARENT	
1803	1804	IS_AST_PARENT	
1803	1805	IS_AST_PARENT	
1801	1803	IS_AST_PARENT	
1800	1801	IS_AST_PARENT	
1799	1800	IS_AST_PARENT	
1799	1806	IS_AST_PARENT	
1811	1812	IS_AST_PARENT	
1810	1811	IS_AST_PARENT	
1814	1815	IS_AST_PARENT	
1813	1814	IS_AST_PARENT	
1816	1817	IS_AST_PARENT	
1813	1816	IS_AST_PARENT	
1818	1819	IS_AST_PARENT	
1813	1818	IS_AST_PARENT	
1810	1813	IS_AST_PARENT	
1809	1810	IS_AST_PARENT	
1808	1809	IS_AST_PARENT	
1808	1820	IS_AST_PARENT	
1807	1808	IS_AST_PARENT	
1799	1807	IS_AST_PARENT	
1798	1799	IS_AST_PARENT	
1798	1821	IS_AST_PARENT	
1797	1798	IS_AST_PARENT	
1822	1823	IS_AST_PARENT	
1797	1822	IS_AST_PARENT	
1769	1797	IS_AST_PARENT	
1826	1827	IS_AST_PARENT	
1826	1828	IS_AST_PARENT	
1825	1826	IS_AST_PARENT	
1829	1830	IS_AST_PARENT	
1829	1831	IS_AST_PARENT	
1825	1829	IS_AST_PARENT	
1824	1825	IS_AST_PARENT	
1769	1824	IS_AST_PARENT	
1834	1835	IS_AST_PARENT	
1834	1836	IS_AST_PARENT	
1833	1834	IS_AST_PARENT	
1832	1833	IS_AST_PARENT	
1841	1842	IS_AST_PARENT	
1843	1844	IS_AST_PARENT	
1843	1845	IS_AST_PARENT	
1841	1843	IS_AST_PARENT	
1840	1841	IS_AST_PARENT	
1839	1840	IS_AST_PARENT	
1847	1848	IS_AST_PARENT	
1846	1847	IS_AST_PARENT	
1849	1850	IS_AST_PARENT	
1846	1849	IS_AST_PARENT	
1852	1853	IS_AST_PARENT	
1852	1854	IS_AST_PARENT	
1851	1852	IS_AST_PARENT	
1846	1851	IS_AST_PARENT	
1839	1846	IS_AST_PARENT	
1838	1839	IS_AST_PARENT	
1837	1838	IS_AST_PARENT	
1832	1837	IS_AST_PARENT	
1859	1860	IS_AST_PARENT	
1858	1859	IS_AST_PARENT	
1863	1864	IS_AST_PARENT	
1863	1865	IS_AST_PARENT	
1862	1863	IS_AST_PARENT	
1861	1862	IS_AST_PARENT	
1866	1867	IS_AST_PARENT	
1861	1866	IS_AST_PARENT	
1870	1871	IS_AST_PARENT	
1869	1870	IS_AST_PARENT	
1873	1874	IS_AST_PARENT	
1872	1873	IS_AST_PARENT	
1869	1872	IS_AST_PARENT	
1868	1869	IS_AST_PARENT	
1861	1868	IS_AST_PARENT	
1858	1861	IS_AST_PARENT	
1857	1858	IS_AST_PARENT	
1856	1857	IS_AST_PARENT	
1855	1856	IS_AST_PARENT	
1832	1855	IS_AST_PARENT	
1769	1832	IS_AST_PARENT	
1768	1769	IS_AST_PARENT	
1768	1875	IS_AST_PARENT	
1768	1876	IS_AST_PARENT	
1878	1879	IS_AST_PARENT	
1878	1880	IS_AST_PARENT	
1877	1878	IS_AST_PARENT	
1881	1882	IS_AST_PARENT	
1881	1883	IS_AST_PARENT	
1877	1881	IS_AST_PARENT	
1768	1877	IS_AST_PARENT	
1884	1878	FLOWS_TO	
1878	1881	FLOWS_TO	
1881	1773	FLOWS_TO	
1795	1773	FLOWS_TO	
1795	1800	FLOWS_TO	
1773	1782	FLOWS_TO	
1773	1794	FLOWS_TO	
1782	1793	FLOWS_TO	
1793	1885	FLOWS_TO	
1794	1795	FLOWS_TO	
1822	1800	FLOWS_TO	
1822	1824	FLOWS_TO	
1800	1809	FLOWS_TO	
1800	1821	FLOWS_TO	
1809	1820	FLOWS_TO	
1820	1885	FLOWS_TO	
1821	1822	FLOWS_TO	
1824	1833	FLOWS_TO	
1833	1838	FLOWS_TO	
1833	1857	FLOWS_TO	
1838	1885	FLOWS_TO	
1857	1885	FLOWS_TO	
1824	1886	DEF	
1825	1886	DEF	
1857	1886	USE	
1862	1886	USE	
1782	1887	USE	
1789	1887	USE	
1809	1887	USE	
1816	1887	USE	
1833	1888	USE	
1838	1888	USE	
1841	1888	USE	
1824	1889	DEF	
1825	1889	DEF	
1857	1890	USE	
1862	1890	USE	
1881	1891	DEF	
1800	1891	USE	
1824	1891	USE	
1826	1891	USE	
1838	1891	USE	
1849	1891	USE	
1857	1891	USE	
1873	1891	USE	
1863	1891	USE	
1878	1892	DEF	
1773	1892	USE	
1833	1892	USE	
1834	1892	USE	
1838	1892	USE	
1843	1892	USE	
1847	1892	USE	
1852	1892	USE	
1838	1893	USE	
1851	1893	USE	
1857	1894	USE	
1868	1894	USE	
1833	1895	USE	
1838	1895	USE	
1841	1895	USE	
1851	1895	USE	
1824	1885	REACHES	* tile
1824	1857	REACHES	* tile
1881	1800	REACHES	tile
1881	1824	REACHES	tile
1881	1838	REACHES	tile
1881	1857	REACHES	tile
1878	1773	REACHES	tm
1878	1833	REACHES	tm
1878	1838	REACHES	tm
1884	1878	CONTROLS	
1884	1881	CONTROLS	
1884	1773	CONTROLS	
1795	1773	CONTROLS	
1795	1800	CONTROLS	
1773	1782	CONTROLS	
1773	1793	CONTROLS	
1773	1794	CONTROLS	
1773	1795	CONTROLS	
1822	1800	CONTROLS	
1822	1824	CONTROLS	
1822	1833	CONTROLS	
1800	1809	CONTROLS	
1800	1820	CONTROLS	
1800	1821	CONTROLS	
1800	1822	CONTROLS	
1833	1838	CONTROLS	
1833	1857	CONTROLS	
1794	1795	DOM	
1800	1821	DOM	
1809	1820	DOM	
1821	1822	DOM	
1773	1782	DOM	
1884	1878	DOM	
1773	1885	DOM	
1881	1773	DOM	
1833	1857	DOM	
1833	1838	DOM	
1878	1881	DOM	
1800	1809	DOM	
1884	1884	DOM	
1782	1793	DOM	
1795	1800	DOM	
1822	1824	DOM	
1773	1794	DOM	
1824	1833	DOM	
1885	1795	POST_DOM	
1822	1821	POST_DOM	
1885	1820	POST_DOM	
1885	1822	POST_DOM	
1793	1782	POST_DOM	
1885	1885	POST_DOM	
1881	1878	POST_DOM	
1885	1773	POST_DOM	
1885	1857	POST_DOM	
1885	1838	POST_DOM	
1773	1881	POST_DOM	
1820	1809	POST_DOM	
1885	1793	POST_DOM	
1878	1884	POST_DOM	
1885	1800	POST_DOM	
1833	1824	POST_DOM	
1795	1794	POST_DOM	
1885	1833	POST_DOM	
1767	1768	IS_FUNCTION_OF_AST	
1767	1884	IS_FUNCTION_OF_CFG	
1	1767	IS_FILE_OF	
1900	1901	IS_AST_PARENT	
1900	1902	IS_AST_PARENT	
1899	1900	IS_AST_PARENT	
1898	1899	IS_AST_PARENT	
1904	1905	IS_AST_PARENT	
1904	1906	IS_AST_PARENT	
1907	1908	IS_AST_PARENT	
1909	1910	IS_AST_PARENT	
1909	1911	IS_AST_PARENT	
1907	1909	IS_AST_PARENT	
1904	1907	IS_AST_PARENT	
1903	1904	IS_AST_PARENT	
1898	1903	IS_AST_PARENT	
1913	1914	IS_AST_PARENT	
1913	1915	IS_AST_PARENT	
1916	1917	IS_AST_PARENT	
1918	1919	IS_AST_PARENT	
1918	1920	IS_AST_PARENT	
1916	1918	IS_AST_PARENT	
1913	1916	IS_AST_PARENT	
1912	1913	IS_AST_PARENT	
1898	1912	IS_AST_PARENT	
1922	1923	IS_AST_PARENT	
1922	1924	IS_AST_PARENT	
1925	1926	IS_AST_PARENT	
1928	1929	IS_AST_PARENT	
1928	1930	IS_AST_PARENT	
1927	1928	IS_AST_PARENT	
1932	1933	IS_AST_PARENT	
1932	1934	IS_AST_PARENT	
1931	1932	IS_AST_PARENT	
1931	1935	IS_AST_PARENT	
1927	1931	IS_AST_PARENT	
1925	1927	IS_AST_PARENT	
1922	1925	IS_AST_PARENT	
1921	1922	IS_AST_PARENT	
1898	1921	IS_AST_PARENT	
1937	1938	IS_AST_PARENT	
1937	1939	IS_AST_PARENT	
1940	1941	IS_AST_PARENT	
1943	1944	IS_AST_PARENT	
1943	1945	IS_AST_PARENT	
1942	1943	IS_AST_PARENT	
1947	1948	IS_AST_PARENT	
1947	1949	IS_AST_PARENT	
1946	1947	IS_AST_PARENT	
1946	1950	IS_AST_PARENT	
1942	1946	IS_AST_PARENT	
1940	1942	IS_AST_PARENT	
1937	1940	IS_AST_PARENT	
1936	1937	IS_AST_PARENT	
1898	1936	IS_AST_PARENT	
1952	1953	IS_AST_PARENT	
1952	1954	IS_AST_PARENT	
1951	1952	IS_AST_PARENT	
1898	1951	IS_AST_PARENT	
1956	1957	IS_AST_PARENT	
1956	1958	IS_AST_PARENT	
1955	1956	IS_AST_PARENT	
1898	1955	IS_AST_PARENT	
1960	1961	IS_AST_PARENT	
1960	1962	IS_AST_PARENT	
1959	1960	IS_AST_PARENT	
1898	1959	IS_AST_PARENT	
1968	1969	IS_AST_PARENT	
1968	1970	IS_AST_PARENT	
1967	1968	IS_AST_PARENT	
1971	1972	IS_AST_PARENT	
1971	1973	IS_AST_PARENT	
1967	1971	IS_AST_PARENT	
1966	1967	IS_AST_PARENT	
1965	1966	IS_AST_PARENT	
1974	1975	IS_AST_PARENT	
1965	1974	IS_AST_PARENT	
1980	1981	IS_AST_PARENT	
1979	1980	IS_AST_PARENT	
1983	1984	IS_AST_PARENT	
1982	1983	IS_AST_PARENT	
1985	1986	IS_AST_PARENT	
1982	1985	IS_AST_PARENT	
1987	1988	IS_AST_PARENT	
1982	1987	IS_AST_PARENT	
1990	1991	IS_AST_PARENT	
1990	1992	IS_AST_PARENT	
1989	1990	IS_AST_PARENT	
1982	1989	IS_AST_PARENT	
1993	1994	IS_AST_PARENT	
1982	1993	IS_AST_PARENT	
1979	1982	IS_AST_PARENT	
1978	1979	IS_AST_PARENT	
1977	1978	IS_AST_PARENT	
1976	1977	IS_AST_PARENT	
1965	1976	IS_AST_PARENT	
1964	1965	IS_AST_PARENT	
1963	1964	IS_AST_PARENT	
1995	1996	IS_AST_PARENT	
1963	1995	IS_AST_PARENT	
1898	1963	IS_AST_PARENT	
1998	1999	IS_AST_PARENT	
2000	2001	IS_AST_PARENT	
2003	2004	IS_AST_PARENT	
2002	2003	IS_AST_PARENT	
2007	2008	IS_AST_PARENT	
2007	2009	IS_AST_PARENT	
2006	2007	IS_AST_PARENT	
2005	2006	IS_AST_PARENT	
2011	2012	IS_AST_PARENT	
2011	2013	IS_AST_PARENT	
2010	2011	IS_AST_PARENT	
2005	2010	IS_AST_PARENT	
2002	2005	IS_AST_PARENT	
2000	2002	IS_AST_PARENT	
1998	2000	IS_AST_PARENT	
1997	1998	IS_AST_PARENT	
1898	1997	IS_AST_PARENT	
2017	2018	IS_AST_PARENT	
2017	2019	IS_AST_PARENT	
2016	2017	IS_AST_PARENT	
2020	2021	IS_AST_PARENT	
2020	2022	IS_AST_PARENT	
2016	2020	IS_AST_PARENT	
2015	2016	IS_AST_PARENT	
2014	2015	IS_AST_PARENT	
2024	2025	IS_AST_PARENT	
2024	2026	IS_AST_PARENT	
2023	2024	IS_AST_PARENT	
2014	2023	IS_AST_PARENT	
2027	2028	IS_AST_PARENT	
2027	2029	IS_AST_PARENT	
2014	2027	IS_AST_PARENT	
2033	2034	IS_AST_PARENT	
2033	2035	IS_AST_PARENT	
2032	2033	IS_AST_PARENT	
2031	2032	IS_AST_PARENT	
2037	2038	IS_AST_PARENT	
2037	2039	IS_AST_PARENT	
2036	2037	IS_AST_PARENT	
2031	2036	IS_AST_PARENT	
2041	2042	IS_AST_PARENT	
2041	2043	IS_AST_PARENT	
2040	2041	IS_AST_PARENT	
2044	2045	IS_AST_PARENT	
2044	2046	IS_AST_PARENT	
2040	2044	IS_AST_PARENT	
2031	2040	IS_AST_PARENT	
2047	2048	IS_AST_PARENT	
2047	2049	IS_AST_PARENT	
2047	2050	IS_AST_PARENT	
2047	2051	IS_AST_PARENT	
2054	2055	IS_AST_PARENT	
2053	2054	IS_AST_PARENT	
2058	2059	IS_AST_PARENT	
2058	2060	IS_AST_PARENT	
2057	2058	IS_AST_PARENT	
2056	2057	IS_AST_PARENT	
2053	2056	IS_AST_PARENT	
2052	2053	IS_AST_PARENT	
2047	2052	IS_AST_PARENT	
2047	2061	IS_AST_PARENT	
2047	2062	IS_AST_PARENT	
2047	2063	IS_AST_PARENT	
2047	2064	IS_AST_PARENT	
2047	2065	IS_AST_PARENT	
2047	2066	IS_AST_PARENT	
2047	2067	IS_AST_PARENT	
2047	2068	IS_AST_PARENT	
2047	2069	IS_AST_PARENT	
2072	2073	IS_AST_PARENT	
2074	2075	IS_AST_PARENT	
2074	2076	IS_AST_PARENT	
2072	2074	IS_AST_PARENT	
2071	2072	IS_AST_PARENT	
2070	2071	IS_AST_PARENT	
2077	2078	IS_AST_PARENT	
2077	2079	IS_AST_PARENT	
2081	2082	IS_AST_PARENT	
2081	2083	IS_AST_PARENT	
2080	2081	IS_AST_PARENT	
2077	2080	IS_AST_PARENT	
2070	2077	IS_AST_PARENT	
2047	2070	IS_AST_PARENT	
2086	2087	IS_AST_PARENT	
2088	2089	IS_AST_PARENT	
2088	2090	IS_AST_PARENT	
2086	2088	IS_AST_PARENT	
2085	2086	IS_AST_PARENT	
2084	2085	IS_AST_PARENT	
2091	2092	IS_AST_PARENT	
2091	2093	IS_AST_PARENT	
2095	2096	IS_AST_PARENT	
2095	2097	IS_AST_PARENT	
2094	2095	IS_AST_PARENT	
2091	2094	IS_AST_PARENT	
2084	2091	IS_AST_PARENT	
2047	2084	IS_AST_PARENT	
2047	2098	IS_AST_PARENT	
2047	2099	IS_AST_PARENT	
2047	2100	IS_AST_PARENT	
2047	2101	IS_AST_PARENT	
2047	2102	IS_AST_PARENT	
2047	2103	IS_AST_PARENT	
2047	2104	IS_AST_PARENT	
2047	2105	IS_AST_PARENT	
2047	2106	IS_AST_PARENT	
2047	2107	IS_AST_PARENT	
2047	2108	IS_AST_PARENT	
2047	2109	IS_AST_PARENT	
2047	2110	IS_AST_PARENT	
2047	2111	IS_AST_PARENT	
2047	2112	IS_AST_PARENT	
2047	2113	IS_AST_PARENT	
2047	2114	IS_AST_PARENT	
2047	2115	IS_AST_PARENT	
2047	2116	IS_AST_PARENT	
2047	2117	IS_AST_PARENT	
2047	2118	IS_AST_PARENT	
2047	2119	IS_AST_PARENT	
2047	2120	IS_AST_PARENT	
2047	2121	IS_AST_PARENT	
2047	2122	IS_AST_PARENT	
2047	2123	IS_AST_PARENT	
2047	2124	IS_AST_PARENT	
2047	2125	IS_AST_PARENT	
2047	2126	IS_AST_PARENT	
2031	2047	IS_AST_PARENT	
2030	2031	IS_AST_PARENT	
2014	2030	IS_AST_PARENT	
1898	2014	IS_AST_PARENT	
2129	2130	IS_AST_PARENT	
2129	2131	IS_AST_PARENT	
2128	2129	IS_AST_PARENT	
2128	2132	IS_AST_PARENT	
2127	2128	IS_AST_PARENT	
1898	2127	IS_AST_PARENT	
1897	1898	IS_AST_PARENT	
1897	2133	IS_AST_PARENT	
1897	2134	IS_AST_PARENT	
2136	2137	IS_AST_PARENT	
2136	2138	IS_AST_PARENT	
2135	2136	IS_AST_PARENT	
1897	2135	IS_AST_PARENT	
2139	2136	FLOWS_TO	
2136	1899	FLOWS_TO	
1899	1903	FLOWS_TO	
1903	1912	FLOWS_TO	
1912	1921	FLOWS_TO	
1921	1936	FLOWS_TO	
1936	1951	FLOWS_TO	
1951	1955	FLOWS_TO	
1955	1959	FLOWS_TO	
1959	1966	FLOWS_TO	
1995	1966	FLOWS_TO	
1995	1997	FLOWS_TO	
1966	1975	FLOWS_TO	
1966	1978	FLOWS_TO	
1975	1995	FLOWS_TO	
1978	1995	FLOWS_TO	
1997	2015	FLOWS_TO	
2023	2032	FLOWS_TO	
2023	2127	FLOWS_TO	
2015	2023	FLOWS_TO	
2027	2023	FLOWS_TO	
2036	2048	FLOWS_TO	
2036	2027	FLOWS_TO	
2032	2036	FLOWS_TO	
2040	2036	FLOWS_TO	
2048	2049	FLOWS_TO	
2049	2050	FLOWS_TO	
2050	2051	FLOWS_TO	
2051	2052	FLOWS_TO	
2052	2061	FLOWS_TO	
2061	2062	FLOWS_TO	
2062	2063	FLOWS_TO	
2063	2064	FLOWS_TO	
2064	2065	FLOWS_TO	
2065	2066	FLOWS_TO	
2066	2067	FLOWS_TO	
2067	2068	FLOWS_TO	
2068	2069	FLOWS_TO	
2069	2071	FLOWS_TO	
2071	2078	FLOWS_TO	
2071	2085	FLOWS_TO	
2078	2079	FLOWS_TO	
2079	2080	FLOWS_TO	
2080	2085	FLOWS_TO	
2085	2092	FLOWS_TO	
2085	2098	FLOWS_TO	
2092	2093	FLOWS_TO	
2093	2094	FLOWS_TO	
2094	2098	FLOWS_TO	
2098	2099	FLOWS_TO	
2099	2100	FLOWS_TO	
2100	2101	FLOWS_TO	
2101	2102	FLOWS_TO	
2102	2103	FLOWS_TO	
2103	2104	FLOWS_TO	
2104	2105	FLOWS_TO	
2105	2106	FLOWS_TO	
2106	2107	FLOWS_TO	
2107	2108	FLOWS_TO	
2108	2109	FLOWS_TO	
2109	2110	FLOWS_TO	
2110	2111	FLOWS_TO	
2111	2112	FLOWS_TO	
2112	2113	FLOWS_TO	
2113	2114	FLOWS_TO	
2114	2115	FLOWS_TO	
2115	2116	FLOWS_TO	
2116	2117	FLOWS_TO	
2117	2118	FLOWS_TO	
2118	2119	FLOWS_TO	
2119	2120	FLOWS_TO	
2120	2121	FLOWS_TO	
2121	2122	FLOWS_TO	
2122	2123	FLOWS_TO	
2123	2124	FLOWS_TO	
2124	2125	FLOWS_TO	
2125	2126	FLOWS_TO	
2126	2040	FLOWS_TO	
2127	2140	FLOWS_TO	
2094	2141	DEF	
2095	2141	DEF	
1903	2142	DEF	
1907	2142	DEF	
1904	2142	DEF	
1936	2142	USE	
1940	2142	USE	
1997	2142	USE	
2006	2142	USE	
2023	2142	USE	
2085	2142	USE	
1966	2143	USE	
2127	2143	DEF	
2128	2143	DEF	
1951	2144	DEF	
1952	2144	DEF	
2023	2144	USE	
2015	2144	DEF	
2017	2144	DEF	
2027	2144	DEF	
2027	2144	USE	
2085	2144	USE	
1955	2145	DEF	
1956	2145	DEF	
2036	2145	USE	
2032	2145	DEF	
2033	2145	DEF	
2040	2145	DEF	
2041	2145	DEF	
2040	2145	USE	
2041	2145	USE	
2071	2145	USE	
1959	2146	DEF	
1960	2146	DEF	
2015	2146	DEF	
2020	2146	DEF	
2040	2146	USE	
2044	2146	USE	
2040	2146	DEF	
2044	2146	DEF	
1912	2147	USE	
1916	2147	USE	
1997	2148	USE	
1998	2148	USE	
1899	2149	DEF	
1900	2149	DEF	
1997	2149	DEF	
1998	2149	DEF	
2127	2149	USE	
2128	2149	USE	
1936	2150	USE	
1940	2150	USE	
1936	2151	DEF	
1937	2151	DEF	
1940	2151	DEF	
2094	2151	USE	
2095	2151	USE	
1978	2152	USE	
1989	2152	USE	
2080	2153	DEF	
2081	2153	DEF	
2052	2154	USE	
2057	2154	USE	
2136	2155	DEF	
1903	2155	USE	
1909	2155	USE	
1912	2155	USE	
1918	2155	USE	
1921	2155	USE	
1928	2155	USE	
1936	2155	USE	
1943	2155	USE	
1966	2155	USE	
1968	2155	USE	
2052	2155	USE	
2058	2155	USE	
2127	2155	USE	
2129	2155	USE	
1921	2156	USE	
1925	2156	USE	
1921	2157	DEF	
1925	2157	DEF	
1922	2157	DEF	
2080	2157	USE	
2081	2157	USE	
1903	2158	USE	
1907	2158	USE	
1912	2158	USE	
1916	2158	USE	
1921	2158	USE	
1925	2158	USE	
1936	2158	USE	
1940	2158	USE	
1966	2158	USE	
2052	2158	USE	
2057	2158	USE	
2127	2158	DEF	
2128	2158	DEF	
1903	2159	USE	
1907	2159	USE	
1912	2160	DEF	
1913	2160	DEF	
1916	2160	DEF	
1921	2160	USE	
1925	2160	USE	
1997	2160	USE	
2006	2160	USE	
2036	2160	USE	
2071	2160	USE	
1903	1936	REACHES	nrows
1903	1997	REACHES	nrows
1903	2023	REACHES	nrows
1903	2085	REACHES	nrows
1997	2127	REACHES	tiles
1912	1921	REACHES	ncols
1912	1997	REACHES	ncols
1912	2036	REACHES	ncols
1912	2071	REACHES	ncols
2027	2023	REACHES	i
2015	2023	REACHES	i
2027	2027	REACHES	i
2015	2027	REACHES	i
2027	2085	REACHES	i
2015	2085	REACHES	i
2032	2036	REACHES	j
2040	2036	REACHES	j
2032	2040	REACHES	j
2040	2040	REACHES	j
2032	2071	REACHES	j
2040	2071	REACHES	j
2015	2040	REACHES	k
2040	2040	REACHES	k
1936	2094	REACHES	bottom_tile
2136	1903	REACHES	tm
2136	1912	REACHES	tm
2136	1921	REACHES	tm
2136	1936	REACHES	tm
2136	1966	REACHES	tm
2136	2052	REACHES	tm
2136	2127	REACHES	tm
1921	2080	REACHES	right_tile
2127	2140	REACHES	* tm
2139	2136	CONTROLS	
2139	1899	CONTROLS	
2139	1903	CONTROLS	
2139	1912	CONTROLS	
2139	1921	CONTROLS	
2139	1936	CONTROLS	
2139	1951	CONTROLS	
2139	1955	CONTROLS	
2139	1959	CONTROLS	
2139	1966	CONTROLS	
2139	1995	CONTROLS	
2139	1997	CONTROLS	
2139	2015	CONTROLS	
2139	2023	CONTROLS	
2139	2127	CONTROLS	
1995	1966	CONTROLS	
1966	1975	CONTROLS	
1966	1978	CONTROLS	
2023	2032	CONTROLS	
2023	2036	CONTROLS	
2023	2027	CONTROLS	
2036	2048	CONTROLS	
2036	2049	CONTROLS	
2036	2050	CONTROLS	
2036	2051	CONTROLS	
2036	2052	CONTROLS	
2036	2061	CONTROLS	
2036	2062	CONTROLS	
2036	2063	CONTROLS	
2036	2064	CONTROLS	
2036	2065	CONTROLS	
2036	2066	CONTROLS	
2036	2067	CONTROLS	
2036	2068	CONTROLS	
2036	2069	CONTROLS	
2036	2071	CONTROLS	
2036	2085	CONTROLS	
2036	2098	CONTROLS	
2036	2099	CONTROLS	
2036	2100	CONTROLS	
2036	2101	CONTROLS	
2036	2102	CONTROLS	
2036	2103	CONTROLS	
2036	2104	CONTROLS	
2036	2105	CONTROLS	
2036	2106	CONTROLS	
2036	2107	CONTROLS	
2036	2108	CONTROLS	
2036	2109	CONTROLS	
2036	2110	CONTROLS	
2036	2111	CONTROLS	
2036	2112	CONTROLS	
2036	2113	CONTROLS	
2036	2114	CONTROLS	
2036	2115	CONTROLS	
2036	2116	CONTROLS	
2036	2117	CONTROLS	
2036	2118	CONTROLS	
2036	2119	CONTROLS	
2036	2120	CONTROLS	
2036	2121	CONTROLS	
2036	2122	CONTROLS	
2036	2123	CONTROLS	
2036	2124	CONTROLS	
2036	2125	CONTROLS	
2036	2126	CONTROLS	
2036	2040	CONTROLS	
2071	2078	CONTROLS	
2071	2079	CONTROLS	
2071	2080	CONTROLS	
2085	2092	CONTROLS	
2085	2093	CONTROLS	
2085	2094	CONTROLS	
2036	2048	DOM	
2106	2107	DOM	
2126	2040	DOM	
2113	2114	DOM	
2101	2102	DOM	
2119	2120	DOM	
2098	2099	DOM	
1912	1921	DOM	
2109	2110	DOM	
2061	2062	DOM	
2105	2106	DOM	
2099	2100	DOM	
1951	1955	DOM	
2062	2063	DOM	
2064	2065	DOM	
2123	2124	DOM	
2111	2112	DOM	
2116	2117	DOM	
2023	2127	DOM	
1995	1997	DOM	
1955	1959	DOM	
2115	2116	DOM	
2093	2094	DOM	
1997	2015	DOM	
2079	2080	DOM	
1936	1951	DOM	
2110	2111	DOM	
2036	2027	DOM	
1966	1995	DOM	
2069	2071	DOM	
2085	2098	DOM	
2122	2123	DOM	
2023	2032	DOM	
2102	2103	DOM	
2107	2108	DOM	
2063	2064	DOM	
2124	2125	DOM	
2015	2023	DOM	
2050	2051	DOM	
2067	2068	DOM	
1966	1975	DOM	
2051	2052	DOM	
2032	2036	DOM	
2100	2101	DOM	
2066	2067	DOM	
1959	1966	DOM	
1966	1978	DOM	
2103	2104	DOM	
2112	2113	DOM	
2078	2079	DOM	
2071	2078	DOM	
2121	2122	DOM	
2085	2092	DOM	
1903	1912	DOM	
2068	2069	DOM	
2114	2115	DOM	
2139	2139	DOM	
2049	2050	DOM	
2065	2066	DOM	
2092	2093	DOM	
2120	2121	DOM	
1899	1903	DOM	
2052	2061	DOM	
2071	2085	DOM	
1921	1936	DOM	
2127	2140	DOM	
2104	2105	DOM	
2125	2126	DOM	
2118	2119	DOM	
2139	2136	DOM	
2108	2109	DOM	
2117	2118	DOM	
2048	2049	DOM	
2136	1899	DOM	
2049	2048	POST_DOM	
2108	2107	POST_DOM	
2036	2040	POST_DOM	
2115	2114	POST_DOM	
2121	2120	POST_DOM	
2103	2102	POST_DOM	
2100	2099	POST_DOM	
1936	1921	POST_DOM	
2111	2110	POST_DOM	
2063	2062	POST_DOM	
2107	2106	POST_DOM	
2101	2100	POST_DOM	
1959	1955	POST_DOM	
2064	2063	POST_DOM	
2066	2065	POST_DOM	
2125	2124	POST_DOM	
2140	2127	POST_DOM	
2118	2117	POST_DOM	
2113	2112	POST_DOM	
2015	1997	POST_DOM	
1966	1959	POST_DOM	
2117	2116	POST_DOM	
2098	2094	POST_DOM	
2023	2015	POST_DOM	
2085	2080	POST_DOM	
1955	1951	POST_DOM	
2112	2111	POST_DOM	
2023	2027	POST_DOM	
1997	1995	POST_DOM	
2085	2071	POST_DOM	
2124	2123	POST_DOM	
2099	2098	POST_DOM	
2036	2032	POST_DOM	
2104	2103	POST_DOM	
2109	2108	POST_DOM	
2065	2064	POST_DOM	
2126	2125	POST_DOM	
2127	2023	POST_DOM	
2069	2068	POST_DOM	
2052	2051	POST_DOM	
1995	1975	POST_DOM	
2061	2052	POST_DOM	
2027	2036	POST_DOM	
2102	2101	POST_DOM	
2068	2067	POST_DOM	
1995	1966	POST_DOM	
1995	1978	POST_DOM	
2114	2113	POST_DOM	
2105	2104	POST_DOM	
2080	2079	POST_DOM	
2079	2078	POST_DOM	
2123	2122	POST_DOM	
2093	2092	POST_DOM	
1921	1912	POST_DOM	
2116	2115	POST_DOM	
2071	2069	POST_DOM	
2136	2139	POST_DOM	
2051	2050	POST_DOM	
2067	2066	POST_DOM	
2094	2093	POST_DOM	
2122	2121	POST_DOM	
1912	1903	POST_DOM	
2098	2085	POST_DOM	
2062	2061	POST_DOM	
1951	1936	POST_DOM	
2140	2140	POST_DOM	
2106	2105	POST_DOM	
2040	2126	POST_DOM	
2120	2119	POST_DOM	
1899	2136	POST_DOM	
2119	2118	POST_DOM	
2110	2109	POST_DOM	
2050	2049	POST_DOM	
1903	1899	POST_DOM	
1896	1897	IS_FUNCTION_OF_AST	
1896	2139	IS_FUNCTION_OF_CFG	
1	1896	IS_FILE_OF	
2165	2166	IS_AST_PARENT	
2165	2167	IS_AST_PARENT	
2168	2169	IS_AST_PARENT	
2171	2172	IS_AST_PARENT	
2171	2173	IS_AST_PARENT	
2170	2171	IS_AST_PARENT	
2170	2174	IS_AST_PARENT	
2168	2170	IS_AST_PARENT	
2165	2168	IS_AST_PARENT	
2164	2165	IS_AST_PARENT	
2163	2164	IS_AST_PARENT	
2177	2178	IS_AST_PARENT	
2179	2180	IS_AST_PARENT	
2179	2181	IS_AST_PARENT	
2177	2179	IS_AST_PARENT	
2176	2177	IS_AST_PARENT	
2175	2176	IS_AST_PARENT	
2182	2183	IS_AST_PARENT	
2175	2182	IS_AST_PARENT	
2163	2175	IS_AST_PARENT	
2186	2187	IS_AST_PARENT	
2188	2189	IS_AST_PARENT	
2188	2190	IS_AST_PARENT	
2186	2188	IS_AST_PARENT	
2185	2186	IS_AST_PARENT	
2184	2185	IS_AST_PARENT	
2194	2195	IS_AST_PARENT	
2193	2194	IS_AST_PARENT	
2198	2199	IS_AST_PARENT	
2198	2200	IS_AST_PARENT	
2197	2198	IS_AST_PARENT	
2196	2197	IS_AST_PARENT	
2201	2202	IS_AST_PARENT	
2196	2201	IS_AST_PARENT	
2193	2196	IS_AST_PARENT	
2192	2193	IS_AST_PARENT	
2191	2192	IS_AST_PARENT	
2205	2206	IS_AST_PARENT	
2205	2207	IS_AST_PARENT	
2204	2205	IS_AST_PARENT	
2208	2209	IS_AST_PARENT	
2208	2210	IS_AST_PARENT	
2204	2208	IS_AST_PARENT	
2203	2204	IS_AST_PARENT	
2191	2203	IS_AST_PARENT	
2213	2214	IS_AST_PARENT	
2213	2215	IS_AST_PARENT	
2212	2213	IS_AST_PARENT	
2216	2217	IS_AST_PARENT	
2216	2218	IS_AST_PARENT	
2212	2216	IS_AST_PARENT	
2211	2212	IS_AST_PARENT	
2191	2211	IS_AST_PARENT	
2184	2191	IS_AST_PARENT	
2163	2184	IS_AST_PARENT	
2221	2222	IS_AST_PARENT	
2221	2223	IS_AST_PARENT	
2220	2221	IS_AST_PARENT	
2219	2220	IS_AST_PARENT	
2227	2228	IS_AST_PARENT	
2226	2227	IS_AST_PARENT	
2230	2231	IS_AST_PARENT	
2229	2230	IS_AST_PARENT	
2226	2229	IS_AST_PARENT	
2225	2226	IS_AST_PARENT	
2224	2225	IS_AST_PARENT	
2219	2224	IS_AST_PARENT	
2163	2219	IS_AST_PARENT	
2235	2236	IS_AST_PARENT	
2235	2237	IS_AST_PARENT	
2234	2235	IS_AST_PARENT	
2234	2238	IS_AST_PARENT	
2233	2234	IS_AST_PARENT	
2232	2233	IS_AST_PARENT	
2239	2240	IS_AST_PARENT	
2239	2241	IS_AST_PARENT	
2239	2242	IS_AST_PARENT	
2239	2243	IS_AST_PARENT	
2246	2247	IS_AST_PARENT	
2245	2246	IS_AST_PARENT	
2250	2251	IS_AST_PARENT	
2250	2252	IS_AST_PARENT	
2249	2250	IS_AST_PARENT	
2248	2249	IS_AST_PARENT	
2245	2248	IS_AST_PARENT	
2244	2245	IS_AST_PARENT	
2239	2244	IS_AST_PARENT	
2239	2253	IS_AST_PARENT	
2239	2254	IS_AST_PARENT	
2256	2257	IS_AST_PARENT	
2258	2259	IS_AST_PARENT	
2258	2260	IS_AST_PARENT	
2256	2258	IS_AST_PARENT	
2255	2256	IS_AST_PARENT	
2239	2255	IS_AST_PARENT	
2239	2261	IS_AST_PARENT	
2239	2262	IS_AST_PARENT	
2264	2265	IS_AST_PARENT	
2266	2267	IS_AST_PARENT	
2266	2268	IS_AST_PARENT	
2264	2266	IS_AST_PARENT	
2263	2264	IS_AST_PARENT	
2239	2263	IS_AST_PARENT	
2239	2269	IS_AST_PARENT	
2239	2270	IS_AST_PARENT	
2272	2273	IS_AST_PARENT	
2274	2275	IS_AST_PARENT	
2274	2276	IS_AST_PARENT	
2272	2274	IS_AST_PARENT	
2271	2272	IS_AST_PARENT	
2239	2271	IS_AST_PARENT	
2279	2280	IS_AST_PARENT	
2278	2279	IS_AST_PARENT	
2282	2283	IS_AST_PARENT	
2281	2282	IS_AST_PARENT	
2284	2285	IS_AST_PARENT	
2281	2284	IS_AST_PARENT	
2286	2287	IS_AST_PARENT	
2281	2286	IS_AST_PARENT	
2278	2281	IS_AST_PARENT	
2277	2278	IS_AST_PARENT	
2239	2277	IS_AST_PARENT	
2239	2288	IS_AST_PARENT	
2239	2289	IS_AST_PARENT	
2239	2290	IS_AST_PARENT	
2239	2291	IS_AST_PARENT	
2239	2292	IS_AST_PARENT	
2239	2293	IS_AST_PARENT	
2239	2294	IS_AST_PARENT	
2239	2295	IS_AST_PARENT	
2239	2296	IS_AST_PARENT	
2239	2297	IS_AST_PARENT	
2239	2298	IS_AST_PARENT	
2239	2299	IS_AST_PARENT	
2239	2300	IS_AST_PARENT	
2304	2305	IS_AST_PARENT	
2304	2306	IS_AST_PARENT	
2303	2304	IS_AST_PARENT	
2303	2307	IS_AST_PARENT	
2302	2303	IS_AST_PARENT	
2302	2308	IS_AST_PARENT	
2301	2302	IS_AST_PARENT	
2239	2301	IS_AST_PARENT	
2232	2239	IS_AST_PARENT	
2163	2232	IS_AST_PARENT	
2311	2312	IS_AST_PARENT	
2311	2313	IS_AST_PARENT	
2310	2311	IS_AST_PARENT	
2310	2314	IS_AST_PARENT	
2309	2310	IS_AST_PARENT	
2163	2309	IS_AST_PARENT	
2317	2318	IS_AST_PARENT	
2317	2319	IS_AST_PARENT	
2316	2317	IS_AST_PARENT	
2315	2316	IS_AST_PARENT	
2323	2324	IS_AST_PARENT	
2322	2323	IS_AST_PARENT	
2327	2328	IS_AST_PARENT	
2327	2329	IS_AST_PARENT	
2326	2327	IS_AST_PARENT	
2325	2326	IS_AST_PARENT	
2322	2325	IS_AST_PARENT	
2321	2322	IS_AST_PARENT	
2320	2321	IS_AST_PARENT	
2332	2333	IS_AST_PARENT	
2332	2334	IS_AST_PARENT	
2331	2332	IS_AST_PARENT	
2335	2336	IS_AST_PARENT	
2335	2337	IS_AST_PARENT	
2331	2335	IS_AST_PARENT	
2330	2331	IS_AST_PARENT	
2320	2330	IS_AST_PARENT	
2315	2320	IS_AST_PARENT	
2163	2315	IS_AST_PARENT	
2341	2342	IS_AST_PARENT	
2341	2343	IS_AST_PARENT	
2340	2341	IS_AST_PARENT	
2344	2345	IS_AST_PARENT	
2344	2346	IS_AST_PARENT	
2340	2344	IS_AST_PARENT	
2339	2340	IS_AST_PARENT	
2338	2339	IS_AST_PARENT	
2350	2351	IS_AST_PARENT	
2349	2350	IS_AST_PARENT	
2353	2354	IS_AST_PARENT	
2352	2353	IS_AST_PARENT	
2349	2352	IS_AST_PARENT	
2348	2349	IS_AST_PARENT	
2347	2348	IS_AST_PARENT	
2338	2347	IS_AST_PARENT	
2163	2338	IS_AST_PARENT	
2162	2163	IS_AST_PARENT	
2162	2355	IS_AST_PARENT	
2162	2356	IS_AST_PARENT	
2358	2359	IS_AST_PARENT	
2358	2360	IS_AST_PARENT	
2357	2358	IS_AST_PARENT	
2361	2362	IS_AST_PARENT	
2361	2363	IS_AST_PARENT	
2357	2361	IS_AST_PARENT	
2162	2357	IS_AST_PARENT	
2364	2358	FLOWS_TO	
2358	2361	FLOWS_TO	
2361	2164	FLOWS_TO	
2164	2176	FLOWS_TO	
2176	2183	FLOWS_TO	
2176	2185	FLOWS_TO	
2183	2365	FLOWS_TO	
2185	2192	FLOWS_TO	
2185	2220	FLOWS_TO	
2192	2203	FLOWS_TO	
2203	2211	FLOWS_TO	
2211	2220	FLOWS_TO	
2220	2225	FLOWS_TO	
2220	2233	FLOWS_TO	
2225	2233	FLOWS_TO	
2233	2240	FLOWS_TO	
2233	2309	FLOWS_TO	
2240	2241	FLOWS_TO	
2241	2242	FLOWS_TO	
2242	2243	FLOWS_TO	
2243	2244	FLOWS_TO	
2244	2253	FLOWS_TO	
2253	2254	FLOWS_TO	
2254	2255	FLOWS_TO	
2255	2261	FLOWS_TO	
2261	2262	FLOWS_TO	
2262	2263	FLOWS_TO	
2263	2269	FLOWS_TO	
2269	2270	FLOWS_TO	
2270	2271	FLOWS_TO	
2271	2277	FLOWS_TO	
2277	2288	FLOWS_TO	
2288	2289	FLOWS_TO	
2289	2290	FLOWS_TO	
2290	2291	FLOWS_TO	
2291	2292	FLOWS_TO	
2292	2293	FLOWS_TO	
2293	2294	FLOWS_TO	
2294	2295	FLOWS_TO	
2295	2296	FLOWS_TO	
2296	2297	FLOWS_TO	
2297	2298	FLOWS_TO	
2298	2299	FLOWS_TO	
2299	2300	FLOWS_TO	
2300	2301	FLOWS_TO	
2301	2309	FLOWS_TO	
2309	2316	FLOWS_TO	
2316	2321	FLOWS_TO	
2316	2339	FLOWS_TO	
2321	2330	FLOWS_TO	
2330	2339	FLOWS_TO	
2339	2348	FLOWS_TO	
2339	2365	FLOWS_TO	
2348	2365	FLOWS_TO	
2176	2366	USE	
2220	2366	USE	
2233	2366	USE	
2244	2366	USE	
2249	2366	USE	
2255	2366	USE	
2256	2366	USE	
2263	2366	USE	
2264	2366	USE	
2271	2366	USE	
2272	2366	USE	
2309	2366	DEF	
2310	2366	DEF	
2316	2366	USE	
2321	2366	USE	
2326	2366	USE	
2330	2366	DEF	
2331	2366	DEF	
2339	2366	USE	
2263	2367	DEF	
2264	2367	DEF	
2176	2368	USE	
2309	2368	DEF	
2310	2368	DEF	
2316	2369	USE	
2321	2369	USE	
2326	2369	USE	
2330	2369	DEF	
2331	2369	DEF	
2244	2370	USE	
2249	2370	USE	
2164	2371	USE	
2168	2371	USE	
2301	2371	DEF	
2302	2371	DEF	
2164	2372	USE	
2170	2372	USE	
2301	2372	USE	
2303	2372	USE	
2164	2373	USE	
2168	2373	USE	
2301	2373	DEF	
2302	2373	DEF	
2263	2374	USE	
2264	2374	USE	
2185	2375	USE	
2211	2375	DEF	
2212	2375	DEF	
2361	2376	DEF	
2164	2376	USE	
2170	2376	USE	
2185	2376	USE	
2277	2376	USE	
2286	2376	USE	
2301	2376	USE	
2303	2376	USE	
2233	2377	USE	
2192	2378	USE	
2197	2378	USE	
2203	2378	DEF	
2204	2378	DEF	
2339	2379	USE	
2164	2380	USE	
2168	2380	USE	
2301	2380	DEF	
2302	2380	DEF	
2271	2381	DEF	
2272	2381	DEF	
2271	2382	USE	
2272	2382	USE	
2255	2383	DEF	
2256	2383	DEF	
2164	2384	DEF	
2168	2384	DEF	
2165	2384	DEF	
2176	2384	USE	
2179	2384	USE	
2220	2384	USE	
2221	2384	USE	
2225	2384	USE	
2230	2384	USE	
2233	2384	USE	
2235	2384	USE	
2244	2384	USE	
2250	2384	USE	
2255	2384	USE	
2258	2384	USE	
2263	2384	USE	
2266	2384	USE	
2271	2384	USE	
2274	2384	USE	
2277	2384	USE	
2282	2384	USE	
2301	2384	USE	
2302	2384	USE	
2309	2384	USE	
2311	2384	USE	
2316	2384	USE	
2317	2384	USE	
2321	2384	USE	
2327	2384	USE	
2330	2384	USE	
2332	2384	USE	
2339	2384	USE	
2341	2384	USE	
2348	2384	USE	
2353	2384	USE	
2255	2385	USE	
2256	2385	USE	
2358	2386	DEF	
2164	2386	USE	
2171	2386	USE	
2185	2386	USE	
2188	2386	USE	
2192	2386	USE	
2198	2386	USE	
2203	2386	USE	
2205	2386	USE	
2211	2386	USE	
2213	2386	USE	
2277	2386	USE	
2284	2386	USE	
2301	2386	USE	
2304	2386	USE	
2220	2387	USE	
2164	2388	USE	
2170	2388	USE	
2185	2388	USE	
2192	2388	USE	
2197	2388	USE	
2203	2388	DEF	
2204	2388	DEF	
2211	2388	DEF	
2212	2388	DEF	
2301	2388	USE	
2303	2388	USE	
2309	2316	REACHES	* tile
2309	2321	REACHES	* tile
2330	2339	REACHES	* tile
2309	2339	REACHES	* tile
2361	2164	REACHES	tile_num
2361	2185	REACHES	tile_num
2361	2277	REACHES	tile_num
2361	2301	REACHES	tile_num
2164	2233	REACHES	tile
2164	2176	REACHES	tile
2164	2330	REACHES	tile
2164	2339	REACHES	tile
2164	2220	REACHES	tile
2164	2309	REACHES	tile
2164	2225	REACHES	tile
2164	2244	REACHES	tile
2164	2321	REACHES	tile
2164	2255	REACHES	tile
2164	2263	REACHES	tile
2164	2271	REACHES	tile
2164	2348	REACHES	tile
2164	2277	REACHES	tile
2164	2301	REACHES	tile
2164	2316	REACHES	tile
2301	2365	REACHES	* tile_num
2358	2164	REACHES	tm
2358	2185	REACHES	tm
2358	2192	REACHES	tm
2358	2203	REACHES	tm
2358	2211	REACHES	tm
2358	2277	REACHES	tm
2358	2301	REACHES	tm
2211	2365	REACHES	* tm
2211	2301	REACHES	* tm
2364	2358	CONTROLS	
2364	2361	CONTROLS	
2364	2164	CONTROLS	
2364	2176	CONTROLS	
2176	2183	CONTROLS	
2176	2185	CONTROLS	
2176	2220	CONTROLS	
2176	2233	CONTROLS	
2176	2309	CONTROLS	
2176	2316	CONTROLS	
2176	2339	CONTROLS	
2185	2192	CONTROLS	
2185	2203	CONTROLS	
2185	2211	CONTROLS	
2220	2225	CONTROLS	
2233	2240	CONTROLS	
2233	2241	CONTROLS	
2233	2242	CONTROLS	
2233	2243	CONTROLS	
2233	2244	CONTROLS	
2233	2253	CONTROLS	
2233	2254	CONTROLS	
2233	2255	CONTROLS	
2233	2261	CONTROLS	
2233	2262	CONTROLS	
2233	2263	CONTROLS	
2233	2269	CONTROLS	
2233	2270	CONTROLS	
2233	2271	CONTROLS	
2233	2277	CONTROLS	
2233	2288	CONTROLS	
2233	2289	CONTROLS	
2233	2290	CONTROLS	
2233	2291	CONTROLS	
2233	2292	CONTROLS	
2233	2293	CONTROLS	
2233	2294	CONTROLS	
2233	2295	CONTROLS	
2233	2296	CONTROLS	
2233	2297	CONTROLS	
2233	2298	CONTROLS	
2233	2299	CONTROLS	
2233	2300	CONTROLS	
2233	2301	CONTROLS	
2316	2321	CONTROLS	
2316	2330	CONTROLS	
2339	2348	CONTROLS	
2263	2269	DOM	
2309	2316	DOM	
2339	2348	DOM	
2185	2220	DOM	
2244	2253	DOM	
2220	2233	DOM	
2255	2261	DOM	
2321	2330	DOM	
2220	2225	DOM	
2262	2263	DOM	
2295	2296	DOM	
2364	2364	DOM	
2293	2294	DOM	
2289	2290	DOM	
2364	2358	DOM	
2290	2291	DOM	
2296	2297	DOM	
2299	2300	DOM	
2192	2203	DOM	
2176	2185	DOM	
2253	2254	DOM	
2203	2211	DOM	
2298	2299	DOM	
2270	2271	DOM	
2271	2277	DOM	
2277	2288	DOM	
2294	2295	DOM	
2291	2292	DOM	
2185	2192	DOM	
2233	2309	DOM	
2269	2270	DOM	
2164	2176	DOM	
2316	2339	DOM	
2316	2321	DOM	
2176	2183	DOM	
2261	2262	DOM	
2297	2298	DOM	
2361	2164	DOM	
2243	2244	DOM	
2292	2293	DOM	
2254	2255	DOM	
2233	2240	DOM	
2358	2361	DOM	
2241	2242	DOM	
2242	2243	DOM	
2300	2301	DOM	
2288	2289	DOM	
2176	2365	DOM	
2240	2241	DOM	
2270	2269	POST_DOM	
2339	2316	POST_DOM	
2365	2348	POST_DOM	
2233	2220	POST_DOM	
2254	2253	POST_DOM	
2309	2233	POST_DOM	
2262	2261	POST_DOM	
2339	2330	POST_DOM	
2233	2225	POST_DOM	
2269	2263	POST_DOM	
2297	2296	POST_DOM	
2358	2364	POST_DOM	
2295	2294	POST_DOM	
2291	2290	POST_DOM	
2361	2358	POST_DOM	
2292	2291	POST_DOM	
2298	2297	POST_DOM	
2301	2300	POST_DOM	
2211	2203	POST_DOM	
2220	2185	POST_DOM	
2255	2254	POST_DOM	
2220	2211	POST_DOM	
2300	2299	POST_DOM	
2277	2271	POST_DOM	
2288	2277	POST_DOM	
2289	2288	POST_DOM	
2296	2295	POST_DOM	
2293	2292	POST_DOM	
2203	2192	POST_DOM	
2316	2309	POST_DOM	
2271	2270	POST_DOM	
2365	2176	POST_DOM	
2365	2339	POST_DOM	
2330	2321	POST_DOM	
2365	2183	POST_DOM	
2263	2262	POST_DOM	
2299	2298	POST_DOM	
2176	2164	POST_DOM	
2253	2244	POST_DOM	
2294	2293	POST_DOM	
2261	2255	POST_DOM	
2241	2240	POST_DOM	
2164	2361	POST_DOM	
2243	2242	POST_DOM	
2309	2301	POST_DOM	
2244	2243	POST_DOM	
2290	2289	POST_DOM	
2365	2365	POST_DOM	
2242	2241	POST_DOM	
2161	2162	IS_FUNCTION_OF_AST	
2161	2364	IS_FUNCTION_OF_CFG	
1	2161	IS_FILE_OF	
2393	2394	IS_AST_PARENT	
2393	2395	IS_AST_PARENT	
2396	2397	IS_AST_PARENT	
2399	2400	IS_AST_PARENT	
2398	2399	IS_AST_PARENT	
2402	2403	IS_AST_PARENT	
2401	2402	IS_AST_PARENT	
2404	2405	IS_AST_PARENT	
2401	2404	IS_AST_PARENT	
2406	2407	IS_AST_PARENT	
2401	2406	IS_AST_PARENT	
2398	2401	IS_AST_PARENT	
2396	2398	IS_AST_PARENT	
2393	2396	IS_AST_PARENT	
2392	2393	IS_AST_PARENT	
2391	2392	IS_AST_PARENT	
2410	2411	IS_AST_PARENT	
2410	2412	IS_AST_PARENT	
2409	2410	IS_AST_PARENT	
2408	2409	IS_AST_PARENT	
2413	2414	IS_AST_PARENT	
2408	2413	IS_AST_PARENT	
2391	2408	IS_AST_PARENT	
2417	2418	IS_AST_PARENT	
2416	2417	IS_AST_PARENT	
2420	2421	IS_AST_PARENT	
2419	2420	IS_AST_PARENT	
2422	2423	IS_AST_PARENT	
2419	2422	IS_AST_PARENT	
2416	2419	IS_AST_PARENT	
2415	2416	IS_AST_PARENT	
2391	2415	IS_AST_PARENT	
2390	2391	IS_AST_PARENT	
2390	2424	IS_AST_PARENT	
2390	2425	IS_AST_PARENT	
2427	2428	IS_AST_PARENT	
2427	2429	IS_AST_PARENT	
2426	2427	IS_AST_PARENT	
2430	2431	IS_AST_PARENT	
2430	2432	IS_AST_PARENT	
2426	2430	IS_AST_PARENT	
2433	2434	IS_AST_PARENT	
2433	2435	IS_AST_PARENT	
2426	2433	IS_AST_PARENT	
2390	2426	IS_AST_PARENT	
2436	2427	FLOWS_TO	
2427	2430	FLOWS_TO	
2430	2433	FLOWS_TO	
2433	2392	FLOWS_TO	
2392	2409	FLOWS_TO	
2409	2414	FLOWS_TO	
2409	2415	FLOWS_TO	
2414	2437	FLOWS_TO	
2415	2437	FLOWS_TO	
2392	2438	DEF	
2393	2438	DEF	
2396	2438	DEF	
2409	2438	USE	
2415	2438	USE	
2422	2438	USE	
2427	2439	DEF	
2392	2439	USE	
2402	2439	USE	
2415	2439	USE	
2420	2439	USE	
2433	2440	DEF	
2392	2440	USE	
2406	2440	USE	
2392	2441	USE	
2396	2441	USE	
2430	2442	DEF	
2392	2442	USE	
2404	2442	USE	
2392	2409	REACHES	num
2392	2415	REACHES	num
2427	2392	REACHES	tm
2427	2415	REACHES	tm
2433	2392	REACHES	ypixel
2430	2392	REACHES	xpixel
2436	2427	CONTROLS	
2436	2430	CONTROLS	
2436	2433	CONTROLS	
2436	2392	CONTROLS	
2436	2409	CONTROLS	
2409	2414	CONTROLS	
2409	2415	CONTROLS	
2409	2415	DOM	
2436	2436	DOM	
2409	2437	DOM	
2436	2427	DOM	
2430	2433	DOM	
2392	2409	DOM	
2409	2414	DOM	
2427	2430	DOM	
2433	2392	DOM	
2437	2415	POST_DOM	
2437	2437	POST_DOM	
2427	2436	POST_DOM	
2430	2427	POST_DOM	
2437	2414	POST_DOM	
2437	2409	POST_DOM	
2392	2433	POST_DOM	
2433	2430	POST_DOM	
2409	2392	POST_DOM	
2389	2390	IS_FUNCTION_OF_AST	
2389	2436	IS_FUNCTION_OF_CFG	
1	2389	IS_FILE_OF	
2450	2451	IS_AST_PARENT	
2452	2453	IS_AST_PARENT	
2452	2454	IS_AST_PARENT	
2450	2452	IS_AST_PARENT	
2449	2450	IS_AST_PARENT	
2448	2449	IS_AST_PARENT	
2448	2455	IS_AST_PARENT	
2460	2461	IS_AST_PARENT	
2459	2460	IS_AST_PARENT	
2463	2464	IS_AST_PARENT	
2462	2463	IS_AST_PARENT	
2465	2466	IS_AST_PARENT	
2462	2465	IS_AST_PARENT	
2467	2468	IS_AST_PARENT	
2462	2467	IS_AST_PARENT	
2459	2462	IS_AST_PARENT	
2458	2459	IS_AST_PARENT	
2457	2458	IS_AST_PARENT	
2457	2469	IS_AST_PARENT	
2456	2457	IS_AST_PARENT	
2448	2456	IS_AST_PARENT	
2447	2448	IS_AST_PARENT	
2447	2470	IS_AST_PARENT	
2446	2447	IS_AST_PARENT	
2471	2472	IS_AST_PARENT	
2446	2471	IS_AST_PARENT	
2445	2446	IS_AST_PARENT	
2477	2478	IS_AST_PARENT	
2479	2480	IS_AST_PARENT	
2479	2481	IS_AST_PARENT	
2477	2479	IS_AST_PARENT	
2476	2477	IS_AST_PARENT	
2475	2476	IS_AST_PARENT	
2475	2482	IS_AST_PARENT	
2487	2488	IS_AST_PARENT	
2486	2487	IS_AST_PARENT	
2490	2491	IS_AST_PARENT	
2489	2490	IS_AST_PARENT	
2492	2493	IS_AST_PARENT	
2489	2492	IS_AST_PARENT	
2494	2495	IS_AST_PARENT	
2489	2494	IS_AST_PARENT	
2486	2489	IS_AST_PARENT	
2485	2486	IS_AST_PARENT	
2484	2485	IS_AST_PARENT	
2484	2496	IS_AST_PARENT	
2483	2484	IS_AST_PARENT	
2475	2483	IS_AST_PARENT	
2474	2475	IS_AST_PARENT	
2474	2497	IS_AST_PARENT	
2473	2474	IS_AST_PARENT	
2498	2499	IS_AST_PARENT	
2473	2498	IS_AST_PARENT	
2445	2473	IS_AST_PARENT	
2502	2503	IS_AST_PARENT	
2501	2502	IS_AST_PARENT	
2505	2506	IS_AST_PARENT	
2504	2505	IS_AST_PARENT	
2509	2510	IS_AST_PARENT	
2508	2509	IS_AST_PARENT	
2512	2513	IS_AST_PARENT	
2511	2512	IS_AST_PARENT	
2514	2515	IS_AST_PARENT	
2511	2514	IS_AST_PARENT	
2516	2517	IS_AST_PARENT	
2511	2516	IS_AST_PARENT	
2508	2511	IS_AST_PARENT	
2507	2508	IS_AST_PARENT	
2504	2507	IS_AST_PARENT	
2518	2519	IS_AST_PARENT	
2504	2518	IS_AST_PARENT	
2501	2504	IS_AST_PARENT	
2500	2501	IS_AST_PARENT	
2445	2500	IS_AST_PARENT	
2444	2445	IS_AST_PARENT	
2444	2520	IS_AST_PARENT	
2444	2521	IS_AST_PARENT	
2523	2524	IS_AST_PARENT	
2523	2525	IS_AST_PARENT	
2522	2523	IS_AST_PARENT	
2526	2527	IS_AST_PARENT	
2526	2528	IS_AST_PARENT	
2522	2526	IS_AST_PARENT	
2529	2530	IS_AST_PARENT	
2529	2531	IS_AST_PARENT	
2522	2529	IS_AST_PARENT	
2532	2533	IS_AST_PARENT	
2532	2534	IS_AST_PARENT	
2522	2532	IS_AST_PARENT	
2444	2522	IS_AST_PARENT	
2535	2523	FLOWS_TO	
2523	2526	FLOWS_TO	
2526	2529	FLOWS_TO	
2529	2532	FLOWS_TO	
2532	2449	FLOWS_TO	
2471	2449	FLOWS_TO	
2471	2476	FLOWS_TO	
2449	2458	FLOWS_TO	
2449	2470	FLOWS_TO	
2458	2469	FLOWS_TO	
2469	2536	FLOWS_TO	
2470	2471	FLOWS_TO	
2498	2476	FLOWS_TO	
2498	2500	FLOWS_TO	
2476	2485	FLOWS_TO	
2476	2497	FLOWS_TO	
2485	2496	FLOWS_TO	
2496	2536	FLOWS_TO	
2497	2498	FLOWS_TO	
2500	2536	FLOWS_TO	
2458	2537	USE	
2465	2537	USE	
2485	2537	USE	
2492	2537	USE	
2523	2538	DEF	
2449	2538	USE	
2500	2538	USE	
2505	2538	USE	
2512	2538	USE	
2529	2539	DEF	
2500	2539	USE	
2516	2539	USE	
2532	2540	DEF	
2476	2540	USE	
2500	2540	USE	
2518	2540	USE	
2500	2541	USE	
2507	2541	USE	
2526	2542	DEF	
2500	2542	USE	
2514	2542	USE	
2523	2449	REACHES	tm
2523	2500	REACHES	tm
2529	2500	REACHES	ypixel
2532	2476	REACHES	srctile
2532	2500	REACHES	srctile
2526	2500	REACHES	xpixel
2535	2523	CONTROLS	
2535	2526	CONTROLS	
2535	2529	CONTROLS	
2535	2532	CONTROLS	
2535	2449	CONTROLS	
2471	2449	CONTROLS	
2471	2476	CONTROLS	
2449	2458	CONTROLS	
2449	2469	CONTROLS	
2449	2470	CONTROLS	
2449	2471	CONTROLS	
2498	2476	CONTROLS	
2498	2500	CONTROLS	
2476	2485	CONTROLS	
2476	2496	CONTROLS	
2476	2497	CONTROLS	
2476	2498	CONTROLS	
2526	2529	DOM	
2485	2496	DOM	
2497	2498	DOM	
2449	2470	DOM	
2476	2497	DOM	
2535	2535	DOM	
2449	2458	DOM	
2535	2523	DOM	
2532	2449	DOM	
2529	2532	DOM	
2471	2476	DOM	
2498	2500	DOM	
2476	2485	DOM	
2449	2536	DOM	
2523	2526	DOM	
2458	2469	DOM	
2470	2471	DOM	
2532	2529	POST_DOM	
2536	2496	POST_DOM	
2536	2498	POST_DOM	
2471	2470	POST_DOM	
2498	2497	POST_DOM	
2523	2535	POST_DOM	
2469	2458	POST_DOM	
2526	2523	POST_DOM	
2536	2449	POST_DOM	
2449	2532	POST_DOM	
2536	2476	POST_DOM	
2536	2500	POST_DOM	
2496	2485	POST_DOM	
2536	2536	POST_DOM	
2529	2526	POST_DOM	
2536	2469	POST_DOM	
2536	2471	POST_DOM	
2443	2444	IS_FUNCTION_OF_AST	
2443	2535	IS_FUNCTION_OF_CFG	
1	2443	IS_FILE_OF	
2547	2548	IS_AST_PARENT	
2547	2549	IS_AST_PARENT	
2546	2547	IS_AST_PARENT	
2545	2546	IS_AST_PARENT	
2554	2555	IS_AST_PARENT	
2556	2557	IS_AST_PARENT	
2556	2558	IS_AST_PARENT	
2554	2556	IS_AST_PARENT	
2553	2554	IS_AST_PARENT	
2552	2553	IS_AST_PARENT	
2552	2559	IS_AST_PARENT	
2564	2565	IS_AST_PARENT	
2563	2564	IS_AST_PARENT	
2567	2568	IS_AST_PARENT	
2566	2567	IS_AST_PARENT	
2569	2570	IS_AST_PARENT	
2566	2569	IS_AST_PARENT	
2571	2572	IS_AST_PARENT	
2566	2571	IS_AST_PARENT	
2563	2566	IS_AST_PARENT	
2562	2563	IS_AST_PARENT	
2561	2562	IS_AST_PARENT	
2561	2573	IS_AST_PARENT	
2560	2561	IS_AST_PARENT	
2552	2560	IS_AST_PARENT	
2551	2552	IS_AST_PARENT	
2551	2574	IS_AST_PARENT	
2550	2551	IS_AST_PARENT	
2575	2576	IS_AST_PARENT	
2550	2575	IS_AST_PARENT	
2545	2550	IS_AST_PARENT	
2581	2582	IS_AST_PARENT	
2583	2584	IS_AST_PARENT	
2583	2585	IS_AST_PARENT	
2581	2583	IS_AST_PARENT	
2580	2581	IS_AST_PARENT	
2579	2580	IS_AST_PARENT	
2579	2586	IS_AST_PARENT	
2591	2592	IS_AST_PARENT	
2590	2591	IS_AST_PARENT	
2594	2595	IS_AST_PARENT	
2593	2594	IS_AST_PARENT	
2596	2597	IS_AST_PARENT	
2593	2596	IS_AST_PARENT	
2598	2599	IS_AST_PARENT	
2593	2598	IS_AST_PARENT	
2590	2593	IS_AST_PARENT	
2589	2590	IS_AST_PARENT	
2588	2589	IS_AST_PARENT	
2588	2600	IS_AST_PARENT	
2587	2588	IS_AST_PARENT	
2579	2587	IS_AST_PARENT	
2578	2579	IS_AST_PARENT	
2578	2601	IS_AST_PARENT	
2577	2578	IS_AST_PARENT	
2602	2603	IS_AST_PARENT	
2577	2602	IS_AST_PARENT	
2545	2577	IS_AST_PARENT	
2608	2609	IS_AST_PARENT	
2608	2610	IS_AST_PARENT	
2607	2608	IS_AST_PARENT	
2606	2607	IS_AST_PARENT	
2606	2611	IS_AST_PARENT	
2616	2617	IS_AST_PARENT	
2615	2616	IS_AST_PARENT	
2619	2620	IS_AST_PARENT	
2618	2619	IS_AST_PARENT	
2621	2622	IS_AST_PARENT	
2618	2621	IS_AST_PARENT	
2623	2624	IS_AST_PARENT	
2618	2623	IS_AST_PARENT	
2615	2618	IS_AST_PARENT	
2614	2615	IS_AST_PARENT	
2613	2614	IS_AST_PARENT	
2613	2625	IS_AST_PARENT	
2612	2613	IS_AST_PARENT	
2606	2612	IS_AST_PARENT	
2605	2606	IS_AST_PARENT	
2605	2626	IS_AST_PARENT	
2604	2605	IS_AST_PARENT	
2627	2628	IS_AST_PARENT	
2604	2627	IS_AST_PARENT	
2545	2604	IS_AST_PARENT	
2633	2634	IS_AST_PARENT	
2636	2637	IS_AST_PARENT	
2636	2638	IS_AST_PARENT	
2635	2636	IS_AST_PARENT	
2639	2640	IS_AST_PARENT	
2639	2641	IS_AST_PARENT	
2635	2639	IS_AST_PARENT	
2633	2635	IS_AST_PARENT	
2632	2633	IS_AST_PARENT	
2631	2632	IS_AST_PARENT	
2631	2642	IS_AST_PARENT	
2647	2648	IS_AST_PARENT	
2646	2647	IS_AST_PARENT	
2650	2651	IS_AST_PARENT	
2649	2650	IS_AST_PARENT	
2652	2653	IS_AST_PARENT	
2649	2652	IS_AST_PARENT	
2654	2655	IS_AST_PARENT	
2649	2654	IS_AST_PARENT	
2646	2649	IS_AST_PARENT	
2645	2646	IS_AST_PARENT	
2644	2645	IS_AST_PARENT	
2644	2656	IS_AST_PARENT	
2643	2644	IS_AST_PARENT	
2631	2643	IS_AST_PARENT	
2630	2631	IS_AST_PARENT	
2630	2657	IS_AST_PARENT	
2629	2630	IS_AST_PARENT	
2658	2659	IS_AST_PARENT	
2629	2658	IS_AST_PARENT	
2545	2629	IS_AST_PARENT	
2662	2663	IS_AST_PARENT	
2664	2665	IS_AST_PARENT	
2664	2666	IS_AST_PARENT	
2662	2664	IS_AST_PARENT	
2661	2662	IS_AST_PARENT	
2660	2661	IS_AST_PARENT	
2670	2671	IS_AST_PARENT	
2669	2670	IS_AST_PARENT	
2673	2674	IS_AST_PARENT	
2672	2673	IS_AST_PARENT	
2675	2676	IS_AST_PARENT	
2672	2675	IS_AST_PARENT	
2677	2678	IS_AST_PARENT	
2672	2677	IS_AST_PARENT	
2679	2680	IS_AST_PARENT	
2672	2679	IS_AST_PARENT	
2669	2672	IS_AST_PARENT	
2668	2669	IS_AST_PARENT	
2667	2668	IS_AST_PARENT	
2683	2684	IS_AST_PARENT	
2682	2683	IS_AST_PARENT	
2686	2687	IS_AST_PARENT	
2685	2686	IS_AST_PARENT	
2682	2685	IS_AST_PARENT	
2681	2682	IS_AST_PARENT	
2667	2681	IS_AST_PARENT	
2660	2667	IS_AST_PARENT	
2545	2660	IS_AST_PARENT	
2689	2690	IS_AST_PARENT	
2692	2693	IS_AST_PARENT	
2692	2694	IS_AST_PARENT	
2691	2692	IS_AST_PARENT	
2691	2695	IS_AST_PARENT	
2689	2691	IS_AST_PARENT	
2688	2689	IS_AST_PARENT	
2545	2688	IS_AST_PARENT	
2698	2699	IS_AST_PARENT	
2700	2701	IS_AST_PARENT	
2700	2702	IS_AST_PARENT	
2698	2700	IS_AST_PARENT	
2697	2698	IS_AST_PARENT	
2696	2697	IS_AST_PARENT	
2706	2707	IS_AST_PARENT	
2705	2706	IS_AST_PARENT	
2709	2710	IS_AST_PARENT	
2708	2709	IS_AST_PARENT	
2711	2712	IS_AST_PARENT	
2708	2711	IS_AST_PARENT	
2713	2714	IS_AST_PARENT	
2708	2713	IS_AST_PARENT	
2715	2716	IS_AST_PARENT	
2708	2715	IS_AST_PARENT	
2705	2708	IS_AST_PARENT	
2704	2705	IS_AST_PARENT	
2703	2704	IS_AST_PARENT	
2696	2703	IS_AST_PARENT	
2545	2696	IS_AST_PARENT	
2721	2722	IS_AST_PARENT	
2721	2723	IS_AST_PARENT	
2720	2721	IS_AST_PARENT	
2724	2725	IS_AST_PARENT	
2724	2726	IS_AST_PARENT	
2720	2724	IS_AST_PARENT	
2719	2720	IS_AST_PARENT	
2729	2730	IS_AST_PARENT	
2729	2731	IS_AST_PARENT	
2728	2729	IS_AST_PARENT	
2732	2733	IS_AST_PARENT	
2732	2734	IS_AST_PARENT	
2728	2732	IS_AST_PARENT	
2727	2728	IS_AST_PARENT	
2736	2737	IS_AST_PARENT	
2736	2738	IS_AST_PARENT	
2735	2736	IS_AST_PARENT	
2739	2740	IS_AST_PARENT	
2739	2741	IS_AST_PARENT	
2735	2739	IS_AST_PARENT	
2727	2735	IS_AST_PARENT	
2719	2727	IS_AST_PARENT	
2718	2719	IS_AST_PARENT	
2717	2718	IS_AST_PARENT	
2745	2746	IS_AST_PARENT	
2744	2745	IS_AST_PARENT	
2748	2749	IS_AST_PARENT	
2747	2748	IS_AST_PARENT	
2750	2751	IS_AST_PARENT	
2747	2750	IS_AST_PARENT	
2752	2753	IS_AST_PARENT	
2747	2752	IS_AST_PARENT	
2754	2755	IS_AST_PARENT	
2747	2754	IS_AST_PARENT	
2756	2757	IS_AST_PARENT	
2747	2756	IS_AST_PARENT	
2758	2759	IS_AST_PARENT	
2747	2758	IS_AST_PARENT	
2744	2747	IS_AST_PARENT	
2743	2744	IS_AST_PARENT	
2742	2743	IS_AST_PARENT	
2717	2742	IS_AST_PARENT	
2545	2717	IS_AST_PARENT	
2762	2763	IS_AST_PARENT	
2761	2762	IS_AST_PARENT	
2765	2766	IS_AST_PARENT	
2764	2765	IS_AST_PARENT	
2767	2768	IS_AST_PARENT	
2764	2767	IS_AST_PARENT	
2769	2770	IS_AST_PARENT	
2764	2769	IS_AST_PARENT	
2761	2764	IS_AST_PARENT	
2760	2761	IS_AST_PARENT	
2545	2760	IS_AST_PARENT	
2773	2774	IS_AST_PARENT	
2772	2773	IS_AST_PARENT	
2776	2777	IS_AST_PARENT	
2775	2776	IS_AST_PARENT	
2778	2779	IS_AST_PARENT	
2775	2778	IS_AST_PARENT	
2780	2781	IS_AST_PARENT	
2775	2780	IS_AST_PARENT	
2772	2775	IS_AST_PARENT	
2771	2772	IS_AST_PARENT	
2545	2771	IS_AST_PARENT	
2785	2786	IS_AST_PARENT	
2785	2787	IS_AST_PARENT	
2784	2785	IS_AST_PARENT	
2784	2788	IS_AST_PARENT	
2783	2784	IS_AST_PARENT	
2783	2789	IS_AST_PARENT	
2782	2783	IS_AST_PARENT	
2545	2782	IS_AST_PARENT	
2544	2545	IS_AST_PARENT	
2544	2790	IS_AST_PARENT	
2544	2791	IS_AST_PARENT	
2793	2794	IS_AST_PARENT	
2793	2795	IS_AST_PARENT	
2792	2793	IS_AST_PARENT	
2796	2797	IS_AST_PARENT	
2796	2798	IS_AST_PARENT	
2792	2796	IS_AST_PARENT	
2799	2800	IS_AST_PARENT	
2799	2801	IS_AST_PARENT	
2792	2799	IS_AST_PARENT	
2544	2792	IS_AST_PARENT	
2802	2793	FLOWS_TO	
2793	2796	FLOWS_TO	
2796	2799	FLOWS_TO	
2799	2546	FLOWS_TO	
2546	2553	FLOWS_TO	
2575	2553	FLOWS_TO	
2575	2580	FLOWS_TO	
2553	2562	FLOWS_TO	
2553	2574	FLOWS_TO	
2562	2573	FLOWS_TO	
2573	2803	FLOWS_TO	
2574	2575	FLOWS_TO	
2602	2580	FLOWS_TO	
2602	2607	FLOWS_TO	
2580	2589	FLOWS_TO	
2580	2601	FLOWS_TO	
2589	2600	FLOWS_TO	
2600	2803	FLOWS_TO	
2601	2602	FLOWS_TO	
2627	2607	FLOWS_TO	
2627	2632	FLOWS_TO	
2607	2614	FLOWS_TO	
2607	2626	FLOWS_TO	
2614	2625	FLOWS_TO	
2625	2803	FLOWS_TO	
2626	2627	FLOWS_TO	
2658	2632	FLOWS_TO	
2658	2661	FLOWS_TO	
2632	2645	FLOWS_TO	
2632	2657	FLOWS_TO	
2645	2656	FLOWS_TO	
2656	2803	FLOWS_TO	
2657	2658	FLOWS_TO	
2661	2668	FLOWS_TO	
2661	2688	FLOWS_TO	
2668	2681	FLOWS_TO	
2681	2688	FLOWS_TO	
2688	2697	FLOWS_TO	
2697	2704	FLOWS_TO	
2697	2718	FLOWS_TO	
2704	2718	FLOWS_TO	
2718	2743	FLOWS_TO	
2718	2760	FLOWS_TO	
2743	2760	FLOWS_TO	
2760	2771	FLOWS_TO	
2771	2782	FLOWS_TO	
2782	2803	FLOWS_TO	
2718	2804	USE	
2562	2805	USE	
2569	2805	USE	
2589	2805	USE	
2596	2805	USE	
2614	2805	USE	
2621	2805	USE	
2645	2805	USE	
2652	2805	USE	
2697	2806	USE	
2718	2806	USE	
2718	2807	USE	
2697	2808	USE	
2718	2809	USE	
2661	2810	USE	
2688	2810	USE	
2691	2810	USE	
2782	2810	USE	
2784	2810	USE	
2688	2811	USE	
2689	2811	USE	
2782	2811	DEF	
2783	2811	DEF	
2688	2812	USE	
2689	2812	USE	
2782	2812	DEF	
2783	2812	DEF	
2718	2813	USE	
2796	2814	DEF	
2607	2814	USE	
2632	2814	USE	
2688	2814	USE	
2691	2814	USE	
2760	2814	USE	
2769	2814	USE	
2771	2814	USE	
2780	2814	USE	
2782	2814	USE	
2784	2814	USE	
2799	2815	DEF	
2580	2815	USE	
2697	2815	USE	
2700	2815	USE	
2718	2815	USE	
2732	2815	USE	
2724	2815	USE	
2739	2815	USE	
2743	2815	USE	
2756	2815	USE	
2771	2815	USE	
2776	2815	USE	
2782	2815	USE	
2783	2815	USE	
2632	2816	USE	
2718	2817	USE	
2688	2818	USE	
2689	2818	USE	
2782	2818	DEF	
2783	2818	DEF	
2718	2819	USE	
2546	2820	DEF	
2547	2820	DEF	
2688	2820	DEF	
2689	2820	DEF	
2718	2820	USE	
2736	2820	USE	
2729	2820	USE	
2721	2820	USE	
2743	2820	USE	
2758	2820	USE	
2760	2820	USE	
2765	2820	USE	
2668	2821	USE	
2675	2821	USE	
2704	2821	USE	
2711	2821	USE	
2743	2821	USE	
2750	2821	USE	
2718	2822	USE	
2793	2823	DEF	
2553	2823	USE	
2632	2823	USE	
2636	2823	USE	
2639	2823	USE	
2661	2823	USE	
2664	2823	USE	
2681	2823	USE	
2686	2823	USE	
2688	2823	USE	
2692	2823	USE	
2760	2823	USE	
2767	2823	USE	
2771	2823	USE	
2778	2823	USE	
2782	2823	USE	
2785	2823	USE	
2632	2824	USE	
2661	2824	USE	
2688	2824	USE	
2691	2824	USE	
2782	2824	USE	
2784	2824	USE	
2632	2825	USE	
2796	2607	REACHES	tile_num
2796	2632	REACHES	tile_num
2796	2688	REACHES	tile_num
2796	2760	REACHES	tile_num
2796	2771	REACHES	tile_num
2796	2782	REACHES	tile_num
2799	2580	REACHES	srctile
2799	2697	REACHES	srctile
2799	2718	REACHES	srctile
2799	2743	REACHES	srctile
2799	2771	REACHES	srctile
2799	2782	REACHES	srctile
2782	2803	REACHES	* tile_num
2688	2718	REACHES	tile
2688	2743	REACHES	tile
2688	2760	REACHES	tile
2793	2553	REACHES	tm
2793	2632	REACHES	tm
2793	2661	REACHES	tm
2793	2681	REACHES	tm
2793	2688	REACHES	tm
2793	2760	REACHES	tm
2793	2771	REACHES	tm
2793	2782	REACHES	tm
2802	2793	CONTROLS	
2802	2796	CONTROLS	
2802	2799	CONTROLS	
2802	2546	CONTROLS	
2802	2553	CONTROLS	
2575	2553	CONTROLS	
2575	2580	CONTROLS	
2553	2562	CONTROLS	
2553	2573	CONTROLS	
2553	2574	CONTROLS	
2553	2575	CONTROLS	
2602	2580	CONTROLS	
2602	2607	CONTROLS	
2580	2589	CONTROLS	
2580	2600	CONTROLS	
2580	2601	CONTROLS	
2580	2602	CONTROLS	
2627	2607	CONTROLS	
2627	2632	CONTROLS	
2607	2614	CONTROLS	
2607	2625	CONTROLS	
2607	2626	CONTROLS	
2607	2627	CONTROLS	
2658	2632	CONTROLS	
2658	2661	CONTROLS	
2658	2688	CONTROLS	
2658	2697	CONTROLS	
2658	2718	CONTROLS	
2658	2760	CONTROLS	
2658	2771	CONTROLS	
2658	2782	CONTROLS	
2632	2645	CONTROLS	
2632	2656	CONTROLS	
2632	2657	CONTROLS	
2632	2658	CONTROLS	
2661	2668	CONTROLS	
2661	2681	CONTROLS	
2697	2704	CONTROLS	
2718	2743	CONTROLS	
2632	2645	DOM	
2799	2546	DOM	
2658	2661	DOM	
2553	2803	DOM	
2657	2658	DOM	
2697	2704	DOM	
2575	2580	DOM	
2661	2668	DOM	
2589	2600	DOM	
2771	2782	DOM	
2553	2562	DOM	
2668	2681	DOM	
2614	2625	DOM	
2607	2626	DOM	
2601	2602	DOM	
2553	2574	DOM	
2688	2697	DOM	
2627	2632	DOM	
2626	2627	DOM	
2632	2657	DOM	
2718	2743	DOM	
2760	2771	DOM	
2546	2553	DOM	
2793	2796	DOM	
2661	2688	DOM	
2562	2573	DOM	
2602	2607	DOM	
2802	2802	DOM	
2607	2614	DOM	
2796	2799	DOM	
2580	2601	DOM	
2645	2656	DOM	
2802	2793	DOM	
2718	2760	DOM	
2580	2589	DOM	
2574	2575	DOM	
2697	2718	DOM	
2656	2645	POST_DOM	
2553	2546	POST_DOM	
2688	2661	POST_DOM	
2803	2803	POST_DOM	
2803	2658	POST_DOM	
2718	2704	POST_DOM	
2803	2580	POST_DOM	
2681	2668	POST_DOM	
2803	2600	POST_DOM	
2803	2782	POST_DOM	
2573	2562	POST_DOM	
2688	2681	POST_DOM	
2803	2625	POST_DOM	
2627	2626	POST_DOM	
2803	2602	POST_DOM	
2575	2574	POST_DOM	
2718	2697	POST_DOM	
2803	2632	POST_DOM	
2803	2627	POST_DOM	
2658	2657	POST_DOM	
2760	2743	POST_DOM	
2782	2771	POST_DOM	
2803	2553	POST_DOM	
2799	2796	POST_DOM	
2697	2688	POST_DOM	
2803	2573	POST_DOM	
2803	2607	POST_DOM	
2793	2802	POST_DOM	
2625	2614	POST_DOM	
2546	2799	POST_DOM	
2602	2601	POST_DOM	
2803	2656	POST_DOM	
2796	2793	POST_DOM	
2771	2760	POST_DOM	
2600	2589	POST_DOM	
2803	2575	POST_DOM	
2760	2718	POST_DOM	
2543	2544	IS_FUNCTION_OF_AST	
2543	2802	IS_FUNCTION_OF_CFG	
1	2543	IS_FILE_OF	
2830	2831	IS_AST_PARENT	
2830	2832	IS_AST_PARENT	
2829	2830	IS_AST_PARENT	
2828	2829	IS_AST_PARENT	
2834	2835	IS_AST_PARENT	
2834	2836	IS_AST_PARENT	
2833	2834	IS_AST_PARENT	
2828	2833	IS_AST_PARENT	
2839	2840	IS_AST_PARENT	
2841	2842	IS_AST_PARENT	
2841	2843	IS_AST_PARENT	
2839	2841	IS_AST_PARENT	
2838	2839	IS_AST_PARENT	
2837	2838	IS_AST_PARENT	
2844	2845	IS_AST_PARENT	
2837	2844	IS_AST_PARENT	
2828	2837	IS_AST_PARENT	
2848	2849	IS_AST_PARENT	
2848	2850	IS_AST_PARENT	
2847	2848	IS_AST_PARENT	
2846	2847	IS_AST_PARENT	
2852	2853	IS_AST_PARENT	
2854	2855	IS_AST_PARENT	
2854	2856	IS_AST_PARENT	
2852	2854	IS_AST_PARENT	
2851	2852	IS_AST_PARENT	
2846	2851	IS_AST_PARENT	
2857	2858	IS_AST_PARENT	
2859	2860	IS_AST_PARENT	
2861	2862	IS_AST_PARENT	
2861	2863	IS_AST_PARENT	
2859	2861	IS_AST_PARENT	
2857	2859	IS_AST_PARENT	
2846	2857	IS_AST_PARENT	
2866	2867	IS_AST_PARENT	
2866	2868	IS_AST_PARENT	
2865	2866	IS_AST_PARENT	
2864	2865	IS_AST_PARENT	
2870	2871	IS_AST_PARENT	
2872	2873	IS_AST_PARENT	
2872	2874	IS_AST_PARENT	
2870	2872	IS_AST_PARENT	
2869	2870	IS_AST_PARENT	
2864	2869	IS_AST_PARENT	
2875	2876	IS_AST_PARENT	
2877	2878	IS_AST_PARENT	
2879	2880	IS_AST_PARENT	
2879	2881	IS_AST_PARENT	
2877	2879	IS_AST_PARENT	
2875	2877	IS_AST_PARENT	
2864	2875	IS_AST_PARENT	
2885	2886	IS_AST_PARENT	
2884	2885	IS_AST_PARENT	
2888	2889	IS_AST_PARENT	
2887	2888	IS_AST_PARENT	
2890	2891	IS_AST_PARENT	
2887	2890	IS_AST_PARENT	
2892	2893	IS_AST_PARENT	
2887	2892	IS_AST_PARENT	
2884	2887	IS_AST_PARENT	
2883	2884	IS_AST_PARENT	
2882	2883	IS_AST_PARENT	
2864	2882	IS_AST_PARENT	
2846	2864	IS_AST_PARENT	
2828	2846	IS_AST_PARENT	
2827	2828	IS_AST_PARENT	
2827	2894	IS_AST_PARENT	
2827	2895	IS_AST_PARENT	
2897	2898	IS_AST_PARENT	
2897	2899	IS_AST_PARENT	
2896	2897	IS_AST_PARENT	
2900	2901	IS_AST_PARENT	
2900	2902	IS_AST_PARENT	
2896	2900	IS_AST_PARENT	
2903	2904	IS_AST_PARENT	
2903	2905	IS_AST_PARENT	
2896	2903	IS_AST_PARENT	
2906	2907	IS_AST_PARENT	
2906	2908	IS_AST_PARENT	
2896	2906	IS_AST_PARENT	
2909	2910	IS_AST_PARENT	
2909	2911	IS_AST_PARENT	
2896	2909	IS_AST_PARENT	
2827	2896	IS_AST_PARENT	
2912	2897	FLOWS_TO	
2897	2900	FLOWS_TO	
2900	2903	FLOWS_TO	
2903	2906	FLOWS_TO	
2906	2909	FLOWS_TO	
2909	2829	FLOWS_TO	
2829	2833	FLOWS_TO	
2833	2838	FLOWS_TO	
2838	2845	FLOWS_TO	
2838	2847	FLOWS_TO	
2845	2913	FLOWS_TO	
2851	2865	FLOWS_TO	
2851	2913	FLOWS_TO	
2847	2851	FLOWS_TO	
2857	2851	FLOWS_TO	
2869	2883	FLOWS_TO	
2869	2857	FLOWS_TO	
2865	2869	FLOWS_TO	
2875	2869	FLOWS_TO	
2883	2875	FLOWS_TO	
2906	2914	DEF	
2869	2914	USE	
2838	2915	USE	
2900	2916	DEF	
2869	2916	USE	
2865	2916	USE	
2866	2916	USE	
2909	2917	DEF	
2851	2917	USE	
2897	2918	DEF	
2838	2918	USE	
2841	2918	USE	
2883	2918	USE	
2888	2918	USE	
2903	2919	DEF	
2851	2919	USE	
2847	2919	USE	
2848	2919	USE	
2829	2920	DEF	
2830	2920	DEF	
2851	2920	USE	
2847	2920	DEF	
2848	2920	DEF	
2857	2920	USE	
2857	2920	DEF	
2883	2920	USE	
2892	2920	USE	
2833	2921	DEF	
2834	2921	DEF	
2869	2921	USE	
2865	2921	DEF	
2866	2921	DEF	
2875	2921	USE	
2875	2921	DEF	
2883	2921	USE	
2890	2921	USE	
2838	2922	USE	
2909	2851	REACHES	h
2847	2851	REACHES	i
2857	2851	REACHES	i
2847	2857	REACHES	i
2857	2857	REACHES	i
2847	2883	REACHES	i
2857	2883	REACHES	i
2865	2869	REACHES	j
2875	2869	REACHES	j
2865	2875	REACHES	j
2875	2875	REACHES	j
2865	2883	REACHES	j
2875	2883	REACHES	j
2906	2869	REACHES	w
2900	2869	REACHES	x
2900	2865	REACHES	x
2897	2838	REACHES	tm
2903	2851	REACHES	y
2903	2847	REACHES	y
2897	2883	REACHES	tm
2912	2897	CONTROLS	
2912	2900	CONTROLS	
2912	2903	CONTROLS	
2912	2906	CONTROLS	
2912	2909	CONTROLS	
2912	2829	CONTROLS	
2912	2833	CONTROLS	
2912	2838	CONTROLS	
2838	2845	CONTROLS	
2838	2847	CONTROLS	
2838	2851	CONTROLS	
2851	2865	CONTROLS	
2851	2869	CONTROLS	
2851	2857	CONTROLS	
2869	2883	CONTROLS	
2869	2875	CONTROLS	
2897	2900	DOM	
2865	2869	DOM	
2900	2903	DOM	
2833	2838	DOM	
2903	2906	DOM	
2906	2909	DOM	
2869	2883	DOM	
2883	2875	DOM	
2912	2912	DOM	
2838	2845	DOM	
2829	2833	DOM	
2838	2847	DOM	
2909	2829	DOM	
2869	2857	DOM	
2912	2897	DOM	
2838	2913	DOM	
2847	2851	DOM	
2851	2865	DOM	
2903	2900	POST_DOM	
2857	2869	POST_DOM	
2913	2838	POST_DOM	
2906	2903	POST_DOM	
2829	2909	POST_DOM	
2909	2906	POST_DOM	
2869	2875	POST_DOM	
2875	2883	POST_DOM	
2897	2912	POST_DOM	
2913	2845	POST_DOM	
2838	2833	POST_DOM	
2851	2847	POST_DOM	
2833	2829	POST_DOM	
2851	2857	POST_DOM	
2900	2897	POST_DOM	
2913	2913	POST_DOM	
2913	2851	POST_DOM	
2869	2865	POST_DOM	
2826	2827	IS_FUNCTION_OF_AST	
2826	2912	IS_FUNCTION_OF_CFG	
1	2826	IS_FILE_OF	
2930	2931	IS_AST_PARENT	
2932	2933	IS_AST_PARENT	
2932	2934	IS_AST_PARENT	
2930	2932	IS_AST_PARENT	
2929	2930	IS_AST_PARENT	
2928	2929	IS_AST_PARENT	
2928	2935	IS_AST_PARENT	
2940	2941	IS_AST_PARENT	
2939	2940	IS_AST_PARENT	
2943	2944	IS_AST_PARENT	
2942	2943	IS_AST_PARENT	
2945	2946	IS_AST_PARENT	
2942	2945	IS_AST_PARENT	
2947	2948	IS_AST_PARENT	
2942	2947	IS_AST_PARENT	
2939	2942	IS_AST_PARENT	
2938	2939	IS_AST_PARENT	
2937	2938	IS_AST_PARENT	
2949	2950	IS_AST_PARENT	
2937	2949	IS_AST_PARENT	
2936	2937	IS_AST_PARENT	
2928	2936	IS_AST_PARENT	
2927	2928	IS_AST_PARENT	
2927	2951	IS_AST_PARENT	
2926	2927	IS_AST_PARENT	
2952	2953	IS_AST_PARENT	
2926	2952	IS_AST_PARENT	
2925	2926	IS_AST_PARENT	
2955	2956	IS_AST_PARENT	
2955	2957	IS_AST_PARENT	
2954	2955	IS_AST_PARENT	
2925	2954	IS_AST_PARENT	
2924	2925	IS_AST_PARENT	
2924	2958	IS_AST_PARENT	
2924	2959	IS_AST_PARENT	
2961	2962	IS_AST_PARENT	
2961	2963	IS_AST_PARENT	
2960	2961	IS_AST_PARENT	
2924	2960	IS_AST_PARENT	
2964	2961	FLOWS_TO	
2961	2929	FLOWS_TO	
2952	2929	FLOWS_TO	
2952	2954	FLOWS_TO	
2929	2938	FLOWS_TO	
2929	2951	FLOWS_TO	
2938	2949	FLOWS_TO	
2949	2965	FLOWS_TO	
2951	2952	FLOWS_TO	
2954	2965	FLOWS_TO	
2938	2966	USE	
2945	2966	USE	
2961	2967	DEF	
2929	2967	USE	
2954	2967	USE	
2955	2967	USE	
2954	2968	USE	
2954	2969	USE	
2961	2929	REACHES	tm
2961	2954	REACHES	tm
2964	2961	CONTROLS	
2964	2929	CONTROLS	
2952	2929	CONTROLS	
2952	2954	CONTROLS	
2929	2938	CONTROLS	
2929	2949	CONTROLS	
2929	2951	CONTROLS	
2929	2952	CONTROLS	
2929	2951	DOM	
2964	2961	DOM	
2929	2938	DOM	
2961	2929	DOM	
2951	2952	DOM	
2964	2964	DOM	
2938	2949	DOM	
2929	2965	DOM	
2952	2954	DOM	
2952	2951	POST_DOM	
2929	2961	POST_DOM	
2949	2938	POST_DOM	
2965	2929	POST_DOM	
2965	2952	POST_DOM	
2961	2964	POST_DOM	
2965	2949	POST_DOM	
2965	2965	POST_DOM	
2965	2954	POST_DOM	
2923	2924	IS_FUNCTION_OF_AST	
2923	2964	IS_FUNCTION_OF_CFG	
1	2923	IS_FILE_OF	
2977	2978	IS_AST_PARENT	
2979	2980	IS_AST_PARENT	
2979	2981	IS_AST_PARENT	
2977	2979	IS_AST_PARENT	
2976	2977	IS_AST_PARENT	
2975	2976	IS_AST_PARENT	
2975	2982	IS_AST_PARENT	
2987	2988	IS_AST_PARENT	
2986	2987	IS_AST_PARENT	
2990	2991	IS_AST_PARENT	
2989	2990	IS_AST_PARENT	
2992	2993	IS_AST_PARENT	
2989	2992	IS_AST_PARENT	
2994	2995	IS_AST_PARENT	
2989	2994	IS_AST_PARENT	
2986	2989	IS_AST_PARENT	
2985	2986	IS_AST_PARENT	
2984	2985	IS_AST_PARENT	
2996	2997	IS_AST_PARENT	
2984	2996	IS_AST_PARENT	
2983	2984	IS_AST_PARENT	
2975	2983	IS_AST_PARENT	
2974	2975	IS_AST_PARENT	
2974	2998	IS_AST_PARENT	
2973	2974	IS_AST_PARENT	
2999	3000	IS_AST_PARENT	
2973	2999	IS_AST_PARENT	
2972	2973	IS_AST_PARENT	
3002	3003	IS_AST_PARENT	
3002	3004	IS_AST_PARENT	
3001	3002	IS_AST_PARENT	
2972	3001	IS_AST_PARENT	
2971	2972	IS_AST_PARENT	
2971	3005	IS_AST_PARENT	
2971	3006	IS_AST_PARENT	
3008	3009	IS_AST_PARENT	
3008	3010	IS_AST_PARENT	
3007	3008	IS_AST_PARENT	
2971	3007	IS_AST_PARENT	
3011	3008	FLOWS_TO	
3008	2976	FLOWS_TO	
2999	2976	FLOWS_TO	
2999	3001	FLOWS_TO	
2976	2985	FLOWS_TO	
2976	2998	FLOWS_TO	
2985	2996	FLOWS_TO	
2996	3012	FLOWS_TO	
2998	2999	FLOWS_TO	
3001	3012	FLOWS_TO	
2985	3013	USE	
2992	3013	USE	
3001	3014	USE	
3008	3015	DEF	
2976	3015	USE	
3001	3015	USE	
3002	3015	USE	
3001	3016	USE	
3008	2976	REACHES	tm
3008	3001	REACHES	tm
3011	3008	CONTROLS	
3011	2976	CONTROLS	
2999	2976	CONTROLS	
2999	3001	CONTROLS	
2976	2985	CONTROLS	
2976	2996	CONTROLS	
2976	2998	CONTROLS	
2976	2999	CONTROLS	
2998	2999	DOM	
2976	2998	DOM	
3008	2976	DOM	
3011	3008	DOM	
2976	2985	DOM	
2976	3012	DOM	
2999	3001	DOM	
3011	3011	DOM	
2985	2996	DOM	
3012	2999	POST_DOM	
2999	2998	POST_DOM	
3012	2976	POST_DOM	
2996	2985	POST_DOM	
2976	3008	POST_DOM	
3012	3012	POST_DOM	
3012	3001	POST_DOM	
3012	2996	POST_DOM	
3008	3011	POST_DOM	
2970	2971	IS_FUNCTION_OF_AST	
2970	3011	IS_FUNCTION_OF_CFG	
1	2970	IS_FILE_OF	
3024	3025	IS_AST_PARENT	
3026	3027	IS_AST_PARENT	
3026	3028	IS_AST_PARENT	
3024	3026	IS_AST_PARENT	
3023	3024	IS_AST_PARENT	
3022	3023	IS_AST_PARENT	
3022	3029	IS_AST_PARENT	
3034	3035	IS_AST_PARENT	
3033	3034	IS_AST_PARENT	
3037	3038	IS_AST_PARENT	
3036	3037	IS_AST_PARENT	
3039	3040	IS_AST_PARENT	
3036	3039	IS_AST_PARENT	
3041	3042	IS_AST_PARENT	
3036	3041	IS_AST_PARENT	
3033	3036	IS_AST_PARENT	
3032	3033	IS_AST_PARENT	
3031	3032	IS_AST_PARENT	
3043	3044	IS_AST_PARENT	
3031	3043	IS_AST_PARENT	
3030	3031	IS_AST_PARENT	
3022	3030	IS_AST_PARENT	
3021	3022	IS_AST_PARENT	
3021	3045	IS_AST_PARENT	
3020	3021	IS_AST_PARENT	
3046	3047	IS_AST_PARENT	
3020	3046	IS_AST_PARENT	
3019	3020	IS_AST_PARENT	
3049	3050	IS_AST_PARENT	
3049	3051	IS_AST_PARENT	
3048	3049	IS_AST_PARENT	
3019	3048	IS_AST_PARENT	
3018	3019	IS_AST_PARENT	
3018	3052	IS_AST_PARENT	
3018	3053	IS_AST_PARENT	
3055	3056	IS_AST_PARENT	
3055	3057	IS_AST_PARENT	
3054	3055	IS_AST_PARENT	
3018	3054	IS_AST_PARENT	
3058	3055	FLOWS_TO	
3055	3023	FLOWS_TO	
3046	3023	FLOWS_TO	
3046	3048	FLOWS_TO	
3023	3032	FLOWS_TO	
3023	3045	FLOWS_TO	
3032	3043	FLOWS_TO	
3043	3059	FLOWS_TO	
3045	3046	FLOWS_TO	
3048	3059	FLOWS_TO	
3032	3060	USE	
3039	3060	USE	
3048	3061	USE	
3055	3062	DEF	
3023	3062	USE	
3048	3062	USE	
3049	3062	USE	
3048	3063	USE	
3055	3023	REACHES	tm
3055	3048	REACHES	tm
3058	3055	CONTROLS	
3058	3023	CONTROLS	
3046	3023	CONTROLS	
3046	3048	CONTROLS	
3023	3032	CONTROLS	
3023	3043	CONTROLS	
3023	3045	CONTROLS	
3023	3046	CONTROLS	
3058	3058	DOM	
3023	3059	DOM	
3055	3023	DOM	
3032	3043	DOM	
3058	3055	DOM	
3023	3032	DOM	
3045	3046	DOM	
3046	3048	DOM	
3023	3045	DOM	
3059	3059	POST_DOM	
3055	3058	POST_DOM	
3059	3023	POST_DOM	
3059	3043	POST_DOM	
3043	3032	POST_DOM	
3023	3055	POST_DOM	
3059	3046	POST_DOM	
3059	3048	POST_DOM	
3046	3045	POST_DOM	
3017	3018	IS_FUNCTION_OF_AST	
3017	3058	IS_FUNCTION_OF_CFG	
1	3017	IS_FILE_OF	
3068	3069	IS_AST_PARENT	
3068	3070	IS_AST_PARENT	
3071	3072	IS_AST_PARENT	
3073	3074	IS_AST_PARENT	
3073	3075	IS_AST_PARENT	
3071	3073	IS_AST_PARENT	
3068	3071	IS_AST_PARENT	
3067	3068	IS_AST_PARENT	
3066	3067	IS_AST_PARENT	
3078	3079	IS_AST_PARENT	
3078	3080	IS_AST_PARENT	
3077	3078	IS_AST_PARENT	
3076	3077	IS_AST_PARENT	
3082	3083	IS_AST_PARENT	
3081	3082	IS_AST_PARENT	
3076	3081	IS_AST_PARENT	
3066	3076	IS_AST_PARENT	
3085	3086	IS_AST_PARENT	
3089	3090	IS_AST_PARENT	
3091	3092	IS_AST_PARENT	
3091	3093	IS_AST_PARENT	
3089	3091	IS_AST_PARENT	
3088	3089	IS_AST_PARENT	
3094	3095	IS_AST_PARENT	
3094	3096	IS_AST_PARENT	
3088	3094	IS_AST_PARENT	
3087	3088	IS_AST_PARENT	
3098	3099	IS_AST_PARENT	
3098	3100	IS_AST_PARENT	
3097	3098	IS_AST_PARENT	
3101	3102	IS_AST_PARENT	
3101	3103	IS_AST_PARENT	
3097	3101	IS_AST_PARENT	
3087	3097	IS_AST_PARENT	
3085	3087	IS_AST_PARENT	
3084	3085	IS_AST_PARENT	
3066	3084	IS_AST_PARENT	
3105	3106	IS_AST_PARENT	
3104	3105	IS_AST_PARENT	
3110	3111	IS_AST_PARENT	
3110	3112	IS_AST_PARENT	
3109	3110	IS_AST_PARENT	
3108	3109	IS_AST_PARENT	
3115	3116	IS_AST_PARENT	
3115	3117	IS_AST_PARENT	
3118	3119	IS_AST_PARENT	
3120	3121	IS_AST_PARENT	
3120	3122	IS_AST_PARENT	
3118	3120	IS_AST_PARENT	
3115	3118	IS_AST_PARENT	
3114	3115	IS_AST_PARENT	
3113	3114	IS_AST_PARENT	
3124	3125	IS_AST_PARENT	
3124	3126	IS_AST_PARENT	
3127	3128	IS_AST_PARENT	
3129	3130	IS_AST_PARENT	
3131	3132	IS_AST_PARENT	
3133	3134	IS_AST_PARENT	
3133	3135	IS_AST_PARENT	
3131	3133	IS_AST_PARENT	
3129	3131	IS_AST_PARENT	
3127	3129	IS_AST_PARENT	
3124	3127	IS_AST_PARENT	
3123	3124	IS_AST_PARENT	
3113	3123	IS_AST_PARENT	
3137	3138	IS_AST_PARENT	
3137	3139	IS_AST_PARENT	
3136	3137	IS_AST_PARENT	
3113	3136	IS_AST_PARENT	
3141	3142	IS_AST_PARENT	
3141	3143	IS_AST_PARENT	
3140	3141	IS_AST_PARENT	
3113	3140	IS_AST_PARENT	
3146	3147	IS_AST_PARENT	
3146	3148	IS_AST_PARENT	
3145	3146	IS_AST_PARENT	
3144	3145	IS_AST_PARENT	
3150	3151	IS_AST_PARENT	
3152	3153	IS_AST_PARENT	
3152	3154	IS_AST_PARENT	
3150	3152	IS_AST_PARENT	
3149	3150	IS_AST_PARENT	
3144	3149	IS_AST_PARENT	
3155	3156	IS_AST_PARENT	
3155	3157	IS_AST_PARENT	
3144	3155	IS_AST_PARENT	
3160	3161	IS_AST_PARENT	
3160	3162	IS_AST_PARENT	
3159	3160	IS_AST_PARENT	
3158	3159	IS_AST_PARENT	
3164	3165	IS_AST_PARENT	
3166	3167	IS_AST_PARENT	
3166	3168	IS_AST_PARENT	
3164	3166	IS_AST_PARENT	
3163	3164	IS_AST_PARENT	
3158	3163	IS_AST_PARENT	
3170	3171	IS_AST_PARENT	
3170	3172	IS_AST_PARENT	
3169	3170	IS_AST_PARENT	
3173	3174	IS_AST_PARENT	
3173	3175	IS_AST_PARENT	
3169	3173	IS_AST_PARENT	
3158	3169	IS_AST_PARENT	
3180	3181	IS_AST_PARENT	
3179	3180	IS_AST_PARENT	
3184	3185	IS_AST_PARENT	
3184	3186	IS_AST_PARENT	
3183	3184	IS_AST_PARENT	
3182	3183	IS_AST_PARENT	
3179	3182	IS_AST_PARENT	
3178	3179	IS_AST_PARENT	
3177	3178	IS_AST_PARENT	
3189	3190	IS_AST_PARENT	
3189	3191	IS_AST_PARENT	
3188	3189	IS_AST_PARENT	
3187	3188	IS_AST_PARENT	
3177	3187	IS_AST_PARENT	
3176	3177	IS_AST_PARENT	
3158	3176	IS_AST_PARENT	
3144	3158	IS_AST_PARENT	
3113	3144	IS_AST_PARENT	
3108	3113	IS_AST_PARENT	
3107	3108	IS_AST_PARENT	
3104	3107	IS_AST_PARENT	
3195	3196	IS_AST_PARENT	
3198	3199	IS_AST_PARENT	
3200	3201	IS_AST_PARENT	
3200	3202	IS_AST_PARENT	
3198	3200	IS_AST_PARENT	
3197	3198	IS_AST_PARENT	
3204	3205	IS_AST_PARENT	
3204	3206	IS_AST_PARENT	
3203	3204	IS_AST_PARENT	
3207	3208	IS_AST_PARENT	
3207	3209	IS_AST_PARENT	
3203	3207	IS_AST_PARENT	
3197	3203	IS_AST_PARENT	
3195	3197	IS_AST_PARENT	
3194	3195	IS_AST_PARENT	
3193	3194	IS_AST_PARENT	
3192	3193	IS_AST_PARENT	
3104	3192	IS_AST_PARENT	
3066	3104	IS_AST_PARENT	
3210	3211	IS_AST_PARENT	
3066	3210	IS_AST_PARENT	
3065	3066	IS_AST_PARENT	
3065	3212	IS_AST_PARENT	
3065	3213	IS_AST_PARENT	
3215	3216	IS_AST_PARENT	
3215	3217	IS_AST_PARENT	
3214	3215	IS_AST_PARENT	
3218	3219	IS_AST_PARENT	
3218	3220	IS_AST_PARENT	
3214	3218	IS_AST_PARENT	
3065	3214	IS_AST_PARENT	
3221	3215	FLOWS_TO	
3215	3218	FLOWS_TO	
3218	3067	FLOWS_TO	
3067	3077	FLOWS_TO	
3077	3082	FLOWS_TO	
3077	3084	FLOWS_TO	
3082	3222	FLOWS_TO	
3084	3105	FLOWS_TO	
3105	3109	FLOWS_TO	
3105	3194	FLOWS_TO	
3109	3114	FLOWS_TO	
3109	3210	FLOWS_TO	
3114	3123	FLOWS_TO	
3123	3136	FLOWS_TO	
3136	3140	FLOWS_TO	
3140	3145	FLOWS_TO	
3149	3159	FLOWS_TO	
3149	3210	FLOWS_TO	
3145	3149	FLOWS_TO	
3155	3149	FLOWS_TO	
3163	3178	FLOWS_TO	
3163	3155	FLOWS_TO	
3159	3163	FLOWS_TO	
3169	3163	FLOWS_TO	
3178	3188	FLOWS_TO	
3178	3169	FLOWS_TO	
3188	3169	FLOWS_TO	
3194	3210	FLOWS_TO	
3210	3222	FLOWS_TO	
3067	3223	DEF	
3071	3223	DEF	
3068	3223	DEF	
3084	3223	USE	
3085	3223	USE	
3084	3223	DEF	
3085	3223	DEF	
3188	3223	DEF	
3189	3223	DEF	
3188	3223	USE	
3189	3223	USE	
3194	3223	DEF	
3195	3223	DEF	
3194	3223	USE	
3195	3223	USE	
3210	3223	USE	
3109	3224	USE	
3114	3224	USE	
3118	3224	USE	
3136	3225	DEF	
3137	3225	DEF	
3149	3225	USE	
3145	3225	DEF	
3146	3225	DEF	
3155	3225	DEF	
3155	3225	USE	
3140	3226	DEF	
3141	3226	DEF	
3163	3226	USE	
3159	3226	DEF	
3160	3226	DEF	
3169	3226	USE	
3170	3226	USE	
3169	3226	DEF	
3170	3226	DEF	
3084	3227	USE	
3085	3227	USE	
3163	3227	USE	
3114	3228	DEF	
3115	3228	DEF	
3118	3228	DEF	
3169	3228	USE	
3173	3228	USE	
3169	3228	DEF	
3173	3228	DEF	
3178	3228	USE	
3184	3228	USE	
3194	3229	USE	
3195	3229	USE	
3123	3230	DEF	
3124	3230	DEF	
3127	3230	DEF	
3188	3230	USE	
3189	3230	USE	
3218	3231	DEF	
3105	3231	USE	
3123	3232	USE	
3127	3232	USE	
3194	3232	USE	
3195	3232	USE	
3215	3233	DEF	
3077	3233	USE	
3084	3233	USE	
3091	3233	USE	
3094	3233	USE	
3109	3233	USE	
3110	3233	USE	
3114	3233	USE	
3120	3233	USE	
3123	3233	USE	
3133	3233	USE	
3149	3233	USE	
3152	3233	USE	
3163	3233	USE	
3166	3233	USE	
3194	3233	USE	
3200	3233	USE	
3204	3233	USE	
3207	3233	USE	
3194	3234	USE	
3195	3234	USE	
3178	3235	USE	
3183	3235	USE	
3084	3236	USE	
3085	3236	USE	
3109	3236	USE	
3114	3236	USE	
3118	3236	USE	
3123	3236	USE	
3127	3236	USE	
3149	3236	USE	
3163	3236	USE	
3194	3236	USE	
3195	3236	USE	
3084	3237	USE	
3085	3237	USE	
3149	3237	USE	
3178	3238	USE	
3067	3084	REACHES	memsize
3084	3188	REACHES	memsize
3188	3188	REACHES	memsize
3084	3194	REACHES	memsize
3194	3210	REACHES	memsize
3084	3210	REACHES	memsize
3188	3210	REACHES	memsize
3114	3169	REACHES	tiles
3169	3169	REACHES	tiles
3114	3178	REACHES	tiles
3169	3178	REACHES	tiles
3155	3149	REACHES	i
3145	3149	REACHES	i
3155	3155	REACHES	i
3145	3155	REACHES	i
3159	3163	REACHES	j
3169	3163	REACHES	j
3159	3169	REACHES	j
3169	3169	REACHES	j
3123	3188	REACHES	size
3218	3105	REACHES	sparse
3215	3077	REACHES	tm
3215	3084	REACHES	tm
3215	3109	REACHES	tm
3215	3114	REACHES	tm
3215	3123	REACHES	tm
3215	3149	REACHES	tm
3215	3163	REACHES	tm
3215	3194	REACHES	tm
3221	3215	CONTROLS	
3221	3218	CONTROLS	
3221	3067	CONTROLS	
3221	3077	CONTROLS	
3077	3082	CONTROLS	
3077	3084	CONTROLS	
3077	3105	CONTROLS	
3077	3210	CONTROLS	
3105	3109	CONTROLS	
3105	3194	CONTROLS	
3109	3114	CONTROLS	
3109	3123	CONTROLS	
3109	3136	CONTROLS	
3109	3140	CONTROLS	
3109	3145	CONTROLS	
3109	3149	CONTROLS	
3149	3159	CONTROLS	
3149	3163	CONTROLS	
3149	3155	CONTROLS	
3163	3178	CONTROLS	
3163	3169	CONTROLS	
3178	3188	CONTROLS	
3077	3084	DOM	
3149	3159	DOM	
3105	3210	DOM	
3215	3218	DOM	
3077	3082	DOM	
3163	3178	DOM	
3105	3194	DOM	
3221	3215	DOM	
3123	3136	DOM	
3163	3155	DOM	
3105	3109	DOM	
3178	3169	DOM	
3140	3145	DOM	
3114	3123	DOM	
3109	3114	DOM	
3077	3222	DOM	
3067	3077	DOM	
3218	3067	DOM	
3178	3188	DOM	
3159	3163	DOM	
3145	3149	DOM	
3084	3105	DOM	
3221	3221	DOM	
3136	3140	DOM	
3105	3084	POST_DOM	
3163	3159	POST_DOM	
3222	3210	POST_DOM	
3222	3082	POST_DOM	
3067	3218	POST_DOM	
3169	3178	POST_DOM	
3210	3194	POST_DOM	
3218	3215	POST_DOM	
3140	3136	POST_DOM	
3149	3155	POST_DOM	
3210	3109	POST_DOM	
3163	3169	POST_DOM	
3149	3145	POST_DOM	
3136	3123	POST_DOM	
3123	3114	POST_DOM	
3222	3222	POST_DOM	
3222	3077	POST_DOM	
3077	3067	POST_DOM	
3169	3188	POST_DOM	
3155	3163	POST_DOM	
3210	3149	POST_DOM	
3210	3105	POST_DOM	
3215	3221	POST_DOM	
3145	3140	POST_DOM	
3064	3065	IS_FUNCTION_OF_AST	
3064	3221	IS_FUNCTION_OF_CFG	
1	3064	IS_FILE_OF	
3243	3244	IS_AST_PARENT	
3243	3245	IS_AST_PARENT	
3242	3243	IS_AST_PARENT	
3241	3242	IS_AST_PARENT	
3248	3249	IS_AST_PARENT	
3250	3251	IS_AST_PARENT	
3250	3252	IS_AST_PARENT	
3248	3250	IS_AST_PARENT	
3247	3248	IS_AST_PARENT	
3246	3247	IS_AST_PARENT	
3253	3254	IS_AST_PARENT	
3246	3253	IS_AST_PARENT	
3255	3256	IS_AST_PARENT	
3257	3258	IS_AST_PARENT	
3257	3259	IS_AST_PARENT	
3255	3257	IS_AST_PARENT	
3246	3255	IS_AST_PARENT	
3264	3265	IS_AST_PARENT	
3264	3266	IS_AST_PARENT	
3263	3264	IS_AST_PARENT	
3263	3267	IS_AST_PARENT	
3262	3263	IS_AST_PARENT	
3261	3262	IS_AST_PARENT	
3268	3269	IS_AST_PARENT	
3261	3268	IS_AST_PARENT	
3260	3261	IS_AST_PARENT	
3246	3260	IS_AST_PARENT	
3241	3246	IS_AST_PARENT	
3272	3273	IS_AST_PARENT	
3274	3275	IS_AST_PARENT	
3274	3276	IS_AST_PARENT	
3272	3274	IS_AST_PARENT	
3271	3272	IS_AST_PARENT	
3270	3271	IS_AST_PARENT	
3280	3281	IS_AST_PARENT	
3279	3280	IS_AST_PARENT	
3283	3284	IS_AST_PARENT	
3282	3283	IS_AST_PARENT	
3285	3286	IS_AST_PARENT	
3282	3285	IS_AST_PARENT	
3287	3288	IS_AST_PARENT	
3282	3287	IS_AST_PARENT	
3289	3290	IS_AST_PARENT	
3282	3289	IS_AST_PARENT	
3279	3282	IS_AST_PARENT	
3278	3279	IS_AST_PARENT	
3277	3278	IS_AST_PARENT	
3291	3292	IS_AST_PARENT	
3277	3291	IS_AST_PARENT	
3270	3277	IS_AST_PARENT	
3241	3270	IS_AST_PARENT	
3294	3295	IS_AST_PARENT	
3294	3296	IS_AST_PARENT	
3293	3294	IS_AST_PARENT	
3241	3293	IS_AST_PARENT	
3240	3241	IS_AST_PARENT	
3240	3297	IS_AST_PARENT	
3240	3298	IS_AST_PARENT	
3300	3301	IS_AST_PARENT	
3300	3302	IS_AST_PARENT	
3299	3300	IS_AST_PARENT	
3303	3304	IS_AST_PARENT	
3303	3305	IS_AST_PARENT	
3299	3303	IS_AST_PARENT	
3240	3299	IS_AST_PARENT	
3306	3300	FLOWS_TO	
3300	3303	FLOWS_TO	
3303	3242	FLOWS_TO	
3242	3247	FLOWS_TO	
3253	3262	FLOWS_TO	
3253	3271	FLOWS_TO	
3247	3253	FLOWS_TO	
3255	3253	FLOWS_TO	
3262	3269	FLOWS_TO	
3262	3255	FLOWS_TO	
3269	3271	FLOWS_TO	
3271	3278	FLOWS_TO	
3271	3293	FLOWS_TO	
3278	3291	FLOWS_TO	
3291	3307	FLOWS_TO	
3293	3307	FLOWS_TO	
3247	3308	USE	
3248	3308	USE	
3247	3309	USE	
3248	3309	USE	
3303	3310	DEF	
3247	3310	USE	
3250	3310	USE	
3242	3311	DEF	
3243	3311	DEF	
3253	3311	USE	
3247	3311	DEF	
3248	3311	DEF	
3255	3311	DEF	
3255	3311	USE	
3257	3311	USE	
3262	3311	USE	
3264	3311	USE	
3271	3311	USE	
3293	3311	USE	
3294	3311	USE	
3278	3312	USE	
3285	3312	USE	
3300	3313	DEF	
3262	3313	USE	
3262	3314	USE	
3255	3315	USE	
3255	3316	USE	
3262	3316	USE	
3293	3316	USE	
3293	3317	USE	
3303	3247	REACHES	tile
3255	3255	REACHES	tl
3255	3253	REACHES	tl
3247	3253	REACHES	tl
3247	3255	REACHES	tl
3255	3262	REACHES	tl
3247	3262	REACHES	tl
3255	3271	REACHES	tl
3247	3271	REACHES	tl
3255	3293	REACHES	tl
3247	3293	REACHES	tl
3300	3262	REACHES	tm
3306	3300	CONTROLS	
3306	3303	CONTROLS	
3306	3242	CONTROLS	
3306	3247	CONTROLS	
3306	3253	CONTROLS	
3306	3271	CONTROLS	
3253	3262	CONTROLS	
3262	3269	CONTROLS	
3262	3255	CONTROLS	
3262	3253	CONTROLS	
3271	3278	CONTROLS	
3271	3291	CONTROLS	
3271	3293	CONTROLS	
3253	3271	DOM	
3306	3300	DOM	
3300	3303	DOM	
3271	3307	DOM	
3303	3242	DOM	
3253	3262	DOM	
3306	3306	DOM	
3242	3247	DOM	
3262	3255	DOM	
3271	3278	DOM	
3262	3269	DOM	
3247	3253	DOM	
3278	3291	DOM	
3271	3293	DOM	
3307	3271	POST_DOM	
3307	3307	POST_DOM	
3242	3303	POST_DOM	
3303	3300	POST_DOM	
3247	3242	POST_DOM	
3271	3262	POST_DOM	
3300	3306	POST_DOM	
3253	3247	POST_DOM	
3253	3255	POST_DOM	
3291	3278	POST_DOM	
3271	3269	POST_DOM	
3307	3291	POST_DOM	
3271	3253	POST_DOM	
3307	3293	POST_DOM	
3239	3240	IS_FUNCTION_OF_AST	
3239	3306	IS_FUNCTION_OF_CFG	
1	3239	IS_FILE_OF	
3322	3323	IS_AST_PARENT	
3322	3324	IS_AST_PARENT	
3321	3322	IS_AST_PARENT	
3320	3321	IS_AST_PARENT	
3329	3330	IS_AST_PARENT	
3331	3332	IS_AST_PARENT	
3331	3333	IS_AST_PARENT	
3329	3331	IS_AST_PARENT	
3328	3329	IS_AST_PARENT	
3327	3328	IS_AST_PARENT	
3327	3334	IS_AST_PARENT	
3339	3340	IS_AST_PARENT	
3338	3339	IS_AST_PARENT	
3342	3343	IS_AST_PARENT	
3341	3342	IS_AST_PARENT	
3344	3345	IS_AST_PARENT	
3341	3344	IS_AST_PARENT	
3346	3347	IS_AST_PARENT	
3341	3346	IS_AST_PARENT	
3338	3341	IS_AST_PARENT	
3337	3338	IS_AST_PARENT	
3336	3337	IS_AST_PARENT	
3336	3348	IS_AST_PARENT	
3335	3336	IS_AST_PARENT	
3327	3335	IS_AST_PARENT	
3326	3327	IS_AST_PARENT	
3326	3349	IS_AST_PARENT	
3325	3326	IS_AST_PARENT	
3350	3351	IS_AST_PARENT	
3325	3350	IS_AST_PARENT	
3320	3325	IS_AST_PARENT	
3356	3357	IS_AST_PARENT	
3358	3359	IS_AST_PARENT	
3358	3360	IS_AST_PARENT	
3356	3358	IS_AST_PARENT	
3355	3356	IS_AST_PARENT	
3354	3355	IS_AST_PARENT	
3354	3361	IS_AST_PARENT	
3366	3367	IS_AST_PARENT	
3365	3366	IS_AST_PARENT	
3369	3370	IS_AST_PARENT	
3368	3369	IS_AST_PARENT	
3371	3372	IS_AST_PARENT	
3368	3371	IS_AST_PARENT	
3373	3374	IS_AST_PARENT	
3368	3373	IS_AST_PARENT	
3365	3368	IS_AST_PARENT	
3364	3365	IS_AST_PARENT	
3363	3364	IS_AST_PARENT	
3363	3375	IS_AST_PARENT	
3362	3363	IS_AST_PARENT	
3354	3362	IS_AST_PARENT	
3353	3354	IS_AST_PARENT	
3353	3376	IS_AST_PARENT	
3352	3353	IS_AST_PARENT	
3377	3378	IS_AST_PARENT	
3352	3377	IS_AST_PARENT	
3320	3352	IS_AST_PARENT	
3384	3385	IS_AST_PARENT	
3386	3387	IS_AST_PARENT	
3386	3388	IS_AST_PARENT	
3384	3386	IS_AST_PARENT	
3383	3384	IS_AST_PARENT	
3389	3390	IS_AST_PARENT	
3391	3392	IS_AST_PARENT	
3391	3393	IS_AST_PARENT	
3389	3391	IS_AST_PARENT	
3383	3389	IS_AST_PARENT	
3382	3383	IS_AST_PARENT	
3381	3382	IS_AST_PARENT	
3381	3394	IS_AST_PARENT	
3399	3400	IS_AST_PARENT	
3398	3399	IS_AST_PARENT	
3402	3403	IS_AST_PARENT	
3401	3402	IS_AST_PARENT	
3404	3405	IS_AST_PARENT	
3401	3404	IS_AST_PARENT	
3406	3407	IS_AST_PARENT	
3401	3406	IS_AST_PARENT	
3398	3401	IS_AST_PARENT	
3397	3398	IS_AST_PARENT	
3396	3397	IS_AST_PARENT	
3396	3408	IS_AST_PARENT	
3395	3396	IS_AST_PARENT	
3381	3395	IS_AST_PARENT	
3380	3381	IS_AST_PARENT	
3380	3409	IS_AST_PARENT	
3379	3380	IS_AST_PARENT	
3410	3411	IS_AST_PARENT	
3379	3410	IS_AST_PARENT	
3320	3379	IS_AST_PARENT	
3413	3414	IS_AST_PARENT	
3416	3417	IS_AST_PARENT	
3415	3416	IS_AST_PARENT	
3419	3420	IS_AST_PARENT	
3418	3419	IS_AST_PARENT	
3421	3422	IS_AST_PARENT	
3418	3421	IS_AST_PARENT	
3415	3418	IS_AST_PARENT	
3413	3415	IS_AST_PARENT	
3412	3413	IS_AST_PARENT	
3320	3412	IS_AST_PARENT	
3425	3426	IS_AST_PARENT	
3425	3427	IS_AST_PARENT	
3424	3425	IS_AST_PARENT	
3428	3429	IS_AST_PARENT	
3430	3431	IS_AST_PARENT	
3430	3432	IS_AST_PARENT	
3428	3430	IS_AST_PARENT	
3424	3428	IS_AST_PARENT	
3423	3424	IS_AST_PARENT	
3320	3423	IS_AST_PARENT	
3435	3436	IS_AST_PARENT	
3435	3437	IS_AST_PARENT	
3434	3435	IS_AST_PARENT	
3438	3439	IS_AST_PARENT	
3440	3441	IS_AST_PARENT	
3440	3442	IS_AST_PARENT	
3438	3440	IS_AST_PARENT	
3434	3438	IS_AST_PARENT	
3433	3434	IS_AST_PARENT	
3320	3433	IS_AST_PARENT	
3319	3320	IS_AST_PARENT	
3319	3443	IS_AST_PARENT	
3319	3444	IS_AST_PARENT	
3446	3447	IS_AST_PARENT	
3446	3448	IS_AST_PARENT	
3445	3446	IS_AST_PARENT	
3449	3450	IS_AST_PARENT	
3449	3451	IS_AST_PARENT	
3445	3449	IS_AST_PARENT	
3452	3453	IS_AST_PARENT	
3452	3454	IS_AST_PARENT	
3445	3452	IS_AST_PARENT	
3455	3456	IS_AST_PARENT	
3455	3457	IS_AST_PARENT	
3445	3455	IS_AST_PARENT	
3319	3445	IS_AST_PARENT	
3458	3446	FLOWS_TO	
3446	3449	FLOWS_TO	
3449	3452	FLOWS_TO	
3452	3455	FLOWS_TO	
3455	3321	FLOWS_TO	
3321	3328	FLOWS_TO	
3350	3328	FLOWS_TO	
3350	3355	FLOWS_TO	
3328	3337	FLOWS_TO	
3328	3349	FLOWS_TO	
3337	3348	FLOWS_TO	
3348	3459	FLOWS_TO	
3349	3350	FLOWS_TO	
3377	3355	FLOWS_TO	
3377	3382	FLOWS_TO	
3355	3364	FLOWS_TO	
3355	3376	FLOWS_TO	
3364	3375	FLOWS_TO	
3375	3459	FLOWS_TO	
3376	3377	FLOWS_TO	
3410	3382	FLOWS_TO	
3410	3412	FLOWS_TO	
3382	3397	FLOWS_TO	
3382	3409	FLOWS_TO	
3397	3408	FLOWS_TO	
3408	3459	FLOWS_TO	
3409	3410	FLOWS_TO	
3412	3423	FLOWS_TO	
3423	3433	FLOWS_TO	
3433	3459	FLOWS_TO	
3337	3460	USE	
3344	3460	USE	
3364	3460	USE	
3371	3460	USE	
3397	3460	USE	
3404	3460	USE	
3452	3461	DEF	
3382	3461	USE	
3423	3461	USE	
3425	3461	USE	
3412	3462	USE	
3413	3462	USE	
3455	3463	DEF	
3382	3463	USE	
3433	3463	USE	
3435	3463	USE	
3433	3464	DEF	
3434	3464	DEF	
3449	3465	DEF	
3355	3465	USE	
3412	3465	USE	
3421	3465	USE	
3446	3466	DEF	
3328	3466	USE	
3412	3466	USE	
3419	3466	USE	
3423	3466	USE	
3430	3466	USE	
3433	3466	USE	
3440	3466	USE	
3321	3467	DEF	
3322	3467	DEF	
3412	3467	DEF	
3413	3467	DEF	
3423	3467	USE	
3424	3467	USE	
3433	3467	USE	
3434	3467	USE	
3423	3468	USE	
3424	3468	USE	
3433	3468	USE	
3434	3468	USE	
3423	3469	USE	
3424	3469	USE	
3433	3469	USE	
3434	3469	USE	
3423	3470	DEF	
3424	3470	DEF	
3433	3459	REACHES	* tile_row
3412	3423	REACHES	tile_num
3412	3433	REACHES	tile_num
3452	3382	REACHES	tile_col
3452	3423	REACHES	tile_col
3455	3382	REACHES	tile_row
3455	3433	REACHES	tile_row
3449	3355	REACHES	tile
3449	3412	REACHES	tile
3446	3328	REACHES	tm
3446	3412	REACHES	tm
3446	3423	REACHES	tm
3446	3433	REACHES	tm
3423	3459	REACHES	* tile_col
3458	3446	CONTROLS	
3458	3449	CONTROLS	
3458	3452	CONTROLS	
3458	3455	CONTROLS	
3458	3321	CONTROLS	
3458	3328	CONTROLS	
3350	3328	CONTROLS	
3350	3355	CONTROLS	
3328	3337	CONTROLS	
3328	3348	CONTROLS	
3328	3349	CONTROLS	
3328	3350	CONTROLS	
3377	3355	CONTROLS	
3377	3382	CONTROLS	
3355	3364	CONTROLS	
3355	3375	CONTROLS	
3355	3376	CONTROLS	
3355	3377	CONTROLS	
3410	3382	CONTROLS	
3410	3412	CONTROLS	
3410	3423	CONTROLS	
3410	3433	CONTROLS	
3382	3397	CONTROLS	
3382	3408	CONTROLS	
3382	3409	CONTROLS	
3382	3410	CONTROLS	
3382	3397	DOM	
3412	3423	DOM	
3458	3446	DOM	
3355	3376	DOM	
3409	3410	DOM	
3446	3449	DOM	
3350	3355	DOM	
3328	3459	DOM	
3337	3348	DOM	
3458	3458	DOM	
3455	3321	DOM	
3452	3455	DOM	
3321	3328	DOM	
3449	3452	DOM	
3328	3349	DOM	
3377	3382	DOM	
3397	3408	DOM	
3410	3412	DOM	
3376	3377	DOM	
3382	3409	DOM	
3423	3433	DOM	
3328	3337	DOM	
3349	3350	DOM	
3364	3375	DOM	
3355	3364	DOM	
3408	3397	POST_DOM	
3433	3423	POST_DOM	
3449	3446	POST_DOM	
3377	3376	POST_DOM	
3459	3410	POST_DOM	
3452	3449	POST_DOM	
3459	3355	POST_DOM	
3459	3459	POST_DOM	
3459	3348	POST_DOM	
3328	3321	POST_DOM	
3446	3458	POST_DOM	
3459	3328	POST_DOM	
3321	3455	POST_DOM	
3455	3452	POST_DOM	
3350	3349	POST_DOM	
3459	3382	POST_DOM	
3459	3408	POST_DOM	
3423	3412	POST_DOM	
3459	3377	POST_DOM	
3410	3409	POST_DOM	
3459	3433	POST_DOM	
3348	3337	POST_DOM	
3459	3350	POST_DOM	
3459	3375	POST_DOM	
3375	3364	POST_DOM	
3318	3319	IS_FUNCTION_OF_AST	
3318	3458	IS_FUNCTION_OF_CFG	
1	3318	IS_FILE_OF	
3475	3476	IS_AST_PARENT	
3475	3477	IS_AST_PARENT	
3474	3475	IS_AST_PARENT	
3473	3474	IS_AST_PARENT	
3479	3480	IS_AST_PARENT	
3479	3481	IS_AST_PARENT	
3478	3479	IS_AST_PARENT	
3473	3478	IS_AST_PARENT	
3485	3486	IS_AST_PARENT	
3484	3485	IS_AST_PARENT	
3489	3490	IS_AST_PARENT	
3489	3491	IS_AST_PARENT	
3488	3489	IS_AST_PARENT	
3487	3488	IS_AST_PARENT	
3492	3493	IS_AST_PARENT	
3487	3492	IS_AST_PARENT	
3494	3495	IS_AST_PARENT	
3487	3494	IS_AST_PARENT	
3484	3487	IS_AST_PARENT	
3483	3484	IS_AST_PARENT	
3482	3483	IS_AST_PARENT	
3496	3497	IS_AST_PARENT	
3502	3503	IS_AST_PARENT	
3501	3502	IS_AST_PARENT	
3505	3506	IS_AST_PARENT	
3504	3505	IS_AST_PARENT	
3507	3508	IS_AST_PARENT	
3504	3507	IS_AST_PARENT	
3501	3504	IS_AST_PARENT	
3500	3501	IS_AST_PARENT	
3500	3509	IS_AST_PARENT	
3499	3500	IS_AST_PARENT	
3498	3499	IS_AST_PARENT	
3510	3511	IS_AST_PARENT	
3514	3515	IS_AST_PARENT	
3513	3514	IS_AST_PARENT	
3517	3518	IS_AST_PARENT	
3516	3517	IS_AST_PARENT	
3519	3520	IS_AST_PARENT	
3516	3519	IS_AST_PARENT	
3521	3522	IS_AST_PARENT	
3516	3521	IS_AST_PARENT	
3523	3524	IS_AST_PARENT	
3516	3523	IS_AST_PARENT	
3513	3516	IS_AST_PARENT	
3512	3513	IS_AST_PARENT	
3510	3512	IS_AST_PARENT	
3527	3528	IS_AST_PARENT	
3526	3527	IS_AST_PARENT	
3526	3529	IS_AST_PARENT	
3525	3526	IS_AST_PARENT	
3510	3525	IS_AST_PARENT	
3498	3510	IS_AST_PARENT	
3496	3498	IS_AST_PARENT	
3482	3496	IS_AST_PARENT	
3473	3482	IS_AST_PARENT	
3534	3535	IS_AST_PARENT	
3536	3537	IS_AST_PARENT	
3536	3538	IS_AST_PARENT	
3534	3536	IS_AST_PARENT	
3533	3534	IS_AST_PARENT	
3532	3533	IS_AST_PARENT	
3532	3539	IS_AST_PARENT	
3544	3545	IS_AST_PARENT	
3543	3544	IS_AST_PARENT	
3547	3548	IS_AST_PARENT	
3546	3547	IS_AST_PARENT	
3549	3550	IS_AST_PARENT	
3546	3549	IS_AST_PARENT	
3551	3552	IS_AST_PARENT	
3546	3551	IS_AST_PARENT	
3543	3546	IS_AST_PARENT	
3542	3543	IS_AST_PARENT	
3541	3542	IS_AST_PARENT	
3541	3553	IS_AST_PARENT	
3540	3541	IS_AST_PARENT	
3532	3540	IS_AST_PARENT	
3531	3532	IS_AST_PARENT	
3531	3554	IS_AST_PARENT	
3530	3531	IS_AST_PARENT	
3555	3556	IS_AST_PARENT	
3530	3555	IS_AST_PARENT	
3473	3530	IS_AST_PARENT	
3561	3562	IS_AST_PARENT	
3563	3564	IS_AST_PARENT	
3563	3565	IS_AST_PARENT	
3561	3563	IS_AST_PARENT	
3560	3561	IS_AST_PARENT	
3559	3560	IS_AST_PARENT	
3559	3566	IS_AST_PARENT	
3571	3572	IS_AST_PARENT	
3570	3571	IS_AST_PARENT	
3574	3575	IS_AST_PARENT	
3573	3574	IS_AST_PARENT	
3576	3577	IS_AST_PARENT	
3573	3576	IS_AST_PARENT	
3578	3579	IS_AST_PARENT	
3573	3578	IS_AST_PARENT	
3570	3573	IS_AST_PARENT	
3569	3570	IS_AST_PARENT	
3568	3569	IS_AST_PARENT	
3568	3580	IS_AST_PARENT	
3567	3568	IS_AST_PARENT	
3559	3567	IS_AST_PARENT	
3558	3559	IS_AST_PARENT	
3558	3581	IS_AST_PARENT	
3557	3558	IS_AST_PARENT	
3582	3583	IS_AST_PARENT	
3557	3582	IS_AST_PARENT	
3473	3557	IS_AST_PARENT	
3589	3590	IS_AST_PARENT	
3591	3592	IS_AST_PARENT	
3591	3593	IS_AST_PARENT	
3589	3591	IS_AST_PARENT	
3588	3589	IS_AST_PARENT	
3594	3595	IS_AST_PARENT	
3596	3597	IS_AST_PARENT	
3596	3598	IS_AST_PARENT	
3594	3596	IS_AST_PARENT	
3588	3594	IS_AST_PARENT	
3587	3588	IS_AST_PARENT	
3586	3587	IS_AST_PARENT	
3586	3599	IS_AST_PARENT	
3604	3605	IS_AST_PARENT	
3603	3604	IS_AST_PARENT	
3607	3608	IS_AST_PARENT	
3606	3607	IS_AST_PARENT	
3609	3610	IS_AST_PARENT	
3606	3609	IS_AST_PARENT	
3611	3612	IS_AST_PARENT	
3606	3611	IS_AST_PARENT	
3603	3606	IS_AST_PARENT	
3602	3603	IS_AST_PARENT	
3601	3602	IS_AST_PARENT	
3601	3613	IS_AST_PARENT	
3600	3601	IS_AST_PARENT	
3586	3600	IS_AST_PARENT	
3585	3586	IS_AST_PARENT	
3585	3614	IS_AST_PARENT	
3584	3585	IS_AST_PARENT	
3615	3616	IS_AST_PARENT	
3584	3615	IS_AST_PARENT	
3473	3584	IS_AST_PARENT	
3619	3620	IS_AST_PARENT	
3618	3619	IS_AST_PARENT	
3622	3623	IS_AST_PARENT	
3621	3622	IS_AST_PARENT	
3624	3625	IS_AST_PARENT	
3621	3624	IS_AST_PARENT	
3627	3628	IS_AST_PARENT	
3627	3629	IS_AST_PARENT	
3626	3627	IS_AST_PARENT	
3621	3626	IS_AST_PARENT	
3631	3632	IS_AST_PARENT	
3631	3633	IS_AST_PARENT	
3630	3631	IS_AST_PARENT	
3621	3630	IS_AST_PARENT	
3618	3621	IS_AST_PARENT	
3617	3618	IS_AST_PARENT	
3473	3617	IS_AST_PARENT	
3636	3637	IS_AST_PARENT	
3636	3638	IS_AST_PARENT	
3635	3636	IS_AST_PARENT	
3639	3640	IS_AST_PARENT	
3639	3641	IS_AST_PARENT	
3635	3639	IS_AST_PARENT	
3634	3635	IS_AST_PARENT	
3473	3634	IS_AST_PARENT	
3644	3645	IS_AST_PARENT	
3644	3646	IS_AST_PARENT	
3643	3644	IS_AST_PARENT	
3647	3648	IS_AST_PARENT	
3647	3649	IS_AST_PARENT	
3643	3647	IS_AST_PARENT	
3642	3643	IS_AST_PARENT	
3473	3642	IS_AST_PARENT	
3472	3473	IS_AST_PARENT	
3472	3650	IS_AST_PARENT	
3472	3651	IS_AST_PARENT	
3653	3654	IS_AST_PARENT	
3653	3655	IS_AST_PARENT	
3652	3653	IS_AST_PARENT	
3656	3657	IS_AST_PARENT	
3656	3658	IS_AST_PARENT	
3652	3656	IS_AST_PARENT	
3659	3660	IS_AST_PARENT	
3659	3661	IS_AST_PARENT	
3652	3659	IS_AST_PARENT	
3662	3663	IS_AST_PARENT	
3662	3664	IS_AST_PARENT	
3652	3662	IS_AST_PARENT	
3472	3652	IS_AST_PARENT	
3665	3653	FLOWS_TO	
3653	3656	FLOWS_TO	
3656	3659	FLOWS_TO	
3659	3662	FLOWS_TO	
3662	3474	FLOWS_TO	
3474	3478	FLOWS_TO	
3478	3483	FLOWS_TO	
3483	3497	FLOWS_TO	
3483	3533	FLOWS_TO	
3497	3499	FLOWS_TO	
3499	3511	FLOWS_TO	
3499	3533	FLOWS_TO	
3511	3512	FLOWS_TO	
3512	3525	FLOWS_TO	
3525	3533	FLOWS_TO	
3555	3533	FLOWS_TO	
3555	3560	FLOWS_TO	
3533	3542	FLOWS_TO	
3533	3554	FLOWS_TO	
3542	3553	FLOWS_TO	
3553	3666	FLOWS_TO	
3554	3555	FLOWS_TO	
3582	3560	FLOWS_TO	
3582	3587	FLOWS_TO	
3560	3569	FLOWS_TO	
3560	3581	FLOWS_TO	
3569	3580	FLOWS_TO	
3580	3666	FLOWS_TO	
3581	3582	FLOWS_TO	
3615	3587	FLOWS_TO	
3615	3617	FLOWS_TO	
3587	3602	FLOWS_TO	
3587	3614	FLOWS_TO	
3602	3613	FLOWS_TO	
3613	3666	FLOWS_TO	
3614	3615	FLOWS_TO	
3617	3634	FLOWS_TO	
3634	3642	FLOWS_TO	
3642	3666	FLOWS_TO	
3542	3667	USE	
3549	3667	USE	
3569	3667	USE	
3576	3667	USE	
3602	3667	USE	
3609	3667	USE	
3634	3668	DEF	
3635	3668	DEF	
3642	3669	DEF	
3643	3669	DEF	
3483	3670	USE	
3488	3670	USE	
3512	3671	USE	
3519	3671	USE	
3483	3672	USE	
3617	3673	USE	
3630	3673	USE	
3474	3674	DEF	
3475	3674	DEF	
3634	3674	USE	
3635	3674	USE	
3512	3675	USE	
3517	3675	USE	
3478	3676	DEF	
3479	3676	DEF	
3642	3676	USE	
3643	3676	USE	
3656	3677	DEF	
3560	3677	USE	
3617	3677	USE	
3624	3677	USE	
3659	3678	DEF	
3587	3678	USE	
3634	3678	USE	
3636	3678	USE	
3653	3679	DEF	
3533	3679	USE	
3617	3679	USE	
3622	3679	USE	
3662	3680	DEF	
3587	3680	USE	
3642	3680	USE	
3644	3680	USE	
3617	3681	USE	
3626	3681	USE	
3499	3682	USE	
3634	3666	REACHES	* x
3474	3634	REACHES	tile_col
3642	3666	REACHES	* y
3478	3642	REACHES	tile_row
3656	3560	REACHES	tile
3659	3587	REACHES	x
3656	3617	REACHES	tile
3659	3634	REACHES	x
3653	3533	REACHES	tm
3662	3587	REACHES	y
3653	3617	REACHES	tm
3662	3642	REACHES	y
3665	3653	CONTROLS	
3665	3656	CONTROLS	
3665	3659	CONTROLS	
3665	3662	CONTROLS	
3665	3474	CONTROLS	
3665	3478	CONTROLS	
3665	3483	CONTROLS	
3665	3533	CONTROLS	
3483	3497	CONTROLS	
3483	3499	CONTROLS	
3499	3511	CONTROLS	
3499	3512	CONTROLS	
3499	3525	CONTROLS	
3555	3533	CONTROLS	
3555	3560	CONTROLS	
3533	3542	CONTROLS	
3533	3553	CONTROLS	
3533	3554	CONTROLS	
3533	3555	CONTROLS	
3582	3560	CONTROLS	
3582	3587	CONTROLS	
3560	3569	CONTROLS	
3560	3580	CONTROLS	
3560	3581	CONTROLS	
3560	3582	CONTROLS	
3615	3587	CONTROLS	
3615	3617	CONTROLS	
3615	3634	CONTROLS	
3615	3642	CONTROLS	
3587	3602	CONTROLS	
3587	3613	CONTROLS	
3587	3614	CONTROLS	
3587	3615	CONTROLS	
3656	3659	DOM	
3533	3542	DOM	
3483	3497	DOM	
3662	3474	DOM	
3560	3581	DOM	
3569	3580	DOM	
3602	3613	DOM	
3615	3617	DOM	
3617	3634	DOM	
3511	3512	DOM	
3560	3569	DOM	
3499	3511	DOM	
3478	3483	DOM	
3653	3656	DOM	
3474	3478	DOM	
3497	3499	DOM	
3587	3602	DOM	
3512	3525	DOM	
3483	3533	DOM	
3665	3653	DOM	
3533	3666	DOM	
3665	3665	DOM	
3634	3642	DOM	
3659	3662	DOM	
3542	3553	DOM	
3554	3555	DOM	
3533	3554	DOM	
3587	3614	DOM	
3614	3615	DOM	
3555	3560	DOM	
3582	3587	DOM	
3581	3582	DOM	
3553	3542	POST_DOM	
3662	3659	POST_DOM	
3499	3497	POST_DOM	
3478	3474	POST_DOM	
3582	3581	POST_DOM	
3666	3580	POST_DOM	
3666	3613	POST_DOM	
3642	3634	POST_DOM	
3634	3617	POST_DOM	
3525	3512	POST_DOM	
3580	3569	POST_DOM	
3512	3511	POST_DOM	
3533	3483	POST_DOM	
3659	3656	POST_DOM	
3483	3478	POST_DOM	
3533	3499	POST_DOM	
3613	3602	POST_DOM	
3533	3525	POST_DOM	
3666	3533	POST_DOM	
3656	3653	POST_DOM	
3666	3666	POST_DOM	
3653	3665	POST_DOM	
3666	3642	POST_DOM	
3666	3553	POST_DOM	
3474	3662	POST_DOM	
3666	3555	POST_DOM	
3555	3554	POST_DOM	
3615	3614	POST_DOM	
3666	3615	POST_DOM	
3666	3560	POST_DOM	
3666	3587	POST_DOM	
3666	3582	POST_DOM	
3471	3472	IS_FUNCTION_OF_AST	
3471	3665	IS_FUNCTION_OF_CFG	
1	3471	IS_FILE_OF	
3687	3688	IS_AST_PARENT	
3687	3689	IS_AST_PARENT	
3686	3687	IS_AST_PARENT	
3685	3686	IS_AST_PARENT	
3694	3695	IS_AST_PARENT	
3696	3697	IS_AST_PARENT	
3696	3698	IS_AST_PARENT	
3694	3696	IS_AST_PARENT	
3693	3694	IS_AST_PARENT	
3692	3693	IS_AST_PARENT	
3692	3699	IS_AST_PARENT	
3704	3705	IS_AST_PARENT	
3703	3704	IS_AST_PARENT	
3707	3708	IS_AST_PARENT	
3706	3707	IS_AST_PARENT	
3709	3710	IS_AST_PARENT	
3706	3709	IS_AST_PARENT	
3711	3712	IS_AST_PARENT	
3706	3711	IS_AST_PARENT	
3703	3706	IS_AST_PARENT	
3702	3703	IS_AST_PARENT	
3701	3702	IS_AST_PARENT	
3701	3713	IS_AST_PARENT	
3700	3701	IS_AST_PARENT	
3692	3700	IS_AST_PARENT	
3691	3692	IS_AST_PARENT	
3691	3714	IS_AST_PARENT	
3690	3691	IS_AST_PARENT	
3715	3716	IS_AST_PARENT	
3690	3715	IS_AST_PARENT	
3685	3690	IS_AST_PARENT	
3721	3722	IS_AST_PARENT	
3723	3724	IS_AST_PARENT	
3723	3725	IS_AST_PARENT	
3721	3723	IS_AST_PARENT	
3720	3721	IS_AST_PARENT	
3719	3720	IS_AST_PARENT	
3719	3726	IS_AST_PARENT	
3731	3732	IS_AST_PARENT	
3730	3731	IS_AST_PARENT	
3734	3735	IS_AST_PARENT	
3733	3734	IS_AST_PARENT	
3736	3737	IS_AST_PARENT	
3733	3736	IS_AST_PARENT	
3738	3739	IS_AST_PARENT	
3733	3738	IS_AST_PARENT	
3730	3733	IS_AST_PARENT	
3729	3730	IS_AST_PARENT	
3728	3729	IS_AST_PARENT	
3728	3740	IS_AST_PARENT	
3727	3728	IS_AST_PARENT	
3719	3727	IS_AST_PARENT	
3718	3719	IS_AST_PARENT	
3718	3741	IS_AST_PARENT	
3717	3718	IS_AST_PARENT	
3742	3743	IS_AST_PARENT	
3717	3742	IS_AST_PARENT	
3685	3717	IS_AST_PARENT	
3748	3749	IS_AST_PARENT	
3750	3751	IS_AST_PARENT	
3750	3752	IS_AST_PARENT	
3748	3750	IS_AST_PARENT	
3747	3748	IS_AST_PARENT	
3746	3747	IS_AST_PARENT	
3746	3753	IS_AST_PARENT	
3758	3759	IS_AST_PARENT	
3757	3758	IS_AST_PARENT	
3761	3762	IS_AST_PARENT	
3760	3761	IS_AST_PARENT	
3763	3764	IS_AST_PARENT	
3760	3763	IS_AST_PARENT	
3765	3766	IS_AST_PARENT	
3760	3765	IS_AST_PARENT	
3757	3760	IS_AST_PARENT	
3756	3757	IS_AST_PARENT	
3755	3756	IS_AST_PARENT	
3755	3767	IS_AST_PARENT	
3754	3755	IS_AST_PARENT	
3746	3754	IS_AST_PARENT	
3745	3746	IS_AST_PARENT	
3745	3768	IS_AST_PARENT	
3744	3745	IS_AST_PARENT	
3769	3770	IS_AST_PARENT	
3744	3769	IS_AST_PARENT	
3685	3744	IS_AST_PARENT	
3773	3774	IS_AST_PARENT	
3775	3776	IS_AST_PARENT	
3775	3777	IS_AST_PARENT	
3773	3775	IS_AST_PARENT	
3772	3773	IS_AST_PARENT	
3771	3772	IS_AST_PARENT	
3778	3779	IS_AST_PARENT	
3771	3778	IS_AST_PARENT	
3780	3781	IS_AST_PARENT	
3782	3783	IS_AST_PARENT	
3782	3784	IS_AST_PARENT	
3780	3782	IS_AST_PARENT	
3771	3780	IS_AST_PARENT	
3789	3790	IS_AST_PARENT	
3789	3791	IS_AST_PARENT	
3788	3789	IS_AST_PARENT	
3788	3792	IS_AST_PARENT	
3787	3788	IS_AST_PARENT	
3786	3787	IS_AST_PARENT	
3793	3794	IS_AST_PARENT	
3786	3793	IS_AST_PARENT	
3785	3786	IS_AST_PARENT	
3771	3785	IS_AST_PARENT	
3685	3771	IS_AST_PARENT	
3797	3798	IS_AST_PARENT	
3799	3800	IS_AST_PARENT	
3799	3801	IS_AST_PARENT	
3797	3799	IS_AST_PARENT	
3796	3797	IS_AST_PARENT	
3795	3796	IS_AST_PARENT	
3805	3806	IS_AST_PARENT	
3804	3805	IS_AST_PARENT	
3808	3809	IS_AST_PARENT	
3807	3808	IS_AST_PARENT	
3810	3811	IS_AST_PARENT	
3807	3810	IS_AST_PARENT	
3812	3813	IS_AST_PARENT	
3807	3812	IS_AST_PARENT	
3814	3815	IS_AST_PARENT	
3807	3814	IS_AST_PARENT	
3804	3807	IS_AST_PARENT	
3803	3804	IS_AST_PARENT	
3802	3803	IS_AST_PARENT	
3802	3816	IS_AST_PARENT	
3795	3802	IS_AST_PARENT	
3685	3795	IS_AST_PARENT	
3819	3820	IS_AST_PARENT	
3818	3819	IS_AST_PARENT	
3822	3823	IS_AST_PARENT	
3821	3822	IS_AST_PARENT	
3825	3826	IS_AST_PARENT	
3825	3827	IS_AST_PARENT	
3824	3825	IS_AST_PARENT	
3821	3824	IS_AST_PARENT	
3828	3829	IS_AST_PARENT	
3821	3828	IS_AST_PARENT	
3818	3821	IS_AST_PARENT	
3817	3818	IS_AST_PARENT	
3685	3817	IS_AST_PARENT	
3684	3685	IS_AST_PARENT	
3684	3830	IS_AST_PARENT	
3684	3831	IS_AST_PARENT	
3833	3834	IS_AST_PARENT	
3833	3835	IS_AST_PARENT	
3832	3833	IS_AST_PARENT	
3836	3837	IS_AST_PARENT	
3836	3838	IS_AST_PARENT	
3832	3836	IS_AST_PARENT	
3839	3840	IS_AST_PARENT	
3839	3841	IS_AST_PARENT	
3832	3839	IS_AST_PARENT	
3684	3832	IS_AST_PARENT	
3842	3833	FLOWS_TO	
3833	3836	FLOWS_TO	
3836	3839	FLOWS_TO	
3839	3686	FLOWS_TO	
3686	3693	FLOWS_TO	
3715	3693	FLOWS_TO	
3715	3720	FLOWS_TO	
3693	3702	FLOWS_TO	
3693	3714	FLOWS_TO	
3702	3713	FLOWS_TO	
3713	3843	FLOWS_TO	
3714	3715	FLOWS_TO	
3742	3720	FLOWS_TO	
3742	3747	FLOWS_TO	
3720	3729	FLOWS_TO	
3720	3741	FLOWS_TO	
3729	3740	FLOWS_TO	
3740	3843	FLOWS_TO	
3741	3742	FLOWS_TO	
3769	3747	FLOWS_TO	
3769	3772	FLOWS_TO	
3747	3756	FLOWS_TO	
3747	3768	FLOWS_TO	
3756	3767	FLOWS_TO	
3767	3843	FLOWS_TO	
3768	3769	FLOWS_TO	
3778	3787	FLOWS_TO	
3778	3796	FLOWS_TO	
3772	3778	FLOWS_TO	
3780	3778	FLOWS_TO	
3787	3794	FLOWS_TO	
3787	3780	FLOWS_TO	
3794	3796	FLOWS_TO	
3796	3803	FLOWS_TO	
3796	3817	FLOWS_TO	
3803	3816	FLOWS_TO	
3816	3843	FLOWS_TO	
3817	3843	FLOWS_TO	
3772	3844	USE	
3773	3844	USE	
3702	3845	USE	
3709	3845	USE	
3729	3845	USE	
3736	3845	USE	
3756	3845	USE	
3763	3845	USE	
3772	3846	USE	
3773	3846	USE	
3836	3847	DEF	
3720	3847	USE	
3772	3847	USE	
3775	3847	USE	
3686	3848	DEF	
3687	3848	DEF	
3778	3848	USE	
3772	3848	DEF	
3773	3848	DEF	
3780	3848	USE	
3782	3848	USE	
3780	3848	DEF	
3787	3848	USE	
3789	3848	USE	
3796	3848	USE	
3817	3848	USE	
3825	3848	USE	
3803	3849	USE	
3810	3849	USE	
3833	3850	DEF	
3693	3850	USE	
3787	3850	USE	
3817	3850	USE	
3822	3850	USE	
3787	3851	USE	
3839	3852	DEF	
3747	3852	USE	
3817	3852	USE	
3828	3852	USE	
3780	3853	USE	
3780	3854	USE	
3787	3854	USE	
3817	3854	USE	
3824	3854	USE	
3817	3855	USE	
3824	3855	USE	
3839	3747	REACHES	srctile
3839	3817	REACHES	srctile
3836	3720	REACHES	tile
3836	3772	REACHES	tile
3772	3780	REACHES	tl
3780	3778	REACHES	tl
3772	3778	REACHES	tl
3780	3780	REACHES	tl
3772	3817	REACHES	tl
3780	3787	REACHES	tl
3772	3787	REACHES	tl
3780	3796	REACHES	tl
3772	3796	REACHES	tl
3780	3817	REACHES	tl
3833	3693	REACHES	tm
3833	3787	REACHES	tm
3833	3817	REACHES	tm
3842	3833	CONTROLS	
3842	3836	CONTROLS	
3842	3839	CONTROLS	
3842	3686	CONTROLS	
3842	3693	CONTROLS	
3715	3693	CONTROLS	
3715	3720	CONTROLS	
3693	3702	CONTROLS	
3693	3713	CONTROLS	
3693	3714	CONTROLS	
3693	3715	CONTROLS	
3742	3720	CONTROLS	
3742	3747	CONTROLS	
3720	3729	CONTROLS	
3720	3740	CONTROLS	
3720	3741	CONTROLS	
3720	3742	CONTROLS	
3769	3747	CONTROLS	
3769	3772	CONTROLS	
3769	3778	CONTROLS	
3769	3796	CONTROLS	
3747	3756	CONTROLS	
3747	3767	CONTROLS	
3747	3768	CONTROLS	
3747	3769	CONTROLS	
3778	3787	CONTROLS	
3787	3794	CONTROLS	
3787	3780	CONTROLS	
3787	3778	CONTROLS	
3796	3803	CONTROLS	
3796	3816	CONTROLS	
3796	3817	CONTROLS	
3729	3740	DOM	
3842	3833	DOM	
3787	3794	DOM	
3769	3772	DOM	
3787	3780	DOM	
3833	3836	DOM	
3756	3767	DOM	
3839	3686	DOM	
3714	3715	DOM	
3715	3720	DOM	
3742	3747	DOM	
3702	3713	DOM	
3693	3843	DOM	
3747	3756	DOM	
3747	3768	DOM	
3741	3742	DOM	
3720	3729	DOM	
3836	3839	DOM	
3842	3842	DOM	
3796	3817	DOM	
3693	3714	DOM	
3720	3741	DOM	
3768	3769	DOM	
3772	3778	DOM	
3686	3693	DOM	
3803	3816	DOM	
3796	3803	DOM	
3778	3787	DOM	
3693	3702	DOM	
3778	3796	DOM	
3843	3740	POST_DOM	
3836	3833	POST_DOM	
3796	3794	POST_DOM	
3778	3772	POST_DOM	
3778	3780	POST_DOM	
3839	3836	POST_DOM	
3843	3767	POST_DOM	
3693	3686	POST_DOM	
3843	3715	POST_DOM	
3843	3720	POST_DOM	
3843	3747	POST_DOM	
3843	3843	POST_DOM	
3843	3713	POST_DOM	
3767	3756	POST_DOM	
3769	3768	POST_DOM	
3843	3742	POST_DOM	
3740	3729	POST_DOM	
3686	3839	POST_DOM	
3833	3842	POST_DOM	
3843	3817	POST_DOM	
3715	3714	POST_DOM	
3742	3741	POST_DOM	
3843	3769	POST_DOM	
3796	3778	POST_DOM	
3843	3693	POST_DOM	
3843	3816	POST_DOM	
3816	3803	POST_DOM	
3796	3787	POST_DOM	
3713	3702	POST_DOM	
3843	3796	POST_DOM	
3683	3684	IS_FUNCTION_OF_AST	
3683	3842	IS_FUNCTION_OF_CFG	
1	3683	IS_FILE_OF	
3860	3861	IS_AST_PARENT	
3860	3862	IS_AST_PARENT	
3859	3860	IS_AST_PARENT	
3858	3859	IS_AST_PARENT	
3864	3865	IS_AST_PARENT	
3864	3866	IS_AST_PARENT	
3863	3864	IS_AST_PARENT	
3858	3863	IS_AST_PARENT	
3869	3870	IS_AST_PARENT	
3869	3871	IS_AST_PARENT	
3868	3869	IS_AST_PARENT	
3867	3868	IS_AST_PARENT	
3873	3874	IS_AST_PARENT	
3873	3875	IS_AST_PARENT	
3872	3873	IS_AST_PARENT	
3867	3872	IS_AST_PARENT	
3876	3877	IS_AST_PARENT	
3878	3879	IS_AST_PARENT	
3880	3881	IS_AST_PARENT	
3880	3882	IS_AST_PARENT	
3878	3880	IS_AST_PARENT	
3876	3878	IS_AST_PARENT	
3867	3876	IS_AST_PARENT	
3885	3886	IS_AST_PARENT	
3885	3887	IS_AST_PARENT	
3884	3885	IS_AST_PARENT	
3883	3884	IS_AST_PARENT	
3889	3890	IS_AST_PARENT	
3889	3891	IS_AST_PARENT	
3888	3889	IS_AST_PARENT	
3883	3888	IS_AST_PARENT	
3892	3893	IS_AST_PARENT	
3894	3895	IS_AST_PARENT	
3896	3897	IS_AST_PARENT	
3896	3898	IS_AST_PARENT	
3894	3896	IS_AST_PARENT	
3892	3894	IS_AST_PARENT	
3883	3892	IS_AST_PARENT	
3901	3902	IS_AST_PARENT	
3901	3903	IS_AST_PARENT	
3904	3905	IS_AST_PARENT	
3907	3908	IS_AST_PARENT	
3906	3907	IS_AST_PARENT	
3910	3911	IS_AST_PARENT	
3909	3910	IS_AST_PARENT	
3912	3913	IS_AST_PARENT	
3909	3912	IS_AST_PARENT	
3914	3915	IS_AST_PARENT	
3909	3914	IS_AST_PARENT	
3917	3918	IS_AST_PARENT	
3917	3919	IS_AST_PARENT	
3916	3917	IS_AST_PARENT	
3909	3916	IS_AST_PARENT	
3920	3921	IS_AST_PARENT	
3909	3920	IS_AST_PARENT	
3906	3909	IS_AST_PARENT	
3904	3906	IS_AST_PARENT	
3901	3904	IS_AST_PARENT	
3900	3901	IS_AST_PARENT	
3899	3900	IS_AST_PARENT	
3923	3924	IS_AST_PARENT	
3923	3925	IS_AST_PARENT	
3926	3927	IS_AST_PARENT	
3929	3930	IS_AST_PARENT	
3929	3931	IS_AST_PARENT	
3928	3929	IS_AST_PARENT	
3935	3936	IS_AST_PARENT	
3937	3938	IS_AST_PARENT	
3937	3939	IS_AST_PARENT	
3935	3937	IS_AST_PARENT	
3934	3935	IS_AST_PARENT	
3940	3941	IS_AST_PARENT	
3940	3942	IS_AST_PARENT	
3934	3940	IS_AST_PARENT	
3933	3934	IS_AST_PARENT	
3943	3944	IS_AST_PARENT	
3945	3946	IS_AST_PARENT	
3945	3947	IS_AST_PARENT	
3943	3945	IS_AST_PARENT	
3933	3943	IS_AST_PARENT	
3932	3933	IS_AST_PARENT	
3948	3949	IS_AST_PARENT	
3948	3950	IS_AST_PARENT	
3932	3948	IS_AST_PARENT	
3928	3932	IS_AST_PARENT	
3926	3928	IS_AST_PARENT	
3923	3926	IS_AST_PARENT	
3922	3923	IS_AST_PARENT	
3899	3922	IS_AST_PARENT	
3952	3953	IS_AST_PARENT	
3952	3954	IS_AST_PARENT	
3955	3956	IS_AST_PARENT	
3957	3958	IS_AST_PARENT	
3960	3961	IS_AST_PARENT	
3962	3963	IS_AST_PARENT	
3962	3964	IS_AST_PARENT	
3960	3962	IS_AST_PARENT	
3959	3960	IS_AST_PARENT	
3966	3967	IS_AST_PARENT	
3966	3968	IS_AST_PARENT	
3965	3966	IS_AST_PARENT	
3969	3970	IS_AST_PARENT	
3969	3971	IS_AST_PARENT	
3965	3969	IS_AST_PARENT	
3959	3965	IS_AST_PARENT	
3957	3959	IS_AST_PARENT	
3955	3957	IS_AST_PARENT	
3952	3955	IS_AST_PARENT	
3951	3952	IS_AST_PARENT	
3899	3951	IS_AST_PARENT	
3973	3974	IS_AST_PARENT	
3973	3975	IS_AST_PARENT	
3972	3973	IS_AST_PARENT	
3899	3972	IS_AST_PARENT	
3977	3978	IS_AST_PARENT	
3977	3979	IS_AST_PARENT	
3976	3977	IS_AST_PARENT	
3899	3976	IS_AST_PARENT	
3981	3982	IS_AST_PARENT	
3981	3983	IS_AST_PARENT	
3980	3981	IS_AST_PARENT	
3899	3980	IS_AST_PARENT	
3985	3986	IS_AST_PARENT	
3988	3989	IS_AST_PARENT	
3988	3990	IS_AST_PARENT	
3987	3988	IS_AST_PARENT	
3991	3992	IS_AST_PARENT	
3991	3993	IS_AST_PARENT	
3987	3991	IS_AST_PARENT	
3985	3987	IS_AST_PARENT	
3984	3985	IS_AST_PARENT	
3899	3984	IS_AST_PARENT	
3996	3997	IS_AST_PARENT	
3998	3999	IS_AST_PARENT	
4000	4001	IS_AST_PARENT	
4000	4002	IS_AST_PARENT	
3998	4000	IS_AST_PARENT	
3996	3998	IS_AST_PARENT	
3995	3996	IS_AST_PARENT	
3994	3995	IS_AST_PARENT	
4005	4006	IS_AST_PARENT	
4007	4008	IS_AST_PARENT	
4009	4010	IS_AST_PARENT	
4009	4011	IS_AST_PARENT	
4007	4009	IS_AST_PARENT	
4005	4007	IS_AST_PARENT	
4004	4005	IS_AST_PARENT	
4003	4004	IS_AST_PARENT	
3994	4003	IS_AST_PARENT	
3899	3994	IS_AST_PARENT	
4013	4014	IS_AST_PARENT	
4016	4017	IS_AST_PARENT	
4016	4018	IS_AST_PARENT	
4015	4016	IS_AST_PARENT	
4019	4020	IS_AST_PARENT	
4019	4021	IS_AST_PARENT	
4015	4019	IS_AST_PARENT	
4013	4015	IS_AST_PARENT	
4012	4013	IS_AST_PARENT	
3899	4012	IS_AST_PARENT	
4024	4025	IS_AST_PARENT	
4026	4027	IS_AST_PARENT	
4028	4029	IS_AST_PARENT	
4028	4030	IS_AST_PARENT	
4026	4028	IS_AST_PARENT	
4024	4026	IS_AST_PARENT	
4023	4024	IS_AST_PARENT	
4022	4023	IS_AST_PARENT	
4033	4034	IS_AST_PARENT	
4035	4036	IS_AST_PARENT	
4037	4038	IS_AST_PARENT	
4037	4039	IS_AST_PARENT	
4035	4037	IS_AST_PARENT	
4033	4035	IS_AST_PARENT	
4032	4033	IS_AST_PARENT	
4031	4032	IS_AST_PARENT	
4022	4031	IS_AST_PARENT	
3899	4022	IS_AST_PARENT	
4041	4042	IS_AST_PARENT	
4044	4045	IS_AST_PARENT	
4044	4046	IS_AST_PARENT	
4043	4044	IS_AST_PARENT	
4047	4048	IS_AST_PARENT	
4047	4049	IS_AST_PARENT	
4043	4047	IS_AST_PARENT	
4041	4043	IS_AST_PARENT	
4040	4041	IS_AST_PARENT	
3899	4040	IS_AST_PARENT	
4052	4053	IS_AST_PARENT	
4052	4054	IS_AST_PARENT	
4051	4052	IS_AST_PARENT	
4050	4051	IS_AST_PARENT	
4059	4060	IS_AST_PARENT	
4061	4062	IS_AST_PARENT	
4063	4064	IS_AST_PARENT	
4063	4065	IS_AST_PARENT	
4061	4063	IS_AST_PARENT	
4059	4061	IS_AST_PARENT	
4058	4059	IS_AST_PARENT	
4058	4066	IS_AST_PARENT	
4057	4058	IS_AST_PARENT	
4056	4057	IS_AST_PARENT	
4068	4069	IS_AST_PARENT	
4067	4068	IS_AST_PARENT	
4056	4067	IS_AST_PARENT	
4055	4056	IS_AST_PARENT	
4072	4073	IS_AST_PARENT	
4071	4072	IS_AST_PARENT	
4075	4076	IS_AST_PARENT	
4074	4075	IS_AST_PARENT	
4077	4078	IS_AST_PARENT	
4074	4077	IS_AST_PARENT	
4080	4081	IS_AST_PARENT	
4082	4083	IS_AST_PARENT	
4082	4084	IS_AST_PARENT	
4080	4082	IS_AST_PARENT	
4079	4080	IS_AST_PARENT	
4074	4079	IS_AST_PARENT	
4071	4074	IS_AST_PARENT	
4070	4071	IS_AST_PARENT	
4055	4070	IS_AST_PARENT	
4086	4087	IS_AST_PARENT	
4086	4088	IS_AST_PARENT	
4085	4086	IS_AST_PARENT	
4055	4085	IS_AST_PARENT	
4090	4091	IS_AST_PARENT	
4090	4092	IS_AST_PARENT	
4089	4090	IS_AST_PARENT	
4055	4089	IS_AST_PARENT	
4050	4055	IS_AST_PARENT	
3899	4050	IS_AST_PARENT	
4095	4096	IS_AST_PARENT	
4094	4095	IS_AST_PARENT	
4098	4099	IS_AST_PARENT	
4097	4098	IS_AST_PARENT	
4100	4101	IS_AST_PARENT	
4097	4100	IS_AST_PARENT	
4094	4097	IS_AST_PARENT	
4093	4094	IS_AST_PARENT	
3899	4093	IS_AST_PARENT	
3883	3899	IS_AST_PARENT	
3867	3883	IS_AST_PARENT	
3858	3867	IS_AST_PARENT	
3857	3858	IS_AST_PARENT	
3857	4102	IS_AST_PARENT	
3857	4103	IS_AST_PARENT	
4105	4106	IS_AST_PARENT	
4105	4107	IS_AST_PARENT	
4104	4105	IS_AST_PARENT	
4108	4109	IS_AST_PARENT	
4108	4110	IS_AST_PARENT	
4104	4108	IS_AST_PARENT	
4111	4112	IS_AST_PARENT	
4111	4113	IS_AST_PARENT	
4104	4111	IS_AST_PARENT	
4114	4115	IS_AST_PARENT	
4114	4116	IS_AST_PARENT	
4104	4114	IS_AST_PARENT	
4117	4118	IS_AST_PARENT	
4117	4119	IS_AST_PARENT	
4104	4117	IS_AST_PARENT	
4120	4121	IS_AST_PARENT	
4120	4122	IS_AST_PARENT	
4104	4120	IS_AST_PARENT	
4123	4124	IS_AST_PARENT	
4123	4125	IS_AST_PARENT	
4104	4123	IS_AST_PARENT	
3857	4104	IS_AST_PARENT	
4126	4105	FLOWS_TO	
4105	4108	FLOWS_TO	
4108	4111	FLOWS_TO	
4111	4114	FLOWS_TO	
4114	4117	FLOWS_TO	
4117	4120	FLOWS_TO	
4120	4123	FLOWS_TO	
4123	3859	FLOWS_TO	
3859	3863	FLOWS_TO	
3863	3868	FLOWS_TO	
3872	3884	FLOWS_TO	
3872	4127	FLOWS_TO	
3868	3872	FLOWS_TO	
3876	3872	FLOWS_TO	
3888	3900	FLOWS_TO	
3888	3876	FLOWS_TO	
3884	3888	FLOWS_TO	
3892	3888	FLOWS_TO	
3900	3922	FLOWS_TO	
3922	3951	FLOWS_TO	
3951	3972	FLOWS_TO	
3972	3976	FLOWS_TO	
3976	3980	FLOWS_TO	
3980	3984	FLOWS_TO	
3984	3995	FLOWS_TO	
3995	4004	FLOWS_TO	
3995	4012	FLOWS_TO	
4004	4012	FLOWS_TO	
4012	4023	FLOWS_TO	
4023	4032	FLOWS_TO	
4023	4040	FLOWS_TO	
4032	4040	FLOWS_TO	
4040	4051	FLOWS_TO	
4051	4057	FLOWS_TO	
4051	4093	FLOWS_TO	
4057	4068	FLOWS_TO	
4057	4070	FLOWS_TO	
4068	4127	FLOWS_TO	
4070	4085	FLOWS_TO	
4085	4089	FLOWS_TO	
4089	4051	FLOWS_TO	
4093	3892	FLOWS_TO	
3922	4128	USE	
3926	4128	USE	
3984	4128	USE	
3985	4128	USE	
4012	4128	USE	
4013	4128	USE	
4040	4128	USE	
4041	4128	USE	
3900	4129	USE	
3904	4129	USE	
3922	4130	USE	
3926	4130	USE	
3922	4131	USE	
3926	4131	USE	
4040	4131	USE	
4041	4131	USE	
3951	4132	DEF	
3952	4132	DEF	
3955	4132	DEF	
4070	4132	USE	
4075	4132	USE	
4089	4132	DEF	
4090	4132	DEF	
4089	4132	USE	
4090	4132	USE	
3984	4133	USE	
3985	4133	USE	
4123	4134	DEF	
3951	4134	USE	
3955	4134	USE	
4089	4134	USE	
4090	4134	USE	
3972	4135	DEF	
3973	4135	DEF	
3984	4135	DEF	
3985	4135	DEF	
3995	4135	USE	
4004	4135	DEF	
4005	4135	DEF	
4051	4135	DEF	
4052	4135	DEF	
4051	4135	USE	
4052	4135	USE	
3922	4136	DEF	
3926	4136	DEF	
3923	4136	DEF	
4070	4136	USE	
4077	4136	USE	
4085	4136	DEF	
4086	4136	DEF	
4085	4136	USE	
4086	4136	USE	
3951	4137	USE	
3955	4137	USE	
4057	4137	USE	
4070	4137	USE	
4079	4137	USE	
4111	4138	DEF	
3868	4138	USE	
3869	4138	USE	
3951	4138	USE	
3955	4138	USE	
3859	4139	DEF	
3860	4139	DEF	
3888	4139	USE	
3884	4139	DEF	
3885	4139	DEF	
3892	4139	USE	
3892	4139	DEF	
3900	4139	USE	
3912	4139	USE	
3922	4139	USE	
3926	4139	USE	
3951	4139	USE	
3955	4139	USE	
4012	4139	USE	
4013	4139	USE	
4023	4139	USE	
4032	4139	USE	
4033	4139	USE	
3900	4140	DEF	
3901	4140	DEF	
3904	4140	DEF	
3922	4140	USE	
3940	4140	USE	
3948	4140	USE	
3929	4140	USE	
3984	4140	USE	
3988	4140	USE	
4012	4140	USE	
4016	4140	USE	
4040	4140	USE	
4044	4140	USE	
4047	4140	USE	
4093	4140	USE	
4098	4140	USE	
3922	4141	USE	
3926	4141	USE	
4012	4141	USE	
4013	4141	USE	
4040	4141	USE	
4041	4141	USE	
4105	4142	DEF	
3900	4142	USE	
3910	4142	USE	
3951	4142	USE	
3966	4142	USE	
4057	4142	USE	
4063	4142	USE	
4070	4142	USE	
4082	4142	USE	
4108	4143	DEF	
3884	4143	USE	
3885	4143	USE	
3951	4143	USE	
3955	4143	USE	
4117	4144	DEF	
3872	4144	USE	
3995	4144	USE	
4004	4144	USE	
4005	4144	USE	
3863	4145	DEF	
3864	4145	DEF	
3872	4145	USE	
3868	4145	DEF	
3869	4145	DEF	
3876	4145	USE	
3876	4145	DEF	
3900	4145	USE	
3914	4145	USE	
3922	4145	USE	
3926	4145	USE	
3951	4145	USE	
3955	4145	USE	
3984	4145	USE	
3985	4145	USE	
3995	4145	USE	
4004	4145	USE	
4005	4145	USE	
4114	4146	DEF	
3888	4146	USE	
4023	4146	USE	
4032	4146	USE	
4033	4146	USE	
4120	4147	DEF	
3951	4147	USE	
3955	4147	USE	
3951	4148	USE	
3955	4148	USE	
4057	4148	USE	
4070	4148	USE	
4079	4148	USE	
3976	4149	DEF	
3977	4149	DEF	
4012	4149	DEF	
4013	4149	DEF	
4023	4149	USE	
4032	4149	DEF	
4033	4149	DEF	
4057	4149	USE	
4070	4149	USE	
4079	4149	USE	
3980	4150	DEF	
3981	4150	DEF	
4040	4150	DEF	
4041	4150	DEF	
4085	4150	USE	
4086	4150	USE	
4123	3951	REACHES	stride
4123	4089	REACHES	stride
3900	3922	REACHES	tile
3900	3984	REACHES	tile
3900	4012	REACHES	tile
3900	4040	REACHES	tile
3900	4093	REACHES	tile
4120	3951	REACHES	buffer
4108	3884	REACHES	x1
4108	3951	REACHES	x1
4114	3888	REACHES	x2
4114	4023	REACHES	x2
4114	4032	REACHES	x2
4111	3868	REACHES	y1
4111	3951	REACHES	y1
4117	3872	REACHES	y2
4117	3995	REACHES	y2
4117	4004	REACHES	y2
4012	4023	REACHES	cols
4012	4057	REACHES	cols
4032	4057	REACHES	cols
4012	4070	REACHES	cols
4032	4070	REACHES	cols
4040	4085	REACHES	srcstride
4089	4070	REACHES	d
3951	4070	REACHES	d
4089	4089	REACHES	d
3951	4089	REACHES	d
3984	3995	REACHES	rows
3984	4051	REACHES	rows
4004	4051	REACHES	rows
4051	4051	REACHES	rows
3922	4070	REACHES	s
4085	4070	REACHES	s
3922	4085	REACHES	s
4085	4085	REACHES	s
3884	3900	REACHES	x
3892	3888	REACHES	x
3884	3888	REACHES	x
3884	3892	REACHES	x
3892	4023	REACHES	x
3884	4032	REACHES	x
3892	3892	REACHES	x
3884	4012	REACHES	x
3892	3900	REACHES	x
3892	3951	REACHES	x
3892	4012	REACHES	x
3884	3922	REACHES	x
3892	3922	REACHES	x
3884	4023	REACHES	x
3892	4032	REACHES	x
3884	3951	REACHES	x
3876	3872	REACHES	y
3868	3876	REACHES	y
3868	3872	REACHES	y
3876	3922	REACHES	y
3868	3995	REACHES	y
3876	3984	REACHES	y
3876	3876	REACHES	y
4105	3951	REACHES	tm
3868	3900	REACHES	y
3868	4004	REACHES	y
4105	3900	REACHES	tm
3876	3900	REACHES	y
3868	3922	REACHES	y
3868	3951	REACHES	y
3876	3951	REACHES	y
3876	3995	REACHES	y
3876	4004	REACHES	y
4105	4057	REACHES	tm
4105	4070	REACHES	tm
3868	3984	REACHES	y
4126	4105	CONTROLS	
4126	4108	CONTROLS	
4126	4111	CONTROLS	
4126	4114	CONTROLS	
4126	4117	CONTROLS	
4126	4120	CONTROLS	
4126	4123	CONTROLS	
4126	3859	CONTROLS	
4126	3863	CONTROLS	
4126	3868	CONTROLS	
4126	3872	CONTROLS	
3872	3884	CONTROLS	
3872	3888	CONTROLS	
3888	3900	CONTROLS	
3888	3922	CONTROLS	
3888	3951	CONTROLS	
3888	3972	CONTROLS	
3888	3976	CONTROLS	
3888	3980	CONTROLS	
3888	3984	CONTROLS	
3888	3995	CONTROLS	
3888	4012	CONTROLS	
3888	4023	CONTROLS	
3888	4040	CONTROLS	
3888	4051	CONTROLS	
3888	3876	CONTROLS	
3888	3872	CONTROLS	
3995	4004	CONTROLS	
4023	4032	CONTROLS	
4051	4057	CONTROLS	
4051	4093	CONTROLS	
4051	3892	CONTROLS	
4051	3888	CONTROLS	
4057	4068	CONTROLS	
4057	4070	CONTROLS	
4057	4085	CONTROLS	
4057	4089	CONTROLS	
4057	4051	CONTROLS	
4108	4111	DOM	
4051	4093	DOM	
3872	4127	DOM	
3868	3872	DOM	
3951	3972	DOM	
3888	3876	DOM	
4012	4023	DOM	
3888	3900	DOM	
3900	3922	DOM	
4120	4123	DOM	
3980	3984	DOM	
4114	4117	DOM	
4040	4051	DOM	
4051	4057	DOM	
3976	3980	DOM	
4126	4126	DOM	
4023	4040	DOM	
4117	4120	DOM	
3995	4012	DOM	
4126	4105	DOM	
3995	4004	DOM	
4023	4032	DOM	
3972	3976	DOM	
4105	4108	DOM	
4070	4085	DOM	
4111	4114	DOM	
4123	3859	DOM	
4085	4089	DOM	
3872	3884	DOM	
3922	3951	DOM	
4093	3892	DOM	
3859	3863	DOM	
3984	3995	DOM	
3863	3868	DOM	
4057	4068	DOM	
4057	4070	DOM	
3884	3888	DOM	
4114	4111	POST_DOM	
3892	4093	POST_DOM	
4127	4127	POST_DOM	
4127	3872	POST_DOM	
3872	3876	POST_DOM	
3976	3972	POST_DOM	
4040	4023	POST_DOM	
3922	3900	POST_DOM	
3951	3922	POST_DOM	
3859	4123	POST_DOM	
3995	3984	POST_DOM	
4120	4117	POST_DOM	
4127	4051	POST_DOM	
4127	4057	POST_DOM	
3984	3980	POST_DOM	
4105	4126	POST_DOM	
4051	4040	POST_DOM	
4123	4120	POST_DOM	
4023	4012	POST_DOM	
4108	4105	POST_DOM	
4012	4004	POST_DOM	
4040	4032	POST_DOM	
3980	3976	POST_DOM	
4111	4108	POST_DOM	
4089	4085	POST_DOM	
4117	4114	POST_DOM	
3863	3859	POST_DOM	
4051	4089	POST_DOM	
3888	3884	POST_DOM	
3888	3892	POST_DOM	
3972	3951	POST_DOM	
3868	3863	POST_DOM	
4012	3995	POST_DOM	
3872	3868	POST_DOM	
4085	4070	POST_DOM	
4127	4068	POST_DOM	
4127	3888	POST_DOM	
3856	3857	IS_FUNCTION_OF_AST	
3856	4126	IS_FUNCTION_OF_CFG	
1	3856	IS_FILE_OF	
4155	4156	IS_AST_PARENT	
4155	4157	IS_AST_PARENT	
4154	4155	IS_AST_PARENT	
4153	4154	IS_AST_PARENT	
4159	4160	IS_AST_PARENT	
4159	4161	IS_AST_PARENT	
4158	4159	IS_AST_PARENT	
4153	4158	IS_AST_PARENT	
4164	4165	IS_AST_PARENT	
4164	4166	IS_AST_PARENT	
4163	4164	IS_AST_PARENT	
4162	4163	IS_AST_PARENT	
4168	4169	IS_AST_PARENT	
4168	4170	IS_AST_PARENT	
4167	4168	IS_AST_PARENT	
4162	4167	IS_AST_PARENT	
4171	4172	IS_AST_PARENT	
4173	4174	IS_AST_PARENT	
4175	4176	IS_AST_PARENT	
4175	4177	IS_AST_PARENT	
4173	4175	IS_AST_PARENT	
4171	4173	IS_AST_PARENT	
4162	4171	IS_AST_PARENT	
4180	4181	IS_AST_PARENT	
4180	4182	IS_AST_PARENT	
4179	4180	IS_AST_PARENT	
4178	4179	IS_AST_PARENT	
4184	4185	IS_AST_PARENT	
4184	4186	IS_AST_PARENT	
4183	4184	IS_AST_PARENT	
4178	4183	IS_AST_PARENT	
4187	4188	IS_AST_PARENT	
4189	4190	IS_AST_PARENT	
4191	4192	IS_AST_PARENT	
4191	4193	IS_AST_PARENT	
4189	4191	IS_AST_PARENT	
4187	4189	IS_AST_PARENT	
4178	4187	IS_AST_PARENT	
4196	4197	IS_AST_PARENT	
4196	4198	IS_AST_PARENT	
4199	4200	IS_AST_PARENT	
4202	4203	IS_AST_PARENT	
4201	4202	IS_AST_PARENT	
4205	4206	IS_AST_PARENT	
4204	4205	IS_AST_PARENT	
4207	4208	IS_AST_PARENT	
4204	4207	IS_AST_PARENT	
4209	4210	IS_AST_PARENT	
4204	4209	IS_AST_PARENT	
4212	4213	IS_AST_PARENT	
4212	4214	IS_AST_PARENT	
4211	4212	IS_AST_PARENT	
4204	4211	IS_AST_PARENT	
4216	4217	IS_AST_PARENT	
4216	4218	IS_AST_PARENT	
4215	4216	IS_AST_PARENT	
4204	4215	IS_AST_PARENT	
4201	4204	IS_AST_PARENT	
4199	4201	IS_AST_PARENT	
4196	4199	IS_AST_PARENT	
4195	4196	IS_AST_PARENT	
4194	4195	IS_AST_PARENT	
4220	4221	IS_AST_PARENT	
4220	4222	IS_AST_PARENT	
4223	4224	IS_AST_PARENT	
4225	4226	IS_AST_PARENT	
4228	4229	IS_AST_PARENT	
4230	4231	IS_AST_PARENT	
4230	4232	IS_AST_PARENT	
4228	4230	IS_AST_PARENT	
4227	4228	IS_AST_PARENT	
4234	4235	IS_AST_PARENT	
4234	4236	IS_AST_PARENT	
4233	4234	IS_AST_PARENT	
4237	4238	IS_AST_PARENT	
4237	4239	IS_AST_PARENT	
4233	4237	IS_AST_PARENT	
4227	4233	IS_AST_PARENT	
4225	4227	IS_AST_PARENT	
4223	4225	IS_AST_PARENT	
4220	4223	IS_AST_PARENT	
4219	4220	IS_AST_PARENT	
4194	4219	IS_AST_PARENT	
4241	4242	IS_AST_PARENT	
4241	4243	IS_AST_PARENT	
4244	4245	IS_AST_PARENT	
4247	4248	IS_AST_PARENT	
4247	4249	IS_AST_PARENT	
4246	4247	IS_AST_PARENT	
4253	4254	IS_AST_PARENT	
4255	4256	IS_AST_PARENT	
4255	4257	IS_AST_PARENT	
4253	4255	IS_AST_PARENT	
4252	4253	IS_AST_PARENT	
4258	4259	IS_AST_PARENT	
4258	4260	IS_AST_PARENT	
4252	4258	IS_AST_PARENT	
4251	4252	IS_AST_PARENT	
4261	4262	IS_AST_PARENT	
4263	4264	IS_AST_PARENT	
4263	4265	IS_AST_PARENT	
4261	4263	IS_AST_PARENT	
4251	4261	IS_AST_PARENT	
4250	4251	IS_AST_PARENT	
4266	4267	IS_AST_PARENT	
4266	4268	IS_AST_PARENT	
4250	4266	IS_AST_PARENT	
4246	4250	IS_AST_PARENT	
4244	4246	IS_AST_PARENT	
4241	4244	IS_AST_PARENT	
4240	4241	IS_AST_PARENT	
4194	4240	IS_AST_PARENT	
4270	4271	IS_AST_PARENT	
4270	4272	IS_AST_PARENT	
4269	4270	IS_AST_PARENT	
4194	4269	IS_AST_PARENT	
4274	4275	IS_AST_PARENT	
4274	4276	IS_AST_PARENT	
4273	4274	IS_AST_PARENT	
4194	4273	IS_AST_PARENT	
4278	4279	IS_AST_PARENT	
4278	4280	IS_AST_PARENT	
4277	4278	IS_AST_PARENT	
4194	4277	IS_AST_PARENT	
4282	4283	IS_AST_PARENT	
4285	4286	IS_AST_PARENT	
4285	4287	IS_AST_PARENT	
4284	4285	IS_AST_PARENT	
4288	4289	IS_AST_PARENT	
4288	4290	IS_AST_PARENT	
4284	4288	IS_AST_PARENT	
4282	4284	IS_AST_PARENT	
4281	4282	IS_AST_PARENT	
4194	4281	IS_AST_PARENT	
4293	4294	IS_AST_PARENT	
4295	4296	IS_AST_PARENT	
4297	4298	IS_AST_PARENT	
4297	4299	IS_AST_PARENT	
4295	4297	IS_AST_PARENT	
4293	4295	IS_AST_PARENT	
4292	4293	IS_AST_PARENT	
4291	4292	IS_AST_PARENT	
4302	4303	IS_AST_PARENT	
4304	4305	IS_AST_PARENT	
4306	4307	IS_AST_PARENT	
4306	4308	IS_AST_PARENT	
4304	4306	IS_AST_PARENT	
4302	4304	IS_AST_PARENT	
4301	4302	IS_AST_PARENT	
4300	4301	IS_AST_PARENT	
4291	4300	IS_AST_PARENT	
4194	4291	IS_AST_PARENT	
4310	4311	IS_AST_PARENT	
4313	4314	IS_AST_PARENT	
4313	4315	IS_AST_PARENT	
4312	4313	IS_AST_PARENT	
4316	4317	IS_AST_PARENT	
4316	4318	IS_AST_PARENT	
4312	4316	IS_AST_PARENT	
4310	4312	IS_AST_PARENT	
4309	4310	IS_AST_PARENT	
4194	4309	IS_AST_PARENT	
4321	4322	IS_AST_PARENT	
4323	4324	IS_AST_PARENT	
4325	4326	IS_AST_PARENT	
4325	4327	IS_AST_PARENT	
4323	4325	IS_AST_PARENT	
4321	4323	IS_AST_PARENT	
4320	4321	IS_AST_PARENT	
4319	4320	IS_AST_PARENT	
4330	4331	IS_AST_PARENT	
4332	4333	IS_AST_PARENT	
4334	4335	IS_AST_PARENT	
4334	4336	IS_AST_PARENT	
4332	4334	IS_AST_PARENT	
4330	4332	IS_AST_PARENT	
4329	4330	IS_AST_PARENT	
4328	4329	IS_AST_PARENT	
4340	4341	IS_AST_PARENT	
4342	4343	IS_AST_PARENT	
4344	4345	IS_AST_PARENT	
4344	4346	IS_AST_PARENT	
4342	4344	IS_AST_PARENT	
4340	4342	IS_AST_PARENT	
4339	4340	IS_AST_PARENT	
4339	4347	IS_AST_PARENT	
4338	4339	IS_AST_PARENT	
4337	4338	IS_AST_PARENT	
4349	4350	IS_AST_PARENT	
4348	4349	IS_AST_PARENT	
4337	4348	IS_AST_PARENT	
4328	4337	IS_AST_PARENT	
4319	4328	IS_AST_PARENT	
4194	4319	IS_AST_PARENT	
4352	4353	IS_AST_PARENT	
4355	4356	IS_AST_PARENT	
4355	4357	IS_AST_PARENT	
4354	4355	IS_AST_PARENT	
4358	4359	IS_AST_PARENT	
4358	4360	IS_AST_PARENT	
4354	4358	IS_AST_PARENT	
4352	4354	IS_AST_PARENT	
4351	4352	IS_AST_PARENT	
4194	4351	IS_AST_PARENT	
4363	4364	IS_AST_PARENT	
4363	4365	IS_AST_PARENT	
4362	4363	IS_AST_PARENT	
4361	4362	IS_AST_PARENT	
4369	4370	IS_AST_PARENT	
4368	4369	IS_AST_PARENT	
4372	4373	IS_AST_PARENT	
4371	4372	IS_AST_PARENT	
4374	4375	IS_AST_PARENT	
4371	4374	IS_AST_PARENT	
4377	4378	IS_AST_PARENT	
4379	4380	IS_AST_PARENT	
4379	4381	IS_AST_PARENT	
4377	4379	IS_AST_PARENT	
4376	4377	IS_AST_PARENT	
4371	4376	IS_AST_PARENT	
4368	4371	IS_AST_PARENT	
4367	4368	IS_AST_PARENT	
4366	4367	IS_AST_PARENT	
4383	4384	IS_AST_PARENT	
4383	4385	IS_AST_PARENT	
4382	4383	IS_AST_PARENT	
4366	4382	IS_AST_PARENT	
4387	4388	IS_AST_PARENT	
4387	4389	IS_AST_PARENT	
4386	4387	IS_AST_PARENT	
4366	4386	IS_AST_PARENT	
4361	4366	IS_AST_PARENT	
4194	4361	IS_AST_PARENT	
4392	4393	IS_AST_PARENT	
4391	4392	IS_AST_PARENT	
4395	4396	IS_AST_PARENT	
4394	4395	IS_AST_PARENT	
4398	4399	IS_AST_PARENT	
4398	4400	IS_AST_PARENT	
4397	4398	IS_AST_PARENT	
4394	4397	IS_AST_PARENT	
4391	4394	IS_AST_PARENT	
4390	4391	IS_AST_PARENT	
4194	4390	IS_AST_PARENT	
4178	4194	IS_AST_PARENT	
4162	4178	IS_AST_PARENT	
4153	4162	IS_AST_PARENT	
4152	4153	IS_AST_PARENT	
4152	4401	IS_AST_PARENT	
4152	4402	IS_AST_PARENT	
4404	4405	IS_AST_PARENT	
4404	4406	IS_AST_PARENT	
4403	4404	IS_AST_PARENT	
4407	4408	IS_AST_PARENT	
4407	4409	IS_AST_PARENT	
4403	4407	IS_AST_PARENT	
4410	4411	IS_AST_PARENT	
4410	4412	IS_AST_PARENT	
4403	4410	IS_AST_PARENT	
4413	4414	IS_AST_PARENT	
4413	4415	IS_AST_PARENT	
4403	4413	IS_AST_PARENT	
4416	4417	IS_AST_PARENT	
4416	4418	IS_AST_PARENT	
4403	4416	IS_AST_PARENT	
4419	4420	IS_AST_PARENT	
4419	4421	IS_AST_PARENT	
4403	4419	IS_AST_PARENT	
4422	4423	IS_AST_PARENT	
4422	4424	IS_AST_PARENT	
4403	4422	IS_AST_PARENT	
4152	4403	IS_AST_PARENT	
4425	4404	FLOWS_TO	
4404	4407	FLOWS_TO	
4407	4410	FLOWS_TO	
4410	4413	FLOWS_TO	
4413	4416	FLOWS_TO	
4416	4419	FLOWS_TO	
4419	4422	FLOWS_TO	
4422	4154	FLOWS_TO	
4154	4158	FLOWS_TO	
4158	4163	FLOWS_TO	
4167	4179	FLOWS_TO	
4167	4426	FLOWS_TO	
4163	4167	FLOWS_TO	
4171	4167	FLOWS_TO	
4183	4195	FLOWS_TO	
4183	4171	FLOWS_TO	
4179	4183	FLOWS_TO	
4187	4183	FLOWS_TO	
4195	4219	FLOWS_TO	
4219	4240	FLOWS_TO	
4240	4269	FLOWS_TO	
4269	4273	FLOWS_TO	
4273	4277	FLOWS_TO	
4277	4281	FLOWS_TO	
4281	4292	FLOWS_TO	
4292	4301	FLOWS_TO	
4292	4309	FLOWS_TO	
4301	4309	FLOWS_TO	
4309	4320	FLOWS_TO	
4320	4329	FLOWS_TO	
4320	4351	FLOWS_TO	
4329	4338	FLOWS_TO	
4338	4349	FLOWS_TO	
4338	4351	FLOWS_TO	
4349	4426	FLOWS_TO	
4351	4362	FLOWS_TO	
4362	4367	FLOWS_TO	
4362	4390	FLOWS_TO	
4367	4382	FLOWS_TO	
4382	4386	FLOWS_TO	
4386	4362	FLOWS_TO	
4390	4187	FLOWS_TO	
4240	4427	USE	
4244	4427	USE	
4281	4427	USE	
4282	4427	USE	
4309	4427	USE	
4310	4427	USE	
4351	4427	USE	
4352	4427	USE	
4195	4428	USE	
4199	4428	USE	
4240	4429	USE	
4244	4429	USE	
4240	4430	USE	
4244	4430	USE	
4351	4430	USE	
4352	4430	USE	
4240	4431	DEF	
4241	4431	DEF	
4244	4431	DEF	
4367	4431	USE	
4372	4431	USE	
4386	4431	USE	
4387	4431	USE	
4386	4431	DEF	
4387	4431	DEF	
4281	4432	USE	
4282	4432	USE	
4422	4433	DEF	
4219	4433	USE	
4223	4433	USE	
4382	4433	USE	
4383	4433	USE	
4269	4434	DEF	
4270	4434	DEF	
4281	4434	DEF	
4282	4434	DEF	
4292	4434	USE	
4301	4434	DEF	
4302	4434	DEF	
4362	4434	DEF	
4363	4434	DEF	
4362	4434	USE	
4363	4434	USE	
4219	4435	DEF	
4223	4435	DEF	
4220	4435	DEF	
4367	4435	USE	
4374	4435	USE	
4382	4435	DEF	
4383	4435	DEF	
4382	4435	USE	
4383	4435	USE	
4277	4436	DEF	
4278	4436	DEF	
4351	4436	DEF	
4352	4436	DEF	
4386	4436	USE	
4387	4436	USE	
4219	4437	USE	
4223	4437	USE	
4338	4437	USE	
4367	4437	USE	
4376	4437	USE	
4410	4438	DEF	
4163	4438	USE	
4164	4438	USE	
4219	4438	USE	
4223	4438	USE	
4154	4439	DEF	
4155	4439	DEF	
4183	4439	USE	
4179	4439	DEF	
4180	4439	DEF	
4187	4439	USE	
4187	4439	DEF	
4195	4439	USE	
4207	4439	USE	
4219	4439	USE	
4223	4439	USE	
4240	4439	USE	
4244	4439	USE	
4309	4439	USE	
4310	4439	USE	
4320	4439	USE	
4329	4439	USE	
4330	4439	USE	
4195	4440	DEF	
4196	4440	DEF	
4199	4440	DEF	
4240	4440	USE	
4258	4440	USE	
4266	4440	USE	
4247	4440	USE	
4281	4440	USE	
4285	4440	USE	
4309	4440	USE	
4313	4440	USE	
4351	4440	USE	
4358	4440	USE	
4355	4440	USE	
4390	4440	USE	
4395	4440	USE	
4240	4441	USE	
4244	4441	USE	
4309	4441	USE	
4310	4441	USE	
4351	4441	USE	
4352	4441	USE	
4404	4442	DEF	
4195	4442	USE	
4205	4442	USE	
4219	4442	USE	
4234	4442	USE	
4338	4442	USE	
4344	4442	USE	
4367	4442	USE	
4379	4442	USE	
4407	4443	DEF	
4179	4443	USE	
4180	4443	USE	
4219	4443	USE	
4223	4443	USE	
4416	4444	DEF	
4167	4444	USE	
4292	4444	USE	
4301	4444	USE	
4302	4444	USE	
4158	4445	DEF	
4159	4445	DEF	
4167	4445	USE	
4163	4445	DEF	
4164	4445	DEF	
4171	4445	DEF	
4171	4445	USE	
4195	4445	USE	
4209	4445	USE	
4219	4445	USE	
4223	4445	USE	
4240	4445	USE	
4244	4445	USE	
4281	4445	USE	
4282	4445	USE	
4292	4445	USE	
4301	4445	USE	
4302	4445	USE	
4413	4446	DEF	
4183	4446	USE	
4320	4446	USE	
4329	4446	USE	
4330	4446	USE	
4419	4447	DEF	
4219	4447	USE	
4223	4447	USE	
4219	4448	USE	
4223	4448	USE	
4338	4448	USE	
4367	4448	USE	
4376	4448	USE	
4273	4449	DEF	
4274	4449	DEF	
4309	4449	DEF	
4310	4449	DEF	
4320	4449	USE	
4329	4449	DEF	
4330	4449	DEF	
4338	4449	USE	
4367	4449	USE	
4376	4449	USE	
4422	4219	REACHES	stride
4422	4382	REACHES	stride
4195	4240	REACHES	tile
4195	4281	REACHES	tile
4195	4309	REACHES	tile
4195	4351	REACHES	tile
4195	4390	REACHES	tile
4419	4219	REACHES	buffer
4407	4179	REACHES	x1
4407	4219	REACHES	x1
4413	4183	REACHES	x2
4413	4320	REACHES	x2
4413	4329	REACHES	x2
4351	4386	REACHES	dststride
4410	4163	REACHES	y1
4410	4219	REACHES	y1
4416	4167	REACHES	y2
4416	4292	REACHES	y2
4416	4301	REACHES	y2
4309	4320	REACHES	cols
4329	4338	REACHES	cols
4329	4367	REACHES	cols
4309	4367	REACHES	cols
4240	4367	REACHES	d
4386	4367	REACHES	d
4240	4386	REACHES	d
4386	4386	REACHES	d
4281	4292	REACHES	rows
4301	4362	REACHES	rows
4281	4362	REACHES	rows
4362	4362	REACHES	rows
4382	4367	REACHES	s
4219	4367	REACHES	s
4382	4382	REACHES	s
4219	4382	REACHES	s
4179	4183	REACHES	x
4187	4183	REACHES	x
4187	4187	REACHES	x
4179	4187	REACHES	x
4187	4309	REACHES	x
4187	4195	REACHES	x
4179	4195	REACHES	x
4187	4320	REACHES	x
4187	4219	REACHES	x
4179	4309	REACHES	x
4179	4320	REACHES	x
4179	4219	REACHES	x
4187	4329	REACHES	x
4179	4240	REACHES	x
4187	4240	REACHES	x
4179	4329	REACHES	x
4171	4167	REACHES	y
4163	4167	REACHES	y
4171	4301	REACHES	y
4163	4240	REACHES	y
4171	4240	REACHES	y
4163	4171	REACHES	y
4163	4292	REACHES	y
4171	4292	REACHES	y
4171	4171	REACHES	y
4404	4219	REACHES	tm
4404	4338	REACHES	tm
4404	4367	REACHES	tm
4163	4195	REACHES	y
4163	4301	REACHES	y
4163	4281	REACHES	y
4171	4281	REACHES	y
4404	4195	REACHES	tm
4171	4195	REACHES	y
4163	4219	REACHES	y
4171	4219	REACHES	y
4425	4404	CONTROLS	
4425	4407	CONTROLS	
4425	4410	CONTROLS	
4425	4413	CONTROLS	
4425	4416	CONTROLS	
4425	4419	CONTROLS	
4425	4422	CONTROLS	
4425	4154	CONTROLS	
4425	4158	CONTROLS	
4425	4163	CONTROLS	
4425	4167	CONTROLS	
4167	4179	CONTROLS	
4167	4183	CONTROLS	
4183	4195	CONTROLS	
4183	4219	CONTROLS	
4183	4240	CONTROLS	
4183	4269	CONTROLS	
4183	4273	CONTROLS	
4183	4277	CONTROLS	
4183	4281	CONTROLS	
4183	4292	CONTROLS	
4183	4309	CONTROLS	
4183	4320	CONTROLS	
4183	4171	CONTROLS	
4183	4167	CONTROLS	
4292	4301	CONTROLS	
4320	4329	CONTROLS	
4320	4338	CONTROLS	
4320	4351	CONTROLS	
4320	4362	CONTROLS	
4320	4390	CONTROLS	
4320	4187	CONTROLS	
4320	4183	CONTROLS	
4338	4349	CONTROLS	
4338	4351	CONTROLS	
4338	4362	CONTROLS	
4338	4390	CONTROLS	
4338	4187	CONTROLS	
4338	4183	CONTROLS	
4362	4367	CONTROLS	
4362	4382	CONTROLS	
4362	4386	CONTROLS	
4320	4329	DOM	
4410	4413	DOM	
4195	4219	DOM	
4183	4195	DOM	
4382	4386	DOM	
4240	4269	DOM	
4320	4351	DOM	
4362	4390	DOM	
4413	4416	DOM	
4422	4154	DOM	
4277	4281	DOM	
4269	4273	DOM	
4390	4187	DOM	
4416	4419	DOM	
4309	4320	DOM	
4219	4240	DOM	
4154	4158	DOM	
4167	4179	DOM	
4292	4309	DOM	
4273	4277	DOM	
4167	4426	DOM	
4419	4422	DOM	
4163	4167	DOM	
4329	4338	DOM	
4179	4183	DOM	
4367	4382	DOM	
4425	4425	DOM	
4407	4410	DOM	
4292	4301	DOM	
4362	4367	DOM	
4338	4349	DOM	
4281	4292	DOM	
4351	4362	DOM	
4183	4171	DOM	
4404	4407	DOM	
4158	4163	DOM	
4425	4404	DOM	
4338	4329	POST_DOM	
4416	4413	POST_DOM	
4240	4219	POST_DOM	
4219	4195	POST_DOM	
4362	4386	POST_DOM	
4273	4269	POST_DOM	
4362	4351	POST_DOM	
4187	4390	POST_DOM	
4419	4416	POST_DOM	
4158	4154	POST_DOM	
4292	4281	POST_DOM	
4277	4273	POST_DOM	
4183	4187	POST_DOM	
4422	4419	POST_DOM	
4426	4320	POST_DOM	
4269	4240	POST_DOM	
4163	4158	POST_DOM	
4183	4179	POST_DOM	
4320	4309	POST_DOM	
4281	4277	POST_DOM	
4426	4426	POST_DOM	
4426	4167	POST_DOM	
4154	4422	POST_DOM	
4426	4338	POST_DOM	
4426	4183	POST_DOM	
4386	4382	POST_DOM	
4404	4425	POST_DOM	
4413	4410	POST_DOM	
4309	4301	POST_DOM	
4382	4367	POST_DOM	
4426	4349	POST_DOM	
4390	4362	POST_DOM	
4309	4292	POST_DOM	
4167	4171	POST_DOM	
4410	4407	POST_DOM	
4167	4163	POST_DOM	
4407	4404	POST_DOM	
4151	4152	IS_FUNCTION_OF_AST	
4151	4425	IS_FUNCTION_OF_CFG	
1	4151	IS_FILE_OF	
4454	4455	IS_AST_PARENT	
4454	4456	IS_AST_PARENT	
4457	4458	IS_AST_PARENT	
4460	4461	IS_AST_PARENT	
4459	4460	IS_AST_PARENT	
4463	4464	IS_AST_PARENT	
4462	4463	IS_AST_PARENT	
4465	4466	IS_AST_PARENT	
4462	4465	IS_AST_PARENT	
4467	4468	IS_AST_PARENT	
4462	4467	IS_AST_PARENT	
4459	4462	IS_AST_PARENT	
4457	4459	IS_AST_PARENT	
4454	4457	IS_AST_PARENT	
4453	4454	IS_AST_PARENT	
4452	4453	IS_AST_PARENT	
4471	4472	IS_AST_PARENT	
4471	4473	IS_AST_PARENT	
4470	4471	IS_AST_PARENT	
4469	4470	IS_AST_PARENT	
4474	4475	IS_AST_PARENT	
4469	4474	IS_AST_PARENT	
4452	4469	IS_AST_PARENT	
4478	4479	IS_AST_PARENT	
4480	4481	IS_AST_PARENT	
4480	4482	IS_AST_PARENT	
4478	4480	IS_AST_PARENT	
4477	4478	IS_AST_PARENT	
4476	4477	IS_AST_PARENT	
4485	4486	IS_AST_PARENT	
4485	4487	IS_AST_PARENT	
4484	4485	IS_AST_PARENT	
4483	4484	IS_AST_PARENT	
4490	4491	IS_AST_PARENT	
4490	4492	IS_AST_PARENT	
4489	4490	IS_AST_PARENT	
4488	4489	IS_AST_PARENT	
4496	4497	IS_AST_PARENT	
4495	4496	IS_AST_PARENT	
4500	4501	IS_AST_PARENT	
4500	4502	IS_AST_PARENT	
4499	4500	IS_AST_PARENT	
4498	4499	IS_AST_PARENT	
4503	4504	IS_AST_PARENT	
4498	4503	IS_AST_PARENT	
4495	4498	IS_AST_PARENT	
4494	4495	IS_AST_PARENT	
4493	4494	IS_AST_PARENT	
4488	4493	IS_AST_PARENT	
4483	4488	IS_AST_PARENT	
4507	4508	IS_AST_PARENT	
4507	4509	IS_AST_PARENT	
4506	4507	IS_AST_PARENT	
4510	4511	IS_AST_PARENT	
4510	4512	IS_AST_PARENT	
4506	4510	IS_AST_PARENT	
4505	4506	IS_AST_PARENT	
4483	4505	IS_AST_PARENT	
4515	4516	IS_AST_PARENT	
4515	4517	IS_AST_PARENT	
4514	4515	IS_AST_PARENT	
4518	4519	IS_AST_PARENT	
4518	4520	IS_AST_PARENT	
4514	4518	IS_AST_PARENT	
4513	4514	IS_AST_PARENT	
4483	4513	IS_AST_PARENT	
4522	4523	IS_AST_PARENT	
4525	4526	IS_AST_PARENT	
4524	4525	IS_AST_PARENT	
4528	4529	IS_AST_PARENT	
4527	4528	IS_AST_PARENT	
4530	4531	IS_AST_PARENT	
4527	4530	IS_AST_PARENT	
4533	4534	IS_AST_PARENT	
4533	4535	IS_AST_PARENT	
4532	4533	IS_AST_PARENT	
4527	4532	IS_AST_PARENT	
4536	4537	IS_AST_PARENT	
4527	4536	IS_AST_PARENT	
4524	4527	IS_AST_PARENT	
4522	4524	IS_AST_PARENT	
4521	4522	IS_AST_PARENT	
4483	4521	IS_AST_PARENT	
4540	4541	IS_AST_PARENT	
4540	4542	IS_AST_PARENT	
4539	4540	IS_AST_PARENT	
4539	4543	IS_AST_PARENT	
4538	4539	IS_AST_PARENT	
4483	4538	IS_AST_PARENT	
4546	4547	IS_AST_PARENT	
4546	4548	IS_AST_PARENT	
4545	4546	IS_AST_PARENT	
4545	4549	IS_AST_PARENT	
4544	4545	IS_AST_PARENT	
4483	4544	IS_AST_PARENT	
4476	4483	IS_AST_PARENT	
4452	4476	IS_AST_PARENT	
4552	4553	IS_AST_PARENT	
4552	4554	IS_AST_PARENT	
4555	4556	IS_AST_PARENT	
4559	4560	IS_AST_PARENT	
4559	4561	IS_AST_PARENT	
4558	4559	IS_AST_PARENT	
4558	4562	IS_AST_PARENT	
4557	4558	IS_AST_PARENT	
4566	4567	IS_AST_PARENT	
4568	4569	IS_AST_PARENT	
4568	4570	IS_AST_PARENT	
4566	4568	IS_AST_PARENT	
4565	4566	IS_AST_PARENT	
4572	4573	IS_AST_PARENT	
4572	4574	IS_AST_PARENT	
4571	4572	IS_AST_PARENT	
4571	4575	IS_AST_PARENT	
4565	4571	IS_AST_PARENT	
4564	4565	IS_AST_PARENT	
4576	4577	IS_AST_PARENT	
4578	4579	IS_AST_PARENT	
4578	4580	IS_AST_PARENT	
4576	4578	IS_AST_PARENT	
4564	4576	IS_AST_PARENT	
4563	4564	IS_AST_PARENT	
4582	4583	IS_AST_PARENT	
4582	4584	IS_AST_PARENT	
4581	4582	IS_AST_PARENT	
4581	4585	IS_AST_PARENT	
4563	4581	IS_AST_PARENT	
4557	4563	IS_AST_PARENT	
4555	4557	IS_AST_PARENT	
4552	4555	IS_AST_PARENT	
4551	4552	IS_AST_PARENT	
4550	4551	IS_AST_PARENT	
4588	4589	IS_AST_PARENT	
4588	4590	IS_AST_PARENT	
4587	4588	IS_AST_PARENT	
4586	4587	IS_AST_PARENT	
4591	4592	IS_AST_PARENT	
4595	4596	IS_AST_PARENT	
4597	4598	IS_AST_PARENT	
4597	4599	IS_AST_PARENT	
4595	4597	IS_AST_PARENT	
4594	4595	IS_AST_PARENT	
4600	4601	IS_AST_PARENT	
4602	4603	IS_AST_PARENT	
4602	4604	IS_AST_PARENT	
4600	4602	IS_AST_PARENT	
4594	4600	IS_AST_PARENT	
4593	4594	IS_AST_PARENT	
4591	4593	IS_AST_PARENT	
4591	4605	IS_AST_PARENT	
4608	4609	IS_AST_PARENT	
4610	4611	IS_AST_PARENT	
4610	4612	IS_AST_PARENT	
4608	4610	IS_AST_PARENT	
4607	4608	IS_AST_PARENT	
4613	4614	IS_AST_PARENT	
4615	4616	IS_AST_PARENT	
4615	4617	IS_AST_PARENT	
4613	4615	IS_AST_PARENT	
4607	4613	IS_AST_PARENT	
4606	4607	IS_AST_PARENT	
4591	4606	IS_AST_PARENT	
4591	4618	IS_AST_PARENT	
4621	4622	IS_AST_PARENT	
4623	4624	IS_AST_PARENT	
4623	4625	IS_AST_PARENT	
4621	4623	IS_AST_PARENT	
4620	4621	IS_AST_PARENT	
4626	4627	IS_AST_PARENT	
4628	4629	IS_AST_PARENT	
4628	4630	IS_AST_PARENT	
4626	4628	IS_AST_PARENT	
4620	4626	IS_AST_PARENT	
4619	4620	IS_AST_PARENT	
4591	4619	IS_AST_PARENT	
4591	4631	IS_AST_PARENT	
4634	4635	IS_AST_PARENT	
4636	4637	IS_AST_PARENT	
4636	4638	IS_AST_PARENT	
4634	4636	IS_AST_PARENT	
4633	4634	IS_AST_PARENT	
4639	4640	IS_AST_PARENT	
4641	4642	IS_AST_PARENT	
4641	4643	IS_AST_PARENT	
4639	4641	IS_AST_PARENT	
4633	4639	IS_AST_PARENT	
4632	4633	IS_AST_PARENT	
4591	4632	IS_AST_PARENT	
4586	4591	IS_AST_PARENT	
4550	4586	IS_AST_PARENT	
4452	4550	IS_AST_PARENT	
4451	4452	IS_AST_PARENT	
4451	4644	IS_AST_PARENT	
4451	4645	IS_AST_PARENT	
4647	4648	IS_AST_PARENT	
4647	4649	IS_AST_PARENT	
4646	4647	IS_AST_PARENT	
4650	4651	IS_AST_PARENT	
4650	4652	IS_AST_PARENT	
4646	4650	IS_AST_PARENT	
4653	4654	IS_AST_PARENT	
4653	4655	IS_AST_PARENT	
4646	4653	IS_AST_PARENT	
4656	4657	IS_AST_PARENT	
4656	4658	IS_AST_PARENT	
4646	4656	IS_AST_PARENT	
4451	4646	IS_AST_PARENT	
4659	4647	FLOWS_TO	
4647	4650	FLOWS_TO	
4650	4653	FLOWS_TO	
4653	4656	FLOWS_TO	
4656	4453	FLOWS_TO	
4453	4470	FLOWS_TO	
4470	4475	FLOWS_TO	
4470	4477	FLOWS_TO	
4475	4660	FLOWS_TO	
4477	4484	FLOWS_TO	
4477	4551	FLOWS_TO	
4484	4489	FLOWS_TO	
4489	4494	FLOWS_TO	
4489	4505	FLOWS_TO	
4494	4505	FLOWS_TO	
4505	4513	FLOWS_TO	
4513	4521	FLOWS_TO	
4521	4538	FLOWS_TO	
4538	4544	FLOWS_TO	
4544	4551	FLOWS_TO	
4551	4587	FLOWS_TO	
4587	4592	FLOWS_TO	
4587	4631	FLOWS_TO	
4587	4618	FLOWS_TO	
4587	4605	FLOWS_TO	
4587	4660	FLOWS_TO	
4592	4593	FLOWS_TO	
4593	4605	FLOWS_TO	
4605	4606	FLOWS_TO	
4606	4618	FLOWS_TO	
4618	4619	FLOWS_TO	
4619	4631	FLOWS_TO	
4631	4632	FLOWS_TO	
4632	4660	FLOWS_TO	
4551	4661	USE	
4555	4661	USE	
4593	4662	USE	
4594	4662	USE	
4606	4662	USE	
4607	4662	USE	
4619	4662	USE	
4620	4662	USE	
4632	4662	USE	
4633	4662	USE	
4551	4663	DEF	
4555	4663	DEF	
4552	4663	DEF	
4593	4663	USE	
4602	4663	USE	
4593	4663	DEF	
4602	4663	DEF	
4606	4663	USE	
4615	4663	USE	
4606	4663	DEF	
4615	4663	DEF	
4619	4663	DEF	
4628	4663	DEF	
4619	4663	USE	
4628	4663	USE	
4632	4663	USE	
4641	4663	USE	
4632	4663	DEF	
4641	4663	DEF	
4453	4664	DEF	
4454	4664	DEF	
4457	4664	DEF	
4470	4664	USE	
4477	4664	USE	
4521	4664	USE	
4530	4664	USE	
4538	4664	USE	
4539	4664	USE	
4551	4665	USE	
4555	4665	USE	
4477	4666	USE	
4505	4666	DEF	
4506	4666	DEF	
4538	4666	DEF	
4539	4666	DEF	
4551	4667	USE	
4555	4667	USE	
4489	4668	USE	
4494	4668	USE	
4499	4668	USE	
4513	4668	DEF	
4514	4668	DEF	
4544	4668	DEF	
4545	4668	DEF	
4551	4668	USE	
4571	4668	USE	
4581	4668	USE	
4558	4668	USE	
4593	4669	DEF	
4594	4669	DEF	
4606	4669	DEF	
4607	4669	DEF	
4619	4669	DEF	
4620	4669	DEF	
4632	4669	DEF	
4633	4669	DEF	
4521	4670	USE	
4522	4670	USE	
4551	4671	USE	
4555	4671	USE	
4551	4672	USE	
4555	4672	USE	
4587	4673	USE	
4650	4674	DEF	
4453	4674	USE	
4465	4674	USE	
4551	4674	USE	
4555	4674	USE	
4484	4675	DEF	
4485	4675	DEF	
4521	4675	DEF	
4522	4675	DEF	
4544	4675	USE	
4545	4675	USE	
4647	4676	DEF	
4453	4676	USE	
4463	4676	USE	
4477	4676	USE	
4480	4676	USE	
4489	4676	USE	
4490	4676	USE	
4494	4676	USE	
4500	4676	USE	
4505	4676	USE	
4507	4676	USE	
4513	4676	USE	
4515	4676	USE	
4521	4676	USE	
4528	4676	USE	
4538	4676	USE	
4540	4676	USE	
4544	4676	USE	
4546	4676	USE	
4551	4676	USE	
4559	4676	USE	
4572	4676	USE	
4582	4676	USE	
4587	4676	USE	
4588	4676	USE	
4653	4677	DEF	
4453	4677	USE	
4467	4677	USE	
4551	4677	USE	
4555	4677	USE	
4656	4678	DEF	
4593	4678	USE	
4597	4678	USE	
4593	4678	DEF	
4597	4678	DEF	
4606	4678	USE	
4610	4678	USE	
4606	4678	DEF	
4610	4678	DEF	
4619	4678	DEF	
4623	4678	DEF	
4619	4678	USE	
4623	4678	USE	
4632	4678	USE	
4636	4678	USE	
4632	4678	DEF	
4636	4678	DEF	
4477	4679	USE	
4489	4679	USE	
4494	4679	USE	
4499	4679	USE	
4505	4679	DEF	
4506	4679	DEF	
4513	4679	DEF	
4514	4679	DEF	
4538	4679	DEF	
4539	4679	DEF	
4544	4679	DEF	
4545	4679	DEF	
4551	4679	USE	
4558	4679	USE	
4581	4679	USE	
4571	4679	USE	
4587	4679	USE	
4453	4680	USE	
4457	4680	USE	
4453	4470	REACHES	num
4453	4477	REACHES	num
4453	4521	REACHES	num
4453	4538	REACHES	num
4544	4551	REACHES	tm -> cached_tile
4521	4544	REACHES	tile
4656	4593	REACHES	buffer
4656	4606	REACHES	buffer
4593	4606	REACHES	buffer
4656	4619	REACHES	buffer
4606	4619	REACHES	buffer
4656	4632	REACHES	buffer
4619	4632	REACHES	buffer
4551	4593	REACHES	src
4593	4606	REACHES	src
4551	4606	REACHES	src
4551	4619	REACHES	src
4606	4619	REACHES	src
4619	4632	REACHES	src
4551	4632	REACHES	src
4650	4453	REACHES	x
4650	4551	REACHES	x
4647	4453	REACHES	tm
4653	4453	REACHES	y
4647	4477	REACHES	tm
4647	4587	REACHES	tm
4647	4489	REACHES	tm
4647	4551	REACHES	tm
4647	4494	REACHES	tm
4647	4505	REACHES	tm
4647	4513	REACHES	tm
4653	4551	REACHES	y
4647	4521	REACHES	tm
4647	4538	REACHES	tm
4647	4544	REACHES	tm
4544	4660	REACHES	* tm
4544	4551	REACHES	* tm
4544	4587	REACHES	* tm
4659	4647	CONTROLS	
4659	4650	CONTROLS	
4659	4653	CONTROLS	
4659	4656	CONTROLS	
4659	4453	CONTROLS	
4659	4470	CONTROLS	
4470	4475	CONTROLS	
4470	4477	CONTROLS	
4470	4551	CONTROLS	
4470	4587	CONTROLS	
4477	4484	CONTROLS	
4477	4489	CONTROLS	
4477	4505	CONTROLS	
4477	4513	CONTROLS	
4477	4521	CONTROLS	
4477	4538	CONTROLS	
4477	4544	CONTROLS	
4489	4494	CONTROLS	
4587	4592	CONTROLS	
4587	4593	CONTROLS	
4587	4605	CONTROLS	
4587	4606	CONTROLS	
4587	4618	CONTROLS	
4587	4619	CONTROLS	
4587	4631	CONTROLS	
4587	4632	CONTROLS	
4587	4631	CONTROLS	
4587	4632	CONTROLS	
4587	4618	CONTROLS	
4587	4619	CONTROLS	
4587	4631	CONTROLS	
4587	4632	CONTROLS	
4587	4605	CONTROLS	
4587	4606	CONTROLS	
4587	4618	CONTROLS	
4587	4619	CONTROLS	
4587	4631	CONTROLS	
4587	4632	CONTROLS	
4605	4606	DOM	
4513	4521	DOM	
4470	4660	DOM	
4521	4538	DOM	
4538	4544	DOM	
4653	4656	DOM	
4477	4551	DOM	
4631	4632	DOM	
4659	4659	DOM	
4505	4513	DOM	
4484	4489	DOM	
4453	4470	DOM	
4587	4618	DOM	
4618	4619	DOM	
4489	4494	DOM	
4470	4477	DOM	
4587	4592	DOM	
4551	4587	DOM	
4587	4605	DOM	
4647	4650	DOM	
4477	4484	DOM	
4587	4631	DOM	
4656	4453	DOM	
4659	4647	DOM	
4592	4593	DOM	
4650	4653	DOM	
4470	4475	DOM	
4489	4505	DOM	
4618	4606	POST_DOM	
4538	4521	POST_DOM	
4660	4660	POST_DOM	
4544	4538	POST_DOM	
4551	4544	POST_DOM	
4453	4656	POST_DOM	
4587	4551	POST_DOM	
4660	4632	POST_DOM	
4647	4659	POST_DOM	
4521	4513	POST_DOM	
4505	4489	POST_DOM	
4660	4470	POST_DOM	
4631	4619	POST_DOM	
4619	4618	POST_DOM	
4505	4494	POST_DOM	
4551	4477	POST_DOM	
4593	4592	POST_DOM	
4660	4587	POST_DOM	
4606	4605	POST_DOM	
4653	4650	POST_DOM	
4489	4484	POST_DOM	
4632	4631	POST_DOM	
4470	4453	POST_DOM	
4650	4647	POST_DOM	
4605	4593	POST_DOM	
4656	4653	POST_DOM	
4660	4475	POST_DOM	
4513	4505	POST_DOM	
4450	4451	IS_FUNCTION_OF_AST	
4450	4659	IS_FUNCTION_OF_CFG	
1	4450	IS_FILE_OF	
4685	4686	IS_AST_PARENT	
4685	4687	IS_AST_PARENT	
4688	4689	IS_AST_PARENT	
4691	4692	IS_AST_PARENT	
4690	4691	IS_AST_PARENT	
4694	4695	IS_AST_PARENT	
4693	4694	IS_AST_PARENT	
4696	4697	IS_AST_PARENT	
4693	4696	IS_AST_PARENT	
4698	4699	IS_AST_PARENT	
4693	4698	IS_AST_PARENT	
4701	4702	IS_AST_PARENT	
4701	4703	IS_AST_PARENT	
4700	4701	IS_AST_PARENT	
4693	4700	IS_AST_PARENT	
4705	4706	IS_AST_PARENT	
4705	4707	IS_AST_PARENT	
4704	4705	IS_AST_PARENT	
4693	4704	IS_AST_PARENT	
4690	4693	IS_AST_PARENT	
4688	4690	IS_AST_PARENT	
4685	4688	IS_AST_PARENT	
4684	4685	IS_AST_PARENT	
4683	4684	IS_AST_PARENT	
4709	4710	IS_AST_PARENT	
4709	4711	IS_AST_PARENT	
4712	4713	IS_AST_PARENT	
4715	4716	IS_AST_PARENT	
4715	4717	IS_AST_PARENT	
4714	4715	IS_AST_PARENT	
4721	4722	IS_AST_PARENT	
4723	4724	IS_AST_PARENT	
4723	4725	IS_AST_PARENT	
4721	4723	IS_AST_PARENT	
4720	4721	IS_AST_PARENT	
4726	4727	IS_AST_PARENT	
4726	4728	IS_AST_PARENT	
4720	4726	IS_AST_PARENT	
4719	4720	IS_AST_PARENT	
4729	4730	IS_AST_PARENT	
4731	4732	IS_AST_PARENT	
4731	4733	IS_AST_PARENT	
4729	4731	IS_AST_PARENT	
4719	4729	IS_AST_PARENT	
4718	4719	IS_AST_PARENT	
4734	4735	IS_AST_PARENT	
4734	4736	IS_AST_PARENT	
4718	4734	IS_AST_PARENT	
4714	4718	IS_AST_PARENT	
4712	4714	IS_AST_PARENT	
4709	4712	IS_AST_PARENT	
4708	4709	IS_AST_PARENT	
4683	4708	IS_AST_PARENT	
4739	4740	IS_AST_PARENT	
4739	4741	IS_AST_PARENT	
4738	4739	IS_AST_PARENT	
4737	4738	IS_AST_PARENT	
4742	4743	IS_AST_PARENT	
4746	4747	IS_AST_PARENT	
4748	4749	IS_AST_PARENT	
4748	4750	IS_AST_PARENT	
4746	4748	IS_AST_PARENT	
4745	4746	IS_AST_PARENT	
4751	4752	IS_AST_PARENT	
4753	4754	IS_AST_PARENT	
4753	4755	IS_AST_PARENT	
4751	4753	IS_AST_PARENT	
4745	4751	IS_AST_PARENT	
4744	4745	IS_AST_PARENT	
4742	4744	IS_AST_PARENT	
4742	4756	IS_AST_PARENT	
4759	4760	IS_AST_PARENT	
4761	4762	IS_AST_PARENT	
4761	4763	IS_AST_PARENT	
4759	4761	IS_AST_PARENT	
4758	4759	IS_AST_PARENT	
4764	4765	IS_AST_PARENT	
4766	4767	IS_AST_PARENT	
4766	4768	IS_AST_PARENT	
4764	4766	IS_AST_PARENT	
4758	4764	IS_AST_PARENT	
4757	4758	IS_AST_PARENT	
4742	4757	IS_AST_PARENT	
4742	4769	IS_AST_PARENT	
4772	4773	IS_AST_PARENT	
4774	4775	IS_AST_PARENT	
4774	4776	IS_AST_PARENT	
4772	4774	IS_AST_PARENT	
4771	4772	IS_AST_PARENT	
4777	4778	IS_AST_PARENT	
4779	4780	IS_AST_PARENT	
4779	4781	IS_AST_PARENT	
4777	4779	IS_AST_PARENT	
4771	4777	IS_AST_PARENT	
4770	4771	IS_AST_PARENT	
4742	4770	IS_AST_PARENT	
4742	4782	IS_AST_PARENT	
4785	4786	IS_AST_PARENT	
4787	4788	IS_AST_PARENT	
4787	4789	IS_AST_PARENT	
4785	4787	IS_AST_PARENT	
4784	4785	IS_AST_PARENT	
4790	4791	IS_AST_PARENT	
4792	4793	IS_AST_PARENT	
4792	4794	IS_AST_PARENT	
4790	4792	IS_AST_PARENT	
4784	4790	IS_AST_PARENT	
4783	4784	IS_AST_PARENT	
4742	4783	IS_AST_PARENT	
4737	4742	IS_AST_PARENT	
4683	4737	IS_AST_PARENT	
4797	4798	IS_AST_PARENT	
4796	4797	IS_AST_PARENT	
4800	4801	IS_AST_PARENT	
4799	4800	IS_AST_PARENT	
4803	4804	IS_AST_PARENT	
4803	4805	IS_AST_PARENT	
4802	4803	IS_AST_PARENT	
4799	4802	IS_AST_PARENT	
4796	4799	IS_AST_PARENT	
4795	4796	IS_AST_PARENT	
4683	4795	IS_AST_PARENT	
4682	4683	IS_AST_PARENT	
4682	4806	IS_AST_PARENT	
4682	4807	IS_AST_PARENT	
4809	4810	IS_AST_PARENT	
4809	4811	IS_AST_PARENT	
4808	4809	IS_AST_PARENT	
4812	4813	IS_AST_PARENT	
4812	4814	IS_AST_PARENT	
4808	4812	IS_AST_PARENT	
4815	4816	IS_AST_PARENT	
4815	4817	IS_AST_PARENT	
4808	4815	IS_AST_PARENT	
4818	4819	IS_AST_PARENT	
4818	4820	IS_AST_PARENT	
4808	4818	IS_AST_PARENT	
4682	4808	IS_AST_PARENT	
4821	4809	FLOWS_TO	
4809	4812	FLOWS_TO	
4812	4815	FLOWS_TO	
4815	4818	FLOWS_TO	
4818	4684	FLOWS_TO	
4684	4708	FLOWS_TO	
4708	4738	FLOWS_TO	
4738	4743	FLOWS_TO	
4738	4782	FLOWS_TO	
4738	4769	FLOWS_TO	
4738	4756	FLOWS_TO	
4738	4795	FLOWS_TO	
4743	4744	FLOWS_TO	
4744	4756	FLOWS_TO	
4756	4757	FLOWS_TO	
4757	4769	FLOWS_TO	
4769	4770	FLOWS_TO	
4770	4782	FLOWS_TO	
4782	4783	FLOWS_TO	
4783	4795	FLOWS_TO	
4795	4822	FLOWS_TO	
4708	4823	USE	
4712	4823	USE	
4684	4824	USE	
4688	4824	USE	
4708	4825	USE	
4712	4825	USE	
4708	4826	USE	
4712	4826	USE	
4708	4827	DEF	
4709	4827	DEF	
4712	4827	DEF	
4744	4827	DEF	
4748	4827	DEF	
4744	4827	USE	
4748	4827	USE	
4757	4827	DEF	
4761	4827	DEF	
4757	4827	USE	
4761	4827	USE	
4770	4827	USE	
4774	4827	USE	
4770	4827	DEF	
4774	4827	DEF	
4783	4827	USE	
4787	4827	USE	
4783	4827	DEF	
4787	4827	DEF	
4744	4828	USE	
4745	4828	USE	
4757	4828	USE	
4758	4828	USE	
4770	4828	USE	
4771	4828	USE	
4783	4828	USE	
4784	4828	USE	
4738	4829	USE	
4812	4830	DEF	
4684	4830	USE	
4696	4830	USE	
4708	4830	USE	
4712	4830	USE	
4684	4831	DEF	
4685	4831	DEF	
4688	4831	DEF	
4708	4831	USE	
4715	4831	USE	
4726	4831	USE	
4734	4831	USE	
4795	4831	USE	
4800	4831	USE	
4708	4832	USE	
4712	4832	USE	
4809	4833	DEF	
4684	4833	USE	
4694	4833	USE	
4738	4833	USE	
4739	4833	USE	
4815	4834	DEF	
4684	4834	USE	
4698	4834	USE	
4708	4834	USE	
4712	4834	USE	
4818	4835	DEF	
4744	4835	DEF	
4753	4835	DEF	
4744	4835	USE	
4753	4835	USE	
4757	4835	USE	
4766	4835	USE	
4757	4835	DEF	
4766	4835	DEF	
4770	4835	USE	
4779	4835	USE	
4770	4835	DEF	
4779	4835	DEF	
4783	4835	DEF	
4792	4835	DEF	
4783	4835	USE	
4792	4835	USE	
4738	4836	USE	
4744	4837	DEF	
4745	4837	DEF	
4757	4837	DEF	
4758	4837	DEF	
4770	4837	DEF	
4771	4837	DEF	
4783	4837	DEF	
4784	4837	DEF	
4708	4744	REACHES	dest
4744	4757	REACHES	dest
4708	4757	REACHES	dest
4757	4770	REACHES	dest
4708	4770	REACHES	dest
4708	4783	REACHES	dest
4770	4783	REACHES	dest
4812	4684	REACHES	x
4684	4708	REACHES	tile
4812	4708	REACHES	x
4684	4795	REACHES	tile
4815	4684	REACHES	y
4809	4684	REACHES	tm
4815	4708	REACHES	y
4809	4738	REACHES	tm
4818	4744	REACHES	buffer
4744	4757	REACHES	buffer
4818	4757	REACHES	buffer
4757	4770	REACHES	buffer
4818	4770	REACHES	buffer
4770	4783	REACHES	buffer
4818	4783	REACHES	buffer
4821	4809	CONTROLS	
4821	4812	CONTROLS	
4821	4815	CONTROLS	
4821	4818	CONTROLS	
4821	4684	CONTROLS	
4821	4708	CONTROLS	
4821	4738	CONTROLS	
4821	4795	CONTROLS	
4738	4743	CONTROLS	
4738	4744	CONTROLS	
4738	4756	CONTROLS	
4738	4757	CONTROLS	
4738	4769	CONTROLS	
4738	4770	CONTROLS	
4738	4782	CONTROLS	
4738	4783	CONTROLS	
4738	4782	CONTROLS	
4738	4783	CONTROLS	
4738	4769	CONTROLS	
4738	4770	CONTROLS	
4738	4782	CONTROLS	
4738	4783	CONTROLS	
4738	4756	CONTROLS	
4738	4757	CONTROLS	
4738	4769	CONTROLS	
4738	4770	CONTROLS	
4738	4782	CONTROLS	
4738	4783	CONTROLS	
4769	4770	DOM	
4818	4684	DOM	
4738	4756	DOM	
4821	4821	DOM	
4782	4783	DOM	
4738	4769	DOM	
4738	4782	DOM	
4795	4822	DOM	
4815	4818	DOM	
4756	4757	DOM	
4738	4743	DOM	
4812	4815	DOM	
4684	4708	DOM	
4743	4744	DOM	
4821	4809	DOM	
4809	4812	DOM	
4738	4795	DOM	
4708	4738	DOM	
4782	4770	POST_DOM	
4708	4684	POST_DOM	
4757	4756	POST_DOM	
4809	4821	POST_DOM	
4795	4783	POST_DOM	
4822	4822	POST_DOM	
4783	4782	POST_DOM	
4770	4769	POST_DOM	
4684	4818	POST_DOM	
4769	4757	POST_DOM	
4744	4743	POST_DOM	
4738	4708	POST_DOM	
4818	4815	POST_DOM	
4756	4744	POST_DOM	
4812	4809	POST_DOM	
4822	4795	POST_DOM	
4815	4812	POST_DOM	
4795	4738	POST_DOM	
4681	4682	IS_FUNCTION_OF_AST	
4681	4821	IS_FUNCTION_OF_CFG	
1	4681	IS_FILE_OF	
4842	4843	IS_AST_PARENT	
4842	4844	IS_AST_PARENT	
4845	4846	IS_AST_PARENT	
4845	4847	IS_AST_PARENT	
4842	4845	IS_AST_PARENT	
4841	4842	IS_AST_PARENT	
4840	4841	IS_AST_PARENT	
4849	4850	IS_AST_PARENT	
4849	4851	IS_AST_PARENT	
4852	4853	IS_AST_PARENT	
4852	4854	IS_AST_PARENT	
4849	4852	IS_AST_PARENT	
4848	4849	IS_AST_PARENT	
4840	4848	IS_AST_PARENT	
4856	4857	IS_AST_PARENT	
4856	4858	IS_AST_PARENT	
4859	4860	IS_AST_PARENT	
4859	4861	IS_AST_PARENT	
4856	4859	IS_AST_PARENT	
4855	4856	IS_AST_PARENT	
4840	4855	IS_AST_PARENT	
4863	4864	IS_AST_PARENT	
4863	4865	IS_AST_PARENT	
4862	4863	IS_AST_PARENT	
4840	4862	IS_AST_PARENT	
4867	4868	IS_AST_PARENT	
4867	4869	IS_AST_PARENT	
4867	4870	IS_AST_PARENT	
4871	4872	IS_AST_PARENT	
4873	4874	IS_AST_PARENT	
4871	4873	IS_AST_PARENT	
4867	4871	IS_AST_PARENT	
4866	4867	IS_AST_PARENT	
4840	4866	IS_AST_PARENT	
4876	4877	IS_AST_PARENT	
4876	4878	IS_AST_PARENT	
4876	4879	IS_AST_PARENT	
4880	4881	IS_AST_PARENT	
4882	4883	IS_AST_PARENT	
4880	4882	IS_AST_PARENT	
4876	4880	IS_AST_PARENT	
4875	4876	IS_AST_PARENT	
4840	4875	IS_AST_PARENT	
4885	4886	IS_AST_PARENT	
4885	4887	IS_AST_PARENT	
4884	4885	IS_AST_PARENT	
4840	4884	IS_AST_PARENT	
4840	4888	IS_AST_PARENT	
4891	4892	IS_AST_PARENT	
4891	4893	IS_AST_PARENT	
4890	4891	IS_AST_PARENT	
4889	4890	IS_AST_PARENT	
4894	4895	IS_AST_PARENT	
4898	4899	IS_AST_PARENT	
4898	4900	IS_AST_PARENT	
4897	4898	IS_AST_PARENT	
4897	4901	IS_AST_PARENT	
4896	4897	IS_AST_PARENT	
4894	4896	IS_AST_PARENT	
4903	4904	IS_AST_PARENT	
4903	4905	IS_AST_PARENT	
4902	4903	IS_AST_PARENT	
4894	4902	IS_AST_PARENT	
4907	4908	IS_AST_PARENT	
4909	4910	IS_AST_PARENT	
4909	4911	IS_AST_PARENT	
4907	4909	IS_AST_PARENT	
4906	4907	IS_AST_PARENT	
4894	4906	IS_AST_PARENT	
4913	4914	IS_AST_PARENT	
4915	4916	IS_AST_PARENT	
4915	4917	IS_AST_PARENT	
4913	4915	IS_AST_PARENT	
4912	4913	IS_AST_PARENT	
4894	4912	IS_AST_PARENT	
4920	4921	IS_AST_PARENT	
4922	4923	IS_AST_PARENT	
4924	4925	IS_AST_PARENT	
4924	4926	IS_AST_PARENT	
4922	4924	IS_AST_PARENT	
4920	4922	IS_AST_PARENT	
4919	4920	IS_AST_PARENT	
4919	4927	IS_AST_PARENT	
4918	4919	IS_AST_PARENT	
4894	4918	IS_AST_PARENT	
4929	4930	IS_AST_PARENT	
4931	4932	IS_AST_PARENT	
4933	4934	IS_AST_PARENT	
4935	4936	IS_AST_PARENT	
4935	4937	IS_AST_PARENT	
4933	4935	IS_AST_PARENT	
4931	4933	IS_AST_PARENT	
4929	4931	IS_AST_PARENT	
4928	4929	IS_AST_PARENT	
4894	4928	IS_AST_PARENT	
4940	4941	IS_AST_PARENT	
4939	4940	IS_AST_PARENT	
4943	4944	IS_AST_PARENT	
4942	4943	IS_AST_PARENT	
4939	4942	IS_AST_PARENT	
4938	4939	IS_AST_PARENT	
4894	4938	IS_AST_PARENT	
4889	4894	IS_AST_PARENT	
4840	4889	IS_AST_PARENT	
4839	4840	IS_AST_PARENT	
4839	4945	IS_AST_PARENT	
4839	4946	IS_AST_PARENT	
4948	4949	IS_AST_PARENT	
4948	4950	IS_AST_PARENT	
4947	4948	IS_AST_PARENT	
4839	4947	IS_AST_PARENT	
4951	4948	FLOWS_TO	
4948	4841	FLOWS_TO	
4841	4848	FLOWS_TO	
4848	4855	FLOWS_TO	
4855	4862	FLOWS_TO	
4862	4866	FLOWS_TO	
4866	4875	FLOWS_TO	
4875	4884	FLOWS_TO	
4884	4888	FLOWS_TO	
4888	4890	FLOWS_TO	
4890	4895	FLOWS_TO	
4890	4952	FLOWS_TO	
4895	4896	FLOWS_TO	
4896	4902	FLOWS_TO	
4902	4906	FLOWS_TO	
4906	4912	FLOWS_TO	
4912	4918	FLOWS_TO	
4918	4928	FLOWS_TO	
4928	4938	FLOWS_TO	
4938	4952	FLOWS_TO	
4862	4953	DEF	
4863	4953	DEF	
4902	4953	DEF	
4903	4953	DEF	
4918	4954	DEF	
4919	4954	DEF	
4928	4954	USE	
4929	4954	USE	
4896	4955	DEF	
4897	4955	DEF	
4918	4956	DEF	
4919	4956	DEF	
4928	4956	USE	
4929	4956	USE	
4912	4957	USE	
4913	4957	USE	
4918	4958	USE	
4922	4958	USE	
4928	4958	USE	
4933	4958	USE	
4918	4959	DEF	
4919	4959	DEF	
4928	4959	USE	
4929	4959	USE	
4948	4960	DEF	
4890	4960	USE	
4896	4960	USE	
4897	4960	USE	
4918	4961	USE	
4920	4961	USE	
4928	4961	USE	
4931	4961	USE	
4866	4962	DEF	
4867	4962	DEF	
4871	4962	DEF	
4918	4962	USE	
4920	4962	USE	
4928	4962	USE	
4931	4962	USE	
4875	4963	DEF	
4876	4963	DEF	
4880	4963	DEF	
4896	4963	USE	
4898	4963	USE	
4918	4963	USE	
4919	4963	USE	
4906	4964	USE	
4907	4964	USE	
4848	4965	DEF	
4852	4965	DEF	
4849	4965	DEF	
4912	4965	DEF	
4913	4965	DEF	
4918	4965	USE	
4924	4965	USE	
4928	4965	USE	
4935	4965	USE	
4855	4966	DEF	
4859	4966	DEF	
4856	4966	DEF	
4906	4966	DEF	
4907	4966	DEF	
4918	4967	USE	
4920	4967	USE	
4928	4967	USE	
4931	4967	USE	
4841	4968	DEF	
4845	4968	DEF	
4842	4968	DEF	
4928	4968	DEF	
4929	4968	DEF	
4938	4968	USE	
4943	4968	USE	
4948	4890	REACHES	hamon_slovakia
4948	4896	REACHES	hamon_slovakia
4875	4896	REACHES	pochay_distortive
4875	4918	REACHES	pochay_distortive
4866	4918	REACHES	mafoo_maronian
4866	4928	REACHES	mafoo_maronian
4912	4918	REACHES	preexperimental_bestuds
4912	4928	REACHES	preexperimental_bestuds
4918	4928	REACHES	* * * preexperimental_bestuds
4918	4928	REACHES	* * ( * preexperimental_bestuds )
4928	4938	REACHES	unsteels_conjectured
4918	4928	REACHES	* mafoo_maronian
4951	4948	CONTROLS	
4951	4841	CONTROLS	
4951	4848	CONTROLS	
4951	4855	CONTROLS	
4951	4862	CONTROLS	
4951	4866	CONTROLS	
4951	4875	CONTROLS	
4951	4884	CONTROLS	
4951	4888	CONTROLS	
4951	4890	CONTROLS	
4890	4895	CONTROLS	
4890	4896	CONTROLS	
4890	4902	CONTROLS	
4890	4906	CONTROLS	
4890	4912	CONTROLS	
4890	4918	CONTROLS	
4890	4928	CONTROLS	
4890	4938	CONTROLS	
4895	4896	DOM	
4890	4895	DOM	
4890	4952	DOM	
4875	4884	DOM	
4848	4855	DOM	
4906	4912	DOM	
4902	4906	DOM	
4855	4862	DOM	
4884	4888	DOM	
4951	4951	DOM	
4951	4948	DOM	
4862	4866	DOM	
4948	4841	DOM	
4888	4890	DOM	
4841	4848	DOM	
4918	4928	DOM	
4928	4938	DOM	
4866	4875	DOM	
4896	4902	DOM	
4912	4918	DOM	
4902	4896	POST_DOM	
4896	4895	POST_DOM	
4952	4952	POST_DOM	
4888	4884	POST_DOM	
4862	4855	POST_DOM	
4918	4912	POST_DOM	
4912	4906	POST_DOM	
4890	4888	POST_DOM	
4866	4862	POST_DOM	
4841	4948	POST_DOM	
4948	4951	POST_DOM	
4875	4866	POST_DOM	
4952	4890	POST_DOM	
4848	4841	POST_DOM	
4855	4848	POST_DOM	
4938	4928	POST_DOM	
4952	4938	POST_DOM	
4884	4875	POST_DOM	
4928	4918	POST_DOM	
4906	4902	POST_DOM	
4838	4839	IS_FUNCTION_OF_AST	
4838	4951	IS_FUNCTION_OF_CFG	
1	4838	IS_FILE_OF	
4973	4974	IS_AST_PARENT	
4973	4975	IS_AST_PARENT	
4972	4973	IS_AST_PARENT	
4971	4972	IS_AST_PARENT	
4971	4976	IS_AST_PARENT	
4979	4980	IS_AST_PARENT	
4978	4979	IS_AST_PARENT	
4982	4983	IS_AST_PARENT	
4981	4982	IS_AST_PARENT	
4978	4981	IS_AST_PARENT	
4977	4978	IS_AST_PARENT	
4971	4977	IS_AST_PARENT	
4970	4971	IS_AST_PARENT	
4970	4984	IS_AST_PARENT	
4970	4985	IS_AST_PARENT	
4987	4988	IS_AST_PARENT	
4987	4989	IS_AST_PARENT	
4986	4987	IS_AST_PARENT	
4970	4986	IS_AST_PARENT	
4990	4987	FLOWS_TO	
4987	4972	FLOWS_TO	
4972	4976	FLOWS_TO	
4976	4977	FLOWS_TO	
4977	4991	FLOWS_TO	
4987	4992	DEF	
4977	4992	USE	
4982	4992	USE	
4987	4977	REACHES	pseudobinary_archenemies
4990	4987	CONTROLS	
4990	4972	CONTROLS	
4990	4976	CONTROLS	
4990	4977	CONTROLS	
4990	4990	DOM	
4972	4976	DOM	
4987	4972	DOM	
4977	4991	DOM	
4990	4987	DOM	
4976	4977	DOM	
4977	4976	POST_DOM	
4987	4990	POST_DOM	
4991	4991	POST_DOM	
4976	4972	POST_DOM	
4972	4987	POST_DOM	
4991	4977	POST_DOM	
4969	4970	IS_FUNCTION_OF_AST	
4969	4990	IS_FUNCTION_OF_CFG	
1	4969	IS_FILE_OF	
4997	4998	IS_AST_PARENT	
4997	4999	IS_AST_PARENT	
4996	4997	IS_AST_PARENT	
4995	4996	IS_AST_PARENT	
4995	5000	IS_AST_PARENT	
5003	5004	IS_AST_PARENT	
5002	5003	IS_AST_PARENT	
5006	5007	IS_AST_PARENT	
5005	5006	IS_AST_PARENT	
5002	5005	IS_AST_PARENT	
5001	5002	IS_AST_PARENT	
4995	5001	IS_AST_PARENT	
4994	4995	IS_AST_PARENT	
4994	5008	IS_AST_PARENT	
4994	5009	IS_AST_PARENT	
5011	5012	IS_AST_PARENT	
5011	5013	IS_AST_PARENT	
5010	5011	IS_AST_PARENT	
4994	5010	IS_AST_PARENT	
5014	5011	FLOWS_TO	
5011	4996	FLOWS_TO	
4996	5000	FLOWS_TO	
5000	5001	FLOWS_TO	
5001	5015	FLOWS_TO	
5011	5016	DEF	
5001	5016	USE	
5006	5016	USE	
5011	5001	REACHES	dimplier_vancouver
5014	5011	CONTROLS	
5014	4996	CONTROLS	
5014	5000	CONTROLS	
5014	5001	CONTROLS	
4996	5000	DOM	
5014	5014	DOM	
5000	5001	DOM	
5011	4996	DOM	
5001	5015	DOM	
5014	5011	DOM	
5001	5000	POST_DOM	
5011	5014	POST_DOM	
5015	5001	POST_DOM	
5015	5015	POST_DOM	
5000	4996	POST_DOM	
4996	5011	POST_DOM	
4993	4994	IS_FUNCTION_OF_AST	
4993	5014	IS_FUNCTION_OF_CFG	
1	4993	IS_FILE_OF	
5021	5022	IS_AST_PARENT	
5021	5023	IS_AST_PARENT	
5020	5021	IS_AST_PARENT	
5019	5020	IS_AST_PARENT	
5019	5024	IS_AST_PARENT	
5027	5028	IS_AST_PARENT	
5026	5027	IS_AST_PARENT	
5030	5031	IS_AST_PARENT	
5029	5030	IS_AST_PARENT	
5026	5029	IS_AST_PARENT	
5025	5026	IS_AST_PARENT	
5019	5025	IS_AST_PARENT	
5018	5019	IS_AST_PARENT	
5018	5032	IS_AST_PARENT	
5018	5033	IS_AST_PARENT	
5035	5036	IS_AST_PARENT	
5035	5037	IS_AST_PARENT	
5034	5035	IS_AST_PARENT	
5018	5034	IS_AST_PARENT	
5038	5035	FLOWS_TO	
5035	5020	FLOWS_TO	
5020	5024	FLOWS_TO	
5024	5025	FLOWS_TO	
5025	5039	FLOWS_TO	
5035	5040	DEF	
5025	5040	USE	
5030	5040	USE	
5035	5025	REACHES	hexarchies_noncanvassing
5038	5035	CONTROLS	
5038	5020	CONTROLS	
5038	5024	CONTROLS	
5038	5025	CONTROLS	
5038	5035	DOM	
5024	5025	DOM	
5038	5038	DOM	
5035	5020	DOM	
5020	5024	DOM	
5025	5039	DOM	
5020	5035	POST_DOM	
5039	5025	POST_DOM	
5024	5020	POST_DOM	
5035	5038	POST_DOM	
5039	5039	POST_DOM	
5025	5024	POST_DOM	
5017	5018	IS_FUNCTION_OF_AST	
5017	5038	IS_FUNCTION_OF_CFG	
1	5017	IS_FILE_OF	
5045	5046	IS_AST_PARENT	
5045	5047	IS_AST_PARENT	
5044	5045	IS_AST_PARENT	
5043	5044	IS_AST_PARENT	
5043	5048	IS_AST_PARENT	
5051	5052	IS_AST_PARENT	
5050	5051	IS_AST_PARENT	
5054	5055	IS_AST_PARENT	
5053	5054	IS_AST_PARENT	
5050	5053	IS_AST_PARENT	
5049	5050	IS_AST_PARENT	
5043	5049	IS_AST_PARENT	
5042	5043	IS_AST_PARENT	
5042	5056	IS_AST_PARENT	
5042	5057	IS_AST_PARENT	
5059	5060	IS_AST_PARENT	
5059	5061	IS_AST_PARENT	
5058	5059	IS_AST_PARENT	
5042	5058	IS_AST_PARENT	
5062	5059	FLOWS_TO	
5059	5044	FLOWS_TO	
5044	5048	FLOWS_TO	
5048	5049	FLOWS_TO	
5049	5063	FLOWS_TO	
5059	5064	DEF	
5049	5064	USE	
5054	5064	USE	
5059	5049	REACHES	papistries_focalized
5062	5059	CONTROLS	
5062	5044	CONTROLS	
5062	5048	CONTROLS	
5062	5049	CONTROLS	
5062	5062	DOM	
5059	5044	DOM	
5062	5059	DOM	
5048	5049	DOM	
5044	5048	DOM	
5049	5063	DOM	
5059	5062	POST_DOM	
5048	5044	POST_DOM	
5044	5059	POST_DOM	
5063	5049	POST_DOM	
5049	5048	POST_DOM	
5063	5063	POST_DOM	
5041	5042	IS_FUNCTION_OF_AST	
5041	5062	IS_FUNCTION_OF_CFG	
1	5041	IS_FILE_OF	
5069	5070	IS_AST_PARENT	
5069	5071	IS_AST_PARENT	
5068	5069	IS_AST_PARENT	
5067	5068	IS_AST_PARENT	
5067	5072	IS_AST_PARENT	
5075	5076	IS_AST_PARENT	
5074	5075	IS_AST_PARENT	
5078	5079	IS_AST_PARENT	
5077	5078	IS_AST_PARENT	
5074	5077	IS_AST_PARENT	
5073	5074	IS_AST_PARENT	
5067	5073	IS_AST_PARENT	
5066	5067	IS_AST_PARENT	
5066	5080	IS_AST_PARENT	
5066	5081	IS_AST_PARENT	
5083	5084	IS_AST_PARENT	
5083	5085	IS_AST_PARENT	
5082	5083	IS_AST_PARENT	
5066	5082	IS_AST_PARENT	
5086	5083	FLOWS_TO	
5083	5068	FLOWS_TO	
5068	5072	FLOWS_TO	
5072	5073	FLOWS_TO	
5073	5087	FLOWS_TO	
5083	5088	DEF	
5073	5088	USE	
5078	5088	USE	
5083	5073	REACHES	tercentenary_mesosigmoid
5086	5083	CONTROLS	
5086	5068	CONTROLS	
5086	5072	CONTROLS	
5086	5073	CONTROLS	
5086	5083	DOM	
5086	5086	DOM	
5083	5068	DOM	
5068	5072	DOM	
5072	5073	DOM	
5073	5087	DOM	
5068	5083	POST_DOM	
5073	5072	POST_DOM	
5072	5068	POST_DOM	
5083	5086	POST_DOM	
5087	5073	POST_DOM	
5087	5087	POST_DOM	
5065	5066	IS_FUNCTION_OF_AST	
5065	5086	IS_FUNCTION_OF_CFG	
1	5065	IS_FILE_OF	
5093	5094	IS_AST_PARENT	
5093	5095	IS_AST_PARENT	
5092	5093	IS_AST_PARENT	
5091	5092	IS_AST_PARENT	
5091	5096	IS_AST_PARENT	
5099	5100	IS_AST_PARENT	
5098	5099	IS_AST_PARENT	
5102	5103	IS_AST_PARENT	
5101	5102	IS_AST_PARENT	
5098	5101	IS_AST_PARENT	
5097	5098	IS_AST_PARENT	
5091	5097	IS_AST_PARENT	
5090	5091	IS_AST_PARENT	
5090	5104	IS_AST_PARENT	
5090	5105	IS_AST_PARENT	
5107	5108	IS_AST_PARENT	
5107	5109	IS_AST_PARENT	
5106	5107	IS_AST_PARENT	
5090	5106	IS_AST_PARENT	
5110	5107	FLOWS_TO	
5107	5092	FLOWS_TO	
5092	5096	FLOWS_TO	
5096	5097	FLOWS_TO	
5097	5111	FLOWS_TO	
5107	5112	DEF	
5097	5112	USE	
5102	5112	USE	
5107	5097	REACHES	maceraters_prepollent
5110	5107	CONTROLS	
5110	5092	CONTROLS	
5110	5096	CONTROLS	
5110	5097	CONTROLS	
5097	5111	DOM	
5110	5107	DOM	
5107	5092	DOM	
5096	5097	DOM	
5110	5110	DOM	
5092	5096	DOM	
5111	5111	POST_DOM	
5092	5107	POST_DOM	
5111	5097	POST_DOM	
5096	5092	POST_DOM	
5097	5096	POST_DOM	
5107	5110	POST_DOM	
5089	5090	IS_FUNCTION_OF_AST	
5089	5110	IS_FUNCTION_OF_CFG	
1	5089	IS_FILE_OF	
5117	5118	IS_AST_PARENT	
5117	5119	IS_AST_PARENT	
5116	5117	IS_AST_PARENT	
5115	5116	IS_AST_PARENT	
5115	5120	IS_AST_PARENT	
5123	5124	IS_AST_PARENT	
5122	5123	IS_AST_PARENT	
5126	5127	IS_AST_PARENT	
5125	5126	IS_AST_PARENT	
5122	5125	IS_AST_PARENT	
5121	5122	IS_AST_PARENT	
5115	5121	IS_AST_PARENT	
5114	5115	IS_AST_PARENT	
5114	5128	IS_AST_PARENT	
5114	5129	IS_AST_PARENT	
5131	5132	IS_AST_PARENT	
5131	5133	IS_AST_PARENT	
5130	5131	IS_AST_PARENT	
5114	5130	IS_AST_PARENT	
5134	5131	FLOWS_TO	
5131	5116	FLOWS_TO	
5116	5120	FLOWS_TO	
5120	5121	FLOWS_TO	
5121	5135	FLOWS_TO	
5131	5136	DEF	
5121	5136	USE	
5126	5136	USE	
5131	5121	REACHES	conspiring_weightedly
5134	5131	CONTROLS	
5134	5116	CONTROLS	
5134	5120	CONTROLS	
5134	5121	CONTROLS	
5121	5135	DOM	
5134	5134	DOM	
5131	5116	DOM	
5134	5131	DOM	
5116	5120	DOM	
5120	5121	DOM	
5135	5135	POST_DOM	
5131	5134	POST_DOM	
5120	5116	POST_DOM	
5121	5120	POST_DOM	
5116	5131	POST_DOM	
5135	5121	POST_DOM	
5113	5114	IS_FUNCTION_OF_AST	
5113	5134	IS_FUNCTION_OF_CFG	
1	5113	IS_FILE_OF	
5141	5142	IS_AST_PARENT	
5141	5143	IS_AST_PARENT	
5140	5141	IS_AST_PARENT	
5139	5140	IS_AST_PARENT	
5139	5144	IS_AST_PARENT	
5147	5148	IS_AST_PARENT	
5146	5147	IS_AST_PARENT	
5150	5151	IS_AST_PARENT	
5149	5150	IS_AST_PARENT	
5146	5149	IS_AST_PARENT	
5145	5146	IS_AST_PARENT	
5139	5145	IS_AST_PARENT	
5138	5139	IS_AST_PARENT	
5138	5152	IS_AST_PARENT	
5138	5153	IS_AST_PARENT	
5155	5156	IS_AST_PARENT	
5155	5157	IS_AST_PARENT	
5154	5155	IS_AST_PARENT	
5138	5154	IS_AST_PARENT	
5158	5155	FLOWS_TO	
5155	5140	FLOWS_TO	
5140	5144	FLOWS_TO	
5144	5145	FLOWS_TO	
5145	5159	FLOWS_TO	
5155	5160	DEF	
5145	5160	USE	
5150	5160	USE	
5155	5145	REACHES	candied_jiminy
5158	5155	CONTROLS	
5158	5140	CONTROLS	
5158	5144	CONTROLS	
5158	5145	CONTROLS	
5145	5159	DOM	
5158	5155	DOM	
5155	5140	DOM	
5144	5145	DOM	
5140	5144	DOM	
5158	5158	DOM	
5159	5159	POST_DOM	
5140	5155	POST_DOM	
5159	5145	POST_DOM	
5144	5140	POST_DOM	
5145	5144	POST_DOM	
5155	5158	POST_DOM	
5137	5138	IS_FUNCTION_OF_AST	
5137	5158	IS_FUNCTION_OF_CFG	
1	5137	IS_FILE_OF	
5165	5166	IS_AST_PARENT	
5165	5167	IS_AST_PARENT	
5164	5165	IS_AST_PARENT	
5163	5164	IS_AST_PARENT	
5163	5168	IS_AST_PARENT	
5171	5172	IS_AST_PARENT	
5170	5171	IS_AST_PARENT	
5174	5175	IS_AST_PARENT	
5173	5174	IS_AST_PARENT	
5170	5173	IS_AST_PARENT	
5169	5170	IS_AST_PARENT	
5163	5169	IS_AST_PARENT	
5162	5163	IS_AST_PARENT	
5162	5176	IS_AST_PARENT	
5162	5177	IS_AST_PARENT	
5179	5180	IS_AST_PARENT	
5179	5181	IS_AST_PARENT	
5178	5179	IS_AST_PARENT	
5162	5178	IS_AST_PARENT	
5182	5179	FLOWS_TO	
5179	5164	FLOWS_TO	
5164	5168	FLOWS_TO	
5168	5169	FLOWS_TO	
5169	5183	FLOWS_TO	
5179	5184	DEF	
5169	5184	USE	
5174	5184	USE	
5179	5169	REACHES	ethoxycaffeine_unpublic
5182	5179	CONTROLS	
5182	5164	CONTROLS	
5182	5168	CONTROLS	
5182	5169	CONTROLS	
5164	5168	DOM	
5182	5179	DOM	
5179	5164	DOM	
5168	5169	DOM	
5182	5182	DOM	
5169	5183	DOM	
5169	5168	POST_DOM	
5168	5164	POST_DOM	
5164	5179	POST_DOM	
5183	5169	POST_DOM	
5179	5182	POST_DOM	
5183	5183	POST_DOM	
5161	5162	IS_FUNCTION_OF_AST	
5161	5182	IS_FUNCTION_OF_CFG	
1	5161	IS_FILE_OF	
5189	5190	IS_AST_PARENT	
5189	5191	IS_AST_PARENT	
5192	5193	IS_AST_PARENT	
5192	5194	IS_AST_PARENT	
5189	5192	IS_AST_PARENT	
5188	5189	IS_AST_PARENT	
5187	5188	IS_AST_PARENT	
5196	5197	IS_AST_PARENT	
5196	5198	IS_AST_PARENT	
5196	5199	IS_AST_PARENT	
5195	5196	IS_AST_PARENT	
5187	5195	IS_AST_PARENT	
5201	5202	IS_AST_PARENT	
5201	5203	IS_AST_PARENT	
5201	5204	IS_AST_PARENT	
5200	5201	IS_AST_PARENT	
5187	5200	IS_AST_PARENT	
5206	5207	IS_AST_PARENT	
5206	5208	IS_AST_PARENT	
5209	5210	IS_AST_PARENT	
5209	5211	IS_AST_PARENT	
5206	5209	IS_AST_PARENT	
5205	5206	IS_AST_PARENT	
5187	5205	IS_AST_PARENT	
5213	5214	IS_AST_PARENT	
5213	5215	IS_AST_PARENT	
5212	5213	IS_AST_PARENT	
5187	5212	IS_AST_PARENT	
5217	5218	IS_AST_PARENT	
5217	5219	IS_AST_PARENT	
5220	5221	IS_AST_PARENT	
5220	5222	IS_AST_PARENT	
5217	5220	IS_AST_PARENT	
5216	5217	IS_AST_PARENT	
5187	5216	IS_AST_PARENT	
5226	5227	IS_AST_PARENT	
5226	5228	IS_AST_PARENT	
5225	5226	IS_AST_PARENT	
5225	5229	IS_AST_PARENT	
5224	5225	IS_AST_PARENT	
5223	5224	IS_AST_PARENT	
5231	5232	IS_AST_PARENT	
5230	5231	IS_AST_PARENT	
5223	5230	IS_AST_PARENT	
5187	5223	IS_AST_PARENT	
5234	5235	IS_AST_PARENT	
5234	5236	IS_AST_PARENT	
5233	5234	IS_AST_PARENT	
5187	5233	IS_AST_PARENT	
5187	5237	IS_AST_PARENT	
5239	5240	IS_AST_PARENT	
5241	5242	IS_AST_PARENT	
5243	5244	IS_AST_PARENT	
5243	5245	IS_AST_PARENT	
5241	5243	IS_AST_PARENT	
5239	5241	IS_AST_PARENT	
5238	5239	IS_AST_PARENT	
5187	5238	IS_AST_PARENT	
5248	5249	IS_AST_PARENT	
5247	5248	IS_AST_PARENT	
5251	5252	IS_AST_PARENT	
5250	5251	IS_AST_PARENT	
5253	5254	IS_AST_PARENT	
5250	5253	IS_AST_PARENT	
5255	5256	IS_AST_PARENT	
5250	5255	IS_AST_PARENT	
5257	5258	IS_AST_PARENT	
5250	5257	IS_AST_PARENT	
5259	5260	IS_AST_PARENT	
5250	5259	IS_AST_PARENT	
5247	5250	IS_AST_PARENT	
5246	5247	IS_AST_PARENT	
5187	5246	IS_AST_PARENT	
5263	5264	IS_AST_PARENT	
5262	5263	IS_AST_PARENT	
5266	5267	IS_AST_PARENT	
5265	5266	IS_AST_PARENT	
5268	5269	IS_AST_PARENT	
5265	5268	IS_AST_PARENT	
5270	5271	IS_AST_PARENT	
5265	5270	IS_AST_PARENT	
5272	5273	IS_AST_PARENT	
5265	5272	IS_AST_PARENT	
5275	5276	IS_AST_PARENT	
5275	5277	IS_AST_PARENT	
5274	5275	IS_AST_PARENT	
5265	5274	IS_AST_PARENT	
5278	5279	IS_AST_PARENT	
5265	5278	IS_AST_PARENT	
5262	5265	IS_AST_PARENT	
5261	5262	IS_AST_PARENT	
5187	5261	IS_AST_PARENT	
5282	5283	IS_AST_PARENT	
5281	5282	IS_AST_PARENT	
5285	5286	IS_AST_PARENT	
5284	5285	IS_AST_PARENT	
5287	5288	IS_AST_PARENT	
5284	5287	IS_AST_PARENT	
5289	5290	IS_AST_PARENT	
5284	5289	IS_AST_PARENT	
5291	5292	IS_AST_PARENT	
5284	5291	IS_AST_PARENT	
5294	5295	IS_AST_PARENT	
5294	5296	IS_AST_PARENT	
5293	5294	IS_AST_PARENT	
5284	5293	IS_AST_PARENT	
5297	5298	IS_AST_PARENT	
5284	5297	IS_AST_PARENT	
5281	5284	IS_AST_PARENT	
5280	5281	IS_AST_PARENT	
5187	5280	IS_AST_PARENT	
5301	5302	IS_AST_PARENT	
5301	5303	IS_AST_PARENT	
5300	5301	IS_AST_PARENT	
5300	5304	IS_AST_PARENT	
5299	5300	IS_AST_PARENT	
5187	5299	IS_AST_PARENT	
5307	5308	IS_AST_PARENT	
5306	5307	IS_AST_PARENT	
5310	5311	IS_AST_PARENT	
5309	5310	IS_AST_PARENT	
5312	5313	IS_AST_PARENT	
5309	5312	IS_AST_PARENT	
5314	5315	IS_AST_PARENT	
5309	5314	IS_AST_PARENT	
5306	5309	IS_AST_PARENT	
5305	5306	IS_AST_PARENT	
5187	5305	IS_AST_PARENT	
5318	5319	IS_AST_PARENT	
5320	5321	IS_AST_PARENT	
5320	5322	IS_AST_PARENT	
5318	5320	IS_AST_PARENT	
5317	5318	IS_AST_PARENT	
5317	5323	IS_AST_PARENT	
5316	5317	IS_AST_PARENT	
5187	5316	IS_AST_PARENT	
5325	5326	IS_AST_PARENT	
5327	5328	IS_AST_PARENT	
5330	5331	IS_AST_PARENT	
5329	5330	IS_AST_PARENT	
5333	5334	IS_AST_PARENT	
5332	5333	IS_AST_PARENT	
5329	5332	IS_AST_PARENT	
5327	5329	IS_AST_PARENT	
5325	5327	IS_AST_PARENT	
5324	5325	IS_AST_PARENT	
5187	5324	IS_AST_PARENT	
5337	5338	IS_AST_PARENT	
5336	5337	IS_AST_PARENT	
5340	5341	IS_AST_PARENT	
5339	5340	IS_AST_PARENT	
5342	5343	IS_AST_PARENT	
5339	5342	IS_AST_PARENT	
5344	5345	IS_AST_PARENT	
5339	5344	IS_AST_PARENT	
5346	5347	IS_AST_PARENT	
5339	5346	IS_AST_PARENT	
5348	5349	IS_AST_PARENT	
5339	5348	IS_AST_PARENT	
5336	5339	IS_AST_PARENT	
5335	5336	IS_AST_PARENT	
5187	5335	IS_AST_PARENT	
5352	5353	IS_AST_PARENT	
5351	5352	IS_AST_PARENT	
5355	5356	IS_AST_PARENT	
5354	5355	IS_AST_PARENT	
5357	5358	IS_AST_PARENT	
5354	5357	IS_AST_PARENT	
5359	5360	IS_AST_PARENT	
5354	5359	IS_AST_PARENT	
5361	5362	IS_AST_PARENT	
5354	5361	IS_AST_PARENT	
5363	5364	IS_AST_PARENT	
5354	5363	IS_AST_PARENT	
5351	5354	IS_AST_PARENT	
5350	5351	IS_AST_PARENT	
5187	5350	IS_AST_PARENT	
5367	5368	IS_AST_PARENT	
5366	5367	IS_AST_PARENT	
5370	5371	IS_AST_PARENT	
5369	5370	IS_AST_PARENT	
5372	5373	IS_AST_PARENT	
5369	5372	IS_AST_PARENT	
5374	5375	IS_AST_PARENT	
5369	5374	IS_AST_PARENT	
5366	5369	IS_AST_PARENT	
5365	5366	IS_AST_PARENT	
5187	5365	IS_AST_PARENT	
5378	5379	IS_AST_PARENT	
5377	5378	IS_AST_PARENT	
5381	5382	IS_AST_PARENT	
5380	5381	IS_AST_PARENT	
5383	5384	IS_AST_PARENT	
5380	5383	IS_AST_PARENT	
5385	5386	IS_AST_PARENT	
5380	5385	IS_AST_PARENT	
5377	5380	IS_AST_PARENT	
5376	5377	IS_AST_PARENT	
5187	5376	IS_AST_PARENT	
5389	5390	IS_AST_PARENT	
5389	5391	IS_AST_PARENT	
5388	5389	IS_AST_PARENT	
5387	5388	IS_AST_PARENT	
5393	5394	IS_AST_PARENT	
5393	5395	IS_AST_PARENT	
5392	5393	IS_AST_PARENT	
5396	5397	IS_AST_PARENT	
5396	5398	IS_AST_PARENT	
5392	5396	IS_AST_PARENT	
5387	5392	IS_AST_PARENT	
5402	5403	IS_AST_PARENT	
5402	5404	IS_AST_PARENT	
5401	5402	IS_AST_PARENT	
5405	5406	IS_AST_PARENT	
5405	5407	IS_AST_PARENT	
5401	5405	IS_AST_PARENT	
5400	5401	IS_AST_PARENT	
5399	5400	IS_AST_PARENT	
5387	5399	IS_AST_PARENT	
5187	5387	IS_AST_PARENT	
5410	5411	IS_AST_PARENT	
5409	5410	IS_AST_PARENT	
5413	5414	IS_AST_PARENT	
5412	5413	IS_AST_PARENT	
5415	5416	IS_AST_PARENT	
5412	5415	IS_AST_PARENT	
5417	5418	IS_AST_PARENT	
5412	5417	IS_AST_PARENT	
5419	5420	IS_AST_PARENT	
5412	5419	IS_AST_PARENT	
5421	5422	IS_AST_PARENT	
5412	5421	IS_AST_PARENT	
5409	5412	IS_AST_PARENT	
5408	5409	IS_AST_PARENT	
5187	5408	IS_AST_PARENT	
5425	5426	IS_AST_PARENT	
5425	5427	IS_AST_PARENT	
5424	5425	IS_AST_PARENT	
5423	5424	IS_AST_PARENT	
5428	5429	IS_AST_PARENT	
5428	5430	IS_AST_PARENT	
5423	5428	IS_AST_PARENT	
5434	5435	IS_AST_PARENT	
5434	5436	IS_AST_PARENT	
5433	5434	IS_AST_PARENT	
5438	5439	IS_AST_PARENT	
5437	5438	IS_AST_PARENT	
5442	5443	IS_AST_PARENT	
5442	5444	IS_AST_PARENT	
5441	5442	IS_AST_PARENT	
5440	5441	IS_AST_PARENT	
5437	5440	IS_AST_PARENT	
5433	5437	IS_AST_PARENT	
5432	5433	IS_AST_PARENT	
5431	5432	IS_AST_PARENT	
5423	5431	IS_AST_PARENT	
5187	5423	IS_AST_PARENT	
5447	5448	IS_AST_PARENT	
5446	5447	IS_AST_PARENT	
5450	5451	IS_AST_PARENT	
5449	5450	IS_AST_PARENT	
5452	5453	IS_AST_PARENT	
5449	5452	IS_AST_PARENT	
5454	5455	IS_AST_PARENT	
5449	5454	IS_AST_PARENT	
5446	5449	IS_AST_PARENT	
5445	5446	IS_AST_PARENT	
5187	5445	IS_AST_PARENT	
5458	5459	IS_AST_PARENT	
5457	5458	IS_AST_PARENT	
5461	5462	IS_AST_PARENT	
5460	5461	IS_AST_PARENT	
5463	5464	IS_AST_PARENT	
5460	5463	IS_AST_PARENT	
5465	5466	IS_AST_PARENT	
5460	5465	IS_AST_PARENT	
5457	5460	IS_AST_PARENT	
5456	5457	IS_AST_PARENT	
5187	5456	IS_AST_PARENT	
5469	5470	IS_AST_PARENT	
5468	5469	IS_AST_PARENT	
5472	5473	IS_AST_PARENT	
5471	5472	IS_AST_PARENT	
5474	5475	IS_AST_PARENT	
5471	5474	IS_AST_PARENT	
5468	5471	IS_AST_PARENT	
5467	5468	IS_AST_PARENT	
5187	5467	IS_AST_PARENT	
5478	5479	IS_AST_PARENT	
5477	5478	IS_AST_PARENT	
5481	5482	IS_AST_PARENT	
5480	5481	IS_AST_PARENT	
5485	5486	IS_AST_PARENT	
5484	5485	IS_AST_PARENT	
5488	5489	IS_AST_PARENT	
5487	5488	IS_AST_PARENT	
5484	5487	IS_AST_PARENT	
5483	5484	IS_AST_PARENT	
5480	5483	IS_AST_PARENT	
5477	5480	IS_AST_PARENT	
5476	5477	IS_AST_PARENT	
5187	5476	IS_AST_PARENT	
5492	5493	IS_AST_PARENT	
5491	5492	IS_AST_PARENT	
5495	5496	IS_AST_PARENT	
5494	5495	IS_AST_PARENT	
5499	5500	IS_AST_PARENT	
5498	5499	IS_AST_PARENT	
5503	5504	IS_AST_PARENT	
5503	5505	IS_AST_PARENT	
5502	5503	IS_AST_PARENT	
5501	5502	IS_AST_PARENT	
5498	5501	IS_AST_PARENT	
5497	5498	IS_AST_PARENT	
5494	5497	IS_AST_PARENT	
5491	5494	IS_AST_PARENT	
5490	5491	IS_AST_PARENT	
5187	5490	IS_AST_PARENT	
5508	5509	IS_AST_PARENT	
5507	5508	IS_AST_PARENT	
5511	5512	IS_AST_PARENT	
5510	5511	IS_AST_PARENT	
5513	5514	IS_AST_PARENT	
5510	5513	IS_AST_PARENT	
5515	5516	IS_AST_PARENT	
5510	5515	IS_AST_PARENT	
5517	5518	IS_AST_PARENT	
5510	5517	IS_AST_PARENT	
5520	5521	IS_AST_PARENT	
5520	5522	IS_AST_PARENT	
5519	5520	IS_AST_PARENT	
5510	5519	IS_AST_PARENT	
5523	5524	IS_AST_PARENT	
5510	5523	IS_AST_PARENT	
5507	5510	IS_AST_PARENT	
5506	5507	IS_AST_PARENT	
5187	5506	IS_AST_PARENT	
5527	5528	IS_AST_PARENT	
5526	5527	IS_AST_PARENT	
5530	5531	IS_AST_PARENT	
5529	5530	IS_AST_PARENT	
5532	5533	IS_AST_PARENT	
5529	5532	IS_AST_PARENT	
5534	5535	IS_AST_PARENT	
5529	5534	IS_AST_PARENT	
5536	5537	IS_AST_PARENT	
5529	5536	IS_AST_PARENT	
5538	5539	IS_AST_PARENT	
5529	5538	IS_AST_PARENT	
5526	5529	IS_AST_PARENT	
5525	5526	IS_AST_PARENT	
5187	5525	IS_AST_PARENT	
5542	5543	IS_AST_PARENT	
5541	5542	IS_AST_PARENT	
5545	5546	IS_AST_PARENT	
5544	5545	IS_AST_PARENT	
5547	5548	IS_AST_PARENT	
5544	5547	IS_AST_PARENT	
5541	5544	IS_AST_PARENT	
5540	5541	IS_AST_PARENT	
5187	5540	IS_AST_PARENT	
5187	5549	IS_AST_PARENT	
5553	5554	IS_AST_PARENT	
5553	5555	IS_AST_PARENT	
5552	5553	IS_AST_PARENT	
5552	5556	IS_AST_PARENT	
5551	5552	IS_AST_PARENT	
5550	5551	IS_AST_PARENT	
5559	5560	IS_AST_PARENT	
5558	5559	IS_AST_PARENT	
5563	5564	IS_AST_PARENT	
5565	5566	IS_AST_PARENT	
5565	5567	IS_AST_PARENT	
5563	5565	IS_AST_PARENT	
5562	5563	IS_AST_PARENT	
5561	5562	IS_AST_PARENT	
5558	5561	IS_AST_PARENT	
5557	5558	IS_AST_PARENT	
5550	5557	IS_AST_PARENT	
5187	5550	IS_AST_PARENT	
5570	5571	IS_AST_PARENT	
5569	5570	IS_AST_PARENT	
5569	5572	IS_AST_PARENT	
5568	5569	IS_AST_PARENT	
5187	5568	IS_AST_PARENT	
5186	5187	IS_AST_PARENT	
5186	5573	IS_AST_PARENT	
5186	5574	IS_AST_PARENT	
5576	5577	IS_AST_PARENT	
5576	5578	IS_AST_PARENT	
5575	5576	IS_AST_PARENT	
5186	5575	IS_AST_PARENT	
5579	5576	FLOWS_TO	
5576	5188	FLOWS_TO	
5188	5195	FLOWS_TO	
5195	5200	FLOWS_TO	
5200	5205	FLOWS_TO	
5205	5212	FLOWS_TO	
5212	5216	FLOWS_TO	
5216	5224	FLOWS_TO	
5224	5231	FLOWS_TO	
5224	5233	FLOWS_TO	
5231	5580	FLOWS_TO	
5233	5237	FLOWS_TO	
5237	5238	FLOWS_TO	
5238	5246	FLOWS_TO	
5246	5261	FLOWS_TO	
5261	5280	FLOWS_TO	
5280	5299	FLOWS_TO	
5299	5305	FLOWS_TO	
5305	5316	FLOWS_TO	
5316	5324	FLOWS_TO	
5324	5335	FLOWS_TO	
5335	5350	FLOWS_TO	
5350	5365	FLOWS_TO	
5365	5376	FLOWS_TO	
5376	5388	FLOWS_TO	
5388	5400	FLOWS_TO	
5388	5408	FLOWS_TO	
5392	5388	FLOWS_TO	
5400	5392	FLOWS_TO	
5408	5424	FLOWS_TO	
5424	5432	FLOWS_TO	
5424	5445	FLOWS_TO	
5428	5424	FLOWS_TO	
5432	5428	FLOWS_TO	
5445	5456	FLOWS_TO	
5456	5467	FLOWS_TO	
5467	5476	FLOWS_TO	
5476	5490	FLOWS_TO	
5490	5506	FLOWS_TO	
5506	5525	FLOWS_TO	
5525	5540	FLOWS_TO	
5540	5549	FLOWS_TO	
5549	5551	FLOWS_TO	
5551	5557	FLOWS_TO	
5551	5568	FLOWS_TO	
5557	5568	FLOWS_TO	
5568	5580	FLOWS_TO	
5200	5581	DEF	
5201	5581	DEF	
5299	5581	USE	
5301	5581	USE	
5350	5581	USE	
5361	5581	USE	
5490	5581	USE	
5503	5581	USE	
5400	5582	DEF	
5401	5582	DEF	
5261	5583	USE	
5268	5583	USE	
5280	5583	USE	
5287	5583	USE	
5506	5583	USE	
5513	5583	USE	
5400	5584	USE	
5401	5584	USE	
5280	5585	USE	
5293	5585	USE	
5299	5586	DEF	
5300	5586	DEF	
5490	5586	USE	
5502	5586	USE	
5246	5587	USE	
5253	5587	USE	
5335	5588	USE	
5342	5588	USE	
5350	5588	USE	
5357	5588	USE	
5408	5588	USE	
5415	5588	USE	
5525	5588	USE	
5532	5588	USE	
5188	5589	DEF	
5189	5589	DEF	
5192	5589	DEF	
5261	5589	USE	
5272	5589	USE	
5424	5589	USE	
5432	5589	USE	
5442	5589	USE	
5434	5589	USE	
5506	5589	USE	
5517	5589	USE	
5400	5590	USE	
5401	5590	USE	
5576	5591	DEF	
5238	5591	USE	
5243	5591	USE	
5551	5591	USE	
5553	5591	USE	
5557	5591	USE	
5565	5591	USE	
5324	5592	USE	
5325	5592	USE	
5476	5592	USE	
5483	5592	USE	
5490	5592	USE	
5497	5592	USE	
5365	5593	USE	
5372	5593	USE	
5376	5593	USE	
5383	5593	USE	
5445	5593	USE	
5452	5593	USE	
5456	5593	USE	
5463	5593	USE	
5246	5594	USE	
5251	5594	USE	
5261	5594	USE	
5266	5594	USE	
5280	5594	USE	
5285	5594	USE	
5335	5594	USE	
5340	5594	USE	
5350	5594	USE	
5355	5594	USE	
5365	5594	USE	
5370	5594	USE	
5376	5594	USE	
5381	5594	USE	
5408	5594	USE	
5413	5594	USE	
5445	5594	USE	
5450	5594	USE	
5456	5594	USE	
5461	5594	USE	
5506	5594	USE	
5511	5594	USE	
5525	5594	USE	
5530	5594	USE	
5540	5594	USE	
5545	5594	USE	
5195	5595	DEF	
5196	5595	DEF	
5305	5595	USE	
5310	5595	USE	
5316	5595	USE	
5318	5595	USE	
5335	5595	USE	
5346	5595	USE	
5400	5595	USE	
5402	5595	USE	
5408	5595	USE	
5419	5595	USE	
5432	5595	USE	
5434	5595	USE	
5442	5595	USE	
5467	5595	USE	
5474	5595	USE	
5525	5595	USE	
5536	5595	USE	
5432	5596	USE	
5433	5596	USE	
5216	5597	DEF	
5217	5597	DEF	
5220	5597	DEF	
5238	5597	DEF	
5239	5597	DEF	
5299	5597	USE	
5300	5597	USE	
5324	5597	USE	
5333	5597	USE	
5400	5597	USE	
5405	5597	USE	
5476	5597	USE	
5488	5597	USE	
5540	5598	USE	
5547	5598	USE	
5212	5599	DEF	
5213	5599	DEF	
5324	5599	DEF	
5325	5599	DEF	
5388	5599	USE	
5400	5599	USE	
5405	5599	USE	
5238	5600	USE	
5239	5600	USE	
5551	5600	USE	
5557	5600	USE	
5562	5600	USE	
5261	5601	USE	
5274	5601	USE	
5506	5601	USE	
5519	5601	USE	
5316	5602	DEF	
5317	5602	DEF	
5400	5602	DEF	
5401	5602	DEF	
5432	5602	DEF	
5433	5602	DEF	
5432	5602	USE	
5441	5602	USE	
5205	5603	DEF	
5206	5603	DEF	
5209	5603	DEF	
5280	5603	USE	
5291	5603	USE	
5400	5603	USE	
5402	5603	USE	
5432	5604	USE	
5441	5604	USE	
5432	5604	DEF	
5433	5604	DEF	
5299	5490	REACHES	* stonesoup_other_buff
5195	5305	REACHES	stonesoup_stack_buff_64
5195	5316	REACHES	stonesoup_stack_buff_64
5195	5335	REACHES	stonesoup_stack_buff_64
5195	5400	REACHES	stonesoup_stack_buff_64
5195	5408	REACHES	stonesoup_stack_buff_64
5195	5432	REACHES	stonesoup_stack_buff_64
5195	5467	REACHES	stonesoup_stack_buff_64
5195	5525	REACHES	stonesoup_stack_buff_64
5238	5299	REACHES	uninvocative_stevensville
5238	5324	REACHES	uninvocative_stevensville
5238	5400	REACHES	uninvocative_stevensville
5238	5476	REACHES	uninvocative_stevensville
5324	5388	REACHES	stonesoup_buff_size
5324	5400	REACHES	stonesoup_buff_size
5200	5299	REACHES	stonesoup_other_buff
5200	5350	REACHES	stonesoup_other_buff
5200	5490	REACHES	stonesoup_other_buff
5188	5261	REACHES	stonesoup_oc_i
5188	5424	REACHES	stonesoup_oc_i
5188	5432	REACHES	stonesoup_oc_i
5188	5506	REACHES	stonesoup_oc_i
5576	5238	REACHES	keffer_footprints
5576	5551	REACHES	keffer_footprints
5576	5557	REACHES	keffer_footprints
5400	5432	REACHES	* stonesoup_stack_buff_64
5316	5432	REACHES	* stonesoup_stack_buff_64
5432	5432	REACHES	* stonesoup_stack_buff_64
5205	5280	REACHES	stonesoup_my_buff_size
5205	5400	REACHES	stonesoup_my_buff_size
5432	5432	REACHES	* stonesoup_oc_i
5579	5576	CONTROLS	
5579	5188	CONTROLS	
5579	5195	CONTROLS	
5579	5200	CONTROLS	
5579	5205	CONTROLS	
5579	5212	CONTROLS	
5579	5216	CONTROLS	
5579	5224	CONTROLS	
5224	5231	CONTROLS	
5224	5233	CONTROLS	
5224	5237	CONTROLS	
5224	5238	CONTROLS	
5224	5246	CONTROLS	
5224	5261	CONTROLS	
5224	5280	CONTROLS	
5224	5299	CONTROLS	
5224	5305	CONTROLS	
5224	5316	CONTROLS	
5224	5324	CONTROLS	
5224	5335	CONTROLS	
5224	5350	CONTROLS	
5224	5365	CONTROLS	
5224	5376	CONTROLS	
5224	5388	CONTROLS	
5224	5408	CONTROLS	
5224	5424	CONTROLS	
5224	5445	CONTROLS	
5224	5456	CONTROLS	
5224	5467	CONTROLS	
5224	5476	CONTROLS	
5224	5490	CONTROLS	
5224	5506	CONTROLS	
5224	5525	CONTROLS	
5224	5540	CONTROLS	
5224	5549	CONTROLS	
5224	5551	CONTROLS	
5224	5568	CONTROLS	
5388	5400	CONTROLS	
5388	5392	CONTROLS	
5424	5432	CONTROLS	
5424	5428	CONTROLS	
5551	5557	CONTROLS	
5324	5335	DOM	
5408	5424	DOM	
5233	5237	DOM	
5316	5324	DOM	
5551	5568	DOM	
5365	5376	DOM	
5490	5506	DOM	
5216	5224	DOM	
5540	5549	DOM	
5195	5200	DOM	
5579	5576	DOM	
5224	5231	DOM	
5224	5580	DOM	
5350	5365	DOM	
5212	5216	DOM	
5424	5432	DOM	
5432	5428	DOM	
5376	5388	DOM	
5205	5212	DOM	
5237	5238	DOM	
5246	5261	DOM	
5551	5557	DOM	
5224	5233	DOM	
5238	5246	DOM	
5335	5350	DOM	
5445	5456	DOM	
5299	5305	DOM	
5456	5467	DOM	
5200	5205	DOM	
5476	5490	DOM	
5506	5525	DOM	
5579	5579	DOM	
5400	5392	DOM	
5305	5316	DOM	
5261	5280	DOM	
5388	5400	DOM	
5467	5476	DOM	
5188	5195	DOM	
5525	5540	DOM	
5549	5551	DOM	
5280	5299	DOM	
5576	5188	DOM	
5388	5408	DOM	
5424	5445	DOM	
5445	5424	POST_DOM	
5350	5335	POST_DOM	
5335	5324	POST_DOM	
5238	5237	POST_DOM	
5580	5568	POST_DOM	
5525	5506	POST_DOM	
5388	5376	POST_DOM	
5580	5224	POST_DOM	
5551	5549	POST_DOM	
5205	5200	POST_DOM	
5580	5231	POST_DOM	
5188	5576	POST_DOM	
5580	5580	POST_DOM	
5376	5365	POST_DOM	
5224	5216	POST_DOM	
5424	5428	POST_DOM	
5428	5432	POST_DOM	
5408	5388	POST_DOM	
5216	5212	POST_DOM	
5246	5238	POST_DOM	
5280	5261	POST_DOM	
5568	5557	POST_DOM	
5237	5233	POST_DOM	
5261	5246	POST_DOM	
5365	5350	POST_DOM	
5467	5456	POST_DOM	
5316	5305	POST_DOM	
5476	5467	POST_DOM	
5212	5205	POST_DOM	
5540	5525	POST_DOM	
5506	5490	POST_DOM	
5576	5579	POST_DOM	
5388	5392	POST_DOM	
5324	5316	POST_DOM	
5299	5280	POST_DOM	
5392	5400	POST_DOM	
5490	5476	POST_DOM	
5200	5195	POST_DOM	
5568	5551	POST_DOM	
5549	5540	POST_DOM	
5305	5299	POST_DOM	
5195	5188	POST_DOM	
5456	5445	POST_DOM	
5424	5408	POST_DOM	
5185	5186	IS_FUNCTION_OF_AST	
5185	5579	IS_FUNCTION_OF_CFG	
1	5185	IS_FILE_OF	
