start	end	type	var
2	3	DECLARES	
4	5	DECLARES	
6	7	DECLARES	
8	9	DECLARES	
10	11	DECLARES	
13	14	IS_AST_PARENT	
13	15	IS_AST_PARENT	
13	16	IS_AST_PARENT	
13	17	IS_AST_PARENT	
18	19	FLOWS_TO	
18	19	DOM	
18	18	DOM	
19	19	POST_DOM	
19	18	POST_DOM	
12	13	IS_FUNCTION_OF_AST	
12	18	IS_FUNCTION_OF_CFG	
1	12	IS_FILE_OF	
24	25	IS_AST_PARENT	
24	26	IS_AST_PARENT	
23	24	IS_AST_PARENT	
22	23	IS_AST_PARENT	
29	30	IS_AST_PARENT	
28	29	IS_AST_PARENT	
32	33	IS_AST_PARENT	
31	32	IS_AST_PARENT	
34	35	IS_AST_PARENT	
31	34	IS_AST_PARENT	
28	31	IS_AST_PARENT	
27	28	IS_AST_PARENT	
22	27	IS_AST_PARENT	
38	39	IS_AST_PARENT	
37	38	IS_AST_PARENT	
42	43	IS_AST_PARENT	
42	44	IS_AST_PARENT	
41	42	IS_AST_PARENT	
40	41	IS_AST_PARENT	
45	46	IS_AST_PARENT	
40	45	IS_AST_PARENT	
47	48	IS_AST_PARENT	
40	47	IS_AST_PARENT	
37	40	IS_AST_PARENT	
36	37	IS_AST_PARENT	
22	36	IS_AST_PARENT	
51	52	IS_AST_PARENT	
50	51	IS_AST_PARENT	
54	55	IS_AST_PARENT	
53	54	IS_AST_PARENT	
50	53	IS_AST_PARENT	
49	50	IS_AST_PARENT	
22	49	IS_AST_PARENT	
21	22	IS_AST_PARENT	
21	56	IS_AST_PARENT	
21	57	IS_AST_PARENT	
59	60	IS_AST_PARENT	
59	61	IS_AST_PARENT	
58	59	IS_AST_PARENT	
21	58	IS_AST_PARENT	
62	59	FLOWS_TO	
59	23	FLOWS_TO	
23	27	FLOWS_TO	
27	36	FLOWS_TO	
36	49	FLOWS_TO	
49	63	FLOWS_TO	
23	64	DEF	
24	64	DEF	
27	64	USE	
32	64	USE	
36	64	USE	
47	64	USE	
49	64	USE	
54	64	USE	
36	65	USE	
41	65	USE	
59	66	DEF	
27	66	USE	
34	66	USE	
36	66	USE	
45	66	USE	
23	27	REACHES	argptr
23	36	REACHES	argptr
23	49	REACHES	argptr
59	27	REACHES	format
59	36	REACHES	format
62	59	CONTROLS	
62	23	CONTROLS	
62	27	CONTROLS	
62	36	CONTROLS	
62	49	CONTROLS	
59	23	DOM	
62	62	DOM	
62	59	DOM	
27	36	DOM	
36	49	DOM	
49	63	DOM	
23	27	DOM	
27	23	POST_DOM	
59	62	POST_DOM	
23	59	POST_DOM	
49	36	POST_DOM	
63	49	POST_DOM	
63	63	POST_DOM	
36	27	POST_DOM	
20	21	IS_FUNCTION_OF_AST	
20	62	IS_FUNCTION_OF_CFG	
1	20	IS_FILE_OF	
68	69	IS_AST_PARENT	
68	70	IS_AST_PARENT	
68	71	IS_AST_PARENT	
68	72	IS_AST_PARENT	
73	74	FLOWS_TO	
73	74	DOM	
73	73	DOM	
74	74	POST_DOM	
74	73	POST_DOM	
67	68	IS_FUNCTION_OF_AST	
67	73	IS_FUNCTION_OF_CFG	
1	67	IS_FILE_OF	
75	76	DECLARES	
81	82	IS_AST_PARENT	
81	83	IS_AST_PARENT	
80	81	IS_AST_PARENT	
79	80	IS_AST_PARENT	
85	86	IS_AST_PARENT	
85	87	IS_AST_PARENT	
84	85	IS_AST_PARENT	
79	84	IS_AST_PARENT	
89	90	IS_AST_PARENT	
89	91	IS_AST_PARENT	
92	93	IS_AST_PARENT	
92	94	IS_AST_PARENT	
89	92	IS_AST_PARENT	
88	89	IS_AST_PARENT	
79	88	IS_AST_PARENT	
96	97	IS_AST_PARENT	
96	98	IS_AST_PARENT	
99	100	IS_AST_PARENT	
99	101	IS_AST_PARENT	
96	99	IS_AST_PARENT	
95	96	IS_AST_PARENT	
79	95	IS_AST_PARENT	
104	105	IS_AST_PARENT	
104	106	IS_AST_PARENT	
103	104	IS_AST_PARENT	
102	103	IS_AST_PARENT	
109	110	IS_AST_PARENT	
111	112	IS_AST_PARENT	
114	115	IS_AST_PARENT	
113	114	IS_AST_PARENT	
117	118	IS_AST_PARENT	
116	117	IS_AST_PARENT	
119	120	IS_AST_PARENT	
116	119	IS_AST_PARENT	
113	116	IS_AST_PARENT	
111	113	IS_AST_PARENT	
109	111	IS_AST_PARENT	
108	109	IS_AST_PARENT	
107	108	IS_AST_PARENT	
125	126	IS_AST_PARENT	
124	125	IS_AST_PARENT	
128	129	IS_AST_PARENT	
127	128	IS_AST_PARENT	
130	131	IS_AST_PARENT	
127	130	IS_AST_PARENT	
124	127	IS_AST_PARENT	
123	124	IS_AST_PARENT	
123	132	IS_AST_PARENT	
122	123	IS_AST_PARENT	
121	122	IS_AST_PARENT	
135	136	IS_AST_PARENT	
134	135	IS_AST_PARENT	
139	140	IS_AST_PARENT	
141	142	IS_AST_PARENT	
144	145	IS_AST_PARENT	
143	144	IS_AST_PARENT	
148	149	IS_AST_PARENT	
150	151	IS_AST_PARENT	
150	152	IS_AST_PARENT	
148	150	IS_AST_PARENT	
147	148	IS_AST_PARENT	
146	147	IS_AST_PARENT	
143	146	IS_AST_PARENT	
141	143	IS_AST_PARENT	
139	141	IS_AST_PARENT	
138	139	IS_AST_PARENT	
137	138	IS_AST_PARENT	
154	155	IS_AST_PARENT	
157	158	IS_AST_PARENT	
156	157	IS_AST_PARENT	
160	161	IS_AST_PARENT	
159	160	IS_AST_PARENT	
162	163	IS_AST_PARENT	
159	162	IS_AST_PARENT	
164	165	IS_AST_PARENT	
159	164	IS_AST_PARENT	
167	168	IS_AST_PARENT	
169	170	IS_AST_PARENT	
169	171	IS_AST_PARENT	
167	169	IS_AST_PARENT	
166	167	IS_AST_PARENT	
159	166	IS_AST_PARENT	
156	159	IS_AST_PARENT	
154	156	IS_AST_PARENT	
153	154	IS_AST_PARENT	
137	153	IS_AST_PARENT	
174	175	IS_AST_PARENT	
174	176	IS_AST_PARENT	
173	174	IS_AST_PARENT	
172	173	IS_AST_PARENT	
179	180	IS_AST_PARENT	
179	181	IS_AST_PARENT	
178	179	IS_AST_PARENT	
177	178	IS_AST_PARENT	
177	182	IS_AST_PARENT	
172	177	IS_AST_PARENT	
137	172	IS_AST_PARENT	
184	185	IS_AST_PARENT	
186	187	IS_AST_PARENT	
186	188	IS_AST_PARENT	
184	186	IS_AST_PARENT	
183	184	IS_AST_PARENT	
137	183	IS_AST_PARENT	
191	192	IS_AST_PARENT	
190	191	IS_AST_PARENT	
194	195	IS_AST_PARENT	
193	194	IS_AST_PARENT	
190	193	IS_AST_PARENT	
189	190	IS_AST_PARENT	
137	189	IS_AST_PARENT	
134	137	IS_AST_PARENT	
133	134	IS_AST_PARENT	
197	198	IS_AST_PARENT	
197	199	IS_AST_PARENT	
196	197	IS_AST_PARENT	
133	196	IS_AST_PARENT	
202	203	IS_AST_PARENT	
201	202	IS_AST_PARENT	
205	206	IS_AST_PARENT	
204	205	IS_AST_PARENT	
201	204	IS_AST_PARENT	
200	201	IS_AST_PARENT	
133	200	IS_AST_PARENT	
121	133	IS_AST_PARENT	
107	121	IS_AST_PARENT	
207	208	IS_AST_PARENT	
107	207	IS_AST_PARENT	
102	107	IS_AST_PARENT	
212	213	IS_AST_PARENT	
212	214	IS_AST_PARENT	
211	212	IS_AST_PARENT	
210	211	IS_AST_PARENT	
216	217	IS_AST_PARENT	
215	216	IS_AST_PARENT	
210	215	IS_AST_PARENT	
220	221	IS_AST_PARENT	
219	220	IS_AST_PARENT	
218	219	IS_AST_PARENT	
210	218	IS_AST_PARENT	
209	210	IS_AST_PARENT	
102	209	IS_AST_PARENT	
79	102	IS_AST_PARENT	
78	79	IS_AST_PARENT	
78	222	IS_AST_PARENT	
78	223	IS_AST_PARENT	
225	226	IS_AST_PARENT	
225	227	IS_AST_PARENT	
224	225	IS_AST_PARENT	
228	229	IS_AST_PARENT	
228	230	IS_AST_PARENT	
224	228	IS_AST_PARENT	
78	224	IS_AST_PARENT	
231	225	FLOWS_TO	
225	228	FLOWS_TO	
228	80	FLOWS_TO	
80	84	FLOWS_TO	
84	88	FLOWS_TO	
88	95	FLOWS_TO	
95	103	FLOWS_TO	
103	108	FLOWS_TO	
103	211	FLOWS_TO	
108	122	FLOWS_TO	
122	135	FLOWS_TO	
122	207	FLOWS_TO	
135	138	FLOWS_TO	
135	196	FLOWS_TO	
138	153	FLOWS_TO	
153	173	FLOWS_TO	
173	178	FLOWS_TO	
173	183	FLOWS_TO	
178	182	FLOWS_TO	
182	196	FLOWS_TO	
183	189	FLOWS_TO	
189	135	FLOWS_TO	
196	200	FLOWS_TO	
200	207	FLOWS_TO	
207	232	FLOWS_TO	
211	216	FLOWS_TO	
211	220	FLOWS_TO	
216	232	FLOWS_TO	
220	232	FLOWS_TO	
95	233	DEF	
99	233	DEF	
96	233	DEF	
153	233	DEF	
154	233	DEF	
173	233	USE	
108	234	USE	
109	234	USE	
122	235	USE	
138	236	USE	
139	236	USE	
225	237	DEF	
108	237	USE	
117	237	USE	
153	237	USE	
160	237	USE	
196	237	USE	
197	237	USE	
88	238	DEF	
92	238	DEF	
89	238	DEF	
138	238	USE	
147	238	USE	
153	238	USE	
166	238	USE	
173	238	USE	
183	238	USE	
184	238	USE	
183	238	DEF	
184	238	DEF	
211	239	USE	
80	240	DEF	
81	240	DEF	
108	240	DEF	
109	240	DEF	
122	240	USE	
128	240	USE	
228	241	DEF	
103	241	USE	
211	241	USE	
103	242	USE	
153	243	USE	
154	243	USE	
220	244	USE	
196	245	DEF	
197	245	DEF	
178	246	DEF	
179	246	DEF	
207	247	USE	
216	247	USE	
84	248	DEF	
85	248	DEF	
138	248	DEF	
139	248	DEF	
153	248	USE	
164	248	USE	
189	248	USE	
194	248	USE	
200	248	USE	
205	248	USE	
153	173	REACHES	data_size
225	108	REACHES	conn
225	153	REACHES	conn
225	196	REACHES	conn
183	138	REACHES	buffer_size
88	138	REACHES	buffer_size
183	153	REACHES	buffer_size
88	153	REACHES	buffer_size
183	173	REACHES	buffer_size
88	173	REACHES	buffer_size
183	183	REACHES	buffer_size
88	183	REACHES	buffer_size
108	122	REACHES	ifmatch_header
228	103	REACHES	ev
228	211	REACHES	ev
138	153	REACHES	stonesoup_tainted_buff
138	189	REACHES	stonesoup_tainted_buff
84	200	REACHES	stonesoup_tainted_buff
138	200	REACHES	stonesoup_tainted_buff
231	225	CONTROLS	
231	228	CONTROLS	
231	80	CONTROLS	
231	84	CONTROLS	
231	88	CONTROLS	
231	95	CONTROLS	
231	103	CONTROLS	
103	108	CONTROLS	
103	122	CONTROLS	
103	207	CONTROLS	
103	211	CONTROLS	
122	135	CONTROLS	
122	196	CONTROLS	
122	200	CONTROLS	
135	138	CONTROLS	
135	153	CONTROLS	
135	173	CONTROLS	
173	178	CONTROLS	
173	182	CONTROLS	
173	183	CONTROLS	
173	189	CONTROLS	
173	135	CONTROLS	
211	216	CONTROLS	
211	220	CONTROLS	
196	200	DOM	
103	211	DOM	
231	225	DOM	
88	95	DOM	
153	173	DOM	
183	189	DOM	
103	108	DOM	
122	135	DOM	
135	138	DOM	
178	182	DOM	
173	178	DOM	
122	207	DOM	
211	216	DOM	
95	103	DOM	
80	84	DOM	
135	196	DOM	
84	88	DOM	
225	228	DOM	
211	220	DOM	
103	232	DOM	
228	80	DOM	
231	231	DOM	
108	122	DOM	
138	153	DOM	
173	183	DOM	
207	200	POST_DOM	
232	211	POST_DOM	
228	225	POST_DOM	
103	95	POST_DOM	
196	173	POST_DOM	
135	189	POST_DOM	
122	108	POST_DOM	
196	135	POST_DOM	
153	138	POST_DOM	
196	182	POST_DOM	
232	207	POST_DOM	
182	178	POST_DOM	
232	216	POST_DOM	
232	103	POST_DOM	
88	84	POST_DOM	
200	196	POST_DOM	
95	88	POST_DOM	
80	228	POST_DOM	
232	220	POST_DOM	
232	232	POST_DOM	
84	80	POST_DOM	
225	231	POST_DOM	
207	122	POST_DOM	
173	153	POST_DOM	
189	183	POST_DOM	
77	78	IS_FUNCTION_OF_AST	
77	231	IS_FUNCTION_OF_CFG	
1	77	IS_FILE_OF	
257	258	IS_AST_PARENT	
256	257	IS_AST_PARENT	
260	261	IS_AST_PARENT	
259	260	IS_AST_PARENT	
256	259	IS_AST_PARENT	
255	256	IS_AST_PARENT	
255	262	IS_AST_PARENT	
254	255	IS_AST_PARENT	
265	266	IS_AST_PARENT	
264	265	IS_AST_PARENT	
270	271	IS_AST_PARENT	
269	270	IS_AST_PARENT	
273	274	IS_AST_PARENT	
272	273	IS_AST_PARENT	
269	272	IS_AST_PARENT	
268	269	IS_AST_PARENT	
267	268	IS_AST_PARENT	
275	276	IS_AST_PARENT	
267	275	IS_AST_PARENT	
264	267	IS_AST_PARENT	
263	264	IS_AST_PARENT	
263	277	IS_AST_PARENT	
254	263	IS_AST_PARENT	
253	254	IS_AST_PARENT	
252	253	IS_AST_PARENT	
280	281	IS_AST_PARENT	
280	282	IS_AST_PARENT	
283	284	IS_AST_PARENT	
286	287	IS_AST_PARENT	
285	286	IS_AST_PARENT	
289	290	IS_AST_PARENT	
288	289	IS_AST_PARENT	
291	292	IS_AST_PARENT	
288	291	IS_AST_PARENT	
285	288	IS_AST_PARENT	
283	285	IS_AST_PARENT	
280	283	IS_AST_PARENT	
279	280	IS_AST_PARENT	
278	279	IS_AST_PARENT	
295	296	IS_AST_PARENT	
294	295	IS_AST_PARENT	
298	299	IS_AST_PARENT	
297	298	IS_AST_PARENT	
300	301	IS_AST_PARENT	
297	300	IS_AST_PARENT	
302	303	IS_AST_PARENT	
297	302	IS_AST_PARENT	
294	297	IS_AST_PARENT	
293	294	IS_AST_PARENT	
278	293	IS_AST_PARENT	
305	306	IS_AST_PARENT	
304	305	IS_AST_PARENT	
313	314	IS_AST_PARENT	
312	313	IS_AST_PARENT	
316	317	IS_AST_PARENT	
315	316	IS_AST_PARENT	
318	319	IS_AST_PARENT	
315	318	IS_AST_PARENT	
312	315	IS_AST_PARENT	
311	312	IS_AST_PARENT	
311	320	IS_AST_PARENT	
310	311	IS_AST_PARENT	
321	322	IS_AST_PARENT	
321	323	IS_AST_PARENT	
310	321	IS_AST_PARENT	
309	310	IS_AST_PARENT	
308	309	IS_AST_PARENT	
324	325	IS_AST_PARENT	
308	324	IS_AST_PARENT	
307	308	IS_AST_PARENT	
304	307	IS_AST_PARENT	
278	304	IS_AST_PARENT	
328	329	IS_AST_PARENT	
327	328	IS_AST_PARENT	
332	333	IS_AST_PARENT	
332	334	IS_AST_PARENT	
331	332	IS_AST_PARENT	
330	331	IS_AST_PARENT	
327	330	IS_AST_PARENT	
326	327	IS_AST_PARENT	
278	326	IS_AST_PARENT	
252	278	IS_AST_PARENT	
251	252	IS_AST_PARENT	
250	251	IS_AST_PARENT	
250	335	IS_AST_PARENT	
250	336	IS_AST_PARENT	
250	337	IS_AST_PARENT	
338	253	FLOWS_TO	
253	279	FLOWS_TO	
253	339	FLOWS_TO	
279	293	FLOWS_TO	
293	305	FLOWS_TO	
305	309	FLOWS_TO	
305	326	FLOWS_TO	
309	325	FLOWS_TO	
309	305	FLOWS_TO	
325	326	FLOWS_TO	
326	339	FLOWS_TO	
253	340	USE	
279	341	USE	
283	341	USE	
253	342	USE	
279	342	USE	
289	342	USE	
326	343	USE	
331	343	USE	
279	344	DEF	
283	344	DEF	
280	344	DEF	
293	344	USE	
298	344	USE	
309	344	USE	
316	344	USE	
309	345	USE	
279	346	USE	
291	346	USE	
309	347	USE	
253	348	USE	
268	348	USE	
279	293	REACHES	stonesoup_server
279	309	REACHES	stonesoup_server
338	253	CONTROLS	
253	279	CONTROLS	
253	293	CONTROLS	
253	305	CONTROLS	
253	326	CONTROLS	
305	309	CONTROLS	
309	325	CONTROLS	
309	305	CONTROLS	
338	253	DOM	
305	309	DOM	
338	338	DOM	
253	279	DOM	
253	339	DOM	
293	305	DOM	
309	325	DOM	
305	326	DOM	
279	293	DOM	
339	253	POST_DOM	
326	309	POST_DOM	
253	338	POST_DOM	
293	279	POST_DOM	
339	339	POST_DOM	
326	305	POST_DOM	
339	326	POST_DOM	
326	325	POST_DOM	
305	293	POST_DOM	
249	250	IS_FUNCTION_OF_AST	
249	338	IS_FUNCTION_OF_CFG	
1	249	IS_FILE_OF	
349	350	DECLARES	
351	352	DECLARES	
353	354	DECLARES	
355	356	DECLARES	
357	358	DECLARES	
359	360	DECLARES	
361	362	DECLARES	
363	364	DECLARES	
365	366	DECLARES	
367	368	DECLARES	
375	376	IS_AST_PARENT	
375	377	IS_AST_PARENT	
374	375	IS_AST_PARENT	
378	379	IS_AST_PARENT	
378	380	IS_AST_PARENT	
374	378	IS_AST_PARENT	
373	374	IS_AST_PARENT	
372	373	IS_AST_PARENT	
383	384	IS_AST_PARENT	
383	385	IS_AST_PARENT	
382	383	IS_AST_PARENT	
381	382	IS_AST_PARENT	
372	381	IS_AST_PARENT	
371	372	IS_AST_PARENT	
386	387	IS_AST_PARENT	
371	386	IS_AST_PARENT	
370	371	IS_AST_PARENT	
370	388	IS_AST_PARENT	
370	389	IS_AST_PARENT	
391	392	IS_AST_PARENT	
391	393	IS_AST_PARENT	
390	391	IS_AST_PARENT	
370	390	IS_AST_PARENT	
394	391	FLOWS_TO	
391	373	FLOWS_TO	
373	382	FLOWS_TO	
373	386	FLOWS_TO	
382	395	FLOWS_TO	
386	395	FLOWS_TO	
391	396	DEF	
373	396	USE	
382	396	USE	
386	396	USE	
391	373	REACHES	c
391	382	REACHES	c
391	386	REACHES	c
394	391	CONTROLS	
394	373	CONTROLS	
373	382	CONTROLS	
373	386	CONTROLS	
394	394	DOM	
394	391	DOM	
373	382	DOM	
391	373	DOM	
373	395	DOM	
373	386	DOM	
373	391	POST_DOM	
391	394	POST_DOM	
395	382	POST_DOM	
395	373	POST_DOM	
395	395	POST_DOM	
395	386	POST_DOM	
369	370	IS_FUNCTION_OF_AST	
369	394	IS_FUNCTION_OF_CFG	
1	369	IS_FILE_OF	
399	400	IS_AST_PARENT	
402	403	IS_AST_PARENT	
402	404	IS_AST_PARENT	
405	406	IS_AST_PARENT	
405	407	IS_AST_PARENT	
402	405	IS_AST_PARENT	
401	402	IS_AST_PARENT	
399	401	IS_AST_PARENT	
410	411	IS_AST_PARENT	
410	412	IS_AST_PARENT	
409	410	IS_AST_PARENT	
408	409	IS_AST_PARENT	
415	416	IS_AST_PARENT	
418	419	IS_AST_PARENT	
417	418	IS_AST_PARENT	
421	422	IS_AST_PARENT	
420	421	IS_AST_PARENT	
424	425	IS_AST_PARENT	
424	426	IS_AST_PARENT	
423	424	IS_AST_PARENT	
420	423	IS_AST_PARENT	
428	429	IS_AST_PARENT	
428	430	IS_AST_PARENT	
427	428	IS_AST_PARENT	
420	427	IS_AST_PARENT	
417	420	IS_AST_PARENT	
415	417	IS_AST_PARENT	
414	415	IS_AST_PARENT	
413	414	IS_AST_PARENT	
408	413	IS_AST_PARENT	
399	408	IS_AST_PARENT	
431	432	IS_AST_PARENT	
399	431	IS_AST_PARENT	
398	399	IS_AST_PARENT	
398	433	IS_AST_PARENT	
398	434	IS_AST_PARENT	
398	435	IS_AST_PARENT	
436	400	FLOWS_TO	
400	401	FLOWS_TO	
401	409	FLOWS_TO	
409	414	FLOWS_TO	
409	431	FLOWS_TO	
414	431	FLOWS_TO	
431	437	FLOWS_TO	
414	438	USE	
427	438	USE	
414	439	USE	
423	439	USE	
414	440	USE	
415	440	USE	
401	441	DEF	
405	441	DEF	
402	441	DEF	
409	441	USE	
414	441	DEF	
415	441	DEF	
431	441	USE	
401	409	REACHES	type
401	431	REACHES	type
414	431	REACHES	type
436	400	CONTROLS	
436	401	CONTROLS	
436	409	CONTROLS	
436	431	CONTROLS	
409	414	CONTROLS	
409	431	DOM	
436	400	DOM	
431	437	DOM	
436	436	DOM	
400	401	DOM	
409	414	DOM	
401	409	DOM	
437	431	POST_DOM	
401	400	POST_DOM	
437	437	POST_DOM	
400	436	POST_DOM	
409	401	POST_DOM	
431	414	POST_DOM	
431	409	POST_DOM	
397	398	IS_FUNCTION_OF_AST	
397	436	IS_FUNCTION_OF_CFG	
1	397	IS_FILE_OF	
448	449	IS_AST_PARENT	
448	450	IS_AST_PARENT	
447	448	IS_AST_PARENT	
452	453	IS_AST_PARENT	
454	455	IS_AST_PARENT	
454	456	IS_AST_PARENT	
452	454	IS_AST_PARENT	
451	452	IS_AST_PARENT	
458	459	IS_AST_PARENT	
458	460	IS_AST_PARENT	
457	458	IS_AST_PARENT	
461	462	IS_AST_PARENT	
463	464	IS_AST_PARENT	
463	465	IS_AST_PARENT	
461	463	IS_AST_PARENT	
457	461	IS_AST_PARENT	
451	457	IS_AST_PARENT	
447	451	IS_AST_PARENT	
446	447	IS_AST_PARENT	
445	446	IS_AST_PARENT	
468	469	IS_AST_PARENT	
468	470	IS_AST_PARENT	
467	468	IS_AST_PARENT	
466	467	IS_AST_PARENT	
445	466	IS_AST_PARENT	
444	445	IS_AST_PARENT	
473	474	IS_AST_PARENT	
475	476	IS_AST_PARENT	
477	478	IS_AST_PARENT	
477	479	IS_AST_PARENT	
475	477	IS_AST_PARENT	
473	475	IS_AST_PARENT	
472	473	IS_AST_PARENT	
480	481	IS_AST_PARENT	
480	482	IS_AST_PARENT	
472	480	IS_AST_PARENT	
471	472	IS_AST_PARENT	
444	471	IS_AST_PARENT	
443	444	IS_AST_PARENT	
443	483	IS_AST_PARENT	
443	484	IS_AST_PARENT	
486	487	IS_AST_PARENT	
486	488	IS_AST_PARENT	
485	486	IS_AST_PARENT	
489	490	IS_AST_PARENT	
489	491	IS_AST_PARENT	
485	489	IS_AST_PARENT	
492	493	IS_AST_PARENT	
492	494	IS_AST_PARENT	
485	492	IS_AST_PARENT	
443	485	IS_AST_PARENT	
495	486	FLOWS_TO	
486	489	FLOWS_TO	
489	492	FLOWS_TO	
492	446	FLOWS_TO	
446	467	FLOWS_TO	
446	471	FLOWS_TO	
467	496	FLOWS_TO	
471	496	FLOWS_TO	
446	497	USE	
486	498	DEF	
446	498	USE	
454	498	USE	
463	498	USE	
471	498	USE	
477	498	USE	
446	499	USE	
492	500	DEF	
446	500	USE	
471	500	USE	
446	501	USE	
471	501	USE	
471	502	USE	
489	503	DEF	
446	503	USE	
471	503	USE	
486	446	REACHES	tm
486	471	REACHES	tm
492	446	REACHES	ypixel
492	471	REACHES	ypixel
489	446	REACHES	xpixel
489	471	REACHES	xpixel
495	486	CONTROLS	
495	489	CONTROLS	
495	492	CONTROLS	
495	446	CONTROLS	
446	467	CONTROLS	
446	471	CONTROLS	
489	492	DOM	
446	467	DOM	
495	486	DOM	
492	446	DOM	
446	496	DOM	
446	471	DOM	
486	489	DOM	
495	495	DOM	
496	467	POST_DOM	
446	492	POST_DOM	
489	486	POST_DOM	
496	446	POST_DOM	
496	496	POST_DOM	
496	471	POST_DOM	
492	489	POST_DOM	
486	495	POST_DOM	
442	443	IS_FUNCTION_OF_AST	
442	495	IS_FUNCTION_OF_CFG	
1	442	IS_FILE_OF	
508	509	IS_AST_PARENT	
508	510	IS_AST_PARENT	
507	508	IS_AST_PARENT	
506	507	IS_AST_PARENT	
516	517	IS_AST_PARENT	
516	518	IS_AST_PARENT	
515	516	IS_AST_PARENT	
519	520	IS_AST_PARENT	
519	521	IS_AST_PARENT	
515	519	IS_AST_PARENT	
514	515	IS_AST_PARENT	
513	514	IS_AST_PARENT	
513	522	IS_AST_PARENT	
527	528	IS_AST_PARENT	
526	527	IS_AST_PARENT	
530	531	IS_AST_PARENT	
529	530	IS_AST_PARENT	
532	533	IS_AST_PARENT	
529	532	IS_AST_PARENT	
534	535	IS_AST_PARENT	
529	534	IS_AST_PARENT	
526	529	IS_AST_PARENT	
525	526	IS_AST_PARENT	
524	525	IS_AST_PARENT	
537	538	IS_AST_PARENT	
537	539	IS_AST_PARENT	
536	537	IS_AST_PARENT	
524	536	IS_AST_PARENT	
523	524	IS_AST_PARENT	
513	523	IS_AST_PARENT	
512	513	IS_AST_PARENT	
512	540	IS_AST_PARENT	
511	512	IS_AST_PARENT	
541	542	IS_AST_PARENT	
511	541	IS_AST_PARENT	
506	511	IS_AST_PARENT	
548	549	IS_AST_PARENT	
548	550	IS_AST_PARENT	
547	548	IS_AST_PARENT	
551	552	IS_AST_PARENT	
551	553	IS_AST_PARENT	
547	551	IS_AST_PARENT	
546	547	IS_AST_PARENT	
545	546	IS_AST_PARENT	
545	554	IS_AST_PARENT	
559	560	IS_AST_PARENT	
558	559	IS_AST_PARENT	
562	563	IS_AST_PARENT	
561	562	IS_AST_PARENT	
564	565	IS_AST_PARENT	
561	564	IS_AST_PARENT	
566	567	IS_AST_PARENT	
561	566	IS_AST_PARENT	
558	561	IS_AST_PARENT	
557	558	IS_AST_PARENT	
556	557	IS_AST_PARENT	
569	570	IS_AST_PARENT	
569	571	IS_AST_PARENT	
568	569	IS_AST_PARENT	
556	568	IS_AST_PARENT	
555	556	IS_AST_PARENT	
545	555	IS_AST_PARENT	
544	545	IS_AST_PARENT	
544	572	IS_AST_PARENT	
543	544	IS_AST_PARENT	
573	574	IS_AST_PARENT	
543	573	IS_AST_PARENT	
506	543	IS_AST_PARENT	
576	577	IS_AST_PARENT	
578	579	IS_AST_PARENT	
581	582	IS_AST_PARENT	
580	581	IS_AST_PARENT	
585	586	IS_AST_PARENT	
585	587	IS_AST_PARENT	
584	585	IS_AST_PARENT	
583	584	IS_AST_PARENT	
580	583	IS_AST_PARENT	
578	580	IS_AST_PARENT	
576	578	IS_AST_PARENT	
575	576	IS_AST_PARENT	
506	575	IS_AST_PARENT	
590	591	IS_AST_PARENT	
590	592	IS_AST_PARENT	
589	590	IS_AST_PARENT	
589	593	IS_AST_PARENT	
588	589	IS_AST_PARENT	
506	588	IS_AST_PARENT	
596	597	IS_AST_PARENT	
596	598	IS_AST_PARENT	
595	596	IS_AST_PARENT	
595	599	IS_AST_PARENT	
594	595	IS_AST_PARENT	
506	594	IS_AST_PARENT	
602	603	IS_AST_PARENT	
602	604	IS_AST_PARENT	
601	602	IS_AST_PARENT	
601	605	IS_AST_PARENT	
600	601	IS_AST_PARENT	
506	600	IS_AST_PARENT	
608	609	IS_AST_PARENT	
608	610	IS_AST_PARENT	
607	608	IS_AST_PARENT	
607	611	IS_AST_PARENT	
606	607	IS_AST_PARENT	
506	606	IS_AST_PARENT	
614	615	IS_AST_PARENT	
614	616	IS_AST_PARENT	
613	614	IS_AST_PARENT	
618	619	IS_AST_PARENT	
620	621	IS_AST_PARENT	
620	622	IS_AST_PARENT	
618	620	IS_AST_PARENT	
617	618	IS_AST_PARENT	
617	623	IS_AST_PARENT	
613	617	IS_AST_PARENT	
612	613	IS_AST_PARENT	
506	612	IS_AST_PARENT	
626	627	IS_AST_PARENT	
626	628	IS_AST_PARENT	
625	626	IS_AST_PARENT	
630	631	IS_AST_PARENT	
632	633	IS_AST_PARENT	
632	634	IS_AST_PARENT	
630	632	IS_AST_PARENT	
629	630	IS_AST_PARENT	
629	635	IS_AST_PARENT	
625	629	IS_AST_PARENT	
624	625	IS_AST_PARENT	
506	624	IS_AST_PARENT	
638	639	IS_AST_PARENT	
638	640	IS_AST_PARENT	
637	638	IS_AST_PARENT	
641	642	IS_AST_PARENT	
641	643	IS_AST_PARENT	
637	641	IS_AST_PARENT	
636	637	IS_AST_PARENT	
506	636	IS_AST_PARENT	
644	645	IS_AST_PARENT	
506	644	IS_AST_PARENT	
505	506	IS_AST_PARENT	
505	646	IS_AST_PARENT	
505	647	IS_AST_PARENT	
649	650	IS_AST_PARENT	
649	651	IS_AST_PARENT	
648	649	IS_AST_PARENT	
652	653	IS_AST_PARENT	
652	654	IS_AST_PARENT	
648	652	IS_AST_PARENT	
655	656	IS_AST_PARENT	
655	657	IS_AST_PARENT	
648	655	IS_AST_PARENT	
505	648	IS_AST_PARENT	
658	649	FLOWS_TO	
649	652	FLOWS_TO	
652	655	FLOWS_TO	
655	507	FLOWS_TO	
507	514	FLOWS_TO	
541	514	FLOWS_TO	
541	546	FLOWS_TO	
514	525	FLOWS_TO	
514	540	FLOWS_TO	
525	536	FLOWS_TO	
536	659	FLOWS_TO	
540	541	FLOWS_TO	
573	546	FLOWS_TO	
573	575	FLOWS_TO	
546	557	FLOWS_TO	
546	572	FLOWS_TO	
557	568	FLOWS_TO	
568	659	FLOWS_TO	
572	573	FLOWS_TO	
575	588	FLOWS_TO	
588	594	FLOWS_TO	
594	600	FLOWS_TO	
600	606	FLOWS_TO	
606	612	FLOWS_TO	
612	624	FLOWS_TO	
624	636	FLOWS_TO	
636	644	FLOWS_TO	
644	659	FLOWS_TO	
525	660	USE	
532	660	USE	
557	660	USE	
564	660	USE	
655	661	DEF	
546	661	USE	
606	661	USE	
607	661	USE	
636	662	DEF	
637	662	DEF	
575	663	USE	
576	663	USE	
624	664	DEF	
625	664	DEF	
588	665	DEF	
589	665	DEF	
600	666	DEF	
601	666	DEF	
606	667	DEF	
607	667	DEF	
649	668	DEF	
514	668	USE	
594	668	USE	
595	668	USE	
624	668	USE	
625	668	USE	
507	669	DEF	
508	669	DEF	
575	669	DEF	
576	669	DEF	
588	669	USE	
590	669	USE	
594	669	USE	
596	669	USE	
600	669	USE	
602	669	USE	
606	669	USE	
608	669	USE	
612	669	USE	
614	669	USE	
624	669	USE	
626	669	USE	
636	669	USE	
638	669	USE	
644	669	USE	
594	670	DEF	
595	670	DEF	
588	671	DEF	
589	671	DEF	
594	671	DEF	
595	671	DEF	
600	671	DEF	
601	671	DEF	
606	671	DEF	
607	671	DEF	
612	671	DEF	
613	671	DEF	
624	671	DEF	
625	671	DEF	
636	671	DEF	
637	671	DEF	
612	672	DEF	
613	672	DEF	
652	673	DEF	
514	673	USE	
600	673	USE	
601	673	USE	
612	673	USE	
613	673	USE	
655	546	REACHES	bpp
655	606	REACHES	bpp
649	514	REACHES	width
649	594	REACHES	width
649	624	REACHES	width
575	588	REACHES	tm
575	594	REACHES	tm
575	600	REACHES	tm
575	606	REACHES	tm
575	612	REACHES	tm
575	624	REACHES	tm
575	636	REACHES	tm
575	644	REACHES	tm
652	514	REACHES	height
652	600	REACHES	height
652	612	REACHES	height
658	649	CONTROLS	
658	652	CONTROLS	
658	655	CONTROLS	
658	507	CONTROLS	
658	514	CONTROLS	
541	514	CONTROLS	
541	546	CONTROLS	
514	525	CONTROLS	
514	536	CONTROLS	
514	540	CONTROLS	
514	541	CONTROLS	
573	546	CONTROLS	
573	575	CONTROLS	
573	588	CONTROLS	
573	594	CONTROLS	
573	600	CONTROLS	
573	606	CONTROLS	
573	612	CONTROLS	
573	624	CONTROLS	
573	636	CONTROLS	
573	644	CONTROLS	
546	557	CONTROLS	
546	568	CONTROLS	
546	572	CONTROLS	
546	573	CONTROLS	
525	536	DOM	
540	541	DOM	
658	649	DOM	
636	644	DOM	
655	507	DOM	
588	594	DOM	
573	575	DOM	
575	588	DOM	
658	658	DOM	
652	655	DOM	
546	557	DOM	
514	525	DOM	
612	624	DOM	
514	540	DOM	
514	659	DOM	
606	612	DOM	
507	514	DOM	
572	573	DOM	
600	606	DOM	
594	600	DOM	
546	572	DOM	
557	568	DOM	
541	546	DOM	
649	652	DOM	
624	636	DOM	
659	536	POST_DOM	
659	541	POST_DOM	
652	649	POST_DOM	
659	644	POST_DOM	
514	507	POST_DOM	
600	594	POST_DOM	
588	575	POST_DOM	
594	588	POST_DOM	
507	655	POST_DOM	
649	658	POST_DOM	
568	557	POST_DOM	
536	525	POST_DOM	
636	624	POST_DOM	
541	540	POST_DOM	
659	659	POST_DOM	
624	612	POST_DOM	
659	514	POST_DOM	
659	573	POST_DOM	
612	606	POST_DOM	
606	600	POST_DOM	
573	572	POST_DOM	
659	568	POST_DOM	
659	546	POST_DOM	
655	652	POST_DOM	
644	636	POST_DOM	
504	505	IS_FUNCTION_OF_AST	
504	658	IS_FUNCTION_OF_CFG	
1	504	IS_FILE_OF	
681	682	IS_AST_PARENT	
683	684	IS_AST_PARENT	
683	685	IS_AST_PARENT	
681	683	IS_AST_PARENT	
680	681	IS_AST_PARENT	
679	680	IS_AST_PARENT	
679	686	IS_AST_PARENT	
691	692	IS_AST_PARENT	
690	691	IS_AST_PARENT	
694	695	IS_AST_PARENT	
693	694	IS_AST_PARENT	
696	697	IS_AST_PARENT	
693	696	IS_AST_PARENT	
698	699	IS_AST_PARENT	
693	698	IS_AST_PARENT	
690	693	IS_AST_PARENT	
689	690	IS_AST_PARENT	
688	689	IS_AST_PARENT	
701	702	IS_AST_PARENT	
701	703	IS_AST_PARENT	
700	701	IS_AST_PARENT	
688	700	IS_AST_PARENT	
687	688	IS_AST_PARENT	
679	687	IS_AST_PARENT	
678	679	IS_AST_PARENT	
678	704	IS_AST_PARENT	
677	678	IS_AST_PARENT	
705	706	IS_AST_PARENT	
677	705	IS_AST_PARENT	
676	677	IS_AST_PARENT	
709	710	IS_AST_PARENT	
709	711	IS_AST_PARENT	
708	709	IS_AST_PARENT	
708	712	IS_AST_PARENT	
707	708	IS_AST_PARENT	
676	707	IS_AST_PARENT	
713	714	IS_AST_PARENT	
676	713	IS_AST_PARENT	
675	676	IS_AST_PARENT	
675	715	IS_AST_PARENT	
675	716	IS_AST_PARENT	
718	719	IS_AST_PARENT	
718	720	IS_AST_PARENT	
717	718	IS_AST_PARENT	
675	717	IS_AST_PARENT	
721	718	FLOWS_TO	
718	680	FLOWS_TO	
705	680	FLOWS_TO	
705	707	FLOWS_TO	
680	689	FLOWS_TO	
680	704	FLOWS_TO	
689	700	FLOWS_TO	
700	722	FLOWS_TO	
704	705	FLOWS_TO	
707	713	FLOWS_TO	
713	722	FLOWS_TO	
689	723	USE	
696	723	USE	
718	724	DEF	
680	724	USE	
707	724	USE	
709	724	USE	
713	724	USE	
707	725	DEF	
708	725	DEF	
707	725	USE	
708	725	USE	
707	726	DEF	
708	726	DEF	
707	726	USE	
708	726	USE	
718	680	REACHES	tm
718	707	REACHES	tm
718	713	REACHES	tm
707	722	REACHES	* tm
721	718	CONTROLS	
721	680	CONTROLS	
705	680	CONTROLS	
705	707	CONTROLS	
705	713	CONTROLS	
680	689	CONTROLS	
680	700	CONTROLS	
680	704	CONTROLS	
680	705	CONTROLS	
680	689	DOM	
680	704	DOM	
689	700	DOM	
721	721	DOM	
680	722	DOM	
704	705	DOM	
707	713	DOM	
718	680	DOM	
721	718	DOM	
705	707	DOM	
700	689	POST_DOM	
705	704	POST_DOM	
722	700	POST_DOM	
718	721	POST_DOM	
722	722	POST_DOM	
722	705	POST_DOM	
722	713	POST_DOM	
722	680	POST_DOM	
680	718	POST_DOM	
713	707	POST_DOM	
674	675	IS_FUNCTION_OF_AST	
674	721	IS_FUNCTION_OF_CFG	
1	674	IS_FILE_OF	
734	735	IS_AST_PARENT	
736	737	IS_AST_PARENT	
736	738	IS_AST_PARENT	
734	736	IS_AST_PARENT	
733	734	IS_AST_PARENT	
732	733	IS_AST_PARENT	
732	739	IS_AST_PARENT	
744	745	IS_AST_PARENT	
743	744	IS_AST_PARENT	
747	748	IS_AST_PARENT	
746	747	IS_AST_PARENT	
749	750	IS_AST_PARENT	
746	749	IS_AST_PARENT	
751	752	IS_AST_PARENT	
746	751	IS_AST_PARENT	
743	746	IS_AST_PARENT	
742	743	IS_AST_PARENT	
741	742	IS_AST_PARENT	
741	753	IS_AST_PARENT	
740	741	IS_AST_PARENT	
732	740	IS_AST_PARENT	
731	732	IS_AST_PARENT	
731	754	IS_AST_PARENT	
730	731	IS_AST_PARENT	
755	756	IS_AST_PARENT	
730	755	IS_AST_PARENT	
729	730	IS_AST_PARENT	
759	760	IS_AST_PARENT	
759	761	IS_AST_PARENT	
758	759	IS_AST_PARENT	
758	762	IS_AST_PARENT	
757	758	IS_AST_PARENT	
729	757	IS_AST_PARENT	
766	767	IS_AST_PARENT	
766	768	IS_AST_PARENT	
765	766	IS_AST_PARENT	
765	769	IS_AST_PARENT	
764	765	IS_AST_PARENT	
763	764	IS_AST_PARENT	
773	774	IS_AST_PARENT	
773	775	IS_AST_PARENT	
772	773	IS_AST_PARENT	
771	772	IS_AST_PARENT	
779	780	IS_AST_PARENT	
778	779	IS_AST_PARENT	
783	784	IS_AST_PARENT	
783	785	IS_AST_PARENT	
782	783	IS_AST_PARENT	
781	782	IS_AST_PARENT	
786	787	IS_AST_PARENT	
781	786	IS_AST_PARENT	
778	781	IS_AST_PARENT	
777	778	IS_AST_PARENT	
776	777	IS_AST_PARENT	
771	776	IS_AST_PARENT	
770	771	IS_AST_PARENT	
790	791	IS_AST_PARENT	
790	792	IS_AST_PARENT	
789	790	IS_AST_PARENT	
788	789	IS_AST_PARENT	
795	796	IS_AST_PARENT	
795	797	IS_AST_PARENT	
798	799	IS_AST_PARENT	
801	802	IS_AST_PARENT	
801	803	IS_AST_PARENT	
800	801	IS_AST_PARENT	
804	805	IS_AST_PARENT	
804	806	IS_AST_PARENT	
800	804	IS_AST_PARENT	
798	800	IS_AST_PARENT	
795	798	IS_AST_PARENT	
794	795	IS_AST_PARENT	
793	794	IS_AST_PARENT	
808	809	IS_AST_PARENT	
808	810	IS_AST_PARENT	
807	808	IS_AST_PARENT	
793	807	IS_AST_PARENT	
813	814	IS_AST_PARENT	
813	815	IS_AST_PARENT	
812	813	IS_AST_PARENT	
811	812	IS_AST_PARENT	
817	818	IS_AST_PARENT	
817	819	IS_AST_PARENT	
816	817	IS_AST_PARENT	
811	816	IS_AST_PARENT	
820	821	IS_AST_PARENT	
820	822	IS_AST_PARENT	
811	820	IS_AST_PARENT	
825	826	IS_AST_PARENT	
824	825	IS_AST_PARENT	
830	831	IS_AST_PARENT	
830	832	IS_AST_PARENT	
829	830	IS_AST_PARENT	
829	833	IS_AST_PARENT	
828	829	IS_AST_PARENT	
827	828	IS_AST_PARENT	
834	835	IS_AST_PARENT	
827	834	IS_AST_PARENT	
836	837	IS_AST_PARENT	
827	836	IS_AST_PARENT	
824	827	IS_AST_PARENT	
823	824	IS_AST_PARENT	
811	823	IS_AST_PARENT	
793	811	IS_AST_PARENT	
840	841	IS_AST_PARENT	
839	840	IS_AST_PARENT	
844	845	IS_AST_PARENT	
844	846	IS_AST_PARENT	
843	844	IS_AST_PARENT	
842	843	IS_AST_PARENT	
839	842	IS_AST_PARENT	
838	839	IS_AST_PARENT	
793	838	IS_AST_PARENT	
788	793	IS_AST_PARENT	
770	788	IS_AST_PARENT	
850	851	IS_AST_PARENT	
849	850	IS_AST_PARENT	
855	856	IS_AST_PARENT	
854	855	IS_AST_PARENT	
859	860	IS_AST_PARENT	
859	861	IS_AST_PARENT	
858	859	IS_AST_PARENT	
857	858	IS_AST_PARENT	
862	863	IS_AST_PARENT	
857	862	IS_AST_PARENT	
854	857	IS_AST_PARENT	
853	854	IS_AST_PARENT	
852	853	IS_AST_PARENT	
849	852	IS_AST_PARENT	
867	868	IS_AST_PARENT	
870	871	IS_AST_PARENT	
870	872	IS_AST_PARENT	
869	870	IS_AST_PARENT	
869	873	IS_AST_PARENT	
867	869	IS_AST_PARENT	
866	867	IS_AST_PARENT	
865	866	IS_AST_PARENT	
864	865	IS_AST_PARENT	
849	864	IS_AST_PARENT	
848	849	IS_AST_PARENT	
847	848	IS_AST_PARENT	
874	875	IS_AST_PARENT	
847	874	IS_AST_PARENT	
770	847	IS_AST_PARENT	
763	770	IS_AST_PARENT	
729	763	IS_AST_PARENT	
728	729	IS_AST_PARENT	
728	876	IS_AST_PARENT	
728	877	IS_AST_PARENT	
879	880	IS_AST_PARENT	
879	881	IS_AST_PARENT	
878	879	IS_AST_PARENT	
728	878	IS_AST_PARENT	
882	879	FLOWS_TO	
879	733	FLOWS_TO	
755	733	FLOWS_TO	
755	757	FLOWS_TO	
733	742	FLOWS_TO	
733	754	FLOWS_TO	
742	753	FLOWS_TO	
753	883	FLOWS_TO	
754	755	FLOWS_TO	
757	764	FLOWS_TO	
764	772	FLOWS_TO	
764	883	FLOWS_TO	
772	777	FLOWS_TO	
772	789	FLOWS_TO	
777	789	FLOWS_TO	
789	794	FLOWS_TO	
789	850	FLOWS_TO	
794	807	FLOWS_TO	
807	812	FLOWS_TO	
816	823	FLOWS_TO	
816	838	FLOWS_TO	
812	816	FLOWS_TO	
820	816	FLOWS_TO	
823	820	FLOWS_TO	
838	850	FLOWS_TO	
874	850	FLOWS_TO	
874	883	FLOWS_TO	
850	853	FLOWS_TO	
850	866	FLOWS_TO	
853	874	FLOWS_TO	
866	874	FLOWS_TO	
742	884	USE	
749	884	USE	
789	885	USE	
823	885	USE	
829	885	USE	
838	885	USE	
843	885	USE	
823	886	USE	
828	886	USE	
807	887	DEF	
808	887	DEF	
816	887	USE	
812	887	DEF	
813	887	DEF	
820	887	USE	
820	887	DEF	
823	887	USE	
829	887	USE	
836	887	USE	
823	888	USE	
828	888	USE	
772	889	USE	
777	889	USE	
782	889	USE	
794	890	USE	
798	890	USE	
757	891	USE	
758	891	USE	
757	891	DEF	
758	891	DEF	
764	891	USE	
823	892	USE	
828	892	USE	
879	893	DEF	
733	893	USE	
757	893	USE	
759	893	USE	
764	893	USE	
766	893	USE	
772	893	USE	
773	893	USE	
777	893	USE	
783	893	USE	
789	893	USE	
790	893	USE	
794	893	USE	
801	893	USE	
804	893	USE	
823	893	USE	
830	893	USE	
834	893	USE	
838	893	USE	
844	893	USE	
853	893	USE	
862	893	USE	
757	894	USE	
758	894	USE	
757	894	DEF	
758	894	DEF	
764	894	USE	
772	894	USE	
777	894	USE	
782	894	USE	
789	894	USE	
794	894	USE	
798	894	USE	
823	894	USE	
829	894	USE	
838	894	USE	
843	894	USE	
794	895	USE	
798	895	USE	
794	896	DEF	
798	896	DEF	
795	896	DEF	
816	896	USE	
794	816	REACHES	ntiles
812	816	REACHES	i
820	816	REACHES	i
812	820	REACHES	i
820	820	REACHES	i
812	823	REACHES	i
820	823	REACHES	i
757	764	REACHES	tm -> ref_count
879	757	REACHES	tm
879	733	REACHES	tm
879	764	REACHES	tm
879	772	REACHES	tm
879	777	REACHES	tm
879	789	REACHES	tm
879	794	REACHES	tm
879	823	REACHES	tm
879	838	REACHES	tm
879	853	REACHES	tm
757	883	REACHES	* tm
757	764	REACHES	* tm
757	772	REACHES	* tm
757	777	REACHES	* tm
757	789	REACHES	* tm
757	794	REACHES	* tm
757	823	REACHES	* tm
757	838	REACHES	* tm
882	879	CONTROLS	
882	733	CONTROLS	
755	733	CONTROLS	
755	757	CONTROLS	
755	764	CONTROLS	
733	742	CONTROLS	
733	753	CONTROLS	
733	754	CONTROLS	
733	755	CONTROLS	
764	772	CONTROLS	
764	789	CONTROLS	
764	850	CONTROLS	
764	874	CONTROLS	
772	777	CONTROLS	
789	794	CONTROLS	
789	807	CONTROLS	
789	812	CONTROLS	
789	816	CONTROLS	
789	838	CONTROLS	
816	823	CONTROLS	
816	820	CONTROLS	
874	850	CONTROLS	
850	853	CONTROLS	
850	866	CONTROLS	
757	764	DOM	
879	733	DOM	
812	816	DOM	
733	754	DOM	
772	789	DOM	
733	883	DOM	
755	757	DOM	
789	850	DOM	
764	772	DOM	
816	838	DOM	
850	866	DOM	
882	879	DOM	
754	755	DOM	
850	874	DOM	
882	882	DOM	
772	777	DOM	
789	794	DOM	
816	823	DOM	
742	753	DOM	
850	853	DOM	
733	742	DOM	
794	807	DOM	
823	820	DOM	
807	812	DOM	
883	764	POST_DOM	
883	733	POST_DOM	
838	816	POST_DOM	
755	754	POST_DOM	
850	789	POST_DOM	
883	883	POST_DOM	
764	757	POST_DOM	
874	850	POST_DOM	
789	772	POST_DOM	
850	838	POST_DOM	
874	866	POST_DOM	
733	879	POST_DOM	
883	755	POST_DOM	
883	874	POST_DOM	
879	882	POST_DOM	
789	777	POST_DOM	
807	794	POST_DOM	
820	823	POST_DOM	
883	753	POST_DOM	
874	853	POST_DOM	
753	742	POST_DOM	
812	807	POST_DOM	
816	820	POST_DOM	
816	812	POST_DOM	
727	728	IS_FUNCTION_OF_AST	
727	882	IS_FUNCTION_OF_CFG	
1	727	IS_FILE_OF	
901	902	IS_AST_PARENT	
901	903	IS_AST_PARENT	
900	901	IS_AST_PARENT	
899	900	IS_AST_PARENT	
905	906	IS_AST_PARENT	
905	907	IS_AST_PARENT	
904	905	IS_AST_PARENT	
899	904	IS_AST_PARENT	
909	910	IS_AST_PARENT	
909	911	IS_AST_PARENT	
908	909	IS_AST_PARENT	
899	908	IS_AST_PARENT	
916	917	IS_AST_PARENT	
918	919	IS_AST_PARENT	
918	920	IS_AST_PARENT	
916	918	IS_AST_PARENT	
915	916	IS_AST_PARENT	
914	915	IS_AST_PARENT	
914	921	IS_AST_PARENT	
926	927	IS_AST_PARENT	
925	926	IS_AST_PARENT	
929	930	IS_AST_PARENT	
928	929	IS_AST_PARENT	
931	932	IS_AST_PARENT	
928	931	IS_AST_PARENT	
933	934	IS_AST_PARENT	
928	933	IS_AST_PARENT	
925	928	IS_AST_PARENT	
924	925	IS_AST_PARENT	
923	924	IS_AST_PARENT	
936	937	IS_AST_PARENT	
936	938	IS_AST_PARENT	
935	936	IS_AST_PARENT	
923	935	IS_AST_PARENT	
922	923	IS_AST_PARENT	
914	922	IS_AST_PARENT	
913	914	IS_AST_PARENT	
913	939	IS_AST_PARENT	
912	913	IS_AST_PARENT	
940	941	IS_AST_PARENT	
912	940	IS_AST_PARENT	
899	912	IS_AST_PARENT	
943	944	IS_AST_PARENT	
946	947	IS_AST_PARENT	
945	946	IS_AST_PARENT	
950	951	IS_AST_PARENT	
950	952	IS_AST_PARENT	
949	950	IS_AST_PARENT	
948	949	IS_AST_PARENT	
954	955	IS_AST_PARENT	
954	956	IS_AST_PARENT	
953	954	IS_AST_PARENT	
948	953	IS_AST_PARENT	
958	959	IS_AST_PARENT	
958	960	IS_AST_PARENT	
957	958	IS_AST_PARENT	
948	957	IS_AST_PARENT	
945	948	IS_AST_PARENT	
943	945	IS_AST_PARENT	
942	943	IS_AST_PARENT	
899	942	IS_AST_PARENT	
963	964	IS_AST_PARENT	
962	963	IS_AST_PARENT	
966	967	IS_AST_PARENT	
965	966	IS_AST_PARENT	
962	965	IS_AST_PARENT	
961	962	IS_AST_PARENT	
899	961	IS_AST_PARENT	
969	970	IS_AST_PARENT	
972	973	IS_AST_PARENT	
972	974	IS_AST_PARENT	
971	972	IS_AST_PARENT	
975	976	IS_AST_PARENT	
975	977	IS_AST_PARENT	
971	975	IS_AST_PARENT	
969	971	IS_AST_PARENT	
968	969	IS_AST_PARENT	
899	968	IS_AST_PARENT	
980	981	IS_AST_PARENT	
980	982	IS_AST_PARENT	
979	980	IS_AST_PARENT	
978	979	IS_AST_PARENT	
984	985	IS_AST_PARENT	
984	986	IS_AST_PARENT	
983	984	IS_AST_PARENT	
978	983	IS_AST_PARENT	
987	988	IS_AST_PARENT	
987	989	IS_AST_PARENT	
978	987	IS_AST_PARENT	
992	993	IS_AST_PARENT	
992	994	IS_AST_PARENT	
991	992	IS_AST_PARENT	
990	991	IS_AST_PARENT	
996	997	IS_AST_PARENT	
999	1000	IS_AST_PARENT	
998	999	IS_AST_PARENT	
1002	1003	IS_AST_PARENT	
1001	1002	IS_AST_PARENT	
1004	1005	IS_AST_PARENT	
1001	1004	IS_AST_PARENT	
1007	1008	IS_AST_PARENT	
1007	1009	IS_AST_PARENT	
1006	1007	IS_AST_PARENT	
1001	1006	IS_AST_PARENT	
1010	1011	IS_AST_PARENT	
1001	1010	IS_AST_PARENT	
998	1001	IS_AST_PARENT	
996	998	IS_AST_PARENT	
995	996	IS_AST_PARENT	
990	995	IS_AST_PARENT	
1014	1015	IS_AST_PARENT	
1013	1014	IS_AST_PARENT	
1017	1018	IS_AST_PARENT	
1016	1017	IS_AST_PARENT	
1019	1020	IS_AST_PARENT	
1016	1019	IS_AST_PARENT	
1021	1022	IS_AST_PARENT	
1016	1021	IS_AST_PARENT	
1013	1016	IS_AST_PARENT	
1012	1013	IS_AST_PARENT	
990	1012	IS_AST_PARENT	
1025	1026	IS_AST_PARENT	
1024	1025	IS_AST_PARENT	
1028	1029	IS_AST_PARENT	
1027	1028	IS_AST_PARENT	
1030	1031	IS_AST_PARENT	
1027	1030	IS_AST_PARENT	
1024	1027	IS_AST_PARENT	
1023	1024	IS_AST_PARENT	
990	1023	IS_AST_PARENT	
978	990	IS_AST_PARENT	
899	978	IS_AST_PARENT	
1032	1033	IS_AST_PARENT	
899	1032	IS_AST_PARENT	
898	899	IS_AST_PARENT	
898	1034	IS_AST_PARENT	
898	1035	IS_AST_PARENT	
1037	1038	IS_AST_PARENT	
1037	1039	IS_AST_PARENT	
1036	1037	IS_AST_PARENT	
898	1036	IS_AST_PARENT	
1040	1037	FLOWS_TO	
1037	900	FLOWS_TO	
900	904	FLOWS_TO	
904	908	FLOWS_TO	
908	915	FLOWS_TO	
940	915	FLOWS_TO	
940	942	FLOWS_TO	
915	924	FLOWS_TO	
915	939	FLOWS_TO	
924	935	FLOWS_TO	
935	1041	FLOWS_TO	
939	940	FLOWS_TO	
942	961	FLOWS_TO	
961	968	FLOWS_TO	
968	979	FLOWS_TO	
983	991	FLOWS_TO	
983	1032	FLOWS_TO	
979	983	FLOWS_TO	
987	983	FLOWS_TO	
991	995	FLOWS_TO	
995	1012	FLOWS_TO	
1012	1023	FLOWS_TO	
1023	987	FLOWS_TO	
1032	1041	FLOWS_TO	
924	1042	USE	
931	1042	USE	
904	1043	DEF	
905	1043	DEF	
968	1043	DEF	
969	1043	DEF	
983	1043	USE	
908	1044	DEF	
909	1044	DEF	
983	1044	USE	
979	1044	DEF	
980	1044	DEF	
987	1044	USE	
987	1044	DEF	
995	1044	USE	
1004	1044	USE	
1012	1044	USE	
1019	1044	USE	
968	1045	USE	
969	1045	USE	
995	1046	USE	
996	1046	USE	
942	1047	USE	
953	1047	USE	
942	1048	USE	
957	1048	USE	
991	1049	DEF	
992	1049	DEF	
995	1049	DEF	
996	1049	DEF	
1012	1049	USE	
1021	1049	USE	
1023	1049	USE	
1028	1049	USE	
1037	1050	DEF	
915	1050	USE	
942	1050	USE	
958	1050	USE	
950	1050	USE	
954	1050	USE	
968	1050	USE	
972	1050	USE	
975	1050	USE	
995	1050	USE	
1002	1050	USE	
942	1051	USE	
949	1051	USE	
900	1052	DEF	
901	1052	DEF	
942	1052	DEF	
943	1052	DEF	
961	1052	USE	
966	1052	USE	
1012	1052	USE	
1017	1052	USE	
1032	1052	USE	
942	1053	USE	
957	1053	USE	
949	1053	USE	
953	1053	USE	
968	1053	USE	
969	1053	USE	
968	1054	USE	
969	1054	USE	
942	1055	USE	
943	1055	USE	
995	1012	REACHES	tile
995	1023	REACHES	tile
942	961	REACHES	copy
942	1012	REACHES	copy
942	1032	REACHES	copy
987	983	REACHES	i
968	983	REACHES	n_tiles
979	983	REACHES	i
987	987	REACHES	i
979	987	REACHES	i
987	995	REACHES	i
979	995	REACHES	i
987	1012	REACHES	i
979	1012	REACHES	i
1037	915	REACHES	tm
1037	942	REACHES	tm
1037	968	REACHES	tm
1037	995	REACHES	tm
1040	1037	CONTROLS	
1040	900	CONTROLS	
1040	904	CONTROLS	
1040	908	CONTROLS	
1040	915	CONTROLS	
940	915	CONTROLS	
940	942	CONTROLS	
940	961	CONTROLS	
940	968	CONTROLS	
940	979	CONTROLS	
940	983	CONTROLS	
940	1032	CONTROLS	
915	924	CONTROLS	
915	935	CONTROLS	
915	939	CONTROLS	
915	940	CONTROLS	
983	991	CONTROLS	
983	995	CONTROLS	
983	1012	CONTROLS	
983	1023	CONTROLS	
983	987	CONTROLS	
1040	1040	DOM	
908	915	DOM	
979	983	DOM	
1012	1023	DOM	
904	908	DOM	
940	942	DOM	
1023	987	DOM	
900	904	DOM	
983	991	DOM	
991	995	DOM	
915	1041	DOM	
939	940	DOM	
961	968	DOM	
995	1012	DOM	
924	935	DOM	
1040	1037	DOM	
1037	900	DOM	
915	939	DOM	
983	1032	DOM	
942	961	DOM	
968	979	DOM	
915	924	DOM	
1041	915	POST_DOM	
1037	1040	POST_DOM	
1032	983	POST_DOM	
987	1023	POST_DOM	
915	908	POST_DOM	
961	942	POST_DOM	
983	987	POST_DOM	
908	904	POST_DOM	
995	991	POST_DOM	
1012	995	POST_DOM	
1041	1041	POST_DOM	
1041	940	POST_DOM	
979	968	POST_DOM	
1023	1012	POST_DOM	
1041	935	POST_DOM	
900	1037	POST_DOM	
904	900	POST_DOM	
940	939	POST_DOM	
1041	1032	POST_DOM	
968	961	POST_DOM	
983	979	POST_DOM	
935	924	POST_DOM	
897	898	IS_FUNCTION_OF_AST	
897	1040	IS_FUNCTION_OF_CFG	
1	897	IS_FILE_OF	
1063	1064	IS_AST_PARENT	
1065	1066	IS_AST_PARENT	
1065	1067	IS_AST_PARENT	
1063	1065	IS_AST_PARENT	
1062	1063	IS_AST_PARENT	
1061	1062	IS_AST_PARENT	
1061	1068	IS_AST_PARENT	
1073	1074	IS_AST_PARENT	
1072	1073	IS_AST_PARENT	
1076	1077	IS_AST_PARENT	
1075	1076	IS_AST_PARENT	
1078	1079	IS_AST_PARENT	
1075	1078	IS_AST_PARENT	
1080	1081	IS_AST_PARENT	
1075	1080	IS_AST_PARENT	
1072	1075	IS_AST_PARENT	
1071	1072	IS_AST_PARENT	
1070	1071	IS_AST_PARENT	
1070	1082	IS_AST_PARENT	
1069	1070	IS_AST_PARENT	
1061	1069	IS_AST_PARENT	
1060	1061	IS_AST_PARENT	
1060	1083	IS_AST_PARENT	
1059	1060	IS_AST_PARENT	
1084	1085	IS_AST_PARENT	
1059	1084	IS_AST_PARENT	
1058	1059	IS_AST_PARENT	
1088	1089	IS_AST_PARENT	
1088	1090	IS_AST_PARENT	
1087	1088	IS_AST_PARENT	
1087	1091	IS_AST_PARENT	
1086	1087	IS_AST_PARENT	
1058	1086	IS_AST_PARENT	
1094	1095	IS_AST_PARENT	
1094	1096	IS_AST_PARENT	
1093	1094	IS_AST_PARENT	
1093	1097	IS_AST_PARENT	
1092	1093	IS_AST_PARENT	
1058	1092	IS_AST_PARENT	
1057	1058	IS_AST_PARENT	
1057	1098	IS_AST_PARENT	
1057	1099	IS_AST_PARENT	
1101	1102	IS_AST_PARENT	
1101	1103	IS_AST_PARENT	
1100	1101	IS_AST_PARENT	
1104	1105	IS_AST_PARENT	
1104	1106	IS_AST_PARENT	
1100	1104	IS_AST_PARENT	
1107	1108	IS_AST_PARENT	
1107	1109	IS_AST_PARENT	
1100	1107	IS_AST_PARENT	
1057	1100	IS_AST_PARENT	
1110	1101	FLOWS_TO	
1101	1104	FLOWS_TO	
1104	1107	FLOWS_TO	
1107	1062	FLOWS_TO	
1084	1062	FLOWS_TO	
1084	1086	FLOWS_TO	
1062	1071	FLOWS_TO	
1062	1083	FLOWS_TO	
1071	1082	FLOWS_TO	
1082	1111	FLOWS_TO	
1083	1084	FLOWS_TO	
1086	1092	FLOWS_TO	
1092	1111	FLOWS_TO	
1071	1112	USE	
1078	1112	USE	
1086	1113	DEF	
1087	1113	DEF	
1104	1114	DEF	
1086	1114	USE	
1087	1114	USE	
1101	1115	DEF	
1062	1115	USE	
1086	1115	USE	
1088	1115	USE	
1092	1115	USE	
1094	1115	USE	
1092	1116	DEF	
1093	1116	DEF	
1107	1117	DEF	
1092	1117	USE	
1093	1117	USE	
1086	1118	DEF	
1087	1118	DEF	
1092	1118	DEF	
1093	1118	DEF	
1104	1086	REACHES	proc
1101	1062	REACHES	tm
1101	1086	REACHES	tm
1101	1092	REACHES	tm
1107	1092	REACHES	user_data
1092	1111	REACHES	* tm
1110	1101	CONTROLS	
1110	1104	CONTROLS	
1110	1107	CONTROLS	
1110	1062	CONTROLS	
1084	1062	CONTROLS	
1084	1086	CONTROLS	
1084	1092	CONTROLS	
1062	1071	CONTROLS	
1062	1082	CONTROLS	
1062	1083	CONTROLS	
1062	1084	CONTROLS	
1110	1110	DOM	
1062	1083	DOM	
1110	1101	DOM	
1084	1086	DOM	
1062	1071	DOM	
1062	1111	DOM	
1071	1082	DOM	
1104	1107	DOM	
1083	1084	DOM	
1086	1092	DOM	
1107	1062	DOM	
1101	1104	DOM	
1101	1110	POST_DOM	
1084	1083	POST_DOM	
1104	1101	POST_DOM	
1092	1086	POST_DOM	
1082	1071	POST_DOM	
1111	1111	POST_DOM	
1111	1082	POST_DOM	
1062	1107	POST_DOM	
1111	1084	POST_DOM	
1111	1092	POST_DOM	
1111	1062	POST_DOM	
1107	1104	POST_DOM	
1056	1057	IS_FUNCTION_OF_AST	
1056	1110	IS_FUNCTION_OF_CFG	
1	1056	IS_FILE_OF	
1126	1127	IS_AST_PARENT	
1128	1129	IS_AST_PARENT	
1128	1130	IS_AST_PARENT	
1126	1128	IS_AST_PARENT	
1125	1126	IS_AST_PARENT	
1124	1125	IS_AST_PARENT	
1124	1131	IS_AST_PARENT	
1136	1137	IS_AST_PARENT	
1135	1136	IS_AST_PARENT	
1139	1140	IS_AST_PARENT	
1138	1139	IS_AST_PARENT	
1141	1142	IS_AST_PARENT	
1138	1141	IS_AST_PARENT	
1143	1144	IS_AST_PARENT	
1138	1143	IS_AST_PARENT	
1135	1138	IS_AST_PARENT	
1134	1135	IS_AST_PARENT	
1133	1134	IS_AST_PARENT	
1146	1147	IS_AST_PARENT	
1146	1148	IS_AST_PARENT	
1145	1146	IS_AST_PARENT	
1133	1145	IS_AST_PARENT	
1132	1133	IS_AST_PARENT	
1124	1132	IS_AST_PARENT	
1123	1124	IS_AST_PARENT	
1123	1149	IS_AST_PARENT	
1122	1123	IS_AST_PARENT	
1150	1151	IS_AST_PARENT	
1122	1150	IS_AST_PARENT	
1121	1122	IS_AST_PARENT	
1154	1155	IS_AST_PARENT	
1153	1154	IS_AST_PARENT	
1157	1158	IS_AST_PARENT	
1156	1157	IS_AST_PARENT	
1161	1162	IS_AST_PARENT	
1160	1161	IS_AST_PARENT	
1164	1165	IS_AST_PARENT	
1163	1164	IS_AST_PARENT	
1166	1167	IS_AST_PARENT	
1163	1166	IS_AST_PARENT	
1168	1169	IS_AST_PARENT	
1163	1168	IS_AST_PARENT	
1160	1163	IS_AST_PARENT	
1159	1160	IS_AST_PARENT	
1156	1159	IS_AST_PARENT	
1170	1171	IS_AST_PARENT	
1156	1170	IS_AST_PARENT	
1172	1173	IS_AST_PARENT	
1156	1172	IS_AST_PARENT	
1153	1156	IS_AST_PARENT	
1152	1153	IS_AST_PARENT	
1121	1152	IS_AST_PARENT	
1120	1121	IS_AST_PARENT	
1120	1174	IS_AST_PARENT	
1120	1175	IS_AST_PARENT	
1177	1178	IS_AST_PARENT	
1177	1179	IS_AST_PARENT	
1176	1177	IS_AST_PARENT	
1180	1181	IS_AST_PARENT	
1180	1182	IS_AST_PARENT	
1176	1180	IS_AST_PARENT	
1183	1184	IS_AST_PARENT	
1183	1185	IS_AST_PARENT	
1176	1183	IS_AST_PARENT	
1186	1187	IS_AST_PARENT	
1186	1188	IS_AST_PARENT	
1176	1186	IS_AST_PARENT	
1189	1190	IS_AST_PARENT	
1189	1191	IS_AST_PARENT	
1176	1189	IS_AST_PARENT	
1120	1176	IS_AST_PARENT	
1192	1177	FLOWS_TO	
1177	1180	FLOWS_TO	
1180	1183	FLOWS_TO	
1183	1186	FLOWS_TO	
1186	1189	FLOWS_TO	
1189	1125	FLOWS_TO	
1150	1125	FLOWS_TO	
1150	1152	FLOWS_TO	
1125	1134	FLOWS_TO	
1125	1149	FLOWS_TO	
1134	1145	FLOWS_TO	
1145	1193	FLOWS_TO	
1149	1150	FLOWS_TO	
1152	1193	FLOWS_TO	
1134	1194	USE	
1141	1194	USE	
1152	1195	USE	
1186	1196	DEF	
1152	1196	USE	
1170	1196	USE	
1177	1197	DEF	
1125	1197	USE	
1152	1197	USE	
1157	1197	USE	
1164	1197	USE	
1183	1198	DEF	
1152	1198	USE	
1168	1198	USE	
1189	1199	DEF	
1152	1199	USE	
1172	1199	USE	
1152	1200	USE	
1159	1200	USE	
1180	1201	DEF	
1152	1201	USE	
1166	1201	USE	
1186	1152	REACHES	wantread
1177	1125	REACHES	tm
1177	1152	REACHES	tm
1183	1152	REACHES	ypixel
1189	1152	REACHES	wantwrite
1180	1152	REACHES	xpixel
1192	1177	CONTROLS	
1192	1180	CONTROLS	
1192	1183	CONTROLS	
1192	1186	CONTROLS	
1192	1189	CONTROLS	
1192	1125	CONTROLS	
1150	1125	CONTROLS	
1150	1152	CONTROLS	
1125	1134	CONTROLS	
1125	1145	CONTROLS	
1125	1149	CONTROLS	
1125	1150	CONTROLS	
1125	1193	DOM	
1192	1177	DOM	
1192	1192	DOM	
1186	1189	DOM	
1189	1125	DOM	
1180	1183	DOM	
1150	1152	DOM	
1183	1186	DOM	
1125	1134	DOM	
1125	1149	DOM	
1134	1145	DOM	
1149	1150	DOM	
1177	1180	DOM	
1193	1193	POST_DOM	
1180	1177	POST_DOM	
1125	1189	POST_DOM	
1177	1192	POST_DOM	
1193	1125	POST_DOM	
1186	1183	POST_DOM	
1193	1152	POST_DOM	
1145	1134	POST_DOM	
1189	1186	POST_DOM	
1150	1149	POST_DOM	
1193	1145	POST_DOM	
1193	1150	POST_DOM	
1183	1180	POST_DOM	
1119	1120	IS_FUNCTION_OF_AST	
1119	1192	IS_FUNCTION_OF_CFG	
1	1119	IS_FILE_OF	
1206	1207	IS_AST_PARENT	
1206	1208	IS_AST_PARENT	
1205	1206	IS_AST_PARENT	
1204	1205	IS_AST_PARENT	
1210	1211	IS_AST_PARENT	
1210	1212	IS_AST_PARENT	
1209	1210	IS_AST_PARENT	
1204	1209	IS_AST_PARENT	
1217	1218	IS_AST_PARENT	
1219	1220	IS_AST_PARENT	
1219	1221	IS_AST_PARENT	
1217	1219	IS_AST_PARENT	
1216	1217	IS_AST_PARENT	
1215	1216	IS_AST_PARENT	
1215	1222	IS_AST_PARENT	
1227	1228	IS_AST_PARENT	
1226	1227	IS_AST_PARENT	
1230	1231	IS_AST_PARENT	
1229	1230	IS_AST_PARENT	
1232	1233	IS_AST_PARENT	
1229	1232	IS_AST_PARENT	
1234	1235	IS_AST_PARENT	
1229	1234	IS_AST_PARENT	
1226	1229	IS_AST_PARENT	
1225	1226	IS_AST_PARENT	
1224	1225	IS_AST_PARENT	
1237	1238	IS_AST_PARENT	
1237	1239	IS_AST_PARENT	
1236	1237	IS_AST_PARENT	
1224	1236	IS_AST_PARENT	
1223	1224	IS_AST_PARENT	
1215	1223	IS_AST_PARENT	
1214	1215	IS_AST_PARENT	
1214	1240	IS_AST_PARENT	
1213	1214	IS_AST_PARENT	
1241	1242	IS_AST_PARENT	
1213	1241	IS_AST_PARENT	
1204	1213	IS_AST_PARENT	
1244	1245	IS_AST_PARENT	
1247	1248	IS_AST_PARENT	
1247	1249	IS_AST_PARENT	
1246	1247	IS_AST_PARENT	
1250	1251	IS_AST_PARENT	
1250	1252	IS_AST_PARENT	
1246	1250	IS_AST_PARENT	
1244	1246	IS_AST_PARENT	
1243	1244	IS_AST_PARENT	
1204	1243	IS_AST_PARENT	
1256	1257	IS_AST_PARENT	
1256	1258	IS_AST_PARENT	
1255	1256	IS_AST_PARENT	
1259	1260	IS_AST_PARENT	
1259	1261	IS_AST_PARENT	
1255	1259	IS_AST_PARENT	
1254	1255	IS_AST_PARENT	
1253	1254	IS_AST_PARENT	
1264	1265	IS_AST_PARENT	
1264	1266	IS_AST_PARENT	
1263	1264	IS_AST_PARENT	
1262	1263	IS_AST_PARENT	
1253	1262	IS_AST_PARENT	
1204	1253	IS_AST_PARENT	
1269	1270	IS_AST_PARENT	
1271	1272	IS_AST_PARENT	
1271	1273	IS_AST_PARENT	
1269	1271	IS_AST_PARENT	
1268	1269	IS_AST_PARENT	
1267	1268	IS_AST_PARENT	
1277	1278	IS_AST_PARENT	
1276	1277	IS_AST_PARENT	
1280	1281	IS_AST_PARENT	
1279	1280	IS_AST_PARENT	
1276	1279	IS_AST_PARENT	
1275	1276	IS_AST_PARENT	
1274	1275	IS_AST_PARENT	
1267	1274	IS_AST_PARENT	
1204	1267	IS_AST_PARENT	
1283	1284	IS_AST_PARENT	
1286	1287	IS_AST_PARENT	
1286	1288	IS_AST_PARENT	
1285	1286	IS_AST_PARENT	
1285	1289	IS_AST_PARENT	
1283	1285	IS_AST_PARENT	
1282	1283	IS_AST_PARENT	
1204	1282	IS_AST_PARENT	
1292	1293	IS_AST_PARENT	
1294	1295	IS_AST_PARENT	
1294	1296	IS_AST_PARENT	
1292	1294	IS_AST_PARENT	
1291	1292	IS_AST_PARENT	
1290	1291	IS_AST_PARENT	
1300	1301	IS_AST_PARENT	
1299	1300	IS_AST_PARENT	
1303	1304	IS_AST_PARENT	
1302	1303	IS_AST_PARENT	
1305	1306	IS_AST_PARENT	
1302	1305	IS_AST_PARENT	
1307	1308	IS_AST_PARENT	
1302	1307	IS_AST_PARENT	
1299	1302	IS_AST_PARENT	
1298	1299	IS_AST_PARENT	
1297	1298	IS_AST_PARENT	
1290	1297	IS_AST_PARENT	
1204	1290	IS_AST_PARENT	
1310	1311	IS_AST_PARENT	
1309	1310	IS_AST_PARENT	
1314	1315	IS_AST_PARENT	
1313	1314	IS_AST_PARENT	
1319	1320	IS_AST_PARENT	
1321	1322	IS_AST_PARENT	
1321	1323	IS_AST_PARENT	
1319	1321	IS_AST_PARENT	
1318	1319	IS_AST_PARENT	
1317	1318	IS_AST_PARENT	
1327	1328	IS_AST_PARENT	
1326	1327	IS_AST_PARENT	
1331	1332	IS_AST_PARENT	
1331	1333	IS_AST_PARENT	
1330	1331	IS_AST_PARENT	
1329	1330	IS_AST_PARENT	
1334	1335	IS_AST_PARENT	
1329	1334	IS_AST_PARENT	
1326	1329	IS_AST_PARENT	
1325	1326	IS_AST_PARENT	
1324	1325	IS_AST_PARENT	
1338	1339	IS_AST_PARENT	
1338	1340	IS_AST_PARENT	
1337	1338	IS_AST_PARENT	
1341	1342	IS_AST_PARENT	
1341	1343	IS_AST_PARENT	
1337	1341	IS_AST_PARENT	
1336	1337	IS_AST_PARENT	
1324	1336	IS_AST_PARENT	
1346	1347	IS_AST_PARENT	
1346	1348	IS_AST_PARENT	
1345	1346	IS_AST_PARENT	
1349	1350	IS_AST_PARENT	
1349	1351	IS_AST_PARENT	
1345	1349	IS_AST_PARENT	
1344	1345	IS_AST_PARENT	
1324	1344	IS_AST_PARENT	
1317	1324	IS_AST_PARENT	
1316	1317	IS_AST_PARENT	
1355	1356	IS_AST_PARENT	
1355	1357	IS_AST_PARENT	
1354	1355	IS_AST_PARENT	
1354	1358	IS_AST_PARENT	
1353	1354	IS_AST_PARENT	
1352	1353	IS_AST_PARENT	
1359	1360	IS_AST_PARENT	
1359	1361	IS_AST_PARENT	
1359	1362	IS_AST_PARENT	
1359	1363	IS_AST_PARENT	
1366	1367	IS_AST_PARENT	
1365	1366	IS_AST_PARENT	
1370	1371	IS_AST_PARENT	
1370	1372	IS_AST_PARENT	
1369	1370	IS_AST_PARENT	
1368	1369	IS_AST_PARENT	
1365	1368	IS_AST_PARENT	
1364	1365	IS_AST_PARENT	
1359	1364	IS_AST_PARENT	
1359	1373	IS_AST_PARENT	
1359	1374	IS_AST_PARENT	
1376	1377	IS_AST_PARENT	
1378	1379	IS_AST_PARENT	
1378	1380	IS_AST_PARENT	
1376	1378	IS_AST_PARENT	
1375	1376	IS_AST_PARENT	
1359	1375	IS_AST_PARENT	
1359	1381	IS_AST_PARENT	
1359	1382	IS_AST_PARENT	
1384	1385	IS_AST_PARENT	
1386	1387	IS_AST_PARENT	
1386	1388	IS_AST_PARENT	
1384	1386	IS_AST_PARENT	
1383	1384	IS_AST_PARENT	
1359	1383	IS_AST_PARENT	
1359	1389	IS_AST_PARENT	
1359	1390	IS_AST_PARENT	
1392	1393	IS_AST_PARENT	
1394	1395	IS_AST_PARENT	
1394	1396	IS_AST_PARENT	
1392	1394	IS_AST_PARENT	
1391	1392	IS_AST_PARENT	
1359	1391	IS_AST_PARENT	
1359	1397	IS_AST_PARENT	
1359	1398	IS_AST_PARENT	
1359	1399	IS_AST_PARENT	
1359	1400	IS_AST_PARENT	
1359	1401	IS_AST_PARENT	
1359	1402	IS_AST_PARENT	
1359	1403	IS_AST_PARENT	
1359	1404	IS_AST_PARENT	
1359	1405	IS_AST_PARENT	
1359	1406	IS_AST_PARENT	
1359	1407	IS_AST_PARENT	
1359	1408	IS_AST_PARENT	
1359	1409	IS_AST_PARENT	
1359	1410	IS_AST_PARENT	
1359	1411	IS_AST_PARENT	
1359	1412	IS_AST_PARENT	
1359	1413	IS_AST_PARENT	
1359	1414	IS_AST_PARENT	
1359	1415	IS_AST_PARENT	
1359	1416	IS_AST_PARENT	
1359	1417	IS_AST_PARENT	
1359	1418	IS_AST_PARENT	
1359	1419	IS_AST_PARENT	
1359	1420	IS_AST_PARENT	
1359	1421	IS_AST_PARENT	
1359	1422	IS_AST_PARENT	
1359	1423	IS_AST_PARENT	
1359	1424	IS_AST_PARENT	
1359	1425	IS_AST_PARENT	
1359	1426	IS_AST_PARENT	
1359	1427	IS_AST_PARENT	
1359	1428	IS_AST_PARENT	
1359	1429	IS_AST_PARENT	
1359	1430	IS_AST_PARENT	
1359	1431	IS_AST_PARENT	
1359	1432	IS_AST_PARENT	
1359	1433	IS_AST_PARENT	
1359	1434	IS_AST_PARENT	
1359	1435	IS_AST_PARENT	
1359	1436	IS_AST_PARENT	
1359	1437	IS_AST_PARENT	
1359	1438	IS_AST_PARENT	
1359	1439	IS_AST_PARENT	
1359	1440	IS_AST_PARENT	
1359	1441	IS_AST_PARENT	
1359	1442	IS_AST_PARENT	
1359	1443	IS_AST_PARENT	
1359	1444	IS_AST_PARENT	
1447	1448	IS_AST_PARENT	
1447	1449	IS_AST_PARENT	
1446	1447	IS_AST_PARENT	
1445	1446	IS_AST_PARENT	
1450	1451	IS_AST_PARENT	
1450	1452	IS_AST_PARENT	
1450	1453	IS_AST_PARENT	
1450	1454	IS_AST_PARENT	
1450	1455	IS_AST_PARENT	
1450	1456	IS_AST_PARENT	
1450	1457	IS_AST_PARENT	
1450	1458	IS_AST_PARENT	
1450	1459	IS_AST_PARENT	
1450	1460	IS_AST_PARENT	
1450	1461	IS_AST_PARENT	
1450	1462	IS_AST_PARENT	
1450	1463	IS_AST_PARENT	
1450	1464	IS_AST_PARENT	
1450	1465	IS_AST_PARENT	
1450	1466	IS_AST_PARENT	
1450	1467	IS_AST_PARENT	
1450	1468	IS_AST_PARENT	
1450	1469	IS_AST_PARENT	
1450	1470	IS_AST_PARENT	
1450	1471	IS_AST_PARENT	
1450	1472	IS_AST_PARENT	
1450	1473	IS_AST_PARENT	
1450	1474	IS_AST_PARENT	
1450	1475	IS_AST_PARENT	
1450	1476	IS_AST_PARENT	
1450	1477	IS_AST_PARENT	
1450	1478	IS_AST_PARENT	
1450	1479	IS_AST_PARENT	
1450	1480	IS_AST_PARENT	
1450	1481	IS_AST_PARENT	
1445	1450	IS_AST_PARENT	
1359	1445	IS_AST_PARENT	
1484	1485	IS_AST_PARENT	
1484	1486	IS_AST_PARENT	
1483	1484	IS_AST_PARENT	
1482	1483	IS_AST_PARENT	
1487	1488	IS_AST_PARENT	
1487	1489	IS_AST_PARENT	
1487	1490	IS_AST_PARENT	
1487	1491	IS_AST_PARENT	
1487	1492	IS_AST_PARENT	
1487	1493	IS_AST_PARENT	
1487	1494	IS_AST_PARENT	
1487	1495	IS_AST_PARENT	
1487	1496	IS_AST_PARENT	
1487	1497	IS_AST_PARENT	
1487	1498	IS_AST_PARENT	
1487	1499	IS_AST_PARENT	
1487	1500	IS_AST_PARENT	
1487	1501	IS_AST_PARENT	
1487	1502	IS_AST_PARENT	
1487	1503	IS_AST_PARENT	
1487	1504	IS_AST_PARENT	
1487	1505	IS_AST_PARENT	
1487	1506	IS_AST_PARENT	
1487	1507	IS_AST_PARENT	
1487	1508	IS_AST_PARENT	
1482	1487	IS_AST_PARENT	
1513	1514	IS_AST_PARENT	
1512	1513	IS_AST_PARENT	
1516	1517	IS_AST_PARENT	
1515	1516	IS_AST_PARENT	
1512	1515	IS_AST_PARENT	
1511	1512	IS_AST_PARENT	
1510	1511	IS_AST_PARENT	
1510	1518	IS_AST_PARENT	
1510	1519	IS_AST_PARENT	
1510	1520	IS_AST_PARENT	
1510	1521	IS_AST_PARENT	
1510	1522	IS_AST_PARENT	
1510	1523	IS_AST_PARENT	
1510	1524	IS_AST_PARENT	
1510	1525	IS_AST_PARENT	
1510	1526	IS_AST_PARENT	
1510	1527	IS_AST_PARENT	
1510	1528	IS_AST_PARENT	
1510	1529	IS_AST_PARENT	
1510	1530	IS_AST_PARENT	
1510	1531	IS_AST_PARENT	
1510	1532	IS_AST_PARENT	
1534	1535	IS_AST_PARENT	
1533	1534	IS_AST_PARENT	
1510	1533	IS_AST_PARENT	
1510	1536	IS_AST_PARENT	
1510	1537	IS_AST_PARENT	
1510	1538	IS_AST_PARENT	
1510	1539	IS_AST_PARENT	
1510	1540	IS_AST_PARENT	
1510	1541	IS_AST_PARENT	
1510	1542	IS_AST_PARENT	
1510	1543	IS_AST_PARENT	
1510	1544	IS_AST_PARENT	
1510	1545	IS_AST_PARENT	
1510	1546	IS_AST_PARENT	
1510	1547	IS_AST_PARENT	
1510	1548	IS_AST_PARENT	
1510	1549	IS_AST_PARENT	
1510	1550	IS_AST_PARENT	
1510	1551	IS_AST_PARENT	
1510	1552	IS_AST_PARENT	
1510	1553	IS_AST_PARENT	
1510	1554	IS_AST_PARENT	
1510	1555	IS_AST_PARENT	
1510	1556	IS_AST_PARENT	
1559	1560	IS_AST_PARENT	
1558	1559	IS_AST_PARENT	
1562	1563	IS_AST_PARENT	
1561	1562	IS_AST_PARENT	
1564	1565	IS_AST_PARENT	
1561	1564	IS_AST_PARENT	
1558	1561	IS_AST_PARENT	
1557	1558	IS_AST_PARENT	
1510	1557	IS_AST_PARENT	
1509	1510	IS_AST_PARENT	
1482	1509	IS_AST_PARENT	
1359	1482	IS_AST_PARENT	
1568	1569	IS_AST_PARENT	
1567	1568	IS_AST_PARENT	
1571	1572	IS_AST_PARENT	
1570	1571	IS_AST_PARENT	
1573	1574	IS_AST_PARENT	
1570	1573	IS_AST_PARENT	
1575	1576	IS_AST_PARENT	
1570	1575	IS_AST_PARENT	
1567	1570	IS_AST_PARENT	
1566	1567	IS_AST_PARENT	
1359	1566	IS_AST_PARENT	
1359	1577	IS_AST_PARENT	
1359	1578	IS_AST_PARENT	
1359	1579	IS_AST_PARENT	
1359	1580	IS_AST_PARENT	
1359	1581	IS_AST_PARENT	
1359	1582	IS_AST_PARENT	
1359	1583	IS_AST_PARENT	
1359	1584	IS_AST_PARENT	
1359	1585	IS_AST_PARENT	
1359	1586	IS_AST_PARENT	
1359	1587	IS_AST_PARENT	
1359	1588	IS_AST_PARENT	
1359	1589	IS_AST_PARENT	
1593	1594	IS_AST_PARENT	
1593	1595	IS_AST_PARENT	
1592	1593	IS_AST_PARENT	
1592	1596	IS_AST_PARENT	
1591	1592	IS_AST_PARENT	
1591	1597	IS_AST_PARENT	
1590	1591	IS_AST_PARENT	
1359	1590	IS_AST_PARENT	
1352	1359	IS_AST_PARENT	
1316	1352	IS_AST_PARENT	
1600	1601	IS_AST_PARENT	
1599	1600	IS_AST_PARENT	
1603	1604	IS_AST_PARENT	
1602	1603	IS_AST_PARENT	
1599	1602	IS_AST_PARENT	
1598	1599	IS_AST_PARENT	
1316	1598	IS_AST_PARENT	
1607	1608	IS_AST_PARENT	
1607	1609	IS_AST_PARENT	
1606	1607	IS_AST_PARENT	
1606	1610	IS_AST_PARENT	
1605	1606	IS_AST_PARENT	
1316	1605	IS_AST_PARENT	
1613	1614	IS_AST_PARENT	
1613	1615	IS_AST_PARENT	
1612	1613	IS_AST_PARENT	
1616	1617	IS_AST_PARENT	
1616	1618	IS_AST_PARENT	
1612	1616	IS_AST_PARENT	
1611	1612	IS_AST_PARENT	
1316	1611	IS_AST_PARENT	
1313	1316	IS_AST_PARENT	
1623	1624	IS_AST_PARENT	
1622	1623	IS_AST_PARENT	
1626	1627	IS_AST_PARENT	
1625	1626	IS_AST_PARENT	
1622	1625	IS_AST_PARENT	
1621	1622	IS_AST_PARENT	
1620	1621	IS_AST_PARENT	
1619	1620	IS_AST_PARENT	
1313	1619	IS_AST_PARENT	
1312	1313	IS_AST_PARENT	
1309	1312	IS_AST_PARENT	
1204	1309	IS_AST_PARENT	
1628	1629	IS_AST_PARENT	
1204	1628	IS_AST_PARENT	
1203	1204	IS_AST_PARENT	
1203	1630	IS_AST_PARENT	
1203	1631	IS_AST_PARENT	
1633	1634	IS_AST_PARENT	
1633	1635	IS_AST_PARENT	
1632	1633	IS_AST_PARENT	
1636	1637	IS_AST_PARENT	
1636	1638	IS_AST_PARENT	
1632	1636	IS_AST_PARENT	
1639	1640	IS_AST_PARENT	
1639	1641	IS_AST_PARENT	
1632	1639	IS_AST_PARENT	
1642	1643	IS_AST_PARENT	
1642	1644	IS_AST_PARENT	
1632	1642	IS_AST_PARENT	
1203	1632	IS_AST_PARENT	
1645	1633	FLOWS_TO	
1633	1636	FLOWS_TO	
1636	1639	FLOWS_TO	
1639	1642	FLOWS_TO	
1642	1205	FLOWS_TO	
1205	1209	FLOWS_TO	
1209	1216	FLOWS_TO	
1241	1216	FLOWS_TO	
1241	1243	FLOWS_TO	
1216	1225	FLOWS_TO	
1216	1240	FLOWS_TO	
1225	1236	FLOWS_TO	
1236	1646	FLOWS_TO	
1240	1241	FLOWS_TO	
1243	1254	FLOWS_TO	
1254	1263	FLOWS_TO	
1254	1268	FLOWS_TO	
1263	1646	FLOWS_TO	
1268	1275	FLOWS_TO	
1268	1282	FLOWS_TO	
1275	1282	FLOWS_TO	
1282	1291	FLOWS_TO	
1291	1298	FLOWS_TO	
1291	1310	FLOWS_TO	
1298	1310	FLOWS_TO	
1310	1314	FLOWS_TO	
1310	1628	FLOWS_TO	
1314	1318	FLOWS_TO	
1314	1621	FLOWS_TO	
1318	1325	FLOWS_TO	
1318	1353	FLOWS_TO	
1325	1336	FLOWS_TO	
1336	1344	FLOWS_TO	
1344	1353	FLOWS_TO	
1353	1360	FLOWS_TO	
1353	1598	FLOWS_TO	
1360	1361	FLOWS_TO	
1361	1362	FLOWS_TO	
1362	1363	FLOWS_TO	
1363	1364	FLOWS_TO	
1364	1373	FLOWS_TO	
1373	1374	FLOWS_TO	
1374	1375	FLOWS_TO	
1375	1381	FLOWS_TO	
1381	1382	FLOWS_TO	
1382	1383	FLOWS_TO	
1383	1389	FLOWS_TO	
1389	1390	FLOWS_TO	
1390	1391	FLOWS_TO	
1391	1397	FLOWS_TO	
1397	1398	FLOWS_TO	
1398	1399	FLOWS_TO	
1399	1400	FLOWS_TO	
1400	1401	FLOWS_TO	
1401	1402	FLOWS_TO	
1402	1403	FLOWS_TO	
1403	1404	FLOWS_TO	
1404	1405	FLOWS_TO	
1405	1406	FLOWS_TO	
1406	1407	FLOWS_TO	
1407	1408	FLOWS_TO	
1408	1409	FLOWS_TO	
1409	1410	FLOWS_TO	
1410	1411	FLOWS_TO	
1411	1412	FLOWS_TO	
1412	1413	FLOWS_TO	
1413	1414	FLOWS_TO	
1414	1415	FLOWS_TO	
1415	1416	FLOWS_TO	
1416	1417	FLOWS_TO	
1417	1418	FLOWS_TO	
1418	1419	FLOWS_TO	
1419	1420	FLOWS_TO	
1420	1421	FLOWS_TO	
1421	1422	FLOWS_TO	
1422	1423	FLOWS_TO	
1423	1424	FLOWS_TO	
1424	1425	FLOWS_TO	
1425	1426	FLOWS_TO	
1426	1427	FLOWS_TO	
1427	1428	FLOWS_TO	
1428	1429	FLOWS_TO	
1429	1430	FLOWS_TO	
1430	1431	FLOWS_TO	
1431	1432	FLOWS_TO	
1432	1433	FLOWS_TO	
1433	1434	FLOWS_TO	
1434	1435	FLOWS_TO	
1435	1436	FLOWS_TO	
1436	1437	FLOWS_TO	
1437	1438	FLOWS_TO	
1438	1439	FLOWS_TO	
1439	1440	FLOWS_TO	
1440	1441	FLOWS_TO	
1441	1442	FLOWS_TO	
1442	1443	FLOWS_TO	
1443	1444	FLOWS_TO	
1444	1446	FLOWS_TO	
1446	1451	FLOWS_TO	
1446	1483	FLOWS_TO	
1451	1452	FLOWS_TO	
1452	1453	FLOWS_TO	
1453	1454	FLOWS_TO	
1454	1455	FLOWS_TO	
1455	1456	FLOWS_TO	
1456	1457	FLOWS_TO	
1457	1458	FLOWS_TO	
1458	1459	FLOWS_TO	
1459	1460	FLOWS_TO	
1460	1461	FLOWS_TO	
1461	1462	FLOWS_TO	
1462	1463	FLOWS_TO	
1463	1464	FLOWS_TO	
1464	1465	FLOWS_TO	
1465	1466	FLOWS_TO	
1466	1467	FLOWS_TO	
1467	1468	FLOWS_TO	
1468	1469	FLOWS_TO	
1469	1470	FLOWS_TO	
1470	1471	FLOWS_TO	
1471	1472	FLOWS_TO	
1472	1473	FLOWS_TO	
1473	1474	FLOWS_TO	
1474	1475	FLOWS_TO	
1475	1476	FLOWS_TO	
1476	1477	FLOWS_TO	
1477	1478	FLOWS_TO	
1478	1479	FLOWS_TO	
1479	1480	FLOWS_TO	
1480	1481	FLOWS_TO	
1481	1483	FLOWS_TO	
1483	1488	FLOWS_TO	
1483	1511	FLOWS_TO	
1488	1489	FLOWS_TO	
1489	1490	FLOWS_TO	
1490	1491	FLOWS_TO	
1491	1492	FLOWS_TO	
1492	1493	FLOWS_TO	
1493	1494	FLOWS_TO	
1494	1495	FLOWS_TO	
1495	1496	FLOWS_TO	
1496	1497	FLOWS_TO	
1497	1498	FLOWS_TO	
1498	1499	FLOWS_TO	
1499	1500	FLOWS_TO	
1500	1501	FLOWS_TO	
1501	1502	FLOWS_TO	
1502	1503	FLOWS_TO	
1503	1504	FLOWS_TO	
1504	1505	FLOWS_TO	
1505	1506	FLOWS_TO	
1506	1507	FLOWS_TO	
1507	1508	FLOWS_TO	
1508	1566	FLOWS_TO	
1511	1518	FLOWS_TO	
1518	1519	FLOWS_TO	
1519	1520	FLOWS_TO	
1520	1521	FLOWS_TO	
1521	1522	FLOWS_TO	
1522	1523	FLOWS_TO	
1523	1524	FLOWS_TO	
1524	1525	FLOWS_TO	
1525	1526	FLOWS_TO	
1526	1527	FLOWS_TO	
1527	1528	FLOWS_TO	
1528	1529	FLOWS_TO	
1529	1530	FLOWS_TO	
1530	1531	FLOWS_TO	
1531	1532	FLOWS_TO	
1532	1534	FLOWS_TO	
1534	1646	FLOWS_TO	
1536	1537	FLOWS_TO	
1537	1538	FLOWS_TO	
1538	1539	FLOWS_TO	
1539	1540	FLOWS_TO	
1540	1541	FLOWS_TO	
1541	1542	FLOWS_TO	
1542	1543	FLOWS_TO	
1543	1544	FLOWS_TO	
1544	1545	FLOWS_TO	
1545	1546	FLOWS_TO	
1546	1547	FLOWS_TO	
1547	1548	FLOWS_TO	
1548	1549	FLOWS_TO	
1549	1550	FLOWS_TO	
1550	1551	FLOWS_TO	
1551	1552	FLOWS_TO	
1552	1553	FLOWS_TO	
1553	1554	FLOWS_TO	
1554	1555	FLOWS_TO	
1555	1556	FLOWS_TO	
1556	1557	FLOWS_TO	
1557	1566	FLOWS_TO	
1566	1577	FLOWS_TO	
1577	1578	FLOWS_TO	
1578	1579	FLOWS_TO	
1579	1580	FLOWS_TO	
1580	1581	FLOWS_TO	
1581	1582	FLOWS_TO	
1582	1583	FLOWS_TO	
1583	1584	FLOWS_TO	
1584	1585	FLOWS_TO	
1585	1586	FLOWS_TO	
1586	1587	FLOWS_TO	
1587	1588	FLOWS_TO	
1588	1589	FLOWS_TO	
1589	1590	FLOWS_TO	
1590	1598	FLOWS_TO	
1598	1605	FLOWS_TO	
1605	1611	FLOWS_TO	
1611	1628	FLOWS_TO	
1621	1628	FLOWS_TO	
1628	1646	FLOWS_TO	
1353	1647	USE	
1364	1647	USE	
1369	1647	USE	
1375	1647	USE	
1376	1647	USE	
1383	1647	USE	
1384	1647	USE	
1391	1647	USE	
1392	1647	USE	
1446	1647	USE	
1483	1647	USE	
1605	1647	USE	
1606	1647	USE	
1605	1647	DEF	
1606	1647	DEF	
1611	1647	DEF	
1612	1647	DEF	
1383	1648	DEF	
1384	1648	DEF	
1446	1649	USE	
1282	1650	USE	
1283	1650	USE	
1590	1650	DEF	
1591	1650	DEF	
1383	1651	USE	
1384	1651	USE	
1318	1652	USE	
1344	1652	DEF	
1345	1652	DEF	
1636	1653	DEF	
1254	1653	USE	
1282	1653	USE	
1285	1653	USE	
1318	1653	USE	
1566	1653	USE	
1575	1653	USE	
1590	1653	USE	
1592	1653	USE	
1353	1654	USE	
1642	1655	DEF	
1291	1655	USE	
1314	1655	USE	
1325	1656	USE	
1330	1656	USE	
1336	1656	DEF	
1337	1656	DEF	
1391	1657	DEF	
1392	1657	DEF	
1639	1658	DEF	
1291	1658	USE	
1310	1658	USE	
1375	1659	DEF	
1376	1659	DEF	
1205	1660	DEF	
1206	1660	DEF	
1282	1660	DEF	
1283	1660	DEF	
1353	1660	USE	
1355	1660	USE	
1364	1660	USE	
1370	1660	USE	
1375	1660	USE	
1378	1660	USE	
1383	1660	USE	
1386	1660	USE	
1391	1660	USE	
1394	1660	USE	
1446	1660	USE	
1447	1660	USE	
1483	1660	USE	
1484	1660	USE	
1511	1660	USE	
1516	1660	USE	
1557	1660	USE	
1562	1660	USE	
1566	1660	USE	
1571	1660	USE	
1590	1660	USE	
1591	1660	USE	
1598	1660	USE	
1603	1660	USE	
1605	1660	USE	
1607	1660	USE	
1611	1660	USE	
1613	1660	USE	
1621	1660	USE	
1626	1660	USE	
1628	1660	USE	
1298	1661	USE	
1305	1661	USE	
1375	1662	USE	
1376	1662	USE	
1209	1663	DEF	
1210	1663	DEF	
1243	1663	DEF	
1244	1663	DEF	
1254	1663	USE	
1225	1664	USE	
1232	1664	USE	
1391	1665	USE	
1392	1665	USE	
1605	1666	USE	
1606	1666	USE	
1605	1666	DEF	
1606	1666	DEF	
1483	1667	USE	
1364	1668	USE	
1369	1668	USE	
1268	1669	USE	
1282	1669	USE	
1285	1669	USE	
1590	1669	USE	
1592	1669	USE	
1282	1670	USE	
1283	1670	USE	
1590	1670	DEF	
1591	1670	DEF	
1243	1671	USE	
1244	1671	USE	
1282	1672	USE	
1283	1672	USE	
1590	1672	DEF	
1591	1672	DEF	
1611	1673	DEF	
1612	1673	DEF	
1633	1674	DEF	
1216	1674	USE	
1243	1674	USE	
1247	1674	USE	
1250	1674	USE	
1268	1674	USE	
1271	1674	USE	
1275	1674	USE	
1280	1674	USE	
1282	1674	USE	
1286	1674	USE	
1318	1674	USE	
1321	1674	USE	
1325	1674	USE	
1331	1674	USE	
1336	1674	USE	
1338	1674	USE	
1344	1674	USE	
1346	1674	USE	
1566	1674	USE	
1573	1674	USE	
1590	1674	USE	
1593	1674	USE	
1243	1675	USE	
1244	1675	USE	
1268	1675	USE	
1282	1675	USE	
1285	1675	USE	
1318	1675	USE	
1325	1675	USE	
1330	1675	USE	
1336	1675	DEF	
1337	1675	DEF	
1344	1675	DEF	
1345	1675	DEF	
1590	1675	USE	
1592	1675	USE	
1243	1676	USE	
1244	1676	USE	
1636	1254	REACHES	tile_num
1636	1282	REACHES	tile_num
1636	1318	REACHES	tile_num
1636	1566	REACHES	tile_num
1636	1590	REACHES	tile_num
1642	1291	REACHES	wantwrite
1642	1314	REACHES	wantwrite
1639	1291	REACHES	wantread
1639	1310	REACHES	wantread
1282	1391	REACHES	tile
1282	1364	REACHES	tile
1282	1353	REACHES	tile
1282	1621	REACHES	tile
1282	1598	REACHES	tile
1282	1611	REACHES	tile
1282	1375	REACHES	tile
1282	1590	REACHES	tile
1282	1383	REACHES	tile
1282	1628	REACHES	tile
1282	1446	REACHES	tile
1282	1483	REACHES	tile
1282	1511	REACHES	tile
1282	1566	REACHES	tile
1282	1605	REACHES	tile
1243	1254	REACHES	ntiles
1590	1646	REACHES	* tile_num
1633	1275	REACHES	tm
1633	1216	REACHES	tm
1633	1243	REACHES	tm
1633	1268	REACHES	tm
1633	1282	REACHES	tm
1633	1318	REACHES	tm
1633	1325	REACHES	tm
1633	1590	REACHES	tm
1633	1336	REACHES	tm
1633	1344	REACHES	tm
1633	1566	REACHES	tm
1344	1646	REACHES	* tm
1344	1590	REACHES	* tm
1645	1633	CONTROLS	
1645	1636	CONTROLS	
1645	1639	CONTROLS	
1645	1642	CONTROLS	
1645	1205	CONTROLS	
1645	1209	CONTROLS	
1645	1216	CONTROLS	
1241	1216	CONTROLS	
1241	1243	CONTROLS	
1241	1254	CONTROLS	
1216	1225	CONTROLS	
1216	1236	CONTROLS	
1216	1240	CONTROLS	
1216	1241	CONTROLS	
1254	1263	CONTROLS	
1254	1268	CONTROLS	
1254	1282	CONTROLS	
1254	1291	CONTROLS	
1254	1310	CONTROLS	
1268	1275	CONTROLS	
1291	1298	CONTROLS	
1310	1314	CONTROLS	
1310	1628	CONTROLS	
1314	1318	CONTROLS	
1314	1353	CONTROLS	
1314	1621	CONTROLS	
1314	1628	CONTROLS	
1318	1325	CONTROLS	
1318	1336	CONTROLS	
1318	1344	CONTROLS	
1353	1360	CONTROLS	
1353	1361	CONTROLS	
1353	1362	CONTROLS	
1353	1363	CONTROLS	
1353	1364	CONTROLS	
1353	1373	CONTROLS	
1353	1374	CONTROLS	
1353	1375	CONTROLS	
1353	1381	CONTROLS	
1353	1382	CONTROLS	
1353	1383	CONTROLS	
1353	1389	CONTROLS	
1353	1390	CONTROLS	
1353	1391	CONTROLS	
1353	1397	CONTROLS	
1353	1398	CONTROLS	
1353	1399	CONTROLS	
1353	1400	CONTROLS	
1353	1401	CONTROLS	
1353	1402	CONTROLS	
1353	1403	CONTROLS	
1353	1404	CONTROLS	
1353	1405	CONTROLS	
1353	1406	CONTROLS	
1353	1407	CONTROLS	
1353	1408	CONTROLS	
1353	1409	CONTROLS	
1353	1410	CONTROLS	
1353	1411	CONTROLS	
1353	1412	CONTROLS	
1353	1413	CONTROLS	
1353	1414	CONTROLS	
1353	1415	CONTROLS	
1353	1416	CONTROLS	
1353	1417	CONTROLS	
1353	1418	CONTROLS	
1353	1419	CONTROLS	
1353	1420	CONTROLS	
1353	1421	CONTROLS	
1353	1422	CONTROLS	
1353	1423	CONTROLS	
1353	1424	CONTROLS	
1353	1425	CONTROLS	
1353	1426	CONTROLS	
1353	1427	CONTROLS	
1353	1428	CONTROLS	
1353	1429	CONTROLS	
1353	1430	CONTROLS	
1353	1431	CONTROLS	
1353	1432	CONTROLS	
1353	1433	CONTROLS	
1353	1434	CONTROLS	
1353	1435	CONTROLS	
1353	1436	CONTROLS	
1353	1437	CONTROLS	
1353	1438	CONTROLS	
1353	1439	CONTROLS	
1353	1440	CONTROLS	
1353	1441	CONTROLS	
1353	1442	CONTROLS	
1353	1443	CONTROLS	
1353	1444	CONTROLS	
1353	1446	CONTROLS	
1353	1483	CONTROLS	
1353	1598	CONTROLS	
1353	1605	CONTROLS	
1353	1611	CONTROLS	
1353	1628	CONTROLS	
1446	1451	CONTROLS	
1446	1452	CONTROLS	
1446	1453	CONTROLS	
1446	1454	CONTROLS	
1446	1455	CONTROLS	
1446	1456	CONTROLS	
1446	1457	CONTROLS	
1446	1458	CONTROLS	
1446	1459	CONTROLS	
1446	1460	CONTROLS	
1446	1461	CONTROLS	
1446	1462	CONTROLS	
1446	1463	CONTROLS	
1446	1464	CONTROLS	
1446	1465	CONTROLS	
1446	1466	CONTROLS	
1446	1467	CONTROLS	
1446	1468	CONTROLS	
1446	1469	CONTROLS	
1446	1470	CONTROLS	
1446	1471	CONTROLS	
1446	1472	CONTROLS	
1446	1473	CONTROLS	
1446	1474	CONTROLS	
1446	1475	CONTROLS	
1446	1476	CONTROLS	
1446	1477	CONTROLS	
1446	1478	CONTROLS	
1446	1479	CONTROLS	
1446	1480	CONTROLS	
1446	1481	CONTROLS	
1483	1488	CONTROLS	
1483	1489	CONTROLS	
1483	1490	CONTROLS	
1483	1491	CONTROLS	
1483	1492	CONTROLS	
1483	1493	CONTROLS	
1483	1494	CONTROLS	
1483	1495	CONTROLS	
1483	1496	CONTROLS	
1483	1497	CONTROLS	
1483	1498	CONTROLS	
1483	1499	CONTROLS	
1483	1500	CONTROLS	
1483	1501	CONTROLS	
1483	1502	CONTROLS	
1483	1503	CONTROLS	
1483	1504	CONTROLS	
1483	1505	CONTROLS	
1483	1506	CONTROLS	
1483	1507	CONTROLS	
1483	1508	CONTROLS	
1483	1566	CONTROLS	
1483	1577	CONTROLS	
1483	1578	CONTROLS	
1483	1579	CONTROLS	
1483	1580	CONTROLS	
1483	1581	CONTROLS	
1483	1582	CONTROLS	
1483	1583	CONTROLS	
1483	1584	CONTROLS	
1483	1585	CONTROLS	
1483	1586	CONTROLS	
1483	1587	CONTROLS	
1483	1588	CONTROLS	
1483	1589	CONTROLS	
1483	1590	CONTROLS	
1483	1598	CONTROLS	
1483	1605	CONTROLS	
1483	1611	CONTROLS	
1483	1628	CONTROLS	
1483	1511	CONTROLS	
1483	1518	CONTROLS	
1483	1519	CONTROLS	
1483	1520	CONTROLS	
1483	1521	CONTROLS	
1483	1522	CONTROLS	
1483	1523	CONTROLS	
1483	1524	CONTROLS	
1483	1525	CONTROLS	
1483	1526	CONTROLS	
1483	1527	CONTROLS	
1483	1528	CONTROLS	
1483	1529	CONTROLS	
1483	1530	CONTROLS	
1483	1531	CONTROLS	
1483	1532	CONTROLS	
1483	1534	CONTROLS	
1310	1314	DOM	
1400	1401	DOM	
1520	1521	DOM	
1205	1209	DOM	
1598	1605	DOM	
1268	1282	DOM	
1409	1410	DOM	
1421	1422	DOM	
1399	1400	DOM	
1243	1254	DOM	
1436	1437	DOM	
1463	1464	DOM	
1446	1483	DOM	
1642	1205	DOM	
1461	1462	DOM	
1209	1216	DOM	
1375	1381	DOM	
1459	1460	DOM	
1452	1453	DOM	
1500	1501	DOM	
1382	1383	DOM	
1403	1404	DOM	
1435	1436	DOM	
1460	1461	DOM	
1407	1408	DOM	
1439	1440	DOM	
1446	1451	DOM	
1522	1523	DOM	
1456	1457	DOM	
1505	1506	DOM	
1383	1389	DOM	
1318	1353	DOM	
1585	1586	DOM	
1476	1477	DOM	
1373	1374	DOM	
1254	1268	DOM	
1467	1468	DOM	
1504	1505	DOM	
1433	1434	DOM	
1528	1529	DOM	
1381	1382	DOM	
1466	1467	DOM	
1413	1414	DOM	
1427	1428	DOM	
1588	1589	DOM	
1468	1469	DOM	
1454	1455	DOM	
1410	1411	DOM	
1241	1243	DOM	
1391	1397	DOM	
1586	1587	DOM	
1523	1524	DOM	
1411	1412	DOM	
1412	1413	DOM	
1458	1459	DOM	
1479	1480	DOM	
1605	1611	DOM	
1443	1444	DOM	
1291	1310	DOM	
1580	1581	DOM	
1502	1503	DOM	
1216	1225	DOM	
1506	1507	DOM	
1408	1409	DOM	
1469	1470	DOM	
1483	1511	DOM	
1465	1466	DOM	
1566	1577	DOM	
1254	1263	DOM	
1477	1478	DOM	
1475	1476	DOM	
1587	1588	DOM	
1508	1566	DOM	
1336	1344	DOM	
1518	1519	DOM	
1491	1492	DOM	
1589	1590	DOM	
1390	1391	DOM	
1360	1361	DOM	
1501	1502	DOM	
1495	1496	DOM	
1397	1398	DOM	
1511	1518	DOM	
1532	1534	DOM	
1472	1473	DOM	
1633	1636	DOM	
1496	1497	DOM	
1314	1318	DOM	
1414	1415	DOM	
1489	1490	DOM	
1583	1584	DOM	
1455	1456	DOM	
1521	1522	DOM	
1420	1421	DOM	
1422	1423	DOM	
1362	1363	DOM	
1582	1583	DOM	
1425	1426	DOM	
1478	1479	DOM	
1584	1585	DOM	
1519	1520	DOM	
1434	1435	DOM	
1314	1621	DOM	
1438	1439	DOM	
1441	1442	DOM	
1578	1579	DOM	
1490	1491	DOM	
1577	1578	DOM	
1645	1645	DOM	
1503	1504	DOM	
1325	1336	DOM	
1493	1494	DOM	
1389	1390	DOM	
1639	1642	DOM	
1451	1452	DOM	
1318	1325	DOM	
1462	1463	DOM	
1474	1475	DOM	
1417	1418	DOM	
1498	1499	DOM	
1437	1438	DOM	
1402	1403	DOM	
1268	1275	DOM	
1423	1424	DOM	
1428	1429	DOM	
1636	1639	DOM	
1401	1402	DOM	
1424	1425	DOM	
1440	1441	DOM	
1353	1598	DOM	
1419	1420	DOM	
1492	1493	DOM	
1415	1416	DOM	
1488	1489	DOM	
1526	1527	DOM	
1404	1405	DOM	
1426	1427	DOM	
1581	1582	DOM	
1418	1419	DOM	
1470	1471	DOM	
1480	1481	DOM	
1310	1628	DOM	
1531	1532	DOM	
1530	1531	DOM	
1444	1446	DOM	
1471	1472	DOM	
1497	1498	DOM	
1499	1500	DOM	
1416	1417	DOM	
1432	1433	DOM	
1524	1525	DOM	
1579	1580	DOM	
1429	1430	DOM	
1282	1291	DOM	
1431	1432	DOM	
1363	1364	DOM	
1364	1373	DOM	
1398	1399	DOM	
1216	1240	DOM	
1430	1431	DOM	
1453	1454	DOM	
1216	1646	DOM	
1225	1236	DOM	
1405	1406	DOM	
1442	1443	DOM	
1361	1362	DOM	
1464	1465	DOM	
1473	1474	DOM	
1240	1241	DOM	
1353	1360	DOM	
1525	1526	DOM	
1507	1508	DOM	
1527	1528	DOM	
1483	1488	DOM	
1494	1495	DOM	
1529	1530	DOM	
1645	1633	DOM	
1291	1298	DOM	
1457	1458	DOM	
1374	1375	DOM	
1406	1407	DOM	
1545	1544	POST_DOM	
1522	1521	POST_DOM	
1411	1410	POST_DOM	
1551	1550	POST_DOM	
1423	1422	POST_DOM	
1438	1437	POST_DOM	
1465	1464	POST_DOM	
1209	1205	POST_DOM	
1463	1462	POST_DOM	
1382	1381	POST_DOM	
1461	1460	POST_DOM	
1502	1501	POST_DOM	
1462	1461	POST_DOM	
1441	1440	POST_DOM	
1409	1408	POST_DOM	
1452	1451	POST_DOM	
1507	1506	POST_DOM	
1390	1389	POST_DOM	
1646	1353	POST_DOM	
1556	1555	POST_DOM	
1282	1268	POST_DOM	
1530	1529	POST_DOM	
1468	1467	POST_DOM	
1429	1428	POST_DOM	
1590	1589	POST_DOM	
1470	1469	POST_DOM	
1412	1411	POST_DOM	
1539	1538	POST_DOM	
1398	1397	POST_DOM	
1588	1587	POST_DOM	
1547	1546	POST_DOM	
1628	1611	POST_DOM	
1446	1444	POST_DOM	
1582	1581	POST_DOM	
1504	1503	POST_DOM	
1410	1409	POST_DOM	
1578	1577	POST_DOM	
1646	1263	POST_DOM	
1589	1588	POST_DOM	
1553	1552	POST_DOM	
1353	1344	POST_DOM	
1520	1519	POST_DOM	
1503	1502	POST_DOM	
1497	1496	POST_DOM	
1399	1398	POST_DOM	
1646	1534	POST_DOM	
1639	1636	POST_DOM	
1416	1415	POST_DOM	
1424	1423	POST_DOM	
1364	1363	POST_DOM	
1521	1520	POST_DOM	
1586	1585	POST_DOM	
1436	1435	POST_DOM	
1443	1442	POST_DOM	
1579	1578	POST_DOM	
1633	1645	POST_DOM	
1505	1504	POST_DOM	
1344	1336	POST_DOM	
1538	1537	POST_DOM	
1464	1463	POST_DOM	
1500	1499	POST_DOM	
1439	1438	POST_DOM	
1548	1547	POST_DOM	
1550	1549	POST_DOM	
1425	1424	POST_DOM	
1442	1441	POST_DOM	
1426	1425	POST_DOM	
1417	1416	POST_DOM	
1406	1405	POST_DOM	
1583	1582	POST_DOM	
1420	1419	POST_DOM	
1472	1471	POST_DOM	
1534	1532	POST_DOM	
1483	1446	POST_DOM	
1473	1472	POST_DOM	
1418	1417	POST_DOM	
1526	1525	POST_DOM	
1431	1430	POST_DOM	
1400	1399	POST_DOM	
1549	1548	POST_DOM	
1455	1454	POST_DOM	
1646	1236	POST_DOM	
1363	1362	POST_DOM	
1466	1465	POST_DOM	
1475	1474	POST_DOM	
1646	1241	POST_DOM	
1566	1508	POST_DOM	
1496	1495	POST_DOM	
1489	1488	POST_DOM	
1540	1539	POST_DOM	
1531	1530	POST_DOM	
1402	1401	POST_DOM	
1646	1314	POST_DOM	
1216	1209	POST_DOM	
1611	1605	POST_DOM	
1291	1282	POST_DOM	
1401	1400	POST_DOM	
1646	1254	POST_DOM	
1646	1483	POST_DOM	
1646	1216	POST_DOM	
1554	1553	POST_DOM	
1454	1453	POST_DOM	
1557	1556	POST_DOM	
1437	1436	POST_DOM	
1405	1404	POST_DOM	
1389	1383	POST_DOM	
1524	1523	POST_DOM	
1458	1457	POST_DOM	
1587	1586	POST_DOM	
1478	1477	POST_DOM	
1375	1374	POST_DOM	
1537	1536	POST_DOM	
1469	1468	POST_DOM	
1506	1505	POST_DOM	
1435	1434	POST_DOM	
1383	1382	POST_DOM	
1415	1414	POST_DOM	
1456	1455	POST_DOM	
1254	1243	POST_DOM	
1546	1545	POST_DOM	
1543	1542	POST_DOM	
1525	1524	POST_DOM	
1414	1413	POST_DOM	
1413	1412	POST_DOM	
1481	1480	POST_DOM	
1460	1459	POST_DOM	
1542	1541	POST_DOM	
1646	1310	POST_DOM	
1236	1225	POST_DOM	
1508	1507	POST_DOM	
1518	1511	POST_DOM	
1471	1470	POST_DOM	
1467	1466	POST_DOM	
1479	1478	POST_DOM	
1477	1476	POST_DOM	
1577	1566	POST_DOM	
1552	1551	POST_DOM	
1541	1540	POST_DOM	
1493	1492	POST_DOM	
1555	1554	POST_DOM	
1598	1590	POST_DOM	
1397	1391	POST_DOM	
1362	1361	POST_DOM	
1519	1518	POST_DOM	
1474	1473	POST_DOM	
1498	1497	POST_DOM	
1353	1318	POST_DOM	
1491	1490	POST_DOM	
1585	1584	POST_DOM	
1523	1522	POST_DOM	
1457	1456	POST_DOM	
1422	1421	POST_DOM	
1584	1583	POST_DOM	
1427	1426	POST_DOM	
1480	1479	POST_DOM	
1544	1543	POST_DOM	
1628	1621	POST_DOM	
1440	1439	POST_DOM	
1580	1579	POST_DOM	
1492	1491	POST_DOM	
1566	1557	POST_DOM	
1495	1494	POST_DOM	
1391	1390	POST_DOM	
1205	1642	POST_DOM	
1453	1452	POST_DOM	
1336	1325	POST_DOM	
1476	1475	POST_DOM	
1419	1418	POST_DOM	
1404	1403	POST_DOM	
1282	1275	POST_DOM	
1430	1429	POST_DOM	
1642	1639	POST_DOM	
1403	1402	POST_DOM	
1605	1598	POST_DOM	
1421	1420	POST_DOM	
1494	1493	POST_DOM	
1528	1527	POST_DOM	
1490	1489	POST_DOM	
1428	1427	POST_DOM	
1483	1481	POST_DOM	
1646	1628	POST_DOM	
1532	1531	POST_DOM	
1499	1498	POST_DOM	
1501	1500	POST_DOM	
1434	1433	POST_DOM	
1581	1580	POST_DOM	
1310	1291	POST_DOM	
1433	1432	POST_DOM	
1374	1373	POST_DOM	
1373	1364	POST_DOM	
1241	1240	POST_DOM	
1432	1431	POST_DOM	
1646	1646	POST_DOM	
1407	1406	POST_DOM	
1444	1443	POST_DOM	
1527	1526	POST_DOM	
1361	1360	POST_DOM	
1529	1528	POST_DOM	
1636	1633	POST_DOM	
1310	1298	POST_DOM	
1459	1458	POST_DOM	
1381	1375	POST_DOM	
1408	1407	POST_DOM	
1202	1203	IS_FUNCTION_OF_AST	
1202	1645	IS_FUNCTION_OF_CFG	
1	1202	IS_FILE_OF	
1684	1685	IS_AST_PARENT	
1686	1687	IS_AST_PARENT	
1686	1688	IS_AST_PARENT	
1684	1686	IS_AST_PARENT	
1683	1684	IS_AST_PARENT	
1682	1683	IS_AST_PARENT	
1682	1689	IS_AST_PARENT	
1694	1695	IS_AST_PARENT	
1693	1694	IS_AST_PARENT	
1697	1698	IS_AST_PARENT	
1696	1697	IS_AST_PARENT	
1699	1700	IS_AST_PARENT	
1696	1699	IS_AST_PARENT	
1701	1702	IS_AST_PARENT	
1696	1701	IS_AST_PARENT	
1693	1696	IS_AST_PARENT	
1692	1693	IS_AST_PARENT	
1691	1692	IS_AST_PARENT	
1704	1705	IS_AST_PARENT	
1704	1706	IS_AST_PARENT	
1703	1704	IS_AST_PARENT	
1691	1703	IS_AST_PARENT	
1690	1691	IS_AST_PARENT	
1682	1690	IS_AST_PARENT	
1681	1682	IS_AST_PARENT	
1681	1707	IS_AST_PARENT	
1680	1681	IS_AST_PARENT	
1708	1709	IS_AST_PARENT	
1680	1708	IS_AST_PARENT	
1679	1680	IS_AST_PARENT	
1713	1714	IS_AST_PARENT	
1713	1715	IS_AST_PARENT	
1712	1713	IS_AST_PARENT	
1717	1718	IS_AST_PARENT	
1719	1720	IS_AST_PARENT	
1719	1721	IS_AST_PARENT	
1717	1719	IS_AST_PARENT	
1716	1717	IS_AST_PARENT	
1723	1724	IS_AST_PARENT	
1723	1725	IS_AST_PARENT	
1722	1723	IS_AST_PARENT	
1726	1727	IS_AST_PARENT	
1728	1729	IS_AST_PARENT	
1728	1730	IS_AST_PARENT	
1726	1728	IS_AST_PARENT	
1722	1726	IS_AST_PARENT	
1716	1722	IS_AST_PARENT	
1712	1716	IS_AST_PARENT	
1711	1712	IS_AST_PARENT	
1710	1711	IS_AST_PARENT	
1733	1734	IS_AST_PARENT	
1733	1735	IS_AST_PARENT	
1732	1733	IS_AST_PARENT	
1731	1732	IS_AST_PARENT	
1710	1731	IS_AST_PARENT	
1679	1710	IS_AST_PARENT	
1738	1739	IS_AST_PARENT	
1737	1738	IS_AST_PARENT	
1741	1742	IS_AST_PARENT	
1740	1741	IS_AST_PARENT	
1745	1746	IS_AST_PARENT	
1747	1748	IS_AST_PARENT	
1747	1749	IS_AST_PARENT	
1745	1747	IS_AST_PARENT	
1744	1745	IS_AST_PARENT	
1744	1750	IS_AST_PARENT	
1743	1744	IS_AST_PARENT	
1740	1743	IS_AST_PARENT	
1751	1752	IS_AST_PARENT	
1740	1751	IS_AST_PARENT	
1753	1754	IS_AST_PARENT	
1740	1753	IS_AST_PARENT	
1737	1740	IS_AST_PARENT	
1736	1737	IS_AST_PARENT	
1679	1736	IS_AST_PARENT	
1678	1679	IS_AST_PARENT	
1678	1755	IS_AST_PARENT	
1678	1756	IS_AST_PARENT	
1758	1759	IS_AST_PARENT	
1758	1760	IS_AST_PARENT	
1757	1758	IS_AST_PARENT	
1761	1762	IS_AST_PARENT	
1761	1763	IS_AST_PARENT	
1757	1761	IS_AST_PARENT	
1764	1765	IS_AST_PARENT	
1764	1766	IS_AST_PARENT	
1757	1764	IS_AST_PARENT	
1767	1768	IS_AST_PARENT	
1767	1769	IS_AST_PARENT	
1757	1767	IS_AST_PARENT	
1770	1771	IS_AST_PARENT	
1770	1772	IS_AST_PARENT	
1757	1770	IS_AST_PARENT	
1678	1757	IS_AST_PARENT	
1773	1758	FLOWS_TO	
1758	1761	FLOWS_TO	
1761	1764	FLOWS_TO	
1764	1767	FLOWS_TO	
1767	1770	FLOWS_TO	
1770	1683	FLOWS_TO	
1708	1683	FLOWS_TO	
1708	1711	FLOWS_TO	
1683	1692	FLOWS_TO	
1683	1707	FLOWS_TO	
1692	1703	FLOWS_TO	
1703	1774	FLOWS_TO	
1707	1708	FLOWS_TO	
1711	1732	FLOWS_TO	
1711	1736	FLOWS_TO	
1732	1774	FLOWS_TO	
1736	1774	FLOWS_TO	
1692	1775	USE	
1699	1775	USE	
1736	1776	USE	
1761	1777	DEF	
1711	1777	USE	
1736	1777	USE	
1743	1777	USE	
1767	1778	DEF	
1736	1778	USE	
1751	1778	USE	
1764	1779	DEF	
1711	1779	USE	
1736	1779	USE	
1743	1779	USE	
1758	1780	DEF	
1683	1780	USE	
1711	1780	USE	
1728	1780	USE	
1719	1780	USE	
1736	1780	USE	
1747	1780	USE	
1741	1780	USE	
1770	1781	DEF	
1736	1781	USE	
1753	1781	USE	
1711	1782	USE	
1736	1782	USE	
1743	1782	USE	
1711	1783	USE	
1736	1783	USE	
1743	1783	USE	
1711	1784	USE	
1761	1711	REACHES	tile_col
1761	1736	REACHES	tile_col
1767	1736	REACHES	wantread
1764	1711	REACHES	tile_row
1764	1736	REACHES	tile_row
1758	1683	REACHES	tm
1758	1711	REACHES	tm
1758	1736	REACHES	tm
1770	1736	REACHES	wantwrite
1773	1758	CONTROLS	
1773	1761	CONTROLS	
1773	1764	CONTROLS	
1773	1767	CONTROLS	
1773	1770	CONTROLS	
1773	1683	CONTROLS	
1708	1683	CONTROLS	
1708	1711	CONTROLS	
1683	1692	CONTROLS	
1683	1703	CONTROLS	
1683	1707	CONTROLS	
1683	1708	CONTROLS	
1711	1732	CONTROLS	
1711	1736	CONTROLS	
1758	1761	DOM	
1773	1773	DOM	
1773	1758	DOM	
1692	1703	DOM	
1708	1711	DOM	
1711	1732	DOM	
1711	1736	DOM	
1683	1774	DOM	
1767	1770	DOM	
1764	1767	DOM	
1770	1683	DOM	
1683	1692	DOM	
1761	1764	DOM	
1683	1707	DOM	
1707	1708	DOM	
1764	1761	POST_DOM	
1774	1703	POST_DOM	
1761	1758	POST_DOM	
1758	1773	POST_DOM	
1774	1711	POST_DOM	
1774	1732	POST_DOM	
1774	1736	POST_DOM	
1774	1774	POST_DOM	
1683	1770	POST_DOM	
1770	1767	POST_DOM	
1774	1683	POST_DOM	
1703	1692	POST_DOM	
1767	1764	POST_DOM	
1708	1707	POST_DOM	
1774	1708	POST_DOM	
1677	1678	IS_FUNCTION_OF_AST	
1677	1773	IS_FUNCTION_OF_CFG	
1	1677	IS_FILE_OF	
1792	1793	IS_AST_PARENT	
1794	1795	IS_AST_PARENT	
1794	1796	IS_AST_PARENT	
1792	1794	IS_AST_PARENT	
1791	1792	IS_AST_PARENT	
1790	1791	IS_AST_PARENT	
1790	1797	IS_AST_PARENT	
1802	1803	IS_AST_PARENT	
1801	1802	IS_AST_PARENT	
1805	1806	IS_AST_PARENT	
1804	1805	IS_AST_PARENT	
1807	1808	IS_AST_PARENT	
1804	1807	IS_AST_PARENT	
1809	1810	IS_AST_PARENT	
1804	1809	IS_AST_PARENT	
1801	1804	IS_AST_PARENT	
1800	1801	IS_AST_PARENT	
1799	1800	IS_AST_PARENT	
1799	1811	IS_AST_PARENT	
1798	1799	IS_AST_PARENT	
1790	1798	IS_AST_PARENT	
1789	1790	IS_AST_PARENT	
1789	1812	IS_AST_PARENT	
1788	1789	IS_AST_PARENT	
1813	1814	IS_AST_PARENT	
1788	1813	IS_AST_PARENT	
1787	1788	IS_AST_PARENT	
1819	1820	IS_AST_PARENT	
1821	1822	IS_AST_PARENT	
1821	1823	IS_AST_PARENT	
1819	1821	IS_AST_PARENT	
1818	1819	IS_AST_PARENT	
1817	1818	IS_AST_PARENT	
1817	1824	IS_AST_PARENT	
1829	1830	IS_AST_PARENT	
1828	1829	IS_AST_PARENT	
1832	1833	IS_AST_PARENT	
1831	1832	IS_AST_PARENT	
1834	1835	IS_AST_PARENT	
1831	1834	IS_AST_PARENT	
1836	1837	IS_AST_PARENT	
1831	1836	IS_AST_PARENT	
1828	1831	IS_AST_PARENT	
1827	1828	IS_AST_PARENT	
1826	1827	IS_AST_PARENT	
1826	1838	IS_AST_PARENT	
1825	1826	IS_AST_PARENT	
1817	1825	IS_AST_PARENT	
1816	1817	IS_AST_PARENT	
1816	1839	IS_AST_PARENT	
1815	1816	IS_AST_PARENT	
1840	1841	IS_AST_PARENT	
1815	1840	IS_AST_PARENT	
1787	1815	IS_AST_PARENT	
1844	1845	IS_AST_PARENT	
1844	1846	IS_AST_PARENT	
1843	1844	IS_AST_PARENT	
1847	1848	IS_AST_PARENT	
1847	1849	IS_AST_PARENT	
1843	1847	IS_AST_PARENT	
1842	1843	IS_AST_PARENT	
1787	1842	IS_AST_PARENT	
1852	1853	IS_AST_PARENT	
1852	1854	IS_AST_PARENT	
1851	1852	IS_AST_PARENT	
1850	1851	IS_AST_PARENT	
1859	1860	IS_AST_PARENT	
1861	1862	IS_AST_PARENT	
1861	1863	IS_AST_PARENT	
1859	1861	IS_AST_PARENT	
1858	1859	IS_AST_PARENT	
1857	1858	IS_AST_PARENT	
1865	1866	IS_AST_PARENT	
1864	1865	IS_AST_PARENT	
1867	1868	IS_AST_PARENT	
1864	1867	IS_AST_PARENT	
1870	1871	IS_AST_PARENT	
1870	1872	IS_AST_PARENT	
1869	1870	IS_AST_PARENT	
1864	1869	IS_AST_PARENT	
1857	1864	IS_AST_PARENT	
1856	1857	IS_AST_PARENT	
1855	1856	IS_AST_PARENT	
1876	1877	IS_AST_PARENT	
1879	1880	IS_AST_PARENT	
1878	1879	IS_AST_PARENT	
1882	1883	IS_AST_PARENT	
1881	1882	IS_AST_PARENT	
1878	1881	IS_AST_PARENT	
1876	1878	IS_AST_PARENT	
1875	1876	IS_AST_PARENT	
1875	1884	IS_AST_PARENT	
1874	1875	IS_AST_PARENT	
1873	1874	IS_AST_PARENT	
1886	1887	IS_AST_PARENT	
1885	1886	IS_AST_PARENT	
1873	1885	IS_AST_PARENT	
1855	1873	IS_AST_PARENT	
1850	1855	IS_AST_PARENT	
1892	1893	IS_AST_PARENT	
1891	1892	IS_AST_PARENT	
1896	1897	IS_AST_PARENT	
1896	1898	IS_AST_PARENT	
1895	1896	IS_AST_PARENT	
1894	1895	IS_AST_PARENT	
1899	1900	IS_AST_PARENT	
1894	1899	IS_AST_PARENT	
1903	1904	IS_AST_PARENT	
1902	1903	IS_AST_PARENT	
1906	1907	IS_AST_PARENT	
1905	1906	IS_AST_PARENT	
1902	1905	IS_AST_PARENT	
1901	1902	IS_AST_PARENT	
1894	1901	IS_AST_PARENT	
1891	1894	IS_AST_PARENT	
1890	1891	IS_AST_PARENT	
1889	1890	IS_AST_PARENT	
1888	1889	IS_AST_PARENT	
1850	1888	IS_AST_PARENT	
1787	1850	IS_AST_PARENT	
1786	1787	IS_AST_PARENT	
1786	1908	IS_AST_PARENT	
1786	1909	IS_AST_PARENT	
1911	1912	IS_AST_PARENT	
1911	1913	IS_AST_PARENT	
1910	1911	IS_AST_PARENT	
1914	1915	IS_AST_PARENT	
1914	1916	IS_AST_PARENT	
1910	1914	IS_AST_PARENT	
1786	1910	IS_AST_PARENT	
1917	1911	FLOWS_TO	
1911	1914	FLOWS_TO	
1914	1791	FLOWS_TO	
1813	1791	FLOWS_TO	
1813	1818	FLOWS_TO	
1791	1800	FLOWS_TO	
1791	1812	FLOWS_TO	
1800	1811	FLOWS_TO	
1811	1918	FLOWS_TO	
1812	1813	FLOWS_TO	
1840	1818	FLOWS_TO	
1840	1842	FLOWS_TO	
1818	1827	FLOWS_TO	
1818	1839	FLOWS_TO	
1827	1838	FLOWS_TO	
1838	1918	FLOWS_TO	
1839	1840	FLOWS_TO	
1842	1851	FLOWS_TO	
1851	1856	FLOWS_TO	
1851	1890	FLOWS_TO	
1856	1874	FLOWS_TO	
1874	1886	FLOWS_TO	
1874	1918	FLOWS_TO	
1886	1918	FLOWS_TO	
1890	1918	FLOWS_TO	
1842	1919	DEF	
1843	1919	DEF	
1890	1919	USE	
1895	1919	USE	
1800	1920	USE	
1807	1920	USE	
1827	1920	USE	
1834	1920	USE	
1851	1921	USE	
1856	1921	USE	
1859	1921	USE	
1842	1922	DEF	
1843	1922	DEF	
1890	1923	USE	
1895	1923	USE	
1914	1924	DEF	
1818	1924	USE	
1842	1924	USE	
1844	1924	USE	
1856	1924	USE	
1867	1924	USE	
1874	1924	USE	
1882	1924	USE	
1890	1924	USE	
1906	1924	USE	
1896	1924	USE	
1911	1925	DEF	
1791	1925	USE	
1851	1925	USE	
1852	1925	USE	
1856	1925	USE	
1865	1925	USE	
1861	1925	USE	
1870	1925	USE	
1856	1926	USE	
1869	1926	USE	
1874	1927	USE	
1890	1927	USE	
1901	1927	USE	
1851	1928	USE	
1856	1928	USE	
1869	1928	USE	
1859	1928	USE	
1842	1918	REACHES	* tile
1842	1890	REACHES	* tile
1914	1818	REACHES	tile
1914	1842	REACHES	tile
1914	1856	REACHES	tile
1914	1874	REACHES	tile
1914	1890	REACHES	tile
1911	1791	REACHES	tm
1911	1851	REACHES	tm
1911	1856	REACHES	tm
1917	1911	CONTROLS	
1917	1914	CONTROLS	
1917	1791	CONTROLS	
1813	1791	CONTROLS	
1813	1818	CONTROLS	
1791	1800	CONTROLS	
1791	1811	CONTROLS	
1791	1812	CONTROLS	
1791	1813	CONTROLS	
1840	1818	CONTROLS	
1840	1842	CONTROLS	
1840	1851	CONTROLS	
1818	1827	CONTROLS	
1818	1838	CONTROLS	
1818	1839	CONTROLS	
1818	1840	CONTROLS	
1851	1856	CONTROLS	
1851	1874	CONTROLS	
1851	1890	CONTROLS	
1874	1886	CONTROLS	
1813	1818	DOM	
1791	1812	DOM	
1840	1842	DOM	
1914	1791	DOM	
1812	1813	DOM	
1842	1851	DOM	
1800	1811	DOM	
1911	1914	DOM	
1917	1917	DOM	
1791	1800	DOM	
1818	1839	DOM	
1827	1838	DOM	
1917	1911	DOM	
1851	1856	DOM	
1791	1918	DOM	
1851	1890	DOM	
1818	1827	DOM	
1856	1874	DOM	
1874	1886	DOM	
1839	1840	DOM	
1918	1818	POST_DOM	
1813	1812	POST_DOM	
1851	1842	POST_DOM	
1918	1791	POST_DOM	
1918	1813	POST_DOM	
1918	1851	POST_DOM	
1918	1811	POST_DOM	
1791	1914	POST_DOM	
1911	1917	POST_DOM	
1811	1800	POST_DOM	
1840	1839	POST_DOM	
1918	1838	POST_DOM	
1914	1911	POST_DOM	
1874	1856	POST_DOM	
1918	1918	POST_DOM	
1918	1890	POST_DOM	
1838	1827	POST_DOM	
1918	1874	POST_DOM	
1918	1886	POST_DOM	
1918	1840	POST_DOM	
1785	1786	IS_FUNCTION_OF_AST	
1785	1917	IS_FUNCTION_OF_CFG	
1	1785	IS_FILE_OF	
1933	1934	IS_AST_PARENT	
1933	1935	IS_AST_PARENT	
1932	1933	IS_AST_PARENT	
1931	1932	IS_AST_PARENT	
1937	1938	IS_AST_PARENT	
1937	1939	IS_AST_PARENT	
1940	1941	IS_AST_PARENT	
1942	1943	IS_AST_PARENT	
1942	1944	IS_AST_PARENT	
1940	1942	IS_AST_PARENT	
1937	1940	IS_AST_PARENT	
1936	1937	IS_AST_PARENT	
1931	1936	IS_AST_PARENT	
1946	1947	IS_AST_PARENT	
1946	1948	IS_AST_PARENT	
1949	1950	IS_AST_PARENT	
1951	1952	IS_AST_PARENT	
1951	1953	IS_AST_PARENT	
1949	1951	IS_AST_PARENT	
1946	1949	IS_AST_PARENT	
1945	1946	IS_AST_PARENT	
1931	1945	IS_AST_PARENT	
1955	1956	IS_AST_PARENT	
1955	1957	IS_AST_PARENT	
1958	1959	IS_AST_PARENT	
1961	1962	IS_AST_PARENT	
1961	1963	IS_AST_PARENT	
1960	1961	IS_AST_PARENT	
1965	1966	IS_AST_PARENT	
1965	1967	IS_AST_PARENT	
1964	1965	IS_AST_PARENT	
1964	1968	IS_AST_PARENT	
1960	1964	IS_AST_PARENT	
1958	1960	IS_AST_PARENT	
1955	1958	IS_AST_PARENT	
1954	1955	IS_AST_PARENT	
1931	1954	IS_AST_PARENT	
1970	1971	IS_AST_PARENT	
1970	1972	IS_AST_PARENT	
1973	1974	IS_AST_PARENT	
1976	1977	IS_AST_PARENT	
1976	1978	IS_AST_PARENT	
1975	1976	IS_AST_PARENT	
1980	1981	IS_AST_PARENT	
1980	1982	IS_AST_PARENT	
1979	1980	IS_AST_PARENT	
1979	1983	IS_AST_PARENT	
1975	1979	IS_AST_PARENT	
1973	1975	IS_AST_PARENT	
1970	1973	IS_AST_PARENT	
1969	1970	IS_AST_PARENT	
1931	1969	IS_AST_PARENT	
1985	1986	IS_AST_PARENT	
1985	1987	IS_AST_PARENT	
1984	1985	IS_AST_PARENT	
1931	1984	IS_AST_PARENT	
1989	1990	IS_AST_PARENT	
1989	1991	IS_AST_PARENT	
1988	1989	IS_AST_PARENT	
1931	1988	IS_AST_PARENT	
1993	1994	IS_AST_PARENT	
1993	1995	IS_AST_PARENT	
1992	1993	IS_AST_PARENT	
1931	1992	IS_AST_PARENT	
2001	2002	IS_AST_PARENT	
2001	2003	IS_AST_PARENT	
2000	2001	IS_AST_PARENT	
2004	2005	IS_AST_PARENT	
2004	2006	IS_AST_PARENT	
2000	2004	IS_AST_PARENT	
1999	2000	IS_AST_PARENT	
1998	1999	IS_AST_PARENT	
2007	2008	IS_AST_PARENT	
1998	2007	IS_AST_PARENT	
2013	2014	IS_AST_PARENT	
2012	2013	IS_AST_PARENT	
2016	2017	IS_AST_PARENT	
2015	2016	IS_AST_PARENT	
2018	2019	IS_AST_PARENT	
2015	2018	IS_AST_PARENT	
2020	2021	IS_AST_PARENT	
2015	2020	IS_AST_PARENT	
2023	2024	IS_AST_PARENT	
2023	2025	IS_AST_PARENT	
2022	2023	IS_AST_PARENT	
2015	2022	IS_AST_PARENT	
2026	2027	IS_AST_PARENT	
2015	2026	IS_AST_PARENT	
2012	2015	IS_AST_PARENT	
2011	2012	IS_AST_PARENT	
2010	2011	IS_AST_PARENT	
2009	2010	IS_AST_PARENT	
1998	2009	IS_AST_PARENT	
1997	1998	IS_AST_PARENT	
1996	1997	IS_AST_PARENT	
2028	2029	IS_AST_PARENT	
1996	2028	IS_AST_PARENT	
1931	1996	IS_AST_PARENT	
2031	2032	IS_AST_PARENT	
2033	2034	IS_AST_PARENT	
2036	2037	IS_AST_PARENT	
2035	2036	IS_AST_PARENT	
2040	2041	IS_AST_PARENT	
2040	2042	IS_AST_PARENT	
2039	2040	IS_AST_PARENT	
2038	2039	IS_AST_PARENT	
2044	2045	IS_AST_PARENT	
2044	2046	IS_AST_PARENT	
2043	2044	IS_AST_PARENT	
2038	2043	IS_AST_PARENT	
2035	2038	IS_AST_PARENT	
2033	2035	IS_AST_PARENT	
2031	2033	IS_AST_PARENT	
2030	2031	IS_AST_PARENT	
1931	2030	IS_AST_PARENT	
2050	2051	IS_AST_PARENT	
2050	2052	IS_AST_PARENT	
2049	2050	IS_AST_PARENT	
2053	2054	IS_AST_PARENT	
2053	2055	IS_AST_PARENT	
2049	2053	IS_AST_PARENT	
2048	2049	IS_AST_PARENT	
2047	2048	IS_AST_PARENT	
2057	2058	IS_AST_PARENT	
2057	2059	IS_AST_PARENT	
2056	2057	IS_AST_PARENT	
2047	2056	IS_AST_PARENT	
2060	2061	IS_AST_PARENT	
2060	2062	IS_AST_PARENT	
2047	2060	IS_AST_PARENT	
2066	2067	IS_AST_PARENT	
2066	2068	IS_AST_PARENT	
2065	2066	IS_AST_PARENT	
2064	2065	IS_AST_PARENT	
2070	2071	IS_AST_PARENT	
2070	2072	IS_AST_PARENT	
2069	2070	IS_AST_PARENT	
2064	2069	IS_AST_PARENT	
2074	2075	IS_AST_PARENT	
2074	2076	IS_AST_PARENT	
2073	2074	IS_AST_PARENT	
2077	2078	IS_AST_PARENT	
2077	2079	IS_AST_PARENT	
2073	2077	IS_AST_PARENT	
2064	2073	IS_AST_PARENT	
2080	2081	IS_AST_PARENT	
2080	2082	IS_AST_PARENT	
2080	2083	IS_AST_PARENT	
2080	2084	IS_AST_PARENT	
2087	2088	IS_AST_PARENT	
2086	2087	IS_AST_PARENT	
2091	2092	IS_AST_PARENT	
2091	2093	IS_AST_PARENT	
2090	2091	IS_AST_PARENT	
2089	2090	IS_AST_PARENT	
2086	2089	IS_AST_PARENT	
2085	2086	IS_AST_PARENT	
2080	2085	IS_AST_PARENT	
2080	2094	IS_AST_PARENT	
2080	2095	IS_AST_PARENT	
2080	2096	IS_AST_PARENT	
2080	2097	IS_AST_PARENT	
2080	2098	IS_AST_PARENT	
2080	2099	IS_AST_PARENT	
2080	2100	IS_AST_PARENT	
2080	2101	IS_AST_PARENT	
2080	2102	IS_AST_PARENT	
2105	2106	IS_AST_PARENT	
2107	2108	IS_AST_PARENT	
2107	2109	IS_AST_PARENT	
2105	2107	IS_AST_PARENT	
2104	2105	IS_AST_PARENT	
2103	2104	IS_AST_PARENT	
2110	2111	IS_AST_PARENT	
2110	2112	IS_AST_PARENT	
2114	2115	IS_AST_PARENT	
2114	2116	IS_AST_PARENT	
2113	2114	IS_AST_PARENT	
2110	2113	IS_AST_PARENT	
2103	2110	IS_AST_PARENT	
2080	2103	IS_AST_PARENT	
2119	2120	IS_AST_PARENT	
2121	2122	IS_AST_PARENT	
2121	2123	IS_AST_PARENT	
2119	2121	IS_AST_PARENT	
2118	2119	IS_AST_PARENT	
2117	2118	IS_AST_PARENT	
2124	2125	IS_AST_PARENT	
2124	2126	IS_AST_PARENT	
2128	2129	IS_AST_PARENT	
2128	2130	IS_AST_PARENT	
2127	2128	IS_AST_PARENT	
2124	2127	IS_AST_PARENT	
2117	2124	IS_AST_PARENT	
2080	2117	IS_AST_PARENT	
2080	2131	IS_AST_PARENT	
2080	2132	IS_AST_PARENT	
2080	2133	IS_AST_PARENT	
2080	2134	IS_AST_PARENT	
2080	2135	IS_AST_PARENT	
2080	2136	IS_AST_PARENT	
2080	2137	IS_AST_PARENT	
2080	2138	IS_AST_PARENT	
2080	2139	IS_AST_PARENT	
2080	2140	IS_AST_PARENT	
2080	2141	IS_AST_PARENT	
2080	2142	IS_AST_PARENT	
2080	2143	IS_AST_PARENT	
2080	2144	IS_AST_PARENT	
2080	2145	IS_AST_PARENT	
2080	2146	IS_AST_PARENT	
2080	2147	IS_AST_PARENT	
2080	2148	IS_AST_PARENT	
2080	2149	IS_AST_PARENT	
2080	2150	IS_AST_PARENT	
2080	2151	IS_AST_PARENT	
2080	2152	IS_AST_PARENT	
2080	2153	IS_AST_PARENT	
2080	2154	IS_AST_PARENT	
2080	2155	IS_AST_PARENT	
2080	2156	IS_AST_PARENT	
2080	2157	IS_AST_PARENT	
2080	2158	IS_AST_PARENT	
2080	2159	IS_AST_PARENT	
2064	2080	IS_AST_PARENT	
2063	2064	IS_AST_PARENT	
2047	2063	IS_AST_PARENT	
1931	2047	IS_AST_PARENT	
2162	2163	IS_AST_PARENT	
2162	2164	IS_AST_PARENT	
2161	2162	IS_AST_PARENT	
2161	2165	IS_AST_PARENT	
2160	2161	IS_AST_PARENT	
1931	2160	IS_AST_PARENT	
1930	1931	IS_AST_PARENT	
1930	2166	IS_AST_PARENT	
1930	2167	IS_AST_PARENT	
2169	2170	IS_AST_PARENT	
2169	2171	IS_AST_PARENT	
2168	2169	IS_AST_PARENT	
1930	2168	IS_AST_PARENT	
2172	2169	FLOWS_TO	
2169	1932	FLOWS_TO	
1932	1936	FLOWS_TO	
1936	1945	FLOWS_TO	
1945	1954	FLOWS_TO	
1954	1969	FLOWS_TO	
1969	1984	FLOWS_TO	
1984	1988	FLOWS_TO	
1988	1992	FLOWS_TO	
1992	1999	FLOWS_TO	
2028	1999	FLOWS_TO	
2028	2030	FLOWS_TO	
1999	2008	FLOWS_TO	
1999	2011	FLOWS_TO	
2008	2028	FLOWS_TO	
2011	2028	FLOWS_TO	
2030	2048	FLOWS_TO	
2056	2065	FLOWS_TO	
2056	2160	FLOWS_TO	
2048	2056	FLOWS_TO	
2060	2056	FLOWS_TO	
2069	2081	FLOWS_TO	
2069	2060	FLOWS_TO	
2065	2069	FLOWS_TO	
2073	2069	FLOWS_TO	
2081	2082	FLOWS_TO	
2082	2083	FLOWS_TO	
2083	2084	FLOWS_TO	
2084	2085	FLOWS_TO	
2085	2094	FLOWS_TO	
2094	2095	FLOWS_TO	
2095	2096	FLOWS_TO	
2096	2097	FLOWS_TO	
2097	2098	FLOWS_TO	
2098	2099	FLOWS_TO	
2099	2100	FLOWS_TO	
2100	2101	FLOWS_TO	
2101	2102	FLOWS_TO	
2102	2104	FLOWS_TO	
2104	2111	FLOWS_TO	
2104	2118	FLOWS_TO	
2111	2112	FLOWS_TO	
2112	2113	FLOWS_TO	
2113	2118	FLOWS_TO	
2118	2125	FLOWS_TO	
2118	2131	FLOWS_TO	
2125	2126	FLOWS_TO	
2126	2127	FLOWS_TO	
2127	2131	FLOWS_TO	
2131	2132	FLOWS_TO	
2132	2133	FLOWS_TO	
2133	2134	FLOWS_TO	
2134	2135	FLOWS_TO	
2135	2136	FLOWS_TO	
2136	2137	FLOWS_TO	
2137	2138	FLOWS_TO	
2138	2139	FLOWS_TO	
2139	2140	FLOWS_TO	
2140	2141	FLOWS_TO	
2141	2142	FLOWS_TO	
2142	2143	FLOWS_TO	
2143	2144	FLOWS_TO	
2144	2145	FLOWS_TO	
2145	2146	FLOWS_TO	
2146	2147	FLOWS_TO	
2147	2148	FLOWS_TO	
2148	2149	FLOWS_TO	
2149	2150	FLOWS_TO	
2150	2151	FLOWS_TO	
2151	2152	FLOWS_TO	
2152	2153	FLOWS_TO	
2153	2154	FLOWS_TO	
2154	2155	FLOWS_TO	
2155	2156	FLOWS_TO	
2156	2157	FLOWS_TO	
2157	2158	FLOWS_TO	
2158	2159	FLOWS_TO	
2159	2073	FLOWS_TO	
2160	2173	FLOWS_TO	
2127	2174	DEF	
2128	2174	DEF	
1936	2175	DEF	
1937	2175	DEF	
1940	2175	DEF	
1969	2175	USE	
1973	2175	USE	
2030	2175	USE	
2039	2175	USE	
2056	2175	USE	
2118	2175	USE	
1999	2176	USE	
2160	2176	DEF	
2161	2176	DEF	
1984	2177	DEF	
1985	2177	DEF	
2056	2177	USE	
2048	2177	DEF	
2050	2177	DEF	
2060	2177	USE	
2060	2177	DEF	
2118	2177	USE	
1988	2178	DEF	
1989	2178	DEF	
2069	2178	USE	
2065	2178	DEF	
2066	2178	DEF	
2073	2178	USE	
2074	2178	USE	
2073	2178	DEF	
2074	2178	DEF	
2104	2178	USE	
1992	2179	DEF	
1993	2179	DEF	
2048	2179	DEF	
2053	2179	DEF	
2073	2179	USE	
2077	2179	USE	
2073	2179	DEF	
2077	2179	DEF	
1945	2180	USE	
1949	2180	USE	
2030	2181	USE	
2031	2181	USE	
1932	2182	DEF	
1933	2182	DEF	
2030	2182	DEF	
2031	2182	DEF	
2160	2182	USE	
2161	2182	USE	
1969	2183	USE	
1973	2183	USE	
1969	2184	DEF	
1970	2184	DEF	
1973	2184	DEF	
2127	2184	USE	
2128	2184	USE	
2011	2185	USE	
2022	2185	USE	
2113	2186	DEF	
2114	2186	DEF	
2085	2187	USE	
2090	2187	USE	
2169	2188	DEF	
1936	2188	USE	
1942	2188	USE	
1945	2188	USE	
1951	2188	USE	
1954	2188	USE	
1961	2188	USE	
1969	2188	USE	
1976	2188	USE	
1999	2188	USE	
2001	2188	USE	
2085	2188	USE	
2091	2188	USE	
2160	2188	USE	
2162	2188	USE	
1954	2189	USE	
1958	2189	USE	
1954	2190	DEF	
1958	2190	DEF	
1955	2190	DEF	
2113	2190	USE	
2114	2190	USE	
1936	2191	USE	
1940	2191	USE	
1945	2191	USE	
1949	2191	USE	
1954	2191	USE	
1958	2191	USE	
1969	2191	USE	
1973	2191	USE	
1999	2191	USE	
2085	2191	USE	
2090	2191	USE	
2160	2191	DEF	
2161	2191	DEF	
1936	2192	USE	
1940	2192	USE	
1945	2193	DEF	
1946	2193	DEF	
1949	2193	DEF	
1954	2193	USE	
1958	2193	USE	
2030	2193	USE	
2039	2193	USE	
2069	2193	USE	
2104	2193	USE	
1936	1969	REACHES	nrows
1936	2030	REACHES	nrows
1936	2056	REACHES	nrows
1936	2118	REACHES	nrows
2030	2160	REACHES	tiles
1945	1954	REACHES	ncols
1945	2030	REACHES	ncols
1945	2069	REACHES	ncols
1945	2104	REACHES	ncols
2060	2056	REACHES	i
2048	2056	REACHES	i
2060	2060	REACHES	i
2048	2060	REACHES	i
2060	2118	REACHES	i
2048	2118	REACHES	i
2073	2069	REACHES	j
2065	2069	REACHES	j
2073	2073	REACHES	j
2065	2073	REACHES	j
2073	2104	REACHES	j
2065	2104	REACHES	j
2073	2073	REACHES	k
2048	2073	REACHES	k
1969	2127	REACHES	bottom_tile
2169	1936	REACHES	tm
2169	1945	REACHES	tm
2169	1954	REACHES	tm
2169	1969	REACHES	tm
2169	1999	REACHES	tm
2169	2085	REACHES	tm
2169	2160	REACHES	tm
1954	2113	REACHES	right_tile
2160	2173	REACHES	* tm
2172	2169	CONTROLS	
2172	1932	CONTROLS	
2172	1936	CONTROLS	
2172	1945	CONTROLS	
2172	1954	CONTROLS	
2172	1969	CONTROLS	
2172	1984	CONTROLS	
2172	1988	CONTROLS	
2172	1992	CONTROLS	
2172	1999	CONTROLS	
2172	2028	CONTROLS	
2172	2030	CONTROLS	
2172	2048	CONTROLS	
2172	2056	CONTROLS	
2172	2160	CONTROLS	
2028	1999	CONTROLS	
1999	2008	CONTROLS	
1999	2011	CONTROLS	
2056	2065	CONTROLS	
2056	2069	CONTROLS	
2056	2060	CONTROLS	
2069	2081	CONTROLS	
2069	2082	CONTROLS	
2069	2083	CONTROLS	
2069	2084	CONTROLS	
2069	2085	CONTROLS	
2069	2094	CONTROLS	
2069	2095	CONTROLS	
2069	2096	CONTROLS	
2069	2097	CONTROLS	
2069	2098	CONTROLS	
2069	2099	CONTROLS	
2069	2100	CONTROLS	
2069	2101	CONTROLS	
2069	2102	CONTROLS	
2069	2104	CONTROLS	
2069	2118	CONTROLS	
2069	2131	CONTROLS	
2069	2132	CONTROLS	
2069	2133	CONTROLS	
2069	2134	CONTROLS	
2069	2135	CONTROLS	
2069	2136	CONTROLS	
2069	2137	CONTROLS	
2069	2138	CONTROLS	
2069	2139	CONTROLS	
2069	2140	CONTROLS	
2069	2141	CONTROLS	
2069	2142	CONTROLS	
2069	2143	CONTROLS	
2069	2144	CONTROLS	
2069	2145	CONTROLS	
2069	2146	CONTROLS	
2069	2147	CONTROLS	
2069	2148	CONTROLS	
2069	2149	CONTROLS	
2069	2150	CONTROLS	
2069	2151	CONTROLS	
2069	2152	CONTROLS	
2069	2153	CONTROLS	
2069	2154	CONTROLS	
2069	2155	CONTROLS	
2069	2156	CONTROLS	
2069	2157	CONTROLS	
2069	2158	CONTROLS	
2069	2159	CONTROLS	
2069	2073	CONTROLS	
2104	2111	CONTROLS	
2104	2112	CONTROLS	
2104	2113	CONTROLS	
2118	2125	CONTROLS	
2118	2126	CONTROLS	
2118	2127	CONTROLS	
2101	2102	DOM	
2085	2094	DOM	
2139	2140	DOM	
2155	2156	DOM	
2083	2084	DOM	
2095	2096	DOM	
2132	2133	DOM	
2100	2101	DOM	
2138	2139	DOM	
2153	2154	DOM	
1999	2028	DOM	
2094	2095	DOM	
1984	1988	DOM	
2111	2112	DOM	
2137	2138	DOM	
2069	2060	DOM	
2148	2149	DOM	
2151	2152	DOM	
1969	1984	DOM	
2158	2159	DOM	
2097	2098	DOM	
2172	2172	DOM	
2156	2157	DOM	
2030	2048	DOM	
2118	2131	DOM	
2125	2126	DOM	
2096	2097	DOM	
2145	2146	DOM	
1945	1954	DOM	
2135	2136	DOM	
2143	2144	DOM	
2102	2104	DOM	
2142	2143	DOM	
1936	1945	DOM	
2048	2056	DOM	
2065	2069	DOM	
2149	2150	DOM	
2099	2100	DOM	
1992	1999	DOM	
2152	2153	DOM	
2159	2073	DOM	
1988	1992	DOM	
2150	2151	DOM	
2056	2065	DOM	
2056	2160	DOM	
2104	2118	DOM	
2160	2173	DOM	
2118	2125	DOM	
2069	2081	DOM	
2131	2132	DOM	
1932	1936	DOM	
1999	2011	DOM	
1999	2008	DOM	
2098	2099	DOM	
2082	2083	DOM	
2140	2141	DOM	
2112	2113	DOM	
2154	2155	DOM	
2126	2127	DOM	
2172	2169	DOM	
2141	2142	DOM	
2147	2148	DOM	
2169	1932	DOM	
2157	2158	DOM	
2104	2111	DOM	
2084	2085	DOM	
2133	2134	DOM	
2136	2137	DOM	
1954	1969	DOM	
2028	2030	DOM	
2081	2082	DOM	
2134	2135	DOM	
2144	2145	DOM	
2146	2147	DOM	
2104	2102	POST_DOM	
2141	2140	POST_DOM	
2095	2094	POST_DOM	
2157	2156	POST_DOM	
2085	2084	POST_DOM	
2097	2096	POST_DOM	
2134	2133	POST_DOM	
2155	2154	POST_DOM	
2140	2139	POST_DOM	
2102	2101	POST_DOM	
2030	2028	POST_DOM	
2096	2095	POST_DOM	
1992	1988	POST_DOM	
2056	2060	POST_DOM	
2139	2138	POST_DOM	
2113	2112	POST_DOM	
2150	2149	POST_DOM	
2153	2152	POST_DOM	
1988	1984	POST_DOM	
2073	2159	POST_DOM	
2099	2098	POST_DOM	
2169	2172	POST_DOM	
2158	2157	POST_DOM	
2056	2048	POST_DOM	
2132	2131	POST_DOM	
2127	2126	POST_DOM	
2098	2097	POST_DOM	
2147	2146	POST_DOM	
1969	1954	POST_DOM	
2145	2144	POST_DOM	
2137	2136	POST_DOM	
2118	2104	POST_DOM	
2144	2143	POST_DOM	
1954	1945	POST_DOM	
2160	2056	POST_DOM	
2060	2069	POST_DOM	
2151	2150	POST_DOM	
2101	2100	POST_DOM	
2028	1999	POST_DOM	
2154	2153	POST_DOM	
2069	2073	POST_DOM	
1999	1992	POST_DOM	
2152	2151	POST_DOM	
2069	2065	POST_DOM	
2173	2160	POST_DOM	
2131	2118	POST_DOM	
2173	2173	POST_DOM	
2126	2125	POST_DOM	
2133	2132	POST_DOM	
2082	2081	POST_DOM	
1945	1936	POST_DOM	
2028	2011	POST_DOM	
2028	2008	POST_DOM	
2100	2099	POST_DOM	
2084	2083	POST_DOM	
2142	2141	POST_DOM	
2156	2155	POST_DOM	
2118	2113	POST_DOM	
2131	2127	POST_DOM	
1932	2169	POST_DOM	
2149	2148	POST_DOM	
2143	2142	POST_DOM	
1936	1932	POST_DOM	
2159	2158	POST_DOM	
2112	2111	POST_DOM	
2094	2085	POST_DOM	
2138	2137	POST_DOM	
2135	2134	POST_DOM	
2048	2030	POST_DOM	
1984	1969	POST_DOM	
2083	2082	POST_DOM	
2136	2135	POST_DOM	
2146	2145	POST_DOM	
2148	2147	POST_DOM	
1929	1930	IS_FUNCTION_OF_AST	
1929	2172	IS_FUNCTION_OF_CFG	
1	1929	IS_FILE_OF	
2198	2199	IS_AST_PARENT	
2198	2200	IS_AST_PARENT	
2201	2202	IS_AST_PARENT	
2204	2205	IS_AST_PARENT	
2204	2206	IS_AST_PARENT	
2203	2204	IS_AST_PARENT	
2203	2207	IS_AST_PARENT	
2201	2203	IS_AST_PARENT	
2198	2201	IS_AST_PARENT	
2197	2198	IS_AST_PARENT	
2196	2197	IS_AST_PARENT	
2210	2211	IS_AST_PARENT	
2212	2213	IS_AST_PARENT	
2212	2214	IS_AST_PARENT	
2210	2212	IS_AST_PARENT	
2209	2210	IS_AST_PARENT	
2208	2209	IS_AST_PARENT	
2215	2216	IS_AST_PARENT	
2208	2215	IS_AST_PARENT	
2196	2208	IS_AST_PARENT	
2219	2220	IS_AST_PARENT	
2221	2222	IS_AST_PARENT	
2221	2223	IS_AST_PARENT	
2219	2221	IS_AST_PARENT	
2218	2219	IS_AST_PARENT	
2217	2218	IS_AST_PARENT	
2227	2228	IS_AST_PARENT	
2226	2227	IS_AST_PARENT	
2231	2232	IS_AST_PARENT	
2231	2233	IS_AST_PARENT	
2230	2231	IS_AST_PARENT	
2229	2230	IS_AST_PARENT	
2234	2235	IS_AST_PARENT	
2229	2234	IS_AST_PARENT	
2226	2229	IS_AST_PARENT	
2225	2226	IS_AST_PARENT	
2224	2225	IS_AST_PARENT	
2238	2239	IS_AST_PARENT	
2238	2240	IS_AST_PARENT	
2237	2238	IS_AST_PARENT	
2241	2242	IS_AST_PARENT	
2241	2243	IS_AST_PARENT	
2237	2241	IS_AST_PARENT	
2236	2237	IS_AST_PARENT	
2224	2236	IS_AST_PARENT	
2246	2247	IS_AST_PARENT	
2246	2248	IS_AST_PARENT	
2245	2246	IS_AST_PARENT	
2249	2250	IS_AST_PARENT	
2249	2251	IS_AST_PARENT	
2245	2249	IS_AST_PARENT	
2244	2245	IS_AST_PARENT	
2224	2244	IS_AST_PARENT	
2217	2224	IS_AST_PARENT	
2196	2217	IS_AST_PARENT	
2254	2255	IS_AST_PARENT	
2254	2256	IS_AST_PARENT	
2253	2254	IS_AST_PARENT	
2252	2253	IS_AST_PARENT	
2260	2261	IS_AST_PARENT	
2259	2260	IS_AST_PARENT	
2263	2264	IS_AST_PARENT	
2262	2263	IS_AST_PARENT	
2259	2262	IS_AST_PARENT	
2258	2259	IS_AST_PARENT	
2257	2258	IS_AST_PARENT	
2252	2257	IS_AST_PARENT	
2196	2252	IS_AST_PARENT	
2268	2269	IS_AST_PARENT	
2268	2270	IS_AST_PARENT	
2267	2268	IS_AST_PARENT	
2267	2271	IS_AST_PARENT	
2266	2267	IS_AST_PARENT	
2265	2266	IS_AST_PARENT	
2272	2273	IS_AST_PARENT	
2272	2274	IS_AST_PARENT	
2272	2275	IS_AST_PARENT	
2272	2276	IS_AST_PARENT	
2279	2280	IS_AST_PARENT	
2278	2279	IS_AST_PARENT	
2283	2284	IS_AST_PARENT	
2283	2285	IS_AST_PARENT	
2282	2283	IS_AST_PARENT	
2281	2282	IS_AST_PARENT	
2278	2281	IS_AST_PARENT	
2277	2278	IS_AST_PARENT	
2272	2277	IS_AST_PARENT	
2272	2286	IS_AST_PARENT	
2272	2287	IS_AST_PARENT	
2289	2290	IS_AST_PARENT	
2291	2292	IS_AST_PARENT	
2291	2293	IS_AST_PARENT	
2289	2291	IS_AST_PARENT	
2288	2289	IS_AST_PARENT	
2272	2288	IS_AST_PARENT	
2272	2294	IS_AST_PARENT	
2272	2295	IS_AST_PARENT	
2297	2298	IS_AST_PARENT	
2299	2300	IS_AST_PARENT	
2299	2301	IS_AST_PARENT	
2297	2299	IS_AST_PARENT	
2296	2297	IS_AST_PARENT	
2272	2296	IS_AST_PARENT	
2272	2302	IS_AST_PARENT	
2272	2303	IS_AST_PARENT	
2305	2306	IS_AST_PARENT	
2307	2308	IS_AST_PARENT	
2307	2309	IS_AST_PARENT	
2305	2307	IS_AST_PARENT	
2304	2305	IS_AST_PARENT	
2272	2304	IS_AST_PARENT	
2312	2313	IS_AST_PARENT	
2311	2312	IS_AST_PARENT	
2315	2316	IS_AST_PARENT	
2314	2315	IS_AST_PARENT	
2317	2318	IS_AST_PARENT	
2314	2317	IS_AST_PARENT	
2319	2320	IS_AST_PARENT	
2314	2319	IS_AST_PARENT	
2311	2314	IS_AST_PARENT	
2310	2311	IS_AST_PARENT	
2272	2310	IS_AST_PARENT	
2272	2321	IS_AST_PARENT	
2272	2322	IS_AST_PARENT	
2272	2323	IS_AST_PARENT	
2272	2324	IS_AST_PARENT	
2272	2325	IS_AST_PARENT	
2272	2326	IS_AST_PARENT	
2272	2327	IS_AST_PARENT	
2272	2328	IS_AST_PARENT	
2272	2329	IS_AST_PARENT	
2272	2330	IS_AST_PARENT	
2272	2331	IS_AST_PARENT	
2272	2332	IS_AST_PARENT	
2272	2333	IS_AST_PARENT	
2337	2338	IS_AST_PARENT	
2337	2339	IS_AST_PARENT	
2336	2337	IS_AST_PARENT	
2336	2340	IS_AST_PARENT	
2335	2336	IS_AST_PARENT	
2335	2341	IS_AST_PARENT	
2334	2335	IS_AST_PARENT	
2272	2334	IS_AST_PARENT	
2265	2272	IS_AST_PARENT	
2196	2265	IS_AST_PARENT	
2344	2345	IS_AST_PARENT	
2344	2346	IS_AST_PARENT	
2343	2344	IS_AST_PARENT	
2343	2347	IS_AST_PARENT	
2342	2343	IS_AST_PARENT	
2196	2342	IS_AST_PARENT	
2350	2351	IS_AST_PARENT	
2350	2352	IS_AST_PARENT	
2349	2350	IS_AST_PARENT	
2348	2349	IS_AST_PARENT	
2356	2357	IS_AST_PARENT	
2355	2356	IS_AST_PARENT	
2360	2361	IS_AST_PARENT	
2360	2362	IS_AST_PARENT	
2359	2360	IS_AST_PARENT	
2358	2359	IS_AST_PARENT	
2355	2358	IS_AST_PARENT	
2354	2355	IS_AST_PARENT	
2353	2354	IS_AST_PARENT	
2365	2366	IS_AST_PARENT	
2365	2367	IS_AST_PARENT	
2364	2365	IS_AST_PARENT	
2368	2369	IS_AST_PARENT	
2368	2370	IS_AST_PARENT	
2364	2368	IS_AST_PARENT	
2363	2364	IS_AST_PARENT	
2353	2363	IS_AST_PARENT	
2348	2353	IS_AST_PARENT	
2196	2348	IS_AST_PARENT	
2374	2375	IS_AST_PARENT	
2374	2376	IS_AST_PARENT	
2373	2374	IS_AST_PARENT	
2377	2378	IS_AST_PARENT	
2377	2379	IS_AST_PARENT	
2373	2377	IS_AST_PARENT	
2372	2373	IS_AST_PARENT	
2371	2372	IS_AST_PARENT	
2383	2384	IS_AST_PARENT	
2382	2383	IS_AST_PARENT	
2386	2387	IS_AST_PARENT	
2385	2386	IS_AST_PARENT	
2382	2385	IS_AST_PARENT	
2381	2382	IS_AST_PARENT	
2380	2381	IS_AST_PARENT	
2371	2380	IS_AST_PARENT	
2196	2371	IS_AST_PARENT	
2195	2196	IS_AST_PARENT	
2195	2388	IS_AST_PARENT	
2195	2389	IS_AST_PARENT	
2391	2392	IS_AST_PARENT	
2391	2393	IS_AST_PARENT	
2390	2391	IS_AST_PARENT	
2394	2395	IS_AST_PARENT	
2394	2396	IS_AST_PARENT	
2390	2394	IS_AST_PARENT	
2195	2390	IS_AST_PARENT	
2397	2391	FLOWS_TO	
2391	2394	FLOWS_TO	
2394	2197	FLOWS_TO	
2197	2209	FLOWS_TO	
2209	2216	FLOWS_TO	
2209	2218	FLOWS_TO	
2216	2398	FLOWS_TO	
2218	2225	FLOWS_TO	
2218	2253	FLOWS_TO	
2225	2236	FLOWS_TO	
2236	2244	FLOWS_TO	
2244	2253	FLOWS_TO	
2253	2258	FLOWS_TO	
2253	2266	FLOWS_TO	
2258	2266	FLOWS_TO	
2266	2273	FLOWS_TO	
2266	2342	FLOWS_TO	
2273	2274	FLOWS_TO	
2274	2275	FLOWS_TO	
2275	2276	FLOWS_TO	
2276	2277	FLOWS_TO	
2277	2286	FLOWS_TO	
2286	2287	FLOWS_TO	
2287	2288	FLOWS_TO	
2288	2294	FLOWS_TO	
2294	2295	FLOWS_TO	
2295	2296	FLOWS_TO	
2296	2302	FLOWS_TO	
2302	2303	FLOWS_TO	
2303	2304	FLOWS_TO	
2304	2310	FLOWS_TO	
2310	2321	FLOWS_TO	
2321	2322	FLOWS_TO	
2322	2323	FLOWS_TO	
2323	2324	FLOWS_TO	
2324	2325	FLOWS_TO	
2325	2326	FLOWS_TO	
2326	2327	FLOWS_TO	
2327	2328	FLOWS_TO	
2328	2329	FLOWS_TO	
2329	2330	FLOWS_TO	
2330	2331	FLOWS_TO	
2331	2332	FLOWS_TO	
2332	2333	FLOWS_TO	
2333	2334	FLOWS_TO	
2334	2342	FLOWS_TO	
2342	2349	FLOWS_TO	
2349	2354	FLOWS_TO	
2349	2372	FLOWS_TO	
2354	2363	FLOWS_TO	
2363	2372	FLOWS_TO	
2372	2381	FLOWS_TO	
2372	2398	FLOWS_TO	
2381	2398	FLOWS_TO	
2209	2399	USE	
2253	2399	USE	
2266	2399	USE	
2277	2399	USE	
2282	2399	USE	
2288	2399	USE	
2289	2399	USE	
2296	2399	USE	
2297	2399	USE	
2304	2399	USE	
2305	2399	USE	
2342	2399	DEF	
2343	2399	DEF	
2349	2399	USE	
2354	2399	USE	
2359	2399	USE	
2363	2399	DEF	
2364	2399	DEF	
2372	2399	USE	
2296	2400	DEF	
2297	2400	DEF	
2209	2401	USE	
2342	2401	DEF	
2343	2401	DEF	
2349	2402	USE	
2354	2402	USE	
2359	2402	USE	
2363	2402	DEF	
2364	2402	DEF	
2277	2403	USE	
2282	2403	USE	
2197	2404	USE	
2201	2404	USE	
2334	2404	DEF	
2335	2404	DEF	
2197	2405	USE	
2203	2405	USE	
2334	2405	USE	
2336	2405	USE	
2197	2406	USE	
2201	2406	USE	
2334	2406	DEF	
2335	2406	DEF	
2296	2407	USE	
2297	2407	USE	
2218	2408	USE	
2244	2408	DEF	
2245	2408	DEF	
2394	2409	DEF	
2197	2409	USE	
2203	2409	USE	
2218	2409	USE	
2310	2409	USE	
2319	2409	USE	
2334	2409	USE	
2336	2409	USE	
2266	2410	USE	
2225	2411	USE	
2230	2411	USE	
2236	2411	DEF	
2237	2411	DEF	
2372	2412	USE	
2197	2413	USE	
2201	2413	USE	
2334	2413	DEF	
2335	2413	DEF	
2304	2414	DEF	
2305	2414	DEF	
2304	2415	USE	
2305	2415	USE	
2288	2416	DEF	
2289	2416	DEF	
2197	2417	DEF	
2198	2417	DEF	
2201	2417	DEF	
2209	2417	USE	
2212	2417	USE	
2253	2417	USE	
2254	2417	USE	
2258	2417	USE	
2263	2417	USE	
2266	2417	USE	
2268	2417	USE	
2277	2417	USE	
2283	2417	USE	
2288	2417	USE	
2291	2417	USE	
2296	2417	USE	
2299	2417	USE	
2304	2417	USE	
2307	2417	USE	
2310	2417	USE	
2315	2417	USE	
2334	2417	USE	
2335	2417	USE	
2342	2417	USE	
2344	2417	USE	
2349	2417	USE	
2350	2417	USE	
2354	2417	USE	
2360	2417	USE	
2363	2417	USE	
2365	2417	USE	
2372	2417	USE	
2374	2417	USE	
2381	2417	USE	
2386	2417	USE	
2288	2418	USE	
2289	2418	USE	
2391	2419	DEF	
2197	2419	USE	
2204	2419	USE	
2218	2419	USE	
2221	2419	USE	
2225	2419	USE	
2231	2419	USE	
2236	2419	USE	
2238	2419	USE	
2244	2419	USE	
2246	2419	USE	
2310	2419	USE	
2317	2419	USE	
2334	2419	USE	
2337	2419	USE	
2253	2420	USE	
2197	2421	USE	
2203	2421	USE	
2218	2421	USE	
2225	2421	USE	
2230	2421	USE	
2236	2421	DEF	
2237	2421	DEF	
2244	2421	DEF	
2245	2421	DEF	
2334	2421	USE	
2336	2421	USE	
2342	2349	REACHES	* tile
2342	2354	REACHES	* tile
2342	2372	REACHES	* tile
2363	2372	REACHES	* tile
2394	2197	REACHES	tile_num
2394	2218	REACHES	tile_num
2394	2310	REACHES	tile_num
2394	2334	REACHES	tile_num
2197	2209	REACHES	tile
2197	2253	REACHES	tile
2197	2258	REACHES	tile
2197	2266	REACHES	tile
2197	2372	REACHES	tile
2197	2277	REACHES	tile
2197	2288	REACHES	tile
2197	2381	REACHES	tile
2197	2342	REACHES	tile
2197	2296	REACHES	tile
2197	2304	REACHES	tile
2197	2354	REACHES	tile
2197	2363	REACHES	tile
2197	2310	REACHES	tile
2197	2349	REACHES	tile
2197	2334	REACHES	tile
2334	2398	REACHES	* tile_num
2391	2197	REACHES	tm
2391	2218	REACHES	tm
2391	2225	REACHES	tm
2391	2236	REACHES	tm
2391	2244	REACHES	tm
2391	2310	REACHES	tm
2391	2334	REACHES	tm
2244	2398	REACHES	* tm
2244	2334	REACHES	* tm
2397	2391	CONTROLS	
2397	2394	CONTROLS	
2397	2197	CONTROLS	
2397	2209	CONTROLS	
2209	2216	CONTROLS	
2209	2218	CONTROLS	
2209	2253	CONTROLS	
2209	2266	CONTROLS	
2209	2342	CONTROLS	
2209	2349	CONTROLS	
2209	2372	CONTROLS	
2218	2225	CONTROLS	
2218	2236	CONTROLS	
2218	2244	CONTROLS	
2253	2258	CONTROLS	
2266	2273	CONTROLS	
2266	2274	CONTROLS	
2266	2275	CONTROLS	
2266	2276	CONTROLS	
2266	2277	CONTROLS	
2266	2286	CONTROLS	
2266	2287	CONTROLS	
2266	2288	CONTROLS	
2266	2294	CONTROLS	
2266	2295	CONTROLS	
2266	2296	CONTROLS	
2266	2302	CONTROLS	
2266	2303	CONTROLS	
2266	2304	CONTROLS	
2266	2310	CONTROLS	
2266	2321	CONTROLS	
2266	2322	CONTROLS	
2266	2323	CONTROLS	
2266	2324	CONTROLS	
2266	2325	CONTROLS	
2266	2326	CONTROLS	
2266	2327	CONTROLS	
2266	2328	CONTROLS	
2266	2329	CONTROLS	
2266	2330	CONTROLS	
2266	2331	CONTROLS	
2266	2332	CONTROLS	
2266	2333	CONTROLS	
2266	2334	CONTROLS	
2349	2354	CONTROLS	
2349	2363	CONTROLS	
2372	2381	CONTROLS	
2277	2286	DOM	
2274	2275	DOM	
2330	2331	DOM	
2331	2332	DOM	
2218	2253	DOM	
2266	2342	DOM	
2303	2304	DOM	
2332	2333	DOM	
2295	2296	DOM	
2328	2329	DOM	
2349	2354	DOM	
2273	2274	DOM	
2197	2209	DOM	
2349	2372	DOM	
2296	2302	DOM	
2294	2295	DOM	
2253	2266	DOM	
2324	2325	DOM	
2325	2326	DOM	
2209	2216	DOM	
2236	2244	DOM	
2323	2324	DOM	
2310	2321	DOM	
2286	2287	DOM	
2397	2397	DOM	
2342	2349	DOM	
2321	2322	DOM	
2333	2334	DOM	
2288	2294	DOM	
2304	2310	DOM	
2275	2276	DOM	
2276	2277	DOM	
2253	2258	DOM	
2354	2363	DOM	
2287	2288	DOM	
2209	2398	DOM	
2397	2391	DOM	
2391	2394	DOM	
2225	2236	DOM	
2218	2225	DOM	
2394	2197	DOM	
2266	2273	DOM	
2372	2381	DOM	
2209	2218	DOM	
2322	2323	DOM	
2327	2328	DOM	
2329	2330	DOM	
2302	2303	DOM	
2326	2327	DOM	
2287	2286	POST_DOM	
2332	2331	POST_DOM	
2276	2275	POST_DOM	
2333	2332	POST_DOM	
2266	2253	POST_DOM	
2349	2342	POST_DOM	
2310	2304	POST_DOM	
2334	2333	POST_DOM	
2302	2296	POST_DOM	
2330	2329	POST_DOM	
2363	2354	POST_DOM	
2275	2274	POST_DOM	
2398	2209	POST_DOM	
2398	2372	POST_DOM	
2303	2302	POST_DOM	
2296	2295	POST_DOM	
2342	2266	POST_DOM	
2327	2326	POST_DOM	
2326	2325	POST_DOM	
2398	2216	POST_DOM	
2253	2244	POST_DOM	
2325	2324	POST_DOM	
2322	2321	POST_DOM	
2288	2287	POST_DOM	
2391	2397	POST_DOM	
2372	2349	POST_DOM	
2342	2334	POST_DOM	
2323	2322	POST_DOM	
2321	2310	POST_DOM	
2295	2294	POST_DOM	
2277	2276	POST_DOM	
2286	2277	POST_DOM	
2266	2258	POST_DOM	
2372	2363	POST_DOM	
2294	2288	POST_DOM	
2398	2398	POST_DOM	
2394	2391	POST_DOM	
2197	2394	POST_DOM	
2244	2236	POST_DOM	
2236	2225	POST_DOM	
2209	2197	POST_DOM	
2274	2273	POST_DOM	
2398	2381	POST_DOM	
2253	2218	POST_DOM	
2329	2328	POST_DOM	
2324	2323	POST_DOM	
2331	2330	POST_DOM	
2328	2327	POST_DOM	
2304	2303	POST_DOM	
2194	2195	IS_FUNCTION_OF_AST	
2194	2397	IS_FUNCTION_OF_CFG	
1	2194	IS_FILE_OF	
2426	2427	IS_AST_PARENT	
2426	2428	IS_AST_PARENT	
2429	2430	IS_AST_PARENT	
2432	2433	IS_AST_PARENT	
2431	2432	IS_AST_PARENT	
2435	2436	IS_AST_PARENT	
2434	2435	IS_AST_PARENT	
2437	2438	IS_AST_PARENT	
2434	2437	IS_AST_PARENT	
2439	2440	IS_AST_PARENT	
2434	2439	IS_AST_PARENT	
2431	2434	IS_AST_PARENT	
2429	2431	IS_AST_PARENT	
2426	2429	IS_AST_PARENT	
2425	2426	IS_AST_PARENT	
2424	2425	IS_AST_PARENT	
2443	2444	IS_AST_PARENT	
2443	2445	IS_AST_PARENT	
2442	2443	IS_AST_PARENT	
2441	2442	IS_AST_PARENT	
2446	2447	IS_AST_PARENT	
2441	2446	IS_AST_PARENT	
2424	2441	IS_AST_PARENT	
2450	2451	IS_AST_PARENT	
2449	2450	IS_AST_PARENT	
2453	2454	IS_AST_PARENT	
2452	2453	IS_AST_PARENT	
2455	2456	IS_AST_PARENT	
2452	2455	IS_AST_PARENT	
2449	2452	IS_AST_PARENT	
2448	2449	IS_AST_PARENT	
2424	2448	IS_AST_PARENT	
2423	2424	IS_AST_PARENT	
2423	2457	IS_AST_PARENT	
2423	2458	IS_AST_PARENT	
2460	2461	IS_AST_PARENT	
2460	2462	IS_AST_PARENT	
2459	2460	IS_AST_PARENT	
2463	2464	IS_AST_PARENT	
2463	2465	IS_AST_PARENT	
2459	2463	IS_AST_PARENT	
2466	2467	IS_AST_PARENT	
2466	2468	IS_AST_PARENT	
2459	2466	IS_AST_PARENT	
2423	2459	IS_AST_PARENT	
2469	2460	FLOWS_TO	
2460	2463	FLOWS_TO	
2463	2466	FLOWS_TO	
2466	2425	FLOWS_TO	
2425	2442	FLOWS_TO	
2442	2447	FLOWS_TO	
2442	2448	FLOWS_TO	
2447	2470	FLOWS_TO	
2448	2470	FLOWS_TO	
2425	2471	DEF	
2429	2471	DEF	
2426	2471	DEF	
2442	2471	USE	
2448	2471	USE	
2455	2471	USE	
2460	2472	DEF	
2425	2472	USE	
2435	2472	USE	
2448	2472	USE	
2453	2472	USE	
2466	2473	DEF	
2425	2473	USE	
2439	2473	USE	
2425	2474	USE	
2429	2474	USE	
2463	2475	DEF	
2425	2475	USE	
2437	2475	USE	
2425	2442	REACHES	num
2425	2448	REACHES	num
2460	2425	REACHES	tm
2460	2448	REACHES	tm
2466	2425	REACHES	ypixel
2463	2425	REACHES	xpixel
2469	2460	CONTROLS	
2469	2463	CONTROLS	
2469	2466	CONTROLS	
2469	2425	CONTROLS	
2469	2442	CONTROLS	
2442	2447	CONTROLS	
2442	2448	CONTROLS	
2460	2463	DOM	
2442	2447	DOM	
2466	2425	DOM	
2442	2448	DOM	
2469	2469	DOM	
2442	2470	DOM	
2469	2460	DOM	
2425	2442	DOM	
2463	2466	DOM	
2466	2463	POST_DOM	
2470	2447	POST_DOM	
2442	2425	POST_DOM	
2470	2448	POST_DOM	
2460	2469	POST_DOM	
2470	2470	POST_DOM	
2463	2460	POST_DOM	
2470	2442	POST_DOM	
2425	2466	POST_DOM	
2422	2423	IS_FUNCTION_OF_AST	
2422	2469	IS_FUNCTION_OF_CFG	
1	2422	IS_FILE_OF	
2483	2484	IS_AST_PARENT	
2485	2486	IS_AST_PARENT	
2485	2487	IS_AST_PARENT	
2483	2485	IS_AST_PARENT	
2482	2483	IS_AST_PARENT	
2481	2482	IS_AST_PARENT	
2481	2488	IS_AST_PARENT	
2493	2494	IS_AST_PARENT	
2492	2493	IS_AST_PARENT	
2496	2497	IS_AST_PARENT	
2495	2496	IS_AST_PARENT	
2498	2499	IS_AST_PARENT	
2495	2498	IS_AST_PARENT	
2500	2501	IS_AST_PARENT	
2495	2500	IS_AST_PARENT	
2492	2495	IS_AST_PARENT	
2491	2492	IS_AST_PARENT	
2490	2491	IS_AST_PARENT	
2490	2502	IS_AST_PARENT	
2489	2490	IS_AST_PARENT	
2481	2489	IS_AST_PARENT	
2480	2481	IS_AST_PARENT	
2480	2503	IS_AST_PARENT	
2479	2480	IS_AST_PARENT	
2504	2505	IS_AST_PARENT	
2479	2504	IS_AST_PARENT	
2478	2479	IS_AST_PARENT	
2510	2511	IS_AST_PARENT	
2512	2513	IS_AST_PARENT	
2512	2514	IS_AST_PARENT	
2510	2512	IS_AST_PARENT	
2509	2510	IS_AST_PARENT	
2508	2509	IS_AST_PARENT	
2508	2515	IS_AST_PARENT	
2520	2521	IS_AST_PARENT	
2519	2520	IS_AST_PARENT	
2523	2524	IS_AST_PARENT	
2522	2523	IS_AST_PARENT	
2525	2526	IS_AST_PARENT	
2522	2525	IS_AST_PARENT	
2527	2528	IS_AST_PARENT	
2522	2527	IS_AST_PARENT	
2519	2522	IS_AST_PARENT	
2518	2519	IS_AST_PARENT	
2517	2518	IS_AST_PARENT	
2517	2529	IS_AST_PARENT	
2516	2517	IS_AST_PARENT	
2508	2516	IS_AST_PARENT	
2507	2508	IS_AST_PARENT	
2507	2530	IS_AST_PARENT	
2506	2507	IS_AST_PARENT	
2531	2532	IS_AST_PARENT	
2506	2531	IS_AST_PARENT	
2478	2506	IS_AST_PARENT	
2535	2536	IS_AST_PARENT	
2534	2535	IS_AST_PARENT	
2538	2539	IS_AST_PARENT	
2537	2538	IS_AST_PARENT	
2542	2543	IS_AST_PARENT	
2541	2542	IS_AST_PARENT	
2545	2546	IS_AST_PARENT	
2544	2545	IS_AST_PARENT	
2547	2548	IS_AST_PARENT	
2544	2547	IS_AST_PARENT	
2549	2550	IS_AST_PARENT	
2544	2549	IS_AST_PARENT	
2541	2544	IS_AST_PARENT	
2540	2541	IS_AST_PARENT	
2537	2540	IS_AST_PARENT	
2551	2552	IS_AST_PARENT	
2537	2551	IS_AST_PARENT	
2534	2537	IS_AST_PARENT	
2533	2534	IS_AST_PARENT	
2478	2533	IS_AST_PARENT	
2477	2478	IS_AST_PARENT	
2477	2553	IS_AST_PARENT	
2477	2554	IS_AST_PARENT	
2556	2557	IS_AST_PARENT	
2556	2558	IS_AST_PARENT	
2555	2556	IS_AST_PARENT	
2559	2560	IS_AST_PARENT	
2559	2561	IS_AST_PARENT	
2555	2559	IS_AST_PARENT	
2562	2563	IS_AST_PARENT	
2562	2564	IS_AST_PARENT	
2555	2562	IS_AST_PARENT	
2565	2566	IS_AST_PARENT	
2565	2567	IS_AST_PARENT	
2555	2565	IS_AST_PARENT	
2477	2555	IS_AST_PARENT	
2568	2556	FLOWS_TO	
2556	2559	FLOWS_TO	
2559	2562	FLOWS_TO	
2562	2565	FLOWS_TO	
2565	2482	FLOWS_TO	
2504	2482	FLOWS_TO	
2504	2509	FLOWS_TO	
2482	2491	FLOWS_TO	
2482	2503	FLOWS_TO	
2491	2502	FLOWS_TO	
2502	2569	FLOWS_TO	
2503	2504	FLOWS_TO	
2531	2509	FLOWS_TO	
2531	2533	FLOWS_TO	
2509	2518	FLOWS_TO	
2509	2530	FLOWS_TO	
2518	2529	FLOWS_TO	
2529	2569	FLOWS_TO	
2530	2531	FLOWS_TO	
2533	2569	FLOWS_TO	
2491	2570	USE	
2498	2570	USE	
2518	2570	USE	
2525	2570	USE	
2556	2571	DEF	
2482	2571	USE	
2533	2571	USE	
2545	2571	USE	
2538	2571	USE	
2562	2572	DEF	
2533	2572	USE	
2549	2572	USE	
2565	2573	DEF	
2509	2573	USE	
2533	2573	USE	
2551	2573	USE	
2533	2574	USE	
2540	2574	USE	
2559	2575	DEF	
2533	2575	USE	
2547	2575	USE	
2556	2482	REACHES	tm
2556	2533	REACHES	tm
2562	2533	REACHES	ypixel
2565	2509	REACHES	srctile
2565	2533	REACHES	srctile
2559	2533	REACHES	xpixel
2568	2556	CONTROLS	
2568	2559	CONTROLS	
2568	2562	CONTROLS	
2568	2565	CONTROLS	
2568	2482	CONTROLS	
2504	2482	CONTROLS	
2504	2509	CONTROLS	
2482	2491	CONTROLS	
2482	2502	CONTROLS	
2482	2503	CONTROLS	
2482	2504	CONTROLS	
2531	2509	CONTROLS	
2531	2533	CONTROLS	
2509	2518	CONTROLS	
2509	2529	CONTROLS	
2509	2530	CONTROLS	
2509	2531	CONTROLS	
2509	2518	DOM	
2531	2533	DOM	
2559	2562	DOM	
2504	2509	DOM	
2565	2482	DOM	
2482	2503	DOM	
2503	2504	DOM	
2530	2531	DOM	
2482	2491	DOM	
2509	2530	DOM	
2568	2568	DOM	
2491	2502	DOM	
2556	2559	DOM	
2562	2565	DOM	
2482	2569	DOM	
2568	2556	DOM	
2518	2529	DOM	
2529	2518	POST_DOM	
2569	2533	POST_DOM	
2565	2562	POST_DOM	
2569	2509	POST_DOM	
2569	2482	POST_DOM	
2569	2504	POST_DOM	
2504	2503	POST_DOM	
2569	2531	POST_DOM	
2502	2491	POST_DOM	
2531	2530	POST_DOM	
2569	2502	POST_DOM	
2556	2568	POST_DOM	
2482	2565	POST_DOM	
2562	2559	POST_DOM	
2569	2569	POST_DOM	
2559	2556	POST_DOM	
2569	2529	POST_DOM	
2476	2477	IS_FUNCTION_OF_AST	
2476	2568	IS_FUNCTION_OF_CFG	
1	2476	IS_FILE_OF	
2580	2581	IS_AST_PARENT	
2580	2582	IS_AST_PARENT	
2579	2580	IS_AST_PARENT	
2578	2579	IS_AST_PARENT	
2587	2588	IS_AST_PARENT	
2589	2590	IS_AST_PARENT	
2589	2591	IS_AST_PARENT	
2587	2589	IS_AST_PARENT	
2586	2587	IS_AST_PARENT	
2585	2586	IS_AST_PARENT	
2585	2592	IS_AST_PARENT	
2597	2598	IS_AST_PARENT	
2596	2597	IS_AST_PARENT	
2600	2601	IS_AST_PARENT	
2599	2600	IS_AST_PARENT	
2602	2603	IS_AST_PARENT	
2599	2602	IS_AST_PARENT	
2604	2605	IS_AST_PARENT	
2599	2604	IS_AST_PARENT	
2596	2599	IS_AST_PARENT	
2595	2596	IS_AST_PARENT	
2594	2595	IS_AST_PARENT	
2594	2606	IS_AST_PARENT	
2593	2594	IS_AST_PARENT	
2585	2593	IS_AST_PARENT	
2584	2585	IS_AST_PARENT	
2584	2607	IS_AST_PARENT	
2583	2584	IS_AST_PARENT	
2608	2609	IS_AST_PARENT	
2583	2608	IS_AST_PARENT	
2578	2583	IS_AST_PARENT	
2614	2615	IS_AST_PARENT	
2616	2617	IS_AST_PARENT	
2616	2618	IS_AST_PARENT	
2614	2616	IS_AST_PARENT	
2613	2614	IS_AST_PARENT	
2612	2613	IS_AST_PARENT	
2612	2619	IS_AST_PARENT	
2624	2625	IS_AST_PARENT	
2623	2624	IS_AST_PARENT	
2627	2628	IS_AST_PARENT	
2626	2627	IS_AST_PARENT	
2629	2630	IS_AST_PARENT	
2626	2629	IS_AST_PARENT	
2631	2632	IS_AST_PARENT	
2626	2631	IS_AST_PARENT	
2623	2626	IS_AST_PARENT	
2622	2623	IS_AST_PARENT	
2621	2622	IS_AST_PARENT	
2621	2633	IS_AST_PARENT	
2620	2621	IS_AST_PARENT	
2612	2620	IS_AST_PARENT	
2611	2612	IS_AST_PARENT	
2611	2634	IS_AST_PARENT	
2610	2611	IS_AST_PARENT	
2635	2636	IS_AST_PARENT	
2610	2635	IS_AST_PARENT	
2578	2610	IS_AST_PARENT	
2641	2642	IS_AST_PARENT	
2641	2643	IS_AST_PARENT	
2640	2641	IS_AST_PARENT	
2639	2640	IS_AST_PARENT	
2639	2644	IS_AST_PARENT	
2649	2650	IS_AST_PARENT	
2648	2649	IS_AST_PARENT	
2652	2653	IS_AST_PARENT	
2651	2652	IS_AST_PARENT	
2654	2655	IS_AST_PARENT	
2651	2654	IS_AST_PARENT	
2656	2657	IS_AST_PARENT	
2651	2656	IS_AST_PARENT	
2648	2651	IS_AST_PARENT	
2647	2648	IS_AST_PARENT	
2646	2647	IS_AST_PARENT	
2646	2658	IS_AST_PARENT	
2645	2646	IS_AST_PARENT	
2639	2645	IS_AST_PARENT	
2638	2639	IS_AST_PARENT	
2638	2659	IS_AST_PARENT	
2637	2638	IS_AST_PARENT	
2660	2661	IS_AST_PARENT	
2637	2660	IS_AST_PARENT	
2578	2637	IS_AST_PARENT	
2666	2667	IS_AST_PARENT	
2669	2670	IS_AST_PARENT	
2669	2671	IS_AST_PARENT	
2668	2669	IS_AST_PARENT	
2672	2673	IS_AST_PARENT	
2672	2674	IS_AST_PARENT	
2668	2672	IS_AST_PARENT	
2666	2668	IS_AST_PARENT	
2665	2666	IS_AST_PARENT	
2664	2665	IS_AST_PARENT	
2664	2675	IS_AST_PARENT	
2680	2681	IS_AST_PARENT	
2679	2680	IS_AST_PARENT	
2683	2684	IS_AST_PARENT	
2682	2683	IS_AST_PARENT	
2685	2686	IS_AST_PARENT	
2682	2685	IS_AST_PARENT	
2687	2688	IS_AST_PARENT	
2682	2687	IS_AST_PARENT	
2679	2682	IS_AST_PARENT	
2678	2679	IS_AST_PARENT	
2677	2678	IS_AST_PARENT	
2677	2689	IS_AST_PARENT	
2676	2677	IS_AST_PARENT	
2664	2676	IS_AST_PARENT	
2663	2664	IS_AST_PARENT	
2663	2690	IS_AST_PARENT	
2662	2663	IS_AST_PARENT	
2691	2692	IS_AST_PARENT	
2662	2691	IS_AST_PARENT	
2578	2662	IS_AST_PARENT	
2695	2696	IS_AST_PARENT	
2697	2698	IS_AST_PARENT	
2697	2699	IS_AST_PARENT	
2695	2697	IS_AST_PARENT	
2694	2695	IS_AST_PARENT	
2693	2694	IS_AST_PARENT	
2703	2704	IS_AST_PARENT	
2702	2703	IS_AST_PARENT	
2706	2707	IS_AST_PARENT	
2705	2706	IS_AST_PARENT	
2708	2709	IS_AST_PARENT	
2705	2708	IS_AST_PARENT	
2710	2711	IS_AST_PARENT	
2705	2710	IS_AST_PARENT	
2712	2713	IS_AST_PARENT	
2705	2712	IS_AST_PARENT	
2702	2705	IS_AST_PARENT	
2701	2702	IS_AST_PARENT	
2700	2701	IS_AST_PARENT	
2716	2717	IS_AST_PARENT	
2715	2716	IS_AST_PARENT	
2719	2720	IS_AST_PARENT	
2718	2719	IS_AST_PARENT	
2715	2718	IS_AST_PARENT	
2714	2715	IS_AST_PARENT	
2700	2714	IS_AST_PARENT	
2693	2700	IS_AST_PARENT	
2578	2693	IS_AST_PARENT	
2722	2723	IS_AST_PARENT	
2725	2726	IS_AST_PARENT	
2725	2727	IS_AST_PARENT	
2724	2725	IS_AST_PARENT	
2724	2728	IS_AST_PARENT	
2722	2724	IS_AST_PARENT	
2721	2722	IS_AST_PARENT	
2578	2721	IS_AST_PARENT	
2731	2732	IS_AST_PARENT	
2733	2734	IS_AST_PARENT	
2733	2735	IS_AST_PARENT	
2731	2733	IS_AST_PARENT	
2730	2731	IS_AST_PARENT	
2729	2730	IS_AST_PARENT	
2739	2740	IS_AST_PARENT	
2738	2739	IS_AST_PARENT	
2742	2743	IS_AST_PARENT	
2741	2742	IS_AST_PARENT	
2744	2745	IS_AST_PARENT	
2741	2744	IS_AST_PARENT	
2746	2747	IS_AST_PARENT	
2741	2746	IS_AST_PARENT	
2748	2749	IS_AST_PARENT	
2741	2748	IS_AST_PARENT	
2738	2741	IS_AST_PARENT	
2737	2738	IS_AST_PARENT	
2736	2737	IS_AST_PARENT	
2729	2736	IS_AST_PARENT	
2578	2729	IS_AST_PARENT	
2754	2755	IS_AST_PARENT	
2754	2756	IS_AST_PARENT	
2753	2754	IS_AST_PARENT	
2757	2758	IS_AST_PARENT	
2757	2759	IS_AST_PARENT	
2753	2757	IS_AST_PARENT	
2752	2753	IS_AST_PARENT	
2762	2763	IS_AST_PARENT	
2762	2764	IS_AST_PARENT	
2761	2762	IS_AST_PARENT	
2765	2766	IS_AST_PARENT	
2765	2767	IS_AST_PARENT	
2761	2765	IS_AST_PARENT	
2760	2761	IS_AST_PARENT	
2769	2770	IS_AST_PARENT	
2769	2771	IS_AST_PARENT	
2768	2769	IS_AST_PARENT	
2772	2773	IS_AST_PARENT	
2772	2774	IS_AST_PARENT	
2768	2772	IS_AST_PARENT	
2760	2768	IS_AST_PARENT	
2752	2760	IS_AST_PARENT	
2751	2752	IS_AST_PARENT	
2750	2751	IS_AST_PARENT	
2778	2779	IS_AST_PARENT	
2777	2778	IS_AST_PARENT	
2781	2782	IS_AST_PARENT	
2780	2781	IS_AST_PARENT	
2783	2784	IS_AST_PARENT	
2780	2783	IS_AST_PARENT	
2785	2786	IS_AST_PARENT	
2780	2785	IS_AST_PARENT	
2787	2788	IS_AST_PARENT	
2780	2787	IS_AST_PARENT	
2789	2790	IS_AST_PARENT	
2780	2789	IS_AST_PARENT	
2791	2792	IS_AST_PARENT	
2780	2791	IS_AST_PARENT	
2777	2780	IS_AST_PARENT	
2776	2777	IS_AST_PARENT	
2775	2776	IS_AST_PARENT	
2750	2775	IS_AST_PARENT	
2578	2750	IS_AST_PARENT	
2795	2796	IS_AST_PARENT	
2794	2795	IS_AST_PARENT	
2798	2799	IS_AST_PARENT	
2797	2798	IS_AST_PARENT	
2800	2801	IS_AST_PARENT	
2797	2800	IS_AST_PARENT	
2802	2803	IS_AST_PARENT	
2797	2802	IS_AST_PARENT	
2794	2797	IS_AST_PARENT	
2793	2794	IS_AST_PARENT	
2578	2793	IS_AST_PARENT	
2806	2807	IS_AST_PARENT	
2805	2806	IS_AST_PARENT	
2809	2810	IS_AST_PARENT	
2808	2809	IS_AST_PARENT	
2811	2812	IS_AST_PARENT	
2808	2811	IS_AST_PARENT	
2813	2814	IS_AST_PARENT	
2808	2813	IS_AST_PARENT	
2805	2808	IS_AST_PARENT	
2804	2805	IS_AST_PARENT	
2578	2804	IS_AST_PARENT	
2818	2819	IS_AST_PARENT	
2818	2820	IS_AST_PARENT	
2817	2818	IS_AST_PARENT	
2817	2821	IS_AST_PARENT	
2816	2817	IS_AST_PARENT	
2816	2822	IS_AST_PARENT	
2815	2816	IS_AST_PARENT	
2578	2815	IS_AST_PARENT	
2577	2578	IS_AST_PARENT	
2577	2823	IS_AST_PARENT	
2577	2824	IS_AST_PARENT	
2826	2827	IS_AST_PARENT	
2826	2828	IS_AST_PARENT	
2825	2826	IS_AST_PARENT	
2829	2830	IS_AST_PARENT	
2829	2831	IS_AST_PARENT	
2825	2829	IS_AST_PARENT	
2832	2833	IS_AST_PARENT	
2832	2834	IS_AST_PARENT	
2825	2832	IS_AST_PARENT	
2577	2825	IS_AST_PARENT	
2835	2826	FLOWS_TO	
2826	2829	FLOWS_TO	
2829	2832	FLOWS_TO	
2832	2579	FLOWS_TO	
2579	2586	FLOWS_TO	
2608	2586	FLOWS_TO	
2608	2613	FLOWS_TO	
2586	2595	FLOWS_TO	
2586	2607	FLOWS_TO	
2595	2606	FLOWS_TO	
2606	2836	FLOWS_TO	
2607	2608	FLOWS_TO	
2635	2613	FLOWS_TO	
2635	2640	FLOWS_TO	
2613	2622	FLOWS_TO	
2613	2634	FLOWS_TO	
2622	2633	FLOWS_TO	
2633	2836	FLOWS_TO	
2634	2635	FLOWS_TO	
2660	2640	FLOWS_TO	
2660	2665	FLOWS_TO	
2640	2647	FLOWS_TO	
2640	2659	FLOWS_TO	
2647	2658	FLOWS_TO	
2658	2836	FLOWS_TO	
2659	2660	FLOWS_TO	
2691	2665	FLOWS_TO	
2691	2694	FLOWS_TO	
2665	2678	FLOWS_TO	
2665	2690	FLOWS_TO	
2678	2689	FLOWS_TO	
2689	2836	FLOWS_TO	
2690	2691	FLOWS_TO	
2694	2701	FLOWS_TO	
2694	2721	FLOWS_TO	
2701	2714	FLOWS_TO	
2714	2721	FLOWS_TO	
2721	2730	FLOWS_TO	
2730	2737	FLOWS_TO	
2730	2751	FLOWS_TO	
2737	2751	FLOWS_TO	
2751	2776	FLOWS_TO	
2751	2793	FLOWS_TO	
2776	2793	FLOWS_TO	
2793	2804	FLOWS_TO	
2804	2815	FLOWS_TO	
2815	2836	FLOWS_TO	
2751	2837	USE	
2595	2838	USE	
2602	2838	USE	
2622	2838	USE	
2629	2838	USE	
2647	2838	USE	
2654	2838	USE	
2678	2838	USE	
2685	2838	USE	
2730	2839	USE	
2751	2839	USE	
2751	2840	USE	
2730	2841	USE	
2751	2842	USE	
2694	2843	USE	
2721	2843	USE	
2724	2843	USE	
2815	2843	USE	
2817	2843	USE	
2721	2844	USE	
2722	2844	USE	
2815	2844	DEF	
2816	2844	DEF	
2721	2845	USE	
2722	2845	USE	
2815	2845	DEF	
2816	2845	DEF	
2751	2846	USE	
2829	2847	DEF	
2640	2847	USE	
2665	2847	USE	
2721	2847	USE	
2724	2847	USE	
2793	2847	USE	
2802	2847	USE	
2804	2847	USE	
2813	2847	USE	
2815	2847	USE	
2817	2847	USE	
2832	2848	DEF	
2613	2848	USE	
2730	2848	USE	
2733	2848	USE	
2751	2848	USE	
2772	2848	USE	
2765	2848	USE	
2757	2848	USE	
2776	2848	USE	
2789	2848	USE	
2804	2848	USE	
2809	2848	USE	
2815	2848	USE	
2816	2848	USE	
2665	2849	USE	
2751	2850	USE	
2721	2851	USE	
2722	2851	USE	
2815	2851	DEF	
2816	2851	DEF	
2751	2852	USE	
2579	2853	DEF	
2580	2853	DEF	
2721	2853	DEF	
2722	2853	DEF	
2751	2853	USE	
2762	2853	USE	
2769	2853	USE	
2754	2853	USE	
2776	2853	USE	
2791	2853	USE	
2793	2853	USE	
2798	2853	USE	
2701	2854	USE	
2708	2854	USE	
2737	2854	USE	
2744	2854	USE	
2776	2854	USE	
2783	2854	USE	
2751	2855	USE	
2826	2856	DEF	
2586	2856	USE	
2665	2856	USE	
2669	2856	USE	
2672	2856	USE	
2694	2856	USE	
2697	2856	USE	
2714	2856	USE	
2719	2856	USE	
2721	2856	USE	
2725	2856	USE	
2793	2856	USE	
2800	2856	USE	
2804	2856	USE	
2811	2856	USE	
2815	2856	USE	
2818	2856	USE	
2665	2857	USE	
2694	2857	USE	
2721	2857	USE	
2724	2857	USE	
2815	2857	USE	
2817	2857	USE	
2665	2858	USE	
2829	2640	REACHES	tile_num
2829	2665	REACHES	tile_num
2829	2721	REACHES	tile_num
2829	2793	REACHES	tile_num
2829	2804	REACHES	tile_num
2829	2815	REACHES	tile_num
2832	2613	REACHES	srctile
2832	2730	REACHES	srctile
2832	2751	REACHES	srctile
2832	2776	REACHES	srctile
2832	2804	REACHES	srctile
2832	2815	REACHES	srctile
2815	2836	REACHES	* tile_num
2721	2751	REACHES	tile
2721	2776	REACHES	tile
2721	2793	REACHES	tile
2826	2586	REACHES	tm
2826	2665	REACHES	tm
2826	2694	REACHES	tm
2826	2714	REACHES	tm
2826	2721	REACHES	tm
2826	2793	REACHES	tm
2826	2804	REACHES	tm
2826	2815	REACHES	tm
2835	2826	CONTROLS	
2835	2829	CONTROLS	
2835	2832	CONTROLS	
2835	2579	CONTROLS	
2835	2586	CONTROLS	
2608	2586	CONTROLS	
2608	2613	CONTROLS	
2586	2595	CONTROLS	
2586	2606	CONTROLS	
2586	2607	CONTROLS	
2586	2608	CONTROLS	
2635	2613	CONTROLS	
2635	2640	CONTROLS	
2613	2622	CONTROLS	
2613	2633	CONTROLS	
2613	2634	CONTROLS	
2613	2635	CONTROLS	
2660	2640	CONTROLS	
2660	2665	CONTROLS	
2640	2647	CONTROLS	
2640	2658	CONTROLS	
2640	2659	CONTROLS	
2640	2660	CONTROLS	
2691	2665	CONTROLS	
2691	2694	CONTROLS	
2691	2721	CONTROLS	
2691	2730	CONTROLS	
2691	2751	CONTROLS	
2691	2793	CONTROLS	
2691	2804	CONTROLS	
2691	2815	CONTROLS	
2665	2678	CONTROLS	
2665	2689	CONTROLS	
2665	2690	CONTROLS	
2665	2691	CONTROLS	
2694	2701	CONTROLS	
2694	2714	CONTROLS	
2730	2737	CONTROLS	
2751	2776	CONTROLS	
2607	2608	DOM	
2694	2701	DOM	
2730	2751	DOM	
2829	2832	DOM	
2586	2607	DOM	
2634	2635	DOM	
2835	2826	DOM	
2586	2595	DOM	
2579	2586	DOM	
2613	2622	DOM	
2691	2694	DOM	
2690	2691	DOM	
2586	2836	DOM	
2665	2690	DOM	
2751	2776	DOM	
2595	2606	DOM	
2721	2730	DOM	
2647	2658	DOM	
2826	2829	DOM	
2793	2804	DOM	
2613	2634	DOM	
2730	2737	DOM	
2665	2678	DOM	
2678	2689	DOM	
2622	2633	DOM	
2694	2721	DOM	
2660	2665	DOM	
2832	2579	DOM	
2640	2659	DOM	
2635	2640	DOM	
2640	2647	DOM	
2835	2835	DOM	
2659	2660	DOM	
2804	2815	DOM	
2608	2613	DOM	
2751	2793	DOM	
2701	2714	DOM	
2836	2608	POST_DOM	
2793	2751	POST_DOM	
2714	2701	POST_DOM	
2579	2832	POST_DOM	
2608	2607	POST_DOM	
2836	2635	POST_DOM	
2829	2826	POST_DOM	
2606	2595	POST_DOM	
2836	2586	POST_DOM	
2633	2622	POST_DOM	
2721	2694	POST_DOM	
2836	2691	POST_DOM	
2836	2836	POST_DOM	
2691	2690	POST_DOM	
2793	2776	POST_DOM	
2836	2606	POST_DOM	
2751	2730	POST_DOM	
2836	2658	POST_DOM	
2832	2829	POST_DOM	
2815	2804	POST_DOM	
2635	2634	POST_DOM	
2751	2737	POST_DOM	
2689	2678	POST_DOM	
2836	2689	POST_DOM	
2836	2633	POST_DOM	
2730	2721	POST_DOM	
2836	2665	POST_DOM	
2586	2579	POST_DOM	
2660	2659	POST_DOM	
2836	2640	POST_DOM	
2658	2647	POST_DOM	
2826	2835	POST_DOM	
2836	2660	POST_DOM	
2836	2815	POST_DOM	
2836	2613	POST_DOM	
2804	2793	POST_DOM	
2721	2714	POST_DOM	
2576	2577	IS_FUNCTION_OF_AST	
2576	2835	IS_FUNCTION_OF_CFG	
1	2576	IS_FILE_OF	
2863	2864	IS_AST_PARENT	
2863	2865	IS_AST_PARENT	
2862	2863	IS_AST_PARENT	
2861	2862	IS_AST_PARENT	
2867	2868	IS_AST_PARENT	
2867	2869	IS_AST_PARENT	
2866	2867	IS_AST_PARENT	
2861	2866	IS_AST_PARENT	
2872	2873	IS_AST_PARENT	
2874	2875	IS_AST_PARENT	
2874	2876	IS_AST_PARENT	
2872	2874	IS_AST_PARENT	
2871	2872	IS_AST_PARENT	
2870	2871	IS_AST_PARENT	
2877	2878	IS_AST_PARENT	
2870	2877	IS_AST_PARENT	
2861	2870	IS_AST_PARENT	
2881	2882	IS_AST_PARENT	
2881	2883	IS_AST_PARENT	
2880	2881	IS_AST_PARENT	
2879	2880	IS_AST_PARENT	
2885	2886	IS_AST_PARENT	
2887	2888	IS_AST_PARENT	
2887	2889	IS_AST_PARENT	
2885	2887	IS_AST_PARENT	
2884	2885	IS_AST_PARENT	
2879	2884	IS_AST_PARENT	
2890	2891	IS_AST_PARENT	
2892	2893	IS_AST_PARENT	
2894	2895	IS_AST_PARENT	
2894	2896	IS_AST_PARENT	
2892	2894	IS_AST_PARENT	
2890	2892	IS_AST_PARENT	
2879	2890	IS_AST_PARENT	
2899	2900	IS_AST_PARENT	
2899	2901	IS_AST_PARENT	
2898	2899	IS_AST_PARENT	
2897	2898	IS_AST_PARENT	
2903	2904	IS_AST_PARENT	
2905	2906	IS_AST_PARENT	
2905	2907	IS_AST_PARENT	
2903	2905	IS_AST_PARENT	
2902	2903	IS_AST_PARENT	
2897	2902	IS_AST_PARENT	
2908	2909	IS_AST_PARENT	
2910	2911	IS_AST_PARENT	
2912	2913	IS_AST_PARENT	
2912	2914	IS_AST_PARENT	
2910	2912	IS_AST_PARENT	
2908	2910	IS_AST_PARENT	
2897	2908	IS_AST_PARENT	
2918	2919	IS_AST_PARENT	
2917	2918	IS_AST_PARENT	
2921	2922	IS_AST_PARENT	
2920	2921	IS_AST_PARENT	
2923	2924	IS_AST_PARENT	
2920	2923	IS_AST_PARENT	
2925	2926	IS_AST_PARENT	
2920	2925	IS_AST_PARENT	
2917	2920	IS_AST_PARENT	
2916	2917	IS_AST_PARENT	
2915	2916	IS_AST_PARENT	
2897	2915	IS_AST_PARENT	
2879	2897	IS_AST_PARENT	
2861	2879	IS_AST_PARENT	
2860	2861	IS_AST_PARENT	
2860	2927	IS_AST_PARENT	
2860	2928	IS_AST_PARENT	
2930	2931	IS_AST_PARENT	
2930	2932	IS_AST_PARENT	
2929	2930	IS_AST_PARENT	
2933	2934	IS_AST_PARENT	
2933	2935	IS_AST_PARENT	
2929	2933	IS_AST_PARENT	
2936	2937	IS_AST_PARENT	
2936	2938	IS_AST_PARENT	
2929	2936	IS_AST_PARENT	
2939	2940	IS_AST_PARENT	
2939	2941	IS_AST_PARENT	
2929	2939	IS_AST_PARENT	
2942	2943	IS_AST_PARENT	
2942	2944	IS_AST_PARENT	
2929	2942	IS_AST_PARENT	
2860	2929	IS_AST_PARENT	
2945	2930	FLOWS_TO	
2930	2933	FLOWS_TO	
2933	2936	FLOWS_TO	
2936	2939	FLOWS_TO	
2939	2942	FLOWS_TO	
2942	2862	FLOWS_TO	
2862	2866	FLOWS_TO	
2866	2871	FLOWS_TO	
2871	2878	FLOWS_TO	
2871	2880	FLOWS_TO	
2878	2946	FLOWS_TO	
2884	2898	FLOWS_TO	
2884	2946	FLOWS_TO	
2880	2884	FLOWS_TO	
2890	2884	FLOWS_TO	
2902	2916	FLOWS_TO	
2902	2890	FLOWS_TO	
2898	2902	FLOWS_TO	
2908	2902	FLOWS_TO	
2916	2908	FLOWS_TO	
2939	2947	DEF	
2902	2947	USE	
2871	2948	USE	
2933	2949	DEF	
2902	2949	USE	
2898	2949	USE	
2899	2949	USE	
2942	2950	DEF	
2884	2950	USE	
2930	2951	DEF	
2871	2951	USE	
2874	2951	USE	
2916	2951	USE	
2921	2951	USE	
2936	2952	DEF	
2884	2952	USE	
2880	2952	USE	
2881	2952	USE	
2862	2953	DEF	
2863	2953	DEF	
2884	2953	USE	
2880	2953	DEF	
2881	2953	DEF	
2890	2953	USE	
2890	2953	DEF	
2916	2953	USE	
2925	2953	USE	
2866	2954	DEF	
2867	2954	DEF	
2902	2954	USE	
2898	2954	DEF	
2899	2954	DEF	
2908	2954	DEF	
2908	2954	USE	
2916	2954	USE	
2923	2954	USE	
2871	2955	USE	
2942	2884	REACHES	h
2890	2884	REACHES	i
2880	2884	REACHES	i
2890	2890	REACHES	i
2880	2890	REACHES	i
2890	2916	REACHES	i
2880	2916	REACHES	i
2898	2902	REACHES	j
2908	2902	REACHES	j
2898	2908	REACHES	j
2908	2908	REACHES	j
2898	2916	REACHES	j
2908	2916	REACHES	j
2939	2902	REACHES	w
2933	2902	REACHES	x
2933	2898	REACHES	x
2930	2871	REACHES	tm
2936	2884	REACHES	y
2936	2880	REACHES	y
2930	2916	REACHES	tm
2945	2930	CONTROLS	
2945	2933	CONTROLS	
2945	2936	CONTROLS	
2945	2939	CONTROLS	
2945	2942	CONTROLS	
2945	2862	CONTROLS	
2945	2866	CONTROLS	
2945	2871	CONTROLS	
2871	2878	CONTROLS	
2871	2880	CONTROLS	
2871	2884	CONTROLS	
2884	2898	CONTROLS	
2884	2902	CONTROLS	
2884	2890	CONTROLS	
2902	2916	CONTROLS	
2902	2908	CONTROLS	
2945	2930	DOM	
2902	2916	DOM	
2933	2936	DOM	
2936	2939	DOM	
2916	2908	DOM	
2880	2884	DOM	
2945	2945	DOM	
2862	2866	DOM	
2871	2946	DOM	
2898	2902	DOM	
2939	2942	DOM	
2871	2878	DOM	
2884	2898	DOM	
2871	2880	DOM	
2942	2862	DOM	
2930	2933	DOM	
2866	2871	DOM	
2902	2890	DOM	
2933	2930	POST_DOM	
2908	2916	POST_DOM	
2942	2939	POST_DOM	
2939	2936	POST_DOM	
2902	2908	POST_DOM	
2946	2884	POST_DOM	
2930	2945	POST_DOM	
2871	2866	POST_DOM	
2946	2946	POST_DOM	
2890	2902	POST_DOM	
2946	2878	POST_DOM	
2862	2942	POST_DOM	
2902	2898	POST_DOM	
2884	2880	POST_DOM	
2866	2862	POST_DOM	
2936	2933	POST_DOM	
2946	2871	POST_DOM	
2884	2890	POST_DOM	
2859	2860	IS_FUNCTION_OF_AST	
2859	2945	IS_FUNCTION_OF_CFG	
1	2859	IS_FILE_OF	
2963	2964	IS_AST_PARENT	
2965	2966	IS_AST_PARENT	
2965	2967	IS_AST_PARENT	
2963	2965	IS_AST_PARENT	
2962	2963	IS_AST_PARENT	
2961	2962	IS_AST_PARENT	
2961	2968	IS_AST_PARENT	
2973	2974	IS_AST_PARENT	
2972	2973	IS_AST_PARENT	
2976	2977	IS_AST_PARENT	
2975	2976	IS_AST_PARENT	
2978	2979	IS_AST_PARENT	
2975	2978	IS_AST_PARENT	
2980	2981	IS_AST_PARENT	
2975	2980	IS_AST_PARENT	
2972	2975	IS_AST_PARENT	
2971	2972	IS_AST_PARENT	
2970	2971	IS_AST_PARENT	
2982	2983	IS_AST_PARENT	
2970	2982	IS_AST_PARENT	
2969	2970	IS_AST_PARENT	
2961	2969	IS_AST_PARENT	
2960	2961	IS_AST_PARENT	
2960	2984	IS_AST_PARENT	
2959	2960	IS_AST_PARENT	
2985	2986	IS_AST_PARENT	
2959	2985	IS_AST_PARENT	
2958	2959	IS_AST_PARENT	
2988	2989	IS_AST_PARENT	
2988	2990	IS_AST_PARENT	
2987	2988	IS_AST_PARENT	
2958	2987	IS_AST_PARENT	
2957	2958	IS_AST_PARENT	
2957	2991	IS_AST_PARENT	
2957	2992	IS_AST_PARENT	
2994	2995	IS_AST_PARENT	
2994	2996	IS_AST_PARENT	
2993	2994	IS_AST_PARENT	
2957	2993	IS_AST_PARENT	
2997	2994	FLOWS_TO	
2994	2962	FLOWS_TO	
2985	2962	FLOWS_TO	
2985	2987	FLOWS_TO	
2962	2971	FLOWS_TO	
2962	2984	FLOWS_TO	
2971	2982	FLOWS_TO	
2982	2998	FLOWS_TO	
2984	2985	FLOWS_TO	
2987	2998	FLOWS_TO	
2971	2999	USE	
2978	2999	USE	
2994	3000	DEF	
2962	3000	USE	
2987	3000	USE	
2988	3000	USE	
2987	3001	USE	
2987	3002	USE	
2994	2962	REACHES	tm
2994	2987	REACHES	tm
2997	2994	CONTROLS	
2997	2962	CONTROLS	
2985	2962	CONTROLS	
2985	2987	CONTROLS	
2962	2971	CONTROLS	
2962	2982	CONTROLS	
2962	2984	CONTROLS	
2962	2985	CONTROLS	
2997	2994	DOM	
2994	2962	DOM	
2962	2998	DOM	
2985	2987	DOM	
2962	2984	DOM	
2962	2971	DOM	
2984	2985	DOM	
2997	2997	DOM	
2971	2982	DOM	
2962	2994	POST_DOM	
2998	2962	POST_DOM	
2998	2998	POST_DOM	
2998	2987	POST_DOM	
2985	2984	POST_DOM	
2982	2971	POST_DOM	
2998	2985	POST_DOM	
2998	2982	POST_DOM	
2994	2997	POST_DOM	
2956	2957	IS_FUNCTION_OF_AST	
2956	2997	IS_FUNCTION_OF_CFG	
1	2956	IS_FILE_OF	
3010	3011	IS_AST_PARENT	
3012	3013	IS_AST_PARENT	
3012	3014	IS_AST_PARENT	
3010	3012	IS_AST_PARENT	
3009	3010	IS_AST_PARENT	
3008	3009	IS_AST_PARENT	
3008	3015	IS_AST_PARENT	
3020	3021	IS_AST_PARENT	
3019	3020	IS_AST_PARENT	
3023	3024	IS_AST_PARENT	
3022	3023	IS_AST_PARENT	
3025	3026	IS_AST_PARENT	
3022	3025	IS_AST_PARENT	
3027	3028	IS_AST_PARENT	
3022	3027	IS_AST_PARENT	
3019	3022	IS_AST_PARENT	
3018	3019	IS_AST_PARENT	
3017	3018	IS_AST_PARENT	
3029	3030	IS_AST_PARENT	
3017	3029	IS_AST_PARENT	
3016	3017	IS_AST_PARENT	
3008	3016	IS_AST_PARENT	
3007	3008	IS_AST_PARENT	
3007	3031	IS_AST_PARENT	
3006	3007	IS_AST_PARENT	
3032	3033	IS_AST_PARENT	
3006	3032	IS_AST_PARENT	
3005	3006	IS_AST_PARENT	
3035	3036	IS_AST_PARENT	
3035	3037	IS_AST_PARENT	
3034	3035	IS_AST_PARENT	
3005	3034	IS_AST_PARENT	
3004	3005	IS_AST_PARENT	
3004	3038	IS_AST_PARENT	
3004	3039	IS_AST_PARENT	
3041	3042	IS_AST_PARENT	
3041	3043	IS_AST_PARENT	
3040	3041	IS_AST_PARENT	
3004	3040	IS_AST_PARENT	
3044	3041	FLOWS_TO	
3041	3009	FLOWS_TO	
3032	3009	FLOWS_TO	
3032	3034	FLOWS_TO	
3009	3018	FLOWS_TO	
3009	3031	FLOWS_TO	
3018	3029	FLOWS_TO	
3029	3045	FLOWS_TO	
3031	3032	FLOWS_TO	
3034	3045	FLOWS_TO	
3018	3046	USE	
3025	3046	USE	
3034	3047	USE	
3041	3048	DEF	
3009	3048	USE	
3034	3048	USE	
3035	3048	USE	
3034	3049	USE	
3041	3009	REACHES	tm
3041	3034	REACHES	tm
3044	3041	CONTROLS	
3044	3009	CONTROLS	
3032	3009	CONTROLS	
3032	3034	CONTROLS	
3009	3018	CONTROLS	
3009	3029	CONTROLS	
3009	3031	CONTROLS	
3009	3032	CONTROLS	
3009	3045	DOM	
3009	3031	DOM	
3031	3032	DOM	
3041	3009	DOM	
3044	3044	DOM	
3009	3018	DOM	
3044	3041	DOM	
3018	3029	DOM	
3032	3034	DOM	
3045	3045	POST_DOM	
3045	3032	POST_DOM	
3032	3031	POST_DOM	
3045	3009	POST_DOM	
3041	3044	POST_DOM	
3029	3018	POST_DOM	
3009	3041	POST_DOM	
3045	3029	POST_DOM	
3045	3034	POST_DOM	
3003	3004	IS_FUNCTION_OF_AST	
3003	3044	IS_FUNCTION_OF_CFG	
1	3003	IS_FILE_OF	
3057	3058	IS_AST_PARENT	
3059	3060	IS_AST_PARENT	
3059	3061	IS_AST_PARENT	
3057	3059	IS_AST_PARENT	
3056	3057	IS_AST_PARENT	
3055	3056	IS_AST_PARENT	
3055	3062	IS_AST_PARENT	
3067	3068	IS_AST_PARENT	
3066	3067	IS_AST_PARENT	
3070	3071	IS_AST_PARENT	
3069	3070	IS_AST_PARENT	
3072	3073	IS_AST_PARENT	
3069	3072	IS_AST_PARENT	
3074	3075	IS_AST_PARENT	
3069	3074	IS_AST_PARENT	
3066	3069	IS_AST_PARENT	
3065	3066	IS_AST_PARENT	
3064	3065	IS_AST_PARENT	
3076	3077	IS_AST_PARENT	
3064	3076	IS_AST_PARENT	
3063	3064	IS_AST_PARENT	
3055	3063	IS_AST_PARENT	
3054	3055	IS_AST_PARENT	
3054	3078	IS_AST_PARENT	
3053	3054	IS_AST_PARENT	
3079	3080	IS_AST_PARENT	
3053	3079	IS_AST_PARENT	
3052	3053	IS_AST_PARENT	
3082	3083	IS_AST_PARENT	
3082	3084	IS_AST_PARENT	
3081	3082	IS_AST_PARENT	
3052	3081	IS_AST_PARENT	
3051	3052	IS_AST_PARENT	
3051	3085	IS_AST_PARENT	
3051	3086	IS_AST_PARENT	
3088	3089	IS_AST_PARENT	
3088	3090	IS_AST_PARENT	
3087	3088	IS_AST_PARENT	
3051	3087	IS_AST_PARENT	
3091	3088	FLOWS_TO	
3088	3056	FLOWS_TO	
3079	3056	FLOWS_TO	
3079	3081	FLOWS_TO	
3056	3065	FLOWS_TO	
3056	3078	FLOWS_TO	
3065	3076	FLOWS_TO	
3076	3092	FLOWS_TO	
3078	3079	FLOWS_TO	
3081	3092	FLOWS_TO	
3065	3093	USE	
3072	3093	USE	
3081	3094	USE	
3088	3095	DEF	
3056	3095	USE	
3081	3095	USE	
3082	3095	USE	
3081	3096	USE	
3088	3056	REACHES	tm
3088	3081	REACHES	tm
3091	3088	CONTROLS	
3091	3056	CONTROLS	
3079	3056	CONTROLS	
3079	3081	CONTROLS	
3056	3065	CONTROLS	
3056	3076	CONTROLS	
3056	3078	CONTROLS	
3056	3079	CONTROLS	
3056	3092	DOM	
3091	3088	DOM	
3088	3056	DOM	
3056	3065	DOM	
3091	3091	DOM	
3079	3081	DOM	
3056	3078	DOM	
3065	3076	DOM	
3078	3079	DOM	
3092	3092	POST_DOM	
3056	3088	POST_DOM	
3092	3056	POST_DOM	
3076	3065	POST_DOM	
3088	3091	POST_DOM	
3092	3081	POST_DOM	
3079	3078	POST_DOM	
3092	3076	POST_DOM	
3092	3079	POST_DOM	
3050	3051	IS_FUNCTION_OF_AST	
3050	3091	IS_FUNCTION_OF_CFG	
1	3050	IS_FILE_OF	
3101	3102	IS_AST_PARENT	
3101	3103	IS_AST_PARENT	
3104	3105	IS_AST_PARENT	
3106	3107	IS_AST_PARENT	
3106	3108	IS_AST_PARENT	
3104	3106	IS_AST_PARENT	
3101	3104	IS_AST_PARENT	
3100	3101	IS_AST_PARENT	
3099	3100	IS_AST_PARENT	
3111	3112	IS_AST_PARENT	
3111	3113	IS_AST_PARENT	
3110	3111	IS_AST_PARENT	
3109	3110	IS_AST_PARENT	
3115	3116	IS_AST_PARENT	
3114	3115	IS_AST_PARENT	
3109	3114	IS_AST_PARENT	
3099	3109	IS_AST_PARENT	
3118	3119	IS_AST_PARENT	
3122	3123	IS_AST_PARENT	
3124	3125	IS_AST_PARENT	
3124	3126	IS_AST_PARENT	
3122	3124	IS_AST_PARENT	
3121	3122	IS_AST_PARENT	
3127	3128	IS_AST_PARENT	
3127	3129	IS_AST_PARENT	
3121	3127	IS_AST_PARENT	
3120	3121	IS_AST_PARENT	
3131	3132	IS_AST_PARENT	
3131	3133	IS_AST_PARENT	
3130	3131	IS_AST_PARENT	
3134	3135	IS_AST_PARENT	
3134	3136	IS_AST_PARENT	
3130	3134	IS_AST_PARENT	
3120	3130	IS_AST_PARENT	
3118	3120	IS_AST_PARENT	
3117	3118	IS_AST_PARENT	
3099	3117	IS_AST_PARENT	
3138	3139	IS_AST_PARENT	
3137	3138	IS_AST_PARENT	
3143	3144	IS_AST_PARENT	
3143	3145	IS_AST_PARENT	
3142	3143	IS_AST_PARENT	
3141	3142	IS_AST_PARENT	
3148	3149	IS_AST_PARENT	
3148	3150	IS_AST_PARENT	
3151	3152	IS_AST_PARENT	
3153	3154	IS_AST_PARENT	
3153	3155	IS_AST_PARENT	
3151	3153	IS_AST_PARENT	
3148	3151	IS_AST_PARENT	
3147	3148	IS_AST_PARENT	
3146	3147	IS_AST_PARENT	
3157	3158	IS_AST_PARENT	
3157	3159	IS_AST_PARENT	
3160	3161	IS_AST_PARENT	
3162	3163	IS_AST_PARENT	
3164	3165	IS_AST_PARENT	
3166	3167	IS_AST_PARENT	
3166	3168	IS_AST_PARENT	
3164	3166	IS_AST_PARENT	
3162	3164	IS_AST_PARENT	
3160	3162	IS_AST_PARENT	
3157	3160	IS_AST_PARENT	
3156	3157	IS_AST_PARENT	
3146	3156	IS_AST_PARENT	
3170	3171	IS_AST_PARENT	
3170	3172	IS_AST_PARENT	
3169	3170	IS_AST_PARENT	
3146	3169	IS_AST_PARENT	
3174	3175	IS_AST_PARENT	
3174	3176	IS_AST_PARENT	
3173	3174	IS_AST_PARENT	
3146	3173	IS_AST_PARENT	
3179	3180	IS_AST_PARENT	
3179	3181	IS_AST_PARENT	
3178	3179	IS_AST_PARENT	
3177	3178	IS_AST_PARENT	
3183	3184	IS_AST_PARENT	
3185	3186	IS_AST_PARENT	
3185	3187	IS_AST_PARENT	
3183	3185	IS_AST_PARENT	
3182	3183	IS_AST_PARENT	
3177	3182	IS_AST_PARENT	
3188	3189	IS_AST_PARENT	
3188	3190	IS_AST_PARENT	
3177	3188	IS_AST_PARENT	
3193	3194	IS_AST_PARENT	
3193	3195	IS_AST_PARENT	
3192	3193	IS_AST_PARENT	
3191	3192	IS_AST_PARENT	
3197	3198	IS_AST_PARENT	
3199	3200	IS_AST_PARENT	
3199	3201	IS_AST_PARENT	
3197	3199	IS_AST_PARENT	
3196	3197	IS_AST_PARENT	
3191	3196	IS_AST_PARENT	
3203	3204	IS_AST_PARENT	
3203	3205	IS_AST_PARENT	
3202	3203	IS_AST_PARENT	
3206	3207	IS_AST_PARENT	
3206	3208	IS_AST_PARENT	
3202	3206	IS_AST_PARENT	
3191	3202	IS_AST_PARENT	
3213	3214	IS_AST_PARENT	
3212	3213	IS_AST_PARENT	
3217	3218	IS_AST_PARENT	
3217	3219	IS_AST_PARENT	
3216	3217	IS_AST_PARENT	
3215	3216	IS_AST_PARENT	
3212	3215	IS_AST_PARENT	
3211	3212	IS_AST_PARENT	
3210	3211	IS_AST_PARENT	
3222	3223	IS_AST_PARENT	
3222	3224	IS_AST_PARENT	
3221	3222	IS_AST_PARENT	
3220	3221	IS_AST_PARENT	
3210	3220	IS_AST_PARENT	
3209	3210	IS_AST_PARENT	
3191	3209	IS_AST_PARENT	
3177	3191	IS_AST_PARENT	
3146	3177	IS_AST_PARENT	
3141	3146	IS_AST_PARENT	
3140	3141	IS_AST_PARENT	
3137	3140	IS_AST_PARENT	
3228	3229	IS_AST_PARENT	
3231	3232	IS_AST_PARENT	
3233	3234	IS_AST_PARENT	
3233	3235	IS_AST_PARENT	
3231	3233	IS_AST_PARENT	
3230	3231	IS_AST_PARENT	
3237	3238	IS_AST_PARENT	
3237	3239	IS_AST_PARENT	
3236	3237	IS_AST_PARENT	
3240	3241	IS_AST_PARENT	
3240	3242	IS_AST_PARENT	
3236	3240	IS_AST_PARENT	
3230	3236	IS_AST_PARENT	
3228	3230	IS_AST_PARENT	
3227	3228	IS_AST_PARENT	
3226	3227	IS_AST_PARENT	
3225	3226	IS_AST_PARENT	
3137	3225	IS_AST_PARENT	
3099	3137	IS_AST_PARENT	
3243	3244	IS_AST_PARENT	
3099	3243	IS_AST_PARENT	
3098	3099	IS_AST_PARENT	
3098	3245	IS_AST_PARENT	
3098	3246	IS_AST_PARENT	
3248	3249	IS_AST_PARENT	
3248	3250	IS_AST_PARENT	
3247	3248	IS_AST_PARENT	
3251	3252	IS_AST_PARENT	
3251	3253	IS_AST_PARENT	
3247	3251	IS_AST_PARENT	
3098	3247	IS_AST_PARENT	
3254	3248	FLOWS_TO	
3248	3251	FLOWS_TO	
3251	3100	FLOWS_TO	
3100	3110	FLOWS_TO	
3110	3115	FLOWS_TO	
3110	3117	FLOWS_TO	
3115	3255	FLOWS_TO	
3117	3138	FLOWS_TO	
3138	3142	FLOWS_TO	
3138	3227	FLOWS_TO	
3142	3147	FLOWS_TO	
3142	3243	FLOWS_TO	
3147	3156	FLOWS_TO	
3156	3169	FLOWS_TO	
3169	3173	FLOWS_TO	
3173	3178	FLOWS_TO	
3182	3192	FLOWS_TO	
3182	3243	FLOWS_TO	
3178	3182	FLOWS_TO	
3188	3182	FLOWS_TO	
3196	3211	FLOWS_TO	
3196	3188	FLOWS_TO	
3192	3196	FLOWS_TO	
3202	3196	FLOWS_TO	
3211	3221	FLOWS_TO	
3211	3202	FLOWS_TO	
3221	3202	FLOWS_TO	
3227	3243	FLOWS_TO	
3243	3255	FLOWS_TO	
3100	3256	DEF	
3101	3256	DEF	
3104	3256	DEF	
3117	3256	USE	
3118	3256	USE	
3117	3256	DEF	
3118	3256	DEF	
3221	3256	USE	
3222	3256	USE	
3221	3256	DEF	
3222	3256	DEF	
3227	3256	USE	
3228	3256	USE	
3227	3256	DEF	
3228	3256	DEF	
3243	3256	USE	
3142	3257	USE	
3147	3257	USE	
3151	3257	USE	
3169	3258	DEF	
3170	3258	DEF	
3182	3258	USE	
3178	3258	DEF	
3179	3258	DEF	
3188	3258	USE	
3188	3258	DEF	
3173	3259	DEF	
3174	3259	DEF	
3196	3259	USE	
3192	3259	DEF	
3193	3259	DEF	
3202	3259	DEF	
3203	3259	DEF	
3202	3259	USE	
3203	3259	USE	
3117	3260	USE	
3118	3260	USE	
3196	3260	USE	
3147	3261	DEF	
3148	3261	DEF	
3151	3261	DEF	
3202	3261	USE	
3206	3261	USE	
3202	3261	DEF	
3206	3261	DEF	
3211	3261	USE	
3217	3261	USE	
3227	3262	USE	
3228	3262	USE	
3156	3263	DEF	
3160	3263	DEF	
3157	3263	DEF	
3221	3263	USE	
3222	3263	USE	
3251	3264	DEF	
3138	3264	USE	
3156	3265	USE	
3160	3265	USE	
3227	3265	USE	
3228	3265	USE	
3248	3266	DEF	
3110	3266	USE	
3117	3266	USE	
3124	3266	USE	
3127	3266	USE	
3142	3266	USE	
3143	3266	USE	
3147	3266	USE	
3153	3266	USE	
3156	3266	USE	
3166	3266	USE	
3182	3266	USE	
3185	3266	USE	
3196	3266	USE	
3199	3266	USE	
3227	3266	USE	
3240	3266	USE	
3233	3266	USE	
3237	3266	USE	
3227	3267	USE	
3228	3267	USE	
3211	3268	USE	
3216	3268	USE	
3117	3269	USE	
3118	3269	USE	
3142	3269	USE	
3147	3269	USE	
3151	3269	USE	
3156	3269	USE	
3160	3269	USE	
3182	3269	USE	
3196	3269	USE	
3227	3269	USE	
3228	3269	USE	
3117	3270	USE	
3118	3270	USE	
3182	3270	USE	
3211	3271	USE	
3100	3117	REACHES	memsize
3117	3221	REACHES	memsize
3221	3221	REACHES	memsize
3117	3227	REACHES	memsize
3117	3243	REACHES	memsize
3221	3243	REACHES	memsize
3227	3243	REACHES	memsize
3147	3202	REACHES	tiles
3202	3202	REACHES	tiles
3147	3211	REACHES	tiles
3202	3211	REACHES	tiles
3178	3182	REACHES	i
3188	3182	REACHES	i
3178	3188	REACHES	i
3188	3188	REACHES	i
3202	3196	REACHES	j
3192	3196	REACHES	j
3202	3202	REACHES	j
3192	3202	REACHES	j
3156	3221	REACHES	size
3251	3138	REACHES	sparse
3248	3110	REACHES	tm
3248	3117	REACHES	tm
3248	3142	REACHES	tm
3248	3147	REACHES	tm
3248	3156	REACHES	tm
3248	3182	REACHES	tm
3248	3196	REACHES	tm
3248	3227	REACHES	tm
3254	3248	CONTROLS	
3254	3251	CONTROLS	
3254	3100	CONTROLS	
3254	3110	CONTROLS	
3110	3115	CONTROLS	
3110	3117	CONTROLS	
3110	3138	CONTROLS	
3110	3243	CONTROLS	
3138	3142	CONTROLS	
3138	3227	CONTROLS	
3142	3147	CONTROLS	
3142	3156	CONTROLS	
3142	3169	CONTROLS	
3142	3173	CONTROLS	
3142	3178	CONTROLS	
3142	3182	CONTROLS	
3182	3192	CONTROLS	
3182	3196	CONTROLS	
3182	3188	CONTROLS	
3196	3211	CONTROLS	
3196	3202	CONTROLS	
3211	3221	CONTROLS	
3248	3251	DOM	
3251	3100	DOM	
3110	3255	DOM	
3138	3243	DOM	
3147	3156	DOM	
3178	3182	DOM	
3196	3211	DOM	
3192	3196	DOM	
3211	3202	DOM	
3100	3110	DOM	
3173	3178	DOM	
3138	3142	DOM	
3138	3227	DOM	
3110	3117	DOM	
3196	3188	DOM	
3169	3173	DOM	
3254	3254	DOM	
3142	3147	DOM	
3254	3248	DOM	
3211	3221	DOM	
3110	3115	DOM	
3156	3169	DOM	
3182	3192	DOM	
3117	3138	DOM	
3100	3251	POST_DOM	
3255	3255	POST_DOM	
3110	3100	POST_DOM	
3255	3243	POST_DOM	
3243	3182	POST_DOM	
3169	3156	POST_DOM	
3202	3211	POST_DOM	
3188	3196	POST_DOM	
3196	3202	POST_DOM	
3255	3110	POST_DOM	
3182	3178	POST_DOM	
3243	3142	POST_DOM	
3243	3227	POST_DOM	
3138	3117	POST_DOM	
3182	3188	POST_DOM	
3178	3173	POST_DOM	
3248	3254	POST_DOM	
3156	3147	POST_DOM	
3251	3248	POST_DOM	
3202	3221	POST_DOM	
3255	3115	POST_DOM	
3173	3169	POST_DOM	
3196	3192	POST_DOM	
3243	3138	POST_DOM	
3097	3098	IS_FUNCTION_OF_AST	
3097	3254	IS_FUNCTION_OF_CFG	
1	3097	IS_FILE_OF	
3276	3277	IS_AST_PARENT	
3276	3278	IS_AST_PARENT	
3275	3276	IS_AST_PARENT	
3274	3275	IS_AST_PARENT	
3281	3282	IS_AST_PARENT	
3283	3284	IS_AST_PARENT	
3283	3285	IS_AST_PARENT	
3281	3283	IS_AST_PARENT	
3280	3281	IS_AST_PARENT	
3279	3280	IS_AST_PARENT	
3286	3287	IS_AST_PARENT	
3279	3286	IS_AST_PARENT	
3288	3289	IS_AST_PARENT	
3290	3291	IS_AST_PARENT	
3290	3292	IS_AST_PARENT	
3288	3290	IS_AST_PARENT	
3279	3288	IS_AST_PARENT	
3297	3298	IS_AST_PARENT	
3297	3299	IS_AST_PARENT	
3296	3297	IS_AST_PARENT	
3296	3300	IS_AST_PARENT	
3295	3296	IS_AST_PARENT	
3294	3295	IS_AST_PARENT	
3301	3302	IS_AST_PARENT	
3294	3301	IS_AST_PARENT	
3293	3294	IS_AST_PARENT	
3279	3293	IS_AST_PARENT	
3274	3279	IS_AST_PARENT	
3305	3306	IS_AST_PARENT	
3307	3308	IS_AST_PARENT	
3307	3309	IS_AST_PARENT	
3305	3307	IS_AST_PARENT	
3304	3305	IS_AST_PARENT	
3303	3304	IS_AST_PARENT	
3313	3314	IS_AST_PARENT	
3312	3313	IS_AST_PARENT	
3316	3317	IS_AST_PARENT	
3315	3316	IS_AST_PARENT	
3318	3319	IS_AST_PARENT	
3315	3318	IS_AST_PARENT	
3320	3321	IS_AST_PARENT	
3315	3320	IS_AST_PARENT	
3322	3323	IS_AST_PARENT	
3315	3322	IS_AST_PARENT	
3312	3315	IS_AST_PARENT	
3311	3312	IS_AST_PARENT	
3310	3311	IS_AST_PARENT	
3324	3325	IS_AST_PARENT	
3310	3324	IS_AST_PARENT	
3303	3310	IS_AST_PARENT	
3274	3303	IS_AST_PARENT	
3327	3328	IS_AST_PARENT	
3327	3329	IS_AST_PARENT	
3326	3327	IS_AST_PARENT	
3274	3326	IS_AST_PARENT	
3273	3274	IS_AST_PARENT	
3273	3330	IS_AST_PARENT	
3273	3331	IS_AST_PARENT	
3333	3334	IS_AST_PARENT	
3333	3335	IS_AST_PARENT	
3332	3333	IS_AST_PARENT	
3336	3337	IS_AST_PARENT	
3336	3338	IS_AST_PARENT	
3332	3336	IS_AST_PARENT	
3273	3332	IS_AST_PARENT	
3339	3333	FLOWS_TO	
3333	3336	FLOWS_TO	
3336	3275	FLOWS_TO	
3275	3280	FLOWS_TO	
3286	3295	FLOWS_TO	
3286	3304	FLOWS_TO	
3280	3286	FLOWS_TO	
3288	3286	FLOWS_TO	
3295	3302	FLOWS_TO	
3295	3288	FLOWS_TO	
3302	3304	FLOWS_TO	
3304	3311	FLOWS_TO	
3304	3326	FLOWS_TO	
3311	3324	FLOWS_TO	
3324	3340	FLOWS_TO	
3326	3340	FLOWS_TO	
3280	3341	USE	
3281	3341	USE	
3280	3342	USE	
3281	3342	USE	
3336	3343	DEF	
3280	3343	USE	
3283	3343	USE	
3275	3344	DEF	
3276	3344	DEF	
3286	3344	USE	
3280	3344	DEF	
3281	3344	DEF	
3288	3344	USE	
3290	3344	USE	
3288	3344	DEF	
3295	3344	USE	
3297	3344	USE	
3304	3344	USE	
3326	3344	USE	
3327	3344	USE	
3311	3345	USE	
3318	3345	USE	
3333	3346	DEF	
3295	3346	USE	
3295	3347	USE	
3288	3348	USE	
3295	3348	USE	
3326	3348	USE	
3288	3349	USE	
3326	3350	USE	
3336	3280	REACHES	tile
3288	3286	REACHES	tl
3280	3286	REACHES	tl
3280	3288	REACHES	tl
3288	3288	REACHES	tl
3280	3295	REACHES	tl
3288	3295	REACHES	tl
3280	3304	REACHES	tl
3288	3304	REACHES	tl
3280	3326	REACHES	tl
3288	3326	REACHES	tl
3333	3295	REACHES	tm
3339	3333	CONTROLS	
3339	3336	CONTROLS	
3339	3275	CONTROLS	
3339	3280	CONTROLS	
3339	3286	CONTROLS	
3339	3304	CONTROLS	
3286	3295	CONTROLS	
3295	3302	CONTROLS	
3295	3288	CONTROLS	
3295	3286	CONTROLS	
3304	3311	CONTROLS	
3304	3324	CONTROLS	
3304	3326	CONTROLS	
3295	3288	DOM	
3339	3333	DOM	
3333	3336	DOM	
3311	3324	DOM	
3336	3275	DOM	
3286	3304	DOM	
3295	3302	DOM	
3304	3340	DOM	
3304	3326	DOM	
3304	3311	DOM	
3286	3295	DOM	
3339	3339	DOM	
3275	3280	DOM	
3280	3286	DOM	
3286	3288	POST_DOM	
3275	3336	POST_DOM	
3336	3333	POST_DOM	
3340	3324	POST_DOM	
3280	3275	POST_DOM	
3340	3304	POST_DOM	
3304	3302	POST_DOM	
3340	3340	POST_DOM	
3340	3326	POST_DOM	
3324	3311	POST_DOM	
3304	3295	POST_DOM	
3333	3339	POST_DOM	
3286	3280	POST_DOM	
3304	3286	POST_DOM	
3272	3273	IS_FUNCTION_OF_AST	
3272	3339	IS_FUNCTION_OF_CFG	
1	3272	IS_FILE_OF	
3355	3356	IS_AST_PARENT	
3355	3357	IS_AST_PARENT	
3354	3355	IS_AST_PARENT	
3353	3354	IS_AST_PARENT	
3362	3363	IS_AST_PARENT	
3364	3365	IS_AST_PARENT	
3364	3366	IS_AST_PARENT	
3362	3364	IS_AST_PARENT	
3361	3362	IS_AST_PARENT	
3360	3361	IS_AST_PARENT	
3360	3367	IS_AST_PARENT	
3372	3373	IS_AST_PARENT	
3371	3372	IS_AST_PARENT	
3375	3376	IS_AST_PARENT	
3374	3375	IS_AST_PARENT	
3377	3378	IS_AST_PARENT	
3374	3377	IS_AST_PARENT	
3379	3380	IS_AST_PARENT	
3374	3379	IS_AST_PARENT	
3371	3374	IS_AST_PARENT	
3370	3371	IS_AST_PARENT	
3369	3370	IS_AST_PARENT	
3369	3381	IS_AST_PARENT	
3368	3369	IS_AST_PARENT	
3360	3368	IS_AST_PARENT	
3359	3360	IS_AST_PARENT	
3359	3382	IS_AST_PARENT	
3358	3359	IS_AST_PARENT	
3383	3384	IS_AST_PARENT	
3358	3383	IS_AST_PARENT	
3353	3358	IS_AST_PARENT	
3389	3390	IS_AST_PARENT	
3391	3392	IS_AST_PARENT	
3391	3393	IS_AST_PARENT	
3389	3391	IS_AST_PARENT	
3388	3389	IS_AST_PARENT	
3387	3388	IS_AST_PARENT	
3387	3394	IS_AST_PARENT	
3399	3400	IS_AST_PARENT	
3398	3399	IS_AST_PARENT	
3402	3403	IS_AST_PARENT	
3401	3402	IS_AST_PARENT	
3404	3405	IS_AST_PARENT	
3401	3404	IS_AST_PARENT	
3406	3407	IS_AST_PARENT	
3401	3406	IS_AST_PARENT	
3398	3401	IS_AST_PARENT	
3397	3398	IS_AST_PARENT	
3396	3397	IS_AST_PARENT	
3396	3408	IS_AST_PARENT	
3395	3396	IS_AST_PARENT	
3387	3395	IS_AST_PARENT	
3386	3387	IS_AST_PARENT	
3386	3409	IS_AST_PARENT	
3385	3386	IS_AST_PARENT	
3410	3411	IS_AST_PARENT	
3385	3410	IS_AST_PARENT	
3353	3385	IS_AST_PARENT	
3417	3418	IS_AST_PARENT	
3419	3420	IS_AST_PARENT	
3419	3421	IS_AST_PARENT	
3417	3419	IS_AST_PARENT	
3416	3417	IS_AST_PARENT	
3422	3423	IS_AST_PARENT	
3424	3425	IS_AST_PARENT	
3424	3426	IS_AST_PARENT	
3422	3424	IS_AST_PARENT	
3416	3422	IS_AST_PARENT	
3415	3416	IS_AST_PARENT	
3414	3415	IS_AST_PARENT	
3414	3427	IS_AST_PARENT	
3432	3433	IS_AST_PARENT	
3431	3432	IS_AST_PARENT	
3435	3436	IS_AST_PARENT	
3434	3435	IS_AST_PARENT	
3437	3438	IS_AST_PARENT	
3434	3437	IS_AST_PARENT	
3439	3440	IS_AST_PARENT	
3434	3439	IS_AST_PARENT	
3431	3434	IS_AST_PARENT	
3430	3431	IS_AST_PARENT	
3429	3430	IS_AST_PARENT	
3429	3441	IS_AST_PARENT	
3428	3429	IS_AST_PARENT	
3414	3428	IS_AST_PARENT	
3413	3414	IS_AST_PARENT	
3413	3442	IS_AST_PARENT	
3412	3413	IS_AST_PARENT	
3443	3444	IS_AST_PARENT	
3412	3443	IS_AST_PARENT	
3353	3412	IS_AST_PARENT	
3446	3447	IS_AST_PARENT	
3449	3450	IS_AST_PARENT	
3448	3449	IS_AST_PARENT	
3452	3453	IS_AST_PARENT	
3451	3452	IS_AST_PARENT	
3454	3455	IS_AST_PARENT	
3451	3454	IS_AST_PARENT	
3448	3451	IS_AST_PARENT	
3446	3448	IS_AST_PARENT	
3445	3446	IS_AST_PARENT	
3353	3445	IS_AST_PARENT	
3458	3459	IS_AST_PARENT	
3458	3460	IS_AST_PARENT	
3457	3458	IS_AST_PARENT	
3461	3462	IS_AST_PARENT	
3463	3464	IS_AST_PARENT	
3463	3465	IS_AST_PARENT	
3461	3463	IS_AST_PARENT	
3457	3461	IS_AST_PARENT	
3456	3457	IS_AST_PARENT	
3353	3456	IS_AST_PARENT	
3468	3469	IS_AST_PARENT	
3468	3470	IS_AST_PARENT	
3467	3468	IS_AST_PARENT	
3471	3472	IS_AST_PARENT	
3473	3474	IS_AST_PARENT	
3473	3475	IS_AST_PARENT	
3471	3473	IS_AST_PARENT	
3467	3471	IS_AST_PARENT	
3466	3467	IS_AST_PARENT	
3353	3466	IS_AST_PARENT	
3352	3353	IS_AST_PARENT	
3352	3476	IS_AST_PARENT	
3352	3477	IS_AST_PARENT	
3479	3480	IS_AST_PARENT	
3479	3481	IS_AST_PARENT	
3478	3479	IS_AST_PARENT	
3482	3483	IS_AST_PARENT	
3482	3484	IS_AST_PARENT	
3478	3482	IS_AST_PARENT	
3485	3486	IS_AST_PARENT	
3485	3487	IS_AST_PARENT	
3478	3485	IS_AST_PARENT	
3488	3489	IS_AST_PARENT	
3488	3490	IS_AST_PARENT	
3478	3488	IS_AST_PARENT	
3352	3478	IS_AST_PARENT	
3491	3479	FLOWS_TO	
3479	3482	FLOWS_TO	
3482	3485	FLOWS_TO	
3485	3488	FLOWS_TO	
3488	3354	FLOWS_TO	
3354	3361	FLOWS_TO	
3383	3361	FLOWS_TO	
3383	3388	FLOWS_TO	
3361	3370	FLOWS_TO	
3361	3382	FLOWS_TO	
3370	3381	FLOWS_TO	
3381	3492	FLOWS_TO	
3382	3383	FLOWS_TO	
3410	3388	FLOWS_TO	
3410	3415	FLOWS_TO	
3388	3397	FLOWS_TO	
3388	3409	FLOWS_TO	
3397	3408	FLOWS_TO	
3408	3492	FLOWS_TO	
3409	3410	FLOWS_TO	
3443	3415	FLOWS_TO	
3443	3445	FLOWS_TO	
3415	3430	FLOWS_TO	
3415	3442	FLOWS_TO	
3430	3441	FLOWS_TO	
3441	3492	FLOWS_TO	
3442	3443	FLOWS_TO	
3445	3456	FLOWS_TO	
3456	3466	FLOWS_TO	
3466	3492	FLOWS_TO	
3370	3493	USE	
3377	3493	USE	
3397	3493	USE	
3404	3493	USE	
3430	3493	USE	
3437	3493	USE	
3485	3494	DEF	
3415	3494	USE	
3456	3494	USE	
3458	3494	USE	
3445	3495	USE	
3446	3495	USE	
3488	3496	DEF	
3415	3496	USE	
3466	3496	USE	
3468	3496	USE	
3466	3497	DEF	
3467	3497	DEF	
3482	3498	DEF	
3388	3498	USE	
3445	3498	USE	
3454	3498	USE	
3479	3499	DEF	
3361	3499	USE	
3445	3499	USE	
3452	3499	USE	
3456	3499	USE	
3463	3499	USE	
3466	3499	USE	
3473	3499	USE	
3354	3500	DEF	
3355	3500	DEF	
3445	3500	DEF	
3446	3500	DEF	
3456	3500	USE	
3457	3500	USE	
3466	3500	USE	
3467	3500	USE	
3456	3501	USE	
3457	3501	USE	
3466	3501	USE	
3467	3501	USE	
3456	3502	USE	
3457	3502	USE	
3466	3502	USE	
3467	3502	USE	
3456	3503	DEF	
3457	3503	DEF	
3466	3492	REACHES	* tile_row
3445	3456	REACHES	tile_num
3445	3466	REACHES	tile_num
3485	3415	REACHES	tile_col
3485	3456	REACHES	tile_col
3488	3415	REACHES	tile_row
3488	3466	REACHES	tile_row
3482	3388	REACHES	tile
3482	3445	REACHES	tile
3479	3361	REACHES	tm
3479	3445	REACHES	tm
3479	3456	REACHES	tm
3479	3466	REACHES	tm
3456	3492	REACHES	* tile_col
3491	3479	CONTROLS	
3491	3482	CONTROLS	
3491	3485	CONTROLS	
3491	3488	CONTROLS	
3491	3354	CONTROLS	
3491	3361	CONTROLS	
3383	3361	CONTROLS	
3383	3388	CONTROLS	
3361	3370	CONTROLS	
3361	3381	CONTROLS	
3361	3382	CONTROLS	
3361	3383	CONTROLS	
3410	3388	CONTROLS	
3410	3415	CONTROLS	
3388	3397	CONTROLS	
3388	3408	CONTROLS	
3388	3409	CONTROLS	
3388	3410	CONTROLS	
3443	3415	CONTROLS	
3443	3445	CONTROLS	
3443	3456	CONTROLS	
3443	3466	CONTROLS	
3415	3430	CONTROLS	
3415	3441	CONTROLS	
3415	3442	CONTROLS	
3415	3443	CONTROLS	
3388	3397	DOM	
3361	3382	DOM	
3370	3381	DOM	
3488	3354	DOM	
3354	3361	DOM	
3415	3430	DOM	
3383	3388	DOM	
3409	3410	DOM	
3491	3491	DOM	
3482	3485	DOM	
3361	3492	DOM	
3388	3409	DOM	
3485	3488	DOM	
3430	3441	DOM	
3442	3443	DOM	
3456	3466	DOM	
3443	3445	DOM	
3491	3479	DOM	
3445	3456	DOM	
3361	3370	DOM	
3415	3442	DOM	
3479	3482	DOM	
3382	3383	DOM	
3397	3408	DOM	
3410	3415	DOM	
3408	3397	POST_DOM	
3383	3382	POST_DOM	
3492	3381	POST_DOM	
3361	3354	POST_DOM	
3492	3361	POST_DOM	
3441	3430	POST_DOM	
3492	3388	POST_DOM	
3492	3410	POST_DOM	
3479	3491	POST_DOM	
3488	3485	POST_DOM	
3492	3492	POST_DOM	
3410	3409	POST_DOM	
3354	3488	POST_DOM	
3492	3441	POST_DOM	
3492	3443	POST_DOM	
3492	3466	POST_DOM	
3456	3445	POST_DOM	
3482	3479	POST_DOM	
3466	3456	POST_DOM	
3381	3370	POST_DOM	
3443	3442	POST_DOM	
3485	3482	POST_DOM	
3492	3383	POST_DOM	
3492	3408	POST_DOM	
3492	3415	POST_DOM	
3351	3352	IS_FUNCTION_OF_AST	
3351	3491	IS_FUNCTION_OF_CFG	
1	3351	IS_FILE_OF	
3508	3509	IS_AST_PARENT	
3508	3510	IS_AST_PARENT	
3507	3508	IS_AST_PARENT	
3506	3507	IS_AST_PARENT	
3512	3513	IS_AST_PARENT	
3512	3514	IS_AST_PARENT	
3511	3512	IS_AST_PARENT	
3506	3511	IS_AST_PARENT	
3518	3519	IS_AST_PARENT	
3517	3518	IS_AST_PARENT	
3522	3523	IS_AST_PARENT	
3522	3524	IS_AST_PARENT	
3521	3522	IS_AST_PARENT	
3520	3521	IS_AST_PARENT	
3525	3526	IS_AST_PARENT	
3520	3525	IS_AST_PARENT	
3527	3528	IS_AST_PARENT	
3520	3527	IS_AST_PARENT	
3517	3520	IS_AST_PARENT	
3516	3517	IS_AST_PARENT	
3515	3516	IS_AST_PARENT	
3529	3530	IS_AST_PARENT	
3535	3536	IS_AST_PARENT	
3534	3535	IS_AST_PARENT	
3538	3539	IS_AST_PARENT	
3537	3538	IS_AST_PARENT	
3540	3541	IS_AST_PARENT	
3537	3540	IS_AST_PARENT	
3534	3537	IS_AST_PARENT	
3533	3534	IS_AST_PARENT	
3533	3542	IS_AST_PARENT	
3532	3533	IS_AST_PARENT	
3531	3532	IS_AST_PARENT	
3543	3544	IS_AST_PARENT	
3547	3548	IS_AST_PARENT	
3546	3547	IS_AST_PARENT	
3550	3551	IS_AST_PARENT	
3549	3550	IS_AST_PARENT	
3552	3553	IS_AST_PARENT	
3549	3552	IS_AST_PARENT	
3554	3555	IS_AST_PARENT	
3549	3554	IS_AST_PARENT	
3556	3557	IS_AST_PARENT	
3549	3556	IS_AST_PARENT	
3546	3549	IS_AST_PARENT	
3545	3546	IS_AST_PARENT	
3543	3545	IS_AST_PARENT	
3560	3561	IS_AST_PARENT	
3559	3560	IS_AST_PARENT	
3559	3562	IS_AST_PARENT	
3558	3559	IS_AST_PARENT	
3543	3558	IS_AST_PARENT	
3531	3543	IS_AST_PARENT	
3529	3531	IS_AST_PARENT	
3515	3529	IS_AST_PARENT	
3506	3515	IS_AST_PARENT	
3567	3568	IS_AST_PARENT	
3569	3570	IS_AST_PARENT	
3569	3571	IS_AST_PARENT	
3567	3569	IS_AST_PARENT	
3566	3567	IS_AST_PARENT	
3565	3566	IS_AST_PARENT	
3565	3572	IS_AST_PARENT	
3577	3578	IS_AST_PARENT	
3576	3577	IS_AST_PARENT	
3580	3581	IS_AST_PARENT	
3579	3580	IS_AST_PARENT	
3582	3583	IS_AST_PARENT	
3579	3582	IS_AST_PARENT	
3584	3585	IS_AST_PARENT	
3579	3584	IS_AST_PARENT	
3576	3579	IS_AST_PARENT	
3575	3576	IS_AST_PARENT	
3574	3575	IS_AST_PARENT	
3574	3586	IS_AST_PARENT	
3573	3574	IS_AST_PARENT	
3565	3573	IS_AST_PARENT	
3564	3565	IS_AST_PARENT	
3564	3587	IS_AST_PARENT	
3563	3564	IS_AST_PARENT	
3588	3589	IS_AST_PARENT	
3563	3588	IS_AST_PARENT	
3506	3563	IS_AST_PARENT	
3594	3595	IS_AST_PARENT	
3596	3597	IS_AST_PARENT	
3596	3598	IS_AST_PARENT	
3594	3596	IS_AST_PARENT	
3593	3594	IS_AST_PARENT	
3592	3593	IS_AST_PARENT	
3592	3599	IS_AST_PARENT	
3604	3605	IS_AST_PARENT	
3603	3604	IS_AST_PARENT	
3607	3608	IS_AST_PARENT	
3606	3607	IS_AST_PARENT	
3609	3610	IS_AST_PARENT	
3606	3609	IS_AST_PARENT	
3611	3612	IS_AST_PARENT	
3606	3611	IS_AST_PARENT	
3603	3606	IS_AST_PARENT	
3602	3603	IS_AST_PARENT	
3601	3602	IS_AST_PARENT	
3601	3613	IS_AST_PARENT	
3600	3601	IS_AST_PARENT	
3592	3600	IS_AST_PARENT	
3591	3592	IS_AST_PARENT	
3591	3614	IS_AST_PARENT	
3590	3591	IS_AST_PARENT	
3615	3616	IS_AST_PARENT	
3590	3615	IS_AST_PARENT	
3506	3590	IS_AST_PARENT	
3622	3623	IS_AST_PARENT	
3624	3625	IS_AST_PARENT	
3624	3626	IS_AST_PARENT	
3622	3624	IS_AST_PARENT	
3621	3622	IS_AST_PARENT	
3627	3628	IS_AST_PARENT	
3629	3630	IS_AST_PARENT	
3629	3631	IS_AST_PARENT	
3627	3629	IS_AST_PARENT	
3621	3627	IS_AST_PARENT	
3620	3621	IS_AST_PARENT	
3619	3620	IS_AST_PARENT	
3619	3632	IS_AST_PARENT	
3637	3638	IS_AST_PARENT	
3636	3637	IS_AST_PARENT	
3640	3641	IS_AST_PARENT	
3639	3640	IS_AST_PARENT	
3642	3643	IS_AST_PARENT	
3639	3642	IS_AST_PARENT	
3644	3645	IS_AST_PARENT	
3639	3644	IS_AST_PARENT	
3636	3639	IS_AST_PARENT	
3635	3636	IS_AST_PARENT	
3634	3635	IS_AST_PARENT	
3634	3646	IS_AST_PARENT	
3633	3634	IS_AST_PARENT	
3619	3633	IS_AST_PARENT	
3618	3619	IS_AST_PARENT	
3618	3647	IS_AST_PARENT	
3617	3618	IS_AST_PARENT	
3648	3649	IS_AST_PARENT	
3617	3648	IS_AST_PARENT	
3506	3617	IS_AST_PARENT	
3652	3653	IS_AST_PARENT	
3651	3652	IS_AST_PARENT	
3655	3656	IS_AST_PARENT	
3654	3655	IS_AST_PARENT	
3657	3658	IS_AST_PARENT	
3654	3657	IS_AST_PARENT	
3660	3661	IS_AST_PARENT	
3660	3662	IS_AST_PARENT	
3659	3660	IS_AST_PARENT	
3654	3659	IS_AST_PARENT	
3664	3665	IS_AST_PARENT	
3664	3666	IS_AST_PARENT	
3663	3664	IS_AST_PARENT	
3654	3663	IS_AST_PARENT	
3651	3654	IS_AST_PARENT	
3650	3651	IS_AST_PARENT	
3506	3650	IS_AST_PARENT	
3669	3670	IS_AST_PARENT	
3669	3671	IS_AST_PARENT	
3668	3669	IS_AST_PARENT	
3672	3673	IS_AST_PARENT	
3672	3674	IS_AST_PARENT	
3668	3672	IS_AST_PARENT	
3667	3668	IS_AST_PARENT	
3506	3667	IS_AST_PARENT	
3677	3678	IS_AST_PARENT	
3677	3679	IS_AST_PARENT	
3676	3677	IS_AST_PARENT	
3680	3681	IS_AST_PARENT	
3680	3682	IS_AST_PARENT	
3676	3680	IS_AST_PARENT	
3675	3676	IS_AST_PARENT	
3506	3675	IS_AST_PARENT	
3505	3506	IS_AST_PARENT	
3505	3683	IS_AST_PARENT	
3505	3684	IS_AST_PARENT	
3686	3687	IS_AST_PARENT	
3686	3688	IS_AST_PARENT	
3685	3686	IS_AST_PARENT	
3689	3690	IS_AST_PARENT	
3689	3691	IS_AST_PARENT	
3685	3689	IS_AST_PARENT	
3692	3693	IS_AST_PARENT	
3692	3694	IS_AST_PARENT	
3685	3692	IS_AST_PARENT	
3695	3696	IS_AST_PARENT	
3695	3697	IS_AST_PARENT	
3685	3695	IS_AST_PARENT	
3505	3685	IS_AST_PARENT	
3698	3686	FLOWS_TO	
3686	3689	FLOWS_TO	
3689	3692	FLOWS_TO	
3692	3695	FLOWS_TO	
3695	3507	FLOWS_TO	
3507	3511	FLOWS_TO	
3511	3516	FLOWS_TO	
3516	3530	FLOWS_TO	
3516	3566	FLOWS_TO	
3530	3532	FLOWS_TO	
3532	3544	FLOWS_TO	
3532	3566	FLOWS_TO	
3544	3545	FLOWS_TO	
3545	3558	FLOWS_TO	
3558	3566	FLOWS_TO	
3588	3566	FLOWS_TO	
3588	3593	FLOWS_TO	
3566	3575	FLOWS_TO	
3566	3587	FLOWS_TO	
3575	3586	FLOWS_TO	
3586	3699	FLOWS_TO	
3587	3588	FLOWS_TO	
3615	3593	FLOWS_TO	
3615	3620	FLOWS_TO	
3593	3602	FLOWS_TO	
3593	3614	FLOWS_TO	
3602	3613	FLOWS_TO	
3613	3699	FLOWS_TO	
3614	3615	FLOWS_TO	
3648	3620	FLOWS_TO	
3648	3650	FLOWS_TO	
3620	3635	FLOWS_TO	
3620	3647	FLOWS_TO	
3635	3646	FLOWS_TO	
3646	3699	FLOWS_TO	
3647	3648	FLOWS_TO	
3650	3667	FLOWS_TO	
3667	3675	FLOWS_TO	
3675	3699	FLOWS_TO	
3575	3700	USE	
3582	3700	USE	
3602	3700	USE	
3609	3700	USE	
3635	3700	USE	
3642	3700	USE	
3667	3701	DEF	
3668	3701	DEF	
3675	3702	DEF	
3676	3702	DEF	
3516	3703	USE	
3521	3703	USE	
3545	3704	USE	
3552	3704	USE	
3516	3705	USE	
3650	3706	USE	
3663	3706	USE	
3507	3707	DEF	
3508	3707	DEF	
3667	3707	USE	
3668	3707	USE	
3545	3708	USE	
3550	3708	USE	
3511	3709	DEF	
3512	3709	DEF	
3675	3709	USE	
3676	3709	USE	
3689	3710	DEF	
3593	3710	USE	
3650	3710	USE	
3657	3710	USE	
3692	3711	DEF	
3620	3711	USE	
3667	3711	USE	
3669	3711	USE	
3686	3712	DEF	
3566	3712	USE	
3650	3712	USE	
3655	3712	USE	
3695	3713	DEF	
3620	3713	USE	
3675	3713	USE	
3677	3713	USE	
3650	3714	USE	
3659	3714	USE	
3532	3715	USE	
3667	3699	REACHES	* x
3507	3667	REACHES	tile_col
3675	3699	REACHES	* y
3511	3675	REACHES	tile_row
3689	3593	REACHES	tile
3692	3620	REACHES	x
3689	3650	REACHES	tile
3692	3667	REACHES	x
3686	3566	REACHES	tm
3695	3620	REACHES	y
3686	3650	REACHES	tm
3695	3675	REACHES	y
3698	3686	CONTROLS	
3698	3689	CONTROLS	
3698	3692	CONTROLS	
3698	3695	CONTROLS	
3698	3507	CONTROLS	
3698	3511	CONTROLS	
3698	3516	CONTROLS	
3698	3566	CONTROLS	
3516	3530	CONTROLS	
3516	3532	CONTROLS	
3532	3544	CONTROLS	
3532	3545	CONTROLS	
3532	3558	CONTROLS	
3588	3566	CONTROLS	
3588	3593	CONTROLS	
3566	3575	CONTROLS	
3566	3586	CONTROLS	
3566	3587	CONTROLS	
3566	3588	CONTROLS	
3615	3593	CONTROLS	
3615	3620	CONTROLS	
3593	3602	CONTROLS	
3593	3613	CONTROLS	
3593	3614	CONTROLS	
3593	3615	CONTROLS	
3648	3620	CONTROLS	
3648	3650	CONTROLS	
3648	3667	CONTROLS	
3648	3675	CONTROLS	
3620	3635	CONTROLS	
3620	3646	CONTROLS	
3620	3647	CONTROLS	
3620	3648	CONTROLS	
3593	3614	DOM	
3692	3695	DOM	
3698	3686	DOM	
3507	3511	DOM	
3587	3588	DOM	
3689	3692	DOM	
3686	3689	DOM	
3615	3620	DOM	
3648	3650	DOM	
3544	3545	DOM	
3545	3558	DOM	
3593	3602	DOM	
3620	3635	DOM	
3566	3699	DOM	
3516	3566	DOM	
3530	3532	DOM	
3566	3575	DOM	
3635	3646	DOM	
3511	3516	DOM	
3695	3507	DOM	
3532	3544	DOM	
3620	3647	DOM	
3647	3648	DOM	
3566	3587	DOM	
3516	3530	DOM	
3667	3675	DOM	
3575	3586	DOM	
3602	3613	DOM	
3698	3698	DOM	
3614	3615	DOM	
3650	3667	DOM	
3588	3593	DOM	
3615	3614	POST_DOM	
3507	3695	POST_DOM	
3689	3686	POST_DOM	
3516	3511	POST_DOM	
3699	3588	POST_DOM	
3695	3692	POST_DOM	
3692	3689	POST_DOM	
3699	3620	POST_DOM	
3667	3650	POST_DOM	
3566	3558	POST_DOM	
3558	3545	POST_DOM	
3613	3602	POST_DOM	
3646	3635	POST_DOM	
3699	3699	POST_DOM	
3699	3566	POST_DOM	
3586	3575	POST_DOM	
3566	3532	POST_DOM	
3699	3646	POST_DOM	
3566	3516	POST_DOM	
3511	3507	POST_DOM	
3545	3544	POST_DOM	
3699	3648	POST_DOM	
3648	3647	POST_DOM	
3588	3587	POST_DOM	
3532	3530	POST_DOM	
3699	3675	POST_DOM	
3699	3586	POST_DOM	
3699	3613	POST_DOM	
3686	3698	POST_DOM	
3699	3615	POST_DOM	
3675	3667	POST_DOM	
3699	3593	POST_DOM	
3504	3505	IS_FUNCTION_OF_AST	
3504	3698	IS_FUNCTION_OF_CFG	
1	3504	IS_FILE_OF	
3720	3721	IS_AST_PARENT	
3720	3722	IS_AST_PARENT	
3719	3720	IS_AST_PARENT	
3718	3719	IS_AST_PARENT	
3727	3728	IS_AST_PARENT	
3729	3730	IS_AST_PARENT	
3729	3731	IS_AST_PARENT	
3727	3729	IS_AST_PARENT	
3726	3727	IS_AST_PARENT	
3725	3726	IS_AST_PARENT	
3725	3732	IS_AST_PARENT	
3737	3738	IS_AST_PARENT	
3736	3737	IS_AST_PARENT	
3740	3741	IS_AST_PARENT	
3739	3740	IS_AST_PARENT	
3742	3743	IS_AST_PARENT	
3739	3742	IS_AST_PARENT	
3744	3745	IS_AST_PARENT	
3739	3744	IS_AST_PARENT	
3736	3739	IS_AST_PARENT	
3735	3736	IS_AST_PARENT	
3734	3735	IS_AST_PARENT	
3734	3746	IS_AST_PARENT	
3733	3734	IS_AST_PARENT	
3725	3733	IS_AST_PARENT	
3724	3725	IS_AST_PARENT	
3724	3747	IS_AST_PARENT	
3723	3724	IS_AST_PARENT	
3748	3749	IS_AST_PARENT	
3723	3748	IS_AST_PARENT	
3718	3723	IS_AST_PARENT	
3754	3755	IS_AST_PARENT	
3756	3757	IS_AST_PARENT	
3756	3758	IS_AST_PARENT	
3754	3756	IS_AST_PARENT	
3753	3754	IS_AST_PARENT	
3752	3753	IS_AST_PARENT	
3752	3759	IS_AST_PARENT	
3764	3765	IS_AST_PARENT	
3763	3764	IS_AST_PARENT	
3767	3768	IS_AST_PARENT	
3766	3767	IS_AST_PARENT	
3769	3770	IS_AST_PARENT	
3766	3769	IS_AST_PARENT	
3771	3772	IS_AST_PARENT	
3766	3771	IS_AST_PARENT	
3763	3766	IS_AST_PARENT	
3762	3763	IS_AST_PARENT	
3761	3762	IS_AST_PARENT	
3761	3773	IS_AST_PARENT	
3760	3761	IS_AST_PARENT	
3752	3760	IS_AST_PARENT	
3751	3752	IS_AST_PARENT	
3751	3774	IS_AST_PARENT	
3750	3751	IS_AST_PARENT	
3775	3776	IS_AST_PARENT	
3750	3775	IS_AST_PARENT	
3718	3750	IS_AST_PARENT	
3781	3782	IS_AST_PARENT	
3783	3784	IS_AST_PARENT	
3783	3785	IS_AST_PARENT	
3781	3783	IS_AST_PARENT	
3780	3781	IS_AST_PARENT	
3779	3780	IS_AST_PARENT	
3779	3786	IS_AST_PARENT	
3791	3792	IS_AST_PARENT	
3790	3791	IS_AST_PARENT	
3794	3795	IS_AST_PARENT	
3793	3794	IS_AST_PARENT	
3796	3797	IS_AST_PARENT	
3793	3796	IS_AST_PARENT	
3798	3799	IS_AST_PARENT	
3793	3798	IS_AST_PARENT	
3790	3793	IS_AST_PARENT	
3789	3790	IS_AST_PARENT	
3788	3789	IS_AST_PARENT	
3788	3800	IS_AST_PARENT	
3787	3788	IS_AST_PARENT	
3779	3787	IS_AST_PARENT	
3778	3779	IS_AST_PARENT	
3778	3801	IS_AST_PARENT	
3777	3778	IS_AST_PARENT	
3802	3803	IS_AST_PARENT	
3777	3802	IS_AST_PARENT	
3718	3777	IS_AST_PARENT	
3806	3807	IS_AST_PARENT	
3808	3809	IS_AST_PARENT	
3808	3810	IS_AST_PARENT	
3806	3808	IS_AST_PARENT	
3805	3806	IS_AST_PARENT	
3804	3805	IS_AST_PARENT	
3811	3812	IS_AST_PARENT	
3804	3811	IS_AST_PARENT	
3813	3814	IS_AST_PARENT	
3815	3816	IS_AST_PARENT	
3815	3817	IS_AST_PARENT	
3813	3815	IS_AST_PARENT	
3804	3813	IS_AST_PARENT	
3822	3823	IS_AST_PARENT	
3822	3824	IS_AST_PARENT	
3821	3822	IS_AST_PARENT	
3821	3825	IS_AST_PARENT	
3820	3821	IS_AST_PARENT	
3819	3820	IS_AST_PARENT	
3826	3827	IS_AST_PARENT	
3819	3826	IS_AST_PARENT	
3818	3819	IS_AST_PARENT	
3804	3818	IS_AST_PARENT	
3718	3804	IS_AST_PARENT	
3830	3831	IS_AST_PARENT	
3832	3833	IS_AST_PARENT	
3832	3834	IS_AST_PARENT	
3830	3832	IS_AST_PARENT	
3829	3830	IS_AST_PARENT	
3828	3829	IS_AST_PARENT	
3838	3839	IS_AST_PARENT	
3837	3838	IS_AST_PARENT	
3841	3842	IS_AST_PARENT	
3840	3841	IS_AST_PARENT	
3843	3844	IS_AST_PARENT	
3840	3843	IS_AST_PARENT	
3845	3846	IS_AST_PARENT	
3840	3845	IS_AST_PARENT	
3847	3848	IS_AST_PARENT	
3840	3847	IS_AST_PARENT	
3837	3840	IS_AST_PARENT	
3836	3837	IS_AST_PARENT	
3835	3836	IS_AST_PARENT	
3835	3849	IS_AST_PARENT	
3828	3835	IS_AST_PARENT	
3718	3828	IS_AST_PARENT	
3852	3853	IS_AST_PARENT	
3851	3852	IS_AST_PARENT	
3855	3856	IS_AST_PARENT	
3854	3855	IS_AST_PARENT	
3858	3859	IS_AST_PARENT	
3858	3860	IS_AST_PARENT	
3857	3858	IS_AST_PARENT	
3854	3857	IS_AST_PARENT	
3861	3862	IS_AST_PARENT	
3854	3861	IS_AST_PARENT	
3851	3854	IS_AST_PARENT	
3850	3851	IS_AST_PARENT	
3718	3850	IS_AST_PARENT	
3717	3718	IS_AST_PARENT	
3717	3863	IS_AST_PARENT	
3717	3864	IS_AST_PARENT	
3866	3867	IS_AST_PARENT	
3866	3868	IS_AST_PARENT	
3865	3866	IS_AST_PARENT	
3869	3870	IS_AST_PARENT	
3869	3871	IS_AST_PARENT	
3865	3869	IS_AST_PARENT	
3872	3873	IS_AST_PARENT	
3872	3874	IS_AST_PARENT	
3865	3872	IS_AST_PARENT	
3717	3865	IS_AST_PARENT	
3875	3866	FLOWS_TO	
3866	3869	FLOWS_TO	
3869	3872	FLOWS_TO	
3872	3719	FLOWS_TO	
3719	3726	FLOWS_TO	
3748	3726	FLOWS_TO	
3748	3753	FLOWS_TO	
3726	3735	FLOWS_TO	
3726	3747	FLOWS_TO	
3735	3746	FLOWS_TO	
3746	3876	FLOWS_TO	
3747	3748	FLOWS_TO	
3775	3753	FLOWS_TO	
3775	3780	FLOWS_TO	
3753	3762	FLOWS_TO	
3753	3774	FLOWS_TO	
3762	3773	FLOWS_TO	
3773	3876	FLOWS_TO	
3774	3775	FLOWS_TO	
3802	3780	FLOWS_TO	
3802	3805	FLOWS_TO	
3780	3789	FLOWS_TO	
3780	3801	FLOWS_TO	
3789	3800	FLOWS_TO	
3800	3876	FLOWS_TO	
3801	3802	FLOWS_TO	
3811	3820	FLOWS_TO	
3811	3829	FLOWS_TO	
3805	3811	FLOWS_TO	
3813	3811	FLOWS_TO	
3820	3827	FLOWS_TO	
3820	3813	FLOWS_TO	
3827	3829	FLOWS_TO	
3829	3836	FLOWS_TO	
3829	3850	FLOWS_TO	
3836	3849	FLOWS_TO	
3849	3876	FLOWS_TO	
3850	3876	FLOWS_TO	
3805	3877	USE	
3806	3877	USE	
3735	3878	USE	
3742	3878	USE	
3762	3878	USE	
3769	3878	USE	
3789	3878	USE	
3796	3878	USE	
3805	3879	USE	
3806	3879	USE	
3869	3880	DEF	
3753	3880	USE	
3805	3880	USE	
3808	3880	USE	
3719	3881	DEF	
3720	3881	DEF	
3811	3881	USE	
3805	3881	DEF	
3806	3881	DEF	
3813	3881	DEF	
3813	3881	USE	
3815	3881	USE	
3820	3881	USE	
3822	3881	USE	
3829	3881	USE	
3850	3881	USE	
3858	3881	USE	
3836	3882	USE	
3843	3882	USE	
3866	3883	DEF	
3726	3883	USE	
3820	3883	USE	
3850	3883	USE	
3855	3883	USE	
3820	3884	USE	
3872	3885	DEF	
3780	3885	USE	
3850	3885	USE	
3861	3885	USE	
3813	3886	USE	
3813	3887	USE	
3820	3887	USE	
3850	3887	USE	
3857	3887	USE	
3850	3888	USE	
3857	3888	USE	
3872	3780	REACHES	srctile
3872	3850	REACHES	srctile
3869	3753	REACHES	tile
3869	3805	REACHES	tile
3805	3811	REACHES	tl
3813	3811	REACHES	tl
3805	3813	REACHES	tl
3813	3813	REACHES	tl
3805	3820	REACHES	tl
3813	3820	REACHES	tl
3805	3829	REACHES	tl
3813	3829	REACHES	tl
3805	3850	REACHES	tl
3813	3850	REACHES	tl
3866	3726	REACHES	tm
3866	3820	REACHES	tm
3866	3850	REACHES	tm
3875	3866	CONTROLS	
3875	3869	CONTROLS	
3875	3872	CONTROLS	
3875	3719	CONTROLS	
3875	3726	CONTROLS	
3748	3726	CONTROLS	
3748	3753	CONTROLS	
3726	3735	CONTROLS	
3726	3746	CONTROLS	
3726	3747	CONTROLS	
3726	3748	CONTROLS	
3775	3753	CONTROLS	
3775	3780	CONTROLS	
3753	3762	CONTROLS	
3753	3773	CONTROLS	
3753	3774	CONTROLS	
3753	3775	CONTROLS	
3802	3780	CONTROLS	
3802	3805	CONTROLS	
3802	3811	CONTROLS	
3802	3829	CONTROLS	
3780	3789	CONTROLS	
3780	3800	CONTROLS	
3780	3801	CONTROLS	
3780	3802	CONTROLS	
3811	3820	CONTROLS	
3820	3827	CONTROLS	
3820	3813	CONTROLS	
3820	3811	CONTROLS	
3829	3836	CONTROLS	
3829	3849	CONTROLS	
3829	3850	CONTROLS	
3866	3869	DOM	
3726	3747	DOM	
3780	3801	DOM	
3748	3753	DOM	
3802	3805	DOM	
3762	3773	DOM	
3875	3866	DOM	
3869	3872	DOM	
3836	3849	DOM	
3811	3820	DOM	
3811	3829	DOM	
3726	3876	DOM	
3780	3789	DOM	
3775	3780	DOM	
3719	3726	DOM	
3747	3748	DOM	
3875	3875	DOM	
3753	3774	DOM	
3735	3746	DOM	
3801	3802	DOM	
3774	3775	DOM	
3789	3800	DOM	
3805	3811	DOM	
3753	3762	DOM	
3820	3813	DOM	
3820	3827	DOM	
3726	3735	DOM	
3829	3836	DOM	
3829	3850	DOM	
3872	3719	DOM	
3872	3869	POST_DOM	
3748	3747	POST_DOM	
3802	3801	POST_DOM	
3876	3753	POST_DOM	
3811	3805	POST_DOM	
3876	3773	POST_DOM	
3869	3866	POST_DOM	
3719	3872	POST_DOM	
3876	3849	POST_DOM	
3829	3820	POST_DOM	
3876	3829	POST_DOM	
3876	3876	POST_DOM	
3800	3789	POST_DOM	
3876	3780	POST_DOM	
3876	3726	POST_DOM	
3876	3748	POST_DOM	
3866	3875	POST_DOM	
3775	3774	POST_DOM	
3876	3746	POST_DOM	
3876	3802	POST_DOM	
3876	3775	POST_DOM	
3876	3800	POST_DOM	
3829	3811	POST_DOM	
3773	3762	POST_DOM	
3811	3813	POST_DOM	
3829	3827	POST_DOM	
3746	3735	POST_DOM	
3849	3836	POST_DOM	
3876	3850	POST_DOM	
3726	3719	POST_DOM	
3716	3717	IS_FUNCTION_OF_AST	
3716	3875	IS_FUNCTION_OF_CFG	
1	3716	IS_FILE_OF	
3893	3894	IS_AST_PARENT	
3893	3895	IS_AST_PARENT	
3892	3893	IS_AST_PARENT	
3891	3892	IS_AST_PARENT	
3897	3898	IS_AST_PARENT	
3897	3899	IS_AST_PARENT	
3896	3897	IS_AST_PARENT	
3891	3896	IS_AST_PARENT	
3902	3903	IS_AST_PARENT	
3902	3904	IS_AST_PARENT	
3901	3902	IS_AST_PARENT	
3900	3901	IS_AST_PARENT	
3906	3907	IS_AST_PARENT	
3906	3908	IS_AST_PARENT	
3905	3906	IS_AST_PARENT	
3900	3905	IS_AST_PARENT	
3909	3910	IS_AST_PARENT	
3911	3912	IS_AST_PARENT	
3913	3914	IS_AST_PARENT	
3913	3915	IS_AST_PARENT	
3911	3913	IS_AST_PARENT	
3909	3911	IS_AST_PARENT	
3900	3909	IS_AST_PARENT	
3918	3919	IS_AST_PARENT	
3918	3920	IS_AST_PARENT	
3917	3918	IS_AST_PARENT	
3916	3917	IS_AST_PARENT	
3922	3923	IS_AST_PARENT	
3922	3924	IS_AST_PARENT	
3921	3922	IS_AST_PARENT	
3916	3921	IS_AST_PARENT	
3925	3926	IS_AST_PARENT	
3927	3928	IS_AST_PARENT	
3929	3930	IS_AST_PARENT	
3929	3931	IS_AST_PARENT	
3927	3929	IS_AST_PARENT	
3925	3927	IS_AST_PARENT	
3916	3925	IS_AST_PARENT	
3934	3935	IS_AST_PARENT	
3934	3936	IS_AST_PARENT	
3937	3938	IS_AST_PARENT	
3940	3941	IS_AST_PARENT	
3939	3940	IS_AST_PARENT	
3943	3944	IS_AST_PARENT	
3942	3943	IS_AST_PARENT	
3945	3946	IS_AST_PARENT	
3942	3945	IS_AST_PARENT	
3947	3948	IS_AST_PARENT	
3942	3947	IS_AST_PARENT	
3950	3951	IS_AST_PARENT	
3950	3952	IS_AST_PARENT	
3949	3950	IS_AST_PARENT	
3942	3949	IS_AST_PARENT	
3953	3954	IS_AST_PARENT	
3942	3953	IS_AST_PARENT	
3939	3942	IS_AST_PARENT	
3937	3939	IS_AST_PARENT	
3934	3937	IS_AST_PARENT	
3933	3934	IS_AST_PARENT	
3932	3933	IS_AST_PARENT	
3956	3957	IS_AST_PARENT	
3956	3958	IS_AST_PARENT	
3959	3960	IS_AST_PARENT	
3962	3963	IS_AST_PARENT	
3962	3964	IS_AST_PARENT	
3961	3962	IS_AST_PARENT	
3968	3969	IS_AST_PARENT	
3970	3971	IS_AST_PARENT	
3970	3972	IS_AST_PARENT	
3968	3970	IS_AST_PARENT	
3967	3968	IS_AST_PARENT	
3973	3974	IS_AST_PARENT	
3973	3975	IS_AST_PARENT	
3967	3973	IS_AST_PARENT	
3966	3967	IS_AST_PARENT	
3976	3977	IS_AST_PARENT	
3978	3979	IS_AST_PARENT	
3978	3980	IS_AST_PARENT	
3976	3978	IS_AST_PARENT	
3966	3976	IS_AST_PARENT	
3965	3966	IS_AST_PARENT	
3981	3982	IS_AST_PARENT	
3981	3983	IS_AST_PARENT	
3965	3981	IS_AST_PARENT	
3961	3965	IS_AST_PARENT	
3959	3961	IS_AST_PARENT	
3956	3959	IS_AST_PARENT	
3955	3956	IS_AST_PARENT	
3932	3955	IS_AST_PARENT	
3985	3986	IS_AST_PARENT	
3985	3987	IS_AST_PARENT	
3988	3989	IS_AST_PARENT	
3990	3991	IS_AST_PARENT	
3993	3994	IS_AST_PARENT	
3995	3996	IS_AST_PARENT	
3995	3997	IS_AST_PARENT	
3993	3995	IS_AST_PARENT	
3992	3993	IS_AST_PARENT	
3999	4000	IS_AST_PARENT	
3999	4001	IS_AST_PARENT	
3998	3999	IS_AST_PARENT	
4002	4003	IS_AST_PARENT	
4002	4004	IS_AST_PARENT	
3998	4002	IS_AST_PARENT	
3992	3998	IS_AST_PARENT	
3990	3992	IS_AST_PARENT	
3988	3990	IS_AST_PARENT	
3985	3988	IS_AST_PARENT	
3984	3985	IS_AST_PARENT	
3932	3984	IS_AST_PARENT	
4006	4007	IS_AST_PARENT	
4006	4008	IS_AST_PARENT	
4005	4006	IS_AST_PARENT	
3932	4005	IS_AST_PARENT	
4010	4011	IS_AST_PARENT	
4010	4012	IS_AST_PARENT	
4009	4010	IS_AST_PARENT	
3932	4009	IS_AST_PARENT	
4014	4015	IS_AST_PARENT	
4014	4016	IS_AST_PARENT	
4013	4014	IS_AST_PARENT	
3932	4013	IS_AST_PARENT	
4018	4019	IS_AST_PARENT	
4021	4022	IS_AST_PARENT	
4021	4023	IS_AST_PARENT	
4020	4021	IS_AST_PARENT	
4024	4025	IS_AST_PARENT	
4024	4026	IS_AST_PARENT	
4020	4024	IS_AST_PARENT	
4018	4020	IS_AST_PARENT	
4017	4018	IS_AST_PARENT	
3932	4017	IS_AST_PARENT	
4029	4030	IS_AST_PARENT	
4031	4032	IS_AST_PARENT	
4033	4034	IS_AST_PARENT	
4033	4035	IS_AST_PARENT	
4031	4033	IS_AST_PARENT	
4029	4031	IS_AST_PARENT	
4028	4029	IS_AST_PARENT	
4027	4028	IS_AST_PARENT	
4038	4039	IS_AST_PARENT	
4040	4041	IS_AST_PARENT	
4042	4043	IS_AST_PARENT	
4042	4044	IS_AST_PARENT	
4040	4042	IS_AST_PARENT	
4038	4040	IS_AST_PARENT	
4037	4038	IS_AST_PARENT	
4036	4037	IS_AST_PARENT	
4027	4036	IS_AST_PARENT	
3932	4027	IS_AST_PARENT	
4048	4049	IS_AST_PARENT	
4050	4051	IS_AST_PARENT	
4052	4053	IS_AST_PARENT	
4052	4054	IS_AST_PARENT	
4050	4052	IS_AST_PARENT	
4048	4050	IS_AST_PARENT	
4047	4048	IS_AST_PARENT	
4047	4055	IS_AST_PARENT	
4046	4047	IS_AST_PARENT	
4045	4046	IS_AST_PARENT	
4057	4058	IS_AST_PARENT	
4056	4057	IS_AST_PARENT	
4045	4056	IS_AST_PARENT	
3932	4045	IS_AST_PARENT	
4060	4061	IS_AST_PARENT	
4063	4064	IS_AST_PARENT	
4063	4065	IS_AST_PARENT	
4062	4063	IS_AST_PARENT	
4066	4067	IS_AST_PARENT	
4066	4068	IS_AST_PARENT	
4062	4066	IS_AST_PARENT	
4060	4062	IS_AST_PARENT	
4059	4060	IS_AST_PARENT	
3932	4059	IS_AST_PARENT	
4071	4072	IS_AST_PARENT	
4073	4074	IS_AST_PARENT	
4075	4076	IS_AST_PARENT	
4075	4077	IS_AST_PARENT	
4073	4075	IS_AST_PARENT	
4071	4073	IS_AST_PARENT	
4070	4071	IS_AST_PARENT	
4069	4070	IS_AST_PARENT	
4080	4081	IS_AST_PARENT	
4082	4083	IS_AST_PARENT	
4084	4085	IS_AST_PARENT	
4084	4086	IS_AST_PARENT	
4082	4084	IS_AST_PARENT	
4080	4082	IS_AST_PARENT	
4079	4080	IS_AST_PARENT	
4078	4079	IS_AST_PARENT	
4069	4078	IS_AST_PARENT	
3932	4069	IS_AST_PARENT	
4088	4089	IS_AST_PARENT	
4091	4092	IS_AST_PARENT	
4091	4093	IS_AST_PARENT	
4090	4091	IS_AST_PARENT	
4094	4095	IS_AST_PARENT	
4094	4096	IS_AST_PARENT	
4090	4094	IS_AST_PARENT	
4088	4090	IS_AST_PARENT	
4087	4088	IS_AST_PARENT	
3932	4087	IS_AST_PARENT	
4099	4100	IS_AST_PARENT	
4099	4101	IS_AST_PARENT	
4098	4099	IS_AST_PARENT	
4097	4098	IS_AST_PARENT	
4105	4106	IS_AST_PARENT	
4104	4105	IS_AST_PARENT	
4108	4109	IS_AST_PARENT	
4107	4108	IS_AST_PARENT	
4110	4111	IS_AST_PARENT	
4107	4110	IS_AST_PARENT	
4113	4114	IS_AST_PARENT	
4115	4116	IS_AST_PARENT	
4115	4117	IS_AST_PARENT	
4113	4115	IS_AST_PARENT	
4112	4113	IS_AST_PARENT	
4107	4112	IS_AST_PARENT	
4104	4107	IS_AST_PARENT	
4103	4104	IS_AST_PARENT	
4102	4103	IS_AST_PARENT	
4119	4120	IS_AST_PARENT	
4119	4121	IS_AST_PARENT	
4118	4119	IS_AST_PARENT	
4102	4118	IS_AST_PARENT	
4123	4124	IS_AST_PARENT	
4123	4125	IS_AST_PARENT	
4122	4123	IS_AST_PARENT	
4102	4122	IS_AST_PARENT	
4097	4102	IS_AST_PARENT	
3932	4097	IS_AST_PARENT	
4128	4129	IS_AST_PARENT	
4127	4128	IS_AST_PARENT	
4131	4132	IS_AST_PARENT	
4130	4131	IS_AST_PARENT	
4133	4134	IS_AST_PARENT	
4130	4133	IS_AST_PARENT	
4127	4130	IS_AST_PARENT	
4126	4127	IS_AST_PARENT	
3932	4126	IS_AST_PARENT	
3916	3932	IS_AST_PARENT	
3900	3916	IS_AST_PARENT	
3891	3900	IS_AST_PARENT	
3890	3891	IS_AST_PARENT	
3890	4135	IS_AST_PARENT	
3890	4136	IS_AST_PARENT	
4138	4139	IS_AST_PARENT	
4138	4140	IS_AST_PARENT	
4137	4138	IS_AST_PARENT	
4141	4142	IS_AST_PARENT	
4141	4143	IS_AST_PARENT	
4137	4141	IS_AST_PARENT	
4144	4145	IS_AST_PARENT	
4144	4146	IS_AST_PARENT	
4137	4144	IS_AST_PARENT	
4147	4148	IS_AST_PARENT	
4147	4149	IS_AST_PARENT	
4137	4147	IS_AST_PARENT	
4150	4151	IS_AST_PARENT	
4150	4152	IS_AST_PARENT	
4137	4150	IS_AST_PARENT	
4153	4154	IS_AST_PARENT	
4153	4155	IS_AST_PARENT	
4137	4153	IS_AST_PARENT	
4156	4157	IS_AST_PARENT	
4156	4158	IS_AST_PARENT	
4137	4156	IS_AST_PARENT	
3890	4137	IS_AST_PARENT	
4159	4138	FLOWS_TO	
4138	4141	FLOWS_TO	
4141	4144	FLOWS_TO	
4144	4147	FLOWS_TO	
4147	4150	FLOWS_TO	
4150	4153	FLOWS_TO	
4153	4156	FLOWS_TO	
4156	3892	FLOWS_TO	
3892	3896	FLOWS_TO	
3896	3901	FLOWS_TO	
3905	3917	FLOWS_TO	
3905	4160	FLOWS_TO	
3901	3905	FLOWS_TO	
3909	3905	FLOWS_TO	
3921	3933	FLOWS_TO	
3921	3909	FLOWS_TO	
3917	3921	FLOWS_TO	
3925	3921	FLOWS_TO	
3933	3955	FLOWS_TO	
3955	3984	FLOWS_TO	
3984	4005	FLOWS_TO	
4005	4009	FLOWS_TO	
4009	4013	FLOWS_TO	
4013	4017	FLOWS_TO	
4017	4028	FLOWS_TO	
4028	4037	FLOWS_TO	
4028	4046	FLOWS_TO	
4037	4046	FLOWS_TO	
4046	4057	FLOWS_TO	
4046	4059	FLOWS_TO	
4057	4160	FLOWS_TO	
4059	4070	FLOWS_TO	
4070	4079	FLOWS_TO	
4070	4087	FLOWS_TO	
4079	4087	FLOWS_TO	
4087	4098	FLOWS_TO	
4098	4103	FLOWS_TO	
4098	4126	FLOWS_TO	
4103	4118	FLOWS_TO	
4118	4122	FLOWS_TO	
4122	4098	FLOWS_TO	
4126	3925	FLOWS_TO	
3955	4161	USE	
3959	4161	USE	
4017	4161	USE	
4018	4161	USE	
4059	4161	USE	
4060	4161	USE	
4087	4161	USE	
4088	4161	USE	
3933	4162	USE	
3937	4162	USE	
3955	4163	USE	
3959	4163	USE	
3955	4164	USE	
3959	4164	USE	
4087	4164	USE	
4088	4164	USE	
3984	4165	DEF	
3988	4165	DEF	
3985	4165	DEF	
4103	4165	USE	
4108	4165	USE	
4122	4165	DEF	
4123	4165	DEF	
4122	4165	USE	
4123	4165	USE	
4017	4166	USE	
4018	4166	USE	
4156	4167	DEF	
3984	4167	USE	
3988	4167	USE	
4122	4167	USE	
4123	4167	USE	
4005	4168	DEF	
4006	4168	DEF	
4017	4168	DEF	
4018	4168	DEF	
4028	4168	USE	
4037	4168	DEF	
4038	4168	DEF	
4098	4168	USE	
4099	4168	USE	
4098	4168	DEF	
4099	4168	DEF	
3955	4169	DEF	
3959	4169	DEF	
3956	4169	DEF	
4103	4169	USE	
4110	4169	USE	
4118	4169	DEF	
4119	4169	DEF	
4118	4169	USE	
4119	4169	USE	
3984	4170	USE	
3988	4170	USE	
4046	4170	USE	
4103	4170	USE	
4112	4170	USE	
4144	4171	DEF	
3901	4171	USE	
3902	4171	USE	
3984	4171	USE	
3988	4171	USE	
3892	4172	DEF	
3893	4172	DEF	
3921	4172	USE	
3917	4172	DEF	
3918	4172	DEF	
3925	4172	DEF	
3925	4172	USE	
3933	4172	USE	
3945	4172	USE	
3955	4172	USE	
3959	4172	USE	
3984	4172	USE	
3988	4172	USE	
4059	4172	USE	
4060	4172	USE	
4070	4172	USE	
4079	4172	USE	
4080	4172	USE	
3933	4173	DEF	
3934	4173	DEF	
3937	4173	DEF	
3955	4173	USE	
3962	4173	USE	
3973	4173	USE	
3981	4173	USE	
4017	4173	USE	
4021	4173	USE	
4059	4173	USE	
4063	4173	USE	
4087	4173	USE	
4091	4173	USE	
4094	4173	USE	
4126	4173	USE	
4131	4173	USE	
3955	4174	USE	
3959	4174	USE	
4059	4174	USE	
4060	4174	USE	
4087	4174	USE	
4088	4174	USE	
4138	4175	DEF	
3933	4175	USE	
3943	4175	USE	
3984	4175	USE	
3999	4175	USE	
4046	4175	USE	
4052	4175	USE	
4103	4175	USE	
4115	4175	USE	
4141	4176	DEF	
3917	4176	USE	
3918	4176	USE	
3984	4176	USE	
3988	4176	USE	
4150	4177	DEF	
3905	4177	USE	
4028	4177	USE	
4037	4177	USE	
4038	4177	USE	
3896	4178	DEF	
3897	4178	DEF	
3905	4178	USE	
3901	4178	DEF	
3902	4178	DEF	
3909	4178	USE	
3909	4178	DEF	
3933	4178	USE	
3947	4178	USE	
3955	4178	USE	
3959	4178	USE	
3984	4178	USE	
3988	4178	USE	
4017	4178	USE	
4018	4178	USE	
4028	4178	USE	
4037	4178	USE	
4038	4178	USE	
4147	4179	DEF	
3921	4179	USE	
4070	4179	USE	
4079	4179	USE	
4080	4179	USE	
4153	4180	DEF	
3984	4180	USE	
3988	4180	USE	
3984	4181	USE	
3988	4181	USE	
4046	4181	USE	
4103	4181	USE	
4112	4181	USE	
4009	4182	DEF	
4010	4182	DEF	
4046	4182	USE	
4059	4182	DEF	
4060	4182	DEF	
4070	4182	USE	
4079	4182	DEF	
4080	4182	DEF	
4103	4182	USE	
4112	4182	USE	
4013	4183	DEF	
4014	4183	DEF	
4087	4183	DEF	
4088	4183	DEF	
4118	4183	USE	
4119	4183	USE	
4156	3984	REACHES	stride
4156	4122	REACHES	stride
3933	3955	REACHES	tile
3933	4017	REACHES	tile
3933	4059	REACHES	tile
3933	4087	REACHES	tile
3933	4126	REACHES	tile
4153	3984	REACHES	buffer
4141	3917	REACHES	x1
4141	3984	REACHES	x1
4147	3921	REACHES	x2
4147	4070	REACHES	x2
4147	4079	REACHES	x2
4144	3901	REACHES	y1
4144	3984	REACHES	y1
4150	3905	REACHES	y2
4150	4028	REACHES	y2
4150	4037	REACHES	y2
4009	4046	REACHES	cols
4059	4070	REACHES	cols
4079	4103	REACHES	cols
4059	4103	REACHES	cols
4087	4118	REACHES	srcstride
3984	4103	REACHES	d
4122	4103	REACHES	d
3984	4122	REACHES	d
4122	4122	REACHES	d
4017	4028	REACHES	rows
4017	4098	REACHES	rows
4098	4098	REACHES	rows
4037	4098	REACHES	rows
4118	4103	REACHES	s
3955	4103	REACHES	s
4118	4118	REACHES	s
3955	4118	REACHES	s
3925	3955	REACHES	x
3925	3921	REACHES	x
3917	3921	REACHES	x
3925	3925	REACHES	x
3917	4070	REACHES	x
3917	3925	REACHES	x
3925	3933	REACHES	x
3917	3933	REACHES	x
3925	4070	REACHES	x
3925	4059	REACHES	x
3917	4079	REACHES	x
3925	4079	REACHES	x
3917	4059	REACHES	x
3917	3955	REACHES	x
3925	3984	REACHES	x
3917	3984	REACHES	x
3909	3909	REACHES	y
3909	3905	REACHES	y
3901	3905	REACHES	y
3909	4037	REACHES	y
3901	3909	REACHES	y
3901	4017	REACHES	y
3909	4028	REACHES	y
3901	4037	REACHES	y
3901	3984	REACHES	y
3909	3984	REACHES	y
4138	3933	REACHES	tm
4138	3984	REACHES	tm
4138	4046	REACHES	tm
4138	4103	REACHES	tm
3909	4017	REACHES	y
3901	4028	REACHES	y
3901	3933	REACHES	y
3909	3933	REACHES	y
3901	3955	REACHES	y
3909	3955	REACHES	y
4159	4138	CONTROLS	
4159	4141	CONTROLS	
4159	4144	CONTROLS	
4159	4147	CONTROLS	
4159	4150	CONTROLS	
4159	4153	CONTROLS	
4159	4156	CONTROLS	
4159	3892	CONTROLS	
4159	3896	CONTROLS	
4159	3901	CONTROLS	
4159	3905	CONTROLS	
3905	3917	CONTROLS	
3905	3921	CONTROLS	
3921	3933	CONTROLS	
3921	3955	CONTROLS	
3921	3984	CONTROLS	
3921	4005	CONTROLS	
3921	4009	CONTROLS	
3921	4013	CONTROLS	
3921	4017	CONTROLS	
3921	4028	CONTROLS	
3921	4046	CONTROLS	
3921	3909	CONTROLS	
3921	3905	CONTROLS	
4028	4037	CONTROLS	
4046	4057	CONTROLS	
4046	4059	CONTROLS	
4046	4070	CONTROLS	
4046	4087	CONTROLS	
4046	4098	CONTROLS	
4046	4126	CONTROLS	
4046	3925	CONTROLS	
4046	3921	CONTROLS	
4070	4079	CONTROLS	
4098	4103	CONTROLS	
4098	4118	CONTROLS	
4098	4122	CONTROLS	
4070	4087	DOM	
4017	4028	DOM	
3892	3896	DOM	
4118	4122	DOM	
4028	4046	DOM	
4046	4059	DOM	
4103	4118	DOM	
4153	4156	DOM	
4150	4153	DOM	
4156	3892	DOM	
3901	3905	DOM	
4159	4138	DOM	
3933	3955	DOM	
4126	3925	DOM	
4144	4147	DOM	
3955	3984	DOM	
3921	3909	DOM	
4005	4009	DOM	
4028	4037	DOM	
4138	4141	DOM	
3921	3933	DOM	
3905	4160	DOM	
4159	4159	DOM	
3896	3901	DOM	
3917	3921	DOM	
4009	4013	DOM	
4059	4070	DOM	
4013	4017	DOM	
4098	4126	DOM	
4147	4150	DOM	
3984	4005	DOM	
4070	4079	DOM	
4046	4057	DOM	
4087	4098	DOM	
3905	3917	DOM	
4141	4144	DOM	
4098	4103	DOM	
4098	4087	POST_DOM	
4046	4028	POST_DOM	
3901	3896	POST_DOM	
4098	4122	POST_DOM	
4160	4046	POST_DOM	
4070	4059	POST_DOM	
4122	4118	POST_DOM	
3892	4156	POST_DOM	
3896	3892	POST_DOM	
4156	4153	POST_DOM	
4160	3905	POST_DOM	
4141	4138	POST_DOM	
3984	3955	POST_DOM	
3921	3925	POST_DOM	
4150	4147	POST_DOM	
3905	3909	POST_DOM	
4005	3984	POST_DOM	
4013	4009	POST_DOM	
4046	4037	POST_DOM	
4144	4141	POST_DOM	
3955	3933	POST_DOM	
4160	4160	POST_DOM	
4138	4159	POST_DOM	
3905	3901	POST_DOM	
4160	3921	POST_DOM	
4087	4070	POST_DOM	
4017	4013	POST_DOM	
3925	4126	POST_DOM	
4028	4017	POST_DOM	
4153	4150	POST_DOM	
4009	4005	POST_DOM	
4087	4079	POST_DOM	
4160	4057	POST_DOM	
4126	4098	POST_DOM	
3921	3917	POST_DOM	
4147	4144	POST_DOM	
4118	4103	POST_DOM	
3889	3890	IS_FUNCTION_OF_AST	
3889	4159	IS_FUNCTION_OF_CFG	
1	3889	IS_FILE_OF	
4188	4189	IS_AST_PARENT	
4188	4190	IS_AST_PARENT	
4187	4188	IS_AST_PARENT	
4186	4187	IS_AST_PARENT	
4192	4193	IS_AST_PARENT	
4192	4194	IS_AST_PARENT	
4191	4192	IS_AST_PARENT	
4186	4191	IS_AST_PARENT	
4197	4198	IS_AST_PARENT	
4197	4199	IS_AST_PARENT	
4196	4197	IS_AST_PARENT	
4195	4196	IS_AST_PARENT	
4201	4202	IS_AST_PARENT	
4201	4203	IS_AST_PARENT	
4200	4201	IS_AST_PARENT	
4195	4200	IS_AST_PARENT	
4204	4205	IS_AST_PARENT	
4206	4207	IS_AST_PARENT	
4208	4209	IS_AST_PARENT	
4208	4210	IS_AST_PARENT	
4206	4208	IS_AST_PARENT	
4204	4206	IS_AST_PARENT	
4195	4204	IS_AST_PARENT	
4213	4214	IS_AST_PARENT	
4213	4215	IS_AST_PARENT	
4212	4213	IS_AST_PARENT	
4211	4212	IS_AST_PARENT	
4217	4218	IS_AST_PARENT	
4217	4219	IS_AST_PARENT	
4216	4217	IS_AST_PARENT	
4211	4216	IS_AST_PARENT	
4220	4221	IS_AST_PARENT	
4222	4223	IS_AST_PARENT	
4224	4225	IS_AST_PARENT	
4224	4226	IS_AST_PARENT	
4222	4224	IS_AST_PARENT	
4220	4222	IS_AST_PARENT	
4211	4220	IS_AST_PARENT	
4229	4230	IS_AST_PARENT	
4229	4231	IS_AST_PARENT	
4232	4233	IS_AST_PARENT	
4235	4236	IS_AST_PARENT	
4234	4235	IS_AST_PARENT	
4238	4239	IS_AST_PARENT	
4237	4238	IS_AST_PARENT	
4240	4241	IS_AST_PARENT	
4237	4240	IS_AST_PARENT	
4242	4243	IS_AST_PARENT	
4237	4242	IS_AST_PARENT	
4245	4246	IS_AST_PARENT	
4245	4247	IS_AST_PARENT	
4244	4245	IS_AST_PARENT	
4237	4244	IS_AST_PARENT	
4249	4250	IS_AST_PARENT	
4249	4251	IS_AST_PARENT	
4248	4249	IS_AST_PARENT	
4237	4248	IS_AST_PARENT	
4234	4237	IS_AST_PARENT	
4232	4234	IS_AST_PARENT	
4229	4232	IS_AST_PARENT	
4228	4229	IS_AST_PARENT	
4227	4228	IS_AST_PARENT	
4253	4254	IS_AST_PARENT	
4253	4255	IS_AST_PARENT	
4256	4257	IS_AST_PARENT	
4258	4259	IS_AST_PARENT	
4261	4262	IS_AST_PARENT	
4263	4264	IS_AST_PARENT	
4263	4265	IS_AST_PARENT	
4261	4263	IS_AST_PARENT	
4260	4261	IS_AST_PARENT	
4267	4268	IS_AST_PARENT	
4267	4269	IS_AST_PARENT	
4266	4267	IS_AST_PARENT	
4270	4271	IS_AST_PARENT	
4270	4272	IS_AST_PARENT	
4266	4270	IS_AST_PARENT	
4260	4266	IS_AST_PARENT	
4258	4260	IS_AST_PARENT	
4256	4258	IS_AST_PARENT	
4253	4256	IS_AST_PARENT	
4252	4253	IS_AST_PARENT	
4227	4252	IS_AST_PARENT	
4274	4275	IS_AST_PARENT	
4274	4276	IS_AST_PARENT	
4277	4278	IS_AST_PARENT	
4280	4281	IS_AST_PARENT	
4280	4282	IS_AST_PARENT	
4279	4280	IS_AST_PARENT	
4286	4287	IS_AST_PARENT	
4288	4289	IS_AST_PARENT	
4288	4290	IS_AST_PARENT	
4286	4288	IS_AST_PARENT	
4285	4286	IS_AST_PARENT	
4291	4292	IS_AST_PARENT	
4291	4293	IS_AST_PARENT	
4285	4291	IS_AST_PARENT	
4284	4285	IS_AST_PARENT	
4294	4295	IS_AST_PARENT	
4296	4297	IS_AST_PARENT	
4296	4298	IS_AST_PARENT	
4294	4296	IS_AST_PARENT	
4284	4294	IS_AST_PARENT	
4283	4284	IS_AST_PARENT	
4299	4300	IS_AST_PARENT	
4299	4301	IS_AST_PARENT	
4283	4299	IS_AST_PARENT	
4279	4283	IS_AST_PARENT	
4277	4279	IS_AST_PARENT	
4274	4277	IS_AST_PARENT	
4273	4274	IS_AST_PARENT	
4227	4273	IS_AST_PARENT	
4303	4304	IS_AST_PARENT	
4303	4305	IS_AST_PARENT	
4302	4303	IS_AST_PARENT	
4227	4302	IS_AST_PARENT	
4307	4308	IS_AST_PARENT	
4307	4309	IS_AST_PARENT	
4306	4307	IS_AST_PARENT	
4227	4306	IS_AST_PARENT	
4311	4312	IS_AST_PARENT	
4311	4313	IS_AST_PARENT	
4310	4311	IS_AST_PARENT	
4227	4310	IS_AST_PARENT	
4315	4316	IS_AST_PARENT	
4318	4319	IS_AST_PARENT	
4318	4320	IS_AST_PARENT	
4317	4318	IS_AST_PARENT	
4321	4322	IS_AST_PARENT	
4321	4323	IS_AST_PARENT	
4317	4321	IS_AST_PARENT	
4315	4317	IS_AST_PARENT	
4314	4315	IS_AST_PARENT	
4227	4314	IS_AST_PARENT	
4327	4328	IS_AST_PARENT	
4329	4330	IS_AST_PARENT	
4331	4332	IS_AST_PARENT	
4331	4333	IS_AST_PARENT	
4329	4331	IS_AST_PARENT	
4327	4329	IS_AST_PARENT	
4326	4327	IS_AST_PARENT	
4326	4334	IS_AST_PARENT	
4325	4326	IS_AST_PARENT	
4324	4325	IS_AST_PARENT	
4336	4337	IS_AST_PARENT	
4335	4336	IS_AST_PARENT	
4324	4335	IS_AST_PARENT	
4227	4324	IS_AST_PARENT	
4340	4341	IS_AST_PARENT	
4342	4343	IS_AST_PARENT	
4344	4345	IS_AST_PARENT	
4344	4346	IS_AST_PARENT	
4342	4344	IS_AST_PARENT	
4340	4342	IS_AST_PARENT	
4339	4340	IS_AST_PARENT	
4338	4339	IS_AST_PARENT	
4349	4350	IS_AST_PARENT	
4351	4352	IS_AST_PARENT	
4353	4354	IS_AST_PARENT	
4353	4355	IS_AST_PARENT	
4351	4353	IS_AST_PARENT	
4349	4351	IS_AST_PARENT	
4348	4349	IS_AST_PARENT	
4347	4348	IS_AST_PARENT	
4338	4347	IS_AST_PARENT	
4227	4338	IS_AST_PARENT	
4357	4358	IS_AST_PARENT	
4360	4361	IS_AST_PARENT	
4360	4362	IS_AST_PARENT	
4359	4360	IS_AST_PARENT	
4363	4364	IS_AST_PARENT	
4363	4365	IS_AST_PARENT	
4359	4363	IS_AST_PARENT	
4357	4359	IS_AST_PARENT	
4356	4357	IS_AST_PARENT	
4227	4356	IS_AST_PARENT	
4368	4369	IS_AST_PARENT	
4370	4371	IS_AST_PARENT	
4372	4373	IS_AST_PARENT	
4372	4374	IS_AST_PARENT	
4370	4372	IS_AST_PARENT	
4368	4370	IS_AST_PARENT	
4367	4368	IS_AST_PARENT	
4366	4367	IS_AST_PARENT	
4377	4378	IS_AST_PARENT	
4379	4380	IS_AST_PARENT	
4381	4382	IS_AST_PARENT	
4381	4383	IS_AST_PARENT	
4379	4381	IS_AST_PARENT	
4377	4379	IS_AST_PARENT	
4376	4377	IS_AST_PARENT	
4375	4376	IS_AST_PARENT	
4366	4375	IS_AST_PARENT	
4227	4366	IS_AST_PARENT	
4385	4386	IS_AST_PARENT	
4388	4389	IS_AST_PARENT	
4388	4390	IS_AST_PARENT	
4387	4388	IS_AST_PARENT	
4391	4392	IS_AST_PARENT	
4391	4393	IS_AST_PARENT	
4387	4391	IS_AST_PARENT	
4385	4387	IS_AST_PARENT	
4384	4385	IS_AST_PARENT	
4227	4384	IS_AST_PARENT	
4396	4397	IS_AST_PARENT	
4396	4398	IS_AST_PARENT	
4395	4396	IS_AST_PARENT	
4394	4395	IS_AST_PARENT	
4402	4403	IS_AST_PARENT	
4401	4402	IS_AST_PARENT	
4405	4406	IS_AST_PARENT	
4404	4405	IS_AST_PARENT	
4407	4408	IS_AST_PARENT	
4404	4407	IS_AST_PARENT	
4410	4411	IS_AST_PARENT	
4412	4413	IS_AST_PARENT	
4412	4414	IS_AST_PARENT	
4410	4412	IS_AST_PARENT	
4409	4410	IS_AST_PARENT	
4404	4409	IS_AST_PARENT	
4401	4404	IS_AST_PARENT	
4400	4401	IS_AST_PARENT	
4399	4400	IS_AST_PARENT	
4416	4417	IS_AST_PARENT	
4416	4418	IS_AST_PARENT	
4415	4416	IS_AST_PARENT	
4399	4415	IS_AST_PARENT	
4420	4421	IS_AST_PARENT	
4420	4422	IS_AST_PARENT	
4419	4420	IS_AST_PARENT	
4399	4419	IS_AST_PARENT	
4394	4399	IS_AST_PARENT	
4227	4394	IS_AST_PARENT	
4425	4426	IS_AST_PARENT	
4424	4425	IS_AST_PARENT	
4428	4429	IS_AST_PARENT	
4427	4428	IS_AST_PARENT	
4431	4432	IS_AST_PARENT	
4431	4433	IS_AST_PARENT	
4430	4431	IS_AST_PARENT	
4427	4430	IS_AST_PARENT	
4424	4427	IS_AST_PARENT	
4423	4424	IS_AST_PARENT	
4227	4423	IS_AST_PARENT	
4211	4227	IS_AST_PARENT	
4195	4211	IS_AST_PARENT	
4186	4195	IS_AST_PARENT	
4185	4186	IS_AST_PARENT	
4185	4434	IS_AST_PARENT	
4185	4435	IS_AST_PARENT	
4437	4438	IS_AST_PARENT	
4437	4439	IS_AST_PARENT	
4436	4437	IS_AST_PARENT	
4440	4441	IS_AST_PARENT	
4440	4442	IS_AST_PARENT	
4436	4440	IS_AST_PARENT	
4443	4444	IS_AST_PARENT	
4443	4445	IS_AST_PARENT	
4436	4443	IS_AST_PARENT	
4446	4447	IS_AST_PARENT	
4446	4448	IS_AST_PARENT	
4436	4446	IS_AST_PARENT	
4449	4450	IS_AST_PARENT	
4449	4451	IS_AST_PARENT	
4436	4449	IS_AST_PARENT	
4452	4453	IS_AST_PARENT	
4452	4454	IS_AST_PARENT	
4436	4452	IS_AST_PARENT	
4455	4456	IS_AST_PARENT	
4455	4457	IS_AST_PARENT	
4436	4455	IS_AST_PARENT	
4185	4436	IS_AST_PARENT	
4458	4437	FLOWS_TO	
4437	4440	FLOWS_TO	
4440	4443	FLOWS_TO	
4443	4446	FLOWS_TO	
4446	4449	FLOWS_TO	
4449	4452	FLOWS_TO	
4452	4455	FLOWS_TO	
4455	4187	FLOWS_TO	
4187	4191	FLOWS_TO	
4191	4196	FLOWS_TO	
4200	4212	FLOWS_TO	
4200	4459	FLOWS_TO	
4196	4200	FLOWS_TO	
4204	4200	FLOWS_TO	
4216	4228	FLOWS_TO	
4216	4204	FLOWS_TO	
4212	4216	FLOWS_TO	
4220	4216	FLOWS_TO	
4228	4252	FLOWS_TO	
4252	4273	FLOWS_TO	
4273	4302	FLOWS_TO	
4302	4306	FLOWS_TO	
4306	4310	FLOWS_TO	
4310	4314	FLOWS_TO	
4314	4325	FLOWS_TO	
4325	4336	FLOWS_TO	
4325	4339	FLOWS_TO	
4336	4459	FLOWS_TO	
4339	4348	FLOWS_TO	
4339	4356	FLOWS_TO	
4348	4356	FLOWS_TO	
4356	4367	FLOWS_TO	
4367	4376	FLOWS_TO	
4367	4384	FLOWS_TO	
4376	4384	FLOWS_TO	
4384	4395	FLOWS_TO	
4395	4400	FLOWS_TO	
4395	4423	FLOWS_TO	
4400	4415	FLOWS_TO	
4415	4419	FLOWS_TO	
4419	4395	FLOWS_TO	
4423	4220	FLOWS_TO	
4273	4460	USE	
4277	4460	USE	
4314	4460	USE	
4315	4460	USE	
4356	4460	USE	
4357	4460	USE	
4384	4460	USE	
4385	4460	USE	
4228	4461	USE	
4232	4461	USE	
4273	4462	USE	
4277	4462	USE	
4273	4463	USE	
4277	4463	USE	
4384	4463	USE	
4385	4463	USE	
4273	4464	DEF	
4274	4464	DEF	
4277	4464	DEF	
4400	4464	USE	
4405	4464	USE	
4419	4464	USE	
4420	4464	USE	
4419	4464	DEF	
4420	4464	DEF	
4314	4465	USE	
4315	4465	USE	
4455	4466	DEF	
4252	4466	USE	
4256	4466	USE	
4415	4466	USE	
4416	4466	USE	
4302	4467	DEF	
4303	4467	DEF	
4314	4467	DEF	
4315	4467	DEF	
4339	4467	USE	
4348	4467	DEF	
4349	4467	DEF	
4395	4467	USE	
4396	4467	USE	
4395	4467	DEF	
4396	4467	DEF	
4252	4468	DEF	
4253	4468	DEF	
4256	4468	DEF	
4400	4468	USE	
4407	4468	USE	
4415	4468	DEF	
4416	4468	DEF	
4415	4468	USE	
4416	4468	USE	
4310	4469	DEF	
4311	4469	DEF	
4384	4469	DEF	
4385	4469	DEF	
4419	4469	USE	
4420	4469	USE	
4252	4470	USE	
4256	4470	USE	
4325	4470	USE	
4400	4470	USE	
4409	4470	USE	
4443	4471	DEF	
4196	4471	USE	
4197	4471	USE	
4252	4471	USE	
4256	4471	USE	
4187	4472	DEF	
4188	4472	DEF	
4216	4472	USE	
4212	4472	DEF	
4213	4472	DEF	
4220	4472	USE	
4220	4472	DEF	
4228	4472	USE	
4240	4472	USE	
4252	4472	USE	
4256	4472	USE	
4273	4472	USE	
4277	4472	USE	
4356	4472	USE	
4357	4472	USE	
4367	4472	USE	
4376	4472	USE	
4377	4472	USE	
4228	4473	DEF	
4232	4473	DEF	
4229	4473	DEF	
4273	4473	USE	
4299	4473	USE	
4280	4473	USE	
4291	4473	USE	
4314	4473	USE	
4318	4473	USE	
4356	4473	USE	
4360	4473	USE	
4384	4473	USE	
4388	4473	USE	
4391	4473	USE	
4423	4473	USE	
4428	4473	USE	
4273	4474	USE	
4277	4474	USE	
4356	4474	USE	
4357	4474	USE	
4384	4474	USE	
4385	4474	USE	
4437	4475	DEF	
4228	4475	USE	
4238	4475	USE	
4252	4475	USE	
4267	4475	USE	
4325	4475	USE	
4331	4475	USE	
4400	4475	USE	
4412	4475	USE	
4440	4476	DEF	
4212	4476	USE	
4213	4476	USE	
4252	4476	USE	
4256	4476	USE	
4449	4477	DEF	
4200	4477	USE	
4339	4477	USE	
4348	4477	USE	
4349	4477	USE	
4191	4478	DEF	
4192	4478	DEF	
4200	4478	USE	
4196	4478	DEF	
4197	4478	DEF	
4204	4478	DEF	
4204	4478	USE	
4228	4478	USE	
4242	4478	USE	
4252	4478	USE	
4256	4478	USE	
4273	4478	USE	
4277	4478	USE	
4314	4478	USE	
4315	4478	USE	
4339	4478	USE	
4348	4478	USE	
4349	4478	USE	
4446	4479	DEF	
4216	4479	USE	
4367	4479	USE	
4376	4479	USE	
4377	4479	USE	
4452	4480	DEF	
4252	4480	USE	
4256	4480	USE	
4252	4481	USE	
4256	4481	USE	
4325	4481	USE	
4400	4481	USE	
4409	4481	USE	
4306	4482	DEF	
4307	4482	DEF	
4325	4482	USE	
4356	4482	DEF	
4357	4482	DEF	
4367	4482	USE	
4376	4482	DEF	
4377	4482	DEF	
4400	4482	USE	
4409	4482	USE	
4455	4252	REACHES	stride
4455	4415	REACHES	stride
4228	4273	REACHES	tile
4228	4314	REACHES	tile
4228	4356	REACHES	tile
4228	4384	REACHES	tile
4228	4423	REACHES	tile
4452	4252	REACHES	buffer
4440	4212	REACHES	x1
4440	4252	REACHES	x1
4446	4216	REACHES	x2
4446	4367	REACHES	x2
4446	4376	REACHES	x2
4384	4419	REACHES	dststride
4443	4196	REACHES	y1
4443	4252	REACHES	y1
4449	4200	REACHES	y2
4449	4339	REACHES	y2
4449	4348	REACHES	y2
4306	4325	REACHES	cols
4356	4367	REACHES	cols
4356	4400	REACHES	cols
4376	4400	REACHES	cols
4419	4400	REACHES	d
4273	4400	REACHES	d
4419	4419	REACHES	d
4273	4419	REACHES	d
4314	4339	REACHES	rows
4395	4395	REACHES	rows
4348	4395	REACHES	rows
4314	4395	REACHES	rows
4415	4400	REACHES	s
4252	4400	REACHES	s
4415	4415	REACHES	s
4252	4415	REACHES	s
4220	4220	REACHES	x
4220	4216	REACHES	x
4220	4356	REACHES	x
4212	4376	REACHES	x
4212	4216	REACHES	x
4212	4220	REACHES	x
4212	4367	REACHES	x
4212	4356	REACHES	x
4220	4228	REACHES	x
4212	4228	REACHES	x
4220	4252	REACHES	x
4220	4376	REACHES	x
4212	4252	REACHES	x
4220	4273	REACHES	x
4220	4367	REACHES	x
4212	4273	REACHES	x
4204	4228	REACHES	y
4196	4200	REACHES	y
4204	4200	REACHES	y
4196	4204	REACHES	y
4204	4204	REACHES	y
4204	4348	REACHES	y
4437	4252	REACHES	tm
4437	4325	REACHES	tm
4196	4228	REACHES	y
4204	4314	REACHES	y
4196	4348	REACHES	y
4437	4228	REACHES	tm
4437	4400	REACHES	tm
4204	4252	REACHES	y
4204	4339	REACHES	y
4196	4314	REACHES	y
4196	4273	REACHES	y
4196	4339	REACHES	y
4204	4273	REACHES	y
4196	4252	REACHES	y
4458	4437	CONTROLS	
4458	4440	CONTROLS	
4458	4443	CONTROLS	
4458	4446	CONTROLS	
4458	4449	CONTROLS	
4458	4452	CONTROLS	
4458	4455	CONTROLS	
4458	4187	CONTROLS	
4458	4191	CONTROLS	
4458	4196	CONTROLS	
4458	4200	CONTROLS	
4200	4212	CONTROLS	
4200	4216	CONTROLS	
4216	4228	CONTROLS	
4216	4252	CONTROLS	
4216	4273	CONTROLS	
4216	4302	CONTROLS	
4216	4306	CONTROLS	
4216	4310	CONTROLS	
4216	4314	CONTROLS	
4216	4325	CONTROLS	
4216	4204	CONTROLS	
4216	4200	CONTROLS	
4325	4336	CONTROLS	
4325	4339	CONTROLS	
4325	4356	CONTROLS	
4325	4367	CONTROLS	
4325	4384	CONTROLS	
4325	4395	CONTROLS	
4325	4423	CONTROLS	
4325	4220	CONTROLS	
4325	4216	CONTROLS	
4339	4348	CONTROLS	
4367	4376	CONTROLS	
4395	4400	CONTROLS	
4395	4415	CONTROLS	
4395	4419	CONTROLS	
4325	4339	DOM	
4200	4212	DOM	
4458	4458	DOM	
4212	4216	DOM	
4216	4228	DOM	
4339	4348	DOM	
4252	4273	DOM	
4314	4325	DOM	
4200	4459	DOM	
4395	4400	DOM	
4440	4443	DOM	
4455	4187	DOM	
4395	4423	DOM	
4423	4220	DOM	
4356	4367	DOM	
4415	4419	DOM	
4367	4384	DOM	
4384	4395	DOM	
4310	4314	DOM	
4306	4310	DOM	
4458	4437	DOM	
4191	4196	DOM	
4273	4302	DOM	
4196	4200	DOM	
4443	4446	DOM	
4302	4306	DOM	
4216	4204	DOM	
4339	4356	DOM	
4437	4440	DOM	
4449	4452	DOM	
4367	4376	DOM	
4187	4191	DOM	
4446	4449	DOM	
4325	4336	DOM	
4228	4252	DOM	
4452	4455	DOM	
4400	4415	DOM	
4356	4339	POST_DOM	
4216	4212	POST_DOM	
4437	4458	POST_DOM	
4459	4216	POST_DOM	
4252	4228	POST_DOM	
4356	4348	POST_DOM	
4302	4273	POST_DOM	
4459	4459	POST_DOM	
4459	4325	POST_DOM	
4415	4400	POST_DOM	
4446	4443	POST_DOM	
4191	4187	POST_DOM	
4216	4220	POST_DOM	
4220	4423	POST_DOM	
4384	4367	POST_DOM	
4395	4419	POST_DOM	
4395	4384	POST_DOM	
4423	4395	POST_DOM	
4325	4314	POST_DOM	
4314	4310	POST_DOM	
4440	4437	POST_DOM	
4200	4196	POST_DOM	
4306	4302	POST_DOM	
4459	4200	POST_DOM	
4449	4446	POST_DOM	
4200	4204	POST_DOM	
4310	4306	POST_DOM	
4367	4356	POST_DOM	
4443	4440	POST_DOM	
4455	4452	POST_DOM	
4384	4376	POST_DOM	
4196	4191	POST_DOM	
4452	4449	POST_DOM	
4459	4336	POST_DOM	
4273	4252	POST_DOM	
4187	4455	POST_DOM	
4419	4415	POST_DOM	
4184	4185	IS_FUNCTION_OF_AST	
4184	4458	IS_FUNCTION_OF_CFG	
1	4184	IS_FILE_OF	
4487	4488	IS_AST_PARENT	
4487	4489	IS_AST_PARENT	
4490	4491	IS_AST_PARENT	
4493	4494	IS_AST_PARENT	
4492	4493	IS_AST_PARENT	
4496	4497	IS_AST_PARENT	
4495	4496	IS_AST_PARENT	
4498	4499	IS_AST_PARENT	
4495	4498	IS_AST_PARENT	
4500	4501	IS_AST_PARENT	
4495	4500	IS_AST_PARENT	
4492	4495	IS_AST_PARENT	
4490	4492	IS_AST_PARENT	
4487	4490	IS_AST_PARENT	
4486	4487	IS_AST_PARENT	
4485	4486	IS_AST_PARENT	
4504	4505	IS_AST_PARENT	
4504	4506	IS_AST_PARENT	
4503	4504	IS_AST_PARENT	
4502	4503	IS_AST_PARENT	
4507	4508	IS_AST_PARENT	
4502	4507	IS_AST_PARENT	
4485	4502	IS_AST_PARENT	
4511	4512	IS_AST_PARENT	
4513	4514	IS_AST_PARENT	
4513	4515	IS_AST_PARENT	
4511	4513	IS_AST_PARENT	
4510	4511	IS_AST_PARENT	
4509	4510	IS_AST_PARENT	
4518	4519	IS_AST_PARENT	
4518	4520	IS_AST_PARENT	
4517	4518	IS_AST_PARENT	
4516	4517	IS_AST_PARENT	
4523	4524	IS_AST_PARENT	
4523	4525	IS_AST_PARENT	
4522	4523	IS_AST_PARENT	
4521	4522	IS_AST_PARENT	
4529	4530	IS_AST_PARENT	
4528	4529	IS_AST_PARENT	
4533	4534	IS_AST_PARENT	
4533	4535	IS_AST_PARENT	
4532	4533	IS_AST_PARENT	
4531	4532	IS_AST_PARENT	
4536	4537	IS_AST_PARENT	
4531	4536	IS_AST_PARENT	
4528	4531	IS_AST_PARENT	
4527	4528	IS_AST_PARENT	
4526	4527	IS_AST_PARENT	
4521	4526	IS_AST_PARENT	
4516	4521	IS_AST_PARENT	
4540	4541	IS_AST_PARENT	
4540	4542	IS_AST_PARENT	
4539	4540	IS_AST_PARENT	
4543	4544	IS_AST_PARENT	
4543	4545	IS_AST_PARENT	
4539	4543	IS_AST_PARENT	
4538	4539	IS_AST_PARENT	
4516	4538	IS_AST_PARENT	
4548	4549	IS_AST_PARENT	
4548	4550	IS_AST_PARENT	
4547	4548	IS_AST_PARENT	
4551	4552	IS_AST_PARENT	
4551	4553	IS_AST_PARENT	
4547	4551	IS_AST_PARENT	
4546	4547	IS_AST_PARENT	
4516	4546	IS_AST_PARENT	
4555	4556	IS_AST_PARENT	
4558	4559	IS_AST_PARENT	
4557	4558	IS_AST_PARENT	
4561	4562	IS_AST_PARENT	
4560	4561	IS_AST_PARENT	
4563	4564	IS_AST_PARENT	
4560	4563	IS_AST_PARENT	
4566	4567	IS_AST_PARENT	
4566	4568	IS_AST_PARENT	
4565	4566	IS_AST_PARENT	
4560	4565	IS_AST_PARENT	
4569	4570	IS_AST_PARENT	
4560	4569	IS_AST_PARENT	
4557	4560	IS_AST_PARENT	
4555	4557	IS_AST_PARENT	
4554	4555	IS_AST_PARENT	
4516	4554	IS_AST_PARENT	
4573	4574	IS_AST_PARENT	
4573	4575	IS_AST_PARENT	
4572	4573	IS_AST_PARENT	
4572	4576	IS_AST_PARENT	
4571	4572	IS_AST_PARENT	
4516	4571	IS_AST_PARENT	
4579	4580	IS_AST_PARENT	
4579	4581	IS_AST_PARENT	
4578	4579	IS_AST_PARENT	
4578	4582	IS_AST_PARENT	
4577	4578	IS_AST_PARENT	
4516	4577	IS_AST_PARENT	
4509	4516	IS_AST_PARENT	
4485	4509	IS_AST_PARENT	
4585	4586	IS_AST_PARENT	
4585	4587	IS_AST_PARENT	
4588	4589	IS_AST_PARENT	
4592	4593	IS_AST_PARENT	
4592	4594	IS_AST_PARENT	
4591	4592	IS_AST_PARENT	
4591	4595	IS_AST_PARENT	
4590	4591	IS_AST_PARENT	
4599	4600	IS_AST_PARENT	
4601	4602	IS_AST_PARENT	
4601	4603	IS_AST_PARENT	
4599	4601	IS_AST_PARENT	
4598	4599	IS_AST_PARENT	
4605	4606	IS_AST_PARENT	
4605	4607	IS_AST_PARENT	
4604	4605	IS_AST_PARENT	
4604	4608	IS_AST_PARENT	
4598	4604	IS_AST_PARENT	
4597	4598	IS_AST_PARENT	
4609	4610	IS_AST_PARENT	
4611	4612	IS_AST_PARENT	
4611	4613	IS_AST_PARENT	
4609	4611	IS_AST_PARENT	
4597	4609	IS_AST_PARENT	
4596	4597	IS_AST_PARENT	
4615	4616	IS_AST_PARENT	
4615	4617	IS_AST_PARENT	
4614	4615	IS_AST_PARENT	
4614	4618	IS_AST_PARENT	
4596	4614	IS_AST_PARENT	
4590	4596	IS_AST_PARENT	
4588	4590	IS_AST_PARENT	
4585	4588	IS_AST_PARENT	
4584	4585	IS_AST_PARENT	
4583	4584	IS_AST_PARENT	
4621	4622	IS_AST_PARENT	
4621	4623	IS_AST_PARENT	
4620	4621	IS_AST_PARENT	
4619	4620	IS_AST_PARENT	
4624	4625	IS_AST_PARENT	
4628	4629	IS_AST_PARENT	
4630	4631	IS_AST_PARENT	
4630	4632	IS_AST_PARENT	
4628	4630	IS_AST_PARENT	
4627	4628	IS_AST_PARENT	
4633	4634	IS_AST_PARENT	
4635	4636	IS_AST_PARENT	
4635	4637	IS_AST_PARENT	
4633	4635	IS_AST_PARENT	
4627	4633	IS_AST_PARENT	
4626	4627	IS_AST_PARENT	
4624	4626	IS_AST_PARENT	
4624	4638	IS_AST_PARENT	
4641	4642	IS_AST_PARENT	
4643	4644	IS_AST_PARENT	
4643	4645	IS_AST_PARENT	
4641	4643	IS_AST_PARENT	
4640	4641	IS_AST_PARENT	
4646	4647	IS_AST_PARENT	
4648	4649	IS_AST_PARENT	
4648	4650	IS_AST_PARENT	
4646	4648	IS_AST_PARENT	
4640	4646	IS_AST_PARENT	
4639	4640	IS_AST_PARENT	
4624	4639	IS_AST_PARENT	
4624	4651	IS_AST_PARENT	
4654	4655	IS_AST_PARENT	
4656	4657	IS_AST_PARENT	
4656	4658	IS_AST_PARENT	
4654	4656	IS_AST_PARENT	
4653	4654	IS_AST_PARENT	
4659	4660	IS_AST_PARENT	
4661	4662	IS_AST_PARENT	
4661	4663	IS_AST_PARENT	
4659	4661	IS_AST_PARENT	
4653	4659	IS_AST_PARENT	
4652	4653	IS_AST_PARENT	
4624	4652	IS_AST_PARENT	
4624	4664	IS_AST_PARENT	
4667	4668	IS_AST_PARENT	
4669	4670	IS_AST_PARENT	
4669	4671	IS_AST_PARENT	
4667	4669	IS_AST_PARENT	
4666	4667	IS_AST_PARENT	
4672	4673	IS_AST_PARENT	
4674	4675	IS_AST_PARENT	
4674	4676	IS_AST_PARENT	
4672	4674	IS_AST_PARENT	
4666	4672	IS_AST_PARENT	
4665	4666	IS_AST_PARENT	
4624	4665	IS_AST_PARENT	
4619	4624	IS_AST_PARENT	
4583	4619	IS_AST_PARENT	
4485	4583	IS_AST_PARENT	
4484	4485	IS_AST_PARENT	
4484	4677	IS_AST_PARENT	
4484	4678	IS_AST_PARENT	
4680	4681	IS_AST_PARENT	
4680	4682	IS_AST_PARENT	
4679	4680	IS_AST_PARENT	
4683	4684	IS_AST_PARENT	
4683	4685	IS_AST_PARENT	
4679	4683	IS_AST_PARENT	
4686	4687	IS_AST_PARENT	
4686	4688	IS_AST_PARENT	
4679	4686	IS_AST_PARENT	
4689	4690	IS_AST_PARENT	
4689	4691	IS_AST_PARENT	
4679	4689	IS_AST_PARENT	
4484	4679	IS_AST_PARENT	
4692	4680	FLOWS_TO	
4680	4683	FLOWS_TO	
4683	4686	FLOWS_TO	
4686	4689	FLOWS_TO	
4689	4486	FLOWS_TO	
4486	4503	FLOWS_TO	
4503	4508	FLOWS_TO	
4503	4510	FLOWS_TO	
4508	4693	FLOWS_TO	
4510	4517	FLOWS_TO	
4510	4584	FLOWS_TO	
4517	4522	FLOWS_TO	
4522	4527	FLOWS_TO	
4522	4538	FLOWS_TO	
4527	4538	FLOWS_TO	
4538	4546	FLOWS_TO	
4546	4554	FLOWS_TO	
4554	4571	FLOWS_TO	
4571	4577	FLOWS_TO	
4577	4584	FLOWS_TO	
4584	4620	FLOWS_TO	
4620	4625	FLOWS_TO	
4620	4664	FLOWS_TO	
4620	4651	FLOWS_TO	
4620	4638	FLOWS_TO	
4620	4693	FLOWS_TO	
4625	4626	FLOWS_TO	
4626	4638	FLOWS_TO	
4638	4639	FLOWS_TO	
4639	4651	FLOWS_TO	
4651	4652	FLOWS_TO	
4652	4664	FLOWS_TO	
4664	4665	FLOWS_TO	
4665	4693	FLOWS_TO	
4584	4694	USE	
4588	4694	USE	
4626	4695	USE	
4627	4695	USE	
4639	4695	USE	
4640	4695	USE	
4652	4695	USE	
4653	4695	USE	
4665	4695	USE	
4666	4695	USE	
4584	4696	DEF	
4585	4696	DEF	
4588	4696	DEF	
4626	4696	USE	
4635	4696	USE	
4626	4696	DEF	
4635	4696	DEF	
4639	4696	DEF	
4648	4696	DEF	
4639	4696	USE	
4648	4696	USE	
4652	4696	USE	
4661	4696	USE	
4652	4696	DEF	
4661	4696	DEF	
4665	4696	USE	
4674	4696	USE	
4665	4696	DEF	
4674	4696	DEF	
4486	4697	DEF	
4490	4697	DEF	
4487	4697	DEF	
4503	4697	USE	
4510	4697	USE	
4554	4697	USE	
4563	4697	USE	
4571	4697	USE	
4572	4697	USE	
4584	4698	USE	
4588	4698	USE	
4510	4699	USE	
4538	4699	DEF	
4539	4699	DEF	
4571	4699	DEF	
4572	4699	DEF	
4584	4700	USE	
4588	4700	USE	
4522	4701	USE	
4527	4701	USE	
4532	4701	USE	
4546	4701	DEF	
4547	4701	DEF	
4577	4701	DEF	
4578	4701	DEF	
4584	4701	USE	
4591	4701	USE	
4614	4701	USE	
4604	4701	USE	
4626	4702	DEF	
4627	4702	DEF	
4639	4702	DEF	
4640	4702	DEF	
4652	4702	DEF	
4653	4702	DEF	
4665	4702	DEF	
4666	4702	DEF	
4554	4703	USE	
4555	4703	USE	
4584	4704	USE	
4588	4704	USE	
4584	4705	USE	
4588	4705	USE	
4620	4706	USE	
4683	4707	DEF	
4486	4707	USE	
4498	4707	USE	
4584	4707	USE	
4588	4707	USE	
4517	4708	DEF	
4518	4708	DEF	
4554	4708	DEF	
4555	4708	DEF	
4577	4708	USE	
4578	4708	USE	
4680	4709	DEF	
4486	4709	USE	
4496	4709	USE	
4510	4709	USE	
4513	4709	USE	
4522	4709	USE	
4523	4709	USE	
4527	4709	USE	
4533	4709	USE	
4538	4709	USE	
4540	4709	USE	
4546	4709	USE	
4548	4709	USE	
4554	4709	USE	
4561	4709	USE	
4571	4709	USE	
4573	4709	USE	
4577	4709	USE	
4579	4709	USE	
4584	4709	USE	
4592	4709	USE	
4605	4709	USE	
4615	4709	USE	
4620	4709	USE	
4621	4709	USE	
4686	4710	DEF	
4486	4710	USE	
4500	4710	USE	
4584	4710	USE	
4588	4710	USE	
4689	4711	DEF	
4626	4711	USE	
4630	4711	USE	
4626	4711	DEF	
4630	4711	DEF	
4639	4711	USE	
4643	4711	USE	
4639	4711	DEF	
4643	4711	DEF	
4652	4711	DEF	
4656	4711	DEF	
4652	4711	USE	
4656	4711	USE	
4665	4711	DEF	
4669	4711	DEF	
4665	4711	USE	
4669	4711	USE	
4510	4712	USE	
4522	4712	USE	
4527	4712	USE	
4532	4712	USE	
4538	4712	DEF	
4539	4712	DEF	
4546	4712	DEF	
4547	4712	DEF	
4571	4712	DEF	
4572	4712	DEF	
4577	4712	DEF	
4578	4712	DEF	
4584	4712	USE	
4614	4712	USE	
4591	4712	USE	
4604	4712	USE	
4620	4712	USE	
4486	4713	USE	
4490	4713	USE	
4486	4503	REACHES	num
4486	4510	REACHES	num
4486	4554	REACHES	num
4486	4571	REACHES	num
4577	4584	REACHES	tm -> cached_tile
4554	4577	REACHES	tile
4689	4626	REACHES	buffer
4689	4639	REACHES	buffer
4626	4639	REACHES	buffer
4689	4652	REACHES	buffer
4639	4652	REACHES	buffer
4652	4665	REACHES	buffer
4689	4665	REACHES	buffer
4584	4626	REACHES	src
4626	4639	REACHES	src
4584	4639	REACHES	src
4639	4652	REACHES	src
4584	4652	REACHES	src
4652	4665	REACHES	src
4584	4665	REACHES	src
4683	4486	REACHES	x
4683	4584	REACHES	x
4680	4546	REACHES	tm
4686	4486	REACHES	y
4686	4584	REACHES	y
4680	4486	REACHES	tm
4680	4510	REACHES	tm
4680	4522	REACHES	tm
4680	4527	REACHES	tm
4680	4538	REACHES	tm
4680	4554	REACHES	tm
4680	4571	REACHES	tm
4680	4584	REACHES	tm
4680	4577	REACHES	tm
4680	4620	REACHES	tm
4577	4693	REACHES	* tm
4577	4584	REACHES	* tm
4577	4620	REACHES	* tm
4692	4680	CONTROLS	
4692	4683	CONTROLS	
4692	4686	CONTROLS	
4692	4689	CONTROLS	
4692	4486	CONTROLS	
4692	4503	CONTROLS	
4503	4508	CONTROLS	
4503	4510	CONTROLS	
4503	4584	CONTROLS	
4503	4620	CONTROLS	
4510	4517	CONTROLS	
4510	4522	CONTROLS	
4510	4538	CONTROLS	
4510	4546	CONTROLS	
4510	4554	CONTROLS	
4510	4571	CONTROLS	
4510	4577	CONTROLS	
4522	4527	CONTROLS	
4620	4625	CONTROLS	
4620	4626	CONTROLS	
4620	4638	CONTROLS	
4620	4639	CONTROLS	
4620	4651	CONTROLS	
4620	4652	CONTROLS	
4620	4664	CONTROLS	
4620	4665	CONTROLS	
4620	4664	CONTROLS	
4620	4665	CONTROLS	
4620	4651	CONTROLS	
4620	4652	CONTROLS	
4620	4664	CONTROLS	
4620	4665	CONTROLS	
4620	4638	CONTROLS	
4620	4639	CONTROLS	
4620	4651	CONTROLS	
4620	4652	CONTROLS	
4620	4664	CONTROLS	
4620	4665	CONTROLS	
4584	4620	DOM	
4664	4665	DOM	
4620	4651	DOM	
4689	4486	DOM	
4571	4577	DOM	
4620	4638	DOM	
4510	4584	DOM	
4692	4680	DOM	
4620	4625	DOM	
4546	4554	DOM	
4651	4652	DOM	
4683	4686	DOM	
4680	4683	DOM	
4503	4510	DOM	
4692	4692	DOM	
4522	4538	DOM	
4517	4522	DOM	
4686	4689	DOM	
4510	4517	DOM	
4486	4503	DOM	
4538	4546	DOM	
4625	4626	DOM	
4554	4571	DOM	
4638	4639	DOM	
4620	4664	DOM	
4522	4527	DOM	
4503	4508	DOM	
4503	4693	DOM	
4693	4620	POST_DOM	
4693	4665	POST_DOM	
4652	4651	POST_DOM	
4503	4486	POST_DOM	
4584	4577	POST_DOM	
4639	4638	POST_DOM	
4620	4584	POST_DOM	
4683	4680	POST_DOM	
4626	4625	POST_DOM	
4571	4554	POST_DOM	
4664	4652	POST_DOM	
4689	4686	POST_DOM	
4686	4683	POST_DOM	
4584	4510	POST_DOM	
4680	4692	POST_DOM	
4546	4538	POST_DOM	
4538	4522	POST_DOM	
4486	4689	POST_DOM	
4522	4517	POST_DOM	
4693	4503	POST_DOM	
4554	4546	POST_DOM	
4638	4626	POST_DOM	
4577	4571	POST_DOM	
4651	4639	POST_DOM	
4665	4664	POST_DOM	
4538	4527	POST_DOM	
4693	4508	POST_DOM	
4693	4693	POST_DOM	
4483	4484	IS_FUNCTION_OF_AST	
4483	4692	IS_FUNCTION_OF_CFG	
1	4483	IS_FILE_OF	
4718	4719	IS_AST_PARENT	
4718	4720	IS_AST_PARENT	
4721	4722	IS_AST_PARENT	
4724	4725	IS_AST_PARENT	
4723	4724	IS_AST_PARENT	
4727	4728	IS_AST_PARENT	
4726	4727	IS_AST_PARENT	
4729	4730	IS_AST_PARENT	
4726	4729	IS_AST_PARENT	
4731	4732	IS_AST_PARENT	
4726	4731	IS_AST_PARENT	
4734	4735	IS_AST_PARENT	
4734	4736	IS_AST_PARENT	
4733	4734	IS_AST_PARENT	
4726	4733	IS_AST_PARENT	
4738	4739	IS_AST_PARENT	
4738	4740	IS_AST_PARENT	
4737	4738	IS_AST_PARENT	
4726	4737	IS_AST_PARENT	
4723	4726	IS_AST_PARENT	
4721	4723	IS_AST_PARENT	
4718	4721	IS_AST_PARENT	
4717	4718	IS_AST_PARENT	
4716	4717	IS_AST_PARENT	
4742	4743	IS_AST_PARENT	
4742	4744	IS_AST_PARENT	
4745	4746	IS_AST_PARENT	
4748	4749	IS_AST_PARENT	
4748	4750	IS_AST_PARENT	
4747	4748	IS_AST_PARENT	
4754	4755	IS_AST_PARENT	
4756	4757	IS_AST_PARENT	
4756	4758	IS_AST_PARENT	
4754	4756	IS_AST_PARENT	
4753	4754	IS_AST_PARENT	
4759	4760	IS_AST_PARENT	
4759	4761	IS_AST_PARENT	
4753	4759	IS_AST_PARENT	
4752	4753	IS_AST_PARENT	
4762	4763	IS_AST_PARENT	
4764	4765	IS_AST_PARENT	
4764	4766	IS_AST_PARENT	
4762	4764	IS_AST_PARENT	
4752	4762	IS_AST_PARENT	
4751	4752	IS_AST_PARENT	
4767	4768	IS_AST_PARENT	
4767	4769	IS_AST_PARENT	
4751	4767	IS_AST_PARENT	
4747	4751	IS_AST_PARENT	
4745	4747	IS_AST_PARENT	
4742	4745	IS_AST_PARENT	
4741	4742	IS_AST_PARENT	
4716	4741	IS_AST_PARENT	
4772	4773	IS_AST_PARENT	
4772	4774	IS_AST_PARENT	
4771	4772	IS_AST_PARENT	
4770	4771	IS_AST_PARENT	
4775	4776	IS_AST_PARENT	
4779	4780	IS_AST_PARENT	
4781	4782	IS_AST_PARENT	
4781	4783	IS_AST_PARENT	
4779	4781	IS_AST_PARENT	
4778	4779	IS_AST_PARENT	
4784	4785	IS_AST_PARENT	
4786	4787	IS_AST_PARENT	
4786	4788	IS_AST_PARENT	
4784	4786	IS_AST_PARENT	
4778	4784	IS_AST_PARENT	
4777	4778	IS_AST_PARENT	
4775	4777	IS_AST_PARENT	
4775	4789	IS_AST_PARENT	
4792	4793	IS_AST_PARENT	
4794	4795	IS_AST_PARENT	
4794	4796	IS_AST_PARENT	
4792	4794	IS_AST_PARENT	
4791	4792	IS_AST_PARENT	
4797	4798	IS_AST_PARENT	
4799	4800	IS_AST_PARENT	
4799	4801	IS_AST_PARENT	
4797	4799	IS_AST_PARENT	
4791	4797	IS_AST_PARENT	
4790	4791	IS_AST_PARENT	
4775	4790	IS_AST_PARENT	
4775	4802	IS_AST_PARENT	
4805	4806	IS_AST_PARENT	
4807	4808	IS_AST_PARENT	
4807	4809	IS_AST_PARENT	
4805	4807	IS_AST_PARENT	
4804	4805	IS_AST_PARENT	
4810	4811	IS_AST_PARENT	
4812	4813	IS_AST_PARENT	
4812	4814	IS_AST_PARENT	
4810	4812	IS_AST_PARENT	
4804	4810	IS_AST_PARENT	
4803	4804	IS_AST_PARENT	
4775	4803	IS_AST_PARENT	
4775	4815	IS_AST_PARENT	
4818	4819	IS_AST_PARENT	
4820	4821	IS_AST_PARENT	
4820	4822	IS_AST_PARENT	
4818	4820	IS_AST_PARENT	
4817	4818	IS_AST_PARENT	
4823	4824	IS_AST_PARENT	
4825	4826	IS_AST_PARENT	
4825	4827	IS_AST_PARENT	
4823	4825	IS_AST_PARENT	
4817	4823	IS_AST_PARENT	
4816	4817	IS_AST_PARENT	
4775	4816	IS_AST_PARENT	
4770	4775	IS_AST_PARENT	
4716	4770	IS_AST_PARENT	
4830	4831	IS_AST_PARENT	
4829	4830	IS_AST_PARENT	
4833	4834	IS_AST_PARENT	
4832	4833	IS_AST_PARENT	
4836	4837	IS_AST_PARENT	
4836	4838	IS_AST_PARENT	
4835	4836	IS_AST_PARENT	
4832	4835	IS_AST_PARENT	
4829	4832	IS_AST_PARENT	
4828	4829	IS_AST_PARENT	
4716	4828	IS_AST_PARENT	
4715	4716	IS_AST_PARENT	
4715	4839	IS_AST_PARENT	
4715	4840	IS_AST_PARENT	
4842	4843	IS_AST_PARENT	
4842	4844	IS_AST_PARENT	
4841	4842	IS_AST_PARENT	
4845	4846	IS_AST_PARENT	
4845	4847	IS_AST_PARENT	
4841	4845	IS_AST_PARENT	
4848	4849	IS_AST_PARENT	
4848	4850	IS_AST_PARENT	
4841	4848	IS_AST_PARENT	
4851	4852	IS_AST_PARENT	
4851	4853	IS_AST_PARENT	
4841	4851	IS_AST_PARENT	
4715	4841	IS_AST_PARENT	
4854	4842	FLOWS_TO	
4842	4845	FLOWS_TO	
4845	4848	FLOWS_TO	
4848	4851	FLOWS_TO	
4851	4717	FLOWS_TO	
4717	4741	FLOWS_TO	
4741	4771	FLOWS_TO	
4771	4776	FLOWS_TO	
4771	4815	FLOWS_TO	
4771	4802	FLOWS_TO	
4771	4789	FLOWS_TO	
4771	4828	FLOWS_TO	
4776	4777	FLOWS_TO	
4777	4789	FLOWS_TO	
4789	4790	FLOWS_TO	
4790	4802	FLOWS_TO	
4802	4803	FLOWS_TO	
4803	4815	FLOWS_TO	
4815	4816	FLOWS_TO	
4816	4828	FLOWS_TO	
4828	4855	FLOWS_TO	
4741	4856	USE	
4745	4856	USE	
4717	4857	USE	
4721	4857	USE	
4741	4858	USE	
4745	4858	USE	
4741	4859	USE	
4745	4859	USE	
4741	4860	DEF	
4745	4860	DEF	
4742	4860	DEF	
4777	4860	DEF	
4781	4860	DEF	
4777	4860	USE	
4781	4860	USE	
4790	4860	USE	
4794	4860	USE	
4790	4860	DEF	
4794	4860	DEF	
4803	4860	USE	
4807	4860	USE	
4803	4860	DEF	
4807	4860	DEF	
4816	4860	DEF	
4820	4860	DEF	
4816	4860	USE	
4820	4860	USE	
4777	4861	USE	
4778	4861	USE	
4790	4861	USE	
4791	4861	USE	
4803	4861	USE	
4804	4861	USE	
4816	4861	USE	
4817	4861	USE	
4771	4862	USE	
4845	4863	DEF	
4717	4863	USE	
4729	4863	USE	
4741	4863	USE	
4745	4863	USE	
4717	4864	DEF	
4718	4864	DEF	
4721	4864	DEF	
4741	4864	USE	
4748	4864	USE	
4759	4864	USE	
4767	4864	USE	
4828	4864	USE	
4833	4864	USE	
4741	4865	USE	
4745	4865	USE	
4842	4866	DEF	
4717	4866	USE	
4727	4866	USE	
4771	4866	USE	
4772	4866	USE	
4848	4867	DEF	
4717	4867	USE	
4731	4867	USE	
4741	4867	USE	
4745	4867	USE	
4851	4868	DEF	
4777	4868	USE	
4786	4868	USE	
4777	4868	DEF	
4786	4868	DEF	
4790	4868	DEF	
4799	4868	DEF	
4790	4868	USE	
4799	4868	USE	
4803	4868	DEF	
4812	4868	DEF	
4803	4868	USE	
4812	4868	USE	
4816	4868	DEF	
4825	4868	DEF	
4816	4868	USE	
4825	4868	USE	
4771	4869	USE	
4777	4870	DEF	
4778	4870	DEF	
4790	4870	DEF	
4791	4870	DEF	
4803	4870	DEF	
4804	4870	DEF	
4816	4870	DEF	
4817	4870	DEF	
4741	4777	REACHES	dest
4741	4790	REACHES	dest
4777	4790	REACHES	dest
4741	4803	REACHES	dest
4790	4803	REACHES	dest
4741	4816	REACHES	dest
4803	4816	REACHES	dest
4845	4717	REACHES	x
4845	4741	REACHES	x
4717	4741	REACHES	tile
4717	4828	REACHES	tile
4842	4717	REACHES	tm
4848	4717	REACHES	y
4848	4741	REACHES	y
4842	4771	REACHES	tm
4851	4777	REACHES	buffer
4851	4790	REACHES	buffer
4777	4790	REACHES	buffer
4851	4803	REACHES	buffer
4790	4803	REACHES	buffer
4851	4816	REACHES	buffer
4803	4816	REACHES	buffer
4854	4842	CONTROLS	
4854	4845	CONTROLS	
4854	4848	CONTROLS	
4854	4851	CONTROLS	
4854	4717	CONTROLS	
4854	4741	CONTROLS	
4854	4771	CONTROLS	
4854	4828	CONTROLS	
4771	4776	CONTROLS	
4771	4777	CONTROLS	
4771	4789	CONTROLS	
4771	4790	CONTROLS	
4771	4802	CONTROLS	
4771	4803	CONTROLS	
4771	4815	CONTROLS	
4771	4816	CONTROLS	
4771	4815	CONTROLS	
4771	4816	CONTROLS	
4771	4802	CONTROLS	
4771	4803	CONTROLS	
4771	4815	CONTROLS	
4771	4816	CONTROLS	
4771	4789	CONTROLS	
4771	4790	CONTROLS	
4771	4802	CONTROLS	
4771	4803	CONTROLS	
4771	4815	CONTROLS	
4771	4816	CONTROLS	
4842	4845	DOM	
4717	4741	DOM	
4802	4803	DOM	
4848	4851	DOM	
4771	4802	DOM	
4815	4816	DOM	
4771	4828	DOM	
4845	4848	DOM	
4741	4771	DOM	
4771	4776	DOM	
4776	4777	DOM	
4789	4790	DOM	
4771	4815	DOM	
4771	4789	DOM	
4851	4717	DOM	
4854	4854	DOM	
4828	4855	DOM	
4854	4842	DOM	
4848	4845	POST_DOM	
4771	4741	POST_DOM	
4815	4803	POST_DOM	
4717	4851	POST_DOM	
4803	4802	POST_DOM	
4828	4816	POST_DOM	
4855	4828	POST_DOM	
4828	4771	POST_DOM	
4851	4848	POST_DOM	
4802	4790	POST_DOM	
4789	4777	POST_DOM	
4777	4776	POST_DOM	
4816	4815	POST_DOM	
4790	4789	POST_DOM	
4741	4717	POST_DOM	
4842	4854	POST_DOM	
4855	4855	POST_DOM	
4845	4842	POST_DOM	
4714	4715	IS_FUNCTION_OF_AST	
4714	4854	IS_FUNCTION_OF_CFG	
1	4714	IS_FILE_OF	
4875	4876	IS_AST_PARENT	
4875	4877	IS_AST_PARENT	
4878	4879	IS_AST_PARENT	
4878	4880	IS_AST_PARENT	
4875	4878	IS_AST_PARENT	
4874	4875	IS_AST_PARENT	
4873	4874	IS_AST_PARENT	
4882	4883	IS_AST_PARENT	
4882	4884	IS_AST_PARENT	
4885	4886	IS_AST_PARENT	
4885	4887	IS_AST_PARENT	
4882	4885	IS_AST_PARENT	
4881	4882	IS_AST_PARENT	
4873	4881	IS_AST_PARENT	
4889	4890	IS_AST_PARENT	
4889	4891	IS_AST_PARENT	
4892	4893	IS_AST_PARENT	
4892	4894	IS_AST_PARENT	
4889	4892	IS_AST_PARENT	
4888	4889	IS_AST_PARENT	
4873	4888	IS_AST_PARENT	
4896	4897	IS_AST_PARENT	
4896	4898	IS_AST_PARENT	
4895	4896	IS_AST_PARENT	
4873	4895	IS_AST_PARENT	
4900	4901	IS_AST_PARENT	
4900	4902	IS_AST_PARENT	
4900	4903	IS_AST_PARENT	
4904	4905	IS_AST_PARENT	
4906	4907	IS_AST_PARENT	
4904	4906	IS_AST_PARENT	
4900	4904	IS_AST_PARENT	
4899	4900	IS_AST_PARENT	
4873	4899	IS_AST_PARENT	
4909	4910	IS_AST_PARENT	
4909	4911	IS_AST_PARENT	
4909	4912	IS_AST_PARENT	
4913	4914	IS_AST_PARENT	
4915	4916	IS_AST_PARENT	
4913	4915	IS_AST_PARENT	
4909	4913	IS_AST_PARENT	
4908	4909	IS_AST_PARENT	
4873	4908	IS_AST_PARENT	
4918	4919	IS_AST_PARENT	
4918	4920	IS_AST_PARENT	
4917	4918	IS_AST_PARENT	
4873	4917	IS_AST_PARENT	
4873	4921	IS_AST_PARENT	
4924	4925	IS_AST_PARENT	
4924	4926	IS_AST_PARENT	
4923	4924	IS_AST_PARENT	
4922	4923	IS_AST_PARENT	
4927	4928	IS_AST_PARENT	
4931	4932	IS_AST_PARENT	
4931	4933	IS_AST_PARENT	
4930	4931	IS_AST_PARENT	
4930	4934	IS_AST_PARENT	
4929	4930	IS_AST_PARENT	
4927	4929	IS_AST_PARENT	
4936	4937	IS_AST_PARENT	
4936	4938	IS_AST_PARENT	
4935	4936	IS_AST_PARENT	
4927	4935	IS_AST_PARENT	
4940	4941	IS_AST_PARENT	
4942	4943	IS_AST_PARENT	
4942	4944	IS_AST_PARENT	
4940	4942	IS_AST_PARENT	
4939	4940	IS_AST_PARENT	
4927	4939	IS_AST_PARENT	
4946	4947	IS_AST_PARENT	
4948	4949	IS_AST_PARENT	
4948	4950	IS_AST_PARENT	
4946	4948	IS_AST_PARENT	
4945	4946	IS_AST_PARENT	
4927	4945	IS_AST_PARENT	
4953	4954	IS_AST_PARENT	
4955	4956	IS_AST_PARENT	
4957	4958	IS_AST_PARENT	
4957	4959	IS_AST_PARENT	
4955	4957	IS_AST_PARENT	
4953	4955	IS_AST_PARENT	
4952	4953	IS_AST_PARENT	
4952	4960	IS_AST_PARENT	
4951	4952	IS_AST_PARENT	
4927	4951	IS_AST_PARENT	
4962	4963	IS_AST_PARENT	
4964	4965	IS_AST_PARENT	
4966	4967	IS_AST_PARENT	
4968	4969	IS_AST_PARENT	
4968	4970	IS_AST_PARENT	
4966	4968	IS_AST_PARENT	
4964	4966	IS_AST_PARENT	
4962	4964	IS_AST_PARENT	
4961	4962	IS_AST_PARENT	
4927	4961	IS_AST_PARENT	
4973	4974	IS_AST_PARENT	
4972	4973	IS_AST_PARENT	
4976	4977	IS_AST_PARENT	
4975	4976	IS_AST_PARENT	
4972	4975	IS_AST_PARENT	
4971	4972	IS_AST_PARENT	
4927	4971	IS_AST_PARENT	
4922	4927	IS_AST_PARENT	
4873	4922	IS_AST_PARENT	
4872	4873	IS_AST_PARENT	
4872	4978	IS_AST_PARENT	
4872	4979	IS_AST_PARENT	
4981	4982	IS_AST_PARENT	
4981	4983	IS_AST_PARENT	
4980	4981	IS_AST_PARENT	
4872	4980	IS_AST_PARENT	
4984	4981	FLOWS_TO	
4981	4874	FLOWS_TO	
4874	4881	FLOWS_TO	
4881	4888	FLOWS_TO	
4888	4895	FLOWS_TO	
4895	4899	FLOWS_TO	
4899	4908	FLOWS_TO	
4908	4917	FLOWS_TO	
4917	4921	FLOWS_TO	
4921	4923	FLOWS_TO	
4923	4928	FLOWS_TO	
4923	4985	FLOWS_TO	
4928	4929	FLOWS_TO	
4929	4935	FLOWS_TO	
4935	4939	FLOWS_TO	
4939	4945	FLOWS_TO	
4945	4951	FLOWS_TO	
4951	4961	FLOWS_TO	
4961	4971	FLOWS_TO	
4971	4985	FLOWS_TO	
4895	4986	DEF	
4896	4986	DEF	
4935	4986	DEF	
4936	4986	DEF	
4951	4987	DEF	
4952	4987	DEF	
4961	4987	USE	
4962	4987	USE	
4929	4988	DEF	
4930	4988	DEF	
4951	4989	DEF	
4952	4989	DEF	
4961	4989	USE	
4962	4989	USE	
4945	4990	USE	
4946	4990	USE	
4951	4991	DEF	
4952	4991	DEF	
4961	4991	USE	
4962	4991	USE	
4951	4992	USE	
4955	4992	USE	
4961	4992	USE	
4966	4992	USE	
4981	4993	DEF	
4923	4993	USE	
4929	4993	USE	
4930	4993	USE	
4951	4994	USE	
4953	4994	USE	
4961	4994	USE	
4964	4994	USE	
4899	4995	DEF	
4904	4995	DEF	
4900	4995	DEF	
4951	4995	USE	
4953	4995	USE	
4961	4995	USE	
4964	4995	USE	
4908	4996	DEF	
4913	4996	DEF	
4909	4996	DEF	
4929	4996	USE	
4931	4996	USE	
4951	4996	USE	
4952	4996	USE	
4939	4997	USE	
4940	4997	USE	
4881	4998	DEF	
4885	4998	DEF	
4882	4998	DEF	
4945	4998	DEF	
4946	4998	DEF	
4951	4998	USE	
4957	4998	USE	
4961	4998	USE	
4968	4998	USE	
4888	4999	DEF	
4892	4999	DEF	
4889	4999	DEF	
4939	4999	DEF	
4940	4999	DEF	
4951	5000	USE	
4953	5000	USE	
4961	5000	USE	
4964	5000	USE	
4874	5001	DEF	
4878	5001	DEF	
4875	5001	DEF	
4961	5001	DEF	
4962	5001	DEF	
4971	5001	USE	
4976	5001	USE	
4981	4923	REACHES	hamon_slovakia
4981	4929	REACHES	hamon_slovakia
4908	4929	REACHES	pochay_distortive
4899	4951	REACHES	mafoo_maronian
4908	4951	REACHES	pochay_distortive
4899	4961	REACHES	mafoo_maronian
4945	4951	REACHES	preexperimental_bestuds
4951	4961	REACHES	* * * preexperimental_bestuds
4945	4961	REACHES	preexperimental_bestuds
4951	4961	REACHES	* * ( * preexperimental_bestuds )
4961	4971	REACHES	unsteels_conjectured
4951	4961	REACHES	* mafoo_maronian
4984	4981	CONTROLS	
4984	4874	CONTROLS	
4984	4881	CONTROLS	
4984	4888	CONTROLS	
4984	4895	CONTROLS	
4984	4899	CONTROLS	
4984	4908	CONTROLS	
4984	4917	CONTROLS	
4984	4921	CONTROLS	
4984	4923	CONTROLS	
4923	4928	CONTROLS	
4923	4929	CONTROLS	
4923	4935	CONTROLS	
4923	4939	CONTROLS	
4923	4945	CONTROLS	
4923	4951	CONTROLS	
4923	4961	CONTROLS	
4923	4971	CONTROLS	
4917	4921	DOM	
4935	4939	DOM	
4961	4971	DOM	
4984	4981	DOM	
4923	4985	DOM	
4984	4984	DOM	
4908	4917	DOM	
4923	4928	DOM	
4881	4888	DOM	
4874	4881	DOM	
4981	4874	DOM	
4928	4929	DOM	
4895	4899	DOM	
4888	4895	DOM	
4899	4908	DOM	
4921	4923	DOM	
4929	4935	DOM	
4945	4951	DOM	
4939	4945	DOM	
4951	4961	DOM	
4923	4921	POST_DOM	
4945	4939	POST_DOM	
4985	4971	POST_DOM	
4874	4981	POST_DOM	
4985	4985	POST_DOM	
4921	4917	POST_DOM	
4981	4984	POST_DOM	
4929	4928	POST_DOM	
4895	4888	POST_DOM	
4888	4881	POST_DOM	
4881	4874	POST_DOM	
4935	4929	POST_DOM	
4908	4899	POST_DOM	
4917	4908	POST_DOM	
4899	4895	POST_DOM	
4985	4923	POST_DOM	
4961	4951	POST_DOM	
4939	4935	POST_DOM	
4951	4945	POST_DOM	
4971	4961	POST_DOM	
4871	4872	IS_FUNCTION_OF_AST	
4871	4984	IS_FUNCTION_OF_CFG	
1	4871	IS_FILE_OF	
5006	5007	IS_AST_PARENT	
5006	5008	IS_AST_PARENT	
5005	5006	IS_AST_PARENT	
5004	5005	IS_AST_PARENT	
5004	5009	IS_AST_PARENT	
5012	5013	IS_AST_PARENT	
5011	5012	IS_AST_PARENT	
5015	5016	IS_AST_PARENT	
5014	5015	IS_AST_PARENT	
5011	5014	IS_AST_PARENT	
5010	5011	IS_AST_PARENT	
5004	5010	IS_AST_PARENT	
5003	5004	IS_AST_PARENT	
5003	5017	IS_AST_PARENT	
5003	5018	IS_AST_PARENT	
5020	5021	IS_AST_PARENT	
5020	5022	IS_AST_PARENT	
5019	5020	IS_AST_PARENT	
5003	5019	IS_AST_PARENT	
5023	5020	FLOWS_TO	
5020	5005	FLOWS_TO	
5005	5009	FLOWS_TO	
5009	5010	FLOWS_TO	
5010	5024	FLOWS_TO	
5020	5025	DEF	
5010	5025	USE	
5015	5025	USE	
5020	5010	REACHES	pseudobinary_archenemies
5023	5020	CONTROLS	
5023	5005	CONTROLS	
5023	5009	CONTROLS	
5023	5010	CONTROLS	
5005	5009	DOM	
5009	5010	DOM	
5010	5024	DOM	
5020	5005	DOM	
5023	5020	DOM	
5023	5023	DOM	
5024	5010	POST_DOM	
5010	5009	POST_DOM	
5024	5024	POST_DOM	
5009	5005	POST_DOM	
5005	5020	POST_DOM	
5020	5023	POST_DOM	
5002	5003	IS_FUNCTION_OF_AST	
5002	5023	IS_FUNCTION_OF_CFG	
1	5002	IS_FILE_OF	
5030	5031	IS_AST_PARENT	
5030	5032	IS_AST_PARENT	
5029	5030	IS_AST_PARENT	
5028	5029	IS_AST_PARENT	
5028	5033	IS_AST_PARENT	
5036	5037	IS_AST_PARENT	
5035	5036	IS_AST_PARENT	
5039	5040	IS_AST_PARENT	
5038	5039	IS_AST_PARENT	
5035	5038	IS_AST_PARENT	
5034	5035	IS_AST_PARENT	
5028	5034	IS_AST_PARENT	
5027	5028	IS_AST_PARENT	
5027	5041	IS_AST_PARENT	
5027	5042	IS_AST_PARENT	
5044	5045	IS_AST_PARENT	
5044	5046	IS_AST_PARENT	
5043	5044	IS_AST_PARENT	
5027	5043	IS_AST_PARENT	
5047	5044	FLOWS_TO	
5044	5029	FLOWS_TO	
5029	5033	FLOWS_TO	
5033	5034	FLOWS_TO	
5034	5048	FLOWS_TO	
5044	5049	DEF	
5034	5049	USE	
5039	5049	USE	
5044	5034	REACHES	dimplier_vancouver
5047	5044	CONTROLS	
5047	5029	CONTROLS	
5047	5033	CONTROLS	
5047	5034	CONTROLS	
5044	5029	DOM	
5047	5047	DOM	
5047	5044	DOM	
5033	5034	DOM	
5029	5033	DOM	
5034	5048	DOM	
5033	5029	POST_DOM	
5048	5034	POST_DOM	
5029	5044	POST_DOM	
5044	5047	POST_DOM	
5048	5048	POST_DOM	
5034	5033	POST_DOM	
5026	5027	IS_FUNCTION_OF_AST	
5026	5047	IS_FUNCTION_OF_CFG	
1	5026	IS_FILE_OF	
5054	5055	IS_AST_PARENT	
5054	5056	IS_AST_PARENT	
5053	5054	IS_AST_PARENT	
5052	5053	IS_AST_PARENT	
5052	5057	IS_AST_PARENT	
5060	5061	IS_AST_PARENT	
5059	5060	IS_AST_PARENT	
5063	5064	IS_AST_PARENT	
5062	5063	IS_AST_PARENT	
5059	5062	IS_AST_PARENT	
5058	5059	IS_AST_PARENT	
5052	5058	IS_AST_PARENT	
5051	5052	IS_AST_PARENT	
5051	5065	IS_AST_PARENT	
5051	5066	IS_AST_PARENT	
5068	5069	IS_AST_PARENT	
5068	5070	IS_AST_PARENT	
5067	5068	IS_AST_PARENT	
5051	5067	IS_AST_PARENT	
5071	5068	FLOWS_TO	
5068	5053	FLOWS_TO	
5053	5057	FLOWS_TO	
5057	5058	FLOWS_TO	
5058	5072	FLOWS_TO	
5068	5073	DEF	
5058	5073	USE	
5063	5073	USE	
5068	5058	REACHES	hexarchies_noncanvassing
5071	5068	CONTROLS	
5071	5053	CONTROLS	
5071	5057	CONTROLS	
5071	5058	CONTROLS	
5068	5053	DOM	
5053	5057	DOM	
5071	5071	DOM	
5058	5072	DOM	
5071	5068	DOM	
5057	5058	DOM	
5058	5057	POST_DOM	
5057	5053	POST_DOM	
5068	5071	POST_DOM	
5072	5072	POST_DOM	
5053	5068	POST_DOM	
5072	5058	POST_DOM	
5050	5051	IS_FUNCTION_OF_AST	
5050	5071	IS_FUNCTION_OF_CFG	
1	5050	IS_FILE_OF	
5078	5079	IS_AST_PARENT	
5078	5080	IS_AST_PARENT	
5077	5078	IS_AST_PARENT	
5076	5077	IS_AST_PARENT	
5076	5081	IS_AST_PARENT	
5084	5085	IS_AST_PARENT	
5083	5084	IS_AST_PARENT	
5087	5088	IS_AST_PARENT	
5086	5087	IS_AST_PARENT	
5083	5086	IS_AST_PARENT	
5082	5083	IS_AST_PARENT	
5076	5082	IS_AST_PARENT	
5075	5076	IS_AST_PARENT	
5075	5089	IS_AST_PARENT	
5075	5090	IS_AST_PARENT	
5092	5093	IS_AST_PARENT	
5092	5094	IS_AST_PARENT	
5091	5092	IS_AST_PARENT	
5075	5091	IS_AST_PARENT	
5095	5092	FLOWS_TO	
5092	5077	FLOWS_TO	
5077	5081	FLOWS_TO	
5081	5082	FLOWS_TO	
5082	5096	FLOWS_TO	
5092	5097	DEF	
5082	5097	USE	
5087	5097	USE	
5092	5082	REACHES	papistries_focalized
5095	5092	CONTROLS	
5095	5077	CONTROLS	
5095	5081	CONTROLS	
5095	5082	CONTROLS	
5095	5092	DOM	
5081	5082	DOM	
5082	5096	DOM	
5092	5077	DOM	
5095	5095	DOM	
5077	5081	DOM	
5077	5092	POST_DOM	
5096	5082	POST_DOM	
5096	5096	POST_DOM	
5081	5077	POST_DOM	
5092	5095	POST_DOM	
5082	5081	POST_DOM	
5074	5075	IS_FUNCTION_OF_AST	
5074	5095	IS_FUNCTION_OF_CFG	
1	5074	IS_FILE_OF	
5102	5103	IS_AST_PARENT	
5102	5104	IS_AST_PARENT	
5101	5102	IS_AST_PARENT	
5100	5101	IS_AST_PARENT	
5100	5105	IS_AST_PARENT	
5108	5109	IS_AST_PARENT	
5107	5108	IS_AST_PARENT	
5111	5112	IS_AST_PARENT	
5110	5111	IS_AST_PARENT	
5107	5110	IS_AST_PARENT	
5106	5107	IS_AST_PARENT	
5100	5106	IS_AST_PARENT	
5099	5100	IS_AST_PARENT	
5099	5113	IS_AST_PARENT	
5099	5114	IS_AST_PARENT	
5116	5117	IS_AST_PARENT	
5116	5118	IS_AST_PARENT	
5115	5116	IS_AST_PARENT	
5099	5115	IS_AST_PARENT	
5119	5116	FLOWS_TO	
5116	5101	FLOWS_TO	
5101	5105	FLOWS_TO	
5105	5106	FLOWS_TO	
5106	5120	FLOWS_TO	
5116	5121	DEF	
5106	5121	USE	
5111	5121	USE	
5116	5106	REACHES	tercentenary_mesosigmoid
5119	5116	CONTROLS	
5119	5101	CONTROLS	
5119	5105	CONTROLS	
5119	5106	CONTROLS	
5105	5106	DOM	
5116	5101	DOM	
5106	5120	DOM	
5119	5119	DOM	
5101	5105	DOM	
5119	5116	DOM	
5120	5106	POST_DOM	
5120	5120	POST_DOM	
5105	5101	POST_DOM	
5116	5119	POST_DOM	
5106	5105	POST_DOM	
5101	5116	POST_DOM	
5098	5099	IS_FUNCTION_OF_AST	
5098	5119	IS_FUNCTION_OF_CFG	
1	5098	IS_FILE_OF	
5126	5127	IS_AST_PARENT	
5126	5128	IS_AST_PARENT	
5125	5126	IS_AST_PARENT	
5124	5125	IS_AST_PARENT	
5124	5129	IS_AST_PARENT	
5132	5133	IS_AST_PARENT	
5131	5132	IS_AST_PARENT	
5135	5136	IS_AST_PARENT	
5134	5135	IS_AST_PARENT	
5131	5134	IS_AST_PARENT	
5130	5131	IS_AST_PARENT	
5124	5130	IS_AST_PARENT	
5123	5124	IS_AST_PARENT	
5123	5137	IS_AST_PARENT	
5123	5138	IS_AST_PARENT	
5140	5141	IS_AST_PARENT	
5140	5142	IS_AST_PARENT	
5139	5140	IS_AST_PARENT	
5123	5139	IS_AST_PARENT	
5143	5140	FLOWS_TO	
5140	5125	FLOWS_TO	
5125	5129	FLOWS_TO	
5129	5130	FLOWS_TO	
5130	5144	FLOWS_TO	
5140	5145	DEF	
5130	5145	USE	
5135	5145	USE	
5140	5130	REACHES	maceraters_prepollent
5143	5140	CONTROLS	
5143	5125	CONTROLS	
5143	5129	CONTROLS	
5143	5130	CONTROLS	
5125	5129	DOM	
5143	5143	DOM	
5129	5130	DOM	
5140	5125	DOM	
5143	5140	DOM	
5130	5144	DOM	
5130	5129	POST_DOM	
5144	5130	POST_DOM	
5140	5143	POST_DOM	
5129	5125	POST_DOM	
5125	5140	POST_DOM	
5144	5144	POST_DOM	
5122	5123	IS_FUNCTION_OF_AST	
5122	5143	IS_FUNCTION_OF_CFG	
1	5122	IS_FILE_OF	
5150	5151	IS_AST_PARENT	
5150	5152	IS_AST_PARENT	
5149	5150	IS_AST_PARENT	
5148	5149	IS_AST_PARENT	
5148	5153	IS_AST_PARENT	
5156	5157	IS_AST_PARENT	
5155	5156	IS_AST_PARENT	
5159	5160	IS_AST_PARENT	
5158	5159	IS_AST_PARENT	
5155	5158	IS_AST_PARENT	
5154	5155	IS_AST_PARENT	
5148	5154	IS_AST_PARENT	
5147	5148	IS_AST_PARENT	
5147	5161	IS_AST_PARENT	
5147	5162	IS_AST_PARENT	
5164	5165	IS_AST_PARENT	
5164	5166	IS_AST_PARENT	
5163	5164	IS_AST_PARENT	
5147	5163	IS_AST_PARENT	
5167	5164	FLOWS_TO	
5164	5149	FLOWS_TO	
5149	5153	FLOWS_TO	
5153	5154	FLOWS_TO	
5154	5168	FLOWS_TO	
5164	5169	DEF	
5154	5169	USE	
5159	5169	USE	
5164	5154	REACHES	conspiring_weightedly
5167	5164	CONTROLS	
5167	5149	CONTROLS	
5167	5153	CONTROLS	
5167	5154	CONTROLS	
5154	5168	DOM	
5167	5167	DOM	
5153	5154	DOM	
5149	5153	DOM	
5167	5164	DOM	
5164	5149	DOM	
5168	5168	POST_DOM	
5164	5167	POST_DOM	
5168	5154	POST_DOM	
5154	5153	POST_DOM	
5153	5149	POST_DOM	
5149	5164	POST_DOM	
5146	5147	IS_FUNCTION_OF_AST	
5146	5167	IS_FUNCTION_OF_CFG	
1	5146	IS_FILE_OF	
5174	5175	IS_AST_PARENT	
5174	5176	IS_AST_PARENT	
5173	5174	IS_AST_PARENT	
5172	5173	IS_AST_PARENT	
5172	5177	IS_AST_PARENT	
5180	5181	IS_AST_PARENT	
5179	5180	IS_AST_PARENT	
5183	5184	IS_AST_PARENT	
5182	5183	IS_AST_PARENT	
5179	5182	IS_AST_PARENT	
5178	5179	IS_AST_PARENT	
5172	5178	IS_AST_PARENT	
5171	5172	IS_AST_PARENT	
5171	5185	IS_AST_PARENT	
5171	5186	IS_AST_PARENT	
5188	5189	IS_AST_PARENT	
5188	5190	IS_AST_PARENT	
5187	5188	IS_AST_PARENT	
5171	5187	IS_AST_PARENT	
5191	5188	FLOWS_TO	
5188	5173	FLOWS_TO	
5173	5177	FLOWS_TO	
5177	5178	FLOWS_TO	
5178	5192	FLOWS_TO	
5188	5193	DEF	
5178	5193	USE	
5183	5193	USE	
5188	5178	REACHES	candied_jiminy
5191	5188	CONTROLS	
5191	5173	CONTROLS	
5191	5177	CONTROLS	
5191	5178	CONTROLS	
5191	5191	DOM	
5177	5178	DOM	
5191	5188	DOM	
5173	5177	DOM	
5178	5192	DOM	
5188	5173	DOM	
5188	5191	POST_DOM	
5192	5178	POST_DOM	
5173	5188	POST_DOM	
5178	5177	POST_DOM	
5192	5192	POST_DOM	
5177	5173	POST_DOM	
5170	5171	IS_FUNCTION_OF_AST	
5170	5191	IS_FUNCTION_OF_CFG	
1	5170	IS_FILE_OF	
5198	5199	IS_AST_PARENT	
5198	5200	IS_AST_PARENT	
5197	5198	IS_AST_PARENT	
5196	5197	IS_AST_PARENT	
5196	5201	IS_AST_PARENT	
5204	5205	IS_AST_PARENT	
5203	5204	IS_AST_PARENT	
5207	5208	IS_AST_PARENT	
5206	5207	IS_AST_PARENT	
5203	5206	IS_AST_PARENT	
5202	5203	IS_AST_PARENT	
5196	5202	IS_AST_PARENT	
5195	5196	IS_AST_PARENT	
5195	5209	IS_AST_PARENT	
5195	5210	IS_AST_PARENT	
5212	5213	IS_AST_PARENT	
5212	5214	IS_AST_PARENT	
5211	5212	IS_AST_PARENT	
5195	5211	IS_AST_PARENT	
5215	5212	FLOWS_TO	
5212	5197	FLOWS_TO	
5197	5201	FLOWS_TO	
5201	5202	FLOWS_TO	
5202	5216	FLOWS_TO	
5212	5217	DEF	
5202	5217	USE	
5207	5217	USE	
5212	5202	REACHES	ethoxycaffeine_unpublic
5215	5212	CONTROLS	
5215	5197	CONTROLS	
5215	5201	CONTROLS	
5215	5202	CONTROLS	
5212	5197	DOM	
5202	5216	DOM	
5215	5212	DOM	
5197	5201	DOM	
5201	5202	DOM	
5215	5215	DOM	
5201	5197	POST_DOM	
5216	5216	POST_DOM	
5197	5212	POST_DOM	
5216	5202	POST_DOM	
5202	5201	POST_DOM	
5212	5215	POST_DOM	
5194	5195	IS_FUNCTION_OF_AST	
5194	5215	IS_FUNCTION_OF_CFG	
1	5194	IS_FILE_OF	
5224	5225	IS_AST_PARENT	
5224	5226	IS_AST_PARENT	
5223	5224	IS_AST_PARENT	
5223	5227	IS_AST_PARENT	
5222	5223	IS_AST_PARENT	
5221	5222	IS_AST_PARENT	
5229	5230	IS_AST_PARENT	
5228	5229	IS_AST_PARENT	
5221	5228	IS_AST_PARENT	
5220	5221	IS_AST_PARENT	
5232	5233	IS_AST_PARENT	
5232	5234	IS_AST_PARENT	
5235	5236	IS_AST_PARENT	
5235	5237	IS_AST_PARENT	
5232	5235	IS_AST_PARENT	
5231	5232	IS_AST_PARENT	
5220	5231	IS_AST_PARENT	
5239	5240	IS_AST_PARENT	
5239	5241	IS_AST_PARENT	
5239	5242	IS_AST_PARENT	
5238	5239	IS_AST_PARENT	
5220	5238	IS_AST_PARENT	
5244	5245	IS_AST_PARENT	
5244	5246	IS_AST_PARENT	
5244	5247	IS_AST_PARENT	
5243	5244	IS_AST_PARENT	
5220	5243	IS_AST_PARENT	
5249	5250	IS_AST_PARENT	
5249	5251	IS_AST_PARENT	
5252	5253	IS_AST_PARENT	
5252	5254	IS_AST_PARENT	
5249	5252	IS_AST_PARENT	
5248	5249	IS_AST_PARENT	
5220	5248	IS_AST_PARENT	
5256	5257	IS_AST_PARENT	
5256	5258	IS_AST_PARENT	
5255	5256	IS_AST_PARENT	
5220	5255	IS_AST_PARENT	
5260	5261	IS_AST_PARENT	
5260	5262	IS_AST_PARENT	
5263	5264	IS_AST_PARENT	
5263	5265	IS_AST_PARENT	
5260	5263	IS_AST_PARENT	
5259	5260	IS_AST_PARENT	
5220	5259	IS_AST_PARENT	
5267	5268	IS_AST_PARENT	
5267	5269	IS_AST_PARENT	
5266	5267	IS_AST_PARENT	
5220	5266	IS_AST_PARENT	
5220	5270	IS_AST_PARENT	
5272	5273	IS_AST_PARENT	
5274	5275	IS_AST_PARENT	
5276	5277	IS_AST_PARENT	
5276	5278	IS_AST_PARENT	
5274	5276	IS_AST_PARENT	
5272	5274	IS_AST_PARENT	
5271	5272	IS_AST_PARENT	
5220	5271	IS_AST_PARENT	
5281	5282	IS_AST_PARENT	
5280	5281	IS_AST_PARENT	
5284	5285	IS_AST_PARENT	
5283	5284	IS_AST_PARENT	
5286	5287	IS_AST_PARENT	
5283	5286	IS_AST_PARENT	
5288	5289	IS_AST_PARENT	
5283	5288	IS_AST_PARENT	
5290	5291	IS_AST_PARENT	
5283	5290	IS_AST_PARENT	
5292	5293	IS_AST_PARENT	
5283	5292	IS_AST_PARENT	
5280	5283	IS_AST_PARENT	
5279	5280	IS_AST_PARENT	
5220	5279	IS_AST_PARENT	
5296	5297	IS_AST_PARENT	
5295	5296	IS_AST_PARENT	
5299	5300	IS_AST_PARENT	
5298	5299	IS_AST_PARENT	
5301	5302	IS_AST_PARENT	
5298	5301	IS_AST_PARENT	
5303	5304	IS_AST_PARENT	
5298	5303	IS_AST_PARENT	
5305	5306	IS_AST_PARENT	
5298	5305	IS_AST_PARENT	
5308	5309	IS_AST_PARENT	
5308	5310	IS_AST_PARENT	
5307	5308	IS_AST_PARENT	
5298	5307	IS_AST_PARENT	
5311	5312	IS_AST_PARENT	
5298	5311	IS_AST_PARENT	
5295	5298	IS_AST_PARENT	
5294	5295	IS_AST_PARENT	
5220	5294	IS_AST_PARENT	
5315	5316	IS_AST_PARENT	
5314	5315	IS_AST_PARENT	
5318	5319	IS_AST_PARENT	
5317	5318	IS_AST_PARENT	
5320	5321	IS_AST_PARENT	
5317	5320	IS_AST_PARENT	
5322	5323	IS_AST_PARENT	
5317	5322	IS_AST_PARENT	
5324	5325	IS_AST_PARENT	
5317	5324	IS_AST_PARENT	
5327	5328	IS_AST_PARENT	
5327	5329	IS_AST_PARENT	
5326	5327	IS_AST_PARENT	
5317	5326	IS_AST_PARENT	
5330	5331	IS_AST_PARENT	
5317	5330	IS_AST_PARENT	
5314	5317	IS_AST_PARENT	
5313	5314	IS_AST_PARENT	
5220	5313	IS_AST_PARENT	
5334	5335	IS_AST_PARENT	
5334	5336	IS_AST_PARENT	
5333	5334	IS_AST_PARENT	
5333	5337	IS_AST_PARENT	
5332	5333	IS_AST_PARENT	
5220	5332	IS_AST_PARENT	
5340	5341	IS_AST_PARENT	
5339	5340	IS_AST_PARENT	
5343	5344	IS_AST_PARENT	
5342	5343	IS_AST_PARENT	
5345	5346	IS_AST_PARENT	
5342	5345	IS_AST_PARENT	
5347	5348	IS_AST_PARENT	
5342	5347	IS_AST_PARENT	
5339	5342	IS_AST_PARENT	
5338	5339	IS_AST_PARENT	
5220	5338	IS_AST_PARENT	
5351	5352	IS_AST_PARENT	
5353	5354	IS_AST_PARENT	
5353	5355	IS_AST_PARENT	
5351	5353	IS_AST_PARENT	
5350	5351	IS_AST_PARENT	
5350	5356	IS_AST_PARENT	
5349	5350	IS_AST_PARENT	
5220	5349	IS_AST_PARENT	
5358	5359	IS_AST_PARENT	
5360	5361	IS_AST_PARENT	
5363	5364	IS_AST_PARENT	
5362	5363	IS_AST_PARENT	
5366	5367	IS_AST_PARENT	
5365	5366	IS_AST_PARENT	
5362	5365	IS_AST_PARENT	
5360	5362	IS_AST_PARENT	
5358	5360	IS_AST_PARENT	
5357	5358	IS_AST_PARENT	
5220	5357	IS_AST_PARENT	
5370	5371	IS_AST_PARENT	
5369	5370	IS_AST_PARENT	
5373	5374	IS_AST_PARENT	
5372	5373	IS_AST_PARENT	
5375	5376	IS_AST_PARENT	
5372	5375	IS_AST_PARENT	
5377	5378	IS_AST_PARENT	
5372	5377	IS_AST_PARENT	
5379	5380	IS_AST_PARENT	
5372	5379	IS_AST_PARENT	
5381	5382	IS_AST_PARENT	
5372	5381	IS_AST_PARENT	
5369	5372	IS_AST_PARENT	
5368	5369	IS_AST_PARENT	
5220	5368	IS_AST_PARENT	
5385	5386	IS_AST_PARENT	
5384	5385	IS_AST_PARENT	
5388	5389	IS_AST_PARENT	
5387	5388	IS_AST_PARENT	
5390	5391	IS_AST_PARENT	
5387	5390	IS_AST_PARENT	
5392	5393	IS_AST_PARENT	
5387	5392	IS_AST_PARENT	
5394	5395	IS_AST_PARENT	
5387	5394	IS_AST_PARENT	
5396	5397	IS_AST_PARENT	
5387	5396	IS_AST_PARENT	
5384	5387	IS_AST_PARENT	
5383	5384	IS_AST_PARENT	
5220	5383	IS_AST_PARENT	
5400	5401	IS_AST_PARENT	
5399	5400	IS_AST_PARENT	
5403	5404	IS_AST_PARENT	
5402	5403	IS_AST_PARENT	
5405	5406	IS_AST_PARENT	
5402	5405	IS_AST_PARENT	
5407	5408	IS_AST_PARENT	
5402	5407	IS_AST_PARENT	
5399	5402	IS_AST_PARENT	
5398	5399	IS_AST_PARENT	
5220	5398	IS_AST_PARENT	
5411	5412	IS_AST_PARENT	
5410	5411	IS_AST_PARENT	
5414	5415	IS_AST_PARENT	
5413	5414	IS_AST_PARENT	
5416	5417	IS_AST_PARENT	
5413	5416	IS_AST_PARENT	
5418	5419	IS_AST_PARENT	
5413	5418	IS_AST_PARENT	
5410	5413	IS_AST_PARENT	
5409	5410	IS_AST_PARENT	
5220	5409	IS_AST_PARENT	
5422	5423	IS_AST_PARENT	
5422	5424	IS_AST_PARENT	
5421	5422	IS_AST_PARENT	
5420	5421	IS_AST_PARENT	
5426	5427	IS_AST_PARENT	
5426	5428	IS_AST_PARENT	
5425	5426	IS_AST_PARENT	
5429	5430	IS_AST_PARENT	
5429	5431	IS_AST_PARENT	
5425	5429	IS_AST_PARENT	
5420	5425	IS_AST_PARENT	
5435	5436	IS_AST_PARENT	
5435	5437	IS_AST_PARENT	
5434	5435	IS_AST_PARENT	
5438	5439	IS_AST_PARENT	
5438	5440	IS_AST_PARENT	
5434	5438	IS_AST_PARENT	
5433	5434	IS_AST_PARENT	
5432	5433	IS_AST_PARENT	
5420	5432	IS_AST_PARENT	
5220	5420	IS_AST_PARENT	
5443	5444	IS_AST_PARENT	
5442	5443	IS_AST_PARENT	
5446	5447	IS_AST_PARENT	
5445	5446	IS_AST_PARENT	
5448	5449	IS_AST_PARENT	
5445	5448	IS_AST_PARENT	
5450	5451	IS_AST_PARENT	
5445	5450	IS_AST_PARENT	
5452	5453	IS_AST_PARENT	
5445	5452	IS_AST_PARENT	
5454	5455	IS_AST_PARENT	
5445	5454	IS_AST_PARENT	
5442	5445	IS_AST_PARENT	
5441	5442	IS_AST_PARENT	
5220	5441	IS_AST_PARENT	
5458	5459	IS_AST_PARENT	
5458	5460	IS_AST_PARENT	
5457	5458	IS_AST_PARENT	
5456	5457	IS_AST_PARENT	
5461	5462	IS_AST_PARENT	
5461	5463	IS_AST_PARENT	
5456	5461	IS_AST_PARENT	
5467	5468	IS_AST_PARENT	
5467	5469	IS_AST_PARENT	
5466	5467	IS_AST_PARENT	
5471	5472	IS_AST_PARENT	
5470	5471	IS_AST_PARENT	
5475	5476	IS_AST_PARENT	
5475	5477	IS_AST_PARENT	
5474	5475	IS_AST_PARENT	
5473	5474	IS_AST_PARENT	
5470	5473	IS_AST_PARENT	
5466	5470	IS_AST_PARENT	
5465	5466	IS_AST_PARENT	
5464	5465	IS_AST_PARENT	
5456	5464	IS_AST_PARENT	
5220	5456	IS_AST_PARENT	
5480	5481	IS_AST_PARENT	
5479	5480	IS_AST_PARENT	
5483	5484	IS_AST_PARENT	
5482	5483	IS_AST_PARENT	
5485	5486	IS_AST_PARENT	
5482	5485	IS_AST_PARENT	
5487	5488	IS_AST_PARENT	
5482	5487	IS_AST_PARENT	
5479	5482	IS_AST_PARENT	
5478	5479	IS_AST_PARENT	
5220	5478	IS_AST_PARENT	
5491	5492	IS_AST_PARENT	
5490	5491	IS_AST_PARENT	
5494	5495	IS_AST_PARENT	
5493	5494	IS_AST_PARENT	
5496	5497	IS_AST_PARENT	
5493	5496	IS_AST_PARENT	
5498	5499	IS_AST_PARENT	
5493	5498	IS_AST_PARENT	
5490	5493	IS_AST_PARENT	
5489	5490	IS_AST_PARENT	
5220	5489	IS_AST_PARENT	
5502	5503	IS_AST_PARENT	
5501	5502	IS_AST_PARENT	
5505	5506	IS_AST_PARENT	
5504	5505	IS_AST_PARENT	
5507	5508	IS_AST_PARENT	
5504	5507	IS_AST_PARENT	
5501	5504	IS_AST_PARENT	
5500	5501	IS_AST_PARENT	
5220	5500	IS_AST_PARENT	
5511	5512	IS_AST_PARENT	
5510	5511	IS_AST_PARENT	
5514	5515	IS_AST_PARENT	
5513	5514	IS_AST_PARENT	
5518	5519	IS_AST_PARENT	
5517	5518	IS_AST_PARENT	
5521	5522	IS_AST_PARENT	
5520	5521	IS_AST_PARENT	
5517	5520	IS_AST_PARENT	
5516	5517	IS_AST_PARENT	
5513	5516	IS_AST_PARENT	
5510	5513	IS_AST_PARENT	
5509	5510	IS_AST_PARENT	
5220	5509	IS_AST_PARENT	
5525	5526	IS_AST_PARENT	
5524	5525	IS_AST_PARENT	
5528	5529	IS_AST_PARENT	
5527	5528	IS_AST_PARENT	
5532	5533	IS_AST_PARENT	
5531	5532	IS_AST_PARENT	
5536	5537	IS_AST_PARENT	
5536	5538	IS_AST_PARENT	
5535	5536	IS_AST_PARENT	
5534	5535	IS_AST_PARENT	
5531	5534	IS_AST_PARENT	
5530	5531	IS_AST_PARENT	
5527	5530	IS_AST_PARENT	
5524	5527	IS_AST_PARENT	
5523	5524	IS_AST_PARENT	
5220	5523	IS_AST_PARENT	
5541	5542	IS_AST_PARENT	
5540	5541	IS_AST_PARENT	
5544	5545	IS_AST_PARENT	
5543	5544	IS_AST_PARENT	
5546	5547	IS_AST_PARENT	
5543	5546	IS_AST_PARENT	
5548	5549	IS_AST_PARENT	
5543	5548	IS_AST_PARENT	
5550	5551	IS_AST_PARENT	
5543	5550	IS_AST_PARENT	
5553	5554	IS_AST_PARENT	
5553	5555	IS_AST_PARENT	
5552	5553	IS_AST_PARENT	
5543	5552	IS_AST_PARENT	
5556	5557	IS_AST_PARENT	
5543	5556	IS_AST_PARENT	
5540	5543	IS_AST_PARENT	
5539	5540	IS_AST_PARENT	
5220	5539	IS_AST_PARENT	
5560	5561	IS_AST_PARENT	
5559	5560	IS_AST_PARENT	
5563	5564	IS_AST_PARENT	
5562	5563	IS_AST_PARENT	
5565	5566	IS_AST_PARENT	
5562	5565	IS_AST_PARENT	
5567	5568	IS_AST_PARENT	
5562	5567	IS_AST_PARENT	
5569	5570	IS_AST_PARENT	
5562	5569	IS_AST_PARENT	
5571	5572	IS_AST_PARENT	
5562	5571	IS_AST_PARENT	
5559	5562	IS_AST_PARENT	
5558	5559	IS_AST_PARENT	
5220	5558	IS_AST_PARENT	
5575	5576	IS_AST_PARENT	
5574	5575	IS_AST_PARENT	
5578	5579	IS_AST_PARENT	
5577	5578	IS_AST_PARENT	
5580	5581	IS_AST_PARENT	
5577	5580	IS_AST_PARENT	
5574	5577	IS_AST_PARENT	
5573	5574	IS_AST_PARENT	
5220	5573	IS_AST_PARENT	
5220	5582	IS_AST_PARENT	
5586	5587	IS_AST_PARENT	
5586	5588	IS_AST_PARENT	
5585	5586	IS_AST_PARENT	
5585	5589	IS_AST_PARENT	
5584	5585	IS_AST_PARENT	
5583	5584	IS_AST_PARENT	
5592	5593	IS_AST_PARENT	
5591	5592	IS_AST_PARENT	
5596	5597	IS_AST_PARENT	
5598	5599	IS_AST_PARENT	
5598	5600	IS_AST_PARENT	
5596	5598	IS_AST_PARENT	
5595	5596	IS_AST_PARENT	
5594	5595	IS_AST_PARENT	
5591	5594	IS_AST_PARENT	
5590	5591	IS_AST_PARENT	
5583	5590	IS_AST_PARENT	
5220	5583	IS_AST_PARENT	
5603	5604	IS_AST_PARENT	
5602	5603	IS_AST_PARENT	
5602	5605	IS_AST_PARENT	
5601	5602	IS_AST_PARENT	
5220	5601	IS_AST_PARENT	
5219	5220	IS_AST_PARENT	
5219	5606	IS_AST_PARENT	
5219	5607	IS_AST_PARENT	
5609	5610	IS_AST_PARENT	
5609	5611	IS_AST_PARENT	
5608	5609	IS_AST_PARENT	
5219	5608	IS_AST_PARENT	
5612	5609	FLOWS_TO	
5609	5222	FLOWS_TO	
5222	5229	FLOWS_TO	
5222	5231	FLOWS_TO	
5229	5613	FLOWS_TO	
5231	5238	FLOWS_TO	
5238	5243	FLOWS_TO	
5243	5248	FLOWS_TO	
5248	5255	FLOWS_TO	
5255	5259	FLOWS_TO	
5259	5266	FLOWS_TO	
5266	5270	FLOWS_TO	
5270	5271	FLOWS_TO	
5271	5279	FLOWS_TO	
5279	5294	FLOWS_TO	
5294	5313	FLOWS_TO	
5313	5332	FLOWS_TO	
5332	5338	FLOWS_TO	
5338	5349	FLOWS_TO	
5349	5357	FLOWS_TO	
5357	5368	FLOWS_TO	
5368	5383	FLOWS_TO	
5383	5398	FLOWS_TO	
5398	5409	FLOWS_TO	
5409	5421	FLOWS_TO	
5421	5433	FLOWS_TO	
5421	5441	FLOWS_TO	
5425	5421	FLOWS_TO	
5433	5425	FLOWS_TO	
5441	5457	FLOWS_TO	
5457	5465	FLOWS_TO	
5457	5478	FLOWS_TO	
5461	5457	FLOWS_TO	
5465	5461	FLOWS_TO	
5478	5489	FLOWS_TO	
5489	5500	FLOWS_TO	
5500	5509	FLOWS_TO	
5509	5523	FLOWS_TO	
5523	5539	FLOWS_TO	
5539	5558	FLOWS_TO	
5558	5573	FLOWS_TO	
5573	5582	FLOWS_TO	
5582	5584	FLOWS_TO	
5584	5590	FLOWS_TO	
5584	5601	FLOWS_TO	
5590	5601	FLOWS_TO	
5601	5613	FLOWS_TO	
5243	5614	DEF	
5244	5614	DEF	
5332	5614	USE	
5334	5614	USE	
5383	5614	USE	
5394	5614	USE	
5523	5614	USE	
5536	5614	USE	
5433	5615	DEF	
5434	5615	DEF	
5294	5616	USE	
5301	5616	USE	
5313	5616	USE	
5320	5616	USE	
5539	5616	USE	
5546	5616	USE	
5433	5617	USE	
5434	5617	USE	
5313	5618	USE	
5326	5618	USE	
5332	5619	DEF	
5333	5619	DEF	
5523	5619	USE	
5535	5619	USE	
5279	5620	USE	
5286	5620	USE	
5368	5621	USE	
5375	5621	USE	
5383	5621	USE	
5390	5621	USE	
5441	5621	USE	
5448	5621	USE	
5558	5621	USE	
5565	5621	USE	
5231	5622	DEF	
5232	5622	DEF	
5235	5622	DEF	
5294	5622	USE	
5305	5622	USE	
5457	5622	USE	
5465	5622	USE	
5475	5622	USE	
5467	5622	USE	
5539	5622	USE	
5550	5622	USE	
5433	5623	USE	
5434	5623	USE	
5609	5624	DEF	
5271	5624	USE	
5276	5624	USE	
5584	5624	USE	
5586	5624	USE	
5590	5624	USE	
5598	5624	USE	
5357	5625	USE	
5358	5625	USE	
5509	5625	USE	
5516	5625	USE	
5523	5625	USE	
5530	5625	USE	
5398	5626	USE	
5405	5626	USE	
5409	5626	USE	
5416	5626	USE	
5478	5626	USE	
5485	5626	USE	
5489	5626	USE	
5496	5626	USE	
5279	5627	USE	
5284	5627	USE	
5294	5627	USE	
5299	5627	USE	
5313	5627	USE	
5318	5627	USE	
5368	5627	USE	
5373	5627	USE	
5383	5627	USE	
5388	5627	USE	
5398	5627	USE	
5403	5627	USE	
5409	5627	USE	
5414	5627	USE	
5441	5627	USE	
5446	5627	USE	
5478	5627	USE	
5483	5627	USE	
5489	5627	USE	
5494	5627	USE	
5539	5627	USE	
5544	5627	USE	
5558	5627	USE	
5563	5627	USE	
5573	5627	USE	
5578	5627	USE	
5238	5628	DEF	
5239	5628	DEF	
5338	5628	USE	
5343	5628	USE	
5349	5628	USE	
5351	5628	USE	
5368	5628	USE	
5379	5628	USE	
5433	5628	USE	
5435	5628	USE	
5441	5628	USE	
5452	5628	USE	
5465	5628	USE	
5467	5628	USE	
5475	5628	USE	
5500	5628	USE	
5507	5628	USE	
5558	5628	USE	
5569	5628	USE	
5465	5629	USE	
5466	5629	USE	
5259	5630	DEF	
5263	5630	DEF	
5260	5630	DEF	
5271	5630	DEF	
5272	5630	DEF	
5332	5630	USE	
5333	5630	USE	
5357	5630	USE	
5366	5630	USE	
5433	5630	USE	
5438	5630	USE	
5509	5630	USE	
5521	5630	USE	
5573	5631	USE	
5580	5631	USE	
5255	5632	DEF	
5256	5632	DEF	
5357	5632	DEF	
5358	5632	DEF	
5421	5632	USE	
5433	5632	USE	
5438	5632	USE	
5271	5633	USE	
5272	5633	USE	
5584	5633	USE	
5590	5633	USE	
5595	5633	USE	
5294	5634	USE	
5307	5634	USE	
5539	5634	USE	
5552	5634	USE	
5349	5635	DEF	
5350	5635	DEF	
5433	5635	DEF	
5434	5635	DEF	
5465	5635	USE	
5474	5635	USE	
5465	5635	DEF	
5466	5635	DEF	
5248	5636	DEF	
5249	5636	DEF	
5252	5636	DEF	
5313	5636	USE	
5324	5636	USE	
5433	5636	USE	
5435	5636	USE	
5465	5637	USE	
5474	5637	USE	
5465	5637	DEF	
5466	5637	DEF	
5332	5523	REACHES	* stonesoup_other_buff
5238	5338	REACHES	stonesoup_stack_buff_64
5238	5349	REACHES	stonesoup_stack_buff_64
5238	5368	REACHES	stonesoup_stack_buff_64
5238	5433	REACHES	stonesoup_stack_buff_64
5238	5441	REACHES	stonesoup_stack_buff_64
5238	5465	REACHES	stonesoup_stack_buff_64
5238	5500	REACHES	stonesoup_stack_buff_64
5238	5558	REACHES	stonesoup_stack_buff_64
5271	5332	REACHES	uninvocative_stevensville
5271	5357	REACHES	uninvocative_stevensville
5271	5433	REACHES	uninvocative_stevensville
5271	5509	REACHES	uninvocative_stevensville
5357	5421	REACHES	stonesoup_buff_size
5357	5433	REACHES	stonesoup_buff_size
5243	5332	REACHES	stonesoup_other_buff
5243	5383	REACHES	stonesoup_other_buff
5243	5523	REACHES	stonesoup_other_buff
5231	5294	REACHES	stonesoup_oc_i
5231	5457	REACHES	stonesoup_oc_i
5231	5465	REACHES	stonesoup_oc_i
5231	5539	REACHES	stonesoup_oc_i
5609	5271	REACHES	keffer_footprints
5609	5584	REACHES	keffer_footprints
5609	5590	REACHES	keffer_footprints
5433	5465	REACHES	* stonesoup_stack_buff_64
5465	5465	REACHES	* stonesoup_stack_buff_64
5349	5465	REACHES	* stonesoup_stack_buff_64
5248	5313	REACHES	stonesoup_my_buff_size
5248	5433	REACHES	stonesoup_my_buff_size
5465	5465	REACHES	* stonesoup_oc_i
5612	5609	CONTROLS	
5612	5222	CONTROLS	
5222	5229	CONTROLS	
5222	5231	CONTROLS	
5222	5238	CONTROLS	
5222	5243	CONTROLS	
5222	5248	CONTROLS	
5222	5255	CONTROLS	
5222	5259	CONTROLS	
5222	5266	CONTROLS	
5222	5270	CONTROLS	
5222	5271	CONTROLS	
5222	5279	CONTROLS	
5222	5294	CONTROLS	
5222	5313	CONTROLS	
5222	5332	CONTROLS	
5222	5338	CONTROLS	
5222	5349	CONTROLS	
5222	5357	CONTROLS	
5222	5368	CONTROLS	
5222	5383	CONTROLS	
5222	5398	CONTROLS	
5222	5409	CONTROLS	
5222	5421	CONTROLS	
5222	5441	CONTROLS	
5222	5457	CONTROLS	
5222	5478	CONTROLS	
5222	5489	CONTROLS	
5222	5500	CONTROLS	
5222	5509	CONTROLS	
5222	5523	CONTROLS	
5222	5539	CONTROLS	
5222	5558	CONTROLS	
5222	5573	CONTROLS	
5222	5582	CONTROLS	
5222	5584	CONTROLS	
5222	5601	CONTROLS	
5421	5433	CONTROLS	
5421	5425	CONTROLS	
5457	5465	CONTROLS	
5457	5461	CONTROLS	
5584	5590	CONTROLS	
5478	5489	DOM	
5584	5590	DOM	
5509	5523	DOM	
5573	5582	DOM	
5539	5558	DOM	
5612	5612	DOM	
5558	5573	DOM	
5279	5294	DOM	
5523	5539	DOM	
5421	5441	DOM	
5465	5461	DOM	
5313	5332	DOM	
5349	5357	DOM	
5441	5457	DOM	
5259	5266	DOM	
5457	5478	DOM	
5500	5509	DOM	
5222	5613	DOM	
5243	5248	DOM	
5248	5255	DOM	
5255	5259	DOM	
5421	5433	DOM	
5368	5383	DOM	
5294	5313	DOM	
5409	5421	DOM	
5584	5601	DOM	
5222	5229	DOM	
5433	5425	DOM	
5489	5500	DOM	
5338	5349	DOM	
5582	5584	DOM	
5238	5243	DOM	
5270	5271	DOM	
5383	5398	DOM	
5609	5222	DOM	
5222	5231	DOM	
5231	5238	DOM	
5271	5279	DOM	
5266	5270	DOM	
5332	5338	DOM	
5612	5609	DOM	
5398	5409	DOM	
5357	5368	DOM	
5457	5465	DOM	
5500	5489	POST_DOM	
5601	5590	POST_DOM	
5584	5582	POST_DOM	
5539	5523	POST_DOM	
5573	5558	POST_DOM	
5609	5612	POST_DOM	
5582	5573	POST_DOM	
5313	5294	POST_DOM	
5558	5539	POST_DOM	
5457	5441	POST_DOM	
5457	5461	POST_DOM	
5368	5357	POST_DOM	
5338	5332	POST_DOM	
5478	5457	POST_DOM	
5489	5478	POST_DOM	
5270	5266	POST_DOM	
5523	5509	POST_DOM	
5613	5613	POST_DOM	
5266	5259	POST_DOM	
5259	5255	POST_DOM	
5255	5248	POST_DOM	
5425	5433	POST_DOM	
5398	5383	POST_DOM	
5332	5313	POST_DOM	
5613	5601	POST_DOM	
5441	5421	POST_DOM	
5613	5229	POST_DOM	
5421	5425	POST_DOM	
5509	5500	POST_DOM	
5601	5584	POST_DOM	
5357	5349	POST_DOM	
5248	5243	POST_DOM	
5409	5398	POST_DOM	
5279	5271	POST_DOM	
5613	5222	POST_DOM	
5238	5231	POST_DOM	
5243	5238	POST_DOM	
5294	5279	POST_DOM	
5349	5338	POST_DOM	
5271	5270	POST_DOM	
5222	5609	POST_DOM	
5421	5409	POST_DOM	
5383	5368	POST_DOM	
5461	5465	POST_DOM	
5218	5219	IS_FUNCTION_OF_AST	
5218	5612	IS_FUNCTION_OF_CFG	
1	5218	IS_FILE_OF	
