command	key	type	code	location	functionId	childNum	isCFGNode	operator	baseType	completeType	identifier
ANR	1	File	/scan/output/_work/source/01_vulnerable_989__sink_bound_guard__c5.c								
ANR	2	DeclStmt									
ANR	3	Decl							void	void ( TileManager * tm )	tile_manager_allocate_tiles
ANR	4	DeclStmt									
ANR	5	Decl							int	int	undecidedly_outdrive
ANR	6	DeclStmt									
ANR	7	Decl							int	int	stonesoup_global_variable
ANR	8	DeclStmt									
ANR	9	Decl							void	void ( char * hamon_slovakia )	stonesoup_handle_taint
ANR	10	DeclStmt									
ANR	11	Decl							void	void *	stonesoup_printf_context
ANR	12	Function	stonesoup_setup_printf_context	43:0:1426:1466							
ANR	13	FunctionDef	stonesoup_setup_printf_context ()		12	0					
ANR	14	CompoundStatement		43:38:1464:1466	12	0					
ANR	15	ReturnType	void		12	1					
ANR	16	Identifier	stonesoup_setup_printf_context		12	2					
ANR	17	ParameterList			12	3					
ANR	18	CFGEntryNode	ENTRY		12		True				
ANR	19	CFGExitNode	EXIT		12		True				
ANR	20	Function	stonesoup_printf	45:0:1468:1748							
ANR	21	FunctionDef	stonesoup_printf (char * format)		20	0					
ANR	22	CompoundStatement		45:42:1510:1748	20	0					
ANR	23	IdentifierDeclStatement	va_list argptr ;	46:4:1516:1530	20	0	True				
ANR	24	IdentifierDecl	argptr		20	0					
ANR	25	IdentifierDeclType	va_list		20	0					
ANR	26	Identifier	argptr		20	1					
ANR	27	ExpressionStatement	"va_start ( argptr , format )"	48:4:1615:1639	20	1	True				
ANR	28	CallExpression	"va_start ( argptr , format )"		20	0					
ANR	29	Callee	va_start		20	0					
ANR	30	Identifier	va_start		20	0					
ANR	31	ArgumentList	argptr		20	1					
ANR	32	Argument	argptr		20	0					
ANR	33	Identifier	argptr		20	0					
ANR	34	Argument	format		20	1					
ANR	35	Identifier	format		20	0					
ANR	36	ExpressionStatement	"mg_vprintf_data ( ( struct mg_connection * ) stonesoup_printf_context , format , argptr )"	49:4:1645:1726	20	2	True				
ANR	37	CallExpression	"mg_vprintf_data ( ( struct mg_connection * ) stonesoup_printf_context , format , argptr )"		20	0					
ANR	38	Callee	mg_vprintf_data		20	0					
ANR	39	Identifier	mg_vprintf_data		20	0					
ANR	40	ArgumentList	( struct mg_connection * ) stonesoup_printf_context		20	1					
ANR	41	Argument	( struct mg_connection * ) stonesoup_printf_context		20	0					
ANR	42	CastExpression	( struct mg_connection * ) stonesoup_printf_context		20	0					
ANR	43	CastTarget	struct mg_connection *		20	0					
ANR	44	Identifier	stonesoup_printf_context		20	1					
ANR	45	Argument	format		20	1					
ANR	46	Identifier	format		20	0					
ANR	47	Argument	argptr		20	2					
ANR	48	Identifier	argptr		20	0					
ANR	49	ExpressionStatement	va_end ( argptr )	50:4:1732:1746	20	3	True				
ANR	50	CallExpression	va_end ( argptr )		20	0					
ANR	51	Callee	va_end		20	0					
ANR	52	Identifier	va_end		20	0					
ANR	53	ArgumentList	argptr		20	1					
ANR	54	Argument	argptr		20	0					
ANR	55	Identifier	argptr		20	0					
ANR	56	ReturnType	void		20	1					
ANR	57	Identifier	stonesoup_printf		20	2					
ANR	58	ParameterList	char * format		20	3					
ANR	59	Parameter	char * format	45:22:1490:1502	20	0	True				
ANR	60	ParameterType	char *		20	0					
ANR	61	Identifier	format		20	1					
ANR	62	CFGEntryNode	ENTRY		20		True				
ANR	63	CFGExitNode	EXIT		20		True				
ANR	64	Symbol	argptr		20						
ANR	65	Symbol	stonesoup_printf_context		20						
ANR	66	Symbol	format		20						
ANR	67	Function	stonesoup_close_printf_context	52:0:1750:1790							
ANR	68	FunctionDef	stonesoup_close_printf_context ()		67	0					
ANR	69	CompoundStatement		52:38:1788:1790	67	0					
ANR	70	ReturnType	void		67	1					
ANR	71	Identifier	stonesoup_close_printf_context		67	2					
ANR	72	ParameterList			67	3					
ANR	73	CFGEntryNode	ENTRY		67		True				
ANR	74	CFGExitNode	EXIT		67		True				
ANR	75	DeclStmt									
ANR	76	Decl							int	int	stonesoup_exit_flag
ANR	77	Function	stonesoup_ev_handler	55:0:1828:2895							
ANR	78	FunctionDef	"stonesoup_ev_handler (struct mg_connection * conn , enum mg_event ev)"		77	0					
ANR	79	CompoundStatement		55:78:1906:2895	77	0					
ANR	80	IdentifierDeclStatement	char * ifmatch_header ;	56:2:1910:1931	77	0	True				
ANR	81	IdentifierDecl	* ifmatch_header		77	0					
ANR	82	IdentifierDeclType	char *		77	0					
ANR	83	Identifier	ifmatch_header		77	1					
ANR	84	IdentifierDeclStatement	char * stonesoup_tainted_buff ;	57:2:1935:1963	77	1	True				
ANR	85	IdentifierDecl	* stonesoup_tainted_buff		77	0					
ANR	86	IdentifierDeclType	char *		77	0					
ANR	87	Identifier	stonesoup_tainted_buff		77	1					
ANR	88	IdentifierDeclStatement	int buffer_size = 1000 ;	58:2:1967:1989	77	2	True				
ANR	89	IdentifierDecl	buffer_size = 1000		77	0					
ANR	90	IdentifierDeclType	int		77	0					
ANR	91	Identifier	buffer_size		77	1					
ANR	92	AssignmentExpression	buffer_size = 1000		77	2		=			
ANR	93	Identifier	buffer_size		77	0					
ANR	94	PrimaryExpression	1000		77	1					
ANR	95	IdentifierDeclStatement	int data_size = 0 ;	59:2:1993:2010	77	3	True				
ANR	96	IdentifierDecl	data_size = 0		77	0					
ANR	97	IdentifierDeclType	int		77	0					
ANR	98	Identifier	data_size		77	1					
ANR	99	AssignmentExpression	data_size = 0		77	2		=			
ANR	100	Identifier	data_size		77	0					
ANR	101	PrimaryExpression	0		77	1					
ANR	102	IfStatement	if ( ev == MG_REQUEST )		77	4					
ANR	103	Condition	ev == MG_REQUEST	60:6:2018:2033	77	0	True				
ANR	104	EqualityExpression	ev == MG_REQUEST		77	0		==			
ANR	105	Identifier	ev		77	0					
ANR	106	Identifier	MG_REQUEST		77	1					
ANR	107	CompoundStatement		6:24:129:129	77	1					
ANR	108	ExpressionStatement	"ifmatch_header = ( char * ) mg_get_header ( conn , ""if-match"" )"	61:4:2042:2098	77	0	True				
ANR	109	AssignmentExpression	"ifmatch_header = ( char * ) mg_get_header ( conn , ""if-match"" )"		77	0		=			
ANR	110	Identifier	ifmatch_header		77	0					
ANR	111	CastExpression	"( char * ) mg_get_header ( conn , ""if-match"" )"		77	1					
ANR	112	CastTarget	char *		77	0					
ANR	113	CallExpression	"mg_get_header ( conn , ""if-match"" )"		77	1					
ANR	114	Callee	mg_get_header		77	0					
ANR	115	Identifier	mg_get_header		77	0					
ANR	116	ArgumentList	conn		77	1					
ANR	117	Argument	conn		77	0					
ANR	118	Identifier	conn		77	0					
ANR	119	Argument	"""if-match"""		77	1					
ANR	120	PrimaryExpression	"""if-match"""		77	0					
ANR	121	IfStatement	"if ( strcmp ( ifmatch_header , ""weak_taint_source_value"" ) == 0 )"		77	1					
ANR	122	Condition	"strcmp ( ifmatch_header , ""weak_taint_source_value"" ) == 0"	62:8:2108:2161	77	0	True				
ANR	123	EqualityExpression	"strcmp ( ifmatch_header , ""weak_taint_source_value"" ) == 0"		77	0		==			
ANR	124	CallExpression	"strcmp ( ifmatch_header , ""weak_taint_source_value"" )"		77	0					
ANR	125	Callee	strcmp		77	0					
ANR	126	Identifier	strcmp		77	0					
ANR	127	ArgumentList	ifmatch_header		77	1					
ANR	128	Argument	ifmatch_header		77	0					
ANR	129	Identifier	ifmatch_header		77	0					
ANR	130	Argument	"""weak_taint_source_value"""		77	1					
ANR	131	PrimaryExpression	"""weak_taint_source_value"""		77	0					
ANR	132	PrimaryExpression	0		77	1					
ANR	133	CompoundStatement		8:64:257:257	77	1					
ANR	134	WhileStatement	while ( 1 )		77	0					
ANR	135	Condition	1	63:15:2181:2181	77	0	True				
ANR	136	PrimaryExpression	1		77	0					
ANR	137	CompoundStatement		9:18:277:277	77	1					
ANR	138	ExpressionStatement	stonesoup_tainted_buff = ( char * ) malloc ( buffer_size * sizeof ( char ) )	64:12:2198:2265	77	0	True				
ANR	139	AssignmentExpression	stonesoup_tainted_buff = ( char * ) malloc ( buffer_size * sizeof ( char ) )		77	0		=			
ANR	140	Identifier	stonesoup_tainted_buff		77	0					
ANR	141	CastExpression	( char * ) malloc ( buffer_size * sizeof ( char ) )		77	1					
ANR	142	CastTarget	char *		77	0					
ANR	143	CallExpression	malloc ( buffer_size * sizeof ( char ) )		77	1					
ANR	144	Callee	malloc		77	0					
ANR	145	Identifier	malloc		77	0					
ANR	146	ArgumentList	buffer_size * sizeof ( char )		77	1					
ANR	147	Argument	buffer_size * sizeof ( char )		77	0					
ANR	148	MultiplicativeExpression	buffer_size * sizeof ( char )		77	0		*			
ANR	149	Identifier	buffer_size		77	0					
ANR	150	SizeofExpression	sizeof ( char )		77	1					
ANR	151	Sizeof	sizeof		77	0					
ANR	152	SizeofOperand	char		77	1					
ANR	153	ExpressionStatement	"data_size = mg_get_var ( conn , ""data"" , stonesoup_tainted_buff , buffer_size * sizeof ( char ) )"	66:12:2339:2427	77	1	True				
ANR	154	AssignmentExpression	"data_size = mg_get_var ( conn , ""data"" , stonesoup_tainted_buff , buffer_size * sizeof ( char ) )"		77	0		=			
ANR	155	Identifier	data_size		77	0					
ANR	156	CallExpression	"mg_get_var ( conn , ""data"" , stonesoup_tainted_buff , buffer_size * sizeof ( char ) )"		77	1					
ANR	157	Callee	mg_get_var		77	0					
ANR	158	Identifier	mg_get_var		77	0					
ANR	159	ArgumentList	conn		77	1					
ANR	160	Argument	conn		77	0					
ANR	161	Identifier	conn		77	0					
ANR	162	Argument	"""data"""		77	1					
ANR	163	PrimaryExpression	"""data"""		77	0					
ANR	164	Argument	stonesoup_tainted_buff		77	2					
ANR	165	Identifier	stonesoup_tainted_buff		77	0					
ANR	166	Argument	buffer_size * sizeof ( char )		77	3					
ANR	167	MultiplicativeExpression	buffer_size * sizeof ( char )		77	0		*			
ANR	168	Identifier	buffer_size		77	0					
ANR	169	SizeofExpression	sizeof ( char )		77	1					
ANR	170	Sizeof	sizeof		77	0					
ANR	171	SizeofOperand	char		77	1					
ANR	172	IfStatement	if ( data_size < buffer_size )		77	2					
ANR	173	Condition	data_size < buffer_size	67:16:2445:2467	77	0	True				
ANR	174	RelationalExpression	data_size < buffer_size		77	0		<			
ANR	175	Identifier	data_size		77	0					
ANR	176	Identifier	buffer_size		77	1					
ANR	177	CompoundStatement		13:41:563:563	77	1					
ANR	178	ExpressionStatement	stonesoup_exit_flag = 1	68:16:2488:2511	77	0	True				
ANR	179	AssignmentExpression	stonesoup_exit_flag = 1		77	0		=			
ANR	180	Identifier	stonesoup_exit_flag		77	0					
ANR	181	PrimaryExpression	1		77	1					
ANR	182	BreakStatement	break ;	69:16:2529:2534	77	1	True				
ANR	183	ExpressionStatement	buffer_size = buffer_size * 2	71:12:2562:2591	77	3	True				
ANR	184	AssignmentExpression	buffer_size = buffer_size * 2		77	0		=			
ANR	185	Identifier	buffer_size		77	0					
ANR	186	MultiplicativeExpression	buffer_size * 2		77	1		*			
ANR	187	Identifier	buffer_size		77	0					
ANR	188	PrimaryExpression	2		77	1					
ANR	189	ExpressionStatement	free ( stonesoup_tainted_buff )	72:12:2605:2633	77	4	True				
ANR	190	CallExpression	free ( stonesoup_tainted_buff )		77	0					
ANR	191	Callee	free		77	0					
ANR	192	Identifier	free		77	0					
ANR	193	ArgumentList	stonesoup_tainted_buff		77	1					
ANR	194	Argument	stonesoup_tainted_buff		77	0					
ANR	195	Identifier	stonesoup_tainted_buff		77	0					
ANR	196	ExpressionStatement	stonesoup_printf_context = conn	74:8:2653:2684	77	1	True				
ANR	197	AssignmentExpression	stonesoup_printf_context = conn		77	0		=			
ANR	198	Identifier	stonesoup_printf_context		77	0					
ANR	199	Identifier	conn		77	1					
ANR	200	ExpressionStatement	stonesoup_handle_taint ( stonesoup_tainted_buff )	75:8:2694:2740	77	2	True				
ANR	201	CallExpression	stonesoup_handle_taint ( stonesoup_tainted_buff )		77	0					
ANR	202	Callee	stonesoup_handle_taint		77	0					
ANR	203	Identifier	stonesoup_handle_taint		77	0					
ANR	204	ArgumentList	stonesoup_tainted_buff		77	1					
ANR	205	Argument	stonesoup_tainted_buff		77	0					
ANR	206	Identifier	stonesoup_tainted_buff		77	0					
ANR	207	ReturnStatement	return MG_TRUE ;	78:4:2793:2807	77	2	True				
ANR	208	Identifier	MG_TRUE		77	0					
ANR	209	ElseStatement	else		77	0					
ANR	210	IfStatement	if ( ev == MG_AUTH )		77	0					
ANR	211	Condition	ev == MG_AUTH	79:13:2822:2834	77	0	True				
ANR	212	EqualityExpression	ev == MG_AUTH		77	0		==			
ANR	213	Identifier	ev		77	0					
ANR	214	Identifier	MG_AUTH		77	1					
ANR	215	CompoundStatement		25:28:930:930	77	1					
ANR	216	ReturnStatement	return MG_TRUE ;	80:4:2843:2857	77	0	True				
ANR	217	Identifier	MG_TRUE		77	0					
ANR	218	ElseStatement	else		77	0					
ANR	219	CompoundStatement		27:9:961:961	77	0					
ANR	220	ReturnStatement	return MG_FALSE ;	82:4:2874:2889	77	0	True				
ANR	221	Identifier	MG_FALSE		77	0					
ANR	222	ReturnType	static int		77	1					
ANR	223	Identifier	stonesoup_ev_handler		77	2					
ANR	224	ParameterList	"struct mg_connection * conn , enum mg_event ev"		77	3					
ANR	225	Parameter	struct mg_connection * conn	55:32:1860:1885	77	0	True				
ANR	226	ParameterType	struct mg_connection *		77	0					
ANR	227	Identifier	conn		77	1					
ANR	228	Parameter	enum mg_event ev	55:60:1888:1903	77	1	True				
ANR	229	ParameterType	enum mg_event		77	0					
ANR	230	Identifier	ev		77	1					
ANR	231	CFGEntryNode	ENTRY		77		True				
ANR	232	CFGExitNode	EXIT		77		True				
ANR	233	Symbol	data_size		77						
ANR	234	Symbol	mg_get_header		77						
ANR	235	Symbol	strcmp		77						
ANR	236	Symbol	malloc		77						
ANR	237	Symbol	conn		77						
ANR	238	Symbol	buffer_size		77						
ANR	239	Symbol	MG_AUTH		77						
ANR	240	Symbol	ifmatch_header		77						
ANR	241	Symbol	ev		77						
ANR	242	Symbol	MG_REQUEST		77						
ANR	243	Symbol	mg_get_var		77						
ANR	244	Symbol	MG_FALSE		77						
ANR	245	Symbol	stonesoup_printf_context		77						
ANR	246	Symbol	stonesoup_exit_flag		77						
ANR	247	Symbol	MG_TRUE		77						
ANR	248	Symbol	stonesoup_tainted_buff		77						
ANR	249	Function	stonesoup_read_taint	85:0:2897:3377							
ANR	250	FunctionDef	stonesoup_read_taint ()		249	0					
ANR	251	CompoundStatement		85:32:2929:3377	249	0					
ANR	252	IfStatement	"if ( getenv ( ""STONESOUP_DISABLE_WEAKNESS"" ) == NULL || strcmp ( getenv ( ""STONESOUP_DISABLE_WEAKNESS"" ) , ""1"" ) != 0 )"		249	0					
ANR	253	Condition	"getenv ( ""STONESOUP_DISABLE_WEAKNESS"" ) == NULL || strcmp ( getenv ( ""STONESOUP_DISABLE_WEAKNESS"" ) , ""1"" ) != 0"	86:6:2937:3044	249	0	True				
ANR	254	OrExpression	"getenv ( ""STONESOUP_DISABLE_WEAKNESS"" ) == NULL || strcmp ( getenv ( ""STONESOUP_DISABLE_WEAKNESS"" ) , ""1"" ) != 0"		249	0		||			
ANR	255	EqualityExpression	"getenv ( ""STONESOUP_DISABLE_WEAKNESS"" ) == NULL"		249	0		==			
ANR	256	CallExpression	"getenv ( ""STONESOUP_DISABLE_WEAKNESS"" )"		249	0					
ANR	257	Callee	getenv		249	0					
ANR	258	Identifier	getenv		249	0					
ANR	259	ArgumentList	"""STONESOUP_DISABLE_WEAKNESS"""		249	1					
ANR	260	Argument	"""STONESOUP_DISABLE_WEAKNESS"""		249	0					
ANR	261	PrimaryExpression	"""STONESOUP_DISABLE_WEAKNESS"""		249	0					
ANR	262	Identifier	NULL		249	1					
ANR	263	EqualityExpression	"strcmp ( getenv ( ""STONESOUP_DISABLE_WEAKNESS"" ) , ""1"" ) != 0"		249	1		!=			
ANR	264	CallExpression	"strcmp ( getenv ( ""STONESOUP_DISABLE_WEAKNESS"" ) , ""1"" )"		249	0					
ANR	265	Callee	strcmp		249	0					
ANR	266	Identifier	strcmp		249	0					
ANR	267	ArgumentList	"getenv ( ""STONESOUP_DISABLE_WEAKNESS"" )"		249	1					
ANR	268	Argument	"getenv ( ""STONESOUP_DISABLE_WEAKNESS"" )"		249	0					
ANR	269	CallExpression	"getenv ( ""STONESOUP_DISABLE_WEAKNESS"" )"		249	0					
ANR	270	Callee	getenv		249	0					
ANR	271	Identifier	getenv		249	0					
ANR	272	ArgumentList	"""STONESOUP_DISABLE_WEAKNESS"""		249	1					
ANR	273	Argument	"""STONESOUP_DISABLE_WEAKNESS"""		249	0					
ANR	274	PrimaryExpression	"""STONESOUP_DISABLE_WEAKNESS"""		249	0					
ANR	275	Argument	"""1"""		249	1					
ANR	276	PrimaryExpression	"""1"""		249	0					
ANR	277	PrimaryExpression	0		249	1					
ANR	278	CompoundStatement		4:4:123:204	249	1					
ANR	279	IdentifierDeclStatement	"struct mg_server * stonesoup_server = mg_create_server ( NULL , stonesoup_ev_handler ) ;"	88:4:3053:3134	249	0	True				
ANR	280	IdentifierDecl	"* stonesoup_server = mg_create_server ( NULL , stonesoup_ev_handler )"		249	0					
ANR	281	IdentifierDeclType	struct mg_server *		249	0					
ANR	282	Identifier	stonesoup_server		249	1					
ANR	283	AssignmentExpression	"* stonesoup_server = mg_create_server ( NULL , stonesoup_ev_handler )"		249	2		=			
ANR	284	Identifier	stonesoup_server		249	0					
ANR	285	CallExpression	"mg_create_server ( NULL , stonesoup_ev_handler )"		249	1					
ANR	286	Callee	mg_create_server		249	0					
ANR	287	Identifier	mg_create_server		249	0					
ANR	288	ArgumentList	NULL		249	1					
ANR	289	Argument	NULL		249	0					
ANR	290	Identifier	NULL		249	0					
ANR	291	Argument	stonesoup_ev_handler		249	1					
ANR	292	Identifier	stonesoup_ev_handler		249	0					
ANR	293	ExpressionStatement	"mg_set_option ( stonesoup_server , ""listening_port"" , ""8887"" )"	89:4:3140:3197	249	1	True				
ANR	294	CallExpression	"mg_set_option ( stonesoup_server , ""listening_port"" , ""8887"" )"		249	0					
ANR	295	Callee	mg_set_option		249	0					
ANR	296	Identifier	mg_set_option		249	0					
ANR	297	ArgumentList	stonesoup_server		249	1					
ANR	298	Argument	stonesoup_server		249	0					
ANR	299	Identifier	stonesoup_server		249	0					
ANR	300	Argument	"""listening_port"""		249	1					
ANR	301	PrimaryExpression	"""listening_port"""		249	0					
ANR	302	Argument	"""8887"""		249	2					
ANR	303	PrimaryExpression	"""8887"""		249	0					
ANR	304	WhileStatement	while ( 1 )		249	2					
ANR	305	Condition	1	90:11:3210:3210	249	0	True				
ANR	306	PrimaryExpression	1		249	0					
ANR	307	CompoundStatement		6:14:283:283	249	1					
ANR	308	IfStatement	"if ( mg_poll_server ( stonesoup_server , 1000 ) == 0 && stonesoup_exit_flag == 1 )"		249	0					
ANR	309	Condition	"mg_poll_server ( stonesoup_server , 1000 ) == 0 && stonesoup_exit_flag == 1"	91:10:3225:3295	249	0	True				
ANR	310	AndExpression	"mg_poll_server ( stonesoup_server , 1000 ) == 0 && stonesoup_exit_flag == 1"		249	0		&&			
ANR	311	EqualityExpression	"mg_poll_server ( stonesoup_server , 1000 ) == 0"		249	0		==			
ANR	312	CallExpression	"mg_poll_server ( stonesoup_server , 1000 )"		249	0					
ANR	313	Callee	mg_poll_server		249	0					
ANR	314	Identifier	mg_poll_server		249	0					
ANR	315	ArgumentList	stonesoup_server		249	1					
ANR	316	Argument	stonesoup_server		249	0					
ANR	317	Identifier	stonesoup_server		249	0					
ANR	318	Argument	1000		249	1					
ANR	319	PrimaryExpression	1000		249	0					
ANR	320	PrimaryExpression	0		249	1					
ANR	321	EqualityExpression	stonesoup_exit_flag == 1		249	1		==			
ANR	322	Identifier	stonesoup_exit_flag		249	0					
ANR	323	PrimaryExpression	1		249	1					
ANR	324	CompoundStatement		7:83:368:368	249	1					
ANR	325	BreakStatement	break ;	92:10:3310:3315	249	0	True				
ANR	326	ExpressionStatement	mg_destroy_server ( & stonesoup_server )	95:4:3335:3371	249	3	True				
ANR	327	CallExpression	mg_destroy_server ( & stonesoup_server )		249	0					
ANR	328	Callee	mg_destroy_server		249	0					
ANR	329	Identifier	mg_destroy_server		249	0					
ANR	330	ArgumentList	& stonesoup_server		249	1					
ANR	331	Argument	& stonesoup_server		249	0					
ANR	332	UnaryOperationExpression	& stonesoup_server		249	0					
ANR	333	UnaryOperator	&		249	0					
ANR	334	Identifier	stonesoup_server		249	1					
ANR	335	ReturnType	void		249	1					
ANR	336	Identifier	stonesoup_read_taint		249	2					
ANR	337	ParameterList			249	3					
ANR	338	CFGEntryNode	ENTRY		249		True				
ANR	339	CFGExitNode	EXIT		249		True				
ANR	340	Symbol	strcmp		249						
ANR	341	Symbol	mg_create_server		249						
ANR	342	Symbol	NULL		249						
ANR	343	Symbol	& stonesoup_server		249						
ANR	344	Symbol	stonesoup_server		249						
ANR	345	Symbol	mg_poll_server		249						
ANR	346	Symbol	stonesoup_ev_handler		249						
ANR	347	Symbol	stonesoup_exit_flag		249						
ANR	348	Symbol	getenv		249						
ANR	349	DeclStmt									
ANR	350	Decl							void	void ( char * * pseudobinary_archenemies )	diestrums_everhart
ANR	351	DeclStmt									
ANR	352	Decl							void	void ( char * * dimplier_vancouver )	urbanologists_truncature
ANR	353	DeclStmt									
ANR	354	Decl							void	void ( char * * hexarchies_noncanvassing )	fazenda_balas
ANR	355	DeclStmt									
ANR	356	Decl							void	void ( char * * papistries_focalized )	knottiest_tutto
ANR	357	DeclStmt									
ANR	358	Decl							void	void ( char * * tercentenary_mesosigmoid )	discordantness_spet
ANR	359	DeclStmt									
ANR	360	Decl							void	void ( char * * maceraters_prepollent )	duckblind_lincomycin
ANR	361	DeclStmt									
ANR	362	Decl							void	void ( char * * conspiring_weightedly )	flustrate_osotriazine
ANR	363	DeclStmt									
ANR	364	Decl							void	void ( char * * candied_jiminy )	hydantoate_metallurgically
ANR	365	DeclStmt									
ANR	366	Decl							void	void ( char * * ethoxycaffeine_unpublic )	fredrich_outhiring
ANR	367	DeclStmt									
ANR	368	Decl							void	void ( char * * keffer_footprints )	coenzymatically_concrescible
ANR	369	Function	stonesoup_toupper	108:0:3947:4042							
ANR	370	FunctionDef	stonesoup_toupper (int c)		369	0					
ANR	371	CompoundStatement		109:0:3976:4042	369	0					
ANR	372	IfStatement	if ( c >= 97 && c <= 122 )		369	0					
ANR	373	Condition	c >= 97 && c <= 122	110:6:3984:4002	369	0	True				
ANR	374	AndExpression	c >= 97 && c <= 122		369	0		&&			
ANR	375	RelationalExpression	c >= 97		369	0		>=			
ANR	376	Identifier	c		369	0					
ANR	377	PrimaryExpression	97		369	1					
ANR	378	RelationalExpression	c <= 122		369	1		<=			
ANR	379	Identifier	c		369	0					
ANR	380	PrimaryExpression	122		369	1					
ANR	381	CompoundStatement		2:27:28:28	369	1					
ANR	382	ReturnStatement	return c - 32 ;	111:4:4011:4024	369	0	True				
ANR	383	AdditiveExpression	c - 32		369	0		-			
ANR	384	Identifier	c		369	0					
ANR	385	PrimaryExpression	32		369	1					
ANR	386	ReturnStatement	return c ;	113:2:4032:4040	369	1	True				
ANR	387	Identifier	c		369	0					
ANR	388	ReturnType	int		369	1					
ANR	389	Identifier	stonesoup_toupper		369	2					
ANR	390	ParameterList	int c		369	3					
ANR	391	Parameter	int c	108:22:3969:3973	369	0	True				
ANR	392	ParameterType	int		369	0					
ANR	393	Identifier	c		369	1					
ANR	394	CFGEntryNode	ENTRY		369		True				
ANR	395	CFGExitNode	EXIT		369		True				
ANR	396	Symbol	c		369						
ANR	397	Function	gimp_tile_manager_get_type	116:0:4045:4271							
ANR	398	FunctionDef	gimp_tile_manager_get_type ()		397	0					
ANR	399	CompoundStatement		117:0:4080:4271	397	0					
ANR	400	Statement	static	118:2:4084:4089	397	0	True				
ANR	401	IdentifierDeclStatement	GType type = 0 ;	118:9:4091:4105	397	1	True				
ANR	402	IdentifierDecl	type = 0		397	0					
ANR	403	IdentifierDeclType	GType		397	0					
ANR	404	Identifier	type		397	1					
ANR	405	AssignmentExpression	type = 0		397	2		=			
ANR	406	Identifier	type		397	0					
ANR	407	PrimaryExpression	0		397	1					
ANR	408	IfStatement	if ( ! type )		397	2					
ANR	409	Condition	! type	119:6:4113:4117	397	0	True				
ANR	410	UnaryOperationExpression	! type		397	0					
ANR	411	UnaryOperator	!		397	0					
ANR	412	Identifier	type		397	1					
ANR	413	CompoundStatement		3:13:39:39	397	1					
ANR	414	ExpressionStatement	"type = g_boxed_type_register_static ( ""TileManager"" , ( ( GBoxedCopyFunc ) tile_manager_ref ) , ( ( GBoxedFreeFunc ) tile_manager_unref ) )"	120:4:4126:4250	397	0	True				
ANR	415	AssignmentExpression	"type = g_boxed_type_register_static ( ""TileManager"" , ( ( GBoxedCopyFunc ) tile_manager_ref ) , ( ( GBoxedFreeFunc ) tile_manager_unref ) )"		397	0		=			
ANR	416	Identifier	type		397	0					
ANR	417	CallExpression	"g_boxed_type_register_static ( ""TileManager"" , ( ( GBoxedCopyFunc ) tile_manager_ref ) , ( ( GBoxedFreeFunc ) tile_manager_unref ) )"		397	1					
ANR	418	Callee	g_boxed_type_register_static		397	0					
ANR	419	Identifier	g_boxed_type_register_static		397	0					
ANR	420	ArgumentList	"""TileManager"""		397	1					
ANR	421	Argument	"""TileManager"""		397	0					
ANR	422	PrimaryExpression	"""TileManager"""		397	0					
ANR	423	Argument	( GBoxedCopyFunc ) tile_manager_ref		397	1					
ANR	424	CastExpression	( GBoxedCopyFunc ) tile_manager_ref		397	0					
ANR	425	CastTarget	GBoxedCopyFunc		397	0					
ANR	426	Identifier	tile_manager_ref		397	1					
ANR	427	Argument	( GBoxedFreeFunc ) tile_manager_unref		397	2					
ANR	428	CastExpression	( GBoxedFreeFunc ) tile_manager_unref		397	0					
ANR	429	CastTarget	GBoxedFreeFunc		397	0					
ANR	430	Identifier	tile_manager_unref		397	1					
ANR	431	ReturnStatement	return type ;	122:2:4258:4269	397	3	True				
ANR	432	Identifier	type		397	0					
ANR	433	ReturnType	GType		397	1					
ANR	434	Identifier	gimp_tile_manager_get_type		397	2					
ANR	435	ParameterList			397	3					
ANR	436	CFGEntryNode	ENTRY		397		True				
ANR	437	CFGExitNode	EXIT		397		True				
ANR	438	Symbol	tile_manager_unref		397						
ANR	439	Symbol	tile_manager_ref		397						
ANR	440	Symbol	g_boxed_type_register_static		397						
ANR	441	Symbol	type		397						
ANR	442	Function	tile_manager_get_tile_num	127:0:4302:4550							
ANR	443	FunctionDef	"tile_manager_get_tile_num (TileManager * tm , gint xpixel , gint ypixel)"		442	0					
ANR	444	CompoundStatement		128:0:4388:4550	442	0					
ANR	445	IfStatement	if ( xpixel < 0 || xpixel >= tm -> width || ypixel < 0 || ypixel >= tm -> height )		442	0					
ANR	446	Condition	xpixel < 0 || xpixel >= tm -> width || ypixel < 0 || ypixel >= tm -> height	129:6:4396:4470	442	0	True				
ANR	447	OrExpression	xpixel < 0 || xpixel >= tm -> width || ypixel < 0 || ypixel >= tm -> height		442	0		||			
ANR	448	RelationalExpression	xpixel < 0		442	0		<			
ANR	449	Identifier	xpixel		442	0					
ANR	450	PrimaryExpression	0		442	1					
ANR	451	OrExpression	xpixel >= tm -> width || ypixel < 0 || ypixel >= tm -> height		442	1		||			
ANR	452	RelationalExpression	xpixel >= tm -> width		442	0		>=			
ANR	453	Identifier	xpixel		442	0					
ANR	454	PtrMemberAccess	tm -> width		442	1					
ANR	455	Identifier	tm		442	0					
ANR	456	Identifier	width		442	1					
ANR	457	OrExpression	ypixel < 0 || ypixel >= tm -> height		442	1		||			
ANR	458	RelationalExpression	ypixel < 0		442	0		<			
ANR	459	Identifier	ypixel		442	0					
ANR	460	PrimaryExpression	0		442	1					
ANR	461	RelationalExpression	ypixel >= tm -> height		442	1		>=			
ANR	462	Identifier	ypixel		442	0					
ANR	463	PtrMemberAccess	tm -> height		442	1					
ANR	464	Identifier	tm		442	0					
ANR	465	Identifier	height		442	1					
ANR	466	CompoundStatement		2:83:84:84	442	1					
ANR	467	ReturnStatement	return - 1 ;	130:4:4479:4489	442	0	True				
ANR	468	UnaryOperationExpression	- 1		442	0					
ANR	469	UnaryOperator	-		442	0					
ANR	470	PrimaryExpression	1		442	1					
ANR	471	ReturnStatement	return ypixel / 64 * tm -> ntile_cols + xpixel / 64 ;	132:2:4497:4548	442	1	True				
ANR	472	AdditiveExpression	ypixel / 64 * tm -> ntile_cols + xpixel / 64		442	0		+			
ANR	473	MultiplicativeExpression	ypixel / 64 * tm -> ntile_cols		442	0		/			
ANR	474	Identifier	ypixel		442	0					
ANR	475	MultiplicativeExpression	64 * tm -> ntile_cols		442	1		*			
ANR	476	PrimaryExpression	64		442	0					
ANR	477	PtrMemberAccess	tm -> ntile_cols		442	1					
ANR	478	Identifier	tm		442	0					
ANR	479	Identifier	ntile_cols		442	1					
ANR	480	MultiplicativeExpression	xpixel / 64		442	1		/			
ANR	481	Identifier	xpixel		442	0					
ANR	482	PrimaryExpression	64		442	1					
ANR	483	ReturnType	inline static gint		442	1					
ANR	484	Identifier	tile_manager_get_tile_num		442	2					
ANR	485	ParameterList	"TileManager * tm , gint xpixel , gint ypixel"		442	3					
ANR	486	Parameter	TileManager * tm	127:45:4347:4361	442	0	True				
ANR	487	ParameterType	TileManager *		442	0					
ANR	488	Identifier	tm		442	1					
ANR	489	Parameter	gint xpixel	127:61:4363:4373	442	1	True				
ANR	490	ParameterType	gint		442	0					
ANR	491	Identifier	xpixel		442	1					
ANR	492	Parameter	gint ypixel	127:73:4375:4385	442	2	True				
ANR	493	ParameterType	gint		442	0					
ANR	494	Identifier	ypixel		442	1					
ANR	495	CFGEntryNode	ENTRY		442		True				
ANR	496	CFGExitNode	EXIT		442		True				
ANR	497	Symbol	tm -> height		442						
ANR	498	Symbol	tm		442						
ANR	499	Symbol	tm -> width		442						
ANR	500	Symbol	ypixel		442						
ANR	501	Symbol	* tm		442						
ANR	502	Symbol	tm -> ntile_cols		442						
ANR	503	Symbol	xpixel		442						
ANR	504	Function	tile_manager_new	135:0:4553:5343							
ANR	505	FunctionDef	"tile_manager_new (gint width , gint height , gint bpp)"		504	0					
ANR	506	CompoundStatement		136:0:4616:5343	504	0					
ANR	507	IdentifierDeclStatement	TileManager * tm ;	137:2:4620:4635	504	0	True				
ANR	508	IdentifierDecl	* tm		504	0					
ANR	509	IdentifierDeclType	TileManager *		504	0					
ANR	510	Identifier	tm		504	1					
ANR	511	DoStatement	do		504	1					
ANR	512	CompoundStatement		3:5:25:25	504	0					
ANR	513	IfStatement	if ( width > 0 && height > 0 )		504	0					
ANR	514	Condition	width > 0 && height > 0	139:8:4652:4674	504	0	True				
ANR	515	AndExpression	width > 0 && height > 0		504	0		&&			
ANR	516	RelationalExpression	width > 0		504	0		>			
ANR	517	Identifier	width		504	0					
ANR	518	PrimaryExpression	0		504	1					
ANR	519	RelationalExpression	height > 0		504	1		>			
ANR	520	Identifier	height		504	0					
ANR	521	PrimaryExpression	0		504	1					
ANR	522	CompoundStatement		4:33:60:60	504	1					
ANR	523	ElseStatement	else		504	0					
ANR	524	CompoundStatement		6:9:77:77	504	0					
ANR	525	ExpressionStatement	"g_return_if_fail_warning ( ""Gimp-Base"" , __PRETTY_FUNCTION__ , ""width > 0 && height > 0"" )"	142:6:4702:4785	504	0	True				
ANR	526	CallExpression	"g_return_if_fail_warning ( ""Gimp-Base"" , __PRETTY_FUNCTION__ , ""width > 0 && height > 0"" )"		504	0					
ANR	527	Callee	g_return_if_fail_warning		504	0					
ANR	528	Identifier	g_return_if_fail_warning		504	0					
ANR	529	ArgumentList	"""Gimp-Base"""		504	1					
ANR	530	Argument	"""Gimp-Base"""		504	0					
ANR	531	PrimaryExpression	"""Gimp-Base"""		504	0					
ANR	532	Argument	__PRETTY_FUNCTION__		504	1					
ANR	533	Identifier	__PRETTY_FUNCTION__		504	0					
ANR	534	Argument	"""width > 0 && height > 0"""		504	2					
ANR	535	PrimaryExpression	"""width > 0 && height > 0"""		504	0					
ANR	536	ReturnStatement	return ( ( void * ) 0 ) ;	143:6:4793:4811	504	1	True				
ANR	537	CastExpression	( void * ) 0		504	0					
ANR	538	CastTarget	void *		504	0					
ANR	539	PrimaryExpression	0		504	1					
ANR	540	ExpressionStatement		145:4:4823:4823	504	1	True				
ANR	541	Condition	0	146:10:4835:4835	504	1	True				
ANR	542	PrimaryExpression	0		504	0					
ANR	543	DoStatement	do		504	2					
ANR	544	CompoundStatement		12:5:227:227	504	0					
ANR	545	IfStatement	if ( bpp > 0 && bpp <= 4 )		504	0					
ANR	546	Condition	bpp > 0 && bpp <= 4	148:8:4854:4872	504	0	True				
ANR	547	AndExpression	bpp > 0 && bpp <= 4		504	0		&&			
ANR	548	RelationalExpression	bpp > 0		504	0		>			
ANR	549	Identifier	bpp		504	0					
ANR	550	PrimaryExpression	0		504	1					
ANR	551	RelationalExpression	bpp <= 4		504	1		<=			
ANR	552	Identifier	bpp		504	0					
ANR	553	PrimaryExpression	4		504	1					
ANR	554	CompoundStatement		13:29:258:258	504	1					
ANR	555	ElseStatement	else		504	0					
ANR	556	CompoundStatement		15:9:275:275	504	0					
ANR	557	ExpressionStatement	"g_return_if_fail_warning ( ""Gimp-Base"" , __PRETTY_FUNCTION__ , ""bpp > 0 && bpp <= 4"" )"	151:6:4900:4979	504	0	True				
ANR	558	CallExpression	"g_return_if_fail_warning ( ""Gimp-Base"" , __PRETTY_FUNCTION__ , ""bpp > 0 && bpp <= 4"" )"		504	0					
ANR	559	Callee	g_return_if_fail_warning		504	0					
ANR	560	Identifier	g_return_if_fail_warning		504	0					
ANR	561	ArgumentList	"""Gimp-Base"""		504	1					
ANR	562	Argument	"""Gimp-Base"""		504	0					
ANR	563	PrimaryExpression	"""Gimp-Base"""		504	0					
ANR	564	Argument	__PRETTY_FUNCTION__		504	1					
ANR	565	Identifier	__PRETTY_FUNCTION__		504	0					
ANR	566	Argument	"""bpp > 0 && bpp <= 4"""		504	2					
ANR	567	PrimaryExpression	"""bpp > 0 && bpp <= 4"""		504	0					
ANR	568	ReturnStatement	return ( ( void * ) 0 ) ;	152:6:4987:5005	504	1	True				
ANR	569	CastExpression	( void * ) 0		504	0					
ANR	570	CastTarget	void *		504	0					
ANR	571	PrimaryExpression	0		504	1					
ANR	572	ExpressionStatement		154:4:5017:5017	504	1	True				
ANR	573	Condition	0	155:10:5029:5029	504	1	True				
ANR	574	PrimaryExpression	0		504	0					
ANR	575	ExpressionStatement	tm = ( ( TileManager * ) ( g_slice_alloc0 ( sizeof ( TileManager ) ) ) )	156:2:5035:5095	504	3	True				
ANR	576	AssignmentExpression	tm = ( ( TileManager * ) ( g_slice_alloc0 ( sizeof ( TileManager ) ) ) )		504	0		=			
ANR	577	Identifier	tm		504	0					
ANR	578	CastExpression	( TileManager * ) ( g_slice_alloc0 ( sizeof ( TileManager ) ) )		504	1					
ANR	579	CastTarget	TileManager *		504	0					
ANR	580	CallExpression	g_slice_alloc0 ( sizeof ( TileManager ) )		504	1					
ANR	581	Callee	g_slice_alloc0		504	0					
ANR	582	Identifier	g_slice_alloc0		504	0					
ANR	583	ArgumentList	sizeof ( TileManager )		504	1					
ANR	584	Argument	sizeof ( TileManager )		504	0					
ANR	585	SizeofExpression	sizeof ( TileManager )		504	0					
ANR	586	Sizeof	sizeof		504	0					
ANR	587	SizeofOperand	TileManager		504	1					
ANR	588	ExpressionStatement	tm -> ref_count = 1	157:2:5099:5118	504	4	True				
ANR	589	AssignmentExpression	tm -> ref_count = 1		504	0		=			
ANR	590	PtrMemberAccess	tm -> ref_count		504	0					
ANR	591	Identifier	tm		504	0					
ANR	592	Identifier	ref_count		504	1					
ANR	593	PrimaryExpression	1		504	1					
ANR	594	ExpressionStatement	tm -> width = width	158:2:5122:5141	504	5	True				
ANR	595	AssignmentExpression	tm -> width = width		504	0		=			
ANR	596	PtrMemberAccess	tm -> width		504	0					
ANR	597	Identifier	tm		504	0					
ANR	598	Identifier	width		504	1					
ANR	599	Identifier	width		504	1					
ANR	600	ExpressionStatement	tm -> height = height	159:2:5145:5166	504	6	True				
ANR	601	AssignmentExpression	tm -> height = height		504	0		=			
ANR	602	PtrMemberAccess	tm -> height		504	0					
ANR	603	Identifier	tm		504	0					
ANR	604	Identifier	height		504	1					
ANR	605	Identifier	height		504	1					
ANR	606	ExpressionStatement	tm -> bpp = bpp	160:2:5170:5185	504	7	True				
ANR	607	AssignmentExpression	tm -> bpp = bpp		504	0		=			
ANR	608	PtrMemberAccess	tm -> bpp		504	0					
ANR	609	Identifier	tm		504	0					
ANR	610	Identifier	bpp		504	1					
ANR	611	Identifier	bpp		504	1					
ANR	612	ExpressionStatement	tm -> ntile_rows = ( height + 64 - 1 ) / 64	161:2:5189:5230	504	8	True				
ANR	613	AssignmentExpression	tm -> ntile_rows = ( height + 64 - 1 ) / 64		504	0		=			
ANR	614	PtrMemberAccess	tm -> ntile_rows		504	0					
ANR	615	Identifier	tm		504	0					
ANR	616	Identifier	ntile_rows		504	1					
ANR	617	MultiplicativeExpression	( height + 64 - 1 ) / 64		504	1		/			
ANR	618	AdditiveExpression	height + 64 - 1		504	0		+			
ANR	619	Identifier	height		504	0					
ANR	620	AdditiveExpression	64 - 1		504	1		-			
ANR	621	PrimaryExpression	64		504	0					
ANR	622	PrimaryExpression	1		504	1					
ANR	623	PrimaryExpression	64		504	1					
ANR	624	ExpressionStatement	tm -> ntile_cols = ( width + 64 - 1 ) / 64	162:2:5234:5274	504	9	True				
ANR	625	AssignmentExpression	tm -> ntile_cols = ( width + 64 - 1 ) / 64		504	0		=			
ANR	626	PtrMemberAccess	tm -> ntile_cols		504	0					
ANR	627	Identifier	tm		504	0					
ANR	628	Identifier	ntile_cols		504	1					
ANR	629	MultiplicativeExpression	( width + 64 - 1 ) / 64		504	1		/			
ANR	630	AdditiveExpression	width + 64 - 1		504	0		+			
ANR	631	Identifier	width		504	0					
ANR	632	AdditiveExpression	64 - 1		504	1		-			
ANR	633	PrimaryExpression	64		504	0					
ANR	634	PrimaryExpression	1		504	1					
ANR	635	PrimaryExpression	64		504	1					
ANR	636	ExpressionStatement	tm -> cached_num = - 1	163:2:5278:5300	504	10	True				
ANR	637	AssignmentExpression	tm -> cached_num = - 1		504	0		=			
ANR	638	PtrMemberAccess	tm -> cached_num		504	0					
ANR	639	Identifier	tm		504	0					
ANR	640	Identifier	cached_num		504	1					
ANR	641	UnaryOperationExpression	- 1		504	1					
ANR	642	UnaryOperator	-		504	0					
ANR	643	PrimaryExpression	1		504	1					
ANR	644	ReturnStatement	return tm ;	166:2:5332:5341	504	11	True				
ANR	645	Identifier	tm		504	0					
ANR	646	ReturnType	TileManager *		504	1					
ANR	647	Identifier	tile_manager_new		504	2					
ANR	648	ParameterList	"gint width , gint height , gint bpp"		504	3					
ANR	649	Parameter	gint width	135:30:4583:4592	504	0	True				
ANR	650	ParameterType	gint		504	0					
ANR	651	Identifier	width		504	1					
ANR	652	Parameter	gint height	135:41:4594:4604	504	1	True				
ANR	653	ParameterType	gint		504	0					
ANR	654	Identifier	height		504	1					
ANR	655	Parameter	gint bpp	135:53:4606:4613	504	2	True				
ANR	656	ParameterType	gint		504	0					
ANR	657	Identifier	bpp		504	1					
ANR	658	CFGEntryNode	ENTRY		504		True				
ANR	659	CFGExitNode	EXIT		504		True				
ANR	660	Symbol	__PRETTY_FUNCTION__		504						
ANR	661	Symbol	bpp		504						
ANR	662	Symbol	tm -> cached_num		504						
ANR	663	Symbol	g_slice_alloc0		504						
ANR	664	Symbol	tm -> ntile_cols		504						
ANR	665	Symbol	tm -> ref_count		504						
ANR	666	Symbol	tm -> height		504						
ANR	667	Symbol	tm -> bpp		504						
ANR	668	Symbol	width		504						
ANR	669	Symbol	tm		504						
ANR	670	Symbol	tm -> width		504						
ANR	671	Symbol	* tm		504						
ANR	672	Symbol	tm -> ntile_rows		504						
ANR	673	Symbol	height		504						
ANR	674	Function	tile_manager_ref	169:0:5346:5612							
ANR	675	FunctionDef	tile_manager_ref (TileManager * tm)		674	0					
ANR	676	CompoundStatement		170:0:5393:5612	674	0					
ANR	677	DoStatement	do		674	0					
ANR	678	CompoundStatement		2:5:6:6	674	0					
ANR	679	IfStatement	if ( tm != ( ( void * ) 0 ) )		674	0					
ANR	680	Condition	tm != ( ( void * ) 0 )	172:8:5410:5426	674	0	True				
ANR	681	EqualityExpression	tm != ( ( void * ) 0 )		674	0		!=			
ANR	682	Identifier	tm		674	0					
ANR	683	CastExpression	( void * ) 0		674	1					
ANR	684	CastTarget	void *		674	0					
ANR	685	PrimaryExpression	0		674	1					
ANR	686	CompoundStatement		3:27:35:35	674	1					
ANR	687	ElseStatement	else		674	0					
ANR	688	CompoundStatement		5:9:52:52	674	0					
ANR	689	ExpressionStatement	"g_return_if_fail_warning ( ""Gimp-Base"" , __PRETTY_FUNCTION__ , ""tm != NULL"" )"	175:6:5454:5524	674	0	True				
ANR	690	CallExpression	"g_return_if_fail_warning ( ""Gimp-Base"" , __PRETTY_FUNCTION__ , ""tm != NULL"" )"		674	0					
ANR	691	Callee	g_return_if_fail_warning		674	0					
ANR	692	Identifier	g_return_if_fail_warning		674	0					
ANR	693	ArgumentList	"""Gimp-Base"""		674	1					
ANR	694	Argument	"""Gimp-Base"""		674	0					
ANR	695	PrimaryExpression	"""Gimp-Base"""		674	0					
ANR	696	Argument	__PRETTY_FUNCTION__		674	1					
ANR	697	Identifier	__PRETTY_FUNCTION__		674	0					
ANR	698	Argument	"""tm != NULL"""		674	2					
ANR	699	PrimaryExpression	"""tm != NULL"""		674	0					
ANR	700	ReturnStatement	return ( ( void * ) 0 ) ;	176:6:5532:5550	674	1	True				
ANR	701	CastExpression	( void * ) 0		674	0					
ANR	702	CastTarget	void *		674	0					
ANR	703	PrimaryExpression	0		674	1					
ANR	704	ExpressionStatement		178:4:5562:5562	674	1	True				
ANR	705	Condition	0	179:10:5574:5574	674	1	True				
ANR	706	PrimaryExpression	0		674	0					
ANR	707	ExpressionStatement	tm -> ref_count ++	180:2:5580:5597	674	1	True				
ANR	708	PostIncDecOperationExpression	tm -> ref_count ++		674	0					
ANR	709	PtrMemberAccess	tm -> ref_count		674	0					
ANR	710	Identifier	tm		674	0					
ANR	711	Identifier	ref_count		674	1					
ANR	712	IncDec	++		674	1					
ANR	713	ReturnStatement	return tm ;	181:2:5601:5610	674	2	True				
ANR	714	Identifier	tm		674	0					
ANR	715	ReturnType	TileManager *		674	1					
ANR	716	Identifier	tile_manager_ref		674	2					
ANR	717	ParameterList	TileManager * tm		674	3					
ANR	718	Parameter	TileManager * tm	169:30:5376:5390	674	0	True				
ANR	719	ParameterType	TileManager *		674	0					
ANR	720	Identifier	tm		674	1					
ANR	721	CFGEntryNode	ENTRY		674		True				
ANR	722	CFGExitNode	EXIT		674		True				
ANR	723	Symbol	__PRETTY_FUNCTION__		674						
ANR	724	Symbol	tm		674						
ANR	725	Symbol	* tm		674						
ANR	726	Symbol	tm -> ref_count		674						
ANR	727	Function	tile_manager_unref	184:0:5615:6355							
ANR	728	FunctionDef	tile_manager_unref (TileManager * tm)		727	0					
ANR	729	CompoundStatement		185:0:5656:6355	727	0					
ANR	730	DoStatement	do		727	0					
ANR	731	CompoundStatement		2:5:6:6	727	0					
ANR	732	IfStatement	if ( tm != ( ( void * ) 0 ) )		727	0					
ANR	733	Condition	tm != ( ( void * ) 0 )	187:8:5673:5689	727	0	True				
ANR	734	EqualityExpression	tm != ( ( void * ) 0 )		727	0		!=			
ANR	735	Identifier	tm		727	0					
ANR	736	CastExpression	( void * ) 0		727	1					
ANR	737	CastTarget	void *		727	0					
ANR	738	PrimaryExpression	0		727	1					
ANR	739	CompoundStatement		3:27:35:35	727	1					
ANR	740	ElseStatement	else		727	0					
ANR	741	CompoundStatement		5:9:52:52	727	0					
ANR	742	ExpressionStatement	"g_return_if_fail_warning ( ""Gimp-Base"" , __PRETTY_FUNCTION__ , ""tm != NULL"" )"	190:6:5717:5787	727	0	True				
ANR	743	CallExpression	"g_return_if_fail_warning ( ""Gimp-Base"" , __PRETTY_FUNCTION__ , ""tm != NULL"" )"		727	0					
ANR	744	Callee	g_return_if_fail_warning		727	0					
ANR	745	Identifier	g_return_if_fail_warning		727	0					
ANR	746	ArgumentList	"""Gimp-Base"""		727	1					
ANR	747	Argument	"""Gimp-Base"""		727	0					
ANR	748	PrimaryExpression	"""Gimp-Base"""		727	0					
ANR	749	Argument	__PRETTY_FUNCTION__		727	1					
ANR	750	Identifier	__PRETTY_FUNCTION__		727	0					
ANR	751	Argument	"""tm != NULL"""		727	2					
ANR	752	PrimaryExpression	"""tm != NULL"""		727	0					
ANR	753	ReturnStatement	return ;	191:6:5795:5802	727	1	True				
ANR	754	ExpressionStatement		193:4:5814:5814	727	1	True				
ANR	755	Condition	0	194:10:5826:5826	727	1	True				
ANR	756	PrimaryExpression	0		727	0					
ANR	757	ExpressionStatement	tm -> ref_count --	195:2:5832:5849	727	1	True				
ANR	758	PostIncDecOperationExpression	tm -> ref_count --		727	0					
ANR	759	PtrMemberAccess	tm -> ref_count		727	0					
ANR	760	Identifier	tm		727	0					
ANR	761	Identifier	ref_count		727	1					
ANR	762	IncDec	--		727	1					
ANR	763	IfStatement	if ( tm -> ref_count < 1 )		727	2					
ANR	764	Condition	tm -> ref_count < 1	196:6:5857:5875	727	0	True				
ANR	765	RelationalExpression	tm -> ref_count < 1		727	0		<			
ANR	766	PtrMemberAccess	tm -> ref_count		727	0					
ANR	767	Identifier	tm		727	0					
ANR	768	Identifier	ref_count		727	1					
ANR	769	PrimaryExpression	1		727	1					
ANR	770	CompoundStatement		12:27:221:221	727	1					
ANR	771	IfStatement	if ( tm -> cached_tile )		727	0					
ANR	772	Condition	tm -> cached_tile	199:8:5916:5932	727	0	True				
ANR	773	PtrMemberAccess	tm -> cached_tile		727	0					
ANR	774	Identifier	tm		727	0					
ANR	775	Identifier	cached_tile		727	1					
ANR	776	CompoundStatement		15:27:278:278	727	1					
ANR	777	ExpressionStatement	"tile_release ( tm -> cached_tile , 0 )"	200:6:5943:5976	727	0	True				
ANR	778	CallExpression	"tile_release ( tm -> cached_tile , 0 )"		727	0					
ANR	779	Callee	tile_release		727	0					
ANR	780	Identifier	tile_release		727	0					
ANR	781	ArgumentList	tm -> cached_tile		727	1					
ANR	782	Argument	tm -> cached_tile		727	0					
ANR	783	PtrMemberAccess	tm -> cached_tile		727	0					
ANR	784	Identifier	tm		727	0					
ANR	785	Identifier	cached_tile		727	1					
ANR	786	Argument	0		727	1					
ANR	787	PrimaryExpression	0		727	0					
ANR	788	IfStatement	if ( tm -> tiles )		727	1					
ANR	789	Condition	tm -> tiles	202:8:5992:6002	727	0	True				
ANR	790	PtrMemberAccess	tm -> tiles		727	0					
ANR	791	Identifier	tm		727	0					
ANR	792	Identifier	tiles		727	1					
ANR	793	CompoundStatement		20:6:413:419	727	1					
ANR	794	IdentifierDeclStatement	gint ntiles = tm -> ntile_rows * tm -> ntile_cols ;	203:6:6013:6062	727	0	True				
ANR	795	IdentifierDecl	ntiles = tm -> ntile_rows * tm -> ntile_cols		727	0					
ANR	796	IdentifierDeclType	gint		727	0					
ANR	797	Identifier	ntiles		727	1					
ANR	798	AssignmentExpression	ntiles = tm -> ntile_rows * tm -> ntile_cols		727	2		=			
ANR	799	Identifier	ntiles		727	0					
ANR	800	MultiplicativeExpression	tm -> ntile_rows * tm -> ntile_cols		727	1		*			
ANR	801	PtrMemberAccess	tm -> ntile_rows		727	0					
ANR	802	Identifier	tm		727	0					
ANR	803	Identifier	ntile_rows		727	1					
ANR	804	PtrMemberAccess	tm -> ntile_cols		727	1					
ANR	805	Identifier	tm		727	0					
ANR	806	Identifier	ntile_cols		727	1					
ANR	807	IdentifierDeclStatement	gint i ;	204:6:6070:6076	727	1	True				
ANR	808	IdentifierDecl	i		727	0					
ANR	809	IdentifierDeclType	gint		727	0					
ANR	810	Identifier	i		727	1					
ANR	811	ForStatement	for ( i = 0 ; i < ntiles ; i ++ )		727	2					
ANR	812	ForInit	i = 0 ;	205:11:6089:6094	727	0	True				
ANR	813	AssignmentExpression	i = 0		727	0		=			
ANR	814	Identifier	i		727	0					
ANR	815	PrimaryExpression	0		727	1					
ANR	816	Condition	i < ntiles	205:18:6096:6105	727	1	True				
ANR	817	RelationalExpression	i < ntiles		727	0		<			
ANR	818	Identifier	i		727	0					
ANR	819	Identifier	ntiles		727	1					
ANR	820	PostIncDecOperationExpression	i ++	205:30:6108:6110	727	2	True				
ANR	821	Identifier	i		727	0					
ANR	822	IncDec	++		727	1					
ANR	823	ExpressionStatement	"tile_detach ( tm -> tiles [ i ] , tm , i )"	206:8:6122:6154	727	3	True				
ANR	824	CallExpression	"tile_detach ( tm -> tiles [ i ] , tm , i )"		727	0					
ANR	825	Callee	tile_detach		727	0					
ANR	826	Identifier	tile_detach		727	0					
ANR	827	ArgumentList	tm -> tiles [ i ]		727	1					
ANR	828	Argument	tm -> tiles [ i ]		727	0					
ANR	829	ArrayIndexing	tm -> tiles [ i ]		727	0					
ANR	830	PtrMemberAccess	tm -> tiles		727	0					
ANR	831	Identifier	tm		727	0					
ANR	832	Identifier	tiles		727	1					
ANR	833	Identifier	i		727	1					
ANR	834	Argument	tm		727	1					
ANR	835	Identifier	tm		727	0					
ANR	836	Argument	i		727	2					
ANR	837	Identifier	i		727	0					
ANR	838	ExpressionStatement	g_free ( ( tm -> tiles ) )	207:6:6162:6183	727	3	True				
ANR	839	CallExpression	g_free ( ( tm -> tiles ) )		727	0					
ANR	840	Callee	g_free		727	0					
ANR	841	Identifier	g_free		727	0					
ANR	842	ArgumentList	tm -> tiles		727	1					
ANR	843	Argument	tm -> tiles		727	0					
ANR	844	PtrMemberAccess	tm -> tiles		727	0					
ANR	845	Identifier	tm		727	0					
ANR	846	Identifier	tiles		727	1					
ANR	847	DoStatement	do		727	2					
ANR	848	CompoundStatement		25:7:541:541	727	0					
ANR	849	IfStatement	if ( 1 )		727	0					
ANR	850	Condition	1	210:10:6210:6210	727	0	True				
ANR	851	PrimaryExpression	1		727	0					
ANR	852	CompoundStatement		26:13:556:556	727	1					
ANR	853	ExpressionStatement	"g_slice_free1 ( sizeof ( TileManager ) , tm )"	211:8:6223:6261	727	0	True				
ANR	854	CallExpression	"g_slice_free1 ( sizeof ( TileManager ) , tm )"		727	0					
ANR	855	Callee	g_slice_free1		727	0					
ANR	856	Identifier	g_slice_free1		727	0					
ANR	857	ArgumentList	sizeof ( TileManager )		727	1					
ANR	858	Argument	sizeof ( TileManager )		727	0					
ANR	859	SizeofExpression	sizeof ( TileManager )		727	0					
ANR	860	Sizeof	sizeof		727	0					
ANR	861	SizeofOperand	TileManager		727	1					
ANR	862	Argument	tm		727	1					
ANR	863	Identifier	tm		727	0					
ANR	864	ElseStatement	else		727	0					
ANR	865	CompoundStatement		29:11:625:625	727	0					
ANR	866	ExpressionStatement	( void ) ( ( ( TileManager * ) 0 ) == tm )	214:8:6292:6325	727	0	True				
ANR	867	CastExpression	( void ) ( ( ( TileManager * ) 0 ) == tm )		727	0					
ANR	868	CastTarget	void		727	0					
ANR	869	EqualityExpression	( ( TileManager * ) 0 ) == tm		727	1		==			
ANR	870	CastExpression	( TileManager * ) 0		727	0					
ANR	871	CastTarget	TileManager *		727	0					
ANR	872	PrimaryExpression	0		727	1					
ANR	873	Identifier	tm		727	1					
ANR	874	Condition	0	216:12:6347:6347	727	1	True				
ANR	875	PrimaryExpression	0		727	0					
ANR	876	ReturnType	void		727	1					
ANR	877	Identifier	tile_manager_unref		727	2					
ANR	878	ParameterList	TileManager * tm		727	3					
ANR	879	Parameter	TileManager * tm	184:24:5639:5653	727	0	True				
ANR	880	ParameterType	TileManager *		727	0					
ANR	881	Identifier	tm		727	1					
ANR	882	CFGEntryNode	ENTRY		727		True				
ANR	883	CFGExitNode	EXIT		727		True				
ANR	884	Symbol	__PRETTY_FUNCTION__		727						
ANR	885	Symbol	tm -> tiles		727						
ANR	886	Symbol	* * tm		727						
ANR	887	Symbol	i		727						
ANR	888	Symbol	* tm -> tiles		727						
ANR	889	Symbol	tm -> cached_tile		727						
ANR	890	Symbol	tm -> ntile_cols		727						
ANR	891	Symbol	tm -> ref_count		727						
ANR	892	Symbol	* i		727						
ANR	893	Symbol	tm		727						
ANR	894	Symbol	* tm		727						
ANR	895	Symbol	tm -> ntile_rows		727						
ANR	896	Symbol	ntiles		727						
ANR	897	Function	tile_manager_duplicate	220:0:6358:6962							
ANR	898	FunctionDef	tile_manager_duplicate (TileManager * tm)		897	0					
ANR	899	CompoundStatement		221:0:6411:6962	897	0					
ANR	900	IdentifierDeclStatement	TileManager * copy ;	222:2:6415:6432	897	0	True				
ANR	901	IdentifierDecl	* copy		897	0					
ANR	902	IdentifierDeclType	TileManager *		897	0					
ANR	903	Identifier	copy		897	1					
ANR	904	IdentifierDeclStatement	gint n_tiles ;	223:2:6436:6448	897	1	True				
ANR	905	IdentifierDecl	n_tiles		897	0					
ANR	906	IdentifierDeclType	gint		897	0					
ANR	907	Identifier	n_tiles		897	1					
ANR	908	IdentifierDeclStatement	gint i ;	224:2:6452:6458	897	2	True				
ANR	909	IdentifierDecl	i		897	0					
ANR	910	IdentifierDeclType	gint		897	0					
ANR	911	Identifier	i		897	1					
ANR	912	DoStatement	do		897	3					
ANR	913	CompoundStatement		5:5:53:53	897	0					
ANR	914	IfStatement	if ( tm != ( ( void * ) 0 ) )		897	0					
ANR	915	Condition	tm != ( ( void * ) 0 )	226:8:6475:6491	897	0	True				
ANR	916	EqualityExpression	tm != ( ( void * ) 0 )		897	0		!=			
ANR	917	Identifier	tm		897	0					
ANR	918	CastExpression	( void * ) 0		897	1					
ANR	919	CastTarget	void *		897	0					
ANR	920	PrimaryExpression	0		897	1					
ANR	921	CompoundStatement		6:27:82:82	897	1					
ANR	922	ElseStatement	else		897	0					
ANR	923	CompoundStatement		8:9:99:99	897	0					
ANR	924	ExpressionStatement	"g_return_if_fail_warning ( ""Gimp-Base"" , __PRETTY_FUNCTION__ , ""tm != NULL"" )"	229:6:6519:6589	897	0	True				
ANR	925	CallExpression	"g_return_if_fail_warning ( ""Gimp-Base"" , __PRETTY_FUNCTION__ , ""tm != NULL"" )"		897	0					
ANR	926	Callee	g_return_if_fail_warning		897	0					
ANR	927	Identifier	g_return_if_fail_warning		897	0					
ANR	928	ArgumentList	"""Gimp-Base"""		897	1					
ANR	929	Argument	"""Gimp-Base"""		897	0					
ANR	930	PrimaryExpression	"""Gimp-Base"""		897	0					
ANR	931	Argument	__PRETTY_FUNCTION__		897	1					
ANR	932	Identifier	__PRETTY_FUNCTION__		897	0					
ANR	933	Argument	"""tm != NULL"""		897	2					
ANR	934	PrimaryExpression	"""tm != NULL"""		897	0					
ANR	935	ReturnStatement	return ( ( void * ) 0 ) ;	230:6:6597:6615	897	1	True				
ANR	936	CastExpression	( void * ) 0		897	0					
ANR	937	CastTarget	void *		897	0					
ANR	938	PrimaryExpression	0		897	1					
ANR	939	ExpressionStatement		232:4:6627:6627	897	1	True				
ANR	940	Condition	0	233:10:6639:6639	897	1	True				
ANR	941	PrimaryExpression	0		897	0					
ANR	942	ExpressionStatement	"copy = tile_manager_new ( tm -> width , tm -> height , tm -> bpp )"	234:2:6645:6704	897	4	True				
ANR	943	AssignmentExpression	"copy = tile_manager_new ( tm -> width , tm -> height , tm -> bpp )"		897	0		=			
ANR	944	Identifier	copy		897	0					
ANR	945	CallExpression	"tile_manager_new ( tm -> width , tm -> height , tm -> bpp )"		897	1					
ANR	946	Callee	tile_manager_new		897	0					
ANR	947	Identifier	tile_manager_new		897	0					
ANR	948	ArgumentList	tm -> width		897	1					
ANR	949	Argument	tm -> width		897	0					
ANR	950	PtrMemberAccess	tm -> width		897	0					
ANR	951	Identifier	tm		897	0					
ANR	952	Identifier	width		897	1					
ANR	953	Argument	tm -> height		897	1					
ANR	954	PtrMemberAccess	tm -> height		897	0					
ANR	955	Identifier	tm		897	0					
ANR	956	Identifier	height		897	1					
ANR	957	Argument	tm -> bpp		897	2					
ANR	958	PtrMemberAccess	tm -> bpp		897	0					
ANR	959	Identifier	tm		897	0					
ANR	960	Identifier	bpp		897	1					
ANR	961	ExpressionStatement	tile_manager_allocate_tiles ( copy )	235:2:6708:6741	897	5	True				
ANR	962	CallExpression	tile_manager_allocate_tiles ( copy )		897	0					
ANR	963	Callee	tile_manager_allocate_tiles		897	0					
ANR	964	Identifier	tile_manager_allocate_tiles		897	0					
ANR	965	ArgumentList	copy		897	1					
ANR	966	Argument	copy		897	0					
ANR	967	Identifier	copy		897	0					
ANR	968	ExpressionStatement	n_tiles = tm -> ntile_rows * tm -> ntile_cols	236:2:6745:6790	897	6	True				
ANR	969	AssignmentExpression	n_tiles = tm -> ntile_rows * tm -> ntile_cols		897	0		=			
ANR	970	Identifier	n_tiles		897	0					
ANR	971	MultiplicativeExpression	tm -> ntile_rows * tm -> ntile_cols		897	1		*			
ANR	972	PtrMemberAccess	tm -> ntile_rows		897	0					
ANR	973	Identifier	tm		897	0					
ANR	974	Identifier	ntile_rows		897	1					
ANR	975	PtrMemberAccess	tm -> ntile_cols		897	1					
ANR	976	Identifier	tm		897	0					
ANR	977	Identifier	ntile_cols		897	1					
ANR	978	ForStatement	for ( i = 0 ; i < n_tiles ; i ++ )		897	7					
ANR	979	ForInit	i = 0 ;	237:7:6799:6804	897	0	True				
ANR	980	AssignmentExpression	i = 0		897	0		=			
ANR	981	Identifier	i		897	0					
ANR	982	PrimaryExpression	0		897	1					
ANR	983	Condition	i < n_tiles	237:14:6806:6816	897	1	True				
ANR	984	RelationalExpression	i < n_tiles		897	0		<			
ANR	985	Identifier	i		897	0					
ANR	986	Identifier	n_tiles		897	1					
ANR	987	PostIncDecOperationExpression	i ++	237:27:6819:6821	897	2	True				
ANR	988	Identifier	i		897	0					
ANR	989	IncDec	++		897	1					
ANR	990	CompoundStatement		18:4:418:428	897	3					
ANR	991	IdentifierDeclStatement	Tile * tile ;	238:4:6830:6840	897	0	True				
ANR	992	IdentifierDecl	* tile		897	0					
ANR	993	IdentifierDeclType	Tile *		897	0					
ANR	994	Identifier	tile		897	1					
ANR	995	ExpressionStatement	"tile = tile_manager_get ( tm , i , ! 0 , 0 )"	239:4:6846:6880	897	1	True				
ANR	996	AssignmentExpression	"tile = tile_manager_get ( tm , i , ! 0 , 0 )"		897	0		=			
ANR	997	Identifier	tile		897	0					
ANR	998	CallExpression	"tile_manager_get ( tm , i , ! 0 , 0 )"		897	1					
ANR	999	Callee	tile_manager_get		897	0					
ANR	1000	Identifier	tile_manager_get		897	0					
ANR	1001	ArgumentList	tm		897	1					
ANR	1002	Argument	tm		897	0					
ANR	1003	Identifier	tm		897	0					
ANR	1004	Argument	i		897	1					
ANR	1005	Identifier	i		897	0					
ANR	1006	Argument	! 0		897	2					
ANR	1007	UnaryOperationExpression	! 0		897	0					
ANR	1008	UnaryOperator	!		897	0					
ANR	1009	PrimaryExpression	0		897	1					
ANR	1010	Argument	0		897	3					
ANR	1011	PrimaryExpression	0		897	0					
ANR	1012	ExpressionStatement	"tile_manager_map ( copy , i , tile )"	240:4:6886:6915	897	2	True				
ANR	1013	CallExpression	"tile_manager_map ( copy , i , tile )"		897	0					
ANR	1014	Callee	tile_manager_map		897	0					
ANR	1015	Identifier	tile_manager_map		897	0					
ANR	1016	ArgumentList	copy		897	1					
ANR	1017	Argument	copy		897	0					
ANR	1018	Identifier	copy		897	0					
ANR	1019	Argument	i		897	1					
ANR	1020	Identifier	i		897	0					
ANR	1021	Argument	tile		897	2					
ANR	1022	Identifier	tile		897	0					
ANR	1023	ExpressionStatement	"tile_release ( tile , 0 )"	241:4:6921:6941	897	3	True				
ANR	1024	CallExpression	"tile_release ( tile , 0 )"		897	0					
ANR	1025	Callee	tile_release		897	0					
ANR	1026	Identifier	tile_release		897	0					
ANR	1027	ArgumentList	tile		897	1					
ANR	1028	Argument	tile		897	0					
ANR	1029	Identifier	tile		897	0					
ANR	1030	Argument	0		897	1					
ANR	1031	PrimaryExpression	0		897	0					
ANR	1032	ReturnStatement	return copy ;	243:2:6949:6960	897	8	True				
ANR	1033	Identifier	copy		897	0					
ANR	1034	ReturnType	TileManager *		897	1					
ANR	1035	Identifier	tile_manager_duplicate		897	2					
ANR	1036	ParameterList	TileManager * tm		897	3					
ANR	1037	Parameter	TileManager * tm	220:36:6394:6408	897	0	True				
ANR	1038	ParameterType	TileManager *		897	0					
ANR	1039	Identifier	tm		897	1					
ANR	1040	CFGEntryNode	ENTRY		897		True				
ANR	1041	CFGExitNode	EXIT		897		True				
ANR	1042	Symbol	__PRETTY_FUNCTION__		897						
ANR	1043	Symbol	n_tiles		897						
ANR	1044	Symbol	i		897						
ANR	1045	Symbol	tm -> ntile_cols		897						
ANR	1046	Symbol	tile_manager_get		897						
ANR	1047	Symbol	tm -> height		897						
ANR	1048	Symbol	tm -> bpp		897						
ANR	1049	Symbol	tile		897						
ANR	1050	Symbol	tm		897						
ANR	1051	Symbol	tm -> width		897						
ANR	1052	Symbol	copy		897						
ANR	1053	Symbol	* tm		897						
ANR	1054	Symbol	tm -> ntile_rows		897						
ANR	1055	Symbol	tile_manager_new		897						
ANR	1056	Function	tile_manager_set_validate_proc	246:0:6965:7294							
ANR	1057	FunctionDef	"tile_manager_set_validate_proc (TileManager * tm , TileValidateProc proc , gpointer user_data)"		1056	0					
ANR	1058	CompoundStatement		247:0:7059:7294	1056	0					
ANR	1059	DoStatement	do		1056	0					
ANR	1060	CompoundStatement		2:5:6:6	1056	0					
ANR	1061	IfStatement	if ( tm != ( ( void * ) 0 ) )		1056	0					
ANR	1062	Condition	tm != ( ( void * ) 0 )	249:8:7076:7092	1056	0	True				
ANR	1063	EqualityExpression	tm != ( ( void * ) 0 )		1056	0		!=			
ANR	1064	Identifier	tm		1056	0					
ANR	1065	CastExpression	( void * ) 0		1056	1					
ANR	1066	CastTarget	void *		1056	0					
ANR	1067	PrimaryExpression	0		1056	1					
ANR	1068	CompoundStatement		3:27:35:35	1056	1					
ANR	1069	ElseStatement	else		1056	0					
ANR	1070	CompoundStatement		5:9:52:52	1056	0					
ANR	1071	ExpressionStatement	"g_return_if_fail_warning ( ""Gimp-Base"" , __PRETTY_FUNCTION__ , ""tm != NULL"" )"	252:6:7120:7190	1056	0	True				
ANR	1072	CallExpression	"g_return_if_fail_warning ( ""Gimp-Base"" , __PRETTY_FUNCTION__ , ""tm != NULL"" )"		1056	0					
ANR	1073	Callee	g_return_if_fail_warning		1056	0					
ANR	1074	Identifier	g_return_if_fail_warning		1056	0					
ANR	1075	ArgumentList	"""Gimp-Base"""		1056	1					
ANR	1076	Argument	"""Gimp-Base"""		1056	0					
ANR	1077	PrimaryExpression	"""Gimp-Base"""		1056	0					
ANR	1078	Argument	__PRETTY_FUNCTION__		1056	1					
ANR	1079	Identifier	__PRETTY_FUNCTION__		1056	0					
ANR	1080	Argument	"""tm != NULL"""		1056	2					
ANR	1081	PrimaryExpression	"""tm != NULL"""		1056	0					
ANR	1082	ReturnStatement	return ;	253:6:7198:7205	1056	1	True				
ANR	1083	ExpressionStatement		255:4:7217:7217	1056	1	True				
ANR	1084	Condition	0	256:10:7229:7229	1056	1	True				
ANR	1085	PrimaryExpression	0		1056	0					
ANR	1086	ExpressionStatement	tm -> validate_proc = proc	257:2:7235:7261	1056	1	True				
ANR	1087	AssignmentExpression	tm -> validate_proc = proc		1056	0		=			
ANR	1088	PtrMemberAccess	tm -> validate_proc		1056	0					
ANR	1089	Identifier	tm		1056	0					
ANR	1090	Identifier	validate_proc		1056	1					
ANR	1091	Identifier	proc		1056	1					
ANR	1092	ExpressionStatement	tm -> user_data = user_data	258:2:7265:7292	1056	2	True				
ANR	1093	AssignmentExpression	tm -> user_data = user_data		1056	0		=			
ANR	1094	PtrMemberAccess	tm -> user_data		1056	0					
ANR	1095	Identifier	tm		1056	0					
ANR	1096	Identifier	user_data		1056	1					
ANR	1097	Identifier	user_data		1056	1					
ANR	1098	ReturnType	void		1056	1					
ANR	1099	Identifier	tile_manager_set_validate_proc		1056	2					
ANR	1100	ParameterList	"TileManager * tm , TileValidateProc proc , gpointer user_data"		1056	3					
ANR	1101	Parameter	TileManager * tm	246:36:7001:7015	1056	0	True				
ANR	1102	ParameterType	TileManager *		1056	0					
ANR	1103	Identifier	tm		1056	1					
ANR	1104	Parameter	TileValidateProc proc	246:52:7017:7037	1056	1	True				
ANR	1105	ParameterType	TileValidateProc		1056	0					
ANR	1106	Identifier	proc		1056	1					
ANR	1107	Parameter	gpointer user_data	246:74:7039:7056	1056	2	True				
ANR	1108	ParameterType	gpointer		1056	0					
ANR	1109	Identifier	user_data		1056	1					
ANR	1110	CFGEntryNode	ENTRY		1056		True				
ANR	1111	CFGExitNode	EXIT		1056		True				
ANR	1112	Symbol	__PRETTY_FUNCTION__		1056						
ANR	1113	Symbol	tm -> validate_proc		1056						
ANR	1114	Symbol	proc		1056						
ANR	1115	Symbol	tm		1056						
ANR	1116	Symbol	tm -> user_data		1056						
ANR	1117	Symbol	user_data		1056						
ANR	1118	Symbol	* tm		1056						
ANR	1119	Function	tile_manager_get_tile	261:0:7297:7682							
ANR	1120	FunctionDef	"tile_manager_get_tile (TileManager * tm , gint xpixel , gint ypixel , gboolean wantread , gboolean wantwrite)"		1119	0					
ANR	1121	CompoundStatement		262:0:7403:7682	1119	0					
ANR	1122	DoStatement	do		1119	0					
ANR	1123	CompoundStatement		2:5:6:6	1119	0					
ANR	1124	IfStatement	if ( tm != ( ( void * ) 0 ) )		1119	0					
ANR	1125	Condition	tm != ( ( void * ) 0 )	264:8:7420:7436	1119	0	True				
ANR	1126	EqualityExpression	tm != ( ( void * ) 0 )		1119	0		!=			
ANR	1127	Identifier	tm		1119	0					
ANR	1128	CastExpression	( void * ) 0		1119	1					
ANR	1129	CastTarget	void *		1119	0					
ANR	1130	PrimaryExpression	0		1119	1					
ANR	1131	CompoundStatement		3:27:35:35	1119	1					
ANR	1132	ElseStatement	else		1119	0					
ANR	1133	CompoundStatement		5:9:52:52	1119	0					
ANR	1134	ExpressionStatement	"g_return_if_fail_warning ( ""Gimp-Base"" , __PRETTY_FUNCTION__ , ""tm != NULL"" )"	267:6:7464:7534	1119	0	True				
ANR	1135	CallExpression	"g_return_if_fail_warning ( ""Gimp-Base"" , __PRETTY_FUNCTION__ , ""tm != NULL"" )"		1119	0					
ANR	1136	Callee	g_return_if_fail_warning		1119	0					
ANR	1137	Identifier	g_return_if_fail_warning		1119	0					
ANR	1138	ArgumentList	"""Gimp-Base"""		1119	1					
ANR	1139	Argument	"""Gimp-Base"""		1119	0					
ANR	1140	PrimaryExpression	"""Gimp-Base"""		1119	0					
ANR	1141	Argument	__PRETTY_FUNCTION__		1119	1					
ANR	1142	Identifier	__PRETTY_FUNCTION__		1119	0					
ANR	1143	Argument	"""tm != NULL"""		1119	2					
ANR	1144	PrimaryExpression	"""tm != NULL"""		1119	0					
ANR	1145	ReturnStatement	return ( ( void * ) 0 ) ;	268:6:7542:7560	1119	1	True				
ANR	1146	CastExpression	( void * ) 0		1119	0					
ANR	1147	CastTarget	void *		1119	0					
ANR	1148	PrimaryExpression	0		1119	1					
ANR	1149	ExpressionStatement		270:4:7572:7572	1119	1	True				
ANR	1150	Condition	0	271:10:7584:7584	1119	1	True				
ANR	1151	PrimaryExpression	0		1119	0					
ANR	1152	ReturnStatement	"return tile_manager_get ( tm , tile_manager_get_tile_num ( tm , xpixel , ypixel ) , wantread , wantwrite ) ;"	272:2:7590:7680	1119	1	True				
ANR	1153	CallExpression	"tile_manager_get ( tm , tile_manager_get_tile_num ( tm , xpixel , ypixel ) , wantread , wantwrite )"		1119	0					
ANR	1154	Callee	tile_manager_get		1119	0					
ANR	1155	Identifier	tile_manager_get		1119	0					
ANR	1156	ArgumentList	tm		1119	1					
ANR	1157	Argument	tm		1119	0					
ANR	1158	Identifier	tm		1119	0					
ANR	1159	Argument	"tile_manager_get_tile_num ( tm , xpixel , ypixel )"		1119	1					
ANR	1160	CallExpression	"tile_manager_get_tile_num ( tm , xpixel , ypixel )"		1119	0					
ANR	1161	Callee	tile_manager_get_tile_num		1119	0					
ANR	1162	Identifier	tile_manager_get_tile_num		1119	0					
ANR	1163	ArgumentList	tm		1119	1					
ANR	1164	Argument	tm		1119	0					
ANR	1165	Identifier	tm		1119	0					
ANR	1166	Argument	xpixel		1119	1					
ANR	1167	Identifier	xpixel		1119	0					
ANR	1168	Argument	ypixel		1119	2					
ANR	1169	Identifier	ypixel		1119	0					
ANR	1170	Argument	wantread		1119	2					
ANR	1171	Identifier	wantread		1119	0					
ANR	1172	Argument	wantwrite		1119	3					
ANR	1173	Identifier	wantwrite		1119	0					
ANR	1174	ReturnType	Tile *		1119	1					
ANR	1175	Identifier	tile_manager_get_tile		1119	2					
ANR	1176	ParameterList	"TileManager * tm , gint xpixel , gint ypixel , gboolean wantread , gboolean wantwrite"		1119	3					
ANR	1177	Parameter	TileManager * tm	261:28:7325:7339	1119	0	True				
ANR	1178	ParameterType	TileManager *		1119	0					
ANR	1179	Identifier	tm		1119	1					
ANR	1180	Parameter	gint xpixel	261:44:7341:7351	1119	1	True				
ANR	1181	ParameterType	gint		1119	0					
ANR	1182	Identifier	xpixel		1119	1					
ANR	1183	Parameter	gint ypixel	261:56:7353:7363	1119	2	True				
ANR	1184	ParameterType	gint		1119	0					
ANR	1185	Identifier	ypixel		1119	1					
ANR	1186	Parameter	gboolean wantread	261:68:7365:7381	1119	3	True				
ANR	1187	ParameterType	gboolean		1119	0					
ANR	1188	Identifier	wantread		1119	1					
ANR	1189	Parameter	gboolean wantwrite	261:86:7383:7400	1119	4	True				
ANR	1190	ParameterType	gboolean		1119	0					
ANR	1191	Identifier	wantwrite		1119	1					
ANR	1192	CFGEntryNode	ENTRY		1119		True				
ANR	1193	CFGExitNode	EXIT		1119		True				
ANR	1194	Symbol	__PRETTY_FUNCTION__		1119						
ANR	1195	Symbol	tile_manager_get		1119						
ANR	1196	Symbol	wantread		1119						
ANR	1197	Symbol	tm		1119						
ANR	1198	Symbol	ypixel		1119						
ANR	1199	Symbol	wantwrite		1119						
ANR	1200	Symbol	tile_manager_get_tile_num		1119						
ANR	1201	Symbol	xpixel		1119						
ANR	1202	Function	tile_manager_get	275:0:7685:9831							
ANR	1203	FunctionDef	"tile_manager_get (TileManager * tm , gint tile_num , gboolean wantread , gboolean wantwrite)"		1202	0					
ANR	1204	CompoundStatement		276:0:7776:9831	1202	0					
ANR	1205	IdentifierDeclStatement	Tile * tile ;	277:2:7780:7790	1202	0	True				
ANR	1206	IdentifierDecl	* tile		1202	0					
ANR	1207	IdentifierDeclType	Tile *		1202	0					
ANR	1208	Identifier	tile		1202	1					
ANR	1209	IdentifierDeclStatement	gint ntiles ;	278:2:7794:7805	1202	1	True				
ANR	1210	IdentifierDecl	ntiles		1202	0					
ANR	1211	IdentifierDeclType	gint		1202	0					
ANR	1212	Identifier	ntiles		1202	1					
ANR	1213	DoStatement	do		1202	2					
ANR	1214	CompoundStatement		4:5:35:35	1202	0					
ANR	1215	IfStatement	if ( tm != ( ( void * ) 0 ) )		1202	0					
ANR	1216	Condition	tm != ( ( void * ) 0 )	280:8:7822:7838	1202	0	True				
ANR	1217	EqualityExpression	tm != ( ( void * ) 0 )		1202	0		!=			
ANR	1218	Identifier	tm		1202	0					
ANR	1219	CastExpression	( void * ) 0		1202	1					
ANR	1220	CastTarget	void *		1202	0					
ANR	1221	PrimaryExpression	0		1202	1					
ANR	1222	CompoundStatement		5:27:64:64	1202	1					
ANR	1223	ElseStatement	else		1202	0					
ANR	1224	CompoundStatement		7:9:81:81	1202	0					
ANR	1225	ExpressionStatement	"g_return_if_fail_warning ( ""Gimp-Base"" , __PRETTY_FUNCTION__ , ""tm != NULL"" )"	283:6:7866:7936	1202	0	True				
ANR	1226	CallExpression	"g_return_if_fail_warning ( ""Gimp-Base"" , __PRETTY_FUNCTION__ , ""tm != NULL"" )"		1202	0					
ANR	1227	Callee	g_return_if_fail_warning		1202	0					
ANR	1228	Identifier	g_return_if_fail_warning		1202	0					
ANR	1229	ArgumentList	"""Gimp-Base"""		1202	1					
ANR	1230	Argument	"""Gimp-Base"""		1202	0					
ANR	1231	PrimaryExpression	"""Gimp-Base"""		1202	0					
ANR	1232	Argument	__PRETTY_FUNCTION__		1202	1					
ANR	1233	Identifier	__PRETTY_FUNCTION__		1202	0					
ANR	1234	Argument	"""tm != NULL"""		1202	2					
ANR	1235	PrimaryExpression	"""tm != NULL"""		1202	0					
ANR	1236	ReturnStatement	return ( ( void * ) 0 ) ;	284:6:7944:7962	1202	1	True				
ANR	1237	CastExpression	( void * ) 0		1202	0					
ANR	1238	CastTarget	void *		1202	0					
ANR	1239	PrimaryExpression	0		1202	1					
ANR	1240	ExpressionStatement		286:4:7974:7974	1202	1	True				
ANR	1241	Condition	0	287:10:7986:7986	1202	1	True				
ANR	1242	PrimaryExpression	0		1202	0					
ANR	1243	ExpressionStatement	ntiles = tm -> ntile_rows * tm -> ntile_cols	288:2:7992:8036	1202	3	True				
ANR	1244	AssignmentExpression	ntiles = tm -> ntile_rows * tm -> ntile_cols		1202	0		=			
ANR	1245	Identifier	ntiles		1202	0					
ANR	1246	MultiplicativeExpression	tm -> ntile_rows * tm -> ntile_cols		1202	1		*			
ANR	1247	PtrMemberAccess	tm -> ntile_rows		1202	0					
ANR	1248	Identifier	tm		1202	0					
ANR	1249	Identifier	ntile_rows		1202	1					
ANR	1250	PtrMemberAccess	tm -> ntile_cols		1202	1					
ANR	1251	Identifier	tm		1202	0					
ANR	1252	Identifier	ntile_cols		1202	1					
ANR	1253	IfStatement	if ( tile_num < 0 || tile_num >= ntiles )		1202	4					
ANR	1254	Condition	tile_num < 0 || tile_num >= ntiles	289:6:8044:8077	1202	0	True				
ANR	1255	OrExpression	tile_num < 0 || tile_num >= ntiles		1202	0		||			
ANR	1256	RelationalExpression	tile_num < 0		1202	0		<			
ANR	1257	Identifier	tile_num		1202	0					
ANR	1258	PrimaryExpression	0		1202	1					
ANR	1259	RelationalExpression	tile_num >= ntiles		1202	1		>=			
ANR	1260	Identifier	tile_num		1202	0					
ANR	1261	Identifier	ntiles		1202	1					
ANR	1262	CompoundStatement		14:42:303:303	1202	1					
ANR	1263	ReturnStatement	return ( ( void * ) 0 ) ;	290:4:8086:8104	1202	0	True				
ANR	1264	CastExpression	( void * ) 0		1202	0					
ANR	1265	CastTarget	void *		1202	0					
ANR	1266	PrimaryExpression	0		1202	1					
ANR	1267	IfStatement	if ( ! tm -> tiles )		1202	5					
ANR	1268	Condition	! tm -> tiles	292:6:8116:8127	1202	0	True				
ANR	1269	UnaryOperationExpression	! tm -> tiles		1202	0					
ANR	1270	UnaryOperator	!		1202	0					
ANR	1271	PtrMemberAccess	tm -> tiles		1202	1					
ANR	1272	Identifier	tm		1202	0					
ANR	1273	Identifier	tiles		1202	1					
ANR	1274	CompoundStatement		17:20:353:353	1202	1					
ANR	1275	ExpressionStatement	tile_manager_allocate_tiles ( tm )	293:4:8136:8167	1202	0	True				
ANR	1276	CallExpression	tile_manager_allocate_tiles ( tm )		1202	0					
ANR	1277	Callee	tile_manager_allocate_tiles		1202	0					
ANR	1278	Identifier	tile_manager_allocate_tiles		1202	0					
ANR	1279	ArgumentList	tm		1202	1					
ANR	1280	Argument	tm		1202	0					
ANR	1281	Identifier	tm		1202	0					
ANR	1282	ExpressionStatement	tile = tm -> tiles [ tile_num ]	295:2:8175:8203	1202	6	True				
ANR	1283	AssignmentExpression	tile = tm -> tiles [ tile_num ]		1202	0		=			
ANR	1284	Identifier	tile		1202	0					
ANR	1285	ArrayIndexing	tm -> tiles [ tile_num ]		1202	1					
ANR	1286	PtrMemberAccess	tm -> tiles		1202	0					
ANR	1287	Identifier	tm		1202	0					
ANR	1288	Identifier	tiles		1202	1					
ANR	1289	Identifier	tile_num		1202	1					
ANR	1290	IfStatement	if ( wantwrite && ! wantread )		1202	7					
ANR	1291	Condition	wantwrite && ! wantread	296:6:8211:8232	1202	0	True				
ANR	1292	AndExpression	wantwrite && ! wantread		1202	0		&&			
ANR	1293	Identifier	wantwrite		1202	0					
ANR	1294	UnaryOperationExpression	! wantread		1202	1					
ANR	1295	UnaryOperator	!		1202	0					
ANR	1296	Identifier	wantread		1202	1					
ANR	1297	CompoundStatement		21:30:458:458	1202	1					
ANR	1298	ExpressionStatement	"g_log ( ""Gimp-Base"" , G_LOG_LEVEL_WARNING , ""WRITE-ONLY TILE... UNTESTED!"" )"	297:4:8241:8310	1202	0	True				
ANR	1299	CallExpression	"g_log ( ""Gimp-Base"" , G_LOG_LEVEL_WARNING , ""WRITE-ONLY TILE... UNTESTED!"" )"		1202	0					
ANR	1300	Callee	g_log		1202	0					
ANR	1301	Identifier	g_log		1202	0					
ANR	1302	ArgumentList	"""Gimp-Base"""		1202	1					
ANR	1303	Argument	"""Gimp-Base"""		1202	0					
ANR	1304	PrimaryExpression	"""Gimp-Base"""		1202	0					
ANR	1305	Argument	G_LOG_LEVEL_WARNING		1202	1					
ANR	1306	Identifier	G_LOG_LEVEL_WARNING		1202	0					
ANR	1307	Argument	"""WRITE-ONLY TILE... UNTESTED!"""		1202	2					
ANR	1308	PrimaryExpression	"""WRITE-ONLY TILE... UNTESTED!"""		1202	0					
ANR	1309	IfStatement	if ( wantread )		1202	8					
ANR	1310	Condition	wantread	301:6:8355:8362	1202	0	True				
ANR	1311	Identifier	wantread		1202	0					
ANR	1312	CompoundStatement		26:16:588:588	1202	1					
ANR	1313	IfStatement	if ( wantwrite )		1202	0					
ANR	1314	Condition	wantwrite	302:8:8375:8383	1202	0	True				
ANR	1315	Identifier	wantwrite		1202	0					
ANR	1316	CompoundStatement		27:19:609:609	1202	1					
ANR	1317	IfStatement	if ( tile_num == tm -> cached_num )		1202	0					
ANR	1318	Condition	tile_num == tm -> cached_num	303:10:8398:8425	1202	0	True				
ANR	1319	EqualityExpression	tile_num == tm -> cached_num		1202	0		==			
ANR	1320	Identifier	tile_num		1202	0					
ANR	1321	PtrMemberAccess	tm -> cached_num		1202	1					
ANR	1322	Identifier	tm		1202	0					
ANR	1323	Identifier	cached_num		1202	1					
ANR	1324	CompoundStatement		28:40:651:651	1202	1					
ANR	1325	ExpressionStatement	"tile_release ( tm -> cached_tile , 0 )"	304:8:8438:8471	1202	0	True				
ANR	1326	CallExpression	"tile_release ( tm -> cached_tile , 0 )"		1202	0					
ANR	1327	Callee	tile_release		1202	0					
ANR	1328	Identifier	tile_release		1202	0					
ANR	1329	ArgumentList	tm -> cached_tile		1202	1					
ANR	1330	Argument	tm -> cached_tile		1202	0					
ANR	1331	PtrMemberAccess	tm -> cached_tile		1202	0					
ANR	1332	Identifier	tm		1202	0					
ANR	1333	Identifier	cached_tile		1202	1					
ANR	1334	Argument	0		1202	1					
ANR	1335	PrimaryExpression	0		1202	0					
ANR	1336	ExpressionStatement	tm -> cached_tile = ( ( void * ) 0 )	305:8:8481:8512	1202	1	True				
ANR	1337	AssignmentExpression	tm -> cached_tile = ( ( void * ) 0 )		1202	0		=			
ANR	1338	PtrMemberAccess	tm -> cached_tile		1202	0					
ANR	1339	Identifier	tm		1202	0					
ANR	1340	Identifier	cached_tile		1202	1					
ANR	1341	CastExpression	( void * ) 0		1202	1					
ANR	1342	CastTarget	void *		1202	0					
ANR	1343	PrimaryExpression	0		1202	1					
ANR	1344	ExpressionStatement	tm -> cached_num = - 1	306:8:8522:8544	1202	2	True				
ANR	1345	AssignmentExpression	tm -> cached_num = - 1		1202	0		=			
ANR	1346	PtrMemberAccess	tm -> cached_num		1202	0					
ANR	1347	Identifier	tm		1202	0					
ANR	1348	Identifier	cached_num		1202	1					
ANR	1349	UnaryOperationExpression	- 1		1202	1					
ANR	1350	UnaryOperator	-		1202	0					
ANR	1351	PrimaryExpression	1		1202	1					
ANR	1352	IfStatement	if ( tile -> share_count > 1 )		1202	1					
ANR	1353	Condition	tile -> share_count > 1	308:10:8564:8586	1202	0	True				
ANR	1354	RelationalExpression	tile -> share_count > 1		1202	0		>			
ANR	1355	PtrMemberAccess	tile -> share_count		1202	0					
ANR	1356	Identifier	tile		1202	0					
ANR	1357	Identifier	share_count		1202	1					
ANR	1358	PrimaryExpression	1		1202	1					
ANR	1359	CompoundStatement		33:35:812:812	1202	1					
ANR	1360	Statement	Tile	310:8:8628:8631	1202	0	True				
ANR	1361	Statement	*	310:13:8633:8633	1202	1	True				
ANR	1362	Statement	new	310:14:8634:8636	1202	2	True				
ANR	1363	Statement	=	310:18:8638:8638	1202	3	True				
ANR	1364	ExpressionStatement	tile_new ( ( tile -> bpp ) )	310:20:8640:8663	1202	4	True				
ANR	1365	CallExpression	tile_new ( ( tile -> bpp ) )		1202	0					
ANR	1366	Callee	tile_new		1202	0					
ANR	1367	Identifier	tile_new		1202	0					
ANR	1368	ArgumentList	tile -> bpp		1202	1					
ANR	1369	Argument	tile -> bpp		1202	0					
ANR	1370	PtrMemberAccess	tile -> bpp		1202	0					
ANR	1371	Identifier	tile		1202	0					
ANR	1372	Identifier	bpp		1202	1					
ANR	1373	Statement	new	311:8:8673:8675	1202	5	True				
ANR	1374	Statement	->	311:12:8677:8678	1202	6	True				
ANR	1375	ExpressionStatement	ewidth = tile -> ewidth	311:15:8680:8703	1202	7	True				
ANR	1376	AssignmentExpression	ewidth = tile -> ewidth		1202	0		=			
ANR	1377	Identifier	ewidth		1202	0					
ANR	1378	PtrMemberAccess	tile -> ewidth		1202	1					
ANR	1379	Identifier	tile		1202	0					
ANR	1380	Identifier	ewidth		1202	1					
ANR	1381	Statement	new	312:8:8713:8715	1202	8	True				
ANR	1382	Statement	->	312:12:8717:8718	1202	9	True				
ANR	1383	ExpressionStatement	eheight = tile -> eheight	312:15:8720:8745	1202	10	True				
ANR	1384	AssignmentExpression	eheight = tile -> eheight		1202	0		=			
ANR	1385	Identifier	eheight		1202	0					
ANR	1386	PtrMemberAccess	tile -> eheight		1202	1					
ANR	1387	Identifier	tile		1202	0					
ANR	1388	Identifier	eheight		1202	1					
ANR	1389	Statement	new	313:8:8755:8757	1202	11	True				
ANR	1390	Statement	->	313:12:8759:8760	1202	12	True				
ANR	1391	ExpressionStatement	valid = ( tile -> valid )	313:15:8762:8785	1202	13	True				
ANR	1392	AssignmentExpression	valid = ( tile -> valid )		1202	0		=			
ANR	1393	Identifier	valid		1202	0					
ANR	1394	PtrMemberAccess	tile -> valid		1202	1					
ANR	1395	Identifier	tile		1202	0					
ANR	1396	Identifier	valid		1202	1					
ANR	1397	Statement	new	314:8:8795:8797	1202	14	True				
ANR	1398	Statement	->	314:12:8799:8800	1202	15	True				
ANR	1399	Statement	size	314:15:8802:8805	1202	16	True				
ANR	1400	Statement	=	314:20:8807:8807	1202	17	True				
ANR	1401	Statement	(	314:22:8809:8809	1202	18	True				
ANR	1402	Statement	new	314:23:8810:8812	1202	19	True				
ANR	1403	Statement	->	314:27:8814:8815	1202	20	True				
ANR	1404	Statement	ewidth	314:30:8817:8822	1202	21	True				
ANR	1405	Statement	)	314:36:8823:8823	1202	22	True				
ANR	1406	Statement	*	314:38:8825:8825	1202	23	True				
ANR	1407	Statement	(	314:40:8827:8827	1202	24	True				
ANR	1408	Statement	new	314:41:8828:8830	1202	25	True				
ANR	1409	Statement	->	314:45:8832:8833	1202	26	True				
ANR	1410	Statement	eheight	314:48:8835:8841	1202	27	True				
ANR	1411	Statement	)	314:55:8842:8842	1202	28	True				
ANR	1412	Statement	*	314:57:8844:8844	1202	29	True				
ANR	1413	Statement	(	314:59:8846:8846	1202	30	True				
ANR	1414	Statement	new	314:60:8847:8849	1202	31	True				
ANR	1415	Statement	->	314:64:8851:8852	1202	32	True				
ANR	1416	Statement	bpp	314:67:8854:8856	1202	33	True				
ANR	1417	Statement	)	314:70:8857:8857	1202	34	True				
ANR	1418	ExpressionStatement		314:71:8858:8858	1202	35	True				
ANR	1419	Statement	new	315:8:8868:8870	1202	36	True				
ANR	1420	Statement	->	315:12:8872:8873	1202	37	True				
ANR	1421	Statement	data	315:15:8875:8878	1202	38	True				
ANR	1422	Statement	=	315:20:8880:8880	1202	39	True				
ANR	1423	Statement	(	315:22:8882:8882	1202	40	True				
ANR	1424	Statement	(	315:23:8883:8883	1202	41	True				
ANR	1425	Statement	guchar	315:24:8884:8889	1202	42	True				
ANR	1426	Statement	*	315:31:8891:8891	1202	43	True				
ANR	1427	Statement	)	315:32:8892:8892	1202	44	True				
ANR	1428	Statement	(	315:33:8893:8893	1202	45	True				
ANR	1429	Statement	g_malloc_n	315:34:8894:8903	1202	46	True				
ANR	1430	Statement	(	315:44:8904:8904	1202	47	True				
ANR	1431	Statement	(	315:45:8905:8905	1202	48	True				
ANR	1432	Statement	new	315:46:8906:8908	1202	49	True				
ANR	1433	Statement	->	315:50:8910:8911	1202	50	True				
ANR	1434	Statement	size	315:53:8913:8916	1202	51	True				
ANR	1435	Statement	)	315:57:8917:8917	1202	52	True				
ANR	1436	Statement	","	315:58:8918:8918	1202	53	True				
ANR	1437	Statement	sizeof	315:59:8919:8924	1202	54	True				
ANR	1438	Statement	(	315:65:8925:8925	1202	55	True				
ANR	1439	Statement	guchar	315:66:8926:8931	1202	56	True				
ANR	1440	Statement	)	315:73:8933:8933	1202	57	True				
ANR	1441	Statement	)	315:74:8934:8934	1202	58	True				
ANR	1442	Statement	)	315:75:8935:8935	1202	59	True				
ANR	1443	Statement	)	315:76:8936:8936	1202	60	True				
ANR	1444	ExpressionStatement		315:77:8937:8937	1202	61	True				
ANR	1445	IfStatement	if ( tile -> rowhint )		1202	62					
ANR	1446	Condition	tile -> rowhint	318:12:8980:8994	1202	0	True				
ANR	1447	PtrMemberAccess	tile -> rowhint		1202	0					
ANR	1448	Identifier	tile		1202	0					
ANR	1449	Identifier	rowhint		1202	1					
ANR	1450	CompoundStatement		43:29:1220:1220	1202	1					
ANR	1451	Statement	tile_allocate_rowhints	319:10:9009:9030	1202	0	True				
ANR	1452	Statement	(	319:32:9031:9031	1202	1	True				
ANR	1453	Statement	new	319:33:9032:9034	1202	2	True				
ANR	1454	Statement	)	319:36:9035:9035	1202	3	True				
ANR	1455	ExpressionStatement		319:37:9036:9036	1202	4	True				
ANR	1456	Statement	memcpy	320:10:9048:9053	1202	5	True				
ANR	1457	Statement	(	320:16:9054:9054	1202	6	True				
ANR	1458	Statement	(	320:17:9055:9055	1202	7	True				
ANR	1459	Statement	new	320:18:9056:9058	1202	8	True				
ANR	1460	Statement	->	320:22:9060:9061	1202	9	True				
ANR	1461	Statement	rowhint	320:25:9063:9069	1202	10	True				
ANR	1462	Statement	)	320:32:9070:9070	1202	11	True				
ANR	1463	Statement	","	320:33:9071:9071	1202	12	True				
ANR	1464	Statement	(	320:34:9072:9072	1202	13	True				
ANR	1465	Statement	tile	320:35:9073:9076	1202	14	True				
ANR	1466	Statement	->	320:40:9078:9079	1202	15	True				
ANR	1467	Statement	rowhint	320:43:9081:9087	1202	16	True				
ANR	1468	Statement	)	320:50:9088:9088	1202	17	True				
ANR	1469	Statement	","	320:51:9089:9089	1202	18	True				
ANR	1470	Statement	(	320:52:9090:9090	1202	19	True				
ANR	1471	Statement	new	320:53:9091:9093	1202	20	True				
ANR	1472	Statement	->	320:57:9095:9096	1202	21	True				
ANR	1473	Statement	eheight	320:60:9098:9104	1202	22	True				
ANR	1474	Statement	)	320:67:9105:9105	1202	23	True				
ANR	1475	Statement	*	320:69:9107:9107	1202	24	True				
ANR	1476	Statement	sizeof	320:71:9109:9114	1202	25	True				
ANR	1477	Statement	(	320:77:9115:9115	1202	26	True				
ANR	1478	Statement	TileRowHint	320:78:9116:9126	1202	27	True				
ANR	1479	Statement	)	320:90:9128:9128	1202	28	True				
ANR	1480	Statement	)	320:91:9129:9129	1202	29	True				
ANR	1481	ExpressionStatement		320:92:9130:9130	1202	30	True				
ANR	1482	IfStatement	if ( tile -> data )		1202	63					
ANR	1483	Condition	tile -> data	322:12:9154:9165	1202	0	True				
ANR	1484	PtrMemberAccess	tile -> data		1202	0					
ANR	1485	Identifier	tile		1202	0					
ANR	1486	Identifier	data		1202	1					
ANR	1487	CompoundStatement		47:26:1391:1391	1202	1					
ANR	1488	Statement	memcpy	323:10:9180:9185	1202	0	True				
ANR	1489	Statement	(	323:16:9186:9186	1202	1	True				
ANR	1490	Statement	(	323:17:9187:9187	1202	2	True				
ANR	1491	Statement	new	323:18:9188:9190	1202	3	True				
ANR	1492	Statement	->	323:22:9192:9193	1202	4	True				
ANR	1493	Statement	data	323:25:9195:9198	1202	5	True				
ANR	1494	Statement	)	323:29:9199:9199	1202	6	True				
ANR	1495	Statement	","	323:30:9200:9200	1202	7	True				
ANR	1496	Statement	(	323:31:9201:9201	1202	8	True				
ANR	1497	Statement	tile	323:32:9202:9205	1202	9	True				
ANR	1498	Statement	->	323:37:9207:9208	1202	10	True				
ANR	1499	Statement	data	323:40:9210:9213	1202	11	True				
ANR	1500	Statement	)	323:44:9214:9214	1202	12	True				
ANR	1501	Statement	","	323:45:9215:9215	1202	13	True				
ANR	1502	Statement	(	323:46:9216:9216	1202	14	True				
ANR	1503	Statement	new	323:47:9217:9219	1202	15	True				
ANR	1504	Statement	->	323:51:9221:9222	1202	16	True				
ANR	1505	Statement	size	323:54:9224:9227	1202	17	True				
ANR	1506	Statement	)	323:58:9228:9228	1202	18	True				
ANR	1507	Statement	)	323:59:9229:9229	1202	19	True				
ANR	1508	ExpressionStatement		323:60:9230:9230	1202	20	True				
ANR	1509	ElseStatement	else		1202	0					
ANR	1510	CompoundStatement		50:13:1478:1478	1202	0					
ANR	1511	ExpressionStatement	tile_lock ( tile )	326:10:9267:9282	1202	0	True				
ANR	1512	CallExpression	tile_lock ( tile )		1202	0					
ANR	1513	Callee	tile_lock		1202	0					
ANR	1514	Identifier	tile_lock		1202	0					
ANR	1515	ArgumentList	tile		1202	1					
ANR	1516	Argument	tile		1202	0					
ANR	1517	Identifier	tile		1202	0					
ANR	1518	Statement	if	327:10:9294:9295	1202	1	True				
ANR	1519	Statement	(	327:13:9297:9297	1202	2	True				
ANR	1520	Statement	(	327:14:9298:9298	1202	3	True				
ANR	1521	Statement	size_t	327:15:9299:9304	1202	4	True				
ANR	1522	Statement	)	327:21:9305:9305	1202	5	True				
ANR	1523	Statement	(	327:22:9306:9306	1202	6	True				
ANR	1524	Statement	(	327:23:9307:9307	1202	7	True				
ANR	1525	Statement	new	327:24:9308:9310	1202	8	True				
ANR	1526	Statement	->	327:28:9312:9313	1202	9	True				
ANR	1527	Statement	size	327:31:9315:9318	1202	10	True				
ANR	1528	Statement	)	327:35:9319:9319	1202	11	True				
ANR	1529	Statement	)	327:36:9320:9320	1202	12	True				
ANR	1530	Statement	>	327:38:9322:9322	1202	13	True				
ANR	1531	Statement	4096U	327:40:9324:9328	1202	14	True				
ANR	1532	Statement	)	327:45:9329:9329	1202	15	True				
ANR	1533	CompoundStatement		52:47:1554:1554	1202	16					
ANR	1534	ReturnStatement	return 0 ;	328:14:9347:9355	1202	0	True				
ANR	1535	PrimaryExpression	0		1202	0					
ANR	1536	Statement	memcpy	330:10:9379:9384	1202	17	True				
ANR	1537	Statement	(	330:16:9385:9385	1202	18	True				
ANR	1538	Statement	(	330:17:9386:9386	1202	19	True				
ANR	1539	Statement	new	330:18:9387:9389	1202	20	True				
ANR	1540	Statement	->	330:22:9391:9392	1202	21	True				
ANR	1541	Statement	data	330:25:9394:9397	1202	22	True				
ANR	1542	Statement	)	330:29:9398:9398	1202	23	True				
ANR	1543	Statement	","	330:30:9399:9399	1202	24	True				
ANR	1544	Statement	(	330:31:9400:9400	1202	25	True				
ANR	1545	Statement	tile	330:32:9401:9404	1202	26	True				
ANR	1546	Statement	->	330:37:9406:9407	1202	27	True				
ANR	1547	Statement	data	330:40:9409:9412	1202	28	True				
ANR	1548	Statement	)	330:44:9413:9413	1202	29	True				
ANR	1549	Statement	","	330:45:9414:9414	1202	30	True				
ANR	1550	Statement	(	330:46:9415:9415	1202	31	True				
ANR	1551	Statement	new	330:47:9416:9418	1202	32	True				
ANR	1552	Statement	->	330:51:9420:9421	1202	33	True				
ANR	1553	Statement	size	330:54:9423:9426	1202	34	True				
ANR	1554	Statement	)	330:58:9427:9427	1202	35	True				
ANR	1555	Statement	)	330:59:9428:9428	1202	36	True				
ANR	1556	ExpressionStatement		330:60:9429:9429	1202	37	True				
ANR	1557	ExpressionStatement	"tile_release ( tile , 0 )"	331:10:9441:9461	1202	38	True				
ANR	1558	CallExpression	"tile_release ( tile , 0 )"		1202	0					
ANR	1559	Callee	tile_release		1202	0					
ANR	1560	Identifier	tile_release		1202	0					
ANR	1561	ArgumentList	tile		1202	1					
ANR	1562	Argument	tile		1202	0					
ANR	1563	Identifier	tile		1202	0					
ANR	1564	Argument	0		1202	1					
ANR	1565	PrimaryExpression	0		1202	0					
ANR	1566	ExpressionStatement	"tile_detach ( tile , tm , tile_num )"	333:8:9481:9510	1202	64	True				
ANR	1567	CallExpression	"tile_detach ( tile , tm , tile_num )"		1202	0					
ANR	1568	Callee	tile_detach		1202	0					
ANR	1569	Identifier	tile_detach		1202	0					
ANR	1570	ArgumentList	tile		1202	1					
ANR	1571	Argument	tile		1202	0					
ANR	1572	Identifier	tile		1202	0					
ANR	1573	Argument	tm		1202	1					
ANR	1574	Identifier	tm		1202	0					
ANR	1575	Argument	tile_num		1202	2					
ANR	1576	Identifier	tile_num		1202	0					
ANR	1577	Statement	tile_attach	334:8:9520:9530	1202	65	True				
ANR	1578	Statement	(	334:19:9531:9531	1202	66	True				
ANR	1579	Statement	new	334:20:9532:9534	1202	67	True				
ANR	1580	Statement	","	334:23:9535:9535	1202	68	True				
ANR	1581	Statement	tm	334:24:9536:9537	1202	69	True				
ANR	1582	Statement	","	334:26:9538:9538	1202	70	True				
ANR	1583	Statement	tile_num	334:27:9539:9546	1202	71	True				
ANR	1584	Statement	)	334:35:9547:9547	1202	72	True				
ANR	1585	ExpressionStatement		334:36:9548:9548	1202	73	True				
ANR	1586	Statement	tile	335:8:9558:9561	1202	74	True				
ANR	1587	Statement	=	335:13:9563:9563	1202	75	True				
ANR	1588	Statement	new	335:15:9565:9567	1202	76	True				
ANR	1589	ExpressionStatement		335:18:9568:9568	1202	77	True				
ANR	1590	ExpressionStatement	tm -> tiles [ tile_num ] = tile	336:8:9578:9606	1202	78	True				
ANR	1591	AssignmentExpression	tm -> tiles [ tile_num ] = tile		1202	0		=			
ANR	1592	ArrayIndexing	tm -> tiles [ tile_num ]		1202	0					
ANR	1593	PtrMemberAccess	tm -> tiles		1202	0					
ANR	1594	Identifier	tm		1202	0					
ANR	1595	Identifier	tiles		1202	1					
ANR	1596	Identifier	tile_num		1202	1					
ANR	1597	Identifier	tile		1202	1					
ANR	1598	ExpressionStatement	tile_lock ( tile )	339:6:9659:9674	1202	2	True				
ANR	1599	CallExpression	tile_lock ( tile )		1202	0					
ANR	1600	Callee	tile_lock		1202	0					
ANR	1601	Identifier	tile_lock		1202	0					
ANR	1602	ArgumentList	tile		1202	1					
ANR	1603	Argument	tile		1202	0					
ANR	1604	Identifier	tile		1202	0					
ANR	1605	ExpressionStatement	tile -> write_count ++	340:6:9682:9703	1202	3	True				
ANR	1606	PostIncDecOperationExpression	tile -> write_count ++		1202	0					
ANR	1607	PtrMemberAccess	tile -> write_count		1202	0					
ANR	1608	Identifier	tile		1202	0					
ANR	1609	Identifier	write_count		1202	1					
ANR	1610	IncDec	++		1202	1					
ANR	1611	ExpressionStatement	tile -> dirty = ( ! 0 )	341:6:9711:9731	1202	4	True				
ANR	1612	AssignmentExpression	tile -> dirty = ( ! 0 )		1202	0		=			
ANR	1613	PtrMemberAccess	tile -> dirty		1202	0					
ANR	1614	Identifier	tile		1202	0					
ANR	1615	Identifier	dirty		1202	1					
ANR	1616	UnaryOperationExpression	! 0		1202	1					
ANR	1617	UnaryOperator	!		1202	0					
ANR	1618	PrimaryExpression	0		1202	1					
ANR	1619	ElseStatement	else		1202	0					
ANR	1620	CompoundStatement		68:9:1971:1971	1202	0					
ANR	1621	ExpressionStatement	tile_lock ( tile )	346:6:9789:9804	1202	0	True				
ANR	1622	CallExpression	tile_lock ( tile )		1202	0					
ANR	1623	Callee	tile_lock		1202	0					
ANR	1624	Identifier	tile_lock		1202	0					
ANR	1625	ArgumentList	tile		1202	1					
ANR	1626	Argument	tile		1202	0					
ANR	1627	Identifier	tile		1202	0					
ANR	1628	ReturnStatement	return tile ;	349:2:9818:9829	1202	9	True				
ANR	1629	Identifier	tile		1202	0					
ANR	1630	ReturnType	Tile *		1202	1					
ANR	1631	Identifier	tile_manager_get		1202	2					
ANR	1632	ParameterList	"TileManager * tm , gint tile_num , gboolean wantread , gboolean wantwrite"		1202	3					
ANR	1633	Parameter	TileManager * tm	275:23:7708:7722	1202	0	True				
ANR	1634	ParameterType	TileManager *		1202	0					
ANR	1635	Identifier	tm		1202	1					
ANR	1636	Parameter	gint tile_num	275:39:7724:7736	1202	1	True				
ANR	1637	ParameterType	gint		1202	0					
ANR	1638	Identifier	tile_num		1202	1					
ANR	1639	Parameter	gboolean wantread	275:53:7738:7754	1202	2	True				
ANR	1640	ParameterType	gboolean		1202	0					
ANR	1641	Identifier	wantread		1202	1					
ANR	1642	Parameter	gboolean wantwrite	275:71:7756:7773	1202	3	True				
ANR	1643	ParameterType	gboolean		1202	0					
ANR	1644	Identifier	wantwrite		1202	1					
ANR	1645	CFGEntryNode	ENTRY		1202		True				
ANR	1646	CFGExitNode	EXIT		1202		True				
ANR	1647	Symbol	* tile		1202						
ANR	1648	Symbol	eheight		1202						
ANR	1649	Symbol	tile -> rowhint		1202						
ANR	1650	Symbol	* tm -> tiles		1202						
ANR	1651	Symbol	tile -> eheight		1202						
ANR	1652	Symbol	tm -> cached_num		1202						
ANR	1653	Symbol	tile_num		1202						
ANR	1654	Symbol	tile -> share_count		1202						
ANR	1655	Symbol	wantwrite		1202						
ANR	1656	Symbol	tm -> cached_tile		1202						
ANR	1657	Symbol	valid		1202						
ANR	1658	Symbol	wantread		1202						
ANR	1659	Symbol	ewidth		1202						
ANR	1660	Symbol	tile		1202						
ANR	1661	Symbol	G_LOG_LEVEL_WARNING		1202						
ANR	1662	Symbol	tile -> ewidth		1202						
ANR	1663	Symbol	ntiles		1202						
ANR	1664	Symbol	__PRETTY_FUNCTION__		1202						
ANR	1665	Symbol	tile -> valid		1202						
ANR	1666	Symbol	tile -> write_count		1202						
ANR	1667	Symbol	tile -> data		1202						
ANR	1668	Symbol	tile -> bpp		1202						
ANR	1669	Symbol	tm -> tiles		1202						
ANR	1670	Symbol	* * tm		1202						
ANR	1671	Symbol	tm -> ntile_cols		1202						
ANR	1672	Symbol	* tile_num		1202						
ANR	1673	Symbol	tile -> dirty		1202						
ANR	1674	Symbol	tm		1202						
ANR	1675	Symbol	* tm		1202						
ANR	1676	Symbol	tm -> ntile_rows		1202						
ANR	1677	Function	tile_manager_get_at	352:0:9834:10346							
ANR	1678	FunctionDef	"tile_manager_get_at (TileManager * tm , gint tile_col , gint tile_row , gboolean wantread , gboolean wantwrite)"		1677	0					
ANR	1679	CompoundStatement		353:0:9942:10346	1677	0					
ANR	1680	DoStatement	do		1677	0					
ANR	1681	CompoundStatement		2:5:6:6	1677	0					
ANR	1682	IfStatement	if ( tm != ( ( void * ) 0 ) )		1677	0					
ANR	1683	Condition	tm != ( ( void * ) 0 )	355:8:9959:9975	1677	0	True				
ANR	1684	EqualityExpression	tm != ( ( void * ) 0 )		1677	0		!=			
ANR	1685	Identifier	tm		1677	0					
ANR	1686	CastExpression	( void * ) 0		1677	1					
ANR	1687	CastTarget	void *		1677	0					
ANR	1688	PrimaryExpression	0		1677	1					
ANR	1689	CompoundStatement		3:27:35:35	1677	1					
ANR	1690	ElseStatement	else		1677	0					
ANR	1691	CompoundStatement		5:9:52:52	1677	0					
ANR	1692	ExpressionStatement	"g_return_if_fail_warning ( ""Gimp-Base"" , __PRETTY_FUNCTION__ , ""tm != NULL"" )"	358:6:10003:10073	1677	0	True				
ANR	1693	CallExpression	"g_return_if_fail_warning ( ""Gimp-Base"" , __PRETTY_FUNCTION__ , ""tm != NULL"" )"		1677	0					
ANR	1694	Callee	g_return_if_fail_warning		1677	0					
ANR	1695	Identifier	g_return_if_fail_warning		1677	0					
ANR	1696	ArgumentList	"""Gimp-Base"""		1677	1					
ANR	1697	Argument	"""Gimp-Base"""		1677	0					
ANR	1698	PrimaryExpression	"""Gimp-Base"""		1677	0					
ANR	1699	Argument	__PRETTY_FUNCTION__		1677	1					
ANR	1700	Identifier	__PRETTY_FUNCTION__		1677	0					
ANR	1701	Argument	"""tm != NULL"""		1677	2					
ANR	1702	PrimaryExpression	"""tm != NULL"""		1677	0					
ANR	1703	ReturnStatement	return ( ( void * ) 0 ) ;	359:6:10081:10099	1677	1	True				
ANR	1704	CastExpression	( void * ) 0		1677	0					
ANR	1705	CastTarget	void *		1677	0					
ANR	1706	PrimaryExpression	0		1677	1					
ANR	1707	ExpressionStatement		361:4:10111:10111	1677	1	True				
ANR	1708	Condition	0	362:10:10123:10123	1677	1	True				
ANR	1709	PrimaryExpression	0		1677	0					
ANR	1710	IfStatement	if ( tile_col < 0 || tile_col >= tm -> ntile_cols || tile_row < 0 || tile_row >= tm -> ntile_rows )		1677	1					
ANR	1711	Condition	tile_col < 0 || tile_col >= tm -> ntile_cols || tile_row < 0 || tile_row >= tm -> ntile_rows	363:6:10133:10224	1677	0	True				
ANR	1712	OrExpression	tile_col < 0 || tile_col >= tm -> ntile_cols || tile_row < 0 || tile_row >= tm -> ntile_rows		1677	0		||			
ANR	1713	RelationalExpression	tile_col < 0		1677	0		<			
ANR	1714	Identifier	tile_col		1677	0					
ANR	1715	PrimaryExpression	0		1677	1					
ANR	1716	OrExpression	tile_col >= tm -> ntile_cols || tile_row < 0 || tile_row >= tm -> ntile_rows		1677	1		||			
ANR	1717	RelationalExpression	tile_col >= tm -> ntile_cols		1677	0		>=			
ANR	1718	Identifier	tile_col		1677	0					
ANR	1719	PtrMemberAccess	tm -> ntile_cols		1677	1					
ANR	1720	Identifier	tm		1677	0					
ANR	1721	Identifier	ntile_cols		1677	1					
ANR	1722	OrExpression	tile_row < 0 || tile_row >= tm -> ntile_rows		1677	1		||			
ANR	1723	RelationalExpression	tile_row < 0		1677	0		<			
ANR	1724	Identifier	tile_row		1677	0					
ANR	1725	PrimaryExpression	0		1677	1					
ANR	1726	RelationalExpression	tile_row >= tm -> ntile_rows		1677	1		>=			
ANR	1727	Identifier	tile_row		1677	0					
ANR	1728	PtrMemberAccess	tm -> ntile_rows		1677	1					
ANR	1729	Identifier	tm		1677	0					
ANR	1730	Identifier	ntile_rows		1677	1					
ANR	1731	CompoundStatement		11:100:284:284	1677	1					
ANR	1732	ReturnStatement	return ( ( void * ) 0 ) ;	364:4:10233:10251	1677	0	True				
ANR	1733	CastExpression	( void * ) 0		1677	0					
ANR	1734	CastTarget	void *		1677	0					
ANR	1735	PrimaryExpression	0		1677	1					
ANR	1736	ReturnStatement	"return tile_manager_get ( tm , tile_row * tm -> ntile_cols + tile_col , wantread , wantwrite ) ;"	366:2:10259:10344	1677	2	True				
ANR	1737	CallExpression	"tile_manager_get ( tm , tile_row * tm -> ntile_cols + tile_col , wantread , wantwrite )"		1677	0					
ANR	1738	Callee	tile_manager_get		1677	0					
ANR	1739	Identifier	tile_manager_get		1677	0					
ANR	1740	ArgumentList	tm		1677	1					
ANR	1741	Argument	tm		1677	0					
ANR	1742	Identifier	tm		1677	0					
ANR	1743	Argument	tile_row * tm -> ntile_cols + tile_col		1677	1					
ANR	1744	AdditiveExpression	tile_row * tm -> ntile_cols + tile_col		1677	0		+			
ANR	1745	MultiplicativeExpression	tile_row * tm -> ntile_cols		1677	0		*			
ANR	1746	Identifier	tile_row		1677	0					
ANR	1747	PtrMemberAccess	tm -> ntile_cols		1677	1					
ANR	1748	Identifier	tm		1677	0					
ANR	1749	Identifier	ntile_cols		1677	1					
ANR	1750	Identifier	tile_col		1677	1					
ANR	1751	Argument	wantread		1677	2					
ANR	1752	Identifier	wantread		1677	0					
ANR	1753	Argument	wantwrite		1677	3					
ANR	1754	Identifier	wantwrite		1677	0					
ANR	1755	ReturnType	Tile *		1677	1					
ANR	1756	Identifier	tile_manager_get_at		1677	2					
ANR	1757	ParameterList	"TileManager * tm , gint tile_col , gint tile_row , gboolean wantread , gboolean wantwrite"		1677	3					
ANR	1758	Parameter	TileManager * tm	352:26:9860:9874	1677	0	True				
ANR	1759	ParameterType	TileManager *		1677	0					
ANR	1760	Identifier	tm		1677	1					
ANR	1761	Parameter	gint tile_col	352:42:9876:9888	1677	1	True				
ANR	1762	ParameterType	gint		1677	0					
ANR	1763	Identifier	tile_col		1677	1					
ANR	1764	Parameter	gint tile_row	352:56:9890:9902	1677	2	True				
ANR	1765	ParameterType	gint		1677	0					
ANR	1766	Identifier	tile_row		1677	1					
ANR	1767	Parameter	gboolean wantread	352:70:9904:9920	1677	3	True				
ANR	1768	ParameterType	gboolean		1677	0					
ANR	1769	Identifier	wantread		1677	1					
ANR	1770	Parameter	gboolean wantwrite	352:88:9922:9939	1677	4	True				
ANR	1771	ParameterType	gboolean		1677	0					
ANR	1772	Identifier	wantwrite		1677	1					
ANR	1773	CFGEntryNode	ENTRY		1677		True				
ANR	1774	CFGExitNode	EXIT		1677		True				
ANR	1775	Symbol	__PRETTY_FUNCTION__		1677						
ANR	1776	Symbol	tile_manager_get		1677						
ANR	1777	Symbol	tile_col		1677						
ANR	1778	Symbol	wantread		1677						
ANR	1779	Symbol	tile_row		1677						
ANR	1780	Symbol	tm		1677						
ANR	1781	Symbol	wantwrite		1677						
ANR	1782	Symbol	tm -> ntile_cols		1677						
ANR	1783	Symbol	* tm		1677						
ANR	1784	Symbol	tm -> ntile_rows		1677						
ANR	1785	Function	tile_manager_validate_tile	369:0:10349:11075							
ANR	1786	FunctionDef	"tile_manager_validate_tile (TileManager * tm , Tile * tile)"		1785	0					
ANR	1787	CompoundStatement		370:0:10409:11075	1785	0					
ANR	1788	DoStatement	do		1785	0					
ANR	1789	CompoundStatement		2:5:6:6	1785	0					
ANR	1790	IfStatement	if ( tm != ( ( void * ) 0 ) )		1785	0					
ANR	1791	Condition	tm != ( ( void * ) 0 )	372:8:10426:10442	1785	0	True				
ANR	1792	EqualityExpression	tm != ( ( void * ) 0 )		1785	0		!=			
ANR	1793	Identifier	tm		1785	0					
ANR	1794	CastExpression	( void * ) 0		1785	1					
ANR	1795	CastTarget	void *		1785	0					
ANR	1796	PrimaryExpression	0		1785	1					
ANR	1797	CompoundStatement		3:27:35:35	1785	1					
ANR	1798	ElseStatement	else		1785	0					
ANR	1799	CompoundStatement		5:9:52:52	1785	0					
ANR	1800	ExpressionStatement	"g_return_if_fail_warning ( ""Gimp-Base"" , __PRETTY_FUNCTION__ , ""tm != NULL"" )"	375:6:10470:10540	1785	0	True				
ANR	1801	CallExpression	"g_return_if_fail_warning ( ""Gimp-Base"" , __PRETTY_FUNCTION__ , ""tm != NULL"" )"		1785	0					
ANR	1802	Callee	g_return_if_fail_warning		1785	0					
ANR	1803	Identifier	g_return_if_fail_warning		1785	0					
ANR	1804	ArgumentList	"""Gimp-Base"""		1785	1					
ANR	1805	Argument	"""Gimp-Base"""		1785	0					
ANR	1806	PrimaryExpression	"""Gimp-Base"""		1785	0					
ANR	1807	Argument	__PRETTY_FUNCTION__		1785	1					
ANR	1808	Identifier	__PRETTY_FUNCTION__		1785	0					
ANR	1809	Argument	"""tm != NULL"""		1785	2					
ANR	1810	PrimaryExpression	"""tm != NULL"""		1785	0					
ANR	1811	ReturnStatement	return ;	376:6:10548:10555	1785	1	True				
ANR	1812	ExpressionStatement		378:4:10567:10567	1785	1	True				
ANR	1813	Condition	0	379:10:10579:10579	1785	1	True				
ANR	1814	PrimaryExpression	0		1785	0					
ANR	1815	DoStatement	do		1785	1					
ANR	1816	CompoundStatement		11:5:178:178	1785	0					
ANR	1817	IfStatement	if ( tile != ( ( void * ) 0 ) )		1785	0					
ANR	1818	Condition	tile != ( ( void * ) 0 )	381:8:10598:10616	1785	0	True				
ANR	1819	EqualityExpression	tile != ( ( void * ) 0 )		1785	0		!=			
ANR	1820	Identifier	tile		1785	0					
ANR	1821	CastExpression	( void * ) 0		1785	1					
ANR	1822	CastTarget	void *		1785	0					
ANR	1823	PrimaryExpression	0		1785	1					
ANR	1824	CompoundStatement		12:29:209:209	1785	1					
ANR	1825	ElseStatement	else		1785	0					
ANR	1826	CompoundStatement		14:9:226:226	1785	0					
ANR	1827	ExpressionStatement	"g_return_if_fail_warning ( ""Gimp-Base"" , __PRETTY_FUNCTION__ , ""tile != NULL"" )"	384:6:10644:10716	1785	0	True				
ANR	1828	CallExpression	"g_return_if_fail_warning ( ""Gimp-Base"" , __PRETTY_FUNCTION__ , ""tile != NULL"" )"		1785	0					
ANR	1829	Callee	g_return_if_fail_warning		1785	0					
ANR	1830	Identifier	g_return_if_fail_warning		1785	0					
ANR	1831	ArgumentList	"""Gimp-Base"""		1785	1					
ANR	1832	Argument	"""Gimp-Base"""		1785	0					
ANR	1833	PrimaryExpression	"""Gimp-Base"""		1785	0					
ANR	1834	Argument	__PRETTY_FUNCTION__		1785	1					
ANR	1835	Identifier	__PRETTY_FUNCTION__		1785	0					
ANR	1836	Argument	"""tile != NULL"""		1785	2					
ANR	1837	PrimaryExpression	"""tile != NULL"""		1785	0					
ANR	1838	ReturnStatement	return ;	385:6:10724:10731	1785	1	True				
ANR	1839	ExpressionStatement		387:4:10743:10743	1785	1	True				
ANR	1840	Condition	0	388:10:10755:10755	1785	1	True				
ANR	1841	PrimaryExpression	0		1785	0					
ANR	1842	ExpressionStatement	tile -> valid = ( ! 0 )	389:2:10761:10781	1785	2	True				
ANR	1843	AssignmentExpression	tile -> valid = ( ! 0 )		1785	0		=			
ANR	1844	PtrMemberAccess	tile -> valid		1785	0					
ANR	1845	Identifier	tile		1785	0					
ANR	1846	Identifier	valid		1785	1					
ANR	1847	UnaryOperationExpression	! 0		1785	1					
ANR	1848	UnaryOperator	!		1785	0					
ANR	1849	PrimaryExpression	0		1785	1					
ANR	1850	IfStatement	if ( tm -> validate_proc )		1785	3					
ANR	1851	Condition	tm -> validate_proc	390:6:10789:10807	1785	0	True				
ANR	1852	PtrMemberAccess	tm -> validate_proc		1785	0					
ANR	1853	Identifier	tm		1785	0					
ANR	1854	Identifier	validate_proc		1785	1					
ANR	1855	CompoundStatement		21:27:400:400	1785	1					
ANR	1856	ExpressionStatement	"( * tm -> validate_proc ) ( tm , tile , tm -> user_data )"	391:4:10816:10864	1785	0	True				
ANR	1857	CallExpression	"( * tm -> validate_proc ) ( tm , tile , tm -> user_data )"		1785	0					
ANR	1858	Callee	* tm -> validate_proc		1785	0					
ANR	1859	UnaryOperationExpression	* tm -> validate_proc		1785	0					
ANR	1860	UnaryOperator	*		1785	0					
ANR	1861	PtrMemberAccess	tm -> validate_proc		1785	1					
ANR	1862	Identifier	tm		1785	0					
ANR	1863	Identifier	validate_proc		1785	1					
ANR	1864	ArgumentList	tm		1785	1					
ANR	1865	Argument	tm		1785	0					
ANR	1866	Identifier	tm		1785	0					
ANR	1867	Argument	tile		1785	1					
ANR	1868	Identifier	tile		1785	0					
ANR	1869	Argument	tm -> user_data		1785	2					
ANR	1870	PtrMemberAccess	tm -> user_data		1785	0					
ANR	1871	Identifier	tm		1785	0					
ANR	1872	Identifier	user_data		1785	1					
ANR	1873	IfStatement	if ( ( size_t ) ( ( tile_size ( tile ) ) ) > 4096U )		1785	1					
ANR	1874	Condition	( size_t ) ( ( tile_size ( tile ) ) ) > 4096U	392:6:10872:10906	1785	0	True				
ANR	1875	RelationalExpression	( size_t ) ( ( tile_size ( tile ) ) ) > 4096U		1785	0		>			
ANR	1876	CastExpression	( size_t ) ( ( tile_size ( tile ) ) )		1785	0					
ANR	1877	CastTarget	size_t		1785	0					
ANR	1878	CallExpression	tile_size ( tile )		1785	1					
ANR	1879	Callee	tile_size		1785	0					
ANR	1880	Identifier	tile_size		1785	0					
ANR	1881	ArgumentList	tile		1785	1					
ANR	1882	Argument	tile		1785	0					
ANR	1883	Identifier	tile		1785	0					
ANR	1884	PrimaryExpression	4096U		1785	1					
ANR	1885	CompoundStatement		23:43:499:499	1785	1					
ANR	1886	ReturnStatement	return 0 ;	393:6:10917:10925	1785	0	True				
ANR	1887	PrimaryExpression	0		1785	0					
ANR	1888	ElseStatement	else		1785	0					
ANR	1889	CompoundStatement		27:7:532:532	1785	0					
ANR	1890	ExpressionStatement	"memset ( ( tile -> data ) , 0 , ( tile_size ( tile ) ) )"	398:4:10994:11036	1785	0	True				
ANR	1891	CallExpression	"memset ( ( tile -> data ) , 0 , ( tile_size ( tile ) ) )"		1785	0					
ANR	1892	Callee	memset		1785	0					
ANR	1893	Identifier	memset		1785	0					
ANR	1894	ArgumentList	tile -> data		1785	1					
ANR	1895	Argument	tile -> data		1785	0					
ANR	1896	PtrMemberAccess	tile -> data		1785	0					
ANR	1897	Identifier	tile		1785	0					
ANR	1898	Identifier	data		1785	1					
ANR	1899	Argument	0		1785	1					
ANR	1900	PrimaryExpression	0		1785	0					
ANR	1901	Argument	tile_size ( tile )		1785	2					
ANR	1902	CallExpression	tile_size ( tile )		1785	0					
ANR	1903	Callee	tile_size		1785	0					
ANR	1904	Identifier	tile_size		1785	0					
ANR	1905	ArgumentList	tile		1785	1					
ANR	1906	Argument	tile		1785	0					
ANR	1907	Identifier	tile		1785	0					
ANR	1908	ReturnType	void		1785	1					
ANR	1909	Identifier	tile_manager_validate_tile		1785	2					
ANR	1910	ParameterList	"TileManager * tm , Tile * tile"		1785	3					
ANR	1911	Parameter	TileManager * tm	369:32:10381:10395	1785	0	True				
ANR	1912	ParameterType	TileManager *		1785	0					
ANR	1913	Identifier	tm		1785	1					
ANR	1914	Parameter	Tile * tile	369:48:10397:10406	1785	1	True				
ANR	1915	ParameterType	Tile *		1785	0					
ANR	1916	Identifier	tile		1785	1					
ANR	1917	CFGEntryNode	ENTRY		1785		True				
ANR	1918	CFGExitNode	EXIT		1785		True				
ANR	1919	Symbol	* tile		1785						
ANR	1920	Symbol	__PRETTY_FUNCTION__		1785						
ANR	1921	Symbol	tm -> validate_proc		1785						
ANR	1922	Symbol	tile -> valid		1785						
ANR	1923	Symbol	tile -> data		1785						
ANR	1924	Symbol	tile		1785						
ANR	1925	Symbol	tm		1785						
ANR	1926	Symbol	tm -> user_data		1785						
ANR	1927	Symbol	tile_size		1785						
ANR	1928	Symbol	* tm		1785						
ANR	1929	Function	tile_manager_allocate_tiles	404:0:11078:12071							
ANR	1930	FunctionDef	tile_manager_allocate_tiles (TileManager * tm)		1929	0					
ANR	1931	CompoundStatement		405:0:11135:12071	1929	0					
ANR	1932	IdentifierDeclStatement	Tile * * tiles ;	406:2:11139:11151	1929	0	True				
ANR	1933	IdentifierDecl	* * tiles		1929	0					
ANR	1934	IdentifierDeclType	Tile * *		1929	0					
ANR	1935	Identifier	tiles		1929	1					
ANR	1936	IdentifierDeclStatement	const gint nrows = tm -> ntile_rows ;	407:2:11155:11190	1929	1	True				
ANR	1937	IdentifierDecl	nrows = tm -> ntile_rows		1929	0					
ANR	1938	IdentifierDeclType	const gint		1929	0					
ANR	1939	Identifier	nrows		1929	1					
ANR	1940	AssignmentExpression	nrows = tm -> ntile_rows		1929	2		=			
ANR	1941	Identifier	nrows		1929	0					
ANR	1942	PtrMemberAccess	tm -> ntile_rows		1929	1					
ANR	1943	Identifier	tm		1929	0					
ANR	1944	Identifier	ntile_rows		1929	1					
ANR	1945	IdentifierDeclStatement	const gint ncols = tm -> ntile_cols ;	408:2:11194:11229	1929	2	True				
ANR	1946	IdentifierDecl	ncols = tm -> ntile_cols		1929	0					
ANR	1947	IdentifierDeclType	const gint		1929	0					
ANR	1948	Identifier	ncols		1929	1					
ANR	1949	AssignmentExpression	ncols = tm -> ntile_cols		1929	2		=			
ANR	1950	Identifier	ncols		1929	0					
ANR	1951	PtrMemberAccess	tm -> ntile_cols		1929	1					
ANR	1952	Identifier	tm		1929	0					
ANR	1953	Identifier	ntile_cols		1929	1					
ANR	1954	IdentifierDeclStatement	const gint right_tile = tm -> width - ( ncols - 1 ) * 64 ;	409:2:11233:11287	1929	3	True				
ANR	1955	IdentifierDecl	right_tile = tm -> width - ( ncols - 1 ) * 64		1929	0					
ANR	1956	IdentifierDeclType	const gint		1929	0					
ANR	1957	Identifier	right_tile		1929	1					
ANR	1958	AssignmentExpression	right_tile = tm -> width - ( ncols - 1 ) * 64		1929	2		=			
ANR	1959	Identifier	right_tile		1929	0					
ANR	1960	AdditiveExpression	tm -> width - ( ncols - 1 ) * 64		1929	1		-			
ANR	1961	PtrMemberAccess	tm -> width		1929	0					
ANR	1962	Identifier	tm		1929	0					
ANR	1963	Identifier	width		1929	1					
ANR	1964	MultiplicativeExpression	( ncols - 1 ) * 64		1929	1		*			
ANR	1965	AdditiveExpression	ncols - 1		1929	0		-			
ANR	1966	Identifier	ncols		1929	0					
ANR	1967	PrimaryExpression	1		1929	1					
ANR	1968	PrimaryExpression	64		1929	1					
ANR	1969	IdentifierDeclStatement	const gint bottom_tile = tm -> height - ( nrows - 1 ) * 64 ;	410:2:11291:11347	1929	4	True				
ANR	1970	IdentifierDecl	bottom_tile = tm -> height - ( nrows - 1 ) * 64		1929	0					
ANR	1971	IdentifierDeclType	const gint		1929	0					
ANR	1972	Identifier	bottom_tile		1929	1					
ANR	1973	AssignmentExpression	bottom_tile = tm -> height - ( nrows - 1 ) * 64		1929	2		=			
ANR	1974	Identifier	bottom_tile		1929	0					
ANR	1975	AdditiveExpression	tm -> height - ( nrows - 1 ) * 64		1929	1		-			
ANR	1976	PtrMemberAccess	tm -> height		1929	0					
ANR	1977	Identifier	tm		1929	0					
ANR	1978	Identifier	height		1929	1					
ANR	1979	MultiplicativeExpression	( nrows - 1 ) * 64		1929	1		*			
ANR	1980	AdditiveExpression	nrows - 1		1929	0		-			
ANR	1981	Identifier	nrows		1929	0					
ANR	1982	PrimaryExpression	1		1929	1					
ANR	1983	PrimaryExpression	64		1929	1					
ANR	1984	IdentifierDeclStatement	gint i ;	411:2:11351:11357	1929	5	True				
ANR	1985	IdentifierDecl	i		1929	0					
ANR	1986	IdentifierDeclType	gint		1929	0					
ANR	1987	Identifier	i		1929	1					
ANR	1988	IdentifierDeclStatement	gint j ;	412:2:11361:11367	1929	6	True				
ANR	1989	IdentifierDecl	j		1929	0					
ANR	1990	IdentifierDeclType	gint		1929	0					
ANR	1991	Identifier	j		1929	1					
ANR	1992	IdentifierDeclStatement	gint k ;	413:2:11371:11377	1929	7	True				
ANR	1993	IdentifierDecl	k		1929	0					
ANR	1994	IdentifierDeclType	gint		1929	0					
ANR	1995	Identifier	k		1929	1					
ANR	1996	DoStatement	do		1929	8					
ANR	1997	CompoundStatement		10:5:248:248	1929	0					
ANR	1998	IfStatement	if ( tm -> tiles == ( ( void * ) 0 ) )		1929	0					
ANR	1999	Condition	tm -> tiles == ( ( void * ) 0 )	415:8:11394:11419	1929	0	True				
ANR	2000	EqualityExpression	tm -> tiles == ( ( void * ) 0 )		1929	0		==			
ANR	2001	PtrMemberAccess	tm -> tiles		1929	0					
ANR	2002	Identifier	tm		1929	0					
ANR	2003	Identifier	tiles		1929	1					
ANR	2004	CastExpression	( void * ) 0		1929	1					
ANR	2005	CastTarget	void *		1929	0					
ANR	2006	PrimaryExpression	0		1929	1					
ANR	2007	CompoundStatement		11:36:286:286	1929	1					
ANR	2008	ExpressionStatement		416:6:11430:11430	1929	0	True				
ANR	2009	ElseStatement	else		1929	0					
ANR	2010	CompoundStatement		14:9:311:311	1929	0					
ANR	2011	ExpressionStatement	"g_assertion_message_expr ( ""Gimp-Base"" , ""tile-manager.c"" , 368 , ( ( const char * ) __func__ ) , ""tm->tiles == NULL"" )"	419:6:11455:11558	1929	0	True				
ANR	2012	CallExpression	"g_assertion_message_expr ( ""Gimp-Base"" , ""tile-manager.c"" , 368 , ( ( const char * ) __func__ ) , ""tm->tiles == NULL"" )"		1929	0					
ANR	2013	Callee	g_assertion_message_expr		1929	0					
ANR	2014	Identifier	g_assertion_message_expr		1929	0					
ANR	2015	ArgumentList	"""Gimp-Base"""		1929	1					
ANR	2016	Argument	"""Gimp-Base"""		1929	0					
ANR	2017	PrimaryExpression	"""Gimp-Base"""		1929	0					
ANR	2018	Argument	"""tile-manager.c"""		1929	1					
ANR	2019	PrimaryExpression	"""tile-manager.c"""		1929	0					
ANR	2020	Argument	368		1929	2					
ANR	2021	PrimaryExpression	368		1929	0					
ANR	2022	Argument	( const char * ) __func__		1929	3					
ANR	2023	CastExpression	( const char * ) __func__		1929	0					
ANR	2024	CastTarget	const char *		1929	0					
ANR	2025	Identifier	__func__		1929	1					
ANR	2026	Argument	"""tm->tiles == NULL"""		1929	4					
ANR	2027	PrimaryExpression	"""tm->tiles == NULL"""		1929	0					
ANR	2028	Condition	0	421:10:11576:11576	1929	1	True				
ANR	2029	PrimaryExpression	0		1929	0					
ANR	2030	ExpressionStatement	"tiles = ( ( Tile * * ) ( g_malloc_n ( ( nrows * ncols ) , sizeof ( Tile * ) ) ) )"	422:2:11582:11645	1929	9	True				
ANR	2031	AssignmentExpression	"tiles = ( ( Tile * * ) ( g_malloc_n ( ( nrows * ncols ) , sizeof ( Tile * ) ) ) )"		1929	0		=			
ANR	2032	Identifier	tiles		1929	0					
ANR	2033	CastExpression	"( Tile * * ) ( g_malloc_n ( ( nrows * ncols ) , sizeof ( Tile * ) ) )"		1929	1					
ANR	2034	CastTarget	Tile * *		1929	0					
ANR	2035	CallExpression	"g_malloc_n ( ( nrows * ncols ) , sizeof ( Tile * ) )"		1929	1					
ANR	2036	Callee	g_malloc_n		1929	0					
ANR	2037	Identifier	g_malloc_n		1929	0					
ANR	2038	ArgumentList	nrows * ncols		1929	1					
ANR	2039	Argument	nrows * ncols		1929	0					
ANR	2040	MultiplicativeExpression	nrows * ncols		1929	0		*			
ANR	2041	Identifier	nrows		1929	0					
ANR	2042	Identifier	ncols		1929	1					
ANR	2043	Argument	sizeof ( Tile * )		1929	1					
ANR	2044	SizeofExpression	sizeof ( Tile * )		1929	0					
ANR	2045	Sizeof	sizeof		1929	0					
ANR	2046	SizeofOperand	Tile *		1929	1					
ANR	2047	ForStatement	"for ( ( i = 0 , k = 0 ) ; i < nrows ; i ++ )"		1929	10					
ANR	2048	ForInit	"( i = 0 , k = 0 ) ;"	423:7:11654:11669	1929	0	True				
ANR	2049	Expression	"i = 0 , k = 0"		1929	0					
ANR	2050	AssignmentExpression	i = 0		1929	0		=			
ANR	2051	Identifier	i		1929	0					
ANR	2052	PrimaryExpression	0		1929	1					
ANR	2053	AssignmentExpression	k = 0		1929	1		=			
ANR	2054	Identifier	k		1929	0					
ANR	2055	PrimaryExpression	0		1929	1					
ANR	2056	Condition	i < nrows	423:24:11671:11679	1929	1	True				
ANR	2057	RelationalExpression	i < nrows		1929	0		<			
ANR	2058	Identifier	i		1929	0					
ANR	2059	Identifier	nrows		1929	1					
ANR	2060	PostIncDecOperationExpression	i ++	423:35:11682:11684	1929	2	True				
ANR	2061	Identifier	i		1929	0					
ANR	2062	IncDec	++		1929	1					
ANR	2063	CompoundStatement		19:40:551:551	1929	3					
ANR	2064	ForStatement	"for ( j = 0 ; j < ncols ; ( j ++ , k ++ ) )"		1929	0					
ANR	2065	ForInit	j = 0 ;	424:9:11698:11703	1929	0	True				
ANR	2066	AssignmentExpression	j = 0		1929	0		=			
ANR	2067	Identifier	j		1929	0					
ANR	2068	PrimaryExpression	0		1929	1					
ANR	2069	Condition	j < ncols	424:16:11705:11713	1929	1	True				
ANR	2070	RelationalExpression	j < ncols		1929	0		<			
ANR	2071	Identifier	j		1929	0					
ANR	2072	Identifier	ncols		1929	1					
ANR	2073	Expression	"j ++ , k ++"	424:28:11717:11725	1929	2	True				
ANR	2074	PostIncDecOperationExpression	j ++		1929	0					
ANR	2075	Identifier	j		1929	0					
ANR	2076	IncDec	++		1929	1					
ANR	2077	PostIncDecOperationExpression	k ++		1929	1					
ANR	2078	Identifier	k		1929	0					
ANR	2079	IncDec	++		1929	1					
ANR	2080	CompoundStatement		20:40:593:593	1929	3					
ANR	2081	Statement	Tile	425:6:11737:11740	1929	0	True				
ANR	2082	Statement	*	425:11:11742:11742	1929	1	True				
ANR	2083	Statement	new	425:12:11743:11745	1929	2	True				
ANR	2084	Statement	=	425:16:11747:11747	1929	3	True				
ANR	2085	ExpressionStatement	tile_new ( tm -> bpp )	425:18:11749:11768	1929	4	True				
ANR	2086	CallExpression	tile_new ( tm -> bpp )		1929	0					
ANR	2087	Callee	tile_new		1929	0					
ANR	2088	Identifier	tile_new		1929	0					
ANR	2089	ArgumentList	tm -> bpp		1929	1					
ANR	2090	Argument	tm -> bpp		1929	0					
ANR	2091	PtrMemberAccess	tm -> bpp		1929	0					
ANR	2092	Identifier	tm		1929	0					
ANR	2093	Identifier	bpp		1929	1					
ANR	2094	Statement	tile_attach	426:6:11776:11786	1929	5	True				
ANR	2095	Statement	(	426:17:11787:11787	1929	6	True				
ANR	2096	Statement	new	426:18:11788:11790	1929	7	True				
ANR	2097	Statement	","	426:21:11791:11791	1929	8	True				
ANR	2098	Statement	tm	426:22:11792:11793	1929	9	True				
ANR	2099	Statement	","	426:24:11794:11794	1929	10	True				
ANR	2100	Statement	k	426:25:11795:11795	1929	11	True				
ANR	2101	Statement	)	426:26:11796:11796	1929	12	True				
ANR	2102	ExpressionStatement		426:27:11797:11797	1929	13	True				
ANR	2103	IfStatement	if ( j == ncols - 1 )		1929	14					
ANR	2104	Condition	j == ncols - 1	427:10:11809:11822	1929	0	True				
ANR	2105	EqualityExpression	j == ncols - 1		1929	0		==			
ANR	2106	Identifier	j		1929	0					
ANR	2107	AdditiveExpression	ncols - 1		1929	1		-			
ANR	2108	Identifier	ncols		1929	0					
ANR	2109	PrimaryExpression	1		1929	1					
ANR	2110	CompoundStatement		23:26:689:689	1929	1					
ANR	2111	Statement	new	428:8:11835:11837	1929	0	True				
ANR	2112	Statement	->	428:12:11839:11840	1929	1	True				
ANR	2113	ExpressionStatement	ewidth = right_tile	428:15:11842:11861	1929	2	True				
ANR	2114	AssignmentExpression	ewidth = right_tile		1929	0		=			
ANR	2115	Identifier	ewidth		1929	0					
ANR	2116	Identifier	right_tile		1929	1					
ANR	2117	IfStatement	if ( i == nrows - 1 )		1929	15					
ANR	2118	Condition	i == nrows - 1	430:10:11881:11894	1929	0	True				
ANR	2119	EqualityExpression	i == nrows - 1		1929	0		==			
ANR	2120	Identifier	i		1929	0					
ANR	2121	AdditiveExpression	nrows - 1		1929	1		-			
ANR	2122	Identifier	nrows		1929	0					
ANR	2123	PrimaryExpression	1		1929	1					
ANR	2124	CompoundStatement		26:26:761:761	1929	1					
ANR	2125	Statement	new	431:8:11907:11909	1929	0	True				
ANR	2126	Statement	->	431:12:11911:11912	1929	1	True				
ANR	2127	ExpressionStatement	eheight = bottom_tile	431:15:11914:11935	1929	2	True				
ANR	2128	AssignmentExpression	eheight = bottom_tile		1929	0		=			
ANR	2129	Identifier	eheight		1929	0					
ANR	2130	Identifier	bottom_tile		1929	1					
ANR	2131	Statement	new	433:6:11951:11953	1929	16	True				
ANR	2132	Statement	->	433:10:11955:11956	1929	17	True				
ANR	2133	Statement	size	433:13:11958:11961	1929	18	True				
ANR	2134	Statement	=	433:18:11963:11963	1929	19	True				
ANR	2135	Statement	(	433:20:11965:11965	1929	20	True				
ANR	2136	Statement	new	433:21:11966:11968	1929	21	True				
ANR	2137	Statement	->	433:25:11970:11971	1929	22	True				
ANR	2138	Statement	ewidth	433:28:11973:11978	1929	23	True				
ANR	2139	Statement	)	433:34:11979:11979	1929	24	True				
ANR	2140	Statement	*	433:36:11981:11981	1929	25	True				
ANR	2141	Statement	(	433:38:11983:11983	1929	26	True				
ANR	2142	Statement	new	433:39:11984:11986	1929	27	True				
ANR	2143	Statement	->	433:43:11988:11989	1929	28	True				
ANR	2144	Statement	eheight	433:46:11991:11997	1929	29	True				
ANR	2145	Statement	)	433:53:11998:11998	1929	30	True				
ANR	2146	Statement	*	433:55:12000:12000	1929	31	True				
ANR	2147	Statement	(	433:57:12002:12002	1929	32	True				
ANR	2148	Statement	new	433:58:12003:12005	1929	33	True				
ANR	2149	Statement	->	433:62:12007:12008	1929	34	True				
ANR	2150	Statement	bpp	433:65:12010:12012	1929	35	True				
ANR	2151	Statement	)	433:68:12013:12013	1929	36	True				
ANR	2152	ExpressionStatement		433:69:12014:12014	1929	37	True				
ANR	2153	Statement	tiles	434:6:12022:12026	1929	38	True				
ANR	2154	Statement	[	434:11:12027:12027	1929	39	True				
ANR	2155	Statement	k	434:12:12028:12028	1929	40	True				
ANR	2156	Statement	]	434:13:12029:12029	1929	41	True				
ANR	2157	Statement	=	434:15:12031:12031	1929	42	True				
ANR	2158	Statement	new	434:17:12033:12035	1929	43	True				
ANR	2159	ExpressionStatement		434:20:12036:12036	1929	44	True				
ANR	2160	ExpressionStatement	tm -> tiles = tiles	437:2:12050:12069	1929	11	True				
ANR	2161	AssignmentExpression	tm -> tiles = tiles		1929	0		=			
ANR	2162	PtrMemberAccess	tm -> tiles		1929	0					
ANR	2163	Identifier	tm		1929	0					
ANR	2164	Identifier	tiles		1929	1					
ANR	2165	Identifier	tiles		1929	1					
ANR	2166	ReturnType	static void		1929	1					
ANR	2167	Identifier	tile_manager_allocate_tiles		1929	2					
ANR	2168	ParameterList	TileManager * tm		1929	3					
ANR	2169	Parameter	TileManager * tm	404:40:11118:11132	1929	0	True				
ANR	2170	ParameterType	TileManager *		1929	0					
ANR	2171	Identifier	tm		1929	1					
ANR	2172	CFGEntryNode	ENTRY		1929		True				
ANR	2173	CFGExitNode	EXIT		1929		True				
ANR	2174	Symbol	eheight		1929						
ANR	2175	Symbol	nrows		1929						
ANR	2176	Symbol	tm -> tiles		1929						
ANR	2177	Symbol	i		1929						
ANR	2178	Symbol	j		1929						
ANR	2179	Symbol	k		1929						
ANR	2180	Symbol	tm -> ntile_cols		1929						
ANR	2181	Symbol	g_malloc_n		1929						
ANR	2182	Symbol	tiles		1929						
ANR	2183	Symbol	tm -> height		1929						
ANR	2184	Symbol	bottom_tile		1929						
ANR	2185	Symbol	__func__		1929						
ANR	2186	Symbol	ewidth		1929						
ANR	2187	Symbol	tm -> bpp		1929						
ANR	2188	Symbol	tm		1929						
ANR	2189	Symbol	tm -> width		1929						
ANR	2190	Symbol	right_tile		1929						
ANR	2191	Symbol	* tm		1929						
ANR	2192	Symbol	tm -> ntile_rows		1929						
ANR	2193	Symbol	ncols		1929						
ANR	2194	Function	tile_manager_invalidate_tile	440:0:12074:13081							
ANR	2195	FunctionDef	"tile_manager_invalidate_tile (TileManager * tm , gint tile_num)"		2194	0					
ANR	2196	CompoundStatement		441:0:12146:13081	2194	0					
ANR	2197	IdentifierDeclStatement	Tile * tile = tm -> tiles [ tile_num ] ;	442:2:12150:12184	2194	0	True				
ANR	2198	IdentifierDecl	* tile = tm -> tiles [ tile_num ]		2194	0					
ANR	2199	IdentifierDeclType	Tile *		2194	0					
ANR	2200	Identifier	tile		2194	1					
ANR	2201	AssignmentExpression	* tile = tm -> tiles [ tile_num ]		2194	2		=			
ANR	2202	Identifier	tile		2194	0					
ANR	2203	ArrayIndexing	tm -> tiles [ tile_num ]		2194	1					
ANR	2204	PtrMemberAccess	tm -> tiles		2194	0					
ANR	2205	Identifier	tm		2194	0					
ANR	2206	Identifier	tiles		2194	1					
ANR	2207	Identifier	tile_num		2194	1					
ANR	2208	IfStatement	if ( ! tile -> valid )		2194	1					
ANR	2209	Condition	! tile -> valid	443:6:12192:12205	2194	0	True				
ANR	2210	UnaryOperationExpression	! tile -> valid		2194	0					
ANR	2211	UnaryOperator	!		2194	0					
ANR	2212	PtrMemberAccess	tile -> valid		2194	1					
ANR	2213	Identifier	tile		2194	0					
ANR	2214	Identifier	valid		2194	1					
ANR	2215	CompoundStatement		3:22:61:61	2194	1					
ANR	2216	ReturnStatement	return ;	444:4:12214:12221	2194	0	True				
ANR	2217	IfStatement	if ( tile_num == tm -> cached_num )		2194	2					
ANR	2218	Condition	tile_num == tm -> cached_num	446:6:12233:12260	2194	0	True				
ANR	2219	EqualityExpression	tile_num == tm -> cached_num		2194	0		==			
ANR	2220	Identifier	tile_num		2194	0					
ANR	2221	PtrMemberAccess	tm -> cached_num		2194	1					
ANR	2222	Identifier	tm		2194	0					
ANR	2223	Identifier	cached_num		2194	1					
ANR	2224	CompoundStatement		6:36:116:116	2194	1					
ANR	2225	ExpressionStatement	"tile_release ( tm -> cached_tile , 0 )"	447:4:12269:12302	2194	0	True				
ANR	2226	CallExpression	"tile_release ( tm -> cached_tile , 0 )"		2194	0					
ANR	2227	Callee	tile_release		2194	0					
ANR	2228	Identifier	tile_release		2194	0					
ANR	2229	ArgumentList	tm -> cached_tile		2194	1					
ANR	2230	Argument	tm -> cached_tile		2194	0					
ANR	2231	PtrMemberAccess	tm -> cached_tile		2194	0					
ANR	2232	Identifier	tm		2194	0					
ANR	2233	Identifier	cached_tile		2194	1					
ANR	2234	Argument	0		2194	1					
ANR	2235	PrimaryExpression	0		2194	0					
ANR	2236	ExpressionStatement	tm -> cached_tile = ( ( void * ) 0 )	448:4:12308:12339	2194	1	True				
ANR	2237	AssignmentExpression	tm -> cached_tile = ( ( void * ) 0 )		2194	0		=			
ANR	2238	PtrMemberAccess	tm -> cached_tile		2194	0					
ANR	2239	Identifier	tm		2194	0					
ANR	2240	Identifier	cached_tile		2194	1					
ANR	2241	CastExpression	( void * ) 0		2194	1					
ANR	2242	CastTarget	void *		2194	0					
ANR	2243	PrimaryExpression	0		2194	1					
ANR	2244	ExpressionStatement	tm -> cached_num = - 1	449:4:12345:12367	2194	2	True				
ANR	2245	AssignmentExpression	tm -> cached_num = - 1		2194	0		=			
ANR	2246	PtrMemberAccess	tm -> cached_num		2194	0					
ANR	2247	Identifier	tm		2194	0					
ANR	2248	Identifier	cached_num		2194	1					
ANR	2249	UnaryOperationExpression	- 1		2194	1					
ANR	2250	UnaryOperator	-		2194	0					
ANR	2251	PrimaryExpression	1		2194	1					
ANR	2252	IfStatement	if ( tile -> cached )		2194	3					
ANR	2253	Condition	tile -> cached	451:6:12379:12392	2194	0	True				
ANR	2254	PtrMemberAccess	tile -> cached		2194	0					
ANR	2255	Identifier	tile		2194	0					
ANR	2256	Identifier	cached		2194	1					
ANR	2257	CompoundStatement		11:22:248:248	2194	1					
ANR	2258	ExpressionStatement	tile_cache_flush ( tile )	452:4:12401:12423	2194	0	True				
ANR	2259	CallExpression	tile_cache_flush ( tile )		2194	0					
ANR	2260	Callee	tile_cache_flush		2194	0					
ANR	2261	Identifier	tile_cache_flush		2194	0					
ANR	2262	ArgumentList	tile		2194	1					
ANR	2263	Argument	tile		2194	0					
ANR	2264	Identifier	tile		2194	0					
ANR	2265	IfStatement	if ( tile -> share_count > 1 )		2194	4					
ANR	2266	Condition	tile -> share_count > 1	454:6:12435:12457	2194	0	True				
ANR	2267	RelationalExpression	tile -> share_count > 1		2194	0		>			
ANR	2268	PtrMemberAccess	tile -> share_count		2194	0					
ANR	2269	Identifier	tile		2194	0					
ANR	2270	Identifier	share_count		2194	1					
ANR	2271	PrimaryExpression	1		2194	1					
ANR	2272	CompoundStatement		14:31:313:313	2194	1					
ANR	2273	Statement	Tile	456:4:12530:12533	2194	0	True				
ANR	2274	Statement	*	456:9:12535:12535	2194	1	True				
ANR	2275	Statement	new	456:10:12536:12538	2194	2	True				
ANR	2276	Statement	=	456:14:12540:12540	2194	3	True				
ANR	2277	ExpressionStatement	tile_new ( ( tile -> bpp ) )	456:16:12542:12565	2194	4	True				
ANR	2278	CallExpression	tile_new ( ( tile -> bpp ) )		2194	0					
ANR	2279	Callee	tile_new		2194	0					
ANR	2280	Identifier	tile_new		2194	0					
ANR	2281	ArgumentList	tile -> bpp		2194	1					
ANR	2282	Argument	tile -> bpp		2194	0					
ANR	2283	PtrMemberAccess	tile -> bpp		2194	0					
ANR	2284	Identifier	tile		2194	0					
ANR	2285	Identifier	bpp		2194	1					
ANR	2286	Statement	new	457:4:12571:12573	2194	5	True				
ANR	2287	Statement	->	457:8:12575:12576	2194	6	True				
ANR	2288	ExpressionStatement	ewidth = tile -> ewidth	457:11:12578:12601	2194	7	True				
ANR	2289	AssignmentExpression	ewidth = tile -> ewidth		2194	0		=			
ANR	2290	Identifier	ewidth		2194	0					
ANR	2291	PtrMemberAccess	tile -> ewidth		2194	1					
ANR	2292	Identifier	tile		2194	0					
ANR	2293	Identifier	ewidth		2194	1					
ANR	2294	Statement	new	458:4:12607:12609	2194	8	True				
ANR	2295	Statement	->	458:8:12611:12612	2194	9	True				
ANR	2296	ExpressionStatement	eheight = tile -> eheight	458:11:12614:12639	2194	10	True				
ANR	2297	AssignmentExpression	eheight = tile -> eheight		2194	0		=			
ANR	2298	Identifier	eheight		2194	0					
ANR	2299	PtrMemberAccess	tile -> eheight		2194	1					
ANR	2300	Identifier	tile		2194	0					
ANR	2301	Identifier	eheight		2194	1					
ANR	2302	Statement	new	459:4:12645:12647	2194	11	True				
ANR	2303	Statement	->	459:8:12649:12650	2194	12	True				
ANR	2304	ExpressionStatement	size = tile -> size	459:11:12652:12671	2194	13	True				
ANR	2305	AssignmentExpression	size = tile -> size		2194	0		=			
ANR	2306	Identifier	size		2194	0					
ANR	2307	PtrMemberAccess	tile -> size		2194	1					
ANR	2308	Identifier	tile		2194	0					
ANR	2309	Identifier	size		2194	1					
ANR	2310	ExpressionStatement	"tile_detach ( tile , tm , tile_num )"	460:4:12677:12706	2194	14	True				
ANR	2311	CallExpression	"tile_detach ( tile , tm , tile_num )"		2194	0					
ANR	2312	Callee	tile_detach		2194	0					
ANR	2313	Identifier	tile_detach		2194	0					
ANR	2314	ArgumentList	tile		2194	1					
ANR	2315	Argument	tile		2194	0					
ANR	2316	Identifier	tile		2194	0					
ANR	2317	Argument	tm		2194	1					
ANR	2318	Identifier	tm		2194	0					
ANR	2319	Argument	tile_num		2194	2					
ANR	2320	Identifier	tile_num		2194	0					
ANR	2321	Statement	tile_attach	461:4:12712:12722	2194	15	True				
ANR	2322	Statement	(	461:15:12723:12723	2194	16	True				
ANR	2323	Statement	new	461:16:12724:12726	2194	17	True				
ANR	2324	Statement	","	461:19:12727:12727	2194	18	True				
ANR	2325	Statement	tm	461:20:12728:12729	2194	19	True				
ANR	2326	Statement	","	461:22:12730:12730	2194	20	True				
ANR	2327	Statement	tile_num	461:23:12731:12738	2194	21	True				
ANR	2328	Statement	)	461:31:12739:12739	2194	22	True				
ANR	2329	ExpressionStatement		461:32:12740:12740	2194	23	True				
ANR	2330	Statement	tile	462:4:12746:12749	2194	24	True				
ANR	2331	Statement	=	462:9:12751:12751	2194	25	True				
ANR	2332	Statement	new	462:11:12753:12755	2194	26	True				
ANR	2333	ExpressionStatement		462:14:12756:12756	2194	27	True				
ANR	2334	ExpressionStatement	tm -> tiles [ tile_num ] = tile	463:4:12762:12790	2194	28	True				
ANR	2335	AssignmentExpression	tm -> tiles [ tile_num ] = tile		2194	0		=			
ANR	2336	ArrayIndexing	tm -> tiles [ tile_num ]		2194	0					
ANR	2337	PtrMemberAccess	tm -> tiles		2194	0					
ANR	2338	Identifier	tm		2194	0					
ANR	2339	Identifier	tiles		2194	1					
ANR	2340	Identifier	tile_num		2194	1					
ANR	2341	Identifier	tile		2194	1					
ANR	2342	ExpressionStatement	tile -> valid = 0	465:2:12798:12815	2194	5	True				
ANR	2343	AssignmentExpression	tile -> valid = 0		2194	0		=			
ANR	2344	PtrMemberAccess	tile -> valid		2194	0					
ANR	2345	Identifier	tile		2194	0					
ANR	2346	Identifier	valid		2194	1					
ANR	2347	PrimaryExpression	0		2194	1					
ANR	2348	IfStatement	if ( tile -> data )		2194	6					
ANR	2349	Condition	tile -> data	466:6:12823:12834	2194	0	True				
ANR	2350	PtrMemberAccess	tile -> data		2194	0					
ANR	2351	Identifier	tile		2194	0					
ANR	2352	Identifier	data		2194	1					
ANR	2353	CompoundStatement		26:20:690:690	2194	1					
ANR	2354	ExpressionStatement	g_free ( ( tile -> data ) )	467:4:12843:12865	2194	0	True				
ANR	2355	CallExpression	g_free ( ( tile -> data ) )		2194	0					
ANR	2356	Callee	g_free		2194	0					
ANR	2357	Identifier	g_free		2194	0					
ANR	2358	ArgumentList	tile -> data		2194	1					
ANR	2359	Argument	tile -> data		2194	0					
ANR	2360	PtrMemberAccess	tile -> data		2194	0					
ANR	2361	Identifier	tile		2194	0					
ANR	2362	Identifier	data		2194	1					
ANR	2363	ExpressionStatement	tile -> data = ( ( void * ) 0 )	468:4:12871:12897	2194	1	True				
ANR	2364	AssignmentExpression	tile -> data = ( ( void * ) 0 )		2194	0		=			
ANR	2365	PtrMemberAccess	tile -> data		2194	0					
ANR	2366	Identifier	tile		2194	0					
ANR	2367	Identifier	data		2194	1					
ANR	2368	CastExpression	( void * ) 0		2194	1					
ANR	2369	CastTarget	void *		2194	0					
ANR	2370	PrimaryExpression	0		2194	1					
ANR	2371	IfStatement	if ( tile -> swap_offset != ( - 1 ) )		2194	7					
ANR	2372	Condition	tile -> swap_offset != ( - 1 )	472:6:12938:12965	2194	0	True				
ANR	2373	EqualityExpression	tile -> swap_offset != ( - 1 )		2194	0		!=			
ANR	2374	PtrMemberAccess	tile -> swap_offset		2194	0					
ANR	2375	Identifier	tile		2194	0					
ANR	2376	Identifier	swap_offset		2194	1					
ANR	2377	UnaryOperationExpression	- 1		2194	1					
ANR	2378	UnaryOperator	-		2194	0					
ANR	2379	PrimaryExpression	1		2194	1					
ANR	2380	CompoundStatement		32:36:821:821	2194	1					
ANR	2381	ExpressionStatement	tile_swap_delete ( tile )	476:4:13053:13075	2194	0	True				
ANR	2382	CallExpression	tile_swap_delete ( tile )		2194	0					
ANR	2383	Callee	tile_swap_delete		2194	0					
ANR	2384	Identifier	tile_swap_delete		2194	0					
ANR	2385	ArgumentList	tile		2194	1					
ANR	2386	Argument	tile		2194	0					
ANR	2387	Identifier	tile		2194	0					
ANR	2388	ReturnType	static void		2194	1					
ANR	2389	Identifier	tile_manager_invalidate_tile		2194	2					
ANR	2390	ParameterList	"TileManager * tm , gint tile_num"		2194	3					
ANR	2391	Parameter	TileManager * tm	440:41:12115:12129	2194	0	True				
ANR	2392	ParameterType	TileManager *		2194	0					
ANR	2393	Identifier	tm		2194	1					
ANR	2394	Parameter	gint tile_num	440:57:12131:12143	2194	1	True				
ANR	2395	ParameterType	gint		2194	0					
ANR	2396	Identifier	tile_num		2194	1					
ANR	2397	CFGEntryNode	ENTRY		2194		True				
ANR	2398	CFGExitNode	EXIT		2194		True				
ANR	2399	Symbol	* tile		2194						
ANR	2400	Symbol	eheight		2194						
ANR	2401	Symbol	tile -> valid		2194						
ANR	2402	Symbol	tile -> data		2194						
ANR	2403	Symbol	tile -> bpp		2194						
ANR	2404	Symbol	* * tm		2194						
ANR	2405	Symbol	tm -> tiles		2194						
ANR	2406	Symbol	* tm -> tiles		2194						
ANR	2407	Symbol	tile -> eheight		2194						
ANR	2408	Symbol	tm -> cached_num		2194						
ANR	2409	Symbol	tile_num		2194						
ANR	2410	Symbol	tile -> share_count		2194						
ANR	2411	Symbol	tm -> cached_tile		2194						
ANR	2412	Symbol	tile -> swap_offset		2194						
ANR	2413	Symbol	* tile_num		2194						
ANR	2414	Symbol	size		2194						
ANR	2415	Symbol	tile -> size		2194						
ANR	2416	Symbol	ewidth		2194						
ANR	2417	Symbol	tile		2194						
ANR	2418	Symbol	tile -> ewidth		2194						
ANR	2419	Symbol	tm		2194						
ANR	2420	Symbol	tile -> cached		2194						
ANR	2421	Symbol	* tm		2194						
ANR	2422	Function	tile_manager_invalidate_pixel	480:0:13084:13301							
ANR	2423	FunctionDef	"tile_manager_invalidate_pixel (TileManager * tm , gint xpixel , gint ypixel)"		2422	0					
ANR	2424	CompoundStatement		481:0:13167:13301	2422	0					
ANR	2425	IdentifierDeclStatement	"gint num = tile_manager_get_tile_num ( tm , xpixel , ypixel ) ;"	482:2:13171:13225	2422	0	True				
ANR	2426	IdentifierDecl	"num = tile_manager_get_tile_num ( tm , xpixel , ypixel )"		2422	0					
ANR	2427	IdentifierDeclType	gint		2422	0					
ANR	2428	Identifier	num		2422	1					
ANR	2429	AssignmentExpression	"num = tile_manager_get_tile_num ( tm , xpixel , ypixel )"		2422	2		=			
ANR	2430	Identifier	num		2422	0					
ANR	2431	CallExpression	"tile_manager_get_tile_num ( tm , xpixel , ypixel )"		2422	1					
ANR	2432	Callee	tile_manager_get_tile_num		2422	0					
ANR	2433	Identifier	tile_manager_get_tile_num		2422	0					
ANR	2434	ArgumentList	tm		2422	1					
ANR	2435	Argument	tm		2422	0					
ANR	2436	Identifier	tm		2422	0					
ANR	2437	Argument	xpixel		2422	1					
ANR	2438	Identifier	xpixel		2422	0					
ANR	2439	Argument	ypixel		2422	2					
ANR	2440	Identifier	ypixel		2422	0					
ANR	2441	IfStatement	if ( num < 0 )		2422	1					
ANR	2442	Condition	num < 0	483:6:13233:13239	2422	0	True				
ANR	2443	RelationalExpression	num < 0		2422	0		<			
ANR	2444	Identifier	num		2422	0					
ANR	2445	PrimaryExpression	0		2422	1					
ANR	2446	CompoundStatement		3:15:74:74	2422	1					
ANR	2447	ReturnStatement	return ;	484:4:13248:13255	2422	0	True				
ANR	2448	ExpressionStatement	"tile_manager_invalidate_tile ( tm , num )"	486:2:13263:13299	2422	2	True				
ANR	2449	CallExpression	"tile_manager_invalidate_tile ( tm , num )"		2422	0					
ANR	2450	Callee	tile_manager_invalidate_tile		2422	0					
ANR	2451	Identifier	tile_manager_invalidate_tile		2422	0					
ANR	2452	ArgumentList	tm		2422	1					
ANR	2453	Argument	tm		2422	0					
ANR	2454	Identifier	tm		2422	0					
ANR	2455	Argument	num		2422	1					
ANR	2456	Identifier	num		2422	0					
ANR	2457	ReturnType	static void		2422	1					
ANR	2458	Identifier	tile_manager_invalidate_pixel		2422	2					
ANR	2459	ParameterList	"TileManager * tm , gint xpixel , gint ypixel"		2422	3					
ANR	2460	Parameter	TileManager * tm	480:42:13126:13140	2422	0	True				
ANR	2461	ParameterType	TileManager *		2422	0					
ANR	2462	Identifier	tm		2422	1					
ANR	2463	Parameter	gint xpixel	480:58:13142:13152	2422	1	True				
ANR	2464	ParameterType	gint		2422	0					
ANR	2465	Identifier	xpixel		2422	1					
ANR	2466	Parameter	gint ypixel	480:70:13154:13164	2422	2	True				
ANR	2467	ParameterType	gint		2422	0					
ANR	2468	Identifier	ypixel		2422	1					
ANR	2469	CFGEntryNode	ENTRY		2422		True				
ANR	2470	CFGExitNode	EXIT		2422		True				
ANR	2471	Symbol	num		2422						
ANR	2472	Symbol	tm		2422						
ANR	2473	Symbol	ypixel		2422						
ANR	2474	Symbol	tile_manager_get_tile_num		2422						
ANR	2475	Symbol	xpixel		2422						
ANR	2476	Function	tile_manager_map_tile	489:0:13304:13818							
ANR	2477	FunctionDef	"tile_manager_map_tile (TileManager * tm , gint xpixel , gint ypixel , Tile * srctile)"		2476	0					
ANR	2478	CompoundStatement		490:0:13386:13818	2476	0					
ANR	2479	DoStatement	do		2476	0					
ANR	2480	CompoundStatement		2:5:6:6	2476	0					
ANR	2481	IfStatement	if ( tm != ( ( void * ) 0 ) )		2476	0					
ANR	2482	Condition	tm != ( ( void * ) 0 )	492:8:13403:13419	2476	0	True				
ANR	2483	EqualityExpression	tm != ( ( void * ) 0 )		2476	0		!=			
ANR	2484	Identifier	tm		2476	0					
ANR	2485	CastExpression	( void * ) 0		2476	1					
ANR	2486	CastTarget	void *		2476	0					
ANR	2487	PrimaryExpression	0		2476	1					
ANR	2488	CompoundStatement		3:27:35:35	2476	1					
ANR	2489	ElseStatement	else		2476	0					
ANR	2490	CompoundStatement		5:9:52:52	2476	0					
ANR	2491	ExpressionStatement	"g_return_if_fail_warning ( ""Gimp-Base"" , __PRETTY_FUNCTION__ , ""tm != NULL"" )"	495:6:13447:13517	2476	0	True				
ANR	2492	CallExpression	"g_return_if_fail_warning ( ""Gimp-Base"" , __PRETTY_FUNCTION__ , ""tm != NULL"" )"		2476	0					
ANR	2493	Callee	g_return_if_fail_warning		2476	0					
ANR	2494	Identifier	g_return_if_fail_warning		2476	0					
ANR	2495	ArgumentList	"""Gimp-Base"""		2476	1					
ANR	2496	Argument	"""Gimp-Base"""		2476	0					
ANR	2497	PrimaryExpression	"""Gimp-Base"""		2476	0					
ANR	2498	Argument	__PRETTY_FUNCTION__		2476	1					
ANR	2499	Identifier	__PRETTY_FUNCTION__		2476	0					
ANR	2500	Argument	"""tm != NULL"""		2476	2					
ANR	2501	PrimaryExpression	"""tm != NULL"""		2476	0					
ANR	2502	ReturnStatement	return ;	496:6:13525:13532	2476	1	True				
ANR	2503	ExpressionStatement		498:4:13544:13544	2476	1	True				
ANR	2504	Condition	0	499:10:13556:13556	2476	1	True				
ANR	2505	PrimaryExpression	0		2476	0					
ANR	2506	DoStatement	do		2476	1					
ANR	2507	CompoundStatement		11:5:178:178	2476	0					
ANR	2508	IfStatement	if ( srctile != ( ( void * ) 0 ) )		2476	0					
ANR	2509	Condition	srctile != ( ( void * ) 0 )	501:8:13575:13596	2476	0	True				
ANR	2510	EqualityExpression	srctile != ( ( void * ) 0 )		2476	0		!=			
ANR	2511	Identifier	srctile		2476	0					
ANR	2512	CastExpression	( void * ) 0		2476	1					
ANR	2513	CastTarget	void *		2476	0					
ANR	2514	PrimaryExpression	0		2476	1					
ANR	2515	CompoundStatement		12:32:212:212	2476	1					
ANR	2516	ElseStatement	else		2476	0					
ANR	2517	CompoundStatement		14:9:229:229	2476	0					
ANR	2518	ExpressionStatement	"g_return_if_fail_warning ( ""Gimp-Base"" , __PRETTY_FUNCTION__ , ""srctile != NULL"" )"	504:6:13624:13699	2476	0	True				
ANR	2519	CallExpression	"g_return_if_fail_warning ( ""Gimp-Base"" , __PRETTY_FUNCTION__ , ""srctile != NULL"" )"		2476	0					
ANR	2520	Callee	g_return_if_fail_warning		2476	0					
ANR	2521	Identifier	g_return_if_fail_warning		2476	0					
ANR	2522	ArgumentList	"""Gimp-Base"""		2476	1					
ANR	2523	Argument	"""Gimp-Base"""		2476	0					
ANR	2524	PrimaryExpression	"""Gimp-Base"""		2476	0					
ANR	2525	Argument	__PRETTY_FUNCTION__		2476	1					
ANR	2526	Identifier	__PRETTY_FUNCTION__		2476	0					
ANR	2527	Argument	"""srctile != NULL"""		2476	2					
ANR	2528	PrimaryExpression	"""srctile != NULL"""		2476	0					
ANR	2529	ReturnStatement	return ;	505:6:13707:13714	2476	1	True				
ANR	2530	ExpressionStatement		507:4:13726:13726	2476	1	True				
ANR	2531	Condition	0	508:10:13738:13738	2476	1	True				
ANR	2532	PrimaryExpression	0		2476	0					
ANR	2533	ExpressionStatement	"tile_manager_map ( tm , tile_manager_get_tile_num ( tm , xpixel , ypixel ) , srctile )"	509:2:13744:13816	2476	2	True				
ANR	2534	CallExpression	"tile_manager_map ( tm , tile_manager_get_tile_num ( tm , xpixel , ypixel ) , srctile )"		2476	0					
ANR	2535	Callee	tile_manager_map		2476	0					
ANR	2536	Identifier	tile_manager_map		2476	0					
ANR	2537	ArgumentList	tm		2476	1					
ANR	2538	Argument	tm		2476	0					
ANR	2539	Identifier	tm		2476	0					
ANR	2540	Argument	"tile_manager_get_tile_num ( tm , xpixel , ypixel )"		2476	1					
ANR	2541	CallExpression	"tile_manager_get_tile_num ( tm , xpixel , ypixel )"		2476	0					
ANR	2542	Callee	tile_manager_get_tile_num		2476	0					
ANR	2543	Identifier	tile_manager_get_tile_num		2476	0					
ANR	2544	ArgumentList	tm		2476	1					
ANR	2545	Argument	tm		2476	0					
ANR	2546	Identifier	tm		2476	0					
ANR	2547	Argument	xpixel		2476	1					
ANR	2548	Identifier	xpixel		2476	0					
ANR	2549	Argument	ypixel		2476	2					
ANR	2550	Identifier	ypixel		2476	0					
ANR	2551	Argument	srctile		2476	2					
ANR	2552	Identifier	srctile		2476	0					
ANR	2553	ReturnType	void		2476	1					
ANR	2554	Identifier	tile_manager_map_tile		2476	2					
ANR	2555	ParameterList	"TileManager * tm , gint xpixel , gint ypixel , Tile * srctile"		2476	3					
ANR	2556	Parameter	TileManager * tm	489:27:13331:13345	2476	0	True				
ANR	2557	ParameterType	TileManager *		2476	0					
ANR	2558	Identifier	tm		2476	1					
ANR	2559	Parameter	gint xpixel	489:43:13347:13357	2476	1	True				
ANR	2560	ParameterType	gint		2476	0					
ANR	2561	Identifier	xpixel		2476	1					
ANR	2562	Parameter	gint ypixel	489:55:13359:13369	2476	2	True				
ANR	2563	ParameterType	gint		2476	0					
ANR	2564	Identifier	ypixel		2476	1					
ANR	2565	Parameter	Tile * srctile	489:67:13371:13383	2476	3	True				
ANR	2566	ParameterType	Tile *		2476	0					
ANR	2567	Identifier	srctile		2476	1					
ANR	2568	CFGEntryNode	ENTRY		2476		True				
ANR	2569	CFGExitNode	EXIT		2476		True				
ANR	2570	Symbol	__PRETTY_FUNCTION__		2476						
ANR	2571	Symbol	tm		2476						
ANR	2572	Symbol	ypixel		2476						
ANR	2573	Symbol	srctile		2476						
ANR	2574	Symbol	tile_manager_get_tile_num		2476						
ANR	2575	Symbol	xpixel		2476						
ANR	2576	Function	tile_manager_map	512:0:13821:15488							
ANR	2577	FunctionDef	"tile_manager_map (TileManager * tm , gint tile_num , Tile * srctile)"		2576	0					
ANR	2578	CompoundStatement		513:0:13888:15488	2576	0					
ANR	2579	IdentifierDeclStatement	Tile * tile ;	514:2:13892:13902	2576	0	True				
ANR	2580	IdentifierDecl	* tile		2576	0					
ANR	2581	IdentifierDeclType	Tile *		2576	0					
ANR	2582	Identifier	tile		2576	1					
ANR	2583	DoStatement	do		2576	1					
ANR	2584	CompoundStatement		3:5:20:20	2576	0					
ANR	2585	IfStatement	if ( tm != ( ( void * ) 0 ) )		2576	0					
ANR	2586	Condition	tm != ( ( void * ) 0 )	516:8:13919:13935	2576	0	True				
ANR	2587	EqualityExpression	tm != ( ( void * ) 0 )		2576	0		!=			
ANR	2588	Identifier	tm		2576	0					
ANR	2589	CastExpression	( void * ) 0		2576	1					
ANR	2590	CastTarget	void *		2576	0					
ANR	2591	PrimaryExpression	0		2576	1					
ANR	2592	CompoundStatement		4:27:49:49	2576	1					
ANR	2593	ElseStatement	else		2576	0					
ANR	2594	CompoundStatement		6:9:66:66	2576	0					
ANR	2595	ExpressionStatement	"g_return_if_fail_warning ( ""Gimp-Base"" , __PRETTY_FUNCTION__ , ""tm != NULL"" )"	519:6:13963:14033	2576	0	True				
ANR	2596	CallExpression	"g_return_if_fail_warning ( ""Gimp-Base"" , __PRETTY_FUNCTION__ , ""tm != NULL"" )"		2576	0					
ANR	2597	Callee	g_return_if_fail_warning		2576	0					
ANR	2598	Identifier	g_return_if_fail_warning		2576	0					
ANR	2599	ArgumentList	"""Gimp-Base"""		2576	1					
ANR	2600	Argument	"""Gimp-Base"""		2576	0					
ANR	2601	PrimaryExpression	"""Gimp-Base"""		2576	0					
ANR	2602	Argument	__PRETTY_FUNCTION__		2576	1					
ANR	2603	Identifier	__PRETTY_FUNCTION__		2576	0					
ANR	2604	Argument	"""tm != NULL"""		2576	2					
ANR	2605	PrimaryExpression	"""tm != NULL"""		2576	0					
ANR	2606	ReturnStatement	return ;	520:6:14041:14048	2576	1	True				
ANR	2607	ExpressionStatement		522:4:14060:14060	2576	1	True				
ANR	2608	Condition	0	523:10:14072:14072	2576	1	True				
ANR	2609	PrimaryExpression	0		2576	0					
ANR	2610	DoStatement	do		2576	2					
ANR	2611	CompoundStatement		12:5:192:192	2576	0					
ANR	2612	IfStatement	if ( srctile != ( ( void * ) 0 ) )		2576	0					
ANR	2613	Condition	srctile != ( ( void * ) 0 )	525:8:14091:14112	2576	0	True				
ANR	2614	EqualityExpression	srctile != ( ( void * ) 0 )		2576	0		!=			
ANR	2615	Identifier	srctile		2576	0					
ANR	2616	CastExpression	( void * ) 0		2576	1					
ANR	2617	CastTarget	void *		2576	0					
ANR	2618	PrimaryExpression	0		2576	1					
ANR	2619	CompoundStatement		13:32:226:226	2576	1					
ANR	2620	ElseStatement	else		2576	0					
ANR	2621	CompoundStatement		15:9:243:243	2576	0					
ANR	2622	ExpressionStatement	"g_return_if_fail_warning ( ""Gimp-Base"" , __PRETTY_FUNCTION__ , ""srctile != NULL"" )"	528:6:14140:14215	2576	0	True				
ANR	2623	CallExpression	"g_return_if_fail_warning ( ""Gimp-Base"" , __PRETTY_FUNCTION__ , ""srctile != NULL"" )"		2576	0					
ANR	2624	Callee	g_return_if_fail_warning		2576	0					
ANR	2625	Identifier	g_return_if_fail_warning		2576	0					
ANR	2626	ArgumentList	"""Gimp-Base"""		2576	1					
ANR	2627	Argument	"""Gimp-Base"""		2576	0					
ANR	2628	PrimaryExpression	"""Gimp-Base"""		2576	0					
ANR	2629	Argument	__PRETTY_FUNCTION__		2576	1					
ANR	2630	Identifier	__PRETTY_FUNCTION__		2576	0					
ANR	2631	Argument	"""srctile != NULL"""		2576	2					
ANR	2632	PrimaryExpression	"""srctile != NULL"""		2576	0					
ANR	2633	ReturnStatement	return ;	529:6:14223:14230	2576	1	True				
ANR	2634	ExpressionStatement		531:4:14242:14242	2576	1	True				
ANR	2635	Condition	0	532:10:14254:14254	2576	1	True				
ANR	2636	PrimaryExpression	0		2576	0					
ANR	2637	DoStatement	do		2576	3					
ANR	2638	CompoundStatement		21:5:374:374	2576	0					
ANR	2639	IfStatement	if ( tile_num >= 0 )		2576	0					
ANR	2640	Condition	tile_num >= 0	534:8:14273:14285	2576	0	True				
ANR	2641	RelationalExpression	tile_num >= 0		2576	0		>=			
ANR	2642	Identifier	tile_num		2576	0					
ANR	2643	PrimaryExpression	0		2576	1					
ANR	2644	CompoundStatement		22:23:399:399	2576	1					
ANR	2645	ElseStatement	else		2576	0					
ANR	2646	CompoundStatement		24:9:416:416	2576	0					
ANR	2647	ExpressionStatement	"g_return_if_fail_warning ( ""Gimp-Base"" , __PRETTY_FUNCTION__ , ""tile_num >= 0"" )"	537:6:14313:14386	2576	0	True				
ANR	2648	CallExpression	"g_return_if_fail_warning ( ""Gimp-Base"" , __PRETTY_FUNCTION__ , ""tile_num >= 0"" )"		2576	0					
ANR	2649	Callee	g_return_if_fail_warning		2576	0					
ANR	2650	Identifier	g_return_if_fail_warning		2576	0					
ANR	2651	ArgumentList	"""Gimp-Base"""		2576	1					
ANR	2652	Argument	"""Gimp-Base"""		2576	0					
ANR	2653	PrimaryExpression	"""Gimp-Base"""		2576	0					
ANR	2654	Argument	__PRETTY_FUNCTION__		2576	1					
ANR	2655	Identifier	__PRETTY_FUNCTION__		2576	0					
ANR	2656	Argument	"""tile_num >= 0"""		2576	2					
ANR	2657	PrimaryExpression	"""tile_num >= 0"""		2576	0					
ANR	2658	ReturnStatement	return ;	538:6:14394:14401	2576	1	True				
ANR	2659	ExpressionStatement		540:4:14413:14413	2576	1	True				
ANR	2660	Condition	0	541:10:14425:14425	2576	1	True				
ANR	2661	PrimaryExpression	0		2576	0					
ANR	2662	DoStatement	do		2576	4					
ANR	2663	CompoundStatement		30:5:545:545	2576	0					
ANR	2664	IfStatement	if ( tile_num < tm -> ntile_rows * tm -> ntile_cols )		2576	0					
ANR	2665	Condition	tile_num < tm -> ntile_rows * tm -> ntile_cols	543:8:14444:14489	2576	0	True				
ANR	2666	RelationalExpression	tile_num < tm -> ntile_rows * tm -> ntile_cols		2576	0		<			
ANR	2667	Identifier	tile_num		2576	0					
ANR	2668	MultiplicativeExpression	tm -> ntile_rows * tm -> ntile_cols		2576	1		*			
ANR	2669	PtrMemberAccess	tm -> ntile_rows		2576	0					
ANR	2670	Identifier	tm		2576	0					
ANR	2671	Identifier	ntile_rows		2576	1					
ANR	2672	PtrMemberAccess	tm -> ntile_cols		2576	1					
ANR	2673	Identifier	tm		2576	0					
ANR	2674	Identifier	ntile_cols		2576	1					
ANR	2675	CompoundStatement		31:56:603:603	2576	1					
ANR	2676	ElseStatement	else		2576	0					
ANR	2677	CompoundStatement		33:9:620:620	2576	0					
ANR	2678	ExpressionStatement	"g_return_if_fail_warning ( ""Gimp-Base"" , __PRETTY_FUNCTION__ , ""tile_num < tm->ntile_rows * tm->ntile_cols"" )"	546:6:14517:14619	2576	0	True				
ANR	2679	CallExpression	"g_return_if_fail_warning ( ""Gimp-Base"" , __PRETTY_FUNCTION__ , ""tile_num < tm->ntile_rows * tm->ntile_cols"" )"		2576	0					
ANR	2680	Callee	g_return_if_fail_warning		2576	0					
ANR	2681	Identifier	g_return_if_fail_warning		2576	0					
ANR	2682	ArgumentList	"""Gimp-Base"""		2576	1					
ANR	2683	Argument	"""Gimp-Base"""		2576	0					
ANR	2684	PrimaryExpression	"""Gimp-Base"""		2576	0					
ANR	2685	Argument	__PRETTY_FUNCTION__		2576	1					
ANR	2686	Identifier	__PRETTY_FUNCTION__		2576	0					
ANR	2687	Argument	"""tile_num < tm->ntile_rows * tm->ntile_cols"""		2576	2					
ANR	2688	PrimaryExpression	"""tile_num < tm->ntile_rows * tm->ntile_cols"""		2576	0					
ANR	2689	ReturnStatement	return ;	547:6:14627:14634	2576	1	True				
ANR	2690	ExpressionStatement		549:4:14646:14646	2576	1	True				
ANR	2691	Condition	0	550:10:14658:14658	2576	1	True				
ANR	2692	PrimaryExpression	0		2576	0					
ANR	2693	IfStatement	if ( ! tm -> tiles )		2576	5					
ANR	2694	Condition	! tm -> tiles	551:6:14668:14679	2576	0	True				
ANR	2695	UnaryOperationExpression	! tm -> tiles		2576	0					
ANR	2696	UnaryOperator	!		2576	0					
ANR	2697	PtrMemberAccess	tm -> tiles		2576	1					
ANR	2698	Identifier	tm		2576	0					
ANR	2699	Identifier	tiles		2576	1					
ANR	2700	CompoundStatement		39:20:793:793	2576	1					
ANR	2701	ExpressionStatement	"g_log ( ""Gimp-Base"" , G_LOG_LEVEL_WARNING , ""%s: empty tile level - initializing"" , ""tile-manager.c:492"" )"	552:4:14688:14785	2576	0	True				
ANR	2702	CallExpression	"g_log ( ""Gimp-Base"" , G_LOG_LEVEL_WARNING , ""%s: empty tile level - initializing"" , ""tile-manager.c:492"" )"		2576	0					
ANR	2703	Callee	g_log		2576	0					
ANR	2704	Identifier	g_log		2576	0					
ANR	2705	ArgumentList	"""Gimp-Base"""		2576	1					
ANR	2706	Argument	"""Gimp-Base"""		2576	0					
ANR	2707	PrimaryExpression	"""Gimp-Base"""		2576	0					
ANR	2708	Argument	G_LOG_LEVEL_WARNING		2576	1					
ANR	2709	Identifier	G_LOG_LEVEL_WARNING		2576	0					
ANR	2710	Argument	"""%s: empty tile level - initializing"""		2576	2					
ANR	2711	PrimaryExpression	"""%s: empty tile level - initializing"""		2576	0					
ANR	2712	Argument	"""tile-manager.c:492"""		2576	3					
ANR	2713	PrimaryExpression	"""tile-manager.c:492"""		2576	0					
ANR	2714	ExpressionStatement	tile_manager_allocate_tiles ( tm )	553:4:14791:14822	2576	1	True				
ANR	2715	CallExpression	tile_manager_allocate_tiles ( tm )		2576	0					
ANR	2716	Callee	tile_manager_allocate_tiles		2576	0					
ANR	2717	Identifier	tile_manager_allocate_tiles		2576	0					
ANR	2718	ArgumentList	tm		2576	1					
ANR	2719	Argument	tm		2576	0					
ANR	2720	Identifier	tm		2576	0					
ANR	2721	ExpressionStatement	tile = tm -> tiles [ tile_num ]	555:2:14830:14858	2576	6	True				
ANR	2722	AssignmentExpression	tile = tm -> tiles [ tile_num ]		2576	0		=			
ANR	2723	Identifier	tile		2576	0					
ANR	2724	ArrayIndexing	tm -> tiles [ tile_num ]		2576	1					
ANR	2725	PtrMemberAccess	tm -> tiles		2576	0					
ANR	2726	Identifier	tm		2576	0					
ANR	2727	Identifier	tiles		2576	1					
ANR	2728	Identifier	tile_num		2576	1					
ANR	2729	IfStatement	if ( ! srctile -> valid )		2576	7					
ANR	2730	Condition	! srctile -> valid	558:6:14899:14915	2576	0	True				
ANR	2731	UnaryOperationExpression	! srctile -> valid		2576	0					
ANR	2732	UnaryOperator	!		2576	0					
ANR	2733	PtrMemberAccess	srctile -> valid		2576	1					
ANR	2734	Identifier	srctile		2576	0					
ANR	2735	Identifier	valid		2576	1					
ANR	2736	CompoundStatement		46:25:1029:1029	2576	1					
ANR	2737	ExpressionStatement	"g_log ( ""Gimp-Base"" , G_LOG_LEVEL_WARNING , ""%s: srctile not validated yet!  please report"" , ""tile-manager.c:504"" )"	559:4:14924:15031	2576	0	True				
ANR	2738	CallExpression	"g_log ( ""Gimp-Base"" , G_LOG_LEVEL_WARNING , ""%s: srctile not validated yet!  please report"" , ""tile-manager.c:504"" )"		2576	0					
ANR	2739	Callee	g_log		2576	0					
ANR	2740	Identifier	g_log		2576	0					
ANR	2741	ArgumentList	"""Gimp-Base"""		2576	1					
ANR	2742	Argument	"""Gimp-Base"""		2576	0					
ANR	2743	PrimaryExpression	"""Gimp-Base"""		2576	0					
ANR	2744	Argument	G_LOG_LEVEL_WARNING		2576	1					
ANR	2745	Identifier	G_LOG_LEVEL_WARNING		2576	0					
ANR	2746	Argument	"""%s: srctile not validated yet!  please report"""		2576	2					
ANR	2747	PrimaryExpression	"""%s: srctile not validated yet!  please report"""		2576	0					
ANR	2748	Argument	"""tile-manager.c:504"""		2576	3					
ANR	2749	PrimaryExpression	"""tile-manager.c:504"""		2576	0					
ANR	2750	IfStatement	if ( ( tile -> ewidth ) != ( srctile -> ewidth ) || ( tile -> eheight ) != ( srctile -> eheight ) || ( tile -> bpp ) != ( srctile -> bpp ) )		2576	8					
ANR	2751	Condition	( tile -> ewidth ) != ( srctile -> ewidth ) || ( tile -> eheight ) != ( srctile -> eheight ) || ( tile -> bpp ) != ( srctile -> bpp )	561:6:15043:15163	2576	0	True				
ANR	2752	OrExpression	( tile -> ewidth ) != ( srctile -> ewidth ) || ( tile -> eheight ) != ( srctile -> eheight ) || ( tile -> bpp ) != ( srctile -> bpp )		2576	0		||			
ANR	2753	EqualityExpression	( tile -> ewidth ) != ( srctile -> ewidth )		2576	0		!=			
ANR	2754	PtrMemberAccess	tile -> ewidth		2576	0					
ANR	2755	Identifier	tile		2576	0					
ANR	2756	Identifier	ewidth		2576	1					
ANR	2757	PtrMemberAccess	srctile -> ewidth		2576	1					
ANR	2758	Identifier	srctile		2576	0					
ANR	2759	Identifier	ewidth		2576	1					
ANR	2760	OrExpression	( tile -> eheight ) != ( srctile -> eheight ) || ( tile -> bpp ) != ( srctile -> bpp )		2576	1		||			
ANR	2761	EqualityExpression	( tile -> eheight ) != ( srctile -> eheight )		2576	0		!=			
ANR	2762	PtrMemberAccess	tile -> eheight		2576	0					
ANR	2763	Identifier	tile		2576	0					
ANR	2764	Identifier	eheight		2576	1					
ANR	2765	PtrMemberAccess	srctile -> eheight		2576	1					
ANR	2766	Identifier	srctile		2576	0					
ANR	2767	Identifier	eheight		2576	1					
ANR	2768	EqualityExpression	( tile -> bpp ) != ( srctile -> bpp )		2576	1		!=			
ANR	2769	PtrMemberAccess	tile -> bpp		2576	0					
ANR	2770	Identifier	tile		2576	0					
ANR	2771	Identifier	bpp		2576	1					
ANR	2772	PtrMemberAccess	srctile -> bpp		2576	1					
ANR	2773	Identifier	srctile		2576	0					
ANR	2774	Identifier	bpp		2576	1					
ANR	2775	CompoundStatement		49:129:1277:1277	2576	1					
ANR	2776	ExpressionStatement	"g_log ( ""Gimp-Base"" , G_LOG_LEVEL_WARNING , ""%s: nonconformant map (%p -> %p)"" , ""tile-manager.c:511"" , srctile , tile )"	562:4:15172:15279	2576	0	True				
ANR	2777	CallExpression	"g_log ( ""Gimp-Base"" , G_LOG_LEVEL_WARNING , ""%s: nonconformant map (%p -> %p)"" , ""tile-manager.c:511"" , srctile , tile )"		2576	0					
ANR	2778	Callee	g_log		2576	0					
ANR	2779	Identifier	g_log		2576	0					
ANR	2780	ArgumentList	"""Gimp-Base"""		2576	1					
ANR	2781	Argument	"""Gimp-Base"""		2576	0					
ANR	2782	PrimaryExpression	"""Gimp-Base"""		2576	0					
ANR	2783	Argument	G_LOG_LEVEL_WARNING		2576	1					
ANR	2784	Identifier	G_LOG_LEVEL_WARNING		2576	0					
ANR	2785	Argument	"""%s: nonconformant map (%p -> %p)"""		2576	2					
ANR	2786	PrimaryExpression	"""%s: nonconformant map (%p -> %p)"""		2576	0					
ANR	2787	Argument	"""tile-manager.c:511"""		2576	3					
ANR	2788	PrimaryExpression	"""tile-manager.c:511"""		2576	0					
ANR	2789	Argument	srctile		2576	4					
ANR	2790	Identifier	srctile		2576	0					
ANR	2791	Argument	tile		2576	5					
ANR	2792	Identifier	tile		2576	0					
ANR	2793	ExpressionStatement	"tile_detach ( tile , tm , tile_num )"	564:2:15287:15316	2576	9	True				
ANR	2794	CallExpression	"tile_detach ( tile , tm , tile_num )"		2576	0					
ANR	2795	Callee	tile_detach		2576	0					
ANR	2796	Identifier	tile_detach		2576	0					
ANR	2797	ArgumentList	tile		2576	1					
ANR	2798	Argument	tile		2576	0					
ANR	2799	Identifier	tile		2576	0					
ANR	2800	Argument	tm		2576	1					
ANR	2801	Identifier	tm		2576	0					
ANR	2802	Argument	tile_num		2576	2					
ANR	2803	Identifier	tile_num		2576	0					
ANR	2804	ExpressionStatement	"tile_attach ( srctile , tm , tile_num )"	569:2:15386:15418	2576	10	True				
ANR	2805	CallExpression	"tile_attach ( srctile , tm , tile_num )"		2576	0					
ANR	2806	Callee	tile_attach		2576	0					
ANR	2807	Identifier	tile_attach		2576	0					
ANR	2808	ArgumentList	srctile		2576	1					
ANR	2809	Argument	srctile		2576	0					
ANR	2810	Identifier	srctile		2576	0					
ANR	2811	Argument	tm		2576	1					
ANR	2812	Identifier	tm		2576	0					
ANR	2813	Argument	tile_num		2576	2					
ANR	2814	Identifier	tile_num		2576	0					
ANR	2815	ExpressionStatement	tm -> tiles [ tile_num ] = srctile	570:2:15422:15453	2576	11	True				
ANR	2816	AssignmentExpression	tm -> tiles [ tile_num ] = srctile		2576	0		=			
ANR	2817	ArrayIndexing	tm -> tiles [ tile_num ]		2576	0					
ANR	2818	PtrMemberAccess	tm -> tiles		2576	0					
ANR	2819	Identifier	tm		2576	0					
ANR	2820	Identifier	tiles		2576	1					
ANR	2821	Identifier	tile_num		2576	1					
ANR	2822	Identifier	srctile		2576	1					
ANR	2823	ReturnType	void		2576	1					
ANR	2824	Identifier	tile_manager_map		2576	2					
ANR	2825	ParameterList	"TileManager * tm , gint tile_num , Tile * srctile"		2576	3					
ANR	2826	Parameter	TileManager * tm	512:22:13843:13857	2576	0	True				
ANR	2827	ParameterType	TileManager *		2576	0					
ANR	2828	Identifier	tm		2576	1					
ANR	2829	Parameter	gint tile_num	512:38:13859:13871	2576	1	True				
ANR	2830	ParameterType	gint		2576	0					
ANR	2831	Identifier	tile_num		2576	1					
ANR	2832	Parameter	Tile * srctile	512:52:13873:13885	2576	2	True				
ANR	2833	ParameterType	Tile *		2576	0					
ANR	2834	Identifier	srctile		2576	1					
ANR	2835	CFGEntryNode	ENTRY		2576		True				
ANR	2836	CFGExitNode	EXIT		2576		True				
ANR	2837	Symbol	* tile		2576						
ANR	2838	Symbol	__PRETTY_FUNCTION__		2576						
ANR	2839	Symbol	* srctile		2576						
ANR	2840	Symbol	tile -> bpp		2576						
ANR	2841	Symbol	srctile -> valid		2576						
ANR	2842	Symbol	srctile -> ewidth		2576						
ANR	2843	Symbol	tm -> tiles		2576						
ANR	2844	Symbol	* * tm		2576						
ANR	2845	Symbol	* tm -> tiles		2576						
ANR	2846	Symbol	tile -> eheight		2576						
ANR	2847	Symbol	tile_num		2576						
ANR	2848	Symbol	srctile		2576						
ANR	2849	Symbol	tm -> ntile_cols		2576						
ANR	2850	Symbol	srctile -> bpp		2576						
ANR	2851	Symbol	* tile_num		2576						
ANR	2852	Symbol	srctile -> eheight		2576						
ANR	2853	Symbol	tile		2576						
ANR	2854	Symbol	G_LOG_LEVEL_WARNING		2576						
ANR	2855	Symbol	tile -> ewidth		2576						
ANR	2856	Symbol	tm		2576						
ANR	2857	Symbol	* tm		2576						
ANR	2858	Symbol	tm -> ntile_rows		2576						
ANR	2859	Function	tile_manager_invalidate_area	575:0:15491:15848							
ANR	2860	FunctionDef	"tile_manager_invalidate_area (TileManager * tm , gint x , gint y , gint w , gint h)"		2859	0					
ANR	2861	CompoundStatement		576:0:15570:15848	2859	0					
ANR	2862	IdentifierDeclStatement	gint i ;	577:2:15574:15580	2859	0	True				
ANR	2863	IdentifierDecl	i		2859	0					
ANR	2864	IdentifierDeclType	gint		2859	0					
ANR	2865	Identifier	i		2859	1					
ANR	2866	IdentifierDeclStatement	gint j ;	578:2:15584:15590	2859	1	True				
ANR	2867	IdentifierDecl	j		2859	0					
ANR	2868	IdentifierDeclType	gint		2859	0					
ANR	2869	Identifier	j		2859	1					
ANR	2870	IfStatement	if ( ! tm -> tiles )		2859	2					
ANR	2871	Condition	! tm -> tiles	580:6:15673:15684	2859	0	True				
ANR	2872	UnaryOperationExpression	! tm -> tiles		2859	0					
ANR	2873	UnaryOperator	!		2859	0					
ANR	2874	PtrMemberAccess	tm -> tiles		2859	1					
ANR	2875	Identifier	tm		2859	0					
ANR	2876	Identifier	tiles		2859	1					
ANR	2877	CompoundStatement		5:20:116:116	2859	1					
ANR	2878	ReturnStatement	return ;	581:4:15693:15700	2859	0	True				
ANR	2879	ForStatement	for ( i = y ; i < y + h ; i += 64 - i % 64 )		2859	3					
ANR	2880	ForInit	i = y ;	583:7:15713:15718	2859	0	True				
ANR	2881	AssignmentExpression	i = y		2859	0		=			
ANR	2882	Identifier	i		2859	0					
ANR	2883	Identifier	y		2859	1					
ANR	2884	Condition	i < y + h	583:14:15720:15728	2859	1	True				
ANR	2885	RelationalExpression	i < y + h		2859	0		<			
ANR	2886	Identifier	i		2859	0					
ANR	2887	AdditiveExpression	y + h		2859	1		+			
ANR	2888	Identifier	y		2859	0					
ANR	2889	Identifier	h		2859	1					
ANR	2890	AssignmentExpression	i += 64 - i % 64	583:25:15731:15746	2859	2	True	+=			
ANR	2891	Identifier	i		2859	0					
ANR	2892	AdditiveExpression	64 - i % 64		2859	1		-			
ANR	2893	PrimaryExpression	64		2859	0					
ANR	2894	MultiplicativeExpression	i % 64		2859	1		%			
ANR	2895	Identifier	i		2859	0					
ANR	2896	PrimaryExpression	64		2859	1					
ANR	2897	ForStatement	for ( j = x ; j < x + w ; j += 64 - j % 64 )		2859	3					
ANR	2898	ForInit	j = x ;	584:9:15759:15764	2859	0	True				
ANR	2899	AssignmentExpression	j = x		2859	0		=			
ANR	2900	Identifier	j		2859	0					
ANR	2901	Identifier	x		2859	1					
ANR	2902	Condition	j < x + w	584:16:15766:15774	2859	1	True				
ANR	2903	RelationalExpression	j < x + w		2859	0		<			
ANR	2904	Identifier	j		2859	0					
ANR	2905	AdditiveExpression	x + w		2859	1		+			
ANR	2906	Identifier	x		2859	0					
ANR	2907	Identifier	w		2859	1					
ANR	2908	AssignmentExpression	j += 64 - j % 64	584:27:15777:15792	2859	2	True	+=			
ANR	2909	Identifier	j		2859	0					
ANR	2910	AdditiveExpression	64 - j % 64		2859	1		-			
ANR	2911	PrimaryExpression	64		2859	0					
ANR	2912	MultiplicativeExpression	j % 64		2859	1		%			
ANR	2913	Identifier	j		2859	0					
ANR	2914	PrimaryExpression	64		2859	1					
ANR	2915	CompoundStatement		9:45:224:224	2859	3					
ANR	2916	ExpressionStatement	"tile_manager_invalidate_pixel ( tm , j , i )"	585:6:15803:15840	2859	0	True				
ANR	2917	CallExpression	"tile_manager_invalidate_pixel ( tm , j , i )"		2859	0					
ANR	2918	Callee	tile_manager_invalidate_pixel		2859	0					
ANR	2919	Identifier	tile_manager_invalidate_pixel		2859	0					
ANR	2920	ArgumentList	tm		2859	1					
ANR	2921	Argument	tm		2859	0					
ANR	2922	Identifier	tm		2859	0					
ANR	2923	Argument	j		2859	1					
ANR	2924	Identifier	j		2859	0					
ANR	2925	Argument	i		2859	2					
ANR	2926	Identifier	i		2859	0					
ANR	2927	ReturnType	void		2859	1					
ANR	2928	Identifier	tile_manager_invalidate_area		2859	2					
ANR	2929	ParameterList	"TileManager * tm , gint x , gint y , gint w , gint h"		2859	3					
ANR	2930	Parameter	TileManager * tm	575:34:15525:15539	2859	0	True				
ANR	2931	ParameterType	TileManager *		2859	0					
ANR	2932	Identifier	tm		2859	1					
ANR	2933	Parameter	gint x	575:50:15541:15546	2859	1	True				
ANR	2934	ParameterType	gint		2859	0					
ANR	2935	Identifier	x		2859	1					
ANR	2936	Parameter	gint y	575:57:15548:15553	2859	2	True				
ANR	2937	ParameterType	gint		2859	0					
ANR	2938	Identifier	y		2859	1					
ANR	2939	Parameter	gint w	575:64:15555:15560	2859	3	True				
ANR	2940	ParameterType	gint		2859	0					
ANR	2941	Identifier	w		2859	1					
ANR	2942	Parameter	gint h	575:71:15562:15567	2859	4	True				
ANR	2943	ParameterType	gint		2859	0					
ANR	2944	Identifier	h		2859	1					
ANR	2945	CFGEntryNode	ENTRY		2859		True				
ANR	2946	CFGExitNode	EXIT		2859		True				
ANR	2947	Symbol	w		2859						
ANR	2948	Symbol	tm -> tiles		2859						
ANR	2949	Symbol	x		2859						
ANR	2950	Symbol	h		2859						
ANR	2951	Symbol	tm		2859						
ANR	2952	Symbol	y		2859						
ANR	2953	Symbol	i		2859						
ANR	2954	Symbol	j		2859						
ANR	2955	Symbol	* tm		2859						
ANR	2956	Function	tile_manager_width	589:0:15851:16095							
ANR	2957	FunctionDef	tile_manager_width (const TileManager * tm)		2956	0					
ANR	2958	CompoundStatement		590:0:15898:16095	2956	0					
ANR	2959	DoStatement	do		2956	0					
ANR	2960	CompoundStatement		2:5:6:6	2956	0					
ANR	2961	IfStatement	if ( tm != ( ( void * ) 0 ) )		2956	0					
ANR	2962	Condition	tm != ( ( void * ) 0 )	592:8:15915:15931	2956	0	True				
ANR	2963	EqualityExpression	tm != ( ( void * ) 0 )		2956	0		!=			
ANR	2964	Identifier	tm		2956	0					
ANR	2965	CastExpression	( void * ) 0		2956	1					
ANR	2966	CastTarget	void *		2956	0					
ANR	2967	PrimaryExpression	0		2956	1					
ANR	2968	CompoundStatement		3:27:35:35	2956	1					
ANR	2969	ElseStatement	else		2956	0					
ANR	2970	CompoundStatement		5:9:52:52	2956	0					
ANR	2971	ExpressionStatement	"g_return_if_fail_warning ( ""Gimp-Base"" , __PRETTY_FUNCTION__ , ""tm != NULL"" )"	595:6:15959:16029	2956	0	True				
ANR	2972	CallExpression	"g_return_if_fail_warning ( ""Gimp-Base"" , __PRETTY_FUNCTION__ , ""tm != NULL"" )"		2956	0					
ANR	2973	Callee	g_return_if_fail_warning		2956	0					
ANR	2974	Identifier	g_return_if_fail_warning		2956	0					
ANR	2975	ArgumentList	"""Gimp-Base"""		2956	1					
ANR	2976	Argument	"""Gimp-Base"""		2956	0					
ANR	2977	PrimaryExpression	"""Gimp-Base"""		2956	0					
ANR	2978	Argument	__PRETTY_FUNCTION__		2956	1					
ANR	2979	Identifier	__PRETTY_FUNCTION__		2956	0					
ANR	2980	Argument	"""tm != NULL"""		2956	2					
ANR	2981	PrimaryExpression	"""tm != NULL"""		2956	0					
ANR	2982	ReturnStatement	return 0 ;	596:6:16037:16045	2956	1	True				
ANR	2983	PrimaryExpression	0		2956	0					
ANR	2984	ExpressionStatement		598:4:16057:16057	2956	1	True				
ANR	2985	Condition	0	599:10:16069:16069	2956	1	True				
ANR	2986	PrimaryExpression	0		2956	0					
ANR	2987	ReturnStatement	return tm -> width ;	600:2:16075:16093	2956	1	True				
ANR	2988	PtrMemberAccess	tm -> width		2956	0					
ANR	2989	Identifier	tm		2956	0					
ANR	2990	Identifier	width		2956	1					
ANR	2991	ReturnType	gint		2956	1					
ANR	2992	Identifier	tile_manager_width		2956	2					
ANR	2993	ParameterList	const TileManager * tm		2956	3					
ANR	2994	Parameter	const TileManager * tm	589:24:15875:15895	2956	0	True				
ANR	2995	ParameterType	const TileManager *		2956	0					
ANR	2996	Identifier	tm		2956	1					
ANR	2997	CFGEntryNode	ENTRY		2956		True				
ANR	2998	CFGExitNode	EXIT		2956		True				
ANR	2999	Symbol	__PRETTY_FUNCTION__		2956						
ANR	3000	Symbol	tm		2956						
ANR	3001	Symbol	tm -> width		2956						
ANR	3002	Symbol	* tm		2956						
ANR	3003	Function	tile_manager_height	603:0:16098:16344							
ANR	3004	FunctionDef	tile_manager_height (const TileManager * tm)		3003	0					
ANR	3005	CompoundStatement		604:0:16146:16344	3003	0					
ANR	3006	DoStatement	do		3003	0					
ANR	3007	CompoundStatement		2:5:6:6	3003	0					
ANR	3008	IfStatement	if ( tm != ( ( void * ) 0 ) )		3003	0					
ANR	3009	Condition	tm != ( ( void * ) 0 )	606:8:16163:16179	3003	0	True				
ANR	3010	EqualityExpression	tm != ( ( void * ) 0 )		3003	0		!=			
ANR	3011	Identifier	tm		3003	0					
ANR	3012	CastExpression	( void * ) 0		3003	1					
ANR	3013	CastTarget	void *		3003	0					
ANR	3014	PrimaryExpression	0		3003	1					
ANR	3015	CompoundStatement		3:27:35:35	3003	1					
ANR	3016	ElseStatement	else		3003	0					
ANR	3017	CompoundStatement		5:9:52:52	3003	0					
ANR	3018	ExpressionStatement	"g_return_if_fail_warning ( ""Gimp-Base"" , __PRETTY_FUNCTION__ , ""tm != NULL"" )"	609:6:16207:16277	3003	0	True				
ANR	3019	CallExpression	"g_return_if_fail_warning ( ""Gimp-Base"" , __PRETTY_FUNCTION__ , ""tm != NULL"" )"		3003	0					
ANR	3020	Callee	g_return_if_fail_warning		3003	0					
ANR	3021	Identifier	g_return_if_fail_warning		3003	0					
ANR	3022	ArgumentList	"""Gimp-Base"""		3003	1					
ANR	3023	Argument	"""Gimp-Base"""		3003	0					
ANR	3024	PrimaryExpression	"""Gimp-Base"""		3003	0					
ANR	3025	Argument	__PRETTY_FUNCTION__		3003	1					
ANR	3026	Identifier	__PRETTY_FUNCTION__		3003	0					
ANR	3027	Argument	"""tm != NULL"""		3003	2					
ANR	3028	PrimaryExpression	"""tm != NULL"""		3003	0					
ANR	3029	ReturnStatement	return 0 ;	610:6:16285:16293	3003	1	True				
ANR	3030	PrimaryExpression	0		3003	0					
ANR	3031	ExpressionStatement		612:4:16305:16305	3003	1	True				
ANR	3032	Condition	0	613:10:16317:16317	3003	1	True				
ANR	3033	PrimaryExpression	0		3003	0					
ANR	3034	ReturnStatement	return tm -> height ;	614:2:16323:16342	3003	1	True				
ANR	3035	PtrMemberAccess	tm -> height		3003	0					
ANR	3036	Identifier	tm		3003	0					
ANR	3037	Identifier	height		3003	1					
ANR	3038	ReturnType	gint		3003	1					
ANR	3039	Identifier	tile_manager_height		3003	2					
ANR	3040	ParameterList	const TileManager * tm		3003	3					
ANR	3041	Parameter	const TileManager * tm	603:25:16123:16143	3003	0	True				
ANR	3042	ParameterType	const TileManager *		3003	0					
ANR	3043	Identifier	tm		3003	1					
ANR	3044	CFGEntryNode	ENTRY		3003		True				
ANR	3045	CFGExitNode	EXIT		3003		True				
ANR	3046	Symbol	__PRETTY_FUNCTION__		3003						
ANR	3047	Symbol	tm -> height		3003						
ANR	3048	Symbol	tm		3003						
ANR	3049	Symbol	* tm		3003						
ANR	3050	Function	tile_manager_bpp	617:0:16347:16587							
ANR	3051	FunctionDef	tile_manager_bpp (const TileManager * tm)		3050	0					
ANR	3052	CompoundStatement		618:0:16392:16587	3050	0					
ANR	3053	DoStatement	do		3050	0					
ANR	3054	CompoundStatement		2:5:6:6	3050	0					
ANR	3055	IfStatement	if ( tm != ( ( void * ) 0 ) )		3050	0					
ANR	3056	Condition	tm != ( ( void * ) 0 )	620:8:16409:16425	3050	0	True				
ANR	3057	EqualityExpression	tm != ( ( void * ) 0 )		3050	0		!=			
ANR	3058	Identifier	tm		3050	0					
ANR	3059	CastExpression	( void * ) 0		3050	1					
ANR	3060	CastTarget	void *		3050	0					
ANR	3061	PrimaryExpression	0		3050	1					
ANR	3062	CompoundStatement		3:27:35:35	3050	1					
ANR	3063	ElseStatement	else		3050	0					
ANR	3064	CompoundStatement		5:9:52:52	3050	0					
ANR	3065	ExpressionStatement	"g_return_if_fail_warning ( ""Gimp-Base"" , __PRETTY_FUNCTION__ , ""tm != NULL"" )"	623:6:16453:16523	3050	0	True				
ANR	3066	CallExpression	"g_return_if_fail_warning ( ""Gimp-Base"" , __PRETTY_FUNCTION__ , ""tm != NULL"" )"		3050	0					
ANR	3067	Callee	g_return_if_fail_warning		3050	0					
ANR	3068	Identifier	g_return_if_fail_warning		3050	0					
ANR	3069	ArgumentList	"""Gimp-Base"""		3050	1					
ANR	3070	Argument	"""Gimp-Base"""		3050	0					
ANR	3071	PrimaryExpression	"""Gimp-Base"""		3050	0					
ANR	3072	Argument	__PRETTY_FUNCTION__		3050	1					
ANR	3073	Identifier	__PRETTY_FUNCTION__		3050	0					
ANR	3074	Argument	"""tm != NULL"""		3050	2					
ANR	3075	PrimaryExpression	"""tm != NULL"""		3050	0					
ANR	3076	ReturnStatement	return 0 ;	624:6:16531:16539	3050	1	True				
ANR	3077	PrimaryExpression	0		3050	0					
ANR	3078	ExpressionStatement		626:4:16551:16551	3050	1	True				
ANR	3079	Condition	0	627:10:16563:16563	3050	1	True				
ANR	3080	PrimaryExpression	0		3050	0					
ANR	3081	ReturnStatement	return tm -> bpp ;	628:2:16569:16585	3050	1	True				
ANR	3082	PtrMemberAccess	tm -> bpp		3050	0					
ANR	3083	Identifier	tm		3050	0					
ANR	3084	Identifier	bpp		3050	1					
ANR	3085	ReturnType	gint		3050	1					
ANR	3086	Identifier	tile_manager_bpp		3050	2					
ANR	3087	ParameterList	const TileManager * tm		3050	3					
ANR	3088	Parameter	const TileManager * tm	617:22:16369:16389	3050	0	True				
ANR	3089	ParameterType	const TileManager *		3050	0					
ANR	3090	Identifier	tm		3050	1					
ANR	3091	CFGEntryNode	ENTRY		3050		True				
ANR	3092	CFGExitNode	EXIT		3050		True				
ANR	3093	Symbol	__PRETTY_FUNCTION__		3050						
ANR	3094	Symbol	tm -> bpp		3050						
ANR	3095	Symbol	tm		3050						
ANR	3096	Symbol	* tm		3050						
ANR	3097	Function	tile_manager_get_memsize	631:0:16590:17399							
ANR	3098	FunctionDef	"tile_manager_get_memsize (const TileManager * tm , gboolean sparse)"		3097	0					
ANR	3099	CompoundStatement		632:0:16661:17399	3097	0					
ANR	3100	IdentifierDeclStatement	gint64 memsize = ( sizeof ( TileManager ) ) ;	634:2:16697:16736	3097	0	True				
ANR	3101	IdentifierDecl	memsize = ( sizeof ( TileManager ) )		3097	0					
ANR	3102	IdentifierDeclType	gint64		3097	0					
ANR	3103	Identifier	memsize		3097	1					
ANR	3104	AssignmentExpression	memsize = ( sizeof ( TileManager ) )		3097	2		=			
ANR	3105	Identifier	memsize		3097	0					
ANR	3106	SizeofExpression	sizeof ( TileManager )		3097	1					
ANR	3107	Sizeof	sizeof		3097	0					
ANR	3108	SizeofOperand	TileManager		3097	1					
ANR	3109	IfStatement	if ( ! tm )		3097	1					
ANR	3110	Condition	! tm	635:6:16744:16746	3097	0	True				
ANR	3111	UnaryOperationExpression	! tm		3097	0					
ANR	3112	UnaryOperator	!		3097	0					
ANR	3113	Identifier	tm		3097	1					
ANR	3114	CompoundStatement		4:11:87:87	3097	1					
ANR	3115	ReturnStatement	return 0 ;	636:4:16755:16763	3097	0	True				
ANR	3116	PrimaryExpression	0		3097	0					
ANR	3117	ExpressionStatement	memsize += ( ( ( gint64 ) ( tm -> ntile_rows ) ) * ( tm -> ntile_cols ) ) * ( sizeof ( Tile ) + sizeof ( gpointer ) )	639:2:16798:16899	3097	2	True				
ANR	3118	AssignmentExpression	memsize += ( ( ( gint64 ) ( tm -> ntile_rows ) ) * ( tm -> ntile_cols ) ) * ( sizeof ( Tile ) + sizeof ( gpointer ) )		3097	0		+=			
ANR	3119	Identifier	memsize		3097	0					
ANR	3120	MultiplicativeExpression	( ( ( gint64 ) ( tm -> ntile_rows ) ) * ( tm -> ntile_cols ) ) * ( sizeof ( Tile ) + sizeof ( gpointer ) )		3097	1		*			
ANR	3121	MultiplicativeExpression	( ( gint64 ) ( tm -> ntile_rows ) ) * ( tm -> ntile_cols )		3097	0		*			
ANR	3122	CastExpression	( gint64 ) ( tm -> ntile_rows )		3097	0					
ANR	3123	CastTarget	gint64		3097	0					
ANR	3124	PtrMemberAccess	tm -> ntile_rows		3097	1					
ANR	3125	Identifier	tm		3097	0					
ANR	3126	Identifier	ntile_rows		3097	1					
ANR	3127	PtrMemberAccess	tm -> ntile_cols		3097	1					
ANR	3128	Identifier	tm		3097	0					
ANR	3129	Identifier	ntile_cols		3097	1					
ANR	3130	AdditiveExpression	sizeof ( Tile ) + sizeof ( gpointer )		3097	1		+			
ANR	3131	SizeofExpression	sizeof ( Tile )		3097	0					
ANR	3132	Sizeof	sizeof		3097	0					
ANR	3133	SizeofOperand	Tile		3097	1					
ANR	3134	SizeofExpression	sizeof ( gpointer )		3097	1					
ANR	3135	Sizeof	sizeof		3097	0					
ANR	3136	SizeofOperand	gpointer		3097	1					
ANR	3137	IfStatement	if ( sparse )		3097	3					
ANR	3138	Condition	sparse	641:6:16950:16955	3097	0	True				
ANR	3139	Identifier	sparse		3097	0					
ANR	3140	CompoundStatement		10:14:296:296	3097	1					
ANR	3141	IfStatement	if ( tm -> tiles )		3097	0					
ANR	3142	Condition	tm -> tiles	642:8:16968:16978	3097	0	True				
ANR	3143	PtrMemberAccess	tm -> tiles		3097	0					
ANR	3144	Identifier	tm		3097	0					
ANR	3145	Identifier	tiles		3097	1					
ANR	3146	CompoundStatement		15:6:418:424	3097	1					
ANR	3147	IdentifierDeclStatement	Tile * * tiles = tm -> tiles ;	643:6:16989:17015	3097	0	True				
ANR	3148	IdentifierDecl	* * tiles = tm -> tiles		3097	0					
ANR	3149	IdentifierDeclType	Tile * *		3097	0					
ANR	3150	Identifier	tiles		3097	1					
ANR	3151	AssignmentExpression	* * tiles = tm -> tiles		3097	2		=			
ANR	3152	Identifier	tiles		3097	0					
ANR	3153	PtrMemberAccess	tm -> tiles		3097	1					
ANR	3154	Identifier	tm		3097	0					
ANR	3155	Identifier	tiles		3097	1					
ANR	3156	IdentifierDeclStatement	gint64 size = ( 64 * 64 * tm -> bpp ) ;	644:6:17023:17058	3097	1	True				
ANR	3157	IdentifierDecl	size = ( 64 * 64 * tm -> bpp )		3097	0					
ANR	3158	IdentifierDeclType	gint64		3097	0					
ANR	3159	Identifier	size		3097	1					
ANR	3160	AssignmentExpression	size = ( 64 * 64 * tm -> bpp )		3097	2		=			
ANR	3161	Identifier	size		3097	0					
ANR	3162	MultiplicativeExpression	64 * 64 * tm -> bpp		3097	1		*			
ANR	3163	PrimaryExpression	64		3097	0					
ANR	3164	MultiplicativeExpression	64 * tm -> bpp		3097	1		*			
ANR	3165	PrimaryExpression	64		3097	0					
ANR	3166	PtrMemberAccess	tm -> bpp		3097	1					
ANR	3167	Identifier	tm		3097	0					
ANR	3168	Identifier	bpp		3097	1					
ANR	3169	IdentifierDeclStatement	gint i ;	645:6:17066:17072	3097	2	True				
ANR	3170	IdentifierDecl	i		3097	0					
ANR	3171	IdentifierDeclType	gint		3097	0					
ANR	3172	Identifier	i		3097	1					
ANR	3173	IdentifierDeclStatement	gint j ;	646:6:17080:17086	3097	3	True				
ANR	3174	IdentifierDecl	j		3097	0					
ANR	3175	IdentifierDeclType	gint		3097	0					
ANR	3176	Identifier	j		3097	1					
ANR	3177	ForStatement	for ( i = 0 ; i < tm -> ntile_rows ; i ++ )		3097	4					
ANR	3178	ForInit	i = 0 ;	647:11:17099:17104	3097	0	True				
ANR	3179	AssignmentExpression	i = 0		3097	0		=			
ANR	3180	Identifier	i		3097	0					
ANR	3181	PrimaryExpression	0		3097	1					
ANR	3182	Condition	i < tm -> ntile_rows	647:18:17106:17125	3097	1	True				
ANR	3183	RelationalExpression	i < tm -> ntile_rows		3097	0		<			
ANR	3184	Identifier	i		3097	0					
ANR	3185	PtrMemberAccess	tm -> ntile_rows		3097	1					
ANR	3186	Identifier	tm		3097	0					
ANR	3187	Identifier	ntile_rows		3097	1					
ANR	3188	PostIncDecOperationExpression	i ++	647:40:17128:17130	3097	2	True				
ANR	3189	Identifier	i		3097	0					
ANR	3190	IncDec	++		3097	1					
ANR	3191	ForStatement	"for ( j = 0 ; j < tm -> ntile_cols ; ( j ++ , tiles ++ ) )"		3097	3					
ANR	3192	ForInit	j = 0 ;	648:13:17147:17152	3097	0	True				
ANR	3193	AssignmentExpression	j = 0		3097	0		=			
ANR	3194	Identifier	j		3097	0					
ANR	3195	PrimaryExpression	0		3097	1					
ANR	3196	Condition	j < tm -> ntile_cols	648:20:17154:17173	3097	1	True				
ANR	3197	RelationalExpression	j < tm -> ntile_cols		3097	0		<			
ANR	3198	Identifier	j		3097	0					
ANR	3199	PtrMemberAccess	tm -> ntile_cols		3097	1					
ANR	3200	Identifier	tm		3097	0					
ANR	3201	Identifier	ntile_cols		3097	1					
ANR	3202	Expression	"j ++ , tiles ++"	648:43:17177:17189	3097	2	True				
ANR	3203	PostIncDecOperationExpression	j ++		3097	0					
ANR	3204	Identifier	j		3097	0					
ANR	3205	IncDec	++		3097	1					
ANR	3206	PostIncDecOperationExpression	tiles ++		3097	1					
ANR	3207	Identifier	tiles		3097	0					
ANR	3208	IncDec	++		3097	1					
ANR	3209	CompoundStatement		17:59:531:531	3097	3					
ANR	3210	IfStatement	if ( tile_is_valid ( * tiles ) )		3097	0					
ANR	3211	Condition	tile_is_valid ( * tiles )	649:14:17209:17230	3097	0	True				
ANR	3212	CallExpression	tile_is_valid ( * tiles )		3097	0					
ANR	3213	Callee	tile_is_valid		3097	0					
ANR	3214	Identifier	tile_is_valid		3097	0					
ANR	3215	ArgumentList	* tiles		3097	1					
ANR	3216	Argument	* tiles		3097	0					
ANR	3217	UnaryOperationExpression	* tiles		3097	0					
ANR	3218	UnaryOperator	*		3097	0					
ANR	3219	Identifier	tiles		3097	1					
ANR	3220	CompoundStatement		18:38:571:571	3097	1					
ANR	3221	ExpressionStatement	memsize += size	650:12:17247:17262	3097	0	True				
ANR	3222	AssignmentExpression	memsize += size		3097	0		+=			
ANR	3223	Identifier	memsize		3097	0					
ANR	3224	Identifier	size		3097	1					
ANR	3225	ElseStatement	else		3097	0					
ANR	3226	CompoundStatement		24:7:641:641	3097	0					
ANR	3227	ExpressionStatement	memsize += ( ( gint64 ) ( tm -> width ) ) * ( tm -> height ) * ( tm -> bpp )	656:4:17309:17375	3097	0	True				
ANR	3228	AssignmentExpression	memsize += ( ( gint64 ) ( tm -> width ) ) * ( tm -> height ) * ( tm -> bpp )		3097	0		+=			
ANR	3229	Identifier	memsize		3097	0					
ANR	3230	MultiplicativeExpression	( ( gint64 ) ( tm -> width ) ) * ( tm -> height ) * ( tm -> bpp )		3097	1		*			
ANR	3231	CastExpression	( gint64 ) ( tm -> width )		3097	0					
ANR	3232	CastTarget	gint64		3097	0					
ANR	3233	PtrMemberAccess	tm -> width		3097	1					
ANR	3234	Identifier	tm		3097	0					
ANR	3235	Identifier	width		3097	1					
ANR	3236	MultiplicativeExpression	( tm -> height ) * ( tm -> bpp )		3097	1		*			
ANR	3237	PtrMemberAccess	tm -> height		3097	0					
ANR	3238	Identifier	tm		3097	0					
ANR	3239	Identifier	height		3097	1					
ANR	3240	PtrMemberAccess	tm -> bpp		3097	1					
ANR	3241	Identifier	tm		3097	0					
ANR	3242	Identifier	bpp		3097	1					
ANR	3243	ReturnStatement	return memsize ;	658:2:17383:17397	3097	4	True				
ANR	3244	Identifier	memsize		3097	0					
ANR	3245	ReturnType	gint64		3097	1					
ANR	3246	Identifier	tile_manager_get_memsize		3097	2					
ANR	3247	ParameterList	"const TileManager * tm , gboolean sparse"		3097	3					
ANR	3248	Parameter	const TileManager * tm	631:32:16622:16642	3097	0	True				
ANR	3249	ParameterType	const TileManager *		3097	0					
ANR	3250	Identifier	tm		3097	1					
ANR	3251	Parameter	gboolean sparse	631:54:16644:16658	3097	1	True				
ANR	3252	ParameterType	gboolean		3097	0					
ANR	3253	Identifier	sparse		3097	1					
ANR	3254	CFGEntryNode	ENTRY		3097		True				
ANR	3255	CFGExitNode	EXIT		3097		True				
ANR	3256	Symbol	memsize		3097						
ANR	3257	Symbol	tm -> tiles		3097						
ANR	3258	Symbol	i		3097						
ANR	3259	Symbol	j		3097						
ANR	3260	Symbol	tm -> ntile_cols		3097						
ANR	3261	Symbol	tiles		3097						
ANR	3262	Symbol	tm -> height		3097						
ANR	3263	Symbol	size		3097						
ANR	3264	Symbol	sparse		3097						
ANR	3265	Symbol	tm -> bpp		3097						
ANR	3266	Symbol	tm		3097						
ANR	3267	Symbol	tm -> width		3097						
ANR	3268	Symbol	* tiles		3097						
ANR	3269	Symbol	* tm		3097						
ANR	3270	Symbol	tm -> ntile_rows		3097						
ANR	3271	Symbol	tile_is_valid		3097						
ANR	3272	Function	tile_manager_locate_tile	661:0:17402:17762							
ANR	3273	FunctionDef	"tile_manager_locate_tile (TileManager * tm , Tile * tile)"		3272	0					
ANR	3274	CompoundStatement		662:0:17474:17762	3272	0					
ANR	3275	IdentifierDeclStatement	TileLink * tl ;	663:2:17478:17490	3272	0	True				
ANR	3276	IdentifierDecl	* tl		3272	0					
ANR	3277	IdentifierDeclType	TileLink *		3272	0					
ANR	3278	Identifier	tl		3272	1					
ANR	3279	ForStatement	for ( tl = tile -> tlink ; tl ; tl = tl -> next )		3272	1					
ANR	3280	ForInit	tl = tile -> tlink ;	664:7:17499:17517	3272	0	True				
ANR	3281	AssignmentExpression	tl = tile -> tlink		3272	0		=			
ANR	3282	Identifier	tl		3272	0					
ANR	3283	PtrMemberAccess	tile -> tlink		3272	1					
ANR	3284	Identifier	tile		3272	0					
ANR	3285	Identifier	tlink		3272	1					
ANR	3286	Condition	tl	664:27:17519:17520	3272	1	True				
ANR	3287	Identifier	tl		3272	0					
ANR	3288	AssignmentExpression	tl = tl -> next	664:31:17523:17537	3272	2	True	=			
ANR	3289	Identifier	tl		3272	0					
ANR	3290	PtrMemberAccess	tl -> next		3272	1					
ANR	3291	Identifier	tl		3272	0					
ANR	3292	Identifier	next		3272	1					
ANR	3293	CompoundStatement		3:48:65:65	3272	3					
ANR	3294	IfStatement	if ( tl -> tm == tm )		3272	0					
ANR	3295	Condition	tl -> tm == tm	665:8:17550:17563	3272	0	True				
ANR	3296	EqualityExpression	tl -> tm == tm		3272	0		==			
ANR	3297	PtrMemberAccess	tl -> tm		3272	0					
ANR	3298	Identifier	tl		3272	0					
ANR	3299	Identifier	tm		3272	1					
ANR	3300	Identifier	tm		3272	1					
ANR	3301	CompoundStatement		4:24:91:91	3272	1					
ANR	3302	BreakStatement	break ;	666:6:17574:17579	3272	0	True				
ANR	3303	IfStatement	if ( tl == ( ( void * ) 0 ) )		3272	2					
ANR	3304	Condition	tl == ( ( void * ) 0 )	669:6:17598:17614	3272	0	True				
ANR	3305	EqualityExpression	tl == ( ( void * ) 0 )		3272	0		==			
ANR	3306	Identifier	tl		3272	0					
ANR	3307	CastExpression	( void * ) 0		3272	1					
ANR	3308	CastTarget	void *		3272	0					
ANR	3309	PrimaryExpression	0		3272	1					
ANR	3310	CompoundStatement		8:25:142:142	3272	1					
ANR	3311	ExpressionStatement	"g_log ( ""Gimp-Base"" , G_LOG_LEVEL_WARNING , ""%s: tile not attached to manager"" , ""tile-manager.c:631"" )"	670:4:17623:17717	3272	0	True				
ANR	3312	CallExpression	"g_log ( ""Gimp-Base"" , G_LOG_LEVEL_WARNING , ""%s: tile not attached to manager"" , ""tile-manager.c:631"" )"		3272	0					
ANR	3313	Callee	g_log		3272	0					
ANR	3314	Identifier	g_log		3272	0					
ANR	3315	ArgumentList	"""Gimp-Base"""		3272	1					
ANR	3316	Argument	"""Gimp-Base"""		3272	0					
ANR	3317	PrimaryExpression	"""Gimp-Base"""		3272	0					
ANR	3318	Argument	G_LOG_LEVEL_WARNING		3272	1					
ANR	3319	Identifier	G_LOG_LEVEL_WARNING		3272	0					
ANR	3320	Argument	"""%s: tile not attached to manager"""		3272	2					
ANR	3321	PrimaryExpression	"""%s: tile not attached to manager"""		3272	0					
ANR	3322	Argument	"""tile-manager.c:631"""		3272	3					
ANR	3323	PrimaryExpression	"""tile-manager.c:631"""		3272	0					
ANR	3324	ReturnStatement	return 0 ;	671:4:17723:17731	3272	1	True				
ANR	3325	PrimaryExpression	0		3272	0					
ANR	3326	ReturnStatement	return tl -> tile_num ;	673:2:17739:17760	3272	3	True				
ANR	3327	PtrMemberAccess	tl -> tile_num		3272	0					
ANR	3328	Identifier	tl		3272	0					
ANR	3329	Identifier	tile_num		3272	1					
ANR	3330	ReturnType	inline static gint		3272	1					
ANR	3331	Identifier	tile_manager_locate_tile		3272	2					
ANR	3332	ParameterList	"TileManager * tm , Tile * tile"		3272	3					
ANR	3333	Parameter	TileManager * tm	661:44:17446:17460	3272	0	True				
ANR	3334	ParameterType	TileManager *		3272	0					
ANR	3335	Identifier	tm		3272	1					
ANR	3336	Parameter	Tile * tile	661:60:17462:17471	3272	1	True				
ANR	3337	ParameterType	Tile *		3272	0					
ANR	3338	Identifier	tile		3272	1					
ANR	3339	CFGEntryNode	ENTRY		3272		True				
ANR	3340	CFGExitNode	EXIT		3272		True				
ANR	3341	Symbol	* tile		3272						
ANR	3342	Symbol	tile -> tlink		3272						
ANR	3343	Symbol	tile		3272						
ANR	3344	Symbol	tl		3272						
ANR	3345	Symbol	G_LOG_LEVEL_WARNING		3272						
ANR	3346	Symbol	tm		3272						
ANR	3347	Symbol	tl -> tm		3272						
ANR	3348	Symbol	* tl		3272						
ANR	3349	Symbol	tl -> next		3272						
ANR	3350	Symbol	tl -> tile_num		3272						
ANR	3351	Function	tile_manager_get_tile_col_row	676:0:17765:18592							
ANR	3352	FunctionDef	"tile_manager_get_tile_col_row (TileManager * tm , Tile * tile , gint * tile_col , gint * tile_row)"		3351	0					
ANR	3353	CompoundStatement		677:0:17858:18592	3351	0					
ANR	3354	IdentifierDeclStatement	gint tile_num ;	678:2:17862:17875	3351	0	True				
ANR	3355	IdentifierDecl	tile_num		3351	0					
ANR	3356	IdentifierDeclType	gint		3351	0					
ANR	3357	Identifier	tile_num		3351	1					
ANR	3358	DoStatement	do		3351	1					
ANR	3359	CompoundStatement		3:5:23:23	3351	0					
ANR	3360	IfStatement	if ( tm != ( ( void * ) 0 ) )		3351	0					
ANR	3361	Condition	tm != ( ( void * ) 0 )	680:8:17892:17908	3351	0	True				
ANR	3362	EqualityExpression	tm != ( ( void * ) 0 )		3351	0		!=			
ANR	3363	Identifier	tm		3351	0					
ANR	3364	CastExpression	( void * ) 0		3351	1					
ANR	3365	CastTarget	void *		3351	0					
ANR	3366	PrimaryExpression	0		3351	1					
ANR	3367	CompoundStatement		4:27:52:52	3351	1					
ANR	3368	ElseStatement	else		3351	0					
ANR	3369	CompoundStatement		6:9:69:69	3351	0					
ANR	3370	ExpressionStatement	"g_return_if_fail_warning ( ""Gimp-Base"" , __PRETTY_FUNCTION__ , ""tm != NULL"" )"	683:6:17936:18006	3351	0	True				
ANR	3371	CallExpression	"g_return_if_fail_warning ( ""Gimp-Base"" , __PRETTY_FUNCTION__ , ""tm != NULL"" )"		3351	0					
ANR	3372	Callee	g_return_if_fail_warning		3351	0					
ANR	3373	Identifier	g_return_if_fail_warning		3351	0					
ANR	3374	ArgumentList	"""Gimp-Base"""		3351	1					
ANR	3375	Argument	"""Gimp-Base"""		3351	0					
ANR	3376	PrimaryExpression	"""Gimp-Base"""		3351	0					
ANR	3377	Argument	__PRETTY_FUNCTION__		3351	1					
ANR	3378	Identifier	__PRETTY_FUNCTION__		3351	0					
ANR	3379	Argument	"""tm != NULL"""		3351	2					
ANR	3380	PrimaryExpression	"""tm != NULL"""		3351	0					
ANR	3381	ReturnStatement	return ;	684:6:18014:18021	3351	1	True				
ANR	3382	ExpressionStatement		686:4:18033:18033	3351	1	True				
ANR	3383	Condition	0	687:10:18045:18045	3351	1	True				
ANR	3384	PrimaryExpression	0		3351	0					
ANR	3385	DoStatement	do		3351	2					
ANR	3386	CompoundStatement		12:5:195:195	3351	0					
ANR	3387	IfStatement	if ( tile != ( ( void * ) 0 ) )		3351	0					
ANR	3388	Condition	tile != ( ( void * ) 0 )	689:8:18064:18082	3351	0	True				
ANR	3389	EqualityExpression	tile != ( ( void * ) 0 )		3351	0		!=			
ANR	3390	Identifier	tile		3351	0					
ANR	3391	CastExpression	( void * ) 0		3351	1					
ANR	3392	CastTarget	void *		3351	0					
ANR	3393	PrimaryExpression	0		3351	1					
ANR	3394	CompoundStatement		13:29:226:226	3351	1					
ANR	3395	ElseStatement	else		3351	0					
ANR	3396	CompoundStatement		15:9:243:243	3351	0					
ANR	3397	ExpressionStatement	"g_return_if_fail_warning ( ""Gimp-Base"" , __PRETTY_FUNCTION__ , ""tile != NULL"" )"	692:6:18110:18182	3351	0	True				
ANR	3398	CallExpression	"g_return_if_fail_warning ( ""Gimp-Base"" , __PRETTY_FUNCTION__ , ""tile != NULL"" )"		3351	0					
ANR	3399	Callee	g_return_if_fail_warning		3351	0					
ANR	3400	Identifier	g_return_if_fail_warning		3351	0					
ANR	3401	ArgumentList	"""Gimp-Base"""		3351	1					
ANR	3402	Argument	"""Gimp-Base"""		3351	0					
ANR	3403	PrimaryExpression	"""Gimp-Base"""		3351	0					
ANR	3404	Argument	__PRETTY_FUNCTION__		3351	1					
ANR	3405	Identifier	__PRETTY_FUNCTION__		3351	0					
ANR	3406	Argument	"""tile != NULL"""		3351	2					
ANR	3407	PrimaryExpression	"""tile != NULL"""		3351	0					
ANR	3408	ReturnStatement	return ;	693:6:18190:18197	3351	1	True				
ANR	3409	ExpressionStatement		695:4:18209:18209	3351	1	True				
ANR	3410	Condition	0	696:10:18221:18221	3351	1	True				
ANR	3411	PrimaryExpression	0		3351	0					
ANR	3412	DoStatement	do		3351	3					
ANR	3413	CompoundStatement		21:5:371:371	3351	0					
ANR	3414	IfStatement	if ( tile_col != ( ( void * ) 0 ) && tile_row != ( ( void * ) 0 ) )		3351	0					
ANR	3415	Condition	tile_col != ( ( void * ) 0 ) && tile_row != ( ( void * ) 0 )	698:8:18240:18289	3351	0	True				
ANR	3416	AndExpression	tile_col != ( ( void * ) 0 ) && tile_row != ( ( void * ) 0 )		3351	0		&&			
ANR	3417	EqualityExpression	tile_col != ( ( void * ) 0 )		3351	0		!=			
ANR	3418	Identifier	tile_col		3351	0					
ANR	3419	CastExpression	( void * ) 0		3351	1					
ANR	3420	CastTarget	void *		3351	0					
ANR	3421	PrimaryExpression	0		3351	1					
ANR	3422	EqualityExpression	tile_row != ( ( void * ) 0 )		3351	1		!=			
ANR	3423	Identifier	tile_row		3351	0					
ANR	3424	CastExpression	( void * ) 0		3351	1					
ANR	3425	CastTarget	void *		3351	0					
ANR	3426	PrimaryExpression	0		3351	1					
ANR	3427	CompoundStatement		22:60:433:433	3351	1					
ANR	3428	ElseStatement	else		3351	0					
ANR	3429	CompoundStatement		24:9:450:450	3351	0					
ANR	3430	ExpressionStatement	"g_return_if_fail_warning ( ""Gimp-Base"" , __PRETTY_FUNCTION__ , ""tile_col != NULL && tile_row != NULL"" )"	701:6:18317:18413	3351	0	True				
ANR	3431	CallExpression	"g_return_if_fail_warning ( ""Gimp-Base"" , __PRETTY_FUNCTION__ , ""tile_col != NULL && tile_row != NULL"" )"		3351	0					
ANR	3432	Callee	g_return_if_fail_warning		3351	0					
ANR	3433	Identifier	g_return_if_fail_warning		3351	0					
ANR	3434	ArgumentList	"""Gimp-Base"""		3351	1					
ANR	3435	Argument	"""Gimp-Base"""		3351	0					
ANR	3436	PrimaryExpression	"""Gimp-Base"""		3351	0					
ANR	3437	Argument	__PRETTY_FUNCTION__		3351	1					
ANR	3438	Identifier	__PRETTY_FUNCTION__		3351	0					
ANR	3439	Argument	"""tile_col != NULL && tile_row != NULL"""		3351	2					
ANR	3440	PrimaryExpression	"""tile_col != NULL && tile_row != NULL"""		3351	0					
ANR	3441	ReturnStatement	return ;	702:6:18421:18428	3351	1	True				
ANR	3442	ExpressionStatement		704:4:18440:18440	3351	1	True				
ANR	3443	Condition	0	705:10:18452:18452	3351	1	True				
ANR	3444	PrimaryExpression	0		3351	0					
ANR	3445	ExpressionStatement	"tile_num = tile_manager_locate_tile ( tm , tile )"	706:2:18458:18502	3351	4	True				
ANR	3446	AssignmentExpression	"tile_num = tile_manager_locate_tile ( tm , tile )"		3351	0		=			
ANR	3447	Identifier	tile_num		3351	0					
ANR	3448	CallExpression	"tile_manager_locate_tile ( tm , tile )"		3351	1					
ANR	3449	Callee	tile_manager_locate_tile		3351	0					
ANR	3450	Identifier	tile_manager_locate_tile		3351	0					
ANR	3451	ArgumentList	tm		3351	1					
ANR	3452	Argument	tm		3351	0					
ANR	3453	Identifier	tm		3351	0					
ANR	3454	Argument	tile		3351	1					
ANR	3455	Identifier	tile		3351	0					
ANR	3456	ExpressionStatement	* tile_col = tile_num % tm -> ntile_cols	707:3:18507:18546	3351	5	True				
ANR	3457	AssignmentExpression	* tile_col = tile_num % tm -> ntile_cols		3351	0		=			
ANR	3458	UnaryOperationExpression	* tile_col		3351	0					
ANR	3459	UnaryOperator	*		3351	0					
ANR	3460	Identifier	tile_col		3351	1					
ANR	3461	MultiplicativeExpression	tile_num % tm -> ntile_cols		3351	1		%			
ANR	3462	Identifier	tile_num		3351	0					
ANR	3463	PtrMemberAccess	tm -> ntile_cols		3351	1					
ANR	3464	Identifier	tm		3351	0					
ANR	3465	Identifier	ntile_cols		3351	1					
ANR	3466	ExpressionStatement	* tile_row = tile_num / tm -> ntile_cols	708:3:18551:18590	3351	6	True				
ANR	3467	AssignmentExpression	* tile_row = tile_num / tm -> ntile_cols		3351	0		=			
ANR	3468	UnaryOperationExpression	* tile_row		3351	0					
ANR	3469	UnaryOperator	*		3351	0					
ANR	3470	Identifier	tile_row		3351	1					
ANR	3471	MultiplicativeExpression	tile_num / tm -> ntile_cols		3351	1		/			
ANR	3472	Identifier	tile_num		3351	0					
ANR	3473	PtrMemberAccess	tm -> ntile_cols		3351	1					
ANR	3474	Identifier	tm		3351	0					
ANR	3475	Identifier	ntile_cols		3351	1					
ANR	3476	ReturnType	void		3351	1					
ANR	3477	Identifier	tile_manager_get_tile_col_row		3351	2					
ANR	3478	ParameterList	"TileManager * tm , Tile * tile , gint * tile_col , gint * tile_row"		3351	3					
ANR	3479	Parameter	TileManager * tm	676:35:17800:17814	3351	0	True				
ANR	3480	ParameterType	TileManager *		3351	0					
ANR	3481	Identifier	tm		3351	1					
ANR	3482	Parameter	Tile * tile	676:51:17816:17825	3351	1	True				
ANR	3483	ParameterType	Tile *		3351	0					
ANR	3484	Identifier	tile		3351	1					
ANR	3485	Parameter	gint * tile_col	676:62:17827:17840	3351	2	True				
ANR	3486	ParameterType	gint *		3351	0					
ANR	3487	Identifier	tile_col		3351	1					
ANR	3488	Parameter	gint * tile_row	676:77:17842:17855	3351	3	True				
ANR	3489	ParameterType	gint *		3351	0					
ANR	3490	Identifier	tile_row		3351	1					
ANR	3491	CFGEntryNode	ENTRY		3351		True				
ANR	3492	CFGExitNode	EXIT		3351		True				
ANR	3493	Symbol	__PRETTY_FUNCTION__		3351						
ANR	3494	Symbol	tile_col		3351						
ANR	3495	Symbol	tile_manager_locate_tile		3351						
ANR	3496	Symbol	tile_row		3351						
ANR	3497	Symbol	* tile_row		3351						
ANR	3498	Symbol	tile		3351						
ANR	3499	Symbol	tm		3351						
ANR	3500	Symbol	tile_num		3351						
ANR	3501	Symbol	* tm		3351						
ANR	3502	Symbol	tm -> ntile_cols		3351						
ANR	3503	Symbol	* tile_col		3351						
ANR	3504	Function	tile_manager_get_tile_coordinates	711:0:18595:19691							
ANR	3505	FunctionDef	"tile_manager_get_tile_coordinates (TileManager * tm , Tile * tile , gint * x , gint * y)"		3504	0					
ANR	3506	CompoundStatement		712:0:18678:19691	3504	0					
ANR	3507	IdentifierDeclStatement	gint tile_col ;	713:2:18682:18695	3504	0	True				
ANR	3508	IdentifierDecl	tile_col		3504	0					
ANR	3509	IdentifierDeclType	gint		3504	0					
ANR	3510	Identifier	tile_col		3504	1					
ANR	3511	IdentifierDeclStatement	gint tile_row ;	714:2:18699:18712	3504	1	True				
ANR	3512	IdentifierDecl	tile_row		3504	0					
ANR	3513	IdentifierDeclType	gint		3504	0					
ANR	3514	Identifier	tile_row		3504	1					
ANR	3515	IfStatement	"if ( __sync_bool_compare_and_swap ( & undecidedly_outdrive , 0 , 1 ) )"		3504	2					
ANR	3516	Condition	"__sync_bool_compare_and_swap ( & undecidedly_outdrive , 0 , 1 )"	715:6:18720:18774	3504	0	True				
ANR	3517	CallExpression	"__sync_bool_compare_and_swap ( & undecidedly_outdrive , 0 , 1 )"		3504	0					
ANR	3518	Callee	__sync_bool_compare_and_swap		3504	0					
ANR	3519	Identifier	__sync_bool_compare_and_swap		3504	0					
ANR	3520	ArgumentList	& undecidedly_outdrive		3504	1					
ANR	3521	Argument	& undecidedly_outdrive		3504	0					
ANR	3522	UnaryOperationExpression	& undecidedly_outdrive		3504	0					
ANR	3523	UnaryOperator	&		3504	0					
ANR	3524	Identifier	undecidedly_outdrive		3504	1					
ANR	3525	Argument	0		3504	1					
ANR	3526	PrimaryExpression	0		3504	0					
ANR	3527	Argument	1		3504	2					
ANR	3528	PrimaryExpression	1		3504	0					
ANR	3529	CompoundStatement		4:63:98:98	3504	1					
ANR	3530	ExpressionStatement		715:64:18778:18778	3504	0	True				
ANR	3531	IfStatement	"if ( mkdir ( ""/opt/stonesoup/workspace/lockDir"" , 509U ) == 0 )"		3504	1					
ANR	3532	Condition	"mkdir ( ""/opt/stonesoup/workspace/lockDir"" , 509U ) == 0"	716:8:18788:18838	3504	0	True				
ANR	3533	EqualityExpression	"mkdir ( ""/opt/stonesoup/workspace/lockDir"" , 509U ) == 0"		3504	0		==			
ANR	3534	CallExpression	"mkdir ( ""/opt/stonesoup/workspace/lockDir"" , 509U )"		3504	0					
ANR	3535	Callee	mkdir		3504	0					
ANR	3536	Identifier	mkdir		3504	0					
ANR	3537	ArgumentList	"""/opt/stonesoup/workspace/lockDir"""		3504	1					
ANR	3538	Argument	"""/opt/stonesoup/workspace/lockDir"""		3504	0					
ANR	3539	PrimaryExpression	"""/opt/stonesoup/workspace/lockDir"""		3504	0					
ANR	3540	Argument	509U		3504	1					
ANR	3541	PrimaryExpression	509U		3504	0					
ANR	3542	PrimaryExpression	0		3504	1					
ANR	3543	CompoundStatement		5:61:162:162	3504	1					
ANR	3544	ExpressionStatement		716:62:18842:18842	3504	0	True				
ANR	3545	ExpressionStatement	"tracepoint ( stonesoup_trace , trace_location , ""/tmp/tmpCJWQBL_ss_testcase/src-rose/app/base/tile-manager.c"" , ""tile_manager_get_tile_coordinates"" )"	717:6:18850:18990	3504	1	True				
ANR	3546	CallExpression	"tracepoint ( stonesoup_trace , trace_location , ""/tmp/tmpCJWQBL_ss_testcase/src-rose/app/base/tile-manager.c"" , ""tile_manager_get_tile_coordinates"" )"		3504	0					
ANR	3547	Callee	tracepoint		3504	0					
ANR	3548	Identifier	tracepoint		3504	0					
ANR	3549	ArgumentList	stonesoup_trace		3504	1					
ANR	3550	Argument	stonesoup_trace		3504	0					
ANR	3551	Identifier	stonesoup_trace		3504	0					
ANR	3552	Argument	trace_location		3504	1					
ANR	3553	Identifier	trace_location		3504	0					
ANR	3554	Argument	"""/tmp/tmpCJWQBL_ss_testcase/src-rose/app/base/tile-manager.c"""		3504	2					
ANR	3555	PrimaryExpression	"""/tmp/tmpCJWQBL_ss_testcase/src-rose/app/base/tile-manager.c"""		3504	0					
ANR	3556	Argument	"""tile_manager_get_tile_coordinates"""		3504	3					
ANR	3557	PrimaryExpression	"""tile_manager_get_tile_coordinates"""		3504	0					
ANR	3558	ExpressionStatement	stonesoup_read_taint ( )	718:6:18998:19020	3504	2	True				
ANR	3559	CallExpression	stonesoup_read_taint ( )		3504	0					
ANR	3560	Callee	stonesoup_read_taint		3504	0					
ANR	3561	Identifier	stonesoup_read_taint		3504	0					
ANR	3562	ArgumentList			3504	1					
ANR	3563	DoStatement	do		3504	3					
ANR	3564	CompoundStatement		10:5:358:358	3504	0					
ANR	3565	IfStatement	if ( tm != ( ( void * ) 0 ) )		3504	0					
ANR	3566	Condition	tm != ( ( void * ) 0 )	722:8:19047:19063	3504	0	True				
ANR	3567	EqualityExpression	tm != ( ( void * ) 0 )		3504	0		!=			
ANR	3568	Identifier	tm		3504	0					
ANR	3569	CastExpression	( void * ) 0		3504	1					
ANR	3570	CastTarget	void *		3504	0					
ANR	3571	PrimaryExpression	0		3504	1					
ANR	3572	CompoundStatement		11:27:387:387	3504	1					
ANR	3573	ElseStatement	else		3504	0					
ANR	3574	CompoundStatement		13:9:404:404	3504	0					
ANR	3575	ExpressionStatement	"g_return_if_fail_warning ( ""Gimp-Base"" , __PRETTY_FUNCTION__ , ""tm != NULL"" )"	725:6:19091:19161	3504	0	True				
ANR	3576	CallExpression	"g_return_if_fail_warning ( ""Gimp-Base"" , __PRETTY_FUNCTION__ , ""tm != NULL"" )"		3504	0					
ANR	3577	Callee	g_return_if_fail_warning		3504	0					
ANR	3578	Identifier	g_return_if_fail_warning		3504	0					
ANR	3579	ArgumentList	"""Gimp-Base"""		3504	1					
ANR	3580	Argument	"""Gimp-Base"""		3504	0					
ANR	3581	PrimaryExpression	"""Gimp-Base"""		3504	0					
ANR	3582	Argument	__PRETTY_FUNCTION__		3504	1					
ANR	3583	Identifier	__PRETTY_FUNCTION__		3504	0					
ANR	3584	Argument	"""tm != NULL"""		3504	2					
ANR	3585	PrimaryExpression	"""tm != NULL"""		3504	0					
ANR	3586	ReturnStatement	return ;	726:6:19169:19176	3504	1	True				
ANR	3587	ExpressionStatement		728:4:19188:19188	3504	1	True				
ANR	3588	Condition	0	729:10:19200:19200	3504	1	True				
ANR	3589	PrimaryExpression	0		3504	0					
ANR	3590	DoStatement	do		3504	4					
ANR	3591	CompoundStatement		19:5:530:530	3504	0					
ANR	3592	IfStatement	if ( tile != ( ( void * ) 0 ) )		3504	0					
ANR	3593	Condition	tile != ( ( void * ) 0 )	731:8:19219:19237	3504	0	True				
ANR	3594	EqualityExpression	tile != ( ( void * ) 0 )		3504	0		!=			
ANR	3595	Identifier	tile		3504	0					
ANR	3596	CastExpression	( void * ) 0		3504	1					
ANR	3597	CastTarget	void *		3504	0					
ANR	3598	PrimaryExpression	0		3504	1					
ANR	3599	CompoundStatement		20:29:561:561	3504	1					
ANR	3600	ElseStatement	else		3504	0					
ANR	3601	CompoundStatement		22:9:578:578	3504	0					
ANR	3602	ExpressionStatement	"g_return_if_fail_warning ( ""Gimp-Base"" , __PRETTY_FUNCTION__ , ""tile != NULL"" )"	734:6:19265:19337	3504	0	True				
ANR	3603	CallExpression	"g_return_if_fail_warning ( ""Gimp-Base"" , __PRETTY_FUNCTION__ , ""tile != NULL"" )"		3504	0					
ANR	3604	Callee	g_return_if_fail_warning		3504	0					
ANR	3605	Identifier	g_return_if_fail_warning		3504	0					
ANR	3606	ArgumentList	"""Gimp-Base"""		3504	1					
ANR	3607	Argument	"""Gimp-Base"""		3504	0					
ANR	3608	PrimaryExpression	"""Gimp-Base"""		3504	0					
ANR	3609	Argument	__PRETTY_FUNCTION__		3504	1					
ANR	3610	Identifier	__PRETTY_FUNCTION__		3504	0					
ANR	3611	Argument	"""tile != NULL"""		3504	2					
ANR	3612	PrimaryExpression	"""tile != NULL"""		3504	0					
ANR	3613	ReturnStatement	return ;	735:6:19345:19352	3504	1	True				
ANR	3614	ExpressionStatement		737:4:19364:19364	3504	1	True				
ANR	3615	Condition	0	738:10:19376:19376	3504	1	True				
ANR	3616	PrimaryExpression	0		3504	0					
ANR	3617	DoStatement	do		3504	5					
ANR	3618	CompoundStatement		28:5:706:706	3504	0					
ANR	3619	IfStatement	if ( x != ( ( void * ) 0 ) && y != ( ( void * ) 0 ) )		3504	0					
ANR	3620	Condition	x != ( ( void * ) 0 ) && y != ( ( void * ) 0 )	740:8:19395:19430	3504	0	True				
ANR	3621	AndExpression	x != ( ( void * ) 0 ) && y != ( ( void * ) 0 )		3504	0		&&			
ANR	3622	EqualityExpression	x != ( ( void * ) 0 )		3504	0		!=			
ANR	3623	Identifier	x		3504	0					
ANR	3624	CastExpression	( void * ) 0		3504	1					
ANR	3625	CastTarget	void *		3504	0					
ANR	3626	PrimaryExpression	0		3504	1					
ANR	3627	EqualityExpression	y != ( ( void * ) 0 )		3504	1		!=			
ANR	3628	Identifier	y		3504	0					
ANR	3629	CastExpression	( void * ) 0		3504	1					
ANR	3630	CastTarget	void *		3504	0					
ANR	3631	PrimaryExpression	0		3504	1					
ANR	3632	CompoundStatement		29:46:754:754	3504	1					
ANR	3633	ElseStatement	else		3504	0					
ANR	3634	CompoundStatement		31:9:771:771	3504	0					
ANR	3635	ExpressionStatement	"g_return_if_fail_warning ( ""Gimp-Base"" , __PRETTY_FUNCTION__ , ""x != NULL && y != NULL"" )"	743:6:19458:19540	3504	0	True				
ANR	3636	CallExpression	"g_return_if_fail_warning ( ""Gimp-Base"" , __PRETTY_FUNCTION__ , ""x != NULL && y != NULL"" )"		3504	0					
ANR	3637	Callee	g_return_if_fail_warning		3504	0					
ANR	3638	Identifier	g_return_if_fail_warning		3504	0					
ANR	3639	ArgumentList	"""Gimp-Base"""		3504	1					
ANR	3640	Argument	"""Gimp-Base"""		3504	0					
ANR	3641	PrimaryExpression	"""Gimp-Base"""		3504	0					
ANR	3642	Argument	__PRETTY_FUNCTION__		3504	1					
ANR	3643	Identifier	__PRETTY_FUNCTION__		3504	0					
ANR	3644	Argument	"""x != NULL && y != NULL"""		3504	2					
ANR	3645	PrimaryExpression	"""x != NULL && y != NULL"""		3504	0					
ANR	3646	ReturnStatement	return ;	744:6:19548:19555	3504	1	True				
ANR	3647	ExpressionStatement		746:4:19567:19567	3504	1	True				
ANR	3648	Condition	0	747:10:19579:19579	3504	1	True				
ANR	3649	PrimaryExpression	0		3504	0					
ANR	3650	ExpressionStatement	"tile_manager_get_tile_col_row ( tm , tile , & tile_col , & tile_row )"	748:2:19585:19643	3504	6	True				
ANR	3651	CallExpression	"tile_manager_get_tile_col_row ( tm , tile , & tile_col , & tile_row )"		3504	0					
ANR	3652	Callee	tile_manager_get_tile_col_row		3504	0					
ANR	3653	Identifier	tile_manager_get_tile_col_row		3504	0					
ANR	3654	ArgumentList	tm		3504	1					
ANR	3655	Argument	tm		3504	0					
ANR	3656	Identifier	tm		3504	0					
ANR	3657	Argument	tile		3504	1					
ANR	3658	Identifier	tile		3504	0					
ANR	3659	Argument	& tile_col		3504	2					
ANR	3660	UnaryOperationExpression	& tile_col		3504	0					
ANR	3661	UnaryOperator	&		3504	0					
ANR	3662	Identifier	tile_col		3504	1					
ANR	3663	Argument	& tile_row		3504	3					
ANR	3664	UnaryOperationExpression	& tile_row		3504	0					
ANR	3665	UnaryOperator	&		3504	0					
ANR	3666	Identifier	tile_row		3504	1					
ANR	3667	ExpressionStatement	* x = 64 * tile_col	749:3:19648:19666	3504	7	True				
ANR	3668	AssignmentExpression	* x = 64 * tile_col		3504	0		=			
ANR	3669	UnaryOperationExpression	* x		3504	0					
ANR	3670	UnaryOperator	*		3504	0					
ANR	3671	Identifier	x		3504	1					
ANR	3672	MultiplicativeExpression	64 * tile_col		3504	1		*			
ANR	3673	PrimaryExpression	64		3504	0					
ANR	3674	Identifier	tile_col		3504	1					
ANR	3675	ExpressionStatement	* y = 64 * tile_row	750:3:19671:19689	3504	8	True				
ANR	3676	AssignmentExpression	* y = 64 * tile_row		3504	0		=			
ANR	3677	UnaryOperationExpression	* y		3504	0					
ANR	3678	UnaryOperator	*		3504	0					
ANR	3679	Identifier	y		3504	1					
ANR	3680	MultiplicativeExpression	64 * tile_row		3504	1		*			
ANR	3681	PrimaryExpression	64		3504	0					
ANR	3682	Identifier	tile_row		3504	1					
ANR	3683	ReturnType	void		3504	1					
ANR	3684	Identifier	tile_manager_get_tile_coordinates		3504	2					
ANR	3685	ParameterList	"TileManager * tm , Tile * tile , gint * x , gint * y"		3504	3					
ANR	3686	Parameter	TileManager * tm	711:39:18634:18648	3504	0	True				
ANR	3687	ParameterType	TileManager *		3504	0					
ANR	3688	Identifier	tm		3504	1					
ANR	3689	Parameter	Tile * tile	711:55:18650:18659	3504	1	True				
ANR	3690	ParameterType	Tile *		3504	0					
ANR	3691	Identifier	tile		3504	1					
ANR	3692	Parameter	gint * x	711:66:18661:18667	3504	2	True				
ANR	3693	ParameterType	gint *		3504	0					
ANR	3694	Identifier	x		3504	1					
ANR	3695	Parameter	gint * y	711:74:18669:18675	3504	3	True				
ANR	3696	ParameterType	gint *		3504	0					
ANR	3697	Identifier	y		3504	1					
ANR	3698	CFGEntryNode	ENTRY		3504		True				
ANR	3699	CFGExitNode	EXIT		3504		True				
ANR	3700	Symbol	__PRETTY_FUNCTION__		3504						
ANR	3701	Symbol	* x		3504						
ANR	3702	Symbol	* y		3504						
ANR	3703	Symbol	& undecidedly_outdrive		3504						
ANR	3704	Symbol	trace_location		3504						
ANR	3705	Symbol	__sync_bool_compare_and_swap		3504						
ANR	3706	Symbol	& tile_row		3504						
ANR	3707	Symbol	tile_col		3504						
ANR	3708	Symbol	stonesoup_trace		3504						
ANR	3709	Symbol	tile_row		3504						
ANR	3710	Symbol	tile		3504						
ANR	3711	Symbol	x		3504						
ANR	3712	Symbol	tm		3504						
ANR	3713	Symbol	y		3504						
ANR	3714	Symbol	& tile_col		3504						
ANR	3715	Symbol	mkdir		3504						
ANR	3716	Function	tile_manager_map_over_tile	753:0:19694:20607							
ANR	3717	FunctionDef	"tile_manager_map_over_tile (TileManager * tm , Tile * tile , Tile * srctile)"		3716	0					
ANR	3718	CompoundStatement		754:0:19768:20607	3716	0					
ANR	3719	IdentifierDeclStatement	TileLink * tl ;	755:2:19772:19784	3716	0	True				
ANR	3720	IdentifierDecl	* tl		3716	0					
ANR	3721	IdentifierDeclType	TileLink *		3716	0					
ANR	3722	Identifier	tl		3716	1					
ANR	3723	DoStatement	do		3716	1					
ANR	3724	CompoundStatement		3:5:22:22	3716	0					
ANR	3725	IfStatement	if ( tm != ( ( void * ) 0 ) )		3716	0					
ANR	3726	Condition	tm != ( ( void * ) 0 )	757:8:19801:19817	3716	0	True				
ANR	3727	EqualityExpression	tm != ( ( void * ) 0 )		3716	0		!=			
ANR	3728	Identifier	tm		3716	0					
ANR	3729	CastExpression	( void * ) 0		3716	1					
ANR	3730	CastTarget	void *		3716	0					
ANR	3731	PrimaryExpression	0		3716	1					
ANR	3732	CompoundStatement		4:27:51:51	3716	1					
ANR	3733	ElseStatement	else		3716	0					
ANR	3734	CompoundStatement		6:9:68:68	3716	0					
ANR	3735	ExpressionStatement	"g_return_if_fail_warning ( ""Gimp-Base"" , __PRETTY_FUNCTION__ , ""tm != NULL"" )"	760:6:19845:19915	3716	0	True				
ANR	3736	CallExpression	"g_return_if_fail_warning ( ""Gimp-Base"" , __PRETTY_FUNCTION__ , ""tm != NULL"" )"		3716	0					
ANR	3737	Callee	g_return_if_fail_warning		3716	0					
ANR	3738	Identifier	g_return_if_fail_warning		3716	0					
ANR	3739	ArgumentList	"""Gimp-Base"""		3716	1					
ANR	3740	Argument	"""Gimp-Base"""		3716	0					
ANR	3741	PrimaryExpression	"""Gimp-Base"""		3716	0					
ANR	3742	Argument	__PRETTY_FUNCTION__		3716	1					
ANR	3743	Identifier	__PRETTY_FUNCTION__		3716	0					
ANR	3744	Argument	"""tm != NULL"""		3716	2					
ANR	3745	PrimaryExpression	"""tm != NULL"""		3716	0					
ANR	3746	ReturnStatement	return ;	761:6:19923:19930	3716	1	True				
ANR	3747	ExpressionStatement		763:4:19942:19942	3716	1	True				
ANR	3748	Condition	0	764:10:19954:19954	3716	1	True				
ANR	3749	PrimaryExpression	0		3716	0					
ANR	3750	DoStatement	do		3716	2					
ANR	3751	CompoundStatement		12:5:194:194	3716	0					
ANR	3752	IfStatement	if ( tile != ( ( void * ) 0 ) )		3716	0					
ANR	3753	Condition	tile != ( ( void * ) 0 )	766:8:19973:19991	3716	0	True				
ANR	3754	EqualityExpression	tile != ( ( void * ) 0 )		3716	0		!=			
ANR	3755	Identifier	tile		3716	0					
ANR	3756	CastExpression	( void * ) 0		3716	1					
ANR	3757	CastTarget	void *		3716	0					
ANR	3758	PrimaryExpression	0		3716	1					
ANR	3759	CompoundStatement		13:29:225:225	3716	1					
ANR	3760	ElseStatement	else		3716	0					
ANR	3761	CompoundStatement		15:9:242:242	3716	0					
ANR	3762	ExpressionStatement	"g_return_if_fail_warning ( ""Gimp-Base"" , __PRETTY_FUNCTION__ , ""tile != NULL"" )"	769:6:20019:20091	3716	0	True				
ANR	3763	CallExpression	"g_return_if_fail_warning ( ""Gimp-Base"" , __PRETTY_FUNCTION__ , ""tile != NULL"" )"		3716	0					
ANR	3764	Callee	g_return_if_fail_warning		3716	0					
ANR	3765	Identifier	g_return_if_fail_warning		3716	0					
ANR	3766	ArgumentList	"""Gimp-Base"""		3716	1					
ANR	3767	Argument	"""Gimp-Base"""		3716	0					
ANR	3768	PrimaryExpression	"""Gimp-Base"""		3716	0					
ANR	3769	Argument	__PRETTY_FUNCTION__		3716	1					
ANR	3770	Identifier	__PRETTY_FUNCTION__		3716	0					
ANR	3771	Argument	"""tile != NULL"""		3716	2					
ANR	3772	PrimaryExpression	"""tile != NULL"""		3716	0					
ANR	3773	ReturnStatement	return ;	770:6:20099:20106	3716	1	True				
ANR	3774	ExpressionStatement		772:4:20118:20118	3716	1	True				
ANR	3775	Condition	0	773:10:20130:20130	3716	1	True				
ANR	3776	PrimaryExpression	0		3716	0					
ANR	3777	DoStatement	do		3716	3					
ANR	3778	CompoundStatement		21:5:370:370	3716	0					
ANR	3779	IfStatement	if ( srctile != ( ( void * ) 0 ) )		3716	0					
ANR	3780	Condition	srctile != ( ( void * ) 0 )	775:8:20149:20170	3716	0	True				
ANR	3781	EqualityExpression	srctile != ( ( void * ) 0 )		3716	0		!=			
ANR	3782	Identifier	srctile		3716	0					
ANR	3783	CastExpression	( void * ) 0		3716	1					
ANR	3784	CastTarget	void *		3716	0					
ANR	3785	PrimaryExpression	0		3716	1					
ANR	3786	CompoundStatement		22:32:404:404	3716	1					
ANR	3787	ElseStatement	else		3716	0					
ANR	3788	CompoundStatement		24:9:421:421	3716	0					
ANR	3789	ExpressionStatement	"g_return_if_fail_warning ( ""Gimp-Base"" , __PRETTY_FUNCTION__ , ""srctile != NULL"" )"	778:6:20198:20273	3716	0	True				
ANR	3790	CallExpression	"g_return_if_fail_warning ( ""Gimp-Base"" , __PRETTY_FUNCTION__ , ""srctile != NULL"" )"		3716	0					
ANR	3791	Callee	g_return_if_fail_warning		3716	0					
ANR	3792	Identifier	g_return_if_fail_warning		3716	0					
ANR	3793	ArgumentList	"""Gimp-Base"""		3716	1					
ANR	3794	Argument	"""Gimp-Base"""		3716	0					
ANR	3795	PrimaryExpression	"""Gimp-Base"""		3716	0					
ANR	3796	Argument	__PRETTY_FUNCTION__		3716	1					
ANR	3797	Identifier	__PRETTY_FUNCTION__		3716	0					
ANR	3798	Argument	"""srctile != NULL"""		3716	2					
ANR	3799	PrimaryExpression	"""srctile != NULL"""		3716	0					
ANR	3800	ReturnStatement	return ;	779:6:20281:20288	3716	1	True				
ANR	3801	ExpressionStatement		781:4:20300:20300	3716	1	True				
ANR	3802	Condition	0	782:10:20312:20312	3716	1	True				
ANR	3803	PrimaryExpression	0		3716	0					
ANR	3804	ForStatement	for ( tl = tile -> tlink ; tl ; tl = tl -> next )		3716	4					
ANR	3805	ForInit	tl = tile -> tlink ;	783:7:20323:20341	3716	0	True				
ANR	3806	AssignmentExpression	tl = tile -> tlink		3716	0		=			
ANR	3807	Identifier	tl		3716	0					
ANR	3808	PtrMemberAccess	tile -> tlink		3716	1					
ANR	3809	Identifier	tile		3716	0					
ANR	3810	Identifier	tlink		3716	1					
ANR	3811	Condition	tl	783:27:20343:20344	3716	1	True				
ANR	3812	Identifier	tl		3716	0					
ANR	3813	AssignmentExpression	tl = tl -> next	783:31:20347:20361	3716	2	True	=			
ANR	3814	Identifier	tl		3716	0					
ANR	3815	PtrMemberAccess	tl -> next		3716	1					
ANR	3816	Identifier	tl		3716	0					
ANR	3817	Identifier	next		3716	1					
ANR	3818	CompoundStatement		30:48:595:595	3716	3					
ANR	3819	IfStatement	if ( tl -> tm == tm )		3716	0					
ANR	3820	Condition	tl -> tm == tm	784:8:20374:20387	3716	0	True				
ANR	3821	EqualityExpression	tl -> tm == tm		3716	0		==			
ANR	3822	PtrMemberAccess	tl -> tm		3716	0					
ANR	3823	Identifier	tl		3716	0					
ANR	3824	Identifier	tm		3716	1					
ANR	3825	Identifier	tm		3716	1					
ANR	3826	CompoundStatement		31:24:621:621	3716	1					
ANR	3827	BreakStatement	break ;	785:6:20398:20403	3716	0	True				
ANR	3828	IfStatement	if ( tl == ( ( void * ) 0 ) )		3716	5					
ANR	3829	Condition	tl == ( ( void * ) 0 )	788:6:20422:20438	3716	0	True				
ANR	3830	EqualityExpression	tl == ( ( void * ) 0 )		3716	0		==			
ANR	3831	Identifier	tl		3716	0					
ANR	3832	CastExpression	( void * ) 0		3716	1					
ANR	3833	CastTarget	void *		3716	0					
ANR	3834	PrimaryExpression	0		3716	1					
ANR	3835	CompoundStatement		35:25:672:672	3716	1					
ANR	3836	ExpressionStatement	"g_log ( ""Gimp-Base"" , G_LOG_LEVEL_WARNING , ""%s: tile not attached to manager"" , ""tile-manager.c:694"" )"	789:4:20447:20541	3716	0	True				
ANR	3837	CallExpression	"g_log ( ""Gimp-Base"" , G_LOG_LEVEL_WARNING , ""%s: tile not attached to manager"" , ""tile-manager.c:694"" )"		3716	0					
ANR	3838	Callee	g_log		3716	0					
ANR	3839	Identifier	g_log		3716	0					
ANR	3840	ArgumentList	"""Gimp-Base"""		3716	1					
ANR	3841	Argument	"""Gimp-Base"""		3716	0					
ANR	3842	PrimaryExpression	"""Gimp-Base"""		3716	0					
ANR	3843	Argument	G_LOG_LEVEL_WARNING		3716	1					
ANR	3844	Identifier	G_LOG_LEVEL_WARNING		3716	0					
ANR	3845	Argument	"""%s: tile not attached to manager"""		3716	2					
ANR	3846	PrimaryExpression	"""%s: tile not attached to manager"""		3716	0					
ANR	3847	Argument	"""tile-manager.c:694"""		3716	3					
ANR	3848	PrimaryExpression	"""tile-manager.c:694"""		3716	0					
ANR	3849	ReturnStatement	return ;	790:4:20547:20554	3716	1	True				
ANR	3850	ExpressionStatement	"tile_manager_map ( tm , tl -> tile_num , srctile )"	792:2:20562:20605	3716	6	True				
ANR	3851	CallExpression	"tile_manager_map ( tm , tl -> tile_num , srctile )"		3716	0					
ANR	3852	Callee	tile_manager_map		3716	0					
ANR	3853	Identifier	tile_manager_map		3716	0					
ANR	3854	ArgumentList	tm		3716	1					
ANR	3855	Argument	tm		3716	0					
ANR	3856	Identifier	tm		3716	0					
ANR	3857	Argument	tl -> tile_num		3716	1					
ANR	3858	PtrMemberAccess	tl -> tile_num		3716	0					
ANR	3859	Identifier	tl		3716	0					
ANR	3860	Identifier	tile_num		3716	1					
ANR	3861	Argument	srctile		3716	2					
ANR	3862	Identifier	srctile		3716	0					
ANR	3863	ReturnType	void		3716	1					
ANR	3864	Identifier	tile_manager_map_over_tile		3716	2					
ANR	3865	ParameterList	"TileManager * tm , Tile * tile , Tile * srctile"		3716	3					
ANR	3866	Parameter	TileManager * tm	753:32:19726:19740	3716	0	True				
ANR	3867	ParameterType	TileManager *		3716	0					
ANR	3868	Identifier	tm		3716	1					
ANR	3869	Parameter	Tile * tile	753:48:19742:19751	3716	1	True				
ANR	3870	ParameterType	Tile *		3716	0					
ANR	3871	Identifier	tile		3716	1					
ANR	3872	Parameter	Tile * srctile	753:59:19753:19765	3716	2	True				
ANR	3873	ParameterType	Tile *		3716	0					
ANR	3874	Identifier	srctile		3716	1					
ANR	3875	CFGEntryNode	ENTRY		3716		True				
ANR	3876	CFGExitNode	EXIT		3716		True				
ANR	3877	Symbol	* tile		3716						
ANR	3878	Symbol	__PRETTY_FUNCTION__		3716						
ANR	3879	Symbol	tile -> tlink		3716						
ANR	3880	Symbol	tile		3716						
ANR	3881	Symbol	tl		3716						
ANR	3882	Symbol	G_LOG_LEVEL_WARNING		3716						
ANR	3883	Symbol	tm		3716						
ANR	3884	Symbol	tl -> tm		3716						
ANR	3885	Symbol	srctile		3716						
ANR	3886	Symbol	tl -> next		3716						
ANR	3887	Symbol	* tl		3716						
ANR	3888	Symbol	tl -> tile_num		3716						
ANR	3889	Function	tile_manager_read_pixel_data	795:0:20610:21627							
ANR	3890	FunctionDef	"tile_manager_read_pixel_data (TileManager * tm , gint x1 , gint y1 , gint x2 , gint y2 , guchar * buffer , guint stride)"		3889	0					
ANR	3891	CompoundStatement		796:0:20721:21627	3889	0					
ANR	3892	IdentifierDeclStatement	guint x ;	797:2:20725:20732	3889	0	True				
ANR	3893	IdentifierDecl	x		3889	0					
ANR	3894	IdentifierDeclType	guint		3889	0					
ANR	3895	Identifier	x		3889	1					
ANR	3896	IdentifierDeclStatement	guint y ;	798:2:20736:20743	3889	1	True				
ANR	3897	IdentifierDecl	y		3889	0					
ANR	3898	IdentifierDeclType	guint		3889	0					
ANR	3899	Identifier	y		3889	1					
ANR	3900	ForStatement	for ( y = y1 ; y <= y2 ; y += 64 - y % 64 )		3889	2					
ANR	3901	ForInit	y = y1 ;	799:7:20752:20758	3889	0	True				
ANR	3902	AssignmentExpression	y = y1		3889	0		=			
ANR	3903	Identifier	y		3889	0					
ANR	3904	Identifier	y1		3889	1					
ANR	3905	Condition	y <= y2	799:15:20760:20766	3889	1	True				
ANR	3906	RelationalExpression	y <= y2		3889	0		<=			
ANR	3907	Identifier	y		3889	0					
ANR	3908	Identifier	y2		3889	1					
ANR	3909	AssignmentExpression	y += 64 - y % 64	799:24:20769:20784	3889	2	True	+=			
ANR	3910	Identifier	y		3889	0					
ANR	3911	AdditiveExpression	64 - y % 64		3889	1		-			
ANR	3912	PrimaryExpression	64		3889	0					
ANR	3913	MultiplicativeExpression	y % 64		3889	1		%			
ANR	3914	Identifier	y		3889	0					
ANR	3915	PrimaryExpression	64		3889	1					
ANR	3916	ForStatement	for ( x = x1 ; x <= x2 ; x += 64 - x % 64 )		3889	3					
ANR	3917	ForInit	x = x1 ;	800:9:20797:20803	3889	0	True				
ANR	3918	AssignmentExpression	x = x1		3889	0		=			
ANR	3919	Identifier	x		3889	0					
ANR	3920	Identifier	x1		3889	1					
ANR	3921	Condition	x <= x2	800:17:20805:20811	3889	1	True				
ANR	3922	RelationalExpression	x <= x2		3889	0		<=			
ANR	3923	Identifier	x		3889	0					
ANR	3924	Identifier	x2		3889	1					
ANR	3925	AssignmentExpression	x += 64 - x % 64	800:26:20814:20829	3889	2	True	+=			
ANR	3926	Identifier	x		3889	0					
ANR	3927	AdditiveExpression	64 - x % 64		3889	1		-			
ANR	3928	PrimaryExpression	64		3889	0					
ANR	3929	MultiplicativeExpression	x % 64		3889	1		%			
ANR	3930	Identifier	x		3889	0					
ANR	3931	PrimaryExpression	64		3889	1					
ANR	3932	CompoundStatement		11:6:391:406	3889	3					
ANR	3933	IdentifierDeclStatement	"Tile * tile = tile_manager_get_tile ( tm , x , y , ! 0 , 0 ) ;"	801:6:20840:20887	3889	0	True				
ANR	3934	IdentifierDecl	"* tile = tile_manager_get_tile ( tm , x , y , ! 0 , 0 )"		3889	0					
ANR	3935	IdentifierDeclType	Tile *		3889	0					
ANR	3936	Identifier	tile		3889	1					
ANR	3937	AssignmentExpression	"* tile = tile_manager_get_tile ( tm , x , y , ! 0 , 0 )"		3889	2		=			
ANR	3938	Identifier	tile		3889	0					
ANR	3939	CallExpression	"tile_manager_get_tile ( tm , x , y , ! 0 , 0 )"		3889	1					
ANR	3940	Callee	tile_manager_get_tile		3889	0					
ANR	3941	Identifier	tile_manager_get_tile		3889	0					
ANR	3942	ArgumentList	tm		3889	1					
ANR	3943	Argument	tm		3889	0					
ANR	3944	Identifier	tm		3889	0					
ANR	3945	Argument	x		3889	1					
ANR	3946	Identifier	x		3889	0					
ANR	3947	Argument	y		3889	2					
ANR	3948	Identifier	y		3889	0					
ANR	3949	Argument	! 0		3889	3					
ANR	3950	UnaryOperationExpression	! 0		3889	0					
ANR	3951	UnaryOperator	!		3889	0					
ANR	3952	PrimaryExpression	0		3889	1					
ANR	3953	Argument	0		3889	4					
ANR	3954	PrimaryExpression	0		3889	0					
ANR	3955	IdentifierDeclStatement	const guchar * s = ( tile -> data + ( ( y & ( 64 - 1 ) ) * ( tile -> ewidth ) + ( x & ( 64 - 1 ) ) ) * ( tile -> bpp ) ) ;	802:6:20895:20998	3889	1	True				
ANR	3956	IdentifierDecl	* s = ( tile -> data + ( ( y & ( 64 - 1 ) ) * ( tile -> ewidth ) + ( x & ( 64 - 1 ) ) ) * ( tile -> bpp ) )		3889	0					
ANR	3957	IdentifierDeclType	const guchar *		3889	0					
ANR	3958	Identifier	s		3889	1					
ANR	3959	AssignmentExpression	* s = ( tile -> data + ( ( y & ( 64 - 1 ) ) * ( tile -> ewidth ) + ( x & ( 64 - 1 ) ) ) * ( tile -> bpp ) )		3889	2		=			
ANR	3960	Identifier	s		3889	0					
ANR	3961	AdditiveExpression	tile -> data + ( ( y & ( 64 - 1 ) ) * ( tile -> ewidth ) + ( x & ( 64 - 1 ) ) ) * ( tile -> bpp )		3889	1		+			
ANR	3962	PtrMemberAccess	tile -> data		3889	0					
ANR	3963	Identifier	tile		3889	0					
ANR	3964	Identifier	data		3889	1					
ANR	3965	MultiplicativeExpression	( ( y & ( 64 - 1 ) ) * ( tile -> ewidth ) + ( x & ( 64 - 1 ) ) ) * ( tile -> bpp )		3889	1		*			
ANR	3966	AdditiveExpression	( y & ( 64 - 1 ) ) * ( tile -> ewidth ) + ( x & ( 64 - 1 ) )		3889	0		+			
ANR	3967	MultiplicativeExpression	( y & ( 64 - 1 ) ) * ( tile -> ewidth )		3889	0		*			
ANR	3968	BitAndExpression	y & ( 64 - 1 )		3889	0		&			
ANR	3969	Identifier	y		3889	0					
ANR	3970	AdditiveExpression	64 - 1		3889	1		-			
ANR	3971	PrimaryExpression	64		3889	0					
ANR	3972	PrimaryExpression	1		3889	1					
ANR	3973	PtrMemberAccess	tile -> ewidth		3889	1					
ANR	3974	Identifier	tile		3889	0					
ANR	3975	Identifier	ewidth		3889	1					
ANR	3976	BitAndExpression	x & ( 64 - 1 )		3889	1		&			
ANR	3977	Identifier	x		3889	0					
ANR	3978	AdditiveExpression	64 - 1		3889	1		-			
ANR	3979	PrimaryExpression	64		3889	0					
ANR	3980	PrimaryExpression	1		3889	1					
ANR	3981	PtrMemberAccess	tile -> bpp		3889	1					
ANR	3982	Identifier	tile		3889	0					
ANR	3983	Identifier	bpp		3889	1					
ANR	3984	IdentifierDeclStatement	guchar * d = buffer + stride * ( y - y1 ) + ( tm -> bpp ) * ( x - x1 ) ;	803:6:21006:21069	3889	2	True				
ANR	3985	IdentifierDecl	* d = buffer + stride * ( y - y1 ) + ( tm -> bpp ) * ( x - x1 )		3889	0					
ANR	3986	IdentifierDeclType	guchar *		3889	0					
ANR	3987	Identifier	d		3889	1					
ANR	3988	AssignmentExpression	* d = buffer + stride * ( y - y1 ) + ( tm -> bpp ) * ( x - x1 )		3889	2		=			
ANR	3989	Identifier	d		3889	0					
ANR	3990	AdditiveExpression	buffer + stride * ( y - y1 ) + ( tm -> bpp ) * ( x - x1 )		3889	1		+			
ANR	3991	Identifier	buffer		3889	0					
ANR	3992	AdditiveExpression	stride * ( y - y1 ) + ( tm -> bpp ) * ( x - x1 )		3889	1		+			
ANR	3993	MultiplicativeExpression	stride * ( y - y1 )		3889	0		*			
ANR	3994	Identifier	stride		3889	0					
ANR	3995	AdditiveExpression	y - y1		3889	1		-			
ANR	3996	Identifier	y		3889	0					
ANR	3997	Identifier	y1		3889	1					
ANR	3998	MultiplicativeExpression	( tm -> bpp ) * ( x - x1 )		3889	1		*			
ANR	3999	PtrMemberAccess	tm -> bpp		3889	0					
ANR	4000	Identifier	tm		3889	0					
ANR	4001	Identifier	bpp		3889	1					
ANR	4002	AdditiveExpression	x - x1		3889	1		-			
ANR	4003	Identifier	x		3889	0					
ANR	4004	Identifier	x1		3889	1					
ANR	4005	IdentifierDeclStatement	guint rows ;	804:6:21077:21087	3889	3	True				
ANR	4006	IdentifierDecl	rows		3889	0					
ANR	4007	IdentifierDeclType	guint		3889	0					
ANR	4008	Identifier	rows		3889	1					
ANR	4009	IdentifierDeclStatement	guint cols ;	805:6:21095:21105	3889	4	True				
ANR	4010	IdentifierDecl	cols		3889	0					
ANR	4011	IdentifierDeclType	guint		3889	0					
ANR	4012	Identifier	cols		3889	1					
ANR	4013	IdentifierDeclStatement	guint srcstride ;	806:6:21113:21128	3889	5	True				
ANR	4014	IdentifierDecl	srcstride		3889	0					
ANR	4015	IdentifierDeclType	guint		3889	0					
ANR	4016	Identifier	srcstride		3889	1					
ANR	4017	ExpressionStatement	rows = ( tile -> eheight ) - y % 64	807:6:21136:21169	3889	6	True				
ANR	4018	AssignmentExpression	rows = ( tile -> eheight ) - y % 64		3889	0		=			
ANR	4019	Identifier	rows		3889	0					
ANR	4020	AdditiveExpression	( tile -> eheight ) - y % 64		3889	1		-			
ANR	4021	PtrMemberAccess	tile -> eheight		3889	0					
ANR	4022	Identifier	tile		3889	0					
ANR	4023	Identifier	eheight		3889	1					
ANR	4024	MultiplicativeExpression	y % 64		3889	1		%			
ANR	4025	Identifier	y		3889	0					
ANR	4026	PrimaryExpression	64		3889	1					
ANR	4027	IfStatement	if ( rows > y2 - y + 1 )		3889	7					
ANR	4028	Condition	rows > y2 - y + 1	808:10:21181:21197	3889	0	True				
ANR	4029	RelationalExpression	rows > y2 - y + 1		3889	0		>			
ANR	4030	Identifier	rows		3889	0					
ANR	4031	AdditiveExpression	y2 - y + 1		3889	1		-			
ANR	4032	Identifier	y2		3889	0					
ANR	4033	AdditiveExpression	y + 1		3889	1		+			
ANR	4034	Identifier	y		3889	0					
ANR	4035	PrimaryExpression	1		3889	1					
ANR	4036	CompoundStatement		13:29:478:478	3889	1					
ANR	4037	ExpressionStatement	rows = y2 - y + 1	809:8:21210:21227	3889	0	True				
ANR	4038	AssignmentExpression	rows = y2 - y + 1		3889	0		=			
ANR	4039	Identifier	rows		3889	0					
ANR	4040	AdditiveExpression	y2 - y + 1		3889	1		-			
ANR	4041	Identifier	y2		3889	0					
ANR	4042	AdditiveExpression	y + 1		3889	1		+			
ANR	4043	Identifier	y		3889	0					
ANR	4044	PrimaryExpression	1		3889	1					
ANR	4045	IfStatement	if ( ( size_t ) ( ( cols * ( tm -> bpp ) ) ) > 4096U )		3889	8					
ANR	4046	Condition	( size_t ) ( ( cols * ( tm -> bpp ) ) ) > 4096U	811:10:21247:21284	3889	0	True				
ANR	4047	RelationalExpression	( size_t ) ( ( cols * ( tm -> bpp ) ) ) > 4096U		3889	0		>			
ANR	4048	CastExpression	( size_t ) ( ( cols * ( tm -> bpp ) ) )		3889	0					
ANR	4049	CastTarget	size_t		3889	0					
ANR	4050	MultiplicativeExpression	cols * ( tm -> bpp )		3889	1		*			
ANR	4051	Identifier	cols		3889	0					
ANR	4052	PtrMemberAccess	tm -> bpp		3889	1					
ANR	4053	Identifier	tm		3889	0					
ANR	4054	Identifier	bpp		3889	1					
ANR	4055	PrimaryExpression	4096U		3889	1					
ANR	4056	CompoundStatement		16:50:565:565	3889	1					
ANR	4057	ReturnStatement	return 0 ;	812:10:21299:21307	3889	0	True				
ANR	4058	PrimaryExpression	0		3889	0					
ANR	4059	ExpressionStatement	cols = ( tile -> ewidth ) - x % 64	814:6:21323:21355	3889	9	True				
ANR	4060	AssignmentExpression	cols = ( tile -> ewidth ) - x % 64		3889	0		=			
ANR	4061	Identifier	cols		3889	0					
ANR	4062	AdditiveExpression	( tile -> ewidth ) - x % 64		3889	1		-			
ANR	4063	PtrMemberAccess	tile -> ewidth		3889	0					
ANR	4064	Identifier	tile		3889	0					
ANR	4065	Identifier	ewidth		3889	1					
ANR	4066	MultiplicativeExpression	x % 64		3889	1		%			
ANR	4067	Identifier	x		3889	0					
ANR	4068	PrimaryExpression	64		3889	1					
ANR	4069	IfStatement	if ( cols > x2 - x + 1 )		3889	10					
ANR	4070	Condition	cols > x2 - x + 1	815:10:21367:21383	3889	0	True				
ANR	4071	RelationalExpression	cols > x2 - x + 1		3889	0		>			
ANR	4072	Identifier	cols		3889	0					
ANR	4073	AdditiveExpression	x2 - x + 1		3889	1		-			
ANR	4074	Identifier	x2		3889	0					
ANR	4075	AdditiveExpression	x + 1		3889	1		+			
ANR	4076	Identifier	x		3889	0					
ANR	4077	PrimaryExpression	1		3889	1					
ANR	4078	CompoundStatement		20:29:664:664	3889	1					
ANR	4079	ExpressionStatement	cols = x2 - x + 1	816:8:21396:21413	3889	0	True				
ANR	4080	AssignmentExpression	cols = x2 - x + 1		3889	0		=			
ANR	4081	Identifier	cols		3889	0					
ANR	4082	AdditiveExpression	x2 - x + 1		3889	1		-			
ANR	4083	Identifier	x2		3889	0					
ANR	4084	AdditiveExpression	x + 1		3889	1		+			
ANR	4085	Identifier	x		3889	0					
ANR	4086	PrimaryExpression	1		3889	1					
ANR	4087	ExpressionStatement	srcstride = ( ( tile -> ewidth ) * ( tile -> bpp ) )	818:6:21429:21475	3889	11	True				
ANR	4088	AssignmentExpression	srcstride = ( ( tile -> ewidth ) * ( tile -> bpp ) )		3889	0		=			
ANR	4089	Identifier	srcstride		3889	0					
ANR	4090	MultiplicativeExpression	( tile -> ewidth ) * ( tile -> bpp )		3889	1		*			
ANR	4091	PtrMemberAccess	tile -> ewidth		3889	0					
ANR	4092	Identifier	tile		3889	0					
ANR	4093	Identifier	ewidth		3889	1					
ANR	4094	PtrMemberAccess	tile -> bpp		3889	1					
ANR	4095	Identifier	tile		3889	0					
ANR	4096	Identifier	bpp		3889	1					
ANR	4097	WhileStatement	while ( rows -- )		3889	12					
ANR	4098	Condition	rows --	819:12:21489:21494	3889	0	True				
ANR	4099	PostIncDecOperationExpression	rows --		3889	0					
ANR	4100	Identifier	rows		3889	0					
ANR	4101	IncDec	--		3889	1					
ANR	4102	CompoundStatement		24:19:774:774	3889	1					
ANR	4103	ExpressionStatement	"memcpy ( d , s , ( cols * ( tm -> bpp ) ) )"	820:8:21506:21538	3889	0	True				
ANR	4104	CallExpression	"memcpy ( d , s , ( cols * ( tm -> bpp ) ) )"		3889	0					
ANR	4105	Callee	memcpy		3889	0					
ANR	4106	Identifier	memcpy		3889	0					
ANR	4107	ArgumentList	d		3889	1					
ANR	4108	Argument	d		3889	0					
ANR	4109	Identifier	d		3889	0					
ANR	4110	Argument	s		3889	1					
ANR	4111	Identifier	s		3889	0					
ANR	4112	Argument	cols * ( tm -> bpp )		3889	2					
ANR	4113	MultiplicativeExpression	cols * ( tm -> bpp )		3889	0		*			
ANR	4114	Identifier	cols		3889	0					
ANR	4115	PtrMemberAccess	tm -> bpp		3889	1					
ANR	4116	Identifier	tm		3889	0					
ANR	4117	Identifier	bpp		3889	1					
ANR	4118	ExpressionStatement	s += srcstride	821:8:21548:21562	3889	1	True				
ANR	4119	AssignmentExpression	s += srcstride		3889	0		+=			
ANR	4120	Identifier	s		3889	0					
ANR	4121	Identifier	srcstride		3889	1					
ANR	4122	ExpressionStatement	d += stride	822:8:21572:21583	3889	2	True				
ANR	4123	AssignmentExpression	d += stride		3889	0		+=			
ANR	4124	Identifier	d		3889	0					
ANR	4125	Identifier	stride		3889	1					
ANR	4126	ExpressionStatement	"tile_release ( tile , 0 )"	824:6:21599:21619	3889	13	True				
ANR	4127	CallExpression	"tile_release ( tile , 0 )"		3889	0					
ANR	4128	Callee	tile_release		3889	0					
ANR	4129	Identifier	tile_release		3889	0					
ANR	4130	ArgumentList	tile		3889	1					
ANR	4131	Argument	tile		3889	0					
ANR	4132	Identifier	tile		3889	0					
ANR	4133	Argument	0		3889	1					
ANR	4134	PrimaryExpression	0		3889	0					
ANR	4135	ReturnType	void		3889	1					
ANR	4136	Identifier	tile_manager_read_pixel_data		3889	2					
ANR	4137	ParameterList	"TileManager * tm , gint x1 , gint y1 , gint x2 , gint y2 , guchar * buffer , guint stride"		3889	3					
ANR	4138	Parameter	TileManager * tm	795:34:20644:20658	3889	0	True				
ANR	4139	ParameterType	TileManager *		3889	0					
ANR	4140	Identifier	tm		3889	1					
ANR	4141	Parameter	gint x1	795:50:20660:20666	3889	1	True				
ANR	4142	ParameterType	gint		3889	0					
ANR	4143	Identifier	x1		3889	1					
ANR	4144	Parameter	gint y1	795:58:20668:20674	3889	2	True				
ANR	4145	ParameterType	gint		3889	0					
ANR	4146	Identifier	y1		3889	1					
ANR	4147	Parameter	gint x2	795:66:20676:20682	3889	3	True				
ANR	4148	ParameterType	gint		3889	0					
ANR	4149	Identifier	x2		3889	1					
ANR	4150	Parameter	gint y2	795:74:20684:20690	3889	4	True				
ANR	4151	ParameterType	gint		3889	0					
ANR	4152	Identifier	y2		3889	1					
ANR	4153	Parameter	guchar * buffer	795:82:20692:20705	3889	5	True				
ANR	4154	ParameterType	guchar *		3889	0					
ANR	4155	Identifier	buffer		3889	1					
ANR	4156	Parameter	guint stride	795:97:20707:20718	3889	6	True				
ANR	4157	ParameterType	guint		3889	0					
ANR	4158	Identifier	stride		3889	1					
ANR	4159	CFGEntryNode	ENTRY		3889		True				
ANR	4160	CFGExitNode	EXIT		3889		True				
ANR	4161	Symbol	* tile		3889						
ANR	4162	Symbol	tile_manager_get_tile		3889						
ANR	4163	Symbol	tile -> data		3889						
ANR	4164	Symbol	tile -> bpp		3889						
ANR	4165	Symbol	d		3889						
ANR	4166	Symbol	tile -> eheight		3889						
ANR	4167	Symbol	stride		3889						
ANR	4168	Symbol	rows		3889						
ANR	4169	Symbol	s		3889						
ANR	4170	Symbol	tm -> bpp		3889						
ANR	4171	Symbol	y1		3889						
ANR	4172	Symbol	x		3889						
ANR	4173	Symbol	tile		3889						
ANR	4174	Symbol	tile -> ewidth		3889						
ANR	4175	Symbol	tm		3889						
ANR	4176	Symbol	x1		3889						
ANR	4177	Symbol	y2		3889						
ANR	4178	Symbol	y		3889						
ANR	4179	Symbol	x2		3889						
ANR	4180	Symbol	buffer		3889						
ANR	4181	Symbol	* tm		3889						
ANR	4182	Symbol	cols		3889						
ANR	4183	Symbol	srcstride		3889						
ANR	4184	Function	tile_manager_write_pixel_data	828:0:21630:22654							
ANR	4185	FunctionDef	"tile_manager_write_pixel_data (TileManager * tm , gint x1 , gint y1 , gint x2 , gint y2 , const guchar * buffer , guint stride)"		4184	0					
ANR	4186	CompoundStatement		829:0:21748:22654	4184	0					
ANR	4187	IdentifierDeclStatement	guint x ;	830:2:21752:21759	4184	0	True				
ANR	4188	IdentifierDecl	x		4184	0					
ANR	4189	IdentifierDeclType	guint		4184	0					
ANR	4190	Identifier	x		4184	1					
ANR	4191	IdentifierDeclStatement	guint y ;	831:2:21763:21770	4184	1	True				
ANR	4192	IdentifierDecl	y		4184	0					
ANR	4193	IdentifierDeclType	guint		4184	0					
ANR	4194	Identifier	y		4184	1					
ANR	4195	ForStatement	for ( y = y1 ; y <= y2 ; y += 64 - y % 64 )		4184	2					
ANR	4196	ForInit	y = y1 ;	832:7:21779:21785	4184	0	True				
ANR	4197	AssignmentExpression	y = y1		4184	0		=			
ANR	4198	Identifier	y		4184	0					
ANR	4199	Identifier	y1		4184	1					
ANR	4200	Condition	y <= y2	832:15:21787:21793	4184	1	True				
ANR	4201	RelationalExpression	y <= y2		4184	0		<=			
ANR	4202	Identifier	y		4184	0					
ANR	4203	Identifier	y2		4184	1					
ANR	4204	AssignmentExpression	y += 64 - y % 64	832:24:21796:21811	4184	2	True	+=			
ANR	4205	Identifier	y		4184	0					
ANR	4206	AdditiveExpression	64 - y % 64		4184	1		-			
ANR	4207	PrimaryExpression	64		4184	0					
ANR	4208	MultiplicativeExpression	y % 64		4184	1		%			
ANR	4209	Identifier	y		4184	0					
ANR	4210	PrimaryExpression	64		4184	1					
ANR	4211	ForStatement	for ( x = x1 ; x <= x2 ; x += 64 - x % 64 )		4184	3					
ANR	4212	ForInit	x = x1 ;	833:9:21824:21830	4184	0	True				
ANR	4213	AssignmentExpression	x = x1		4184	0		=			
ANR	4214	Identifier	x		4184	0					
ANR	4215	Identifier	x1		4184	1					
ANR	4216	Condition	x <= x2	833:17:21832:21838	4184	1	True				
ANR	4217	RelationalExpression	x <= x2		4184	0		<=			
ANR	4218	Identifier	x		4184	0					
ANR	4219	Identifier	x2		4184	1					
ANR	4220	AssignmentExpression	x += 64 - x % 64	833:26:21841:21856	4184	2	True	+=			
ANR	4221	Identifier	x		4184	0					
ANR	4222	AdditiveExpression	64 - x % 64		4184	1		-			
ANR	4223	PrimaryExpression	64		4184	0					
ANR	4224	MultiplicativeExpression	x % 64		4184	1		%			
ANR	4225	Identifier	x		4184	0					
ANR	4226	PrimaryExpression	64		4184	1					
ANR	4227	CompoundStatement		11:6:390:405	4184	3					
ANR	4228	IdentifierDeclStatement	"Tile * tile = tile_manager_get_tile ( tm , x , y , ! 0 , ! 0 ) ;"	834:6:21867:21915	4184	0	True				
ANR	4229	IdentifierDecl	"* tile = tile_manager_get_tile ( tm , x , y , ! 0 , ! 0 )"		4184	0					
ANR	4230	IdentifierDeclType	Tile *		4184	0					
ANR	4231	Identifier	tile		4184	1					
ANR	4232	AssignmentExpression	"* tile = tile_manager_get_tile ( tm , x , y , ! 0 , ! 0 )"		4184	2		=			
ANR	4233	Identifier	tile		4184	0					
ANR	4234	CallExpression	"tile_manager_get_tile ( tm , x , y , ! 0 , ! 0 )"		4184	1					
ANR	4235	Callee	tile_manager_get_tile		4184	0					
ANR	4236	Identifier	tile_manager_get_tile		4184	0					
ANR	4237	ArgumentList	tm		4184	1					
ANR	4238	Argument	tm		4184	0					
ANR	4239	Identifier	tm		4184	0					
ANR	4240	Argument	x		4184	1					
ANR	4241	Identifier	x		4184	0					
ANR	4242	Argument	y		4184	2					
ANR	4243	Identifier	y		4184	0					
ANR	4244	Argument	! 0		4184	3					
ANR	4245	UnaryOperationExpression	! 0		4184	0					
ANR	4246	UnaryOperator	!		4184	0					
ANR	4247	PrimaryExpression	0		4184	1					
ANR	4248	Argument	! 0		4184	4					
ANR	4249	UnaryOperationExpression	! 0		4184	0					
ANR	4250	UnaryOperator	!		4184	0					
ANR	4251	PrimaryExpression	0		4184	1					
ANR	4252	IdentifierDeclStatement	const guchar * s = buffer + stride * ( y - y1 ) + ( tm -> bpp ) * ( x - x1 ) ;	835:6:21923:21992	4184	1	True				
ANR	4253	IdentifierDecl	* s = buffer + stride * ( y - y1 ) + ( tm -> bpp ) * ( x - x1 )		4184	0					
ANR	4254	IdentifierDeclType	const guchar *		4184	0					
ANR	4255	Identifier	s		4184	1					
ANR	4256	AssignmentExpression	* s = buffer + stride * ( y - y1 ) + ( tm -> bpp ) * ( x - x1 )		4184	2		=			
ANR	4257	Identifier	s		4184	0					
ANR	4258	AdditiveExpression	buffer + stride * ( y - y1 ) + ( tm -> bpp ) * ( x - x1 )		4184	1		+			
ANR	4259	Identifier	buffer		4184	0					
ANR	4260	AdditiveExpression	stride * ( y - y1 ) + ( tm -> bpp ) * ( x - x1 )		4184	1		+			
ANR	4261	MultiplicativeExpression	stride * ( y - y1 )		4184	0		*			
ANR	4262	Identifier	stride		4184	0					
ANR	4263	AdditiveExpression	y - y1		4184	1		-			
ANR	4264	Identifier	y		4184	0					
ANR	4265	Identifier	y1		4184	1					
ANR	4266	MultiplicativeExpression	( tm -> bpp ) * ( x - x1 )		4184	1		*			
ANR	4267	PtrMemberAccess	tm -> bpp		4184	0					
ANR	4268	Identifier	tm		4184	0					
ANR	4269	Identifier	bpp		4184	1					
ANR	4270	AdditiveExpression	x - x1		4184	1		-			
ANR	4271	Identifier	x		4184	0					
ANR	4272	Identifier	x1		4184	1					
ANR	4273	IdentifierDeclStatement	guchar * d = tile -> data + ( ( y & ( 64 - 1 ) ) * ( tile -> ewidth ) + ( x & ( 64 - 1 ) ) ) * ( tile -> bpp ) ;	836:6:22000:22095	4184	2	True				
ANR	4274	IdentifierDecl	* d = tile -> data + ( ( y & ( 64 - 1 ) ) * ( tile -> ewidth ) + ( x & ( 64 - 1 ) ) ) * ( tile -> bpp )		4184	0					
ANR	4275	IdentifierDeclType	guchar *		4184	0					
ANR	4276	Identifier	d		4184	1					
ANR	4277	AssignmentExpression	* d = tile -> data + ( ( y & ( 64 - 1 ) ) * ( tile -> ewidth ) + ( x & ( 64 - 1 ) ) ) * ( tile -> bpp )		4184	2		=			
ANR	4278	Identifier	d		4184	0					
ANR	4279	AdditiveExpression	tile -> data + ( ( y & ( 64 - 1 ) ) * ( tile -> ewidth ) + ( x & ( 64 - 1 ) ) ) * ( tile -> bpp )		4184	1		+			
ANR	4280	PtrMemberAccess	tile -> data		4184	0					
ANR	4281	Identifier	tile		4184	0					
ANR	4282	Identifier	data		4184	1					
ANR	4283	MultiplicativeExpression	( ( y & ( 64 - 1 ) ) * ( tile -> ewidth ) + ( x & ( 64 - 1 ) ) ) * ( tile -> bpp )		4184	1		*			
ANR	4284	AdditiveExpression	( y & ( 64 - 1 ) ) * ( tile -> ewidth ) + ( x & ( 64 - 1 ) )		4184	0		+			
ANR	4285	MultiplicativeExpression	( y & ( 64 - 1 ) ) * ( tile -> ewidth )		4184	0		*			
ANR	4286	BitAndExpression	y & ( 64 - 1 )		4184	0		&			
ANR	4287	Identifier	y		4184	0					
ANR	4288	AdditiveExpression	64 - 1		4184	1		-			
ANR	4289	PrimaryExpression	64		4184	0					
ANR	4290	PrimaryExpression	1		4184	1					
ANR	4291	PtrMemberAccess	tile -> ewidth		4184	1					
ANR	4292	Identifier	tile		4184	0					
ANR	4293	Identifier	ewidth		4184	1					
ANR	4294	BitAndExpression	x & ( 64 - 1 )		4184	1		&			
ANR	4295	Identifier	x		4184	0					
ANR	4296	AdditiveExpression	64 - 1		4184	1		-			
ANR	4297	PrimaryExpression	64		4184	0					
ANR	4298	PrimaryExpression	1		4184	1					
ANR	4299	PtrMemberAccess	tile -> bpp		4184	1					
ANR	4300	Identifier	tile		4184	0					
ANR	4301	Identifier	bpp		4184	1					
ANR	4302	IdentifierDeclStatement	guint rows ;	837:6:22103:22113	4184	3	True				
ANR	4303	IdentifierDecl	rows		4184	0					
ANR	4304	IdentifierDeclType	guint		4184	0					
ANR	4305	Identifier	rows		4184	1					
ANR	4306	IdentifierDeclStatement	guint cols ;	838:6:22121:22131	4184	4	True				
ANR	4307	IdentifierDecl	cols		4184	0					
ANR	4308	IdentifierDeclType	guint		4184	0					
ANR	4309	Identifier	cols		4184	1					
ANR	4310	IdentifierDeclStatement	guint dststride ;	839:6:22139:22154	4184	5	True				
ANR	4311	IdentifierDecl	dststride		4184	0					
ANR	4312	IdentifierDeclType	guint		4184	0					
ANR	4313	Identifier	dststride		4184	1					
ANR	4314	ExpressionStatement	rows = ( tile -> eheight ) - y % 64	840:6:22162:22195	4184	6	True				
ANR	4315	AssignmentExpression	rows = ( tile -> eheight ) - y % 64		4184	0		=			
ANR	4316	Identifier	rows		4184	0					
ANR	4317	AdditiveExpression	( tile -> eheight ) - y % 64		4184	1		-			
ANR	4318	PtrMemberAccess	tile -> eheight		4184	0					
ANR	4319	Identifier	tile		4184	0					
ANR	4320	Identifier	eheight		4184	1					
ANR	4321	MultiplicativeExpression	y % 64		4184	1		%			
ANR	4322	Identifier	y		4184	0					
ANR	4323	PrimaryExpression	64		4184	1					
ANR	4324	IfStatement	if ( ( size_t ) ( ( cols * ( tm -> bpp ) ) ) > 4096U )		4184	7					
ANR	4325	Condition	( size_t ) ( ( cols * ( tm -> bpp ) ) ) > 4096U	841:10:22207:22244	4184	0	True				
ANR	4326	RelationalExpression	( size_t ) ( ( cols * ( tm -> bpp ) ) ) > 4096U		4184	0		>			
ANR	4327	CastExpression	( size_t ) ( ( cols * ( tm -> bpp ) ) )		4184	0					
ANR	4328	CastTarget	size_t		4184	0					
ANR	4329	MultiplicativeExpression	cols * ( tm -> bpp )		4184	1		*			
ANR	4330	Identifier	cols		4184	0					
ANR	4331	PtrMemberAccess	tm -> bpp		4184	1					
ANR	4332	Identifier	tm		4184	0					
ANR	4333	Identifier	bpp		4184	1					
ANR	4334	PrimaryExpression	4096U		4184	1					
ANR	4335	CompoundStatement		13:50:498:498	4184	1					
ANR	4336	ReturnStatement	return 0 ;	842:10:22259:22267	4184	0	True				
ANR	4337	PrimaryExpression	0		4184	0					
ANR	4338	IfStatement	if ( rows > y2 - y + 1 )		4184	8					
ANR	4339	Condition	rows > y2 - y + 1	844:10:22287:22303	4184	0	True				
ANR	4340	RelationalExpression	rows > y2 - y + 1		4184	0		>			
ANR	4341	Identifier	rows		4184	0					
ANR	4342	AdditiveExpression	y2 - y + 1		4184	1		-			
ANR	4343	Identifier	y2		4184	0					
ANR	4344	AdditiveExpression	y + 1		4184	1		+			
ANR	4345	Identifier	y		4184	0					
ANR	4346	PrimaryExpression	1		4184	1					
ANR	4347	CompoundStatement		16:29:557:557	4184	1					
ANR	4348	ExpressionStatement	rows = y2 - y + 1	845:8:22316:22333	4184	0	True				
ANR	4349	AssignmentExpression	rows = y2 - y + 1		4184	0		=			
ANR	4350	Identifier	rows		4184	0					
ANR	4351	AdditiveExpression	y2 - y + 1		4184	1		-			
ANR	4352	Identifier	y2		4184	0					
ANR	4353	AdditiveExpression	y + 1		4184	1		+			
ANR	4354	Identifier	y		4184	0					
ANR	4355	PrimaryExpression	1		4184	1					
ANR	4356	ExpressionStatement	cols = ( tile -> ewidth ) - x % 64	847:6:22349:22381	4184	9	True				
ANR	4357	AssignmentExpression	cols = ( tile -> ewidth ) - x % 64		4184	0		=			
ANR	4358	Identifier	cols		4184	0					
ANR	4359	AdditiveExpression	( tile -> ewidth ) - x % 64		4184	1		-			
ANR	4360	PtrMemberAccess	tile -> ewidth		4184	0					
ANR	4361	Identifier	tile		4184	0					
ANR	4362	Identifier	ewidth		4184	1					
ANR	4363	MultiplicativeExpression	x % 64		4184	1		%			
ANR	4364	Identifier	x		4184	0					
ANR	4365	PrimaryExpression	64		4184	1					
ANR	4366	IfStatement	if ( cols > x2 - x + 1 )		4184	10					
ANR	4367	Condition	cols > x2 - x + 1	848:10:22393:22409	4184	0	True				
ANR	4368	RelationalExpression	cols > x2 - x + 1		4184	0		>			
ANR	4369	Identifier	cols		4184	0					
ANR	4370	AdditiveExpression	x2 - x + 1		4184	1		-			
ANR	4371	Identifier	x2		4184	0					
ANR	4372	AdditiveExpression	x + 1		4184	1		+			
ANR	4373	Identifier	x		4184	0					
ANR	4374	PrimaryExpression	1		4184	1					
ANR	4375	CompoundStatement		20:29:663:663	4184	1					
ANR	4376	ExpressionStatement	cols = x2 - x + 1	849:8:22422:22439	4184	0	True				
ANR	4377	AssignmentExpression	cols = x2 - x + 1		4184	0		=			
ANR	4378	Identifier	cols		4184	0					
ANR	4379	AdditiveExpression	x2 - x + 1		4184	1		-			
ANR	4380	Identifier	x2		4184	0					
ANR	4381	AdditiveExpression	x + 1		4184	1		+			
ANR	4382	Identifier	x		4184	0					
ANR	4383	PrimaryExpression	1		4184	1					
ANR	4384	ExpressionStatement	dststride = ( ( tile -> ewidth ) * ( tile -> bpp ) )	851:6:22455:22501	4184	11	True				
ANR	4385	AssignmentExpression	dststride = ( ( tile -> ewidth ) * ( tile -> bpp ) )		4184	0		=			
ANR	4386	Identifier	dststride		4184	0					
ANR	4387	MultiplicativeExpression	( tile -> ewidth ) * ( tile -> bpp )		4184	1		*			
ANR	4388	PtrMemberAccess	tile -> ewidth		4184	0					
ANR	4389	Identifier	tile		4184	0					
ANR	4390	Identifier	ewidth		4184	1					
ANR	4391	PtrMemberAccess	tile -> bpp		4184	1					
ANR	4392	Identifier	tile		4184	0					
ANR	4393	Identifier	bpp		4184	1					
ANR	4394	WhileStatement	while ( rows -- )		4184	12					
ANR	4395	Condition	rows --	852:12:22515:22520	4184	0	True				
ANR	4396	PostIncDecOperationExpression	rows --		4184	0					
ANR	4397	Identifier	rows		4184	0					
ANR	4398	IncDec	--		4184	1					
ANR	4399	CompoundStatement		24:19:773:773	4184	1					
ANR	4400	ExpressionStatement	"memcpy ( d , s , ( cols * ( tm -> bpp ) ) )"	853:8:22532:22564	4184	0	True				
ANR	4401	CallExpression	"memcpy ( d , s , ( cols * ( tm -> bpp ) ) )"		4184	0					
ANR	4402	Callee	memcpy		4184	0					
ANR	4403	Identifier	memcpy		4184	0					
ANR	4404	ArgumentList	d		4184	1					
ANR	4405	Argument	d		4184	0					
ANR	4406	Identifier	d		4184	0					
ANR	4407	Argument	s		4184	1					
ANR	4408	Identifier	s		4184	0					
ANR	4409	Argument	cols * ( tm -> bpp )		4184	2					
ANR	4410	MultiplicativeExpression	cols * ( tm -> bpp )		4184	0		*			
ANR	4411	Identifier	cols		4184	0					
ANR	4412	PtrMemberAccess	tm -> bpp		4184	1					
ANR	4413	Identifier	tm		4184	0					
ANR	4414	Identifier	bpp		4184	1					
ANR	4415	ExpressionStatement	s += stride	854:8:22574:22585	4184	1	True				
ANR	4416	AssignmentExpression	s += stride		4184	0		+=			
ANR	4417	Identifier	s		4184	0					
ANR	4418	Identifier	stride		4184	1					
ANR	4419	ExpressionStatement	d += dststride	855:8:22595:22609	4184	2	True				
ANR	4420	AssignmentExpression	d += dststride		4184	0		+=			
ANR	4421	Identifier	d		4184	0					
ANR	4422	Identifier	dststride		4184	1					
ANR	4423	ExpressionStatement	"tile_release ( tile , ! 0 )"	857:6:22625:22646	4184	13	True				
ANR	4424	CallExpression	"tile_release ( tile , ! 0 )"		4184	0					
ANR	4425	Callee	tile_release		4184	0					
ANR	4426	Identifier	tile_release		4184	0					
ANR	4427	ArgumentList	tile		4184	1					
ANR	4428	Argument	tile		4184	0					
ANR	4429	Identifier	tile		4184	0					
ANR	4430	Argument	! 0		4184	1					
ANR	4431	UnaryOperationExpression	! 0		4184	0					
ANR	4432	UnaryOperator	!		4184	0					
ANR	4433	PrimaryExpression	0		4184	1					
ANR	4434	ReturnType	void		4184	1					
ANR	4435	Identifier	tile_manager_write_pixel_data		4184	2					
ANR	4436	ParameterList	"TileManager * tm , gint x1 , gint y1 , gint x2 , gint y2 , const guchar * buffer , guint stride"		4184	3					
ANR	4437	Parameter	TileManager * tm	828:35:21665:21679	4184	0	True				
ANR	4438	ParameterType	TileManager *		4184	0					
ANR	4439	Identifier	tm		4184	1					
ANR	4440	Parameter	gint x1	828:51:21681:21687	4184	1	True				
ANR	4441	ParameterType	gint		4184	0					
ANR	4442	Identifier	x1		4184	1					
ANR	4443	Parameter	gint y1	828:59:21689:21695	4184	2	True				
ANR	4444	ParameterType	gint		4184	0					
ANR	4445	Identifier	y1		4184	1					
ANR	4446	Parameter	gint x2	828:67:21697:21703	4184	3	True				
ANR	4447	ParameterType	gint		4184	0					
ANR	4448	Identifier	x2		4184	1					
ANR	4449	Parameter	gint y2	828:75:21705:21711	4184	4	True				
ANR	4450	ParameterType	gint		4184	0					
ANR	4451	Identifier	y2		4184	1					
ANR	4452	Parameter	const guchar * buffer	828:83:21713:21732	4184	5	True				
ANR	4453	ParameterType	const guchar *		4184	0					
ANR	4454	Identifier	buffer		4184	1					
ANR	4455	Parameter	guint stride	828:104:21734:21745	4184	6	True				
ANR	4456	ParameterType	guint		4184	0					
ANR	4457	Identifier	stride		4184	1					
ANR	4458	CFGEntryNode	ENTRY		4184		True				
ANR	4459	CFGExitNode	EXIT		4184		True				
ANR	4460	Symbol	* tile		4184						
ANR	4461	Symbol	tile_manager_get_tile		4184						
ANR	4462	Symbol	tile -> data		4184						
ANR	4463	Symbol	tile -> bpp		4184						
ANR	4464	Symbol	d		4184						
ANR	4465	Symbol	tile -> eheight		4184						
ANR	4466	Symbol	stride		4184						
ANR	4467	Symbol	rows		4184						
ANR	4468	Symbol	s		4184						
ANR	4469	Symbol	dststride		4184						
ANR	4470	Symbol	tm -> bpp		4184						
ANR	4471	Symbol	y1		4184						
ANR	4472	Symbol	x		4184						
ANR	4473	Symbol	tile		4184						
ANR	4474	Symbol	tile -> ewidth		4184						
ANR	4475	Symbol	tm		4184						
ANR	4476	Symbol	x1		4184						
ANR	4477	Symbol	y2		4184						
ANR	4478	Symbol	y		4184						
ANR	4479	Symbol	x2		4184						
ANR	4480	Symbol	buffer		4184						
ANR	4481	Symbol	* tm		4184						
ANR	4482	Symbol	cols		4184						
ANR	4483	Function	tile_manager_read_pixel_data_1	861:0:22657:23909							
ANR	4484	FunctionDef	"tile_manager_read_pixel_data_1 (TileManager * tm , gint x , gint y , guchar * buffer)"		4483	0					
ANR	4485	CompoundStatement		862:0:22739:23909	4483	0					
ANR	4486	IdentifierDeclStatement	"const gint num = tile_manager_get_tile_num ( tm , x , y ) ;"	863:2:22743:22793	4483	0	True				
ANR	4487	IdentifierDecl	"num = tile_manager_get_tile_num ( tm , x , y )"		4483	0					
ANR	4488	IdentifierDeclType	const gint		4483	0					
ANR	4489	Identifier	num		4483	1					
ANR	4490	AssignmentExpression	"num = tile_manager_get_tile_num ( tm , x , y )"		4483	2		=			
ANR	4491	Identifier	num		4483	0					
ANR	4492	CallExpression	"tile_manager_get_tile_num ( tm , x , y )"		4483	1					
ANR	4493	Callee	tile_manager_get_tile_num		4483	0					
ANR	4494	Identifier	tile_manager_get_tile_num		4483	0					
ANR	4495	ArgumentList	tm		4483	1					
ANR	4496	Argument	tm		4483	0					
ANR	4497	Identifier	tm		4483	0					
ANR	4498	Argument	x		4483	1					
ANR	4499	Identifier	x		4483	0					
ANR	4500	Argument	y		4483	2					
ANR	4501	Identifier	y		4483	0					
ANR	4502	IfStatement	if ( num < 0 )		4483	1					
ANR	4503	Condition	num < 0	864:6:22801:22807	4483	0	True				
ANR	4504	RelationalExpression	num < 0		4483	0		<			
ANR	4505	Identifier	num		4483	0					
ANR	4506	PrimaryExpression	0		4483	1					
ANR	4507	CompoundStatement		3:15:70:70	4483	1					
ANR	4508	ReturnStatement	return ;	865:4:22816:22823	4483	0	True				
ANR	4509	IfStatement	if ( num != tm -> cached_num )		4483	2					
ANR	4510	Condition	num != tm -> cached_num	868:6:22863:22885	4483	0	True				
ANR	4511	EqualityExpression	num != tm -> cached_num		4483	0		!=			
ANR	4512	Identifier	num		4483	0					
ANR	4513	PtrMemberAccess	tm -> cached_num		4483	1					
ANR	4514	Identifier	tm		4483	0					
ANR	4515	Identifier	cached_num		4483	1					
ANR	4516	CompoundStatement		8:4:154:164	4483	1					
ANR	4517	IdentifierDeclStatement	Tile * tile ;	869:4:22894:22904	4483	0	True				
ANR	4518	IdentifierDecl	* tile		4483	0					
ANR	4519	IdentifierDeclType	Tile *		4483	0					
ANR	4520	Identifier	tile		4483	1					
ANR	4521	IfStatement	if ( tm -> cached_tile )		4483	1					
ANR	4522	Condition	tm -> cached_tile	870:8:22914:22930	4483	0	True				
ANR	4523	PtrMemberAccess	tm -> cached_tile		4483	0					
ANR	4524	Identifier	tm		4483	0					
ANR	4525	Identifier	cached_tile		4483	1					
ANR	4526	CompoundStatement		9:27:193:193	4483	1					
ANR	4527	ExpressionStatement	"tile_release ( tm -> cached_tile , 0 )"	871:6:22941:22974	4483	0	True				
ANR	4528	CallExpression	"tile_release ( tm -> cached_tile , 0 )"		4483	0					
ANR	4529	Callee	tile_release		4483	0					
ANR	4530	Identifier	tile_release		4483	0					
ANR	4531	ArgumentList	tm -> cached_tile		4483	1					
ANR	4532	Argument	tm -> cached_tile		4483	0					
ANR	4533	PtrMemberAccess	tm -> cached_tile		4483	0					
ANR	4534	Identifier	tm		4483	0					
ANR	4535	Identifier	cached_tile		4483	1					
ANR	4536	Argument	0		4483	1					
ANR	4537	PrimaryExpression	0		4483	0					
ANR	4538	ExpressionStatement	tm -> cached_num = - 1	873:4:22986:23008	4483	2	True				
ANR	4539	AssignmentExpression	tm -> cached_num = - 1		4483	0		=			
ANR	4540	PtrMemberAccess	tm -> cached_num		4483	0					
ANR	4541	Identifier	tm		4483	0					
ANR	4542	Identifier	cached_num		4483	1					
ANR	4543	UnaryOperationExpression	- 1		4483	1					
ANR	4544	UnaryOperator	-		4483	0					
ANR	4545	PrimaryExpression	1		4483	1					
ANR	4546	ExpressionStatement	tm -> cached_tile = ( ( void * ) 0 )	874:4:23014:23045	4483	3	True				
ANR	4547	AssignmentExpression	tm -> cached_tile = ( ( void * ) 0 )		4483	0		=			
ANR	4548	PtrMemberAccess	tm -> cached_tile		4483	0					
ANR	4549	Identifier	tm		4483	0					
ANR	4550	Identifier	cached_tile		4483	1					
ANR	4551	CastExpression	( void * ) 0		4483	1					
ANR	4552	CastTarget	void *		4483	0					
ANR	4553	PrimaryExpression	0		4483	1					
ANR	4554	ExpressionStatement	"tile = tile_manager_get ( tm , num , ! 0 , 0 )"	882:4:23444:23480	4483	4	True				
ANR	4555	AssignmentExpression	"tile = tile_manager_get ( tm , num , ! 0 , 0 )"		4483	0		=			
ANR	4556	Identifier	tile		4483	0					
ANR	4557	CallExpression	"tile_manager_get ( tm , num , ! 0 , 0 )"		4483	1					
ANR	4558	Callee	tile_manager_get		4483	0					
ANR	4559	Identifier	tile_manager_get		4483	0					
ANR	4560	ArgumentList	tm		4483	1					
ANR	4561	Argument	tm		4483	0					
ANR	4562	Identifier	tm		4483	0					
ANR	4563	Argument	num		4483	1					
ANR	4564	Identifier	num		4483	0					
ANR	4565	Argument	! 0		4483	2					
ANR	4566	UnaryOperationExpression	! 0		4483	0					
ANR	4567	UnaryOperator	!		4483	0					
ANR	4568	PrimaryExpression	0		4483	1					
ANR	4569	Argument	0		4483	3					
ANR	4570	PrimaryExpression	0		4483	0					
ANR	4571	ExpressionStatement	tm -> cached_num = num	883:4:23486:23508	4483	5	True				
ANR	4572	AssignmentExpression	tm -> cached_num = num		4483	0		=			
ANR	4573	PtrMemberAccess	tm -> cached_num		4483	0					
ANR	4574	Identifier	tm		4483	0					
ANR	4575	Identifier	cached_num		4483	1					
ANR	4576	Identifier	num		4483	1					
ANR	4577	ExpressionStatement	tm -> cached_tile = tile	884:4:23514:23538	4483	6	True				
ANR	4578	AssignmentExpression	tm -> cached_tile = tile		4483	0		=			
ANR	4579	PtrMemberAccess	tm -> cached_tile		4483	0					
ANR	4580	Identifier	tm		4483	0					
ANR	4581	Identifier	cached_tile		4483	1					
ANR	4582	Identifier	tile		4483	1					
ANR	4583	CompoundStatement		26:4:810:950	4483	3					
ANR	4584	IdentifierDeclStatement	const guchar * src = ( tm -> cached_tile -> data + ( ( y & 64 - 1 ) * ( tm -> cached_tile -> ewidth ) + ( x & 64 - 1 ) ) * ( tm -> cached_tile -> bpp ) ) ;	887:4:23550:23690	4483	0	True				
ANR	4585	IdentifierDecl	* src = ( tm -> cached_tile -> data + ( ( y & 64 - 1 ) * ( tm -> cached_tile -> ewidth ) + ( x & 64 - 1 ) ) * ( tm -> cached_tile -> bpp ) )		4483	0					
ANR	4586	IdentifierDeclType	const guchar *		4483	0					
ANR	4587	Identifier	src		4483	1					
ANR	4588	AssignmentExpression	* src = ( tm -> cached_tile -> data + ( ( y & 64 - 1 ) * ( tm -> cached_tile -> ewidth ) + ( x & 64 - 1 ) ) * ( tm -> cached_tile -> bpp ) )		4483	2		=			
ANR	4589	Identifier	src		4483	0					
ANR	4590	AdditiveExpression	tm -> cached_tile -> data + ( ( y & 64 - 1 ) * ( tm -> cached_tile -> ewidth ) + ( x & 64 - 1 ) ) * ( tm -> cached_tile -> bpp )		4483	1		+			
ANR	4591	PtrMemberAccess	tm -> cached_tile -> data		4483	0					
ANR	4592	PtrMemberAccess	tm -> cached_tile		4483	0					
ANR	4593	Identifier	tm		4483	0					
ANR	4594	Identifier	cached_tile		4483	1					
ANR	4595	Identifier	data		4483	1					
ANR	4596	MultiplicativeExpression	( ( y & 64 - 1 ) * ( tm -> cached_tile -> ewidth ) + ( x & 64 - 1 ) ) * ( tm -> cached_tile -> bpp )		4483	1		*			
ANR	4597	AdditiveExpression	( y & 64 - 1 ) * ( tm -> cached_tile -> ewidth ) + ( x & 64 - 1 )		4483	0		+			
ANR	4598	MultiplicativeExpression	( y & 64 - 1 ) * ( tm -> cached_tile -> ewidth )		4483	0		*			
ANR	4599	BitAndExpression	y & 64 - 1		4483	0		&			
ANR	4600	Identifier	y		4483	0					
ANR	4601	AdditiveExpression	64 - 1		4483	1		-			
ANR	4602	PrimaryExpression	64		4483	0					
ANR	4603	PrimaryExpression	1		4483	1					
ANR	4604	PtrMemberAccess	tm -> cached_tile -> ewidth		4483	1					
ANR	4605	PtrMemberAccess	tm -> cached_tile		4483	0					
ANR	4606	Identifier	tm		4483	0					
ANR	4607	Identifier	cached_tile		4483	1					
ANR	4608	Identifier	ewidth		4483	1					
ANR	4609	BitAndExpression	x & 64 - 1		4483	1		&			
ANR	4610	Identifier	x		4483	0					
ANR	4611	AdditiveExpression	64 - 1		4483	1		-			
ANR	4612	PrimaryExpression	64		4483	0					
ANR	4613	PrimaryExpression	1		4483	1					
ANR	4614	PtrMemberAccess	tm -> cached_tile -> bpp		4483	1					
ANR	4615	PtrMemberAccess	tm -> cached_tile		4483	0					
ANR	4616	Identifier	tm		4483	0					
ANR	4617	Identifier	cached_tile		4483	1					
ANR	4618	Identifier	bpp		4483	1					
ANR	4619	SwitchStatement	switch ( tm -> bpp )		4483	1					
ANR	4620	Condition	tm -> bpp	888:11:23703:23711	4483	0	True				
ANR	4621	PtrMemberAccess	tm -> bpp		4483	0					
ANR	4622	Identifier	tm		4483	0					
ANR	4623	Identifier	bpp		4483	1					
ANR	4624	CompoundStatement		27:21:973:973	4483	1					
ANR	4625	Label	case 4 :	889:6:23721:23727	4483	0	True				
ANR	4626	ExpressionStatement	* ( buffer ++ ) = * ( src ++ )	890:7:23736:23759	4483	1	True				
ANR	4627	AssignmentExpression	* ( buffer ++ ) = * ( src ++ )		4483	0		=			
ANR	4628	UnaryOperationExpression	* ( buffer ++ )		4483	0					
ANR	4629	UnaryOperator	*		4483	0					
ANR	4630	PostIncDecOperationExpression	buffer ++		4483	1					
ANR	4631	Identifier	buffer		4483	0					
ANR	4632	IncDec	++		4483	1					
ANR	4633	UnaryOperationExpression	* ( src ++ )		4483	1					
ANR	4634	UnaryOperator	*		4483	0					
ANR	4635	PostIncDecOperationExpression	src ++		4483	1					
ANR	4636	Identifier	src		4483	0					
ANR	4637	IncDec	++		4483	1					
ANR	4638	Label	case 3 :	891:6:23767:23773	4483	2	True				
ANR	4639	ExpressionStatement	* ( buffer ++ ) = * ( src ++ )	892:7:23782:23805	4483	3	True				
ANR	4640	AssignmentExpression	* ( buffer ++ ) = * ( src ++ )		4483	0		=			
ANR	4641	UnaryOperationExpression	* ( buffer ++ )		4483	0					
ANR	4642	UnaryOperator	*		4483	0					
ANR	4643	PostIncDecOperationExpression	buffer ++		4483	1					
ANR	4644	Identifier	buffer		4483	0					
ANR	4645	IncDec	++		4483	1					
ANR	4646	UnaryOperationExpression	* ( src ++ )		4483	1					
ANR	4647	UnaryOperator	*		4483	0					
ANR	4648	PostIncDecOperationExpression	src ++		4483	1					
ANR	4649	Identifier	src		4483	0					
ANR	4650	IncDec	++		4483	1					
ANR	4651	Label	case 2 :	893:6:23813:23819	4483	4	True				
ANR	4652	ExpressionStatement	* ( buffer ++ ) = * ( src ++ )	894:7:23828:23851	4483	5	True				
ANR	4653	AssignmentExpression	* ( buffer ++ ) = * ( src ++ )		4483	0		=			
ANR	4654	UnaryOperationExpression	* ( buffer ++ )		4483	0					
ANR	4655	UnaryOperator	*		4483	0					
ANR	4656	PostIncDecOperationExpression	buffer ++		4483	1					
ANR	4657	Identifier	buffer		4483	0					
ANR	4658	IncDec	++		4483	1					
ANR	4659	UnaryOperationExpression	* ( src ++ )		4483	1					
ANR	4660	UnaryOperator	*		4483	0					
ANR	4661	PostIncDecOperationExpression	src ++		4483	1					
ANR	4662	Identifier	src		4483	0					
ANR	4663	IncDec	++		4483	1					
ANR	4664	Label	case 1 :	895:6:23859:23865	4483	6	True				
ANR	4665	ExpressionStatement	* ( buffer ++ ) = * ( src ++ )	896:7:23874:23897	4483	7	True				
ANR	4666	AssignmentExpression	* ( buffer ++ ) = * ( src ++ )		4483	0		=			
ANR	4667	UnaryOperationExpression	* ( buffer ++ )		4483	0					
ANR	4668	UnaryOperator	*		4483	0					
ANR	4669	PostIncDecOperationExpression	buffer ++		4483	1					
ANR	4670	Identifier	buffer		4483	0					
ANR	4671	IncDec	++		4483	1					
ANR	4672	UnaryOperationExpression	* ( src ++ )		4483	1					
ANR	4673	UnaryOperator	*		4483	0					
ANR	4674	PostIncDecOperationExpression	src ++		4483	1					
ANR	4675	Identifier	src		4483	0					
ANR	4676	IncDec	++		4483	1					
ANR	4677	ReturnType	void		4483	1					
ANR	4678	Identifier	tile_manager_read_pixel_data_1		4483	2					
ANR	4679	ParameterList	"TileManager * tm , gint x , gint y , guchar * buffer"		4483	3					
ANR	4680	Parameter	TileManager * tm	861:36:22693:22707	4483	0	True				
ANR	4681	ParameterType	TileManager *		4483	0					
ANR	4682	Identifier	tm		4483	1					
ANR	4683	Parameter	gint x	861:52:22709:22714	4483	1	True				
ANR	4684	ParameterType	gint		4483	0					
ANR	4685	Identifier	x		4483	1					
ANR	4686	Parameter	gint y	861:59:22716:22721	4483	2	True				
ANR	4687	ParameterType	gint		4483	0					
ANR	4688	Identifier	y		4483	1					
ANR	4689	Parameter	guchar * buffer	861:66:22723:22736	4483	3	True				
ANR	4690	ParameterType	guchar *		4483	0					
ANR	4691	Identifier	buffer		4483	1					
ANR	4692	CFGEntryNode	ENTRY		4483		True				
ANR	4693	CFGExitNode	EXIT		4483		True				
ANR	4694	Symbol	tm -> cached_tile -> data		4483						
ANR	4695	Symbol	* ( src ++ )		4483						
ANR	4696	Symbol	src		4483						
ANR	4697	Symbol	num		4483						
ANR	4698	Symbol	* * tm		4483						
ANR	4699	Symbol	tm -> cached_num		4483						
ANR	4700	Symbol	tm -> cached_tile -> bpp		4483						
ANR	4701	Symbol	tm -> cached_tile		4483						
ANR	4702	Symbol	* ( buffer ++ )		4483						
ANR	4703	Symbol	tile_manager_get		4483						
ANR	4704	Symbol	* tm -> cached_tile		4483						
ANR	4705	Symbol	tm -> cached_tile -> ewidth		4483						
ANR	4706	Symbol	tm -> bpp		4483						
ANR	4707	Symbol	x		4483						
ANR	4708	Symbol	tile		4483						
ANR	4709	Symbol	tm		4483						
ANR	4710	Symbol	y		4483						
ANR	4711	Symbol	buffer		4483						
ANR	4712	Symbol	* tm		4483						
ANR	4713	Symbol	tile_manager_get_tile_num		4483						
ANR	4714	Function	tile_manager_write_pixel_data_1	901:0:23912:24375							
ANR	4715	FunctionDef	"tile_manager_write_pixel_data_1 (TileManager * tm , gint x , gint y , const guchar * buffer)"		4714	0					
ANR	4716	CompoundStatement		902:0:24001:24375	4714	0					
ANR	4717	IdentifierDeclStatement	"Tile * tile = tile_manager_get_tile ( tm , x , y , ! 0 , ! 0 ) ;"	903:2:24005:24053	4714	0	True				
ANR	4718	IdentifierDecl	"* tile = tile_manager_get_tile ( tm , x , y , ! 0 , ! 0 )"		4714	0					
ANR	4719	IdentifierDeclType	Tile *		4714	0					
ANR	4720	Identifier	tile		4714	1					
ANR	4721	AssignmentExpression	"* tile = tile_manager_get_tile ( tm , x , y , ! 0 , ! 0 )"		4714	2		=			
ANR	4722	Identifier	tile		4714	0					
ANR	4723	CallExpression	"tile_manager_get_tile ( tm , x , y , ! 0 , ! 0 )"		4714	1					
ANR	4724	Callee	tile_manager_get_tile		4714	0					
ANR	4725	Identifier	tile_manager_get_tile		4714	0					
ANR	4726	ArgumentList	tm		4714	1					
ANR	4727	Argument	tm		4714	0					
ANR	4728	Identifier	tm		4714	0					
ANR	4729	Argument	x		4714	1					
ANR	4730	Identifier	x		4714	0					
ANR	4731	Argument	y		4714	2					
ANR	4732	Identifier	y		4714	0					
ANR	4733	Argument	! 0		4714	3					
ANR	4734	UnaryOperationExpression	! 0		4714	0					
ANR	4735	UnaryOperator	!		4714	0					
ANR	4736	PrimaryExpression	0		4714	1					
ANR	4737	Argument	! 0		4714	4					
ANR	4738	UnaryOperationExpression	! 0		4714	0					
ANR	4739	UnaryOperator	!		4714	0					
ANR	4740	PrimaryExpression	0		4714	1					
ANR	4741	IdentifierDeclStatement	guchar * dest = tile -> data + ( ( y & 64 - 1 ) * ( tile -> ewidth ) + ( x & 64 - 1 ) ) * ( tile -> bpp ) ;	904:2:24057:24151	4714	1	True				
ANR	4742	IdentifierDecl	* dest = tile -> data + ( ( y & 64 - 1 ) * ( tile -> ewidth ) + ( x & 64 - 1 ) ) * ( tile -> bpp )		4714	0					
ANR	4743	IdentifierDeclType	guchar *		4714	0					
ANR	4744	Identifier	dest		4714	1					
ANR	4745	AssignmentExpression	* dest = tile -> data + ( ( y & 64 - 1 ) * ( tile -> ewidth ) + ( x & 64 - 1 ) ) * ( tile -> bpp )		4714	2		=			
ANR	4746	Identifier	dest		4714	0					
ANR	4747	AdditiveExpression	tile -> data + ( ( y & 64 - 1 ) * ( tile -> ewidth ) + ( x & 64 - 1 ) ) * ( tile -> bpp )		4714	1		+			
ANR	4748	PtrMemberAccess	tile -> data		4714	0					
ANR	4749	Identifier	tile		4714	0					
ANR	4750	Identifier	data		4714	1					
ANR	4751	MultiplicativeExpression	( ( y & 64 - 1 ) * ( tile -> ewidth ) + ( x & 64 - 1 ) ) * ( tile -> bpp )		4714	1		*			
ANR	4752	AdditiveExpression	( y & 64 - 1 ) * ( tile -> ewidth ) + ( x & 64 - 1 )		4714	0		+			
ANR	4753	MultiplicativeExpression	( y & 64 - 1 ) * ( tile -> ewidth )		4714	0		*			
ANR	4754	BitAndExpression	y & 64 - 1		4714	0		&			
ANR	4755	Identifier	y		4714	0					
ANR	4756	AdditiveExpression	64 - 1		4714	1		-			
ANR	4757	PrimaryExpression	64		4714	0					
ANR	4758	PrimaryExpression	1		4714	1					
ANR	4759	PtrMemberAccess	tile -> ewidth		4714	1					
ANR	4760	Identifier	tile		4714	0					
ANR	4761	Identifier	ewidth		4714	1					
ANR	4762	BitAndExpression	x & 64 - 1		4714	1		&			
ANR	4763	Identifier	x		4714	0					
ANR	4764	AdditiveExpression	64 - 1		4714	1		-			
ANR	4765	PrimaryExpression	64		4714	0					
ANR	4766	PrimaryExpression	1		4714	1					
ANR	4767	PtrMemberAccess	tile -> bpp		4714	1					
ANR	4768	Identifier	tile		4714	0					
ANR	4769	Identifier	bpp		4714	1					
ANR	4770	SwitchStatement	switch ( tm -> bpp )		4714	2					
ANR	4771	Condition	tm -> bpp	905:9:24162:24170	4714	0	True				
ANR	4772	PtrMemberAccess	tm -> bpp		4714	0					
ANR	4773	Identifier	tm		4714	0					
ANR	4774	Identifier	bpp		4714	1					
ANR	4775	CompoundStatement		4:19:170:170	4714	1					
ANR	4776	Label	case 4 :	906:4:24178:24184	4714	0	True				
ANR	4777	ExpressionStatement	* ( dest ++ ) = * ( buffer ++ )	907:5:24191:24215	4714	1	True				
ANR	4778	AssignmentExpression	* ( dest ++ ) = * ( buffer ++ )		4714	0		=			
ANR	4779	UnaryOperationExpression	* ( dest ++ )		4714	0					
ANR	4780	UnaryOperator	*		4714	0					
ANR	4781	PostIncDecOperationExpression	dest ++		4714	1					
ANR	4782	Identifier	dest		4714	0					
ANR	4783	IncDec	++		4714	1					
ANR	4784	UnaryOperationExpression	* ( buffer ++ )		4714	1					
ANR	4785	UnaryOperator	*		4714	0					
ANR	4786	PostIncDecOperationExpression	buffer ++		4714	1					
ANR	4787	Identifier	buffer		4714	0					
ANR	4788	IncDec	++		4714	1					
ANR	4789	Label	case 3 :	908:4:24221:24227	4714	2	True				
ANR	4790	ExpressionStatement	* ( dest ++ ) = * ( buffer ++ )	909:5:24234:24258	4714	3	True				
ANR	4791	AssignmentExpression	* ( dest ++ ) = * ( buffer ++ )		4714	0		=			
ANR	4792	UnaryOperationExpression	* ( dest ++ )		4714	0					
ANR	4793	UnaryOperator	*		4714	0					
ANR	4794	PostIncDecOperationExpression	dest ++		4714	1					
ANR	4795	Identifier	dest		4714	0					
ANR	4796	IncDec	++		4714	1					
ANR	4797	UnaryOperationExpression	* ( buffer ++ )		4714	1					
ANR	4798	UnaryOperator	*		4714	0					
ANR	4799	PostIncDecOperationExpression	buffer ++		4714	1					
ANR	4800	Identifier	buffer		4714	0					
ANR	4801	IncDec	++		4714	1					
ANR	4802	Label	case 2 :	910:4:24264:24270	4714	4	True				
ANR	4803	ExpressionStatement	* ( dest ++ ) = * ( buffer ++ )	911:5:24277:24301	4714	5	True				
ANR	4804	AssignmentExpression	* ( dest ++ ) = * ( buffer ++ )		4714	0		=			
ANR	4805	UnaryOperationExpression	* ( dest ++ )		4714	0					
ANR	4806	UnaryOperator	*		4714	0					
ANR	4807	PostIncDecOperationExpression	dest ++		4714	1					
ANR	4808	Identifier	dest		4714	0					
ANR	4809	IncDec	++		4714	1					
ANR	4810	UnaryOperationExpression	* ( buffer ++ )		4714	1					
ANR	4811	UnaryOperator	*		4714	0					
ANR	4812	PostIncDecOperationExpression	buffer ++		4714	1					
ANR	4813	Identifier	buffer		4714	0					
ANR	4814	IncDec	++		4714	1					
ANR	4815	Label	case 1 :	912:4:24307:24313	4714	6	True				
ANR	4816	ExpressionStatement	* ( dest ++ ) = * ( buffer ++ )	913:5:24320:24344	4714	7	True				
ANR	4817	AssignmentExpression	* ( dest ++ ) = * ( buffer ++ )		4714	0		=			
ANR	4818	UnaryOperationExpression	* ( dest ++ )		4714	0					
ANR	4819	UnaryOperator	*		4714	0					
ANR	4820	PostIncDecOperationExpression	dest ++		4714	1					
ANR	4821	Identifier	dest		4714	0					
ANR	4822	IncDec	++		4714	1					
ANR	4823	UnaryOperationExpression	* ( buffer ++ )		4714	1					
ANR	4824	UnaryOperator	*		4714	0					
ANR	4825	PostIncDecOperationExpression	buffer ++		4714	1					
ANR	4826	Identifier	buffer		4714	0					
ANR	4827	IncDec	++		4714	1					
ANR	4828	ExpressionStatement	"tile_release ( tile , ! 0 )"	915:2:24352:24373	4714	3	True				
ANR	4829	CallExpression	"tile_release ( tile , ! 0 )"		4714	0					
ANR	4830	Callee	tile_release		4714	0					
ANR	4831	Identifier	tile_release		4714	0					
ANR	4832	ArgumentList	tile		4714	1					
ANR	4833	Argument	tile		4714	0					
ANR	4834	Identifier	tile		4714	0					
ANR	4835	Argument	! 0		4714	1					
ANR	4836	UnaryOperationExpression	! 0		4714	0					
ANR	4837	UnaryOperator	!		4714	0					
ANR	4838	PrimaryExpression	0		4714	1					
ANR	4839	ReturnType	void		4714	1					
ANR	4840	Identifier	tile_manager_write_pixel_data_1		4714	2					
ANR	4841	ParameterList	"TileManager * tm , gint x , gint y , const guchar * buffer"		4714	3					
ANR	4842	Parameter	TileManager * tm	901:37:23949:23963	4714	0	True				
ANR	4843	ParameterType	TileManager *		4714	0					
ANR	4844	Identifier	tm		4714	1					
ANR	4845	Parameter	gint x	901:53:23965:23970	4714	1	True				
ANR	4846	ParameterType	gint		4714	0					
ANR	4847	Identifier	x		4714	1					
ANR	4848	Parameter	gint y	901:60:23972:23977	4714	2	True				
ANR	4849	ParameterType	gint		4714	0					
ANR	4850	Identifier	y		4714	1					
ANR	4851	Parameter	const guchar * buffer	901:67:23979:23998	4714	3	True				
ANR	4852	ParameterType	const guchar *		4714	0					
ANR	4853	Identifier	buffer		4714	1					
ANR	4854	CFGEntryNode	ENTRY		4714		True				
ANR	4855	CFGExitNode	EXIT		4714		True				
ANR	4856	Symbol	* tile		4714						
ANR	4857	Symbol	tile_manager_get_tile		4714						
ANR	4858	Symbol	tile -> data		4714						
ANR	4859	Symbol	tile -> bpp		4714						
ANR	4860	Symbol	dest		4714						
ANR	4861	Symbol	* ( buffer ++ )		4714						
ANR	4862	Symbol	tm -> bpp		4714						
ANR	4863	Symbol	x		4714						
ANR	4864	Symbol	tile		4714						
ANR	4865	Symbol	tile -> ewidth		4714						
ANR	4866	Symbol	tm		4714						
ANR	4867	Symbol	y		4714						
ANR	4868	Symbol	buffer		4714						
ANR	4869	Symbol	* tm		4714						
ANR	4870	Symbol	* ( dest ++ )		4714						
ANR	4871	Function	stonesoup_handle_taint	918:0:24378:25047							
ANR	4872	FunctionDef	stonesoup_handle_taint (char * hamon_slovakia)		4871	0					
ANR	4873	CompoundStatement		919:0:24428:25047	4871	0					
ANR	4874	IdentifierDeclStatement	char * * unsteels_conjectured = 0 ;	920:2:24432:24463	4871	0	True				
ANR	4875	IdentifierDecl	* * unsteels_conjectured = 0		4871	0					
ANR	4876	IdentifierDeclType	char * *		4871	0					
ANR	4877	Identifier	unsteels_conjectured		4871	1					
ANR	4878	AssignmentExpression	* * unsteels_conjectured = 0		4871	2		=			
ANR	4879	Identifier	unsteels_conjectured		4871	0					
ANR	4880	PrimaryExpression	0		4871	1					
ANR	4881	IdentifierDeclStatement	int * * preexperimental_bestuds = 0 ;	921:2:24467:24500	4871	1	True				
ANR	4882	IdentifierDecl	* * preexperimental_bestuds = 0		4871	0					
ANR	4883	IdentifierDeclType	int * *		4871	0					
ANR	4884	Identifier	preexperimental_bestuds		4871	1					
ANR	4885	AssignmentExpression	* * preexperimental_bestuds = 0		4871	2		=			
ANR	4886	Identifier	preexperimental_bestuds		4871	0					
ANR	4887	PrimaryExpression	0		4871	1					
ANR	4888	IdentifierDeclStatement	int * cagers_marylin = 0 ;	922:2:24504:24527	4871	2	True				
ANR	4889	IdentifierDecl	* cagers_marylin = 0		4871	0					
ANR	4890	IdentifierDeclType	int *		4871	0					
ANR	4891	Identifier	cagers_marylin		4871	1					
ANR	4892	AssignmentExpression	* cagers_marylin = 0		4871	2		=			
ANR	4893	Identifier	cagers_marylin		4871	0					
ANR	4894	PrimaryExpression	0		4871	1					
ANR	4895	IdentifierDeclStatement	int superrefine_pastern ;	923:2:24531:24554	4871	3	True				
ANR	4896	IdentifierDecl	superrefine_pastern		4871	0					
ANR	4897	IdentifierDeclType	int		4871	0					
ANR	4898	Identifier	superrefine_pastern		4871	1					
ANR	4899	IdentifierDeclStatement	char * * mafoo_maronian [ 10 ] = { 0 } ;	924:2:24558:24589	4871	4	True				
ANR	4900	IdentifierDecl	* * mafoo_maronian [ 10 ] = { 0 }		4871	0					
ANR	4901	IdentifierDeclType	char * * [ 10 ]		4871	0					
ANR	4902	Identifier	mafoo_maronian		4871	1					
ANR	4903	PrimaryExpression	10		4871	2					
ANR	4904	AssignmentExpression	* * mafoo_maronian [ 10 ] = { 0 }		4871	3		=			
ANR	4905	Identifier	mafoo_maronian		4871	0					
ANR	4906	InitializerList	0		4871	1					
ANR	4907	PrimaryExpression	0		4871	0					
ANR	4908	IdentifierDeclStatement	char * pochay_distortive [ 52 ] = { 0 } ;	925:2:24593:24626	4871	5	True				
ANR	4909	IdentifierDecl	* pochay_distortive [ 52 ] = { 0 }		4871	0					
ANR	4910	IdentifierDeclType	char * [ 52 ]		4871	0					
ANR	4911	Identifier	pochay_distortive		4871	1					
ANR	4912	PrimaryExpression	52		4871	2					
ANR	4913	AssignmentExpression	* pochay_distortive [ 52 ] = { 0 }		4871	3		=			
ANR	4914	Identifier	pochay_distortive		4871	0					
ANR	4915	InitializerList	0		4871	1					
ANR	4916	PrimaryExpression	0		4871	0					
ANR	4917	ExpressionStatement	++ stonesoup_global_variable	926:2:24630:24657	4871	6	True				
ANR	4918	UnaryExpression	++ stonesoup_global_variable		4871	0					
ANR	4919	IncDec	++		4871	0					
ANR	4920	Identifier	stonesoup_global_variable		4871	1					
ANR	4921	ExpressionStatement		926:30:24658:24658	4871	7	True				
ANR	4922	IfStatement	if ( hamon_slovakia != 0 )		4871	8					
ANR	4923	Condition	hamon_slovakia != 0	927:6:24666:24684	4871	0	True				
ANR	4924	EqualityExpression	hamon_slovakia != 0		4871	0		!=			
ANR	4925	Identifier	hamon_slovakia		4871	0					
ANR	4926	PrimaryExpression	0		4871	1					
ANR	4927	CompoundStatement		9:27:258:258	4871	1					
ANR	4928	ExpressionStatement		927:28:24688:24688	4871	0	True				
ANR	4929	ExpressionStatement	pochay_distortive [ 9 ] = hamon_slovakia	928:4:24694:24731	4871	1	True				
ANR	4930	AssignmentExpression	pochay_distortive [ 9 ] = hamon_slovakia		4871	0		=			
ANR	4931	ArrayIndexing	pochay_distortive [ 9 ]		4871	0					
ANR	4932	Identifier	pochay_distortive		4871	0					
ANR	4933	PrimaryExpression	9		4871	1					
ANR	4934	Identifier	hamon_slovakia		4871	1					
ANR	4935	ExpressionStatement	superrefine_pastern = 5	929:4:24737:24760	4871	2	True				
ANR	4936	AssignmentExpression	superrefine_pastern = 5		4871	0		=			
ANR	4937	Identifier	superrefine_pastern		4871	0					
ANR	4938	PrimaryExpression	5		4871	1					
ANR	4939	ExpressionStatement	cagers_marylin = & superrefine_pastern	930:4:24766:24803	4871	3	True				
ANR	4940	AssignmentExpression	cagers_marylin = & superrefine_pastern		4871	0		=			
ANR	4941	Identifier	cagers_marylin		4871	0					
ANR	4942	UnaryOperationExpression	& superrefine_pastern		4871	1					
ANR	4943	UnaryOperator	&		4871	0					
ANR	4944	Identifier	superrefine_pastern		4871	1					
ANR	4945	ExpressionStatement	preexperimental_bestuds = & cagers_marylin	931:4:24809:24850	4871	4	True				
ANR	4946	AssignmentExpression	preexperimental_bestuds = & cagers_marylin		4871	0		=			
ANR	4947	Identifier	preexperimental_bestuds		4871	0					
ANR	4948	UnaryOperationExpression	& cagers_marylin		4871	1					
ANR	4949	UnaryOperator	&		4871	0					
ANR	4950	Identifier	cagers_marylin		4871	1					
ANR	4951	ExpressionStatement	mafoo_maronian [ * ( * preexperimental_bestuds ) ] = pochay_distortive	932:4:24856:24921	4871	5	True				
ANR	4952	AssignmentExpression	mafoo_maronian [ * ( * preexperimental_bestuds ) ] = pochay_distortive		4871	0		=			
ANR	4953	ArrayIndexing	mafoo_maronian [ * ( * preexperimental_bestuds ) ]		4871	0					
ANR	4954	Identifier	mafoo_maronian		4871	0					
ANR	4955	UnaryOperationExpression	* ( * preexperimental_bestuds )		4871	1					
ANR	4956	UnaryOperator	*		4871	0					
ANR	4957	UnaryOperationExpression	* preexperimental_bestuds		4871	1					
ANR	4958	UnaryOperator	*		4871	0					
ANR	4959	Identifier	preexperimental_bestuds		4871	1					
ANR	4960	Identifier	pochay_distortive		4871	1					
ANR	4961	ExpressionStatement	unsteels_conjectured = mafoo_maronian [ * ( * preexperimental_bestuds ) ]	933:4:24927:24995	4871	6	True				
ANR	4962	AssignmentExpression	unsteels_conjectured = mafoo_maronian [ * ( * preexperimental_bestuds ) ]		4871	0		=			
ANR	4963	Identifier	unsteels_conjectured		4871	0					
ANR	4964	ArrayIndexing	mafoo_maronian [ * ( * preexperimental_bestuds ) ]		4871	1					
ANR	4965	Identifier	mafoo_maronian		4871	0					
ANR	4966	UnaryOperationExpression	* ( * preexperimental_bestuds )		4871	1					
ANR	4967	UnaryOperator	*		4871	0					
ANR	4968	UnaryOperationExpression	* preexperimental_bestuds		4871	1					
ANR	4969	UnaryOperator	*		4871	0					
ANR	4970	Identifier	preexperimental_bestuds		4871	1					
ANR	4971	ExpressionStatement	diestrums_everhart ( unsteels_conjectured )	934:4:25001:25041	4871	7	True				
ANR	4972	CallExpression	diestrums_everhart ( unsteels_conjectured )		4871	0					
ANR	4973	Callee	diestrums_everhart		4871	0					
ANR	4974	Identifier	diestrums_everhart		4871	0					
ANR	4975	ArgumentList	unsteels_conjectured		4871	1					
ANR	4976	Argument	unsteels_conjectured		4871	0					
ANR	4977	Identifier	unsteels_conjectured		4871	0					
ANR	4978	ReturnType	void		4871	1					
ANR	4979	Identifier	stonesoup_handle_taint		4871	2					
ANR	4980	ParameterList	char * hamon_slovakia		4871	3					
ANR	4981	Parameter	char * hamon_slovakia	918:28:24406:24425	4871	0	True				
ANR	4982	ParameterType	char *		4871	0					
ANR	4983	Identifier	hamon_slovakia		4871	1					
ANR	4984	CFGEntryNode	ENTRY		4871		True				
ANR	4985	CFGExitNode	EXIT		4871		True				
ANR	4986	Symbol	superrefine_pastern		4871						
ANR	4987	Symbol	* * * preexperimental_bestuds		4871						
ANR	4988	Symbol	* pochay_distortive		4871						
ANR	4989	Symbol	* * ( * preexperimental_bestuds )		4871						
ANR	4990	Symbol	& cagers_marylin		4871						
ANR	4991	Symbol	* mafoo_maronian		4871						
ANR	4992	Symbol	* preexperimental_bestuds		4871						
ANR	4993	Symbol	hamon_slovakia		4871						
ANR	4994	Symbol	* * preexperimental_bestuds		4871						
ANR	4995	Symbol	mafoo_maronian		4871						
ANR	4996	Symbol	pochay_distortive		4871						
ANR	4997	Symbol	& superrefine_pastern		4871						
ANR	4998	Symbol	preexperimental_bestuds		4871						
ANR	4999	Symbol	cagers_marylin		4871						
ANR	5000	Symbol	* ( * preexperimental_bestuds )		4871						
ANR	5001	Symbol	unsteels_conjectured		4871						
ANR	5002	Function	diestrums_everhart	938:0:25050:25195							
ANR	5003	FunctionDef	diestrums_everhart (char * * pseudobinary_archenemies)		5002	0					
ANR	5004	CompoundStatement		939:0:25107:25195	5002	0					
ANR	5005	ExpressionStatement	++ stonesoup_global_variable	940:2:25111:25138	5002	0	True				
ANR	5006	UnaryExpression	++ stonesoup_global_variable		5002	0					
ANR	5007	IncDec	++		5002	0					
ANR	5008	Identifier	stonesoup_global_variable		5002	1					
ANR	5009	ExpressionStatement		940:30:25139:25139	5002	1	True				
ANR	5010	ExpressionStatement	urbanologists_truncature ( pseudobinary_archenemies )	941:2:25143:25193	5002	2	True				
ANR	5011	CallExpression	urbanologists_truncature ( pseudobinary_archenemies )		5002	0					
ANR	5012	Callee	urbanologists_truncature		5002	0					
ANR	5013	Identifier	urbanologists_truncature		5002	0					
ANR	5014	ArgumentList	pseudobinary_archenemies		5002	1					
ANR	5015	Argument	pseudobinary_archenemies		5002	0					
ANR	5016	Identifier	pseudobinary_archenemies		5002	0					
ANR	5017	ReturnType	void		5002	1					
ANR	5018	Identifier	diestrums_everhart		5002	2					
ANR	5019	ParameterList	char * * pseudobinary_archenemies		5002	3					
ANR	5020	Parameter	char * * pseudobinary_archenemies	938:24:25074:25104	5002	0	True				
ANR	5021	ParameterType	char * *		5002	0					
ANR	5022	Identifier	pseudobinary_archenemies		5002	1					
ANR	5023	CFGEntryNode	ENTRY		5002		True				
ANR	5024	CFGExitNode	EXIT		5002		True				
ANR	5025	Symbol	pseudobinary_archenemies		5002						
ANR	5026	Function	urbanologists_truncature	944:0:25198:25326							
ANR	5027	FunctionDef	urbanologists_truncature (char * * dimplier_vancouver)		5026	0					
ANR	5028	CompoundStatement		945:0:25255:25326	5026	0					
ANR	5029	ExpressionStatement	++ stonesoup_global_variable	946:2:25259:25286	5026	0	True				
ANR	5030	UnaryExpression	++ stonesoup_global_variable		5026	0					
ANR	5031	IncDec	++		5026	0					
ANR	5032	Identifier	stonesoup_global_variable		5026	1					
ANR	5033	ExpressionStatement		946:30:25287:25287	5026	1	True				
ANR	5034	ExpressionStatement	fazenda_balas ( dimplier_vancouver )	947:2:25291:25324	5026	2	True				
ANR	5035	CallExpression	fazenda_balas ( dimplier_vancouver )		5026	0					
ANR	5036	Callee	fazenda_balas		5026	0					
ANR	5037	Identifier	fazenda_balas		5026	0					
ANR	5038	ArgumentList	dimplier_vancouver		5026	1					
ANR	5039	Argument	dimplier_vancouver		5026	0					
ANR	5040	Identifier	dimplier_vancouver		5026	0					
ANR	5041	ReturnType	void		5026	1					
ANR	5042	Identifier	urbanologists_truncature		5026	2					
ANR	5043	ParameterList	char * * dimplier_vancouver		5026	3					
ANR	5044	Parameter	char * * dimplier_vancouver	944:30:25228:25252	5026	0	True				
ANR	5045	ParameterType	char * *		5026	0					
ANR	5046	Identifier	dimplier_vancouver		5026	1					
ANR	5047	CFGEntryNode	ENTRY		5026		True				
ANR	5048	CFGExitNode	EXIT		5026		True				
ANR	5049	Symbol	dimplier_vancouver		5026						
ANR	5050	Function	fazenda_balas	950:0:25329:25460							
ANR	5051	FunctionDef	fazenda_balas (char * * hexarchies_noncanvassing)		5050	0					
ANR	5052	CompoundStatement		951:0:25381:25460	5050	0					
ANR	5053	ExpressionStatement	++ stonesoup_global_variable	952:2:25385:25412	5050	0	True				
ANR	5054	UnaryExpression	++ stonesoup_global_variable		5050	0					
ANR	5055	IncDec	++		5050	0					
ANR	5056	Identifier	stonesoup_global_variable		5050	1					
ANR	5057	ExpressionStatement		952:30:25413:25413	5050	1	True				
ANR	5058	ExpressionStatement	knottiest_tutto ( hexarchies_noncanvassing )	953:2:25417:25458	5050	2	True				
ANR	5059	CallExpression	knottiest_tutto ( hexarchies_noncanvassing )		5050	0					
ANR	5060	Callee	knottiest_tutto		5050	0					
ANR	5061	Identifier	knottiest_tutto		5050	0					
ANR	5062	ArgumentList	hexarchies_noncanvassing		5050	1					
ANR	5063	Argument	hexarchies_noncanvassing		5050	0					
ANR	5064	Identifier	hexarchies_noncanvassing		5050	0					
ANR	5065	ReturnType	void		5050	1					
ANR	5066	Identifier	fazenda_balas		5050	2					
ANR	5067	ParameterList	char * * hexarchies_noncanvassing		5050	3					
ANR	5068	Parameter	char * * hexarchies_noncanvassing	950:19:25348:25378	5050	0	True				
ANR	5069	ParameterType	char * *		5050	0					
ANR	5070	Identifier	hexarchies_noncanvassing		5050	1					
ANR	5071	CFGEntryNode	ENTRY		5050		True				
ANR	5072	CFGExitNode	EXIT		5050		True				
ANR	5073	Symbol	hexarchies_noncanvassing		5050						
ANR	5074	Function	knottiest_tutto	956:0:25463:25592							
ANR	5075	FunctionDef	knottiest_tutto (char * * papistries_focalized)		5074	0					
ANR	5076	CompoundStatement		957:0:25513:25592	5074	0					
ANR	5077	ExpressionStatement	++ stonesoup_global_variable	958:2:25517:25544	5074	0	True				
ANR	5078	UnaryExpression	++ stonesoup_global_variable		5074	0					
ANR	5079	IncDec	++		5074	0					
ANR	5080	Identifier	stonesoup_global_variable		5074	1					
ANR	5081	ExpressionStatement		958:30:25545:25545	5074	1	True				
ANR	5082	ExpressionStatement	discordantness_spet ( papistries_focalized )	959:2:25549:25590	5074	2	True				
ANR	5083	CallExpression	discordantness_spet ( papistries_focalized )		5074	0					
ANR	5084	Callee	discordantness_spet		5074	0					
ANR	5085	Identifier	discordantness_spet		5074	0					
ANR	5086	ArgumentList	papistries_focalized		5074	1					
ANR	5087	Argument	papistries_focalized		5074	0					
ANR	5088	Identifier	papistries_focalized		5074	0					
ANR	5089	ReturnType	void		5074	1					
ANR	5090	Identifier	knottiest_tutto		5074	2					
ANR	5091	ParameterList	char * * papistries_focalized		5074	3					
ANR	5092	Parameter	char * * papistries_focalized	956:21:25484:25510	5074	0	True				
ANR	5093	ParameterType	char * *		5074	0					
ANR	5094	Identifier	papistries_focalized		5074	1					
ANR	5095	CFGEntryNode	ENTRY		5074		True				
ANR	5096	CFGExitNode	EXIT		5074		True				
ANR	5097	Symbol	papistries_focalized		5074						
ANR	5098	Function	discordantness_spet	962:0:25595:25737							
ANR	5099	FunctionDef	discordantness_spet (char * * tercentenary_mesosigmoid)		5098	0					
ANR	5100	CompoundStatement		963:0:25653:25737	5098	0					
ANR	5101	ExpressionStatement	++ stonesoup_global_variable	964:2:25657:25684	5098	0	True				
ANR	5102	UnaryExpression	++ stonesoup_global_variable		5098	0					
ANR	5103	IncDec	++		5098	0					
ANR	5104	Identifier	stonesoup_global_variable		5098	1					
ANR	5105	ExpressionStatement		964:30:25685:25685	5098	1	True				
ANR	5106	ExpressionStatement	duckblind_lincomycin ( tercentenary_mesosigmoid )	965:2:25689:25735	5098	2	True				
ANR	5107	CallExpression	duckblind_lincomycin ( tercentenary_mesosigmoid )		5098	0					
ANR	5108	Callee	duckblind_lincomycin		5098	0					
ANR	5109	Identifier	duckblind_lincomycin		5098	0					
ANR	5110	ArgumentList	tercentenary_mesosigmoid		5098	1					
ANR	5111	Argument	tercentenary_mesosigmoid		5098	0					
ANR	5112	Identifier	tercentenary_mesosigmoid		5098	0					
ANR	5113	ReturnType	void		5098	1					
ANR	5114	Identifier	discordantness_spet		5098	2					
ANR	5115	ParameterList	char * * tercentenary_mesosigmoid		5098	3					
ANR	5116	Parameter	char * * tercentenary_mesosigmoid	962:25:25620:25650	5098	0	True				
ANR	5117	ParameterType	char * *		5098	0					
ANR	5118	Identifier	tercentenary_mesosigmoid		5098	1					
ANR	5119	CFGEntryNode	ENTRY		5098		True				
ANR	5120	CFGExitNode	EXIT		5098		True				
ANR	5121	Symbol	tercentenary_mesosigmoid		5098						
ANR	5122	Function	duckblind_lincomycin	968:0:25740:25878							
ANR	5123	FunctionDef	duckblind_lincomycin (char * * maceraters_prepollent)		5122	0					
ANR	5124	CompoundStatement		969:0:25796:25878	5122	0					
ANR	5125	ExpressionStatement	++ stonesoup_global_variable	970:2:25800:25827	5122	0	True				
ANR	5126	UnaryExpression	++ stonesoup_global_variable		5122	0					
ANR	5127	IncDec	++		5122	0					
ANR	5128	Identifier	stonesoup_global_variable		5122	1					
ANR	5129	ExpressionStatement		970:30:25828:25828	5122	1	True				
ANR	5130	ExpressionStatement	flustrate_osotriazine ( maceraters_prepollent )	971:2:25832:25876	5122	2	True				
ANR	5131	CallExpression	flustrate_osotriazine ( maceraters_prepollent )		5122	0					
ANR	5132	Callee	flustrate_osotriazine		5122	0					
ANR	5133	Identifier	flustrate_osotriazine		5122	0					
ANR	5134	ArgumentList	maceraters_prepollent		5122	1					
ANR	5135	Argument	maceraters_prepollent		5122	0					
ANR	5136	Identifier	maceraters_prepollent		5122	0					
ANR	5137	ReturnType	void		5122	1					
ANR	5138	Identifier	duckblind_lincomycin		5122	2					
ANR	5139	ParameterList	char * * maceraters_prepollent		5122	3					
ANR	5140	Parameter	char * * maceraters_prepollent	968:26:25766:25793	5122	0	True				
ANR	5141	ParameterType	char * *		5122	0					
ANR	5142	Identifier	maceraters_prepollent		5122	1					
ANR	5143	CFGEntryNode	ENTRY		5122		True				
ANR	5144	CFGExitNode	EXIT		5122		True				
ANR	5145	Symbol	maceraters_prepollent		5122						
ANR	5146	Function	flustrate_osotriazine	974:0:25881:26025							
ANR	5147	FunctionDef	flustrate_osotriazine (char * * conspiring_weightedly)		5146	0					
ANR	5148	CompoundStatement		975:0:25938:26025	5146	0					
ANR	5149	ExpressionStatement	++ stonesoup_global_variable	976:2:25942:25969	5146	0	True				
ANR	5150	UnaryExpression	++ stonesoup_global_variable		5146	0					
ANR	5151	IncDec	++		5146	0					
ANR	5152	Identifier	stonesoup_global_variable		5146	1					
ANR	5153	ExpressionStatement		976:30:25970:25970	5146	1	True				
ANR	5154	ExpressionStatement	hydantoate_metallurgically ( conspiring_weightedly )	977:2:25974:26023	5146	2	True				
ANR	5155	CallExpression	hydantoate_metallurgically ( conspiring_weightedly )		5146	0					
ANR	5156	Callee	hydantoate_metallurgically		5146	0					
ANR	5157	Identifier	hydantoate_metallurgically		5146	0					
ANR	5158	ArgumentList	conspiring_weightedly		5146	1					
ANR	5159	Argument	conspiring_weightedly		5146	0					
ANR	5160	Identifier	conspiring_weightedly		5146	0					
ANR	5161	ReturnType	void		5146	1					
ANR	5162	Identifier	flustrate_osotriazine		5146	2					
ANR	5163	ParameterList	char * * conspiring_weightedly		5146	3					
ANR	5164	Parameter	char * * conspiring_weightedly	974:27:25908:25935	5146	0	True				
ANR	5165	ParameterType	char * *		5146	0					
ANR	5166	Identifier	conspiring_weightedly		5146	1					
ANR	5167	CFGEntryNode	ENTRY		5146		True				
ANR	5168	CFGExitNode	EXIT		5146		True				
ANR	5169	Symbol	conspiring_weightedly		5146						
ANR	5170	Function	hydantoate_metallurgically	980:0:26028:26155							
ANR	5171	FunctionDef	hydantoate_metallurgically (char * * candied_jiminy)		5170	0					
ANR	5172	CompoundStatement		981:0:26083:26155	5170	0					
ANR	5173	ExpressionStatement	++ stonesoup_global_variable	982:2:26087:26114	5170	0	True				
ANR	5174	UnaryExpression	++ stonesoup_global_variable		5170	0					
ANR	5175	IncDec	++		5170	0					
ANR	5176	Identifier	stonesoup_global_variable		5170	1					
ANR	5177	ExpressionStatement		982:30:26115:26115	5170	1	True				
ANR	5178	ExpressionStatement	fredrich_outhiring ( candied_jiminy )	983:2:26119:26153	5170	2	True				
ANR	5179	CallExpression	fredrich_outhiring ( candied_jiminy )		5170	0					
ANR	5180	Callee	fredrich_outhiring		5170	0					
ANR	5181	Identifier	fredrich_outhiring		5170	0					
ANR	5182	ArgumentList	candied_jiminy		5170	1					
ANR	5183	Argument	candied_jiminy		5170	0					
ANR	5184	Identifier	candied_jiminy		5170	0					
ANR	5185	ReturnType	void		5170	1					
ANR	5186	Identifier	hydantoate_metallurgically		5170	2					
ANR	5187	ParameterList	char * * candied_jiminy		5170	3					
ANR	5188	Parameter	char * * candied_jiminy	980:32:26060:26080	5170	0	True				
ANR	5189	ParameterType	char * *		5170	0					
ANR	5190	Identifier	candied_jiminy		5170	1					
ANR	5191	CFGEntryNode	ENTRY		5170		True				
ANR	5192	CFGExitNode	EXIT		5170		True				
ANR	5193	Symbol	candied_jiminy		5170						
ANR	5194	Function	fredrich_outhiring	986:0:26158:26305							
ANR	5195	FunctionDef	fredrich_outhiring (char * * ethoxycaffeine_unpublic)		5194	0					
ANR	5196	CompoundStatement		987:0:26214:26305	5194	0					
ANR	5197	ExpressionStatement	++ stonesoup_global_variable	988:2:26218:26245	5194	0	True				
ANR	5198	UnaryExpression	++ stonesoup_global_variable		5194	0					
ANR	5199	IncDec	++		5194	0					
ANR	5200	Identifier	stonesoup_global_variable		5194	1					
ANR	5201	ExpressionStatement		988:30:26246:26246	5194	1	True				
ANR	5202	ExpressionStatement	coenzymatically_concrescible ( ethoxycaffeine_unpublic )	989:2:26250:26303	5194	2	True				
ANR	5203	CallExpression	coenzymatically_concrescible ( ethoxycaffeine_unpublic )		5194	0					
ANR	5204	Callee	coenzymatically_concrescible		5194	0					
ANR	5205	Identifier	coenzymatically_concrescible		5194	0					
ANR	5206	ArgumentList	ethoxycaffeine_unpublic		5194	1					
ANR	5207	Argument	ethoxycaffeine_unpublic		5194	0					
ANR	5208	Identifier	ethoxycaffeine_unpublic		5194	0					
ANR	5209	ReturnType	void		5194	1					
ANR	5210	Identifier	fredrich_outhiring		5194	2					
ANR	5211	ParameterList	char * * ethoxycaffeine_unpublic		5194	3					
ANR	5212	Parameter	char * * ethoxycaffeine_unpublic	986:24:26182:26211	5194	0	True				
ANR	5213	ParameterType	char * *		5194	0					
ANR	5214	Identifier	ethoxycaffeine_unpublic		5194	1					
ANR	5215	CFGEntryNode	ENTRY		5194		True				
ANR	5216	CFGExitNode	EXIT		5194		True				
ANR	5217	Symbol	ethoxycaffeine_unpublic		5194						
ANR	5218	Function	coenzymatically_concrescible	992:0:26308:29021							
ANR	5219	FunctionDef	coenzymatically_concrescible (char * * keffer_footprints)		5218	0					
ANR	5220	CompoundStatement		993:0:26368:29021	5218	0					
ANR	5221	IfStatement	if ( ( size_t ) ( 64 ) > 4096U )		5218	0					
ANR	5222	Condition	( size_t ) ( 64 ) > 4096U	994:5:26375:26394	5218	0	True				
ANR	5223	RelationalExpression	( size_t ) ( 64 ) > 4096U		5218	0		>			
ANR	5224	CastExpression	( size_t ) ( 64 )		5218	0					
ANR	5225	CastTarget	size_t		5218	0					
ANR	5226	PrimaryExpression	64		5218	1					
ANR	5227	PrimaryExpression	4096U		5218	1					
ANR	5228	CompoundStatement		2:27:28:28	5218	1					
ANR	5229	ReturnStatement	return 0 ;	995:5:26404:26412	5218	0	True				
ANR	5230	PrimaryExpression	0		5218	0					
ANR	5231	IdentifierDeclStatement	int stonesoup_oc_i = 0 ;	997:1:26418:26440	5218	1	True				
ANR	5232	IdentifierDecl	stonesoup_oc_i = 0		5218	0					
ANR	5233	IdentifierDeclType	int		5218	0					
ANR	5234	Identifier	stonesoup_oc_i		5218	1					
ANR	5235	AssignmentExpression	stonesoup_oc_i = 0		5218	2		=			
ANR	5236	Identifier	stonesoup_oc_i		5218	0					
ANR	5237	PrimaryExpression	0		5218	1					
ANR	5238	IdentifierDeclStatement	char stonesoup_stack_buff_64 [ 64 ] ;	998:1:26443:26475	5218	2	True				
ANR	5239	IdentifierDecl	stonesoup_stack_buff_64 [ 64 ]		5218	0					
ANR	5240	IdentifierDeclType	char [ 64 ]		5218	0					
ANR	5241	Identifier	stonesoup_stack_buff_64		5218	1					
ANR	5242	PrimaryExpression	64		5218	2					
ANR	5243	IdentifierDeclStatement	char * stonesoup_other_buff [ 8 ] ;	999:1:26478:26507	5218	3	True				
ANR	5244	IdentifierDecl	* stonesoup_other_buff [ 8 ]		5218	0					
ANR	5245	IdentifierDeclType	char * [ 8 ]		5218	0					
ANR	5246	Identifier	stonesoup_other_buff		5218	1					
ANR	5247	PrimaryExpression	8		5218	2					
ANR	5248	IdentifierDeclStatement	int stonesoup_my_buff_size = 63 ;	1000:1:26510:26541	5218	4	True				
ANR	5249	IdentifierDecl	stonesoup_my_buff_size = 63		5218	0					
ANR	5250	IdentifierDeclType	int		5218	0					
ANR	5251	Identifier	stonesoup_my_buff_size		5218	1					
ANR	5252	AssignmentExpression	stonesoup_my_buff_size = 63		5218	2		=			
ANR	5253	Identifier	stonesoup_my_buff_size		5218	0					
ANR	5254	PrimaryExpression	63		5218	1					
ANR	5255	IdentifierDeclStatement	int stonesoup_buff_size ;	1001:1:26544:26567	5218	5	True				
ANR	5256	IdentifierDecl	stonesoup_buff_size		5218	0					
ANR	5257	IdentifierDeclType	int		5218	0					
ANR	5258	Identifier	stonesoup_buff_size		5218	1					
ANR	5259	IdentifierDeclStatement	char * uninvocative_stevensville = 0 ;	1002:2:26571:26606	5218	6	True				
ANR	5260	IdentifierDecl	* uninvocative_stevensville = 0		5218	0					
ANR	5261	IdentifierDeclType	char *		5218	0					
ANR	5262	Identifier	uninvocative_stevensville		5218	1					
ANR	5263	AssignmentExpression	* uninvocative_stevensville = 0		5218	2		=			
ANR	5264	Identifier	uninvocative_stevensville		5218	0					
ANR	5265	PrimaryExpression	0		5218	1					
ANR	5266	ExpressionStatement	++ stonesoup_global_variable	1003:2:26610:26637	5218	7	True				
ANR	5267	UnaryExpression	++ stonesoup_global_variable		5218	0					
ANR	5268	IncDec	++		5218	0					
ANR	5269	Identifier	stonesoup_global_variable		5218	1					
ANR	5270	ExpressionStatement		1003:30:26638:26638	5218	8	True				
ANR	5271	ExpressionStatement	uninvocative_stevensville = ( ( char * ) keffer_footprints [ 9 ] )	1004:2:26642:26700	5218	9	True				
ANR	5272	AssignmentExpression	uninvocative_stevensville = ( ( char * ) keffer_footprints [ 9 ] )		5218	0		=			
ANR	5273	Identifier	uninvocative_stevensville		5218	0					
ANR	5274	CastExpression	( char * ) keffer_footprints [ 9 ]		5218	1					
ANR	5275	CastTarget	char *		5218	0					
ANR	5276	ArrayIndexing	keffer_footprints [ 9 ]		5218	1					
ANR	5277	Identifier	keffer_footprints		5218	0					
ANR	5278	PrimaryExpression	9		5218	1					
ANR	5279	ExpressionStatement	"tracepoint ( stonesoup_trace , weakness_start , ""CWE124"" , ""A"" , ""Buffer Underwrite"" )"	1005:4:26706:26785	5218	10	True				
ANR	5280	CallExpression	"tracepoint ( stonesoup_trace , weakness_start , ""CWE124"" , ""A"" , ""Buffer Underwrite"" )"		5218	0					
ANR	5281	Callee	tracepoint		5218	0					
ANR	5282	Identifier	tracepoint		5218	0					
ANR	5283	ArgumentList	stonesoup_trace		5218	1					
ANR	5284	Argument	stonesoup_trace		5218	0					
ANR	5285	Identifier	stonesoup_trace		5218	0					
ANR	5286	Argument	weakness_start		5218	1					
ANR	5287	Identifier	weakness_start		5218	0					
ANR	5288	Argument	"""CWE124"""		5218	2					
ANR	5289	PrimaryExpression	"""CWE124"""		5218	0					
ANR	5290	Argument	"""A"""		5218	3					
ANR	5291	PrimaryExpression	"""A"""		5218	0					
ANR	5292	Argument	"""Buffer Underwrite"""		5218	4					
ANR	5293	PrimaryExpression	"""Buffer Underwrite"""		5218	0					
ANR	5294	ExpressionStatement	"tracepoint ( stonesoup_trace , variable_signed_integral , ""stonesoup_oc_i"" , stonesoup_oc_i , & stonesoup_oc_i , ""INITIAL-STATE"" )"	1006:4:26791:26912	5218	11	True				
ANR	5295	CallExpression	"tracepoint ( stonesoup_trace , variable_signed_integral , ""stonesoup_oc_i"" , stonesoup_oc_i , & stonesoup_oc_i , ""INITIAL-STATE"" )"		5218	0					
ANR	5296	Callee	tracepoint		5218	0					
ANR	5297	Identifier	tracepoint		5218	0					
ANR	5298	ArgumentList	stonesoup_trace		5218	1					
ANR	5299	Argument	stonesoup_trace		5218	0					
ANR	5300	Identifier	stonesoup_trace		5218	0					
ANR	5301	Argument	variable_signed_integral		5218	1					
ANR	5302	Identifier	variable_signed_integral		5218	0					
ANR	5303	Argument	"""stonesoup_oc_i"""		5218	2					
ANR	5304	PrimaryExpression	"""stonesoup_oc_i"""		5218	0					
ANR	5305	Argument	stonesoup_oc_i		5218	3					
ANR	5306	Identifier	stonesoup_oc_i		5218	0					
ANR	5307	Argument	& stonesoup_oc_i		5218	4					
ANR	5308	UnaryOperationExpression	& stonesoup_oc_i		5218	0					
ANR	5309	UnaryOperator	&		5218	0					
ANR	5310	Identifier	stonesoup_oc_i		5218	1					
ANR	5311	Argument	"""INITIAL-STATE"""		5218	5					
ANR	5312	PrimaryExpression	"""INITIAL-STATE"""		5218	0					
ANR	5313	ExpressionStatement	"tracepoint ( stonesoup_trace , variable_signed_integral , ""stonesoup_my_buff_size"" , stonesoup_my_buff_size , & stonesoup_my_buff_size , ""INITIAL-STATE"" )"	1007:4:26918:27063	5218	12	True				
ANR	5314	CallExpression	"tracepoint ( stonesoup_trace , variable_signed_integral , ""stonesoup_my_buff_size"" , stonesoup_my_buff_size , & stonesoup_my_buff_size , ""INITIAL-STATE"" )"		5218	0					
ANR	5315	Callee	tracepoint		5218	0					
ANR	5316	Identifier	tracepoint		5218	0					
ANR	5317	ArgumentList	stonesoup_trace		5218	1					
ANR	5318	Argument	stonesoup_trace		5218	0					
ANR	5319	Identifier	stonesoup_trace		5218	0					
ANR	5320	Argument	variable_signed_integral		5218	1					
ANR	5321	Identifier	variable_signed_integral		5218	0					
ANR	5322	Argument	"""stonesoup_my_buff_size"""		5218	2					
ANR	5323	PrimaryExpression	"""stonesoup_my_buff_size"""		5218	0					
ANR	5324	Argument	stonesoup_my_buff_size		5218	3					
ANR	5325	Identifier	stonesoup_my_buff_size		5218	0					
ANR	5326	Argument	& stonesoup_my_buff_size		5218	4					
ANR	5327	UnaryOperationExpression	& stonesoup_my_buff_size		5218	0					
ANR	5328	UnaryOperator	&		5218	0					
ANR	5329	Identifier	stonesoup_my_buff_size		5218	1					
ANR	5330	Argument	"""INITIAL-STATE"""		5218	5					
ANR	5331	PrimaryExpression	"""INITIAL-STATE"""		5218	0					
ANR	5332	ExpressionStatement	stonesoup_other_buff [ 7 ] = uninvocative_stevensville	1008:1:27066:27117	5218	13	True				
ANR	5333	AssignmentExpression	stonesoup_other_buff [ 7 ] = uninvocative_stevensville		5218	0		=			
ANR	5334	ArrayIndexing	stonesoup_other_buff [ 7 ]		5218	0					
ANR	5335	Identifier	stonesoup_other_buff		5218	0					
ANR	5336	PrimaryExpression	7		5218	1					
ANR	5337	Identifier	uninvocative_stevensville		5218	1					
ANR	5338	ExpressionStatement	"memset ( stonesoup_stack_buff_64 , 65 , 64 )"	1009:4:27123:27160	5218	14	True				
ANR	5339	CallExpression	"memset ( stonesoup_stack_buff_64 , 65 , 64 )"		5218	0					
ANR	5340	Callee	memset		5218	0					
ANR	5341	Identifier	memset		5218	0					
ANR	5342	ArgumentList	stonesoup_stack_buff_64		5218	1					
ANR	5343	Argument	stonesoup_stack_buff_64		5218	0					
ANR	5344	Identifier	stonesoup_stack_buff_64		5218	0					
ANR	5345	Argument	65		5218	1					
ANR	5346	PrimaryExpression	65		5218	0					
ANR	5347	Argument	64		5218	2					
ANR	5348	PrimaryExpression	64		5218	0					
ANR	5349	ExpressionStatement	stonesoup_stack_buff_64 [ 64 - 1 ] = '\\0'	1010:4:27166:27204	5218	15	True				
ANR	5350	AssignmentExpression	stonesoup_stack_buff_64 [ 64 - 1 ] = '\\0'		5218	0		=			
ANR	5351	ArrayIndexing	stonesoup_stack_buff_64 [ 64 - 1 ]		5218	0					
ANR	5352	Identifier	stonesoup_stack_buff_64		5218	0					
ANR	5353	AdditiveExpression	64 - 1		5218	1		-			
ANR	5354	PrimaryExpression	64		5218	0					
ANR	5355	PrimaryExpression	1		5218	1					
ANR	5356	PrimaryExpression	'\\0'		5218	1					
ANR	5357	ExpressionStatement	stonesoup_buff_size = ( ( int ) ( strlen ( uninvocative_stevensville ) ) )	1011:4:27210:27275	5218	16	True				
ANR	5358	AssignmentExpression	stonesoup_buff_size = ( ( int ) ( strlen ( uninvocative_stevensville ) ) )		5218	0		=			
ANR	5359	Identifier	stonesoup_buff_size		5218	0					
ANR	5360	CastExpression	( int ) ( strlen ( uninvocative_stevensville ) )		5218	1					
ANR	5361	CastTarget	int		5218	0					
ANR	5362	CallExpression	strlen ( uninvocative_stevensville )		5218	1					
ANR	5363	Callee	strlen		5218	0					
ANR	5364	Identifier	strlen		5218	0					
ANR	5365	ArgumentList	uninvocative_stevensville		5218	1					
ANR	5366	Argument	uninvocative_stevensville		5218	0					
ANR	5367	Identifier	uninvocative_stevensville		5218	0					
ANR	5368	ExpressionStatement	"tracepoint ( stonesoup_trace , variable_buffer , ""stonesoup_stack_buff_64"" , stonesoup_stack_buff_64 , ""INITIAL-STATE"" )"	1012:4:27281:27394	5218	17	True				
ANR	5369	CallExpression	"tracepoint ( stonesoup_trace , variable_buffer , ""stonesoup_stack_buff_64"" , stonesoup_stack_buff_64 , ""INITIAL-STATE"" )"		5218	0					
ANR	5370	Callee	tracepoint		5218	0					
ANR	5371	Identifier	tracepoint		5218	0					
ANR	5372	ArgumentList	stonesoup_trace		5218	1					
ANR	5373	Argument	stonesoup_trace		5218	0					
ANR	5374	Identifier	stonesoup_trace		5218	0					
ANR	5375	Argument	variable_buffer		5218	1					
ANR	5376	Identifier	variable_buffer		5218	0					
ANR	5377	Argument	"""stonesoup_stack_buff_64"""		5218	2					
ANR	5378	PrimaryExpression	"""stonesoup_stack_buff_64"""		5218	0					
ANR	5379	Argument	stonesoup_stack_buff_64		5218	3					
ANR	5380	Identifier	stonesoup_stack_buff_64		5218	0					
ANR	5381	Argument	"""INITIAL-STATE"""		5218	4					
ANR	5382	PrimaryExpression	"""INITIAL-STATE"""		5218	0					
ANR	5383	ExpressionStatement	"tracepoint ( stonesoup_trace , variable_buffer , ""stonesoup_other_buff"" , stonesoup_other_buff , ""INITIAL-STATE"" )"	1013:4:27400:27507	5218	18	True				
ANR	5384	CallExpression	"tracepoint ( stonesoup_trace , variable_buffer , ""stonesoup_other_buff"" , stonesoup_other_buff , ""INITIAL-STATE"" )"		5218	0					
ANR	5385	Callee	tracepoint		5218	0					
ANR	5386	Identifier	tracepoint		5218	0					
ANR	5387	ArgumentList	stonesoup_trace		5218	1					
ANR	5388	Argument	stonesoup_trace		5218	0					
ANR	5389	Identifier	stonesoup_trace		5218	0					
ANR	5390	Argument	variable_buffer		5218	1					
ANR	5391	Identifier	variable_buffer		5218	0					
ANR	5392	Argument	"""stonesoup_other_buff"""		5218	2					
ANR	5393	PrimaryExpression	"""stonesoup_other_buff"""		5218	0					
ANR	5394	Argument	stonesoup_other_buff		5218	3					
ANR	5395	Identifier	stonesoup_other_buff		5218	0					
ANR	5396	Argument	"""INITIAL-STATE"""		5218	4					
ANR	5397	PrimaryExpression	"""INITIAL-STATE"""		5218	0					
ANR	5398	ExpressionStatement	"tracepoint ( stonesoup_trace , trace_point , ""CROSSOVER-POINT: BEFORE"" )"	1014:4:27513:27580	5218	19	True				
ANR	5399	CallExpression	"tracepoint ( stonesoup_trace , trace_point , ""CROSSOVER-POINT: BEFORE"" )"		5218	0					
ANR	5400	Callee	tracepoint		5218	0					
ANR	5401	Identifier	tracepoint		5218	0					
ANR	5402	ArgumentList	stonesoup_trace		5218	1					
ANR	5403	Argument	stonesoup_trace		5218	0					
ANR	5404	Identifier	stonesoup_trace		5218	0					
ANR	5405	Argument	trace_point		5218	1					
ANR	5406	Identifier	trace_point		5218	0					
ANR	5407	Argument	"""CROSSOVER-POINT: BEFORE"""		5218	2					
ANR	5408	PrimaryExpression	"""CROSSOVER-POINT: BEFORE"""		5218	0					
ANR	5409	ExpressionStatement	"tracepoint ( stonesoup_trace , trace_point , ""TRIGGER-POINT: BEFORE"" )"	1015:4:27586:27651	5218	20	True				
ANR	5410	CallExpression	"tracepoint ( stonesoup_trace , trace_point , ""TRIGGER-POINT: BEFORE"" )"		5218	0					
ANR	5411	Callee	tracepoint		5218	0					
ANR	5412	Identifier	tracepoint		5218	0					
ANR	5413	ArgumentList	stonesoup_trace		5218	1					
ANR	5414	Argument	stonesoup_trace		5218	0					
ANR	5415	Identifier	stonesoup_trace		5218	0					
ANR	5416	Argument	trace_point		5218	1					
ANR	5417	Identifier	trace_point		5218	0					
ANR	5418	Argument	"""TRIGGER-POINT: BEFORE"""		5218	2					
ANR	5419	PrimaryExpression	"""TRIGGER-POINT: BEFORE"""		5218	0					
ANR	5420	ForStatement	"for ( ; stonesoup_buff_size >= 0 ; ( -- stonesoup_my_buff_size , -- stonesoup_buff_size ) )"		5218	21					
ANR	5421	Condition	stonesoup_buff_size >= 0	1016:11:27664:27687	5218	0	True				
ANR	5422	RelationalExpression	stonesoup_buff_size >= 0		5218	0		>=			
ANR	5423	Identifier	stonesoup_buff_size		5218	0					
ANR	5424	PrimaryExpression	0		5218	1					
ANR	5425	Expression	"-- stonesoup_my_buff_size , -- stonesoup_buff_size"	1016:38:27691:27738	5218	1	True				
ANR	5426	UnaryExpression	-- stonesoup_my_buff_size		5218	0					
ANR	5427	IncDec	--		5218	0					
ANR	5428	Identifier	stonesoup_my_buff_size		5218	1					
ANR	5429	UnaryExpression	-- stonesoup_buff_size		5218	1					
ANR	5430	IncDec	--		5218	0					
ANR	5431	Identifier	stonesoup_buff_size		5218	1					
ANR	5432	CompoundStatement		24:89:1373:1373	5218	2					
ANR	5433	ExpressionStatement	stonesoup_stack_buff_64 [ stonesoup_my_buff_size ] = uninvocative_stevensville [ stonesoup_buff_size ]	1019:8:27877:27973	5218	0	True				
ANR	5434	AssignmentExpression	stonesoup_stack_buff_64 [ stonesoup_my_buff_size ] = uninvocative_stevensville [ stonesoup_buff_size ]		5218	0		=			
ANR	5435	ArrayIndexing	stonesoup_stack_buff_64 [ stonesoup_my_buff_size ]		5218	0					
ANR	5436	Identifier	stonesoup_stack_buff_64		5218	0					
ANR	5437	Identifier	stonesoup_my_buff_size		5218	1					
ANR	5438	ArrayIndexing	uninvocative_stevensville [ stonesoup_buff_size ]		5218	1					
ANR	5439	Identifier	uninvocative_stevensville		5218	0					
ANR	5440	Identifier	stonesoup_buff_size		5218	1					
ANR	5441	ExpressionStatement	"tracepoint ( stonesoup_trace , variable_buffer , ""stonesoup_stack_buff_64"" , stonesoup_stack_buff_64 , ""CROSSOVER-STATE"" )"	1021:4:27985:28100	5218	22	True				
ANR	5442	CallExpression	"tracepoint ( stonesoup_trace , variable_buffer , ""stonesoup_stack_buff_64"" , stonesoup_stack_buff_64 , ""CROSSOVER-STATE"" )"		5218	0					
ANR	5443	Callee	tracepoint		5218	0					
ANR	5444	Identifier	tracepoint		5218	0					
ANR	5445	ArgumentList	stonesoup_trace		5218	1					
ANR	5446	Argument	stonesoup_trace		5218	0					
ANR	5447	Identifier	stonesoup_trace		5218	0					
ANR	5448	Argument	variable_buffer		5218	1					
ANR	5449	Identifier	variable_buffer		5218	0					
ANR	5450	Argument	"""stonesoup_stack_buff_64"""		5218	2					
ANR	5451	PrimaryExpression	"""stonesoup_stack_buff_64"""		5218	0					
ANR	5452	Argument	stonesoup_stack_buff_64		5218	3					
ANR	5453	Identifier	stonesoup_stack_buff_64		5218	0					
ANR	5454	Argument	"""CROSSOVER-STATE"""		5218	4					
ANR	5455	PrimaryExpression	"""CROSSOVER-STATE"""		5218	0					
ANR	5456	ForStatement	for ( ; stonesoup_oc_i < 64 ; ++ stonesoup_oc_i )		5218	23					
ANR	5457	Condition	stonesoup_oc_i < 64	1022:11:28113:28131	5218	0	True				
ANR	5458	RelationalExpression	stonesoup_oc_i < 64		5218	0		<			
ANR	5459	Identifier	stonesoup_oc_i		5218	0					
ANR	5460	PrimaryExpression	64		5218	1					
ANR	5461	UnaryExpression	++ stonesoup_oc_i	1022:32:28134:28149	5218	1	True				
ANR	5462	IncDec	++		5218	0					
ANR	5463	Identifier	stonesoup_oc_i		5218	1					
ANR	5464	CompoundStatement		30:50:1783:1783	5218	2					
ANR	5465	ExpressionStatement	stonesoup_stack_buff_64 [ stonesoup_oc_i ] = stonesoup_toupper ( stonesoup_stack_buff_64 [ stonesoup_oc_i ] )	1023:8:28162:28262	5218	0	True				
ANR	5466	AssignmentExpression	stonesoup_stack_buff_64 [ stonesoup_oc_i ] = stonesoup_toupper ( stonesoup_stack_buff_64 [ stonesoup_oc_i ] )		5218	0		=			
ANR	5467	ArrayIndexing	stonesoup_stack_buff_64 [ stonesoup_oc_i ]		5218	0					
ANR	5468	Identifier	stonesoup_stack_buff_64		5218	0					
ANR	5469	Identifier	stonesoup_oc_i		5218	1					
ANR	5470	CallExpression	stonesoup_toupper ( stonesoup_stack_buff_64 [ stonesoup_oc_i ] )		5218	1					
ANR	5471	Callee	stonesoup_toupper		5218	0					
ANR	5472	Identifier	stonesoup_toupper		5218	0					
ANR	5473	ArgumentList	stonesoup_stack_buff_64 [ stonesoup_oc_i ]		5218	1					
ANR	5474	Argument	stonesoup_stack_buff_64 [ stonesoup_oc_i ]		5218	0					
ANR	5475	ArrayIndexing	stonesoup_stack_buff_64 [ stonesoup_oc_i ]		5218	0					
ANR	5476	Identifier	stonesoup_stack_buff_64		5218	0					
ANR	5477	Identifier	stonesoup_oc_i		5218	1					
ANR	5478	ExpressionStatement	"tracepoint ( stonesoup_trace , trace_point , ""TRIGGER-POINT: AFTER"" )"	1025:4:28274:28338	5218	24	True				
ANR	5479	CallExpression	"tracepoint ( stonesoup_trace , trace_point , ""TRIGGER-POINT: AFTER"" )"		5218	0					
ANR	5480	Callee	tracepoint		5218	0					
ANR	5481	Identifier	tracepoint		5218	0					
ANR	5482	ArgumentList	stonesoup_trace		5218	1					
ANR	5483	Argument	stonesoup_trace		5218	0					
ANR	5484	Identifier	stonesoup_trace		5218	0					
ANR	5485	Argument	trace_point		5218	1					
ANR	5486	Identifier	trace_point		5218	0					
ANR	5487	Argument	"""TRIGGER-POINT: AFTER"""		5218	2					
ANR	5488	PrimaryExpression	"""TRIGGER-POINT: AFTER"""		5218	0					
ANR	5489	ExpressionStatement	"tracepoint ( stonesoup_trace , trace_point , ""CROSSOVER-POINT: AFTER"" )"	1026:4:28344:28410	5218	25	True				
ANR	5490	CallExpression	"tracepoint ( stonesoup_trace , trace_point , ""CROSSOVER-POINT: AFTER"" )"		5218	0					
ANR	5491	Callee	tracepoint		5218	0					
ANR	5492	Identifier	tracepoint		5218	0					
ANR	5493	ArgumentList	stonesoup_trace		5218	1					
ANR	5494	Argument	stonesoup_trace		5218	0					
ANR	5495	Identifier	stonesoup_trace		5218	0					
ANR	5496	Argument	trace_point		5218	1					
ANR	5497	Identifier	trace_point		5218	0					
ANR	5498	Argument	"""CROSSOVER-POINT: AFTER"""		5218	2					
ANR	5499	PrimaryExpression	"""CROSSOVER-POINT: AFTER"""		5218	0					
ANR	5500	ExpressionStatement	"stonesoup_printf ( ""%s\\n"" , stonesoup_stack_buff_64 )"	1027:4:28416:28464	5218	26	True				
ANR	5501	CallExpression	"stonesoup_printf ( ""%s\\n"" , stonesoup_stack_buff_64 )"		5218	0					
ANR	5502	Callee	stonesoup_printf		5218	0					
ANR	5503	Identifier	stonesoup_printf		5218	0					
ANR	5504	ArgumentList	"""%s\\n"""		5218	1					
ANR	5505	Argument	"""%s\\n"""		5218	0					
ANR	5506	PrimaryExpression	"""%s\\n"""		5218	0					
ANR	5507	Argument	stonesoup_stack_buff_64		5218	1					
ANR	5508	Identifier	stonesoup_stack_buff_64		5218	0					
ANR	5509	ExpressionStatement	"stonesoup_printf ( ""strlen size = %d\\n"" , strlen ( uninvocative_stevensville ) )"	1028:4:28470:28542	5218	27	True				
ANR	5510	CallExpression	"stonesoup_printf ( ""strlen size = %d\\n"" , strlen ( uninvocative_stevensville ) )"		5218	0					
ANR	5511	Callee	stonesoup_printf		5218	0					
ANR	5512	Identifier	stonesoup_printf		5218	0					
ANR	5513	ArgumentList	"""strlen size = %d\\n"""		5218	1					
ANR	5514	Argument	"""strlen size = %d\\n"""		5218	0					
ANR	5515	PrimaryExpression	"""strlen size = %d\\n"""		5218	0					
ANR	5516	Argument	strlen ( uninvocative_stevensville )		5218	1					
ANR	5517	CallExpression	strlen ( uninvocative_stevensville )		5218	0					
ANR	5518	Callee	strlen		5218	0					
ANR	5519	Identifier	strlen		5218	0					
ANR	5520	ArgumentList	uninvocative_stevensville		5218	1					
ANR	5521	Argument	uninvocative_stevensville		5218	0					
ANR	5522	Identifier	uninvocative_stevensville		5218	0					
ANR	5523	ExpressionStatement	"stonesoup_printf ( ""strlen size = %d\\n"" , strlen ( stonesoup_other_buff [ 7 ] ) )"	1029:4:28548:28618	5218	28	True				
ANR	5524	CallExpression	"stonesoup_printf ( ""strlen size = %d\\n"" , strlen ( stonesoup_other_buff [ 7 ] ) )"		5218	0					
ANR	5525	Callee	stonesoup_printf		5218	0					
ANR	5526	Identifier	stonesoup_printf		5218	0					
ANR	5527	ArgumentList	"""strlen size = %d\\n"""		5218	1					
ANR	5528	Argument	"""strlen size = %d\\n"""		5218	0					
ANR	5529	PrimaryExpression	"""strlen size = %d\\n"""		5218	0					
ANR	5530	Argument	strlen ( stonesoup_other_buff [ 7 ] )		5218	1					
ANR	5531	CallExpression	strlen ( stonesoup_other_buff [ 7 ] )		5218	0					
ANR	5532	Callee	strlen		5218	0					
ANR	5533	Identifier	strlen		5218	0					
ANR	5534	ArgumentList	stonesoup_other_buff [ 7 ]		5218	1					
ANR	5535	Argument	stonesoup_other_buff [ 7 ]		5218	0					
ANR	5536	ArrayIndexing	stonesoup_other_buff [ 7 ]		5218	0					
ANR	5537	Identifier	stonesoup_other_buff		5218	0					
ANR	5538	PrimaryExpression	7		5218	1					
ANR	5539	ExpressionStatement	"tracepoint ( stonesoup_trace , variable_signed_integral , ""stonesoup_oc_i"" , stonesoup_oc_i , & stonesoup_oc_i , ""FINAL-STATE"" )"	1030:4:28624:28743	5218	29	True				
ANR	5540	CallExpression	"tracepoint ( stonesoup_trace , variable_signed_integral , ""stonesoup_oc_i"" , stonesoup_oc_i , & stonesoup_oc_i , ""FINAL-STATE"" )"		5218	0					
ANR	5541	Callee	tracepoint		5218	0					
ANR	5542	Identifier	tracepoint		5218	0					
ANR	5543	ArgumentList	stonesoup_trace		5218	1					
ANR	5544	Argument	stonesoup_trace		5218	0					
ANR	5545	Identifier	stonesoup_trace		5218	0					
ANR	5546	Argument	variable_signed_integral		5218	1					
ANR	5547	Identifier	variable_signed_integral		5218	0					
ANR	5548	Argument	"""stonesoup_oc_i"""		5218	2					
ANR	5549	PrimaryExpression	"""stonesoup_oc_i"""		5218	0					
ANR	5550	Argument	stonesoup_oc_i		5218	3					
ANR	5551	Identifier	stonesoup_oc_i		5218	0					
ANR	5552	Argument	& stonesoup_oc_i		5218	4					
ANR	5553	UnaryOperationExpression	& stonesoup_oc_i		5218	0					
ANR	5554	UnaryOperator	&		5218	0					
ANR	5555	Identifier	stonesoup_oc_i		5218	1					
ANR	5556	Argument	"""FINAL-STATE"""		5218	5					
ANR	5557	PrimaryExpression	"""FINAL-STATE"""		5218	0					
ANR	5558	ExpressionStatement	"tracepoint ( stonesoup_trace , variable_buffer , ""stonesoup_stack_buff_64"" , stonesoup_stack_buff_64 , ""FINAL-STATE"" )"	1031:4:28749:28860	5218	30	True				
ANR	5559	CallExpression	"tracepoint ( stonesoup_trace , variable_buffer , ""stonesoup_stack_buff_64"" , stonesoup_stack_buff_64 , ""FINAL-STATE"" )"		5218	0					
ANR	5560	Callee	tracepoint		5218	0					
ANR	5561	Identifier	tracepoint		5218	0					
ANR	5562	ArgumentList	stonesoup_trace		5218	1					
ANR	5563	Argument	stonesoup_trace		5218	0					
ANR	5564	Identifier	stonesoup_trace		5218	0					
ANR	5565	Argument	variable_buffer		5218	1					
ANR	5566	Identifier	variable_buffer		5218	0					
ANR	5567	Argument	"""stonesoup_stack_buff_64"""		5218	2					
ANR	5568	PrimaryExpression	"""stonesoup_stack_buff_64"""		5218	0					
ANR	5569	Argument	stonesoup_stack_buff_64		5218	3					
ANR	5570	Identifier	stonesoup_stack_buff_64		5218	0					
ANR	5571	Argument	"""FINAL-STATE"""		5218	4					
ANR	5572	PrimaryExpression	"""FINAL-STATE"""		5218	0					
ANR	5573	ExpressionStatement	"tracepoint ( stonesoup_trace , weakness_end )"	1032:4:28866:28907	5218	31	True				
ANR	5574	CallExpression	"tracepoint ( stonesoup_trace , weakness_end )"		5218	0					
ANR	5575	Callee	tracepoint		5218	0					
ANR	5576	Identifier	tracepoint		5218	0					
ANR	5577	ArgumentList	stonesoup_trace		5218	1					
ANR	5578	Argument	stonesoup_trace		5218	0					
ANR	5579	Identifier	stonesoup_trace		5218	0					
ANR	5580	Argument	weakness_end		5218	1					
ANR	5581	Identifier	weakness_end		5218	0					
ANR	5582	ExpressionStatement		1033:0:28909:28909	5218	32	True				
ANR	5583	IfStatement	if ( keffer_footprints [ 9 ] != 0 )		5218	33					
ANR	5584	Condition	keffer_footprints [ 9 ] != 0	1034:6:28917:28941	5218	0	True				
ANR	5585	EqualityExpression	keffer_footprints [ 9 ] != 0		5218	0		!=			
ANR	5586	ArrayIndexing	keffer_footprints [ 9 ]		5218	0					
ANR	5587	Identifier	keffer_footprints		5218	0					
ANR	5588	PrimaryExpression	9		5218	1					
ANR	5589	PrimaryExpression	0		5218	1					
ANR	5590	ExpressionStatement	free ( ( ( char * ) keffer_footprints [ 9 ] ) )	1035:4:28949:28985	5218	1	True				
ANR	5591	CallExpression	free ( ( ( char * ) keffer_footprints [ 9 ] ) )		5218	0					
ANR	5592	Callee	free		5218	0					
ANR	5593	Identifier	free		5218	0					
ANR	5594	ArgumentList	( char * ) keffer_footprints [ 9 ]		5218	1					
ANR	5595	Argument	( char * ) keffer_footprints [ 9 ]		5218	0					
ANR	5596	CastExpression	( char * ) keffer_footprints [ 9 ]		5218	0					
ANR	5597	CastTarget	char *		5218	0					
ANR	5598	ArrayIndexing	keffer_footprints [ 9 ]		5218	1					
ANR	5599	Identifier	keffer_footprints		5218	0					
ANR	5600	PrimaryExpression	9		5218	1					
ANR	5601	ExpressionStatement	stonesoup_close_printf_context ( )	1036:0:28987:29019	5218	34	True				
ANR	5602	CallExpression	stonesoup_close_printf_context ( )		5218	0					
ANR	5603	Callee	stonesoup_close_printf_context		5218	0					
ANR	5604	Identifier	stonesoup_close_printf_context		5218	0					
ANR	5605	ArgumentList			5218	1					
ANR	5606	ReturnType	void		5218	1					
ANR	5607	Identifier	coenzymatically_concrescible		5218	2					
ANR	5608	ParameterList	char * * keffer_footprints		5218	3					
ANR	5609	Parameter	char * * keffer_footprints	992:34:26342:26365	5218	0	True				
ANR	5610	ParameterType	char * *		5218	0					
ANR	5611	Identifier	keffer_footprints		5218	1					
ANR	5612	CFGEntryNode	ENTRY		5218		True				
ANR	5613	CFGExitNode	EXIT		5218		True				
ANR	5614	Symbol	stonesoup_other_buff		5218						
ANR	5615	Symbol	* stonesoup_my_buff_size		5218						
ANR	5616	Symbol	variable_signed_integral		5218						
ANR	5617	Symbol	* uninvocative_stevensville		5218						
ANR	5618	Symbol	& stonesoup_my_buff_size		5218						
ANR	5619	Symbol	* stonesoup_other_buff		5218						
ANR	5620	Symbol	weakness_start		5218						
ANR	5621	Symbol	variable_buffer		5218						
ANR	5622	Symbol	stonesoup_oc_i		5218						
ANR	5623	Symbol	* stonesoup_buff_size		5218						
ANR	5624	Symbol	keffer_footprints		5218						
ANR	5625	Symbol	strlen		5218						
ANR	5626	Symbol	trace_point		5218						
ANR	5627	Symbol	stonesoup_trace		5218						
ANR	5628	Symbol	stonesoup_stack_buff_64		5218						
ANR	5629	Symbol	stonesoup_toupper		5218						
ANR	5630	Symbol	uninvocative_stevensville		5218						
ANR	5631	Symbol	weakness_end		5218						
ANR	5632	Symbol	stonesoup_buff_size		5218						
ANR	5633	Symbol	* keffer_footprints		5218						
ANR	5634	Symbol	& stonesoup_oc_i		5218						
ANR	5635	Symbol	* stonesoup_stack_buff_64		5218						
ANR	5636	Symbol	stonesoup_my_buff_size		5218						
ANR	5637	Symbol	* stonesoup_oc_i		5218						
