start	end	type	var
2	3	DECLARES	
4	5	DECLARES	
6	7	DECLARES	
8	9	DECLARES	
10	11	DECLARES	
13	14	IS_AST_PARENT	
13	15	IS_AST_PARENT	
13	16	IS_AST_PARENT	
13	17	IS_AST_PARENT	
18	19	FLOWS_TO	
18	19	DOM	
18	18	DOM	
19	19	POST_DOM	
19	18	POST_DOM	
12	13	IS_FUNCTION_OF_AST	
12	18	IS_FUNCTION_OF_CFG	
1	12	IS_FILE_OF	
24	25	IS_AST_PARENT	
24	26	IS_AST_PARENT	
23	24	IS_AST_PARENT	
22	23	IS_AST_PARENT	
29	30	IS_AST_PARENT	
28	29	IS_AST_PARENT	
32	33	IS_AST_PARENT	
31	32	IS_AST_PARENT	
34	35	IS_AST_PARENT	
31	34	IS_AST_PARENT	
28	31	IS_AST_PARENT	
27	28	IS_AST_PARENT	
22	27	IS_AST_PARENT	
38	39	IS_AST_PARENT	
37	38	IS_AST_PARENT	
42	43	IS_AST_PARENT	
42	44	IS_AST_PARENT	
41	42	IS_AST_PARENT	
40	41	IS_AST_PARENT	
45	46	IS_AST_PARENT	
40	45	IS_AST_PARENT	
47	48	IS_AST_PARENT	
40	47	IS_AST_PARENT	
37	40	IS_AST_PARENT	
36	37	IS_AST_PARENT	
22	36	IS_AST_PARENT	
51	52	IS_AST_PARENT	
50	51	IS_AST_PARENT	
54	55	IS_AST_PARENT	
53	54	IS_AST_PARENT	
50	53	IS_AST_PARENT	
49	50	IS_AST_PARENT	
22	49	IS_AST_PARENT	
21	22	IS_AST_PARENT	
21	56	IS_AST_PARENT	
21	57	IS_AST_PARENT	
59	60	IS_AST_PARENT	
59	61	IS_AST_PARENT	
58	59	IS_AST_PARENT	
21	58	IS_AST_PARENT	
62	59	FLOWS_TO	
59	23	FLOWS_TO	
23	27	FLOWS_TO	
27	36	FLOWS_TO	
36	49	FLOWS_TO	
49	63	FLOWS_TO	
23	64	DEF	
24	64	DEF	
27	64	USE	
32	64	USE	
36	64	USE	
47	64	USE	
49	64	USE	
54	64	USE	
36	65	USE	
41	65	USE	
59	66	DEF	
27	66	USE	
34	66	USE	
36	66	USE	
45	66	USE	
23	27	REACHES	argptr
23	36	REACHES	argptr
23	49	REACHES	argptr
59	27	REACHES	format
59	36	REACHES	format
62	59	CONTROLS	
62	23	CONTROLS	
62	27	CONTROLS	
62	36	CONTROLS	
62	49	CONTROLS	
59	23	DOM	
62	62	DOM	
62	59	DOM	
27	36	DOM	
36	49	DOM	
49	63	DOM	
23	27	DOM	
27	23	POST_DOM	
59	62	POST_DOM	
23	59	POST_DOM	
49	36	POST_DOM	
63	49	POST_DOM	
63	63	POST_DOM	
36	27	POST_DOM	
20	21	IS_FUNCTION_OF_AST	
20	62	IS_FUNCTION_OF_CFG	
1	20	IS_FILE_OF	
68	69	IS_AST_PARENT	
68	70	IS_AST_PARENT	
68	71	IS_AST_PARENT	
68	72	IS_AST_PARENT	
73	74	FLOWS_TO	
73	74	DOM	
73	73	DOM	
74	74	POST_DOM	
74	73	POST_DOM	
67	68	IS_FUNCTION_OF_AST	
67	73	IS_FUNCTION_OF_CFG	
1	67	IS_FILE_OF	
75	76	DECLARES	
81	82	IS_AST_PARENT	
81	83	IS_AST_PARENT	
80	81	IS_AST_PARENT	
79	80	IS_AST_PARENT	
85	86	IS_AST_PARENT	
85	87	IS_AST_PARENT	
84	85	IS_AST_PARENT	
79	84	IS_AST_PARENT	
89	90	IS_AST_PARENT	
89	91	IS_AST_PARENT	
92	93	IS_AST_PARENT	
92	94	IS_AST_PARENT	
89	92	IS_AST_PARENT	
88	89	IS_AST_PARENT	
79	88	IS_AST_PARENT	
96	97	IS_AST_PARENT	
96	98	IS_AST_PARENT	
99	100	IS_AST_PARENT	
99	101	IS_AST_PARENT	
96	99	IS_AST_PARENT	
95	96	IS_AST_PARENT	
79	95	IS_AST_PARENT	
104	105	IS_AST_PARENT	
104	106	IS_AST_PARENT	
103	104	IS_AST_PARENT	
102	103	IS_AST_PARENT	
109	110	IS_AST_PARENT	
111	112	IS_AST_PARENT	
114	115	IS_AST_PARENT	
113	114	IS_AST_PARENT	
117	118	IS_AST_PARENT	
116	117	IS_AST_PARENT	
119	120	IS_AST_PARENT	
116	119	IS_AST_PARENT	
113	116	IS_AST_PARENT	
111	113	IS_AST_PARENT	
109	111	IS_AST_PARENT	
108	109	IS_AST_PARENT	
107	108	IS_AST_PARENT	
125	126	IS_AST_PARENT	
124	125	IS_AST_PARENT	
128	129	IS_AST_PARENT	
127	128	IS_AST_PARENT	
130	131	IS_AST_PARENT	
127	130	IS_AST_PARENT	
124	127	IS_AST_PARENT	
123	124	IS_AST_PARENT	
123	132	IS_AST_PARENT	
122	123	IS_AST_PARENT	
121	122	IS_AST_PARENT	
135	136	IS_AST_PARENT	
134	135	IS_AST_PARENT	
139	140	IS_AST_PARENT	
141	142	IS_AST_PARENT	
144	145	IS_AST_PARENT	
143	144	IS_AST_PARENT	
148	149	IS_AST_PARENT	
150	151	IS_AST_PARENT	
150	152	IS_AST_PARENT	
148	150	IS_AST_PARENT	
147	148	IS_AST_PARENT	
146	147	IS_AST_PARENT	
143	146	IS_AST_PARENT	
141	143	IS_AST_PARENT	
139	141	IS_AST_PARENT	
138	139	IS_AST_PARENT	
137	138	IS_AST_PARENT	
154	155	IS_AST_PARENT	
157	158	IS_AST_PARENT	
156	157	IS_AST_PARENT	
160	161	IS_AST_PARENT	
159	160	IS_AST_PARENT	
162	163	IS_AST_PARENT	
159	162	IS_AST_PARENT	
164	165	IS_AST_PARENT	
159	164	IS_AST_PARENT	
167	168	IS_AST_PARENT	
169	170	IS_AST_PARENT	
169	171	IS_AST_PARENT	
167	169	IS_AST_PARENT	
166	167	IS_AST_PARENT	
159	166	IS_AST_PARENT	
156	159	IS_AST_PARENT	
154	156	IS_AST_PARENT	
153	154	IS_AST_PARENT	
137	153	IS_AST_PARENT	
174	175	IS_AST_PARENT	
174	176	IS_AST_PARENT	
173	174	IS_AST_PARENT	
172	173	IS_AST_PARENT	
179	180	IS_AST_PARENT	
179	181	IS_AST_PARENT	
178	179	IS_AST_PARENT	
177	178	IS_AST_PARENT	
177	182	IS_AST_PARENT	
172	177	IS_AST_PARENT	
137	172	IS_AST_PARENT	
184	185	IS_AST_PARENT	
186	187	IS_AST_PARENT	
186	188	IS_AST_PARENT	
184	186	IS_AST_PARENT	
183	184	IS_AST_PARENT	
137	183	IS_AST_PARENT	
191	192	IS_AST_PARENT	
190	191	IS_AST_PARENT	
194	195	IS_AST_PARENT	
193	194	IS_AST_PARENT	
190	193	IS_AST_PARENT	
189	190	IS_AST_PARENT	
137	189	IS_AST_PARENT	
134	137	IS_AST_PARENT	
133	134	IS_AST_PARENT	
197	198	IS_AST_PARENT	
197	199	IS_AST_PARENT	
196	197	IS_AST_PARENT	
133	196	IS_AST_PARENT	
202	203	IS_AST_PARENT	
201	202	IS_AST_PARENT	
205	206	IS_AST_PARENT	
204	205	IS_AST_PARENT	
201	204	IS_AST_PARENT	
200	201	IS_AST_PARENT	
133	200	IS_AST_PARENT	
121	133	IS_AST_PARENT	
107	121	IS_AST_PARENT	
207	208	IS_AST_PARENT	
107	207	IS_AST_PARENT	
102	107	IS_AST_PARENT	
212	213	IS_AST_PARENT	
212	214	IS_AST_PARENT	
211	212	IS_AST_PARENT	
210	211	IS_AST_PARENT	
216	217	IS_AST_PARENT	
215	216	IS_AST_PARENT	
210	215	IS_AST_PARENT	
220	221	IS_AST_PARENT	
219	220	IS_AST_PARENT	
218	219	IS_AST_PARENT	
210	218	IS_AST_PARENT	
209	210	IS_AST_PARENT	
102	209	IS_AST_PARENT	
79	102	IS_AST_PARENT	
78	79	IS_AST_PARENT	
78	222	IS_AST_PARENT	
78	223	IS_AST_PARENT	
225	226	IS_AST_PARENT	
225	227	IS_AST_PARENT	
224	225	IS_AST_PARENT	
228	229	IS_AST_PARENT	
228	230	IS_AST_PARENT	
224	228	IS_AST_PARENT	
78	224	IS_AST_PARENT	
231	225	FLOWS_TO	
225	228	FLOWS_TO	
228	80	FLOWS_TO	
80	84	FLOWS_TO	
84	88	FLOWS_TO	
88	95	FLOWS_TO	
95	103	FLOWS_TO	
103	108	FLOWS_TO	
103	211	FLOWS_TO	
108	122	FLOWS_TO	
122	135	FLOWS_TO	
122	207	FLOWS_TO	
135	138	FLOWS_TO	
135	196	FLOWS_TO	
138	153	FLOWS_TO	
153	173	FLOWS_TO	
173	178	FLOWS_TO	
173	183	FLOWS_TO	
178	182	FLOWS_TO	
182	196	FLOWS_TO	
183	189	FLOWS_TO	
189	135	FLOWS_TO	
196	200	FLOWS_TO	
200	207	FLOWS_TO	
207	232	FLOWS_TO	
211	216	FLOWS_TO	
211	220	FLOWS_TO	
216	232	FLOWS_TO	
220	232	FLOWS_TO	
95	233	DEF	
99	233	DEF	
96	233	DEF	
153	233	DEF	
154	233	DEF	
173	233	USE	
108	234	USE	
109	234	USE	
122	235	USE	
138	236	USE	
139	236	USE	
225	237	DEF	
108	237	USE	
117	237	USE	
153	237	USE	
160	237	USE	
196	237	USE	
197	237	USE	
88	238	DEF	
92	238	DEF	
89	238	DEF	
138	238	USE	
147	238	USE	
153	238	USE	
166	238	USE	
173	238	USE	
183	238	USE	
184	238	USE	
183	238	DEF	
184	238	DEF	
211	239	USE	
80	240	DEF	
81	240	DEF	
108	240	DEF	
109	240	DEF	
122	240	USE	
128	240	USE	
228	241	DEF	
103	241	USE	
211	241	USE	
103	242	USE	
153	243	USE	
154	243	USE	
220	244	USE	
196	245	DEF	
197	245	DEF	
178	246	DEF	
179	246	DEF	
207	247	USE	
216	247	USE	
84	248	DEF	
85	248	DEF	
138	248	DEF	
139	248	DEF	
153	248	USE	
164	248	USE	
189	248	USE	
194	248	USE	
200	248	USE	
205	248	USE	
153	173	REACHES	data_size
225	108	REACHES	conn
225	153	REACHES	conn
225	196	REACHES	conn
183	138	REACHES	buffer_size
88	138	REACHES	buffer_size
183	153	REACHES	buffer_size
88	153	REACHES	buffer_size
183	173	REACHES	buffer_size
88	173	REACHES	buffer_size
183	183	REACHES	buffer_size
88	183	REACHES	buffer_size
108	122	REACHES	ifmatch_header
228	103	REACHES	ev
228	211	REACHES	ev
138	153	REACHES	stonesoup_tainted_buff
138	189	REACHES	stonesoup_tainted_buff
84	200	REACHES	stonesoup_tainted_buff
138	200	REACHES	stonesoup_tainted_buff
231	225	CONTROLS	
231	228	CONTROLS	
231	80	CONTROLS	
231	84	CONTROLS	
231	88	CONTROLS	
231	95	CONTROLS	
231	103	CONTROLS	
103	108	CONTROLS	
103	122	CONTROLS	
103	207	CONTROLS	
103	211	CONTROLS	
122	135	CONTROLS	
122	196	CONTROLS	
122	200	CONTROLS	
135	138	CONTROLS	
135	153	CONTROLS	
135	173	CONTROLS	
173	178	CONTROLS	
173	182	CONTROLS	
173	183	CONTROLS	
173	189	CONTROLS	
173	135	CONTROLS	
211	216	CONTROLS	
211	220	CONTROLS	
196	200	DOM	
103	211	DOM	
231	225	DOM	
88	95	DOM	
153	173	DOM	
183	189	DOM	
103	108	DOM	
122	135	DOM	
135	138	DOM	
178	182	DOM	
173	178	DOM	
122	207	DOM	
211	216	DOM	
95	103	DOM	
80	84	DOM	
135	196	DOM	
84	88	DOM	
225	228	DOM	
211	220	DOM	
103	232	DOM	
228	80	DOM	
231	231	DOM	
108	122	DOM	
138	153	DOM	
173	183	DOM	
207	200	POST_DOM	
232	211	POST_DOM	
228	225	POST_DOM	
103	95	POST_DOM	
196	173	POST_DOM	
135	189	POST_DOM	
122	108	POST_DOM	
196	135	POST_DOM	
153	138	POST_DOM	
196	182	POST_DOM	
232	207	POST_DOM	
182	178	POST_DOM	
232	216	POST_DOM	
232	103	POST_DOM	
88	84	POST_DOM	
200	196	POST_DOM	
95	88	POST_DOM	
80	228	POST_DOM	
232	220	POST_DOM	
232	232	POST_DOM	
84	80	POST_DOM	
225	231	POST_DOM	
207	122	POST_DOM	
173	153	POST_DOM	
189	183	POST_DOM	
77	78	IS_FUNCTION_OF_AST	
77	231	IS_FUNCTION_OF_CFG	
1	77	IS_FILE_OF	
257	258	IS_AST_PARENT	
256	257	IS_AST_PARENT	
260	261	IS_AST_PARENT	
259	260	IS_AST_PARENT	
256	259	IS_AST_PARENT	
255	256	IS_AST_PARENT	
255	262	IS_AST_PARENT	
254	255	IS_AST_PARENT	
265	266	IS_AST_PARENT	
264	265	IS_AST_PARENT	
270	271	IS_AST_PARENT	
269	270	IS_AST_PARENT	
273	274	IS_AST_PARENT	
272	273	IS_AST_PARENT	
269	272	IS_AST_PARENT	
268	269	IS_AST_PARENT	
267	268	IS_AST_PARENT	
275	276	IS_AST_PARENT	
267	275	IS_AST_PARENT	
264	267	IS_AST_PARENT	
263	264	IS_AST_PARENT	
263	277	IS_AST_PARENT	
254	263	IS_AST_PARENT	
253	254	IS_AST_PARENT	
252	253	IS_AST_PARENT	
280	281	IS_AST_PARENT	
280	282	IS_AST_PARENT	
283	284	IS_AST_PARENT	
286	287	IS_AST_PARENT	
285	286	IS_AST_PARENT	
289	290	IS_AST_PARENT	
288	289	IS_AST_PARENT	
291	292	IS_AST_PARENT	
288	291	IS_AST_PARENT	
285	288	IS_AST_PARENT	
283	285	IS_AST_PARENT	
280	283	IS_AST_PARENT	
279	280	IS_AST_PARENT	
278	279	IS_AST_PARENT	
295	296	IS_AST_PARENT	
294	295	IS_AST_PARENT	
298	299	IS_AST_PARENT	
297	298	IS_AST_PARENT	
300	301	IS_AST_PARENT	
297	300	IS_AST_PARENT	
302	303	IS_AST_PARENT	
297	302	IS_AST_PARENT	
294	297	IS_AST_PARENT	
293	294	IS_AST_PARENT	
278	293	IS_AST_PARENT	
305	306	IS_AST_PARENT	
304	305	IS_AST_PARENT	
313	314	IS_AST_PARENT	
312	313	IS_AST_PARENT	
316	317	IS_AST_PARENT	
315	316	IS_AST_PARENT	
318	319	IS_AST_PARENT	
315	318	IS_AST_PARENT	
312	315	IS_AST_PARENT	
311	312	IS_AST_PARENT	
311	320	IS_AST_PARENT	
310	311	IS_AST_PARENT	
321	322	IS_AST_PARENT	
321	323	IS_AST_PARENT	
310	321	IS_AST_PARENT	
309	310	IS_AST_PARENT	
308	309	IS_AST_PARENT	
324	325	IS_AST_PARENT	
308	324	IS_AST_PARENT	
307	308	IS_AST_PARENT	
304	307	IS_AST_PARENT	
278	304	IS_AST_PARENT	
328	329	IS_AST_PARENT	
327	328	IS_AST_PARENT	
332	333	IS_AST_PARENT	
332	334	IS_AST_PARENT	
331	332	IS_AST_PARENT	
330	331	IS_AST_PARENT	
327	330	IS_AST_PARENT	
326	327	IS_AST_PARENT	
278	326	IS_AST_PARENT	
252	278	IS_AST_PARENT	
251	252	IS_AST_PARENT	
250	251	IS_AST_PARENT	
250	335	IS_AST_PARENT	
250	336	IS_AST_PARENT	
250	337	IS_AST_PARENT	
338	253	FLOWS_TO	
253	279	FLOWS_TO	
253	339	FLOWS_TO	
279	293	FLOWS_TO	
293	305	FLOWS_TO	
305	309	FLOWS_TO	
305	326	FLOWS_TO	
309	325	FLOWS_TO	
309	305	FLOWS_TO	
325	326	FLOWS_TO	
326	339	FLOWS_TO	
253	340	USE	
279	341	USE	
283	341	USE	
253	342	USE	
279	342	USE	
289	342	USE	
326	343	USE	
331	343	USE	
279	344	DEF	
283	344	DEF	
280	344	DEF	
293	344	USE	
298	344	USE	
309	344	USE	
316	344	USE	
309	345	USE	
279	346	USE	
291	346	USE	
309	347	USE	
253	348	USE	
268	348	USE	
279	293	REACHES	stonesoup_server
279	309	REACHES	stonesoup_server
338	253	CONTROLS	
253	279	CONTROLS	
253	293	CONTROLS	
253	305	CONTROLS	
253	326	CONTROLS	
305	309	CONTROLS	
309	325	CONTROLS	
309	305	CONTROLS	
338	253	DOM	
305	309	DOM	
338	338	DOM	
253	279	DOM	
253	339	DOM	
293	305	DOM	
309	325	DOM	
305	326	DOM	
279	293	DOM	
339	253	POST_DOM	
326	309	POST_DOM	
253	338	POST_DOM	
293	279	POST_DOM	
339	339	POST_DOM	
326	305	POST_DOM	
339	326	POST_DOM	
326	325	POST_DOM	
305	293	POST_DOM	
249	250	IS_FUNCTION_OF_AST	
249	338	IS_FUNCTION_OF_CFG	
1	249	IS_FILE_OF	
349	350	DECLARES	
351	352	DECLARES	
353	354	DECLARES	
355	356	DECLARES	
357	358	DECLARES	
359	360	DECLARES	
361	362	DECLARES	
363	364	DECLARES	
365	366	DECLARES	
367	368	DECLARES	
375	376	IS_AST_PARENT	
375	377	IS_AST_PARENT	
374	375	IS_AST_PARENT	
378	379	IS_AST_PARENT	
378	380	IS_AST_PARENT	
374	378	IS_AST_PARENT	
373	374	IS_AST_PARENT	
372	373	IS_AST_PARENT	
383	384	IS_AST_PARENT	
383	385	IS_AST_PARENT	
382	383	IS_AST_PARENT	
381	382	IS_AST_PARENT	
372	381	IS_AST_PARENT	
371	372	IS_AST_PARENT	
386	387	IS_AST_PARENT	
371	386	IS_AST_PARENT	
370	371	IS_AST_PARENT	
370	388	IS_AST_PARENT	
370	389	IS_AST_PARENT	
391	392	IS_AST_PARENT	
391	393	IS_AST_PARENT	
390	391	IS_AST_PARENT	
370	390	IS_AST_PARENT	
394	391	FLOWS_TO	
391	373	FLOWS_TO	
373	382	FLOWS_TO	
373	386	FLOWS_TO	
382	395	FLOWS_TO	
386	395	FLOWS_TO	
391	396	DEF	
373	396	USE	
382	396	USE	
386	396	USE	
391	373	REACHES	c
391	382	REACHES	c
391	386	REACHES	c
394	391	CONTROLS	
394	373	CONTROLS	
373	382	CONTROLS	
373	386	CONTROLS	
394	394	DOM	
394	391	DOM	
373	382	DOM	
391	373	DOM	
373	395	DOM	
373	386	DOM	
373	391	POST_DOM	
391	394	POST_DOM	
395	382	POST_DOM	
395	373	POST_DOM	
395	395	POST_DOM	
395	386	POST_DOM	
369	370	IS_FUNCTION_OF_AST	
369	394	IS_FUNCTION_OF_CFG	
1	369	IS_FILE_OF	
399	400	IS_AST_PARENT	
402	403	IS_AST_PARENT	
402	404	IS_AST_PARENT	
405	406	IS_AST_PARENT	
405	407	IS_AST_PARENT	
402	405	IS_AST_PARENT	
401	402	IS_AST_PARENT	
399	401	IS_AST_PARENT	
410	411	IS_AST_PARENT	
410	412	IS_AST_PARENT	
409	410	IS_AST_PARENT	
408	409	IS_AST_PARENT	
415	416	IS_AST_PARENT	
418	419	IS_AST_PARENT	
417	418	IS_AST_PARENT	
421	422	IS_AST_PARENT	
420	421	IS_AST_PARENT	
424	425	IS_AST_PARENT	
424	426	IS_AST_PARENT	
423	424	IS_AST_PARENT	
420	423	IS_AST_PARENT	
428	429	IS_AST_PARENT	
428	430	IS_AST_PARENT	
427	428	IS_AST_PARENT	
420	427	IS_AST_PARENT	
417	420	IS_AST_PARENT	
415	417	IS_AST_PARENT	
414	415	IS_AST_PARENT	
413	414	IS_AST_PARENT	
408	413	IS_AST_PARENT	
399	408	IS_AST_PARENT	
431	432	IS_AST_PARENT	
399	431	IS_AST_PARENT	
398	399	IS_AST_PARENT	
398	433	IS_AST_PARENT	
398	434	IS_AST_PARENT	
398	435	IS_AST_PARENT	
436	400	FLOWS_TO	
400	401	FLOWS_TO	
401	409	FLOWS_TO	
409	414	FLOWS_TO	
409	431	FLOWS_TO	
414	431	FLOWS_TO	
431	437	FLOWS_TO	
414	438	USE	
427	438	USE	
414	439	USE	
423	439	USE	
414	440	USE	
415	440	USE	
401	441	DEF	
405	441	DEF	
402	441	DEF	
409	441	USE	
414	441	DEF	
415	441	DEF	
431	441	USE	
401	409	REACHES	type
401	431	REACHES	type
414	431	REACHES	type
436	400	CONTROLS	
436	401	CONTROLS	
436	409	CONTROLS	
436	431	CONTROLS	
409	414	CONTROLS	
409	431	DOM	
436	400	DOM	
431	437	DOM	
436	436	DOM	
400	401	DOM	
409	414	DOM	
401	409	DOM	
437	431	POST_DOM	
401	400	POST_DOM	
437	437	POST_DOM	
400	436	POST_DOM	
409	401	POST_DOM	
431	414	POST_DOM	
431	409	POST_DOM	
397	398	IS_FUNCTION_OF_AST	
397	436	IS_FUNCTION_OF_CFG	
1	397	IS_FILE_OF	
448	449	IS_AST_PARENT	
448	450	IS_AST_PARENT	
447	448	IS_AST_PARENT	
452	453	IS_AST_PARENT	
454	455	IS_AST_PARENT	
454	456	IS_AST_PARENT	
452	454	IS_AST_PARENT	
451	452	IS_AST_PARENT	
458	459	IS_AST_PARENT	
458	460	IS_AST_PARENT	
457	458	IS_AST_PARENT	
461	462	IS_AST_PARENT	
463	464	IS_AST_PARENT	
463	465	IS_AST_PARENT	
461	463	IS_AST_PARENT	
457	461	IS_AST_PARENT	
451	457	IS_AST_PARENT	
447	451	IS_AST_PARENT	
446	447	IS_AST_PARENT	
445	446	IS_AST_PARENT	
468	469	IS_AST_PARENT	
468	470	IS_AST_PARENT	
467	468	IS_AST_PARENT	
466	467	IS_AST_PARENT	
445	466	IS_AST_PARENT	
444	445	IS_AST_PARENT	
473	474	IS_AST_PARENT	
475	476	IS_AST_PARENT	
477	478	IS_AST_PARENT	
477	479	IS_AST_PARENT	
475	477	IS_AST_PARENT	
473	475	IS_AST_PARENT	
472	473	IS_AST_PARENT	
480	481	IS_AST_PARENT	
480	482	IS_AST_PARENT	
472	480	IS_AST_PARENT	
471	472	IS_AST_PARENT	
444	471	IS_AST_PARENT	
443	444	IS_AST_PARENT	
443	483	IS_AST_PARENT	
443	484	IS_AST_PARENT	
486	487	IS_AST_PARENT	
486	488	IS_AST_PARENT	
485	486	IS_AST_PARENT	
489	490	IS_AST_PARENT	
489	491	IS_AST_PARENT	
485	489	IS_AST_PARENT	
492	493	IS_AST_PARENT	
492	494	IS_AST_PARENT	
485	492	IS_AST_PARENT	
443	485	IS_AST_PARENT	
495	486	FLOWS_TO	
486	489	FLOWS_TO	
489	492	FLOWS_TO	
492	446	FLOWS_TO	
446	467	FLOWS_TO	
446	471	FLOWS_TO	
467	496	FLOWS_TO	
471	496	FLOWS_TO	
446	497	USE	
486	498	DEF	
446	498	USE	
454	498	USE	
463	498	USE	
471	498	USE	
477	498	USE	
446	499	USE	
492	500	DEF	
446	500	USE	
471	500	USE	
446	501	USE	
471	501	USE	
471	502	USE	
489	503	DEF	
446	503	USE	
471	503	USE	
486	446	REACHES	tm
486	471	REACHES	tm
492	446	REACHES	ypixel
492	471	REACHES	ypixel
489	446	REACHES	xpixel
489	471	REACHES	xpixel
495	486	CONTROLS	
495	489	CONTROLS	
495	492	CONTROLS	
495	446	CONTROLS	
446	467	CONTROLS	
446	471	CONTROLS	
489	492	DOM	
446	467	DOM	
495	486	DOM	
492	446	DOM	
446	496	DOM	
446	471	DOM	
486	489	DOM	
495	495	DOM	
496	467	POST_DOM	
446	492	POST_DOM	
489	486	POST_DOM	
496	446	POST_DOM	
496	496	POST_DOM	
496	471	POST_DOM	
492	489	POST_DOM	
486	495	POST_DOM	
442	443	IS_FUNCTION_OF_AST	
442	495	IS_FUNCTION_OF_CFG	
1	442	IS_FILE_OF	
508	509	IS_AST_PARENT	
508	510	IS_AST_PARENT	
507	508	IS_AST_PARENT	
506	507	IS_AST_PARENT	
516	517	IS_AST_PARENT	
516	518	IS_AST_PARENT	
515	516	IS_AST_PARENT	
519	520	IS_AST_PARENT	
519	521	IS_AST_PARENT	
515	519	IS_AST_PARENT	
514	515	IS_AST_PARENT	
513	514	IS_AST_PARENT	
513	522	IS_AST_PARENT	
527	528	IS_AST_PARENT	
526	527	IS_AST_PARENT	
530	531	IS_AST_PARENT	
529	530	IS_AST_PARENT	
532	533	IS_AST_PARENT	
529	532	IS_AST_PARENT	
534	535	IS_AST_PARENT	
529	534	IS_AST_PARENT	
526	529	IS_AST_PARENT	
525	526	IS_AST_PARENT	
524	525	IS_AST_PARENT	
537	538	IS_AST_PARENT	
537	539	IS_AST_PARENT	
536	537	IS_AST_PARENT	
524	536	IS_AST_PARENT	
523	524	IS_AST_PARENT	
513	523	IS_AST_PARENT	
512	513	IS_AST_PARENT	
512	540	IS_AST_PARENT	
511	512	IS_AST_PARENT	
541	542	IS_AST_PARENT	
511	541	IS_AST_PARENT	
506	511	IS_AST_PARENT	
548	549	IS_AST_PARENT	
548	550	IS_AST_PARENT	
547	548	IS_AST_PARENT	
551	552	IS_AST_PARENT	
551	553	IS_AST_PARENT	
547	551	IS_AST_PARENT	
546	547	IS_AST_PARENT	
545	546	IS_AST_PARENT	
545	554	IS_AST_PARENT	
559	560	IS_AST_PARENT	
558	559	IS_AST_PARENT	
562	563	IS_AST_PARENT	
561	562	IS_AST_PARENT	
564	565	IS_AST_PARENT	
561	564	IS_AST_PARENT	
566	567	IS_AST_PARENT	
561	566	IS_AST_PARENT	
558	561	IS_AST_PARENT	
557	558	IS_AST_PARENT	
556	557	IS_AST_PARENT	
569	570	IS_AST_PARENT	
569	571	IS_AST_PARENT	
568	569	IS_AST_PARENT	
556	568	IS_AST_PARENT	
555	556	IS_AST_PARENT	
545	555	IS_AST_PARENT	
544	545	IS_AST_PARENT	
544	572	IS_AST_PARENT	
543	544	IS_AST_PARENT	
573	574	IS_AST_PARENT	
543	573	IS_AST_PARENT	
506	543	IS_AST_PARENT	
576	577	IS_AST_PARENT	
578	579	IS_AST_PARENT	
581	582	IS_AST_PARENT	
580	581	IS_AST_PARENT	
585	586	IS_AST_PARENT	
585	587	IS_AST_PARENT	
584	585	IS_AST_PARENT	
583	584	IS_AST_PARENT	
580	583	IS_AST_PARENT	
578	580	IS_AST_PARENT	
576	578	IS_AST_PARENT	
575	576	IS_AST_PARENT	
506	575	IS_AST_PARENT	
590	591	IS_AST_PARENT	
590	592	IS_AST_PARENT	
589	590	IS_AST_PARENT	
589	593	IS_AST_PARENT	
588	589	IS_AST_PARENT	
506	588	IS_AST_PARENT	
596	597	IS_AST_PARENT	
596	598	IS_AST_PARENT	
595	596	IS_AST_PARENT	
595	599	IS_AST_PARENT	
594	595	IS_AST_PARENT	
506	594	IS_AST_PARENT	
602	603	IS_AST_PARENT	
602	604	IS_AST_PARENT	
601	602	IS_AST_PARENT	
601	605	IS_AST_PARENT	
600	601	IS_AST_PARENT	
506	600	IS_AST_PARENT	
608	609	IS_AST_PARENT	
608	610	IS_AST_PARENT	
607	608	IS_AST_PARENT	
607	611	IS_AST_PARENT	
606	607	IS_AST_PARENT	
506	606	IS_AST_PARENT	
614	615	IS_AST_PARENT	
614	616	IS_AST_PARENT	
613	614	IS_AST_PARENT	
618	619	IS_AST_PARENT	
620	621	IS_AST_PARENT	
620	622	IS_AST_PARENT	
618	620	IS_AST_PARENT	
617	618	IS_AST_PARENT	
617	623	IS_AST_PARENT	
613	617	IS_AST_PARENT	
612	613	IS_AST_PARENT	
506	612	IS_AST_PARENT	
626	627	IS_AST_PARENT	
626	628	IS_AST_PARENT	
625	626	IS_AST_PARENT	
630	631	IS_AST_PARENT	
632	633	IS_AST_PARENT	
632	634	IS_AST_PARENT	
630	632	IS_AST_PARENT	
629	630	IS_AST_PARENT	
629	635	IS_AST_PARENT	
625	629	IS_AST_PARENT	
624	625	IS_AST_PARENT	
506	624	IS_AST_PARENT	
638	639	IS_AST_PARENT	
638	640	IS_AST_PARENT	
637	638	IS_AST_PARENT	
641	642	IS_AST_PARENT	
641	643	IS_AST_PARENT	
637	641	IS_AST_PARENT	
636	637	IS_AST_PARENT	
506	636	IS_AST_PARENT	
644	645	IS_AST_PARENT	
506	644	IS_AST_PARENT	
505	506	IS_AST_PARENT	
505	646	IS_AST_PARENT	
505	647	IS_AST_PARENT	
649	650	IS_AST_PARENT	
649	651	IS_AST_PARENT	
648	649	IS_AST_PARENT	
652	653	IS_AST_PARENT	
652	654	IS_AST_PARENT	
648	652	IS_AST_PARENT	
655	656	IS_AST_PARENT	
655	657	IS_AST_PARENT	
648	655	IS_AST_PARENT	
505	648	IS_AST_PARENT	
658	649	FLOWS_TO	
649	652	FLOWS_TO	
652	655	FLOWS_TO	
655	507	FLOWS_TO	
507	514	FLOWS_TO	
541	514	FLOWS_TO	
541	546	FLOWS_TO	
514	525	FLOWS_TO	
514	540	FLOWS_TO	
525	536	FLOWS_TO	
536	659	FLOWS_TO	
540	541	FLOWS_TO	
573	546	FLOWS_TO	
573	575	FLOWS_TO	
546	557	FLOWS_TO	
546	572	FLOWS_TO	
557	568	FLOWS_TO	
568	659	FLOWS_TO	
572	573	FLOWS_TO	
575	588	FLOWS_TO	
588	594	FLOWS_TO	
594	600	FLOWS_TO	
600	606	FLOWS_TO	
606	612	FLOWS_TO	
612	624	FLOWS_TO	
624	636	FLOWS_TO	
636	644	FLOWS_TO	
644	659	FLOWS_TO	
525	660	USE	
532	660	USE	
557	660	USE	
564	660	USE	
655	661	DEF	
546	661	USE	
606	661	USE	
607	661	USE	
636	662	DEF	
637	662	DEF	
575	663	USE	
576	663	USE	
624	664	DEF	
625	664	DEF	
588	665	DEF	
589	665	DEF	
600	666	DEF	
601	666	DEF	
606	667	DEF	
607	667	DEF	
649	668	DEF	
514	668	USE	
594	668	USE	
595	668	USE	
624	668	USE	
625	668	USE	
507	669	DEF	
508	669	DEF	
575	669	DEF	
576	669	DEF	
588	669	USE	
590	669	USE	
594	669	USE	
596	669	USE	
600	669	USE	
602	669	USE	
606	669	USE	
608	669	USE	
612	669	USE	
614	669	USE	
624	669	USE	
626	669	USE	
636	669	USE	
638	669	USE	
644	669	USE	
594	670	DEF	
595	670	DEF	
588	671	DEF	
589	671	DEF	
594	671	DEF	
595	671	DEF	
600	671	DEF	
601	671	DEF	
606	671	DEF	
607	671	DEF	
612	671	DEF	
613	671	DEF	
624	671	DEF	
625	671	DEF	
636	671	DEF	
637	671	DEF	
612	672	DEF	
613	672	DEF	
652	673	DEF	
514	673	USE	
600	673	USE	
601	673	USE	
612	673	USE	
613	673	USE	
655	546	REACHES	bpp
655	606	REACHES	bpp
649	514	REACHES	width
649	594	REACHES	width
649	624	REACHES	width
575	588	REACHES	tm
575	594	REACHES	tm
575	600	REACHES	tm
575	606	REACHES	tm
575	612	REACHES	tm
575	624	REACHES	tm
575	636	REACHES	tm
575	644	REACHES	tm
652	514	REACHES	height
652	600	REACHES	height
652	612	REACHES	height
658	649	CONTROLS	
658	652	CONTROLS	
658	655	CONTROLS	
658	507	CONTROLS	
658	514	CONTROLS	
541	514	CONTROLS	
541	546	CONTROLS	
514	525	CONTROLS	
514	536	CONTROLS	
514	540	CONTROLS	
514	541	CONTROLS	
573	546	CONTROLS	
573	575	CONTROLS	
573	588	CONTROLS	
573	594	CONTROLS	
573	600	CONTROLS	
573	606	CONTROLS	
573	612	CONTROLS	
573	624	CONTROLS	
573	636	CONTROLS	
573	644	CONTROLS	
546	557	CONTROLS	
546	568	CONTROLS	
546	572	CONTROLS	
546	573	CONTROLS	
525	536	DOM	
540	541	DOM	
658	649	DOM	
636	644	DOM	
655	507	DOM	
588	594	DOM	
573	575	DOM	
575	588	DOM	
658	658	DOM	
652	655	DOM	
546	557	DOM	
514	525	DOM	
612	624	DOM	
514	540	DOM	
514	659	DOM	
606	612	DOM	
507	514	DOM	
572	573	DOM	
600	606	DOM	
594	600	DOM	
546	572	DOM	
557	568	DOM	
541	546	DOM	
649	652	DOM	
624	636	DOM	
659	536	POST_DOM	
659	541	POST_DOM	
652	649	POST_DOM	
659	644	POST_DOM	
514	507	POST_DOM	
600	594	POST_DOM	
588	575	POST_DOM	
594	588	POST_DOM	
507	655	POST_DOM	
649	658	POST_DOM	
568	557	POST_DOM	
536	525	POST_DOM	
636	624	POST_DOM	
541	540	POST_DOM	
659	659	POST_DOM	
624	612	POST_DOM	
659	514	POST_DOM	
659	573	POST_DOM	
612	606	POST_DOM	
606	600	POST_DOM	
573	572	POST_DOM	
659	568	POST_DOM	
659	546	POST_DOM	
655	652	POST_DOM	
644	636	POST_DOM	
504	505	IS_FUNCTION_OF_AST	
504	658	IS_FUNCTION_OF_CFG	
1	504	IS_FILE_OF	
681	682	IS_AST_PARENT	
683	684	IS_AST_PARENT	
683	685	IS_AST_PARENT	
681	683	IS_AST_PARENT	
680	681	IS_AST_PARENT	
679	680	IS_AST_PARENT	
679	686	IS_AST_PARENT	
691	692	IS_AST_PARENT	
690	691	IS_AST_PARENT	
694	695	IS_AST_PARENT	
693	694	IS_AST_PARENT	
696	697	IS_AST_PARENT	
693	696	IS_AST_PARENT	
698	699	IS_AST_PARENT	
693	698	IS_AST_PARENT	
690	693	IS_AST_PARENT	
689	690	IS_AST_PARENT	
688	689	IS_AST_PARENT	
701	702	IS_AST_PARENT	
701	703	IS_AST_PARENT	
700	701	IS_AST_PARENT	
688	700	IS_AST_PARENT	
687	688	IS_AST_PARENT	
679	687	IS_AST_PARENT	
678	679	IS_AST_PARENT	
678	704	IS_AST_PARENT	
677	678	IS_AST_PARENT	
705	706	IS_AST_PARENT	
677	705	IS_AST_PARENT	
676	677	IS_AST_PARENT	
709	710	IS_AST_PARENT	
709	711	IS_AST_PARENT	
708	709	IS_AST_PARENT	
708	712	IS_AST_PARENT	
707	708	IS_AST_PARENT	
676	707	IS_AST_PARENT	
713	714	IS_AST_PARENT	
676	713	IS_AST_PARENT	
675	676	IS_AST_PARENT	
675	715	IS_AST_PARENT	
675	716	IS_AST_PARENT	
718	719	IS_AST_PARENT	
718	720	IS_AST_PARENT	
717	718	IS_AST_PARENT	
675	717	IS_AST_PARENT	
721	718	FLOWS_TO	
718	680	FLOWS_TO	
705	680	FLOWS_TO	
705	707	FLOWS_TO	
680	689	FLOWS_TO	
680	704	FLOWS_TO	
689	700	FLOWS_TO	
700	722	FLOWS_TO	
704	705	FLOWS_TO	
707	713	FLOWS_TO	
713	722	FLOWS_TO	
689	723	USE	
696	723	USE	
718	724	DEF	
680	724	USE	
707	724	USE	
709	724	USE	
713	724	USE	
707	725	DEF	
708	725	DEF	
707	725	USE	
708	725	USE	
707	726	DEF	
708	726	DEF	
707	726	USE	
708	726	USE	
718	680	REACHES	tm
718	707	REACHES	tm
718	713	REACHES	tm
707	722	REACHES	* tm
721	718	CONTROLS	
721	680	CONTROLS	
705	680	CONTROLS	
705	707	CONTROLS	
705	713	CONTROLS	
680	689	CONTROLS	
680	700	CONTROLS	
680	704	CONTROLS	
680	705	CONTROLS	
680	689	DOM	
680	704	DOM	
689	700	DOM	
721	721	DOM	
680	722	DOM	
704	705	DOM	
707	713	DOM	
718	680	DOM	
721	718	DOM	
705	707	DOM	
700	689	POST_DOM	
705	704	POST_DOM	
722	700	POST_DOM	
718	721	POST_DOM	
722	722	POST_DOM	
722	705	POST_DOM	
722	713	POST_DOM	
722	680	POST_DOM	
680	718	POST_DOM	
713	707	POST_DOM	
674	675	IS_FUNCTION_OF_AST	
674	721	IS_FUNCTION_OF_CFG	
1	674	IS_FILE_OF	
734	735	IS_AST_PARENT	
736	737	IS_AST_PARENT	
736	738	IS_AST_PARENT	
734	736	IS_AST_PARENT	
733	734	IS_AST_PARENT	
732	733	IS_AST_PARENT	
732	739	IS_AST_PARENT	
744	745	IS_AST_PARENT	
743	744	IS_AST_PARENT	
747	748	IS_AST_PARENT	
746	747	IS_AST_PARENT	
749	750	IS_AST_PARENT	
746	749	IS_AST_PARENT	
751	752	IS_AST_PARENT	
746	751	IS_AST_PARENT	
743	746	IS_AST_PARENT	
742	743	IS_AST_PARENT	
741	742	IS_AST_PARENT	
741	753	IS_AST_PARENT	
740	741	IS_AST_PARENT	
732	740	IS_AST_PARENT	
731	732	IS_AST_PARENT	
731	754	IS_AST_PARENT	
730	731	IS_AST_PARENT	
755	756	IS_AST_PARENT	
730	755	IS_AST_PARENT	
729	730	IS_AST_PARENT	
759	760	IS_AST_PARENT	
759	761	IS_AST_PARENT	
758	759	IS_AST_PARENT	
758	762	IS_AST_PARENT	
757	758	IS_AST_PARENT	
729	757	IS_AST_PARENT	
766	767	IS_AST_PARENT	
766	768	IS_AST_PARENT	
765	766	IS_AST_PARENT	
765	769	IS_AST_PARENT	
764	765	IS_AST_PARENT	
763	764	IS_AST_PARENT	
773	774	IS_AST_PARENT	
773	775	IS_AST_PARENT	
772	773	IS_AST_PARENT	
771	772	IS_AST_PARENT	
779	780	IS_AST_PARENT	
778	779	IS_AST_PARENT	
783	784	IS_AST_PARENT	
783	785	IS_AST_PARENT	
782	783	IS_AST_PARENT	
781	782	IS_AST_PARENT	
786	787	IS_AST_PARENT	
781	786	IS_AST_PARENT	
778	781	IS_AST_PARENT	
777	778	IS_AST_PARENT	
776	777	IS_AST_PARENT	
771	776	IS_AST_PARENT	
770	771	IS_AST_PARENT	
790	791	IS_AST_PARENT	
790	792	IS_AST_PARENT	
789	790	IS_AST_PARENT	
788	789	IS_AST_PARENT	
795	796	IS_AST_PARENT	
795	797	IS_AST_PARENT	
798	799	IS_AST_PARENT	
801	802	IS_AST_PARENT	
801	803	IS_AST_PARENT	
800	801	IS_AST_PARENT	
804	805	IS_AST_PARENT	
804	806	IS_AST_PARENT	
800	804	IS_AST_PARENT	
798	800	IS_AST_PARENT	
795	798	IS_AST_PARENT	
794	795	IS_AST_PARENT	
793	794	IS_AST_PARENT	
808	809	IS_AST_PARENT	
808	810	IS_AST_PARENT	
807	808	IS_AST_PARENT	
793	807	IS_AST_PARENT	
813	814	IS_AST_PARENT	
813	815	IS_AST_PARENT	
812	813	IS_AST_PARENT	
811	812	IS_AST_PARENT	
817	818	IS_AST_PARENT	
817	819	IS_AST_PARENT	
816	817	IS_AST_PARENT	
811	816	IS_AST_PARENT	
820	821	IS_AST_PARENT	
820	822	IS_AST_PARENT	
811	820	IS_AST_PARENT	
825	826	IS_AST_PARENT	
824	825	IS_AST_PARENT	
830	831	IS_AST_PARENT	
830	832	IS_AST_PARENT	
829	830	IS_AST_PARENT	
829	833	IS_AST_PARENT	
828	829	IS_AST_PARENT	
827	828	IS_AST_PARENT	
834	835	IS_AST_PARENT	
827	834	IS_AST_PARENT	
836	837	IS_AST_PARENT	
827	836	IS_AST_PARENT	
824	827	IS_AST_PARENT	
823	824	IS_AST_PARENT	
811	823	IS_AST_PARENT	
793	811	IS_AST_PARENT	
840	841	IS_AST_PARENT	
839	840	IS_AST_PARENT	
844	845	IS_AST_PARENT	
844	846	IS_AST_PARENT	
843	844	IS_AST_PARENT	
842	843	IS_AST_PARENT	
839	842	IS_AST_PARENT	
838	839	IS_AST_PARENT	
793	838	IS_AST_PARENT	
788	793	IS_AST_PARENT	
770	788	IS_AST_PARENT	
850	851	IS_AST_PARENT	
849	850	IS_AST_PARENT	
855	856	IS_AST_PARENT	
854	855	IS_AST_PARENT	
859	860	IS_AST_PARENT	
859	861	IS_AST_PARENT	
858	859	IS_AST_PARENT	
857	858	IS_AST_PARENT	
862	863	IS_AST_PARENT	
857	862	IS_AST_PARENT	
854	857	IS_AST_PARENT	
853	854	IS_AST_PARENT	
852	853	IS_AST_PARENT	
849	852	IS_AST_PARENT	
867	868	IS_AST_PARENT	
870	871	IS_AST_PARENT	
870	872	IS_AST_PARENT	
869	870	IS_AST_PARENT	
869	873	IS_AST_PARENT	
867	869	IS_AST_PARENT	
866	867	IS_AST_PARENT	
865	866	IS_AST_PARENT	
864	865	IS_AST_PARENT	
849	864	IS_AST_PARENT	
848	849	IS_AST_PARENT	
847	848	IS_AST_PARENT	
874	875	IS_AST_PARENT	
847	874	IS_AST_PARENT	
770	847	IS_AST_PARENT	
763	770	IS_AST_PARENT	
729	763	IS_AST_PARENT	
728	729	IS_AST_PARENT	
728	876	IS_AST_PARENT	
728	877	IS_AST_PARENT	
879	880	IS_AST_PARENT	
879	881	IS_AST_PARENT	
878	879	IS_AST_PARENT	
728	878	IS_AST_PARENT	
882	879	FLOWS_TO	
879	733	FLOWS_TO	
755	733	FLOWS_TO	
755	757	FLOWS_TO	
733	742	FLOWS_TO	
733	754	FLOWS_TO	
742	753	FLOWS_TO	
753	883	FLOWS_TO	
754	755	FLOWS_TO	
757	764	FLOWS_TO	
764	772	FLOWS_TO	
764	883	FLOWS_TO	
772	777	FLOWS_TO	
772	789	FLOWS_TO	
777	789	FLOWS_TO	
789	794	FLOWS_TO	
789	850	FLOWS_TO	
794	807	FLOWS_TO	
807	812	FLOWS_TO	
816	823	FLOWS_TO	
816	838	FLOWS_TO	
812	816	FLOWS_TO	
820	816	FLOWS_TO	
823	820	FLOWS_TO	
838	850	FLOWS_TO	
874	850	FLOWS_TO	
874	883	FLOWS_TO	
850	853	FLOWS_TO	
850	866	FLOWS_TO	
853	874	FLOWS_TO	
866	874	FLOWS_TO	
742	884	USE	
749	884	USE	
789	885	USE	
823	885	USE	
829	885	USE	
838	885	USE	
843	885	USE	
823	886	USE	
828	886	USE	
807	887	DEF	
808	887	DEF	
816	887	USE	
812	887	DEF	
813	887	DEF	
820	887	USE	
820	887	DEF	
823	887	USE	
829	887	USE	
836	887	USE	
823	888	USE	
828	888	USE	
772	889	USE	
777	889	USE	
782	889	USE	
794	890	USE	
798	890	USE	
757	891	USE	
758	891	USE	
757	891	DEF	
758	891	DEF	
764	891	USE	
823	892	USE	
828	892	USE	
879	893	DEF	
733	893	USE	
757	893	USE	
759	893	USE	
764	893	USE	
766	893	USE	
772	893	USE	
773	893	USE	
777	893	USE	
783	893	USE	
789	893	USE	
790	893	USE	
794	893	USE	
801	893	USE	
804	893	USE	
823	893	USE	
830	893	USE	
834	893	USE	
838	893	USE	
844	893	USE	
853	893	USE	
862	893	USE	
757	894	USE	
758	894	USE	
757	894	DEF	
758	894	DEF	
764	894	USE	
772	894	USE	
777	894	USE	
782	894	USE	
789	894	USE	
794	894	USE	
798	894	USE	
823	894	USE	
829	894	USE	
838	894	USE	
843	894	USE	
794	895	USE	
798	895	USE	
794	896	DEF	
798	896	DEF	
795	896	DEF	
816	896	USE	
794	816	REACHES	ntiles
812	816	REACHES	i
820	816	REACHES	i
812	820	REACHES	i
820	820	REACHES	i
812	823	REACHES	i
820	823	REACHES	i
757	764	REACHES	tm -> ref_count
879	757	REACHES	tm
879	733	REACHES	tm
879	764	REACHES	tm
879	772	REACHES	tm
879	777	REACHES	tm
879	789	REACHES	tm
879	794	REACHES	tm
879	823	REACHES	tm
879	838	REACHES	tm
879	853	REACHES	tm
757	883	REACHES	* tm
757	764	REACHES	* tm
757	772	REACHES	* tm
757	777	REACHES	* tm
757	789	REACHES	* tm
757	794	REACHES	* tm
757	823	REACHES	* tm
757	838	REACHES	* tm
882	879	CONTROLS	
882	733	CONTROLS	
755	733	CONTROLS	
755	757	CONTROLS	
755	764	CONTROLS	
733	742	CONTROLS	
733	753	CONTROLS	
733	754	CONTROLS	
733	755	CONTROLS	
764	772	CONTROLS	
764	789	CONTROLS	
764	850	CONTROLS	
764	874	CONTROLS	
772	777	CONTROLS	
789	794	CONTROLS	
789	807	CONTROLS	
789	812	CONTROLS	
789	816	CONTROLS	
789	838	CONTROLS	
816	823	CONTROLS	
816	820	CONTROLS	
874	850	CONTROLS	
850	853	CONTROLS	
850	866	CONTROLS	
757	764	DOM	
879	733	DOM	
812	816	DOM	
733	754	DOM	
772	789	DOM	
733	883	DOM	
755	757	DOM	
789	850	DOM	
764	772	DOM	
816	838	DOM	
850	866	DOM	
882	879	DOM	
754	755	DOM	
850	874	DOM	
882	882	DOM	
772	777	DOM	
789	794	DOM	
816	823	DOM	
742	753	DOM	
850	853	DOM	
733	742	DOM	
794	807	DOM	
823	820	DOM	
807	812	DOM	
883	764	POST_DOM	
883	733	POST_DOM	
838	816	POST_DOM	
755	754	POST_DOM	
850	789	POST_DOM	
883	883	POST_DOM	
764	757	POST_DOM	
874	850	POST_DOM	
789	772	POST_DOM	
850	838	POST_DOM	
874	866	POST_DOM	
733	879	POST_DOM	
883	755	POST_DOM	
883	874	POST_DOM	
879	882	POST_DOM	
789	777	POST_DOM	
807	794	POST_DOM	
820	823	POST_DOM	
883	753	POST_DOM	
874	853	POST_DOM	
753	742	POST_DOM	
812	807	POST_DOM	
816	820	POST_DOM	
816	812	POST_DOM	
727	728	IS_FUNCTION_OF_AST	
727	882	IS_FUNCTION_OF_CFG	
1	727	IS_FILE_OF	
901	902	IS_AST_PARENT	
901	903	IS_AST_PARENT	
900	901	IS_AST_PARENT	
899	900	IS_AST_PARENT	
905	906	IS_AST_PARENT	
905	907	IS_AST_PARENT	
904	905	IS_AST_PARENT	
899	904	IS_AST_PARENT	
909	910	IS_AST_PARENT	
909	911	IS_AST_PARENT	
908	909	IS_AST_PARENT	
899	908	IS_AST_PARENT	
916	917	IS_AST_PARENT	
918	919	IS_AST_PARENT	
918	920	IS_AST_PARENT	
916	918	IS_AST_PARENT	
915	916	IS_AST_PARENT	
914	915	IS_AST_PARENT	
914	921	IS_AST_PARENT	
926	927	IS_AST_PARENT	
925	926	IS_AST_PARENT	
929	930	IS_AST_PARENT	
928	929	IS_AST_PARENT	
931	932	IS_AST_PARENT	
928	931	IS_AST_PARENT	
933	934	IS_AST_PARENT	
928	933	IS_AST_PARENT	
925	928	IS_AST_PARENT	
924	925	IS_AST_PARENT	
923	924	IS_AST_PARENT	
936	937	IS_AST_PARENT	
936	938	IS_AST_PARENT	
935	936	IS_AST_PARENT	
923	935	IS_AST_PARENT	
922	923	IS_AST_PARENT	
914	922	IS_AST_PARENT	
913	914	IS_AST_PARENT	
913	939	IS_AST_PARENT	
912	913	IS_AST_PARENT	
940	941	IS_AST_PARENT	
912	940	IS_AST_PARENT	
899	912	IS_AST_PARENT	
943	944	IS_AST_PARENT	
946	947	IS_AST_PARENT	
945	946	IS_AST_PARENT	
950	951	IS_AST_PARENT	
950	952	IS_AST_PARENT	
949	950	IS_AST_PARENT	
948	949	IS_AST_PARENT	
954	955	IS_AST_PARENT	
954	956	IS_AST_PARENT	
953	954	IS_AST_PARENT	
948	953	IS_AST_PARENT	
958	959	IS_AST_PARENT	
958	960	IS_AST_PARENT	
957	958	IS_AST_PARENT	
948	957	IS_AST_PARENT	
945	948	IS_AST_PARENT	
943	945	IS_AST_PARENT	
942	943	IS_AST_PARENT	
899	942	IS_AST_PARENT	
963	964	IS_AST_PARENT	
962	963	IS_AST_PARENT	
966	967	IS_AST_PARENT	
965	966	IS_AST_PARENT	
962	965	IS_AST_PARENT	
961	962	IS_AST_PARENT	
899	961	IS_AST_PARENT	
969	970	IS_AST_PARENT	
972	973	IS_AST_PARENT	
972	974	IS_AST_PARENT	
971	972	IS_AST_PARENT	
975	976	IS_AST_PARENT	
975	977	IS_AST_PARENT	
971	975	IS_AST_PARENT	
969	971	IS_AST_PARENT	
968	969	IS_AST_PARENT	
899	968	IS_AST_PARENT	
980	981	IS_AST_PARENT	
980	982	IS_AST_PARENT	
979	980	IS_AST_PARENT	
978	979	IS_AST_PARENT	
984	985	IS_AST_PARENT	
984	986	IS_AST_PARENT	
983	984	IS_AST_PARENT	
978	983	IS_AST_PARENT	
987	988	IS_AST_PARENT	
987	989	IS_AST_PARENT	
978	987	IS_AST_PARENT	
992	993	IS_AST_PARENT	
992	994	IS_AST_PARENT	
991	992	IS_AST_PARENT	
990	991	IS_AST_PARENT	
996	997	IS_AST_PARENT	
999	1000	IS_AST_PARENT	
998	999	IS_AST_PARENT	
1002	1003	IS_AST_PARENT	
1001	1002	IS_AST_PARENT	
1004	1005	IS_AST_PARENT	
1001	1004	IS_AST_PARENT	
1007	1008	IS_AST_PARENT	
1007	1009	IS_AST_PARENT	
1006	1007	IS_AST_PARENT	
1001	1006	IS_AST_PARENT	
1010	1011	IS_AST_PARENT	
1001	1010	IS_AST_PARENT	
998	1001	IS_AST_PARENT	
996	998	IS_AST_PARENT	
995	996	IS_AST_PARENT	
990	995	IS_AST_PARENT	
1014	1015	IS_AST_PARENT	
1013	1014	IS_AST_PARENT	
1017	1018	IS_AST_PARENT	
1016	1017	IS_AST_PARENT	
1019	1020	IS_AST_PARENT	
1016	1019	IS_AST_PARENT	
1021	1022	IS_AST_PARENT	
1016	1021	IS_AST_PARENT	
1013	1016	IS_AST_PARENT	
1012	1013	IS_AST_PARENT	
990	1012	IS_AST_PARENT	
1025	1026	IS_AST_PARENT	
1024	1025	IS_AST_PARENT	
1028	1029	IS_AST_PARENT	
1027	1028	IS_AST_PARENT	
1030	1031	IS_AST_PARENT	
1027	1030	IS_AST_PARENT	
1024	1027	IS_AST_PARENT	
1023	1024	IS_AST_PARENT	
990	1023	IS_AST_PARENT	
978	990	IS_AST_PARENT	
899	978	IS_AST_PARENT	
1032	1033	IS_AST_PARENT	
899	1032	IS_AST_PARENT	
898	899	IS_AST_PARENT	
898	1034	IS_AST_PARENT	
898	1035	IS_AST_PARENT	
1037	1038	IS_AST_PARENT	
1037	1039	IS_AST_PARENT	
1036	1037	IS_AST_PARENT	
898	1036	IS_AST_PARENT	
1040	1037	FLOWS_TO	
1037	900	FLOWS_TO	
900	904	FLOWS_TO	
904	908	FLOWS_TO	
908	915	FLOWS_TO	
940	915	FLOWS_TO	
940	942	FLOWS_TO	
915	924	FLOWS_TO	
915	939	FLOWS_TO	
924	935	FLOWS_TO	
935	1041	FLOWS_TO	
939	940	FLOWS_TO	
942	961	FLOWS_TO	
961	968	FLOWS_TO	
968	979	FLOWS_TO	
983	991	FLOWS_TO	
983	1032	FLOWS_TO	
979	983	FLOWS_TO	
987	983	FLOWS_TO	
991	995	FLOWS_TO	
995	1012	FLOWS_TO	
1012	1023	FLOWS_TO	
1023	987	FLOWS_TO	
1032	1041	FLOWS_TO	
924	1042	USE	
931	1042	USE	
904	1043	DEF	
905	1043	DEF	
968	1043	DEF	
969	1043	DEF	
983	1043	USE	
908	1044	DEF	
909	1044	DEF	
983	1044	USE	
979	1044	DEF	
980	1044	DEF	
987	1044	USE	
987	1044	DEF	
995	1044	USE	
1004	1044	USE	
1012	1044	USE	
1019	1044	USE	
968	1045	USE	
969	1045	USE	
995	1046	USE	
996	1046	USE	
942	1047	USE	
953	1047	USE	
942	1048	USE	
957	1048	USE	
991	1049	DEF	
992	1049	DEF	
995	1049	DEF	
996	1049	DEF	
1012	1049	USE	
1021	1049	USE	
1023	1049	USE	
1028	1049	USE	
1037	1050	DEF	
915	1050	USE	
942	1050	USE	
958	1050	USE	
950	1050	USE	
954	1050	USE	
968	1050	USE	
972	1050	USE	
975	1050	USE	
995	1050	USE	
1002	1050	USE	
942	1051	USE	
949	1051	USE	
900	1052	DEF	
901	1052	DEF	
942	1052	DEF	
943	1052	DEF	
961	1052	USE	
966	1052	USE	
1012	1052	USE	
1017	1052	USE	
1032	1052	USE	
942	1053	USE	
957	1053	USE	
949	1053	USE	
953	1053	USE	
968	1053	USE	
969	1053	USE	
968	1054	USE	
969	1054	USE	
942	1055	USE	
943	1055	USE	
995	1012	REACHES	tile
995	1023	REACHES	tile
942	961	REACHES	copy
942	1012	REACHES	copy
942	1032	REACHES	copy
987	983	REACHES	i
968	983	REACHES	n_tiles
979	983	REACHES	i
987	987	REACHES	i
979	987	REACHES	i
987	995	REACHES	i
979	995	REACHES	i
987	1012	REACHES	i
979	1012	REACHES	i
1037	915	REACHES	tm
1037	942	REACHES	tm
1037	968	REACHES	tm
1037	995	REACHES	tm
1040	1037	CONTROLS	
1040	900	CONTROLS	
1040	904	CONTROLS	
1040	908	CONTROLS	
1040	915	CONTROLS	
940	915	CONTROLS	
940	942	CONTROLS	
940	961	CONTROLS	
940	968	CONTROLS	
940	979	CONTROLS	
940	983	CONTROLS	
940	1032	CONTROLS	
915	924	CONTROLS	
915	935	CONTROLS	
915	939	CONTROLS	
915	940	CONTROLS	
983	991	CONTROLS	
983	995	CONTROLS	
983	1012	CONTROLS	
983	1023	CONTROLS	
983	987	CONTROLS	
1040	1040	DOM	
908	915	DOM	
979	983	DOM	
1012	1023	DOM	
904	908	DOM	
940	942	DOM	
1023	987	DOM	
900	904	DOM	
983	991	DOM	
991	995	DOM	
915	1041	DOM	
939	940	DOM	
961	968	DOM	
995	1012	DOM	
924	935	DOM	
1040	1037	DOM	
1037	900	DOM	
915	939	DOM	
983	1032	DOM	
942	961	DOM	
968	979	DOM	
915	924	DOM	
1041	915	POST_DOM	
1037	1040	POST_DOM	
1032	983	POST_DOM	
987	1023	POST_DOM	
915	908	POST_DOM	
961	942	POST_DOM	
983	987	POST_DOM	
908	904	POST_DOM	
995	991	POST_DOM	
1012	995	POST_DOM	
1041	1041	POST_DOM	
1041	940	POST_DOM	
979	968	POST_DOM	
1023	1012	POST_DOM	
1041	935	POST_DOM	
900	1037	POST_DOM	
904	900	POST_DOM	
940	939	POST_DOM	
1041	1032	POST_DOM	
968	961	POST_DOM	
983	979	POST_DOM	
935	924	POST_DOM	
897	898	IS_FUNCTION_OF_AST	
897	1040	IS_FUNCTION_OF_CFG	
1	897	IS_FILE_OF	
1063	1064	IS_AST_PARENT	
1065	1066	IS_AST_PARENT	
1065	1067	IS_AST_PARENT	
1063	1065	IS_AST_PARENT	
1062	1063	IS_AST_PARENT	
1061	1062	IS_AST_PARENT	
1061	1068	IS_AST_PARENT	
1073	1074	IS_AST_PARENT	
1072	1073	IS_AST_PARENT	
1076	1077	IS_AST_PARENT	
1075	1076	IS_AST_PARENT	
1078	1079	IS_AST_PARENT	
1075	1078	IS_AST_PARENT	
1080	1081	IS_AST_PARENT	
1075	1080	IS_AST_PARENT	
1072	1075	IS_AST_PARENT	
1071	1072	IS_AST_PARENT	
1070	1071	IS_AST_PARENT	
1070	1082	IS_AST_PARENT	
1069	1070	IS_AST_PARENT	
1061	1069	IS_AST_PARENT	
1060	1061	IS_AST_PARENT	
1060	1083	IS_AST_PARENT	
1059	1060	IS_AST_PARENT	
1084	1085	IS_AST_PARENT	
1059	1084	IS_AST_PARENT	
1058	1059	IS_AST_PARENT	
1088	1089	IS_AST_PARENT	
1088	1090	IS_AST_PARENT	
1087	1088	IS_AST_PARENT	
1087	1091	IS_AST_PARENT	
1086	1087	IS_AST_PARENT	
1058	1086	IS_AST_PARENT	
1094	1095	IS_AST_PARENT	
1094	1096	IS_AST_PARENT	
1093	1094	IS_AST_PARENT	
1093	1097	IS_AST_PARENT	
1092	1093	IS_AST_PARENT	
1058	1092	IS_AST_PARENT	
1057	1058	IS_AST_PARENT	
1057	1098	IS_AST_PARENT	
1057	1099	IS_AST_PARENT	
1101	1102	IS_AST_PARENT	
1101	1103	IS_AST_PARENT	
1100	1101	IS_AST_PARENT	
1104	1105	IS_AST_PARENT	
1104	1106	IS_AST_PARENT	
1100	1104	IS_AST_PARENT	
1107	1108	IS_AST_PARENT	
1107	1109	IS_AST_PARENT	
1100	1107	IS_AST_PARENT	
1057	1100	IS_AST_PARENT	
1110	1101	FLOWS_TO	
1101	1104	FLOWS_TO	
1104	1107	FLOWS_TO	
1107	1062	FLOWS_TO	
1084	1062	FLOWS_TO	
1084	1086	FLOWS_TO	
1062	1071	FLOWS_TO	
1062	1083	FLOWS_TO	
1071	1082	FLOWS_TO	
1082	1111	FLOWS_TO	
1083	1084	FLOWS_TO	
1086	1092	FLOWS_TO	
1092	1111	FLOWS_TO	
1071	1112	USE	
1078	1112	USE	
1086	1113	DEF	
1087	1113	DEF	
1104	1114	DEF	
1086	1114	USE	
1087	1114	USE	
1101	1115	DEF	
1062	1115	USE	
1086	1115	USE	
1088	1115	USE	
1092	1115	USE	
1094	1115	USE	
1092	1116	DEF	
1093	1116	DEF	
1107	1117	DEF	
1092	1117	USE	
1093	1117	USE	
1086	1118	DEF	
1087	1118	DEF	
1092	1118	DEF	
1093	1118	DEF	
1104	1086	REACHES	proc
1101	1062	REACHES	tm
1101	1086	REACHES	tm
1101	1092	REACHES	tm
1107	1092	REACHES	user_data
1092	1111	REACHES	* tm
1110	1101	CONTROLS	
1110	1104	CONTROLS	
1110	1107	CONTROLS	
1110	1062	CONTROLS	
1084	1062	CONTROLS	
1084	1086	CONTROLS	
1084	1092	CONTROLS	
1062	1071	CONTROLS	
1062	1082	CONTROLS	
1062	1083	CONTROLS	
1062	1084	CONTROLS	
1110	1110	DOM	
1062	1083	DOM	
1110	1101	DOM	
1084	1086	DOM	
1062	1071	DOM	
1062	1111	DOM	
1071	1082	DOM	
1104	1107	DOM	
1083	1084	DOM	
1086	1092	DOM	
1107	1062	DOM	
1101	1104	DOM	
1101	1110	POST_DOM	
1084	1083	POST_DOM	
1104	1101	POST_DOM	
1092	1086	POST_DOM	
1082	1071	POST_DOM	
1111	1111	POST_DOM	
1111	1082	POST_DOM	
1062	1107	POST_DOM	
1111	1084	POST_DOM	
1111	1092	POST_DOM	
1111	1062	POST_DOM	
1107	1104	POST_DOM	
1056	1057	IS_FUNCTION_OF_AST	
1056	1110	IS_FUNCTION_OF_CFG	
1	1056	IS_FILE_OF	
1126	1127	IS_AST_PARENT	
1128	1129	IS_AST_PARENT	
1128	1130	IS_AST_PARENT	
1126	1128	IS_AST_PARENT	
1125	1126	IS_AST_PARENT	
1124	1125	IS_AST_PARENT	
1124	1131	IS_AST_PARENT	
1136	1137	IS_AST_PARENT	
1135	1136	IS_AST_PARENT	
1139	1140	IS_AST_PARENT	
1138	1139	IS_AST_PARENT	
1141	1142	IS_AST_PARENT	
1138	1141	IS_AST_PARENT	
1143	1144	IS_AST_PARENT	
1138	1143	IS_AST_PARENT	
1135	1138	IS_AST_PARENT	
1134	1135	IS_AST_PARENT	
1133	1134	IS_AST_PARENT	
1146	1147	IS_AST_PARENT	
1146	1148	IS_AST_PARENT	
1145	1146	IS_AST_PARENT	
1133	1145	IS_AST_PARENT	
1132	1133	IS_AST_PARENT	
1124	1132	IS_AST_PARENT	
1123	1124	IS_AST_PARENT	
1123	1149	IS_AST_PARENT	
1122	1123	IS_AST_PARENT	
1150	1151	IS_AST_PARENT	
1122	1150	IS_AST_PARENT	
1121	1122	IS_AST_PARENT	
1154	1155	IS_AST_PARENT	
1153	1154	IS_AST_PARENT	
1157	1158	IS_AST_PARENT	
1156	1157	IS_AST_PARENT	
1161	1162	IS_AST_PARENT	
1160	1161	IS_AST_PARENT	
1164	1165	IS_AST_PARENT	
1163	1164	IS_AST_PARENT	
1166	1167	IS_AST_PARENT	
1163	1166	IS_AST_PARENT	
1168	1169	IS_AST_PARENT	
1163	1168	IS_AST_PARENT	
1160	1163	IS_AST_PARENT	
1159	1160	IS_AST_PARENT	
1156	1159	IS_AST_PARENT	
1170	1171	IS_AST_PARENT	
1156	1170	IS_AST_PARENT	
1172	1173	IS_AST_PARENT	
1156	1172	IS_AST_PARENT	
1153	1156	IS_AST_PARENT	
1152	1153	IS_AST_PARENT	
1121	1152	IS_AST_PARENT	
1120	1121	IS_AST_PARENT	
1120	1174	IS_AST_PARENT	
1120	1175	IS_AST_PARENT	
1177	1178	IS_AST_PARENT	
1177	1179	IS_AST_PARENT	
1176	1177	IS_AST_PARENT	
1180	1181	IS_AST_PARENT	
1180	1182	IS_AST_PARENT	
1176	1180	IS_AST_PARENT	
1183	1184	IS_AST_PARENT	
1183	1185	IS_AST_PARENT	
1176	1183	IS_AST_PARENT	
1186	1187	IS_AST_PARENT	
1186	1188	IS_AST_PARENT	
1176	1186	IS_AST_PARENT	
1189	1190	IS_AST_PARENT	
1189	1191	IS_AST_PARENT	
1176	1189	IS_AST_PARENT	
1120	1176	IS_AST_PARENT	
1192	1177	FLOWS_TO	
1177	1180	FLOWS_TO	
1180	1183	FLOWS_TO	
1183	1186	FLOWS_TO	
1186	1189	FLOWS_TO	
1189	1125	FLOWS_TO	
1150	1125	FLOWS_TO	
1150	1152	FLOWS_TO	
1125	1134	FLOWS_TO	
1125	1149	FLOWS_TO	
1134	1145	FLOWS_TO	
1145	1193	FLOWS_TO	
1149	1150	FLOWS_TO	
1152	1193	FLOWS_TO	
1134	1194	USE	
1141	1194	USE	
1152	1195	USE	
1186	1196	DEF	
1152	1196	USE	
1170	1196	USE	
1177	1197	DEF	
1125	1197	USE	
1152	1197	USE	
1157	1197	USE	
1164	1197	USE	
1183	1198	DEF	
1152	1198	USE	
1168	1198	USE	
1189	1199	DEF	
1152	1199	USE	
1172	1199	USE	
1152	1200	USE	
1159	1200	USE	
1180	1201	DEF	
1152	1201	USE	
1166	1201	USE	
1186	1152	REACHES	wantread
1177	1125	REACHES	tm
1177	1152	REACHES	tm
1183	1152	REACHES	ypixel
1189	1152	REACHES	wantwrite
1180	1152	REACHES	xpixel
1192	1177	CONTROLS	
1192	1180	CONTROLS	
1192	1183	CONTROLS	
1192	1186	CONTROLS	
1192	1189	CONTROLS	
1192	1125	CONTROLS	
1150	1125	CONTROLS	
1150	1152	CONTROLS	
1125	1134	CONTROLS	
1125	1145	CONTROLS	
1125	1149	CONTROLS	
1125	1150	CONTROLS	
1125	1193	DOM	
1192	1177	DOM	
1192	1192	DOM	
1186	1189	DOM	
1189	1125	DOM	
1180	1183	DOM	
1150	1152	DOM	
1183	1186	DOM	
1125	1134	DOM	
1125	1149	DOM	
1134	1145	DOM	
1149	1150	DOM	
1177	1180	DOM	
1193	1193	POST_DOM	
1180	1177	POST_DOM	
1125	1189	POST_DOM	
1177	1192	POST_DOM	
1193	1125	POST_DOM	
1186	1183	POST_DOM	
1193	1152	POST_DOM	
1145	1134	POST_DOM	
1189	1186	POST_DOM	
1150	1149	POST_DOM	
1193	1145	POST_DOM	
1193	1150	POST_DOM	
1183	1180	POST_DOM	
1119	1120	IS_FUNCTION_OF_AST	
1119	1192	IS_FUNCTION_OF_CFG	
1	1119	IS_FILE_OF	
1206	1207	IS_AST_PARENT	
1206	1208	IS_AST_PARENT	
1205	1206	IS_AST_PARENT	
1204	1205	IS_AST_PARENT	
1210	1211	IS_AST_PARENT	
1210	1212	IS_AST_PARENT	
1209	1210	IS_AST_PARENT	
1204	1209	IS_AST_PARENT	
1217	1218	IS_AST_PARENT	
1219	1220	IS_AST_PARENT	
1219	1221	IS_AST_PARENT	
1217	1219	IS_AST_PARENT	
1216	1217	IS_AST_PARENT	
1215	1216	IS_AST_PARENT	
1215	1222	IS_AST_PARENT	
1227	1228	IS_AST_PARENT	
1226	1227	IS_AST_PARENT	
1230	1231	IS_AST_PARENT	
1229	1230	IS_AST_PARENT	
1232	1233	IS_AST_PARENT	
1229	1232	IS_AST_PARENT	
1234	1235	IS_AST_PARENT	
1229	1234	IS_AST_PARENT	
1226	1229	IS_AST_PARENT	
1225	1226	IS_AST_PARENT	
1224	1225	IS_AST_PARENT	
1237	1238	IS_AST_PARENT	
1237	1239	IS_AST_PARENT	
1236	1237	IS_AST_PARENT	
1224	1236	IS_AST_PARENT	
1223	1224	IS_AST_PARENT	
1215	1223	IS_AST_PARENT	
1214	1215	IS_AST_PARENT	
1214	1240	IS_AST_PARENT	
1213	1214	IS_AST_PARENT	
1241	1242	IS_AST_PARENT	
1213	1241	IS_AST_PARENT	
1204	1213	IS_AST_PARENT	
1244	1245	IS_AST_PARENT	
1247	1248	IS_AST_PARENT	
1247	1249	IS_AST_PARENT	
1246	1247	IS_AST_PARENT	
1250	1251	IS_AST_PARENT	
1250	1252	IS_AST_PARENT	
1246	1250	IS_AST_PARENT	
1244	1246	IS_AST_PARENT	
1243	1244	IS_AST_PARENT	
1204	1243	IS_AST_PARENT	
1256	1257	IS_AST_PARENT	
1256	1258	IS_AST_PARENT	
1255	1256	IS_AST_PARENT	
1259	1260	IS_AST_PARENT	
1259	1261	IS_AST_PARENT	
1255	1259	IS_AST_PARENT	
1254	1255	IS_AST_PARENT	
1253	1254	IS_AST_PARENT	
1264	1265	IS_AST_PARENT	
1264	1266	IS_AST_PARENT	
1263	1264	IS_AST_PARENT	
1262	1263	IS_AST_PARENT	
1253	1262	IS_AST_PARENT	
1204	1253	IS_AST_PARENT	
1269	1270	IS_AST_PARENT	
1271	1272	IS_AST_PARENT	
1271	1273	IS_AST_PARENT	
1269	1271	IS_AST_PARENT	
1268	1269	IS_AST_PARENT	
1267	1268	IS_AST_PARENT	
1277	1278	IS_AST_PARENT	
1276	1277	IS_AST_PARENT	
1280	1281	IS_AST_PARENT	
1279	1280	IS_AST_PARENT	
1276	1279	IS_AST_PARENT	
1275	1276	IS_AST_PARENT	
1274	1275	IS_AST_PARENT	
1267	1274	IS_AST_PARENT	
1204	1267	IS_AST_PARENT	
1283	1284	IS_AST_PARENT	
1286	1287	IS_AST_PARENT	
1286	1288	IS_AST_PARENT	
1285	1286	IS_AST_PARENT	
1285	1289	IS_AST_PARENT	
1283	1285	IS_AST_PARENT	
1282	1283	IS_AST_PARENT	
1204	1282	IS_AST_PARENT	
1292	1293	IS_AST_PARENT	
1294	1295	IS_AST_PARENT	
1294	1296	IS_AST_PARENT	
1292	1294	IS_AST_PARENT	
1291	1292	IS_AST_PARENT	
1290	1291	IS_AST_PARENT	
1300	1301	IS_AST_PARENT	
1299	1300	IS_AST_PARENT	
1303	1304	IS_AST_PARENT	
1302	1303	IS_AST_PARENT	
1305	1306	IS_AST_PARENT	
1302	1305	IS_AST_PARENT	
1307	1308	IS_AST_PARENT	
1302	1307	IS_AST_PARENT	
1299	1302	IS_AST_PARENT	
1298	1299	IS_AST_PARENT	
1297	1298	IS_AST_PARENT	
1290	1297	IS_AST_PARENT	
1204	1290	IS_AST_PARENT	
1310	1311	IS_AST_PARENT	
1309	1310	IS_AST_PARENT	
1314	1315	IS_AST_PARENT	
1313	1314	IS_AST_PARENT	
1319	1320	IS_AST_PARENT	
1321	1322	IS_AST_PARENT	
1321	1323	IS_AST_PARENT	
1319	1321	IS_AST_PARENT	
1318	1319	IS_AST_PARENT	
1317	1318	IS_AST_PARENT	
1327	1328	IS_AST_PARENT	
1326	1327	IS_AST_PARENT	
1331	1332	IS_AST_PARENT	
1331	1333	IS_AST_PARENT	
1330	1331	IS_AST_PARENT	
1329	1330	IS_AST_PARENT	
1334	1335	IS_AST_PARENT	
1329	1334	IS_AST_PARENT	
1326	1329	IS_AST_PARENT	
1325	1326	IS_AST_PARENT	
1324	1325	IS_AST_PARENT	
1338	1339	IS_AST_PARENT	
1338	1340	IS_AST_PARENT	
1337	1338	IS_AST_PARENT	
1341	1342	IS_AST_PARENT	
1341	1343	IS_AST_PARENT	
1337	1341	IS_AST_PARENT	
1336	1337	IS_AST_PARENT	
1324	1336	IS_AST_PARENT	
1346	1347	IS_AST_PARENT	
1346	1348	IS_AST_PARENT	
1345	1346	IS_AST_PARENT	
1349	1350	IS_AST_PARENT	
1349	1351	IS_AST_PARENT	
1345	1349	IS_AST_PARENT	
1344	1345	IS_AST_PARENT	
1324	1344	IS_AST_PARENT	
1317	1324	IS_AST_PARENT	
1316	1317	IS_AST_PARENT	
1355	1356	IS_AST_PARENT	
1355	1357	IS_AST_PARENT	
1354	1355	IS_AST_PARENT	
1354	1358	IS_AST_PARENT	
1353	1354	IS_AST_PARENT	
1352	1353	IS_AST_PARENT	
1359	1360	IS_AST_PARENT	
1359	1361	IS_AST_PARENT	
1359	1362	IS_AST_PARENT	
1359	1363	IS_AST_PARENT	
1366	1367	IS_AST_PARENT	
1365	1366	IS_AST_PARENT	
1370	1371	IS_AST_PARENT	
1370	1372	IS_AST_PARENT	
1369	1370	IS_AST_PARENT	
1368	1369	IS_AST_PARENT	
1365	1368	IS_AST_PARENT	
1364	1365	IS_AST_PARENT	
1359	1364	IS_AST_PARENT	
1359	1373	IS_AST_PARENT	
1359	1374	IS_AST_PARENT	
1376	1377	IS_AST_PARENT	
1378	1379	IS_AST_PARENT	
1378	1380	IS_AST_PARENT	
1376	1378	IS_AST_PARENT	
1375	1376	IS_AST_PARENT	
1359	1375	IS_AST_PARENT	
1359	1381	IS_AST_PARENT	
1359	1382	IS_AST_PARENT	
1384	1385	IS_AST_PARENT	
1386	1387	IS_AST_PARENT	
1386	1388	IS_AST_PARENT	
1384	1386	IS_AST_PARENT	
1383	1384	IS_AST_PARENT	
1359	1383	IS_AST_PARENT	
1359	1389	IS_AST_PARENT	
1359	1390	IS_AST_PARENT	
1392	1393	IS_AST_PARENT	
1394	1395	IS_AST_PARENT	
1394	1396	IS_AST_PARENT	
1392	1394	IS_AST_PARENT	
1391	1392	IS_AST_PARENT	
1359	1391	IS_AST_PARENT	
1359	1397	IS_AST_PARENT	
1359	1398	IS_AST_PARENT	
1359	1399	IS_AST_PARENT	
1359	1400	IS_AST_PARENT	
1359	1401	IS_AST_PARENT	
1359	1402	IS_AST_PARENT	
1359	1403	IS_AST_PARENT	
1359	1404	IS_AST_PARENT	
1359	1405	IS_AST_PARENT	
1359	1406	IS_AST_PARENT	
1359	1407	IS_AST_PARENT	
1359	1408	IS_AST_PARENT	
1359	1409	IS_AST_PARENT	
1359	1410	IS_AST_PARENT	
1359	1411	IS_AST_PARENT	
1359	1412	IS_AST_PARENT	
1359	1413	IS_AST_PARENT	
1359	1414	IS_AST_PARENT	
1359	1415	IS_AST_PARENT	
1359	1416	IS_AST_PARENT	
1359	1417	IS_AST_PARENT	
1359	1418	IS_AST_PARENT	
1359	1419	IS_AST_PARENT	
1359	1420	IS_AST_PARENT	
1359	1421	IS_AST_PARENT	
1359	1422	IS_AST_PARENT	
1359	1423	IS_AST_PARENT	
1359	1424	IS_AST_PARENT	
1359	1425	IS_AST_PARENT	
1359	1426	IS_AST_PARENT	
1359	1427	IS_AST_PARENT	
1359	1428	IS_AST_PARENT	
1359	1429	IS_AST_PARENT	
1359	1430	IS_AST_PARENT	
1359	1431	IS_AST_PARENT	
1359	1432	IS_AST_PARENT	
1359	1433	IS_AST_PARENT	
1359	1434	IS_AST_PARENT	
1359	1435	IS_AST_PARENT	
1359	1436	IS_AST_PARENT	
1359	1437	IS_AST_PARENT	
1359	1438	IS_AST_PARENT	
1359	1439	IS_AST_PARENT	
1359	1440	IS_AST_PARENT	
1359	1441	IS_AST_PARENT	
1359	1442	IS_AST_PARENT	
1359	1443	IS_AST_PARENT	
1359	1444	IS_AST_PARENT	
1447	1448	IS_AST_PARENT	
1447	1449	IS_AST_PARENT	
1446	1447	IS_AST_PARENT	
1445	1446	IS_AST_PARENT	
1450	1451	IS_AST_PARENT	
1450	1452	IS_AST_PARENT	
1450	1453	IS_AST_PARENT	
1450	1454	IS_AST_PARENT	
1450	1455	IS_AST_PARENT	
1450	1456	IS_AST_PARENT	
1450	1457	IS_AST_PARENT	
1450	1458	IS_AST_PARENT	
1450	1459	IS_AST_PARENT	
1450	1460	IS_AST_PARENT	
1450	1461	IS_AST_PARENT	
1450	1462	IS_AST_PARENT	
1450	1463	IS_AST_PARENT	
1450	1464	IS_AST_PARENT	
1450	1465	IS_AST_PARENT	
1450	1466	IS_AST_PARENT	
1450	1467	IS_AST_PARENT	
1450	1468	IS_AST_PARENT	
1450	1469	IS_AST_PARENT	
1450	1470	IS_AST_PARENT	
1450	1471	IS_AST_PARENT	
1450	1472	IS_AST_PARENT	
1450	1473	IS_AST_PARENT	
1450	1474	IS_AST_PARENT	
1450	1475	IS_AST_PARENT	
1450	1476	IS_AST_PARENT	
1450	1477	IS_AST_PARENT	
1450	1478	IS_AST_PARENT	
1450	1479	IS_AST_PARENT	
1450	1480	IS_AST_PARENT	
1450	1481	IS_AST_PARENT	
1445	1450	IS_AST_PARENT	
1359	1445	IS_AST_PARENT	
1484	1485	IS_AST_PARENT	
1484	1486	IS_AST_PARENT	
1483	1484	IS_AST_PARENT	
1482	1483	IS_AST_PARENT	
1487	1488	IS_AST_PARENT	
1487	1489	IS_AST_PARENT	
1487	1490	IS_AST_PARENT	
1487	1491	IS_AST_PARENT	
1487	1492	IS_AST_PARENT	
1487	1493	IS_AST_PARENT	
1487	1494	IS_AST_PARENT	
1487	1495	IS_AST_PARENT	
1487	1496	IS_AST_PARENT	
1487	1497	IS_AST_PARENT	
1487	1498	IS_AST_PARENT	
1487	1499	IS_AST_PARENT	
1487	1500	IS_AST_PARENT	
1487	1501	IS_AST_PARENT	
1487	1502	IS_AST_PARENT	
1487	1503	IS_AST_PARENT	
1487	1504	IS_AST_PARENT	
1487	1505	IS_AST_PARENT	
1487	1506	IS_AST_PARENT	
1487	1507	IS_AST_PARENT	
1487	1508	IS_AST_PARENT	
1482	1487	IS_AST_PARENT	
1513	1514	IS_AST_PARENT	
1512	1513	IS_AST_PARENT	
1516	1517	IS_AST_PARENT	
1515	1516	IS_AST_PARENT	
1512	1515	IS_AST_PARENT	
1511	1512	IS_AST_PARENT	
1510	1511	IS_AST_PARENT	
1510	1518	IS_AST_PARENT	
1510	1519	IS_AST_PARENT	
1510	1520	IS_AST_PARENT	
1510	1521	IS_AST_PARENT	
1510	1522	IS_AST_PARENT	
1510	1523	IS_AST_PARENT	
1510	1524	IS_AST_PARENT	
1510	1525	IS_AST_PARENT	
1510	1526	IS_AST_PARENT	
1510	1527	IS_AST_PARENT	
1510	1528	IS_AST_PARENT	
1510	1529	IS_AST_PARENT	
1510	1530	IS_AST_PARENT	
1510	1531	IS_AST_PARENT	
1510	1532	IS_AST_PARENT	
1510	1533	IS_AST_PARENT	
1510	1534	IS_AST_PARENT	
1510	1535	IS_AST_PARENT	
1510	1536	IS_AST_PARENT	
1510	1537	IS_AST_PARENT	
1510	1538	IS_AST_PARENT	
1541	1542	IS_AST_PARENT	
1540	1541	IS_AST_PARENT	
1544	1545	IS_AST_PARENT	
1543	1544	IS_AST_PARENT	
1546	1547	IS_AST_PARENT	
1543	1546	IS_AST_PARENT	
1540	1543	IS_AST_PARENT	
1539	1540	IS_AST_PARENT	
1510	1539	IS_AST_PARENT	
1509	1510	IS_AST_PARENT	
1482	1509	IS_AST_PARENT	
1359	1482	IS_AST_PARENT	
1550	1551	IS_AST_PARENT	
1549	1550	IS_AST_PARENT	
1553	1554	IS_AST_PARENT	
1552	1553	IS_AST_PARENT	
1555	1556	IS_AST_PARENT	
1552	1555	IS_AST_PARENT	
1557	1558	IS_AST_PARENT	
1552	1557	IS_AST_PARENT	
1549	1552	IS_AST_PARENT	
1548	1549	IS_AST_PARENT	
1359	1548	IS_AST_PARENT	
1359	1559	IS_AST_PARENT	
1359	1560	IS_AST_PARENT	
1359	1561	IS_AST_PARENT	
1359	1562	IS_AST_PARENT	
1359	1563	IS_AST_PARENT	
1359	1564	IS_AST_PARENT	
1359	1565	IS_AST_PARENT	
1359	1566	IS_AST_PARENT	
1359	1567	IS_AST_PARENT	
1359	1568	IS_AST_PARENT	
1359	1569	IS_AST_PARENT	
1359	1570	IS_AST_PARENT	
1359	1571	IS_AST_PARENT	
1575	1576	IS_AST_PARENT	
1575	1577	IS_AST_PARENT	
1574	1575	IS_AST_PARENT	
1574	1578	IS_AST_PARENT	
1573	1574	IS_AST_PARENT	
1573	1579	IS_AST_PARENT	
1572	1573	IS_AST_PARENT	
1359	1572	IS_AST_PARENT	
1352	1359	IS_AST_PARENT	
1316	1352	IS_AST_PARENT	
1582	1583	IS_AST_PARENT	
1581	1582	IS_AST_PARENT	
1585	1586	IS_AST_PARENT	
1584	1585	IS_AST_PARENT	
1581	1584	IS_AST_PARENT	
1580	1581	IS_AST_PARENT	
1316	1580	IS_AST_PARENT	
1589	1590	IS_AST_PARENT	
1589	1591	IS_AST_PARENT	
1588	1589	IS_AST_PARENT	
1588	1592	IS_AST_PARENT	
1587	1588	IS_AST_PARENT	
1316	1587	IS_AST_PARENT	
1595	1596	IS_AST_PARENT	
1595	1597	IS_AST_PARENT	
1594	1595	IS_AST_PARENT	
1598	1599	IS_AST_PARENT	
1598	1600	IS_AST_PARENT	
1594	1598	IS_AST_PARENT	
1593	1594	IS_AST_PARENT	
1316	1593	IS_AST_PARENT	
1313	1316	IS_AST_PARENT	
1605	1606	IS_AST_PARENT	
1604	1605	IS_AST_PARENT	
1608	1609	IS_AST_PARENT	
1607	1608	IS_AST_PARENT	
1604	1607	IS_AST_PARENT	
1603	1604	IS_AST_PARENT	
1602	1603	IS_AST_PARENT	
1601	1602	IS_AST_PARENT	
1313	1601	IS_AST_PARENT	
1312	1313	IS_AST_PARENT	
1309	1312	IS_AST_PARENT	
1204	1309	IS_AST_PARENT	
1610	1611	IS_AST_PARENT	
1204	1610	IS_AST_PARENT	
1203	1204	IS_AST_PARENT	
1203	1612	IS_AST_PARENT	
1203	1613	IS_AST_PARENT	
1615	1616	IS_AST_PARENT	
1615	1617	IS_AST_PARENT	
1614	1615	IS_AST_PARENT	
1618	1619	IS_AST_PARENT	
1618	1620	IS_AST_PARENT	
1614	1618	IS_AST_PARENT	
1621	1622	IS_AST_PARENT	
1621	1623	IS_AST_PARENT	
1614	1621	IS_AST_PARENT	
1624	1625	IS_AST_PARENT	
1624	1626	IS_AST_PARENT	
1614	1624	IS_AST_PARENT	
1203	1614	IS_AST_PARENT	
1627	1615	FLOWS_TO	
1615	1618	FLOWS_TO	
1618	1621	FLOWS_TO	
1621	1624	FLOWS_TO	
1624	1205	FLOWS_TO	
1205	1209	FLOWS_TO	
1209	1216	FLOWS_TO	
1241	1216	FLOWS_TO	
1241	1243	FLOWS_TO	
1216	1225	FLOWS_TO	
1216	1240	FLOWS_TO	
1225	1236	FLOWS_TO	
1236	1628	FLOWS_TO	
1240	1241	FLOWS_TO	
1243	1254	FLOWS_TO	
1254	1263	FLOWS_TO	
1254	1268	FLOWS_TO	
1263	1628	FLOWS_TO	
1268	1275	FLOWS_TO	
1268	1282	FLOWS_TO	
1275	1282	FLOWS_TO	
1282	1291	FLOWS_TO	
1291	1298	FLOWS_TO	
1291	1310	FLOWS_TO	
1298	1310	FLOWS_TO	
1310	1314	FLOWS_TO	
1310	1610	FLOWS_TO	
1314	1318	FLOWS_TO	
1314	1603	FLOWS_TO	
1318	1325	FLOWS_TO	
1318	1353	FLOWS_TO	
1325	1336	FLOWS_TO	
1336	1344	FLOWS_TO	
1344	1353	FLOWS_TO	
1353	1360	FLOWS_TO	
1353	1580	FLOWS_TO	
1360	1361	FLOWS_TO	
1361	1362	FLOWS_TO	
1362	1363	FLOWS_TO	
1363	1364	FLOWS_TO	
1364	1373	FLOWS_TO	
1373	1374	FLOWS_TO	
1374	1375	FLOWS_TO	
1375	1381	FLOWS_TO	
1381	1382	FLOWS_TO	
1382	1383	FLOWS_TO	
1383	1389	FLOWS_TO	
1389	1390	FLOWS_TO	
1390	1391	FLOWS_TO	
1391	1397	FLOWS_TO	
1397	1398	FLOWS_TO	
1398	1399	FLOWS_TO	
1399	1400	FLOWS_TO	
1400	1401	FLOWS_TO	
1401	1402	FLOWS_TO	
1402	1403	FLOWS_TO	
1403	1404	FLOWS_TO	
1404	1405	FLOWS_TO	
1405	1406	FLOWS_TO	
1406	1407	FLOWS_TO	
1407	1408	FLOWS_TO	
1408	1409	FLOWS_TO	
1409	1410	FLOWS_TO	
1410	1411	FLOWS_TO	
1411	1412	FLOWS_TO	
1412	1413	FLOWS_TO	
1413	1414	FLOWS_TO	
1414	1415	FLOWS_TO	
1415	1416	FLOWS_TO	
1416	1417	FLOWS_TO	
1417	1418	FLOWS_TO	
1418	1419	FLOWS_TO	
1419	1420	FLOWS_TO	
1420	1421	FLOWS_TO	
1421	1422	FLOWS_TO	
1422	1423	FLOWS_TO	
1423	1424	FLOWS_TO	
1424	1425	FLOWS_TO	
1425	1426	FLOWS_TO	
1426	1427	FLOWS_TO	
1427	1428	FLOWS_TO	
1428	1429	FLOWS_TO	
1429	1430	FLOWS_TO	
1430	1431	FLOWS_TO	
1431	1432	FLOWS_TO	
1432	1433	FLOWS_TO	
1433	1434	FLOWS_TO	
1434	1435	FLOWS_TO	
1435	1436	FLOWS_TO	
1436	1437	FLOWS_TO	
1437	1438	FLOWS_TO	
1438	1439	FLOWS_TO	
1439	1440	FLOWS_TO	
1440	1441	FLOWS_TO	
1441	1442	FLOWS_TO	
1442	1443	FLOWS_TO	
1443	1444	FLOWS_TO	
1444	1446	FLOWS_TO	
1446	1451	FLOWS_TO	
1446	1483	FLOWS_TO	
1451	1452	FLOWS_TO	
1452	1453	FLOWS_TO	
1453	1454	FLOWS_TO	
1454	1455	FLOWS_TO	
1455	1456	FLOWS_TO	
1456	1457	FLOWS_TO	
1457	1458	FLOWS_TO	
1458	1459	FLOWS_TO	
1459	1460	FLOWS_TO	
1460	1461	FLOWS_TO	
1461	1462	FLOWS_TO	
1462	1463	FLOWS_TO	
1463	1464	FLOWS_TO	
1464	1465	FLOWS_TO	
1465	1466	FLOWS_TO	
1466	1467	FLOWS_TO	
1467	1468	FLOWS_TO	
1468	1469	FLOWS_TO	
1469	1470	FLOWS_TO	
1470	1471	FLOWS_TO	
1471	1472	FLOWS_TO	
1472	1473	FLOWS_TO	
1473	1474	FLOWS_TO	
1474	1475	FLOWS_TO	
1475	1476	FLOWS_TO	
1476	1477	FLOWS_TO	
1477	1478	FLOWS_TO	
1478	1479	FLOWS_TO	
1479	1480	FLOWS_TO	
1480	1481	FLOWS_TO	
1481	1483	FLOWS_TO	
1483	1488	FLOWS_TO	
1483	1511	FLOWS_TO	
1488	1489	FLOWS_TO	
1489	1490	FLOWS_TO	
1490	1491	FLOWS_TO	
1491	1492	FLOWS_TO	
1492	1493	FLOWS_TO	
1493	1494	FLOWS_TO	
1494	1495	FLOWS_TO	
1495	1496	FLOWS_TO	
1496	1497	FLOWS_TO	
1497	1498	FLOWS_TO	
1498	1499	FLOWS_TO	
1499	1500	FLOWS_TO	
1500	1501	FLOWS_TO	
1501	1502	FLOWS_TO	
1502	1503	FLOWS_TO	
1503	1504	FLOWS_TO	
1504	1505	FLOWS_TO	
1505	1506	FLOWS_TO	
1506	1507	FLOWS_TO	
1507	1508	FLOWS_TO	
1508	1548	FLOWS_TO	
1511	1518	FLOWS_TO	
1518	1519	FLOWS_TO	
1519	1520	FLOWS_TO	
1520	1521	FLOWS_TO	
1521	1522	FLOWS_TO	
1522	1523	FLOWS_TO	
1523	1524	FLOWS_TO	
1524	1525	FLOWS_TO	
1525	1526	FLOWS_TO	
1526	1527	FLOWS_TO	
1527	1528	FLOWS_TO	
1528	1529	FLOWS_TO	
1529	1530	FLOWS_TO	
1530	1531	FLOWS_TO	
1531	1532	FLOWS_TO	
1532	1533	FLOWS_TO	
1533	1534	FLOWS_TO	
1534	1535	FLOWS_TO	
1535	1536	FLOWS_TO	
1536	1537	FLOWS_TO	
1537	1538	FLOWS_TO	
1538	1539	FLOWS_TO	
1539	1548	FLOWS_TO	
1548	1559	FLOWS_TO	
1559	1560	FLOWS_TO	
1560	1561	FLOWS_TO	
1561	1562	FLOWS_TO	
1562	1563	FLOWS_TO	
1563	1564	FLOWS_TO	
1564	1565	FLOWS_TO	
1565	1566	FLOWS_TO	
1566	1567	FLOWS_TO	
1567	1568	FLOWS_TO	
1568	1569	FLOWS_TO	
1569	1570	FLOWS_TO	
1570	1571	FLOWS_TO	
1571	1572	FLOWS_TO	
1572	1580	FLOWS_TO	
1580	1587	FLOWS_TO	
1587	1593	FLOWS_TO	
1593	1610	FLOWS_TO	
1603	1610	FLOWS_TO	
1610	1628	FLOWS_TO	
1353	1629	USE	
1364	1629	USE	
1369	1629	USE	
1375	1629	USE	
1376	1629	USE	
1383	1629	USE	
1384	1629	USE	
1391	1629	USE	
1392	1629	USE	
1446	1629	USE	
1483	1629	USE	
1587	1629	DEF	
1588	1629	DEF	
1587	1629	USE	
1588	1629	USE	
1593	1629	DEF	
1594	1629	DEF	
1383	1630	DEF	
1384	1630	DEF	
1446	1631	USE	
1282	1632	USE	
1283	1632	USE	
1572	1632	DEF	
1573	1632	DEF	
1383	1633	USE	
1384	1633	USE	
1318	1634	USE	
1344	1634	DEF	
1345	1634	DEF	
1618	1635	DEF	
1254	1635	USE	
1282	1635	USE	
1285	1635	USE	
1318	1635	USE	
1548	1635	USE	
1557	1635	USE	
1572	1635	USE	
1574	1635	USE	
1353	1636	USE	
1624	1637	DEF	
1291	1637	USE	
1314	1637	USE	
1325	1638	USE	
1330	1638	USE	
1336	1638	DEF	
1337	1638	DEF	
1391	1639	DEF	
1392	1639	DEF	
1621	1640	DEF	
1291	1640	USE	
1310	1640	USE	
1375	1641	DEF	
1376	1641	DEF	
1205	1642	DEF	
1206	1642	DEF	
1282	1642	DEF	
1283	1642	DEF	
1353	1642	USE	
1355	1642	USE	
1364	1642	USE	
1370	1642	USE	
1375	1642	USE	
1378	1642	USE	
1383	1642	USE	
1386	1642	USE	
1391	1642	USE	
1394	1642	USE	
1446	1642	USE	
1447	1642	USE	
1483	1642	USE	
1484	1642	USE	
1511	1642	USE	
1516	1642	USE	
1539	1642	USE	
1544	1642	USE	
1548	1642	USE	
1553	1642	USE	
1572	1642	USE	
1573	1642	USE	
1580	1642	USE	
1585	1642	USE	
1587	1642	USE	
1589	1642	USE	
1593	1642	USE	
1595	1642	USE	
1603	1642	USE	
1608	1642	USE	
1610	1642	USE	
1298	1643	USE	
1305	1643	USE	
1375	1644	USE	
1376	1644	USE	
1209	1645	DEF	
1210	1645	DEF	
1243	1645	DEF	
1244	1645	DEF	
1254	1645	USE	
1225	1646	USE	
1232	1646	USE	
1391	1647	USE	
1392	1647	USE	
1587	1648	USE	
1588	1648	USE	
1587	1648	DEF	
1588	1648	DEF	
1483	1649	USE	
1364	1650	USE	
1369	1650	USE	
1268	1651	USE	
1282	1651	USE	
1285	1651	USE	
1572	1651	USE	
1574	1651	USE	
1282	1652	USE	
1283	1652	USE	
1572	1652	DEF	
1573	1652	DEF	
1243	1653	USE	
1244	1653	USE	
1282	1654	USE	
1283	1654	USE	
1572	1654	DEF	
1573	1654	DEF	
1593	1655	DEF	
1594	1655	DEF	
1615	1656	DEF	
1216	1656	USE	
1243	1656	USE	
1247	1656	USE	
1250	1656	USE	
1268	1656	USE	
1271	1656	USE	
1275	1656	USE	
1280	1656	USE	
1282	1656	USE	
1286	1656	USE	
1318	1656	USE	
1321	1656	USE	
1325	1656	USE	
1331	1656	USE	
1336	1656	USE	
1338	1656	USE	
1344	1656	USE	
1346	1656	USE	
1548	1656	USE	
1555	1656	USE	
1572	1656	USE	
1575	1656	USE	
1243	1657	USE	
1244	1657	USE	
1268	1657	USE	
1282	1657	USE	
1285	1657	USE	
1318	1657	USE	
1325	1657	USE	
1330	1657	USE	
1336	1657	DEF	
1337	1657	DEF	
1344	1657	DEF	
1345	1657	DEF	
1572	1657	USE	
1574	1657	USE	
1243	1658	USE	
1244	1658	USE	
1618	1254	REACHES	tile_num
1618	1282	REACHES	tile_num
1618	1318	REACHES	tile_num
1618	1548	REACHES	tile_num
1618	1572	REACHES	tile_num
1624	1291	REACHES	wantwrite
1624	1314	REACHES	wantwrite
1621	1291	REACHES	wantread
1621	1310	REACHES	wantread
1282	1353	REACHES	tile
1282	1364	REACHES	tile
1282	1375	REACHES	tile
1282	1383	REACHES	tile
1282	1580	REACHES	tile
1282	1391	REACHES	tile
1282	1446	REACHES	tile
1282	1593	REACHES	tile
1282	1610	REACHES	tile
1282	1548	REACHES	tile
1282	1483	REACHES	tile
1282	1603	REACHES	tile
1282	1511	REACHES	tile
1282	1587	REACHES	tile
1282	1539	REACHES	tile
1282	1572	REACHES	tile
1243	1254	REACHES	ntiles
1572	1628	REACHES	* tile_num
1615	1275	REACHES	tm
1615	1216	REACHES	tm
1615	1243	REACHES	tm
1615	1268	REACHES	tm
1615	1282	REACHES	tm
1615	1318	REACHES	tm
1615	1572	REACHES	tm
1615	1325	REACHES	tm
1615	1336	REACHES	tm
1615	1344	REACHES	tm
1615	1548	REACHES	tm
1344	1628	REACHES	* tm
1344	1572	REACHES	* tm
1627	1615	CONTROLS	
1627	1618	CONTROLS	
1627	1621	CONTROLS	
1627	1624	CONTROLS	
1627	1205	CONTROLS	
1627	1209	CONTROLS	
1627	1216	CONTROLS	
1241	1216	CONTROLS	
1241	1243	CONTROLS	
1241	1254	CONTROLS	
1216	1225	CONTROLS	
1216	1236	CONTROLS	
1216	1240	CONTROLS	
1216	1241	CONTROLS	
1254	1263	CONTROLS	
1254	1268	CONTROLS	
1254	1282	CONTROLS	
1254	1291	CONTROLS	
1254	1310	CONTROLS	
1254	1610	CONTROLS	
1268	1275	CONTROLS	
1291	1298	CONTROLS	
1310	1314	CONTROLS	
1314	1318	CONTROLS	
1314	1353	CONTROLS	
1314	1580	CONTROLS	
1314	1587	CONTROLS	
1314	1593	CONTROLS	
1314	1603	CONTROLS	
1318	1325	CONTROLS	
1318	1336	CONTROLS	
1318	1344	CONTROLS	
1353	1360	CONTROLS	
1353	1361	CONTROLS	
1353	1362	CONTROLS	
1353	1363	CONTROLS	
1353	1364	CONTROLS	
1353	1373	CONTROLS	
1353	1374	CONTROLS	
1353	1375	CONTROLS	
1353	1381	CONTROLS	
1353	1382	CONTROLS	
1353	1383	CONTROLS	
1353	1389	CONTROLS	
1353	1390	CONTROLS	
1353	1391	CONTROLS	
1353	1397	CONTROLS	
1353	1398	CONTROLS	
1353	1399	CONTROLS	
1353	1400	CONTROLS	
1353	1401	CONTROLS	
1353	1402	CONTROLS	
1353	1403	CONTROLS	
1353	1404	CONTROLS	
1353	1405	CONTROLS	
1353	1406	CONTROLS	
1353	1407	CONTROLS	
1353	1408	CONTROLS	
1353	1409	CONTROLS	
1353	1410	CONTROLS	
1353	1411	CONTROLS	
1353	1412	CONTROLS	
1353	1413	CONTROLS	
1353	1414	CONTROLS	
1353	1415	CONTROLS	
1353	1416	CONTROLS	
1353	1417	CONTROLS	
1353	1418	CONTROLS	
1353	1419	CONTROLS	
1353	1420	CONTROLS	
1353	1421	CONTROLS	
1353	1422	CONTROLS	
1353	1423	CONTROLS	
1353	1424	CONTROLS	
1353	1425	CONTROLS	
1353	1426	CONTROLS	
1353	1427	CONTROLS	
1353	1428	CONTROLS	
1353	1429	CONTROLS	
1353	1430	CONTROLS	
1353	1431	CONTROLS	
1353	1432	CONTROLS	
1353	1433	CONTROLS	
1353	1434	CONTROLS	
1353	1435	CONTROLS	
1353	1436	CONTROLS	
1353	1437	CONTROLS	
1353	1438	CONTROLS	
1353	1439	CONTROLS	
1353	1440	CONTROLS	
1353	1441	CONTROLS	
1353	1442	CONTROLS	
1353	1443	CONTROLS	
1353	1444	CONTROLS	
1353	1446	CONTROLS	
1353	1483	CONTROLS	
1353	1548	CONTROLS	
1353	1559	CONTROLS	
1353	1560	CONTROLS	
1353	1561	CONTROLS	
1353	1562	CONTROLS	
1353	1563	CONTROLS	
1353	1564	CONTROLS	
1353	1565	CONTROLS	
1353	1566	CONTROLS	
1353	1567	CONTROLS	
1353	1568	CONTROLS	
1353	1569	CONTROLS	
1353	1570	CONTROLS	
1353	1571	CONTROLS	
1353	1572	CONTROLS	
1446	1451	CONTROLS	
1446	1452	CONTROLS	
1446	1453	CONTROLS	
1446	1454	CONTROLS	
1446	1455	CONTROLS	
1446	1456	CONTROLS	
1446	1457	CONTROLS	
1446	1458	CONTROLS	
1446	1459	CONTROLS	
1446	1460	CONTROLS	
1446	1461	CONTROLS	
1446	1462	CONTROLS	
1446	1463	CONTROLS	
1446	1464	CONTROLS	
1446	1465	CONTROLS	
1446	1466	CONTROLS	
1446	1467	CONTROLS	
1446	1468	CONTROLS	
1446	1469	CONTROLS	
1446	1470	CONTROLS	
1446	1471	CONTROLS	
1446	1472	CONTROLS	
1446	1473	CONTROLS	
1446	1474	CONTROLS	
1446	1475	CONTROLS	
1446	1476	CONTROLS	
1446	1477	CONTROLS	
1446	1478	CONTROLS	
1446	1479	CONTROLS	
1446	1480	CONTROLS	
1446	1481	CONTROLS	
1483	1488	CONTROLS	
1483	1489	CONTROLS	
1483	1490	CONTROLS	
1483	1491	CONTROLS	
1483	1492	CONTROLS	
1483	1493	CONTROLS	
1483	1494	CONTROLS	
1483	1495	CONTROLS	
1483	1496	CONTROLS	
1483	1497	CONTROLS	
1483	1498	CONTROLS	
1483	1499	CONTROLS	
1483	1500	CONTROLS	
1483	1501	CONTROLS	
1483	1502	CONTROLS	
1483	1503	CONTROLS	
1483	1504	CONTROLS	
1483	1505	CONTROLS	
1483	1506	CONTROLS	
1483	1507	CONTROLS	
1483	1508	CONTROLS	
1483	1511	CONTROLS	
1483	1518	CONTROLS	
1483	1519	CONTROLS	
1483	1520	CONTROLS	
1483	1521	CONTROLS	
1483	1522	CONTROLS	
1483	1523	CONTROLS	
1483	1524	CONTROLS	
1483	1525	CONTROLS	
1483	1526	CONTROLS	
1483	1527	CONTROLS	
1483	1528	CONTROLS	
1483	1529	CONTROLS	
1483	1530	CONTROLS	
1483	1531	CONTROLS	
1483	1532	CONTROLS	
1483	1533	CONTROLS	
1483	1534	CONTROLS	
1483	1535	CONTROLS	
1483	1536	CONTROLS	
1483	1537	CONTROLS	
1483	1538	CONTROLS	
1483	1539	CONTROLS	
1567	1568	DOM	
1216	1225	DOM	
1216	1240	DOM	
1537	1538	DOM	
1518	1519	DOM	
1562	1563	DOM	
1479	1480	DOM	
1361	1362	DOM	
1241	1243	DOM	
1521	1522	DOM	
1456	1457	DOM	
1477	1478	DOM	
1443	1444	DOM	
1413	1414	DOM	
1532	1533	DOM	
1492	1493	DOM	
1254	1263	DOM	
1446	1451	DOM	
1410	1411	DOM	
1501	1502	DOM	
1398	1399	DOM	
1502	1503	DOM	
1498	1499	DOM	
1318	1325	DOM	
1580	1587	DOM	
1381	1382	DOM	
1618	1621	DOM	
1493	1494	DOM	
1559	1560	DOM	
1564	1565	DOM	
1530	1531	DOM	
1291	1310	DOM	
1470	1471	DOM	
1402	1403	DOM	
1627	1615	DOM	
1466	1467	DOM	
1430	1431	DOM	
1446	1483	DOM	
1566	1567	DOM	
1427	1428	DOM	
1627	1627	DOM	
1528	1529	DOM	
1382	1383	DOM	
1391	1397	DOM	
1435	1436	DOM	
1437	1438	DOM	
1407	1408	DOM	
1474	1475	DOM	
1519	1520	DOM	
1310	1314	DOM	
1374	1375	DOM	
1522	1523	DOM	
1409	1410	DOM	
1504	1505	DOM	
1415	1416	DOM	
1460	1461	DOM	
1353	1580	DOM	
1428	1429	DOM	
1480	1481	DOM	
1414	1415	DOM	
1360	1361	DOM	
1569	1570	DOM	
1490	1491	DOM	
1401	1402	DOM	
1434	1435	DOM	
1615	1618	DOM	
1408	1409	DOM	
1472	1473	DOM	
1314	1318	DOM	
1426	1427	DOM	
1454	1455	DOM	
1457	1458	DOM	
1463	1464	DOM	
1483	1548	DOM	
1548	1559	DOM	
1444	1446	DOM	
1399	1400	DOM	
1422	1423	DOM	
1216	1628	DOM	
1291	1298	DOM	
1464	1465	DOM	
1497	1498	DOM	
1538	1539	DOM	
1411	1412	DOM	
1209	1216	DOM	
1499	1500	DOM	
1452	1453	DOM	
1383	1389	DOM	
1362	1363	DOM	
1373	1374	DOM	
1570	1571	DOM	
1525	1526	DOM	
1240	1241	DOM	
1364	1373	DOM	
1529	1530	DOM	
1436	1437	DOM	
1458	1459	DOM	
1459	1460	DOM	
1500	1501	DOM	
1439	1440	DOM	
1505	1506	DOM	
1465	1466	DOM	
1431	1432	DOM	
1494	1495	DOM	
1455	1456	DOM	
1488	1489	DOM	
1534	1535	DOM	
1565	1566	DOM	
1473	1474	DOM	
1418	1419	DOM	
1423	1424	DOM	
1440	1441	DOM	
1417	1418	DOM	
1531	1532	DOM	
1412	1413	DOM	
1441	1442	DOM	
1568	1569	DOM	
1462	1463	DOM	
1282	1291	DOM	
1527	1528	DOM	
1353	1360	DOM	
1424	1425	DOM	
1496	1497	DOM	
1469	1470	DOM	
1478	1479	DOM	
1389	1390	DOM	
1438	1439	DOM	
1225	1236	DOM	
1489	1490	DOM	
1536	1537	DOM	
1390	1391	DOM	
1433	1434	DOM	
1526	1527	DOM	
1205	1209	DOM	
1243	1254	DOM	
1503	1504	DOM	
1483	1511	DOM	
1375	1381	DOM	
1420	1421	DOM	
1511	1518	DOM	
1432	1433	DOM	
1336	1344	DOM	
1416	1417	DOM	
1421	1422	DOM	
1483	1488	DOM	
1523	1524	DOM	
1397	1398	DOM	
1560	1561	DOM	
1571	1572	DOM	
1471	1472	DOM	
1363	1364	DOM	
1453	1454	DOM	
1403	1404	DOM	
1468	1469	DOM	
1318	1353	DOM	
1563	1564	DOM	
1506	1507	DOM	
1268	1282	DOM	
1621	1624	DOM	
1419	1420	DOM	
1475	1476	DOM	
1476	1477	DOM	
1495	1496	DOM	
1561	1562	DOM	
1533	1534	DOM	
1314	1603	DOM	
1268	1275	DOM	
1429	1430	DOM	
1587	1593	DOM	
1507	1508	DOM	
1325	1336	DOM	
1491	1492	DOM	
1310	1610	DOM	
1535	1536	DOM	
1520	1521	DOM	
1442	1443	DOM	
1406	1407	DOM	
1254	1268	DOM	
1425	1426	DOM	
1467	1468	DOM	
1524	1525	DOM	
1400	1401	DOM	
1404	1405	DOM	
1451	1452	DOM	
1405	1406	DOM	
1461	1462	DOM	
1624	1205	DOM	
1569	1568	POST_DOM	
1236	1225	POST_DOM	
1241	1240	POST_DOM	
1539	1538	POST_DOM	
1520	1519	POST_DOM	
1564	1563	POST_DOM	
1481	1480	POST_DOM	
1363	1362	POST_DOM	
1254	1243	POST_DOM	
1523	1522	POST_DOM	
1479	1478	POST_DOM	
1458	1457	POST_DOM	
1446	1444	POST_DOM	
1415	1414	POST_DOM	
1534	1533	POST_DOM	
1494	1493	POST_DOM	
1628	1263	POST_DOM	
1452	1451	POST_DOM	
1503	1502	POST_DOM	
1412	1411	POST_DOM	
1400	1399	POST_DOM	
1504	1503	POST_DOM	
1500	1499	POST_DOM	
1593	1587	POST_DOM	
1336	1325	POST_DOM	
1383	1382	POST_DOM	
1624	1621	POST_DOM	
1495	1494	POST_DOM	
1561	1560	POST_DOM	
1566	1565	POST_DOM	
1532	1531	POST_DOM	
1610	1310	POST_DOM	
1472	1471	POST_DOM	
1404	1403	POST_DOM	
1618	1615	POST_DOM	
1468	1467	POST_DOM	
1432	1431	POST_DOM	
1548	1483	POST_DOM	
1568	1567	POST_DOM	
1429	1428	POST_DOM	
1615	1627	POST_DOM	
1530	1529	POST_DOM	
1439	1438	POST_DOM	
1437	1436	POST_DOM	
1398	1397	POST_DOM	
1389	1383	POST_DOM	
1409	1408	POST_DOM	
1476	1475	POST_DOM	
1521	1520	POST_DOM	
1610	1314	POST_DOM	
1381	1375	POST_DOM	
1524	1523	POST_DOM	
1411	1410	POST_DOM	
1506	1505	POST_DOM	
1417	1416	POST_DOM	
1462	1461	POST_DOM	
1587	1580	POST_DOM	
1430	1429	POST_DOM	
1483	1481	POST_DOM	
1416	1415	POST_DOM	
1571	1570	POST_DOM	
1362	1361	POST_DOM	
1492	1491	POST_DOM	
1436	1435	POST_DOM	
1403	1402	POST_DOM	
1621	1618	POST_DOM	
1410	1409	POST_DOM	
1474	1473	POST_DOM	
1353	1318	POST_DOM	
1428	1427	POST_DOM	
1459	1458	POST_DOM	
1456	1455	POST_DOM	
1560	1559	POST_DOM	
1559	1548	POST_DOM	
1465	1464	POST_DOM	
1483	1446	POST_DOM	
1401	1400	POST_DOM	
1424	1423	POST_DOM	
1628	1628	POST_DOM	
1310	1298	POST_DOM	
1466	1465	POST_DOM	
1499	1498	POST_DOM	
1548	1539	POST_DOM	
1413	1412	POST_DOM	
1628	1216	POST_DOM	
1501	1500	POST_DOM	
1454	1453	POST_DOM	
1390	1389	POST_DOM	
1572	1571	POST_DOM	
1375	1374	POST_DOM	
1364	1363	POST_DOM	
1527	1526	POST_DOM	
1628	1241	POST_DOM	
1374	1373	POST_DOM	
1531	1530	POST_DOM	
1438	1437	POST_DOM	
1460	1459	POST_DOM	
1461	1460	POST_DOM	
1502	1501	POST_DOM	
1507	1506	POST_DOM	
1441	1440	POST_DOM	
1467	1466	POST_DOM	
1496	1495	POST_DOM	
1433	1432	POST_DOM	
1457	1456	POST_DOM	
1490	1489	POST_DOM	
1536	1535	POST_DOM	
1567	1566	POST_DOM	
1475	1474	POST_DOM	
1425	1424	POST_DOM	
1420	1419	POST_DOM	
1442	1441	POST_DOM	
1419	1418	POST_DOM	
1533	1532	POST_DOM	
1414	1413	POST_DOM	
1570	1569	POST_DOM	
1443	1442	POST_DOM	
1464	1463	POST_DOM	
1310	1291	POST_DOM	
1529	1528	POST_DOM	
1361	1360	POST_DOM	
1498	1497	POST_DOM	
1426	1425	POST_DOM	
1480	1479	POST_DOM	
1471	1470	POST_DOM	
1440	1439	POST_DOM	
1391	1390	POST_DOM	
1628	1236	POST_DOM	
1491	1490	POST_DOM	
1538	1537	POST_DOM	
1435	1434	POST_DOM	
1397	1391	POST_DOM	
1528	1527	POST_DOM	
1216	1209	POST_DOM	
1628	1254	POST_DOM	
1505	1504	POST_DOM	
1518	1511	POST_DOM	
1422	1421	POST_DOM	
1382	1381	POST_DOM	
1519	1518	POST_DOM	
1434	1433	POST_DOM	
1353	1344	POST_DOM	
1418	1417	POST_DOM	
1489	1488	POST_DOM	
1423	1422	POST_DOM	
1525	1524	POST_DOM	
1399	1398	POST_DOM	
1580	1572	POST_DOM	
1562	1561	POST_DOM	
1473	1472	POST_DOM	
1373	1364	POST_DOM	
1455	1454	POST_DOM	
1405	1404	POST_DOM	
1470	1469	POST_DOM	
1580	1353	POST_DOM	
1565	1564	POST_DOM	
1508	1507	POST_DOM	
1291	1282	POST_DOM	
1205	1624	POST_DOM	
1421	1420	POST_DOM	
1478	1477	POST_DOM	
1477	1476	POST_DOM	
1563	1562	POST_DOM	
1497	1496	POST_DOM	
1535	1534	POST_DOM	
1610	1603	POST_DOM	
1282	1275	POST_DOM	
1431	1430	POST_DOM	
1610	1593	POST_DOM	
1548	1508	POST_DOM	
1628	1610	POST_DOM	
1344	1336	POST_DOM	
1493	1492	POST_DOM	
1537	1536	POST_DOM	
1522	1521	POST_DOM	
1444	1443	POST_DOM	
1408	1407	POST_DOM	
1282	1268	POST_DOM	
1427	1426	POST_DOM	
1469	1468	POST_DOM	
1526	1525	POST_DOM	
1406	1405	POST_DOM	
1402	1401	POST_DOM	
1453	1452	POST_DOM	
1407	1406	POST_DOM	
1463	1462	POST_DOM	
1209	1205	POST_DOM	
1202	1203	IS_FUNCTION_OF_AST	
1202	1627	IS_FUNCTION_OF_CFG	
1	1202	IS_FILE_OF	
1666	1667	IS_AST_PARENT	
1668	1669	IS_AST_PARENT	
1668	1670	IS_AST_PARENT	
1666	1668	IS_AST_PARENT	
1665	1666	IS_AST_PARENT	
1664	1665	IS_AST_PARENT	
1664	1671	IS_AST_PARENT	
1676	1677	IS_AST_PARENT	
1675	1676	IS_AST_PARENT	
1679	1680	IS_AST_PARENT	
1678	1679	IS_AST_PARENT	
1681	1682	IS_AST_PARENT	
1678	1681	IS_AST_PARENT	
1683	1684	IS_AST_PARENT	
1678	1683	IS_AST_PARENT	
1675	1678	IS_AST_PARENT	
1674	1675	IS_AST_PARENT	
1673	1674	IS_AST_PARENT	
1686	1687	IS_AST_PARENT	
1686	1688	IS_AST_PARENT	
1685	1686	IS_AST_PARENT	
1673	1685	IS_AST_PARENT	
1672	1673	IS_AST_PARENT	
1664	1672	IS_AST_PARENT	
1663	1664	IS_AST_PARENT	
1663	1689	IS_AST_PARENT	
1662	1663	IS_AST_PARENT	
1690	1691	IS_AST_PARENT	
1662	1690	IS_AST_PARENT	
1661	1662	IS_AST_PARENT	
1695	1696	IS_AST_PARENT	
1695	1697	IS_AST_PARENT	
1694	1695	IS_AST_PARENT	
1699	1700	IS_AST_PARENT	
1701	1702	IS_AST_PARENT	
1701	1703	IS_AST_PARENT	
1699	1701	IS_AST_PARENT	
1698	1699	IS_AST_PARENT	
1705	1706	IS_AST_PARENT	
1705	1707	IS_AST_PARENT	
1704	1705	IS_AST_PARENT	
1708	1709	IS_AST_PARENT	
1710	1711	IS_AST_PARENT	
1710	1712	IS_AST_PARENT	
1708	1710	IS_AST_PARENT	
1704	1708	IS_AST_PARENT	
1698	1704	IS_AST_PARENT	
1694	1698	IS_AST_PARENT	
1693	1694	IS_AST_PARENT	
1692	1693	IS_AST_PARENT	
1715	1716	IS_AST_PARENT	
1715	1717	IS_AST_PARENT	
1714	1715	IS_AST_PARENT	
1713	1714	IS_AST_PARENT	
1692	1713	IS_AST_PARENT	
1661	1692	IS_AST_PARENT	
1720	1721	IS_AST_PARENT	
1719	1720	IS_AST_PARENT	
1723	1724	IS_AST_PARENT	
1722	1723	IS_AST_PARENT	
1727	1728	IS_AST_PARENT	
1729	1730	IS_AST_PARENT	
1729	1731	IS_AST_PARENT	
1727	1729	IS_AST_PARENT	
1726	1727	IS_AST_PARENT	
1726	1732	IS_AST_PARENT	
1725	1726	IS_AST_PARENT	
1722	1725	IS_AST_PARENT	
1733	1734	IS_AST_PARENT	
1722	1733	IS_AST_PARENT	
1735	1736	IS_AST_PARENT	
1722	1735	IS_AST_PARENT	
1719	1722	IS_AST_PARENT	
1718	1719	IS_AST_PARENT	
1661	1718	IS_AST_PARENT	
1660	1661	IS_AST_PARENT	
1660	1737	IS_AST_PARENT	
1660	1738	IS_AST_PARENT	
1740	1741	IS_AST_PARENT	
1740	1742	IS_AST_PARENT	
1739	1740	IS_AST_PARENT	
1743	1744	IS_AST_PARENT	
1743	1745	IS_AST_PARENT	
1739	1743	IS_AST_PARENT	
1746	1747	IS_AST_PARENT	
1746	1748	IS_AST_PARENT	
1739	1746	IS_AST_PARENT	
1749	1750	IS_AST_PARENT	
1749	1751	IS_AST_PARENT	
1739	1749	IS_AST_PARENT	
1752	1753	IS_AST_PARENT	
1752	1754	IS_AST_PARENT	
1739	1752	IS_AST_PARENT	
1660	1739	IS_AST_PARENT	
1755	1740	FLOWS_TO	
1740	1743	FLOWS_TO	
1743	1746	FLOWS_TO	
1746	1749	FLOWS_TO	
1749	1752	FLOWS_TO	
1752	1665	FLOWS_TO	
1690	1665	FLOWS_TO	
1690	1693	FLOWS_TO	
1665	1674	FLOWS_TO	
1665	1689	FLOWS_TO	
1674	1685	FLOWS_TO	
1685	1756	FLOWS_TO	
1689	1690	FLOWS_TO	
1693	1714	FLOWS_TO	
1693	1718	FLOWS_TO	
1714	1756	FLOWS_TO	
1718	1756	FLOWS_TO	
1674	1757	USE	
1681	1757	USE	
1718	1758	USE	
1743	1759	DEF	
1693	1759	USE	
1718	1759	USE	
1725	1759	USE	
1749	1760	DEF	
1718	1760	USE	
1733	1760	USE	
1746	1761	DEF	
1693	1761	USE	
1718	1761	USE	
1725	1761	USE	
1740	1762	DEF	
1665	1762	USE	
1693	1762	USE	
1710	1762	USE	
1701	1762	USE	
1718	1762	USE	
1723	1762	USE	
1729	1762	USE	
1752	1763	DEF	
1718	1763	USE	
1735	1763	USE	
1693	1764	USE	
1718	1764	USE	
1725	1764	USE	
1693	1765	USE	
1718	1765	USE	
1725	1765	USE	
1693	1766	USE	
1743	1693	REACHES	tile_col
1743	1718	REACHES	tile_col
1749	1718	REACHES	wantread
1746	1693	REACHES	tile_row
1746	1718	REACHES	tile_row
1740	1665	REACHES	tm
1740	1693	REACHES	tm
1740	1718	REACHES	tm
1752	1718	REACHES	wantwrite
1755	1740	CONTROLS	
1755	1743	CONTROLS	
1755	1746	CONTROLS	
1755	1749	CONTROLS	
1755	1752	CONTROLS	
1755	1665	CONTROLS	
1690	1665	CONTROLS	
1690	1693	CONTROLS	
1665	1674	CONTROLS	
1665	1685	CONTROLS	
1665	1689	CONTROLS	
1665	1690	CONTROLS	
1693	1714	CONTROLS	
1693	1718	CONTROLS	
1693	1714	DOM	
1755	1755	DOM	
1693	1718	DOM	
1690	1693	DOM	
1752	1665	DOM	
1746	1749	DOM	
1665	1674	DOM	
1689	1690	DOM	
1740	1743	DOM	
1743	1746	DOM	
1749	1752	DOM	
1674	1685	DOM	
1665	1689	DOM	
1665	1756	DOM	
1755	1740	DOM	
1756	1714	POST_DOM	
1740	1755	POST_DOM	
1756	1718	POST_DOM	
1756	1693	POST_DOM	
1756	1665	POST_DOM	
1685	1674	POST_DOM	
1752	1749	POST_DOM	
1756	1690	POST_DOM	
1756	1685	POST_DOM	
1665	1752	POST_DOM	
1749	1746	POST_DOM	
1746	1743	POST_DOM	
1690	1689	POST_DOM	
1756	1756	POST_DOM	
1743	1740	POST_DOM	
1659	1660	IS_FUNCTION_OF_AST	
1659	1755	IS_FUNCTION_OF_CFG	
1	1659	IS_FILE_OF	
1774	1775	IS_AST_PARENT	
1776	1777	IS_AST_PARENT	
1776	1778	IS_AST_PARENT	
1774	1776	IS_AST_PARENT	
1773	1774	IS_AST_PARENT	
1772	1773	IS_AST_PARENT	
1772	1779	IS_AST_PARENT	
1784	1785	IS_AST_PARENT	
1783	1784	IS_AST_PARENT	
1787	1788	IS_AST_PARENT	
1786	1787	IS_AST_PARENT	
1789	1790	IS_AST_PARENT	
1786	1789	IS_AST_PARENT	
1791	1792	IS_AST_PARENT	
1786	1791	IS_AST_PARENT	
1783	1786	IS_AST_PARENT	
1782	1783	IS_AST_PARENT	
1781	1782	IS_AST_PARENT	
1781	1793	IS_AST_PARENT	
1780	1781	IS_AST_PARENT	
1772	1780	IS_AST_PARENT	
1771	1772	IS_AST_PARENT	
1771	1794	IS_AST_PARENT	
1770	1771	IS_AST_PARENT	
1795	1796	IS_AST_PARENT	
1770	1795	IS_AST_PARENT	
1769	1770	IS_AST_PARENT	
1801	1802	IS_AST_PARENT	
1803	1804	IS_AST_PARENT	
1803	1805	IS_AST_PARENT	
1801	1803	IS_AST_PARENT	
1800	1801	IS_AST_PARENT	
1799	1800	IS_AST_PARENT	
1799	1806	IS_AST_PARENT	
1811	1812	IS_AST_PARENT	
1810	1811	IS_AST_PARENT	
1814	1815	IS_AST_PARENT	
1813	1814	IS_AST_PARENT	
1816	1817	IS_AST_PARENT	
1813	1816	IS_AST_PARENT	
1818	1819	IS_AST_PARENT	
1813	1818	IS_AST_PARENT	
1810	1813	IS_AST_PARENT	
1809	1810	IS_AST_PARENT	
1808	1809	IS_AST_PARENT	
1808	1820	IS_AST_PARENT	
1807	1808	IS_AST_PARENT	
1799	1807	IS_AST_PARENT	
1798	1799	IS_AST_PARENT	
1798	1821	IS_AST_PARENT	
1797	1798	IS_AST_PARENT	
1822	1823	IS_AST_PARENT	
1797	1822	IS_AST_PARENT	
1769	1797	IS_AST_PARENT	
1826	1827	IS_AST_PARENT	
1826	1828	IS_AST_PARENT	
1825	1826	IS_AST_PARENT	
1829	1830	IS_AST_PARENT	
1829	1831	IS_AST_PARENT	
1825	1829	IS_AST_PARENT	
1824	1825	IS_AST_PARENT	
1769	1824	IS_AST_PARENT	
1834	1835	IS_AST_PARENT	
1834	1836	IS_AST_PARENT	
1833	1834	IS_AST_PARENT	
1832	1833	IS_AST_PARENT	
1841	1842	IS_AST_PARENT	
1843	1844	IS_AST_PARENT	
1843	1845	IS_AST_PARENT	
1841	1843	IS_AST_PARENT	
1840	1841	IS_AST_PARENT	
1839	1840	IS_AST_PARENT	
1847	1848	IS_AST_PARENT	
1846	1847	IS_AST_PARENT	
1849	1850	IS_AST_PARENT	
1846	1849	IS_AST_PARENT	
1852	1853	IS_AST_PARENT	
1852	1854	IS_AST_PARENT	
1851	1852	IS_AST_PARENT	
1846	1851	IS_AST_PARENT	
1839	1846	IS_AST_PARENT	
1838	1839	IS_AST_PARENT	
1837	1838	IS_AST_PARENT	
1832	1837	IS_AST_PARENT	
1859	1860	IS_AST_PARENT	
1858	1859	IS_AST_PARENT	
1863	1864	IS_AST_PARENT	
1863	1865	IS_AST_PARENT	
1862	1863	IS_AST_PARENT	
1861	1862	IS_AST_PARENT	
1866	1867	IS_AST_PARENT	
1861	1866	IS_AST_PARENT	
1870	1871	IS_AST_PARENT	
1869	1870	IS_AST_PARENT	
1873	1874	IS_AST_PARENT	
1872	1873	IS_AST_PARENT	
1869	1872	IS_AST_PARENT	
1868	1869	IS_AST_PARENT	
1861	1868	IS_AST_PARENT	
1858	1861	IS_AST_PARENT	
1857	1858	IS_AST_PARENT	
1856	1857	IS_AST_PARENT	
1855	1856	IS_AST_PARENT	
1832	1855	IS_AST_PARENT	
1769	1832	IS_AST_PARENT	
1768	1769	IS_AST_PARENT	
1768	1875	IS_AST_PARENT	
1768	1876	IS_AST_PARENT	
1878	1879	IS_AST_PARENT	
1878	1880	IS_AST_PARENT	
1877	1878	IS_AST_PARENT	
1881	1882	IS_AST_PARENT	
1881	1883	IS_AST_PARENT	
1877	1881	IS_AST_PARENT	
1768	1877	IS_AST_PARENT	
1884	1878	FLOWS_TO	
1878	1881	FLOWS_TO	
1881	1773	FLOWS_TO	
1795	1773	FLOWS_TO	
1795	1800	FLOWS_TO	
1773	1782	FLOWS_TO	
1773	1794	FLOWS_TO	
1782	1793	FLOWS_TO	
1793	1885	FLOWS_TO	
1794	1795	FLOWS_TO	
1822	1800	FLOWS_TO	
1822	1824	FLOWS_TO	
1800	1809	FLOWS_TO	
1800	1821	FLOWS_TO	
1809	1820	FLOWS_TO	
1820	1885	FLOWS_TO	
1821	1822	FLOWS_TO	
1824	1833	FLOWS_TO	
1833	1838	FLOWS_TO	
1833	1857	FLOWS_TO	
1838	1885	FLOWS_TO	
1857	1885	FLOWS_TO	
1824	1886	DEF	
1825	1886	DEF	
1857	1886	USE	
1862	1886	USE	
1782	1887	USE	
1789	1887	USE	
1809	1887	USE	
1816	1887	USE	
1833	1888	USE	
1838	1888	USE	
1841	1888	USE	
1824	1889	DEF	
1825	1889	DEF	
1857	1890	USE	
1862	1890	USE	
1881	1891	DEF	
1800	1891	USE	
1824	1891	USE	
1826	1891	USE	
1838	1891	USE	
1849	1891	USE	
1857	1891	USE	
1873	1891	USE	
1863	1891	USE	
1878	1892	DEF	
1773	1892	USE	
1833	1892	USE	
1834	1892	USE	
1838	1892	USE	
1843	1892	USE	
1847	1892	USE	
1852	1892	USE	
1838	1893	USE	
1851	1893	USE	
1857	1894	USE	
1868	1894	USE	
1833	1895	USE	
1838	1895	USE	
1841	1895	USE	
1851	1895	USE	
1824	1885	REACHES	* tile
1824	1857	REACHES	* tile
1881	1800	REACHES	tile
1881	1824	REACHES	tile
1881	1838	REACHES	tile
1881	1857	REACHES	tile
1878	1773	REACHES	tm
1878	1833	REACHES	tm
1878	1838	REACHES	tm
1884	1878	CONTROLS	
1884	1881	CONTROLS	
1884	1773	CONTROLS	
1795	1773	CONTROLS	
1795	1800	CONTROLS	
1773	1782	CONTROLS	
1773	1793	CONTROLS	
1773	1794	CONTROLS	
1773	1795	CONTROLS	
1822	1800	CONTROLS	
1822	1824	CONTROLS	
1822	1833	CONTROLS	
1800	1809	CONTROLS	
1800	1820	CONTROLS	
1800	1821	CONTROLS	
1800	1822	CONTROLS	
1833	1838	CONTROLS	
1833	1857	CONTROLS	
1794	1795	DOM	
1800	1821	DOM	
1809	1820	DOM	
1821	1822	DOM	
1773	1782	DOM	
1884	1878	DOM	
1773	1885	DOM	
1881	1773	DOM	
1833	1857	DOM	
1833	1838	DOM	
1878	1881	DOM	
1800	1809	DOM	
1884	1884	DOM	
1782	1793	DOM	
1795	1800	DOM	
1822	1824	DOM	
1773	1794	DOM	
1824	1833	DOM	
1885	1795	POST_DOM	
1822	1821	POST_DOM	
1885	1820	POST_DOM	
1885	1822	POST_DOM	
1793	1782	POST_DOM	
1885	1885	POST_DOM	
1881	1878	POST_DOM	
1885	1773	POST_DOM	
1885	1857	POST_DOM	
1885	1838	POST_DOM	
1773	1881	POST_DOM	
1820	1809	POST_DOM	
1885	1793	POST_DOM	
1878	1884	POST_DOM	
1885	1800	POST_DOM	
1833	1824	POST_DOM	
1795	1794	POST_DOM	
1885	1833	POST_DOM	
1767	1768	IS_FUNCTION_OF_AST	
1767	1884	IS_FUNCTION_OF_CFG	
1	1767	IS_FILE_OF	
1900	1901	IS_AST_PARENT	
1900	1902	IS_AST_PARENT	
1899	1900	IS_AST_PARENT	
1898	1899	IS_AST_PARENT	
1904	1905	IS_AST_PARENT	
1904	1906	IS_AST_PARENT	
1907	1908	IS_AST_PARENT	
1909	1910	IS_AST_PARENT	
1909	1911	IS_AST_PARENT	
1907	1909	IS_AST_PARENT	
1904	1907	IS_AST_PARENT	
1903	1904	IS_AST_PARENT	
1898	1903	IS_AST_PARENT	
1913	1914	IS_AST_PARENT	
1913	1915	IS_AST_PARENT	
1916	1917	IS_AST_PARENT	
1918	1919	IS_AST_PARENT	
1918	1920	IS_AST_PARENT	
1916	1918	IS_AST_PARENT	
1913	1916	IS_AST_PARENT	
1912	1913	IS_AST_PARENT	
1898	1912	IS_AST_PARENT	
1922	1923	IS_AST_PARENT	
1922	1924	IS_AST_PARENT	
1925	1926	IS_AST_PARENT	
1928	1929	IS_AST_PARENT	
1928	1930	IS_AST_PARENT	
1927	1928	IS_AST_PARENT	
1932	1933	IS_AST_PARENT	
1932	1934	IS_AST_PARENT	
1931	1932	IS_AST_PARENT	
1931	1935	IS_AST_PARENT	
1927	1931	IS_AST_PARENT	
1925	1927	IS_AST_PARENT	
1922	1925	IS_AST_PARENT	
1921	1922	IS_AST_PARENT	
1898	1921	IS_AST_PARENT	
1937	1938	IS_AST_PARENT	
1937	1939	IS_AST_PARENT	
1940	1941	IS_AST_PARENT	
1943	1944	IS_AST_PARENT	
1943	1945	IS_AST_PARENT	
1942	1943	IS_AST_PARENT	
1947	1948	IS_AST_PARENT	
1947	1949	IS_AST_PARENT	
1946	1947	IS_AST_PARENT	
1946	1950	IS_AST_PARENT	
1942	1946	IS_AST_PARENT	
1940	1942	IS_AST_PARENT	
1937	1940	IS_AST_PARENT	
1936	1937	IS_AST_PARENT	
1898	1936	IS_AST_PARENT	
1952	1953	IS_AST_PARENT	
1952	1954	IS_AST_PARENT	
1951	1952	IS_AST_PARENT	
1898	1951	IS_AST_PARENT	
1956	1957	IS_AST_PARENT	
1956	1958	IS_AST_PARENT	
1955	1956	IS_AST_PARENT	
1898	1955	IS_AST_PARENT	
1960	1961	IS_AST_PARENT	
1960	1962	IS_AST_PARENT	
1959	1960	IS_AST_PARENT	
1898	1959	IS_AST_PARENT	
1968	1969	IS_AST_PARENT	
1968	1970	IS_AST_PARENT	
1967	1968	IS_AST_PARENT	
1971	1972	IS_AST_PARENT	
1971	1973	IS_AST_PARENT	
1967	1971	IS_AST_PARENT	
1966	1967	IS_AST_PARENT	
1965	1966	IS_AST_PARENT	
1974	1975	IS_AST_PARENT	
1965	1974	IS_AST_PARENT	
1980	1981	IS_AST_PARENT	
1979	1980	IS_AST_PARENT	
1983	1984	IS_AST_PARENT	
1982	1983	IS_AST_PARENT	
1985	1986	IS_AST_PARENT	
1982	1985	IS_AST_PARENT	
1987	1988	IS_AST_PARENT	
1982	1987	IS_AST_PARENT	
1990	1991	IS_AST_PARENT	
1990	1992	IS_AST_PARENT	
1989	1990	IS_AST_PARENT	
1982	1989	IS_AST_PARENT	
1993	1994	IS_AST_PARENT	
1982	1993	IS_AST_PARENT	
1979	1982	IS_AST_PARENT	
1978	1979	IS_AST_PARENT	
1977	1978	IS_AST_PARENT	
1976	1977	IS_AST_PARENT	
1965	1976	IS_AST_PARENT	
1964	1965	IS_AST_PARENT	
1963	1964	IS_AST_PARENT	
1995	1996	IS_AST_PARENT	
1963	1995	IS_AST_PARENT	
1898	1963	IS_AST_PARENT	
1998	1999	IS_AST_PARENT	
2000	2001	IS_AST_PARENT	
2003	2004	IS_AST_PARENT	
2002	2003	IS_AST_PARENT	
2007	2008	IS_AST_PARENT	
2007	2009	IS_AST_PARENT	
2006	2007	IS_AST_PARENT	
2005	2006	IS_AST_PARENT	
2011	2012	IS_AST_PARENT	
2011	2013	IS_AST_PARENT	
2010	2011	IS_AST_PARENT	
2005	2010	IS_AST_PARENT	
2002	2005	IS_AST_PARENT	
2000	2002	IS_AST_PARENT	
1998	2000	IS_AST_PARENT	
1997	1998	IS_AST_PARENT	
1898	1997	IS_AST_PARENT	
2017	2018	IS_AST_PARENT	
2017	2019	IS_AST_PARENT	
2016	2017	IS_AST_PARENT	
2020	2021	IS_AST_PARENT	
2020	2022	IS_AST_PARENT	
2016	2020	IS_AST_PARENT	
2015	2016	IS_AST_PARENT	
2014	2015	IS_AST_PARENT	
2024	2025	IS_AST_PARENT	
2024	2026	IS_AST_PARENT	
2023	2024	IS_AST_PARENT	
2014	2023	IS_AST_PARENT	
2027	2028	IS_AST_PARENT	
2027	2029	IS_AST_PARENT	
2014	2027	IS_AST_PARENT	
2033	2034	IS_AST_PARENT	
2033	2035	IS_AST_PARENT	
2032	2033	IS_AST_PARENT	
2031	2032	IS_AST_PARENT	
2037	2038	IS_AST_PARENT	
2037	2039	IS_AST_PARENT	
2036	2037	IS_AST_PARENT	
2031	2036	IS_AST_PARENT	
2041	2042	IS_AST_PARENT	
2041	2043	IS_AST_PARENT	
2040	2041	IS_AST_PARENT	
2044	2045	IS_AST_PARENT	
2044	2046	IS_AST_PARENT	
2040	2044	IS_AST_PARENT	
2031	2040	IS_AST_PARENT	
2047	2048	IS_AST_PARENT	
2047	2049	IS_AST_PARENT	
2047	2050	IS_AST_PARENT	
2047	2051	IS_AST_PARENT	
2054	2055	IS_AST_PARENT	
2053	2054	IS_AST_PARENT	
2058	2059	IS_AST_PARENT	
2058	2060	IS_AST_PARENT	
2057	2058	IS_AST_PARENT	
2056	2057	IS_AST_PARENT	
2053	2056	IS_AST_PARENT	
2052	2053	IS_AST_PARENT	
2047	2052	IS_AST_PARENT	
2047	2061	IS_AST_PARENT	
2047	2062	IS_AST_PARENT	
2047	2063	IS_AST_PARENT	
2047	2064	IS_AST_PARENT	
2047	2065	IS_AST_PARENT	
2047	2066	IS_AST_PARENT	
2047	2067	IS_AST_PARENT	
2047	2068	IS_AST_PARENT	
2047	2069	IS_AST_PARENT	
2072	2073	IS_AST_PARENT	
2074	2075	IS_AST_PARENT	
2074	2076	IS_AST_PARENT	
2072	2074	IS_AST_PARENT	
2071	2072	IS_AST_PARENT	
2070	2071	IS_AST_PARENT	
2077	2078	IS_AST_PARENT	
2077	2079	IS_AST_PARENT	
2081	2082	IS_AST_PARENT	
2081	2083	IS_AST_PARENT	
2080	2081	IS_AST_PARENT	
2077	2080	IS_AST_PARENT	
2070	2077	IS_AST_PARENT	
2047	2070	IS_AST_PARENT	
2086	2087	IS_AST_PARENT	
2088	2089	IS_AST_PARENT	
2088	2090	IS_AST_PARENT	
2086	2088	IS_AST_PARENT	
2085	2086	IS_AST_PARENT	
2084	2085	IS_AST_PARENT	
2091	2092	IS_AST_PARENT	
2091	2093	IS_AST_PARENT	
2095	2096	IS_AST_PARENT	
2095	2097	IS_AST_PARENT	
2094	2095	IS_AST_PARENT	
2091	2094	IS_AST_PARENT	
2084	2091	IS_AST_PARENT	
2047	2084	IS_AST_PARENT	
2047	2098	IS_AST_PARENT	
2047	2099	IS_AST_PARENT	
2047	2100	IS_AST_PARENT	
2047	2101	IS_AST_PARENT	
2047	2102	IS_AST_PARENT	
2047	2103	IS_AST_PARENT	
2047	2104	IS_AST_PARENT	
2047	2105	IS_AST_PARENT	
2047	2106	IS_AST_PARENT	
2047	2107	IS_AST_PARENT	
2047	2108	IS_AST_PARENT	
2047	2109	IS_AST_PARENT	
2047	2110	IS_AST_PARENT	
2047	2111	IS_AST_PARENT	
2047	2112	IS_AST_PARENT	
2047	2113	IS_AST_PARENT	
2047	2114	IS_AST_PARENT	
2047	2115	IS_AST_PARENT	
2047	2116	IS_AST_PARENT	
2047	2117	IS_AST_PARENT	
2047	2118	IS_AST_PARENT	
2047	2119	IS_AST_PARENT	
2047	2120	IS_AST_PARENT	
2047	2121	IS_AST_PARENT	
2047	2122	IS_AST_PARENT	
2047	2123	IS_AST_PARENT	
2047	2124	IS_AST_PARENT	
2047	2125	IS_AST_PARENT	
2047	2126	IS_AST_PARENT	
2031	2047	IS_AST_PARENT	
2030	2031	IS_AST_PARENT	
2014	2030	IS_AST_PARENT	
1898	2014	IS_AST_PARENT	
2129	2130	IS_AST_PARENT	
2129	2131	IS_AST_PARENT	
2128	2129	IS_AST_PARENT	
2128	2132	IS_AST_PARENT	
2127	2128	IS_AST_PARENT	
1898	2127	IS_AST_PARENT	
1897	1898	IS_AST_PARENT	
1897	2133	IS_AST_PARENT	
1897	2134	IS_AST_PARENT	
2136	2137	IS_AST_PARENT	
2136	2138	IS_AST_PARENT	
2135	2136	IS_AST_PARENT	
1897	2135	IS_AST_PARENT	
2139	2136	FLOWS_TO	
2136	1899	FLOWS_TO	
1899	1903	FLOWS_TO	
1903	1912	FLOWS_TO	
1912	1921	FLOWS_TO	
1921	1936	FLOWS_TO	
1936	1951	FLOWS_TO	
1951	1955	FLOWS_TO	
1955	1959	FLOWS_TO	
1959	1966	FLOWS_TO	
1995	1966	FLOWS_TO	
1995	1997	FLOWS_TO	
1966	1975	FLOWS_TO	
1966	1978	FLOWS_TO	
1975	1995	FLOWS_TO	
1978	1995	FLOWS_TO	
1997	2015	FLOWS_TO	
2023	2032	FLOWS_TO	
2023	2127	FLOWS_TO	
2015	2023	FLOWS_TO	
2027	2023	FLOWS_TO	
2036	2048	FLOWS_TO	
2036	2027	FLOWS_TO	
2032	2036	FLOWS_TO	
2040	2036	FLOWS_TO	
2048	2049	FLOWS_TO	
2049	2050	FLOWS_TO	
2050	2051	FLOWS_TO	
2051	2052	FLOWS_TO	
2052	2061	FLOWS_TO	
2061	2062	FLOWS_TO	
2062	2063	FLOWS_TO	
2063	2064	FLOWS_TO	
2064	2065	FLOWS_TO	
2065	2066	FLOWS_TO	
2066	2067	FLOWS_TO	
2067	2068	FLOWS_TO	
2068	2069	FLOWS_TO	
2069	2071	FLOWS_TO	
2071	2078	FLOWS_TO	
2071	2085	FLOWS_TO	
2078	2079	FLOWS_TO	
2079	2080	FLOWS_TO	
2080	2085	FLOWS_TO	
2085	2092	FLOWS_TO	
2085	2098	FLOWS_TO	
2092	2093	FLOWS_TO	
2093	2094	FLOWS_TO	
2094	2098	FLOWS_TO	
2098	2099	FLOWS_TO	
2099	2100	FLOWS_TO	
2100	2101	FLOWS_TO	
2101	2102	FLOWS_TO	
2102	2103	FLOWS_TO	
2103	2104	FLOWS_TO	
2104	2105	FLOWS_TO	
2105	2106	FLOWS_TO	
2106	2107	FLOWS_TO	
2107	2108	FLOWS_TO	
2108	2109	FLOWS_TO	
2109	2110	FLOWS_TO	
2110	2111	FLOWS_TO	
2111	2112	FLOWS_TO	
2112	2113	FLOWS_TO	
2113	2114	FLOWS_TO	
2114	2115	FLOWS_TO	
2115	2116	FLOWS_TO	
2116	2117	FLOWS_TO	
2117	2118	FLOWS_TO	
2118	2119	FLOWS_TO	
2119	2120	FLOWS_TO	
2120	2121	FLOWS_TO	
2121	2122	FLOWS_TO	
2122	2123	FLOWS_TO	
2123	2124	FLOWS_TO	
2124	2125	FLOWS_TO	
2125	2126	FLOWS_TO	
2126	2040	FLOWS_TO	
2127	2140	FLOWS_TO	
2094	2141	DEF	
2095	2141	DEF	
1903	2142	DEF	
1907	2142	DEF	
1904	2142	DEF	
1936	2142	USE	
1940	2142	USE	
1997	2142	USE	
2006	2142	USE	
2023	2142	USE	
2085	2142	USE	
1966	2143	USE	
2127	2143	DEF	
2128	2143	DEF	
1951	2144	DEF	
1952	2144	DEF	
2023	2144	USE	
2015	2144	DEF	
2017	2144	DEF	
2027	2144	DEF	
2027	2144	USE	
2085	2144	USE	
1955	2145	DEF	
1956	2145	DEF	
2036	2145	USE	
2032	2145	DEF	
2033	2145	DEF	
2040	2145	DEF	
2041	2145	DEF	
2040	2145	USE	
2041	2145	USE	
2071	2145	USE	
1959	2146	DEF	
1960	2146	DEF	
2015	2146	DEF	
2020	2146	DEF	
2040	2146	USE	
2044	2146	USE	
2040	2146	DEF	
2044	2146	DEF	
1912	2147	USE	
1916	2147	USE	
1997	2148	USE	
1998	2148	USE	
1899	2149	DEF	
1900	2149	DEF	
1997	2149	DEF	
1998	2149	DEF	
2127	2149	USE	
2128	2149	USE	
1936	2150	USE	
1940	2150	USE	
1936	2151	DEF	
1937	2151	DEF	
1940	2151	DEF	
2094	2151	USE	
2095	2151	USE	
1978	2152	USE	
1989	2152	USE	
2080	2153	DEF	
2081	2153	DEF	
2052	2154	USE	
2057	2154	USE	
2136	2155	DEF	
1903	2155	USE	
1909	2155	USE	
1912	2155	USE	
1918	2155	USE	
1921	2155	USE	
1928	2155	USE	
1936	2155	USE	
1943	2155	USE	
1966	2155	USE	
1968	2155	USE	
2052	2155	USE	
2058	2155	USE	
2127	2155	USE	
2129	2155	USE	
1921	2156	USE	
1925	2156	USE	
1921	2157	DEF	
1925	2157	DEF	
1922	2157	DEF	
2080	2157	USE	
2081	2157	USE	
1903	2158	USE	
1907	2158	USE	
1912	2158	USE	
1916	2158	USE	
1921	2158	USE	
1925	2158	USE	
1936	2158	USE	
1940	2158	USE	
1966	2158	USE	
2052	2158	USE	
2057	2158	USE	
2127	2158	DEF	
2128	2158	DEF	
1903	2159	USE	
1907	2159	USE	
1912	2160	DEF	
1913	2160	DEF	
1916	2160	DEF	
1921	2160	USE	
1925	2160	USE	
1997	2160	USE	
2006	2160	USE	
2036	2160	USE	
2071	2160	USE	
1903	1936	REACHES	nrows
1903	1997	REACHES	nrows
1903	2023	REACHES	nrows
1903	2085	REACHES	nrows
1997	2127	REACHES	tiles
1912	1921	REACHES	ncols
1912	1997	REACHES	ncols
1912	2036	REACHES	ncols
1912	2071	REACHES	ncols
2027	2023	REACHES	i
2015	2023	REACHES	i
2027	2027	REACHES	i
2015	2027	REACHES	i
2027	2085	REACHES	i
2015	2085	REACHES	i
2032	2036	REACHES	j
2040	2036	REACHES	j
2032	2040	REACHES	j
2040	2040	REACHES	j
2032	2071	REACHES	j
2040	2071	REACHES	j
2015	2040	REACHES	k
2040	2040	REACHES	k
1936	2094	REACHES	bottom_tile
2136	1903	REACHES	tm
2136	1912	REACHES	tm
2136	1921	REACHES	tm
2136	1936	REACHES	tm
2136	1966	REACHES	tm
2136	2052	REACHES	tm
2136	2127	REACHES	tm
1921	2080	REACHES	right_tile
2127	2140	REACHES	* tm
2139	2136	CONTROLS	
2139	1899	CONTROLS	
2139	1903	CONTROLS	
2139	1912	CONTROLS	
2139	1921	CONTROLS	
2139	1936	CONTROLS	
2139	1951	CONTROLS	
2139	1955	CONTROLS	
2139	1959	CONTROLS	
2139	1966	CONTROLS	
2139	1995	CONTROLS	
2139	1997	CONTROLS	
2139	2015	CONTROLS	
2139	2023	CONTROLS	
2139	2127	CONTROLS	
1995	1966	CONTROLS	
1966	1975	CONTROLS	
1966	1978	CONTROLS	
2023	2032	CONTROLS	
2023	2036	CONTROLS	
2023	2027	CONTROLS	
2036	2048	CONTROLS	
2036	2049	CONTROLS	
2036	2050	CONTROLS	
2036	2051	CONTROLS	
2036	2052	CONTROLS	
2036	2061	CONTROLS	
2036	2062	CONTROLS	
2036	2063	CONTROLS	
2036	2064	CONTROLS	
2036	2065	CONTROLS	
2036	2066	CONTROLS	
2036	2067	CONTROLS	
2036	2068	CONTROLS	
2036	2069	CONTROLS	
2036	2071	CONTROLS	
2036	2085	CONTROLS	
2036	2098	CONTROLS	
2036	2099	CONTROLS	
2036	2100	CONTROLS	
2036	2101	CONTROLS	
2036	2102	CONTROLS	
2036	2103	CONTROLS	
2036	2104	CONTROLS	
2036	2105	CONTROLS	
2036	2106	CONTROLS	
2036	2107	CONTROLS	
2036	2108	CONTROLS	
2036	2109	CONTROLS	
2036	2110	CONTROLS	
2036	2111	CONTROLS	
2036	2112	CONTROLS	
2036	2113	CONTROLS	
2036	2114	CONTROLS	
2036	2115	CONTROLS	
2036	2116	CONTROLS	
2036	2117	CONTROLS	
2036	2118	CONTROLS	
2036	2119	CONTROLS	
2036	2120	CONTROLS	
2036	2121	CONTROLS	
2036	2122	CONTROLS	
2036	2123	CONTROLS	
2036	2124	CONTROLS	
2036	2125	CONTROLS	
2036	2126	CONTROLS	
2036	2040	CONTROLS	
2071	2078	CONTROLS	
2071	2079	CONTROLS	
2071	2080	CONTROLS	
2085	2092	CONTROLS	
2085	2093	CONTROLS	
2085	2094	CONTROLS	
2036	2048	DOM	
2106	2107	DOM	
2126	2040	DOM	
2113	2114	DOM	
2101	2102	DOM	
2119	2120	DOM	
2098	2099	DOM	
1912	1921	DOM	
2109	2110	DOM	
2061	2062	DOM	
2105	2106	DOM	
2099	2100	DOM	
1951	1955	DOM	
2062	2063	DOM	
2064	2065	DOM	
2123	2124	DOM	
2111	2112	DOM	
2116	2117	DOM	
2023	2127	DOM	
1995	1997	DOM	
1955	1959	DOM	
2115	2116	DOM	
2093	2094	DOM	
1997	2015	DOM	
2079	2080	DOM	
1936	1951	DOM	
2110	2111	DOM	
2036	2027	DOM	
1966	1995	DOM	
2069	2071	DOM	
2085	2098	DOM	
2122	2123	DOM	
2023	2032	DOM	
2102	2103	DOM	
2107	2108	DOM	
2063	2064	DOM	
2124	2125	DOM	
2015	2023	DOM	
2050	2051	DOM	
2067	2068	DOM	
1966	1975	DOM	
2051	2052	DOM	
2032	2036	DOM	
2100	2101	DOM	
2066	2067	DOM	
1959	1966	DOM	
1966	1978	DOM	
2103	2104	DOM	
2112	2113	DOM	
2078	2079	DOM	
2071	2078	DOM	
2121	2122	DOM	
2085	2092	DOM	
1903	1912	DOM	
2068	2069	DOM	
2114	2115	DOM	
2139	2139	DOM	
2049	2050	DOM	
2065	2066	DOM	
2092	2093	DOM	
2120	2121	DOM	
1899	1903	DOM	
2052	2061	DOM	
2071	2085	DOM	
1921	1936	DOM	
2127	2140	DOM	
2104	2105	DOM	
2125	2126	DOM	
2118	2119	DOM	
2139	2136	DOM	
2108	2109	DOM	
2117	2118	DOM	
2048	2049	DOM	
2136	1899	DOM	
2049	2048	POST_DOM	
2108	2107	POST_DOM	
2036	2040	POST_DOM	
2115	2114	POST_DOM	
2121	2120	POST_DOM	
2103	2102	POST_DOM	
2100	2099	POST_DOM	
1936	1921	POST_DOM	
2111	2110	POST_DOM	
2063	2062	POST_DOM	
2107	2106	POST_DOM	
2101	2100	POST_DOM	
1959	1955	POST_DOM	
2064	2063	POST_DOM	
2066	2065	POST_DOM	
2125	2124	POST_DOM	
2140	2127	POST_DOM	
2118	2117	POST_DOM	
2113	2112	POST_DOM	
2015	1997	POST_DOM	
1966	1959	POST_DOM	
2117	2116	POST_DOM	
2098	2094	POST_DOM	
2023	2015	POST_DOM	
2085	2080	POST_DOM	
1955	1951	POST_DOM	
2112	2111	POST_DOM	
2023	2027	POST_DOM	
1997	1995	POST_DOM	
2085	2071	POST_DOM	
2124	2123	POST_DOM	
2099	2098	POST_DOM	
2036	2032	POST_DOM	
2104	2103	POST_DOM	
2109	2108	POST_DOM	
2065	2064	POST_DOM	
2126	2125	POST_DOM	
2127	2023	POST_DOM	
2069	2068	POST_DOM	
2052	2051	POST_DOM	
1995	1975	POST_DOM	
2061	2052	POST_DOM	
2027	2036	POST_DOM	
2102	2101	POST_DOM	
2068	2067	POST_DOM	
1995	1966	POST_DOM	
1995	1978	POST_DOM	
2114	2113	POST_DOM	
2105	2104	POST_DOM	
2080	2079	POST_DOM	
2079	2078	POST_DOM	
2123	2122	POST_DOM	
2093	2092	POST_DOM	
1921	1912	POST_DOM	
2116	2115	POST_DOM	
2071	2069	POST_DOM	
2136	2139	POST_DOM	
2051	2050	POST_DOM	
2067	2066	POST_DOM	
2094	2093	POST_DOM	
2122	2121	POST_DOM	
1912	1903	POST_DOM	
2098	2085	POST_DOM	
2062	2061	POST_DOM	
1951	1936	POST_DOM	
2140	2140	POST_DOM	
2106	2105	POST_DOM	
2040	2126	POST_DOM	
2120	2119	POST_DOM	
1899	2136	POST_DOM	
2119	2118	POST_DOM	
2110	2109	POST_DOM	
2050	2049	POST_DOM	
1903	1899	POST_DOM	
1896	1897	IS_FUNCTION_OF_AST	
1896	2139	IS_FUNCTION_OF_CFG	
1	1896	IS_FILE_OF	
2165	2166	IS_AST_PARENT	
2165	2167	IS_AST_PARENT	
2168	2169	IS_AST_PARENT	
2171	2172	IS_AST_PARENT	
2171	2173	IS_AST_PARENT	
2170	2171	IS_AST_PARENT	
2170	2174	IS_AST_PARENT	
2168	2170	IS_AST_PARENT	
2165	2168	IS_AST_PARENT	
2164	2165	IS_AST_PARENT	
2163	2164	IS_AST_PARENT	
2177	2178	IS_AST_PARENT	
2179	2180	IS_AST_PARENT	
2179	2181	IS_AST_PARENT	
2177	2179	IS_AST_PARENT	
2176	2177	IS_AST_PARENT	
2175	2176	IS_AST_PARENT	
2182	2183	IS_AST_PARENT	
2175	2182	IS_AST_PARENT	
2163	2175	IS_AST_PARENT	
2186	2187	IS_AST_PARENT	
2188	2189	IS_AST_PARENT	
2188	2190	IS_AST_PARENT	
2186	2188	IS_AST_PARENT	
2185	2186	IS_AST_PARENT	
2184	2185	IS_AST_PARENT	
2194	2195	IS_AST_PARENT	
2193	2194	IS_AST_PARENT	
2198	2199	IS_AST_PARENT	
2198	2200	IS_AST_PARENT	
2197	2198	IS_AST_PARENT	
2196	2197	IS_AST_PARENT	
2201	2202	IS_AST_PARENT	
2196	2201	IS_AST_PARENT	
2193	2196	IS_AST_PARENT	
2192	2193	IS_AST_PARENT	
2191	2192	IS_AST_PARENT	
2205	2206	IS_AST_PARENT	
2205	2207	IS_AST_PARENT	
2204	2205	IS_AST_PARENT	
2208	2209	IS_AST_PARENT	
2208	2210	IS_AST_PARENT	
2204	2208	IS_AST_PARENT	
2203	2204	IS_AST_PARENT	
2191	2203	IS_AST_PARENT	
2213	2214	IS_AST_PARENT	
2213	2215	IS_AST_PARENT	
2212	2213	IS_AST_PARENT	
2216	2217	IS_AST_PARENT	
2216	2218	IS_AST_PARENT	
2212	2216	IS_AST_PARENT	
2211	2212	IS_AST_PARENT	
2191	2211	IS_AST_PARENT	
2184	2191	IS_AST_PARENT	
2163	2184	IS_AST_PARENT	
2221	2222	IS_AST_PARENT	
2221	2223	IS_AST_PARENT	
2220	2221	IS_AST_PARENT	
2219	2220	IS_AST_PARENT	
2227	2228	IS_AST_PARENT	
2226	2227	IS_AST_PARENT	
2230	2231	IS_AST_PARENT	
2229	2230	IS_AST_PARENT	
2226	2229	IS_AST_PARENT	
2225	2226	IS_AST_PARENT	
2224	2225	IS_AST_PARENT	
2219	2224	IS_AST_PARENT	
2163	2219	IS_AST_PARENT	
2235	2236	IS_AST_PARENT	
2235	2237	IS_AST_PARENT	
2234	2235	IS_AST_PARENT	
2234	2238	IS_AST_PARENT	
2233	2234	IS_AST_PARENT	
2232	2233	IS_AST_PARENT	
2239	2240	IS_AST_PARENT	
2239	2241	IS_AST_PARENT	
2239	2242	IS_AST_PARENT	
2239	2243	IS_AST_PARENT	
2246	2247	IS_AST_PARENT	
2245	2246	IS_AST_PARENT	
2250	2251	IS_AST_PARENT	
2250	2252	IS_AST_PARENT	
2249	2250	IS_AST_PARENT	
2248	2249	IS_AST_PARENT	
2245	2248	IS_AST_PARENT	
2244	2245	IS_AST_PARENT	
2239	2244	IS_AST_PARENT	
2239	2253	IS_AST_PARENT	
2239	2254	IS_AST_PARENT	
2256	2257	IS_AST_PARENT	
2258	2259	IS_AST_PARENT	
2258	2260	IS_AST_PARENT	
2256	2258	IS_AST_PARENT	
2255	2256	IS_AST_PARENT	
2239	2255	IS_AST_PARENT	
2239	2261	IS_AST_PARENT	
2239	2262	IS_AST_PARENT	
2264	2265	IS_AST_PARENT	
2266	2267	IS_AST_PARENT	
2266	2268	IS_AST_PARENT	
2264	2266	IS_AST_PARENT	
2263	2264	IS_AST_PARENT	
2239	2263	IS_AST_PARENT	
2239	2269	IS_AST_PARENT	
2239	2270	IS_AST_PARENT	
2272	2273	IS_AST_PARENT	
2274	2275	IS_AST_PARENT	
2274	2276	IS_AST_PARENT	
2272	2274	IS_AST_PARENT	
2271	2272	IS_AST_PARENT	
2239	2271	IS_AST_PARENT	
2279	2280	IS_AST_PARENT	
2278	2279	IS_AST_PARENT	
2282	2283	IS_AST_PARENT	
2281	2282	IS_AST_PARENT	
2284	2285	IS_AST_PARENT	
2281	2284	IS_AST_PARENT	
2286	2287	IS_AST_PARENT	
2281	2286	IS_AST_PARENT	
2278	2281	IS_AST_PARENT	
2277	2278	IS_AST_PARENT	
2239	2277	IS_AST_PARENT	
2239	2288	IS_AST_PARENT	
2239	2289	IS_AST_PARENT	
2239	2290	IS_AST_PARENT	
2239	2291	IS_AST_PARENT	
2239	2292	IS_AST_PARENT	
2239	2293	IS_AST_PARENT	
2239	2294	IS_AST_PARENT	
2239	2295	IS_AST_PARENT	
2239	2296	IS_AST_PARENT	
2239	2297	IS_AST_PARENT	
2239	2298	IS_AST_PARENT	
2239	2299	IS_AST_PARENT	
2239	2300	IS_AST_PARENT	
2239	2301	IS_AST_PARENT	
2303	2304	IS_AST_PARENT	
2303	2305	IS_AST_PARENT	
2302	2303	IS_AST_PARENT	
2239	2302	IS_AST_PARENT	
2309	2310	IS_AST_PARENT	
2309	2311	IS_AST_PARENT	
2308	2309	IS_AST_PARENT	
2308	2312	IS_AST_PARENT	
2307	2308	IS_AST_PARENT	
2307	2313	IS_AST_PARENT	
2306	2307	IS_AST_PARENT	
2239	2306	IS_AST_PARENT	
2232	2239	IS_AST_PARENT	
2163	2232	IS_AST_PARENT	
2316	2317	IS_AST_PARENT	
2316	2318	IS_AST_PARENT	
2315	2316	IS_AST_PARENT	
2315	2319	IS_AST_PARENT	
2314	2315	IS_AST_PARENT	
2163	2314	IS_AST_PARENT	
2322	2323	IS_AST_PARENT	
2322	2324	IS_AST_PARENT	
2321	2322	IS_AST_PARENT	
2320	2321	IS_AST_PARENT	
2328	2329	IS_AST_PARENT	
2327	2328	IS_AST_PARENT	
2332	2333	IS_AST_PARENT	
2332	2334	IS_AST_PARENT	
2331	2332	IS_AST_PARENT	
2330	2331	IS_AST_PARENT	
2327	2330	IS_AST_PARENT	
2326	2327	IS_AST_PARENT	
2325	2326	IS_AST_PARENT	
2337	2338	IS_AST_PARENT	
2337	2339	IS_AST_PARENT	
2336	2337	IS_AST_PARENT	
2340	2341	IS_AST_PARENT	
2340	2342	IS_AST_PARENT	
2336	2340	IS_AST_PARENT	
2335	2336	IS_AST_PARENT	
2325	2335	IS_AST_PARENT	
2320	2325	IS_AST_PARENT	
2163	2320	IS_AST_PARENT	
2346	2347	IS_AST_PARENT	
2346	2348	IS_AST_PARENT	
2345	2346	IS_AST_PARENT	
2349	2350	IS_AST_PARENT	
2349	2351	IS_AST_PARENT	
2345	2349	IS_AST_PARENT	
2344	2345	IS_AST_PARENT	
2343	2344	IS_AST_PARENT	
2355	2356	IS_AST_PARENT	
2354	2355	IS_AST_PARENT	
2358	2359	IS_AST_PARENT	
2357	2358	IS_AST_PARENT	
2354	2357	IS_AST_PARENT	
2353	2354	IS_AST_PARENT	
2352	2353	IS_AST_PARENT	
2343	2352	IS_AST_PARENT	
2163	2343	IS_AST_PARENT	
2162	2163	IS_AST_PARENT	
2162	2360	IS_AST_PARENT	
2162	2361	IS_AST_PARENT	
2363	2364	IS_AST_PARENT	
2363	2365	IS_AST_PARENT	
2362	2363	IS_AST_PARENT	
2366	2367	IS_AST_PARENT	
2366	2368	IS_AST_PARENT	
2362	2366	IS_AST_PARENT	
2162	2362	IS_AST_PARENT	
2369	2363	FLOWS_TO	
2363	2366	FLOWS_TO	
2366	2164	FLOWS_TO	
2164	2176	FLOWS_TO	
2176	2183	FLOWS_TO	
2176	2185	FLOWS_TO	
2183	2370	FLOWS_TO	
2185	2192	FLOWS_TO	
2185	2220	FLOWS_TO	
2192	2203	FLOWS_TO	
2203	2211	FLOWS_TO	
2211	2220	FLOWS_TO	
2220	2225	FLOWS_TO	
2220	2233	FLOWS_TO	
2225	2233	FLOWS_TO	
2233	2240	FLOWS_TO	
2233	2314	FLOWS_TO	
2240	2241	FLOWS_TO	
2241	2242	FLOWS_TO	
2242	2243	FLOWS_TO	
2243	2244	FLOWS_TO	
2244	2253	FLOWS_TO	
2253	2254	FLOWS_TO	
2254	2255	FLOWS_TO	
2255	2261	FLOWS_TO	
2261	2262	FLOWS_TO	
2262	2263	FLOWS_TO	
2263	2269	FLOWS_TO	
2269	2270	FLOWS_TO	
2270	2271	FLOWS_TO	
2271	2277	FLOWS_TO	
2277	2288	FLOWS_TO	
2288	2289	FLOWS_TO	
2289	2290	FLOWS_TO	
2290	2291	FLOWS_TO	
2291	2292	FLOWS_TO	
2292	2293	FLOWS_TO	
2293	2294	FLOWS_TO	
2294	2295	FLOWS_TO	
2295	2296	FLOWS_TO	
2296	2297	FLOWS_TO	
2297	2298	FLOWS_TO	
2298	2299	FLOWS_TO	
2299	2300	FLOWS_TO	
2300	2301	FLOWS_TO	
2301	2302	FLOWS_TO	
2302	2306	FLOWS_TO	
2306	2314	FLOWS_TO	
2314	2321	FLOWS_TO	
2321	2326	FLOWS_TO	
2321	2344	FLOWS_TO	
2326	2335	FLOWS_TO	
2335	2344	FLOWS_TO	
2344	2353	FLOWS_TO	
2344	2370	FLOWS_TO	
2353	2370	FLOWS_TO	
2176	2371	USE	
2220	2371	USE	
2233	2371	USE	
2244	2371	USE	
2249	2371	USE	
2255	2371	USE	
2256	2371	USE	
2263	2371	USE	
2264	2371	USE	
2271	2371	USE	
2272	2371	USE	
2314	2371	DEF	
2315	2371	DEF	
2321	2371	USE	
2326	2371	USE	
2331	2371	USE	
2335	2371	DEF	
2336	2371	DEF	
2344	2371	USE	
2263	2372	DEF	
2264	2372	DEF	
2176	2373	USE	
2314	2373	DEF	
2315	2373	DEF	
2321	2374	USE	
2326	2374	USE	
2331	2374	USE	
2335	2374	DEF	
2336	2374	DEF	
2244	2375	USE	
2249	2375	USE	
2164	2376	USE	
2170	2376	USE	
2306	2376	USE	
2308	2376	USE	
2164	2377	USE	
2168	2377	USE	
2306	2377	DEF	
2307	2377	DEF	
2164	2378	USE	
2168	2378	USE	
2306	2378	DEF	
2307	2378	DEF	
2263	2379	USE	
2264	2379	USE	
2185	2380	USE	
2211	2380	DEF	
2212	2380	DEF	
2366	2381	DEF	
2164	2381	USE	
2170	2381	USE	
2185	2381	USE	
2277	2381	USE	
2286	2381	USE	
2306	2381	USE	
2308	2381	USE	
2233	2382	USE	
2192	2383	USE	
2197	2383	USE	
2203	2383	DEF	
2204	2383	DEF	
2344	2384	USE	
2164	2385	USE	
2168	2385	USE	
2306	2385	DEF	
2307	2385	DEF	
2271	2386	DEF	
2272	2386	DEF	
2271	2387	USE	
2272	2387	USE	
2255	2388	DEF	
2256	2388	DEF	
2302	2389	USE	
2303	2389	USE	
2164	2390	DEF	
2165	2390	DEF	
2168	2390	DEF	
2176	2390	USE	
2179	2390	USE	
2220	2390	USE	
2221	2390	USE	
2225	2390	USE	
2230	2390	USE	
2233	2390	USE	
2235	2390	USE	
2244	2390	USE	
2250	2390	USE	
2255	2390	USE	
2258	2390	USE	
2263	2390	USE	
2266	2390	USE	
2271	2390	USE	
2274	2390	USE	
2277	2390	USE	
2282	2390	USE	
2302	2390	DEF	
2303	2390	DEF	
2306	2390	USE	
2307	2390	USE	
2314	2390	USE	
2316	2390	USE	
2321	2390	USE	
2322	2390	USE	
2326	2390	USE	
2332	2390	USE	
2335	2390	USE	
2337	2390	USE	
2344	2390	USE	
2346	2390	USE	
2353	2390	USE	
2358	2390	USE	
2255	2391	USE	
2256	2391	USE	
2363	2392	DEF	
2164	2392	USE	
2171	2392	USE	
2185	2392	USE	
2188	2392	USE	
2192	2392	USE	
2198	2392	USE	
2203	2392	USE	
2205	2392	USE	
2211	2392	USE	
2213	2392	USE	
2277	2392	USE	
2284	2392	USE	
2306	2392	USE	
2309	2392	USE	
2220	2393	USE	
2164	2394	USE	
2170	2394	USE	
2185	2394	USE	
2192	2394	USE	
2197	2394	USE	
2203	2394	DEF	
2204	2394	DEF	
2211	2394	DEF	
2212	2394	DEF	
2306	2394	USE	
2308	2394	USE	
2314	2321	REACHES	* tile
2314	2326	REACHES	* tile
2314	2344	REACHES	* tile
2335	2344	REACHES	* tile
2366	2164	REACHES	tile_num
2366	2185	REACHES	tile_num
2366	2277	REACHES	tile_num
2366	2306	REACHES	tile_num
2164	2225	REACHES	tile
2164	2176	REACHES	tile
2164	2220	REACHES	tile
2164	2344	REACHES	tile
2164	2326	REACHES	tile
2164	2353	REACHES	tile
2164	2233	REACHES	tile
2164	2244	REACHES	tile
2302	2335	REACHES	tile
2302	2353	REACHES	tile
2302	2314	REACHES	tile
2164	2255	REACHES	tile
2164	2263	REACHES	tile
2164	2271	REACHES	tile
2164	2335	REACHES	tile
2164	2277	REACHES	tile
2302	2306	REACHES	tile
2164	2321	REACHES	tile
2302	2321	REACHES	tile
2164	2314	REACHES	tile
2302	2326	REACHES	tile
2302	2344	REACHES	tile
2306	2370	REACHES	* tile_num
2363	2164	REACHES	tm
2363	2185	REACHES	tm
2363	2192	REACHES	tm
2363	2203	REACHES	tm
2363	2211	REACHES	tm
2363	2277	REACHES	tm
2363	2306	REACHES	tm
2211	2370	REACHES	* tm
2211	2306	REACHES	* tm
2369	2363	CONTROLS	
2369	2366	CONTROLS	
2369	2164	CONTROLS	
2369	2176	CONTROLS	
2176	2183	CONTROLS	
2176	2185	CONTROLS	
2176	2220	CONTROLS	
2176	2233	CONTROLS	
2176	2314	CONTROLS	
2176	2321	CONTROLS	
2176	2344	CONTROLS	
2185	2192	CONTROLS	
2185	2203	CONTROLS	
2185	2211	CONTROLS	
2220	2225	CONTROLS	
2233	2240	CONTROLS	
2233	2241	CONTROLS	
2233	2242	CONTROLS	
2233	2243	CONTROLS	
2233	2244	CONTROLS	
2233	2253	CONTROLS	
2233	2254	CONTROLS	
2233	2255	CONTROLS	
2233	2261	CONTROLS	
2233	2262	CONTROLS	
2233	2263	CONTROLS	
2233	2269	CONTROLS	
2233	2270	CONTROLS	
2233	2271	CONTROLS	
2233	2277	CONTROLS	
2233	2288	CONTROLS	
2233	2289	CONTROLS	
2233	2290	CONTROLS	
2233	2291	CONTROLS	
2233	2292	CONTROLS	
2233	2293	CONTROLS	
2233	2294	CONTROLS	
2233	2295	CONTROLS	
2233	2296	CONTROLS	
2233	2297	CONTROLS	
2233	2298	CONTROLS	
2233	2299	CONTROLS	
2233	2300	CONTROLS	
2233	2301	CONTROLS	
2233	2302	CONTROLS	
2233	2306	CONTROLS	
2321	2326	CONTROLS	
2321	2335	CONTROLS	
2344	2353	CONTROLS	
2289	2290	DOM	
2262	2263	DOM	
2203	2211	DOM	
2291	2292	DOM	
2296	2297	DOM	
2176	2370	DOM	
2299	2300	DOM	
2363	2366	DOM	
2369	2369	DOM	
2240	2241	DOM	
2344	2353	DOM	
2192	2203	DOM	
2314	2321	DOM	
2176	2185	DOM	
2185	2220	DOM	
2263	2269	DOM	
2288	2289	DOM	
2292	2293	DOM	
2241	2242	DOM	
2244	2253	DOM	
2261	2262	DOM	
2366	2164	DOM	
2254	2255	DOM	
2293	2294	DOM	
2185	2192	DOM	
2297	2298	DOM	
2270	2271	DOM	
2243	2244	DOM	
2321	2326	DOM	
2233	2240	DOM	
2220	2225	DOM	
2301	2302	DOM	
2176	2183	DOM	
2326	2335	DOM	
2269	2270	DOM	
2298	2299	DOM	
2302	2306	DOM	
2295	2296	DOM	
2164	2176	DOM	
2220	2233	DOM	
2255	2261	DOM	
2242	2243	DOM	
2290	2291	DOM	
2369	2363	DOM	
2233	2314	DOM	
2294	2295	DOM	
2271	2277	DOM	
2277	2288	DOM	
2300	2301	DOM	
2253	2254	DOM	
2321	2344	DOM	
2291	2290	POST_DOM	
2269	2263	POST_DOM	
2220	2211	POST_DOM	
2298	2297	POST_DOM	
2293	2292	POST_DOM	
2370	2370	POST_DOM	
2301	2300	POST_DOM	
2164	2366	POST_DOM	
2363	2369	POST_DOM	
2242	2241	POST_DOM	
2370	2353	POST_DOM	
2211	2203	POST_DOM	
2344	2321	POST_DOM	
2220	2185	POST_DOM	
2233	2220	POST_DOM	
2294	2293	POST_DOM	
2290	2289	POST_DOM	
2270	2269	POST_DOM	
2243	2242	POST_DOM	
2254	2253	POST_DOM	
2263	2262	POST_DOM	
2176	2164	POST_DOM	
2261	2255	POST_DOM	
2295	2294	POST_DOM	
2203	2192	POST_DOM	
2299	2298	POST_DOM	
2277	2271	POST_DOM	
2253	2244	POST_DOM	
2335	2326	POST_DOM	
2241	2240	POST_DOM	
2233	2225	POST_DOM	
2306	2302	POST_DOM	
2370	2183	POST_DOM	
2344	2335	POST_DOM	
2271	2270	POST_DOM	
2300	2299	POST_DOM	
2314	2306	POST_DOM	
2297	2296	POST_DOM	
2370	2176	POST_DOM	
2314	2233	POST_DOM	
2262	2261	POST_DOM	
2244	2243	POST_DOM	
2292	2291	POST_DOM	
2366	2363	POST_DOM	
2321	2314	POST_DOM	
2296	2295	POST_DOM	
2288	2277	POST_DOM	
2289	2288	POST_DOM	
2302	2301	POST_DOM	
2370	2344	POST_DOM	
2255	2254	POST_DOM	
2161	2162	IS_FUNCTION_OF_AST	
2161	2369	IS_FUNCTION_OF_CFG	
1	2161	IS_FILE_OF	
2399	2400	IS_AST_PARENT	
2399	2401	IS_AST_PARENT	
2402	2403	IS_AST_PARENT	
2405	2406	IS_AST_PARENT	
2404	2405	IS_AST_PARENT	
2408	2409	IS_AST_PARENT	
2407	2408	IS_AST_PARENT	
2410	2411	IS_AST_PARENT	
2407	2410	IS_AST_PARENT	
2412	2413	IS_AST_PARENT	
2407	2412	IS_AST_PARENT	
2404	2407	IS_AST_PARENT	
2402	2404	IS_AST_PARENT	
2399	2402	IS_AST_PARENT	
2398	2399	IS_AST_PARENT	
2397	2398	IS_AST_PARENT	
2416	2417	IS_AST_PARENT	
2416	2418	IS_AST_PARENT	
2415	2416	IS_AST_PARENT	
2414	2415	IS_AST_PARENT	
2419	2420	IS_AST_PARENT	
2414	2419	IS_AST_PARENT	
2397	2414	IS_AST_PARENT	
2423	2424	IS_AST_PARENT	
2422	2423	IS_AST_PARENT	
2426	2427	IS_AST_PARENT	
2425	2426	IS_AST_PARENT	
2428	2429	IS_AST_PARENT	
2425	2428	IS_AST_PARENT	
2422	2425	IS_AST_PARENT	
2421	2422	IS_AST_PARENT	
2397	2421	IS_AST_PARENT	
2396	2397	IS_AST_PARENT	
2396	2430	IS_AST_PARENT	
2396	2431	IS_AST_PARENT	
2433	2434	IS_AST_PARENT	
2433	2435	IS_AST_PARENT	
2432	2433	IS_AST_PARENT	
2436	2437	IS_AST_PARENT	
2436	2438	IS_AST_PARENT	
2432	2436	IS_AST_PARENT	
2439	2440	IS_AST_PARENT	
2439	2441	IS_AST_PARENT	
2432	2439	IS_AST_PARENT	
2396	2432	IS_AST_PARENT	
2442	2433	FLOWS_TO	
2433	2436	FLOWS_TO	
2436	2439	FLOWS_TO	
2439	2398	FLOWS_TO	
2398	2415	FLOWS_TO	
2415	2420	FLOWS_TO	
2415	2421	FLOWS_TO	
2420	2443	FLOWS_TO	
2421	2443	FLOWS_TO	
2398	2444	DEF	
2399	2444	DEF	
2402	2444	DEF	
2415	2444	USE	
2421	2444	USE	
2428	2444	USE	
2433	2445	DEF	
2398	2445	USE	
2408	2445	USE	
2421	2445	USE	
2426	2445	USE	
2439	2446	DEF	
2398	2446	USE	
2412	2446	USE	
2398	2447	USE	
2402	2447	USE	
2436	2448	DEF	
2398	2448	USE	
2410	2448	USE	
2398	2415	REACHES	num
2398	2421	REACHES	num
2433	2398	REACHES	tm
2433	2421	REACHES	tm
2439	2398	REACHES	ypixel
2436	2398	REACHES	xpixel
2442	2433	CONTROLS	
2442	2436	CONTROLS	
2442	2439	CONTROLS	
2442	2398	CONTROLS	
2442	2415	CONTROLS	
2415	2420	CONTROLS	
2415	2421	CONTROLS	
2398	2415	DOM	
2415	2443	DOM	
2415	2420	DOM	
2442	2433	DOM	
2433	2436	DOM	
2436	2439	DOM	
2439	2398	DOM	
2415	2421	DOM	
2442	2442	DOM	
2443	2443	POST_DOM	
2443	2415	POST_DOM	
2443	2420	POST_DOM	
2436	2433	POST_DOM	
2439	2436	POST_DOM	
2415	2398	POST_DOM	
2398	2439	POST_DOM	
2443	2421	POST_DOM	
2433	2442	POST_DOM	
2395	2396	IS_FUNCTION_OF_AST	
2395	2442	IS_FUNCTION_OF_CFG	
1	2395	IS_FILE_OF	
2456	2457	IS_AST_PARENT	
2458	2459	IS_AST_PARENT	
2458	2460	IS_AST_PARENT	
2456	2458	IS_AST_PARENT	
2455	2456	IS_AST_PARENT	
2454	2455	IS_AST_PARENT	
2454	2461	IS_AST_PARENT	
2466	2467	IS_AST_PARENT	
2465	2466	IS_AST_PARENT	
2469	2470	IS_AST_PARENT	
2468	2469	IS_AST_PARENT	
2471	2472	IS_AST_PARENT	
2468	2471	IS_AST_PARENT	
2473	2474	IS_AST_PARENT	
2468	2473	IS_AST_PARENT	
2465	2468	IS_AST_PARENT	
2464	2465	IS_AST_PARENT	
2463	2464	IS_AST_PARENT	
2463	2475	IS_AST_PARENT	
2462	2463	IS_AST_PARENT	
2454	2462	IS_AST_PARENT	
2453	2454	IS_AST_PARENT	
2453	2476	IS_AST_PARENT	
2452	2453	IS_AST_PARENT	
2477	2478	IS_AST_PARENT	
2452	2477	IS_AST_PARENT	
2451	2452	IS_AST_PARENT	
2483	2484	IS_AST_PARENT	
2485	2486	IS_AST_PARENT	
2485	2487	IS_AST_PARENT	
2483	2485	IS_AST_PARENT	
2482	2483	IS_AST_PARENT	
2481	2482	IS_AST_PARENT	
2481	2488	IS_AST_PARENT	
2493	2494	IS_AST_PARENT	
2492	2493	IS_AST_PARENT	
2496	2497	IS_AST_PARENT	
2495	2496	IS_AST_PARENT	
2498	2499	IS_AST_PARENT	
2495	2498	IS_AST_PARENT	
2500	2501	IS_AST_PARENT	
2495	2500	IS_AST_PARENT	
2492	2495	IS_AST_PARENT	
2491	2492	IS_AST_PARENT	
2490	2491	IS_AST_PARENT	
2490	2502	IS_AST_PARENT	
2489	2490	IS_AST_PARENT	
2481	2489	IS_AST_PARENT	
2480	2481	IS_AST_PARENT	
2480	2503	IS_AST_PARENT	
2479	2480	IS_AST_PARENT	
2504	2505	IS_AST_PARENT	
2479	2504	IS_AST_PARENT	
2451	2479	IS_AST_PARENT	
2508	2509	IS_AST_PARENT	
2507	2508	IS_AST_PARENT	
2511	2512	IS_AST_PARENT	
2510	2511	IS_AST_PARENT	
2515	2516	IS_AST_PARENT	
2514	2515	IS_AST_PARENT	
2518	2519	IS_AST_PARENT	
2517	2518	IS_AST_PARENT	
2520	2521	IS_AST_PARENT	
2517	2520	IS_AST_PARENT	
2522	2523	IS_AST_PARENT	
2517	2522	IS_AST_PARENT	
2514	2517	IS_AST_PARENT	
2513	2514	IS_AST_PARENT	
2510	2513	IS_AST_PARENT	
2524	2525	IS_AST_PARENT	
2510	2524	IS_AST_PARENT	
2507	2510	IS_AST_PARENT	
2506	2507	IS_AST_PARENT	
2451	2506	IS_AST_PARENT	
2450	2451	IS_AST_PARENT	
2450	2526	IS_AST_PARENT	
2450	2527	IS_AST_PARENT	
2529	2530	IS_AST_PARENT	
2529	2531	IS_AST_PARENT	
2528	2529	IS_AST_PARENT	
2532	2533	IS_AST_PARENT	
2532	2534	IS_AST_PARENT	
2528	2532	IS_AST_PARENT	
2535	2536	IS_AST_PARENT	
2535	2537	IS_AST_PARENT	
2528	2535	IS_AST_PARENT	
2538	2539	IS_AST_PARENT	
2538	2540	IS_AST_PARENT	
2528	2538	IS_AST_PARENT	
2450	2528	IS_AST_PARENT	
2541	2529	FLOWS_TO	
2529	2532	FLOWS_TO	
2532	2535	FLOWS_TO	
2535	2538	FLOWS_TO	
2538	2455	FLOWS_TO	
2477	2455	FLOWS_TO	
2477	2482	FLOWS_TO	
2455	2464	FLOWS_TO	
2455	2476	FLOWS_TO	
2464	2475	FLOWS_TO	
2475	2542	FLOWS_TO	
2476	2477	FLOWS_TO	
2504	2482	FLOWS_TO	
2504	2506	FLOWS_TO	
2482	2491	FLOWS_TO	
2482	2503	FLOWS_TO	
2491	2502	FLOWS_TO	
2502	2542	FLOWS_TO	
2503	2504	FLOWS_TO	
2506	2542	FLOWS_TO	
2464	2543	USE	
2471	2543	USE	
2491	2543	USE	
2498	2543	USE	
2529	2544	DEF	
2455	2544	USE	
2506	2544	USE	
2511	2544	USE	
2518	2544	USE	
2535	2545	DEF	
2506	2545	USE	
2522	2545	USE	
2538	2546	DEF	
2482	2546	USE	
2506	2546	USE	
2524	2546	USE	
2506	2547	USE	
2513	2547	USE	
2532	2548	DEF	
2506	2548	USE	
2520	2548	USE	
2529	2455	REACHES	tm
2529	2506	REACHES	tm
2535	2506	REACHES	ypixel
2538	2482	REACHES	srctile
2538	2506	REACHES	srctile
2532	2506	REACHES	xpixel
2541	2529	CONTROLS	
2541	2532	CONTROLS	
2541	2535	CONTROLS	
2541	2538	CONTROLS	
2541	2455	CONTROLS	
2477	2455	CONTROLS	
2477	2482	CONTROLS	
2455	2464	CONTROLS	
2455	2475	CONTROLS	
2455	2476	CONTROLS	
2455	2477	CONTROLS	
2504	2482	CONTROLS	
2504	2506	CONTROLS	
2482	2491	CONTROLS	
2482	2502	CONTROLS	
2482	2503	CONTROLS	
2482	2504	CONTROLS	
2532	2535	DOM	
2503	2504	DOM	
2491	2502	DOM	
2541	2541	DOM	
2455	2476	DOM	
2455	2542	DOM	
2504	2506	DOM	
2529	2532	DOM	
2535	2538	DOM	
2464	2475	DOM	
2476	2477	DOM	
2541	2529	DOM	
2538	2455	DOM	
2482	2503	DOM	
2455	2464	DOM	
2482	2491	DOM	
2477	2482	DOM	
2538	2535	POST_DOM	
2542	2504	POST_DOM	
2542	2502	POST_DOM	
2529	2541	POST_DOM	
2477	2476	POST_DOM	
2542	2542	POST_DOM	
2542	2506	POST_DOM	
2455	2538	POST_DOM	
2535	2532	POST_DOM	
2542	2475	POST_DOM	
2542	2477	POST_DOM	
2532	2529	POST_DOM	
2542	2455	POST_DOM	
2504	2503	POST_DOM	
2475	2464	POST_DOM	
2502	2491	POST_DOM	
2542	2482	POST_DOM	
2449	2450	IS_FUNCTION_OF_AST	
2449	2541	IS_FUNCTION_OF_CFG	
1	2449	IS_FILE_OF	
2553	2554	IS_AST_PARENT	
2553	2555	IS_AST_PARENT	
2552	2553	IS_AST_PARENT	
2551	2552	IS_AST_PARENT	
2560	2561	IS_AST_PARENT	
2562	2563	IS_AST_PARENT	
2562	2564	IS_AST_PARENT	
2560	2562	IS_AST_PARENT	
2559	2560	IS_AST_PARENT	
2558	2559	IS_AST_PARENT	
2558	2565	IS_AST_PARENT	
2570	2571	IS_AST_PARENT	
2569	2570	IS_AST_PARENT	
2573	2574	IS_AST_PARENT	
2572	2573	IS_AST_PARENT	
2575	2576	IS_AST_PARENT	
2572	2575	IS_AST_PARENT	
2577	2578	IS_AST_PARENT	
2572	2577	IS_AST_PARENT	
2569	2572	IS_AST_PARENT	
2568	2569	IS_AST_PARENT	
2567	2568	IS_AST_PARENT	
2567	2579	IS_AST_PARENT	
2566	2567	IS_AST_PARENT	
2558	2566	IS_AST_PARENT	
2557	2558	IS_AST_PARENT	
2557	2580	IS_AST_PARENT	
2556	2557	IS_AST_PARENT	
2581	2582	IS_AST_PARENT	
2556	2581	IS_AST_PARENT	
2551	2556	IS_AST_PARENT	
2587	2588	IS_AST_PARENT	
2589	2590	IS_AST_PARENT	
2589	2591	IS_AST_PARENT	
2587	2589	IS_AST_PARENT	
2586	2587	IS_AST_PARENT	
2585	2586	IS_AST_PARENT	
2585	2592	IS_AST_PARENT	
2597	2598	IS_AST_PARENT	
2596	2597	IS_AST_PARENT	
2600	2601	IS_AST_PARENT	
2599	2600	IS_AST_PARENT	
2602	2603	IS_AST_PARENT	
2599	2602	IS_AST_PARENT	
2604	2605	IS_AST_PARENT	
2599	2604	IS_AST_PARENT	
2596	2599	IS_AST_PARENT	
2595	2596	IS_AST_PARENT	
2594	2595	IS_AST_PARENT	
2594	2606	IS_AST_PARENT	
2593	2594	IS_AST_PARENT	
2585	2593	IS_AST_PARENT	
2584	2585	IS_AST_PARENT	
2584	2607	IS_AST_PARENT	
2583	2584	IS_AST_PARENT	
2608	2609	IS_AST_PARENT	
2583	2608	IS_AST_PARENT	
2551	2583	IS_AST_PARENT	
2614	2615	IS_AST_PARENT	
2614	2616	IS_AST_PARENT	
2613	2614	IS_AST_PARENT	
2612	2613	IS_AST_PARENT	
2612	2617	IS_AST_PARENT	
2622	2623	IS_AST_PARENT	
2621	2622	IS_AST_PARENT	
2625	2626	IS_AST_PARENT	
2624	2625	IS_AST_PARENT	
2627	2628	IS_AST_PARENT	
2624	2627	IS_AST_PARENT	
2629	2630	IS_AST_PARENT	
2624	2629	IS_AST_PARENT	
2621	2624	IS_AST_PARENT	
2620	2621	IS_AST_PARENT	
2619	2620	IS_AST_PARENT	
2619	2631	IS_AST_PARENT	
2618	2619	IS_AST_PARENT	
2612	2618	IS_AST_PARENT	
2611	2612	IS_AST_PARENT	
2611	2632	IS_AST_PARENT	
2610	2611	IS_AST_PARENT	
2633	2634	IS_AST_PARENT	
2610	2633	IS_AST_PARENT	
2551	2610	IS_AST_PARENT	
2639	2640	IS_AST_PARENT	
2642	2643	IS_AST_PARENT	
2642	2644	IS_AST_PARENT	
2641	2642	IS_AST_PARENT	
2645	2646	IS_AST_PARENT	
2645	2647	IS_AST_PARENT	
2641	2645	IS_AST_PARENT	
2639	2641	IS_AST_PARENT	
2638	2639	IS_AST_PARENT	
2637	2638	IS_AST_PARENT	
2637	2648	IS_AST_PARENT	
2653	2654	IS_AST_PARENT	
2652	2653	IS_AST_PARENT	
2656	2657	IS_AST_PARENT	
2655	2656	IS_AST_PARENT	
2658	2659	IS_AST_PARENT	
2655	2658	IS_AST_PARENT	
2660	2661	IS_AST_PARENT	
2655	2660	IS_AST_PARENT	
2652	2655	IS_AST_PARENT	
2651	2652	IS_AST_PARENT	
2650	2651	IS_AST_PARENT	
2650	2662	IS_AST_PARENT	
2649	2650	IS_AST_PARENT	
2637	2649	IS_AST_PARENT	
2636	2637	IS_AST_PARENT	
2636	2663	IS_AST_PARENT	
2635	2636	IS_AST_PARENT	
2664	2665	IS_AST_PARENT	
2635	2664	IS_AST_PARENT	
2551	2635	IS_AST_PARENT	
2668	2669	IS_AST_PARENT	
2670	2671	IS_AST_PARENT	
2670	2672	IS_AST_PARENT	
2668	2670	IS_AST_PARENT	
2667	2668	IS_AST_PARENT	
2666	2667	IS_AST_PARENT	
2676	2677	IS_AST_PARENT	
2675	2676	IS_AST_PARENT	
2679	2680	IS_AST_PARENT	
2678	2679	IS_AST_PARENT	
2681	2682	IS_AST_PARENT	
2678	2681	IS_AST_PARENT	
2683	2684	IS_AST_PARENT	
2678	2683	IS_AST_PARENT	
2685	2686	IS_AST_PARENT	
2678	2685	IS_AST_PARENT	
2675	2678	IS_AST_PARENT	
2674	2675	IS_AST_PARENT	
2673	2674	IS_AST_PARENT	
2689	2690	IS_AST_PARENT	
2688	2689	IS_AST_PARENT	
2692	2693	IS_AST_PARENT	
2691	2692	IS_AST_PARENT	
2688	2691	IS_AST_PARENT	
2687	2688	IS_AST_PARENT	
2673	2687	IS_AST_PARENT	
2666	2673	IS_AST_PARENT	
2551	2666	IS_AST_PARENT	
2695	2696	IS_AST_PARENT	
2698	2699	IS_AST_PARENT	
2698	2700	IS_AST_PARENT	
2697	2698	IS_AST_PARENT	
2697	2701	IS_AST_PARENT	
2695	2697	IS_AST_PARENT	
2694	2695	IS_AST_PARENT	
2551	2694	IS_AST_PARENT	
2704	2705	IS_AST_PARENT	
2706	2707	IS_AST_PARENT	
2706	2708	IS_AST_PARENT	
2704	2706	IS_AST_PARENT	
2703	2704	IS_AST_PARENT	
2702	2703	IS_AST_PARENT	
2712	2713	IS_AST_PARENT	
2711	2712	IS_AST_PARENT	
2715	2716	IS_AST_PARENT	
2714	2715	IS_AST_PARENT	
2717	2718	IS_AST_PARENT	
2714	2717	IS_AST_PARENT	
2719	2720	IS_AST_PARENT	
2714	2719	IS_AST_PARENT	
2721	2722	IS_AST_PARENT	
2714	2721	IS_AST_PARENT	
2711	2714	IS_AST_PARENT	
2710	2711	IS_AST_PARENT	
2709	2710	IS_AST_PARENT	
2702	2709	IS_AST_PARENT	
2551	2702	IS_AST_PARENT	
2727	2728	IS_AST_PARENT	
2727	2729	IS_AST_PARENT	
2726	2727	IS_AST_PARENT	
2730	2731	IS_AST_PARENT	
2730	2732	IS_AST_PARENT	
2726	2730	IS_AST_PARENT	
2725	2726	IS_AST_PARENT	
2735	2736	IS_AST_PARENT	
2735	2737	IS_AST_PARENT	
2734	2735	IS_AST_PARENT	
2738	2739	IS_AST_PARENT	
2738	2740	IS_AST_PARENT	
2734	2738	IS_AST_PARENT	
2733	2734	IS_AST_PARENT	
2742	2743	IS_AST_PARENT	
2742	2744	IS_AST_PARENT	
2741	2742	IS_AST_PARENT	
2745	2746	IS_AST_PARENT	
2745	2747	IS_AST_PARENT	
2741	2745	IS_AST_PARENT	
2733	2741	IS_AST_PARENT	
2725	2733	IS_AST_PARENT	
2724	2725	IS_AST_PARENT	
2723	2724	IS_AST_PARENT	
2751	2752	IS_AST_PARENT	
2750	2751	IS_AST_PARENT	
2754	2755	IS_AST_PARENT	
2753	2754	IS_AST_PARENT	
2756	2757	IS_AST_PARENT	
2753	2756	IS_AST_PARENT	
2758	2759	IS_AST_PARENT	
2753	2758	IS_AST_PARENT	
2760	2761	IS_AST_PARENT	
2753	2760	IS_AST_PARENT	
2762	2763	IS_AST_PARENT	
2753	2762	IS_AST_PARENT	
2764	2765	IS_AST_PARENT	
2753	2764	IS_AST_PARENT	
2750	2753	IS_AST_PARENT	
2749	2750	IS_AST_PARENT	
2748	2749	IS_AST_PARENT	
2723	2748	IS_AST_PARENT	
2551	2723	IS_AST_PARENT	
2768	2769	IS_AST_PARENT	
2767	2768	IS_AST_PARENT	
2771	2772	IS_AST_PARENT	
2770	2771	IS_AST_PARENT	
2773	2774	IS_AST_PARENT	
2770	2773	IS_AST_PARENT	
2775	2776	IS_AST_PARENT	
2770	2775	IS_AST_PARENT	
2767	2770	IS_AST_PARENT	
2766	2767	IS_AST_PARENT	
2551	2766	IS_AST_PARENT	
2779	2780	IS_AST_PARENT	
2778	2779	IS_AST_PARENT	
2782	2783	IS_AST_PARENT	
2781	2782	IS_AST_PARENT	
2784	2785	IS_AST_PARENT	
2781	2784	IS_AST_PARENT	
2786	2787	IS_AST_PARENT	
2781	2786	IS_AST_PARENT	
2778	2781	IS_AST_PARENT	
2777	2778	IS_AST_PARENT	
2551	2777	IS_AST_PARENT	
2791	2792	IS_AST_PARENT	
2791	2793	IS_AST_PARENT	
2790	2791	IS_AST_PARENT	
2790	2794	IS_AST_PARENT	
2789	2790	IS_AST_PARENT	
2789	2795	IS_AST_PARENT	
2788	2789	IS_AST_PARENT	
2551	2788	IS_AST_PARENT	
2550	2551	IS_AST_PARENT	
2550	2796	IS_AST_PARENT	
2550	2797	IS_AST_PARENT	
2799	2800	IS_AST_PARENT	
2799	2801	IS_AST_PARENT	
2798	2799	IS_AST_PARENT	
2802	2803	IS_AST_PARENT	
2802	2804	IS_AST_PARENT	
2798	2802	IS_AST_PARENT	
2805	2806	IS_AST_PARENT	
2805	2807	IS_AST_PARENT	
2798	2805	IS_AST_PARENT	
2550	2798	IS_AST_PARENT	
2808	2799	FLOWS_TO	
2799	2802	FLOWS_TO	
2802	2805	FLOWS_TO	
2805	2552	FLOWS_TO	
2552	2559	FLOWS_TO	
2581	2559	FLOWS_TO	
2581	2586	FLOWS_TO	
2559	2568	FLOWS_TO	
2559	2580	FLOWS_TO	
2568	2579	FLOWS_TO	
2579	2809	FLOWS_TO	
2580	2581	FLOWS_TO	
2608	2586	FLOWS_TO	
2608	2613	FLOWS_TO	
2586	2595	FLOWS_TO	
2586	2607	FLOWS_TO	
2595	2606	FLOWS_TO	
2606	2809	FLOWS_TO	
2607	2608	FLOWS_TO	
2633	2613	FLOWS_TO	
2633	2638	FLOWS_TO	
2613	2620	FLOWS_TO	
2613	2632	FLOWS_TO	
2620	2631	FLOWS_TO	
2631	2809	FLOWS_TO	
2632	2633	FLOWS_TO	
2664	2638	FLOWS_TO	
2664	2667	FLOWS_TO	
2638	2651	FLOWS_TO	
2638	2663	FLOWS_TO	
2651	2662	FLOWS_TO	
2662	2809	FLOWS_TO	
2663	2664	FLOWS_TO	
2667	2674	FLOWS_TO	
2667	2694	FLOWS_TO	
2674	2687	FLOWS_TO	
2687	2694	FLOWS_TO	
2694	2703	FLOWS_TO	
2703	2710	FLOWS_TO	
2703	2724	FLOWS_TO	
2710	2724	FLOWS_TO	
2724	2749	FLOWS_TO	
2724	2766	FLOWS_TO	
2749	2766	FLOWS_TO	
2766	2777	FLOWS_TO	
2777	2788	FLOWS_TO	
2788	2809	FLOWS_TO	
2724	2810	USE	
2568	2811	USE	
2575	2811	USE	
2595	2811	USE	
2602	2811	USE	
2620	2811	USE	
2627	2811	USE	
2651	2811	USE	
2658	2811	USE	
2703	2812	USE	
2724	2812	USE	
2724	2813	USE	
2703	2814	USE	
2724	2815	USE	
2667	2816	USE	
2694	2816	USE	
2697	2816	USE	
2788	2816	USE	
2790	2816	USE	
2694	2817	USE	
2695	2817	USE	
2788	2817	DEF	
2789	2817	DEF	
2694	2818	USE	
2695	2818	USE	
2788	2818	DEF	
2789	2818	DEF	
2724	2819	USE	
2802	2820	DEF	
2613	2820	USE	
2638	2820	USE	
2694	2820	USE	
2697	2820	USE	
2766	2820	USE	
2775	2820	USE	
2777	2820	USE	
2786	2820	USE	
2788	2820	USE	
2790	2820	USE	
2805	2821	DEF	
2586	2821	USE	
2703	2821	USE	
2706	2821	USE	
2724	2821	USE	
2738	2821	USE	
2745	2821	USE	
2730	2821	USE	
2749	2821	USE	
2762	2821	USE	
2777	2821	USE	
2782	2821	USE	
2788	2821	USE	
2789	2821	USE	
2638	2822	USE	
2724	2823	USE	
2694	2824	USE	
2695	2824	USE	
2788	2824	DEF	
2789	2824	DEF	
2724	2825	USE	
2552	2826	DEF	
2553	2826	DEF	
2694	2826	DEF	
2695	2826	DEF	
2724	2826	USE	
2742	2826	USE	
2735	2826	USE	
2727	2826	USE	
2749	2826	USE	
2764	2826	USE	
2766	2826	USE	
2771	2826	USE	
2674	2827	USE	
2681	2827	USE	
2710	2827	USE	
2717	2827	USE	
2749	2827	USE	
2756	2827	USE	
2724	2828	USE	
2799	2829	DEF	
2559	2829	USE	
2638	2829	USE	
2645	2829	USE	
2642	2829	USE	
2667	2829	USE	
2670	2829	USE	
2687	2829	USE	
2692	2829	USE	
2694	2829	USE	
2698	2829	USE	
2766	2829	USE	
2773	2829	USE	
2777	2829	USE	
2784	2829	USE	
2788	2829	USE	
2791	2829	USE	
2638	2830	USE	
2667	2830	USE	
2694	2830	USE	
2697	2830	USE	
2788	2830	USE	
2790	2830	USE	
2638	2831	USE	
2802	2613	REACHES	tile_num
2802	2638	REACHES	tile_num
2802	2694	REACHES	tile_num
2802	2766	REACHES	tile_num
2802	2777	REACHES	tile_num
2802	2788	REACHES	tile_num
2805	2586	REACHES	srctile
2805	2703	REACHES	srctile
2805	2724	REACHES	srctile
2805	2749	REACHES	srctile
2805	2777	REACHES	srctile
2805	2788	REACHES	srctile
2788	2809	REACHES	* tile_num
2694	2724	REACHES	tile
2694	2749	REACHES	tile
2694	2766	REACHES	tile
2799	2559	REACHES	tm
2799	2638	REACHES	tm
2799	2667	REACHES	tm
2799	2687	REACHES	tm
2799	2694	REACHES	tm
2799	2766	REACHES	tm
2799	2777	REACHES	tm
2799	2788	REACHES	tm
2808	2799	CONTROLS	
2808	2802	CONTROLS	
2808	2805	CONTROLS	
2808	2552	CONTROLS	
2808	2559	CONTROLS	
2581	2559	CONTROLS	
2581	2586	CONTROLS	
2559	2568	CONTROLS	
2559	2579	CONTROLS	
2559	2580	CONTROLS	
2559	2581	CONTROLS	
2608	2586	CONTROLS	
2608	2613	CONTROLS	
2586	2595	CONTROLS	
2586	2606	CONTROLS	
2586	2607	CONTROLS	
2586	2608	CONTROLS	
2633	2613	CONTROLS	
2633	2638	CONTROLS	
2613	2620	CONTROLS	
2613	2631	CONTROLS	
2613	2632	CONTROLS	
2613	2633	CONTROLS	
2664	2638	CONTROLS	
2664	2667	CONTROLS	
2664	2694	CONTROLS	
2664	2703	CONTROLS	
2664	2724	CONTROLS	
2664	2766	CONTROLS	
2664	2777	CONTROLS	
2664	2788	CONTROLS	
2638	2651	CONTROLS	
2638	2662	CONTROLS	
2638	2663	CONTROLS	
2638	2664	CONTROLS	
2667	2674	CONTROLS	
2667	2687	CONTROLS	
2703	2710	CONTROLS	
2724	2749	CONTROLS	
2552	2559	DOM	
2608	2613	DOM	
2559	2809	DOM	
2638	2651	DOM	
2613	2620	DOM	
2633	2638	DOM	
2613	2632	DOM	
2559	2568	DOM	
2808	2808	DOM	
2568	2579	DOM	
2674	2687	DOM	
2664	2667	DOM	
2620	2631	DOM	
2638	2663	DOM	
2766	2777	DOM	
2663	2664	DOM	
2777	2788	DOM	
2586	2595	DOM	
2580	2581	DOM	
2694	2703	DOM	
2724	2766	DOM	
2632	2633	DOM	
2586	2607	DOM	
2703	2710	DOM	
2703	2724	DOM	
2667	2674	DOM	
2581	2586	DOM	
2805	2552	DOM	
2667	2694	DOM	
2802	2805	DOM	
2808	2799	DOM	
2559	2580	DOM	
2724	2749	DOM	
2595	2606	DOM	
2607	2608	DOM	
2799	2802	DOM	
2651	2662	DOM	
2809	2559	POST_DOM	
2809	2613	POST_DOM	
2809	2809	POST_DOM	
2662	2651	POST_DOM	
2631	2620	POST_DOM	
2809	2638	POST_DOM	
2633	2632	POST_DOM	
2579	2568	POST_DOM	
2809	2579	POST_DOM	
2799	2808	POST_DOM	
2694	2687	POST_DOM	
2694	2667	POST_DOM	
2809	2631	POST_DOM	
2664	2663	POST_DOM	
2788	2777	POST_DOM	
2809	2664	POST_DOM	
2809	2788	POST_DOM	
2606	2595	POST_DOM	
2809	2581	POST_DOM	
2724	2703	POST_DOM	
2777	2766	POST_DOM	
2809	2633	POST_DOM	
2608	2607	POST_DOM	
2724	2710	POST_DOM	
2766	2724	POST_DOM	
2687	2674	POST_DOM	
2809	2586	POST_DOM	
2559	2552	POST_DOM	
2703	2694	POST_DOM	
2552	2805	POST_DOM	
2802	2799	POST_DOM	
2581	2580	POST_DOM	
2766	2749	POST_DOM	
2809	2606	POST_DOM	
2809	2608	POST_DOM	
2805	2802	POST_DOM	
2809	2662	POST_DOM	
2549	2550	IS_FUNCTION_OF_AST	
2549	2808	IS_FUNCTION_OF_CFG	
1	2549	IS_FILE_OF	
2836	2837	IS_AST_PARENT	
2836	2838	IS_AST_PARENT	
2835	2836	IS_AST_PARENT	
2834	2835	IS_AST_PARENT	
2840	2841	IS_AST_PARENT	
2840	2842	IS_AST_PARENT	
2839	2840	IS_AST_PARENT	
2834	2839	IS_AST_PARENT	
2845	2846	IS_AST_PARENT	
2847	2848	IS_AST_PARENT	
2847	2849	IS_AST_PARENT	
2845	2847	IS_AST_PARENT	
2844	2845	IS_AST_PARENT	
2843	2844	IS_AST_PARENT	
2850	2851	IS_AST_PARENT	
2843	2850	IS_AST_PARENT	
2834	2843	IS_AST_PARENT	
2854	2855	IS_AST_PARENT	
2854	2856	IS_AST_PARENT	
2853	2854	IS_AST_PARENT	
2852	2853	IS_AST_PARENT	
2858	2859	IS_AST_PARENT	
2860	2861	IS_AST_PARENT	
2860	2862	IS_AST_PARENT	
2858	2860	IS_AST_PARENT	
2857	2858	IS_AST_PARENT	
2852	2857	IS_AST_PARENT	
2863	2864	IS_AST_PARENT	
2865	2866	IS_AST_PARENT	
2867	2868	IS_AST_PARENT	
2867	2869	IS_AST_PARENT	
2865	2867	IS_AST_PARENT	
2863	2865	IS_AST_PARENT	
2852	2863	IS_AST_PARENT	
2872	2873	IS_AST_PARENT	
2872	2874	IS_AST_PARENT	
2871	2872	IS_AST_PARENT	
2870	2871	IS_AST_PARENT	
2876	2877	IS_AST_PARENT	
2878	2879	IS_AST_PARENT	
2878	2880	IS_AST_PARENT	
2876	2878	IS_AST_PARENT	
2875	2876	IS_AST_PARENT	
2870	2875	IS_AST_PARENT	
2881	2882	IS_AST_PARENT	
2883	2884	IS_AST_PARENT	
2885	2886	IS_AST_PARENT	
2885	2887	IS_AST_PARENT	
2883	2885	IS_AST_PARENT	
2881	2883	IS_AST_PARENT	
2870	2881	IS_AST_PARENT	
2891	2892	IS_AST_PARENT	
2890	2891	IS_AST_PARENT	
2894	2895	IS_AST_PARENT	
2893	2894	IS_AST_PARENT	
2896	2897	IS_AST_PARENT	
2893	2896	IS_AST_PARENT	
2898	2899	IS_AST_PARENT	
2893	2898	IS_AST_PARENT	
2890	2893	IS_AST_PARENT	
2889	2890	IS_AST_PARENT	
2888	2889	IS_AST_PARENT	
2870	2888	IS_AST_PARENT	
2852	2870	IS_AST_PARENT	
2834	2852	IS_AST_PARENT	
2833	2834	IS_AST_PARENT	
2833	2900	IS_AST_PARENT	
2833	2901	IS_AST_PARENT	
2903	2904	IS_AST_PARENT	
2903	2905	IS_AST_PARENT	
2902	2903	IS_AST_PARENT	
2906	2907	IS_AST_PARENT	
2906	2908	IS_AST_PARENT	
2902	2906	IS_AST_PARENT	
2909	2910	IS_AST_PARENT	
2909	2911	IS_AST_PARENT	
2902	2909	IS_AST_PARENT	
2912	2913	IS_AST_PARENT	
2912	2914	IS_AST_PARENT	
2902	2912	IS_AST_PARENT	
2915	2916	IS_AST_PARENT	
2915	2917	IS_AST_PARENT	
2902	2915	IS_AST_PARENT	
2833	2902	IS_AST_PARENT	
2918	2903	FLOWS_TO	
2903	2906	FLOWS_TO	
2906	2909	FLOWS_TO	
2909	2912	FLOWS_TO	
2912	2915	FLOWS_TO	
2915	2835	FLOWS_TO	
2835	2839	FLOWS_TO	
2839	2844	FLOWS_TO	
2844	2851	FLOWS_TO	
2844	2853	FLOWS_TO	
2851	2919	FLOWS_TO	
2857	2871	FLOWS_TO	
2857	2919	FLOWS_TO	
2853	2857	FLOWS_TO	
2863	2857	FLOWS_TO	
2875	2889	FLOWS_TO	
2875	2863	FLOWS_TO	
2871	2875	FLOWS_TO	
2881	2875	FLOWS_TO	
2889	2881	FLOWS_TO	
2912	2920	DEF	
2875	2920	USE	
2844	2921	USE	
2906	2922	DEF	
2875	2922	USE	
2871	2922	USE	
2872	2922	USE	
2915	2923	DEF	
2857	2923	USE	
2903	2924	DEF	
2844	2924	USE	
2847	2924	USE	
2889	2924	USE	
2894	2924	USE	
2909	2925	DEF	
2857	2925	USE	
2853	2925	USE	
2854	2925	USE	
2835	2926	DEF	
2836	2926	DEF	
2857	2926	USE	
2853	2926	DEF	
2854	2926	DEF	
2863	2926	USE	
2863	2926	DEF	
2889	2926	USE	
2898	2926	USE	
2839	2927	DEF	
2840	2927	DEF	
2875	2927	USE	
2871	2927	DEF	
2872	2927	DEF	
2881	2927	DEF	
2881	2927	USE	
2889	2927	USE	
2896	2927	USE	
2844	2928	USE	
2915	2857	REACHES	h
2853	2857	REACHES	i
2863	2857	REACHES	i
2853	2863	REACHES	i
2863	2863	REACHES	i
2853	2889	REACHES	i
2863	2889	REACHES	i
2871	2875	REACHES	j
2881	2875	REACHES	j
2871	2881	REACHES	j
2881	2881	REACHES	j
2871	2889	REACHES	j
2881	2889	REACHES	j
2912	2875	REACHES	w
2906	2875	REACHES	x
2906	2871	REACHES	x
2903	2844	REACHES	tm
2909	2857	REACHES	y
2909	2853	REACHES	y
2903	2889	REACHES	tm
2918	2903	CONTROLS	
2918	2906	CONTROLS	
2918	2909	CONTROLS	
2918	2912	CONTROLS	
2918	2915	CONTROLS	
2918	2835	CONTROLS	
2918	2839	CONTROLS	
2918	2844	CONTROLS	
2844	2851	CONTROLS	
2844	2853	CONTROLS	
2844	2857	CONTROLS	
2857	2871	CONTROLS	
2857	2875	CONTROLS	
2857	2863	CONTROLS	
2875	2889	CONTROLS	
2875	2881	CONTROLS	
2871	2875	DOM	
2915	2835	DOM	
2839	2844	DOM	
2844	2851	DOM	
2844	2919	DOM	
2918	2903	DOM	
2912	2915	DOM	
2857	2871	DOM	
2844	2853	DOM	
2918	2918	DOM	
2909	2912	DOM	
2875	2863	DOM	
2875	2889	DOM	
2835	2839	DOM	
2903	2906	DOM	
2906	2909	DOM	
2853	2857	DOM	
2889	2881	DOM	
2863	2875	POST_DOM	
2919	2844	POST_DOM	
2839	2835	POST_DOM	
2919	2851	POST_DOM	
2919	2919	POST_DOM	
2906	2903	POST_DOM	
2835	2915	POST_DOM	
2875	2871	POST_DOM	
2857	2853	POST_DOM	
2903	2918	POST_DOM	
2915	2912	POST_DOM	
2857	2863	POST_DOM	
2881	2889	POST_DOM	
2844	2839	POST_DOM	
2912	2909	POST_DOM	
2909	2906	POST_DOM	
2919	2857	POST_DOM	
2875	2881	POST_DOM	
2832	2833	IS_FUNCTION_OF_AST	
2832	2918	IS_FUNCTION_OF_CFG	
1	2832	IS_FILE_OF	
2936	2937	IS_AST_PARENT	
2938	2939	IS_AST_PARENT	
2938	2940	IS_AST_PARENT	
2936	2938	IS_AST_PARENT	
2935	2936	IS_AST_PARENT	
2934	2935	IS_AST_PARENT	
2934	2941	IS_AST_PARENT	
2946	2947	IS_AST_PARENT	
2945	2946	IS_AST_PARENT	
2949	2950	IS_AST_PARENT	
2948	2949	IS_AST_PARENT	
2951	2952	IS_AST_PARENT	
2948	2951	IS_AST_PARENT	
2953	2954	IS_AST_PARENT	
2948	2953	IS_AST_PARENT	
2945	2948	IS_AST_PARENT	
2944	2945	IS_AST_PARENT	
2943	2944	IS_AST_PARENT	
2955	2956	IS_AST_PARENT	
2943	2955	IS_AST_PARENT	
2942	2943	IS_AST_PARENT	
2934	2942	IS_AST_PARENT	
2933	2934	IS_AST_PARENT	
2933	2957	IS_AST_PARENT	
2932	2933	IS_AST_PARENT	
2958	2959	IS_AST_PARENT	
2932	2958	IS_AST_PARENT	
2931	2932	IS_AST_PARENT	
2961	2962	IS_AST_PARENT	
2961	2963	IS_AST_PARENT	
2960	2961	IS_AST_PARENT	
2931	2960	IS_AST_PARENT	
2930	2931	IS_AST_PARENT	
2930	2964	IS_AST_PARENT	
2930	2965	IS_AST_PARENT	
2967	2968	IS_AST_PARENT	
2967	2969	IS_AST_PARENT	
2966	2967	IS_AST_PARENT	
2930	2966	IS_AST_PARENT	
2970	2967	FLOWS_TO	
2967	2935	FLOWS_TO	
2958	2935	FLOWS_TO	
2958	2960	FLOWS_TO	
2935	2944	FLOWS_TO	
2935	2957	FLOWS_TO	
2944	2955	FLOWS_TO	
2955	2971	FLOWS_TO	
2957	2958	FLOWS_TO	
2960	2971	FLOWS_TO	
2944	2972	USE	
2951	2972	USE	
2967	2973	DEF	
2935	2973	USE	
2960	2973	USE	
2961	2973	USE	
2960	2974	USE	
2960	2975	USE	
2967	2935	REACHES	tm
2967	2960	REACHES	tm
2970	2967	CONTROLS	
2970	2935	CONTROLS	
2958	2935	CONTROLS	
2958	2960	CONTROLS	
2935	2944	CONTROLS	
2935	2955	CONTROLS	
2935	2957	CONTROLS	
2935	2958	CONTROLS	
2935	2971	DOM	
2970	2970	DOM	
2957	2958	DOM	
2958	2960	DOM	
2935	2957	DOM	
2967	2935	DOM	
2935	2944	DOM	
2944	2955	DOM	
2970	2967	DOM	
2971	2971	POST_DOM	
2967	2970	POST_DOM	
2971	2958	POST_DOM	
2971	2960	POST_DOM	
2958	2957	POST_DOM	
2971	2955	POST_DOM	
2955	2944	POST_DOM	
2971	2935	POST_DOM	
2935	2967	POST_DOM	
2929	2930	IS_FUNCTION_OF_AST	
2929	2970	IS_FUNCTION_OF_CFG	
1	2929	IS_FILE_OF	
2983	2984	IS_AST_PARENT	
2985	2986	IS_AST_PARENT	
2985	2987	IS_AST_PARENT	
2983	2985	IS_AST_PARENT	
2982	2983	IS_AST_PARENT	
2981	2982	IS_AST_PARENT	
2981	2988	IS_AST_PARENT	
2993	2994	IS_AST_PARENT	
2992	2993	IS_AST_PARENT	
2996	2997	IS_AST_PARENT	
2995	2996	IS_AST_PARENT	
2998	2999	IS_AST_PARENT	
2995	2998	IS_AST_PARENT	
3000	3001	IS_AST_PARENT	
2995	3000	IS_AST_PARENT	
2992	2995	IS_AST_PARENT	
2991	2992	IS_AST_PARENT	
2990	2991	IS_AST_PARENT	
3002	3003	IS_AST_PARENT	
2990	3002	IS_AST_PARENT	
2989	2990	IS_AST_PARENT	
2981	2989	IS_AST_PARENT	
2980	2981	IS_AST_PARENT	
2980	3004	IS_AST_PARENT	
2979	2980	IS_AST_PARENT	
3005	3006	IS_AST_PARENT	
2979	3005	IS_AST_PARENT	
2978	2979	IS_AST_PARENT	
3008	3009	IS_AST_PARENT	
3008	3010	IS_AST_PARENT	
3007	3008	IS_AST_PARENT	
2978	3007	IS_AST_PARENT	
2977	2978	IS_AST_PARENT	
2977	3011	IS_AST_PARENT	
2977	3012	IS_AST_PARENT	
3014	3015	IS_AST_PARENT	
3014	3016	IS_AST_PARENT	
3013	3014	IS_AST_PARENT	
2977	3013	IS_AST_PARENT	
3017	3014	FLOWS_TO	
3014	2982	FLOWS_TO	
3005	2982	FLOWS_TO	
3005	3007	FLOWS_TO	
2982	2991	FLOWS_TO	
2982	3004	FLOWS_TO	
2991	3002	FLOWS_TO	
3002	3018	FLOWS_TO	
3004	3005	FLOWS_TO	
3007	3018	FLOWS_TO	
2991	3019	USE	
2998	3019	USE	
3007	3020	USE	
3014	3021	DEF	
2982	3021	USE	
3007	3021	USE	
3008	3021	USE	
3007	3022	USE	
3014	2982	REACHES	tm
3014	3007	REACHES	tm
3017	3014	CONTROLS	
3017	2982	CONTROLS	
3005	2982	CONTROLS	
3005	3007	CONTROLS	
2982	2991	CONTROLS	
2982	3002	CONTROLS	
2982	3004	CONTROLS	
2982	3005	CONTROLS	
3004	3005	DOM	
3017	3014	DOM	
2991	3002	DOM	
3014	2982	DOM	
2982	3018	DOM	
2982	2991	DOM	
2982	3004	DOM	
3017	3017	DOM	
3005	3007	DOM	
3018	3005	POST_DOM	
3018	3002	POST_DOM	
2982	3014	POST_DOM	
3018	2982	POST_DOM	
3018	3018	POST_DOM	
3002	2991	POST_DOM	
3005	3004	POST_DOM	
3014	3017	POST_DOM	
3018	3007	POST_DOM	
2976	2977	IS_FUNCTION_OF_AST	
2976	3017	IS_FUNCTION_OF_CFG	
1	2976	IS_FILE_OF	
3030	3031	IS_AST_PARENT	
3032	3033	IS_AST_PARENT	
3032	3034	IS_AST_PARENT	
3030	3032	IS_AST_PARENT	
3029	3030	IS_AST_PARENT	
3028	3029	IS_AST_PARENT	
3028	3035	IS_AST_PARENT	
3040	3041	IS_AST_PARENT	
3039	3040	IS_AST_PARENT	
3043	3044	IS_AST_PARENT	
3042	3043	IS_AST_PARENT	
3045	3046	IS_AST_PARENT	
3042	3045	IS_AST_PARENT	
3047	3048	IS_AST_PARENT	
3042	3047	IS_AST_PARENT	
3039	3042	IS_AST_PARENT	
3038	3039	IS_AST_PARENT	
3037	3038	IS_AST_PARENT	
3049	3050	IS_AST_PARENT	
3037	3049	IS_AST_PARENT	
3036	3037	IS_AST_PARENT	
3028	3036	IS_AST_PARENT	
3027	3028	IS_AST_PARENT	
3027	3051	IS_AST_PARENT	
3026	3027	IS_AST_PARENT	
3052	3053	IS_AST_PARENT	
3026	3052	IS_AST_PARENT	
3025	3026	IS_AST_PARENT	
3055	3056	IS_AST_PARENT	
3055	3057	IS_AST_PARENT	
3054	3055	IS_AST_PARENT	
3025	3054	IS_AST_PARENT	
3024	3025	IS_AST_PARENT	
3024	3058	IS_AST_PARENT	
3024	3059	IS_AST_PARENT	
3061	3062	IS_AST_PARENT	
3061	3063	IS_AST_PARENT	
3060	3061	IS_AST_PARENT	
3024	3060	IS_AST_PARENT	
3064	3061	FLOWS_TO	
3061	3029	FLOWS_TO	
3052	3029	FLOWS_TO	
3052	3054	FLOWS_TO	
3029	3038	FLOWS_TO	
3029	3051	FLOWS_TO	
3038	3049	FLOWS_TO	
3049	3065	FLOWS_TO	
3051	3052	FLOWS_TO	
3054	3065	FLOWS_TO	
3038	3066	USE	
3045	3066	USE	
3054	3067	USE	
3061	3068	DEF	
3029	3068	USE	
3054	3068	USE	
3055	3068	USE	
3054	3069	USE	
3061	3029	REACHES	tm
3061	3054	REACHES	tm
3064	3061	CONTROLS	
3064	3029	CONTROLS	
3052	3029	CONTROLS	
3052	3054	CONTROLS	
3029	3038	CONTROLS	
3029	3049	CONTROLS	
3029	3051	CONTROLS	
3029	3052	CONTROLS	
3064	3064	DOM	
3029	3051	DOM	
3051	3052	DOM	
3052	3054	DOM	
3029	3038	DOM	
3064	3061	DOM	
3038	3049	DOM	
3061	3029	DOM	
3029	3065	DOM	
3061	3064	POST_DOM	
3065	3052	POST_DOM	
3052	3051	POST_DOM	
3065	3054	POST_DOM	
3049	3038	POST_DOM	
3065	3049	POST_DOM	
3029	3061	POST_DOM	
3065	3065	POST_DOM	
3065	3029	POST_DOM	
3023	3024	IS_FUNCTION_OF_AST	
3023	3064	IS_FUNCTION_OF_CFG	
1	3023	IS_FILE_OF	
3074	3075	IS_AST_PARENT	
3074	3076	IS_AST_PARENT	
3077	3078	IS_AST_PARENT	
3079	3080	IS_AST_PARENT	
3079	3081	IS_AST_PARENT	
3077	3079	IS_AST_PARENT	
3074	3077	IS_AST_PARENT	
3073	3074	IS_AST_PARENT	
3072	3073	IS_AST_PARENT	
3084	3085	IS_AST_PARENT	
3084	3086	IS_AST_PARENT	
3083	3084	IS_AST_PARENT	
3082	3083	IS_AST_PARENT	
3088	3089	IS_AST_PARENT	
3087	3088	IS_AST_PARENT	
3082	3087	IS_AST_PARENT	
3072	3082	IS_AST_PARENT	
3091	3092	IS_AST_PARENT	
3095	3096	IS_AST_PARENT	
3097	3098	IS_AST_PARENT	
3097	3099	IS_AST_PARENT	
3095	3097	IS_AST_PARENT	
3094	3095	IS_AST_PARENT	
3100	3101	IS_AST_PARENT	
3100	3102	IS_AST_PARENT	
3094	3100	IS_AST_PARENT	
3093	3094	IS_AST_PARENT	
3104	3105	IS_AST_PARENT	
3104	3106	IS_AST_PARENT	
3103	3104	IS_AST_PARENT	
3107	3108	IS_AST_PARENT	
3107	3109	IS_AST_PARENT	
3103	3107	IS_AST_PARENT	
3093	3103	IS_AST_PARENT	
3091	3093	IS_AST_PARENT	
3090	3091	IS_AST_PARENT	
3072	3090	IS_AST_PARENT	
3111	3112	IS_AST_PARENT	
3110	3111	IS_AST_PARENT	
3116	3117	IS_AST_PARENT	
3116	3118	IS_AST_PARENT	
3115	3116	IS_AST_PARENT	
3114	3115	IS_AST_PARENT	
3121	3122	IS_AST_PARENT	
3121	3123	IS_AST_PARENT	
3124	3125	IS_AST_PARENT	
3126	3127	IS_AST_PARENT	
3126	3128	IS_AST_PARENT	
3124	3126	IS_AST_PARENT	
3121	3124	IS_AST_PARENT	
3120	3121	IS_AST_PARENT	
3119	3120	IS_AST_PARENT	
3130	3131	IS_AST_PARENT	
3130	3132	IS_AST_PARENT	
3133	3134	IS_AST_PARENT	
3135	3136	IS_AST_PARENT	
3137	3138	IS_AST_PARENT	
3139	3140	IS_AST_PARENT	
3139	3141	IS_AST_PARENT	
3137	3139	IS_AST_PARENT	
3135	3137	IS_AST_PARENT	
3133	3135	IS_AST_PARENT	
3130	3133	IS_AST_PARENT	
3129	3130	IS_AST_PARENT	
3119	3129	IS_AST_PARENT	
3143	3144	IS_AST_PARENT	
3143	3145	IS_AST_PARENT	
3142	3143	IS_AST_PARENT	
3119	3142	IS_AST_PARENT	
3147	3148	IS_AST_PARENT	
3147	3149	IS_AST_PARENT	
3146	3147	IS_AST_PARENT	
3119	3146	IS_AST_PARENT	
3152	3153	IS_AST_PARENT	
3152	3154	IS_AST_PARENT	
3151	3152	IS_AST_PARENT	
3150	3151	IS_AST_PARENT	
3156	3157	IS_AST_PARENT	
3158	3159	IS_AST_PARENT	
3158	3160	IS_AST_PARENT	
3156	3158	IS_AST_PARENT	
3155	3156	IS_AST_PARENT	
3150	3155	IS_AST_PARENT	
3161	3162	IS_AST_PARENT	
3161	3163	IS_AST_PARENT	
3150	3161	IS_AST_PARENT	
3166	3167	IS_AST_PARENT	
3166	3168	IS_AST_PARENT	
3165	3166	IS_AST_PARENT	
3164	3165	IS_AST_PARENT	
3170	3171	IS_AST_PARENT	
3172	3173	IS_AST_PARENT	
3172	3174	IS_AST_PARENT	
3170	3172	IS_AST_PARENT	
3169	3170	IS_AST_PARENT	
3164	3169	IS_AST_PARENT	
3176	3177	IS_AST_PARENT	
3176	3178	IS_AST_PARENT	
3175	3176	IS_AST_PARENT	
3179	3180	IS_AST_PARENT	
3179	3181	IS_AST_PARENT	
3175	3179	IS_AST_PARENT	
3164	3175	IS_AST_PARENT	
3186	3187	IS_AST_PARENT	
3185	3186	IS_AST_PARENT	
3190	3191	IS_AST_PARENT	
3190	3192	IS_AST_PARENT	
3189	3190	IS_AST_PARENT	
3188	3189	IS_AST_PARENT	
3185	3188	IS_AST_PARENT	
3184	3185	IS_AST_PARENT	
3183	3184	IS_AST_PARENT	
3195	3196	IS_AST_PARENT	
3195	3197	IS_AST_PARENT	
3194	3195	IS_AST_PARENT	
3193	3194	IS_AST_PARENT	
3183	3193	IS_AST_PARENT	
3182	3183	IS_AST_PARENT	
3164	3182	IS_AST_PARENT	
3150	3164	IS_AST_PARENT	
3119	3150	IS_AST_PARENT	
3114	3119	IS_AST_PARENT	
3113	3114	IS_AST_PARENT	
3110	3113	IS_AST_PARENT	
3201	3202	IS_AST_PARENT	
3204	3205	IS_AST_PARENT	
3206	3207	IS_AST_PARENT	
3206	3208	IS_AST_PARENT	
3204	3206	IS_AST_PARENT	
3203	3204	IS_AST_PARENT	
3210	3211	IS_AST_PARENT	
3210	3212	IS_AST_PARENT	
3209	3210	IS_AST_PARENT	
3213	3214	IS_AST_PARENT	
3213	3215	IS_AST_PARENT	
3209	3213	IS_AST_PARENT	
3203	3209	IS_AST_PARENT	
3201	3203	IS_AST_PARENT	
3200	3201	IS_AST_PARENT	
3199	3200	IS_AST_PARENT	
3198	3199	IS_AST_PARENT	
3110	3198	IS_AST_PARENT	
3072	3110	IS_AST_PARENT	
3216	3217	IS_AST_PARENT	
3072	3216	IS_AST_PARENT	
3071	3072	IS_AST_PARENT	
3071	3218	IS_AST_PARENT	
3071	3219	IS_AST_PARENT	
3221	3222	IS_AST_PARENT	
3221	3223	IS_AST_PARENT	
3220	3221	IS_AST_PARENT	
3224	3225	IS_AST_PARENT	
3224	3226	IS_AST_PARENT	
3220	3224	IS_AST_PARENT	
3071	3220	IS_AST_PARENT	
3227	3221	FLOWS_TO	
3221	3224	FLOWS_TO	
3224	3073	FLOWS_TO	
3073	3083	FLOWS_TO	
3083	3088	FLOWS_TO	
3083	3090	FLOWS_TO	
3088	3228	FLOWS_TO	
3090	3111	FLOWS_TO	
3111	3115	FLOWS_TO	
3111	3200	FLOWS_TO	
3115	3120	FLOWS_TO	
3115	3216	FLOWS_TO	
3120	3129	FLOWS_TO	
3129	3142	FLOWS_TO	
3142	3146	FLOWS_TO	
3146	3151	FLOWS_TO	
3155	3165	FLOWS_TO	
3155	3216	FLOWS_TO	
3151	3155	FLOWS_TO	
3161	3155	FLOWS_TO	
3169	3184	FLOWS_TO	
3169	3161	FLOWS_TO	
3165	3169	FLOWS_TO	
3175	3169	FLOWS_TO	
3184	3194	FLOWS_TO	
3184	3175	FLOWS_TO	
3194	3175	FLOWS_TO	
3200	3216	FLOWS_TO	
3216	3228	FLOWS_TO	
3073	3229	DEF	
3074	3229	DEF	
3077	3229	DEF	
3090	3229	DEF	
3091	3229	DEF	
3090	3229	USE	
3091	3229	USE	
3194	3229	USE	
3195	3229	USE	
3194	3229	DEF	
3195	3229	DEF	
3200	3229	DEF	
3201	3229	DEF	
3200	3229	USE	
3201	3229	USE	
3216	3229	USE	
3115	3230	USE	
3120	3230	USE	
3124	3230	USE	
3142	3231	DEF	
3143	3231	DEF	
3155	3231	USE	
3151	3231	DEF	
3152	3231	DEF	
3161	3231	USE	
3161	3231	DEF	
3146	3232	DEF	
3147	3232	DEF	
3169	3232	USE	
3165	3232	DEF	
3166	3232	DEF	
3175	3232	DEF	
3176	3232	DEF	
3175	3232	USE	
3176	3232	USE	
3090	3233	USE	
3091	3233	USE	
3169	3233	USE	
3120	3234	DEF	
3124	3234	DEF	
3121	3234	DEF	
3175	3234	DEF	
3179	3234	DEF	
3175	3234	USE	
3179	3234	USE	
3184	3234	USE	
3190	3234	USE	
3200	3235	USE	
3201	3235	USE	
3129	3236	DEF	
3133	3236	DEF	
3130	3236	DEF	
3194	3236	USE	
3195	3236	USE	
3224	3237	DEF	
3111	3237	USE	
3129	3238	USE	
3133	3238	USE	
3200	3238	USE	
3201	3238	USE	
3221	3239	DEF	
3083	3239	USE	
3090	3239	USE	
3097	3239	USE	
3100	3239	USE	
3115	3239	USE	
3116	3239	USE	
3120	3239	USE	
3126	3239	USE	
3129	3239	USE	
3139	3239	USE	
3155	3239	USE	
3158	3239	USE	
3169	3239	USE	
3172	3239	USE	
3200	3239	USE	
3210	3239	USE	
3206	3239	USE	
3213	3239	USE	
3200	3240	USE	
3201	3240	USE	
3184	3241	USE	
3189	3241	USE	
3090	3242	USE	
3091	3242	USE	
3115	3242	USE	
3120	3242	USE	
3124	3242	USE	
3129	3242	USE	
3133	3242	USE	
3155	3242	USE	
3169	3242	USE	
3200	3242	USE	
3201	3242	USE	
3090	3243	USE	
3091	3243	USE	
3155	3243	USE	
3184	3244	USE	
3073	3090	REACHES	memsize
3194	3194	REACHES	memsize
3090	3194	REACHES	memsize
3090	3200	REACHES	memsize
3194	3216	REACHES	memsize
3090	3216	REACHES	memsize
3200	3216	REACHES	memsize
3120	3175	REACHES	tiles
3175	3175	REACHES	tiles
3120	3184	REACHES	tiles
3175	3184	REACHES	tiles
3151	3155	REACHES	i
3161	3155	REACHES	i
3151	3161	REACHES	i
3161	3161	REACHES	i
3165	3169	REACHES	j
3175	3169	REACHES	j
3165	3175	REACHES	j
3175	3175	REACHES	j
3129	3194	REACHES	size
3224	3111	REACHES	sparse
3221	3083	REACHES	tm
3221	3090	REACHES	tm
3221	3115	REACHES	tm
3221	3120	REACHES	tm
3221	3129	REACHES	tm
3221	3155	REACHES	tm
3221	3169	REACHES	tm
3221	3200	REACHES	tm
3227	3221	CONTROLS	
3227	3224	CONTROLS	
3227	3073	CONTROLS	
3227	3083	CONTROLS	
3083	3088	CONTROLS	
3083	3090	CONTROLS	
3083	3111	CONTROLS	
3083	3216	CONTROLS	
3111	3115	CONTROLS	
3111	3200	CONTROLS	
3115	3120	CONTROLS	
3115	3129	CONTROLS	
3115	3142	CONTROLS	
3115	3146	CONTROLS	
3115	3151	CONTROLS	
3115	3155	CONTROLS	
3155	3165	CONTROLS	
3155	3169	CONTROLS	
3155	3161	CONTROLS	
3169	3184	CONTROLS	
3169	3175	CONTROLS	
3184	3194	CONTROLS	
3227	3221	DOM	
3111	3200	DOM	
3111	3115	DOM	
3146	3151	DOM	
3111	3216	DOM	
3090	3111	DOM	
3227	3227	DOM	
3129	3142	DOM	
3155	3165	DOM	
3224	3073	DOM	
3083	3088	DOM	
3221	3224	DOM	
3169	3184	DOM	
3083	3228	DOM	
3165	3169	DOM	
3120	3129	DOM	
3142	3146	DOM	
3073	3083	DOM	
3184	3175	DOM	
3151	3155	DOM	
3184	3194	DOM	
3169	3161	DOM	
3115	3120	DOM	
3083	3090	DOM	
3224	3221	POST_DOM	
3216	3200	POST_DOM	
3216	3115	POST_DOM	
3155	3151	POST_DOM	
3228	3216	POST_DOM	
3216	3111	POST_DOM	
3221	3227	POST_DOM	
3146	3142	POST_DOM	
3169	3165	POST_DOM	
3083	3073	POST_DOM	
3228	3088	POST_DOM	
3073	3224	POST_DOM	
3175	3184	POST_DOM	
3228	3228	POST_DOM	
3161	3169	POST_DOM	
3151	3146	POST_DOM	
3142	3129	POST_DOM	
3228	3083	POST_DOM	
3169	3175	POST_DOM	
3216	3155	POST_DOM	
3155	3161	POST_DOM	
3175	3194	POST_DOM	
3129	3120	POST_DOM	
3111	3090	POST_DOM	
3070	3071	IS_FUNCTION_OF_AST	
3070	3227	IS_FUNCTION_OF_CFG	
1	3070	IS_FILE_OF	
3249	3250	IS_AST_PARENT	
3249	3251	IS_AST_PARENT	
3248	3249	IS_AST_PARENT	
3247	3248	IS_AST_PARENT	
3254	3255	IS_AST_PARENT	
3256	3257	IS_AST_PARENT	
3256	3258	IS_AST_PARENT	
3254	3256	IS_AST_PARENT	
3253	3254	IS_AST_PARENT	
3252	3253	IS_AST_PARENT	
3259	3260	IS_AST_PARENT	
3252	3259	IS_AST_PARENT	
3261	3262	IS_AST_PARENT	
3263	3264	IS_AST_PARENT	
3263	3265	IS_AST_PARENT	
3261	3263	IS_AST_PARENT	
3252	3261	IS_AST_PARENT	
3270	3271	IS_AST_PARENT	
3270	3272	IS_AST_PARENT	
3269	3270	IS_AST_PARENT	
3269	3273	IS_AST_PARENT	
3268	3269	IS_AST_PARENT	
3267	3268	IS_AST_PARENT	
3274	3275	IS_AST_PARENT	
3267	3274	IS_AST_PARENT	
3266	3267	IS_AST_PARENT	
3252	3266	IS_AST_PARENT	
3247	3252	IS_AST_PARENT	
3278	3279	IS_AST_PARENT	
3280	3281	IS_AST_PARENT	
3280	3282	IS_AST_PARENT	
3278	3280	IS_AST_PARENT	
3277	3278	IS_AST_PARENT	
3276	3277	IS_AST_PARENT	
3286	3287	IS_AST_PARENT	
3285	3286	IS_AST_PARENT	
3289	3290	IS_AST_PARENT	
3288	3289	IS_AST_PARENT	
3291	3292	IS_AST_PARENT	
3288	3291	IS_AST_PARENT	
3293	3294	IS_AST_PARENT	
3288	3293	IS_AST_PARENT	
3295	3296	IS_AST_PARENT	
3288	3295	IS_AST_PARENT	
3285	3288	IS_AST_PARENT	
3284	3285	IS_AST_PARENT	
3283	3284	IS_AST_PARENT	
3297	3298	IS_AST_PARENT	
3283	3297	IS_AST_PARENT	
3276	3283	IS_AST_PARENT	
3247	3276	IS_AST_PARENT	
3300	3301	IS_AST_PARENT	
3300	3302	IS_AST_PARENT	
3299	3300	IS_AST_PARENT	
3247	3299	IS_AST_PARENT	
3246	3247	IS_AST_PARENT	
3246	3303	IS_AST_PARENT	
3246	3304	IS_AST_PARENT	
3306	3307	IS_AST_PARENT	
3306	3308	IS_AST_PARENT	
3305	3306	IS_AST_PARENT	
3309	3310	IS_AST_PARENT	
3309	3311	IS_AST_PARENT	
3305	3309	IS_AST_PARENT	
3246	3305	IS_AST_PARENT	
3312	3306	FLOWS_TO	
3306	3309	FLOWS_TO	
3309	3248	FLOWS_TO	
3248	3253	FLOWS_TO	
3259	3268	FLOWS_TO	
3259	3277	FLOWS_TO	
3253	3259	FLOWS_TO	
3261	3259	FLOWS_TO	
3268	3275	FLOWS_TO	
3268	3261	FLOWS_TO	
3275	3277	FLOWS_TO	
3277	3284	FLOWS_TO	
3277	3299	FLOWS_TO	
3284	3297	FLOWS_TO	
3297	3313	FLOWS_TO	
3299	3313	FLOWS_TO	
3253	3314	USE	
3254	3314	USE	
3253	3315	USE	
3254	3315	USE	
3309	3316	DEF	
3253	3316	USE	
3256	3316	USE	
3248	3317	DEF	
3249	3317	DEF	
3259	3317	USE	
3253	3317	DEF	
3254	3317	DEF	
3261	3317	USE	
3263	3317	USE	
3261	3317	DEF	
3268	3317	USE	
3270	3317	USE	
3277	3317	USE	
3299	3317	USE	
3300	3317	USE	
3284	3318	USE	
3291	3318	USE	
3306	3319	DEF	
3268	3319	USE	
3268	3320	USE	
3261	3321	USE	
3268	3321	USE	
3299	3321	USE	
3261	3322	USE	
3299	3323	USE	
3309	3253	REACHES	tile
3261	3268	REACHES	tl
3261	3259	REACHES	tl
3253	3259	REACHES	tl
3261	3261	REACHES	tl
3253	3261	REACHES	tl
3253	3268	REACHES	tl
3261	3277	REACHES	tl
3253	3277	REACHES	tl
3261	3299	REACHES	tl
3253	3299	REACHES	tl
3306	3268	REACHES	tm
3312	3306	CONTROLS	
3312	3309	CONTROLS	
3312	3248	CONTROLS	
3312	3253	CONTROLS	
3312	3259	CONTROLS	
3312	3277	CONTROLS	
3259	3268	CONTROLS	
3268	3275	CONTROLS	
3268	3261	CONTROLS	
3268	3259	CONTROLS	
3277	3284	CONTROLS	
3277	3297	CONTROLS	
3277	3299	CONTROLS	
3268	3261	DOM	
3248	3253	DOM	
3312	3312	DOM	
3309	3248	DOM	
3259	3268	DOM	
3312	3306	DOM	
3268	3275	DOM	
3306	3309	DOM	
3253	3259	DOM	
3277	3299	DOM	
3259	3277	DOM	
3277	3313	DOM	
3284	3297	DOM	
3277	3284	DOM	
3259	3261	POST_DOM	
3259	3253	POST_DOM	
3253	3248	POST_DOM	
3306	3312	POST_DOM	
3277	3268	POST_DOM	
3309	3306	POST_DOM	
3277	3275	POST_DOM	
3277	3259	POST_DOM	
3248	3309	POST_DOM	
3313	3299	POST_DOM	
3313	3277	POST_DOM	
3313	3313	POST_DOM	
3313	3297	POST_DOM	
3297	3284	POST_DOM	
3245	3246	IS_FUNCTION_OF_AST	
3245	3312	IS_FUNCTION_OF_CFG	
1	3245	IS_FILE_OF	
3328	3329	IS_AST_PARENT	
3328	3330	IS_AST_PARENT	
3327	3328	IS_AST_PARENT	
3326	3327	IS_AST_PARENT	
3335	3336	IS_AST_PARENT	
3337	3338	IS_AST_PARENT	
3337	3339	IS_AST_PARENT	
3335	3337	IS_AST_PARENT	
3334	3335	IS_AST_PARENT	
3333	3334	IS_AST_PARENT	
3333	3340	IS_AST_PARENT	
3345	3346	IS_AST_PARENT	
3344	3345	IS_AST_PARENT	
3348	3349	IS_AST_PARENT	
3347	3348	IS_AST_PARENT	
3350	3351	IS_AST_PARENT	
3347	3350	IS_AST_PARENT	
3352	3353	IS_AST_PARENT	
3347	3352	IS_AST_PARENT	
3344	3347	IS_AST_PARENT	
3343	3344	IS_AST_PARENT	
3342	3343	IS_AST_PARENT	
3342	3354	IS_AST_PARENT	
3341	3342	IS_AST_PARENT	
3333	3341	IS_AST_PARENT	
3332	3333	IS_AST_PARENT	
3332	3355	IS_AST_PARENT	
3331	3332	IS_AST_PARENT	
3356	3357	IS_AST_PARENT	
3331	3356	IS_AST_PARENT	
3326	3331	IS_AST_PARENT	
3362	3363	IS_AST_PARENT	
3364	3365	IS_AST_PARENT	
3364	3366	IS_AST_PARENT	
3362	3364	IS_AST_PARENT	
3361	3362	IS_AST_PARENT	
3360	3361	IS_AST_PARENT	
3360	3367	IS_AST_PARENT	
3372	3373	IS_AST_PARENT	
3371	3372	IS_AST_PARENT	
3375	3376	IS_AST_PARENT	
3374	3375	IS_AST_PARENT	
3377	3378	IS_AST_PARENT	
3374	3377	IS_AST_PARENT	
3379	3380	IS_AST_PARENT	
3374	3379	IS_AST_PARENT	
3371	3374	IS_AST_PARENT	
3370	3371	IS_AST_PARENT	
3369	3370	IS_AST_PARENT	
3369	3381	IS_AST_PARENT	
3368	3369	IS_AST_PARENT	
3360	3368	IS_AST_PARENT	
3359	3360	IS_AST_PARENT	
3359	3382	IS_AST_PARENT	
3358	3359	IS_AST_PARENT	
3383	3384	IS_AST_PARENT	
3358	3383	IS_AST_PARENT	
3326	3358	IS_AST_PARENT	
3390	3391	IS_AST_PARENT	
3392	3393	IS_AST_PARENT	
3392	3394	IS_AST_PARENT	
3390	3392	IS_AST_PARENT	
3389	3390	IS_AST_PARENT	
3395	3396	IS_AST_PARENT	
3397	3398	IS_AST_PARENT	
3397	3399	IS_AST_PARENT	
3395	3397	IS_AST_PARENT	
3389	3395	IS_AST_PARENT	
3388	3389	IS_AST_PARENT	
3387	3388	IS_AST_PARENT	
3387	3400	IS_AST_PARENT	
3405	3406	IS_AST_PARENT	
3404	3405	IS_AST_PARENT	
3408	3409	IS_AST_PARENT	
3407	3408	IS_AST_PARENT	
3410	3411	IS_AST_PARENT	
3407	3410	IS_AST_PARENT	
3412	3413	IS_AST_PARENT	
3407	3412	IS_AST_PARENT	
3404	3407	IS_AST_PARENT	
3403	3404	IS_AST_PARENT	
3402	3403	IS_AST_PARENT	
3402	3414	IS_AST_PARENT	
3401	3402	IS_AST_PARENT	
3387	3401	IS_AST_PARENT	
3386	3387	IS_AST_PARENT	
3386	3415	IS_AST_PARENT	
3385	3386	IS_AST_PARENT	
3416	3417	IS_AST_PARENT	
3385	3416	IS_AST_PARENT	
3326	3385	IS_AST_PARENT	
3419	3420	IS_AST_PARENT	
3422	3423	IS_AST_PARENT	
3421	3422	IS_AST_PARENT	
3425	3426	IS_AST_PARENT	
3424	3425	IS_AST_PARENT	
3427	3428	IS_AST_PARENT	
3424	3427	IS_AST_PARENT	
3421	3424	IS_AST_PARENT	
3419	3421	IS_AST_PARENT	
3418	3419	IS_AST_PARENT	
3326	3418	IS_AST_PARENT	
3431	3432	IS_AST_PARENT	
3431	3433	IS_AST_PARENT	
3430	3431	IS_AST_PARENT	
3434	3435	IS_AST_PARENT	
3436	3437	IS_AST_PARENT	
3436	3438	IS_AST_PARENT	
3434	3436	IS_AST_PARENT	
3430	3434	IS_AST_PARENT	
3429	3430	IS_AST_PARENT	
3326	3429	IS_AST_PARENT	
3441	3442	IS_AST_PARENT	
3441	3443	IS_AST_PARENT	
3440	3441	IS_AST_PARENT	
3444	3445	IS_AST_PARENT	
3446	3447	IS_AST_PARENT	
3446	3448	IS_AST_PARENT	
3444	3446	IS_AST_PARENT	
3440	3444	IS_AST_PARENT	
3439	3440	IS_AST_PARENT	
3326	3439	IS_AST_PARENT	
3325	3326	IS_AST_PARENT	
3325	3449	IS_AST_PARENT	
3325	3450	IS_AST_PARENT	
3452	3453	IS_AST_PARENT	
3452	3454	IS_AST_PARENT	
3451	3452	IS_AST_PARENT	
3455	3456	IS_AST_PARENT	
3455	3457	IS_AST_PARENT	
3451	3455	IS_AST_PARENT	
3458	3459	IS_AST_PARENT	
3458	3460	IS_AST_PARENT	
3451	3458	IS_AST_PARENT	
3461	3462	IS_AST_PARENT	
3461	3463	IS_AST_PARENT	
3451	3461	IS_AST_PARENT	
3325	3451	IS_AST_PARENT	
3464	3452	FLOWS_TO	
3452	3455	FLOWS_TO	
3455	3458	FLOWS_TO	
3458	3461	FLOWS_TO	
3461	3327	FLOWS_TO	
3327	3334	FLOWS_TO	
3356	3334	FLOWS_TO	
3356	3361	FLOWS_TO	
3334	3343	FLOWS_TO	
3334	3355	FLOWS_TO	
3343	3354	FLOWS_TO	
3354	3465	FLOWS_TO	
3355	3356	FLOWS_TO	
3383	3361	FLOWS_TO	
3383	3388	FLOWS_TO	
3361	3370	FLOWS_TO	
3361	3382	FLOWS_TO	
3370	3381	FLOWS_TO	
3381	3465	FLOWS_TO	
3382	3383	FLOWS_TO	
3416	3388	FLOWS_TO	
3416	3418	FLOWS_TO	
3388	3403	FLOWS_TO	
3388	3415	FLOWS_TO	
3403	3414	FLOWS_TO	
3414	3465	FLOWS_TO	
3415	3416	FLOWS_TO	
3418	3429	FLOWS_TO	
3429	3439	FLOWS_TO	
3439	3465	FLOWS_TO	
3343	3466	USE	
3350	3466	USE	
3370	3466	USE	
3377	3466	USE	
3403	3466	USE	
3410	3466	USE	
3458	3467	DEF	
3388	3467	USE	
3429	3467	USE	
3431	3467	USE	
3418	3468	USE	
3419	3468	USE	
3461	3469	DEF	
3388	3469	USE	
3439	3469	USE	
3441	3469	USE	
3439	3470	DEF	
3440	3470	DEF	
3455	3471	DEF	
3361	3471	USE	
3418	3471	USE	
3427	3471	USE	
3452	3472	DEF	
3334	3472	USE	
3418	3472	USE	
3425	3472	USE	
3429	3472	USE	
3436	3472	USE	
3439	3472	USE	
3446	3472	USE	
3327	3473	DEF	
3328	3473	DEF	
3418	3473	DEF	
3419	3473	DEF	
3429	3473	USE	
3430	3473	USE	
3439	3473	USE	
3440	3473	USE	
3429	3474	USE	
3430	3474	USE	
3439	3474	USE	
3440	3474	USE	
3429	3475	USE	
3430	3475	USE	
3439	3475	USE	
3440	3475	USE	
3429	3476	DEF	
3430	3476	DEF	
3439	3465	REACHES	* tile_row
3418	3429	REACHES	tile_num
3418	3439	REACHES	tile_num
3458	3388	REACHES	tile_col
3458	3429	REACHES	tile_col
3461	3388	REACHES	tile_row
3461	3439	REACHES	tile_row
3455	3361	REACHES	tile
3455	3418	REACHES	tile
3452	3334	REACHES	tm
3452	3418	REACHES	tm
3452	3429	REACHES	tm
3452	3439	REACHES	tm
3429	3465	REACHES	* tile_col
3464	3452	CONTROLS	
3464	3455	CONTROLS	
3464	3458	CONTROLS	
3464	3461	CONTROLS	
3464	3327	CONTROLS	
3464	3334	CONTROLS	
3356	3334	CONTROLS	
3356	3361	CONTROLS	
3334	3343	CONTROLS	
3334	3354	CONTROLS	
3334	3355	CONTROLS	
3334	3356	CONTROLS	
3383	3361	CONTROLS	
3383	3388	CONTROLS	
3361	3370	CONTROLS	
3361	3381	CONTROLS	
3361	3382	CONTROLS	
3361	3383	CONTROLS	
3416	3388	CONTROLS	
3416	3418	CONTROLS	
3416	3429	CONTROLS	
3416	3439	CONTROLS	
3388	3403	CONTROLS	
3388	3414	CONTROLS	
3388	3415	CONTROLS	
3388	3416	CONTROLS	
3382	3383	DOM	
3452	3455	DOM	
3383	3388	DOM	
3461	3327	DOM	
3415	3416	DOM	
3418	3429	DOM	
3416	3418	DOM	
3334	3355	DOM	
3388	3415	DOM	
3464	3464	DOM	
3429	3439	DOM	
3356	3361	DOM	
3355	3356	DOM	
3361	3370	DOM	
3343	3354	DOM	
3464	3452	DOM	
3455	3458	DOM	
3334	3465	DOM	
3334	3343	DOM	
3458	3461	DOM	
3361	3382	DOM	
3327	3334	DOM	
3370	3381	DOM	
3388	3403	DOM	
3403	3414	DOM	
3465	3383	POST_DOM	
3458	3455	POST_DOM	
3465	3388	POST_DOM	
3334	3327	POST_DOM	
3465	3416	POST_DOM	
3439	3429	POST_DOM	
3429	3418	POST_DOM	
3356	3355	POST_DOM	
3416	3415	POST_DOM	
3452	3464	POST_DOM	
3465	3439	POST_DOM	
3465	3361	POST_DOM	
3465	3356	POST_DOM	
3381	3370	POST_DOM	
3465	3354	POST_DOM	
3455	3452	POST_DOM	
3465	3465	POST_DOM	
3461	3458	POST_DOM	
3354	3343	POST_DOM	
3327	3461	POST_DOM	
3383	3382	POST_DOM	
3465	3334	POST_DOM	
3465	3381	POST_DOM	
3414	3403	POST_DOM	
3465	3414	POST_DOM	
3324	3325	IS_FUNCTION_OF_AST	
3324	3464	IS_FUNCTION_OF_CFG	
1	3324	IS_FILE_OF	
3481	3482	IS_AST_PARENT	
3481	3483	IS_AST_PARENT	
3480	3481	IS_AST_PARENT	
3479	3480	IS_AST_PARENT	
3485	3486	IS_AST_PARENT	
3485	3487	IS_AST_PARENT	
3484	3485	IS_AST_PARENT	
3479	3484	IS_AST_PARENT	
3491	3492	IS_AST_PARENT	
3490	3491	IS_AST_PARENT	
3495	3496	IS_AST_PARENT	
3495	3497	IS_AST_PARENT	
3494	3495	IS_AST_PARENT	
3493	3494	IS_AST_PARENT	
3498	3499	IS_AST_PARENT	
3493	3498	IS_AST_PARENT	
3500	3501	IS_AST_PARENT	
3493	3500	IS_AST_PARENT	
3490	3493	IS_AST_PARENT	
3489	3490	IS_AST_PARENT	
3488	3489	IS_AST_PARENT	
3502	3503	IS_AST_PARENT	
3508	3509	IS_AST_PARENT	
3507	3508	IS_AST_PARENT	
3511	3512	IS_AST_PARENT	
3510	3511	IS_AST_PARENT	
3513	3514	IS_AST_PARENT	
3510	3513	IS_AST_PARENT	
3507	3510	IS_AST_PARENT	
3506	3507	IS_AST_PARENT	
3506	3515	IS_AST_PARENT	
3505	3506	IS_AST_PARENT	
3504	3505	IS_AST_PARENT	
3516	3517	IS_AST_PARENT	
3520	3521	IS_AST_PARENT	
3519	3520	IS_AST_PARENT	
3523	3524	IS_AST_PARENT	
3522	3523	IS_AST_PARENT	
3525	3526	IS_AST_PARENT	
3522	3525	IS_AST_PARENT	
3527	3528	IS_AST_PARENT	
3522	3527	IS_AST_PARENT	
3529	3530	IS_AST_PARENT	
3522	3529	IS_AST_PARENT	
3519	3522	IS_AST_PARENT	
3518	3519	IS_AST_PARENT	
3516	3518	IS_AST_PARENT	
3533	3534	IS_AST_PARENT	
3532	3533	IS_AST_PARENT	
3532	3535	IS_AST_PARENT	
3531	3532	IS_AST_PARENT	
3516	3531	IS_AST_PARENT	
3504	3516	IS_AST_PARENT	
3502	3504	IS_AST_PARENT	
3488	3502	IS_AST_PARENT	
3479	3488	IS_AST_PARENT	
3540	3541	IS_AST_PARENT	
3542	3543	IS_AST_PARENT	
3542	3544	IS_AST_PARENT	
3540	3542	IS_AST_PARENT	
3539	3540	IS_AST_PARENT	
3538	3539	IS_AST_PARENT	
3538	3545	IS_AST_PARENT	
3550	3551	IS_AST_PARENT	
3549	3550	IS_AST_PARENT	
3553	3554	IS_AST_PARENT	
3552	3553	IS_AST_PARENT	
3555	3556	IS_AST_PARENT	
3552	3555	IS_AST_PARENT	
3557	3558	IS_AST_PARENT	
3552	3557	IS_AST_PARENT	
3549	3552	IS_AST_PARENT	
3548	3549	IS_AST_PARENT	
3547	3548	IS_AST_PARENT	
3547	3559	IS_AST_PARENT	
3546	3547	IS_AST_PARENT	
3538	3546	IS_AST_PARENT	
3537	3538	IS_AST_PARENT	
3537	3560	IS_AST_PARENT	
3536	3537	IS_AST_PARENT	
3561	3562	IS_AST_PARENT	
3536	3561	IS_AST_PARENT	
3479	3536	IS_AST_PARENT	
3567	3568	IS_AST_PARENT	
3569	3570	IS_AST_PARENT	
3569	3571	IS_AST_PARENT	
3567	3569	IS_AST_PARENT	
3566	3567	IS_AST_PARENT	
3565	3566	IS_AST_PARENT	
3565	3572	IS_AST_PARENT	
3577	3578	IS_AST_PARENT	
3576	3577	IS_AST_PARENT	
3580	3581	IS_AST_PARENT	
3579	3580	IS_AST_PARENT	
3582	3583	IS_AST_PARENT	
3579	3582	IS_AST_PARENT	
3584	3585	IS_AST_PARENT	
3579	3584	IS_AST_PARENT	
3576	3579	IS_AST_PARENT	
3575	3576	IS_AST_PARENT	
3574	3575	IS_AST_PARENT	
3574	3586	IS_AST_PARENT	
3573	3574	IS_AST_PARENT	
3565	3573	IS_AST_PARENT	
3564	3565	IS_AST_PARENT	
3564	3587	IS_AST_PARENT	
3563	3564	IS_AST_PARENT	
3588	3589	IS_AST_PARENT	
3563	3588	IS_AST_PARENT	
3479	3563	IS_AST_PARENT	
3595	3596	IS_AST_PARENT	
3597	3598	IS_AST_PARENT	
3597	3599	IS_AST_PARENT	
3595	3597	IS_AST_PARENT	
3594	3595	IS_AST_PARENT	
3600	3601	IS_AST_PARENT	
3602	3603	IS_AST_PARENT	
3602	3604	IS_AST_PARENT	
3600	3602	IS_AST_PARENT	
3594	3600	IS_AST_PARENT	
3593	3594	IS_AST_PARENT	
3592	3593	IS_AST_PARENT	
3592	3605	IS_AST_PARENT	
3610	3611	IS_AST_PARENT	
3609	3610	IS_AST_PARENT	
3613	3614	IS_AST_PARENT	
3612	3613	IS_AST_PARENT	
3615	3616	IS_AST_PARENT	
3612	3615	IS_AST_PARENT	
3617	3618	IS_AST_PARENT	
3612	3617	IS_AST_PARENT	
3609	3612	IS_AST_PARENT	
3608	3609	IS_AST_PARENT	
3607	3608	IS_AST_PARENT	
3607	3619	IS_AST_PARENT	
3606	3607	IS_AST_PARENT	
3592	3606	IS_AST_PARENT	
3591	3592	IS_AST_PARENT	
3591	3620	IS_AST_PARENT	
3590	3591	IS_AST_PARENT	
3621	3622	IS_AST_PARENT	
3590	3621	IS_AST_PARENT	
3479	3590	IS_AST_PARENT	
3625	3626	IS_AST_PARENT	
3624	3625	IS_AST_PARENT	
3628	3629	IS_AST_PARENT	
3627	3628	IS_AST_PARENT	
3630	3631	IS_AST_PARENT	
3627	3630	IS_AST_PARENT	
3633	3634	IS_AST_PARENT	
3633	3635	IS_AST_PARENT	
3632	3633	IS_AST_PARENT	
3627	3632	IS_AST_PARENT	
3637	3638	IS_AST_PARENT	
3637	3639	IS_AST_PARENT	
3636	3637	IS_AST_PARENT	
3627	3636	IS_AST_PARENT	
3624	3627	IS_AST_PARENT	
3623	3624	IS_AST_PARENT	
3479	3623	IS_AST_PARENT	
3642	3643	IS_AST_PARENT	
3642	3644	IS_AST_PARENT	
3641	3642	IS_AST_PARENT	
3645	3646	IS_AST_PARENT	
3645	3647	IS_AST_PARENT	
3641	3645	IS_AST_PARENT	
3640	3641	IS_AST_PARENT	
3479	3640	IS_AST_PARENT	
3650	3651	IS_AST_PARENT	
3650	3652	IS_AST_PARENT	
3649	3650	IS_AST_PARENT	
3653	3654	IS_AST_PARENT	
3653	3655	IS_AST_PARENT	
3649	3653	IS_AST_PARENT	
3648	3649	IS_AST_PARENT	
3479	3648	IS_AST_PARENT	
3478	3479	IS_AST_PARENT	
3478	3656	IS_AST_PARENT	
3478	3657	IS_AST_PARENT	
3659	3660	IS_AST_PARENT	
3659	3661	IS_AST_PARENT	
3658	3659	IS_AST_PARENT	
3662	3663	IS_AST_PARENT	
3662	3664	IS_AST_PARENT	
3658	3662	IS_AST_PARENT	
3665	3666	IS_AST_PARENT	
3665	3667	IS_AST_PARENT	
3658	3665	IS_AST_PARENT	
3668	3669	IS_AST_PARENT	
3668	3670	IS_AST_PARENT	
3658	3668	IS_AST_PARENT	
3478	3658	IS_AST_PARENT	
3671	3659	FLOWS_TO	
3659	3662	FLOWS_TO	
3662	3665	FLOWS_TO	
3665	3668	FLOWS_TO	
3668	3480	FLOWS_TO	
3480	3484	FLOWS_TO	
3484	3489	FLOWS_TO	
3489	3503	FLOWS_TO	
3489	3539	FLOWS_TO	
3503	3505	FLOWS_TO	
3505	3517	FLOWS_TO	
3505	3539	FLOWS_TO	
3517	3518	FLOWS_TO	
3518	3531	FLOWS_TO	
3531	3539	FLOWS_TO	
3561	3539	FLOWS_TO	
3561	3566	FLOWS_TO	
3539	3548	FLOWS_TO	
3539	3560	FLOWS_TO	
3548	3559	FLOWS_TO	
3559	3672	FLOWS_TO	
3560	3561	FLOWS_TO	
3588	3566	FLOWS_TO	
3588	3593	FLOWS_TO	
3566	3575	FLOWS_TO	
3566	3587	FLOWS_TO	
3575	3586	FLOWS_TO	
3586	3672	FLOWS_TO	
3587	3588	FLOWS_TO	
3621	3593	FLOWS_TO	
3621	3623	FLOWS_TO	
3593	3608	FLOWS_TO	
3593	3620	FLOWS_TO	
3608	3619	FLOWS_TO	
3619	3672	FLOWS_TO	
3620	3621	FLOWS_TO	
3623	3640	FLOWS_TO	
3640	3648	FLOWS_TO	
3648	3672	FLOWS_TO	
3548	3673	USE	
3555	3673	USE	
3575	3673	USE	
3582	3673	USE	
3608	3673	USE	
3615	3673	USE	
3640	3674	DEF	
3641	3674	DEF	
3648	3675	DEF	
3649	3675	DEF	
3489	3676	USE	
3494	3676	USE	
3518	3677	USE	
3525	3677	USE	
3489	3678	USE	
3623	3679	USE	
3636	3679	USE	
3480	3680	DEF	
3481	3680	DEF	
3640	3680	USE	
3641	3680	USE	
3518	3681	USE	
3523	3681	USE	
3484	3682	DEF	
3485	3682	DEF	
3648	3682	USE	
3649	3682	USE	
3662	3683	DEF	
3566	3683	USE	
3623	3683	USE	
3630	3683	USE	
3665	3684	DEF	
3593	3684	USE	
3640	3684	USE	
3642	3684	USE	
3659	3685	DEF	
3539	3685	USE	
3623	3685	USE	
3628	3685	USE	
3668	3686	DEF	
3593	3686	USE	
3648	3686	USE	
3650	3686	USE	
3623	3687	USE	
3632	3687	USE	
3505	3688	USE	
3640	3672	REACHES	* x
3480	3640	REACHES	tile_col
3648	3672	REACHES	* y
3484	3648	REACHES	tile_row
3662	3566	REACHES	tile
3665	3593	REACHES	x
3662	3623	REACHES	tile
3665	3640	REACHES	x
3659	3539	REACHES	tm
3668	3593	REACHES	y
3659	3623	REACHES	tm
3668	3648	REACHES	y
3671	3659	CONTROLS	
3671	3662	CONTROLS	
3671	3665	CONTROLS	
3671	3668	CONTROLS	
3671	3480	CONTROLS	
3671	3484	CONTROLS	
3671	3489	CONTROLS	
3671	3539	CONTROLS	
3489	3503	CONTROLS	
3489	3505	CONTROLS	
3505	3517	CONTROLS	
3505	3518	CONTROLS	
3505	3531	CONTROLS	
3561	3539	CONTROLS	
3561	3566	CONTROLS	
3539	3548	CONTROLS	
3539	3559	CONTROLS	
3539	3560	CONTROLS	
3539	3561	CONTROLS	
3588	3566	CONTROLS	
3588	3593	CONTROLS	
3566	3575	CONTROLS	
3566	3586	CONTROLS	
3566	3587	CONTROLS	
3566	3588	CONTROLS	
3621	3593	CONTROLS	
3621	3623	CONTROLS	
3621	3640	CONTROLS	
3621	3648	CONTROLS	
3593	3608	CONTROLS	
3593	3619	CONTROLS	
3593	3620	CONTROLS	
3593	3621	CONTROLS	
3588	3593	DOM	
3621	3623	DOM	
3640	3648	DOM	
3671	3659	DOM	
3593	3620	DOM	
3489	3503	DOM	
3566	3587	DOM	
3503	3505	DOM	
3668	3480	DOM	
3623	3640	DOM	
3539	3548	DOM	
3480	3484	DOM	
3566	3575	DOM	
3671	3671	DOM	
3608	3619	DOM	
3539	3672	DOM	
3484	3489	DOM	
3548	3559	DOM	
3560	3561	DOM	
3620	3621	DOM	
3665	3668	DOM	
3561	3566	DOM	
3662	3665	DOM	
3505	3517	DOM	
3539	3560	DOM	
3593	3608	DOM	
3489	3539	DOM	
3587	3588	DOM	
3517	3518	DOM	
3659	3662	DOM	
3575	3586	DOM	
3518	3531	DOM	
3672	3593	POST_DOM	
3640	3623	POST_DOM	
3672	3648	POST_DOM	
3662	3659	POST_DOM	
3621	3620	POST_DOM	
3505	3503	POST_DOM	
3588	3587	POST_DOM	
3539	3505	POST_DOM	
3484	3480	POST_DOM	
3648	3640	POST_DOM	
3559	3548	POST_DOM	
3489	3484	POST_DOM	
3586	3575	POST_DOM	
3659	3671	POST_DOM	
3672	3619	POST_DOM	
3672	3672	POST_DOM	
3672	3559	POST_DOM	
3539	3489	POST_DOM	
3672	3561	POST_DOM	
3672	3621	POST_DOM	
3480	3668	POST_DOM	
3672	3566	POST_DOM	
3668	3665	POST_DOM	
3518	3517	POST_DOM	
3561	3560	POST_DOM	
3619	3608	POST_DOM	
3672	3539	POST_DOM	
3672	3588	POST_DOM	
3531	3518	POST_DOM	
3665	3662	POST_DOM	
3672	3586	POST_DOM	
3539	3531	POST_DOM	
3477	3478	IS_FUNCTION_OF_AST	
3477	3671	IS_FUNCTION_OF_CFG	
1	3477	IS_FILE_OF	
3693	3694	IS_AST_PARENT	
3693	3695	IS_AST_PARENT	
3692	3693	IS_AST_PARENT	
3691	3692	IS_AST_PARENT	
3700	3701	IS_AST_PARENT	
3702	3703	IS_AST_PARENT	
3702	3704	IS_AST_PARENT	
3700	3702	IS_AST_PARENT	
3699	3700	IS_AST_PARENT	
3698	3699	IS_AST_PARENT	
3698	3705	IS_AST_PARENT	
3710	3711	IS_AST_PARENT	
3709	3710	IS_AST_PARENT	
3713	3714	IS_AST_PARENT	
3712	3713	IS_AST_PARENT	
3715	3716	IS_AST_PARENT	
3712	3715	IS_AST_PARENT	
3717	3718	IS_AST_PARENT	
3712	3717	IS_AST_PARENT	
3709	3712	IS_AST_PARENT	
3708	3709	IS_AST_PARENT	
3707	3708	IS_AST_PARENT	
3707	3719	IS_AST_PARENT	
3706	3707	IS_AST_PARENT	
3698	3706	IS_AST_PARENT	
3697	3698	IS_AST_PARENT	
3697	3720	IS_AST_PARENT	
3696	3697	IS_AST_PARENT	
3721	3722	IS_AST_PARENT	
3696	3721	IS_AST_PARENT	
3691	3696	IS_AST_PARENT	
3727	3728	IS_AST_PARENT	
3729	3730	IS_AST_PARENT	
3729	3731	IS_AST_PARENT	
3727	3729	IS_AST_PARENT	
3726	3727	IS_AST_PARENT	
3725	3726	IS_AST_PARENT	
3725	3732	IS_AST_PARENT	
3737	3738	IS_AST_PARENT	
3736	3737	IS_AST_PARENT	
3740	3741	IS_AST_PARENT	
3739	3740	IS_AST_PARENT	
3742	3743	IS_AST_PARENT	
3739	3742	IS_AST_PARENT	
3744	3745	IS_AST_PARENT	
3739	3744	IS_AST_PARENT	
3736	3739	IS_AST_PARENT	
3735	3736	IS_AST_PARENT	
3734	3735	IS_AST_PARENT	
3734	3746	IS_AST_PARENT	
3733	3734	IS_AST_PARENT	
3725	3733	IS_AST_PARENT	
3724	3725	IS_AST_PARENT	
3724	3747	IS_AST_PARENT	
3723	3724	IS_AST_PARENT	
3748	3749	IS_AST_PARENT	
3723	3748	IS_AST_PARENT	
3691	3723	IS_AST_PARENT	
3754	3755	IS_AST_PARENT	
3756	3757	IS_AST_PARENT	
3756	3758	IS_AST_PARENT	
3754	3756	IS_AST_PARENT	
3753	3754	IS_AST_PARENT	
3752	3753	IS_AST_PARENT	
3752	3759	IS_AST_PARENT	
3764	3765	IS_AST_PARENT	
3763	3764	IS_AST_PARENT	
3767	3768	IS_AST_PARENT	
3766	3767	IS_AST_PARENT	
3769	3770	IS_AST_PARENT	
3766	3769	IS_AST_PARENT	
3771	3772	IS_AST_PARENT	
3766	3771	IS_AST_PARENT	
3763	3766	IS_AST_PARENT	
3762	3763	IS_AST_PARENT	
3761	3762	IS_AST_PARENT	
3761	3773	IS_AST_PARENT	
3760	3761	IS_AST_PARENT	
3752	3760	IS_AST_PARENT	
3751	3752	IS_AST_PARENT	
3751	3774	IS_AST_PARENT	
3750	3751	IS_AST_PARENT	
3775	3776	IS_AST_PARENT	
3750	3775	IS_AST_PARENT	
3691	3750	IS_AST_PARENT	
3779	3780	IS_AST_PARENT	
3781	3782	IS_AST_PARENT	
3781	3783	IS_AST_PARENT	
3779	3781	IS_AST_PARENT	
3778	3779	IS_AST_PARENT	
3777	3778	IS_AST_PARENT	
3784	3785	IS_AST_PARENT	
3777	3784	IS_AST_PARENT	
3786	3787	IS_AST_PARENT	
3788	3789	IS_AST_PARENT	
3788	3790	IS_AST_PARENT	
3786	3788	IS_AST_PARENT	
3777	3786	IS_AST_PARENT	
3795	3796	IS_AST_PARENT	
3795	3797	IS_AST_PARENT	
3794	3795	IS_AST_PARENT	
3794	3798	IS_AST_PARENT	
3793	3794	IS_AST_PARENT	
3792	3793	IS_AST_PARENT	
3799	3800	IS_AST_PARENT	
3792	3799	IS_AST_PARENT	
3791	3792	IS_AST_PARENT	
3777	3791	IS_AST_PARENT	
3691	3777	IS_AST_PARENT	
3803	3804	IS_AST_PARENT	
3805	3806	IS_AST_PARENT	
3805	3807	IS_AST_PARENT	
3803	3805	IS_AST_PARENT	
3802	3803	IS_AST_PARENT	
3801	3802	IS_AST_PARENT	
3811	3812	IS_AST_PARENT	
3810	3811	IS_AST_PARENT	
3814	3815	IS_AST_PARENT	
3813	3814	IS_AST_PARENT	
3816	3817	IS_AST_PARENT	
3813	3816	IS_AST_PARENT	
3818	3819	IS_AST_PARENT	
3813	3818	IS_AST_PARENT	
3820	3821	IS_AST_PARENT	
3813	3820	IS_AST_PARENT	
3810	3813	IS_AST_PARENT	
3809	3810	IS_AST_PARENT	
3808	3809	IS_AST_PARENT	
3808	3822	IS_AST_PARENT	
3801	3808	IS_AST_PARENT	
3691	3801	IS_AST_PARENT	
3825	3826	IS_AST_PARENT	
3824	3825	IS_AST_PARENT	
3828	3829	IS_AST_PARENT	
3827	3828	IS_AST_PARENT	
3831	3832	IS_AST_PARENT	
3831	3833	IS_AST_PARENT	
3830	3831	IS_AST_PARENT	
3827	3830	IS_AST_PARENT	
3834	3835	IS_AST_PARENT	
3827	3834	IS_AST_PARENT	
3824	3827	IS_AST_PARENT	
3823	3824	IS_AST_PARENT	
3691	3823	IS_AST_PARENT	
3690	3691	IS_AST_PARENT	
3690	3836	IS_AST_PARENT	
3690	3837	IS_AST_PARENT	
3839	3840	IS_AST_PARENT	
3839	3841	IS_AST_PARENT	
3838	3839	IS_AST_PARENT	
3842	3843	IS_AST_PARENT	
3842	3844	IS_AST_PARENT	
3838	3842	IS_AST_PARENT	
3845	3846	IS_AST_PARENT	
3845	3847	IS_AST_PARENT	
3838	3845	IS_AST_PARENT	
3690	3838	IS_AST_PARENT	
3848	3839	FLOWS_TO	
3839	3842	FLOWS_TO	
3842	3845	FLOWS_TO	
3845	3692	FLOWS_TO	
3692	3699	FLOWS_TO	
3721	3699	FLOWS_TO	
3721	3726	FLOWS_TO	
3699	3708	FLOWS_TO	
3699	3720	FLOWS_TO	
3708	3719	FLOWS_TO	
3719	3849	FLOWS_TO	
3720	3721	FLOWS_TO	
3748	3726	FLOWS_TO	
3748	3753	FLOWS_TO	
3726	3735	FLOWS_TO	
3726	3747	FLOWS_TO	
3735	3746	FLOWS_TO	
3746	3849	FLOWS_TO	
3747	3748	FLOWS_TO	
3775	3753	FLOWS_TO	
3775	3778	FLOWS_TO	
3753	3762	FLOWS_TO	
3753	3774	FLOWS_TO	
3762	3773	FLOWS_TO	
3773	3849	FLOWS_TO	
3774	3775	FLOWS_TO	
3784	3793	FLOWS_TO	
3784	3802	FLOWS_TO	
3778	3784	FLOWS_TO	
3786	3784	FLOWS_TO	
3793	3800	FLOWS_TO	
3793	3786	FLOWS_TO	
3800	3802	FLOWS_TO	
3802	3809	FLOWS_TO	
3802	3823	FLOWS_TO	
3809	3822	FLOWS_TO	
3822	3849	FLOWS_TO	
3823	3849	FLOWS_TO	
3778	3850	USE	
3779	3850	USE	
3708	3851	USE	
3715	3851	USE	
3735	3851	USE	
3742	3851	USE	
3762	3851	USE	
3769	3851	USE	
3778	3852	USE	
3779	3852	USE	
3842	3853	DEF	
3726	3853	USE	
3778	3853	USE	
3781	3853	USE	
3692	3854	DEF	
3693	3854	DEF	
3784	3854	USE	
3778	3854	DEF	
3779	3854	DEF	
3786	3854	DEF	
3786	3854	USE	
3788	3854	USE	
3793	3854	USE	
3795	3854	USE	
3802	3854	USE	
3823	3854	USE	
3831	3854	USE	
3809	3855	USE	
3816	3855	USE	
3839	3856	DEF	
3699	3856	USE	
3793	3856	USE	
3823	3856	USE	
3828	3856	USE	
3793	3857	USE	
3845	3858	DEF	
3753	3858	USE	
3823	3858	USE	
3834	3858	USE	
3786	3859	USE	
3786	3860	USE	
3793	3860	USE	
3823	3860	USE	
3830	3860	USE	
3823	3861	USE	
3830	3861	USE	
3845	3753	REACHES	srctile
3845	3823	REACHES	srctile
3842	3726	REACHES	tile
3842	3778	REACHES	tile
3786	3784	REACHES	tl
3778	3784	REACHES	tl
3786	3786	REACHES	tl
3778	3786	REACHES	tl
3786	3793	REACHES	tl
3778	3793	REACHES	tl
3786	3802	REACHES	tl
3778	3802	REACHES	tl
3778	3823	REACHES	tl
3786	3823	REACHES	tl
3839	3699	REACHES	tm
3839	3793	REACHES	tm
3839	3823	REACHES	tm
3848	3839	CONTROLS	
3848	3842	CONTROLS	
3848	3845	CONTROLS	
3848	3692	CONTROLS	
3848	3699	CONTROLS	
3721	3699	CONTROLS	
3721	3726	CONTROLS	
3699	3708	CONTROLS	
3699	3719	CONTROLS	
3699	3720	CONTROLS	
3699	3721	CONTROLS	
3748	3726	CONTROLS	
3748	3753	CONTROLS	
3726	3735	CONTROLS	
3726	3746	CONTROLS	
3726	3747	CONTROLS	
3726	3748	CONTROLS	
3775	3753	CONTROLS	
3775	3778	CONTROLS	
3775	3784	CONTROLS	
3775	3802	CONTROLS	
3753	3762	CONTROLS	
3753	3773	CONTROLS	
3753	3774	CONTROLS	
3753	3775	CONTROLS	
3784	3793	CONTROLS	
3793	3800	CONTROLS	
3793	3786	CONTROLS	
3793	3784	CONTROLS	
3802	3809	CONTROLS	
3802	3822	CONTROLS	
3802	3823	CONTROLS	
3848	3839	DOM	
3845	3692	DOM	
3726	3747	DOM	
3692	3699	DOM	
3775	3778	DOM	
3793	3786	DOM	
3802	3823	DOM	
3762	3773	DOM	
3784	3793	DOM	
3753	3774	DOM	
3721	3726	DOM	
3708	3719	DOM	
3753	3762	DOM	
3699	3708	DOM	
3748	3753	DOM	
3699	3720	DOM	
3735	3746	DOM	
3848	3848	DOM	
3802	3809	DOM	
3793	3800	DOM	
3699	3849	DOM	
3809	3822	DOM	
3839	3842	DOM	
3720	3721	DOM	
3778	3784	DOM	
3774	3775	DOM	
3842	3845	DOM	
3726	3735	DOM	
3747	3748	DOM	
3784	3802	DOM	
3699	3692	POST_DOM	
3842	3839	POST_DOM	
3748	3747	POST_DOM	
3849	3699	POST_DOM	
3784	3778	POST_DOM	
3784	3786	POST_DOM	
3849	3823	POST_DOM	
3849	3773	POST_DOM	
3802	3793	POST_DOM	
3775	3774	POST_DOM	
3849	3726	POST_DOM	
3849	3719	POST_DOM	
3773	3762	POST_DOM	
3719	3708	POST_DOM	
3849	3753	POST_DOM	
3721	3720	POST_DOM	
3849	3746	POST_DOM	
3839	3848	POST_DOM	
3822	3809	POST_DOM	
3802	3800	POST_DOM	
3849	3849	POST_DOM	
3849	3822	POST_DOM	
3845	3842	POST_DOM	
3849	3721	POST_DOM	
3802	3784	POST_DOM	
3849	3775	POST_DOM	
3692	3845	POST_DOM	
3746	3735	POST_DOM	
3849	3748	POST_DOM	
3849	3802	POST_DOM	
3689	3690	IS_FUNCTION_OF_AST	
3689	3848	IS_FUNCTION_OF_CFG	
1	3689	IS_FILE_OF	
3866	3867	IS_AST_PARENT	
3866	3868	IS_AST_PARENT	
3865	3866	IS_AST_PARENT	
3864	3865	IS_AST_PARENT	
3870	3871	IS_AST_PARENT	
3870	3872	IS_AST_PARENT	
3869	3870	IS_AST_PARENT	
3864	3869	IS_AST_PARENT	
3875	3876	IS_AST_PARENT	
3875	3877	IS_AST_PARENT	
3874	3875	IS_AST_PARENT	
3873	3874	IS_AST_PARENT	
3879	3880	IS_AST_PARENT	
3879	3881	IS_AST_PARENT	
3878	3879	IS_AST_PARENT	
3873	3878	IS_AST_PARENT	
3882	3883	IS_AST_PARENT	
3884	3885	IS_AST_PARENT	
3886	3887	IS_AST_PARENT	
3886	3888	IS_AST_PARENT	
3884	3886	IS_AST_PARENT	
3882	3884	IS_AST_PARENT	
3873	3882	IS_AST_PARENT	
3891	3892	IS_AST_PARENT	
3891	3893	IS_AST_PARENT	
3890	3891	IS_AST_PARENT	
3889	3890	IS_AST_PARENT	
3895	3896	IS_AST_PARENT	
3895	3897	IS_AST_PARENT	
3894	3895	IS_AST_PARENT	
3889	3894	IS_AST_PARENT	
3898	3899	IS_AST_PARENT	
3900	3901	IS_AST_PARENT	
3902	3903	IS_AST_PARENT	
3902	3904	IS_AST_PARENT	
3900	3902	IS_AST_PARENT	
3898	3900	IS_AST_PARENT	
3889	3898	IS_AST_PARENT	
3907	3908	IS_AST_PARENT	
3907	3909	IS_AST_PARENT	
3910	3911	IS_AST_PARENT	
3913	3914	IS_AST_PARENT	
3912	3913	IS_AST_PARENT	
3916	3917	IS_AST_PARENT	
3915	3916	IS_AST_PARENT	
3918	3919	IS_AST_PARENT	
3915	3918	IS_AST_PARENT	
3920	3921	IS_AST_PARENT	
3915	3920	IS_AST_PARENT	
3923	3924	IS_AST_PARENT	
3923	3925	IS_AST_PARENT	
3922	3923	IS_AST_PARENT	
3915	3922	IS_AST_PARENT	
3926	3927	IS_AST_PARENT	
3915	3926	IS_AST_PARENT	
3912	3915	IS_AST_PARENT	
3910	3912	IS_AST_PARENT	
3907	3910	IS_AST_PARENT	
3906	3907	IS_AST_PARENT	
3905	3906	IS_AST_PARENT	
3929	3930	IS_AST_PARENT	
3929	3931	IS_AST_PARENT	
3932	3933	IS_AST_PARENT	
3935	3936	IS_AST_PARENT	
3935	3937	IS_AST_PARENT	
3934	3935	IS_AST_PARENT	
3941	3942	IS_AST_PARENT	
3943	3944	IS_AST_PARENT	
3943	3945	IS_AST_PARENT	
3941	3943	IS_AST_PARENT	
3940	3941	IS_AST_PARENT	
3946	3947	IS_AST_PARENT	
3946	3948	IS_AST_PARENT	
3940	3946	IS_AST_PARENT	
3939	3940	IS_AST_PARENT	
3949	3950	IS_AST_PARENT	
3951	3952	IS_AST_PARENT	
3951	3953	IS_AST_PARENT	
3949	3951	IS_AST_PARENT	
3939	3949	IS_AST_PARENT	
3938	3939	IS_AST_PARENT	
3954	3955	IS_AST_PARENT	
3954	3956	IS_AST_PARENT	
3938	3954	IS_AST_PARENT	
3934	3938	IS_AST_PARENT	
3932	3934	IS_AST_PARENT	
3929	3932	IS_AST_PARENT	
3928	3929	IS_AST_PARENT	
3905	3928	IS_AST_PARENT	
3958	3959	IS_AST_PARENT	
3958	3960	IS_AST_PARENT	
3961	3962	IS_AST_PARENT	
3963	3964	IS_AST_PARENT	
3966	3967	IS_AST_PARENT	
3968	3969	IS_AST_PARENT	
3968	3970	IS_AST_PARENT	
3966	3968	IS_AST_PARENT	
3965	3966	IS_AST_PARENT	
3972	3973	IS_AST_PARENT	
3972	3974	IS_AST_PARENT	
3971	3972	IS_AST_PARENT	
3975	3976	IS_AST_PARENT	
3975	3977	IS_AST_PARENT	
3971	3975	IS_AST_PARENT	
3965	3971	IS_AST_PARENT	
3963	3965	IS_AST_PARENT	
3961	3963	IS_AST_PARENT	
3958	3961	IS_AST_PARENT	
3957	3958	IS_AST_PARENT	
3905	3957	IS_AST_PARENT	
3979	3980	IS_AST_PARENT	
3979	3981	IS_AST_PARENT	
3978	3979	IS_AST_PARENT	
3905	3978	IS_AST_PARENT	
3983	3984	IS_AST_PARENT	
3983	3985	IS_AST_PARENT	
3982	3983	IS_AST_PARENT	
3905	3982	IS_AST_PARENT	
3987	3988	IS_AST_PARENT	
3987	3989	IS_AST_PARENT	
3986	3987	IS_AST_PARENT	
3905	3986	IS_AST_PARENT	
3991	3992	IS_AST_PARENT	
3994	3995	IS_AST_PARENT	
3994	3996	IS_AST_PARENT	
3993	3994	IS_AST_PARENT	
3997	3998	IS_AST_PARENT	
3997	3999	IS_AST_PARENT	
3993	3997	IS_AST_PARENT	
3991	3993	IS_AST_PARENT	
3990	3991	IS_AST_PARENT	
3905	3990	IS_AST_PARENT	
4002	4003	IS_AST_PARENT	
4004	4005	IS_AST_PARENT	
4006	4007	IS_AST_PARENT	
4006	4008	IS_AST_PARENT	
4004	4006	IS_AST_PARENT	
4002	4004	IS_AST_PARENT	
4001	4002	IS_AST_PARENT	
4000	4001	IS_AST_PARENT	
4011	4012	IS_AST_PARENT	
4013	4014	IS_AST_PARENT	
4015	4016	IS_AST_PARENT	
4015	4017	IS_AST_PARENT	
4013	4015	IS_AST_PARENT	
4011	4013	IS_AST_PARENT	
4010	4011	IS_AST_PARENT	
4009	4010	IS_AST_PARENT	
4000	4009	IS_AST_PARENT	
3905	4000	IS_AST_PARENT	
4019	4020	IS_AST_PARENT	
4022	4023	IS_AST_PARENT	
4022	4024	IS_AST_PARENT	
4021	4022	IS_AST_PARENT	
4025	4026	IS_AST_PARENT	
4025	4027	IS_AST_PARENT	
4021	4025	IS_AST_PARENT	
4019	4021	IS_AST_PARENT	
4018	4019	IS_AST_PARENT	
3905	4018	IS_AST_PARENT	
4030	4031	IS_AST_PARENT	
4032	4033	IS_AST_PARENT	
4034	4035	IS_AST_PARENT	
4034	4036	IS_AST_PARENT	
4032	4034	IS_AST_PARENT	
4030	4032	IS_AST_PARENT	
4029	4030	IS_AST_PARENT	
4028	4029	IS_AST_PARENT	
4039	4040	IS_AST_PARENT	
4041	4042	IS_AST_PARENT	
4043	4044	IS_AST_PARENT	
4043	4045	IS_AST_PARENT	
4041	4043	IS_AST_PARENT	
4039	4041	IS_AST_PARENT	
4038	4039	IS_AST_PARENT	
4037	4038	IS_AST_PARENT	
4028	4037	IS_AST_PARENT	
3905	4028	IS_AST_PARENT	
4047	4048	IS_AST_PARENT	
4050	4051	IS_AST_PARENT	
4050	4052	IS_AST_PARENT	
4049	4050	IS_AST_PARENT	
4053	4054	IS_AST_PARENT	
4053	4055	IS_AST_PARENT	
4049	4053	IS_AST_PARENT	
4047	4049	IS_AST_PARENT	
4046	4047	IS_AST_PARENT	
3905	4046	IS_AST_PARENT	
4058	4059	IS_AST_PARENT	
4058	4060	IS_AST_PARENT	
4057	4058	IS_AST_PARENT	
4056	4057	IS_AST_PARENT	
4064	4065	IS_AST_PARENT	
4063	4064	IS_AST_PARENT	
4067	4068	IS_AST_PARENT	
4066	4067	IS_AST_PARENT	
4069	4070	IS_AST_PARENT	
4066	4069	IS_AST_PARENT	
4072	4073	IS_AST_PARENT	
4074	4075	IS_AST_PARENT	
4074	4076	IS_AST_PARENT	
4072	4074	IS_AST_PARENT	
4071	4072	IS_AST_PARENT	
4066	4071	IS_AST_PARENT	
4063	4066	IS_AST_PARENT	
4062	4063	IS_AST_PARENT	
4061	4062	IS_AST_PARENT	
4078	4079	IS_AST_PARENT	
4078	4080	IS_AST_PARENT	
4077	4078	IS_AST_PARENT	
4061	4077	IS_AST_PARENT	
4082	4083	IS_AST_PARENT	
4082	4084	IS_AST_PARENT	
4081	4082	IS_AST_PARENT	
4061	4081	IS_AST_PARENT	
4056	4061	IS_AST_PARENT	
3905	4056	IS_AST_PARENT	
4087	4088	IS_AST_PARENT	
4086	4087	IS_AST_PARENT	
4090	4091	IS_AST_PARENT	
4089	4090	IS_AST_PARENT	
4092	4093	IS_AST_PARENT	
4089	4092	IS_AST_PARENT	
4086	4089	IS_AST_PARENT	
4085	4086	IS_AST_PARENT	
3905	4085	IS_AST_PARENT	
3889	3905	IS_AST_PARENT	
3873	3889	IS_AST_PARENT	
3864	3873	IS_AST_PARENT	
3863	3864	IS_AST_PARENT	
3863	4094	IS_AST_PARENT	
3863	4095	IS_AST_PARENT	
4097	4098	IS_AST_PARENT	
4097	4099	IS_AST_PARENT	
4096	4097	IS_AST_PARENT	
4100	4101	IS_AST_PARENT	
4100	4102	IS_AST_PARENT	
4096	4100	IS_AST_PARENT	
4103	4104	IS_AST_PARENT	
4103	4105	IS_AST_PARENT	
4096	4103	IS_AST_PARENT	
4106	4107	IS_AST_PARENT	
4106	4108	IS_AST_PARENT	
4096	4106	IS_AST_PARENT	
4109	4110	IS_AST_PARENT	
4109	4111	IS_AST_PARENT	
4096	4109	IS_AST_PARENT	
4112	4113	IS_AST_PARENT	
4112	4114	IS_AST_PARENT	
4096	4112	IS_AST_PARENT	
4115	4116	IS_AST_PARENT	
4115	4117	IS_AST_PARENT	
4096	4115	IS_AST_PARENT	
3863	4096	IS_AST_PARENT	
4118	4097	FLOWS_TO	
4097	4100	FLOWS_TO	
4100	4103	FLOWS_TO	
4103	4106	FLOWS_TO	
4106	4109	FLOWS_TO	
4109	4112	FLOWS_TO	
4112	4115	FLOWS_TO	
4115	3865	FLOWS_TO	
3865	3869	FLOWS_TO	
3869	3874	FLOWS_TO	
3878	3890	FLOWS_TO	
3878	4119	FLOWS_TO	
3874	3878	FLOWS_TO	
3882	3878	FLOWS_TO	
3894	3906	FLOWS_TO	
3894	3882	FLOWS_TO	
3890	3894	FLOWS_TO	
3898	3894	FLOWS_TO	
3906	3928	FLOWS_TO	
3928	3957	FLOWS_TO	
3957	3978	FLOWS_TO	
3978	3982	FLOWS_TO	
3982	3986	FLOWS_TO	
3986	3990	FLOWS_TO	
3990	4001	FLOWS_TO	
4001	4010	FLOWS_TO	
4001	4018	FLOWS_TO	
4010	4018	FLOWS_TO	
4018	4029	FLOWS_TO	
4029	4038	FLOWS_TO	
4029	4046	FLOWS_TO	
4038	4046	FLOWS_TO	
4046	4057	FLOWS_TO	
4057	4062	FLOWS_TO	
4057	4085	FLOWS_TO	
4062	4077	FLOWS_TO	
4077	4081	FLOWS_TO	
4081	4057	FLOWS_TO	
4085	3898	FLOWS_TO	
3928	4120	USE	
3932	4120	USE	
3990	4120	USE	
3991	4120	USE	
4018	4120	USE	
4019	4120	USE	
4046	4120	USE	
4047	4120	USE	
3906	4121	USE	
3910	4121	USE	
3928	4122	USE	
3932	4122	USE	
3928	4123	USE	
3932	4123	USE	
4046	4123	USE	
4047	4123	USE	
3957	4124	DEF	
3961	4124	DEF	
3958	4124	DEF	
4062	4124	USE	
4067	4124	USE	
4081	4124	DEF	
4082	4124	DEF	
4081	4124	USE	
4082	4124	USE	
3990	4125	USE	
3991	4125	USE	
4115	4126	DEF	
3957	4126	USE	
3961	4126	USE	
4081	4126	USE	
4082	4126	USE	
3978	4127	DEF	
3979	4127	DEF	
3990	4127	DEF	
3991	4127	DEF	
4001	4127	USE	
4010	4127	DEF	
4011	4127	DEF	
4057	4127	USE	
4058	4127	USE	
4057	4127	DEF	
4058	4127	DEF	
3928	4128	DEF	
3929	4128	DEF	
3932	4128	DEF	
4062	4128	USE	
4069	4128	USE	
4077	4128	DEF	
4078	4128	DEF	
4077	4128	USE	
4078	4128	USE	
3957	4129	USE	
3961	4129	USE	
4062	4129	USE	
4071	4129	USE	
4103	4130	DEF	
3874	4130	USE	
3875	4130	USE	
3957	4130	USE	
3961	4130	USE	
3865	4131	DEF	
3866	4131	DEF	
3894	4131	USE	
3890	4131	DEF	
3891	4131	DEF	
3898	4131	DEF	
3898	4131	USE	
3906	4131	USE	
3918	4131	USE	
3928	4131	USE	
3932	4131	USE	
3957	4131	USE	
3961	4131	USE	
4018	4131	USE	
4019	4131	USE	
4029	4131	USE	
4038	4131	USE	
4039	4131	USE	
3906	4132	DEF	
3910	4132	DEF	
3907	4132	DEF	
3928	4132	USE	
3935	4132	USE	
3954	4132	USE	
3946	4132	USE	
3990	4132	USE	
3994	4132	USE	
4018	4132	USE	
4022	4132	USE	
4046	4132	USE	
4053	4132	USE	
4050	4132	USE	
4085	4132	USE	
4090	4132	USE	
3928	4133	USE	
3932	4133	USE	
4018	4133	USE	
4019	4133	USE	
4046	4133	USE	
4047	4133	USE	
4097	4134	DEF	
3906	4134	USE	
3916	4134	USE	
3957	4134	USE	
3972	4134	USE	
4062	4134	USE	
4074	4134	USE	
4100	4135	DEF	
3890	4135	USE	
3891	4135	USE	
3957	4135	USE	
3961	4135	USE	
4109	4136	DEF	
3878	4136	USE	
4001	4136	USE	
4010	4136	USE	
4011	4136	USE	
3869	4137	DEF	
3870	4137	DEF	
3878	4137	USE	
3874	4137	DEF	
3875	4137	DEF	
3882	4137	DEF	
3882	4137	USE	
3906	4137	USE	
3920	4137	USE	
3928	4137	USE	
3932	4137	USE	
3957	4137	USE	
3961	4137	USE	
3990	4137	USE	
3991	4137	USE	
4001	4137	USE	
4010	4137	USE	
4011	4137	USE	
4106	4138	DEF	
3894	4138	USE	
4029	4138	USE	
4038	4138	USE	
4039	4138	USE	
4112	4139	DEF	
3957	4139	USE	
3961	4139	USE	
3957	4140	USE	
3961	4140	USE	
4062	4140	USE	
4071	4140	USE	
3982	4141	DEF	
3983	4141	DEF	
4018	4141	DEF	
4019	4141	DEF	
4029	4141	USE	
4038	4141	DEF	
4039	4141	DEF	
4062	4141	USE	
4071	4141	USE	
3986	4142	DEF	
3987	4142	DEF	
4046	4142	DEF	
4047	4142	DEF	
4077	4142	USE	
4078	4142	USE	
4115	3957	REACHES	stride
4115	4081	REACHES	stride
3906	3928	REACHES	tile
3906	3990	REACHES	tile
3906	4018	REACHES	tile
3906	4046	REACHES	tile
3906	4085	REACHES	tile
4112	3957	REACHES	buffer
4100	3890	REACHES	x1
4100	3957	REACHES	x1
4106	3894	REACHES	x2
4106	4029	REACHES	x2
4106	4038	REACHES	x2
4103	3874	REACHES	y1
4103	3957	REACHES	y1
4109	3878	REACHES	y2
4109	4001	REACHES	y2
4109	4010	REACHES	y2
4018	4029	REACHES	cols
4018	4062	REACHES	cols
4038	4062	REACHES	cols
4046	4077	REACHES	srcstride
3957	4062	REACHES	d
4081	4062	REACHES	d
3957	4081	REACHES	d
4081	4081	REACHES	d
3990	4001	REACHES	rows
4057	4057	REACHES	rows
3990	4057	REACHES	rows
4010	4057	REACHES	rows
3928	4062	REACHES	s
4077	4062	REACHES	s
3928	4077	REACHES	s
4077	4077	REACHES	s
3890	3898	REACHES	x
3890	3894	REACHES	x
3898	3894	REACHES	x
3890	4018	REACHES	x
3898	3898	REACHES	x
3890	3906	REACHES	x
3898	3906	REACHES	x
3890	4038	REACHES	x
3898	4038	REACHES	x
3890	4029	REACHES	x
3890	3928	REACHES	x
3898	3957	REACHES	x
3898	4018	REACHES	x
3898	4029	REACHES	x
3898	3928	REACHES	x
3890	3957	REACHES	x
3882	4001	REACHES	y
3874	3882	REACHES	y
3882	3878	REACHES	y
3874	3878	REACHES	y
3882	3882	REACHES	y
3874	3928	REACHES	y
3882	3906	REACHES	y
3874	3990	REACHES	y
3882	4010	REACHES	y
3874	4010	REACHES	y
3874	3906	REACHES	y
3882	3957	REACHES	y
3874	4001	REACHES	y
4097	3906	REACHES	tm
4097	3957	REACHES	tm
4097	4062	REACHES	tm
3882	3928	REACHES	y
3874	3957	REACHES	y
3882	3990	REACHES	y
4118	4097	CONTROLS	
4118	4100	CONTROLS	
4118	4103	CONTROLS	
4118	4106	CONTROLS	
4118	4109	CONTROLS	
4118	4112	CONTROLS	
4118	4115	CONTROLS	
4118	3865	CONTROLS	
4118	3869	CONTROLS	
4118	3874	CONTROLS	
4118	3878	CONTROLS	
3878	3890	CONTROLS	
3878	3894	CONTROLS	
3878	3882	CONTROLS	
3894	3906	CONTROLS	
3894	3928	CONTROLS	
3894	3957	CONTROLS	
3894	3978	CONTROLS	
3894	3982	CONTROLS	
3894	3986	CONTROLS	
3894	3990	CONTROLS	
3894	4001	CONTROLS	
3894	4018	CONTROLS	
3894	4029	CONTROLS	
3894	4046	CONTROLS	
3894	4057	CONTROLS	
3894	4085	CONTROLS	
3894	3898	CONTROLS	
4001	4010	CONTROLS	
4029	4038	CONTROLS	
4057	4062	CONTROLS	
4057	4077	CONTROLS	
4057	4081	CONTROLS	
4018	4029	DOM	
4046	4057	DOM	
4029	4038	DOM	
3982	3986	DOM	
4062	4077	DOM	
3894	3906	DOM	
4100	4103	DOM	
4112	4115	DOM	
3957	3978	DOM	
4077	4081	DOM	
3865	3869	DOM	
3869	3874	DOM	
4029	4046	DOM	
4118	4097	DOM	
3878	4119	DOM	
3990	4001	DOM	
4085	3898	DOM	
3894	3882	DOM	
3890	3894	DOM	
3878	3890	DOM	
3928	3957	DOM	
4118	4118	DOM	
3874	3878	DOM	
4109	4112	DOM	
4115	3865	DOM	
4001	4018	DOM	
3906	3928	DOM	
4057	4062	DOM	
3986	3990	DOM	
4103	4106	DOM	
4001	4010	DOM	
4097	4100	DOM	
4106	4109	DOM	
4057	4085	DOM	
3978	3982	DOM	
4046	4029	POST_DOM	
4085	4057	POST_DOM	
4046	4038	POST_DOM	
3990	3986	POST_DOM	
4081	4077	POST_DOM	
3928	3906	POST_DOM	
4106	4103	POST_DOM	
3865	4115	POST_DOM	
3982	3978	POST_DOM	
4057	4081	POST_DOM	
3878	3874	POST_DOM	
3874	3869	POST_DOM	
4057	4046	POST_DOM	
4100	4097	POST_DOM	
4119	4119	POST_DOM	
4018	4001	POST_DOM	
3894	3898	POST_DOM	
3878	3882	POST_DOM	
3882	3894	POST_DOM	
3894	3890	POST_DOM	
3978	3957	POST_DOM	
4119	3878	POST_DOM	
4097	4118	POST_DOM	
4115	4112	POST_DOM	
3869	3865	POST_DOM	
4029	4018	POST_DOM	
3957	3928	POST_DOM	
4077	4062	POST_DOM	
4001	3990	POST_DOM	
4109	4106	POST_DOM	
4018	4010	POST_DOM	
4112	4109	POST_DOM	
4103	4100	POST_DOM	
3898	4085	POST_DOM	
3986	3982	POST_DOM	
3862	3863	IS_FUNCTION_OF_AST	
3862	4118	IS_FUNCTION_OF_CFG	
1	3862	IS_FILE_OF	
4147	4148	IS_AST_PARENT	
4147	4149	IS_AST_PARENT	
4146	4147	IS_AST_PARENT	
4145	4146	IS_AST_PARENT	
4151	4152	IS_AST_PARENT	
4151	4153	IS_AST_PARENT	
4150	4151	IS_AST_PARENT	
4145	4150	IS_AST_PARENT	
4156	4157	IS_AST_PARENT	
4156	4158	IS_AST_PARENT	
4155	4156	IS_AST_PARENT	
4154	4155	IS_AST_PARENT	
4160	4161	IS_AST_PARENT	
4160	4162	IS_AST_PARENT	
4159	4160	IS_AST_PARENT	
4154	4159	IS_AST_PARENT	
4163	4164	IS_AST_PARENT	
4165	4166	IS_AST_PARENT	
4167	4168	IS_AST_PARENT	
4167	4169	IS_AST_PARENT	
4165	4167	IS_AST_PARENT	
4163	4165	IS_AST_PARENT	
4154	4163	IS_AST_PARENT	
4172	4173	IS_AST_PARENT	
4172	4174	IS_AST_PARENT	
4171	4172	IS_AST_PARENT	
4170	4171	IS_AST_PARENT	
4176	4177	IS_AST_PARENT	
4176	4178	IS_AST_PARENT	
4175	4176	IS_AST_PARENT	
4170	4175	IS_AST_PARENT	
4179	4180	IS_AST_PARENT	
4181	4182	IS_AST_PARENT	
4183	4184	IS_AST_PARENT	
4183	4185	IS_AST_PARENT	
4181	4183	IS_AST_PARENT	
4179	4181	IS_AST_PARENT	
4170	4179	IS_AST_PARENT	
4188	4189	IS_AST_PARENT	
4188	4190	IS_AST_PARENT	
4191	4192	IS_AST_PARENT	
4194	4195	IS_AST_PARENT	
4193	4194	IS_AST_PARENT	
4197	4198	IS_AST_PARENT	
4196	4197	IS_AST_PARENT	
4199	4200	IS_AST_PARENT	
4196	4199	IS_AST_PARENT	
4201	4202	IS_AST_PARENT	
4196	4201	IS_AST_PARENT	
4204	4205	IS_AST_PARENT	
4204	4206	IS_AST_PARENT	
4203	4204	IS_AST_PARENT	
4196	4203	IS_AST_PARENT	
4208	4209	IS_AST_PARENT	
4208	4210	IS_AST_PARENT	
4207	4208	IS_AST_PARENT	
4196	4207	IS_AST_PARENT	
4193	4196	IS_AST_PARENT	
4191	4193	IS_AST_PARENT	
4188	4191	IS_AST_PARENT	
4187	4188	IS_AST_PARENT	
4186	4187	IS_AST_PARENT	
4212	4213	IS_AST_PARENT	
4212	4214	IS_AST_PARENT	
4215	4216	IS_AST_PARENT	
4217	4218	IS_AST_PARENT	
4220	4221	IS_AST_PARENT	
4222	4223	IS_AST_PARENT	
4222	4224	IS_AST_PARENT	
4220	4222	IS_AST_PARENT	
4219	4220	IS_AST_PARENT	
4226	4227	IS_AST_PARENT	
4226	4228	IS_AST_PARENT	
4225	4226	IS_AST_PARENT	
4229	4230	IS_AST_PARENT	
4229	4231	IS_AST_PARENT	
4225	4229	IS_AST_PARENT	
4219	4225	IS_AST_PARENT	
4217	4219	IS_AST_PARENT	
4215	4217	IS_AST_PARENT	
4212	4215	IS_AST_PARENT	
4211	4212	IS_AST_PARENT	
4186	4211	IS_AST_PARENT	
4233	4234	IS_AST_PARENT	
4233	4235	IS_AST_PARENT	
4236	4237	IS_AST_PARENT	
4239	4240	IS_AST_PARENT	
4239	4241	IS_AST_PARENT	
4238	4239	IS_AST_PARENT	
4245	4246	IS_AST_PARENT	
4247	4248	IS_AST_PARENT	
4247	4249	IS_AST_PARENT	
4245	4247	IS_AST_PARENT	
4244	4245	IS_AST_PARENT	
4250	4251	IS_AST_PARENT	
4250	4252	IS_AST_PARENT	
4244	4250	IS_AST_PARENT	
4243	4244	IS_AST_PARENT	
4253	4254	IS_AST_PARENT	
4255	4256	IS_AST_PARENT	
4255	4257	IS_AST_PARENT	
4253	4255	IS_AST_PARENT	
4243	4253	IS_AST_PARENT	
4242	4243	IS_AST_PARENT	
4258	4259	IS_AST_PARENT	
4258	4260	IS_AST_PARENT	
4242	4258	IS_AST_PARENT	
4238	4242	IS_AST_PARENT	
4236	4238	IS_AST_PARENT	
4233	4236	IS_AST_PARENT	
4232	4233	IS_AST_PARENT	
4186	4232	IS_AST_PARENT	
4262	4263	IS_AST_PARENT	
4262	4264	IS_AST_PARENT	
4261	4262	IS_AST_PARENT	
4186	4261	IS_AST_PARENT	
4266	4267	IS_AST_PARENT	
4266	4268	IS_AST_PARENT	
4265	4266	IS_AST_PARENT	
4186	4265	IS_AST_PARENT	
4270	4271	IS_AST_PARENT	
4270	4272	IS_AST_PARENT	
4269	4270	IS_AST_PARENT	
4186	4269	IS_AST_PARENT	
4274	4275	IS_AST_PARENT	
4277	4278	IS_AST_PARENT	
4277	4279	IS_AST_PARENT	
4276	4277	IS_AST_PARENT	
4280	4281	IS_AST_PARENT	
4280	4282	IS_AST_PARENT	
4276	4280	IS_AST_PARENT	
4274	4276	IS_AST_PARENT	
4273	4274	IS_AST_PARENT	
4186	4273	IS_AST_PARENT	
4285	4286	IS_AST_PARENT	
4287	4288	IS_AST_PARENT	
4289	4290	IS_AST_PARENT	
4289	4291	IS_AST_PARENT	
4287	4289	IS_AST_PARENT	
4285	4287	IS_AST_PARENT	
4284	4285	IS_AST_PARENT	
4283	4284	IS_AST_PARENT	
4294	4295	IS_AST_PARENT	
4296	4297	IS_AST_PARENT	
4298	4299	IS_AST_PARENT	
4298	4300	IS_AST_PARENT	
4296	4298	IS_AST_PARENT	
4294	4296	IS_AST_PARENT	
4293	4294	IS_AST_PARENT	
4292	4293	IS_AST_PARENT	
4283	4292	IS_AST_PARENT	
4186	4283	IS_AST_PARENT	
4302	4303	IS_AST_PARENT	
4305	4306	IS_AST_PARENT	
4305	4307	IS_AST_PARENT	
4304	4305	IS_AST_PARENT	
4308	4309	IS_AST_PARENT	
4308	4310	IS_AST_PARENT	
4304	4308	IS_AST_PARENT	
4302	4304	IS_AST_PARENT	
4301	4302	IS_AST_PARENT	
4186	4301	IS_AST_PARENT	
4313	4314	IS_AST_PARENT	
4315	4316	IS_AST_PARENT	
4317	4318	IS_AST_PARENT	
4317	4319	IS_AST_PARENT	
4315	4317	IS_AST_PARENT	
4313	4315	IS_AST_PARENT	
4312	4313	IS_AST_PARENT	
4311	4312	IS_AST_PARENT	
4322	4323	IS_AST_PARENT	
4324	4325	IS_AST_PARENT	
4326	4327	IS_AST_PARENT	
4326	4328	IS_AST_PARENT	
4324	4326	IS_AST_PARENT	
4322	4324	IS_AST_PARENT	
4321	4322	IS_AST_PARENT	
4320	4321	IS_AST_PARENT	
4311	4320	IS_AST_PARENT	
4186	4311	IS_AST_PARENT	
4330	4331	IS_AST_PARENT	
4333	4334	IS_AST_PARENT	
4333	4335	IS_AST_PARENT	
4332	4333	IS_AST_PARENT	
4336	4337	IS_AST_PARENT	
4336	4338	IS_AST_PARENT	
4332	4336	IS_AST_PARENT	
4330	4332	IS_AST_PARENT	
4329	4330	IS_AST_PARENT	
4186	4329	IS_AST_PARENT	
4341	4342	IS_AST_PARENT	
4341	4343	IS_AST_PARENT	
4340	4341	IS_AST_PARENT	
4339	4340	IS_AST_PARENT	
4347	4348	IS_AST_PARENT	
4346	4347	IS_AST_PARENT	
4350	4351	IS_AST_PARENT	
4349	4350	IS_AST_PARENT	
4352	4353	IS_AST_PARENT	
4349	4352	IS_AST_PARENT	
4355	4356	IS_AST_PARENT	
4357	4358	IS_AST_PARENT	
4357	4359	IS_AST_PARENT	
4355	4357	IS_AST_PARENT	
4354	4355	IS_AST_PARENT	
4349	4354	IS_AST_PARENT	
4346	4349	IS_AST_PARENT	
4345	4346	IS_AST_PARENT	
4344	4345	IS_AST_PARENT	
4361	4362	IS_AST_PARENT	
4361	4363	IS_AST_PARENT	
4360	4361	IS_AST_PARENT	
4344	4360	IS_AST_PARENT	
4365	4366	IS_AST_PARENT	
4365	4367	IS_AST_PARENT	
4364	4365	IS_AST_PARENT	
4344	4364	IS_AST_PARENT	
4339	4344	IS_AST_PARENT	
4186	4339	IS_AST_PARENT	
4370	4371	IS_AST_PARENT	
4369	4370	IS_AST_PARENT	
4373	4374	IS_AST_PARENT	
4372	4373	IS_AST_PARENT	
4376	4377	IS_AST_PARENT	
4376	4378	IS_AST_PARENT	
4375	4376	IS_AST_PARENT	
4372	4375	IS_AST_PARENT	
4369	4372	IS_AST_PARENT	
4368	4369	IS_AST_PARENT	
4186	4368	IS_AST_PARENT	
4170	4186	IS_AST_PARENT	
4154	4170	IS_AST_PARENT	
4145	4154	IS_AST_PARENT	
4144	4145	IS_AST_PARENT	
4144	4379	IS_AST_PARENT	
4144	4380	IS_AST_PARENT	
4382	4383	IS_AST_PARENT	
4382	4384	IS_AST_PARENT	
4381	4382	IS_AST_PARENT	
4385	4386	IS_AST_PARENT	
4385	4387	IS_AST_PARENT	
4381	4385	IS_AST_PARENT	
4388	4389	IS_AST_PARENT	
4388	4390	IS_AST_PARENT	
4381	4388	IS_AST_PARENT	
4391	4392	IS_AST_PARENT	
4391	4393	IS_AST_PARENT	
4381	4391	IS_AST_PARENT	
4394	4395	IS_AST_PARENT	
4394	4396	IS_AST_PARENT	
4381	4394	IS_AST_PARENT	
4397	4398	IS_AST_PARENT	
4397	4399	IS_AST_PARENT	
4381	4397	IS_AST_PARENT	
4400	4401	IS_AST_PARENT	
4400	4402	IS_AST_PARENT	
4381	4400	IS_AST_PARENT	
4144	4381	IS_AST_PARENT	
4403	4382	FLOWS_TO	
4382	4385	FLOWS_TO	
4385	4388	FLOWS_TO	
4388	4391	FLOWS_TO	
4391	4394	FLOWS_TO	
4394	4397	FLOWS_TO	
4397	4400	FLOWS_TO	
4400	4146	FLOWS_TO	
4146	4150	FLOWS_TO	
4150	4155	FLOWS_TO	
4159	4171	FLOWS_TO	
4159	4404	FLOWS_TO	
4155	4159	FLOWS_TO	
4163	4159	FLOWS_TO	
4175	4187	FLOWS_TO	
4175	4163	FLOWS_TO	
4171	4175	FLOWS_TO	
4179	4175	FLOWS_TO	
4187	4211	FLOWS_TO	
4211	4232	FLOWS_TO	
4232	4261	FLOWS_TO	
4261	4265	FLOWS_TO	
4265	4269	FLOWS_TO	
4269	4273	FLOWS_TO	
4273	4284	FLOWS_TO	
4284	4293	FLOWS_TO	
4284	4301	FLOWS_TO	
4293	4301	FLOWS_TO	
4301	4312	FLOWS_TO	
4312	4321	FLOWS_TO	
4312	4329	FLOWS_TO	
4321	4329	FLOWS_TO	
4329	4340	FLOWS_TO	
4340	4345	FLOWS_TO	
4340	4368	FLOWS_TO	
4345	4360	FLOWS_TO	
4360	4364	FLOWS_TO	
4364	4340	FLOWS_TO	
4368	4179	FLOWS_TO	
4232	4405	USE	
4236	4405	USE	
4273	4405	USE	
4274	4405	USE	
4301	4405	USE	
4302	4405	USE	
4329	4405	USE	
4330	4405	USE	
4187	4406	USE	
4191	4406	USE	
4232	4407	USE	
4236	4407	USE	
4232	4408	DEF	
4236	4408	DEF	
4233	4408	DEF	
4345	4408	USE	
4350	4408	USE	
4364	4408	USE	
4365	4408	USE	
4364	4408	DEF	
4365	4408	DEF	
4232	4409	USE	
4236	4409	USE	
4329	4409	USE	
4330	4409	USE	
4273	4410	USE	
4274	4410	USE	
4400	4411	DEF	
4211	4411	USE	
4215	4411	USE	
4360	4411	USE	
4361	4411	USE	
4261	4412	DEF	
4262	4412	DEF	
4273	4412	DEF	
4274	4412	DEF	
4284	4412	USE	
4293	4412	DEF	
4294	4412	DEF	
4340	4412	USE	
4341	4412	USE	
4340	4412	DEF	
4341	4412	DEF	
4211	4413	DEF	
4212	4413	DEF	
4215	4413	DEF	
4345	4413	USE	
4352	4413	USE	
4360	4413	USE	
4361	4413	USE	
4360	4413	DEF	
4361	4413	DEF	
4269	4414	DEF	
4270	4414	DEF	
4329	4414	DEF	
4330	4414	DEF	
4364	4414	USE	
4365	4414	USE	
4211	4415	USE	
4215	4415	USE	
4345	4415	USE	
4354	4415	USE	
4388	4416	DEF	
4155	4416	USE	
4156	4416	USE	
4211	4416	USE	
4215	4416	USE	
4146	4417	DEF	
4147	4417	DEF	
4175	4417	USE	
4171	4417	DEF	
4172	4417	DEF	
4179	4417	USE	
4179	4417	DEF	
4187	4417	USE	
4199	4417	USE	
4211	4417	USE	
4215	4417	USE	
4232	4417	USE	
4236	4417	USE	
4301	4417	USE	
4302	4417	USE	
4312	4417	USE	
4321	4417	USE	
4322	4417	USE	
4187	4418	DEF	
4191	4418	DEF	
4188	4418	DEF	
4232	4418	USE	
4258	4418	USE	
4239	4418	USE	
4250	4418	USE	
4273	4418	USE	
4277	4418	USE	
4301	4418	USE	
4305	4418	USE	
4329	4418	USE	
4336	4418	USE	
4333	4418	USE	
4368	4418	USE	
4373	4418	USE	
4232	4419	USE	
4236	4419	USE	
4301	4419	USE	
4302	4419	USE	
4329	4419	USE	
4330	4419	USE	
4382	4420	DEF	
4187	4420	USE	
4197	4420	USE	
4211	4420	USE	
4226	4420	USE	
4345	4420	USE	
4357	4420	USE	
4385	4421	DEF	
4171	4421	USE	
4172	4421	USE	
4211	4421	USE	
4215	4421	USE	
4394	4422	DEF	
4159	4422	USE	
4284	4422	USE	
4293	4422	USE	
4294	4422	USE	
4150	4423	DEF	
4151	4423	DEF	
4159	4423	USE	
4155	4423	DEF	
4156	4423	DEF	
4163	4423	USE	
4163	4423	DEF	
4187	4423	USE	
4201	4423	USE	
4211	4423	USE	
4215	4423	USE	
4232	4423	USE	
4236	4423	USE	
4273	4423	USE	
4274	4423	USE	
4284	4423	USE	
4293	4423	USE	
4294	4423	USE	
4391	4424	DEF	
4175	4424	USE	
4312	4424	USE	
4321	4424	USE	
4322	4424	USE	
4397	4425	DEF	
4211	4425	USE	
4215	4425	USE	
4211	4426	USE	
4215	4426	USE	
4345	4426	USE	
4354	4426	USE	
4265	4427	DEF	
4266	4427	DEF	
4301	4427	DEF	
4302	4427	DEF	
4312	4427	USE	
4321	4427	DEF	
4322	4427	DEF	
4345	4427	USE	
4354	4427	USE	
4400	4211	REACHES	stride
4400	4360	REACHES	stride
4187	4232	REACHES	tile
4187	4273	REACHES	tile
4187	4301	REACHES	tile
4187	4329	REACHES	tile
4187	4368	REACHES	tile
4397	4211	REACHES	buffer
4385	4171	REACHES	x1
4385	4211	REACHES	x1
4391	4175	REACHES	x2
4391	4312	REACHES	x2
4391	4321	REACHES	x2
4329	4364	REACHES	dststride
4388	4155	REACHES	y1
4388	4211	REACHES	y1
4394	4159	REACHES	y2
4394	4284	REACHES	y2
4394	4293	REACHES	y2
4301	4312	REACHES	cols
4321	4345	REACHES	cols
4301	4345	REACHES	cols
4232	4345	REACHES	d
4364	4345	REACHES	d
4232	4364	REACHES	d
4364	4364	REACHES	d
4273	4284	REACHES	rows
4293	4340	REACHES	rows
4340	4340	REACHES	rows
4273	4340	REACHES	rows
4360	4345	REACHES	s
4211	4345	REACHES	s
4360	4360	REACHES	s
4211	4360	REACHES	s
4171	4179	REACHES	x
4171	4175	REACHES	x
4179	4175	REACHES	x
4179	4321	REACHES	x
4171	4312	REACHES	x
4179	4312	REACHES	x
4179	4179	REACHES	x
4171	4187	REACHES	x
4179	4187	REACHES	x
4179	4232	REACHES	x
4171	4321	REACHES	x
4171	4301	REACHES	x
4171	4211	REACHES	x
4179	4211	REACHES	x
4171	4232	REACHES	x
4179	4301	REACHES	x
4155	4273	REACHES	y
4155	4163	REACHES	y
4155	4159	REACHES	y
4163	4159	REACHES	y
4163	4163	REACHES	y
4163	4293	REACHES	y
4163	4273	REACHES	y
4163	4211	REACHES	y
4163	4232	REACHES	y
4163	4284	REACHES	y
4155	4232	REACHES	y
4155	4187	REACHES	y
4382	4187	REACHES	tm
4163	4187	REACHES	y
4155	4284	REACHES	y
4155	4293	REACHES	y
4155	4211	REACHES	y
4382	4345	REACHES	tm
4382	4211	REACHES	tm
4403	4382	CONTROLS	
4403	4385	CONTROLS	
4403	4388	CONTROLS	
4403	4391	CONTROLS	
4403	4394	CONTROLS	
4403	4397	CONTROLS	
4403	4400	CONTROLS	
4403	4146	CONTROLS	
4403	4150	CONTROLS	
4403	4155	CONTROLS	
4403	4159	CONTROLS	
4159	4171	CONTROLS	
4159	4175	CONTROLS	
4159	4163	CONTROLS	
4175	4187	CONTROLS	
4175	4211	CONTROLS	
4175	4232	CONTROLS	
4175	4261	CONTROLS	
4175	4265	CONTROLS	
4175	4269	CONTROLS	
4175	4273	CONTROLS	
4175	4284	CONTROLS	
4175	4301	CONTROLS	
4175	4312	CONTROLS	
4175	4329	CONTROLS	
4175	4340	CONTROLS	
4175	4368	CONTROLS	
4175	4179	CONTROLS	
4284	4293	CONTROLS	
4312	4321	CONTROLS	
4340	4345	CONTROLS	
4340	4360	CONTROLS	
4340	4364	CONTROLS	
4329	4340	DOM	
4382	4385	DOM	
4265	4269	DOM	
4345	4360	DOM	
4146	4150	DOM	
4150	4155	DOM	
4360	4364	DOM	
4269	4273	DOM	
4391	4394	DOM	
4284	4293	DOM	
4159	4171	DOM	
4211	4232	DOM	
4284	4301	DOM	
4159	4404	DOM	
4273	4284	DOM	
4397	4400	DOM	
4175	4187	DOM	
4400	4146	DOM	
4312	4329	DOM	
4187	4211	DOM	
4175	4163	DOM	
4385	4388	DOM	
4403	4382	DOM	
4261	4265	DOM	
4155	4159	DOM	
4394	4397	DOM	
4301	4312	DOM	
4340	4345	DOM	
4388	4391	DOM	
4368	4179	DOM	
4171	4175	DOM	
4232	4261	DOM	
4403	4403	DOM	
4340	4368	DOM	
4312	4321	DOM	
4368	4340	POST_DOM	
4388	4385	POST_DOM	
4273	4269	POST_DOM	
4364	4360	POST_DOM	
4159	4155	POST_DOM	
4155	4150	POST_DOM	
4340	4364	POST_DOM	
4284	4273	POST_DOM	
4397	4394	POST_DOM	
4301	4293	POST_DOM	
4175	4171	POST_DOM	
4312	4301	POST_DOM	
4261	4232	POST_DOM	
4404	4404	POST_DOM	
4301	4284	POST_DOM	
4146	4400	POST_DOM	
4211	4187	POST_DOM	
4150	4146	POST_DOM	
4340	4329	POST_DOM	
4232	4211	POST_DOM	
4159	4163	POST_DOM	
4391	4388	POST_DOM	
4385	4382	POST_DOM	
4269	4265	POST_DOM	
4404	4159	POST_DOM	
4400	4397	POST_DOM	
4329	4312	POST_DOM	
4360	4345	POST_DOM	
4394	4391	POST_DOM	
4175	4179	POST_DOM	
4163	4175	POST_DOM	
4265	4261	POST_DOM	
4382	4403	POST_DOM	
4179	4368	POST_DOM	
4329	4321	POST_DOM	
4143	4144	IS_FUNCTION_OF_AST	
4143	4403	IS_FUNCTION_OF_CFG	
1	4143	IS_FILE_OF	
4432	4433	IS_AST_PARENT	
4432	4434	IS_AST_PARENT	
4435	4436	IS_AST_PARENT	
4438	4439	IS_AST_PARENT	
4437	4438	IS_AST_PARENT	
4441	4442	IS_AST_PARENT	
4440	4441	IS_AST_PARENT	
4443	4444	IS_AST_PARENT	
4440	4443	IS_AST_PARENT	
4445	4446	IS_AST_PARENT	
4440	4445	IS_AST_PARENT	
4437	4440	IS_AST_PARENT	
4435	4437	IS_AST_PARENT	
4432	4435	IS_AST_PARENT	
4431	4432	IS_AST_PARENT	
4430	4431	IS_AST_PARENT	
4449	4450	IS_AST_PARENT	
4449	4451	IS_AST_PARENT	
4448	4449	IS_AST_PARENT	
4447	4448	IS_AST_PARENT	
4452	4453	IS_AST_PARENT	
4447	4452	IS_AST_PARENT	
4430	4447	IS_AST_PARENT	
4456	4457	IS_AST_PARENT	
4458	4459	IS_AST_PARENT	
4458	4460	IS_AST_PARENT	
4456	4458	IS_AST_PARENT	
4455	4456	IS_AST_PARENT	
4454	4455	IS_AST_PARENT	
4463	4464	IS_AST_PARENT	
4463	4465	IS_AST_PARENT	
4462	4463	IS_AST_PARENT	
4461	4462	IS_AST_PARENT	
4468	4469	IS_AST_PARENT	
4468	4470	IS_AST_PARENT	
4467	4468	IS_AST_PARENT	
4466	4467	IS_AST_PARENT	
4474	4475	IS_AST_PARENT	
4473	4474	IS_AST_PARENT	
4478	4479	IS_AST_PARENT	
4478	4480	IS_AST_PARENT	
4477	4478	IS_AST_PARENT	
4476	4477	IS_AST_PARENT	
4481	4482	IS_AST_PARENT	
4476	4481	IS_AST_PARENT	
4473	4476	IS_AST_PARENT	
4472	4473	IS_AST_PARENT	
4471	4472	IS_AST_PARENT	
4466	4471	IS_AST_PARENT	
4461	4466	IS_AST_PARENT	
4485	4486	IS_AST_PARENT	
4485	4487	IS_AST_PARENT	
4484	4485	IS_AST_PARENT	
4488	4489	IS_AST_PARENT	
4488	4490	IS_AST_PARENT	
4484	4488	IS_AST_PARENT	
4483	4484	IS_AST_PARENT	
4461	4483	IS_AST_PARENT	
4493	4494	IS_AST_PARENT	
4493	4495	IS_AST_PARENT	
4492	4493	IS_AST_PARENT	
4496	4497	IS_AST_PARENT	
4496	4498	IS_AST_PARENT	
4492	4496	IS_AST_PARENT	
4491	4492	IS_AST_PARENT	
4461	4491	IS_AST_PARENT	
4500	4501	IS_AST_PARENT	
4503	4504	IS_AST_PARENT	
4502	4503	IS_AST_PARENT	
4506	4507	IS_AST_PARENT	
4505	4506	IS_AST_PARENT	
4508	4509	IS_AST_PARENT	
4505	4508	IS_AST_PARENT	
4511	4512	IS_AST_PARENT	
4511	4513	IS_AST_PARENT	
4510	4511	IS_AST_PARENT	
4505	4510	IS_AST_PARENT	
4514	4515	IS_AST_PARENT	
4505	4514	IS_AST_PARENT	
4502	4505	IS_AST_PARENT	
4500	4502	IS_AST_PARENT	
4499	4500	IS_AST_PARENT	
4461	4499	IS_AST_PARENT	
4518	4519	IS_AST_PARENT	
4518	4520	IS_AST_PARENT	
4517	4518	IS_AST_PARENT	
4517	4521	IS_AST_PARENT	
4516	4517	IS_AST_PARENT	
4461	4516	IS_AST_PARENT	
4524	4525	IS_AST_PARENT	
4524	4526	IS_AST_PARENT	
4523	4524	IS_AST_PARENT	
4523	4527	IS_AST_PARENT	
4522	4523	IS_AST_PARENT	
4461	4522	IS_AST_PARENT	
4454	4461	IS_AST_PARENT	
4430	4454	IS_AST_PARENT	
4530	4531	IS_AST_PARENT	
4530	4532	IS_AST_PARENT	
4533	4534	IS_AST_PARENT	
4537	4538	IS_AST_PARENT	
4537	4539	IS_AST_PARENT	
4536	4537	IS_AST_PARENT	
4536	4540	IS_AST_PARENT	
4535	4536	IS_AST_PARENT	
4544	4545	IS_AST_PARENT	
4546	4547	IS_AST_PARENT	
4546	4548	IS_AST_PARENT	
4544	4546	IS_AST_PARENT	
4543	4544	IS_AST_PARENT	
4550	4551	IS_AST_PARENT	
4550	4552	IS_AST_PARENT	
4549	4550	IS_AST_PARENT	
4549	4553	IS_AST_PARENT	
4543	4549	IS_AST_PARENT	
4542	4543	IS_AST_PARENT	
4554	4555	IS_AST_PARENT	
4556	4557	IS_AST_PARENT	
4556	4558	IS_AST_PARENT	
4554	4556	IS_AST_PARENT	
4542	4554	IS_AST_PARENT	
4541	4542	IS_AST_PARENT	
4560	4561	IS_AST_PARENT	
4560	4562	IS_AST_PARENT	
4559	4560	IS_AST_PARENT	
4559	4563	IS_AST_PARENT	
4541	4559	IS_AST_PARENT	
4535	4541	IS_AST_PARENT	
4533	4535	IS_AST_PARENT	
4530	4533	IS_AST_PARENT	
4529	4530	IS_AST_PARENT	
4528	4529	IS_AST_PARENT	
4566	4567	IS_AST_PARENT	
4566	4568	IS_AST_PARENT	
4565	4566	IS_AST_PARENT	
4564	4565	IS_AST_PARENT	
4569	4570	IS_AST_PARENT	
4573	4574	IS_AST_PARENT	
4575	4576	IS_AST_PARENT	
4575	4577	IS_AST_PARENT	
4573	4575	IS_AST_PARENT	
4572	4573	IS_AST_PARENT	
4578	4579	IS_AST_PARENT	
4580	4581	IS_AST_PARENT	
4580	4582	IS_AST_PARENT	
4578	4580	IS_AST_PARENT	
4572	4578	IS_AST_PARENT	
4571	4572	IS_AST_PARENT	
4569	4571	IS_AST_PARENT	
4569	4583	IS_AST_PARENT	
4586	4587	IS_AST_PARENT	
4588	4589	IS_AST_PARENT	
4588	4590	IS_AST_PARENT	
4586	4588	IS_AST_PARENT	
4585	4586	IS_AST_PARENT	
4591	4592	IS_AST_PARENT	
4593	4594	IS_AST_PARENT	
4593	4595	IS_AST_PARENT	
4591	4593	IS_AST_PARENT	
4585	4591	IS_AST_PARENT	
4584	4585	IS_AST_PARENT	
4569	4584	IS_AST_PARENT	
4569	4596	IS_AST_PARENT	
4599	4600	IS_AST_PARENT	
4601	4602	IS_AST_PARENT	
4601	4603	IS_AST_PARENT	
4599	4601	IS_AST_PARENT	
4598	4599	IS_AST_PARENT	
4604	4605	IS_AST_PARENT	
4606	4607	IS_AST_PARENT	
4606	4608	IS_AST_PARENT	
4604	4606	IS_AST_PARENT	
4598	4604	IS_AST_PARENT	
4597	4598	IS_AST_PARENT	
4569	4597	IS_AST_PARENT	
4569	4609	IS_AST_PARENT	
4612	4613	IS_AST_PARENT	
4614	4615	IS_AST_PARENT	
4614	4616	IS_AST_PARENT	
4612	4614	IS_AST_PARENT	
4611	4612	IS_AST_PARENT	
4617	4618	IS_AST_PARENT	
4619	4620	IS_AST_PARENT	
4619	4621	IS_AST_PARENT	
4617	4619	IS_AST_PARENT	
4611	4617	IS_AST_PARENT	
4610	4611	IS_AST_PARENT	
4569	4610	IS_AST_PARENT	
4564	4569	IS_AST_PARENT	
4528	4564	IS_AST_PARENT	
4430	4528	IS_AST_PARENT	
4429	4430	IS_AST_PARENT	
4429	4622	IS_AST_PARENT	
4429	4623	IS_AST_PARENT	
4625	4626	IS_AST_PARENT	
4625	4627	IS_AST_PARENT	
4624	4625	IS_AST_PARENT	
4628	4629	IS_AST_PARENT	
4628	4630	IS_AST_PARENT	
4624	4628	IS_AST_PARENT	
4631	4632	IS_AST_PARENT	
4631	4633	IS_AST_PARENT	
4624	4631	IS_AST_PARENT	
4634	4635	IS_AST_PARENT	
4634	4636	IS_AST_PARENT	
4624	4634	IS_AST_PARENT	
4429	4624	IS_AST_PARENT	
4637	4625	FLOWS_TO	
4625	4628	FLOWS_TO	
4628	4631	FLOWS_TO	
4631	4634	FLOWS_TO	
4634	4431	FLOWS_TO	
4431	4448	FLOWS_TO	
4448	4453	FLOWS_TO	
4448	4455	FLOWS_TO	
4453	4638	FLOWS_TO	
4455	4462	FLOWS_TO	
4455	4529	FLOWS_TO	
4462	4467	FLOWS_TO	
4467	4472	FLOWS_TO	
4467	4483	FLOWS_TO	
4472	4483	FLOWS_TO	
4483	4491	FLOWS_TO	
4491	4499	FLOWS_TO	
4499	4516	FLOWS_TO	
4516	4522	FLOWS_TO	
4522	4529	FLOWS_TO	
4529	4565	FLOWS_TO	
4565	4570	FLOWS_TO	
4565	4609	FLOWS_TO	
4565	4596	FLOWS_TO	
4565	4583	FLOWS_TO	
4565	4638	FLOWS_TO	
4570	4571	FLOWS_TO	
4571	4583	FLOWS_TO	
4583	4584	FLOWS_TO	
4584	4596	FLOWS_TO	
4596	4597	FLOWS_TO	
4597	4609	FLOWS_TO	
4609	4610	FLOWS_TO	
4610	4638	FLOWS_TO	
4529	4639	USE	
4533	4639	USE	
4571	4640	USE	
4572	4640	USE	
4584	4640	USE	
4585	4640	USE	
4597	4640	USE	
4598	4640	USE	
4610	4640	USE	
4611	4640	USE	
4529	4641	DEF	
4533	4641	DEF	
4530	4641	DEF	
4571	4641	USE	
4580	4641	USE	
4571	4641	DEF	
4580	4641	DEF	
4584	4641	DEF	
4593	4641	DEF	
4584	4641	USE	
4593	4641	USE	
4597	4641	DEF	
4606	4641	DEF	
4597	4641	USE	
4606	4641	USE	
4610	4641	USE	
4619	4641	USE	
4610	4641	DEF	
4619	4641	DEF	
4431	4642	DEF	
4432	4642	DEF	
4435	4642	DEF	
4448	4642	USE	
4455	4642	USE	
4499	4642	USE	
4508	4642	USE	
4516	4642	USE	
4517	4642	USE	
4529	4643	USE	
4533	4643	USE	
4455	4644	USE	
4483	4644	DEF	
4484	4644	DEF	
4516	4644	DEF	
4517	4644	DEF	
4529	4645	USE	
4533	4645	USE	
4467	4646	USE	
4472	4646	USE	
4477	4646	USE	
4491	4646	DEF	
4492	4646	DEF	
4522	4646	DEF	
4523	4646	DEF	
4529	4646	USE	
4549	4646	USE	
4536	4646	USE	
4559	4646	USE	
4571	4647	DEF	
4572	4647	DEF	
4584	4647	DEF	
4585	4647	DEF	
4597	4647	DEF	
4598	4647	DEF	
4610	4647	DEF	
4611	4647	DEF	
4499	4648	USE	
4500	4648	USE	
4529	4649	USE	
4533	4649	USE	
4529	4650	USE	
4533	4650	USE	
4565	4651	USE	
4628	4652	DEF	
4431	4652	USE	
4443	4652	USE	
4529	4652	USE	
4533	4652	USE	
4462	4653	DEF	
4463	4653	DEF	
4499	4653	DEF	
4500	4653	DEF	
4522	4653	USE	
4523	4653	USE	
4625	4654	DEF	
4431	4654	USE	
4441	4654	USE	
4455	4654	USE	
4458	4654	USE	
4467	4654	USE	
4468	4654	USE	
4472	4654	USE	
4478	4654	USE	
4483	4654	USE	
4485	4654	USE	
4491	4654	USE	
4493	4654	USE	
4499	4654	USE	
4506	4654	USE	
4516	4654	USE	
4518	4654	USE	
4522	4654	USE	
4524	4654	USE	
4529	4654	USE	
4537	4654	USE	
4560	4654	USE	
4550	4654	USE	
4565	4654	USE	
4566	4654	USE	
4631	4655	DEF	
4431	4655	USE	
4445	4655	USE	
4529	4655	USE	
4533	4655	USE	
4634	4656	DEF	
4571	4656	USE	
4575	4656	USE	
4571	4656	DEF	
4575	4656	DEF	
4584	4656	DEF	
4588	4656	DEF	
4584	4656	USE	
4588	4656	USE	
4597	4656	DEF	
4601	4656	DEF	
4597	4656	USE	
4601	4656	USE	
4610	4656	USE	
4614	4656	USE	
4610	4656	DEF	
4614	4656	DEF	
4455	4657	USE	
4467	4657	USE	
4472	4657	USE	
4477	4657	USE	
4483	4657	DEF	
4484	4657	DEF	
4491	4657	DEF	
4492	4657	DEF	
4516	4657	DEF	
4517	4657	DEF	
4522	4657	DEF	
4523	4657	DEF	
4529	4657	USE	
4559	4657	USE	
4549	4657	USE	
4536	4657	USE	
4565	4657	USE	
4431	4658	USE	
4435	4658	USE	
4431	4448	REACHES	num
4431	4455	REACHES	num
4431	4499	REACHES	num
4431	4516	REACHES	num
4522	4529	REACHES	tm -> cached_tile
4499	4522	REACHES	tile
4634	4571	REACHES	buffer
4571	4584	REACHES	buffer
4634	4584	REACHES	buffer
4634	4597	REACHES	buffer
4584	4597	REACHES	buffer
4597	4610	REACHES	buffer
4634	4610	REACHES	buffer
4529	4571	REACHES	src
4571	4584	REACHES	src
4529	4584	REACHES	src
4584	4597	REACHES	src
4529	4597	REACHES	src
4597	4610	REACHES	src
4529	4610	REACHES	src
4628	4431	REACHES	x
4628	4529	REACHES	x
4625	4483	REACHES	tm
4631	4431	REACHES	y
4625	4431	REACHES	tm
4625	4455	REACHES	tm
4625	4467	REACHES	tm
4631	4529	REACHES	y
4625	4472	REACHES	tm
4625	4491	REACHES	tm
4625	4499	REACHES	tm
4625	4565	REACHES	tm
4625	4516	REACHES	tm
4625	4522	REACHES	tm
4625	4529	REACHES	tm
4522	4638	REACHES	* tm
4522	4529	REACHES	* tm
4522	4565	REACHES	* tm
4637	4625	CONTROLS	
4637	4628	CONTROLS	
4637	4631	CONTROLS	
4637	4634	CONTROLS	
4637	4431	CONTROLS	
4637	4448	CONTROLS	
4448	4453	CONTROLS	
4448	4455	CONTROLS	
4448	4529	CONTROLS	
4448	4565	CONTROLS	
4455	4462	CONTROLS	
4455	4467	CONTROLS	
4455	4483	CONTROLS	
4455	4491	CONTROLS	
4455	4499	CONTROLS	
4455	4516	CONTROLS	
4455	4522	CONTROLS	
4467	4472	CONTROLS	
4565	4570	CONTROLS	
4565	4571	CONTROLS	
4565	4583	CONTROLS	
4565	4584	CONTROLS	
4565	4596	CONTROLS	
4565	4597	CONTROLS	
4565	4609	CONTROLS	
4565	4610	CONTROLS	
4565	4609	CONTROLS	
4565	4610	CONTROLS	
4565	4596	CONTROLS	
4565	4597	CONTROLS	
4565	4609	CONTROLS	
4565	4610	CONTROLS	
4565	4583	CONTROLS	
4565	4584	CONTROLS	
4565	4596	CONTROLS	
4565	4597	CONTROLS	
4565	4609	CONTROLS	
4565	4610	CONTROLS	
4634	4431	DOM	
4631	4634	DOM	
4431	4448	DOM	
4637	4625	DOM	
4596	4597	DOM	
4516	4522	DOM	
4499	4516	DOM	
4529	4565	DOM	
4448	4455	DOM	
4467	4472	DOM	
4583	4584	DOM	
4565	4609	DOM	
4565	4596	DOM	
4609	4610	DOM	
4570	4571	DOM	
4637	4637	DOM	
4483	4491	DOM	
4628	4631	DOM	
4455	4529	DOM	
4565	4583	DOM	
4448	4638	DOM	
4448	4453	DOM	
4565	4570	DOM	
4625	4628	DOM	
4455	4462	DOM	
4462	4467	DOM	
4491	4499	DOM	
4467	4483	DOM	
4448	4431	POST_DOM	
4638	4448	POST_DOM	
4431	4634	POST_DOM	
4628	4625	POST_DOM	
4609	4597	POST_DOM	
4529	4522	POST_DOM	
4522	4516	POST_DOM	
4638	4565	POST_DOM	
4529	4455	POST_DOM	
4483	4472	POST_DOM	
4610	4609	POST_DOM	
4596	4584	POST_DOM	
4597	4596	POST_DOM	
4638	4610	POST_DOM	
4583	4571	POST_DOM	
4625	4637	POST_DOM	
4499	4491	POST_DOM	
4634	4631	POST_DOM	
4565	4529	POST_DOM	
4584	4583	POST_DOM	
4638	4638	POST_DOM	
4638	4453	POST_DOM	
4571	4570	POST_DOM	
4631	4628	POST_DOM	
4467	4462	POST_DOM	
4516	4499	POST_DOM	
4483	4467	POST_DOM	
4491	4483	POST_DOM	
4428	4429	IS_FUNCTION_OF_AST	
4428	4637	IS_FUNCTION_OF_CFG	
1	4428	IS_FILE_OF	
4663	4664	IS_AST_PARENT	
4663	4665	IS_AST_PARENT	
4666	4667	IS_AST_PARENT	
4669	4670	IS_AST_PARENT	
4668	4669	IS_AST_PARENT	
4672	4673	IS_AST_PARENT	
4671	4672	IS_AST_PARENT	
4674	4675	IS_AST_PARENT	
4671	4674	IS_AST_PARENT	
4676	4677	IS_AST_PARENT	
4671	4676	IS_AST_PARENT	
4679	4680	IS_AST_PARENT	
4679	4681	IS_AST_PARENT	
4678	4679	IS_AST_PARENT	
4671	4678	IS_AST_PARENT	
4683	4684	IS_AST_PARENT	
4683	4685	IS_AST_PARENT	
4682	4683	IS_AST_PARENT	
4671	4682	IS_AST_PARENT	
4668	4671	IS_AST_PARENT	
4666	4668	IS_AST_PARENT	
4663	4666	IS_AST_PARENT	
4662	4663	IS_AST_PARENT	
4661	4662	IS_AST_PARENT	
4687	4688	IS_AST_PARENT	
4687	4689	IS_AST_PARENT	
4690	4691	IS_AST_PARENT	
4693	4694	IS_AST_PARENT	
4693	4695	IS_AST_PARENT	
4692	4693	IS_AST_PARENT	
4699	4700	IS_AST_PARENT	
4701	4702	IS_AST_PARENT	
4701	4703	IS_AST_PARENT	
4699	4701	IS_AST_PARENT	
4698	4699	IS_AST_PARENT	
4704	4705	IS_AST_PARENT	
4704	4706	IS_AST_PARENT	
4698	4704	IS_AST_PARENT	
4697	4698	IS_AST_PARENT	
4707	4708	IS_AST_PARENT	
4709	4710	IS_AST_PARENT	
4709	4711	IS_AST_PARENT	
4707	4709	IS_AST_PARENT	
4697	4707	IS_AST_PARENT	
4696	4697	IS_AST_PARENT	
4712	4713	IS_AST_PARENT	
4712	4714	IS_AST_PARENT	
4696	4712	IS_AST_PARENT	
4692	4696	IS_AST_PARENT	
4690	4692	IS_AST_PARENT	
4687	4690	IS_AST_PARENT	
4686	4687	IS_AST_PARENT	
4661	4686	IS_AST_PARENT	
4717	4718	IS_AST_PARENT	
4717	4719	IS_AST_PARENT	
4716	4717	IS_AST_PARENT	
4715	4716	IS_AST_PARENT	
4720	4721	IS_AST_PARENT	
4724	4725	IS_AST_PARENT	
4726	4727	IS_AST_PARENT	
4726	4728	IS_AST_PARENT	
4724	4726	IS_AST_PARENT	
4723	4724	IS_AST_PARENT	
4729	4730	IS_AST_PARENT	
4731	4732	IS_AST_PARENT	
4731	4733	IS_AST_PARENT	
4729	4731	IS_AST_PARENT	
4723	4729	IS_AST_PARENT	
4722	4723	IS_AST_PARENT	
4720	4722	IS_AST_PARENT	
4720	4734	IS_AST_PARENT	
4737	4738	IS_AST_PARENT	
4739	4740	IS_AST_PARENT	
4739	4741	IS_AST_PARENT	
4737	4739	IS_AST_PARENT	
4736	4737	IS_AST_PARENT	
4742	4743	IS_AST_PARENT	
4744	4745	IS_AST_PARENT	
4744	4746	IS_AST_PARENT	
4742	4744	IS_AST_PARENT	
4736	4742	IS_AST_PARENT	
4735	4736	IS_AST_PARENT	
4720	4735	IS_AST_PARENT	
4720	4747	IS_AST_PARENT	
4750	4751	IS_AST_PARENT	
4752	4753	IS_AST_PARENT	
4752	4754	IS_AST_PARENT	
4750	4752	IS_AST_PARENT	
4749	4750	IS_AST_PARENT	
4755	4756	IS_AST_PARENT	
4757	4758	IS_AST_PARENT	
4757	4759	IS_AST_PARENT	
4755	4757	IS_AST_PARENT	
4749	4755	IS_AST_PARENT	
4748	4749	IS_AST_PARENT	
4720	4748	IS_AST_PARENT	
4720	4760	IS_AST_PARENT	
4763	4764	IS_AST_PARENT	
4765	4766	IS_AST_PARENT	
4765	4767	IS_AST_PARENT	
4763	4765	IS_AST_PARENT	
4762	4763	IS_AST_PARENT	
4768	4769	IS_AST_PARENT	
4770	4771	IS_AST_PARENT	
4770	4772	IS_AST_PARENT	
4768	4770	IS_AST_PARENT	
4762	4768	IS_AST_PARENT	
4761	4762	IS_AST_PARENT	
4720	4761	IS_AST_PARENT	
4715	4720	IS_AST_PARENT	
4661	4715	IS_AST_PARENT	
4775	4776	IS_AST_PARENT	
4774	4775	IS_AST_PARENT	
4778	4779	IS_AST_PARENT	
4777	4778	IS_AST_PARENT	
4781	4782	IS_AST_PARENT	
4781	4783	IS_AST_PARENT	
4780	4781	IS_AST_PARENT	
4777	4780	IS_AST_PARENT	
4774	4777	IS_AST_PARENT	
4773	4774	IS_AST_PARENT	
4661	4773	IS_AST_PARENT	
4660	4661	IS_AST_PARENT	
4660	4784	IS_AST_PARENT	
4660	4785	IS_AST_PARENT	
4787	4788	IS_AST_PARENT	
4787	4789	IS_AST_PARENT	
4786	4787	IS_AST_PARENT	
4790	4791	IS_AST_PARENT	
4790	4792	IS_AST_PARENT	
4786	4790	IS_AST_PARENT	
4793	4794	IS_AST_PARENT	
4793	4795	IS_AST_PARENT	
4786	4793	IS_AST_PARENT	
4796	4797	IS_AST_PARENT	
4796	4798	IS_AST_PARENT	
4786	4796	IS_AST_PARENT	
4660	4786	IS_AST_PARENT	
4799	4787	FLOWS_TO	
4787	4790	FLOWS_TO	
4790	4793	FLOWS_TO	
4793	4796	FLOWS_TO	
4796	4662	FLOWS_TO	
4662	4686	FLOWS_TO	
4686	4716	FLOWS_TO	
4716	4721	FLOWS_TO	
4716	4760	FLOWS_TO	
4716	4747	FLOWS_TO	
4716	4734	FLOWS_TO	
4716	4773	FLOWS_TO	
4721	4722	FLOWS_TO	
4722	4734	FLOWS_TO	
4734	4735	FLOWS_TO	
4735	4747	FLOWS_TO	
4747	4748	FLOWS_TO	
4748	4760	FLOWS_TO	
4760	4761	FLOWS_TO	
4761	4773	FLOWS_TO	
4773	4800	FLOWS_TO	
4686	4801	USE	
4690	4801	USE	
4662	4802	USE	
4666	4802	USE	
4686	4803	USE	
4690	4803	USE	
4686	4804	USE	
4690	4804	USE	
4686	4805	DEF	
4690	4805	DEF	
4687	4805	DEF	
4722	4805	DEF	
4726	4805	DEF	
4722	4805	USE	
4726	4805	USE	
4735	4805	DEF	
4739	4805	DEF	
4735	4805	USE	
4739	4805	USE	
4748	4805	DEF	
4752	4805	DEF	
4748	4805	USE	
4752	4805	USE	
4761	4805	DEF	
4765	4805	DEF	
4761	4805	USE	
4765	4805	USE	
4722	4806	USE	
4723	4806	USE	
4735	4806	USE	
4736	4806	USE	
4748	4806	USE	
4749	4806	USE	
4761	4806	USE	
4762	4806	USE	
4716	4807	USE	
4790	4808	DEF	
4662	4808	USE	
4674	4808	USE	
4686	4808	USE	
4690	4808	USE	
4662	4809	DEF	
4663	4809	DEF	
4666	4809	DEF	
4686	4809	USE	
4693	4809	USE	
4712	4809	USE	
4704	4809	USE	
4773	4809	USE	
4778	4809	USE	
4686	4810	USE	
4690	4810	USE	
4787	4811	DEF	
4662	4811	USE	
4672	4811	USE	
4716	4811	USE	
4717	4811	USE	
4793	4812	DEF	
4662	4812	USE	
4676	4812	USE	
4686	4812	USE	
4690	4812	USE	
4796	4813	DEF	
4722	4813	USE	
4731	4813	USE	
4722	4813	DEF	
4731	4813	DEF	
4735	4813	DEF	
4744	4813	DEF	
4735	4813	USE	
4744	4813	USE	
4748	4813	USE	
4757	4813	USE	
4748	4813	DEF	
4757	4813	DEF	
4761	4813	USE	
4770	4813	USE	
4761	4813	DEF	
4770	4813	DEF	
4716	4814	USE	
4722	4815	DEF	
4723	4815	DEF	
4735	4815	DEF	
4736	4815	DEF	
4748	4815	DEF	
4749	4815	DEF	
4761	4815	DEF	
4762	4815	DEF	
4686	4722	REACHES	dest
4722	4735	REACHES	dest
4686	4735	REACHES	dest
4686	4748	REACHES	dest
4735	4748	REACHES	dest
4748	4761	REACHES	dest
4686	4761	REACHES	dest
4790	4662	REACHES	x
4662	4686	REACHES	tile
4790	4686	REACHES	x
4662	4773	REACHES	tile
4787	4662	REACHES	tm
4793	4662	REACHES	y
4793	4686	REACHES	y
4787	4716	REACHES	tm
4796	4722	REACHES	buffer
4796	4735	REACHES	buffer
4722	4735	REACHES	buffer
4796	4748	REACHES	buffer
4735	4748	REACHES	buffer
4796	4761	REACHES	buffer
4748	4761	REACHES	buffer
4799	4787	CONTROLS	
4799	4790	CONTROLS	
4799	4793	CONTROLS	
4799	4796	CONTROLS	
4799	4662	CONTROLS	
4799	4686	CONTROLS	
4799	4716	CONTROLS	
4799	4773	CONTROLS	
4716	4721	CONTROLS	
4716	4722	CONTROLS	
4716	4734	CONTROLS	
4716	4735	CONTROLS	
4716	4747	CONTROLS	
4716	4748	CONTROLS	
4716	4760	CONTROLS	
4716	4761	CONTROLS	
4716	4760	CONTROLS	
4716	4761	CONTROLS	
4716	4747	CONTROLS	
4716	4748	CONTROLS	
4716	4760	CONTROLS	
4716	4761	CONTROLS	
4716	4734	CONTROLS	
4716	4735	CONTROLS	
4716	4747	CONTROLS	
4716	4748	CONTROLS	
4716	4760	CONTROLS	
4716	4761	CONTROLS	
4796	4662	DOM	
4721	4722	DOM	
4716	4760	DOM	
4716	4734	DOM	
4747	4748	DOM	
4686	4716	DOM	
4716	4747	DOM	
4662	4686	DOM	
4787	4790	DOM	
4799	4799	DOM	
4793	4796	DOM	
4716	4721	DOM	
4734	4735	DOM	
4716	4773	DOM	
4790	4793	DOM	
4760	4761	DOM	
4773	4800	DOM	
4799	4787	DOM	
4686	4662	POST_DOM	
4761	4760	POST_DOM	
4734	4722	POST_DOM	
4760	4748	POST_DOM	
4735	4734	POST_DOM	
4773	4716	POST_DOM	
4748	4747	POST_DOM	
4716	4686	POST_DOM	
4793	4790	POST_DOM	
4787	4799	POST_DOM	
4662	4796	POST_DOM	
4800	4773	POST_DOM	
4747	4735	POST_DOM	
4722	4721	POST_DOM	
4800	4800	POST_DOM	
4796	4793	POST_DOM	
4773	4761	POST_DOM	
4790	4787	POST_DOM	
4659	4660	IS_FUNCTION_OF_AST	
4659	4799	IS_FUNCTION_OF_CFG	
1	4659	IS_FILE_OF	
4820	4821	IS_AST_PARENT	
4820	4822	IS_AST_PARENT	
4823	4824	IS_AST_PARENT	
4823	4825	IS_AST_PARENT	
4820	4823	IS_AST_PARENT	
4819	4820	IS_AST_PARENT	
4818	4819	IS_AST_PARENT	
4827	4828	IS_AST_PARENT	
4827	4829	IS_AST_PARENT	
4830	4831	IS_AST_PARENT	
4830	4832	IS_AST_PARENT	
4827	4830	IS_AST_PARENT	
4826	4827	IS_AST_PARENT	
4818	4826	IS_AST_PARENT	
4834	4835	IS_AST_PARENT	
4834	4836	IS_AST_PARENT	
4837	4838	IS_AST_PARENT	
4837	4839	IS_AST_PARENT	
4834	4837	IS_AST_PARENT	
4833	4834	IS_AST_PARENT	
4818	4833	IS_AST_PARENT	
4841	4842	IS_AST_PARENT	
4841	4843	IS_AST_PARENT	
4840	4841	IS_AST_PARENT	
4818	4840	IS_AST_PARENT	
4845	4846	IS_AST_PARENT	
4845	4847	IS_AST_PARENT	
4845	4848	IS_AST_PARENT	
4849	4850	IS_AST_PARENT	
4851	4852	IS_AST_PARENT	
4849	4851	IS_AST_PARENT	
4845	4849	IS_AST_PARENT	
4844	4845	IS_AST_PARENT	
4818	4844	IS_AST_PARENT	
4854	4855	IS_AST_PARENT	
4854	4856	IS_AST_PARENT	
4854	4857	IS_AST_PARENT	
4858	4859	IS_AST_PARENT	
4860	4861	IS_AST_PARENT	
4858	4860	IS_AST_PARENT	
4854	4858	IS_AST_PARENT	
4853	4854	IS_AST_PARENT	
4818	4853	IS_AST_PARENT	
4863	4864	IS_AST_PARENT	
4863	4865	IS_AST_PARENT	
4862	4863	IS_AST_PARENT	
4818	4862	IS_AST_PARENT	
4818	4866	IS_AST_PARENT	
4869	4870	IS_AST_PARENT	
4869	4871	IS_AST_PARENT	
4868	4869	IS_AST_PARENT	
4867	4868	IS_AST_PARENT	
4872	4873	IS_AST_PARENT	
4875	4876	IS_AST_PARENT	
4875	4877	IS_AST_PARENT	
4878	4879	IS_AST_PARENT	
4878	4880	IS_AST_PARENT	
4875	4878	IS_AST_PARENT	
4874	4875	IS_AST_PARENT	
4872	4874	IS_AST_PARENT	
4882	4883	IS_AST_PARENT	
4882	4884	IS_AST_PARENT	
4881	4882	IS_AST_PARENT	
4872	4881	IS_AST_PARENT	
4886	4887	IS_AST_PARENT	
4886	4888	IS_AST_PARENT	
4885	4886	IS_AST_PARENT	
4872	4885	IS_AST_PARENT	
4890	4891	IS_AST_PARENT	
4892	4893	IS_AST_PARENT	
4892	4894	IS_AST_PARENT	
4890	4892	IS_AST_PARENT	
4889	4890	IS_AST_PARENT	
4872	4889	IS_AST_PARENT	
4896	4897	IS_AST_PARENT	
4898	4899	IS_AST_PARENT	
4898	4900	IS_AST_PARENT	
4896	4898	IS_AST_PARENT	
4895	4896	IS_AST_PARENT	
4872	4895	IS_AST_PARENT	
4903	4904	IS_AST_PARENT	
4905	4906	IS_AST_PARENT	
4907	4908	IS_AST_PARENT	
4907	4909	IS_AST_PARENT	
4905	4907	IS_AST_PARENT	
4903	4905	IS_AST_PARENT	
4902	4903	IS_AST_PARENT	
4902	4910	IS_AST_PARENT	
4901	4902	IS_AST_PARENT	
4872	4901	IS_AST_PARENT	
4912	4913	IS_AST_PARENT	
4914	4915	IS_AST_PARENT	
4916	4917	IS_AST_PARENT	
4918	4919	IS_AST_PARENT	
4918	4920	IS_AST_PARENT	
4916	4918	IS_AST_PARENT	
4914	4916	IS_AST_PARENT	
4912	4914	IS_AST_PARENT	
4911	4912	IS_AST_PARENT	
4872	4911	IS_AST_PARENT	
4923	4924	IS_AST_PARENT	
4922	4923	IS_AST_PARENT	
4926	4927	IS_AST_PARENT	
4925	4926	IS_AST_PARENT	
4922	4925	IS_AST_PARENT	
4921	4922	IS_AST_PARENT	
4872	4921	IS_AST_PARENT	
4867	4872	IS_AST_PARENT	
4818	4867	IS_AST_PARENT	
4817	4818	IS_AST_PARENT	
4817	4928	IS_AST_PARENT	
4817	4929	IS_AST_PARENT	
4931	4932	IS_AST_PARENT	
4931	4933	IS_AST_PARENT	
4930	4931	IS_AST_PARENT	
4817	4930	IS_AST_PARENT	
4934	4931	FLOWS_TO	
4931	4819	FLOWS_TO	
4819	4826	FLOWS_TO	
4826	4833	FLOWS_TO	
4833	4840	FLOWS_TO	
4840	4844	FLOWS_TO	
4844	4853	FLOWS_TO	
4853	4862	FLOWS_TO	
4862	4866	FLOWS_TO	
4866	4868	FLOWS_TO	
4868	4873	FLOWS_TO	
4868	4935	FLOWS_TO	
4873	4874	FLOWS_TO	
4874	4881	FLOWS_TO	
4881	4885	FLOWS_TO	
4885	4889	FLOWS_TO	
4889	4895	FLOWS_TO	
4895	4901	FLOWS_TO	
4901	4911	FLOWS_TO	
4911	4921	FLOWS_TO	
4921	4935	FLOWS_TO	
4840	4936	DEF	
4841	4936	DEF	
4881	4936	DEF	
4882	4936	DEF	
4885	4936	DEF	
4886	4936	DEF	
4901	4937	DEF	
4902	4937	DEF	
4911	4937	USE	
4912	4937	USE	
4901	4938	DEF	
4902	4938	DEF	
4911	4938	USE	
4912	4938	USE	
4895	4939	USE	
4896	4939	USE	
4901	4940	USE	
4905	4940	USE	
4911	4940	USE	
4916	4940	USE	
4901	4941	DEF	
4902	4941	DEF	
4911	4941	USE	
4912	4941	USE	
4931	4942	DEF	
4868	4942	USE	
4901	4943	USE	
4903	4943	USE	
4911	4943	USE	
4914	4943	USE	
4844	4944	DEF	
4845	4944	DEF	
4849	4944	DEF	
4901	4944	USE	
4903	4944	USE	
4911	4944	USE	
4914	4944	USE	
4853	4945	DEF	
4854	4945	DEF	
4858	4945	DEF	
4901	4945	USE	
4902	4945	USE	
4889	4946	USE	
4890	4946	USE	
4874	4947	DEF	
4875	4947	DEF	
4878	4947	DEF	
4881	4947	USE	
4882	4947	USE	
4826	4948	DEF	
4827	4948	DEF	
4830	4948	DEF	
4895	4948	DEF	
4896	4948	DEF	
4901	4948	USE	
4907	4948	USE	
4911	4948	USE	
4918	4948	USE	
4833	4949	DEF	
4837	4949	DEF	
4834	4949	DEF	
4889	4949	DEF	
4890	4949	DEF	
4901	4950	USE	
4903	4950	USE	
4911	4950	USE	
4914	4950	USE	
4819	4951	DEF	
4820	4951	DEF	
4823	4951	DEF	
4911	4951	DEF	
4912	4951	DEF	
4921	4951	USE	
4926	4951	USE	
4931	4868	REACHES	hamon_slovakia
4844	4901	REACHES	mafoo_maronian
4853	4901	REACHES	pochay_distortive
4844	4911	REACHES	mafoo_maronian
4874	4881	REACHES	dwk_tmp_1
4895	4901	REACHES	preexperimental_bestuds
4895	4911	REACHES	preexperimental_bestuds
4901	4911	REACHES	* * * preexperimental_bestuds
4901	4911	REACHES	* * ( * preexperimental_bestuds )
4911	4921	REACHES	unsteels_conjectured
4901	4911	REACHES	* mafoo_maronian
4934	4931	CONTROLS	
4934	4819	CONTROLS	
4934	4826	CONTROLS	
4934	4833	CONTROLS	
4934	4840	CONTROLS	
4934	4844	CONTROLS	
4934	4853	CONTROLS	
4934	4862	CONTROLS	
4934	4866	CONTROLS	
4934	4868	CONTROLS	
4868	4873	CONTROLS	
4868	4874	CONTROLS	
4868	4881	CONTROLS	
4868	4885	CONTROLS	
4868	4889	CONTROLS	
4868	4895	CONTROLS	
4868	4901	CONTROLS	
4868	4911	CONTROLS	
4868	4921	CONTROLS	
4873	4874	DOM	
4844	4853	DOM	
4895	4901	DOM	
4840	4844	DOM	
4866	4868	DOM	
4874	4881	DOM	
4868	4873	DOM	
4862	4866	DOM	
4901	4911	DOM	
4881	4885	DOM	
4868	4935	DOM	
4819	4826	DOM	
4934	4931	DOM	
4931	4819	DOM	
4911	4921	DOM	
4934	4934	DOM	
4826	4833	DOM	
4853	4862	DOM	
4885	4889	DOM	
4833	4840	DOM	
4889	4895	DOM	
4881	4874	POST_DOM	
4862	4853	POST_DOM	
4911	4901	POST_DOM	
4935	4868	POST_DOM	
4853	4844	POST_DOM	
4885	4881	POST_DOM	
4874	4873	POST_DOM	
4868	4866	POST_DOM	
4921	4911	POST_DOM	
4935	4935	POST_DOM	
4889	4885	POST_DOM	
4833	4826	POST_DOM	
4819	4931	POST_DOM	
4826	4819	POST_DOM	
4935	4921	POST_DOM	
4931	4934	POST_DOM	
4866	4862	POST_DOM	
4840	4833	POST_DOM	
4895	4889	POST_DOM	
4844	4840	POST_DOM	
4901	4895	POST_DOM	
4816	4817	IS_FUNCTION_OF_AST	
4816	4934	IS_FUNCTION_OF_CFG	
1	4816	IS_FILE_OF	
4956	4957	IS_AST_PARENT	
4956	4958	IS_AST_PARENT	
4955	4956	IS_AST_PARENT	
4954	4955	IS_AST_PARENT	
4954	4959	IS_AST_PARENT	
4962	4963	IS_AST_PARENT	
4961	4962	IS_AST_PARENT	
4965	4966	IS_AST_PARENT	
4964	4965	IS_AST_PARENT	
4961	4964	IS_AST_PARENT	
4960	4961	IS_AST_PARENT	
4954	4960	IS_AST_PARENT	
4953	4954	IS_AST_PARENT	
4953	4967	IS_AST_PARENT	
4953	4968	IS_AST_PARENT	
4970	4971	IS_AST_PARENT	
4970	4972	IS_AST_PARENT	
4969	4970	IS_AST_PARENT	
4953	4969	IS_AST_PARENT	
4973	4970	FLOWS_TO	
4970	4955	FLOWS_TO	
4955	4959	FLOWS_TO	
4959	4960	FLOWS_TO	
4960	4974	FLOWS_TO	
4970	4975	DEF	
4960	4975	USE	
4965	4975	USE	
4970	4960	REACHES	pseudobinary_archenemies
4973	4970	CONTROLS	
4973	4955	CONTROLS	
4973	4959	CONTROLS	
4973	4960	CONTROLS	
4973	4970	DOM	
4960	4974	DOM	
4959	4960	DOM	
4955	4959	DOM	
4970	4955	DOM	
4973	4973	DOM	
4974	4974	POST_DOM	
4955	4970	POST_DOM	
4974	4960	POST_DOM	
4960	4959	POST_DOM	
4959	4955	POST_DOM	
4970	4973	POST_DOM	
4952	4953	IS_FUNCTION_OF_AST	
4952	4973	IS_FUNCTION_OF_CFG	
1	4952	IS_FILE_OF	
4980	4981	IS_AST_PARENT	
4980	4982	IS_AST_PARENT	
4979	4980	IS_AST_PARENT	
4978	4979	IS_AST_PARENT	
4978	4983	IS_AST_PARENT	
4986	4987	IS_AST_PARENT	
4985	4986	IS_AST_PARENT	
4989	4990	IS_AST_PARENT	
4988	4989	IS_AST_PARENT	
4985	4988	IS_AST_PARENT	
4984	4985	IS_AST_PARENT	
4978	4984	IS_AST_PARENT	
4977	4978	IS_AST_PARENT	
4977	4991	IS_AST_PARENT	
4977	4992	IS_AST_PARENT	
4994	4995	IS_AST_PARENT	
4994	4996	IS_AST_PARENT	
4993	4994	IS_AST_PARENT	
4977	4993	IS_AST_PARENT	
4997	4994	FLOWS_TO	
4994	4979	FLOWS_TO	
4979	4983	FLOWS_TO	
4983	4984	FLOWS_TO	
4984	4998	FLOWS_TO	
4994	4999	DEF	
4984	4999	USE	
4989	4999	USE	
4994	4984	REACHES	dimplier_vancouver
4997	4994	CONTROLS	
4997	4979	CONTROLS	
4997	4983	CONTROLS	
4997	4984	CONTROLS	
4983	4984	DOM	
4984	4998	DOM	
4997	4997	DOM	
4994	4979	DOM	
4997	4994	DOM	
4979	4983	DOM	
4998	4984	POST_DOM	
4998	4998	POST_DOM	
4994	4997	POST_DOM	
4983	4979	POST_DOM	
4979	4994	POST_DOM	
4984	4983	POST_DOM	
4976	4977	IS_FUNCTION_OF_AST	
4976	4997	IS_FUNCTION_OF_CFG	
1	4976	IS_FILE_OF	
5004	5005	IS_AST_PARENT	
5004	5006	IS_AST_PARENT	
5003	5004	IS_AST_PARENT	
5002	5003	IS_AST_PARENT	
5002	5007	IS_AST_PARENT	
5010	5011	IS_AST_PARENT	
5009	5010	IS_AST_PARENT	
5013	5014	IS_AST_PARENT	
5012	5013	IS_AST_PARENT	
5009	5012	IS_AST_PARENT	
5008	5009	IS_AST_PARENT	
5002	5008	IS_AST_PARENT	
5001	5002	IS_AST_PARENT	
5001	5015	IS_AST_PARENT	
5001	5016	IS_AST_PARENT	
5018	5019	IS_AST_PARENT	
5018	5020	IS_AST_PARENT	
5017	5018	IS_AST_PARENT	
5001	5017	IS_AST_PARENT	
5021	5018	FLOWS_TO	
5018	5003	FLOWS_TO	
5003	5007	FLOWS_TO	
5007	5008	FLOWS_TO	
5008	5022	FLOWS_TO	
5018	5023	DEF	
5008	5023	USE	
5013	5023	USE	
5018	5008	REACHES	hexarchies_noncanvassing
5021	5018	CONTROLS	
5021	5003	CONTROLS	
5021	5007	CONTROLS	
5021	5008	CONTROLS	
5018	5003	DOM	
5007	5008	DOM	
5021	5018	DOM	
5003	5007	DOM	
5008	5022	DOM	
5021	5021	DOM	
5007	5003	POST_DOM	
5022	5008	POST_DOM	
5003	5018	POST_DOM	
5008	5007	POST_DOM	
5022	5022	POST_DOM	
5018	5021	POST_DOM	
5000	5001	IS_FUNCTION_OF_AST	
5000	5021	IS_FUNCTION_OF_CFG	
1	5000	IS_FILE_OF	
5028	5029	IS_AST_PARENT	
5028	5030	IS_AST_PARENT	
5027	5028	IS_AST_PARENT	
5026	5027	IS_AST_PARENT	
5026	5031	IS_AST_PARENT	
5034	5035	IS_AST_PARENT	
5033	5034	IS_AST_PARENT	
5037	5038	IS_AST_PARENT	
5036	5037	IS_AST_PARENT	
5033	5036	IS_AST_PARENT	
5032	5033	IS_AST_PARENT	
5026	5032	IS_AST_PARENT	
5025	5026	IS_AST_PARENT	
5025	5039	IS_AST_PARENT	
5025	5040	IS_AST_PARENT	
5042	5043	IS_AST_PARENT	
5042	5044	IS_AST_PARENT	
5041	5042	IS_AST_PARENT	
5025	5041	IS_AST_PARENT	
5045	5042	FLOWS_TO	
5042	5027	FLOWS_TO	
5027	5031	FLOWS_TO	
5031	5032	FLOWS_TO	
5032	5046	FLOWS_TO	
5042	5047	DEF	
5032	5047	USE	
5037	5047	USE	
5042	5032	REACHES	papistries_focalized
5045	5042	CONTROLS	
5045	5027	CONTROLS	
5045	5031	CONTROLS	
5045	5032	CONTROLS	
5027	5031	DOM	
5042	5027	DOM	
5032	5046	DOM	
5045	5045	DOM	
5045	5042	DOM	
5031	5032	DOM	
5032	5031	POST_DOM	
5031	5027	POST_DOM	
5046	5046	POST_DOM	
5042	5045	POST_DOM	
5046	5032	POST_DOM	
5027	5042	POST_DOM	
5024	5025	IS_FUNCTION_OF_AST	
5024	5045	IS_FUNCTION_OF_CFG	
1	5024	IS_FILE_OF	
5052	5053	IS_AST_PARENT	
5052	5054	IS_AST_PARENT	
5051	5052	IS_AST_PARENT	
5050	5051	IS_AST_PARENT	
5050	5055	IS_AST_PARENT	
5058	5059	IS_AST_PARENT	
5057	5058	IS_AST_PARENT	
5061	5062	IS_AST_PARENT	
5060	5061	IS_AST_PARENT	
5057	5060	IS_AST_PARENT	
5056	5057	IS_AST_PARENT	
5050	5056	IS_AST_PARENT	
5049	5050	IS_AST_PARENT	
5049	5063	IS_AST_PARENT	
5049	5064	IS_AST_PARENT	
5066	5067	IS_AST_PARENT	
5066	5068	IS_AST_PARENT	
5065	5066	IS_AST_PARENT	
5049	5065	IS_AST_PARENT	
5069	5066	FLOWS_TO	
5066	5051	FLOWS_TO	
5051	5055	FLOWS_TO	
5055	5056	FLOWS_TO	
5056	5070	FLOWS_TO	
5066	5071	DEF	
5056	5071	USE	
5061	5071	USE	
5066	5056	REACHES	tercentenary_mesosigmoid
5069	5066	CONTROLS	
5069	5051	CONTROLS	
5069	5055	CONTROLS	
5069	5056	CONTROLS	
5066	5051	DOM	
5069	5069	DOM	
5069	5066	DOM	
5055	5056	DOM	
5051	5055	DOM	
5056	5070	DOM	
5055	5051	POST_DOM	
5066	5069	POST_DOM	
5070	5056	POST_DOM	
5051	5066	POST_DOM	
5056	5055	POST_DOM	
5070	5070	POST_DOM	
5048	5049	IS_FUNCTION_OF_AST	
5048	5069	IS_FUNCTION_OF_CFG	
1	5048	IS_FILE_OF	
5076	5077	IS_AST_PARENT	
5076	5078	IS_AST_PARENT	
5075	5076	IS_AST_PARENT	
5074	5075	IS_AST_PARENT	
5074	5079	IS_AST_PARENT	
5082	5083	IS_AST_PARENT	
5081	5082	IS_AST_PARENT	
5085	5086	IS_AST_PARENT	
5084	5085	IS_AST_PARENT	
5081	5084	IS_AST_PARENT	
5080	5081	IS_AST_PARENT	
5074	5080	IS_AST_PARENT	
5073	5074	IS_AST_PARENT	
5073	5087	IS_AST_PARENT	
5073	5088	IS_AST_PARENT	
5090	5091	IS_AST_PARENT	
5090	5092	IS_AST_PARENT	
5089	5090	IS_AST_PARENT	
5073	5089	IS_AST_PARENT	
5093	5090	FLOWS_TO	
5090	5075	FLOWS_TO	
5075	5079	FLOWS_TO	
5079	5080	FLOWS_TO	
5080	5094	FLOWS_TO	
5090	5095	DEF	
5080	5095	USE	
5085	5095	USE	
5090	5080	REACHES	maceraters_prepollent
5093	5090	CONTROLS	
5093	5075	CONTROLS	
5093	5079	CONTROLS	
5093	5080	CONTROLS	
5093	5093	DOM	
5093	5090	DOM	
5090	5075	DOM	
5079	5080	DOM	
5080	5094	DOM	
5075	5079	DOM	
5090	5093	POST_DOM	
5079	5075	POST_DOM	
5075	5090	POST_DOM	
5094	5080	POST_DOM	
5094	5094	POST_DOM	
5080	5079	POST_DOM	
5072	5073	IS_FUNCTION_OF_AST	
5072	5093	IS_FUNCTION_OF_CFG	
1	5072	IS_FILE_OF	
5100	5101	IS_AST_PARENT	
5100	5102	IS_AST_PARENT	
5099	5100	IS_AST_PARENT	
5098	5099	IS_AST_PARENT	
5098	5103	IS_AST_PARENT	
5106	5107	IS_AST_PARENT	
5105	5106	IS_AST_PARENT	
5109	5110	IS_AST_PARENT	
5108	5109	IS_AST_PARENT	
5105	5108	IS_AST_PARENT	
5104	5105	IS_AST_PARENT	
5098	5104	IS_AST_PARENT	
5097	5098	IS_AST_PARENT	
5097	5111	IS_AST_PARENT	
5097	5112	IS_AST_PARENT	
5114	5115	IS_AST_PARENT	
5114	5116	IS_AST_PARENT	
5113	5114	IS_AST_PARENT	
5097	5113	IS_AST_PARENT	
5117	5114	FLOWS_TO	
5114	5099	FLOWS_TO	
5099	5103	FLOWS_TO	
5103	5104	FLOWS_TO	
5104	5118	FLOWS_TO	
5114	5119	DEF	
5104	5119	USE	
5109	5119	USE	
5114	5104	REACHES	conspiring_weightedly
5117	5114	CONTROLS	
5117	5099	CONTROLS	
5117	5103	CONTROLS	
5117	5104	CONTROLS	
5117	5114	DOM	
5099	5103	DOM	
5114	5099	DOM	
5103	5104	DOM	
5117	5117	DOM	
5104	5118	DOM	
5099	5114	POST_DOM	
5104	5103	POST_DOM	
5103	5099	POST_DOM	
5118	5104	POST_DOM	
5118	5118	POST_DOM	
5114	5117	POST_DOM	
5096	5097	IS_FUNCTION_OF_AST	
5096	5117	IS_FUNCTION_OF_CFG	
1	5096	IS_FILE_OF	
5124	5125	IS_AST_PARENT	
5124	5126	IS_AST_PARENT	
5123	5124	IS_AST_PARENT	
5122	5123	IS_AST_PARENT	
5122	5127	IS_AST_PARENT	
5130	5131	IS_AST_PARENT	
5129	5130	IS_AST_PARENT	
5133	5134	IS_AST_PARENT	
5132	5133	IS_AST_PARENT	
5129	5132	IS_AST_PARENT	
5128	5129	IS_AST_PARENT	
5122	5128	IS_AST_PARENT	
5121	5122	IS_AST_PARENT	
5121	5135	IS_AST_PARENT	
5121	5136	IS_AST_PARENT	
5138	5139	IS_AST_PARENT	
5138	5140	IS_AST_PARENT	
5137	5138	IS_AST_PARENT	
5121	5137	IS_AST_PARENT	
5141	5138	FLOWS_TO	
5138	5123	FLOWS_TO	
5123	5127	FLOWS_TO	
5127	5128	FLOWS_TO	
5128	5142	FLOWS_TO	
5138	5143	DEF	
5128	5143	USE	
5133	5143	USE	
5138	5128	REACHES	candied_jiminy
5141	5138	CONTROLS	
5141	5123	CONTROLS	
5141	5127	CONTROLS	
5141	5128	CONTROLS	
5123	5127	DOM	
5141	5138	DOM	
5141	5141	DOM	
5127	5128	DOM	
5138	5123	DOM	
5128	5142	DOM	
5128	5127	POST_DOM	
5123	5138	POST_DOM	
5142	5128	POST_DOM	
5138	5141	POST_DOM	
5127	5123	POST_DOM	
5142	5142	POST_DOM	
5120	5121	IS_FUNCTION_OF_AST	
5120	5141	IS_FUNCTION_OF_CFG	
1	5120	IS_FILE_OF	
5148	5149	IS_AST_PARENT	
5148	5150	IS_AST_PARENT	
5147	5148	IS_AST_PARENT	
5146	5147	IS_AST_PARENT	
5146	5151	IS_AST_PARENT	
5154	5155	IS_AST_PARENT	
5153	5154	IS_AST_PARENT	
5157	5158	IS_AST_PARENT	
5156	5157	IS_AST_PARENT	
5153	5156	IS_AST_PARENT	
5152	5153	IS_AST_PARENT	
5146	5152	IS_AST_PARENT	
5145	5146	IS_AST_PARENT	
5145	5159	IS_AST_PARENT	
5145	5160	IS_AST_PARENT	
5162	5163	IS_AST_PARENT	
5162	5164	IS_AST_PARENT	
5161	5162	IS_AST_PARENT	
5145	5161	IS_AST_PARENT	
5165	5162	FLOWS_TO	
5162	5147	FLOWS_TO	
5147	5151	FLOWS_TO	
5151	5152	FLOWS_TO	
5152	5166	FLOWS_TO	
5162	5167	DEF	
5152	5167	USE	
5157	5167	USE	
5162	5152	REACHES	ethoxycaffeine_unpublic
5165	5162	CONTROLS	
5165	5147	CONTROLS	
5165	5151	CONTROLS	
5165	5152	CONTROLS	
5162	5147	DOM	
5165	5165	DOM	
5152	5166	DOM	
5147	5151	DOM	
5165	5162	DOM	
5151	5152	DOM	
5151	5147	POST_DOM	
5162	5165	POST_DOM	
5166	5166	POST_DOM	
5152	5151	POST_DOM	
5147	5162	POST_DOM	
5166	5152	POST_DOM	
5144	5145	IS_FUNCTION_OF_AST	
5144	5165	IS_FUNCTION_OF_CFG	
1	5144	IS_FILE_OF	
5172	5173	IS_AST_PARENT	
5172	5174	IS_AST_PARENT	
5175	5176	IS_AST_PARENT	
5175	5177	IS_AST_PARENT	
5172	5175	IS_AST_PARENT	
5171	5172	IS_AST_PARENT	
5170	5171	IS_AST_PARENT	
5179	5180	IS_AST_PARENT	
5179	5181	IS_AST_PARENT	
5179	5182	IS_AST_PARENT	
5178	5179	IS_AST_PARENT	
5170	5178	IS_AST_PARENT	
5184	5185	IS_AST_PARENT	
5184	5186	IS_AST_PARENT	
5184	5187	IS_AST_PARENT	
5183	5184	IS_AST_PARENT	
5170	5183	IS_AST_PARENT	
5189	5190	IS_AST_PARENT	
5189	5191	IS_AST_PARENT	
5192	5193	IS_AST_PARENT	
5192	5194	IS_AST_PARENT	
5189	5192	IS_AST_PARENT	
5188	5189	IS_AST_PARENT	
5170	5188	IS_AST_PARENT	
5196	5197	IS_AST_PARENT	
5196	5198	IS_AST_PARENT	
5195	5196	IS_AST_PARENT	
5170	5195	IS_AST_PARENT	
5200	5201	IS_AST_PARENT	
5200	5202	IS_AST_PARENT	
5203	5204	IS_AST_PARENT	
5203	5205	IS_AST_PARENT	
5200	5203	IS_AST_PARENT	
5199	5200	IS_AST_PARENT	
5170	5199	IS_AST_PARENT	
5207	5208	IS_AST_PARENT	
5207	5209	IS_AST_PARENT	
5206	5207	IS_AST_PARENT	
5170	5206	IS_AST_PARENT	
5170	5210	IS_AST_PARENT	
5212	5213	IS_AST_PARENT	
5214	5215	IS_AST_PARENT	
5216	5217	IS_AST_PARENT	
5216	5218	IS_AST_PARENT	
5214	5216	IS_AST_PARENT	
5212	5214	IS_AST_PARENT	
5211	5212	IS_AST_PARENT	
5170	5211	IS_AST_PARENT	
5221	5222	IS_AST_PARENT	
5220	5221	IS_AST_PARENT	
5224	5225	IS_AST_PARENT	
5223	5224	IS_AST_PARENT	
5226	5227	IS_AST_PARENT	
5223	5226	IS_AST_PARENT	
5228	5229	IS_AST_PARENT	
5223	5228	IS_AST_PARENT	
5230	5231	IS_AST_PARENT	
5223	5230	IS_AST_PARENT	
5232	5233	IS_AST_PARENT	
5223	5232	IS_AST_PARENT	
5220	5223	IS_AST_PARENT	
5219	5220	IS_AST_PARENT	
5170	5219	IS_AST_PARENT	
5236	5237	IS_AST_PARENT	
5235	5236	IS_AST_PARENT	
5239	5240	IS_AST_PARENT	
5238	5239	IS_AST_PARENT	
5241	5242	IS_AST_PARENT	
5238	5241	IS_AST_PARENT	
5243	5244	IS_AST_PARENT	
5238	5243	IS_AST_PARENT	
5245	5246	IS_AST_PARENT	
5238	5245	IS_AST_PARENT	
5248	5249	IS_AST_PARENT	
5248	5250	IS_AST_PARENT	
5247	5248	IS_AST_PARENT	
5238	5247	IS_AST_PARENT	
5251	5252	IS_AST_PARENT	
5238	5251	IS_AST_PARENT	
5235	5238	IS_AST_PARENT	
5234	5235	IS_AST_PARENT	
5170	5234	IS_AST_PARENT	
5255	5256	IS_AST_PARENT	
5254	5255	IS_AST_PARENT	
5258	5259	IS_AST_PARENT	
5257	5258	IS_AST_PARENT	
5260	5261	IS_AST_PARENT	
5257	5260	IS_AST_PARENT	
5262	5263	IS_AST_PARENT	
5257	5262	IS_AST_PARENT	
5264	5265	IS_AST_PARENT	
5257	5264	IS_AST_PARENT	
5267	5268	IS_AST_PARENT	
5267	5269	IS_AST_PARENT	
5266	5267	IS_AST_PARENT	
5257	5266	IS_AST_PARENT	
5270	5271	IS_AST_PARENT	
5257	5270	IS_AST_PARENT	
5254	5257	IS_AST_PARENT	
5253	5254	IS_AST_PARENT	
5170	5253	IS_AST_PARENT	
5274	5275	IS_AST_PARENT	
5274	5276	IS_AST_PARENT	
5273	5274	IS_AST_PARENT	
5273	5277	IS_AST_PARENT	
5272	5273	IS_AST_PARENT	
5170	5272	IS_AST_PARENT	
5280	5281	IS_AST_PARENT	
5279	5280	IS_AST_PARENT	
5283	5284	IS_AST_PARENT	
5282	5283	IS_AST_PARENT	
5285	5286	IS_AST_PARENT	
5282	5285	IS_AST_PARENT	
5287	5288	IS_AST_PARENT	
5282	5287	IS_AST_PARENT	
5279	5282	IS_AST_PARENT	
5278	5279	IS_AST_PARENT	
5170	5278	IS_AST_PARENT	
5291	5292	IS_AST_PARENT	
5293	5294	IS_AST_PARENT	
5293	5295	IS_AST_PARENT	
5291	5293	IS_AST_PARENT	
5290	5291	IS_AST_PARENT	
5290	5296	IS_AST_PARENT	
5289	5290	IS_AST_PARENT	
5170	5289	IS_AST_PARENT	
5298	5299	IS_AST_PARENT	
5300	5301	IS_AST_PARENT	
5303	5304	IS_AST_PARENT	
5302	5303	IS_AST_PARENT	
5306	5307	IS_AST_PARENT	
5305	5306	IS_AST_PARENT	
5302	5305	IS_AST_PARENT	
5300	5302	IS_AST_PARENT	
5298	5300	IS_AST_PARENT	
5297	5298	IS_AST_PARENT	
5170	5297	IS_AST_PARENT	
5310	5311	IS_AST_PARENT	
5309	5310	IS_AST_PARENT	
5313	5314	IS_AST_PARENT	
5312	5313	IS_AST_PARENT	
5315	5316	IS_AST_PARENT	
5312	5315	IS_AST_PARENT	
5317	5318	IS_AST_PARENT	
5312	5317	IS_AST_PARENT	
5319	5320	IS_AST_PARENT	
5312	5319	IS_AST_PARENT	
5321	5322	IS_AST_PARENT	
5312	5321	IS_AST_PARENT	
5309	5312	IS_AST_PARENT	
5308	5309	IS_AST_PARENT	
5170	5308	IS_AST_PARENT	
5325	5326	IS_AST_PARENT	
5324	5325	IS_AST_PARENT	
5328	5329	IS_AST_PARENT	
5327	5328	IS_AST_PARENT	
5330	5331	IS_AST_PARENT	
5327	5330	IS_AST_PARENT	
5332	5333	IS_AST_PARENT	
5327	5332	IS_AST_PARENT	
5334	5335	IS_AST_PARENT	
5327	5334	IS_AST_PARENT	
5336	5337	IS_AST_PARENT	
5327	5336	IS_AST_PARENT	
5324	5327	IS_AST_PARENT	
5323	5324	IS_AST_PARENT	
5170	5323	IS_AST_PARENT	
5340	5341	IS_AST_PARENT	
5339	5340	IS_AST_PARENT	
5343	5344	IS_AST_PARENT	
5342	5343	IS_AST_PARENT	
5345	5346	IS_AST_PARENT	
5342	5345	IS_AST_PARENT	
5347	5348	IS_AST_PARENT	
5342	5347	IS_AST_PARENT	
5339	5342	IS_AST_PARENT	
5338	5339	IS_AST_PARENT	
5170	5338	IS_AST_PARENT	
5351	5352	IS_AST_PARENT	
5350	5351	IS_AST_PARENT	
5354	5355	IS_AST_PARENT	
5353	5354	IS_AST_PARENT	
5356	5357	IS_AST_PARENT	
5353	5356	IS_AST_PARENT	
5358	5359	IS_AST_PARENT	
5353	5358	IS_AST_PARENT	
5350	5353	IS_AST_PARENT	
5349	5350	IS_AST_PARENT	
5170	5349	IS_AST_PARENT	
5362	5363	IS_AST_PARENT	
5362	5364	IS_AST_PARENT	
5361	5362	IS_AST_PARENT	
5360	5361	IS_AST_PARENT	
5366	5367	IS_AST_PARENT	
5366	5368	IS_AST_PARENT	
5365	5366	IS_AST_PARENT	
5369	5370	IS_AST_PARENT	
5369	5371	IS_AST_PARENT	
5365	5369	IS_AST_PARENT	
5360	5365	IS_AST_PARENT	
5375	5376	IS_AST_PARENT	
5375	5377	IS_AST_PARENT	
5374	5375	IS_AST_PARENT	
5378	5379	IS_AST_PARENT	
5378	5380	IS_AST_PARENT	
5374	5378	IS_AST_PARENT	
5373	5374	IS_AST_PARENT	
5372	5373	IS_AST_PARENT	
5360	5372	IS_AST_PARENT	
5170	5360	IS_AST_PARENT	
5383	5384	IS_AST_PARENT	
5382	5383	IS_AST_PARENT	
5386	5387	IS_AST_PARENT	
5385	5386	IS_AST_PARENT	
5388	5389	IS_AST_PARENT	
5385	5388	IS_AST_PARENT	
5390	5391	IS_AST_PARENT	
5385	5390	IS_AST_PARENT	
5392	5393	IS_AST_PARENT	
5385	5392	IS_AST_PARENT	
5394	5395	IS_AST_PARENT	
5385	5394	IS_AST_PARENT	
5382	5385	IS_AST_PARENT	
5381	5382	IS_AST_PARENT	
5170	5381	IS_AST_PARENT	
5398	5399	IS_AST_PARENT	
5398	5400	IS_AST_PARENT	
5397	5398	IS_AST_PARENT	
5396	5397	IS_AST_PARENT	
5401	5402	IS_AST_PARENT	
5401	5403	IS_AST_PARENT	
5396	5401	IS_AST_PARENT	
5407	5408	IS_AST_PARENT	
5407	5409	IS_AST_PARENT	
5406	5407	IS_AST_PARENT	
5411	5412	IS_AST_PARENT	
5410	5411	IS_AST_PARENT	
5415	5416	IS_AST_PARENT	
5415	5417	IS_AST_PARENT	
5414	5415	IS_AST_PARENT	
5413	5414	IS_AST_PARENT	
5410	5413	IS_AST_PARENT	
5406	5410	IS_AST_PARENT	
5405	5406	IS_AST_PARENT	
5404	5405	IS_AST_PARENT	
5396	5404	IS_AST_PARENT	
5170	5396	IS_AST_PARENT	
5420	5421	IS_AST_PARENT	
5419	5420	IS_AST_PARENT	
5423	5424	IS_AST_PARENT	
5422	5423	IS_AST_PARENT	
5425	5426	IS_AST_PARENT	
5422	5425	IS_AST_PARENT	
5427	5428	IS_AST_PARENT	
5422	5427	IS_AST_PARENT	
5419	5422	IS_AST_PARENT	
5418	5419	IS_AST_PARENT	
5170	5418	IS_AST_PARENT	
5431	5432	IS_AST_PARENT	
5430	5431	IS_AST_PARENT	
5434	5435	IS_AST_PARENT	
5433	5434	IS_AST_PARENT	
5436	5437	IS_AST_PARENT	
5433	5436	IS_AST_PARENT	
5438	5439	IS_AST_PARENT	
5433	5438	IS_AST_PARENT	
5430	5433	IS_AST_PARENT	
5429	5430	IS_AST_PARENT	
5170	5429	IS_AST_PARENT	
5442	5443	IS_AST_PARENT	
5441	5442	IS_AST_PARENT	
5445	5446	IS_AST_PARENT	
5444	5445	IS_AST_PARENT	
5447	5448	IS_AST_PARENT	
5444	5447	IS_AST_PARENT	
5441	5444	IS_AST_PARENT	
5440	5441	IS_AST_PARENT	
5170	5440	IS_AST_PARENT	
5451	5452	IS_AST_PARENT	
5450	5451	IS_AST_PARENT	
5454	5455	IS_AST_PARENT	
5453	5454	IS_AST_PARENT	
5458	5459	IS_AST_PARENT	
5457	5458	IS_AST_PARENT	
5461	5462	IS_AST_PARENT	
5460	5461	IS_AST_PARENT	
5457	5460	IS_AST_PARENT	
5456	5457	IS_AST_PARENT	
5453	5456	IS_AST_PARENT	
5450	5453	IS_AST_PARENT	
5449	5450	IS_AST_PARENT	
5170	5449	IS_AST_PARENT	
5465	5466	IS_AST_PARENT	
5464	5465	IS_AST_PARENT	
5468	5469	IS_AST_PARENT	
5467	5468	IS_AST_PARENT	
5472	5473	IS_AST_PARENT	
5471	5472	IS_AST_PARENT	
5476	5477	IS_AST_PARENT	
5476	5478	IS_AST_PARENT	
5475	5476	IS_AST_PARENT	
5474	5475	IS_AST_PARENT	
5471	5474	IS_AST_PARENT	
5470	5471	IS_AST_PARENT	
5467	5470	IS_AST_PARENT	
5464	5467	IS_AST_PARENT	
5463	5464	IS_AST_PARENT	
5170	5463	IS_AST_PARENT	
5481	5482	IS_AST_PARENT	
5480	5481	IS_AST_PARENT	
5484	5485	IS_AST_PARENT	
5483	5484	IS_AST_PARENT	
5486	5487	IS_AST_PARENT	
5483	5486	IS_AST_PARENT	
5488	5489	IS_AST_PARENT	
5483	5488	IS_AST_PARENT	
5490	5491	IS_AST_PARENT	
5483	5490	IS_AST_PARENT	
5493	5494	IS_AST_PARENT	
5493	5495	IS_AST_PARENT	
5492	5493	IS_AST_PARENT	
5483	5492	IS_AST_PARENT	
5496	5497	IS_AST_PARENT	
5483	5496	IS_AST_PARENT	
5480	5483	IS_AST_PARENT	
5479	5480	IS_AST_PARENT	
5170	5479	IS_AST_PARENT	
5500	5501	IS_AST_PARENT	
5499	5500	IS_AST_PARENT	
5503	5504	IS_AST_PARENT	
5502	5503	IS_AST_PARENT	
5505	5506	IS_AST_PARENT	
5502	5505	IS_AST_PARENT	
5507	5508	IS_AST_PARENT	
5502	5507	IS_AST_PARENT	
5509	5510	IS_AST_PARENT	
5502	5509	IS_AST_PARENT	
5511	5512	IS_AST_PARENT	
5502	5511	IS_AST_PARENT	
5499	5502	IS_AST_PARENT	
5498	5499	IS_AST_PARENT	
5170	5498	IS_AST_PARENT	
5515	5516	IS_AST_PARENT	
5514	5515	IS_AST_PARENT	
5518	5519	IS_AST_PARENT	
5517	5518	IS_AST_PARENT	
5520	5521	IS_AST_PARENT	
5517	5520	IS_AST_PARENT	
5514	5517	IS_AST_PARENT	
5513	5514	IS_AST_PARENT	
5170	5513	IS_AST_PARENT	
5170	5522	IS_AST_PARENT	
5526	5527	IS_AST_PARENT	
5526	5528	IS_AST_PARENT	
5525	5526	IS_AST_PARENT	
5525	5529	IS_AST_PARENT	
5524	5525	IS_AST_PARENT	
5523	5524	IS_AST_PARENT	
5532	5533	IS_AST_PARENT	
5531	5532	IS_AST_PARENT	
5536	5537	IS_AST_PARENT	
5538	5539	IS_AST_PARENT	
5538	5540	IS_AST_PARENT	
5536	5538	IS_AST_PARENT	
5535	5536	IS_AST_PARENT	
5534	5535	IS_AST_PARENT	
5531	5534	IS_AST_PARENT	
5530	5531	IS_AST_PARENT	
5523	5530	IS_AST_PARENT	
5170	5523	IS_AST_PARENT	
5543	5544	IS_AST_PARENT	
5542	5543	IS_AST_PARENT	
5542	5545	IS_AST_PARENT	
5541	5542	IS_AST_PARENT	
5170	5541	IS_AST_PARENT	
5169	5170	IS_AST_PARENT	
5169	5546	IS_AST_PARENT	
5169	5547	IS_AST_PARENT	
5549	5550	IS_AST_PARENT	
5549	5551	IS_AST_PARENT	
5548	5549	IS_AST_PARENT	
5169	5548	IS_AST_PARENT	
5552	5549	FLOWS_TO	
5549	5171	FLOWS_TO	
5171	5178	FLOWS_TO	
5178	5183	FLOWS_TO	
5183	5188	FLOWS_TO	
5188	5195	FLOWS_TO	
5195	5199	FLOWS_TO	
5199	5206	FLOWS_TO	
5206	5210	FLOWS_TO	
5210	5211	FLOWS_TO	
5211	5219	FLOWS_TO	
5219	5234	FLOWS_TO	
5234	5253	FLOWS_TO	
5253	5272	FLOWS_TO	
5272	5278	FLOWS_TO	
5278	5289	FLOWS_TO	
5289	5297	FLOWS_TO	
5297	5308	FLOWS_TO	
5308	5323	FLOWS_TO	
5323	5338	FLOWS_TO	
5338	5349	FLOWS_TO	
5349	5361	FLOWS_TO	
5361	5373	FLOWS_TO	
5361	5381	FLOWS_TO	
5365	5361	FLOWS_TO	
5373	5365	FLOWS_TO	
5381	5397	FLOWS_TO	
5397	5405	FLOWS_TO	
5397	5418	FLOWS_TO	
5401	5397	FLOWS_TO	
5405	5401	FLOWS_TO	
5418	5429	FLOWS_TO	
5429	5440	FLOWS_TO	
5440	5449	FLOWS_TO	
5449	5463	FLOWS_TO	
5463	5479	FLOWS_TO	
5479	5498	FLOWS_TO	
5498	5513	FLOWS_TO	
5513	5522	FLOWS_TO	
5522	5524	FLOWS_TO	
5524	5530	FLOWS_TO	
5524	5541	FLOWS_TO	
5530	5541	FLOWS_TO	
5541	5553	FLOWS_TO	
5183	5554	DEF	
5184	5554	DEF	
5272	5554	USE	
5274	5554	USE	
5323	5554	USE	
5334	5554	USE	
5463	5554	USE	
5476	5554	USE	
5373	5555	DEF	
5374	5555	DEF	
5234	5556	USE	
5241	5556	USE	
5253	5556	USE	
5260	5556	USE	
5479	5556	USE	
5486	5556	USE	
5373	5557	USE	
5374	5557	USE	
5253	5558	USE	
5266	5558	USE	
5272	5559	DEF	
5273	5559	DEF	
5463	5559	USE	
5475	5559	USE	
5219	5560	USE	
5226	5560	USE	
5308	5561	USE	
5315	5561	USE	
5323	5561	USE	
5330	5561	USE	
5381	5561	USE	
5388	5561	USE	
5498	5561	USE	
5505	5561	USE	
5171	5562	DEF	
5172	5562	DEF	
5175	5562	DEF	
5234	5562	USE	
5245	5562	USE	
5397	5562	USE	
5405	5562	USE	
5407	5562	USE	
5415	5562	USE	
5479	5562	USE	
5490	5562	USE	
5373	5563	USE	
5374	5563	USE	
5549	5564	DEF	
5211	5564	USE	
5216	5564	USE	
5524	5564	USE	
5526	5564	USE	
5530	5564	USE	
5538	5564	USE	
5297	5565	USE	
5298	5565	USE	
5449	5565	USE	
5456	5565	USE	
5463	5565	USE	
5470	5565	USE	
5338	5566	USE	
5345	5566	USE	
5349	5566	USE	
5356	5566	USE	
5418	5566	USE	
5425	5566	USE	
5429	5566	USE	
5436	5566	USE	
5219	5567	USE	
5224	5567	USE	
5234	5567	USE	
5239	5567	USE	
5253	5567	USE	
5258	5567	USE	
5308	5567	USE	
5313	5567	USE	
5323	5567	USE	
5328	5567	USE	
5338	5567	USE	
5343	5567	USE	
5349	5567	USE	
5354	5567	USE	
5381	5567	USE	
5386	5567	USE	
5418	5567	USE	
5423	5567	USE	
5429	5567	USE	
5434	5567	USE	
5479	5567	USE	
5484	5567	USE	
5498	5567	USE	
5503	5567	USE	
5513	5567	USE	
5518	5567	USE	
5178	5568	DEF	
5179	5568	DEF	
5278	5568	USE	
5283	5568	USE	
5289	5568	USE	
5291	5568	USE	
5308	5568	USE	
5319	5568	USE	
5373	5568	USE	
5375	5568	USE	
5381	5568	USE	
5392	5568	USE	
5405	5568	USE	
5415	5568	USE	
5407	5568	USE	
5440	5568	USE	
5447	5568	USE	
5498	5568	USE	
5509	5568	USE	
5405	5569	USE	
5406	5569	USE	
5199	5570	DEF	
5200	5570	DEF	
5203	5570	DEF	
5211	5570	DEF	
5212	5570	DEF	
5272	5570	USE	
5273	5570	USE	
5297	5570	USE	
5306	5570	USE	
5373	5570	USE	
5378	5570	USE	
5449	5570	USE	
5461	5570	USE	
5513	5571	USE	
5520	5571	USE	
5195	5572	DEF	
5196	5572	DEF	
5297	5572	DEF	
5298	5572	DEF	
5361	5572	USE	
5373	5572	USE	
5378	5572	USE	
5211	5573	USE	
5212	5573	USE	
5524	5573	USE	
5530	5573	USE	
5535	5573	USE	
5234	5574	USE	
5247	5574	USE	
5479	5574	USE	
5492	5574	USE	
5289	5575	DEF	
5290	5575	DEF	
5373	5575	DEF	
5374	5575	DEF	
5405	5575	DEF	
5406	5575	DEF	
5405	5575	USE	
5414	5575	USE	
5188	5576	DEF	
5189	5576	DEF	
5192	5576	DEF	
5253	5576	USE	
5264	5576	USE	
5373	5576	USE	
5375	5576	USE	
5405	5577	USE	
5414	5577	USE	
5405	5577	DEF	
5406	5577	DEF	
5272	5463	REACHES	* stonesoup_other_buff
5178	5278	REACHES	stonesoup_stack_buff_64
5178	5289	REACHES	stonesoup_stack_buff_64
5178	5308	REACHES	stonesoup_stack_buff_64
5178	5373	REACHES	stonesoup_stack_buff_64
5178	5381	REACHES	stonesoup_stack_buff_64
5178	5405	REACHES	stonesoup_stack_buff_64
5178	5440	REACHES	stonesoup_stack_buff_64
5178	5498	REACHES	stonesoup_stack_buff_64
5211	5272	REACHES	uninvocative_stevensville
5211	5297	REACHES	uninvocative_stevensville
5211	5373	REACHES	uninvocative_stevensville
5211	5449	REACHES	uninvocative_stevensville
5297	5361	REACHES	stonesoup_buff_size
5297	5373	REACHES	stonesoup_buff_size
5183	5272	REACHES	stonesoup_other_buff
5183	5323	REACHES	stonesoup_other_buff
5183	5463	REACHES	stonesoup_other_buff
5171	5234	REACHES	stonesoup_oc_i
5171	5397	REACHES	stonesoup_oc_i
5171	5405	REACHES	stonesoup_oc_i
5171	5479	REACHES	stonesoup_oc_i
5549	5211	REACHES	keffer_footprints
5549	5524	REACHES	keffer_footprints
5549	5530	REACHES	keffer_footprints
5405	5405	REACHES	* stonesoup_stack_buff_64
5289	5405	REACHES	* stonesoup_stack_buff_64
5373	5405	REACHES	* stonesoup_stack_buff_64
5188	5253	REACHES	stonesoup_my_buff_size
5188	5373	REACHES	stonesoup_my_buff_size
5405	5405	REACHES	* stonesoup_oc_i
5552	5549	CONTROLS	
5552	5171	CONTROLS	
5552	5178	CONTROLS	
5552	5183	CONTROLS	
5552	5188	CONTROLS	
5552	5195	CONTROLS	
5552	5199	CONTROLS	
5552	5206	CONTROLS	
5552	5210	CONTROLS	
5552	5211	CONTROLS	
5552	5219	CONTROLS	
5552	5234	CONTROLS	
5552	5253	CONTROLS	
5552	5272	CONTROLS	
5552	5278	CONTROLS	
5552	5289	CONTROLS	
5552	5297	CONTROLS	
5552	5308	CONTROLS	
5552	5323	CONTROLS	
5552	5338	CONTROLS	
5552	5349	CONTROLS	
5552	5361	CONTROLS	
5552	5381	CONTROLS	
5552	5397	CONTROLS	
5552	5418	CONTROLS	
5552	5429	CONTROLS	
5552	5440	CONTROLS	
5552	5449	CONTROLS	
5552	5463	CONTROLS	
5552	5479	CONTROLS	
5552	5498	CONTROLS	
5552	5513	CONTROLS	
5552	5522	CONTROLS	
5552	5524	CONTROLS	
5552	5541	CONTROLS	
5361	5373	CONTROLS	
5361	5365	CONTROLS	
5397	5405	CONTROLS	
5397	5401	CONTROLS	
5524	5530	CONTROLS	
5178	5183	DOM	
5418	5429	DOM	
5524	5541	DOM	
5188	5195	DOM	
5297	5308	DOM	
5183	5188	DOM	
5289	5297	DOM	
5479	5498	DOM	
5206	5210	DOM	
5361	5381	DOM	
5513	5522	DOM	
5219	5234	DOM	
5552	5549	DOM	
5210	5211	DOM	
5397	5405	DOM	
5211	5219	DOM	
5524	5530	DOM	
5552	5552	DOM	
5381	5397	DOM	
5498	5513	DOM	
5429	5440	DOM	
5323	5338	DOM	
5373	5365	DOM	
5234	5253	DOM	
5308	5323	DOM	
5278	5289	DOM	
5541	5553	DOM	
5338	5349	DOM	
5253	5272	DOM	
5195	5199	DOM	
5199	5206	DOM	
5449	5463	DOM	
5171	5178	DOM	
5405	5401	DOM	
5522	5524	DOM	
5549	5171	DOM	
5440	5449	DOM	
5397	5418	DOM	
5463	5479	DOM	
5349	5361	DOM	
5272	5278	DOM	
5361	5373	DOM	
5188	5183	POST_DOM	
5553	5541	POST_DOM	
5440	5429	POST_DOM	
5323	5308	POST_DOM	
5199	5195	POST_DOM	
5195	5188	POST_DOM	
5308	5297	POST_DOM	
5513	5498	POST_DOM	
5211	5210	POST_DOM	
5524	5522	POST_DOM	
5397	5381	POST_DOM	
5253	5234	POST_DOM	
5219	5211	POST_DOM	
5171	5549	POST_DOM	
5401	5405	POST_DOM	
5234	5219	POST_DOM	
5541	5530	POST_DOM	
5522	5513	POST_DOM	
5418	5397	POST_DOM	
5549	5552	POST_DOM	
5449	5440	POST_DOM	
5349	5338	POST_DOM	
5361	5365	POST_DOM	
5338	5323	POST_DOM	
5272	5253	POST_DOM	
5553	5553	POST_DOM	
5297	5289	POST_DOM	
5361	5349	POST_DOM	
5278	5272	POST_DOM	
5210	5206	POST_DOM	
5206	5199	POST_DOM	
5479	5463	POST_DOM	
5183	5178	POST_DOM	
5541	5524	POST_DOM	
5397	5401	POST_DOM	
5178	5171	POST_DOM	
5463	5449	POST_DOM	
5429	5418	POST_DOM	
5498	5479	POST_DOM	
5381	5361	POST_DOM	
5289	5278	POST_DOM	
5365	5373	POST_DOM	
5168	5169	IS_FUNCTION_OF_AST	
5168	5552	IS_FUNCTION_OF_CFG	
1	5168	IS_FILE_OF	
