sample_id,source_file,action,count,applied_count,generation_status,run_status,flipped,base_label,variant_label,base_probability,variant_probability,delta_probability,base_nodes,variant_nodes,delta_nodes,base_edges,variant_edges,delta_edges,baseline_run_dir,variant_run_dir,variant_file,notes,error
01_vulnerable_989,C:\Users\weijt\Desktop\UNSW\COMP9900\project\capstone-project-26t2-9900-t17a-almond\input_sources\cwe119\vulnerable\01_vulnerable_989.c,data_flow_alias,1,1,generated,ran,False,1,1,1.0,1.0,0.0,5566,5568,2,11864,11865,1,C:\Users\weijt\Desktop\UNSW\COMP9900\project\capstone-project-26t2-9900-t17a-almond\outputs\generated\full_budget_search_20260717\cwe119_vulnerable\runs\baseline\01_vulnerable_989,C:\Users\weijt\Desktop\UNSW\COMP9900\project\capstone-project-26t2-9900-t17a-almond\outputs\generated\full_budget_search_20260717\cwe119_vulnerable\runs\perturbed\01_vulnerable_989__data_flow_alias__c1,C:\Users\weijt\Desktop\UNSW\COMP9900\project\capstone-project-26t2-9900-t17a-almond\outputs\generated\full_budget_search_20260717\cwe119_vulnerable\sources\01_vulnerable_989__data_flow_alias__c1.c,inserted 1 alias-preserving data-flow no-op(s) near call arguments,
01_vulnerable_989,C:\Users\weijt\Desktop\UNSW\COMP9900\project\capstone-project-26t2-9900-t17a-almond\input_sources\cwe119\vulnerable\01_vulnerable_989.c,data_flow_alias,2,2,generated,ran,False,1,1,1.0,1.0,0.0,5566,5588,22,11864,11903,39,C:\Users\weijt\Desktop\UNSW\COMP9900\project\capstone-project-26t2-9900-t17a-almond\outputs\generated\full_budget_search_20260717\cwe119_vulnerable\runs\baseline\01_vulnerable_989,C:\Users\weijt\Desktop\UNSW\COMP9900\project\capstone-project-26t2-9900-t17a-almond\outputs\generated\full_budget_search_20260717\cwe119_vulnerable\runs\perturbed\01_vulnerable_989__data_flow_alias__c2,C:\Users\weijt\Desktop\UNSW\COMP9900\project\capstone-project-26t2-9900-t17a-almond\outputs\generated\full_budget_search_20260717\cwe119_vulnerable\sources\01_vulnerable_989__data_flow_alias__c2.c,inserted 2 alias-preserving data-flow no-op(s) near call arguments,
01_vulnerable_989,C:\Users\weijt\Desktop\UNSW\COMP9900\project\capstone-project-26t2-9900-t17a-almond\input_sources\cwe119\vulnerable\01_vulnerable_989.c,data_flow_alias,3,3,generated,ran,False,1,1,1.0,1.0,0.0,5566,5606,40,11864,11980,116,C:\Users\weijt\Desktop\UNSW\COMP9900\project\capstone-project-26t2-9900-t17a-almond\outputs\generated\full_budget_search_20260717\cwe119_vulnerable\runs\baseline\01_vulnerable_989,C:\Users\weijt\Desktop\UNSW\COMP9900\project\capstone-project-26t2-9900-t17a-almond\outputs\generated\full_budget_search_20260717\cwe119_vulnerable\runs\perturbed\01_vulnerable_989__data_flow_alias__c3,C:\Users\weijt\Desktop\UNSW\COMP9900\project\capstone-project-26t2-9900-t17a-almond\outputs\generated\full_budget_search_20260717\cwe119_vulnerable\sources\01_vulnerable_989__data_flow_alias__c3.c,inserted 3 alias-preserving data-flow no-op(s) near call arguments,
01_vulnerable_989,C:\Users\weijt\Desktop\UNSW\COMP9900\project\capstone-project-26t2-9900-t17a-almond\input_sources\cwe119\vulnerable\01_vulnerable_989.c,data_flow_alias,5,5,generated,ran,False,1,1,1.0,1.0,0.0,5566,5628,62,11864,12019,155,C:\Users\weijt\Desktop\UNSW\COMP9900\project\capstone-project-26t2-9900-t17a-almond\outputs\generated\full_budget_search_20260717\cwe119_vulnerable\runs\baseline\01_vulnerable_989,C:\Users\weijt\Desktop\UNSW\COMP9900\project\capstone-project-26t2-9900-t17a-almond\outputs\generated\full_budget_search_20260717\cwe119_vulnerable\runs\perturbed\01_vulnerable_989__data_flow_alias__c5,C:\Users\weijt\Desktop\UNSW\COMP9900\project\capstone-project-26t2-9900-t17a-almond\outputs\generated\full_budget_search_20260717\cwe119_vulnerable\sources\01_vulnerable_989__data_flow_alias__c5.c,inserted 5 alias-preserving data-flow no-op(s) near call arguments,
01_vulnerable_989,C:\Users\weijt\Desktop\UNSW\COMP9900\project\capstone-project-26t2-9900-t17a-almond\input_sources\cwe119\vulnerable\01_vulnerable_989.c,dead_statement,1,1,generated,ran,False,1,1,1.0,1.0,0.0,5566,5578,12,11864,11891,27,C:\Users\weijt\Desktop\UNSW\COMP9900\project\capstone-project-26t2-9900-t17a-almond\outputs\generated\full_budget_search_20260717\cwe119_vulnerable\runs\baseline\01_vulnerable_989,C:\Users\weijt\Desktop\UNSW\COMP9900\project\capstone-project-26t2-9900-t17a-almond\outputs\generated\full_budget_search_20260717\cwe119_vulnerable\runs\perturbed\01_vulnerable_989__dead_statement__c1,C:\Users\weijt\Desktop\UNSW\COMP9900\project\capstone-project-26t2-9900-t17a-almond\outputs\generated\full_budget_search_20260717\cwe119_vulnerable\sources\01_vulnerable_989__dead_statement__c1.c,inserted 1 harmless dummy integer statement pair(s) after first function brace,
01_vulnerable_989,C:\Users\weijt\Desktop\UNSW\COMP9900\project\capstone-project-26t2-9900-t17a-almond\input_sources\cwe119\vulnerable\01_vulnerable_989.c,dead_statement,2,2,generated,ran,False,1,1,1.0,1.0,0.0,5566,5590,24,11864,11918,54,C:\Users\weijt\Desktop\UNSW\COMP9900\project\capstone-project-26t2-9900-t17a-almond\outputs\generated\full_budget_search_20260717\cwe119_vulnerable\runs\baseline\01_vulnerable_989,C:\Users\weijt\Desktop\UNSW\COMP9900\project\capstone-project-26t2-9900-t17a-almond\outputs\generated\full_budget_search_20260717\cwe119_vulnerable\runs\perturbed\01_vulnerable_989__dead_statement__c2,C:\Users\weijt\Desktop\UNSW\COMP9900\project\capstone-project-26t2-9900-t17a-almond\outputs\generated\full_budget_search_20260717\cwe119_vulnerable\sources\01_vulnerable_989__dead_statement__c2.c,inserted 2 harmless dummy integer statement pair(s) after first function brace,
01_vulnerable_989,C:\Users\weijt\Desktop\UNSW\COMP9900\project\capstone-project-26t2-9900-t17a-almond\input_sources\cwe119\vulnerable\01_vulnerable_989.c,dead_statement,3,3,generated,ran,False,1,1,1.0,1.0,0.0,5566,5602,36,11864,11945,81,C:\Users\weijt\Desktop\UNSW\COMP9900\project\capstone-project-26t2-9900-t17a-almond\outputs\generated\full_budget_search_20260717\cwe119_vulnerable\runs\baseline\01_vulnerable_989,C:\Users\weijt\Desktop\UNSW\COMP9900\project\capstone-project-26t2-9900-t17a-almond\outputs\generated\full_budget_search_20260717\cwe119_vulnerable\runs\perturbed\01_vulnerable_989__dead_statement__c3,C:\Users\weijt\Desktop\UNSW\COMP9900\project\capstone-project-26t2-9900-t17a-almond\outputs\generated\full_budget_search_20260717\cwe119_vulnerable\sources\01_vulnerable_989__dead_statement__c3.c,inserted 3 harmless dummy integer statement pair(s) after first function brace,
01_vulnerable_989,C:\Users\weijt\Desktop\UNSW\COMP9900\project\capstone-project-26t2-9900-t17a-almond\input_sources\cwe119\vulnerable\01_vulnerable_989.c,dead_statement,5,5,generated,ran,False,1,1,1.0,1.0,0.0,5566,5626,60,11864,11999,135,C:\Users\weijt\Desktop\UNSW\COMP9900\project\capstone-project-26t2-9900-t17a-almond\outputs\generated\full_budget_search_20260717\cwe119_vulnerable\runs\baseline\01_vulnerable_989,C:\Users\weijt\Desktop\UNSW\COMP9900\project\capstone-project-26t2-9900-t17a-almond\outputs\generated\full_budget_search_20260717\cwe119_vulnerable\runs\perturbed\01_vulnerable_989__dead_statement__c5,C:\Users\weijt\Desktop\UNSW\COMP9900\project\capstone-project-26t2-9900-t17a-almond\outputs\generated\full_budget_search_20260717\cwe119_vulnerable\sources\01_vulnerable_989__dead_statement__c5.c,inserted 5 harmless dummy integer statement pair(s) after first function brace,
01_vulnerable_989,C:\Users\weijt\Desktop\UNSW\COMP9900\project\capstone-project-26t2-9900-t17a-almond\input_sources\cwe119\vulnerable\01_vulnerable_989.c,xfg_targeted_dead_code,1,1,generated,ran,False,1,1,1.0,1.0,0.0,5566,5568,2,11864,11865,1,C:\Users\weijt\Desktop\UNSW\COMP9900\project\capstone-project-26t2-9900-t17a-almond\outputs\generated\full_budget_search_20260717\cwe119_vulnerable\runs\baseline\01_vulnerable_989,C:\Users\weijt\Desktop\UNSW\COMP9900\project\capstone-project-26t2-9900-t17a-almond\outputs\generated\full_budget_search_20260717\cwe119_vulnerable\runs\perturbed\01_vulnerable_989__xfg_targeted_dead_code__c1,C:\Users\weijt\Desktop\UNSW\COMP9900\project\capstone-project-26t2-9900-t17a-almond\outputs\generated\full_budget_search_20260717\cwe119_vulnerable\sources\01_vulnerable_989__xfg_targeted_dead_code__c1.c,inserted 1 unreachable no-op block(s) near XFG-relevant target lines,
01_vulnerable_989,C:\Users\weijt\Desktop\UNSW\COMP9900\project\capstone-project-26t2-9900-t17a-almond\input_sources\cwe119\vulnerable\01_vulnerable_989.c,xfg_targeted_dead_code,2,2,generated,ran,False,1,1,1.0,1.0,0.0,5566,5570,4,11864,11866,2,C:\Users\weijt\Desktop\UNSW\COMP9900\project\capstone-project-26t2-9900-t17a-almond\outputs\generated\full_budget_search_20260717\cwe119_vulnerable\runs\baseline\01_vulnerable_989,C:\Users\weijt\Desktop\UNSW\COMP9900\project\capstone-project-26t2-9900-t17a-almond\outputs\generated\full_budget_search_20260717\cwe119_vulnerable\runs\perturbed\01_vulnerable_989__xfg_targeted_dead_code__c2,C:\Users\weijt\Desktop\UNSW\COMP9900\project\capstone-project-26t2-9900-t17a-almond\outputs\generated\full_budget_search_20260717\cwe119_vulnerable\sources\01_vulnerable_989__xfg_targeted_dead_code__c2.c,inserted 2 unreachable no-op block(s) near XFG-relevant target lines,
01_vulnerable_989,C:\Users\weijt\Desktop\UNSW\COMP9900\project\capstone-project-26t2-9900-t17a-almond\input_sources\cwe119\vulnerable\01_vulnerable_989.c,xfg_targeted_dead_code,3,3,generated,ran,False,1,1,1.0,1.0,0.0,5566,5586,20,11864,11902,38,C:\Users\weijt\Desktop\UNSW\COMP9900\project\capstone-project-26t2-9900-t17a-almond\outputs\generated\full_budget_search_20260717\cwe119_vulnerable\runs\baseline\01_vulnerable_989,C:\Users\weijt\Desktop\UNSW\COMP9900\project\capstone-project-26t2-9900-t17a-almond\outputs\generated\full_budget_search_20260717\cwe119_vulnerable\runs\perturbed\01_vulnerable_989__xfg_targeted_dead_code__c3,C:\Users\weijt\Desktop\UNSW\COMP9900\project\capstone-project-26t2-9900-t17a-almond\outputs\generated\full_budget_search_20260717\cwe119_vulnerable\sources\01_vulnerable_989__xfg_targeted_dead_code__c3.c,inserted 3 unreachable no-op block(s) near XFG-relevant target lines,
01_vulnerable_989,C:\Users\weijt\Desktop\UNSW\COMP9900\project\capstone-project-26t2-9900-t17a-almond\input_sources\cwe119\vulnerable\01_vulnerable_989.c,xfg_targeted_dead_code,5,5,generated,ran,False,1,1,1.0,1.0,0.0,5566,5618,52,11864,11974,110,C:\Users\weijt\Desktop\UNSW\COMP9900\project\capstone-project-26t2-9900-t17a-almond\outputs\generated\full_budget_search_20260717\cwe119_vulnerable\runs\baseline\01_vulnerable_989,C:\Users\weijt\Desktop\UNSW\COMP9900\project\capstone-project-26t2-9900-t17a-almond\outputs\generated\full_budget_search_20260717\cwe119_vulnerable\runs\perturbed\01_vulnerable_989__xfg_targeted_dead_code__c5,C:\Users\weijt\Desktop\UNSW\COMP9900\project\capstone-project-26t2-9900-t17a-almond\outputs\generated\full_budget_search_20260717\cwe119_vulnerable\sources\01_vulnerable_989__xfg_targeted_dead_code__c5.c,inserted 5 unreachable no-op block(s) near XFG-relevant target lines,
01_vulnerable_989,C:\Users\weijt\Desktop\UNSW\COMP9900\project\capstone-project-26t2-9900-t17a-almond\input_sources\cwe119\vulnerable\01_vulnerable_989.c,range_clamp,1,1,generated,ran,False,1,1,1.0,1.0,0.0,5566,5597,31,11864,11959,95,C:\Users\weijt\Desktop\UNSW\COMP9900\project\capstone-project-26t2-9900-t17a-almond\outputs\generated\full_budget_search_20260717\cwe119_vulnerable\runs\baseline\01_vulnerable_989,C:\Users\weijt\Desktop\UNSW\COMP9900\project\capstone-project-26t2-9900-t17a-almond\outputs\generated\full_budget_search_20260717\cwe119_vulnerable\runs\perturbed\01_vulnerable_989__range_clamp__c1,C:\Users\weijt\Desktop\UNSW\COMP9900\project\capstone-project-26t2-9900-t17a-almond\outputs\generated\full_budget_search_20260717\cwe119_vulnerable\sources\01_vulnerable_989__range_clamp__c1.c,clamped 1 sensitive sink size/count argument(s) through bounded local variables,
01_vulnerable_989,C:\Users\weijt\Desktop\UNSW\COMP9900\project\capstone-project-26t2-9900-t17a-almond\input_sources\cwe119\vulnerable\01_vulnerable_989.c,range_clamp,2,2,generated,ran,False,1,1,1.0,1.0,0.0,5566,5628,62,11864,12054,190,C:\Users\weijt\Desktop\UNSW\COMP9900\project\capstone-project-26t2-9900-t17a-almond\outputs\generated\full_budget_search_20260717\cwe119_vulnerable\runs\baseline\01_vulnerable_989,C:\Users\weijt\Desktop\UNSW\COMP9900\project\capstone-project-26t2-9900-t17a-almond\outputs\generated\full_budget_search_20260717\cwe119_vulnerable\runs\perturbed\01_vulnerable_989__range_clamp__c2,C:\Users\weijt\Desktop\UNSW\COMP9900\project\capstone-project-26t2-9900-t17a-almond\outputs\generated\full_budget_search_20260717\cwe119_vulnerable\sources\01_vulnerable_989__range_clamp__c2.c,clamped 2 sensitive sink size/count argument(s) through bounded local variables,
01_vulnerable_989,C:\Users\weijt\Desktop\UNSW\COMP9900\project\capstone-project-26t2-9900-t17a-almond\input_sources\cwe119\vulnerable\01_vulnerable_989.c,range_clamp,3,3,generated,ran,False,1,1,1.0,1.0,0.0,5566,5659,93,11864,12149,285,C:\Users\weijt\Desktop\UNSW\COMP9900\project\capstone-project-26t2-9900-t17a-almond\outputs\generated\full_budget_search_20260717\cwe119_vulnerable\runs\baseline\01_vulnerable_989,C:\Users\weijt\Desktop\UNSW\COMP9900\project\capstone-project-26t2-9900-t17a-almond\outputs\generated\full_budget_search_20260717\cwe119_vulnerable\runs\perturbed\01_vulnerable_989__range_clamp__c3,C:\Users\weijt\Desktop\UNSW\COMP9900\project\capstone-project-26t2-9900-t17a-almond\outputs\generated\full_budget_search_20260717\cwe119_vulnerable\sources\01_vulnerable_989__range_clamp__c3.c,clamped 3 sensitive sink size/count argument(s) through bounded local variables,
01_vulnerable_989,C:\Users\weijt\Desktop\UNSW\COMP9900\project\capstone-project-26t2-9900-t17a-almond\input_sources\cwe119\vulnerable\01_vulnerable_989.c,range_clamp,5,5,generated,ran,False,1,1,1.0,1.0,0.0,5566,5719,153,11864,12287,423,C:\Users\weijt\Desktop\UNSW\COMP9900\project\capstone-project-26t2-9900-t17a-almond\outputs\generated\full_budget_search_20260717\cwe119_vulnerable\runs\baseline\01_vulnerable_989,C:\Users\weijt\Desktop\UNSW\COMP9900\project\capstone-project-26t2-9900-t17a-almond\outputs\generated\full_budget_search_20260717\cwe119_vulnerable\runs\perturbed\01_vulnerable_989__range_clamp__c5,C:\Users\weijt\Desktop\UNSW\COMP9900\project\capstone-project-26t2-9900-t17a-almond\outputs\generated\full_budget_search_20260717\cwe119_vulnerable\sources\01_vulnerable_989__range_clamp__c5.c,clamped 5 sensitive sink size/count argument(s) through bounded local variables,
01_vulnerable_989,C:\Users\weijt\Desktop\UNSW\COMP9900\project\capstone-project-26t2-9900-t17a-almond\input_sources\cwe119\vulnerable\01_vulnerable_989.c,safe_source_substitution,1,1,generated,ran,False,1,1,1.0,1.0,0.0,5566,5574,8,11864,11879,15,C:\Users\weijt\Desktop\UNSW\COMP9900\project\capstone-project-26t2-9900-t17a-almond\outputs\generated\full_budget_search_20260717\cwe119_vulnerable\runs\baseline\01_vulnerable_989,C:\Users\weijt\Desktop\UNSW\COMP9900\project\capstone-project-26t2-9900-t17a-almond\outputs\generated\full_budget_search_20260717\cwe119_vulnerable\runs\perturbed\01_vulnerable_989__safe_source_substitution__c1,C:\Users\weijt\Desktop\UNSW\COMP9900\project\capstone-project-26t2-9900-t17a-almond\outputs\generated\full_budget_search_20260717\cwe119_vulnerable\sources\01_vulnerable_989__safe_source_substitution__c1.c,replaced 1 nested pointer source expression(s) with guarded fallback expressions,
01_vulnerable_989,C:\Users\weijt\Desktop\UNSW\COMP9900\project\capstone-project-26t2-9900-t17a-almond\input_sources\cwe119\vulnerable\01_vulnerable_989.c,safe_source_substitution,2,1,partial,run_partial,False,1,1,1.0,1.0,0.0,5566,5574,8,11864,11879,15,C:\Users\weijt\Desktop\UNSW\COMP9900\project\capstone-project-26t2-9900-t17a-almond\outputs\generated\full_budget_search_20260717\cwe119_vulnerable\runs\baseline\01_vulnerable_989,C:\Users\weijt\Desktop\UNSW\COMP9900\project\capstone-project-26t2-9900-t17a-almond\outputs\generated\full_budget_search_20260717\cwe119_vulnerable\runs\perturbed\01_vulnerable_989__safe_source_substitution__c2,C:\Users\weijt\Desktop\UNSW\COMP9900\project\capstone-project-26t2-9900-t17a-almond\outputs\generated\full_budget_search_20260717\cwe119_vulnerable\sources\01_vulnerable_989__safe_source_substitution__c2.c,replaced 1 nested pointer source expression(s) with guarded fallback expressions,
01_vulnerable_989,C:\Users\weijt\Desktop\UNSW\COMP9900\project\capstone-project-26t2-9900-t17a-almond\input_sources\cwe119\vulnerable\01_vulnerable_989.c,sink_bound_guard,1,1,generated,ran,False,1,1,1.0,1.0,0.0,5566,5589,23,11864,11925,61,C:\Users\weijt\Desktop\UNSW\COMP9900\project\capstone-project-26t2-9900-t17a-almond\outputs\generated\full_budget_search_20260717\cwe119_vulnerable\runs\baseline\01_vulnerable_989,C:\Users\weijt\Desktop\UNSW\COMP9900\project\capstone-project-26t2-9900-t17a-almond\outputs\generated\full_budget_search_20260717\cwe119_vulnerable\runs\perturbed\01_vulnerable_989__sink_bound_guard__c1,C:\Users\weijt\Desktop\UNSW\COMP9900\project\capstone-project-26t2-9900-t17a-almond\outputs\generated\full_budget_search_20260717\cwe119_vulnerable\sources\01_vulnerable_989__sink_bound_guard__c1.c,inserted 1 early-return bound guard(s) before sensitive sink calls,
01_vulnerable_989,C:\Users\weijt\Desktop\UNSW\COMP9900\project\capstone-project-26t2-9900-t17a-almond\input_sources\cwe119\vulnerable\01_vulnerable_989.c,sink_bound_guard,2,2,generated,ran,False,1,1,1.0,1.0,0.0,5566,5607,41,11864,11965,101,C:\Users\weijt\Desktop\UNSW\COMP9900\project\capstone-project-26t2-9900-t17a-almond\outputs\generated\full_budget_search_20260717\cwe119_vulnerable\runs\baseline\01_vulnerable_989,C:\Users\weijt\Desktop\UNSW\COMP9900\project\capstone-project-26t2-9900-t17a-almond\outputs\generated\full_budget_search_20260717\cwe119_vulnerable\runs\perturbed\01_vulnerable_989__sink_bound_guard__c2,C:\Users\weijt\Desktop\UNSW\COMP9900\project\capstone-project-26t2-9900-t17a-almond\outputs\generated\full_budget_search_20260717\cwe119_vulnerable\sources\01_vulnerable_989__sink_bound_guard__c2.c,inserted 2 early-return bound guard(s) before sensitive sink calls,
01_vulnerable_989,C:\Users\weijt\Desktop\UNSW\COMP9900\project\capstone-project-26t2-9900-t17a-almond\input_sources\cwe119\vulnerable\01_vulnerable_989.c,sink_bound_guard,3,3,generated,ran,False,1,1,1.0,1.0,0.0,5566,5625,59,11864,11961,97,C:\Users\weijt\Desktop\UNSW\COMP9900\project\capstone-project-26t2-9900-t17a-almond\outputs\generated\full_budget_search_20260717\cwe119_vulnerable\runs\baseline\01_vulnerable_989,C:\Users\weijt\Desktop\UNSW\COMP9900\project\capstone-project-26t2-9900-t17a-almond\outputs\generated\full_budget_search_20260717\cwe119_vulnerable\runs\perturbed\01_vulnerable_989__sink_bound_guard__c3,C:\Users\weijt\Desktop\UNSW\COMP9900\project\capstone-project-26t2-9900-t17a-almond\outputs\generated\full_budget_search_20260717\cwe119_vulnerable\sources\01_vulnerable_989__sink_bound_guard__c3.c,inserted 3 early-return bound guard(s) before sensitive sink calls,
01_vulnerable_989,C:\Users\weijt\Desktop\UNSW\COMP9900\project\capstone-project-26t2-9900-t17a-almond\input_sources\cwe119\vulnerable\01_vulnerable_989.c,sink_bound_guard,5,5,generated,ran,False,1,1,1.0,1.0,0.0,5566,5654,88,11864,12023,159,C:\Users\weijt\Desktop\UNSW\COMP9900\project\capstone-project-26t2-9900-t17a-almond\outputs\generated\full_budget_search_20260717\cwe119_vulnerable\runs\baseline\01_vulnerable_989,C:\Users\weijt\Desktop\UNSW\COMP9900\project\capstone-project-26t2-9900-t17a-almond\outputs\generated\full_budget_search_20260717\cwe119_vulnerable\runs\perturbed\01_vulnerable_989__sink_bound_guard__c5,C:\Users\weijt\Desktop\UNSW\COMP9900\project\capstone-project-26t2-9900-t17a-almond\outputs\generated\full_budget_search_20260717\cwe119_vulnerable\sources\01_vulnerable_989__sink_bound_guard__c5.c,inserted 5 early-return bound guard(s) before sensitive sink calls,
01_vulnerable_989,C:\Users\weijt\Desktop\UNSW\COMP9900\project\capstone-project-26t2-9900-t17a-almond\input_sources\cwe119\vulnerable\01_vulnerable_989.c,postcondition_validation,1,0,skipped,ran,,,,,,,,,,,,,C:\Users\weijt\Desktop\UNSW\COMP9900\project\capstone-project-26t2-9900-t17a-almond\outputs\generated\full_budget_search_20260717\cwe119_vulnerable\runs\baseline\01_vulnerable_989,,,no matching *_count/*_read pair found for postcondition validation,
01_vulnerable_989,C:\Users\weijt\Desktop\UNSW\COMP9900\project\capstone-project-26t2-9900-t17a-almond\input_sources\cwe119\vulnerable\01_vulnerable_989.c,integer_overflow_guard,1,0,skipped,ran,,,,,,,,,,,,,C:\Users\weijt\Desktop\UNSW\COMP9900\project\capstone-project-26t2-9900-t17a-almond\outputs\generated\full_budget_search_20260717\cwe119_vulnerable\runs\baseline\01_vulnerable_989,,,no allocation size addition or multiplication expression found,
01_vulnerable_989,C:\Users\weijt\Desktop\UNSW\COMP9900\project\capstone-project-26t2-9900-t17a-almond\input_sources\cwe119\vulnerable\01_vulnerable_989.c,array_index_bound_guard,1,1,generated,ran,False,1,1,1.0,1.0,0.0,5566,5592,26,11864,11908,44,C:\Users\weijt\Desktop\UNSW\COMP9900\project\capstone-project-26t2-9900-t17a-almond\outputs\generated\full_budget_search_20260717\cwe119_vulnerable\runs\baseline\01_vulnerable_989,C:\Users\weijt\Desktop\UNSW\COMP9900\project\capstone-project-26t2-9900-t17a-almond\outputs\generated\full_budget_search_20260717\cwe119_vulnerable\runs\perturbed\01_vulnerable_989__array_index_bound_guard__c1,C:\Users\weijt\Desktop\UNSW\COMP9900\project\capstone-project-26t2-9900-t17a-almond\outputs\generated\full_budget_search_20260717\cwe119_vulnerable\sources\01_vulnerable_989__array_index_bound_guard__c1.c,wrapped 1 array write(s) with index lower/upper bound guards,
01_vulnerable_989,C:\Users\weijt\Desktop\UNSW\COMP9900\project\capstone-project-26t2-9900-t17a-almond\input_sources\cwe119\vulnerable\01_vulnerable_989.c,array_index_bound_guard,2,2,generated,ran,False,1,1,1.0,1.0,0.0,5566,5615,49,11864,11942,78,C:\Users\weijt\Desktop\UNSW\COMP9900\project\capstone-project-26t2-9900-t17a-almond\outputs\generated\full_budget_search_20260717\cwe119_vulnerable\runs\baseline\01_vulnerable_989,C:\Users\weijt\Desktop\UNSW\COMP9900\project\capstone-project-26t2-9900-t17a-almond\outputs\generated\full_budget_search_20260717\cwe119_vulnerable\runs\perturbed\01_vulnerable_989__array_index_bound_guard__c2,C:\Users\weijt\Desktop\UNSW\COMP9900\project\capstone-project-26t2-9900-t17a-almond\outputs\generated\full_budget_search_20260717\cwe119_vulnerable\sources\01_vulnerable_989__array_index_bound_guard__c2.c,wrapped 2 array write(s) with index lower/upper bound guards,
01_vulnerable_989,C:\Users\weijt\Desktop\UNSW\COMP9900\project\capstone-project-26t2-9900-t17a-almond\input_sources\cwe119\vulnerable\01_vulnerable_989.c,array_index_bound_guard,3,3,generated,ran,False,1,1,1.0,1.0,0.0,5566,5641,75,11864,11986,122,C:\Users\weijt\Desktop\UNSW\COMP9900\project\capstone-project-26t2-9900-t17a-almond\outputs\generated\full_budget_search_20260717\cwe119_vulnerable\runs\baseline\01_vulnerable_989,C:\Users\weijt\Desktop\UNSW\COMP9900\project\capstone-project-26t2-9900-t17a-almond\outputs\generated\full_budget_search_20260717\cwe119_vulnerable\runs\perturbed\01_vulnerable_989__array_index_bound_guard__c3,C:\Users\weijt\Desktop\UNSW\COMP9900\project\capstone-project-26t2-9900-t17a-almond\outputs\generated\full_budget_search_20260717\cwe119_vulnerable\sources\01_vulnerable_989__array_index_bound_guard__c3.c,wrapped 3 array write(s) with index lower/upper bound guards,
01_vulnerable_989,C:\Users\weijt\Desktop\UNSW\COMP9900\project\capstone-project-26t2-9900-t17a-almond\input_sources\cwe119\vulnerable\01_vulnerable_989.c,array_index_bound_guard,5,5,generated,ran,False,1,1,1.0,1.0,0.0,5566,5689,123,11864,12060,196,C:\Users\weijt\Desktop\UNSW\COMP9900\project\capstone-project-26t2-9900-t17a-almond\outputs\generated\full_budget_search_20260717\cwe119_vulnerable\runs\baseline\01_vulnerable_989,C:\Users\weijt\Desktop\UNSW\COMP9900\project\capstone-project-26t2-9900-t17a-almond\outputs\generated\full_budget_search_20260717\cwe119_vulnerable\runs\perturbed\01_vulnerable_989__array_index_bound_guard__c5,C:\Users\weijt\Desktop\UNSW\COMP9900\project\capstone-project-26t2-9900-t17a-almond\outputs\generated\full_budget_search_20260717\cwe119_vulnerable\sources\01_vulnerable_989__array_index_bound_guard__c5.c,wrapped 5 array write(s) with index lower/upper bound guards,
01_vulnerable_989,C:\Users\weijt\Desktop\UNSW\COMP9900\project\capstone-project-26t2-9900-t17a-almond\input_sources\cwe119\vulnerable\01_vulnerable_989.c,wide_char_sink_guard,1,0,skipped,ran,,,,,,,,,,,,,C:\Users\weijt\Desktop\UNSW\COMP9900\project\capstone-project-26t2-9900-t17a-almond\outputs\generated\full_budget_search_20260717\cwe119_vulnerable\runs\baseline\01_vulnerable_989,,,no wcscat/wcscpy wide-character sink found,
01_vulnerable_989,C:\Users\weijt\Desktop\UNSW\COMP9900\project\capstone-project-26t2-9900-t17a-almond\input_sources\cwe119\vulnerable\01_vulnerable_989.c,pattern_dead_code,1,1,generated,ran,False,1,1,1.0,1.0,0.0,5566,5572,6,11864,11867,3,C:\Users\weijt\Desktop\UNSW\COMP9900\project\capstone-project-26t2-9900-t17a-almond\outputs\generated\full_budget_search_20260717\cwe119_vulnerable\runs\baseline\01_vulnerable_989,C:\Users\weijt\Desktop\UNSW\COMP9900\project\capstone-project-26t2-9900-t17a-almond\outputs\generated\full_budget_search_20260717\cwe119_vulnerable\runs\perturbed\01_vulnerable_989__pattern_dead_code__c1,C:\Users\weijt\Desktop\UNSW\COMP9900\project\capstone-project-26t2-9900-t17a-almond\outputs\generated\full_budget_search_20260717\cwe119_vulnerable\sources\01_vulnerable_989__pattern_dead_code__c1.c,inserted 1 unreachable pointer/array/length pattern block(s) near sensitive or structural lines,
01_vulnerable_989,C:\Users\weijt\Desktop\UNSW\COMP9900\project\capstone-project-26t2-9900-t17a-almond\input_sources\cwe119\vulnerable\01_vulnerable_989.c,pattern_dead_code,2,2,generated,ran,False,1,1,1.0,1.0,0.0,5566,5578,12,11864,11870,6,C:\Users\weijt\Desktop\UNSW\COMP9900\project\capstone-project-26t2-9900-t17a-almond\outputs\generated\full_budget_search_20260717\cwe119_vulnerable\runs\baseline\01_vulnerable_989,C:\Users\weijt\Desktop\UNSW\COMP9900\project\capstone-project-26t2-9900-t17a-almond\outputs\generated\full_budget_search_20260717\cwe119_vulnerable\runs\perturbed\01_vulnerable_989__pattern_dead_code__c2,C:\Users\weijt\Desktop\UNSW\COMP9900\project\capstone-project-26t2-9900-t17a-almond\outputs\generated\full_budget_search_20260717\cwe119_vulnerable\sources\01_vulnerable_989__pattern_dead_code__c2.c,inserted 2 unreachable pointer/array/length pattern block(s) near sensitive or structural lines,
01_vulnerable_989,C:\Users\weijt\Desktop\UNSW\COMP9900\project\capstone-project-26t2-9900-t17a-almond\input_sources\cwe119\vulnerable\01_vulnerable_989.c,pattern_dead_code,3,3,generated,ran,False,1,1,1.0,1.0,0.0,5566,5633,67,11864,11971,107,C:\Users\weijt\Desktop\UNSW\COMP9900\project\capstone-project-26t2-9900-t17a-almond\outputs\generated\full_budget_search_20260717\cwe119_vulnerable\runs\baseline\01_vulnerable_989,C:\Users\weijt\Desktop\UNSW\COMP9900\project\capstone-project-26t2-9900-t17a-almond\outputs\generated\full_budget_search_20260717\cwe119_vulnerable\runs\perturbed\01_vulnerable_989__pattern_dead_code__c3,C:\Users\weijt\Desktop\UNSW\COMP9900\project\capstone-project-26t2-9900-t17a-almond\outputs\generated\full_budget_search_20260717\cwe119_vulnerable\sources\01_vulnerable_989__pattern_dead_code__c3.c,inserted 3 unreachable pointer/array/length pattern block(s) near sensitive or structural lines,
01_vulnerable_989,C:\Users\weijt\Desktop\UNSW\COMP9900\project\capstone-project-26t2-9900-t17a-almond\input_sources\cwe119\vulnerable\01_vulnerable_989.c,pattern_dead_code,5,5,generated,ran,False,1,1,1.0,1.0,0.0,5566,5743,177,11864,12173,309,C:\Users\weijt\Desktop\UNSW\COMP9900\project\capstone-project-26t2-9900-t17a-almond\outputs\generated\full_budget_search_20260717\cwe119_vulnerable\runs\baseline\01_vulnerable_989,C:\Users\weijt\Desktop\UNSW\COMP9900\project\capstone-project-26t2-9900-t17a-almond\outputs\generated\full_budget_search_20260717\cwe119_vulnerable\runs\perturbed\01_vulnerable_989__pattern_dead_code__c5,C:\Users\weijt\Desktop\UNSW\COMP9900\project\capstone-project-26t2-9900-t17a-almond\outputs\generated\full_budget_search_20260717\cwe119_vulnerable\sources\01_vulnerable_989__pattern_dead_code__c5.c,inserted 5 unreachable pointer/array/length pattern block(s) near sensitive or structural lines,
01_vulnerable_989,C:\Users\weijt\Desktop\UNSW\COMP9900\project\capstone-project-26t2-9900-t17a-almond\input_sources\cwe119\vulnerable\01_vulnerable_989.c,control_wrapper,1,1,generated,ran,False,1,1,1.0,1.0,0.0,5566,5570,4,11864,11873,9,C:\Users\weijt\Desktop\UNSW\COMP9900\project\capstone-project-26t2-9900-t17a-almond\outputs\generated\full_budget_search_20260717\cwe119_vulnerable\runs\baseline\01_vulnerable_989,C:\Users\weijt\Desktop\UNSW\COMP9900\project\capstone-project-26t2-9900-t17a-almond\outputs\generated\full_budget_search_20260717\cwe119_vulnerable\runs\perturbed\01_vulnerable_989__control_wrapper__c1,C:\Users\weijt\Desktop\UNSW\COMP9900\project\capstone-project-26t2-9900-t17a-almond\outputs\generated\full_budget_search_20260717\cwe119_vulnerable\sources\01_vulnerable_989__control_wrapper__c1.c,wrapped 1 safe single-line statement(s) with if (1) blocks,
01_vulnerable_989,C:\Users\weijt\Desktop\UNSW\COMP9900\project\capstone-project-26t2-9900-t17a-almond\input_sources\cwe119\vulnerable\01_vulnerable_989.c,control_wrapper,2,2,generated,ran,False,1,1,1.0,1.0,0.0,5566,5574,8,11864,11882,18,C:\Users\weijt\Desktop\UNSW\COMP9900\project\capstone-project-26t2-9900-t17a-almond\outputs\generated\full_budget_search_20260717\cwe119_vulnerable\runs\baseline\01_vulnerable_989,C:\Users\weijt\Desktop\UNSW\COMP9900\project\capstone-project-26t2-9900-t17a-almond\outputs\generated\full_budget_search_20260717\cwe119_vulnerable\runs\perturbed\01_vulnerable_989__control_wrapper__c2,C:\Users\weijt\Desktop\UNSW\COMP9900\project\capstone-project-26t2-9900-t17a-almond\outputs\generated\full_budget_search_20260717\cwe119_vulnerable\sources\01_vulnerable_989__control_wrapper__c2.c,wrapped 2 safe single-line statement(s) with if (1) blocks,
01_vulnerable_989,C:\Users\weijt\Desktop\UNSW\COMP9900\project\capstone-project-26t2-9900-t17a-almond\input_sources\cwe119\vulnerable\01_vulnerable_989.c,control_wrapper,3,3,generated,ran,False,1,1,1.0,1.0,0.0,5566,5578,12,11864,11891,27,C:\Users\weijt\Desktop\UNSW\COMP9900\project\capstone-project-26t2-9900-t17a-almond\outputs\generated\full_budget_search_20260717\cwe119_vulnerable\runs\baseline\01_vulnerable_989,C:\Users\weijt\Desktop\UNSW\COMP9900\project\capstone-project-26t2-9900-t17a-almond\outputs\generated\full_budget_search_20260717\cwe119_vulnerable\runs\perturbed\01_vulnerable_989__control_wrapper__c3,C:\Users\weijt\Desktop\UNSW\COMP9900\project\capstone-project-26t2-9900-t17a-almond\outputs\generated\full_budget_search_20260717\cwe119_vulnerable\sources\01_vulnerable_989__control_wrapper__c3.c,wrapped 3 safe single-line statement(s) with if (1) blocks,
01_vulnerable_989,C:\Users\weijt\Desktop\UNSW\COMP9900\project\capstone-project-26t2-9900-t17a-almond\input_sources\cwe119\vulnerable\01_vulnerable_989.c,control_wrapper,5,5,generated,ran,False,1,1,1.0,1.0,0.0,5566,5586,20,11864,11912,48,C:\Users\weijt\Desktop\UNSW\COMP9900\project\capstone-project-26t2-9900-t17a-almond\outputs\generated\full_budget_search_20260717\cwe119_vulnerable\runs\baseline\01_vulnerable_989,C:\Users\weijt\Desktop\UNSW\COMP9900\project\capstone-project-26t2-9900-t17a-almond\outputs\generated\full_budget_search_20260717\cwe119_vulnerable\runs\perturbed\01_vulnerable_989__control_wrapper__c5,C:\Users\weijt\Desktop\UNSW\COMP9900\project\capstone-project-26t2-9900-t17a-almond\outputs\generated\full_budget_search_20260717\cwe119_vulnerable\sources\01_vulnerable_989__control_wrapper__c5.c,wrapped 5 safe single-line statement(s) with if (1) blocks,
01_vulnerable_989,C:\Users\weijt\Desktop\UNSW\COMP9900\project\capstone-project-26t2-9900-t17a-almond\input_sources\cwe119\vulnerable\01_vulnerable_989.c,temp_variable_split,1,1,generated,ran,False,1,1,1.0,1.0,0.0,5566,5574,8,11864,11881,17,C:\Users\weijt\Desktop\UNSW\COMP9900\project\capstone-project-26t2-9900-t17a-almond\outputs\generated\full_budget_search_20260717\cwe119_vulnerable\runs\baseline\01_vulnerable_989,C:\Users\weijt\Desktop\UNSW\COMP9900\project\capstone-project-26t2-9900-t17a-almond\outputs\generated\full_budget_search_20260717\cwe119_vulnerable\runs\perturbed\01_vulnerable_989__temp_variable_split__c1,C:\Users\weijt\Desktop\UNSW\COMP9900\project\capstone-project-26t2-9900-t17a-almond\outputs\generated\full_budget_search_20260717\cwe119_vulnerable\sources\01_vulnerable_989__temp_variable_split__c1.c,split 1 simple assignment(s) through temporary integer variables,
01_vulnerable_989,C:\Users\weijt\Desktop\UNSW\COMP9900\project\capstone-project-26t2-9900-t17a-almond\input_sources\cwe119\vulnerable\01_vulnerable_989.c,temp_variable_split,2,2,generated,ran,False,1,1,1.0,1.0,0.0,5566,5582,16,11864,11899,35,C:\Users\weijt\Desktop\UNSW\COMP9900\project\capstone-project-26t2-9900-t17a-almond\outputs\generated\full_budget_search_20260717\cwe119_vulnerable\runs\baseline\01_vulnerable_989,C:\Users\weijt\Desktop\UNSW\COMP9900\project\capstone-project-26t2-9900-t17a-almond\outputs\generated\full_budget_search_20260717\cwe119_vulnerable\runs\perturbed\01_vulnerable_989__temp_variable_split__c2,C:\Users\weijt\Desktop\UNSW\COMP9900\project\capstone-project-26t2-9900-t17a-almond\outputs\generated\full_budget_search_20260717\cwe119_vulnerable\sources\01_vulnerable_989__temp_variable_split__c2.c,split 2 simple assignment(s) through temporary integer variables,
01_vulnerable_989,C:\Users\weijt\Desktop\UNSW\COMP9900\project\capstone-project-26t2-9900-t17a-almond\input_sources\cwe119\vulnerable\01_vulnerable_989.c,temp_variable_split,3,3,generated,ran,False,1,1,1.0,1.0,0.0,5566,5588,22,11864,11920,56,C:\Users\weijt\Desktop\UNSW\COMP9900\project\capstone-project-26t2-9900-t17a-almond\outputs\generated\full_budget_search_20260717\cwe119_vulnerable\runs\baseline\01_vulnerable_989,C:\Users\weijt\Desktop\UNSW\COMP9900\project\capstone-project-26t2-9900-t17a-almond\outputs\generated\full_budget_search_20260717\cwe119_vulnerable\runs\perturbed\01_vulnerable_989__temp_variable_split__c3,C:\Users\weijt\Desktop\UNSW\COMP9900\project\capstone-project-26t2-9900-t17a-almond\outputs\generated\full_budget_search_20260717\cwe119_vulnerable\sources\01_vulnerable_989__temp_variable_split__c3.c,split 3 simple assignment(s) through temporary integer variables,
01_vulnerable_989,C:\Users\weijt\Desktop\UNSW\COMP9900\project\capstone-project-26t2-9900-t17a-almond\input_sources\cwe119\vulnerable\01_vulnerable_989.c,temp_variable_split,5,5,generated,ran,False,1,1,1.0,1.0,0.0,5566,5602,36,11864,11960,96,C:\Users\weijt\Desktop\UNSW\COMP9900\project\capstone-project-26t2-9900-t17a-almond\outputs\generated\full_budget_search_20260717\cwe119_vulnerable\runs\baseline\01_vulnerable_989,C:\Users\weijt\Desktop\UNSW\COMP9900\project\capstone-project-26t2-9900-t17a-almond\outputs\generated\full_budget_search_20260717\cwe119_vulnerable\runs\perturbed\01_vulnerable_989__temp_variable_split__c5,C:\Users\weijt\Desktop\UNSW\COMP9900\project\capstone-project-26t2-9900-t17a-almond\outputs\generated\full_budget_search_20260717\cwe119_vulnerable\sources\01_vulnerable_989__temp_variable_split__c5.c,split 5 simple assignment(s) through temporary integer variables,
02_vulnerable_4064,C:\Users\weijt\Desktop\UNSW\COMP9900\project\capstone-project-26t2-9900-t17a-almond\input_sources\cwe119\vulnerable\02_vulnerable_4064.c,data_flow_alias,1,1,generated,ran,False,1,1,1.0,1.0,0.0,21849,21869,20,48786,48821,35,C:\Users\weijt\Desktop\UNSW\COMP9900\project\capstone-project-26t2-9900-t17a-almond\outputs\generated\full_budget_search_20260717\cwe119_vulnerable\runs\baseline\02_vulnerable_4064,C:\Users\weijt\Desktop\UNSW\COMP9900\project\capstone-project-26t2-9900-t17a-almond\outputs\generated\full_budget_search_20260717\cwe119_vulnerable\runs\perturbed\02_vulnerable_4064__data_flow_alias__c1,C:\Users\weijt\Desktop\UNSW\COMP9900\project\capstone-project-26t2-9900-t17a-almond\outputs\generated\full_budget_search_20260717\cwe119_vulnerable\sources\02_vulnerable_4064__data_flow_alias__c1.c,inserted 1 alias-preserving data-flow no-op(s) near call arguments,
02_vulnerable_4064,C:\Users\weijt\Desktop\UNSW\COMP9900\project\capstone-project-26t2-9900-t17a-almond\input_sources\cwe119\vulnerable\02_vulnerable_4064.c,data_flow_alias,2,2,generated,ran,False,1,1,1.0,1.0,0.0,21849,21889,40,48786,48859,73,C:\Users\weijt\Desktop\UNSW\COMP9900\project\capstone-project-26t2-9900-t17a-almond\outputs\generated\full_budget_search_20260717\cwe119_vulnerable\runs\baseline\02_vulnerable_4064,C:\Users\weijt\Desktop\UNSW\COMP9900\project\capstone-project-26t2-9900-t17a-almond\outputs\generated\full_budget_search_20260717\cwe119_vulnerable\runs\perturbed\02_vulnerable_4064__data_flow_alias__c2,C:\Users\weijt\Desktop\UNSW\COMP9900\project\capstone-project-26t2-9900-t17a-almond\outputs\generated\full_budget_search_20260717\cwe119_vulnerable\sources\02_vulnerable_4064__data_flow_alias__c2.c,inserted 2 alias-preserving data-flow no-op(s) near call arguments,
02_vulnerable_4064,C:\Users\weijt\Desktop\UNSW\COMP9900\project\capstone-project-26t2-9900-t17a-almond\input_sources\cwe119\vulnerable\02_vulnerable_4064.c,data_flow_alias,3,3,generated,ran,False,1,1,1.0,1.0,0.0,21849,21907,58,48786,48916,130,C:\Users\weijt\Desktop\UNSW\COMP9900\project\capstone-project-26t2-9900-t17a-almond\outputs\generated\full_budget_search_20260717\cwe119_vulnerable\runs\baseline\02_vulnerable_4064,C:\Users\weijt\Desktop\UNSW\COMP9900\project\capstone-project-26t2-9900-t17a-almond\outputs\generated\full_budget_search_20260717\cwe119_vulnerable\runs\perturbed\02_vulnerable_4064__data_flow_alias__c3,C:\Users\weijt\Desktop\UNSW\COMP9900\project\capstone-project-26t2-9900-t17a-almond\outputs\generated\full_budget_search_20260717\cwe119_vulnerable\sources\02_vulnerable_4064__data_flow_alias__c3.c,inserted 3 alias-preserving data-flow no-op(s) near call arguments,
02_vulnerable_4064,C:\Users\weijt\Desktop\UNSW\COMP9900\project\capstone-project-26t2-9900-t17a-almond\input_sources\cwe119\vulnerable\02_vulnerable_4064.c,data_flow_alias,5,5,generated,ran,False,1,1,1.0,1.0,0.0,21849,21947,98,48786,48992,206,C:\Users\weijt\Desktop\UNSW\COMP9900\project\capstone-project-26t2-9900-t17a-almond\outputs\generated\full_budget_search_20260717\cwe119_vulnerable\runs\baseline\02_vulnerable_4064,C:\Users\weijt\Desktop\UNSW\COMP9900\project\capstone-project-26t2-9900-t17a-almond\outputs\generated\full_budget_search_20260717\cwe119_vulnerable\runs\perturbed\02_vulnerable_4064__data_flow_alias__c5,C:\Users\weijt\Desktop\UNSW\COMP9900\project\capstone-project-26t2-9900-t17a-almond\outputs\generated\full_budget_search_20260717\cwe119_vulnerable\sources\02_vulnerable_4064__data_flow_alias__c5.c,inserted 5 alias-preserving data-flow no-op(s) near call arguments,
02_vulnerable_4064,C:\Users\weijt\Desktop\UNSW\COMP9900\project\capstone-project-26t2-9900-t17a-almond\input_sources\cwe119\vulnerable\02_vulnerable_4064.c,dead_statement,1,1,generated,ran,False,1,1,1.0,1.0,0.0,21849,21861,12,48786,48813,27,C:\Users\weijt\Desktop\UNSW\COMP9900\project\capstone-project-26t2-9900-t17a-almond\outputs\generated\full_budget_search_20260717\cwe119_vulnerable\runs\baseline\02_vulnerable_4064,C:\Users\weijt\Desktop\UNSW\COMP9900\project\capstone-project-26t2-9900-t17a-almond\outputs\generated\full_budget_search_20260717\cwe119_vulnerable\runs\perturbed\02_vulnerable_4064__dead_statement__c1,C:\Users\weijt\Desktop\UNSW\COMP9900\project\capstone-project-26t2-9900-t17a-almond\outputs\generated\full_budget_search_20260717\cwe119_vulnerable\sources\02_vulnerable_4064__dead_statement__c1.c,inserted 1 harmless dummy integer statement pair(s) after first function brace,
02_vulnerable_4064,C:\Users\weijt\Desktop\UNSW\COMP9900\project\capstone-project-26t2-9900-t17a-almond\input_sources\cwe119\vulnerable\02_vulnerable_4064.c,dead_statement,2,2,generated,ran,False,1,1,1.0,1.0,0.0,21849,21873,24,48786,48840,54,C:\Users\weijt\Desktop\UNSW\COMP9900\project\capstone-project-26t2-9900-t17a-almond\outputs\generated\full_budget_search_20260717\cwe119_vulnerable\runs\baseline\02_vulnerable_4064,C:\Users\weijt\Desktop\UNSW\COMP9900\project\capstone-project-26t2-9900-t17a-almond\outputs\generated\full_budget_search_20260717\cwe119_vulnerable\runs\perturbed\02_vulnerable_4064__dead_statement__c2,C:\Users\weijt\Desktop\UNSW\COMP9900\project\capstone-project-26t2-9900-t17a-almond\outputs\generated\full_budget_search_20260717\cwe119_vulnerable\sources\02_vulnerable_4064__dead_statement__c2.c,inserted 2 harmless dummy integer statement pair(s) after first function brace,
02_vulnerable_4064,C:\Users\weijt\Desktop\UNSW\COMP9900\project\capstone-project-26t2-9900-t17a-almond\input_sources\cwe119\vulnerable\02_vulnerable_4064.c,dead_statement,3,3,generated,ran,False,1,1,1.0,1.0,0.0,21849,21885,36,48786,48867,81,C:\Users\weijt\Desktop\UNSW\COMP9900\project\capstone-project-26t2-9900-t17a-almond\outputs\generated\full_budget_search_20260717\cwe119_vulnerable\runs\baseline\02_vulnerable_4064,C:\Users\weijt\Desktop\UNSW\COMP9900\project\capstone-project-26t2-9900-t17a-almond\outputs\generated\full_budget_search_20260717\cwe119_vulnerable\runs\perturbed\02_vulnerable_4064__dead_statement__c3,C:\Users\weijt\Desktop\UNSW\COMP9900\project\capstone-project-26t2-9900-t17a-almond\outputs\generated\full_budget_search_20260717\cwe119_vulnerable\sources\02_vulnerable_4064__dead_statement__c3.c,inserted 3 harmless dummy integer statement pair(s) after first function brace,
02_vulnerable_4064,C:\Users\weijt\Desktop\UNSW\COMP9900\project\capstone-project-26t2-9900-t17a-almond\input_sources\cwe119\vulnerable\02_vulnerable_4064.c,dead_statement,5,5,generated,ran,False,1,1,1.0,1.0,0.0,21849,21909,60,48786,48921,135,C:\Users\weijt\Desktop\UNSW\COMP9900\project\capstone-project-26t2-9900-t17a-almond\outputs\generated\full_budget_search_20260717\cwe119_vulnerable\runs\baseline\02_vulnerable_4064,C:\Users\weijt\Desktop\UNSW\COMP9900\project\capstone-project-26t2-9900-t17a-almond\outputs\generated\full_budget_search_20260717\cwe119_vulnerable\runs\perturbed\02_vulnerable_4064__dead_statement__c5,C:\Users\weijt\Desktop\UNSW\COMP9900\project\capstone-project-26t2-9900-t17a-almond\outputs\generated\full_budget_search_20260717\cwe119_vulnerable\sources\02_vulnerable_4064__dead_statement__c5.c,inserted 5 harmless dummy integer statement pair(s) after first function brace,
02_vulnerable_4064,C:\Users\weijt\Desktop\UNSW\COMP9900\project\capstone-project-26t2-9900-t17a-almond\input_sources\cwe119\vulnerable\02_vulnerable_4064.c,xfg_targeted_dead_code,1,1,generated,ran,False,1,1,1.0,1.0,0.0,21849,21865,16,48786,48822,36,C:\Users\weijt\Desktop\UNSW\COMP9900\project\capstone-project-26t2-9900-t17a-almond\outputs\generated\full_budget_search_20260717\cwe119_vulnerable\runs\baseline\02_vulnerable_4064,C:\Users\weijt\Desktop\UNSW\COMP9900\project\capstone-project-26t2-9900-t17a-almond\outputs\generated\full_budget_search_20260717\cwe119_vulnerable\runs\perturbed\02_vulnerable_4064__xfg_targeted_dead_code__c1,C:\Users\weijt\Desktop\UNSW\COMP9900\project\capstone-project-26t2-9900-t17a-almond\outputs\generated\full_budget_search_20260717\cwe119_vulnerable\sources\02_vulnerable_4064__xfg_targeted_dead_code__c1.c,inserted 1 unreachable no-op block(s) near XFG-relevant target lines,
02_vulnerable_4064,C:\Users\weijt\Desktop\UNSW\COMP9900\project\capstone-project-26t2-9900-t17a-almond\input_sources\cwe119\vulnerable\02_vulnerable_4064.c,xfg_targeted_dead_code,2,2,generated,ran,False,1,1,1.0,1.0,0.0,21849,21881,32,48786,48858,72,C:\Users\weijt\Desktop\UNSW\COMP9900\project\capstone-project-26t2-9900-t17a-almond\outputs\generated\full_budget_search_20260717\cwe119_vulnerable\runs\baseline\02_vulnerable_4064,C:\Users\weijt\Desktop\UNSW\COMP9900\project\capstone-project-26t2-9900-t17a-almond\outputs\generated\full_budget_search_20260717\cwe119_vulnerable\runs\perturbed\02_vulnerable_4064__xfg_targeted_dead_code__c2,C:\Users\weijt\Desktop\UNSW\COMP9900\project\capstone-project-26t2-9900-t17a-almond\outputs\generated\full_budget_search_20260717\cwe119_vulnerable\sources\02_vulnerable_4064__xfg_targeted_dead_code__c2.c,inserted 2 unreachable no-op block(s) near XFG-relevant target lines,
02_vulnerable_4064,C:\Users\weijt\Desktop\UNSW\COMP9900\project\capstone-project-26t2-9900-t17a-almond\input_sources\cwe119\vulnerable\02_vulnerable_4064.c,xfg_targeted_dead_code,3,3,generated,ran,False,1,1,1.0,1.0,0.0,21849,21897,48,48786,48894,108,C:\Users\weijt\Desktop\UNSW\COMP9900\project\capstone-project-26t2-9900-t17a-almond\outputs\generated\full_budget_search_20260717\cwe119_vulnerable\runs\baseline\02_vulnerable_4064,C:\Users\weijt\Desktop\UNSW\COMP9900\project\capstone-project-26t2-9900-t17a-almond\outputs\generated\full_budget_search_20260717\cwe119_vulnerable\runs\perturbed\02_vulnerable_4064__xfg_targeted_dead_code__c3,C:\Users\weijt\Desktop\UNSW\COMP9900\project\capstone-project-26t2-9900-t17a-almond\outputs\generated\full_budget_search_20260717\cwe119_vulnerable\sources\02_vulnerable_4064__xfg_targeted_dead_code__c3.c,inserted 3 unreachable no-op block(s) near XFG-relevant target lines,
02_vulnerable_4064,C:\Users\weijt\Desktop\UNSW\COMP9900\project\capstone-project-26t2-9900-t17a-almond\input_sources\cwe119\vulnerable\02_vulnerable_4064.c,xfg_targeted_dead_code,5,5,generated,ran,False,1,1,1.0,1.0,0.0,21849,21929,80,48786,48966,180,C:\Users\weijt\Desktop\UNSW\COMP9900\project\capstone-project-26t2-9900-t17a-almond\outputs\generated\full_budget_search_20260717\cwe119_vulnerable\runs\baseline\02_vulnerable_4064,C:\Users\weijt\Desktop\UNSW\COMP9900\project\capstone-project-26t2-9900-t17a-almond\outputs\generated\full_budget_search_20260717\cwe119_vulnerable\runs\perturbed\02_vulnerable_4064__xfg_targeted_dead_code__c5,C:\Users\weijt\Desktop\UNSW\COMP9900\project\capstone-project-26t2-9900-t17a-almond\outputs\generated\full_budget_search_20260717\cwe119_vulnerable\sources\02_vulnerable_4064__xfg_targeted_dead_code__c5.c,inserted 5 unreachable no-op block(s) near XFG-relevant target lines,
02_vulnerable_4064,C:\Users\weijt\Desktop\UNSW\COMP9900\project\capstone-project-26t2-9900-t17a-almond\input_sources\cwe119\vulnerable\02_vulnerable_4064.c,range_clamp,1,1,generated,ran,False,1,1,1.0,1.0,0.0,21849,21879,30,48786,48854,68,C:\Users\weijt\Desktop\UNSW\COMP9900\project\capstone-project-26t2-9900-t17a-almond\outputs\generated\full_budget_search_20260717\cwe119_vulnerable\runs\baseline\02_vulnerable_4064,C:\Users\weijt\Desktop\UNSW\COMP9900\project\capstone-project-26t2-9900-t17a-almond\outputs\generated\full_budget_search_20260717\cwe119_vulnerable\runs\perturbed\02_vulnerable_4064__range_clamp__c1,C:\Users\weijt\Desktop\UNSW\COMP9900\project\capstone-project-26t2-9900-t17a-almond\outputs\generated\full_budget_search_20260717\cwe119_vulnerable\sources\02_vulnerable_4064__range_clamp__c1.c,clamped 1 sensitive sink size/count argument(s) through bounded local variables,
02_vulnerable_4064,C:\Users\weijt\Desktop\UNSW\COMP9900\project\capstone-project-26t2-9900-t17a-almond\input_sources\cwe119\vulnerable\02_vulnerable_4064.c,range_clamp,2,2,generated,ran,False,1,1,1.0,1.0,0.0,21849,21909,60,48786,48922,136,C:\Users\weijt\Desktop\UNSW\COMP9900\project\capstone-project-26t2-9900-t17a-almond\outputs\generated\full_budget_search_20260717\cwe119_vulnerable\runs\baseline\02_vulnerable_4064,C:\Users\weijt\Desktop\UNSW\COMP9900\project\capstone-project-26t2-9900-t17a-almond\outputs\generated\full_budget_search_20260717\cwe119_vulnerable\runs\perturbed\02_vulnerable_4064__range_clamp__c2,C:\Users\weijt\Desktop\UNSW\COMP9900\project\capstone-project-26t2-9900-t17a-almond\outputs\generated\full_budget_search_20260717\cwe119_vulnerable\sources\02_vulnerable_4064__range_clamp__c2.c,clamped 2 sensitive sink size/count argument(s) through bounded local variables,
02_vulnerable_4064,C:\Users\weijt\Desktop\UNSW\COMP9900\project\capstone-project-26t2-9900-t17a-almond\input_sources\cwe119\vulnerable\02_vulnerable_4064.c,range_clamp,3,3,generated,ran,False,1,1,1.0,1.0,0.0,21849,21939,90,48786,48992,206,C:\Users\weijt\Desktop\UNSW\COMP9900\project\capstone-project-26t2-9900-t17a-almond\outputs\generated\full_budget_search_20260717\cwe119_vulnerable\runs\baseline\02_vulnerable_4064,C:\Users\weijt\Desktop\UNSW\COMP9900\project\capstone-project-26t2-9900-t17a-almond\outputs\generated\full_budget_search_20260717\cwe119_vulnerable\runs\perturbed\02_vulnerable_4064__range_clamp__c3,C:\Users\weijt\Desktop\UNSW\COMP9900\project\capstone-project-26t2-9900-t17a-almond\outputs\generated\full_budget_search_20260717\cwe119_vulnerable\sources\02_vulnerable_4064__range_clamp__c3.c,clamped 3 sensitive sink size/count argument(s) through bounded local variables,
02_vulnerable_4064,C:\Users\weijt\Desktop\UNSW\COMP9900\project\capstone-project-26t2-9900-t17a-almond\input_sources\cwe119\vulnerable\02_vulnerable_4064.c,range_clamp,5,5,generated,ran,False,1,1,1.0,1.0,0.0,21849,21999,150,48786,49128,342,C:\Users\weijt\Desktop\UNSW\COMP9900\project\capstone-project-26t2-9900-t17a-almond\outputs\generated\full_budget_search_20260717\cwe119_vulnerable\runs\baseline\02_vulnerable_4064,C:\Users\weijt\Desktop\UNSW\COMP9900\project\capstone-project-26t2-9900-t17a-almond\outputs\generated\full_budget_search_20260717\cwe119_vulnerable\runs\perturbed\02_vulnerable_4064__range_clamp__c5,C:\Users\weijt\Desktop\UNSW\COMP9900\project\capstone-project-26t2-9900-t17a-almond\outputs\generated\full_budget_search_20260717\cwe119_vulnerable\sources\02_vulnerable_4064__range_clamp__c5.c,clamped 5 sensitive sink size/count argument(s) through bounded local variables,
02_vulnerable_4064,C:\Users\weijt\Desktop\UNSW\COMP9900\project\capstone-project-26t2-9900-t17a-almond\input_sources\cwe119\vulnerable\02_vulnerable_4064.c,safe_source_substitution,1,0,skipped,ran,,,,,,,,,,,,,C:\Users\weijt\Desktop\UNSW\COMP9900\project\capstone-project-26t2-9900-t17a-almond\outputs\generated\full_budget_search_20260717\cwe119_vulnerable\runs\baseline\02_vulnerable_4064,,,no nested pointer dereference source found,
02_vulnerable_4064,C:\Users\weijt\Desktop\UNSW\COMP9900\project\capstone-project-26t2-9900-t17a-almond\input_sources\cwe119\vulnerable\02_vulnerable_4064.c,sink_bound_guard,1,1,generated,ran,False,1,1,1.0,1.0,0.0,21849,21861,12,48786,48807,21,C:\Users\weijt\Desktop\UNSW\COMP9900\project\capstone-project-26t2-9900-t17a-almond\outputs\generated\full_budget_search_20260717\cwe119_vulnerable\runs\baseline\02_vulnerable_4064,C:\Users\weijt\Desktop\UNSW\COMP9900\project\capstone-project-26t2-9900-t17a-almond\outputs\generated\full_budget_search_20260717\cwe119_vulnerable\runs\perturbed\02_vulnerable_4064__sink_bound_guard__c1,C:\Users\weijt\Desktop\UNSW\COMP9900\project\capstone-project-26t2-9900-t17a-almond\outputs\generated\full_budget_search_20260717\cwe119_vulnerable\sources\02_vulnerable_4064__sink_bound_guard__c1.c,inserted 1 early-return bound guard(s) before sensitive sink calls,
02_vulnerable_4064,C:\Users\weijt\Desktop\UNSW\COMP9900\project\capstone-project-26t2-9900-t17a-almond\input_sources\cwe119\vulnerable\02_vulnerable_4064.c,sink_bound_guard,2,2,generated,ran,False,1,1,1.0,1.0,0.0,21849,21873,24,48786,48828,42,C:\Users\weijt\Desktop\UNSW\COMP9900\project\capstone-project-26t2-9900-t17a-almond\outputs\generated\full_budget_search_20260717\cwe119_vulnerable\runs\baseline\02_vulnerable_4064,C:\Users\weijt\Desktop\UNSW\COMP9900\project\capstone-project-26t2-9900-t17a-almond\outputs\generated\full_budget_search_20260717\cwe119_vulnerable\runs\perturbed\02_vulnerable_4064__sink_bound_guard__c2,C:\Users\weijt\Desktop\UNSW\COMP9900\project\capstone-project-26t2-9900-t17a-almond\outputs\generated\full_budget_search_20260717\cwe119_vulnerable\sources\02_vulnerable_4064__sink_bound_guard__c2.c,inserted 2 early-return bound guard(s) before sensitive sink calls,
02_vulnerable_4064,C:\Users\weijt\Desktop\UNSW\COMP9900\project\capstone-project-26t2-9900-t17a-almond\input_sources\cwe119\vulnerable\02_vulnerable_4064.c,sink_bound_guard,3,3,generated,ran,False,1,1,1.0,1.0,0.0,21849,21887,38,48786,48857,71,C:\Users\weijt\Desktop\UNSW\COMP9900\project\capstone-project-26t2-9900-t17a-almond\outputs\generated\full_budget_search_20260717\cwe119_vulnerable\runs\baseline\02_vulnerable_4064,C:\Users\weijt\Desktop\UNSW\COMP9900\project\capstone-project-26t2-9900-t17a-almond\outputs\generated\full_budget_search_20260717\cwe119_vulnerable\runs\perturbed\02_vulnerable_4064__sink_bound_guard__c3,C:\Users\weijt\Desktop\UNSW\COMP9900\project\capstone-project-26t2-9900-t17a-almond\outputs\generated\full_budget_search_20260717\cwe119_vulnerable\sources\02_vulnerable_4064__sink_bound_guard__c3.c,inserted 3 early-return bound guard(s) before sensitive sink calls,
02_vulnerable_4064,C:\Users\weijt\Desktop\UNSW\COMP9900\project\capstone-project-26t2-9900-t17a-almond\input_sources\cwe119\vulnerable\02_vulnerable_4064.c,sink_bound_guard,5,5,generated,ran,False,1,1,1.0,1.0,0.0,21849,21911,62,48786,48898,112,C:\Users\weijt\Desktop\UNSW\COMP9900\project\capstone-project-26t2-9900-t17a-almond\outputs\generated\full_budget_search_20260717\cwe119_vulnerable\runs\baseline\02_vulnerable_4064,C:\Users\weijt\Desktop\UNSW\COMP9900\project\capstone-project-26t2-9900-t17a-almond\outputs\generated\full_budget_search_20260717\cwe119_vulnerable\runs\perturbed\02_vulnerable_4064__sink_bound_guard__c5,C:\Users\weijt\Desktop\UNSW\COMP9900\project\capstone-project-26t2-9900-t17a-almond\outputs\generated\full_budget_search_20260717\cwe119_vulnerable\sources\02_vulnerable_4064__sink_bound_guard__c5.c,inserted 5 early-return bound guard(s) before sensitive sink calls,
02_vulnerable_4064,C:\Users\weijt\Desktop\UNSW\COMP9900\project\capstone-project-26t2-9900-t17a-almond\input_sources\cwe119\vulnerable\02_vulnerable_4064.c,postcondition_validation,1,0,skipped,ran,,,,,,,,,,,,,C:\Users\weijt\Desktop\UNSW\COMP9900\project\capstone-project-26t2-9900-t17a-almond\outputs\generated\full_budget_search_20260717\cwe119_vulnerable\runs\baseline\02_vulnerable_4064,,,no matching *_count/*_read pair found for postcondition validation,
02_vulnerable_4064,C:\Users\weijt\Desktop\UNSW\COMP9900\project\capstone-project-26t2-9900-t17a-almond\input_sources\cwe119\vulnerable\02_vulnerable_4064.c,integer_overflow_guard,1,0,skipped,ran,,,,,,,,,,,,,C:\Users\weijt\Desktop\UNSW\COMP9900\project\capstone-project-26t2-9900-t17a-almond\outputs\generated\full_budget_search_20260717\cwe119_vulnerable\runs\baseline\02_vulnerable_4064,,,no allocation size addition or multiplication expression found,
02_vulnerable_4064,C:\Users\weijt\Desktop\UNSW\COMP9900\project\capstone-project-26t2-9900-t17a-almond\input_sources\cwe119\vulnerable\02_vulnerable_4064.c,array_index_bound_guard,1,1,generated,ran,False,1,1,1.0,1.0,0.0,21849,21883,34,48786,48831,45,C:\Users\weijt\Desktop\UNSW\COMP9900\project\capstone-project-26t2-9900-t17a-almond\outputs\generated\full_budget_search_20260717\cwe119_vulnerable\runs\baseline\02_vulnerable_4064,C:\Users\weijt\Desktop\UNSW\COMP9900\project\capstone-project-26t2-9900-t17a-almond\outputs\generated\full_budget_search_20260717\cwe119_vulnerable\runs\perturbed\02_vulnerable_4064__array_index_bound_guard__c1,C:\Users\weijt\Desktop\UNSW\COMP9900\project\capstone-project-26t2-9900-t17a-almond\outputs\generated\full_budget_search_20260717\cwe119_vulnerable\sources\02_vulnerable_4064__array_index_bound_guard__c1.c,wrapped 1 array write(s) with index lower/upper bound guards,
02_vulnerable_4064,C:\Users\weijt\Desktop\UNSW\COMP9900\project\capstone-project-26t2-9900-t17a-almond\input_sources\cwe119\vulnerable\02_vulnerable_4064.c,array_index_bound_guard,2,2,generated,ran,False,1,1,1.0,1.0,0.0,21849,21917,68,48786,48876,90,C:\Users\weijt\Desktop\UNSW\COMP9900\project\capstone-project-26t2-9900-t17a-almond\outputs\generated\full_budget_search_20260717\cwe119_vulnerable\runs\baseline\02_vulnerable_4064,C:\Users\weijt\Desktop\UNSW\COMP9900\project\capstone-project-26t2-9900-t17a-almond\outputs\generated\full_budget_search_20260717\cwe119_vulnerable\runs\perturbed\02_vulnerable_4064__array_index_bound_guard__c2,C:\Users\weijt\Desktop\UNSW\COMP9900\project\capstone-project-26t2-9900-t17a-almond\outputs\generated\full_budget_search_20260717\cwe119_vulnerable\sources\02_vulnerable_4064__array_index_bound_guard__c2.c,wrapped 2 array write(s) with index lower/upper bound guards,
02_vulnerable_4064,C:\Users\weijt\Desktop\UNSW\COMP9900\project\capstone-project-26t2-9900-t17a-almond\input_sources\cwe119\vulnerable\02_vulnerable_4064.c,array_index_bound_guard,3,3,generated,ran,False,1,1,1.0,1.0,0.0,21849,21939,90,48786,48910,124,C:\Users\weijt\Desktop\UNSW\COMP9900\project\capstone-project-26t2-9900-t17a-almond\outputs\generated\full_budget_search_20260717\cwe119_vulnerable\runs\baseline\02_vulnerable_4064,C:\Users\weijt\Desktop\UNSW\COMP9900\project\capstone-project-26t2-9900-t17a-almond\outputs\generated\full_budget_search_20260717\cwe119_vulnerable\runs\perturbed\02_vulnerable_4064__array_index_bound_guard__c3,C:\Users\weijt\Desktop\UNSW\COMP9900\project\capstone-project-26t2-9900-t17a-almond\outputs\generated\full_budget_search_20260717\cwe119_vulnerable\sources\02_vulnerable_4064__array_index_bound_guard__c3.c,wrapped 3 array write(s) with index lower/upper bound guards,
02_vulnerable_4064,C:\Users\weijt\Desktop\UNSW\COMP9900\project\capstone-project-26t2-9900-t17a-almond\input_sources\cwe119\vulnerable\02_vulnerable_4064.c,array_index_bound_guard,5,5,generated,ran,False,1,1,1.0,1.0,0.0,21849,21987,138,48786,48992,206,C:\Users\weijt\Desktop\UNSW\COMP9900\project\capstone-project-26t2-9900-t17a-almond\outputs\generated\full_budget_search_20260717\cwe119_vulnerable\runs\baseline\02_vulnerable_4064,C:\Users\weijt\Desktop\UNSW\COMP9900\project\capstone-project-26t2-9900-t17a-almond\outputs\generated\full_budget_search_20260717\cwe119_vulnerable\runs\perturbed\02_vulnerable_4064__array_index_bound_guard__c5,C:\Users\weijt\Desktop\UNSW\COMP9900\project\capstone-project-26t2-9900-t17a-almond\outputs\generated\full_budget_search_20260717\cwe119_vulnerable\sources\02_vulnerable_4064__array_index_bound_guard__c5.c,wrapped 5 array write(s) with index lower/upper bound guards,
02_vulnerable_4064,C:\Users\weijt\Desktop\UNSW\COMP9900\project\capstone-project-26t2-9900-t17a-almond\input_sources\cwe119\vulnerable\02_vulnerable_4064.c,wide_char_sink_guard,1,0,skipped,ran,,,,,,,,,,,,,C:\Users\weijt\Desktop\UNSW\COMP9900\project\capstone-project-26t2-9900-t17a-almond\outputs\generated\full_budget_search_20260717\cwe119_vulnerable\runs\baseline\02_vulnerable_4064,,,no wcscat/wcscpy wide-character sink found,
02_vulnerable_4064,C:\Users\weijt\Desktop\UNSW\COMP9900\project\capstone-project-26t2-9900-t17a-almond\input_sources\cwe119\vulnerable\02_vulnerable_4064.c,pattern_dead_code,1,1,generated,ran,False,1,1,1.0,1.0,0.0,21849,21904,55,48786,48887,101,C:\Users\weijt\Desktop\UNSW\COMP9900\project\capstone-project-26t2-9900-t17a-almond\outputs\generated\full_budget_search_20260717\cwe119_vulnerable\runs\baseline\02_vulnerable_4064,C:\Users\weijt\Desktop\UNSW\COMP9900\project\capstone-project-26t2-9900-t17a-almond\outputs\generated\full_budget_search_20260717\cwe119_vulnerable\runs\perturbed\02_vulnerable_4064__pattern_dead_code__c1,C:\Users\weijt\Desktop\UNSW\COMP9900\project\capstone-project-26t2-9900-t17a-almond\outputs\generated\full_budget_search_20260717\cwe119_vulnerable\sources\02_vulnerable_4064__pattern_dead_code__c1.c,inserted 1 unreachable pointer/array/length pattern block(s) near sensitive or structural lines,
02_vulnerable_4064,C:\Users\weijt\Desktop\UNSW\COMP9900\project\capstone-project-26t2-9900-t17a-almond\input_sources\cwe119\vulnerable\02_vulnerable_4064.c,pattern_dead_code,2,2,generated,ran,False,1,1,1.0,1.0,0.0,21849,21959,110,48786,48988,202,C:\Users\weijt\Desktop\UNSW\COMP9900\project\capstone-project-26t2-9900-t17a-almond\outputs\generated\full_budget_search_20260717\cwe119_vulnerable\runs\baseline\02_vulnerable_4064,C:\Users\weijt\Desktop\UNSW\COMP9900\project\capstone-project-26t2-9900-t17a-almond\outputs\generated\full_budget_search_20260717\cwe119_vulnerable\runs\perturbed\02_vulnerable_4064__pattern_dead_code__c2,C:\Users\weijt\Desktop\UNSW\COMP9900\project\capstone-project-26t2-9900-t17a-almond\outputs\generated\full_budget_search_20260717\cwe119_vulnerable\sources\02_vulnerable_4064__pattern_dead_code__c2.c,inserted 2 unreachable pointer/array/length pattern block(s) near sensitive or structural lines,
02_vulnerable_4064,C:\Users\weijt\Desktop\UNSW\COMP9900\project\capstone-project-26t2-9900-t17a-almond\input_sources\cwe119\vulnerable\02_vulnerable_4064.c,pattern_dead_code,3,3,generated,ran,False,1,1,1.0,1.0,0.0,21849,22014,165,48786,49089,303,C:\Users\weijt\Desktop\UNSW\COMP9900\project\capstone-project-26t2-9900-t17a-almond\outputs\generated\full_budget_search_20260717\cwe119_vulnerable\runs\baseline\02_vulnerable_4064,C:\Users\weijt\Desktop\UNSW\COMP9900\project\capstone-project-26t2-9900-t17a-almond\outputs\generated\full_budget_search_20260717\cwe119_vulnerable\runs\perturbed\02_vulnerable_4064__pattern_dead_code__c3,C:\Users\weijt\Desktop\UNSW\COMP9900\project\capstone-project-26t2-9900-t17a-almond\outputs\generated\full_budget_search_20260717\cwe119_vulnerable\sources\02_vulnerable_4064__pattern_dead_code__c3.c,inserted 3 unreachable pointer/array/length pattern block(s) near sensitive or structural lines,
02_vulnerable_4064,C:\Users\weijt\Desktop\UNSW\COMP9900\project\capstone-project-26t2-9900-t17a-almond\input_sources\cwe119\vulnerable\02_vulnerable_4064.c,pattern_dead_code,5,5,generated,ran,False,1,1,1.0,1.0,0.0,21849,22124,275,48786,49291,505,C:\Users\weijt\Desktop\UNSW\COMP9900\project\capstone-project-26t2-9900-t17a-almond\outputs\generated\full_budget_search_20260717\cwe119_vulnerable\runs\baseline\02_vulnerable_4064,C:\Users\weijt\Desktop\UNSW\COMP9900\project\capstone-project-26t2-9900-t17a-almond\outputs\generated\full_budget_search_20260717\cwe119_vulnerable\runs\perturbed\02_vulnerable_4064__pattern_dead_code__c5,C:\Users\weijt\Desktop\UNSW\COMP9900\project\capstone-project-26t2-9900-t17a-almond\outputs\generated\full_budget_search_20260717\cwe119_vulnerable\sources\02_vulnerable_4064__pattern_dead_code__c5.c,inserted 5 unreachable pointer/array/length pattern block(s) near sensitive or structural lines,
02_vulnerable_4064,C:\Users\weijt\Desktop\UNSW\COMP9900\project\capstone-project-26t2-9900-t17a-almond\input_sources\cwe119\vulnerable\02_vulnerable_4064.c,control_wrapper,1,1,generated,ran,False,1,1,1.0,1.0,0.0,21849,21853,4,48786,48798,12,C:\Users\weijt\Desktop\UNSW\COMP9900\project\capstone-project-26t2-9900-t17a-almond\outputs\generated\full_budget_search_20260717\cwe119_vulnerable\runs\baseline\02_vulnerable_4064,C:\Users\weijt\Desktop\UNSW\COMP9900\project\capstone-project-26t2-9900-t17a-almond\outputs\generated\full_budget_search_20260717\cwe119_vulnerable\runs\perturbed\02_vulnerable_4064__control_wrapper__c1,C:\Users\weijt\Desktop\UNSW\COMP9900\project\capstone-project-26t2-9900-t17a-almond\outputs\generated\full_budget_search_20260717\cwe119_vulnerable\sources\02_vulnerable_4064__control_wrapper__c1.c,wrapped 1 safe single-line statement(s) with if (1) blocks,
02_vulnerable_4064,C:\Users\weijt\Desktop\UNSW\COMP9900\project\capstone-project-26t2-9900-t17a-almond\input_sources\cwe119\vulnerable\02_vulnerable_4064.c,control_wrapper,2,2,generated,ran,False,1,1,1.0,1.0,0.0,21849,21857,8,48786,48808,22,C:\Users\weijt\Desktop\UNSW\COMP9900\project\capstone-project-26t2-9900-t17a-almond\outputs\generated\full_budget_search_20260717\cwe119_vulnerable\runs\baseline\02_vulnerable_4064,C:\Users\weijt\Desktop\UNSW\COMP9900\project\capstone-project-26t2-9900-t17a-almond\outputs\generated\full_budget_search_20260717\cwe119_vulnerable\runs\perturbed\02_vulnerable_4064__control_wrapper__c2,C:\Users\weijt\Desktop\UNSW\COMP9900\project\capstone-project-26t2-9900-t17a-almond\outputs\generated\full_budget_search_20260717\cwe119_vulnerable\sources\02_vulnerable_4064__control_wrapper__c2.c,wrapped 2 safe single-line statement(s) with if (1) blocks,
02_vulnerable_4064,C:\Users\weijt\Desktop\UNSW\COMP9900\project\capstone-project-26t2-9900-t17a-almond\input_sources\cwe119\vulnerable\02_vulnerable_4064.c,control_wrapper,3,3,generated,ran,False,1,1,1.0,1.0,0.0,21849,21861,12,48786,48824,38,C:\Users\weijt\Desktop\UNSW\COMP9900\project\capstone-project-26t2-9900-t17a-almond\outputs\generated\full_budget_search_20260717\cwe119_vulnerable\runs\baseline\02_vulnerable_4064,C:\Users\weijt\Desktop\UNSW\COMP9900\project\capstone-project-26t2-9900-t17a-almond\outputs\generated\full_budget_search_20260717\cwe119_vulnerable\runs\perturbed\02_vulnerable_4064__control_wrapper__c3,C:\Users\weijt\Desktop\UNSW\COMP9900\project\capstone-project-26t2-9900-t17a-almond\outputs\generated\full_budget_search_20260717\cwe119_vulnerable\sources\02_vulnerable_4064__control_wrapper__c3.c,wrapped 3 safe single-line statement(s) with if (1) blocks,
02_vulnerable_4064,C:\Users\weijt\Desktop\UNSW\COMP9900\project\capstone-project-26t2-9900-t17a-almond\input_sources\cwe119\vulnerable\02_vulnerable_4064.c,control_wrapper,5,5,generated,ran,False,1,1,1.0,1.0,0.0,21849,21869,20,48786,48843,57,C:\Users\weijt\Desktop\UNSW\COMP9900\project\capstone-project-26t2-9900-t17a-almond\outputs\generated\full_budget_search_20260717\cwe119_vulnerable\runs\baseline\02_vulnerable_4064,C:\Users\weijt\Desktop\UNSW\COMP9900\project\capstone-project-26t2-9900-t17a-almond\outputs\generated\full_budget_search_20260717\cwe119_vulnerable\runs\perturbed\02_vulnerable_4064__control_wrapper__c5,C:\Users\weijt\Desktop\UNSW\COMP9900\project\capstone-project-26t2-9900-t17a-almond\outputs\generated\full_budget_search_20260717\cwe119_vulnerable\sources\02_vulnerable_4064__control_wrapper__c5.c,wrapped 5 safe single-line statement(s) with if (1) blocks,
02_vulnerable_4064,C:\Users\weijt\Desktop\UNSW\COMP9900\project\capstone-project-26t2-9900-t17a-almond\input_sources\cwe119\vulnerable\02_vulnerable_4064.c,temp_variable_split,1,1,generated,ran,False,1,1,1.0,1.0,0.0,21849,21857,8,48786,48803,17,C:\Users\weijt\Desktop\UNSW\COMP9900\project\capstone-project-26t2-9900-t17a-almond\outputs\generated\full_budget_search_20260717\cwe119_vulnerable\runs\baseline\02_vulnerable_4064,C:\Users\weijt\Desktop\UNSW\COMP9900\project\capstone-project-26t2-9900-t17a-almond\outputs\generated\full_budget_search_20260717\cwe119_vulnerable\runs\perturbed\02_vulnerable_4064__temp_variable_split__c1,C:\Users\weijt\Desktop\UNSW\COMP9900\project\capstone-project-26t2-9900-t17a-almond\outputs\generated\full_budget_search_20260717\cwe119_vulnerable\sources\02_vulnerable_4064__temp_variable_split__c1.c,split 1 simple assignment(s) through temporary integer variables,
02_vulnerable_4064,C:\Users\weijt\Desktop\UNSW\COMP9900\project\capstone-project-26t2-9900-t17a-almond\input_sources\cwe119\vulnerable\02_vulnerable_4064.c,temp_variable_split,2,2,generated,ran,False,1,1,1.0,1.0,0.0,21849,21865,16,48786,48821,35,C:\Users\weijt\Desktop\UNSW\COMP9900\project\capstone-project-26t2-9900-t17a-almond\outputs\generated\full_budget_search_20260717\cwe119_vulnerable\runs\baseline\02_vulnerable_4064,C:\Users\weijt\Desktop\UNSW\COMP9900\project\capstone-project-26t2-9900-t17a-almond\outputs\generated\full_budget_search_20260717\cwe119_vulnerable\runs\perturbed\02_vulnerable_4064__temp_variable_split__c2,C:\Users\weijt\Desktop\UNSW\COMP9900\project\capstone-project-26t2-9900-t17a-almond\outputs\generated\full_budget_search_20260717\cwe119_vulnerable\sources\02_vulnerable_4064__temp_variable_split__c2.c,split 2 simple assignment(s) through temporary integer variables,
02_vulnerable_4064,C:\Users\weijt\Desktop\UNSW\COMP9900\project\capstone-project-26t2-9900-t17a-almond\input_sources\cwe119\vulnerable\02_vulnerable_4064.c,temp_variable_split,3,3,generated,ran,False,1,1,1.0,1.0,0.0,21849,21873,24,48786,48838,52,C:\Users\weijt\Desktop\UNSW\COMP9900\project\capstone-project-26t2-9900-t17a-almond\outputs\generated\full_budget_search_20260717\cwe119_vulnerable\runs\baseline\02_vulnerable_4064,C:\Users\weijt\Desktop\UNSW\COMP9900\project\capstone-project-26t2-9900-t17a-almond\outputs\generated\full_budget_search_20260717\cwe119_vulnerable\runs\perturbed\02_vulnerable_4064__temp_variable_split__c3,C:\Users\weijt\Desktop\UNSW\COMP9900\project\capstone-project-26t2-9900-t17a-almond\outputs\generated\full_budget_search_20260717\cwe119_vulnerable\sources\02_vulnerable_4064__temp_variable_split__c3.c,split 3 simple assignment(s) through temporary integer variables,
02_vulnerable_4064,C:\Users\weijt\Desktop\UNSW\COMP9900\project\capstone-project-26t2-9900-t17a-almond\input_sources\cwe119\vulnerable\02_vulnerable_4064.c,temp_variable_split,5,5,generated,ran,False,1,1,1.0,1.0,0.0,21849,21889,40,48786,48874,88,C:\Users\weijt\Desktop\UNSW\COMP9900\project\capstone-project-26t2-9900-t17a-almond\outputs\generated\full_budget_search_20260717\cwe119_vulnerable\runs\baseline\02_vulnerable_4064,C:\Users\weijt\Desktop\UNSW\COMP9900\project\capstone-project-26t2-9900-t17a-almond\outputs\generated\full_budget_search_20260717\cwe119_vulnerable\runs\perturbed\02_vulnerable_4064__temp_variable_split__c5,C:\Users\weijt\Desktop\UNSW\COMP9900\project\capstone-project-26t2-9900-t17a-almond\outputs\generated\full_budget_search_20260717\cwe119_vulnerable\sources\02_vulnerable_4064__temp_variable_split__c5.c,split 5 simple assignment(s) through temporary integer variables,
03_vulnerable_30,C:\Users\weijt\Desktop\UNSW\COMP9900\project\capstone-project-26t2-9900-t17a-almond\input_sources\cwe119\vulnerable\03_vulnerable_30.c,data_flow_alias,1,1,generated,ran,False,1,1,1.0,1.0,0.0,579,597,18,1099,1156,57,C:\Users\weijt\Desktop\UNSW\COMP9900\project\capstone-project-26t2-9900-t17a-almond\outputs\generated\full_budget_search_20260717\cwe119_vulnerable\runs\baseline\03_vulnerable_30,C:\Users\weijt\Desktop\UNSW\COMP9900\project\capstone-project-26t2-9900-t17a-almond\outputs\generated\full_budget_search_20260717\cwe119_vulnerable\runs\perturbed\03_vulnerable_30__data_flow_alias__c1,C:\Users\weijt\Desktop\UNSW\COMP9900\project\capstone-project-26t2-9900-t17a-almond\outputs\generated\full_budget_search_20260717\cwe119_vulnerable\sources\03_vulnerable_30__data_flow_alias__c1.c,inserted 1 alias-preserving data-flow no-op(s) near call arguments,
03_vulnerable_30,C:\Users\weijt\Desktop\UNSW\COMP9900\project\capstone-project-26t2-9900-t17a-almond\input_sources\cwe119\vulnerable\03_vulnerable_30.c,data_flow_alias,2,2,generated,ran,False,1,1,1.0,1.0,0.0,579,613,34,1099,1187,88,C:\Users\weijt\Desktop\UNSW\COMP9900\project\capstone-project-26t2-9900-t17a-almond\outputs\generated\full_budget_search_20260717\cwe119_vulnerable\runs\baseline\03_vulnerable_30,C:\Users\weijt\Desktop\UNSW\COMP9900\project\capstone-project-26t2-9900-t17a-almond\outputs\generated\full_budget_search_20260717\cwe119_vulnerable\runs\perturbed\03_vulnerable_30__data_flow_alias__c2,C:\Users\weijt\Desktop\UNSW\COMP9900\project\capstone-project-26t2-9900-t17a-almond\outputs\generated\full_budget_search_20260717\cwe119_vulnerable\sources\03_vulnerable_30__data_flow_alias__c2.c,inserted 2 alias-preserving data-flow no-op(s) near call arguments,
03_vulnerable_30,C:\Users\weijt\Desktop\UNSW\COMP9900\project\capstone-project-26t2-9900-t17a-almond\input_sources\cwe119\vulnerable\03_vulnerable_30.c,data_flow_alias,3,3,generated,ran,False,1,1,1.0,1.0,0.0,579,633,54,1099,1225,126,C:\Users\weijt\Desktop\UNSW\COMP9900\project\capstone-project-26t2-9900-t17a-almond\outputs\generated\full_budget_search_20260717\cwe119_vulnerable\runs\baseline\03_vulnerable_30,C:\Users\weijt\Desktop\UNSW\COMP9900\project\capstone-project-26t2-9900-t17a-almond\outputs\generated\full_budget_search_20260717\cwe119_vulnerable\runs\perturbed\03_vulnerable_30__data_flow_alias__c3,C:\Users\weijt\Desktop\UNSW\COMP9900\project\capstone-project-26t2-9900-t17a-almond\outputs\generated\full_budget_search_20260717\cwe119_vulnerable\sources\03_vulnerable_30__data_flow_alias__c3.c,inserted 3 alias-preserving data-flow no-op(s) near call arguments,
03_vulnerable_30,C:\Users\weijt\Desktop\UNSW\COMP9900\project\capstone-project-26t2-9900-t17a-almond\input_sources\cwe119\vulnerable\03_vulnerable_30.c,data_flow_alias,5,5,generated,ran,False,1,1,1.0,1.0,0.0,579,673,94,1099,1302,203,C:\Users\weijt\Desktop\UNSW\COMP9900\project\capstone-project-26t2-9900-t17a-almond\outputs\generated\full_budget_search_20260717\cwe119_vulnerable\runs\baseline\03_vulnerable_30,C:\Users\weijt\Desktop\UNSW\COMP9900\project\capstone-project-26t2-9900-t17a-almond\outputs\generated\full_budget_search_20260717\cwe119_vulnerable\runs\perturbed\03_vulnerable_30__data_flow_alias__c5,C:\Users\weijt\Desktop\UNSW\COMP9900\project\capstone-project-26t2-9900-t17a-almond\outputs\generated\full_budget_search_20260717\cwe119_vulnerable\sources\03_vulnerable_30__data_flow_alias__c5.c,inserted 5 alias-preserving data-flow no-op(s) near call arguments,
03_vulnerable_30,C:\Users\weijt\Desktop\UNSW\COMP9900\project\capstone-project-26t2-9900-t17a-almond\input_sources\cwe119\vulnerable\03_vulnerable_30.c,dead_statement,1,1,generated,ran,False,1,1,1.0,1.0,0.0,579,591,12,1099,1126,27,C:\Users\weijt\Desktop\UNSW\COMP9900\project\capstone-project-26t2-9900-t17a-almond\outputs\generated\full_budget_search_20260717\cwe119_vulnerable\runs\baseline\03_vulnerable_30,C:\Users\weijt\Desktop\UNSW\COMP9900\project\capstone-project-26t2-9900-t17a-almond\outputs\generated\full_budget_search_20260717\cwe119_vulnerable\runs\perturbed\03_vulnerable_30__dead_statement__c1,C:\Users\weijt\Desktop\UNSW\COMP9900\project\capstone-project-26t2-9900-t17a-almond\outputs\generated\full_budget_search_20260717\cwe119_vulnerable\sources\03_vulnerable_30__dead_statement__c1.c,inserted 1 harmless dummy integer statement pair(s) after first function brace,
03_vulnerable_30,C:\Users\weijt\Desktop\UNSW\COMP9900\project\capstone-project-26t2-9900-t17a-almond\input_sources\cwe119\vulnerable\03_vulnerable_30.c,dead_statement,2,2,generated,ran,False,1,1,1.0,1.0,0.0,579,603,24,1099,1153,54,C:\Users\weijt\Desktop\UNSW\COMP9900\project\capstone-project-26t2-9900-t17a-almond\outputs\generated\full_budget_search_20260717\cwe119_vulnerable\runs\baseline\03_vulnerable_30,C:\Users\weijt\Desktop\UNSW\COMP9900\project\capstone-project-26t2-9900-t17a-almond\outputs\generated\full_budget_search_20260717\cwe119_vulnerable\runs\perturbed\03_vulnerable_30__dead_statement__c2,C:\Users\weijt\Desktop\UNSW\COMP9900\project\capstone-project-26t2-9900-t17a-almond\outputs\generated\full_budget_search_20260717\cwe119_vulnerable\sources\03_vulnerable_30__dead_statement__c2.c,inserted 2 harmless dummy integer statement pair(s) after first function brace,
03_vulnerable_30,C:\Users\weijt\Desktop\UNSW\COMP9900\project\capstone-project-26t2-9900-t17a-almond\input_sources\cwe119\vulnerable\03_vulnerable_30.c,dead_statement,3,3,generated,ran,False,1,1,1.0,1.0,0.0,579,615,36,1099,1180,81,C:\Users\weijt\Desktop\UNSW\COMP9900\project\capstone-project-26t2-9900-t17a-almond\outputs\generated\full_budget_search_20260717\cwe119_vulnerable\runs\baseline\03_vulnerable_30,C:\Users\weijt\Desktop\UNSW\COMP9900\project\capstone-project-26t2-9900-t17a-almond\outputs\generated\full_budget_search_20260717\cwe119_vulnerable\runs\perturbed\03_vulnerable_30__dead_statement__c3,C:\Users\weijt\Desktop\UNSW\COMP9900\project\capstone-project-26t2-9900-t17a-almond\outputs\generated\full_budget_search_20260717\cwe119_vulnerable\sources\03_vulnerable_30__dead_statement__c3.c,inserted 3 harmless dummy integer statement pair(s) after first function brace,
03_vulnerable_30,C:\Users\weijt\Desktop\UNSW\COMP9900\project\capstone-project-26t2-9900-t17a-almond\input_sources\cwe119\vulnerable\03_vulnerable_30.c,dead_statement,5,5,generated,ran,False,1,1,1.0,1.0,0.0,579,639,60,1099,1234,135,C:\Users\weijt\Desktop\UNSW\COMP9900\project\capstone-project-26t2-9900-t17a-almond\outputs\generated\full_budget_search_20260717\cwe119_vulnerable\runs\baseline\03_vulnerable_30,C:\Users\weijt\Desktop\UNSW\COMP9900\project\capstone-project-26t2-9900-t17a-almond\outputs\generated\full_budget_search_20260717\cwe119_vulnerable\runs\perturbed\03_vulnerable_30__dead_statement__c5,C:\Users\weijt\Desktop\UNSW\COMP9900\project\capstone-project-26t2-9900-t17a-almond\outputs\generated\full_budget_search_20260717\cwe119_vulnerable\sources\03_vulnerable_30__dead_statement__c5.c,inserted 5 harmless dummy integer statement pair(s) after first function brace,
03_vulnerable_30,C:\Users\weijt\Desktop\UNSW\COMP9900\project\capstone-project-26t2-9900-t17a-almond\input_sources\cwe119\vulnerable\03_vulnerable_30.c,xfg_targeted_dead_code,1,1,generated,ran,False,1,1,1.0,1.0,0.0,579,595,16,1099,1135,36,C:\Users\weijt\Desktop\UNSW\COMP9900\project\capstone-project-26t2-9900-t17a-almond\outputs\generated\full_budget_search_20260717\cwe119_vulnerable\runs\baseline\03_vulnerable_30,C:\Users\weijt\Desktop\UNSW\COMP9900\project\capstone-project-26t2-9900-t17a-almond\outputs\generated\full_budget_search_20260717\cwe119_vulnerable\runs\perturbed\03_vulnerable_30__xfg_targeted_dead_code__c1,C:\Users\weijt\Desktop\UNSW\COMP9900\project\capstone-project-26t2-9900-t17a-almond\outputs\generated\full_budget_search_20260717\cwe119_vulnerable\sources\03_vulnerable_30__xfg_targeted_dead_code__c1.c,inserted 1 unreachable no-op block(s) near XFG-relevant target lines,
03_vulnerable_30,C:\Users\weijt\Desktop\UNSW\COMP9900\project\capstone-project-26t2-9900-t17a-almond\input_sources\cwe119\vulnerable\03_vulnerable_30.c,xfg_targeted_dead_code,2,2,generated,ran,False,1,1,1.0,1.0,0.0,579,611,32,1099,1171,72,C:\Users\weijt\Desktop\UNSW\COMP9900\project\capstone-project-26t2-9900-t17a-almond\outputs\generated\full_budget_search_20260717\cwe119_vulnerable\runs\baseline\03_vulnerable_30,C:\Users\weijt\Desktop\UNSW\COMP9900\project\capstone-project-26t2-9900-t17a-almond\outputs\generated\full_budget_search_20260717\cwe119_vulnerable\runs\perturbed\03_vulnerable_30__xfg_targeted_dead_code__c2,C:\Users\weijt\Desktop\UNSW\COMP9900\project\capstone-project-26t2-9900-t17a-almond\outputs\generated\full_budget_search_20260717\cwe119_vulnerable\sources\03_vulnerable_30__xfg_targeted_dead_code__c2.c,inserted 2 unreachable no-op block(s) near XFG-relevant target lines,
03_vulnerable_30,C:\Users\weijt\Desktop\UNSW\COMP9900\project\capstone-project-26t2-9900-t17a-almond\input_sources\cwe119\vulnerable\03_vulnerable_30.c,xfg_targeted_dead_code,3,3,generated,ran,False,1,1,1.0,1.0,0.0,579,627,48,1099,1207,108,C:\Users\weijt\Desktop\UNSW\COMP9900\project\capstone-project-26t2-9900-t17a-almond\outputs\generated\full_budget_search_20260717\cwe119_vulnerable\runs\baseline\03_vulnerable_30,C:\Users\weijt\Desktop\UNSW\COMP9900\project\capstone-project-26t2-9900-t17a-almond\outputs\generated\full_budget_search_20260717\cwe119_vulnerable\runs\perturbed\03_vulnerable_30__xfg_targeted_dead_code__c3,C:\Users\weijt\Desktop\UNSW\COMP9900\project\capstone-project-26t2-9900-t17a-almond\outputs\generated\full_budget_search_20260717\cwe119_vulnerable\sources\03_vulnerable_30__xfg_targeted_dead_code__c3.c,inserted 3 unreachable no-op block(s) near XFG-relevant target lines,
03_vulnerable_30,C:\Users\weijt\Desktop\UNSW\COMP9900\project\capstone-project-26t2-9900-t17a-almond\input_sources\cwe119\vulnerable\03_vulnerable_30.c,xfg_targeted_dead_code,5,5,generated,ran,False,1,1,1.0,1.0,0.0,579,659,80,1099,1279,180,C:\Users\weijt\Desktop\UNSW\COMP9900\project\capstone-project-26t2-9900-t17a-almond\outputs\generated\full_budget_search_20260717\cwe119_vulnerable\runs\baseline\03_vulnerable_30,C:\Users\weijt\Desktop\UNSW\COMP9900\project\capstone-project-26t2-9900-t17a-almond\outputs\generated\full_budget_search_20260717\cwe119_vulnerable\runs\perturbed\03_vulnerable_30__xfg_targeted_dead_code__c5,C:\Users\weijt\Desktop\UNSW\COMP9900\project\capstone-project-26t2-9900-t17a-almond\outputs\generated\full_budget_search_20260717\cwe119_vulnerable\sources\03_vulnerable_30__xfg_targeted_dead_code__c5.c,inserted 5 unreachable no-op block(s) near XFG-relevant target lines,
03_vulnerable_30,C:\Users\weijt\Desktop\UNSW\COMP9900\project\capstone-project-26t2-9900-t17a-almond\input_sources\cwe119\vulnerable\03_vulnerable_30.c,range_clamp,1,1,generated,ran,False,1,1,1.0,1.0,0.0,579,609,30,1099,1167,68,C:\Users\weijt\Desktop\UNSW\COMP9900\project\capstone-project-26t2-9900-t17a-almond\outputs\generated\full_budget_search_20260717\cwe119_vulnerable\runs\baseline\03_vulnerable_30,C:\Users\weijt\Desktop\UNSW\COMP9900\project\capstone-project-26t2-9900-t17a-almond\outputs\generated\full_budget_search_20260717\cwe119_vulnerable\runs\perturbed\03_vulnerable_30__range_clamp__c1,C:\Users\weijt\Desktop\UNSW\COMP9900\project\capstone-project-26t2-9900-t17a-almond\outputs\generated\full_budget_search_20260717\cwe119_vulnerable\sources\03_vulnerable_30__range_clamp__c1.c,clamped 1 sensitive sink size/count argument(s) through bounded local variables,
03_vulnerable_30,C:\Users\weijt\Desktop\UNSW\COMP9900\project\capstone-project-26t2-9900-t17a-almond\input_sources\cwe119\vulnerable\03_vulnerable_30.c,range_clamp,2,2,generated,ran,False,1,1,1.0,1.0,0.0,579,639,60,1099,1235,136,C:\Users\weijt\Desktop\UNSW\COMP9900\project\capstone-project-26t2-9900-t17a-almond\outputs\generated\full_budget_search_20260717\cwe119_vulnerable\runs\baseline\03_vulnerable_30,C:\Users\weijt\Desktop\UNSW\COMP9900\project\capstone-project-26t2-9900-t17a-almond\outputs\generated\full_budget_search_20260717\cwe119_vulnerable\runs\perturbed\03_vulnerable_30__range_clamp__c2,C:\Users\weijt\Desktop\UNSW\COMP9900\project\capstone-project-26t2-9900-t17a-almond\outputs\generated\full_budget_search_20260717\cwe119_vulnerable\sources\03_vulnerable_30__range_clamp__c2.c,clamped 2 sensitive sink size/count argument(s) through bounded local variables,
03_vulnerable_30,C:\Users\weijt\Desktop\UNSW\COMP9900\project\capstone-project-26t2-9900-t17a-almond\input_sources\cwe119\vulnerable\03_vulnerable_30.c,range_clamp,3,3,generated,ran,False,1,1,1.0,1.0,0.0,579,669,90,1099,1303,204,C:\Users\weijt\Desktop\UNSW\COMP9900\project\capstone-project-26t2-9900-t17a-almond\outputs\generated\full_budget_search_20260717\cwe119_vulnerable\runs\baseline\03_vulnerable_30,C:\Users\weijt\Desktop\UNSW\COMP9900\project\capstone-project-26t2-9900-t17a-almond\outputs\generated\full_budget_search_20260717\cwe119_vulnerable\runs\perturbed\03_vulnerable_30__range_clamp__c3,C:\Users\weijt\Desktop\UNSW\COMP9900\project\capstone-project-26t2-9900-t17a-almond\outputs\generated\full_budget_search_20260717\cwe119_vulnerable\sources\03_vulnerable_30__range_clamp__c3.c,clamped 3 sensitive sink size/count argument(s) through bounded local variables,
03_vulnerable_30,C:\Users\weijt\Desktop\UNSW\COMP9900\project\capstone-project-26t2-9900-t17a-almond\input_sources\cwe119\vulnerable\03_vulnerable_30.c,range_clamp,5,3,partial,run_partial,False,1,1,1.0,1.0,0.0,579,669,90,1099,1303,204,C:\Users\weijt\Desktop\UNSW\COMP9900\project\capstone-project-26t2-9900-t17a-almond\outputs\generated\full_budget_search_20260717\cwe119_vulnerable\runs\baseline\03_vulnerable_30,C:\Users\weijt\Desktop\UNSW\COMP9900\project\capstone-project-26t2-9900-t17a-almond\outputs\generated\full_budget_search_20260717\cwe119_vulnerable\runs\perturbed\03_vulnerable_30__range_clamp__c5,C:\Users\weijt\Desktop\UNSW\COMP9900\project\capstone-project-26t2-9900-t17a-almond\outputs\generated\full_budget_search_20260717\cwe119_vulnerable\sources\03_vulnerable_30__range_clamp__c5.c,clamped 3 sensitive sink size/count argument(s) through bounded local variables,
03_vulnerable_30,C:\Users\weijt\Desktop\UNSW\COMP9900\project\capstone-project-26t2-9900-t17a-almond\input_sources\cwe119\vulnerable\03_vulnerable_30.c,safe_source_substitution,1,0,skipped,ran,,,,,,,,,,,,,C:\Users\weijt\Desktop\UNSW\COMP9900\project\capstone-project-26t2-9900-t17a-almond\outputs\generated\full_budget_search_20260717\cwe119_vulnerable\runs\baseline\03_vulnerable_30,,,no nested pointer dereference source found,
03_vulnerable_30,C:\Users\weijt\Desktop\UNSW\COMP9900\project\capstone-project-26t2-9900-t17a-almond\input_sources\cwe119\vulnerable\03_vulnerable_30.c,sink_bound_guard,1,1,generated,ran,False,1,1,1.0,1.0,0.0,579,591,12,1099,1128,29,C:\Users\weijt\Desktop\UNSW\COMP9900\project\capstone-project-26t2-9900-t17a-almond\outputs\generated\full_budget_search_20260717\cwe119_vulnerable\runs\baseline\03_vulnerable_30,C:\Users\weijt\Desktop\UNSW\COMP9900\project\capstone-project-26t2-9900-t17a-almond\outputs\generated\full_budget_search_20260717\cwe119_vulnerable\runs\perturbed\03_vulnerable_30__sink_bound_guard__c1,C:\Users\weijt\Desktop\UNSW\COMP9900\project\capstone-project-26t2-9900-t17a-almond\outputs\generated\full_budget_search_20260717\cwe119_vulnerable\sources\03_vulnerable_30__sink_bound_guard__c1.c,inserted 1 early-return bound guard(s) before sensitive sink calls,
03_vulnerable_30,C:\Users\weijt\Desktop\UNSW\COMP9900\project\capstone-project-26t2-9900-t17a-almond\input_sources\cwe119\vulnerable\03_vulnerable_30.c,sink_bound_guard,2,2,generated,ran,False,1,1,1.0,1.0,0.0,579,603,24,1099,1157,58,C:\Users\weijt\Desktop\UNSW\COMP9900\project\capstone-project-26t2-9900-t17a-almond\outputs\generated\full_budget_search_20260717\cwe119_vulnerable\runs\baseline\03_vulnerable_30,C:\Users\weijt\Desktop\UNSW\COMP9900\project\capstone-project-26t2-9900-t17a-almond\outputs\generated\full_budget_search_20260717\cwe119_vulnerable\runs\perturbed\03_vulnerable_30__sink_bound_guard__c2,C:\Users\weijt\Desktop\UNSW\COMP9900\project\capstone-project-26t2-9900-t17a-almond\outputs\generated\full_budget_search_20260717\cwe119_vulnerable\sources\03_vulnerable_30__sink_bound_guard__c2.c,inserted 2 early-return bound guard(s) before sensitive sink calls,
03_vulnerable_30,C:\Users\weijt\Desktop\UNSW\COMP9900\project\capstone-project-26t2-9900-t17a-almond\input_sources\cwe119\vulnerable\03_vulnerable_30.c,sink_bound_guard,3,3,generated,ran,False,1,1,1.0,1.0,0.0,579,615,36,1099,1186,87,C:\Users\weijt\Desktop\UNSW\COMP9900\project\capstone-project-26t2-9900-t17a-almond\outputs\generated\full_budget_search_20260717\cwe119_vulnerable\runs\baseline\03_vulnerable_30,C:\Users\weijt\Desktop\UNSW\COMP9900\project\capstone-project-26t2-9900-t17a-almond\outputs\generated\full_budget_search_20260717\cwe119_vulnerable\runs\perturbed\03_vulnerable_30__sink_bound_guard__c3,C:\Users\weijt\Desktop\UNSW\COMP9900\project\capstone-project-26t2-9900-t17a-almond\outputs\generated\full_budget_search_20260717\cwe119_vulnerable\sources\03_vulnerable_30__sink_bound_guard__c3.c,inserted 3 early-return bound guard(s) before sensitive sink calls,
03_vulnerable_30,C:\Users\weijt\Desktop\UNSW\COMP9900\project\capstone-project-26t2-9900-t17a-almond\input_sources\cwe119\vulnerable\03_vulnerable_30.c,sink_bound_guard,5,3,partial,run_partial,False,1,1,1.0,1.0,0.0,579,615,36,1099,1186,87,C:\Users\weijt\Desktop\UNSW\COMP9900\project\capstone-project-26t2-9900-t17a-almond\outputs\generated\full_budget_search_20260717\cwe119_vulnerable\runs\baseline\03_vulnerable_30,C:\Users\weijt\Desktop\UNSW\COMP9900\project\capstone-project-26t2-9900-t17a-almond\outputs\generated\full_budget_search_20260717\cwe119_vulnerable\runs\perturbed\03_vulnerable_30__sink_bound_guard__c5,C:\Users\weijt\Desktop\UNSW\COMP9900\project\capstone-project-26t2-9900-t17a-almond\outputs\generated\full_budget_search_20260717\cwe119_vulnerable\sources\03_vulnerable_30__sink_bound_guard__c5.c,inserted 3 early-return bound guard(s) before sensitive sink calls,
03_vulnerable_30,C:\Users\weijt\Desktop\UNSW\COMP9900\project\capstone-project-26t2-9900-t17a-almond\input_sources\cwe119\vulnerable\03_vulnerable_30.c,postcondition_validation,1,0,skipped,ran,,,,,,,,,,,,,C:\Users\weijt\Desktop\UNSW\COMP9900\project\capstone-project-26t2-9900-t17a-almond\outputs\generated\full_budget_search_20260717\cwe119_vulnerable\runs\baseline\03_vulnerable_30,,,no matching *_count/*_read pair found for postcondition validation,
03_vulnerable_30,C:\Users\weijt\Desktop\UNSW\COMP9900\project\capstone-project-26t2-9900-t17a-almond\input_sources\cwe119\vulnerable\03_vulnerable_30.c,integer_overflow_guard,1,0,skipped,ran,,,,,,,,,,,,,C:\Users\weijt\Desktop\UNSW\COMP9900\project\capstone-project-26t2-9900-t17a-almond\outputs\generated\full_budget_search_20260717\cwe119_vulnerable\runs\baseline\03_vulnerable_30,,,no allocation size addition or multiplication expression found,
03_vulnerable_30,C:\Users\weijt\Desktop\UNSW\COMP9900\project\capstone-project-26t2-9900-t17a-almond\input_sources\cwe119\vulnerable\03_vulnerable_30.c,array_index_bound_guard,1,1,generated,ran,False,1,1,1.0,1.0,0.0,579,605,26,1099,1134,35,C:\Users\weijt\Desktop\UNSW\COMP9900\project\capstone-project-26t2-9900-t17a-almond\outputs\generated\full_budget_search_20260717\cwe119_vulnerable\runs\baseline\03_vulnerable_30,C:\Users\weijt\Desktop\UNSW\COMP9900\project\capstone-project-26t2-9900-t17a-almond\outputs\generated\full_budget_search_20260717\cwe119_vulnerable\runs\perturbed\03_vulnerable_30__array_index_bound_guard__c1,C:\Users\weijt\Desktop\UNSW\COMP9900\project\capstone-project-26t2-9900-t17a-almond\outputs\generated\full_budget_search_20260717\cwe119_vulnerable\sources\03_vulnerable_30__array_index_bound_guard__c1.c,wrapped 1 array write(s) with index lower/upper bound guards,
03_vulnerable_30,C:\Users\weijt\Desktop\UNSW\COMP9900\project\capstone-project-26t2-9900-t17a-almond\input_sources\cwe119\vulnerable\03_vulnerable_30.c,array_index_bound_guard,2,2,generated,ran,False,1,1,1.0,1.0,0.0,579,627,48,1099,1170,71,C:\Users\weijt\Desktop\UNSW\COMP9900\project\capstone-project-26t2-9900-t17a-almond\outputs\generated\full_budget_search_20260717\cwe119_vulnerable\runs\baseline\03_vulnerable_30,C:\Users\weijt\Desktop\UNSW\COMP9900\project\capstone-project-26t2-9900-t17a-almond\outputs\generated\full_budget_search_20260717\cwe119_vulnerable\runs\perturbed\03_vulnerable_30__array_index_bound_guard__c2,C:\Users\weijt\Desktop\UNSW\COMP9900\project\capstone-project-26t2-9900-t17a-almond\outputs\generated\full_budget_search_20260717\cwe119_vulnerable\sources\03_vulnerable_30__array_index_bound_guard__c2.c,wrapped 2 array write(s) with index lower/upper bound guards,
03_vulnerable_30,C:\Users\weijt\Desktop\UNSW\COMP9900\project\capstone-project-26t2-9900-t17a-almond\input_sources\cwe119\vulnerable\03_vulnerable_30.c,array_index_bound_guard,3,3,generated,ran,False,1,1,1.0,0.9999998807907104,-1.1920928955078125e-07,579,653,74,1099,1207,108,C:\Users\weijt\Desktop\UNSW\COMP9900\project\capstone-project-26t2-9900-t17a-almond\outputs\generated\full_budget_search_20260717\cwe119_vulnerable\runs\baseline\03_vulnerable_30,C:\Users\weijt\Desktop\UNSW\COMP9900\project\capstone-project-26t2-9900-t17a-almond\outputs\generated\full_budget_search_20260717\cwe119_vulnerable\runs\perturbed\03_vulnerable_30__array_index_bound_guard__c3,C:\Users\weijt\Desktop\UNSW\COMP9900\project\capstone-project-26t2-9900-t17a-almond\outputs\generated\full_budget_search_20260717\cwe119_vulnerable\sources\03_vulnerable_30__array_index_bound_guard__c3.c,wrapped 3 array write(s) with index lower/upper bound guards,
03_vulnerable_30,C:\Users\weijt\Desktop\UNSW\COMP9900\project\capstone-project-26t2-9900-t17a-almond\input_sources\cwe119\vulnerable\03_vulnerable_30.c,array_index_bound_guard,5,5,generated,ran,False,1,1,1.0,0.9999998807907104,-1.1920928955078125e-07,579,701,122,1099,1278,179,C:\Users\weijt\Desktop\UNSW\COMP9900\project\capstone-project-26t2-9900-t17a-almond\outputs\generated\full_budget_search_20260717\cwe119_vulnerable\runs\baseline\03_vulnerable_30,C:\Users\weijt\Desktop\UNSW\COMP9900\project\capstone-project-26t2-9900-t17a-almond\outputs\generated\full_budget_search_20260717\cwe119_vulnerable\runs\perturbed\03_vulnerable_30__array_index_bound_guard__c5,C:\Users\weijt\Desktop\UNSW\COMP9900\project\capstone-project-26t2-9900-t17a-almond\outputs\generated\full_budget_search_20260717\cwe119_vulnerable\sources\03_vulnerable_30__array_index_bound_guard__c5.c,wrapped 5 array write(s) with index lower/upper bound guards,
03_vulnerable_30,C:\Users\weijt\Desktop\UNSW\COMP9900\project\capstone-project-26t2-9900-t17a-almond\input_sources\cwe119\vulnerable\03_vulnerable_30.c,wide_char_sink_guard,1,0,skipped,ran,,,,,,,,,,,,,C:\Users\weijt\Desktop\UNSW\COMP9900\project\capstone-project-26t2-9900-t17a-almond\outputs\generated\full_budget_search_20260717\cwe119_vulnerable\runs\baseline\03_vulnerable_30,,,no wcscat/wcscpy wide-character sink found,
03_vulnerable_30,C:\Users\weijt\Desktop\UNSW\COMP9900\project\capstone-project-26t2-9900-t17a-almond\input_sources\cwe119\vulnerable\03_vulnerable_30.c,pattern_dead_code,1,1,generated,ran,False,1,1,1.0,1.0,0.0,579,634,55,1099,1200,101,C:\Users\weijt\Desktop\UNSW\COMP9900\project\capstone-project-26t2-9900-t17a-almond\outputs\generated\full_budget_search_20260717\cwe119_vulnerable\runs\baseline\03_vulnerable_30,C:\Users\weijt\Desktop\UNSW\COMP9900\project\capstone-project-26t2-9900-t17a-almond\outputs\generated\full_budget_search_20260717\cwe119_vulnerable\runs\perturbed\03_vulnerable_30__pattern_dead_code__c1,C:\Users\weijt\Desktop\UNSW\COMP9900\project\capstone-project-26t2-9900-t17a-almond\outputs\generated\full_budget_search_20260717\cwe119_vulnerable\sources\03_vulnerable_30__pattern_dead_code__c1.c,inserted 1 unreachable pointer/array/length pattern block(s) near sensitive or structural lines,
03_vulnerable_30,C:\Users\weijt\Desktop\UNSW\COMP9900\project\capstone-project-26t2-9900-t17a-almond\input_sources\cwe119\vulnerable\03_vulnerable_30.c,pattern_dead_code,2,2,generated,ran,False,1,1,1.0,1.0,0.0,579,689,110,1099,1301,202,C:\Users\weijt\Desktop\UNSW\COMP9900\project\capstone-project-26t2-9900-t17a-almond\outputs\generated\full_budget_search_20260717\cwe119_vulnerable\runs\baseline\03_vulnerable_30,C:\Users\weijt\Desktop\UNSW\COMP9900\project\capstone-project-26t2-9900-t17a-almond\outputs\generated\full_budget_search_20260717\cwe119_vulnerable\runs\perturbed\03_vulnerable_30__pattern_dead_code__c2,C:\Users\weijt\Desktop\UNSW\COMP9900\project\capstone-project-26t2-9900-t17a-almond\outputs\generated\full_budget_search_20260717\cwe119_vulnerable\sources\03_vulnerable_30__pattern_dead_code__c2.c,inserted 2 unreachable pointer/array/length pattern block(s) near sensitive or structural lines,
03_vulnerable_30,C:\Users\weijt\Desktop\UNSW\COMP9900\project\capstone-project-26t2-9900-t17a-almond\input_sources\cwe119\vulnerable\03_vulnerable_30.c,pattern_dead_code,3,3,generated,ran,False,1,1,1.0,1.0,0.0,579,744,165,1099,1402,303,C:\Users\weijt\Desktop\UNSW\COMP9900\project\capstone-project-26t2-9900-t17a-almond\outputs\generated\full_budget_search_20260717\cwe119_vulnerable\runs\baseline\03_vulnerable_30,C:\Users\weijt\Desktop\UNSW\COMP9900\project\capstone-project-26t2-9900-t17a-almond\outputs\generated\full_budget_search_20260717\cwe119_vulnerable\runs\perturbed\03_vulnerable_30__pattern_dead_code__c3,C:\Users\weijt\Desktop\UNSW\COMP9900\project\capstone-project-26t2-9900-t17a-almond\outputs\generated\full_budget_search_20260717\cwe119_vulnerable\sources\03_vulnerable_30__pattern_dead_code__c3.c,inserted 3 unreachable pointer/array/length pattern block(s) near sensitive or structural lines,
03_vulnerable_30,C:\Users\weijt\Desktop\UNSW\COMP9900\project\capstone-project-26t2-9900-t17a-almond\input_sources\cwe119\vulnerable\03_vulnerable_30.c,pattern_dead_code,5,5,generated,ran,False,1,1,1.0,1.0,0.0,579,854,275,1099,1604,505,C:\Users\weijt\Desktop\UNSW\COMP9900\project\capstone-project-26t2-9900-t17a-almond\outputs\generated\full_budget_search_20260717\cwe119_vulnerable\runs\baseline\03_vulnerable_30,C:\Users\weijt\Desktop\UNSW\COMP9900\project\capstone-project-26t2-9900-t17a-almond\outputs\generated\full_budget_search_20260717\cwe119_vulnerable\runs\perturbed\03_vulnerable_30__pattern_dead_code__c5,C:\Users\weijt\Desktop\UNSW\COMP9900\project\capstone-project-26t2-9900-t17a-almond\outputs\generated\full_budget_search_20260717\cwe119_vulnerable\sources\03_vulnerable_30__pattern_dead_code__c5.c,inserted 5 unreachable pointer/array/length pattern block(s) near sensitive or structural lines,
03_vulnerable_30,C:\Users\weijt\Desktop\UNSW\COMP9900\project\capstone-project-26t2-9900-t17a-almond\input_sources\cwe119\vulnerable\03_vulnerable_30.c,control_wrapper,1,1,generated,ran,False,1,1,1.0,1.0,0.0,579,583,4,1099,1111,12,C:\Users\weijt\Desktop\UNSW\COMP9900\project\capstone-project-26t2-9900-t17a-almond\outputs\generated\full_budget_search_20260717\cwe119_vulnerable\runs\baseline\03_vulnerable_30,C:\Users\weijt\Desktop\UNSW\COMP9900\project\capstone-project-26t2-9900-t17a-almond\outputs\generated\full_budget_search_20260717\cwe119_vulnerable\runs\perturbed\03_vulnerable_30__control_wrapper__c1,C:\Users\weijt\Desktop\UNSW\COMP9900\project\capstone-project-26t2-9900-t17a-almond\outputs\generated\full_budget_search_20260717\cwe119_vulnerable\sources\03_vulnerable_30__control_wrapper__c1.c,wrapped 1 safe single-line statement(s) with if (1) blocks,
03_vulnerable_30,C:\Users\weijt\Desktop\UNSW\COMP9900\project\capstone-project-26t2-9900-t17a-almond\input_sources\cwe119\vulnerable\03_vulnerable_30.c,control_wrapper,2,2,generated,ran,False,1,1,1.0,1.0,0.0,579,587,8,1099,1120,21,C:\Users\weijt\Desktop\UNSW\COMP9900\project\capstone-project-26t2-9900-t17a-almond\outputs\generated\full_budget_search_20260717\cwe119_vulnerable\runs\baseline\03_vulnerable_30,C:\Users\weijt\Desktop\UNSW\COMP9900\project\capstone-project-26t2-9900-t17a-almond\outputs\generated\full_budget_search_20260717\cwe119_vulnerable\runs\perturbed\03_vulnerable_30__control_wrapper__c2,C:\Users\weijt\Desktop\UNSW\COMP9900\project\capstone-project-26t2-9900-t17a-almond\outputs\generated\full_budget_search_20260717\cwe119_vulnerable\sources\03_vulnerable_30__control_wrapper__c2.c,wrapped 2 safe single-line statement(s) with if (1) blocks,
03_vulnerable_30,C:\Users\weijt\Desktop\UNSW\COMP9900\project\capstone-project-26t2-9900-t17a-almond\input_sources\cwe119\vulnerable\03_vulnerable_30.c,control_wrapper,3,3,generated,ran,False,1,1,1.0,1.0,0.0,579,591,12,1099,1129,30,C:\Users\weijt\Desktop\UNSW\COMP9900\project\capstone-project-26t2-9900-t17a-almond\outputs\generated\full_budget_search_20260717\cwe119_vulnerable\runs\baseline\03_vulnerable_30,C:\Users\weijt\Desktop\UNSW\COMP9900\project\capstone-project-26t2-9900-t17a-almond\outputs\generated\full_budget_search_20260717\cwe119_vulnerable\runs\perturbed\03_vulnerable_30__control_wrapper__c3,C:\Users\weijt\Desktop\UNSW\COMP9900\project\capstone-project-26t2-9900-t17a-almond\outputs\generated\full_budget_search_20260717\cwe119_vulnerable\sources\03_vulnerable_30__control_wrapper__c3.c,wrapped 3 safe single-line statement(s) with if (1) blocks,
03_vulnerable_30,C:\Users\weijt\Desktop\UNSW\COMP9900\project\capstone-project-26t2-9900-t17a-almond\input_sources\cwe119\vulnerable\03_vulnerable_30.c,control_wrapper,5,5,generated,ran,False,1,1,1.0,1.0,0.0,579,599,20,1099,1147,48,C:\Users\weijt\Desktop\UNSW\COMP9900\project\capstone-project-26t2-9900-t17a-almond\outputs\generated\full_budget_search_20260717\cwe119_vulnerable\runs\baseline\03_vulnerable_30,C:\Users\weijt\Desktop\UNSW\COMP9900\project\capstone-project-26t2-9900-t17a-almond\outputs\generated\full_budget_search_20260717\cwe119_vulnerable\runs\perturbed\03_vulnerable_30__control_wrapper__c5,C:\Users\weijt\Desktop\UNSW\COMP9900\project\capstone-project-26t2-9900-t17a-almond\outputs\generated\full_budget_search_20260717\cwe119_vulnerable\sources\03_vulnerable_30__control_wrapper__c5.c,wrapped 5 safe single-line statement(s) with if (1) blocks,
03_vulnerable_30,C:\Users\weijt\Desktop\UNSW\COMP9900\project\capstone-project-26t2-9900-t17a-almond\input_sources\cwe119\vulnerable\03_vulnerable_30.c,temp_variable_split,1,1,generated,ran,False,1,1,1.0,1.0,0.0,579,587,8,1099,1118,19,C:\Users\weijt\Desktop\UNSW\COMP9900\project\capstone-project-26t2-9900-t17a-almond\outputs\generated\full_budget_search_20260717\cwe119_vulnerable\runs\baseline\03_vulnerable_30,C:\Users\weijt\Desktop\UNSW\COMP9900\project\capstone-project-26t2-9900-t17a-almond\outputs\generated\full_budget_search_20260717\cwe119_vulnerable\runs\perturbed\03_vulnerable_30__temp_variable_split__c1,C:\Users\weijt\Desktop\UNSW\COMP9900\project\capstone-project-26t2-9900-t17a-almond\outputs\generated\full_budget_search_20260717\cwe119_vulnerable\sources\03_vulnerable_30__temp_variable_split__c1.c,split 1 simple assignment(s) through temporary integer variables,
03_vulnerable_30,C:\Users\weijt\Desktop\UNSW\COMP9900\project\capstone-project-26t2-9900-t17a-almond\input_sources\cwe119\vulnerable\03_vulnerable_30.c,temp_variable_split,2,2,generated,ran,False,1,1,1.0,1.0,0.0,579,595,16,1099,1137,38,C:\Users\weijt\Desktop\UNSW\COMP9900\project\capstone-project-26t2-9900-t17a-almond\outputs\generated\full_budget_search_20260717\cwe119_vulnerable\runs\baseline\03_vulnerable_30,C:\Users\weijt\Desktop\UNSW\COMP9900\project\capstone-project-26t2-9900-t17a-almond\outputs\generated\full_budget_search_20260717\cwe119_vulnerable\runs\perturbed\03_vulnerable_30__temp_variable_split__c2,C:\Users\weijt\Desktop\UNSW\COMP9900\project\capstone-project-26t2-9900-t17a-almond\outputs\generated\full_budget_search_20260717\cwe119_vulnerable\sources\03_vulnerable_30__temp_variable_split__c2.c,split 2 simple assignment(s) through temporary integer variables,
03_vulnerable_30,C:\Users\weijt\Desktop\UNSW\COMP9900\project\capstone-project-26t2-9900-t17a-almond\input_sources\cwe119\vulnerable\03_vulnerable_30.c,temp_variable_split,3,3,generated,ran,False,1,1,1.0,1.0,0.0,579,603,24,1099,1155,56,C:\Users\weijt\Desktop\UNSW\COMP9900\project\capstone-project-26t2-9900-t17a-almond\outputs\generated\full_budget_search_20260717\cwe119_vulnerable\runs\baseline\03_vulnerable_30,C:\Users\weijt\Desktop\UNSW\COMP9900\project\capstone-project-26t2-9900-t17a-almond\outputs\generated\full_budget_search_20260717\cwe119_vulnerable\runs\perturbed\03_vulnerable_30__temp_variable_split__c3,C:\Users\weijt\Desktop\UNSW\COMP9900\project\capstone-project-26t2-9900-t17a-almond\outputs\generated\full_budget_search_20260717\cwe119_vulnerable\sources\03_vulnerable_30__temp_variable_split__c3.c,split 3 simple assignment(s) through temporary integer variables,
03_vulnerable_30,C:\Users\weijt\Desktop\UNSW\COMP9900\project\capstone-project-26t2-9900-t17a-almond\input_sources\cwe119\vulnerable\03_vulnerable_30.c,temp_variable_split,5,5,generated,ran,False,1,1,1.0,1.0,0.0,579,619,40,1099,1192,93,C:\Users\weijt\Desktop\UNSW\COMP9900\project\capstone-project-26t2-9900-t17a-almond\outputs\generated\full_budget_search_20260717\cwe119_vulnerable\runs\baseline\03_vulnerable_30,C:\Users\weijt\Desktop\UNSW\COMP9900\project\capstone-project-26t2-9900-t17a-almond\outputs\generated\full_budget_search_20260717\cwe119_vulnerable\runs\perturbed\03_vulnerable_30__temp_variable_split__c5,C:\Users\weijt\Desktop\UNSW\COMP9900\project\capstone-project-26t2-9900-t17a-almond\outputs\generated\full_budget_search_20260717\cwe119_vulnerable\sources\03_vulnerable_30__temp_variable_split__c5.c,split 5 simple assignment(s) through temporary integer variables,
04_vulnerable_55,C:\Users\weijt\Desktop\UNSW\COMP9900\project\capstone-project-26t2-9900-t17a-almond\input_sources\cwe119\vulnerable\04_vulnerable_55.c,data_flow_alias,1,1,generated,ran,False,1,1,0.997986912727356,0.997986912727356,0.0,61,83,22,112,154,42,C:\Users\weijt\Desktop\UNSW\COMP9900\project\capstone-project-26t2-9900-t17a-almond\outputs\generated\full_budget_search_20260717\cwe119_vulnerable\runs\baseline\04_vulnerable_55,C:\Users\weijt\Desktop\UNSW\COMP9900\project\capstone-project-26t2-9900-t17a-almond\outputs\generated\full_budget_search_20260717\cwe119_vulnerable\runs\perturbed\04_vulnerable_55__data_flow_alias__c1,C:\Users\weijt\Desktop\UNSW\COMP9900\project\capstone-project-26t2-9900-t17a-almond\outputs\generated\full_budget_search_20260717\cwe119_vulnerable\sources\04_vulnerable_55__data_flow_alias__c1.c,inserted 1 alias-preserving data-flow no-op(s) near call arguments,
04_vulnerable_55,C:\Users\weijt\Desktop\UNSW\COMP9900\project\capstone-project-26t2-9900-t17a-almond\input_sources\cwe119\vulnerable\04_vulnerable_55.c,data_flow_alias,2,2,generated,ran,False,1,1,0.997986912727356,0.9987426400184631,0.0007557272911071777,61,105,44,112,196,84,C:\Users\weijt\Desktop\UNSW\COMP9900\project\capstone-project-26t2-9900-t17a-almond\outputs\generated\full_budget_search_20260717\cwe119_vulnerable\runs\baseline\04_vulnerable_55,C:\Users\weijt\Desktop\UNSW\COMP9900\project\capstone-project-26t2-9900-t17a-almond\outputs\generated\full_budget_search_20260717\cwe119_vulnerable\runs\perturbed\04_vulnerable_55__data_flow_alias__c2,C:\Users\weijt\Desktop\UNSW\COMP9900\project\capstone-project-26t2-9900-t17a-almond\outputs\generated\full_budget_search_20260717\cwe119_vulnerable\sources\04_vulnerable_55__data_flow_alias__c2.c,inserted 2 alias-preserving data-flow no-op(s) near call arguments,
04_vulnerable_55,C:\Users\weijt\Desktop\UNSW\COMP9900\project\capstone-project-26t2-9900-t17a-almond\input_sources\cwe119\vulnerable\04_vulnerable_55.c,data_flow_alias,3,2,partial,run_partial,False,1,1,0.997986912727356,0.9987426400184631,0.0007557272911071777,61,105,44,112,196,84,C:\Users\weijt\Desktop\UNSW\COMP9900\project\capstone-project-26t2-9900-t17a-almond\outputs\generated\full_budget_search_20260717\cwe119_vulnerable\runs\baseline\04_vulnerable_55,C:\Users\weijt\Desktop\UNSW\COMP9900\project\capstone-project-26t2-9900-t17a-almond\outputs\generated\full_budget_search_20260717\cwe119_vulnerable\runs\perturbed\04_vulnerable_55__data_flow_alias__c3,C:\Users\weijt\Desktop\UNSW\COMP9900\project\capstone-project-26t2-9900-t17a-almond\outputs\generated\full_budget_search_20260717\cwe119_vulnerable\sources\04_vulnerable_55__data_flow_alias__c3.c,inserted 2 alias-preserving data-flow no-op(s) near call arguments,
04_vulnerable_55,C:\Users\weijt\Desktop\UNSW\COMP9900\project\capstone-project-26t2-9900-t17a-almond\input_sources\cwe119\vulnerable\04_vulnerable_55.c,dead_statement,1,1,generated,ran,False,1,1,0.997986912727356,0.997986912727356,0.0,61,73,12,112,139,27,C:\Users\weijt\Desktop\UNSW\COMP9900\project\capstone-project-26t2-9900-t17a-almond\outputs\generated\full_budget_search_20260717\cwe119_vulnerable\runs\baseline\04_vulnerable_55,C:\Users\weijt\Desktop\UNSW\COMP9900\project\capstone-project-26t2-9900-t17a-almond\outputs\generated\full_budget_search_20260717\cwe119_vulnerable\runs\perturbed\04_vulnerable_55__dead_statement__c1,C:\Users\weijt\Desktop\UNSW\COMP9900\project\capstone-project-26t2-9900-t17a-almond\outputs\generated\full_budget_search_20260717\cwe119_vulnerable\sources\04_vulnerable_55__dead_statement__c1.c,inserted 1 harmless dummy integer statement pair(s) after first function brace,
04_vulnerable_55,C:\Users\weijt\Desktop\UNSW\COMP9900\project\capstone-project-26t2-9900-t17a-almond\input_sources\cwe119\vulnerable\04_vulnerable_55.c,dead_statement,2,2,generated,ran,False,1,1,0.997986912727356,0.997986912727356,0.0,61,85,24,112,166,54,C:\Users\weijt\Desktop\UNSW\COMP9900\project\capstone-project-26t2-9900-t17a-almond\outputs\generated\full_budget_search_20260717\cwe119_vulnerable\runs\baseline\04_vulnerable_55,C:\Users\weijt\Desktop\UNSW\COMP9900\project\capstone-project-26t2-9900-t17a-almond\outputs\generated\full_budget_search_20260717\cwe119_vulnerable\runs\perturbed\04_vulnerable_55__dead_statement__c2,C:\Users\weijt\Desktop\UNSW\COMP9900\project\capstone-project-26t2-9900-t17a-almond\outputs\generated\full_budget_search_20260717\cwe119_vulnerable\sources\04_vulnerable_55__dead_statement__c2.c,inserted 2 harmless dummy integer statement pair(s) after first function brace,
04_vulnerable_55,C:\Users\weijt\Desktop\UNSW\COMP9900\project\capstone-project-26t2-9900-t17a-almond\input_sources\cwe119\vulnerable\04_vulnerable_55.c,dead_statement,3,3,generated,ran,False,1,1,0.997986912727356,0.997986912727356,0.0,61,97,36,112,193,81,C:\Users\weijt\Desktop\UNSW\COMP9900\project\capstone-project-26t2-9900-t17a-almond\outputs\generated\full_budget_search_20260717\cwe119_vulnerable\runs\baseline\04_vulnerable_55,C:\Users\weijt\Desktop\UNSW\COMP9900\project\capstone-project-26t2-9900-t17a-almond\outputs\generated\full_budget_search_20260717\cwe119_vulnerable\runs\perturbed\04_vulnerable_55__dead_statement__c3,C:\Users\weijt\Desktop\UNSW\COMP9900\project\capstone-project-26t2-9900-t17a-almond\outputs\generated\full_budget_search_20260717\cwe119_vulnerable\sources\04_vulnerable_55__dead_statement__c3.c,inserted 3 harmless dummy integer statement pair(s) after first function brace,
04_vulnerable_55,C:\Users\weijt\Desktop\UNSW\COMP9900\project\capstone-project-26t2-9900-t17a-almond\input_sources\cwe119\vulnerable\04_vulnerable_55.c,dead_statement,5,5,generated,ran,False,1,1,0.997986912727356,0.997986912727356,0.0,61,121,60,112,247,135,C:\Users\weijt\Desktop\UNSW\COMP9900\project\capstone-project-26t2-9900-t17a-almond\outputs\generated\full_budget_search_20260717\cwe119_vulnerable\runs\baseline\04_vulnerable_55,C:\Users\weijt\Desktop\UNSW\COMP9900\project\capstone-project-26t2-9900-t17a-almond\outputs\generated\full_budget_search_20260717\cwe119_vulnerable\runs\perturbed\04_vulnerable_55__dead_statement__c5,C:\Users\weijt\Desktop\UNSW\COMP9900\project\capstone-project-26t2-9900-t17a-almond\outputs\generated\full_budget_search_20260717\cwe119_vulnerable\sources\04_vulnerable_55__dead_statement__c5.c,inserted 5 harmless dummy integer statement pair(s) after first function brace,
04_vulnerable_55,C:\Users\weijt\Desktop\UNSW\COMP9900\project\capstone-project-26t2-9900-t17a-almond\input_sources\cwe119\vulnerable\04_vulnerable_55.c,xfg_targeted_dead_code,1,1,generated,ran,False,1,1,0.997986912727356,0.997986912727356,0.0,61,77,16,112,148,36,C:\Users\weijt\Desktop\UNSW\COMP9900\project\capstone-project-26t2-9900-t17a-almond\outputs\generated\full_budget_search_20260717\cwe119_vulnerable\runs\baseline\04_vulnerable_55,C:\Users\weijt\Desktop\UNSW\COMP9900\project\capstone-project-26t2-9900-t17a-almond\outputs\generated\full_budget_search_20260717\cwe119_vulnerable\runs\perturbed\04_vulnerable_55__xfg_targeted_dead_code__c1,C:\Users\weijt\Desktop\UNSW\COMP9900\project\capstone-project-26t2-9900-t17a-almond\outputs\generated\full_budget_search_20260717\cwe119_vulnerable\sources\04_vulnerable_55__xfg_targeted_dead_code__c1.c,inserted 1 unreachable no-op block(s) near XFG-relevant target lines,
04_vulnerable_55,C:\Users\weijt\Desktop\UNSW\COMP9900\project\capstone-project-26t2-9900-t17a-almond\input_sources\cwe119\vulnerable\04_vulnerable_55.c,xfg_targeted_dead_code,2,2,generated,ran,False,1,1,0.997986912727356,0.997986912727356,0.0,61,93,32,112,184,72,C:\Users\weijt\Desktop\UNSW\COMP9900\project\capstone-project-26t2-9900-t17a-almond\outputs\generated\full_budget_search_20260717\cwe119_vulnerable\runs\baseline\04_vulnerable_55,C:\Users\weijt\Desktop\UNSW\COMP9900\project\capstone-project-26t2-9900-t17a-almond\outputs\generated\full_budget_search_20260717\cwe119_vulnerable\runs\perturbed\04_vulnerable_55__xfg_targeted_dead_code__c2,C:\Users\weijt\Desktop\UNSW\COMP9900\project\capstone-project-26t2-9900-t17a-almond\outputs\generated\full_budget_search_20260717\cwe119_vulnerable\sources\04_vulnerable_55__xfg_targeted_dead_code__c2.c,inserted 2 unreachable no-op block(s) near XFG-relevant target lines,
04_vulnerable_55,C:\Users\weijt\Desktop\UNSW\COMP9900\project\capstone-project-26t2-9900-t17a-almond\input_sources\cwe119\vulnerable\04_vulnerable_55.c,xfg_targeted_dead_code,3,3,generated,ran,False,1,1,0.997986912727356,0.997986912727356,0.0,61,109,48,112,220,108,C:\Users\weijt\Desktop\UNSW\COMP9900\project\capstone-project-26t2-9900-t17a-almond\outputs\generated\full_budget_search_20260717\cwe119_vulnerable\runs\baseline\04_vulnerable_55,C:\Users\weijt\Desktop\UNSW\COMP9900\project\capstone-project-26t2-9900-t17a-almond\outputs\generated\full_budget_search_20260717\cwe119_vulnerable\runs\perturbed\04_vulnerable_55__xfg_targeted_dead_code__c3,C:\Users\weijt\Desktop\UNSW\COMP9900\project\capstone-project-26t2-9900-t17a-almond\outputs\generated\full_budget_search_20260717\cwe119_vulnerable\sources\04_vulnerable_55__xfg_targeted_dead_code__c3.c,inserted 3 unreachable no-op block(s) near XFG-relevant target lines,
04_vulnerable_55,C:\Users\weijt\Desktop\UNSW\COMP9900\project\capstone-project-26t2-9900-t17a-almond\input_sources\cwe119\vulnerable\04_vulnerable_55.c,xfg_targeted_dead_code,5,3,partial,run_partial,False,1,1,0.997986912727356,0.997986912727356,0.0,61,109,48,112,220,108,C:\Users\weijt\Desktop\UNSW\COMP9900\project\capstone-project-26t2-9900-t17a-almond\outputs\generated\full_budget_search_20260717\cwe119_vulnerable\runs\baseline\04_vulnerable_55,C:\Users\weijt\Desktop\UNSW\COMP9900\project\capstone-project-26t2-9900-t17a-almond\outputs\generated\full_budget_search_20260717\cwe119_vulnerable\runs\perturbed\04_vulnerable_55__xfg_targeted_dead_code__c5,C:\Users\weijt\Desktop\UNSW\COMP9900\project\capstone-project-26t2-9900-t17a-almond\outputs\generated\full_budget_search_20260717\cwe119_vulnerable\sources\04_vulnerable_55__xfg_targeted_dead_code__c5.c,inserted 3 unreachable no-op block(s) near XFG-relevant target lines,
04_vulnerable_55,C:\Users\weijt\Desktop\UNSW\COMP9900\project\capstone-project-26t2-9900-t17a-almond\input_sources\cwe119\vulnerable\04_vulnerable_55.c,range_clamp,1,0,skipped,ran,,,,,,,,,,,,,C:\Users\weijt\Desktop\UNSW\COMP9900\project\capstone-project-26t2-9900-t17a-almond\outputs\generated\full_budget_search_20260717\cwe119_vulnerable\runs\baseline\04_vulnerable_55,,,no sensitive call with a clampable size/count argument found,
04_vulnerable_55,C:\Users\weijt\Desktop\UNSW\COMP9900\project\capstone-project-26t2-9900-t17a-almond\input_sources\cwe119\vulnerable\04_vulnerable_55.c,safe_source_substitution,1,0,skipped,ran,,,,,,,,,,,,,C:\Users\weijt\Desktop\UNSW\COMP9900\project\capstone-project-26t2-9900-t17a-almond\outputs\generated\full_budget_search_20260717\cwe119_vulnerable\runs\baseline\04_vulnerable_55,,,no nested pointer dereference source found,
04_vulnerable_55,C:\Users\weijt\Desktop\UNSW\COMP9900\project\capstone-project-26t2-9900-t17a-almond\input_sources\cwe119\vulnerable\04_vulnerable_55.c,sink_bound_guard,1,0,skipped,ran,,,,,,,,,,,,,C:\Users\weijt\Desktop\UNSW\COMP9900\project\capstone-project-26t2-9900-t17a-almond\outputs\generated\full_budget_search_20260717\cwe119_vulnerable\runs\baseline\04_vulnerable_55,,,no sensitive sink call found for bound guard insertion,
04_vulnerable_55,C:\Users\weijt\Desktop\UNSW\COMP9900\project\capstone-project-26t2-9900-t17a-almond\input_sources\cwe119\vulnerable\04_vulnerable_55.c,postcondition_validation,1,0,skipped,ran,,,,,,,,,,,,,C:\Users\weijt\Desktop\UNSW\COMP9900\project\capstone-project-26t2-9900-t17a-almond\outputs\generated\full_budget_search_20260717\cwe119_vulnerable\runs\baseline\04_vulnerable_55,,,no matching *_count/*_read pair found for postcondition validation,
04_vulnerable_55,C:\Users\weijt\Desktop\UNSW\COMP9900\project\capstone-project-26t2-9900-t17a-almond\input_sources\cwe119\vulnerable\04_vulnerable_55.c,integer_overflow_guard,1,0,skipped,ran,,,,,,,,,,,,,C:\Users\weijt\Desktop\UNSW\COMP9900\project\capstone-project-26t2-9900-t17a-almond\outputs\generated\full_budget_search_20260717\cwe119_vulnerable\runs\baseline\04_vulnerable_55,,,no allocation size addition or multiplication expression found,
04_vulnerable_55,C:\Users\weijt\Desktop\UNSW\COMP9900\project\capstone-project-26t2-9900-t17a-almond\input_sources\cwe119\vulnerable\04_vulnerable_55.c,array_index_bound_guard,1,1,generated,ran,False,1,1,0.997986912727356,1.0,0.002013087272644043,61,97,36,112,165,53,C:\Users\weijt\Desktop\UNSW\COMP9900\project\capstone-project-26t2-9900-t17a-almond\outputs\generated\full_budget_search_20260717\cwe119_vulnerable\runs\baseline\04_vulnerable_55,C:\Users\weijt\Desktop\UNSW\COMP9900\project\capstone-project-26t2-9900-t17a-almond\outputs\generated\full_budget_search_20260717\cwe119_vulnerable\runs\perturbed\04_vulnerable_55__array_index_bound_guard__c1,C:\Users\weijt\Desktop\UNSW\COMP9900\project\capstone-project-26t2-9900-t17a-almond\outputs\generated\full_budget_search_20260717\cwe119_vulnerable\sources\04_vulnerable_55__array_index_bound_guard__c1.c,wrapped 1 array write(s) with index lower/upper bound guards,
04_vulnerable_55,C:\Users\weijt\Desktop\UNSW\COMP9900\project\capstone-project-26t2-9900-t17a-almond\input_sources\cwe119\vulnerable\04_vulnerable_55.c,array_index_bound_guard,2,1,partial,run_partial,False,1,1,0.997986912727356,1.0,0.002013087272644043,61,97,36,112,165,53,C:\Users\weijt\Desktop\UNSW\COMP9900\project\capstone-project-26t2-9900-t17a-almond\outputs\generated\full_budget_search_20260717\cwe119_vulnerable\runs\baseline\04_vulnerable_55,C:\Users\weijt\Desktop\UNSW\COMP9900\project\capstone-project-26t2-9900-t17a-almond\outputs\generated\full_budget_search_20260717\cwe119_vulnerable\runs\perturbed\04_vulnerable_55__array_index_bound_guard__c2,C:\Users\weijt\Desktop\UNSW\COMP9900\project\capstone-project-26t2-9900-t17a-almond\outputs\generated\full_budget_search_20260717\cwe119_vulnerable\sources\04_vulnerable_55__array_index_bound_guard__c2.c,wrapped 1 array write(s) with index lower/upper bound guards,
04_vulnerable_55,C:\Users\weijt\Desktop\UNSW\COMP9900\project\capstone-project-26t2-9900-t17a-almond\input_sources\cwe119\vulnerable\04_vulnerable_55.c,wide_char_sink_guard,1,0,skipped,ran,,,,,,,,,,,,,C:\Users\weijt\Desktop\UNSW\COMP9900\project\capstone-project-26t2-9900-t17a-almond\outputs\generated\full_budget_search_20260717\cwe119_vulnerable\runs\baseline\04_vulnerable_55,,,no wcscat/wcscpy wide-character sink found,
04_vulnerable_55,C:\Users\weijt\Desktop\UNSW\COMP9900\project\capstone-project-26t2-9900-t17a-almond\input_sources\cwe119\vulnerable\04_vulnerable_55.c,pattern_dead_code,1,1,generated,ran,False,1,1,0.997986912727356,0.997986912727356,0.0,61,116,55,112,213,101,C:\Users\weijt\Desktop\UNSW\COMP9900\project\capstone-project-26t2-9900-t17a-almond\outputs\generated\full_budget_search_20260717\cwe119_vulnerable\runs\baseline\04_vulnerable_55,C:\Users\weijt\Desktop\UNSW\COMP9900\project\capstone-project-26t2-9900-t17a-almond\outputs\generated\full_budget_search_20260717\cwe119_vulnerable\runs\perturbed\04_vulnerable_55__pattern_dead_code__c1,C:\Users\weijt\Desktop\UNSW\COMP9900\project\capstone-project-26t2-9900-t17a-almond\outputs\generated\full_budget_search_20260717\cwe119_vulnerable\sources\04_vulnerable_55__pattern_dead_code__c1.c,inserted 1 unreachable pointer/array/length pattern block(s) near sensitive or structural lines,
04_vulnerable_55,C:\Users\weijt\Desktop\UNSW\COMP9900\project\capstone-project-26t2-9900-t17a-almond\input_sources\cwe119\vulnerable\04_vulnerable_55.c,pattern_dead_code,2,2,generated,ran,False,1,1,0.997986912727356,0.997986912727356,0.0,61,171,110,112,314,202,C:\Users\weijt\Desktop\UNSW\COMP9900\project\capstone-project-26t2-9900-t17a-almond\outputs\generated\full_budget_search_20260717\cwe119_vulnerable\runs\baseline\04_vulnerable_55,C:\Users\weijt\Desktop\UNSW\COMP9900\project\capstone-project-26t2-9900-t17a-almond\outputs\generated\full_budget_search_20260717\cwe119_vulnerable\runs\perturbed\04_vulnerable_55__pattern_dead_code__c2,C:\Users\weijt\Desktop\UNSW\COMP9900\project\capstone-project-26t2-9900-t17a-almond\outputs\generated\full_budget_search_20260717\cwe119_vulnerable\sources\04_vulnerable_55__pattern_dead_code__c2.c,inserted 2 unreachable pointer/array/length pattern block(s) near sensitive or structural lines,
04_vulnerable_55,C:\Users\weijt\Desktop\UNSW\COMP9900\project\capstone-project-26t2-9900-t17a-almond\input_sources\cwe119\vulnerable\04_vulnerable_55.c,pattern_dead_code,3,3,generated,ran,False,1,1,0.997986912727356,0.997986912727356,0.0,61,226,165,112,415,303,C:\Users\weijt\Desktop\UNSW\COMP9900\project\capstone-project-26t2-9900-t17a-almond\outputs\generated\full_budget_search_20260717\cwe119_vulnerable\runs\baseline\04_vulnerable_55,C:\Users\weijt\Desktop\UNSW\COMP9900\project\capstone-project-26t2-9900-t17a-almond\outputs\generated\full_budget_search_20260717\cwe119_vulnerable\runs\perturbed\04_vulnerable_55__pattern_dead_code__c3,C:\Users\weijt\Desktop\UNSW\COMP9900\project\capstone-project-26t2-9900-t17a-almond\outputs\generated\full_budget_search_20260717\cwe119_vulnerable\sources\04_vulnerable_55__pattern_dead_code__c3.c,inserted 3 unreachable pointer/array/length pattern block(s) near sensitive or structural lines,
04_vulnerable_55,C:\Users\weijt\Desktop\UNSW\COMP9900\project\capstone-project-26t2-9900-t17a-almond\input_sources\cwe119\vulnerable\04_vulnerable_55.c,pattern_dead_code,5,3,partial,run_partial,False,1,1,0.997986912727356,0.997986912727356,0.0,61,226,165,112,415,303,C:\Users\weijt\Desktop\UNSW\COMP9900\project\capstone-project-26t2-9900-t17a-almond\outputs\generated\full_budget_search_20260717\cwe119_vulnerable\runs\baseline\04_vulnerable_55,C:\Users\weijt\Desktop\UNSW\COMP9900\project\capstone-project-26t2-9900-t17a-almond\outputs\generated\full_budget_search_20260717\cwe119_vulnerable\runs\perturbed\04_vulnerable_55__pattern_dead_code__c5,C:\Users\weijt\Desktop\UNSW\COMP9900\project\capstone-project-26t2-9900-t17a-almond\outputs\generated\full_budget_search_20260717\cwe119_vulnerable\sources\04_vulnerable_55__pattern_dead_code__c5.c,inserted 3 unreachable pointer/array/length pattern block(s) near sensitive or structural lines,
04_vulnerable_55,C:\Users\weijt\Desktop\UNSW\COMP9900\project\capstone-project-26t2-9900-t17a-almond\input_sources\cwe119\vulnerable\04_vulnerable_55.c,control_wrapper,1,1,generated,ran,False,1,1,0.997986912727356,0.9984887838363647,0.0005018711090087891,61,65,4,112,123,11,C:\Users\weijt\Desktop\UNSW\COMP9900\project\capstone-project-26t2-9900-t17a-almond\outputs\generated\full_budget_search_20260717\cwe119_vulnerable\runs\baseline\04_vulnerable_55,C:\Users\weijt\Desktop\UNSW\COMP9900\project\capstone-project-26t2-9900-t17a-almond\outputs\generated\full_budget_search_20260717\cwe119_vulnerable\runs\perturbed\04_vulnerable_55__control_wrapper__c1,C:\Users\weijt\Desktop\UNSW\COMP9900\project\capstone-project-26t2-9900-t17a-almond\outputs\generated\full_budget_search_20260717\cwe119_vulnerable\sources\04_vulnerable_55__control_wrapper__c1.c,wrapped 1 safe single-line statement(s) with if (1) blocks,
04_vulnerable_55,C:\Users\weijt\Desktop\UNSW\COMP9900\project\capstone-project-26t2-9900-t17a-almond\input_sources\cwe119\vulnerable\04_vulnerable_55.c,control_wrapper,2,2,generated,ran,False,1,1,0.997986912727356,0.9989762306213379,0.0009893178939819336,61,69,8,112,132,20,C:\Users\weijt\Desktop\UNSW\COMP9900\project\capstone-project-26t2-9900-t17a-almond\outputs\generated\full_budget_search_20260717\cwe119_vulnerable\runs\baseline\04_vulnerable_55,C:\Users\weijt\Desktop\UNSW\COMP9900\project\capstone-project-26t2-9900-t17a-almond\outputs\generated\full_budget_search_20260717\cwe119_vulnerable\runs\perturbed\04_vulnerable_55__control_wrapper__c2,C:\Users\weijt\Desktop\UNSW\COMP9900\project\capstone-project-26t2-9900-t17a-almond\outputs\generated\full_budget_search_20260717\cwe119_vulnerable\sources\04_vulnerable_55__control_wrapper__c2.c,wrapped 2 safe single-line statement(s) with if (1) blocks,
04_vulnerable_55,C:\Users\weijt\Desktop\UNSW\COMP9900\project\capstone-project-26t2-9900-t17a-almond\input_sources\cwe119\vulnerable\04_vulnerable_55.c,control_wrapper,3,3,generated,ran,False,1,1,0.997986912727356,0.9980321526527405,4.5239925384521484e-05,61,73,12,112,141,29,C:\Users\weijt\Desktop\UNSW\COMP9900\project\capstone-project-26t2-9900-t17a-almond\outputs\generated\full_budget_search_20260717\cwe119_vulnerable\runs\baseline\04_vulnerable_55,C:\Users\weijt\Desktop\UNSW\COMP9900\project\capstone-project-26t2-9900-t17a-almond\outputs\generated\full_budget_search_20260717\cwe119_vulnerable\runs\perturbed\04_vulnerable_55__control_wrapper__c3,C:\Users\weijt\Desktop\UNSW\COMP9900\project\capstone-project-26t2-9900-t17a-almond\outputs\generated\full_budget_search_20260717\cwe119_vulnerable\sources\04_vulnerable_55__control_wrapper__c3.c,wrapped 3 safe single-line statement(s) with if (1) blocks,
04_vulnerable_55,C:\Users\weijt\Desktop\UNSW\COMP9900\project\capstone-project-26t2-9900-t17a-almond\input_sources\cwe119\vulnerable\04_vulnerable_55.c,control_wrapper,5,3,partial,run_partial,False,1,1,0.997986912727356,0.9980321526527405,4.5239925384521484e-05,61,73,12,112,141,29,C:\Users\weijt\Desktop\UNSW\COMP9900\project\capstone-project-26t2-9900-t17a-almond\outputs\generated\full_budget_search_20260717\cwe119_vulnerable\runs\baseline\04_vulnerable_55,C:\Users\weijt\Desktop\UNSW\COMP9900\project\capstone-project-26t2-9900-t17a-almond\outputs\generated\full_budget_search_20260717\cwe119_vulnerable\runs\perturbed\04_vulnerable_55__control_wrapper__c5,C:\Users\weijt\Desktop\UNSW\COMP9900\project\capstone-project-26t2-9900-t17a-almond\outputs\generated\full_budget_search_20260717\cwe119_vulnerable\sources\04_vulnerable_55__control_wrapper__c5.c,wrapped 3 safe single-line statement(s) with if (1) blocks,
04_vulnerable_55,C:\Users\weijt\Desktop\UNSW\COMP9900\project\capstone-project-26t2-9900-t17a-almond\input_sources\cwe119\vulnerable\04_vulnerable_55.c,temp_variable_split,1,0,skipped,ran,,,,,,,,,,,,,C:\Users\weijt\Desktop\UNSW\COMP9900\project\capstone-project-26t2-9900-t17a-almond\outputs\generated\full_budget_search_20260717\cwe119_vulnerable\runs\baseline\04_vulnerable_55,,,no simple integer-like assignment candidate found,
05_vulnerable_32,C:\Users\weijt\Desktop\UNSW\COMP9900\project\capstone-project-26t2-9900-t17a-almond\input_sources\cwe119\vulnerable\05_vulnerable_32.cpp,data_flow_alias,1,1,generated,ran,False,1,1,0.9999673366546631,0.9881870150566101,-0.011780321598052979,147,167,20,426,464,38,C:\Users\weijt\Desktop\UNSW\COMP9900\project\capstone-project-26t2-9900-t17a-almond\outputs\generated\full_budget_search_20260717\cwe119_vulnerable\runs\baseline\05_vulnerable_32,C:\Users\weijt\Desktop\UNSW\COMP9900\project\capstone-project-26t2-9900-t17a-almond\outputs\generated\full_budget_search_20260717\cwe119_vulnerable\runs\perturbed\05_vulnerable_32__data_flow_alias__c1,C:\Users\weijt\Desktop\UNSW\COMP9900\project\capstone-project-26t2-9900-t17a-almond\outputs\generated\full_budget_search_20260717\cwe119_vulnerable\sources\05_vulnerable_32__data_flow_alias__c1.cpp,inserted 1 alias-preserving data-flow no-op(s) near call arguments,
05_vulnerable_32,C:\Users\weijt\Desktop\UNSW\COMP9900\project\capstone-project-26t2-9900-t17a-almond\input_sources\cwe119\vulnerable\05_vulnerable_32.cpp,data_flow_alias,2,2,generated,ran,False,1,1,0.9999673366546631,0.9999673366546631,0.0,147,187,40,426,502,76,C:\Users\weijt\Desktop\UNSW\COMP9900\project\capstone-project-26t2-9900-t17a-almond\outputs\generated\full_budget_search_20260717\cwe119_vulnerable\runs\baseline\05_vulnerable_32,C:\Users\weijt\Desktop\UNSW\COMP9900\project\capstone-project-26t2-9900-t17a-almond\outputs\generated\full_budget_search_20260717\cwe119_vulnerable\runs\perturbed\05_vulnerable_32__data_flow_alias__c2,C:\Users\weijt\Desktop\UNSW\COMP9900\project\capstone-project-26t2-9900-t17a-almond\outputs\generated\full_budget_search_20260717\cwe119_vulnerable\sources\05_vulnerable_32__data_flow_alias__c2.cpp,inserted 2 alias-preserving data-flow no-op(s) near call arguments,
05_vulnerable_32,C:\Users\weijt\Desktop\UNSW\COMP9900\project\capstone-project-26t2-9900-t17a-almond\input_sources\cwe119\vulnerable\05_vulnerable_32.cpp,data_flow_alias,3,3,generated,ran,False,1,1,0.9999673366546631,0.9999673366546631,0.0,147,207,60,426,540,114,C:\Users\weijt\Desktop\UNSW\COMP9900\project\capstone-project-26t2-9900-t17a-almond\outputs\generated\full_budget_search_20260717\cwe119_vulnerable\runs\baseline\05_vulnerable_32,C:\Users\weijt\Desktop\UNSW\COMP9900\project\capstone-project-26t2-9900-t17a-almond\outputs\generated\full_budget_search_20260717\cwe119_vulnerable\runs\perturbed\05_vulnerable_32__data_flow_alias__c3,C:\Users\weijt\Desktop\UNSW\COMP9900\project\capstone-project-26t2-9900-t17a-almond\outputs\generated\full_budget_search_20260717\cwe119_vulnerable\sources\05_vulnerable_32__data_flow_alias__c3.cpp,inserted 3 alias-preserving data-flow no-op(s) near call arguments,
05_vulnerable_32,C:\Users\weijt\Desktop\UNSW\COMP9900\project\capstone-project-26t2-9900-t17a-almond\input_sources\cwe119\vulnerable\05_vulnerable_32.cpp,data_flow_alias,5,5,generated,ran,False,1,1,0.9999673366546631,0.9999673366546631,0.0,147,229,82,426,579,153,C:\Users\weijt\Desktop\UNSW\COMP9900\project\capstone-project-26t2-9900-t17a-almond\outputs\generated\full_budget_search_20260717\cwe119_vulnerable\runs\baseline\05_vulnerable_32,C:\Users\weijt\Desktop\UNSW\COMP9900\project\capstone-project-26t2-9900-t17a-almond\outputs\generated\full_budget_search_20260717\cwe119_vulnerable\runs\perturbed\05_vulnerable_32__data_flow_alias__c5,C:\Users\weijt\Desktop\UNSW\COMP9900\project\capstone-project-26t2-9900-t17a-almond\outputs\generated\full_budget_search_20260717\cwe119_vulnerable\sources\05_vulnerable_32__data_flow_alias__c5.cpp,inserted 5 alias-preserving data-flow no-op(s) near call arguments,
05_vulnerable_32,C:\Users\weijt\Desktop\UNSW\COMP9900\project\capstone-project-26t2-9900-t17a-almond\input_sources\cwe119\vulnerable\05_vulnerable_32.cpp,dead_statement,1,1,generated,ran,True,1,0,0.9999673366546631,0.26539650559425354,-0.7345708310604095,147,159,12,426,453,27,C:\Users\weijt\Desktop\UNSW\COMP9900\project\capstone-project-26t2-9900-t17a-almond\outputs\generated\full_budget_search_20260717\cwe119_vulnerable\runs\baseline\05_vulnerable_32,C:\Users\weijt\Desktop\UNSW\COMP9900\project\capstone-project-26t2-9900-t17a-almond\outputs\generated\full_budget_search_20260717\cwe119_vulnerable\runs\perturbed\05_vulnerable_32__dead_statement__c1,C:\Users\weijt\Desktop\UNSW\COMP9900\project\capstone-project-26t2-9900-t17a-almond\outputs\generated\full_budget_search_20260717\cwe119_vulnerable\sources\05_vulnerable_32__dead_statement__c1.cpp,inserted 1 harmless dummy integer statement pair(s) after first function brace,
05_vulnerable_32,C:\Users\weijt\Desktop\UNSW\COMP9900\project\capstone-project-26t2-9900-t17a-almond\input_sources\cwe119\vulnerable\05_vulnerable_32.cpp,xfg_targeted_dead_code,1,1,generated,ran,True,1,0,0.9999673366546631,0.2511430084705353,-0.7488243281841278,147,163,16,426,462,36,C:\Users\weijt\Desktop\UNSW\COMP9900\project\capstone-project-26t2-9900-t17a-almond\outputs\generated\full_budget_search_20260717\cwe119_vulnerable\runs\baseline\05_vulnerable_32,C:\Users\weijt\Desktop\UNSW\COMP9900\project\capstone-project-26t2-9900-t17a-almond\outputs\generated\full_budget_search_20260717\cwe119_vulnerable\runs\perturbed\05_vulnerable_32__xfg_targeted_dead_code__c1,C:\Users\weijt\Desktop\UNSW\COMP9900\project\capstone-project-26t2-9900-t17a-almond\outputs\generated\full_budget_search_20260717\cwe119_vulnerable\sources\05_vulnerable_32__xfg_targeted_dead_code__c1.cpp,inserted 1 unreachable no-op block(s) near XFG-relevant target lines,
05_vulnerable_32,C:\Users\weijt\Desktop\UNSW\COMP9900\project\capstone-project-26t2-9900-t17a-almond\input_sources\cwe119\vulnerable\05_vulnerable_32.cpp,range_clamp,1,0,skipped,ran,,,,,,,,,,,,,C:\Users\weijt\Desktop\UNSW\COMP9900\project\capstone-project-26t2-9900-t17a-almond\outputs\generated\full_budget_search_20260717\cwe119_vulnerable\runs\baseline\05_vulnerable_32,,,no sensitive call with a clampable size/count argument found,
05_vulnerable_32,C:\Users\weijt\Desktop\UNSW\COMP9900\project\capstone-project-26t2-9900-t17a-almond\input_sources\cwe119\vulnerable\05_vulnerable_32.cpp,safe_source_substitution,1,0,skipped,ran,,,,,,,,,,,,,C:\Users\weijt\Desktop\UNSW\COMP9900\project\capstone-project-26t2-9900-t17a-almond\outputs\generated\full_budget_search_20260717\cwe119_vulnerable\runs\baseline\05_vulnerable_32,,,no nested pointer dereference source found,
05_vulnerable_32,C:\Users\weijt\Desktop\UNSW\COMP9900\project\capstone-project-26t2-9900-t17a-almond\input_sources\cwe119\vulnerable\05_vulnerable_32.cpp,sink_bound_guard,1,0,skipped,ran,,,,,,,,,,,,,C:\Users\weijt\Desktop\UNSW\COMP9900\project\capstone-project-26t2-9900-t17a-almond\outputs\generated\full_budget_search_20260717\cwe119_vulnerable\runs\baseline\05_vulnerable_32,,,no sensitive sink call found for bound guard insertion,
05_vulnerable_32,C:\Users\weijt\Desktop\UNSW\COMP9900\project\capstone-project-26t2-9900-t17a-almond\input_sources\cwe119\vulnerable\05_vulnerable_32.cpp,postcondition_validation,1,0,skipped,ran,,,,,,,,,,,,,C:\Users\weijt\Desktop\UNSW\COMP9900\project\capstone-project-26t2-9900-t17a-almond\outputs\generated\full_budget_search_20260717\cwe119_vulnerable\runs\baseline\05_vulnerable_32,,,no matching *_count/*_read pair found for postcondition validation,
05_vulnerable_32,C:\Users\weijt\Desktop\UNSW\COMP9900\project\capstone-project-26t2-9900-t17a-almond\input_sources\cwe119\vulnerable\05_vulnerable_32.cpp,integer_overflow_guard,1,0,skipped,ran,,,,,,,,,,,,,C:\Users\weijt\Desktop\UNSW\COMP9900\project\capstone-project-26t2-9900-t17a-almond\outputs\generated\full_budget_search_20260717\cwe119_vulnerable\runs\baseline\05_vulnerable_32,,,no allocation size addition or multiplication expression found,
05_vulnerable_32,C:\Users\weijt\Desktop\UNSW\COMP9900\project\capstone-project-26t2-9900-t17a-almond\input_sources\cwe119\vulnerable\05_vulnerable_32.cpp,array_index_bound_guard,1,0,skipped,ran,,,,,,,,,,,,,C:\Users\weijt\Desktop\UNSW\COMP9900\project\capstone-project-26t2-9900-t17a-almond\outputs\generated\full_budget_search_20260717\cwe119_vulnerable\runs\baseline\05_vulnerable_32,,,no array write found for index bound guard,
05_vulnerable_32,C:\Users\weijt\Desktop\UNSW\COMP9900\project\capstone-project-26t2-9900-t17a-almond\input_sources\cwe119\vulnerable\05_vulnerable_32.cpp,wide_char_sink_guard,1,1,generated,ran,False,1,1,0.9999673366546631,0.9989835619926453,-0.0009837746620178223,147,165,18,426,460,34,C:\Users\weijt\Desktop\UNSW\COMP9900\project\capstone-project-26t2-9900-t17a-almond\outputs\generated\full_budget_search_20260717\cwe119_vulnerable\runs\baseline\05_vulnerable_32,C:\Users\weijt\Desktop\UNSW\COMP9900\project\capstone-project-26t2-9900-t17a-almond\outputs\generated\full_budget_search_20260717\cwe119_vulnerable\runs\perturbed\05_vulnerable_32__wide_char_sink_guard__c1,C:\Users\weijt\Desktop\UNSW\COMP9900\project\capstone-project-26t2-9900-t17a-almond\outputs\generated\full_budget_search_20260717\cwe119_vulnerable\sources\05_vulnerable_32__wide_char_sink_guard__c1.cpp,rewrote 1 wcscat/wcscpy sink(s) to bounded wide-character operations,
05_vulnerable_32,C:\Users\weijt\Desktop\UNSW\COMP9900\project\capstone-project-26t2-9900-t17a-almond\input_sources\cwe119\vulnerable\05_vulnerable_32.cpp,wide_char_sink_guard,2,2,generated,ran,False,1,1,0.9999673366546631,0.9989835619926453,-0.0009837746620178223,147,183,36,426,494,68,C:\Users\weijt\Desktop\UNSW\COMP9900\project\capstone-project-26t2-9900-t17a-almond\outputs\generated\full_budget_search_20260717\cwe119_vulnerable\runs\baseline\05_vulnerable_32,C:\Users\weijt\Desktop\UNSW\COMP9900\project\capstone-project-26t2-9900-t17a-almond\outputs\generated\full_budget_search_20260717\cwe119_vulnerable\runs\perturbed\05_vulnerable_32__wide_char_sink_guard__c2,C:\Users\weijt\Desktop\UNSW\COMP9900\project\capstone-project-26t2-9900-t17a-almond\outputs\generated\full_budget_search_20260717\cwe119_vulnerable\sources\05_vulnerable_32__wide_char_sink_guard__c2.cpp,rewrote 2 wcscat/wcscpy sink(s) to bounded wide-character operations,
05_vulnerable_32,C:\Users\weijt\Desktop\UNSW\COMP9900\project\capstone-project-26t2-9900-t17a-almond\input_sources\cwe119\vulnerable\05_vulnerable_32.cpp,wide_char_sink_guard,3,2,partial,run_partial,False,1,1,0.9999673366546631,0.9989835619926453,-0.0009837746620178223,147,183,36,426,494,68,C:\Users\weijt\Desktop\UNSW\COMP9900\project\capstone-project-26t2-9900-t17a-almond\outputs\generated\full_budget_search_20260717\cwe119_vulnerable\runs\baseline\05_vulnerable_32,C:\Users\weijt\Desktop\UNSW\COMP9900\project\capstone-project-26t2-9900-t17a-almond\outputs\generated\full_budget_search_20260717\cwe119_vulnerable\runs\perturbed\05_vulnerable_32__wide_char_sink_guard__c3,C:\Users\weijt\Desktop\UNSW\COMP9900\project\capstone-project-26t2-9900-t17a-almond\outputs\generated\full_budget_search_20260717\cwe119_vulnerable\sources\05_vulnerable_32__wide_char_sink_guard__c3.cpp,rewrote 2 wcscat/wcscpy sink(s) to bounded wide-character operations,
05_vulnerable_32,C:\Users\weijt\Desktop\UNSW\COMP9900\project\capstone-project-26t2-9900-t17a-almond\input_sources\cwe119\vulnerable\05_vulnerable_32.cpp,pattern_dead_code,1,1,generated,ran,False,1,1,0.9999673366546631,0.9999673366546631,0.0,147,202,55,426,527,101,C:\Users\weijt\Desktop\UNSW\COMP9900\project\capstone-project-26t2-9900-t17a-almond\outputs\generated\full_budget_search_20260717\cwe119_vulnerable\runs\baseline\05_vulnerable_32,C:\Users\weijt\Desktop\UNSW\COMP9900\project\capstone-project-26t2-9900-t17a-almond\outputs\generated\full_budget_search_20260717\cwe119_vulnerable\runs\perturbed\05_vulnerable_32__pattern_dead_code__c1,C:\Users\weijt\Desktop\UNSW\COMP9900\project\capstone-project-26t2-9900-t17a-almond\outputs\generated\full_budget_search_20260717\cwe119_vulnerable\sources\05_vulnerable_32__pattern_dead_code__c1.cpp,inserted 1 unreachable pointer/array/length pattern block(s) near sensitive or structural lines,
05_vulnerable_32,C:\Users\weijt\Desktop\UNSW\COMP9900\project\capstone-project-26t2-9900-t17a-almond\input_sources\cwe119\vulnerable\05_vulnerable_32.cpp,pattern_dead_code,2,2,generated,ran,False,1,1,0.9999673366546631,0.9999673366546631,0.0,147,257,110,426,628,202,C:\Users\weijt\Desktop\UNSW\COMP9900\project\capstone-project-26t2-9900-t17a-almond\outputs\generated\full_budget_search_20260717\cwe119_vulnerable\runs\baseline\05_vulnerable_32,C:\Users\weijt\Desktop\UNSW\COMP9900\project\capstone-project-26t2-9900-t17a-almond\outputs\generated\full_budget_search_20260717\cwe119_vulnerable\runs\perturbed\05_vulnerable_32__pattern_dead_code__c2,C:\Users\weijt\Desktop\UNSW\COMP9900\project\capstone-project-26t2-9900-t17a-almond\outputs\generated\full_budget_search_20260717\cwe119_vulnerable\sources\05_vulnerable_32__pattern_dead_code__c2.cpp,inserted 2 unreachable pointer/array/length pattern block(s) near sensitive or structural lines,
05_vulnerable_32,C:\Users\weijt\Desktop\UNSW\COMP9900\project\capstone-project-26t2-9900-t17a-almond\input_sources\cwe119\vulnerable\05_vulnerable_32.cpp,pattern_dead_code,3,3,generated,ran,False,1,1,0.9999673366546631,0.9999673366546631,0.0,147,312,165,426,729,303,C:\Users\weijt\Desktop\UNSW\COMP9900\project\capstone-project-26t2-9900-t17a-almond\outputs\generated\full_budget_search_20260717\cwe119_vulnerable\runs\baseline\05_vulnerable_32,C:\Users\weijt\Desktop\UNSW\COMP9900\project\capstone-project-26t2-9900-t17a-almond\outputs\generated\full_budget_search_20260717\cwe119_vulnerable\runs\perturbed\05_vulnerable_32__pattern_dead_code__c3,C:\Users\weijt\Desktop\UNSW\COMP9900\project\capstone-project-26t2-9900-t17a-almond\outputs\generated\full_budget_search_20260717\cwe119_vulnerable\sources\05_vulnerable_32__pattern_dead_code__c3.cpp,inserted 3 unreachable pointer/array/length pattern block(s) near sensitive or structural lines,
05_vulnerable_32,C:\Users\weijt\Desktop\UNSW\COMP9900\project\capstone-project-26t2-9900-t17a-almond\input_sources\cwe119\vulnerable\05_vulnerable_32.cpp,pattern_dead_code,5,5,generated,ran,False,1,1,0.9999673366546631,0.9999673366546631,0.0,147,422,275,426,931,505,C:\Users\weijt\Desktop\UNSW\COMP9900\project\capstone-project-26t2-9900-t17a-almond\outputs\generated\full_budget_search_20260717\cwe119_vulnerable\runs\baseline\05_vulnerable_32,C:\Users\weijt\Desktop\UNSW\COMP9900\project\capstone-project-26t2-9900-t17a-almond\outputs\generated\full_budget_search_20260717\cwe119_vulnerable\runs\perturbed\05_vulnerable_32__pattern_dead_code__c5,C:\Users\weijt\Desktop\UNSW\COMP9900\project\capstone-project-26t2-9900-t17a-almond\outputs\generated\full_budget_search_20260717\cwe119_vulnerable\sources\05_vulnerable_32__pattern_dead_code__c5.cpp,inserted 5 unreachable pointer/array/length pattern block(s) near sensitive or structural lines,
05_vulnerable_32,C:\Users\weijt\Desktop\UNSW\COMP9900\project\capstone-project-26t2-9900-t17a-almond\input_sources\cwe119\vulnerable\05_vulnerable_32.cpp,control_wrapper,1,1,generated,ran,False,1,1,0.9999673366546631,0.9736072421073914,-0.02636009454727173,147,151,4,426,435,9,C:\Users\weijt\Desktop\UNSW\COMP9900\project\capstone-project-26t2-9900-t17a-almond\outputs\generated\full_budget_search_20260717\cwe119_vulnerable\runs\baseline\05_vulnerable_32,C:\Users\weijt\Desktop\UNSW\COMP9900\project\capstone-project-26t2-9900-t17a-almond\outputs\generated\full_budget_search_20260717\cwe119_vulnerable\runs\perturbed\05_vulnerable_32__control_wrapper__c1,C:\Users\weijt\Desktop\UNSW\COMP9900\project\capstone-project-26t2-9900-t17a-almond\outputs\generated\full_budget_search_20260717\cwe119_vulnerable\sources\05_vulnerable_32__control_wrapper__c1.cpp,wrapped 1 safe single-line statement(s) with if (1) blocks,
05_vulnerable_32,C:\Users\weijt\Desktop\UNSW\COMP9900\project\capstone-project-26t2-9900-t17a-almond\input_sources\cwe119\vulnerable\05_vulnerable_32.cpp,control_wrapper,2,2,generated,ran,False,1,1,0.9999673366546631,0.9736072421073914,-0.02636009454727173,147,155,8,426,444,18,C:\Users\weijt\Desktop\UNSW\COMP9900\project\capstone-project-26t2-9900-t17a-almond\outputs\generated\full_budget_search_20260717\cwe119_vulnerable\runs\baseline\05_vulnerable_32,C:\Users\weijt\Desktop\UNSW\COMP9900\project\capstone-project-26t2-9900-t17a-almond\outputs\generated\full_budget_search_20260717\cwe119_vulnerable\runs\perturbed\05_vulnerable_32__control_wrapper__c2,C:\Users\weijt\Desktop\UNSW\COMP9900\project\capstone-project-26t2-9900-t17a-almond\outputs\generated\full_budget_search_20260717\cwe119_vulnerable\sources\05_vulnerable_32__control_wrapper__c2.cpp,wrapped 2 safe single-line statement(s) with if (1) blocks,
05_vulnerable_32,C:\Users\weijt\Desktop\UNSW\COMP9900\project\capstone-project-26t2-9900-t17a-almond\input_sources\cwe119\vulnerable\05_vulnerable_32.cpp,control_wrapper,3,3,generated,ran,False,1,1,0.9999673366546631,0.9999673366546631,0.0,147,159,12,426,453,27,C:\Users\weijt\Desktop\UNSW\COMP9900\project\capstone-project-26t2-9900-t17a-almond\outputs\generated\full_budget_search_20260717\cwe119_vulnerable\runs\baseline\05_vulnerable_32,C:\Users\weijt\Desktop\UNSW\COMP9900\project\capstone-project-26t2-9900-t17a-almond\outputs\generated\full_budget_search_20260717\cwe119_vulnerable\runs\perturbed\05_vulnerable_32__control_wrapper__c3,C:\Users\weijt\Desktop\UNSW\COMP9900\project\capstone-project-26t2-9900-t17a-almond\outputs\generated\full_budget_search_20260717\cwe119_vulnerable\sources\05_vulnerable_32__control_wrapper__c3.cpp,wrapped 3 safe single-line statement(s) with if (1) blocks,
05_vulnerable_32,C:\Users\weijt\Desktop\UNSW\COMP9900\project\capstone-project-26t2-9900-t17a-almond\input_sources\cwe119\vulnerable\05_vulnerable_32.cpp,control_wrapper,5,5,generated,ran,False,1,1,0.9999673366546631,0.9736072421073914,-0.02636009454727173,147,167,20,426,471,45,C:\Users\weijt\Desktop\UNSW\COMP9900\project\capstone-project-26t2-9900-t17a-almond\outputs\generated\full_budget_search_20260717\cwe119_vulnerable\runs\baseline\05_vulnerable_32,C:\Users\weijt\Desktop\UNSW\COMP9900\project\capstone-project-26t2-9900-t17a-almond\outputs\generated\full_budget_search_20260717\cwe119_vulnerable\runs\perturbed\05_vulnerable_32__control_wrapper__c5,C:\Users\weijt\Desktop\UNSW\COMP9900\project\capstone-project-26t2-9900-t17a-almond\outputs\generated\full_budget_search_20260717\cwe119_vulnerable\sources\05_vulnerable_32__control_wrapper__c5.cpp,wrapped 5 safe single-line statement(s) with if (1) blocks,
05_vulnerable_32,C:\Users\weijt\Desktop\UNSW\COMP9900\project\capstone-project-26t2-9900-t17a-almond\input_sources\cwe119\vulnerable\05_vulnerable_32.cpp,temp_variable_split,1,0,skipped,ran,,,,,,,,,,,,,C:\Users\weijt\Desktop\UNSW\COMP9900\project\capstone-project-26t2-9900-t17a-almond\outputs\generated\full_budget_search_20260717\cwe119_vulnerable\runs\baseline\05_vulnerable_32,,,no simple integer-like assignment candidate found,
