/workspace/src/models/modules/gnns.py:39: UserWarning: 'nn.glob.GlobalAttention' is deprecated, use 'nn.aggr.AttentionalAggregation' instead
  self.attpool = GlobalAttention(torch.nn.Linear(config.hidden_size, 1))
[1/60] cvefixes__01_vulnerable_expand_dynamic_string_token: baseline p=0.071344, label=0, PDG=9/15, XFG=3
  node_add b=1 s=7: applied=1, nested=True, p=0.065249, flip=False, error=none
  node_add b=3 s=7: applied=3, nested=True, p=0.142764, flip=False, error=none
  node_add b=5 s=7: applied=5, nested=True, p=0.141500, flip=False, error=none
  node_add b=1 s=17: applied=1, nested=True, p=0.071344, flip=False, error=none
  node_add b=3 s=17: applied=3, nested=True, p=0.069245, flip=False, error=none
  node_add b=5 s=17: applied=5, nested=True, p=0.048210, flip=False, error=none
  node_add b=1 s=29: applied=1, nested=True, p=0.071344, flip=False, error=none
  node_add b=3 s=29: applied=3, nested=True, p=0.065249, flip=False, error=none
  node_add b=5 s=29: applied=5, nested=True, p=0.065249, flip=False, error=none
  node_add b=1 s=42: applied=1, nested=True, p=0.071344, flip=False, error=none
  node_add b=3 s=42: applied=3, nested=True, p=0.056345, flip=False, error=none
  node_add b=5 s=42: applied=5, nested=True, p=0.240212, flip=False, error=none
  node_add b=1 s=61: applied=1, nested=True, p=0.071344, flip=False, error=none
  node_add b=3 s=61: applied=3, nested=True, p=0.127762, flip=False, error=none
  node_add b=5 s=61: applied=5, nested=True, p=0.390004, flip=False, error=none
  node_add b=1 s=73: applied=1, nested=True, p=0.056345, flip=False, error=none
  node_add b=3 s=73: applied=3, nested=True, p=0.056345, flip=False, error=none
  node_add b=5 s=73: applied=5, nested=True, p=0.056345, flip=False, error=none
  node_add b=1 s=89: applied=1, nested=True, p=0.071344, flip=False, error=none
  node_add b=3 s=89: applied=3, nested=True, p=0.056345, flip=False, error=none
  node_add b=5 s=89: applied=5, nested=True, p=0.114689, flip=False, error=none
  node_add b=1 s=101: applied=1, nested=True, p=0.171676, flip=False, error=none
  node_add b=3 s=101: applied=3, nested=True, p=0.196279, flip=False, error=none
  node_add b=5 s=101: applied=5, nested=True, p=0.196279, flip=False, error=none
  node_add b=1 s=137: applied=1, nested=True, p=0.071344, flip=False, error=none
  node_add b=3 s=137: applied=3, nested=True, p=0.156763, flip=False, error=none
  node_add b=5 s=137: applied=5, nested=True, p=0.222114, flip=False, error=none
  node_add b=1 s=2026: applied=1, nested=True, p=0.071344, flip=False, error=none
  node_add b=3 s=2026: applied=3, nested=True, p=0.065249, flip=False, error=none
  node_add b=5 s=2026: applied=5, nested=True, p=0.091504, flip=False, error=none
  node_delete b=1 s=7: applied=1, nested=True, p=0.060508, flip=False, error=none
  node_delete b=3 s=7: applied=3, nested=True, p=0.824067, flip=True, error=none
  node_delete b=5 s=7: applied=5, nested=True, p=0.600936, flip=True, error=none
  node_delete b=1 s=17: applied=1, nested=True, p=0.181209, flip=False, error=none
  node_delete b=3 s=17: applied=3, nested=True, p=0.147287, flip=False, error=none
  node_delete b=5 s=17: applied=5, nested=True, p=0.869945, flip=True, error=none
  node_delete b=1 s=29: applied=1, nested=True, p=0.181209, flip=False, error=none
  node_delete b=3 s=29: applied=3, nested=True, p=0.198139, flip=False, error=none
  node_delete b=5 s=29: applied=5, nested=True, p=0.343431, flip=False, error=none
  node_delete b=1 s=42: applied=1, nested=True, p=0.814023, flip=True, error=none
  node_delete b=3 s=42: applied=3, nested=True, p=0.729857, flip=True, error=none
  node_delete b=5 s=42: applied=5, nested=True, p=0.219044, flip=False, error=none
  node_delete b=1 s=61: applied=1, nested=True, p=0.111665, flip=False, error=none
  node_delete b=3 s=61: applied=3, nested=True, p=0.505477, flip=True, error=none
  node_delete b=5 s=61: applied=5, nested=True, p=0.552409, flip=True, error=none
  node_delete b=1 s=73: applied=1, nested=True, p=0.060508, flip=False, error=none
  node_delete b=3 s=73: applied=3, nested=True, p=0.067465, flip=False, error=none
  node_delete b=5 s=73: applied=5, nested=True, p=0.733671, flip=True, error=none
  node_delete b=1 s=89: applied=1, nested=True, p=0.038099, flip=False, error=none
  node_delete b=3 s=89: applied=3, nested=True, p=0.751531, flip=True, error=none
  node_delete b=5 s=89: applied=5, nested=True, p=0.219044, flip=False, error=none
  node_delete b=1 s=101: applied=1, nested=True, p=0.181209, flip=False, error=none
  node_delete b=3 s=101: applied=3, nested=True, p=0.583069, flip=True, error=none
  node_delete b=5 s=101: applied=5, nested=True, p=0.552409, flip=True, error=none
  node_delete b=1 s=137: applied=1, nested=True, p=0.038099, flip=False, error=none
  node_delete b=3 s=137: applied=3, nested=True, p=0.600936, flip=True, error=none
  node_delete b=5 s=137: applied=5, nested=True, p=0.219044, flip=False, error=none
  node_delete b=1 s=2026: applied=1, nested=True, p=0.038099, flip=False, error=none
  node_delete b=3 s=2026: applied=3, nested=True, p=0.224588, flip=False, error=none
  node_delete b=5 s=2026: applied=5, nested=True, p=0.067465, flip=False, error=none
  node_attribute_modify b=1 s=7: applied=1, nested=True, p=0.100179, flip=False, error=none
  node_attribute_modify b=3 s=7: applied=3, nested=True, p=0.118488, flip=False, error=none
  node_attribute_modify b=5 s=7: applied=5, nested=True, p=0.628146, flip=True, error=none
  node_attribute_modify b=1 s=17: applied=1, nested=True, p=0.075840, flip=False, error=none
  node_attribute_modify b=3 s=17: applied=3, nested=True, p=0.187020, flip=False, error=none
  node_attribute_modify b=5 s=17: applied=5, nested=True, p=0.201778, flip=False, error=none
  node_attribute_modify b=1 s=29: applied=1, nested=True, p=0.070973, flip=False, error=none
  node_attribute_modify b=3 s=29: applied=3, nested=True, p=0.003170, flip=False, error=none
  node_attribute_modify b=5 s=29: applied=5, nested=True, p=0.655180, flip=True, error=none
  node_attribute_modify b=1 s=42: applied=1, nested=True, p=0.719877, flip=True, error=none
  node_attribute_modify b=3 s=42: applied=3, nested=True, p=0.806348, flip=True, error=none
  node_attribute_modify b=5 s=42: applied=5, nested=True, p=0.868541, flip=True, error=none
  node_attribute_modify b=1 s=61: applied=1, nested=True, p=0.016850, flip=False, error=none
  node_attribute_modify b=3 s=61: applied=3, nested=True, p=0.076734, flip=False, error=none
  node_attribute_modify b=5 s=61: applied=5, nested=True, p=0.012123, flip=False, error=none
  node_attribute_modify b=1 s=73: applied=1, nested=True, p=0.049800, flip=False, error=none
  node_attribute_modify b=3 s=73: applied=3, nested=True, p=0.015009, flip=False, error=none
  node_attribute_modify b=5 s=73: applied=5, nested=True, p=0.294378, flip=False, error=none
  node_attribute_modify b=1 s=89: applied=1, nested=True, p=0.019848, flip=False, error=none
  node_attribute_modify b=3 s=89: applied=3, nested=True, p=0.541145, flip=True, error=none
  node_attribute_modify b=5 s=89: applied=5, nested=True, p=0.609383, flip=True, error=none
  node_attribute_modify b=1 s=101: applied=1, nested=True, p=0.073991, flip=False, error=none
  node_attribute_modify b=3 s=101: applied=3, nested=True, p=0.682017, flip=True, error=none
  node_attribute_modify b=5 s=101: applied=5, nested=True, p=0.720116, flip=True, error=none
  node_attribute_modify b=1 s=137: applied=1, nested=True, p=0.002579, flip=False, error=none
  node_attribute_modify b=3 s=137: applied=3, nested=True, p=0.006538, flip=False, error=none
  node_attribute_modify b=5 s=137: applied=5, nested=True, p=0.007574, flip=False, error=none
  node_attribute_modify b=1 s=2026: applied=1, nested=True, p=0.005146, flip=False, error=none
  node_attribute_modify b=3 s=2026: applied=3, nested=True, p=0.014385, flip=False, error=none
  node_attribute_modify b=5 s=2026: applied=5, nested=True, p=0.080699, flip=False, error=none
  edge_add b=1 s=7: applied=1, nested=True, p=0.068714, flip=False, error=none
  edge_add b=3 s=7: applied=3, nested=True, p=0.063172, flip=False, error=none
  edge_add b=5 s=7: applied=5, nested=True, p=0.071928, flip=False, error=none
  edge_add b=1 s=17: applied=1, nested=True, p=0.060416, flip=False, error=none
  edge_add b=3 s=17: applied=3, nested=True, p=0.059496, flip=False, error=none
  edge_add b=5 s=17: applied=5, nested=True, p=0.051634, flip=False, error=none
  edge_add b=1 s=29: applied=1, nested=True, p=0.059602, flip=False, error=none
  edge_add b=3 s=29: applied=3, nested=True, p=0.048246, flip=False, error=none
  edge_add b=5 s=29: applied=5, nested=True, p=0.038262, flip=False, error=none
  edge_add b=1 s=42: applied=1, nested=True, p=0.066497, flip=False, error=none
  edge_add b=3 s=42: applied=3, nested=True, p=0.053276, flip=False, error=none
  edge_add b=5 s=42: applied=5, nested=True, p=0.047862, flip=False, error=none
  edge_add b=1 s=61: applied=1, nested=True, p=0.033780, flip=False, error=none
  edge_add b=3 s=61: applied=3, nested=True, p=0.058112, flip=False, error=none
  edge_add b=5 s=61: applied=5, nested=True, p=0.094706, flip=False, error=none
  edge_add b=1 s=73: applied=1, nested=True, p=0.113078, flip=False, error=none
  edge_add b=3 s=73: applied=3, nested=True, p=0.040372, flip=False, error=none
  edge_add b=5 s=73: applied=5, nested=True, p=0.041898, flip=False, error=none
  edge_add b=1 s=89: applied=1, nested=True, p=0.067546, flip=False, error=none
  edge_add b=3 s=89: applied=3, nested=True, p=0.031069, flip=False, error=none
  edge_add b=5 s=89: applied=5, nested=True, p=0.022998, flip=False, error=none
  edge_add b=1 s=101: applied=1, nested=True, p=0.102991, flip=False, error=none
  edge_add b=3 s=101: applied=3, nested=True, p=0.085071, flip=False, error=none
  edge_add b=5 s=101: applied=5, nested=True, p=0.086227, flip=False, error=none
  edge_add b=1 s=137: applied=1, nested=True, p=0.038733, flip=False, error=none
  edge_add b=3 s=137: applied=3, nested=True, p=0.013217, flip=False, error=none
  edge_add b=5 s=137: applied=5, nested=True, p=0.027777, flip=False, error=none
  edge_add b=1 s=2026: applied=1, nested=True, p=0.071344, flip=False, error=none
  edge_add b=3 s=2026: applied=3, nested=True, p=0.022015, flip=False, error=none
  edge_add b=5 s=2026: applied=5, nested=True, p=0.041930, flip=False, error=none
  edge_delete b=1 s=7: applied=1, nested=True, p=0.060508, flip=False, error=none
  edge_delete b=3 s=7: applied=3, nested=True, p=0.005127, flip=False, error=none
  edge_delete b=5 s=7: applied=5, nested=True, p=0.072475, flip=False, error=none
  edge_delete b=1 s=17: applied=1, nested=True, p=0.073582, flip=False, error=none
  edge_delete b=3 s=17: applied=3, nested=True, p=0.218439, flip=False, error=none
  edge_delete b=5 s=17: applied=5, nested=True, p=0.142757, flip=False, error=none
  edge_delete b=1 s=29: applied=1, nested=True, p=0.073582, flip=False, error=none
  edge_delete b=3 s=29: applied=3, nested=True, p=0.146125, flip=False, error=none
  edge_delete b=5 s=29: applied=5, nested=True, p=0.474084, flip=False, error=none
  edge_delete b=1 s=42: applied=1, nested=True, p=0.071344, flip=False, error=none
  edge_delete b=3 s=42: applied=3, nested=True, p=0.083910, flip=False, error=none
  edge_delete b=5 s=42: applied=5, nested=True, p=0.154222, flip=False, error=none
  edge_delete b=1 s=61: applied=1, nested=True, p=0.111665, flip=False, error=none
  edge_delete b=3 s=61: applied=3, nested=True, p=0.046686, flip=False, error=none
  edge_delete b=5 s=61: applied=5, nested=True, p=0.502479, flip=True, error=none
  edge_delete b=1 s=73: applied=1, nested=True, p=0.121464, flip=False, error=none
  edge_delete b=3 s=73: applied=3, nested=True, p=0.121464, flip=False, error=none
  edge_delete b=5 s=73: applied=5, nested=True, p=0.607129, flip=True, error=none
  edge_delete b=1 s=89: applied=1, nested=True, p=0.083910, flip=False, error=none
  edge_delete b=3 s=89: applied=3, nested=True, p=0.365251, flip=False, error=none
  edge_delete b=5 s=89: applied=5, nested=True, p=0.507146, flip=True, error=none
  edge_delete b=1 s=101: applied=1, nested=True, p=0.100762, flip=False, error=none
  edge_delete b=3 s=101: applied=3, nested=True, p=0.082559, flip=False, error=none
  edge_delete b=5 s=101: applied=5, nested=True, p=0.118800, flip=False, error=none
  edge_delete b=1 s=137: applied=1, nested=True, p=0.083910, flip=False, error=none
  edge_delete b=3 s=137: applied=3, nested=True, p=0.052785, flip=False, error=none
  edge_delete b=5 s=137: applied=5, nested=True, p=0.018881, flip=False, error=none
  edge_delete b=1 s=2026: applied=1, nested=True, p=0.083910, flip=False, error=none
  edge_delete b=3 s=2026: applied=3, nested=True, p=0.083630, flip=False, error=none
  edge_delete b=5 s=2026: applied=5, nested=True, p=0.583693, flip=True, error=none
  edge_reconnect b=1 s=7: applied=1, nested=True, p=0.029424, flip=False, error=none
  edge_reconnect b=3 s=7: applied=3, nested=True, p=0.612080, flip=True, error=none
  edge_reconnect b=5 s=7: applied=5, nested=True, p=0.044756, flip=False, error=none
  edge_reconnect b=1 s=17: applied=1, nested=True, p=0.350948, flip=False, error=none
  edge_reconnect b=3 s=17: applied=3, nested=True, p=0.111879, flip=False, error=none
  edge_reconnect b=5 s=17: applied=5, nested=True, p=0.176924, flip=False, error=none
  edge_reconnect b=1 s=29: applied=1, nested=True, p=0.047997, flip=False, error=none
  edge_reconnect b=3 s=29: applied=3, nested=True, p=0.011551, flip=False, error=none
  edge_reconnect b=5 s=29: applied=5, nested=True, p=0.008843, flip=False, error=none
  edge_reconnect b=1 s=42: applied=1, nested=True, p=0.064559, flip=False, error=none
  edge_reconnect b=3 s=42: applied=3, nested=True, p=0.045602, flip=False, error=none
  edge_reconnect b=5 s=42: applied=5, nested=True, p=0.034659, flip=False, error=none
  edge_reconnect b=1 s=61: applied=1, nested=True, p=0.349543, flip=False, error=none
  edge_reconnect b=3 s=61: applied=3, nested=True, p=0.086358, flip=False, error=none
  edge_reconnect b=5 s=61: applied=5, nested=True, p=0.046195, flip=False, error=none
  edge_reconnect b=1 s=73: applied=1, nested=True, p=0.037810, flip=False, error=none
  edge_reconnect b=3 s=73: applied=3, nested=True, p=0.021517, flip=False, error=none
  edge_reconnect b=5 s=73: applied=5, nested=True, p=0.039363, flip=False, error=none
  edge_reconnect b=1 s=89: applied=1, nested=True, p=0.056028, flip=False, error=none
  edge_reconnect b=3 s=89: applied=3, nested=True, p=0.233551, flip=False, error=none
  edge_reconnect b=5 s=89: applied=5, nested=True, p=0.070950, flip=False, error=none
  edge_reconnect b=1 s=101: applied=1, nested=True, p=0.092489, flip=False, error=none
  edge_reconnect b=3 s=101: applied=3, nested=True, p=0.064745, flip=False, error=none
  edge_reconnect b=5 s=101: applied=5, nested=True, p=0.089996, flip=False, error=none
  edge_reconnect b=1 s=137: applied=1, nested=True, p=0.034749, flip=False, error=none
  edge_reconnect b=3 s=137: applied=3, nested=True, p=0.009500, flip=False, error=none
  edge_reconnect b=5 s=137: applied=5, nested=True, p=0.003935, flip=False, error=none
  edge_reconnect b=1 s=2026: applied=1, nested=True, p=0.044920, flip=False, error=none
  edge_reconnect b=3 s=2026: applied=3, nested=True, p=0.213888, flip=False, error=none
  edge_reconnect b=5 s=2026: applied=5, nested=True, p=0.205591, flip=False, error=none
[2/60] cvefixes__02_fixed_dl_dst_substitute: baseline p=0.000000, label=0, PDG=24/113, XFG=4
  node_add b=1 s=7: applied=1, nested=True, p=0.000000, flip=False, error=none
  node_add b=3 s=7: applied=3, nested=True, p=0.000000, flip=False, error=none
  node_add b=5 s=7: applied=5, nested=True, p=0.000000, flip=False, error=none
  node_add b=1 s=17: applied=1, nested=True, p=0.000000, flip=False, error=none
  node_add b=3 s=17: applied=3, nested=True, p=0.000000, flip=False, error=none
  node_add b=5 s=17: applied=5, nested=True, p=0.000000, flip=False, error=none
  node_add b=1 s=29: applied=1, nested=True, p=0.000000, flip=False, error=none
  node_add b=3 s=29: applied=3, nested=True, p=0.000000, flip=False, error=none
  node_add b=5 s=29: applied=5, nested=True, p=0.000000, flip=False, error=none
  node_add b=1 s=42: applied=1, nested=True, p=0.000000, flip=False, error=none
  node_add b=3 s=42: applied=3, nested=True, p=0.000000, flip=False, error=none
  node_add b=5 s=42: applied=5, nested=True, p=0.000000, flip=False, error=none
  node_add b=1 s=61: applied=1, nested=True, p=0.000000, flip=False, error=none
  node_add b=3 s=61: applied=3, nested=True, p=0.000000, flip=False, error=none
  node_add b=5 s=61: applied=5, nested=True, p=0.000000, flip=False, error=none
  node_add b=1 s=73: applied=1, nested=True, p=0.000000, flip=False, error=none
  node_add b=3 s=73: applied=3, nested=True, p=0.000000, flip=False, error=none
  node_add b=5 s=73: applied=5, nested=True, p=0.000000, flip=False, error=none
  node_add b=1 s=89: applied=1, nested=True, p=0.000000, flip=False, error=none
  node_add b=3 s=89: applied=3, nested=True, p=0.000000, flip=False, error=none
  node_add b=5 s=89: applied=5, nested=True, p=0.000000, flip=False, error=none
  node_add b=1 s=101: applied=1, nested=True, p=0.000000, flip=False, error=none
  node_add b=3 s=101: applied=3, nested=True, p=0.000000, flip=False, error=none
  node_add b=5 s=101: applied=5, nested=True, p=0.000000, flip=False, error=none
  node_add b=1 s=137: applied=1, nested=True, p=0.000000, flip=False, error=none
  node_add b=3 s=137: applied=3, nested=True, p=0.000000, flip=False, error=none
  node_add b=5 s=137: applied=5, nested=True, p=0.000000, flip=False, error=none
  node_add b=1 s=2026: applied=1, nested=True, p=0.000000, flip=False, error=none
  node_add b=3 s=2026: applied=3, nested=True, p=0.000000, flip=False, error=none
  node_add b=5 s=2026: applied=5, nested=True, p=0.000000, flip=False, error=none
  node_delete b=1 s=7: applied=1, nested=True, p=0.000000, flip=False, error=none
  node_delete b=3 s=7: applied=3, nested=True, p=0.000000, flip=False, error=none
  node_delete b=5 s=7: applied=5, nested=True, p=0.000000, flip=False, error=none
  node_delete b=1 s=17: applied=1, nested=True, p=0.000000, flip=False, error=none
  node_delete b=3 s=17: applied=3, nested=True, p=0.000000, flip=False, error=none
  node_delete b=5 s=17: applied=5, nested=True, p=0.000000, flip=False, error=none
  node_delete b=1 s=29: applied=1, nested=True, p=0.000000, flip=False, error=none
  node_delete b=3 s=29: applied=3, nested=True, p=0.000000, flip=False, error=none
  node_delete b=5 s=29: applied=5, nested=True, p=0.000000, flip=False, error=none
  node_delete b=1 s=42: applied=1, nested=True, p=0.000000, flip=False, error=none
  node_delete b=3 s=42: applied=3, nested=True, p=0.000000, flip=False, error=none
  node_delete b=5 s=42: applied=5, nested=True, p=0.000000, flip=False, error=none
  node_delete b=1 s=61: applied=1, nested=True, p=0.000000, flip=False, error=none
  node_delete b=3 s=61: applied=3, nested=True, p=0.000000, flip=False, error=none
  node_delete b=5 s=61: applied=5, nested=True, p=0.000000, flip=False, error=none
  node_delete b=1 s=73: applied=1, nested=True, p=0.000000, flip=False, error=none
  node_delete b=3 s=73: applied=3, nested=True, p=0.000000, flip=False, error=none
  node_delete b=5 s=73: applied=5, nested=True, p=0.000000, flip=False, error=none
  node_delete b=1 s=89: applied=1, nested=True, p=0.000000, flip=False, error=none
  node_delete b=3 s=89: applied=3, nested=True, p=0.000000, flip=False, error=none
  node_delete b=5 s=89: applied=5, nested=True, p=0.000000, flip=False, error=none
  node_delete b=1 s=101: applied=1, nested=True, p=0.000000, flip=False, error=none
  node_delete b=3 s=101: applied=3, nested=True, p=0.000000, flip=False, error=none
  node_delete b=5 s=101: applied=5, nested=True, p=0.000000, flip=False, error=none
  node_delete b=1 s=137: applied=1, nested=True, p=0.000000, flip=False, error=none
  node_delete b=3 s=137: applied=3, nested=True, p=0.000000, flip=False, error=none
  node_delete b=5 s=137: applied=5, nested=True, p=0.000000, flip=False, error=none
  node_delete b=1 s=2026: applied=1, nested=True, p=0.000000, flip=False, error=none
  node_delete b=3 s=2026: applied=3, nested=True, p=0.000001, flip=False, error=none
  node_delete b=5 s=2026: applied=5, nested=True, p=0.000002, flip=False, error=none
  node_attribute_modify b=1 s=7: applied=1, nested=True, p=0.000000, flip=False, error=none
  node_attribute_modify b=3 s=7: applied=3, nested=True, p=0.000000, flip=False, error=none
  node_attribute_modify b=5 s=7: applied=5, nested=True, p=0.000000, flip=False, error=none
  node_attribute_modify b=1 s=17: applied=1, nested=True, p=0.000000, flip=False, error=none
  node_attribute_modify b=3 s=17: applied=3, nested=True, p=0.000000, flip=False, error=none
  node_attribute_modify b=5 s=17: applied=5, nested=True, p=0.000000, flip=False, error=none
  node_attribute_modify b=1 s=29: applied=1, nested=True, p=0.000000, flip=False, error=none
  node_attribute_modify b=3 s=29: applied=3, nested=True, p=0.000000, flip=False, error=none
  node_attribute_modify b=5 s=29: applied=5, nested=True, p=0.000000, flip=False, error=none
  node_attribute_modify b=1 s=42: applied=1, nested=True, p=0.000000, flip=False, error=none
  node_attribute_modify b=3 s=42: applied=3, nested=True, p=0.000000, flip=False, error=none
  node_attribute_modify b=5 s=42: applied=5, nested=True, p=0.000000, flip=False, error=none
  node_attribute_modify b=1 s=61: applied=1, nested=True, p=0.000000, flip=False, error=none
  node_attribute_modify b=3 s=61: applied=3, nested=True, p=0.000000, flip=False, error=none
  node_attribute_modify b=5 s=61: applied=5, nested=True, p=0.000000, flip=False, error=none
  node_attribute_modify b=1 s=73: applied=1, nested=True, p=0.000000, flip=False, error=none
  node_attribute_modify b=3 s=73: applied=3, nested=True, p=0.000000, flip=False, error=none
  node_attribute_modify b=5 s=73: applied=5, nested=True, p=0.000000, flip=False, error=none
  node_attribute_modify b=1 s=89: applied=1, nested=True, p=0.000000, flip=False, error=none
  node_attribute_modify b=3 s=89: applied=3, nested=True, p=0.000000, flip=False, error=none
  node_attribute_modify b=5 s=89: applied=5, nested=True, p=0.000000, flip=False, error=none
  node_attribute_modify b=1 s=101: applied=1, nested=True, p=0.000000, flip=False, error=none
  node_attribute_modify b=3 s=101: applied=3, nested=True, p=0.000000, flip=False, error=none
  node_attribute_modify b=5 s=101: applied=5, nested=True, p=0.000000, flip=False, error=none
  node_attribute_modify b=1 s=137: applied=1, nested=True, p=0.000000, flip=False, error=none
  node_attribute_modify b=3 s=137: applied=3, nested=True, p=0.000000, flip=False, error=none
  node_attribute_modify b=5 s=137: applied=5, nested=True, p=0.000000, flip=False, error=none
  node_attribute_modify b=1 s=2026: applied=1, nested=True, p=0.000000, flip=False, error=none
  node_attribute_modify b=3 s=2026: applied=3, nested=True, p=0.000000, flip=False, error=none
  node_attribute_modify b=5 s=2026: applied=5, nested=True, p=0.000000, flip=False, error=none
  edge_add b=1 s=7: applied=1, nested=True, p=0.000000, flip=False, error=none
  edge_add b=3 s=7: applied=3, nested=True, p=0.000000, flip=False, error=none
  edge_add b=5 s=7: applied=5, nested=True, p=0.000000, flip=False, error=none
  edge_add b=1 s=17: applied=1, nested=True, p=0.000000, flip=False, error=none
  edge_add b=3 s=17: applied=3, nested=True, p=0.000000, flip=False, error=none
  edge_add b=5 s=17: applied=5, nested=True, p=0.000000, flip=False, error=none
  edge_add b=1 s=29: applied=1, nested=True, p=0.000000, flip=False, error=none
  edge_add b=3 s=29: applied=3, nested=True, p=0.000000, flip=False, error=none
  edge_add b=5 s=29: applied=5, nested=True, p=0.000000, flip=False, error=none
  edge_add b=1 s=42: applied=1, nested=True, p=0.000000, flip=False, error=none
  edge_add b=3 s=42: applied=3, nested=True, p=0.000000, flip=False, error=none
  edge_add b=5 s=42: applied=5, nested=True, p=0.000000, flip=False, error=none
  edge_add b=1 s=61: applied=1, nested=True, p=0.000000, flip=False, error=none
  edge_add b=3 s=61: applied=3, nested=True, p=0.000000, flip=False, error=none
  edge_add b=5 s=61: applied=5, nested=True, p=0.000000, flip=False, error=none
  edge_add b=1 s=73: applied=1, nested=True, p=0.000000, flip=False, error=none
  edge_add b=3 s=73: applied=3, nested=True, p=0.000000, flip=False, error=none
  edge_add b=5 s=73: applied=5, nested=True, p=0.000000, flip=False, error=none
  edge_add b=1 s=89: applied=1, nested=True, p=0.000000, flip=False, error=none
  edge_add b=3 s=89: applied=3, nested=True, p=0.000000, flip=False, error=none
  edge_add b=5 s=89: applied=5, nested=True, p=0.000000, flip=False, error=none
  edge_add b=1 s=101: applied=1, nested=True, p=0.000000, flip=False, error=none
  edge_add b=3 s=101: applied=3, nested=True, p=0.000000, flip=False, error=none
  edge_add b=5 s=101: applied=5, nested=True, p=0.000000, flip=False, error=none
  edge_add b=1 s=137: applied=1, nested=True, p=0.000000, flip=False, error=none
  edge_add b=3 s=137: applied=3, nested=True, p=0.000000, flip=False, error=none
  edge_add b=5 s=137: applied=5, nested=True, p=0.000000, flip=False, error=none
  edge_add b=1 s=2026: applied=1, nested=True, p=0.000000, flip=False, error=none
  edge_add b=3 s=2026: applied=3, nested=True, p=0.000000, flip=False, error=none
  edge_add b=5 s=2026: applied=5, nested=True, p=0.000000, flip=False, error=none
  edge_delete b=1 s=7: applied=1, nested=True, p=0.000000, flip=False, error=none
  edge_delete b=3 s=7: applied=3, nested=True, p=0.000000, flip=False, error=none
  edge_delete b=5 s=7: applied=5, nested=True, p=0.000000, flip=False, error=none
  edge_delete b=1 s=17: applied=1, nested=True, p=0.000000, flip=False, error=none
  edge_delete b=3 s=17: applied=3, nested=True, p=0.000000, flip=False, error=none
  edge_delete b=5 s=17: applied=5, nested=True, p=0.000000, flip=False, error=none
  edge_delete b=1 s=29: applied=1, nested=True, p=0.000000, flip=False, error=none
  edge_delete b=3 s=29: applied=3, nested=True, p=0.000000, flip=False, error=none
  edge_delete b=5 s=29: applied=5, nested=True, p=0.000000, flip=False, error=none
  edge_delete b=1 s=42: applied=1, nested=True, p=0.000000, flip=False, error=none
  edge_delete b=3 s=42: applied=3, nested=True, p=0.000000, flip=False, error=none
  edge_delete b=5 s=42: applied=5, nested=True, p=0.000000, flip=False, error=none
  edge_delete b=1 s=61: applied=1, nested=True, p=0.000000, flip=False, error=none
  edge_delete b=3 s=61: applied=3, nested=True, p=0.000000, flip=False, error=none
  edge_delete b=5 s=61: applied=5, nested=True, p=0.000000, flip=False, error=none
  edge_delete b=1 s=73: applied=1, nested=True, p=0.000000, flip=False, error=none
  edge_delete b=3 s=73: applied=3, nested=True, p=0.000000, flip=False, error=none
  edge_delete b=5 s=73: applied=5, nested=True, p=0.000000, flip=False, error=none
  edge_delete b=1 s=89: applied=1, nested=True, p=0.000000, flip=False, error=none
  edge_delete b=3 s=89: applied=3, nested=True, p=0.000000, flip=False, error=none
  edge_delete b=5 s=89: applied=5, nested=True, p=0.000000, flip=False, error=none
  edge_delete b=1 s=101: applied=1, nested=True, p=0.000000, flip=False, error=none
  edge_delete b=3 s=101: applied=3, nested=True, p=0.000000, flip=False, error=none
  edge_delete b=5 s=101: applied=5, nested=True, p=0.000000, flip=False, error=none
  edge_delete b=1 s=137: applied=1, nested=True, p=0.000000, flip=False, error=none
  edge_delete b=3 s=137: applied=3, nested=True, p=0.000000, flip=False, error=none
  edge_delete b=5 s=137: applied=5, nested=True, p=0.000000, flip=False, error=none
  edge_delete b=1 s=2026: applied=1, nested=True, p=0.000000, flip=False, error=none
  edge_delete b=3 s=2026: applied=3, nested=True, p=0.000000, flip=False, error=none
  edge_delete b=5 s=2026: applied=5, nested=True, p=0.000000, flip=False, error=none
  edge_reconnect b=1 s=7: applied=1, nested=True, p=0.000000, flip=False, error=none
  edge_reconnect b=3 s=7: applied=3, nested=True, p=0.000000, flip=False, error=none
  edge_reconnect b=5 s=7: applied=5, nested=True, p=0.000000, flip=False, error=none
  edge_reconnect b=1 s=17: applied=1, nested=True, p=0.000000, flip=False, error=none
  edge_reconnect b=3 s=17: applied=3, nested=True, p=0.000000, flip=False, error=none
  edge_reconnect b=5 s=17: applied=5, nested=True, p=0.000000, flip=False, error=none
  edge_reconnect b=1 s=29: applied=1, nested=True, p=0.000000, flip=False, error=none
  edge_reconnect b=3 s=29: applied=3, nested=True, p=0.000000, flip=False, error=none
  edge_reconnect b=5 s=29: applied=5, nested=True, p=0.000000, flip=False, error=none
  edge_reconnect b=1 s=42: applied=1, nested=True, p=0.000000, flip=False, error=none
  edge_reconnect b=3 s=42: applied=3, nested=True, p=0.000000, flip=False, error=none
  edge_reconnect b=5 s=42: applied=5, nested=True, p=0.000000, flip=False, error=none
  edge_reconnect b=1 s=61: applied=1, nested=True, p=0.000000, flip=False, error=none
  edge_reconnect b=3 s=61: applied=3, nested=True, p=0.000000, flip=False, error=none
  edge_reconnect b=5 s=61: applied=5, nested=True, p=0.000000, flip=False, error=none
  edge_reconnect b=1 s=73: applied=1, nested=True, p=0.000000, flip=False, error=none
  edge_reconnect b=3 s=73: applied=3, nested=True, p=0.000000, flip=False, error=none
  edge_reconnect b=5 s=73: applied=5, nested=True, p=0.000000, flip=False, error=none
  edge_reconnect b=1 s=89: applied=1, nested=True, p=0.000000, flip=False, error=none
  edge_reconnect b=3 s=89: applied=3, nested=True, p=0.000000, flip=False, error=none
  edge_reconnect b=5 s=89: applied=5, nested=True, p=0.000000, flip=False, error=none
  edge_reconnect b=1 s=101: applied=1, nested=True, p=0.000000, flip=False, error=none
  edge_reconnect b=3 s=101: applied=3, nested=True, p=0.000000, flip=False, error=none
  edge_reconnect b=5 s=101: applied=5, nested=True, p=0.000000, flip=False, error=none
  edge_reconnect b=1 s=137: applied=1, nested=True, p=0.000000, flip=False, error=none
  edge_reconnect b=3 s=137: applied=3, nested=True, p=0.000000, flip=False, error=none
  edge_reconnect b=5 s=137: applied=5, nested=True, p=0.000000, flip=False, error=none
  edge_reconnect b=1 s=2026: applied=1, nested=True, p=0.000000, flip=False, error=none
  edge_reconnect b=3 s=2026: applied=3, nested=True, p=0.000000, flip=False, error=none
  edge_reconnect b=5 s=2026: applied=5, nested=True, p=0.000000, flip=False, error=none
[3/60] cvefixes__03_fixed_KPasswordDlg_keyPressed: baseline p=0.000002, label=0, PDG=31/34, XFG=4
  node_add b=1 s=7: applied=1, nested=True, p=0.000002, flip=False, error=none
  node_add b=3 s=7: applied=3, nested=True, p=0.000002, flip=False, error=none
  node_add b=5 s=7: applied=5, nested=True, p=0.000002, flip=False, error=none
  node_add b=1 s=17: applied=1, nested=True, p=0.000002, flip=False, error=none
  node_add b=3 s=17: applied=3, nested=True, p=0.000002, flip=False, error=none
  node_add b=5 s=17: applied=5, nested=True, p=0.000002, flip=False, error=none
  node_add b=1 s=29: applied=1, nested=True, p=0.000002, flip=False, error=none
  node_add b=3 s=29: applied=3, nested=True, p=0.000002, flip=False, error=none
  node_add b=5 s=29: applied=5, nested=True, p=0.000002, flip=False, error=none
  node_add b=1 s=42: applied=1, nested=True, p=0.000002, flip=False, error=none
  node_add b=3 s=42: applied=3, nested=True, p=0.000002, flip=False, error=none
  node_add b=5 s=42: applied=5, nested=True, p=0.000002, flip=False, error=none
  node_add b=1 s=61: applied=1, nested=True, p=0.000002, flip=False, error=none
  node_add b=3 s=61: applied=3, nested=True, p=0.000002, flip=False, error=none
  node_add b=5 s=61: applied=5, nested=True, p=0.000002, flip=False, error=none
  node_add b=1 s=73: applied=1, nested=True, p=0.000002, flip=False, error=none
  node_add b=3 s=73: applied=3, nested=True, p=0.000002, flip=False, error=none
  node_add b=5 s=73: applied=5, nested=True, p=0.000002, flip=False, error=none
  node_add b=1 s=89: applied=1, nested=True, p=0.000002, flip=False, error=none
  node_add b=3 s=89: applied=3, nested=True, p=0.000002, flip=False, error=none
  node_add b=5 s=89: applied=5, nested=True, p=0.000002, flip=False, error=none
  node_add b=1 s=101: applied=1, nested=True, p=0.000002, flip=False, error=none
  node_add b=3 s=101: applied=3, nested=True, p=0.000004, flip=False, error=none
  node_add b=5 s=101: applied=5, nested=True, p=0.000003, flip=False, error=none
  node_add b=1 s=137: applied=1, nested=True, p=0.000002, flip=False, error=none
  node_add b=3 s=137: applied=3, nested=True, p=0.000002, flip=False, error=none
  node_add b=5 s=137: applied=5, nested=True, p=0.000002, flip=False, error=none
  node_add b=1 s=2026: applied=1, nested=True, p=0.000002, flip=False, error=none
  node_add b=3 s=2026: applied=3, nested=True, p=0.000002, flip=False, error=none
  node_add b=5 s=2026: applied=5, nested=True, p=0.000002, flip=False, error=none
  node_delete b=1 s=7: applied=1, nested=True, p=0.000002, flip=False, error=none
  node_delete b=3 s=7: applied=3, nested=True, p=0.000000, flip=False, error=none
  node_delete b=5 s=7: applied=5, nested=True, p=0.000001, flip=False, error=none
  node_delete b=1 s=17: applied=1, nested=True, p=0.000002, flip=False, error=none
  node_delete b=3 s=17: applied=3, nested=True, p=0.000002, flip=False, error=none
  node_delete b=5 s=17: applied=5, nested=True, p=0.000002, flip=False, error=none
  node_delete b=1 s=29: applied=1, nested=True, p=0.000002, flip=False, error=none
  node_delete b=3 s=29: applied=3, nested=True, p=0.000018, flip=False, error=none
  node_delete b=5 s=29: applied=5, nested=True, p=0.000008, flip=False, error=none
  node_delete b=1 s=42: applied=1, nested=True, p=0.000002, flip=False, error=none
  node_delete b=3 s=42: applied=3, nested=True, p=0.007206, flip=False, error=none
  node_delete b=5 s=42: applied=5, nested=True, p=0.012245, flip=False, error=none
  node_delete b=1 s=61: applied=1, nested=True, p=0.000002, flip=False, error=none
  node_delete b=3 s=61: applied=3, nested=True, p=0.000002, flip=False, error=none
  node_delete b=5 s=61: applied=5, nested=True, p=0.000002, flip=False, error=none
  node_delete b=1 s=73: applied=1, nested=True, p=0.000143, flip=False, error=none
  node_delete b=3 s=73: applied=3, nested=True, p=0.000143, flip=False, error=none
  node_delete b=5 s=73: applied=5, nested=True, p=0.000143, flip=False, error=none
  node_delete b=1 s=89: applied=1, nested=True, p=0.000015, flip=False, error=none
  node_delete b=3 s=89: applied=3, nested=True, p=0.000069, flip=False, error=none
  node_delete b=5 s=89: applied=5, nested=True, p=0.000018, flip=False, error=none
  node_delete b=1 s=101: applied=1, nested=True, p=0.000002, flip=False, error=none
  node_delete b=3 s=101: applied=3, nested=True, p=0.000002, flip=False, error=none
  node_delete b=5 s=101: applied=5, nested=True, p=0.000002, flip=False, error=none
  node_delete b=1 s=137: applied=1, nested=True, p=0.000015, flip=False, error=none
  node_delete b=3 s=137: applied=3, nested=True, p=0.000019, flip=False, error=none
  node_delete b=5 s=137: applied=5, nested=True, p=0.000143, flip=False, error=none
  node_delete b=1 s=2026: applied=1, nested=True, p=0.000003, flip=False, error=none
  node_delete b=3 s=2026: applied=3, nested=True, p=0.000002, flip=False, error=none
  node_delete b=5 s=2026: applied=5, nested=True, p=0.000002, flip=False, error=none
  node_attribute_modify b=1 s=7: applied=1, nested=True, p=0.000002, flip=False, error=none
  node_attribute_modify b=3 s=7: applied=3, nested=True, p=0.000002, flip=False, error=none
  node_attribute_modify b=5 s=7: applied=5, nested=True, p=0.000002, flip=False, error=none
  node_attribute_modify b=1 s=17: applied=1, nested=True, p=0.000002, flip=False, error=none
  node_attribute_modify b=3 s=17: applied=3, nested=True, p=0.000006, flip=False, error=none
  node_attribute_modify b=5 s=17: applied=5, nested=True, p=0.000006, flip=False, error=none
  node_attribute_modify b=1 s=29: applied=1, nested=True, p=0.000002, flip=False, error=none
  node_attribute_modify b=3 s=29: applied=3, nested=True, p=0.000004, flip=False, error=none
  node_attribute_modify b=5 s=29: applied=5, nested=True, p=0.000002, flip=False, error=none
  node_attribute_modify b=1 s=42: applied=1, nested=True, p=0.000002, flip=False, error=none
  node_attribute_modify b=3 s=42: applied=3, nested=True, p=0.000718, flip=False, error=none
  node_attribute_modify b=5 s=42: applied=5, nested=True, p=0.001676, flip=False, error=none
  node_attribute_modify b=1 s=61: applied=1, nested=True, p=0.000002, flip=False, error=none
  node_attribute_modify b=3 s=61: applied=3, nested=True, p=0.000002, flip=False, error=none
  node_attribute_modify b=5 s=61: applied=5, nested=True, p=0.000002, flip=False, error=none
  node_attribute_modify b=1 s=73: applied=1, nested=True, p=0.000002, flip=False, error=none
  node_attribute_modify b=3 s=73: applied=3, nested=True, p=0.000002, flip=False, error=none
  node_attribute_modify b=5 s=73: applied=5, nested=True, p=0.000002, flip=False, error=none
  node_attribute_modify b=1 s=89: applied=1, nested=True, p=0.000002, flip=False, error=none
  node_attribute_modify b=3 s=89: applied=3, nested=True, p=0.000000, flip=False, error=none
  node_attribute_modify b=5 s=89: applied=5, nested=True, p=0.000000, flip=False, error=none
  node_attribute_modify b=1 s=101: applied=1, nested=True, p=0.000002, flip=False, error=none
  node_attribute_modify b=3 s=101: applied=3, nested=True, p=0.000002, flip=False, error=none
  node_attribute_modify b=5 s=101: applied=5, nested=True, p=0.000002, flip=False, error=none
  node_attribute_modify b=1 s=137: applied=1, nested=True, p=0.000003, flip=False, error=none
  node_attribute_modify b=3 s=137: applied=3, nested=True, p=0.000003, flip=False, error=none
  node_attribute_modify b=5 s=137: applied=5, nested=True, p=0.000003, flip=False, error=none
  node_attribute_modify b=1 s=2026: applied=1, nested=True, p=0.000002, flip=False, error=none
  node_attribute_modify b=3 s=2026: applied=3, nested=True, p=0.000001, flip=False, error=none
  node_attribute_modify b=5 s=2026: applied=5, nested=True, p=0.000001, flip=False, error=none
  edge_add b=1 s=7: applied=1, nested=True, p=0.000002, flip=False, error=none
  edge_add b=3 s=7: applied=3, nested=True, p=0.000002, flip=False, error=none
  edge_add b=5 s=7: applied=5, nested=True, p=0.000002, flip=False, error=none
  edge_add b=1 s=17: applied=1, nested=True, p=0.000002, flip=False, error=none
  edge_add b=3 s=17: applied=3, nested=True, p=0.000002, flip=False, error=none
  edge_add b=5 s=17: applied=5, nested=True, p=0.000002, flip=False, error=none
  edge_add b=1 s=29: applied=1, nested=True, p=0.000086, flip=False, error=none
  edge_add b=3 s=29: applied=3, nested=True, p=0.000086, flip=False, error=none
  edge_add b=5 s=29: applied=5, nested=True, p=0.000014, flip=False, error=none
  edge_add b=1 s=42: applied=1, nested=True, p=0.000002, flip=False, error=none
  edge_add b=3 s=42: applied=3, nested=True, p=0.000002, flip=False, error=none
  edge_add b=5 s=42: applied=5, nested=True, p=0.000002, flip=False, error=none
  edge_add b=1 s=61: applied=1, nested=True, p=0.000021, flip=False, error=none
  edge_add b=3 s=61: applied=3, nested=True, p=0.000064, flip=False, error=none
  edge_add b=5 s=61: applied=5, nested=True, p=0.000064, flip=False, error=none
  edge_add b=1 s=73: applied=1, nested=True, p=0.000007, flip=False, error=none
  edge_add b=3 s=73: applied=3, nested=True, p=0.000007, flip=False, error=none
  edge_add b=5 s=73: applied=5, nested=True, p=0.000002, flip=False, error=none
  edge_add b=1 s=89: applied=1, nested=True, p=0.000002, flip=False, error=none
  edge_add b=3 s=89: applied=3, nested=True, p=0.000019, flip=False, error=none
  edge_add b=5 s=89: applied=5, nested=True, p=0.000016, flip=False, error=none
  edge_add b=1 s=101: applied=1, nested=True, p=0.000040, flip=False, error=none
  edge_add b=3 s=101: applied=3, nested=True, p=0.000034, flip=False, error=none
  edge_add b=5 s=101: applied=5, nested=True, p=0.000034, flip=False, error=none
  edge_add b=1 s=137: applied=1, nested=True, p=0.000010, flip=False, error=none
  edge_add b=3 s=137: applied=3, nested=True, p=0.000001, flip=False, error=none
  edge_add b=5 s=137: applied=5, nested=True, p=0.000000, flip=False, error=none
  edge_add b=1 s=2026: applied=1, nested=True, p=0.000002, flip=False, error=none
  edge_add b=3 s=2026: applied=3, nested=True, p=0.000003, flip=False, error=none
  edge_add b=5 s=2026: applied=5, nested=True, p=0.000013, flip=False, error=none
  edge_delete b=1 s=7: applied=1, nested=True, p=0.000002, flip=False, error=none
  edge_delete b=3 s=7: applied=3, nested=True, p=0.000002, flip=False, error=none
  edge_delete b=5 s=7: applied=5, nested=True, p=0.000002, flip=False, error=none
  edge_delete b=1 s=17: applied=1, nested=True, p=0.000002, flip=False, error=none
  edge_delete b=3 s=17: applied=3, nested=True, p=0.000002, flip=False, error=none
  edge_delete b=5 s=17: applied=5, nested=True, p=0.000000, flip=False, error=none
  edge_delete b=1 s=29: applied=1, nested=True, p=0.004278, flip=False, error=none
  edge_delete b=3 s=29: applied=3, nested=True, p=0.004278, flip=False, error=none
  edge_delete b=5 s=29: applied=5, nested=True, p=0.004278, flip=False, error=none
  edge_delete b=1 s=42: applied=1, nested=True, p=0.000002, flip=False, error=none
  edge_delete b=3 s=42: applied=3, nested=True, p=0.000002, flip=False, error=none
  edge_delete b=5 s=42: applied=5, nested=True, p=0.000002, flip=False, error=none
  edge_delete b=1 s=61: applied=1, nested=True, p=0.000002, flip=False, error=none
  edge_delete b=3 s=61: applied=3, nested=True, p=0.000003, flip=False, error=none
  edge_delete b=5 s=61: applied=5, nested=True, p=0.000002, flip=False, error=none
  edge_delete b=1 s=73: applied=1, nested=True, p=0.000002, flip=False, error=none
  edge_delete b=3 s=73: applied=3, nested=True, p=0.000001, flip=False, error=none
  edge_delete b=5 s=73: applied=5, nested=True, p=0.000001, flip=False, error=none
  edge_delete b=1 s=89: applied=1, nested=True, p=0.000002, flip=False, error=none
  edge_delete b=3 s=89: applied=3, nested=True, p=0.000004, flip=False, error=none
  edge_delete b=5 s=89: applied=5, nested=True, p=0.000002, flip=False, error=none
  edge_delete b=1 s=101: applied=1, nested=True, p=0.000002, flip=False, error=none
  edge_delete b=3 s=101: applied=3, nested=True, p=0.000008, flip=False, error=none
  edge_delete b=5 s=101: applied=5, nested=True, p=0.000011, flip=False, error=none
  edge_delete b=1 s=137: applied=1, nested=True, p=0.004278, flip=False, error=none
  edge_delete b=3 s=137: applied=3, nested=True, p=0.004278, flip=False, error=none
  edge_delete b=5 s=137: applied=5, nested=True, p=0.004278, flip=False, error=none
  edge_delete b=1 s=2026: applied=1, nested=True, p=0.000002, flip=False, error=none
  edge_delete b=3 s=2026: applied=3, nested=True, p=0.000143, flip=False, error=none
  edge_delete b=5 s=2026: applied=5, nested=True, p=0.000143, flip=False, error=none
  edge_reconnect b=1 s=7: applied=1, nested=True, p=0.000002, flip=False, error=none
  edge_reconnect b=3 s=7: applied=3, nested=True, p=0.000143, flip=False, error=none
  edge_reconnect b=5 s=7: applied=5, nested=True, p=0.000143, flip=False, error=none
  edge_reconnect b=1 s=17: applied=1, nested=True, p=0.000041, flip=False, error=none
  edge_reconnect b=3 s=17: applied=3, nested=True, p=0.000041, flip=False, error=none
  edge_reconnect b=5 s=17: applied=5, nested=True, p=0.000011, flip=False, error=none
  edge_reconnect b=1 s=29: applied=1, nested=True, p=0.000002, flip=False, error=none
  edge_reconnect b=3 s=29: applied=3, nested=True, p=0.004278, flip=False, error=none
  edge_reconnect b=5 s=29: applied=5, nested=True, p=0.004278, flip=False, error=none
  edge_reconnect b=1 s=42: applied=1, nested=True, p=0.000004, flip=False, error=none
  edge_reconnect b=3 s=42: applied=3, nested=True, p=0.007206, flip=False, error=none
  edge_reconnect b=5 s=42: applied=5, nested=True, p=0.007206, flip=False, error=none
  edge_reconnect b=1 s=61: applied=1, nested=True, p=0.000008, flip=False, error=none
  edge_reconnect b=3 s=61: applied=3, nested=True, p=0.000138, flip=False, error=none
  edge_reconnect b=5 s=61: applied=5, nested=True, p=0.000264, flip=False, error=none
  edge_reconnect b=1 s=73: applied=1, nested=True, p=0.000002, flip=False, error=none
  edge_reconnect b=3 s=73: applied=3, nested=True, p=0.000010, flip=False, error=none
  edge_reconnect b=5 s=73: applied=5, nested=True, p=0.000001, flip=False, error=none
  edge_reconnect b=1 s=89: applied=1, nested=True, p=0.004278, flip=False, error=none
  edge_reconnect b=3 s=89: applied=3, nested=True, p=0.004278, flip=False, error=none
  edge_reconnect b=5 s=89: applied=5, nested=True, p=0.004278, flip=False, error=none
  edge_reconnect b=1 s=101: applied=1, nested=True, p=0.000073, flip=False, error=none
  edge_reconnect b=3 s=101: applied=3, nested=True, p=0.000004, flip=False, error=none
  edge_reconnect b=5 s=101: applied=5, nested=True, p=0.000008, flip=False, error=none
  edge_reconnect b=1 s=137: applied=1, nested=True, p=0.004278, flip=False, error=none
  edge_reconnect b=3 s=137: applied=3, nested=True, p=0.004278, flip=False, error=none
  edge_reconnect b=5 s=137: applied=5, nested=True, p=0.004278, flip=False, error=none
  edge_reconnect b=1 s=2026: applied=1, nested=True, p=0.000002, flip=False, error=none
  edge_reconnect b=3 s=2026: applied=3, nested=True, p=0.000086, flip=False, error=none
  edge_reconnect b=5 s=2026: applied=5, nested=True, p=0.000090, flip=False, error=none
[4/60] cvefixes__04_fixed_ia64_patch_rse: baseline p=0.000018, label=0, PDG=8/13, XFG=2
  node_add b=1 s=7: applied=1, nested=True, p=0.000018, flip=False, error=none
  node_add b=3 s=7: applied=3, nested=True, p=0.000003, flip=False, error=none
  node_add b=5 s=7: applied=5, nested=True, p=0.000000, flip=False, error=none
  node_add b=1 s=17: applied=1, nested=True, p=0.000018, flip=False, error=none
  node_add b=3 s=17: applied=3, nested=True, p=0.000070, flip=False, error=none
  node_add b=5 s=17: applied=5, nested=True, p=0.000003, flip=False, error=none
  node_add b=1 s=29: applied=1, nested=True, p=0.000945, flip=False, error=none
  node_add b=3 s=29: applied=3, nested=True, p=0.000945, flip=False, error=none
  node_add b=5 s=29: applied=5, nested=True, p=0.001804, flip=False, error=none
  node_add b=1 s=42: applied=1, nested=True, p=0.000945, flip=False, error=none
  node_add b=3 s=42: applied=3, nested=True, p=0.001804, flip=False, error=none
  node_add b=5 s=42: applied=5, nested=True, p=0.002559, flip=False, error=none
  node_add b=1 s=61: applied=1, nested=True, p=0.000018, flip=False, error=none
  node_add b=3 s=61: applied=3, nested=True, p=0.000003, flip=False, error=none
  node_add b=5 s=61: applied=5, nested=True, p=0.000003, flip=False, error=none
  node_add b=1 s=73: applied=1, nested=True, p=0.000070, flip=False, error=none
  node_add b=3 s=73: applied=3, nested=True, p=0.001804, flip=False, error=none
  node_add b=5 s=73: applied=5, nested=True, p=0.002646, flip=False, error=none
  node_add b=1 s=89: applied=1, nested=True, p=0.000945, flip=False, error=none
  node_add b=3 s=89: applied=3, nested=True, p=0.000057, flip=False, error=none
  node_add b=5 s=89: applied=5, nested=True, p=0.000264, flip=False, error=none
  node_add b=1 s=101: applied=1, nested=True, p=0.000074, flip=False, error=none
  node_add b=3 s=101: applied=3, nested=True, p=0.000206, flip=False, error=none
  node_add b=5 s=101: applied=5, nested=True, p=0.000206, flip=False, error=none
  node_add b=1 s=137: applied=1, nested=True, p=0.000945, flip=False, error=none
  node_add b=3 s=137: applied=3, nested=True, p=0.000057, flip=False, error=none
  node_add b=5 s=137: applied=5, nested=True, p=0.000057, flip=False, error=none
  node_add b=1 s=2026: applied=1, nested=True, p=0.000945, flip=False, error=none
  node_add b=3 s=2026: applied=3, nested=True, p=0.001445, flip=False, error=none
  node_add b=5 s=2026: applied=5, nested=True, p=0.003210, flip=False, error=none
  node_delete b=1 s=7: applied=1, nested=True, p=0.000003, flip=False, error=none
  node_delete b=3 s=7: applied=3, nested=True, p=0.024938, flip=False, error=none
  node_delete b=5 s=7: applied=5, nested=True, p=0.084917, flip=False, error=none
  node_delete b=1 s=17: applied=1, nested=True, p=0.000057, flip=False, error=none
  node_delete b=3 s=17: applied=3, nested=True, p=0.000019, flip=False, error=none
  node_delete b=5 s=17: applied=5, nested=True, p=0.009927, flip=False, error=none
  node_delete b=1 s=29: applied=1, nested=True, p=0.000057, flip=False, error=none
  node_delete b=3 s=29: applied=3, nested=True, p=0.000000, flip=False, error=none
  node_delete b=5 s=29: applied=5, nested=True, p=0.000000, flip=False, error=none
  node_delete b=1 s=42: applied=1, nested=True, p=0.000063, flip=False, error=none
  node_delete b=3 s=42: applied=3, nested=True, p=0.132750, flip=False, error=none
  node_delete b=5 s=42: applied=5, nested=True, p=0.085064, flip=False, error=none
  node_delete b=1 s=61: applied=1, nested=True, p=0.000018, flip=False, error=none
  node_delete b=3 s=61: applied=3, nested=True, p=0.000214, flip=False, error=none
  node_delete b=5 s=61: applied=5, nested=True, p=0.009927, flip=False, error=none
  node_delete b=1 s=73: applied=1, nested=True, p=0.000003, flip=False, error=none
  node_delete b=3 s=73: applied=3, nested=True, p=0.000001, flip=False, error=none
  node_delete b=5 s=73: applied=5, nested=True, p=0.084917, flip=False, error=none
  node_delete b=1 s=89: applied=1, nested=True, p=0.000000, flip=False, error=none
  node_delete b=3 s=89: applied=3, nested=True, p=0.000001, flip=False, error=none
  node_delete b=5 s=89: applied=5, nested=True, p=0.085064, flip=False, error=none
  node_delete b=1 s=101: applied=1, nested=True, p=0.000057, flip=False, error=none
  node_delete b=3 s=101: applied=3, nested=True, p=0.012090, flip=False, error=none
  node_delete b=5 s=101: applied=5, nested=True, p=0.084917, flip=False, error=none
  node_delete b=1 s=137: applied=1, nested=True, p=0.000000, flip=False, error=none
  node_delete b=3 s=137: applied=3, nested=True, p=0.000001, flip=False, error=none
  node_delete b=5 s=137: applied=5, nested=True, p=0.667802, flip=True, error=none
  node_delete b=1 s=2026: applied=1, nested=True, p=0.000000, flip=False, error=none
  node_delete b=3 s=2026: applied=3, nested=True, p=0.085064, flip=False, error=none
  node_delete b=5 s=2026: applied=5, nested=True, p=0.667802, flip=True, error=none
  node_attribute_modify b=1 s=7: applied=1, nested=True, p=0.000003, flip=False, error=none
  node_attribute_modify b=3 s=7: applied=3, nested=True, p=0.000378, flip=False, error=none
  node_attribute_modify b=5 s=7: applied=5, nested=True, p=0.385767, flip=False, error=none
  node_attribute_modify b=1 s=17: applied=1, nested=True, p=0.000251, flip=False, error=none
  node_attribute_modify b=3 s=17: applied=3, nested=True, p=0.000121, flip=False, error=none
  node_attribute_modify b=5 s=17: applied=5, nested=True, p=0.000129, flip=False, error=none
  node_attribute_modify b=1 s=29: applied=1, nested=True, p=0.000093, flip=False, error=none
  node_attribute_modify b=3 s=29: applied=3, nested=True, p=0.000766, flip=False, error=none
  node_attribute_modify b=5 s=29: applied=5, nested=True, p=0.012138, flip=False, error=none
  node_attribute_modify b=1 s=42: applied=1, nested=True, p=0.000394, flip=False, error=none
  node_attribute_modify b=3 s=42: applied=3, nested=True, p=0.126263, flip=False, error=none
  node_attribute_modify b=5 s=42: applied=5, nested=True, p=0.126263, flip=False, error=none
  node_attribute_modify b=1 s=61: applied=1, nested=True, p=0.000318, flip=False, error=none
  node_attribute_modify b=3 s=61: applied=3, nested=True, p=0.059482, flip=False, error=none
  node_attribute_modify b=5 s=61: applied=5, nested=True, p=0.059482, flip=False, error=none
  node_attribute_modify b=1 s=73: applied=1, nested=True, p=0.000065, flip=False, error=none
  node_attribute_modify b=3 s=73: applied=3, nested=True, p=0.004878, flip=False, error=none
  node_attribute_modify b=5 s=73: applied=5, nested=True, p=0.012242, flip=False, error=none
  node_attribute_modify b=1 s=89: applied=1, nested=True, p=0.000012, flip=False, error=none
  node_attribute_modify b=3 s=89: applied=3, nested=True, p=0.000170, flip=False, error=none
  node_attribute_modify b=5 s=89: applied=5, nested=True, p=0.085193, flip=False, error=none
  node_attribute_modify b=1 s=101: applied=1, nested=True, p=0.000000, flip=False, error=none
  node_attribute_modify b=3 s=101: applied=3, nested=True, p=0.376886, flip=False, error=none
  node_attribute_modify b=5 s=101: applied=5, nested=True, p=0.019477, flip=False, error=none
  node_attribute_modify b=1 s=137: applied=1, nested=True, p=0.001911, flip=False, error=none
  node_attribute_modify b=3 s=137: applied=3, nested=True, p=0.315799, flip=False, error=none
  node_attribute_modify b=5 s=137: applied=5, nested=True, p=0.471816, flip=False, error=none
  node_attribute_modify b=1 s=2026: applied=1, nested=True, p=0.002319, flip=False, error=none
  node_attribute_modify b=3 s=2026: applied=3, nested=True, p=0.002680, flip=False, error=none
  node_attribute_modify b=5 s=2026: applied=5, nested=True, p=0.065852, flip=False, error=none
  edge_add b=1 s=7: applied=1, nested=True, p=0.000097, flip=False, error=none
  edge_add b=3 s=7: applied=3, nested=True, p=0.000034, flip=False, error=none
  edge_add b=5 s=7: applied=5, nested=True, p=0.000049, flip=False, error=none
  edge_add b=1 s=17: applied=1, nested=True, p=0.000084, flip=False, error=none
  edge_add b=3 s=17: applied=3, nested=True, p=0.000126, flip=False, error=none
  edge_add b=5 s=17: applied=5, nested=True, p=0.000160, flip=False, error=none
  edge_add b=1 s=29: applied=1, nested=True, p=0.000017, flip=False, error=none
  edge_add b=3 s=29: applied=3, nested=True, p=0.000833, flip=False, error=none
  edge_add b=5 s=29: applied=5, nested=True, p=0.000266, flip=False, error=none
  edge_add b=1 s=42: applied=1, nested=True, p=0.000035, flip=False, error=none
  edge_add b=3 s=42: applied=3, nested=True, p=0.000062, flip=False, error=none
  edge_add b=5 s=42: applied=5, nested=True, p=0.000078, flip=False, error=none
  edge_add b=1 s=61: applied=1, nested=True, p=0.000018, flip=False, error=none
  edge_add b=3 s=61: applied=3, nested=True, p=0.000024, flip=False, error=none
  edge_add b=5 s=61: applied=5, nested=True, p=0.000173, flip=False, error=none
  edge_add b=1 s=73: applied=1, nested=True, p=0.000070, flip=False, error=none
  edge_add b=3 s=73: applied=3, nested=True, p=0.000065, flip=False, error=none
  edge_add b=5 s=73: applied=5, nested=True, p=0.000112, flip=False, error=none
  edge_add b=1 s=89: applied=1, nested=True, p=0.000083, flip=False, error=none
  edge_add b=3 s=89: applied=3, nested=True, p=0.000033, flip=False, error=none
  edge_add b=5 s=89: applied=5, nested=True, p=0.000023, flip=False, error=none
  edge_add b=1 s=101: applied=1, nested=True, p=0.000018, flip=False, error=none
  edge_add b=3 s=101: applied=3, nested=True, p=0.000015, flip=False, error=none
  edge_add b=5 s=101: applied=5, nested=True, p=0.000051, flip=False, error=none
  edge_add b=1 s=137: applied=1, nested=True, p=0.000144, flip=False, error=none
  edge_add b=3 s=137: applied=3, nested=True, p=0.000029, flip=False, error=none
  edge_add b=5 s=137: applied=5, nested=True, p=0.000575, flip=False, error=none
  edge_add b=1 s=2026: applied=1, nested=True, p=0.000026, flip=False, error=none
  edge_add b=3 s=2026: applied=3, nested=True, p=0.000043, flip=False, error=none
  edge_add b=5 s=2026: applied=5, nested=True, p=0.000044, flip=False, error=none
  edge_delete b=1 s=7: applied=1, nested=True, p=0.003299, flip=False, error=none
  edge_delete b=3 s=7: applied=3, nested=True, p=0.003299, flip=False, error=none
  edge_delete b=5 s=7: applied=5, nested=True, p=0.004659, flip=False, error=none
  edge_delete b=1 s=17: applied=1, nested=True, p=0.000018, flip=False, error=none
  edge_delete b=3 s=17: applied=3, nested=True, p=0.000003, flip=False, error=none
  edge_delete b=5 s=17: applied=5, nested=True, p=0.000214, flip=False, error=none
  edge_delete b=1 s=29: applied=1, nested=True, p=0.000018, flip=False, error=none
  edge_delete b=3 s=29: applied=3, nested=True, p=0.000000, flip=False, error=none
  edge_delete b=5 s=29: applied=5, nested=True, p=0.000960, flip=False, error=none
  edge_delete b=1 s=42: applied=1, nested=True, p=0.000070, flip=False, error=none
  edge_delete b=3 s=42: applied=3, nested=True, p=0.000012, flip=False, error=none
  edge_delete b=5 s=42: applied=5, nested=True, p=0.000000, flip=False, error=none
  edge_delete b=1 s=61: applied=1, nested=True, p=0.000037, flip=False, error=none
  edge_delete b=3 s=61: applied=3, nested=True, p=0.085064, flip=False, error=none
  edge_delete b=5 s=61: applied=5, nested=True, p=0.000177, flip=False, error=none
  edge_delete b=1 s=73: applied=1, nested=True, p=0.000018, flip=False, error=none
  edge_delete b=3 s=73: applied=3, nested=True, p=0.000004, flip=False, error=none
  edge_delete b=5 s=73: applied=5, nested=True, p=0.000038, flip=False, error=none
  edge_delete b=1 s=89: applied=1, nested=True, p=0.000001, flip=False, error=none
  edge_delete b=3 s=89: applied=3, nested=True, p=0.003817, flip=False, error=none
  edge_delete b=5 s=89: applied=5, nested=True, p=0.027792, flip=False, error=none
  edge_delete b=1 s=101: applied=1, nested=True, p=0.000022, flip=False, error=none
  edge_delete b=3 s=101: applied=3, nested=True, p=0.002437, flip=False, error=none
  edge_delete b=5 s=101: applied=5, nested=True, p=0.000019, flip=False, error=none
  edge_delete b=1 s=137: applied=1, nested=True, p=0.000001, flip=False, error=none
  edge_delete b=3 s=137: applied=3, nested=True, p=0.000010, flip=False, error=none
  edge_delete b=5 s=137: applied=5, nested=True, p=0.017353, flip=False, error=none
  edge_delete b=1 s=2026: applied=1, nested=True, p=0.000001, flip=False, error=none
  edge_delete b=3 s=2026: applied=3, nested=True, p=0.000000, flip=False, error=none
  edge_delete b=5 s=2026: applied=5, nested=True, p=0.000000, flip=False, error=none
  edge_reconnect b=1 s=7: applied=1, nested=True, p=0.000123, flip=False, error=none
  edge_reconnect b=3 s=7: applied=3, nested=True, p=0.000041, flip=False, error=none
  edge_reconnect b=5 s=7: applied=5, nested=True, p=0.000058, flip=False, error=none
  edge_reconnect b=1 s=17: applied=1, nested=True, p=0.000045, flip=False, error=none
  edge_reconnect b=3 s=17: applied=3, nested=True, p=0.000174, flip=False, error=none
  edge_reconnect b=5 s=17: applied=5, nested=True, p=0.000143, flip=False, error=none
  edge_reconnect b=1 s=29: applied=1, nested=True, p=0.000022, flip=False, error=none
  edge_reconnect b=3 s=29: applied=3, nested=True, p=0.085064, flip=False, error=none
  edge_reconnect b=5 s=29: applied=5, nested=True, p=0.085064, flip=False, error=none
  edge_reconnect b=1 s=42: applied=1, nested=True, p=0.000070, flip=False, error=none
  edge_reconnect b=3 s=42: applied=3, nested=True, p=0.000686, flip=False, error=none
  edge_reconnect b=5 s=42: applied=5, nested=True, p=0.000593, flip=False, error=none
  edge_reconnect b=1 s=61: applied=1, nested=True, p=0.000110, flip=False, error=none
  edge_reconnect b=3 s=61: applied=3, nested=True, p=0.000030, flip=False, error=none
  edge_reconnect b=5 s=61: applied=5, nested=True, p=0.000001, flip=False, error=none
  edge_reconnect b=1 s=73: applied=1, nested=True, p=0.000067, flip=False, error=none
  edge_reconnect b=3 s=73: applied=3, nested=True, p=0.000110, flip=False, error=none
  edge_reconnect b=5 s=73: applied=5, nested=True, p=0.000136, flip=False, error=none
  edge_reconnect b=1 s=89: applied=1, nested=True, p=0.000021, flip=False, error=none
  edge_reconnect b=3 s=89: applied=3, nested=True, p=0.000565, flip=False, error=none
  edge_reconnect b=5 s=89: applied=5, nested=True, p=0.000120, flip=False, error=none
  edge_reconnect b=1 s=101: applied=1, nested=True, p=0.000019, flip=False, error=none
  edge_reconnect b=3 s=101: applied=3, nested=True, p=0.036903, flip=False, error=none
  edge_reconnect b=5 s=101: applied=5, nested=True, p=0.036903, flip=False, error=none
  edge_reconnect b=1 s=137: applied=1, nested=True, p=0.000024, flip=False, error=none
  edge_reconnect b=3 s=137: applied=3, nested=True, p=0.000019, flip=False, error=none
  edge_reconnect b=5 s=137: applied=5, nested=True, p=0.000753, flip=False, error=none
  edge_reconnect b=1 s=2026: applied=1, nested=True, p=0.000155, flip=False, error=none
  edge_reconnect b=3 s=2026: applied=3, nested=True, p=0.000258, flip=False, error=none
  edge_reconnect b=5 s=2026: applied=5, nested=True, p=0.000267, flip=False, error=none
[5/60] cvefixes__05_fixed_altivec_unavailable_exception: baseline p=0.000332, label=0, PDG=7/8, XFG=1
  node_add b=1 s=7: applied=1, nested=True, p=0.000332, flip=False, error=none
  node_add b=3 s=7: applied=3, nested=True, p=0.000332, flip=False, error=none
  node_add b=5 s=7: applied=5, nested=True, p=0.001093, flip=False, error=none
  node_add b=1 s=17: applied=1, nested=True, p=0.000332, flip=False, error=none
  node_add b=3 s=17: applied=3, nested=True, p=0.000332, flip=False, error=none
  node_add b=5 s=17: applied=5, nested=True, p=0.000332, flip=False, error=none
  node_add b=1 s=29: applied=1, nested=True, p=0.000332, flip=False, error=none
  node_add b=3 s=29: applied=3, nested=True, p=0.001093, flip=False, error=none
  node_add b=5 s=29: applied=5, nested=True, p=0.001093, flip=False, error=none
  node_add b=1 s=42: applied=1, nested=True, p=0.000332, flip=False, error=none
  node_add b=3 s=42: applied=3, nested=True, p=0.001093, flip=False, error=none
  node_add b=5 s=42: applied=5, nested=True, p=0.001093, flip=False, error=none
  node_add b=1 s=61: applied=1, nested=True, p=0.000332, flip=False, error=none
  node_add b=3 s=61: applied=3, nested=True, p=0.000332, flip=False, error=none
  node_add b=5 s=61: applied=5, nested=True, p=0.000332, flip=False, error=none
  node_add b=1 s=73: applied=1, nested=True, p=0.000332, flip=False, error=none
  node_add b=3 s=73: applied=3, nested=True, p=0.000367, flip=False, error=none
  node_add b=5 s=73: applied=5, nested=True, p=0.000356, flip=False, error=none
  node_add b=1 s=89: applied=1, nested=True, p=0.000332, flip=False, error=none
  node_add b=3 s=89: applied=3, nested=True, p=0.000332, flip=False, error=none
  node_add b=5 s=89: applied=5, nested=True, p=0.001093, flip=False, error=none
  node_add b=1 s=101: applied=1, nested=True, p=0.000332, flip=False, error=none
  node_add b=3 s=101: applied=3, nested=True, p=0.000332, flip=False, error=none
  node_add b=5 s=101: applied=5, nested=True, p=0.000332, flip=False, error=none
  node_add b=1 s=137: applied=1, nested=True, p=0.000332, flip=False, error=none
  node_add b=3 s=137: applied=3, nested=True, p=0.000332, flip=False, error=none
  node_add b=5 s=137: applied=5, nested=True, p=0.000332, flip=False, error=none
  node_add b=1 s=2026: applied=1, nested=True, p=0.000332, flip=False, error=none
  node_add b=3 s=2026: applied=3, nested=True, p=0.000332, flip=False, error=none
  node_add b=5 s=2026: applied=5, nested=True, p=0.000332, flip=False, error=none
  node_delete b=1 s=7: applied=1, nested=True, p=0.000086, flip=False, error=none
  node_delete b=3 s=7: applied=3, nested=True, p=0.002728, flip=False, error=none
  node_delete b=5 s=7: applied=5, nested=True, p=NA, flip=False, error=none
  node_delete b=1 s=17: applied=1, nested=True, p=0.000086, flip=False, error=none
  node_delete b=3 s=17: applied=3, nested=True, p=0.000086, flip=False, error=none
  node_delete b=5 s=17: applied=5, nested=True, p=0.002728, flip=False, error=none
  node_delete b=1 s=29: applied=1, nested=True, p=0.000086, flip=False, error=none
  node_delete b=3 s=29: applied=3, nested=True, p=0.000549, flip=False, error=none
  node_delete b=5 s=29: applied=5, nested=True, p=NA, flip=False, error=none
  node_delete b=1 s=42: applied=1, nested=True, p=0.002728, flip=False, error=none
  node_delete b=3 s=42: applied=3, nested=True, p=NA, flip=False, error=none
  node_delete b=5 s=42: applied=5, nested=True, p=NA, flip=False, error=none
  node_delete b=1 s=61: applied=1, nested=True, p=0.000086, flip=False, error=none
  node_delete b=3 s=61: applied=3, nested=True, p=0.000086, flip=False, error=none
  node_delete b=5 s=61: applied=5, nested=True, p=0.002728, flip=False, error=none
  node_delete b=1 s=73: applied=1, nested=True, p=0.000086, flip=False, error=none
  node_delete b=3 s=73: applied=3, nested=True, p=NA, flip=False, error=none
  node_delete b=5 s=73: applied=5, nested=True, p=NA, flip=False, error=none
  node_delete b=1 s=89: applied=1, nested=True, p=0.000000, flip=False, error=none
  node_delete b=3 s=89: applied=3, nested=True, p=NA, flip=False, error=none
  node_delete b=5 s=89: applied=5, nested=True, p=NA, flip=False, error=none
  node_delete b=1 s=101: applied=1, nested=True, p=0.000086, flip=False, error=none
  node_delete b=3 s=101: applied=3, nested=True, p=0.000086, flip=False, error=none
  node_delete b=5 s=101: applied=5, nested=True, p=0.000549, flip=False, error=none
  node_delete b=1 s=137: applied=1, nested=True, p=0.000000, flip=False, error=none
  node_delete b=3 s=137: applied=3, nested=True, p=NA, flip=False, error=none
  node_delete b=5 s=137: applied=5, nested=True, p=NA, flip=False, error=none
  node_delete b=1 s=2026: applied=1, nested=True, p=0.000000, flip=False, error=none
  node_delete b=3 s=2026: applied=3, nested=True, p=0.000549, flip=False, error=none
  node_delete b=5 s=2026: applied=5, nested=True, p=NA, flip=False, error=none
  node_attribute_modify b=1 s=7: applied=1, nested=True, p=0.000332, flip=False, error=none
  node_attribute_modify b=3 s=7: applied=3, nested=True, p=0.000332, flip=False, error=none
  node_attribute_modify b=5 s=7: applied=5, nested=True, p=0.000000, flip=False, error=none
  node_attribute_modify b=1 s=17: applied=1, nested=True, p=0.036589, flip=False, error=none
  node_attribute_modify b=3 s=17: applied=3, nested=True, p=0.036589, flip=False, error=none
  node_attribute_modify b=5 s=17: applied=5, nested=True, p=0.036589, flip=False, error=none
  node_attribute_modify b=1 s=29: applied=1, nested=True, p=0.254732, flip=False, error=none
  node_attribute_modify b=3 s=29: applied=3, nested=True, p=0.004062, flip=False, error=none
  node_attribute_modify b=5 s=29: applied=5, nested=True, p=0.004062, flip=False, error=none
  node_attribute_modify b=1 s=42: applied=1, nested=True, p=0.000332, flip=False, error=none
  node_attribute_modify b=3 s=42: applied=3, nested=True, p=0.000000, flip=False, error=none
  node_attribute_modify b=5 s=42: applied=5, nested=True, p=0.000000, flip=False, error=none
  node_attribute_modify b=1 s=61: applied=1, nested=True, p=0.003913, flip=False, error=none
  node_attribute_modify b=3 s=61: applied=3, nested=True, p=0.003913, flip=False, error=none
  node_attribute_modify b=5 s=61: applied=5, nested=True, p=0.003913, flip=False, error=none
  node_attribute_modify b=1 s=73: applied=1, nested=True, p=0.000332, flip=False, error=none
  node_attribute_modify b=3 s=73: applied=3, nested=True, p=0.254732, flip=False, error=none
  node_attribute_modify b=5 s=73: applied=5, nested=True, p=0.003913, flip=False, error=none
  node_attribute_modify b=1 s=89: applied=1, nested=True, p=0.000000, flip=False, error=none
  node_attribute_modify b=3 s=89: applied=3, nested=True, p=0.000000, flip=False, error=none
  node_attribute_modify b=5 s=89: applied=5, nested=True, p=0.000000, flip=False, error=none
  node_attribute_modify b=1 s=101: applied=1, nested=True, p=0.000332, flip=False, error=none
  node_attribute_modify b=3 s=101: applied=3, nested=True, p=0.000332, flip=False, error=none
  node_attribute_modify b=5 s=101: applied=5, nested=True, p=0.000080, flip=False, error=none
  node_attribute_modify b=1 s=137: applied=1, nested=True, p=0.239923, flip=False, error=none
  node_attribute_modify b=3 s=137: applied=3, nested=True, p=0.239923, flip=False, error=none
  node_attribute_modify b=5 s=137: applied=5, nested=True, p=0.239923, flip=False, error=none
  node_attribute_modify b=1 s=2026: applied=1, nested=True, p=0.000332, flip=False, error=none
  node_attribute_modify b=3 s=2026: applied=3, nested=True, p=0.254732, flip=False, error=none
  node_attribute_modify b=5 s=2026: applied=5, nested=True, p=0.036589, flip=False, error=none
  edge_add b=1 s=7: applied=1, nested=True, p=0.000273, flip=False, error=none
  edge_add b=3 s=7: applied=3, nested=True, p=0.000273, flip=False, error=none
  edge_add b=5 s=7: applied=5, nested=True, p=0.065918, flip=False, error=none
  edge_add b=1 s=17: applied=1, nested=True, p=0.000332, flip=False, error=none
  edge_add b=3 s=17: applied=3, nested=True, p=0.000017, flip=False, error=none
  edge_add b=5 s=17: applied=5, nested=True, p=0.000326, flip=False, error=none
  edge_add b=1 s=29: applied=1, nested=True, p=0.001209, flip=False, error=none
  edge_add b=3 s=29: applied=3, nested=True, p=0.006286, flip=False, error=none
  edge_add b=5 s=29: applied=5, nested=True, p=0.012912, flip=False, error=none
  edge_add b=1 s=42: applied=1, nested=True, p=0.001433, flip=False, error=none
  edge_add b=3 s=42: applied=3, nested=True, p=0.013299, flip=False, error=none
  edge_add b=5 s=42: applied=5, nested=True, p=0.022994, flip=False, error=none
  edge_add b=1 s=61: applied=1, nested=True, p=0.000332, flip=False, error=none
  edge_add b=3 s=61: applied=3, nested=True, p=0.010726, flip=False, error=none
  edge_add b=5 s=61: applied=5, nested=True, p=0.010726, flip=False, error=none
  edge_add b=1 s=73: applied=1, nested=True, p=0.000332, flip=False, error=none
  edge_add b=3 s=73: applied=3, nested=True, p=0.001433, flip=False, error=none
  edge_add b=5 s=73: applied=5, nested=True, p=0.000992, flip=False, error=none
  edge_add b=1 s=89: applied=1, nested=True, p=0.001163, flip=False, error=none
  edge_add b=3 s=89: applied=3, nested=True, p=0.001163, flip=False, error=none
  edge_add b=5 s=89: applied=5, nested=True, p=0.018974, flip=False, error=none
  edge_add b=1 s=101: applied=1, nested=True, p=0.003373, flip=False, error=none
  edge_add b=3 s=101: applied=3, nested=True, p=0.001827, flip=False, error=none
  edge_add b=5 s=101: applied=5, nested=True, p=0.012523, flip=False, error=none
  edge_add b=1 s=137: applied=1, nested=True, p=0.001209, flip=False, error=none
  edge_add b=3 s=137: applied=3, nested=True, p=0.007623, flip=False, error=none
  edge_add b=5 s=137: applied=5, nested=True, p=0.007019, flip=False, error=none
  edge_add b=1 s=2026: applied=1, nested=True, p=0.001433, flip=False, error=none
  edge_add b=3 s=2026: applied=3, nested=True, p=0.033540, flip=False, error=none
  edge_add b=5 s=2026: applied=5, nested=True, p=0.017523, flip=False, error=none
  edge_delete b=1 s=7: applied=1, nested=True, p=0.000919, flip=False, error=none
  edge_delete b=3 s=7: applied=3, nested=True, p=0.000919, flip=False, error=none
  edge_delete b=5 s=7: applied=5, nested=True, p=0.000000, flip=False, error=none
  edge_delete b=1 s=17: applied=1, nested=True, p=0.001226, flip=False, error=none
  edge_delete b=3 s=17: applied=3, nested=True, p=0.001226, flip=False, error=none
  edge_delete b=5 s=17: applied=5, nested=True, p=0.001226, flip=False, error=none
  edge_delete b=1 s=29: applied=1, nested=True, p=0.000332, flip=False, error=none
  edge_delete b=3 s=29: applied=3, nested=True, p=0.001226, flip=False, error=none
  edge_delete b=5 s=29: applied=5, nested=True, p=0.001226, flip=False, error=none
  edge_delete b=1 s=42: applied=1, nested=True, p=0.000332, flip=False, error=none
  edge_delete b=3 s=42: applied=3, nested=True, p=0.000000, flip=False, error=none
  edge_delete b=5 s=42: applied=5, nested=True, p=0.000000, flip=False, error=none
  edge_delete b=1 s=61: applied=1, nested=True, p=0.000332, flip=False, error=none
  edge_delete b=3 s=61: applied=3, nested=True, p=0.000919, flip=False, error=none
  edge_delete b=5 s=61: applied=5, nested=True, p=0.000919, flip=False, error=none
  edge_delete b=1 s=73: applied=1, nested=True, p=0.000332, flip=False, error=none
  edge_delete b=3 s=73: applied=3, nested=True, p=NA, flip=False, error=none
  edge_delete b=5 s=73: applied=5, nested=True, p=NA, flip=False, error=none
  edge_delete b=1 s=89: applied=1, nested=True, p=0.000332, flip=False, error=none
  edge_delete b=3 s=89: applied=3, nested=True, p=0.000919, flip=False, error=none
  edge_delete b=5 s=89: applied=5, nested=True, p=0.000919, flip=False, error=none
  edge_delete b=1 s=101: applied=1, nested=True, p=0.000332, flip=False, error=none
  edge_delete b=3 s=101: applied=3, nested=True, p=0.000919, flip=False, error=none
  edge_delete b=5 s=101: applied=5, nested=True, p=NA, flip=False, error=none
  edge_delete b=1 s=137: applied=1, nested=True, p=0.000332, flip=False, error=none
  edge_delete b=3 s=137: applied=3, nested=True, p=0.000919, flip=False, error=none
  edge_delete b=5 s=137: applied=5, nested=True, p=0.000919, flip=False, error=none
  edge_delete b=1 s=2026: applied=1, nested=True, p=0.000332, flip=False, error=none
  edge_delete b=3 s=2026: applied=3, nested=True, p=0.001226, flip=False, error=none
  edge_delete b=5 s=2026: applied=5, nested=True, p=NA, flip=False, error=none
  edge_reconnect b=1 s=7: applied=1, nested=True, p=0.000919, flip=False, error=none
  edge_reconnect b=3 s=7: applied=3, nested=True, p=0.002728, flip=False, error=none
  edge_reconnect b=5 s=7: applied=5, nested=True, p=NA, flip=False, error=none
  edge_reconnect b=1 s=17: applied=1, nested=True, p=0.001226, flip=False, error=none
  edge_reconnect b=3 s=17: applied=3, nested=True, p=0.000919, flip=False, error=none
  edge_reconnect b=5 s=17: applied=5, nested=True, p=0.001381, flip=False, error=none
  edge_reconnect b=1 s=29: applied=1, nested=True, p=0.001226, flip=False, error=none
  edge_reconnect b=3 s=29: applied=3, nested=True, p=0.001316, flip=False, error=none
  edge_reconnect b=5 s=29: applied=5, nested=True, p=0.001316, flip=False, error=none
  edge_reconnect b=1 s=42: applied=1, nested=True, p=0.001226, flip=False, error=none
  edge_reconnect b=3 s=42: applied=3, nested=True, p=NA, flip=False, error=none
  edge_reconnect b=5 s=42: applied=5, nested=True, p=0.001381, flip=False, error=none
  edge_reconnect b=1 s=61: applied=1, nested=True, p=0.000919, flip=False, error=none
  edge_reconnect b=3 s=61: applied=3, nested=True, p=0.001381, flip=False, error=none
  edge_reconnect b=5 s=61: applied=5, nested=True, p=0.001316, flip=False, error=none
  edge_reconnect b=1 s=73: applied=1, nested=True, p=0.001381, flip=False, error=none
  edge_reconnect b=3 s=73: applied=3, nested=True, p=0.001928, flip=False, error=none
  edge_reconnect b=5 s=73: applied=5, nested=True, p=0.001316, flip=False, error=none
  edge_reconnect b=1 s=89: applied=1, nested=True, p=0.001381, flip=False, error=none
  edge_reconnect b=3 s=89: applied=3, nested=True, p=0.001928, flip=False, error=none
  edge_reconnect b=5 s=89: applied=5, nested=True, p=0.000332, flip=False, error=none
  edge_reconnect b=1 s=101: applied=1, nested=True, p=0.001226, flip=False, error=none
  edge_reconnect b=3 s=101: applied=3, nested=True, p=0.001928, flip=False, error=none
  edge_reconnect b=5 s=101: applied=5, nested=True, p=0.001316, flip=False, error=none
  edge_reconnect b=1 s=137: applied=1, nested=True, p=0.001381, flip=False, error=none
  edge_reconnect b=3 s=137: applied=3, nested=True, p=0.001316, flip=False, error=none
  edge_reconnect b=5 s=137: applied=5, nested=True, p=0.001226, flip=False, error=none
  edge_reconnect b=1 s=2026: applied=1, nested=True, p=0.001381, flip=False, error=none
  edge_reconnect b=3 s=2026: applied=3, nested=True, p=0.001381, flip=False, error=none
  edge_reconnect b=5 s=2026: applied=5, nested=True, p=0.001316, flip=False, error=none
[6/60] cvefixes__06_vulnerable_altivec_unavailable_exception: baseline p=0.000332, label=0, PDG=7/8, XFG=1
  node_add b=1 s=7: applied=1, nested=True, p=0.000332, flip=False, error=none
  node_add b=3 s=7: applied=3, nested=True, p=0.000332, flip=False, error=none
  node_add b=5 s=7: applied=5, nested=True, p=0.000236, flip=False, error=none
  node_add b=1 s=17: applied=1, nested=True, p=0.000332, flip=False, error=none
  node_add b=3 s=17: applied=3, nested=True, p=0.000332, flip=False, error=none
  node_add b=5 s=17: applied=5, nested=True, p=0.000332, flip=False, error=none
  node_add b=1 s=29: applied=1, nested=True, p=0.000332, flip=False, error=none
  node_add b=3 s=29: applied=3, nested=True, p=0.001093, flip=False, error=none
  node_add b=5 s=29: applied=5, nested=True, p=0.001093, flip=False, error=none
  node_add b=1 s=42: applied=1, nested=True, p=0.000332, flip=False, error=none
  node_add b=3 s=42: applied=3, nested=True, p=0.001093, flip=False, error=none
  node_add b=5 s=42: applied=5, nested=True, p=0.001093, flip=False, error=none
  node_add b=1 s=61: applied=1, nested=True, p=0.000332, flip=False, error=none
  node_add b=3 s=61: applied=3, nested=True, p=0.000332, flip=False, error=none
  node_add b=5 s=61: applied=5, nested=True, p=0.000332, flip=False, error=none
  node_add b=1 s=73: applied=1, nested=True, p=0.000332, flip=False, error=none
  node_add b=3 s=73: applied=3, nested=True, p=0.000367, flip=False, error=none
  node_add b=5 s=73: applied=5, nested=True, p=0.000356, flip=False, error=none
  node_add b=1 s=89: applied=1, nested=True, p=0.000332, flip=False, error=none
  node_add b=3 s=89: applied=3, nested=True, p=0.000332, flip=False, error=none
  node_add b=5 s=89: applied=5, nested=True, p=0.000236, flip=False, error=none
  node_add b=1 s=101: applied=1, nested=True, p=0.000332, flip=False, error=none
  node_add b=3 s=101: applied=3, nested=True, p=0.000332, flip=False, error=none
  node_add b=5 s=101: applied=5, nested=True, p=0.000332, flip=False, error=none
  node_add b=1 s=137: applied=1, nested=True, p=0.000332, flip=False, error=none
  node_add b=3 s=137: applied=3, nested=True, p=0.000332, flip=False, error=none
  node_add b=5 s=137: applied=5, nested=True, p=0.000332, flip=False, error=none
  node_add b=1 s=2026: applied=1, nested=True, p=0.000332, flip=False, error=none
  node_add b=3 s=2026: applied=3, nested=True, p=0.000332, flip=False, error=none
  node_add b=5 s=2026: applied=5, nested=True, p=0.000332, flip=False, error=none
  node_delete b=1 s=7: applied=1, nested=True, p=0.000086, flip=False, error=none
  node_delete b=3 s=7: applied=3, nested=True, p=0.002728, flip=False, error=none
  node_delete b=5 s=7: applied=5, nested=True, p=NA, flip=False, error=none
  node_delete b=1 s=17: applied=1, nested=True, p=0.000086, flip=False, error=none
  node_delete b=3 s=17: applied=3, nested=True, p=0.000086, flip=False, error=none
  node_delete b=5 s=17: applied=5, nested=True, p=0.002728, flip=False, error=none
  node_delete b=1 s=29: applied=1, nested=True, p=0.000086, flip=False, error=none
  node_delete b=3 s=29: applied=3, nested=True, p=0.000549, flip=False, error=none
  node_delete b=5 s=29: applied=5, nested=True, p=NA, flip=False, error=none
  node_delete b=1 s=42: applied=1, nested=True, p=0.002728, flip=False, error=none
  node_delete b=3 s=42: applied=3, nested=True, p=NA, flip=False, error=none
  node_delete b=5 s=42: applied=5, nested=True, p=NA, flip=False, error=none
  node_delete b=1 s=61: applied=1, nested=True, p=0.000086, flip=False, error=none
  node_delete b=3 s=61: applied=3, nested=True, p=0.000086, flip=False, error=none
  node_delete b=5 s=61: applied=5, nested=True, p=0.002728, flip=False, error=none
  node_delete b=1 s=73: applied=1, nested=True, p=0.000086, flip=False, error=none
  node_delete b=3 s=73: applied=3, nested=True, p=NA, flip=False, error=none
  node_delete b=5 s=73: applied=5, nested=True, p=NA, flip=False, error=none
  node_delete b=1 s=89: applied=1, nested=True, p=0.000000, flip=False, error=none
  node_delete b=3 s=89: applied=3, nested=True, p=NA, flip=False, error=none
  node_delete b=5 s=89: applied=5, nested=True, p=NA, flip=False, error=none
  node_delete b=1 s=101: applied=1, nested=True, p=0.000086, flip=False, error=none
  node_delete b=3 s=101: applied=3, nested=True, p=0.000086, flip=False, error=none
  node_delete b=5 s=101: applied=5, nested=True, p=0.000549, flip=False, error=none
  node_delete b=1 s=137: applied=1, nested=True, p=0.000000, flip=False, error=none
  node_delete b=3 s=137: applied=3, nested=True, p=NA, flip=False, error=none
  node_delete b=5 s=137: applied=5, nested=True, p=NA, flip=False, error=none
  node_delete b=1 s=2026: applied=1, nested=True, p=0.000000, flip=False, error=none
  node_delete b=3 s=2026: applied=3, nested=True, p=0.000549, flip=False, error=none
  node_delete b=5 s=2026: applied=5, nested=True, p=NA, flip=False, error=none
  node_attribute_modify b=1 s=7: applied=1, nested=True, p=0.000332, flip=False, error=none
  node_attribute_modify b=3 s=7: applied=3, nested=True, p=0.000332, flip=False, error=none
  node_attribute_modify b=5 s=7: applied=5, nested=True, p=0.000000, flip=False, error=none
  node_attribute_modify b=1 s=17: applied=1, nested=True, p=0.036589, flip=False, error=none
  node_attribute_modify b=3 s=17: applied=3, nested=True, p=0.036589, flip=False, error=none
  node_attribute_modify b=5 s=17: applied=5, nested=True, p=0.036589, flip=False, error=none
  node_attribute_modify b=1 s=29: applied=1, nested=True, p=0.254732, flip=False, error=none
  node_attribute_modify b=3 s=29: applied=3, nested=True, p=0.004062, flip=False, error=none
  node_attribute_modify b=5 s=29: applied=5, nested=True, p=0.004062, flip=False, error=none
  node_attribute_modify b=1 s=42: applied=1, nested=True, p=0.000332, flip=False, error=none
  node_attribute_modify b=3 s=42: applied=3, nested=True, p=0.000000, flip=False, error=none
  node_attribute_modify b=5 s=42: applied=5, nested=True, p=0.000000, flip=False, error=none
  node_attribute_modify b=1 s=61: applied=1, nested=True, p=0.003913, flip=False, error=none
  node_attribute_modify b=3 s=61: applied=3, nested=True, p=0.003913, flip=False, error=none
  node_attribute_modify b=5 s=61: applied=5, nested=True, p=0.003913, flip=False, error=none
  node_attribute_modify b=1 s=73: applied=1, nested=True, p=0.000332, flip=False, error=none
  node_attribute_modify b=3 s=73: applied=3, nested=True, p=0.254732, flip=False, error=none
  node_attribute_modify b=5 s=73: applied=5, nested=True, p=0.003913, flip=False, error=none
  node_attribute_modify b=1 s=89: applied=1, nested=True, p=0.000000, flip=False, error=none
  node_attribute_modify b=3 s=89: applied=3, nested=True, p=0.000000, flip=False, error=none
  node_attribute_modify b=5 s=89: applied=5, nested=True, p=0.000000, flip=False, error=none
  node_attribute_modify b=1 s=101: applied=1, nested=True, p=0.000332, flip=False, error=none
  node_attribute_modify b=3 s=101: applied=3, nested=True, p=0.000332, flip=False, error=none
  node_attribute_modify b=5 s=101: applied=5, nested=True, p=0.000080, flip=False, error=none
  node_attribute_modify b=1 s=137: applied=1, nested=True, p=0.239923, flip=False, error=none
  node_attribute_modify b=3 s=137: applied=3, nested=True, p=0.239923, flip=False, error=none
  node_attribute_modify b=5 s=137: applied=5, nested=True, p=0.239923, flip=False, error=none
  node_attribute_modify b=1 s=2026: applied=1, nested=True, p=0.000332, flip=False, error=none
  node_attribute_modify b=3 s=2026: applied=3, nested=True, p=0.254732, flip=False, error=none
  node_attribute_modify b=5 s=2026: applied=5, nested=True, p=0.036589, flip=False, error=none
  edge_add b=1 s=7: applied=1, nested=True, p=0.000273, flip=False, error=none
  edge_add b=3 s=7: applied=3, nested=True, p=0.000273, flip=False, error=none
  edge_add b=5 s=7: applied=5, nested=True, p=0.065918, flip=False, error=none
  edge_add b=1 s=17: applied=1, nested=True, p=0.000332, flip=False, error=none
  edge_add b=3 s=17: applied=3, nested=True, p=0.000017, flip=False, error=none
  edge_add b=5 s=17: applied=5, nested=True, p=0.000326, flip=False, error=none
  edge_add b=1 s=29: applied=1, nested=True, p=0.001209, flip=False, error=none
  edge_add b=3 s=29: applied=3, nested=True, p=0.006286, flip=False, error=none
  edge_add b=5 s=29: applied=5, nested=True, p=0.012912, flip=False, error=none
  edge_add b=1 s=42: applied=1, nested=True, p=0.001433, flip=False, error=none
  edge_add b=3 s=42: applied=3, nested=True, p=0.013299, flip=False, error=none
  edge_add b=5 s=42: applied=5, nested=True, p=0.022994, flip=False, error=none
  edge_add b=1 s=61: applied=1, nested=True, p=0.000332, flip=False, error=none
  edge_add b=3 s=61: applied=3, nested=True, p=0.010726, flip=False, error=none
  edge_add b=5 s=61: applied=5, nested=True, p=0.010726, flip=False, error=none
  edge_add b=1 s=73: applied=1, nested=True, p=0.000332, flip=False, error=none
  edge_add b=3 s=73: applied=3, nested=True, p=0.001433, flip=False, error=none
  edge_add b=5 s=73: applied=5, nested=True, p=0.000992, flip=False, error=none
  edge_add b=1 s=89: applied=1, nested=True, p=0.001163, flip=False, error=none
  edge_add b=3 s=89: applied=3, nested=True, p=0.001163, flip=False, error=none
  edge_add b=5 s=89: applied=5, nested=True, p=0.018974, flip=False, error=none
  edge_add b=1 s=101: applied=1, nested=True, p=0.003373, flip=False, error=none
  edge_add b=3 s=101: applied=3, nested=True, p=0.001827, flip=False, error=none
  edge_add b=5 s=101: applied=5, nested=True, p=0.012523, flip=False, error=none
  edge_add b=1 s=137: applied=1, nested=True, p=0.001209, flip=False, error=none
  edge_add b=3 s=137: applied=3, nested=True, p=0.007623, flip=False, error=none
  edge_add b=5 s=137: applied=5, nested=True, p=0.007019, flip=False, error=none
  edge_add b=1 s=2026: applied=1, nested=True, p=0.001433, flip=False, error=none
  edge_add b=3 s=2026: applied=3, nested=True, p=0.033540, flip=False, error=none
  edge_add b=5 s=2026: applied=5, nested=True, p=0.017523, flip=False, error=none
  edge_delete b=1 s=7: applied=1, nested=True, p=0.000919, flip=False, error=none
  edge_delete b=3 s=7: applied=3, nested=True, p=0.000919, flip=False, error=none
  edge_delete b=5 s=7: applied=5, nested=True, p=0.000000, flip=False, error=none
  edge_delete b=1 s=17: applied=1, nested=True, p=0.001226, flip=False, error=none
  edge_delete b=3 s=17: applied=3, nested=True, p=0.001226, flip=False, error=none
  edge_delete b=5 s=17: applied=5, nested=True, p=0.001226, flip=False, error=none
  edge_delete b=1 s=29: applied=1, nested=True, p=0.000332, flip=False, error=none
  edge_delete b=3 s=29: applied=3, nested=True, p=0.001226, flip=False, error=none
  edge_delete b=5 s=29: applied=5, nested=True, p=0.001226, flip=False, error=none
  edge_delete b=1 s=42: applied=1, nested=True, p=0.000332, flip=False, error=none
  edge_delete b=3 s=42: applied=3, nested=True, p=0.000000, flip=False, error=none
  edge_delete b=5 s=42: applied=5, nested=True, p=0.000000, flip=False, error=none
  edge_delete b=1 s=61: applied=1, nested=True, p=0.000332, flip=False, error=none
  edge_delete b=3 s=61: applied=3, nested=True, p=0.000919, flip=False, error=none
  edge_delete b=5 s=61: applied=5, nested=True, p=0.000919, flip=False, error=none
  edge_delete b=1 s=73: applied=1, nested=True, p=0.000332, flip=False, error=none
  edge_delete b=3 s=73: applied=3, nested=True, p=NA, flip=False, error=none
  edge_delete b=5 s=73: applied=5, nested=True, p=NA, flip=False, error=none
  edge_delete b=1 s=89: applied=1, nested=True, p=0.000332, flip=False, error=none
  edge_delete b=3 s=89: applied=3, nested=True, p=0.000919, flip=False, error=none
  edge_delete b=5 s=89: applied=5, nested=True, p=0.000919, flip=False, error=none
  edge_delete b=1 s=101: applied=1, nested=True, p=0.000332, flip=False, error=none
  edge_delete b=3 s=101: applied=3, nested=True, p=0.000919, flip=False, error=none
  edge_delete b=5 s=101: applied=5, nested=True, p=NA, flip=False, error=none
  edge_delete b=1 s=137: applied=1, nested=True, p=0.000332, flip=False, error=none
  edge_delete b=3 s=137: applied=3, nested=True, p=0.000919, flip=False, error=none
  edge_delete b=5 s=137: applied=5, nested=True, p=0.000919, flip=False, error=none
  edge_delete b=1 s=2026: applied=1, nested=True, p=0.000332, flip=False, error=none
  edge_delete b=3 s=2026: applied=3, nested=True, p=0.001226, flip=False, error=none
  edge_delete b=5 s=2026: applied=5, nested=True, p=NA, flip=False, error=none
  edge_reconnect b=1 s=7: applied=1, nested=True, p=0.000919, flip=False, error=none
  edge_reconnect b=3 s=7: applied=3, nested=True, p=0.002728, flip=False, error=none
  edge_reconnect b=5 s=7: applied=5, nested=True, p=NA, flip=False, error=none
  edge_reconnect b=1 s=17: applied=1, nested=True, p=0.001226, flip=False, error=none
  edge_reconnect b=3 s=17: applied=3, nested=True, p=0.000919, flip=False, error=none
  edge_reconnect b=5 s=17: applied=5, nested=True, p=0.001381, flip=False, error=none
  edge_reconnect b=1 s=29: applied=1, nested=True, p=0.001226, flip=False, error=none
  edge_reconnect b=3 s=29: applied=3, nested=True, p=0.001316, flip=False, error=none
  edge_reconnect b=5 s=29: applied=5, nested=True, p=0.001316, flip=False, error=none
  edge_reconnect b=1 s=42: applied=1, nested=True, p=0.001226, flip=False, error=none
  edge_reconnect b=3 s=42: applied=3, nested=True, p=NA, flip=False, error=none
  edge_reconnect b=5 s=42: applied=5, nested=True, p=0.001381, flip=False, error=none
  edge_reconnect b=1 s=61: applied=1, nested=True, p=0.000919, flip=False, error=none
  edge_reconnect b=3 s=61: applied=3, nested=True, p=0.001381, flip=False, error=none
  edge_reconnect b=5 s=61: applied=5, nested=True, p=0.001316, flip=False, error=none
  edge_reconnect b=1 s=73: applied=1, nested=True, p=0.001381, flip=False, error=none
  edge_reconnect b=3 s=73: applied=3, nested=True, p=0.001928, flip=False, error=none
  edge_reconnect b=5 s=73: applied=5, nested=True, p=0.001316, flip=False, error=none
  edge_reconnect b=1 s=89: applied=1, nested=True, p=0.001381, flip=False, error=none
  edge_reconnect b=3 s=89: applied=3, nested=True, p=0.001928, flip=False, error=none
  edge_reconnect b=5 s=89: applied=5, nested=True, p=0.000332, flip=False, error=none
  edge_reconnect b=1 s=101: applied=1, nested=True, p=0.001226, flip=False, error=none
  edge_reconnect b=3 s=101: applied=3, nested=True, p=0.001928, flip=False, error=none
  edge_reconnect b=5 s=101: applied=5, nested=True, p=0.001316, flip=False, error=none
  edge_reconnect b=1 s=137: applied=1, nested=True, p=0.001381, flip=False, error=none
  edge_reconnect b=3 s=137: applied=3, nested=True, p=0.001316, flip=False, error=none
  edge_reconnect b=5 s=137: applied=5, nested=True, p=0.001226, flip=False, error=none
  edge_reconnect b=1 s=2026: applied=1, nested=True, p=0.001381, flip=False, error=none
  edge_reconnect b=3 s=2026: applied=3, nested=True, p=0.001381, flip=False, error=none
  edge_reconnect b=5 s=2026: applied=5, nested=True, p=0.001316, flip=False, error=none
[7/60] cvefixes__07_fixed_videobuf_vm_close: baseline p=0.000001, label=0, PDG=18/38, XFG=17
  node_add b=1 s=7: applied=1, nested=True, p=0.000641, flip=False, error=none
  node_add b=3 s=7: applied=3, nested=True, p=0.000242, flip=False, error=none
  node_add b=5 s=7: applied=5, nested=True, p=0.000152, flip=False, error=none
  node_add b=1 s=17: applied=1, nested=True, p=0.000001, flip=False, error=none
  node_add b=3 s=17: applied=3, nested=True, p=0.000016, flip=False, error=none
  node_add b=5 s=17: applied=5, nested=True, p=0.000206, flip=False, error=none
  node_add b=1 s=29: applied=1, nested=True, p=0.000001, flip=False, error=none
  node_add b=3 s=29: applied=3, nested=True, p=0.000005, flip=False, error=none
  node_add b=5 s=29: applied=5, nested=True, p=0.000002, flip=False, error=none
  node_add b=1 s=42: applied=1, nested=True, p=0.000004, flip=False, error=none
  node_add b=3 s=42: applied=3, nested=True, p=0.000000, flip=False, error=none
  node_add b=5 s=42: applied=5, nested=True, p=0.000023, flip=False, error=none
  node_add b=1 s=61: applied=1, nested=True, p=0.000001, flip=False, error=none
  node_add b=3 s=61: applied=3, nested=True, p=0.000002, flip=False, error=none
  node_add b=5 s=61: applied=5, nested=True, p=0.000750, flip=False, error=none
  node_add b=1 s=73: applied=1, nested=True, p=0.000001, flip=False, error=none
  node_add b=3 s=73: applied=3, nested=True, p=0.000001, flip=False, error=none
  node_add b=5 s=73: applied=5, nested=True, p=0.000000, flip=False, error=none
  node_add b=1 s=89: applied=1, nested=True, p=0.000001, flip=False, error=none
  node_add b=3 s=89: applied=3, nested=True, p=0.000000, flip=False, error=none
  node_add b=5 s=89: applied=5, nested=True, p=0.000001, flip=False, error=none
  node_add b=1 s=101: applied=1, nested=True, p=0.000007, flip=False, error=none
  node_add b=3 s=101: applied=3, nested=True, p=0.000020, flip=False, error=none
  node_add b=5 s=101: applied=5, nested=True, p=0.000032, flip=False, error=none
  node_add b=1 s=137: applied=1, nested=True, p=0.000001, flip=False, error=none
  node_add b=3 s=137: applied=3, nested=True, p=0.000001, flip=False, error=none
  node_add b=5 s=137: applied=5, nested=True, p=0.000448, flip=False, error=none
  node_add b=1 s=2026: applied=1, nested=True, p=0.000004, flip=False, error=none
  node_add b=3 s=2026: applied=3, nested=True, p=0.000609, flip=False, error=none
  node_add b=5 s=2026: applied=5, nested=True, p=0.000609, flip=False, error=none
  node_delete b=1 s=7: applied=1, nested=True, p=0.000002, flip=False, error=none
  node_delete b=3 s=7: applied=3, nested=True, p=0.000000, flip=False, error=none
  node_delete b=5 s=7: applied=5, nested=True, p=0.000000, flip=False, error=none
  node_delete b=1 s=17: applied=1, nested=True, p=0.000000, flip=False, error=none
  node_delete b=3 s=17: applied=3, nested=True, p=0.000000, flip=False, error=none
  node_delete b=5 s=17: applied=5, nested=True, p=0.000000, flip=False, error=none
  node_delete b=1 s=29: applied=1, nested=True, p=0.000000, flip=False, error=none
  node_delete b=3 s=29: applied=3, nested=True, p=0.000000, flip=False, error=none
  node_delete b=5 s=29: applied=5, nested=True, p=0.000000, flip=False, error=none
  node_delete b=1 s=42: applied=1, nested=True, p=0.000000, flip=False, error=none
  node_delete b=3 s=42: applied=3, nested=True, p=0.000000, flip=False, error=none
  node_delete b=5 s=42: applied=5, nested=True, p=0.000000, flip=False, error=none
  node_delete b=1 s=61: applied=1, nested=True, p=0.000000, flip=False, error=none
  node_delete b=3 s=61: applied=3, nested=True, p=0.000000, flip=False, error=none
  node_delete b=5 s=61: applied=5, nested=True, p=0.000000, flip=False, error=none
  node_delete b=1 s=73: applied=1, nested=True, p=0.000002, flip=False, error=none
  node_delete b=3 s=73: applied=3, nested=True, p=0.000000, flip=False, error=none
  node_delete b=5 s=73: applied=5, nested=True, p=0.000000, flip=False, error=none
  node_delete b=1 s=89: applied=1, nested=True, p=0.000002, flip=False, error=none
  node_delete b=3 s=89: applied=3, nested=True, p=0.000000, flip=False, error=none
  node_delete b=5 s=89: applied=5, nested=True, p=0.000000, flip=False, error=none
  node_delete b=1 s=101: applied=1, nested=True, p=0.000000, flip=False, error=none
  node_delete b=3 s=101: applied=3, nested=True, p=0.000000, flip=False, error=none
  node_delete b=5 s=101: applied=5, nested=True, p=0.000000, flip=False, error=none
  node_delete b=1 s=137: applied=1, nested=True, p=0.000002, flip=False, error=none
  node_delete b=3 s=137: applied=3, nested=True, p=0.000000, flip=False, error=none
  node_delete b=5 s=137: applied=5, nested=True, p=0.000000, flip=False, error=none
  node_delete b=1 s=2026: applied=1, nested=True, p=0.000002, flip=False, error=none
  node_delete b=3 s=2026: applied=3, nested=True, p=0.000000, flip=False, error=none
  node_delete b=5 s=2026: applied=5, nested=True, p=0.000000, flip=False, error=none
  node_attribute_modify b=1 s=7: applied=1, nested=True, p=0.000001, flip=False, error=none
  node_attribute_modify b=3 s=7: applied=3, nested=True, p=0.000000, flip=False, error=none
  node_attribute_modify b=5 s=7: applied=5, nested=True, p=0.000000, flip=False, error=none
  node_attribute_modify b=1 s=17: applied=1, nested=True, p=0.000000, flip=False, error=none
  node_attribute_modify b=3 s=17: applied=3, nested=True, p=0.000000, flip=False, error=none
  node_attribute_modify b=5 s=17: applied=5, nested=True, p=0.000000, flip=False, error=none
  node_attribute_modify b=1 s=29: applied=1, nested=True, p=0.000000, flip=False, error=none
  node_attribute_modify b=3 s=29: applied=3, nested=True, p=0.000000, flip=False, error=none
  node_attribute_modify b=5 s=29: applied=5, nested=True, p=0.000000, flip=False, error=none
  node_attribute_modify b=1 s=42: applied=1, nested=True, p=0.000000, flip=False, error=none
  node_attribute_modify b=3 s=42: applied=3, nested=True, p=0.000000, flip=False, error=none
  node_attribute_modify b=5 s=42: applied=5, nested=True, p=0.000000, flip=False, error=none
  node_attribute_modify b=1 s=61: applied=1, nested=True, p=0.000000, flip=False, error=none
  node_attribute_modify b=3 s=61: applied=3, nested=True, p=0.000000, flip=False, error=none
  node_attribute_modify b=5 s=61: applied=5, nested=True, p=0.000000, flip=False, error=none
  node_attribute_modify b=1 s=73: applied=1, nested=True, p=0.000001, flip=False, error=none
  node_attribute_modify b=3 s=73: applied=3, nested=True, p=0.000000, flip=False, error=none
  node_attribute_modify b=5 s=73: applied=5, nested=True, p=0.000028, flip=False, error=none
  node_attribute_modify b=1 s=89: applied=1, nested=True, p=0.000000, flip=False, error=none
  node_attribute_modify b=3 s=89: applied=3, nested=True, p=0.000000, flip=False, error=none
  node_attribute_modify b=5 s=89: applied=5, nested=True, p=0.000000, flip=False, error=none
  node_attribute_modify b=1 s=101: applied=1, nested=True, p=0.000001, flip=False, error=none
  node_attribute_modify b=3 s=101: applied=3, nested=True, p=0.000000, flip=False, error=none
  node_attribute_modify b=5 s=101: applied=5, nested=True, p=0.000000, flip=False, error=none
  node_attribute_modify b=1 s=137: applied=1, nested=True, p=0.000004, flip=False, error=none
  node_attribute_modify b=3 s=137: applied=3, nested=True, p=0.000000, flip=False, error=none
  node_attribute_modify b=5 s=137: applied=5, nested=True, p=0.000000, flip=False, error=none
  node_attribute_modify b=1 s=2026: applied=1, nested=True, p=0.000000, flip=False, error=none
  node_attribute_modify b=3 s=2026: applied=3, nested=True, p=0.000000, flip=False, error=none
  node_attribute_modify b=5 s=2026: applied=5, nested=True, p=0.000000, flip=False, error=none
  edge_add b=1 s=7: applied=1, nested=True, p=0.000000, flip=False, error=none
  edge_add b=3 s=7: applied=3, nested=True, p=0.000000, flip=False, error=none
  edge_add b=5 s=7: applied=5, nested=True, p=0.000000, flip=False, error=none
  edge_add b=1 s=17: applied=1, nested=True, p=0.000000, flip=False, error=none
  edge_add b=3 s=17: applied=3, nested=True, p=0.000000, flip=False, error=none
  edge_add b=5 s=17: applied=5, nested=True, p=0.000000, flip=False, error=none
  edge_add b=1 s=29: applied=1, nested=True, p=0.000000, flip=False, error=none
  edge_add b=3 s=29: applied=3, nested=True, p=0.000000, flip=False, error=none
  edge_add b=5 s=29: applied=5, nested=True, p=0.000000, flip=False, error=none
  edge_add b=1 s=42: applied=1, nested=True, p=0.000000, flip=False, error=none
  edge_add b=3 s=42: applied=3, nested=True, p=0.000000, flip=False, error=none
  edge_add b=5 s=42: applied=5, nested=True, p=0.000000, flip=False, error=none
  edge_add b=1 s=61: applied=1, nested=True, p=0.000001, flip=False, error=none
  edge_add b=3 s=61: applied=3, nested=True, p=0.000002, flip=False, error=none
  edge_add b=5 s=61: applied=5, nested=True, p=0.000000, flip=False, error=none
  edge_add b=1 s=73: applied=1, nested=True, p=0.000002, flip=False, error=none
  edge_add b=3 s=73: applied=3, nested=True, p=0.000003, flip=False, error=none
  edge_add b=5 s=73: applied=5, nested=True, p=0.000002, flip=False, error=none
  edge_add b=1 s=89: applied=1, nested=True, p=0.000000, flip=False, error=none
  edge_add b=3 s=89: applied=3, nested=True, p=0.000000, flip=False, error=none
  edge_add b=5 s=89: applied=5, nested=True, p=0.000000, flip=False, error=none
  edge_add b=1 s=101: applied=1, nested=True, p=0.000003, flip=False, error=none
  edge_add b=3 s=101: applied=3, nested=True, p=0.000003, flip=False, error=none
  edge_add b=5 s=101: applied=5, nested=True, p=0.000000, flip=False, error=none
  edge_add b=1 s=137: applied=1, nested=True, p=0.000000, flip=False, error=none
  edge_add b=3 s=137: applied=3, nested=True, p=0.000000, flip=False, error=none
  edge_add b=5 s=137: applied=5, nested=True, p=0.000000, flip=False, error=none
  edge_add b=1 s=2026: applied=1, nested=True, p=0.000002, flip=False, error=none
  edge_add b=3 s=2026: applied=3, nested=True, p=0.000003, flip=False, error=none
  edge_add b=5 s=2026: applied=5, nested=True, p=0.000000, flip=False, error=none
  edge_delete b=1 s=7: applied=1, nested=True, p=0.000001, flip=False, error=none
  edge_delete b=3 s=7: applied=3, nested=True, p=0.000001, flip=False, error=none
  edge_delete b=5 s=7: applied=5, nested=True, p=0.000008, flip=False, error=none
  edge_delete b=1 s=17: applied=1, nested=True, p=0.000001, flip=False, error=none
  edge_delete b=3 s=17: applied=3, nested=True, p=0.000001, flip=False, error=none
  edge_delete b=5 s=17: applied=5, nested=True, p=0.000001, flip=False, error=none
  edge_delete b=1 s=29: applied=1, nested=True, p=0.000001, flip=False, error=none
  edge_delete b=3 s=29: applied=3, nested=True, p=0.000005, flip=False, error=none
  edge_delete b=5 s=29: applied=5, nested=True, p=0.000004, flip=False, error=none
  edge_delete b=1 s=42: applied=1, nested=True, p=0.000000, flip=False, error=none
  edge_delete b=3 s=42: applied=3, nested=True, p=0.000001, flip=False, error=none
  edge_delete b=5 s=42: applied=5, nested=True, p=0.000000, flip=False, error=none
  edge_delete b=1 s=61: applied=1, nested=True, p=0.000001, flip=False, error=none
  edge_delete b=3 s=61: applied=3, nested=True, p=0.000000, flip=False, error=none
  edge_delete b=5 s=61: applied=5, nested=True, p=0.000003, flip=False, error=none
  edge_delete b=1 s=73: applied=1, nested=True, p=0.000002, flip=False, error=none
  edge_delete b=3 s=73: applied=3, nested=True, p=0.000001, flip=False, error=none
  edge_delete b=5 s=73: applied=5, nested=True, p=0.000000, flip=False, error=none
  edge_delete b=1 s=89: applied=1, nested=True, p=0.000011, flip=False, error=none
  edge_delete b=3 s=89: applied=3, nested=True, p=0.000000, flip=False, error=none
  edge_delete b=5 s=89: applied=5, nested=True, p=0.000000, flip=False, error=none
  edge_delete b=1 s=101: applied=1, nested=True, p=0.000001, flip=False, error=none
  edge_delete b=3 s=101: applied=3, nested=True, p=0.000001, flip=False, error=none
  edge_delete b=5 s=101: applied=5, nested=True, p=0.000003, flip=False, error=none
  edge_delete b=1 s=137: applied=1, nested=True, p=0.000002, flip=False, error=none
  edge_delete b=3 s=137: applied=3, nested=True, p=0.000001, flip=False, error=none
  edge_delete b=5 s=137: applied=5, nested=True, p=0.000002, flip=False, error=none
  edge_delete b=1 s=2026: applied=1, nested=True, p=0.000000, flip=False, error=none
  edge_delete b=3 s=2026: applied=3, nested=True, p=0.000000, flip=False, error=none
  edge_delete b=5 s=2026: applied=5, nested=True, p=0.000000, flip=False, error=none
  edge_reconnect b=1 s=7: applied=1, nested=True, p=0.000000, flip=False, error=none
  edge_reconnect b=3 s=7: applied=3, nested=True, p=0.000003, flip=False, error=none
  edge_reconnect b=5 s=7: applied=5, nested=True, p=0.000000, flip=False, error=none
  edge_reconnect b=1 s=17: applied=1, nested=True, p=0.000000, flip=False, error=none
  edge_reconnect b=3 s=17: applied=3, nested=True, p=0.000000, flip=False, error=none
  edge_reconnect b=5 s=17: applied=5, nested=True, p=0.000000, flip=False, error=none
  edge_reconnect b=1 s=29: applied=1, nested=True, p=0.000000, flip=False, error=none
  edge_reconnect b=3 s=29: applied=3, nested=True, p=0.000000, flip=False, error=none
  edge_reconnect b=5 s=29: applied=5, nested=True, p=0.000000, flip=False, error=none
  edge_reconnect b=1 s=42: applied=1, nested=True, p=0.000054, flip=False, error=none
  edge_reconnect b=3 s=42: applied=3, nested=True, p=0.000000, flip=False, error=none
  edge_reconnect b=5 s=42: applied=5, nested=True, p=0.000000, flip=False, error=none
  edge_reconnect b=1 s=61: applied=1, nested=True, p=0.000000, flip=False, error=none
  edge_reconnect b=3 s=61: applied=3, nested=True, p=0.000000, flip=False, error=none
  edge_reconnect b=5 s=61: applied=5, nested=True, p=0.000000, flip=False, error=none
  edge_reconnect b=1 s=73: applied=1, nested=True, p=0.000000, flip=False, error=none
  edge_reconnect b=3 s=73: applied=3, nested=True, p=0.000000, flip=False, error=none
  edge_reconnect b=5 s=73: applied=5, nested=True, p=0.000000, flip=False, error=none
  edge_reconnect b=1 s=89: applied=1, nested=True, p=0.000001, flip=False, error=none
  edge_reconnect b=3 s=89: applied=3, nested=True, p=0.000000, flip=False, error=none
  edge_reconnect b=5 s=89: applied=5, nested=True, p=0.000000, flip=False, error=none
  edge_reconnect b=1 s=101: applied=1, nested=True, p=0.000001, flip=False, error=none
  edge_reconnect b=3 s=101: applied=3, nested=True, p=0.000001, flip=False, error=none
  edge_reconnect b=5 s=101: applied=5, nested=True, p=0.000000, flip=False, error=none
  edge_reconnect b=1 s=137: applied=1, nested=True, p=0.000000, flip=False, error=none
  edge_reconnect b=3 s=137: applied=3, nested=True, p=0.000000, flip=False, error=none
  edge_reconnect b=5 s=137: applied=5, nested=True, p=0.000000, flip=False, error=none
  edge_reconnect b=1 s=2026: applied=1, nested=True, p=0.000000, flip=False, error=none
  edge_reconnect b=3 s=2026: applied=3, nested=True, p=0.000000, flip=False, error=none
  edge_reconnect b=5 s=2026: applied=5, nested=True, p=0.000014, flip=False, error=none
[8/60] cvefixes__08_vulnerable_videobuf_vm_close: baseline p=0.000001, label=0, PDG=18/38, XFG=17
  node_add b=1 s=7: applied=1, nested=True, p=0.000641, flip=False, error=none
  node_add b=3 s=7: applied=3, nested=True, p=0.000242, flip=False, error=none
  node_add b=5 s=7: applied=5, nested=True, p=0.000152, flip=False, error=none
  node_add b=1 s=17: applied=1, nested=True, p=0.000001, flip=False, error=none
  node_add b=3 s=17: applied=3, nested=True, p=0.000016, flip=False, error=none
  node_add b=5 s=17: applied=5, nested=True, p=0.000206, flip=False, error=none
  node_add b=1 s=29: applied=1, nested=True, p=0.000001, flip=False, error=none
  node_add b=3 s=29: applied=3, nested=True, p=0.000005, flip=False, error=none
  node_add b=5 s=29: applied=5, nested=True, p=0.000002, flip=False, error=none
  node_add b=1 s=42: applied=1, nested=True, p=0.000004, flip=False, error=none
  node_add b=3 s=42: applied=3, nested=True, p=0.000000, flip=False, error=none
  node_add b=5 s=42: applied=5, nested=True, p=0.000023, flip=False, error=none
  node_add b=1 s=61: applied=1, nested=True, p=0.000001, flip=False, error=none
  node_add b=3 s=61: applied=3, nested=True, p=0.000002, flip=False, error=none
  node_add b=5 s=61: applied=5, nested=True, p=0.000750, flip=False, error=none
  node_add b=1 s=73: applied=1, nested=True, p=0.000001, flip=False, error=none
  node_add b=3 s=73: applied=3, nested=True, p=0.000001, flip=False, error=none
  node_add b=5 s=73: applied=5, nested=True, p=0.000000, flip=False, error=none
  node_add b=1 s=89: applied=1, nested=True, p=0.000001, flip=False, error=none
  node_add b=3 s=89: applied=3, nested=True, p=0.000000, flip=False, error=none
  node_add b=5 s=89: applied=5, nested=True, p=0.000001, flip=False, error=none
  node_add b=1 s=101: applied=1, nested=True, p=0.000007, flip=False, error=none
  node_add b=3 s=101: applied=3, nested=True, p=0.000020, flip=False, error=none
  node_add b=5 s=101: applied=5, nested=True, p=0.000032, flip=False, error=none
  node_add b=1 s=137: applied=1, nested=True, p=0.000001, flip=False, error=none
  node_add b=3 s=137: applied=3, nested=True, p=0.000001, flip=False, error=none
  node_add b=5 s=137: applied=5, nested=True, p=0.000448, flip=False, error=none
  node_add b=1 s=2026: applied=1, nested=True, p=0.000004, flip=False, error=none
  node_add b=3 s=2026: applied=3, nested=True, p=0.000609, flip=False, error=none
  node_add b=5 s=2026: applied=5, nested=True, p=0.000609, flip=False, error=none
  node_delete b=1 s=7: applied=1, nested=True, p=0.000002, flip=False, error=none
  node_delete b=3 s=7: applied=3, nested=True, p=0.000000, flip=False, error=none
  node_delete b=5 s=7: applied=5, nested=True, p=0.000000, flip=False, error=none
  node_delete b=1 s=17: applied=1, nested=True, p=0.000000, flip=False, error=none
  node_delete b=3 s=17: applied=3, nested=True, p=0.000000, flip=False, error=none
  node_delete b=5 s=17: applied=5, nested=True, p=0.000000, flip=False, error=none
  node_delete b=1 s=29: applied=1, nested=True, p=0.000000, flip=False, error=none
  node_delete b=3 s=29: applied=3, nested=True, p=0.000000, flip=False, error=none
  node_delete b=5 s=29: applied=5, nested=True, p=0.000000, flip=False, error=none
  node_delete b=1 s=42: applied=1, nested=True, p=0.000000, flip=False, error=none
  node_delete b=3 s=42: applied=3, nested=True, p=0.000000, flip=False, error=none
  node_delete b=5 s=42: applied=5, nested=True, p=0.000000, flip=False, error=none
  node_delete b=1 s=61: applied=1, nested=True, p=0.000000, flip=False, error=none
  node_delete b=3 s=61: applied=3, nested=True, p=0.000000, flip=False, error=none
  node_delete b=5 s=61: applied=5, nested=True, p=0.000000, flip=False, error=none
  node_delete b=1 s=73: applied=1, nested=True, p=0.000002, flip=False, error=none
  node_delete b=3 s=73: applied=3, nested=True, p=0.000000, flip=False, error=none
  node_delete b=5 s=73: applied=5, nested=True, p=0.000000, flip=False, error=none
  node_delete b=1 s=89: applied=1, nested=True, p=0.000002, flip=False, error=none
  node_delete b=3 s=89: applied=3, nested=True, p=0.000000, flip=False, error=none
  node_delete b=5 s=89: applied=5, nested=True, p=0.000000, flip=False, error=none
  node_delete b=1 s=101: applied=1, nested=True, p=0.000000, flip=False, error=none
  node_delete b=3 s=101: applied=3, nested=True, p=0.000000, flip=False, error=none
  node_delete b=5 s=101: applied=5, nested=True, p=0.000000, flip=False, error=none
  node_delete b=1 s=137: applied=1, nested=True, p=0.000002, flip=False, error=none
  node_delete b=3 s=137: applied=3, nested=True, p=0.000000, flip=False, error=none
  node_delete b=5 s=137: applied=5, nested=True, p=0.000000, flip=False, error=none
  node_delete b=1 s=2026: applied=1, nested=True, p=0.000002, flip=False, error=none
  node_delete b=3 s=2026: applied=3, nested=True, p=0.000000, flip=False, error=none
  node_delete b=5 s=2026: applied=5, nested=True, p=0.000000, flip=False, error=none
  node_attribute_modify b=1 s=7: applied=1, nested=True, p=0.000001, flip=False, error=none
  node_attribute_modify b=3 s=7: applied=3, nested=True, p=0.000000, flip=False, error=none
  node_attribute_modify b=5 s=7: applied=5, nested=True, p=0.000000, flip=False, error=none
  node_attribute_modify b=1 s=17: applied=1, nested=True, p=0.000000, flip=False, error=none
  node_attribute_modify b=3 s=17: applied=3, nested=True, p=0.000000, flip=False, error=none
  node_attribute_modify b=5 s=17: applied=5, nested=True, p=0.000000, flip=False, error=none
  node_attribute_modify b=1 s=29: applied=1, nested=True, p=0.000000, flip=False, error=none
  node_attribute_modify b=3 s=29: applied=3, nested=True, p=0.000000, flip=False, error=none
  node_attribute_modify b=5 s=29: applied=5, nested=True, p=0.000000, flip=False, error=none
  node_attribute_modify b=1 s=42: applied=1, nested=True, p=0.000000, flip=False, error=none
  node_attribute_modify b=3 s=42: applied=3, nested=True, p=0.000000, flip=False, error=none
  node_attribute_modify b=5 s=42: applied=5, nested=True, p=0.000000, flip=False, error=none
  node_attribute_modify b=1 s=61: applied=1, nested=True, p=0.000000, flip=False, error=none
  node_attribute_modify b=3 s=61: applied=3, nested=True, p=0.000000, flip=False, error=none
  node_attribute_modify b=5 s=61: applied=5, nested=True, p=0.000000, flip=False, error=none
  node_attribute_modify b=1 s=73: applied=1, nested=True, p=0.000001, flip=False, error=none
  node_attribute_modify b=3 s=73: applied=3, nested=True, p=0.000000, flip=False, error=none
  node_attribute_modify b=5 s=73: applied=5, nested=True, p=0.000028, flip=False, error=none
  node_attribute_modify b=1 s=89: applied=1, nested=True, p=0.000000, flip=False, error=none
  node_attribute_modify b=3 s=89: applied=3, nested=True, p=0.000000, flip=False, error=none
  node_attribute_modify b=5 s=89: applied=5, nested=True, p=0.000000, flip=False, error=none
  node_attribute_modify b=1 s=101: applied=1, nested=True, p=0.000001, flip=False, error=none
  node_attribute_modify b=3 s=101: applied=3, nested=True, p=0.000000, flip=False, error=none
  node_attribute_modify b=5 s=101: applied=5, nested=True, p=0.000000, flip=False, error=none
  node_attribute_modify b=1 s=137: applied=1, nested=True, p=0.000004, flip=False, error=none
  node_attribute_modify b=3 s=137: applied=3, nested=True, p=0.000000, flip=False, error=none
  node_attribute_modify b=5 s=137: applied=5, nested=True, p=0.000000, flip=False, error=none
  node_attribute_modify b=1 s=2026: applied=1, nested=True, p=0.000000, flip=False, error=none
  node_attribute_modify b=3 s=2026: applied=3, nested=True, p=0.000000, flip=False, error=none
  node_attribute_modify b=5 s=2026: applied=5, nested=True, p=0.000000, flip=False, error=none
  edge_add b=1 s=7: applied=1, nested=True, p=0.000000, flip=False, error=none
  edge_add b=3 s=7: applied=3, nested=True, p=0.000000, flip=False, error=none
  edge_add b=5 s=7: applied=5, nested=True, p=0.000000, flip=False, error=none
  edge_add b=1 s=17: applied=1, nested=True, p=0.000000, flip=False, error=none
  edge_add b=3 s=17: applied=3, nested=True, p=0.000000, flip=False, error=none
  edge_add b=5 s=17: applied=5, nested=True, p=0.000000, flip=False, error=none
  edge_add b=1 s=29: applied=1, nested=True, p=0.000000, flip=False, error=none
  edge_add b=3 s=29: applied=3, nested=True, p=0.000000, flip=False, error=none
  edge_add b=5 s=29: applied=5, nested=True, p=0.000000, flip=False, error=none
  edge_add b=1 s=42: applied=1, nested=True, p=0.000000, flip=False, error=none
  edge_add b=3 s=42: applied=3, nested=True, p=0.000000, flip=False, error=none
  edge_add b=5 s=42: applied=5, nested=True, p=0.000000, flip=False, error=none
  edge_add b=1 s=61: applied=1, nested=True, p=0.000001, flip=False, error=none
  edge_add b=3 s=61: applied=3, nested=True, p=0.000002, flip=False, error=none
  edge_add b=5 s=61: applied=5, nested=True, p=0.000000, flip=False, error=none
  edge_add b=1 s=73: applied=1, nested=True, p=0.000002, flip=False, error=none
  edge_add b=3 s=73: applied=3, nested=True, p=0.000003, flip=False, error=none
  edge_add b=5 s=73: applied=5, nested=True, p=0.000002, flip=False, error=none
  edge_add b=1 s=89: applied=1, nested=True, p=0.000000, flip=False, error=none
  edge_add b=3 s=89: applied=3, nested=True, p=0.000000, flip=False, error=none
  edge_add b=5 s=89: applied=5, nested=True, p=0.000000, flip=False, error=none
  edge_add b=1 s=101: applied=1, nested=True, p=0.000003, flip=False, error=none
  edge_add b=3 s=101: applied=3, nested=True, p=0.000003, flip=False, error=none
  edge_add b=5 s=101: applied=5, nested=True, p=0.000000, flip=False, error=none
  edge_add b=1 s=137: applied=1, nested=True, p=0.000000, flip=False, error=none
  edge_add b=3 s=137: applied=3, nested=True, p=0.000000, flip=False, error=none
  edge_add b=5 s=137: applied=5, nested=True, p=0.000000, flip=False, error=none
  edge_add b=1 s=2026: applied=1, nested=True, p=0.000002, flip=False, error=none
  edge_add b=3 s=2026: applied=3, nested=True, p=0.000003, flip=False, error=none
  edge_add b=5 s=2026: applied=5, nested=True, p=0.000000, flip=False, error=none
  edge_delete b=1 s=7: applied=1, nested=True, p=0.000001, flip=False, error=none
  edge_delete b=3 s=7: applied=3, nested=True, p=0.000001, flip=False, error=none
  edge_delete b=5 s=7: applied=5, nested=True, p=0.000008, flip=False, error=none
  edge_delete b=1 s=17: applied=1, nested=True, p=0.000001, flip=False, error=none
  edge_delete b=3 s=17: applied=3, nested=True, p=0.000001, flip=False, error=none
  edge_delete b=5 s=17: applied=5, nested=True, p=0.000001, flip=False, error=none
  edge_delete b=1 s=29: applied=1, nested=True, p=0.000001, flip=False, error=none
  edge_delete b=3 s=29: applied=3, nested=True, p=0.000005, flip=False, error=none
  edge_delete b=5 s=29: applied=5, nested=True, p=0.000004, flip=False, error=none
  edge_delete b=1 s=42: applied=1, nested=True, p=0.000000, flip=False, error=none
  edge_delete b=3 s=42: applied=3, nested=True, p=0.000001, flip=False, error=none
  edge_delete b=5 s=42: applied=5, nested=True, p=0.000000, flip=False, error=none
  edge_delete b=1 s=61: applied=1, nested=True, p=0.000001, flip=False, error=none
  edge_delete b=3 s=61: applied=3, nested=True, p=0.000000, flip=False, error=none
  edge_delete b=5 s=61: applied=5, nested=True, p=0.000003, flip=False, error=none
  edge_delete b=1 s=73: applied=1, nested=True, p=0.000002, flip=False, error=none
  edge_delete b=3 s=73: applied=3, nested=True, p=0.000001, flip=False, error=none
  edge_delete b=5 s=73: applied=5, nested=True, p=0.000000, flip=False, error=none
  edge_delete b=1 s=89: applied=1, nested=True, p=0.000011, flip=False, error=none
  edge_delete b=3 s=89: applied=3, nested=True, p=0.000000, flip=False, error=none
  edge_delete b=5 s=89: applied=5, nested=True, p=0.000000, flip=False, error=none
  edge_delete b=1 s=101: applied=1, nested=True, p=0.000001, flip=False, error=none
  edge_delete b=3 s=101: applied=3, nested=True, p=0.000001, flip=False, error=none
  edge_delete b=5 s=101: applied=5, nested=True, p=0.000003, flip=False, error=none
  edge_delete b=1 s=137: applied=1, nested=True, p=0.000002, flip=False, error=none
  edge_delete b=3 s=137: applied=3, nested=True, p=0.000001, flip=False, error=none
  edge_delete b=5 s=137: applied=5, nested=True, p=0.000002, flip=False, error=none
  edge_delete b=1 s=2026: applied=1, nested=True, p=0.000000, flip=False, error=none
  edge_delete b=3 s=2026: applied=3, nested=True, p=0.000000, flip=False, error=none
  edge_delete b=5 s=2026: applied=5, nested=True, p=0.000000, flip=False, error=none
  edge_reconnect b=1 s=7: applied=1, nested=True, p=0.000000, flip=False, error=none
  edge_reconnect b=3 s=7: applied=3, nested=True, p=0.000003, flip=False, error=none
  edge_reconnect b=5 s=7: applied=5, nested=True, p=0.000000, flip=False, error=none
  edge_reconnect b=1 s=17: applied=1, nested=True, p=0.000000, flip=False, error=none
  edge_reconnect b=3 s=17: applied=3, nested=True, p=0.000000, flip=False, error=none
  edge_reconnect b=5 s=17: applied=5, nested=True, p=0.000000, flip=False, error=none
  edge_reconnect b=1 s=29: applied=1, nested=True, p=0.000000, flip=False, error=none
  edge_reconnect b=3 s=29: applied=3, nested=True, p=0.000000, flip=False, error=none
  edge_reconnect b=5 s=29: applied=5, nested=True, p=0.000000, flip=False, error=none
  edge_reconnect b=1 s=42: applied=1, nested=True, p=0.000054, flip=False, error=none
  edge_reconnect b=3 s=42: applied=3, nested=True, p=0.000000, flip=False, error=none
  edge_reconnect b=5 s=42: applied=5, nested=True, p=0.000000, flip=False, error=none
  edge_reconnect b=1 s=61: applied=1, nested=True, p=0.000000, flip=False, error=none
  edge_reconnect b=3 s=61: applied=3, nested=True, p=0.000000, flip=False, error=none
  edge_reconnect b=5 s=61: applied=5, nested=True, p=0.000000, flip=False, error=none
  edge_reconnect b=1 s=73: applied=1, nested=True, p=0.000000, flip=False, error=none
  edge_reconnect b=3 s=73: applied=3, nested=True, p=0.000000, flip=False, error=none
  edge_reconnect b=5 s=73: applied=5, nested=True, p=0.000000, flip=False, error=none
  edge_reconnect b=1 s=89: applied=1, nested=True, p=0.000001, flip=False, error=none
  edge_reconnect b=3 s=89: applied=3, nested=True, p=0.000000, flip=False, error=none
  edge_reconnect b=5 s=89: applied=5, nested=True, p=0.000000, flip=False, error=none
  edge_reconnect b=1 s=101: applied=1, nested=True, p=0.000001, flip=False, error=none
  edge_reconnect b=3 s=101: applied=3, nested=True, p=0.000001, flip=False, error=none
  edge_reconnect b=5 s=101: applied=5, nested=True, p=0.000000, flip=False, error=none
  edge_reconnect b=1 s=137: applied=1, nested=True, p=0.000000, flip=False, error=none
  edge_reconnect b=3 s=137: applied=3, nested=True, p=0.000000, flip=False, error=none
  edge_reconnect b=5 s=137: applied=5, nested=True, p=0.000000, flip=False, error=none
  edge_reconnect b=1 s=2026: applied=1, nested=True, p=0.000000, flip=False, error=none
  edge_reconnect b=3 s=2026: applied=3, nested=True, p=0.000000, flip=False, error=none
  edge_reconnect b=5 s=2026: applied=5, nested=True, p=0.000014, flip=False, error=none
[9/60] cvefixes__09_fixed_netlbl_cipsov4_add_common: baseline p=0.000357, label=0, PDG=15/28, XFG=9
  node_add b=1 s=7: applied=1, nested=True, p=0.000781, flip=False, error=none
  node_add b=3 s=7: applied=3, nested=True, p=0.000781, flip=False, error=none
  node_add b=5 s=7: applied=5, nested=True, p=0.000781, flip=False, error=none
  node_add b=1 s=17: applied=1, nested=True, p=0.002042, flip=False, error=none
  node_add b=3 s=17: applied=3, nested=True, p=0.002877, flip=False, error=none
  node_add b=5 s=17: applied=5, nested=True, p=0.011504, flip=False, error=none
  node_add b=1 s=29: applied=1, nested=True, p=0.002042, flip=False, error=none
  node_add b=3 s=29: applied=3, nested=True, p=0.002042, flip=False, error=none
  node_add b=5 s=29: applied=5, nested=True, p=0.008946, flip=False, error=none
  node_add b=1 s=42: applied=1, nested=True, p=0.000357, flip=False, error=none
  node_add b=3 s=42: applied=3, nested=True, p=0.001337, flip=False, error=none
  node_add b=5 s=42: applied=5, nested=True, p=0.000886, flip=False, error=none
  node_add b=1 s=61: applied=1, nested=True, p=0.000357, flip=False, error=none
  node_add b=3 s=61: applied=3, nested=True, p=0.000781, flip=False, error=none
  node_add b=5 s=61: applied=5, nested=True, p=0.001328, flip=False, error=none
  node_add b=1 s=73: applied=1, nested=True, p=0.000357, flip=False, error=none
  node_add b=3 s=73: applied=3, nested=True, p=0.000368, flip=False, error=none
  node_add b=5 s=73: applied=5, nested=True, p=0.000357, flip=False, error=none
  node_add b=1 s=89: applied=1, nested=True, p=0.000357, flip=False, error=none
  node_add b=3 s=89: applied=3, nested=True, p=0.000886, flip=False, error=none
  node_add b=5 s=89: applied=5, nested=True, p=0.000886, flip=False, error=none
  node_add b=1 s=101: applied=1, nested=True, p=0.003117, flip=False, error=none
  node_add b=3 s=101: applied=3, nested=True, p=0.005647, flip=False, error=none
  node_add b=5 s=101: applied=5, nested=True, p=0.000921, flip=False, error=none
  node_add b=1 s=137: applied=1, nested=True, p=0.000357, flip=False, error=none
  node_add b=3 s=137: applied=3, nested=True, p=0.000781, flip=False, error=none
  node_add b=5 s=137: applied=5, nested=True, p=0.000781, flip=False, error=none
  node_add b=1 s=2026: applied=1, nested=True, p=0.000357, flip=False, error=none
  node_add b=3 s=2026: applied=3, nested=True, p=0.000357, flip=False, error=none
  node_add b=5 s=2026: applied=5, nested=True, p=0.000357, flip=False, error=none
  node_delete b=1 s=7: applied=1, nested=True, p=0.001288, flip=False, error=none
  node_delete b=3 s=7: applied=3, nested=True, p=0.029140, flip=False, error=none
  node_delete b=5 s=7: applied=5, nested=True, p=0.311609, flip=False, error=none
  node_delete b=1 s=17: applied=1, nested=True, p=0.001560, flip=False, error=none
  node_delete b=3 s=17: applied=3, nested=True, p=0.001309, flip=False, error=none
  node_delete b=5 s=17: applied=5, nested=True, p=0.003985, flip=False, error=none
  node_delete b=1 s=29: applied=1, nested=True, p=0.001560, flip=False, error=none
  node_delete b=3 s=29: applied=3, nested=True, p=0.001309, flip=False, error=none
  node_delete b=5 s=29: applied=5, nested=True, p=0.046546, flip=False, error=none
  node_delete b=1 s=42: applied=1, nested=True, p=0.000357, flip=False, error=none
  node_delete b=3 s=42: applied=3, nested=True, p=0.000728, flip=False, error=none
  node_delete b=5 s=42: applied=5, nested=True, p=0.000440, flip=False, error=none
  node_delete b=1 s=61: applied=1, nested=True, p=0.006490, flip=False, error=none
  node_delete b=3 s=61: applied=3, nested=True, p=0.285629, flip=False, error=none
  node_delete b=5 s=61: applied=5, nested=True, p=0.172626, flip=False, error=none
  node_delete b=1 s=73: applied=1, nested=True, p=0.000622, flip=False, error=none
  node_delete b=3 s=73: applied=3, nested=True, p=0.000082, flip=False, error=none
  node_delete b=5 s=73: applied=5, nested=True, p=0.002123, flip=False, error=none
  node_delete b=1 s=89: applied=1, nested=True, p=0.000357, flip=False, error=none
  node_delete b=3 s=89: applied=3, nested=True, p=0.000175, flip=False, error=none
  node_delete b=5 s=89: applied=5, nested=True, p=0.003416, flip=False, error=none
  node_delete b=1 s=101: applied=1, nested=True, p=0.000219, flip=False, error=none
  node_delete b=3 s=101: applied=3, nested=True, p=0.000305, flip=False, error=none
  node_delete b=5 s=101: applied=5, nested=True, p=0.008887, flip=False, error=none
  node_delete b=1 s=137: applied=1, nested=True, p=0.000357, flip=False, error=none
  node_delete b=3 s=137: applied=3, nested=True, p=0.000904, flip=False, error=none
  node_delete b=5 s=137: applied=5, nested=True, p=0.005482, flip=False, error=none
  node_delete b=1 s=2026: applied=1, nested=True, p=0.000357, flip=False, error=none
  node_delete b=3 s=2026: applied=3, nested=True, p=0.001142, flip=False, error=none
  node_delete b=5 s=2026: applied=5, nested=True, p=0.003898, flip=False, error=none
  node_attribute_modify b=1 s=7: applied=1, nested=True, p=0.000976, flip=False, error=none
  node_attribute_modify b=3 s=7: applied=3, nested=True, p=0.005839, flip=False, error=none
  node_attribute_modify b=5 s=7: applied=5, nested=True, p=0.000355, flip=False, error=none
  node_attribute_modify b=1 s=17: applied=1, nested=True, p=0.000771, flip=False, error=none
  node_attribute_modify b=3 s=17: applied=3, nested=True, p=0.080258, flip=False, error=none
  node_attribute_modify b=5 s=17: applied=5, nested=True, p=0.084406, flip=False, error=none
  node_attribute_modify b=1 s=29: applied=1, nested=True, p=0.000357, flip=False, error=none
  node_attribute_modify b=3 s=29: applied=3, nested=True, p=0.000422, flip=False, error=none
  node_attribute_modify b=5 s=29: applied=5, nested=True, p=0.001345, flip=False, error=none
  node_attribute_modify b=1 s=42: applied=1, nested=True, p=0.025732, flip=False, error=none
  node_attribute_modify b=3 s=42: applied=3, nested=True, p=0.066391, flip=False, error=none
  node_attribute_modify b=5 s=42: applied=5, nested=True, p=0.080665, flip=False, error=none
  node_attribute_modify b=1 s=61: applied=1, nested=True, p=0.002676, flip=False, error=none
  node_attribute_modify b=3 s=61: applied=3, nested=True, p=0.001393, flip=False, error=none
  node_attribute_modify b=5 s=61: applied=5, nested=True, p=0.067536, flip=False, error=none
  node_attribute_modify b=1 s=73: applied=1, nested=True, p=0.000357, flip=False, error=none
  node_attribute_modify b=3 s=73: applied=3, nested=True, p=0.006427, flip=False, error=none
  node_attribute_modify b=5 s=73: applied=5, nested=True, p=0.018257, flip=False, error=none
  node_attribute_modify b=1 s=89: applied=1, nested=True, p=0.000357, flip=False, error=none
  node_attribute_modify b=3 s=89: applied=3, nested=True, p=0.006372, flip=False, error=none
  node_attribute_modify b=5 s=89: applied=5, nested=True, p=0.070261, flip=False, error=none
  node_attribute_modify b=1 s=101: applied=1, nested=True, p=0.000312, flip=False, error=none
  node_attribute_modify b=3 s=101: applied=3, nested=True, p=0.027932, flip=False, error=none
  node_attribute_modify b=5 s=101: applied=5, nested=True, p=0.027932, flip=False, error=none
  node_attribute_modify b=1 s=137: applied=1, nested=True, p=0.000357, flip=False, error=none
  node_attribute_modify b=3 s=137: applied=3, nested=True, p=0.112487, flip=False, error=none
  node_attribute_modify b=5 s=137: applied=5, nested=True, p=0.009013, flip=False, error=none
  node_attribute_modify b=1 s=2026: applied=1, nested=True, p=0.061610, flip=False, error=none
  node_attribute_modify b=3 s=2026: applied=3, nested=True, p=0.146961, flip=False, error=none
  node_attribute_modify b=5 s=2026: applied=5, nested=True, p=0.103754, flip=False, error=none
  edge_add b=1 s=7: applied=1, nested=True, p=0.000310, flip=False, error=none
  edge_add b=3 s=7: applied=3, nested=True, p=0.008807, flip=False, error=none
  edge_add b=5 s=7: applied=5, nested=True, p=0.009104, flip=False, error=none
  edge_add b=1 s=17: applied=1, nested=True, p=0.000357, flip=False, error=none
  edge_add b=3 s=17: applied=3, nested=True, p=0.001049, flip=False, error=none
  edge_add b=5 s=17: applied=5, nested=True, p=0.000859, flip=False, error=none
  edge_add b=1 s=29: applied=1, nested=True, p=0.002844, flip=False, error=none
  edge_add b=3 s=29: applied=3, nested=True, p=0.000515, flip=False, error=none
  edge_add b=5 s=29: applied=5, nested=True, p=0.000326, flip=False, error=none
  edge_add b=1 s=42: applied=1, nested=True, p=0.000357, flip=False, error=none
  edge_add b=3 s=42: applied=3, nested=True, p=0.005929, flip=False, error=none
  edge_add b=5 s=42: applied=5, nested=True, p=0.002876, flip=False, error=none
  edge_add b=1 s=61: applied=1, nested=True, p=0.000235, flip=False, error=none
  edge_add b=3 s=61: applied=3, nested=True, p=0.000298, flip=False, error=none
  edge_add b=5 s=61: applied=5, nested=True, p=0.001418, flip=False, error=none
  edge_add b=1 s=73: applied=1, nested=True, p=0.000965, flip=False, error=none
  edge_add b=3 s=73: applied=3, nested=True, p=0.000687, flip=False, error=none
  edge_add b=5 s=73: applied=5, nested=True, p=0.001590, flip=False, error=none
  edge_add b=1 s=89: applied=1, nested=True, p=0.000521, flip=False, error=none
  edge_add b=3 s=89: applied=3, nested=True, p=0.000482, flip=False, error=none
  edge_add b=5 s=89: applied=5, nested=True, p=0.011746, flip=False, error=none
  edge_add b=1 s=101: applied=1, nested=True, p=0.000328, flip=False, error=none
  edge_add b=3 s=101: applied=3, nested=True, p=0.002029, flip=False, error=none
  edge_add b=5 s=101: applied=5, nested=True, p=0.001099, flip=False, error=none
  edge_add b=1 s=137: applied=1, nested=True, p=0.000840, flip=False, error=none
  edge_add b=3 s=137: applied=3, nested=True, p=0.001368, flip=False, error=none
  edge_add b=5 s=137: applied=5, nested=True, p=0.000834, flip=False, error=none
  edge_add b=1 s=2026: applied=1, nested=True, p=0.000547, flip=False, error=none
  edge_add b=3 s=2026: applied=3, nested=True, p=0.010830, flip=False, error=none
  edge_add b=5 s=2026: applied=5, nested=True, p=0.018874, flip=False, error=none
  edge_delete b=1 s=7: applied=1, nested=True, p=0.000498, flip=False, error=none
  edge_delete b=3 s=7: applied=3, nested=True, p=0.000354, flip=False, error=none
  edge_delete b=5 s=7: applied=5, nested=True, p=0.000430, flip=False, error=none
  edge_delete b=1 s=17: applied=1, nested=True, p=0.000447, flip=False, error=none
  edge_delete b=3 s=17: applied=3, nested=True, p=0.000346, flip=False, error=none
  edge_delete b=5 s=17: applied=5, nested=True, p=0.000330, flip=False, error=none
  edge_delete b=1 s=29: applied=1, nested=True, p=0.000648, flip=False, error=none
  edge_delete b=3 s=29: applied=3, nested=True, p=0.003067, flip=False, error=none
  edge_delete b=5 s=29: applied=5, nested=True, p=0.052037, flip=False, error=none
  edge_delete b=1 s=42: applied=1, nested=True, p=0.000524, flip=False, error=none
  edge_delete b=3 s=42: applied=3, nested=True, p=0.059768, flip=False, error=none
  edge_delete b=5 s=42: applied=5, nested=True, p=0.029800, flip=False, error=none
  edge_delete b=1 s=61: applied=1, nested=True, p=0.000266, flip=False, error=none
  edge_delete b=3 s=61: applied=3, nested=True, p=0.000307, flip=False, error=none
  edge_delete b=5 s=61: applied=5, nested=True, p=0.001000, flip=False, error=none
  edge_delete b=1 s=73: applied=1, nested=True, p=0.000553, flip=False, error=none
  edge_delete b=3 s=73: applied=3, nested=True, p=0.029140, flip=False, error=none
  edge_delete b=5 s=73: applied=5, nested=True, p=0.029140, flip=False, error=none
  edge_delete b=1 s=89: applied=1, nested=True, p=0.004203, flip=False, error=none
  edge_delete b=3 s=89: applied=3, nested=True, p=0.004203, flip=False, error=none
  edge_delete b=5 s=89: applied=5, nested=True, p=0.004203, flip=False, error=none
  edge_delete b=1 s=101: applied=1, nested=True, p=0.000563, flip=False, error=none
  edge_delete b=3 s=101: applied=3, nested=True, p=0.001288, flip=False, error=none
  edge_delete b=5 s=101: applied=5, nested=True, p=0.001730, flip=False, error=none
  edge_delete b=1 s=137: applied=1, nested=True, p=0.004203, flip=False, error=none
  edge_delete b=3 s=137: applied=3, nested=True, p=0.003552, flip=False, error=none
  edge_delete b=5 s=137: applied=5, nested=True, p=0.001832, flip=False, error=none
  edge_delete b=1 s=2026: applied=1, nested=True, p=0.029140, flip=False, error=none
  edge_delete b=3 s=2026: applied=3, nested=True, p=0.029140, flip=False, error=none
  edge_delete b=5 s=2026: applied=5, nested=True, p=0.029140, flip=False, error=none
  edge_reconnect b=1 s=7: applied=1, nested=True, p=0.000371, flip=False, error=none
  edge_reconnect b=3 s=7: applied=3, nested=True, p=0.013624, flip=False, error=none
  edge_reconnect b=5 s=7: applied=5, nested=True, p=0.003900, flip=False, error=none
  edge_reconnect b=1 s=17: applied=1, nested=True, p=0.000468, flip=False, error=none
  edge_reconnect b=3 s=17: applied=3, nested=True, p=0.002982, flip=False, error=none
  edge_reconnect b=5 s=17: applied=5, nested=True, p=0.003785, flip=False, error=none
  edge_reconnect b=1 s=29: applied=1, nested=True, p=0.000447, flip=False, error=none
  edge_reconnect b=3 s=29: applied=3, nested=True, p=0.036437, flip=False, error=none
  edge_reconnect b=5 s=29: applied=5, nested=True, p=0.036437, flip=False, error=none
  edge_reconnect b=1 s=42: applied=1, nested=True, p=0.000357, flip=False, error=none
  edge_reconnect b=3 s=42: applied=3, nested=True, p=0.002703, flip=False, error=none
  edge_reconnect b=5 s=42: applied=5, nested=True, p=0.004403, flip=False, error=none
  edge_reconnect b=1 s=61: applied=1, nested=True, p=0.001194, flip=False, error=none
  edge_reconnect b=3 s=61: applied=3, nested=True, p=0.005153, flip=False, error=none
  edge_reconnect b=5 s=61: applied=5, nested=True, p=0.007384, flip=False, error=none
  edge_reconnect b=1 s=73: applied=1, nested=True, p=0.000609, flip=False, error=none
  edge_reconnect b=3 s=73: applied=3, nested=True, p=0.001278, flip=False, error=none
  edge_reconnect b=5 s=73: applied=5, nested=True, p=0.001659, flip=False, error=none
  edge_reconnect b=1 s=89: applied=1, nested=True, p=0.009831, flip=False, error=none
  edge_reconnect b=3 s=89: applied=3, nested=True, p=0.011592, flip=False, error=none
  edge_reconnect b=5 s=89: applied=5, nested=True, p=0.011592, flip=False, error=none
  edge_reconnect b=1 s=101: applied=1, nested=True, p=0.000487, flip=False, error=none
  edge_reconnect b=3 s=101: applied=3, nested=True, p=0.000401, flip=False, error=none
  edge_reconnect b=5 s=101: applied=5, nested=True, p=0.006798, flip=False, error=none
  edge_reconnect b=1 s=137: applied=1, nested=True, p=0.020272, flip=False, error=none
  edge_reconnect b=3 s=137: applied=3, nested=True, p=0.020272, flip=False, error=none
  edge_reconnect b=5 s=137: applied=5, nested=True, p=0.000801, flip=False, error=none
  edge_reconnect b=1 s=2026: applied=1, nested=True, p=0.000376, flip=False, error=none
  edge_reconnect b=3 s=2026: applied=3, nested=True, p=0.001329, flip=False, error=none
  edge_reconnect b=5 s=2026: applied=5, nested=True, p=0.004122, flip=False, error=none
[10/60] cvefixes__10_vulnerable_netlbl_cipsov4_add_common: baseline p=0.003646, label=0, PDG=15/26, XFG=9
  node_add b=1 s=7: applied=1, nested=True, p=0.004161, flip=False, error=none
  node_add b=3 s=7: applied=3, nested=True, p=0.004259, flip=False, error=none
  node_add b=5 s=7: applied=5, nested=True, p=0.001902, flip=False, error=none
  node_add b=1 s=17: applied=1, nested=True, p=0.006359, flip=False, error=none
  node_add b=3 s=17: applied=3, nested=True, p=0.006474, flip=False, error=none
  node_add b=5 s=17: applied=5, nested=True, p=0.010686, flip=False, error=none
  node_add b=1 s=29: applied=1, nested=True, p=0.006359, flip=False, error=none
  node_add b=3 s=29: applied=3, nested=True, p=0.008067, flip=False, error=none
  node_add b=5 s=29: applied=5, nested=True, p=0.012189, flip=False, error=none
  node_add b=1 s=42: applied=1, nested=True, p=0.003646, flip=False, error=none
  node_add b=3 s=42: applied=3, nested=True, p=0.008821, flip=False, error=none
  node_add b=5 s=42: applied=5, nested=True, p=0.002925, flip=False, error=none
  node_add b=1 s=61: applied=1, nested=True, p=0.000385, flip=False, error=none
  node_add b=3 s=61: applied=3, nested=True, p=0.000886, flip=False, error=none
  node_add b=5 s=61: applied=5, nested=True, p=0.001844, flip=False, error=none
  node_add b=1 s=73: applied=1, nested=True, p=0.004161, flip=False, error=none
  node_add b=3 s=73: applied=3, nested=True, p=0.007518, flip=False, error=none
  node_add b=5 s=73: applied=5, nested=True, p=0.007380, flip=False, error=none
  node_add b=1 s=89: applied=1, nested=True, p=0.000409, flip=False, error=none
  node_add b=3 s=89: applied=3, nested=True, p=0.005139, flip=False, error=none
  node_add b=5 s=89: applied=5, nested=True, p=0.005139, flip=False, error=none
  node_add b=1 s=101: applied=1, nested=True, p=0.008551, flip=False, error=none
  node_add b=3 s=101: applied=3, nested=True, p=0.009616, flip=False, error=none
  node_add b=5 s=101: applied=5, nested=True, p=0.001844, flip=False, error=none
  node_add b=1 s=137: applied=1, nested=True, p=0.000409, flip=False, error=none
  node_add b=3 s=137: applied=3, nested=True, p=0.001183, flip=False, error=none
  node_add b=5 s=137: applied=5, nested=True, p=0.001033, flip=False, error=none
  node_add b=1 s=2026: applied=1, nested=True, p=0.000409, flip=False, error=none
  node_add b=3 s=2026: applied=3, nested=True, p=0.000409, flip=False, error=none
  node_add b=5 s=2026: applied=5, nested=True, p=0.000664, flip=False, error=none
  node_delete b=1 s=7: applied=1, nested=True, p=0.010455, flip=False, error=none
  node_delete b=3 s=7: applied=3, nested=True, p=0.018849, flip=False, error=none
  node_delete b=5 s=7: applied=5, nested=True, p=0.362679, flip=False, error=none
  node_delete b=1 s=17: applied=1, nested=True, p=0.005808, flip=False, error=none
  node_delete b=3 s=17: applied=3, nested=True, p=0.005069, flip=False, error=none
  node_delete b=5 s=17: applied=5, nested=True, p=0.003985, flip=False, error=none
  node_delete b=1 s=29: applied=1, nested=True, p=0.005808, flip=False, error=none
  node_delete b=3 s=29: applied=3, nested=True, p=0.005808, flip=False, error=none
  node_delete b=5 s=29: applied=5, nested=True, p=0.099124, flip=False, error=none
  node_delete b=1 s=42: applied=1, nested=True, p=0.000409, flip=False, error=none
  node_delete b=3 s=42: applied=3, nested=True, p=0.005808, flip=False, error=none
  node_delete b=5 s=42: applied=5, nested=True, p=0.001059, flip=False, error=none
  node_delete b=1 s=61: applied=1, nested=True, p=0.044928, flip=False, error=none
  node_delete b=3 s=61: applied=3, nested=True, p=0.236210, flip=False, error=none
  node_delete b=5 s=61: applied=5, nested=True, p=0.172626, flip=False, error=none
  node_delete b=1 s=73: applied=1, nested=True, p=0.003810, flip=False, error=none
  node_delete b=3 s=73: applied=3, nested=True, p=0.000409, flip=False, error=none
  node_delete b=5 s=73: applied=5, nested=True, p=0.000397, flip=False, error=none
  node_delete b=1 s=89: applied=1, nested=True, p=0.000409, flip=False, error=none
  node_delete b=3 s=89: applied=3, nested=True, p=0.000346, flip=False, error=none
  node_delete b=5 s=89: applied=5, nested=True, p=0.004904, flip=False, error=none
  node_delete b=1 s=101: applied=1, nested=True, p=0.003646, flip=False, error=none
  node_delete b=3 s=101: applied=3, nested=True, p=0.002807, flip=False, error=none
  node_delete b=5 s=101: applied=5, nested=True, p=0.012330, flip=False, error=none
  node_delete b=1 s=137: applied=1, nested=True, p=0.000409, flip=False, error=none
  node_delete b=3 s=137: applied=3, nested=True, p=0.001649, flip=False, error=none
  node_delete b=5 s=137: applied=5, nested=True, p=0.005482, flip=False, error=none
  node_delete b=1 s=2026: applied=1, nested=True, p=0.000409, flip=False, error=none
  node_delete b=3 s=2026: applied=3, nested=True, p=0.001060, flip=False, error=none
  node_delete b=5 s=2026: applied=5, nested=True, p=0.003898, flip=False, error=none
  node_attribute_modify b=1 s=7: applied=1, nested=True, p=0.005499, flip=False, error=none
  node_attribute_modify b=3 s=7: applied=3, nested=True, p=0.006999, flip=False, error=none
  node_attribute_modify b=5 s=7: applied=5, nested=True, p=0.000324, flip=False, error=none
  node_attribute_modify b=1 s=17: applied=1, nested=True, p=0.003646, flip=False, error=none
  node_attribute_modify b=3 s=17: applied=3, nested=True, p=0.092984, flip=False, error=none
  node_attribute_modify b=5 s=17: applied=5, nested=True, p=0.116477, flip=False, error=none
  node_attribute_modify b=1 s=29: applied=1, nested=True, p=0.000409, flip=False, error=none
  node_attribute_modify b=3 s=29: applied=3, nested=True, p=0.000908, flip=False, error=none
  node_attribute_modify b=5 s=29: applied=5, nested=True, p=0.004860, flip=False, error=none
  node_attribute_modify b=1 s=42: applied=1, nested=True, p=0.018399, flip=False, error=none
  node_attribute_modify b=3 s=42: applied=3, nested=True, p=0.050416, flip=False, error=none
  node_attribute_modify b=5 s=42: applied=5, nested=True, p=0.064118, flip=False, error=none
  node_attribute_modify b=1 s=61: applied=1, nested=True, p=0.003690, flip=False, error=none
  node_attribute_modify b=3 s=61: applied=3, nested=True, p=0.002138, flip=False, error=none
  node_attribute_modify b=5 s=61: applied=5, nested=True, p=0.092404, flip=False, error=none
  node_attribute_modify b=1 s=73: applied=1, nested=True, p=0.003646, flip=False, error=none
  node_attribute_modify b=3 s=73: applied=3, nested=True, p=0.005646, flip=False, error=none
  node_attribute_modify b=5 s=73: applied=5, nested=True, p=0.009141, flip=False, error=none
  node_attribute_modify b=1 s=89: applied=1, nested=True, p=0.000409, flip=False, error=none
  node_attribute_modify b=3 s=89: applied=3, nested=True, p=0.004806, flip=False, error=none
  node_attribute_modify b=5 s=89: applied=5, nested=True, p=0.067255, flip=False, error=none
  node_attribute_modify b=1 s=101: applied=1, nested=True, p=0.002770, flip=False, error=none
  node_attribute_modify b=3 s=101: applied=3, nested=True, p=0.020935, flip=False, error=none
  node_attribute_modify b=5 s=101: applied=5, nested=True, p=0.020935, flip=False, error=none
  node_attribute_modify b=1 s=137: applied=1, nested=True, p=0.000552, flip=False, error=none
  node_attribute_modify b=3 s=137: applied=3, nested=True, p=0.106614, flip=False, error=none
  node_attribute_modify b=5 s=137: applied=5, nested=True, p=0.013455, flip=False, error=none
  node_attribute_modify b=1 s=2026: applied=1, nested=True, p=0.043114, flip=False, error=none
  node_attribute_modify b=3 s=2026: applied=3, nested=True, p=0.113828, flip=False, error=none
  node_attribute_modify b=5 s=2026: applied=5, nested=True, p=0.110825, flip=False, error=none
  edge_add b=1 s=7: applied=1, nested=True, p=0.001798, flip=False, error=none
  edge_add b=3 s=7: applied=3, nested=True, p=0.011073, flip=False, error=none
  edge_add b=5 s=7: applied=5, nested=True, p=0.011617, flip=False, error=none
  edge_add b=1 s=17: applied=1, nested=True, p=0.003646, flip=False, error=none
  edge_add b=3 s=17: applied=3, nested=True, p=0.003867, flip=False, error=none
  edge_add b=5 s=17: applied=5, nested=True, p=0.001594, flip=False, error=none
  edge_add b=1 s=29: applied=1, nested=True, p=0.003646, flip=False, error=none
  edge_add b=3 s=29: applied=3, nested=True, p=0.000942, flip=False, error=none
  edge_add b=5 s=29: applied=5, nested=True, p=0.000648, flip=False, error=none
  edge_add b=1 s=42: applied=1, nested=True, p=0.003646, flip=False, error=none
  edge_add b=3 s=42: applied=3, nested=True, p=0.021332, flip=False, error=none
  edge_add b=5 s=42: applied=5, nested=True, p=0.015191, flip=False, error=none
  edge_add b=1 s=61: applied=1, nested=True, p=0.006855, flip=False, error=none
  edge_add b=3 s=61: applied=3, nested=True, p=0.004490, flip=False, error=none
  edge_add b=5 s=61: applied=5, nested=True, p=0.007636, flip=False, error=none
  edge_add b=1 s=73: applied=1, nested=True, p=0.002625, flip=False, error=none
  edge_add b=3 s=73: applied=3, nested=True, p=0.003886, flip=False, error=none
  edge_add b=5 s=73: applied=5, nested=True, p=0.002706, flip=False, error=none
  edge_add b=1 s=89: applied=1, nested=True, p=0.000843, flip=False, error=none
  edge_add b=3 s=89: applied=3, nested=True, p=0.003614, flip=False, error=none
  edge_add b=5 s=89: applied=5, nested=True, p=0.020173, flip=False, error=none
  edge_add b=1 s=101: applied=1, nested=True, p=0.003646, flip=False, error=none
  edge_add b=3 s=101: applied=3, nested=True, p=0.005903, flip=False, error=none
  edge_add b=5 s=101: applied=5, nested=True, p=0.005030, flip=False, error=none
  edge_add b=1 s=137: applied=1, nested=True, p=0.001261, flip=False, error=none
  edge_add b=3 s=137: applied=3, nested=True, p=0.002526, flip=False, error=none
  edge_add b=5 s=137: applied=5, nested=True, p=0.003735, flip=False, error=none
  edge_add b=1 s=2026: applied=1, nested=True, p=0.005556, flip=False, error=none
  edge_add b=3 s=2026: applied=3, nested=True, p=0.008709, flip=False, error=none
  edge_add b=5 s=2026: applied=5, nested=True, p=0.008028, flip=False, error=none
  edge_delete b=1 s=7: applied=1, nested=True, p=0.003785, flip=False, error=none
  edge_delete b=3 s=7: applied=3, nested=True, p=0.004032, flip=False, error=none
  edge_delete b=5 s=7: applied=5, nested=True, p=0.000325, flip=False, error=none
  edge_delete b=1 s=17: applied=1, nested=True, p=0.003646, flip=False, error=none
  edge_delete b=3 s=17: applied=3, nested=True, p=0.003646, flip=False, error=none
  edge_delete b=5 s=17: applied=5, nested=True, p=0.010543, flip=False, error=none
  edge_delete b=1 s=29: applied=1, nested=True, p=0.003646, flip=False, error=none
  edge_delete b=3 s=29: applied=3, nested=True, p=0.008912, flip=False, error=none
  edge_delete b=5 s=29: applied=5, nested=True, p=0.008912, flip=False, error=none
  edge_delete b=1 s=42: applied=1, nested=True, p=0.005808, flip=False, error=none
  edge_delete b=3 s=42: applied=3, nested=True, p=0.038543, flip=False, error=none
  edge_delete b=5 s=42: applied=5, nested=True, p=0.032682, flip=False, error=none
  edge_delete b=1 s=61: applied=1, nested=True, p=0.003646, flip=False, error=none
  edge_delete b=3 s=61: applied=3, nested=True, p=0.044928, flip=False, error=none
  edge_delete b=5 s=61: applied=5, nested=True, p=0.070961, flip=False, error=none
  edge_delete b=1 s=73: applied=1, nested=True, p=0.003878, flip=False, error=none
  edge_delete b=3 s=73: applied=3, nested=True, p=0.018849, flip=False, error=none
  edge_delete b=5 s=73: applied=5, nested=True, p=0.018849, flip=False, error=none
  edge_delete b=1 s=89: applied=1, nested=True, p=0.011519, flip=False, error=none
  edge_delete b=3 s=89: applied=3, nested=True, p=0.146516, flip=False, error=none
  edge_delete b=5 s=89: applied=5, nested=True, p=0.146516, flip=False, error=none
  edge_delete b=1 s=101: applied=1, nested=True, p=0.003646, flip=False, error=none
  edge_delete b=3 s=101: applied=3, nested=True, p=0.117717, flip=False, error=none
  edge_delete b=5 s=101: applied=5, nested=True, p=0.127096, flip=False, error=none
  edge_delete b=1 s=137: applied=1, nested=True, p=0.011519, flip=False, error=none
  edge_delete b=3 s=137: applied=3, nested=True, p=0.001832, flip=False, error=none
  edge_delete b=5 s=137: applied=5, nested=True, p=0.001832, flip=False, error=none
  edge_delete b=1 s=2026: applied=1, nested=True, p=0.018849, flip=False, error=none
  edge_delete b=3 s=2026: applied=3, nested=True, p=0.018849, flip=False, error=none
  edge_delete b=5 s=2026: applied=5, nested=True, p=0.218445, flip=False, error=none
  edge_reconnect b=1 s=7: applied=1, nested=True, p=0.002780, flip=False, error=none
  edge_reconnect b=3 s=7: applied=3, nested=True, p=0.002132, flip=False, error=none
  edge_reconnect b=5 s=7: applied=5, nested=True, p=0.000440, flip=False, error=none
  edge_reconnect b=1 s=17: applied=1, nested=True, p=0.003646, flip=False, error=none
  edge_reconnect b=3 s=17: applied=3, nested=True, p=0.044928, flip=False, error=none
  edge_reconnect b=5 s=17: applied=5, nested=True, p=0.044928, flip=False, error=none
  edge_reconnect b=1 s=29: applied=1, nested=True, p=0.003646, flip=False, error=none
  edge_reconnect b=3 s=29: applied=3, nested=True, p=0.021635, flip=False, error=none
  edge_reconnect b=5 s=29: applied=5, nested=True, p=0.010847, flip=False, error=none
  edge_reconnect b=1 s=42: applied=1, nested=True, p=0.002593, flip=False, error=none
  edge_reconnect b=3 s=42: applied=3, nested=True, p=0.004392, flip=False, error=none
  edge_reconnect b=5 s=42: applied=5, nested=True, p=0.006208, flip=False, error=none
  edge_reconnect b=1 s=61: applied=1, nested=True, p=0.003646, flip=False, error=none
  edge_reconnect b=3 s=61: applied=3, nested=True, p=0.002503, flip=False, error=none
  edge_reconnect b=5 s=61: applied=5, nested=True, p=0.005400, flip=False, error=none
  edge_reconnect b=1 s=73: applied=1, nested=True, p=0.001399, flip=False, error=none
  edge_reconnect b=3 s=73: applied=3, nested=True, p=0.000948, flip=False, error=none
  edge_reconnect b=5 s=73: applied=5, nested=True, p=0.003022, flip=False, error=none
  edge_reconnect b=1 s=89: applied=1, nested=True, p=0.007609, flip=False, error=none
  edge_reconnect b=3 s=89: applied=3, nested=True, p=0.008375, flip=False, error=none
  edge_reconnect b=5 s=89: applied=5, nested=True, p=0.008787, flip=False, error=none
  edge_reconnect b=1 s=101: applied=1, nested=True, p=0.003156, flip=False, error=none
  edge_reconnect b=3 s=101: applied=3, nested=True, p=0.013315, flip=False, error=none
  edge_reconnect b=5 s=101: applied=5, nested=True, p=0.035982, flip=False, error=none
  edge_reconnect b=1 s=137: applied=1, nested=True, p=0.014968, flip=False, error=none
  edge_reconnect b=3 s=137: applied=3, nested=True, p=0.014968, flip=False, error=none
  edge_reconnect b=5 s=137: applied=5, nested=True, p=0.014968, flip=False, error=none
  edge_reconnect b=1 s=2026: applied=1, nested=True, p=0.004409, flip=False, error=none
  edge_reconnect b=3 s=2026: applied=3, nested=True, p=0.004409, flip=False, error=none
  edge_reconnect b=5 s=2026: applied=5, nested=True, p=0.004635, flip=False, error=none
[11/60] cvefixes__11_fixed_generic_perform_write: baseline p=0.000000, label=0, PDG=44/88, XFG=5
  node_add b=1 s=7: applied=1, nested=True, p=0.000000, flip=False, error=none
  node_add b=3 s=7: applied=3, nested=True, p=0.000000, flip=False, error=none
  node_add b=5 s=7: applied=5, nested=True, p=0.000000, flip=False, error=none
  node_add b=1 s=17: applied=1, nested=True, p=0.000000, flip=False, error=none
  node_add b=3 s=17: applied=3, nested=True, p=0.000000, flip=False, error=none
  node_add b=5 s=17: applied=5, nested=True, p=0.000000, flip=False, error=none
  node_add b=1 s=29: applied=1, nested=True, p=0.000000, flip=False, error=none
  node_add b=3 s=29: applied=3, nested=True, p=0.000000, flip=False, error=none
  node_add b=5 s=29: applied=5, nested=True, p=0.000000, flip=False, error=none
  node_add b=1 s=42: applied=1, nested=True, p=0.000000, flip=False, error=none
  node_add b=3 s=42: applied=3, nested=True, p=0.000000, flip=False, error=none
  node_add b=5 s=42: applied=5, nested=True, p=0.000000, flip=False, error=none
  node_add b=1 s=61: applied=1, nested=True, p=0.000000, flip=False, error=none
  node_add b=3 s=61: applied=3, nested=True, p=0.000000, flip=False, error=none
  node_add b=5 s=61: applied=5, nested=True, p=0.000000, flip=False, error=none
  node_add b=1 s=73: applied=1, nested=True, p=0.000000, flip=False, error=none
  node_add b=3 s=73: applied=3, nested=True, p=0.000000, flip=False, error=none
  node_add b=5 s=73: applied=5, nested=True, p=0.000000, flip=False, error=none
  node_add b=1 s=89: applied=1, nested=True, p=0.000000, flip=False, error=none
  node_add b=3 s=89: applied=3, nested=True, p=0.000000, flip=False, error=none
  node_add b=5 s=89: applied=5, nested=True, p=0.000000, flip=False, error=none
  node_add b=1 s=101: applied=1, nested=True, p=0.000000, flip=False, error=none
  node_add b=3 s=101: applied=3, nested=True, p=0.000000, flip=False, error=none
  node_add b=5 s=101: applied=5, nested=True, p=0.000000, flip=False, error=none
  node_add b=1 s=137: applied=1, nested=True, p=0.000000, flip=False, error=none
  node_add b=3 s=137: applied=3, nested=True, p=0.000000, flip=False, error=none
  node_add b=5 s=137: applied=5, nested=True, p=0.000000, flip=False, error=none
  node_add b=1 s=2026: applied=1, nested=True, p=0.000000, flip=False, error=none
  node_add b=3 s=2026: applied=3, nested=True, p=0.000000, flip=False, error=none
  node_add b=5 s=2026: applied=5, nested=True, p=0.000000, flip=False, error=none
  node_delete b=1 s=7: applied=1, nested=True, p=0.000000, flip=False, error=none
  node_delete b=3 s=7: applied=3, nested=True, p=0.000012, flip=False, error=none
  node_delete b=5 s=7: applied=5, nested=True, p=0.000018, flip=False, error=none
  node_delete b=1 s=17: applied=1, nested=True, p=0.000000, flip=False, error=none
  node_delete b=3 s=17: applied=3, nested=True, p=0.000000, flip=False, error=none
  node_delete b=5 s=17: applied=5, nested=True, p=0.000000, flip=False, error=none
  node_delete b=1 s=29: applied=1, nested=True, p=0.000000, flip=False, error=none
  node_delete b=3 s=29: applied=3, nested=True, p=0.000000, flip=False, error=none
  node_delete b=5 s=29: applied=5, nested=True, p=0.000068, flip=False, error=none
  node_delete b=1 s=42: applied=1, nested=True, p=0.000001, flip=False, error=none
  node_delete b=3 s=42: applied=3, nested=True, p=0.000000, flip=False, error=none
  node_delete b=5 s=42: applied=5, nested=True, p=0.000000, flip=False, error=none
  node_delete b=1 s=61: applied=1, nested=True, p=0.000000, flip=False, error=none
  node_delete b=3 s=61: applied=3, nested=True, p=0.000000, flip=False, error=none
  node_delete b=5 s=61: applied=5, nested=True, p=0.000000, flip=False, error=none
  node_delete b=1 s=73: applied=1, nested=True, p=0.000000, flip=False, error=none
  node_delete b=3 s=73: applied=3, nested=True, p=0.000001, flip=False, error=none
  node_delete b=5 s=73: applied=5, nested=True, p=0.000001, flip=False, error=none
  node_delete b=1 s=89: applied=1, nested=True, p=0.000000, flip=False, error=none
  node_delete b=3 s=89: applied=3, nested=True, p=0.000000, flip=False, error=none
  node_delete b=5 s=89: applied=5, nested=True, p=0.000000, flip=False, error=none
  node_delete b=1 s=101: applied=1, nested=True, p=0.000000, flip=False, error=none
  node_delete b=3 s=101: applied=3, nested=True, p=0.000000, flip=False, error=none
  node_delete b=5 s=101: applied=5, nested=True, p=0.000000, flip=False, error=none
  node_delete b=1 s=137: applied=1, nested=True, p=0.000000, flip=False, error=none
  node_delete b=3 s=137: applied=3, nested=True, p=0.000000, flip=False, error=none
  node_delete b=5 s=137: applied=5, nested=True, p=0.000000, flip=False, error=none
  node_delete b=1 s=2026: applied=1, nested=True, p=0.000001, flip=False, error=none
  node_delete b=3 s=2026: applied=3, nested=True, p=0.000002, flip=False, error=none
  node_delete b=5 s=2026: applied=5, nested=True, p=0.001599, flip=False, error=none
  node_attribute_modify b=1 s=7: applied=1, nested=True, p=0.000000, flip=False, error=none
  node_attribute_modify b=3 s=7: applied=3, nested=True, p=0.000002, flip=False, error=none
  node_attribute_modify b=5 s=7: applied=5, nested=True, p=0.000000, flip=False, error=none
  node_attribute_modify b=1 s=17: applied=1, nested=True, p=0.000000, flip=False, error=none
  node_attribute_modify b=3 s=17: applied=3, nested=True, p=0.000000, flip=False, error=none
  node_attribute_modify b=5 s=17: applied=5, nested=True, p=0.000000, flip=False, error=none
  node_attribute_modify b=1 s=29: applied=1, nested=True, p=0.000000, flip=False, error=none
  node_attribute_modify b=3 s=29: applied=3, nested=True, p=0.000000, flip=False, error=none
  node_attribute_modify b=5 s=29: applied=5, nested=True, p=0.000000, flip=False, error=none
  node_attribute_modify b=1 s=42: applied=1, nested=True, p=0.000000, flip=False, error=none
  node_attribute_modify b=3 s=42: applied=3, nested=True, p=0.000000, flip=False, error=none
  node_attribute_modify b=5 s=42: applied=5, nested=True, p=0.000000, flip=False, error=none
  node_attribute_modify b=1 s=61: applied=1, nested=True, p=0.000000, flip=False, error=none
  node_attribute_modify b=3 s=61: applied=3, nested=True, p=0.000000, flip=False, error=none
  node_attribute_modify b=5 s=61: applied=5, nested=True, p=0.000002, flip=False, error=none
  node_attribute_modify b=1 s=73: applied=1, nested=True, p=0.000000, flip=False, error=none
  node_attribute_modify b=3 s=73: applied=3, nested=True, p=0.000000, flip=False, error=none
  node_attribute_modify b=5 s=73: applied=5, nested=True, p=0.000000, flip=False, error=none
  node_attribute_modify b=1 s=89: applied=1, nested=True, p=0.000000, flip=False, error=none
  node_attribute_modify b=3 s=89: applied=3, nested=True, p=0.000000, flip=False, error=none
  node_attribute_modify b=5 s=89: applied=5, nested=True, p=0.000000, flip=False, error=none
  node_attribute_modify b=1 s=101: applied=1, nested=True, p=0.000000, flip=False, error=none
  node_attribute_modify b=3 s=101: applied=3, nested=True, p=0.000000, flip=False, error=none
  node_attribute_modify b=5 s=101: applied=5, nested=True, p=0.000000, flip=False, error=none
  node_attribute_modify b=1 s=137: applied=1, nested=True, p=0.000000, flip=False, error=none
  node_attribute_modify b=3 s=137: applied=3, nested=True, p=0.000000, flip=False, error=none
  node_attribute_modify b=5 s=137: applied=5, nested=True, p=0.000000, flip=False, error=none
  node_attribute_modify b=1 s=2026: applied=1, nested=True, p=0.000000, flip=False, error=none
  node_attribute_modify b=3 s=2026: applied=3, nested=True, p=0.000000, flip=False, error=none
  node_attribute_modify b=5 s=2026: applied=5, nested=True, p=0.000000, flip=False, error=none
  edge_add b=1 s=7: applied=1, nested=True, p=0.000000, flip=False, error=none
  edge_add b=3 s=7: applied=3, nested=True, p=0.000000, flip=False, error=none
  edge_add b=5 s=7: applied=5, nested=True, p=0.000000, flip=False, error=none
  edge_add b=1 s=17: applied=1, nested=True, p=0.000000, flip=False, error=none
  edge_add b=3 s=17: applied=3, nested=True, p=0.000000, flip=False, error=none
  edge_add b=5 s=17: applied=5, nested=True, p=0.000000, flip=False, error=none
  edge_add b=1 s=29: applied=1, nested=True, p=0.000000, flip=False, error=none
  edge_add b=3 s=29: applied=3, nested=True, p=0.000012, flip=False, error=none
  edge_add b=5 s=29: applied=5, nested=True, p=0.000002, flip=False, error=none
  edge_add b=1 s=42: applied=1, nested=True, p=0.000000, flip=False, error=none
  edge_add b=3 s=42: applied=3, nested=True, p=0.000000, flip=False, error=none
  edge_add b=5 s=42: applied=5, nested=True, p=0.000000, flip=False, error=none
  edge_add b=1 s=61: applied=1, nested=True, p=0.000000, flip=False, error=none
  edge_add b=3 s=61: applied=3, nested=True, p=0.000000, flip=False, error=none
  edge_add b=5 s=61: applied=5, nested=True, p=0.000000, flip=False, error=none
  edge_add b=1 s=73: applied=1, nested=True, p=0.000000, flip=False, error=none
  edge_add b=3 s=73: applied=3, nested=True, p=0.000000, flip=False, error=none
  edge_add b=5 s=73: applied=5, nested=True, p=0.000000, flip=False, error=none
  edge_add b=1 s=89: applied=1, nested=True, p=0.000000, flip=False, error=none
  edge_add b=3 s=89: applied=3, nested=True, p=0.000000, flip=False, error=none
  edge_add b=5 s=89: applied=5, nested=True, p=0.000000, flip=False, error=none
  edge_add b=1 s=101: applied=1, nested=True, p=0.000000, flip=False, error=none
  edge_add b=3 s=101: applied=3, nested=True, p=0.000000, flip=False, error=none
  edge_add b=5 s=101: applied=5, nested=True, p=0.000000, flip=False, error=none
  edge_add b=1 s=137: applied=1, nested=True, p=0.000000, flip=False, error=none
  edge_add b=3 s=137: applied=3, nested=True, p=0.000000, flip=False, error=none
  edge_add b=5 s=137: applied=5, nested=True, p=0.000000, flip=False, error=none
  edge_add b=1 s=2026: applied=1, nested=True, p=0.000000, flip=False, error=none
  edge_add b=3 s=2026: applied=3, nested=True, p=0.000000, flip=False, error=none
  edge_add b=5 s=2026: applied=5, nested=True, p=0.000000, flip=False, error=none
  edge_delete b=1 s=7: applied=1, nested=True, p=0.000000, flip=False, error=none
  edge_delete b=3 s=7: applied=3, nested=True, p=0.000000, flip=False, error=none
  edge_delete b=5 s=7: applied=5, nested=True, p=0.000004, flip=False, error=none
  edge_delete b=1 s=17: applied=1, nested=True, p=0.000000, flip=False, error=none
  edge_delete b=3 s=17: applied=3, nested=True, p=0.000000, flip=False, error=none
  edge_delete b=5 s=17: applied=5, nested=True, p=0.000000, flip=False, error=none
  edge_delete b=1 s=29: applied=1, nested=True, p=0.000000, flip=False, error=none
  edge_delete b=3 s=29: applied=3, nested=True, p=0.000000, flip=False, error=none
  edge_delete b=5 s=29: applied=5, nested=True, p=0.000000, flip=False, error=none
  edge_delete b=1 s=42: applied=1, nested=True, p=0.000000, flip=False, error=none
  edge_delete b=3 s=42: applied=3, nested=True, p=0.000000, flip=False, error=none
  edge_delete b=5 s=42: applied=5, nested=True, p=0.000000, flip=False, error=none
  edge_delete b=1 s=61: applied=1, nested=True, p=0.000000, flip=False, error=none
  edge_delete b=3 s=61: applied=3, nested=True, p=0.000000, flip=False, error=none
  edge_delete b=5 s=61: applied=5, nested=True, p=0.000000, flip=False, error=none
  edge_delete b=1 s=73: applied=1, nested=True, p=0.000000, flip=False, error=none
  edge_delete b=3 s=73: applied=3, nested=True, p=0.000000, flip=False, error=none
  edge_delete b=5 s=73: applied=5, nested=True, p=0.000000, flip=False, error=none
  edge_delete b=1 s=89: applied=1, nested=True, p=0.000000, flip=False, error=none
  edge_delete b=3 s=89: applied=3, nested=True, p=0.000000, flip=False, error=none
  edge_delete b=5 s=89: applied=5, nested=True, p=0.000000, flip=False, error=none
  edge_delete b=1 s=101: applied=1, nested=True, p=0.000000, flip=False, error=none
  edge_delete b=3 s=101: applied=3, nested=True, p=0.000000, flip=False, error=none
  edge_delete b=5 s=101: applied=5, nested=True, p=0.000000, flip=False, error=none
  edge_delete b=1 s=137: applied=1, nested=True, p=0.000000, flip=False, error=none
  edge_delete b=3 s=137: applied=3, nested=True, p=0.000000, flip=False, error=none
  edge_delete b=5 s=137: applied=5, nested=True, p=0.000000, flip=False, error=none
  edge_delete b=1 s=2026: applied=1, nested=True, p=0.000000, flip=False, error=none
  edge_delete b=3 s=2026: applied=3, nested=True, p=0.000000, flip=False, error=none
  edge_delete b=5 s=2026: applied=5, nested=True, p=0.000000, flip=False, error=none
  edge_reconnect b=1 s=7: applied=1, nested=True, p=0.000000, flip=False, error=none
  edge_reconnect b=3 s=7: applied=3, nested=True, p=0.000000, flip=False, error=none
  edge_reconnect b=5 s=7: applied=5, nested=True, p=0.000023, flip=False, error=none
  edge_reconnect b=1 s=17: applied=1, nested=True, p=0.000052, flip=False, error=none
  edge_reconnect b=3 s=17: applied=3, nested=True, p=0.000000, flip=False, error=none
  edge_reconnect b=5 s=17: applied=5, nested=True, p=0.000000, flip=False, error=none
  edge_reconnect b=1 s=29: applied=1, nested=True, p=0.000000, flip=False, error=none
  edge_reconnect b=3 s=29: applied=3, nested=True, p=0.000000, flip=False, error=none
  edge_reconnect b=5 s=29: applied=5, nested=True, p=0.000000, flip=False, error=none
  edge_reconnect b=1 s=42: applied=1, nested=True, p=0.000000, flip=False, error=none
  edge_reconnect b=3 s=42: applied=3, nested=True, p=0.000000, flip=False, error=none
  edge_reconnect b=5 s=42: applied=5, nested=True, p=0.000000, flip=False, error=none
  edge_reconnect b=1 s=61: applied=1, nested=True, p=0.000000, flip=False, error=none
  edge_reconnect b=3 s=61: applied=3, nested=True, p=0.000000, flip=False, error=none
  edge_reconnect b=5 s=61: applied=5, nested=True, p=0.000000, flip=False, error=none
  edge_reconnect b=1 s=73: applied=1, nested=True, p=0.000000, flip=False, error=none
  edge_reconnect b=3 s=73: applied=3, nested=True, p=0.000000, flip=False, error=none
  edge_reconnect b=5 s=73: applied=5, nested=True, p=0.000000, flip=False, error=none
  edge_reconnect b=1 s=89: applied=1, nested=True, p=0.000000, flip=False, error=none
  edge_reconnect b=3 s=89: applied=3, nested=True, p=0.000000, flip=False, error=none
  edge_reconnect b=5 s=89: applied=5, nested=True, p=0.000002, flip=False, error=none
  edge_reconnect b=1 s=101: applied=1, nested=True, p=0.000000, flip=False, error=none
  edge_reconnect b=3 s=101: applied=3, nested=True, p=0.000000, flip=False, error=none
  edge_reconnect b=5 s=101: applied=5, nested=True, p=0.000000, flip=False, error=none
  edge_reconnect b=1 s=137: applied=1, nested=True, p=0.000000, flip=False, error=none
  edge_reconnect b=3 s=137: applied=3, nested=True, p=0.000000, flip=False, error=none
  edge_reconnect b=5 s=137: applied=5, nested=True, p=0.000000, flip=False, error=none
  edge_reconnect b=1 s=2026: applied=1, nested=True, p=0.000000, flip=False, error=none
  edge_reconnect b=3 s=2026: applied=3, nested=True, p=0.000000, flip=False, error=none
  edge_reconnect b=5 s=2026: applied=5, nested=True, p=0.000000, flip=False, error=none
[12/60] cvefixes__12_vulnerable_generic_perform_write: baseline p=0.000000, label=0, PDG=44/88, XFG=5
  node_add b=1 s=7: applied=1, nested=True, p=0.000000, flip=False, error=none
  node_add b=3 s=7: applied=3, nested=True, p=0.000000, flip=False, error=none
  node_add b=5 s=7: applied=5, nested=True, p=0.000000, flip=False, error=none
  node_add b=1 s=17: applied=1, nested=True, p=0.000000, flip=False, error=none
  node_add b=3 s=17: applied=3, nested=True, p=0.000000, flip=False, error=none
  node_add b=5 s=17: applied=5, nested=True, p=0.000000, flip=False, error=none
  node_add b=1 s=29: applied=1, nested=True, p=0.000000, flip=False, error=none
  node_add b=3 s=29: applied=3, nested=True, p=0.000000, flip=False, error=none
  node_add b=5 s=29: applied=5, nested=True, p=0.000000, flip=False, error=none
  node_add b=1 s=42: applied=1, nested=True, p=0.000000, flip=False, error=none
  node_add b=3 s=42: applied=3, nested=True, p=0.000000, flip=False, error=none
  node_add b=5 s=42: applied=5, nested=True, p=0.000000, flip=False, error=none
  node_add b=1 s=61: applied=1, nested=True, p=0.000000, flip=False, error=none
  node_add b=3 s=61: applied=3, nested=True, p=0.000000, flip=False, error=none
  node_add b=5 s=61: applied=5, nested=True, p=0.000000, flip=False, error=none
  node_add b=1 s=73: applied=1, nested=True, p=0.000000, flip=False, error=none
  node_add b=3 s=73: applied=3, nested=True, p=0.000000, flip=False, error=none
  node_add b=5 s=73: applied=5, nested=True, p=0.000000, flip=False, error=none
  node_add b=1 s=89: applied=1, nested=True, p=0.000000, flip=False, error=none
  node_add b=3 s=89: applied=3, nested=True, p=0.000000, flip=False, error=none
  node_add b=5 s=89: applied=5, nested=True, p=0.000000, flip=False, error=none
  node_add b=1 s=101: applied=1, nested=True, p=0.000000, flip=False, error=none
  node_add b=3 s=101: applied=3, nested=True, p=0.000000, flip=False, error=none
  node_add b=5 s=101: applied=5, nested=True, p=0.000000, flip=False, error=none
  node_add b=1 s=137: applied=1, nested=True, p=0.000000, flip=False, error=none
  node_add b=3 s=137: applied=3, nested=True, p=0.000000, flip=False, error=none
  node_add b=5 s=137: applied=5, nested=True, p=0.000000, flip=False, error=none
  node_add b=1 s=2026: applied=1, nested=True, p=0.000000, flip=False, error=none
  node_add b=3 s=2026: applied=3, nested=True, p=0.000000, flip=False, error=none
  node_add b=5 s=2026: applied=5, nested=True, p=0.000000, flip=False, error=none
  node_delete b=1 s=7: applied=1, nested=True, p=0.000000, flip=False, error=none
  node_delete b=3 s=7: applied=3, nested=True, p=0.000000, flip=False, error=none
  node_delete b=5 s=7: applied=5, nested=True, p=0.000000, flip=False, error=none
  node_delete b=1 s=17: applied=1, nested=True, p=0.000000, flip=False, error=none
  node_delete b=3 s=17: applied=3, nested=True, p=0.000065, flip=False, error=none
  node_delete b=5 s=17: applied=5, nested=True, p=0.000289, flip=False, error=none
  node_delete b=1 s=29: applied=1, nested=True, p=0.000000, flip=False, error=none
  node_delete b=3 s=29: applied=3, nested=True, p=0.000000, flip=False, error=none
  node_delete b=5 s=29: applied=5, nested=True, p=0.000068, flip=False, error=none
  node_delete b=1 s=42: applied=1, nested=True, p=0.000001, flip=False, error=none
  node_delete b=3 s=42: applied=3, nested=True, p=0.000000, flip=False, error=none
  node_delete b=5 s=42: applied=5, nested=True, p=0.000000, flip=False, error=none
  node_delete b=1 s=61: applied=1, nested=True, p=0.000000, flip=False, error=none
  node_delete b=3 s=61: applied=3, nested=True, p=0.000000, flip=False, error=none
  node_delete b=5 s=61: applied=5, nested=True, p=0.000000, flip=False, error=none
  node_delete b=1 s=73: applied=1, nested=True, p=0.000000, flip=False, error=none
  node_delete b=3 s=73: applied=3, nested=True, p=0.000001, flip=False, error=none
  node_delete b=5 s=73: applied=5, nested=True, p=0.000001, flip=False, error=none
  node_delete b=1 s=89: applied=1, nested=True, p=0.000000, flip=False, error=none
  node_delete b=3 s=89: applied=3, nested=True, p=0.000000, flip=False, error=none
  node_delete b=5 s=89: applied=5, nested=True, p=0.000000, flip=False, error=none
  node_delete b=1 s=101: applied=1, nested=True, p=0.000000, flip=False, error=none
  node_delete b=3 s=101: applied=3, nested=True, p=0.000000, flip=False, error=none
  node_delete b=5 s=101: applied=5, nested=True, p=0.000000, flip=False, error=none
  node_delete b=1 s=137: applied=1, nested=True, p=0.000000, flip=False, error=none
  node_delete b=3 s=137: applied=3, nested=True, p=0.000000, flip=False, error=none
  node_delete b=5 s=137: applied=5, nested=True, p=0.000000, flip=False, error=none
  node_delete b=1 s=2026: applied=1, nested=True, p=0.000001, flip=False, error=none
  node_delete b=3 s=2026: applied=3, nested=True, p=0.000002, flip=False, error=none
  node_delete b=5 s=2026: applied=5, nested=True, p=0.001563, flip=False, error=none
  node_attribute_modify b=1 s=7: applied=1, nested=True, p=0.000000, flip=False, error=none
  node_attribute_modify b=3 s=7: applied=3, nested=True, p=0.000002, flip=False, error=none
  node_attribute_modify b=5 s=7: applied=5, nested=True, p=0.000000, flip=False, error=none
  node_attribute_modify b=1 s=17: applied=1, nested=True, p=0.000000, flip=False, error=none
  node_attribute_modify b=3 s=17: applied=3, nested=True, p=0.000002, flip=False, error=none
  node_attribute_modify b=5 s=17: applied=5, nested=True, p=0.000003, flip=False, error=none
  node_attribute_modify b=1 s=29: applied=1, nested=True, p=0.000001, flip=False, error=none
  node_attribute_modify b=3 s=29: applied=3, nested=True, p=0.000002, flip=False, error=none
  node_attribute_modify b=5 s=29: applied=5, nested=True, p=0.000003, flip=False, error=none
  node_attribute_modify b=1 s=42: applied=1, nested=True, p=0.000000, flip=False, error=none
  node_attribute_modify b=3 s=42: applied=3, nested=True, p=0.000000, flip=False, error=none
  node_attribute_modify b=5 s=42: applied=5, nested=True, p=0.000000, flip=False, error=none
  node_attribute_modify b=1 s=61: applied=1, nested=True, p=0.000000, flip=False, error=none
  node_attribute_modify b=3 s=61: applied=3, nested=True, p=0.000001, flip=False, error=none
  node_attribute_modify b=5 s=61: applied=5, nested=True, p=0.000001, flip=False, error=none
  node_attribute_modify b=1 s=73: applied=1, nested=True, p=0.000000, flip=False, error=none
  node_attribute_modify b=3 s=73: applied=3, nested=True, p=0.000000, flip=False, error=none
  node_attribute_modify b=5 s=73: applied=5, nested=True, p=0.000001, flip=False, error=none
  node_attribute_modify b=1 s=89: applied=1, nested=True, p=0.000000, flip=False, error=none
  node_attribute_modify b=3 s=89: applied=3, nested=True, p=0.000000, flip=False, error=none
  node_attribute_modify b=5 s=89: applied=5, nested=True, p=0.000000, flip=False, error=none
  node_attribute_modify b=1 s=101: applied=1, nested=True, p=0.000000, flip=False, error=none
  node_attribute_modify b=3 s=101: applied=3, nested=True, p=0.000000, flip=False, error=none
  node_attribute_modify b=5 s=101: applied=5, nested=True, p=0.000000, flip=False, error=none
  node_attribute_modify b=1 s=137: applied=1, nested=True, p=0.000000, flip=False, error=none
  node_attribute_modify b=3 s=137: applied=3, nested=True, p=0.000000, flip=False, error=none
  node_attribute_modify b=5 s=137: applied=5, nested=True, p=0.000001, flip=False, error=none
  node_attribute_modify b=1 s=2026: applied=1, nested=True, p=0.000000, flip=False, error=none
  node_attribute_modify b=3 s=2026: applied=3, nested=True, p=0.000001, flip=False, error=none
  node_attribute_modify b=5 s=2026: applied=5, nested=True, p=0.000001, flip=False, error=none
  edge_add b=1 s=7: applied=1, nested=True, p=0.000000, flip=False, error=none
  edge_add b=3 s=7: applied=3, nested=True, p=0.000000, flip=False, error=none
  edge_add b=5 s=7: applied=5, nested=True, p=0.000000, flip=False, error=none
  edge_add b=1 s=17: applied=1, nested=True, p=0.000000, flip=False, error=none
  edge_add b=3 s=17: applied=3, nested=True, p=0.000000, flip=False, error=none
  edge_add b=5 s=17: applied=5, nested=True, p=0.000000, flip=False, error=none
  edge_add b=1 s=29: applied=1, nested=True, p=0.000000, flip=False, error=none
  edge_add b=3 s=29: applied=3, nested=True, p=0.000009, flip=False, error=none
  edge_add b=5 s=29: applied=5, nested=True, p=0.000002, flip=False, error=none
  edge_add b=1 s=42: applied=1, nested=True, p=0.000000, flip=False, error=none
  edge_add b=3 s=42: applied=3, nested=True, p=0.000000, flip=False, error=none
  edge_add b=5 s=42: applied=5, nested=True, p=0.000000, flip=False, error=none
  edge_add b=1 s=61: applied=1, nested=True, p=0.000000, flip=False, error=none
  edge_add b=3 s=61: applied=3, nested=True, p=0.000000, flip=False, error=none
  edge_add b=5 s=61: applied=5, nested=True, p=0.000000, flip=False, error=none
  edge_add b=1 s=73: applied=1, nested=True, p=0.000000, flip=False, error=none
  edge_add b=3 s=73: applied=3, nested=True, p=0.000000, flip=False, error=none
  edge_add b=5 s=73: applied=5, nested=True, p=0.000000, flip=False, error=none
  edge_add b=1 s=89: applied=1, nested=True, p=0.000000, flip=False, error=none
  edge_add b=3 s=89: applied=3, nested=True, p=0.000000, flip=False, error=none
  edge_add b=5 s=89: applied=5, nested=True, p=0.000000, flip=False, error=none
  edge_add b=1 s=101: applied=1, nested=True, p=0.000000, flip=False, error=none
  edge_add b=3 s=101: applied=3, nested=True, p=0.000000, flip=False, error=none
  edge_add b=5 s=101: applied=5, nested=True, p=0.000000, flip=False, error=none
  edge_add b=1 s=137: applied=1, nested=True, p=0.000000, flip=False, error=none
  edge_add b=3 s=137: applied=3, nested=True, p=0.000000, flip=False, error=none
  edge_add b=5 s=137: applied=5, nested=True, p=0.000000, flip=False, error=none
  edge_add b=1 s=2026: applied=1, nested=True, p=0.000000, flip=False, error=none
  edge_add b=3 s=2026: applied=3, nested=True, p=0.000000, flip=False, error=none
  edge_add b=5 s=2026: applied=5, nested=True, p=0.000000, flip=False, error=none
  edge_delete b=1 s=7: applied=1, nested=True, p=0.000000, flip=False, error=none
  edge_delete b=3 s=7: applied=3, nested=True, p=0.000000, flip=False, error=none
  edge_delete b=5 s=7: applied=5, nested=True, p=0.000006, flip=False, error=none
  edge_delete b=1 s=17: applied=1, nested=True, p=0.000000, flip=False, error=none
  edge_delete b=3 s=17: applied=3, nested=True, p=0.000000, flip=False, error=none
  edge_delete b=5 s=17: applied=5, nested=True, p=0.000000, flip=False, error=none
  edge_delete b=1 s=29: applied=1, nested=True, p=0.000000, flip=False, error=none
  edge_delete b=3 s=29: applied=3, nested=True, p=0.000000, flip=False, error=none
  edge_delete b=5 s=29: applied=5, nested=True, p=0.000000, flip=False, error=none
  edge_delete b=1 s=42: applied=1, nested=True, p=0.000000, flip=False, error=none
  edge_delete b=3 s=42: applied=3, nested=True, p=0.000000, flip=False, error=none
  edge_delete b=5 s=42: applied=5, nested=True, p=0.000000, flip=False, error=none
  edge_delete b=1 s=61: applied=1, nested=True, p=0.000000, flip=False, error=none
  edge_delete b=3 s=61: applied=3, nested=True, p=0.000000, flip=False, error=none
  edge_delete b=5 s=61: applied=5, nested=True, p=0.000000, flip=False, error=none
  edge_delete b=1 s=73: applied=1, nested=True, p=0.000000, flip=False, error=none
  edge_delete b=3 s=73: applied=3, nested=True, p=0.000000, flip=False, error=none
  edge_delete b=5 s=73: applied=5, nested=True, p=0.000000, flip=False, error=none
  edge_delete b=1 s=89: applied=1, nested=True, p=0.000000, flip=False, error=none
  edge_delete b=3 s=89: applied=3, nested=True, p=0.000000, flip=False, error=none
  edge_delete b=5 s=89: applied=5, nested=True, p=0.000000, flip=False, error=none
  edge_delete b=1 s=101: applied=1, nested=True, p=0.000000, flip=False, error=none
  edge_delete b=3 s=101: applied=3, nested=True, p=0.000000, flip=False, error=none
  edge_delete b=5 s=101: applied=5, nested=True, p=0.000000, flip=False, error=none
  edge_delete b=1 s=137: applied=1, nested=True, p=0.000000, flip=False, error=none
  edge_delete b=3 s=137: applied=3, nested=True, p=0.000000, flip=False, error=none
  edge_delete b=5 s=137: applied=5, nested=True, p=0.000000, flip=False, error=none
  edge_delete b=1 s=2026: applied=1, nested=True, p=0.000000, flip=False, error=none
  edge_delete b=3 s=2026: applied=3, nested=True, p=0.000000, flip=False, error=none
  edge_delete b=5 s=2026: applied=5, nested=True, p=0.000000, flip=False, error=none
  edge_reconnect b=1 s=7: applied=1, nested=True, p=0.000000, flip=False, error=none
  edge_reconnect b=3 s=7: applied=3, nested=True, p=0.000000, flip=False, error=none
  edge_reconnect b=5 s=7: applied=5, nested=True, p=0.000016, flip=False, error=none
  edge_reconnect b=1 s=17: applied=1, nested=True, p=0.000086, flip=False, error=none
  edge_reconnect b=3 s=17: applied=3, nested=True, p=0.000000, flip=False, error=none
  edge_reconnect b=5 s=17: applied=5, nested=True, p=0.000000, flip=False, error=none
  edge_reconnect b=1 s=29: applied=1, nested=True, p=0.000000, flip=False, error=none
  edge_reconnect b=3 s=29: applied=3, nested=True, p=0.000000, flip=False, error=none
  edge_reconnect b=5 s=29: applied=5, nested=True, p=0.000000, flip=False, error=none
  edge_reconnect b=1 s=42: applied=1, nested=True, p=0.000000, flip=False, error=none
  edge_reconnect b=3 s=42: applied=3, nested=True, p=0.000000, flip=False, error=none
  edge_reconnect b=5 s=42: applied=5, nested=True, p=0.000000, flip=False, error=none
  edge_reconnect b=1 s=61: applied=1, nested=True, p=0.000000, flip=False, error=none
  edge_reconnect b=3 s=61: applied=3, nested=True, p=0.000000, flip=False, error=none
  edge_reconnect b=5 s=61: applied=5, nested=True, p=0.000000, flip=False, error=none
  edge_reconnect b=1 s=73: applied=1, nested=True, p=0.000000, flip=False, error=none
  edge_reconnect b=3 s=73: applied=3, nested=True, p=0.000000, flip=False, error=none
  edge_reconnect b=5 s=73: applied=5, nested=True, p=0.000000, flip=False, error=none
  edge_reconnect b=1 s=89: applied=1, nested=True, p=0.000000, flip=False, error=none
  edge_reconnect b=3 s=89: applied=3, nested=True, p=0.000000, flip=False, error=none
  edge_reconnect b=5 s=89: applied=5, nested=True, p=0.000005, flip=False, error=none
  edge_reconnect b=1 s=101: applied=1, nested=True, p=0.000000, flip=False, error=none
  edge_reconnect b=3 s=101: applied=3, nested=True, p=0.000000, flip=False, error=none
  edge_reconnect b=5 s=101: applied=5, nested=True, p=0.000000, flip=False, error=none
  edge_reconnect b=1 s=137: applied=1, nested=True, p=0.000000, flip=False, error=none
  edge_reconnect b=3 s=137: applied=3, nested=True, p=0.000000, flip=False, error=none
  edge_reconnect b=5 s=137: applied=5, nested=True, p=0.000000, flip=False, error=none
  edge_reconnect b=1 s=2026: applied=1, nested=True, p=0.000000, flip=False, error=none
  edge_reconnect b=3 s=2026: applied=3, nested=True, p=0.000000, flip=False, error=none
  edge_reconnect b=5 s=2026: applied=5, nested=True, p=0.000041, flip=False, error=none
[13/60] cvefixes__13_fixed_pango_glyph_string_set_size: baseline p=0.000490, label=0, PDG=15/37, XFG=12
  node_add b=1 s=7: applied=1, nested=True, p=0.000490, flip=False, error=none
  node_add b=3 s=7: applied=3, nested=True, p=0.000490, flip=False, error=none
  node_add b=5 s=7: applied=5, nested=True, p=0.000919, flip=False, error=none
  node_add b=1 s=17: applied=1, nested=True, p=0.000490, flip=False, error=none
  node_add b=3 s=17: applied=3, nested=True, p=0.027402, flip=False, error=none
  node_add b=5 s=17: applied=5, nested=True, p=0.382475, flip=False, error=none
  node_add b=1 s=29: applied=1, nested=True, p=0.000490, flip=False, error=none
  node_add b=3 s=29: applied=3, nested=True, p=0.002629, flip=False, error=none
  node_add b=5 s=29: applied=5, nested=True, p=0.104228, flip=False, error=none
  node_add b=1 s=42: applied=1, nested=True, p=0.000490, flip=False, error=none
  node_add b=3 s=42: applied=3, nested=True, p=0.000490, flip=False, error=none
  node_add b=5 s=42: applied=5, nested=True, p=0.000490, flip=False, error=none
  node_add b=1 s=61: applied=1, nested=True, p=0.000490, flip=False, error=none
  node_add b=3 s=61: applied=3, nested=True, p=0.004664, flip=False, error=none
  node_add b=5 s=61: applied=5, nested=True, p=0.075052, flip=False, error=none
  node_add b=1 s=73: applied=1, nested=True, p=0.000490, flip=False, error=none
  node_add b=3 s=73: applied=3, nested=True, p=0.000490, flip=False, error=none
  node_add b=5 s=73: applied=5, nested=True, p=0.000490, flip=False, error=none
  node_add b=1 s=89: applied=1, nested=True, p=0.000490, flip=False, error=none
  node_add b=3 s=89: applied=3, nested=True, p=0.000490, flip=False, error=none
  node_add b=5 s=89: applied=5, nested=True, p=0.000984, flip=False, error=none
  node_add b=1 s=101: applied=1, nested=True, p=0.014949, flip=False, error=none
  node_add b=3 s=101: applied=3, nested=True, p=0.039253, flip=False, error=none
  node_add b=5 s=101: applied=5, nested=True, p=0.018777, flip=False, error=none
  node_add b=1 s=137: applied=1, nested=True, p=0.000490, flip=False, error=none
  node_add b=3 s=137: applied=3, nested=True, p=0.027402, flip=False, error=none
  node_add b=5 s=137: applied=5, nested=True, p=0.027402, flip=False, error=none
  node_add b=1 s=2026: applied=1, nested=True, p=0.000490, flip=False, error=none
  node_add b=3 s=2026: applied=3, nested=True, p=0.000490, flip=False, error=none
  node_add b=5 s=2026: applied=5, nested=True, p=0.000490, flip=False, error=none
  node_delete b=1 s=7: applied=1, nested=True, p=0.000490, flip=False, error=none
  node_delete b=3 s=7: applied=3, nested=True, p=0.000490, flip=False, error=none
  node_delete b=5 s=7: applied=5, nested=True, p=0.002179, flip=False, error=none
  node_delete b=1 s=17: applied=1, nested=True, p=0.169066, flip=False, error=none
  node_delete b=3 s=17: applied=3, nested=True, p=0.000107, flip=False, error=none
  node_delete b=5 s=17: applied=5, nested=True, p=0.000750, flip=False, error=none
  node_delete b=1 s=29: applied=1, nested=True, p=0.169066, flip=False, error=none
  node_delete b=3 s=29: applied=3, nested=True, p=0.000255, flip=False, error=none
  node_delete b=5 s=29: applied=5, nested=True, p=0.000255, flip=False, error=none
  node_delete b=1 s=42: applied=1, nested=True, p=0.000490, flip=False, error=none
  node_delete b=3 s=42: applied=3, nested=True, p=0.000490, flip=False, error=none
  node_delete b=5 s=42: applied=5, nested=True, p=0.000863, flip=False, error=none
  node_delete b=1 s=61: applied=1, nested=True, p=0.000490, flip=False, error=none
  node_delete b=3 s=61: applied=3, nested=True, p=0.000490, flip=False, error=none
  node_delete b=5 s=61: applied=5, nested=True, p=0.000750, flip=False, error=none
  node_delete b=1 s=73: applied=1, nested=True, p=0.000490, flip=False, error=none
  node_delete b=3 s=73: applied=3, nested=True, p=0.000490, flip=False, error=none
  node_delete b=5 s=73: applied=5, nested=True, p=0.002179, flip=False, error=none
  node_delete b=1 s=89: applied=1, nested=True, p=0.000490, flip=False, error=none
  node_delete b=3 s=89: applied=3, nested=True, p=0.000490, flip=False, error=none
  node_delete b=5 s=89: applied=5, nested=True, p=0.000863, flip=False, error=none
  node_delete b=1 s=101: applied=1, nested=True, p=0.169066, flip=False, error=none
  node_delete b=3 s=101: applied=3, nested=True, p=0.000750, flip=False, error=none
  node_delete b=5 s=101: applied=5, nested=True, p=0.002179, flip=False, error=none
  node_delete b=1 s=137: applied=1, nested=True, p=0.000490, flip=False, error=none
  node_delete b=3 s=137: applied=3, nested=True, p=0.000490, flip=False, error=none
  node_delete b=5 s=137: applied=5, nested=True, p=0.000490, flip=False, error=none
  node_delete b=1 s=2026: applied=1, nested=True, p=0.000490, flip=False, error=none
  node_delete b=3 s=2026: applied=3, nested=True, p=0.000490, flip=False, error=none
  node_delete b=5 s=2026: applied=5, nested=True, p=0.000490, flip=False, error=none
  node_attribute_modify b=1 s=7: applied=1, nested=True, p=0.000490, flip=False, error=none
  node_attribute_modify b=3 s=7: applied=3, nested=True, p=0.000490, flip=False, error=none
  node_attribute_modify b=5 s=7: applied=5, nested=True, p=0.000490, flip=False, error=none
  node_attribute_modify b=1 s=17: applied=1, nested=True, p=0.000000, flip=False, error=none
  node_attribute_modify b=3 s=17: applied=3, nested=True, p=0.000000, flip=False, error=none
  node_attribute_modify b=5 s=17: applied=5, nested=True, p=0.000000, flip=False, error=none
  node_attribute_modify b=1 s=29: applied=1, nested=True, p=0.000490, flip=False, error=none
  node_attribute_modify b=3 s=29: applied=3, nested=True, p=0.000490, flip=False, error=none
  node_attribute_modify b=5 s=29: applied=5, nested=True, p=0.000490, flip=False, error=none
  node_attribute_modify b=1 s=42: applied=1, nested=True, p=0.000490, flip=False, error=none
  node_attribute_modify b=3 s=42: applied=3, nested=True, p=0.000490, flip=False, error=none
  node_attribute_modify b=5 s=42: applied=5, nested=True, p=0.000490, flip=False, error=none
  node_attribute_modify b=1 s=61: applied=1, nested=True, p=0.012231, flip=False, error=none
  node_attribute_modify b=3 s=61: applied=3, nested=True, p=0.007686, flip=False, error=none
  node_attribute_modify b=5 s=61: applied=5, nested=True, p=0.000154, flip=False, error=none
  node_attribute_modify b=1 s=73: applied=1, nested=True, p=0.000490, flip=False, error=none
  node_attribute_modify b=3 s=73: applied=3, nested=True, p=0.220023, flip=False, error=none
  node_attribute_modify b=5 s=73: applied=5, nested=True, p=0.000000, flip=False, error=none
  node_attribute_modify b=1 s=89: applied=1, nested=True, p=0.000490, flip=False, error=none
  node_attribute_modify b=3 s=89: applied=3, nested=True, p=0.000945, flip=False, error=none
  node_attribute_modify b=5 s=89: applied=5, nested=True, p=0.000490, flip=False, error=none
  node_attribute_modify b=1 s=101: applied=1, nested=True, p=0.000490, flip=False, error=none
  node_attribute_modify b=3 s=101: applied=3, nested=True, p=0.000490, flip=False, error=none
  node_attribute_modify b=5 s=101: applied=5, nested=True, p=0.369992, flip=False, error=none
  node_attribute_modify b=1 s=137: applied=1, nested=True, p=0.000490, flip=False, error=none
  node_attribute_modify b=3 s=137: applied=3, nested=True, p=0.000490, flip=False, error=none
  node_attribute_modify b=5 s=137: applied=5, nested=True, p=0.000490, flip=False, error=none
  node_attribute_modify b=1 s=2026: applied=1, nested=True, p=0.000490, flip=False, error=none
  node_attribute_modify b=3 s=2026: applied=3, nested=True, p=0.000000, flip=False, error=none
  node_attribute_modify b=5 s=2026: applied=5, nested=True, p=0.544775, flip=True, error=none
  edge_add b=1 s=7: applied=1, nested=True, p=0.000490, flip=False, error=none
  edge_add b=3 s=7: applied=3, nested=True, p=0.000490, flip=False, error=none
  edge_add b=5 s=7: applied=5, nested=True, p=0.001068, flip=False, error=none
  edge_add b=1 s=17: applied=1, nested=True, p=0.000490, flip=False, error=none
  edge_add b=3 s=17: applied=3, nested=True, p=0.000490, flip=False, error=none
  edge_add b=5 s=17: applied=5, nested=True, p=0.000490, flip=False, error=none
  edge_add b=1 s=29: applied=1, nested=True, p=0.000490, flip=False, error=none
  edge_add b=3 s=29: applied=3, nested=True, p=0.000490, flip=False, error=none
  edge_add b=5 s=29: applied=5, nested=True, p=0.000023, flip=False, error=none
  edge_add b=1 s=42: applied=1, nested=True, p=0.000490, flip=False, error=none
  edge_add b=3 s=42: applied=3, nested=True, p=0.000288, flip=False, error=none
  edge_add b=5 s=42: applied=5, nested=True, p=0.001564, flip=False, error=none
  edge_add b=1 s=61: applied=1, nested=True, p=0.000490, flip=False, error=none
  edge_add b=3 s=61: applied=3, nested=True, p=0.000490, flip=False, error=none
  edge_add b=5 s=61: applied=5, nested=True, p=0.000490, flip=False, error=none
  edge_add b=1 s=73: applied=1, nested=True, p=0.000490, flip=False, error=none
  edge_add b=3 s=73: applied=3, nested=True, p=0.000490, flip=False, error=none
  edge_add b=5 s=73: applied=5, nested=True, p=0.000101, flip=False, error=none
  edge_add b=1 s=89: applied=1, nested=True, p=0.000091, flip=False, error=none
  edge_add b=3 s=89: applied=3, nested=True, p=0.000244, flip=False, error=none
  edge_add b=5 s=89: applied=5, nested=True, p=0.000118, flip=False, error=none
  edge_add b=1 s=101: applied=1, nested=True, p=0.000151, flip=False, error=none
  edge_add b=3 s=101: applied=3, nested=True, p=0.000456, flip=False, error=none
  edge_add b=5 s=101: applied=5, nested=True, p=0.000426, flip=False, error=none
  edge_add b=1 s=137: applied=1, nested=True, p=0.000490, flip=False, error=none
  edge_add b=3 s=137: applied=3, nested=True, p=0.000490, flip=False, error=none
  edge_add b=5 s=137: applied=5, nested=True, p=0.000490, flip=False, error=none
  edge_add b=1 s=2026: applied=1, nested=True, p=0.000490, flip=False, error=none
  edge_add b=3 s=2026: applied=3, nested=True, p=0.000490, flip=False, error=none
  edge_add b=5 s=2026: applied=5, nested=True, p=0.000097, flip=False, error=none
  edge_delete b=1 s=7: applied=1, nested=True, p=0.000490, flip=False, error=none
  edge_delete b=3 s=7: applied=3, nested=True, p=0.000490, flip=False, error=none
  edge_delete b=5 s=7: applied=5, nested=True, p=0.000490, flip=False, error=none
  edge_delete b=1 s=17: applied=1, nested=True, p=0.000490, flip=False, error=none
  edge_delete b=3 s=17: applied=3, nested=True, p=0.000490, flip=False, error=none
  edge_delete b=5 s=17: applied=5, nested=True, p=0.000490, flip=False, error=none
  edge_delete b=1 s=29: applied=1, nested=True, p=0.028284, flip=False, error=none
  edge_delete b=3 s=29: applied=3, nested=True, p=0.062237, flip=False, error=none
  edge_delete b=5 s=29: applied=5, nested=True, p=0.038711, flip=False, error=none
  edge_delete b=1 s=42: applied=1, nested=True, p=0.000490, flip=False, error=none
  edge_delete b=3 s=42: applied=3, nested=True, p=0.000490, flip=False, error=none
  edge_delete b=5 s=42: applied=5, nested=True, p=0.000490, flip=False, error=none
  edge_delete b=1 s=61: applied=1, nested=True, p=0.000490, flip=False, error=none
  edge_delete b=3 s=61: applied=3, nested=True, p=0.000490, flip=False, error=none
  edge_delete b=5 s=61: applied=5, nested=True, p=0.000490, flip=False, error=none
  edge_delete b=1 s=73: applied=1, nested=True, p=0.000490, flip=False, error=none
  edge_delete b=3 s=73: applied=3, nested=True, p=0.000490, flip=False, error=none
  edge_delete b=5 s=73: applied=5, nested=True, p=0.000059, flip=False, error=none
  edge_delete b=1 s=89: applied=1, nested=True, p=0.000490, flip=False, error=none
  edge_delete b=3 s=89: applied=3, nested=True, p=0.000490, flip=False, error=none
  edge_delete b=5 s=89: applied=5, nested=True, p=0.000490, flip=False, error=none
  edge_delete b=1 s=101: applied=1, nested=True, p=0.000490, flip=False, error=none
  edge_delete b=3 s=101: applied=3, nested=True, p=0.085839, flip=False, error=none
  edge_delete b=5 s=101: applied=5, nested=True, p=0.094598, flip=False, error=none
  edge_delete b=1 s=137: applied=1, nested=True, p=0.000490, flip=False, error=none
  edge_delete b=3 s=137: applied=3, nested=True, p=0.000490, flip=False, error=none
  edge_delete b=5 s=137: applied=5, nested=True, p=0.000490, flip=False, error=none
  edge_delete b=1 s=2026: applied=1, nested=True, p=0.000490, flip=False, error=none
  edge_delete b=3 s=2026: applied=3, nested=True, p=0.000490, flip=False, error=none
  edge_delete b=5 s=2026: applied=5, nested=True, p=0.027688, flip=False, error=none
  edge_reconnect b=1 s=7: applied=1, nested=True, p=0.000490, flip=False, error=none
  edge_reconnect b=3 s=7: applied=3, nested=True, p=0.000490, flip=False, error=none
  edge_reconnect b=5 s=7: applied=5, nested=True, p=0.018547, flip=False, error=none
  edge_reconnect b=1 s=17: applied=1, nested=True, p=0.000490, flip=False, error=none
  edge_reconnect b=3 s=17: applied=3, nested=True, p=0.001594, flip=False, error=none
  edge_reconnect b=5 s=17: applied=5, nested=True, p=0.000490, flip=False, error=none
  edge_reconnect b=1 s=29: applied=1, nested=True, p=0.000490, flip=False, error=none
  edge_reconnect b=3 s=29: applied=3, nested=True, p=0.000083, flip=False, error=none
  edge_reconnect b=5 s=29: applied=5, nested=True, p=0.000027, flip=False, error=none
  edge_reconnect b=1 s=42: applied=1, nested=True, p=0.000490, flip=False, error=none
  edge_reconnect b=3 s=42: applied=3, nested=True, p=0.000490, flip=False, error=none
  edge_reconnect b=5 s=42: applied=5, nested=True, p=0.000490, flip=False, error=none
  edge_reconnect b=1 s=61: applied=1, nested=True, p=0.000008, flip=False, error=none
  edge_reconnect b=3 s=61: applied=3, nested=True, p=0.000023, flip=False, error=none
  edge_reconnect b=5 s=61: applied=5, nested=True, p=0.000029, flip=False, error=none
  edge_reconnect b=1 s=73: applied=1, nested=True, p=0.000341, flip=False, error=none
  edge_reconnect b=3 s=73: applied=3, nested=True, p=0.000462, flip=False, error=none
  edge_reconnect b=5 s=73: applied=5, nested=True, p=0.008015, flip=False, error=none
  edge_reconnect b=1 s=89: applied=1, nested=True, p=0.000490, flip=False, error=none
  edge_reconnect b=3 s=89: applied=3, nested=True, p=0.000490, flip=False, error=none
  edge_reconnect b=5 s=89: applied=5, nested=True, p=0.000490, flip=False, error=none
  edge_reconnect b=1 s=101: applied=1, nested=True, p=0.000490, flip=False, error=none
  edge_reconnect b=3 s=101: applied=3, nested=True, p=0.000114, flip=False, error=none
  edge_reconnect b=5 s=101: applied=5, nested=True, p=0.000432, flip=False, error=none
  edge_reconnect b=1 s=137: applied=1, nested=True, p=0.000490, flip=False, error=none
  edge_reconnect b=3 s=137: applied=3, nested=True, p=0.000108, flip=False, error=none
  edge_reconnect b=5 s=137: applied=5, nested=True, p=0.000025, flip=False, error=none
  edge_reconnect b=1 s=2026: applied=1, nested=True, p=0.000490, flip=False, error=none
  edge_reconnect b=3 s=2026: applied=3, nested=True, p=0.000490, flip=False, error=none
  edge_reconnect b=5 s=2026: applied=5, nested=True, p=0.000490, flip=False, error=none
[14/60] cvefixes__14_vulnerable_pango_glyph_string_set_size: baseline p=0.000551, label=0, PDG=12/35, XFG=12
  node_add b=1 s=7: applied=1, nested=True, p=0.005044, flip=False, error=none
  node_add b=3 s=7: applied=3, nested=True, p=0.014865, flip=False, error=none
  node_add b=5 s=7: applied=5, nested=True, p=0.018088, flip=False, error=none
  node_add b=1 s=17: applied=1, nested=True, p=0.000551, flip=False, error=none
  node_add b=3 s=17: applied=3, nested=True, p=0.000551, flip=False, error=none
  node_add b=5 s=17: applied=5, nested=True, p=0.000072, flip=False, error=none
  node_add b=1 s=29: applied=1, nested=True, p=0.000551, flip=False, error=none
  node_add b=3 s=29: applied=3, nested=True, p=0.001535, flip=False, error=none
  node_add b=5 s=29: applied=5, nested=True, p=0.000937, flip=False, error=none
  node_add b=1 s=42: applied=1, nested=True, p=0.001742, flip=False, error=none
  node_add b=3 s=42: applied=3, nested=True, p=0.001742, flip=False, error=none
  node_add b=5 s=42: applied=5, nested=True, p=0.001742, flip=False, error=none
  node_add b=1 s=61: applied=1, nested=True, p=0.000551, flip=False, error=none
  node_add b=3 s=61: applied=3, nested=True, p=0.000551, flip=False, error=none
  node_add b=5 s=61: applied=5, nested=True, p=0.082544, flip=False, error=none
  node_add b=1 s=73: applied=1, nested=True, p=0.000551, flip=False, error=none
  node_add b=3 s=73: applied=3, nested=True, p=0.000551, flip=False, error=none
  node_add b=5 s=73: applied=5, nested=True, p=0.000072, flip=False, error=none
  node_add b=1 s=89: applied=1, nested=True, p=0.000551, flip=False, error=none
  node_add b=3 s=89: applied=3, nested=True, p=0.000551, flip=False, error=none
  node_add b=5 s=89: applied=5, nested=True, p=0.000072, flip=False, error=none
  node_add b=1 s=101: applied=1, nested=True, p=0.000551, flip=False, error=none
  node_add b=3 s=101: applied=3, nested=True, p=0.052182, flip=False, error=none
  node_add b=5 s=101: applied=5, nested=True, p=0.044902, flip=False, error=none
  node_add b=1 s=137: applied=1, nested=True, p=0.000551, flip=False, error=none
  node_add b=3 s=137: applied=3, nested=True, p=0.000551, flip=False, error=none
  node_add b=5 s=137: applied=5, nested=True, p=0.021334, flip=False, error=none
  node_add b=1 s=2026: applied=1, nested=True, p=0.000551, flip=False, error=none
  node_add b=3 s=2026: applied=3, nested=True, p=0.001535, flip=False, error=none
  node_add b=5 s=2026: applied=5, nested=True, p=0.094582, flip=False, error=none
  node_delete b=1 s=7: applied=1, nested=True, p=0.004627, flip=False, error=none
  node_delete b=3 s=7: applied=3, nested=True, p=0.003222, flip=False, error=none
  node_delete b=5 s=7: applied=3, nested=True, p=0.003222, flip=False, error=none
  node_delete b=1 s=17: applied=1, nested=True, p=0.000551, flip=False, error=none
  node_delete b=3 s=17: applied=3, nested=True, p=0.003222, flip=False, error=none
  node_delete b=5 s=17: applied=3, nested=True, p=0.003222, flip=False, error=none
  node_delete b=1 s=29: applied=1, nested=True, p=0.000551, flip=False, error=none
  node_delete b=3 s=29: applied=3, nested=True, p=0.003222, flip=False, error=none
  node_delete b=5 s=29: applied=3, nested=True, p=0.003222, flip=False, error=none
  node_delete b=1 s=42: applied=1, nested=True, p=0.000551, flip=False, error=none
  node_delete b=3 s=42: applied=3, nested=True, p=0.003222, flip=False, error=none
  node_delete b=5 s=42: applied=3, nested=True, p=0.003222, flip=False, error=none
  node_delete b=1 s=61: applied=1, nested=True, p=0.004627, flip=False, error=none
  node_delete b=3 s=61: applied=3, nested=True, p=0.003222, flip=False, error=none
  node_delete b=5 s=61: applied=3, nested=True, p=0.003222, flip=False, error=none
  node_delete b=1 s=73: applied=1, nested=True, p=0.004627, flip=False, error=none
  node_delete b=3 s=73: applied=3, nested=True, p=0.003222, flip=False, error=none
  node_delete b=5 s=73: applied=3, nested=True, p=0.003222, flip=False, error=none
  node_delete b=1 s=89: applied=1, nested=True, p=0.000551, flip=False, error=none
  node_delete b=3 s=89: applied=3, nested=True, p=0.003222, flip=False, error=none
  node_delete b=5 s=89: applied=3, nested=True, p=0.003222, flip=False, error=none
  node_delete b=1 s=101: applied=1, nested=True, p=0.000551, flip=False, error=none
  node_delete b=3 s=101: applied=3, nested=True, p=0.003222, flip=False, error=none
  node_delete b=5 s=101: applied=3, nested=True, p=0.003222, flip=False, error=none
  node_delete b=1 s=137: applied=1, nested=True, p=0.000551, flip=False, error=none
  node_delete b=3 s=137: applied=3, nested=True, p=0.003222, flip=False, error=none
  node_delete b=5 s=137: applied=3, nested=True, p=0.003222, flip=False, error=none
  node_delete b=1 s=2026: applied=1, nested=True, p=0.000551, flip=False, error=none
  node_delete b=3 s=2026: applied=3, nested=True, p=0.003222, flip=False, error=none
  node_delete b=5 s=2026: applied=3, nested=True, p=0.003222, flip=False, error=none
  node_attribute_modify b=1 s=7: applied=1, nested=True, p=0.155475, flip=False, error=none
  node_attribute_modify b=3 s=7: applied=3, nested=True, p=0.237426, flip=False, error=none
  node_attribute_modify b=5 s=7: applied=5, nested=True, p=0.237426, flip=False, error=none
  node_attribute_modify b=1 s=17: applied=1, nested=True, p=0.000551, flip=False, error=none
  node_attribute_modify b=3 s=17: applied=3, nested=True, p=0.000000, flip=False, error=none
  node_attribute_modify b=5 s=17: applied=5, nested=True, p=0.000001, flip=False, error=none
  node_attribute_modify b=1 s=29: applied=1, nested=True, p=0.000551, flip=False, error=none
  node_attribute_modify b=3 s=29: applied=3, nested=True, p=0.155475, flip=False, error=none
  node_attribute_modify b=5 s=29: applied=5, nested=True, p=0.000000, flip=False, error=none
  node_attribute_modify b=1 s=42: applied=1, nested=True, p=0.000551, flip=False, error=none
  node_attribute_modify b=3 s=42: applied=3, nested=True, p=0.000000, flip=False, error=none
  node_attribute_modify b=5 s=42: applied=5, nested=True, p=0.000005, flip=False, error=none
  node_attribute_modify b=1 s=61: applied=1, nested=True, p=0.000551, flip=False, error=none
  node_attribute_modify b=3 s=61: applied=3, nested=True, p=0.000000, flip=False, error=none
  node_attribute_modify b=5 s=61: applied=5, nested=True, p=0.000005, flip=False, error=none
  node_attribute_modify b=1 s=73: applied=1, nested=True, p=0.000000, flip=False, error=none
  node_attribute_modify b=3 s=73: applied=3, nested=True, p=0.000005, flip=False, error=none
  node_attribute_modify b=5 s=73: applied=5, nested=True, p=0.155475, flip=False, error=none
  node_attribute_modify b=1 s=89: applied=1, nested=True, p=0.000754, flip=False, error=none
  node_attribute_modify b=3 s=89: applied=3, nested=True, p=0.000000, flip=False, error=none
  node_attribute_modify b=5 s=89: applied=5, nested=True, p=0.000490, flip=False, error=none
  node_attribute_modify b=1 s=101: applied=1, nested=True, p=0.000490, flip=False, error=none
  node_attribute_modify b=3 s=101: applied=3, nested=True, p=0.000000, flip=False, error=none
  node_attribute_modify b=5 s=101: applied=5, nested=True, p=0.000000, flip=False, error=none
  node_attribute_modify b=1 s=137: applied=1, nested=True, p=0.000551, flip=False, error=none
  node_attribute_modify b=3 s=137: applied=3, nested=True, p=0.000000, flip=False, error=none
  node_attribute_modify b=5 s=137: applied=5, nested=True, p=0.000490, flip=False, error=none
  node_attribute_modify b=1 s=2026: applied=1, nested=True, p=0.000551, flip=False, error=none
  node_attribute_modify b=3 s=2026: applied=3, nested=True, p=0.000000, flip=False, error=none
  node_attribute_modify b=5 s=2026: applied=5, nested=True, p=0.000005, flip=False, error=none
  edge_add b=1 s=7: applied=1, nested=True, p=0.001228, flip=False, error=none
  edge_add b=3 s=7: applied=3, nested=True, p=0.002572, flip=False, error=none
  edge_add b=5 s=7: applied=5, nested=True, p=0.002572, flip=False, error=none
  edge_add b=1 s=17: applied=1, nested=True, p=0.000054, flip=False, error=none
  edge_add b=3 s=17: applied=3, nested=True, p=0.000223, flip=False, error=none
  edge_add b=5 s=17: applied=5, nested=True, p=0.001644, flip=False, error=none
  edge_add b=1 s=29: applied=1, nested=True, p=0.000551, flip=False, error=none
  edge_add b=3 s=29: applied=3, nested=True, p=0.000481, flip=False, error=none
  edge_add b=5 s=29: applied=5, nested=True, p=0.000033, flip=False, error=none
  edge_add b=1 s=42: applied=1, nested=True, p=0.001184, flip=False, error=none
  edge_add b=3 s=42: applied=3, nested=True, p=0.000785, flip=False, error=none
  edge_add b=5 s=42: applied=5, nested=True, p=0.000218, flip=False, error=none
  edge_add b=1 s=61: applied=1, nested=True, p=0.000122, flip=False, error=none
  edge_add b=3 s=61: applied=3, nested=True, p=0.000042, flip=False, error=none
  edge_add b=5 s=61: applied=5, nested=True, p=0.000512, flip=False, error=none
  edge_add b=1 s=73: applied=1, nested=True, p=0.000768, flip=False, error=none
  edge_add b=3 s=73: applied=3, nested=True, p=0.000184, flip=False, error=none
  edge_add b=5 s=73: applied=5, nested=True, p=0.000120, flip=False, error=none
  edge_add b=1 s=89: applied=1, nested=True, p=0.000473, flip=False, error=none
  edge_add b=3 s=89: applied=3, nested=True, p=0.000076, flip=False, error=none
  edge_add b=5 s=89: applied=5, nested=True, p=0.000031, flip=False, error=none
  edge_add b=1 s=101: applied=1, nested=True, p=0.000044, flip=False, error=none
  edge_add b=3 s=101: applied=3, nested=True, p=0.000024, flip=False, error=none
  edge_add b=5 s=101: applied=5, nested=True, p=0.000009, flip=False, error=none
  edge_add b=1 s=137: applied=1, nested=True, p=0.000481, flip=False, error=none
  edge_add b=3 s=137: applied=3, nested=True, p=0.000481, flip=False, error=none
  edge_add b=5 s=137: applied=5, nested=True, p=0.000186, flip=False, error=none
  edge_add b=1 s=2026: applied=1, nested=True, p=0.000551, flip=False, error=none
  edge_add b=3 s=2026: applied=3, nested=True, p=0.000039, flip=False, error=none
  edge_add b=5 s=2026: applied=5, nested=True, p=0.000053, flip=False, error=none
  edge_delete b=1 s=7: applied=1, nested=True, p=0.000481, flip=False, error=none
  edge_delete b=3 s=7: applied=3, nested=True, p=0.000935, flip=False, error=none
  edge_delete b=5 s=7: applied=5, nested=True, p=0.013725, flip=False, error=none
  edge_delete b=1 s=17: applied=1, nested=True, p=0.000551, flip=False, error=none
  edge_delete b=3 s=17: applied=3, nested=True, p=0.002785, flip=False, error=none
  edge_delete b=5 s=17: applied=5, nested=True, p=0.004325, flip=False, error=none
  edge_delete b=1 s=29: applied=1, nested=True, p=0.000551, flip=False, error=none
  edge_delete b=3 s=29: applied=3, nested=True, p=0.000490, flip=False, error=none
  edge_delete b=5 s=29: applied=5, nested=True, p=0.000490, flip=False, error=none
  edge_delete b=1 s=42: applied=1, nested=True, p=0.000388, flip=False, error=none
  edge_delete b=3 s=42: applied=3, nested=True, p=0.000385, flip=False, error=none
  edge_delete b=5 s=42: applied=5, nested=True, p=0.000193, flip=False, error=none
  edge_delete b=1 s=61: applied=1, nested=True, p=0.000551, flip=False, error=none
  edge_delete b=3 s=61: applied=3, nested=True, p=0.001295, flip=False, error=none
  edge_delete b=5 s=61: applied=5, nested=True, p=0.000692, flip=False, error=none
  edge_delete b=1 s=73: applied=1, nested=True, p=0.000551, flip=False, error=none
  edge_delete b=3 s=73: applied=3, nested=True, p=0.000388, flip=False, error=none
  edge_delete b=5 s=73: applied=5, nested=True, p=0.037243, flip=False, error=none
  edge_delete b=1 s=89: applied=1, nested=True, p=0.000790, flip=False, error=none
  edge_delete b=3 s=89: applied=3, nested=True, p=0.000790, flip=False, error=none
  edge_delete b=5 s=89: applied=5, nested=True, p=0.006307, flip=False, error=none
  edge_delete b=1 s=101: applied=1, nested=True, p=0.001824, flip=False, error=none
  edge_delete b=3 s=101: applied=3, nested=True, p=0.000490, flip=False, error=none
  edge_delete b=5 s=101: applied=5, nested=True, p=0.001303, flip=False, error=none
  edge_delete b=1 s=137: applied=1, nested=True, p=0.000551, flip=False, error=none
  edge_delete b=3 s=137: applied=3, nested=True, p=0.001472, flip=False, error=none
  edge_delete b=5 s=137: applied=5, nested=True, p=0.001198, flip=False, error=none
  edge_delete b=1 s=2026: applied=1, nested=True, p=0.000388, flip=False, error=none
  edge_delete b=3 s=2026: applied=3, nested=True, p=0.000122, flip=False, error=none
  edge_delete b=5 s=2026: applied=5, nested=True, p=0.000068, flip=False, error=none
  edge_reconnect b=1 s=7: applied=1, nested=True, p=0.004099, flip=False, error=none
  edge_reconnect b=3 s=7: applied=3, nested=True, p=0.004788, flip=False, error=none
  edge_reconnect b=5 s=7: applied=5, nested=True, p=0.000314, flip=False, error=none
  edge_reconnect b=1 s=17: applied=1, nested=True, p=0.001125, flip=False, error=none
  edge_reconnect b=3 s=17: applied=3, nested=True, p=0.000351, flip=False, error=none
  edge_reconnect b=5 s=17: applied=5, nested=True, p=0.002263, flip=False, error=none
  edge_reconnect b=1 s=29: applied=1, nested=True, p=0.000520, flip=False, error=none
  edge_reconnect b=3 s=29: applied=3, nested=True, p=0.000594, flip=False, error=none
  edge_reconnect b=5 s=29: applied=5, nested=True, p=0.001145, flip=False, error=none
  edge_reconnect b=1 s=42: applied=1, nested=True, p=0.000089, flip=False, error=none
  edge_reconnect b=3 s=42: applied=3, nested=True, p=0.000051, flip=False, error=none
  edge_reconnect b=5 s=42: applied=5, nested=True, p=0.000161, flip=False, error=none
  edge_reconnect b=1 s=61: applied=1, nested=True, p=0.000523, flip=False, error=none
  edge_reconnect b=3 s=61: applied=3, nested=True, p=0.001205, flip=False, error=none
  edge_reconnect b=5 s=61: applied=5, nested=True, p=0.000366, flip=False, error=none
  edge_reconnect b=1 s=73: applied=1, nested=True, p=0.000795, flip=False, error=none
  edge_reconnect b=3 s=73: applied=3, nested=True, p=0.004338, flip=False, error=none
  edge_reconnect b=5 s=73: applied=5, nested=True, p=0.044935, flip=False, error=none
  edge_reconnect b=1 s=89: applied=1, nested=True, p=0.000905, flip=False, error=none
  edge_reconnect b=3 s=89: applied=3, nested=True, p=0.003470, flip=False, error=none
  edge_reconnect b=5 s=89: applied=5, nested=True, p=0.002711, flip=False, error=none
  edge_reconnect b=1 s=101: applied=1, nested=True, p=0.000474, flip=False, error=none
  edge_reconnect b=3 s=101: applied=3, nested=True, p=0.001071, flip=False, error=none
  edge_reconnect b=5 s=101: applied=5, nested=True, p=0.002807, flip=False, error=none
  edge_reconnect b=1 s=137: applied=1, nested=True, p=0.000774, flip=False, error=none
  edge_reconnect b=3 s=137: applied=3, nested=True, p=0.000265, flip=False, error=none
  edge_reconnect b=5 s=137: applied=5, nested=True, p=0.001417, flip=False, error=none
  edge_reconnect b=1 s=2026: applied=1, nested=True, p=0.000200, flip=False, error=none
  edge_reconnect b=3 s=2026: applied=3, nested=True, p=0.004027, flip=False, error=none
  edge_reconnect b=5 s=2026: applied=5, nested=True, p=0.006863, flip=False, error=none
[15/60] cvefixes__15_fixed_decode_entities: baseline p=0.000059, label=0, PDG=116/426, XFG=17
  node_add b=1 s=7: applied=1, nested=True, p=0.000059, flip=False, error=none
  node_add b=3 s=7: applied=3, nested=True, p=0.000059, flip=False, error=none
  node_add b=5 s=7: applied=5, nested=True, p=0.000059, flip=False, error=none
  node_add b=1 s=17: applied=1, nested=True, p=0.000059, flip=False, error=none
  node_add b=3 s=17: applied=3, nested=True, p=0.000059, flip=False, error=none
  node_add b=5 s=17: applied=5, nested=True, p=0.000059, flip=False, error=none
  node_add b=1 s=29: applied=1, nested=True, p=0.000059, flip=False, error=none
  node_add b=3 s=29: applied=3, nested=True, p=0.000059, flip=False, error=none
  node_add b=5 s=29: applied=5, nested=True, p=0.000059, flip=False, error=none
  node_add b=1 s=42: applied=1, nested=True, p=0.000059, flip=False, error=none
  node_add b=3 s=42: applied=3, nested=True, p=0.000059, flip=False, error=none
  node_add b=5 s=42: applied=5, nested=True, p=0.000059, flip=False, error=none
  node_add b=1 s=61: applied=1, nested=True, p=0.000059, flip=False, error=none
  node_add b=3 s=61: applied=3, nested=True, p=0.000059, flip=False, error=none
  node_add b=5 s=61: applied=5, nested=True, p=0.000059, flip=False, error=none
  node_add b=1 s=73: applied=1, nested=True, p=0.000059, flip=False, error=none
  node_add b=3 s=73: applied=3, nested=True, p=0.000059, flip=False, error=none
  node_add b=5 s=73: applied=5, nested=True, p=0.000059, flip=False, error=none
  node_add b=1 s=89: applied=1, nested=True, p=0.000059, flip=False, error=none
  node_add b=3 s=89: applied=3, nested=True, p=0.000059, flip=False, error=none
  node_add b=5 s=89: applied=5, nested=True, p=0.000059, flip=False, error=none
  node_add b=1 s=101: applied=1, nested=True, p=0.000059, flip=False, error=none
  node_add b=3 s=101: applied=3, nested=True, p=0.000059, flip=False, error=none
  node_add b=5 s=101: applied=5, nested=True, p=0.000059, flip=False, error=none
  node_add b=1 s=137: applied=1, nested=True, p=0.000059, flip=False, error=none
  node_add b=3 s=137: applied=3, nested=True, p=0.000059, flip=False, error=none
  node_add b=5 s=137: applied=5, nested=True, p=0.000059, flip=False, error=none
  node_add b=1 s=2026: applied=1, nested=True, p=0.000059, flip=False, error=none
  node_add b=3 s=2026: applied=3, nested=True, p=0.000059, flip=False, error=none
  node_add b=5 s=2026: applied=5, nested=True, p=0.000060, flip=False, error=none
  node_delete b=1 s=7: applied=1, nested=True, p=0.000066, flip=False, error=none
  node_delete b=3 s=7: applied=3, nested=True, p=0.000129, flip=False, error=none
  node_delete b=5 s=7: applied=5, nested=True, p=0.000105, flip=False, error=none
  node_delete b=1 s=17: applied=1, nested=True, p=0.000064, flip=False, error=none
  node_delete b=3 s=17: applied=3, nested=True, p=0.000105, flip=False, error=none
  node_delete b=5 s=17: applied=5, nested=True, p=0.000073, flip=False, error=none
  node_delete b=1 s=29: applied=1, nested=True, p=0.000054, flip=False, error=none
  node_delete b=3 s=29: applied=3, nested=True, p=0.000195, flip=False, error=none
  node_delete b=5 s=29: applied=5, nested=True, p=0.000195, flip=False, error=none
  node_delete b=1 s=42: applied=1, nested=True, p=0.000059, flip=False, error=none
  node_delete b=3 s=42: applied=3, nested=True, p=0.000025, flip=False, error=none
  node_delete b=5 s=42: applied=5, nested=True, p=0.000015, flip=False, error=none
  node_delete b=1 s=61: applied=1, nested=True, p=0.000059, flip=False, error=none
  node_delete b=3 s=61: applied=3, nested=True, p=0.000062, flip=False, error=none
  node_delete b=5 s=61: applied=5, nested=True, p=0.000027, flip=False, error=none
  node_delete b=1 s=73: applied=1, nested=True, p=0.000123, flip=False, error=none
  node_delete b=3 s=73: applied=3, nested=True, p=0.000062, flip=False, error=none
  node_delete b=5 s=73: applied=5, nested=True, p=0.000062, flip=False, error=none
  node_delete b=1 s=89: applied=1, nested=True, p=0.000055, flip=False, error=none
  node_delete b=3 s=89: applied=3, nested=True, p=0.000134, flip=False, error=none
  node_delete b=5 s=89: applied=5, nested=True, p=0.000174, flip=False, error=none
  node_delete b=1 s=101: applied=1, nested=True, p=0.000075, flip=False, error=none
  node_delete b=3 s=101: applied=3, nested=True, p=0.000067, flip=False, error=none
  node_delete b=5 s=101: applied=5, nested=True, p=0.000074, flip=False, error=none
  node_delete b=1 s=137: applied=1, nested=True, p=0.000061, flip=False, error=none
  node_delete b=3 s=137: applied=3, nested=True, p=0.000061, flip=False, error=none
  node_delete b=5 s=137: applied=5, nested=True, p=0.000024, flip=False, error=none
  node_delete b=1 s=2026: applied=1, nested=True, p=0.000082, flip=False, error=none
  node_delete b=3 s=2026: applied=3, nested=True, p=0.000098, flip=False, error=none
  node_delete b=5 s=2026: applied=5, nested=True, p=0.000057, flip=False, error=none
  node_attribute_modify b=1 s=7: applied=1, nested=True, p=0.000083, flip=False, error=none
  node_attribute_modify b=3 s=7: applied=3, nested=True, p=0.000070, flip=False, error=none
  node_attribute_modify b=5 s=7: applied=5, nested=True, p=0.000141, flip=False, error=none
  node_attribute_modify b=1 s=17: applied=1, nested=True, p=0.000090, flip=False, error=none
  node_attribute_modify b=3 s=17: applied=3, nested=True, p=0.000013, flip=False, error=none
  node_attribute_modify b=5 s=17: applied=5, nested=True, p=0.000013, flip=False, error=none
  node_attribute_modify b=1 s=29: applied=1, nested=True, p=0.000059, flip=False, error=none
  node_attribute_modify b=3 s=29: applied=3, nested=True, p=0.000041, flip=False, error=none
  node_attribute_modify b=5 s=29: applied=5, nested=True, p=0.000055, flip=False, error=none
  node_attribute_modify b=1 s=42: applied=1, nested=True, p=0.000070, flip=False, error=none
  node_attribute_modify b=3 s=42: applied=3, nested=True, p=0.000058, flip=False, error=none
  node_attribute_modify b=5 s=42: applied=5, nested=True, p=0.000119, flip=False, error=none
  node_attribute_modify b=1 s=61: applied=1, nested=True, p=0.000030, flip=False, error=none
  node_attribute_modify b=3 s=61: applied=3, nested=True, p=0.000031, flip=False, error=none
  node_attribute_modify b=5 s=61: applied=5, nested=True, p=0.000107, flip=False, error=none
  node_attribute_modify b=1 s=73: applied=1, nested=True, p=0.000063, flip=False, error=none
  node_attribute_modify b=3 s=73: applied=3, nested=True, p=0.000095, flip=False, error=none
  node_attribute_modify b=5 s=73: applied=5, nested=True, p=0.000061, flip=False, error=none
  node_attribute_modify b=1 s=89: applied=1, nested=True, p=0.000069, flip=False, error=none
  node_attribute_modify b=3 s=89: applied=3, nested=True, p=0.000076, flip=False, error=none
  node_attribute_modify b=5 s=89: applied=5, nested=True, p=0.000065, flip=False, error=none
  node_attribute_modify b=1 s=101: applied=1, nested=True, p=0.000101, flip=False, error=none
  node_attribute_modify b=3 s=101: applied=3, nested=True, p=0.000465, flip=False, error=none
  node_attribute_modify b=5 s=101: applied=5, nested=True, p=0.000610, flip=False, error=none
  node_attribute_modify b=1 s=137: applied=1, nested=True, p=0.000059, flip=False, error=none
  node_attribute_modify b=3 s=137: applied=3, nested=True, p=0.000239, flip=False, error=none
  node_attribute_modify b=5 s=137: applied=5, nested=True, p=0.000245, flip=False, error=none
  node_attribute_modify b=1 s=2026: applied=1, nested=True, p=0.000147, flip=False, error=none
  node_attribute_modify b=3 s=2026: applied=3, nested=True, p=0.000433, flip=False, error=none
  node_attribute_modify b=5 s=2026: applied=5, nested=True, p=0.000646, flip=False, error=none
  edge_add b=1 s=7: applied=1, nested=True, p=0.000060, flip=False, error=none
  edge_add b=3 s=7: applied=3, nested=True, p=0.000059, flip=False, error=none
  edge_add b=5 s=7: applied=5, nested=True, p=0.000064, flip=False, error=none
  edge_add b=1 s=17: applied=1, nested=True, p=0.000054, flip=False, error=none
  edge_add b=3 s=17: applied=3, nested=True, p=0.000029, flip=False, error=none
  edge_add b=5 s=17: applied=5, nested=True, p=0.000027, flip=False, error=none
  edge_add b=1 s=29: applied=1, nested=True, p=0.000038, flip=False, error=none
  edge_add b=3 s=29: applied=3, nested=True, p=0.000027, flip=False, error=none
  edge_add b=5 s=29: applied=5, nested=True, p=0.000050, flip=False, error=none
  edge_add b=1 s=42: applied=1, nested=True, p=0.000108, flip=False, error=none
  edge_add b=3 s=42: applied=3, nested=True, p=0.000139, flip=False, error=none
  edge_add b=5 s=42: applied=5, nested=True, p=0.000114, flip=False, error=none
  edge_add b=1 s=61: applied=1, nested=True, p=0.000059, flip=False, error=none
  edge_add b=3 s=61: applied=3, nested=True, p=0.000071, flip=False, error=none
  edge_add b=5 s=61: applied=5, nested=True, p=0.000072, flip=False, error=none
  edge_add b=1 s=73: applied=1, nested=True, p=0.000059, flip=False, error=none
  edge_add b=3 s=73: applied=3, nested=True, p=0.000068, flip=False, error=none
  edge_add b=5 s=73: applied=5, nested=True, p=0.000068, flip=False, error=none
  edge_add b=1 s=89: applied=1, nested=True, p=0.000067, flip=False, error=none
  edge_add b=3 s=89: applied=3, nested=True, p=0.000103, flip=False, error=none
  edge_add b=5 s=89: applied=5, nested=True, p=0.000099, flip=False, error=none
  edge_add b=1 s=101: applied=1, nested=True, p=0.000056, flip=False, error=none
  edge_add b=3 s=101: applied=3, nested=True, p=0.000057, flip=False, error=none
  edge_add b=5 s=101: applied=5, nested=True, p=0.000055, flip=False, error=none
  edge_add b=1 s=137: applied=1, nested=True, p=0.000059, flip=False, error=none
  edge_add b=3 s=137: applied=3, nested=True, p=0.000047, flip=False, error=none
  edge_add b=5 s=137: applied=5, nested=True, p=0.000044, flip=False, error=none
  edge_add b=1 s=2026: applied=1, nested=True, p=0.000059, flip=False, error=none
  edge_add b=3 s=2026: applied=3, nested=True, p=0.000067, flip=False, error=none
  edge_add b=5 s=2026: applied=5, nested=True, p=0.000095, flip=False, error=none
  edge_delete b=1 s=7: applied=1, nested=True, p=0.000059, flip=False, error=none
  edge_delete b=3 s=7: applied=3, nested=True, p=0.000082, flip=False, error=none
  edge_delete b=5 s=7: applied=5, nested=True, p=0.000104, flip=False, error=none
  edge_delete b=1 s=17: applied=1, nested=True, p=0.000131, flip=False, error=none
  edge_delete b=3 s=17: applied=3, nested=True, p=0.000117, flip=False, error=none
  edge_delete b=5 s=17: applied=5, nested=True, p=0.000126, flip=False, error=none
  edge_delete b=1 s=29: applied=1, nested=True, p=0.000059, flip=False, error=none
  edge_delete b=3 s=29: applied=3, nested=True, p=0.000057, flip=False, error=none
  edge_delete b=5 s=29: applied=5, nested=True, p=0.000055, flip=False, error=none
  edge_delete b=1 s=42: applied=1, nested=True, p=0.000059, flip=False, error=none
  edge_delete b=3 s=42: applied=3, nested=True, p=0.000056, flip=False, error=none
  edge_delete b=5 s=42: applied=5, nested=True, p=0.000067, flip=False, error=none
  edge_delete b=1 s=61: applied=1, nested=True, p=0.000059, flip=False, error=none
  edge_delete b=3 s=61: applied=3, nested=True, p=0.000068, flip=False, error=none
  edge_delete b=5 s=61: applied=5, nested=True, p=0.000066, flip=False, error=none
  edge_delete b=1 s=73: applied=1, nested=True, p=0.000059, flip=False, error=none
  edge_delete b=3 s=73: applied=3, nested=True, p=0.000058, flip=False, error=none
  edge_delete b=5 s=73: applied=5, nested=True, p=0.000059, flip=False, error=none
  edge_delete b=1 s=89: applied=1, nested=True, p=0.000059, flip=False, error=none
  edge_delete b=3 s=89: applied=3, nested=True, p=0.000059, flip=False, error=none
  edge_delete b=5 s=89: applied=5, nested=True, p=0.000065, flip=False, error=none
  edge_delete b=1 s=101: applied=1, nested=True, p=0.000059, flip=False, error=none
  edge_delete b=3 s=101: applied=3, nested=True, p=0.000127, flip=False, error=none
  edge_delete b=5 s=101: applied=5, nested=True, p=0.000141, flip=False, error=none
  edge_delete b=1 s=137: applied=1, nested=True, p=0.000058, flip=False, error=none
  edge_delete b=3 s=137: applied=3, nested=True, p=0.000062, flip=False, error=none
  edge_delete b=5 s=137: applied=5, nested=True, p=0.000063, flip=False, error=none
  edge_delete b=1 s=2026: applied=1, nested=True, p=0.000059, flip=False, error=none
  edge_delete b=3 s=2026: applied=3, nested=True, p=0.000061, flip=False, error=none
  edge_delete b=5 s=2026: applied=5, nested=True, p=0.000060, flip=False, error=none
  edge_reconnect b=1 s=7: applied=1, nested=True, p=0.000059, flip=False, error=none
  edge_reconnect b=3 s=7: applied=3, nested=True, p=0.000060, flip=False, error=none
  edge_reconnect b=5 s=7: applied=5, nested=True, p=0.000069, flip=False, error=none
  edge_reconnect b=1 s=17: applied=1, nested=True, p=0.000036, flip=False, error=none
  edge_reconnect b=3 s=17: applied=3, nested=True, p=0.000031, flip=False, error=none
  edge_reconnect b=5 s=17: applied=5, nested=True, p=0.000039, flip=False, error=none
  edge_reconnect b=1 s=29: applied=1, nested=True, p=0.000041, flip=False, error=none
  edge_reconnect b=3 s=29: applied=3, nested=True, p=0.000017, flip=False, error=none
  edge_reconnect b=5 s=29: applied=5, nested=True, p=0.000025, flip=False, error=none
  edge_reconnect b=1 s=42: applied=1, nested=True, p=0.000061, flip=False, error=none
  edge_reconnect b=3 s=42: applied=3, nested=True, p=0.000032, flip=False, error=none
  edge_reconnect b=5 s=42: applied=5, nested=True, p=0.000031, flip=False, error=none
  edge_reconnect b=1 s=61: applied=1, nested=True, p=0.000058, flip=False, error=none
  edge_reconnect b=3 s=61: applied=3, nested=True, p=0.000065, flip=False, error=none
  edge_reconnect b=5 s=61: applied=5, nested=True, p=0.000060, flip=False, error=none
  edge_reconnect b=1 s=73: applied=1, nested=True, p=0.000059, flip=False, error=none
  edge_reconnect b=3 s=73: applied=3, nested=True, p=0.000048, flip=False, error=none
  edge_reconnect b=5 s=73: applied=5, nested=True, p=0.000100, flip=False, error=none
  edge_reconnect b=1 s=89: applied=1, nested=True, p=0.000047, flip=False, error=none
  edge_reconnect b=3 s=89: applied=3, nested=True, p=0.000053, flip=False, error=none
  edge_reconnect b=5 s=89: applied=5, nested=True, p=0.000044, flip=False, error=none
  edge_reconnect b=1 s=101: applied=1, nested=True, p=0.000057, flip=False, error=none
  edge_reconnect b=3 s=101: applied=3, nested=True, p=0.000060, flip=False, error=none
  edge_reconnect b=5 s=101: applied=5, nested=True, p=0.000049, flip=False, error=none
  edge_reconnect b=1 s=137: applied=1, nested=True, p=0.000057, flip=False, error=none
  edge_reconnect b=3 s=137: applied=3, nested=True, p=0.000065, flip=False, error=none
  edge_reconnect b=5 s=137: applied=5, nested=True, p=0.000069, flip=False, error=none
  edge_reconnect b=1 s=2026: applied=1, nested=True, p=0.000061, flip=False, error=none
  edge_reconnect b=3 s=2026: applied=3, nested=True, p=0.000052, flip=False, error=none
  edge_reconnect b=5 s=2026: applied=5, nested=True, p=0.000047, flip=False, error=none
[16/60] cvefixes__16_vulnerable_decode_entities: baseline p=0.000046, label=0, PDG=116/414, XFG=17
  node_add b=1 s=7: applied=1, nested=True, p=0.000046, flip=False, error=none
  node_add b=3 s=7: applied=3, nested=True, p=0.000046, flip=False, error=none
  node_add b=5 s=7: applied=5, nested=True, p=0.000046, flip=False, error=none
  node_add b=1 s=17: applied=1, nested=True, p=0.000046, flip=False, error=none
  node_add b=3 s=17: applied=3, nested=True, p=0.000046, flip=False, error=none
  node_add b=5 s=17: applied=5, nested=True, p=0.000046, flip=False, error=none
  node_add b=1 s=29: applied=1, nested=True, p=0.000046, flip=False, error=none
  node_add b=3 s=29: applied=3, nested=True, p=0.000046, flip=False, error=none
  node_add b=5 s=29: applied=5, nested=True, p=0.000046, flip=False, error=none
  node_add b=1 s=42: applied=1, nested=True, p=0.000046, flip=False, error=none
  node_add b=3 s=42: applied=3, nested=True, p=0.000046, flip=False, error=none
  node_add b=5 s=42: applied=5, nested=True, p=0.000046, flip=False, error=none
  node_add b=1 s=61: applied=1, nested=True, p=0.000046, flip=False, error=none
  node_add b=3 s=61: applied=3, nested=True, p=0.000046, flip=False, error=none
  node_add b=5 s=61: applied=5, nested=True, p=0.000046, flip=False, error=none
  node_add b=1 s=73: applied=1, nested=True, p=0.000046, flip=False, error=none
  node_add b=3 s=73: applied=3, nested=True, p=0.000046, flip=False, error=none
  node_add b=5 s=73: applied=5, nested=True, p=0.000046, flip=False, error=none
  node_add b=1 s=89: applied=1, nested=True, p=0.000046, flip=False, error=none
  node_add b=3 s=89: applied=3, nested=True, p=0.000046, flip=False, error=none
  node_add b=5 s=89: applied=5, nested=True, p=0.000046, flip=False, error=none
  node_add b=1 s=101: applied=1, nested=True, p=0.000046, flip=False, error=none
  node_add b=3 s=101: applied=3, nested=True, p=0.000046, flip=False, error=none
  node_add b=5 s=101: applied=5, nested=True, p=0.000056, flip=False, error=none
  node_add b=1 s=137: applied=1, nested=True, p=0.000046, flip=False, error=none
  node_add b=3 s=137: applied=3, nested=True, p=0.000046, flip=False, error=none
  node_add b=5 s=137: applied=5, nested=True, p=0.000046, flip=False, error=none
  node_add b=1 s=2026: applied=1, nested=True, p=0.000046, flip=False, error=none
  node_add b=3 s=2026: applied=3, nested=True, p=0.000046, flip=False, error=none
  node_add b=5 s=2026: applied=5, nested=True, p=0.000079, flip=False, error=none
  node_delete b=1 s=7: applied=1, nested=True, p=0.000052, flip=False, error=none
  node_delete b=3 s=7: applied=3, nested=True, p=0.000078, flip=False, error=none
  node_delete b=5 s=7: applied=5, nested=True, p=0.000063, flip=False, error=none
  node_delete b=1 s=17: applied=1, nested=True, p=0.000045, flip=False, error=none
  node_delete b=3 s=17: applied=3, nested=True, p=0.000059, flip=False, error=none
  node_delete b=5 s=17: applied=5, nested=True, p=0.000040, flip=False, error=none
  node_delete b=1 s=29: applied=1, nested=True, p=0.000042, flip=False, error=none
  node_delete b=3 s=29: applied=3, nested=True, p=0.000154, flip=False, error=none
  node_delete b=5 s=29: applied=5, nested=True, p=0.000154, flip=False, error=none
  node_delete b=1 s=42: applied=1, nested=True, p=0.000046, flip=False, error=none
  node_delete b=3 s=42: applied=3, nested=True, p=0.000019, flip=False, error=none
  node_delete b=5 s=42: applied=5, nested=True, p=0.000012, flip=False, error=none
  node_delete b=1 s=61: applied=1, nested=True, p=0.000046, flip=False, error=none
  node_delete b=3 s=61: applied=3, nested=True, p=0.000044, flip=False, error=none
  node_delete b=5 s=61: applied=5, nested=True, p=0.000018, flip=False, error=none
  node_delete b=1 s=73: applied=1, nested=True, p=0.000108, flip=False, error=none
  node_delete b=3 s=73: applied=3, nested=True, p=0.000060, flip=False, error=none
  node_delete b=5 s=73: applied=5, nested=True, p=0.000060, flip=False, error=none
  node_delete b=1 s=89: applied=1, nested=True, p=0.000039, flip=False, error=none
  node_delete b=3 s=89: applied=3, nested=True, p=0.000105, flip=False, error=none
  node_delete b=5 s=89: applied=5, nested=True, p=0.000167, flip=False, error=none
  node_delete b=1 s=101: applied=1, nested=True, p=0.000058, flip=False, error=none
  node_delete b=3 s=101: applied=3, nested=True, p=0.000052, flip=False, error=none
  node_delete b=5 s=101: applied=5, nested=True, p=0.000057, flip=False, error=none
  node_delete b=1 s=137: applied=1, nested=True, p=0.000048, flip=False, error=none
  node_delete b=3 s=137: applied=3, nested=True, p=0.000048, flip=False, error=none
  node_delete b=5 s=137: applied=5, nested=True, p=0.000020, flip=False, error=none
  node_delete b=1 s=2026: applied=1, nested=True, p=0.000083, flip=False, error=none
  node_delete b=3 s=2026: applied=3, nested=True, p=0.000090, flip=False, error=none
  node_delete b=5 s=2026: applied=5, nested=True, p=0.000054, flip=False, error=none
  node_attribute_modify b=1 s=7: applied=1, nested=True, p=0.000070, flip=False, error=none
  node_attribute_modify b=3 s=7: applied=3, nested=True, p=0.000060, flip=False, error=none
  node_attribute_modify b=5 s=7: applied=5, nested=True, p=0.000134, flip=False, error=none
  node_attribute_modify b=1 s=17: applied=1, nested=True, p=0.000070, flip=False, error=none
  node_attribute_modify b=3 s=17: applied=3, nested=True, p=0.000012, flip=False, error=none
  node_attribute_modify b=5 s=17: applied=5, nested=True, p=0.000012, flip=False, error=none
  node_attribute_modify b=1 s=29: applied=1, nested=True, p=0.000046, flip=False, error=none
  node_attribute_modify b=3 s=29: applied=3, nested=True, p=0.000042, flip=False, error=none
  node_attribute_modify b=5 s=29: applied=5, nested=True, p=0.000071, flip=False, error=none
  node_attribute_modify b=1 s=42: applied=1, nested=True, p=0.000055, flip=False, error=none
  node_attribute_modify b=3 s=42: applied=3, nested=True, p=0.000063, flip=False, error=none
  node_attribute_modify b=5 s=42: applied=5, nested=True, p=0.000151, flip=False, error=none
  node_attribute_modify b=1 s=61: applied=1, nested=True, p=0.000023, flip=False, error=none
  node_attribute_modify b=3 s=61: applied=3, nested=True, p=0.000024, flip=False, error=none
  node_attribute_modify b=5 s=61: applied=5, nested=True, p=0.000096, flip=False, error=none
  node_attribute_modify b=1 s=73: applied=1, nested=True, p=0.000046, flip=False, error=none
  node_attribute_modify b=3 s=73: applied=3, nested=True, p=0.000061, flip=False, error=none
  node_attribute_modify b=5 s=73: applied=5, nested=True, p=0.000038, flip=False, error=none
  node_attribute_modify b=1 s=89: applied=1, nested=True, p=0.000126, flip=False, error=none
  node_attribute_modify b=3 s=89: applied=3, nested=True, p=0.000096, flip=False, error=none
  node_attribute_modify b=5 s=89: applied=5, nested=True, p=0.000082, flip=False, error=none
  node_attribute_modify b=1 s=101: applied=1, nested=True, p=0.000073, flip=False, error=none
  node_attribute_modify b=3 s=101: applied=3, nested=True, p=0.000415, flip=False, error=none
  node_attribute_modify b=5 s=101: applied=5, nested=True, p=0.000469, flip=False, error=none
  node_attribute_modify b=1 s=137: applied=1, nested=True, p=0.000046, flip=False, error=none
  node_attribute_modify b=3 s=137: applied=3, nested=True, p=0.000201, flip=False, error=none
  node_attribute_modify b=5 s=137: applied=5, nested=True, p=0.000207, flip=False, error=none
  node_attribute_modify b=1 s=2026: applied=1, nested=True, p=0.000147, flip=False, error=none
  node_attribute_modify b=3 s=2026: applied=3, nested=True, p=0.000560, flip=False, error=none
  node_attribute_modify b=5 s=2026: applied=5, nested=True, p=0.000592, flip=False, error=none
  edge_add b=1 s=7: applied=1, nested=True, p=0.000047, flip=False, error=none
  edge_add b=3 s=7: applied=3, nested=True, p=0.000051, flip=False, error=none
  edge_add b=5 s=7: applied=5, nested=True, p=0.000057, flip=False, error=none
  edge_add b=1 s=17: applied=1, nested=True, p=0.000045, flip=False, error=none
  edge_add b=3 s=17: applied=3, nested=True, p=0.000024, flip=False, error=none
  edge_add b=5 s=17: applied=5, nested=True, p=0.000023, flip=False, error=none
  edge_add b=1 s=29: applied=1, nested=True, p=0.000028, flip=False, error=none
  edge_add b=3 s=29: applied=3, nested=True, p=0.000020, flip=False, error=none
  edge_add b=5 s=29: applied=5, nested=True, p=0.000035, flip=False, error=none
  edge_add b=1 s=42: applied=1, nested=True, p=0.000080, flip=False, error=none
  edge_add b=3 s=42: applied=3, nested=True, p=0.000105, flip=False, error=none
  edge_add b=5 s=42: applied=5, nested=True, p=0.000109, flip=False, error=none
  edge_add b=1 s=61: applied=1, nested=True, p=0.000046, flip=False, error=none
  edge_add b=3 s=61: applied=3, nested=True, p=0.000046, flip=False, error=none
  edge_add b=5 s=61: applied=5, nested=True, p=0.000047, flip=False, error=none
  edge_add b=1 s=73: applied=1, nested=True, p=0.000046, flip=False, error=none
  edge_add b=3 s=73: applied=3, nested=True, p=0.000057, flip=False, error=none
  edge_add b=5 s=73: applied=5, nested=True, p=0.000056, flip=False, error=none
  edge_add b=1 s=89: applied=1, nested=True, p=0.000048, flip=False, error=none
  edge_add b=3 s=89: applied=3, nested=True, p=0.000069, flip=False, error=none
  edge_add b=5 s=89: applied=5, nested=True, p=0.000071, flip=False, error=none
  edge_add b=1 s=101: applied=1, nested=True, p=0.000043, flip=False, error=none
  edge_add b=3 s=101: applied=3, nested=True, p=0.000044, flip=False, error=none
  edge_add b=5 s=101: applied=5, nested=True, p=0.000054, flip=False, error=none
  edge_add b=1 s=137: applied=1, nested=True, p=0.000046, flip=False, error=none
  edge_add b=3 s=137: applied=3, nested=True, p=0.000041, flip=False, error=none
  edge_add b=5 s=137: applied=5, nested=True, p=0.000038, flip=False, error=none
  edge_add b=1 s=2026: applied=1, nested=True, p=0.000046, flip=False, error=none
  edge_add b=3 s=2026: applied=3, nested=True, p=0.000053, flip=False, error=none
  edge_add b=5 s=2026: applied=5, nested=True, p=0.000060, flip=False, error=none
  edge_delete b=1 s=7: applied=1, nested=True, p=0.000046, flip=False, error=none
  edge_delete b=3 s=7: applied=3, nested=True, p=0.000057, flip=False, error=none
  edge_delete b=5 s=7: applied=5, nested=True, p=0.000080, flip=False, error=none
  edge_delete b=1 s=17: applied=1, nested=True, p=0.000105, flip=False, error=none
  edge_delete b=3 s=17: applied=3, nested=True, p=0.000093, flip=False, error=none
  edge_delete b=5 s=17: applied=5, nested=True, p=0.000107, flip=False, error=none
  edge_delete b=1 s=29: applied=1, nested=True, p=0.000046, flip=False, error=none
  edge_delete b=3 s=29: applied=3, nested=True, p=0.000045, flip=False, error=none
  edge_delete b=5 s=29: applied=5, nested=True, p=0.000044, flip=False, error=none
  edge_delete b=1 s=42: applied=1, nested=True, p=0.000046, flip=False, error=none
  edge_delete b=3 s=42: applied=3, nested=True, p=0.000046, flip=False, error=none
  edge_delete b=5 s=42: applied=5, nested=True, p=0.000042, flip=False, error=none
  edge_delete b=1 s=61: applied=1, nested=True, p=0.000046, flip=False, error=none
  edge_delete b=3 s=61: applied=3, nested=True, p=0.000051, flip=False, error=none
  edge_delete b=5 s=61: applied=5, nested=True, p=0.000051, flip=False, error=none
  edge_delete b=1 s=73: applied=1, nested=True, p=0.000046, flip=False, error=none
  edge_delete b=3 s=73: applied=3, nested=True, p=0.000042, flip=False, error=none
  edge_delete b=5 s=73: applied=5, nested=True, p=0.000042, flip=False, error=none
  edge_delete b=1 s=89: applied=1, nested=True, p=0.000046, flip=False, error=none
  edge_delete b=3 s=89: applied=3, nested=True, p=0.000047, flip=False, error=none
  edge_delete b=5 s=89: applied=5, nested=True, p=0.000050, flip=False, error=none
  edge_delete b=1 s=101: applied=1, nested=True, p=0.000046, flip=False, error=none
  edge_delete b=3 s=101: applied=3, nested=True, p=0.000103, flip=False, error=none
  edge_delete b=5 s=101: applied=5, nested=True, p=0.000115, flip=False, error=none
  edge_delete b=1 s=137: applied=1, nested=True, p=0.000046, flip=False, error=none
  edge_delete b=3 s=137: applied=3, nested=True, p=0.000050, flip=False, error=none
  edge_delete b=5 s=137: applied=5, nested=True, p=0.000050, flip=False, error=none
  edge_delete b=1 s=2026: applied=1, nested=True, p=0.000046, flip=False, error=none
  edge_delete b=3 s=2026: applied=3, nested=True, p=0.000049, flip=False, error=none
  edge_delete b=5 s=2026: applied=5, nested=True, p=0.000049, flip=False, error=none
  edge_reconnect b=1 s=7: applied=1, nested=True, p=0.000046, flip=False, error=none
  edge_reconnect b=3 s=7: applied=3, nested=True, p=0.000047, flip=False, error=none
  edge_reconnect b=5 s=7: applied=5, nested=True, p=0.000051, flip=False, error=none
  edge_reconnect b=1 s=17: applied=1, nested=True, p=0.000028, flip=False, error=none
  edge_reconnect b=3 s=17: applied=3, nested=True, p=0.000026, flip=False, error=none
  edge_reconnect b=5 s=17: applied=5, nested=True, p=0.000028, flip=False, error=none
  edge_reconnect b=1 s=29: applied=1, nested=True, p=0.000032, flip=False, error=none
  edge_reconnect b=3 s=29: applied=3, nested=True, p=0.000014, flip=False, error=none
  edge_reconnect b=5 s=29: applied=5, nested=True, p=0.000013, flip=False, error=none
  edge_reconnect b=1 s=42: applied=1, nested=True, p=0.000044, flip=False, error=none
  edge_reconnect b=3 s=42: applied=3, nested=True, p=0.000034, flip=False, error=none
  edge_reconnect b=5 s=42: applied=5, nested=True, p=0.000034, flip=False, error=none
  edge_reconnect b=1 s=61: applied=1, nested=True, p=0.000046, flip=False, error=none
  edge_reconnect b=3 s=61: applied=3, nested=True, p=0.000064, flip=False, error=none
  edge_reconnect b=5 s=61: applied=5, nested=True, p=0.000063, flip=False, error=none
  edge_reconnect b=1 s=73: applied=1, nested=True, p=0.000046, flip=False, error=none
  edge_reconnect b=3 s=73: applied=3, nested=True, p=0.000038, flip=False, error=none
  edge_reconnect b=5 s=73: applied=5, nested=True, p=0.000077, flip=False, error=none
  edge_reconnect b=1 s=89: applied=1, nested=True, p=0.000046, flip=False, error=none
  edge_reconnect b=3 s=89: applied=3, nested=True, p=0.000047, flip=False, error=none
  edge_reconnect b=5 s=89: applied=5, nested=True, p=0.000043, flip=False, error=none
  edge_reconnect b=1 s=101: applied=1, nested=True, p=0.000049, flip=False, error=none
  edge_reconnect b=3 s=101: applied=3, nested=True, p=0.000046, flip=False, error=none
  edge_reconnect b=5 s=101: applied=5, nested=True, p=0.000034, flip=False, error=none
  edge_reconnect b=1 s=137: applied=1, nested=True, p=0.000044, flip=False, error=none
  edge_reconnect b=3 s=137: applied=3, nested=True, p=0.000049, flip=False, error=none
  edge_reconnect b=5 s=137: applied=5, nested=True, p=0.000049, flip=False, error=none
  edge_reconnect b=1 s=2026: applied=1, nested=True, p=0.000051, flip=False, error=none
  edge_reconnect b=3 s=2026: applied=3, nested=True, p=0.000043, flip=False, error=none
  edge_reconnect b=5 s=2026: applied=5, nested=True, p=0.000034, flip=False, error=none
[17/60] cvefixes__17_vulnerable_eval_js: baseline failed: baseline prediction is unavailable: no_xfg
[18/60] cvefixes__18_vulnerable_try_read_command: baseline p=0.002441, label=0, PDG=73/190, XFG=66
  node_add b=1 s=7: applied=1, nested=True, p=0.002441, flip=False, error=none
  node_add b=3 s=7: applied=3, nested=True, p=0.002441, flip=False, error=none
  node_add b=5 s=7: applied=5, nested=True, p=0.002441, flip=False, error=none
  node_add b=1 s=17: applied=1, nested=True, p=0.002441, flip=False, error=none
  node_add b=3 s=17: applied=3, nested=True, p=0.002441, flip=False, error=none
  node_add b=5 s=17: applied=5, nested=True, p=0.002441, flip=False, error=none
  node_add b=1 s=29: applied=1, nested=True, p=0.002441, flip=False, error=none
  node_add b=3 s=29: applied=3, nested=True, p=0.002441, flip=False, error=none
  node_add b=5 s=29: applied=5, nested=True, p=0.002441, flip=False, error=none
  node_add b=1 s=42: applied=1, nested=True, p=0.002441, flip=False, error=none
  node_add b=3 s=42: applied=3, nested=True, p=0.002441, flip=False, error=none
  node_add b=5 s=42: applied=5, nested=True, p=0.002441, flip=False, error=none
  node_add b=1 s=61: applied=1, nested=True, p=0.002441, flip=False, error=none
  node_add b=3 s=61: applied=3, nested=True, p=0.002441, flip=False, error=none
  node_add b=5 s=61: applied=5, nested=True, p=0.002441, flip=False, error=none
  node_add b=1 s=73: applied=1, nested=True, p=0.002441, flip=False, error=none
  node_add b=3 s=73: applied=3, nested=True, p=0.002441, flip=False, error=none
  node_add b=5 s=73: applied=5, nested=True, p=0.002441, flip=False, error=none
  node_add b=1 s=89: applied=1, nested=True, p=0.002441, flip=False, error=none
  node_add b=3 s=89: applied=3, nested=True, p=0.002441, flip=False, error=none
  node_add b=5 s=89: applied=5, nested=True, p=0.002441, flip=False, error=none
  node_add b=1 s=101: applied=1, nested=True, p=0.002441, flip=False, error=none
  node_add b=3 s=101: applied=3, nested=True, p=0.002441, flip=False, error=none
  node_add b=5 s=101: applied=5, nested=True, p=0.002441, flip=False, error=none
  node_add b=1 s=137: applied=1, nested=True, p=0.002441, flip=False, error=none
  node_add b=3 s=137: applied=3, nested=True, p=0.002441, flip=False, error=none
  node_add b=5 s=137: applied=5, nested=True, p=0.002441, flip=False, error=none
  node_add b=1 s=2026: applied=1, nested=True, p=0.002441, flip=False, error=none
  node_add b=3 s=2026: applied=3, nested=True, p=0.002441, flip=False, error=none
  node_add b=5 s=2026: applied=5, nested=True, p=0.002441, flip=False, error=none
  node_delete b=1 s=7: applied=1, nested=True, p=0.002441, flip=False, error=none
  node_delete b=3 s=7: applied=3, nested=True, p=0.002441, flip=False, error=none
  node_delete b=5 s=7: applied=5, nested=True, p=0.002441, flip=False, error=none
  node_delete b=1 s=17: applied=1, nested=True, p=0.002441, flip=False, error=none
  node_delete b=3 s=17: applied=3, nested=True, p=0.002441, flip=False, error=none
  node_delete b=5 s=17: applied=5, nested=True, p=0.002441, flip=False, error=none
  node_delete b=1 s=29: applied=1, nested=True, p=0.002441, flip=False, error=none
  node_delete b=3 s=29: applied=3, nested=True, p=0.002441, flip=False, error=none
  node_delete b=5 s=29: applied=5, nested=True, p=0.002441, flip=False, error=none
  node_delete b=1 s=42: applied=1, nested=True, p=0.002441, flip=False, error=none
  node_delete b=3 s=42: applied=3, nested=True, p=0.002441, flip=False, error=none
  node_delete b=5 s=42: applied=5, nested=True, p=0.002441, flip=False, error=none
  node_delete b=1 s=61: applied=1, nested=True, p=0.002441, flip=False, error=none
  node_delete b=3 s=61: applied=3, nested=True, p=0.002441, flip=False, error=none
  node_delete b=5 s=61: applied=5, nested=True, p=0.002441, flip=False, error=none
  node_delete b=1 s=73: applied=1, nested=True, p=0.002441, flip=False, error=none
  node_delete b=3 s=73: applied=3, nested=True, p=0.002441, flip=False, error=none
  node_delete b=5 s=73: applied=5, nested=True, p=0.002441, flip=False, error=none
  node_delete b=1 s=89: applied=1, nested=True, p=0.002441, flip=False, error=none
  node_delete b=3 s=89: applied=3, nested=True, p=0.000532, flip=False, error=none
  node_delete b=5 s=89: applied=5, nested=True, p=0.000113, flip=False, error=none
  node_delete b=1 s=101: applied=1, nested=True, p=0.002441, flip=False, error=none
  node_delete b=3 s=101: applied=3, nested=True, p=0.002441, flip=False, error=none
  node_delete b=5 s=101: applied=5, nested=True, p=0.002441, flip=False, error=none
  node_delete b=1 s=137: applied=1, nested=True, p=0.002441, flip=False, error=none
  node_delete b=3 s=137: applied=3, nested=True, p=0.002441, flip=False, error=none
  node_delete b=5 s=137: applied=5, nested=True, p=0.002441, flip=False, error=none
  node_delete b=1 s=2026: applied=1, nested=True, p=0.002441, flip=False, error=none
  node_delete b=3 s=2026: applied=3, nested=True, p=0.002441, flip=False, error=none
  node_delete b=5 s=2026: applied=5, nested=True, p=0.002441, flip=False, error=none
  node_attribute_modify b=1 s=7: applied=1, nested=True, p=0.002441, flip=False, error=none
  node_attribute_modify b=3 s=7: applied=3, nested=True, p=0.002441, flip=False, error=none
  node_attribute_modify b=5 s=7: applied=5, nested=True, p=0.002441, flip=False, error=none
  node_attribute_modify b=1 s=17: applied=1, nested=True, p=0.002441, flip=False, error=none
  node_attribute_modify b=3 s=17: applied=3, nested=True, p=0.002441, flip=False, error=none
  node_attribute_modify b=5 s=17: applied=5, nested=True, p=0.002441, flip=False, error=none
  node_attribute_modify b=1 s=29: applied=1, nested=True, p=0.002441, flip=False, error=none
  node_attribute_modify b=3 s=29: applied=3, nested=True, p=0.002441, flip=False, error=none
  node_attribute_modify b=5 s=29: applied=5, nested=True, p=0.002441, flip=False, error=none
  node_attribute_modify b=1 s=42: applied=1, nested=True, p=0.002441, flip=False, error=none
  node_attribute_modify b=3 s=42: applied=3, nested=True, p=0.002441, flip=False, error=none
  node_attribute_modify b=5 s=42: applied=5, nested=True, p=0.002441, flip=False, error=none
  node_attribute_modify b=1 s=61: applied=1, nested=True, p=0.002441, flip=False, error=none
  node_attribute_modify b=3 s=61: applied=3, nested=True, p=0.002441, flip=False, error=none
  node_attribute_modify b=5 s=61: applied=5, nested=True, p=0.002441, flip=False, error=none
  node_attribute_modify b=1 s=73: applied=1, nested=True, p=0.002441, flip=False, error=none
  node_attribute_modify b=3 s=73: applied=3, nested=True, p=0.002441, flip=False, error=none
  node_attribute_modify b=5 s=73: applied=5, nested=True, p=0.002441, flip=False, error=none
  node_attribute_modify b=1 s=89: applied=1, nested=True, p=0.002441, flip=False, error=none
  node_attribute_modify b=3 s=89: applied=3, nested=True, p=0.002441, flip=False, error=none
  node_attribute_modify b=5 s=89: applied=5, nested=True, p=0.002441, flip=False, error=none
  node_attribute_modify b=1 s=101: applied=1, nested=True, p=0.002441, flip=False, error=none
  node_attribute_modify b=3 s=101: applied=3, nested=True, p=0.002441, flip=False, error=none
  node_attribute_modify b=5 s=101: applied=5, nested=True, p=0.000004, flip=False, error=none
  node_attribute_modify b=1 s=137: applied=1, nested=True, p=0.002441, flip=False, error=none
  node_attribute_modify b=3 s=137: applied=3, nested=True, p=0.002441, flip=False, error=none
  node_attribute_modify b=5 s=137: applied=5, nested=True, p=0.002441, flip=False, error=none
  node_attribute_modify b=1 s=2026: applied=1, nested=True, p=0.002441, flip=False, error=none
  node_attribute_modify b=3 s=2026: applied=3, nested=True, p=0.002441, flip=False, error=none
  node_attribute_modify b=5 s=2026: applied=5, nested=True, p=0.002441, flip=False, error=none
  edge_add b=1 s=7: applied=1, nested=True, p=0.002441, flip=False, error=none
  edge_add b=3 s=7: applied=3, nested=True, p=0.000078, flip=False, error=none
  edge_add b=5 s=7: applied=5, nested=True, p=0.000053, flip=False, error=none
  edge_add b=1 s=17: applied=1, nested=True, p=0.000475, flip=False, error=none
  edge_add b=3 s=17: applied=3, nested=True, p=0.004734, flip=False, error=none
  edge_add b=5 s=17: applied=5, nested=True, p=0.001142, flip=False, error=none
  edge_add b=1 s=29: applied=1, nested=True, p=0.002441, flip=False, error=none
  edge_add b=3 s=29: applied=3, nested=True, p=0.002441, flip=False, error=none
  edge_add b=5 s=29: applied=5, nested=True, p=0.002441, flip=False, error=none
  edge_add b=1 s=42: applied=1, nested=True, p=0.002441, flip=False, error=none
  edge_add b=3 s=42: applied=3, nested=True, p=0.002441, flip=False, error=none
  edge_add b=5 s=42: applied=5, nested=True, p=0.000091, flip=False, error=none
  edge_add b=1 s=61: applied=1, nested=True, p=0.002441, flip=False, error=none
  edge_add b=3 s=61: applied=3, nested=True, p=0.003818, flip=False, error=none
  edge_add b=5 s=61: applied=5, nested=True, p=0.000207, flip=False, error=none
  edge_add b=1 s=73: applied=1, nested=True, p=0.002441, flip=False, error=none
  edge_add b=3 s=73: applied=3, nested=True, p=0.000471, flip=False, error=none
  edge_add b=5 s=73: applied=5, nested=True, p=0.000471, flip=False, error=none
  edge_add b=1 s=89: applied=1, nested=True, p=0.002441, flip=False, error=none
  edge_add b=3 s=89: applied=3, nested=True, p=0.002441, flip=False, error=none
  edge_add b=5 s=89: applied=5, nested=True, p=0.002441, flip=False, error=none
  edge_add b=1 s=101: applied=1, nested=True, p=0.002441, flip=False, error=none
  edge_add b=3 s=101: applied=3, nested=True, p=0.002441, flip=False, error=none
  edge_add b=5 s=101: applied=5, nested=True, p=0.002441, flip=False, error=none
  edge_add b=1 s=137: applied=1, nested=True, p=0.000120, flip=False, error=none
  edge_add b=3 s=137: applied=3, nested=True, p=0.007082, flip=False, error=none
  edge_add b=5 s=137: applied=5, nested=True, p=0.002405, flip=False, error=none
  edge_add b=1 s=2026: applied=1, nested=True, p=0.002441, flip=False, error=none
  edge_add b=3 s=2026: applied=3, nested=True, p=0.061257, flip=False, error=none
  edge_add b=5 s=2026: applied=5, nested=True, p=0.061257, flip=False, error=none
  edge_delete b=1 s=7: applied=1, nested=True, p=0.157895, flip=False, error=none
  edge_delete b=3 s=7: applied=3, nested=True, p=0.157895, flip=False, error=none
  edge_delete b=5 s=7: applied=5, nested=True, p=0.157895, flip=False, error=none
  edge_delete b=1 s=17: applied=1, nested=True, p=0.002441, flip=False, error=none
  edge_delete b=3 s=17: applied=3, nested=True, p=0.002441, flip=False, error=none
  edge_delete b=5 s=17: applied=5, nested=True, p=0.002441, flip=False, error=none
  edge_delete b=1 s=29: applied=1, nested=True, p=0.002441, flip=False, error=none
  edge_delete b=3 s=29: applied=3, nested=True, p=0.002441, flip=False, error=none
  edge_delete b=5 s=29: applied=5, nested=True, p=0.002441, flip=False, error=none
  edge_delete b=1 s=42: applied=1, nested=True, p=0.002441, flip=False, error=none
  edge_delete b=3 s=42: applied=3, nested=True, p=0.001470, flip=False, error=none
  edge_delete b=5 s=42: applied=5, nested=True, p=0.000823, flip=False, error=none
  edge_delete b=1 s=61: applied=1, nested=True, p=0.002441, flip=False, error=none
  edge_delete b=3 s=61: applied=3, nested=True, p=0.002441, flip=False, error=none
  edge_delete b=5 s=61: applied=5, nested=True, p=0.008876, flip=False, error=none
  edge_delete b=1 s=73: applied=1, nested=True, p=0.003556, flip=False, error=none
  edge_delete b=3 s=73: applied=3, nested=True, p=0.003556, flip=False, error=none
  edge_delete b=5 s=73: applied=5, nested=True, p=0.003556, flip=False, error=none
  edge_delete b=1 s=89: applied=1, nested=True, p=0.002441, flip=False, error=none
  edge_delete b=3 s=89: applied=3, nested=True, p=0.002441, flip=False, error=none
  edge_delete b=5 s=89: applied=5, nested=True, p=0.001541, flip=False, error=none
  edge_delete b=1 s=101: applied=1, nested=True, p=0.002441, flip=False, error=none
  edge_delete b=3 s=101: applied=3, nested=True, p=0.002441, flip=False, error=none
  edge_delete b=5 s=101: applied=5, nested=True, p=0.002441, flip=False, error=none
  edge_delete b=1 s=137: applied=1, nested=True, p=0.001546, flip=False, error=none
  edge_delete b=3 s=137: applied=3, nested=True, p=0.001483, flip=False, error=none
  edge_delete b=5 s=137: applied=5, nested=True, p=0.001737, flip=False, error=none
  edge_delete b=1 s=2026: applied=1, nested=True, p=0.002441, flip=False, error=none
  edge_delete b=3 s=2026: applied=3, nested=True, p=0.157895, flip=False, error=none
  edge_delete b=5 s=2026: applied=5, nested=True, p=0.157895, flip=False, error=none
  edge_reconnect b=1 s=7: applied=1, nested=True, p=0.002441, flip=False, error=none
  edge_reconnect b=3 s=7: applied=3, nested=True, p=0.006592, flip=False, error=none
  edge_reconnect b=5 s=7: applied=5, nested=True, p=0.010770, flip=False, error=none
  edge_reconnect b=1 s=17: applied=1, nested=True, p=0.002441, flip=False, error=none
  edge_reconnect b=3 s=17: applied=3, nested=True, p=0.002441, flip=False, error=none
  edge_reconnect b=5 s=17: applied=5, nested=True, p=0.002441, flip=False, error=none
  edge_reconnect b=1 s=29: applied=1, nested=True, p=0.000224, flip=False, error=none
  edge_reconnect b=3 s=29: applied=3, nested=True, p=0.000117, flip=False, error=none
  edge_reconnect b=5 s=29: applied=5, nested=True, p=0.000130, flip=False, error=none
  edge_reconnect b=1 s=42: applied=1, nested=True, p=0.002441, flip=False, error=none
  edge_reconnect b=3 s=42: applied=3, nested=True, p=0.002105, flip=False, error=none
  edge_reconnect b=5 s=42: applied=5, nested=True, p=0.001390, flip=False, error=none
  edge_reconnect b=1 s=61: applied=1, nested=True, p=0.002441, flip=False, error=none
  edge_reconnect b=3 s=61: applied=3, nested=True, p=0.002426, flip=False, error=none
  edge_reconnect b=5 s=61: applied=5, nested=True, p=0.002426, flip=False, error=none
  edge_reconnect b=1 s=73: applied=1, nested=True, p=0.002441, flip=False, error=none
  edge_reconnect b=3 s=73: applied=3, nested=True, p=0.009327, flip=False, error=none
  edge_reconnect b=5 s=73: applied=5, nested=True, p=0.007057, flip=False, error=none
  edge_reconnect b=1 s=89: applied=1, nested=True, p=0.002287, flip=False, error=none
  edge_reconnect b=3 s=89: applied=3, nested=True, p=0.003934, flip=False, error=none
  edge_reconnect b=5 s=89: applied=5, nested=True, p=0.004006, flip=False, error=none
  edge_reconnect b=1 s=101: applied=1, nested=True, p=0.002441, flip=False, error=none
  edge_reconnect b=3 s=101: applied=3, nested=True, p=0.004288, flip=False, error=none
  edge_reconnect b=5 s=101: applied=5, nested=True, p=0.000001, flip=False, error=none
  edge_reconnect b=1 s=137: applied=1, nested=True, p=0.002790, flip=False, error=none
  edge_reconnect b=3 s=137: applied=3, nested=True, p=0.002774, flip=False, error=none
  edge_reconnect b=5 s=137: applied=5, nested=True, p=0.002048, flip=False, error=none
  edge_reconnect b=1 s=2026: applied=1, nested=True, p=0.002441, flip=False, error=none
  edge_reconnect b=3 s=2026: applied=3, nested=True, p=0.049498, flip=False, error=none
  edge_reconnect b=5 s=2026: applied=5, nested=True, p=0.044130, flip=False, error=none
[19/60] cvefixes__19_fixed_try_read_network: baseline p=0.000000, label=0, PDG=41/106, XFG=26
  node_add b=1 s=7: applied=1, nested=True, p=0.000000, flip=False, error=none
  node_add b=3 s=7: applied=3, nested=True, p=0.000000, flip=False, error=none
  node_add b=5 s=7: applied=5, nested=True, p=0.000000, flip=False, error=none
  node_add b=1 s=17: applied=1, nested=True, p=0.000000, flip=False, error=none
  node_add b=3 s=17: applied=3, nested=True, p=0.000000, flip=False, error=none
  node_add b=5 s=17: applied=5, nested=True, p=0.000000, flip=False, error=none
  node_add b=1 s=29: applied=1, nested=True, p=0.000000, flip=False, error=none
  node_add b=3 s=29: applied=3, nested=True, p=0.000000, flip=False, error=none
  node_add b=5 s=29: applied=5, nested=True, p=0.000000, flip=False, error=none
  node_add b=1 s=42: applied=1, nested=True, p=0.000000, flip=False, error=none
  node_add b=3 s=42: applied=3, nested=True, p=0.000000, flip=False, error=none
  node_add b=5 s=42: applied=5, nested=True, p=0.000000, flip=False, error=none
  node_add b=1 s=61: applied=1, nested=True, p=0.000000, flip=False, error=none
  node_add b=3 s=61: applied=3, nested=True, p=0.000000, flip=False, error=none
  node_add b=5 s=61: applied=5, nested=True, p=0.000000, flip=False, error=none
  node_add b=1 s=73: applied=1, nested=True, p=0.000000, flip=False, error=none
  node_add b=3 s=73: applied=3, nested=True, p=0.000000, flip=False, error=none
  node_add b=5 s=73: applied=5, nested=True, p=0.000000, flip=False, error=none
  node_add b=1 s=89: applied=1, nested=True, p=0.000000, flip=False, error=none
  node_add b=3 s=89: applied=3, nested=True, p=0.000000, flip=False, error=none
  node_add b=5 s=89: applied=5, nested=True, p=0.000000, flip=False, error=none
  node_add b=1 s=101: applied=1, nested=True, p=0.000000, flip=False, error=none
  node_add b=3 s=101: applied=3, nested=True, p=0.000000, flip=False, error=none
  node_add b=5 s=101: applied=5, nested=True, p=0.000000, flip=False, error=none
  node_add b=1 s=137: applied=1, nested=True, p=0.000000, flip=False, error=none
  node_add b=3 s=137: applied=3, nested=True, p=0.000000, flip=False, error=none
  node_add b=5 s=137: applied=5, nested=True, p=0.000000, flip=False, error=none
  node_add b=1 s=2026: applied=1, nested=True, p=0.000000, flip=False, error=none
  node_add b=3 s=2026: applied=3, nested=True, p=0.000000, flip=False, error=none
  node_add b=5 s=2026: applied=5, nested=True, p=0.000000, flip=False, error=none
  node_delete b=1 s=7: applied=1, nested=True, p=0.000000, flip=False, error=none
  node_delete b=3 s=7: applied=3, nested=True, p=0.000000, flip=False, error=none
  node_delete b=5 s=7: applied=5, nested=True, p=0.000000, flip=False, error=none
  node_delete b=1 s=17: applied=1, nested=True, p=0.000000, flip=False, error=none
  node_delete b=3 s=17: applied=3, nested=True, p=0.000000, flip=False, error=none
  node_delete b=5 s=17: applied=5, nested=True, p=0.000000, flip=False, error=none
  node_delete b=1 s=29: applied=1, nested=True, p=0.000000, flip=False, error=none
  node_delete b=3 s=29: applied=3, nested=True, p=0.000000, flip=False, error=none
  node_delete b=5 s=29: applied=5, nested=True, p=0.000000, flip=False, error=none
  node_delete b=1 s=42: applied=1, nested=True, p=0.000000, flip=False, error=none
  node_delete b=3 s=42: applied=3, nested=True, p=0.000000, flip=False, error=none
  node_delete b=5 s=42: applied=5, nested=True, p=0.000000, flip=False, error=none
  node_delete b=1 s=61: applied=1, nested=True, p=0.000000, flip=False, error=none
  node_delete b=3 s=61: applied=3, nested=True, p=0.000000, flip=False, error=none
  node_delete b=5 s=61: applied=5, nested=True, p=0.000000, flip=False, error=none
  node_delete b=1 s=73: applied=1, nested=True, p=0.000000, flip=False, error=none
  node_delete b=3 s=73: applied=3, nested=True, p=0.000000, flip=False, error=none
  node_delete b=5 s=73: applied=5, nested=True, p=0.000000, flip=False, error=none
  node_delete b=1 s=89: applied=1, nested=True, p=0.000000, flip=False, error=none
  node_delete b=3 s=89: applied=3, nested=True, p=0.000000, flip=False, error=none
  node_delete b=5 s=89: applied=5, nested=True, p=0.000000, flip=False, error=none
  node_delete b=1 s=101: applied=1, nested=True, p=0.000000, flip=False, error=none
  node_delete b=3 s=101: applied=3, nested=True, p=0.000000, flip=False, error=none
  node_delete b=5 s=101: applied=5, nested=True, p=0.000000, flip=False, error=none
  node_delete b=1 s=137: applied=1, nested=True, p=0.000000, flip=False, error=none
  node_delete b=3 s=137: applied=3, nested=True, p=0.000000, flip=False, error=none
  node_delete b=5 s=137: applied=5, nested=True, p=0.000000, flip=False, error=none
  node_delete b=1 s=2026: applied=1, nested=True, p=0.000000, flip=False, error=none
  node_delete b=3 s=2026: applied=3, nested=True, p=0.000000, flip=False, error=none
  node_delete b=5 s=2026: applied=5, nested=True, p=0.000000, flip=False, error=none
  node_attribute_modify b=1 s=7: applied=1, nested=True, p=0.000000, flip=False, error=none
  node_attribute_modify b=3 s=7: applied=3, nested=True, p=0.000000, flip=False, error=none
  node_attribute_modify b=5 s=7: applied=5, nested=True, p=0.000000, flip=False, error=none
  node_attribute_modify b=1 s=17: applied=1, nested=True, p=0.000000, flip=False, error=none
  node_attribute_modify b=3 s=17: applied=3, nested=True, p=0.000000, flip=False, error=none
  node_attribute_modify b=5 s=17: applied=5, nested=True, p=0.000000, flip=False, error=none
  node_attribute_modify b=1 s=29: applied=1, nested=True, p=0.000000, flip=False, error=none
  node_attribute_modify b=3 s=29: applied=3, nested=True, p=0.000000, flip=False, error=none
  node_attribute_modify b=5 s=29: applied=5, nested=True, p=0.000000, flip=False, error=none
  node_attribute_modify b=1 s=42: applied=1, nested=True, p=0.000000, flip=False, error=none
  node_attribute_modify b=3 s=42: applied=3, nested=True, p=0.000000, flip=False, error=none
  node_attribute_modify b=5 s=42: applied=5, nested=True, p=0.000000, flip=False, error=none
  node_attribute_modify b=1 s=61: applied=1, nested=True, p=0.000000, flip=False, error=none
  node_attribute_modify b=3 s=61: applied=3, nested=True, p=0.000000, flip=False, error=none
  node_attribute_modify b=5 s=61: applied=5, nested=True, p=0.000000, flip=False, error=none
  node_attribute_modify b=1 s=73: applied=1, nested=True, p=0.000000, flip=False, error=none
  node_attribute_modify b=3 s=73: applied=3, nested=True, p=0.000000, flip=False, error=none
  node_attribute_modify b=5 s=73: applied=5, nested=True, p=0.000000, flip=False, error=none
  node_attribute_modify b=1 s=89: applied=1, nested=True, p=0.000000, flip=False, error=none
  node_attribute_modify b=3 s=89: applied=3, nested=True, p=0.000000, flip=False, error=none
  node_attribute_modify b=5 s=89: applied=5, nested=True, p=0.000000, flip=False, error=none
  node_attribute_modify b=1 s=101: applied=1, nested=True, p=0.000000, flip=False, error=none
  node_attribute_modify b=3 s=101: applied=3, nested=True, p=0.000000, flip=False, error=none
  node_attribute_modify b=5 s=101: applied=5, nested=True, p=0.000000, flip=False, error=none
  node_attribute_modify b=1 s=137: applied=1, nested=True, p=0.000000, flip=False, error=none
  node_attribute_modify b=3 s=137: applied=3, nested=True, p=0.000000, flip=False, error=none
  node_attribute_modify b=5 s=137: applied=5, nested=True, p=0.000000, flip=False, error=none
  node_attribute_modify b=1 s=2026: applied=1, nested=True, p=0.000000, flip=False, error=none
  node_attribute_modify b=3 s=2026: applied=3, nested=True, p=0.000000, flip=False, error=none
  node_attribute_modify b=5 s=2026: applied=5, nested=True, p=0.000000, flip=False, error=none
  edge_add b=1 s=7: applied=1, nested=True, p=0.000000, flip=False, error=none
  edge_add b=3 s=7: applied=3, nested=True, p=0.000000, flip=False, error=none
  edge_add b=5 s=7: applied=5, nested=True, p=0.000000, flip=False, error=none
  edge_add b=1 s=17: applied=1, nested=True, p=0.000000, flip=False, error=none
  edge_add b=3 s=17: applied=3, nested=True, p=0.000000, flip=False, error=none
  edge_add b=5 s=17: applied=5, nested=True, p=0.000000, flip=False, error=none
  edge_add b=1 s=29: applied=1, nested=True, p=0.000000, flip=False, error=none
  edge_add b=3 s=29: applied=3, nested=True, p=0.000000, flip=False, error=none
  edge_add b=5 s=29: applied=5, nested=True, p=0.000000, flip=False, error=none
  edge_add b=1 s=42: applied=1, nested=True, p=0.000000, flip=False, error=none
  edge_add b=3 s=42: applied=3, nested=True, p=0.000000, flip=False, error=none
  edge_add b=5 s=42: applied=5, nested=True, p=0.000000, flip=False, error=none
  edge_add b=1 s=61: applied=1, nested=True, p=0.000000, flip=False, error=none
  edge_add b=3 s=61: applied=3, nested=True, p=0.000000, flip=False, error=none
  edge_add b=5 s=61: applied=5, nested=True, p=0.000000, flip=False, error=none
  edge_add b=1 s=73: applied=1, nested=True, p=0.000000, flip=False, error=none
  edge_add b=3 s=73: applied=3, nested=True, p=0.000000, flip=False, error=none
  edge_add b=5 s=73: applied=5, nested=True, p=0.000000, flip=False, error=none
  edge_add b=1 s=89: applied=1, nested=True, p=0.000000, flip=False, error=none
  edge_add b=3 s=89: applied=3, nested=True, p=0.000000, flip=False, error=none
  edge_add b=5 s=89: applied=5, nested=True, p=0.000000, flip=False, error=none
  edge_add b=1 s=101: applied=1, nested=True, p=0.000000, flip=False, error=none
  edge_add b=3 s=101: applied=3, nested=True, p=0.000000, flip=False, error=none
  edge_add b=5 s=101: applied=5, nested=True, p=0.000000, flip=False, error=none
  edge_add b=1 s=137: applied=1, nested=True, p=0.000000, flip=False, error=none
  edge_add b=3 s=137: applied=3, nested=True, p=0.000000, flip=False, error=none
  edge_add b=5 s=137: applied=5, nested=True, p=0.000000, flip=False, error=none
  edge_add b=1 s=2026: applied=1, nested=True, p=0.000000, flip=False, error=none
  edge_add b=3 s=2026: applied=3, nested=True, p=0.000000, flip=False, error=none
  edge_add b=5 s=2026: applied=5, nested=True, p=0.000000, flip=False, error=none
  edge_delete b=1 s=7: applied=1, nested=True, p=0.000000, flip=False, error=none
  edge_delete b=3 s=7: applied=3, nested=True, p=0.000000, flip=False, error=none
  edge_delete b=5 s=7: applied=5, nested=True, p=0.000000, flip=False, error=none
  edge_delete b=1 s=17: applied=1, nested=True, p=0.000000, flip=False, error=none
  edge_delete b=3 s=17: applied=3, nested=True, p=0.000000, flip=False, error=none
  edge_delete b=5 s=17: applied=5, nested=True, p=0.000000, flip=False, error=none
  edge_delete b=1 s=29: applied=1, nested=True, p=0.000000, flip=False, error=none
  edge_delete b=3 s=29: applied=3, nested=True, p=0.000000, flip=False, error=none
  edge_delete b=5 s=29: applied=5, nested=True, p=0.000000, flip=False, error=none
  edge_delete b=1 s=42: applied=1, nested=True, p=0.000000, flip=False, error=none
  edge_delete b=3 s=42: applied=3, nested=True, p=0.000000, flip=False, error=none
  edge_delete b=5 s=42: applied=5, nested=True, p=0.000000, flip=False, error=none
  edge_delete b=1 s=61: applied=1, nested=True, p=0.000000, flip=False, error=none
  edge_delete b=3 s=61: applied=3, nested=True, p=0.000000, flip=False, error=none
  edge_delete b=5 s=61: applied=5, nested=True, p=0.000000, flip=False, error=none
  edge_delete b=1 s=73: applied=1, nested=True, p=0.000000, flip=False, error=none
  edge_delete b=3 s=73: applied=3, nested=True, p=0.000000, flip=False, error=none
  edge_delete b=5 s=73: applied=5, nested=True, p=0.000000, flip=False, error=none
  edge_delete b=1 s=89: applied=1, nested=True, p=0.000000, flip=False, error=none
  edge_delete b=3 s=89: applied=3, nested=True, p=0.000000, flip=False, error=none
  edge_delete b=5 s=89: applied=5, nested=True, p=0.000000, flip=False, error=none
  edge_delete b=1 s=101: applied=1, nested=True, p=0.000000, flip=False, error=none
  edge_delete b=3 s=101: applied=3, nested=True, p=0.000000, flip=False, error=none
  edge_delete b=5 s=101: applied=5, nested=True, p=0.000000, flip=False, error=none
  edge_delete b=1 s=137: applied=1, nested=True, p=0.000000, flip=False, error=none
  edge_delete b=3 s=137: applied=3, nested=True, p=0.000000, flip=False, error=none
  edge_delete b=5 s=137: applied=5, nested=True, p=0.000000, flip=False, error=none
  edge_delete b=1 s=2026: applied=1, nested=True, p=0.000000, flip=False, error=none
  edge_delete b=3 s=2026: applied=3, nested=True, p=0.000000, flip=False, error=none
  edge_delete b=5 s=2026: applied=5, nested=True, p=0.000000, flip=False, error=none
  edge_reconnect b=1 s=7: applied=1, nested=True, p=0.000000, flip=False, error=none
  edge_reconnect b=3 s=7: applied=3, nested=True, p=0.000000, flip=False, error=none
  edge_reconnect b=5 s=7: applied=5, nested=True, p=0.000000, flip=False, error=none
  edge_reconnect b=1 s=17: applied=1, nested=True, p=0.000000, flip=False, error=none
  edge_reconnect b=3 s=17: applied=3, nested=True, p=0.000000, flip=False, error=none
  edge_reconnect b=5 s=17: applied=5, nested=True, p=0.000000, flip=False, error=none
  edge_reconnect b=1 s=29: applied=1, nested=True, p=0.000000, flip=False, error=none
  edge_reconnect b=3 s=29: applied=3, nested=True, p=0.000000, flip=False, error=none
  edge_reconnect b=5 s=29: applied=5, nested=True, p=0.000000, flip=False, error=none
  edge_reconnect b=1 s=42: applied=1, nested=True, p=0.000000, flip=False, error=none
  edge_reconnect b=3 s=42: applied=3, nested=True, p=0.000000, flip=False, error=none
  edge_reconnect b=5 s=42: applied=5, nested=True, p=0.000000, flip=False, error=none
  edge_reconnect b=1 s=61: applied=1, nested=True, p=0.000000, flip=False, error=none
  edge_reconnect b=3 s=61: applied=3, nested=True, p=0.000000, flip=False, error=none
  edge_reconnect b=5 s=61: applied=5, nested=True, p=0.000000, flip=False, error=none
  edge_reconnect b=1 s=73: applied=1, nested=True, p=0.000000, flip=False, error=none
  edge_reconnect b=3 s=73: applied=3, nested=True, p=0.000000, flip=False, error=none
  edge_reconnect b=5 s=73: applied=5, nested=True, p=0.000000, flip=False, error=none
  edge_reconnect b=1 s=89: applied=1, nested=True, p=0.000000, flip=False, error=none
  edge_reconnect b=3 s=89: applied=3, nested=True, p=0.000000, flip=False, error=none
  edge_reconnect b=5 s=89: applied=5, nested=True, p=0.000000, flip=False, error=none
  edge_reconnect b=1 s=101: applied=1, nested=True, p=0.000000, flip=False, error=none
  edge_reconnect b=3 s=101: applied=3, nested=True, p=0.000000, flip=False, error=none
  edge_reconnect b=5 s=101: applied=5, nested=True, p=0.000000, flip=False, error=none
  edge_reconnect b=1 s=137: applied=1, nested=True, p=0.000000, flip=False, error=none
  edge_reconnect b=3 s=137: applied=3, nested=True, p=0.000000, flip=False, error=none
  edge_reconnect b=5 s=137: applied=5, nested=True, p=0.000000, flip=False, error=none
  edge_reconnect b=1 s=2026: applied=1, nested=True, p=0.000000, flip=False, error=none
  edge_reconnect b=3 s=2026: applied=3, nested=True, p=0.000000, flip=False, error=none
  edge_reconnect b=5 s=2026: applied=5, nested=True, p=0.000000, flip=False, error=none
[20/60] cvefixes__20_vulnerable_irssi_ssl_handshake: baseline p=0.001399, label=0, PDG=30/43, XFG=7
  node_add b=1 s=7: applied=1, nested=True, p=0.000928, flip=False, error=none
  node_add b=3 s=7: applied=3, nested=True, p=0.000470, flip=False, error=none
  node_add b=5 s=7: applied=5, nested=True, p=0.000470, flip=False, error=none
  node_add b=1 s=17: applied=1, nested=True, p=0.000555, flip=False, error=none
  node_add b=3 s=17: applied=3, nested=True, p=0.103037, flip=False, error=none
  node_add b=5 s=17: applied=5, nested=True, p=0.069020, flip=False, error=none
  node_add b=1 s=29: applied=1, nested=True, p=0.001445, flip=False, error=none
  node_add b=3 s=29: applied=3, nested=True, p=0.001445, flip=False, error=none
  node_add b=5 s=29: applied=5, nested=True, p=0.000386, flip=False, error=none
  node_add b=1 s=42: applied=1, nested=True, p=0.000941, flip=False, error=none
  node_add b=3 s=42: applied=3, nested=True, p=0.000455, flip=False, error=none
  node_add b=5 s=42: applied=5, nested=True, p=0.000593, flip=False, error=none
  node_add b=1 s=61: applied=1, nested=True, p=0.001261, flip=False, error=none
  node_add b=3 s=61: applied=3, nested=True, p=0.000299, flip=False, error=none
  node_add b=5 s=61: applied=5, nested=True, p=0.000170, flip=False, error=none
  node_add b=1 s=73: applied=1, nested=True, p=0.008476, flip=False, error=none
  node_add b=3 s=73: applied=3, nested=True, p=0.068266, flip=False, error=none
  node_add b=5 s=73: applied=5, nested=True, p=0.073320, flip=False, error=none
  node_add b=1 s=89: applied=1, nested=True, p=0.001385, flip=False, error=none
  node_add b=3 s=89: applied=3, nested=True, p=0.000555, flip=False, error=none
  node_add b=5 s=89: applied=5, nested=True, p=0.004020, flip=False, error=none
  node_add b=1 s=101: applied=1, nested=True, p=0.000840, flip=False, error=none
  node_add b=3 s=101: applied=3, nested=True, p=0.372922, flip=False, error=none
  node_add b=5 s=101: applied=5, nested=True, p=0.372922, flip=False, error=none
  node_add b=1 s=137: applied=1, nested=True, p=0.001385, flip=False, error=none
  node_add b=3 s=137: applied=3, nested=True, p=0.000447, flip=False, error=none
  node_add b=5 s=137: applied=5, nested=True, p=0.127549, flip=False, error=none
  node_add b=1 s=2026: applied=1, nested=True, p=0.001399, flip=False, error=none
  node_add b=3 s=2026: applied=3, nested=True, p=0.000635, flip=False, error=none
  node_add b=5 s=2026: applied=5, nested=True, p=0.000383, flip=False, error=none
  node_delete b=1 s=7: applied=1, nested=True, p=0.000066, flip=False, error=none
  node_delete b=3 s=7: applied=3, nested=True, p=0.000012, flip=False, error=none
  node_delete b=5 s=7: applied=5, nested=True, p=0.000001, flip=False, error=none
  node_delete b=1 s=17: applied=1, nested=True, p=0.024312, flip=False, error=none
  node_delete b=3 s=17: applied=3, nested=True, p=0.178139, flip=False, error=none
  node_delete b=5 s=17: applied=5, nested=True, p=0.014875, flip=False, error=none
  node_delete b=1 s=29: applied=1, nested=True, p=0.000682, flip=False, error=none
  node_delete b=3 s=29: applied=3, nested=True, p=0.000311, flip=False, error=none
  node_delete b=5 s=29: applied=5, nested=True, p=0.000284, flip=False, error=none
  node_delete b=1 s=42: applied=1, nested=True, p=0.001399, flip=False, error=none
  node_delete b=3 s=42: applied=3, nested=True, p=0.005449, flip=False, error=none
  node_delete b=5 s=42: applied=5, nested=True, p=0.000594, flip=False, error=none
  node_delete b=1 s=61: applied=1, nested=True, p=0.000827, flip=False, error=none
  node_delete b=3 s=61: applied=3, nested=True, p=0.000380, flip=False, error=none
  node_delete b=5 s=61: applied=5, nested=True, p=0.000166, flip=False, error=none
  node_delete b=1 s=73: applied=1, nested=True, p=0.001205, flip=False, error=none
  node_delete b=3 s=73: applied=3, nested=True, p=0.000672, flip=False, error=none
  node_delete b=5 s=73: applied=5, nested=True, p=0.000298, flip=False, error=none
  node_delete b=1 s=89: applied=1, nested=True, p=0.001399, flip=False, error=none
  node_delete b=3 s=89: applied=3, nested=True, p=0.000236, flip=False, error=none
  node_delete b=5 s=89: applied=5, nested=True, p=0.007199, flip=False, error=none
  node_delete b=1 s=101: applied=1, nested=True, p=0.001245, flip=False, error=none
  node_delete b=3 s=101: applied=3, nested=True, p=0.000007, flip=False, error=none
  node_delete b=5 s=101: applied=5, nested=True, p=0.001053, flip=False, error=none
  node_delete b=1 s=137: applied=1, nested=True, p=0.001399, flip=False, error=none
  node_delete b=3 s=137: applied=3, nested=True, p=0.000003, flip=False, error=none
  node_delete b=5 s=137: applied=5, nested=True, p=0.000000, flip=False, error=none
  node_delete b=1 s=2026: applied=1, nested=True, p=0.000812, flip=False, error=none
  node_delete b=3 s=2026: applied=3, nested=True, p=0.000575, flip=False, error=none
  node_delete b=5 s=2026: applied=5, nested=True, p=0.000270, flip=False, error=none
  node_attribute_modify b=1 s=7: applied=1, nested=True, p=0.060092, flip=False, error=none
  node_attribute_modify b=3 s=7: applied=3, nested=True, p=0.073131, flip=False, error=none
  node_attribute_modify b=5 s=7: applied=5, nested=True, p=0.451026, flip=False, error=none
  node_attribute_modify b=1 s=17: applied=1, nested=True, p=0.060092, flip=False, error=none
  node_attribute_modify b=3 s=17: applied=3, nested=True, p=0.141727, flip=False, error=none
  node_attribute_modify b=5 s=17: applied=5, nested=True, p=0.544579, flip=True, error=none
  node_attribute_modify b=1 s=29: applied=1, nested=True, p=0.001399, flip=False, error=none
  node_attribute_modify b=3 s=29: applied=3, nested=True, p=0.004205, flip=False, error=none
  node_attribute_modify b=5 s=29: applied=5, nested=True, p=0.004205, flip=False, error=none
  node_attribute_modify b=1 s=42: applied=1, nested=True, p=0.001399, flip=False, error=none
  node_attribute_modify b=3 s=42: applied=3, nested=True, p=0.000049, flip=False, error=none
  node_attribute_modify b=5 s=42: applied=5, nested=True, p=0.000022, flip=False, error=none
  node_attribute_modify b=1 s=61: applied=1, nested=True, p=0.000496, flip=False, error=none
  node_attribute_modify b=3 s=61: applied=3, nested=True, p=0.000005, flip=False, error=none
  node_attribute_modify b=5 s=61: applied=5, nested=True, p=0.000000, flip=False, error=none
  node_attribute_modify b=1 s=73: applied=1, nested=True, p=0.000077, flip=False, error=none
  node_attribute_modify b=3 s=73: applied=3, nested=True, p=0.000007, flip=False, error=none
  node_attribute_modify b=5 s=73: applied=5, nested=True, p=0.000016, flip=False, error=none
  node_attribute_modify b=1 s=89: applied=1, nested=True, p=0.001399, flip=False, error=none
  node_attribute_modify b=3 s=89: applied=3, nested=True, p=0.001545, flip=False, error=none
  node_attribute_modify b=5 s=89: applied=5, nested=True, p=0.000445, flip=False, error=none
  node_attribute_modify b=1 s=101: applied=1, nested=True, p=0.001399, flip=False, error=none
  node_attribute_modify b=3 s=101: applied=3, nested=True, p=0.000005, flip=False, error=none
  node_attribute_modify b=5 s=101: applied=5, nested=True, p=0.000000, flip=False, error=none
  node_attribute_modify b=1 s=137: applied=1, nested=True, p=0.001399, flip=False, error=none
  node_attribute_modify b=3 s=137: applied=3, nested=True, p=0.000006, flip=False, error=none
  node_attribute_modify b=5 s=137: applied=5, nested=True, p=0.000164, flip=False, error=none
  node_attribute_modify b=1 s=2026: applied=1, nested=True, p=0.000959, flip=False, error=none
  node_attribute_modify b=3 s=2026: applied=3, nested=True, p=0.000178, flip=False, error=none
  node_attribute_modify b=5 s=2026: applied=5, nested=True, p=0.000022, flip=False, error=none
  edge_add b=1 s=7: applied=1, nested=True, p=0.009845, flip=False, error=none
  edge_add b=3 s=7: applied=3, nested=True, p=0.009466, flip=False, error=none
  edge_add b=5 s=7: applied=5, nested=True, p=0.002999, flip=False, error=none
  edge_add b=1 s=17: applied=1, nested=True, p=0.003400, flip=False, error=none
  edge_add b=3 s=17: applied=3, nested=True, p=0.005428, flip=False, error=none
  edge_add b=5 s=17: applied=5, nested=True, p=0.000051, flip=False, error=none
  edge_add b=1 s=29: applied=1, nested=True, p=0.001299, flip=False, error=none
  edge_add b=3 s=29: applied=3, nested=True, p=0.000254, flip=False, error=none
  edge_add b=5 s=29: applied=5, nested=True, p=0.009308, flip=False, error=none
  edge_add b=1 s=42: applied=1, nested=True, p=0.001399, flip=False, error=none
  edge_add b=3 s=42: applied=3, nested=True, p=0.000061, flip=False, error=none
  edge_add b=5 s=42: applied=5, nested=True, p=0.000037, flip=False, error=none
  edge_add b=1 s=61: applied=1, nested=True, p=0.001434, flip=False, error=none
  edge_add b=3 s=61: applied=3, nested=True, p=0.000273, flip=False, error=none
  edge_add b=5 s=61: applied=5, nested=True, p=0.003749, flip=False, error=none
  edge_add b=1 s=73: applied=1, nested=True, p=0.000366, flip=False, error=none
  edge_add b=3 s=73: applied=3, nested=True, p=0.000022, flip=False, error=none
  edge_add b=5 s=73: applied=5, nested=True, p=0.000005, flip=False, error=none
  edge_add b=1 s=89: applied=1, nested=True, p=0.001399, flip=False, error=none
  edge_add b=3 s=89: applied=3, nested=True, p=0.001493, flip=False, error=none
  edge_add b=5 s=89: applied=5, nested=True, p=0.001458, flip=False, error=none
  edge_add b=1 s=101: applied=1, nested=True, p=0.000373, flip=False, error=none
  edge_add b=3 s=101: applied=3, nested=True, p=0.000057, flip=False, error=none
  edge_add b=5 s=101: applied=5, nested=True, p=0.000165, flip=False, error=none
  edge_add b=1 s=137: applied=1, nested=True, p=0.001399, flip=False, error=none
  edge_add b=3 s=137: applied=3, nested=True, p=0.000883, flip=False, error=none
  edge_add b=5 s=137: applied=5, nested=True, p=0.000338, flip=False, error=none
  edge_add b=1 s=2026: applied=1, nested=True, p=0.000960, flip=False, error=none
  edge_add b=3 s=2026: applied=3, nested=True, p=0.000196, flip=False, error=none
  edge_add b=5 s=2026: applied=5, nested=True, p=0.000530, flip=False, error=none
  edge_delete b=1 s=7: applied=1, nested=True, p=0.001245, flip=False, error=none
  edge_delete b=3 s=7: applied=3, nested=True, p=0.001091, flip=False, error=none
  edge_delete b=5 s=7: applied=5, nested=True, p=0.000575, flip=False, error=none
  edge_delete b=1 s=17: applied=1, nested=True, p=0.006844, flip=False, error=none
  edge_delete b=3 s=17: applied=3, nested=True, p=0.024839, flip=False, error=none
  edge_delete b=5 s=17: applied=5, nested=True, p=0.021328, flip=False, error=none
  edge_delete b=1 s=29: applied=1, nested=True, p=0.009451, flip=False, error=none
  edge_delete b=3 s=29: applied=3, nested=True, p=0.000001, flip=False, error=none
  edge_delete b=5 s=29: applied=5, nested=True, p=0.000000, flip=False, error=none
  edge_delete b=1 s=42: applied=1, nested=True, p=0.001175, flip=False, error=none
  edge_delete b=3 s=42: applied=3, nested=True, p=0.000677, flip=False, error=none
  edge_delete b=5 s=42: applied=5, nested=True, p=0.000283, flip=False, error=none
  edge_delete b=1 s=61: applied=1, nested=True, p=0.001337, flip=False, error=none
  edge_delete b=3 s=61: applied=3, nested=True, p=0.013583, flip=False, error=none
  edge_delete b=5 s=61: applied=5, nested=True, p=0.006290, flip=False, error=none
  edge_delete b=1 s=73: applied=1, nested=True, p=0.000827, flip=False, error=none
  edge_delete b=3 s=73: applied=3, nested=True, p=0.000380, flip=False, error=none
  edge_delete b=5 s=73: applied=5, nested=True, p=0.544974, flip=True, error=none
  edge_delete b=1 s=89: applied=1, nested=True, p=0.000812, flip=False, error=none
  edge_delete b=3 s=89: applied=3, nested=True, p=0.000224, flip=False, error=none
  edge_delete b=5 s=89: applied=5, nested=True, p=0.000169, flip=False, error=none
  edge_delete b=1 s=101: applied=1, nested=True, p=0.002063, flip=False, error=none
  edge_delete b=3 s=101: applied=3, nested=True, p=0.058464, flip=False, error=none
  edge_delete b=5 s=101: applied=5, nested=True, p=0.051242, flip=False, error=none
  edge_delete b=1 s=137: applied=1, nested=True, p=0.000016, flip=False, error=none
  edge_delete b=3 s=137: applied=3, nested=True, p=0.000218, flip=False, error=none
  edge_delete b=5 s=137: applied=5, nested=True, p=0.000811, flip=False, error=none
  edge_delete b=1 s=2026: applied=1, nested=True, p=0.000812, flip=False, error=none
  edge_delete b=3 s=2026: applied=3, nested=True, p=0.000812, flip=False, error=none
  edge_delete b=5 s=2026: applied=5, nested=True, p=0.005492, flip=False, error=none
  edge_reconnect b=1 s=7: applied=1, nested=True, p=0.001436, flip=False, error=none
  edge_reconnect b=3 s=7: applied=3, nested=True, p=0.000025, flip=False, error=none
  edge_reconnect b=5 s=7: applied=5, nested=True, p=0.000026, flip=False, error=none
  edge_reconnect b=1 s=17: applied=1, nested=True, p=0.000269, flip=False, error=none
  edge_reconnect b=3 s=17: applied=3, nested=True, p=0.000119, flip=False, error=none
  edge_reconnect b=5 s=17: applied=5, nested=True, p=0.000124, flip=False, error=none
  edge_reconnect b=1 s=29: applied=1, nested=True, p=0.000206, flip=False, error=none
  edge_reconnect b=3 s=29: applied=3, nested=True, p=0.000045, flip=False, error=none
  edge_reconnect b=5 s=29: applied=5, nested=True, p=0.000106, flip=False, error=none
  edge_reconnect b=1 s=42: applied=1, nested=True, p=0.001862, flip=False, error=none
  edge_reconnect b=3 s=42: applied=3, nested=True, p=0.000005, flip=False, error=none
  edge_reconnect b=5 s=42: applied=5, nested=True, p=0.000009, flip=False, error=none
  edge_reconnect b=1 s=61: applied=1, nested=True, p=0.001399, flip=False, error=none
  edge_reconnect b=3 s=61: applied=3, nested=True, p=0.000283, flip=False, error=none
  edge_reconnect b=5 s=61: applied=5, nested=True, p=0.000014, flip=False, error=none
  edge_reconnect b=1 s=73: applied=1, nested=True, p=0.000009, flip=False, error=none
  edge_reconnect b=3 s=73: applied=3, nested=True, p=0.000007, flip=False, error=none
  edge_reconnect b=5 s=73: applied=5, nested=True, p=0.000007, flip=False, error=none
  edge_reconnect b=1 s=89: applied=1, nested=True, p=0.000976, flip=False, error=none
  edge_reconnect b=3 s=89: applied=3, nested=True, p=0.018389, flip=False, error=none
  edge_reconnect b=5 s=89: applied=5, nested=True, p=0.017875, flip=False, error=none
  edge_reconnect b=1 s=101: applied=1, nested=True, p=0.001402, flip=False, error=none
  edge_reconnect b=3 s=101: applied=3, nested=True, p=0.001402, flip=False, error=none
  edge_reconnect b=5 s=101: applied=5, nested=True, p=0.012803, flip=False, error=none
  edge_reconnect b=1 s=137: applied=1, nested=True, p=0.001163, flip=False, error=none
  edge_reconnect b=3 s=137: applied=3, nested=True, p=0.001946, flip=False, error=none
  edge_reconnect b=5 s=137: applied=5, nested=True, p=0.000106, flip=False, error=none
  edge_reconnect b=1 s=2026: applied=1, nested=True, p=0.000014, flip=False, error=none
  edge_reconnect b=3 s=2026: applied=3, nested=True, p=0.000049, flip=False, error=none
  edge_reconnect b=5 s=2026: applied=5, nested=True, p=0.000208, flip=False, error=none
[21/60] cwe119__01_vulnerable_03_vulnerable_30: baseline p=1.000000, label=1, PDG=43/70, XFG=40
  node_add b=1 s=7: applied=1, nested=True, p=1.000000, flip=False, error=none
  node_add b=3 s=7: applied=3, nested=True, p=1.000000, flip=False, error=none
  node_add b=5 s=7: applied=5, nested=True, p=1.000000, flip=False, error=none
  node_add b=1 s=17: applied=1, nested=True, p=1.000000, flip=False, error=none
  node_add b=3 s=17: applied=3, nested=True, p=1.000000, flip=False, error=none
  node_add b=5 s=17: applied=5, nested=True, p=1.000000, flip=False, error=none
  node_add b=1 s=29: applied=1, nested=True, p=1.000000, flip=False, error=none
  node_add b=3 s=29: applied=3, nested=True, p=1.000000, flip=False, error=none
  node_add b=5 s=29: applied=5, nested=True, p=1.000000, flip=False, error=none
  node_add b=1 s=42: applied=1, nested=True, p=1.000000, flip=False, error=none
  node_add b=3 s=42: applied=3, nested=True, p=1.000000, flip=False, error=none
  node_add b=5 s=42: applied=5, nested=True, p=1.000000, flip=False, error=none
  node_add b=1 s=61: applied=1, nested=True, p=1.000000, flip=False, error=none
  node_add b=3 s=61: applied=3, nested=True, p=1.000000, flip=False, error=none
  node_add b=5 s=61: applied=5, nested=True, p=1.000000, flip=False, error=none
  node_add b=1 s=73: applied=1, nested=True, p=1.000000, flip=False, error=none
  node_add b=3 s=73: applied=3, nested=True, p=1.000000, flip=False, error=none
  node_add b=5 s=73: applied=5, nested=True, p=1.000000, flip=False, error=none
  node_add b=1 s=89: applied=1, nested=True, p=1.000000, flip=False, error=none
  node_add b=3 s=89: applied=3, nested=True, p=1.000000, flip=False, error=none
  node_add b=5 s=89: applied=5, nested=True, p=1.000000, flip=False, error=none
  node_add b=1 s=101: applied=1, nested=True, p=1.000000, flip=False, error=none
  node_add b=3 s=101: applied=3, nested=True, p=1.000000, flip=False, error=none
  node_add b=5 s=101: applied=5, nested=True, p=1.000000, flip=False, error=none
  node_add b=1 s=137: applied=1, nested=True, p=1.000000, flip=False, error=none
  node_add b=3 s=137: applied=3, nested=True, p=1.000000, flip=False, error=none
  node_add b=5 s=137: applied=5, nested=True, p=1.000000, flip=False, error=none
  node_add b=1 s=2026: applied=1, nested=True, p=1.000000, flip=False, error=none
  node_add b=3 s=2026: applied=3, nested=True, p=1.000000, flip=False, error=none
  node_add b=5 s=2026: applied=5, nested=True, p=1.000000, flip=False, error=none
  node_delete b=1 s=7: applied=1, nested=True, p=1.000000, flip=False, error=none
  node_delete b=3 s=7: applied=3, nested=True, p=1.000000, flip=False, error=none
  node_delete b=5 s=7: applied=5, nested=True, p=1.000000, flip=False, error=none
  node_delete b=1 s=17: applied=1, nested=True, p=1.000000, flip=False, error=none
  node_delete b=3 s=17: applied=3, nested=True, p=1.000000, flip=False, error=none
  node_delete b=5 s=17: applied=5, nested=True, p=1.000000, flip=False, error=none
  node_delete b=1 s=29: applied=1, nested=True, p=1.000000, flip=False, error=none
  node_delete b=3 s=29: applied=3, nested=True, p=1.000000, flip=False, error=none
  node_delete b=5 s=29: applied=5, nested=True, p=1.000000, flip=False, error=none
  node_delete b=1 s=42: applied=1, nested=True, p=1.000000, flip=False, error=none
  node_delete b=3 s=42: applied=3, nested=True, p=1.000000, flip=False, error=none
  node_delete b=5 s=42: applied=5, nested=True, p=1.000000, flip=False, error=none
  node_delete b=1 s=61: applied=1, nested=True, p=1.000000, flip=False, error=none
  node_delete b=3 s=61: applied=3, nested=True, p=1.000000, flip=False, error=none
  node_delete b=5 s=61: applied=5, nested=True, p=1.000000, flip=False, error=none
  node_delete b=1 s=73: applied=1, nested=True, p=1.000000, flip=False, error=none
  node_delete b=3 s=73: applied=3, nested=True, p=1.000000, flip=False, error=none
  node_delete b=5 s=73: applied=5, nested=True, p=1.000000, flip=False, error=none
  node_delete b=1 s=89: applied=1, nested=True, p=1.000000, flip=False, error=none
  node_delete b=3 s=89: applied=3, nested=True, p=1.000000, flip=False, error=none
  node_delete b=5 s=89: applied=5, nested=True, p=1.000000, flip=False, error=none
  node_delete b=1 s=101: applied=1, nested=True, p=1.000000, flip=False, error=none
  node_delete b=3 s=101: applied=3, nested=True, p=1.000000, flip=False, error=none
  node_delete b=5 s=101: applied=5, nested=True, p=1.000000, flip=False, error=none
  node_delete b=1 s=137: applied=1, nested=True, p=1.000000, flip=False, error=none
  node_delete b=3 s=137: applied=3, nested=True, p=1.000000, flip=False, error=none
  node_delete b=5 s=137: applied=5, nested=True, p=1.000000, flip=False, error=none
  node_delete b=1 s=2026: applied=1, nested=True, p=1.000000, flip=False, error=none
  node_delete b=3 s=2026: applied=3, nested=True, p=1.000000, flip=False, error=none
  node_delete b=5 s=2026: applied=5, nested=True, p=1.000000, flip=False, error=none
  node_attribute_modify b=1 s=7: applied=1, nested=True, p=1.000000, flip=False, error=none
  node_attribute_modify b=3 s=7: applied=3, nested=True, p=1.000000, flip=False, error=none
  node_attribute_modify b=5 s=7: applied=5, nested=True, p=1.000000, flip=False, error=none
  node_attribute_modify b=1 s=17: applied=1, nested=True, p=1.000000, flip=False, error=none
  node_attribute_modify b=3 s=17: applied=3, nested=True, p=1.000000, flip=False, error=none
  node_attribute_modify b=5 s=17: applied=5, nested=True, p=1.000000, flip=False, error=none
  node_attribute_modify b=1 s=29: applied=1, nested=True, p=1.000000, flip=False, error=none
  node_attribute_modify b=3 s=29: applied=3, nested=True, p=1.000000, flip=False, error=none
  node_attribute_modify b=5 s=29: applied=5, nested=True, p=1.000000, flip=False, error=none
  node_attribute_modify b=1 s=42: applied=1, nested=True, p=1.000000, flip=False, error=none
  node_attribute_modify b=3 s=42: applied=3, nested=True, p=1.000000, flip=False, error=none
  node_attribute_modify b=5 s=42: applied=5, nested=True, p=1.000000, flip=False, error=none
  node_attribute_modify b=1 s=61: applied=1, nested=True, p=1.000000, flip=False, error=none
  node_attribute_modify b=3 s=61: applied=3, nested=True, p=1.000000, flip=False, error=none
  node_attribute_modify b=5 s=61: applied=5, nested=True, p=1.000000, flip=False, error=none
  node_attribute_modify b=1 s=73: applied=1, nested=True, p=1.000000, flip=False, error=none
  node_attribute_modify b=3 s=73: applied=3, nested=True, p=1.000000, flip=False, error=none
  node_attribute_modify b=5 s=73: applied=5, nested=True, p=1.000000, flip=False, error=none
  node_attribute_modify b=1 s=89: applied=1, nested=True, p=1.000000, flip=False, error=none
  node_attribute_modify b=3 s=89: applied=3, nested=True, p=1.000000, flip=False, error=none
  node_attribute_modify b=5 s=89: applied=5, nested=True, p=1.000000, flip=False, error=none
  node_attribute_modify b=1 s=101: applied=1, nested=True, p=1.000000, flip=False, error=none
  node_attribute_modify b=3 s=101: applied=3, nested=True, p=1.000000, flip=False, error=none
  node_attribute_modify b=5 s=101: applied=5, nested=True, p=1.000000, flip=False, error=none
  node_attribute_modify b=1 s=137: applied=1, nested=True, p=1.000000, flip=False, error=none
  node_attribute_modify b=3 s=137: applied=3, nested=True, p=1.000000, flip=False, error=none
  node_attribute_modify b=5 s=137: applied=5, nested=True, p=1.000000, flip=False, error=none
  node_attribute_modify b=1 s=2026: applied=1, nested=True, p=1.000000, flip=False, error=none
  node_attribute_modify b=3 s=2026: applied=3, nested=True, p=1.000000, flip=False, error=none
  node_attribute_modify b=5 s=2026: applied=5, nested=True, p=1.000000, flip=False, error=none
  edge_add b=1 s=7: applied=1, nested=True, p=1.000000, flip=False, error=none
  edge_add b=3 s=7: applied=3, nested=True, p=0.999998, flip=False, error=none
  edge_add b=5 s=7: applied=5, nested=True, p=0.999999, flip=False, error=none
  edge_add b=1 s=17: applied=1, nested=True, p=1.000000, flip=False, error=none
  edge_add b=3 s=17: applied=3, nested=True, p=1.000000, flip=False, error=none
  edge_add b=5 s=17: applied=5, nested=True, p=1.000000, flip=False, error=none
  edge_add b=1 s=29: applied=1, nested=True, p=1.000000, flip=False, error=none
  edge_add b=3 s=29: applied=3, nested=True, p=1.000000, flip=False, error=none
  edge_add b=5 s=29: applied=5, nested=True, p=1.000000, flip=False, error=none
  edge_add b=1 s=42: applied=1, nested=True, p=1.000000, flip=False, error=none
  edge_add b=3 s=42: applied=3, nested=True, p=1.000000, flip=False, error=none
  edge_add b=5 s=42: applied=5, nested=True, p=1.000000, flip=False, error=none
  edge_add b=1 s=61: applied=1, nested=True, p=1.000000, flip=False, error=none
  edge_add b=3 s=61: applied=3, nested=True, p=1.000000, flip=False, error=none
  edge_add b=5 s=61: applied=5, nested=True, p=1.000000, flip=False, error=none
  edge_add b=1 s=73: applied=1, nested=True, p=1.000000, flip=False, error=none
  edge_add b=3 s=73: applied=3, nested=True, p=1.000000, flip=False, error=none
  edge_add b=5 s=73: applied=5, nested=True, p=1.000000, flip=False, error=none
  edge_add b=1 s=89: applied=1, nested=True, p=1.000000, flip=False, error=none
  edge_add b=3 s=89: applied=3, nested=True, p=1.000000, flip=False, error=none
  edge_add b=5 s=89: applied=5, nested=True, p=1.000000, flip=False, error=none
  edge_add b=1 s=101: applied=1, nested=True, p=1.000000, flip=False, error=none
  edge_add b=3 s=101: applied=3, nested=True, p=1.000000, flip=False, error=none
  edge_add b=5 s=101: applied=5, nested=True, p=1.000000, flip=False, error=none
  edge_add b=1 s=137: applied=1, nested=True, p=1.000000, flip=False, error=none
  edge_add b=3 s=137: applied=3, nested=True, p=1.000000, flip=False, error=none
  edge_add b=5 s=137: applied=5, nested=True, p=1.000000, flip=False, error=none
  edge_add b=1 s=2026: applied=1, nested=True, p=1.000000, flip=False, error=none
  edge_add b=3 s=2026: applied=3, nested=True, p=1.000000, flip=False, error=none
  edge_add b=5 s=2026: applied=5, nested=True, p=1.000000, flip=False, error=none
  edge_delete b=1 s=7: applied=1, nested=True, p=1.000000, flip=False, error=none
  edge_delete b=3 s=7: applied=3, nested=True, p=1.000000, flip=False, error=none
  edge_delete b=5 s=7: applied=5, nested=True, p=0.568696, flip=False, error=none
  edge_delete b=1 s=17: applied=1, nested=True, p=1.000000, flip=False, error=none
  edge_delete b=3 s=17: applied=3, nested=True, p=1.000000, flip=False, error=none
  edge_delete b=5 s=17: applied=5, nested=True, p=1.000000, flip=False, error=none
  edge_delete b=1 s=29: applied=1, nested=True, p=1.000000, flip=False, error=none
  edge_delete b=3 s=29: applied=3, nested=True, p=1.000000, flip=False, error=none
  edge_delete b=5 s=29: applied=5, nested=True, p=1.000000, flip=False, error=none
  edge_delete b=1 s=42: applied=1, nested=True, p=1.000000, flip=False, error=none
  edge_delete b=3 s=42: applied=3, nested=True, p=1.000000, flip=False, error=none
  edge_delete b=5 s=42: applied=5, nested=True, p=1.000000, flip=False, error=none
  edge_delete b=1 s=61: applied=1, nested=True, p=1.000000, flip=False, error=none
  edge_delete b=3 s=61: applied=3, nested=True, p=1.000000, flip=False, error=none
  edge_delete b=5 s=61: applied=5, nested=True, p=1.000000, flip=False, error=none
  edge_delete b=1 s=73: applied=1, nested=True, p=1.000000, flip=False, error=none
  edge_delete b=3 s=73: applied=3, nested=True, p=1.000000, flip=False, error=none
  edge_delete b=5 s=73: applied=5, nested=True, p=1.000000, flip=False, error=none
  edge_delete b=1 s=89: applied=1, nested=True, p=0.568696, flip=False, error=none
  edge_delete b=3 s=89: applied=3, nested=True, p=0.568696, flip=False, error=none
  edge_delete b=5 s=89: applied=5, nested=True, p=0.568696, flip=False, error=none
  edge_delete b=1 s=101: applied=1, nested=True, p=1.000000, flip=False, error=none
  edge_delete b=3 s=101: applied=3, nested=True, p=1.000000, flip=False, error=none
  edge_delete b=5 s=101: applied=5, nested=True, p=1.000000, flip=False, error=none
  edge_delete b=1 s=137: applied=1, nested=True, p=1.000000, flip=False, error=none
  edge_delete b=3 s=137: applied=3, nested=True, p=1.000000, flip=False, error=none
  edge_delete b=5 s=137: applied=5, nested=True, p=1.000000, flip=False, error=none
  edge_delete b=1 s=2026: applied=1, nested=True, p=1.000000, flip=False, error=none
  edge_delete b=3 s=2026: applied=3, nested=True, p=1.000000, flip=False, error=none
  edge_delete b=5 s=2026: applied=5, nested=True, p=1.000000, flip=False, error=none
  edge_reconnect b=1 s=7: applied=1, nested=True, p=1.000000, flip=False, error=none
  edge_reconnect b=3 s=7: applied=3, nested=True, p=1.000000, flip=False, error=none
  edge_reconnect b=5 s=7: applied=5, nested=True, p=1.000000, flip=False, error=none
  edge_reconnect b=1 s=17: applied=1, nested=True, p=1.000000, flip=False, error=none
  edge_reconnect b=3 s=17: applied=3, nested=True, p=1.000000, flip=False, error=none
  edge_reconnect b=5 s=17: applied=5, nested=True, p=1.000000, flip=False, error=none
  edge_reconnect b=1 s=29: applied=1, nested=True, p=1.000000, flip=False, error=none
  edge_reconnect b=3 s=29: applied=3, nested=True, p=1.000000, flip=False, error=none
  edge_reconnect b=5 s=29: applied=5, nested=True, p=1.000000, flip=False, error=none
  edge_reconnect b=1 s=42: applied=1, nested=True, p=1.000000, flip=False, error=none
  edge_reconnect b=3 s=42: applied=3, nested=True, p=1.000000, flip=False, error=none
  edge_reconnect b=5 s=42: applied=5, nested=True, p=1.000000, flip=False, error=none
  edge_reconnect b=1 s=61: applied=1, nested=True, p=1.000000, flip=False, error=none
  edge_reconnect b=3 s=61: applied=3, nested=True, p=1.000000, flip=False, error=none
  edge_reconnect b=5 s=61: applied=5, nested=True, p=1.000000, flip=False, error=none
  edge_reconnect b=1 s=73: applied=1, nested=True, p=1.000000, flip=False, error=none
  edge_reconnect b=3 s=73: applied=3, nested=True, p=1.000000, flip=False, error=none
  edge_reconnect b=5 s=73: applied=5, nested=True, p=1.000000, flip=False, error=none
  edge_reconnect b=1 s=89: applied=1, nested=True, p=1.000000, flip=False, error=none
  edge_reconnect b=3 s=89: applied=3, nested=True, p=1.000000, flip=False, error=none
  edge_reconnect b=5 s=89: applied=5, nested=True, p=1.000000, flip=False, error=none
  edge_reconnect b=1 s=101: applied=1, nested=True, p=1.000000, flip=False, error=none
  edge_reconnect b=3 s=101: applied=3, nested=True, p=1.000000, flip=False, error=none
  edge_reconnect b=5 s=101: applied=5, nested=True, p=1.000000, flip=False, error=none
  edge_reconnect b=1 s=137: applied=1, nested=True, p=1.000000, flip=False, error=none
  edge_reconnect b=3 s=137: applied=3, nested=True, p=1.000000, flip=False, error=none
  edge_reconnect b=5 s=137: applied=5, nested=True, p=1.000000, flip=False, error=none
  edge_reconnect b=1 s=2026: applied=1, nested=True, p=1.000000, flip=False, error=none
  edge_reconnect b=3 s=2026: applied=3, nested=True, p=1.000000, flip=False, error=none
  edge_reconnect b=5 s=2026: applied=5, nested=True, p=1.000000, flip=False, error=none
[22/60] cwe119__02_vulnerable_04_vulnerable_55: baseline p=0.997989, label=1, PDG=6/6, XFG=4
  node_add b=1 s=7: applied=1, nested=True, p=0.984259, flip=False, error=none
  node_add b=3 s=7: applied=3, nested=True, p=0.397640, flip=True, error=none
  node_add b=5 s=7: applied=5, nested=True, p=0.397641, flip=True, error=none
  node_add b=1 s=17: applied=1, nested=True, p=0.997989, flip=False, error=none
  node_add b=3 s=17: applied=3, nested=True, p=0.999475, flip=False, error=none
  node_add b=5 s=17: applied=5, nested=True, p=0.999475, flip=False, error=none
  node_add b=1 s=29: applied=1, nested=True, p=0.997989, flip=False, error=none
  node_add b=3 s=29: applied=3, nested=True, p=0.998546, flip=False, error=none
  node_add b=5 s=29: applied=5, nested=True, p=0.998297, flip=False, error=none
  node_add b=1 s=42: applied=1, nested=True, p=0.997989, flip=False, error=none
  node_add b=3 s=42: applied=3, nested=True, p=0.997989, flip=False, error=none
  node_add b=5 s=42: applied=5, nested=True, p=0.997989, flip=False, error=none
  node_add b=1 s=61: applied=1, nested=True, p=0.999475, flip=False, error=none
  node_add b=3 s=61: applied=3, nested=True, p=0.997989, flip=False, error=none
  node_add b=5 s=61: applied=5, nested=True, p=0.997989, flip=False, error=none
  node_add b=1 s=73: applied=1, nested=True, p=0.984259, flip=False, error=none
  node_add b=3 s=73: applied=3, nested=True, p=0.961466, flip=False, error=none
  node_add b=5 s=73: applied=5, nested=True, p=0.771201, flip=False, error=none
  node_add b=1 s=89: applied=1, nested=True, p=0.998546, flip=False, error=none
  node_add b=3 s=89: applied=3, nested=True, p=0.997989, flip=False, error=none
  node_add b=5 s=89: applied=5, nested=True, p=0.961466, flip=False, error=none
  node_add b=1 s=101: applied=1, nested=True, p=0.997989, flip=False, error=none
  node_add b=3 s=101: applied=3, nested=True, p=0.999475, flip=False, error=none
  node_add b=5 s=101: applied=5, nested=True, p=0.998924, flip=False, error=none
  node_add b=1 s=137: applied=1, nested=True, p=0.998546, flip=False, error=none
  node_add b=3 s=137: applied=3, nested=True, p=0.997989, flip=False, error=none
  node_add b=5 s=137: applied=5, nested=True, p=0.997989, flip=False, error=none
  node_add b=1 s=2026: applied=1, nested=True, p=0.998546, flip=False, error=none
  node_add b=3 s=2026: applied=3, nested=True, p=0.993838, flip=False, error=none
  node_add b=5 s=2026: applied=5, nested=True, p=0.991328, flip=False, error=none
  node_delete b=1 s=7: applied=1, nested=True, p=0.989634, flip=False, error=none
  node_delete b=3 s=7: applied=3, nested=True, p=0.914994, flip=False, error=none
  node_delete b=5 s=7: applied=4, nested=True, p=0.914994, flip=False, error=none
  node_delete b=1 s=17: applied=1, nested=True, p=0.999057, flip=False, error=none
  node_delete b=3 s=17: applied=3, nested=True, p=0.914994, flip=False, error=none
  node_delete b=5 s=17: applied=4, nested=True, p=0.914994, flip=False, error=none
  node_delete b=1 s=29: applied=1, nested=True, p=0.997989, flip=False, error=none
  node_delete b=3 s=29: applied=3, nested=True, p=0.914994, flip=False, error=none
  node_delete b=5 s=29: applied=4, nested=True, p=0.914994, flip=False, error=none
  node_delete b=1 s=42: applied=1, nested=True, p=0.997989, flip=False, error=none
  node_delete b=3 s=42: applied=3, nested=True, p=0.999057, flip=False, error=none
  node_delete b=5 s=42: applied=4, nested=True, p=0.914994, flip=False, error=none
  node_delete b=1 s=61: applied=1, nested=True, p=0.999057, flip=False, error=none
  node_delete b=3 s=61: applied=3, nested=True, p=0.999057, flip=False, error=none
  node_delete b=5 s=61: applied=4, nested=True, p=0.914994, flip=False, error=none
  node_delete b=1 s=73: applied=1, nested=True, p=0.989634, flip=False, error=none
  node_delete b=3 s=73: applied=3, nested=True, p=0.914994, flip=False, error=none
  node_delete b=5 s=73: applied=4, nested=True, p=0.914994, flip=False, error=none
  node_delete b=1 s=89: applied=1, nested=True, p=0.997989, flip=False, error=none
  node_delete b=3 s=89: applied=3, nested=True, p=0.914994, flip=False, error=none
  node_delete b=5 s=89: applied=4, nested=True, p=0.914994, flip=False, error=none
  node_delete b=1 s=101: applied=1, nested=True, p=0.997989, flip=False, error=none
  node_delete b=3 s=101: applied=3, nested=True, p=0.914994, flip=False, error=none
  node_delete b=5 s=101: applied=4, nested=True, p=0.914994, flip=False, error=none
  node_delete b=1 s=137: applied=1, nested=True, p=0.997989, flip=False, error=none
  node_delete b=3 s=137: applied=3, nested=True, p=0.999057, flip=False, error=none
  node_delete b=5 s=137: applied=4, nested=True, p=0.914994, flip=False, error=none
  node_delete b=1 s=2026: applied=1, nested=True, p=0.997989, flip=False, error=none
  node_delete b=3 s=2026: applied=3, nested=True, p=0.989634, flip=False, error=none
  node_delete b=5 s=2026: applied=4, nested=True, p=0.914994, flip=False, error=none
  node_attribute_modify b=1 s=7: applied=1, nested=True, p=0.977762, flip=False, error=none
  node_attribute_modify b=3 s=7: applied=3, nested=True, p=0.994379, flip=False, error=none
  node_attribute_modify b=5 s=7: applied=5, nested=True, p=0.995005, flip=False, error=none
  node_attribute_modify b=1 s=17: applied=1, nested=True, p=0.996243, flip=False, error=none
  node_attribute_modify b=3 s=17: applied=3, nested=True, p=0.942102, flip=False, error=none
  node_attribute_modify b=5 s=17: applied=5, nested=True, p=0.000623, flip=True, error=none
  node_attribute_modify b=1 s=29: applied=1, nested=True, p=0.971766, flip=False, error=none
  node_attribute_modify b=3 s=29: applied=3, nested=True, p=0.942102, flip=False, error=none
  node_attribute_modify b=5 s=29: applied=5, nested=True, p=0.942102, flip=False, error=none
  node_attribute_modify b=1 s=42: applied=1, nested=True, p=0.997989, flip=False, error=none
  node_attribute_modify b=3 s=42: applied=3, nested=True, p=0.997989, flip=False, error=none
  node_attribute_modify b=5 s=42: applied=5, nested=True, p=0.997989, flip=False, error=none
  node_attribute_modify b=1 s=61: applied=1, nested=True, p=0.997922, flip=False, error=none
  node_attribute_modify b=3 s=61: applied=3, nested=True, p=0.997922, flip=False, error=none
  node_attribute_modify b=5 s=61: applied=5, nested=True, p=0.103540, flip=True, error=none
  node_attribute_modify b=1 s=73: applied=1, nested=True, p=0.997989, flip=False, error=none
  node_attribute_modify b=3 s=73: applied=3, nested=True, p=0.994379, flip=False, error=none
  node_attribute_modify b=5 s=73: applied=5, nested=True, p=0.998332, flip=False, error=none
  node_attribute_modify b=1 s=89: applied=1, nested=True, p=0.997989, flip=False, error=none
  node_attribute_modify b=3 s=89: applied=3, nested=True, p=0.977762, flip=False, error=none
  node_attribute_modify b=5 s=89: applied=5, nested=True, p=0.989535, flip=False, error=none
  node_attribute_modify b=1 s=101: applied=1, nested=True, p=0.996243, flip=False, error=none
  node_attribute_modify b=3 s=101: applied=3, nested=True, p=0.998332, flip=False, error=none
  node_attribute_modify b=5 s=101: applied=5, nested=True, p=0.026536, flip=True, error=none
  node_attribute_modify b=1 s=137: applied=1, nested=True, p=0.997989, flip=False, error=none
  node_attribute_modify b=3 s=137: applied=3, nested=True, p=0.995575, flip=False, error=none
  node_attribute_modify b=5 s=137: applied=5, nested=True, p=0.995005, flip=False, error=none
  node_attribute_modify b=1 s=2026: applied=1, nested=True, p=0.997989, flip=False, error=none
  node_attribute_modify b=3 s=2026: applied=3, nested=True, p=0.000937, flip=True, error=none
  node_attribute_modify b=5 s=2026: applied=5, nested=True, p=0.010471, flip=True, error=none
  edge_add b=1 s=7: applied=1, nested=True, p=0.927709, flip=False, error=none
  edge_add b=3 s=7: applied=3, nested=True, p=0.905868, flip=False, error=none
  edge_add b=5 s=7: applied=5, nested=True, p=0.887442, flip=False, error=none
  edge_add b=1 s=17: applied=1, nested=True, p=0.995751, flip=False, error=none
  edge_add b=3 s=17: applied=3, nested=True, p=0.969202, flip=False, error=none
  edge_add b=5 s=17: applied=5, nested=True, p=0.772448, flip=False, error=none
  edge_add b=1 s=29: applied=1, nested=True, p=0.997989, flip=False, error=none
  edge_add b=3 s=29: applied=3, nested=True, p=0.998604, flip=False, error=none
  edge_add b=5 s=29: applied=5, nested=True, p=0.997287, flip=False, error=none
  edge_add b=1 s=42: applied=1, nested=True, p=0.997973, flip=False, error=none
  edge_add b=3 s=42: applied=3, nested=True, p=0.974187, flip=False, error=none
  edge_add b=5 s=42: applied=5, nested=True, p=0.960668, flip=False, error=none
  edge_add b=1 s=61: applied=1, nested=True, p=0.984194, flip=False, error=none
  edge_add b=3 s=61: applied=3, nested=True, p=0.988276, flip=False, error=none
  edge_add b=5 s=61: applied=5, nested=True, p=0.894763, flip=False, error=none
  edge_add b=1 s=73: applied=1, nested=True, p=0.978535, flip=False, error=none
  edge_add b=3 s=73: applied=3, nested=True, p=0.959525, flip=False, error=none
  edge_add b=5 s=73: applied=5, nested=True, p=0.955760, flip=False, error=none
  edge_add b=1 s=89: applied=1, nested=True, p=0.995121, flip=False, error=none
  edge_add b=3 s=89: applied=3, nested=True, p=0.999035, flip=False, error=none
  edge_add b=5 s=89: applied=5, nested=True, p=0.989592, flip=False, error=none
  edge_add b=1 s=101: applied=1, nested=True, p=0.997989, flip=False, error=none
  edge_add b=3 s=101: applied=3, nested=True, p=0.993656, flip=False, error=none
  edge_add b=5 s=101: applied=5, nested=True, p=0.995045, flip=False, error=none
  edge_add b=1 s=137: applied=1, nested=True, p=0.995121, flip=False, error=none
  edge_add b=3 s=137: applied=3, nested=True, p=0.993448, flip=False, error=none
  edge_add b=5 s=137: applied=5, nested=True, p=0.974515, flip=False, error=none
  edge_add b=1 s=2026: applied=1, nested=True, p=0.982598, flip=False, error=none
  edge_add b=3 s=2026: applied=3, nested=True, p=0.894993, flip=False, error=none
  edge_add b=5 s=2026: applied=5, nested=True, p=0.953718, flip=False, error=none
  edge_delete b=1 s=7: applied=1, nested=True, p=0.997989, flip=False, error=none
  edge_delete b=3 s=7: applied=3, nested=True, p=0.937539, flip=False, error=none
  edge_delete b=5 s=7: applied=5, nested=True, p=0.261602, flip=True, error=none
  edge_delete b=1 s=17: applied=1, nested=True, p=0.980717, flip=False, error=none
  edge_delete b=3 s=17: applied=3, nested=True, p=0.989634, flip=False, error=none
  edge_delete b=5 s=17: applied=5, nested=True, p=0.554909, flip=False, error=none
  edge_delete b=1 s=29: applied=1, nested=True, p=0.980717, flip=False, error=none
  edge_delete b=3 s=29: applied=3, nested=True, p=0.989634, flip=False, error=none
  edge_delete b=5 s=29: applied=5, nested=True, p=0.914994, flip=False, error=none
  edge_delete b=1 s=42: applied=1, nested=True, p=0.999057, flip=False, error=none
  edge_delete b=3 s=42: applied=3, nested=True, p=0.937539, flip=False, error=none
  edge_delete b=5 s=42: applied=5, nested=True, p=0.554909, flip=False, error=none
  edge_delete b=1 s=61: applied=1, nested=True, p=0.996592, flip=False, error=none
  edge_delete b=3 s=61: applied=3, nested=True, p=0.998854, flip=False, error=none
  edge_delete b=5 s=61: applied=5, nested=True, p=0.554909, flip=False, error=none
  edge_delete b=1 s=73: applied=1, nested=True, p=0.997989, flip=False, error=none
  edge_delete b=3 s=73: applied=3, nested=True, p=0.999057, flip=False, error=none
  edge_delete b=5 s=73: applied=5, nested=True, p=0.261602, flip=True, error=none
  edge_delete b=1 s=89: applied=1, nested=True, p=0.997989, flip=False, error=none
  edge_delete b=3 s=89: applied=3, nested=True, p=0.998309, flip=False, error=none
  edge_delete b=5 s=89: applied=5, nested=True, p=0.554909, flip=False, error=none
  edge_delete b=1 s=101: applied=1, nested=True, p=0.980717, flip=False, error=none
  edge_delete b=3 s=101: applied=3, nested=True, p=0.901548, flip=False, error=none
  edge_delete b=5 s=101: applied=5, nested=True, p=0.901548, flip=False, error=none
  edge_delete b=1 s=137: applied=1, nested=True, p=0.997989, flip=False, error=none
  edge_delete b=3 s=137: applied=3, nested=True, p=0.999057, flip=False, error=none
  edge_delete b=5 s=137: applied=5, nested=True, p=0.937539, flip=False, error=none
  edge_delete b=1 s=2026: applied=1, nested=True, p=0.997989, flip=False, error=none
  edge_delete b=3 s=2026: applied=3, nested=True, p=0.998854, flip=False, error=none
  edge_delete b=5 s=2026: applied=5, nested=True, p=0.937539, flip=False, error=none
  edge_reconnect b=1 s=7: applied=1, nested=True, p=0.980717, flip=False, error=none
  edge_reconnect b=3 s=7: applied=3, nested=True, p=0.997880, flip=False, error=none
  edge_reconnect b=5 s=7: applied=5, nested=True, p=0.814135, flip=False, error=none
  edge_reconnect b=1 s=17: applied=1, nested=True, p=0.999057, flip=False, error=none
  edge_reconnect b=3 s=17: applied=3, nested=True, p=0.871936, flip=False, error=none
  edge_reconnect b=5 s=17: applied=5, nested=True, p=0.871936, flip=False, error=none
  edge_reconnect b=1 s=29: applied=1, nested=True, p=0.974929, flip=False, error=none
  edge_reconnect b=3 s=29: applied=3, nested=True, p=0.901548, flip=False, error=none
  edge_reconnect b=5 s=29: applied=5, nested=True, p=0.964195, flip=False, error=none
  edge_reconnect b=1 s=42: applied=1, nested=True, p=0.993227, flip=False, error=none
  edge_reconnect b=3 s=42: applied=3, nested=True, p=0.981053, flip=False, error=none
  edge_reconnect b=5 s=42: applied=5, nested=True, p=0.979617, flip=False, error=none
  edge_reconnect b=1 s=61: applied=1, nested=True, p=0.999619, flip=False, error=none
  edge_reconnect b=3 s=61: applied=3, nested=True, p=0.985835, flip=False, error=none
  edge_reconnect b=5 s=61: applied=5, nested=True, p=0.993834, flip=False, error=none
  edge_reconnect b=1 s=73: applied=1, nested=True, p=0.992847, flip=False, error=none
  edge_reconnect b=3 s=73: applied=3, nested=True, p=0.932822, flip=False, error=none
  edge_reconnect b=5 s=73: applied=5, nested=True, p=0.913655, flip=False, error=none
  edge_reconnect b=1 s=89: applied=1, nested=True, p=0.974929, flip=False, error=none
  edge_reconnect b=3 s=89: applied=3, nested=True, p=0.992847, flip=False, error=none
  edge_reconnect b=5 s=89: applied=5, nested=True, p=0.979304, flip=False, error=none
  edge_reconnect b=1 s=101: applied=1, nested=True, p=0.996592, flip=False, error=none
  edge_reconnect b=3 s=101: applied=3, nested=True, p=0.998309, flip=False, error=none
  edge_reconnect b=5 s=101: applied=5, nested=True, p=0.871936, flip=False, error=none
  edge_reconnect b=1 s=137: applied=1, nested=True, p=0.974929, flip=False, error=none
  edge_reconnect b=3 s=137: applied=3, nested=True, p=0.937539, flip=False, error=none
  edge_reconnect b=5 s=137: applied=5, nested=True, p=0.238176, flip=True, error=none
  edge_reconnect b=1 s=2026: applied=1, nested=True, p=0.993227, flip=False, error=none
  edge_reconnect b=3 s=2026: applied=3, nested=True, p=0.960227, flip=False, error=none
  edge_reconnect b=5 s=2026: applied=5, nested=True, p=0.938374, flip=False, error=none
[23/60] cwe119__03_vulnerable_05_vulnerable_32: baseline p=0.999967, label=1, PDG=10/8, XFG=4
  node_add b=1 s=7: applied=1, nested=True, p=0.999967, flip=False, error=none
  node_add b=3 s=7: applied=3, nested=True, p=0.999967, flip=False, error=none
  node_add b=5 s=7: applied=5, nested=True, p=0.999967, flip=False, error=none
  node_add b=1 s=17: applied=1, nested=True, p=0.999967, flip=False, error=none
  node_add b=3 s=17: applied=3, nested=True, p=0.999967, flip=False, error=none
  node_add b=5 s=17: applied=5, nested=True, p=0.999967, flip=False, error=none
  node_add b=1 s=29: applied=1, nested=True, p=0.999967, flip=False, error=none
  node_add b=3 s=29: applied=3, nested=True, p=1.000000, flip=False, error=none
  node_add b=5 s=29: applied=5, nested=True, p=1.000000, flip=False, error=none
  node_add b=1 s=42: applied=1, nested=True, p=1.000000, flip=False, error=none
  node_add b=3 s=42: applied=3, nested=True, p=1.000000, flip=False, error=none
  node_add b=5 s=42: applied=5, nested=True, p=1.000000, flip=False, error=none
  node_add b=1 s=61: applied=1, nested=True, p=0.999967, flip=False, error=none
  node_add b=3 s=61: applied=3, nested=True, p=0.999967, flip=False, error=none
  node_add b=5 s=61: applied=5, nested=True, p=0.999967, flip=False, error=none
  node_add b=1 s=73: applied=1, nested=True, p=0.999967, flip=False, error=none
  node_add b=3 s=73: applied=3, nested=True, p=1.000000, flip=False, error=none
  node_add b=5 s=73: applied=5, nested=True, p=1.000000, flip=False, error=none
  node_add b=1 s=89: applied=1, nested=True, p=1.000000, flip=False, error=none
  node_add b=3 s=89: applied=3, nested=True, p=1.000000, flip=False, error=none
  node_add b=5 s=89: applied=5, nested=True, p=1.000000, flip=False, error=none
  node_add b=1 s=101: applied=1, nested=True, p=0.999967, flip=False, error=none
  node_add b=3 s=101: applied=3, nested=True, p=0.999967, flip=False, error=none
  node_add b=5 s=101: applied=5, nested=True, p=0.999967, flip=False, error=none
  node_add b=1 s=137: applied=1, nested=True, p=1.000000, flip=False, error=none
  node_add b=3 s=137: applied=3, nested=True, p=1.000000, flip=False, error=none
  node_add b=5 s=137: applied=5, nested=True, p=1.000000, flip=False, error=none
  node_add b=1 s=2026: applied=1, nested=True, p=1.000000, flip=False, error=none
  node_add b=3 s=2026: applied=3, nested=True, p=1.000000, flip=False, error=none
  node_add b=5 s=2026: applied=5, nested=True, p=1.000000, flip=False, error=none
  node_delete b=1 s=7: applied=1, nested=True, p=0.442865, flip=True, error=none
  node_delete b=3 s=7: applied=3, nested=True, p=0.471740, flip=True, error=none
  node_delete b=5 s=7: applied=5, nested=True, p=0.471740, flip=True, error=none
  node_delete b=1 s=17: applied=1, nested=True, p=0.999967, flip=False, error=none
  node_delete b=3 s=17: applied=3, nested=True, p=0.442865, flip=True, error=none
  node_delete b=5 s=17: applied=5, nested=True, p=0.471740, flip=True, error=none
  node_delete b=1 s=29: applied=1, nested=True, p=0.999967, flip=False, error=none
  node_delete b=3 s=29: applied=3, nested=True, p=0.999967, flip=False, error=none
  node_delete b=5 s=29: applied=5, nested=True, p=0.471740, flip=True, error=none
  node_delete b=1 s=42: applied=1, nested=True, p=0.999967, flip=False, error=none
  node_delete b=3 s=42: applied=3, nested=True, p=0.998910, flip=False, error=none
  node_delete b=5 s=42: applied=5, nested=True, p=0.999969, flip=False, error=none
  node_delete b=1 s=61: applied=1, nested=True, p=0.999967, flip=False, error=none
  node_delete b=3 s=61: applied=3, nested=True, p=0.999967, flip=False, error=none
  node_delete b=5 s=61: applied=5, nested=True, p=0.471740, flip=True, error=none
  node_delete b=1 s=73: applied=1, nested=True, p=0.442865, flip=True, error=none
  node_delete b=3 s=73: applied=3, nested=True, p=0.471740, flip=True, error=none
  node_delete b=5 s=73: applied=5, nested=True, p=0.471740, flip=True, error=none
  node_delete b=1 s=89: applied=1, nested=True, p=0.999967, flip=False, error=none
  node_delete b=3 s=89: applied=3, nested=True, p=0.999967, flip=False, error=none
  node_delete b=5 s=89: applied=5, nested=True, p=0.999969, flip=False, error=none
  node_delete b=1 s=101: applied=1, nested=True, p=0.999967, flip=False, error=none
  node_delete b=3 s=101: applied=3, nested=True, p=0.998910, flip=False, error=none
  node_delete b=5 s=101: applied=5, nested=True, p=0.999969, flip=False, error=none
  node_delete b=1 s=137: applied=1, nested=True, p=0.999967, flip=False, error=none
  node_delete b=3 s=137: applied=3, nested=True, p=0.471740, flip=True, error=none
  node_delete b=5 s=137: applied=5, nested=True, p=0.471740, flip=True, error=none
  node_delete b=1 s=2026: applied=1, nested=True, p=0.999967, flip=False, error=none
  node_delete b=3 s=2026: applied=3, nested=True, p=0.999967, flip=False, error=none
  node_delete b=5 s=2026: applied=5, nested=True, p=0.471740, flip=True, error=none
  node_attribute_modify b=1 s=7: applied=1, nested=True, p=0.213774, flip=True, error=none
  node_attribute_modify b=3 s=7: applied=3, nested=True, p=0.213774, flip=True, error=none
  node_attribute_modify b=5 s=7: applied=5, nested=True, p=0.272548, flip=True, error=none
  node_attribute_modify b=1 s=17: applied=1, nested=True, p=0.999967, flip=False, error=none
  node_attribute_modify b=3 s=17: applied=3, nested=True, p=0.015829, flip=True, error=none
  node_attribute_modify b=5 s=17: applied=5, nested=True, p=0.371020, flip=True, error=none
  node_attribute_modify b=1 s=29: applied=1, nested=True, p=0.999967, flip=False, error=none
  node_attribute_modify b=3 s=29: applied=3, nested=True, p=0.001374, flip=True, error=none
  node_attribute_modify b=5 s=29: applied=5, nested=True, p=0.001374, flip=True, error=none
  node_attribute_modify b=1 s=42: applied=1, nested=True, p=0.999967, flip=False, error=none
  node_attribute_modify b=3 s=42: applied=3, nested=True, p=0.999967, flip=False, error=none
  node_attribute_modify b=5 s=42: applied=5, nested=True, p=0.459796, flip=True, error=none
  node_attribute_modify b=1 s=61: applied=1, nested=True, p=0.999967, flip=False, error=none
  node_attribute_modify b=3 s=61: applied=3, nested=True, p=0.955005, flip=False, error=none
  node_attribute_modify b=5 s=61: applied=5, nested=True, p=0.999328, flip=False, error=none
  node_attribute_modify b=1 s=73: applied=1, nested=True, p=0.955005, flip=False, error=none
  node_attribute_modify b=3 s=73: applied=3, nested=True, p=0.904156, flip=False, error=none
  node_attribute_modify b=5 s=73: applied=5, nested=True, p=0.904156, flip=False, error=none
  node_attribute_modify b=1 s=89: applied=1, nested=True, p=0.999967, flip=False, error=none
  node_attribute_modify b=3 s=89: applied=3, nested=True, p=0.999967, flip=False, error=none
  node_attribute_modify b=5 s=89: applied=5, nested=True, p=0.107520, flip=True, error=none
  node_attribute_modify b=1 s=101: applied=1, nested=True, p=0.999967, flip=False, error=none
  node_attribute_modify b=3 s=101: applied=3, nested=True, p=0.955005, flip=False, error=none
  node_attribute_modify b=5 s=101: applied=5, nested=True, p=1.000000, flip=False, error=none
  node_attribute_modify b=1 s=137: applied=1, nested=True, p=0.999967, flip=False, error=none
  node_attribute_modify b=3 s=137: applied=3, nested=True, p=0.872457, flip=False, error=none
  node_attribute_modify b=5 s=137: applied=5, nested=True, p=0.356642, flip=True, error=none
  node_attribute_modify b=1 s=2026: applied=1, nested=True, p=0.999967, flip=False, error=none
  node_attribute_modify b=3 s=2026: applied=3, nested=True, p=0.079435, flip=True, error=none
  node_attribute_modify b=5 s=2026: applied=5, nested=True, p=0.897446, flip=False, error=none
  edge_add b=1 s=7: applied=1, nested=True, p=0.999146, flip=False, error=none
  edge_add b=3 s=7: applied=3, nested=True, p=0.999145, flip=False, error=none
  edge_add b=5 s=7: applied=5, nested=True, p=0.867826, flip=False, error=none
  edge_add b=1 s=17: applied=1, nested=True, p=0.999973, flip=False, error=none
  edge_add b=3 s=17: applied=3, nested=True, p=0.999995, flip=False, error=none
  edge_add b=5 s=17: applied=5, nested=True, p=0.999973, flip=False, error=none
  edge_add b=1 s=29: applied=1, nested=True, p=0.960914, flip=False, error=none
  edge_add b=3 s=29: applied=3, nested=True, p=0.999995, flip=False, error=none
  edge_add b=5 s=29: applied=5, nested=True, p=0.999998, flip=False, error=none
  edge_add b=1 s=42: applied=1, nested=True, p=0.999967, flip=False, error=none
  edge_add b=3 s=42: applied=3, nested=True, p=1.000000, flip=False, error=none
  edge_add b=5 s=42: applied=5, nested=True, p=0.996987, flip=False, error=none
  edge_add b=1 s=61: applied=1, nested=True, p=0.999967, flip=False, error=none
  edge_add b=3 s=61: applied=3, nested=True, p=0.999967, flip=False, error=none
  edge_add b=5 s=61: applied=5, nested=True, p=0.999967, flip=False, error=none
  edge_add b=1 s=73: applied=1, nested=True, p=0.955005, flip=False, error=none
  edge_add b=3 s=73: applied=3, nested=True, p=0.999926, flip=False, error=none
  edge_add b=5 s=73: applied=5, nested=True, p=0.999873, flip=False, error=none
  edge_add b=1 s=89: applied=1, nested=True, p=0.984362, flip=False, error=none
  edge_add b=3 s=89: applied=3, nested=True, p=0.999999, flip=False, error=none
  edge_add b=5 s=89: applied=5, nested=True, p=0.999754, flip=False, error=none
  edge_add b=1 s=101: applied=1, nested=True, p=0.999886, flip=False, error=none
  edge_add b=3 s=101: applied=3, nested=True, p=0.996416, flip=False, error=none
  edge_add b=5 s=101: applied=5, nested=True, p=0.825243, flip=False, error=none
  edge_add b=1 s=137: applied=1, nested=True, p=1.000000, flip=False, error=none
  edge_add b=3 s=137: applied=3, nested=True, p=1.000000, flip=False, error=none
  edge_add b=5 s=137: applied=5, nested=True, p=0.999950, flip=False, error=none
  edge_add b=1 s=2026: applied=1, nested=True, p=0.999999, flip=False, error=none
  edge_add b=3 s=2026: applied=3, nested=True, p=0.999996, flip=False, error=none
  edge_add b=5 s=2026: applied=5, nested=True, p=0.999996, flip=False, error=none
  edge_delete b=1 s=7: applied=1, nested=True, p=0.999967, flip=False, error=none
  edge_delete b=3 s=7: applied=3, nested=True, p=0.999967, flip=False, error=none
  edge_delete b=5 s=7: applied=5, nested=True, p=0.125382, flip=True, error=none
  edge_delete b=1 s=17: applied=1, nested=True, p=0.999967, flip=False, error=none
  edge_delete b=3 s=17: applied=3, nested=True, p=0.998910, flip=False, error=none
  edge_delete b=5 s=17: applied=5, nested=True, p=0.471740, flip=True, error=none
  edge_delete b=1 s=29: applied=1, nested=True, p=0.999967, flip=False, error=none
  edge_delete b=3 s=29: applied=3, nested=True, p=0.471740, flip=True, error=none
  edge_delete b=5 s=29: applied=5, nested=True, p=0.471740, flip=True, error=none
  edge_delete b=1 s=42: applied=1, nested=True, p=0.999967, flip=False, error=none
  edge_delete b=3 s=42: applied=3, nested=True, p=0.416993, flip=True, error=none
  edge_delete b=5 s=42: applied=5, nested=True, p=0.176504, flip=True, error=none
  edge_delete b=1 s=61: applied=1, nested=True, p=0.999967, flip=False, error=none
  edge_delete b=3 s=61: applied=3, nested=True, p=0.999967, flip=False, error=none
  edge_delete b=5 s=61: applied=5, nested=True, p=0.998910, flip=False, error=none
  edge_delete b=1 s=73: applied=1, nested=True, p=0.999967, flip=False, error=none
  edge_delete b=3 s=73: applied=3, nested=True, p=0.176504, flip=True, error=none
  edge_delete b=5 s=73: applied=5, nested=True, p=0.026880, flip=True, error=none
  edge_delete b=1 s=89: applied=1, nested=True, p=0.999967, flip=False, error=none
  edge_delete b=3 s=89: applied=3, nested=True, p=0.999967, flip=False, error=none
  edge_delete b=5 s=89: applied=5, nested=True, p=0.471740, flip=True, error=none
  edge_delete b=1 s=101: applied=1, nested=True, p=0.442865, flip=True, error=none
  edge_delete b=3 s=101: applied=3, nested=True, p=0.471740, flip=True, error=none
  edge_delete b=5 s=101: applied=5, nested=True, p=0.098349, flip=True, error=none
  edge_delete b=1 s=137: applied=1, nested=True, p=0.999967, flip=False, error=none
  edge_delete b=3 s=137: applied=3, nested=True, p=0.998910, flip=False, error=none
  edge_delete b=5 s=137: applied=5, nested=True, p=0.471740, flip=True, error=none
  edge_delete b=1 s=2026: applied=1, nested=True, p=0.999967, flip=False, error=none
  edge_delete b=3 s=2026: applied=3, nested=True, p=0.471740, flip=True, error=none
  edge_delete b=5 s=2026: applied=5, nested=True, p=0.441872, flip=True, error=none
  edge_reconnect b=1 s=7: applied=1, nested=True, p=0.998910, flip=False, error=none
  edge_reconnect b=3 s=7: applied=3, nested=True, p=1.000000, flip=False, error=none
  edge_reconnect b=5 s=7: applied=5, nested=True, p=0.999727, flip=False, error=none
  edge_reconnect b=1 s=17: applied=1, nested=True, p=0.995167, flip=False, error=none
  edge_reconnect b=3 s=17: applied=3, nested=True, p=0.978100, flip=False, error=none
  edge_reconnect b=5 s=17: applied=5, nested=True, p=0.999173, flip=False, error=none
  edge_reconnect b=1 s=29: applied=1, nested=True, p=0.999967, flip=False, error=none
  edge_reconnect b=3 s=29: applied=3, nested=True, p=0.999534, flip=False, error=none
  edge_reconnect b=5 s=29: applied=5, nested=True, p=0.442865, flip=True, error=none
  edge_reconnect b=1 s=42: applied=1, nested=True, p=0.995167, flip=False, error=none
  edge_reconnect b=3 s=42: applied=3, nested=True, p=0.999999, flip=False, error=none
  edge_reconnect b=5 s=42: applied=5, nested=True, p=0.999303, flip=False, error=none
  edge_reconnect b=1 s=61: applied=1, nested=True, p=0.955005, flip=False, error=none
  edge_reconnect b=3 s=61: applied=3, nested=True, p=0.837483, flip=False, error=none
  edge_reconnect b=5 s=61: applied=5, nested=True, p=0.998564, flip=False, error=none
  edge_reconnect b=1 s=73: applied=1, nested=True, p=0.998910, flip=False, error=none
  edge_reconnect b=3 s=73: applied=3, nested=True, p=0.998910, flip=False, error=none
  edge_reconnect b=5 s=73: applied=5, nested=True, p=0.999977, flip=False, error=none
  edge_reconnect b=1 s=89: applied=1, nested=True, p=0.996400, flip=False, error=none
  edge_reconnect b=3 s=89: applied=3, nested=True, p=1.000000, flip=False, error=none
  edge_reconnect b=5 s=89: applied=5, nested=True, p=0.985587, flip=False, error=none
  edge_reconnect b=1 s=101: applied=1, nested=True, p=0.999942, flip=False, error=none
  edge_reconnect b=3 s=101: applied=3, nested=True, p=1.000000, flip=False, error=none
  edge_reconnect b=5 s=101: applied=5, nested=True, p=1.000000, flip=False, error=none
  edge_reconnect b=1 s=137: applied=1, nested=True, p=0.176504, flip=True, error=none
  edge_reconnect b=3 s=137: applied=3, nested=True, p=0.662562, flip=False, error=none
  edge_reconnect b=5 s=137: applied=5, nested=True, p=0.997030, flip=False, error=none
  edge_reconnect b=1 s=2026: applied=1, nested=True, p=0.991234, flip=False, error=none
  edge_reconnect b=3 s=2026: applied=3, nested=True, p=1.000000, flip=False, error=none
  edge_reconnect b=5 s=2026: applied=5, nested=True, p=1.000000, flip=False, error=none
[24/60] cwe119__04_non_vulnerable_06_non-vulnerable_63: baseline p=0.000000, label=0, PDG=12/14, XFG=7
  node_add b=1 s=7: applied=1, nested=True, p=0.000000, flip=False, error=none
  node_add b=3 s=7: applied=3, nested=True, p=0.000000, flip=False, error=none
  node_add b=5 s=7: applied=5, nested=True, p=0.000000, flip=False, error=none
  node_add b=1 s=17: applied=1, nested=True, p=0.000000, flip=False, error=none
  node_add b=3 s=17: applied=3, nested=True, p=0.000000, flip=False, error=none
  node_add b=5 s=17: applied=5, nested=True, p=0.000000, flip=False, error=none
  node_add b=1 s=29: applied=1, nested=True, p=0.000000, flip=False, error=none
  node_add b=3 s=29: applied=3, nested=True, p=0.000000, flip=False, error=none
  node_add b=5 s=29: applied=5, nested=True, p=0.000000, flip=False, error=none
  node_add b=1 s=42: applied=1, nested=True, p=0.000000, flip=False, error=none
  node_add b=3 s=42: applied=3, nested=True, p=0.000000, flip=False, error=none
  node_add b=5 s=42: applied=5, nested=True, p=0.000000, flip=False, error=none
  node_add b=1 s=61: applied=1, nested=True, p=0.000000, flip=False, error=none
  node_add b=3 s=61: applied=3, nested=True, p=0.000000, flip=False, error=none
  node_add b=5 s=61: applied=5, nested=True, p=0.000000, flip=False, error=none
  node_add b=1 s=73: applied=1, nested=True, p=0.000000, flip=False, error=none
  node_add b=3 s=73: applied=3, nested=True, p=0.000000, flip=False, error=none
  node_add b=5 s=73: applied=5, nested=True, p=0.000000, flip=False, error=none
  node_add b=1 s=89: applied=1, nested=True, p=0.000000, flip=False, error=none
  node_add b=3 s=89: applied=3, nested=True, p=0.000000, flip=False, error=none
  node_add b=5 s=89: applied=5, nested=True, p=0.000000, flip=False, error=none
  node_add b=1 s=101: applied=1, nested=True, p=0.000000, flip=False, error=none
  node_add b=3 s=101: applied=3, nested=True, p=0.000000, flip=False, error=none
  node_add b=5 s=101: applied=5, nested=True, p=0.000000, flip=False, error=none
  node_add b=1 s=137: applied=1, nested=True, p=0.000000, flip=False, error=none
  node_add b=3 s=137: applied=3, nested=True, p=0.000000, flip=False, error=none
  node_add b=5 s=137: applied=5, nested=True, p=0.000000, flip=False, error=none
  node_add b=1 s=2026: applied=1, nested=True, p=0.000000, flip=False, error=none
  node_add b=3 s=2026: applied=3, nested=True, p=0.000000, flip=False, error=none
  node_add b=5 s=2026: applied=5, nested=True, p=0.000000, flip=False, error=none
  node_delete b=1 s=7: applied=1, nested=True, p=0.000000, flip=False, error=none
  node_delete b=3 s=7: applied=3, nested=True, p=0.000065, flip=False, error=none
  node_delete b=5 s=7: applied=5, nested=True, p=0.000000, flip=False, error=none
  node_delete b=1 s=17: applied=1, nested=True, p=0.000000, flip=False, error=none
  node_delete b=3 s=17: applied=3, nested=True, p=0.000065, flip=False, error=none
  node_delete b=5 s=17: applied=5, nested=True, p=0.000000, flip=False, error=none
  node_delete b=1 s=29: applied=1, nested=True, p=0.000000, flip=False, error=none
  node_delete b=3 s=29: applied=3, nested=True, p=0.000000, flip=False, error=none
  node_delete b=5 s=29: applied=5, nested=True, p=0.000000, flip=False, error=none
  node_delete b=1 s=42: applied=1, nested=True, p=0.000000, flip=False, error=none
  node_delete b=3 s=42: applied=3, nested=True, p=0.000000, flip=False, error=none
  node_delete b=5 s=42: applied=5, nested=True, p=0.000000, flip=False, error=none
  node_delete b=1 s=61: applied=1, nested=True, p=0.000000, flip=False, error=none
  node_delete b=3 s=61: applied=3, nested=True, p=0.000065, flip=False, error=none
  node_delete b=5 s=61: applied=5, nested=True, p=0.000000, flip=False, error=none
  node_delete b=1 s=73: applied=1, nested=True, p=0.000000, flip=False, error=none
  node_delete b=3 s=73: applied=3, nested=True, p=0.000000, flip=False, error=none
  node_delete b=5 s=73: applied=5, nested=True, p=0.000000, flip=False, error=none
  node_delete b=1 s=89: applied=1, nested=True, p=0.000000, flip=False, error=none
  node_delete b=3 s=89: applied=3, nested=True, p=0.000000, flip=False, error=none
  node_delete b=5 s=89: applied=5, nested=True, p=0.000000, flip=False, error=none
  node_delete b=1 s=101: applied=1, nested=True, p=0.000000, flip=False, error=none
  node_delete b=3 s=101: applied=3, nested=True, p=0.000065, flip=False, error=none
  node_delete b=5 s=101: applied=5, nested=True, p=0.000000, flip=False, error=none
  node_delete b=1 s=137: applied=1, nested=True, p=0.000000, flip=False, error=none
  node_delete b=3 s=137: applied=3, nested=True, p=0.000000, flip=False, error=none
  node_delete b=5 s=137: applied=5, nested=True, p=0.000000, flip=False, error=none
  node_delete b=1 s=2026: applied=1, nested=True, p=0.000000, flip=False, error=none
  node_delete b=3 s=2026: applied=3, nested=True, p=0.000000, flip=False, error=none
  node_delete b=5 s=2026: applied=5, nested=True, p=0.000000, flip=False, error=none
  node_attribute_modify b=1 s=7: applied=1, nested=True, p=0.000000, flip=False, error=none
  node_attribute_modify b=3 s=7: applied=3, nested=True, p=0.000000, flip=False, error=none
  node_attribute_modify b=5 s=7: applied=5, nested=True, p=0.000000, flip=False, error=none
  node_attribute_modify b=1 s=17: applied=1, nested=True, p=0.000010, flip=False, error=none
  node_attribute_modify b=3 s=17: applied=3, nested=True, p=0.000010, flip=False, error=none
  node_attribute_modify b=5 s=17: applied=5, nested=True, p=0.000017, flip=False, error=none
  node_attribute_modify b=1 s=29: applied=1, nested=True, p=0.000000, flip=False, error=none
  node_attribute_modify b=3 s=29: applied=3, nested=True, p=0.000001, flip=False, error=none
  node_attribute_modify b=5 s=29: applied=5, nested=True, p=0.000001, flip=False, error=none
  node_attribute_modify b=1 s=42: applied=1, nested=True, p=0.000000, flip=False, error=none
  node_attribute_modify b=3 s=42: applied=3, nested=True, p=0.000000, flip=False, error=none
  node_attribute_modify b=5 s=42: applied=5, nested=True, p=0.011614, flip=False, error=none
  node_attribute_modify b=1 s=61: applied=1, nested=True, p=0.000000, flip=False, error=none
  node_attribute_modify b=3 s=61: applied=3, nested=True, p=0.000017, flip=False, error=none
  node_attribute_modify b=5 s=61: applied=5, nested=True, p=0.000000, flip=False, error=none
  node_attribute_modify b=1 s=73: applied=1, nested=True, p=0.000000, flip=False, error=none
  node_attribute_modify b=3 s=73: applied=3, nested=True, p=0.000000, flip=False, error=none
  node_attribute_modify b=5 s=73: applied=5, nested=True, p=0.000000, flip=False, error=none
  node_attribute_modify b=1 s=89: applied=1, nested=True, p=0.000000, flip=False, error=none
  node_attribute_modify b=3 s=89: applied=3, nested=True, p=0.000000, flip=False, error=none
  node_attribute_modify b=5 s=89: applied=5, nested=True, p=0.000000, flip=False, error=none
  node_attribute_modify b=1 s=101: applied=1, nested=True, p=0.000000, flip=False, error=none
  node_attribute_modify b=3 s=101: applied=3, nested=True, p=0.000000, flip=False, error=none
  node_attribute_modify b=5 s=101: applied=5, nested=True, p=0.000010, flip=False, error=none
  node_attribute_modify b=1 s=137: applied=1, nested=True, p=0.000001, flip=False, error=none
  node_attribute_modify b=3 s=137: applied=3, nested=True, p=0.000000, flip=False, error=none
  node_attribute_modify b=5 s=137: applied=5, nested=True, p=0.000000, flip=False, error=none
  node_attribute_modify b=1 s=2026: applied=1, nested=True, p=0.000000, flip=False, error=none
  node_attribute_modify b=3 s=2026: applied=3, nested=True, p=0.078044, flip=False, error=none
  node_attribute_modify b=5 s=2026: applied=5, nested=True, p=0.078044, flip=False, error=none
  edge_add b=1 s=7: applied=1, nested=True, p=0.000000, flip=False, error=none
  edge_add b=3 s=7: applied=3, nested=True, p=0.000028, flip=False, error=none
  edge_add b=5 s=7: applied=5, nested=True, p=0.000028, flip=False, error=none
  edge_add b=1 s=17: applied=1, nested=True, p=0.000000, flip=False, error=none
  edge_add b=3 s=17: applied=3, nested=True, p=0.000000, flip=False, error=none
  edge_add b=5 s=17: applied=5, nested=True, p=0.000000, flip=False, error=none
  edge_add b=1 s=29: applied=1, nested=True, p=0.000000, flip=False, error=none
  edge_add b=3 s=29: applied=3, nested=True, p=0.000000, flip=False, error=none
  edge_add b=5 s=29: applied=5, nested=True, p=0.000000, flip=False, error=none
  edge_add b=1 s=42: applied=1, nested=True, p=0.000000, flip=False, error=none
  edge_add b=3 s=42: applied=3, nested=True, p=0.000000, flip=False, error=none
  edge_add b=5 s=42: applied=5, nested=True, p=0.000000, flip=False, error=none
  edge_add b=1 s=61: applied=1, nested=True, p=0.000000, flip=False, error=none
  edge_add b=3 s=61: applied=3, nested=True, p=0.000000, flip=False, error=none
  edge_add b=5 s=61: applied=5, nested=True, p=0.000000, flip=False, error=none
  edge_add b=1 s=73: applied=1, nested=True, p=0.000000, flip=False, error=none
  edge_add b=3 s=73: applied=3, nested=True, p=0.000000, flip=False, error=none
  edge_add b=5 s=73: applied=5, nested=True, p=0.000000, flip=False, error=none
  edge_add b=1 s=89: applied=1, nested=True, p=0.000000, flip=False, error=none
  edge_add b=3 s=89: applied=3, nested=True, p=0.000000, flip=False, error=none
  edge_add b=5 s=89: applied=5, nested=True, p=0.000000, flip=False, error=none
  edge_add b=1 s=101: applied=1, nested=True, p=0.000000, flip=False, error=none
  edge_add b=3 s=101: applied=3, nested=True, p=0.000000, flip=False, error=none
  edge_add b=5 s=101: applied=5, nested=True, p=0.000000, flip=False, error=none
  edge_add b=1 s=137: applied=1, nested=True, p=0.000000, flip=False, error=none
  edge_add b=3 s=137: applied=3, nested=True, p=0.000000, flip=False, error=none
  edge_add b=5 s=137: applied=5, nested=True, p=0.000000, flip=False, error=none
  edge_add b=1 s=2026: applied=1, nested=True, p=0.000000, flip=False, error=none
  edge_add b=3 s=2026: applied=3, nested=True, p=0.000000, flip=False, error=none
  edge_add b=5 s=2026: applied=5, nested=True, p=0.000000, flip=False, error=none
  edge_delete b=1 s=7: applied=1, nested=True, p=0.000000, flip=False, error=none
  edge_delete b=3 s=7: applied=3, nested=True, p=0.000000, flip=False, error=none
  edge_delete b=5 s=7: applied=5, nested=True, p=0.000000, flip=False, error=none
  edge_delete b=1 s=17: applied=1, nested=True, p=0.000000, flip=False, error=none
  edge_delete b=3 s=17: applied=3, nested=True, p=0.000065, flip=False, error=none
  edge_delete b=5 s=17: applied=5, nested=True, p=0.000065, flip=False, error=none
  edge_delete b=1 s=29: applied=1, nested=True, p=0.000000, flip=False, error=none
  edge_delete b=3 s=29: applied=3, nested=True, p=0.000000, flip=False, error=none
  edge_delete b=5 s=29: applied=5, nested=True, p=0.000000, flip=False, error=none
  edge_delete b=1 s=42: applied=1, nested=True, p=0.000000, flip=False, error=none
  edge_delete b=3 s=42: applied=3, nested=True, p=0.000000, flip=False, error=none
  edge_delete b=5 s=42: applied=5, nested=True, p=0.000000, flip=False, error=none
  edge_delete b=1 s=61: applied=1, nested=True, p=0.000000, flip=False, error=none
  edge_delete b=3 s=61: applied=3, nested=True, p=0.000000, flip=False, error=none
  edge_delete b=5 s=61: applied=5, nested=True, p=0.000065, flip=False, error=none
  edge_delete b=1 s=73: applied=1, nested=True, p=0.000065, flip=False, error=none
  edge_delete b=3 s=73: applied=3, nested=True, p=0.000000, flip=False, error=none
  edge_delete b=5 s=73: applied=5, nested=True, p=0.000000, flip=False, error=none
  edge_delete b=1 s=89: applied=1, nested=True, p=0.000000, flip=False, error=none
  edge_delete b=3 s=89: applied=3, nested=True, p=0.000000, flip=False, error=none
  edge_delete b=5 s=89: applied=5, nested=True, p=0.000000, flip=False, error=none
  edge_delete b=1 s=101: applied=1, nested=True, p=0.000000, flip=False, error=none
  edge_delete b=3 s=101: applied=3, nested=True, p=0.000000, flip=False, error=none
  edge_delete b=5 s=101: applied=5, nested=True, p=0.000000, flip=False, error=none
  edge_delete b=1 s=137: applied=1, nested=True, p=0.000000, flip=False, error=none
  edge_delete b=3 s=137: applied=3, nested=True, p=0.000000, flip=False, error=none
  edge_delete b=5 s=137: applied=5, nested=True, p=0.000000, flip=False, error=none
  edge_delete b=1 s=2026: applied=1, nested=True, p=0.000000, flip=False, error=none
  edge_delete b=3 s=2026: applied=3, nested=True, p=0.000000, flip=False, error=none
  edge_delete b=5 s=2026: applied=5, nested=True, p=0.000000, flip=False, error=none
  edge_reconnect b=1 s=7: applied=1, nested=True, p=0.000000, flip=False, error=none
  edge_reconnect b=3 s=7: applied=3, nested=True, p=0.000000, flip=False, error=none
  edge_reconnect b=5 s=7: applied=5, nested=True, p=0.000000, flip=False, error=none
  edge_reconnect b=1 s=17: applied=1, nested=True, p=0.000000, flip=False, error=none
  edge_reconnect b=3 s=17: applied=3, nested=True, p=0.000000, flip=False, error=none
  edge_reconnect b=5 s=17: applied=5, nested=True, p=0.000000, flip=False, error=none
  edge_reconnect b=1 s=29: applied=1, nested=True, p=0.000000, flip=False, error=none
  edge_reconnect b=3 s=29: applied=3, nested=True, p=0.000000, flip=False, error=none
  edge_reconnect b=5 s=29: applied=5, nested=True, p=0.000000, flip=False, error=none
  edge_reconnect b=1 s=42: applied=1, nested=True, p=0.000000, flip=False, error=none
  edge_reconnect b=3 s=42: applied=3, nested=True, p=0.000004, flip=False, error=none
  edge_reconnect b=5 s=42: applied=5, nested=True, p=0.000004, flip=False, error=none
  edge_reconnect b=1 s=61: applied=1, nested=True, p=0.000000, flip=False, error=none
  edge_reconnect b=3 s=61: applied=3, nested=True, p=0.000000, flip=False, error=none
  edge_reconnect b=5 s=61: applied=5, nested=True, p=0.000000, flip=False, error=none
  edge_reconnect b=1 s=73: applied=1, nested=True, p=0.000065, flip=False, error=none
  edge_reconnect b=3 s=73: applied=3, nested=True, p=0.000000, flip=False, error=none
  edge_reconnect b=5 s=73: applied=5, nested=True, p=0.000000, flip=False, error=none
  edge_reconnect b=1 s=89: applied=1, nested=True, p=0.000000, flip=False, error=none
  edge_reconnect b=3 s=89: applied=3, nested=True, p=0.000000, flip=False, error=none
  edge_reconnect b=5 s=89: applied=5, nested=True, p=0.000000, flip=False, error=none
  edge_reconnect b=1 s=101: applied=1, nested=True, p=0.000000, flip=False, error=none
  edge_reconnect b=3 s=101: applied=3, nested=True, p=0.000000, flip=False, error=none
  edge_reconnect b=5 s=101: applied=5, nested=True, p=0.000000, flip=False, error=none
  edge_reconnect b=1 s=137: applied=1, nested=True, p=0.000000, flip=False, error=none
  edge_reconnect b=3 s=137: applied=3, nested=True, p=0.000000, flip=False, error=none
  edge_reconnect b=5 s=137: applied=5, nested=True, p=0.000000, flip=False, error=none
  edge_reconnect b=1 s=2026: applied=1, nested=True, p=0.000000, flip=False, error=none
  edge_reconnect b=3 s=2026: applied=3, nested=True, p=0.000000, flip=False, error=none
  edge_reconnect b=5 s=2026: applied=5, nested=True, p=0.000000, flip=False, error=none
[25/60] cwe119__05_non_vulnerable_07_non-vulnerable_41: baseline p=0.000000, label=0, PDG=14/16, XFG=2
  node_add b=1 s=7: applied=1, nested=True, p=0.000000, flip=False, error=none
  node_add b=3 s=7: applied=3, nested=True, p=0.000000, flip=False, error=none
  node_add b=5 s=7: applied=5, nested=True, p=0.000000, flip=False, error=none
  node_add b=1 s=17: applied=1, nested=True, p=0.000000, flip=False, error=none
  node_add b=3 s=17: applied=3, nested=True, p=0.000000, flip=False, error=none
  node_add b=5 s=17: applied=5, nested=True, p=0.000000, flip=False, error=none
  node_add b=1 s=29: applied=1, nested=True, p=0.000000, flip=False, error=none
  node_add b=3 s=29: applied=3, nested=True, p=0.000000, flip=False, error=none
  node_add b=5 s=29: applied=5, nested=True, p=0.000000, flip=False, error=none
  node_add b=1 s=42: applied=1, nested=True, p=0.000000, flip=False, error=none
  node_add b=3 s=42: applied=3, nested=True, p=0.000000, flip=False, error=none
  node_add b=5 s=42: applied=5, nested=True, p=0.000000, flip=False, error=none
  node_add b=1 s=61: applied=1, nested=True, p=0.000000, flip=False, error=none
  node_add b=3 s=61: applied=3, nested=True, p=0.000000, flip=False, error=none
  node_add b=5 s=61: applied=5, nested=True, p=0.000000, flip=False, error=none
  node_add b=1 s=73: applied=1, nested=True, p=0.000000, flip=False, error=none
  node_add b=3 s=73: applied=3, nested=True, p=0.000000, flip=False, error=none
  node_add b=5 s=73: applied=5, nested=True, p=0.000000, flip=False, error=none
  node_add b=1 s=89: applied=1, nested=True, p=0.000000, flip=False, error=none
  node_add b=3 s=89: applied=3, nested=True, p=0.000000, flip=False, error=none
  node_add b=5 s=89: applied=5, nested=True, p=0.000000, flip=False, error=none
  node_add b=1 s=101: applied=1, nested=True, p=0.000000, flip=False, error=none
  node_add b=3 s=101: applied=3, nested=True, p=0.000000, flip=False, error=none
  node_add b=5 s=101: applied=5, nested=True, p=0.000000, flip=False, error=none
  node_add b=1 s=137: applied=1, nested=True, p=0.000000, flip=False, error=none
  node_add b=3 s=137: applied=3, nested=True, p=0.000000, flip=False, error=none
  node_add b=5 s=137: applied=5, nested=True, p=0.000000, flip=False, error=none
  node_add b=1 s=2026: applied=1, nested=True, p=0.000000, flip=False, error=none
  node_add b=3 s=2026: applied=3, nested=True, p=0.000000, flip=False, error=none
  node_add b=5 s=2026: applied=5, nested=True, p=0.000000, flip=False, error=none
  node_delete b=1 s=7: applied=1, nested=True, p=0.000000, flip=False, error=none
  node_delete b=3 s=7: applied=3, nested=True, p=0.000000, flip=False, error=none
  node_delete b=5 s=7: applied=5, nested=True, p=0.000000, flip=False, error=none
  node_delete b=1 s=17: applied=1, nested=True, p=0.000000, flip=False, error=none
  node_delete b=3 s=17: applied=3, nested=True, p=0.000000, flip=False, error=none
  node_delete b=5 s=17: applied=5, nested=True, p=0.000000, flip=False, error=none
  node_delete b=1 s=29: applied=1, nested=True, p=0.000000, flip=False, error=none
  node_delete b=3 s=29: applied=3, nested=True, p=0.000000, flip=False, error=none
  node_delete b=5 s=29: applied=5, nested=True, p=0.000000, flip=False, error=none
  node_delete b=1 s=42: applied=1, nested=True, p=0.000000, flip=False, error=none
  node_delete b=3 s=42: applied=3, nested=True, p=0.000000, flip=False, error=none
  node_delete b=5 s=42: applied=5, nested=True, p=NA, flip=False, error=none
  node_delete b=1 s=61: applied=1, nested=True, p=0.000000, flip=False, error=none
  node_delete b=3 s=61: applied=3, nested=True, p=0.000000, flip=False, error=none
  node_delete b=5 s=61: applied=5, nested=True, p=0.000000, flip=False, error=none
  node_delete b=1 s=73: applied=1, nested=True, p=0.000000, flip=False, error=none
  node_delete b=3 s=73: applied=3, nested=True, p=0.000000, flip=False, error=none
  node_delete b=5 s=73: applied=5, nested=True, p=0.000000, flip=False, error=none
  node_delete b=1 s=89: applied=1, nested=True, p=0.000000, flip=False, error=none
  node_delete b=3 s=89: applied=3, nested=True, p=0.000000, flip=False, error=none
  node_delete b=5 s=89: applied=5, nested=True, p=0.000000, flip=False, error=none
  node_delete b=1 s=101: applied=1, nested=True, p=0.000000, flip=False, error=none
  node_delete b=3 s=101: applied=3, nested=True, p=0.000000, flip=False, error=none
  node_delete b=5 s=101: applied=5, nested=True, p=0.000000, flip=False, error=none
  node_delete b=1 s=137: applied=1, nested=True, p=0.000000, flip=False, error=none
  node_delete b=3 s=137: applied=3, nested=True, p=0.000000, flip=False, error=none
  node_delete b=5 s=137: applied=5, nested=True, p=0.000000, flip=False, error=none
  node_delete b=1 s=2026: applied=1, nested=True, p=0.000000, flip=False, error=none
  node_delete b=3 s=2026: applied=3, nested=True, p=0.000000, flip=False, error=none
  node_delete b=5 s=2026: applied=5, nested=True, p=0.000000, flip=False, error=none
  node_attribute_modify b=1 s=7: applied=1, nested=True, p=0.000000, flip=False, error=none
  node_attribute_modify b=3 s=7: applied=3, nested=True, p=0.000000, flip=False, error=none
  node_attribute_modify b=5 s=7: applied=5, nested=True, p=0.000140, flip=False, error=none
  node_attribute_modify b=1 s=17: applied=1, nested=True, p=0.000000, flip=False, error=none
  node_attribute_modify b=3 s=17: applied=3, nested=True, p=0.000000, flip=False, error=none
  node_attribute_modify b=5 s=17: applied=5, nested=True, p=0.061663, flip=False, error=none
  node_attribute_modify b=1 s=29: applied=1, nested=True, p=0.000000, flip=False, error=none
  node_attribute_modify b=3 s=29: applied=3, nested=True, p=0.000000, flip=False, error=none
  node_attribute_modify b=5 s=29: applied=5, nested=True, p=0.000000, flip=False, error=none
  node_attribute_modify b=1 s=42: applied=1, nested=True, p=0.000000, flip=False, error=none
  node_attribute_modify b=3 s=42: applied=3, nested=True, p=0.000000, flip=False, error=none
  node_attribute_modify b=5 s=42: applied=5, nested=True, p=0.000000, flip=False, error=none
  node_attribute_modify b=1 s=61: applied=1, nested=True, p=0.000000, flip=False, error=none
  node_attribute_modify b=3 s=61: applied=3, nested=True, p=0.000000, flip=False, error=none
  node_attribute_modify b=5 s=61: applied=5, nested=True, p=0.000000, flip=False, error=none
  node_attribute_modify b=1 s=73: applied=1, nested=True, p=0.000000, flip=False, error=none
  node_attribute_modify b=3 s=73: applied=3, nested=True, p=0.000000, flip=False, error=none
  node_attribute_modify b=5 s=73: applied=5, nested=True, p=0.000000, flip=False, error=none
  node_attribute_modify b=1 s=89: applied=1, nested=True, p=0.000000, flip=False, error=none
  node_attribute_modify b=3 s=89: applied=3, nested=True, p=0.000000, flip=False, error=none
  node_attribute_modify b=5 s=89: applied=5, nested=True, p=0.000000, flip=False, error=none
  node_attribute_modify b=1 s=101: applied=1, nested=True, p=0.000000, flip=False, error=none
  node_attribute_modify b=3 s=101: applied=3, nested=True, p=0.000000, flip=False, error=none
  node_attribute_modify b=5 s=101: applied=5, nested=True, p=0.000000, flip=False, error=none
  node_attribute_modify b=1 s=137: applied=1, nested=True, p=0.000000, flip=False, error=none
  node_attribute_modify b=3 s=137: applied=3, nested=True, p=0.000000, flip=False, error=none
  node_attribute_modify b=5 s=137: applied=5, nested=True, p=0.000000, flip=False, error=none
  node_attribute_modify b=1 s=2026: applied=1, nested=True, p=0.000000, flip=False, error=none
  node_attribute_modify b=3 s=2026: applied=3, nested=True, p=0.000000, flip=False, error=none
  node_attribute_modify b=5 s=2026: applied=5, nested=True, p=0.000000, flip=False, error=none
  edge_add b=1 s=7: applied=1, nested=True, p=0.000000, flip=False, error=none
  edge_add b=3 s=7: applied=3, nested=True, p=0.000000, flip=False, error=none
  edge_add b=5 s=7: applied=5, nested=True, p=0.000000, flip=False, error=none
  edge_add b=1 s=17: applied=1, nested=True, p=0.000000, flip=False, error=none
  edge_add b=3 s=17: applied=3, nested=True, p=0.000000, flip=False, error=none
  edge_add b=5 s=17: applied=5, nested=True, p=0.000000, flip=False, error=none
  edge_add b=1 s=29: applied=1, nested=True, p=0.000000, flip=False, error=none
  edge_add b=3 s=29: applied=3, nested=True, p=0.000000, flip=False, error=none
  edge_add b=5 s=29: applied=5, nested=True, p=0.000000, flip=False, error=none
  edge_add b=1 s=42: applied=1, nested=True, p=0.000000, flip=False, error=none
  edge_add b=3 s=42: applied=3, nested=True, p=0.000000, flip=False, error=none
  edge_add b=5 s=42: applied=5, nested=True, p=0.000000, flip=False, error=none
  edge_add b=1 s=61: applied=1, nested=True, p=0.000000, flip=False, error=none
  edge_add b=3 s=61: applied=3, nested=True, p=0.000000, flip=False, error=none
  edge_add b=5 s=61: applied=5, nested=True, p=0.000000, flip=False, error=none
  edge_add b=1 s=73: applied=1, nested=True, p=0.000000, flip=False, error=none
  edge_add b=3 s=73: applied=3, nested=True, p=0.000000, flip=False, error=none
  edge_add b=5 s=73: applied=5, nested=True, p=0.000000, flip=False, error=none
  edge_add b=1 s=89: applied=1, nested=True, p=0.000000, flip=False, error=none
  edge_add b=3 s=89: applied=3, nested=True, p=0.000000, flip=False, error=none
  edge_add b=5 s=89: applied=5, nested=True, p=0.000000, flip=False, error=none
  edge_add b=1 s=101: applied=1, nested=True, p=0.000000, flip=False, error=none
  edge_add b=3 s=101: applied=3, nested=True, p=0.000000, flip=False, error=none
  edge_add b=5 s=101: applied=5, nested=True, p=0.000000, flip=False, error=none
  edge_add b=1 s=137: applied=1, nested=True, p=0.000000, flip=False, error=none
  edge_add b=3 s=137: applied=3, nested=True, p=0.000000, flip=False, error=none
  edge_add b=5 s=137: applied=5, nested=True, p=0.000000, flip=False, error=none
  edge_add b=1 s=2026: applied=1, nested=True, p=0.000000, flip=False, error=none
  edge_add b=3 s=2026: applied=3, nested=True, p=0.000000, flip=False, error=none
  edge_add b=5 s=2026: applied=5, nested=True, p=0.000000, flip=False, error=none
  edge_delete b=1 s=7: applied=1, nested=True, p=0.000000, flip=False, error=none
  edge_delete b=3 s=7: applied=3, nested=True, p=0.000000, flip=False, error=none
  edge_delete b=5 s=7: applied=5, nested=True, p=0.000000, flip=False, error=none
  edge_delete b=1 s=17: applied=1, nested=True, p=0.000000, flip=False, error=none
  edge_delete b=3 s=17: applied=3, nested=True, p=0.000000, flip=False, error=none
  edge_delete b=5 s=17: applied=5, nested=True, p=0.000000, flip=False, error=none
  edge_delete b=1 s=29: applied=1, nested=True, p=0.000000, flip=False, error=none
  edge_delete b=3 s=29: applied=3, nested=True, p=0.000000, flip=False, error=none
  edge_delete b=5 s=29: applied=5, nested=True, p=0.000000, flip=False, error=none
  edge_delete b=1 s=42: applied=1, nested=True, p=0.000000, flip=False, error=none
  edge_delete b=3 s=42: applied=3, nested=True, p=0.000000, flip=False, error=none
  edge_delete b=5 s=42: applied=5, nested=True, p=0.000000, flip=False, error=none
  edge_delete b=1 s=61: applied=1, nested=True, p=0.000000, flip=False, error=none
  edge_delete b=3 s=61: applied=3, nested=True, p=0.000000, flip=False, error=none
  edge_delete b=5 s=61: applied=5, nested=True, p=0.000000, flip=False, error=none
  edge_delete b=1 s=73: applied=1, nested=True, p=0.000000, flip=False, error=none
  edge_delete b=3 s=73: applied=3, nested=True, p=0.000000, flip=False, error=none
  edge_delete b=5 s=73: applied=5, nested=True, p=0.000000, flip=False, error=none
  edge_delete b=1 s=89: applied=1, nested=True, p=0.000000, flip=False, error=none
  edge_delete b=3 s=89: applied=3, nested=True, p=0.000000, flip=False, error=none
  edge_delete b=5 s=89: applied=5, nested=True, p=0.000000, flip=False, error=none
  edge_delete b=1 s=101: applied=1, nested=True, p=0.000000, flip=False, error=none
  edge_delete b=3 s=101: applied=3, nested=True, p=0.000000, flip=False, error=none
  edge_delete b=5 s=101: applied=5, nested=True, p=0.000000, flip=False, error=none
  edge_delete b=1 s=137: applied=1, nested=True, p=0.000000, flip=False, error=none
  edge_delete b=3 s=137: applied=3, nested=True, p=0.000000, flip=False, error=none
  edge_delete b=5 s=137: applied=5, nested=True, p=0.000000, flip=False, error=none
  edge_delete b=1 s=2026: applied=1, nested=True, p=0.000000, flip=False, error=none
  edge_delete b=3 s=2026: applied=3, nested=True, p=0.000000, flip=False, error=none
  edge_delete b=5 s=2026: applied=5, nested=True, p=0.000000, flip=False, error=none
  edge_reconnect b=1 s=7: applied=1, nested=True, p=0.000000, flip=False, error=none
  edge_reconnect b=3 s=7: applied=3, nested=True, p=0.000000, flip=False, error=none
  edge_reconnect b=5 s=7: applied=5, nested=True, p=0.000000, flip=False, error=none
  edge_reconnect b=1 s=17: applied=1, nested=True, p=0.000000, flip=False, error=none
  edge_reconnect b=3 s=17: applied=3, nested=True, p=0.000000, flip=False, error=none
  edge_reconnect b=5 s=17: applied=5, nested=True, p=0.000000, flip=False, error=none
  edge_reconnect b=1 s=29: applied=1, nested=True, p=0.000000, flip=False, error=none
  edge_reconnect b=3 s=29: applied=3, nested=True, p=0.000000, flip=False, error=none
  edge_reconnect b=5 s=29: applied=5, nested=True, p=0.000000, flip=False, error=none
  edge_reconnect b=1 s=42: applied=1, nested=True, p=0.000000, flip=False, error=none
  edge_reconnect b=3 s=42: applied=3, nested=True, p=0.000000, flip=False, error=none
  edge_reconnect b=5 s=42: applied=5, nested=True, p=0.000000, flip=False, error=none
  edge_reconnect b=1 s=61: applied=1, nested=True, p=0.005594, flip=False, error=none
  edge_reconnect b=3 s=61: applied=3, nested=True, p=0.000000, flip=False, error=none
  edge_reconnect b=5 s=61: applied=5, nested=True, p=0.000000, flip=False, error=none
  edge_reconnect b=1 s=73: applied=1, nested=True, p=0.000000, flip=False, error=none
  edge_reconnect b=3 s=73: applied=3, nested=True, p=0.000000, flip=False, error=none
  edge_reconnect b=5 s=73: applied=5, nested=True, p=0.000000, flip=False, error=none
  edge_reconnect b=1 s=89: applied=1, nested=True, p=0.000000, flip=False, error=none
  edge_reconnect b=3 s=89: applied=3, nested=True, p=0.000000, flip=False, error=none
  edge_reconnect b=5 s=89: applied=5, nested=True, p=0.000000, flip=False, error=none
  edge_reconnect b=1 s=101: applied=1, nested=True, p=0.000000, flip=False, error=none
  edge_reconnect b=3 s=101: applied=3, nested=True, p=0.000000, flip=False, error=none
  edge_reconnect b=5 s=101: applied=5, nested=True, p=0.000000, flip=False, error=none
  edge_reconnect b=1 s=137: applied=1, nested=True, p=0.000000, flip=False, error=none
  edge_reconnect b=3 s=137: applied=3, nested=True, p=0.000000, flip=False, error=none
  edge_reconnect b=5 s=137: applied=5, nested=True, p=0.000000, flip=False, error=none
  edge_reconnect b=1 s=2026: applied=1, nested=True, p=0.000000, flip=False, error=none
  edge_reconnect b=3 s=2026: applied=3, nested=True, p=0.000000, flip=False, error=none
  edge_reconnect b=5 s=2026: applied=5, nested=True, p=0.000000, flip=False, error=none
[26/60] cwe119__06_non_vulnerable_08_non-vulnerable_32: baseline p=0.000025, label=0, PDG=4/2, XFG=4
  node_add b=1 s=7: applied=1, nested=True, p=0.000059, flip=False, error=none
  node_add b=3 s=7: applied=3, nested=True, p=0.000038, flip=False, error=none
  node_add b=5 s=7: applied=5, nested=True, p=0.000024, flip=False, error=none
  node_add b=1 s=17: applied=1, nested=True, p=0.000006, flip=False, error=none
  node_add b=3 s=17: applied=3, nested=True, p=0.000006, flip=False, error=none
  node_add b=5 s=17: applied=5, nested=True, p=0.000006, flip=False, error=none
  node_add b=1 s=29: applied=1, nested=True, p=0.000025, flip=False, error=none
  node_add b=3 s=29: applied=3, nested=True, p=0.000059, flip=False, error=none
  node_add b=5 s=29: applied=5, nested=True, p=0.000059, flip=False, error=none
  node_add b=1 s=42: applied=1, nested=True, p=0.000025, flip=False, error=none
  node_add b=3 s=42: applied=3, nested=True, p=0.000025, flip=False, error=none
  node_add b=5 s=42: applied=5, nested=True, p=0.000001, flip=False, error=none
  node_add b=1 s=61: applied=1, nested=True, p=0.000006, flip=False, error=none
  node_add b=3 s=61: applied=3, nested=True, p=0.000038, flip=False, error=none
  node_add b=5 s=61: applied=5, nested=True, p=0.000030, flip=False, error=none
  node_add b=1 s=73: applied=1, nested=True, p=0.000059, flip=False, error=none
  node_add b=3 s=73: applied=3, nested=True, p=0.000116, flip=False, error=none
  node_add b=5 s=73: applied=5, nested=True, p=0.000002, flip=False, error=none
  node_add b=1 s=89: applied=1, nested=True, p=0.000025, flip=False, error=none
  node_add b=3 s=89: applied=3, nested=True, p=0.000025, flip=False, error=none
  node_add b=5 s=89: applied=5, nested=True, p=0.000095, flip=False, error=none
  node_add b=1 s=101: applied=1, nested=True, p=0.000038, flip=False, error=none
  node_add b=3 s=101: applied=3, nested=True, p=0.000059, flip=False, error=none
  node_add b=5 s=101: applied=5, nested=True, p=0.000024, flip=False, error=none
  node_add b=1 s=137: applied=1, nested=True, p=0.000025, flip=False, error=none
  node_add b=3 s=137: applied=3, nested=True, p=0.000019, flip=False, error=none
  node_add b=5 s=137: applied=5, nested=True, p=0.000019, flip=False, error=none
  node_add b=1 s=2026: applied=1, nested=True, p=0.000025, flip=False, error=none
  node_add b=3 s=2026: applied=3, nested=True, p=0.000059, flip=False, error=none
  node_add b=5 s=2026: applied=5, nested=True, p=0.000059, flip=False, error=none
  node_delete b=1 s=7: applied=1, nested=True, p=0.000006, flip=False, error=none
  node_delete b=3 s=7: applied=2, nested=True, p=NA, flip=False, error=none
  node_delete b=5 s=7: applied=2, nested=True, p=NA, flip=False, error=none
  node_delete b=1 s=17: applied=1, nested=True, p=0.000006, flip=False, error=none
  node_delete b=3 s=17: applied=2, nested=True, p=NA, flip=False, error=none
  node_delete b=5 s=17: applied=2, nested=True, p=NA, flip=False, error=none
  node_delete b=1 s=29: applied=1, nested=True, p=0.000025, flip=False, error=none
  node_delete b=3 s=29: applied=2, nested=True, p=NA, flip=False, error=none
  node_delete b=5 s=29: applied=2, nested=True, p=NA, flip=False, error=none
  node_delete b=1 s=42: applied=1, nested=True, p=0.000025, flip=False, error=none
  node_delete b=3 s=42: applied=2, nested=True, p=NA, flip=False, error=none
  node_delete b=5 s=42: applied=2, nested=True, p=NA, flip=False, error=none
  node_delete b=1 s=61: applied=1, nested=True, p=0.000006, flip=False, error=none
  node_delete b=3 s=61: applied=2, nested=True, p=NA, flip=False, error=none
  node_delete b=5 s=61: applied=2, nested=True, p=NA, flip=False, error=none
  node_delete b=1 s=73: applied=1, nested=True, p=0.000006, flip=False, error=none
  node_delete b=3 s=73: applied=2, nested=True, p=NA, flip=False, error=none
  node_delete b=5 s=73: applied=2, nested=True, p=NA, flip=False, error=none
  node_delete b=1 s=89: applied=1, nested=True, p=0.000025, flip=False, error=none
  node_delete b=3 s=89: applied=2, nested=True, p=NA, flip=False, error=none
  node_delete b=5 s=89: applied=2, nested=True, p=NA, flip=False, error=none
  node_delete b=1 s=101: applied=1, nested=True, p=0.000025, flip=False, error=none
  node_delete b=3 s=101: applied=2, nested=True, p=NA, flip=False, error=none
  node_delete b=5 s=101: applied=2, nested=True, p=NA, flip=False, error=none
  node_delete b=1 s=137: applied=1, nested=True, p=0.000025, flip=False, error=none
  node_delete b=3 s=137: applied=2, nested=True, p=NA, flip=False, error=none
  node_delete b=5 s=137: applied=2, nested=True, p=NA, flip=False, error=none
  node_delete b=1 s=2026: applied=1, nested=True, p=0.000025, flip=False, error=none
  node_delete b=3 s=2026: applied=2, nested=True, p=NA, flip=False, error=none
  node_delete b=5 s=2026: applied=2, nested=True, p=NA, flip=False, error=none
  node_attribute_modify b=1 s=7: applied=1, nested=True, p=0.000025, flip=False, error=none
  node_attribute_modify b=3 s=7: applied=3, nested=True, p=0.000598, flip=False, error=none
  node_attribute_modify b=5 s=7: applied=5, nested=True, p=0.000598, flip=False, error=none
  node_attribute_modify b=1 s=17: applied=1, nested=True, p=0.000025, flip=False, error=none
  node_attribute_modify b=3 s=17: applied=3, nested=True, p=0.000598, flip=False, error=none
  node_attribute_modify b=5 s=17: applied=5, nested=True, p=0.000598, flip=False, error=none
  node_attribute_modify b=1 s=29: applied=1, nested=True, p=0.000025, flip=False, error=none
  node_attribute_modify b=3 s=29: applied=3, nested=True, p=0.100294, flip=False, error=none
  node_attribute_modify b=5 s=29: applied=5, nested=True, p=0.000598, flip=False, error=none
  node_attribute_modify b=1 s=42: applied=1, nested=True, p=0.000598, flip=False, error=none
  node_attribute_modify b=3 s=42: applied=3, nested=True, p=0.000598, flip=False, error=none
  node_attribute_modify b=5 s=42: applied=5, nested=True, p=0.100294, flip=False, error=none
  node_attribute_modify b=1 s=61: applied=1, nested=True, p=0.100294, flip=False, error=none
  node_attribute_modify b=3 s=61: applied=3, nested=True, p=0.100294, flip=False, error=none
  node_attribute_modify b=5 s=61: applied=5, nested=True, p=0.100294, flip=False, error=none
  node_attribute_modify b=1 s=73: applied=1, nested=True, p=0.000025, flip=False, error=none
  node_attribute_modify b=3 s=73: applied=3, nested=True, p=0.000598, flip=False, error=none
  node_attribute_modify b=5 s=73: applied=5, nested=True, p=0.100294, flip=False, error=none
  node_attribute_modify b=1 s=89: applied=1, nested=True, p=0.000025, flip=False, error=none
  node_attribute_modify b=3 s=89: applied=3, nested=True, p=0.100294, flip=False, error=none
  node_attribute_modify b=5 s=89: applied=5, nested=True, p=0.000598, flip=False, error=none
  node_attribute_modify b=1 s=101: applied=1, nested=True, p=0.000025, flip=False, error=none
  node_attribute_modify b=3 s=101: applied=3, nested=True, p=0.000598, flip=False, error=none
  node_attribute_modify b=5 s=101: applied=5, nested=True, p=0.000598, flip=False, error=none
  node_attribute_modify b=1 s=137: applied=1, nested=True, p=0.000025, flip=False, error=none
  node_attribute_modify b=3 s=137: applied=3, nested=True, p=0.000598, flip=False, error=none
  node_attribute_modify b=5 s=137: applied=5, nested=True, p=0.000598, flip=False, error=none
  node_attribute_modify b=1 s=2026: applied=1, nested=True, p=0.000025, flip=False, error=none
  node_attribute_modify b=3 s=2026: applied=3, nested=True, p=0.100294, flip=False, error=none
  node_attribute_modify b=5 s=2026: applied=5, nested=True, p=0.000598, flip=False, error=none
  edge_add b=1 s=7: applied=1, nested=True, p=0.051465, flip=False, error=none
  edge_add b=3 s=7: applied=3, nested=True, p=0.008085, flip=False, error=none
  edge_add b=5 s=7: applied=5, nested=True, p=0.004513, flip=False, error=none
  edge_add b=1 s=17: applied=1, nested=True, p=0.000006, flip=False, error=none
  edge_add b=3 s=17: applied=3, nested=True, p=0.000871, flip=False, error=none
  edge_add b=5 s=17: applied=5, nested=True, p=0.005987, flip=False, error=none
  edge_add b=1 s=29: applied=1, nested=True, p=0.000006, flip=False, error=none
  edge_add b=3 s=29: applied=3, nested=True, p=0.000088, flip=False, error=none
  edge_add b=5 s=29: applied=5, nested=True, p=0.033181, flip=False, error=none
  edge_add b=1 s=42: applied=1, nested=True, p=0.000032, flip=False, error=none
  edge_add b=3 s=42: applied=3, nested=True, p=0.000101, flip=False, error=none
  edge_add b=5 s=42: applied=5, nested=True, p=0.000138, flip=False, error=none
  edge_add b=1 s=61: applied=1, nested=True, p=0.072912, flip=False, error=none
  edge_add b=3 s=61: applied=3, nested=True, p=0.003644, flip=False, error=none
  edge_add b=5 s=61: applied=5, nested=True, p=0.000484, flip=False, error=none
  edge_add b=1 s=73: applied=1, nested=True, p=0.000170, flip=False, error=none
  edge_add b=3 s=73: applied=3, nested=True, p=0.000860, flip=False, error=none
  edge_add b=5 s=73: applied=5, nested=True, p=0.014640, flip=False, error=none
  edge_add b=1 s=89: applied=1, nested=True, p=0.000032, flip=False, error=none
  edge_add b=3 s=89: applied=3, nested=True, p=0.011881, flip=False, error=none
  edge_add b=5 s=89: applied=5, nested=True, p=0.008941, flip=False, error=none
  edge_add b=1 s=101: applied=1, nested=True, p=0.000006, flip=False, error=none
  edge_add b=3 s=101: applied=3, nested=True, p=0.006770, flip=False, error=none
  edge_add b=5 s=101: applied=5, nested=True, p=0.000996, flip=False, error=none
  edge_add b=1 s=137: applied=1, nested=True, p=0.000032, flip=False, error=none
  edge_add b=3 s=137: applied=3, nested=True, p=0.001540, flip=False, error=none
  edge_add b=5 s=137: applied=5, nested=True, p=0.007569, flip=False, error=none
  edge_add b=1 s=2026: applied=1, nested=True, p=0.000032, flip=False, error=none
  edge_add b=3 s=2026: applied=3, nested=True, p=0.053716, flip=False, error=none
  edge_add b=5 s=2026: applied=5, nested=True, p=0.018034, flip=False, error=none
  edge_delete b=1 s=7: applied=1, nested=True, p=0.000006, flip=False, error=none
  edge_delete b=3 s=7: applied=2, nested=True, p=NA, flip=False, error=none
  edge_delete b=5 s=7: applied=2, nested=True, p=NA, flip=False, error=none
  edge_delete b=1 s=17: applied=1, nested=True, p=0.000006, flip=False, error=none
  edge_delete b=3 s=17: applied=2, nested=True, p=NA, flip=False, error=none
  edge_delete b=5 s=17: applied=2, nested=True, p=NA, flip=False, error=none
  edge_delete b=1 s=29: applied=1, nested=True, p=0.000025, flip=False, error=none
  edge_delete b=3 s=29: applied=2, nested=True, p=NA, flip=False, error=none
  edge_delete b=5 s=29: applied=2, nested=True, p=NA, flip=False, error=none
  edge_delete b=1 s=42: applied=1, nested=True, p=0.000025, flip=False, error=none
  edge_delete b=3 s=42: applied=2, nested=True, p=NA, flip=False, error=none
  edge_delete b=5 s=42: applied=2, nested=True, p=NA, flip=False, error=none
  edge_delete b=1 s=61: applied=1, nested=True, p=0.000006, flip=False, error=none
  edge_delete b=3 s=61: applied=2, nested=True, p=NA, flip=False, error=none
  edge_delete b=5 s=61: applied=2, nested=True, p=NA, flip=False, error=none
  edge_delete b=1 s=73: applied=1, nested=True, p=0.000006, flip=False, error=none
  edge_delete b=3 s=73: applied=2, nested=True, p=NA, flip=False, error=none
  edge_delete b=5 s=73: applied=2, nested=True, p=NA, flip=False, error=none
  edge_delete b=1 s=89: applied=1, nested=True, p=0.000025, flip=False, error=none
  edge_delete b=3 s=89: applied=2, nested=True, p=NA, flip=False, error=none
  edge_delete b=5 s=89: applied=2, nested=True, p=NA, flip=False, error=none
  edge_delete b=1 s=101: applied=1, nested=True, p=0.000025, flip=False, error=none
  edge_delete b=3 s=101: applied=2, nested=True, p=NA, flip=False, error=none
  edge_delete b=5 s=101: applied=2, nested=True, p=NA, flip=False, error=none
  edge_delete b=1 s=137: applied=1, nested=True, p=0.000025, flip=False, error=none
  edge_delete b=3 s=137: applied=2, nested=True, p=NA, flip=False, error=none
  edge_delete b=5 s=137: applied=2, nested=True, p=NA, flip=False, error=none
  edge_delete b=1 s=2026: applied=1, nested=True, p=0.000025, flip=False, error=none
  edge_delete b=3 s=2026: applied=2, nested=True, p=NA, flip=False, error=none
  edge_delete b=5 s=2026: applied=2, nested=True, p=NA, flip=False, error=none
  edge_reconnect b=1 s=7: applied=1, nested=True, p=0.041098, flip=False, error=none
  edge_reconnect b=3 s=7: applied=3, nested=True, p=0.000025, flip=False, error=none
  edge_reconnect b=5 s=7: applied=5, nested=True, p=0.000756, flip=False, error=none
  edge_reconnect b=1 s=17: applied=1, nested=True, p=0.000006, flip=False, error=none
  edge_reconnect b=3 s=17: applied=3, nested=True, p=0.000006, flip=False, error=none
  edge_reconnect b=5 s=17: applied=5, nested=True, p=0.041098, flip=False, error=none
  edge_reconnect b=1 s=29: applied=1, nested=True, p=0.000756, flip=False, error=none
  edge_reconnect b=3 s=29: applied=3, nested=True, p=0.000756, flip=False, error=none
  edge_reconnect b=5 s=29: applied=5, nested=True, p=0.041098, flip=False, error=none
  edge_reconnect b=1 s=42: applied=1, nested=True, p=0.000756, flip=False, error=none
  edge_reconnect b=3 s=42: applied=3, nested=True, p=0.041098, flip=False, error=none
  edge_reconnect b=5 s=42: applied=5, nested=True, p=0.015719, flip=False, error=none
  edge_reconnect b=1 s=61: applied=1, nested=True, p=0.000006, flip=False, error=none
  edge_reconnect b=3 s=61: applied=3, nested=True, p=0.000756, flip=False, error=none
  edge_reconnect b=5 s=61: applied=5, nested=True, p=0.000756, flip=False, error=none
  edge_reconnect b=1 s=73: applied=1, nested=True, p=0.041098, flip=False, error=none
  edge_reconnect b=3 s=73: applied=3, nested=True, p=0.000756, flip=False, error=none
  edge_reconnect b=5 s=73: applied=5, nested=True, p=0.000006, flip=False, error=none
  edge_reconnect b=1 s=89: applied=1, nested=True, p=0.000756, flip=False, error=none
  edge_reconnect b=3 s=89: applied=3, nested=True, p=0.041098, flip=False, error=none
  edge_reconnect b=5 s=89: applied=5, nested=True, p=0.000006, flip=False, error=none
  edge_reconnect b=1 s=101: applied=1, nested=True, p=0.000025, flip=False, error=none
  edge_reconnect b=3 s=101: applied=3, nested=True, p=0.000025, flip=False, error=none
  edge_reconnect b=5 s=101: applied=5, nested=True, p=0.000025, flip=False, error=none
  edge_reconnect b=1 s=137: applied=1, nested=True, p=0.000756, flip=False, error=none
  edge_reconnect b=3 s=137: applied=3, nested=True, p=0.000006, flip=False, error=none
  edge_reconnect b=5 s=137: applied=5, nested=True, p=0.015719, flip=False, error=none
  edge_reconnect b=1 s=2026: applied=1, nested=True, p=0.000756, flip=False, error=none
  edge_reconnect b=3 s=2026: applied=3, nested=True, p=0.041098, flip=False, error=none
  edge_reconnect b=5 s=2026: applied=5, nested=True, p=0.000025, flip=False, error=none
[27/60] cwe119__07_non_vulnerable_09_non-vulnerable_83: baseline p=0.533740, label=1, PDG=20/23, XFG=17
  node_add b=1 s=7: applied=1, nested=True, p=0.533740, flip=False, error=none
  node_add b=3 s=7: applied=3, nested=True, p=0.533740, flip=False, error=none
  node_add b=5 s=7: applied=5, nested=True, p=0.533740, flip=False, error=none
  node_add b=1 s=17: applied=1, nested=True, p=0.533740, flip=False, error=none
  node_add b=3 s=17: applied=3, nested=True, p=0.533740, flip=False, error=none
  node_add b=5 s=17: applied=5, nested=True, p=0.533740, flip=False, error=none
  node_add b=1 s=29: applied=1, nested=True, p=0.533740, flip=False, error=none
  node_add b=3 s=29: applied=3, nested=True, p=0.533740, flip=False, error=none
  node_add b=5 s=29: applied=5, nested=True, p=0.533740, flip=False, error=none
  node_add b=1 s=42: applied=1, nested=True, p=0.533740, flip=False, error=none
  node_add b=3 s=42: applied=3, nested=True, p=0.533740, flip=False, error=none
  node_add b=5 s=42: applied=5, nested=True, p=0.533740, flip=False, error=none
  node_add b=1 s=61: applied=1, nested=True, p=0.533740, flip=False, error=none
  node_add b=3 s=61: applied=3, nested=True, p=0.533740, flip=False, error=none
  node_add b=5 s=61: applied=5, nested=True, p=0.533740, flip=False, error=none
  node_add b=1 s=73: applied=1, nested=True, p=0.533740, flip=False, error=none
  node_add b=3 s=73: applied=3, nested=True, p=0.533740, flip=False, error=none
  node_add b=5 s=73: applied=5, nested=True, p=0.533740, flip=False, error=none
  node_add b=1 s=89: applied=1, nested=True, p=0.533740, flip=False, error=none
  node_add b=3 s=89: applied=3, nested=True, p=0.533740, flip=False, error=none
  node_add b=5 s=89: applied=5, nested=True, p=0.533740, flip=False, error=none
  node_add b=1 s=101: applied=1, nested=True, p=0.533740, flip=False, error=none
  node_add b=3 s=101: applied=3, nested=True, p=0.533740, flip=False, error=none
  node_add b=5 s=101: applied=5, nested=True, p=0.533740, flip=False, error=none
  node_add b=1 s=137: applied=1, nested=True, p=0.533740, flip=False, error=none
  node_add b=3 s=137: applied=3, nested=True, p=0.533740, flip=False, error=none
  node_add b=5 s=137: applied=5, nested=True, p=0.533740, flip=False, error=none
  node_add b=1 s=2026: applied=1, nested=True, p=0.533740, flip=False, error=none
  node_add b=3 s=2026: applied=3, nested=True, p=0.533740, flip=False, error=none
  node_add b=5 s=2026: applied=5, nested=True, p=0.533740, flip=False, error=none
  node_delete b=1 s=7: applied=1, nested=True, p=0.533740, flip=False, error=none
  node_delete b=3 s=7: applied=3, nested=True, p=0.533740, flip=False, error=none
  node_delete b=5 s=7: applied=5, nested=True, p=0.533740, flip=False, error=none
  node_delete b=1 s=17: applied=1, nested=True, p=0.533740, flip=False, error=none
  node_delete b=3 s=17: applied=3, nested=True, p=0.533740, flip=False, error=none
  node_delete b=5 s=17: applied=5, nested=True, p=0.533740, flip=False, error=none
  node_delete b=1 s=29: applied=1, nested=True, p=0.533740, flip=False, error=none
  node_delete b=3 s=29: applied=3, nested=True, p=0.533740, flip=False, error=none
  node_delete b=5 s=29: applied=5, nested=True, p=0.533740, flip=False, error=none
  node_delete b=1 s=42: applied=1, nested=True, p=0.533740, flip=False, error=none
  node_delete b=3 s=42: applied=3, nested=True, p=0.533740, flip=False, error=none
  node_delete b=5 s=42: applied=5, nested=True, p=0.533740, flip=False, error=none
  node_delete b=1 s=61: applied=1, nested=True, p=0.533740, flip=False, error=none
  node_delete b=3 s=61: applied=3, nested=True, p=0.533740, flip=False, error=none
  node_delete b=5 s=61: applied=5, nested=True, p=0.533740, flip=False, error=none
  node_delete b=1 s=73: applied=1, nested=True, p=0.533740, flip=False, error=none
  node_delete b=3 s=73: applied=3, nested=True, p=0.533740, flip=False, error=none
  node_delete b=5 s=73: applied=5, nested=True, p=0.533740, flip=False, error=none
  node_delete b=1 s=89: applied=1, nested=True, p=0.533740, flip=False, error=none
  node_delete b=3 s=89: applied=3, nested=True, p=0.533740, flip=False, error=none
  node_delete b=5 s=89: applied=5, nested=True, p=0.533740, flip=False, error=none
  node_delete b=1 s=101: applied=1, nested=True, p=0.533740, flip=False, error=none
  node_delete b=3 s=101: applied=3, nested=True, p=0.533740, flip=False, error=none
  node_delete b=5 s=101: applied=5, nested=True, p=0.533740, flip=False, error=none
  node_delete b=1 s=137: applied=1, nested=True, p=0.533740, flip=False, error=none
  node_delete b=3 s=137: applied=3, nested=True, p=0.533740, flip=False, error=none
  node_delete b=5 s=137: applied=5, nested=True, p=0.533740, flip=False, error=none
  node_delete b=1 s=2026: applied=1, nested=True, p=0.533740, flip=False, error=none
  node_delete b=3 s=2026: applied=3, nested=True, p=0.533740, flip=False, error=none
  node_delete b=5 s=2026: applied=5, nested=True, p=0.533740, flip=False, error=none
  node_attribute_modify b=1 s=7: applied=1, nested=True, p=0.533740, flip=False, error=none
  node_attribute_modify b=3 s=7: applied=3, nested=True, p=0.533740, flip=False, error=none
  node_attribute_modify b=5 s=7: applied=5, nested=True, p=0.533740, flip=False, error=none
  node_attribute_modify b=1 s=17: applied=1, nested=True, p=0.533740, flip=False, error=none
  node_attribute_modify b=3 s=17: applied=3, nested=True, p=0.533740, flip=False, error=none
  node_attribute_modify b=5 s=17: applied=5, nested=True, p=0.533740, flip=False, error=none
  node_attribute_modify b=1 s=29: applied=1, nested=True, p=0.533740, flip=False, error=none
  node_attribute_modify b=3 s=29: applied=3, nested=True, p=0.533740, flip=False, error=none
  node_attribute_modify b=5 s=29: applied=5, nested=True, p=0.533740, flip=False, error=none
  node_attribute_modify b=1 s=42: applied=1, nested=True, p=0.533740, flip=False, error=none
  node_attribute_modify b=3 s=42: applied=3, nested=True, p=0.533740, flip=False, error=none
  node_attribute_modify b=5 s=42: applied=5, nested=True, p=0.533740, flip=False, error=none
  node_attribute_modify b=1 s=61: applied=1, nested=True, p=0.533740, flip=False, error=none
  node_attribute_modify b=3 s=61: applied=3, nested=True, p=0.533740, flip=False, error=none
  node_attribute_modify b=5 s=61: applied=5, nested=True, p=0.533740, flip=False, error=none
  node_attribute_modify b=1 s=73: applied=1, nested=True, p=0.533740, flip=False, error=none
  node_attribute_modify b=3 s=73: applied=3, nested=True, p=0.533740, flip=False, error=none
  node_attribute_modify b=5 s=73: applied=5, nested=True, p=0.533740, flip=False, error=none
  node_attribute_modify b=1 s=89: applied=1, nested=True, p=0.533740, flip=False, error=none
  node_attribute_modify b=3 s=89: applied=3, nested=True, p=0.533740, flip=False, error=none
  node_attribute_modify b=5 s=89: applied=5, nested=True, p=0.533740, flip=False, error=none
  node_attribute_modify b=1 s=101: applied=1, nested=True, p=0.533740, flip=False, error=none
  node_attribute_modify b=3 s=101: applied=3, nested=True, p=0.533740, flip=False, error=none
  node_attribute_modify b=5 s=101: applied=5, nested=True, p=0.533740, flip=False, error=none
  node_attribute_modify b=1 s=137: applied=1, nested=True, p=0.533740, flip=False, error=none
  node_attribute_modify b=3 s=137: applied=3, nested=True, p=0.533740, flip=False, error=none
  node_attribute_modify b=5 s=137: applied=5, nested=True, p=0.533740, flip=False, error=none
  node_attribute_modify b=1 s=2026: applied=1, nested=True, p=0.533740, flip=False, error=none
  node_attribute_modify b=3 s=2026: applied=3, nested=True, p=0.533740, flip=False, error=none
  node_attribute_modify b=5 s=2026: applied=5, nested=True, p=0.533740, flip=False, error=none
  edge_add b=1 s=7: applied=1, nested=True, p=0.533740, flip=False, error=none
  edge_add b=3 s=7: applied=3, nested=True, p=0.533740, flip=False, error=none
  edge_add b=5 s=7: applied=5, nested=True, p=0.000212, flip=True, error=none
  edge_add b=1 s=17: applied=1, nested=True, p=0.533740, flip=False, error=none
  edge_add b=3 s=17: applied=3, nested=True, p=0.533740, flip=False, error=none
  edge_add b=5 s=17: applied=5, nested=True, p=0.533740, flip=False, error=none
  edge_add b=1 s=29: applied=1, nested=True, p=0.533740, flip=False, error=none
  edge_add b=3 s=29: applied=3, nested=True, p=0.533740, flip=False, error=none
  edge_add b=5 s=29: applied=5, nested=True, p=0.533740, flip=False, error=none
  edge_add b=1 s=42: applied=1, nested=True, p=0.533740, flip=False, error=none
  edge_add b=3 s=42: applied=3, nested=True, p=0.533740, flip=False, error=none
  edge_add b=5 s=42: applied=5, nested=True, p=0.533740, flip=False, error=none
  edge_add b=1 s=61: applied=1, nested=True, p=0.876182, flip=False, error=none
  edge_add b=3 s=61: applied=3, nested=True, p=0.876182, flip=False, error=none
  edge_add b=5 s=61: applied=5, nested=True, p=0.533740, flip=False, error=none
  edge_add b=1 s=73: applied=1, nested=True, p=0.533740, flip=False, error=none
  edge_add b=3 s=73: applied=3, nested=True, p=0.876182, flip=False, error=none
  edge_add b=5 s=73: applied=5, nested=True, p=0.941678, flip=False, error=none
  edge_add b=1 s=89: applied=1, nested=True, p=0.533740, flip=False, error=none
  edge_add b=3 s=89: applied=3, nested=True, p=0.533740, flip=False, error=none
  edge_add b=5 s=89: applied=5, nested=True, p=0.533740, flip=False, error=none
  edge_add b=1 s=101: applied=1, nested=True, p=0.533740, flip=False, error=none
  edge_add b=3 s=101: applied=3, nested=True, p=0.533740, flip=False, error=none
  edge_add b=5 s=101: applied=5, nested=True, p=0.533740, flip=False, error=none
  edge_add b=1 s=137: applied=1, nested=True, p=0.533740, flip=False, error=none
  edge_add b=3 s=137: applied=3, nested=True, p=0.533740, flip=False, error=none
  edge_add b=5 s=137: applied=5, nested=True, p=0.533740, flip=False, error=none
  edge_add b=1 s=2026: applied=1, nested=True, p=0.533740, flip=False, error=none
  edge_add b=3 s=2026: applied=3, nested=True, p=0.876182, flip=False, error=none
  edge_add b=5 s=2026: applied=5, nested=True, p=0.945634, flip=False, error=none
  edge_delete b=1 s=7: applied=1, nested=True, p=0.533740, flip=False, error=none
  edge_delete b=3 s=7: applied=3, nested=True, p=0.533740, flip=False, error=none
  edge_delete b=5 s=7: applied=5, nested=True, p=0.533740, flip=False, error=none
  edge_delete b=1 s=17: applied=1, nested=True, p=0.533740, flip=False, error=none
  edge_delete b=3 s=17: applied=3, nested=True, p=0.533740, flip=False, error=none
  edge_delete b=5 s=17: applied=5, nested=True, p=0.533740, flip=False, error=none
  edge_delete b=1 s=29: applied=1, nested=True, p=0.533740, flip=False, error=none
  edge_delete b=3 s=29: applied=3, nested=True, p=0.533740, flip=False, error=none
  edge_delete b=5 s=29: applied=5, nested=True, p=0.533740, flip=False, error=none
  edge_delete b=1 s=42: applied=1, nested=True, p=0.533740, flip=False, error=none
  edge_delete b=3 s=42: applied=3, nested=True, p=0.533740, flip=False, error=none
  edge_delete b=5 s=42: applied=5, nested=True, p=0.533740, flip=False, error=none
  edge_delete b=1 s=61: applied=1, nested=True, p=0.533740, flip=False, error=none
  edge_delete b=3 s=61: applied=3, nested=True, p=0.533740, flip=False, error=none
  edge_delete b=5 s=61: applied=5, nested=True, p=0.533740, flip=False, error=none
  edge_delete b=1 s=73: applied=1, nested=True, p=0.533740, flip=False, error=none
  edge_delete b=3 s=73: applied=3, nested=True, p=0.533740, flip=False, error=none
  edge_delete b=5 s=73: applied=5, nested=True, p=0.533740, flip=False, error=none
  edge_delete b=1 s=89: applied=1, nested=True, p=0.533740, flip=False, error=none
  edge_delete b=3 s=89: applied=3, nested=True, p=0.533740, flip=False, error=none
  edge_delete b=5 s=89: applied=5, nested=True, p=0.533740, flip=False, error=none
  edge_delete b=1 s=101: applied=1, nested=True, p=0.533740, flip=False, error=none
  edge_delete b=3 s=101: applied=3, nested=True, p=0.533740, flip=False, error=none
  edge_delete b=5 s=101: applied=5, nested=True, p=0.533740, flip=False, error=none
  edge_delete b=1 s=137: applied=1, nested=True, p=0.533740, flip=False, error=none
  edge_delete b=3 s=137: applied=3, nested=True, p=0.533740, flip=False, error=none
  edge_delete b=5 s=137: applied=5, nested=True, p=0.533740, flip=False, error=none
  edge_delete b=1 s=2026: applied=1, nested=True, p=0.533740, flip=False, error=none
  edge_delete b=3 s=2026: applied=3, nested=True, p=0.533740, flip=False, error=none
  edge_delete b=5 s=2026: applied=5, nested=True, p=0.533740, flip=False, error=none
  edge_reconnect b=1 s=7: applied=1, nested=True, p=0.533740, flip=False, error=none
  edge_reconnect b=3 s=7: applied=3, nested=True, p=0.533740, flip=False, error=none
  edge_reconnect b=5 s=7: applied=5, nested=True, p=0.000011, flip=True, error=none
  edge_reconnect b=1 s=17: applied=1, nested=True, p=0.533740, flip=False, error=none
  edge_reconnect b=3 s=17: applied=3, nested=True, p=0.533740, flip=False, error=none
  edge_reconnect b=5 s=17: applied=5, nested=True, p=0.533740, flip=False, error=none
  edge_reconnect b=1 s=29: applied=1, nested=True, p=0.533740, flip=False, error=none
  edge_reconnect b=3 s=29: applied=3, nested=True, p=0.533740, flip=False, error=none
  edge_reconnect b=5 s=29: applied=5, nested=True, p=0.533740, flip=False, error=none
  edge_reconnect b=1 s=42: applied=1, nested=True, p=0.533740, flip=False, error=none
  edge_reconnect b=3 s=42: applied=3, nested=True, p=0.533740, flip=False, error=none
  edge_reconnect b=5 s=42: applied=5, nested=True, p=0.533740, flip=False, error=none
  edge_reconnect b=1 s=61: applied=1, nested=True, p=0.533740, flip=False, error=none
  edge_reconnect b=3 s=61: applied=3, nested=True, p=0.533740, flip=False, error=none
  edge_reconnect b=5 s=61: applied=5, nested=True, p=0.533740, flip=False, error=none
  edge_reconnect b=1 s=73: applied=1, nested=True, p=0.533740, flip=False, error=none
  edge_reconnect b=3 s=73: applied=3, nested=True, p=0.533740, flip=False, error=none
  edge_reconnect b=5 s=73: applied=5, nested=True, p=0.533740, flip=False, error=none
  edge_reconnect b=1 s=89: applied=1, nested=True, p=0.533740, flip=False, error=none
  edge_reconnect b=3 s=89: applied=3, nested=True, p=0.533740, flip=False, error=none
  edge_reconnect b=5 s=89: applied=5, nested=True, p=0.533740, flip=False, error=none
  edge_reconnect b=1 s=101: applied=1, nested=True, p=0.533740, flip=False, error=none
  edge_reconnect b=3 s=101: applied=3, nested=True, p=0.533740, flip=False, error=none
  edge_reconnect b=5 s=101: applied=5, nested=True, p=0.000011, flip=True, error=none
  edge_reconnect b=1 s=137: applied=1, nested=True, p=0.533740, flip=False, error=none
  edge_reconnect b=3 s=137: applied=3, nested=True, p=0.533740, flip=False, error=none
  edge_reconnect b=5 s=137: applied=5, nested=True, p=0.533740, flip=False, error=none
  edge_reconnect b=1 s=2026: applied=1, nested=True, p=0.533740, flip=False, error=none
  edge_reconnect b=3 s=2026: applied=3, nested=True, p=0.533740, flip=False, error=none
  edge_reconnect b=5 s=2026: applied=5, nested=True, p=0.000011, flip=True, error=none
[28/60] cwe119__08_non_vulnerable_10_non-vulnerable_43: baseline p=0.925356, label=1, PDG=16/18, XFG=8
  node_add b=1 s=7: applied=1, nested=True, p=0.925356, flip=False, error=none
  node_add b=3 s=7: applied=3, nested=True, p=0.925356, flip=False, error=none
  node_add b=5 s=7: applied=5, nested=True, p=0.934011, flip=False, error=none
  node_add b=1 s=17: applied=1, nested=True, p=0.925356, flip=False, error=none
  node_add b=3 s=17: applied=3, nested=True, p=0.925356, flip=False, error=none
  node_add b=5 s=17: applied=5, nested=True, p=0.925356, flip=False, error=none
  node_add b=1 s=29: applied=1, nested=True, p=0.934011, flip=False, error=none
  node_add b=3 s=29: applied=3, nested=True, p=0.934011, flip=False, error=none
  node_add b=5 s=29: applied=5, nested=True, p=0.591265, flip=False, error=none
  node_add b=1 s=42: applied=1, nested=True, p=0.925356, flip=False, error=none
  node_add b=3 s=42: applied=3, nested=True, p=0.925356, flip=False, error=none
  node_add b=5 s=42: applied=5, nested=True, p=0.925356, flip=False, error=none
  node_add b=1 s=61: applied=1, nested=True, p=0.925356, flip=False, error=none
  node_add b=3 s=61: applied=3, nested=True, p=0.925356, flip=False, error=none
  node_add b=5 s=61: applied=5, nested=True, p=0.925356, flip=False, error=none
  node_add b=1 s=73: applied=1, nested=True, p=0.925356, flip=False, error=none
  node_add b=3 s=73: applied=3, nested=True, p=0.925356, flip=False, error=none
  node_add b=5 s=73: applied=5, nested=True, p=0.925356, flip=False, error=none
  node_add b=1 s=89: applied=1, nested=True, p=0.934011, flip=False, error=none
  node_add b=3 s=89: applied=3, nested=True, p=0.934011, flip=False, error=none
  node_add b=5 s=89: applied=5, nested=True, p=0.592679, flip=False, error=none
  node_add b=1 s=101: applied=1, nested=True, p=0.925356, flip=False, error=none
  node_add b=3 s=101: applied=3, nested=True, p=0.925356, flip=False, error=none
  node_add b=5 s=101: applied=5, nested=True, p=0.925356, flip=False, error=none
  node_add b=1 s=137: applied=1, nested=True, p=0.934011, flip=False, error=none
  node_add b=3 s=137: applied=3, nested=True, p=0.934011, flip=False, error=none
  node_add b=5 s=137: applied=5, nested=True, p=0.934011, flip=False, error=none
  node_add b=1 s=2026: applied=1, nested=True, p=0.925356, flip=False, error=none
  node_add b=3 s=2026: applied=3, nested=True, p=0.925356, flip=False, error=none
  node_add b=5 s=2026: applied=5, nested=True, p=0.925356, flip=False, error=none
  node_delete b=1 s=7: applied=1, nested=True, p=0.925356, flip=False, error=none
  node_delete b=3 s=7: applied=3, nested=True, p=0.000000, flip=True, error=none
  node_delete b=5 s=7: applied=5, nested=True, p=NA, flip=False, error=none
  node_delete b=1 s=17: applied=1, nested=True, p=0.925356, flip=False, error=none
  node_delete b=3 s=17: applied=3, nested=True, p=0.925356, flip=False, error=none
  node_delete b=5 s=17: applied=5, nested=True, p=0.925353, flip=False, error=none
  node_delete b=1 s=29: applied=1, nested=True, p=0.000000, flip=True, error=none
  node_delete b=3 s=29: applied=3, nested=True, p=0.000000, flip=True, error=none
  node_delete b=5 s=29: applied=5, nested=True, p=0.000000, flip=True, error=none
  node_delete b=1 s=42: applied=1, nested=True, p=0.000000, flip=True, error=none
  node_delete b=3 s=42: applied=3, nested=True, p=0.000000, flip=True, error=none
  node_delete b=5 s=42: applied=5, nested=True, p=0.000000, flip=True, error=none
  node_delete b=1 s=61: applied=1, nested=True, p=0.925356, flip=False, error=none
  node_delete b=3 s=61: applied=3, nested=True, p=0.000000, flip=True, error=none
  node_delete b=5 s=61: applied=5, nested=True, p=NA, flip=False, error=none
  node_delete b=1 s=73: applied=1, nested=True, p=0.925353, flip=False, error=none
  node_delete b=3 s=73: applied=3, nested=True, p=0.000000, flip=True, error=none
  node_delete b=5 s=73: applied=5, nested=True, p=0.000000, flip=True, error=none
  node_delete b=1 s=89: applied=1, nested=True, p=0.000000, flip=True, error=none
  node_delete b=3 s=89: applied=3, nested=True, p=0.000000, flip=True, error=none
  node_delete b=5 s=89: applied=5, nested=True, p=0.000000, flip=True, error=none
  node_delete b=1 s=101: applied=1, nested=True, p=0.925356, flip=False, error=none
  node_delete b=3 s=101: applied=3, nested=True, p=0.925356, flip=False, error=none
  node_delete b=5 s=101: applied=5, nested=True, p=0.000001, flip=True, error=none
  node_delete b=1 s=137: applied=1, nested=True, p=0.000000, flip=True, error=none
  node_delete b=3 s=137: applied=3, nested=True, p=0.000001, flip=True, error=none
  node_delete b=5 s=137: applied=5, nested=True, p=NA, flip=False, error=none
  node_delete b=1 s=2026: applied=1, nested=True, p=0.000000, flip=True, error=none
  node_delete b=3 s=2026: applied=3, nested=True, p=0.000000, flip=True, error=none
  node_delete b=5 s=2026: applied=5, nested=True, p=0.000000, flip=True, error=none
  node_attribute_modify b=1 s=7: applied=1, nested=True, p=0.925356, flip=False, error=none
  node_attribute_modify b=3 s=7: applied=3, nested=True, p=0.000000, flip=True, error=none
  node_attribute_modify b=5 s=7: applied=5, nested=True, p=0.000000, flip=True, error=none
  node_attribute_modify b=1 s=17: applied=1, nested=True, p=0.925356, flip=False, error=none
  node_attribute_modify b=3 s=17: applied=3, nested=True, p=0.925356, flip=False, error=none
  node_attribute_modify b=5 s=17: applied=5, nested=True, p=0.925356, flip=False, error=none
  node_attribute_modify b=1 s=29: applied=1, nested=True, p=0.925356, flip=False, error=none
  node_attribute_modify b=3 s=29: applied=3, nested=True, p=0.000000, flip=True, error=none
  node_attribute_modify b=5 s=29: applied=5, nested=True, p=0.000000, flip=True, error=none
  node_attribute_modify b=1 s=42: applied=1, nested=True, p=0.925356, flip=False, error=none
  node_attribute_modify b=3 s=42: applied=3, nested=True, p=0.000000, flip=True, error=none
  node_attribute_modify b=5 s=42: applied=5, nested=True, p=0.000000, flip=True, error=none
  node_attribute_modify b=1 s=61: applied=1, nested=True, p=0.925356, flip=False, error=none
  node_attribute_modify b=3 s=61: applied=3, nested=True, p=0.801268, flip=False, error=none
  node_attribute_modify b=5 s=61: applied=5, nested=True, p=0.764499, flip=False, error=none
  node_attribute_modify b=1 s=73: applied=1, nested=True, p=0.925356, flip=False, error=none
  node_attribute_modify b=3 s=73: applied=3, nested=True, p=0.912816, flip=False, error=none
  node_attribute_modify b=5 s=73: applied=5, nested=True, p=0.912816, flip=False, error=none
  node_attribute_modify b=1 s=89: applied=1, nested=True, p=0.000000, flip=True, error=none
  node_attribute_modify b=3 s=89: applied=3, nested=True, p=0.000000, flip=True, error=none
  node_attribute_modify b=5 s=89: applied=5, nested=True, p=0.000000, flip=True, error=none
  node_attribute_modify b=1 s=101: applied=1, nested=True, p=0.925356, flip=False, error=none
  node_attribute_modify b=3 s=101: applied=3, nested=True, p=0.139443, flip=True, error=none
  node_attribute_modify b=5 s=101: applied=5, nested=True, p=0.139443, flip=True, error=none
  node_attribute_modify b=1 s=137: applied=1, nested=True, p=0.000000, flip=True, error=none
  node_attribute_modify b=3 s=137: applied=3, nested=True, p=0.000000, flip=True, error=none
  node_attribute_modify b=5 s=137: applied=5, nested=True, p=0.000000, flip=True, error=none
  node_attribute_modify b=1 s=2026: applied=1, nested=True, p=0.912816, flip=False, error=none
  node_attribute_modify b=3 s=2026: applied=3, nested=True, p=0.912816, flip=False, error=none
  node_attribute_modify b=5 s=2026: applied=5, nested=True, p=0.912816, flip=False, error=none
  edge_add b=1 s=7: applied=1, nested=True, p=0.925356, flip=False, error=none
  edge_add b=3 s=7: applied=3, nested=True, p=0.934542, flip=False, error=none
  edge_add b=5 s=7: applied=5, nested=True, p=0.000000, flip=True, error=none
  edge_add b=1 s=17: applied=1, nested=True, p=0.925356, flip=False, error=none
  edge_add b=3 s=17: applied=3, nested=True, p=0.993364, flip=False, error=none
  edge_add b=5 s=17: applied=5, nested=True, p=0.993364, flip=False, error=none
  edge_add b=1 s=29: applied=1, nested=True, p=0.925356, flip=False, error=none
  edge_add b=3 s=29: applied=3, nested=True, p=0.925356, flip=False, error=none
  edge_add b=5 s=29: applied=5, nested=True, p=0.925356, flip=False, error=none
  edge_add b=1 s=42: applied=1, nested=True, p=0.925356, flip=False, error=none
  edge_add b=3 s=42: applied=3, nested=True, p=0.956547, flip=False, error=none
  edge_add b=5 s=42: applied=5, nested=True, p=0.000047, flip=True, error=none
  edge_add b=1 s=61: applied=1, nested=True, p=0.925356, flip=False, error=none
  edge_add b=3 s=61: applied=3, nested=True, p=0.925356, flip=False, error=none
  edge_add b=5 s=61: applied=5, nested=True, p=0.113565, flip=True, error=none
  edge_add b=1 s=73: applied=1, nested=True, p=0.000000, flip=True, error=none
  edge_add b=3 s=73: applied=3, nested=True, p=0.000000, flip=True, error=none
  edge_add b=5 s=73: applied=5, nested=True, p=0.000000, flip=True, error=none
  edge_add b=1 s=89: applied=1, nested=True, p=0.925356, flip=False, error=none
  edge_add b=3 s=89: applied=3, nested=True, p=0.925356, flip=False, error=none
  edge_add b=5 s=89: applied=5, nested=True, p=0.000570, flip=True, error=none
  edge_add b=1 s=101: applied=1, nested=True, p=0.925356, flip=False, error=none
  edge_add b=3 s=101: applied=3, nested=True, p=0.925356, flip=False, error=none
  edge_add b=5 s=101: applied=5, nested=True, p=0.000024, flip=True, error=none
  edge_add b=1 s=137: applied=1, nested=True, p=0.959504, flip=False, error=none
  edge_add b=3 s=137: applied=3, nested=True, p=0.925356, flip=False, error=none
  edge_add b=5 s=137: applied=5, nested=True, p=0.000000, flip=True, error=none
  edge_add b=1 s=2026: applied=1, nested=True, p=0.924743, flip=False, error=none
  edge_add b=3 s=2026: applied=3, nested=True, p=0.924743, flip=False, error=none
  edge_add b=5 s=2026: applied=5, nested=True, p=0.000000, flip=True, error=none
  edge_delete b=1 s=7: applied=1, nested=True, p=0.925356, flip=False, error=none
  edge_delete b=3 s=7: applied=3, nested=True, p=0.925356, flip=False, error=none
  edge_delete b=5 s=7: applied=5, nested=True, p=0.000001, flip=True, error=none
  edge_delete b=1 s=17: applied=1, nested=True, p=0.925356, flip=False, error=none
  edge_delete b=3 s=17: applied=3, nested=True, p=0.925353, flip=False, error=none
  edge_delete b=5 s=17: applied=5, nested=True, p=0.925353, flip=False, error=none
  edge_delete b=1 s=29: applied=1, nested=True, p=0.925356, flip=False, error=none
  edge_delete b=3 s=29: applied=3, nested=True, p=0.925356, flip=False, error=none
  edge_delete b=5 s=29: applied=5, nested=True, p=0.925356, flip=False, error=none
  edge_delete b=1 s=42: applied=1, nested=True, p=0.925356, flip=False, error=none
  edge_delete b=3 s=42: applied=3, nested=True, p=0.000000, flip=True, error=none
  edge_delete b=5 s=42: applied=5, nested=True, p=0.000000, flip=True, error=none
  edge_delete b=1 s=61: applied=1, nested=True, p=0.925356, flip=False, error=none
  edge_delete b=3 s=61: applied=3, nested=True, p=0.925356, flip=False, error=none
  edge_delete b=5 s=61: applied=5, nested=True, p=0.925356, flip=False, error=none
  edge_delete b=1 s=73: applied=1, nested=True, p=0.925356, flip=False, error=none
  edge_delete b=3 s=73: applied=3, nested=True, p=0.925356, flip=False, error=none
  edge_delete b=5 s=73: applied=5, nested=True, p=0.925356, flip=False, error=none
  edge_delete b=1 s=89: applied=1, nested=True, p=0.925356, flip=False, error=none
  edge_delete b=3 s=89: applied=3, nested=True, p=0.925353, flip=False, error=none
  edge_delete b=5 s=89: applied=5, nested=True, p=0.925353, flip=False, error=none
  edge_delete b=1 s=101: applied=1, nested=True, p=0.925356, flip=False, error=none
  edge_delete b=3 s=101: applied=3, nested=True, p=0.925356, flip=False, error=none
  edge_delete b=5 s=101: applied=5, nested=True, p=0.000000, flip=True, error=none
  edge_delete b=1 s=137: applied=1, nested=True, p=0.925356, flip=False, error=none
  edge_delete b=3 s=137: applied=3, nested=True, p=0.925356, flip=False, error=none
  edge_delete b=5 s=137: applied=5, nested=True, p=0.925356, flip=False, error=none
  edge_delete b=1 s=2026: applied=1, nested=True, p=0.925356, flip=False, error=none
  edge_delete b=3 s=2026: applied=3, nested=True, p=0.925356, flip=False, error=none
  edge_delete b=5 s=2026: applied=5, nested=True, p=0.925356, flip=False, error=none
  edge_reconnect b=1 s=7: applied=1, nested=True, p=0.000000, flip=True, error=none
  edge_reconnect b=3 s=7: applied=3, nested=True, p=0.925356, flip=False, error=none
  edge_reconnect b=5 s=7: applied=5, nested=True, p=0.000000, flip=True, error=none
  edge_reconnect b=1 s=17: applied=1, nested=True, p=0.925356, flip=False, error=none
  edge_reconnect b=3 s=17: applied=3, nested=True, p=0.982541, flip=False, error=none
  edge_reconnect b=5 s=17: applied=5, nested=True, p=0.982541, flip=False, error=none
  edge_reconnect b=1 s=29: applied=1, nested=True, p=0.925356, flip=False, error=none
  edge_reconnect b=3 s=29: applied=3, nested=True, p=0.027134, flip=True, error=none
  edge_reconnect b=5 s=29: applied=5, nested=True, p=0.027134, flip=True, error=none
  edge_reconnect b=1 s=42: applied=1, nested=True, p=0.925356, flip=False, error=none
  edge_reconnect b=3 s=42: applied=3, nested=True, p=0.956906, flip=False, error=none
  edge_reconnect b=5 s=42: applied=5, nested=True, p=0.000000, flip=True, error=none
  edge_reconnect b=1 s=61: applied=1, nested=True, p=0.973263, flip=False, error=none
  edge_reconnect b=3 s=61: applied=3, nested=True, p=0.925356, flip=False, error=none
  edge_reconnect b=5 s=61: applied=5, nested=True, p=0.000009, flip=True, error=none
  edge_reconnect b=1 s=73: applied=1, nested=True, p=0.808228, flip=False, error=none
  edge_reconnect b=3 s=73: applied=3, nested=True, p=0.982541, flip=False, error=none
  edge_reconnect b=5 s=73: applied=5, nested=True, p=0.982541, flip=False, error=none
  edge_reconnect b=1 s=89: applied=1, nested=True, p=0.028089, flip=True, error=none
  edge_reconnect b=3 s=89: applied=3, nested=True, p=0.818452, flip=False, error=none
  edge_reconnect b=5 s=89: applied=5, nested=True, p=0.859296, flip=False, error=none
  edge_reconnect b=1 s=101: applied=1, nested=True, p=0.000000, flip=True, error=none
  edge_reconnect b=3 s=101: applied=3, nested=True, p=0.000000, flip=True, error=none
  edge_reconnect b=5 s=101: applied=5, nested=True, p=0.000044, flip=True, error=none
  edge_reconnect b=1 s=137: applied=1, nested=True, p=0.959502, flip=False, error=none
  edge_reconnect b=3 s=137: applied=3, nested=True, p=0.944550, flip=False, error=none
  edge_reconnect b=5 s=137: applied=5, nested=True, p=0.925356, flip=False, error=none
  edge_reconnect b=1 s=2026: applied=1, nested=True, p=0.925356, flip=False, error=none
  edge_reconnect b=3 s=2026: applied=3, nested=True, p=0.000000, flip=True, error=none
  edge_reconnect b=5 s=2026: applied=5, nested=True, p=0.000000, flip=True, error=none
[29/60] cwe119__09_vulnerable_CWE121_Stack_Based_Buffer_Overflow__: baseline p=0.162205, label=0, PDG=5/4, XFG=4
  node_add b=1 s=7: applied=1, nested=True, p=0.162205, flip=False, error=none
  node_add b=3 s=7: applied=3, nested=True, p=0.413959, flip=False, error=none
  node_add b=5 s=7: applied=5, nested=True, p=0.223695, flip=False, error=none
  node_add b=1 s=17: applied=1, nested=True, p=0.162205, flip=False, error=none
  node_add b=3 s=17: applied=3, nested=True, p=0.162205, flip=False, error=none
  node_add b=5 s=17: applied=5, nested=True, p=0.162205, flip=False, error=none
  node_add b=1 s=29: applied=1, nested=True, p=0.162205, flip=False, error=none
  node_add b=3 s=29: applied=3, nested=True, p=0.162205, flip=False, error=none
  node_add b=5 s=29: applied=5, nested=True, p=0.413959, flip=False, error=none
  node_add b=1 s=42: applied=1, nested=True, p=0.162205, flip=False, error=none
  node_add b=3 s=42: applied=3, nested=True, p=0.162205, flip=False, error=none
  node_add b=5 s=42: applied=5, nested=True, p=0.162205, flip=False, error=none
  node_add b=1 s=61: applied=1, nested=True, p=0.162205, flip=False, error=none
  node_add b=3 s=61: applied=3, nested=True, p=0.413959, flip=False, error=none
  node_add b=5 s=61: applied=5, nested=True, p=0.413959, flip=False, error=none
  node_add b=1 s=73: applied=1, nested=True, p=0.162205, flip=False, error=none
  node_add b=3 s=73: applied=3, nested=True, p=0.162205, flip=False, error=none
  node_add b=5 s=73: applied=5, nested=True, p=0.162205, flip=False, error=none
  node_add b=1 s=89: applied=1, nested=True, p=0.162205, flip=False, error=none
  node_add b=3 s=89: applied=3, nested=True, p=0.162205, flip=False, error=none
  node_add b=5 s=89: applied=5, nested=True, p=0.162205, flip=False, error=none
  node_add b=1 s=101: applied=1, nested=True, p=0.162205, flip=False, error=none
  node_add b=3 s=101: applied=3, nested=True, p=0.413959, flip=False, error=none
  node_add b=5 s=101: applied=5, nested=True, p=0.413959, flip=False, error=none
  node_add b=1 s=137: applied=1, nested=True, p=0.162205, flip=False, error=none
  node_add b=3 s=137: applied=3, nested=True, p=0.413959, flip=False, error=none
  node_add b=5 s=137: applied=5, nested=True, p=0.413959, flip=False, error=none
  node_add b=1 s=2026: applied=1, nested=True, p=0.162205, flip=False, error=none
  node_add b=3 s=2026: applied=3, nested=True, p=0.162205, flip=False, error=none
  node_add b=5 s=2026: applied=5, nested=True, p=0.413959, flip=False, error=none
  node_delete b=1 s=7: applied=1, nested=True, p=0.162205, flip=False, error=none
  node_delete b=3 s=7: applied=3, nested=True, p=NA, flip=False, error=none
  node_delete b=5 s=7: applied=3, nested=True, p=NA, flip=False, error=none
  node_delete b=1 s=17: applied=1, nested=True, p=0.102379, flip=False, error=none
  node_delete b=3 s=17: applied=3, nested=True, p=NA, flip=False, error=none
  node_delete b=5 s=17: applied=3, nested=True, p=NA, flip=False, error=none
  node_delete b=1 s=29: applied=1, nested=True, p=0.102379, flip=False, error=none
  node_delete b=3 s=29: applied=3, nested=True, p=NA, flip=False, error=none
  node_delete b=5 s=29: applied=3, nested=True, p=NA, flip=False, error=none
  node_delete b=1 s=42: applied=1, nested=True, p=0.102379, flip=False, error=none
  node_delete b=3 s=42: applied=3, nested=True, p=NA, flip=False, error=none
  node_delete b=5 s=42: applied=3, nested=True, p=NA, flip=False, error=none
  node_delete b=1 s=61: applied=1, nested=True, p=0.162205, flip=False, error=none
  node_delete b=3 s=61: applied=3, nested=True, p=NA, flip=False, error=none
  node_delete b=5 s=61: applied=3, nested=True, p=NA, flip=False, error=none
  node_delete b=1 s=73: applied=1, nested=True, p=0.162205, flip=False, error=none
  node_delete b=3 s=73: applied=3, nested=True, p=NA, flip=False, error=none
  node_delete b=5 s=73: applied=3, nested=True, p=NA, flip=False, error=none
  node_delete b=1 s=89: applied=1, nested=True, p=0.470947, flip=False, error=none
  node_delete b=3 s=89: applied=3, nested=True, p=NA, flip=False, error=none
  node_delete b=5 s=89: applied=3, nested=True, p=NA, flip=False, error=none
  node_delete b=1 s=101: applied=1, nested=True, p=0.102379, flip=False, error=none
  node_delete b=3 s=101: applied=3, nested=True, p=NA, flip=False, error=none
  node_delete b=5 s=101: applied=3, nested=True, p=NA, flip=False, error=none
  node_delete b=1 s=137: applied=1, nested=True, p=0.470947, flip=False, error=none
  node_delete b=3 s=137: applied=3, nested=True, p=NA, flip=False, error=none
  node_delete b=5 s=137: applied=3, nested=True, p=NA, flip=False, error=none
  node_delete b=1 s=2026: applied=1, nested=True, p=0.470947, flip=False, error=none
  node_delete b=3 s=2026: applied=3, nested=True, p=NA, flip=False, error=none
  node_delete b=5 s=2026: applied=3, nested=True, p=NA, flip=False, error=none
  node_attribute_modify b=1 s=7: applied=1, nested=True, p=0.162205, flip=False, error=none
  node_attribute_modify b=3 s=7: applied=3, nested=True, p=0.266876, flip=False, error=none
  node_attribute_modify b=5 s=7: applied=5, nested=True, p=0.266876, flip=False, error=none
  node_attribute_modify b=1 s=17: applied=1, nested=True, p=0.000000, flip=False, error=none
  node_attribute_modify b=3 s=17: applied=3, nested=True, p=0.000000, flip=False, error=none
  node_attribute_modify b=5 s=17: applied=5, nested=True, p=0.000000, flip=False, error=none
  node_attribute_modify b=1 s=29: applied=1, nested=True, p=0.000000, flip=False, error=none
  node_attribute_modify b=3 s=29: applied=3, nested=True, p=0.021994, flip=False, error=none
  node_attribute_modify b=5 s=29: applied=5, nested=True, p=0.000007, flip=False, error=none
  node_attribute_modify b=1 s=42: applied=1, nested=True, p=0.489747, flip=False, error=none
  node_attribute_modify b=3 s=42: applied=3, nested=True, p=0.011031, flip=False, error=none
  node_attribute_modify b=5 s=42: applied=5, nested=True, p=0.011031, flip=False, error=none
  node_attribute_modify b=1 s=61: applied=1, nested=True, p=0.162205, flip=False, error=none
  node_attribute_modify b=3 s=61: applied=3, nested=True, p=0.003655, flip=False, error=none
  node_attribute_modify b=5 s=61: applied=5, nested=True, p=0.000000, flip=False, error=none
  node_attribute_modify b=1 s=73: applied=1, nested=True, p=0.162205, flip=False, error=none
  node_attribute_modify b=3 s=73: applied=3, nested=True, p=0.143746, flip=False, error=none
  node_attribute_modify b=5 s=73: applied=5, nested=True, p=0.003655, flip=False, error=none
  node_attribute_modify b=1 s=89: applied=1, nested=True, p=0.162867, flip=False, error=none
  node_attribute_modify b=3 s=89: applied=3, nested=True, p=0.000007, flip=False, error=none
  node_attribute_modify b=5 s=89: applied=5, nested=True, p=0.000000, flip=False, error=none
  node_attribute_modify b=1 s=101: applied=1, nested=True, p=0.344827, flip=False, error=none
  node_attribute_modify b=3 s=101: applied=3, nested=True, p=0.000054, flip=False, error=none
  node_attribute_modify b=5 s=101: applied=5, nested=True, p=0.000000, flip=False, error=none
  node_attribute_modify b=1 s=137: applied=1, nested=True, p=0.162867, flip=False, error=none
  node_attribute_modify b=3 s=137: applied=3, nested=True, p=0.002435, flip=False, error=none
  node_attribute_modify b=5 s=137: applied=5, nested=True, p=0.266876, flip=False, error=none
  node_attribute_modify b=1 s=2026: applied=1, nested=True, p=0.162867, flip=False, error=none
  node_attribute_modify b=3 s=2026: applied=3, nested=True, p=0.266876, flip=False, error=none
  node_attribute_modify b=5 s=2026: applied=5, nested=True, p=0.000000, flip=False, error=none
  edge_add b=1 s=7: applied=1, nested=True, p=0.065281, flip=False, error=none
  edge_add b=3 s=7: applied=3, nested=True, p=0.350695, flip=False, error=none
  edge_add b=5 s=7: applied=5, nested=True, p=0.014283, flip=False, error=none
  edge_add b=1 s=17: applied=1, nested=True, p=0.000552, flip=False, error=none
  edge_add b=3 s=17: applied=3, nested=True, p=0.019635, flip=False, error=none
  edge_add b=5 s=17: applied=5, nested=True, p=0.104374, flip=False, error=none
  edge_add b=1 s=29: applied=1, nested=True, p=0.223817, flip=False, error=none
  edge_add b=3 s=29: applied=3, nested=True, p=0.373541, flip=False, error=none
  edge_add b=5 s=29: applied=5, nested=True, p=0.338759, flip=False, error=none
  edge_add b=1 s=42: applied=1, nested=True, p=0.213164, flip=False, error=none
  edge_add b=3 s=42: applied=3, nested=True, p=0.000349, flip=False, error=none
  edge_add b=5 s=42: applied=5, nested=True, p=0.004013, flip=False, error=none
  edge_add b=1 s=61: applied=1, nested=True, p=0.001343, flip=False, error=none
  edge_add b=3 s=61: applied=3, nested=True, p=0.149871, flip=False, error=none
  edge_add b=5 s=61: applied=5, nested=True, p=0.109578, flip=False, error=none
  edge_add b=1 s=73: applied=1, nested=True, p=0.187785, flip=False, error=none
  edge_add b=3 s=73: applied=3, nested=True, p=0.099902, flip=False, error=none
  edge_add b=5 s=73: applied=5, nested=True, p=0.002176, flip=False, error=none
  edge_add b=1 s=89: applied=1, nested=True, p=0.223817, flip=False, error=none
  edge_add b=3 s=89: applied=3, nested=True, p=0.049836, flip=False, error=none
  edge_add b=5 s=89: applied=5, nested=True, p=0.019750, flip=False, error=none
  edge_add b=1 s=101: applied=1, nested=True, p=0.203159, flip=False, error=none
  edge_add b=3 s=101: applied=3, nested=True, p=0.095179, flip=False, error=none
  edge_add b=5 s=101: applied=5, nested=True, p=0.319331, flip=False, error=none
  edge_add b=1 s=137: applied=1, nested=True, p=0.223817, flip=False, error=none
  edge_add b=3 s=137: applied=3, nested=True, p=0.488253, flip=False, error=none
  edge_add b=5 s=137: applied=5, nested=True, p=0.466977, flip=False, error=none
  edge_add b=1 s=2026: applied=1, nested=True, p=0.213164, flip=False, error=none
  edge_add b=3 s=2026: applied=3, nested=True, p=0.378830, flip=False, error=none
  edge_add b=5 s=2026: applied=5, nested=True, p=0.119763, flip=False, error=none
  edge_delete b=1 s=7: applied=1, nested=True, p=0.102379, flip=False, error=none
  edge_delete b=3 s=7: applied=3, nested=True, p=NA, flip=False, error=none
  edge_delete b=5 s=7: applied=4, nested=True, p=NA, flip=False, error=none
  edge_delete b=1 s=17: applied=1, nested=True, p=0.162205, flip=False, error=none
  edge_delete b=3 s=17: applied=3, nested=True, p=0.102379, flip=False, error=none
  edge_delete b=5 s=17: applied=4, nested=True, p=NA, flip=False, error=none
  edge_delete b=1 s=29: applied=1, nested=True, p=0.470947, flip=False, error=none
  edge_delete b=3 s=29: applied=3, nested=True, p=NA, flip=False, error=none
  edge_delete b=5 s=29: applied=4, nested=True, p=NA, flip=False, error=none
  edge_delete b=1 s=42: applied=1, nested=True, p=0.470947, flip=False, error=none
  edge_delete b=3 s=42: applied=3, nested=True, p=0.470947, flip=False, error=none
  edge_delete b=5 s=42: applied=4, nested=True, p=NA, flip=False, error=none
  edge_delete b=1 s=61: applied=1, nested=True, p=0.162205, flip=False, error=none
  edge_delete b=3 s=61: applied=3, nested=True, p=0.470947, flip=False, error=none
  edge_delete b=5 s=61: applied=4, nested=True, p=NA, flip=False, error=none
  edge_delete b=1 s=73: applied=1, nested=True, p=0.102379, flip=False, error=none
  edge_delete b=3 s=73: applied=3, nested=True, p=NA, flip=False, error=none
  edge_delete b=5 s=73: applied=4, nested=True, p=NA, flip=False, error=none
  edge_delete b=1 s=89: applied=1, nested=True, p=0.470947, flip=False, error=none
  edge_delete b=3 s=89: applied=3, nested=True, p=NA, flip=False, error=none
  edge_delete b=5 s=89: applied=4, nested=True, p=NA, flip=False, error=none
  edge_delete b=1 s=101: applied=1, nested=True, p=0.162205, flip=False, error=none
  edge_delete b=3 s=101: applied=3, nested=True, p=0.102379, flip=False, error=none
  edge_delete b=5 s=101: applied=4, nested=True, p=NA, flip=False, error=none
  edge_delete b=1 s=137: applied=1, nested=True, p=0.470947, flip=False, error=none
  edge_delete b=3 s=137: applied=3, nested=True, p=0.470947, flip=False, error=none
  edge_delete b=5 s=137: applied=4, nested=True, p=NA, flip=False, error=none
  edge_delete b=1 s=2026: applied=1, nested=True, p=0.470947, flip=False, error=none
  edge_delete b=3 s=2026: applied=3, nested=True, p=0.000742, flip=False, error=none
  edge_delete b=5 s=2026: applied=4, nested=True, p=NA, flip=False, error=none
  edge_reconnect b=1 s=7: applied=1, nested=True, p=0.102379, flip=False, error=none
  edge_reconnect b=3 s=7: applied=3, nested=True, p=0.030014, flip=False, error=none
  edge_reconnect b=5 s=7: applied=5, nested=True, p=0.000059, flip=False, error=none
  edge_reconnect b=1 s=17: applied=1, nested=True, p=0.065281, flip=False, error=none
  edge_reconnect b=3 s=17: applied=3, nested=True, p=0.102379, flip=False, error=none
  edge_reconnect b=5 s=17: applied=5, nested=True, p=0.030014, flip=False, error=none
  edge_reconnect b=1 s=29: applied=1, nested=True, p=0.470947, flip=False, error=none
  edge_reconnect b=3 s=29: applied=3, nested=True, p=0.000232, flip=False, error=none
  edge_reconnect b=5 s=29: applied=5, nested=True, p=0.000000, flip=False, error=none
  edge_reconnect b=1 s=42: applied=1, nested=True, p=0.470947, flip=False, error=none
  edge_reconnect b=3 s=42: applied=3, nested=True, p=0.151284, flip=False, error=none
  edge_reconnect b=5 s=42: applied=5, nested=True, p=0.000059, flip=False, error=none
  edge_reconnect b=1 s=61: applied=1, nested=True, p=0.162205, flip=False, error=none
  edge_reconnect b=3 s=61: applied=3, nested=True, p=0.162205, flip=False, error=none
  edge_reconnect b=5 s=61: applied=5, nested=True, p=0.151284, flip=False, error=none
  edge_reconnect b=1 s=73: applied=1, nested=True, p=0.151284, flip=False, error=none
  edge_reconnect b=3 s=73: applied=3, nested=True, p=0.000278, flip=False, error=none
  edge_reconnect b=5 s=73: applied=5, nested=True, p=0.162205, flip=False, error=none
  edge_reconnect b=1 s=89: applied=1, nested=True, p=0.470947, flip=False, error=none
  edge_reconnect b=3 s=89: applied=3, nested=True, p=0.151284, flip=False, error=none
  edge_reconnect b=5 s=89: applied=5, nested=True, p=0.151284, flip=False, error=none
  edge_reconnect b=1 s=101: applied=1, nested=True, p=0.162205, flip=False, error=none
  edge_reconnect b=3 s=101: applied=3, nested=True, p=0.162205, flip=False, error=none
  edge_reconnect b=5 s=101: applied=5, nested=True, p=0.369911, flip=False, error=none
  edge_reconnect b=1 s=137: applied=1, nested=True, p=0.470947, flip=False, error=none
  edge_reconnect b=3 s=137: applied=3, nested=True, p=0.065281, flip=False, error=none
  edge_reconnect b=5 s=137: applied=5, nested=True, p=0.000059, flip=False, error=none
  edge_reconnect b=1 s=2026: applied=1, nested=True, p=0.470947, flip=False, error=none
  edge_reconnect b=3 s=2026: applied=3, nested=True, p=0.000000, flip=False, error=none
  edge_reconnect b=5 s=2026: applied=5, nested=True, p=0.000059, flip=False, error=none
[30/60] cwe119__10_non_vulnerable_CWE121_Stack_Based_Buffer_Overflow__: baseline p=0.162205, label=0, PDG=5/4, XFG=4
  node_add b=1 s=7: applied=1, nested=True, p=0.162205, flip=False, error=none
  node_add b=3 s=7: applied=3, nested=True, p=0.413959, flip=False, error=none
  node_add b=5 s=7: applied=5, nested=True, p=0.223695, flip=False, error=none
  node_add b=1 s=17: applied=1, nested=True, p=0.162205, flip=False, error=none
  node_add b=3 s=17: applied=3, nested=True, p=0.162205, flip=False, error=none
  node_add b=5 s=17: applied=5, nested=True, p=0.162205, flip=False, error=none
  node_add b=1 s=29: applied=1, nested=True, p=0.162205, flip=False, error=none
  node_add b=3 s=29: applied=3, nested=True, p=0.162205, flip=False, error=none
  node_add b=5 s=29: applied=5, nested=True, p=0.413959, flip=False, error=none
  node_add b=1 s=42: applied=1, nested=True, p=0.162205, flip=False, error=none
  node_add b=3 s=42: applied=3, nested=True, p=0.162205, flip=False, error=none
  node_add b=5 s=42: applied=5, nested=True, p=0.162205, flip=False, error=none
  node_add b=1 s=61: applied=1, nested=True, p=0.162205, flip=False, error=none
  node_add b=3 s=61: applied=3, nested=True, p=0.413959, flip=False, error=none
  node_add b=5 s=61: applied=5, nested=True, p=0.413959, flip=False, error=none
  node_add b=1 s=73: applied=1, nested=True, p=0.162205, flip=False, error=none
  node_add b=3 s=73: applied=3, nested=True, p=0.162205, flip=False, error=none
  node_add b=5 s=73: applied=5, nested=True, p=0.162205, flip=False, error=none
  node_add b=1 s=89: applied=1, nested=True, p=0.162205, flip=False, error=none
  node_add b=3 s=89: applied=3, nested=True, p=0.162205, flip=False, error=none
  node_add b=5 s=89: applied=5, nested=True, p=0.162205, flip=False, error=none
  node_add b=1 s=101: applied=1, nested=True, p=0.162205, flip=False, error=none
  node_add b=3 s=101: applied=3, nested=True, p=0.413959, flip=False, error=none
  node_add b=5 s=101: applied=5, nested=True, p=0.413959, flip=False, error=none
  node_add b=1 s=137: applied=1, nested=True, p=0.162205, flip=False, error=none
  node_add b=3 s=137: applied=3, nested=True, p=0.413959, flip=False, error=none
  node_add b=5 s=137: applied=5, nested=True, p=0.413959, flip=False, error=none
  node_add b=1 s=2026: applied=1, nested=True, p=0.162205, flip=False, error=none
  node_add b=3 s=2026: applied=3, nested=True, p=0.162205, flip=False, error=none
  node_add b=5 s=2026: applied=5, nested=True, p=0.413959, flip=False, error=none
  node_delete b=1 s=7: applied=1, nested=True, p=0.162205, flip=False, error=none
  node_delete b=3 s=7: applied=3, nested=True, p=NA, flip=False, error=none
  node_delete b=5 s=7: applied=3, nested=True, p=NA, flip=False, error=none
  node_delete b=1 s=17: applied=1, nested=True, p=0.102379, flip=False, error=none
  node_delete b=3 s=17: applied=3, nested=True, p=NA, flip=False, error=none
  node_delete b=5 s=17: applied=3, nested=True, p=NA, flip=False, error=none
  node_delete b=1 s=29: applied=1, nested=True, p=0.102379, flip=False, error=none
  node_delete b=3 s=29: applied=3, nested=True, p=NA, flip=False, error=none
  node_delete b=5 s=29: applied=3, nested=True, p=NA, flip=False, error=none
  node_delete b=1 s=42: applied=1, nested=True, p=0.102379, flip=False, error=none
  node_delete b=3 s=42: applied=3, nested=True, p=NA, flip=False, error=none
  node_delete b=5 s=42: applied=3, nested=True, p=NA, flip=False, error=none
  node_delete b=1 s=61: applied=1, nested=True, p=0.162205, flip=False, error=none
  node_delete b=3 s=61: applied=3, nested=True, p=NA, flip=False, error=none
  node_delete b=5 s=61: applied=3, nested=True, p=NA, flip=False, error=none
  node_delete b=1 s=73: applied=1, nested=True, p=0.162205, flip=False, error=none
  node_delete b=3 s=73: applied=3, nested=True, p=NA, flip=False, error=none
  node_delete b=5 s=73: applied=3, nested=True, p=NA, flip=False, error=none
  node_delete b=1 s=89: applied=1, nested=True, p=0.470947, flip=False, error=none
  node_delete b=3 s=89: applied=3, nested=True, p=NA, flip=False, error=none
  node_delete b=5 s=89: applied=3, nested=True, p=NA, flip=False, error=none
  node_delete b=1 s=101: applied=1, nested=True, p=0.102379, flip=False, error=none
  node_delete b=3 s=101: applied=3, nested=True, p=NA, flip=False, error=none
  node_delete b=5 s=101: applied=3, nested=True, p=NA, flip=False, error=none
  node_delete b=1 s=137: applied=1, nested=True, p=0.470947, flip=False, error=none
  node_delete b=3 s=137: applied=3, nested=True, p=NA, flip=False, error=none
  node_delete b=5 s=137: applied=3, nested=True, p=NA, flip=False, error=none
  node_delete b=1 s=2026: applied=1, nested=True, p=0.470947, flip=False, error=none
  node_delete b=3 s=2026: applied=3, nested=True, p=NA, flip=False, error=none
  node_delete b=5 s=2026: applied=3, nested=True, p=NA, flip=False, error=none
  node_attribute_modify b=1 s=7: applied=1, nested=True, p=0.162205, flip=False, error=none
  node_attribute_modify b=3 s=7: applied=3, nested=True, p=0.266876, flip=False, error=none
  node_attribute_modify b=5 s=7: applied=5, nested=True, p=0.266876, flip=False, error=none
  node_attribute_modify b=1 s=17: applied=1, nested=True, p=0.000000, flip=False, error=none
  node_attribute_modify b=3 s=17: applied=3, nested=True, p=0.000000, flip=False, error=none
  node_attribute_modify b=5 s=17: applied=5, nested=True, p=0.000000, flip=False, error=none
  node_attribute_modify b=1 s=29: applied=1, nested=True, p=0.000000, flip=False, error=none
  node_attribute_modify b=3 s=29: applied=3, nested=True, p=0.021994, flip=False, error=none
  node_attribute_modify b=5 s=29: applied=5, nested=True, p=0.000007, flip=False, error=none
  node_attribute_modify b=1 s=42: applied=1, nested=True, p=0.489747, flip=False, error=none
  node_attribute_modify b=3 s=42: applied=3, nested=True, p=0.011031, flip=False, error=none
  node_attribute_modify b=5 s=42: applied=5, nested=True, p=0.011031, flip=False, error=none
  node_attribute_modify b=1 s=61: applied=1, nested=True, p=0.162205, flip=False, error=none
  node_attribute_modify b=3 s=61: applied=3, nested=True, p=0.003655, flip=False, error=none
  node_attribute_modify b=5 s=61: applied=5, nested=True, p=0.000000, flip=False, error=none
  node_attribute_modify b=1 s=73: applied=1, nested=True, p=0.162205, flip=False, error=none
  node_attribute_modify b=3 s=73: applied=3, nested=True, p=0.143746, flip=False, error=none
  node_attribute_modify b=5 s=73: applied=5, nested=True, p=0.003655, flip=False, error=none
  node_attribute_modify b=1 s=89: applied=1, nested=True, p=0.162867, flip=False, error=none
  node_attribute_modify b=3 s=89: applied=3, nested=True, p=0.000007, flip=False, error=none
  node_attribute_modify b=5 s=89: applied=5, nested=True, p=0.000000, flip=False, error=none
  node_attribute_modify b=1 s=101: applied=1, nested=True, p=0.344827, flip=False, error=none
  node_attribute_modify b=3 s=101: applied=3, nested=True, p=0.000054, flip=False, error=none
  node_attribute_modify b=5 s=101: applied=5, nested=True, p=0.000000, flip=False, error=none
  node_attribute_modify b=1 s=137: applied=1, nested=True, p=0.162867, flip=False, error=none
  node_attribute_modify b=3 s=137: applied=3, nested=True, p=0.002435, flip=False, error=none
  node_attribute_modify b=5 s=137: applied=5, nested=True, p=0.266876, flip=False, error=none
  node_attribute_modify b=1 s=2026: applied=1, nested=True, p=0.162867, flip=False, error=none
  node_attribute_modify b=3 s=2026: applied=3, nested=True, p=0.266876, flip=False, error=none
  node_attribute_modify b=5 s=2026: applied=5, nested=True, p=0.000000, flip=False, error=none
  edge_add b=1 s=7: applied=1, nested=True, p=0.065281, flip=False, error=none
  edge_add b=3 s=7: applied=3, nested=True, p=0.350695, flip=False, error=none
  edge_add b=5 s=7: applied=5, nested=True, p=0.014283, flip=False, error=none
  edge_add b=1 s=17: applied=1, nested=True, p=0.000552, flip=False, error=none
  edge_add b=3 s=17: applied=3, nested=True, p=0.019635, flip=False, error=none
  edge_add b=5 s=17: applied=5, nested=True, p=0.104374, flip=False, error=none
  edge_add b=1 s=29: applied=1, nested=True, p=0.223817, flip=False, error=none
  edge_add b=3 s=29: applied=3, nested=True, p=0.373541, flip=False, error=none
  edge_add b=5 s=29: applied=5, nested=True, p=0.338759, flip=False, error=none
  edge_add b=1 s=42: applied=1, nested=True, p=0.213164, flip=False, error=none
  edge_add b=3 s=42: applied=3, nested=True, p=0.000349, flip=False, error=none
  edge_add b=5 s=42: applied=5, nested=True, p=0.004013, flip=False, error=none
  edge_add b=1 s=61: applied=1, nested=True, p=0.001343, flip=False, error=none
  edge_add b=3 s=61: applied=3, nested=True, p=0.149871, flip=False, error=none
  edge_add b=5 s=61: applied=5, nested=True, p=0.109578, flip=False, error=none
  edge_add b=1 s=73: applied=1, nested=True, p=0.187785, flip=False, error=none
  edge_add b=3 s=73: applied=3, nested=True, p=0.099902, flip=False, error=none
  edge_add b=5 s=73: applied=5, nested=True, p=0.002176, flip=False, error=none
  edge_add b=1 s=89: applied=1, nested=True, p=0.223817, flip=False, error=none
  edge_add b=3 s=89: applied=3, nested=True, p=0.049836, flip=False, error=none
  edge_add b=5 s=89: applied=5, nested=True, p=0.019750, flip=False, error=none
  edge_add b=1 s=101: applied=1, nested=True, p=0.203159, flip=False, error=none
  edge_add b=3 s=101: applied=3, nested=True, p=0.095179, flip=False, error=none
  edge_add b=5 s=101: applied=5, nested=True, p=0.319331, flip=False, error=none
  edge_add b=1 s=137: applied=1, nested=True, p=0.223817, flip=False, error=none
  edge_add b=3 s=137: applied=3, nested=True, p=0.488253, flip=False, error=none
  edge_add b=5 s=137: applied=5, nested=True, p=0.466977, flip=False, error=none
  edge_add b=1 s=2026: applied=1, nested=True, p=0.213164, flip=False, error=none
  edge_add b=3 s=2026: applied=3, nested=True, p=0.378830, flip=False, error=none
  edge_add b=5 s=2026: applied=5, nested=True, p=0.119763, flip=False, error=none
  edge_delete b=1 s=7: applied=1, nested=True, p=0.102379, flip=False, error=none
  edge_delete b=3 s=7: applied=3, nested=True, p=NA, flip=False, error=none
  edge_delete b=5 s=7: applied=4, nested=True, p=NA, flip=False, error=none
  edge_delete b=1 s=17: applied=1, nested=True, p=0.162205, flip=False, error=none
  edge_delete b=3 s=17: applied=3, nested=True, p=0.102379, flip=False, error=none
  edge_delete b=5 s=17: applied=4, nested=True, p=NA, flip=False, error=none
  edge_delete b=1 s=29: applied=1, nested=True, p=0.470947, flip=False, error=none
  edge_delete b=3 s=29: applied=3, nested=True, p=NA, flip=False, error=none
  edge_delete b=5 s=29: applied=4, nested=True, p=NA, flip=False, error=none
  edge_delete b=1 s=42: applied=1, nested=True, p=0.470947, flip=False, error=none
  edge_delete b=3 s=42: applied=3, nested=True, p=0.470947, flip=False, error=none
  edge_delete b=5 s=42: applied=4, nested=True, p=NA, flip=False, error=none
  edge_delete b=1 s=61: applied=1, nested=True, p=0.162205, flip=False, error=none
  edge_delete b=3 s=61: applied=3, nested=True, p=0.470947, flip=False, error=none
  edge_delete b=5 s=61: applied=4, nested=True, p=NA, flip=False, error=none
  edge_delete b=1 s=73: applied=1, nested=True, p=0.102379, flip=False, error=none
  edge_delete b=3 s=73: applied=3, nested=True, p=NA, flip=False, error=none
  edge_delete b=5 s=73: applied=4, nested=True, p=NA, flip=False, error=none
  edge_delete b=1 s=89: applied=1, nested=True, p=0.470947, flip=False, error=none
  edge_delete b=3 s=89: applied=3, nested=True, p=NA, flip=False, error=none
  edge_delete b=5 s=89: applied=4, nested=True, p=NA, flip=False, error=none
  edge_delete b=1 s=101: applied=1, nested=True, p=0.162205, flip=False, error=none
  edge_delete b=3 s=101: applied=3, nested=True, p=0.102379, flip=False, error=none
  edge_delete b=5 s=101: applied=4, nested=True, p=NA, flip=False, error=none
  edge_delete b=1 s=137: applied=1, nested=True, p=0.470947, flip=False, error=none
  edge_delete b=3 s=137: applied=3, nested=True, p=0.470947, flip=False, error=none
  edge_delete b=5 s=137: applied=4, nested=True, p=NA, flip=False, error=none
  edge_delete b=1 s=2026: applied=1, nested=True, p=0.470947, flip=False, error=none
  edge_delete b=3 s=2026: applied=3, nested=True, p=0.000742, flip=False, error=none
  edge_delete b=5 s=2026: applied=4, nested=True, p=NA, flip=False, error=none
  edge_reconnect b=1 s=7: applied=1, nested=True, p=0.102379, flip=False, error=none
  edge_reconnect b=3 s=7: applied=3, nested=True, p=0.030014, flip=False, error=none
  edge_reconnect b=5 s=7: applied=5, nested=True, p=0.000059, flip=False, error=none
  edge_reconnect b=1 s=17: applied=1, nested=True, p=0.065281, flip=False, error=none
  edge_reconnect b=3 s=17: applied=3, nested=True, p=0.102379, flip=False, error=none
  edge_reconnect b=5 s=17: applied=5, nested=True, p=0.030014, flip=False, error=none
  edge_reconnect b=1 s=29: applied=1, nested=True, p=0.470947, flip=False, error=none
  edge_reconnect b=3 s=29: applied=3, nested=True, p=0.000232, flip=False, error=none
  edge_reconnect b=5 s=29: applied=5, nested=True, p=0.000000, flip=False, error=none
  edge_reconnect b=1 s=42: applied=1, nested=True, p=0.470947, flip=False, error=none
  edge_reconnect b=3 s=42: applied=3, nested=True, p=0.151284, flip=False, error=none
  edge_reconnect b=5 s=42: applied=5, nested=True, p=0.000059, flip=False, error=none
  edge_reconnect b=1 s=61: applied=1, nested=True, p=0.162205, flip=False, error=none
  edge_reconnect b=3 s=61: applied=3, nested=True, p=0.162205, flip=False, error=none
  edge_reconnect b=5 s=61: applied=5, nested=True, p=0.151284, flip=False, error=none
  edge_reconnect b=1 s=73: applied=1, nested=True, p=0.151284, flip=False, error=none
  edge_reconnect b=3 s=73: applied=3, nested=True, p=0.000278, flip=False, error=none
  edge_reconnect b=5 s=73: applied=5, nested=True, p=0.162205, flip=False, error=none
  edge_reconnect b=1 s=89: applied=1, nested=True, p=0.470947, flip=False, error=none
  edge_reconnect b=3 s=89: applied=3, nested=True, p=0.151284, flip=False, error=none
  edge_reconnect b=5 s=89: applied=5, nested=True, p=0.151284, flip=False, error=none
  edge_reconnect b=1 s=101: applied=1, nested=True, p=0.162205, flip=False, error=none
  edge_reconnect b=3 s=101: applied=3, nested=True, p=0.162205, flip=False, error=none
  edge_reconnect b=5 s=101: applied=5, nested=True, p=0.369911, flip=False, error=none
  edge_reconnect b=1 s=137: applied=1, nested=True, p=0.470947, flip=False, error=none
  edge_reconnect b=3 s=137: applied=3, nested=True, p=0.065281, flip=False, error=none
  edge_reconnect b=5 s=137: applied=5, nested=True, p=0.000059, flip=False, error=none
  edge_reconnect b=1 s=2026: applied=1, nested=True, p=0.470947, flip=False, error=none
  edge_reconnect b=3 s=2026: applied=3, nested=True, p=0.000000, flip=False, error=none
  edge_reconnect b=5 s=2026: applied=5, nested=True, p=0.000059, flip=False, error=none
[31/60] cwe119__11_vulnerable_CWE121_Stack_Based_Buffer_Overflow__: baseline p=0.332413, label=0, PDG=5/4, XFG=4
  node_add b=1 s=7: applied=1, nested=True, p=0.332413, flip=False, error=none
  node_add b=3 s=7: applied=3, nested=True, p=0.461720, flip=False, error=none
  node_add b=5 s=7: applied=5, nested=True, p=0.344999, flip=False, error=none
  node_add b=1 s=17: applied=1, nested=True, p=0.332413, flip=False, error=none
  node_add b=3 s=17: applied=3, nested=True, p=0.332413, flip=False, error=none
  node_add b=5 s=17: applied=5, nested=True, p=0.332413, flip=False, error=none
  node_add b=1 s=29: applied=1, nested=True, p=0.332413, flip=False, error=none
  node_add b=3 s=29: applied=3, nested=True, p=0.332413, flip=False, error=none
  node_add b=5 s=29: applied=5, nested=True, p=0.461720, flip=False, error=none
  node_add b=1 s=42: applied=1, nested=True, p=0.332413, flip=False, error=none
  node_add b=3 s=42: applied=3, nested=True, p=0.332413, flip=False, error=none
  node_add b=5 s=42: applied=5, nested=True, p=0.332413, flip=False, error=none
  node_add b=1 s=61: applied=1, nested=True, p=0.332413, flip=False, error=none
  node_add b=3 s=61: applied=3, nested=True, p=0.461720, flip=False, error=none
  node_add b=5 s=61: applied=5, nested=True, p=0.461720, flip=False, error=none
  node_add b=1 s=73: applied=1, nested=True, p=0.332413, flip=False, error=none
  node_add b=3 s=73: applied=3, nested=True, p=0.332413, flip=False, error=none
  node_add b=5 s=73: applied=5, nested=True, p=0.332413, flip=False, error=none
  node_add b=1 s=89: applied=1, nested=True, p=0.332413, flip=False, error=none
  node_add b=3 s=89: applied=3, nested=True, p=0.332413, flip=False, error=none
  node_add b=5 s=89: applied=5, nested=True, p=0.332413, flip=False, error=none
  node_add b=1 s=101: applied=1, nested=True, p=0.332413, flip=False, error=none
  node_add b=3 s=101: applied=3, nested=True, p=0.461720, flip=False, error=none
  node_add b=5 s=101: applied=5, nested=True, p=0.461720, flip=False, error=none
  node_add b=1 s=137: applied=1, nested=True, p=0.332413, flip=False, error=none
  node_add b=3 s=137: applied=3, nested=True, p=0.461720, flip=False, error=none
  node_add b=5 s=137: applied=5, nested=True, p=0.461720, flip=False, error=none
  node_add b=1 s=2026: applied=1, nested=True, p=0.332413, flip=False, error=none
  node_add b=3 s=2026: applied=3, nested=True, p=0.332413, flip=False, error=none
  node_add b=5 s=2026: applied=5, nested=True, p=0.461720, flip=False, error=none
  node_delete b=1 s=7: applied=1, nested=True, p=0.332413, flip=False, error=none
  node_delete b=3 s=7: applied=3, nested=True, p=NA, flip=False, error=none
  node_delete b=5 s=7: applied=3, nested=True, p=NA, flip=False, error=none
  node_delete b=1 s=17: applied=1, nested=True, p=0.404058, flip=False, error=none
  node_delete b=3 s=17: applied=3, nested=True, p=NA, flip=False, error=none
  node_delete b=5 s=17: applied=3, nested=True, p=NA, flip=False, error=none
  node_delete b=1 s=29: applied=1, nested=True, p=0.404058, flip=False, error=none
  node_delete b=3 s=29: applied=3, nested=True, p=NA, flip=False, error=none
  node_delete b=5 s=29: applied=3, nested=True, p=NA, flip=False, error=none
  node_delete b=1 s=42: applied=1, nested=True, p=0.404058, flip=False, error=none
  node_delete b=3 s=42: applied=3, nested=True, p=NA, flip=False, error=none
  node_delete b=5 s=42: applied=3, nested=True, p=NA, flip=False, error=none
  node_delete b=1 s=61: applied=1, nested=True, p=0.332413, flip=False, error=none
  node_delete b=3 s=61: applied=3, nested=True, p=NA, flip=False, error=none
  node_delete b=5 s=61: applied=3, nested=True, p=NA, flip=False, error=none
  node_delete b=1 s=73: applied=1, nested=True, p=0.332413, flip=False, error=none
  node_delete b=3 s=73: applied=3, nested=True, p=NA, flip=False, error=none
  node_delete b=5 s=73: applied=3, nested=True, p=NA, flip=False, error=none
  node_delete b=1 s=89: applied=1, nested=True, p=0.470947, flip=False, error=none
  node_delete b=3 s=89: applied=3, nested=True, p=NA, flip=False, error=none
  node_delete b=5 s=89: applied=3, nested=True, p=NA, flip=False, error=none
  node_delete b=1 s=101: applied=1, nested=True, p=0.404058, flip=False, error=none
  node_delete b=3 s=101: applied=3, nested=True, p=NA, flip=False, error=none
  node_delete b=5 s=101: applied=3, nested=True, p=NA, flip=False, error=none
  node_delete b=1 s=137: applied=1, nested=True, p=0.470947, flip=False, error=none
  node_delete b=3 s=137: applied=3, nested=True, p=NA, flip=False, error=none
  node_delete b=5 s=137: applied=3, nested=True, p=NA, flip=False, error=none
  node_delete b=1 s=2026: applied=1, nested=True, p=0.470947, flip=False, error=none
  node_delete b=3 s=2026: applied=3, nested=True, p=NA, flip=False, error=none
  node_delete b=5 s=2026: applied=3, nested=True, p=NA, flip=False, error=none
  node_attribute_modify b=1 s=7: applied=1, nested=True, p=0.332413, flip=False, error=none
  node_attribute_modify b=3 s=7: applied=3, nested=True, p=0.266876, flip=False, error=none
  node_attribute_modify b=5 s=7: applied=5, nested=True, p=0.266876, flip=False, error=none
  node_attribute_modify b=1 s=17: applied=1, nested=True, p=0.011174, flip=False, error=none
  node_attribute_modify b=3 s=17: applied=3, nested=True, p=0.011174, flip=False, error=none
  node_attribute_modify b=5 s=17: applied=5, nested=True, p=0.011174, flip=False, error=none
  node_attribute_modify b=1 s=29: applied=1, nested=True, p=0.011174, flip=False, error=none
  node_attribute_modify b=3 s=29: applied=3, nested=True, p=0.065915, flip=False, error=none
  node_attribute_modify b=5 s=29: applied=5, nested=True, p=0.000007, flip=False, error=none
  node_attribute_modify b=1 s=42: applied=1, nested=True, p=0.484966, flip=False, error=none
  node_attribute_modify b=3 s=42: applied=3, nested=True, p=0.011031, flip=False, error=none
  node_attribute_modify b=5 s=42: applied=5, nested=True, p=0.011031, flip=False, error=none
  node_attribute_modify b=1 s=61: applied=1, nested=True, p=0.332413, flip=False, error=none
  node_attribute_modify b=3 s=61: applied=3, nested=True, p=0.003655, flip=False, error=none
  node_attribute_modify b=5 s=61: applied=5, nested=True, p=0.000000, flip=False, error=none
  node_attribute_modify b=1 s=73: applied=1, nested=True, p=0.332413, flip=False, error=none
  node_attribute_modify b=3 s=73: applied=3, nested=True, p=0.404209, flip=False, error=none
  node_attribute_modify b=5 s=73: applied=5, nested=True, p=0.003655, flip=False, error=none
  node_attribute_modify b=1 s=89: applied=1, nested=True, p=0.162867, flip=False, error=none
  node_attribute_modify b=3 s=89: applied=3, nested=True, p=0.000007, flip=False, error=none
  node_attribute_modify b=5 s=89: applied=5, nested=True, p=0.000000, flip=False, error=none
  node_attribute_modify b=1 s=101: applied=1, nested=True, p=0.266876, flip=False, error=none
  node_attribute_modify b=3 s=101: applied=3, nested=True, p=0.000054, flip=False, error=none
  node_attribute_modify b=5 s=101: applied=5, nested=True, p=0.000000, flip=False, error=none
  node_attribute_modify b=1 s=137: applied=1, nested=True, p=0.162867, flip=False, error=none
  node_attribute_modify b=3 s=137: applied=3, nested=True, p=0.002435, flip=False, error=none
  node_attribute_modify b=5 s=137: applied=5, nested=True, p=0.266876, flip=False, error=none
  node_attribute_modify b=1 s=2026: applied=1, nested=True, p=0.162867, flip=False, error=none
  node_attribute_modify b=3 s=2026: applied=3, nested=True, p=0.266876, flip=False, error=none
  node_attribute_modify b=5 s=2026: applied=5, nested=True, p=0.000000, flip=False, error=none
  edge_add b=1 s=7: applied=1, nested=True, p=0.605948, flip=True, error=none
  edge_add b=3 s=7: applied=3, nested=True, p=0.603940, flip=True, error=none
  edge_add b=5 s=7: applied=5, nested=True, p=0.350778, flip=False, error=none
  edge_add b=1 s=17: applied=1, nested=True, p=0.000552, flip=False, error=none
  edge_add b=3 s=17: applied=3, nested=True, p=0.020216, flip=False, error=none
  edge_add b=5 s=17: applied=5, nested=True, p=0.170628, flip=False, error=none
  edge_add b=1 s=29: applied=1, nested=True, p=0.567305, flip=True, error=none
  edge_add b=3 s=29: applied=3, nested=True, p=0.602283, flip=True, error=none
  edge_add b=5 s=29: applied=5, nested=True, p=0.579726, flip=True, error=none
  edge_add b=1 s=42: applied=1, nested=True, p=0.360387, flip=False, error=none
  edge_add b=3 s=42: applied=3, nested=True, p=0.019273, flip=False, error=none
  edge_add b=5 s=42: applied=5, nested=True, p=0.159528, flip=False, error=none
  edge_add b=1 s=61: applied=1, nested=True, p=0.012337, flip=False, error=none
  edge_add b=3 s=61: applied=3, nested=True, p=0.506641, flip=True, error=none
  edge_add b=5 s=61: applied=5, nested=True, p=0.414769, flip=False, error=none
  edge_add b=1 s=73: applied=1, nested=True, p=0.356951, flip=False, error=none
  edge_add b=3 s=73: applied=3, nested=True, p=0.568147, flip=True, error=none
  edge_add b=5 s=73: applied=5, nested=True, p=0.175007, flip=False, error=none
  edge_add b=1 s=89: applied=1, nested=True, p=0.567305, flip=True, error=none
  edge_add b=3 s=89: applied=3, nested=True, p=0.419453, flip=False, error=none
  edge_add b=5 s=89: applied=5, nested=True, p=0.211936, flip=False, error=none
  edge_add b=1 s=101: applied=1, nested=True, p=0.661363, flip=True, error=none
  edge_add b=3 s=101: applied=3, nested=True, p=0.547763, flip=True, error=none
  edge_add b=5 s=101: applied=5, nested=True, p=0.559324, flip=True, error=none
  edge_add b=1 s=137: applied=1, nested=True, p=0.567305, flip=True, error=none
  edge_add b=3 s=137: applied=3, nested=True, p=0.535993, flip=True, error=none
  edge_add b=5 s=137: applied=5, nested=True, p=0.536393, flip=True, error=none
  edge_add b=1 s=2026: applied=1, nested=True, p=0.360387, flip=False, error=none
  edge_add b=3 s=2026: applied=3, nested=True, p=0.599536, flip=True, error=none
  edge_add b=5 s=2026: applied=5, nested=True, p=0.553064, flip=True, error=none
  edge_delete b=1 s=7: applied=1, nested=True, p=0.404058, flip=False, error=none
  edge_delete b=3 s=7: applied=3, nested=True, p=NA, flip=False, error=none
  edge_delete b=5 s=7: applied=4, nested=True, p=NA, flip=False, error=none
  edge_delete b=1 s=17: applied=1, nested=True, p=0.332413, flip=False, error=none
  edge_delete b=3 s=17: applied=3, nested=True, p=0.404058, flip=False, error=none
  edge_delete b=5 s=17: applied=4, nested=True, p=NA, flip=False, error=none
  edge_delete b=1 s=29: applied=1, nested=True, p=0.470947, flip=False, error=none
  edge_delete b=3 s=29: applied=3, nested=True, p=NA, flip=False, error=none
  edge_delete b=5 s=29: applied=4, nested=True, p=NA, flip=False, error=none
  edge_delete b=1 s=42: applied=1, nested=True, p=0.470947, flip=False, error=none
  edge_delete b=3 s=42: applied=3, nested=True, p=0.470947, flip=False, error=none
  edge_delete b=5 s=42: applied=4, nested=True, p=NA, flip=False, error=none
  edge_delete b=1 s=61: applied=1, nested=True, p=0.332413, flip=False, error=none
  edge_delete b=3 s=61: applied=3, nested=True, p=0.470947, flip=False, error=none
  edge_delete b=5 s=61: applied=4, nested=True, p=NA, flip=False, error=none
  edge_delete b=1 s=73: applied=1, nested=True, p=0.404058, flip=False, error=none
  edge_delete b=3 s=73: applied=3, nested=True, p=NA, flip=False, error=none
  edge_delete b=5 s=73: applied=4, nested=True, p=NA, flip=False, error=none
  edge_delete b=1 s=89: applied=1, nested=True, p=0.470947, flip=False, error=none
  edge_delete b=3 s=89: applied=3, nested=True, p=NA, flip=False, error=none
  edge_delete b=5 s=89: applied=4, nested=True, p=NA, flip=False, error=none
  edge_delete b=1 s=101: applied=1, nested=True, p=0.332413, flip=False, error=none
  edge_delete b=3 s=101: applied=3, nested=True, p=0.404058, flip=False, error=none
  edge_delete b=5 s=101: applied=4, nested=True, p=NA, flip=False, error=none
  edge_delete b=1 s=137: applied=1, nested=True, p=0.470947, flip=False, error=none
  edge_delete b=3 s=137: applied=3, nested=True, p=0.470947, flip=False, error=none
  edge_delete b=5 s=137: applied=4, nested=True, p=NA, flip=False, error=none
  edge_delete b=1 s=2026: applied=1, nested=True, p=0.470947, flip=False, error=none
  edge_delete b=3 s=2026: applied=3, nested=True, p=0.000742, flip=False, error=none
  edge_delete b=5 s=2026: applied=4, nested=True, p=NA, flip=False, error=none
  edge_reconnect b=1 s=7: applied=1, nested=True, p=0.404058, flip=False, error=none
  edge_reconnect b=3 s=7: applied=3, nested=True, p=0.432437, flip=False, error=none
  edge_reconnect b=5 s=7: applied=5, nested=True, p=0.002909, flip=False, error=none
  edge_reconnect b=1 s=17: applied=1, nested=True, p=0.605948, flip=True, error=none
  edge_reconnect b=3 s=17: applied=3, nested=True, p=0.404058, flip=False, error=none
  edge_reconnect b=5 s=17: applied=5, nested=True, p=0.432437, flip=False, error=none
  edge_reconnect b=1 s=29: applied=1, nested=True, p=0.470947, flip=False, error=none
  edge_reconnect b=3 s=29: applied=3, nested=True, p=0.000861, flip=False, error=none
  edge_reconnect b=5 s=29: applied=5, nested=True, p=0.000404, flip=False, error=none
  edge_reconnect b=1 s=42: applied=1, nested=True, p=0.470947, flip=False, error=none
  edge_reconnect b=3 s=42: applied=3, nested=True, p=0.552894, flip=True, error=none
  edge_reconnect b=5 s=42: applied=5, nested=True, p=0.002909, flip=False, error=none
  edge_reconnect b=1 s=61: applied=1, nested=True, p=0.332413, flip=False, error=none
  edge_reconnect b=3 s=61: applied=3, nested=True, p=0.332413, flip=False, error=none
  edge_reconnect b=5 s=61: applied=5, nested=True, p=0.552894, flip=True, error=none
  edge_reconnect b=1 s=73: applied=1, nested=True, p=0.552894, flip=True, error=none
  edge_reconnect b=3 s=73: applied=3, nested=True, p=0.000713, flip=False, error=none
  edge_reconnect b=5 s=73: applied=5, nested=True, p=0.332413, flip=False, error=none
  edge_reconnect b=1 s=89: applied=1, nested=True, p=0.470947, flip=False, error=none
  edge_reconnect b=3 s=89: applied=3, nested=True, p=0.552894, flip=True, error=none
  edge_reconnect b=5 s=89: applied=5, nested=True, p=0.552894, flip=True, error=none
  edge_reconnect b=1 s=101: applied=1, nested=True, p=0.332413, flip=False, error=none
  edge_reconnect b=3 s=101: applied=3, nested=True, p=0.332413, flip=False, error=none
  edge_reconnect b=5 s=101: applied=5, nested=True, p=0.399129, flip=False, error=none
  edge_reconnect b=1 s=137: applied=1, nested=True, p=0.470947, flip=False, error=none
  edge_reconnect b=3 s=137: applied=3, nested=True, p=0.605948, flip=True, error=none
  edge_reconnect b=5 s=137: applied=5, nested=True, p=0.002909, flip=False, error=none
  edge_reconnect b=1 s=2026: applied=1, nested=True, p=0.470947, flip=False, error=none
  edge_reconnect b=3 s=2026: applied=3, nested=True, p=0.000029, flip=False, error=none
  edge_reconnect b=5 s=2026: applied=5, nested=True, p=0.002909, flip=False, error=none
[32/60] cwe119__12_non_vulnerable_CWE121_Stack_Based_Buffer_Overflow__: baseline p=0.332413, label=0, PDG=5/4, XFG=4
  node_add b=1 s=7: applied=1, nested=True, p=0.332413, flip=False, error=none
  node_add b=3 s=7: applied=3, nested=True, p=0.461720, flip=False, error=none
  node_add b=5 s=7: applied=5, nested=True, p=0.344999, flip=False, error=none
  node_add b=1 s=17: applied=1, nested=True, p=0.332413, flip=False, error=none
  node_add b=3 s=17: applied=3, nested=True, p=0.332413, flip=False, error=none
  node_add b=5 s=17: applied=5, nested=True, p=0.332413, flip=False, error=none
  node_add b=1 s=29: applied=1, nested=True, p=0.332413, flip=False, error=none
  node_add b=3 s=29: applied=3, nested=True, p=0.332413, flip=False, error=none
  node_add b=5 s=29: applied=5, nested=True, p=0.461720, flip=False, error=none
  node_add b=1 s=42: applied=1, nested=True, p=0.332413, flip=False, error=none
  node_add b=3 s=42: applied=3, nested=True, p=0.332413, flip=False, error=none
  node_add b=5 s=42: applied=5, nested=True, p=0.332413, flip=False, error=none
  node_add b=1 s=61: applied=1, nested=True, p=0.332413, flip=False, error=none
  node_add b=3 s=61: applied=3, nested=True, p=0.461720, flip=False, error=none
  node_add b=5 s=61: applied=5, nested=True, p=0.461720, flip=False, error=none
  node_add b=1 s=73: applied=1, nested=True, p=0.332413, flip=False, error=none
  node_add b=3 s=73: applied=3, nested=True, p=0.332413, flip=False, error=none
  node_add b=5 s=73: applied=5, nested=True, p=0.332413, flip=False, error=none
  node_add b=1 s=89: applied=1, nested=True, p=0.332413, flip=False, error=none
  node_add b=3 s=89: applied=3, nested=True, p=0.332413, flip=False, error=none
  node_add b=5 s=89: applied=5, nested=True, p=0.332413, flip=False, error=none
  node_add b=1 s=101: applied=1, nested=True, p=0.332413, flip=False, error=none
  node_add b=3 s=101: applied=3, nested=True, p=0.461720, flip=False, error=none
  node_add b=5 s=101: applied=5, nested=True, p=0.461720, flip=False, error=none
  node_add b=1 s=137: applied=1, nested=True, p=0.332413, flip=False, error=none
  node_add b=3 s=137: applied=3, nested=True, p=0.461720, flip=False, error=none
  node_add b=5 s=137: applied=5, nested=True, p=0.461720, flip=False, error=none
  node_add b=1 s=2026: applied=1, nested=True, p=0.332413, flip=False, error=none
  node_add b=3 s=2026: applied=3, nested=True, p=0.332413, flip=False, error=none
  node_add b=5 s=2026: applied=5, nested=True, p=0.461720, flip=False, error=none
  node_delete b=1 s=7: applied=1, nested=True, p=0.332413, flip=False, error=none
  node_delete b=3 s=7: applied=3, nested=True, p=NA, flip=False, error=none
  node_delete b=5 s=7: applied=3, nested=True, p=NA, flip=False, error=none
  node_delete b=1 s=17: applied=1, nested=True, p=0.404058, flip=False, error=none
  node_delete b=3 s=17: applied=3, nested=True, p=NA, flip=False, error=none
  node_delete b=5 s=17: applied=3, nested=True, p=NA, flip=False, error=none
  node_delete b=1 s=29: applied=1, nested=True, p=0.404058, flip=False, error=none
  node_delete b=3 s=29: applied=3, nested=True, p=NA, flip=False, error=none
  node_delete b=5 s=29: applied=3, nested=True, p=NA, flip=False, error=none
  node_delete b=1 s=42: applied=1, nested=True, p=0.404058, flip=False, error=none
  node_delete b=3 s=42: applied=3, nested=True, p=NA, flip=False, error=none
  node_delete b=5 s=42: applied=3, nested=True, p=NA, flip=False, error=none
  node_delete b=1 s=61: applied=1, nested=True, p=0.332413, flip=False, error=none
  node_delete b=3 s=61: applied=3, nested=True, p=NA, flip=False, error=none
  node_delete b=5 s=61: applied=3, nested=True, p=NA, flip=False, error=none
  node_delete b=1 s=73: applied=1, nested=True, p=0.332413, flip=False, error=none
  node_delete b=3 s=73: applied=3, nested=True, p=NA, flip=False, error=none
  node_delete b=5 s=73: applied=3, nested=True, p=NA, flip=False, error=none
  node_delete b=1 s=89: applied=1, nested=True, p=0.470947, flip=False, error=none
  node_delete b=3 s=89: applied=3, nested=True, p=NA, flip=False, error=none
  node_delete b=5 s=89: applied=3, nested=True, p=NA, flip=False, error=none
  node_delete b=1 s=101: applied=1, nested=True, p=0.404058, flip=False, error=none
  node_delete b=3 s=101: applied=3, nested=True, p=NA, flip=False, error=none
  node_delete b=5 s=101: applied=3, nested=True, p=NA, flip=False, error=none
  node_delete b=1 s=137: applied=1, nested=True, p=0.470947, flip=False, error=none
  node_delete b=3 s=137: applied=3, nested=True, p=NA, flip=False, error=none
  node_delete b=5 s=137: applied=3, nested=True, p=NA, flip=False, error=none
  node_delete b=1 s=2026: applied=1, nested=True, p=0.470947, flip=False, error=none
  node_delete b=3 s=2026: applied=3, nested=True, p=NA, flip=False, error=none
  node_delete b=5 s=2026: applied=3, nested=True, p=NA, flip=False, error=none
  node_attribute_modify b=1 s=7: applied=1, nested=True, p=0.332413, flip=False, error=none
  node_attribute_modify b=3 s=7: applied=3, nested=True, p=0.266876, flip=False, error=none
  node_attribute_modify b=5 s=7: applied=5, nested=True, p=0.266876, flip=False, error=none
  node_attribute_modify b=1 s=17: applied=1, nested=True, p=0.011174, flip=False, error=none
  node_attribute_modify b=3 s=17: applied=3, nested=True, p=0.011174, flip=False, error=none
  node_attribute_modify b=5 s=17: applied=5, nested=True, p=0.011174, flip=False, error=none
  node_attribute_modify b=1 s=29: applied=1, nested=True, p=0.011174, flip=False, error=none
  node_attribute_modify b=3 s=29: applied=3, nested=True, p=0.065915, flip=False, error=none
  node_attribute_modify b=5 s=29: applied=5, nested=True, p=0.000007, flip=False, error=none
  node_attribute_modify b=1 s=42: applied=1, nested=True, p=0.484966, flip=False, error=none
  node_attribute_modify b=3 s=42: applied=3, nested=True, p=0.011031, flip=False, error=none
  node_attribute_modify b=5 s=42: applied=5, nested=True, p=0.011031, flip=False, error=none
  node_attribute_modify b=1 s=61: applied=1, nested=True, p=0.332413, flip=False, error=none
  node_attribute_modify b=3 s=61: applied=3, nested=True, p=0.003655, flip=False, error=none
  node_attribute_modify b=5 s=61: applied=5, nested=True, p=0.000000, flip=False, error=none
  node_attribute_modify b=1 s=73: applied=1, nested=True, p=0.332413, flip=False, error=none
  node_attribute_modify b=3 s=73: applied=3, nested=True, p=0.404209, flip=False, error=none
  node_attribute_modify b=5 s=73: applied=5, nested=True, p=0.003655, flip=False, error=none
  node_attribute_modify b=1 s=89: applied=1, nested=True, p=0.162867, flip=False, error=none
  node_attribute_modify b=3 s=89: applied=3, nested=True, p=0.000007, flip=False, error=none
  node_attribute_modify b=5 s=89: applied=5, nested=True, p=0.000000, flip=False, error=none
  node_attribute_modify b=1 s=101: applied=1, nested=True, p=0.266876, flip=False, error=none
  node_attribute_modify b=3 s=101: applied=3, nested=True, p=0.000054, flip=False, error=none
  node_attribute_modify b=5 s=101: applied=5, nested=True, p=0.000000, flip=False, error=none
  node_attribute_modify b=1 s=137: applied=1, nested=True, p=0.162867, flip=False, error=none
  node_attribute_modify b=3 s=137: applied=3, nested=True, p=0.002435, flip=False, error=none
  node_attribute_modify b=5 s=137: applied=5, nested=True, p=0.266876, flip=False, error=none
  node_attribute_modify b=1 s=2026: applied=1, nested=True, p=0.162867, flip=False, error=none
  node_attribute_modify b=3 s=2026: applied=3, nested=True, p=0.266876, flip=False, error=none
  node_attribute_modify b=5 s=2026: applied=5, nested=True, p=0.000000, flip=False, error=none
  edge_add b=1 s=7: applied=1, nested=True, p=0.605948, flip=True, error=none
  edge_add b=3 s=7: applied=3, nested=True, p=0.603940, flip=True, error=none
  edge_add b=5 s=7: applied=5, nested=True, p=0.350778, flip=False, error=none
  edge_add b=1 s=17: applied=1, nested=True, p=0.000552, flip=False, error=none
  edge_add b=3 s=17: applied=3, nested=True, p=0.020216, flip=False, error=none
  edge_add b=5 s=17: applied=5, nested=True, p=0.170628, flip=False, error=none
  edge_add b=1 s=29: applied=1, nested=True, p=0.567305, flip=True, error=none
  edge_add b=3 s=29: applied=3, nested=True, p=0.602283, flip=True, error=none
  edge_add b=5 s=29: applied=5, nested=True, p=0.579726, flip=True, error=none
  edge_add b=1 s=42: applied=1, nested=True, p=0.360387, flip=False, error=none
  edge_add b=3 s=42: applied=3, nested=True, p=0.019273, flip=False, error=none
  edge_add b=5 s=42: applied=5, nested=True, p=0.159528, flip=False, error=none
  edge_add b=1 s=61: applied=1, nested=True, p=0.012337, flip=False, error=none
  edge_add b=3 s=61: applied=3, nested=True, p=0.506641, flip=True, error=none
  edge_add b=5 s=61: applied=5, nested=True, p=0.414769, flip=False, error=none
  edge_add b=1 s=73: applied=1, nested=True, p=0.356951, flip=False, error=none
  edge_add b=3 s=73: applied=3, nested=True, p=0.568147, flip=True, error=none
  edge_add b=5 s=73: applied=5, nested=True, p=0.175007, flip=False, error=none
  edge_add b=1 s=89: applied=1, nested=True, p=0.567305, flip=True, error=none
  edge_add b=3 s=89: applied=3, nested=True, p=0.419453, flip=False, error=none
  edge_add b=5 s=89: applied=5, nested=True, p=0.211936, flip=False, error=none
  edge_add b=1 s=101: applied=1, nested=True, p=0.661363, flip=True, error=none
  edge_add b=3 s=101: applied=3, nested=True, p=0.547763, flip=True, error=none
  edge_add b=5 s=101: applied=5, nested=True, p=0.559324, flip=True, error=none
  edge_add b=1 s=137: applied=1, nested=True, p=0.567305, flip=True, error=none
  edge_add b=3 s=137: applied=3, nested=True, p=0.535993, flip=True, error=none
  edge_add b=5 s=137: applied=5, nested=True, p=0.536393, flip=True, error=none
  edge_add b=1 s=2026: applied=1, nested=True, p=0.360387, flip=False, error=none
  edge_add b=3 s=2026: applied=3, nested=True, p=0.599536, flip=True, error=none
  edge_add b=5 s=2026: applied=5, nested=True, p=0.553064, flip=True, error=none
  edge_delete b=1 s=7: applied=1, nested=True, p=0.404058, flip=False, error=none
  edge_delete b=3 s=7: applied=3, nested=True, p=NA, flip=False, error=none
  edge_delete b=5 s=7: applied=4, nested=True, p=NA, flip=False, error=none
  edge_delete b=1 s=17: applied=1, nested=True, p=0.332413, flip=False, error=none
  edge_delete b=3 s=17: applied=3, nested=True, p=0.404058, flip=False, error=none
  edge_delete b=5 s=17: applied=4, nested=True, p=NA, flip=False, error=none
  edge_delete b=1 s=29: applied=1, nested=True, p=0.470947, flip=False, error=none
  edge_delete b=3 s=29: applied=3, nested=True, p=NA, flip=False, error=none
  edge_delete b=5 s=29: applied=4, nested=True, p=NA, flip=False, error=none
  edge_delete b=1 s=42: applied=1, nested=True, p=0.470947, flip=False, error=none
  edge_delete b=3 s=42: applied=3, nested=True, p=0.470947, flip=False, error=none
  edge_delete b=5 s=42: applied=4, nested=True, p=NA, flip=False, error=none
  edge_delete b=1 s=61: applied=1, nested=True, p=0.332413, flip=False, error=none
  edge_delete b=3 s=61: applied=3, nested=True, p=0.470947, flip=False, error=none
  edge_delete b=5 s=61: applied=4, nested=True, p=NA, flip=False, error=none
  edge_delete b=1 s=73: applied=1, nested=True, p=0.404058, flip=False, error=none
  edge_delete b=3 s=73: applied=3, nested=True, p=NA, flip=False, error=none
  edge_delete b=5 s=73: applied=4, nested=True, p=NA, flip=False, error=none
  edge_delete b=1 s=89: applied=1, nested=True, p=0.470947, flip=False, error=none
  edge_delete b=3 s=89: applied=3, nested=True, p=NA, flip=False, error=none
  edge_delete b=5 s=89: applied=4, nested=True, p=NA, flip=False, error=none
  edge_delete b=1 s=101: applied=1, nested=True, p=0.332413, flip=False, error=none
  edge_delete b=3 s=101: applied=3, nested=True, p=0.404058, flip=False, error=none
  edge_delete b=5 s=101: applied=4, nested=True, p=NA, flip=False, error=none
  edge_delete b=1 s=137: applied=1, nested=True, p=0.470947, flip=False, error=none
  edge_delete b=3 s=137: applied=3, nested=True, p=0.470947, flip=False, error=none
  edge_delete b=5 s=137: applied=4, nested=True, p=NA, flip=False, error=none
  edge_delete b=1 s=2026: applied=1, nested=True, p=0.470947, flip=False, error=none
  edge_delete b=3 s=2026: applied=3, nested=True, p=0.000742, flip=False, error=none
  edge_delete b=5 s=2026: applied=4, nested=True, p=NA, flip=False, error=none
  edge_reconnect b=1 s=7: applied=1, nested=True, p=0.404058, flip=False, error=none
  edge_reconnect b=3 s=7: applied=3, nested=True, p=0.432437, flip=False, error=none
  edge_reconnect b=5 s=7: applied=5, nested=True, p=0.002909, flip=False, error=none
  edge_reconnect b=1 s=17: applied=1, nested=True, p=0.605948, flip=True, error=none
  edge_reconnect b=3 s=17: applied=3, nested=True, p=0.404058, flip=False, error=none
  edge_reconnect b=5 s=17: applied=5, nested=True, p=0.432437, flip=False, error=none
  edge_reconnect b=1 s=29: applied=1, nested=True, p=0.470947, flip=False, error=none
  edge_reconnect b=3 s=29: applied=3, nested=True, p=0.000861, flip=False, error=none
  edge_reconnect b=5 s=29: applied=5, nested=True, p=0.000404, flip=False, error=none
  edge_reconnect b=1 s=42: applied=1, nested=True, p=0.470947, flip=False, error=none
  edge_reconnect b=3 s=42: applied=3, nested=True, p=0.552894, flip=True, error=none
  edge_reconnect b=5 s=42: applied=5, nested=True, p=0.002909, flip=False, error=none
  edge_reconnect b=1 s=61: applied=1, nested=True, p=0.332413, flip=False, error=none
  edge_reconnect b=3 s=61: applied=3, nested=True, p=0.332413, flip=False, error=none
  edge_reconnect b=5 s=61: applied=5, nested=True, p=0.552894, flip=True, error=none
  edge_reconnect b=1 s=73: applied=1, nested=True, p=0.552894, flip=True, error=none
  edge_reconnect b=3 s=73: applied=3, nested=True, p=0.000713, flip=False, error=none
  edge_reconnect b=5 s=73: applied=5, nested=True, p=0.332413, flip=False, error=none
  edge_reconnect b=1 s=89: applied=1, nested=True, p=0.470947, flip=False, error=none
  edge_reconnect b=3 s=89: applied=3, nested=True, p=0.552894, flip=True, error=none
  edge_reconnect b=5 s=89: applied=5, nested=True, p=0.552894, flip=True, error=none
  edge_reconnect b=1 s=101: applied=1, nested=True, p=0.332413, flip=False, error=none
  edge_reconnect b=3 s=101: applied=3, nested=True, p=0.332413, flip=False, error=none
  edge_reconnect b=5 s=101: applied=5, nested=True, p=0.399129, flip=False, error=none
  edge_reconnect b=1 s=137: applied=1, nested=True, p=0.470947, flip=False, error=none
  edge_reconnect b=3 s=137: applied=3, nested=True, p=0.605948, flip=True, error=none
  edge_reconnect b=5 s=137: applied=5, nested=True, p=0.002909, flip=False, error=none
  edge_reconnect b=1 s=2026: applied=1, nested=True, p=0.470947, flip=False, error=none
  edge_reconnect b=3 s=2026: applied=3, nested=True, p=0.000029, flip=False, error=none
  edge_reconnect b=5 s=2026: applied=5, nested=True, p=0.002909, flip=False, error=none
[33/60] cwe119__13_vulnerable_CWE121_Stack_Based_Buffer_Overflow__: baseline p=0.470947, label=0, PDG=7/5, XFG=8
  node_add b=1 s=7: applied=1, nested=True, p=0.470947, flip=False, error=none
  node_add b=3 s=7: applied=3, nested=True, p=0.470947, flip=False, error=none
  node_add b=5 s=7: applied=5, nested=True, p=0.470947, flip=False, error=none
  node_add b=1 s=17: applied=1, nested=True, p=0.470947, flip=False, error=none
  node_add b=3 s=17: applied=3, nested=True, p=0.470947, flip=False, error=none
  node_add b=5 s=17: applied=5, nested=True, p=0.207884, flip=False, error=none
  node_add b=1 s=29: applied=1, nested=True, p=0.470947, flip=False, error=none
  node_add b=3 s=29: applied=3, nested=True, p=0.207884, flip=False, error=none
  node_add b=5 s=29: applied=5, nested=True, p=0.000786, flip=False, error=none
  node_add b=1 s=42: applied=1, nested=True, p=0.207884, flip=False, error=none
  node_add b=3 s=42: applied=3, nested=True, p=0.207884, flip=False, error=none
  node_add b=5 s=42: applied=5, nested=True, p=0.207884, flip=False, error=none
  node_add b=1 s=61: applied=1, nested=True, p=0.470947, flip=False, error=none
  node_add b=3 s=61: applied=3, nested=True, p=0.470947, flip=False, error=none
  node_add b=5 s=61: applied=5, nested=True, p=0.207884, flip=False, error=none
  node_add b=1 s=73: applied=1, nested=True, p=0.470947, flip=False, error=none
  node_add b=3 s=73: applied=3, nested=True, p=0.470947, flip=False, error=none
  node_add b=5 s=73: applied=5, nested=True, p=0.470947, flip=False, error=none
  node_add b=1 s=89: applied=1, nested=True, p=0.470947, flip=False, error=none
  node_add b=3 s=89: applied=3, nested=True, p=0.470947, flip=False, error=none
  node_add b=5 s=89: applied=5, nested=True, p=0.207884, flip=False, error=none
  node_add b=1 s=101: applied=1, nested=True, p=0.470947, flip=False, error=none
  node_add b=3 s=101: applied=3, nested=True, p=0.470947, flip=False, error=none
  node_add b=5 s=101: applied=5, nested=True, p=0.207884, flip=False, error=none
  node_add b=1 s=137: applied=1, nested=True, p=0.470947, flip=False, error=none
  node_add b=3 s=137: applied=3, nested=True, p=0.470947, flip=False, error=none
  node_add b=5 s=137: applied=5, nested=True, p=0.207884, flip=False, error=none
  node_add b=1 s=2026: applied=1, nested=True, p=0.470947, flip=False, error=none
  node_add b=3 s=2026: applied=3, nested=True, p=0.066028, flip=False, error=none
  node_add b=5 s=2026: applied=5, nested=True, p=0.000742, flip=False, error=none
  node_delete b=1 s=7: applied=1, nested=True, p=0.470947, flip=False, error=none
  node_delete b=3 s=7: applied=3, nested=True, p=NA, flip=False, error=none
  node_delete b=5 s=7: applied=3, nested=True, p=NA, flip=False, error=none
  node_delete b=1 s=17: applied=1, nested=True, p=0.004015, flip=False, error=none
  node_delete b=3 s=17: applied=3, nested=True, p=NA, flip=False, error=none
  node_delete b=5 s=17: applied=3, nested=True, p=NA, flip=False, error=none
  node_delete b=1 s=29: applied=1, nested=True, p=0.004015, flip=False, error=none
  node_delete b=3 s=29: applied=3, nested=True, p=NA, flip=False, error=none
  node_delete b=5 s=29: applied=3, nested=True, p=NA, flip=False, error=none
  node_delete b=1 s=42: applied=1, nested=True, p=0.004015, flip=False, error=none
  node_delete b=3 s=42: applied=3, nested=True, p=NA, flip=False, error=none
  node_delete b=5 s=42: applied=3, nested=True, p=NA, flip=False, error=none
  node_delete b=1 s=61: applied=1, nested=True, p=0.470947, flip=False, error=none
  node_delete b=3 s=61: applied=3, nested=True, p=NA, flip=False, error=none
  node_delete b=5 s=61: applied=3, nested=True, p=NA, flip=False, error=none
  node_delete b=1 s=73: applied=1, nested=True, p=0.470947, flip=False, error=none
  node_delete b=3 s=73: applied=3, nested=True, p=NA, flip=False, error=none
  node_delete b=5 s=73: applied=3, nested=True, p=NA, flip=False, error=none
  node_delete b=1 s=89: applied=1, nested=True, p=0.470947, flip=False, error=none
  node_delete b=3 s=89: applied=3, nested=True, p=NA, flip=False, error=none
  node_delete b=5 s=89: applied=3, nested=True, p=NA, flip=False, error=none
  node_delete b=1 s=101: applied=1, nested=True, p=0.004015, flip=False, error=none
  node_delete b=3 s=101: applied=3, nested=True, p=NA, flip=False, error=none
  node_delete b=5 s=101: applied=3, nested=True, p=NA, flip=False, error=none
  node_delete b=1 s=137: applied=1, nested=True, p=0.470947, flip=False, error=none
  node_delete b=3 s=137: applied=3, nested=True, p=NA, flip=False, error=none
  node_delete b=5 s=137: applied=3, nested=True, p=NA, flip=False, error=none
  node_delete b=1 s=2026: applied=1, nested=True, p=0.470947, flip=False, error=none
  node_delete b=3 s=2026: applied=3, nested=True, p=NA, flip=False, error=none
  node_delete b=5 s=2026: applied=3, nested=True, p=NA, flip=False, error=none
  node_attribute_modify b=1 s=7: applied=1, nested=True, p=0.470947, flip=False, error=none
  node_attribute_modify b=3 s=7: applied=3, nested=True, p=0.470947, flip=False, error=none
  node_attribute_modify b=5 s=7: applied=5, nested=True, p=0.275416, flip=False, error=none
  node_attribute_modify b=1 s=17: applied=1, nested=True, p=0.266875, flip=False, error=none
  node_attribute_modify b=3 s=17: applied=3, nested=True, p=0.410359, flip=False, error=none
  node_attribute_modify b=5 s=17: applied=5, nested=True, p=0.639022, flip=True, error=none
  node_attribute_modify b=1 s=29: applied=1, nested=True, p=0.013021, flip=False, error=none
  node_attribute_modify b=3 s=29: applied=3, nested=True, p=0.946871, flip=True, error=none
  node_attribute_modify b=5 s=29: applied=5, nested=True, p=0.013021, flip=False, error=none
  node_attribute_modify b=1 s=42: applied=1, nested=True, p=0.470947, flip=False, error=none
  node_attribute_modify b=3 s=42: applied=3, nested=True, p=0.680149, flip=True, error=none
  node_attribute_modify b=5 s=42: applied=5, nested=True, p=0.470947, flip=False, error=none
  node_attribute_modify b=1 s=61: applied=1, nested=True, p=0.946871, flip=True, error=none
  node_attribute_modify b=3 s=61: applied=3, nested=True, p=0.946871, flip=True, error=none
  node_attribute_modify b=5 s=61: applied=5, nested=True, p=0.000000, flip=False, error=none
  node_attribute_modify b=1 s=73: applied=1, nested=True, p=0.470947, flip=False, error=none
  node_attribute_modify b=3 s=73: applied=3, nested=True, p=0.578773, flip=True, error=none
  node_attribute_modify b=5 s=73: applied=5, nested=True, p=0.470947, flip=False, error=none
  node_attribute_modify b=1 s=89: applied=1, nested=True, p=0.470947, flip=False, error=none
  node_attribute_modify b=3 s=89: applied=3, nested=True, p=0.470947, flip=False, error=none
  node_attribute_modify b=5 s=89: applied=5, nested=True, p=0.427476, flip=False, error=none
  node_attribute_modify b=1 s=101: applied=1, nested=True, p=0.470947, flip=False, error=none
  node_attribute_modify b=3 s=101: applied=3, nested=True, p=0.248023, flip=False, error=none
  node_attribute_modify b=5 s=101: applied=5, nested=True, p=0.000000, flip=False, error=none
  node_attribute_modify b=1 s=137: applied=1, nested=True, p=0.470947, flip=False, error=none
  node_attribute_modify b=3 s=137: applied=3, nested=True, p=0.991139, flip=True, error=none
  node_attribute_modify b=5 s=137: applied=5, nested=True, p=0.946871, flip=True, error=none
  node_attribute_modify b=1 s=2026: applied=1, nested=True, p=0.470947, flip=False, error=none
  node_attribute_modify b=3 s=2026: applied=3, nested=True, p=0.470947, flip=False, error=none
  node_attribute_modify b=5 s=2026: applied=5, nested=True, p=0.470947, flip=False, error=none
  edge_add b=1 s=7: applied=1, nested=True, p=0.470947, flip=False, error=none
  edge_add b=3 s=7: applied=3, nested=True, p=0.396802, flip=False, error=none
  edge_add b=5 s=7: applied=5, nested=True, p=0.227022, flip=False, error=none
  edge_add b=1 s=17: applied=1, nested=True, p=0.470947, flip=False, error=none
  edge_add b=3 s=17: applied=3, nested=True, p=0.669072, flip=True, error=none
  edge_add b=5 s=17: applied=5, nested=True, p=0.586446, flip=True, error=none
  edge_add b=1 s=29: applied=1, nested=True, p=0.001343, flip=False, error=none
  edge_add b=3 s=29: applied=3, nested=True, p=0.004686, flip=False, error=none
  edge_add b=5 s=29: applied=5, nested=True, p=0.493397, flip=False, error=none
  edge_add b=1 s=42: applied=1, nested=True, p=0.008280, flip=False, error=none
  edge_add b=3 s=42: applied=3, nested=True, p=0.468959, flip=False, error=none
  edge_add b=5 s=42: applied=5, nested=True, p=0.369844, flip=False, error=none
  edge_add b=1 s=61: applied=1, nested=True, p=0.470947, flip=False, error=none
  edge_add b=3 s=61: applied=3, nested=True, p=0.470947, flip=False, error=none
  edge_add b=5 s=61: applied=5, nested=True, p=0.470947, flip=False, error=none
  edge_add b=1 s=73: applied=1, nested=True, p=0.470947, flip=False, error=none
  edge_add b=3 s=73: applied=3, nested=True, p=0.008280, flip=False, error=none
  edge_add b=5 s=73: applied=5, nested=True, p=0.000003, flip=False, error=none
  edge_add b=1 s=89: applied=1, nested=True, p=0.470947, flip=False, error=none
  edge_add b=3 s=89: applied=3, nested=True, p=0.470947, flip=False, error=none
  edge_add b=5 s=89: applied=5, nested=True, p=0.134845, flip=False, error=none
  edge_add b=1 s=101: applied=1, nested=True, p=0.249195, flip=False, error=none
  edge_add b=3 s=101: applied=3, nested=True, p=0.002164, flip=False, error=none
  edge_add b=5 s=101: applied=5, nested=True, p=0.018652, flip=False, error=none
  edge_add b=1 s=137: applied=1, nested=True, p=0.470947, flip=False, error=none
  edge_add b=3 s=137: applied=3, nested=True, p=0.401926, flip=False, error=none
  edge_add b=5 s=137: applied=5, nested=True, p=0.403282, flip=False, error=none
  edge_add b=1 s=2026: applied=1, nested=True, p=0.008280, flip=False, error=none
  edge_add b=3 s=2026: applied=3, nested=True, p=0.046537, flip=False, error=none
  edge_add b=5 s=2026: applied=5, nested=True, p=0.000254, flip=False, error=none
  edge_delete b=1 s=7: applied=1, nested=True, p=0.470947, flip=False, error=none
  edge_delete b=3 s=7: applied=3, nested=True, p=0.000742, flip=False, error=none
  edge_delete b=5 s=7: applied=5, nested=True, p=NA, flip=False, error=none
  edge_delete b=1 s=17: applied=1, nested=True, p=0.470947, flip=False, error=none
  edge_delete b=3 s=17: applied=3, nested=True, p=0.000009, flip=False, error=none
  edge_delete b=5 s=17: applied=5, nested=True, p=NA, flip=False, error=none
  edge_delete b=1 s=29: applied=1, nested=True, p=0.470947, flip=False, error=none
  edge_delete b=3 s=29: applied=3, nested=True, p=0.470947, flip=False, error=none
  edge_delete b=5 s=29: applied=5, nested=True, p=NA, flip=False, error=none
  edge_delete b=1 s=42: applied=1, nested=True, p=0.470947, flip=False, error=none
  edge_delete b=3 s=42: applied=3, nested=True, p=0.470947, flip=False, error=none
  edge_delete b=5 s=42: applied=5, nested=True, p=NA, flip=False, error=none
  edge_delete b=1 s=61: applied=1, nested=True, p=0.000742, flip=False, error=none
  edge_delete b=3 s=61: applied=3, nested=True, p=0.000009, flip=False, error=none
  edge_delete b=5 s=61: applied=5, nested=True, p=NA, flip=False, error=none
  edge_delete b=1 s=73: applied=1, nested=True, p=0.470947, flip=False, error=none
  edge_delete b=3 s=73: applied=3, nested=True, p=0.470947, flip=False, error=none
  edge_delete b=5 s=73: applied=5, nested=True, p=NA, flip=False, error=none
  edge_delete b=1 s=89: applied=1, nested=True, p=0.470947, flip=False, error=none
  edge_delete b=3 s=89: applied=3, nested=True, p=0.000742, flip=False, error=none
  edge_delete b=5 s=89: applied=5, nested=True, p=NA, flip=False, error=none
  edge_delete b=1 s=101: applied=1, nested=True, p=0.470947, flip=False, error=none
  edge_delete b=3 s=101: applied=3, nested=True, p=0.000009, flip=False, error=none
  edge_delete b=5 s=101: applied=5, nested=True, p=NA, flip=False, error=none
  edge_delete b=1 s=137: applied=1, nested=True, p=0.470947, flip=False, error=none
  edge_delete b=3 s=137: applied=3, nested=True, p=0.000742, flip=False, error=none
  edge_delete b=5 s=137: applied=5, nested=True, p=NA, flip=False, error=none
  edge_delete b=1 s=2026: applied=1, nested=True, p=0.470947, flip=False, error=none
  edge_delete b=3 s=2026: applied=3, nested=True, p=0.000599, flip=False, error=none
  edge_delete b=5 s=2026: applied=5, nested=True, p=NA, flip=False, error=none
  edge_reconnect b=1 s=7: applied=1, nested=True, p=0.013673, flip=False, error=none
  edge_reconnect b=3 s=7: applied=3, nested=True, p=0.470947, flip=False, error=none
  edge_reconnect b=5 s=7: applied=5, nested=True, p=0.470947, flip=False, error=none
  edge_reconnect b=1 s=17: applied=1, nested=True, p=0.011178, flip=False, error=none
  edge_reconnect b=3 s=17: applied=3, nested=True, p=0.468205, flip=False, error=none
  edge_reconnect b=5 s=17: applied=5, nested=True, p=0.468205, flip=False, error=none
  edge_reconnect b=1 s=29: applied=1, nested=True, p=0.470947, flip=False, error=none
  edge_reconnect b=3 s=29: applied=3, nested=True, p=0.007784, flip=False, error=none
  edge_reconnect b=5 s=29: applied=5, nested=True, p=0.002079, flip=False, error=none
  edge_reconnect b=1 s=42: applied=1, nested=True, p=0.470947, flip=False, error=none
  edge_reconnect b=3 s=42: applied=3, nested=True, p=0.470947, flip=False, error=none
  edge_reconnect b=5 s=42: applied=5, nested=True, p=0.048030, flip=False, error=none
  edge_reconnect b=1 s=61: applied=1, nested=True, p=0.000742, flip=False, error=none
  edge_reconnect b=3 s=61: applied=3, nested=True, p=0.044947, flip=False, error=none
  edge_reconnect b=5 s=61: applied=5, nested=True, p=0.044947, flip=False, error=none
  edge_reconnect b=1 s=73: applied=1, nested=True, p=0.470947, flip=False, error=none
  edge_reconnect b=3 s=73: applied=3, nested=True, p=0.213229, flip=False, error=none
  edge_reconnect b=5 s=73: applied=5, nested=True, p=0.260831, flip=False, error=none
  edge_reconnect b=1 s=89: applied=1, nested=True, p=0.000599, flip=False, error=none
  edge_reconnect b=3 s=89: applied=3, nested=True, p=0.000599, flip=False, error=none
  edge_reconnect b=5 s=89: applied=5, nested=True, p=0.252583, flip=False, error=none
  edge_reconnect b=1 s=101: applied=1, nested=True, p=0.470947, flip=False, error=none
  edge_reconnect b=3 s=101: applied=3, nested=True, p=0.052334, flip=False, error=none
  edge_reconnect b=5 s=101: applied=5, nested=True, p=0.050883, flip=False, error=none
  edge_reconnect b=1 s=137: applied=1, nested=True, p=0.000599, flip=False, error=none
  edge_reconnect b=3 s=137: applied=3, nested=True, p=0.000599, flip=False, error=none
  edge_reconnect b=5 s=137: applied=5, nested=True, p=0.000022, flip=False, error=none
  edge_reconnect b=1 s=2026: applied=1, nested=True, p=0.001097, flip=False, error=none
  edge_reconnect b=3 s=2026: applied=3, nested=True, p=0.797561, flip=True, error=none
  edge_reconnect b=5 s=2026: applied=5, nested=True, p=0.797561, flip=True, error=none
[34/60] cwe119__14_non_vulnerable_CWE121_Stack_Based_Buffer_Overflow__: baseline p=0.470947, label=0, PDG=7/5, XFG=8
  node_add b=1 s=7: applied=1, nested=True, p=0.470947, flip=False, error=none
  node_add b=3 s=7: applied=3, nested=True, p=0.470947, flip=False, error=none
  node_add b=5 s=7: applied=5, nested=True, p=0.470947, flip=False, error=none
  node_add b=1 s=17: applied=1, nested=True, p=0.470947, flip=False, error=none
  node_add b=3 s=17: applied=3, nested=True, p=0.470947, flip=False, error=none
  node_add b=5 s=17: applied=5, nested=True, p=0.207884, flip=False, error=none
  node_add b=1 s=29: applied=1, nested=True, p=0.470947, flip=False, error=none
  node_add b=3 s=29: applied=3, nested=True, p=0.207884, flip=False, error=none
  node_add b=5 s=29: applied=5, nested=True, p=0.000786, flip=False, error=none
  node_add b=1 s=42: applied=1, nested=True, p=0.207884, flip=False, error=none
  node_add b=3 s=42: applied=3, nested=True, p=0.207884, flip=False, error=none
  node_add b=5 s=42: applied=5, nested=True, p=0.207884, flip=False, error=none
  node_add b=1 s=61: applied=1, nested=True, p=0.470947, flip=False, error=none
  node_add b=3 s=61: applied=3, nested=True, p=0.470947, flip=False, error=none
  node_add b=5 s=61: applied=5, nested=True, p=0.207884, flip=False, error=none
  node_add b=1 s=73: applied=1, nested=True, p=0.470947, flip=False, error=none
  node_add b=3 s=73: applied=3, nested=True, p=0.470947, flip=False, error=none
  node_add b=5 s=73: applied=5, nested=True, p=0.470947, flip=False, error=none
  node_add b=1 s=89: applied=1, nested=True, p=0.470947, flip=False, error=none
  node_add b=3 s=89: applied=3, nested=True, p=0.470947, flip=False, error=none
  node_add b=5 s=89: applied=5, nested=True, p=0.207884, flip=False, error=none
  node_add b=1 s=101: applied=1, nested=True, p=0.470947, flip=False, error=none
  node_add b=3 s=101: applied=3, nested=True, p=0.470947, flip=False, error=none
  node_add b=5 s=101: applied=5, nested=True, p=0.207884, flip=False, error=none
  node_add b=1 s=137: applied=1, nested=True, p=0.470947, flip=False, error=none
  node_add b=3 s=137: applied=3, nested=True, p=0.470947, flip=False, error=none
  node_add b=5 s=137: applied=5, nested=True, p=0.207884, flip=False, error=none
  node_add b=1 s=2026: applied=1, nested=True, p=0.470947, flip=False, error=none
  node_add b=3 s=2026: applied=3, nested=True, p=0.066028, flip=False, error=none
  node_add b=5 s=2026: applied=5, nested=True, p=0.000742, flip=False, error=none
  node_delete b=1 s=7: applied=1, nested=True, p=0.470947, flip=False, error=none
  node_delete b=3 s=7: applied=3, nested=True, p=NA, flip=False, error=none
  node_delete b=5 s=7: applied=3, nested=True, p=NA, flip=False, error=none
  node_delete b=1 s=17: applied=1, nested=True, p=0.000003, flip=False, error=none
  node_delete b=3 s=17: applied=3, nested=True, p=NA, flip=False, error=none
  node_delete b=5 s=17: applied=3, nested=True, p=NA, flip=False, error=none
  node_delete b=1 s=29: applied=1, nested=True, p=0.000003, flip=False, error=none
  node_delete b=3 s=29: applied=3, nested=True, p=NA, flip=False, error=none
  node_delete b=5 s=29: applied=3, nested=True, p=NA, flip=False, error=none
  node_delete b=1 s=42: applied=1, nested=True, p=0.000003, flip=False, error=none
  node_delete b=3 s=42: applied=3, nested=True, p=NA, flip=False, error=none
  node_delete b=5 s=42: applied=3, nested=True, p=NA, flip=False, error=none
  node_delete b=1 s=61: applied=1, nested=True, p=0.470947, flip=False, error=none
  node_delete b=3 s=61: applied=3, nested=True, p=NA, flip=False, error=none
  node_delete b=5 s=61: applied=3, nested=True, p=NA, flip=False, error=none
  node_delete b=1 s=73: applied=1, nested=True, p=0.470947, flip=False, error=none
  node_delete b=3 s=73: applied=3, nested=True, p=NA, flip=False, error=none
  node_delete b=5 s=73: applied=3, nested=True, p=NA, flip=False, error=none
  node_delete b=1 s=89: applied=1, nested=True, p=0.470947, flip=False, error=none
  node_delete b=3 s=89: applied=3, nested=True, p=NA, flip=False, error=none
  node_delete b=5 s=89: applied=3, nested=True, p=NA, flip=False, error=none
  node_delete b=1 s=101: applied=1, nested=True, p=0.000003, flip=False, error=none
  node_delete b=3 s=101: applied=3, nested=True, p=NA, flip=False, error=none
  node_delete b=5 s=101: applied=3, nested=True, p=NA, flip=False, error=none
  node_delete b=1 s=137: applied=1, nested=True, p=0.470947, flip=False, error=none
  node_delete b=3 s=137: applied=3, nested=True, p=NA, flip=False, error=none
  node_delete b=5 s=137: applied=3, nested=True, p=NA, flip=False, error=none
  node_delete b=1 s=2026: applied=1, nested=True, p=0.470947, flip=False, error=none
  node_delete b=3 s=2026: applied=3, nested=True, p=NA, flip=False, error=none
  node_delete b=5 s=2026: applied=3, nested=True, p=NA, flip=False, error=none
  node_attribute_modify b=1 s=7: applied=1, nested=True, p=0.470947, flip=False, error=none
  node_attribute_modify b=3 s=7: applied=3, nested=True, p=0.470947, flip=False, error=none
  node_attribute_modify b=5 s=7: applied=5, nested=True, p=0.266875, flip=False, error=none
  node_attribute_modify b=1 s=17: applied=1, nested=True, p=0.266875, flip=False, error=none
  node_attribute_modify b=3 s=17: applied=3, nested=True, p=0.043227, flip=False, error=none
  node_attribute_modify b=5 s=17: applied=5, nested=True, p=0.371482, flip=False, error=none
  node_attribute_modify b=1 s=29: applied=1, nested=True, p=0.013021, flip=False, error=none
  node_attribute_modify b=3 s=29: applied=3, nested=True, p=0.000000, flip=False, error=none
  node_attribute_modify b=5 s=29: applied=5, nested=True, p=0.013021, flip=False, error=none
  node_attribute_modify b=1 s=42: applied=1, nested=True, p=0.470947, flip=False, error=none
  node_attribute_modify b=3 s=42: applied=3, nested=True, p=0.470947, flip=False, error=none
  node_attribute_modify b=5 s=42: applied=5, nested=True, p=0.470947, flip=False, error=none
  node_attribute_modify b=1 s=61: applied=1, nested=True, p=0.000093, flip=False, error=none
  node_attribute_modify b=3 s=61: applied=3, nested=True, p=0.000000, flip=False, error=none
  node_attribute_modify b=5 s=61: applied=5, nested=True, p=0.000000, flip=False, error=none
  node_attribute_modify b=1 s=73: applied=1, nested=True, p=0.470947, flip=False, error=none
  node_attribute_modify b=3 s=73: applied=3, nested=True, p=0.470947, flip=False, error=none
  node_attribute_modify b=5 s=73: applied=5, nested=True, p=0.470947, flip=False, error=none
  node_attribute_modify b=1 s=89: applied=1, nested=True, p=0.470947, flip=False, error=none
  node_attribute_modify b=3 s=89: applied=3, nested=True, p=0.470947, flip=False, error=none
  node_attribute_modify b=5 s=89: applied=5, nested=True, p=0.266875, flip=False, error=none
  node_attribute_modify b=1 s=101: applied=1, nested=True, p=0.470947, flip=False, error=none
  node_attribute_modify b=3 s=101: applied=3, nested=True, p=0.248023, flip=False, error=none
  node_attribute_modify b=5 s=101: applied=5, nested=True, p=0.000000, flip=False, error=none
  node_attribute_modify b=1 s=137: applied=1, nested=True, p=0.470947, flip=False, error=none
  node_attribute_modify b=3 s=137: applied=3, nested=True, p=0.470947, flip=False, error=none
  node_attribute_modify b=5 s=137: applied=5, nested=True, p=0.371482, flip=False, error=none
  node_attribute_modify b=1 s=2026: applied=1, nested=True, p=0.470947, flip=False, error=none
  node_attribute_modify b=3 s=2026: applied=3, nested=True, p=0.470947, flip=False, error=none
  node_attribute_modify b=5 s=2026: applied=5, nested=True, p=0.470947, flip=False, error=none
  edge_add b=1 s=7: applied=1, nested=True, p=0.470947, flip=False, error=none
  edge_add b=3 s=7: applied=3, nested=True, p=0.000002, flip=False, error=none
  edge_add b=5 s=7: applied=5, nested=True, p=0.000003, flip=False, error=none
  edge_add b=1 s=17: applied=1, nested=True, p=0.470947, flip=False, error=none
  edge_add b=3 s=17: applied=3, nested=True, p=0.003760, flip=False, error=none
  edge_add b=5 s=17: applied=5, nested=True, p=0.002972, flip=False, error=none
  edge_add b=1 s=29: applied=1, nested=True, p=0.001343, flip=False, error=none
  edge_add b=3 s=29: applied=3, nested=True, p=0.003478, flip=False, error=none
  edge_add b=5 s=29: applied=5, nested=True, p=0.000217, flip=False, error=none
  edge_add b=1 s=42: applied=1, nested=True, p=0.008280, flip=False, error=none
  edge_add b=3 s=42: applied=3, nested=True, p=0.000742, flip=False, error=none
  edge_add b=5 s=42: applied=5, nested=True, p=0.000742, flip=False, error=none
  edge_add b=1 s=61: applied=1, nested=True, p=0.470947, flip=False, error=none
  edge_add b=3 s=61: applied=3, nested=True, p=0.470947, flip=False, error=none
  edge_add b=5 s=61: applied=5, nested=True, p=0.470947, flip=False, error=none
  edge_add b=1 s=73: applied=1, nested=True, p=0.470947, flip=False, error=none
  edge_add b=3 s=73: applied=3, nested=True, p=0.008280, flip=False, error=none
  edge_add b=5 s=73: applied=5, nested=True, p=0.000000, flip=False, error=none
  edge_add b=1 s=89: applied=1, nested=True, p=0.470947, flip=False, error=none
  edge_add b=3 s=89: applied=3, nested=True, p=0.470947, flip=False, error=none
  edge_add b=5 s=89: applied=5, nested=True, p=0.000061, flip=False, error=none
  edge_add b=1 s=101: applied=1, nested=True, p=0.215414, flip=False, error=none
  edge_add b=3 s=101: applied=3, nested=True, p=0.001161, flip=False, error=none
  edge_add b=5 s=101: applied=5, nested=True, p=0.000089, flip=False, error=none
  edge_add b=1 s=137: applied=1, nested=True, p=0.470947, flip=False, error=none
  edge_add b=3 s=137: applied=3, nested=True, p=0.030312, flip=False, error=none
  edge_add b=5 s=137: applied=5, nested=True, p=0.033518, flip=False, error=none
  edge_add b=1 s=2026: applied=1, nested=True, p=0.008280, flip=False, error=none
  edge_add b=3 s=2026: applied=3, nested=True, p=0.046537, flip=False, error=none
  edge_add b=5 s=2026: applied=5, nested=True, p=0.000254, flip=False, error=none
  edge_delete b=1 s=7: applied=1, nested=True, p=0.470947, flip=False, error=none
  edge_delete b=3 s=7: applied=3, nested=True, p=0.000742, flip=False, error=none
  edge_delete b=5 s=7: applied=5, nested=True, p=NA, flip=False, error=none
  edge_delete b=1 s=17: applied=1, nested=True, p=0.470947, flip=False, error=none
  edge_delete b=3 s=17: applied=3, nested=True, p=0.000000, flip=False, error=none
  edge_delete b=5 s=17: applied=5, nested=True, p=NA, flip=False, error=none
  edge_delete b=1 s=29: applied=1, nested=True, p=0.470947, flip=False, error=none
  edge_delete b=3 s=29: applied=3, nested=True, p=0.470947, flip=False, error=none
  edge_delete b=5 s=29: applied=5, nested=True, p=NA, flip=False, error=none
  edge_delete b=1 s=42: applied=1, nested=True, p=0.470947, flip=False, error=none
  edge_delete b=3 s=42: applied=3, nested=True, p=0.470947, flip=False, error=none
  edge_delete b=5 s=42: applied=5, nested=True, p=NA, flip=False, error=none
  edge_delete b=1 s=61: applied=1, nested=True, p=0.000742, flip=False, error=none
  edge_delete b=3 s=61: applied=3, nested=True, p=0.000000, flip=False, error=none
  edge_delete b=5 s=61: applied=5, nested=True, p=NA, flip=False, error=none
  edge_delete b=1 s=73: applied=1, nested=True, p=0.470947, flip=False, error=none
  edge_delete b=3 s=73: applied=3, nested=True, p=0.470947, flip=False, error=none
  edge_delete b=5 s=73: applied=5, nested=True, p=NA, flip=False, error=none
  edge_delete b=1 s=89: applied=1, nested=True, p=0.470947, flip=False, error=none
  edge_delete b=3 s=89: applied=3, nested=True, p=0.000742, flip=False, error=none
  edge_delete b=5 s=89: applied=5, nested=True, p=NA, flip=False, error=none
  edge_delete b=1 s=101: applied=1, nested=True, p=0.470947, flip=False, error=none
  edge_delete b=3 s=101: applied=3, nested=True, p=0.000000, flip=False, error=none
  edge_delete b=5 s=101: applied=5, nested=True, p=NA, flip=False, error=none
  edge_delete b=1 s=137: applied=1, nested=True, p=0.470947, flip=False, error=none
  edge_delete b=3 s=137: applied=3, nested=True, p=0.000742, flip=False, error=none
  edge_delete b=5 s=137: applied=5, nested=True, p=NA, flip=False, error=none
  edge_delete b=1 s=2026: applied=1, nested=True, p=0.470947, flip=False, error=none
  edge_delete b=3 s=2026: applied=3, nested=True, p=0.000006, flip=False, error=none
  edge_delete b=5 s=2026: applied=5, nested=True, p=NA, flip=False, error=none
  edge_reconnect b=1 s=7: applied=1, nested=True, p=0.013673, flip=False, error=none
  edge_reconnect b=3 s=7: applied=3, nested=True, p=0.470947, flip=False, error=none
  edge_reconnect b=5 s=7: applied=5, nested=True, p=0.470947, flip=False, error=none
  edge_reconnect b=1 s=17: applied=1, nested=True, p=0.000742, flip=False, error=none
  edge_reconnect b=3 s=17: applied=3, nested=True, p=0.003839, flip=False, error=none
  edge_reconnect b=5 s=17: applied=5, nested=True, p=0.003839, flip=False, error=none
  edge_reconnect b=1 s=29: applied=1, nested=True, p=0.470947, flip=False, error=none
  edge_reconnect b=3 s=29: applied=3, nested=True, p=0.007784, flip=False, error=none
  edge_reconnect b=5 s=29: applied=5, nested=True, p=0.002079, flip=False, error=none
  edge_reconnect b=1 s=42: applied=1, nested=True, p=0.470947, flip=False, error=none
  edge_reconnect b=3 s=42: applied=3, nested=True, p=0.470947, flip=False, error=none
  edge_reconnect b=5 s=42: applied=5, nested=True, p=0.013673, flip=False, error=none
  edge_reconnect b=1 s=61: applied=1, nested=True, p=0.000742, flip=False, error=none
  edge_reconnect b=3 s=61: applied=3, nested=True, p=0.000742, flip=False, error=none
  edge_reconnect b=5 s=61: applied=5, nested=True, p=0.000742, flip=False, error=none
  edge_reconnect b=1 s=73: applied=1, nested=True, p=0.470947, flip=False, error=none
  edge_reconnect b=3 s=73: applied=3, nested=True, p=0.000332, flip=False, error=none
  edge_reconnect b=5 s=73: applied=5, nested=True, p=0.005215, flip=False, error=none
  edge_reconnect b=1 s=89: applied=1, nested=True, p=0.000006, flip=False, error=none
  edge_reconnect b=3 s=89: applied=3, nested=True, p=0.000015, flip=False, error=none
  edge_reconnect b=5 s=89: applied=5, nested=True, p=0.252583, flip=False, error=none
  edge_reconnect b=1 s=101: applied=1, nested=True, p=0.470947, flip=False, error=none
  edge_reconnect b=3 s=101: applied=3, nested=True, p=0.052334, flip=False, error=none
  edge_reconnect b=5 s=101: applied=5, nested=True, p=0.041021, flip=False, error=none
  edge_reconnect b=1 s=137: applied=1, nested=True, p=0.000006, flip=False, error=none
  edge_reconnect b=3 s=137: applied=3, nested=True, p=0.000031, flip=False, error=none
  edge_reconnect b=5 s=137: applied=5, nested=True, p=0.000022, flip=False, error=none
  edge_reconnect b=1 s=2026: applied=1, nested=True, p=0.001097, flip=False, error=none
  edge_reconnect b=3 s=2026: applied=3, nested=True, p=0.000285, flip=False, error=none
  edge_reconnect b=5 s=2026: applied=5, nested=True, p=0.000285, flip=False, error=none
[35/60] cwe119__15_vulnerable_CWE121_Stack_Based_Buffer_Overflow__: baseline p=0.470947, label=0, PDG=7/5, XFG=8
  node_add b=1 s=7: applied=1, nested=True, p=0.470947, flip=False, error=none
  node_add b=3 s=7: applied=3, nested=True, p=0.470947, flip=False, error=none
  node_add b=5 s=7: applied=5, nested=True, p=0.470947, flip=False, error=none
  node_add b=1 s=17: applied=1, nested=True, p=0.470947, flip=False, error=none
  node_add b=3 s=17: applied=3, nested=True, p=0.470947, flip=False, error=none
  node_add b=5 s=17: applied=5, nested=True, p=0.207884, flip=False, error=none
  node_add b=1 s=29: applied=1, nested=True, p=0.470947, flip=False, error=none
  node_add b=3 s=29: applied=3, nested=True, p=0.207884, flip=False, error=none
  node_add b=5 s=29: applied=5, nested=True, p=0.000786, flip=False, error=none
  node_add b=1 s=42: applied=1, nested=True, p=0.207884, flip=False, error=none
  node_add b=3 s=42: applied=3, nested=True, p=0.207884, flip=False, error=none
  node_add b=5 s=42: applied=5, nested=True, p=0.207884, flip=False, error=none
  node_add b=1 s=61: applied=1, nested=True, p=0.470947, flip=False, error=none
  node_add b=3 s=61: applied=3, nested=True, p=0.470947, flip=False, error=none
  node_add b=5 s=61: applied=5, nested=True, p=0.207884, flip=False, error=none
  node_add b=1 s=73: applied=1, nested=True, p=0.470947, flip=False, error=none
  node_add b=3 s=73: applied=3, nested=True, p=0.470947, flip=False, error=none
  node_add b=5 s=73: applied=5, nested=True, p=0.470947, flip=False, error=none
  node_add b=1 s=89: applied=1, nested=True, p=0.470947, flip=False, error=none
  node_add b=3 s=89: applied=3, nested=True, p=0.470947, flip=False, error=none
  node_add b=5 s=89: applied=5, nested=True, p=0.207884, flip=False, error=none
  node_add b=1 s=101: applied=1, nested=True, p=0.470947, flip=False, error=none
  node_add b=3 s=101: applied=3, nested=True, p=0.470947, flip=False, error=none
  node_add b=5 s=101: applied=5, nested=True, p=0.207884, flip=False, error=none
  node_add b=1 s=137: applied=1, nested=True, p=0.470947, flip=False, error=none
  node_add b=3 s=137: applied=3, nested=True, p=0.470947, flip=False, error=none
  node_add b=5 s=137: applied=5, nested=True, p=0.207884, flip=False, error=none
  node_add b=1 s=2026: applied=1, nested=True, p=0.470947, flip=False, error=none
  node_add b=3 s=2026: applied=3, nested=True, p=0.066028, flip=False, error=none
  node_add b=5 s=2026: applied=5, nested=True, p=0.000742, flip=False, error=none
  node_delete b=1 s=7: applied=1, nested=True, p=0.470947, flip=False, error=none
  node_delete b=3 s=7: applied=3, nested=True, p=NA, flip=False, error=none
  node_delete b=5 s=7: applied=3, nested=True, p=NA, flip=False, error=none
  node_delete b=1 s=17: applied=1, nested=True, p=0.004015, flip=False, error=none
  node_delete b=3 s=17: applied=3, nested=True, p=NA, flip=False, error=none
  node_delete b=5 s=17: applied=3, nested=True, p=NA, flip=False, error=none
  node_delete b=1 s=29: applied=1, nested=True, p=0.004015, flip=False, error=none
  node_delete b=3 s=29: applied=3, nested=True, p=NA, flip=False, error=none
  node_delete b=5 s=29: applied=3, nested=True, p=NA, flip=False, error=none
  node_delete b=1 s=42: applied=1, nested=True, p=0.004015, flip=False, error=none
  node_delete b=3 s=42: applied=3, nested=True, p=NA, flip=False, error=none
  node_delete b=5 s=42: applied=3, nested=True, p=NA, flip=False, error=none
  node_delete b=1 s=61: applied=1, nested=True, p=0.470947, flip=False, error=none
  node_delete b=3 s=61: applied=3, nested=True, p=NA, flip=False, error=none
  node_delete b=5 s=61: applied=3, nested=True, p=NA, flip=False, error=none
  node_delete b=1 s=73: applied=1, nested=True, p=0.470947, flip=False, error=none
  node_delete b=3 s=73: applied=3, nested=True, p=NA, flip=False, error=none
  node_delete b=5 s=73: applied=3, nested=True, p=NA, flip=False, error=none
  node_delete b=1 s=89: applied=1, nested=True, p=0.470947, flip=False, error=none
  node_delete b=3 s=89: applied=3, nested=True, p=NA, flip=False, error=none
  node_delete b=5 s=89: applied=3, nested=True, p=NA, flip=False, error=none
  node_delete b=1 s=101: applied=1, nested=True, p=0.004015, flip=False, error=none
  node_delete b=3 s=101: applied=3, nested=True, p=NA, flip=False, error=none
  node_delete b=5 s=101: applied=3, nested=True, p=NA, flip=False, error=none
  node_delete b=1 s=137: applied=1, nested=True, p=0.470947, flip=False, error=none
  node_delete b=3 s=137: applied=3, nested=True, p=NA, flip=False, error=none
  node_delete b=5 s=137: applied=3, nested=True, p=NA, flip=False, error=none
  node_delete b=1 s=2026: applied=1, nested=True, p=0.470947, flip=False, error=none
  node_delete b=3 s=2026: applied=3, nested=True, p=NA, flip=False, error=none
  node_delete b=5 s=2026: applied=3, nested=True, p=NA, flip=False, error=none
  node_attribute_modify b=1 s=7: applied=1, nested=True, p=0.470947, flip=False, error=none
  node_attribute_modify b=3 s=7: applied=3, nested=True, p=0.470947, flip=False, error=none
  node_attribute_modify b=5 s=7: applied=5, nested=True, p=0.275416, flip=False, error=none
  node_attribute_modify b=1 s=17: applied=1, nested=True, p=0.266875, flip=False, error=none
  node_attribute_modify b=3 s=17: applied=3, nested=True, p=0.410359, flip=False, error=none
  node_attribute_modify b=5 s=17: applied=5, nested=True, p=0.639022, flip=True, error=none
  node_attribute_modify b=1 s=29: applied=1, nested=True, p=0.013021, flip=False, error=none
  node_attribute_modify b=3 s=29: applied=3, nested=True, p=0.946871, flip=True, error=none
  node_attribute_modify b=5 s=29: applied=5, nested=True, p=0.013021, flip=False, error=none
  node_attribute_modify b=1 s=42: applied=1, nested=True, p=0.470947, flip=False, error=none
  node_attribute_modify b=3 s=42: applied=3, nested=True, p=0.680149, flip=True, error=none
  node_attribute_modify b=5 s=42: applied=5, nested=True, p=0.470947, flip=False, error=none
  node_attribute_modify b=1 s=61: applied=1, nested=True, p=0.946871, flip=True, error=none
  node_attribute_modify b=3 s=61: applied=3, nested=True, p=0.946871, flip=True, error=none
  node_attribute_modify b=5 s=61: applied=5, nested=True, p=0.000000, flip=False, error=none
  node_attribute_modify b=1 s=73: applied=1, nested=True, p=0.470947, flip=False, error=none
  node_attribute_modify b=3 s=73: applied=3, nested=True, p=0.578773, flip=True, error=none
  node_attribute_modify b=5 s=73: applied=5, nested=True, p=0.470947, flip=False, error=none
  node_attribute_modify b=1 s=89: applied=1, nested=True, p=0.470947, flip=False, error=none
  node_attribute_modify b=3 s=89: applied=3, nested=True, p=0.470947, flip=False, error=none
  node_attribute_modify b=5 s=89: applied=5, nested=True, p=0.427476, flip=False, error=none
  node_attribute_modify b=1 s=101: applied=1, nested=True, p=0.470947, flip=False, error=none
  node_attribute_modify b=3 s=101: applied=3, nested=True, p=0.248023, flip=False, error=none
  node_attribute_modify b=5 s=101: applied=5, nested=True, p=0.000000, flip=False, error=none
  node_attribute_modify b=1 s=137: applied=1, nested=True, p=0.470947, flip=False, error=none
  node_attribute_modify b=3 s=137: applied=3, nested=True, p=0.991139, flip=True, error=none
  node_attribute_modify b=5 s=137: applied=5, nested=True, p=0.946871, flip=True, error=none
  node_attribute_modify b=1 s=2026: applied=1, nested=True, p=0.470947, flip=False, error=none
  node_attribute_modify b=3 s=2026: applied=3, nested=True, p=0.470947, flip=False, error=none
  node_attribute_modify b=5 s=2026: applied=5, nested=True, p=0.470947, flip=False, error=none
  edge_add b=1 s=7: applied=1, nested=True, p=0.470947, flip=False, error=none
  edge_add b=3 s=7: applied=3, nested=True, p=0.396802, flip=False, error=none
  edge_add b=5 s=7: applied=5, nested=True, p=0.227022, flip=False, error=none
  edge_add b=1 s=17: applied=1, nested=True, p=0.470947, flip=False, error=none
  edge_add b=3 s=17: applied=3, nested=True, p=0.669072, flip=True, error=none
  edge_add b=5 s=17: applied=5, nested=True, p=0.586446, flip=True, error=none
  edge_add b=1 s=29: applied=1, nested=True, p=0.001343, flip=False, error=none
  edge_add b=3 s=29: applied=3, nested=True, p=0.004686, flip=False, error=none
  edge_add b=5 s=29: applied=5, nested=True, p=0.493397, flip=False, error=none
  edge_add b=1 s=42: applied=1, nested=True, p=0.008280, flip=False, error=none
  edge_add b=3 s=42: applied=3, nested=True, p=0.468959, flip=False, error=none
  edge_add b=5 s=42: applied=5, nested=True, p=0.369844, flip=False, error=none
  edge_add b=1 s=61: applied=1, nested=True, p=0.470947, flip=False, error=none
  edge_add b=3 s=61: applied=3, nested=True, p=0.470947, flip=False, error=none
  edge_add b=5 s=61: applied=5, nested=True, p=0.470947, flip=False, error=none
  edge_add b=1 s=73: applied=1, nested=True, p=0.470947, flip=False, error=none
  edge_add b=3 s=73: applied=3, nested=True, p=0.008280, flip=False, error=none
  edge_add b=5 s=73: applied=5, nested=True, p=0.000003, flip=False, error=none
  edge_add b=1 s=89: applied=1, nested=True, p=0.470947, flip=False, error=none
  edge_add b=3 s=89: applied=3, nested=True, p=0.470947, flip=False, error=none
  edge_add b=5 s=89: applied=5, nested=True, p=0.134845, flip=False, error=none
  edge_add b=1 s=101: applied=1, nested=True, p=0.249195, flip=False, error=none
  edge_add b=3 s=101: applied=3, nested=True, p=0.002164, flip=False, error=none
  edge_add b=5 s=101: applied=5, nested=True, p=0.018652, flip=False, error=none
  edge_add b=1 s=137: applied=1, nested=True, p=0.470947, flip=False, error=none
  edge_add b=3 s=137: applied=3, nested=True, p=0.401926, flip=False, error=none
  edge_add b=5 s=137: applied=5, nested=True, p=0.403282, flip=False, error=none
  edge_add b=1 s=2026: applied=1, nested=True, p=0.008280, flip=False, error=none
  edge_add b=3 s=2026: applied=3, nested=True, p=0.046537, flip=False, error=none
  edge_add b=5 s=2026: applied=5, nested=True, p=0.000254, flip=False, error=none
  edge_delete b=1 s=7: applied=1, nested=True, p=0.470947, flip=False, error=none
  edge_delete b=3 s=7: applied=3, nested=True, p=0.000742, flip=False, error=none
  edge_delete b=5 s=7: applied=5, nested=True, p=NA, flip=False, error=none
  edge_delete b=1 s=17: applied=1, nested=True, p=0.470947, flip=False, error=none
  edge_delete b=3 s=17: applied=3, nested=True, p=0.000009, flip=False, error=none
  edge_delete b=5 s=17: applied=5, nested=True, p=NA, flip=False, error=none
  edge_delete b=1 s=29: applied=1, nested=True, p=0.470947, flip=False, error=none
  edge_delete b=3 s=29: applied=3, nested=True, p=0.470947, flip=False, error=none
  edge_delete b=5 s=29: applied=5, nested=True, p=NA, flip=False, error=none
  edge_delete b=1 s=42: applied=1, nested=True, p=0.470947, flip=False, error=none
  edge_delete b=3 s=42: applied=3, nested=True, p=0.470947, flip=False, error=none
  edge_delete b=5 s=42: applied=5, nested=True, p=NA, flip=False, error=none
  edge_delete b=1 s=61: applied=1, nested=True, p=0.000742, flip=False, error=none
  edge_delete b=3 s=61: applied=3, nested=True, p=0.000009, flip=False, error=none
  edge_delete b=5 s=61: applied=5, nested=True, p=NA, flip=False, error=none
  edge_delete b=1 s=73: applied=1, nested=True, p=0.470947, flip=False, error=none
  edge_delete b=3 s=73: applied=3, nested=True, p=0.470947, flip=False, error=none
  edge_delete b=5 s=73: applied=5, nested=True, p=NA, flip=False, error=none
  edge_delete b=1 s=89: applied=1, nested=True, p=0.470947, flip=False, error=none
  edge_delete b=3 s=89: applied=3, nested=True, p=0.000742, flip=False, error=none
  edge_delete b=5 s=89: applied=5, nested=True, p=NA, flip=False, error=none
  edge_delete b=1 s=101: applied=1, nested=True, p=0.470947, flip=False, error=none
  edge_delete b=3 s=101: applied=3, nested=True, p=0.000009, flip=False, error=none
  edge_delete b=5 s=101: applied=5, nested=True, p=NA, flip=False, error=none
  edge_delete b=1 s=137: applied=1, nested=True, p=0.470947, flip=False, error=none
  edge_delete b=3 s=137: applied=3, nested=True, p=0.000742, flip=False, error=none
  edge_delete b=5 s=137: applied=5, nested=True, p=NA, flip=False, error=none
  edge_delete b=1 s=2026: applied=1, nested=True, p=0.470947, flip=False, error=none
  edge_delete b=3 s=2026: applied=3, nested=True, p=0.000599, flip=False, error=none
  edge_delete b=5 s=2026: applied=5, nested=True, p=NA, flip=False, error=none
  edge_reconnect b=1 s=7: applied=1, nested=True, p=0.013673, flip=False, error=none
  edge_reconnect b=3 s=7: applied=3, nested=True, p=0.470947, flip=False, error=none
  edge_reconnect b=5 s=7: applied=5, nested=True, p=0.470947, flip=False, error=none
  edge_reconnect b=1 s=17: applied=1, nested=True, p=0.011178, flip=False, error=none
  edge_reconnect b=3 s=17: applied=3, nested=True, p=0.468205, flip=False, error=none
  edge_reconnect b=5 s=17: applied=5, nested=True, p=0.468205, flip=False, error=none
  edge_reconnect b=1 s=29: applied=1, nested=True, p=0.470947, flip=False, error=none
  edge_reconnect b=3 s=29: applied=3, nested=True, p=0.007784, flip=False, error=none
  edge_reconnect b=5 s=29: applied=5, nested=True, p=0.002079, flip=False, error=none
  edge_reconnect b=1 s=42: applied=1, nested=True, p=0.470947, flip=False, error=none
  edge_reconnect b=3 s=42: applied=3, nested=True, p=0.470947, flip=False, error=none
  edge_reconnect b=5 s=42: applied=5, nested=True, p=0.048030, flip=False, error=none
  edge_reconnect b=1 s=61: applied=1, nested=True, p=0.000742, flip=False, error=none
  edge_reconnect b=3 s=61: applied=3, nested=True, p=0.044947, flip=False, error=none
  edge_reconnect b=5 s=61: applied=5, nested=True, p=0.044947, flip=False, error=none
  edge_reconnect b=1 s=73: applied=1, nested=True, p=0.470947, flip=False, error=none
  edge_reconnect b=3 s=73: applied=3, nested=True, p=0.213229, flip=False, error=none
  edge_reconnect b=5 s=73: applied=5, nested=True, p=0.260831, flip=False, error=none
  edge_reconnect b=1 s=89: applied=1, nested=True, p=0.000599, flip=False, error=none
  edge_reconnect b=3 s=89: applied=3, nested=True, p=0.000599, flip=False, error=none
  edge_reconnect b=5 s=89: applied=5, nested=True, p=0.252583, flip=False, error=none
  edge_reconnect b=1 s=101: applied=1, nested=True, p=0.470947, flip=False, error=none
  edge_reconnect b=3 s=101: applied=3, nested=True, p=0.052334, flip=False, error=none
  edge_reconnect b=5 s=101: applied=5, nested=True, p=0.050883, flip=False, error=none
  edge_reconnect b=1 s=137: applied=1, nested=True, p=0.000599, flip=False, error=none
  edge_reconnect b=3 s=137: applied=3, nested=True, p=0.000599, flip=False, error=none
  edge_reconnect b=5 s=137: applied=5, nested=True, p=0.000022, flip=False, error=none
  edge_reconnect b=1 s=2026: applied=1, nested=True, p=0.001097, flip=False, error=none
  edge_reconnect b=3 s=2026: applied=3, nested=True, p=0.797561, flip=True, error=none
  edge_reconnect b=5 s=2026: applied=5, nested=True, p=0.797561, flip=True, error=none
[36/60] cwe119__16_non_vulnerable_CWE121_Stack_Based_Buffer_Overflow__: baseline p=0.470947, label=0, PDG=7/5, XFG=8
  node_add b=1 s=7: applied=1, nested=True, p=0.470947, flip=False, error=none
  node_add b=3 s=7: applied=3, nested=True, p=0.470947, flip=False, error=none
  node_add b=5 s=7: applied=5, nested=True, p=0.470947, flip=False, error=none
  node_add b=1 s=17: applied=1, nested=True, p=0.470947, flip=False, error=none
  node_add b=3 s=17: applied=3, nested=True, p=0.470947, flip=False, error=none
  node_add b=5 s=17: applied=5, nested=True, p=0.207884, flip=False, error=none
  node_add b=1 s=29: applied=1, nested=True, p=0.470947, flip=False, error=none
  node_add b=3 s=29: applied=3, nested=True, p=0.207884, flip=False, error=none
  node_add b=5 s=29: applied=5, nested=True, p=0.000786, flip=False, error=none
  node_add b=1 s=42: applied=1, nested=True, p=0.207884, flip=False, error=none
  node_add b=3 s=42: applied=3, nested=True, p=0.207884, flip=False, error=none
  node_add b=5 s=42: applied=5, nested=True, p=0.207884, flip=False, error=none
  node_add b=1 s=61: applied=1, nested=True, p=0.470947, flip=False, error=none
  node_add b=3 s=61: applied=3, nested=True, p=0.470947, flip=False, error=none
  node_add b=5 s=61: applied=5, nested=True, p=0.207884, flip=False, error=none
  node_add b=1 s=73: applied=1, nested=True, p=0.470947, flip=False, error=none
  node_add b=3 s=73: applied=3, nested=True, p=0.470947, flip=False, error=none
  node_add b=5 s=73: applied=5, nested=True, p=0.470947, flip=False, error=none
  node_add b=1 s=89: applied=1, nested=True, p=0.470947, flip=False, error=none
  node_add b=3 s=89: applied=3, nested=True, p=0.470947, flip=False, error=none
  node_add b=5 s=89: applied=5, nested=True, p=0.207884, flip=False, error=none
  node_add b=1 s=101: applied=1, nested=True, p=0.470947, flip=False, error=none
  node_add b=3 s=101: applied=3, nested=True, p=0.470947, flip=False, error=none
  node_add b=5 s=101: applied=5, nested=True, p=0.207884, flip=False, error=none
  node_add b=1 s=137: applied=1, nested=True, p=0.470947, flip=False, error=none
  node_add b=3 s=137: applied=3, nested=True, p=0.470947, flip=False, error=none
  node_add b=5 s=137: applied=5, nested=True, p=0.207884, flip=False, error=none
  node_add b=1 s=2026: applied=1, nested=True, p=0.470947, flip=False, error=none
  node_add b=3 s=2026: applied=3, nested=True, p=0.066028, flip=False, error=none
  node_add b=5 s=2026: applied=5, nested=True, p=0.000742, flip=False, error=none
  node_delete b=1 s=7: applied=1, nested=True, p=0.470947, flip=False, error=none
  node_delete b=3 s=7: applied=3, nested=True, p=NA, flip=False, error=none
  node_delete b=5 s=7: applied=3, nested=True, p=NA, flip=False, error=none
  node_delete b=1 s=17: applied=1, nested=True, p=0.000003, flip=False, error=none
  node_delete b=3 s=17: applied=3, nested=True, p=NA, flip=False, error=none
  node_delete b=5 s=17: applied=3, nested=True, p=NA, flip=False, error=none
  node_delete b=1 s=29: applied=1, nested=True, p=0.000003, flip=False, error=none
  node_delete b=3 s=29: applied=3, nested=True, p=NA, flip=False, error=none
  node_delete b=5 s=29: applied=3, nested=True, p=NA, flip=False, error=none
  node_delete b=1 s=42: applied=1, nested=True, p=0.000003, flip=False, error=none
  node_delete b=3 s=42: applied=3, nested=True, p=NA, flip=False, error=none
  node_delete b=5 s=42: applied=3, nested=True, p=NA, flip=False, error=none
  node_delete b=1 s=61: applied=1, nested=True, p=0.470947, flip=False, error=none
  node_delete b=3 s=61: applied=3, nested=True, p=NA, flip=False, error=none
  node_delete b=5 s=61: applied=3, nested=True, p=NA, flip=False, error=none
  node_delete b=1 s=73: applied=1, nested=True, p=0.470947, flip=False, error=none
  node_delete b=3 s=73: applied=3, nested=True, p=NA, flip=False, error=none
  node_delete b=5 s=73: applied=3, nested=True, p=NA, flip=False, error=none
  node_delete b=1 s=89: applied=1, nested=True, p=0.470947, flip=False, error=none
  node_delete b=3 s=89: applied=3, nested=True, p=NA, flip=False, error=none
  node_delete b=5 s=89: applied=3, nested=True, p=NA, flip=False, error=none
  node_delete b=1 s=101: applied=1, nested=True, p=0.000003, flip=False, error=none
  node_delete b=3 s=101: applied=3, nested=True, p=NA, flip=False, error=none
  node_delete b=5 s=101: applied=3, nested=True, p=NA, flip=False, error=none
  node_delete b=1 s=137: applied=1, nested=True, p=0.470947, flip=False, error=none
  node_delete b=3 s=137: applied=3, nested=True, p=NA, flip=False, error=none
  node_delete b=5 s=137: applied=3, nested=True, p=NA, flip=False, error=none
  node_delete b=1 s=2026: applied=1, nested=True, p=0.470947, flip=False, error=none
  node_delete b=3 s=2026: applied=3, nested=True, p=NA, flip=False, error=none
  node_delete b=5 s=2026: applied=3, nested=True, p=NA, flip=False, error=none
  node_attribute_modify b=1 s=7: applied=1, nested=True, p=0.470947, flip=False, error=none
  node_attribute_modify b=3 s=7: applied=3, nested=True, p=0.470947, flip=False, error=none
  node_attribute_modify b=5 s=7: applied=5, nested=True, p=0.266875, flip=False, error=none
  node_attribute_modify b=1 s=17: applied=1, nested=True, p=0.266875, flip=False, error=none
  node_attribute_modify b=3 s=17: applied=3, nested=True, p=0.043227, flip=False, error=none
  node_attribute_modify b=5 s=17: applied=5, nested=True, p=0.371482, flip=False, error=none
  node_attribute_modify b=1 s=29: applied=1, nested=True, p=0.013021, flip=False, error=none
  node_attribute_modify b=3 s=29: applied=3, nested=True, p=0.000000, flip=False, error=none
  node_attribute_modify b=5 s=29: applied=5, nested=True, p=0.013021, flip=False, error=none
  node_attribute_modify b=1 s=42: applied=1, nested=True, p=0.470947, flip=False, error=none
  node_attribute_modify b=3 s=42: applied=3, nested=True, p=0.470947, flip=False, error=none
  node_attribute_modify b=5 s=42: applied=5, nested=True, p=0.470947, flip=False, error=none
  node_attribute_modify b=1 s=61: applied=1, nested=True, p=0.000093, flip=False, error=none
  node_attribute_modify b=3 s=61: applied=3, nested=True, p=0.000000, flip=False, error=none
  node_attribute_modify b=5 s=61: applied=5, nested=True, p=0.000000, flip=False, error=none
  node_attribute_modify b=1 s=73: applied=1, nested=True, p=0.470947, flip=False, error=none
  node_attribute_modify b=3 s=73: applied=3, nested=True, p=0.470947, flip=False, error=none
  node_attribute_modify b=5 s=73: applied=5, nested=True, p=0.470947, flip=False, error=none
  node_attribute_modify b=1 s=89: applied=1, nested=True, p=0.470947, flip=False, error=none
  node_attribute_modify b=3 s=89: applied=3, nested=True, p=0.470947, flip=False, error=none
  node_attribute_modify b=5 s=89: applied=5, nested=True, p=0.266875, flip=False, error=none
  node_attribute_modify b=1 s=101: applied=1, nested=True, p=0.470947, flip=False, error=none
  node_attribute_modify b=3 s=101: applied=3, nested=True, p=0.248023, flip=False, error=none
  node_attribute_modify b=5 s=101: applied=5, nested=True, p=0.000000, flip=False, error=none
  node_attribute_modify b=1 s=137: applied=1, nested=True, p=0.470947, flip=False, error=none
  node_attribute_modify b=3 s=137: applied=3, nested=True, p=0.470947, flip=False, error=none
  node_attribute_modify b=5 s=137: applied=5, nested=True, p=0.371482, flip=False, error=none
  node_attribute_modify b=1 s=2026: applied=1, nested=True, p=0.470947, flip=False, error=none
  node_attribute_modify b=3 s=2026: applied=3, nested=True, p=0.470947, flip=False, error=none
  node_attribute_modify b=5 s=2026: applied=5, nested=True, p=0.470947, flip=False, error=none
  edge_add b=1 s=7: applied=1, nested=True, p=0.470947, flip=False, error=none
  edge_add b=3 s=7: applied=3, nested=True, p=0.000002, flip=False, error=none
  edge_add b=5 s=7: applied=5, nested=True, p=0.000003, flip=False, error=none
  edge_add b=1 s=17: applied=1, nested=True, p=0.470947, flip=False, error=none
  edge_add b=3 s=17: applied=3, nested=True, p=0.003760, flip=False, error=none
  edge_add b=5 s=17: applied=5, nested=True, p=0.002972, flip=False, error=none
  edge_add b=1 s=29: applied=1, nested=True, p=0.001343, flip=False, error=none
  edge_add b=3 s=29: applied=3, nested=True, p=0.003478, flip=False, error=none
  edge_add b=5 s=29: applied=5, nested=True, p=0.000217, flip=False, error=none
  edge_add b=1 s=42: applied=1, nested=True, p=0.008280, flip=False, error=none
  edge_add b=3 s=42: applied=3, nested=True, p=0.000742, flip=False, error=none
  edge_add b=5 s=42: applied=5, nested=True, p=0.000742, flip=False, error=none
  edge_add b=1 s=61: applied=1, nested=True, p=0.470947, flip=False, error=none
  edge_add b=3 s=61: applied=3, nested=True, p=0.470947, flip=False, error=none
  edge_add b=5 s=61: applied=5, nested=True, p=0.470947, flip=False, error=none
  edge_add b=1 s=73: applied=1, nested=True, p=0.470947, flip=False, error=none
  edge_add b=3 s=73: applied=3, nested=True, p=0.008280, flip=False, error=none
  edge_add b=5 s=73: applied=5, nested=True, p=0.000000, flip=False, error=none
  edge_add b=1 s=89: applied=1, nested=True, p=0.470947, flip=False, error=none
  edge_add b=3 s=89: applied=3, nested=True, p=0.470947, flip=False, error=none
  edge_add b=5 s=89: applied=5, nested=True, p=0.000061, flip=False, error=none
  edge_add b=1 s=101: applied=1, nested=True, p=0.215414, flip=False, error=none
  edge_add b=3 s=101: applied=3, nested=True, p=0.001161, flip=False, error=none
  edge_add b=5 s=101: applied=5, nested=True, p=0.000089, flip=False, error=none
  edge_add b=1 s=137: applied=1, nested=True, p=0.470947, flip=False, error=none
  edge_add b=3 s=137: applied=3, nested=True, p=0.030312, flip=False, error=none
  edge_add b=5 s=137: applied=5, nested=True, p=0.033518, flip=False, error=none
  edge_add b=1 s=2026: applied=1, nested=True, p=0.008280, flip=False, error=none
  edge_add b=3 s=2026: applied=3, nested=True, p=0.046537, flip=False, error=none
  edge_add b=5 s=2026: applied=5, nested=True, p=0.000254, flip=False, error=none
  edge_delete b=1 s=7: applied=1, nested=True, p=0.470947, flip=False, error=none
  edge_delete b=3 s=7: applied=3, nested=True, p=0.000742, flip=False, error=none
  edge_delete b=5 s=7: applied=5, nested=True, p=NA, flip=False, error=none
  edge_delete b=1 s=17: applied=1, nested=True, p=0.470947, flip=False, error=none
  edge_delete b=3 s=17: applied=3, nested=True, p=0.000000, flip=False, error=none
  edge_delete b=5 s=17: applied=5, nested=True, p=NA, flip=False, error=none
  edge_delete b=1 s=29: applied=1, nested=True, p=0.470947, flip=False, error=none
  edge_delete b=3 s=29: applied=3, nested=True, p=0.470947, flip=False, error=none
  edge_delete b=5 s=29: applied=5, nested=True, p=NA, flip=False, error=none
  edge_delete b=1 s=42: applied=1, nested=True, p=0.470947, flip=False, error=none
  edge_delete b=3 s=42: applied=3, nested=True, p=0.470947, flip=False, error=none
  edge_delete b=5 s=42: applied=5, nested=True, p=NA, flip=False, error=none
  edge_delete b=1 s=61: applied=1, nested=True, p=0.000742, flip=False, error=none
  edge_delete b=3 s=61: applied=3, nested=True, p=0.000000, flip=False, error=none
  edge_delete b=5 s=61: applied=5, nested=True, p=NA, flip=False, error=none
  edge_delete b=1 s=73: applied=1, nested=True, p=0.470947, flip=False, error=none
  edge_delete b=3 s=73: applied=3, nested=True, p=0.470947, flip=False, error=none
  edge_delete b=5 s=73: applied=5, nested=True, p=NA, flip=False, error=none
  edge_delete b=1 s=89: applied=1, nested=True, p=0.470947, flip=False, error=none
  edge_delete b=3 s=89: applied=3, nested=True, p=0.000742, flip=False, error=none
  edge_delete b=5 s=89: applied=5, nested=True, p=NA, flip=False, error=none
  edge_delete b=1 s=101: applied=1, nested=True, p=0.470947, flip=False, error=none
  edge_delete b=3 s=101: applied=3, nested=True, p=0.000000, flip=False, error=none
  edge_delete b=5 s=101: applied=5, nested=True, p=NA, flip=False, error=none
  edge_delete b=1 s=137: applied=1, nested=True, p=0.470947, flip=False, error=none
  edge_delete b=3 s=137: applied=3, nested=True, p=0.000742, flip=False, error=none
  edge_delete b=5 s=137: applied=5, nested=True, p=NA, flip=False, error=none
  edge_delete b=1 s=2026: applied=1, nested=True, p=0.470947, flip=False, error=none
  edge_delete b=3 s=2026: applied=3, nested=True, p=0.000006, flip=False, error=none
  edge_delete b=5 s=2026: applied=5, nested=True, p=NA, flip=False, error=none
  edge_reconnect b=1 s=7: applied=1, nested=True, p=0.013673, flip=False, error=none
  edge_reconnect b=3 s=7: applied=3, nested=True, p=0.470947, flip=False, error=none
  edge_reconnect b=5 s=7: applied=5, nested=True, p=0.470947, flip=False, error=none
  edge_reconnect b=1 s=17: applied=1, nested=True, p=0.000742, flip=False, error=none
  edge_reconnect b=3 s=17: applied=3, nested=True, p=0.003839, flip=False, error=none
  edge_reconnect b=5 s=17: applied=5, nested=True, p=0.003839, flip=False, error=none
  edge_reconnect b=1 s=29: applied=1, nested=True, p=0.470947, flip=False, error=none
  edge_reconnect b=3 s=29: applied=3, nested=True, p=0.007784, flip=False, error=none
  edge_reconnect b=5 s=29: applied=5, nested=True, p=0.002079, flip=False, error=none
  edge_reconnect b=1 s=42: applied=1, nested=True, p=0.470947, flip=False, error=none
  edge_reconnect b=3 s=42: applied=3, nested=True, p=0.470947, flip=False, error=none
  edge_reconnect b=5 s=42: applied=5, nested=True, p=0.013673, flip=False, error=none
  edge_reconnect b=1 s=61: applied=1, nested=True, p=0.000742, flip=False, error=none
  edge_reconnect b=3 s=61: applied=3, nested=True, p=0.000742, flip=False, error=none
  edge_reconnect b=5 s=61: applied=5, nested=True, p=0.000742, flip=False, error=none
  edge_reconnect b=1 s=73: applied=1, nested=True, p=0.470947, flip=False, error=none
  edge_reconnect b=3 s=73: applied=3, nested=True, p=0.000332, flip=False, error=none
  edge_reconnect b=5 s=73: applied=5, nested=True, p=0.005215, flip=False, error=none
  edge_reconnect b=1 s=89: applied=1, nested=True, p=0.000006, flip=False, error=none
  edge_reconnect b=3 s=89: applied=3, nested=True, p=0.000015, flip=False, error=none
  edge_reconnect b=5 s=89: applied=5, nested=True, p=0.252583, flip=False, error=none
  edge_reconnect b=1 s=101: applied=1, nested=True, p=0.470947, flip=False, error=none
  edge_reconnect b=3 s=101: applied=3, nested=True, p=0.052334, flip=False, error=none
  edge_reconnect b=5 s=101: applied=5, nested=True, p=0.041021, flip=False, error=none
  edge_reconnect b=1 s=137: applied=1, nested=True, p=0.000006, flip=False, error=none
  edge_reconnect b=3 s=137: applied=3, nested=True, p=0.000031, flip=False, error=none
  edge_reconnect b=5 s=137: applied=5, nested=True, p=0.000022, flip=False, error=none
  edge_reconnect b=1 s=2026: applied=1, nested=True, p=0.001097, flip=False, error=none
  edge_reconnect b=3 s=2026: applied=3, nested=True, p=0.000285, flip=False, error=none
  edge_reconnect b=5 s=2026: applied=5, nested=True, p=0.000285, flip=False, error=none
[37/60] cwe119__17_vulnerable_CWE121_Stack_Based_Buffer_Overflow__: baseline p=0.193190, label=0, PDG=5/4, XFG=3
  node_add b=1 s=7: applied=1, nested=True, p=0.193190, flip=False, error=none
  node_add b=3 s=7: applied=3, nested=True, p=0.462672, flip=False, error=none
  node_add b=5 s=7: applied=5, nested=True, p=0.400565, flip=False, error=none
  node_add b=1 s=17: applied=1, nested=True, p=0.193190, flip=False, error=none
  node_add b=3 s=17: applied=3, nested=True, p=0.193190, flip=False, error=none
  node_add b=5 s=17: applied=5, nested=True, p=0.193190, flip=False, error=none
  node_add b=1 s=29: applied=1, nested=True, p=0.193190, flip=False, error=none
  node_add b=3 s=29: applied=3, nested=True, p=0.193190, flip=False, error=none
  node_add b=5 s=29: applied=5, nested=True, p=0.462672, flip=False, error=none
  node_add b=1 s=42: applied=1, nested=True, p=0.193190, flip=False, error=none
  node_add b=3 s=42: applied=3, nested=True, p=0.193190, flip=False, error=none
  node_add b=5 s=42: applied=5, nested=True, p=0.193190, flip=False, error=none
  node_add b=1 s=61: applied=1, nested=True, p=0.193190, flip=False, error=none
  node_add b=3 s=61: applied=3, nested=True, p=0.462672, flip=False, error=none
  node_add b=5 s=61: applied=5, nested=True, p=0.462672, flip=False, error=none
  node_add b=1 s=73: applied=1, nested=True, p=0.193190, flip=False, error=none
  node_add b=3 s=73: applied=3, nested=True, p=0.193190, flip=False, error=none
  node_add b=5 s=73: applied=5, nested=True, p=0.193190, flip=False, error=none
  node_add b=1 s=89: applied=1, nested=True, p=0.193190, flip=False, error=none
  node_add b=3 s=89: applied=3, nested=True, p=0.193190, flip=False, error=none
  node_add b=5 s=89: applied=5, nested=True, p=0.193190, flip=False, error=none
  node_add b=1 s=101: applied=1, nested=True, p=0.193190, flip=False, error=none
  node_add b=3 s=101: applied=3, nested=True, p=0.462672, flip=False, error=none
  node_add b=5 s=101: applied=5, nested=True, p=0.462672, flip=False, error=none
  node_add b=1 s=137: applied=1, nested=True, p=0.193190, flip=False, error=none
  node_add b=3 s=137: applied=3, nested=True, p=0.462672, flip=False, error=none
  node_add b=5 s=137: applied=5, nested=True, p=0.462672, flip=False, error=none
  node_add b=1 s=2026: applied=1, nested=True, p=0.193190, flip=False, error=none
  node_add b=3 s=2026: applied=3, nested=True, p=0.193190, flip=False, error=none
  node_add b=5 s=2026: applied=5, nested=True, p=0.462672, flip=False, error=none
  node_delete b=1 s=7: applied=1, nested=True, p=0.193190, flip=False, error=none
  node_delete b=3 s=7: applied=3, nested=True, p=NA, flip=False, error=none
  node_delete b=5 s=7: applied=3, nested=True, p=NA, flip=False, error=none
  node_delete b=1 s=17: applied=1, nested=True, p=0.140682, flip=False, error=none
  node_delete b=3 s=17: applied=3, nested=True, p=NA, flip=False, error=none
  node_delete b=5 s=17: applied=3, nested=True, p=NA, flip=False, error=none
  node_delete b=1 s=29: applied=1, nested=True, p=0.140682, flip=False, error=none
  node_delete b=3 s=29: applied=3, nested=True, p=NA, flip=False, error=none
  node_delete b=5 s=29: applied=3, nested=True, p=NA, flip=False, error=none
  node_delete b=1 s=42: applied=1, nested=True, p=0.140682, flip=False, error=none
  node_delete b=3 s=42: applied=3, nested=True, p=NA, flip=False, error=none
  node_delete b=5 s=42: applied=3, nested=True, p=NA, flip=False, error=none
  node_delete b=1 s=61: applied=1, nested=True, p=0.193190, flip=False, error=none
  node_delete b=3 s=61: applied=3, nested=True, p=NA, flip=False, error=none
  node_delete b=5 s=61: applied=3, nested=True, p=NA, flip=False, error=none
  node_delete b=1 s=73: applied=1, nested=True, p=0.193190, flip=False, error=none
  node_delete b=3 s=73: applied=3, nested=True, p=NA, flip=False, error=none
  node_delete b=5 s=73: applied=3, nested=True, p=NA, flip=False, error=none
  node_delete b=1 s=89: applied=1, nested=True, p=0.455129, flip=False, error=none
  node_delete b=3 s=89: applied=3, nested=True, p=NA, flip=False, error=none
  node_delete b=5 s=89: applied=3, nested=True, p=NA, flip=False, error=none
  node_delete b=1 s=101: applied=1, nested=True, p=0.140682, flip=False, error=none
  node_delete b=3 s=101: applied=3, nested=True, p=NA, flip=False, error=none
  node_delete b=5 s=101: applied=3, nested=True, p=NA, flip=False, error=none
  node_delete b=1 s=137: applied=1, nested=True, p=0.455129, flip=False, error=none
  node_delete b=3 s=137: applied=3, nested=True, p=NA, flip=False, error=none
  node_delete b=5 s=137: applied=3, nested=True, p=NA, flip=False, error=none
  node_delete b=1 s=2026: applied=1, nested=True, p=0.455129, flip=False, error=none
  node_delete b=3 s=2026: applied=3, nested=True, p=NA, flip=False, error=none
  node_delete b=5 s=2026: applied=3, nested=True, p=NA, flip=False, error=none
  node_attribute_modify b=1 s=7: applied=1, nested=True, p=0.193190, flip=False, error=none
  node_attribute_modify b=3 s=7: applied=3, nested=True, p=0.000989, flip=False, error=none
  node_attribute_modify b=5 s=7: applied=5, nested=True, p=0.000000, flip=False, error=none
  node_attribute_modify b=1 s=17: applied=1, nested=True, p=0.000000, flip=False, error=none
  node_attribute_modify b=3 s=17: applied=3, nested=True, p=0.000000, flip=False, error=none
  node_attribute_modify b=5 s=17: applied=5, nested=True, p=0.000000, flip=False, error=none
  node_attribute_modify b=1 s=29: applied=1, nested=True, p=0.000000, flip=False, error=none
  node_attribute_modify b=3 s=29: applied=3, nested=True, p=0.033298, flip=False, error=none
  node_attribute_modify b=5 s=29: applied=5, nested=True, p=0.000003, flip=False, error=none
  node_attribute_modify b=1 s=42: applied=1, nested=True, p=0.487376, flip=False, error=none
  node_attribute_modify b=3 s=42: applied=3, nested=True, p=0.000028, flip=False, error=none
  node_attribute_modify b=5 s=42: applied=5, nested=True, p=0.000028, flip=False, error=none
  node_attribute_modify b=1 s=61: applied=1, nested=True, p=0.193190, flip=False, error=none
  node_attribute_modify b=3 s=61: applied=3, nested=True, p=0.001417, flip=False, error=none
  node_attribute_modify b=5 s=61: applied=5, nested=True, p=0.000003, flip=False, error=none
  node_attribute_modify b=1 s=73: applied=1, nested=True, p=0.193190, flip=False, error=none
  node_attribute_modify b=3 s=73: applied=3, nested=True, p=0.184047, flip=False, error=none
  node_attribute_modify b=5 s=73: applied=5, nested=True, p=0.001417, flip=False, error=none
  node_attribute_modify b=1 s=89: applied=1, nested=True, p=0.158918, flip=False, error=none
  node_attribute_modify b=3 s=89: applied=3, nested=True, p=0.000003, flip=False, error=none
  node_attribute_modify b=5 s=89: applied=5, nested=True, p=0.000003, flip=False, error=none
  node_attribute_modify b=1 s=101: applied=1, nested=True, p=0.404840, flip=False, error=none
  node_attribute_modify b=3 s=101: applied=3, nested=True, p=0.000030, flip=False, error=none
  node_attribute_modify b=5 s=101: applied=5, nested=True, p=0.000003, flip=False, error=none
  node_attribute_modify b=1 s=137: applied=1, nested=True, p=0.158918, flip=False, error=none
  node_attribute_modify b=3 s=137: applied=3, nested=True, p=0.001426, flip=False, error=none
  node_attribute_modify b=5 s=137: applied=5, nested=True, p=0.000000, flip=False, error=none
  node_attribute_modify b=1 s=2026: applied=1, nested=True, p=0.158918, flip=False, error=none
  node_attribute_modify b=3 s=2026: applied=3, nested=True, p=0.000011, flip=False, error=none
  node_attribute_modify b=5 s=2026: applied=5, nested=True, p=0.000003, flip=False, error=none
  edge_add b=1 s=7: applied=1, nested=True, p=0.059817, flip=False, error=none
  edge_add b=3 s=7: applied=3, nested=True, p=0.398388, flip=False, error=none
  edge_add b=5 s=7: applied=5, nested=True, p=0.017006, flip=False, error=none
  edge_add b=1 s=17: applied=1, nested=True, p=0.000588, flip=False, error=none
  edge_add b=3 s=17: applied=3, nested=True, p=0.020661, flip=False, error=none
  edge_add b=5 s=17: applied=5, nested=True, p=0.128947, flip=False, error=none
  edge_add b=1 s=29: applied=1, nested=True, p=0.255349, flip=False, error=none
  edge_add b=3 s=29: applied=3, nested=True, p=0.413948, flip=False, error=none
  edge_add b=5 s=29: applied=5, nested=True, p=0.325779, flip=False, error=none
  edge_add b=1 s=42: applied=1, nested=True, p=0.279924, flip=False, error=none
  edge_add b=3 s=42: applied=3, nested=True, p=0.000587, flip=False, error=none
  edge_add b=5 s=42: applied=5, nested=True, p=0.005676, flip=False, error=none
  edge_add b=1 s=61: applied=1, nested=True, p=0.001031, flip=False, error=none
  edge_add b=3 s=61: applied=3, nested=True, p=0.155377, flip=False, error=none
  edge_add b=5 s=61: applied=5, nested=True, p=0.143381, flip=False, error=none
  edge_add b=1 s=73: applied=1, nested=True, p=0.231391, flip=False, error=none
  edge_add b=3 s=73: applied=3, nested=True, p=0.092255, flip=False, error=none
  edge_add b=5 s=73: applied=5, nested=True, p=0.002176, flip=False, error=none
  edge_add b=1 s=89: applied=1, nested=True, p=0.255349, flip=False, error=none
  edge_add b=3 s=89: applied=3, nested=True, p=0.059042, flip=False, error=none
  edge_add b=5 s=89: applied=5, nested=True, p=0.021412, flip=False, error=none
  edge_add b=1 s=101: applied=1, nested=True, p=0.205742, flip=False, error=none
  edge_add b=3 s=101: applied=3, nested=True, p=0.083420, flip=False, error=none
  edge_add b=5 s=101: applied=5, nested=True, p=0.348974, flip=False, error=none
  edge_add b=1 s=137: applied=1, nested=True, p=0.255349, flip=False, error=none
  edge_add b=3 s=137: applied=3, nested=True, p=0.564826, flip=True, error=none
  edge_add b=5 s=137: applied=5, nested=True, p=0.568820, flip=True, error=none
  edge_add b=1 s=2026: applied=1, nested=True, p=0.279924, flip=False, error=none
  edge_add b=3 s=2026: applied=3, nested=True, p=0.413938, flip=False, error=none
  edge_add b=5 s=2026: applied=5, nested=True, p=0.124766, flip=False, error=none
  edge_delete b=1 s=7: applied=1, nested=True, p=0.140680, flip=False, error=none
  edge_delete b=3 s=7: applied=3, nested=True, p=NA, flip=False, error=none
  edge_delete b=5 s=7: applied=4, nested=True, p=NA, flip=False, error=none
  edge_delete b=1 s=17: applied=1, nested=True, p=0.193190, flip=False, error=none
  edge_delete b=3 s=17: applied=3, nested=True, p=0.140682, flip=False, error=none
  edge_delete b=5 s=17: applied=4, nested=True, p=NA, flip=False, error=none
  edge_delete b=1 s=29: applied=1, nested=True, p=0.455129, flip=False, error=none
  edge_delete b=3 s=29: applied=3, nested=True, p=NA, flip=False, error=none
  edge_delete b=5 s=29: applied=4, nested=True, p=NA, flip=False, error=none
  edge_delete b=1 s=42: applied=1, nested=True, p=0.455129, flip=False, error=none
  edge_delete b=3 s=42: applied=3, nested=True, p=0.455126, flip=False, error=none
  edge_delete b=5 s=42: applied=4, nested=True, p=NA, flip=False, error=none
  edge_delete b=1 s=61: applied=1, nested=True, p=0.193190, flip=False, error=none
  edge_delete b=3 s=61: applied=3, nested=True, p=0.455126, flip=False, error=none
  edge_delete b=5 s=61: applied=4, nested=True, p=NA, flip=False, error=none
  edge_delete b=1 s=73: applied=1, nested=True, p=0.140680, flip=False, error=none
  edge_delete b=3 s=73: applied=3, nested=True, p=NA, flip=False, error=none
  edge_delete b=5 s=73: applied=4, nested=True, p=NA, flip=False, error=none
  edge_delete b=1 s=89: applied=1, nested=True, p=0.455129, flip=False, error=none
  edge_delete b=3 s=89: applied=3, nested=True, p=NA, flip=False, error=none
  edge_delete b=5 s=89: applied=4, nested=True, p=NA, flip=False, error=none
  edge_delete b=1 s=101: applied=1, nested=True, p=0.193190, flip=False, error=none
  edge_delete b=3 s=101: applied=3, nested=True, p=0.140682, flip=False, error=none
  edge_delete b=5 s=101: applied=4, nested=True, p=NA, flip=False, error=none
  edge_delete b=1 s=137: applied=1, nested=True, p=0.455129, flip=False, error=none
  edge_delete b=3 s=137: applied=3, nested=True, p=0.455126, flip=False, error=none
  edge_delete b=5 s=137: applied=4, nested=True, p=NA, flip=False, error=none
  edge_delete b=1 s=2026: applied=1, nested=True, p=0.455129, flip=False, error=none
  edge_delete b=3 s=2026: applied=3, nested=True, p=0.000742, flip=False, error=none
  edge_delete b=5 s=2026: applied=4, nested=True, p=NA, flip=False, error=none
  edge_reconnect b=1 s=7: applied=1, nested=True, p=0.140680, flip=False, error=none
  edge_reconnect b=3 s=7: applied=3, nested=True, p=0.015661, flip=False, error=none
  edge_reconnect b=5 s=7: applied=5, nested=True, p=0.000059, flip=False, error=none
  edge_reconnect b=1 s=17: applied=1, nested=True, p=0.059817, flip=False, error=none
  edge_reconnect b=3 s=17: applied=3, nested=True, p=0.140680, flip=False, error=none
  edge_reconnect b=5 s=17: applied=5, nested=True, p=0.015661, flip=False, error=none
  edge_reconnect b=1 s=29: applied=1, nested=True, p=0.455129, flip=False, error=none
  edge_reconnect b=3 s=29: applied=3, nested=True, p=0.000232, flip=False, error=none
  edge_reconnect b=5 s=29: applied=5, nested=True, p=0.000000, flip=False, error=none
  edge_reconnect b=1 s=42: applied=1, nested=True, p=0.455129, flip=False, error=none
  edge_reconnect b=3 s=42: applied=3, nested=True, p=0.114241, flip=False, error=none
  edge_reconnect b=5 s=42: applied=5, nested=True, p=0.000059, flip=False, error=none
  edge_reconnect b=1 s=61: applied=1, nested=True, p=0.193190, flip=False, error=none
  edge_reconnect b=3 s=61: applied=3, nested=True, p=0.193190, flip=False, error=none
  edge_reconnect b=5 s=61: applied=5, nested=True, p=0.114241, flip=False, error=none
  edge_reconnect b=1 s=73: applied=1, nested=True, p=0.114241, flip=False, error=none
  edge_reconnect b=3 s=73: applied=3, nested=True, p=0.000278, flip=False, error=none
  edge_reconnect b=5 s=73: applied=5, nested=True, p=0.193190, flip=False, error=none
  edge_reconnect b=1 s=89: applied=1, nested=True, p=0.455129, flip=False, error=none
  edge_reconnect b=3 s=89: applied=3, nested=True, p=0.114241, flip=False, error=none
  edge_reconnect b=5 s=89: applied=5, nested=True, p=0.114241, flip=False, error=none
  edge_reconnect b=1 s=101: applied=1, nested=True, p=0.193190, flip=False, error=none
  edge_reconnect b=3 s=101: applied=3, nested=True, p=0.193190, flip=False, error=none
  edge_reconnect b=5 s=101: applied=5, nested=True, p=0.333602, flip=False, error=none
  edge_reconnect b=1 s=137: applied=1, nested=True, p=0.455129, flip=False, error=none
  edge_reconnect b=3 s=137: applied=3, nested=True, p=0.059817, flip=False, error=none
  edge_reconnect b=5 s=137: applied=5, nested=True, p=0.000059, flip=False, error=none
  edge_reconnect b=1 s=2026: applied=1, nested=True, p=0.455129, flip=False, error=none
  edge_reconnect b=3 s=2026: applied=3, nested=True, p=0.000000, flip=False, error=none
  edge_reconnect b=5 s=2026: applied=5, nested=True, p=0.000059, flip=False, error=none
[38/60] cwe119__18_non_vulnerable_CWE121_Stack_Based_Buffer_Overflow__: baseline p=0.193190, label=0, PDG=5/4, XFG=3
  node_add b=1 s=7: applied=1, nested=True, p=0.193190, flip=False, error=none
  node_add b=3 s=7: applied=3, nested=True, p=0.462672, flip=False, error=none
  node_add b=5 s=7: applied=5, nested=True, p=0.400565, flip=False, error=none
  node_add b=1 s=17: applied=1, nested=True, p=0.193190, flip=False, error=none
  node_add b=3 s=17: applied=3, nested=True, p=0.193190, flip=False, error=none
  node_add b=5 s=17: applied=5, nested=True, p=0.193190, flip=False, error=none
  node_add b=1 s=29: applied=1, nested=True, p=0.193190, flip=False, error=none
  node_add b=3 s=29: applied=3, nested=True, p=0.193190, flip=False, error=none
  node_add b=5 s=29: applied=5, nested=True, p=0.462672, flip=False, error=none
  node_add b=1 s=42: applied=1, nested=True, p=0.193190, flip=False, error=none
  node_add b=3 s=42: applied=3, nested=True, p=0.193190, flip=False, error=none
  node_add b=5 s=42: applied=5, nested=True, p=0.193190, flip=False, error=none
  node_add b=1 s=61: applied=1, nested=True, p=0.193190, flip=False, error=none
  node_add b=3 s=61: applied=3, nested=True, p=0.462672, flip=False, error=none
  node_add b=5 s=61: applied=5, nested=True, p=0.462672, flip=False, error=none
  node_add b=1 s=73: applied=1, nested=True, p=0.193190, flip=False, error=none
  node_add b=3 s=73: applied=3, nested=True, p=0.193190, flip=False, error=none
  node_add b=5 s=73: applied=5, nested=True, p=0.193190, flip=False, error=none
  node_add b=1 s=89: applied=1, nested=True, p=0.193190, flip=False, error=none
  node_add b=3 s=89: applied=3, nested=True, p=0.193190, flip=False, error=none
  node_add b=5 s=89: applied=5, nested=True, p=0.193190, flip=False, error=none
  node_add b=1 s=101: applied=1, nested=True, p=0.193190, flip=False, error=none
  node_add b=3 s=101: applied=3, nested=True, p=0.462672, flip=False, error=none
  node_add b=5 s=101: applied=5, nested=True, p=0.462672, flip=False, error=none
  node_add b=1 s=137: applied=1, nested=True, p=0.193190, flip=False, error=none
  node_add b=3 s=137: applied=3, nested=True, p=0.462672, flip=False, error=none
  node_add b=5 s=137: applied=5, nested=True, p=0.462672, flip=False, error=none
  node_add b=1 s=2026: applied=1, nested=True, p=0.193190, flip=False, error=none
  node_add b=3 s=2026: applied=3, nested=True, p=0.193190, flip=False, error=none
  node_add b=5 s=2026: applied=5, nested=True, p=0.462672, flip=False, error=none
  node_delete b=1 s=7: applied=1, nested=True, p=0.193190, flip=False, error=none
  node_delete b=3 s=7: applied=3, nested=True, p=NA, flip=False, error=none
  node_delete b=5 s=7: applied=3, nested=True, p=NA, flip=False, error=none
  node_delete b=1 s=17: applied=1, nested=True, p=0.140682, flip=False, error=none
  node_delete b=3 s=17: applied=3, nested=True, p=NA, flip=False, error=none
  node_delete b=5 s=17: applied=3, nested=True, p=NA, flip=False, error=none
  node_delete b=1 s=29: applied=1, nested=True, p=0.140682, flip=False, error=none
  node_delete b=3 s=29: applied=3, nested=True, p=NA, flip=False, error=none
  node_delete b=5 s=29: applied=3, nested=True, p=NA, flip=False, error=none
  node_delete b=1 s=42: applied=1, nested=True, p=0.140682, flip=False, error=none
  node_delete b=3 s=42: applied=3, nested=True, p=NA, flip=False, error=none
  node_delete b=5 s=42: applied=3, nested=True, p=NA, flip=False, error=none
  node_delete b=1 s=61: applied=1, nested=True, p=0.193190, flip=False, error=none
  node_delete b=3 s=61: applied=3, nested=True, p=NA, flip=False, error=none
  node_delete b=5 s=61: applied=3, nested=True, p=NA, flip=False, error=none
  node_delete b=1 s=73: applied=1, nested=True, p=0.193190, flip=False, error=none
  node_delete b=3 s=73: applied=3, nested=True, p=NA, flip=False, error=none
  node_delete b=5 s=73: applied=3, nested=True, p=NA, flip=False, error=none
  node_delete b=1 s=89: applied=1, nested=True, p=0.455129, flip=False, error=none
  node_delete b=3 s=89: applied=3, nested=True, p=NA, flip=False, error=none
  node_delete b=5 s=89: applied=3, nested=True, p=NA, flip=False, error=none
  node_delete b=1 s=101: applied=1, nested=True, p=0.140682, flip=False, error=none
  node_delete b=3 s=101: applied=3, nested=True, p=NA, flip=False, error=none
  node_delete b=5 s=101: applied=3, nested=True, p=NA, flip=False, error=none
  node_delete b=1 s=137: applied=1, nested=True, p=0.455129, flip=False, error=none
  node_delete b=3 s=137: applied=3, nested=True, p=NA, flip=False, error=none
  node_delete b=5 s=137: applied=3, nested=True, p=NA, flip=False, error=none
  node_delete b=1 s=2026: applied=1, nested=True, p=0.455129, flip=False, error=none
  node_delete b=3 s=2026: applied=3, nested=True, p=NA, flip=False, error=none
  node_delete b=5 s=2026: applied=3, nested=True, p=NA, flip=False, error=none
  node_attribute_modify b=1 s=7: applied=1, nested=True, p=0.193190, flip=False, error=none
  node_attribute_modify b=3 s=7: applied=3, nested=True, p=0.000989, flip=False, error=none
  node_attribute_modify b=5 s=7: applied=5, nested=True, p=0.000000, flip=False, error=none
  node_attribute_modify b=1 s=17: applied=1, nested=True, p=0.000000, flip=False, error=none
  node_attribute_modify b=3 s=17: applied=3, nested=True, p=0.000000, flip=False, error=none
  node_attribute_modify b=5 s=17: applied=5, nested=True, p=0.000000, flip=False, error=none
  node_attribute_modify b=1 s=29: applied=1, nested=True, p=0.000000, flip=False, error=none
  node_attribute_modify b=3 s=29: applied=3, nested=True, p=0.033298, flip=False, error=none
  node_attribute_modify b=5 s=29: applied=5, nested=True, p=0.000003, flip=False, error=none
  node_attribute_modify b=1 s=42: applied=1, nested=True, p=0.487376, flip=False, error=none
  node_attribute_modify b=3 s=42: applied=3, nested=True, p=0.000028, flip=False, error=none
  node_attribute_modify b=5 s=42: applied=5, nested=True, p=0.000028, flip=False, error=none
  node_attribute_modify b=1 s=61: applied=1, nested=True, p=0.193190, flip=False, error=none
  node_attribute_modify b=3 s=61: applied=3, nested=True, p=0.001417, flip=False, error=none
  node_attribute_modify b=5 s=61: applied=5, nested=True, p=0.000003, flip=False, error=none
  node_attribute_modify b=1 s=73: applied=1, nested=True, p=0.193190, flip=False, error=none
  node_attribute_modify b=3 s=73: applied=3, nested=True, p=0.184047, flip=False, error=none
  node_attribute_modify b=5 s=73: applied=5, nested=True, p=0.001417, flip=False, error=none
  node_attribute_modify b=1 s=89: applied=1, nested=True, p=0.158918, flip=False, error=none
  node_attribute_modify b=3 s=89: applied=3, nested=True, p=0.000003, flip=False, error=none
  node_attribute_modify b=5 s=89: applied=5, nested=True, p=0.000003, flip=False, error=none
  node_attribute_modify b=1 s=101: applied=1, nested=True, p=0.404840, flip=False, error=none
  node_attribute_modify b=3 s=101: applied=3, nested=True, p=0.000030, flip=False, error=none
  node_attribute_modify b=5 s=101: applied=5, nested=True, p=0.000003, flip=False, error=none
  node_attribute_modify b=1 s=137: applied=1, nested=True, p=0.158918, flip=False, error=none
  node_attribute_modify b=3 s=137: applied=3, nested=True, p=0.001426, flip=False, error=none
  node_attribute_modify b=5 s=137: applied=5, nested=True, p=0.000000, flip=False, error=none
  node_attribute_modify b=1 s=2026: applied=1, nested=True, p=0.158918, flip=False, error=none
  node_attribute_modify b=3 s=2026: applied=3, nested=True, p=0.000011, flip=False, error=none
  node_attribute_modify b=5 s=2026: applied=5, nested=True, p=0.000003, flip=False, error=none
  edge_add b=1 s=7: applied=1, nested=True, p=0.059817, flip=False, error=none
  edge_add b=3 s=7: applied=3, nested=True, p=0.398388, flip=False, error=none
  edge_add b=5 s=7: applied=5, nested=True, p=0.017006, flip=False, error=none
  edge_add b=1 s=17: applied=1, nested=True, p=0.000588, flip=False, error=none
  edge_add b=3 s=17: applied=3, nested=True, p=0.020661, flip=False, error=none
  edge_add b=5 s=17: applied=5, nested=True, p=0.128947, flip=False, error=none
  edge_add b=1 s=29: applied=1, nested=True, p=0.255349, flip=False, error=none
  edge_add b=3 s=29: applied=3, nested=True, p=0.413948, flip=False, error=none
  edge_add b=5 s=29: applied=5, nested=True, p=0.325779, flip=False, error=none
  edge_add b=1 s=42: applied=1, nested=True, p=0.279924, flip=False, error=none
  edge_add b=3 s=42: applied=3, nested=True, p=0.000587, flip=False, error=none
  edge_add b=5 s=42: applied=5, nested=True, p=0.005676, flip=False, error=none
  edge_add b=1 s=61: applied=1, nested=True, p=0.001031, flip=False, error=none
  edge_add b=3 s=61: applied=3, nested=True, p=0.155377, flip=False, error=none
  edge_add b=5 s=61: applied=5, nested=True, p=0.143381, flip=False, error=none
  edge_add b=1 s=73: applied=1, nested=True, p=0.231391, flip=False, error=none
  edge_add b=3 s=73: applied=3, nested=True, p=0.092255, flip=False, error=none
  edge_add b=5 s=73: applied=5, nested=True, p=0.002176, flip=False, error=none
  edge_add b=1 s=89: applied=1, nested=True, p=0.255349, flip=False, error=none
  edge_add b=3 s=89: applied=3, nested=True, p=0.059042, flip=False, error=none
  edge_add b=5 s=89: applied=5, nested=True, p=0.021412, flip=False, error=none
  edge_add b=1 s=101: applied=1, nested=True, p=0.205742, flip=False, error=none
  edge_add b=3 s=101: applied=3, nested=True, p=0.083420, flip=False, error=none
  edge_add b=5 s=101: applied=5, nested=True, p=0.348974, flip=False, error=none
  edge_add b=1 s=137: applied=1, nested=True, p=0.255349, flip=False, error=none
  edge_add b=3 s=137: applied=3, nested=True, p=0.564826, flip=True, error=none
  edge_add b=5 s=137: applied=5, nested=True, p=0.568820, flip=True, error=none
  edge_add b=1 s=2026: applied=1, nested=True, p=0.279924, flip=False, error=none
  edge_add b=3 s=2026: applied=3, nested=True, p=0.413938, flip=False, error=none
  edge_add b=5 s=2026: applied=5, nested=True, p=0.124766, flip=False, error=none
  edge_delete b=1 s=7: applied=1, nested=True, p=0.140680, flip=False, error=none
  edge_delete b=3 s=7: applied=3, nested=True, p=NA, flip=False, error=none
  edge_delete b=5 s=7: applied=4, nested=True, p=NA, flip=False, error=none
  edge_delete b=1 s=17: applied=1, nested=True, p=0.193190, flip=False, error=none
  edge_delete b=3 s=17: applied=3, nested=True, p=0.140682, flip=False, error=none
  edge_delete b=5 s=17: applied=4, nested=True, p=NA, flip=False, error=none
  edge_delete b=1 s=29: applied=1, nested=True, p=0.455129, flip=False, error=none
  edge_delete b=3 s=29: applied=3, nested=True, p=NA, flip=False, error=none
  edge_delete b=5 s=29: applied=4, nested=True, p=NA, flip=False, error=none
  edge_delete b=1 s=42: applied=1, nested=True, p=0.455129, flip=False, error=none
  edge_delete b=3 s=42: applied=3, nested=True, p=0.455126, flip=False, error=none
  edge_delete b=5 s=42: applied=4, nested=True, p=NA, flip=False, error=none
  edge_delete b=1 s=61: applied=1, nested=True, p=0.193190, flip=False, error=none
  edge_delete b=3 s=61: applied=3, nested=True, p=0.455126, flip=False, error=none
  edge_delete b=5 s=61: applied=4, nested=True, p=NA, flip=False, error=none
  edge_delete b=1 s=73: applied=1, nested=True, p=0.140680, flip=False, error=none
  edge_delete b=3 s=73: applied=3, nested=True, p=NA, flip=False, error=none
  edge_delete b=5 s=73: applied=4, nested=True, p=NA, flip=False, error=none
  edge_delete b=1 s=89: applied=1, nested=True, p=0.455129, flip=False, error=none
  edge_delete b=3 s=89: applied=3, nested=True, p=NA, flip=False, error=none
  edge_delete b=5 s=89: applied=4, nested=True, p=NA, flip=False, error=none
  edge_delete b=1 s=101: applied=1, nested=True, p=0.193190, flip=False, error=none
  edge_delete b=3 s=101: applied=3, nested=True, p=0.140682, flip=False, error=none
  edge_delete b=5 s=101: applied=4, nested=True, p=NA, flip=False, error=none
  edge_delete b=1 s=137: applied=1, nested=True, p=0.455129, flip=False, error=none
  edge_delete b=3 s=137: applied=3, nested=True, p=0.455126, flip=False, error=none
  edge_delete b=5 s=137: applied=4, nested=True, p=NA, flip=False, error=none
  edge_delete b=1 s=2026: applied=1, nested=True, p=0.455129, flip=False, error=none
  edge_delete b=3 s=2026: applied=3, nested=True, p=0.000742, flip=False, error=none
  edge_delete b=5 s=2026: applied=4, nested=True, p=NA, flip=False, error=none
  edge_reconnect b=1 s=7: applied=1, nested=True, p=0.140680, flip=False, error=none
  edge_reconnect b=3 s=7: applied=3, nested=True, p=0.015661, flip=False, error=none
  edge_reconnect b=5 s=7: applied=5, nested=True, p=0.000059, flip=False, error=none
  edge_reconnect b=1 s=17: applied=1, nested=True, p=0.059817, flip=False, error=none
  edge_reconnect b=3 s=17: applied=3, nested=True, p=0.140680, flip=False, error=none
  edge_reconnect b=5 s=17: applied=5, nested=True, p=0.015661, flip=False, error=none
  edge_reconnect b=1 s=29: applied=1, nested=True, p=0.455129, flip=False, error=none
  edge_reconnect b=3 s=29: applied=3, nested=True, p=0.000232, flip=False, error=none
  edge_reconnect b=5 s=29: applied=5, nested=True, p=0.000000, flip=False, error=none
  edge_reconnect b=1 s=42: applied=1, nested=True, p=0.455129, flip=False, error=none
  edge_reconnect b=3 s=42: applied=3, nested=True, p=0.114241, flip=False, error=none
  edge_reconnect b=5 s=42: applied=5, nested=True, p=0.000059, flip=False, error=none
  edge_reconnect b=1 s=61: applied=1, nested=True, p=0.193190, flip=False, error=none
  edge_reconnect b=3 s=61: applied=3, nested=True, p=0.193190, flip=False, error=none
  edge_reconnect b=5 s=61: applied=5, nested=True, p=0.114241, flip=False, error=none
  edge_reconnect b=1 s=73: applied=1, nested=True, p=0.114241, flip=False, error=none
  edge_reconnect b=3 s=73: applied=3, nested=True, p=0.000278, flip=False, error=none
  edge_reconnect b=5 s=73: applied=5, nested=True, p=0.193190, flip=False, error=none
  edge_reconnect b=1 s=89: applied=1, nested=True, p=0.455129, flip=False, error=none
  edge_reconnect b=3 s=89: applied=3, nested=True, p=0.114241, flip=False, error=none
  edge_reconnect b=5 s=89: applied=5, nested=True, p=0.114241, flip=False, error=none
  edge_reconnect b=1 s=101: applied=1, nested=True, p=0.193190, flip=False, error=none
  edge_reconnect b=3 s=101: applied=3, nested=True, p=0.193190, flip=False, error=none
  edge_reconnect b=5 s=101: applied=5, nested=True, p=0.333602, flip=False, error=none
  edge_reconnect b=1 s=137: applied=1, nested=True, p=0.455129, flip=False, error=none
  edge_reconnect b=3 s=137: applied=3, nested=True, p=0.059817, flip=False, error=none
  edge_reconnect b=5 s=137: applied=5, nested=True, p=0.000059, flip=False, error=none
  edge_reconnect b=1 s=2026: applied=1, nested=True, p=0.455129, flip=False, error=none
  edge_reconnect b=3 s=2026: applied=3, nested=True, p=0.000000, flip=False, error=none
  edge_reconnect b=5 s=2026: applied=5, nested=True, p=0.000059, flip=False, error=none
[39/60] cwe119__19_vulnerable_CWE121_Stack_Based_Buffer_Overflow__: baseline p=0.263123, label=0, PDG=5/4, XFG=3
  node_add b=1 s=7: applied=1, nested=True, p=0.263123, flip=False, error=none
  node_add b=3 s=7: applied=3, nested=True, p=0.483917, flip=False, error=none
  node_add b=5 s=7: applied=5, nested=True, p=0.425094, flip=False, error=none
  node_add b=1 s=17: applied=1, nested=True, p=0.263123, flip=False, error=none
  node_add b=3 s=17: applied=3, nested=True, p=0.263123, flip=False, error=none
  node_add b=5 s=17: applied=5, nested=True, p=0.263123, flip=False, error=none
  node_add b=1 s=29: applied=1, nested=True, p=0.263123, flip=False, error=none
  node_add b=3 s=29: applied=3, nested=True, p=0.263123, flip=False, error=none
  node_add b=5 s=29: applied=5, nested=True, p=0.483917, flip=False, error=none
  node_add b=1 s=42: applied=1, nested=True, p=0.263123, flip=False, error=none
  node_add b=3 s=42: applied=3, nested=True, p=0.263123, flip=False, error=none
  node_add b=5 s=42: applied=5, nested=True, p=0.263123, flip=False, error=none
  node_add b=1 s=61: applied=1, nested=True, p=0.263123, flip=False, error=none
  node_add b=3 s=61: applied=3, nested=True, p=0.483917, flip=False, error=none
  node_add b=5 s=61: applied=5, nested=True, p=0.483917, flip=False, error=none
  node_add b=1 s=73: applied=1, nested=True, p=0.263123, flip=False, error=none
  node_add b=3 s=73: applied=3, nested=True, p=0.263123, flip=False, error=none
  node_add b=5 s=73: applied=5, nested=True, p=0.263123, flip=False, error=none
  node_add b=1 s=89: applied=1, nested=True, p=0.263123, flip=False, error=none
  node_add b=3 s=89: applied=3, nested=True, p=0.263123, flip=False, error=none
  node_add b=5 s=89: applied=5, nested=True, p=0.263123, flip=False, error=none
  node_add b=1 s=101: applied=1, nested=True, p=0.263123, flip=False, error=none
  node_add b=3 s=101: applied=3, nested=True, p=0.483917, flip=False, error=none
  node_add b=5 s=101: applied=5, nested=True, p=0.483917, flip=False, error=none
  node_add b=1 s=137: applied=1, nested=True, p=0.263123, flip=False, error=none
  node_add b=3 s=137: applied=3, nested=True, p=0.483917, flip=False, error=none
  node_add b=5 s=137: applied=5, nested=True, p=0.483917, flip=False, error=none
  node_add b=1 s=2026: applied=1, nested=True, p=0.263123, flip=False, error=none
  node_add b=3 s=2026: applied=3, nested=True, p=0.263123, flip=False, error=none
  node_add b=5 s=2026: applied=5, nested=True, p=0.483917, flip=False, error=none
  node_delete b=1 s=7: applied=1, nested=True, p=0.263123, flip=False, error=none
  node_delete b=3 s=7: applied=3, nested=True, p=NA, flip=False, error=none
  node_delete b=5 s=7: applied=3, nested=True, p=NA, flip=False, error=none
  node_delete b=1 s=17: applied=1, nested=True, p=0.330908, flip=False, error=none
  node_delete b=3 s=17: applied=3, nested=True, p=NA, flip=False, error=none
  node_delete b=5 s=17: applied=3, nested=True, p=NA, flip=False, error=none
  node_delete b=1 s=29: applied=1, nested=True, p=0.330908, flip=False, error=none
  node_delete b=3 s=29: applied=3, nested=True, p=NA, flip=False, error=none
  node_delete b=5 s=29: applied=3, nested=True, p=NA, flip=False, error=none
  node_delete b=1 s=42: applied=1, nested=True, p=0.330908, flip=False, error=none
  node_delete b=3 s=42: applied=3, nested=True, p=NA, flip=False, error=none
  node_delete b=5 s=42: applied=3, nested=True, p=NA, flip=False, error=none
  node_delete b=1 s=61: applied=1, nested=True, p=0.263123, flip=False, error=none
  node_delete b=3 s=61: applied=3, nested=True, p=NA, flip=False, error=none
  node_delete b=5 s=61: applied=3, nested=True, p=NA, flip=False, error=none
  node_delete b=1 s=73: applied=1, nested=True, p=0.263123, flip=False, error=none
  node_delete b=3 s=73: applied=3, nested=True, p=NA, flip=False, error=none
  node_delete b=5 s=73: applied=3, nested=True, p=NA, flip=False, error=none
  node_delete b=1 s=89: applied=1, nested=True, p=0.455129, flip=False, error=none
  node_delete b=3 s=89: applied=3, nested=True, p=NA, flip=False, error=none
  node_delete b=5 s=89: applied=3, nested=True, p=NA, flip=False, error=none
  node_delete b=1 s=101: applied=1, nested=True, p=0.330908, flip=False, error=none
  node_delete b=3 s=101: applied=3, nested=True, p=NA, flip=False, error=none
  node_delete b=5 s=101: applied=3, nested=True, p=NA, flip=False, error=none
  node_delete b=1 s=137: applied=1, nested=True, p=0.455129, flip=False, error=none
  node_delete b=3 s=137: applied=3, nested=True, p=NA, flip=False, error=none
  node_delete b=5 s=137: applied=3, nested=True, p=NA, flip=False, error=none
  node_delete b=1 s=2026: applied=1, nested=True, p=0.455129, flip=False, error=none
  node_delete b=3 s=2026: applied=3, nested=True, p=NA, flip=False, error=none
  node_delete b=5 s=2026: applied=3, nested=True, p=NA, flip=False, error=none
  node_attribute_modify b=1 s=7: applied=1, nested=True, p=0.263123, flip=False, error=none
  node_attribute_modify b=3 s=7: applied=3, nested=True, p=0.000989, flip=False, error=none
  node_attribute_modify b=5 s=7: applied=5, nested=True, p=0.000000, flip=False, error=none
  node_attribute_modify b=1 s=17: applied=1, nested=True, p=0.007163, flip=False, error=none
  node_attribute_modify b=3 s=17: applied=3, nested=True, p=0.007163, flip=False, error=none
  node_attribute_modify b=5 s=17: applied=5, nested=True, p=0.007163, flip=False, error=none
  node_attribute_modify b=1 s=29: applied=1, nested=True, p=0.007163, flip=False, error=none
  node_attribute_modify b=3 s=29: applied=3, nested=True, p=0.057485, flip=False, error=none
  node_attribute_modify b=5 s=29: applied=5, nested=True, p=0.000003, flip=False, error=none
  node_attribute_modify b=1 s=42: applied=1, nested=True, p=0.447064, flip=False, error=none
  node_attribute_modify b=3 s=42: applied=3, nested=True, p=0.000028, flip=False, error=none
  node_attribute_modify b=5 s=42: applied=5, nested=True, p=0.000028, flip=False, error=none
  node_attribute_modify b=1 s=61: applied=1, nested=True, p=0.263123, flip=False, error=none
  node_attribute_modify b=3 s=61: applied=3, nested=True, p=0.001417, flip=False, error=none
  node_attribute_modify b=5 s=61: applied=5, nested=True, p=0.000003, flip=False, error=none
  node_attribute_modify b=1 s=73: applied=1, nested=True, p=0.263123, flip=False, error=none
  node_attribute_modify b=3 s=73: applied=3, nested=True, p=0.330592, flip=False, error=none
  node_attribute_modify b=5 s=73: applied=5, nested=True, p=0.001417, flip=False, error=none
  node_attribute_modify b=1 s=89: applied=1, nested=True, p=0.158918, flip=False, error=none
  node_attribute_modify b=3 s=89: applied=3, nested=True, p=0.000003, flip=False, error=none
  node_attribute_modify b=5 s=89: applied=5, nested=True, p=0.000003, flip=False, error=none
  node_attribute_modify b=1 s=101: applied=1, nested=True, p=0.158239, flip=False, error=none
  node_attribute_modify b=3 s=101: applied=3, nested=True, p=0.000030, flip=False, error=none
  node_attribute_modify b=5 s=101: applied=5, nested=True, p=0.000003, flip=False, error=none
  node_attribute_modify b=1 s=137: applied=1, nested=True, p=0.158918, flip=False, error=none
  node_attribute_modify b=3 s=137: applied=3, nested=True, p=0.001426, flip=False, error=none
  node_attribute_modify b=5 s=137: applied=5, nested=True, p=0.000000, flip=False, error=none
  node_attribute_modify b=1 s=2026: applied=1, nested=True, p=0.158918, flip=False, error=none
  node_attribute_modify b=3 s=2026: applied=3, nested=True, p=0.000011, flip=False, error=none
  node_attribute_modify b=5 s=2026: applied=5, nested=True, p=0.000003, flip=False, error=none
  edge_add b=1 s=7: applied=1, nested=True, p=0.486061, flip=False, error=none
  edge_add b=3 s=7: applied=3, nested=True, p=0.580087, flip=True, error=none
  edge_add b=5 s=7: applied=5, nested=True, p=0.365923, flip=False, error=none
  edge_add b=1 s=17: applied=1, nested=True, p=0.000588, flip=False, error=none
  edge_add b=3 s=17: applied=3, nested=True, p=0.029217, flip=False, error=none
  edge_add b=5 s=17: applied=5, nested=True, p=0.209531, flip=False, error=none
  edge_add b=1 s=29: applied=1, nested=True, p=0.535132, flip=True, error=none
  edge_add b=3 s=29: applied=3, nested=True, p=0.563160, flip=True, error=none
  edge_add b=5 s=29: applied=5, nested=True, p=0.537580, flip=True, error=none
  edge_add b=1 s=42: applied=1, nested=True, p=0.338591, flip=False, error=none
  edge_add b=3 s=42: applied=3, nested=True, p=0.020263, flip=False, error=none
  edge_add b=5 s=42: applied=5, nested=True, p=0.190301, flip=False, error=none
  edge_add b=1 s=61: applied=1, nested=True, p=0.004675, flip=False, error=none
  edge_add b=3 s=61: applied=3, nested=True, p=0.475315, flip=False, error=none
  edge_add b=5 s=61: applied=5, nested=True, p=0.449565, flip=False, error=none
  edge_add b=1 s=73: applied=1, nested=True, p=0.343127, flip=False, error=none
  edge_add b=3 s=73: applied=3, nested=True, p=0.548423, flip=True, error=none
  edge_add b=5 s=73: applied=5, nested=True, p=0.208156, flip=False, error=none
  edge_add b=1 s=89: applied=1, nested=True, p=0.535132, flip=True, error=none
  edge_add b=3 s=89: applied=3, nested=True, p=0.417845, flip=False, error=none
  edge_add b=5 s=89: applied=5, nested=True, p=0.196188, flip=False, error=none
  edge_add b=1 s=101: applied=1, nested=True, p=0.640201, flip=True, error=none
  edge_add b=3 s=101: applied=3, nested=True, p=0.542073, flip=True, error=none
  edge_add b=5 s=101: applied=5, nested=True, p=0.550216, flip=True, error=none
  edge_add b=1 s=137: applied=1, nested=True, p=0.535132, flip=True, error=none
  edge_add b=3 s=137: applied=3, nested=True, p=0.511352, flip=True, error=none
  edge_add b=5 s=137: applied=5, nested=True, p=0.542313, flip=True, error=none
  edge_add b=1 s=2026: applied=1, nested=True, p=0.338591, flip=False, error=none
  edge_add b=3 s=2026: applied=3, nested=True, p=0.559109, flip=True, error=none
  edge_add b=5 s=2026: applied=5, nested=True, p=0.505226, flip=True, error=none
  edge_delete b=1 s=7: applied=1, nested=True, p=0.330901, flip=False, error=none
  edge_delete b=3 s=7: applied=3, nested=True, p=NA, flip=False, error=none
  edge_delete b=5 s=7: applied=4, nested=True, p=NA, flip=False, error=none
  edge_delete b=1 s=17: applied=1, nested=True, p=0.263131, flip=False, error=none
  edge_delete b=3 s=17: applied=3, nested=True, p=0.330908, flip=False, error=none
  edge_delete b=5 s=17: applied=4, nested=True, p=NA, flip=False, error=none
  edge_delete b=1 s=29: applied=1, nested=True, p=0.455129, flip=False, error=none
  edge_delete b=3 s=29: applied=3, nested=True, p=NA, flip=False, error=none
  edge_delete b=5 s=29: applied=4, nested=True, p=NA, flip=False, error=none
  edge_delete b=1 s=42: applied=1, nested=True, p=0.455129, flip=False, error=none
  edge_delete b=3 s=42: applied=3, nested=True, p=0.455126, flip=False, error=none
  edge_delete b=5 s=42: applied=4, nested=True, p=NA, flip=False, error=none
  edge_delete b=1 s=61: applied=1, nested=True, p=0.263131, flip=False, error=none
  edge_delete b=3 s=61: applied=3, nested=True, p=0.455126, flip=False, error=none
  edge_delete b=5 s=61: applied=4, nested=True, p=NA, flip=False, error=none
  edge_delete b=1 s=73: applied=1, nested=True, p=0.330901, flip=False, error=none
  edge_delete b=3 s=73: applied=3, nested=True, p=NA, flip=False, error=none
  edge_delete b=5 s=73: applied=4, nested=True, p=NA, flip=False, error=none
  edge_delete b=1 s=89: applied=1, nested=True, p=0.455129, flip=False, error=none
  edge_delete b=3 s=89: applied=3, nested=True, p=NA, flip=False, error=none
  edge_delete b=5 s=89: applied=4, nested=True, p=NA, flip=False, error=none
  edge_delete b=1 s=101: applied=1, nested=True, p=0.263123, flip=False, error=none
  edge_delete b=3 s=101: applied=3, nested=True, p=0.330908, flip=False, error=none
  edge_delete b=5 s=101: applied=4, nested=True, p=NA, flip=False, error=none
  edge_delete b=1 s=137: applied=1, nested=True, p=0.455129, flip=False, error=none
  edge_delete b=3 s=137: applied=3, nested=True, p=0.455126, flip=False, error=none
  edge_delete b=5 s=137: applied=4, nested=True, p=NA, flip=False, error=none
  edge_delete b=1 s=2026: applied=1, nested=True, p=0.455129, flip=False, error=none
  edge_delete b=3 s=2026: applied=3, nested=True, p=0.000742, flip=False, error=none
  edge_delete b=5 s=2026: applied=4, nested=True, p=NA, flip=False, error=none
  edge_reconnect b=1 s=7: applied=1, nested=True, p=0.330901, flip=False, error=none
  edge_reconnect b=3 s=7: applied=3, nested=True, p=0.387820, flip=False, error=none
  edge_reconnect b=5 s=7: applied=5, nested=True, p=0.002909, flip=False, error=none
  edge_reconnect b=1 s=17: applied=1, nested=True, p=0.486073, flip=False, error=none
  edge_reconnect b=3 s=17: applied=3, nested=True, p=0.330901, flip=False, error=none
  edge_reconnect b=5 s=17: applied=5, nested=True, p=0.387820, flip=False, error=none
  edge_reconnect b=1 s=29: applied=1, nested=True, p=0.455129, flip=False, error=none
  edge_reconnect b=3 s=29: applied=3, nested=True, p=0.000861, flip=False, error=none
  edge_reconnect b=5 s=29: applied=5, nested=True, p=0.000404, flip=False, error=none
  edge_reconnect b=1 s=42: applied=1, nested=True, p=0.455129, flip=False, error=none
  edge_reconnect b=3 s=42: applied=3, nested=True, p=0.532772, flip=True, error=none
  edge_reconnect b=5 s=42: applied=5, nested=True, p=0.002909, flip=False, error=none
  edge_reconnect b=1 s=61: applied=1, nested=True, p=0.263131, flip=False, error=none
  edge_reconnect b=3 s=61: applied=3, nested=True, p=0.263123, flip=False, error=none
  edge_reconnect b=5 s=61: applied=5, nested=True, p=0.532772, flip=True, error=none
  edge_reconnect b=1 s=73: applied=1, nested=True, p=0.532772, flip=True, error=none
  edge_reconnect b=3 s=73: applied=3, nested=True, p=0.000713, flip=False, error=none
  edge_reconnect b=5 s=73: applied=5, nested=True, p=0.263123, flip=False, error=none
  edge_reconnect b=1 s=89: applied=1, nested=True, p=0.455129, flip=False, error=none
  edge_reconnect b=3 s=89: applied=3, nested=True, p=0.532772, flip=True, error=none
  edge_reconnect b=5 s=89: applied=5, nested=True, p=0.532772, flip=True, error=none
  edge_reconnect b=1 s=101: applied=1, nested=True, p=0.263123, flip=False, error=none
  edge_reconnect b=3 s=101: applied=3, nested=True, p=0.263123, flip=False, error=none
  edge_reconnect b=5 s=101: applied=5, nested=True, p=0.354916, flip=False, error=none
  edge_reconnect b=1 s=137: applied=1, nested=True, p=0.455129, flip=False, error=none
  edge_reconnect b=3 s=137: applied=3, nested=True, p=0.486073, flip=False, error=none
  edge_reconnect b=5 s=137: applied=5, nested=True, p=0.002909, flip=False, error=none
  edge_reconnect b=1 s=2026: applied=1, nested=True, p=0.455129, flip=False, error=none
  edge_reconnect b=3 s=2026: applied=3, nested=True, p=0.000029, flip=False, error=none
  edge_reconnect b=5 s=2026: applied=5, nested=True, p=0.002909, flip=False, error=none
[40/60] cwe119__20_vulnerable_CWE121_Stack_Based_Buffer_Overflow__: baseline p=0.455129, label=0, PDG=7/5, XFG=7
  node_add b=1 s=7: applied=1, nested=True, p=0.455129, flip=False, error=none
  node_add b=3 s=7: applied=3, nested=True, p=0.455129, flip=False, error=none
  node_add b=5 s=7: applied=5, nested=True, p=0.455129, flip=False, error=none
  node_add b=1 s=17: applied=1, nested=True, p=0.455129, flip=False, error=none
  node_add b=3 s=17: applied=3, nested=True, p=0.455129, flip=False, error=none
  node_add b=5 s=17: applied=5, nested=True, p=0.071773, flip=False, error=none
  node_add b=1 s=29: applied=1, nested=True, p=0.455129, flip=False, error=none
  node_add b=3 s=29: applied=3, nested=True, p=0.071773, flip=False, error=none
  node_add b=5 s=29: applied=5, nested=True, p=0.000795, flip=False, error=none
  node_add b=1 s=42: applied=1, nested=True, p=0.071773, flip=False, error=none
  node_add b=3 s=42: applied=3, nested=True, p=0.071773, flip=False, error=none
  node_add b=5 s=42: applied=5, nested=True, p=0.071773, flip=False, error=none
  node_add b=1 s=61: applied=1, nested=True, p=0.455129, flip=False, error=none
  node_add b=3 s=61: applied=3, nested=True, p=0.455129, flip=False, error=none
  node_add b=5 s=61: applied=5, nested=True, p=0.071773, flip=False, error=none
  node_add b=1 s=73: applied=1, nested=True, p=0.455129, flip=False, error=none
  node_add b=3 s=73: applied=3, nested=True, p=0.455129, flip=False, error=none
  node_add b=5 s=73: applied=5, nested=True, p=0.455129, flip=False, error=none
  node_add b=1 s=89: applied=1, nested=True, p=0.455129, flip=False, error=none
  node_add b=3 s=89: applied=3, nested=True, p=0.455129, flip=False, error=none
  node_add b=5 s=89: applied=5, nested=True, p=0.071773, flip=False, error=none
  node_add b=1 s=101: applied=1, nested=True, p=0.455129, flip=False, error=none
  node_add b=3 s=101: applied=3, nested=True, p=0.455129, flip=False, error=none
  node_add b=5 s=101: applied=5, nested=True, p=0.071773, flip=False, error=none
  node_add b=1 s=137: applied=1, nested=True, p=0.455129, flip=False, error=none
  node_add b=3 s=137: applied=3, nested=True, p=0.455129, flip=False, error=none
  node_add b=5 s=137: applied=5, nested=True, p=0.071773, flip=False, error=none
  node_add b=1 s=2026: applied=1, nested=True, p=0.455129, flip=False, error=none
  node_add b=3 s=2026: applied=3, nested=True, p=0.011848, flip=False, error=none
  node_add b=5 s=2026: applied=5, nested=True, p=0.000742, flip=False, error=none
  node_delete b=1 s=7: applied=1, nested=True, p=0.455129, flip=False, error=none
  node_delete b=3 s=7: applied=3, nested=True, p=NA, flip=False, error=none
  node_delete b=5 s=7: applied=3, nested=True, p=NA, flip=False, error=none
  node_delete b=1 s=17: applied=1, nested=True, p=0.004015, flip=False, error=none
  node_delete b=3 s=17: applied=3, nested=True, p=NA, flip=False, error=none
  node_delete b=5 s=17: applied=3, nested=True, p=NA, flip=False, error=none
  node_delete b=1 s=29: applied=1, nested=True, p=0.004015, flip=False, error=none
  node_delete b=3 s=29: applied=3, nested=True, p=NA, flip=False, error=none
  node_delete b=5 s=29: applied=3, nested=True, p=NA, flip=False, error=none
  node_delete b=1 s=42: applied=1, nested=True, p=0.004015, flip=False, error=none
  node_delete b=3 s=42: applied=3, nested=True, p=NA, flip=False, error=none
  node_delete b=5 s=42: applied=3, nested=True, p=NA, flip=False, error=none
  node_delete b=1 s=61: applied=1, nested=True, p=0.455129, flip=False, error=none
  node_delete b=3 s=61: applied=3, nested=True, p=NA, flip=False, error=none
  node_delete b=5 s=61: applied=3, nested=True, p=NA, flip=False, error=none
  node_delete b=1 s=73: applied=1, nested=True, p=0.455129, flip=False, error=none
  node_delete b=3 s=73: applied=3, nested=True, p=NA, flip=False, error=none
  node_delete b=5 s=73: applied=3, nested=True, p=NA, flip=False, error=none
  node_delete b=1 s=89: applied=1, nested=True, p=0.455129, flip=False, error=none
  node_delete b=3 s=89: applied=3, nested=True, p=NA, flip=False, error=none
  node_delete b=5 s=89: applied=3, nested=True, p=NA, flip=False, error=none
  node_delete b=1 s=101: applied=1, nested=True, p=0.004015, flip=False, error=none
  node_delete b=3 s=101: applied=3, nested=True, p=NA, flip=False, error=none
  node_delete b=5 s=101: applied=3, nested=True, p=NA, flip=False, error=none
  node_delete b=1 s=137: applied=1, nested=True, p=0.455129, flip=False, error=none
  node_delete b=3 s=137: applied=3, nested=True, p=NA, flip=False, error=none
  node_delete b=5 s=137: applied=3, nested=True, p=NA, flip=False, error=none
  node_delete b=1 s=2026: applied=1, nested=True, p=0.455129, flip=False, error=none
  node_delete b=3 s=2026: applied=3, nested=True, p=NA, flip=False, error=none
  node_delete b=5 s=2026: applied=3, nested=True, p=NA, flip=False, error=none
  node_attribute_modify b=1 s=7: applied=1, nested=True, p=0.455129, flip=False, error=none
  node_attribute_modify b=3 s=7: applied=3, nested=True, p=0.455129, flip=False, error=none
  node_attribute_modify b=5 s=7: applied=5, nested=True, p=0.275416, flip=False, error=none
  node_attribute_modify b=1 s=17: applied=1, nested=True, p=0.000033, flip=False, error=none
  node_attribute_modify b=3 s=17: applied=3, nested=True, p=0.356350, flip=False, error=none
  node_attribute_modify b=5 s=17: applied=5, nested=True, p=0.600954, flip=True, error=none
  node_attribute_modify b=1 s=29: applied=1, nested=True, p=0.005091, flip=False, error=none
  node_attribute_modify b=3 s=29: applied=3, nested=True, p=0.910853, flip=True, error=none
  node_attribute_modify b=5 s=29: applied=5, nested=True, p=0.005091, flip=False, error=none
  node_attribute_modify b=1 s=42: applied=1, nested=True, p=0.455129, flip=False, error=none
  node_attribute_modify b=3 s=42: applied=3, nested=True, p=0.595149, flip=True, error=none
  node_attribute_modify b=5 s=42: applied=5, nested=True, p=0.455129, flip=False, error=none
  node_attribute_modify b=1 s=61: applied=1, nested=True, p=0.910853, flip=True, error=none
  node_attribute_modify b=3 s=61: applied=3, nested=True, p=0.910853, flip=True, error=none
  node_attribute_modify b=5 s=61: applied=5, nested=True, p=0.000000, flip=False, error=none
  node_attribute_modify b=1 s=73: applied=1, nested=True, p=0.455129, flip=False, error=none
  node_attribute_modify b=3 s=73: applied=3, nested=True, p=0.539015, flip=True, error=none
  node_attribute_modify b=5 s=73: applied=5, nested=True, p=0.455129, flip=False, error=none
  node_attribute_modify b=1 s=89: applied=1, nested=True, p=0.455129, flip=False, error=none
  node_attribute_modify b=3 s=89: applied=3, nested=True, p=0.455129, flip=False, error=none
  node_attribute_modify b=5 s=89: applied=5, nested=True, p=0.427476, flip=False, error=none
  node_attribute_modify b=1 s=101: applied=1, nested=True, p=0.455129, flip=False, error=none
  node_attribute_modify b=3 s=101: applied=3, nested=True, p=0.241825, flip=False, error=none
  node_attribute_modify b=5 s=101: applied=5, nested=True, p=0.000000, flip=False, error=none
  node_attribute_modify b=1 s=137: applied=1, nested=True, p=0.455129, flip=False, error=none
  node_attribute_modify b=3 s=137: applied=3, nested=True, p=0.991032, flip=True, error=none
  node_attribute_modify b=5 s=137: applied=5, nested=True, p=0.910853, flip=True, error=none
  node_attribute_modify b=1 s=2026: applied=1, nested=True, p=0.455129, flip=False, error=none
  node_attribute_modify b=3 s=2026: applied=3, nested=True, p=0.455129, flip=False, error=none
  node_attribute_modify b=5 s=2026: applied=5, nested=True, p=0.455129, flip=False, error=none
  edge_add b=1 s=7: applied=1, nested=True, p=0.455129, flip=False, error=none
  edge_add b=3 s=7: applied=3, nested=True, p=0.400572, flip=False, error=none
  edge_add b=5 s=7: applied=5, nested=True, p=0.302794, flip=False, error=none
  edge_add b=1 s=17: applied=1, nested=True, p=0.455129, flip=False, error=none
  edge_add b=3 s=17: applied=3, nested=True, p=0.710972, flip=True, error=none
  edge_add b=5 s=17: applied=5, nested=True, p=0.602772, flip=True, error=none
  edge_add b=1 s=29: applied=1, nested=True, p=0.001031, flip=False, error=none
  edge_add b=3 s=29: applied=3, nested=True, p=0.000691, flip=False, error=none
  edge_add b=5 s=29: applied=5, nested=True, p=0.466367, flip=False, error=none
  edge_add b=1 s=42: applied=1, nested=True, p=0.009754, flip=False, error=none
  edge_add b=3 s=42: applied=3, nested=True, p=0.475155, flip=False, error=none
  edge_add b=5 s=42: applied=5, nested=True, p=0.380658, flip=False, error=none
  edge_add b=1 s=61: applied=1, nested=True, p=0.455129, flip=False, error=none
  edge_add b=3 s=61: applied=3, nested=True, p=0.455129, flip=False, error=none
  edge_add b=5 s=61: applied=5, nested=True, p=0.455129, flip=False, error=none
  edge_add b=1 s=73: applied=1, nested=True, p=0.455129, flip=False, error=none
  edge_add b=3 s=73: applied=3, nested=True, p=0.009754, flip=False, error=none
  edge_add b=5 s=73: applied=5, nested=True, p=0.000006, flip=False, error=none
  edge_add b=1 s=89: applied=1, nested=True, p=0.455129, flip=False, error=none
  edge_add b=3 s=89: applied=3, nested=True, p=0.455129, flip=False, error=none
  edge_add b=5 s=89: applied=5, nested=True, p=0.177569, flip=False, error=none
  edge_add b=1 s=101: applied=1, nested=True, p=0.228492, flip=False, error=none
  edge_add b=3 s=101: applied=3, nested=True, p=0.001429, flip=False, error=none
  edge_add b=5 s=101: applied=5, nested=True, p=0.031756, flip=False, error=none
  edge_add b=1 s=137: applied=1, nested=True, p=0.455129, flip=False, error=none
  edge_add b=3 s=137: applied=3, nested=True, p=0.402939, flip=False, error=none
  edge_add b=5 s=137: applied=5, nested=True, p=0.405078, flip=False, error=none
  edge_add b=1 s=2026: applied=1, nested=True, p=0.009754, flip=False, error=none
  edge_add b=3 s=2026: applied=3, nested=True, p=0.055569, flip=False, error=none
  edge_add b=5 s=2026: applied=5, nested=True, p=0.000372, flip=False, error=none
  edge_delete b=1 s=7: applied=1, nested=True, p=0.455129, flip=False, error=none
  edge_delete b=3 s=7: applied=3, nested=True, p=0.000742, flip=False, error=none
  edge_delete b=5 s=7: applied=5, nested=True, p=NA, flip=False, error=none
  edge_delete b=1 s=17: applied=1, nested=True, p=0.455129, flip=False, error=none
  edge_delete b=3 s=17: applied=3, nested=True, p=0.000009, flip=False, error=none
  edge_delete b=5 s=17: applied=5, nested=True, p=NA, flip=False, error=none
  edge_delete b=1 s=29: applied=1, nested=True, p=0.455129, flip=False, error=none
  edge_delete b=3 s=29: applied=3, nested=True, p=0.455129, flip=False, error=none
  edge_delete b=5 s=29: applied=5, nested=True, p=NA, flip=False, error=none
  edge_delete b=1 s=42: applied=1, nested=True, p=0.455129, flip=False, error=none
  edge_delete b=3 s=42: applied=3, nested=True, p=0.455129, flip=False, error=none
  edge_delete b=5 s=42: applied=5, nested=True, p=NA, flip=False, error=none
  edge_delete b=1 s=61: applied=1, nested=True, p=0.000742, flip=False, error=none
  edge_delete b=3 s=61: applied=3, nested=True, p=0.000009, flip=False, error=none
  edge_delete b=5 s=61: applied=5, nested=True, p=NA, flip=False, error=none
  edge_delete b=1 s=73: applied=1, nested=True, p=0.455129, flip=False, error=none
  edge_delete b=3 s=73: applied=3, nested=True, p=0.455129, flip=False, error=none
  edge_delete b=5 s=73: applied=5, nested=True, p=NA, flip=False, error=none
  edge_delete b=1 s=89: applied=1, nested=True, p=0.455129, flip=False, error=none
  edge_delete b=3 s=89: applied=3, nested=True, p=0.000742, flip=False, error=none
  edge_delete b=5 s=89: applied=5, nested=True, p=NA, flip=False, error=none
  edge_delete b=1 s=101: applied=1, nested=True, p=0.455129, flip=False, error=none
  edge_delete b=3 s=101: applied=3, nested=True, p=0.000009, flip=False, error=none
  edge_delete b=5 s=101: applied=5, nested=True, p=NA, flip=False, error=none
  edge_delete b=1 s=137: applied=1, nested=True, p=0.455129, flip=False, error=none
  edge_delete b=3 s=137: applied=3, nested=True, p=0.000742, flip=False, error=none
  edge_delete b=5 s=137: applied=5, nested=True, p=NA, flip=False, error=none
  edge_delete b=1 s=2026: applied=1, nested=True, p=0.455129, flip=False, error=none
  edge_delete b=3 s=2026: applied=3, nested=True, p=0.000599, flip=False, error=none
  edge_delete b=5 s=2026: applied=5, nested=True, p=NA, flip=False, error=none
  edge_reconnect b=1 s=7: applied=1, nested=True, p=0.013358, flip=False, error=none
  edge_reconnect b=3 s=7: applied=3, nested=True, p=0.455129, flip=False, error=none
  edge_reconnect b=5 s=7: applied=5, nested=True, p=0.468205, flip=False, error=none
  edge_reconnect b=1 s=17: applied=1, nested=True, p=0.011178, flip=False, error=none
  edge_reconnect b=3 s=17: applied=3, nested=True, p=0.468205, flip=False, error=none
  edge_reconnect b=5 s=17: applied=5, nested=True, p=0.468205, flip=False, error=none
  edge_reconnect b=1 s=29: applied=1, nested=True, p=0.455129, flip=False, error=none
  edge_reconnect b=3 s=29: applied=3, nested=True, p=0.010058, flip=False, error=none
  edge_reconnect b=5 s=29: applied=5, nested=True, p=0.002569, flip=False, error=none
  edge_reconnect b=1 s=42: applied=1, nested=True, p=0.455129, flip=False, error=none
  edge_reconnect b=3 s=42: applied=3, nested=True, p=0.455129, flip=False, error=none
  edge_reconnect b=5 s=42: applied=5, nested=True, p=0.048030, flip=False, error=none
  edge_reconnect b=1 s=61: applied=1, nested=True, p=0.000742, flip=False, error=none
  edge_reconnect b=3 s=61: applied=3, nested=True, p=0.044947, flip=False, error=none
  edge_reconnect b=5 s=61: applied=5, nested=True, p=0.044947, flip=False, error=none
  edge_reconnect b=1 s=73: applied=1, nested=True, p=0.455129, flip=False, error=none
  edge_reconnect b=3 s=73: applied=3, nested=True, p=0.213229, flip=False, error=none
  edge_reconnect b=5 s=73: applied=5, nested=True, p=0.260831, flip=False, error=none
  edge_reconnect b=1 s=89: applied=1, nested=True, p=0.000599, flip=False, error=none
  edge_reconnect b=3 s=89: applied=3, nested=True, p=0.000599, flip=False, error=none
  edge_reconnect b=5 s=89: applied=5, nested=True, p=0.168979, flip=False, error=none
  edge_reconnect b=1 s=101: applied=1, nested=True, p=0.455129, flip=False, error=none
  edge_reconnect b=3 s=101: applied=3, nested=True, p=0.054756, flip=False, error=none
  edge_reconnect b=5 s=101: applied=5, nested=True, p=0.050883, flip=False, error=none
  edge_reconnect b=1 s=137: applied=1, nested=True, p=0.000599, flip=False, error=none
  edge_reconnect b=3 s=137: applied=3, nested=True, p=0.000599, flip=False, error=none
  edge_reconnect b=5 s=137: applied=5, nested=True, p=0.000022, flip=False, error=none
  edge_reconnect b=1 s=2026: applied=1, nested=True, p=0.000753, flip=False, error=none
  edge_reconnect b=3 s=2026: applied=3, nested=True, p=0.797561, flip=True, error=none
  edge_reconnect b=5 s=2026: applied=5, nested=True, p=0.797561, flip=True, error=none
[41/60] devign__01_vulnerable_static_uint32_t_sh_serial_ioport_rea: baseline p=0.000039, label=0, PDG=78/190, XFG=32
  node_add b=1 s=7: applied=1, nested=True, p=0.000077, flip=False, error=none
  node_add b=3 s=7: applied=3, nested=True, p=0.000077, flip=False, error=none
  node_add b=5 s=7: applied=5, nested=True, p=0.000077, flip=False, error=none
  node_add b=1 s=17: applied=1, nested=True, p=0.000077, flip=False, error=none
  node_add b=3 s=17: applied=3, nested=True, p=0.000077, flip=False, error=none
  node_add b=5 s=17: applied=5, nested=True, p=0.000077, flip=False, error=none
  node_add b=1 s=29: applied=1, nested=True, p=0.000077, flip=False, error=none
  node_add b=3 s=29: applied=3, nested=True, p=0.000077, flip=False, error=none
  node_add b=5 s=29: applied=5, nested=True, p=0.000077, flip=False, error=none
  node_add b=1 s=42: applied=1, nested=True, p=0.000077, flip=False, error=none
  node_add b=3 s=42: applied=3, nested=True, p=0.000077, flip=False, error=none
  node_add b=5 s=42: applied=5, nested=True, p=0.014406, flip=False, error=none
  node_add b=1 s=61: applied=1, nested=True, p=0.000077, flip=False, error=none
  node_add b=3 s=61: applied=3, nested=True, p=0.000077, flip=False, error=none
  node_add b=5 s=61: applied=5, nested=True, p=0.000077, flip=False, error=none
  node_add b=1 s=73: applied=1, nested=True, p=0.000077, flip=False, error=none
  node_add b=3 s=73: applied=3, nested=True, p=0.000077, flip=False, error=none
  node_add b=5 s=73: applied=5, nested=True, p=0.000077, flip=False, error=none
  node_add b=1 s=89: applied=1, nested=True, p=0.000077, flip=False, error=none
  node_add b=3 s=89: applied=3, nested=True, p=0.000077, flip=False, error=none
  node_add b=5 s=89: applied=5, nested=True, p=0.000077, flip=False, error=none
  node_add b=1 s=101: applied=1, nested=True, p=0.000077, flip=False, error=none
  node_add b=3 s=101: applied=3, nested=True, p=0.000077, flip=False, error=none
  node_add b=5 s=101: applied=5, nested=True, p=0.000077, flip=False, error=none
  node_add b=1 s=137: applied=1, nested=True, p=0.000077, flip=False, error=none
  node_add b=3 s=137: applied=3, nested=True, p=0.000077, flip=False, error=none
  node_add b=5 s=137: applied=5, nested=True, p=0.000077, flip=False, error=none
  node_add b=1 s=2026: applied=1, nested=True, p=0.000077, flip=False, error=none
  node_add b=3 s=2026: applied=3, nested=True, p=0.000077, flip=False, error=none
  node_add b=5 s=2026: applied=5, nested=True, p=0.000077, flip=False, error=none
  node_delete b=1 s=7: applied=1, nested=True, p=0.000077, flip=False, error=none
  node_delete b=3 s=7: applied=3, nested=True, p=0.000077, flip=False, error=none
  node_delete b=5 s=7: applied=5, nested=True, p=0.000004, flip=False, error=none
  node_delete b=1 s=17: applied=1, nested=True, p=0.000077, flip=False, error=none
  node_delete b=3 s=17: applied=3, nested=True, p=0.000077, flip=False, error=none
  node_delete b=5 s=17: applied=5, nested=True, p=0.000077, flip=False, error=none
  node_delete b=1 s=29: applied=1, nested=True, p=0.000077, flip=False, error=none
  node_delete b=3 s=29: applied=3, nested=True, p=0.000077, flip=False, error=none
  node_delete b=5 s=29: applied=5, nested=True, p=0.000077, flip=False, error=none
  node_delete b=1 s=42: applied=1, nested=True, p=0.000077, flip=False, error=none
  node_delete b=3 s=42: applied=3, nested=True, p=0.000077, flip=False, error=none
  node_delete b=5 s=42: applied=5, nested=True, p=0.000077, flip=False, error=none
  node_delete b=1 s=61: applied=1, nested=True, p=0.000077, flip=False, error=none
  node_delete b=3 s=61: applied=3, nested=True, p=0.000077, flip=False, error=none
  node_delete b=5 s=61: applied=5, nested=True, p=0.000077, flip=False, error=none
  node_delete b=1 s=73: applied=1, nested=True, p=0.000077, flip=False, error=none
  node_delete b=3 s=73: applied=3, nested=True, p=0.000077, flip=False, error=none
  node_delete b=5 s=73: applied=5, nested=True, p=0.000077, flip=False, error=none
  node_delete b=1 s=89: applied=1, nested=True, p=0.000077, flip=False, error=none
  node_delete b=3 s=89: applied=3, nested=True, p=0.004112, flip=False, error=none
  node_delete b=5 s=89: applied=5, nested=True, p=0.004112, flip=False, error=none
  node_delete b=1 s=101: applied=1, nested=True, p=0.000077, flip=False, error=none
  node_delete b=3 s=101: applied=3, nested=True, p=0.000077, flip=False, error=none
  node_delete b=5 s=101: applied=5, nested=True, p=0.000077, flip=False, error=none
  node_delete b=1 s=137: applied=1, nested=True, p=0.000077, flip=False, error=none
  node_delete b=3 s=137: applied=3, nested=True, p=0.000077, flip=False, error=none
  node_delete b=5 s=137: applied=5, nested=True, p=0.000077, flip=False, error=none
  node_delete b=1 s=2026: applied=1, nested=True, p=0.000077, flip=False, error=none
  node_delete b=3 s=2026: applied=3, nested=True, p=0.000077, flip=False, error=none
  node_delete b=5 s=2026: applied=5, nested=True, p=0.000077, flip=False, error=none
  node_attribute_modify b=1 s=7: applied=1, nested=True, p=0.000077, flip=False, error=none
  node_attribute_modify b=3 s=7: applied=3, nested=True, p=0.000077, flip=False, error=none
  node_attribute_modify b=5 s=7: applied=5, nested=True, p=0.000077, flip=False, error=none
  node_attribute_modify b=1 s=17: applied=1, nested=True, p=0.000077, flip=False, error=none
  node_attribute_modify b=3 s=17: applied=3, nested=True, p=0.000077, flip=False, error=none
  node_attribute_modify b=5 s=17: applied=5, nested=True, p=0.000077, flip=False, error=none
  node_attribute_modify b=1 s=29: applied=1, nested=True, p=0.000077, flip=False, error=none
  node_attribute_modify b=3 s=29: applied=3, nested=True, p=0.000077, flip=False, error=none
  node_attribute_modify b=5 s=29: applied=5, nested=True, p=0.000077, flip=False, error=none
  node_attribute_modify b=1 s=42: applied=1, nested=True, p=0.000077, flip=False, error=none
  node_attribute_modify b=3 s=42: applied=3, nested=True, p=0.000077, flip=False, error=none
  node_attribute_modify b=5 s=42: applied=5, nested=True, p=0.000077, flip=False, error=none
  node_attribute_modify b=1 s=61: applied=1, nested=True, p=0.000077, flip=False, error=none
  node_attribute_modify b=3 s=61: applied=3, nested=True, p=0.000077, flip=False, error=none
  node_attribute_modify b=5 s=61: applied=5, nested=True, p=0.000077, flip=False, error=none
  node_attribute_modify b=1 s=73: applied=1, nested=True, p=0.000077, flip=False, error=none
  node_attribute_modify b=3 s=73: applied=3, nested=True, p=0.000077, flip=False, error=none
  node_attribute_modify b=5 s=73: applied=5, nested=True, p=0.000077, flip=False, error=none
  node_attribute_modify b=1 s=89: applied=1, nested=True, p=0.000077, flip=False, error=none
  node_attribute_modify b=3 s=89: applied=3, nested=True, p=0.000077, flip=False, error=none
  node_attribute_modify b=5 s=89: applied=5, nested=True, p=0.000077, flip=False, error=none
  node_attribute_modify b=1 s=101: applied=1, nested=True, p=0.000077, flip=False, error=none
  node_attribute_modify b=3 s=101: applied=3, nested=True, p=0.000001, flip=False, error=none
  node_attribute_modify b=5 s=101: applied=5, nested=True, p=0.000001, flip=False, error=none
  node_attribute_modify b=1 s=137: applied=1, nested=True, p=0.000077, flip=False, error=none
  node_attribute_modify b=3 s=137: applied=3, nested=True, p=0.000077, flip=False, error=none
  node_attribute_modify b=5 s=137: applied=5, nested=True, p=0.000014, flip=False, error=none
  node_attribute_modify b=1 s=2026: applied=1, nested=True, p=0.000077, flip=False, error=none
  node_attribute_modify b=3 s=2026: applied=3, nested=True, p=0.000077, flip=False, error=none
  node_attribute_modify b=5 s=2026: applied=5, nested=True, p=0.000077, flip=False, error=none
  edge_add b=1 s=7: applied=1, nested=True, p=0.000077, flip=False, error=none
  edge_add b=3 s=7: applied=3, nested=True, p=0.000077, flip=False, error=none
  edge_add b=5 s=7: applied=5, nested=True, p=0.000077, flip=False, error=none
  edge_add b=1 s=17: applied=1, nested=True, p=0.000044, flip=False, error=none
  edge_add b=3 s=17: applied=3, nested=True, p=0.000044, flip=False, error=none
  edge_add b=5 s=17: applied=5, nested=True, p=0.000269, flip=False, error=none
  edge_add b=1 s=29: applied=1, nested=True, p=0.000049, flip=False, error=none
  edge_add b=3 s=29: applied=3, nested=True, p=0.000057, flip=False, error=none
  edge_add b=5 s=29: applied=5, nested=True, p=0.000049, flip=False, error=none
  edge_add b=1 s=42: applied=1, nested=True, p=0.000077, flip=False, error=none
  edge_add b=3 s=42: applied=3, nested=True, p=0.000120, flip=False, error=none
  edge_add b=5 s=42: applied=5, nested=True, p=0.000120, flip=False, error=none
  edge_add b=1 s=61: applied=1, nested=True, p=0.000257, flip=False, error=none
  edge_add b=3 s=61: applied=3, nested=True, p=0.000257, flip=False, error=none
  edge_add b=5 s=61: applied=5, nested=True, p=0.000285, flip=False, error=none
  edge_add b=1 s=73: applied=1, nested=True, p=0.000077, flip=False, error=none
  edge_add b=3 s=73: applied=3, nested=True, p=0.000077, flip=False, error=none
  edge_add b=5 s=73: applied=5, nested=True, p=0.000071, flip=False, error=none
  edge_add b=1 s=89: applied=1, nested=True, p=0.000077, flip=False, error=none
  edge_add b=3 s=89: applied=3, nested=True, p=0.000107, flip=False, error=none
  edge_add b=5 s=89: applied=5, nested=True, p=0.000245, flip=False, error=none
  edge_add b=1 s=101: applied=1, nested=True, p=0.000088, flip=False, error=none
  edge_add b=3 s=101: applied=3, nested=True, p=0.000049, flip=False, error=none
  edge_add b=5 s=101: applied=5, nested=True, p=0.000057, flip=False, error=none
  edge_add b=1 s=137: applied=1, nested=True, p=0.000077, flip=False, error=none
  edge_add b=3 s=137: applied=3, nested=True, p=0.000077, flip=False, error=none
  edge_add b=5 s=137: applied=5, nested=True, p=0.000077, flip=False, error=none
  edge_add b=1 s=2026: applied=1, nested=True, p=0.000077, flip=False, error=none
  edge_add b=3 s=2026: applied=3, nested=True, p=0.000077, flip=False, error=none
  edge_add b=5 s=2026: applied=5, nested=True, p=0.000077, flip=False, error=none
  edge_delete b=1 s=7: applied=1, nested=True, p=0.000077, flip=False, error=none
  edge_delete b=3 s=7: applied=3, nested=True, p=0.000077, flip=False, error=none
  edge_delete b=5 s=7: applied=5, nested=True, p=0.000059, flip=False, error=none
  edge_delete b=1 s=17: applied=1, nested=True, p=0.000039, flip=False, error=none
  edge_delete b=3 s=17: applied=3, nested=True, p=0.000039, flip=False, error=none
  edge_delete b=5 s=17: applied=5, nested=True, p=0.000040, flip=False, error=none
  edge_delete b=1 s=29: applied=1, nested=True, p=0.000066, flip=False, error=none
  edge_delete b=3 s=29: applied=3, nested=True, p=0.000066, flip=False, error=none
  edge_delete b=5 s=29: applied=5, nested=True, p=0.000066, flip=False, error=none
  edge_delete b=1 s=42: applied=1, nested=True, p=0.000077, flip=False, error=none
  edge_delete b=3 s=42: applied=3, nested=True, p=0.000077, flip=False, error=none
  edge_delete b=5 s=42: applied=5, nested=True, p=0.000058, flip=False, error=none
  edge_delete b=1 s=61: applied=1, nested=True, p=0.000077, flip=False, error=none
  edge_delete b=3 s=61: applied=3, nested=True, p=0.000077, flip=False, error=none
  edge_delete b=5 s=61: applied=5, nested=True, p=0.000077, flip=False, error=none
  edge_delete b=1 s=73: applied=1, nested=True, p=0.000053, flip=False, error=none
  edge_delete b=3 s=73: applied=3, nested=True, p=0.000053, flip=False, error=none
  edge_delete b=5 s=73: applied=5, nested=True, p=0.000053, flip=False, error=none
  edge_delete b=1 s=89: applied=1, nested=True, p=0.000077, flip=False, error=none
  edge_delete b=3 s=89: applied=3, nested=True, p=0.000077, flip=False, error=none
  edge_delete b=5 s=89: applied=5, nested=True, p=0.000077, flip=False, error=none
  edge_delete b=1 s=101: applied=1, nested=True, p=0.000077, flip=False, error=none
  edge_delete b=3 s=101: applied=3, nested=True, p=0.000491, flip=False, error=none
  edge_delete b=5 s=101: applied=5, nested=True, p=0.000491, flip=False, error=none
  edge_delete b=1 s=137: applied=1, nested=True, p=0.000077, flip=False, error=none
  edge_delete b=3 s=137: applied=3, nested=True, p=0.000077, flip=False, error=none
  edge_delete b=5 s=137: applied=5, nested=True, p=0.000077, flip=False, error=none
  edge_delete b=1 s=2026: applied=1, nested=True, p=0.000039, flip=False, error=none
  edge_delete b=3 s=2026: applied=3, nested=True, p=0.000039, flip=False, error=none
  edge_delete b=5 s=2026: applied=5, nested=True, p=0.000039, flip=False, error=none
  edge_reconnect b=1 s=7: applied=1, nested=True, p=0.000077, flip=False, error=none
  edge_reconnect b=3 s=7: applied=3, nested=True, p=0.000100, flip=False, error=none
  edge_reconnect b=5 s=7: applied=5, nested=True, p=0.000076, flip=False, error=none
  edge_reconnect b=1 s=17: applied=1, nested=True, p=0.000077, flip=False, error=none
  edge_reconnect b=3 s=17: applied=3, nested=True, p=0.000081, flip=False, error=none
  edge_reconnect b=5 s=17: applied=5, nested=True, p=0.000077, flip=False, error=none
  edge_reconnect b=1 s=29: applied=1, nested=True, p=0.000039, flip=False, error=none
  edge_reconnect b=3 s=29: applied=3, nested=True, p=0.000039, flip=False, error=none
  edge_reconnect b=5 s=29: applied=5, nested=True, p=0.000039, flip=False, error=none
  edge_reconnect b=1 s=42: applied=1, nested=True, p=0.000039, flip=False, error=none
  edge_reconnect b=3 s=42: applied=3, nested=True, p=0.000039, flip=False, error=none
  edge_reconnect b=5 s=42: applied=5, nested=True, p=0.000039, flip=False, error=none
  edge_reconnect b=1 s=61: applied=1, nested=True, p=0.000077, flip=False, error=none
  edge_reconnect b=3 s=61: applied=3, nested=True, p=0.000830, flip=False, error=none
  edge_reconnect b=5 s=61: applied=5, nested=True, p=0.001147, flip=False, error=none
  edge_reconnect b=1 s=73: applied=1, nested=True, p=0.000077, flip=False, error=none
  edge_reconnect b=3 s=73: applied=3, nested=True, p=0.000077, flip=False, error=none
  edge_reconnect b=5 s=73: applied=5, nested=True, p=0.000067, flip=False, error=none
  edge_reconnect b=1 s=89: applied=1, nested=True, p=0.000077, flip=False, error=none
  edge_reconnect b=3 s=89: applied=3, nested=True, p=0.000039, flip=False, error=none
  edge_reconnect b=5 s=89: applied=5, nested=True, p=0.000039, flip=False, error=none
  edge_reconnect b=1 s=101: applied=1, nested=True, p=0.000077, flip=False, error=none
  edge_reconnect b=3 s=101: applied=3, nested=True, p=0.000110, flip=False, error=none
  edge_reconnect b=5 s=101: applied=5, nested=True, p=0.000110, flip=False, error=none
  edge_reconnect b=1 s=137: applied=1, nested=True, p=0.000077, flip=False, error=none
  edge_reconnect b=3 s=137: applied=3, nested=True, p=0.000077, flip=False, error=none
  edge_reconnect b=5 s=137: applied=5, nested=True, p=0.000081, flip=False, error=none
  edge_reconnect b=1 s=2026: applied=1, nested=True, p=0.000077, flip=False, error=none
  edge_reconnect b=3 s=2026: applied=3, nested=True, p=0.000077, flip=False, error=none
  edge_reconnect b=5 s=2026: applied=5, nested=True, p=0.000077, flip=False, error=none
[42/60] devign__02_vulnerable_static_int_tight_compress_data: baseline p=0.000000, label=0, PDG=24/54, XFG=21
  node_add b=1 s=7: applied=1, nested=True, p=0.000000, flip=False, error=none
  node_add b=3 s=7: applied=3, nested=True, p=0.000000, flip=False, error=none
  node_add b=5 s=7: applied=5, nested=True, p=0.000000, flip=False, error=none
  node_add b=1 s=17: applied=1, nested=True, p=0.000000, flip=False, error=none
  node_add b=3 s=17: applied=3, nested=True, p=0.000000, flip=False, error=none
  node_add b=5 s=17: applied=5, nested=True, p=0.000000, flip=False, error=none
  node_add b=1 s=29: applied=1, nested=True, p=0.000000, flip=False, error=none
  node_add b=3 s=29: applied=3, nested=True, p=0.000000, flip=False, error=none
  node_add b=5 s=29: applied=5, nested=True, p=0.000000, flip=False, error=none
  node_add b=1 s=42: applied=1, nested=True, p=0.000000, flip=False, error=none
  node_add b=3 s=42: applied=3, nested=True, p=0.000000, flip=False, error=none
  node_add b=5 s=42: applied=5, nested=True, p=0.000000, flip=False, error=none
  node_add b=1 s=61: applied=1, nested=True, p=0.000000, flip=False, error=none
  node_add b=3 s=61: applied=3, nested=True, p=0.000000, flip=False, error=none
  node_add b=5 s=61: applied=5, nested=True, p=0.000000, flip=False, error=none
  node_add b=1 s=73: applied=1, nested=True, p=0.000000, flip=False, error=none
  node_add b=3 s=73: applied=3, nested=True, p=0.000000, flip=False, error=none
  node_add b=5 s=73: applied=5, nested=True, p=0.000000, flip=False, error=none
  node_add b=1 s=89: applied=1, nested=True, p=0.000000, flip=False, error=none
  node_add b=3 s=89: applied=3, nested=True, p=0.000000, flip=False, error=none
  node_add b=5 s=89: applied=5, nested=True, p=0.000000, flip=False, error=none
  node_add b=1 s=101: applied=1, nested=True, p=0.000000, flip=False, error=none
  node_add b=3 s=101: applied=3, nested=True, p=0.000000, flip=False, error=none
  node_add b=5 s=101: applied=5, nested=True, p=0.000000, flip=False, error=none
  node_add b=1 s=137: applied=1, nested=True, p=0.000000, flip=False, error=none
  node_add b=3 s=137: applied=3, nested=True, p=0.000000, flip=False, error=none
  node_add b=5 s=137: applied=5, nested=True, p=0.000000, flip=False, error=none
  node_add b=1 s=2026: applied=1, nested=True, p=0.000000, flip=False, error=none
  node_add b=3 s=2026: applied=3, nested=True, p=0.000000, flip=False, error=none
  node_add b=5 s=2026: applied=5, nested=True, p=0.000000, flip=False, error=none
  node_delete b=1 s=7: applied=1, nested=True, p=0.000000, flip=False, error=none
  node_delete b=3 s=7: applied=3, nested=True, p=0.000000, flip=False, error=none
  node_delete b=5 s=7: applied=5, nested=True, p=0.000000, flip=False, error=none
  node_delete b=1 s=17: applied=1, nested=True, p=0.000000, flip=False, error=none
  node_delete b=3 s=17: applied=3, nested=True, p=0.000000, flip=False, error=none
  node_delete b=5 s=17: applied=5, nested=True, p=0.000000, flip=False, error=none
  node_delete b=1 s=29: applied=1, nested=True, p=0.000000, flip=False, error=none
  node_delete b=3 s=29: applied=3, nested=True, p=0.000000, flip=False, error=none
  node_delete b=5 s=29: applied=5, nested=True, p=0.000000, flip=False, error=none
  node_delete b=1 s=42: applied=1, nested=True, p=0.000000, flip=False, error=none
  node_delete b=3 s=42: applied=3, nested=True, p=0.000065, flip=False, error=none
  node_delete b=5 s=42: applied=5, nested=True, p=0.000065, flip=False, error=none
  node_delete b=1 s=61: applied=1, nested=True, p=0.000100, flip=False, error=none
  node_delete b=3 s=61: applied=3, nested=True, p=0.000000, flip=False, error=none
  node_delete b=5 s=61: applied=5, nested=True, p=0.000000, flip=False, error=none
  node_delete b=1 s=73: applied=1, nested=True, p=0.000000, flip=False, error=none
  node_delete b=3 s=73: applied=3, nested=True, p=0.000000, flip=False, error=none
  node_delete b=5 s=73: applied=5, nested=True, p=0.000000, flip=False, error=none
  node_delete b=1 s=89: applied=1, nested=True, p=0.000000, flip=False, error=none
  node_delete b=3 s=89: applied=3, nested=True, p=0.000000, flip=False, error=none
  node_delete b=5 s=89: applied=5, nested=True, p=0.000000, flip=False, error=none
  node_delete b=1 s=101: applied=1, nested=True, p=0.000000, flip=False, error=none
  node_delete b=3 s=101: applied=3, nested=True, p=0.000000, flip=False, error=none
  node_delete b=5 s=101: applied=5, nested=True, p=0.000002, flip=False, error=none
  node_delete b=1 s=137: applied=1, nested=True, p=0.000000, flip=False, error=none
  node_delete b=3 s=137: applied=3, nested=True, p=0.000000, flip=False, error=none
  node_delete b=5 s=137: applied=5, nested=True, p=0.000000, flip=False, error=none
  node_delete b=1 s=2026: applied=1, nested=True, p=0.000000, flip=False, error=none
  node_delete b=3 s=2026: applied=3, nested=True, p=0.000000, flip=False, error=none
  node_delete b=5 s=2026: applied=5, nested=True, p=0.000065, flip=False, error=none
  node_attribute_modify b=1 s=7: applied=1, nested=True, p=0.000000, flip=False, error=none
  node_attribute_modify b=3 s=7: applied=3, nested=True, p=0.000000, flip=False, error=none
  node_attribute_modify b=5 s=7: applied=5, nested=True, p=0.000000, flip=False, error=none
  node_attribute_modify b=1 s=17: applied=1, nested=True, p=0.000000, flip=False, error=none
  node_attribute_modify b=3 s=17: applied=3, nested=True, p=0.000000, flip=False, error=none
  node_attribute_modify b=5 s=17: applied=5, nested=True, p=0.000000, flip=False, error=none
  node_attribute_modify b=1 s=29: applied=1, nested=True, p=0.000000, flip=False, error=none
  node_attribute_modify b=3 s=29: applied=3, nested=True, p=0.000000, flip=False, error=none
  node_attribute_modify b=5 s=29: applied=5, nested=True, p=0.000000, flip=False, error=none
  node_attribute_modify b=1 s=42: applied=1, nested=True, p=0.000008, flip=False, error=none
  node_attribute_modify b=3 s=42: applied=3, nested=True, p=0.000009, flip=False, error=none
  node_attribute_modify b=5 s=42: applied=5, nested=True, p=0.122695, flip=False, error=none
  node_attribute_modify b=1 s=61: applied=1, nested=True, p=0.000000, flip=False, error=none
  node_attribute_modify b=3 s=61: applied=3, nested=True, p=0.000000, flip=False, error=none
  node_attribute_modify b=5 s=61: applied=5, nested=True, p=0.000000, flip=False, error=none
  node_attribute_modify b=1 s=73: applied=1, nested=True, p=0.000000, flip=False, error=none
  node_attribute_modify b=3 s=73: applied=3, nested=True, p=0.000000, flip=False, error=none
  node_attribute_modify b=5 s=73: applied=5, nested=True, p=0.000000, flip=False, error=none
  node_attribute_modify b=1 s=89: applied=1, nested=True, p=0.000000, flip=False, error=none
  node_attribute_modify b=3 s=89: applied=3, nested=True, p=0.000000, flip=False, error=none
  node_attribute_modify b=5 s=89: applied=5, nested=True, p=0.000000, flip=False, error=none
  node_attribute_modify b=1 s=101: applied=1, nested=True, p=0.000000, flip=False, error=none
  node_attribute_modify b=3 s=101: applied=3, nested=True, p=0.000000, flip=False, error=none
  node_attribute_modify b=5 s=101: applied=5, nested=True, p=0.000000, flip=False, error=none
  node_attribute_modify b=1 s=137: applied=1, nested=True, p=0.000000, flip=False, error=none
  node_attribute_modify b=3 s=137: applied=3, nested=True, p=0.000000, flip=False, error=none
  node_attribute_modify b=5 s=137: applied=5, nested=True, p=0.000000, flip=False, error=none
  node_attribute_modify b=1 s=2026: applied=1, nested=True, p=0.000000, flip=False, error=none
  node_attribute_modify b=3 s=2026: applied=3, nested=True, p=0.000000, flip=False, error=none
  node_attribute_modify b=5 s=2026: applied=5, nested=True, p=0.000000, flip=False, error=none
  edge_add b=1 s=7: applied=1, nested=True, p=0.000000, flip=False, error=none
  edge_add b=3 s=7: applied=3, nested=True, p=0.000009, flip=False, error=none
  edge_add b=5 s=7: applied=5, nested=True, p=0.000009, flip=False, error=none
  edge_add b=1 s=17: applied=1, nested=True, p=0.000000, flip=False, error=none
  edge_add b=3 s=17: applied=3, nested=True, p=0.000000, flip=False, error=none
  edge_add b=5 s=17: applied=5, nested=True, p=0.000000, flip=False, error=none
  edge_add b=1 s=29: applied=1, nested=True, p=0.000000, flip=False, error=none
  edge_add b=3 s=29: applied=3, nested=True, p=0.000000, flip=False, error=none
  edge_add b=5 s=29: applied=5, nested=True, p=0.000000, flip=False, error=none
  edge_add b=1 s=42: applied=1, nested=True, p=0.000000, flip=False, error=none
  edge_add b=3 s=42: applied=3, nested=True, p=0.000000, flip=False, error=none
  edge_add b=5 s=42: applied=5, nested=True, p=0.000000, flip=False, error=none
  edge_add b=1 s=61: applied=1, nested=True, p=0.000000, flip=False, error=none
  edge_add b=3 s=61: applied=3, nested=True, p=0.000000, flip=False, error=none
  edge_add b=5 s=61: applied=5, nested=True, p=0.000000, flip=False, error=none
  edge_add b=1 s=73: applied=1, nested=True, p=0.000000, flip=False, error=none
  edge_add b=3 s=73: applied=3, nested=True, p=0.000000, flip=False, error=none
  edge_add b=5 s=73: applied=5, nested=True, p=0.000000, flip=False, error=none
  edge_add b=1 s=89: applied=1, nested=True, p=0.000000, flip=False, error=none
  edge_add b=3 s=89: applied=3, nested=True, p=0.000000, flip=False, error=none
  edge_add b=5 s=89: applied=5, nested=True, p=0.000000, flip=False, error=none
  edge_add b=1 s=101: applied=1, nested=True, p=0.000000, flip=False, error=none
  edge_add b=3 s=101: applied=3, nested=True, p=0.000000, flip=False, error=none
  edge_add b=5 s=101: applied=5, nested=True, p=0.000000, flip=False, error=none
  edge_add b=1 s=137: applied=1, nested=True, p=0.000000, flip=False, error=none
  edge_add b=3 s=137: applied=3, nested=True, p=0.000000, flip=False, error=none
  edge_add b=5 s=137: applied=5, nested=True, p=0.000005, flip=False, error=none
  edge_add b=1 s=2026: applied=1, nested=True, p=0.000000, flip=False, error=none
  edge_add b=3 s=2026: applied=3, nested=True, p=0.000000, flip=False, error=none
  edge_add b=5 s=2026: applied=5, nested=True, p=0.000000, flip=False, error=none
  edge_delete b=1 s=7: applied=1, nested=True, p=0.000000, flip=False, error=none
  edge_delete b=3 s=7: applied=3, nested=True, p=0.000000, flip=False, error=none
  edge_delete b=5 s=7: applied=5, nested=True, p=0.000000, flip=False, error=none
  edge_delete b=1 s=17: applied=1, nested=True, p=0.000000, flip=False, error=none
  edge_delete b=3 s=17: applied=3, nested=True, p=0.000000, flip=False, error=none
  edge_delete b=5 s=17: applied=5, nested=True, p=0.000000, flip=False, error=none
  edge_delete b=1 s=29: applied=1, nested=True, p=0.000000, flip=False, error=none
  edge_delete b=3 s=29: applied=3, nested=True, p=0.000000, flip=False, error=none
  edge_delete b=5 s=29: applied=5, nested=True, p=0.000000, flip=False, error=none
  edge_delete b=1 s=42: applied=1, nested=True, p=0.000000, flip=False, error=none
  edge_delete b=3 s=42: applied=3, nested=True, p=0.000000, flip=False, error=none
  edge_delete b=5 s=42: applied=5, nested=True, p=0.000000, flip=False, error=none
  edge_delete b=1 s=61: applied=1, nested=True, p=0.000000, flip=False, error=none
  edge_delete b=3 s=61: applied=3, nested=True, p=0.000000, flip=False, error=none
  edge_delete b=5 s=61: applied=5, nested=True, p=0.000000, flip=False, error=none
  edge_delete b=1 s=73: applied=1, nested=True, p=0.000000, flip=False, error=none
  edge_delete b=3 s=73: applied=3, nested=True, p=0.000000, flip=False, error=none
  edge_delete b=5 s=73: applied=5, nested=True, p=0.000000, flip=False, error=none
  edge_delete b=1 s=89: applied=1, nested=True, p=0.000000, flip=False, error=none
  edge_delete b=3 s=89: applied=3, nested=True, p=0.000000, flip=False, error=none
  edge_delete b=5 s=89: applied=5, nested=True, p=0.000000, flip=False, error=none
  edge_delete b=1 s=101: applied=1, nested=True, p=0.000000, flip=False, error=none
  edge_delete b=3 s=101: applied=3, nested=True, p=0.000000, flip=False, error=none
  edge_delete b=5 s=101: applied=5, nested=True, p=0.000000, flip=False, error=none
  edge_delete b=1 s=137: applied=1, nested=True, p=0.000000, flip=False, error=none
  edge_delete b=3 s=137: applied=3, nested=True, p=0.000000, flip=False, error=none
  edge_delete b=5 s=137: applied=5, nested=True, p=0.000000, flip=False, error=none
  edge_delete b=1 s=2026: applied=1, nested=True, p=0.000000, flip=False, error=none
  edge_delete b=3 s=2026: applied=3, nested=True, p=0.000000, flip=False, error=none
  edge_delete b=5 s=2026: applied=5, nested=True, p=0.000000, flip=False, error=none
  edge_reconnect b=1 s=7: applied=1, nested=True, p=0.000000, flip=False, error=none
  edge_reconnect b=3 s=7: applied=3, nested=True, p=0.000000, flip=False, error=none
  edge_reconnect b=5 s=7: applied=5, nested=True, p=0.000001, flip=False, error=none
  edge_reconnect b=1 s=17: applied=1, nested=True, p=0.000000, flip=False, error=none
  edge_reconnect b=3 s=17: applied=3, nested=True, p=0.000000, flip=False, error=none
  edge_reconnect b=5 s=17: applied=5, nested=True, p=0.000000, flip=False, error=none
  edge_reconnect b=1 s=29: applied=1, nested=True, p=0.000000, flip=False, error=none
  edge_reconnect b=3 s=29: applied=3, nested=True, p=0.000000, flip=False, error=none
  edge_reconnect b=5 s=29: applied=5, nested=True, p=0.000000, flip=False, error=none
  edge_reconnect b=1 s=42: applied=1, nested=True, p=0.000000, flip=False, error=none
  edge_reconnect b=3 s=42: applied=3, nested=True, p=0.000000, flip=False, error=none
  edge_reconnect b=5 s=42: applied=5, nested=True, p=0.000000, flip=False, error=none
  edge_reconnect b=1 s=61: applied=1, nested=True, p=0.000000, flip=False, error=none
  edge_reconnect b=3 s=61: applied=3, nested=True, p=0.000000, flip=False, error=none
  edge_reconnect b=5 s=61: applied=5, nested=True, p=0.000000, flip=False, error=none
  edge_reconnect b=1 s=73: applied=1, nested=True, p=0.000000, flip=False, error=none
  edge_reconnect b=3 s=73: applied=3, nested=True, p=0.000000, flip=False, error=none
  edge_reconnect b=5 s=73: applied=5, nested=True, p=0.000000, flip=False, error=none
  edge_reconnect b=1 s=89: applied=1, nested=True, p=0.000000, flip=False, error=none
  edge_reconnect b=3 s=89: applied=3, nested=True, p=0.000000, flip=False, error=none
  edge_reconnect b=5 s=89: applied=5, nested=True, p=0.000000, flip=False, error=none
  edge_reconnect b=1 s=101: applied=1, nested=True, p=0.000000, flip=False, error=none
  edge_reconnect b=3 s=101: applied=3, nested=True, p=0.000000, flip=False, error=none
  edge_reconnect b=5 s=101: applied=5, nested=True, p=0.000000, flip=False, error=none
  edge_reconnect b=1 s=137: applied=1, nested=True, p=0.000002, flip=False, error=none
  edge_reconnect b=3 s=137: applied=3, nested=True, p=0.000000, flip=False, error=none
  edge_reconnect b=5 s=137: applied=5, nested=True, p=0.000000, flip=False, error=none
  edge_reconnect b=1 s=2026: applied=1, nested=True, p=0.000000, flip=False, error=none
  edge_reconnect b=3 s=2026: applied=3, nested=True, p=0.000000, flip=False, error=none
  edge_reconnect b=5 s=2026: applied=5, nested=True, p=0.000000, flip=False, error=none
[43/60] devign__03_vulnerable_void_ff_insert_pad: baseline p=0.000257, label=0, PDG=14/36, XFG=13
  node_add b=1 s=7: applied=1, nested=True, p=0.000257, flip=False, error=none
  node_add b=3 s=7: applied=3, nested=True, p=0.002242, flip=False, error=none
  node_add b=5 s=7: applied=5, nested=True, p=0.002242, flip=False, error=none
  node_add b=1 s=17: applied=1, nested=True, p=0.367759, flip=False, error=none
  node_add b=3 s=17: applied=3, nested=True, p=0.357792, flip=False, error=none
  node_add b=5 s=17: applied=5, nested=True, p=0.357792, flip=False, error=none
  node_add b=1 s=29: applied=1, nested=True, p=0.367759, flip=False, error=none
  node_add b=3 s=29: applied=3, nested=True, p=0.364663, flip=False, error=none
  node_add b=5 s=29: applied=5, nested=True, p=0.360248, flip=False, error=none
  node_add b=1 s=42: applied=1, nested=True, p=0.000257, flip=False, error=none
  node_add b=3 s=42: applied=3, nested=True, p=0.000257, flip=False, error=none
  node_add b=5 s=42: applied=5, nested=True, p=0.337696, flip=False, error=none
  node_add b=1 s=61: applied=1, nested=True, p=0.000257, flip=False, error=none
  node_add b=3 s=61: applied=3, nested=True, p=0.000257, flip=False, error=none
  node_add b=5 s=61: applied=5, nested=True, p=0.000257, flip=False, error=none
  node_add b=1 s=73: applied=1, nested=True, p=0.000041, flip=False, error=none
  node_add b=3 s=73: applied=3, nested=True, p=0.000125, flip=False, error=none
  node_add b=5 s=73: applied=5, nested=True, p=0.005019, flip=False, error=none
  node_add b=1 s=89: applied=1, nested=True, p=0.000257, flip=False, error=none
  node_add b=3 s=89: applied=3, nested=True, p=0.364663, flip=False, error=none
  node_add b=5 s=89: applied=5, nested=True, p=0.026766, flip=False, error=none
  node_add b=1 s=101: applied=1, nested=True, p=0.000257, flip=False, error=none
  node_add b=3 s=101: applied=3, nested=True, p=0.017686, flip=False, error=none
  node_add b=5 s=101: applied=5, nested=True, p=0.017686, flip=False, error=none
  node_add b=1 s=137: applied=1, nested=True, p=0.000257, flip=False, error=none
  node_add b=3 s=137: applied=3, nested=True, p=0.017686, flip=False, error=none
  node_add b=5 s=137: applied=5, nested=True, p=0.017686, flip=False, error=none
  node_add b=1 s=2026: applied=1, nested=True, p=0.000257, flip=False, error=none
  node_add b=3 s=2026: applied=3, nested=True, p=0.000257, flip=False, error=none
  node_add b=5 s=2026: applied=5, nested=True, p=0.000257, flip=False, error=none
  node_delete b=1 s=7: applied=1, nested=True, p=0.213341, flip=False, error=none
  node_delete b=3 s=7: applied=3, nested=True, p=0.911664, flip=True, error=none
  node_delete b=5 s=7: applied=5, nested=True, p=0.911664, flip=True, error=none
  node_delete b=1 s=17: applied=1, nested=True, p=0.009094, flip=False, error=none
  node_delete b=3 s=17: applied=3, nested=True, p=0.953256, flip=True, error=none
  node_delete b=5 s=17: applied=5, nested=True, p=0.911664, flip=True, error=none
  node_delete b=1 s=29: applied=1, nested=True, p=0.009094, flip=False, error=none
  node_delete b=3 s=29: applied=3, nested=True, p=0.213341, flip=False, error=none
  node_delete b=5 s=29: applied=5, nested=True, p=0.911664, flip=True, error=none
  node_delete b=1 s=42: applied=1, nested=True, p=0.000257, flip=False, error=none
  node_delete b=3 s=42: applied=3, nested=True, p=0.009094, flip=False, error=none
  node_delete b=5 s=42: applied=5, nested=True, p=0.911664, flip=True, error=none
  node_delete b=1 s=61: applied=1, nested=True, p=0.927611, flip=True, error=none
  node_delete b=3 s=61: applied=3, nested=True, p=0.953256, flip=True, error=none
  node_delete b=5 s=61: applied=5, nested=True, p=0.911664, flip=True, error=none
  node_delete b=1 s=73: applied=1, nested=True, p=0.213341, flip=False, error=none
  node_delete b=3 s=73: applied=3, nested=True, p=0.213341, flip=False, error=none
  node_delete b=5 s=73: applied=5, nested=True, p=0.911664, flip=True, error=none
  node_delete b=1 s=89: applied=1, nested=True, p=0.000257, flip=False, error=none
  node_delete b=3 s=89: applied=3, nested=True, p=0.927611, flip=True, error=none
  node_delete b=5 s=89: applied=5, nested=True, p=0.911664, flip=True, error=none
  node_delete b=1 s=101: applied=1, nested=True, p=0.009094, flip=False, error=none
  node_delete b=3 s=101: applied=3, nested=True, p=0.953256, flip=True, error=none
  node_delete b=5 s=101: applied=5, nested=True, p=0.911664, flip=True, error=none
  node_delete b=1 s=137: applied=1, nested=True, p=0.000257, flip=False, error=none
  node_delete b=3 s=137: applied=3, nested=True, p=0.911664, flip=True, error=none
  node_delete b=5 s=137: applied=5, nested=True, p=0.911664, flip=True, error=none
  node_delete b=1 s=2026: applied=1, nested=True, p=0.000257, flip=False, error=none
  node_delete b=3 s=2026: applied=3, nested=True, p=0.953256, flip=True, error=none
  node_delete b=5 s=2026: applied=5, nested=True, p=0.911664, flip=True, error=none
  node_attribute_modify b=1 s=7: applied=1, nested=True, p=0.306403, flip=False, error=none
  node_attribute_modify b=3 s=7: applied=3, nested=True, p=0.335627, flip=False, error=none
  node_attribute_modify b=5 s=7: applied=5, nested=True, p=0.738990, flip=True, error=none
  node_attribute_modify b=1 s=17: applied=1, nested=True, p=0.000496, flip=False, error=none
  node_attribute_modify b=3 s=17: applied=3, nested=True, p=0.243803, flip=False, error=none
  node_attribute_modify b=5 s=17: applied=5, nested=True, p=0.285722, flip=False, error=none
  node_attribute_modify b=1 s=29: applied=1, nested=True, p=0.000257, flip=False, error=none
  node_attribute_modify b=3 s=29: applied=3, nested=True, p=0.692179, flip=True, error=none
  node_attribute_modify b=5 s=29: applied=5, nested=True, p=0.709155, flip=True, error=none
  node_attribute_modify b=1 s=42: applied=1, nested=True, p=0.000257, flip=False, error=none
  node_attribute_modify b=3 s=42: applied=3, nested=True, p=0.639600, flip=True, error=none
  node_attribute_modify b=5 s=42: applied=5, nested=True, p=0.713747, flip=True, error=none
  node_attribute_modify b=1 s=61: applied=1, nested=True, p=0.000817, flip=False, error=none
  node_attribute_modify b=3 s=61: applied=3, nested=True, p=0.074789, flip=False, error=none
  node_attribute_modify b=5 s=61: applied=5, nested=True, p=0.074789, flip=False, error=none
  node_attribute_modify b=1 s=73: applied=1, nested=True, p=0.000001, flip=False, error=none
  node_attribute_modify b=3 s=73: applied=3, nested=True, p=0.399617, flip=False, error=none
  node_attribute_modify b=5 s=73: applied=5, nested=True, p=0.243803, flip=False, error=none
  node_attribute_modify b=1 s=89: applied=1, nested=True, p=0.000257, flip=False, error=none
  node_attribute_modify b=3 s=89: applied=3, nested=True, p=0.885699, flip=True, error=none
  node_attribute_modify b=5 s=89: applied=5, nested=True, p=0.742866, flip=True, error=none
  node_attribute_modify b=1 s=101: applied=1, nested=True, p=0.000257, flip=False, error=none
  node_attribute_modify b=3 s=101: applied=3, nested=True, p=0.592102, flip=True, error=none
  node_attribute_modify b=5 s=101: applied=5, nested=True, p=0.014382, flip=False, error=none
  node_attribute_modify b=1 s=137: applied=1, nested=True, p=0.000257, flip=False, error=none
  node_attribute_modify b=3 s=137: applied=3, nested=True, p=0.014834, flip=False, error=none
  node_attribute_modify b=5 s=137: applied=5, nested=True, p=0.014834, flip=False, error=none
  node_attribute_modify b=1 s=2026: applied=1, nested=True, p=0.000257, flip=False, error=none
  node_attribute_modify b=3 s=2026: applied=3, nested=True, p=0.225805, flip=False, error=none
  node_attribute_modify b=5 s=2026: applied=5, nested=True, p=0.241954, flip=False, error=none
  edge_add b=1 s=7: applied=1, nested=True, p=0.000077, flip=False, error=none
  edge_add b=3 s=7: applied=3, nested=True, p=0.000906, flip=False, error=none
  edge_add b=5 s=7: applied=5, nested=True, p=0.083547, flip=False, error=none
  edge_add b=1 s=17: applied=1, nested=True, p=0.011505, flip=False, error=none
  edge_add b=3 s=17: applied=3, nested=True, p=0.005443, flip=False, error=none
  edge_add b=5 s=17: applied=5, nested=True, p=0.007379, flip=False, error=none
  edge_add b=1 s=29: applied=1, nested=True, p=0.001554, flip=False, error=none
  edge_add b=3 s=29: applied=3, nested=True, p=0.034470, flip=False, error=none
  edge_add b=5 s=29: applied=5, nested=True, p=0.034255, flip=False, error=none
  edge_add b=1 s=42: applied=1, nested=True, p=0.001318, flip=False, error=none
  edge_add b=3 s=42: applied=3, nested=True, p=0.001765, flip=False, error=none
  edge_add b=5 s=42: applied=5, nested=True, p=0.001593, flip=False, error=none
  edge_add b=1 s=61: applied=1, nested=True, p=0.000055, flip=False, error=none
  edge_add b=3 s=61: applied=3, nested=True, p=0.000938, flip=False, error=none
  edge_add b=5 s=61: applied=5, nested=True, p=0.018302, flip=False, error=none
  edge_add b=1 s=73: applied=1, nested=True, p=0.000230, flip=False, error=none
  edge_add b=3 s=73: applied=3, nested=True, p=0.000016, flip=False, error=none
  edge_add b=5 s=73: applied=5, nested=True, p=0.000651, flip=False, error=none
  edge_add b=1 s=89: applied=1, nested=True, p=0.001254, flip=False, error=none
  edge_add b=3 s=89: applied=3, nested=True, p=0.000943, flip=False, error=none
  edge_add b=5 s=89: applied=5, nested=True, p=0.005471, flip=False, error=none
  edge_add b=1 s=101: applied=1, nested=True, p=0.000666, flip=False, error=none
  edge_add b=3 s=101: applied=3, nested=True, p=0.014904, flip=False, error=none
  edge_add b=5 s=101: applied=5, nested=True, p=0.019344, flip=False, error=none
  edge_add b=1 s=137: applied=1, nested=True, p=0.000257, flip=False, error=none
  edge_add b=3 s=137: applied=3, nested=True, p=0.000750, flip=False, error=none
  edge_add b=5 s=137: applied=5, nested=True, p=0.000750, flip=False, error=none
  edge_add b=1 s=2026: applied=1, nested=True, p=0.000257, flip=False, error=none
  edge_add b=3 s=2026: applied=3, nested=True, p=0.000053, flip=False, error=none
  edge_add b=5 s=2026: applied=5, nested=True, p=0.000089, flip=False, error=none
  edge_delete b=1 s=7: applied=1, nested=True, p=0.000257, flip=False, error=none
  edge_delete b=3 s=7: applied=3, nested=True, p=0.000257, flip=False, error=none
  edge_delete b=5 s=7: applied=5, nested=True, p=0.001376, flip=False, error=none
  edge_delete b=1 s=17: applied=1, nested=True, p=0.000257, flip=False, error=none
  edge_delete b=3 s=17: applied=3, nested=True, p=0.011925, flip=False, error=none
  edge_delete b=5 s=17: applied=5, nested=True, p=0.251434, flip=False, error=none
  edge_delete b=1 s=29: applied=1, nested=True, p=0.001405, flip=False, error=none
  edge_delete b=3 s=29: applied=3, nested=True, p=0.953256, flip=True, error=none
  edge_delete b=5 s=29: applied=5, nested=True, p=0.953256, flip=True, error=none
  edge_delete b=1 s=42: applied=1, nested=True, p=0.000257, flip=False, error=none
  edge_delete b=3 s=42: applied=3, nested=True, p=0.002312, flip=False, error=none
  edge_delete b=5 s=42: applied=5, nested=True, p=0.000257, flip=False, error=none
  edge_delete b=1 s=61: applied=1, nested=True, p=0.003315, flip=False, error=none
  edge_delete b=3 s=61: applied=3, nested=True, p=0.016312, flip=False, error=none
  edge_delete b=5 s=61: applied=5, nested=True, p=0.016312, flip=False, error=none
  edge_delete b=1 s=73: applied=1, nested=True, p=0.000257, flip=False, error=none
  edge_delete b=3 s=73: applied=3, nested=True, p=0.011612, flip=False, error=none
  edge_delete b=5 s=73: applied=5, nested=True, p=0.030057, flip=False, error=none
  edge_delete b=1 s=89: applied=1, nested=True, p=0.000257, flip=False, error=none
  edge_delete b=3 s=89: applied=3, nested=True, p=0.000257, flip=False, error=none
  edge_delete b=5 s=89: applied=5, nested=True, p=0.228114, flip=False, error=none
  edge_delete b=1 s=101: applied=1, nested=True, p=0.213341, flip=False, error=none
  edge_delete b=3 s=101: applied=3, nested=True, p=0.824186, flip=True, error=none
  edge_delete b=5 s=101: applied=5, nested=True, p=0.824186, flip=True, error=none
  edge_delete b=1 s=137: applied=1, nested=True, p=0.000257, flip=False, error=none
  edge_delete b=3 s=137: applied=3, nested=True, p=0.213341, flip=False, error=none
  edge_delete b=5 s=137: applied=5, nested=True, p=0.213341, flip=False, error=none
  edge_delete b=1 s=2026: applied=1, nested=True, p=0.000257, flip=False, error=none
  edge_delete b=3 s=2026: applied=3, nested=True, p=0.011612, flip=False, error=none
  edge_delete b=5 s=2026: applied=5, nested=True, p=0.001496, flip=False, error=none
  edge_reconnect b=1 s=7: applied=1, nested=True, p=0.013712, flip=False, error=none
  edge_reconnect b=3 s=7: applied=3, nested=True, p=0.099173, flip=False, error=none
  edge_reconnect b=5 s=7: applied=5, nested=True, p=0.267365, flip=False, error=none
  edge_reconnect b=1 s=17: applied=1, nested=True, p=0.000432, flip=False, error=none
  edge_reconnect b=3 s=17: applied=3, nested=True, p=0.000066, flip=False, error=none
  edge_reconnect b=5 s=17: applied=5, nested=True, p=0.000580, flip=False, error=none
  edge_reconnect b=1 s=29: applied=1, nested=True, p=0.006010, flip=False, error=none
  edge_reconnect b=3 s=29: applied=3, nested=True, p=0.004862, flip=False, error=none
  edge_reconnect b=5 s=29: applied=5, nested=True, p=0.006310, flip=False, error=none
  edge_reconnect b=1 s=42: applied=1, nested=True, p=0.000257, flip=False, error=none
  edge_reconnect b=3 s=42: applied=3, nested=True, p=0.005453, flip=False, error=none
  edge_reconnect b=5 s=42: applied=5, nested=True, p=0.005453, flip=False, error=none
  edge_reconnect b=1 s=61: applied=1, nested=True, p=0.000257, flip=False, error=none
  edge_reconnect b=3 s=61: applied=3, nested=True, p=0.004022, flip=False, error=none
  edge_reconnect b=5 s=61: applied=5, nested=True, p=0.004022, flip=False, error=none
  edge_reconnect b=1 s=73: applied=1, nested=True, p=0.000257, flip=False, error=none
  edge_reconnect b=3 s=73: applied=3, nested=True, p=0.001332, flip=False, error=none
  edge_reconnect b=5 s=73: applied=5, nested=True, p=0.000386, flip=False, error=none
  edge_reconnect b=1 s=89: applied=1, nested=True, p=0.056321, flip=False, error=none
  edge_reconnect b=3 s=89: applied=3, nested=True, p=0.069689, flip=False, error=none
  edge_reconnect b=5 s=89: applied=5, nested=True, p=0.005761, flip=False, error=none
  edge_reconnect b=1 s=101: applied=1, nested=True, p=0.000257, flip=False, error=none
  edge_reconnect b=3 s=101: applied=3, nested=True, p=0.000236, flip=False, error=none
  edge_reconnect b=5 s=101: applied=5, nested=True, p=0.000206, flip=False, error=none
  edge_reconnect b=1 s=137: applied=1, nested=True, p=0.009533, flip=False, error=none
  edge_reconnect b=3 s=137: applied=3, nested=True, p=0.066882, flip=False, error=none
  edge_reconnect b=5 s=137: applied=5, nested=True, p=0.052850, flip=False, error=none
  edge_reconnect b=1 s=2026: applied=1, nested=True, p=0.000257, flip=False, error=none
  edge_reconnect b=3 s=2026: applied=3, nested=True, p=0.000257, flip=False, error=none
  edge_reconnect b=5 s=2026: applied=5, nested=True, p=0.000049, flip=False, error=none
[44/60] devign__04_non_vulnerable_static_av_always_inline_int_dnxhd_de: baseline p=0.077849, label=0, PDG=67/160, XFG=49
  node_add b=1 s=7: applied=1, nested=True, p=0.016552, flip=False, error=none
  node_add b=3 s=7: applied=3, nested=True, p=0.016552, flip=False, error=none
  node_add b=5 s=7: applied=5, nested=True, p=0.016552, flip=False, error=none
  node_add b=1 s=17: applied=1, nested=True, p=0.077849, flip=False, error=none
  node_add b=3 s=17: applied=3, nested=True, p=0.016564, flip=False, error=none
  node_add b=5 s=17: applied=5, nested=True, p=0.016552, flip=False, error=none
  node_add b=1 s=29: applied=1, nested=True, p=0.077849, flip=False, error=none
  node_add b=3 s=29: applied=3, nested=True, p=0.038579, flip=False, error=none
  node_add b=5 s=29: applied=5, nested=True, p=0.038579, flip=False, error=none
  node_add b=1 s=42: applied=1, nested=True, p=0.077849, flip=False, error=none
  node_add b=3 s=42: applied=3, nested=True, p=0.077849, flip=False, error=none
  node_add b=5 s=42: applied=5, nested=True, p=0.016552, flip=False, error=none
  node_add b=1 s=61: applied=1, nested=True, p=0.077849, flip=False, error=none
  node_add b=3 s=61: applied=3, nested=True, p=0.077849, flip=False, error=none
  node_add b=5 s=61: applied=5, nested=True, p=0.016552, flip=False, error=none
  node_add b=1 s=73: applied=1, nested=True, p=0.077849, flip=False, error=none
  node_add b=3 s=73: applied=3, nested=True, p=0.077849, flip=False, error=none
  node_add b=5 s=73: applied=5, nested=True, p=0.077849, flip=False, error=none
  node_add b=1 s=89: applied=1, nested=True, p=0.077849, flip=False, error=none
  node_add b=3 s=89: applied=3, nested=True, p=0.077849, flip=False, error=none
  node_add b=5 s=89: applied=5, nested=True, p=0.016552, flip=False, error=none
  node_add b=1 s=101: applied=1, nested=True, p=0.077849, flip=False, error=none
  node_add b=3 s=101: applied=3, nested=True, p=0.077849, flip=False, error=none
  node_add b=5 s=101: applied=5, nested=True, p=0.077849, flip=False, error=none
  node_add b=1 s=137: applied=1, nested=True, p=0.077849, flip=False, error=none
  node_add b=3 s=137: applied=3, nested=True, p=0.077849, flip=False, error=none
  node_add b=5 s=137: applied=5, nested=True, p=0.016552, flip=False, error=none
  node_add b=1 s=2026: applied=1, nested=True, p=0.077849, flip=False, error=none
  node_add b=3 s=2026: applied=3, nested=True, p=0.016552, flip=False, error=none
  node_add b=5 s=2026: applied=5, nested=True, p=0.016552, flip=False, error=none
  node_delete b=1 s=7: applied=1, nested=True, p=0.077849, flip=False, error=none
  node_delete b=3 s=7: applied=3, nested=True, p=0.018859, flip=False, error=none
  node_delete b=5 s=7: applied=5, nested=True, p=0.018859, flip=False, error=none
  node_delete b=1 s=17: applied=1, nested=True, p=0.264342, flip=False, error=none
  node_delete b=3 s=17: applied=3, nested=True, p=0.017759, flip=False, error=none
  node_delete b=5 s=17: applied=5, nested=True, p=0.075371, flip=False, error=none
  node_delete b=1 s=29: applied=1, nested=True, p=0.077849, flip=False, error=none
  node_delete b=3 s=29: applied=3, nested=True, p=0.131660, flip=False, error=none
  node_delete b=5 s=29: applied=5, nested=True, p=0.131660, flip=False, error=none
  node_delete b=1 s=42: applied=1, nested=True, p=0.077849, flip=False, error=none
  node_delete b=3 s=42: applied=3, nested=True, p=0.077849, flip=False, error=none
  node_delete b=5 s=42: applied=5, nested=True, p=0.055614, flip=False, error=none
  node_delete b=1 s=61: applied=1, nested=True, p=0.295363, flip=False, error=none
  node_delete b=3 s=61: applied=3, nested=True, p=0.295363, flip=False, error=none
  node_delete b=5 s=61: applied=5, nested=True, p=0.538870, flip=True, error=none
  node_delete b=1 s=73: applied=1, nested=True, p=0.005175, flip=False, error=none
  node_delete b=3 s=73: applied=3, nested=True, p=0.005175, flip=False, error=none
  node_delete b=5 s=73: applied=5, nested=True, p=0.004343, flip=False, error=none
  node_delete b=1 s=89: applied=1, nested=True, p=0.077849, flip=False, error=none
  node_delete b=3 s=89: applied=3, nested=True, p=0.055614, flip=False, error=none
  node_delete b=5 s=89: applied=5, nested=True, p=0.023176, flip=False, error=none
  node_delete b=1 s=101: applied=1, nested=True, p=0.077849, flip=False, error=none
  node_delete b=3 s=101: applied=3, nested=True, p=0.046504, flip=False, error=none
  node_delete b=5 s=101: applied=5, nested=True, p=0.202862, flip=False, error=none
  node_delete b=1 s=137: applied=1, nested=True, p=0.077849, flip=False, error=none
  node_delete b=3 s=137: applied=3, nested=True, p=0.213826, flip=False, error=none
  node_delete b=5 s=137: applied=5, nested=True, p=0.461831, flip=False, error=none
  node_delete b=1 s=2026: applied=1, nested=True, p=0.077849, flip=False, error=none
  node_delete b=3 s=2026: applied=3, nested=True, p=0.077849, flip=False, error=none
  node_delete b=5 s=2026: applied=5, nested=True, p=0.077849, flip=False, error=none
  node_attribute_modify b=1 s=7: applied=1, nested=True, p=0.077849, flip=False, error=none
  node_attribute_modify b=3 s=7: applied=3, nested=True, p=0.026609, flip=False, error=none
  node_attribute_modify b=5 s=7: applied=5, nested=True, p=0.026609, flip=False, error=none
  node_attribute_modify b=1 s=17: applied=1, nested=True, p=0.008262, flip=False, error=none
  node_attribute_modify b=3 s=17: applied=3, nested=True, p=0.005175, flip=False, error=none
  node_attribute_modify b=5 s=17: applied=5, nested=True, p=0.005175, flip=False, error=none
  node_attribute_modify b=1 s=29: applied=1, nested=True, p=0.077849, flip=False, error=none
  node_attribute_modify b=3 s=29: applied=3, nested=True, p=0.077849, flip=False, error=none
  node_attribute_modify b=5 s=29: applied=5, nested=True, p=0.077849, flip=False, error=none
  node_attribute_modify b=1 s=42: applied=1, nested=True, p=0.077849, flip=False, error=none
  node_attribute_modify b=3 s=42: applied=3, nested=True, p=0.077849, flip=False, error=none
  node_attribute_modify b=5 s=42: applied=5, nested=True, p=0.050474, flip=False, error=none
  node_attribute_modify b=1 s=61: applied=1, nested=True, p=0.610853, flip=True, error=none
  node_attribute_modify b=3 s=61: applied=3, nested=True, p=0.610853, flip=True, error=none
  node_attribute_modify b=5 s=61: applied=5, nested=True, p=0.440568, flip=False, error=none
  node_attribute_modify b=1 s=73: applied=1, nested=True, p=0.005175, flip=False, error=none
  node_attribute_modify b=3 s=73: applied=3, nested=True, p=0.022481, flip=False, error=none
  node_attribute_modify b=5 s=73: applied=5, nested=True, p=0.022481, flip=False, error=none
  node_attribute_modify b=1 s=89: applied=1, nested=True, p=0.077849, flip=False, error=none
  node_attribute_modify b=3 s=89: applied=3, nested=True, p=0.077849, flip=False, error=none
  node_attribute_modify b=5 s=89: applied=5, nested=True, p=0.006921, flip=False, error=none
  node_attribute_modify b=1 s=101: applied=1, nested=True, p=0.077849, flip=False, error=none
  node_attribute_modify b=3 s=101: applied=3, nested=True, p=0.040619, flip=False, error=none
  node_attribute_modify b=5 s=101: applied=5, nested=True, p=0.264713, flip=False, error=none
  node_attribute_modify b=1 s=137: applied=1, nested=True, p=0.077849, flip=False, error=none
  node_attribute_modify b=3 s=137: applied=3, nested=True, p=0.041606, flip=False, error=none
  node_attribute_modify b=5 s=137: applied=5, nested=True, p=0.005175, flip=False, error=none
  node_attribute_modify b=1 s=2026: applied=1, nested=True, p=0.077849, flip=False, error=none
  node_attribute_modify b=3 s=2026: applied=3, nested=True, p=0.005175, flip=False, error=none
  node_attribute_modify b=5 s=2026: applied=5, nested=True, p=0.005175, flip=False, error=none
  edge_add b=1 s=7: applied=1, nested=True, p=0.016552, flip=False, error=none
  edge_add b=3 s=7: applied=3, nested=True, p=0.005248, flip=False, error=none
  edge_add b=5 s=7: applied=5, nested=True, p=0.005175, flip=False, error=none
  edge_add b=1 s=17: applied=1, nested=True, p=0.077849, flip=False, error=none
  edge_add b=3 s=17: applied=3, nested=True, p=0.008998, flip=False, error=none
  edge_add b=5 s=17: applied=5, nested=True, p=0.007802, flip=False, error=none
  edge_add b=1 s=29: applied=1, nested=True, p=0.077849, flip=False, error=none
  edge_add b=3 s=29: applied=3, nested=True, p=0.016552, flip=False, error=none
  edge_add b=5 s=29: applied=5, nested=True, p=0.020006, flip=False, error=none
  edge_add b=1 s=42: applied=1, nested=True, p=0.021558, flip=False, error=none
  edge_add b=3 s=42: applied=3, nested=True, p=0.021558, flip=False, error=none
  edge_add b=5 s=42: applied=5, nested=True, p=0.021558, flip=False, error=none
  edge_add b=1 s=61: applied=1, nested=True, p=0.077849, flip=False, error=none
  edge_add b=3 s=61: applied=3, nested=True, p=0.006260, flip=False, error=none
  edge_add b=5 s=61: applied=5, nested=True, p=0.005175, flip=False, error=none
  edge_add b=1 s=73: applied=1, nested=True, p=0.130076, flip=False, error=none
  edge_add b=3 s=73: applied=3, nested=True, p=0.121346, flip=False, error=none
  edge_add b=5 s=73: applied=5, nested=True, p=0.077849, flip=False, error=none
  edge_add b=1 s=89: applied=1, nested=True, p=0.077849, flip=False, error=none
  edge_add b=3 s=89: applied=3, nested=True, p=0.024212, flip=False, error=none
  edge_add b=5 s=89: applied=5, nested=True, p=0.148461, flip=False, error=none
  edge_add b=1 s=101: applied=1, nested=True, p=0.077849, flip=False, error=none
  edge_add b=3 s=101: applied=3, nested=True, p=0.077849, flip=False, error=none
  edge_add b=5 s=101: applied=5, nested=True, p=0.010033, flip=False, error=none
  edge_add b=1 s=137: applied=1, nested=True, p=0.077849, flip=False, error=none
  edge_add b=3 s=137: applied=3, nested=True, p=0.006260, flip=False, error=none
  edge_add b=5 s=137: applied=5, nested=True, p=0.005175, flip=False, error=none
  edge_add b=1 s=2026: applied=1, nested=True, p=0.077849, flip=False, error=none
  edge_add b=3 s=2026: applied=3, nested=True, p=0.030076, flip=False, error=none
  edge_add b=5 s=2026: applied=5, nested=True, p=0.030076, flip=False, error=none
  edge_delete b=1 s=7: applied=1, nested=True, p=0.064770, flip=False, error=none
  edge_delete b=3 s=7: applied=3, nested=True, p=0.063832, flip=False, error=none
  edge_delete b=5 s=7: applied=5, nested=True, p=0.063832, flip=False, error=none
  edge_delete b=1 s=17: applied=1, nested=True, p=0.077849, flip=False, error=none
  edge_delete b=3 s=17: applied=3, nested=True, p=0.068264, flip=False, error=none
  edge_delete b=5 s=17: applied=5, nested=True, p=0.053861, flip=False, error=none
  edge_delete b=1 s=29: applied=1, nested=True, p=0.077849, flip=False, error=none
  edge_delete b=3 s=29: applied=3, nested=True, p=0.077849, flip=False, error=none
  edge_delete b=5 s=29: applied=5, nested=True, p=0.077849, flip=False, error=none
  edge_delete b=1 s=42: applied=1, nested=True, p=0.077849, flip=False, error=none
  edge_delete b=3 s=42: applied=3, nested=True, p=0.077849, flip=False, error=none
  edge_delete b=5 s=42: applied=5, nested=True, p=0.077849, flip=False, error=none
  edge_delete b=1 s=61: applied=1, nested=True, p=0.077849, flip=False, error=none
  edge_delete b=3 s=61: applied=3, nested=True, p=0.057138, flip=False, error=none
  edge_delete b=5 s=61: applied=5, nested=True, p=0.097727, flip=False, error=none
  edge_delete b=1 s=73: applied=1, nested=True, p=0.077849, flip=False, error=none
  edge_delete b=3 s=73: applied=3, nested=True, p=0.077849, flip=False, error=none
  edge_delete b=5 s=73: applied=5, nested=True, p=0.077849, flip=False, error=none
  edge_delete b=1 s=89: applied=1, nested=True, p=0.077849, flip=False, error=none
  edge_delete b=3 s=89: applied=3, nested=True, p=0.077849, flip=False, error=none
  edge_delete b=5 s=89: applied=5, nested=True, p=0.068705, flip=False, error=none
  edge_delete b=1 s=101: applied=1, nested=True, p=0.077849, flip=False, error=none
  edge_delete b=3 s=101: applied=3, nested=True, p=0.045925, flip=False, error=none
  edge_delete b=5 s=101: applied=5, nested=True, p=0.073325, flip=False, error=none
  edge_delete b=1 s=137: applied=1, nested=True, p=0.077849, flip=False, error=none
  edge_delete b=3 s=137: applied=3, nested=True, p=0.078695, flip=False, error=none
  edge_delete b=5 s=137: applied=5, nested=True, p=0.028001, flip=False, error=none
  edge_delete b=1 s=2026: applied=1, nested=True, p=0.077849, flip=False, error=none
  edge_delete b=3 s=2026: applied=3, nested=True, p=0.064770, flip=False, error=none
  edge_delete b=5 s=2026: applied=5, nested=True, p=0.064770, flip=False, error=none
  edge_reconnect b=1 s=7: applied=1, nested=True, p=0.077849, flip=False, error=none
  edge_reconnect b=3 s=7: applied=3, nested=True, p=0.067049, flip=False, error=none
  edge_reconnect b=5 s=7: applied=5, nested=True, p=0.067049, flip=False, error=none
  edge_reconnect b=1 s=17: applied=1, nested=True, p=0.014639, flip=False, error=none
  edge_reconnect b=3 s=17: applied=3, nested=True, p=0.014639, flip=False, error=none
  edge_reconnect b=5 s=17: applied=5, nested=True, p=0.017408, flip=False, error=none
  edge_reconnect b=1 s=29: applied=1, nested=True, p=0.015485, flip=False, error=none
  edge_reconnect b=3 s=29: applied=3, nested=True, p=0.020010, flip=False, error=none
  edge_reconnect b=5 s=29: applied=5, nested=True, p=0.100415, flip=False, error=none
  edge_reconnect b=1 s=42: applied=1, nested=True, p=0.077849, flip=False, error=none
  edge_reconnect b=3 s=42: applied=3, nested=True, p=0.027235, flip=False, error=none
  edge_reconnect b=5 s=42: applied=5, nested=True, p=0.027235, flip=False, error=none
  edge_reconnect b=1 s=61: applied=1, nested=True, p=0.077849, flip=False, error=none
  edge_reconnect b=3 s=61: applied=3, nested=True, p=0.087464, flip=False, error=none
  edge_reconnect b=5 s=61: applied=5, nested=True, p=0.071607, flip=False, error=none
  edge_reconnect b=1 s=73: applied=1, nested=True, p=0.077849, flip=False, error=none
  edge_reconnect b=3 s=73: applied=3, nested=True, p=0.042819, flip=False, error=none
  edge_reconnect b=5 s=73: applied=5, nested=True, p=0.042819, flip=False, error=none
  edge_reconnect b=1 s=89: applied=1, nested=True, p=0.077849, flip=False, error=none
  edge_reconnect b=3 s=89: applied=3, nested=True, p=0.029792, flip=False, error=none
  edge_reconnect b=5 s=89: applied=5, nested=True, p=0.025286, flip=False, error=none
  edge_reconnect b=1 s=101: applied=1, nested=True, p=0.024863, flip=False, error=none
  edge_reconnect b=3 s=101: applied=3, nested=True, p=0.005175, flip=False, error=none
  edge_reconnect b=5 s=101: applied=5, nested=True, p=0.002304, flip=False, error=none
  edge_reconnect b=1 s=137: applied=1, nested=True, p=0.077849, flip=False, error=none
  edge_reconnect b=3 s=137: applied=3, nested=True, p=0.066212, flip=False, error=none
  edge_reconnect b=5 s=137: applied=5, nested=True, p=0.066212, flip=False, error=none
  edge_reconnect b=1 s=2026: applied=1, nested=True, p=0.077849, flip=False, error=none
  edge_reconnect b=3 s=2026: applied=3, nested=True, p=0.011224, flip=False, error=none
  edge_reconnect b=5 s=2026: applied=5, nested=True, p=0.011224, flip=False, error=none
[45/60] devign__05_non_vulnerable_static_int_slb_lookup: baseline p=1.000000, label=1, PDG=26/29, XFG=4
  node_add b=1 s=7: applied=1, nested=True, p=1.000000, flip=False, error=none
  node_add b=3 s=7: applied=3, nested=True, p=1.000000, flip=False, error=none
  node_add b=5 s=7: applied=5, nested=True, p=1.000000, flip=False, error=none
  node_add b=1 s=17: applied=1, nested=True, p=1.000000, flip=False, error=none
  node_add b=3 s=17: applied=3, nested=True, p=0.999998, flip=False, error=none
  node_add b=5 s=17: applied=5, nested=True, p=0.999998, flip=False, error=none
  node_add b=1 s=29: applied=1, nested=True, p=1.000000, flip=False, error=none
  node_add b=3 s=29: applied=3, nested=True, p=1.000000, flip=False, error=none
  node_add b=5 s=29: applied=5, nested=True, p=1.000000, flip=False, error=none
  node_add b=1 s=42: applied=1, nested=True, p=1.000000, flip=False, error=none
  node_add b=3 s=42: applied=3, nested=True, p=1.000000, flip=False, error=none
  node_add b=5 s=42: applied=5, nested=True, p=1.000000, flip=False, error=none
  node_add b=1 s=61: applied=1, nested=True, p=1.000000, flip=False, error=none
  node_add b=3 s=61: applied=3, nested=True, p=0.999923, flip=False, error=none
  node_add b=5 s=61: applied=5, nested=True, p=1.000000, flip=False, error=none
  node_add b=1 s=73: applied=1, nested=True, p=1.000000, flip=False, error=none
  node_add b=3 s=73: applied=3, nested=True, p=1.000000, flip=False, error=none
  node_add b=5 s=73: applied=5, nested=True, p=1.000000, flip=False, error=none
  node_add b=1 s=89: applied=1, nested=True, p=1.000000, flip=False, error=none
  node_add b=3 s=89: applied=3, nested=True, p=1.000000, flip=False, error=none
  node_add b=5 s=89: applied=5, nested=True, p=1.000000, flip=False, error=none
  node_add b=1 s=101: applied=1, nested=True, p=1.000000, flip=False, error=none
  node_add b=3 s=101: applied=3, nested=True, p=1.000000, flip=False, error=none
  node_add b=5 s=101: applied=5, nested=True, p=1.000000, flip=False, error=none
  node_add b=1 s=137: applied=1, nested=True, p=1.000000, flip=False, error=none
  node_add b=3 s=137: applied=3, nested=True, p=0.999979, flip=False, error=none
  node_add b=5 s=137: applied=5, nested=True, p=0.999951, flip=False, error=none
  node_add b=1 s=2026: applied=1, nested=True, p=1.000000, flip=False, error=none
  node_add b=3 s=2026: applied=3, nested=True, p=1.000000, flip=False, error=none
  node_add b=5 s=2026: applied=5, nested=True, p=1.000000, flip=False, error=none
  node_delete b=1 s=7: applied=1, nested=True, p=1.000000, flip=False, error=none
  node_delete b=3 s=7: applied=3, nested=True, p=0.999830, flip=False, error=none
  node_delete b=5 s=7: applied=5, nested=True, p=0.999830, flip=False, error=none
  node_delete b=1 s=17: applied=1, nested=True, p=1.000000, flip=False, error=none
  node_delete b=3 s=17: applied=3, nested=True, p=1.000000, flip=False, error=none
  node_delete b=5 s=17: applied=5, nested=True, p=1.000000, flip=False, error=none
  node_delete b=1 s=29: applied=1, nested=True, p=1.000000, flip=False, error=none
  node_delete b=3 s=29: applied=3, nested=True, p=1.000000, flip=False, error=none
  node_delete b=5 s=29: applied=5, nested=True, p=0.699435, flip=False, error=none
  node_delete b=1 s=42: applied=1, nested=True, p=1.000000, flip=False, error=none
  node_delete b=3 s=42: applied=3, nested=True, p=1.000000, flip=False, error=none
  node_delete b=5 s=42: applied=5, nested=True, p=1.000000, flip=False, error=none
  node_delete b=1 s=61: applied=1, nested=True, p=1.000000, flip=False, error=none
  node_delete b=3 s=61: applied=3, nested=True, p=1.000000, flip=False, error=none
  node_delete b=5 s=61: applied=5, nested=True, p=1.000000, flip=False, error=none
  node_delete b=1 s=73: applied=1, nested=True, p=1.000000, flip=False, error=none
  node_delete b=3 s=73: applied=3, nested=True, p=1.000000, flip=False, error=none
  node_delete b=5 s=73: applied=5, nested=True, p=0.723523, flip=False, error=none
  node_delete b=1 s=89: applied=1, nested=True, p=1.000000, flip=False, error=none
  node_delete b=3 s=89: applied=3, nested=True, p=1.000000, flip=False, error=none
  node_delete b=5 s=89: applied=5, nested=True, p=1.000000, flip=False, error=none
  node_delete b=1 s=101: applied=1, nested=True, p=1.000000, flip=False, error=none
  node_delete b=3 s=101: applied=3, nested=True, p=1.000000, flip=False, error=none
  node_delete b=5 s=101: applied=5, nested=True, p=1.000000, flip=False, error=none
  node_delete b=1 s=137: applied=1, nested=True, p=1.000000, flip=False, error=none
  node_delete b=3 s=137: applied=3, nested=True, p=1.000000, flip=False, error=none
  node_delete b=5 s=137: applied=5, nested=True, p=1.000000, flip=False, error=none
  node_delete b=1 s=2026: applied=1, nested=True, p=1.000000, flip=False, error=none
  node_delete b=3 s=2026: applied=3, nested=True, p=1.000000, flip=False, error=none
  node_delete b=5 s=2026: applied=5, nested=True, p=0.999830, flip=False, error=none
  node_attribute_modify b=1 s=7: applied=1, nested=True, p=1.000000, flip=False, error=none
  node_attribute_modify b=3 s=7: applied=3, nested=True, p=1.000000, flip=False, error=none
  node_attribute_modify b=5 s=7: applied=5, nested=True, p=1.000000, flip=False, error=none
  node_attribute_modify b=1 s=17: applied=1, nested=True, p=1.000000, flip=False, error=none
  node_attribute_modify b=3 s=17: applied=3, nested=True, p=1.000000, flip=False, error=none
  node_attribute_modify b=5 s=17: applied=5, nested=True, p=1.000000, flip=False, error=none
  node_attribute_modify b=1 s=29: applied=1, nested=True, p=0.905418, flip=False, error=none
  node_attribute_modify b=3 s=29: applied=3, nested=True, p=0.905418, flip=False, error=none
  node_attribute_modify b=5 s=29: applied=5, nested=True, p=0.905418, flip=False, error=none
  node_attribute_modify b=1 s=42: applied=1, nested=True, p=0.999370, flip=False, error=none
  node_attribute_modify b=3 s=42: applied=3, nested=True, p=0.999370, flip=False, error=none
  node_attribute_modify b=5 s=42: applied=5, nested=True, p=0.999370, flip=False, error=none
  node_attribute_modify b=1 s=61: applied=1, nested=True, p=1.000000, flip=False, error=none
  node_attribute_modify b=3 s=61: applied=3, nested=True, p=0.746191, flip=False, error=none
  node_attribute_modify b=5 s=61: applied=5, nested=True, p=0.827312, flip=False, error=none
  node_attribute_modify b=1 s=73: applied=1, nested=True, p=1.000000, flip=False, error=none
  node_attribute_modify b=3 s=73: applied=3, nested=True, p=1.000000, flip=False, error=none
  node_attribute_modify b=5 s=73: applied=5, nested=True, p=1.000000, flip=False, error=none
  node_attribute_modify b=1 s=89: applied=1, nested=True, p=1.000000, flip=False, error=none
  node_attribute_modify b=3 s=89: applied=3, nested=True, p=1.000000, flip=False, error=none
  node_attribute_modify b=5 s=89: applied=5, nested=True, p=1.000000, flip=False, error=none
  node_attribute_modify b=1 s=101: applied=1, nested=True, p=1.000000, flip=False, error=none
  node_attribute_modify b=3 s=101: applied=3, nested=True, p=0.999320, flip=False, error=none
  node_attribute_modify b=5 s=101: applied=5, nested=True, p=0.999320, flip=False, error=none
  node_attribute_modify b=1 s=137: applied=1, nested=True, p=1.000000, flip=False, error=none
  node_attribute_modify b=3 s=137: applied=3, nested=True, p=1.000000, flip=False, error=none
  node_attribute_modify b=5 s=137: applied=5, nested=True, p=1.000000, flip=False, error=none
  node_attribute_modify b=1 s=2026: applied=1, nested=True, p=0.999999, flip=False, error=none
  node_attribute_modify b=3 s=2026: applied=3, nested=True, p=0.999999, flip=False, error=none
  node_attribute_modify b=5 s=2026: applied=5, nested=True, p=0.999995, flip=False, error=none
  edge_add b=1 s=7: applied=1, nested=True, p=1.000000, flip=False, error=none
  edge_add b=3 s=7: applied=3, nested=True, p=1.000000, flip=False, error=none
  edge_add b=5 s=7: applied=5, nested=True, p=1.000000, flip=False, error=none
  edge_add b=1 s=17: applied=1, nested=True, p=1.000000, flip=False, error=none
  edge_add b=3 s=17: applied=3, nested=True, p=1.000000, flip=False, error=none
  edge_add b=5 s=17: applied=5, nested=True, p=1.000000, flip=False, error=none
  edge_add b=1 s=29: applied=1, nested=True, p=1.000000, flip=False, error=none
  edge_add b=3 s=29: applied=3, nested=True, p=0.999998, flip=False, error=none
  edge_add b=5 s=29: applied=5, nested=True, p=0.999999, flip=False, error=none
  edge_add b=1 s=42: applied=1, nested=True, p=0.514519, flip=False, error=none
  edge_add b=3 s=42: applied=3, nested=True, p=0.020917, flip=True, error=none
  edge_add b=5 s=42: applied=5, nested=True, p=0.000657, flip=True, error=none
  edge_add b=1 s=61: applied=1, nested=True, p=1.000000, flip=False, error=none
  edge_add b=3 s=61: applied=3, nested=True, p=0.996308, flip=False, error=none
  edge_add b=5 s=61: applied=5, nested=True, p=0.996308, flip=False, error=none
  edge_add b=1 s=73: applied=1, nested=True, p=0.999637, flip=False, error=none
  edge_add b=3 s=73: applied=3, nested=True, p=0.006778, flip=True, error=none
  edge_add b=5 s=73: applied=5, nested=True, p=0.001021, flip=True, error=none
  edge_add b=1 s=89: applied=1, nested=True, p=1.000000, flip=False, error=none
  edge_add b=3 s=89: applied=3, nested=True, p=1.000000, flip=False, error=none
  edge_add b=5 s=89: applied=5, nested=True, p=0.999998, flip=False, error=none
  edge_add b=1 s=101: applied=1, nested=True, p=1.000000, flip=False, error=none
  edge_add b=3 s=101: applied=3, nested=True, p=1.000000, flip=False, error=none
  edge_add b=5 s=101: applied=5, nested=True, p=1.000000, flip=False, error=none
  edge_add b=1 s=137: applied=1, nested=True, p=1.000000, flip=False, error=none
  edge_add b=3 s=137: applied=3, nested=True, p=0.985490, flip=False, error=none
  edge_add b=5 s=137: applied=5, nested=True, p=0.999622, flip=False, error=none
  edge_add b=1 s=2026: applied=1, nested=True, p=0.999311, flip=False, error=none
  edge_add b=3 s=2026: applied=3, nested=True, p=0.999311, flip=False, error=none
  edge_add b=5 s=2026: applied=5, nested=True, p=1.000000, flip=False, error=none
  edge_delete b=1 s=7: applied=1, nested=True, p=1.000000, flip=False, error=none
  edge_delete b=3 s=7: applied=3, nested=True, p=1.000000, flip=False, error=none
  edge_delete b=5 s=7: applied=5, nested=True, p=1.000000, flip=False, error=none
  edge_delete b=1 s=17: applied=1, nested=True, p=1.000000, flip=False, error=none
  edge_delete b=3 s=17: applied=3, nested=True, p=0.999830, flip=False, error=none
  edge_delete b=5 s=17: applied=5, nested=True, p=0.999830, flip=False, error=none
  edge_delete b=1 s=29: applied=1, nested=True, p=1.000000, flip=False, error=none
  edge_delete b=3 s=29: applied=3, nested=True, p=1.000000, flip=False, error=none
  edge_delete b=5 s=29: applied=5, nested=True, p=1.000000, flip=False, error=none
  edge_delete b=1 s=42: applied=1, nested=True, p=1.000000, flip=False, error=none
  edge_delete b=3 s=42: applied=3, nested=True, p=1.000000, flip=False, error=none
  edge_delete b=5 s=42: applied=5, nested=True, p=1.000000, flip=False, error=none
  edge_delete b=1 s=61: applied=1, nested=True, p=1.000000, flip=False, error=none
  edge_delete b=3 s=61: applied=3, nested=True, p=1.000000, flip=False, error=none
  edge_delete b=5 s=61: applied=5, nested=True, p=1.000000, flip=False, error=none
  edge_delete b=1 s=73: applied=1, nested=True, p=1.000000, flip=False, error=none
  edge_delete b=3 s=73: applied=3, nested=True, p=1.000000, flip=False, error=none
  edge_delete b=5 s=73: applied=5, nested=True, p=1.000000, flip=False, error=none
  edge_delete b=1 s=89: applied=1, nested=True, p=1.000000, flip=False, error=none
  edge_delete b=3 s=89: applied=3, nested=True, p=0.997707, flip=False, error=none
  edge_delete b=5 s=89: applied=5, nested=True, p=0.699435, flip=False, error=none
  edge_delete b=1 s=101: applied=1, nested=True, p=1.000000, flip=False, error=none
  edge_delete b=3 s=101: applied=3, nested=True, p=0.261575, flip=True, error=none
  edge_delete b=5 s=101: applied=5, nested=True, p=0.024442, flip=True, error=none
  edge_delete b=1 s=137: applied=1, nested=True, p=1.000000, flip=False, error=none
  edge_delete b=3 s=137: applied=3, nested=True, p=1.000000, flip=False, error=none
  edge_delete b=5 s=137: applied=5, nested=True, p=1.000000, flip=False, error=none
  edge_delete b=1 s=2026: applied=1, nested=True, p=1.000000, flip=False, error=none
  edge_delete b=3 s=2026: applied=3, nested=True, p=1.000000, flip=False, error=none
  edge_delete b=5 s=2026: applied=5, nested=True, p=1.000000, flip=False, error=none
  edge_reconnect b=1 s=7: applied=1, nested=True, p=1.000000, flip=False, error=none
  edge_reconnect b=3 s=7: applied=3, nested=True, p=1.000000, flip=False, error=none
  edge_reconnect b=5 s=7: applied=5, nested=True, p=1.000000, flip=False, error=none
  edge_reconnect b=1 s=17: applied=1, nested=True, p=1.000000, flip=False, error=none
  edge_reconnect b=3 s=17: applied=3, nested=True, p=1.000000, flip=False, error=none
  edge_reconnect b=5 s=17: applied=5, nested=True, p=1.000000, flip=False, error=none
  edge_reconnect b=1 s=29: applied=1, nested=True, p=0.028650, flip=True, error=none
  edge_reconnect b=3 s=29: applied=3, nested=True, p=0.875663, flip=False, error=none
  edge_reconnect b=5 s=29: applied=5, nested=True, p=0.875663, flip=False, error=none
  edge_reconnect b=1 s=42: applied=1, nested=True, p=1.000000, flip=False, error=none
  edge_reconnect b=3 s=42: applied=3, nested=True, p=1.000000, flip=False, error=none
  edge_reconnect b=5 s=42: applied=5, nested=True, p=1.000000, flip=False, error=none
  edge_reconnect b=1 s=61: applied=1, nested=True, p=0.997707, flip=False, error=none
  edge_reconnect b=3 s=61: applied=3, nested=True, p=0.031162, flip=True, error=none
  edge_reconnect b=5 s=61: applied=5, nested=True, p=0.036022, flip=True, error=none
  edge_reconnect b=1 s=73: applied=1, nested=True, p=1.000000, flip=False, error=none
  edge_reconnect b=3 s=73: applied=3, nested=True, p=1.000000, flip=False, error=none
  edge_reconnect b=5 s=73: applied=5, nested=True, p=0.347462, flip=True, error=none
  edge_reconnect b=1 s=89: applied=1, nested=True, p=1.000000, flip=False, error=none
  edge_reconnect b=3 s=89: applied=3, nested=True, p=1.000000, flip=False, error=none
  edge_reconnect b=5 s=89: applied=5, nested=True, p=0.999998, flip=False, error=none
  edge_reconnect b=1 s=101: applied=1, nested=True, p=1.000000, flip=False, error=none
  edge_reconnect b=3 s=101: applied=3, nested=True, p=0.999995, flip=False, error=none
  edge_reconnect b=5 s=101: applied=5, nested=True, p=0.999995, flip=False, error=none
  edge_reconnect b=1 s=137: applied=1, nested=True, p=1.000000, flip=False, error=none
  edge_reconnect b=3 s=137: applied=3, nested=True, p=1.000000, flip=False, error=none
  edge_reconnect b=5 s=137: applied=5, nested=True, p=1.000000, flip=False, error=none
  edge_reconnect b=1 s=2026: applied=1, nested=True, p=1.000000, flip=False, error=none
  edge_reconnect b=3 s=2026: applied=3, nested=True, p=1.000000, flip=False, error=none
  edge_reconnect b=5 s=2026: applied=5, nested=True, p=1.000000, flip=False, error=none
[46/60] devign__06_non_vulnerable_static_void_test_qemu_strtosz_units: baseline p=0.001614, label=0, PDG=25/24, XFG=8
  node_add b=1 s=7: applied=1, nested=True, p=0.003563, flip=False, error=none
  node_add b=3 s=7: applied=3, nested=True, p=0.003563, flip=False, error=none
  node_add b=5 s=7: applied=5, nested=True, p=0.003563, flip=False, error=none
  node_add b=1 s=17: applied=1, nested=True, p=0.001614, flip=False, error=none
  node_add b=3 s=17: applied=3, nested=True, p=0.001614, flip=False, error=none
  node_add b=5 s=17: applied=5, nested=True, p=0.003563, flip=False, error=none
  node_add b=1 s=29: applied=1, nested=True, p=0.001614, flip=False, error=none
  node_add b=3 s=29: applied=3, nested=True, p=0.003563, flip=False, error=none
  node_add b=5 s=29: applied=5, nested=True, p=0.001836, flip=False, error=none
  node_add b=1 s=42: applied=1, nested=True, p=0.001614, flip=False, error=none
  node_add b=3 s=42: applied=3, nested=True, p=0.001614, flip=False, error=none
  node_add b=5 s=42: applied=5, nested=True, p=0.003563, flip=False, error=none
  node_add b=1 s=61: applied=1, nested=True, p=0.001614, flip=False, error=none
  node_add b=3 s=61: applied=3, nested=True, p=0.003563, flip=False, error=none
  node_add b=5 s=61: applied=5, nested=True, p=0.003563, flip=False, error=none
  node_add b=1 s=73: applied=1, nested=True, p=0.003563, flip=False, error=none
  node_add b=3 s=73: applied=3, nested=True, p=0.003563, flip=False, error=none
  node_add b=5 s=73: applied=5, nested=True, p=0.003563, flip=False, error=none
  node_add b=1 s=89: applied=1, nested=True, p=0.001836, flip=False, error=none
  node_add b=3 s=89: applied=3, nested=True, p=0.001836, flip=False, error=none
  node_add b=5 s=89: applied=5, nested=True, p=0.003563, flip=False, error=none
  node_add b=1 s=101: applied=1, nested=True, p=0.001614, flip=False, error=none
  node_add b=3 s=101: applied=3, nested=True, p=0.001614, flip=False, error=none
  node_add b=5 s=101: applied=5, nested=True, p=0.003563, flip=False, error=none
  node_add b=1 s=137: applied=1, nested=True, p=0.001836, flip=False, error=none
  node_add b=3 s=137: applied=3, nested=True, p=0.003563, flip=False, error=none
  node_add b=5 s=137: applied=5, nested=True, p=0.003563, flip=False, error=none
  node_add b=1 s=2026: applied=1, nested=True, p=0.001614, flip=False, error=none
  node_add b=3 s=2026: applied=3, nested=True, p=0.003563, flip=False, error=none
  node_add b=5 s=2026: applied=5, nested=True, p=0.003563, flip=False, error=none
  node_delete b=1 s=7: applied=1, nested=True, p=0.001614, flip=False, error=none
  node_delete b=3 s=7: applied=3, nested=True, p=0.000029, flip=False, error=none
  node_delete b=5 s=7: applied=5, nested=True, p=0.000029, flip=False, error=none
  node_delete b=1 s=17: applied=1, nested=True, p=0.001614, flip=False, error=none
  node_delete b=3 s=17: applied=3, nested=True, p=0.001614, flip=False, error=none
  node_delete b=5 s=17: applied=5, nested=True, p=0.000029, flip=False, error=none
  node_delete b=1 s=29: applied=1, nested=True, p=0.001614, flip=False, error=none
  node_delete b=3 s=29: applied=3, nested=True, p=0.001614, flip=False, error=none
  node_delete b=5 s=29: applied=5, nested=True, p=0.001614, flip=False, error=none
  node_delete b=1 s=42: applied=1, nested=True, p=0.001614, flip=False, error=none
  node_delete b=3 s=42: applied=3, nested=True, p=0.001614, flip=False, error=none
  node_delete b=5 s=42: applied=5, nested=True, p=0.001614, flip=False, error=none
  node_delete b=1 s=61: applied=1, nested=True, p=0.001614, flip=False, error=none
  node_delete b=3 s=61: applied=3, nested=True, p=0.001614, flip=False, error=none
  node_delete b=5 s=61: applied=5, nested=True, p=0.001614, flip=False, error=none
  node_delete b=1 s=73: applied=1, nested=True, p=0.001614, flip=False, error=none
  node_delete b=3 s=73: applied=3, nested=True, p=0.001614, flip=False, error=none
  node_delete b=5 s=73: applied=5, nested=True, p=0.001614, flip=False, error=none
  node_delete b=1 s=89: applied=1, nested=True, p=0.001614, flip=False, error=none
  node_delete b=3 s=89: applied=3, nested=True, p=0.001614, flip=False, error=none
  node_delete b=5 s=89: applied=5, nested=True, p=0.001614, flip=False, error=none
  node_delete b=1 s=101: applied=1, nested=True, p=0.001614, flip=False, error=none
  node_delete b=3 s=101: applied=3, nested=True, p=0.001614, flip=False, error=none
  node_delete b=5 s=101: applied=5, nested=True, p=0.001614, flip=False, error=none
  node_delete b=1 s=137: applied=1, nested=True, p=0.001614, flip=False, error=none
  node_delete b=3 s=137: applied=3, nested=True, p=0.001614, flip=False, error=none
  node_delete b=5 s=137: applied=5, nested=True, p=0.000029, flip=False, error=none
  node_delete b=1 s=2026: applied=1, nested=True, p=0.001614, flip=False, error=none
  node_delete b=3 s=2026: applied=3, nested=True, p=0.001614, flip=False, error=none
  node_delete b=5 s=2026: applied=5, nested=True, p=0.001614, flip=False, error=none
  node_attribute_modify b=1 s=7: applied=1, nested=True, p=0.001614, flip=False, error=none
  node_attribute_modify b=3 s=7: applied=3, nested=True, p=0.001614, flip=False, error=none
  node_attribute_modify b=5 s=7: applied=5, nested=True, p=0.001614, flip=False, error=none
  node_attribute_modify b=1 s=17: applied=1, nested=True, p=0.001614, flip=False, error=none
  node_attribute_modify b=3 s=17: applied=3, nested=True, p=0.001614, flip=False, error=none
  node_attribute_modify b=5 s=17: applied=5, nested=True, p=0.001614, flip=False, error=none
  node_attribute_modify b=1 s=29: applied=1, nested=True, p=0.005726, flip=False, error=none
  node_attribute_modify b=3 s=29: applied=3, nested=True, p=0.103535, flip=False, error=none
  node_attribute_modify b=5 s=29: applied=5, nested=True, p=0.103535, flip=False, error=none
  node_attribute_modify b=1 s=42: applied=1, nested=True, p=0.001614, flip=False, error=none
  node_attribute_modify b=3 s=42: applied=3, nested=True, p=0.103535, flip=False, error=none
  node_attribute_modify b=5 s=42: applied=5, nested=True, p=0.103535, flip=False, error=none
  node_attribute_modify b=1 s=61: applied=1, nested=True, p=0.001614, flip=False, error=none
  node_attribute_modify b=3 s=61: applied=3, nested=True, p=0.001614, flip=False, error=none
  node_attribute_modify b=5 s=61: applied=5, nested=True, p=0.000000, flip=False, error=none
  node_attribute_modify b=1 s=73: applied=1, nested=True, p=0.005726, flip=False, error=none
  node_attribute_modify b=3 s=73: applied=3, nested=True, p=0.005726, flip=False, error=none
  node_attribute_modify b=5 s=73: applied=5, nested=True, p=0.005726, flip=False, error=none
  node_attribute_modify b=1 s=89: applied=1, nested=True, p=0.001614, flip=False, error=none
  node_attribute_modify b=3 s=89: applied=3, nested=True, p=0.001614, flip=False, error=none
  node_attribute_modify b=5 s=89: applied=5, nested=True, p=0.005726, flip=False, error=none
  node_attribute_modify b=1 s=101: applied=1, nested=True, p=0.001614, flip=False, error=none
  node_attribute_modify b=3 s=101: applied=3, nested=True, p=0.000313, flip=False, error=none
  node_attribute_modify b=5 s=101: applied=5, nested=True, p=0.000612, flip=False, error=none
  node_attribute_modify b=1 s=137: applied=1, nested=True, p=0.001614, flip=False, error=none
  node_attribute_modify b=3 s=137: applied=3, nested=True, p=0.001614, flip=False, error=none
  node_attribute_modify b=5 s=137: applied=5, nested=True, p=0.002461, flip=False, error=none
  node_attribute_modify b=1 s=2026: applied=1, nested=True, p=0.005726, flip=False, error=none
  node_attribute_modify b=3 s=2026: applied=3, nested=True, p=0.005726, flip=False, error=none
  node_attribute_modify b=5 s=2026: applied=5, nested=True, p=0.005726, flip=False, error=none
  edge_add b=1 s=7: applied=1, nested=True, p=0.010517, flip=False, error=none
  edge_add b=3 s=7: applied=3, nested=True, p=0.010517, flip=False, error=none
  edge_add b=5 s=7: applied=5, nested=True, p=0.018334, flip=False, error=none
  edge_add b=1 s=17: applied=1, nested=True, p=0.001614, flip=False, error=none
  edge_add b=3 s=17: applied=3, nested=True, p=0.001614, flip=False, error=none
  edge_add b=5 s=17: applied=5, nested=True, p=0.001614, flip=False, error=none
  edge_add b=1 s=29: applied=1, nested=True, p=0.001614, flip=False, error=none
  edge_add b=3 s=29: applied=3, nested=True, p=0.001614, flip=False, error=none
  edge_add b=5 s=29: applied=5, nested=True, p=0.001614, flip=False, error=none
  edge_add b=1 s=42: applied=1, nested=True, p=0.002069, flip=False, error=none
  edge_add b=3 s=42: applied=3, nested=True, p=0.001614, flip=False, error=none
  edge_add b=5 s=42: applied=5, nested=True, p=0.008291, flip=False, error=none
  edge_add b=1 s=61: applied=1, nested=True, p=0.001614, flip=False, error=none
  edge_add b=3 s=61: applied=3, nested=True, p=0.394287, flip=False, error=none
  edge_add b=5 s=61: applied=5, nested=True, p=0.199821, flip=False, error=none
  edge_add b=1 s=73: applied=1, nested=True, p=0.001614, flip=False, error=none
  edge_add b=3 s=73: applied=3, nested=True, p=0.012509, flip=False, error=none
  edge_add b=5 s=73: applied=5, nested=True, p=0.012509, flip=False, error=none
  edge_add b=1 s=89: applied=1, nested=True, p=0.001614, flip=False, error=none
  edge_add b=3 s=89: applied=3, nested=True, p=0.002062, flip=False, error=none
  edge_add b=5 s=89: applied=5, nested=True, p=0.010808, flip=False, error=none
  edge_add b=1 s=101: applied=1, nested=True, p=0.001614, flip=False, error=none
  edge_add b=3 s=101: applied=3, nested=True, p=0.001614, flip=False, error=none
  edge_add b=5 s=101: applied=5, nested=True, p=0.034368, flip=False, error=none
  edge_add b=1 s=137: applied=1, nested=True, p=0.001614, flip=False, error=none
  edge_add b=3 s=137: applied=3, nested=True, p=0.394287, flip=False, error=none
  edge_add b=5 s=137: applied=5, nested=True, p=0.411958, flip=False, error=none
  edge_add b=1 s=2026: applied=1, nested=True, p=0.385280, flip=False, error=none
  edge_add b=3 s=2026: applied=3, nested=True, p=0.208021, flip=False, error=none
  edge_add b=5 s=2026: applied=5, nested=True, p=0.156011, flip=False, error=none
  edge_delete b=1 s=7: applied=1, nested=True, p=0.001614, flip=False, error=none
  edge_delete b=3 s=7: applied=3, nested=True, p=0.001614, flip=False, error=none
  edge_delete b=5 s=7: applied=5, nested=True, p=0.001614, flip=False, error=none
  edge_delete b=1 s=17: applied=1, nested=True, p=0.001614, flip=False, error=none
  edge_delete b=3 s=17: applied=3, nested=True, p=0.001614, flip=False, error=none
  edge_delete b=5 s=17: applied=5, nested=True, p=0.001614, flip=False, error=none
  edge_delete b=1 s=29: applied=1, nested=True, p=0.001614, flip=False, error=none
  edge_delete b=3 s=29: applied=3, nested=True, p=0.001614, flip=False, error=none
  edge_delete b=5 s=29: applied=5, nested=True, p=0.001614, flip=False, error=none
  edge_delete b=1 s=42: applied=1, nested=True, p=0.001614, flip=False, error=none
  edge_delete b=3 s=42: applied=3, nested=True, p=0.001614, flip=False, error=none
  edge_delete b=5 s=42: applied=5, nested=True, p=0.001614, flip=False, error=none
  edge_delete b=1 s=61: applied=1, nested=True, p=0.001614, flip=False, error=none
  edge_delete b=3 s=61: applied=3, nested=True, p=0.001614, flip=False, error=none
  edge_delete b=5 s=61: applied=5, nested=True, p=0.001614, flip=False, error=none
  edge_delete b=1 s=73: applied=1, nested=True, p=0.001614, flip=False, error=none
  edge_delete b=3 s=73: applied=3, nested=True, p=0.001614, flip=False, error=none
  edge_delete b=5 s=73: applied=5, nested=True, p=0.001614, flip=False, error=none
  edge_delete b=1 s=89: applied=1, nested=True, p=0.001614, flip=False, error=none
  edge_delete b=3 s=89: applied=3, nested=True, p=0.001614, flip=False, error=none
  edge_delete b=5 s=89: applied=5, nested=True, p=0.001614, flip=False, error=none
  edge_delete b=1 s=101: applied=1, nested=True, p=0.001614, flip=False, error=none
  edge_delete b=3 s=101: applied=3, nested=True, p=0.001614, flip=False, error=none
  edge_delete b=5 s=101: applied=5, nested=True, p=0.001614, flip=False, error=none
  edge_delete b=1 s=137: applied=1, nested=True, p=0.001614, flip=False, error=none
  edge_delete b=3 s=137: applied=3, nested=True, p=0.001614, flip=False, error=none
  edge_delete b=5 s=137: applied=5, nested=True, p=0.001614, flip=False, error=none
  edge_delete b=1 s=2026: applied=1, nested=True, p=0.001614, flip=False, error=none
  edge_delete b=3 s=2026: applied=3, nested=True, p=0.001614, flip=False, error=none
  edge_delete b=5 s=2026: applied=5, nested=True, p=0.001614, flip=False, error=none
  edge_reconnect b=1 s=7: applied=1, nested=True, p=0.001614, flip=False, error=none
  edge_reconnect b=3 s=7: applied=3, nested=True, p=0.001614, flip=False, error=none
  edge_reconnect b=5 s=7: applied=5, nested=True, p=0.001614, flip=False, error=none
  edge_reconnect b=1 s=17: applied=1, nested=True, p=0.001614, flip=False, error=none
  edge_reconnect b=3 s=17: applied=3, nested=True, p=0.001614, flip=False, error=none
  edge_reconnect b=5 s=17: applied=5, nested=True, p=0.001614, flip=False, error=none
  edge_reconnect b=1 s=29: applied=1, nested=True, p=0.001614, flip=False, error=none
  edge_reconnect b=3 s=29: applied=3, nested=True, p=0.001614, flip=False, error=none
  edge_reconnect b=5 s=29: applied=5, nested=True, p=0.001614, flip=False, error=none
  edge_reconnect b=1 s=42: applied=1, nested=True, p=0.001614, flip=False, error=none
  edge_reconnect b=3 s=42: applied=3, nested=True, p=0.001614, flip=False, error=none
  edge_reconnect b=5 s=42: applied=5, nested=True, p=0.001614, flip=False, error=none
  edge_reconnect b=1 s=61: applied=1, nested=True, p=0.001614, flip=False, error=none
  edge_reconnect b=3 s=61: applied=3, nested=True, p=0.001614, flip=False, error=none
  edge_reconnect b=5 s=61: applied=5, nested=True, p=0.001614, flip=False, error=none
  edge_reconnect b=1 s=73: applied=1, nested=True, p=0.001614, flip=False, error=none
  edge_reconnect b=3 s=73: applied=3, nested=True, p=0.001614, flip=False, error=none
  edge_reconnect b=5 s=73: applied=5, nested=True, p=0.003177, flip=False, error=none
  edge_reconnect b=1 s=89: applied=1, nested=True, p=0.001614, flip=False, error=none
  edge_reconnect b=3 s=89: applied=3, nested=True, p=0.000834, flip=False, error=none
  edge_reconnect b=5 s=89: applied=5, nested=True, p=0.000834, flip=False, error=none
  edge_reconnect b=1 s=101: applied=1, nested=True, p=0.001614, flip=False, error=none
  edge_reconnect b=3 s=101: applied=3, nested=True, p=0.001614, flip=False, error=none
  edge_reconnect b=5 s=101: applied=5, nested=True, p=0.001614, flip=False, error=none
  edge_reconnect b=1 s=137: applied=1, nested=True, p=0.001614, flip=False, error=none
  edge_reconnect b=3 s=137: applied=3, nested=True, p=0.001614, flip=False, error=none
  edge_reconnect b=5 s=137: applied=5, nested=True, p=0.001614, flip=False, error=none
  edge_reconnect b=1 s=2026: applied=1, nested=True, p=0.001614, flip=False, error=none
  edge_reconnect b=3 s=2026: applied=3, nested=True, p=0.001614, flip=False, error=none
  edge_reconnect b=5 s=2026: applied=5, nested=True, p=0.001614, flip=False, error=none
[47/60] devign__07_vulnerable_static_inline_int_usb_bt_fifo_dequeu: baseline p=0.000000, label=0, PDG=18/45, XFG=20
  node_add b=1 s=7: applied=1, nested=True, p=0.000000, flip=False, error=none
  node_add b=3 s=7: applied=3, nested=True, p=0.000000, flip=False, error=none
  node_add b=5 s=7: applied=5, nested=True, p=0.000000, flip=False, error=none
  node_add b=1 s=17: applied=1, nested=True, p=0.000000, flip=False, error=none
  node_add b=3 s=17: applied=3, nested=True, p=0.000000, flip=False, error=none
  node_add b=5 s=17: applied=5, nested=True, p=0.000000, flip=False, error=none
  node_add b=1 s=29: applied=1, nested=True, p=0.000000, flip=False, error=none
  node_add b=3 s=29: applied=3, nested=True, p=0.000000, flip=False, error=none
  node_add b=5 s=29: applied=5, nested=True, p=0.000000, flip=False, error=none
  node_add b=1 s=42: applied=1, nested=True, p=0.000000, flip=False, error=none
  node_add b=3 s=42: applied=3, nested=True, p=0.000000, flip=False, error=none
  node_add b=5 s=42: applied=5, nested=True, p=0.000000, flip=False, error=none
  node_add b=1 s=61: applied=1, nested=True, p=0.000000, flip=False, error=none
  node_add b=3 s=61: applied=3, nested=True, p=0.000000, flip=False, error=none
  node_add b=5 s=61: applied=5, nested=True, p=0.000000, flip=False, error=none
  node_add b=1 s=73: applied=1, nested=True, p=0.000000, flip=False, error=none
  node_add b=3 s=73: applied=3, nested=True, p=0.000000, flip=False, error=none
  node_add b=5 s=73: applied=5, nested=True, p=0.000000, flip=False, error=none
  node_add b=1 s=89: applied=1, nested=True, p=0.000000, flip=False, error=none
  node_add b=3 s=89: applied=3, nested=True, p=0.000000, flip=False, error=none
  node_add b=5 s=89: applied=5, nested=True, p=0.000000, flip=False, error=none
  node_add b=1 s=101: applied=1, nested=True, p=0.000000, flip=False, error=none
  node_add b=3 s=101: applied=3, nested=True, p=0.000000, flip=False, error=none
  node_add b=5 s=101: applied=5, nested=True, p=0.000000, flip=False, error=none
  node_add b=1 s=137: applied=1, nested=True, p=0.000000, flip=False, error=none
  node_add b=3 s=137: applied=3, nested=True, p=0.000000, flip=False, error=none
  node_add b=5 s=137: applied=5, nested=True, p=0.000000, flip=False, error=none
  node_add b=1 s=2026: applied=1, nested=True, p=0.000000, flip=False, error=none
  node_add b=3 s=2026: applied=3, nested=True, p=0.000000, flip=False, error=none
  node_add b=5 s=2026: applied=5, nested=True, p=0.000000, flip=False, error=none
  node_delete b=1 s=7: applied=1, nested=True, p=0.000000, flip=False, error=none
  node_delete b=3 s=7: applied=3, nested=True, p=0.000000, flip=False, error=none
  node_delete b=5 s=7: applied=4, nested=True, p=0.000000, flip=False, error=none
  node_delete b=1 s=17: applied=1, nested=True, p=0.000000, flip=False, error=none
  node_delete b=3 s=17: applied=3, nested=True, p=0.000000, flip=False, error=none
  node_delete b=5 s=17: applied=4, nested=True, p=0.000000, flip=False, error=none
  node_delete b=1 s=29: applied=1, nested=True, p=0.000000, flip=False, error=none
  node_delete b=3 s=29: applied=3, nested=True, p=0.000000, flip=False, error=none
  node_delete b=5 s=29: applied=4, nested=True, p=0.000000, flip=False, error=none
  node_delete b=1 s=42: applied=1, nested=True, p=0.000000, flip=False, error=none
  node_delete b=3 s=42: applied=3, nested=True, p=0.000000, flip=False, error=none
  node_delete b=5 s=42: applied=4, nested=True, p=0.000000, flip=False, error=none
  node_delete b=1 s=61: applied=1, nested=True, p=0.000000, flip=False, error=none
  node_delete b=3 s=61: applied=3, nested=True, p=0.000000, flip=False, error=none
  node_delete b=5 s=61: applied=4, nested=True, p=0.000000, flip=False, error=none
  node_delete b=1 s=73: applied=1, nested=True, p=0.000000, flip=False, error=none
  node_delete b=3 s=73: applied=3, nested=True, p=0.000000, flip=False, error=none
  node_delete b=5 s=73: applied=4, nested=True, p=0.000000, flip=False, error=none
  node_delete b=1 s=89: applied=1, nested=True, p=0.000000, flip=False, error=none
  node_delete b=3 s=89: applied=3, nested=True, p=0.000000, flip=False, error=none
  node_delete b=5 s=89: applied=4, nested=True, p=0.000000, flip=False, error=none
  node_delete b=1 s=101: applied=1, nested=True, p=0.000000, flip=False, error=none
  node_delete b=3 s=101: applied=3, nested=True, p=0.000000, flip=False, error=none
  node_delete b=5 s=101: applied=4, nested=True, p=0.000000, flip=False, error=none
  node_delete b=1 s=137: applied=1, nested=True, p=0.000000, flip=False, error=none
  node_delete b=3 s=137: applied=3, nested=True, p=0.000000, flip=False, error=none
  node_delete b=5 s=137: applied=4, nested=True, p=0.000000, flip=False, error=none
  node_delete b=1 s=2026: applied=1, nested=True, p=0.000000, flip=False, error=none
  node_delete b=3 s=2026: applied=3, nested=True, p=0.000000, flip=False, error=none
  node_delete b=5 s=2026: applied=4, nested=True, p=0.000000, flip=False, error=none
  node_attribute_modify b=1 s=7: applied=1, nested=True, p=0.000000, flip=False, error=none
  node_attribute_modify b=3 s=7: applied=3, nested=True, p=0.000000, flip=False, error=none
  node_attribute_modify b=5 s=7: applied=5, nested=True, p=0.000000, flip=False, error=none
  node_attribute_modify b=1 s=17: applied=1, nested=True, p=0.000000, flip=False, error=none
  node_attribute_modify b=3 s=17: applied=3, nested=True, p=0.000000, flip=False, error=none
  node_attribute_modify b=5 s=17: applied=5, nested=True, p=0.000000, flip=False, error=none
  node_attribute_modify b=1 s=29: applied=1, nested=True, p=0.000000, flip=False, error=none
  node_attribute_modify b=3 s=29: applied=3, nested=True, p=0.000000, flip=False, error=none
  node_attribute_modify b=5 s=29: applied=5, nested=True, p=0.000000, flip=False, error=none
  node_attribute_modify b=1 s=42: applied=1, nested=True, p=0.000000, flip=False, error=none
  node_attribute_modify b=3 s=42: applied=3, nested=True, p=0.000000, flip=False, error=none
  node_attribute_modify b=5 s=42: applied=5, nested=True, p=0.000000, flip=False, error=none
  node_attribute_modify b=1 s=61: applied=1, nested=True, p=0.000000, flip=False, error=none
  node_attribute_modify b=3 s=61: applied=3, nested=True, p=0.000000, flip=False, error=none
  node_attribute_modify b=5 s=61: applied=5, nested=True, p=0.000000, flip=False, error=none
  node_attribute_modify b=1 s=73: applied=1, nested=True, p=0.000000, flip=False, error=none
  node_attribute_modify b=3 s=73: applied=3, nested=True, p=0.000000, flip=False, error=none
  node_attribute_modify b=5 s=73: applied=5, nested=True, p=0.000000, flip=False, error=none
  node_attribute_modify b=1 s=89: applied=1, nested=True, p=0.000000, flip=False, error=none
  node_attribute_modify b=3 s=89: applied=3, nested=True, p=0.000000, flip=False, error=none
  node_attribute_modify b=5 s=89: applied=5, nested=True, p=0.000000, flip=False, error=none
  node_attribute_modify b=1 s=101: applied=1, nested=True, p=0.000000, flip=False, error=none
  node_attribute_modify b=3 s=101: applied=3, nested=True, p=0.000000, flip=False, error=none
  node_attribute_modify b=5 s=101: applied=5, nested=True, p=0.000000, flip=False, error=none
  node_attribute_modify b=1 s=137: applied=1, nested=True, p=0.000000, flip=False, error=none
  node_attribute_modify b=3 s=137: applied=3, nested=True, p=0.000000, flip=False, error=none
  node_attribute_modify b=5 s=137: applied=5, nested=True, p=0.000000, flip=False, error=none
  node_attribute_modify b=1 s=2026: applied=1, nested=True, p=0.000000, flip=False, error=none
  node_attribute_modify b=3 s=2026: applied=3, nested=True, p=0.000000, flip=False, error=none
  node_attribute_modify b=5 s=2026: applied=5, nested=True, p=0.000000, flip=False, error=none
  edge_add b=1 s=7: applied=1, nested=True, p=0.000000, flip=False, error=none
  edge_add b=3 s=7: applied=3, nested=True, p=0.000000, flip=False, error=none
  edge_add b=5 s=7: applied=5, nested=True, p=0.000000, flip=False, error=none
  edge_add b=1 s=17: applied=1, nested=True, p=0.000000, flip=False, error=none
  edge_add b=3 s=17: applied=3, nested=True, p=0.000000, flip=False, error=none
  edge_add b=5 s=17: applied=5, nested=True, p=0.000000, flip=False, error=none
  edge_add b=1 s=29: applied=1, nested=True, p=0.000000, flip=False, error=none
  edge_add b=3 s=29: applied=3, nested=True, p=0.000000, flip=False, error=none
  edge_add b=5 s=29: applied=5, nested=True, p=0.000000, flip=False, error=none
  edge_add b=1 s=42: applied=1, nested=True, p=0.000000, flip=False, error=none
  edge_add b=3 s=42: applied=3, nested=True, p=0.000000, flip=False, error=none
  edge_add b=5 s=42: applied=5, nested=True, p=0.000000, flip=False, error=none
  edge_add b=1 s=61: applied=1, nested=True, p=0.000000, flip=False, error=none
  edge_add b=3 s=61: applied=3, nested=True, p=0.000000, flip=False, error=none
  edge_add b=5 s=61: applied=5, nested=True, p=0.000000, flip=False, error=none
  edge_add b=1 s=73: applied=1, nested=True, p=0.000000, flip=False, error=none
  edge_add b=3 s=73: applied=3, nested=True, p=0.000000, flip=False, error=none
  edge_add b=5 s=73: applied=5, nested=True, p=0.000000, flip=False, error=none
  edge_add b=1 s=89: applied=1, nested=True, p=0.000000, flip=False, error=none
  edge_add b=3 s=89: applied=3, nested=True, p=0.000000, flip=False, error=none
  edge_add b=5 s=89: applied=5, nested=True, p=0.000000, flip=False, error=none
  edge_add b=1 s=101: applied=1, nested=True, p=0.000000, flip=False, error=none
  edge_add b=3 s=101: applied=3, nested=True, p=0.000000, flip=False, error=none
  edge_add b=5 s=101: applied=5, nested=True, p=0.000000, flip=False, error=none
  edge_add b=1 s=137: applied=1, nested=True, p=0.000000, flip=False, error=none
  edge_add b=3 s=137: applied=3, nested=True, p=0.000000, flip=False, error=none
  edge_add b=5 s=137: applied=5, nested=True, p=0.000000, flip=False, error=none
  edge_add b=1 s=2026: applied=1, nested=True, p=0.000000, flip=False, error=none
  edge_add b=3 s=2026: applied=3, nested=True, p=0.000000, flip=False, error=none
  edge_add b=5 s=2026: applied=5, nested=True, p=0.000000, flip=False, error=none
  edge_delete b=1 s=7: applied=1, nested=True, p=0.000000, flip=False, error=none
  edge_delete b=3 s=7: applied=3, nested=True, p=0.000000, flip=False, error=none
  edge_delete b=5 s=7: applied=5, nested=True, p=0.000000, flip=False, error=none
  edge_delete b=1 s=17: applied=1, nested=True, p=0.000000, flip=False, error=none
  edge_delete b=3 s=17: applied=3, nested=True, p=0.000000, flip=False, error=none
  edge_delete b=5 s=17: applied=5, nested=True, p=0.000000, flip=False, error=none
  edge_delete b=1 s=29: applied=1, nested=True, p=0.000000, flip=False, error=none
  edge_delete b=3 s=29: applied=3, nested=True, p=0.000000, flip=False, error=none
  edge_delete b=5 s=29: applied=5, nested=True, p=0.000000, flip=False, error=none
  edge_delete b=1 s=42: applied=1, nested=True, p=0.000000, flip=False, error=none
  edge_delete b=3 s=42: applied=3, nested=True, p=0.000000, flip=False, error=none
  edge_delete b=5 s=42: applied=5, nested=True, p=0.000000, flip=False, error=none
  edge_delete b=1 s=61: applied=1, nested=True, p=0.000000, flip=False, error=none
  edge_delete b=3 s=61: applied=3, nested=True, p=0.000000, flip=False, error=none
  edge_delete b=5 s=61: applied=5, nested=True, p=0.000000, flip=False, error=none
  edge_delete b=1 s=73: applied=1, nested=True, p=0.000000, flip=False, error=none
  edge_delete b=3 s=73: applied=3, nested=True, p=0.000000, flip=False, error=none
  edge_delete b=5 s=73: applied=5, nested=True, p=0.000000, flip=False, error=none
  edge_delete b=1 s=89: applied=1, nested=True, p=0.000000, flip=False, error=none
  edge_delete b=3 s=89: applied=3, nested=True, p=0.000000, flip=False, error=none
  edge_delete b=5 s=89: applied=5, nested=True, p=0.000000, flip=False, error=none
  edge_delete b=1 s=101: applied=1, nested=True, p=0.000000, flip=False, error=none
  edge_delete b=3 s=101: applied=3, nested=True, p=0.000000, flip=False, error=none
  edge_delete b=5 s=101: applied=5, nested=True, p=0.000000, flip=False, error=none
  edge_delete b=1 s=137: applied=1, nested=True, p=0.000000, flip=False, error=none
  edge_delete b=3 s=137: applied=3, nested=True, p=0.000000, flip=False, error=none
  edge_delete b=5 s=137: applied=5, nested=True, p=0.000000, flip=False, error=none
  edge_delete b=1 s=2026: applied=1, nested=True, p=0.000000, flip=False, error=none
  edge_delete b=3 s=2026: applied=3, nested=True, p=0.000000, flip=False, error=none
  edge_delete b=5 s=2026: applied=5, nested=True, p=0.000000, flip=False, error=none
  edge_reconnect b=1 s=7: applied=1, nested=True, p=0.000000, flip=False, error=none
  edge_reconnect b=3 s=7: applied=3, nested=True, p=0.000000, flip=False, error=none
  edge_reconnect b=5 s=7: applied=5, nested=True, p=0.000000, flip=False, error=none
  edge_reconnect b=1 s=17: applied=1, nested=True, p=0.000000, flip=False, error=none
  edge_reconnect b=3 s=17: applied=3, nested=True, p=0.000000, flip=False, error=none
  edge_reconnect b=5 s=17: applied=5, nested=True, p=0.000000, flip=False, error=none
  edge_reconnect b=1 s=29: applied=1, nested=True, p=0.000000, flip=False, error=none
  edge_reconnect b=3 s=29: applied=3, nested=True, p=0.000000, flip=False, error=none
  edge_reconnect b=5 s=29: applied=5, nested=True, p=0.000000, flip=False, error=none
  edge_reconnect b=1 s=42: applied=1, nested=True, p=0.000000, flip=False, error=none
  edge_reconnect b=3 s=42: applied=3, nested=True, p=0.000000, flip=False, error=none
  edge_reconnect b=5 s=42: applied=5, nested=True, p=0.000000, flip=False, error=none
  edge_reconnect b=1 s=61: applied=1, nested=True, p=0.000000, flip=False, error=none
  edge_reconnect b=3 s=61: applied=3, nested=True, p=0.000000, flip=False, error=none
  edge_reconnect b=5 s=61: applied=5, nested=True, p=0.000000, flip=False, error=none
  edge_reconnect b=1 s=73: applied=1, nested=True, p=0.000000, flip=False, error=none
  edge_reconnect b=3 s=73: applied=3, nested=True, p=0.000000, flip=False, error=none
  edge_reconnect b=5 s=73: applied=5, nested=True, p=0.000000, flip=False, error=none
  edge_reconnect b=1 s=89: applied=1, nested=True, p=0.000000, flip=False, error=none
  edge_reconnect b=3 s=89: applied=3, nested=True, p=0.000000, flip=False, error=none
  edge_reconnect b=5 s=89: applied=5, nested=True, p=0.000000, flip=False, error=none
  edge_reconnect b=1 s=101: applied=1, nested=True, p=0.000000, flip=False, error=none
  edge_reconnect b=3 s=101: applied=3, nested=True, p=0.000000, flip=False, error=none
  edge_reconnect b=5 s=101: applied=5, nested=True, p=0.000000, flip=False, error=none
  edge_reconnect b=1 s=137: applied=1, nested=True, p=0.000000, flip=False, error=none
  edge_reconnect b=3 s=137: applied=3, nested=True, p=0.000000, flip=False, error=none
  edge_reconnect b=5 s=137: applied=5, nested=True, p=0.000000, flip=False, error=none
  edge_reconnect b=1 s=2026: applied=1, nested=True, p=0.000000, flip=False, error=none
  edge_reconnect b=3 s=2026: applied=3, nested=True, p=0.000000, flip=False, error=none
  edge_reconnect b=5 s=2026: applied=5, nested=True, p=0.000000, flip=False, error=none
[48/60] devign__08_non_vulnerable_build_tpm_tcpa: baseline p=0.000057, label=0, PDG=10/14, XFG=4
  node_add b=1 s=7: applied=1, nested=True, p=0.000057, flip=False, error=none
  node_add b=3 s=7: applied=3, nested=True, p=0.065547, flip=False, error=none
  node_add b=5 s=7: applied=5, nested=True, p=0.065547, flip=False, error=none
  node_add b=1 s=17: applied=1, nested=True, p=0.000057, flip=False, error=none
  node_add b=3 s=17: applied=3, nested=True, p=0.000057, flip=False, error=none
  node_add b=5 s=17: applied=5, nested=True, p=0.000057, flip=False, error=none
  node_add b=1 s=29: applied=1, nested=True, p=0.000057, flip=False, error=none
  node_add b=3 s=29: applied=3, nested=True, p=0.000057, flip=False, error=none
  node_add b=5 s=29: applied=5, nested=True, p=0.000057, flip=False, error=none
  node_add b=1 s=42: applied=1, nested=True, p=0.000057, flip=False, error=none
  node_add b=3 s=42: applied=3, nested=True, p=0.000057, flip=False, error=none
  node_add b=5 s=42: applied=5, nested=True, p=0.000057, flip=False, error=none
  node_add b=1 s=61: applied=1, nested=True, p=0.000057, flip=False, error=none
  node_add b=3 s=61: applied=3, nested=True, p=0.065547, flip=False, error=none
  node_add b=5 s=61: applied=5, nested=True, p=0.065547, flip=False, error=none
  node_add b=1 s=73: applied=1, nested=True, p=0.000057, flip=False, error=none
  node_add b=3 s=73: applied=3, nested=True, p=0.000057, flip=False, error=none
  node_add b=5 s=73: applied=5, nested=True, p=0.000057, flip=False, error=none
  node_add b=1 s=89: applied=1, nested=True, p=0.000057, flip=False, error=none
  node_add b=3 s=89: applied=3, nested=True, p=0.000057, flip=False, error=none
  node_add b=5 s=89: applied=5, nested=True, p=0.002506, flip=False, error=none
  node_add b=1 s=101: applied=1, nested=True, p=0.000057, flip=False, error=none
  node_add b=3 s=101: applied=3, nested=True, p=0.000057, flip=False, error=none
  node_add b=5 s=101: applied=5, nested=True, p=0.000057, flip=False, error=none
  node_add b=1 s=137: applied=1, nested=True, p=0.000057, flip=False, error=none
  node_add b=3 s=137: applied=3, nested=True, p=0.065547, flip=False, error=none
  node_add b=5 s=137: applied=5, nested=True, p=0.065547, flip=False, error=none
  node_add b=1 s=2026: applied=1, nested=True, p=0.000057, flip=False, error=none
  node_add b=3 s=2026: applied=3, nested=True, p=0.000057, flip=False, error=none
  node_add b=5 s=2026: applied=5, nested=True, p=0.000057, flip=False, error=none
  node_delete b=1 s=7: applied=1, nested=True, p=0.000057, flip=False, error=none
  node_delete b=3 s=7: applied=3, nested=True, p=0.000057, flip=False, error=none
  node_delete b=5 s=7: applied=5, nested=True, p=0.020145, flip=False, error=none
  node_delete b=1 s=17: applied=1, nested=True, p=0.000565, flip=False, error=none
  node_delete b=3 s=17: applied=3, nested=True, p=0.044561, flip=False, error=none
  node_delete b=5 s=17: applied=5, nested=True, p=0.044561, flip=False, error=none
  node_delete b=1 s=29: applied=1, nested=True, p=0.000565, flip=False, error=none
  node_delete b=3 s=29: applied=3, nested=True, p=0.044561, flip=False, error=none
  node_delete b=5 s=29: applied=5, nested=True, p=0.044561, flip=False, error=none
  node_delete b=1 s=42: applied=1, nested=True, p=0.000057, flip=False, error=none
  node_delete b=3 s=42: applied=3, nested=True, p=0.000000, flip=False, error=none
  node_delete b=5 s=42: applied=5, nested=True, p=0.044561, flip=False, error=none
  node_delete b=1 s=61: applied=1, nested=True, p=0.000000, flip=False, error=none
  node_delete b=3 s=61: applied=3, nested=True, p=0.000000, flip=False, error=none
  node_delete b=5 s=61: applied=5, nested=True, p=0.044561, flip=False, error=none
  node_delete b=1 s=73: applied=1, nested=True, p=0.000057, flip=False, error=none
  node_delete b=3 s=73: applied=3, nested=True, p=0.000000, flip=False, error=none
  node_delete b=5 s=73: applied=5, nested=True, p=0.020145, flip=False, error=none
  node_delete b=1 s=89: applied=1, nested=True, p=0.000000, flip=False, error=none
  node_delete b=3 s=89: applied=3, nested=True, p=0.000000, flip=False, error=none
  node_delete b=5 s=89: applied=5, nested=True, p=0.044561, flip=False, error=none
  node_delete b=1 s=101: applied=1, nested=True, p=0.000565, flip=False, error=none
  node_delete b=3 s=101: applied=3, nested=True, p=0.000882, flip=False, error=none
  node_delete b=5 s=101: applied=5, nested=True, p=0.044561, flip=False, error=none
  node_delete b=1 s=137: applied=1, nested=True, p=0.000000, flip=False, error=none
  node_delete b=3 s=137: applied=3, nested=True, p=0.000000, flip=False, error=none
  node_delete b=5 s=137: applied=5, nested=True, p=0.000000, flip=False, error=none
  node_delete b=1 s=2026: applied=1, nested=True, p=0.000000, flip=False, error=none
  node_delete b=3 s=2026: applied=3, nested=True, p=0.000000, flip=False, error=none
  node_delete b=5 s=2026: applied=5, nested=True, p=0.000000, flip=False, error=none
  node_attribute_modify b=1 s=7: applied=1, nested=True, p=0.000057, flip=False, error=none
  node_attribute_modify b=3 s=7: applied=3, nested=True, p=0.000021, flip=False, error=none
  node_attribute_modify b=5 s=7: applied=5, nested=True, p=0.000002, flip=False, error=none
  node_attribute_modify b=1 s=17: applied=1, nested=True, p=0.000002, flip=False, error=none
  node_attribute_modify b=3 s=17: applied=3, nested=True, p=0.000002, flip=False, error=none
  node_attribute_modify b=5 s=17: applied=5, nested=True, p=0.000002, flip=False, error=none
  node_attribute_modify b=1 s=29: applied=1, nested=True, p=0.000047, flip=False, error=none
  node_attribute_modify b=3 s=29: applied=3, nested=True, p=0.000631, flip=False, error=none
  node_attribute_modify b=5 s=29: applied=5, nested=True, p=0.000631, flip=False, error=none
  node_attribute_modify b=1 s=42: applied=1, nested=True, p=0.000505, flip=False, error=none
  node_attribute_modify b=3 s=42: applied=3, nested=True, p=0.006127, flip=False, error=none
  node_attribute_modify b=5 s=42: applied=5, nested=True, p=0.006127, flip=False, error=none
  node_attribute_modify b=1 s=61: applied=1, nested=True, p=0.000009, flip=False, error=none
  node_attribute_modify b=3 s=61: applied=3, nested=True, p=0.162248, flip=False, error=none
  node_attribute_modify b=5 s=61: applied=5, nested=True, p=0.162248, flip=False, error=none
  node_attribute_modify b=1 s=73: applied=1, nested=True, p=0.000057, flip=False, error=none
  node_attribute_modify b=3 s=73: applied=3, nested=True, p=0.000000, flip=False, error=none
  node_attribute_modify b=5 s=73: applied=5, nested=True, p=0.000000, flip=False, error=none
  node_attribute_modify b=1 s=89: applied=1, nested=True, p=0.000000, flip=False, error=none
  node_attribute_modify b=3 s=89: applied=3, nested=True, p=0.000000, flip=False, error=none
  node_attribute_modify b=5 s=89: applied=5, nested=True, p=0.000000, flip=False, error=none
  node_attribute_modify b=1 s=101: applied=1, nested=True, p=0.003560, flip=False, error=none
  node_attribute_modify b=3 s=101: applied=3, nested=True, p=0.001505, flip=False, error=none
  node_attribute_modify b=5 s=101: applied=5, nested=True, p=0.064317, flip=False, error=none
  node_attribute_modify b=1 s=137: applied=1, nested=True, p=0.000002, flip=False, error=none
  node_attribute_modify b=3 s=137: applied=3, nested=True, p=0.000242, flip=False, error=none
  node_attribute_modify b=5 s=137: applied=5, nested=True, p=0.000242, flip=False, error=none
  node_attribute_modify b=1 s=2026: applied=1, nested=True, p=0.000000, flip=False, error=none
  node_attribute_modify b=3 s=2026: applied=3, nested=True, p=0.000000, flip=False, error=none
  node_attribute_modify b=5 s=2026: applied=5, nested=True, p=0.000000, flip=False, error=none
  edge_add b=1 s=7: applied=1, nested=True, p=0.000048, flip=False, error=none
  edge_add b=3 s=7: applied=3, nested=True, p=0.000330, flip=False, error=none
  edge_add b=5 s=7: applied=5, nested=True, p=0.000624, flip=False, error=none
  edge_add b=1 s=17: applied=1, nested=True, p=0.000057, flip=False, error=none
  edge_add b=3 s=17: applied=3, nested=True, p=0.000057, flip=False, error=none
  edge_add b=5 s=17: applied=5, nested=True, p=0.000682, flip=False, error=none
  edge_add b=1 s=29: applied=1, nested=True, p=0.000057, flip=False, error=none
  edge_add b=3 s=29: applied=3, nested=True, p=0.002847, flip=False, error=none
  edge_add b=5 s=29: applied=5, nested=True, p=0.000031, flip=False, error=none
  edge_add b=1 s=42: applied=1, nested=True, p=0.000057, flip=False, error=none
  edge_add b=3 s=42: applied=3, nested=True, p=0.000451, flip=False, error=none
  edge_add b=5 s=42: applied=5, nested=True, p=0.000599, flip=False, error=none
  edge_add b=1 s=61: applied=1, nested=True, p=0.000003, flip=False, error=none
  edge_add b=3 s=61: applied=3, nested=True, p=0.000001, flip=False, error=none
  edge_add b=5 s=61: applied=5, nested=True, p=0.000166, flip=False, error=none
  edge_add b=1 s=73: applied=1, nested=True, p=0.000057, flip=False, error=none
  edge_add b=3 s=73: applied=3, nested=True, p=0.000085, flip=False, error=none
  edge_add b=5 s=73: applied=5, nested=True, p=0.000332, flip=False, error=none
  edge_add b=1 s=89: applied=1, nested=True, p=0.000057, flip=False, error=none
  edge_add b=3 s=89: applied=3, nested=True, p=0.000057, flip=False, error=none
  edge_add b=5 s=89: applied=5, nested=True, p=0.001556, flip=False, error=none
  edge_add b=1 s=101: applied=1, nested=True, p=0.000062, flip=False, error=none
  edge_add b=3 s=101: applied=3, nested=True, p=0.000062, flip=False, error=none
  edge_add b=5 s=101: applied=5, nested=True, p=0.001702, flip=False, error=none
  edge_add b=1 s=137: applied=1, nested=True, p=0.002847, flip=False, error=none
  edge_add b=3 s=137: applied=3, nested=True, p=0.043845, flip=False, error=none
  edge_add b=5 s=137: applied=5, nested=True, p=0.003737, flip=False, error=none
  edge_add b=1 s=2026: applied=1, nested=True, p=0.000117, flip=False, error=none
  edge_add b=3 s=2026: applied=3, nested=True, p=0.000287, flip=False, error=none
  edge_add b=5 s=2026: applied=5, nested=True, p=0.000024, flip=False, error=none
  edge_delete b=1 s=7: applied=1, nested=True, p=0.000057, flip=False, error=none
  edge_delete b=3 s=7: applied=3, nested=True, p=0.000057, flip=False, error=none
  edge_delete b=5 s=7: applied=5, nested=True, p=0.001038, flip=False, error=none
  edge_delete b=1 s=17: applied=1, nested=True, p=0.000057, flip=False, error=none
  edge_delete b=3 s=17: applied=3, nested=True, p=0.000205, flip=False, error=none
  edge_delete b=5 s=17: applied=5, nested=True, p=0.000205, flip=False, error=none
  edge_delete b=1 s=29: applied=1, nested=True, p=0.000057, flip=False, error=none
  edge_delete b=3 s=29: applied=3, nested=True, p=0.894470, flip=True, error=none
  edge_delete b=5 s=29: applied=5, nested=True, p=0.894470, flip=True, error=none
  edge_delete b=1 s=42: applied=1, nested=True, p=0.000057, flip=False, error=none
  edge_delete b=3 s=42: applied=3, nested=True, p=0.002390, flip=False, error=none
  edge_delete b=5 s=42: applied=5, nested=True, p=0.894470, flip=True, error=none
  edge_delete b=1 s=61: applied=1, nested=True, p=0.000057, flip=False, error=none
  edge_delete b=3 s=61: applied=3, nested=True, p=0.000057, flip=False, error=none
  edge_delete b=5 s=61: applied=5, nested=True, p=0.000057, flip=False, error=none
  edge_delete b=1 s=73: applied=1, nested=True, p=0.000057, flip=False, error=none
  edge_delete b=3 s=73: applied=3, nested=True, p=0.000057, flip=False, error=none
  edge_delete b=5 s=73: applied=5, nested=True, p=0.000057, flip=False, error=none
  edge_delete b=1 s=89: applied=1, nested=True, p=0.002331, flip=False, error=none
  edge_delete b=3 s=89: applied=3, nested=True, p=0.000057, flip=False, error=none
  edge_delete b=5 s=89: applied=5, nested=True, p=0.001034, flip=False, error=none
  edge_delete b=1 s=101: applied=1, nested=True, p=0.000057, flip=False, error=none
  edge_delete b=3 s=101: applied=3, nested=True, p=0.000004, flip=False, error=none
  edge_delete b=5 s=101: applied=5, nested=True, p=0.000326, flip=False, error=none
  edge_delete b=1 s=137: applied=1, nested=True, p=0.002331, flip=False, error=none
  edge_delete b=3 s=137: applied=3, nested=True, p=0.009401, flip=False, error=none
  edge_delete b=5 s=137: applied=5, nested=True, p=0.009401, flip=False, error=none
  edge_delete b=1 s=2026: applied=1, nested=True, p=0.002331, flip=False, error=none
  edge_delete b=3 s=2026: applied=3, nested=True, p=0.894470, flip=True, error=none
  edge_delete b=5 s=2026: applied=5, nested=True, p=0.000057, flip=False, error=none
  edge_reconnect b=1 s=7: applied=1, nested=True, p=0.000104, flip=False, error=none
  edge_reconnect b=3 s=7: applied=3, nested=True, p=0.000070, flip=False, error=none
  edge_reconnect b=5 s=7: applied=5, nested=True, p=0.008737, flip=False, error=none
  edge_reconnect b=1 s=17: applied=1, nested=True, p=0.000057, flip=False, error=none
  edge_reconnect b=3 s=17: applied=3, nested=True, p=0.000057, flip=False, error=none
  edge_reconnect b=5 s=17: applied=5, nested=True, p=0.000205, flip=False, error=none
  edge_reconnect b=1 s=29: applied=1, nested=True, p=0.000057, flip=False, error=none
  edge_reconnect b=3 s=29: applied=3, nested=True, p=0.894470, flip=True, error=none
  edge_reconnect b=5 s=29: applied=5, nested=True, p=0.044219, flip=False, error=none
  edge_reconnect b=1 s=42: applied=1, nested=True, p=0.000100, flip=False, error=none
  edge_reconnect b=3 s=42: applied=3, nested=True, p=0.000100, flip=False, error=none
  edge_reconnect b=5 s=42: applied=5, nested=True, p=0.000086, flip=False, error=none
  edge_reconnect b=1 s=61: applied=1, nested=True, p=0.000057, flip=False, error=none
  edge_reconnect b=3 s=61: applied=3, nested=True, p=0.000061, flip=False, error=none
  edge_reconnect b=5 s=61: applied=5, nested=True, p=0.000041, flip=False, error=none
  edge_reconnect b=1 s=73: applied=1, nested=True, p=0.000057, flip=False, error=none
  edge_reconnect b=3 s=73: applied=3, nested=True, p=0.000086, flip=False, error=none
  edge_reconnect b=5 s=73: applied=5, nested=True, p=0.000086, flip=False, error=none
  edge_reconnect b=1 s=89: applied=1, nested=True, p=0.002331, flip=False, error=none
  edge_reconnect b=3 s=89: applied=3, nested=True, p=0.007285, flip=False, error=none
  edge_reconnect b=5 s=89: applied=5, nested=True, p=0.005967, flip=False, error=none
  edge_reconnect b=1 s=101: applied=1, nested=True, p=0.000057, flip=False, error=none
  edge_reconnect b=3 s=101: applied=3, nested=True, p=0.000190, flip=False, error=none
  edge_reconnect b=5 s=101: applied=5, nested=True, p=0.000190, flip=False, error=none
  edge_reconnect b=1 s=137: applied=1, nested=True, p=0.002331, flip=False, error=none
  edge_reconnect b=3 s=137: applied=3, nested=True, p=0.000035, flip=False, error=none
  edge_reconnect b=5 s=137: applied=5, nested=True, p=0.000000, flip=False, error=none
  edge_reconnect b=1 s=2026: applied=1, nested=True, p=0.000057, flip=False, error=none
  edge_reconnect b=3 s=2026: applied=3, nested=True, p=0.000012, flip=False, error=none
  edge_reconnect b=5 s=2026: applied=5, nested=True, p=0.000012, flip=False, error=none
[49/60] devign__09_non_vulnerable_static_ExitStatus_gen_store_conditio: baseline failed: baseline prediction is unavailable: no_xfg
[50/60] devign__10_non_vulnerable_static_void_kvm_virtio_pci_vq_vector: baseline p=0.000000, label=0, PDG=11/12, XFG=7
  node_add b=1 s=7: applied=1, nested=True, p=0.000000, flip=False, error=none
  node_add b=3 s=7: applied=3, nested=True, p=0.000000, flip=False, error=none
  node_add b=5 s=7: applied=5, nested=True, p=0.000000, flip=False, error=none
  node_add b=1 s=17: applied=1, nested=True, p=0.000000, flip=False, error=none
  node_add b=3 s=17: applied=3, nested=True, p=0.000000, flip=False, error=none
  node_add b=5 s=17: applied=5, nested=True, p=0.000000, flip=False, error=none
  node_add b=1 s=29: applied=1, nested=True, p=0.000000, flip=False, error=none
  node_add b=3 s=29: applied=3, nested=True, p=0.000000, flip=False, error=none
  node_add b=5 s=29: applied=5, nested=True, p=0.000000, flip=False, error=none
  node_add b=1 s=42: applied=1, nested=True, p=0.000000, flip=False, error=none
  node_add b=3 s=42: applied=3, nested=True, p=0.000000, flip=False, error=none
  node_add b=5 s=42: applied=5, nested=True, p=0.000000, flip=False, error=none
  node_add b=1 s=61: applied=1, nested=True, p=0.000000, flip=False, error=none
  node_add b=3 s=61: applied=3, nested=True, p=0.000000, flip=False, error=none
  node_add b=5 s=61: applied=5, nested=True, p=0.000000, flip=False, error=none
  node_add b=1 s=73: applied=1, nested=True, p=0.000000, flip=False, error=none
  node_add b=3 s=73: applied=3, nested=True, p=0.000000, flip=False, error=none
  node_add b=5 s=73: applied=5, nested=True, p=0.000000, flip=False, error=none
  node_add b=1 s=89: applied=1, nested=True, p=0.000000, flip=False, error=none
  node_add b=3 s=89: applied=3, nested=True, p=0.000000, flip=False, error=none
  node_add b=5 s=89: applied=5, nested=True, p=0.000000, flip=False, error=none
  node_add b=1 s=101: applied=1, nested=True, p=0.000000, flip=False, error=none
  node_add b=3 s=101: applied=3, nested=True, p=0.000000, flip=False, error=none
  node_add b=5 s=101: applied=5, nested=True, p=0.000000, flip=False, error=none
  node_add b=1 s=137: applied=1, nested=True, p=0.000000, flip=False, error=none
  node_add b=3 s=137: applied=3, nested=True, p=0.000000, flip=False, error=none
  node_add b=5 s=137: applied=5, nested=True, p=0.000000, flip=False, error=none
  node_add b=1 s=2026: applied=1, nested=True, p=0.000000, flip=False, error=none
  node_add b=3 s=2026: applied=3, nested=True, p=0.000000, flip=False, error=none
  node_add b=5 s=2026: applied=5, nested=True, p=0.000000, flip=False, error=none
  node_delete b=1 s=7: applied=1, nested=True, p=0.000000, flip=False, error=none
  node_delete b=3 s=7: applied=3, nested=True, p=0.000000, flip=False, error=none
  node_delete b=5 s=7: applied=5, nested=True, p=0.000000, flip=False, error=none
  node_delete b=1 s=17: applied=1, nested=True, p=0.000000, flip=False, error=none
  node_delete b=3 s=17: applied=3, nested=True, p=0.000033, flip=False, error=none
  node_delete b=5 s=17: applied=5, nested=True, p=0.000000, flip=False, error=none
  node_delete b=1 s=29: applied=1, nested=True, p=0.000000, flip=False, error=none
  node_delete b=3 s=29: applied=3, nested=True, p=0.000000, flip=False, error=none
  node_delete b=5 s=29: applied=5, nested=True, p=0.000000, flip=False, error=none
  node_delete b=1 s=42: applied=1, nested=True, p=0.000000, flip=False, error=none
  node_delete b=3 s=42: applied=3, nested=True, p=0.000000, flip=False, error=none
  node_delete b=5 s=42: applied=5, nested=True, p=0.000000, flip=False, error=none
  node_delete b=1 s=61: applied=1, nested=True, p=0.000000, flip=False, error=none
  node_delete b=3 s=61: applied=3, nested=True, p=0.000033, flip=False, error=none
  node_delete b=5 s=61: applied=5, nested=True, p=0.000000, flip=False, error=none
  node_delete b=1 s=73: applied=1, nested=True, p=0.000000, flip=False, error=none
  node_delete b=3 s=73: applied=3, nested=True, p=0.000000, flip=False, error=none
  node_delete b=5 s=73: applied=5, nested=True, p=0.000000, flip=False, error=none
  node_delete b=1 s=89: applied=1, nested=True, p=0.000000, flip=False, error=none
  node_delete b=3 s=89: applied=3, nested=True, p=0.000000, flip=False, error=none
  node_delete b=5 s=89: applied=5, nested=True, p=0.000000, flip=False, error=none
  node_delete b=1 s=101: applied=1, nested=True, p=0.000000, flip=False, error=none
  node_delete b=3 s=101: applied=3, nested=True, p=0.000033, flip=False, error=none
  node_delete b=5 s=101: applied=5, nested=True, p=0.000000, flip=False, error=none
  node_delete b=1 s=137: applied=1, nested=True, p=0.000000, flip=False, error=none
  node_delete b=3 s=137: applied=3, nested=True, p=0.000000, flip=False, error=none
  node_delete b=5 s=137: applied=5, nested=True, p=0.000000, flip=False, error=none
  node_delete b=1 s=2026: applied=1, nested=True, p=0.000000, flip=False, error=none
  node_delete b=3 s=2026: applied=3, nested=True, p=0.000000, flip=False, error=none
  node_delete b=5 s=2026: applied=5, nested=True, p=0.000000, flip=False, error=none
  node_attribute_modify b=1 s=7: applied=1, nested=True, p=0.000000, flip=False, error=none
  node_attribute_modify b=3 s=7: applied=3, nested=True, p=0.000000, flip=False, error=none
  node_attribute_modify b=5 s=7: applied=5, nested=True, p=0.000000, flip=False, error=none
  node_attribute_modify b=1 s=17: applied=1, nested=True, p=0.000000, flip=False, error=none
  node_attribute_modify b=3 s=17: applied=3, nested=True, p=0.000000, flip=False, error=none
  node_attribute_modify b=5 s=17: applied=5, nested=True, p=0.000000, flip=False, error=none
  node_attribute_modify b=1 s=29: applied=1, nested=True, p=0.000000, flip=False, error=none
  node_attribute_modify b=3 s=29: applied=3, nested=True, p=0.000000, flip=False, error=none
  node_attribute_modify b=5 s=29: applied=5, nested=True, p=0.000000, flip=False, error=none
  node_attribute_modify b=1 s=42: applied=1, nested=True, p=0.000000, flip=False, error=none
  node_attribute_modify b=3 s=42: applied=3, nested=True, p=0.000000, flip=False, error=none
  node_attribute_modify b=5 s=42: applied=5, nested=True, p=0.000000, flip=False, error=none
  node_attribute_modify b=1 s=61: applied=1, nested=True, p=0.000000, flip=False, error=none
  node_attribute_modify b=3 s=61: applied=3, nested=True, p=0.000000, flip=False, error=none
  node_attribute_modify b=5 s=61: applied=5, nested=True, p=0.000001, flip=False, error=none
  node_attribute_modify b=1 s=73: applied=1, nested=True, p=0.000000, flip=False, error=none
  node_attribute_modify b=3 s=73: applied=3, nested=True, p=0.000000, flip=False, error=none
  node_attribute_modify b=5 s=73: applied=5, nested=True, p=0.000000, flip=False, error=none
  node_attribute_modify b=1 s=89: applied=1, nested=True, p=0.000000, flip=False, error=none
  node_attribute_modify b=3 s=89: applied=3, nested=True, p=0.000000, flip=False, error=none
  node_attribute_modify b=5 s=89: applied=5, nested=True, p=0.000000, flip=False, error=none
  node_attribute_modify b=1 s=101: applied=1, nested=True, p=0.000000, flip=False, error=none
  node_attribute_modify b=3 s=101: applied=3, nested=True, p=0.000000, flip=False, error=none
  node_attribute_modify b=5 s=101: applied=5, nested=True, p=0.000000, flip=False, error=none
  node_attribute_modify b=1 s=137: applied=1, nested=True, p=0.000000, flip=False, error=none
  node_attribute_modify b=3 s=137: applied=3, nested=True, p=0.000000, flip=False, error=none
  node_attribute_modify b=5 s=137: applied=5, nested=True, p=0.000000, flip=False, error=none
  node_attribute_modify b=1 s=2026: applied=1, nested=True, p=0.000000, flip=False, error=none
  node_attribute_modify b=3 s=2026: applied=3, nested=True, p=0.000000, flip=False, error=none
  node_attribute_modify b=5 s=2026: applied=5, nested=True, p=0.000000, flip=False, error=none
  edge_add b=1 s=7: applied=1, nested=True, p=0.000000, flip=False, error=none
  edge_add b=3 s=7: applied=3, nested=True, p=0.000000, flip=False, error=none
  edge_add b=5 s=7: applied=5, nested=True, p=0.000000, flip=False, error=none
  edge_add b=1 s=17: applied=1, nested=True, p=0.000000, flip=False, error=none
  edge_add b=3 s=17: applied=3, nested=True, p=0.000000, flip=False, error=none
  edge_add b=5 s=17: applied=5, nested=True, p=0.000000, flip=False, error=none
  edge_add b=1 s=29: applied=1, nested=True, p=0.000000, flip=False, error=none
  edge_add b=3 s=29: applied=3, nested=True, p=0.000000, flip=False, error=none
  edge_add b=5 s=29: applied=5, nested=True, p=0.000000, flip=False, error=none
  edge_add b=1 s=42: applied=1, nested=True, p=0.000000, flip=False, error=none
  edge_add b=3 s=42: applied=3, nested=True, p=0.000000, flip=False, error=none
  edge_add b=5 s=42: applied=5, nested=True, p=0.000000, flip=False, error=none
  edge_add b=1 s=61: applied=1, nested=True, p=0.000000, flip=False, error=none
  edge_add b=3 s=61: applied=3, nested=True, p=0.000000, flip=False, error=none
  edge_add b=5 s=61: applied=5, nested=True, p=0.000000, flip=False, error=none
  edge_add b=1 s=73: applied=1, nested=True, p=0.000000, flip=False, error=none
  edge_add b=3 s=73: applied=3, nested=True, p=0.000000, flip=False, error=none
  edge_add b=5 s=73: applied=5, nested=True, p=0.000000, flip=False, error=none
  edge_add b=1 s=89: applied=1, nested=True, p=0.000000, flip=False, error=none
  edge_add b=3 s=89: applied=3, nested=True, p=0.000000, flip=False, error=none
  edge_add b=5 s=89: applied=5, nested=True, p=0.000000, flip=False, error=none
  edge_add b=1 s=101: applied=1, nested=True, p=0.000000, flip=False, error=none
  edge_add b=3 s=101: applied=3, nested=True, p=0.000000, flip=False, error=none
  edge_add b=5 s=101: applied=5, nested=True, p=0.000000, flip=False, error=none
  edge_add b=1 s=137: applied=1, nested=True, p=0.000000, flip=False, error=none
  edge_add b=3 s=137: applied=3, nested=True, p=0.000000, flip=False, error=none
  edge_add b=5 s=137: applied=5, nested=True, p=0.000003, flip=False, error=none
  edge_add b=1 s=2026: applied=1, nested=True, p=0.000000, flip=False, error=none
  edge_add b=3 s=2026: applied=3, nested=True, p=0.000000, flip=False, error=none
  edge_add b=5 s=2026: applied=5, nested=True, p=0.000000, flip=False, error=none
  edge_delete b=1 s=7: applied=1, nested=True, p=0.000000, flip=False, error=none
  edge_delete b=3 s=7: applied=3, nested=True, p=0.000000, flip=False, error=none
  edge_delete b=5 s=7: applied=5, nested=True, p=0.000000, flip=False, error=none
  edge_delete b=1 s=17: applied=1, nested=True, p=0.000000, flip=False, error=none
  edge_delete b=3 s=17: applied=3, nested=True, p=0.000000, flip=False, error=none
  edge_delete b=5 s=17: applied=5, nested=True, p=0.000001, flip=False, error=none
  edge_delete b=1 s=29: applied=1, nested=True, p=0.000000, flip=False, error=none
  edge_delete b=3 s=29: applied=3, nested=True, p=0.000000, flip=False, error=none
  edge_delete b=5 s=29: applied=5, nested=True, p=0.000000, flip=False, error=none
  edge_delete b=1 s=42: applied=1, nested=True, p=0.000000, flip=False, error=none
  edge_delete b=3 s=42: applied=3, nested=True, p=0.000004, flip=False, error=none
  edge_delete b=5 s=42: applied=5, nested=True, p=0.000003, flip=False, error=none
  edge_delete b=1 s=61: applied=1, nested=True, p=0.000000, flip=False, error=none
  edge_delete b=3 s=61: applied=3, nested=True, p=0.000001, flip=False, error=none
  edge_delete b=5 s=61: applied=5, nested=True, p=0.000068, flip=False, error=none
  edge_delete b=1 s=73: applied=1, nested=True, p=0.000000, flip=False, error=none
  edge_delete b=3 s=73: applied=3, nested=True, p=0.000123, flip=False, error=none
  edge_delete b=5 s=73: applied=5, nested=True, p=0.000002, flip=False, error=none
  edge_delete b=1 s=89: applied=1, nested=True, p=0.000000, flip=False, error=none
  edge_delete b=3 s=89: applied=3, nested=True, p=0.000001, flip=False, error=none
  edge_delete b=5 s=89: applied=5, nested=True, p=0.000000, flip=False, error=none
  edge_delete b=1 s=101: applied=1, nested=True, p=0.000000, flip=False, error=none
  edge_delete b=3 s=101: applied=3, nested=True, p=0.000000, flip=False, error=none
  edge_delete b=5 s=101: applied=5, nested=True, p=0.000000, flip=False, error=none
  edge_delete b=1 s=137: applied=1, nested=True, p=0.000000, flip=False, error=none
  edge_delete b=3 s=137: applied=3, nested=True, p=0.000000, flip=False, error=none
  edge_delete b=5 s=137: applied=5, nested=True, p=0.000000, flip=False, error=none
  edge_delete b=1 s=2026: applied=1, nested=True, p=0.000000, flip=False, error=none
  edge_delete b=3 s=2026: applied=3, nested=True, p=0.000000, flip=False, error=none
  edge_delete b=5 s=2026: applied=5, nested=True, p=0.000000, flip=False, error=none
  edge_reconnect b=1 s=7: applied=1, nested=True, p=0.000000, flip=False, error=none
  edge_reconnect b=3 s=7: applied=3, nested=True, p=0.000000, flip=False, error=none
  edge_reconnect b=5 s=7: applied=5, nested=True, p=0.000003, flip=False, error=none
  edge_reconnect b=1 s=17: applied=1, nested=True, p=0.000000, flip=False, error=none
  edge_reconnect b=3 s=17: applied=3, nested=True, p=0.000000, flip=False, error=none
  edge_reconnect b=5 s=17: applied=5, nested=True, p=0.000000, flip=False, error=none
  edge_reconnect b=1 s=29: applied=1, nested=True, p=0.000000, flip=False, error=none
  edge_reconnect b=3 s=29: applied=3, nested=True, p=0.000000, flip=False, error=none
  edge_reconnect b=5 s=29: applied=5, nested=True, p=0.000000, flip=False, error=none
  edge_reconnect b=1 s=42: applied=1, nested=True, p=0.000000, flip=False, error=none
  edge_reconnect b=3 s=42: applied=3, nested=True, p=0.000000, flip=False, error=none
  edge_reconnect b=5 s=42: applied=5, nested=True, p=0.000000, flip=False, error=none
  edge_reconnect b=1 s=61: applied=1, nested=True, p=0.000000, flip=False, error=none
  edge_reconnect b=3 s=61: applied=3, nested=True, p=0.000000, flip=False, error=none
  edge_reconnect b=5 s=61: applied=5, nested=True, p=0.000000, flip=False, error=none
  edge_reconnect b=1 s=73: applied=1, nested=True, p=0.000000, flip=False, error=none
  edge_reconnect b=3 s=73: applied=3, nested=True, p=0.000001, flip=False, error=none
  edge_reconnect b=5 s=73: applied=5, nested=True, p=0.000001, flip=False, error=none
  edge_reconnect b=1 s=89: applied=1, nested=True, p=0.000000, flip=False, error=none
  edge_reconnect b=3 s=89: applied=3, nested=True, p=0.000000, flip=False, error=none
  edge_reconnect b=5 s=89: applied=5, nested=True, p=0.000000, flip=False, error=none
  edge_reconnect b=1 s=101: applied=1, nested=True, p=0.000000, flip=False, error=none
  edge_reconnect b=3 s=101: applied=3, nested=True, p=0.000000, flip=False, error=none
  edge_reconnect b=5 s=101: applied=5, nested=True, p=0.000000, flip=False, error=none
  edge_reconnect b=1 s=137: applied=1, nested=True, p=0.000000, flip=False, error=none
  edge_reconnect b=3 s=137: applied=3, nested=True, p=0.000000, flip=False, error=none
  edge_reconnect b=5 s=137: applied=5, nested=True, p=0.000016, flip=False, error=none
  edge_reconnect b=1 s=2026: applied=1, nested=True, p=0.000000, flip=False, error=none
  edge_reconnect b=3 s=2026: applied=3, nested=True, p=0.000001, flip=False, error=none
  edge_reconnect b=5 s=2026: applied=5, nested=True, p=0.000001, flip=False, error=none
[51/60] devign__11_non_vulnerable_vnc_display_setup_auth: baseline p=0.000000, label=0, PDG=37/54, XFG=15
  node_add b=1 s=7: applied=1, nested=True, p=0.000004, flip=False, error=none
  node_add b=3 s=7: applied=3, nested=True, p=0.000004, flip=False, error=none
  node_add b=5 s=7: applied=5, nested=True, p=0.000004, flip=False, error=none
  node_add b=1 s=17: applied=1, nested=True, p=0.000000, flip=False, error=none
  node_add b=3 s=17: applied=3, nested=True, p=0.000000, flip=False, error=none
  node_add b=5 s=17: applied=5, nested=True, p=0.000001, flip=False, error=none
  node_add b=1 s=29: applied=1, nested=True, p=0.000000, flip=False, error=none
  node_add b=3 s=29: applied=3, nested=True, p=0.000004, flip=False, error=none
  node_add b=5 s=29: applied=5, nested=True, p=0.000004, flip=False, error=none
  node_add b=1 s=42: applied=1, nested=True, p=0.000001, flip=False, error=none
  node_add b=3 s=42: applied=3, nested=True, p=0.000001, flip=False, error=none
  node_add b=5 s=42: applied=5, nested=True, p=0.000001, flip=False, error=none
  node_add b=1 s=61: applied=1, nested=True, p=0.000004, flip=False, error=none
  node_add b=3 s=61: applied=3, nested=True, p=0.000004, flip=False, error=none
  node_add b=5 s=61: applied=5, nested=True, p=0.000004, flip=False, error=none
  node_add b=1 s=73: applied=1, nested=True, p=0.000000, flip=False, error=none
  node_add b=3 s=73: applied=3, nested=True, p=0.000001, flip=False, error=none
  node_add b=5 s=73: applied=5, nested=True, p=0.000001, flip=False, error=none
  node_add b=1 s=89: applied=1, nested=True, p=0.000000, flip=False, error=none
  node_add b=3 s=89: applied=3, nested=True, p=0.000000, flip=False, error=none
  node_add b=5 s=89: applied=5, nested=True, p=0.000004, flip=False, error=none
  node_add b=1 s=101: applied=1, nested=True, p=0.000000, flip=False, error=none
  node_add b=3 s=101: applied=3, nested=True, p=0.000004, flip=False, error=none
  node_add b=5 s=101: applied=5, nested=True, p=0.000004, flip=False, error=none
  node_add b=1 s=137: applied=1, nested=True, p=0.000000, flip=False, error=none
  node_add b=3 s=137: applied=3, nested=True, p=0.000000, flip=False, error=none
  node_add b=5 s=137: applied=5, nested=True, p=0.000004, flip=False, error=none
  node_add b=1 s=2026: applied=1, nested=True, p=0.000001, flip=False, error=none
  node_add b=3 s=2026: applied=3, nested=True, p=0.000004, flip=False, error=none
  node_add b=5 s=2026: applied=5, nested=True, p=0.000004, flip=False, error=none
  node_delete b=1 s=7: applied=1, nested=True, p=0.000000, flip=False, error=none
  node_delete b=3 s=7: applied=3, nested=True, p=0.000000, flip=False, error=none
  node_delete b=5 s=7: applied=5, nested=True, p=0.000654, flip=False, error=none
  node_delete b=1 s=17: applied=1, nested=True, p=0.000000, flip=False, error=none
  node_delete b=3 s=17: applied=3, nested=True, p=0.000654, flip=False, error=none
  node_delete b=5 s=17: applied=5, nested=True, p=0.000654, flip=False, error=none
  node_delete b=1 s=29: applied=1, nested=True, p=0.000069, flip=False, error=none
  node_delete b=3 s=29: applied=3, nested=True, p=0.000504, flip=False, error=none
  node_delete b=5 s=29: applied=5, nested=True, p=0.000654, flip=False, error=none
  node_delete b=1 s=42: applied=1, nested=True, p=0.000015, flip=False, error=none
  node_delete b=3 s=42: applied=3, nested=True, p=0.004779, flip=False, error=none
  node_delete b=5 s=42: applied=5, nested=True, p=0.004779, flip=False, error=none
  node_delete b=1 s=61: applied=1, nested=True, p=0.000000, flip=False, error=none
  node_delete b=3 s=61: applied=3, nested=True, p=0.000001, flip=False, error=none
  node_delete b=5 s=61: applied=5, nested=True, p=0.001046, flip=False, error=none
  node_delete b=1 s=73: applied=1, nested=True, p=0.000654, flip=False, error=none
  node_delete b=3 s=73: applied=3, nested=True, p=0.000654, flip=False, error=none
  node_delete b=5 s=73: applied=5, nested=True, p=0.024249, flip=False, error=none
  node_delete b=1 s=89: applied=1, nested=True, p=0.000504, flip=False, error=none
  node_delete b=3 s=89: applied=3, nested=True, p=0.004779, flip=False, error=none
  node_delete b=5 s=89: applied=5, nested=True, p=0.004779, flip=False, error=none
  node_delete b=1 s=101: applied=1, nested=True, p=0.000027, flip=False, error=none
  node_delete b=3 s=101: applied=3, nested=True, p=0.000027, flip=False, error=none
  node_delete b=5 s=101: applied=5, nested=True, p=0.000027, flip=False, error=none
  node_delete b=1 s=137: applied=1, nested=True, p=0.000504, flip=False, error=none
  node_delete b=3 s=137: applied=3, nested=True, p=0.000504, flip=False, error=none
  node_delete b=5 s=137: applied=5, nested=True, p=0.000654, flip=False, error=none
  node_delete b=1 s=2026: applied=1, nested=True, p=0.000654, flip=False, error=none
  node_delete b=3 s=2026: applied=3, nested=True, p=0.000654, flip=False, error=none
  node_delete b=5 s=2026: applied=5, nested=True, p=0.000654, flip=False, error=none
  node_attribute_modify b=1 s=7: applied=1, nested=True, p=0.000000, flip=False, error=none
  node_attribute_modify b=3 s=7: applied=3, nested=True, p=0.000000, flip=False, error=none
  node_attribute_modify b=5 s=7: applied=5, nested=True, p=0.021791, flip=False, error=none
  node_attribute_modify b=1 s=17: applied=1, nested=True, p=0.000000, flip=False, error=none
  node_attribute_modify b=3 s=17: applied=3, nested=True, p=0.000000, flip=False, error=none
  node_attribute_modify b=5 s=17: applied=5, nested=True, p=0.000001, flip=False, error=none
  node_attribute_modify b=1 s=29: applied=1, nested=True, p=0.000000, flip=False, error=none
  node_attribute_modify b=3 s=29: applied=3, nested=True, p=0.000000, flip=False, error=none
  node_attribute_modify b=5 s=29: applied=5, nested=True, p=0.000106, flip=False, error=none
  node_attribute_modify b=1 s=42: applied=1, nested=True, p=0.021791, flip=False, error=none
  node_attribute_modify b=3 s=42: applied=3, nested=True, p=0.108418, flip=False, error=none
  node_attribute_modify b=5 s=42: applied=5, nested=True, p=0.000808, flip=False, error=none
  node_attribute_modify b=1 s=61: applied=1, nested=True, p=0.000000, flip=False, error=none
  node_attribute_modify b=3 s=61: applied=3, nested=True, p=0.000000, flip=False, error=none
  node_attribute_modify b=5 s=61: applied=5, nested=True, p=0.000000, flip=False, error=none
  node_attribute_modify b=1 s=73: applied=1, nested=True, p=0.000000, flip=False, error=none
  node_attribute_modify b=3 s=73: applied=3, nested=True, p=0.000000, flip=False, error=none
  node_attribute_modify b=5 s=73: applied=5, nested=True, p=0.000000, flip=False, error=none
  node_attribute_modify b=1 s=89: applied=1, nested=True, p=0.000000, flip=False, error=none
  node_attribute_modify b=3 s=89: applied=3, nested=True, p=0.000135, flip=False, error=none
  node_attribute_modify b=5 s=89: applied=5, nested=True, p=0.186750, flip=False, error=none
  node_attribute_modify b=1 s=101: applied=1, nested=True, p=0.000000, flip=False, error=none
  node_attribute_modify b=3 s=101: applied=3, nested=True, p=0.000000, flip=False, error=none
  node_attribute_modify b=5 s=101: applied=5, nested=True, p=0.000000, flip=False, error=none
  node_attribute_modify b=1 s=137: applied=1, nested=True, p=0.000000, flip=False, error=none
  node_attribute_modify b=3 s=137: applied=3, nested=True, p=0.000000, flip=False, error=none
  node_attribute_modify b=5 s=137: applied=5, nested=True, p=0.000000, flip=False, error=none
  node_attribute_modify b=1 s=2026: applied=1, nested=True, p=0.000000, flip=False, error=none
  node_attribute_modify b=3 s=2026: applied=3, nested=True, p=0.000000, flip=False, error=none
  node_attribute_modify b=5 s=2026: applied=5, nested=True, p=0.021791, flip=False, error=none
  edge_add b=1 s=7: applied=1, nested=True, p=0.000786, flip=False, error=none
  edge_add b=3 s=7: applied=3, nested=True, p=0.038462, flip=False, error=none
  edge_add b=5 s=7: applied=5, nested=True, p=0.015444, flip=False, error=none
  edge_add b=1 s=17: applied=1, nested=True, p=0.000165, flip=False, error=none
  edge_add b=3 s=17: applied=3, nested=True, p=0.814610, flip=True, error=none
  edge_add b=5 s=17: applied=5, nested=True, p=0.837050, flip=True, error=none
  edge_add b=1 s=29: applied=1, nested=True, p=0.000000, flip=False, error=none
  edge_add b=3 s=29: applied=3, nested=True, p=0.000430, flip=False, error=none
  edge_add b=5 s=29: applied=5, nested=True, p=0.000430, flip=False, error=none
  edge_add b=1 s=42: applied=1, nested=True, p=0.000000, flip=False, error=none
  edge_add b=3 s=42: applied=3, nested=True, p=0.001549, flip=False, error=none
  edge_add b=5 s=42: applied=5, nested=True, p=0.001549, flip=False, error=none
  edge_add b=1 s=61: applied=1, nested=True, p=0.001724, flip=False, error=none
  edge_add b=3 s=61: applied=3, nested=True, p=0.016981, flip=False, error=none
  edge_add b=5 s=61: applied=5, nested=True, p=0.052332, flip=False, error=none
  edge_add b=1 s=73: applied=1, nested=True, p=0.000000, flip=False, error=none
  edge_add b=3 s=73: applied=3, nested=True, p=0.232840, flip=False, error=none
  edge_add b=5 s=73: applied=5, nested=True, p=0.232840, flip=False, error=none
  edge_add b=1 s=89: applied=1, nested=True, p=0.000000, flip=False, error=none
  edge_add b=3 s=89: applied=3, nested=True, p=0.000000, flip=False, error=none
  edge_add b=5 s=89: applied=5, nested=True, p=0.008147, flip=False, error=none
  edge_add b=1 s=101: applied=1, nested=True, p=0.000000, flip=False, error=none
  edge_add b=3 s=101: applied=3, nested=True, p=0.000005, flip=False, error=none
  edge_add b=5 s=101: applied=5, nested=True, p=0.000038, flip=False, error=none
  edge_add b=1 s=137: applied=1, nested=True, p=0.000000, flip=False, error=none
  edge_add b=3 s=137: applied=3, nested=True, p=0.000444, flip=False, error=none
  edge_add b=5 s=137: applied=5, nested=True, p=0.000951, flip=False, error=none
  edge_add b=1 s=2026: applied=1, nested=True, p=0.167965, flip=False, error=none
  edge_add b=3 s=2026: applied=3, nested=True, p=0.502640, flip=True, error=none
  edge_add b=5 s=2026: applied=5, nested=True, p=0.573906, flip=True, error=none
  edge_delete b=1 s=7: applied=1, nested=True, p=0.000000, flip=False, error=none
  edge_delete b=3 s=7: applied=3, nested=True, p=0.000000, flip=False, error=none
  edge_delete b=5 s=7: applied=5, nested=True, p=0.000059, flip=False, error=none
  edge_delete b=1 s=17: applied=1, nested=True, p=0.000001, flip=False, error=none
  edge_delete b=3 s=17: applied=3, nested=True, p=0.000436, flip=False, error=none
  edge_delete b=5 s=17: applied=5, nested=True, p=0.000654, flip=False, error=none
  edge_delete b=1 s=29: applied=1, nested=True, p=0.000000, flip=False, error=none
  edge_delete b=3 s=29: applied=3, nested=True, p=0.000000, flip=False, error=none
  edge_delete b=5 s=29: applied=5, nested=True, p=0.000000, flip=False, error=none
  edge_delete b=1 s=42: applied=1, nested=True, p=0.000000, flip=False, error=none
  edge_delete b=3 s=42: applied=3, nested=True, p=0.000231, flip=False, error=none
  edge_delete b=5 s=42: applied=5, nested=True, p=0.000231, flip=False, error=none
  edge_delete b=1 s=61: applied=1, nested=True, p=0.000069, flip=False, error=none
  edge_delete b=3 s=61: applied=3, nested=True, p=0.008819, flip=False, error=none
  edge_delete b=5 s=61: applied=5, nested=True, p=0.008819, flip=False, error=none
  edge_delete b=1 s=73: applied=1, nested=True, p=0.000654, flip=False, error=none
  edge_delete b=3 s=73: applied=3, nested=True, p=0.000654, flip=False, error=none
  edge_delete b=5 s=73: applied=5, nested=True, p=0.000654, flip=False, error=none
  edge_delete b=1 s=89: applied=1, nested=True, p=0.000654, flip=False, error=none
  edge_delete b=3 s=89: applied=3, nested=True, p=0.000654, flip=False, error=none
  edge_delete b=5 s=89: applied=5, nested=True, p=0.000654, flip=False, error=none
  edge_delete b=1 s=101: applied=1, nested=True, p=0.000005, flip=False, error=none
  edge_delete b=3 s=101: applied=3, nested=True, p=0.000654, flip=False, error=none
  edge_delete b=5 s=101: applied=5, nested=True, p=0.008819, flip=False, error=none
  edge_delete b=1 s=137: applied=1, nested=True, p=0.000000, flip=False, error=none
  edge_delete b=3 s=137: applied=3, nested=True, p=0.000654, flip=False, error=none
  edge_delete b=5 s=137: applied=5, nested=True, p=0.000654, flip=False, error=none
  edge_delete b=1 s=2026: applied=1, nested=True, p=0.000231, flip=False, error=none
  edge_delete b=3 s=2026: applied=3, nested=True, p=0.000436, flip=False, error=none
  edge_delete b=5 s=2026: applied=5, nested=True, p=0.000436, flip=False, error=none
  edge_reconnect b=1 s=7: applied=1, nested=True, p=0.000000, flip=False, error=none
  edge_reconnect b=3 s=7: applied=3, nested=True, p=0.000000, flip=False, error=none
  edge_reconnect b=5 s=7: applied=5, nested=True, p=0.000001, flip=False, error=none
  edge_reconnect b=1 s=17: applied=1, nested=True, p=0.000001, flip=False, error=none
  edge_reconnect b=3 s=17: applied=3, nested=True, p=0.000436, flip=False, error=none
  edge_reconnect b=5 s=17: applied=5, nested=True, p=0.000436, flip=False, error=none
  edge_reconnect b=1 s=29: applied=1, nested=True, p=0.000000, flip=False, error=none
  edge_reconnect b=3 s=29: applied=3, nested=True, p=0.000436, flip=False, error=none
  edge_reconnect b=5 s=29: applied=5, nested=True, p=0.000436, flip=False, error=none
  edge_reconnect b=1 s=42: applied=1, nested=True, p=0.000000, flip=False, error=none
  edge_reconnect b=3 s=42: applied=3, nested=True, p=0.000231, flip=False, error=none
  edge_reconnect b=5 s=42: applied=5, nested=True, p=0.000654, flip=False, error=none
  edge_reconnect b=1 s=61: applied=1, nested=True, p=0.000069, flip=False, error=none
  edge_reconnect b=3 s=61: applied=3, nested=True, p=0.000069, flip=False, error=none
  edge_reconnect b=5 s=61: applied=5, nested=True, p=0.000436, flip=False, error=none
  edge_reconnect b=1 s=73: applied=1, nested=True, p=0.000000, flip=False, error=none
  edge_reconnect b=3 s=73: applied=3, nested=True, p=0.000233, flip=False, error=none
  edge_reconnect b=5 s=73: applied=5, nested=True, p=0.000006, flip=False, error=none
  edge_reconnect b=1 s=89: applied=1, nested=True, p=0.000654, flip=False, error=none
  edge_reconnect b=3 s=89: applied=3, nested=True, p=0.000654, flip=False, error=none
  edge_reconnect b=5 s=89: applied=5, nested=True, p=0.004779, flip=False, error=none
  edge_reconnect b=1 s=101: applied=1, nested=True, p=0.000005, flip=False, error=none
  edge_reconnect b=3 s=101: applied=3, nested=True, p=0.000654, flip=False, error=none
  edge_reconnect b=5 s=101: applied=5, nested=True, p=0.000654, flip=False, error=none
  edge_reconnect b=1 s=137: applied=1, nested=True, p=0.000000, flip=False, error=none
  edge_reconnect b=3 s=137: applied=3, nested=True, p=0.000436, flip=False, error=none
  edge_reconnect b=5 s=137: applied=5, nested=True, p=0.000000, flip=False, error=none
  edge_reconnect b=1 s=2026: applied=1, nested=True, p=0.000231, flip=False, error=none
  edge_reconnect b=3 s=2026: applied=3, nested=True, p=0.000231, flip=False, error=none
  edge_reconnect b=5 s=2026: applied=5, nested=True, p=0.000231, flip=False, error=none
[52/60] devign__12_vulnerable_static_inline_void_qtrle_decode_2n4b: baseline p=0.000000, label=0, PDG=36/131, XFG=35
  node_add b=1 s=7: applied=1, nested=True, p=0.000000, flip=False, error=none
  node_add b=3 s=7: applied=3, nested=True, p=0.000000, flip=False, error=none
  node_add b=5 s=7: applied=5, nested=True, p=0.000000, flip=False, error=none
  node_add b=1 s=17: applied=1, nested=True, p=0.000000, flip=False, error=none
  node_add b=3 s=17: applied=3, nested=True, p=0.000000, flip=False, error=none
  node_add b=5 s=17: applied=5, nested=True, p=0.000000, flip=False, error=none
  node_add b=1 s=29: applied=1, nested=True, p=0.000000, flip=False, error=none
  node_add b=3 s=29: applied=3, nested=True, p=0.000000, flip=False, error=none
  node_add b=5 s=29: applied=5, nested=True, p=0.000000, flip=False, error=none
  node_add b=1 s=42: applied=1, nested=True, p=0.000000, flip=False, error=none
  node_add b=3 s=42: applied=3, nested=True, p=0.000000, flip=False, error=none
  node_add b=5 s=42: applied=5, nested=True, p=0.000000, flip=False, error=none
  node_add b=1 s=61: applied=1, nested=True, p=0.000000, flip=False, error=none
  node_add b=3 s=61: applied=3, nested=True, p=0.000000, flip=False, error=none
  node_add b=5 s=61: applied=5, nested=True, p=0.000000, flip=False, error=none
  node_add b=1 s=73: applied=1, nested=True, p=0.000000, flip=False, error=none
  node_add b=3 s=73: applied=3, nested=True, p=0.000000, flip=False, error=none
  node_add b=5 s=73: applied=5, nested=True, p=0.000000, flip=False, error=none
  node_add b=1 s=89: applied=1, nested=True, p=0.000000, flip=False, error=none
  node_add b=3 s=89: applied=3, nested=True, p=0.000000, flip=False, error=none
  node_add b=5 s=89: applied=5, nested=True, p=0.000000, flip=False, error=none
  node_add b=1 s=101: applied=1, nested=True, p=0.000000, flip=False, error=none
  node_add b=3 s=101: applied=3, nested=True, p=0.000000, flip=False, error=none
  node_add b=5 s=101: applied=5, nested=True, p=0.000000, flip=False, error=none
  node_add b=1 s=137: applied=1, nested=True, p=0.000000, flip=False, error=none
  node_add b=3 s=137: applied=3, nested=True, p=0.000000, flip=False, error=none
  node_add b=5 s=137: applied=5, nested=True, p=0.000000, flip=False, error=none
  node_add b=1 s=2026: applied=1, nested=True, p=0.000000, flip=False, error=none
  node_add b=3 s=2026: applied=3, nested=True, p=0.000000, flip=False, error=none
  node_add b=5 s=2026: applied=5, nested=True, p=0.000000, flip=False, error=none
  node_delete b=1 s=7: applied=1, nested=True, p=0.000000, flip=False, error=none
  node_delete b=3 s=7: applied=3, nested=True, p=0.000000, flip=False, error=none
  node_delete b=5 s=7: applied=5, nested=True, p=0.000000, flip=False, error=none
  node_delete b=1 s=17: applied=1, nested=True, p=0.000000, flip=False, error=none
  node_delete b=3 s=17: applied=3, nested=True, p=0.000000, flip=False, error=none
  node_delete b=5 s=17: applied=5, nested=True, p=0.000649, flip=False, error=none
  node_delete b=1 s=29: applied=1, nested=True, p=0.000000, flip=False, error=none
  node_delete b=3 s=29: applied=3, nested=True, p=0.000000, flip=False, error=none
  node_delete b=5 s=29: applied=5, nested=True, p=0.000000, flip=False, error=none
  node_delete b=1 s=42: applied=1, nested=True, p=0.000000, flip=False, error=none
  node_delete b=3 s=42: applied=3, nested=True, p=0.000000, flip=False, error=none
  node_delete b=5 s=42: applied=5, nested=True, p=0.000004, flip=False, error=none
  node_delete b=1 s=61: applied=1, nested=True, p=0.000036, flip=False, error=none
  node_delete b=3 s=61: applied=3, nested=True, p=0.000354, flip=False, error=none
  node_delete b=5 s=61: applied=5, nested=True, p=0.000059, flip=False, error=none
  node_delete b=1 s=73: applied=1, nested=True, p=0.000000, flip=False, error=none
  node_delete b=3 s=73: applied=3, nested=True, p=0.000000, flip=False, error=none
  node_delete b=5 s=73: applied=5, nested=True, p=0.000000, flip=False, error=none
  node_delete b=1 s=89: applied=1, nested=True, p=0.000000, flip=False, error=none
  node_delete b=3 s=89: applied=3, nested=True, p=0.000011, flip=False, error=none
  node_delete b=5 s=89: applied=5, nested=True, p=0.000011, flip=False, error=none
  node_delete b=1 s=101: applied=1, nested=True, p=0.000000, flip=False, error=none
  node_delete b=3 s=101: applied=3, nested=True, p=0.000000, flip=False, error=none
  node_delete b=5 s=101: applied=5, nested=True, p=0.000000, flip=False, error=none
  node_delete b=1 s=137: applied=1, nested=True, p=0.000000, flip=False, error=none
  node_delete b=3 s=137: applied=3, nested=True, p=0.000016, flip=False, error=none
  node_delete b=5 s=137: applied=5, nested=True, p=0.000008, flip=False, error=none
  node_delete b=1 s=2026: applied=1, nested=True, p=0.000000, flip=False, error=none
  node_delete b=3 s=2026: applied=3, nested=True, p=0.000000, flip=False, error=none
  node_delete b=5 s=2026: applied=5, nested=True, p=0.000010, flip=False, error=none
  node_attribute_modify b=1 s=7: applied=1, nested=True, p=0.000000, flip=False, error=none
  node_attribute_modify b=3 s=7: applied=3, nested=True, p=0.000000, flip=False, error=none
  node_attribute_modify b=5 s=7: applied=5, nested=True, p=0.000000, flip=False, error=none
  node_attribute_modify b=1 s=17: applied=1, nested=True, p=0.002716, flip=False, error=none
  node_attribute_modify b=3 s=17: applied=3, nested=True, p=0.002716, flip=False, error=none
  node_attribute_modify b=5 s=17: applied=5, nested=True, p=0.002716, flip=False, error=none
  node_attribute_modify b=1 s=29: applied=1, nested=True, p=0.000000, flip=False, error=none
  node_attribute_modify b=3 s=29: applied=3, nested=True, p=0.000000, flip=False, error=none
  node_attribute_modify b=5 s=29: applied=5, nested=True, p=0.000000, flip=False, error=none
  node_attribute_modify b=1 s=42: applied=1, nested=True, p=0.000000, flip=False, error=none
  node_attribute_modify b=3 s=42: applied=3, nested=True, p=0.000000, flip=False, error=none
  node_attribute_modify b=5 s=42: applied=5, nested=True, p=0.000000, flip=False, error=none
  node_attribute_modify b=1 s=61: applied=1, nested=True, p=0.000000, flip=False, error=none
  node_attribute_modify b=3 s=61: applied=3, nested=True, p=0.000000, flip=False, error=none
  node_attribute_modify b=5 s=61: applied=5, nested=True, p=0.000001, flip=False, error=none
  node_attribute_modify b=1 s=73: applied=1, nested=True, p=0.000000, flip=False, error=none
  node_attribute_modify b=3 s=73: applied=3, nested=True, p=0.000001, flip=False, error=none
  node_attribute_modify b=5 s=73: applied=5, nested=True, p=0.000001, flip=False, error=none
  node_attribute_modify b=1 s=89: applied=1, nested=True, p=0.000000, flip=False, error=none
  node_attribute_modify b=3 s=89: applied=3, nested=True, p=0.000000, flip=False, error=none
  node_attribute_modify b=5 s=89: applied=5, nested=True, p=0.000000, flip=False, error=none
  node_attribute_modify b=1 s=101: applied=1, nested=True, p=0.000000, flip=False, error=none
  node_attribute_modify b=3 s=101: applied=3, nested=True, p=0.004096, flip=False, error=none
  node_attribute_modify b=5 s=101: applied=5, nested=True, p=0.004096, flip=False, error=none
  node_attribute_modify b=1 s=137: applied=1, nested=True, p=0.000000, flip=False, error=none
  node_attribute_modify b=3 s=137: applied=3, nested=True, p=0.000000, flip=False, error=none
  node_attribute_modify b=5 s=137: applied=5, nested=True, p=0.000000, flip=False, error=none
  node_attribute_modify b=1 s=2026: applied=1, nested=True, p=0.000000, flip=False, error=none
  node_attribute_modify b=3 s=2026: applied=3, nested=True, p=0.000000, flip=False, error=none
  node_attribute_modify b=5 s=2026: applied=5, nested=True, p=0.007442, flip=False, error=none
  edge_add b=1 s=7: applied=1, nested=True, p=0.000000, flip=False, error=none
  edge_add b=3 s=7: applied=3, nested=True, p=0.000000, flip=False, error=none
  edge_add b=5 s=7: applied=5, nested=True, p=0.000000, flip=False, error=none
  edge_add b=1 s=17: applied=1, nested=True, p=0.000000, flip=False, error=none
  edge_add b=3 s=17: applied=3, nested=True, p=0.000000, flip=False, error=none
  edge_add b=5 s=17: applied=5, nested=True, p=0.000000, flip=False, error=none
  edge_add b=1 s=29: applied=1, nested=True, p=0.000000, flip=False, error=none
  edge_add b=3 s=29: applied=3, nested=True, p=0.000000, flip=False, error=none
  edge_add b=5 s=29: applied=5, nested=True, p=0.000000, flip=False, error=none
  edge_add b=1 s=42: applied=1, nested=True, p=0.000000, flip=False, error=none
  edge_add b=3 s=42: applied=3, nested=True, p=0.000000, flip=False, error=none
  edge_add b=5 s=42: applied=5, nested=True, p=0.000000, flip=False, error=none
  edge_add b=1 s=61: applied=1, nested=True, p=0.000000, flip=False, error=none
  edge_add b=3 s=61: applied=3, nested=True, p=0.000000, flip=False, error=none
  edge_add b=5 s=61: applied=5, nested=True, p=0.000000, flip=False, error=none
  edge_add b=1 s=73: applied=1, nested=True, p=0.000000, flip=False, error=none
  edge_add b=3 s=73: applied=3, nested=True, p=0.000000, flip=False, error=none
  edge_add b=5 s=73: applied=5, nested=True, p=0.000000, flip=False, error=none
  edge_add b=1 s=89: applied=1, nested=True, p=0.000000, flip=False, error=none
  edge_add b=3 s=89: applied=3, nested=True, p=0.000000, flip=False, error=none
  edge_add b=5 s=89: applied=5, nested=True, p=0.000000, flip=False, error=none
  edge_add b=1 s=101: applied=1, nested=True, p=0.000000, flip=False, error=none
  edge_add b=3 s=101: applied=3, nested=True, p=0.000000, flip=False, error=none
  edge_add b=5 s=101: applied=5, nested=True, p=0.000000, flip=False, error=none
  edge_add b=1 s=137: applied=1, nested=True, p=0.000000, flip=False, error=none
  edge_add b=3 s=137: applied=3, nested=True, p=0.000000, flip=False, error=none
  edge_add b=5 s=137: applied=5, nested=True, p=0.000000, flip=False, error=none
  edge_add b=1 s=2026: applied=1, nested=True, p=0.000000, flip=False, error=none
  edge_add b=3 s=2026: applied=3, nested=True, p=0.000000, flip=False, error=none
  edge_add b=5 s=2026: applied=5, nested=True, p=0.000000, flip=False, error=none
  edge_delete b=1 s=7: applied=1, nested=True, p=0.000000, flip=False, error=none
  edge_delete b=3 s=7: applied=3, nested=True, p=0.000030, flip=False, error=none
  edge_delete b=5 s=7: applied=5, nested=True, p=0.000033, flip=False, error=none
  edge_delete b=1 s=17: applied=1, nested=True, p=0.000000, flip=False, error=none
  edge_delete b=3 s=17: applied=3, nested=True, p=0.000000, flip=False, error=none
  edge_delete b=5 s=17: applied=5, nested=True, p=0.000000, flip=False, error=none
  edge_delete b=1 s=29: applied=1, nested=True, p=0.000000, flip=False, error=none
  edge_delete b=3 s=29: applied=3, nested=True, p=0.000000, flip=False, error=none
  edge_delete b=5 s=29: applied=5, nested=True, p=0.000000, flip=False, error=none
  edge_delete b=1 s=42: applied=1, nested=True, p=0.000000, flip=False, error=none
  edge_delete b=3 s=42: applied=3, nested=True, p=0.000000, flip=False, error=none
  edge_delete b=5 s=42: applied=5, nested=True, p=0.000000, flip=False, error=none
  edge_delete b=1 s=61: applied=1, nested=True, p=0.000000, flip=False, error=none
  edge_delete b=3 s=61: applied=3, nested=True, p=0.000000, flip=False, error=none
  edge_delete b=5 s=61: applied=5, nested=True, p=0.000002, flip=False, error=none
  edge_delete b=1 s=73: applied=1, nested=True, p=0.000000, flip=False, error=none
  edge_delete b=3 s=73: applied=3, nested=True, p=0.000000, flip=False, error=none
  edge_delete b=5 s=73: applied=5, nested=True, p=0.000000, flip=False, error=none
  edge_delete b=1 s=89: applied=1, nested=True, p=0.000000, flip=False, error=none
  edge_delete b=3 s=89: applied=3, nested=True, p=0.000000, flip=False, error=none
  edge_delete b=5 s=89: applied=5, nested=True, p=0.000000, flip=False, error=none
  edge_delete b=1 s=101: applied=1, nested=True, p=0.000000, flip=False, error=none
  edge_delete b=3 s=101: applied=3, nested=True, p=0.000000, flip=False, error=none
  edge_delete b=5 s=101: applied=5, nested=True, p=0.000000, flip=False, error=none
  edge_delete b=1 s=137: applied=1, nested=True, p=0.000000, flip=False, error=none
  edge_delete b=3 s=137: applied=3, nested=True, p=0.000000, flip=False, error=none
  edge_delete b=5 s=137: applied=5, nested=True, p=0.000000, flip=False, error=none
  edge_delete b=1 s=2026: applied=1, nested=True, p=0.000000, flip=False, error=none
  edge_delete b=3 s=2026: applied=3, nested=True, p=0.000000, flip=False, error=none
  edge_delete b=5 s=2026: applied=5, nested=True, p=0.000000, flip=False, error=none
  edge_reconnect b=1 s=7: applied=1, nested=True, p=0.000000, flip=False, error=none
  edge_reconnect b=3 s=7: applied=3, nested=True, p=0.000000, flip=False, error=none
  edge_reconnect b=5 s=7: applied=5, nested=True, p=0.000000, flip=False, error=none
  edge_reconnect b=1 s=17: applied=1, nested=True, p=0.000000, flip=False, error=none
  edge_reconnect b=3 s=17: applied=3, nested=True, p=0.000000, flip=False, error=none
  edge_reconnect b=5 s=17: applied=5, nested=True, p=0.000000, flip=False, error=none
  edge_reconnect b=1 s=29: applied=1, nested=True, p=0.000000, flip=False, error=none
  edge_reconnect b=3 s=29: applied=3, nested=True, p=0.000000, flip=False, error=none
  edge_reconnect b=5 s=29: applied=5, nested=True, p=0.000000, flip=False, error=none
  edge_reconnect b=1 s=42: applied=1, nested=True, p=0.000000, flip=False, error=none
  edge_reconnect b=3 s=42: applied=3, nested=True, p=0.000000, flip=False, error=none
  edge_reconnect b=5 s=42: applied=5, nested=True, p=0.000000, flip=False, error=none
  edge_reconnect b=1 s=61: applied=1, nested=True, p=0.000000, flip=False, error=none
  edge_reconnect b=3 s=61: applied=3, nested=True, p=0.000000, flip=False, error=none
  edge_reconnect b=5 s=61: applied=5, nested=True, p=0.000000, flip=False, error=none
  edge_reconnect b=1 s=73: applied=1, nested=True, p=0.000000, flip=False, error=none
  edge_reconnect b=3 s=73: applied=3, nested=True, p=0.000000, flip=False, error=none
  edge_reconnect b=5 s=73: applied=5, nested=True, p=0.000000, flip=False, error=none
  edge_reconnect b=1 s=89: applied=1, nested=True, p=0.000000, flip=False, error=none
  edge_reconnect b=3 s=89: applied=3, nested=True, p=0.000000, flip=False, error=none
  edge_reconnect b=5 s=89: applied=5, nested=True, p=0.000000, flip=False, error=none
  edge_reconnect b=1 s=101: applied=1, nested=True, p=0.000000, flip=False, error=none
  edge_reconnect b=3 s=101: applied=3, nested=True, p=0.000000, flip=False, error=none
  edge_reconnect b=5 s=101: applied=5, nested=True, p=0.000000, flip=False, error=none
  edge_reconnect b=1 s=137: applied=1, nested=True, p=0.000000, flip=False, error=none
  edge_reconnect b=3 s=137: applied=3, nested=True, p=0.000000, flip=False, error=none
  edge_reconnect b=5 s=137: applied=5, nested=True, p=0.000000, flip=False, error=none
  edge_reconnect b=1 s=2026: applied=1, nested=True, p=0.000000, flip=False, error=none
  edge_reconnect b=3 s=2026: applied=3, nested=True, p=0.000000, flip=False, error=none
  edge_reconnect b=5 s=2026: applied=5, nested=True, p=0.000000, flip=False, error=none
[53/60] devign__13_non_vulnerable_static_void_sctlr_write: baseline p=0.000000, label=0, PDG=7/9, XFG=2
  node_add b=1 s=7: applied=1, nested=True, p=0.000000, flip=False, error=none
  node_add b=3 s=7: applied=3, nested=True, p=0.000002, flip=False, error=none
  node_add b=5 s=7: applied=5, nested=True, p=0.000004, flip=False, error=none
  node_add b=1 s=17: applied=1, nested=True, p=0.000000, flip=False, error=none
  node_add b=3 s=17: applied=3, nested=True, p=0.000000, flip=False, error=none
  node_add b=5 s=17: applied=5, nested=True, p=0.000000, flip=False, error=none
  node_add b=1 s=29: applied=1, nested=True, p=0.000000, flip=False, error=none
  node_add b=3 s=29: applied=3, nested=True, p=0.000000, flip=False, error=none
  node_add b=5 s=29: applied=5, nested=True, p=0.000000, flip=False, error=none
  node_add b=1 s=42: applied=1, nested=True, p=0.000000, flip=False, error=none
  node_add b=3 s=42: applied=3, nested=True, p=0.000000, flip=False, error=none
  node_add b=5 s=42: applied=5, nested=True, p=0.000001, flip=False, error=none
  node_add b=1 s=61: applied=1, nested=True, p=0.000000, flip=False, error=none
  node_add b=3 s=61: applied=3, nested=True, p=0.000007, flip=False, error=none
  node_add b=5 s=61: applied=5, nested=True, p=0.000005, flip=False, error=none
  node_add b=1 s=73: applied=1, nested=True, p=0.000000, flip=False, error=none
  node_add b=3 s=73: applied=3, nested=True, p=0.000013, flip=False, error=none
  node_add b=5 s=73: applied=5, nested=True, p=0.000093, flip=False, error=none
  node_add b=1 s=89: applied=1, nested=True, p=0.000000, flip=False, error=none
  node_add b=3 s=89: applied=3, nested=True, p=0.000000, flip=False, error=none
  node_add b=5 s=89: applied=5, nested=True, p=0.000002, flip=False, error=none
  node_add b=1 s=101: applied=1, nested=True, p=0.000000, flip=False, error=none
  node_add b=3 s=101: applied=3, nested=True, p=0.000000, flip=False, error=none
  node_add b=5 s=101: applied=5, nested=True, p=0.000000, flip=False, error=none
  node_add b=1 s=137: applied=1, nested=True, p=0.000000, flip=False, error=none
  node_add b=3 s=137: applied=3, nested=True, p=0.000000, flip=False, error=none
  node_add b=5 s=137: applied=5, nested=True, p=0.000001, flip=False, error=none
  node_add b=1 s=2026: applied=1, nested=True, p=0.000000, flip=False, error=none
  node_add b=3 s=2026: applied=3, nested=True, p=0.000000, flip=False, error=none
  node_add b=5 s=2026: applied=5, nested=True, p=0.000000, flip=False, error=none
  node_delete b=1 s=7: applied=1, nested=True, p=0.000000, flip=False, error=none
  node_delete b=3 s=7: applied=3, nested=True, p=0.000000, flip=False, error=none
  node_delete b=5 s=7: applied=5, nested=True, p=0.000002, flip=False, error=none
  node_delete b=1 s=17: applied=1, nested=True, p=0.000000, flip=False, error=none
  node_delete b=3 s=17: applied=3, nested=True, p=0.000032, flip=False, error=none
  node_delete b=5 s=17: applied=5, nested=True, p=0.000002, flip=False, error=none
  node_delete b=1 s=29: applied=1, nested=True, p=0.000000, flip=False, error=none
  node_delete b=3 s=29: applied=3, nested=True, p=0.000001, flip=False, error=none
  node_delete b=5 s=29: applied=5, nested=True, p=0.000002, flip=False, error=none
  node_delete b=1 s=42: applied=1, nested=True, p=0.000000, flip=False, error=none
  node_delete b=3 s=42: applied=3, nested=True, p=0.000000, flip=False, error=none
  node_delete b=5 s=42: applied=5, nested=True, p=0.000002, flip=False, error=none
  node_delete b=1 s=61: applied=1, nested=True, p=0.000000, flip=False, error=none
  node_delete b=3 s=61: applied=3, nested=True, p=0.000032, flip=False, error=none
  node_delete b=5 s=61: applied=5, nested=True, p=0.000002, flip=False, error=none
  node_delete b=1 s=73: applied=1, nested=True, p=0.000000, flip=False, error=none
  node_delete b=3 s=73: applied=3, nested=True, p=0.000001, flip=False, error=none
  node_delete b=5 s=73: applied=5, nested=True, p=0.000002, flip=False, error=none
  node_delete b=1 s=89: applied=1, nested=True, p=0.000000, flip=False, error=none
  node_delete b=3 s=89: applied=3, nested=True, p=0.000000, flip=False, error=none
  node_delete b=5 s=89: applied=5, nested=True, p=0.000002, flip=False, error=none
  node_delete b=1 s=101: applied=1, nested=True, p=0.000000, flip=False, error=none
  node_delete b=3 s=101: applied=3, nested=True, p=0.000032, flip=False, error=none
  node_delete b=5 s=101: applied=5, nested=True, p=0.000002, flip=False, error=none
  node_delete b=1 s=137: applied=1, nested=True, p=0.000000, flip=False, error=none
  node_delete b=3 s=137: applied=3, nested=True, p=0.000000, flip=False, error=none
  node_delete b=5 s=137: applied=5, nested=True, p=0.000002, flip=False, error=none
  node_delete b=1 s=2026: applied=1, nested=True, p=0.000000, flip=False, error=none
  node_delete b=3 s=2026: applied=3, nested=True, p=0.000044, flip=False, error=none
  node_delete b=5 s=2026: applied=5, nested=True, p=0.000002, flip=False, error=none
  node_attribute_modify b=1 s=7: applied=1, nested=True, p=0.000000, flip=False, error=none
  node_attribute_modify b=3 s=7: applied=3, nested=True, p=0.000000, flip=False, error=none
  node_attribute_modify b=5 s=7: applied=5, nested=True, p=0.000000, flip=False, error=none
  node_attribute_modify b=1 s=17: applied=1, nested=True, p=0.000000, flip=False, error=none
  node_attribute_modify b=3 s=17: applied=3, nested=True, p=0.000356, flip=False, error=none
  node_attribute_modify b=5 s=17: applied=5, nested=True, p=0.000037, flip=False, error=none
  node_attribute_modify b=1 s=29: applied=1, nested=True, p=0.000000, flip=False, error=none
  node_attribute_modify b=3 s=29: applied=3, nested=True, p=0.000000, flip=False, error=none
  node_attribute_modify b=5 s=29: applied=5, nested=True, p=0.000860, flip=False, error=none
  node_attribute_modify b=1 s=42: applied=1, nested=True, p=0.000007, flip=False, error=none
  node_attribute_modify b=3 s=42: applied=3, nested=True, p=0.000001, flip=False, error=none
  node_attribute_modify b=5 s=42: applied=5, nested=True, p=0.000048, flip=False, error=none
  node_attribute_modify b=1 s=61: applied=1, nested=True, p=0.000000, flip=False, error=none
  node_attribute_modify b=3 s=61: applied=3, nested=True, p=0.000001, flip=False, error=none
  node_attribute_modify b=5 s=61: applied=5, nested=True, p=0.000001, flip=False, error=none
  node_attribute_modify b=1 s=73: applied=1, nested=True, p=0.000000, flip=False, error=none
  node_attribute_modify b=3 s=73: applied=3, nested=True, p=0.000016, flip=False, error=none
  node_attribute_modify b=5 s=73: applied=5, nested=True, p=0.000067, flip=False, error=none
  node_attribute_modify b=1 s=89: applied=1, nested=True, p=0.000000, flip=False, error=none
  node_attribute_modify b=3 s=89: applied=3, nested=True, p=0.044958, flip=False, error=none
  node_attribute_modify b=5 s=89: applied=5, nested=True, p=0.064289, flip=False, error=none
  node_attribute_modify b=1 s=101: applied=1, nested=True, p=0.000000, flip=False, error=none
  node_attribute_modify b=3 s=101: applied=3, nested=True, p=0.000511, flip=False, error=none
  node_attribute_modify b=5 s=101: applied=5, nested=True, p=0.044216, flip=False, error=none
  node_attribute_modify b=1 s=137: applied=1, nested=True, p=0.000000, flip=False, error=none
  node_attribute_modify b=3 s=137: applied=3, nested=True, p=0.000000, flip=False, error=none
  node_attribute_modify b=5 s=137: applied=5, nested=True, p=0.000000, flip=False, error=none
  node_attribute_modify b=1 s=2026: applied=1, nested=True, p=0.000000, flip=False, error=none
  node_attribute_modify b=3 s=2026: applied=3, nested=True, p=0.000010, flip=False, error=none
  node_attribute_modify b=5 s=2026: applied=5, nested=True, p=0.000001, flip=False, error=none
  edge_add b=1 s=7: applied=1, nested=True, p=0.000002, flip=False, error=none
  edge_add b=3 s=7: applied=3, nested=True, p=0.000009, flip=False, error=none
  edge_add b=5 s=7: applied=5, nested=True, p=0.000018, flip=False, error=none
  edge_add b=1 s=17: applied=1, nested=True, p=0.000000, flip=False, error=none
  edge_add b=3 s=17: applied=3, nested=True, p=0.000000, flip=False, error=none
  edge_add b=5 s=17: applied=5, nested=True, p=0.000001, flip=False, error=none
  edge_add b=1 s=29: applied=1, nested=True, p=0.000000, flip=False, error=none
  edge_add b=3 s=29: applied=3, nested=True, p=0.000009, flip=False, error=none
  edge_add b=5 s=29: applied=5, nested=True, p=0.000006, flip=False, error=none
  edge_add b=1 s=42: applied=1, nested=True, p=0.000000, flip=False, error=none
  edge_add b=3 s=42: applied=3, nested=True, p=0.000005, flip=False, error=none
  edge_add b=5 s=42: applied=5, nested=True, p=0.000006, flip=False, error=none
  edge_add b=1 s=61: applied=1, nested=True, p=0.000000, flip=False, error=none
  edge_add b=3 s=61: applied=3, nested=True, p=0.000000, flip=False, error=none
  edge_add b=5 s=61: applied=5, nested=True, p=0.000000, flip=False, error=none
  edge_add b=1 s=73: applied=1, nested=True, p=0.000000, flip=False, error=none
  edge_add b=3 s=73: applied=3, nested=True, p=0.000007, flip=False, error=none
  edge_add b=5 s=73: applied=5, nested=True, p=0.000006, flip=False, error=none
  edge_add b=1 s=89: applied=1, nested=True, p=0.000000, flip=False, error=none
  edge_add b=3 s=89: applied=3, nested=True, p=0.000001, flip=False, error=none
  edge_add b=5 s=89: applied=5, nested=True, p=0.000000, flip=False, error=none
  edge_add b=1 s=101: applied=1, nested=True, p=0.000000, flip=False, error=none
  edge_add b=3 s=101: applied=3, nested=True, p=0.000001, flip=False, error=none
  edge_add b=5 s=101: applied=5, nested=True, p=0.000007, flip=False, error=none
  edge_add b=1 s=137: applied=1, nested=True, p=0.000000, flip=False, error=none
  edge_add b=3 s=137: applied=3, nested=True, p=0.000002, flip=False, error=none
  edge_add b=5 s=137: applied=5, nested=True, p=0.000018, flip=False, error=none
  edge_add b=1 s=2026: applied=1, nested=True, p=0.000000, flip=False, error=none
  edge_add b=3 s=2026: applied=3, nested=True, p=0.000004, flip=False, error=none
  edge_add b=5 s=2026: applied=5, nested=True, p=0.000017, flip=False, error=none
  edge_delete b=1 s=7: applied=1, nested=True, p=0.000000, flip=False, error=none
  edge_delete b=3 s=7: applied=3, nested=True, p=0.000000, flip=False, error=none
  edge_delete b=5 s=7: applied=5, nested=True, p=0.000000, flip=False, error=none
  edge_delete b=1 s=17: applied=1, nested=True, p=0.000000, flip=False, error=none
  edge_delete b=3 s=17: applied=3, nested=True, p=0.000006, flip=False, error=none
  edge_delete b=5 s=17: applied=5, nested=True, p=0.000004, flip=False, error=none
  edge_delete b=1 s=29: applied=1, nested=True, p=0.000000, flip=False, error=none
  edge_delete b=3 s=29: applied=3, nested=True, p=0.000000, flip=False, error=none
  edge_delete b=5 s=29: applied=5, nested=True, p=0.000014, flip=False, error=none
  edge_delete b=1 s=42: applied=1, nested=True, p=0.000000, flip=False, error=none
  edge_delete b=3 s=42: applied=3, nested=True, p=0.000000, flip=False, error=none
  edge_delete b=5 s=42: applied=5, nested=True, p=0.000000, flip=False, error=none
  edge_delete b=1 s=61: applied=1, nested=True, p=0.000000, flip=False, error=none
  edge_delete b=3 s=61: applied=3, nested=True, p=0.000032, flip=False, error=none
  edge_delete b=5 s=61: applied=5, nested=True, p=0.000045, flip=False, error=none
  edge_delete b=1 s=73: applied=1, nested=True, p=0.000000, flip=False, error=none
  edge_delete b=3 s=73: applied=3, nested=True, p=0.000000, flip=False, error=none
  edge_delete b=5 s=73: applied=5, nested=True, p=0.000010, flip=False, error=none
  edge_delete b=1 s=89: applied=1, nested=True, p=0.000000, flip=False, error=none
  edge_delete b=3 s=89: applied=3, nested=True, p=0.000000, flip=False, error=none
  edge_delete b=5 s=89: applied=5, nested=True, p=0.000000, flip=False, error=none
  edge_delete b=1 s=101: applied=1, nested=True, p=0.000000, flip=False, error=none
  edge_delete b=3 s=101: applied=3, nested=True, p=0.000000, flip=False, error=none
  edge_delete b=5 s=101: applied=5, nested=True, p=0.000000, flip=False, error=none
  edge_delete b=1 s=137: applied=1, nested=True, p=0.000000, flip=False, error=none
  edge_delete b=3 s=137: applied=3, nested=True, p=0.000010, flip=False, error=none
  edge_delete b=5 s=137: applied=5, nested=True, p=0.000000, flip=False, error=none
  edge_delete b=1 s=2026: applied=1, nested=True, p=0.000000, flip=False, error=none
  edge_delete b=3 s=2026: applied=3, nested=True, p=0.000010, flip=False, error=none
  edge_delete b=5 s=2026: applied=5, nested=True, p=0.000065, flip=False, error=none
  edge_reconnect b=1 s=7: applied=1, nested=True, p=0.000000, flip=False, error=none
  edge_reconnect b=3 s=7: applied=3, nested=True, p=0.000001, flip=False, error=none
  edge_reconnect b=5 s=7: applied=5, nested=True, p=0.000000, flip=False, error=none
  edge_reconnect b=1 s=17: applied=1, nested=True, p=0.000000, flip=False, error=none
  edge_reconnect b=3 s=17: applied=3, nested=True, p=0.000000, flip=False, error=none
  edge_reconnect b=5 s=17: applied=5, nested=True, p=0.000001, flip=False, error=none
  edge_reconnect b=1 s=29: applied=1, nested=True, p=0.000000, flip=False, error=none
  edge_reconnect b=3 s=29: applied=3, nested=True, p=0.000000, flip=False, error=none
  edge_reconnect b=5 s=29: applied=5, nested=True, p=0.000001, flip=False, error=none
  edge_reconnect b=1 s=42: applied=1, nested=True, p=0.000000, flip=False, error=none
  edge_reconnect b=3 s=42: applied=3, nested=True, p=0.000000, flip=False, error=none
  edge_reconnect b=5 s=42: applied=5, nested=True, p=0.000000, flip=False, error=none
  edge_reconnect b=1 s=61: applied=1, nested=True, p=0.000000, flip=False, error=none
  edge_reconnect b=3 s=61: applied=3, nested=True, p=0.000000, flip=False, error=none
  edge_reconnect b=5 s=61: applied=5, nested=True, p=0.000001, flip=False, error=none
  edge_reconnect b=1 s=73: applied=1, nested=True, p=0.000000, flip=False, error=none
  edge_reconnect b=3 s=73: applied=3, nested=True, p=0.000000, flip=False, error=none
  edge_reconnect b=5 s=73: applied=5, nested=True, p=0.000001, flip=False, error=none
  edge_reconnect b=1 s=89: applied=1, nested=True, p=0.000000, flip=False, error=none
  edge_reconnect b=3 s=89: applied=3, nested=True, p=0.000000, flip=False, error=none
  edge_reconnect b=5 s=89: applied=5, nested=True, p=0.000001, flip=False, error=none
  edge_reconnect b=1 s=101: applied=1, nested=True, p=0.000000, flip=False, error=none
  edge_reconnect b=3 s=101: applied=3, nested=True, p=0.000001, flip=False, error=none
  edge_reconnect b=5 s=101: applied=5, nested=True, p=0.000006, flip=False, error=none
  edge_reconnect b=1 s=137: applied=1, nested=True, p=0.000000, flip=False, error=none
  edge_reconnect b=3 s=137: applied=3, nested=True, p=0.000000, flip=False, error=none
  edge_reconnect b=5 s=137: applied=5, nested=True, p=0.000000, flip=False, error=none
  edge_reconnect b=1 s=2026: applied=1, nested=True, p=0.000000, flip=False, error=none
  edge_reconnect b=3 s=2026: applied=3, nested=True, p=0.000000, flip=False, error=none
  edge_reconnect b=5 s=2026: applied=5, nested=True, p=0.000000, flip=False, error=none
[54/60] devign__14_vulnerable_static_int_decode_mb_info: baseline p=0.223510, label=0, PDG=66/217, XFG=57
  node_add b=1 s=7: applied=1, nested=True, p=0.223510, flip=False, error=none
  node_add b=3 s=7: applied=3, nested=True, p=0.354531, flip=False, error=none
  node_add b=5 s=7: applied=5, nested=True, p=0.287272, flip=False, error=none
  node_add b=1 s=17: applied=1, nested=True, p=0.223510, flip=False, error=none
  node_add b=3 s=17: applied=3, nested=True, p=0.223510, flip=False, error=none
  node_add b=5 s=17: applied=5, nested=True, p=0.223510, flip=False, error=none
  node_add b=1 s=29: applied=1, nested=True, p=0.178338, flip=False, error=none
  node_add b=3 s=29: applied=3, nested=True, p=0.178338, flip=False, error=none
  node_add b=5 s=29: applied=5, nested=True, p=0.178338, flip=False, error=none
  node_add b=1 s=42: applied=1, nested=True, p=0.223510, flip=False, error=none
  node_add b=3 s=42: applied=3, nested=True, p=0.223510, flip=False, error=none
  node_add b=5 s=42: applied=5, nested=True, p=0.223510, flip=False, error=none
  node_add b=1 s=61: applied=1, nested=True, p=0.223510, flip=False, error=none
  node_add b=3 s=61: applied=3, nested=True, p=0.223510, flip=False, error=none
  node_add b=5 s=61: applied=5, nested=True, p=0.223510, flip=False, error=none
  node_add b=1 s=73: applied=1, nested=True, p=0.223510, flip=False, error=none
  node_add b=3 s=73: applied=3, nested=True, p=0.223510, flip=False, error=none
  node_add b=5 s=73: applied=5, nested=True, p=0.223510, flip=False, error=none
  node_add b=1 s=89: applied=1, nested=True, p=0.223510, flip=False, error=none
  node_add b=3 s=89: applied=3, nested=True, p=0.223510, flip=False, error=none
  node_add b=5 s=89: applied=5, nested=True, p=0.223510, flip=False, error=none
  node_add b=1 s=101: applied=1, nested=True, p=0.223510, flip=False, error=none
  node_add b=3 s=101: applied=3, nested=True, p=0.223510, flip=False, error=none
  node_add b=5 s=101: applied=5, nested=True, p=0.223510, flip=False, error=none
  node_add b=1 s=137: applied=1, nested=True, p=0.178338, flip=False, error=none
  node_add b=3 s=137: applied=3, nested=True, p=0.178338, flip=False, error=none
  node_add b=5 s=137: applied=5, nested=True, p=0.178338, flip=False, error=none
  node_add b=1 s=2026: applied=1, nested=True, p=0.223510, flip=False, error=none
  node_add b=3 s=2026: applied=3, nested=True, p=0.223510, flip=False, error=none
  node_add b=5 s=2026: applied=5, nested=True, p=0.223510, flip=False, error=none
  node_delete b=1 s=7: applied=1, nested=True, p=0.223510, flip=False, error=none
  node_delete b=3 s=7: applied=3, nested=True, p=0.314890, flip=False, error=none
  node_delete b=5 s=7: applied=5, nested=True, p=0.087591, flip=False, error=none
  node_delete b=1 s=17: applied=1, nested=True, p=0.223510, flip=False, error=none
  node_delete b=3 s=17: applied=3, nested=True, p=0.051828, flip=False, error=none
  node_delete b=5 s=17: applied=5, nested=True, p=0.051828, flip=False, error=none
  node_delete b=1 s=29: applied=1, nested=True, p=0.223510, flip=False, error=none
  node_delete b=3 s=29: applied=3, nested=True, p=0.223510, flip=False, error=none
  node_delete b=5 s=29: applied=5, nested=True, p=0.001603, flip=False, error=none
  node_delete b=1 s=42: applied=1, nested=True, p=0.223510, flip=False, error=none
  node_delete b=3 s=42: applied=3, nested=True, p=0.087591, flip=False, error=none
  node_delete b=5 s=42: applied=5, nested=True, p=0.002076, flip=False, error=none
  node_delete b=1 s=61: applied=1, nested=True, p=0.223510, flip=False, error=none
  node_delete b=3 s=61: applied=3, nested=True, p=0.314890, flip=False, error=none
  node_delete b=5 s=61: applied=5, nested=True, p=0.314890, flip=False, error=none
  node_delete b=1 s=73: applied=1, nested=True, p=0.223510, flip=False, error=none
  node_delete b=3 s=73: applied=3, nested=True, p=0.223510, flip=False, error=none
  node_delete b=5 s=73: applied=5, nested=True, p=0.223510, flip=False, error=none
  node_delete b=1 s=89: applied=1, nested=True, p=0.223510, flip=False, error=none
  node_delete b=3 s=89: applied=3, nested=True, p=0.223510, flip=False, error=none
  node_delete b=5 s=89: applied=5, nested=True, p=0.051828, flip=False, error=none
  node_delete b=1 s=101: applied=1, nested=True, p=0.223510, flip=False, error=none
  node_delete b=3 s=101: applied=3, nested=True, p=0.051828, flip=False, error=none
  node_delete b=5 s=101: applied=5, nested=True, p=0.051828, flip=False, error=none
  node_delete b=1 s=137: applied=1, nested=True, p=0.223510, flip=False, error=none
  node_delete b=3 s=137: applied=3, nested=True, p=0.223510, flip=False, error=none
  node_delete b=5 s=137: applied=5, nested=True, p=0.223510, flip=False, error=none
  node_delete b=1 s=2026: applied=1, nested=True, p=0.223510, flip=False, error=none
  node_delete b=3 s=2026: applied=3, nested=True, p=0.223510, flip=False, error=none
  node_delete b=5 s=2026: applied=5, nested=True, p=0.051828, flip=False, error=none
  node_attribute_modify b=1 s=7: applied=1, nested=True, p=0.223510, flip=False, error=none
  node_attribute_modify b=3 s=7: applied=3, nested=True, p=0.007215, flip=False, error=none
  node_attribute_modify b=5 s=7: applied=5, nested=True, p=0.007215, flip=False, error=none
  node_attribute_modify b=1 s=17: applied=1, nested=True, p=0.223510, flip=False, error=none
  node_attribute_modify b=3 s=17: applied=3, nested=True, p=0.000123, flip=False, error=none
  node_attribute_modify b=5 s=17: applied=5, nested=True, p=0.000259, flip=False, error=none
  node_attribute_modify b=1 s=29: applied=1, nested=True, p=0.223510, flip=False, error=none
  node_attribute_modify b=3 s=29: applied=3, nested=True, p=0.223510, flip=False, error=none
  node_attribute_modify b=5 s=29: applied=5, nested=True, p=0.223510, flip=False, error=none
  node_attribute_modify b=1 s=42: applied=1, nested=True, p=0.223510, flip=False, error=none
  node_attribute_modify b=3 s=42: applied=3, nested=True, p=0.087591, flip=False, error=none
  node_attribute_modify b=5 s=42: applied=5, nested=True, p=0.070915, flip=False, error=none
  node_attribute_modify b=1 s=61: applied=1, nested=True, p=0.223510, flip=False, error=none
  node_attribute_modify b=3 s=61: applied=3, nested=True, p=0.237678, flip=False, error=none
  node_attribute_modify b=5 s=61: applied=5, nested=True, p=0.000297, flip=False, error=none
  node_attribute_modify b=1 s=73: applied=1, nested=True, p=0.223510, flip=False, error=none
  node_attribute_modify b=3 s=73: applied=3, nested=True, p=0.223510, flip=False, error=none
  node_attribute_modify b=5 s=73: applied=5, nested=True, p=0.223510, flip=False, error=none
  node_attribute_modify b=1 s=89: applied=1, nested=True, p=0.223510, flip=False, error=none
  node_attribute_modify b=3 s=89: applied=3, nested=True, p=0.091824, flip=False, error=none
  node_attribute_modify b=5 s=89: applied=5, nested=True, p=0.091824, flip=False, error=none
  node_attribute_modify b=1 s=101: applied=1, nested=True, p=0.223510, flip=False, error=none
  node_attribute_modify b=3 s=101: applied=3, nested=True, p=0.223510, flip=False, error=none
  node_attribute_modify b=5 s=101: applied=5, nested=True, p=0.058909, flip=False, error=none
  node_attribute_modify b=1 s=137: applied=1, nested=True, p=0.223510, flip=False, error=none
  node_attribute_modify b=3 s=137: applied=3, nested=True, p=0.237678, flip=False, error=none
  node_attribute_modify b=5 s=137: applied=5, nested=True, p=0.237678, flip=False, error=none
  node_attribute_modify b=1 s=2026: applied=1, nested=True, p=0.223510, flip=False, error=none
  node_attribute_modify b=3 s=2026: applied=3, nested=True, p=0.223510, flip=False, error=none
  node_attribute_modify b=5 s=2026: applied=5, nested=True, p=0.223510, flip=False, error=none
  edge_add b=1 s=7: applied=1, nested=True, p=0.223510, flip=False, error=none
  edge_add b=3 s=7: applied=3, nested=True, p=0.008652, flip=False, error=none
  edge_add b=5 s=7: applied=5, nested=True, p=0.003709, flip=False, error=none
  edge_add b=1 s=17: applied=1, nested=True, p=0.223510, flip=False, error=none
  edge_add b=3 s=17: applied=3, nested=True, p=0.223510, flip=False, error=none
  edge_add b=5 s=17: applied=5, nested=True, p=0.223510, flip=False, error=none
  edge_add b=1 s=29: applied=1, nested=True, p=0.000101, flip=False, error=none
  edge_add b=3 s=29: applied=3, nested=True, p=0.000001, flip=False, error=none
  edge_add b=5 s=29: applied=5, nested=True, p=0.000009, flip=False, error=none
  edge_add b=1 s=42: applied=1, nested=True, p=0.223510, flip=False, error=none
  edge_add b=3 s=42: applied=3, nested=True, p=0.087591, flip=False, error=none
  edge_add b=5 s=42: applied=5, nested=True, p=0.004269, flip=False, error=none
  edge_add b=1 s=61: applied=1, nested=True, p=0.223510, flip=False, error=none
  edge_add b=3 s=61: applied=3, nested=True, p=0.223510, flip=False, error=none
  edge_add b=5 s=61: applied=5, nested=True, p=0.223510, flip=False, error=none
  edge_add b=1 s=73: applied=1, nested=True, p=0.223510, flip=False, error=none
  edge_add b=3 s=73: applied=3, nested=True, p=0.112339, flip=False, error=none
  edge_add b=5 s=73: applied=5, nested=True, p=0.112339, flip=False, error=none
  edge_add b=1 s=89: applied=1, nested=True, p=0.223510, flip=False, error=none
  edge_add b=3 s=89: applied=3, nested=True, p=0.223510, flip=False, error=none
  edge_add b=5 s=89: applied=5, nested=True, p=0.051828, flip=False, error=none
  edge_add b=1 s=101: applied=1, nested=True, p=0.223510, flip=False, error=none
  edge_add b=3 s=101: applied=3, nested=True, p=0.000101, flip=False, error=none
  edge_add b=5 s=101: applied=5, nested=True, p=0.000036, flip=False, error=none
  edge_add b=1 s=137: applied=1, nested=True, p=0.223510, flip=False, error=none
  edge_add b=3 s=137: applied=3, nested=True, p=0.223510, flip=False, error=none
  edge_add b=5 s=137: applied=5, nested=True, p=0.223510, flip=False, error=none
  edge_add b=1 s=2026: applied=1, nested=True, p=0.533931, flip=True, error=none
  edge_add b=3 s=2026: applied=3, nested=True, p=0.533931, flip=True, error=none
  edge_add b=5 s=2026: applied=5, nested=True, p=0.533931, flip=True, error=none
  edge_delete b=1 s=7: applied=1, nested=True, p=0.223510, flip=False, error=none
  edge_delete b=3 s=7: applied=3, nested=True, p=0.223510, flip=False, error=none
  edge_delete b=5 s=7: applied=5, nested=True, p=0.223510, flip=False, error=none
  edge_delete b=1 s=17: applied=1, nested=True, p=0.223510, flip=False, error=none
  edge_delete b=3 s=17: applied=3, nested=True, p=0.223510, flip=False, error=none
  edge_delete b=5 s=17: applied=5, nested=True, p=0.223510, flip=False, error=none
  edge_delete b=1 s=29: applied=1, nested=True, p=0.223510, flip=False, error=none
  edge_delete b=3 s=29: applied=3, nested=True, p=0.223510, flip=False, error=none
  edge_delete b=5 s=29: applied=5, nested=True, p=0.314890, flip=False, error=none
  edge_delete b=1 s=42: applied=1, nested=True, p=0.223510, flip=False, error=none
  edge_delete b=3 s=42: applied=3, nested=True, p=0.273553, flip=False, error=none
  edge_delete b=5 s=42: applied=5, nested=True, p=0.273553, flip=False, error=none
  edge_delete b=1 s=61: applied=1, nested=True, p=0.223510, flip=False, error=none
  edge_delete b=3 s=61: applied=3, nested=True, p=0.223510, flip=False, error=none
  edge_delete b=5 s=61: applied=5, nested=True, p=0.223510, flip=False, error=none
  edge_delete b=1 s=73: applied=1, nested=True, p=0.223510, flip=False, error=none
  edge_delete b=3 s=73: applied=3, nested=True, p=0.223510, flip=False, error=none
  edge_delete b=5 s=73: applied=5, nested=True, p=0.223510, flip=False, error=none
  edge_delete b=1 s=89: applied=1, nested=True, p=0.223510, flip=False, error=none
  edge_delete b=3 s=89: applied=3, nested=True, p=0.223510, flip=False, error=none
  edge_delete b=5 s=89: applied=5, nested=True, p=0.223510, flip=False, error=none
  edge_delete b=1 s=101: applied=1, nested=True, p=0.223510, flip=False, error=none
  edge_delete b=3 s=101: applied=3, nested=True, p=0.223510, flip=False, error=none
  edge_delete b=5 s=101: applied=5, nested=True, p=0.223510, flip=False, error=none
  edge_delete b=1 s=137: applied=1, nested=True, p=0.223510, flip=False, error=none
  edge_delete b=3 s=137: applied=3, nested=True, p=0.223510, flip=False, error=none
  edge_delete b=5 s=137: applied=5, nested=True, p=0.314991, flip=False, error=none
  edge_delete b=1 s=2026: applied=1, nested=True, p=0.223510, flip=False, error=none
  edge_delete b=3 s=2026: applied=3, nested=True, p=0.223510, flip=False, error=none
  edge_delete b=5 s=2026: applied=5, nested=True, p=0.223510, flip=False, error=none
  edge_reconnect b=1 s=7: applied=1, nested=True, p=0.223510, flip=False, error=none
  edge_reconnect b=3 s=7: applied=3, nested=True, p=0.223510, flip=False, error=none
  edge_reconnect b=5 s=7: applied=5, nested=True, p=0.223510, flip=False, error=none
  edge_reconnect b=1 s=17: applied=1, nested=True, p=0.223510, flip=False, error=none
  edge_reconnect b=3 s=17: applied=3, nested=True, p=0.223510, flip=False, error=none
  edge_reconnect b=5 s=17: applied=5, nested=True, p=0.223510, flip=False, error=none
  edge_reconnect b=1 s=29: applied=1, nested=True, p=0.087591, flip=False, error=none
  edge_reconnect b=3 s=29: applied=3, nested=True, p=0.087591, flip=False, error=none
  edge_reconnect b=5 s=29: applied=5, nested=True, p=0.114544, flip=False, error=none
  edge_reconnect b=1 s=42: applied=1, nested=True, p=0.223510, flip=False, error=none
  edge_reconnect b=3 s=42: applied=3, nested=True, p=0.516260, flip=True, error=none
  edge_reconnect b=5 s=42: applied=5, nested=True, p=0.086486, flip=False, error=none
  edge_reconnect b=1 s=61: applied=1, nested=True, p=0.223510, flip=False, error=none
  edge_reconnect b=3 s=61: applied=3, nested=True, p=0.223510, flip=False, error=none
  edge_reconnect b=5 s=61: applied=5, nested=True, p=0.223510, flip=False, error=none
  edge_reconnect b=1 s=73: applied=1, nested=True, p=0.223510, flip=False, error=none
  edge_reconnect b=3 s=73: applied=3, nested=True, p=0.069592, flip=False, error=none
  edge_reconnect b=5 s=73: applied=5, nested=True, p=0.069592, flip=False, error=none
  edge_reconnect b=1 s=89: applied=1, nested=True, p=0.055256, flip=False, error=none
  edge_reconnect b=3 s=89: applied=3, nested=True, p=0.090189, flip=False, error=none
  edge_reconnect b=5 s=89: applied=5, nested=True, p=0.090189, flip=False, error=none
  edge_reconnect b=1 s=101: applied=1, nested=True, p=0.223510, flip=False, error=none
  edge_reconnect b=3 s=101: applied=3, nested=True, p=0.223510, flip=False, error=none
  edge_reconnect b=5 s=101: applied=5, nested=True, p=0.223510, flip=False, error=none
  edge_reconnect b=1 s=137: applied=1, nested=True, p=0.223510, flip=False, error=none
  edge_reconnect b=3 s=137: applied=3, nested=True, p=0.223510, flip=False, error=none
  edge_reconnect b=5 s=137: applied=5, nested=True, p=0.223510, flip=False, error=none
  edge_reconnect b=1 s=2026: applied=1, nested=True, p=0.223510, flip=False, error=none
  edge_reconnect b=3 s=2026: applied=3, nested=True, p=0.051828, flip=False, error=none
  edge_reconnect b=5 s=2026: applied=5, nested=True, p=0.051828, flip=False, error=none
[55/60] devign__15_vulnerable_static_void_mm_rearm_timer: baseline p=0.000009, label=0, PDG=9/10, XFG=2
  node_add b=1 s=7: applied=1, nested=True, p=0.000009, flip=False, error=none
  node_add b=3 s=7: applied=3, nested=True, p=0.000009, flip=False, error=none
  node_add b=5 s=7: applied=5, nested=True, p=0.000009, flip=False, error=none
  node_add b=1 s=17: applied=1, nested=True, p=0.000018, flip=False, error=none
  node_add b=3 s=17: applied=3, nested=True, p=0.000053, flip=False, error=none
  node_add b=5 s=17: applied=5, nested=True, p=0.000086, flip=False, error=none
  node_add b=1 s=29: applied=1, nested=True, p=0.000018, flip=False, error=none
  node_add b=3 s=29: applied=3, nested=True, p=0.000042, flip=False, error=none
  node_add b=5 s=29: applied=5, nested=True, p=0.007465, flip=False, error=none
  node_add b=1 s=42: applied=1, nested=True, p=0.000009, flip=False, error=none
  node_add b=3 s=42: applied=3, nested=True, p=0.000009, flip=False, error=none
  node_add b=5 s=42: applied=5, nested=True, p=0.000000, flip=False, error=none
  node_add b=1 s=61: applied=1, nested=True, p=0.000009, flip=False, error=none
  node_add b=3 s=61: applied=3, nested=True, p=0.000009, flip=False, error=none
  node_add b=5 s=61: applied=5, nested=True, p=0.000000, flip=False, error=none
  node_add b=1 s=73: applied=1, nested=True, p=0.000009, flip=False, error=none
  node_add b=3 s=73: applied=3, nested=True, p=0.000042, flip=False, error=none
  node_add b=5 s=73: applied=5, nested=True, p=0.000052, flip=False, error=none
  node_add b=1 s=89: applied=1, nested=True, p=0.000009, flip=False, error=none
  node_add b=3 s=89: applied=3, nested=True, p=0.000009, flip=False, error=none
  node_add b=5 s=89: applied=5, nested=True, p=0.000009, flip=False, error=none
  node_add b=1 s=101: applied=1, nested=True, p=0.000002, flip=False, error=none
  node_add b=3 s=101: applied=3, nested=True, p=0.000002, flip=False, error=none
  node_add b=5 s=101: applied=5, nested=True, p=0.000007, flip=False, error=none
  node_add b=1 s=137: applied=1, nested=True, p=0.000009, flip=False, error=none
  node_add b=3 s=137: applied=3, nested=True, p=0.000009, flip=False, error=none
  node_add b=5 s=137: applied=5, nested=True, p=0.000002, flip=False, error=none
  node_add b=1 s=2026: applied=1, nested=True, p=0.000009, flip=False, error=none
  node_add b=3 s=2026: applied=3, nested=True, p=0.000042, flip=False, error=none
  node_add b=5 s=2026: applied=5, nested=True, p=0.000882, flip=False, error=none
  node_delete b=1 s=7: applied=1, nested=True, p=0.049608, flip=False, error=none
  node_delete b=3 s=7: applied=3, nested=True, p=0.044230, flip=False, error=none
  node_delete b=5 s=7: applied=5, nested=True, p=0.000002, flip=False, error=none
  node_delete b=1 s=17: applied=1, nested=True, p=0.000009, flip=False, error=none
  node_delete b=3 s=17: applied=3, nested=True, p=0.049608, flip=False, error=none
  node_delete b=5 s=17: applied=5, nested=True, p=0.044230, flip=False, error=none
  node_delete b=1 s=29: applied=1, nested=True, p=0.000009, flip=False, error=none
  node_delete b=3 s=29: applied=3, nested=True, p=0.000023, flip=False, error=none
  node_delete b=5 s=29: applied=5, nested=True, p=0.000002, flip=False, error=none
  node_delete b=1 s=42: applied=1, nested=True, p=0.028450, flip=False, error=none
  node_delete b=3 s=42: applied=3, nested=True, p=0.000002, flip=False, error=none
  node_delete b=5 s=42: applied=5, nested=True, p=0.000002, flip=False, error=none
  node_delete b=1 s=61: applied=1, nested=True, p=0.000009, flip=False, error=none
  node_delete b=3 s=61: applied=3, nested=True, p=0.000177, flip=False, error=none
  node_delete b=5 s=61: applied=5, nested=True, p=0.477324, flip=False, error=none
  node_delete b=1 s=73: applied=1, nested=True, p=0.049608, flip=False, error=none
  node_delete b=3 s=73: applied=3, nested=True, p=0.387542, flip=False, error=none
  node_delete b=5 s=73: applied=5, nested=True, p=NA, flip=False, error=none
  node_delete b=1 s=89: applied=1, nested=True, p=0.000000, flip=False, error=none
  node_delete b=3 s=89: applied=3, nested=True, p=0.000002, flip=False, error=none
  node_delete b=5 s=89: applied=5, nested=True, p=0.000002, flip=False, error=none
  node_delete b=1 s=101: applied=1, nested=True, p=0.000009, flip=False, error=none
  node_delete b=3 s=101: applied=3, nested=True, p=0.000177, flip=False, error=none
  node_delete b=5 s=101: applied=5, nested=True, p=0.477324, flip=False, error=none
  node_delete b=1 s=137: applied=1, nested=True, p=0.000000, flip=False, error=none
  node_delete b=3 s=137: applied=3, nested=True, p=0.000002, flip=False, error=none
  node_delete b=5 s=137: applied=5, nested=True, p=0.000002, flip=False, error=none
  node_delete b=1 s=2026: applied=1, nested=True, p=0.000000, flip=False, error=none
  node_delete b=3 s=2026: applied=3, nested=True, p=0.000131, flip=False, error=none
  node_delete b=5 s=2026: applied=5, nested=True, p=0.387542, flip=False, error=none
  node_attribute_modify b=1 s=7: applied=1, nested=True, p=0.000000, flip=False, error=none
  node_attribute_modify b=3 s=7: applied=3, nested=True, p=0.000000, flip=False, error=none
  node_attribute_modify b=5 s=7: applied=5, nested=True, p=0.000000, flip=False, error=none
  node_attribute_modify b=1 s=17: applied=1, nested=True, p=0.000009, flip=False, error=none
  node_attribute_modify b=3 s=17: applied=3, nested=True, p=0.000000, flip=False, error=none
  node_attribute_modify b=5 s=17: applied=5, nested=True, p=0.000000, flip=False, error=none
  node_attribute_modify b=1 s=29: applied=1, nested=True, p=0.000009, flip=False, error=none
  node_attribute_modify b=3 s=29: applied=3, nested=True, p=0.000000, flip=False, error=none
  node_attribute_modify b=5 s=29: applied=5, nested=True, p=0.000000, flip=False, error=none
  node_attribute_modify b=1 s=42: applied=1, nested=True, p=0.000076, flip=False, error=none
  node_attribute_modify b=3 s=42: applied=3, nested=True, p=0.000000, flip=False, error=none
  node_attribute_modify b=5 s=42: applied=5, nested=True, p=0.000000, flip=False, error=none
  node_attribute_modify b=1 s=61: applied=1, nested=True, p=0.000009, flip=False, error=none
  node_attribute_modify b=3 s=61: applied=3, nested=True, p=0.000006, flip=False, error=none
  node_attribute_modify b=5 s=61: applied=5, nested=True, p=0.000237, flip=False, error=none
  node_attribute_modify b=1 s=73: applied=1, nested=True, p=0.000000, flip=False, error=none
  node_attribute_modify b=3 s=73: applied=3, nested=True, p=0.000000, flip=False, error=none
  node_attribute_modify b=5 s=73: applied=5, nested=True, p=0.000000, flip=False, error=none
  node_attribute_modify b=1 s=89: applied=1, nested=True, p=0.000014, flip=False, error=none
  node_attribute_modify b=3 s=89: applied=3, nested=True, p=0.000000, flip=False, error=none
  node_attribute_modify b=5 s=89: applied=5, nested=True, p=0.000000, flip=False, error=none
  node_attribute_modify b=1 s=101: applied=1, nested=True, p=0.000009, flip=False, error=none
  node_attribute_modify b=3 s=101: applied=3, nested=True, p=0.000009, flip=False, error=none
  node_attribute_modify b=5 s=101: applied=5, nested=True, p=0.000006, flip=False, error=none
  node_attribute_modify b=1 s=137: applied=1, nested=True, p=0.000000, flip=False, error=none
  node_attribute_modify b=3 s=137: applied=3, nested=True, p=0.000099, flip=False, error=none
  node_attribute_modify b=5 s=137: applied=5, nested=True, p=0.000000, flip=False, error=none
  node_attribute_modify b=1 s=2026: applied=1, nested=True, p=0.000006, flip=False, error=none
  node_attribute_modify b=3 s=2026: applied=3, nested=True, p=0.000000, flip=False, error=none
  node_attribute_modify b=5 s=2026: applied=5, nested=True, p=0.000000, flip=False, error=none
  edge_add b=1 s=7: applied=1, nested=True, p=0.000000, flip=False, error=none
  edge_add b=3 s=7: applied=3, nested=True, p=0.000000, flip=False, error=none
  edge_add b=5 s=7: applied=5, nested=True, p=0.000000, flip=False, error=none
  edge_add b=1 s=17: applied=1, nested=True, p=0.000001, flip=False, error=none
  edge_add b=3 s=17: applied=3, nested=True, p=0.000000, flip=False, error=none
  edge_add b=5 s=17: applied=5, nested=True, p=0.000000, flip=False, error=none
  edge_add b=1 s=29: applied=1, nested=True, p=0.000000, flip=False, error=none
  edge_add b=3 s=29: applied=3, nested=True, p=0.000000, flip=False, error=none
  edge_add b=5 s=29: applied=5, nested=True, p=0.000000, flip=False, error=none
  edge_add b=1 s=42: applied=1, nested=True, p=0.000001, flip=False, error=none
  edge_add b=3 s=42: applied=3, nested=True, p=0.000001, flip=False, error=none
  edge_add b=5 s=42: applied=5, nested=True, p=0.000000, flip=False, error=none
  edge_add b=1 s=61: applied=1, nested=True, p=0.000009, flip=False, error=none
  edge_add b=3 s=61: applied=3, nested=True, p=0.000002, flip=False, error=none
  edge_add b=5 s=61: applied=5, nested=True, p=0.000000, flip=False, error=none
  edge_add b=1 s=73: applied=1, nested=True, p=0.000000, flip=False, error=none
  edge_add b=3 s=73: applied=3, nested=True, p=0.000000, flip=False, error=none
  edge_add b=5 s=73: applied=5, nested=True, p=0.000000, flip=False, error=none
  edge_add b=1 s=89: applied=1, nested=True, p=0.000002, flip=False, error=none
  edge_add b=3 s=89: applied=3, nested=True, p=0.000002, flip=False, error=none
  edge_add b=5 s=89: applied=5, nested=True, p=0.000000, flip=False, error=none
  edge_add b=1 s=101: applied=1, nested=True, p=0.000005, flip=False, error=none
  edge_add b=3 s=101: applied=3, nested=True, p=0.000003, flip=False, error=none
  edge_add b=5 s=101: applied=5, nested=True, p=0.000002, flip=False, error=none
  edge_add b=1 s=137: applied=1, nested=True, p=0.000011, flip=False, error=none
  edge_add b=3 s=137: applied=3, nested=True, p=0.000001, flip=False, error=none
  edge_add b=5 s=137: applied=5, nested=True, p=0.000000, flip=False, error=none
  edge_add b=1 s=2026: applied=1, nested=True, p=0.000006, flip=False, error=none
  edge_add b=3 s=2026: applied=3, nested=True, p=0.000000, flip=False, error=none
  edge_add b=5 s=2026: applied=5, nested=True, p=0.000000, flip=False, error=none
  edge_delete b=1 s=7: applied=1, nested=True, p=0.049608, flip=False, error=none
  edge_delete b=3 s=7: applied=3, nested=True, p=0.000033, flip=False, error=none
  edge_delete b=5 s=7: applied=5, nested=True, p=0.387542, flip=False, error=none
  edge_delete b=1 s=17: applied=1, nested=True, p=0.000002, flip=False, error=none
  edge_delete b=3 s=17: applied=3, nested=True, p=0.000001, flip=False, error=none
  edge_delete b=5 s=17: applied=5, nested=True, p=0.000077, flip=False, error=none
  edge_delete b=1 s=29: applied=1, nested=True, p=0.000002, flip=False, error=none
  edge_delete b=3 s=29: applied=3, nested=True, p=0.000001, flip=False, error=none
  edge_delete b=5 s=29: applied=5, nested=True, p=0.387542, flip=False, error=none
  edge_delete b=1 s=42: applied=1, nested=True, p=0.000023, flip=False, error=none
  edge_delete b=3 s=42: applied=3, nested=True, p=0.000001, flip=False, error=none
  edge_delete b=5 s=42: applied=5, nested=True, p=0.000001, flip=False, error=none
  edge_delete b=1 s=61: applied=1, nested=True, p=0.000311, flip=False, error=none
  edge_delete b=3 s=61: applied=3, nested=True, p=0.044116, flip=False, error=none
  edge_delete b=5 s=61: applied=5, nested=True, p=0.032782, flip=False, error=none
  edge_delete b=1 s=73: applied=1, nested=True, p=0.000009, flip=False, error=none
  edge_delete b=3 s=73: applied=3, nested=True, p=0.014302, flip=False, error=none
  edge_delete b=5 s=73: applied=5, nested=True, p=0.014302, flip=False, error=none
  edge_delete b=1 s=89: applied=1, nested=True, p=0.000023, flip=False, error=none
  edge_delete b=3 s=89: applied=3, nested=True, p=0.059699, flip=False, error=none
  edge_delete b=5 s=89: applied=5, nested=True, p=0.004069, flip=False, error=none
  edge_delete b=1 s=101: applied=1, nested=True, p=0.000003, flip=False, error=none
  edge_delete b=3 s=101: applied=3, nested=True, p=0.000001, flip=False, error=none
  edge_delete b=5 s=101: applied=5, nested=True, p=0.006360, flip=False, error=none
  edge_delete b=1 s=137: applied=1, nested=True, p=0.000023, flip=False, error=none
  edge_delete b=3 s=137: applied=3, nested=True, p=0.000023, flip=False, error=none
  edge_delete b=5 s=137: applied=5, nested=True, p=0.000030, flip=False, error=none
  edge_delete b=1 s=2026: applied=1, nested=True, p=0.000023, flip=False, error=none
  edge_delete b=3 s=2026: applied=3, nested=True, p=0.000323, flip=False, error=none
  edge_delete b=5 s=2026: applied=5, nested=True, p=0.018169, flip=False, error=none
  edge_reconnect b=1 s=7: applied=1, nested=True, p=0.000000, flip=False, error=none
  edge_reconnect b=3 s=7: applied=3, nested=True, p=0.000000, flip=False, error=none
  edge_reconnect b=5 s=7: applied=5, nested=True, p=0.000000, flip=False, error=none
  edge_reconnect b=1 s=17: applied=1, nested=True, p=0.059040, flip=False, error=none
  edge_reconnect b=3 s=17: applied=3, nested=True, p=0.002511, flip=False, error=none
  edge_reconnect b=5 s=17: applied=5, nested=True, p=0.000002, flip=False, error=none
  edge_reconnect b=1 s=29: applied=1, nested=True, p=0.031789, flip=False, error=none
  edge_reconnect b=3 s=29: applied=3, nested=True, p=0.000008, flip=False, error=none
  edge_reconnect b=5 s=29: applied=5, nested=True, p=0.000317, flip=False, error=none
  edge_reconnect b=1 s=42: applied=1, nested=True, p=0.000004, flip=False, error=none
  edge_reconnect b=3 s=42: applied=3, nested=True, p=0.000004, flip=False, error=none
  edge_reconnect b=5 s=42: applied=5, nested=True, p=0.000000, flip=False, error=none
  edge_reconnect b=1 s=61: applied=1, nested=True, p=0.000000, flip=False, error=none
  edge_reconnect b=3 s=61: applied=3, nested=True, p=0.051233, flip=False, error=none
  edge_reconnect b=5 s=61: applied=5, nested=True, p=0.003625, flip=False, error=none
  edge_reconnect b=1 s=73: applied=1, nested=True, p=0.000017, flip=False, error=none
  edge_reconnect b=3 s=73: applied=3, nested=True, p=0.000001, flip=False, error=none
  edge_reconnect b=5 s=73: applied=5, nested=True, p=0.000040, flip=False, error=none
  edge_reconnect b=1 s=89: applied=1, nested=True, p=0.000002, flip=False, error=none
  edge_reconnect b=3 s=89: applied=3, nested=True, p=0.000002, flip=False, error=none
  edge_reconnect b=5 s=89: applied=5, nested=True, p=0.000304, flip=False, error=none
  edge_reconnect b=1 s=101: applied=1, nested=True, p=0.000006, flip=False, error=none
  edge_reconnect b=3 s=101: applied=3, nested=True, p=0.010015, flip=False, error=none
  edge_reconnect b=5 s=101: applied=5, nested=True, p=0.026774, flip=False, error=none
  edge_reconnect b=1 s=137: applied=1, nested=True, p=0.000010, flip=False, error=none
  edge_reconnect b=3 s=137: applied=3, nested=True, p=0.000000, flip=False, error=none
  edge_reconnect b=5 s=137: applied=5, nested=True, p=0.000000, flip=False, error=none
  edge_reconnect b=1 s=2026: applied=1, nested=True, p=0.000023, flip=False, error=none
  edge_reconnect b=3 s=2026: applied=3, nested=True, p=0.009076, flip=False, error=none
  edge_reconnect b=5 s=2026: applied=5, nested=True, p=0.000000, flip=False, error=none
[56/60] devign__16_vulnerable_static_int_mxg_update_cache: baseline p=0.000000, label=0, PDG=16/41, XFG=16
  node_add b=1 s=7: applied=1, nested=True, p=0.000000, flip=False, error=none
  node_add b=3 s=7: applied=3, nested=True, p=0.000000, flip=False, error=none
  node_add b=5 s=7: applied=5, nested=True, p=0.000000, flip=False, error=none
  node_add b=1 s=17: applied=1, nested=True, p=0.000000, flip=False, error=none
  node_add b=3 s=17: applied=3, nested=True, p=0.000001, flip=False, error=none
  node_add b=5 s=17: applied=5, nested=True, p=0.000003, flip=False, error=none
  node_add b=1 s=29: applied=1, nested=True, p=0.000000, flip=False, error=none
  node_add b=3 s=29: applied=3, nested=True, p=0.000001, flip=False, error=none
  node_add b=5 s=29: applied=5, nested=True, p=0.000001, flip=False, error=none
  node_add b=1 s=42: applied=1, nested=True, p=0.000000, flip=False, error=none
  node_add b=3 s=42: applied=3, nested=True, p=0.000000, flip=False, error=none
  node_add b=5 s=42: applied=5, nested=True, p=0.000000, flip=False, error=none
  node_add b=1 s=61: applied=1, nested=True, p=0.000000, flip=False, error=none
  node_add b=3 s=61: applied=3, nested=True, p=0.000000, flip=False, error=none
  node_add b=5 s=61: applied=5, nested=True, p=0.002801, flip=False, error=none
  node_add b=1 s=73: applied=1, nested=True, p=0.000000, flip=False, error=none
  node_add b=3 s=73: applied=3, nested=True, p=0.000000, flip=False, error=none
  node_add b=5 s=73: applied=5, nested=True, p=0.000000, flip=False, error=none
  node_add b=1 s=89: applied=1, nested=True, p=0.000000, flip=False, error=none
  node_add b=3 s=89: applied=3, nested=True, p=0.000000, flip=False, error=none
  node_add b=5 s=89: applied=5, nested=True, p=0.000000, flip=False, error=none
  node_add b=1 s=101: applied=1, nested=True, p=0.001118, flip=False, error=none
  node_add b=3 s=101: applied=3, nested=True, p=0.005730, flip=False, error=none
  node_add b=5 s=101: applied=5, nested=True, p=0.065088, flip=False, error=none
  node_add b=1 s=137: applied=1, nested=True, p=0.000000, flip=False, error=none
  node_add b=3 s=137: applied=3, nested=True, p=0.000000, flip=False, error=none
  node_add b=5 s=137: applied=5, nested=True, p=0.001830, flip=False, error=none
  node_add b=1 s=2026: applied=1, nested=True, p=0.000000, flip=False, error=none
  node_add b=3 s=2026: applied=3, nested=True, p=0.000000, flip=False, error=none
  node_add b=5 s=2026: applied=5, nested=True, p=0.000000, flip=False, error=none
  node_delete b=1 s=7: applied=1, nested=True, p=0.000000, flip=False, error=none
  node_delete b=3 s=7: applied=3, nested=True, p=0.000000, flip=False, error=none
  node_delete b=5 s=7: applied=5, nested=True, p=0.000000, flip=False, error=none
  node_delete b=1 s=17: applied=1, nested=True, p=0.000000, flip=False, error=none
  node_delete b=3 s=17: applied=3, nested=True, p=0.000000, flip=False, error=none
  node_delete b=5 s=17: applied=5, nested=True, p=0.000000, flip=False, error=none
  node_delete b=1 s=29: applied=1, nested=True, p=0.000000, flip=False, error=none
  node_delete b=3 s=29: applied=3, nested=True, p=0.000000, flip=False, error=none
  node_delete b=5 s=29: applied=5, nested=True, p=0.000000, flip=False, error=none
  node_delete b=1 s=42: applied=1, nested=True, p=0.000000, flip=False, error=none
  node_delete b=3 s=42: applied=3, nested=True, p=0.000000, flip=False, error=none
  node_delete b=5 s=42: applied=5, nested=True, p=0.000000, flip=False, error=none
  node_delete b=1 s=61: applied=1, nested=True, p=0.000000, flip=False, error=none
  node_delete b=3 s=61: applied=3, nested=True, p=0.000000, flip=False, error=none
  node_delete b=5 s=61: applied=5, nested=True, p=0.000000, flip=False, error=none
  node_delete b=1 s=73: applied=1, nested=True, p=0.000000, flip=False, error=none
  node_delete b=3 s=73: applied=3, nested=True, p=0.000000, flip=False, error=none
  node_delete b=5 s=73: applied=5, nested=True, p=0.000000, flip=False, error=none
  node_delete b=1 s=89: applied=1, nested=True, p=0.000000, flip=False, error=none
  node_delete b=3 s=89: applied=3, nested=True, p=0.000000, flip=False, error=none
  node_delete b=5 s=89: applied=5, nested=True, p=0.000000, flip=False, error=none
  node_delete b=1 s=101: applied=1, nested=True, p=0.000000, flip=False, error=none
  node_delete b=3 s=101: applied=3, nested=True, p=0.000000, flip=False, error=none
  node_delete b=5 s=101: applied=5, nested=True, p=0.000000, flip=False, error=none
  node_delete b=1 s=137: applied=1, nested=True, p=0.000000, flip=False, error=none
  node_delete b=3 s=137: applied=3, nested=True, p=0.000000, flip=False, error=none
  node_delete b=5 s=137: applied=5, nested=True, p=0.000000, flip=False, error=none
  node_delete b=1 s=2026: applied=1, nested=True, p=0.000000, flip=False, error=none
  node_delete b=3 s=2026: applied=3, nested=True, p=0.000000, flip=False, error=none
  node_delete b=5 s=2026: applied=5, nested=True, p=0.000000, flip=False, error=none
  node_attribute_modify b=1 s=7: applied=1, nested=True, p=0.000000, flip=False, error=none
  node_attribute_modify b=3 s=7: applied=3, nested=True, p=0.000000, flip=False, error=none
  node_attribute_modify b=5 s=7: applied=5, nested=True, p=0.000000, flip=False, error=none
  node_attribute_modify b=1 s=17: applied=1, nested=True, p=0.000000, flip=False, error=none
  node_attribute_modify b=3 s=17: applied=3, nested=True, p=0.000000, flip=False, error=none
  node_attribute_modify b=5 s=17: applied=5, nested=True, p=0.000000, flip=False, error=none
  node_attribute_modify b=1 s=29: applied=1, nested=True, p=0.000000, flip=False, error=none
  node_attribute_modify b=3 s=29: applied=3, nested=True, p=0.000000, flip=False, error=none
  node_attribute_modify b=5 s=29: applied=5, nested=True, p=0.008446, flip=False, error=none
  node_attribute_modify b=1 s=42: applied=1, nested=True, p=0.010854, flip=False, error=none
  node_attribute_modify b=3 s=42: applied=3, nested=True, p=0.010854, flip=False, error=none
  node_attribute_modify b=5 s=42: applied=5, nested=True, p=0.005649, flip=False, error=none
  node_attribute_modify b=1 s=61: applied=1, nested=True, p=0.000000, flip=False, error=none
  node_attribute_modify b=3 s=61: applied=3, nested=True, p=0.000000, flip=False, error=none
  node_attribute_modify b=5 s=61: applied=5, nested=True, p=0.000000, flip=False, error=none
  node_attribute_modify b=1 s=73: applied=1, nested=True, p=0.000000, flip=False, error=none
  node_attribute_modify b=3 s=73: applied=3, nested=True, p=0.000000, flip=False, error=none
  node_attribute_modify b=5 s=73: applied=5, nested=True, p=0.000000, flip=False, error=none
  node_attribute_modify b=1 s=89: applied=1, nested=True, p=0.000000, flip=False, error=none
  node_attribute_modify b=3 s=89: applied=3, nested=True, p=0.000000, flip=False, error=none
  node_attribute_modify b=5 s=89: applied=5, nested=True, p=0.000000, flip=False, error=none
  node_attribute_modify b=1 s=101: applied=1, nested=True, p=0.000000, flip=False, error=none
  node_attribute_modify b=3 s=101: applied=3, nested=True, p=0.000000, flip=False, error=none
  node_attribute_modify b=5 s=101: applied=5, nested=True, p=0.000000, flip=False, error=none
  node_attribute_modify b=1 s=137: applied=1, nested=True, p=0.000000, flip=False, error=none
  node_attribute_modify b=3 s=137: applied=3, nested=True, p=0.000000, flip=False, error=none
  node_attribute_modify b=5 s=137: applied=5, nested=True, p=0.000000, flip=False, error=none
  node_attribute_modify b=1 s=2026: applied=1, nested=True, p=0.000000, flip=False, error=none
  node_attribute_modify b=3 s=2026: applied=3, nested=True, p=0.000000, flip=False, error=none
  node_attribute_modify b=5 s=2026: applied=5, nested=True, p=0.000000, flip=False, error=none
  edge_add b=1 s=7: applied=1, nested=True, p=0.000000, flip=False, error=none
  edge_add b=3 s=7: applied=3, nested=True, p=0.000000, flip=False, error=none
  edge_add b=5 s=7: applied=5, nested=True, p=0.000000, flip=False, error=none
  edge_add b=1 s=17: applied=1, nested=True, p=0.000000, flip=False, error=none
  edge_add b=3 s=17: applied=3, nested=True, p=0.000000, flip=False, error=none
  edge_add b=5 s=17: applied=5, nested=True, p=0.000000, flip=False, error=none
  edge_add b=1 s=29: applied=1, nested=True, p=0.000000, flip=False, error=none
  edge_add b=3 s=29: applied=3, nested=True, p=0.000000, flip=False, error=none
  edge_add b=5 s=29: applied=5, nested=True, p=0.000000, flip=False, error=none
  edge_add b=1 s=42: applied=1, nested=True, p=0.000000, flip=False, error=none
  edge_add b=3 s=42: applied=3, nested=True, p=0.000000, flip=False, error=none
  edge_add b=5 s=42: applied=5, nested=True, p=0.000000, flip=False, error=none
  edge_add b=1 s=61: applied=1, nested=True, p=0.000000, flip=False, error=none
  edge_add b=3 s=61: applied=3, nested=True, p=0.000000, flip=False, error=none
  edge_add b=5 s=61: applied=5, nested=True, p=0.000000, flip=False, error=none
  edge_add b=1 s=73: applied=1, nested=True, p=0.000000, flip=False, error=none
  edge_add b=3 s=73: applied=3, nested=True, p=0.000000, flip=False, error=none
  edge_add b=5 s=73: applied=5, nested=True, p=0.000000, flip=False, error=none
  edge_add b=1 s=89: applied=1, nested=True, p=0.000000, flip=False, error=none
  edge_add b=3 s=89: applied=3, nested=True, p=0.000000, flip=False, error=none
  edge_add b=5 s=89: applied=5, nested=True, p=0.000000, flip=False, error=none
  edge_add b=1 s=101: applied=1, nested=True, p=0.000000, flip=False, error=none
  edge_add b=3 s=101: applied=3, nested=True, p=0.000000, flip=False, error=none
  edge_add b=5 s=101: applied=5, nested=True, p=0.000000, flip=False, error=none
  edge_add b=1 s=137: applied=1, nested=True, p=0.000000, flip=False, error=none
  edge_add b=3 s=137: applied=3, nested=True, p=0.000000, flip=False, error=none
  edge_add b=5 s=137: applied=5, nested=True, p=0.000000, flip=False, error=none
  edge_add b=1 s=2026: applied=1, nested=True, p=0.000000, flip=False, error=none
  edge_add b=3 s=2026: applied=3, nested=True, p=0.000000, flip=False, error=none
  edge_add b=5 s=2026: applied=5, nested=True, p=0.000000, flip=False, error=none
  edge_delete b=1 s=7: applied=1, nested=True, p=0.000000, flip=False, error=none
  edge_delete b=3 s=7: applied=3, nested=True, p=0.000000, flip=False, error=none
  edge_delete b=5 s=7: applied=5, nested=True, p=0.000000, flip=False, error=none
  edge_delete b=1 s=17: applied=1, nested=True, p=0.000000, flip=False, error=none
  edge_delete b=3 s=17: applied=3, nested=True, p=0.000000, flip=False, error=none
  edge_delete b=5 s=17: applied=5, nested=True, p=0.000000, flip=False, error=none
  edge_delete b=1 s=29: applied=1, nested=True, p=0.000000, flip=False, error=none
  edge_delete b=3 s=29: applied=3, nested=True, p=0.000000, flip=False, error=none
  edge_delete b=5 s=29: applied=5, nested=True, p=0.000000, flip=False, error=none
  edge_delete b=1 s=42: applied=1, nested=True, p=0.000000, flip=False, error=none
  edge_delete b=3 s=42: applied=3, nested=True, p=0.000000, flip=False, error=none
  edge_delete b=5 s=42: applied=5, nested=True, p=0.000000, flip=False, error=none
  edge_delete b=1 s=61: applied=1, nested=True, p=0.000000, flip=False, error=none
  edge_delete b=3 s=61: applied=3, nested=True, p=0.000000, flip=False, error=none
  edge_delete b=5 s=61: applied=5, nested=True, p=0.000000, flip=False, error=none
  edge_delete b=1 s=73: applied=1, nested=True, p=0.000000, flip=False, error=none
  edge_delete b=3 s=73: applied=3, nested=True, p=0.000000, flip=False, error=none
  edge_delete b=5 s=73: applied=5, nested=True, p=0.000000, flip=False, error=none
  edge_delete b=1 s=89: applied=1, nested=True, p=0.000000, flip=False, error=none
  edge_delete b=3 s=89: applied=3, nested=True, p=0.000000, flip=False, error=none
  edge_delete b=5 s=89: applied=5, nested=True, p=0.000000, flip=False, error=none
  edge_delete b=1 s=101: applied=1, nested=True, p=0.000000, flip=False, error=none
  edge_delete b=3 s=101: applied=3, nested=True, p=0.000000, flip=False, error=none
  edge_delete b=5 s=101: applied=5, nested=True, p=0.000000, flip=False, error=none
  edge_delete b=1 s=137: applied=1, nested=True, p=0.000000, flip=False, error=none
  edge_delete b=3 s=137: applied=3, nested=True, p=0.000000, flip=False, error=none
  edge_delete b=5 s=137: applied=5, nested=True, p=0.000000, flip=False, error=none
  edge_delete b=1 s=2026: applied=1, nested=True, p=0.000000, flip=False, error=none
  edge_delete b=3 s=2026: applied=3, nested=True, p=0.000000, flip=False, error=none
  edge_delete b=5 s=2026: applied=5, nested=True, p=0.000000, flip=False, error=none
  edge_reconnect b=1 s=7: applied=1, nested=True, p=0.000000, flip=False, error=none
  edge_reconnect b=3 s=7: applied=3, nested=True, p=0.000000, flip=False, error=none
  edge_reconnect b=5 s=7: applied=5, nested=True, p=0.000000, flip=False, error=none
  edge_reconnect b=1 s=17: applied=1, nested=True, p=0.000000, flip=False, error=none
  edge_reconnect b=3 s=17: applied=3, nested=True, p=0.000000, flip=False, error=none
  edge_reconnect b=5 s=17: applied=5, nested=True, p=0.000000, flip=False, error=none
  edge_reconnect b=1 s=29: applied=1, nested=True, p=0.000000, flip=False, error=none
  edge_reconnect b=3 s=29: applied=3, nested=True, p=0.000000, flip=False, error=none
  edge_reconnect b=5 s=29: applied=5, nested=True, p=0.000000, flip=False, error=none
  edge_reconnect b=1 s=42: applied=1, nested=True, p=0.000000, flip=False, error=none
  edge_reconnect b=3 s=42: applied=3, nested=True, p=0.000000, flip=False, error=none
  edge_reconnect b=5 s=42: applied=5, nested=True, p=0.000000, flip=False, error=none
  edge_reconnect b=1 s=61: applied=1, nested=True, p=0.000000, flip=False, error=none
  edge_reconnect b=3 s=61: applied=3, nested=True, p=0.000000, flip=False, error=none
  edge_reconnect b=5 s=61: applied=5, nested=True, p=0.000000, flip=False, error=none
  edge_reconnect b=1 s=73: applied=1, nested=True, p=0.000000, flip=False, error=none
  edge_reconnect b=3 s=73: applied=3, nested=True, p=0.000000, flip=False, error=none
  edge_reconnect b=5 s=73: applied=5, nested=True, p=0.000000, flip=False, error=none
  edge_reconnect b=1 s=89: applied=1, nested=True, p=0.000000, flip=False, error=none
  edge_reconnect b=3 s=89: applied=3, nested=True, p=0.000001, flip=False, error=none
  edge_reconnect b=5 s=89: applied=5, nested=True, p=0.000000, flip=False, error=none
  edge_reconnect b=1 s=101: applied=1, nested=True, p=0.000000, flip=False, error=none
  edge_reconnect b=3 s=101: applied=3, nested=True, p=0.000000, flip=False, error=none
  edge_reconnect b=5 s=101: applied=5, nested=True, p=0.000000, flip=False, error=none
  edge_reconnect b=1 s=137: applied=1, nested=True, p=0.000000, flip=False, error=none
  edge_reconnect b=3 s=137: applied=3, nested=True, p=0.000000, flip=False, error=none
  edge_reconnect b=5 s=137: applied=5, nested=True, p=0.000000, flip=False, error=none
  edge_reconnect b=1 s=2026: applied=1, nested=True, p=0.000000, flip=False, error=none
  edge_reconnect b=3 s=2026: applied=3, nested=True, p=0.000000, flip=False, error=none
  edge_reconnect b=5 s=2026: applied=5, nested=True, p=0.000000, flip=False, error=none
[57/60] devign__17_vulnerable_static_void_FUNCC: baseline p=0.076072, label=0, PDG=5/7, XFG=5
  node_add b=1 s=7: applied=1, nested=True, p=0.076072, flip=False, error=none
  node_add b=3 s=7: applied=3, nested=True, p=0.127712, flip=False, error=none
  node_add b=5 s=7: applied=5, nested=True, p=0.149016, flip=False, error=none
  node_add b=1 s=17: applied=1, nested=True, p=0.076072, flip=False, error=none
  node_add b=3 s=17: applied=3, nested=True, p=0.076072, flip=False, error=none
  node_add b=5 s=17: applied=5, nested=True, p=0.075784, flip=False, error=none
  node_add b=1 s=29: applied=1, nested=True, p=0.076072, flip=False, error=none
  node_add b=3 s=29: applied=3, nested=True, p=0.087460, flip=False, error=none
  node_add b=5 s=29: applied=5, nested=True, p=0.122114, flip=False, error=none
  node_add b=1 s=42: applied=1, nested=True, p=0.076072, flip=False, error=none
  node_add b=3 s=42: applied=3, nested=True, p=0.076072, flip=False, error=none
  node_add b=5 s=42: applied=5, nested=True, p=0.076072, flip=False, error=none
  node_add b=1 s=61: applied=1, nested=True, p=0.076072, flip=False, error=none
  node_add b=3 s=61: applied=3, nested=True, p=0.127712, flip=False, error=none
  node_add b=5 s=61: applied=5, nested=True, p=0.127712, flip=False, error=none
  node_add b=1 s=73: applied=1, nested=True, p=0.076072, flip=False, error=none
  node_add b=3 s=73: applied=3, nested=True, p=0.087460, flip=False, error=none
  node_add b=5 s=73: applied=5, nested=True, p=0.083282, flip=False, error=none
  node_add b=1 s=89: applied=1, nested=True, p=0.076072, flip=False, error=none
  node_add b=3 s=89: applied=3, nested=True, p=0.076072, flip=False, error=none
  node_add b=5 s=89: applied=5, nested=True, p=0.082230, flip=False, error=none
  node_add b=1 s=101: applied=1, nested=True, p=0.076072, flip=False, error=none
  node_add b=3 s=101: applied=3, nested=True, p=0.122200, flip=False, error=none
  node_add b=5 s=101: applied=5, nested=True, p=0.107934, flip=False, error=none
  node_add b=1 s=137: applied=1, nested=True, p=0.076072, flip=False, error=none
  node_add b=3 s=137: applied=3, nested=True, p=0.161915, flip=False, error=none
  node_add b=5 s=137: applied=5, nested=True, p=0.161915, flip=False, error=none
  node_add b=1 s=2026: applied=1, nested=True, p=0.076072, flip=False, error=none
  node_add b=3 s=2026: applied=3, nested=True, p=0.087460, flip=False, error=none
  node_add b=5 s=2026: applied=5, nested=True, p=0.130538, flip=False, error=none
  node_delete b=1 s=7: applied=1, nested=True, p=0.335857, flip=False, error=none
  node_delete b=3 s=7: applied=2, nested=True, p=0.335857, flip=False, error=none
  node_delete b=5 s=7: applied=2, nested=True, p=0.335857, flip=False, error=none
  node_delete b=1 s=17: applied=1, nested=True, p=0.335857, flip=False, error=none
  node_delete b=3 s=17: applied=2, nested=True, p=0.335857, flip=False, error=none
  node_delete b=5 s=17: applied=2, nested=True, p=0.335857, flip=False, error=none
  node_delete b=1 s=29: applied=1, nested=True, p=0.076072, flip=False, error=none
  node_delete b=3 s=29: applied=2, nested=True, p=0.335857, flip=False, error=none
  node_delete b=5 s=29: applied=2, nested=True, p=0.335857, flip=False, error=none
  node_delete b=1 s=42: applied=1, nested=True, p=0.076072, flip=False, error=none
  node_delete b=3 s=42: applied=2, nested=True, p=0.335857, flip=False, error=none
  node_delete b=5 s=42: applied=2, nested=True, p=0.335857, flip=False, error=none
  node_delete b=1 s=61: applied=1, nested=True, p=0.335857, flip=False, error=none
  node_delete b=3 s=61: applied=2, nested=True, p=0.335857, flip=False, error=none
  node_delete b=5 s=61: applied=2, nested=True, p=0.335857, flip=False, error=none
  node_delete b=1 s=73: applied=1, nested=True, p=0.335857, flip=False, error=none
  node_delete b=3 s=73: applied=2, nested=True, p=0.335857, flip=False, error=none
  node_delete b=5 s=73: applied=2, nested=True, p=0.335857, flip=False, error=none
  node_delete b=1 s=89: applied=1, nested=True, p=0.076072, flip=False, error=none
  node_delete b=3 s=89: applied=2, nested=True, p=0.335857, flip=False, error=none
  node_delete b=5 s=89: applied=2, nested=True, p=0.335857, flip=False, error=none
  node_delete b=1 s=101: applied=1, nested=True, p=0.076072, flip=False, error=none
  node_delete b=3 s=101: applied=2, nested=True, p=0.335857, flip=False, error=none
  node_delete b=5 s=101: applied=2, nested=True, p=0.335857, flip=False, error=none
  node_delete b=1 s=137: applied=1, nested=True, p=0.076072, flip=False, error=none
  node_delete b=3 s=137: applied=2, nested=True, p=0.335857, flip=False, error=none
  node_delete b=5 s=137: applied=2, nested=True, p=0.335857, flip=False, error=none
  node_delete b=1 s=2026: applied=1, nested=True, p=0.076072, flip=False, error=none
  node_delete b=3 s=2026: applied=2, nested=True, p=0.335857, flip=False, error=none
  node_delete b=5 s=2026: applied=2, nested=True, p=0.335857, flip=False, error=none
  node_attribute_modify b=1 s=7: applied=1, nested=True, p=0.236238, flip=False, error=none
  node_attribute_modify b=3 s=7: applied=3, nested=True, p=0.371453, flip=False, error=none
  node_attribute_modify b=5 s=7: applied=5, nested=True, p=0.371453, flip=False, error=none
  node_attribute_modify b=1 s=17: applied=1, nested=True, p=0.283547, flip=False, error=none
  node_attribute_modify b=3 s=17: applied=3, nested=True, p=0.279278, flip=False, error=none
  node_attribute_modify b=5 s=17: applied=5, nested=True, p=0.236238, flip=False, error=none
  node_attribute_modify b=1 s=29: applied=1, nested=True, p=0.076072, flip=False, error=none
  node_attribute_modify b=3 s=29: applied=3, nested=True, p=0.236238, flip=False, error=none
  node_attribute_modify b=5 s=29: applied=5, nested=True, p=0.371453, flip=False, error=none
  node_attribute_modify b=1 s=42: applied=1, nested=True, p=0.076072, flip=False, error=none
  node_attribute_modify b=3 s=42: applied=3, nested=True, p=0.303265, flip=False, error=none
  node_attribute_modify b=5 s=42: applied=5, nested=True, p=0.371453, flip=False, error=none
  node_attribute_modify b=1 s=61: applied=1, nested=True, p=0.279278, flip=False, error=none
  node_attribute_modify b=3 s=61: applied=3, nested=True, p=0.339411, flip=False, error=none
  node_attribute_modify b=5 s=61: applied=5, nested=True, p=0.303265, flip=False, error=none
  node_attribute_modify b=1 s=73: applied=1, nested=True, p=0.209400, flip=False, error=none
  node_attribute_modify b=3 s=73: applied=3, nested=True, p=0.236238, flip=False, error=none
  node_attribute_modify b=5 s=73: applied=5, nested=True, p=0.236238, flip=False, error=none
  node_attribute_modify b=1 s=89: applied=1, nested=True, p=0.076072, flip=False, error=none
  node_attribute_modify b=3 s=89: applied=3, nested=True, p=0.339411, flip=False, error=none
  node_attribute_modify b=5 s=89: applied=5, nested=True, p=0.279278, flip=False, error=none
  node_attribute_modify b=1 s=101: applied=1, nested=True, p=0.076072, flip=False, error=none
  node_attribute_modify b=3 s=101: applied=3, nested=True, p=0.236238, flip=False, error=none
  node_attribute_modify b=5 s=101: applied=5, nested=True, p=0.279278, flip=False, error=none
  node_attribute_modify b=1 s=137: applied=1, nested=True, p=0.076072, flip=False, error=none
  node_attribute_modify b=3 s=137: applied=3, nested=True, p=0.236238, flip=False, error=none
  node_attribute_modify b=5 s=137: applied=5, nested=True, p=0.236238, flip=False, error=none
  node_attribute_modify b=1 s=2026: applied=1, nested=True, p=0.076072, flip=False, error=none
  node_attribute_modify b=3 s=2026: applied=3, nested=True, p=0.236238, flip=False, error=none
  node_attribute_modify b=5 s=2026: applied=5, nested=True, p=0.279278, flip=False, error=none
  edge_add b=1 s=7: applied=1, nested=True, p=0.005691, flip=False, error=none
  edge_add b=3 s=7: applied=3, nested=True, p=0.022361, flip=False, error=none
  edge_add b=5 s=7: applied=5, nested=True, p=0.089189, flip=False, error=none
  edge_add b=1 s=17: applied=1, nested=True, p=0.004399, flip=False, error=none
  edge_add b=3 s=17: applied=3, nested=True, p=0.018598, flip=False, error=none
  edge_add b=5 s=17: applied=5, nested=True, p=0.046690, flip=False, error=none
  edge_add b=1 s=29: applied=1, nested=True, p=0.004399, flip=False, error=none
  edge_add b=3 s=29: applied=3, nested=True, p=0.003673, flip=False, error=none
  edge_add b=5 s=29: applied=5, nested=True, p=0.015013, flip=False, error=none
  edge_add b=1 s=42: applied=1, nested=True, p=0.034208, flip=False, error=none
  edge_add b=3 s=42: applied=3, nested=True, p=0.006769, flip=False, error=none
  edge_add b=5 s=42: applied=5, nested=True, p=0.006147, flip=False, error=none
  edge_add b=1 s=61: applied=1, nested=True, p=0.012429, flip=False, error=none
  edge_add b=3 s=61: applied=3, nested=True, p=0.020461, flip=False, error=none
  edge_add b=5 s=61: applied=5, nested=True, p=0.049536, flip=False, error=none
  edge_add b=1 s=73: applied=1, nested=True, p=0.017313, flip=False, error=none
  edge_add b=3 s=73: applied=3, nested=True, p=0.006265, flip=False, error=none
  edge_add b=5 s=73: applied=5, nested=True, p=0.015100, flip=False, error=none
  edge_add b=1 s=89: applied=1, nested=True, p=0.006162, flip=False, error=none
  edge_add b=3 s=89: applied=3, nested=True, p=0.003094, flip=False, error=none
  edge_add b=5 s=89: applied=5, nested=True, p=0.043356, flip=False, error=none
  edge_add b=1 s=101: applied=1, nested=True, p=0.017331, flip=False, error=none
  edge_add b=3 s=101: applied=3, nested=True, p=0.009331, flip=False, error=none
  edge_add b=5 s=101: applied=5, nested=True, p=0.009176, flip=False, error=none
  edge_add b=1 s=137: applied=1, nested=True, p=0.006162, flip=False, error=none
  edge_add b=3 s=137: applied=3, nested=True, p=0.043018, flip=False, error=none
  edge_add b=5 s=137: applied=5, nested=True, p=0.088303, flip=False, error=none
  edge_add b=1 s=2026: applied=1, nested=True, p=0.006162, flip=False, error=none
  edge_add b=3 s=2026: applied=3, nested=True, p=0.002444, flip=False, error=none
  edge_add b=5 s=2026: applied=5, nested=True, p=0.005188, flip=False, error=none
  edge_delete b=1 s=7: applied=1, nested=True, p=0.037303, flip=False, error=none
  edge_delete b=3 s=7: applied=3, nested=True, p=0.000210, flip=False, error=none
  edge_delete b=5 s=7: applied=5, nested=True, p=0.000210, flip=False, error=none
  edge_delete b=1 s=17: applied=1, nested=True, p=0.335857, flip=False, error=none
  edge_delete b=3 s=17: applied=3, nested=True, p=0.261508, flip=False, error=none
  edge_delete b=5 s=17: applied=5, nested=True, p=0.054639, flip=False, error=none
  edge_delete b=1 s=29: applied=1, nested=True, p=0.335857, flip=False, error=none
  edge_delete b=3 s=29: applied=3, nested=True, p=0.335857, flip=False, error=none
  edge_delete b=5 s=29: applied=5, nested=True, p=0.350513, flip=False, error=none
  edge_delete b=1 s=42: applied=1, nested=True, p=0.022804, flip=False, error=none
  edge_delete b=3 s=42: applied=3, nested=True, p=0.350513, flip=False, error=none
  edge_delete b=5 s=42: applied=5, nested=True, p=0.032563, flip=False, error=none
  edge_delete b=1 s=61: applied=1, nested=True, p=0.076072, flip=False, error=none
  edge_delete b=3 s=61: applied=3, nested=True, p=0.104254, flip=False, error=none
  edge_delete b=5 s=61: applied=5, nested=True, p=0.005198, flip=False, error=none
  edge_delete b=1 s=73: applied=1, nested=True, p=0.037303, flip=False, error=none
  edge_delete b=3 s=73: applied=3, nested=True, p=0.007540, flip=False, error=none
  edge_delete b=5 s=73: applied=5, nested=True, p=0.000006, flip=False, error=none
  edge_delete b=1 s=89: applied=1, nested=True, p=0.076072, flip=False, error=none
  edge_delete b=3 s=89: applied=3, nested=True, p=0.350514, flip=False, error=none
  edge_delete b=5 s=89: applied=5, nested=True, p=0.000454, flip=False, error=none
  edge_delete b=1 s=101: applied=1, nested=True, p=0.335857, flip=False, error=none
  edge_delete b=3 s=101: applied=3, nested=True, p=0.360246, flip=False, error=none
  edge_delete b=5 s=101: applied=5, nested=True, p=0.005198, flip=False, error=none
  edge_delete b=1 s=137: applied=1, nested=True, p=0.076072, flip=False, error=none
  edge_delete b=3 s=137: applied=3, nested=True, p=0.000210, flip=False, error=none
  edge_delete b=5 s=137: applied=5, nested=True, p=0.032563, flip=False, error=none
  edge_delete b=1 s=2026: applied=1, nested=True, p=0.076072, flip=False, error=none
  edge_delete b=3 s=2026: applied=3, nested=True, p=0.104254, flip=False, error=none
  edge_delete b=5 s=2026: applied=5, nested=True, p=0.007540, flip=False, error=none
  edge_reconnect b=1 s=7: applied=1, nested=True, p=0.010586, flip=False, error=none
  edge_reconnect b=3 s=7: applied=3, nested=True, p=0.006297, flip=False, error=none
  edge_reconnect b=5 s=7: applied=5, nested=True, p=0.280635, flip=False, error=none
  edge_reconnect b=1 s=17: applied=1, nested=True, p=0.034208, flip=False, error=none
  edge_reconnect b=3 s=17: applied=3, nested=True, p=0.030034, flip=False, error=none
  edge_reconnect b=5 s=17: applied=5, nested=True, p=0.037721, flip=False, error=none
  edge_reconnect b=1 s=29: applied=1, nested=True, p=0.034208, flip=False, error=none
  edge_reconnect b=3 s=29: applied=3, nested=True, p=0.054728, flip=False, error=none
  edge_reconnect b=5 s=29: applied=5, nested=True, p=0.054158, flip=False, error=none
  edge_reconnect b=1 s=42: applied=1, nested=True, p=0.335857, flip=False, error=none
  edge_reconnect b=3 s=42: applied=3, nested=True, p=0.003075, flip=False, error=none
  edge_reconnect b=5 s=42: applied=5, nested=True, p=0.014226, flip=False, error=none
  edge_reconnect b=1 s=61: applied=1, nested=True, p=0.017331, flip=False, error=none
  edge_reconnect b=3 s=61: applied=3, nested=True, p=0.335857, flip=False, error=none
  edge_reconnect b=5 s=61: applied=5, nested=True, p=0.008390, flip=False, error=none
  edge_reconnect b=1 s=73: applied=1, nested=True, p=0.002017, flip=False, error=none
  edge_reconnect b=3 s=73: applied=3, nested=True, p=0.032236, flip=False, error=none
  edge_reconnect b=5 s=73: applied=5, nested=True, p=0.005900, flip=False, error=none
  edge_reconnect b=1 s=89: applied=1, nested=True, p=0.032736, flip=False, error=none
  edge_reconnect b=3 s=89: applied=3, nested=True, p=0.031761, flip=False, error=none
  edge_reconnect b=5 s=89: applied=5, nested=True, p=0.024646, flip=False, error=none
  edge_reconnect b=1 s=101: applied=1, nested=True, p=0.335857, flip=False, error=none
  edge_reconnect b=3 s=101: applied=3, nested=True, p=0.004482, flip=False, error=none
  edge_reconnect b=5 s=101: applied=5, nested=True, p=0.010409, flip=False, error=none
  edge_reconnect b=1 s=137: applied=1, nested=True, p=0.032736, flip=False, error=none
  edge_reconnect b=3 s=137: applied=3, nested=True, p=0.002032, flip=False, error=none
  edge_reconnect b=5 s=137: applied=5, nested=True, p=0.032736, flip=False, error=none
  edge_reconnect b=1 s=2026: applied=1, nested=True, p=0.032736, flip=False, error=none
  edge_reconnect b=3 s=2026: applied=3, nested=True, p=0.054728, flip=False, error=none
  edge_reconnect b=5 s=2026: applied=5, nested=True, p=0.054728, flip=False, error=none
[58/60] devign__18_vulnerable_mpeg1_decode_sequence: baseline p=0.899059, label=1, PDG=59/149, XFG=55
  node_add b=1 s=7: applied=1, nested=True, p=0.899059, flip=False, error=none
  node_add b=3 s=7: applied=3, nested=True, p=0.899059, flip=False, error=none
  node_add b=5 s=7: applied=5, nested=True, p=0.899059, flip=False, error=none
  node_add b=1 s=17: applied=1, nested=True, p=0.545170, flip=False, error=none
  node_add b=3 s=17: applied=3, nested=True, p=0.530607, flip=False, error=none
  node_add b=5 s=17: applied=5, nested=True, p=0.530607, flip=False, error=none
  node_add b=1 s=29: applied=1, nested=True, p=0.969287, flip=False, error=none
  node_add b=3 s=29: applied=3, nested=True, p=0.969287, flip=False, error=none
  node_add b=5 s=29: applied=5, nested=True, p=0.969287, flip=False, error=none
  node_add b=1 s=42: applied=1, nested=True, p=0.899059, flip=False, error=none
  node_add b=3 s=42: applied=3, nested=True, p=0.899059, flip=False, error=none
  node_add b=5 s=42: applied=5, nested=True, p=0.899059, flip=False, error=none
  node_add b=1 s=61: applied=1, nested=True, p=0.899059, flip=False, error=none
  node_add b=3 s=61: applied=3, nested=True, p=0.876313, flip=False, error=none
  node_add b=5 s=61: applied=5, nested=True, p=0.876313, flip=False, error=none
  node_add b=1 s=73: applied=1, nested=True, p=0.899059, flip=False, error=none
  node_add b=3 s=73: applied=3, nested=True, p=0.931958, flip=False, error=none
  node_add b=5 s=73: applied=5, nested=True, p=0.931958, flip=False, error=none
  node_add b=1 s=89: applied=1, nested=True, p=0.899059, flip=False, error=none
  node_add b=3 s=89: applied=3, nested=True, p=0.899059, flip=False, error=none
  node_add b=5 s=89: applied=5, nested=True, p=0.899059, flip=False, error=none
  node_add b=1 s=101: applied=1, nested=True, p=0.899059, flip=False, error=none
  node_add b=3 s=101: applied=3, nested=True, p=0.899059, flip=False, error=none
  node_add b=5 s=101: applied=5, nested=True, p=0.899059, flip=False, error=none
  node_add b=1 s=137: applied=1, nested=True, p=0.899059, flip=False, error=none
  node_add b=3 s=137: applied=3, nested=True, p=0.899059, flip=False, error=none
  node_add b=5 s=137: applied=5, nested=True, p=0.899059, flip=False, error=none
  node_add b=1 s=2026: applied=1, nested=True, p=0.899059, flip=False, error=none
  node_add b=3 s=2026: applied=3, nested=True, p=0.931958, flip=False, error=none
  node_add b=5 s=2026: applied=5, nested=True, p=0.202781, flip=True, error=none
  node_delete b=1 s=7: applied=1, nested=True, p=0.918462, flip=False, error=none
  node_delete b=3 s=7: applied=3, nested=True, p=0.391047, flip=True, error=none
  node_delete b=5 s=7: applied=5, nested=True, p=0.391047, flip=True, error=none
  node_delete b=1 s=17: applied=1, nested=True, p=0.391047, flip=True, error=none
  node_delete b=3 s=17: applied=3, nested=True, p=0.391047, flip=True, error=none
  node_delete b=5 s=17: applied=5, nested=True, p=0.391047, flip=True, error=none
  node_delete b=1 s=29: applied=1, nested=True, p=0.391047, flip=True, error=none
  node_delete b=3 s=29: applied=3, nested=True, p=0.391047, flip=True, error=none
  node_delete b=5 s=29: applied=5, nested=True, p=0.701545, flip=False, error=none
  node_delete b=1 s=42: applied=1, nested=True, p=0.899059, flip=False, error=none
  node_delete b=3 s=42: applied=3, nested=True, p=0.960303, flip=False, error=none
  node_delete b=5 s=42: applied=5, nested=True, p=0.997679, flip=False, error=none
  node_delete b=1 s=61: applied=1, nested=True, p=0.899059, flip=False, error=none
  node_delete b=3 s=61: applied=3, nested=True, p=0.899059, flip=False, error=none
  node_delete b=5 s=61: applied=5, nested=True, p=0.391047, flip=True, error=none
  node_delete b=1 s=73: applied=1, nested=True, p=0.899059, flip=False, error=none
  node_delete b=3 s=73: applied=3, nested=True, p=0.899059, flip=False, error=none
  node_delete b=5 s=73: applied=5, nested=True, p=0.899059, flip=False, error=none
  node_delete b=1 s=89: applied=1, nested=True, p=0.899059, flip=False, error=none
  node_delete b=3 s=89: applied=3, nested=True, p=0.928049, flip=False, error=none
  node_delete b=5 s=89: applied=5, nested=True, p=0.391047, flip=True, error=none
  node_delete b=1 s=101: applied=1, nested=True, p=0.899059, flip=False, error=none
  node_delete b=3 s=101: applied=3, nested=True, p=0.899059, flip=False, error=none
  node_delete b=5 s=101: applied=5, nested=True, p=0.952825, flip=False, error=none
  node_delete b=1 s=137: applied=1, nested=True, p=0.899059, flip=False, error=none
  node_delete b=3 s=137: applied=3, nested=True, p=0.391047, flip=True, error=none
  node_delete b=5 s=137: applied=5, nested=True, p=0.391047, flip=True, error=none
  node_delete b=1 s=2026: applied=1, nested=True, p=0.899059, flip=False, error=none
  node_delete b=3 s=2026: applied=3, nested=True, p=0.946857, flip=False, error=none
  node_delete b=5 s=2026: applied=5, nested=True, p=0.969043, flip=False, error=none
  node_attribute_modify b=1 s=7: applied=1, nested=True, p=0.899059, flip=False, error=none
  node_attribute_modify b=3 s=7: applied=3, nested=True, p=0.899059, flip=False, error=none
  node_attribute_modify b=5 s=7: applied=5, nested=True, p=0.963241, flip=False, error=none
  node_attribute_modify b=1 s=17: applied=1, nested=True, p=0.899059, flip=False, error=none
  node_attribute_modify b=3 s=17: applied=3, nested=True, p=0.899059, flip=False, error=none
  node_attribute_modify b=5 s=17: applied=5, nested=True, p=0.899059, flip=False, error=none
  node_attribute_modify b=1 s=29: applied=1, nested=True, p=0.899059, flip=False, error=none
  node_attribute_modify b=3 s=29: applied=3, nested=True, p=0.924416, flip=False, error=none
  node_attribute_modify b=5 s=29: applied=5, nested=True, p=0.918487, flip=False, error=none
  node_attribute_modify b=1 s=42: applied=1, nested=True, p=0.980167, flip=False, error=none
  node_attribute_modify b=3 s=42: applied=3, nested=True, p=0.990967, flip=False, error=none
  node_attribute_modify b=5 s=42: applied=5, nested=True, p=0.990967, flip=False, error=none
  node_attribute_modify b=1 s=61: applied=1, nested=True, p=0.129633, flip=True, error=none
  node_attribute_modify b=3 s=61: applied=3, nested=True, p=0.097425, flip=True, error=none
  node_attribute_modify b=5 s=61: applied=5, nested=True, p=0.039063, flip=True, error=none
  node_attribute_modify b=1 s=73: applied=1, nested=True, p=0.899059, flip=False, error=none
  node_attribute_modify b=3 s=73: applied=3, nested=True, p=0.194535, flip=True, error=none
  node_attribute_modify b=5 s=73: applied=5, nested=True, p=0.064911, flip=True, error=none
  node_attribute_modify b=1 s=89: applied=1, nested=True, p=0.899059, flip=False, error=none
  node_attribute_modify b=3 s=89: applied=3, nested=True, p=0.899059, flip=False, error=none
  node_attribute_modify b=5 s=89: applied=5, nested=True, p=0.899059, flip=False, error=none
  node_attribute_modify b=1 s=101: applied=1, nested=True, p=0.899059, flip=False, error=none
  node_attribute_modify b=3 s=101: applied=3, nested=True, p=0.899059, flip=False, error=none
  node_attribute_modify b=5 s=101: applied=5, nested=True, p=0.139667, flip=True, error=none
  node_attribute_modify b=1 s=137: applied=1, nested=True, p=0.899059, flip=False, error=none
  node_attribute_modify b=3 s=137: applied=3, nested=True, p=0.899059, flip=False, error=none
  node_attribute_modify b=5 s=137: applied=5, nested=True, p=0.899059, flip=False, error=none
  node_attribute_modify b=1 s=2026: applied=1, nested=True, p=0.899059, flip=False, error=none
  node_attribute_modify b=3 s=2026: applied=3, nested=True, p=0.039063, flip=True, error=none
  node_attribute_modify b=5 s=2026: applied=5, nested=True, p=0.980058, flip=False, error=none
  edge_add b=1 s=7: applied=1, nested=True, p=0.958727, flip=False, error=none
  edge_add b=3 s=7: applied=3, nested=True, p=0.955384, flip=False, error=none
  edge_add b=5 s=7: applied=5, nested=True, p=0.005333, flip=True, error=none
  edge_add b=1 s=17: applied=1, nested=True, p=0.899059, flip=False, error=none
  edge_add b=3 s=17: applied=3, nested=True, p=0.899059, flip=False, error=none
  edge_add b=5 s=17: applied=5, nested=True, p=0.882510, flip=False, error=none
  edge_add b=1 s=29: applied=1, nested=True, p=0.899059, flip=False, error=none
  edge_add b=3 s=29: applied=3, nested=True, p=0.899059, flip=False, error=none
  edge_add b=5 s=29: applied=5, nested=True, p=0.899059, flip=False, error=none
  edge_add b=1 s=42: applied=1, nested=True, p=0.899059, flip=False, error=none
  edge_add b=3 s=42: applied=3, nested=True, p=0.899059, flip=False, error=none
  edge_add b=5 s=42: applied=5, nested=True, p=0.899059, flip=False, error=none
  edge_add b=1 s=61: applied=1, nested=True, p=0.899059, flip=False, error=none
  edge_add b=3 s=61: applied=3, nested=True, p=0.899059, flip=False, error=none
  edge_add b=5 s=61: applied=5, nested=True, p=0.973189, flip=False, error=none
  edge_add b=1 s=73: applied=1, nested=True, p=0.899059, flip=False, error=none
  edge_add b=3 s=73: applied=3, nested=True, p=0.003070, flip=True, error=none
  edge_add b=5 s=73: applied=5, nested=True, p=0.999632, flip=False, error=none
  edge_add b=1 s=89: applied=1, nested=True, p=0.364603, flip=True, error=none
  edge_add b=3 s=89: applied=3, nested=True, p=0.378453, flip=True, error=none
  edge_add b=5 s=89: applied=5, nested=True, p=0.813586, flip=False, error=none
  edge_add b=1 s=101: applied=1, nested=True, p=0.899059, flip=False, error=none
  edge_add b=3 s=101: applied=3, nested=True, p=0.622965, flip=False, error=none
  edge_add b=5 s=101: applied=5, nested=True, p=0.925843, flip=False, error=none
  edge_add b=1 s=137: applied=1, nested=True, p=0.604799, flip=False, error=none
  edge_add b=3 s=137: applied=3, nested=True, p=0.605906, flip=False, error=none
  edge_add b=5 s=137: applied=5, nested=True, p=0.331937, flip=True, error=none
  edge_add b=1 s=2026: applied=1, nested=True, p=0.899059, flip=False, error=none
  edge_add b=3 s=2026: applied=3, nested=True, p=0.899059, flip=False, error=none
  edge_add b=5 s=2026: applied=5, nested=True, p=0.899059, flip=False, error=none
  edge_delete b=1 s=7: applied=1, nested=True, p=0.896837, flip=False, error=none
  edge_delete b=3 s=7: applied=3, nested=True, p=0.896837, flip=False, error=none
  edge_delete b=5 s=7: applied=5, nested=True, p=0.930639, flip=False, error=none
  edge_delete b=1 s=17: applied=1, nested=True, p=0.899059, flip=False, error=none
  edge_delete b=3 s=17: applied=3, nested=True, p=0.391047, flip=True, error=none
  edge_delete b=5 s=17: applied=5, nested=True, p=0.505158, flip=False, error=none
  edge_delete b=1 s=29: applied=1, nested=True, p=0.899059, flip=False, error=none
  edge_delete b=3 s=29: applied=3, nested=True, p=0.947562, flip=False, error=none
  edge_delete b=5 s=29: applied=5, nested=True, p=0.947562, flip=False, error=none
  edge_delete b=1 s=42: applied=1, nested=True, p=0.899059, flip=False, error=none
  edge_delete b=3 s=42: applied=3, nested=True, p=0.892431, flip=False, error=none
  edge_delete b=5 s=42: applied=5, nested=True, p=0.892431, flip=False, error=none
  edge_delete b=1 s=61: applied=1, nested=True, p=0.899059, flip=False, error=none
  edge_delete b=3 s=61: applied=3, nested=True, p=0.899059, flip=False, error=none
  edge_delete b=5 s=61: applied=5, nested=True, p=0.600050, flip=False, error=none
  edge_delete b=1 s=73: applied=1, nested=True, p=0.899059, flip=False, error=none
  edge_delete b=3 s=73: applied=3, nested=True, p=0.899059, flip=False, error=none
  edge_delete b=5 s=73: applied=5, nested=True, p=0.899059, flip=False, error=none
  edge_delete b=1 s=89: applied=1, nested=True, p=0.899059, flip=False, error=none
  edge_delete b=3 s=89: applied=3, nested=True, p=0.899059, flip=False, error=none
  edge_delete b=5 s=89: applied=5, nested=True, p=0.899059, flip=False, error=none
  edge_delete b=1 s=101: applied=1, nested=True, p=0.899059, flip=False, error=none
  edge_delete b=3 s=101: applied=3, nested=True, p=0.905615, flip=False, error=none
  edge_delete b=5 s=101: applied=5, nested=True, p=0.905616, flip=False, error=none
  edge_delete b=1 s=137: applied=1, nested=True, p=0.899059, flip=False, error=none
  edge_delete b=3 s=137: applied=3, nested=True, p=0.899059, flip=False, error=none
  edge_delete b=5 s=137: applied=5, nested=True, p=0.711012, flip=False, error=none
  edge_delete b=1 s=2026: applied=1, nested=True, p=0.899059, flip=False, error=none
  edge_delete b=3 s=2026: applied=3, nested=True, p=0.896837, flip=False, error=none
  edge_delete b=5 s=2026: applied=5, nested=True, p=0.972893, flip=False, error=none
  edge_reconnect b=1 s=7: applied=1, nested=True, p=0.668680, flip=False, error=none
  edge_reconnect b=3 s=7: applied=3, nested=True, p=0.668680, flip=False, error=none
  edge_reconnect b=5 s=7: applied=5, nested=True, p=0.997414, flip=False, error=none
  edge_reconnect b=1 s=17: applied=1, nested=True, p=0.646990, flip=False, error=none
  edge_reconnect b=3 s=17: applied=3, nested=True, p=0.174304, flip=True, error=none
  edge_reconnect b=5 s=17: applied=5, nested=True, p=0.205719, flip=True, error=none
  edge_reconnect b=1 s=29: applied=1, nested=True, p=0.047446, flip=True, error=none
  edge_reconnect b=3 s=29: applied=3, nested=True, p=0.013768, flip=True, error=none
  edge_reconnect b=5 s=29: applied=5, nested=True, p=0.219481, flip=True, error=none
  edge_reconnect b=1 s=42: applied=1, nested=True, p=0.899059, flip=False, error=none
  edge_reconnect b=3 s=42: applied=3, nested=True, p=0.900798, flip=False, error=none
  edge_reconnect b=5 s=42: applied=5, nested=True, p=0.900798, flip=False, error=none
  edge_reconnect b=1 s=61: applied=1, nested=True, p=0.850478, flip=False, error=none
  edge_reconnect b=3 s=61: applied=3, nested=True, p=0.850478, flip=False, error=none
  edge_reconnect b=5 s=61: applied=5, nested=True, p=0.824793, flip=False, error=none
  edge_reconnect b=1 s=73: applied=1, nested=True, p=0.899059, flip=False, error=none
  edge_reconnect b=3 s=73: applied=3, nested=True, p=0.899059, flip=False, error=none
  edge_reconnect b=5 s=73: applied=5, nested=True, p=0.837951, flip=False, error=none
  edge_reconnect b=1 s=89: applied=1, nested=True, p=0.895326, flip=False, error=none
  edge_reconnect b=3 s=89: applied=3, nested=True, p=0.895326, flip=False, error=none
  edge_reconnect b=5 s=89: applied=5, nested=True, p=0.895326, flip=False, error=none
  edge_reconnect b=1 s=101: applied=1, nested=True, p=0.899059, flip=False, error=none
  edge_reconnect b=3 s=101: applied=3, nested=True, p=0.656014, flip=False, error=none
  edge_reconnect b=5 s=101: applied=5, nested=True, p=0.027293, flip=True, error=none
  edge_reconnect b=1 s=137: applied=1, nested=True, p=0.907061, flip=False, error=none
  edge_reconnect b=3 s=137: applied=3, nested=True, p=0.553584, flip=False, error=none
  edge_reconnect b=5 s=137: applied=5, nested=True, p=0.553584, flip=False, error=none
  edge_reconnect b=1 s=2026: applied=1, nested=True, p=0.899059, flip=False, error=none
  edge_reconnect b=3 s=2026: applied=3, nested=True, p=0.668680, flip=False, error=none
  edge_reconnect b=5 s=2026: applied=5, nested=True, p=0.999948, flip=False, error=none
[59/60] devign__19_non_vulnerable_const_char_get_feature_xml: baseline p=0.000039, label=0, PDG=27/47, XFG=13
  node_add b=1 s=7: applied=1, nested=True, p=0.000027, flip=False, error=none
  node_add b=3 s=7: applied=3, nested=True, p=0.000016, flip=False, error=none
  node_add b=5 s=7: applied=5, nested=True, p=0.000016, flip=False, error=none
  node_add b=1 s=17: applied=1, nested=True, p=0.000112, flip=False, error=none
  node_add b=3 s=17: applied=3, nested=True, p=0.000087, flip=False, error=none
  node_add b=5 s=17: applied=5, nested=True, p=0.000172, flip=False, error=none
  node_add b=1 s=29: applied=1, nested=True, p=0.000016, flip=False, error=none
  node_add b=3 s=29: applied=3, nested=True, p=0.000022, flip=False, error=none
  node_add b=5 s=29: applied=5, nested=True, p=0.000053, flip=False, error=none
  node_add b=1 s=42: applied=1, nested=True, p=0.000016, flip=False, error=none
  node_add b=3 s=42: applied=3, nested=True, p=0.000016, flip=False, error=none
  node_add b=5 s=42: applied=5, nested=True, p=0.000018, flip=False, error=none
  node_add b=1 s=61: applied=1, nested=True, p=0.000027, flip=False, error=none
  node_add b=3 s=61: applied=3, nested=True, p=0.000038, flip=False, error=none
  node_add b=5 s=61: applied=5, nested=True, p=0.000044, flip=False, error=none
  node_add b=1 s=73: applied=1, nested=True, p=0.000026, flip=False, error=none
  node_add b=3 s=73: applied=3, nested=True, p=0.000198, flip=False, error=none
  node_add b=5 s=73: applied=5, nested=True, p=0.000122, flip=False, error=none
  node_add b=1 s=89: applied=1, nested=True, p=0.000039, flip=False, error=none
  node_add b=3 s=89: applied=3, nested=True, p=0.000167, flip=False, error=none
  node_add b=5 s=89: applied=5, nested=True, p=0.000230, flip=False, error=none
  node_add b=1 s=101: applied=1, nested=True, p=0.000016, flip=False, error=none
  node_add b=3 s=101: applied=3, nested=True, p=0.000025, flip=False, error=none
  node_add b=5 s=101: applied=5, nested=True, p=0.000065, flip=False, error=none
  node_add b=1 s=137: applied=1, nested=True, p=0.000039, flip=False, error=none
  node_add b=3 s=137: applied=3, nested=True, p=0.000084, flip=False, error=none
  node_add b=5 s=137: applied=5, nested=True, p=0.000219, flip=False, error=none
  node_add b=1 s=2026: applied=1, nested=True, p=0.000024, flip=False, error=none
  node_add b=3 s=2026: applied=3, nested=True, p=0.000128, flip=False, error=none
  node_add b=5 s=2026: applied=5, nested=True, p=0.000280, flip=False, error=none
  node_delete b=1 s=7: applied=1, nested=True, p=0.000027, flip=False, error=none
  node_delete b=3 s=7: applied=3, nested=True, p=0.017161, flip=False, error=none
  node_delete b=5 s=7: applied=5, nested=True, p=0.017161, flip=False, error=none
  node_delete b=1 s=17: applied=1, nested=True, p=0.000037, flip=False, error=none
  node_delete b=3 s=17: applied=3, nested=True, p=0.000033, flip=False, error=none
  node_delete b=5 s=17: applied=5, nested=True, p=0.000027, flip=False, error=none
  node_delete b=1 s=29: applied=1, nested=True, p=0.000037, flip=False, error=none
  node_delete b=3 s=29: applied=3, nested=True, p=0.000028, flip=False, error=none
  node_delete b=5 s=29: applied=5, nested=True, p=0.000527, flip=False, error=none
  node_delete b=1 s=42: applied=1, nested=True, p=0.000046, flip=False, error=none
  node_delete b=3 s=42: applied=3, nested=True, p=0.000641, flip=False, error=none
  node_delete b=5 s=42: applied=5, nested=True, p=0.000641, flip=False, error=none
  node_delete b=1 s=61: applied=1, nested=True, p=0.000040, flip=False, error=none
  node_delete b=3 s=61: applied=3, nested=True, p=0.101108, flip=False, error=none
  node_delete b=5 s=61: applied=5, nested=True, p=0.101108, flip=False, error=none
  node_delete b=1 s=73: applied=1, nested=True, p=0.000059, flip=False, error=none
  node_delete b=3 s=73: applied=3, nested=True, p=0.000044, flip=False, error=none
  node_delete b=5 s=73: applied=5, nested=True, p=0.000012, flip=False, error=none
  node_delete b=1 s=89: applied=1, nested=True, p=0.000048, flip=False, error=none
  node_delete b=3 s=89: applied=3, nested=True, p=0.000039, flip=False, error=none
  node_delete b=5 s=89: applied=5, nested=True, p=0.000016, flip=False, error=none
  node_delete b=1 s=101: applied=1, nested=True, p=0.000018, flip=False, error=none
  node_delete b=3 s=101: applied=3, nested=True, p=0.000024, flip=False, error=none
  node_delete b=5 s=101: applied=5, nested=True, p=0.000016, flip=False, error=none
  node_delete b=1 s=137: applied=1, nested=True, p=0.000048, flip=False, error=none
  node_delete b=3 s=137: applied=3, nested=True, p=0.000103, flip=False, error=none
  node_delete b=5 s=137: applied=5, nested=True, p=0.000070, flip=False, error=none
  node_delete b=1 s=2026: applied=1, nested=True, p=0.000048, flip=False, error=none
  node_delete b=3 s=2026: applied=3, nested=True, p=0.000016, flip=False, error=none
  node_delete b=5 s=2026: applied=5, nested=True, p=0.001381, flip=False, error=none
  node_attribute_modify b=1 s=7: applied=1, nested=True, p=0.000033, flip=False, error=none
  node_attribute_modify b=3 s=7: applied=3, nested=True, p=0.000016, flip=False, error=none
  node_attribute_modify b=5 s=7: applied=5, nested=True, p=0.000090, flip=False, error=none
  node_attribute_modify b=1 s=17: applied=1, nested=True, p=0.000062, flip=False, error=none
  node_attribute_modify b=3 s=17: applied=3, nested=True, p=0.000092, flip=False, error=none
  node_attribute_modify b=5 s=17: applied=5, nested=True, p=0.000018, flip=False, error=none
  node_attribute_modify b=1 s=29: applied=1, nested=True, p=0.000044, flip=False, error=none
  node_attribute_modify b=3 s=29: applied=3, nested=True, p=0.000016, flip=False, error=none
  node_attribute_modify b=5 s=29: applied=5, nested=True, p=0.005687, flip=False, error=none
  node_attribute_modify b=1 s=42: applied=1, nested=True, p=0.001886, flip=False, error=none
  node_attribute_modify b=3 s=42: applied=3, nested=True, p=0.000970, flip=False, error=none
  node_attribute_modify b=5 s=42: applied=5, nested=True, p=0.071536, flip=False, error=none
  node_attribute_modify b=1 s=61: applied=1, nested=True, p=0.000016, flip=False, error=none
  node_attribute_modify b=3 s=61: applied=3, nested=True, p=0.001238, flip=False, error=none
  node_attribute_modify b=5 s=61: applied=5, nested=True, p=0.009726, flip=False, error=none
  node_attribute_modify b=1 s=73: applied=1, nested=True, p=0.000047, flip=False, error=none
  node_attribute_modify b=3 s=73: applied=3, nested=True, p=0.000047, flip=False, error=none
  node_attribute_modify b=5 s=73: applied=5, nested=True, p=0.006510, flip=False, error=none
  node_attribute_modify b=1 s=89: applied=1, nested=True, p=0.000147, flip=False, error=none
  node_attribute_modify b=3 s=89: applied=3, nested=True, p=0.002057, flip=False, error=none
  node_attribute_modify b=5 s=89: applied=5, nested=True, p=0.000059, flip=False, error=none
  node_attribute_modify b=1 s=101: applied=1, nested=True, p=0.002223, flip=False, error=none
  node_attribute_modify b=3 s=101: applied=3, nested=True, p=0.002305, flip=False, error=none
  node_attribute_modify b=5 s=101: applied=5, nested=True, p=0.002688, flip=False, error=none
  node_attribute_modify b=1 s=137: applied=1, nested=True, p=0.000016, flip=False, error=none
  node_attribute_modify b=3 s=137: applied=3, nested=True, p=0.000051, flip=False, error=none
  node_attribute_modify b=5 s=137: applied=5, nested=True, p=0.000018, flip=False, error=none
  node_attribute_modify b=1 s=2026: applied=1, nested=True, p=0.000016, flip=False, error=none
  node_attribute_modify b=3 s=2026: applied=3, nested=True, p=0.000016, flip=False, error=none
  node_attribute_modify b=5 s=2026: applied=5, nested=True, p=0.000000, flip=False, error=none
  edge_add b=1 s=7: applied=1, nested=True, p=0.000042, flip=False, error=none
  edge_add b=3 s=7: applied=3, nested=True, p=0.000238, flip=False, error=none
  edge_add b=5 s=7: applied=5, nested=True, p=0.000080, flip=False, error=none
  edge_add b=1 s=17: applied=1, nested=True, p=0.000041, flip=False, error=none
  edge_add b=3 s=17: applied=3, nested=True, p=0.000091, flip=False, error=none
  edge_add b=5 s=17: applied=5, nested=True, p=0.000055, flip=False, error=none
  edge_add b=1 s=29: applied=1, nested=True, p=0.000104, flip=False, error=none
  edge_add b=3 s=29: applied=3, nested=True, p=0.000104, flip=False, error=none
  edge_add b=5 s=29: applied=5, nested=True, p=0.000104, flip=False, error=none
  edge_add b=1 s=42: applied=1, nested=True, p=0.000039, flip=False, error=none
  edge_add b=3 s=42: applied=3, nested=True, p=0.000717, flip=False, error=none
  edge_add b=5 s=42: applied=5, nested=True, p=0.000717, flip=False, error=none
  edge_add b=1 s=61: applied=1, nested=True, p=0.000033, flip=False, error=none
  edge_add b=3 s=61: applied=3, nested=True, p=0.000038, flip=False, error=none
  edge_add b=5 s=61: applied=5, nested=True, p=0.000038, flip=False, error=none
  edge_add b=1 s=73: applied=1, nested=True, p=0.001215, flip=False, error=none
  edge_add b=3 s=73: applied=3, nested=True, p=0.003919, flip=False, error=none
  edge_add b=5 s=73: applied=5, nested=True, p=0.002886, flip=False, error=none
  edge_add b=1 s=89: applied=1, nested=True, p=0.000050, flip=False, error=none
  edge_add b=3 s=89: applied=3, nested=True, p=0.000154, flip=False, error=none
  edge_add b=5 s=89: applied=5, nested=True, p=0.000016, flip=False, error=none
  edge_add b=1 s=101: applied=1, nested=True, p=0.000047, flip=False, error=none
  edge_add b=3 s=101: applied=3, nested=True, p=0.000059, flip=False, error=none
  edge_add b=5 s=101: applied=5, nested=True, p=0.003565, flip=False, error=none
  edge_add b=1 s=137: applied=1, nested=True, p=0.000298, flip=False, error=none
  edge_add b=3 s=137: applied=3, nested=True, p=0.000098, flip=False, error=none
  edge_add b=5 s=137: applied=5, nested=True, p=0.000098, flip=False, error=none
  edge_add b=1 s=2026: applied=1, nested=True, p=0.000045, flip=False, error=none
  edge_add b=3 s=2026: applied=3, nested=True, p=0.000016, flip=False, error=none
  edge_add b=5 s=2026: applied=5, nested=True, p=0.000016, flip=False, error=none
  edge_delete b=1 s=7: applied=1, nested=True, p=0.674619, flip=True, error=none
  edge_delete b=3 s=7: applied=3, nested=True, p=0.017161, flip=False, error=none
  edge_delete b=5 s=7: applied=5, nested=True, p=0.017161, flip=False, error=none
  edge_delete b=1 s=17: applied=1, nested=True, p=0.000039, flip=False, error=none
  edge_delete b=3 s=17: applied=3, nested=True, p=0.000049, flip=False, error=none
  edge_delete b=5 s=17: applied=5, nested=True, p=0.352582, flip=False, error=none
  edge_delete b=1 s=29: applied=1, nested=True, p=0.000138, flip=False, error=none
  edge_delete b=3 s=29: applied=3, nested=True, p=0.392748, flip=False, error=none
  edge_delete b=5 s=29: applied=5, nested=True, p=0.000149, flip=False, error=none
  edge_delete b=1 s=42: applied=1, nested=True, p=0.000039, flip=False, error=none
  edge_delete b=3 s=42: applied=3, nested=True, p=0.000057, flip=False, error=none
  edge_delete b=5 s=42: applied=5, nested=True, p=0.004928, flip=False, error=none
  edge_delete b=1 s=61: applied=1, nested=True, p=0.000033, flip=False, error=none
  edge_delete b=3 s=61: applied=3, nested=True, p=0.000354, flip=False, error=none
  edge_delete b=5 s=61: applied=5, nested=True, p=0.412451, flip=False, error=none
  edge_delete b=1 s=73: applied=1, nested=True, p=0.004928, flip=False, error=none
  edge_delete b=3 s=73: applied=3, nested=True, p=0.024843, flip=False, error=none
  edge_delete b=5 s=73: applied=5, nested=True, p=0.024843, flip=False, error=none
  edge_delete b=1 s=89: applied=1, nested=True, p=0.000641, flip=False, error=none
  edge_delete b=3 s=89: applied=3, nested=True, p=0.004928, flip=False, error=none
  edge_delete b=5 s=89: applied=5, nested=True, p=0.004928, flip=False, error=none
  edge_delete b=1 s=101: applied=1, nested=True, p=0.000138, flip=False, error=none
  edge_delete b=3 s=101: applied=3, nested=True, p=0.000261, flip=False, error=none
  edge_delete b=5 s=101: applied=5, nested=True, p=0.392748, flip=False, error=none
  edge_delete b=1 s=137: applied=1, nested=True, p=0.000033, flip=False, error=none
  edge_delete b=3 s=137: applied=3, nested=True, p=0.000032, flip=False, error=none
  edge_delete b=5 s=137: applied=5, nested=True, p=0.412451, flip=False, error=none
  edge_delete b=1 s=2026: applied=1, nested=True, p=0.000048, flip=False, error=none
  edge_delete b=3 s=2026: applied=3, nested=True, p=0.000016, flip=False, error=none
  edge_delete b=5 s=2026: applied=5, nested=True, p=0.000147, flip=False, error=none
  edge_reconnect b=1 s=7: applied=1, nested=True, p=0.000022, flip=False, error=none
  edge_reconnect b=3 s=7: applied=3, nested=True, p=0.083710, flip=False, error=none
  edge_reconnect b=5 s=7: applied=5, nested=True, p=0.083710, flip=False, error=none
  edge_reconnect b=1 s=17: applied=1, nested=True, p=0.001276, flip=False, error=none
  edge_reconnect b=3 s=17: applied=3, nested=True, p=0.002161, flip=False, error=none
  edge_reconnect b=5 s=17: applied=5, nested=True, p=0.002169, flip=False, error=none
  edge_reconnect b=1 s=29: applied=1, nested=True, p=0.000041, flip=False, error=none
  edge_reconnect b=3 s=29: applied=3, nested=True, p=0.004928, flip=False, error=none
  edge_reconnect b=5 s=29: applied=5, nested=True, p=0.004928, flip=False, error=none
  edge_reconnect b=1 s=42: applied=1, nested=True, p=0.000033, flip=False, error=none
  edge_reconnect b=3 s=42: applied=3, nested=True, p=0.000050, flip=False, error=none
  edge_reconnect b=5 s=42: applied=5, nested=True, p=0.000230, flip=False, error=none
  edge_reconnect b=1 s=61: applied=1, nested=True, p=0.270966, flip=False, error=none
  edge_reconnect b=3 s=61: applied=3, nested=True, p=0.870413, flip=True, error=none
  edge_reconnect b=5 s=61: applied=5, nested=True, p=0.047857, flip=False, error=none
  edge_reconnect b=1 s=73: applied=1, nested=True, p=0.000016, flip=False, error=none
  edge_reconnect b=3 s=73: applied=3, nested=True, p=0.270966, flip=False, error=none
  edge_reconnect b=5 s=73: applied=5, nested=True, p=0.392748, flip=False, error=none
  edge_reconnect b=1 s=89: applied=1, nested=True, p=0.000044, flip=False, error=none
  edge_reconnect b=3 s=89: applied=3, nested=True, p=0.000235, flip=False, error=none
  edge_reconnect b=5 s=89: applied=5, nested=True, p=0.000260, flip=False, error=none
  edge_reconnect b=1 s=101: applied=1, nested=True, p=0.000027, flip=False, error=none
  edge_reconnect b=3 s=101: applied=3, nested=True, p=0.000128, flip=False, error=none
  edge_reconnect b=5 s=101: applied=5, nested=True, p=0.000056, flip=False, error=none
  edge_reconnect b=1 s=137: applied=1, nested=True, p=0.000017, flip=False, error=none
  edge_reconnect b=3 s=137: applied=3, nested=True, p=0.003859, flip=False, error=none
  edge_reconnect b=5 s=137: applied=5, nested=True, p=0.000963, flip=False, error=none
  edge_reconnect b=1 s=2026: applied=1, nested=True, p=0.000641, flip=False, error=none
  edge_reconnect b=3 s=2026: applied=3, nested=True, p=0.270966, flip=False, error=none
  edge_reconnect b=5 s=2026: applied=5, nested=True, p=0.270966, flip=False, error=none
[60/60] devign__20_non_vulnerable_static_int_vfio_set_resample_eventfd: baseline p=0.115107, label=0, PDG=19/22, XFG=10
  node_add b=1 s=7: applied=1, nested=True, p=0.115107, flip=False, error=none
  node_add b=3 s=7: applied=3, nested=True, p=0.874045, flip=True, error=none
  node_add b=5 s=7: applied=5, nested=True, p=0.963272, flip=True, error=none
  node_add b=1 s=17: applied=1, nested=True, p=0.115107, flip=False, error=none
  node_add b=3 s=17: applied=3, nested=True, p=0.115107, flip=False, error=none
  node_add b=5 s=17: applied=5, nested=True, p=0.118137, flip=False, error=none
  node_add b=1 s=29: applied=1, nested=True, p=0.115107, flip=False, error=none
  node_add b=3 s=29: applied=3, nested=True, p=0.115107, flip=False, error=none
  node_add b=5 s=29: applied=5, nested=True, p=0.115107, flip=False, error=none
  node_add b=1 s=42: applied=1, nested=True, p=0.115107, flip=False, error=none
  node_add b=3 s=42: applied=3, nested=True, p=0.115107, flip=False, error=none
  node_add b=5 s=42: applied=5, nested=True, p=0.115107, flip=False, error=none
  node_add b=1 s=61: applied=1, nested=True, p=0.115107, flip=False, error=none
  node_add b=3 s=61: applied=3, nested=True, p=0.115107, flip=False, error=none
  node_add b=5 s=61: applied=5, nested=True, p=0.115107, flip=False, error=none
  node_add b=1 s=73: applied=1, nested=True, p=0.115107, flip=False, error=none
  node_add b=3 s=73: applied=3, nested=True, p=0.115107, flip=False, error=none
  node_add b=5 s=73: applied=5, nested=True, p=0.115107, flip=False, error=none
  node_add b=1 s=89: applied=1, nested=True, p=0.115107, flip=False, error=none
  node_add b=3 s=89: applied=3, nested=True, p=0.115107, flip=False, error=none
  node_add b=5 s=89: applied=5, nested=True, p=0.749455, flip=True, error=none
  node_add b=1 s=101: applied=1, nested=True, p=0.115107, flip=False, error=none
  node_add b=3 s=101: applied=3, nested=True, p=0.115107, flip=False, error=none
  node_add b=5 s=101: applied=5, nested=True, p=0.115107, flip=False, error=none
  node_add b=1 s=137: applied=1, nested=True, p=0.115107, flip=False, error=none
  node_add b=3 s=137: applied=3, nested=True, p=0.115107, flip=False, error=none
  node_add b=5 s=137: applied=5, nested=True, p=0.115107, flip=False, error=none
  node_add b=1 s=2026: applied=1, nested=True, p=0.115107, flip=False, error=none
  node_add b=3 s=2026: applied=3, nested=True, p=0.115107, flip=False, error=none
  node_add b=5 s=2026: applied=5, nested=True, p=0.128239, flip=False, error=none
  node_delete b=1 s=7: applied=1, nested=True, p=0.115107, flip=False, error=none
  node_delete b=3 s=7: applied=3, nested=True, p=0.000060, flip=False, error=none
  node_delete b=5 s=7: applied=5, nested=True, p=0.000000, flip=False, error=none
  node_delete b=1 s=17: applied=1, nested=True, p=0.049133, flip=False, error=none
  node_delete b=3 s=17: applied=3, nested=True, p=0.078573, flip=False, error=none
  node_delete b=5 s=17: applied=5, nested=True, p=0.203450, flip=False, error=none
  node_delete b=1 s=29: applied=1, nested=True, p=0.049133, flip=False, error=none
  node_delete b=3 s=29: applied=3, nested=True, p=0.164233, flip=False, error=none
  node_delete b=5 s=29: applied=5, nested=True, p=0.314419, flip=False, error=none
  node_delete b=1 s=42: applied=1, nested=True, p=0.177780, flip=False, error=none
  node_delete b=3 s=42: applied=3, nested=True, p=0.115107, flip=False, error=none
  node_delete b=5 s=42: applied=5, nested=True, p=0.124851, flip=False, error=none
  node_delete b=1 s=61: applied=1, nested=True, p=0.115107, flip=False, error=none
  node_delete b=3 s=61: applied=3, nested=True, p=0.287045, flip=False, error=none
  node_delete b=5 s=61: applied=5, nested=True, p=0.000060, flip=False, error=none
  node_delete b=1 s=73: applied=1, nested=True, p=0.124851, flip=False, error=none
  node_delete b=3 s=73: applied=3, nested=True, p=0.124851, flip=False, error=none
  node_delete b=5 s=73: applied=5, nested=True, p=0.124851, flip=False, error=none
  node_delete b=1 s=89: applied=1, nested=True, p=0.177780, flip=False, error=none
  node_delete b=3 s=89: applied=3, nested=True, p=0.287045, flip=False, error=none
  node_delete b=5 s=89: applied=5, nested=True, p=0.000060, flip=False, error=none
  node_delete b=1 s=101: applied=1, nested=True, p=0.130326, flip=False, error=none
  node_delete b=3 s=101: applied=3, nested=True, p=0.124851, flip=False, error=none
  node_delete b=5 s=101: applied=5, nested=True, p=0.124851, flip=False, error=none
  node_delete b=1 s=137: applied=1, nested=True, p=0.177780, flip=False, error=none
  node_delete b=3 s=137: applied=3, nested=True, p=0.183925, flip=False, error=none
  node_delete b=5 s=137: applied=5, nested=True, p=0.000284, flip=False, error=none
  node_delete b=1 s=2026: applied=1, nested=True, p=0.177780, flip=False, error=none
  node_delete b=3 s=2026: applied=3, nested=True, p=0.178625, flip=False, error=none
  node_delete b=5 s=2026: applied=5, nested=True, p=0.115107, flip=False, error=none
  node_attribute_modify b=1 s=7: applied=1, nested=True, p=0.134465, flip=False, error=none
  node_attribute_modify b=3 s=7: applied=3, nested=True, p=0.095559, flip=False, error=none
  node_attribute_modify b=5 s=7: applied=5, nested=True, p=0.031715, flip=False, error=none
  node_attribute_modify b=1 s=17: applied=1, nested=True, p=0.115107, flip=False, error=none
  node_attribute_modify b=3 s=17: applied=3, nested=True, p=0.000001, flip=False, error=none
  node_attribute_modify b=5 s=17: applied=5, nested=True, p=0.102820, flip=False, error=none
  node_attribute_modify b=1 s=29: applied=1, nested=True, p=0.115107, flip=False, error=none
  node_attribute_modify b=3 s=29: applied=3, nested=True, p=0.115107, flip=False, error=none
  node_attribute_modify b=5 s=29: applied=5, nested=True, p=0.255411, flip=False, error=none
  node_attribute_modify b=1 s=42: applied=1, nested=True, p=0.115107, flip=False, error=none
  node_attribute_modify b=3 s=42: applied=3, nested=True, p=0.002347, flip=False, error=none
  node_attribute_modify b=5 s=42: applied=5, nested=True, p=0.074369, flip=False, error=none
  node_attribute_modify b=1 s=61: applied=1, nested=True, p=0.115107, flip=False, error=none
  node_attribute_modify b=3 s=61: applied=3, nested=True, p=0.469427, flip=False, error=none
  node_attribute_modify b=5 s=61: applied=5, nested=True, p=0.999636, flip=True, error=none
  node_attribute_modify b=1 s=73: applied=1, nested=True, p=0.087866, flip=False, error=none
  node_attribute_modify b=3 s=73: applied=3, nested=True, p=0.017806, flip=False, error=none
  node_attribute_modify b=5 s=73: applied=5, nested=True, p=0.020296, flip=False, error=none
  node_attribute_modify b=1 s=89: applied=1, nested=True, p=0.115107, flip=False, error=none
  node_attribute_modify b=3 s=89: applied=3, nested=True, p=0.308210, flip=False, error=none
  node_attribute_modify b=5 s=89: applied=5, nested=True, p=0.308210, flip=False, error=none
  node_attribute_modify b=1 s=101: applied=1, nested=True, p=0.707377, flip=True, error=none
  node_attribute_modify b=3 s=101: applied=3, nested=True, p=0.682096, flip=True, error=none
  node_attribute_modify b=5 s=101: applied=5, nested=True, p=0.578873, flip=True, error=none
  node_attribute_modify b=1 s=137: applied=1, nested=True, p=0.115107, flip=False, error=none
  node_attribute_modify b=3 s=137: applied=3, nested=True, p=0.115107, flip=False, error=none
  node_attribute_modify b=5 s=137: applied=5, nested=True, p=0.012108, flip=False, error=none
  node_attribute_modify b=1 s=2026: applied=1, nested=True, p=0.115107, flip=False, error=none
  node_attribute_modify b=3 s=2026: applied=3, nested=True, p=0.020933, flip=False, error=none
  node_attribute_modify b=5 s=2026: applied=5, nested=True, p=0.048887, flip=False, error=none
  edge_add b=1 s=7: applied=1, nested=True, p=0.115107, flip=False, error=none
  edge_add b=3 s=7: applied=3, nested=True, p=0.008589, flip=False, error=none
  edge_add b=5 s=7: applied=5, nested=True, p=0.024872, flip=False, error=none
  edge_add b=1 s=17: applied=1, nested=True, p=0.115107, flip=False, error=none
  edge_add b=3 s=17: applied=3, nested=True, p=0.152593, flip=False, error=none
  edge_add b=5 s=17: applied=5, nested=True, p=0.082973, flip=False, error=none
  edge_add b=1 s=29: applied=1, nested=True, p=0.115107, flip=False, error=none
  edge_add b=3 s=29: applied=3, nested=True, p=0.003054, flip=False, error=none
  edge_add b=5 s=29: applied=5, nested=True, p=0.002046, flip=False, error=none
  edge_add b=1 s=42: applied=1, nested=True, p=0.042093, flip=False, error=none
  edge_add b=3 s=42: applied=3, nested=True, p=0.035579, flip=False, error=none
  edge_add b=5 s=42: applied=5, nested=True, p=0.024767, flip=False, error=none
  edge_add b=1 s=61: applied=1, nested=True, p=0.115107, flip=False, error=none
  edge_add b=3 s=61: applied=3, nested=True, p=0.115107, flip=False, error=none
  edge_add b=5 s=61: applied=5, nested=True, p=0.115107, flip=False, error=none
  edge_add b=1 s=73: applied=1, nested=True, p=0.115107, flip=False, error=none
  edge_add b=3 s=73: applied=3, nested=True, p=0.115107, flip=False, error=none
  edge_add b=5 s=73: applied=5, nested=True, p=0.002526, flip=False, error=none
  edge_add b=1 s=89: applied=1, nested=True, p=0.115107, flip=False, error=none
  edge_add b=3 s=89: applied=3, nested=True, p=0.115107, flip=False, error=none
  edge_add b=5 s=89: applied=5, nested=True, p=0.009647, flip=False, error=none
  edge_add b=1 s=101: applied=1, nested=True, p=0.013350, flip=False, error=none
  edge_add b=3 s=101: applied=3, nested=True, p=0.008096, flip=False, error=none
  edge_add b=5 s=101: applied=5, nested=True, p=0.000792, flip=False, error=none
  edge_add b=1 s=137: applied=1, nested=True, p=0.005725, flip=False, error=none
  edge_add b=3 s=137: applied=3, nested=True, p=0.002768, flip=False, error=none
  edge_add b=5 s=137: applied=5, nested=True, p=0.002335, flip=False, error=none
  edge_add b=1 s=2026: applied=1, nested=True, p=0.115107, flip=False, error=none
  edge_add b=3 s=2026: applied=3, nested=True, p=0.321982, flip=False, error=none
  edge_add b=5 s=2026: applied=5, nested=True, p=0.321982, flip=False, error=none
  edge_delete b=1 s=7: applied=1, nested=True, p=0.115107, flip=False, error=none
  edge_delete b=3 s=7: applied=3, nested=True, p=0.115107, flip=False, error=none
  edge_delete b=5 s=7: applied=5, nested=True, p=0.115107, flip=False, error=none
  edge_delete b=1 s=17: applied=1, nested=True, p=0.115107, flip=False, error=none
  edge_delete b=3 s=17: applied=3, nested=True, p=0.013350, flip=False, error=none
  edge_delete b=5 s=17: applied=5, nested=True, p=0.001407, flip=False, error=none
  edge_delete b=1 s=29: applied=1, nested=True, p=0.115107, flip=False, error=none
  edge_delete b=3 s=29: applied=3, nested=True, p=0.287045, flip=False, error=none
  edge_delete b=5 s=29: applied=5, nested=True, p=0.287045, flip=False, error=none
  edge_delete b=1 s=42: applied=1, nested=True, p=0.115107, flip=False, error=none
  edge_delete b=3 s=42: applied=3, nested=True, p=0.207866, flip=False, error=none
  edge_delete b=5 s=42: applied=5, nested=True, p=0.141801, flip=False, error=none
  edge_delete b=1 s=61: applied=1, nested=True, p=0.115107, flip=False, error=none
  edge_delete b=3 s=61: applied=3, nested=True, p=0.115107, flip=False, error=none
  edge_delete b=5 s=61: applied=5, nested=True, p=0.142003, flip=False, error=none
  edge_delete b=1 s=73: applied=1, nested=True, p=0.115107, flip=False, error=none
  edge_delete b=3 s=73: applied=3, nested=True, p=0.115107, flip=False, error=none
  edge_delete b=5 s=73: applied=5, nested=True, p=0.394640, flip=False, error=none
  edge_delete b=1 s=89: applied=1, nested=True, p=0.287045, flip=False, error=none
  edge_delete b=3 s=89: applied=3, nested=True, p=0.287045, flip=False, error=none
  edge_delete b=5 s=89: applied=5, nested=True, p=0.287045, flip=False, error=none
  edge_delete b=1 s=101: applied=1, nested=True, p=0.115107, flip=False, error=none
  edge_delete b=3 s=101: applied=3, nested=True, p=0.130326, flip=False, error=none
  edge_delete b=5 s=101: applied=5, nested=True, p=0.130326, flip=False, error=none
  edge_delete b=1 s=137: applied=1, nested=True, p=0.287045, flip=False, error=none
  edge_delete b=3 s=137: applied=3, nested=True, p=0.130326, flip=False, error=none
  edge_delete b=5 s=137: applied=5, nested=True, p=0.130326, flip=False, error=none
  edge_delete b=1 s=2026: applied=1, nested=True, p=0.115107, flip=False, error=none
  edge_delete b=3 s=2026: applied=3, nested=True, p=0.124851, flip=False, error=none
  edge_delete b=5 s=2026: applied=5, nested=True, p=0.124851, flip=False, error=none
  edge_reconnect b=1 s=7: applied=1, nested=True, p=0.124851, flip=False, error=none
  edge_reconnect b=3 s=7: applied=3, nested=True, p=0.124851, flip=False, error=none
  edge_reconnect b=5 s=7: applied=5, nested=True, p=0.124851, flip=False, error=none
  edge_reconnect b=1 s=17: applied=1, nested=True, p=0.115107, flip=False, error=none
  edge_reconnect b=3 s=17: applied=3, nested=True, p=0.115107, flip=False, error=none
  edge_reconnect b=5 s=17: applied=5, nested=True, p=0.199712, flip=False, error=none
  edge_reconnect b=1 s=29: applied=1, nested=True, p=0.039586, flip=False, error=none
  edge_reconnect b=3 s=29: applied=3, nested=True, p=0.002074, flip=False, error=none
  edge_reconnect b=5 s=29: applied=5, nested=True, p=0.004146, flip=False, error=none
  edge_reconnect b=1 s=42: applied=1, nested=True, p=0.115107, flip=False, error=none
  edge_reconnect b=3 s=42: applied=3, nested=True, p=0.185092, flip=False, error=none
  edge_reconnect b=5 s=42: applied=5, nested=True, p=0.142003, flip=False, error=none
  edge_reconnect b=1 s=61: applied=1, nested=True, p=0.115107, flip=False, error=none
  edge_reconnect b=3 s=61: applied=3, nested=True, p=0.115107, flip=False, error=none
  edge_reconnect b=5 s=61: applied=5, nested=True, p=0.097452, flip=False, error=none
  edge_reconnect b=1 s=73: applied=1, nested=True, p=0.115107, flip=False, error=none
  edge_reconnect b=3 s=73: applied=3, nested=True, p=0.266884, flip=False, error=none
  edge_reconnect b=5 s=73: applied=5, nested=True, p=0.019169, flip=False, error=none
  edge_reconnect b=1 s=89: applied=1, nested=True, p=0.287045, flip=False, error=none
  edge_reconnect b=3 s=89: applied=3, nested=True, p=0.287045, flip=False, error=none
  edge_reconnect b=5 s=89: applied=5, nested=True, p=0.287045, flip=False, error=none
  edge_reconnect b=1 s=101: applied=1, nested=True, p=0.049133, flip=False, error=none
  edge_reconnect b=3 s=101: applied=3, nested=True, p=0.061315, flip=False, error=none
  edge_reconnect b=5 s=101: applied=5, nested=True, p=0.068037, flip=False, error=none
  edge_reconnect b=1 s=137: applied=1, nested=True, p=0.287045, flip=False, error=none
  edge_reconnect b=3 s=137: applied=3, nested=True, p=0.287045, flip=False, error=none
  edge_reconnect b=5 s=137: applied=5, nested=True, p=0.130326, flip=False, error=none
  edge_reconnect b=1 s=2026: applied=1, nested=True, p=0.115107, flip=False, error=none
  edge_reconnect b=3 s=2026: applied=3, nested=True, p=0.115107, flip=False, error=none
  edge_reconnect b=5 s=2026: applied=5, nested=True, p=0.019403, flip=False, error=none
{
  "generated_at_utc": "2026-07-31T02:23:41.650016+00:00",
  "experiment": "full_test_random_graph",
  "dataset": "all_input_sources",
  "strategy": "random",
  "seeds": [
    7,
    17,
    29,
    42,
    61,
    73,
    89,
    101,
    137,
    2026
  ],
  "seed_count": 10,
  "budgets": [
    1,
    3,
    5
  ],
  "threshold": 0.5,
  "device": "cuda:0",
  "samples_discovered": 60,
  "baselines_completed": 58,
  "perturbations_attempted": 10440,
  "perturbations_completed": 10440,
  "perturbations_scored": 9973,
  "perturbations_unscored_no_xfg": 467,
  "perturbation_errors": 0,
  "label_flips": 346,
  "attack_eligible_variants": 5180,
  "attack_successes": 131,
  "nested_prefix_failures": 0,
  "elapsed_seconds": 510.4361048970002,
  "actions": [
    "node_add",
    "node_delete",
    "node_attribute_modify",
    "edge_add",
    "edge_delete",
    "edge_reconnect"
  ]
}
