/workspace/src/models/modules/gnns.py:39: UserWarning: 'nn.glob.GlobalAttention' is deprecated, use 'nn.aggr.AttentionalAggregation' instead
  self.attpool = GlobalAttention(torch.nn.Linear(config.hidden_size, 1))
[1/60] cvefixes__01_vulnerable_expand_dynamic_string_token: true=1, baseline=0 p=0.071344, correct=False, winner=19
[2/60] cvefixes__02_fixed_dl_dst_substitute: true=0, baseline=0 p=0.000000, correct=True, winner=22
  winner_xfg_edge_attack b=1 s=7: applied=1, nested=True, p=0.000000, flip=False, attack_success=False, error=none
  winner_xfg_edge_attack b=3 s=7: applied=3, nested=True, p=0.000000, flip=False, attack_success=False, error=none
  winner_xfg_edge_attack b=5 s=7: applied=5, nested=True, p=0.000000, flip=False, attack_success=False, error=none
  winner_xfg_edge_attack b=1 s=17: applied=1, nested=True, p=0.000000, flip=False, attack_success=False, error=none
  winner_xfg_edge_attack b=3 s=17: applied=3, nested=True, p=0.000000, flip=False, attack_success=False, error=none
  winner_xfg_edge_attack b=5 s=17: applied=5, nested=True, p=0.000000, flip=False, attack_success=False, error=none
  winner_xfg_edge_attack b=1 s=29: applied=1, nested=True, p=0.000000, flip=False, attack_success=False, error=none
  winner_xfg_edge_attack b=3 s=29: applied=3, nested=True, p=0.000000, flip=False, attack_success=False, error=none
  winner_xfg_edge_attack b=5 s=29: applied=5, nested=True, p=0.000000, flip=False, attack_success=False, error=none
  winner_xfg_edge_attack b=1 s=42: applied=1, nested=True, p=0.000000, flip=False, attack_success=False, error=none
  winner_xfg_edge_attack b=3 s=42: applied=3, nested=True, p=0.000000, flip=False, attack_success=False, error=none
  winner_xfg_edge_attack b=5 s=42: applied=5, nested=True, p=0.000000, flip=False, attack_success=False, error=none
  winner_xfg_edge_attack b=1 s=61: applied=1, nested=True, p=0.000000, flip=False, attack_success=False, error=none
  winner_xfg_edge_attack b=3 s=61: applied=3, nested=True, p=0.000000, flip=False, attack_success=False, error=none
  winner_xfg_edge_attack b=5 s=61: applied=5, nested=True, p=0.000000, flip=False, attack_success=False, error=none
  winner_xfg_edge_attack b=1 s=73: applied=1, nested=True, p=0.000000, flip=False, attack_success=False, error=none
  winner_xfg_edge_attack b=3 s=73: applied=3, nested=True, p=0.000000, flip=False, attack_success=False, error=none
  winner_xfg_edge_attack b=5 s=73: applied=5, nested=True, p=0.000000, flip=False, attack_success=False, error=none
  winner_xfg_edge_attack b=1 s=89: applied=1, nested=True, p=0.000000, flip=False, attack_success=False, error=none
  winner_xfg_edge_attack b=3 s=89: applied=3, nested=True, p=0.000000, flip=False, attack_success=False, error=none
  winner_xfg_edge_attack b=5 s=89: applied=5, nested=True, p=0.000000, flip=False, attack_success=False, error=none
  winner_xfg_edge_attack b=1 s=101: applied=1, nested=True, p=0.000000, flip=False, attack_success=False, error=none
  winner_xfg_edge_attack b=3 s=101: applied=3, nested=True, p=0.000000, flip=False, attack_success=False, error=none
  winner_xfg_edge_attack b=5 s=101: applied=5, nested=True, p=0.000000, flip=False, attack_success=False, error=none
  winner_xfg_edge_attack b=1 s=137: applied=1, nested=True, p=0.000000, flip=False, attack_success=False, error=none
  winner_xfg_edge_attack b=3 s=137: applied=3, nested=True, p=0.000000, flip=False, attack_success=False, error=none
  winner_xfg_edge_attack b=5 s=137: applied=5, nested=True, p=0.000000, flip=False, attack_success=False, error=none
  winner_xfg_edge_attack b=1 s=2026: applied=1, nested=True, p=0.000000, flip=False, attack_success=False, error=none
  winner_xfg_edge_attack b=3 s=2026: applied=3, nested=True, p=0.000000, flip=False, attack_success=False, error=none
  winner_xfg_edge_attack b=5 s=2026: applied=5, nested=True, p=0.000000, flip=False, attack_success=False, error=none
  winner_xfg_feature_mask b=1 s=7: applied=1, nested=True, p=0.000000, flip=False, attack_success=False, error=none
  winner_xfg_feature_mask b=3 s=7: applied=3, nested=True, p=0.000000, flip=False, attack_success=False, error=none
  winner_xfg_feature_mask b=5 s=7: applied=5, nested=True, p=0.000000, flip=False, attack_success=False, error=none
  winner_xfg_feature_mask b=1 s=17: applied=1, nested=True, p=0.000000, flip=False, attack_success=False, error=none
  winner_xfg_feature_mask b=3 s=17: applied=3, nested=True, p=0.000000, flip=False, attack_success=False, error=none
  winner_xfg_feature_mask b=5 s=17: applied=5, nested=True, p=0.000000, flip=False, attack_success=False, error=none
  winner_xfg_feature_mask b=1 s=29: applied=1, nested=True, p=0.000000, flip=False, attack_success=False, error=none
  winner_xfg_feature_mask b=3 s=29: applied=3, nested=True, p=0.000000, flip=False, attack_success=False, error=none
  winner_xfg_feature_mask b=5 s=29: applied=5, nested=True, p=0.000000, flip=False, attack_success=False, error=none
  winner_xfg_feature_mask b=1 s=42: applied=1, nested=True, p=0.000000, flip=False, attack_success=False, error=none
  winner_xfg_feature_mask b=3 s=42: applied=3, nested=True, p=0.000000, flip=False, attack_success=False, error=none
  winner_xfg_feature_mask b=5 s=42: applied=5, nested=True, p=0.000000, flip=False, attack_success=False, error=none
  winner_xfg_feature_mask b=1 s=61: applied=1, nested=True, p=0.000000, flip=False, attack_success=False, error=none
  winner_xfg_feature_mask b=3 s=61: applied=3, nested=True, p=0.000000, flip=False, attack_success=False, error=none
  winner_xfg_feature_mask b=5 s=61: applied=5, nested=True, p=0.000000, flip=False, attack_success=False, error=none
  winner_xfg_feature_mask b=1 s=73: applied=1, nested=True, p=0.000000, flip=False, attack_success=False, error=none
  winner_xfg_feature_mask b=3 s=73: applied=3, nested=True, p=0.000000, flip=False, attack_success=False, error=none
  winner_xfg_feature_mask b=5 s=73: applied=5, nested=True, p=0.000000, flip=False, attack_success=False, error=none
  winner_xfg_feature_mask b=1 s=89: applied=1, nested=True, p=0.000000, flip=False, attack_success=False, error=none
  winner_xfg_feature_mask b=3 s=89: applied=3, nested=True, p=0.000000, flip=False, attack_success=False, error=none
  winner_xfg_feature_mask b=5 s=89: applied=5, nested=True, p=0.000000, flip=False, attack_success=False, error=none
  winner_xfg_feature_mask b=1 s=101: applied=1, nested=True, p=0.000000, flip=False, attack_success=False, error=none
  winner_xfg_feature_mask b=3 s=101: applied=3, nested=True, p=0.000000, flip=False, attack_success=False, error=none
  winner_xfg_feature_mask b=5 s=101: applied=5, nested=True, p=0.000000, flip=False, attack_success=False, error=none
  winner_xfg_feature_mask b=1 s=137: applied=1, nested=True, p=0.000000, flip=False, attack_success=False, error=none
  winner_xfg_feature_mask b=3 s=137: applied=3, nested=True, p=0.000000, flip=False, attack_success=False, error=none
  winner_xfg_feature_mask b=5 s=137: applied=5, nested=True, p=0.000000, flip=False, attack_success=False, error=none
  winner_xfg_feature_mask b=1 s=2026: applied=1, nested=True, p=0.000000, flip=False, attack_success=False, error=none
  winner_xfg_feature_mask b=3 s=2026: applied=3, nested=True, p=0.000000, flip=False, attack_success=False, error=none
  winner_xfg_feature_mask b=5 s=2026: applied=5, nested=True, p=0.000000, flip=False, attack_success=False, error=none
  targeted_subgraph_injection b=1 s=7: applied=1, nested=True, p=0.000000, flip=False, attack_success=False, error=none
  targeted_subgraph_injection b=3 s=7: applied=3, nested=True, p=0.000001, flip=False, attack_success=False, error=none
  targeted_subgraph_injection b=5 s=7: applied=5, nested=True, p=0.000003, flip=False, attack_success=False, error=none
  targeted_subgraph_injection b=1 s=17: applied=1, nested=True, p=0.000000, flip=False, attack_success=False, error=none
  targeted_subgraph_injection b=3 s=17: applied=3, nested=True, p=0.000001, flip=False, attack_success=False, error=none
  targeted_subgraph_injection b=5 s=17: applied=5, nested=True, p=0.000003, flip=False, attack_success=False, error=none
  targeted_subgraph_injection b=1 s=29: applied=1, nested=True, p=0.000000, flip=False, attack_success=False, error=none
  targeted_subgraph_injection b=3 s=29: applied=3, nested=True, p=0.000001, flip=False, attack_success=False, error=none
  targeted_subgraph_injection b=5 s=29: applied=5, nested=True, p=0.000003, flip=False, attack_success=False, error=none
  targeted_subgraph_injection b=1 s=42: applied=1, nested=True, p=0.000000, flip=False, attack_success=False, error=none
  targeted_subgraph_injection b=3 s=42: applied=3, nested=True, p=0.000001, flip=False, attack_success=False, error=none
  targeted_subgraph_injection b=5 s=42: applied=5, nested=True, p=0.000003, flip=False, attack_success=False, error=none
  targeted_subgraph_injection b=1 s=61: applied=1, nested=True, p=0.000000, flip=False, attack_success=False, error=none
  targeted_subgraph_injection b=3 s=61: applied=3, nested=True, p=0.000001, flip=False, attack_success=False, error=none
  targeted_subgraph_injection b=5 s=61: applied=5, nested=True, p=0.000003, flip=False, attack_success=False, error=none
  targeted_subgraph_injection b=1 s=73: applied=1, nested=True, p=0.000000, flip=False, attack_success=False, error=none
  targeted_subgraph_injection b=3 s=73: applied=3, nested=True, p=0.000001, flip=False, attack_success=False, error=none
  targeted_subgraph_injection b=5 s=73: applied=5, nested=True, p=0.000003, flip=False, attack_success=False, error=none
  targeted_subgraph_injection b=1 s=89: applied=1, nested=True, p=0.000000, flip=False, attack_success=False, error=none
  targeted_subgraph_injection b=3 s=89: applied=3, nested=True, p=0.000001, flip=False, attack_success=False, error=none
  targeted_subgraph_injection b=5 s=89: applied=5, nested=True, p=0.000003, flip=False, attack_success=False, error=none
  targeted_subgraph_injection b=1 s=101: applied=1, nested=True, p=0.000000, flip=False, attack_success=False, error=none
  targeted_subgraph_injection b=3 s=101: applied=3, nested=True, p=0.000001, flip=False, attack_success=False, error=none
  targeted_subgraph_injection b=5 s=101: applied=5, nested=True, p=0.000003, flip=False, attack_success=False, error=none
  targeted_subgraph_injection b=1 s=137: applied=1, nested=True, p=0.000000, flip=False, attack_success=False, error=none
  targeted_subgraph_injection b=3 s=137: applied=3, nested=True, p=0.000001, flip=False, attack_success=False, error=none
  targeted_subgraph_injection b=5 s=137: applied=5, nested=True, p=0.000003, flip=False, attack_success=False, error=none
  targeted_subgraph_injection b=1 s=2026: applied=1, nested=True, p=0.000000, flip=False, attack_success=False, error=none
  targeted_subgraph_injection b=3 s=2026: applied=3, nested=True, p=0.000001, flip=False, attack_success=False, error=none
  targeted_subgraph_injection b=5 s=2026: applied=5, nested=True, p=0.000003, flip=False, attack_success=False, error=none
[3/60] cvefixes__03_fixed_KPasswordDlg_keyPressed: true=0, baseline=0 p=0.000002, correct=True, winner=25
  winner_xfg_edge_attack b=1 s=7: applied=1, nested=True, p=0.000060, flip=False, attack_success=False, error=none
  winner_xfg_edge_attack b=3 s=7: applied=3, nested=True, p=0.000015, flip=False, attack_success=False, error=none
  winner_xfg_edge_attack b=5 s=7: applied=5, nested=True, p=0.000004, flip=False, attack_success=False, error=none
  winner_xfg_edge_attack b=1 s=17: applied=1, nested=True, p=0.000060, flip=False, attack_success=False, error=none
  winner_xfg_edge_attack b=3 s=17: applied=3, nested=True, p=0.000015, flip=False, attack_success=False, error=none
  winner_xfg_edge_attack b=5 s=17: applied=5, nested=True, p=0.000004, flip=False, attack_success=False, error=none
  winner_xfg_edge_attack b=1 s=29: applied=1, nested=True, p=0.000060, flip=False, attack_success=False, error=none
  winner_xfg_edge_attack b=3 s=29: applied=3, nested=True, p=0.000015, flip=False, attack_success=False, error=none
  winner_xfg_edge_attack b=5 s=29: applied=5, nested=True, p=0.000004, flip=False, attack_success=False, error=none
  winner_xfg_edge_attack b=1 s=42: applied=1, nested=True, p=0.000060, flip=False, attack_success=False, error=none
  winner_xfg_edge_attack b=3 s=42: applied=3, nested=True, p=0.000015, flip=False, attack_success=False, error=none
  winner_xfg_edge_attack b=5 s=42: applied=5, nested=True, p=0.000004, flip=False, attack_success=False, error=none
  winner_xfg_edge_attack b=1 s=61: applied=1, nested=True, p=0.000060, flip=False, attack_success=False, error=none
  winner_xfg_edge_attack b=3 s=61: applied=3, nested=True, p=0.000015, flip=False, attack_success=False, error=none
  winner_xfg_edge_attack b=5 s=61: applied=5, nested=True, p=0.000004, flip=False, attack_success=False, error=none
  winner_xfg_edge_attack b=1 s=73: applied=1, nested=True, p=0.000060, flip=False, attack_success=False, error=none
  winner_xfg_edge_attack b=3 s=73: applied=3, nested=True, p=0.000015, flip=False, attack_success=False, error=none
  winner_xfg_edge_attack b=5 s=73: applied=5, nested=True, p=0.000004, flip=False, attack_success=False, error=none
  winner_xfg_edge_attack b=1 s=89: applied=1, nested=True, p=0.000060, flip=False, attack_success=False, error=none
  winner_xfg_edge_attack b=3 s=89: applied=3, nested=True, p=0.000015, flip=False, attack_success=False, error=none
  winner_xfg_edge_attack b=5 s=89: applied=5, nested=True, p=0.000004, flip=False, attack_success=False, error=none
  winner_xfg_edge_attack b=1 s=101: applied=1, nested=True, p=0.000060, flip=False, attack_success=False, error=none
  winner_xfg_edge_attack b=3 s=101: applied=3, nested=True, p=0.000015, flip=False, attack_success=False, error=none
  winner_xfg_edge_attack b=5 s=101: applied=5, nested=True, p=0.000004, flip=False, attack_success=False, error=none
  winner_xfg_edge_attack b=1 s=137: applied=1, nested=True, p=0.000060, flip=False, attack_success=False, error=none
  winner_xfg_edge_attack b=3 s=137: applied=3, nested=True, p=0.000015, flip=False, attack_success=False, error=none
  winner_xfg_edge_attack b=5 s=137: applied=5, nested=True, p=0.000004, flip=False, attack_success=False, error=none
  winner_xfg_edge_attack b=1 s=2026: applied=1, nested=True, p=0.000060, flip=False, attack_success=False, error=none
  winner_xfg_edge_attack b=3 s=2026: applied=3, nested=True, p=0.000015, flip=False, attack_success=False, error=none
  winner_xfg_edge_attack b=5 s=2026: applied=5, nested=True, p=0.000004, flip=False, attack_success=False, error=none
  winner_xfg_feature_mask b=1 s=7: applied=1, nested=True, p=0.000002, flip=False, attack_success=False, error=none
  winner_xfg_feature_mask b=3 s=7: applied=3, nested=True, p=0.000001, flip=False, attack_success=False, error=none
  winner_xfg_feature_mask b=5 s=7: applied=5, nested=True, p=0.000008, flip=False, attack_success=False, error=none
  winner_xfg_feature_mask b=1 s=17: applied=1, nested=True, p=0.000002, flip=False, attack_success=False, error=none
  winner_xfg_feature_mask b=3 s=17: applied=3, nested=True, p=0.000001, flip=False, attack_success=False, error=none
  winner_xfg_feature_mask b=5 s=17: applied=5, nested=True, p=0.000008, flip=False, attack_success=False, error=none
  winner_xfg_feature_mask b=1 s=29: applied=1, nested=True, p=0.000002, flip=False, attack_success=False, error=none
  winner_xfg_feature_mask b=3 s=29: applied=3, nested=True, p=0.000001, flip=False, attack_success=False, error=none
  winner_xfg_feature_mask b=5 s=29: applied=5, nested=True, p=0.000008, flip=False, attack_success=False, error=none
  winner_xfg_feature_mask b=1 s=42: applied=1, nested=True, p=0.000002, flip=False, attack_success=False, error=none
  winner_xfg_feature_mask b=3 s=42: applied=3, nested=True, p=0.000001, flip=False, attack_success=False, error=none
  winner_xfg_feature_mask b=5 s=42: applied=5, nested=True, p=0.000008, flip=False, attack_success=False, error=none
  winner_xfg_feature_mask b=1 s=61: applied=1, nested=True, p=0.000002, flip=False, attack_success=False, error=none
  winner_xfg_feature_mask b=3 s=61: applied=3, nested=True, p=0.000001, flip=False, attack_success=False, error=none
  winner_xfg_feature_mask b=5 s=61: applied=5, nested=True, p=0.000008, flip=False, attack_success=False, error=none
  winner_xfg_feature_mask b=1 s=73: applied=1, nested=True, p=0.000002, flip=False, attack_success=False, error=none
  winner_xfg_feature_mask b=3 s=73: applied=3, nested=True, p=0.000001, flip=False, attack_success=False, error=none
  winner_xfg_feature_mask b=5 s=73: applied=5, nested=True, p=0.000008, flip=False, attack_success=False, error=none
  winner_xfg_feature_mask b=1 s=89: applied=1, nested=True, p=0.000002, flip=False, attack_success=False, error=none
  winner_xfg_feature_mask b=3 s=89: applied=3, nested=True, p=0.000001, flip=False, attack_success=False, error=none
  winner_xfg_feature_mask b=5 s=89: applied=5, nested=True, p=0.000008, flip=False, attack_success=False, error=none
  winner_xfg_feature_mask b=1 s=101: applied=1, nested=True, p=0.000002, flip=False, attack_success=False, error=none
  winner_xfg_feature_mask b=3 s=101: applied=3, nested=True, p=0.000001, flip=False, attack_success=False, error=none
  winner_xfg_feature_mask b=5 s=101: applied=5, nested=True, p=0.000008, flip=False, attack_success=False, error=none
  winner_xfg_feature_mask b=1 s=137: applied=1, nested=True, p=0.000002, flip=False, attack_success=False, error=none
  winner_xfg_feature_mask b=3 s=137: applied=3, nested=True, p=0.000001, flip=False, attack_success=False, error=none
  winner_xfg_feature_mask b=5 s=137: applied=5, nested=True, p=0.000008, flip=False, attack_success=False, error=none
  winner_xfg_feature_mask b=1 s=2026: applied=1, nested=True, p=0.000002, flip=False, attack_success=False, error=none
  winner_xfg_feature_mask b=3 s=2026: applied=3, nested=True, p=0.000001, flip=False, attack_success=False, error=none
  winner_xfg_feature_mask b=5 s=2026: applied=5, nested=True, p=0.000008, flip=False, attack_success=False, error=none
  targeted_subgraph_injection b=1 s=7: applied=1, nested=True, p=0.000008, flip=False, attack_success=False, error=none
  targeted_subgraph_injection b=3 s=7: applied=3, nested=True, p=0.000007, flip=False, attack_success=False, error=none
  targeted_subgraph_injection b=5 s=7: applied=5, nested=True, p=0.000002, flip=False, attack_success=False, error=none
  targeted_subgraph_injection b=1 s=17: applied=1, nested=True, p=0.000008, flip=False, attack_success=False, error=none
  targeted_subgraph_injection b=3 s=17: applied=3, nested=True, p=0.000007, flip=False, attack_success=False, error=none
  targeted_subgraph_injection b=5 s=17: applied=5, nested=True, p=0.000002, flip=False, attack_success=False, error=none
  targeted_subgraph_injection b=1 s=29: applied=1, nested=True, p=0.000008, flip=False, attack_success=False, error=none
  targeted_subgraph_injection b=3 s=29: applied=3, nested=True, p=0.000007, flip=False, attack_success=False, error=none
  targeted_subgraph_injection b=5 s=29: applied=5, nested=True, p=0.000002, flip=False, attack_success=False, error=none
  targeted_subgraph_injection b=1 s=42: applied=1, nested=True, p=0.000008, flip=False, attack_success=False, error=none
  targeted_subgraph_injection b=3 s=42: applied=3, nested=True, p=0.000007, flip=False, attack_success=False, error=none
  targeted_subgraph_injection b=5 s=42: applied=5, nested=True, p=0.000002, flip=False, attack_success=False, error=none
  targeted_subgraph_injection b=1 s=61: applied=1, nested=True, p=0.000008, flip=False, attack_success=False, error=none
  targeted_subgraph_injection b=3 s=61: applied=3, nested=True, p=0.000007, flip=False, attack_success=False, error=none
  targeted_subgraph_injection b=5 s=61: applied=5, nested=True, p=0.000002, flip=False, attack_success=False, error=none
  targeted_subgraph_injection b=1 s=73: applied=1, nested=True, p=0.000008, flip=False, attack_success=False, error=none
  targeted_subgraph_injection b=3 s=73: applied=3, nested=True, p=0.000007, flip=False, attack_success=False, error=none
  targeted_subgraph_injection b=5 s=73: applied=5, nested=True, p=0.000002, flip=False, attack_success=False, error=none
  targeted_subgraph_injection b=1 s=89: applied=1, nested=True, p=0.000008, flip=False, attack_success=False, error=none
  targeted_subgraph_injection b=3 s=89: applied=3, nested=True, p=0.000007, flip=False, attack_success=False, error=none
  targeted_subgraph_injection b=5 s=89: applied=5, nested=True, p=0.000002, flip=False, attack_success=False, error=none
  targeted_subgraph_injection b=1 s=101: applied=1, nested=True, p=0.000008, flip=False, attack_success=False, error=none
  targeted_subgraph_injection b=3 s=101: applied=3, nested=True, p=0.000007, flip=False, attack_success=False, error=none
  targeted_subgraph_injection b=5 s=101: applied=5, nested=True, p=0.000002, flip=False, attack_success=False, error=none
  targeted_subgraph_injection b=1 s=137: applied=1, nested=True, p=0.000008, flip=False, attack_success=False, error=none
  targeted_subgraph_injection b=3 s=137: applied=3, nested=True, p=0.000007, flip=False, attack_success=False, error=none
  targeted_subgraph_injection b=5 s=137: applied=5, nested=True, p=0.000002, flip=False, attack_success=False, error=none
  targeted_subgraph_injection b=1 s=2026: applied=1, nested=True, p=0.000008, flip=False, attack_success=False, error=none
  targeted_subgraph_injection b=3 s=2026: applied=3, nested=True, p=0.000007, flip=False, attack_success=False, error=none
  targeted_subgraph_injection b=5 s=2026: applied=5, nested=True, p=0.000002, flip=False, attack_success=False, error=none
[4/60] cvefixes__04_fixed_ia64_patch_rse: true=0, baseline=0 p=0.000018, correct=True, winner=7
  winner_xfg_edge_attack b=1 s=7: applied=1, nested=True, p=0.000087, flip=False, attack_success=False, error=none
  winner_xfg_edge_attack b=3 s=7: applied=3, nested=True, p=0.000010, flip=False, attack_success=False, error=none
  winner_xfg_edge_attack b=5 s=7: applied=5, nested=True, p=0.000030, flip=False, attack_success=False, error=none
  winner_xfg_edge_attack b=1 s=17: applied=1, nested=True, p=0.000087, flip=False, attack_success=False, error=none
  winner_xfg_edge_attack b=3 s=17: applied=3, nested=True, p=0.000010, flip=False, attack_success=False, error=none
  winner_xfg_edge_attack b=5 s=17: applied=5, nested=True, p=0.000030, flip=False, attack_success=False, error=none
  winner_xfg_edge_attack b=1 s=29: applied=1, nested=True, p=0.000087, flip=False, attack_success=False, error=none
  winner_xfg_edge_attack b=3 s=29: applied=3, nested=True, p=0.000010, flip=False, attack_success=False, error=none
  winner_xfg_edge_attack b=5 s=29: applied=5, nested=True, p=0.000030, flip=False, attack_success=False, error=none
  winner_xfg_edge_attack b=1 s=42: applied=1, nested=True, p=0.000087, flip=False, attack_success=False, error=none
  winner_xfg_edge_attack b=3 s=42: applied=3, nested=True, p=0.000010, flip=False, attack_success=False, error=none
  winner_xfg_edge_attack b=5 s=42: applied=5, nested=True, p=0.000030, flip=False, attack_success=False, error=none
  winner_xfg_edge_attack b=1 s=61: applied=1, nested=True, p=0.000087, flip=False, attack_success=False, error=none
  winner_xfg_edge_attack b=3 s=61: applied=3, nested=True, p=0.000010, flip=False, attack_success=False, error=none
  winner_xfg_edge_attack b=5 s=61: applied=5, nested=True, p=0.000030, flip=False, attack_success=False, error=none
  winner_xfg_edge_attack b=1 s=73: applied=1, nested=True, p=0.000087, flip=False, attack_success=False, error=none
  winner_xfg_edge_attack b=3 s=73: applied=3, nested=True, p=0.000010, flip=False, attack_success=False, error=none
  winner_xfg_edge_attack b=5 s=73: applied=5, nested=True, p=0.000030, flip=False, attack_success=False, error=none
  winner_xfg_edge_attack b=1 s=89: applied=1, nested=True, p=0.000087, flip=False, attack_success=False, error=none
  winner_xfg_edge_attack b=3 s=89: applied=3, nested=True, p=0.000010, flip=False, attack_success=False, error=none
  winner_xfg_edge_attack b=5 s=89: applied=5, nested=True, p=0.000030, flip=False, attack_success=False, error=none
  winner_xfg_edge_attack b=1 s=101: applied=1, nested=True, p=0.000087, flip=False, attack_success=False, error=none
  winner_xfg_edge_attack b=3 s=101: applied=3, nested=True, p=0.000010, flip=False, attack_success=False, error=none
  winner_xfg_edge_attack b=5 s=101: applied=5, nested=True, p=0.000030, flip=False, attack_success=False, error=none
  winner_xfg_edge_attack b=1 s=137: applied=1, nested=True, p=0.000087, flip=False, attack_success=False, error=none
  winner_xfg_edge_attack b=3 s=137: applied=3, nested=True, p=0.000010, flip=False, attack_success=False, error=none
  winner_xfg_edge_attack b=5 s=137: applied=5, nested=True, p=0.000030, flip=False, attack_success=False, error=none
  winner_xfg_edge_attack b=1 s=2026: applied=1, nested=True, p=0.000087, flip=False, attack_success=False, error=none
  winner_xfg_edge_attack b=3 s=2026: applied=3, nested=True, p=0.000010, flip=False, attack_success=False, error=none
  winner_xfg_edge_attack b=5 s=2026: applied=5, nested=True, p=0.000030, flip=False, attack_success=False, error=none
  winner_xfg_feature_mask b=1 s=7: applied=1, nested=True, p=0.000097, flip=False, attack_success=False, error=none
  winner_xfg_feature_mask b=3 s=7: applied=3, nested=True, p=0.001472, flip=False, attack_success=False, error=none
  winner_xfg_feature_mask b=5 s=7: applied=5, nested=True, p=0.004400, flip=False, attack_success=False, error=none
  winner_xfg_feature_mask b=1 s=17: applied=1, nested=True, p=0.000097, flip=False, attack_success=False, error=none
  winner_xfg_feature_mask b=3 s=17: applied=3, nested=True, p=0.001472, flip=False, attack_success=False, error=none
  winner_xfg_feature_mask b=5 s=17: applied=5, nested=True, p=0.004400, flip=False, attack_success=False, error=none
  winner_xfg_feature_mask b=1 s=29: applied=1, nested=True, p=0.000097, flip=False, attack_success=False, error=none
  winner_xfg_feature_mask b=3 s=29: applied=3, nested=True, p=0.001472, flip=False, attack_success=False, error=none
  winner_xfg_feature_mask b=5 s=29: applied=5, nested=True, p=0.004400, flip=False, attack_success=False, error=none
  winner_xfg_feature_mask b=1 s=42: applied=1, nested=True, p=0.000097, flip=False, attack_success=False, error=none
  winner_xfg_feature_mask b=3 s=42: applied=3, nested=True, p=0.001472, flip=False, attack_success=False, error=none
  winner_xfg_feature_mask b=5 s=42: applied=5, nested=True, p=0.004400, flip=False, attack_success=False, error=none
  winner_xfg_feature_mask b=1 s=61: applied=1, nested=True, p=0.000097, flip=False, attack_success=False, error=none
  winner_xfg_feature_mask b=3 s=61: applied=3, nested=True, p=0.001472, flip=False, attack_success=False, error=none
  winner_xfg_feature_mask b=5 s=61: applied=5, nested=True, p=0.004400, flip=False, attack_success=False, error=none
  winner_xfg_feature_mask b=1 s=73: applied=1, nested=True, p=0.000097, flip=False, attack_success=False, error=none
  winner_xfg_feature_mask b=3 s=73: applied=3, nested=True, p=0.001472, flip=False, attack_success=False, error=none
  winner_xfg_feature_mask b=5 s=73: applied=5, nested=True, p=0.004400, flip=False, attack_success=False, error=none
  winner_xfg_feature_mask b=1 s=89: applied=1, nested=True, p=0.000097, flip=False, attack_success=False, error=none
  winner_xfg_feature_mask b=3 s=89: applied=3, nested=True, p=0.001472, flip=False, attack_success=False, error=none
  winner_xfg_feature_mask b=5 s=89: applied=5, nested=True, p=0.004400, flip=False, attack_success=False, error=none
  winner_xfg_feature_mask b=1 s=101: applied=1, nested=True, p=0.000097, flip=False, attack_success=False, error=none
  winner_xfg_feature_mask b=3 s=101: applied=3, nested=True, p=0.001472, flip=False, attack_success=False, error=none
  winner_xfg_feature_mask b=5 s=101: applied=5, nested=True, p=0.004400, flip=False, attack_success=False, error=none
  winner_xfg_feature_mask b=1 s=137: applied=1, nested=True, p=0.000097, flip=False, attack_success=False, error=none
  winner_xfg_feature_mask b=3 s=137: applied=3, nested=True, p=0.001472, flip=False, attack_success=False, error=none
  winner_xfg_feature_mask b=5 s=137: applied=5, nested=True, p=0.004400, flip=False, attack_success=False, error=none
  winner_xfg_feature_mask b=1 s=2026: applied=1, nested=True, p=0.000097, flip=False, attack_success=False, error=none
  winner_xfg_feature_mask b=3 s=2026: applied=3, nested=True, p=0.001472, flip=False, attack_success=False, error=none
  winner_xfg_feature_mask b=5 s=2026: applied=5, nested=True, p=0.004400, flip=False, attack_success=False, error=none
  targeted_subgraph_injection b=1 s=7: applied=1, nested=True, p=0.005859, flip=False, attack_success=False, error=none
  targeted_subgraph_injection b=3 s=7: applied=3, nested=True, p=0.025501, flip=False, attack_success=False, error=none
  targeted_subgraph_injection b=5 s=7: applied=5, nested=True, p=0.070160, flip=False, attack_success=False, error=none
  targeted_subgraph_injection b=1 s=17: applied=1, nested=True, p=0.005859, flip=False, attack_success=False, error=none
  targeted_subgraph_injection b=3 s=17: applied=3, nested=True, p=0.025501, flip=False, attack_success=False, error=none
  targeted_subgraph_injection b=5 s=17: applied=5, nested=True, p=0.070160, flip=False, attack_success=False, error=none
  targeted_subgraph_injection b=1 s=29: applied=1, nested=True, p=0.005859, flip=False, attack_success=False, error=none
  targeted_subgraph_injection b=3 s=29: applied=3, nested=True, p=0.025501, flip=False, attack_success=False, error=none
  targeted_subgraph_injection b=5 s=29: applied=5, nested=True, p=0.070160, flip=False, attack_success=False, error=none
  targeted_subgraph_injection b=1 s=42: applied=1, nested=True, p=0.005859, flip=False, attack_success=False, error=none
  targeted_subgraph_injection b=3 s=42: applied=3, nested=True, p=0.025501, flip=False, attack_success=False, error=none
  targeted_subgraph_injection b=5 s=42: applied=5, nested=True, p=0.070160, flip=False, attack_success=False, error=none
  targeted_subgraph_injection b=1 s=61: applied=1, nested=True, p=0.005859, flip=False, attack_success=False, error=none
  targeted_subgraph_injection b=3 s=61: applied=3, nested=True, p=0.025501, flip=False, attack_success=False, error=none
  targeted_subgraph_injection b=5 s=61: applied=5, nested=True, p=0.070160, flip=False, attack_success=False, error=none
  targeted_subgraph_injection b=1 s=73: applied=1, nested=True, p=0.005859, flip=False, attack_success=False, error=none
  targeted_subgraph_injection b=3 s=73: applied=3, nested=True, p=0.025501, flip=False, attack_success=False, error=none
  targeted_subgraph_injection b=5 s=73: applied=5, nested=True, p=0.070160, flip=False, attack_success=False, error=none
  targeted_subgraph_injection b=1 s=89: applied=1, nested=True, p=0.005859, flip=False, attack_success=False, error=none
  targeted_subgraph_injection b=3 s=89: applied=3, nested=True, p=0.025501, flip=False, attack_success=False, error=none
  targeted_subgraph_injection b=5 s=89: applied=5, nested=True, p=0.070160, flip=False, attack_success=False, error=none
  targeted_subgraph_injection b=1 s=101: applied=1, nested=True, p=0.005859, flip=False, attack_success=False, error=none
  targeted_subgraph_injection b=3 s=101: applied=3, nested=True, p=0.025501, flip=False, attack_success=False, error=none
  targeted_subgraph_injection b=5 s=101: applied=5, nested=True, p=0.070160, flip=False, attack_success=False, error=none
  targeted_subgraph_injection b=1 s=137: applied=1, nested=True, p=0.005859, flip=False, attack_success=False, error=none
  targeted_subgraph_injection b=3 s=137: applied=3, nested=True, p=0.025501, flip=False, attack_success=False, error=none
  targeted_subgraph_injection b=5 s=137: applied=5, nested=True, p=0.070160, flip=False, attack_success=False, error=none
  targeted_subgraph_injection b=1 s=2026: applied=1, nested=True, p=0.005859, flip=False, attack_success=False, error=none
  targeted_subgraph_injection b=3 s=2026: applied=3, nested=True, p=0.025501, flip=False, attack_success=False, error=none
  targeted_subgraph_injection b=5 s=2026: applied=5, nested=True, p=0.070160, flip=False, attack_success=False, error=none
[5/60] cvefixes__05_fixed_altivec_unavailable_exception: true=0, baseline=0 p=0.000332, correct=True, winner=6
  winner_xfg_edge_attack b=1 s=7: applied=1, nested=True, p=0.016627, flip=False, attack_success=False, error=none
  winner_xfg_edge_attack b=3 s=7: applied=3, nested=True, p=0.026451, flip=False, attack_success=False, error=none
  winner_xfg_edge_attack b=5 s=7: applied=5, nested=True, p=0.031079, flip=False, attack_success=False, error=none
  winner_xfg_edge_attack b=1 s=17: applied=1, nested=True, p=0.016627, flip=False, attack_success=False, error=none
  winner_xfg_edge_attack b=3 s=17: applied=3, nested=True, p=0.026451, flip=False, attack_success=False, error=none
  winner_xfg_edge_attack b=5 s=17: applied=5, nested=True, p=0.031079, flip=False, attack_success=False, error=none
  winner_xfg_edge_attack b=1 s=29: applied=1, nested=True, p=0.016627, flip=False, attack_success=False, error=none
  winner_xfg_edge_attack b=3 s=29: applied=3, nested=True, p=0.026451, flip=False, attack_success=False, error=none
  winner_xfg_edge_attack b=5 s=29: applied=5, nested=True, p=0.031079, flip=False, attack_success=False, error=none
  winner_xfg_edge_attack b=1 s=42: applied=1, nested=True, p=0.016627, flip=False, attack_success=False, error=none
  winner_xfg_edge_attack b=3 s=42: applied=3, nested=True, p=0.026451, flip=False, attack_success=False, error=none
  winner_xfg_edge_attack b=5 s=42: applied=5, nested=True, p=0.031079, flip=False, attack_success=False, error=none
  winner_xfg_edge_attack b=1 s=61: applied=1, nested=True, p=0.016627, flip=False, attack_success=False, error=none
  winner_xfg_edge_attack b=3 s=61: applied=3, nested=True, p=0.026451, flip=False, attack_success=False, error=none
  winner_xfg_edge_attack b=5 s=61: applied=5, nested=True, p=0.031079, flip=False, attack_success=False, error=none
  winner_xfg_edge_attack b=1 s=73: applied=1, nested=True, p=0.016627, flip=False, attack_success=False, error=none
  winner_xfg_edge_attack b=3 s=73: applied=3, nested=True, p=0.026451, flip=False, attack_success=False, error=none
  winner_xfg_edge_attack b=5 s=73: applied=5, nested=True, p=0.031079, flip=False, attack_success=False, error=none
  winner_xfg_edge_attack b=1 s=89: applied=1, nested=True, p=0.016627, flip=False, attack_success=False, error=none
  winner_xfg_edge_attack b=3 s=89: applied=3, nested=True, p=0.026451, flip=False, attack_success=False, error=none
  winner_xfg_edge_attack b=5 s=89: applied=5, nested=True, p=0.031079, flip=False, attack_success=False, error=none
  winner_xfg_edge_attack b=1 s=101: applied=1, nested=True, p=0.016627, flip=False, attack_success=False, error=none
  winner_xfg_edge_attack b=3 s=101: applied=3, nested=True, p=0.026451, flip=False, attack_success=False, error=none
  winner_xfg_edge_attack b=5 s=101: applied=5, nested=True, p=0.031079, flip=False, attack_success=False, error=none
  winner_xfg_edge_attack b=1 s=137: applied=1, nested=True, p=0.016627, flip=False, attack_success=False, error=none
  winner_xfg_edge_attack b=3 s=137: applied=3, nested=True, p=0.026451, flip=False, attack_success=False, error=none
  winner_xfg_edge_attack b=5 s=137: applied=5, nested=True, p=0.031079, flip=False, attack_success=False, error=none
  winner_xfg_edge_attack b=1 s=2026: applied=1, nested=True, p=0.016627, flip=False, attack_success=False, error=none
  winner_xfg_edge_attack b=3 s=2026: applied=3, nested=True, p=0.026451, flip=False, attack_success=False, error=none
  winner_xfg_edge_attack b=5 s=2026: applied=5, nested=True, p=0.031079, flip=False, attack_success=False, error=none
  winner_xfg_feature_mask b=1 s=7: applied=1, nested=True, p=0.000000, flip=False, attack_success=False, error=none
  winner_xfg_feature_mask b=3 s=7: applied=3, nested=True, p=0.002124, flip=False, attack_success=False, error=none
  winner_xfg_feature_mask b=5 s=7: applied=5, nested=True, p=0.002124, flip=False, attack_success=False, error=none
  winner_xfg_feature_mask b=1 s=17: applied=1, nested=True, p=0.000000, flip=False, attack_success=False, error=none
  winner_xfg_feature_mask b=3 s=17: applied=3, nested=True, p=0.002124, flip=False, attack_success=False, error=none
  winner_xfg_feature_mask b=5 s=17: applied=5, nested=True, p=0.002124, flip=False, attack_success=False, error=none
  winner_xfg_feature_mask b=1 s=29: applied=1, nested=True, p=0.000000, flip=False, attack_success=False, error=none
  winner_xfg_feature_mask b=3 s=29: applied=3, nested=True, p=0.002124, flip=False, attack_success=False, error=none
  winner_xfg_feature_mask b=5 s=29: applied=5, nested=True, p=0.002124, flip=False, attack_success=False, error=none
  winner_xfg_feature_mask b=1 s=42: applied=1, nested=True, p=0.000000, flip=False, attack_success=False, error=none
  winner_xfg_feature_mask b=3 s=42: applied=3, nested=True, p=0.002124, flip=False, attack_success=False, error=none
  winner_xfg_feature_mask b=5 s=42: applied=5, nested=True, p=0.002124, flip=False, attack_success=False, error=none
  winner_xfg_feature_mask b=1 s=61: applied=1, nested=True, p=0.000000, flip=False, attack_success=False, error=none
  winner_xfg_feature_mask b=3 s=61: applied=3, nested=True, p=0.002124, flip=False, attack_success=False, error=none
  winner_xfg_feature_mask b=5 s=61: applied=5, nested=True, p=0.002124, flip=False, attack_success=False, error=none
  winner_xfg_feature_mask b=1 s=73: applied=1, nested=True, p=0.000000, flip=False, attack_success=False, error=none
  winner_xfg_feature_mask b=3 s=73: applied=3, nested=True, p=0.002124, flip=False, attack_success=False, error=none
  winner_xfg_feature_mask b=5 s=73: applied=5, nested=True, p=0.002124, flip=False, attack_success=False, error=none
  winner_xfg_feature_mask b=1 s=89: applied=1, nested=True, p=0.000000, flip=False, attack_success=False, error=none
  winner_xfg_feature_mask b=3 s=89: applied=3, nested=True, p=0.002124, flip=False, attack_success=False, error=none
  winner_xfg_feature_mask b=5 s=89: applied=5, nested=True, p=0.002124, flip=False, attack_success=False, error=none
  winner_xfg_feature_mask b=1 s=101: applied=1, nested=True, p=0.000000, flip=False, attack_success=False, error=none
  winner_xfg_feature_mask b=3 s=101: applied=3, nested=True, p=0.002124, flip=False, attack_success=False, error=none
  winner_xfg_feature_mask b=5 s=101: applied=5, nested=True, p=0.002124, flip=False, attack_success=False, error=none
  winner_xfg_feature_mask b=1 s=137: applied=1, nested=True, p=0.000000, flip=False, attack_success=False, error=none
  winner_xfg_feature_mask b=3 s=137: applied=3, nested=True, p=0.002124, flip=False, attack_success=False, error=none
  winner_xfg_feature_mask b=5 s=137: applied=5, nested=True, p=0.002124, flip=False, attack_success=False, error=none
  winner_xfg_feature_mask b=1 s=2026: applied=1, nested=True, p=0.000000, flip=False, attack_success=False, error=none
  winner_xfg_feature_mask b=3 s=2026: applied=3, nested=True, p=0.002124, flip=False, attack_success=False, error=none
  winner_xfg_feature_mask b=5 s=2026: applied=5, nested=True, p=0.002124, flip=False, attack_success=False, error=none
  targeted_subgraph_injection b=1 s=7: applied=1, nested=True, p=0.000841, flip=False, attack_success=False, error=none
  targeted_subgraph_injection b=3 s=7: applied=3, nested=True, p=0.001054, flip=False, attack_success=False, error=none
  targeted_subgraph_injection b=5 s=7: applied=5, nested=True, p=0.001251, flip=False, attack_success=False, error=none
  targeted_subgraph_injection b=1 s=17: applied=1, nested=True, p=0.000841, flip=False, attack_success=False, error=none
  targeted_subgraph_injection b=3 s=17: applied=3, nested=True, p=0.001054, flip=False, attack_success=False, error=none
  targeted_subgraph_injection b=5 s=17: applied=5, nested=True, p=0.001251, flip=False, attack_success=False, error=none
  targeted_subgraph_injection b=1 s=29: applied=1, nested=True, p=0.000841, flip=False, attack_success=False, error=none
  targeted_subgraph_injection b=3 s=29: applied=3, nested=True, p=0.001054, flip=False, attack_success=False, error=none
  targeted_subgraph_injection b=5 s=29: applied=5, nested=True, p=0.001251, flip=False, attack_success=False, error=none
  targeted_subgraph_injection b=1 s=42: applied=1, nested=True, p=0.000841, flip=False, attack_success=False, error=none
  targeted_subgraph_injection b=3 s=42: applied=3, nested=True, p=0.001054, flip=False, attack_success=False, error=none
  targeted_subgraph_injection b=5 s=42: applied=5, nested=True, p=0.001251, flip=False, attack_success=False, error=none
  targeted_subgraph_injection b=1 s=61: applied=1, nested=True, p=0.000841, flip=False, attack_success=False, error=none
  targeted_subgraph_injection b=3 s=61: applied=3, nested=True, p=0.001054, flip=False, attack_success=False, error=none
  targeted_subgraph_injection b=5 s=61: applied=5, nested=True, p=0.001251, flip=False, attack_success=False, error=none
  targeted_subgraph_injection b=1 s=73: applied=1, nested=True, p=0.000841, flip=False, attack_success=False, error=none
  targeted_subgraph_injection b=3 s=73: applied=3, nested=True, p=0.001054, flip=False, attack_success=False, error=none
  targeted_subgraph_injection b=5 s=73: applied=5, nested=True, p=0.001251, flip=False, attack_success=False, error=none
  targeted_subgraph_injection b=1 s=89: applied=1, nested=True, p=0.000841, flip=False, attack_success=False, error=none
  targeted_subgraph_injection b=3 s=89: applied=3, nested=True, p=0.001054, flip=False, attack_success=False, error=none
  targeted_subgraph_injection b=5 s=89: applied=5, nested=True, p=0.001251, flip=False, attack_success=False, error=none
  targeted_subgraph_injection b=1 s=101: applied=1, nested=True, p=0.000841, flip=False, attack_success=False, error=none
  targeted_subgraph_injection b=3 s=101: applied=3, nested=True, p=0.001054, flip=False, attack_success=False, error=none
  targeted_subgraph_injection b=5 s=101: applied=5, nested=True, p=0.001251, flip=False, attack_success=False, error=none
  targeted_subgraph_injection b=1 s=137: applied=1, nested=True, p=0.000841, flip=False, attack_success=False, error=none
  targeted_subgraph_injection b=3 s=137: applied=3, nested=True, p=0.001054, flip=False, attack_success=False, error=none
  targeted_subgraph_injection b=5 s=137: applied=5, nested=True, p=0.001251, flip=False, attack_success=False, error=none
  targeted_subgraph_injection b=1 s=2026: applied=1, nested=True, p=0.000841, flip=False, attack_success=False, error=none
  targeted_subgraph_injection b=3 s=2026: applied=3, nested=True, p=0.001054, flip=False, attack_success=False, error=none
  targeted_subgraph_injection b=5 s=2026: applied=5, nested=True, p=0.001251, flip=False, attack_success=False, error=none
[6/60] cvefixes__06_vulnerable_altivec_unavailable_exception: true=1, baseline=0 p=0.000332, correct=False, winner=7
[7/60] cvefixes__07_fixed_videobuf_vm_close: true=0, baseline=0 p=0.000001, correct=True, winner=10
  winner_xfg_edge_attack b=1 s=7: applied=1, nested=True, p=0.000000, flip=False, attack_success=False, error=none
  winner_xfg_edge_attack b=3 s=7: applied=3, nested=True, p=0.000000, flip=False, attack_success=False, error=none
  winner_xfg_edge_attack b=5 s=7: applied=5, nested=True, p=0.000000, flip=False, attack_success=False, error=none
  winner_xfg_edge_attack b=1 s=17: applied=1, nested=True, p=0.000000, flip=False, attack_success=False, error=none
  winner_xfg_edge_attack b=3 s=17: applied=3, nested=True, p=0.000000, flip=False, attack_success=False, error=none
  winner_xfg_edge_attack b=5 s=17: applied=5, nested=True, p=0.000000, flip=False, attack_success=False, error=none
  winner_xfg_edge_attack b=1 s=29: applied=1, nested=True, p=0.000000, flip=False, attack_success=False, error=none
  winner_xfg_edge_attack b=3 s=29: applied=3, nested=True, p=0.000000, flip=False, attack_success=False, error=none
  winner_xfg_edge_attack b=5 s=29: applied=5, nested=True, p=0.000000, flip=False, attack_success=False, error=none
  winner_xfg_edge_attack b=1 s=42: applied=1, nested=True, p=0.000000, flip=False, attack_success=False, error=none
  winner_xfg_edge_attack b=3 s=42: applied=3, nested=True, p=0.000000, flip=False, attack_success=False, error=none
  winner_xfg_edge_attack b=5 s=42: applied=5, nested=True, p=0.000000, flip=False, attack_success=False, error=none
  winner_xfg_edge_attack b=1 s=61: applied=1, nested=True, p=0.000000, flip=False, attack_success=False, error=none
  winner_xfg_edge_attack b=3 s=61: applied=3, nested=True, p=0.000000, flip=False, attack_success=False, error=none
  winner_xfg_edge_attack b=5 s=61: applied=5, nested=True, p=0.000000, flip=False, attack_success=False, error=none
  winner_xfg_edge_attack b=1 s=73: applied=1, nested=True, p=0.000000, flip=False, attack_success=False, error=none
  winner_xfg_edge_attack b=3 s=73: applied=3, nested=True, p=0.000000, flip=False, attack_success=False, error=none
  winner_xfg_edge_attack b=5 s=73: applied=5, nested=True, p=0.000000, flip=False, attack_success=False, error=none
  winner_xfg_edge_attack b=1 s=89: applied=1, nested=True, p=0.000000, flip=False, attack_success=False, error=none
  winner_xfg_edge_attack b=3 s=89: applied=3, nested=True, p=0.000000, flip=False, attack_success=False, error=none
  winner_xfg_edge_attack b=5 s=89: applied=5, nested=True, p=0.000000, flip=False, attack_success=False, error=none
  winner_xfg_edge_attack b=1 s=101: applied=1, nested=True, p=0.000000, flip=False, attack_success=False, error=none
  winner_xfg_edge_attack b=3 s=101: applied=3, nested=True, p=0.000000, flip=False, attack_success=False, error=none
  winner_xfg_edge_attack b=5 s=101: applied=5, nested=True, p=0.000000, flip=False, attack_success=False, error=none
  winner_xfg_edge_attack b=1 s=137: applied=1, nested=True, p=0.000000, flip=False, attack_success=False, error=none
  winner_xfg_edge_attack b=3 s=137: applied=3, nested=True, p=0.000000, flip=False, attack_success=False, error=none
  winner_xfg_edge_attack b=5 s=137: applied=5, nested=True, p=0.000000, flip=False, attack_success=False, error=none
  winner_xfg_edge_attack b=1 s=2026: applied=1, nested=True, p=0.000000, flip=False, attack_success=False, error=none
  winner_xfg_edge_attack b=3 s=2026: applied=3, nested=True, p=0.000000, flip=False, attack_success=False, error=none
  winner_xfg_edge_attack b=5 s=2026: applied=5, nested=True, p=0.000000, flip=False, attack_success=False, error=none
  winner_xfg_feature_mask b=1 s=7: applied=1, nested=True, p=0.000000, flip=False, attack_success=False, error=none
  winner_xfg_feature_mask b=3 s=7: applied=3, nested=True, p=0.000000, flip=False, attack_success=False, error=none
  winner_xfg_feature_mask b=5 s=7: applied=5, nested=True, p=0.000000, flip=False, attack_success=False, error=none
  winner_xfg_feature_mask b=1 s=17: applied=1, nested=True, p=0.000000, flip=False, attack_success=False, error=none
  winner_xfg_feature_mask b=3 s=17: applied=3, nested=True, p=0.000000, flip=False, attack_success=False, error=none
  winner_xfg_feature_mask b=5 s=17: applied=5, nested=True, p=0.000000, flip=False, attack_success=False, error=none
  winner_xfg_feature_mask b=1 s=29: applied=1, nested=True, p=0.000000, flip=False, attack_success=False, error=none
  winner_xfg_feature_mask b=3 s=29: applied=3, nested=True, p=0.000000, flip=False, attack_success=False, error=none
  winner_xfg_feature_mask b=5 s=29: applied=5, nested=True, p=0.000000, flip=False, attack_success=False, error=none
  winner_xfg_feature_mask b=1 s=42: applied=1, nested=True, p=0.000000, flip=False, attack_success=False, error=none
  winner_xfg_feature_mask b=3 s=42: applied=3, nested=True, p=0.000000, flip=False, attack_success=False, error=none
  winner_xfg_feature_mask b=5 s=42: applied=5, nested=True, p=0.000000, flip=False, attack_success=False, error=none
  winner_xfg_feature_mask b=1 s=61: applied=1, nested=True, p=0.000000, flip=False, attack_success=False, error=none
  winner_xfg_feature_mask b=3 s=61: applied=3, nested=True, p=0.000000, flip=False, attack_success=False, error=none
  winner_xfg_feature_mask b=5 s=61: applied=5, nested=True, p=0.000000, flip=False, attack_success=False, error=none
  winner_xfg_feature_mask b=1 s=73: applied=1, nested=True, p=0.000000, flip=False, attack_success=False, error=none
  winner_xfg_feature_mask b=3 s=73: applied=3, nested=True, p=0.000000, flip=False, attack_success=False, error=none
  winner_xfg_feature_mask b=5 s=73: applied=5, nested=True, p=0.000000, flip=False, attack_success=False, error=none
  winner_xfg_feature_mask b=1 s=89: applied=1, nested=True, p=0.000000, flip=False, attack_success=False, error=none
  winner_xfg_feature_mask b=3 s=89: applied=3, nested=True, p=0.000000, flip=False, attack_success=False, error=none
  winner_xfg_feature_mask b=5 s=89: applied=5, nested=True, p=0.000000, flip=False, attack_success=False, error=none
  winner_xfg_feature_mask b=1 s=101: applied=1, nested=True, p=0.000000, flip=False, attack_success=False, error=none
  winner_xfg_feature_mask b=3 s=101: applied=3, nested=True, p=0.000000, flip=False, attack_success=False, error=none
  winner_xfg_feature_mask b=5 s=101: applied=5, nested=True, p=0.000000, flip=False, attack_success=False, error=none
  winner_xfg_feature_mask b=1 s=137: applied=1, nested=True, p=0.000000, flip=False, attack_success=False, error=none
  winner_xfg_feature_mask b=3 s=137: applied=3, nested=True, p=0.000000, flip=False, attack_success=False, error=none
  winner_xfg_feature_mask b=5 s=137: applied=5, nested=True, p=0.000000, flip=False, attack_success=False, error=none
  winner_xfg_feature_mask b=1 s=2026: applied=1, nested=True, p=0.000000, flip=False, attack_success=False, error=none
  winner_xfg_feature_mask b=3 s=2026: applied=3, nested=True, p=0.000000, flip=False, attack_success=False, error=none
  winner_xfg_feature_mask b=5 s=2026: applied=5, nested=True, p=0.000000, flip=False, attack_success=False, error=none
  targeted_subgraph_injection b=1 s=7: applied=1, nested=True, p=0.000000, flip=False, attack_success=False, error=none
  targeted_subgraph_injection b=3 s=7: applied=3, nested=True, p=0.000000, flip=False, attack_success=False, error=none
  targeted_subgraph_injection b=5 s=7: applied=5, nested=True, p=0.000000, flip=False, attack_success=False, error=none
  targeted_subgraph_injection b=1 s=17: applied=1, nested=True, p=0.000000, flip=False, attack_success=False, error=none
  targeted_subgraph_injection b=3 s=17: applied=3, nested=True, p=0.000000, flip=False, attack_success=False, error=none
  targeted_subgraph_injection b=5 s=17: applied=5, nested=True, p=0.000000, flip=False, attack_success=False, error=none
  targeted_subgraph_injection b=1 s=29: applied=1, nested=True, p=0.000000, flip=False, attack_success=False, error=none
  targeted_subgraph_injection b=3 s=29: applied=3, nested=True, p=0.000000, flip=False, attack_success=False, error=none
  targeted_subgraph_injection b=5 s=29: applied=5, nested=True, p=0.000000, flip=False, attack_success=False, error=none
  targeted_subgraph_injection b=1 s=42: applied=1, nested=True, p=0.000000, flip=False, attack_success=False, error=none
  targeted_subgraph_injection b=3 s=42: applied=3, nested=True, p=0.000000, flip=False, attack_success=False, error=none
  targeted_subgraph_injection b=5 s=42: applied=5, nested=True, p=0.000000, flip=False, attack_success=False, error=none
  targeted_subgraph_injection b=1 s=61: applied=1, nested=True, p=0.000000, flip=False, attack_success=False, error=none
  targeted_subgraph_injection b=3 s=61: applied=3, nested=True, p=0.000000, flip=False, attack_success=False, error=none
  targeted_subgraph_injection b=5 s=61: applied=5, nested=True, p=0.000000, flip=False, attack_success=False, error=none
  targeted_subgraph_injection b=1 s=73: applied=1, nested=True, p=0.000000, flip=False, attack_success=False, error=none
  targeted_subgraph_injection b=3 s=73: applied=3, nested=True, p=0.000000, flip=False, attack_success=False, error=none
  targeted_subgraph_injection b=5 s=73: applied=5, nested=True, p=0.000000, flip=False, attack_success=False, error=none
  targeted_subgraph_injection b=1 s=89: applied=1, nested=True, p=0.000000, flip=False, attack_success=False, error=none
  targeted_subgraph_injection b=3 s=89: applied=3, nested=True, p=0.000000, flip=False, attack_success=False, error=none
  targeted_subgraph_injection b=5 s=89: applied=5, nested=True, p=0.000000, flip=False, attack_success=False, error=none
  targeted_subgraph_injection b=1 s=101: applied=1, nested=True, p=0.000000, flip=False, attack_success=False, error=none
  targeted_subgraph_injection b=3 s=101: applied=3, nested=True, p=0.000000, flip=False, attack_success=False, error=none
  targeted_subgraph_injection b=5 s=101: applied=5, nested=True, p=0.000000, flip=False, attack_success=False, error=none
  targeted_subgraph_injection b=1 s=137: applied=1, nested=True, p=0.000000, flip=False, attack_success=False, error=none
  targeted_subgraph_injection b=3 s=137: applied=3, nested=True, p=0.000000, flip=False, attack_success=False, error=none
  targeted_subgraph_injection b=5 s=137: applied=5, nested=True, p=0.000000, flip=False, attack_success=False, error=none
  targeted_subgraph_injection b=1 s=2026: applied=1, nested=True, p=0.000000, flip=False, attack_success=False, error=none
  targeted_subgraph_injection b=3 s=2026: applied=3, nested=True, p=0.000000, flip=False, attack_success=False, error=none
  targeted_subgraph_injection b=5 s=2026: applied=5, nested=True, p=0.000000, flip=False, attack_success=False, error=none
[8/60] cvefixes__08_vulnerable_videobuf_vm_close: true=1, baseline=0 p=0.000001, correct=False, winner=10
[9/60] cvefixes__09_fixed_netlbl_cipsov4_add_common: true=0, baseline=0 p=0.000357, correct=True, winner=19
  winner_xfg_edge_attack b=1 s=7: applied=1, nested=True, p=0.000510, flip=False, attack_success=False, error=none
  winner_xfg_edge_attack b=3 s=7: applied=3, nested=True, p=0.000850, flip=False, attack_success=False, error=none
  winner_xfg_edge_attack b=5 s=7: applied=5, nested=True, p=0.001114, flip=False, attack_success=False, error=none
  winner_xfg_edge_attack b=1 s=17: applied=1, nested=True, p=0.000510, flip=False, attack_success=False, error=none
  winner_xfg_edge_attack b=3 s=17: applied=3, nested=True, p=0.000850, flip=False, attack_success=False, error=none
  winner_xfg_edge_attack b=5 s=17: applied=5, nested=True, p=0.001114, flip=False, attack_success=False, error=none
  winner_xfg_edge_attack b=1 s=29: applied=1, nested=True, p=0.000510, flip=False, attack_success=False, error=none
  winner_xfg_edge_attack b=3 s=29: applied=3, nested=True, p=0.000850, flip=False, attack_success=False, error=none
  winner_xfg_edge_attack b=5 s=29: applied=5, nested=True, p=0.001114, flip=False, attack_success=False, error=none
  winner_xfg_edge_attack b=1 s=42: applied=1, nested=True, p=0.000510, flip=False, attack_success=False, error=none
  winner_xfg_edge_attack b=3 s=42: applied=3, nested=True, p=0.000850, flip=False, attack_success=False, error=none
  winner_xfg_edge_attack b=5 s=42: applied=5, nested=True, p=0.001114, flip=False, attack_success=False, error=none
  winner_xfg_edge_attack b=1 s=61: applied=1, nested=True, p=0.000510, flip=False, attack_success=False, error=none
  winner_xfg_edge_attack b=3 s=61: applied=3, nested=True, p=0.000850, flip=False, attack_success=False, error=none
  winner_xfg_edge_attack b=5 s=61: applied=5, nested=True, p=0.001114, flip=False, attack_success=False, error=none
  winner_xfg_edge_attack b=1 s=73: applied=1, nested=True, p=0.000510, flip=False, attack_success=False, error=none
  winner_xfg_edge_attack b=3 s=73: applied=3, nested=True, p=0.000850, flip=False, attack_success=False, error=none
  winner_xfg_edge_attack b=5 s=73: applied=5, nested=True, p=0.001114, flip=False, attack_success=False, error=none
  winner_xfg_edge_attack b=1 s=89: applied=1, nested=True, p=0.000510, flip=False, attack_success=False, error=none
  winner_xfg_edge_attack b=3 s=89: applied=3, nested=True, p=0.000850, flip=False, attack_success=False, error=none
  winner_xfg_edge_attack b=5 s=89: applied=5, nested=True, p=0.001114, flip=False, attack_success=False, error=none
  winner_xfg_edge_attack b=1 s=101: applied=1, nested=True, p=0.000510, flip=False, attack_success=False, error=none
  winner_xfg_edge_attack b=3 s=101: applied=3, nested=True, p=0.000850, flip=False, attack_success=False, error=none
  winner_xfg_edge_attack b=5 s=101: applied=5, nested=True, p=0.001114, flip=False, attack_success=False, error=none
  winner_xfg_edge_attack b=1 s=137: applied=1, nested=True, p=0.000510, flip=False, attack_success=False, error=none
  winner_xfg_edge_attack b=3 s=137: applied=3, nested=True, p=0.000850, flip=False, attack_success=False, error=none
  winner_xfg_edge_attack b=5 s=137: applied=5, nested=True, p=0.001114, flip=False, attack_success=False, error=none
  winner_xfg_edge_attack b=1 s=2026: applied=1, nested=True, p=0.000510, flip=False, attack_success=False, error=none
  winner_xfg_edge_attack b=3 s=2026: applied=3, nested=True, p=0.000850, flip=False, attack_success=False, error=none
  winner_xfg_edge_attack b=5 s=2026: applied=5, nested=True, p=0.001114, flip=False, attack_success=False, error=none
  winner_xfg_feature_mask b=1 s=7: applied=1, nested=True, p=0.001548, flip=False, attack_success=False, error=none
  winner_xfg_feature_mask b=3 s=7: applied=3, nested=True, p=0.020190, flip=False, attack_success=False, error=none
  winner_xfg_feature_mask b=5 s=7: applied=5, nested=True, p=0.220116, flip=False, attack_success=False, error=none
  winner_xfg_feature_mask b=1 s=17: applied=1, nested=True, p=0.001548, flip=False, attack_success=False, error=none
  winner_xfg_feature_mask b=3 s=17: applied=3, nested=True, p=0.020190, flip=False, attack_success=False, error=none
  winner_xfg_feature_mask b=5 s=17: applied=5, nested=True, p=0.220116, flip=False, attack_success=False, error=none
  winner_xfg_feature_mask b=1 s=29: applied=1, nested=True, p=0.001548, flip=False, attack_success=False, error=none
  winner_xfg_feature_mask b=3 s=29: applied=3, nested=True, p=0.020190, flip=False, attack_success=False, error=none
  winner_xfg_feature_mask b=5 s=29: applied=5, nested=True, p=0.220116, flip=False, attack_success=False, error=none
  winner_xfg_feature_mask b=1 s=42: applied=1, nested=True, p=0.001548, flip=False, attack_success=False, error=none
  winner_xfg_feature_mask b=3 s=42: applied=3, nested=True, p=0.020190, flip=False, attack_success=False, error=none
  winner_xfg_feature_mask b=5 s=42: applied=5, nested=True, p=0.220116, flip=False, attack_success=False, error=none
  winner_xfg_feature_mask b=1 s=61: applied=1, nested=True, p=0.001548, flip=False, attack_success=False, error=none
  winner_xfg_feature_mask b=3 s=61: applied=3, nested=True, p=0.020190, flip=False, attack_success=False, error=none
  winner_xfg_feature_mask b=5 s=61: applied=5, nested=True, p=0.220116, flip=False, attack_success=False, error=none
  winner_xfg_feature_mask b=1 s=73: applied=1, nested=True, p=0.001548, flip=False, attack_success=False, error=none
  winner_xfg_feature_mask b=3 s=73: applied=3, nested=True, p=0.020190, flip=False, attack_success=False, error=none
  winner_xfg_feature_mask b=5 s=73: applied=5, nested=True, p=0.220116, flip=False, attack_success=False, error=none
  winner_xfg_feature_mask b=1 s=89: applied=1, nested=True, p=0.001548, flip=False, attack_success=False, error=none
  winner_xfg_feature_mask b=3 s=89: applied=3, nested=True, p=0.020190, flip=False, attack_success=False, error=none
  winner_xfg_feature_mask b=5 s=89: applied=5, nested=True, p=0.220116, flip=False, attack_success=False, error=none
  winner_xfg_feature_mask b=1 s=101: applied=1, nested=True, p=0.001548, flip=False, attack_success=False, error=none
  winner_xfg_feature_mask b=3 s=101: applied=3, nested=True, p=0.020190, flip=False, attack_success=False, error=none
  winner_xfg_feature_mask b=5 s=101: applied=5, nested=True, p=0.220116, flip=False, attack_success=False, error=none
  winner_xfg_feature_mask b=1 s=137: applied=1, nested=True, p=0.001548, flip=False, attack_success=False, error=none
  winner_xfg_feature_mask b=3 s=137: applied=3, nested=True, p=0.020190, flip=False, attack_success=False, error=none
  winner_xfg_feature_mask b=5 s=137: applied=5, nested=True, p=0.220116, flip=False, attack_success=False, error=none
  winner_xfg_feature_mask b=1 s=2026: applied=1, nested=True, p=0.001548, flip=False, attack_success=False, error=none
  winner_xfg_feature_mask b=3 s=2026: applied=3, nested=True, p=0.020190, flip=False, attack_success=False, error=none
  winner_xfg_feature_mask b=5 s=2026: applied=5, nested=True, p=0.220116, flip=False, attack_success=False, error=none
  targeted_subgraph_injection b=1 s=7: applied=1, nested=True, p=0.031932, flip=False, attack_success=False, error=none
  targeted_subgraph_injection b=3 s=7: applied=3, nested=True, p=0.176133, flip=False, attack_success=False, error=none
  targeted_subgraph_injection b=5 s=7: applied=5, nested=True, p=0.394168, flip=False, attack_success=False, error=none
  targeted_subgraph_injection b=1 s=17: applied=1, nested=True, p=0.031932, flip=False, attack_success=False, error=none
  targeted_subgraph_injection b=3 s=17: applied=3, nested=True, p=0.176133, flip=False, attack_success=False, error=none
  targeted_subgraph_injection b=5 s=17: applied=5, nested=True, p=0.394168, flip=False, attack_success=False, error=none
  targeted_subgraph_injection b=1 s=29: applied=1, nested=True, p=0.031932, flip=False, attack_success=False, error=none
  targeted_subgraph_injection b=3 s=29: applied=3, nested=True, p=0.176133, flip=False, attack_success=False, error=none
  targeted_subgraph_injection b=5 s=29: applied=5, nested=True, p=0.394168, flip=False, attack_success=False, error=none
  targeted_subgraph_injection b=1 s=42: applied=1, nested=True, p=0.031932, flip=False, attack_success=False, error=none
  targeted_subgraph_injection b=3 s=42: applied=3, nested=True, p=0.176133, flip=False, attack_success=False, error=none
  targeted_subgraph_injection b=5 s=42: applied=5, nested=True, p=0.394168, flip=False, attack_success=False, error=none
  targeted_subgraph_injection b=1 s=61: applied=1, nested=True, p=0.031932, flip=False, attack_success=False, error=none
  targeted_subgraph_injection b=3 s=61: applied=3, nested=True, p=0.176133, flip=False, attack_success=False, error=none
  targeted_subgraph_injection b=5 s=61: applied=5, nested=True, p=0.394168, flip=False, attack_success=False, error=none
  targeted_subgraph_injection b=1 s=73: applied=1, nested=True, p=0.031932, flip=False, attack_success=False, error=none
  targeted_subgraph_injection b=3 s=73: applied=3, nested=True, p=0.176133, flip=False, attack_success=False, error=none
  targeted_subgraph_injection b=5 s=73: applied=5, nested=True, p=0.394168, flip=False, attack_success=False, error=none
  targeted_subgraph_injection b=1 s=89: applied=1, nested=True, p=0.031932, flip=False, attack_success=False, error=none
  targeted_subgraph_injection b=3 s=89: applied=3, nested=True, p=0.176133, flip=False, attack_success=False, error=none
  targeted_subgraph_injection b=5 s=89: applied=5, nested=True, p=0.394168, flip=False, attack_success=False, error=none
  targeted_subgraph_injection b=1 s=101: applied=1, nested=True, p=0.031932, flip=False, attack_success=False, error=none
  targeted_subgraph_injection b=3 s=101: applied=3, nested=True, p=0.176133, flip=False, attack_success=False, error=none
  targeted_subgraph_injection b=5 s=101: applied=5, nested=True, p=0.394168, flip=False, attack_success=False, error=none
  targeted_subgraph_injection b=1 s=137: applied=1, nested=True, p=0.031932, flip=False, attack_success=False, error=none
  targeted_subgraph_injection b=3 s=137: applied=3, nested=True, p=0.176133, flip=False, attack_success=False, error=none
  targeted_subgraph_injection b=5 s=137: applied=5, nested=True, p=0.394168, flip=False, attack_success=False, error=none
  targeted_subgraph_injection b=1 s=2026: applied=1, nested=True, p=0.031932, flip=False, attack_success=False, error=none
  targeted_subgraph_injection b=3 s=2026: applied=3, nested=True, p=0.176133, flip=False, attack_success=False, error=none
  targeted_subgraph_injection b=5 s=2026: applied=5, nested=True, p=0.394168, flip=False, attack_success=False, error=none
[10/60] cvefixes__10_vulnerable_netlbl_cipsov4_add_common: true=1, baseline=0 p=0.003646, correct=False, winner=10
[11/60] cvefixes__11_fixed_generic_perform_write: true=0, baseline=0 p=0.000000, correct=True, winner=24
  winner_xfg_edge_attack b=1 s=7: applied=1, nested=True, p=0.000000, flip=False, attack_success=False, error=none
  winner_xfg_edge_attack b=3 s=7: applied=3, nested=True, p=0.000000, flip=False, attack_success=False, error=none
  winner_xfg_edge_attack b=5 s=7: applied=5, nested=True, p=0.000000, flip=False, attack_success=False, error=none
  winner_xfg_edge_attack b=1 s=17: applied=1, nested=True, p=0.000000, flip=False, attack_success=False, error=none
  winner_xfg_edge_attack b=3 s=17: applied=3, nested=True, p=0.000000, flip=False, attack_success=False, error=none
  winner_xfg_edge_attack b=5 s=17: applied=5, nested=True, p=0.000000, flip=False, attack_success=False, error=none
  winner_xfg_edge_attack b=1 s=29: applied=1, nested=True, p=0.000000, flip=False, attack_success=False, error=none
  winner_xfg_edge_attack b=3 s=29: applied=3, nested=True, p=0.000000, flip=False, attack_success=False, error=none
  winner_xfg_edge_attack b=5 s=29: applied=5, nested=True, p=0.000000, flip=False, attack_success=False, error=none
  winner_xfg_edge_attack b=1 s=42: applied=1, nested=True, p=0.000000, flip=False, attack_success=False, error=none
  winner_xfg_edge_attack b=3 s=42: applied=3, nested=True, p=0.000000, flip=False, attack_success=False, error=none
  winner_xfg_edge_attack b=5 s=42: applied=5, nested=True, p=0.000000, flip=False, attack_success=False, error=none
  winner_xfg_edge_attack b=1 s=61: applied=1, nested=True, p=0.000000, flip=False, attack_success=False, error=none
  winner_xfg_edge_attack b=3 s=61: applied=3, nested=True, p=0.000000, flip=False, attack_success=False, error=none
  winner_xfg_edge_attack b=5 s=61: applied=5, nested=True, p=0.000000, flip=False, attack_success=False, error=none
  winner_xfg_edge_attack b=1 s=73: applied=1, nested=True, p=0.000000, flip=False, attack_success=False, error=none
  winner_xfg_edge_attack b=3 s=73: applied=3, nested=True, p=0.000000, flip=False, attack_success=False, error=none
  winner_xfg_edge_attack b=5 s=73: applied=5, nested=True, p=0.000000, flip=False, attack_success=False, error=none
  winner_xfg_edge_attack b=1 s=89: applied=1, nested=True, p=0.000000, flip=False, attack_success=False, error=none
  winner_xfg_edge_attack b=3 s=89: applied=3, nested=True, p=0.000000, flip=False, attack_success=False, error=none
  winner_xfg_edge_attack b=5 s=89: applied=5, nested=True, p=0.000000, flip=False, attack_success=False, error=none
  winner_xfg_edge_attack b=1 s=101: applied=1, nested=True, p=0.000000, flip=False, attack_success=False, error=none
  winner_xfg_edge_attack b=3 s=101: applied=3, nested=True, p=0.000000, flip=False, attack_success=False, error=none
  winner_xfg_edge_attack b=5 s=101: applied=5, nested=True, p=0.000000, flip=False, attack_success=False, error=none
  winner_xfg_edge_attack b=1 s=137: applied=1, nested=True, p=0.000000, flip=False, attack_success=False, error=none
  winner_xfg_edge_attack b=3 s=137: applied=3, nested=True, p=0.000000, flip=False, attack_success=False, error=none
  winner_xfg_edge_attack b=5 s=137: applied=5, nested=True, p=0.000000, flip=False, attack_success=False, error=none
  winner_xfg_edge_attack b=1 s=2026: applied=1, nested=True, p=0.000000, flip=False, attack_success=False, error=none
  winner_xfg_edge_attack b=3 s=2026: applied=3, nested=True, p=0.000000, flip=False, attack_success=False, error=none
  winner_xfg_edge_attack b=5 s=2026: applied=5, nested=True, p=0.000000, flip=False, attack_success=False, error=none
  winner_xfg_feature_mask b=1 s=7: applied=1, nested=True, p=0.000000, flip=False, attack_success=False, error=none
  winner_xfg_feature_mask b=3 s=7: applied=3, nested=True, p=0.000000, flip=False, attack_success=False, error=none
  winner_xfg_feature_mask b=5 s=7: applied=5, nested=True, p=0.000000, flip=False, attack_success=False, error=none
  winner_xfg_feature_mask b=1 s=17: applied=1, nested=True, p=0.000000, flip=False, attack_success=False, error=none
  winner_xfg_feature_mask b=3 s=17: applied=3, nested=True, p=0.000000, flip=False, attack_success=False, error=none
  winner_xfg_feature_mask b=5 s=17: applied=5, nested=True, p=0.000000, flip=False, attack_success=False, error=none
  winner_xfg_feature_mask b=1 s=29: applied=1, nested=True, p=0.000000, flip=False, attack_success=False, error=none
  winner_xfg_feature_mask b=3 s=29: applied=3, nested=True, p=0.000000, flip=False, attack_success=False, error=none
  winner_xfg_feature_mask b=5 s=29: applied=5, nested=True, p=0.000000, flip=False, attack_success=False, error=none
  winner_xfg_feature_mask b=1 s=42: applied=1, nested=True, p=0.000000, flip=False, attack_success=False, error=none
  winner_xfg_feature_mask b=3 s=42: applied=3, nested=True, p=0.000000, flip=False, attack_success=False, error=none
  winner_xfg_feature_mask b=5 s=42: applied=5, nested=True, p=0.000000, flip=False, attack_success=False, error=none
  winner_xfg_feature_mask b=1 s=61: applied=1, nested=True, p=0.000000, flip=False, attack_success=False, error=none
  winner_xfg_feature_mask b=3 s=61: applied=3, nested=True, p=0.000000, flip=False, attack_success=False, error=none
  winner_xfg_feature_mask b=5 s=61: applied=5, nested=True, p=0.000000, flip=False, attack_success=False, error=none
  winner_xfg_feature_mask b=1 s=73: applied=1, nested=True, p=0.000000, flip=False, attack_success=False, error=none
  winner_xfg_feature_mask b=3 s=73: applied=3, nested=True, p=0.000000, flip=False, attack_success=False, error=none
  winner_xfg_feature_mask b=5 s=73: applied=5, nested=True, p=0.000000, flip=False, attack_success=False, error=none
  winner_xfg_feature_mask b=1 s=89: applied=1, nested=True, p=0.000000, flip=False, attack_success=False, error=none
  winner_xfg_feature_mask b=3 s=89: applied=3, nested=True, p=0.000000, flip=False, attack_success=False, error=none
  winner_xfg_feature_mask b=5 s=89: applied=5, nested=True, p=0.000000, flip=False, attack_success=False, error=none
  winner_xfg_feature_mask b=1 s=101: applied=1, nested=True, p=0.000000, flip=False, attack_success=False, error=none
  winner_xfg_feature_mask b=3 s=101: applied=3, nested=True, p=0.000000, flip=False, attack_success=False, error=none
  winner_xfg_feature_mask b=5 s=101: applied=5, nested=True, p=0.000000, flip=False, attack_success=False, error=none
  winner_xfg_feature_mask b=1 s=137: applied=1, nested=True, p=0.000000, flip=False, attack_success=False, error=none
  winner_xfg_feature_mask b=3 s=137: applied=3, nested=True, p=0.000000, flip=False, attack_success=False, error=none
  winner_xfg_feature_mask b=5 s=137: applied=5, nested=True, p=0.000000, flip=False, attack_success=False, error=none
  winner_xfg_feature_mask b=1 s=2026: applied=1, nested=True, p=0.000000, flip=False, attack_success=False, error=none
  winner_xfg_feature_mask b=3 s=2026: applied=3, nested=True, p=0.000000, flip=False, attack_success=False, error=none
  winner_xfg_feature_mask b=5 s=2026: applied=5, nested=True, p=0.000000, flip=False, attack_success=False, error=none
  targeted_subgraph_injection b=1 s=7: applied=1, nested=True, p=0.000000, flip=False, attack_success=False, error=none
  targeted_subgraph_injection b=3 s=7: applied=3, nested=True, p=0.000000, flip=False, attack_success=False, error=none
  targeted_subgraph_injection b=5 s=7: applied=5, nested=True, p=0.000000, flip=False, attack_success=False, error=none
  targeted_subgraph_injection b=1 s=17: applied=1, nested=True, p=0.000000, flip=False, attack_success=False, error=none
  targeted_subgraph_injection b=3 s=17: applied=3, nested=True, p=0.000000, flip=False, attack_success=False, error=none
  targeted_subgraph_injection b=5 s=17: applied=5, nested=True, p=0.000000, flip=False, attack_success=False, error=none
  targeted_subgraph_injection b=1 s=29: applied=1, nested=True, p=0.000000, flip=False, attack_success=False, error=none
  targeted_subgraph_injection b=3 s=29: applied=3, nested=True, p=0.000000, flip=False, attack_success=False, error=none
  targeted_subgraph_injection b=5 s=29: applied=5, nested=True, p=0.000000, flip=False, attack_success=False, error=none
  targeted_subgraph_injection b=1 s=42: applied=1, nested=True, p=0.000000, flip=False, attack_success=False, error=none
  targeted_subgraph_injection b=3 s=42: applied=3, nested=True, p=0.000000, flip=False, attack_success=False, error=none
  targeted_subgraph_injection b=5 s=42: applied=5, nested=True, p=0.000000, flip=False, attack_success=False, error=none
  targeted_subgraph_injection b=1 s=61: applied=1, nested=True, p=0.000000, flip=False, attack_success=False, error=none
  targeted_subgraph_injection b=3 s=61: applied=3, nested=True, p=0.000000, flip=False, attack_success=False, error=none
  targeted_subgraph_injection b=5 s=61: applied=5, nested=True, p=0.000000, flip=False, attack_success=False, error=none
  targeted_subgraph_injection b=1 s=73: applied=1, nested=True, p=0.000000, flip=False, attack_success=False, error=none
  targeted_subgraph_injection b=3 s=73: applied=3, nested=True, p=0.000000, flip=False, attack_success=False, error=none
  targeted_subgraph_injection b=5 s=73: applied=5, nested=True, p=0.000000, flip=False, attack_success=False, error=none
  targeted_subgraph_injection b=1 s=89: applied=1, nested=True, p=0.000000, flip=False, attack_success=False, error=none
  targeted_subgraph_injection b=3 s=89: applied=3, nested=True, p=0.000000, flip=False, attack_success=False, error=none
  targeted_subgraph_injection b=5 s=89: applied=5, nested=True, p=0.000000, flip=False, attack_success=False, error=none
  targeted_subgraph_injection b=1 s=101: applied=1, nested=True, p=0.000000, flip=False, attack_success=False, error=none
  targeted_subgraph_injection b=3 s=101: applied=3, nested=True, p=0.000000, flip=False, attack_success=False, error=none
  targeted_subgraph_injection b=5 s=101: applied=5, nested=True, p=0.000000, flip=False, attack_success=False, error=none
  targeted_subgraph_injection b=1 s=137: applied=1, nested=True, p=0.000000, flip=False, attack_success=False, error=none
  targeted_subgraph_injection b=3 s=137: applied=3, nested=True, p=0.000000, flip=False, attack_success=False, error=none
  targeted_subgraph_injection b=5 s=137: applied=5, nested=True, p=0.000000, flip=False, attack_success=False, error=none
  targeted_subgraph_injection b=1 s=2026: applied=1, nested=True, p=0.000000, flip=False, attack_success=False, error=none
  targeted_subgraph_injection b=3 s=2026: applied=3, nested=True, p=0.000000, flip=False, attack_success=False, error=none
  targeted_subgraph_injection b=5 s=2026: applied=5, nested=True, p=0.000000, flip=False, attack_success=False, error=none
[12/60] cvefixes__12_vulnerable_generic_perform_write: true=1, baseline=0 p=0.000000, correct=False, winner=24
[13/60] cvefixes__13_fixed_pango_glyph_string_set_size: true=0, baseline=0 p=0.000490, correct=True, winner=35
  winner_xfg_edge_attack b=1 s=7: applied=1, nested=True, p=0.000416, flip=False, attack_success=False, error=none
  winner_xfg_edge_attack b=3 s=7: applied=3, nested=True, p=0.000404, flip=False, attack_success=False, error=none
  winner_xfg_edge_attack b=5 s=7: applied=5, nested=True, p=0.000548, flip=False, attack_success=False, error=none
  winner_xfg_edge_attack b=1 s=17: applied=1, nested=True, p=0.000416, flip=False, attack_success=False, error=none
  winner_xfg_edge_attack b=3 s=17: applied=3, nested=True, p=0.000404, flip=False, attack_success=False, error=none
  winner_xfg_edge_attack b=5 s=17: applied=5, nested=True, p=0.000548, flip=False, attack_success=False, error=none
  winner_xfg_edge_attack b=1 s=29: applied=1, nested=True, p=0.000416, flip=False, attack_success=False, error=none
  winner_xfg_edge_attack b=3 s=29: applied=3, nested=True, p=0.000404, flip=False, attack_success=False, error=none
  winner_xfg_edge_attack b=5 s=29: applied=5, nested=True, p=0.000548, flip=False, attack_success=False, error=none
  winner_xfg_edge_attack b=1 s=42: applied=1, nested=True, p=0.000416, flip=False, attack_success=False, error=none
  winner_xfg_edge_attack b=3 s=42: applied=3, nested=True, p=0.000404, flip=False, attack_success=False, error=none
  winner_xfg_edge_attack b=5 s=42: applied=5, nested=True, p=0.000548, flip=False, attack_success=False, error=none
  winner_xfg_edge_attack b=1 s=61: applied=1, nested=True, p=0.000416, flip=False, attack_success=False, error=none
  winner_xfg_edge_attack b=3 s=61: applied=3, nested=True, p=0.000404, flip=False, attack_success=False, error=none
  winner_xfg_edge_attack b=5 s=61: applied=5, nested=True, p=0.000548, flip=False, attack_success=False, error=none
  winner_xfg_edge_attack b=1 s=73: applied=1, nested=True, p=0.000416, flip=False, attack_success=False, error=none
  winner_xfg_edge_attack b=3 s=73: applied=3, nested=True, p=0.000404, flip=False, attack_success=False, error=none
  winner_xfg_edge_attack b=5 s=73: applied=5, nested=True, p=0.000548, flip=False, attack_success=False, error=none
  winner_xfg_edge_attack b=1 s=89: applied=1, nested=True, p=0.000416, flip=False, attack_success=False, error=none
  winner_xfg_edge_attack b=3 s=89: applied=3, nested=True, p=0.000404, flip=False, attack_success=False, error=none
  winner_xfg_edge_attack b=5 s=89: applied=5, nested=True, p=0.000548, flip=False, attack_success=False, error=none
  winner_xfg_edge_attack b=1 s=101: applied=1, nested=True, p=0.000416, flip=False, attack_success=False, error=none
  winner_xfg_edge_attack b=3 s=101: applied=3, nested=True, p=0.000404, flip=False, attack_success=False, error=none
  winner_xfg_edge_attack b=5 s=101: applied=5, nested=True, p=0.000548, flip=False, attack_success=False, error=none
  winner_xfg_edge_attack b=1 s=137: applied=1, nested=True, p=0.000416, flip=False, attack_success=False, error=none
  winner_xfg_edge_attack b=3 s=137: applied=3, nested=True, p=0.000404, flip=False, attack_success=False, error=none
  winner_xfg_edge_attack b=5 s=137: applied=5, nested=True, p=0.000548, flip=False, attack_success=False, error=none
  winner_xfg_edge_attack b=1 s=2026: applied=1, nested=True, p=0.000416, flip=False, attack_success=False, error=none
  winner_xfg_edge_attack b=3 s=2026: applied=3, nested=True, p=0.000404, flip=False, attack_success=False, error=none
  winner_xfg_edge_attack b=5 s=2026: applied=5, nested=True, p=0.000548, flip=False, attack_success=False, error=none
  winner_xfg_feature_mask b=1 s=7: applied=1, nested=True, p=0.887567, flip=True, attack_success=True, error=none
  winner_xfg_feature_mask b=3 s=7: applied=3, nested=True, p=0.003159, flip=False, attack_success=False, error=none
  winner_xfg_feature_mask b=5 s=7: applied=5, nested=True, p=0.003184, flip=False, attack_success=False, error=none
  winner_xfg_feature_mask b=1 s=17: applied=1, nested=True, p=0.887567, flip=True, attack_success=True, error=none
  winner_xfg_feature_mask b=3 s=17: applied=3, nested=True, p=0.003159, flip=False, attack_success=False, error=none
  winner_xfg_feature_mask b=5 s=17: applied=5, nested=True, p=0.003184, flip=False, attack_success=False, error=none
  winner_xfg_feature_mask b=1 s=29: applied=1, nested=True, p=0.887567, flip=True, attack_success=True, error=none
  winner_xfg_feature_mask b=3 s=29: applied=3, nested=True, p=0.003159, flip=False, attack_success=False, error=none
  winner_xfg_feature_mask b=5 s=29: applied=5, nested=True, p=0.003184, flip=False, attack_success=False, error=none
  winner_xfg_feature_mask b=1 s=42: applied=1, nested=True, p=0.887567, flip=True, attack_success=True, error=none
  winner_xfg_feature_mask b=3 s=42: applied=3, nested=True, p=0.003159, flip=False, attack_success=False, error=none
  winner_xfg_feature_mask b=5 s=42: applied=5, nested=True, p=0.003184, flip=False, attack_success=False, error=none
  winner_xfg_feature_mask b=1 s=61: applied=1, nested=True, p=0.887567, flip=True, attack_success=True, error=none
  winner_xfg_feature_mask b=3 s=61: applied=3, nested=True, p=0.003159, flip=False, attack_success=False, error=none
  winner_xfg_feature_mask b=5 s=61: applied=5, nested=True, p=0.003184, flip=False, attack_success=False, error=none
  winner_xfg_feature_mask b=1 s=73: applied=1, nested=True, p=0.887567, flip=True, attack_success=True, error=none
  winner_xfg_feature_mask b=3 s=73: applied=3, nested=True, p=0.003159, flip=False, attack_success=False, error=none
  winner_xfg_feature_mask b=5 s=73: applied=5, nested=True, p=0.003184, flip=False, attack_success=False, error=none
  winner_xfg_feature_mask b=1 s=89: applied=1, nested=True, p=0.887567, flip=True, attack_success=True, error=none
  winner_xfg_feature_mask b=3 s=89: applied=3, nested=True, p=0.003159, flip=False, attack_success=False, error=none
  winner_xfg_feature_mask b=5 s=89: applied=5, nested=True, p=0.003184, flip=False, attack_success=False, error=none
  winner_xfg_feature_mask b=1 s=101: applied=1, nested=True, p=0.887567, flip=True, attack_success=True, error=none
  winner_xfg_feature_mask b=3 s=101: applied=3, nested=True, p=0.003159, flip=False, attack_success=False, error=none
  winner_xfg_feature_mask b=5 s=101: applied=5, nested=True, p=0.003184, flip=False, attack_success=False, error=none
  winner_xfg_feature_mask b=1 s=137: applied=1, nested=True, p=0.887567, flip=True, attack_success=True, error=none
  winner_xfg_feature_mask b=3 s=137: applied=3, nested=True, p=0.003159, flip=False, attack_success=False, error=none
  winner_xfg_feature_mask b=5 s=137: applied=5, nested=True, p=0.003184, flip=False, attack_success=False, error=none
  winner_xfg_feature_mask b=1 s=2026: applied=1, nested=True, p=0.887567, flip=True, attack_success=True, error=none
  winner_xfg_feature_mask b=3 s=2026: applied=3, nested=True, p=0.003159, flip=False, attack_success=False, error=none
  winner_xfg_feature_mask b=5 s=2026: applied=5, nested=True, p=0.003184, flip=False, attack_success=False, error=none
  targeted_subgraph_injection b=1 s=7: applied=1, nested=True, p=0.057939, flip=False, attack_success=False, error=none
  targeted_subgraph_injection b=3 s=7: applied=3, nested=True, p=0.095032, flip=False, attack_success=False, error=none
  targeted_subgraph_injection b=5 s=7: applied=5, nested=True, p=0.110739, flip=False, attack_success=False, error=none
  targeted_subgraph_injection b=1 s=17: applied=1, nested=True, p=0.057939, flip=False, attack_success=False, error=none
  targeted_subgraph_injection b=3 s=17: applied=3, nested=True, p=0.095032, flip=False, attack_success=False, error=none
  targeted_subgraph_injection b=5 s=17: applied=5, nested=True, p=0.110739, flip=False, attack_success=False, error=none
  targeted_subgraph_injection b=1 s=29: applied=1, nested=True, p=0.057939, flip=False, attack_success=False, error=none
  targeted_subgraph_injection b=3 s=29: applied=3, nested=True, p=0.095032, flip=False, attack_success=False, error=none
  targeted_subgraph_injection b=5 s=29: applied=5, nested=True, p=0.110739, flip=False, attack_success=False, error=none
  targeted_subgraph_injection b=1 s=42: applied=1, nested=True, p=0.057939, flip=False, attack_success=False, error=none
  targeted_subgraph_injection b=3 s=42: applied=3, nested=True, p=0.095032, flip=False, attack_success=False, error=none
  targeted_subgraph_injection b=5 s=42: applied=5, nested=True, p=0.110739, flip=False, attack_success=False, error=none
  targeted_subgraph_injection b=1 s=61: applied=1, nested=True, p=0.057939, flip=False, attack_success=False, error=none
  targeted_subgraph_injection b=3 s=61: applied=3, nested=True, p=0.095032, flip=False, attack_success=False, error=none
  targeted_subgraph_injection b=5 s=61: applied=5, nested=True, p=0.110739, flip=False, attack_success=False, error=none
  targeted_subgraph_injection b=1 s=73: applied=1, nested=True, p=0.057939, flip=False, attack_success=False, error=none
  targeted_subgraph_injection b=3 s=73: applied=3, nested=True, p=0.095032, flip=False, attack_success=False, error=none
  targeted_subgraph_injection b=5 s=73: applied=5, nested=True, p=0.110739, flip=False, attack_success=False, error=none
  targeted_subgraph_injection b=1 s=89: applied=1, nested=True, p=0.057939, flip=False, attack_success=False, error=none
  targeted_subgraph_injection b=3 s=89: applied=3, nested=True, p=0.095032, flip=False, attack_success=False, error=none
  targeted_subgraph_injection b=5 s=89: applied=5, nested=True, p=0.110739, flip=False, attack_success=False, error=none
  targeted_subgraph_injection b=1 s=101: applied=1, nested=True, p=0.057939, flip=False, attack_success=False, error=none
  targeted_subgraph_injection b=3 s=101: applied=3, nested=True, p=0.095032, flip=False, attack_success=False, error=none
  targeted_subgraph_injection b=5 s=101: applied=5, nested=True, p=0.110739, flip=False, attack_success=False, error=none
  targeted_subgraph_injection b=1 s=137: applied=1, nested=True, p=0.057939, flip=False, attack_success=False, error=none
  targeted_subgraph_injection b=3 s=137: applied=3, nested=True, p=0.095032, flip=False, attack_success=False, error=none
  targeted_subgraph_injection b=5 s=137: applied=5, nested=True, p=0.110739, flip=False, attack_success=False, error=none
  targeted_subgraph_injection b=1 s=2026: applied=1, nested=True, p=0.057939, flip=False, attack_success=False, error=none
  targeted_subgraph_injection b=3 s=2026: applied=3, nested=True, p=0.095032, flip=False, attack_success=False, error=none
  targeted_subgraph_injection b=5 s=2026: applied=5, nested=True, p=0.110739, flip=False, attack_success=False, error=none
[14/60] cvefixes__14_vulnerable_pango_glyph_string_set_size: true=1, baseline=0 p=0.000551, correct=False, winner=21
[15/60] cvefixes__15_fixed_decode_entities: true=0, baseline=0 p=0.000059, correct=True, winner=187
  winner_xfg_edge_attack b=1 s=7: applied=1, nested=True, p=0.000032, flip=False, attack_success=False, error=none
  winner_xfg_edge_attack b=3 s=7: applied=3, nested=True, p=0.000031, flip=False, attack_success=False, error=none
  winner_xfg_edge_attack b=5 s=7: applied=5, nested=True, p=0.000030, flip=False, attack_success=False, error=none
  winner_xfg_edge_attack b=1 s=17: applied=1, nested=True, p=0.000032, flip=False, attack_success=False, error=none
  winner_xfg_edge_attack b=3 s=17: applied=3, nested=True, p=0.000031, flip=False, attack_success=False, error=none
  winner_xfg_edge_attack b=5 s=17: applied=5, nested=True, p=0.000030, flip=False, attack_success=False, error=none
  winner_xfg_edge_attack b=1 s=29: applied=1, nested=True, p=0.000032, flip=False, attack_success=False, error=none
  winner_xfg_edge_attack b=3 s=29: applied=3, nested=True, p=0.000031, flip=False, attack_success=False, error=none
  winner_xfg_edge_attack b=5 s=29: applied=5, nested=True, p=0.000030, flip=False, attack_success=False, error=none
  winner_xfg_edge_attack b=1 s=42: applied=1, nested=True, p=0.000032, flip=False, attack_success=False, error=none
  winner_xfg_edge_attack b=3 s=42: applied=3, nested=True, p=0.000031, flip=False, attack_success=False, error=none
  winner_xfg_edge_attack b=5 s=42: applied=5, nested=True, p=0.000030, flip=False, attack_success=False, error=none
  winner_xfg_edge_attack b=1 s=61: applied=1, nested=True, p=0.000032, flip=False, attack_success=False, error=none
  winner_xfg_edge_attack b=3 s=61: applied=3, nested=True, p=0.000031, flip=False, attack_success=False, error=none
  winner_xfg_edge_attack b=5 s=61: applied=5, nested=True, p=0.000030, flip=False, attack_success=False, error=none
  winner_xfg_edge_attack b=1 s=73: applied=1, nested=True, p=0.000032, flip=False, attack_success=False, error=none
  winner_xfg_edge_attack b=3 s=73: applied=3, nested=True, p=0.000031, flip=False, attack_success=False, error=none
  winner_xfg_edge_attack b=5 s=73: applied=5, nested=True, p=0.000030, flip=False, attack_success=False, error=none
  winner_xfg_edge_attack b=1 s=89: applied=1, nested=True, p=0.000032, flip=False, attack_success=False, error=none
  winner_xfg_edge_attack b=3 s=89: applied=3, nested=True, p=0.000031, flip=False, attack_success=False, error=none
  winner_xfg_edge_attack b=5 s=89: applied=5, nested=True, p=0.000030, flip=False, attack_success=False, error=none
  winner_xfg_edge_attack b=1 s=101: applied=1, nested=True, p=0.000032, flip=False, attack_success=False, error=none
  winner_xfg_edge_attack b=3 s=101: applied=3, nested=True, p=0.000031, flip=False, attack_success=False, error=none
  winner_xfg_edge_attack b=5 s=101: applied=5, nested=True, p=0.000030, flip=False, attack_success=False, error=none
  winner_xfg_edge_attack b=1 s=137: applied=1, nested=True, p=0.000032, flip=False, attack_success=False, error=none
  winner_xfg_edge_attack b=3 s=137: applied=3, nested=True, p=0.000031, flip=False, attack_success=False, error=none
  winner_xfg_edge_attack b=5 s=137: applied=5, nested=True, p=0.000030, flip=False, attack_success=False, error=none
  winner_xfg_edge_attack b=1 s=2026: applied=1, nested=True, p=0.000032, flip=False, attack_success=False, error=none
  winner_xfg_edge_attack b=3 s=2026: applied=3, nested=True, p=0.000031, flip=False, attack_success=False, error=none
  winner_xfg_edge_attack b=5 s=2026: applied=5, nested=True, p=0.000030, flip=False, attack_success=False, error=none
  winner_xfg_feature_mask b=1 s=7: applied=1, nested=True, p=0.000005, flip=False, attack_success=False, error=none
  winner_xfg_feature_mask b=3 s=7: applied=3, nested=True, p=0.000001, flip=False, attack_success=False, error=none
  winner_xfg_feature_mask b=5 s=7: applied=5, nested=True, p=0.000000, flip=False, attack_success=False, error=none
  winner_xfg_feature_mask b=1 s=17: applied=1, nested=True, p=0.000005, flip=False, attack_success=False, error=none
  winner_xfg_feature_mask b=3 s=17: applied=3, nested=True, p=0.000001, flip=False, attack_success=False, error=none
  winner_xfg_feature_mask b=5 s=17: applied=5, nested=True, p=0.000000, flip=False, attack_success=False, error=none
  winner_xfg_feature_mask b=1 s=29: applied=1, nested=True, p=0.000005, flip=False, attack_success=False, error=none
  winner_xfg_feature_mask b=3 s=29: applied=3, nested=True, p=0.000001, flip=False, attack_success=False, error=none
  winner_xfg_feature_mask b=5 s=29: applied=5, nested=True, p=0.000000, flip=False, attack_success=False, error=none
  winner_xfg_feature_mask b=1 s=42: applied=1, nested=True, p=0.000005, flip=False, attack_success=False, error=none
  winner_xfg_feature_mask b=3 s=42: applied=3, nested=True, p=0.000001, flip=False, attack_success=False, error=none
  winner_xfg_feature_mask b=5 s=42: applied=5, nested=True, p=0.000000, flip=False, attack_success=False, error=none
  winner_xfg_feature_mask b=1 s=61: applied=1, nested=True, p=0.000005, flip=False, attack_success=False, error=none
  winner_xfg_feature_mask b=3 s=61: applied=3, nested=True, p=0.000001, flip=False, attack_success=False, error=none
  winner_xfg_feature_mask b=5 s=61: applied=5, nested=True, p=0.000000, flip=False, attack_success=False, error=none
  winner_xfg_feature_mask b=1 s=73: applied=1, nested=True, p=0.000005, flip=False, attack_success=False, error=none
  winner_xfg_feature_mask b=3 s=73: applied=3, nested=True, p=0.000001, flip=False, attack_success=False, error=none
  winner_xfg_feature_mask b=5 s=73: applied=5, nested=True, p=0.000000, flip=False, attack_success=False, error=none
  winner_xfg_feature_mask b=1 s=89: applied=1, nested=True, p=0.000005, flip=False, attack_success=False, error=none
  winner_xfg_feature_mask b=3 s=89: applied=3, nested=True, p=0.000001, flip=False, attack_success=False, error=none
  winner_xfg_feature_mask b=5 s=89: applied=5, nested=True, p=0.000000, flip=False, attack_success=False, error=none
  winner_xfg_feature_mask b=1 s=101: applied=1, nested=True, p=0.000005, flip=False, attack_success=False, error=none
  winner_xfg_feature_mask b=3 s=101: applied=3, nested=True, p=0.000001, flip=False, attack_success=False, error=none
  winner_xfg_feature_mask b=5 s=101: applied=5, nested=True, p=0.000000, flip=False, attack_success=False, error=none
  winner_xfg_feature_mask b=1 s=137: applied=1, nested=True, p=0.000005, flip=False, attack_success=False, error=none
  winner_xfg_feature_mask b=3 s=137: applied=3, nested=True, p=0.000001, flip=False, attack_success=False, error=none
  winner_xfg_feature_mask b=5 s=137: applied=5, nested=True, p=0.000000, flip=False, attack_success=False, error=none
  winner_xfg_feature_mask b=1 s=2026: applied=1, nested=True, p=0.000005, flip=False, attack_success=False, error=none
  winner_xfg_feature_mask b=3 s=2026: applied=3, nested=True, p=0.000001, flip=False, attack_success=False, error=none
  winner_xfg_feature_mask b=5 s=2026: applied=5, nested=True, p=0.000000, flip=False, attack_success=False, error=none
  targeted_subgraph_injection b=1 s=7: applied=1, nested=True, p=0.000039, flip=False, attack_success=False, error=none
  targeted_subgraph_injection b=3 s=7: applied=3, nested=True, p=0.000036, flip=False, attack_success=False, error=none
  targeted_subgraph_injection b=5 s=7: applied=5, nested=True, p=0.000036, flip=False, attack_success=False, error=none
  targeted_subgraph_injection b=1 s=17: applied=1, nested=True, p=0.000039, flip=False, attack_success=False, error=none
  targeted_subgraph_injection b=3 s=17: applied=3, nested=True, p=0.000036, flip=False, attack_success=False, error=none
  targeted_subgraph_injection b=5 s=17: applied=5, nested=True, p=0.000036, flip=False, attack_success=False, error=none
  targeted_subgraph_injection b=1 s=29: applied=1, nested=True, p=0.000039, flip=False, attack_success=False, error=none
  targeted_subgraph_injection b=3 s=29: applied=3, nested=True, p=0.000036, flip=False, attack_success=False, error=none
  targeted_subgraph_injection b=5 s=29: applied=5, nested=True, p=0.000036, flip=False, attack_success=False, error=none
  targeted_subgraph_injection b=1 s=42: applied=1, nested=True, p=0.000039, flip=False, attack_success=False, error=none
  targeted_subgraph_injection b=3 s=42: applied=3, nested=True, p=0.000036, flip=False, attack_success=False, error=none
  targeted_subgraph_injection b=5 s=42: applied=5, nested=True, p=0.000036, flip=False, attack_success=False, error=none
  targeted_subgraph_injection b=1 s=61: applied=1, nested=True, p=0.000039, flip=False, attack_success=False, error=none
  targeted_subgraph_injection b=3 s=61: applied=3, nested=True, p=0.000036, flip=False, attack_success=False, error=none
  targeted_subgraph_injection b=5 s=61: applied=5, nested=True, p=0.000036, flip=False, attack_success=False, error=none
  targeted_subgraph_injection b=1 s=73: applied=1, nested=True, p=0.000039, flip=False, attack_success=False, error=none
  targeted_subgraph_injection b=3 s=73: applied=3, nested=True, p=0.000036, flip=False, attack_success=False, error=none
  targeted_subgraph_injection b=5 s=73: applied=5, nested=True, p=0.000036, flip=False, attack_success=False, error=none
  targeted_subgraph_injection b=1 s=89: applied=1, nested=True, p=0.000039, flip=False, attack_success=False, error=none
  targeted_subgraph_injection b=3 s=89: applied=3, nested=True, p=0.000036, flip=False, attack_success=False, error=none
  targeted_subgraph_injection b=5 s=89: applied=5, nested=True, p=0.000036, flip=False, attack_success=False, error=none
  targeted_subgraph_injection b=1 s=101: applied=1, nested=True, p=0.000039, flip=False, attack_success=False, error=none
  targeted_subgraph_injection b=3 s=101: applied=3, nested=True, p=0.000036, flip=False, attack_success=False, error=none
  targeted_subgraph_injection b=5 s=101: applied=5, nested=True, p=0.000036, flip=False, attack_success=False, error=none
  targeted_subgraph_injection b=1 s=137: applied=1, nested=True, p=0.000039, flip=False, attack_success=False, error=none
  targeted_subgraph_injection b=3 s=137: applied=3, nested=True, p=0.000036, flip=False, attack_success=False, error=none
  targeted_subgraph_injection b=5 s=137: applied=5, nested=True, p=0.000036, flip=False, attack_success=False, error=none
  targeted_subgraph_injection b=1 s=2026: applied=1, nested=True, p=0.000039, flip=False, attack_success=False, error=none
  targeted_subgraph_injection b=3 s=2026: applied=3, nested=True, p=0.000036, flip=False, attack_success=False, error=none
  targeted_subgraph_injection b=5 s=2026: applied=5, nested=True, p=0.000036, flip=False, attack_success=False, error=none
[16/60] cvefixes__16_vulnerable_decode_entities: true=1, baseline=0 p=0.000046, correct=False, winner=187
[17/60] cvefixes__17_vulnerable_eval_js: true=1, baseline=0 p=0.000000, correct=False, winner=none
[18/60] cvefixes__18_vulnerable_try_read_command: true=1, baseline=0 p=0.002441, correct=False, winner=65
[19/60] cvefixes__19_fixed_try_read_network: true=0, baseline=0 p=0.000000, correct=True, winner=36
  winner_xfg_edge_attack b=1 s=7: applied=1, nested=True, p=0.000000, flip=False, attack_success=False, error=none
  winner_xfg_edge_attack b=3 s=7: applied=3, nested=True, p=0.000000, flip=False, attack_success=False, error=none
  winner_xfg_edge_attack b=5 s=7: applied=5, nested=True, p=0.000000, flip=False, attack_success=False, error=none
  winner_xfg_edge_attack b=1 s=17: applied=1, nested=True, p=0.000000, flip=False, attack_success=False, error=none
  winner_xfg_edge_attack b=3 s=17: applied=3, nested=True, p=0.000000, flip=False, attack_success=False, error=none
  winner_xfg_edge_attack b=5 s=17: applied=5, nested=True, p=0.000000, flip=False, attack_success=False, error=none
  winner_xfg_edge_attack b=1 s=29: applied=1, nested=True, p=0.000000, flip=False, attack_success=False, error=none
  winner_xfg_edge_attack b=3 s=29: applied=3, nested=True, p=0.000000, flip=False, attack_success=False, error=none
  winner_xfg_edge_attack b=5 s=29: applied=5, nested=True, p=0.000000, flip=False, attack_success=False, error=none
  winner_xfg_edge_attack b=1 s=42: applied=1, nested=True, p=0.000000, flip=False, attack_success=False, error=none
  winner_xfg_edge_attack b=3 s=42: applied=3, nested=True, p=0.000000, flip=False, attack_success=False, error=none
  winner_xfg_edge_attack b=5 s=42: applied=5, nested=True, p=0.000000, flip=False, attack_success=False, error=none
  winner_xfg_edge_attack b=1 s=61: applied=1, nested=True, p=0.000000, flip=False, attack_success=False, error=none
  winner_xfg_edge_attack b=3 s=61: applied=3, nested=True, p=0.000000, flip=False, attack_success=False, error=none
  winner_xfg_edge_attack b=5 s=61: applied=5, nested=True, p=0.000000, flip=False, attack_success=False, error=none
  winner_xfg_edge_attack b=1 s=73: applied=1, nested=True, p=0.000000, flip=False, attack_success=False, error=none
  winner_xfg_edge_attack b=3 s=73: applied=3, nested=True, p=0.000000, flip=False, attack_success=False, error=none
  winner_xfg_edge_attack b=5 s=73: applied=5, nested=True, p=0.000000, flip=False, attack_success=False, error=none
  winner_xfg_edge_attack b=1 s=89: applied=1, nested=True, p=0.000000, flip=False, attack_success=False, error=none
  winner_xfg_edge_attack b=3 s=89: applied=3, nested=True, p=0.000000, flip=False, attack_success=False, error=none
  winner_xfg_edge_attack b=5 s=89: applied=5, nested=True, p=0.000000, flip=False, attack_success=False, error=none
  winner_xfg_edge_attack b=1 s=101: applied=1, nested=True, p=0.000000, flip=False, attack_success=False, error=none
  winner_xfg_edge_attack b=3 s=101: applied=3, nested=True, p=0.000000, flip=False, attack_success=False, error=none
  winner_xfg_edge_attack b=5 s=101: applied=5, nested=True, p=0.000000, flip=False, attack_success=False, error=none
  winner_xfg_edge_attack b=1 s=137: applied=1, nested=True, p=0.000000, flip=False, attack_success=False, error=none
  winner_xfg_edge_attack b=3 s=137: applied=3, nested=True, p=0.000000, flip=False, attack_success=False, error=none
  winner_xfg_edge_attack b=5 s=137: applied=5, nested=True, p=0.000000, flip=False, attack_success=False, error=none
  winner_xfg_edge_attack b=1 s=2026: applied=1, nested=True, p=0.000000, flip=False, attack_success=False, error=none
  winner_xfg_edge_attack b=3 s=2026: applied=3, nested=True, p=0.000000, flip=False, attack_success=False, error=none
  winner_xfg_edge_attack b=5 s=2026: applied=5, nested=True, p=0.000000, flip=False, attack_success=False, error=none
  winner_xfg_feature_mask b=1 s=7: applied=1, nested=True, p=0.000000, flip=False, attack_success=False, error=none
  winner_xfg_feature_mask b=3 s=7: applied=3, nested=True, p=0.000000, flip=False, attack_success=False, error=none
  winner_xfg_feature_mask b=5 s=7: applied=5, nested=True, p=0.000000, flip=False, attack_success=False, error=none
  winner_xfg_feature_mask b=1 s=17: applied=1, nested=True, p=0.000000, flip=False, attack_success=False, error=none
  winner_xfg_feature_mask b=3 s=17: applied=3, nested=True, p=0.000000, flip=False, attack_success=False, error=none
  winner_xfg_feature_mask b=5 s=17: applied=5, nested=True, p=0.000000, flip=False, attack_success=False, error=none
  winner_xfg_feature_mask b=1 s=29: applied=1, nested=True, p=0.000000, flip=False, attack_success=False, error=none
  winner_xfg_feature_mask b=3 s=29: applied=3, nested=True, p=0.000000, flip=False, attack_success=False, error=none
  winner_xfg_feature_mask b=5 s=29: applied=5, nested=True, p=0.000000, flip=False, attack_success=False, error=none
  winner_xfg_feature_mask b=1 s=42: applied=1, nested=True, p=0.000000, flip=False, attack_success=False, error=none
  winner_xfg_feature_mask b=3 s=42: applied=3, nested=True, p=0.000000, flip=False, attack_success=False, error=none
  winner_xfg_feature_mask b=5 s=42: applied=5, nested=True, p=0.000000, flip=False, attack_success=False, error=none
  winner_xfg_feature_mask b=1 s=61: applied=1, nested=True, p=0.000000, flip=False, attack_success=False, error=none
  winner_xfg_feature_mask b=3 s=61: applied=3, nested=True, p=0.000000, flip=False, attack_success=False, error=none
  winner_xfg_feature_mask b=5 s=61: applied=5, nested=True, p=0.000000, flip=False, attack_success=False, error=none
  winner_xfg_feature_mask b=1 s=73: applied=1, nested=True, p=0.000000, flip=False, attack_success=False, error=none
  winner_xfg_feature_mask b=3 s=73: applied=3, nested=True, p=0.000000, flip=False, attack_success=False, error=none
  winner_xfg_feature_mask b=5 s=73: applied=5, nested=True, p=0.000000, flip=False, attack_success=False, error=none
  winner_xfg_feature_mask b=1 s=89: applied=1, nested=True, p=0.000000, flip=False, attack_success=False, error=none
  winner_xfg_feature_mask b=3 s=89: applied=3, nested=True, p=0.000000, flip=False, attack_success=False, error=none
  winner_xfg_feature_mask b=5 s=89: applied=5, nested=True, p=0.000000, flip=False, attack_success=False, error=none
  winner_xfg_feature_mask b=1 s=101: applied=1, nested=True, p=0.000000, flip=False, attack_success=False, error=none
  winner_xfg_feature_mask b=3 s=101: applied=3, nested=True, p=0.000000, flip=False, attack_success=False, error=none
  winner_xfg_feature_mask b=5 s=101: applied=5, nested=True, p=0.000000, flip=False, attack_success=False, error=none
  winner_xfg_feature_mask b=1 s=137: applied=1, nested=True, p=0.000000, flip=False, attack_success=False, error=none
  winner_xfg_feature_mask b=3 s=137: applied=3, nested=True, p=0.000000, flip=False, attack_success=False, error=none
  winner_xfg_feature_mask b=5 s=137: applied=5, nested=True, p=0.000000, flip=False, attack_success=False, error=none
  winner_xfg_feature_mask b=1 s=2026: applied=1, nested=True, p=0.000000, flip=False, attack_success=False, error=none
  winner_xfg_feature_mask b=3 s=2026: applied=3, nested=True, p=0.000000, flip=False, attack_success=False, error=none
  winner_xfg_feature_mask b=5 s=2026: applied=5, nested=True, p=0.000000, flip=False, attack_success=False, error=none
  targeted_subgraph_injection b=1 s=7: applied=1, nested=True, p=0.000000, flip=False, attack_success=False, error=none
  targeted_subgraph_injection b=3 s=7: applied=3, nested=True, p=0.000000, flip=False, attack_success=False, error=none
  targeted_subgraph_injection b=5 s=7: applied=5, nested=True, p=0.000000, flip=False, attack_success=False, error=none
  targeted_subgraph_injection b=1 s=17: applied=1, nested=True, p=0.000000, flip=False, attack_success=False, error=none
  targeted_subgraph_injection b=3 s=17: applied=3, nested=True, p=0.000000, flip=False, attack_success=False, error=none
  targeted_subgraph_injection b=5 s=17: applied=5, nested=True, p=0.000000, flip=False, attack_success=False, error=none
  targeted_subgraph_injection b=1 s=29: applied=1, nested=True, p=0.000000, flip=False, attack_success=False, error=none
  targeted_subgraph_injection b=3 s=29: applied=3, nested=True, p=0.000000, flip=False, attack_success=False, error=none
  targeted_subgraph_injection b=5 s=29: applied=5, nested=True, p=0.000000, flip=False, attack_success=False, error=none
  targeted_subgraph_injection b=1 s=42: applied=1, nested=True, p=0.000000, flip=False, attack_success=False, error=none
  targeted_subgraph_injection b=3 s=42: applied=3, nested=True, p=0.000000, flip=False, attack_success=False, error=none
  targeted_subgraph_injection b=5 s=42: applied=5, nested=True, p=0.000000, flip=False, attack_success=False, error=none
  targeted_subgraph_injection b=1 s=61: applied=1, nested=True, p=0.000000, flip=False, attack_success=False, error=none
  targeted_subgraph_injection b=3 s=61: applied=3, nested=True, p=0.000000, flip=False, attack_success=False, error=none
  targeted_subgraph_injection b=5 s=61: applied=5, nested=True, p=0.000000, flip=False, attack_success=False, error=none
  targeted_subgraph_injection b=1 s=73: applied=1, nested=True, p=0.000000, flip=False, attack_success=False, error=none
  targeted_subgraph_injection b=3 s=73: applied=3, nested=True, p=0.000000, flip=False, attack_success=False, error=none
  targeted_subgraph_injection b=5 s=73: applied=5, nested=True, p=0.000000, flip=False, attack_success=False, error=none
  targeted_subgraph_injection b=1 s=89: applied=1, nested=True, p=0.000000, flip=False, attack_success=False, error=none
  targeted_subgraph_injection b=3 s=89: applied=3, nested=True, p=0.000000, flip=False, attack_success=False, error=none
  targeted_subgraph_injection b=5 s=89: applied=5, nested=True, p=0.000000, flip=False, attack_success=False, error=none
  targeted_subgraph_injection b=1 s=101: applied=1, nested=True, p=0.000000, flip=False, attack_success=False, error=none
  targeted_subgraph_injection b=3 s=101: applied=3, nested=True, p=0.000000, flip=False, attack_success=False, error=none
  targeted_subgraph_injection b=5 s=101: applied=5, nested=True, p=0.000000, flip=False, attack_success=False, error=none
  targeted_subgraph_injection b=1 s=137: applied=1, nested=True, p=0.000000, flip=False, attack_success=False, error=none
  targeted_subgraph_injection b=3 s=137: applied=3, nested=True, p=0.000000, flip=False, attack_success=False, error=none
  targeted_subgraph_injection b=5 s=137: applied=5, nested=True, p=0.000000, flip=False, attack_success=False, error=none
  targeted_subgraph_injection b=1 s=2026: applied=1, nested=True, p=0.000000, flip=False, attack_success=False, error=none
  targeted_subgraph_injection b=3 s=2026: applied=3, nested=True, p=0.000000, flip=False, attack_success=False, error=none
  targeted_subgraph_injection b=5 s=2026: applied=5, nested=True, p=0.000000, flip=False, attack_success=False, error=none
[20/60] cvefixes__20_vulnerable_irssi_ssl_handshake: true=1, baseline=0 p=0.001399, correct=False, winner=10
[21/60] cwe119__01_vulnerable_03_vulnerable_30: true=1, baseline=1 p=1.000000, correct=True, winner=30
  winner_xfg_edge_attack b=1 s=7: applied=1, nested=True, p=1.000000, flip=False, attack_success=False, error=none
  winner_xfg_edge_attack b=3 s=7: applied=3, nested=True, p=1.000000, flip=False, attack_success=False, error=none
  winner_xfg_edge_attack b=5 s=7: applied=5, nested=True, p=1.000000, flip=False, attack_success=False, error=none
  winner_xfg_edge_attack b=1 s=17: applied=1, nested=True, p=1.000000, flip=False, attack_success=False, error=none
  winner_xfg_edge_attack b=3 s=17: applied=3, nested=True, p=1.000000, flip=False, attack_success=False, error=none
  winner_xfg_edge_attack b=5 s=17: applied=5, nested=True, p=1.000000, flip=False, attack_success=False, error=none
  winner_xfg_edge_attack b=1 s=29: applied=1, nested=True, p=1.000000, flip=False, attack_success=False, error=none
  winner_xfg_edge_attack b=3 s=29: applied=3, nested=True, p=1.000000, flip=False, attack_success=False, error=none
  winner_xfg_edge_attack b=5 s=29: applied=5, nested=True, p=1.000000, flip=False, attack_success=False, error=none
  winner_xfg_edge_attack b=1 s=42: applied=1, nested=True, p=1.000000, flip=False, attack_success=False, error=none
  winner_xfg_edge_attack b=3 s=42: applied=3, nested=True, p=1.000000, flip=False, attack_success=False, error=none
  winner_xfg_edge_attack b=5 s=42: applied=5, nested=True, p=1.000000, flip=False, attack_success=False, error=none
  winner_xfg_edge_attack b=1 s=61: applied=1, nested=True, p=1.000000, flip=False, attack_success=False, error=none
  winner_xfg_edge_attack b=3 s=61: applied=3, nested=True, p=1.000000, flip=False, attack_success=False, error=none
  winner_xfg_edge_attack b=5 s=61: applied=5, nested=True, p=1.000000, flip=False, attack_success=False, error=none
  winner_xfg_edge_attack b=1 s=73: applied=1, nested=True, p=1.000000, flip=False, attack_success=False, error=none
  winner_xfg_edge_attack b=3 s=73: applied=3, nested=True, p=1.000000, flip=False, attack_success=False, error=none
  winner_xfg_edge_attack b=5 s=73: applied=5, nested=True, p=1.000000, flip=False, attack_success=False, error=none
  winner_xfg_edge_attack b=1 s=89: applied=1, nested=True, p=1.000000, flip=False, attack_success=False, error=none
  winner_xfg_edge_attack b=3 s=89: applied=3, nested=True, p=1.000000, flip=False, attack_success=False, error=none
  winner_xfg_edge_attack b=5 s=89: applied=5, nested=True, p=1.000000, flip=False, attack_success=False, error=none
  winner_xfg_edge_attack b=1 s=101: applied=1, nested=True, p=1.000000, flip=False, attack_success=False, error=none
  winner_xfg_edge_attack b=3 s=101: applied=3, nested=True, p=1.000000, flip=False, attack_success=False, error=none
  winner_xfg_edge_attack b=5 s=101: applied=5, nested=True, p=1.000000, flip=False, attack_success=False, error=none
  winner_xfg_edge_attack b=1 s=137: applied=1, nested=True, p=1.000000, flip=False, attack_success=False, error=none
  winner_xfg_edge_attack b=3 s=137: applied=3, nested=True, p=1.000000, flip=False, attack_success=False, error=none
  winner_xfg_edge_attack b=5 s=137: applied=5, nested=True, p=1.000000, flip=False, attack_success=False, error=none
  winner_xfg_edge_attack b=1 s=2026: applied=1, nested=True, p=1.000000, flip=False, attack_success=False, error=none
  winner_xfg_edge_attack b=3 s=2026: applied=3, nested=True, p=1.000000, flip=False, attack_success=False, error=none
  winner_xfg_edge_attack b=5 s=2026: applied=5, nested=True, p=1.000000, flip=False, attack_success=False, error=none
  winner_xfg_feature_mask b=1 s=7: applied=1, nested=True, p=0.999999, flip=False, attack_success=False, error=none
  winner_xfg_feature_mask b=3 s=7: applied=3, nested=True, p=0.999999, flip=False, attack_success=False, error=none
  winner_xfg_feature_mask b=5 s=7: applied=5, nested=True, p=0.957194, flip=False, attack_success=False, error=none
  winner_xfg_feature_mask b=1 s=17: applied=1, nested=True, p=0.999999, flip=False, attack_success=False, error=none
  winner_xfg_feature_mask b=3 s=17: applied=3, nested=True, p=0.999999, flip=False, attack_success=False, error=none
  winner_xfg_feature_mask b=5 s=17: applied=5, nested=True, p=0.957194, flip=False, attack_success=False, error=none
  winner_xfg_feature_mask b=1 s=29: applied=1, nested=True, p=0.999999, flip=False, attack_success=False, error=none
  winner_xfg_feature_mask b=3 s=29: applied=3, nested=True, p=0.999999, flip=False, attack_success=False, error=none
  winner_xfg_feature_mask b=5 s=29: applied=5, nested=True, p=0.957194, flip=False, attack_success=False, error=none
  winner_xfg_feature_mask b=1 s=42: applied=1, nested=True, p=0.999999, flip=False, attack_success=False, error=none
  winner_xfg_feature_mask b=3 s=42: applied=3, nested=True, p=0.999999, flip=False, attack_success=False, error=none
  winner_xfg_feature_mask b=5 s=42: applied=5, nested=True, p=0.957194, flip=False, attack_success=False, error=none
  winner_xfg_feature_mask b=1 s=61: applied=1, nested=True, p=0.999999, flip=False, attack_success=False, error=none
  winner_xfg_feature_mask b=3 s=61: applied=3, nested=True, p=0.999999, flip=False, attack_success=False, error=none
  winner_xfg_feature_mask b=5 s=61: applied=5, nested=True, p=0.957194, flip=False, attack_success=False, error=none
  winner_xfg_feature_mask b=1 s=73: applied=1, nested=True, p=0.999999, flip=False, attack_success=False, error=none
  winner_xfg_feature_mask b=3 s=73: applied=3, nested=True, p=0.999999, flip=False, attack_success=False, error=none
  winner_xfg_feature_mask b=5 s=73: applied=5, nested=True, p=0.957194, flip=False, attack_success=False, error=none
  winner_xfg_feature_mask b=1 s=89: applied=1, nested=True, p=0.999999, flip=False, attack_success=False, error=none
  winner_xfg_feature_mask b=3 s=89: applied=3, nested=True, p=0.999999, flip=False, attack_success=False, error=none
  winner_xfg_feature_mask b=5 s=89: applied=5, nested=True, p=0.957194, flip=False, attack_success=False, error=none
  winner_xfg_feature_mask b=1 s=101: applied=1, nested=True, p=0.999999, flip=False, attack_success=False, error=none
  winner_xfg_feature_mask b=3 s=101: applied=3, nested=True, p=0.999999, flip=False, attack_success=False, error=none
  winner_xfg_feature_mask b=5 s=101: applied=5, nested=True, p=0.957194, flip=False, attack_success=False, error=none
  winner_xfg_feature_mask b=1 s=137: applied=1, nested=True, p=0.999999, flip=False, attack_success=False, error=none
  winner_xfg_feature_mask b=3 s=137: applied=3, nested=True, p=0.999999, flip=False, attack_success=False, error=none
  winner_xfg_feature_mask b=5 s=137: applied=5, nested=True, p=0.957194, flip=False, attack_success=False, error=none
  winner_xfg_feature_mask b=1 s=2026: applied=1, nested=True, p=0.999999, flip=False, attack_success=False, error=none
  winner_xfg_feature_mask b=3 s=2026: applied=3, nested=True, p=0.999999, flip=False, attack_success=False, error=none
  winner_xfg_feature_mask b=5 s=2026: applied=5, nested=True, p=0.957194, flip=False, attack_success=False, error=none
  targeted_subgraph_injection b=1 s=7: applied=1, nested=True, p=1.000000, flip=False, attack_success=False, error=none
  targeted_subgraph_injection b=3 s=7: applied=3, nested=True, p=0.999998, flip=False, attack_success=False, error=none
  targeted_subgraph_injection b=5 s=7: applied=5, nested=True, p=0.997235, flip=False, attack_success=False, error=none
  targeted_subgraph_injection b=1 s=17: applied=1, nested=True, p=1.000000, flip=False, attack_success=False, error=none
  targeted_subgraph_injection b=3 s=17: applied=3, nested=True, p=0.999998, flip=False, attack_success=False, error=none
  targeted_subgraph_injection b=5 s=17: applied=5, nested=True, p=0.997235, flip=False, attack_success=False, error=none
  targeted_subgraph_injection b=1 s=29: applied=1, nested=True, p=1.000000, flip=False, attack_success=False, error=none
  targeted_subgraph_injection b=3 s=29: applied=3, nested=True, p=0.999998, flip=False, attack_success=False, error=none
  targeted_subgraph_injection b=5 s=29: applied=5, nested=True, p=0.997235, flip=False, attack_success=False, error=none
  targeted_subgraph_injection b=1 s=42: applied=1, nested=True, p=1.000000, flip=False, attack_success=False, error=none
  targeted_subgraph_injection b=3 s=42: applied=3, nested=True, p=0.999998, flip=False, attack_success=False, error=none
  targeted_subgraph_injection b=5 s=42: applied=5, nested=True, p=0.997235, flip=False, attack_success=False, error=none
  targeted_subgraph_injection b=1 s=61: applied=1, nested=True, p=1.000000, flip=False, attack_success=False, error=none
  targeted_subgraph_injection b=3 s=61: applied=3, nested=True, p=0.999998, flip=False, attack_success=False, error=none
  targeted_subgraph_injection b=5 s=61: applied=5, nested=True, p=0.997235, flip=False, attack_success=False, error=none
  targeted_subgraph_injection b=1 s=73: applied=1, nested=True, p=1.000000, flip=False, attack_success=False, error=none
  targeted_subgraph_injection b=3 s=73: applied=3, nested=True, p=0.999998, flip=False, attack_success=False, error=none
  targeted_subgraph_injection b=5 s=73: applied=5, nested=True, p=0.997235, flip=False, attack_success=False, error=none
  targeted_subgraph_injection b=1 s=89: applied=1, nested=True, p=1.000000, flip=False, attack_success=False, error=none
  targeted_subgraph_injection b=3 s=89: applied=3, nested=True, p=0.999998, flip=False, attack_success=False, error=none
  targeted_subgraph_injection b=5 s=89: applied=5, nested=True, p=0.997235, flip=False, attack_success=False, error=none
  targeted_subgraph_injection b=1 s=101: applied=1, nested=True, p=1.000000, flip=False, attack_success=False, error=none
  targeted_subgraph_injection b=3 s=101: applied=3, nested=True, p=0.999998, flip=False, attack_success=False, error=none
  targeted_subgraph_injection b=5 s=101: applied=5, nested=True, p=0.997235, flip=False, attack_success=False, error=none
  targeted_subgraph_injection b=1 s=137: applied=1, nested=True, p=1.000000, flip=False, attack_success=False, error=none
  targeted_subgraph_injection b=3 s=137: applied=3, nested=True, p=0.999998, flip=False, attack_success=False, error=none
  targeted_subgraph_injection b=5 s=137: applied=5, nested=True, p=0.997235, flip=False, attack_success=False, error=none
  targeted_subgraph_injection b=1 s=2026: applied=1, nested=True, p=1.000000, flip=False, attack_success=False, error=none
  targeted_subgraph_injection b=3 s=2026: applied=3, nested=True, p=0.999998, flip=False, attack_success=False, error=none
  targeted_subgraph_injection b=5 s=2026: applied=5, nested=True, p=0.997235, flip=False, attack_success=False, error=none
[22/60] cwe119__02_vulnerable_04_vulnerable_55: true=1, baseline=1 p=0.997989, correct=True, winner=61
  winner_xfg_edge_attack b=1 s=7: applied=1, nested=True, p=0.998854, flip=False, attack_success=False, error=none
  winner_xfg_edge_attack b=3 s=7: applied=3, nested=True, p=0.066748, flip=True, attack_success=True, error=none
  winner_xfg_edge_attack b=5 s=7: applied=5, nested=True, p=0.554909, flip=False, attack_success=False, error=none
  winner_xfg_edge_attack b=1 s=17: applied=1, nested=True, p=0.998854, flip=False, attack_success=False, error=none
  winner_xfg_edge_attack b=3 s=17: applied=3, nested=True, p=0.066748, flip=True, attack_success=True, error=none
  winner_xfg_edge_attack b=5 s=17: applied=5, nested=True, p=0.554909, flip=False, attack_success=False, error=none
  winner_xfg_edge_attack b=1 s=29: applied=1, nested=True, p=0.998854, flip=False, attack_success=False, error=none
  winner_xfg_edge_attack b=3 s=29: applied=3, nested=True, p=0.066748, flip=True, attack_success=True, error=none
  winner_xfg_edge_attack b=5 s=29: applied=5, nested=True, p=0.554909, flip=False, attack_success=False, error=none
  winner_xfg_edge_attack b=1 s=42: applied=1, nested=True, p=0.998854, flip=False, attack_success=False, error=none
  winner_xfg_edge_attack b=3 s=42: applied=3, nested=True, p=0.066748, flip=True, attack_success=True, error=none
  winner_xfg_edge_attack b=5 s=42: applied=5, nested=True, p=0.554909, flip=False, attack_success=False, error=none
  winner_xfg_edge_attack b=1 s=61: applied=1, nested=True, p=0.998854, flip=False, attack_success=False, error=none
  winner_xfg_edge_attack b=3 s=61: applied=3, nested=True, p=0.066748, flip=True, attack_success=True, error=none
  winner_xfg_edge_attack b=5 s=61: applied=5, nested=True, p=0.554909, flip=False, attack_success=False, error=none
  winner_xfg_edge_attack b=1 s=73: applied=1, nested=True, p=0.998854, flip=False, attack_success=False, error=none
  winner_xfg_edge_attack b=3 s=73: applied=3, nested=True, p=0.066748, flip=True, attack_success=True, error=none
  winner_xfg_edge_attack b=5 s=73: applied=5, nested=True, p=0.554909, flip=False, attack_success=False, error=none
  winner_xfg_edge_attack b=1 s=89: applied=1, nested=True, p=0.998854, flip=False, attack_success=False, error=none
  winner_xfg_edge_attack b=3 s=89: applied=3, nested=True, p=0.066748, flip=True, attack_success=True, error=none
  winner_xfg_edge_attack b=5 s=89: applied=5, nested=True, p=0.554909, flip=False, attack_success=False, error=none
  winner_xfg_edge_attack b=1 s=101: applied=1, nested=True, p=0.998854, flip=False, attack_success=False, error=none
  winner_xfg_edge_attack b=3 s=101: applied=3, nested=True, p=0.066748, flip=True, attack_success=True, error=none
  winner_xfg_edge_attack b=5 s=101: applied=5, nested=True, p=0.554909, flip=False, attack_success=False, error=none
  winner_xfg_edge_attack b=1 s=137: applied=1, nested=True, p=0.998854, flip=False, attack_success=False, error=none
  winner_xfg_edge_attack b=3 s=137: applied=3, nested=True, p=0.066748, flip=True, attack_success=True, error=none
  winner_xfg_edge_attack b=5 s=137: applied=5, nested=True, p=0.554909, flip=False, attack_success=False, error=none
  winner_xfg_edge_attack b=1 s=2026: applied=1, nested=True, p=0.998854, flip=False, attack_success=False, error=none
  winner_xfg_edge_attack b=3 s=2026: applied=3, nested=True, p=0.066748, flip=True, attack_success=True, error=none
  winner_xfg_edge_attack b=5 s=2026: applied=5, nested=True, p=0.554909, flip=False, attack_success=False, error=none
  winner_xfg_feature_mask b=1 s=7: applied=1, nested=True, p=0.995005, flip=False, attack_success=False, error=none
  winner_xfg_feature_mask b=3 s=7: applied=3, nested=True, p=0.942102, flip=False, attack_success=False, error=none
  winner_xfg_feature_mask b=5 s=7: applied=3, nested=True, p=0.942102, flip=False, attack_success=False, error=none
  winner_xfg_feature_mask b=1 s=17: applied=1, nested=True, p=0.995005, flip=False, attack_success=False, error=none
  winner_xfg_feature_mask b=3 s=17: applied=3, nested=True, p=0.942102, flip=False, attack_success=False, error=none
  winner_xfg_feature_mask b=5 s=17: applied=3, nested=True, p=0.942102, flip=False, attack_success=False, error=none
  winner_xfg_feature_mask b=1 s=29: applied=1, nested=True, p=0.995005, flip=False, attack_success=False, error=none
  winner_xfg_feature_mask b=3 s=29: applied=3, nested=True, p=0.942102, flip=False, attack_success=False, error=none
  winner_xfg_feature_mask b=5 s=29: applied=3, nested=True, p=0.942102, flip=False, attack_success=False, error=none
  winner_xfg_feature_mask b=1 s=42: applied=1, nested=True, p=0.995005, flip=False, attack_success=False, error=none
  winner_xfg_feature_mask b=3 s=42: applied=3, nested=True, p=0.942102, flip=False, attack_success=False, error=none
  winner_xfg_feature_mask b=5 s=42: applied=3, nested=True, p=0.942102, flip=False, attack_success=False, error=none
  winner_xfg_feature_mask b=1 s=61: applied=1, nested=True, p=0.995005, flip=False, attack_success=False, error=none
  winner_xfg_feature_mask b=3 s=61: applied=3, nested=True, p=0.942102, flip=False, attack_success=False, error=none
  winner_xfg_feature_mask b=5 s=61: applied=3, nested=True, p=0.942102, flip=False, attack_success=False, error=none
  winner_xfg_feature_mask b=1 s=73: applied=1, nested=True, p=0.995005, flip=False, attack_success=False, error=none
  winner_xfg_feature_mask b=3 s=73: applied=3, nested=True, p=0.942102, flip=False, attack_success=False, error=none
  winner_xfg_feature_mask b=5 s=73: applied=3, nested=True, p=0.942102, flip=False, attack_success=False, error=none
  winner_xfg_feature_mask b=1 s=89: applied=1, nested=True, p=0.995005, flip=False, attack_success=False, error=none
  winner_xfg_feature_mask b=3 s=89: applied=3, nested=True, p=0.942102, flip=False, attack_success=False, error=none
  winner_xfg_feature_mask b=5 s=89: applied=3, nested=True, p=0.942102, flip=False, attack_success=False, error=none
  winner_xfg_feature_mask b=1 s=101: applied=1, nested=True, p=0.995005, flip=False, attack_success=False, error=none
  winner_xfg_feature_mask b=3 s=101: applied=3, nested=True, p=0.942102, flip=False, attack_success=False, error=none
  winner_xfg_feature_mask b=5 s=101: applied=3, nested=True, p=0.942102, flip=False, attack_success=False, error=none
  winner_xfg_feature_mask b=1 s=137: applied=1, nested=True, p=0.995005, flip=False, attack_success=False, error=none
  winner_xfg_feature_mask b=3 s=137: applied=3, nested=True, p=0.942102, flip=False, attack_success=False, error=none
  winner_xfg_feature_mask b=5 s=137: applied=3, nested=True, p=0.942102, flip=False, attack_success=False, error=none
  winner_xfg_feature_mask b=1 s=2026: applied=1, nested=True, p=0.995005, flip=False, attack_success=False, error=none
  winner_xfg_feature_mask b=3 s=2026: applied=3, nested=True, p=0.942102, flip=False, attack_success=False, error=none
  winner_xfg_feature_mask b=5 s=2026: applied=3, nested=True, p=0.942102, flip=False, attack_success=False, error=none
  targeted_subgraph_injection b=1 s=7: applied=1, nested=True, p=0.987662, flip=False, attack_success=False, error=none
  targeted_subgraph_injection b=3 s=7: applied=3, nested=True, p=0.040614, flip=True, attack_success=True, error=none
  targeted_subgraph_injection b=5 s=7: applied=5, nested=True, p=0.005598, flip=True, attack_success=True, error=none
  targeted_subgraph_injection b=1 s=17: applied=1, nested=True, p=0.987662, flip=False, attack_success=False, error=none
  targeted_subgraph_injection b=3 s=17: applied=3, nested=True, p=0.040614, flip=True, attack_success=True, error=none
  targeted_subgraph_injection b=5 s=17: applied=5, nested=True, p=0.005598, flip=True, attack_success=True, error=none
  targeted_subgraph_injection b=1 s=29: applied=1, nested=True, p=0.987662, flip=False, attack_success=False, error=none
  targeted_subgraph_injection b=3 s=29: applied=3, nested=True, p=0.040614, flip=True, attack_success=True, error=none
  targeted_subgraph_injection b=5 s=29: applied=5, nested=True, p=0.005598, flip=True, attack_success=True, error=none
  targeted_subgraph_injection b=1 s=42: applied=1, nested=True, p=0.987662, flip=False, attack_success=False, error=none
  targeted_subgraph_injection b=3 s=42: applied=3, nested=True, p=0.040614, flip=True, attack_success=True, error=none
  targeted_subgraph_injection b=5 s=42: applied=5, nested=True, p=0.005598, flip=True, attack_success=True, error=none
  targeted_subgraph_injection b=1 s=61: applied=1, nested=True, p=0.987662, flip=False, attack_success=False, error=none
  targeted_subgraph_injection b=3 s=61: applied=3, nested=True, p=0.040614, flip=True, attack_success=True, error=none
  targeted_subgraph_injection b=5 s=61: applied=5, nested=True, p=0.005598, flip=True, attack_success=True, error=none
  targeted_subgraph_injection b=1 s=73: applied=1, nested=True, p=0.987662, flip=False, attack_success=False, error=none
  targeted_subgraph_injection b=3 s=73: applied=3, nested=True, p=0.040614, flip=True, attack_success=True, error=none
  targeted_subgraph_injection b=5 s=73: applied=5, nested=True, p=0.005598, flip=True, attack_success=True, error=none
  targeted_subgraph_injection b=1 s=89: applied=1, nested=True, p=0.987662, flip=False, attack_success=False, error=none
  targeted_subgraph_injection b=3 s=89: applied=3, nested=True, p=0.040614, flip=True, attack_success=True, error=none
  targeted_subgraph_injection b=5 s=89: applied=5, nested=True, p=0.005598, flip=True, attack_success=True, error=none
  targeted_subgraph_injection b=1 s=101: applied=1, nested=True, p=0.987662, flip=False, attack_success=False, error=none
  targeted_subgraph_injection b=3 s=101: applied=3, nested=True, p=0.040614, flip=True, attack_success=True, error=none
  targeted_subgraph_injection b=5 s=101: applied=5, nested=True, p=0.005598, flip=True, attack_success=True, error=none
  targeted_subgraph_injection b=1 s=137: applied=1, nested=True, p=0.987662, flip=False, attack_success=False, error=none
  targeted_subgraph_injection b=3 s=137: applied=3, nested=True, p=0.040614, flip=True, attack_success=True, error=none
  targeted_subgraph_injection b=5 s=137: applied=5, nested=True, p=0.005598, flip=True, attack_success=True, error=none
  targeted_subgraph_injection b=1 s=2026: applied=1, nested=True, p=0.987662, flip=False, attack_success=False, error=none
  targeted_subgraph_injection b=3 s=2026: applied=3, nested=True, p=0.040614, flip=True, attack_success=True, error=none
  targeted_subgraph_injection b=5 s=2026: applied=5, nested=True, p=0.005598, flip=True, attack_success=True, error=none
[23/60] cwe119__03_vulnerable_05_vulnerable_32: true=1, baseline=1 p=0.999967, correct=True, winner=38
  winner_xfg_edge_attack b=1 s=7: applied=1, nested=True, p=0.176504, flip=True, attack_success=True, error=none
  winner_xfg_edge_attack b=3 s=7: applied=3, nested=True, p=0.098349, flip=True, attack_success=True, error=none
  winner_xfg_edge_attack b=5 s=7: applied=5, nested=True, p=0.125382, flip=True, attack_success=True, error=none
  winner_xfg_edge_attack b=1 s=17: applied=1, nested=True, p=0.176504, flip=True, attack_success=True, error=none
  winner_xfg_edge_attack b=3 s=17: applied=3, nested=True, p=0.098349, flip=True, attack_success=True, error=none
  winner_xfg_edge_attack b=5 s=17: applied=5, nested=True, p=0.125382, flip=True, attack_success=True, error=none
  winner_xfg_edge_attack b=1 s=29: applied=1, nested=True, p=0.176504, flip=True, attack_success=True, error=none
  winner_xfg_edge_attack b=3 s=29: applied=3, nested=True, p=0.098349, flip=True, attack_success=True, error=none
  winner_xfg_edge_attack b=5 s=29: applied=5, nested=True, p=0.125382, flip=True, attack_success=True, error=none
  winner_xfg_edge_attack b=1 s=42: applied=1, nested=True, p=0.176504, flip=True, attack_success=True, error=none
  winner_xfg_edge_attack b=3 s=42: applied=3, nested=True, p=0.098349, flip=True, attack_success=True, error=none
  winner_xfg_edge_attack b=5 s=42: applied=5, nested=True, p=0.125382, flip=True, attack_success=True, error=none
  winner_xfg_edge_attack b=1 s=61: applied=1, nested=True, p=0.176504, flip=True, attack_success=True, error=none
  winner_xfg_edge_attack b=3 s=61: applied=3, nested=True, p=0.098349, flip=True, attack_success=True, error=none
  winner_xfg_edge_attack b=5 s=61: applied=5, nested=True, p=0.125382, flip=True, attack_success=True, error=none
  winner_xfg_edge_attack b=1 s=73: applied=1, nested=True, p=0.176504, flip=True, attack_success=True, error=none
  winner_xfg_edge_attack b=3 s=73: applied=3, nested=True, p=0.098349, flip=True, attack_success=True, error=none
  winner_xfg_edge_attack b=5 s=73: applied=5, nested=True, p=0.125382, flip=True, attack_success=True, error=none
  winner_xfg_edge_attack b=1 s=89: applied=1, nested=True, p=0.176504, flip=True, attack_success=True, error=none
  winner_xfg_edge_attack b=3 s=89: applied=3, nested=True, p=0.098349, flip=True, attack_success=True, error=none
  winner_xfg_edge_attack b=5 s=89: applied=5, nested=True, p=0.125382, flip=True, attack_success=True, error=none
  winner_xfg_edge_attack b=1 s=101: applied=1, nested=True, p=0.176504, flip=True, attack_success=True, error=none
  winner_xfg_edge_attack b=3 s=101: applied=3, nested=True, p=0.098349, flip=True, attack_success=True, error=none
  winner_xfg_edge_attack b=5 s=101: applied=5, nested=True, p=0.125382, flip=True, attack_success=True, error=none
  winner_xfg_edge_attack b=1 s=137: applied=1, nested=True, p=0.176504, flip=True, attack_success=True, error=none
  winner_xfg_edge_attack b=3 s=137: applied=3, nested=True, p=0.098349, flip=True, attack_success=True, error=none
  winner_xfg_edge_attack b=5 s=137: applied=5, nested=True, p=0.125382, flip=True, attack_success=True, error=none
  winner_xfg_edge_attack b=1 s=2026: applied=1, nested=True, p=0.176504, flip=True, attack_success=True, error=none
  winner_xfg_edge_attack b=3 s=2026: applied=3, nested=True, p=0.098349, flip=True, attack_success=True, error=none
  winner_xfg_edge_attack b=5 s=2026: applied=5, nested=True, p=0.125382, flip=True, attack_success=True, error=none
  winner_xfg_feature_mask b=1 s=7: applied=1, nested=True, p=0.955005, flip=False, attack_success=False, error=none
  winner_xfg_feature_mask b=3 s=7: applied=3, nested=True, p=0.213774, flip=True, attack_success=True, error=none
  winner_xfg_feature_mask b=5 s=7: applied=5, nested=True, p=0.213774, flip=True, attack_success=True, error=none
  winner_xfg_feature_mask b=1 s=17: applied=1, nested=True, p=0.955005, flip=False, attack_success=False, error=none
  winner_xfg_feature_mask b=3 s=17: applied=3, nested=True, p=0.213774, flip=True, attack_success=True, error=none
  winner_xfg_feature_mask b=5 s=17: applied=5, nested=True, p=0.213774, flip=True, attack_success=True, error=none
  winner_xfg_feature_mask b=1 s=29: applied=1, nested=True, p=0.955005, flip=False, attack_success=False, error=none
  winner_xfg_feature_mask b=3 s=29: applied=3, nested=True, p=0.213774, flip=True, attack_success=True, error=none
  winner_xfg_feature_mask b=5 s=29: applied=5, nested=True, p=0.213774, flip=True, attack_success=True, error=none
  winner_xfg_feature_mask b=1 s=42: applied=1, nested=True, p=0.955005, flip=False, attack_success=False, error=none
  winner_xfg_feature_mask b=3 s=42: applied=3, nested=True, p=0.213774, flip=True, attack_success=True, error=none
  winner_xfg_feature_mask b=5 s=42: applied=5, nested=True, p=0.213774, flip=True, attack_success=True, error=none
  winner_xfg_feature_mask b=1 s=61: applied=1, nested=True, p=0.955005, flip=False, attack_success=False, error=none
  winner_xfg_feature_mask b=3 s=61: applied=3, nested=True, p=0.213774, flip=True, attack_success=True, error=none
  winner_xfg_feature_mask b=5 s=61: applied=5, nested=True, p=0.213774, flip=True, attack_success=True, error=none
  winner_xfg_feature_mask b=1 s=73: applied=1, nested=True, p=0.955005, flip=False, attack_success=False, error=none
  winner_xfg_feature_mask b=3 s=73: applied=3, nested=True, p=0.213774, flip=True, attack_success=True, error=none
  winner_xfg_feature_mask b=5 s=73: applied=5, nested=True, p=0.213774, flip=True, attack_success=True, error=none
  winner_xfg_feature_mask b=1 s=89: applied=1, nested=True, p=0.955005, flip=False, attack_success=False, error=none
  winner_xfg_feature_mask b=3 s=89: applied=3, nested=True, p=0.213774, flip=True, attack_success=True, error=none
  winner_xfg_feature_mask b=5 s=89: applied=5, nested=True, p=0.213774, flip=True, attack_success=True, error=none
  winner_xfg_feature_mask b=1 s=101: applied=1, nested=True, p=0.955005, flip=False, attack_success=False, error=none
  winner_xfg_feature_mask b=3 s=101: applied=3, nested=True, p=0.213774, flip=True, attack_success=True, error=none
  winner_xfg_feature_mask b=5 s=101: applied=5, nested=True, p=0.213774, flip=True, attack_success=True, error=none
  winner_xfg_feature_mask b=1 s=137: applied=1, nested=True, p=0.955005, flip=False, attack_success=False, error=none
  winner_xfg_feature_mask b=3 s=137: applied=3, nested=True, p=0.213774, flip=True, attack_success=True, error=none
  winner_xfg_feature_mask b=5 s=137: applied=5, nested=True, p=0.213774, flip=True, attack_success=True, error=none
  winner_xfg_feature_mask b=1 s=2026: applied=1, nested=True, p=0.955005, flip=False, attack_success=False, error=none
  winner_xfg_feature_mask b=3 s=2026: applied=3, nested=True, p=0.213774, flip=True, attack_success=True, error=none
  winner_xfg_feature_mask b=5 s=2026: applied=5, nested=True, p=0.213774, flip=True, attack_success=True, error=none
  targeted_subgraph_injection b=1 s=7: applied=1, nested=True, p=1.000000, flip=False, attack_success=False, error=none
  targeted_subgraph_injection b=3 s=7: applied=3, nested=True, p=1.000000, flip=False, attack_success=False, error=none
  targeted_subgraph_injection b=5 s=7: applied=5, nested=True, p=1.000000, flip=False, attack_success=False, error=none
  targeted_subgraph_injection b=1 s=17: applied=1, nested=True, p=1.000000, flip=False, attack_success=False, error=none
  targeted_subgraph_injection b=3 s=17: applied=3, nested=True, p=1.000000, flip=False, attack_success=False, error=none
  targeted_subgraph_injection b=5 s=17: applied=5, nested=True, p=1.000000, flip=False, attack_success=False, error=none
  targeted_subgraph_injection b=1 s=29: applied=1, nested=True, p=1.000000, flip=False, attack_success=False, error=none
  targeted_subgraph_injection b=3 s=29: applied=3, nested=True, p=1.000000, flip=False, attack_success=False, error=none
  targeted_subgraph_injection b=5 s=29: applied=5, nested=True, p=1.000000, flip=False, attack_success=False, error=none
  targeted_subgraph_injection b=1 s=42: applied=1, nested=True, p=1.000000, flip=False, attack_success=False, error=none
  targeted_subgraph_injection b=3 s=42: applied=3, nested=True, p=1.000000, flip=False, attack_success=False, error=none
  targeted_subgraph_injection b=5 s=42: applied=5, nested=True, p=1.000000, flip=False, attack_success=False, error=none
  targeted_subgraph_injection b=1 s=61: applied=1, nested=True, p=1.000000, flip=False, attack_success=False, error=none
  targeted_subgraph_injection b=3 s=61: applied=3, nested=True, p=1.000000, flip=False, attack_success=False, error=none
  targeted_subgraph_injection b=5 s=61: applied=5, nested=True, p=1.000000, flip=False, attack_success=False, error=none
  targeted_subgraph_injection b=1 s=73: applied=1, nested=True, p=1.000000, flip=False, attack_success=False, error=none
  targeted_subgraph_injection b=3 s=73: applied=3, nested=True, p=1.000000, flip=False, attack_success=False, error=none
  targeted_subgraph_injection b=5 s=73: applied=5, nested=True, p=1.000000, flip=False, attack_success=False, error=none
  targeted_subgraph_injection b=1 s=89: applied=1, nested=True, p=1.000000, flip=False, attack_success=False, error=none
  targeted_subgraph_injection b=3 s=89: applied=3, nested=True, p=1.000000, flip=False, attack_success=False, error=none
  targeted_subgraph_injection b=5 s=89: applied=5, nested=True, p=1.000000, flip=False, attack_success=False, error=none
  targeted_subgraph_injection b=1 s=101: applied=1, nested=True, p=1.000000, flip=False, attack_success=False, error=none
  targeted_subgraph_injection b=3 s=101: applied=3, nested=True, p=1.000000, flip=False, attack_success=False, error=none
  targeted_subgraph_injection b=5 s=101: applied=5, nested=True, p=1.000000, flip=False, attack_success=False, error=none
  targeted_subgraph_injection b=1 s=137: applied=1, nested=True, p=1.000000, flip=False, attack_success=False, error=none
  targeted_subgraph_injection b=3 s=137: applied=3, nested=True, p=1.000000, flip=False, attack_success=False, error=none
  targeted_subgraph_injection b=5 s=137: applied=5, nested=True, p=1.000000, flip=False, attack_success=False, error=none
  targeted_subgraph_injection b=1 s=2026: applied=1, nested=True, p=1.000000, flip=False, attack_success=False, error=none
  targeted_subgraph_injection b=3 s=2026: applied=3, nested=True, p=1.000000, flip=False, attack_success=False, error=none
  targeted_subgraph_injection b=5 s=2026: applied=5, nested=True, p=1.000000, flip=False, attack_success=False, error=none
[24/60] cwe119__04_non_vulnerable_06_non-vulnerable_63: true=0, baseline=0 p=0.000000, correct=True, winner=39
  winner_xfg_edge_attack b=1 s=7: applied=1, nested=True, p=0.000000, flip=False, attack_success=False, error=none
  winner_xfg_edge_attack b=3 s=7: applied=3, nested=True, p=0.000000, flip=False, attack_success=False, error=none
  winner_xfg_edge_attack b=5 s=7: applied=5, nested=True, p=0.000000, flip=False, attack_success=False, error=none
  winner_xfg_edge_attack b=1 s=17: applied=1, nested=True, p=0.000000, flip=False, attack_success=False, error=none
  winner_xfg_edge_attack b=3 s=17: applied=3, nested=True, p=0.000000, flip=False, attack_success=False, error=none
  winner_xfg_edge_attack b=5 s=17: applied=5, nested=True, p=0.000000, flip=False, attack_success=False, error=none
  winner_xfg_edge_attack b=1 s=29: applied=1, nested=True, p=0.000000, flip=False, attack_success=False, error=none
  winner_xfg_edge_attack b=3 s=29: applied=3, nested=True, p=0.000000, flip=False, attack_success=False, error=none
  winner_xfg_edge_attack b=5 s=29: applied=5, nested=True, p=0.000000, flip=False, attack_success=False, error=none
  winner_xfg_edge_attack b=1 s=42: applied=1, nested=True, p=0.000000, flip=False, attack_success=False, error=none
  winner_xfg_edge_attack b=3 s=42: applied=3, nested=True, p=0.000000, flip=False, attack_success=False, error=none
  winner_xfg_edge_attack b=5 s=42: applied=5, nested=True, p=0.000000, flip=False, attack_success=False, error=none
  winner_xfg_edge_attack b=1 s=61: applied=1, nested=True, p=0.000000, flip=False, attack_success=False, error=none
  winner_xfg_edge_attack b=3 s=61: applied=3, nested=True, p=0.000000, flip=False, attack_success=False, error=none
  winner_xfg_edge_attack b=5 s=61: applied=5, nested=True, p=0.000000, flip=False, attack_success=False, error=none
  winner_xfg_edge_attack b=1 s=73: applied=1, nested=True, p=0.000000, flip=False, attack_success=False, error=none
  winner_xfg_edge_attack b=3 s=73: applied=3, nested=True, p=0.000000, flip=False, attack_success=False, error=none
  winner_xfg_edge_attack b=5 s=73: applied=5, nested=True, p=0.000000, flip=False, attack_success=False, error=none
  winner_xfg_edge_attack b=1 s=89: applied=1, nested=True, p=0.000000, flip=False, attack_success=False, error=none
  winner_xfg_edge_attack b=3 s=89: applied=3, nested=True, p=0.000000, flip=False, attack_success=False, error=none
  winner_xfg_edge_attack b=5 s=89: applied=5, nested=True, p=0.000000, flip=False, attack_success=False, error=none
  winner_xfg_edge_attack b=1 s=101: applied=1, nested=True, p=0.000000, flip=False, attack_success=False, error=none
  winner_xfg_edge_attack b=3 s=101: applied=3, nested=True, p=0.000000, flip=False, attack_success=False, error=none
  winner_xfg_edge_attack b=5 s=101: applied=5, nested=True, p=0.000000, flip=False, attack_success=False, error=none
  winner_xfg_edge_attack b=1 s=137: applied=1, nested=True, p=0.000000, flip=False, attack_success=False, error=none
  winner_xfg_edge_attack b=3 s=137: applied=3, nested=True, p=0.000000, flip=False, attack_success=False, error=none
  winner_xfg_edge_attack b=5 s=137: applied=5, nested=True, p=0.000000, flip=False, attack_success=False, error=none
  winner_xfg_edge_attack b=1 s=2026: applied=1, nested=True, p=0.000000, flip=False, attack_success=False, error=none
  winner_xfg_edge_attack b=3 s=2026: applied=3, nested=True, p=0.000000, flip=False, attack_success=False, error=none
  winner_xfg_edge_attack b=5 s=2026: applied=5, nested=True, p=0.000000, flip=False, attack_success=False, error=none
  winner_xfg_feature_mask b=1 s=7: applied=1, nested=True, p=0.004998, flip=False, attack_success=False, error=none
  winner_xfg_feature_mask b=3 s=7: applied=3, nested=True, p=0.011614, flip=False, attack_success=False, error=none
  winner_xfg_feature_mask b=5 s=7: applied=5, nested=True, p=0.011614, flip=False, attack_success=False, error=none
  winner_xfg_feature_mask b=1 s=17: applied=1, nested=True, p=0.004998, flip=False, attack_success=False, error=none
  winner_xfg_feature_mask b=3 s=17: applied=3, nested=True, p=0.011614, flip=False, attack_success=False, error=none
  winner_xfg_feature_mask b=5 s=17: applied=5, nested=True, p=0.011614, flip=False, attack_success=False, error=none
  winner_xfg_feature_mask b=1 s=29: applied=1, nested=True, p=0.004998, flip=False, attack_success=False, error=none
  winner_xfg_feature_mask b=3 s=29: applied=3, nested=True, p=0.011614, flip=False, attack_success=False, error=none
  winner_xfg_feature_mask b=5 s=29: applied=5, nested=True, p=0.011614, flip=False, attack_success=False, error=none
  winner_xfg_feature_mask b=1 s=42: applied=1, nested=True, p=0.004998, flip=False, attack_success=False, error=none
  winner_xfg_feature_mask b=3 s=42: applied=3, nested=True, p=0.011614, flip=False, attack_success=False, error=none
  winner_xfg_feature_mask b=5 s=42: applied=5, nested=True, p=0.011614, flip=False, attack_success=False, error=none
  winner_xfg_feature_mask b=1 s=61: applied=1, nested=True, p=0.004998, flip=False, attack_success=False, error=none
  winner_xfg_feature_mask b=3 s=61: applied=3, nested=True, p=0.011614, flip=False, attack_success=False, error=none
  winner_xfg_feature_mask b=5 s=61: applied=5, nested=True, p=0.011614, flip=False, attack_success=False, error=none
  winner_xfg_feature_mask b=1 s=73: applied=1, nested=True, p=0.004998, flip=False, attack_success=False, error=none
  winner_xfg_feature_mask b=3 s=73: applied=3, nested=True, p=0.011614, flip=False, attack_success=False, error=none
  winner_xfg_feature_mask b=5 s=73: applied=5, nested=True, p=0.011614, flip=False, attack_success=False, error=none
  winner_xfg_feature_mask b=1 s=89: applied=1, nested=True, p=0.004998, flip=False, attack_success=False, error=none
  winner_xfg_feature_mask b=3 s=89: applied=3, nested=True, p=0.011614, flip=False, attack_success=False, error=none
  winner_xfg_feature_mask b=5 s=89: applied=5, nested=True, p=0.011614, flip=False, attack_success=False, error=none
  winner_xfg_feature_mask b=1 s=101: applied=1, nested=True, p=0.004998, flip=False, attack_success=False, error=none
  winner_xfg_feature_mask b=3 s=101: applied=3, nested=True, p=0.011614, flip=False, attack_success=False, error=none
  winner_xfg_feature_mask b=5 s=101: applied=5, nested=True, p=0.011614, flip=False, attack_success=False, error=none
  winner_xfg_feature_mask b=1 s=137: applied=1, nested=True, p=0.004998, flip=False, attack_success=False, error=none
  winner_xfg_feature_mask b=3 s=137: applied=3, nested=True, p=0.011614, flip=False, attack_success=False, error=none
  winner_xfg_feature_mask b=5 s=137: applied=5, nested=True, p=0.011614, flip=False, attack_success=False, error=none
  winner_xfg_feature_mask b=1 s=2026: applied=1, nested=True, p=0.004998, flip=False, attack_success=False, error=none
  winner_xfg_feature_mask b=3 s=2026: applied=3, nested=True, p=0.011614, flip=False, attack_success=False, error=none
  winner_xfg_feature_mask b=5 s=2026: applied=5, nested=True, p=0.011614, flip=False, attack_success=False, error=none
  targeted_subgraph_injection b=1 s=7: applied=1, nested=True, p=0.000000, flip=False, attack_success=False, error=none
  targeted_subgraph_injection b=3 s=7: applied=3, nested=True, p=0.000000, flip=False, attack_success=False, error=none
  targeted_subgraph_injection b=5 s=7: applied=5, nested=True, p=0.000000, flip=False, attack_success=False, error=none
  targeted_subgraph_injection b=1 s=17: applied=1, nested=True, p=0.000000, flip=False, attack_success=False, error=none
  targeted_subgraph_injection b=3 s=17: applied=3, nested=True, p=0.000000, flip=False, attack_success=False, error=none
  targeted_subgraph_injection b=5 s=17: applied=5, nested=True, p=0.000000, flip=False, attack_success=False, error=none
  targeted_subgraph_injection b=1 s=29: applied=1, nested=True, p=0.000000, flip=False, attack_success=False, error=none
  targeted_subgraph_injection b=3 s=29: applied=3, nested=True, p=0.000000, flip=False, attack_success=False, error=none
  targeted_subgraph_injection b=5 s=29: applied=5, nested=True, p=0.000000, flip=False, attack_success=False, error=none
  targeted_subgraph_injection b=1 s=42: applied=1, nested=True, p=0.000000, flip=False, attack_success=False, error=none
  targeted_subgraph_injection b=3 s=42: applied=3, nested=True, p=0.000000, flip=False, attack_success=False, error=none
  targeted_subgraph_injection b=5 s=42: applied=5, nested=True, p=0.000000, flip=False, attack_success=False, error=none
  targeted_subgraph_injection b=1 s=61: applied=1, nested=True, p=0.000000, flip=False, attack_success=False, error=none
  targeted_subgraph_injection b=3 s=61: applied=3, nested=True, p=0.000000, flip=False, attack_success=False, error=none
  targeted_subgraph_injection b=5 s=61: applied=5, nested=True, p=0.000000, flip=False, attack_success=False, error=none
  targeted_subgraph_injection b=1 s=73: applied=1, nested=True, p=0.000000, flip=False, attack_success=False, error=none
  targeted_subgraph_injection b=3 s=73: applied=3, nested=True, p=0.000000, flip=False, attack_success=False, error=none
  targeted_subgraph_injection b=5 s=73: applied=5, nested=True, p=0.000000, flip=False, attack_success=False, error=none
  targeted_subgraph_injection b=1 s=89: applied=1, nested=True, p=0.000000, flip=False, attack_success=False, error=none
  targeted_subgraph_injection b=3 s=89: applied=3, nested=True, p=0.000000, flip=False, attack_success=False, error=none
  targeted_subgraph_injection b=5 s=89: applied=5, nested=True, p=0.000000, flip=False, attack_success=False, error=none
  targeted_subgraph_injection b=1 s=101: applied=1, nested=True, p=0.000000, flip=False, attack_success=False, error=none
  targeted_subgraph_injection b=3 s=101: applied=3, nested=True, p=0.000000, flip=False, attack_success=False, error=none
  targeted_subgraph_injection b=5 s=101: applied=5, nested=True, p=0.000000, flip=False, attack_success=False, error=none
  targeted_subgraph_injection b=1 s=137: applied=1, nested=True, p=0.000000, flip=False, attack_success=False, error=none
  targeted_subgraph_injection b=3 s=137: applied=3, nested=True, p=0.000000, flip=False, attack_success=False, error=none
  targeted_subgraph_injection b=5 s=137: applied=5, nested=True, p=0.000000, flip=False, attack_success=False, error=none
  targeted_subgraph_injection b=1 s=2026: applied=1, nested=True, p=0.000000, flip=False, attack_success=False, error=none
  targeted_subgraph_injection b=3 s=2026: applied=3, nested=True, p=0.000000, flip=False, attack_success=False, error=none
  targeted_subgraph_injection b=5 s=2026: applied=5, nested=True, p=0.000000, flip=False, attack_success=False, error=none
[25/60] cwe119__05_non_vulnerable_07_non-vulnerable_41: true=0, baseline=0 p=0.000000, correct=True, winner=68
  winner_xfg_edge_attack b=1 s=7: applied=1, nested=True, p=0.000000, flip=False, attack_success=False, error=none
  winner_xfg_edge_attack b=3 s=7: applied=3, nested=True, p=0.000000, flip=False, attack_success=False, error=none
  winner_xfg_edge_attack b=5 s=7: applied=5, nested=True, p=0.000000, flip=False, attack_success=False, error=none
  winner_xfg_edge_attack b=1 s=17: applied=1, nested=True, p=0.000000, flip=False, attack_success=False, error=none
  winner_xfg_edge_attack b=3 s=17: applied=3, nested=True, p=0.000000, flip=False, attack_success=False, error=none
  winner_xfg_edge_attack b=5 s=17: applied=5, nested=True, p=0.000000, flip=False, attack_success=False, error=none
  winner_xfg_edge_attack b=1 s=29: applied=1, nested=True, p=0.000000, flip=False, attack_success=False, error=none
  winner_xfg_edge_attack b=3 s=29: applied=3, nested=True, p=0.000000, flip=False, attack_success=False, error=none
  winner_xfg_edge_attack b=5 s=29: applied=5, nested=True, p=0.000000, flip=False, attack_success=False, error=none
  winner_xfg_edge_attack b=1 s=42: applied=1, nested=True, p=0.000000, flip=False, attack_success=False, error=none
  winner_xfg_edge_attack b=3 s=42: applied=3, nested=True, p=0.000000, flip=False, attack_success=False, error=none
  winner_xfg_edge_attack b=5 s=42: applied=5, nested=True, p=0.000000, flip=False, attack_success=False, error=none
  winner_xfg_edge_attack b=1 s=61: applied=1, nested=True, p=0.000000, flip=False, attack_success=False, error=none
  winner_xfg_edge_attack b=3 s=61: applied=3, nested=True, p=0.000000, flip=False, attack_success=False, error=none
  winner_xfg_edge_attack b=5 s=61: applied=5, nested=True, p=0.000000, flip=False, attack_success=False, error=none
  winner_xfg_edge_attack b=1 s=73: applied=1, nested=True, p=0.000000, flip=False, attack_success=False, error=none
  winner_xfg_edge_attack b=3 s=73: applied=3, nested=True, p=0.000000, flip=False, attack_success=False, error=none
  winner_xfg_edge_attack b=5 s=73: applied=5, nested=True, p=0.000000, flip=False, attack_success=False, error=none
  winner_xfg_edge_attack b=1 s=89: applied=1, nested=True, p=0.000000, flip=False, attack_success=False, error=none
  winner_xfg_edge_attack b=3 s=89: applied=3, nested=True, p=0.000000, flip=False, attack_success=False, error=none
  winner_xfg_edge_attack b=5 s=89: applied=5, nested=True, p=0.000000, flip=False, attack_success=False, error=none
  winner_xfg_edge_attack b=1 s=101: applied=1, nested=True, p=0.000000, flip=False, attack_success=False, error=none
  winner_xfg_edge_attack b=3 s=101: applied=3, nested=True, p=0.000000, flip=False, attack_success=False, error=none
  winner_xfg_edge_attack b=5 s=101: applied=5, nested=True, p=0.000000, flip=False, attack_success=False, error=none
  winner_xfg_edge_attack b=1 s=137: applied=1, nested=True, p=0.000000, flip=False, attack_success=False, error=none
  winner_xfg_edge_attack b=3 s=137: applied=3, nested=True, p=0.000000, flip=False, attack_success=False, error=none
  winner_xfg_edge_attack b=5 s=137: applied=5, nested=True, p=0.000000, flip=False, attack_success=False, error=none
  winner_xfg_edge_attack b=1 s=2026: applied=1, nested=True, p=0.000000, flip=False, attack_success=False, error=none
  winner_xfg_edge_attack b=3 s=2026: applied=3, nested=True, p=0.000000, flip=False, attack_success=False, error=none
  winner_xfg_edge_attack b=5 s=2026: applied=5, nested=True, p=0.000000, flip=False, attack_success=False, error=none
  winner_xfg_feature_mask b=1 s=7: applied=1, nested=True, p=0.000000, flip=False, attack_success=False, error=none
  winner_xfg_feature_mask b=3 s=7: applied=3, nested=True, p=0.000000, flip=False, attack_success=False, error=none
  winner_xfg_feature_mask b=5 s=7: applied=5, nested=True, p=0.000000, flip=False, attack_success=False, error=none
  winner_xfg_feature_mask b=1 s=17: applied=1, nested=True, p=0.000000, flip=False, attack_success=False, error=none
  winner_xfg_feature_mask b=3 s=17: applied=3, nested=True, p=0.000000, flip=False, attack_success=False, error=none
  winner_xfg_feature_mask b=5 s=17: applied=5, nested=True, p=0.000000, flip=False, attack_success=False, error=none
  winner_xfg_feature_mask b=1 s=29: applied=1, nested=True, p=0.000000, flip=False, attack_success=False, error=none
  winner_xfg_feature_mask b=3 s=29: applied=3, nested=True, p=0.000000, flip=False, attack_success=False, error=none
  winner_xfg_feature_mask b=5 s=29: applied=5, nested=True, p=0.000000, flip=False, attack_success=False, error=none
  winner_xfg_feature_mask b=1 s=42: applied=1, nested=True, p=0.000000, flip=False, attack_success=False, error=none
  winner_xfg_feature_mask b=3 s=42: applied=3, nested=True, p=0.000000, flip=False, attack_success=False, error=none
  winner_xfg_feature_mask b=5 s=42: applied=5, nested=True, p=0.000000, flip=False, attack_success=False, error=none
  winner_xfg_feature_mask b=1 s=61: applied=1, nested=True, p=0.000000, flip=False, attack_success=False, error=none
  winner_xfg_feature_mask b=3 s=61: applied=3, nested=True, p=0.000000, flip=False, attack_success=False, error=none
  winner_xfg_feature_mask b=5 s=61: applied=5, nested=True, p=0.000000, flip=False, attack_success=False, error=none
  winner_xfg_feature_mask b=1 s=73: applied=1, nested=True, p=0.000000, flip=False, attack_success=False, error=none
  winner_xfg_feature_mask b=3 s=73: applied=3, nested=True, p=0.000000, flip=False, attack_success=False, error=none
  winner_xfg_feature_mask b=5 s=73: applied=5, nested=True, p=0.000000, flip=False, attack_success=False, error=none
  winner_xfg_feature_mask b=1 s=89: applied=1, nested=True, p=0.000000, flip=False, attack_success=False, error=none
  winner_xfg_feature_mask b=3 s=89: applied=3, nested=True, p=0.000000, flip=False, attack_success=False, error=none
  winner_xfg_feature_mask b=5 s=89: applied=5, nested=True, p=0.000000, flip=False, attack_success=False, error=none
  winner_xfg_feature_mask b=1 s=101: applied=1, nested=True, p=0.000000, flip=False, attack_success=False, error=none
  winner_xfg_feature_mask b=3 s=101: applied=3, nested=True, p=0.000000, flip=False, attack_success=False, error=none
  winner_xfg_feature_mask b=5 s=101: applied=5, nested=True, p=0.000000, flip=False, attack_success=False, error=none
  winner_xfg_feature_mask b=1 s=137: applied=1, nested=True, p=0.000000, flip=False, attack_success=False, error=none
  winner_xfg_feature_mask b=3 s=137: applied=3, nested=True, p=0.000000, flip=False, attack_success=False, error=none
  winner_xfg_feature_mask b=5 s=137: applied=5, nested=True, p=0.000000, flip=False, attack_success=False, error=none
  winner_xfg_feature_mask b=1 s=2026: applied=1, nested=True, p=0.000000, flip=False, attack_success=False, error=none
  winner_xfg_feature_mask b=3 s=2026: applied=3, nested=True, p=0.000000, flip=False, attack_success=False, error=none
  winner_xfg_feature_mask b=5 s=2026: applied=5, nested=True, p=0.000000, flip=False, attack_success=False, error=none
  targeted_subgraph_injection b=1 s=7: applied=1, nested=True, p=0.000000, flip=False, attack_success=False, error=none
  targeted_subgraph_injection b=3 s=7: applied=3, nested=True, p=0.000000, flip=False, attack_success=False, error=none
  targeted_subgraph_injection b=5 s=7: applied=5, nested=True, p=0.000000, flip=False, attack_success=False, error=none
  targeted_subgraph_injection b=1 s=17: applied=1, nested=True, p=0.000000, flip=False, attack_success=False, error=none
  targeted_subgraph_injection b=3 s=17: applied=3, nested=True, p=0.000000, flip=False, attack_success=False, error=none
  targeted_subgraph_injection b=5 s=17: applied=5, nested=True, p=0.000000, flip=False, attack_success=False, error=none
  targeted_subgraph_injection b=1 s=29: applied=1, nested=True, p=0.000000, flip=False, attack_success=False, error=none
  targeted_subgraph_injection b=3 s=29: applied=3, nested=True, p=0.000000, flip=False, attack_success=False, error=none
  targeted_subgraph_injection b=5 s=29: applied=5, nested=True, p=0.000000, flip=False, attack_success=False, error=none
  targeted_subgraph_injection b=1 s=42: applied=1, nested=True, p=0.000000, flip=False, attack_success=False, error=none
  targeted_subgraph_injection b=3 s=42: applied=3, nested=True, p=0.000000, flip=False, attack_success=False, error=none
  targeted_subgraph_injection b=5 s=42: applied=5, nested=True, p=0.000000, flip=False, attack_success=False, error=none
  targeted_subgraph_injection b=1 s=61: applied=1, nested=True, p=0.000000, flip=False, attack_success=False, error=none
  targeted_subgraph_injection b=3 s=61: applied=3, nested=True, p=0.000000, flip=False, attack_success=False, error=none
  targeted_subgraph_injection b=5 s=61: applied=5, nested=True, p=0.000000, flip=False, attack_success=False, error=none
  targeted_subgraph_injection b=1 s=73: applied=1, nested=True, p=0.000000, flip=False, attack_success=False, error=none
  targeted_subgraph_injection b=3 s=73: applied=3, nested=True, p=0.000000, flip=False, attack_success=False, error=none
  targeted_subgraph_injection b=5 s=73: applied=5, nested=True, p=0.000000, flip=False, attack_success=False, error=none
  targeted_subgraph_injection b=1 s=89: applied=1, nested=True, p=0.000000, flip=False, attack_success=False, error=none
  targeted_subgraph_injection b=3 s=89: applied=3, nested=True, p=0.000000, flip=False, attack_success=False, error=none
  targeted_subgraph_injection b=5 s=89: applied=5, nested=True, p=0.000000, flip=False, attack_success=False, error=none
  targeted_subgraph_injection b=1 s=101: applied=1, nested=True, p=0.000000, flip=False, attack_success=False, error=none
  targeted_subgraph_injection b=3 s=101: applied=3, nested=True, p=0.000000, flip=False, attack_success=False, error=none
  targeted_subgraph_injection b=5 s=101: applied=5, nested=True, p=0.000000, flip=False, attack_success=False, error=none
  targeted_subgraph_injection b=1 s=137: applied=1, nested=True, p=0.000000, flip=False, attack_success=False, error=none
  targeted_subgraph_injection b=3 s=137: applied=3, nested=True, p=0.000000, flip=False, attack_success=False, error=none
  targeted_subgraph_injection b=5 s=137: applied=5, nested=True, p=0.000000, flip=False, attack_success=False, error=none
  targeted_subgraph_injection b=1 s=2026: applied=1, nested=True, p=0.000000, flip=False, attack_success=False, error=none
  targeted_subgraph_injection b=3 s=2026: applied=3, nested=True, p=0.000000, flip=False, attack_success=False, error=none
  targeted_subgraph_injection b=5 s=2026: applied=5, nested=True, p=0.000000, flip=False, attack_success=False, error=none
[26/60] cwe119__06_non_vulnerable_08_non-vulnerable_32: true=0, baseline=0 p=0.000025, correct=True, winner=50
  winner_xfg_edge_attack b=1 s=7: applied=1, nested=True, p=0.000006, flip=False, attack_success=False, error=none
  winner_xfg_edge_attack b=3 s=7: applied=3, nested=True, p=0.021986, flip=False, attack_success=False, error=none
  winner_xfg_edge_attack b=5 s=7: applied=5, nested=True, p=0.016620, flip=False, attack_success=False, error=none
  winner_xfg_edge_attack b=1 s=17: applied=1, nested=True, p=0.000006, flip=False, attack_success=False, error=none
  winner_xfg_edge_attack b=3 s=17: applied=3, nested=True, p=0.021986, flip=False, attack_success=False, error=none
  winner_xfg_edge_attack b=5 s=17: applied=5, nested=True, p=0.016620, flip=False, attack_success=False, error=none
  winner_xfg_edge_attack b=1 s=29: applied=1, nested=True, p=0.000006, flip=False, attack_success=False, error=none
  winner_xfg_edge_attack b=3 s=29: applied=3, nested=True, p=0.021986, flip=False, attack_success=False, error=none
  winner_xfg_edge_attack b=5 s=29: applied=5, nested=True, p=0.016620, flip=False, attack_success=False, error=none
  winner_xfg_edge_attack b=1 s=42: applied=1, nested=True, p=0.000006, flip=False, attack_success=False, error=none
  winner_xfg_edge_attack b=3 s=42: applied=3, nested=True, p=0.021986, flip=False, attack_success=False, error=none
  winner_xfg_edge_attack b=5 s=42: applied=5, nested=True, p=0.016620, flip=False, attack_success=False, error=none
  winner_xfg_edge_attack b=1 s=61: applied=1, nested=True, p=0.000006, flip=False, attack_success=False, error=none
  winner_xfg_edge_attack b=3 s=61: applied=3, nested=True, p=0.021986, flip=False, attack_success=False, error=none
  winner_xfg_edge_attack b=5 s=61: applied=5, nested=True, p=0.016620, flip=False, attack_success=False, error=none
  winner_xfg_edge_attack b=1 s=73: applied=1, nested=True, p=0.000006, flip=False, attack_success=False, error=none
  winner_xfg_edge_attack b=3 s=73: applied=3, nested=True, p=0.021986, flip=False, attack_success=False, error=none
  winner_xfg_edge_attack b=5 s=73: applied=5, nested=True, p=0.016620, flip=False, attack_success=False, error=none
  winner_xfg_edge_attack b=1 s=89: applied=1, nested=True, p=0.000006, flip=False, attack_success=False, error=none
  winner_xfg_edge_attack b=3 s=89: applied=3, nested=True, p=0.021986, flip=False, attack_success=False, error=none
  winner_xfg_edge_attack b=5 s=89: applied=5, nested=True, p=0.016620, flip=False, attack_success=False, error=none
  winner_xfg_edge_attack b=1 s=101: applied=1, nested=True, p=0.000006, flip=False, attack_success=False, error=none
  winner_xfg_edge_attack b=3 s=101: applied=3, nested=True, p=0.021986, flip=False, attack_success=False, error=none
  winner_xfg_edge_attack b=5 s=101: applied=5, nested=True, p=0.016620, flip=False, attack_success=False, error=none
  winner_xfg_edge_attack b=1 s=137: applied=1, nested=True, p=0.000006, flip=False, attack_success=False, error=none
  winner_xfg_edge_attack b=3 s=137: applied=3, nested=True, p=0.021986, flip=False, attack_success=False, error=none
  winner_xfg_edge_attack b=5 s=137: applied=5, nested=True, p=0.016620, flip=False, attack_success=False, error=none
  winner_xfg_edge_attack b=1 s=2026: applied=1, nested=True, p=0.000006, flip=False, attack_success=False, error=none
  winner_xfg_edge_attack b=3 s=2026: applied=3, nested=True, p=0.021986, flip=False, attack_success=False, error=none
  winner_xfg_edge_attack b=5 s=2026: applied=5, nested=True, p=0.016620, flip=False, attack_success=False, error=none
  winner_xfg_feature_mask b=1 s=7: applied=1, nested=True, p=0.000598, flip=False, attack_success=False, error=none
  winner_xfg_feature_mask b=3 s=7: applied=2, nested=True, p=0.000598, flip=False, attack_success=False, error=none
  winner_xfg_feature_mask b=5 s=7: applied=2, nested=True, p=0.000598, flip=False, attack_success=False, error=none
  winner_xfg_feature_mask b=1 s=17: applied=1, nested=True, p=0.000598, flip=False, attack_success=False, error=none
  winner_xfg_feature_mask b=3 s=17: applied=2, nested=True, p=0.000598, flip=False, attack_success=False, error=none
  winner_xfg_feature_mask b=5 s=17: applied=2, nested=True, p=0.000598, flip=False, attack_success=False, error=none
  winner_xfg_feature_mask b=1 s=29: applied=1, nested=True, p=0.000598, flip=False, attack_success=False, error=none
  winner_xfg_feature_mask b=3 s=29: applied=2, nested=True, p=0.000598, flip=False, attack_success=False, error=none
  winner_xfg_feature_mask b=5 s=29: applied=2, nested=True, p=0.000598, flip=False, attack_success=False, error=none
  winner_xfg_feature_mask b=1 s=42: applied=1, nested=True, p=0.000598, flip=False, attack_success=False, error=none
  winner_xfg_feature_mask b=3 s=42: applied=2, nested=True, p=0.000598, flip=False, attack_success=False, error=none
  winner_xfg_feature_mask b=5 s=42: applied=2, nested=True, p=0.000598, flip=False, attack_success=False, error=none
  winner_xfg_feature_mask b=1 s=61: applied=1, nested=True, p=0.000598, flip=False, attack_success=False, error=none
  winner_xfg_feature_mask b=3 s=61: applied=2, nested=True, p=0.000598, flip=False, attack_success=False, error=none
  winner_xfg_feature_mask b=5 s=61: applied=2, nested=True, p=0.000598, flip=False, attack_success=False, error=none
  winner_xfg_feature_mask b=1 s=73: applied=1, nested=True, p=0.000598, flip=False, attack_success=False, error=none
  winner_xfg_feature_mask b=3 s=73: applied=2, nested=True, p=0.000598, flip=False, attack_success=False, error=none
  winner_xfg_feature_mask b=5 s=73: applied=2, nested=True, p=0.000598, flip=False, attack_success=False, error=none
  winner_xfg_feature_mask b=1 s=89: applied=1, nested=True, p=0.000598, flip=False, attack_success=False, error=none
  winner_xfg_feature_mask b=3 s=89: applied=2, nested=True, p=0.000598, flip=False, attack_success=False, error=none
  winner_xfg_feature_mask b=5 s=89: applied=2, nested=True, p=0.000598, flip=False, attack_success=False, error=none
  winner_xfg_feature_mask b=1 s=101: applied=1, nested=True, p=0.000598, flip=False, attack_success=False, error=none
  winner_xfg_feature_mask b=3 s=101: applied=2, nested=True, p=0.000598, flip=False, attack_success=False, error=none
  winner_xfg_feature_mask b=5 s=101: applied=2, nested=True, p=0.000598, flip=False, attack_success=False, error=none
  winner_xfg_feature_mask b=1 s=137: applied=1, nested=True, p=0.000598, flip=False, attack_success=False, error=none
  winner_xfg_feature_mask b=3 s=137: applied=2, nested=True, p=0.000598, flip=False, attack_success=False, error=none
  winner_xfg_feature_mask b=5 s=137: applied=2, nested=True, p=0.000598, flip=False, attack_success=False, error=none
  winner_xfg_feature_mask b=1 s=2026: applied=1, nested=True, p=0.000598, flip=False, attack_success=False, error=none
  winner_xfg_feature_mask b=3 s=2026: applied=2, nested=True, p=0.000598, flip=False, attack_success=False, error=none
  winner_xfg_feature_mask b=5 s=2026: applied=2, nested=True, p=0.000598, flip=False, attack_success=False, error=none
  targeted_subgraph_injection b=1 s=7: applied=1, nested=True, p=0.000173, flip=False, attack_success=False, error=none
  targeted_subgraph_injection b=3 s=7: applied=3, nested=True, p=0.000186, flip=False, attack_success=False, error=none
  targeted_subgraph_injection b=5 s=7: applied=5, nested=True, p=0.000195, flip=False, attack_success=False, error=none
  targeted_subgraph_injection b=1 s=17: applied=1, nested=True, p=0.000173, flip=False, attack_success=False, error=none
  targeted_subgraph_injection b=3 s=17: applied=3, nested=True, p=0.000186, flip=False, attack_success=False, error=none
  targeted_subgraph_injection b=5 s=17: applied=5, nested=True, p=0.000195, flip=False, attack_success=False, error=none
  targeted_subgraph_injection b=1 s=29: applied=1, nested=True, p=0.000173, flip=False, attack_success=False, error=none
  targeted_subgraph_injection b=3 s=29: applied=3, nested=True, p=0.000186, flip=False, attack_success=False, error=none
  targeted_subgraph_injection b=5 s=29: applied=5, nested=True, p=0.000195, flip=False, attack_success=False, error=none
  targeted_subgraph_injection b=1 s=42: applied=1, nested=True, p=0.000173, flip=False, attack_success=False, error=none
  targeted_subgraph_injection b=3 s=42: applied=3, nested=True, p=0.000186, flip=False, attack_success=False, error=none
  targeted_subgraph_injection b=5 s=42: applied=5, nested=True, p=0.000195, flip=False, attack_success=False, error=none
  targeted_subgraph_injection b=1 s=61: applied=1, nested=True, p=0.000173, flip=False, attack_success=False, error=none
  targeted_subgraph_injection b=3 s=61: applied=3, nested=True, p=0.000186, flip=False, attack_success=False, error=none
  targeted_subgraph_injection b=5 s=61: applied=5, nested=True, p=0.000195, flip=False, attack_success=False, error=none
  targeted_subgraph_injection b=1 s=73: applied=1, nested=True, p=0.000173, flip=False, attack_success=False, error=none
  targeted_subgraph_injection b=3 s=73: applied=3, nested=True, p=0.000186, flip=False, attack_success=False, error=none
  targeted_subgraph_injection b=5 s=73: applied=5, nested=True, p=0.000195, flip=False, attack_success=False, error=none
  targeted_subgraph_injection b=1 s=89: applied=1, nested=True, p=0.000173, flip=False, attack_success=False, error=none
  targeted_subgraph_injection b=3 s=89: applied=3, nested=True, p=0.000186, flip=False, attack_success=False, error=none
  targeted_subgraph_injection b=5 s=89: applied=5, nested=True, p=0.000195, flip=False, attack_success=False, error=none
  targeted_subgraph_injection b=1 s=101: applied=1, nested=True, p=0.000173, flip=False, attack_success=False, error=none
  targeted_subgraph_injection b=3 s=101: applied=3, nested=True, p=0.000186, flip=False, attack_success=False, error=none
  targeted_subgraph_injection b=5 s=101: applied=5, nested=True, p=0.000195, flip=False, attack_success=False, error=none
  targeted_subgraph_injection b=1 s=137: applied=1, nested=True, p=0.000173, flip=False, attack_success=False, error=none
  targeted_subgraph_injection b=3 s=137: applied=3, nested=True, p=0.000186, flip=False, attack_success=False, error=none
  targeted_subgraph_injection b=5 s=137: applied=5, nested=True, p=0.000195, flip=False, attack_success=False, error=none
  targeted_subgraph_injection b=1 s=2026: applied=1, nested=True, p=0.000173, flip=False, attack_success=False, error=none
  targeted_subgraph_injection b=3 s=2026: applied=3, nested=True, p=0.000186, flip=False, attack_success=False, error=none
  targeted_subgraph_injection b=5 s=2026: applied=5, nested=True, p=0.000195, flip=False, attack_success=False, error=none
[27/60] cwe119__07_non_vulnerable_09_non-vulnerable_83: true=0, baseline=1 p=0.533740, correct=False, winner=41
[28/60] cwe119__08_non_vulnerable_10_non-vulnerable_43: true=0, baseline=1 p=0.925356, correct=False, winner=41
[29/60] cwe119__09_vulnerable_CWE121_Stack_Based_Buffer_Overflow__: true=1, baseline=0 p=0.162205, correct=False, winner=29
[30/60] cwe119__10_non_vulnerable_CWE121_Stack_Based_Buffer_Overflow__: true=0, baseline=0 p=0.162205, correct=True, winner=29
  winner_xfg_edge_attack b=1 s=7: applied=1, nested=True, p=0.223817, flip=False, attack_success=False, error=none
  winner_xfg_edge_attack b=3 s=7: applied=3, nested=True, p=0.548956, flip=True, attack_success=True, error=none
  winner_xfg_edge_attack b=5 s=7: applied=5, nested=True, p=0.387292, flip=False, attack_success=False, error=none
  winner_xfg_edge_attack b=1 s=17: applied=1, nested=True, p=0.223817, flip=False, attack_success=False, error=none
  winner_xfg_edge_attack b=3 s=17: applied=3, nested=True, p=0.548956, flip=True, attack_success=True, error=none
  winner_xfg_edge_attack b=5 s=17: applied=5, nested=True, p=0.387292, flip=False, attack_success=False, error=none
  winner_xfg_edge_attack b=1 s=29: applied=1, nested=True, p=0.223817, flip=False, attack_success=False, error=none
  winner_xfg_edge_attack b=3 s=29: applied=3, nested=True, p=0.548956, flip=True, attack_success=True, error=none
  winner_xfg_edge_attack b=5 s=29: applied=5, nested=True, p=0.387292, flip=False, attack_success=False, error=none
  winner_xfg_edge_attack b=1 s=42: applied=1, nested=True, p=0.223817, flip=False, attack_success=False, error=none
  winner_xfg_edge_attack b=3 s=42: applied=3, nested=True, p=0.548956, flip=True, attack_success=True, error=none
  winner_xfg_edge_attack b=5 s=42: applied=5, nested=True, p=0.387292, flip=False, attack_success=False, error=none
  winner_xfg_edge_attack b=1 s=61: applied=1, nested=True, p=0.223817, flip=False, attack_success=False, error=none
  winner_xfg_edge_attack b=3 s=61: applied=3, nested=True, p=0.548956, flip=True, attack_success=True, error=none
  winner_xfg_edge_attack b=5 s=61: applied=5, nested=True, p=0.387292, flip=False, attack_success=False, error=none
  winner_xfg_edge_attack b=1 s=73: applied=1, nested=True, p=0.223817, flip=False, attack_success=False, error=none
  winner_xfg_edge_attack b=3 s=73: applied=3, nested=True, p=0.548956, flip=True, attack_success=True, error=none
  winner_xfg_edge_attack b=5 s=73: applied=5, nested=True, p=0.387292, flip=False, attack_success=False, error=none
  winner_xfg_edge_attack b=1 s=89: applied=1, nested=True, p=0.223817, flip=False, attack_success=False, error=none
  winner_xfg_edge_attack b=3 s=89: applied=3, nested=True, p=0.548956, flip=True, attack_success=True, error=none
  winner_xfg_edge_attack b=5 s=89: applied=5, nested=True, p=0.387292, flip=False, attack_success=False, error=none
  winner_xfg_edge_attack b=1 s=101: applied=1, nested=True, p=0.223817, flip=False, attack_success=False, error=none
  winner_xfg_edge_attack b=3 s=101: applied=3, nested=True, p=0.548956, flip=True, attack_success=True, error=none
  winner_xfg_edge_attack b=5 s=101: applied=5, nested=True, p=0.387292, flip=False, attack_success=False, error=none
  winner_xfg_edge_attack b=1 s=137: applied=1, nested=True, p=0.223817, flip=False, attack_success=False, error=none
  winner_xfg_edge_attack b=3 s=137: applied=3, nested=True, p=0.548956, flip=True, attack_success=True, error=none
  winner_xfg_edge_attack b=5 s=137: applied=5, nested=True, p=0.387292, flip=False, attack_success=False, error=none
  winner_xfg_edge_attack b=1 s=2026: applied=1, nested=True, p=0.223817, flip=False, attack_success=False, error=none
  winner_xfg_edge_attack b=3 s=2026: applied=3, nested=True, p=0.548956, flip=True, attack_success=True, error=none
  winner_xfg_edge_attack b=5 s=2026: applied=5, nested=True, p=0.387292, flip=False, attack_success=False, error=none
  winner_xfg_feature_mask b=1 s=7: applied=1, nested=True, p=0.048735, flip=False, attack_success=False, error=none
  winner_xfg_feature_mask b=3 s=7: applied=3, nested=True, p=0.266876, flip=False, attack_success=False, error=none
  winner_xfg_feature_mask b=5 s=7: applied=3, nested=True, p=0.266876, flip=False, attack_success=False, error=none
  winner_xfg_feature_mask b=1 s=17: applied=1, nested=True, p=0.048735, flip=False, attack_success=False, error=none
  winner_xfg_feature_mask b=3 s=17: applied=3, nested=True, p=0.266876, flip=False, attack_success=False, error=none
  winner_xfg_feature_mask b=5 s=17: applied=3, nested=True, p=0.266876, flip=False, attack_success=False, error=none
  winner_xfg_feature_mask b=1 s=29: applied=1, nested=True, p=0.048735, flip=False, attack_success=False, error=none
  winner_xfg_feature_mask b=3 s=29: applied=3, nested=True, p=0.266876, flip=False, attack_success=False, error=none
  winner_xfg_feature_mask b=5 s=29: applied=3, nested=True, p=0.266876, flip=False, attack_success=False, error=none
  winner_xfg_feature_mask b=1 s=42: applied=1, nested=True, p=0.048735, flip=False, attack_success=False, error=none
  winner_xfg_feature_mask b=3 s=42: applied=3, nested=True, p=0.266876, flip=False, attack_success=False, error=none
  winner_xfg_feature_mask b=5 s=42: applied=3, nested=True, p=0.266876, flip=False, attack_success=False, error=none
  winner_xfg_feature_mask b=1 s=61: applied=1, nested=True, p=0.048735, flip=False, attack_success=False, error=none
  winner_xfg_feature_mask b=3 s=61: applied=3, nested=True, p=0.266876, flip=False, attack_success=False, error=none
  winner_xfg_feature_mask b=5 s=61: applied=3, nested=True, p=0.266876, flip=False, attack_success=False, error=none
  winner_xfg_feature_mask b=1 s=73: applied=1, nested=True, p=0.048735, flip=False, attack_success=False, error=none
  winner_xfg_feature_mask b=3 s=73: applied=3, nested=True, p=0.266876, flip=False, attack_success=False, error=none
  winner_xfg_feature_mask b=5 s=73: applied=3, nested=True, p=0.266876, flip=False, attack_success=False, error=none
  winner_xfg_feature_mask b=1 s=89: applied=1, nested=True, p=0.048735, flip=False, attack_success=False, error=none
  winner_xfg_feature_mask b=3 s=89: applied=3, nested=True, p=0.266876, flip=False, attack_success=False, error=none
  winner_xfg_feature_mask b=5 s=89: applied=3, nested=True, p=0.266876, flip=False, attack_success=False, error=none
  winner_xfg_feature_mask b=1 s=101: applied=1, nested=True, p=0.048735, flip=False, attack_success=False, error=none
  winner_xfg_feature_mask b=3 s=101: applied=3, nested=True, p=0.266876, flip=False, attack_success=False, error=none
  winner_xfg_feature_mask b=5 s=101: applied=3, nested=True, p=0.266876, flip=False, attack_success=False, error=none
  winner_xfg_feature_mask b=1 s=137: applied=1, nested=True, p=0.048735, flip=False, attack_success=False, error=none
  winner_xfg_feature_mask b=3 s=137: applied=3, nested=True, p=0.266876, flip=False, attack_success=False, error=none
  winner_xfg_feature_mask b=5 s=137: applied=3, nested=True, p=0.266876, flip=False, attack_success=False, error=none
  winner_xfg_feature_mask b=1 s=2026: applied=1, nested=True, p=0.048735, flip=False, attack_success=False, error=none
  winner_xfg_feature_mask b=3 s=2026: applied=3, nested=True, p=0.266876, flip=False, attack_success=False, error=none
  winner_xfg_feature_mask b=5 s=2026: applied=3, nested=True, p=0.266876, flip=False, attack_success=False, error=none
  targeted_subgraph_injection b=1 s=7: applied=1, nested=True, p=0.467919, flip=False, attack_success=False, error=none
  targeted_subgraph_injection b=3 s=7: applied=3, nested=True, p=0.145046, flip=False, attack_success=False, error=none
  targeted_subgraph_injection b=5 s=7: applied=5, nested=True, p=0.070325, flip=False, attack_success=False, error=none
  targeted_subgraph_injection b=1 s=17: applied=1, nested=True, p=0.467919, flip=False, attack_success=False, error=none
  targeted_subgraph_injection b=3 s=17: applied=3, nested=True, p=0.145046, flip=False, attack_success=False, error=none
  targeted_subgraph_injection b=5 s=17: applied=5, nested=True, p=0.070325, flip=False, attack_success=False, error=none
  targeted_subgraph_injection b=1 s=29: applied=1, nested=True, p=0.467919, flip=False, attack_success=False, error=none
  targeted_subgraph_injection b=3 s=29: applied=3, nested=True, p=0.145046, flip=False, attack_success=False, error=none
  targeted_subgraph_injection b=5 s=29: applied=5, nested=True, p=0.070325, flip=False, attack_success=False, error=none
  targeted_subgraph_injection b=1 s=42: applied=1, nested=True, p=0.467919, flip=False, attack_success=False, error=none
  targeted_subgraph_injection b=3 s=42: applied=3, nested=True, p=0.145046, flip=False, attack_success=False, error=none
  targeted_subgraph_injection b=5 s=42: applied=5, nested=True, p=0.070325, flip=False, attack_success=False, error=none
  targeted_subgraph_injection b=1 s=61: applied=1, nested=True, p=0.467919, flip=False, attack_success=False, error=none
  targeted_subgraph_injection b=3 s=61: applied=3, nested=True, p=0.145046, flip=False, attack_success=False, error=none
  targeted_subgraph_injection b=5 s=61: applied=5, nested=True, p=0.070325, flip=False, attack_success=False, error=none
  targeted_subgraph_injection b=1 s=73: applied=1, nested=True, p=0.467919, flip=False, attack_success=False, error=none
  targeted_subgraph_injection b=3 s=73: applied=3, nested=True, p=0.145046, flip=False, attack_success=False, error=none
  targeted_subgraph_injection b=5 s=73: applied=5, nested=True, p=0.070325, flip=False, attack_success=False, error=none
  targeted_subgraph_injection b=1 s=89: applied=1, nested=True, p=0.467919, flip=False, attack_success=False, error=none
  targeted_subgraph_injection b=3 s=89: applied=3, nested=True, p=0.145046, flip=False, attack_success=False, error=none
  targeted_subgraph_injection b=5 s=89: applied=5, nested=True, p=0.070325, flip=False, attack_success=False, error=none
  targeted_subgraph_injection b=1 s=101: applied=1, nested=True, p=0.467919, flip=False, attack_success=False, error=none
  targeted_subgraph_injection b=3 s=101: applied=3, nested=True, p=0.145046, flip=False, attack_success=False, error=none
  targeted_subgraph_injection b=5 s=101: applied=5, nested=True, p=0.070325, flip=False, attack_success=False, error=none
  targeted_subgraph_injection b=1 s=137: applied=1, nested=True, p=0.467919, flip=False, attack_success=False, error=none
  targeted_subgraph_injection b=3 s=137: applied=3, nested=True, p=0.145046, flip=False, attack_success=False, error=none
  targeted_subgraph_injection b=5 s=137: applied=5, nested=True, p=0.070325, flip=False, attack_success=False, error=none
  targeted_subgraph_injection b=1 s=2026: applied=1, nested=True, p=0.467919, flip=False, attack_success=False, error=none
  targeted_subgraph_injection b=3 s=2026: applied=3, nested=True, p=0.145046, flip=False, attack_success=False, error=none
  targeted_subgraph_injection b=5 s=2026: applied=5, nested=True, p=0.070325, flip=False, attack_success=False, error=none
[31/60] cwe119__11_vulnerable_CWE121_Stack_Based_Buffer_Overflow__: true=1, baseline=0 p=0.332413, correct=False, winner=29
[32/60] cwe119__12_non_vulnerable_CWE121_Stack_Based_Buffer_Overflow__: true=0, baseline=0 p=0.332413, correct=True, winner=29
  winner_xfg_edge_attack b=1 s=7: applied=1, nested=True, p=0.567305, flip=True, attack_success=True, error=none
  winner_xfg_edge_attack b=3 s=7: applied=3, nested=True, p=0.523970, flip=True, attack_success=True, error=none
  winner_xfg_edge_attack b=5 s=7: applied=5, nested=True, p=0.482176, flip=False, attack_success=False, error=none
  winner_xfg_edge_attack b=1 s=17: applied=1, nested=True, p=0.567305, flip=True, attack_success=True, error=none
  winner_xfg_edge_attack b=3 s=17: applied=3, nested=True, p=0.523970, flip=True, attack_success=True, error=none
  winner_xfg_edge_attack b=5 s=17: applied=5, nested=True, p=0.482176, flip=False, attack_success=False, error=none
  winner_xfg_edge_attack b=1 s=29: applied=1, nested=True, p=0.567305, flip=True, attack_success=True, error=none
  winner_xfg_edge_attack b=3 s=29: applied=3, nested=True, p=0.523970, flip=True, attack_success=True, error=none
  winner_xfg_edge_attack b=5 s=29: applied=5, nested=True, p=0.482176, flip=False, attack_success=False, error=none
  winner_xfg_edge_attack b=1 s=42: applied=1, nested=True, p=0.567305, flip=True, attack_success=True, error=none
  winner_xfg_edge_attack b=3 s=42: applied=3, nested=True, p=0.523970, flip=True, attack_success=True, error=none
  winner_xfg_edge_attack b=5 s=42: applied=5, nested=True, p=0.482176, flip=False, attack_success=False, error=none
  winner_xfg_edge_attack b=1 s=61: applied=1, nested=True, p=0.567305, flip=True, attack_success=True, error=none
  winner_xfg_edge_attack b=3 s=61: applied=3, nested=True, p=0.523970, flip=True, attack_success=True, error=none
  winner_xfg_edge_attack b=5 s=61: applied=5, nested=True, p=0.482176, flip=False, attack_success=False, error=none
  winner_xfg_edge_attack b=1 s=73: applied=1, nested=True, p=0.567305, flip=True, attack_success=True, error=none
  winner_xfg_edge_attack b=3 s=73: applied=3, nested=True, p=0.523970, flip=True, attack_success=True, error=none
  winner_xfg_edge_attack b=5 s=73: applied=5, nested=True, p=0.482176, flip=False, attack_success=False, error=none
  winner_xfg_edge_attack b=1 s=89: applied=1, nested=True, p=0.567305, flip=True, attack_success=True, error=none
  winner_xfg_edge_attack b=3 s=89: applied=3, nested=True, p=0.523970, flip=True, attack_success=True, error=none
  winner_xfg_edge_attack b=5 s=89: applied=5, nested=True, p=0.482176, flip=False, attack_success=False, error=none
  winner_xfg_edge_attack b=1 s=101: applied=1, nested=True, p=0.567305, flip=True, attack_success=True, error=none
  winner_xfg_edge_attack b=3 s=101: applied=3, nested=True, p=0.523970, flip=True, attack_success=True, error=none
  winner_xfg_edge_attack b=5 s=101: applied=5, nested=True, p=0.482176, flip=False, attack_success=False, error=none
  winner_xfg_edge_attack b=1 s=137: applied=1, nested=True, p=0.567305, flip=True, attack_success=True, error=none
  winner_xfg_edge_attack b=3 s=137: applied=3, nested=True, p=0.523970, flip=True, attack_success=True, error=none
  winner_xfg_edge_attack b=5 s=137: applied=5, nested=True, p=0.482176, flip=False, attack_success=False, error=none
  winner_xfg_edge_attack b=1 s=2026: applied=1, nested=True, p=0.567305, flip=True, attack_success=True, error=none
  winner_xfg_edge_attack b=3 s=2026: applied=3, nested=True, p=0.523970, flip=True, attack_success=True, error=none
  winner_xfg_edge_attack b=5 s=2026: applied=5, nested=True, p=0.482176, flip=False, attack_success=False, error=none
  winner_xfg_feature_mask b=1 s=7: applied=1, nested=True, p=0.048735, flip=False, attack_success=False, error=none
  winner_xfg_feature_mask b=3 s=7: applied=3, nested=True, p=0.266876, flip=False, attack_success=False, error=none
  winner_xfg_feature_mask b=5 s=7: applied=3, nested=True, p=0.266876, flip=False, attack_success=False, error=none
  winner_xfg_feature_mask b=1 s=17: applied=1, nested=True, p=0.048735, flip=False, attack_success=False, error=none
  winner_xfg_feature_mask b=3 s=17: applied=3, nested=True, p=0.266876, flip=False, attack_success=False, error=none
  winner_xfg_feature_mask b=5 s=17: applied=3, nested=True, p=0.266876, flip=False, attack_success=False, error=none
  winner_xfg_feature_mask b=1 s=29: applied=1, nested=True, p=0.048735, flip=False, attack_success=False, error=none
  winner_xfg_feature_mask b=3 s=29: applied=3, nested=True, p=0.266876, flip=False, attack_success=False, error=none
  winner_xfg_feature_mask b=5 s=29: applied=3, nested=True, p=0.266876, flip=False, attack_success=False, error=none
  winner_xfg_feature_mask b=1 s=42: applied=1, nested=True, p=0.048735, flip=False, attack_success=False, error=none
  winner_xfg_feature_mask b=3 s=42: applied=3, nested=True, p=0.266876, flip=False, attack_success=False, error=none
  winner_xfg_feature_mask b=5 s=42: applied=3, nested=True, p=0.266876, flip=False, attack_success=False, error=none
  winner_xfg_feature_mask b=1 s=61: applied=1, nested=True, p=0.048735, flip=False, attack_success=False, error=none
  winner_xfg_feature_mask b=3 s=61: applied=3, nested=True, p=0.266876, flip=False, attack_success=False, error=none
  winner_xfg_feature_mask b=5 s=61: applied=3, nested=True, p=0.266876, flip=False, attack_success=False, error=none
  winner_xfg_feature_mask b=1 s=73: applied=1, nested=True, p=0.048735, flip=False, attack_success=False, error=none
  winner_xfg_feature_mask b=3 s=73: applied=3, nested=True, p=0.266876, flip=False, attack_success=False, error=none
  winner_xfg_feature_mask b=5 s=73: applied=3, nested=True, p=0.266876, flip=False, attack_success=False, error=none
  winner_xfg_feature_mask b=1 s=89: applied=1, nested=True, p=0.048735, flip=False, attack_success=False, error=none
  winner_xfg_feature_mask b=3 s=89: applied=3, nested=True, p=0.266876, flip=False, attack_success=False, error=none
  winner_xfg_feature_mask b=5 s=89: applied=3, nested=True, p=0.266876, flip=False, attack_success=False, error=none
  winner_xfg_feature_mask b=1 s=101: applied=1, nested=True, p=0.048735, flip=False, attack_success=False, error=none
  winner_xfg_feature_mask b=3 s=101: applied=3, nested=True, p=0.266876, flip=False, attack_success=False, error=none
  winner_xfg_feature_mask b=5 s=101: applied=3, nested=True, p=0.266876, flip=False, attack_success=False, error=none
  winner_xfg_feature_mask b=1 s=137: applied=1, nested=True, p=0.048735, flip=False, attack_success=False, error=none
  winner_xfg_feature_mask b=3 s=137: applied=3, nested=True, p=0.266876, flip=False, attack_success=False, error=none
  winner_xfg_feature_mask b=5 s=137: applied=3, nested=True, p=0.266876, flip=False, attack_success=False, error=none
  winner_xfg_feature_mask b=1 s=2026: applied=1, nested=True, p=0.048735, flip=False, attack_success=False, error=none
  winner_xfg_feature_mask b=3 s=2026: applied=3, nested=True, p=0.266876, flip=False, attack_success=False, error=none
  winner_xfg_feature_mask b=5 s=2026: applied=3, nested=True, p=0.266876, flip=False, attack_success=False, error=none
  targeted_subgraph_injection b=1 s=7: applied=1, nested=True, p=0.385438, flip=False, attack_success=False, error=none
  targeted_subgraph_injection b=3 s=7: applied=3, nested=True, p=0.229769, flip=False, attack_success=False, error=none
  targeted_subgraph_injection b=5 s=7: applied=5, nested=True, p=0.207928, flip=False, attack_success=False, error=none
  targeted_subgraph_injection b=1 s=17: applied=1, nested=True, p=0.385438, flip=False, attack_success=False, error=none
  targeted_subgraph_injection b=3 s=17: applied=3, nested=True, p=0.229769, flip=False, attack_success=False, error=none
  targeted_subgraph_injection b=5 s=17: applied=5, nested=True, p=0.207928, flip=False, attack_success=False, error=none
  targeted_subgraph_injection b=1 s=29: applied=1, nested=True, p=0.385438, flip=False, attack_success=False, error=none
  targeted_subgraph_injection b=3 s=29: applied=3, nested=True, p=0.229769, flip=False, attack_success=False, error=none
  targeted_subgraph_injection b=5 s=29: applied=5, nested=True, p=0.207928, flip=False, attack_success=False, error=none
  targeted_subgraph_injection b=1 s=42: applied=1, nested=True, p=0.385438, flip=False, attack_success=False, error=none
  targeted_subgraph_injection b=3 s=42: applied=3, nested=True, p=0.229769, flip=False, attack_success=False, error=none
  targeted_subgraph_injection b=5 s=42: applied=5, nested=True, p=0.207928, flip=False, attack_success=False, error=none
  targeted_subgraph_injection b=1 s=61: applied=1, nested=True, p=0.385438, flip=False, attack_success=False, error=none
  targeted_subgraph_injection b=3 s=61: applied=3, nested=True, p=0.229769, flip=False, attack_success=False, error=none
  targeted_subgraph_injection b=5 s=61: applied=5, nested=True, p=0.207928, flip=False, attack_success=False, error=none
  targeted_subgraph_injection b=1 s=73: applied=1, nested=True, p=0.385438, flip=False, attack_success=False, error=none
  targeted_subgraph_injection b=3 s=73: applied=3, nested=True, p=0.229769, flip=False, attack_success=False, error=none
  targeted_subgraph_injection b=5 s=73: applied=5, nested=True, p=0.207928, flip=False, attack_success=False, error=none
  targeted_subgraph_injection b=1 s=89: applied=1, nested=True, p=0.385438, flip=False, attack_success=False, error=none
  targeted_subgraph_injection b=3 s=89: applied=3, nested=True, p=0.229769, flip=False, attack_success=False, error=none
  targeted_subgraph_injection b=5 s=89: applied=5, nested=True, p=0.207928, flip=False, attack_success=False, error=none
  targeted_subgraph_injection b=1 s=101: applied=1, nested=True, p=0.385438, flip=False, attack_success=False, error=none
  targeted_subgraph_injection b=3 s=101: applied=3, nested=True, p=0.229769, flip=False, attack_success=False, error=none
  targeted_subgraph_injection b=5 s=101: applied=5, nested=True, p=0.207928, flip=False, attack_success=False, error=none
  targeted_subgraph_injection b=1 s=137: applied=1, nested=True, p=0.385438, flip=False, attack_success=False, error=none
  targeted_subgraph_injection b=3 s=137: applied=3, nested=True, p=0.229769, flip=False, attack_success=False, error=none
  targeted_subgraph_injection b=5 s=137: applied=5, nested=True, p=0.207928, flip=False, attack_success=False, error=none
  targeted_subgraph_injection b=1 s=2026: applied=1, nested=True, p=0.385438, flip=False, attack_success=False, error=none
  targeted_subgraph_injection b=3 s=2026: applied=3, nested=True, p=0.229769, flip=False, attack_success=False, error=none
  targeted_subgraph_injection b=5 s=2026: applied=5, nested=True, p=0.207928, flip=False, attack_success=False, error=none
[33/60] cwe119__13_vulnerable_CWE121_Stack_Based_Buffer_Overflow__: true=1, baseline=0 p=0.470947, correct=False, winner=36
[34/60] cwe119__14_non_vulnerable_CWE121_Stack_Based_Buffer_Overflow__: true=0, baseline=0 p=0.470947, correct=True, winner=36
  winner_xfg_edge_attack b=1 s=7: applied=1, nested=True, p=0.104832, flip=False, attack_success=False, error=none
  winner_xfg_edge_attack b=3 s=7: applied=3, nested=True, p=0.152459, flip=False, attack_success=False, error=none
  winner_xfg_edge_attack b=5 s=7: applied=5, nested=True, p=0.149680, flip=False, attack_success=False, error=none
  winner_xfg_edge_attack b=1 s=17: applied=1, nested=True, p=0.104832, flip=False, attack_success=False, error=none
  winner_xfg_edge_attack b=3 s=17: applied=3, nested=True, p=0.152459, flip=False, attack_success=False, error=none
  winner_xfg_edge_attack b=5 s=17: applied=5, nested=True, p=0.149680, flip=False, attack_success=False, error=none
  winner_xfg_edge_attack b=1 s=29: applied=1, nested=True, p=0.104832, flip=False, attack_success=False, error=none
  winner_xfg_edge_attack b=3 s=29: applied=3, nested=True, p=0.152459, flip=False, attack_success=False, error=none
  winner_xfg_edge_attack b=5 s=29: applied=5, nested=True, p=0.149680, flip=False, attack_success=False, error=none
  winner_xfg_edge_attack b=1 s=42: applied=1, nested=True, p=0.104832, flip=False, attack_success=False, error=none
  winner_xfg_edge_attack b=3 s=42: applied=3, nested=True, p=0.152459, flip=False, attack_success=False, error=none
  winner_xfg_edge_attack b=5 s=42: applied=5, nested=True, p=0.149680, flip=False, attack_success=False, error=none
  winner_xfg_edge_attack b=1 s=61: applied=1, nested=True, p=0.104832, flip=False, attack_success=False, error=none
  winner_xfg_edge_attack b=3 s=61: applied=3, nested=True, p=0.152459, flip=False, attack_success=False, error=none
  winner_xfg_edge_attack b=5 s=61: applied=5, nested=True, p=0.149680, flip=False, attack_success=False, error=none
  winner_xfg_edge_attack b=1 s=73: applied=1, nested=True, p=0.104832, flip=False, attack_success=False, error=none
  winner_xfg_edge_attack b=3 s=73: applied=3, nested=True, p=0.152459, flip=False, attack_success=False, error=none
  winner_xfg_edge_attack b=5 s=73: applied=5, nested=True, p=0.149680, flip=False, attack_success=False, error=none
  winner_xfg_edge_attack b=1 s=89: applied=1, nested=True, p=0.104832, flip=False, attack_success=False, error=none
  winner_xfg_edge_attack b=3 s=89: applied=3, nested=True, p=0.152459, flip=False, attack_success=False, error=none
  winner_xfg_edge_attack b=5 s=89: applied=5, nested=True, p=0.149680, flip=False, attack_success=False, error=none
  winner_xfg_edge_attack b=1 s=101: applied=1, nested=True, p=0.104832, flip=False, attack_success=False, error=none
  winner_xfg_edge_attack b=3 s=101: applied=3, nested=True, p=0.152459, flip=False, attack_success=False, error=none
  winner_xfg_edge_attack b=5 s=101: applied=5, nested=True, p=0.149680, flip=False, attack_success=False, error=none
  winner_xfg_edge_attack b=1 s=137: applied=1, nested=True, p=0.104832, flip=False, attack_success=False, error=none
  winner_xfg_edge_attack b=3 s=137: applied=3, nested=True, p=0.152459, flip=False, attack_success=False, error=none
  winner_xfg_edge_attack b=5 s=137: applied=5, nested=True, p=0.149680, flip=False, attack_success=False, error=none
  winner_xfg_edge_attack b=1 s=2026: applied=1, nested=True, p=0.104832, flip=False, attack_success=False, error=none
  winner_xfg_edge_attack b=3 s=2026: applied=3, nested=True, p=0.152459, flip=False, attack_success=False, error=none
  winner_xfg_edge_attack b=5 s=2026: applied=5, nested=True, p=0.149680, flip=False, attack_success=False, error=none
  winner_xfg_feature_mask b=1 s=7: applied=1, nested=True, p=0.266875, flip=False, attack_success=False, error=none
  winner_xfg_feature_mask b=3 s=7: applied=3, nested=True, p=0.266875, flip=False, attack_success=False, error=none
  winner_xfg_feature_mask b=5 s=7: applied=3, nested=True, p=0.266875, flip=False, attack_success=False, error=none
  winner_xfg_feature_mask b=1 s=17: applied=1, nested=True, p=0.266875, flip=False, attack_success=False, error=none
  winner_xfg_feature_mask b=3 s=17: applied=3, nested=True, p=0.266875, flip=False, attack_success=False, error=none
  winner_xfg_feature_mask b=5 s=17: applied=3, nested=True, p=0.266875, flip=False, attack_success=False, error=none
  winner_xfg_feature_mask b=1 s=29: applied=1, nested=True, p=0.266875, flip=False, attack_success=False, error=none
  winner_xfg_feature_mask b=3 s=29: applied=3, nested=True, p=0.266875, flip=False, attack_success=False, error=none
  winner_xfg_feature_mask b=5 s=29: applied=3, nested=True, p=0.266875, flip=False, attack_success=False, error=none
  winner_xfg_feature_mask b=1 s=42: applied=1, nested=True, p=0.266875, flip=False, attack_success=False, error=none
  winner_xfg_feature_mask b=3 s=42: applied=3, nested=True, p=0.266875, flip=False, attack_success=False, error=none
  winner_xfg_feature_mask b=5 s=42: applied=3, nested=True, p=0.266875, flip=False, attack_success=False, error=none
  winner_xfg_feature_mask b=1 s=61: applied=1, nested=True, p=0.266875, flip=False, attack_success=False, error=none
  winner_xfg_feature_mask b=3 s=61: applied=3, nested=True, p=0.266875, flip=False, attack_success=False, error=none
  winner_xfg_feature_mask b=5 s=61: applied=3, nested=True, p=0.266875, flip=False, attack_success=False, error=none
  winner_xfg_feature_mask b=1 s=73: applied=1, nested=True, p=0.266875, flip=False, attack_success=False, error=none
  winner_xfg_feature_mask b=3 s=73: applied=3, nested=True, p=0.266875, flip=False, attack_success=False, error=none
  winner_xfg_feature_mask b=5 s=73: applied=3, nested=True, p=0.266875, flip=False, attack_success=False, error=none
  winner_xfg_feature_mask b=1 s=89: applied=1, nested=True, p=0.266875, flip=False, attack_success=False, error=none
  winner_xfg_feature_mask b=3 s=89: applied=3, nested=True, p=0.266875, flip=False, attack_success=False, error=none
  winner_xfg_feature_mask b=5 s=89: applied=3, nested=True, p=0.266875, flip=False, attack_success=False, error=none
  winner_xfg_feature_mask b=1 s=101: applied=1, nested=True, p=0.266875, flip=False, attack_success=False, error=none
  winner_xfg_feature_mask b=3 s=101: applied=3, nested=True, p=0.266875, flip=False, attack_success=False, error=none
  winner_xfg_feature_mask b=5 s=101: applied=3, nested=True, p=0.266875, flip=False, attack_success=False, error=none
  winner_xfg_feature_mask b=1 s=137: applied=1, nested=True, p=0.266875, flip=False, attack_success=False, error=none
  winner_xfg_feature_mask b=3 s=137: applied=3, nested=True, p=0.266875, flip=False, attack_success=False, error=none
  winner_xfg_feature_mask b=5 s=137: applied=3, nested=True, p=0.266875, flip=False, attack_success=False, error=none
  winner_xfg_feature_mask b=1 s=2026: applied=1, nested=True, p=0.266875, flip=False, attack_success=False, error=none
  winner_xfg_feature_mask b=3 s=2026: applied=3, nested=True, p=0.266875, flip=False, attack_success=False, error=none
  winner_xfg_feature_mask b=5 s=2026: applied=3, nested=True, p=0.266875, flip=False, attack_success=False, error=none
  targeted_subgraph_injection b=1 s=7: applied=1, nested=True, p=0.004483, flip=False, attack_success=False, error=none
  targeted_subgraph_injection b=3 s=7: applied=3, nested=True, p=0.003201, flip=False, attack_success=False, error=none
  targeted_subgraph_injection b=5 s=7: applied=5, nested=True, p=0.003135, flip=False, attack_success=False, error=none
  targeted_subgraph_injection b=1 s=17: applied=1, nested=True, p=0.004483, flip=False, attack_success=False, error=none
  targeted_subgraph_injection b=3 s=17: applied=3, nested=True, p=0.003201, flip=False, attack_success=False, error=none
  targeted_subgraph_injection b=5 s=17: applied=5, nested=True, p=0.003135, flip=False, attack_success=False, error=none
  targeted_subgraph_injection b=1 s=29: applied=1, nested=True, p=0.004483, flip=False, attack_success=False, error=none
  targeted_subgraph_injection b=3 s=29: applied=3, nested=True, p=0.003201, flip=False, attack_success=False, error=none
  targeted_subgraph_injection b=5 s=29: applied=5, nested=True, p=0.003135, flip=False, attack_success=False, error=none
  targeted_subgraph_injection b=1 s=42: applied=1, nested=True, p=0.004483, flip=False, attack_success=False, error=none
  targeted_subgraph_injection b=3 s=42: applied=3, nested=True, p=0.003201, flip=False, attack_success=False, error=none
  targeted_subgraph_injection b=5 s=42: applied=5, nested=True, p=0.003135, flip=False, attack_success=False, error=none
  targeted_subgraph_injection b=1 s=61: applied=1, nested=True, p=0.004483, flip=False, attack_success=False, error=none
  targeted_subgraph_injection b=3 s=61: applied=3, nested=True, p=0.003201, flip=False, attack_success=False, error=none
  targeted_subgraph_injection b=5 s=61: applied=5, nested=True, p=0.003135, flip=False, attack_success=False, error=none
  targeted_subgraph_injection b=1 s=73: applied=1, nested=True, p=0.004483, flip=False, attack_success=False, error=none
  targeted_subgraph_injection b=3 s=73: applied=3, nested=True, p=0.003201, flip=False, attack_success=False, error=none
  targeted_subgraph_injection b=5 s=73: applied=5, nested=True, p=0.003135, flip=False, attack_success=False, error=none
  targeted_subgraph_injection b=1 s=89: applied=1, nested=True, p=0.004483, flip=False, attack_success=False, error=none
  targeted_subgraph_injection b=3 s=89: applied=3, nested=True, p=0.003201, flip=False, attack_success=False, error=none
  targeted_subgraph_injection b=5 s=89: applied=5, nested=True, p=0.003135, flip=False, attack_success=False, error=none
  targeted_subgraph_injection b=1 s=101: applied=1, nested=True, p=0.004483, flip=False, attack_success=False, error=none
  targeted_subgraph_injection b=3 s=101: applied=3, nested=True, p=0.003201, flip=False, attack_success=False, error=none
  targeted_subgraph_injection b=5 s=101: applied=5, nested=True, p=0.003135, flip=False, attack_success=False, error=none
  targeted_subgraph_injection b=1 s=137: applied=1, nested=True, p=0.004483, flip=False, attack_success=False, error=none
  targeted_subgraph_injection b=3 s=137: applied=3, nested=True, p=0.003201, flip=False, attack_success=False, error=none
  targeted_subgraph_injection b=5 s=137: applied=5, nested=True, p=0.003135, flip=False, attack_success=False, error=none
  targeted_subgraph_injection b=1 s=2026: applied=1, nested=True, p=0.004483, flip=False, attack_success=False, error=none
  targeted_subgraph_injection b=3 s=2026: applied=3, nested=True, p=0.003201, flip=False, attack_success=False, error=none
  targeted_subgraph_injection b=5 s=2026: applied=5, nested=True, p=0.003135, flip=False, attack_success=False, error=none
[35/60] cwe119__15_vulnerable_CWE121_Stack_Based_Buffer_Overflow__: true=1, baseline=0 p=0.470947, correct=False, winner=36
[36/60] cwe119__16_non_vulnerable_CWE121_Stack_Based_Buffer_Overflow__: true=0, baseline=0 p=0.470947, correct=True, winner=36
  winner_xfg_edge_attack b=1 s=7: applied=1, nested=True, p=0.104832, flip=False, attack_success=False, error=none
  winner_xfg_edge_attack b=3 s=7: applied=3, nested=True, p=0.152459, flip=False, attack_success=False, error=none
  winner_xfg_edge_attack b=5 s=7: applied=5, nested=True, p=0.149680, flip=False, attack_success=False, error=none
  winner_xfg_edge_attack b=1 s=17: applied=1, nested=True, p=0.104832, flip=False, attack_success=False, error=none
  winner_xfg_edge_attack b=3 s=17: applied=3, nested=True, p=0.152459, flip=False, attack_success=False, error=none
  winner_xfg_edge_attack b=5 s=17: applied=5, nested=True, p=0.149680, flip=False, attack_success=False, error=none
  winner_xfg_edge_attack b=1 s=29: applied=1, nested=True, p=0.104832, flip=False, attack_success=False, error=none
  winner_xfg_edge_attack b=3 s=29: applied=3, nested=True, p=0.152459, flip=False, attack_success=False, error=none
  winner_xfg_edge_attack b=5 s=29: applied=5, nested=True, p=0.149680, flip=False, attack_success=False, error=none
  winner_xfg_edge_attack b=1 s=42: applied=1, nested=True, p=0.104832, flip=False, attack_success=False, error=none
  winner_xfg_edge_attack b=3 s=42: applied=3, nested=True, p=0.152459, flip=False, attack_success=False, error=none
  winner_xfg_edge_attack b=5 s=42: applied=5, nested=True, p=0.149680, flip=False, attack_success=False, error=none
  winner_xfg_edge_attack b=1 s=61: applied=1, nested=True, p=0.104832, flip=False, attack_success=False, error=none
  winner_xfg_edge_attack b=3 s=61: applied=3, nested=True, p=0.152459, flip=False, attack_success=False, error=none
  winner_xfg_edge_attack b=5 s=61: applied=5, nested=True, p=0.149680, flip=False, attack_success=False, error=none
  winner_xfg_edge_attack b=1 s=73: applied=1, nested=True, p=0.104832, flip=False, attack_success=False, error=none
  winner_xfg_edge_attack b=3 s=73: applied=3, nested=True, p=0.152459, flip=False, attack_success=False, error=none
  winner_xfg_edge_attack b=5 s=73: applied=5, nested=True, p=0.149680, flip=False, attack_success=False, error=none
  winner_xfg_edge_attack b=1 s=89: applied=1, nested=True, p=0.104832, flip=False, attack_success=False, error=none
  winner_xfg_edge_attack b=3 s=89: applied=3, nested=True, p=0.152459, flip=False, attack_success=False, error=none
  winner_xfg_edge_attack b=5 s=89: applied=5, nested=True, p=0.149680, flip=False, attack_success=False, error=none
  winner_xfg_edge_attack b=1 s=101: applied=1, nested=True, p=0.104832, flip=False, attack_success=False, error=none
  winner_xfg_edge_attack b=3 s=101: applied=3, nested=True, p=0.152459, flip=False, attack_success=False, error=none
  winner_xfg_edge_attack b=5 s=101: applied=5, nested=True, p=0.149680, flip=False, attack_success=False, error=none
  winner_xfg_edge_attack b=1 s=137: applied=1, nested=True, p=0.104832, flip=False, attack_success=False, error=none
  winner_xfg_edge_attack b=3 s=137: applied=3, nested=True, p=0.152459, flip=False, attack_success=False, error=none
  winner_xfg_edge_attack b=5 s=137: applied=5, nested=True, p=0.149680, flip=False, attack_success=False, error=none
  winner_xfg_edge_attack b=1 s=2026: applied=1, nested=True, p=0.104832, flip=False, attack_success=False, error=none
  winner_xfg_edge_attack b=3 s=2026: applied=3, nested=True, p=0.152459, flip=False, attack_success=False, error=none
  winner_xfg_edge_attack b=5 s=2026: applied=5, nested=True, p=0.149680, flip=False, attack_success=False, error=none
  winner_xfg_feature_mask b=1 s=7: applied=1, nested=True, p=0.266875, flip=False, attack_success=False, error=none
  winner_xfg_feature_mask b=3 s=7: applied=3, nested=True, p=0.266875, flip=False, attack_success=False, error=none
  winner_xfg_feature_mask b=5 s=7: applied=3, nested=True, p=0.266875, flip=False, attack_success=False, error=none
  winner_xfg_feature_mask b=1 s=17: applied=1, nested=True, p=0.266875, flip=False, attack_success=False, error=none
  winner_xfg_feature_mask b=3 s=17: applied=3, nested=True, p=0.266875, flip=False, attack_success=False, error=none
  winner_xfg_feature_mask b=5 s=17: applied=3, nested=True, p=0.266875, flip=False, attack_success=False, error=none
  winner_xfg_feature_mask b=1 s=29: applied=1, nested=True, p=0.266875, flip=False, attack_success=False, error=none
  winner_xfg_feature_mask b=3 s=29: applied=3, nested=True, p=0.266875, flip=False, attack_success=False, error=none
  winner_xfg_feature_mask b=5 s=29: applied=3, nested=True, p=0.266875, flip=False, attack_success=False, error=none
  winner_xfg_feature_mask b=1 s=42: applied=1, nested=True, p=0.266875, flip=False, attack_success=False, error=none
  winner_xfg_feature_mask b=3 s=42: applied=3, nested=True, p=0.266875, flip=False, attack_success=False, error=none
  winner_xfg_feature_mask b=5 s=42: applied=3, nested=True, p=0.266875, flip=False, attack_success=False, error=none
  winner_xfg_feature_mask b=1 s=61: applied=1, nested=True, p=0.266875, flip=False, attack_success=False, error=none
  winner_xfg_feature_mask b=3 s=61: applied=3, nested=True, p=0.266875, flip=False, attack_success=False, error=none
  winner_xfg_feature_mask b=5 s=61: applied=3, nested=True, p=0.266875, flip=False, attack_success=False, error=none
  winner_xfg_feature_mask b=1 s=73: applied=1, nested=True, p=0.266875, flip=False, attack_success=False, error=none
  winner_xfg_feature_mask b=3 s=73: applied=3, nested=True, p=0.266875, flip=False, attack_success=False, error=none
  winner_xfg_feature_mask b=5 s=73: applied=3, nested=True, p=0.266875, flip=False, attack_success=False, error=none
  winner_xfg_feature_mask b=1 s=89: applied=1, nested=True, p=0.266875, flip=False, attack_success=False, error=none
  winner_xfg_feature_mask b=3 s=89: applied=3, nested=True, p=0.266875, flip=False, attack_success=False, error=none
  winner_xfg_feature_mask b=5 s=89: applied=3, nested=True, p=0.266875, flip=False, attack_success=False, error=none
  winner_xfg_feature_mask b=1 s=101: applied=1, nested=True, p=0.266875, flip=False, attack_success=False, error=none
  winner_xfg_feature_mask b=3 s=101: applied=3, nested=True, p=0.266875, flip=False, attack_success=False, error=none
  winner_xfg_feature_mask b=5 s=101: applied=3, nested=True, p=0.266875, flip=False, attack_success=False, error=none
  winner_xfg_feature_mask b=1 s=137: applied=1, nested=True, p=0.266875, flip=False, attack_success=False, error=none
  winner_xfg_feature_mask b=3 s=137: applied=3, nested=True, p=0.266875, flip=False, attack_success=False, error=none
  winner_xfg_feature_mask b=5 s=137: applied=3, nested=True, p=0.266875, flip=False, attack_success=False, error=none
  winner_xfg_feature_mask b=1 s=2026: applied=1, nested=True, p=0.266875, flip=False, attack_success=False, error=none
  winner_xfg_feature_mask b=3 s=2026: applied=3, nested=True, p=0.266875, flip=False, attack_success=False, error=none
  winner_xfg_feature_mask b=5 s=2026: applied=3, nested=True, p=0.266875, flip=False, attack_success=False, error=none
  targeted_subgraph_injection b=1 s=7: applied=1, nested=True, p=0.004483, flip=False, attack_success=False, error=none
  targeted_subgraph_injection b=3 s=7: applied=3, nested=True, p=0.003201, flip=False, attack_success=False, error=none
  targeted_subgraph_injection b=5 s=7: applied=5, nested=True, p=0.003135, flip=False, attack_success=False, error=none
  targeted_subgraph_injection b=1 s=17: applied=1, nested=True, p=0.004483, flip=False, attack_success=False, error=none
  targeted_subgraph_injection b=3 s=17: applied=3, nested=True, p=0.003201, flip=False, attack_success=False, error=none
  targeted_subgraph_injection b=5 s=17: applied=5, nested=True, p=0.003135, flip=False, attack_success=False, error=none
  targeted_subgraph_injection b=1 s=29: applied=1, nested=True, p=0.004483, flip=False, attack_success=False, error=none
  targeted_subgraph_injection b=3 s=29: applied=3, nested=True, p=0.003201, flip=False, attack_success=False, error=none
  targeted_subgraph_injection b=5 s=29: applied=5, nested=True, p=0.003135, flip=False, attack_success=False, error=none
  targeted_subgraph_injection b=1 s=42: applied=1, nested=True, p=0.004483, flip=False, attack_success=False, error=none
  targeted_subgraph_injection b=3 s=42: applied=3, nested=True, p=0.003201, flip=False, attack_success=False, error=none
  targeted_subgraph_injection b=5 s=42: applied=5, nested=True, p=0.003135, flip=False, attack_success=False, error=none
  targeted_subgraph_injection b=1 s=61: applied=1, nested=True, p=0.004483, flip=False, attack_success=False, error=none
  targeted_subgraph_injection b=3 s=61: applied=3, nested=True, p=0.003201, flip=False, attack_success=False, error=none
  targeted_subgraph_injection b=5 s=61: applied=5, nested=True, p=0.003135, flip=False, attack_success=False, error=none
  targeted_subgraph_injection b=1 s=73: applied=1, nested=True, p=0.004483, flip=False, attack_success=False, error=none
  targeted_subgraph_injection b=3 s=73: applied=3, nested=True, p=0.003201, flip=False, attack_success=False, error=none
  targeted_subgraph_injection b=5 s=73: applied=5, nested=True, p=0.003135, flip=False, attack_success=False, error=none
  targeted_subgraph_injection b=1 s=89: applied=1, nested=True, p=0.004483, flip=False, attack_success=False, error=none
  targeted_subgraph_injection b=3 s=89: applied=3, nested=True, p=0.003201, flip=False, attack_success=False, error=none
  targeted_subgraph_injection b=5 s=89: applied=5, nested=True, p=0.003135, flip=False, attack_success=False, error=none
  targeted_subgraph_injection b=1 s=101: applied=1, nested=True, p=0.004483, flip=False, attack_success=False, error=none
  targeted_subgraph_injection b=3 s=101: applied=3, nested=True, p=0.003201, flip=False, attack_success=False, error=none
  targeted_subgraph_injection b=5 s=101: applied=5, nested=True, p=0.003135, flip=False, attack_success=False, error=none
  targeted_subgraph_injection b=1 s=137: applied=1, nested=True, p=0.004483, flip=False, attack_success=False, error=none
  targeted_subgraph_injection b=3 s=137: applied=3, nested=True, p=0.003201, flip=False, attack_success=False, error=none
  targeted_subgraph_injection b=5 s=137: applied=5, nested=True, p=0.003135, flip=False, attack_success=False, error=none
  targeted_subgraph_injection b=1 s=2026: applied=1, nested=True, p=0.004483, flip=False, attack_success=False, error=none
  targeted_subgraph_injection b=3 s=2026: applied=3, nested=True, p=0.003201, flip=False, attack_success=False, error=none
  targeted_subgraph_injection b=5 s=2026: applied=5, nested=True, p=0.003135, flip=False, attack_success=False, error=none
[37/60] cwe119__17_vulnerable_CWE121_Stack_Based_Buffer_Overflow__: true=1, baseline=0 p=0.193190, correct=False, winner=29
[38/60] cwe119__18_non_vulnerable_CWE121_Stack_Based_Buffer_Overflow__: true=0, baseline=0 p=0.193190, correct=True, winner=29
  winner_xfg_edge_attack b=1 s=7: applied=1, nested=True, p=0.255349, flip=False, attack_success=False, error=none
  winner_xfg_edge_attack b=3 s=7: applied=3, nested=True, p=0.520846, flip=True, attack_success=True, error=none
  winner_xfg_edge_attack b=5 s=7: applied=5, nested=True, p=0.438556, flip=False, attack_success=False, error=none
  winner_xfg_edge_attack b=1 s=17: applied=1, nested=True, p=0.255349, flip=False, attack_success=False, error=none
  winner_xfg_edge_attack b=3 s=17: applied=3, nested=True, p=0.520846, flip=True, attack_success=True, error=none
  winner_xfg_edge_attack b=5 s=17: applied=5, nested=True, p=0.438556, flip=False, attack_success=False, error=none
  winner_xfg_edge_attack b=1 s=29: applied=1, nested=True, p=0.255349, flip=False, attack_success=False, error=none
  winner_xfg_edge_attack b=3 s=29: applied=3, nested=True, p=0.520846, flip=True, attack_success=True, error=none
  winner_xfg_edge_attack b=5 s=29: applied=5, nested=True, p=0.438556, flip=False, attack_success=False, error=none
  winner_xfg_edge_attack b=1 s=42: applied=1, nested=True, p=0.255349, flip=False, attack_success=False, error=none
  winner_xfg_edge_attack b=3 s=42: applied=3, nested=True, p=0.520846, flip=True, attack_success=True, error=none
  winner_xfg_edge_attack b=5 s=42: applied=5, nested=True, p=0.438556, flip=False, attack_success=False, error=none
  winner_xfg_edge_attack b=1 s=61: applied=1, nested=True, p=0.255349, flip=False, attack_success=False, error=none
  winner_xfg_edge_attack b=3 s=61: applied=3, nested=True, p=0.520846, flip=True, attack_success=True, error=none
  winner_xfg_edge_attack b=5 s=61: applied=5, nested=True, p=0.438556, flip=False, attack_success=False, error=none
  winner_xfg_edge_attack b=1 s=73: applied=1, nested=True, p=0.255349, flip=False, attack_success=False, error=none
  winner_xfg_edge_attack b=3 s=73: applied=3, nested=True, p=0.520846, flip=True, attack_success=True, error=none
  winner_xfg_edge_attack b=5 s=73: applied=5, nested=True, p=0.438556, flip=False, attack_success=False, error=none
  winner_xfg_edge_attack b=1 s=89: applied=1, nested=True, p=0.255349, flip=False, attack_success=False, error=none
  winner_xfg_edge_attack b=3 s=89: applied=3, nested=True, p=0.520846, flip=True, attack_success=True, error=none
  winner_xfg_edge_attack b=5 s=89: applied=5, nested=True, p=0.438556, flip=False, attack_success=False, error=none
  winner_xfg_edge_attack b=1 s=101: applied=1, nested=True, p=0.255349, flip=False, attack_success=False, error=none
  winner_xfg_edge_attack b=3 s=101: applied=3, nested=True, p=0.520846, flip=True, attack_success=True, error=none
  winner_xfg_edge_attack b=5 s=101: applied=5, nested=True, p=0.438556, flip=False, attack_success=False, error=none
  winner_xfg_edge_attack b=1 s=137: applied=1, nested=True, p=0.255349, flip=False, attack_success=False, error=none
  winner_xfg_edge_attack b=3 s=137: applied=3, nested=True, p=0.520846, flip=True, attack_success=True, error=none
  winner_xfg_edge_attack b=5 s=137: applied=5, nested=True, p=0.438556, flip=False, attack_success=False, error=none
  winner_xfg_edge_attack b=1 s=2026: applied=1, nested=True, p=0.255349, flip=False, attack_success=False, error=none
  winner_xfg_edge_attack b=3 s=2026: applied=3, nested=True, p=0.520846, flip=True, attack_success=True, error=none
  winner_xfg_edge_attack b=5 s=2026: applied=5, nested=True, p=0.438556, flip=False, attack_success=False, error=none
  winner_xfg_feature_mask b=1 s=7: applied=1, nested=True, p=0.000989, flip=False, attack_success=False, error=none
  winner_xfg_feature_mask b=3 s=7: applied=3, nested=True, p=0.000000, flip=False, attack_success=False, error=none
  winner_xfg_feature_mask b=5 s=7: applied=3, nested=True, p=0.000000, flip=False, attack_success=False, error=none
  winner_xfg_feature_mask b=1 s=17: applied=1, nested=True, p=0.000989, flip=False, attack_success=False, error=none
  winner_xfg_feature_mask b=3 s=17: applied=3, nested=True, p=0.000000, flip=False, attack_success=False, error=none
  winner_xfg_feature_mask b=5 s=17: applied=3, nested=True, p=0.000000, flip=False, attack_success=False, error=none
  winner_xfg_feature_mask b=1 s=29: applied=1, nested=True, p=0.000989, flip=False, attack_success=False, error=none
  winner_xfg_feature_mask b=3 s=29: applied=3, nested=True, p=0.000000, flip=False, attack_success=False, error=none
  winner_xfg_feature_mask b=5 s=29: applied=3, nested=True, p=0.000000, flip=False, attack_success=False, error=none
  winner_xfg_feature_mask b=1 s=42: applied=1, nested=True, p=0.000989, flip=False, attack_success=False, error=none
  winner_xfg_feature_mask b=3 s=42: applied=3, nested=True, p=0.000000, flip=False, attack_success=False, error=none
  winner_xfg_feature_mask b=5 s=42: applied=3, nested=True, p=0.000000, flip=False, attack_success=False, error=none
  winner_xfg_feature_mask b=1 s=61: applied=1, nested=True, p=0.000989, flip=False, attack_success=False, error=none
  winner_xfg_feature_mask b=3 s=61: applied=3, nested=True, p=0.000000, flip=False, attack_success=False, error=none
  winner_xfg_feature_mask b=5 s=61: applied=3, nested=True, p=0.000000, flip=False, attack_success=False, error=none
  winner_xfg_feature_mask b=1 s=73: applied=1, nested=True, p=0.000989, flip=False, attack_success=False, error=none
  winner_xfg_feature_mask b=3 s=73: applied=3, nested=True, p=0.000000, flip=False, attack_success=False, error=none
  winner_xfg_feature_mask b=5 s=73: applied=3, nested=True, p=0.000000, flip=False, attack_success=False, error=none
  winner_xfg_feature_mask b=1 s=89: applied=1, nested=True, p=0.000989, flip=False, attack_success=False, error=none
  winner_xfg_feature_mask b=3 s=89: applied=3, nested=True, p=0.000000, flip=False, attack_success=False, error=none
  winner_xfg_feature_mask b=5 s=89: applied=3, nested=True, p=0.000000, flip=False, attack_success=False, error=none
  winner_xfg_feature_mask b=1 s=101: applied=1, nested=True, p=0.000989, flip=False, attack_success=False, error=none
  winner_xfg_feature_mask b=3 s=101: applied=3, nested=True, p=0.000000, flip=False, attack_success=False, error=none
  winner_xfg_feature_mask b=5 s=101: applied=3, nested=True, p=0.000000, flip=False, attack_success=False, error=none
  winner_xfg_feature_mask b=1 s=137: applied=1, nested=True, p=0.000989, flip=False, attack_success=False, error=none
  winner_xfg_feature_mask b=3 s=137: applied=3, nested=True, p=0.000000, flip=False, attack_success=False, error=none
  winner_xfg_feature_mask b=5 s=137: applied=3, nested=True, p=0.000000, flip=False, attack_success=False, error=none
  winner_xfg_feature_mask b=1 s=2026: applied=1, nested=True, p=0.000989, flip=False, attack_success=False, error=none
  winner_xfg_feature_mask b=3 s=2026: applied=3, nested=True, p=0.000000, flip=False, attack_success=False, error=none
  winner_xfg_feature_mask b=5 s=2026: applied=3, nested=True, p=0.000000, flip=False, attack_success=False, error=none
  targeted_subgraph_injection b=1 s=7: applied=1, nested=True, p=0.484783, flip=False, attack_success=False, error=none
  targeted_subgraph_injection b=3 s=7: applied=3, nested=True, p=0.250883, flip=False, attack_success=False, error=none
  targeted_subgraph_injection b=5 s=7: applied=5, nested=True, p=0.188514, flip=False, attack_success=False, error=none
  targeted_subgraph_injection b=1 s=17: applied=1, nested=True, p=0.484783, flip=False, attack_success=False, error=none
  targeted_subgraph_injection b=3 s=17: applied=3, nested=True, p=0.250883, flip=False, attack_success=False, error=none
  targeted_subgraph_injection b=5 s=17: applied=5, nested=True, p=0.188514, flip=False, attack_success=False, error=none
  targeted_subgraph_injection b=1 s=29: applied=1, nested=True, p=0.484783, flip=False, attack_success=False, error=none
  targeted_subgraph_injection b=3 s=29: applied=3, nested=True, p=0.250883, flip=False, attack_success=False, error=none
  targeted_subgraph_injection b=5 s=29: applied=5, nested=True, p=0.188514, flip=False, attack_success=False, error=none
  targeted_subgraph_injection b=1 s=42: applied=1, nested=True, p=0.484783, flip=False, attack_success=False, error=none
  targeted_subgraph_injection b=3 s=42: applied=3, nested=True, p=0.250883, flip=False, attack_success=False, error=none
  targeted_subgraph_injection b=5 s=42: applied=5, nested=True, p=0.188514, flip=False, attack_success=False, error=none
  targeted_subgraph_injection b=1 s=61: applied=1, nested=True, p=0.484783, flip=False, attack_success=False, error=none
  targeted_subgraph_injection b=3 s=61: applied=3, nested=True, p=0.250883, flip=False, attack_success=False, error=none
  targeted_subgraph_injection b=5 s=61: applied=5, nested=True, p=0.188514, flip=False, attack_success=False, error=none
  targeted_subgraph_injection b=1 s=73: applied=1, nested=True, p=0.484783, flip=False, attack_success=False, error=none
  targeted_subgraph_injection b=3 s=73: applied=3, nested=True, p=0.250883, flip=False, attack_success=False, error=none
  targeted_subgraph_injection b=5 s=73: applied=5, nested=True, p=0.188514, flip=False, attack_success=False, error=none
  targeted_subgraph_injection b=1 s=89: applied=1, nested=True, p=0.484783, flip=False, attack_success=False, error=none
  targeted_subgraph_injection b=3 s=89: applied=3, nested=True, p=0.250883, flip=False, attack_success=False, error=none
  targeted_subgraph_injection b=5 s=89: applied=5, nested=True, p=0.188514, flip=False, attack_success=False, error=none
  targeted_subgraph_injection b=1 s=101: applied=1, nested=True, p=0.484783, flip=False, attack_success=False, error=none
  targeted_subgraph_injection b=3 s=101: applied=3, nested=True, p=0.250883, flip=False, attack_success=False, error=none
  targeted_subgraph_injection b=5 s=101: applied=5, nested=True, p=0.188514, flip=False, attack_success=False, error=none
  targeted_subgraph_injection b=1 s=137: applied=1, nested=True, p=0.484783, flip=False, attack_success=False, error=none
  targeted_subgraph_injection b=3 s=137: applied=3, nested=True, p=0.250883, flip=False, attack_success=False, error=none
  targeted_subgraph_injection b=5 s=137: applied=5, nested=True, p=0.188514, flip=False, attack_success=False, error=none
  targeted_subgraph_injection b=1 s=2026: applied=1, nested=True, p=0.484783, flip=False, attack_success=False, error=none
  targeted_subgraph_injection b=3 s=2026: applied=3, nested=True, p=0.250883, flip=False, attack_success=False, error=none
  targeted_subgraph_injection b=5 s=2026: applied=5, nested=True, p=0.188514, flip=False, attack_success=False, error=none
[39/60] cwe119__19_vulnerable_CWE121_Stack_Based_Buffer_Overflow__: true=1, baseline=0 p=0.263123, correct=False, winner=29
[40/60] cwe119__20_vulnerable_CWE121_Stack_Based_Buffer_Overflow__: true=1, baseline=0 p=0.455129, correct=False, winner=36
[41/60] devign__01_vulnerable_static_uint32_t_sh_serial_ioport_rea: true=1, baseline=0 p=0.000039, correct=False, winner=85
[42/60] devign__02_vulnerable_static_int_tight_compress_data: true=1, baseline=0 p=0.000000, correct=False, winner=33
[43/60] devign__03_vulnerable_void_ff_insert_pad: true=1, baseline=0 p=0.000257, correct=False, winner=17
[44/60] devign__04_non_vulnerable_static_av_always_inline_int_dnxhd_de: true=0, baseline=0 p=0.077849, correct=True, winner=119
  winner_xfg_edge_attack b=1 s=7: applied=1, nested=True, p=0.028746, flip=False, attack_success=False, error=none
  winner_xfg_edge_attack b=3 s=7: applied=3, nested=True, p=0.020042, flip=False, attack_success=False, error=none
  winner_xfg_edge_attack b=5 s=7: applied=5, nested=True, p=0.018024, flip=False, attack_success=False, error=none
  winner_xfg_edge_attack b=1 s=17: applied=1, nested=True, p=0.028746, flip=False, attack_success=False, error=none
  winner_xfg_edge_attack b=3 s=17: applied=3, nested=True, p=0.020042, flip=False, attack_success=False, error=none
  winner_xfg_edge_attack b=5 s=17: applied=5, nested=True, p=0.018024, flip=False, attack_success=False, error=none
  winner_xfg_edge_attack b=1 s=29: applied=1, nested=True, p=0.028746, flip=False, attack_success=False, error=none
  winner_xfg_edge_attack b=3 s=29: applied=3, nested=True, p=0.020042, flip=False, attack_success=False, error=none
  winner_xfg_edge_attack b=5 s=29: applied=5, nested=True, p=0.018024, flip=False, attack_success=False, error=none
  winner_xfg_edge_attack b=1 s=42: applied=1, nested=True, p=0.028746, flip=False, attack_success=False, error=none
  winner_xfg_edge_attack b=3 s=42: applied=3, nested=True, p=0.020042, flip=False, attack_success=False, error=none
  winner_xfg_edge_attack b=5 s=42: applied=5, nested=True, p=0.018024, flip=False, attack_success=False, error=none
  winner_xfg_edge_attack b=1 s=61: applied=1, nested=True, p=0.028746, flip=False, attack_success=False, error=none
  winner_xfg_edge_attack b=3 s=61: applied=3, nested=True, p=0.020042, flip=False, attack_success=False, error=none
  winner_xfg_edge_attack b=5 s=61: applied=5, nested=True, p=0.018024, flip=False, attack_success=False, error=none
  winner_xfg_edge_attack b=1 s=73: applied=1, nested=True, p=0.028746, flip=False, attack_success=False, error=none
  winner_xfg_edge_attack b=3 s=73: applied=3, nested=True, p=0.020042, flip=False, attack_success=False, error=none
  winner_xfg_edge_attack b=5 s=73: applied=5, nested=True, p=0.018024, flip=False, attack_success=False, error=none
  winner_xfg_edge_attack b=1 s=89: applied=1, nested=True, p=0.028746, flip=False, attack_success=False, error=none
  winner_xfg_edge_attack b=3 s=89: applied=3, nested=True, p=0.020042, flip=False, attack_success=False, error=none
  winner_xfg_edge_attack b=5 s=89: applied=5, nested=True, p=0.018024, flip=False, attack_success=False, error=none
  winner_xfg_edge_attack b=1 s=101: applied=1, nested=True, p=0.028746, flip=False, attack_success=False, error=none
  winner_xfg_edge_attack b=3 s=101: applied=3, nested=True, p=0.020042, flip=False, attack_success=False, error=none
  winner_xfg_edge_attack b=5 s=101: applied=5, nested=True, p=0.018024, flip=False, attack_success=False, error=none
  winner_xfg_edge_attack b=1 s=137: applied=1, nested=True, p=0.028746, flip=False, attack_success=False, error=none
  winner_xfg_edge_attack b=3 s=137: applied=3, nested=True, p=0.020042, flip=False, attack_success=False, error=none
  winner_xfg_edge_attack b=5 s=137: applied=5, nested=True, p=0.018024, flip=False, attack_success=False, error=none
  winner_xfg_edge_attack b=1 s=2026: applied=1, nested=True, p=0.028746, flip=False, attack_success=False, error=none
  winner_xfg_edge_attack b=3 s=2026: applied=3, nested=True, p=0.020042, flip=False, attack_success=False, error=none
  winner_xfg_edge_attack b=5 s=2026: applied=5, nested=True, p=0.018024, flip=False, attack_success=False, error=none
  winner_xfg_feature_mask b=1 s=7: applied=1, nested=True, p=0.128111, flip=False, attack_success=False, error=none
  winner_xfg_feature_mask b=3 s=7: applied=3, nested=True, p=0.700099, flip=True, attack_success=True, error=none
  winner_xfg_feature_mask b=5 s=7: applied=5, nested=True, p=0.591765, flip=True, attack_success=True, error=none
  winner_xfg_feature_mask b=1 s=17: applied=1, nested=True, p=0.128111, flip=False, attack_success=False, error=none
  winner_xfg_feature_mask b=3 s=17: applied=3, nested=True, p=0.700100, flip=True, attack_success=True, error=none
  winner_xfg_feature_mask b=5 s=17: applied=5, nested=True, p=0.591765, flip=True, attack_success=True, error=none
  winner_xfg_feature_mask b=1 s=29: applied=1, nested=True, p=0.128111, flip=False, attack_success=False, error=none
  winner_xfg_feature_mask b=3 s=29: applied=3, nested=True, p=0.700099, flip=True, attack_success=True, error=none
  winner_xfg_feature_mask b=5 s=29: applied=5, nested=True, p=0.591765, flip=True, attack_success=True, error=none
  winner_xfg_feature_mask b=1 s=42: applied=1, nested=True, p=0.128111, flip=False, attack_success=False, error=none
  winner_xfg_feature_mask b=3 s=42: applied=3, nested=True, p=0.700100, flip=True, attack_success=True, error=none
  winner_xfg_feature_mask b=5 s=42: applied=5, nested=True, p=0.591765, flip=True, attack_success=True, error=none
  winner_xfg_feature_mask b=1 s=61: applied=1, nested=True, p=0.128111, flip=False, attack_success=False, error=none
  winner_xfg_feature_mask b=3 s=61: applied=3, nested=True, p=0.700100, flip=True, attack_success=True, error=none
  winner_xfg_feature_mask b=5 s=61: applied=5, nested=True, p=0.591765, flip=True, attack_success=True, error=none
  winner_xfg_feature_mask b=1 s=73: applied=1, nested=True, p=0.128111, flip=False, attack_success=False, error=none
  winner_xfg_feature_mask b=3 s=73: applied=3, nested=True, p=0.700099, flip=True, attack_success=True, error=none
  winner_xfg_feature_mask b=5 s=73: applied=5, nested=True, p=0.591765, flip=True, attack_success=True, error=none
  winner_xfg_feature_mask b=1 s=89: applied=1, nested=True, p=0.128111, flip=False, attack_success=False, error=none
  winner_xfg_feature_mask b=3 s=89: applied=3, nested=True, p=0.700099, flip=True, attack_success=True, error=none
  winner_xfg_feature_mask b=5 s=89: applied=5, nested=True, p=0.591765, flip=True, attack_success=True, error=none
  winner_xfg_feature_mask b=1 s=101: applied=1, nested=True, p=0.128111, flip=False, attack_success=False, error=none
  winner_xfg_feature_mask b=3 s=101: applied=3, nested=True, p=0.700100, flip=True, attack_success=True, error=none
  winner_xfg_feature_mask b=5 s=101: applied=5, nested=True, p=0.591765, flip=True, attack_success=True, error=none
  winner_xfg_feature_mask b=1 s=137: applied=1, nested=True, p=0.128111, flip=False, attack_success=False, error=none
  winner_xfg_feature_mask b=3 s=137: applied=3, nested=True, p=0.700099, flip=True, attack_success=True, error=none
  winner_xfg_feature_mask b=5 s=137: applied=5, nested=True, p=0.591765, flip=True, attack_success=True, error=none
  winner_xfg_feature_mask b=1 s=2026: applied=1, nested=True, p=0.128112, flip=False, attack_success=False, error=none
  winner_xfg_feature_mask b=3 s=2026: applied=3, nested=True, p=0.700100, flip=True, attack_success=True, error=none
  winner_xfg_feature_mask b=5 s=2026: applied=5, nested=True, p=0.591765, flip=True, attack_success=True, error=none
  targeted_subgraph_injection b=1 s=7: applied=1, nested=True, p=0.016552, flip=False, attack_success=False, error=none
  targeted_subgraph_injection b=3 s=7: applied=3, nested=True, p=0.085612, flip=False, attack_success=False, error=none
  targeted_subgraph_injection b=5 s=7: applied=5, nested=True, p=0.194260, flip=False, attack_success=False, error=none
  targeted_subgraph_injection b=1 s=17: applied=1, nested=True, p=0.016552, flip=False, attack_success=False, error=none
  targeted_subgraph_injection b=3 s=17: applied=3, nested=True, p=0.085612, flip=False, attack_success=False, error=none
  targeted_subgraph_injection b=5 s=17: applied=5, nested=True, p=0.194260, flip=False, attack_success=False, error=none
  targeted_subgraph_injection b=1 s=29: applied=1, nested=True, p=0.016552, flip=False, attack_success=False, error=none
  targeted_subgraph_injection b=3 s=29: applied=3, nested=True, p=0.085612, flip=False, attack_success=False, error=none
  targeted_subgraph_injection b=5 s=29: applied=5, nested=True, p=0.194260, flip=False, attack_success=False, error=none
  targeted_subgraph_injection b=1 s=42: applied=1, nested=True, p=0.016552, flip=False, attack_success=False, error=none
  targeted_subgraph_injection b=3 s=42: applied=3, nested=True, p=0.085612, flip=False, attack_success=False, error=none
  targeted_subgraph_injection b=5 s=42: applied=5, nested=True, p=0.194260, flip=False, attack_success=False, error=none
  targeted_subgraph_injection b=1 s=61: applied=1, nested=True, p=0.016552, flip=False, attack_success=False, error=none
  targeted_subgraph_injection b=3 s=61: applied=3, nested=True, p=0.085612, flip=False, attack_success=False, error=none
  targeted_subgraph_injection b=5 s=61: applied=5, nested=True, p=0.194260, flip=False, attack_success=False, error=none
  targeted_subgraph_injection b=1 s=73: applied=1, nested=True, p=0.016552, flip=False, attack_success=False, error=none
  targeted_subgraph_injection b=3 s=73: applied=3, nested=True, p=0.085612, flip=False, attack_success=False, error=none
  targeted_subgraph_injection b=5 s=73: applied=5, nested=True, p=0.194260, flip=False, attack_success=False, error=none
  targeted_subgraph_injection b=1 s=89: applied=1, nested=True, p=0.016552, flip=False, attack_success=False, error=none
  targeted_subgraph_injection b=3 s=89: applied=3, nested=True, p=0.085612, flip=False, attack_success=False, error=none
  targeted_subgraph_injection b=5 s=89: applied=5, nested=True, p=0.194260, flip=False, attack_success=False, error=none
  targeted_subgraph_injection b=1 s=101: applied=1, nested=True, p=0.016552, flip=False, attack_success=False, error=none
  targeted_subgraph_injection b=3 s=101: applied=3, nested=True, p=0.085612, flip=False, attack_success=False, error=none
  targeted_subgraph_injection b=5 s=101: applied=5, nested=True, p=0.194260, flip=False, attack_success=False, error=none
  targeted_subgraph_injection b=1 s=137: applied=1, nested=True, p=0.016552, flip=False, attack_success=False, error=none
  targeted_subgraph_injection b=3 s=137: applied=3, nested=True, p=0.085612, flip=False, attack_success=False, error=none
  targeted_subgraph_injection b=5 s=137: applied=5, nested=True, p=0.194260, flip=False, attack_success=False, error=none
  targeted_subgraph_injection b=1 s=2026: applied=1, nested=True, p=0.016552, flip=False, attack_success=False, error=none
  targeted_subgraph_injection b=3 s=2026: applied=3, nested=True, p=0.085612, flip=False, attack_success=False, error=none
  targeted_subgraph_injection b=5 s=2026: applied=5, nested=True, p=0.194260, flip=False, attack_success=False, error=none
[45/60] devign__05_non_vulnerable_static_int_slb_lookup: true=0, baseline=1 p=1.000000, correct=False, winner=23
[46/60] devign__06_non_vulnerable_static_void_test_qemu_strtosz_units: true=0, baseline=0 p=0.001614, correct=True, winner=89
  winner_xfg_edge_attack b=1 s=7: applied=1, nested=True, p=0.394204, flip=False, attack_success=False, error=none
  winner_xfg_edge_attack b=3 s=7: applied=3, nested=True, p=0.523776, flip=True, attack_success=True, error=none
  winner_xfg_edge_attack b=5 s=7: applied=5, nested=True, p=0.971602, flip=True, attack_success=True, error=none
  winner_xfg_edge_attack b=1 s=17: applied=1, nested=True, p=0.394204, flip=False, attack_success=False, error=none
  winner_xfg_edge_attack b=3 s=17: applied=3, nested=True, p=0.523776, flip=True, attack_success=True, error=none
  winner_xfg_edge_attack b=5 s=17: applied=5, nested=True, p=0.971602, flip=True, attack_success=True, error=none
  winner_xfg_edge_attack b=1 s=29: applied=1, nested=True, p=0.394204, flip=False, attack_success=False, error=none
  winner_xfg_edge_attack b=3 s=29: applied=3, nested=True, p=0.523776, flip=True, attack_success=True, error=none
  winner_xfg_edge_attack b=5 s=29: applied=5, nested=True, p=0.971602, flip=True, attack_success=True, error=none
  winner_xfg_edge_attack b=1 s=42: applied=1, nested=True, p=0.394204, flip=False, attack_success=False, error=none
  winner_xfg_edge_attack b=3 s=42: applied=3, nested=True, p=0.523776, flip=True, attack_success=True, error=none
  winner_xfg_edge_attack b=5 s=42: applied=5, nested=True, p=0.971602, flip=True, attack_success=True, error=none
  winner_xfg_edge_attack b=1 s=61: applied=1, nested=True, p=0.394204, flip=False, attack_success=False, error=none
  winner_xfg_edge_attack b=3 s=61: applied=3, nested=True, p=0.523776, flip=True, attack_success=True, error=none
  winner_xfg_edge_attack b=5 s=61: applied=5, nested=True, p=0.971602, flip=True, attack_success=True, error=none
  winner_xfg_edge_attack b=1 s=73: applied=1, nested=True, p=0.394204, flip=False, attack_success=False, error=none
  winner_xfg_edge_attack b=3 s=73: applied=3, nested=True, p=0.523776, flip=True, attack_success=True, error=none
  winner_xfg_edge_attack b=5 s=73: applied=5, nested=True, p=0.971602, flip=True, attack_success=True, error=none
  winner_xfg_edge_attack b=1 s=89: applied=1, nested=True, p=0.394204, flip=False, attack_success=False, error=none
  winner_xfg_edge_attack b=3 s=89: applied=3, nested=True, p=0.523776, flip=True, attack_success=True, error=none
  winner_xfg_edge_attack b=5 s=89: applied=5, nested=True, p=0.971602, flip=True, attack_success=True, error=none
  winner_xfg_edge_attack b=1 s=101: applied=1, nested=True, p=0.394204, flip=False, attack_success=False, error=none
  winner_xfg_edge_attack b=3 s=101: applied=3, nested=True, p=0.523776, flip=True, attack_success=True, error=none
  winner_xfg_edge_attack b=5 s=101: applied=5, nested=True, p=0.971602, flip=True, attack_success=True, error=none
  winner_xfg_edge_attack b=1 s=137: applied=1, nested=True, p=0.394204, flip=False, attack_success=False, error=none
  winner_xfg_edge_attack b=3 s=137: applied=3, nested=True, p=0.523776, flip=True, attack_success=True, error=none
  winner_xfg_edge_attack b=5 s=137: applied=5, nested=True, p=0.971602, flip=True, attack_success=True, error=none
  winner_xfg_edge_attack b=1 s=2026: applied=1, nested=True, p=0.394204, flip=False, attack_success=False, error=none
  winner_xfg_edge_attack b=3 s=2026: applied=3, nested=True, p=0.523776, flip=True, attack_success=True, error=none
  winner_xfg_edge_attack b=5 s=2026: applied=5, nested=True, p=0.971602, flip=True, attack_success=True, error=none
  winner_xfg_feature_mask b=1 s=7: applied=1, nested=True, p=0.002461, flip=False, attack_success=False, error=none
  winner_xfg_feature_mask b=3 s=7: applied=3, nested=True, p=0.002461, flip=False, attack_success=False, error=none
  winner_xfg_feature_mask b=5 s=7: applied=5, nested=True, p=0.028760, flip=False, attack_success=False, error=none
  winner_xfg_feature_mask b=1 s=17: applied=1, nested=True, p=0.002461, flip=False, attack_success=False, error=none
  winner_xfg_feature_mask b=3 s=17: applied=3, nested=True, p=0.002461, flip=False, attack_success=False, error=none
  winner_xfg_feature_mask b=5 s=17: applied=5, nested=True, p=0.028760, flip=False, attack_success=False, error=none
  winner_xfg_feature_mask b=1 s=29: applied=1, nested=True, p=0.002461, flip=False, attack_success=False, error=none
  winner_xfg_feature_mask b=3 s=29: applied=3, nested=True, p=0.002461, flip=False, attack_success=False, error=none
  winner_xfg_feature_mask b=5 s=29: applied=5, nested=True, p=0.028760, flip=False, attack_success=False, error=none
  winner_xfg_feature_mask b=1 s=42: applied=1, nested=True, p=0.002461, flip=False, attack_success=False, error=none
  winner_xfg_feature_mask b=3 s=42: applied=3, nested=True, p=0.002461, flip=False, attack_success=False, error=none
  winner_xfg_feature_mask b=5 s=42: applied=5, nested=True, p=0.028760, flip=False, attack_success=False, error=none
  winner_xfg_feature_mask b=1 s=61: applied=1, nested=True, p=0.002461, flip=False, attack_success=False, error=none
  winner_xfg_feature_mask b=3 s=61: applied=3, nested=True, p=0.002461, flip=False, attack_success=False, error=none
  winner_xfg_feature_mask b=5 s=61: applied=5, nested=True, p=0.028760, flip=False, attack_success=False, error=none
  winner_xfg_feature_mask b=1 s=73: applied=1, nested=True, p=0.002461, flip=False, attack_success=False, error=none
  winner_xfg_feature_mask b=3 s=73: applied=3, nested=True, p=0.002461, flip=False, attack_success=False, error=none
  winner_xfg_feature_mask b=5 s=73: applied=5, nested=True, p=0.028760, flip=False, attack_success=False, error=none
  winner_xfg_feature_mask b=1 s=89: applied=1, nested=True, p=0.002461, flip=False, attack_success=False, error=none
  winner_xfg_feature_mask b=3 s=89: applied=3, nested=True, p=0.002461, flip=False, attack_success=False, error=none
  winner_xfg_feature_mask b=5 s=89: applied=5, nested=True, p=0.028760, flip=False, attack_success=False, error=none
  winner_xfg_feature_mask b=1 s=101: applied=1, nested=True, p=0.002461, flip=False, attack_success=False, error=none
  winner_xfg_feature_mask b=3 s=101: applied=3, nested=True, p=0.002461, flip=False, attack_success=False, error=none
  winner_xfg_feature_mask b=5 s=101: applied=5, nested=True, p=0.028760, flip=False, attack_success=False, error=none
  winner_xfg_feature_mask b=1 s=137: applied=1, nested=True, p=0.002461, flip=False, attack_success=False, error=none
  winner_xfg_feature_mask b=3 s=137: applied=3, nested=True, p=0.002461, flip=False, attack_success=False, error=none
  winner_xfg_feature_mask b=5 s=137: applied=5, nested=True, p=0.028760, flip=False, attack_success=False, error=none
  winner_xfg_feature_mask b=1 s=2026: applied=1, nested=True, p=0.002461, flip=False, attack_success=False, error=none
  winner_xfg_feature_mask b=3 s=2026: applied=3, nested=True, p=0.002461, flip=False, attack_success=False, error=none
  winner_xfg_feature_mask b=5 s=2026: applied=5, nested=True, p=0.028760, flip=False, attack_success=False, error=none
  targeted_subgraph_injection b=1 s=7: applied=1, nested=True, p=0.318673, flip=False, attack_success=False, error=none
  targeted_subgraph_injection b=3 s=7: applied=3, nested=True, p=0.001614, flip=False, attack_success=False, error=none
  targeted_subgraph_injection b=5 s=7: applied=5, nested=True, p=0.001614, flip=False, attack_success=False, error=none
  targeted_subgraph_injection b=1 s=17: applied=1, nested=True, p=0.318673, flip=False, attack_success=False, error=none
  targeted_subgraph_injection b=3 s=17: applied=3, nested=True, p=0.001614, flip=False, attack_success=False, error=none
  targeted_subgraph_injection b=5 s=17: applied=5, nested=True, p=0.001614, flip=False, attack_success=False, error=none
  targeted_subgraph_injection b=1 s=29: applied=1, nested=True, p=0.318673, flip=False, attack_success=False, error=none
  targeted_subgraph_injection b=3 s=29: applied=3, nested=True, p=0.001614, flip=False, attack_success=False, error=none
  targeted_subgraph_injection b=5 s=29: applied=5, nested=True, p=0.001614, flip=False, attack_success=False, error=none
  targeted_subgraph_injection b=1 s=42: applied=1, nested=True, p=0.318673, flip=False, attack_success=False, error=none
  targeted_subgraph_injection b=3 s=42: applied=3, nested=True, p=0.001614, flip=False, attack_success=False, error=none
  targeted_subgraph_injection b=5 s=42: applied=5, nested=True, p=0.001614, flip=False, attack_success=False, error=none
  targeted_subgraph_injection b=1 s=61: applied=1, nested=True, p=0.318673, flip=False, attack_success=False, error=none
  targeted_subgraph_injection b=3 s=61: applied=3, nested=True, p=0.001614, flip=False, attack_success=False, error=none
  targeted_subgraph_injection b=5 s=61: applied=5, nested=True, p=0.001614, flip=False, attack_success=False, error=none
  targeted_subgraph_injection b=1 s=73: applied=1, nested=True, p=0.318673, flip=False, attack_success=False, error=none
  targeted_subgraph_injection b=3 s=73: applied=3, nested=True, p=0.001614, flip=False, attack_success=False, error=none
  targeted_subgraph_injection b=5 s=73: applied=5, nested=True, p=0.001614, flip=False, attack_success=False, error=none
  targeted_subgraph_injection b=1 s=89: applied=1, nested=True, p=0.318673, flip=False, attack_success=False, error=none
  targeted_subgraph_injection b=3 s=89: applied=3, nested=True, p=0.001614, flip=False, attack_success=False, error=none
  targeted_subgraph_injection b=5 s=89: applied=5, nested=True, p=0.001614, flip=False, attack_success=False, error=none
  targeted_subgraph_injection b=1 s=101: applied=1, nested=True, p=0.318673, flip=False, attack_success=False, error=none
  targeted_subgraph_injection b=3 s=101: applied=3, nested=True, p=0.001614, flip=False, attack_success=False, error=none
  targeted_subgraph_injection b=5 s=101: applied=5, nested=True, p=0.001614, flip=False, attack_success=False, error=none
  targeted_subgraph_injection b=1 s=137: applied=1, nested=True, p=0.318673, flip=False, attack_success=False, error=none
  targeted_subgraph_injection b=3 s=137: applied=3, nested=True, p=0.001614, flip=False, attack_success=False, error=none
  targeted_subgraph_injection b=5 s=137: applied=5, nested=True, p=0.001614, flip=False, attack_success=False, error=none
  targeted_subgraph_injection b=1 s=2026: applied=1, nested=True, p=0.318673, flip=False, attack_success=False, error=none
  targeted_subgraph_injection b=3 s=2026: applied=3, nested=True, p=0.001614, flip=False, attack_success=False, error=none
  targeted_subgraph_injection b=5 s=2026: applied=5, nested=True, p=0.001614, flip=False, attack_success=False, error=none
[47/60] devign__07_vulnerable_static_inline_int_usb_bt_fifo_dequeu: true=1, baseline=0 p=0.000000, correct=False, winner=17
[48/60] devign__08_non_vulnerable_build_tpm_tcpa: true=0, baseline=0 p=0.000057, correct=True, winner=11
  winner_xfg_edge_attack b=1 s=7: applied=1, nested=True, p=0.000422, flip=False, attack_success=False, error=none
  winner_xfg_edge_attack b=3 s=7: applied=3, nested=True, p=0.000019, flip=False, attack_success=False, error=none
  winner_xfg_edge_attack b=5 s=7: applied=5, nested=True, p=0.000012, flip=False, attack_success=False, error=none
  winner_xfg_edge_attack b=1 s=17: applied=1, nested=True, p=0.000422, flip=False, attack_success=False, error=none
  winner_xfg_edge_attack b=3 s=17: applied=3, nested=True, p=0.000019, flip=False, attack_success=False, error=none
  winner_xfg_edge_attack b=5 s=17: applied=5, nested=True, p=0.000012, flip=False, attack_success=False, error=none
  winner_xfg_edge_attack b=1 s=29: applied=1, nested=True, p=0.000422, flip=False, attack_success=False, error=none
  winner_xfg_edge_attack b=3 s=29: applied=3, nested=True, p=0.000019, flip=False, attack_success=False, error=none
  winner_xfg_edge_attack b=5 s=29: applied=5, nested=True, p=0.000012, flip=False, attack_success=False, error=none
  winner_xfg_edge_attack b=1 s=42: applied=1, nested=True, p=0.000422, flip=False, attack_success=False, error=none
  winner_xfg_edge_attack b=3 s=42: applied=3, nested=True, p=0.000019, flip=False, attack_success=False, error=none
  winner_xfg_edge_attack b=5 s=42: applied=5, nested=True, p=0.000012, flip=False, attack_success=False, error=none
  winner_xfg_edge_attack b=1 s=61: applied=1, nested=True, p=0.000422, flip=False, attack_success=False, error=none
  winner_xfg_edge_attack b=3 s=61: applied=3, nested=True, p=0.000019, flip=False, attack_success=False, error=none
  winner_xfg_edge_attack b=5 s=61: applied=5, nested=True, p=0.000012, flip=False, attack_success=False, error=none
  winner_xfg_edge_attack b=1 s=73: applied=1, nested=True, p=0.000422, flip=False, attack_success=False, error=none
  winner_xfg_edge_attack b=3 s=73: applied=3, nested=True, p=0.000019, flip=False, attack_success=False, error=none
  winner_xfg_edge_attack b=5 s=73: applied=5, nested=True, p=0.000012, flip=False, attack_success=False, error=none
  winner_xfg_edge_attack b=1 s=89: applied=1, nested=True, p=0.000422, flip=False, attack_success=False, error=none
  winner_xfg_edge_attack b=3 s=89: applied=3, nested=True, p=0.000019, flip=False, attack_success=False, error=none
  winner_xfg_edge_attack b=5 s=89: applied=5, nested=True, p=0.000012, flip=False, attack_success=False, error=none
  winner_xfg_edge_attack b=1 s=101: applied=1, nested=True, p=0.000422, flip=False, attack_success=False, error=none
  winner_xfg_edge_attack b=3 s=101: applied=3, nested=True, p=0.000019, flip=False, attack_success=False, error=none
  winner_xfg_edge_attack b=5 s=101: applied=5, nested=True, p=0.000012, flip=False, attack_success=False, error=none
  winner_xfg_edge_attack b=1 s=137: applied=1, nested=True, p=0.000422, flip=False, attack_success=False, error=none
  winner_xfg_edge_attack b=3 s=137: applied=3, nested=True, p=0.000019, flip=False, attack_success=False, error=none
  winner_xfg_edge_attack b=5 s=137: applied=5, nested=True, p=0.000012, flip=False, attack_success=False, error=none
  winner_xfg_edge_attack b=1 s=2026: applied=1, nested=True, p=0.000422, flip=False, attack_success=False, error=none
  winner_xfg_edge_attack b=3 s=2026: applied=3, nested=True, p=0.000019, flip=False, attack_success=False, error=none
  winner_xfg_edge_attack b=5 s=2026: applied=5, nested=True, p=0.000012, flip=False, attack_success=False, error=none
  winner_xfg_feature_mask b=1 s=7: applied=1, nested=True, p=0.000002, flip=False, attack_success=False, error=none
  winner_xfg_feature_mask b=3 s=7: applied=3, nested=True, p=0.000000, flip=False, attack_success=False, error=none
  winner_xfg_feature_mask b=5 s=7: applied=5, nested=True, p=0.000000, flip=False, attack_success=False, error=none
  winner_xfg_feature_mask b=1 s=17: applied=1, nested=True, p=0.000002, flip=False, attack_success=False, error=none
  winner_xfg_feature_mask b=3 s=17: applied=3, nested=True, p=0.000000, flip=False, attack_success=False, error=none
  winner_xfg_feature_mask b=5 s=17: applied=5, nested=True, p=0.000000, flip=False, attack_success=False, error=none
  winner_xfg_feature_mask b=1 s=29: applied=1, nested=True, p=0.000002, flip=False, attack_success=False, error=none
  winner_xfg_feature_mask b=3 s=29: applied=3, nested=True, p=0.000000, flip=False, attack_success=False, error=none
  winner_xfg_feature_mask b=5 s=29: applied=5, nested=True, p=0.000000, flip=False, attack_success=False, error=none
  winner_xfg_feature_mask b=1 s=42: applied=1, nested=True, p=0.000002, flip=False, attack_success=False, error=none
  winner_xfg_feature_mask b=3 s=42: applied=3, nested=True, p=0.000000, flip=False, attack_success=False, error=none
  winner_xfg_feature_mask b=5 s=42: applied=5, nested=True, p=0.000000, flip=False, attack_success=False, error=none
  winner_xfg_feature_mask b=1 s=61: applied=1, nested=True, p=0.000002, flip=False, attack_success=False, error=none
  winner_xfg_feature_mask b=3 s=61: applied=3, nested=True, p=0.000000, flip=False, attack_success=False, error=none
  winner_xfg_feature_mask b=5 s=61: applied=5, nested=True, p=0.000000, flip=False, attack_success=False, error=none
  winner_xfg_feature_mask b=1 s=73: applied=1, nested=True, p=0.000002, flip=False, attack_success=False, error=none
  winner_xfg_feature_mask b=3 s=73: applied=3, nested=True, p=0.000000, flip=False, attack_success=False, error=none
  winner_xfg_feature_mask b=5 s=73: applied=5, nested=True, p=0.000000, flip=False, attack_success=False, error=none
  winner_xfg_feature_mask b=1 s=89: applied=1, nested=True, p=0.000002, flip=False, attack_success=False, error=none
  winner_xfg_feature_mask b=3 s=89: applied=3, nested=True, p=0.000000, flip=False, attack_success=False, error=none
  winner_xfg_feature_mask b=5 s=89: applied=5, nested=True, p=0.000000, flip=False, attack_success=False, error=none
  winner_xfg_feature_mask b=1 s=101: applied=1, nested=True, p=0.000002, flip=False, attack_success=False, error=none
  winner_xfg_feature_mask b=3 s=101: applied=3, nested=True, p=0.000000, flip=False, attack_success=False, error=none
  winner_xfg_feature_mask b=5 s=101: applied=5, nested=True, p=0.000000, flip=False, attack_success=False, error=none
  winner_xfg_feature_mask b=1 s=137: applied=1, nested=True, p=0.000002, flip=False, attack_success=False, error=none
  winner_xfg_feature_mask b=3 s=137: applied=3, nested=True, p=0.000000, flip=False, attack_success=False, error=none
  winner_xfg_feature_mask b=5 s=137: applied=5, nested=True, p=0.000000, flip=False, attack_success=False, error=none
  winner_xfg_feature_mask b=1 s=2026: applied=1, nested=True, p=0.000002, flip=False, attack_success=False, error=none
  winner_xfg_feature_mask b=3 s=2026: applied=3, nested=True, p=0.000000, flip=False, attack_success=False, error=none
  winner_xfg_feature_mask b=5 s=2026: applied=5, nested=True, p=0.000000, flip=False, attack_success=False, error=none
  targeted_subgraph_injection b=1 s=7: applied=1, nested=True, p=0.141534, flip=False, attack_success=False, error=none
  targeted_subgraph_injection b=3 s=7: applied=3, nested=True, p=0.235441, flip=False, attack_success=False, error=none
  targeted_subgraph_injection b=5 s=7: applied=5, nested=True, p=0.270965, flip=False, attack_success=False, error=none
  targeted_subgraph_injection b=1 s=17: applied=1, nested=True, p=0.141534, flip=False, attack_success=False, error=none
  targeted_subgraph_injection b=3 s=17: applied=3, nested=True, p=0.235441, flip=False, attack_success=False, error=none
  targeted_subgraph_injection b=5 s=17: applied=5, nested=True, p=0.270965, flip=False, attack_success=False, error=none
  targeted_subgraph_injection b=1 s=29: applied=1, nested=True, p=0.141534, flip=False, attack_success=False, error=none
  targeted_subgraph_injection b=3 s=29: applied=3, nested=True, p=0.235441, flip=False, attack_success=False, error=none
  targeted_subgraph_injection b=5 s=29: applied=5, nested=True, p=0.270965, flip=False, attack_success=False, error=none
  targeted_subgraph_injection b=1 s=42: applied=1, nested=True, p=0.141534, flip=False, attack_success=False, error=none
  targeted_subgraph_injection b=3 s=42: applied=3, nested=True, p=0.235441, flip=False, attack_success=False, error=none
  targeted_subgraph_injection b=5 s=42: applied=5, nested=True, p=0.270965, flip=False, attack_success=False, error=none
  targeted_subgraph_injection b=1 s=61: applied=1, nested=True, p=0.141534, flip=False, attack_success=False, error=none
  targeted_subgraph_injection b=3 s=61: applied=3, nested=True, p=0.235441, flip=False, attack_success=False, error=none
  targeted_subgraph_injection b=5 s=61: applied=5, nested=True, p=0.270965, flip=False, attack_success=False, error=none
  targeted_subgraph_injection b=1 s=73: applied=1, nested=True, p=0.141534, flip=False, attack_success=False, error=none
  targeted_subgraph_injection b=3 s=73: applied=3, nested=True, p=0.235441, flip=False, attack_success=False, error=none
  targeted_subgraph_injection b=5 s=73: applied=5, nested=True, p=0.270965, flip=False, attack_success=False, error=none
  targeted_subgraph_injection b=1 s=89: applied=1, nested=True, p=0.141534, flip=False, attack_success=False, error=none
  targeted_subgraph_injection b=3 s=89: applied=3, nested=True, p=0.235441, flip=False, attack_success=False, error=none
  targeted_subgraph_injection b=5 s=89: applied=5, nested=True, p=0.270965, flip=False, attack_success=False, error=none
  targeted_subgraph_injection b=1 s=101: applied=1, nested=True, p=0.141534, flip=False, attack_success=False, error=none
  targeted_subgraph_injection b=3 s=101: applied=3, nested=True, p=0.235441, flip=False, attack_success=False, error=none
  targeted_subgraph_injection b=5 s=101: applied=5, nested=True, p=0.270965, flip=False, attack_success=False, error=none
  targeted_subgraph_injection b=1 s=137: applied=1, nested=True, p=0.141534, flip=False, attack_success=False, error=none
  targeted_subgraph_injection b=3 s=137: applied=3, nested=True, p=0.235441, flip=False, attack_success=False, error=none
  targeted_subgraph_injection b=5 s=137: applied=5, nested=True, p=0.270965, flip=False, attack_success=False, error=none
  targeted_subgraph_injection b=1 s=2026: applied=1, nested=True, p=0.141534, flip=False, attack_success=False, error=none
  targeted_subgraph_injection b=3 s=2026: applied=3, nested=True, p=0.235441, flip=False, attack_success=False, error=none
  targeted_subgraph_injection b=5 s=2026: applied=5, nested=True, p=0.270965, flip=False, attack_success=False, error=none
[49/60] devign__09_non_vulnerable_static_ExitStatus_gen_store_conditio: true=0, baseline=0 p=0.000000, correct=True, winner=none
[50/60] devign__10_non_vulnerable_static_void_kvm_virtio_pci_vq_vector: true=0, baseline=0 p=0.000000, correct=True, winner=25
  winner_xfg_edge_attack b=1 s=7: applied=1, nested=True, p=0.000000, flip=False, attack_success=False, error=none
  winner_xfg_edge_attack b=3 s=7: applied=3, nested=True, p=0.000000, flip=False, attack_success=False, error=none
  winner_xfg_edge_attack b=5 s=7: applied=5, nested=True, p=0.000000, flip=False, attack_success=False, error=none
  winner_xfg_edge_attack b=1 s=17: applied=1, nested=True, p=0.000000, flip=False, attack_success=False, error=none
  winner_xfg_edge_attack b=3 s=17: applied=3, nested=True, p=0.000000, flip=False, attack_success=False, error=none
  winner_xfg_edge_attack b=5 s=17: applied=5, nested=True, p=0.000000, flip=False, attack_success=False, error=none
  winner_xfg_edge_attack b=1 s=29: applied=1, nested=True, p=0.000000, flip=False, attack_success=False, error=none
  winner_xfg_edge_attack b=3 s=29: applied=3, nested=True, p=0.000000, flip=False, attack_success=False, error=none
  winner_xfg_edge_attack b=5 s=29: applied=5, nested=True, p=0.000000, flip=False, attack_success=False, error=none
  winner_xfg_edge_attack b=1 s=42: applied=1, nested=True, p=0.000000, flip=False, attack_success=False, error=none
  winner_xfg_edge_attack b=3 s=42: applied=3, nested=True, p=0.000000, flip=False, attack_success=False, error=none
  winner_xfg_edge_attack b=5 s=42: applied=5, nested=True, p=0.000000, flip=False, attack_success=False, error=none
  winner_xfg_edge_attack b=1 s=61: applied=1, nested=True, p=0.000000, flip=False, attack_success=False, error=none
  winner_xfg_edge_attack b=3 s=61: applied=3, nested=True, p=0.000000, flip=False, attack_success=False, error=none
  winner_xfg_edge_attack b=5 s=61: applied=5, nested=True, p=0.000000, flip=False, attack_success=False, error=none
  winner_xfg_edge_attack b=1 s=73: applied=1, nested=True, p=0.000000, flip=False, attack_success=False, error=none
  winner_xfg_edge_attack b=3 s=73: applied=3, nested=True, p=0.000000, flip=False, attack_success=False, error=none
  winner_xfg_edge_attack b=5 s=73: applied=5, nested=True, p=0.000000, flip=False, attack_success=False, error=none
  winner_xfg_edge_attack b=1 s=89: applied=1, nested=True, p=0.000000, flip=False, attack_success=False, error=none
  winner_xfg_edge_attack b=3 s=89: applied=3, nested=True, p=0.000000, flip=False, attack_success=False, error=none
  winner_xfg_edge_attack b=5 s=89: applied=5, nested=True, p=0.000000, flip=False, attack_success=False, error=none
  winner_xfg_edge_attack b=1 s=101: applied=1, nested=True, p=0.000000, flip=False, attack_success=False, error=none
  winner_xfg_edge_attack b=3 s=101: applied=3, nested=True, p=0.000000, flip=False, attack_success=False, error=none
  winner_xfg_edge_attack b=5 s=101: applied=5, nested=True, p=0.000000, flip=False, attack_success=False, error=none
  winner_xfg_edge_attack b=1 s=137: applied=1, nested=True, p=0.000000, flip=False, attack_success=False, error=none
  winner_xfg_edge_attack b=3 s=137: applied=3, nested=True, p=0.000000, flip=False, attack_success=False, error=none
  winner_xfg_edge_attack b=5 s=137: applied=5, nested=True, p=0.000000, flip=False, attack_success=False, error=none
  winner_xfg_edge_attack b=1 s=2026: applied=1, nested=True, p=0.000000, flip=False, attack_success=False, error=none
  winner_xfg_edge_attack b=3 s=2026: applied=3, nested=True, p=0.000000, flip=False, attack_success=False, error=none
  winner_xfg_edge_attack b=5 s=2026: applied=5, nested=True, p=0.000000, flip=False, attack_success=False, error=none
  winner_xfg_feature_mask b=1 s=7: applied=1, nested=True, p=0.000000, flip=False, attack_success=False, error=none
  winner_xfg_feature_mask b=3 s=7: applied=3, nested=True, p=0.000000, flip=False, attack_success=False, error=none
  winner_xfg_feature_mask b=5 s=7: applied=5, nested=True, p=0.000000, flip=False, attack_success=False, error=none
  winner_xfg_feature_mask b=1 s=17: applied=1, nested=True, p=0.000000, flip=False, attack_success=False, error=none
  winner_xfg_feature_mask b=3 s=17: applied=3, nested=True, p=0.000000, flip=False, attack_success=False, error=none
  winner_xfg_feature_mask b=5 s=17: applied=5, nested=True, p=0.000000, flip=False, attack_success=False, error=none
  winner_xfg_feature_mask b=1 s=29: applied=1, nested=True, p=0.000000, flip=False, attack_success=False, error=none
  winner_xfg_feature_mask b=3 s=29: applied=3, nested=True, p=0.000000, flip=False, attack_success=False, error=none
  winner_xfg_feature_mask b=5 s=29: applied=5, nested=True, p=0.000000, flip=False, attack_success=False, error=none
  winner_xfg_feature_mask b=1 s=42: applied=1, nested=True, p=0.000000, flip=False, attack_success=False, error=none
  winner_xfg_feature_mask b=3 s=42: applied=3, nested=True, p=0.000000, flip=False, attack_success=False, error=none
  winner_xfg_feature_mask b=5 s=42: applied=5, nested=True, p=0.000000, flip=False, attack_success=False, error=none
  winner_xfg_feature_mask b=1 s=61: applied=1, nested=True, p=0.000000, flip=False, attack_success=False, error=none
  winner_xfg_feature_mask b=3 s=61: applied=3, nested=True, p=0.000000, flip=False, attack_success=False, error=none
  winner_xfg_feature_mask b=5 s=61: applied=5, nested=True, p=0.000000, flip=False, attack_success=False, error=none
  winner_xfg_feature_mask b=1 s=73: applied=1, nested=True, p=0.000000, flip=False, attack_success=False, error=none
  winner_xfg_feature_mask b=3 s=73: applied=3, nested=True, p=0.000000, flip=False, attack_success=False, error=none
  winner_xfg_feature_mask b=5 s=73: applied=5, nested=True, p=0.000000, flip=False, attack_success=False, error=none
  winner_xfg_feature_mask b=1 s=89: applied=1, nested=True, p=0.000000, flip=False, attack_success=False, error=none
  winner_xfg_feature_mask b=3 s=89: applied=3, nested=True, p=0.000000, flip=False, attack_success=False, error=none
  winner_xfg_feature_mask b=5 s=89: applied=5, nested=True, p=0.000000, flip=False, attack_success=False, error=none
  winner_xfg_feature_mask b=1 s=101: applied=1, nested=True, p=0.000000, flip=False, attack_success=False, error=none
  winner_xfg_feature_mask b=3 s=101: applied=3, nested=True, p=0.000000, flip=False, attack_success=False, error=none
  winner_xfg_feature_mask b=5 s=101: applied=5, nested=True, p=0.000000, flip=False, attack_success=False, error=none
  winner_xfg_feature_mask b=1 s=137: applied=1, nested=True, p=0.000000, flip=False, attack_success=False, error=none
  winner_xfg_feature_mask b=3 s=137: applied=3, nested=True, p=0.000000, flip=False, attack_success=False, error=none
  winner_xfg_feature_mask b=5 s=137: applied=5, nested=True, p=0.000000, flip=False, attack_success=False, error=none
  winner_xfg_feature_mask b=1 s=2026: applied=1, nested=True, p=0.000000, flip=False, attack_success=False, error=none
  winner_xfg_feature_mask b=3 s=2026: applied=3, nested=True, p=0.000000, flip=False, attack_success=False, error=none
  winner_xfg_feature_mask b=5 s=2026: applied=5, nested=True, p=0.000000, flip=False, attack_success=False, error=none
  targeted_subgraph_injection b=1 s=7: applied=1, nested=True, p=0.000000, flip=False, attack_success=False, error=none
  targeted_subgraph_injection b=3 s=7: applied=3, nested=True, p=0.000000, flip=False, attack_success=False, error=none
  targeted_subgraph_injection b=5 s=7: applied=5, nested=True, p=0.000000, flip=False, attack_success=False, error=none
  targeted_subgraph_injection b=1 s=17: applied=1, nested=True, p=0.000000, flip=False, attack_success=False, error=none
  targeted_subgraph_injection b=3 s=17: applied=3, nested=True, p=0.000000, flip=False, attack_success=False, error=none
  targeted_subgraph_injection b=5 s=17: applied=5, nested=True, p=0.000000, flip=False, attack_success=False, error=none
  targeted_subgraph_injection b=1 s=29: applied=1, nested=True, p=0.000000, flip=False, attack_success=False, error=none
  targeted_subgraph_injection b=3 s=29: applied=3, nested=True, p=0.000000, flip=False, attack_success=False, error=none
  targeted_subgraph_injection b=5 s=29: applied=5, nested=True, p=0.000000, flip=False, attack_success=False, error=none
  targeted_subgraph_injection b=1 s=42: applied=1, nested=True, p=0.000000, flip=False, attack_success=False, error=none
  targeted_subgraph_injection b=3 s=42: applied=3, nested=True, p=0.000000, flip=False, attack_success=False, error=none
  targeted_subgraph_injection b=5 s=42: applied=5, nested=True, p=0.000000, flip=False, attack_success=False, error=none
  targeted_subgraph_injection b=1 s=61: applied=1, nested=True, p=0.000000, flip=False, attack_success=False, error=none
  targeted_subgraph_injection b=3 s=61: applied=3, nested=True, p=0.000000, flip=False, attack_success=False, error=none
  targeted_subgraph_injection b=5 s=61: applied=5, nested=True, p=0.000000, flip=False, attack_success=False, error=none
  targeted_subgraph_injection b=1 s=73: applied=1, nested=True, p=0.000000, flip=False, attack_success=False, error=none
  targeted_subgraph_injection b=3 s=73: applied=3, nested=True, p=0.000000, flip=False, attack_success=False, error=none
  targeted_subgraph_injection b=5 s=73: applied=5, nested=True, p=0.000000, flip=False, attack_success=False, error=none
  targeted_subgraph_injection b=1 s=89: applied=1, nested=True, p=0.000000, flip=False, attack_success=False, error=none
  targeted_subgraph_injection b=3 s=89: applied=3, nested=True, p=0.000000, flip=False, attack_success=False, error=none
  targeted_subgraph_injection b=5 s=89: applied=5, nested=True, p=0.000000, flip=False, attack_success=False, error=none
  targeted_subgraph_injection b=1 s=101: applied=1, nested=True, p=0.000000, flip=False, attack_success=False, error=none
  targeted_subgraph_injection b=3 s=101: applied=3, nested=True, p=0.000000, flip=False, attack_success=False, error=none
  targeted_subgraph_injection b=5 s=101: applied=5, nested=True, p=0.000000, flip=False, attack_success=False, error=none
  targeted_subgraph_injection b=1 s=137: applied=1, nested=True, p=0.000000, flip=False, attack_success=False, error=none
  targeted_subgraph_injection b=3 s=137: applied=3, nested=True, p=0.000000, flip=False, attack_success=False, error=none
  targeted_subgraph_injection b=5 s=137: applied=5, nested=True, p=0.000000, flip=False, attack_success=False, error=none
  targeted_subgraph_injection b=1 s=2026: applied=1, nested=True, p=0.000000, flip=False, attack_success=False, error=none
  targeted_subgraph_injection b=3 s=2026: applied=3, nested=True, p=0.000000, flip=False, attack_success=False, error=none
  targeted_subgraph_injection b=5 s=2026: applied=5, nested=True, p=0.000000, flip=False, attack_success=False, error=none
[51/60] devign__11_non_vulnerable_vnc_display_setup_auth: true=0, baseline=0 p=0.000000, correct=True, winner=97
  winner_xfg_edge_attack b=1 s=7: applied=1, nested=True, p=0.015970, flip=False, attack_success=False, error=none
  winner_xfg_edge_attack b=3 s=7: applied=3, nested=True, p=0.244185, flip=False, attack_success=False, error=none
  winner_xfg_edge_attack b=5 s=7: applied=5, nested=True, p=0.561043, flip=True, attack_success=True, error=none
  winner_xfg_edge_attack b=1 s=17: applied=1, nested=True, p=0.015970, flip=False, attack_success=False, error=none
  winner_xfg_edge_attack b=3 s=17: applied=3, nested=True, p=0.244185, flip=False, attack_success=False, error=none
  winner_xfg_edge_attack b=5 s=17: applied=5, nested=True, p=0.561043, flip=True, attack_success=True, error=none
  winner_xfg_edge_attack b=1 s=29: applied=1, nested=True, p=0.015970, flip=False, attack_success=False, error=none
  winner_xfg_edge_attack b=3 s=29: applied=3, nested=True, p=0.244185, flip=False, attack_success=False, error=none
  winner_xfg_edge_attack b=5 s=29: applied=5, nested=True, p=0.561043, flip=True, attack_success=True, error=none
  winner_xfg_edge_attack b=1 s=42: applied=1, nested=True, p=0.015970, flip=False, attack_success=False, error=none
  winner_xfg_edge_attack b=3 s=42: applied=3, nested=True, p=0.244185, flip=False, attack_success=False, error=none
  winner_xfg_edge_attack b=5 s=42: applied=5, nested=True, p=0.561043, flip=True, attack_success=True, error=none
  winner_xfg_edge_attack b=1 s=61: applied=1, nested=True, p=0.015970, flip=False, attack_success=False, error=none
  winner_xfg_edge_attack b=3 s=61: applied=3, nested=True, p=0.244185, flip=False, attack_success=False, error=none
  winner_xfg_edge_attack b=5 s=61: applied=5, nested=True, p=0.561043, flip=True, attack_success=True, error=none
  winner_xfg_edge_attack b=1 s=73: applied=1, nested=True, p=0.015970, flip=False, attack_success=False, error=none
  winner_xfg_edge_attack b=3 s=73: applied=3, nested=True, p=0.244185, flip=False, attack_success=False, error=none
  winner_xfg_edge_attack b=5 s=73: applied=5, nested=True, p=0.561043, flip=True, attack_success=True, error=none
  winner_xfg_edge_attack b=1 s=89: applied=1, nested=True, p=0.015970, flip=False, attack_success=False, error=none
  winner_xfg_edge_attack b=3 s=89: applied=3, nested=True, p=0.244185, flip=False, attack_success=False, error=none
  winner_xfg_edge_attack b=5 s=89: applied=5, nested=True, p=0.561043, flip=True, attack_success=True, error=none
  winner_xfg_edge_attack b=1 s=101: applied=1, nested=True, p=0.015970, flip=False, attack_success=False, error=none
  winner_xfg_edge_attack b=3 s=101: applied=3, nested=True, p=0.244185, flip=False, attack_success=False, error=none
  winner_xfg_edge_attack b=5 s=101: applied=5, nested=True, p=0.561043, flip=True, attack_success=True, error=none
  winner_xfg_edge_attack b=1 s=137: applied=1, nested=True, p=0.015970, flip=False, attack_success=False, error=none
  winner_xfg_edge_attack b=3 s=137: applied=3, nested=True, p=0.244185, flip=False, attack_success=False, error=none
  winner_xfg_edge_attack b=5 s=137: applied=5, nested=True, p=0.561043, flip=True, attack_success=True, error=none
  winner_xfg_edge_attack b=1 s=2026: applied=1, nested=True, p=0.015970, flip=False, attack_success=False, error=none
  winner_xfg_edge_attack b=3 s=2026: applied=3, nested=True, p=0.244185, flip=False, attack_success=False, error=none
  winner_xfg_edge_attack b=5 s=2026: applied=5, nested=True, p=0.561043, flip=True, attack_success=True, error=none
  winner_xfg_feature_mask b=1 s=7: applied=1, nested=True, p=0.000000, flip=False, attack_success=False, error=none
  winner_xfg_feature_mask b=3 s=7: applied=3, nested=True, p=0.000000, flip=False, attack_success=False, error=none
  winner_xfg_feature_mask b=5 s=7: applied=5, nested=True, p=0.000303, flip=False, attack_success=False, error=none
  winner_xfg_feature_mask b=1 s=17: applied=1, nested=True, p=0.000000, flip=False, attack_success=False, error=none
  winner_xfg_feature_mask b=3 s=17: applied=3, nested=True, p=0.000000, flip=False, attack_success=False, error=none
  winner_xfg_feature_mask b=5 s=17: applied=5, nested=True, p=0.000303, flip=False, attack_success=False, error=none
  winner_xfg_feature_mask b=1 s=29: applied=1, nested=True, p=0.000000, flip=False, attack_success=False, error=none
  winner_xfg_feature_mask b=3 s=29: applied=3, nested=True, p=0.000000, flip=False, attack_success=False, error=none
  winner_xfg_feature_mask b=5 s=29: applied=5, nested=True, p=0.000303, flip=False, attack_success=False, error=none
  winner_xfg_feature_mask b=1 s=42: applied=1, nested=True, p=0.000000, flip=False, attack_success=False, error=none
  winner_xfg_feature_mask b=3 s=42: applied=3, nested=True, p=0.000000, flip=False, attack_success=False, error=none
  winner_xfg_feature_mask b=5 s=42: applied=5, nested=True, p=0.000303, flip=False, attack_success=False, error=none
  winner_xfg_feature_mask b=1 s=61: applied=1, nested=True, p=0.000000, flip=False, attack_success=False, error=none
  winner_xfg_feature_mask b=3 s=61: applied=3, nested=True, p=0.000000, flip=False, attack_success=False, error=none
  winner_xfg_feature_mask b=5 s=61: applied=5, nested=True, p=0.000303, flip=False, attack_success=False, error=none
  winner_xfg_feature_mask b=1 s=73: applied=1, nested=True, p=0.000000, flip=False, attack_success=False, error=none
  winner_xfg_feature_mask b=3 s=73: applied=3, nested=True, p=0.000000, flip=False, attack_success=False, error=none
  winner_xfg_feature_mask b=5 s=73: applied=5, nested=True, p=0.000303, flip=False, attack_success=False, error=none
  winner_xfg_feature_mask b=1 s=89: applied=1, nested=True, p=0.000000, flip=False, attack_success=False, error=none
  winner_xfg_feature_mask b=3 s=89: applied=3, nested=True, p=0.000000, flip=False, attack_success=False, error=none
  winner_xfg_feature_mask b=5 s=89: applied=5, nested=True, p=0.000303, flip=False, attack_success=False, error=none
  winner_xfg_feature_mask b=1 s=101: applied=1, nested=True, p=0.000000, flip=False, attack_success=False, error=none
  winner_xfg_feature_mask b=3 s=101: applied=3, nested=True, p=0.000000, flip=False, attack_success=False, error=none
  winner_xfg_feature_mask b=5 s=101: applied=5, nested=True, p=0.000303, flip=False, attack_success=False, error=none
  winner_xfg_feature_mask b=1 s=137: applied=1, nested=True, p=0.000000, flip=False, attack_success=False, error=none
  winner_xfg_feature_mask b=3 s=137: applied=3, nested=True, p=0.000000, flip=False, attack_success=False, error=none
  winner_xfg_feature_mask b=5 s=137: applied=5, nested=True, p=0.000303, flip=False, attack_success=False, error=none
  winner_xfg_feature_mask b=1 s=2026: applied=1, nested=True, p=0.000000, flip=False, attack_success=False, error=none
  winner_xfg_feature_mask b=3 s=2026: applied=3, nested=True, p=0.000000, flip=False, attack_success=False, error=none
  winner_xfg_feature_mask b=5 s=2026: applied=5, nested=True, p=0.000303, flip=False, attack_success=False, error=none
  targeted_subgraph_injection b=1 s=7: applied=1, nested=True, p=0.000001, flip=False, attack_success=False, error=none
  targeted_subgraph_injection b=3 s=7: applied=3, nested=True, p=0.000042, flip=False, attack_success=False, error=none
  targeted_subgraph_injection b=5 s=7: applied=5, nested=True, p=0.059975, flip=False, attack_success=False, error=none
  targeted_subgraph_injection b=1 s=17: applied=1, nested=True, p=0.000001, flip=False, attack_success=False, error=none
  targeted_subgraph_injection b=3 s=17: applied=3, nested=True, p=0.000042, flip=False, attack_success=False, error=none
  targeted_subgraph_injection b=5 s=17: applied=5, nested=True, p=0.059975, flip=False, attack_success=False, error=none
  targeted_subgraph_injection b=1 s=29: applied=1, nested=True, p=0.000001, flip=False, attack_success=False, error=none
  targeted_subgraph_injection b=3 s=29: applied=3, nested=True, p=0.000042, flip=False, attack_success=False, error=none
  targeted_subgraph_injection b=5 s=29: applied=5, nested=True, p=0.059975, flip=False, attack_success=False, error=none
  targeted_subgraph_injection b=1 s=42: applied=1, nested=True, p=0.000001, flip=False, attack_success=False, error=none
  targeted_subgraph_injection b=3 s=42: applied=3, nested=True, p=0.000042, flip=False, attack_success=False, error=none
  targeted_subgraph_injection b=5 s=42: applied=5, nested=True, p=0.059975, flip=False, attack_success=False, error=none
  targeted_subgraph_injection b=1 s=61: applied=1, nested=True, p=0.000001, flip=False, attack_success=False, error=none
  targeted_subgraph_injection b=3 s=61: applied=3, nested=True, p=0.000042, flip=False, attack_success=False, error=none
  targeted_subgraph_injection b=5 s=61: applied=5, nested=True, p=0.059975, flip=False, attack_success=False, error=none
  targeted_subgraph_injection b=1 s=73: applied=1, nested=True, p=0.000001, flip=False, attack_success=False, error=none
  targeted_subgraph_injection b=3 s=73: applied=3, nested=True, p=0.000042, flip=False, attack_success=False, error=none
  targeted_subgraph_injection b=5 s=73: applied=5, nested=True, p=0.059975, flip=False, attack_success=False, error=none
  targeted_subgraph_injection b=1 s=89: applied=1, nested=True, p=0.000001, flip=False, attack_success=False, error=none
  targeted_subgraph_injection b=3 s=89: applied=3, nested=True, p=0.000042, flip=False, attack_success=False, error=none
  targeted_subgraph_injection b=5 s=89: applied=5, nested=True, p=0.059975, flip=False, attack_success=False, error=none
  targeted_subgraph_injection b=1 s=101: applied=1, nested=True, p=0.000001, flip=False, attack_success=False, error=none
  targeted_subgraph_injection b=3 s=101: applied=3, nested=True, p=0.000042, flip=False, attack_success=False, error=none
  targeted_subgraph_injection b=5 s=101: applied=5, nested=True, p=0.059975, flip=False, attack_success=False, error=none
  targeted_subgraph_injection b=1 s=137: applied=1, nested=True, p=0.000001, flip=False, attack_success=False, error=none
  targeted_subgraph_injection b=3 s=137: applied=3, nested=True, p=0.000042, flip=False, attack_success=False, error=none
  targeted_subgraph_injection b=5 s=137: applied=5, nested=True, p=0.059975, flip=False, attack_success=False, error=none
  targeted_subgraph_injection b=1 s=2026: applied=1, nested=True, p=0.000001, flip=False, attack_success=False, error=none
  targeted_subgraph_injection b=3 s=2026: applied=3, nested=True, p=0.000042, flip=False, attack_success=False, error=none
  targeted_subgraph_injection b=5 s=2026: applied=5, nested=True, p=0.059975, flip=False, attack_success=False, error=none
[52/60] devign__12_vulnerable_static_inline_void_qtrle_decode_2n4b: true=1, baseline=0 p=0.000000, correct=False, winner=11
[53/60] devign__13_non_vulnerable_static_void_sctlr_write: true=0, baseline=0 p=0.000000, correct=True, winner=11
  winner_xfg_edge_attack b=1 s=7: applied=1, nested=True, p=0.000000, flip=False, attack_success=False, error=none
  winner_xfg_edge_attack b=3 s=7: applied=3, nested=True, p=0.000001, flip=False, attack_success=False, error=none
  winner_xfg_edge_attack b=5 s=7: applied=5, nested=True, p=0.000011, flip=False, attack_success=False, error=none
  winner_xfg_edge_attack b=1 s=17: applied=1, nested=True, p=0.000000, flip=False, attack_success=False, error=none
  winner_xfg_edge_attack b=3 s=17: applied=3, nested=True, p=0.000001, flip=False, attack_success=False, error=none
  winner_xfg_edge_attack b=5 s=17: applied=5, nested=True, p=0.000011, flip=False, attack_success=False, error=none
  winner_xfg_edge_attack b=1 s=29: applied=1, nested=True, p=0.000000, flip=False, attack_success=False, error=none
  winner_xfg_edge_attack b=3 s=29: applied=3, nested=True, p=0.000001, flip=False, attack_success=False, error=none
  winner_xfg_edge_attack b=5 s=29: applied=5, nested=True, p=0.000011, flip=False, attack_success=False, error=none
  winner_xfg_edge_attack b=1 s=42: applied=1, nested=True, p=0.000000, flip=False, attack_success=False, error=none
  winner_xfg_edge_attack b=3 s=42: applied=3, nested=True, p=0.000001, flip=False, attack_success=False, error=none
  winner_xfg_edge_attack b=5 s=42: applied=5, nested=True, p=0.000011, flip=False, attack_success=False, error=none
  winner_xfg_edge_attack b=1 s=61: applied=1, nested=True, p=0.000000, flip=False, attack_success=False, error=none
  winner_xfg_edge_attack b=3 s=61: applied=3, nested=True, p=0.000001, flip=False, attack_success=False, error=none
  winner_xfg_edge_attack b=5 s=61: applied=5, nested=True, p=0.000011, flip=False, attack_success=False, error=none
  winner_xfg_edge_attack b=1 s=73: applied=1, nested=True, p=0.000000, flip=False, attack_success=False, error=none
  winner_xfg_edge_attack b=3 s=73: applied=3, nested=True, p=0.000001, flip=False, attack_success=False, error=none
  winner_xfg_edge_attack b=5 s=73: applied=5, nested=True, p=0.000011, flip=False, attack_success=False, error=none
  winner_xfg_edge_attack b=1 s=89: applied=1, nested=True, p=0.000000, flip=False, attack_success=False, error=none
  winner_xfg_edge_attack b=3 s=89: applied=3, nested=True, p=0.000001, flip=False, attack_success=False, error=none
  winner_xfg_edge_attack b=5 s=89: applied=5, nested=True, p=0.000011, flip=False, attack_success=False, error=none
  winner_xfg_edge_attack b=1 s=101: applied=1, nested=True, p=0.000000, flip=False, attack_success=False, error=none
  winner_xfg_edge_attack b=3 s=101: applied=3, nested=True, p=0.000001, flip=False, attack_success=False, error=none
  winner_xfg_edge_attack b=5 s=101: applied=5, nested=True, p=0.000011, flip=False, attack_success=False, error=none
  winner_xfg_edge_attack b=1 s=137: applied=1, nested=True, p=0.000000, flip=False, attack_success=False, error=none
  winner_xfg_edge_attack b=3 s=137: applied=3, nested=True, p=0.000001, flip=False, attack_success=False, error=none
  winner_xfg_edge_attack b=5 s=137: applied=5, nested=True, p=0.000011, flip=False, attack_success=False, error=none
  winner_xfg_edge_attack b=1 s=2026: applied=1, nested=True, p=0.000000, flip=False, attack_success=False, error=none
  winner_xfg_edge_attack b=3 s=2026: applied=3, nested=True, p=0.000001, flip=False, attack_success=False, error=none
  winner_xfg_edge_attack b=5 s=2026: applied=5, nested=True, p=0.000011, flip=False, attack_success=False, error=none
  winner_xfg_feature_mask b=1 s=7: applied=1, nested=True, p=0.000000, flip=False, attack_success=False, error=none
  winner_xfg_feature_mask b=3 s=7: applied=3, nested=True, p=0.000000, flip=False, attack_success=False, error=none
  winner_xfg_feature_mask b=5 s=7: applied=5, nested=True, p=0.000000, flip=False, attack_success=False, error=none
  winner_xfg_feature_mask b=1 s=17: applied=1, nested=True, p=0.000000, flip=False, attack_success=False, error=none
  winner_xfg_feature_mask b=3 s=17: applied=3, nested=True, p=0.000000, flip=False, attack_success=False, error=none
  winner_xfg_feature_mask b=5 s=17: applied=5, nested=True, p=0.000000, flip=False, attack_success=False, error=none
  winner_xfg_feature_mask b=1 s=29: applied=1, nested=True, p=0.000000, flip=False, attack_success=False, error=none
  winner_xfg_feature_mask b=3 s=29: applied=3, nested=True, p=0.000000, flip=False, attack_success=False, error=none
  winner_xfg_feature_mask b=5 s=29: applied=5, nested=True, p=0.000000, flip=False, attack_success=False, error=none
  winner_xfg_feature_mask b=1 s=42: applied=1, nested=True, p=0.000000, flip=False, attack_success=False, error=none
  winner_xfg_feature_mask b=3 s=42: applied=3, nested=True, p=0.000000, flip=False, attack_success=False, error=none
  winner_xfg_feature_mask b=5 s=42: applied=5, nested=True, p=0.000000, flip=False, attack_success=False, error=none
  winner_xfg_feature_mask b=1 s=61: applied=1, nested=True, p=0.000000, flip=False, attack_success=False, error=none
  winner_xfg_feature_mask b=3 s=61: applied=3, nested=True, p=0.000000, flip=False, attack_success=False, error=none
  winner_xfg_feature_mask b=5 s=61: applied=5, nested=True, p=0.000000, flip=False, attack_success=False, error=none
  winner_xfg_feature_mask b=1 s=73: applied=1, nested=True, p=0.000000, flip=False, attack_success=False, error=none
  winner_xfg_feature_mask b=3 s=73: applied=3, nested=True, p=0.000000, flip=False, attack_success=False, error=none
  winner_xfg_feature_mask b=5 s=73: applied=5, nested=True, p=0.000000, flip=False, attack_success=False, error=none
  winner_xfg_feature_mask b=1 s=89: applied=1, nested=True, p=0.000000, flip=False, attack_success=False, error=none
  winner_xfg_feature_mask b=3 s=89: applied=3, nested=True, p=0.000000, flip=False, attack_success=False, error=none
  winner_xfg_feature_mask b=5 s=89: applied=5, nested=True, p=0.000000, flip=False, attack_success=False, error=none
  winner_xfg_feature_mask b=1 s=101: applied=1, nested=True, p=0.000000, flip=False, attack_success=False, error=none
  winner_xfg_feature_mask b=3 s=101: applied=3, nested=True, p=0.000000, flip=False, attack_success=False, error=none
  winner_xfg_feature_mask b=5 s=101: applied=5, nested=True, p=0.000000, flip=False, attack_success=False, error=none
  winner_xfg_feature_mask b=1 s=137: applied=1, nested=True, p=0.000000, flip=False, attack_success=False, error=none
  winner_xfg_feature_mask b=3 s=137: applied=3, nested=True, p=0.000000, flip=False, attack_success=False, error=none
  winner_xfg_feature_mask b=5 s=137: applied=5, nested=True, p=0.000000, flip=False, attack_success=False, error=none
  winner_xfg_feature_mask b=1 s=2026: applied=1, nested=True, p=0.000000, flip=False, attack_success=False, error=none
  winner_xfg_feature_mask b=3 s=2026: applied=3, nested=True, p=0.000000, flip=False, attack_success=False, error=none
  winner_xfg_feature_mask b=5 s=2026: applied=5, nested=True, p=0.000000, flip=False, attack_success=False, error=none
  targeted_subgraph_injection b=1 s=7: applied=1, nested=True, p=0.000000, flip=False, attack_success=False, error=none
  targeted_subgraph_injection b=3 s=7: applied=3, nested=True, p=0.000000, flip=False, attack_success=False, error=none
  targeted_subgraph_injection b=5 s=7: applied=5, nested=True, p=0.000000, flip=False, attack_success=False, error=none
  targeted_subgraph_injection b=1 s=17: applied=1, nested=True, p=0.000000, flip=False, attack_success=False, error=none
  targeted_subgraph_injection b=3 s=17: applied=3, nested=True, p=0.000000, flip=False, attack_success=False, error=none
  targeted_subgraph_injection b=5 s=17: applied=5, nested=True, p=0.000000, flip=False, attack_success=False, error=none
  targeted_subgraph_injection b=1 s=29: applied=1, nested=True, p=0.000000, flip=False, attack_success=False, error=none
  targeted_subgraph_injection b=3 s=29: applied=3, nested=True, p=0.000000, flip=False, attack_success=False, error=none
  targeted_subgraph_injection b=5 s=29: applied=5, nested=True, p=0.000000, flip=False, attack_success=False, error=none
  targeted_subgraph_injection b=1 s=42: applied=1, nested=True, p=0.000000, flip=False, attack_success=False, error=none
  targeted_subgraph_injection b=3 s=42: applied=3, nested=True, p=0.000000, flip=False, attack_success=False, error=none
  targeted_subgraph_injection b=5 s=42: applied=5, nested=True, p=0.000000, flip=False, attack_success=False, error=none
  targeted_subgraph_injection b=1 s=61: applied=1, nested=True, p=0.000000, flip=False, attack_success=False, error=none
  targeted_subgraph_injection b=3 s=61: applied=3, nested=True, p=0.000000, flip=False, attack_success=False, error=none
  targeted_subgraph_injection b=5 s=61: applied=5, nested=True, p=0.000000, flip=False, attack_success=False, error=none
  targeted_subgraph_injection b=1 s=73: applied=1, nested=True, p=0.000000, flip=False, attack_success=False, error=none
  targeted_subgraph_injection b=3 s=73: applied=3, nested=True, p=0.000000, flip=False, attack_success=False, error=none
  targeted_subgraph_injection b=5 s=73: applied=5, nested=True, p=0.000000, flip=False, attack_success=False, error=none
  targeted_subgraph_injection b=1 s=89: applied=1, nested=True, p=0.000000, flip=False, attack_success=False, error=none
  targeted_subgraph_injection b=3 s=89: applied=3, nested=True, p=0.000000, flip=False, attack_success=False, error=none
  targeted_subgraph_injection b=5 s=89: applied=5, nested=True, p=0.000000, flip=False, attack_success=False, error=none
  targeted_subgraph_injection b=1 s=101: applied=1, nested=True, p=0.000000, flip=False, attack_success=False, error=none
  targeted_subgraph_injection b=3 s=101: applied=3, nested=True, p=0.000000, flip=False, attack_success=False, error=none
  targeted_subgraph_injection b=5 s=101: applied=5, nested=True, p=0.000000, flip=False, attack_success=False, error=none
  targeted_subgraph_injection b=1 s=137: applied=1, nested=True, p=0.000000, flip=False, attack_success=False, error=none
  targeted_subgraph_injection b=3 s=137: applied=3, nested=True, p=0.000000, flip=False, attack_success=False, error=none
  targeted_subgraph_injection b=5 s=137: applied=5, nested=True, p=0.000000, flip=False, attack_success=False, error=none
  targeted_subgraph_injection b=1 s=2026: applied=1, nested=True, p=0.000000, flip=False, attack_success=False, error=none
  targeted_subgraph_injection b=3 s=2026: applied=3, nested=True, p=0.000000, flip=False, attack_success=False, error=none
  targeted_subgraph_injection b=5 s=2026: applied=5, nested=True, p=0.000000, flip=False, attack_success=False, error=none
[54/60] devign__14_vulnerable_static_int_decode_mb_info: true=1, baseline=0 p=0.223510, correct=False, winner=21
[55/60] devign__15_vulnerable_static_void_mm_rearm_timer: true=1, baseline=0 p=0.000009, correct=False, winner=31
[56/60] devign__16_vulnerable_static_int_mxg_update_cache: true=1, baseline=0 p=0.000000, correct=False, winner=21
[57/60] devign__17_vulnerable_static_void_FUNCC: true=1, baseline=0 p=0.076072, correct=False, winner=5
[58/60] devign__18_vulnerable_mpeg1_decode_sequence: true=1, baseline=1 p=0.899059, correct=True, winner=115
  winner_xfg_edge_attack b=1 s=7: applied=1, nested=True, p=0.391047, flip=True, attack_success=True, error=none
  winner_xfg_edge_attack b=3 s=7: applied=3, nested=True, p=0.093275, flip=True, attack_success=True, error=none
  winner_xfg_edge_attack b=5 s=7: applied=5, nested=True, p=0.064199, flip=True, attack_success=True, error=none
  winner_xfg_edge_attack b=1 s=17: applied=1, nested=True, p=0.391047, flip=True, attack_success=True, error=none
  winner_xfg_edge_attack b=3 s=17: applied=3, nested=True, p=0.093275, flip=True, attack_success=True, error=none
  winner_xfg_edge_attack b=5 s=17: applied=5, nested=True, p=0.064199, flip=True, attack_success=True, error=none
  winner_xfg_edge_attack b=1 s=29: applied=1, nested=True, p=0.391047, flip=True, attack_success=True, error=none
  winner_xfg_edge_attack b=3 s=29: applied=3, nested=True, p=0.093275, flip=True, attack_success=True, error=none
  winner_xfg_edge_attack b=5 s=29: applied=5, nested=True, p=0.064199, flip=True, attack_success=True, error=none
  winner_xfg_edge_attack b=1 s=42: applied=1, nested=True, p=0.391047, flip=True, attack_success=True, error=none
  winner_xfg_edge_attack b=3 s=42: applied=3, nested=True, p=0.093275, flip=True, attack_success=True, error=none
  winner_xfg_edge_attack b=5 s=42: applied=5, nested=True, p=0.064199, flip=True, attack_success=True, error=none
  winner_xfg_edge_attack b=1 s=61: applied=1, nested=True, p=0.391047, flip=True, attack_success=True, error=none
  winner_xfg_edge_attack b=3 s=61: applied=3, nested=True, p=0.093275, flip=True, attack_success=True, error=none
  winner_xfg_edge_attack b=5 s=61: applied=5, nested=True, p=0.064199, flip=True, attack_success=True, error=none
  winner_xfg_edge_attack b=1 s=73: applied=1, nested=True, p=0.391047, flip=True, attack_success=True, error=none
  winner_xfg_edge_attack b=3 s=73: applied=3, nested=True, p=0.093275, flip=True, attack_success=True, error=none
  winner_xfg_edge_attack b=5 s=73: applied=5, nested=True, p=0.064199, flip=True, attack_success=True, error=none
  winner_xfg_edge_attack b=1 s=89: applied=1, nested=True, p=0.391047, flip=True, attack_success=True, error=none
  winner_xfg_edge_attack b=3 s=89: applied=3, nested=True, p=0.093275, flip=True, attack_success=True, error=none
  winner_xfg_edge_attack b=5 s=89: applied=5, nested=True, p=0.064199, flip=True, attack_success=True, error=none
  winner_xfg_edge_attack b=1 s=101: applied=1, nested=True, p=0.391047, flip=True, attack_success=True, error=none
  winner_xfg_edge_attack b=3 s=101: applied=3, nested=True, p=0.093275, flip=True, attack_success=True, error=none
  winner_xfg_edge_attack b=5 s=101: applied=5, nested=True, p=0.064199, flip=True, attack_success=True, error=none
  winner_xfg_edge_attack b=1 s=137: applied=1, nested=True, p=0.391047, flip=True, attack_success=True, error=none
  winner_xfg_edge_attack b=3 s=137: applied=3, nested=True, p=0.093275, flip=True, attack_success=True, error=none
  winner_xfg_edge_attack b=5 s=137: applied=5, nested=True, p=0.064199, flip=True, attack_success=True, error=none
  winner_xfg_edge_attack b=1 s=2026: applied=1, nested=True, p=0.391047, flip=True, attack_success=True, error=none
  winner_xfg_edge_attack b=3 s=2026: applied=3, nested=True, p=0.093275, flip=True, attack_success=True, error=none
  winner_xfg_edge_attack b=5 s=2026: applied=5, nested=True, p=0.064199, flip=True, attack_success=True, error=none
  winner_xfg_feature_mask b=1 s=7: applied=1, nested=True, p=0.039063, flip=True, attack_success=True, error=none
  winner_xfg_feature_mask b=3 s=7: applied=3, nested=True, p=0.011572, flip=True, attack_success=True, error=none
  winner_xfg_feature_mask b=5 s=7: applied=5, nested=True, p=0.000000, flip=True, attack_success=True, error=none
  winner_xfg_feature_mask b=1 s=17: applied=1, nested=True, p=0.039063, flip=True, attack_success=True, error=none
  winner_xfg_feature_mask b=3 s=17: applied=3, nested=True, p=0.011572, flip=True, attack_success=True, error=none
  winner_xfg_feature_mask b=5 s=17: applied=5, nested=True, p=0.000000, flip=True, attack_success=True, error=none
  winner_xfg_feature_mask b=1 s=29: applied=1, nested=True, p=0.039063, flip=True, attack_success=True, error=none
  winner_xfg_feature_mask b=3 s=29: applied=3, nested=True, p=0.011572, flip=True, attack_success=True, error=none
  winner_xfg_feature_mask b=5 s=29: applied=5, nested=True, p=0.000000, flip=True, attack_success=True, error=none
  winner_xfg_feature_mask b=1 s=42: applied=1, nested=True, p=0.039063, flip=True, attack_success=True, error=none
  winner_xfg_feature_mask b=3 s=42: applied=3, nested=True, p=0.011572, flip=True, attack_success=True, error=none
  winner_xfg_feature_mask b=5 s=42: applied=5, nested=True, p=0.000000, flip=True, attack_success=True, error=none
  winner_xfg_feature_mask b=1 s=61: applied=1, nested=True, p=0.039063, flip=True, attack_success=True, error=none
  winner_xfg_feature_mask b=3 s=61: applied=3, nested=True, p=0.011572, flip=True, attack_success=True, error=none
  winner_xfg_feature_mask b=5 s=61: applied=5, nested=True, p=0.000000, flip=True, attack_success=True, error=none
  winner_xfg_feature_mask b=1 s=73: applied=1, nested=True, p=0.039063, flip=True, attack_success=True, error=none
  winner_xfg_feature_mask b=3 s=73: applied=3, nested=True, p=0.011572, flip=True, attack_success=True, error=none
  winner_xfg_feature_mask b=5 s=73: applied=5, nested=True, p=0.000000, flip=True, attack_success=True, error=none
  winner_xfg_feature_mask b=1 s=89: applied=1, nested=True, p=0.039063, flip=True, attack_success=True, error=none
  winner_xfg_feature_mask b=3 s=89: applied=3, nested=True, p=0.011572, flip=True, attack_success=True, error=none
  winner_xfg_feature_mask b=5 s=89: applied=5, nested=True, p=0.000000, flip=True, attack_success=True, error=none
  winner_xfg_feature_mask b=1 s=101: applied=1, nested=True, p=0.039063, flip=True, attack_success=True, error=none
  winner_xfg_feature_mask b=3 s=101: applied=3, nested=True, p=0.011572, flip=True, attack_success=True, error=none
  winner_xfg_feature_mask b=5 s=101: applied=5, nested=True, p=0.000000, flip=True, attack_success=True, error=none
  winner_xfg_feature_mask b=1 s=137: applied=1, nested=True, p=0.039063, flip=True, attack_success=True, error=none
  winner_xfg_feature_mask b=3 s=137: applied=3, nested=True, p=0.011572, flip=True, attack_success=True, error=none
  winner_xfg_feature_mask b=5 s=137: applied=5, nested=True, p=0.000000, flip=True, attack_success=True, error=none
  winner_xfg_feature_mask b=1 s=2026: applied=1, nested=True, p=0.039063, flip=True, attack_success=True, error=none
  winner_xfg_feature_mask b=3 s=2026: applied=3, nested=True, p=0.011572, flip=True, attack_success=True, error=none
  winner_xfg_feature_mask b=5 s=2026: applied=5, nested=True, p=0.000000, flip=True, attack_success=True, error=none
  targeted_subgraph_injection b=1 s=7: applied=1, nested=True, p=0.180411, flip=True, attack_success=True, error=none
  targeted_subgraph_injection b=3 s=7: applied=3, nested=True, p=0.973800, flip=False, attack_success=False, error=none
  targeted_subgraph_injection b=5 s=7: applied=5, nested=True, p=0.670764, flip=False, attack_success=False, error=none
  targeted_subgraph_injection b=1 s=17: applied=1, nested=True, p=0.180411, flip=True, attack_success=True, error=none
  targeted_subgraph_injection b=3 s=17: applied=3, nested=True, p=0.973800, flip=False, attack_success=False, error=none
  targeted_subgraph_injection b=5 s=17: applied=5, nested=True, p=0.670764, flip=False, attack_success=False, error=none
  targeted_subgraph_injection b=1 s=29: applied=1, nested=True, p=0.180411, flip=True, attack_success=True, error=none
  targeted_subgraph_injection b=3 s=29: applied=3, nested=True, p=0.973800, flip=False, attack_success=False, error=none
  targeted_subgraph_injection b=5 s=29: applied=5, nested=True, p=0.670764, flip=False, attack_success=False, error=none
  targeted_subgraph_injection b=1 s=42: applied=1, nested=True, p=0.180411, flip=True, attack_success=True, error=none
  targeted_subgraph_injection b=3 s=42: applied=3, nested=True, p=0.973800, flip=False, attack_success=False, error=none
  targeted_subgraph_injection b=5 s=42: applied=5, nested=True, p=0.670764, flip=False, attack_success=False, error=none
  targeted_subgraph_injection b=1 s=61: applied=1, nested=True, p=0.180411, flip=True, attack_success=True, error=none
  targeted_subgraph_injection b=3 s=61: applied=3, nested=True, p=0.973800, flip=False, attack_success=False, error=none
  targeted_subgraph_injection b=5 s=61: applied=5, nested=True, p=0.670764, flip=False, attack_success=False, error=none
  targeted_subgraph_injection b=1 s=73: applied=1, nested=True, p=0.180411, flip=True, attack_success=True, error=none
  targeted_subgraph_injection b=3 s=73: applied=3, nested=True, p=0.973800, flip=False, attack_success=False, error=none
  targeted_subgraph_injection b=5 s=73: applied=5, nested=True, p=0.670764, flip=False, attack_success=False, error=none
  targeted_subgraph_injection b=1 s=89: applied=1, nested=True, p=0.180411, flip=True, attack_success=True, error=none
  targeted_subgraph_injection b=3 s=89: applied=3, nested=True, p=0.973800, flip=False, attack_success=False, error=none
  targeted_subgraph_injection b=5 s=89: applied=5, nested=True, p=0.670764, flip=False, attack_success=False, error=none
  targeted_subgraph_injection b=1 s=101: applied=1, nested=True, p=0.180411, flip=True, attack_success=True, error=none
  targeted_subgraph_injection b=3 s=101: applied=3, nested=True, p=0.973800, flip=False, attack_success=False, error=none
  targeted_subgraph_injection b=5 s=101: applied=5, nested=True, p=0.670764, flip=False, attack_success=False, error=none
  targeted_subgraph_injection b=1 s=137: applied=1, nested=True, p=0.180411, flip=True, attack_success=True, error=none
  targeted_subgraph_injection b=3 s=137: applied=3, nested=True, p=0.973800, flip=False, attack_success=False, error=none
  targeted_subgraph_injection b=5 s=137: applied=5, nested=True, p=0.670764, flip=False, attack_success=False, error=none
  targeted_subgraph_injection b=1 s=2026: applied=1, nested=True, p=0.180411, flip=True, attack_success=True, error=none
  targeted_subgraph_injection b=3 s=2026: applied=3, nested=True, p=0.973800, flip=False, attack_success=False, error=none
  targeted_subgraph_injection b=5 s=2026: applied=5, nested=True, p=0.670764, flip=False, attack_success=False, error=none
[59/60] devign__19_non_vulnerable_const_char_get_feature_xml: true=0, baseline=0 p=0.000039, correct=True, winner=29
  winner_xfg_edge_attack b=1 s=7: applied=1, nested=True, p=0.000318, flip=False, attack_success=False, error=none
  winner_xfg_edge_attack b=3 s=7: applied=3, nested=True, p=0.002944, flip=False, attack_success=False, error=none
  winner_xfg_edge_attack b=5 s=7: applied=5, nested=True, p=0.003606, flip=False, attack_success=False, error=none
  winner_xfg_edge_attack b=1 s=17: applied=1, nested=True, p=0.000318, flip=False, attack_success=False, error=none
  winner_xfg_edge_attack b=3 s=17: applied=3, nested=True, p=0.002944, flip=False, attack_success=False, error=none
  winner_xfg_edge_attack b=5 s=17: applied=5, nested=True, p=0.003606, flip=False, attack_success=False, error=none
  winner_xfg_edge_attack b=1 s=29: applied=1, nested=True, p=0.000318, flip=False, attack_success=False, error=none
  winner_xfg_edge_attack b=3 s=29: applied=3, nested=True, p=0.002944, flip=False, attack_success=False, error=none
  winner_xfg_edge_attack b=5 s=29: applied=5, nested=True, p=0.003606, flip=False, attack_success=False, error=none
  winner_xfg_edge_attack b=1 s=42: applied=1, nested=True, p=0.000318, flip=False, attack_success=False, error=none
  winner_xfg_edge_attack b=3 s=42: applied=3, nested=True, p=0.002944, flip=False, attack_success=False, error=none
  winner_xfg_edge_attack b=5 s=42: applied=5, nested=True, p=0.003606, flip=False, attack_success=False, error=none
  winner_xfg_edge_attack b=1 s=61: applied=1, nested=True, p=0.000318, flip=False, attack_success=False, error=none
  winner_xfg_edge_attack b=3 s=61: applied=3, nested=True, p=0.002944, flip=False, attack_success=False, error=none
  winner_xfg_edge_attack b=5 s=61: applied=5, nested=True, p=0.003606, flip=False, attack_success=False, error=none
  winner_xfg_edge_attack b=1 s=73: applied=1, nested=True, p=0.000318, flip=False, attack_success=False, error=none
  winner_xfg_edge_attack b=3 s=73: applied=3, nested=True, p=0.002944, flip=False, attack_success=False, error=none
  winner_xfg_edge_attack b=5 s=73: applied=5, nested=True, p=0.003606, flip=False, attack_success=False, error=none
  winner_xfg_edge_attack b=1 s=89: applied=1, nested=True, p=0.000318, flip=False, attack_success=False, error=none
  winner_xfg_edge_attack b=3 s=89: applied=3, nested=True, p=0.002944, flip=False, attack_success=False, error=none
  winner_xfg_edge_attack b=5 s=89: applied=5, nested=True, p=0.003606, flip=False, attack_success=False, error=none
  winner_xfg_edge_attack b=1 s=101: applied=1, nested=True, p=0.000318, flip=False, attack_success=False, error=none
  winner_xfg_edge_attack b=3 s=101: applied=3, nested=True, p=0.002944, flip=False, attack_success=False, error=none
  winner_xfg_edge_attack b=5 s=101: applied=5, nested=True, p=0.003606, flip=False, attack_success=False, error=none
  winner_xfg_edge_attack b=1 s=137: applied=1, nested=True, p=0.000318, flip=False, attack_success=False, error=none
  winner_xfg_edge_attack b=3 s=137: applied=3, nested=True, p=0.002944, flip=False, attack_success=False, error=none
  winner_xfg_edge_attack b=5 s=137: applied=5, nested=True, p=0.003606, flip=False, attack_success=False, error=none
  winner_xfg_edge_attack b=1 s=2026: applied=1, nested=True, p=0.000318, flip=False, attack_success=False, error=none
  winner_xfg_edge_attack b=3 s=2026: applied=3, nested=True, p=0.002944, flip=False, attack_success=False, error=none
  winner_xfg_edge_attack b=5 s=2026: applied=5, nested=True, p=0.003606, flip=False, attack_success=False, error=none
  winner_xfg_feature_mask b=1 s=7: applied=1, nested=True, p=0.000068, flip=False, attack_success=False, error=none
  winner_xfg_feature_mask b=3 s=7: applied=3, nested=True, p=0.000027, flip=False, attack_success=False, error=none
  winner_xfg_feature_mask b=5 s=7: applied=5, nested=True, p=0.001888, flip=False, attack_success=False, error=none
  winner_xfg_feature_mask b=1 s=17: applied=1, nested=True, p=0.000068, flip=False, attack_success=False, error=none
  winner_xfg_feature_mask b=3 s=17: applied=3, nested=True, p=0.000027, flip=False, attack_success=False, error=none
  winner_xfg_feature_mask b=5 s=17: applied=5, nested=True, p=0.001888, flip=False, attack_success=False, error=none
  winner_xfg_feature_mask b=1 s=29: applied=1, nested=True, p=0.000068, flip=False, attack_success=False, error=none
  winner_xfg_feature_mask b=3 s=29: applied=3, nested=True, p=0.000027, flip=False, attack_success=False, error=none
  winner_xfg_feature_mask b=5 s=29: applied=5, nested=True, p=0.001888, flip=False, attack_success=False, error=none
  winner_xfg_feature_mask b=1 s=42: applied=1, nested=True, p=0.000068, flip=False, attack_success=False, error=none
  winner_xfg_feature_mask b=3 s=42: applied=3, nested=True, p=0.000027, flip=False, attack_success=False, error=none
  winner_xfg_feature_mask b=5 s=42: applied=5, nested=True, p=0.001888, flip=False, attack_success=False, error=none
  winner_xfg_feature_mask b=1 s=61: applied=1, nested=True, p=0.000068, flip=False, attack_success=False, error=none
  winner_xfg_feature_mask b=3 s=61: applied=3, nested=True, p=0.000027, flip=False, attack_success=False, error=none
  winner_xfg_feature_mask b=5 s=61: applied=5, nested=True, p=0.001888, flip=False, attack_success=False, error=none
  winner_xfg_feature_mask b=1 s=73: applied=1, nested=True, p=0.000068, flip=False, attack_success=False, error=none
  winner_xfg_feature_mask b=3 s=73: applied=3, nested=True, p=0.000027, flip=False, attack_success=False, error=none
  winner_xfg_feature_mask b=5 s=73: applied=5, nested=True, p=0.001888, flip=False, attack_success=False, error=none
  winner_xfg_feature_mask b=1 s=89: applied=1, nested=True, p=0.000068, flip=False, attack_success=False, error=none
  winner_xfg_feature_mask b=3 s=89: applied=3, nested=True, p=0.000027, flip=False, attack_success=False, error=none
  winner_xfg_feature_mask b=5 s=89: applied=5, nested=True, p=0.001888, flip=False, attack_success=False, error=none
  winner_xfg_feature_mask b=1 s=101: applied=1, nested=True, p=0.000068, flip=False, attack_success=False, error=none
  winner_xfg_feature_mask b=3 s=101: applied=3, nested=True, p=0.000027, flip=False, attack_success=False, error=none
  winner_xfg_feature_mask b=5 s=101: applied=5, nested=True, p=0.001888, flip=False, attack_success=False, error=none
  winner_xfg_feature_mask b=1 s=137: applied=1, nested=True, p=0.000068, flip=False, attack_success=False, error=none
  winner_xfg_feature_mask b=3 s=137: applied=3, nested=True, p=0.000027, flip=False, attack_success=False, error=none
  winner_xfg_feature_mask b=5 s=137: applied=5, nested=True, p=0.001888, flip=False, attack_success=False, error=none
  winner_xfg_feature_mask b=1 s=2026: applied=1, nested=True, p=0.000068, flip=False, attack_success=False, error=none
  winner_xfg_feature_mask b=3 s=2026: applied=3, nested=True, p=0.000027, flip=False, attack_success=False, error=none
  winner_xfg_feature_mask b=5 s=2026: applied=5, nested=True, p=0.001888, flip=False, attack_success=False, error=none
  targeted_subgraph_injection b=1 s=7: applied=1, nested=True, p=0.000153, flip=False, attack_success=False, error=none
  targeted_subgraph_injection b=3 s=7: applied=3, nested=True, p=0.000098, flip=False, attack_success=False, error=none
  targeted_subgraph_injection b=5 s=7: applied=5, nested=True, p=0.000057, flip=False, attack_success=False, error=none
  targeted_subgraph_injection b=1 s=17: applied=1, nested=True, p=0.000153, flip=False, attack_success=False, error=none
  targeted_subgraph_injection b=3 s=17: applied=3, nested=True, p=0.000098, flip=False, attack_success=False, error=none
  targeted_subgraph_injection b=5 s=17: applied=5, nested=True, p=0.000057, flip=False, attack_success=False, error=none
  targeted_subgraph_injection b=1 s=29: applied=1, nested=True, p=0.000153, flip=False, attack_success=False, error=none
  targeted_subgraph_injection b=3 s=29: applied=3, nested=True, p=0.000098, flip=False, attack_success=False, error=none
  targeted_subgraph_injection b=5 s=29: applied=5, nested=True, p=0.000057, flip=False, attack_success=False, error=none
  targeted_subgraph_injection b=1 s=42: applied=1, nested=True, p=0.000153, flip=False, attack_success=False, error=none
  targeted_subgraph_injection b=3 s=42: applied=3, nested=True, p=0.000098, flip=False, attack_success=False, error=none
  targeted_subgraph_injection b=5 s=42: applied=5, nested=True, p=0.000057, flip=False, attack_success=False, error=none
  targeted_subgraph_injection b=1 s=61: applied=1, nested=True, p=0.000153, flip=False, attack_success=False, error=none
  targeted_subgraph_injection b=3 s=61: applied=3, nested=True, p=0.000098, flip=False, attack_success=False, error=none
  targeted_subgraph_injection b=5 s=61: applied=5, nested=True, p=0.000057, flip=False, attack_success=False, error=none
  targeted_subgraph_injection b=1 s=73: applied=1, nested=True, p=0.000153, flip=False, attack_success=False, error=none
  targeted_subgraph_injection b=3 s=73: applied=3, nested=True, p=0.000098, flip=False, attack_success=False, error=none
  targeted_subgraph_injection b=5 s=73: applied=5, nested=True, p=0.000057, flip=False, attack_success=False, error=none
  targeted_subgraph_injection b=1 s=89: applied=1, nested=True, p=0.000153, flip=False, attack_success=False, error=none
  targeted_subgraph_injection b=3 s=89: applied=3, nested=True, p=0.000098, flip=False, attack_success=False, error=none
  targeted_subgraph_injection b=5 s=89: applied=5, nested=True, p=0.000057, flip=False, attack_success=False, error=none
  targeted_subgraph_injection b=1 s=101: applied=1, nested=True, p=0.000153, flip=False, attack_success=False, error=none
  targeted_subgraph_injection b=3 s=101: applied=3, nested=True, p=0.000098, flip=False, attack_success=False, error=none
  targeted_subgraph_injection b=5 s=101: applied=5, nested=True, p=0.000057, flip=False, attack_success=False, error=none
  targeted_subgraph_injection b=1 s=137: applied=1, nested=True, p=0.000153, flip=False, attack_success=False, error=none
  targeted_subgraph_injection b=3 s=137: applied=3, nested=True, p=0.000098, flip=False, attack_success=False, error=none
  targeted_subgraph_injection b=5 s=137: applied=5, nested=True, p=0.000057, flip=False, attack_success=False, error=none
  targeted_subgraph_injection b=1 s=2026: applied=1, nested=True, p=0.000153, flip=False, attack_success=False, error=none
  targeted_subgraph_injection b=3 s=2026: applied=3, nested=True, p=0.000098, flip=False, attack_success=False, error=none
  targeted_subgraph_injection b=5 s=2026: applied=5, nested=True, p=0.000057, flip=False, attack_success=False, error=none
[60/60] devign__20_non_vulnerable_static_int_vfio_set_resample_eventfd: true=0, baseline=0 p=0.115107, correct=True, winner=27
  winner_xfg_edge_attack b=1 s=7: applied=1, nested=True, p=0.202806, flip=False, attack_success=False, error=none
  winner_xfg_edge_attack b=3 s=7: applied=3, nested=True, p=0.098044, flip=False, attack_success=False, error=none
  winner_xfg_edge_attack b=5 s=7: applied=5, nested=True, p=0.043145, flip=False, attack_success=False, error=none
  winner_xfg_edge_attack b=1 s=17: applied=1, nested=True, p=0.202806, flip=False, attack_success=False, error=none
  winner_xfg_edge_attack b=3 s=17: applied=3, nested=True, p=0.098044, flip=False, attack_success=False, error=none
  winner_xfg_edge_attack b=5 s=17: applied=5, nested=True, p=0.043145, flip=False, attack_success=False, error=none
  winner_xfg_edge_attack b=1 s=29: applied=1, nested=True, p=0.202806, flip=False, attack_success=False, error=none
  winner_xfg_edge_attack b=3 s=29: applied=3, nested=True, p=0.098044, flip=False, attack_success=False, error=none
  winner_xfg_edge_attack b=5 s=29: applied=5, nested=True, p=0.043145, flip=False, attack_success=False, error=none
  winner_xfg_edge_attack b=1 s=42: applied=1, nested=True, p=0.202806, flip=False, attack_success=False, error=none
  winner_xfg_edge_attack b=3 s=42: applied=3, nested=True, p=0.098044, flip=False, attack_success=False, error=none
  winner_xfg_edge_attack b=5 s=42: applied=5, nested=True, p=0.043145, flip=False, attack_success=False, error=none
  winner_xfg_edge_attack b=1 s=61: applied=1, nested=True, p=0.202806, flip=False, attack_success=False, error=none
  winner_xfg_edge_attack b=3 s=61: applied=3, nested=True, p=0.098044, flip=False, attack_success=False, error=none
  winner_xfg_edge_attack b=5 s=61: applied=5, nested=True, p=0.043145, flip=False, attack_success=False, error=none
  winner_xfg_edge_attack b=1 s=73: applied=1, nested=True, p=0.202806, flip=False, attack_success=False, error=none
  winner_xfg_edge_attack b=3 s=73: applied=3, nested=True, p=0.098044, flip=False, attack_success=False, error=none
  winner_xfg_edge_attack b=5 s=73: applied=5, nested=True, p=0.043145, flip=False, attack_success=False, error=none
  winner_xfg_edge_attack b=1 s=89: applied=1, nested=True, p=0.202806, flip=False, attack_success=False, error=none
  winner_xfg_edge_attack b=3 s=89: applied=3, nested=True, p=0.098044, flip=False, attack_success=False, error=none
  winner_xfg_edge_attack b=5 s=89: applied=5, nested=True, p=0.043145, flip=False, attack_success=False, error=none
  winner_xfg_edge_attack b=1 s=101: applied=1, nested=True, p=0.202806, flip=False, attack_success=False, error=none
  winner_xfg_edge_attack b=3 s=101: applied=3, nested=True, p=0.098044, flip=False, attack_success=False, error=none
  winner_xfg_edge_attack b=5 s=101: applied=5, nested=True, p=0.043145, flip=False, attack_success=False, error=none
  winner_xfg_edge_attack b=1 s=137: applied=1, nested=True, p=0.202806, flip=False, attack_success=False, error=none
  winner_xfg_edge_attack b=3 s=137: applied=3, nested=True, p=0.098044, flip=False, attack_success=False, error=none
  winner_xfg_edge_attack b=5 s=137: applied=5, nested=True, p=0.043145, flip=False, attack_success=False, error=none
  winner_xfg_edge_attack b=1 s=2026: applied=1, nested=True, p=0.202806, flip=False, attack_success=False, error=none
  winner_xfg_edge_attack b=3 s=2026: applied=3, nested=True, p=0.098044, flip=False, attack_success=False, error=none
  winner_xfg_edge_attack b=5 s=2026: applied=5, nested=True, p=0.043145, flip=False, attack_success=False, error=none
  winner_xfg_feature_mask b=1 s=7: applied=1, nested=True, p=0.764282, flip=True, attack_success=True, error=none
  winner_xfg_feature_mask b=3 s=7: applied=3, nested=True, p=0.571396, flip=True, attack_success=True, error=none
  winner_xfg_feature_mask b=5 s=7: applied=5, nested=True, p=0.556907, flip=True, attack_success=True, error=none
  winner_xfg_feature_mask b=1 s=17: applied=1, nested=True, p=0.764282, flip=True, attack_success=True, error=none
  winner_xfg_feature_mask b=3 s=17: applied=3, nested=True, p=0.571396, flip=True, attack_success=True, error=none
  winner_xfg_feature_mask b=5 s=17: applied=5, nested=True, p=0.556907, flip=True, attack_success=True, error=none
  winner_xfg_feature_mask b=1 s=29: applied=1, nested=True, p=0.764282, flip=True, attack_success=True, error=none
  winner_xfg_feature_mask b=3 s=29: applied=3, nested=True, p=0.571396, flip=True, attack_success=True, error=none
  winner_xfg_feature_mask b=5 s=29: applied=5, nested=True, p=0.556907, flip=True, attack_success=True, error=none
  winner_xfg_feature_mask b=1 s=42: applied=1, nested=True, p=0.764282, flip=True, attack_success=True, error=none
  winner_xfg_feature_mask b=3 s=42: applied=3, nested=True, p=0.571396, flip=True, attack_success=True, error=none
  winner_xfg_feature_mask b=5 s=42: applied=5, nested=True, p=0.556907, flip=True, attack_success=True, error=none
  winner_xfg_feature_mask b=1 s=61: applied=1, nested=True, p=0.764282, flip=True, attack_success=True, error=none
  winner_xfg_feature_mask b=3 s=61: applied=3, nested=True, p=0.571396, flip=True, attack_success=True, error=none
  winner_xfg_feature_mask b=5 s=61: applied=5, nested=True, p=0.556907, flip=True, attack_success=True, error=none
  winner_xfg_feature_mask b=1 s=73: applied=1, nested=True, p=0.764282, flip=True, attack_success=True, error=none
  winner_xfg_feature_mask b=3 s=73: applied=3, nested=True, p=0.571396, flip=True, attack_success=True, error=none
  winner_xfg_feature_mask b=5 s=73: applied=5, nested=True, p=0.556907, flip=True, attack_success=True, error=none
  winner_xfg_feature_mask b=1 s=89: applied=1, nested=True, p=0.764282, flip=True, attack_success=True, error=none
  winner_xfg_feature_mask b=3 s=89: applied=3, nested=True, p=0.571396, flip=True, attack_success=True, error=none
  winner_xfg_feature_mask b=5 s=89: applied=5, nested=True, p=0.556907, flip=True, attack_success=True, error=none
  winner_xfg_feature_mask b=1 s=101: applied=1, nested=True, p=0.764282, flip=True, attack_success=True, error=none
  winner_xfg_feature_mask b=3 s=101: applied=3, nested=True, p=0.571396, flip=True, attack_success=True, error=none
  winner_xfg_feature_mask b=5 s=101: applied=5, nested=True, p=0.556907, flip=True, attack_success=True, error=none
  winner_xfg_feature_mask b=1 s=137: applied=1, nested=True, p=0.764282, flip=True, attack_success=True, error=none
  winner_xfg_feature_mask b=3 s=137: applied=3, nested=True, p=0.571396, flip=True, attack_success=True, error=none
  winner_xfg_feature_mask b=5 s=137: applied=5, nested=True, p=0.556907, flip=True, attack_success=True, error=none
  winner_xfg_feature_mask b=1 s=2026: applied=1, nested=True, p=0.764282, flip=True, attack_success=True, error=none
  winner_xfg_feature_mask b=3 s=2026: applied=3, nested=True, p=0.571396, flip=True, attack_success=True, error=none
  winner_xfg_feature_mask b=5 s=2026: applied=5, nested=True, p=0.556907, flip=True, attack_success=True, error=none
  targeted_subgraph_injection b=1 s=7: applied=1, nested=True, p=0.804885, flip=True, attack_success=True, error=none
  targeted_subgraph_injection b=3 s=7: applied=3, nested=True, p=0.845122, flip=True, attack_success=True, error=none
  targeted_subgraph_injection b=5 s=7: applied=5, nested=True, p=0.854037, flip=True, attack_success=True, error=none
  targeted_subgraph_injection b=1 s=17: applied=1, nested=True, p=0.804885, flip=True, attack_success=True, error=none
  targeted_subgraph_injection b=3 s=17: applied=3, nested=True, p=0.845122, flip=True, attack_success=True, error=none
  targeted_subgraph_injection b=5 s=17: applied=5, nested=True, p=0.854037, flip=True, attack_success=True, error=none
  targeted_subgraph_injection b=1 s=29: applied=1, nested=True, p=0.804885, flip=True, attack_success=True, error=none
  targeted_subgraph_injection b=3 s=29: applied=3, nested=True, p=0.845122, flip=True, attack_success=True, error=none
  targeted_subgraph_injection b=5 s=29: applied=5, nested=True, p=0.854037, flip=True, attack_success=True, error=none
  targeted_subgraph_injection b=1 s=42: applied=1, nested=True, p=0.804885, flip=True, attack_success=True, error=none
  targeted_subgraph_injection b=3 s=42: applied=3, nested=True, p=0.845122, flip=True, attack_success=True, error=none
  targeted_subgraph_injection b=5 s=42: applied=5, nested=True, p=0.854037, flip=True, attack_success=True, error=none
  targeted_subgraph_injection b=1 s=61: applied=1, nested=True, p=0.804885, flip=True, attack_success=True, error=none
  targeted_subgraph_injection b=3 s=61: applied=3, nested=True, p=0.845122, flip=True, attack_success=True, error=none
  targeted_subgraph_injection b=5 s=61: applied=5, nested=True, p=0.854037, flip=True, attack_success=True, error=none
  targeted_subgraph_injection b=1 s=73: applied=1, nested=True, p=0.804885, flip=True, attack_success=True, error=none
  targeted_subgraph_injection b=3 s=73: applied=3, nested=True, p=0.845122, flip=True, attack_success=True, error=none
  targeted_subgraph_injection b=5 s=73: applied=5, nested=True, p=0.854037, flip=True, attack_success=True, error=none
  targeted_subgraph_injection b=1 s=89: applied=1, nested=True, p=0.804885, flip=True, attack_success=True, error=none
  targeted_subgraph_injection b=3 s=89: applied=3, nested=True, p=0.845122, flip=True, attack_success=True, error=none
  targeted_subgraph_injection b=5 s=89: applied=5, nested=True, p=0.854037, flip=True, attack_success=True, error=none
  targeted_subgraph_injection b=1 s=101: applied=1, nested=True, p=0.804885, flip=True, attack_success=True, error=none
  targeted_subgraph_injection b=3 s=101: applied=3, nested=True, p=0.845122, flip=True, attack_success=True, error=none
  targeted_subgraph_injection b=5 s=101: applied=5, nested=True, p=0.854037, flip=True, attack_success=True, error=none
  targeted_subgraph_injection b=1 s=137: applied=1, nested=True, p=0.804885, flip=True, attack_success=True, error=none
  targeted_subgraph_injection b=3 s=137: applied=3, nested=True, p=0.845122, flip=True, attack_success=True, error=none
  targeted_subgraph_injection b=5 s=137: applied=5, nested=True, p=0.854037, flip=True, attack_success=True, error=none
  targeted_subgraph_injection b=1 s=2026: applied=1, nested=True, p=0.804885, flip=True, attack_success=True, error=none
  targeted_subgraph_injection b=3 s=2026: applied=3, nested=True, p=0.845122, flip=True, attack_success=True, error=none
  targeted_subgraph_injection b=5 s=2026: applied=5, nested=True, p=0.854037, flip=True, attack_success=True, error=none
{
  "generated_at_utc": "2026-07-31T02:27:09.384058+00:00",
  "experiment": "winner_xfg_targeted_cwe119_round_2",
  "strategy": "winner_xfg_targeted",
  "seeds": [
    7,
    17,
    29,
    42,
    61,
    73,
    89,
    101,
    137,
    2026
  ],
  "seed_count": 10,
  "threshold": 0.5,
  "device": "cuda:0",
  "actions": [
    "winner_xfg_edge_attack",
    "winner_xfg_feature_mask",
    "targeted_subgraph_injection"
  ],
  "budgets": [
    1,
    3,
    5
  ],
  "baseline_samples": 60,
  "baseline_correct_samples": 31,
  "attacks_attempted": 2700,
  "attacks_successfully_scored": 2700,
  "failed_attacks": 0,
  "unscored_no_xfg": 0,
  "execution_errors": 0,
  "prediction_flips": 310,
  "attack_eligible_variants": 2700,
  "attack_successes": 310,
  "attack_success_rate": 0.11481481481481481,
  "nested_prefix_failures": 0,
  "elapsed_seconds": 147.17042029799995
}
