sample_id,source_file,action,target_mode,winner_xfg_category,winner_xfg_key_line,winner_xfg_probability,targeted_source_lines,count,applied_count,generation_status,run_status,flipped,base_label,variant_label,base_probability,variant_probability,delta_probability,base_nodes,variant_nodes,delta_nodes,base_edges,variant_edges,delta_edges,baseline_run_dir,variant_run_dir,variant_file,notes,error
01_vulnerable_989,C:\Users\weijt\Desktop\UNSW\COMP9900\project\capstone-project-26t2-9900-t17a-almond\input_sources\cwe119\vulnerable\01_vulnerable_989.c,data_flow_alias,winner-xfg,array,989,1.0,990,1,1,generated,ran,False,1,1,1.0,1.0,0.0,5566,5586,20,11864,11901,37,C:\Users\weijt\Desktop\UNSW\COMP9900\project\capstone-project-26t2-9900-t17a-almond\outputs\run_20260723_code_cwe119_winner_xfg_round1\runs\baseline\01_vulnerable_989,C:\Users\weijt\Desktop\UNSW\COMP9900\project\capstone-project-26t2-9900-t17a-almond\outputs\run_20260723_code_cwe119_winner_xfg_round1\runs\perturbed\01_vulnerable_989__data_flow_alias__c1,C:\Users\weijt\Desktop\UNSW\COMP9900\project\capstone-project-26t2-9900-t17a-almond\outputs\run_20260723_code_cwe119_winner_xfg_round1\sources\01_vulnerable_989__data_flow_alias__c1.c,inserted 1 alias-preserving data-flow no-op(s) near call arguments nearest baseline winner-XFG key line 989,
01_vulnerable_989,C:\Users\weijt\Desktop\UNSW\COMP9900\project\capstone-project-26t2-9900-t17a-almond\input_sources\cwe119\vulnerable\01_vulnerable_989.c,data_flow_alias,winner-xfg,array,989,1.0,"990,991",2,2,generated,ran,False,1,1,1.0,1.0,0.0,5566,5606,40,11864,11938,74,C:\Users\weijt\Desktop\UNSW\COMP9900\project\capstone-project-26t2-9900-t17a-almond\outputs\run_20260723_code_cwe119_winner_xfg_round1\runs\baseline\01_vulnerable_989,C:\Users\weijt\Desktop\UNSW\COMP9900\project\capstone-project-26t2-9900-t17a-almond\outputs\run_20260723_code_cwe119_winner_xfg_round1\runs\perturbed\01_vulnerable_989__data_flow_alias__c2,C:\Users\weijt\Desktop\UNSW\COMP9900\project\capstone-project-26t2-9900-t17a-almond\outputs\run_20260723_code_cwe119_winner_xfg_round1\sources\01_vulnerable_989__data_flow_alias__c2.c,inserted 2 alias-preserving data-flow no-op(s) near call arguments nearest baseline winner-XFG key line 989,
01_vulnerable_989,C:\Users\weijt\Desktop\UNSW\COMP9900\project\capstone-project-26t2-9900-t17a-almond\input_sources\cwe119\vulnerable\01_vulnerable_989.c,data_flow_alias,winner-xfg,array,989,1.0,"990,991,992",3,3,generated,ran,False,1,1,1.0,1.0,0.0,5566,5626,60,11864,11975,111,C:\Users\weijt\Desktop\UNSW\COMP9900\project\capstone-project-26t2-9900-t17a-almond\outputs\run_20260723_code_cwe119_winner_xfg_round1\runs\baseline\01_vulnerable_989,C:\Users\weijt\Desktop\UNSW\COMP9900\project\capstone-project-26t2-9900-t17a-almond\outputs\run_20260723_code_cwe119_winner_xfg_round1\runs\perturbed\01_vulnerable_989__data_flow_alias__c3,C:\Users\weijt\Desktop\UNSW\COMP9900\project\capstone-project-26t2-9900-t17a-almond\outputs\run_20260723_code_cwe119_winner_xfg_round1\sources\01_vulnerable_989__data_flow_alias__c3.c,inserted 3 alias-preserving data-flow no-op(s) near call arguments nearest baseline winner-XFG key line 989,
01_vulnerable_989,C:\Users\weijt\Desktop\UNSW\COMP9900\project\capstone-project-26t2-9900-t17a-almond\input_sources\cwe119\vulnerable\01_vulnerable_989.c,data_flow_alias,winner-xfg,array,989,1.0,"990,991,992,994,996",5,5,generated,ran,False,1,1,1.0,1.0,0.0,5566,5666,100,11864,12051,187,C:\Users\weijt\Desktop\UNSW\COMP9900\project\capstone-project-26t2-9900-t17a-almond\outputs\run_20260723_code_cwe119_winner_xfg_round1\runs\baseline\01_vulnerable_989,C:\Users\weijt\Desktop\UNSW\COMP9900\project\capstone-project-26t2-9900-t17a-almond\outputs\run_20260723_code_cwe119_winner_xfg_round1\runs\perturbed\01_vulnerable_989__data_flow_alias__c5,C:\Users\weijt\Desktop\UNSW\COMP9900\project\capstone-project-26t2-9900-t17a-almond\outputs\run_20260723_code_cwe119_winner_xfg_round1\sources\01_vulnerable_989__data_flow_alias__c5.c,inserted 5 alias-preserving data-flow no-op(s) near call arguments nearest baseline winner-XFG key line 989,
01_vulnerable_989,C:\Users\weijt\Desktop\UNSW\COMP9900\project\capstone-project-26t2-9900-t17a-almond\input_sources\cwe119\vulnerable\01_vulnerable_989.c,dead_statement,winner-xfg,array,989,1.0,989,1,1,generated,ran,False,1,1,1.0,1.0,0.0,5566,5578,12,11864,11891,27,C:\Users\weijt\Desktop\UNSW\COMP9900\project\capstone-project-26t2-9900-t17a-almond\outputs\run_20260723_code_cwe119_winner_xfg_round1\runs\baseline\01_vulnerable_989,C:\Users\weijt\Desktop\UNSW\COMP9900\project\capstone-project-26t2-9900-t17a-almond\outputs\run_20260723_code_cwe119_winner_xfg_round1\runs\perturbed\01_vulnerable_989__dead_statement__c1,C:\Users\weijt\Desktop\UNSW\COMP9900\project\capstone-project-26t2-9900-t17a-almond\outputs\run_20260723_code_cwe119_winner_xfg_round1\sources\01_vulnerable_989__dead_statement__c1.c,inserted 1 harmless dummy integer statement pair(s) nearest baseline winner-XFG key line 989,
01_vulnerable_989,C:\Users\weijt\Desktop\UNSW\COMP9900\project\capstone-project-26t2-9900-t17a-almond\input_sources\cwe119\vulnerable\01_vulnerable_989.c,dead_statement,winner-xfg,array,989,1.0,989,2,2,generated,ran,False,1,1,1.0,1.0,0.0,5566,5590,24,11864,11918,54,C:\Users\weijt\Desktop\UNSW\COMP9900\project\capstone-project-26t2-9900-t17a-almond\outputs\run_20260723_code_cwe119_winner_xfg_round1\runs\baseline\01_vulnerable_989,C:\Users\weijt\Desktop\UNSW\COMP9900\project\capstone-project-26t2-9900-t17a-almond\outputs\run_20260723_code_cwe119_winner_xfg_round1\runs\perturbed\01_vulnerable_989__dead_statement__c2,C:\Users\weijt\Desktop\UNSW\COMP9900\project\capstone-project-26t2-9900-t17a-almond\outputs\run_20260723_code_cwe119_winner_xfg_round1\sources\01_vulnerable_989__dead_statement__c2.c,inserted 2 harmless dummy integer statement pair(s) nearest baseline winner-XFG key line 989,
01_vulnerable_989,C:\Users\weijt\Desktop\UNSW\COMP9900\project\capstone-project-26t2-9900-t17a-almond\input_sources\cwe119\vulnerable\01_vulnerable_989.c,dead_statement,winner-xfg,array,989,1.0,989,3,3,generated,ran,False,1,1,1.0,1.0,0.0,5566,5602,36,11864,11945,81,C:\Users\weijt\Desktop\UNSW\COMP9900\project\capstone-project-26t2-9900-t17a-almond\outputs\run_20260723_code_cwe119_winner_xfg_round1\runs\baseline\01_vulnerable_989,C:\Users\weijt\Desktop\UNSW\COMP9900\project\capstone-project-26t2-9900-t17a-almond\outputs\run_20260723_code_cwe119_winner_xfg_round1\runs\perturbed\01_vulnerable_989__dead_statement__c3,C:\Users\weijt\Desktop\UNSW\COMP9900\project\capstone-project-26t2-9900-t17a-almond\outputs\run_20260723_code_cwe119_winner_xfg_round1\sources\01_vulnerable_989__dead_statement__c3.c,inserted 3 harmless dummy integer statement pair(s) nearest baseline winner-XFG key line 989,
01_vulnerable_989,C:\Users\weijt\Desktop\UNSW\COMP9900\project\capstone-project-26t2-9900-t17a-almond\input_sources\cwe119\vulnerable\01_vulnerable_989.c,dead_statement,winner-xfg,array,989,1.0,989,5,5,generated,ran,False,1,1,1.0,1.0,0.0,5566,5626,60,11864,11999,135,C:\Users\weijt\Desktop\UNSW\COMP9900\project\capstone-project-26t2-9900-t17a-almond\outputs\run_20260723_code_cwe119_winner_xfg_round1\runs\baseline\01_vulnerable_989,C:\Users\weijt\Desktop\UNSW\COMP9900\project\capstone-project-26t2-9900-t17a-almond\outputs\run_20260723_code_cwe119_winner_xfg_round1\runs\perturbed\01_vulnerable_989__dead_statement__c5,C:\Users\weijt\Desktop\UNSW\COMP9900\project\capstone-project-26t2-9900-t17a-almond\outputs\run_20260723_code_cwe119_winner_xfg_round1\sources\01_vulnerable_989__dead_statement__c5.c,inserted 5 harmless dummy integer statement pair(s) nearest baseline winner-XFG key line 989,
01_vulnerable_989,C:\Users\weijt\Desktop\UNSW\COMP9900\project\capstone-project-26t2-9900-t17a-almond\input_sources\cwe119\vulnerable\01_vulnerable_989.c,xfg_targeted_dead_code,winner-xfg,array,989,1.0,989,1,1,generated,ran,False,1,1,1.0,1.0,0.0,5566,5582,16,11864,11900,36,C:\Users\weijt\Desktop\UNSW\COMP9900\project\capstone-project-26t2-9900-t17a-almond\outputs\run_20260723_code_cwe119_winner_xfg_round1\runs\baseline\01_vulnerable_989,C:\Users\weijt\Desktop\UNSW\COMP9900\project\capstone-project-26t2-9900-t17a-almond\outputs\run_20260723_code_cwe119_winner_xfg_round1\runs\perturbed\01_vulnerable_989__xfg_targeted_dead_code__c1,C:\Users\weijt\Desktop\UNSW\COMP9900\project\capstone-project-26t2-9900-t17a-almond\outputs\run_20260723_code_cwe119_winner_xfg_round1\sources\01_vulnerable_989__xfg_targeted_dead_code__c1.c,inserted 1 unreachable no-op block(s) near XFG-relevant target lines nearest baseline winner-XFG key line 989,
01_vulnerable_989,C:\Users\weijt\Desktop\UNSW\COMP9900\project\capstone-project-26t2-9900-t17a-almond\input_sources\cwe119\vulnerable\01_vulnerable_989.c,xfg_targeted_dead_code,winner-xfg,array,989,1.0,"989,987",2,2,generated,ran,False,1,1,1.0,1.0,0.0,5566,5598,32,11864,11936,72,C:\Users\weijt\Desktop\UNSW\COMP9900\project\capstone-project-26t2-9900-t17a-almond\outputs\run_20260723_code_cwe119_winner_xfg_round1\runs\baseline\01_vulnerable_989,C:\Users\weijt\Desktop\UNSW\COMP9900\project\capstone-project-26t2-9900-t17a-almond\outputs\run_20260723_code_cwe119_winner_xfg_round1\runs\perturbed\01_vulnerable_989__xfg_targeted_dead_code__c2,C:\Users\weijt\Desktop\UNSW\COMP9900\project\capstone-project-26t2-9900-t17a-almond\outputs\run_20260723_code_cwe119_winner_xfg_round1\sources\01_vulnerable_989__xfg_targeted_dead_code__c2.c,inserted 2 unreachable no-op block(s) near XFG-relevant target lines nearest baseline winner-XFG key line 989,
01_vulnerable_989,C:\Users\weijt\Desktop\UNSW\COMP9900\project\capstone-project-26t2-9900-t17a-almond\input_sources\cwe119\vulnerable\01_vulnerable_989.c,xfg_targeted_dead_code,winner-xfg,array,989,1.0,"989,987,991",3,3,generated,ran,False,1,1,1.0,1.0,0.0,5566,5614,48,11864,11972,108,C:\Users\weijt\Desktop\UNSW\COMP9900\project\capstone-project-26t2-9900-t17a-almond\outputs\run_20260723_code_cwe119_winner_xfg_round1\runs\baseline\01_vulnerable_989,C:\Users\weijt\Desktop\UNSW\COMP9900\project\capstone-project-26t2-9900-t17a-almond\outputs\run_20260723_code_cwe119_winner_xfg_round1\runs\perturbed\01_vulnerable_989__xfg_targeted_dead_code__c3,C:\Users\weijt\Desktop\UNSW\COMP9900\project\capstone-project-26t2-9900-t17a-almond\outputs\run_20260723_code_cwe119_winner_xfg_round1\sources\01_vulnerable_989__xfg_targeted_dead_code__c3.c,inserted 3 unreachable no-op block(s) near XFG-relevant target lines nearest baseline winner-XFG key line 989,
01_vulnerable_989,C:\Users\weijt\Desktop\UNSW\COMP9900\project\capstone-project-26t2-9900-t17a-almond\input_sources\cwe119\vulnerable\01_vulnerable_989.c,xfg_targeted_dead_code,winner-xfg,array,989,1.0,"989,987,991,992,993",5,5,generated,ran,False,1,1,1.0,1.0,0.0,5566,5646,80,11864,12044,180,C:\Users\weijt\Desktop\UNSW\COMP9900\project\capstone-project-26t2-9900-t17a-almond\outputs\run_20260723_code_cwe119_winner_xfg_round1\runs\baseline\01_vulnerable_989,C:\Users\weijt\Desktop\UNSW\COMP9900\project\capstone-project-26t2-9900-t17a-almond\outputs\run_20260723_code_cwe119_winner_xfg_round1\runs\perturbed\01_vulnerable_989__xfg_targeted_dead_code__c5,C:\Users\weijt\Desktop\UNSW\COMP9900\project\capstone-project-26t2-9900-t17a-almond\outputs\run_20260723_code_cwe119_winner_xfg_round1\sources\01_vulnerable_989__xfg_targeted_dead_code__c5.c,inserted 5 unreachable no-op block(s) near XFG-relevant target lines nearest baseline winner-XFG key line 989,
01_vulnerable_989,C:\Users\weijt\Desktop\UNSW\COMP9900\project\capstone-project-26t2-9900-t17a-almond\input_sources\cwe119\vulnerable\01_vulnerable_989.c,range_clamp,winner-xfg,array,989,1.0,994,1,1,generated,ran,False,1,1,1.0,1.0,0.0,5566,5596,30,11864,11932,68,C:\Users\weijt\Desktop\UNSW\COMP9900\project\capstone-project-26t2-9900-t17a-almond\outputs\run_20260723_code_cwe119_winner_xfg_round1\runs\baseline\01_vulnerable_989,C:\Users\weijt\Desktop\UNSW\COMP9900\project\capstone-project-26t2-9900-t17a-almond\outputs\run_20260723_code_cwe119_winner_xfg_round1\runs\perturbed\01_vulnerable_989__range_clamp__c1,C:\Users\weijt\Desktop\UNSW\COMP9900\project\capstone-project-26t2-9900-t17a-almond\outputs\run_20260723_code_cwe119_winner_xfg_round1\sources\01_vulnerable_989__range_clamp__c1.c,clamped 1 sensitive sink size/count argument(s) through bounded local variables nearest baseline winner-XFG key line 989,
01_vulnerable_989,C:\Users\weijt\Desktop\UNSW\COMP9900\project\capstone-project-26t2-9900-t17a-almond\input_sources\cwe119\vulnerable\01_vulnerable_989.c,range_clamp,winner-xfg,array,989,1.0,"994,841",2,2,generated,ran,False,1,1,1.0,1.0,0.0,5566,5630,64,11864,12004,140,C:\Users\weijt\Desktop\UNSW\COMP9900\project\capstone-project-26t2-9900-t17a-almond\outputs\run_20260723_code_cwe119_winner_xfg_round1\runs\baseline\01_vulnerable_989,C:\Users\weijt\Desktop\UNSW\COMP9900\project\capstone-project-26t2-9900-t17a-almond\outputs\run_20260723_code_cwe119_winner_xfg_round1\runs\perturbed\01_vulnerable_989__range_clamp__c2,C:\Users\weijt\Desktop\UNSW\COMP9900\project\capstone-project-26t2-9900-t17a-almond\outputs\run_20260723_code_cwe119_winner_xfg_round1\sources\01_vulnerable_989__range_clamp__c2.c,clamped 2 sensitive sink size/count argument(s) through bounded local variables nearest baseline winner-XFG key line 989,
01_vulnerable_989,C:\Users\weijt\Desktop\UNSW\COMP9900\project\capstone-project-26t2-9900-t17a-almond\input_sources\cwe119\vulnerable\01_vulnerable_989.c,range_clamp,winner-xfg,array,989,1.0,"994,841,811",3,3,generated,ran,True,1,0,1.0,0.007048373576253653,-0.9929516264237463,5566,5229,-337,11864,11674,-190,C:\Users\weijt\Desktop\UNSW\COMP9900\project\capstone-project-26t2-9900-t17a-almond\outputs\run_20260723_code_cwe119_winner_xfg_round1\runs\baseline\01_vulnerable_989,C:\Users\weijt\Desktop\UNSW\COMP9900\project\capstone-project-26t2-9900-t17a-almond\outputs\run_20260723_code_cwe119_winner_xfg_round1\runs\perturbed\01_vulnerable_989__range_clamp__c3,C:\Users\weijt\Desktop\UNSW\COMP9900\project\capstone-project-26t2-9900-t17a-almond\outputs\run_20260723_code_cwe119_winner_xfg_round1\sources\01_vulnerable_989__range_clamp__c3.c,clamped 3 sensitive sink size/count argument(s) through bounded local variables nearest baseline winner-XFG key line 989,
01_vulnerable_989,C:\Users\weijt\Desktop\UNSW\COMP9900\project\capstone-project-26t2-9900-t17a-almond\input_sources\cwe119\vulnerable\01_vulnerable_989.c,safe_source_substitution,winner-xfg,array,989,1.0,875,1,1,generated,ran,False,1,1,1.0,1.0,0.0,5566,5574,8,11864,11879,15,C:\Users\weijt\Desktop\UNSW\COMP9900\project\capstone-project-26t2-9900-t17a-almond\outputs\run_20260723_code_cwe119_winner_xfg_round1\runs\baseline\01_vulnerable_989,C:\Users\weijt\Desktop\UNSW\COMP9900\project\capstone-project-26t2-9900-t17a-almond\outputs\run_20260723_code_cwe119_winner_xfg_round1\runs\perturbed\01_vulnerable_989__safe_source_substitution__c1,C:\Users\weijt\Desktop\UNSW\COMP9900\project\capstone-project-26t2-9900-t17a-almond\outputs\run_20260723_code_cwe119_winner_xfg_round1\sources\01_vulnerable_989__safe_source_substitution__c1.c,replaced 1 nested pointer source expression(s) with guarded fallback expressions nearest baseline winner-XFG key line 989,
01_vulnerable_989,C:\Users\weijt\Desktop\UNSW\COMP9900\project\capstone-project-26t2-9900-t17a-almond\input_sources\cwe119\vulnerable\01_vulnerable_989.c,safe_source_substitution,winner-xfg,array,989,1.0,875,2,1,partial,run_partial,False,1,1,1.0,1.0,0.0,5566,5574,8,11864,11879,15,C:\Users\weijt\Desktop\UNSW\COMP9900\project\capstone-project-26t2-9900-t17a-almond\outputs\run_20260723_code_cwe119_winner_xfg_round1\runs\baseline\01_vulnerable_989,C:\Users\weijt\Desktop\UNSW\COMP9900\project\capstone-project-26t2-9900-t17a-almond\outputs\run_20260723_code_cwe119_winner_xfg_round1\runs\perturbed\01_vulnerable_989__safe_source_substitution__c2,C:\Users\weijt\Desktop\UNSW\COMP9900\project\capstone-project-26t2-9900-t17a-almond\outputs\run_20260723_code_cwe119_winner_xfg_round1\sources\01_vulnerable_989__safe_source_substitution__c2.c,replaced 1 nested pointer source expression(s) with guarded fallback expressions nearest baseline winner-XFG key line 989,
01_vulnerable_989,C:\Users\weijt\Desktop\UNSW\COMP9900\project\capstone-project-26t2-9900-t17a-almond\input_sources\cwe119\vulnerable\01_vulnerable_989.c,sink_bound_guard,winner-xfg,array,989,1.0,994,1,1,generated,ran,False,1,1,1.0,1.0,0.0,5566,5576,10,11864,11883,19,C:\Users\weijt\Desktop\UNSW\COMP9900\project\capstone-project-26t2-9900-t17a-almond\outputs\run_20260723_code_cwe119_winner_xfg_round1\runs\baseline\01_vulnerable_989,C:\Users\weijt\Desktop\UNSW\COMP9900\project\capstone-project-26t2-9900-t17a-almond\outputs\run_20260723_code_cwe119_winner_xfg_round1\runs\perturbed\01_vulnerable_989__sink_bound_guard__c1,C:\Users\weijt\Desktop\UNSW\COMP9900\project\capstone-project-26t2-9900-t17a-almond\outputs\run_20260723_code_cwe119_winner_xfg_round1\sources\01_vulnerable_989__sink_bound_guard__c1.c,inserted 1 early-return bound guard(s) before sensitive sink calls nearest baseline winner-XFG key line 989,
01_vulnerable_989,C:\Users\weijt\Desktop\UNSW\COMP9900\project\capstone-project-26t2-9900-t17a-almond\input_sources\cwe119\vulnerable\01_vulnerable_989.c,sink_bound_guard,winner-xfg,array,989,1.0,"994,841",2,2,generated,ran,False,1,1,1.0,1.0,0.0,5566,5590,24,11864,11917,53,C:\Users\weijt\Desktop\UNSW\COMP9900\project\capstone-project-26t2-9900-t17a-almond\outputs\run_20260723_code_cwe119_winner_xfg_round1\runs\baseline\01_vulnerable_989,C:\Users\weijt\Desktop\UNSW\COMP9900\project\capstone-project-26t2-9900-t17a-almond\outputs\run_20260723_code_cwe119_winner_xfg_round1\runs\perturbed\01_vulnerable_989__sink_bound_guard__c2,C:\Users\weijt\Desktop\UNSW\COMP9900\project\capstone-project-26t2-9900-t17a-almond\outputs\run_20260723_code_cwe119_winner_xfg_round1\sources\01_vulnerable_989__sink_bound_guard__c2.c,inserted 2 early-return bound guard(s) before sensitive sink calls nearest baseline winner-XFG key line 989,
01_vulnerable_989,C:\Users\weijt\Desktop\UNSW\COMP9900\project\capstone-project-26t2-9900-t17a-almond\input_sources\cwe119\vulnerable\01_vulnerable_989.c,sink_bound_guard,winner-xfg,array,989,1.0,"994,841,811",3,3,generated,ran,False,1,1,1.0,1.0,0.0,5566,5604,38,11864,11954,90,C:\Users\weijt\Desktop\UNSW\COMP9900\project\capstone-project-26t2-9900-t17a-almond\outputs\run_20260723_code_cwe119_winner_xfg_round1\runs\baseline\01_vulnerable_989,C:\Users\weijt\Desktop\UNSW\COMP9900\project\capstone-project-26t2-9900-t17a-almond\outputs\run_20260723_code_cwe119_winner_xfg_round1\runs\perturbed\01_vulnerable_989__sink_bound_guard__c3,C:\Users\weijt\Desktop\UNSW\COMP9900\project\capstone-project-26t2-9900-t17a-almond\outputs\run_20260723_code_cwe119_winner_xfg_round1\sources\01_vulnerable_989__sink_bound_guard__c3.c,inserted 3 early-return bound guard(s) before sensitive sink calls nearest baseline winner-XFG key line 989,
01_vulnerable_989,C:\Users\weijt\Desktop\UNSW\COMP9900\project\capstone-project-26t2-9900-t17a-almond\input_sources\cwe119\vulnerable\01_vulnerable_989.c,sink_bound_guard,winner-xfg,array,989,1.0,"994,841,811,392,327",5,5,generated,ran,False,1,1,1.0,1.0,0.0,5566,5637,71,11864,12018,154,C:\Users\weijt\Desktop\UNSW\COMP9900\project\capstone-project-26t2-9900-t17a-almond\outputs\run_20260723_code_cwe119_winner_xfg_round1\runs\baseline\01_vulnerable_989,C:\Users\weijt\Desktop\UNSW\COMP9900\project\capstone-project-26t2-9900-t17a-almond\outputs\run_20260723_code_cwe119_winner_xfg_round1\runs\perturbed\01_vulnerable_989__sink_bound_guard__c5,C:\Users\weijt\Desktop\UNSW\COMP9900\project\capstone-project-26t2-9900-t17a-almond\outputs\run_20260723_code_cwe119_winner_xfg_round1\sources\01_vulnerable_989__sink_bound_guard__c5.c,inserted 5 early-return bound guard(s) before sensitive sink calls nearest baseline winner-XFG key line 989,
01_vulnerable_989,C:\Users\weijt\Desktop\UNSW\COMP9900\project\capstone-project-26t2-9900-t17a-almond\input_sources\cwe119\vulnerable\01_vulnerable_989.c,postcondition_validation,winner-xfg,array,989,1.0,,1,0,skipped,target_unavailable,,,,,,,,,,,,,C:\Users\weijt\Desktop\UNSW\COMP9900\project\capstone-project-26t2-9900-t17a-almond\outputs\run_20260723_code_cwe119_winner_xfg_round1\runs\baseline\01_vulnerable_989,,,action postcondition_validation has no winner-XFG-local implementation,action postcondition_validation has no winner-XFG-local implementation
01_vulnerable_989,C:\Users\weijt\Desktop\UNSW\COMP9900\project\capstone-project-26t2-9900-t17a-almond\input_sources\cwe119\vulnerable\01_vulnerable_989.c,integer_overflow_guard,winner-xfg,array,989,1.0,,1,0,skipped,ran,,,,,,,,,,,,,C:\Users\weijt\Desktop\UNSW\COMP9900\project\capstone-project-26t2-9900-t17a-almond\outputs\run_20260723_code_cwe119_winner_xfg_round1\runs\baseline\01_vulnerable_989,,,no allocation size addition or multiplication expression found,
01_vulnerable_989,C:\Users\weijt\Desktop\UNSW\COMP9900\project\capstone-project-26t2-9900-t17a-almond\input_sources\cwe119\vulnerable\01_vulnerable_989.c,array_index_bound_guard,winner-xfg,array,989,1.0,993,1,1,generated,ran,False,1,1,1.0,1.0,0.0,5566,5588,22,11864,11895,31,C:\Users\weijt\Desktop\UNSW\COMP9900\project\capstone-project-26t2-9900-t17a-almond\outputs\run_20260723_code_cwe119_winner_xfg_round1\runs\baseline\01_vulnerable_989,C:\Users\weijt\Desktop\UNSW\COMP9900\project\capstone-project-26t2-9900-t17a-almond\outputs\run_20260723_code_cwe119_winner_xfg_round1\runs\perturbed\01_vulnerable_989__array_index_bound_guard__c1,C:\Users\weijt\Desktop\UNSW\COMP9900\project\capstone-project-26t2-9900-t17a-almond\outputs\run_20260723_code_cwe119_winner_xfg_round1\sources\01_vulnerable_989__array_index_bound_guard__c1.c,wrapped 1 array write(s) with index lower/upper bound guards nearest baseline winner-XFG key line 989,
01_vulnerable_989,C:\Users\weijt\Desktop\UNSW\COMP9900\project\capstone-project-26t2-9900-t17a-almond\input_sources\cwe119\vulnerable\01_vulnerable_989.c,array_index_bound_guard,winner-xfg,array,989,1.0,"993,995",2,2,generated,ran,False,1,1,1.0,1.0,0.0,5566,5614,48,11864,11930,66,C:\Users\weijt\Desktop\UNSW\COMP9900\project\capstone-project-26t2-9900-t17a-almond\outputs\run_20260723_code_cwe119_winner_xfg_round1\runs\baseline\01_vulnerable_989,C:\Users\weijt\Desktop\UNSW\COMP9900\project\capstone-project-26t2-9900-t17a-almond\outputs\run_20260723_code_cwe119_winner_xfg_round1\runs\perturbed\01_vulnerable_989__array_index_bound_guard__c2,C:\Users\weijt\Desktop\UNSW\COMP9900\project\capstone-project-26t2-9900-t17a-almond\outputs\run_20260723_code_cwe119_winner_xfg_round1\sources\01_vulnerable_989__array_index_bound_guard__c2.c,wrapped 2 array write(s) with index lower/upper bound guards nearest baseline winner-XFG key line 989,
01_vulnerable_989,C:\Users\weijt\Desktop\UNSW\COMP9900\project\capstone-project-26t2-9900-t17a-almond\input_sources\cwe119\vulnerable\01_vulnerable_989.c,array_index_bound_guard,winner-xfg,array,989,1.0,"993,995,1004",3,3,generated,ran,False,1,1,1.0,1.0,0.0,5566,5636,70,11864,11965,101,C:\Users\weijt\Desktop\UNSW\COMP9900\project\capstone-project-26t2-9900-t17a-almond\outputs\run_20260723_code_cwe119_winner_xfg_round1\runs\baseline\01_vulnerable_989,C:\Users\weijt\Desktop\UNSW\COMP9900\project\capstone-project-26t2-9900-t17a-almond\outputs\run_20260723_code_cwe119_winner_xfg_round1\runs\perturbed\01_vulnerable_989__array_index_bound_guard__c3,C:\Users\weijt\Desktop\UNSW\COMP9900\project\capstone-project-26t2-9900-t17a-almond\outputs\run_20260723_code_cwe119_winner_xfg_round1\sources\01_vulnerable_989__array_index_bound_guard__c3.c,wrapped 3 array write(s) with index lower/upper bound guards nearest baseline winner-XFG key line 989,
01_vulnerable_989,C:\Users\weijt\Desktop\UNSW\COMP9900\project\capstone-project-26t2-9900-t17a-almond\input_sources\cwe119\vulnerable\01_vulnerable_989.c,array_index_bound_guard,winner-xfg,array,989,1.0,"993,995,1004,1008,920",5,5,generated,ran,False,1,1,1.0,1.0,0.0,5566,5683,117,11864,12078,214,C:\Users\weijt\Desktop\UNSW\COMP9900\project\capstone-project-26t2-9900-t17a-almond\outputs\run_20260723_code_cwe119_winner_xfg_round1\runs\baseline\01_vulnerable_989,C:\Users\weijt\Desktop\UNSW\COMP9900\project\capstone-project-26t2-9900-t17a-almond\outputs\run_20260723_code_cwe119_winner_xfg_round1\runs\perturbed\01_vulnerable_989__array_index_bound_guard__c5,C:\Users\weijt\Desktop\UNSW\COMP9900\project\capstone-project-26t2-9900-t17a-almond\outputs\run_20260723_code_cwe119_winner_xfg_round1\sources\01_vulnerable_989__array_index_bound_guard__c5.c,wrapped 5 array write(s) with index lower/upper bound guards nearest baseline winner-XFG key line 989,
01_vulnerable_989,C:\Users\weijt\Desktop\UNSW\COMP9900\project\capstone-project-26t2-9900-t17a-almond\input_sources\cwe119\vulnerable\01_vulnerable_989.c,wide_char_sink_guard,winner-xfg,array,989,1.0,,1,0,skipped,ran,,,,,,,,,,,,,C:\Users\weijt\Desktop\UNSW\COMP9900\project\capstone-project-26t2-9900-t17a-almond\outputs\run_20260723_code_cwe119_winner_xfg_round1\runs\baseline\01_vulnerable_989,,,no wcscat/wcscpy wide-character sink found,
01_vulnerable_989,C:\Users\weijt\Desktop\UNSW\COMP9900\project\capstone-project-26t2-9900-t17a-almond\input_sources\cwe119\vulnerable\01_vulnerable_989.c,pattern_dead_code,winner-xfg,array,989,1.0,989,1,1,generated,ran,False,1,1,1.0,1.0,0.0,5566,5621,55,11864,11965,101,C:\Users\weijt\Desktop\UNSW\COMP9900\project\capstone-project-26t2-9900-t17a-almond\outputs\run_20260723_code_cwe119_winner_xfg_round1\runs\baseline\01_vulnerable_989,C:\Users\weijt\Desktop\UNSW\COMP9900\project\capstone-project-26t2-9900-t17a-almond\outputs\run_20260723_code_cwe119_winner_xfg_round1\runs\perturbed\01_vulnerable_989__pattern_dead_code__c1,C:\Users\weijt\Desktop\UNSW\COMP9900\project\capstone-project-26t2-9900-t17a-almond\outputs\run_20260723_code_cwe119_winner_xfg_round1\sources\01_vulnerable_989__pattern_dead_code__c1.c,inserted 1 unreachable pointer/array/length pattern block(s) near sensitive or structural lines nearest baseline winner-XFG key line 989,
01_vulnerable_989,C:\Users\weijt\Desktop\UNSW\COMP9900\project\capstone-project-26t2-9900-t17a-almond\input_sources\cwe119\vulnerable\01_vulnerable_989.c,pattern_dead_code,winner-xfg,array,989,1.0,"989,987",2,2,generated,ran,False,1,1,1.0,1.0,0.0,5566,5676,110,11864,12066,202,C:\Users\weijt\Desktop\UNSW\COMP9900\project\capstone-project-26t2-9900-t17a-almond\outputs\run_20260723_code_cwe119_winner_xfg_round1\runs\baseline\01_vulnerable_989,C:\Users\weijt\Desktop\UNSW\COMP9900\project\capstone-project-26t2-9900-t17a-almond\outputs\run_20260723_code_cwe119_winner_xfg_round1\runs\perturbed\01_vulnerable_989__pattern_dead_code__c2,C:\Users\weijt\Desktop\UNSW\COMP9900\project\capstone-project-26t2-9900-t17a-almond\outputs\run_20260723_code_cwe119_winner_xfg_round1\sources\01_vulnerable_989__pattern_dead_code__c2.c,inserted 2 unreachable pointer/array/length pattern block(s) near sensitive or structural lines nearest baseline winner-XFG key line 989,
01_vulnerable_989,C:\Users\weijt\Desktop\UNSW\COMP9900\project\capstone-project-26t2-9900-t17a-almond\input_sources\cwe119\vulnerable\01_vulnerable_989.c,pattern_dead_code,winner-xfg,array,989,1.0,"989,987,991",3,3,generated,ran,False,1,1,1.0,1.0,0.0,5566,5731,165,11864,12167,303,C:\Users\weijt\Desktop\UNSW\COMP9900\project\capstone-project-26t2-9900-t17a-almond\outputs\run_20260723_code_cwe119_winner_xfg_round1\runs\baseline\01_vulnerable_989,C:\Users\weijt\Desktop\UNSW\COMP9900\project\capstone-project-26t2-9900-t17a-almond\outputs\run_20260723_code_cwe119_winner_xfg_round1\runs\perturbed\01_vulnerable_989__pattern_dead_code__c3,C:\Users\weijt\Desktop\UNSW\COMP9900\project\capstone-project-26t2-9900-t17a-almond\outputs\run_20260723_code_cwe119_winner_xfg_round1\sources\01_vulnerable_989__pattern_dead_code__c3.c,inserted 3 unreachable pointer/array/length pattern block(s) near sensitive or structural lines nearest baseline winner-XFG key line 989,
01_vulnerable_989,C:\Users\weijt\Desktop\UNSW\COMP9900\project\capstone-project-26t2-9900-t17a-almond\input_sources\cwe119\vulnerable\01_vulnerable_989.c,pattern_dead_code,winner-xfg,array,989,1.0,"989,987,991,992,993",5,5,generated,ran,False,1,1,1.0,1.0,0.0,5566,5841,275,11864,12369,505,C:\Users\weijt\Desktop\UNSW\COMP9900\project\capstone-project-26t2-9900-t17a-almond\outputs\run_20260723_code_cwe119_winner_xfg_round1\runs\baseline\01_vulnerable_989,C:\Users\weijt\Desktop\UNSW\COMP9900\project\capstone-project-26t2-9900-t17a-almond\outputs\run_20260723_code_cwe119_winner_xfg_round1\runs\perturbed\01_vulnerable_989__pattern_dead_code__c5,C:\Users\weijt\Desktop\UNSW\COMP9900\project\capstone-project-26t2-9900-t17a-almond\outputs\run_20260723_code_cwe119_winner_xfg_round1\sources\01_vulnerable_989__pattern_dead_code__c5.c,inserted 5 unreachable pointer/array/length pattern block(s) near sensitive or structural lines nearest baseline winner-XFG key line 989,
01_vulnerable_989,C:\Users\weijt\Desktop\UNSW\COMP9900\project\capstone-project-26t2-9900-t17a-almond\input_sources\cwe119\vulnerable\01_vulnerable_989.c,control_wrapper,winner-xfg,array,989,1.0,989,1,1,generated,ran,False,1,1,1.0,1.0,0.0,5566,5570,4,11864,11877,13,C:\Users\weijt\Desktop\UNSW\COMP9900\project\capstone-project-26t2-9900-t17a-almond\outputs\run_20260723_code_cwe119_winner_xfg_round1\runs\baseline\01_vulnerable_989,C:\Users\weijt\Desktop\UNSW\COMP9900\project\capstone-project-26t2-9900-t17a-almond\outputs\run_20260723_code_cwe119_winner_xfg_round1\runs\perturbed\01_vulnerable_989__control_wrapper__c1,C:\Users\weijt\Desktop\UNSW\COMP9900\project\capstone-project-26t2-9900-t17a-almond\outputs\run_20260723_code_cwe119_winner_xfg_round1\sources\01_vulnerable_989__control_wrapper__c1.c,wrapped 1 safe single-line statement(s) with if (1) blocks nearest baseline winner-XFG key line 989,
01_vulnerable_989,C:\Users\weijt\Desktop\UNSW\COMP9900\project\capstone-project-26t2-9900-t17a-almond\input_sources\cwe119\vulnerable\01_vulnerable_989.c,control_wrapper,winner-xfg,array,989,1.0,"989,988",2,2,generated,ran,False,1,1,1.0,1.0,0.0,5566,5574,8,11864,11882,18,C:\Users\weijt\Desktop\UNSW\COMP9900\project\capstone-project-26t2-9900-t17a-almond\outputs\run_20260723_code_cwe119_winner_xfg_round1\runs\baseline\01_vulnerable_989,C:\Users\weijt\Desktop\UNSW\COMP9900\project\capstone-project-26t2-9900-t17a-almond\outputs\run_20260723_code_cwe119_winner_xfg_round1\runs\perturbed\01_vulnerable_989__control_wrapper__c2,C:\Users\weijt\Desktop\UNSW\COMP9900\project\capstone-project-26t2-9900-t17a-almond\outputs\run_20260723_code_cwe119_winner_xfg_round1\sources\01_vulnerable_989__control_wrapper__c2.c,wrapped 2 safe single-line statement(s) with if (1) blocks nearest baseline winner-XFG key line 989,
01_vulnerable_989,C:\Users\weijt\Desktop\UNSW\COMP9900\project\capstone-project-26t2-9900-t17a-almond\input_sources\cwe119\vulnerable\01_vulnerable_989.c,control_wrapper,winner-xfg,array,989,1.0,"989,988,990",3,3,generated,ran,False,1,1,1.0,1.0,0.0,5566,5578,12,11864,11891,27,C:\Users\weijt\Desktop\UNSW\COMP9900\project\capstone-project-26t2-9900-t17a-almond\outputs\run_20260723_code_cwe119_winner_xfg_round1\runs\baseline\01_vulnerable_989,C:\Users\weijt\Desktop\UNSW\COMP9900\project\capstone-project-26t2-9900-t17a-almond\outputs\run_20260723_code_cwe119_winner_xfg_round1\runs\perturbed\01_vulnerable_989__control_wrapper__c3,C:\Users\weijt\Desktop\UNSW\COMP9900\project\capstone-project-26t2-9900-t17a-almond\outputs\run_20260723_code_cwe119_winner_xfg_round1\sources\01_vulnerable_989__control_wrapper__c3.c,wrapped 3 safe single-line statement(s) with if (1) blocks nearest baseline winner-XFG key line 989,
01_vulnerable_989,C:\Users\weijt\Desktop\UNSW\COMP9900\project\capstone-project-26t2-9900-t17a-almond\input_sources\cwe119\vulnerable\01_vulnerable_989.c,control_wrapper,winner-xfg,array,989,1.0,"989,988,990,991,992",5,5,generated,ran,False,1,1,1.0,1.0,0.0,5566,5586,20,11864,11909,45,C:\Users\weijt\Desktop\UNSW\COMP9900\project\capstone-project-26t2-9900-t17a-almond\outputs\run_20260723_code_cwe119_winner_xfg_round1\runs\baseline\01_vulnerable_989,C:\Users\weijt\Desktop\UNSW\COMP9900\project\capstone-project-26t2-9900-t17a-almond\outputs\run_20260723_code_cwe119_winner_xfg_round1\runs\perturbed\01_vulnerable_989__control_wrapper__c5,C:\Users\weijt\Desktop\UNSW\COMP9900\project\capstone-project-26t2-9900-t17a-almond\outputs\run_20260723_code_cwe119_winner_xfg_round1\sources\01_vulnerable_989__control_wrapper__c5.c,wrapped 5 safe single-line statement(s) with if (1) blocks nearest baseline winner-XFG key line 989,
01_vulnerable_989,C:\Users\weijt\Desktop\UNSW\COMP9900\project\capstone-project-26t2-9900-t17a-almond\input_sources\cwe119\vulnerable\01_vulnerable_989.c,temp_variable_split,winner-xfg,array,989,1.0,917,1,1,generated,ran,False,1,1,1.0,1.0,0.0,5566,5574,8,11864,11881,17,C:\Users\weijt\Desktop\UNSW\COMP9900\project\capstone-project-26t2-9900-t17a-almond\outputs\run_20260723_code_cwe119_winner_xfg_round1\runs\baseline\01_vulnerable_989,C:\Users\weijt\Desktop\UNSW\COMP9900\project\capstone-project-26t2-9900-t17a-almond\outputs\run_20260723_code_cwe119_winner_xfg_round1\runs\perturbed\01_vulnerable_989__temp_variable_split__c1,C:\Users\weijt\Desktop\UNSW\COMP9900\project\capstone-project-26t2-9900-t17a-almond\outputs\run_20260723_code_cwe119_winner_xfg_round1\sources\01_vulnerable_989__temp_variable_split__c1.c,split 1 simple assignment(s) through temporary integer variables nearest baseline winner-XFG key line 989,
01_vulnerable_989,C:\Users\weijt\Desktop\UNSW\COMP9900\project\capstone-project-26t2-9900-t17a-almond\input_sources\cwe119\vulnerable\01_vulnerable_989.c,temp_variable_split,winner-xfg,array,989,1.0,"917,456",2,2,generated,ran,False,1,1,1.0,1.0,0.0,5566,5577,11,11864,11896,32,C:\Users\weijt\Desktop\UNSW\COMP9900\project\capstone-project-26t2-9900-t17a-almond\outputs\run_20260723_code_cwe119_winner_xfg_round1\runs\baseline\01_vulnerable_989,C:\Users\weijt\Desktop\UNSW\COMP9900\project\capstone-project-26t2-9900-t17a-almond\outputs\run_20260723_code_cwe119_winner_xfg_round1\runs\perturbed\01_vulnerable_989__temp_variable_split__c2,C:\Users\weijt\Desktop\UNSW\COMP9900\project\capstone-project-26t2-9900-t17a-almond\outputs\run_20260723_code_cwe119_winner_xfg_round1\sources\01_vulnerable_989__temp_variable_split__c2.c,split 2 simple assignment(s) through temporary integer variables nearest baseline winner-XFG key line 989,
01_vulnerable_989,C:\Users\weijt\Desktop\UNSW\COMP9900\project\capstone-project-26t2-9900-t17a-almond\input_sources\cwe119\vulnerable\01_vulnerable_989.c,temp_variable_split,winner-xfg,array,989,1.0,"917,456,332",3,3,generated,ran,False,1,1,1.0,1.0,0.0,5566,5578,12,11864,11892,28,C:\Users\weijt\Desktop\UNSW\COMP9900\project\capstone-project-26t2-9900-t17a-almond\outputs\run_20260723_code_cwe119_winner_xfg_round1\runs\baseline\01_vulnerable_989,C:\Users\weijt\Desktop\UNSW\COMP9900\project\capstone-project-26t2-9900-t17a-almond\outputs\run_20260723_code_cwe119_winner_xfg_round1\runs\perturbed\01_vulnerable_989__temp_variable_split__c3,C:\Users\weijt\Desktop\UNSW\COMP9900\project\capstone-project-26t2-9900-t17a-almond\outputs\run_20260723_code_cwe119_winner_xfg_round1\sources\01_vulnerable_989__temp_variable_split__c3.c,split 3 simple assignment(s) through temporary integer variables nearest baseline winner-XFG key line 989,
01_vulnerable_989,C:\Users\weijt\Desktop\UNSW\COMP9900\project\capstone-project-26t2-9900-t17a-almond\input_sources\cwe119\vulnerable\01_vulnerable_989.c,temp_variable_split,winner-xfg,array,989,1.0,"917,456,332,74,68",5,5,generated,ran,True,1,0,1.0,0.10854353755712509,-0.8914564624428749,5566,4948,-618,11864,11059,-805,C:\Users\weijt\Desktop\UNSW\COMP9900\project\capstone-project-26t2-9900-t17a-almond\outputs\run_20260723_code_cwe119_winner_xfg_round1\runs\baseline\01_vulnerable_989,C:\Users\weijt\Desktop\UNSW\COMP9900\project\capstone-project-26t2-9900-t17a-almond\outputs\run_20260723_code_cwe119_winner_xfg_round1\runs\perturbed\01_vulnerable_989__temp_variable_split__c5,C:\Users\weijt\Desktop\UNSW\COMP9900\project\capstone-project-26t2-9900-t17a-almond\outputs\run_20260723_code_cwe119_winner_xfg_round1\sources\01_vulnerable_989__temp_variable_split__c5.c,split 5 simple assignment(s) through temporary integer variables nearest baseline winner-XFG key line 989,
02_vulnerable_4064,C:\Users\weijt\Desktop\UNSW\COMP9900\project\capstone-project-26t2-9900-t17a-almond\input_sources\cwe119\vulnerable\02_vulnerable_4064.c,data_flow_alias,winner-xfg,array,4064,1.0,4061,1,1,generated,ran,False,1,1,1.0,1.0,0.0,21849,21869,20,48786,48823,37,C:\Users\weijt\Desktop\UNSW\COMP9900\project\capstone-project-26t2-9900-t17a-almond\outputs\run_20260723_code_cwe119_winner_xfg_round1\runs\baseline\02_vulnerable_4064,C:\Users\weijt\Desktop\UNSW\COMP9900\project\capstone-project-26t2-9900-t17a-almond\outputs\run_20260723_code_cwe119_winner_xfg_round1\runs\perturbed\02_vulnerable_4064__data_flow_alias__c1,C:\Users\weijt\Desktop\UNSW\COMP9900\project\capstone-project-26t2-9900-t17a-almond\outputs\run_20260723_code_cwe119_winner_xfg_round1\sources\02_vulnerable_4064__data_flow_alias__c1.c,inserted 1 alias-preserving data-flow no-op(s) near call arguments nearest baseline winner-XFG key line 4064,
02_vulnerable_4064,C:\Users\weijt\Desktop\UNSW\COMP9900\project\capstone-project-26t2-9900-t17a-almond\input_sources\cwe119\vulnerable\02_vulnerable_4064.c,data_flow_alias,winner-xfg,array,4064,1.0,"4061,4067",2,2,generated,ran,False,1,1,1.0,1.0,0.0,21849,21889,40,48786,48860,74,C:\Users\weijt\Desktop\UNSW\COMP9900\project\capstone-project-26t2-9900-t17a-almond\outputs\run_20260723_code_cwe119_winner_xfg_round1\runs\baseline\02_vulnerable_4064,C:\Users\weijt\Desktop\UNSW\COMP9900\project\capstone-project-26t2-9900-t17a-almond\outputs\run_20260723_code_cwe119_winner_xfg_round1\runs\perturbed\02_vulnerable_4064__data_flow_alias__c2,C:\Users\weijt\Desktop\UNSW\COMP9900\project\capstone-project-26t2-9900-t17a-almond\outputs\run_20260723_code_cwe119_winner_xfg_round1\sources\02_vulnerable_4064__data_flow_alias__c2.c,inserted 2 alias-preserving data-flow no-op(s) near call arguments nearest baseline winner-XFG key line 4064,
02_vulnerable_4064,C:\Users\weijt\Desktop\UNSW\COMP9900\project\capstone-project-26t2-9900-t17a-almond\input_sources\cwe119\vulnerable\02_vulnerable_4064.c,data_flow_alias,winner-xfg,array,4064,1.0,"4061,4067,4068",3,3,generated,ran,False,1,1,1.0,1.0,0.0,21849,21909,60,48786,48897,111,C:\Users\weijt\Desktop\UNSW\COMP9900\project\capstone-project-26t2-9900-t17a-almond\outputs\run_20260723_code_cwe119_winner_xfg_round1\runs\baseline\02_vulnerable_4064,C:\Users\weijt\Desktop\UNSW\COMP9900\project\capstone-project-26t2-9900-t17a-almond\outputs\run_20260723_code_cwe119_winner_xfg_round1\runs\perturbed\02_vulnerable_4064__data_flow_alias__c3,C:\Users\weijt\Desktop\UNSW\COMP9900\project\capstone-project-26t2-9900-t17a-almond\outputs\run_20260723_code_cwe119_winner_xfg_round1\sources\02_vulnerable_4064__data_flow_alias__c3.c,inserted 3 alias-preserving data-flow no-op(s) near call arguments nearest baseline winner-XFG key line 4064,
02_vulnerable_4064,C:\Users\weijt\Desktop\UNSW\COMP9900\project\capstone-project-26t2-9900-t17a-almond\input_sources\cwe119\vulnerable\02_vulnerable_4064.c,data_flow_alias,winner-xfg,array,4064,1.0,"4061,4067,4068,4069,4058",5,5,generated,ran,False,1,1,1.0,1.0,0.0,21849,21949,100,48786,48969,183,C:\Users\weijt\Desktop\UNSW\COMP9900\project\capstone-project-26t2-9900-t17a-almond\outputs\run_20260723_code_cwe119_winner_xfg_round1\runs\baseline\02_vulnerable_4064,C:\Users\weijt\Desktop\UNSW\COMP9900\project\capstone-project-26t2-9900-t17a-almond\outputs\run_20260723_code_cwe119_winner_xfg_round1\runs\perturbed\02_vulnerable_4064__data_flow_alias__c5,C:\Users\weijt\Desktop\UNSW\COMP9900\project\capstone-project-26t2-9900-t17a-almond\outputs\run_20260723_code_cwe119_winner_xfg_round1\sources\02_vulnerable_4064__data_flow_alias__c5.c,inserted 5 alias-preserving data-flow no-op(s) near call arguments nearest baseline winner-XFG key line 4064,
02_vulnerable_4064,C:\Users\weijt\Desktop\UNSW\COMP9900\project\capstone-project-26t2-9900-t17a-almond\input_sources\cwe119\vulnerable\02_vulnerable_4064.c,dead_statement,winner-xfg,array,4064,1.0,4064,1,1,generated,ran,False,1,1,1.0,1.0,0.0,21849,21861,12,48786,48813,27,C:\Users\weijt\Desktop\UNSW\COMP9900\project\capstone-project-26t2-9900-t17a-almond\outputs\run_20260723_code_cwe119_winner_xfg_round1\runs\baseline\02_vulnerable_4064,C:\Users\weijt\Desktop\UNSW\COMP9900\project\capstone-project-26t2-9900-t17a-almond\outputs\run_20260723_code_cwe119_winner_xfg_round1\runs\perturbed\02_vulnerable_4064__dead_statement__c1,C:\Users\weijt\Desktop\UNSW\COMP9900\project\capstone-project-26t2-9900-t17a-almond\outputs\run_20260723_code_cwe119_winner_xfg_round1\sources\02_vulnerable_4064__dead_statement__c1.c,inserted 1 harmless dummy integer statement pair(s) nearest baseline winner-XFG key line 4064,
02_vulnerable_4064,C:\Users\weijt\Desktop\UNSW\COMP9900\project\capstone-project-26t2-9900-t17a-almond\input_sources\cwe119\vulnerable\02_vulnerable_4064.c,dead_statement,winner-xfg,array,4064,1.0,4064,2,2,generated,ran,False,1,1,1.0,1.0,0.0,21849,21873,24,48786,48840,54,C:\Users\weijt\Desktop\UNSW\COMP9900\project\capstone-project-26t2-9900-t17a-almond\outputs\run_20260723_code_cwe119_winner_xfg_round1\runs\baseline\02_vulnerable_4064,C:\Users\weijt\Desktop\UNSW\COMP9900\project\capstone-project-26t2-9900-t17a-almond\outputs\run_20260723_code_cwe119_winner_xfg_round1\runs\perturbed\02_vulnerable_4064__dead_statement__c2,C:\Users\weijt\Desktop\UNSW\COMP9900\project\capstone-project-26t2-9900-t17a-almond\outputs\run_20260723_code_cwe119_winner_xfg_round1\sources\02_vulnerable_4064__dead_statement__c2.c,inserted 2 harmless dummy integer statement pair(s) nearest baseline winner-XFG key line 4064,
02_vulnerable_4064,C:\Users\weijt\Desktop\UNSW\COMP9900\project\capstone-project-26t2-9900-t17a-almond\input_sources\cwe119\vulnerable\02_vulnerable_4064.c,dead_statement,winner-xfg,array,4064,1.0,4064,3,3,generated,ran,False,1,1,1.0,1.0,0.0,21849,21885,36,48786,48867,81,C:\Users\weijt\Desktop\UNSW\COMP9900\project\capstone-project-26t2-9900-t17a-almond\outputs\run_20260723_code_cwe119_winner_xfg_round1\runs\baseline\02_vulnerable_4064,C:\Users\weijt\Desktop\UNSW\COMP9900\project\capstone-project-26t2-9900-t17a-almond\outputs\run_20260723_code_cwe119_winner_xfg_round1\runs\perturbed\02_vulnerable_4064__dead_statement__c3,C:\Users\weijt\Desktop\UNSW\COMP9900\project\capstone-project-26t2-9900-t17a-almond\outputs\run_20260723_code_cwe119_winner_xfg_round1\sources\02_vulnerable_4064__dead_statement__c3.c,inserted 3 harmless dummy integer statement pair(s) nearest baseline winner-XFG key line 4064,
02_vulnerable_4064,C:\Users\weijt\Desktop\UNSW\COMP9900\project\capstone-project-26t2-9900-t17a-almond\input_sources\cwe119\vulnerable\02_vulnerable_4064.c,dead_statement,winner-xfg,array,4064,1.0,4064,5,5,generated,ran,False,1,1,1.0,1.0,0.0,21849,21909,60,48786,48921,135,C:\Users\weijt\Desktop\UNSW\COMP9900\project\capstone-project-26t2-9900-t17a-almond\outputs\run_20260723_code_cwe119_winner_xfg_round1\runs\baseline\02_vulnerable_4064,C:\Users\weijt\Desktop\UNSW\COMP9900\project\capstone-project-26t2-9900-t17a-almond\outputs\run_20260723_code_cwe119_winner_xfg_round1\runs\perturbed\02_vulnerable_4064__dead_statement__c5,C:\Users\weijt\Desktop\UNSW\COMP9900\project\capstone-project-26t2-9900-t17a-almond\outputs\run_20260723_code_cwe119_winner_xfg_round1\sources\02_vulnerable_4064__dead_statement__c5.c,inserted 5 harmless dummy integer statement pair(s) nearest baseline winner-XFG key line 4064,
02_vulnerable_4064,C:\Users\weijt\Desktop\UNSW\COMP9900\project\capstone-project-26t2-9900-t17a-almond\input_sources\cwe119\vulnerable\02_vulnerable_4064.c,xfg_targeted_dead_code,winner-xfg,array,4064,1.0,4064,1,1,generated,ran,False,1,1,1.0,1.0,0.0,21849,21865,16,48786,48822,36,C:\Users\weijt\Desktop\UNSW\COMP9900\project\capstone-project-26t2-9900-t17a-almond\outputs\run_20260723_code_cwe119_winner_xfg_round1\runs\baseline\02_vulnerable_4064,C:\Users\weijt\Desktop\UNSW\COMP9900\project\capstone-project-26t2-9900-t17a-almond\outputs\run_20260723_code_cwe119_winner_xfg_round1\runs\perturbed\02_vulnerable_4064__xfg_targeted_dead_code__c1,C:\Users\weijt\Desktop\UNSW\COMP9900\project\capstone-project-26t2-9900-t17a-almond\outputs\run_20260723_code_cwe119_winner_xfg_round1\sources\02_vulnerable_4064__xfg_targeted_dead_code__c1.c,inserted 1 unreachable no-op block(s) near XFG-relevant target lines nearest baseline winner-XFG key line 4064,
02_vulnerable_4064,C:\Users\weijt\Desktop\UNSW\COMP9900\project\capstone-project-26t2-9900-t17a-almond\input_sources\cwe119\vulnerable\02_vulnerable_4064.c,xfg_targeted_dead_code,winner-xfg,array,4064,1.0,"4064,4067",2,2,generated,ran,False,1,1,1.0,1.0,0.0,21849,21881,32,48786,48858,72,C:\Users\weijt\Desktop\UNSW\COMP9900\project\capstone-project-26t2-9900-t17a-almond\outputs\run_20260723_code_cwe119_winner_xfg_round1\runs\baseline\02_vulnerable_4064,C:\Users\weijt\Desktop\UNSW\COMP9900\project\capstone-project-26t2-9900-t17a-almond\outputs\run_20260723_code_cwe119_winner_xfg_round1\runs\perturbed\02_vulnerable_4064__xfg_targeted_dead_code__c2,C:\Users\weijt\Desktop\UNSW\COMP9900\project\capstone-project-26t2-9900-t17a-almond\outputs\run_20260723_code_cwe119_winner_xfg_round1\sources\02_vulnerable_4064__xfg_targeted_dead_code__c2.c,inserted 2 unreachable no-op block(s) near XFG-relevant target lines nearest baseline winner-XFG key line 4064,
02_vulnerable_4064,C:\Users\weijt\Desktop\UNSW\COMP9900\project\capstone-project-26t2-9900-t17a-almond\input_sources\cwe119\vulnerable\02_vulnerable_4064.c,xfg_targeted_dead_code,winner-xfg,array,4064,1.0,"4064,4067,4068",3,3,generated,ran,False,1,1,1.0,1.0,0.0,21849,21897,48,48786,48894,108,C:\Users\weijt\Desktop\UNSW\COMP9900\project\capstone-project-26t2-9900-t17a-almond\outputs\run_20260723_code_cwe119_winner_xfg_round1\runs\baseline\02_vulnerable_4064,C:\Users\weijt\Desktop\UNSW\COMP9900\project\capstone-project-26t2-9900-t17a-almond\outputs\run_20260723_code_cwe119_winner_xfg_round1\runs\perturbed\02_vulnerable_4064__xfg_targeted_dead_code__c3,C:\Users\weijt\Desktop\UNSW\COMP9900\project\capstone-project-26t2-9900-t17a-almond\outputs\run_20260723_code_cwe119_winner_xfg_round1\sources\02_vulnerable_4064__xfg_targeted_dead_code__c3.c,inserted 3 unreachable no-op block(s) near XFG-relevant target lines nearest baseline winner-XFG key line 4064,
02_vulnerable_4064,C:\Users\weijt\Desktop\UNSW\COMP9900\project\capstone-project-26t2-9900-t17a-almond\input_sources\cwe119\vulnerable\02_vulnerable_4064.c,xfg_targeted_dead_code,winner-xfg,array,4064,1.0,"4064,4067,4068,4069,4070",5,5,generated,ran,False,1,1,1.0,1.0,0.0,21849,21929,80,48786,48966,180,C:\Users\weijt\Desktop\UNSW\COMP9900\project\capstone-project-26t2-9900-t17a-almond\outputs\run_20260723_code_cwe119_winner_xfg_round1\runs\baseline\02_vulnerable_4064,C:\Users\weijt\Desktop\UNSW\COMP9900\project\capstone-project-26t2-9900-t17a-almond\outputs\run_20260723_code_cwe119_winner_xfg_round1\runs\perturbed\02_vulnerable_4064__xfg_targeted_dead_code__c5,C:\Users\weijt\Desktop\UNSW\COMP9900\project\capstone-project-26t2-9900-t17a-almond\outputs\run_20260723_code_cwe119_winner_xfg_round1\sources\02_vulnerable_4064__xfg_targeted_dead_code__c5.c,inserted 5 unreachable no-op block(s) near XFG-relevant target lines nearest baseline winner-XFG key line 4064,
02_vulnerable_4064,C:\Users\weijt\Desktop\UNSW\COMP9900\project\capstone-project-26t2-9900-t17a-almond\input_sources\cwe119\vulnerable\02_vulnerable_4064.c,range_clamp,winner-xfg,array,4064,1.0,3858,1,1,generated,ran,False,1,1,1.0,1.0,0.0,21849,21851,2,48786,48787,1,C:\Users\weijt\Desktop\UNSW\COMP9900\project\capstone-project-26t2-9900-t17a-almond\outputs\run_20260723_code_cwe119_winner_xfg_round1\runs\baseline\02_vulnerable_4064,C:\Users\weijt\Desktop\UNSW\COMP9900\project\capstone-project-26t2-9900-t17a-almond\outputs\run_20260723_code_cwe119_winner_xfg_round1\runs\perturbed\02_vulnerable_4064__range_clamp__c1,C:\Users\weijt\Desktop\UNSW\COMP9900\project\capstone-project-26t2-9900-t17a-almond\outputs\run_20260723_code_cwe119_winner_xfg_round1\sources\02_vulnerable_4064__range_clamp__c1.c,clamped 1 sensitive sink size/count argument(s) through bounded local variables nearest baseline winner-XFG key line 4064,
02_vulnerable_4064,C:\Users\weijt\Desktop\UNSW\COMP9900\project\capstone-project-26t2-9900-t17a-almond\input_sources\cwe119\vulnerable\02_vulnerable_4064.c,range_clamp,winner-xfg,array,4064,1.0,"3858,3696",2,2,generated,ran,False,1,1,1.0,1.0,0.0,21849,21879,30,48786,48856,70,C:\Users\weijt\Desktop\UNSW\COMP9900\project\capstone-project-26t2-9900-t17a-almond\outputs\run_20260723_code_cwe119_winner_xfg_round1\runs\baseline\02_vulnerable_4064,C:\Users\weijt\Desktop\UNSW\COMP9900\project\capstone-project-26t2-9900-t17a-almond\outputs\run_20260723_code_cwe119_winner_xfg_round1\runs\perturbed\02_vulnerable_4064__range_clamp__c2,C:\Users\weijt\Desktop\UNSW\COMP9900\project\capstone-project-26t2-9900-t17a-almond\outputs\run_20260723_code_cwe119_winner_xfg_round1\sources\02_vulnerable_4064__range_clamp__c2.c,clamped 2 sensitive sink size/count argument(s) through bounded local variables nearest baseline winner-XFG key line 4064,
02_vulnerable_4064,C:\Users\weijt\Desktop\UNSW\COMP9900\project\capstone-project-26t2-9900-t17a-almond\input_sources\cwe119\vulnerable\02_vulnerable_4064.c,range_clamp,winner-xfg,array,4064,1.0,"3858,3696,3558",3,3,generated,ran,False,1,1,1.0,1.0,0.0,21849,21918,69,48786,48933,147,C:\Users\weijt\Desktop\UNSW\COMP9900\project\capstone-project-26t2-9900-t17a-almond\outputs\run_20260723_code_cwe119_winner_xfg_round1\runs\baseline\02_vulnerable_4064,C:\Users\weijt\Desktop\UNSW\COMP9900\project\capstone-project-26t2-9900-t17a-almond\outputs\run_20260723_code_cwe119_winner_xfg_round1\runs\perturbed\02_vulnerable_4064__range_clamp__c3,C:\Users\weijt\Desktop\UNSW\COMP9900\project\capstone-project-26t2-9900-t17a-almond\outputs\run_20260723_code_cwe119_winner_xfg_round1\sources\02_vulnerable_4064__range_clamp__c3.c,clamped 3 sensitive sink size/count argument(s) through bounded local variables nearest baseline winner-XFG key line 4064,
02_vulnerable_4064,C:\Users\weijt\Desktop\UNSW\COMP9900\project\capstone-project-26t2-9900-t17a-almond\input_sources\cwe119\vulnerable\02_vulnerable_4064.c,range_clamp,winner-xfg,array,4064,1.0,"3858,3696,3558,3299,3289",5,5,generated,ran,False,1,1,1.0,1.0,0.0,21849,21990,141,48786,49065,279,C:\Users\weijt\Desktop\UNSW\COMP9900\project\capstone-project-26t2-9900-t17a-almond\outputs\run_20260723_code_cwe119_winner_xfg_round1\runs\baseline\02_vulnerable_4064,C:\Users\weijt\Desktop\UNSW\COMP9900\project\capstone-project-26t2-9900-t17a-almond\outputs\run_20260723_code_cwe119_winner_xfg_round1\runs\perturbed\02_vulnerable_4064__range_clamp__c5,C:\Users\weijt\Desktop\UNSW\COMP9900\project\capstone-project-26t2-9900-t17a-almond\outputs\run_20260723_code_cwe119_winner_xfg_round1\sources\02_vulnerable_4064__range_clamp__c5.c,clamped 5 sensitive sink size/count argument(s) through bounded local variables nearest baseline winner-XFG key line 4064,
02_vulnerable_4064,C:\Users\weijt\Desktop\UNSW\COMP9900\project\capstone-project-26t2-9900-t17a-almond\input_sources\cwe119\vulnerable\02_vulnerable_4064.c,safe_source_substitution,winner-xfg,array,4064,1.0,,1,0,skipped,ran,,,,,,,,,,,,,C:\Users\weijt\Desktop\UNSW\COMP9900\project\capstone-project-26t2-9900-t17a-almond\outputs\run_20260723_code_cwe119_winner_xfg_round1\runs\baseline\02_vulnerable_4064,,,no nested pointer dereference source found,
02_vulnerable_4064,C:\Users\weijt\Desktop\UNSW\COMP9900\project\capstone-project-26t2-9900-t17a-almond\input_sources\cwe119\vulnerable\02_vulnerable_4064.c,sink_bound_guard,winner-xfg,array,4064,1.0,3858,1,1,generated,ran,False,1,1,1.0,1.0,0.0,21849,21849,0,48786,48786,0,C:\Users\weijt\Desktop\UNSW\COMP9900\project\capstone-project-26t2-9900-t17a-almond\outputs\run_20260723_code_cwe119_winner_xfg_round1\runs\baseline\02_vulnerable_4064,C:\Users\weijt\Desktop\UNSW\COMP9900\project\capstone-project-26t2-9900-t17a-almond\outputs\run_20260723_code_cwe119_winner_xfg_round1\runs\perturbed\02_vulnerable_4064__sink_bound_guard__c1,C:\Users\weijt\Desktop\UNSW\COMP9900\project\capstone-project-26t2-9900-t17a-almond\outputs\run_20260723_code_cwe119_winner_xfg_round1\sources\02_vulnerable_4064__sink_bound_guard__c1.c,inserted 1 early-return bound guard(s) before sensitive sink calls nearest baseline winner-XFG key line 4064,
02_vulnerable_4064,C:\Users\weijt\Desktop\UNSW\COMP9900\project\capstone-project-26t2-9900-t17a-almond\input_sources\cwe119\vulnerable\02_vulnerable_4064.c,sink_bound_guard,winner-xfg,array,4064,1.0,"3858,3696",2,2,generated,ran,False,1,1,1.0,1.0,0.0,21849,21863,14,48786,48813,27,C:\Users\weijt\Desktop\UNSW\COMP9900\project\capstone-project-26t2-9900-t17a-almond\outputs\run_20260723_code_cwe119_winner_xfg_round1\runs\baseline\02_vulnerable_4064,C:\Users\weijt\Desktop\UNSW\COMP9900\project\capstone-project-26t2-9900-t17a-almond\outputs\run_20260723_code_cwe119_winner_xfg_round1\runs\perturbed\02_vulnerable_4064__sink_bound_guard__c2,C:\Users\weijt\Desktop\UNSW\COMP9900\project\capstone-project-26t2-9900-t17a-almond\outputs\run_20260723_code_cwe119_winner_xfg_round1\sources\02_vulnerable_4064__sink_bound_guard__c2.c,inserted 2 early-return bound guard(s) before sensitive sink calls nearest baseline winner-XFG key line 4064,
02_vulnerable_4064,C:\Users\weijt\Desktop\UNSW\COMP9900\project\capstone-project-26t2-9900-t17a-almond\input_sources\cwe119\vulnerable\02_vulnerable_4064.c,sink_bound_guard,winner-xfg,array,4064,1.0,"3858,3696,3558",3,3,generated,ran,False,1,1,1.0,1.0,0.0,21849,21861,12,48786,48808,22,C:\Users\weijt\Desktop\UNSW\COMP9900\project\capstone-project-26t2-9900-t17a-almond\outputs\run_20260723_code_cwe119_winner_xfg_round1\runs\baseline\02_vulnerable_4064,C:\Users\weijt\Desktop\UNSW\COMP9900\project\capstone-project-26t2-9900-t17a-almond\outputs\run_20260723_code_cwe119_winner_xfg_round1\runs\perturbed\02_vulnerable_4064__sink_bound_guard__c3,C:\Users\weijt\Desktop\UNSW\COMP9900\project\capstone-project-26t2-9900-t17a-almond\outputs\run_20260723_code_cwe119_winner_xfg_round1\sources\02_vulnerable_4064__sink_bound_guard__c3.c,inserted 3 early-return bound guard(s) before sensitive sink calls nearest baseline winner-XFG key line 4064,
02_vulnerable_4064,C:\Users\weijt\Desktop\UNSW\COMP9900\project\capstone-project-26t2-9900-t17a-almond\input_sources\cwe119\vulnerable\02_vulnerable_4064.c,sink_bound_guard,winner-xfg,array,4064,1.0,"3858,3696,3558,3299,3289",5,5,generated,ran,False,1,1,1.0,1.0,0.0,21849,21895,46,48786,48886,100,C:\Users\weijt\Desktop\UNSW\COMP9900\project\capstone-project-26t2-9900-t17a-almond\outputs\run_20260723_code_cwe119_winner_xfg_round1\runs\baseline\02_vulnerable_4064,C:\Users\weijt\Desktop\UNSW\COMP9900\project\capstone-project-26t2-9900-t17a-almond\outputs\run_20260723_code_cwe119_winner_xfg_round1\runs\perturbed\02_vulnerable_4064__sink_bound_guard__c5,C:\Users\weijt\Desktop\UNSW\COMP9900\project\capstone-project-26t2-9900-t17a-almond\outputs\run_20260723_code_cwe119_winner_xfg_round1\sources\02_vulnerable_4064__sink_bound_guard__c5.c,inserted 5 early-return bound guard(s) before sensitive sink calls nearest baseline winner-XFG key line 4064,
02_vulnerable_4064,C:\Users\weijt\Desktop\UNSW\COMP9900\project\capstone-project-26t2-9900-t17a-almond\input_sources\cwe119\vulnerable\02_vulnerable_4064.c,postcondition_validation,winner-xfg,array,4064,1.0,,1,0,skipped,target_unavailable,,,,,,,,,,,,,C:\Users\weijt\Desktop\UNSW\COMP9900\project\capstone-project-26t2-9900-t17a-almond\outputs\run_20260723_code_cwe119_winner_xfg_round1\runs\baseline\02_vulnerable_4064,,,action postcondition_validation has no winner-XFG-local implementation,action postcondition_validation has no winner-XFG-local implementation
02_vulnerable_4064,C:\Users\weijt\Desktop\UNSW\COMP9900\project\capstone-project-26t2-9900-t17a-almond\input_sources\cwe119\vulnerable\02_vulnerable_4064.c,integer_overflow_guard,winner-xfg,array,4064,1.0,,1,0,skipped,ran,,,,,,,,,,,,,C:\Users\weijt\Desktop\UNSW\COMP9900\project\capstone-project-26t2-9900-t17a-almond\outputs\run_20260723_code_cwe119_winner_xfg_round1\runs\baseline\02_vulnerable_4064,,,no allocation size addition or multiplication expression found,
02_vulnerable_4064,C:\Users\weijt\Desktop\UNSW\COMP9900\project\capstone-project-26t2-9900-t17a-almond\input_sources\cwe119\vulnerable\02_vulnerable_4064.c,array_index_bound_guard,winner-xfg,array,4064,1.0,4064,1,1,generated,ran,False,1,1,1.0,1.0,0.0,21849,21875,26,48786,48831,45,C:\Users\weijt\Desktop\UNSW\COMP9900\project\capstone-project-26t2-9900-t17a-almond\outputs\run_20260723_code_cwe119_winner_xfg_round1\runs\baseline\02_vulnerable_4064,C:\Users\weijt\Desktop\UNSW\COMP9900\project\capstone-project-26t2-9900-t17a-almond\outputs\run_20260723_code_cwe119_winner_xfg_round1\runs\perturbed\02_vulnerable_4064__array_index_bound_guard__c1,C:\Users\weijt\Desktop\UNSW\COMP9900\project\capstone-project-26t2-9900-t17a-almond\outputs\run_20260723_code_cwe119_winner_xfg_round1\sources\02_vulnerable_4064__array_index_bound_guard__c1.c,wrapped 1 array write(s) with index lower/upper bound guards nearest baseline winner-XFG key line 4064,
02_vulnerable_4064,C:\Users\weijt\Desktop\UNSW\COMP9900\project\capstone-project-26t2-9900-t17a-almond\input_sources\cwe119\vulnerable\02_vulnerable_4064.c,array_index_bound_guard,winner-xfg,array,4064,1.0,"4064,4080",2,2,generated,ran,False,1,1,1.0,1.0,0.0,21849,21901,52,48786,48880,94,C:\Users\weijt\Desktop\UNSW\COMP9900\project\capstone-project-26t2-9900-t17a-almond\outputs\run_20260723_code_cwe119_winner_xfg_round1\runs\baseline\02_vulnerable_4064,C:\Users\weijt\Desktop\UNSW\COMP9900\project\capstone-project-26t2-9900-t17a-almond\outputs\run_20260723_code_cwe119_winner_xfg_round1\runs\perturbed\02_vulnerable_4064__array_index_bound_guard__c2,C:\Users\weijt\Desktop\UNSW\COMP9900\project\capstone-project-26t2-9900-t17a-almond\outputs\run_20260723_code_cwe119_winner_xfg_round1\sources\02_vulnerable_4064__array_index_bound_guard__c2.c,wrapped 2 array write(s) with index lower/upper bound guards nearest baseline winner-XFG key line 4064,
02_vulnerable_4064,C:\Users\weijt\Desktop\UNSW\COMP9900\project\capstone-project-26t2-9900-t17a-almond\input_sources\cwe119\vulnerable\02_vulnerable_4064.c,array_index_bound_guard,winner-xfg,array,4064,1.0,"4064,4080,4033",3,3,generated,ran,False,1,1,1.0,1.0,0.0,21849,21935,86,48786,48959,173,C:\Users\weijt\Desktop\UNSW\COMP9900\project\capstone-project-26t2-9900-t17a-almond\outputs\run_20260723_code_cwe119_winner_xfg_round1\runs\baseline\02_vulnerable_4064,C:\Users\weijt\Desktop\UNSW\COMP9900\project\capstone-project-26t2-9900-t17a-almond\outputs\run_20260723_code_cwe119_winner_xfg_round1\runs\perturbed\02_vulnerable_4064__array_index_bound_guard__c3,C:\Users\weijt\Desktop\UNSW\COMP9900\project\capstone-project-26t2-9900-t17a-almond\outputs\run_20260723_code_cwe119_winner_xfg_round1\sources\02_vulnerable_4064__array_index_bound_guard__c3.c,wrapped 3 array write(s) with index lower/upper bound guards nearest baseline winner-XFG key line 4064,
02_vulnerable_4064,C:\Users\weijt\Desktop\UNSW\COMP9900\project\capstone-project-26t2-9900-t17a-almond\input_sources\cwe119\vulnerable\02_vulnerable_4064.c,array_index_bound_guard,winner-xfg,array,4064,1.0,"4064,4080,4033,4099,4007",5,5,generated,ran,False,1,1,1.0,1.0,0.0,21849,21905,56,48786,48934,148,C:\Users\weijt\Desktop\UNSW\COMP9900\project\capstone-project-26t2-9900-t17a-almond\outputs\run_20260723_code_cwe119_winner_xfg_round1\runs\baseline\02_vulnerable_4064,C:\Users\weijt\Desktop\UNSW\COMP9900\project\capstone-project-26t2-9900-t17a-almond\outputs\run_20260723_code_cwe119_winner_xfg_round1\runs\perturbed\02_vulnerable_4064__array_index_bound_guard__c5,C:\Users\weijt\Desktop\UNSW\COMP9900\project\capstone-project-26t2-9900-t17a-almond\outputs\run_20260723_code_cwe119_winner_xfg_round1\sources\02_vulnerable_4064__array_index_bound_guard__c5.c,wrapped 5 array write(s) with index lower/upper bound guards nearest baseline winner-XFG key line 4064,
02_vulnerable_4064,C:\Users\weijt\Desktop\UNSW\COMP9900\project\capstone-project-26t2-9900-t17a-almond\input_sources\cwe119\vulnerable\02_vulnerable_4064.c,wide_char_sink_guard,winner-xfg,array,4064,1.0,,1,0,skipped,ran,,,,,,,,,,,,,C:\Users\weijt\Desktop\UNSW\COMP9900\project\capstone-project-26t2-9900-t17a-almond\outputs\run_20260723_code_cwe119_winner_xfg_round1\runs\baseline\02_vulnerable_4064,,,no wcscat/wcscpy wide-character sink found,
02_vulnerable_4064,C:\Users\weijt\Desktop\UNSW\COMP9900\project\capstone-project-26t2-9900-t17a-almond\input_sources\cwe119\vulnerable\02_vulnerable_4064.c,pattern_dead_code,winner-xfg,array,4064,1.0,4064,1,1,generated,ran,False,1,1,1.0,1.0,0.0,21849,21904,55,48786,48887,101,C:\Users\weijt\Desktop\UNSW\COMP9900\project\capstone-project-26t2-9900-t17a-almond\outputs\run_20260723_code_cwe119_winner_xfg_round1\runs\baseline\02_vulnerable_4064,C:\Users\weijt\Desktop\UNSW\COMP9900\project\capstone-project-26t2-9900-t17a-almond\outputs\run_20260723_code_cwe119_winner_xfg_round1\runs\perturbed\02_vulnerable_4064__pattern_dead_code__c1,C:\Users\weijt\Desktop\UNSW\COMP9900\project\capstone-project-26t2-9900-t17a-almond\outputs\run_20260723_code_cwe119_winner_xfg_round1\sources\02_vulnerable_4064__pattern_dead_code__c1.c,inserted 1 unreachable pointer/array/length pattern block(s) near sensitive or structural lines nearest baseline winner-XFG key line 4064,
02_vulnerable_4064,C:\Users\weijt\Desktop\UNSW\COMP9900\project\capstone-project-26t2-9900-t17a-almond\input_sources\cwe119\vulnerable\02_vulnerable_4064.c,pattern_dead_code,winner-xfg,array,4064,1.0,"4064,4067",2,2,generated,ran,False,1,1,1.0,1.0,0.0,21849,21959,110,48786,48988,202,C:\Users\weijt\Desktop\UNSW\COMP9900\project\capstone-project-26t2-9900-t17a-almond\outputs\run_20260723_code_cwe119_winner_xfg_round1\runs\baseline\02_vulnerable_4064,C:\Users\weijt\Desktop\UNSW\COMP9900\project\capstone-project-26t2-9900-t17a-almond\outputs\run_20260723_code_cwe119_winner_xfg_round1\runs\perturbed\02_vulnerable_4064__pattern_dead_code__c2,C:\Users\weijt\Desktop\UNSW\COMP9900\project\capstone-project-26t2-9900-t17a-almond\outputs\run_20260723_code_cwe119_winner_xfg_round1\sources\02_vulnerable_4064__pattern_dead_code__c2.c,inserted 2 unreachable pointer/array/length pattern block(s) near sensitive or structural lines nearest baseline winner-XFG key line 4064,
02_vulnerable_4064,C:\Users\weijt\Desktop\UNSW\COMP9900\project\capstone-project-26t2-9900-t17a-almond\input_sources\cwe119\vulnerable\02_vulnerable_4064.c,pattern_dead_code,winner-xfg,array,4064,1.0,"4064,4067,4068",3,3,generated,ran,False,1,1,1.0,1.0,0.0,21849,22014,165,48786,49089,303,C:\Users\weijt\Desktop\UNSW\COMP9900\project\capstone-project-26t2-9900-t17a-almond\outputs\run_20260723_code_cwe119_winner_xfg_round1\runs\baseline\02_vulnerable_4064,C:\Users\weijt\Desktop\UNSW\COMP9900\project\capstone-project-26t2-9900-t17a-almond\outputs\run_20260723_code_cwe119_winner_xfg_round1\runs\perturbed\02_vulnerable_4064__pattern_dead_code__c3,C:\Users\weijt\Desktop\UNSW\COMP9900\project\capstone-project-26t2-9900-t17a-almond\outputs\run_20260723_code_cwe119_winner_xfg_round1\sources\02_vulnerable_4064__pattern_dead_code__c3.c,inserted 3 unreachable pointer/array/length pattern block(s) near sensitive or structural lines nearest baseline winner-XFG key line 4064,
02_vulnerable_4064,C:\Users\weijt\Desktop\UNSW\COMP9900\project\capstone-project-26t2-9900-t17a-almond\input_sources\cwe119\vulnerable\02_vulnerable_4064.c,pattern_dead_code,winner-xfg,array,4064,1.0,"4064,4067,4068,4069,4070",5,5,generated,ran,False,1,1,1.0,1.0,0.0,21849,22124,275,48786,49291,505,C:\Users\weijt\Desktop\UNSW\COMP9900\project\capstone-project-26t2-9900-t17a-almond\outputs\run_20260723_code_cwe119_winner_xfg_round1\runs\baseline\02_vulnerable_4064,C:\Users\weijt\Desktop\UNSW\COMP9900\project\capstone-project-26t2-9900-t17a-almond\outputs\run_20260723_code_cwe119_winner_xfg_round1\runs\perturbed\02_vulnerable_4064__pattern_dead_code__c5,C:\Users\weijt\Desktop\UNSW\COMP9900\project\capstone-project-26t2-9900-t17a-almond\outputs\run_20260723_code_cwe119_winner_xfg_round1\sources\02_vulnerable_4064__pattern_dead_code__c5.c,inserted 5 unreachable pointer/array/length pattern block(s) near sensitive or structural lines nearest baseline winner-XFG key line 4064,
02_vulnerable_4064,C:\Users\weijt\Desktop\UNSW\COMP9900\project\capstone-project-26t2-9900-t17a-almond\input_sources\cwe119\vulnerable\02_vulnerable_4064.c,control_wrapper,winner-xfg,array,4064,1.0,4064,1,1,generated,ran,False,1,1,1.0,1.0,0.0,21849,21853,4,48786,48795,9,C:\Users\weijt\Desktop\UNSW\COMP9900\project\capstone-project-26t2-9900-t17a-almond\outputs\run_20260723_code_cwe119_winner_xfg_round1\runs\baseline\02_vulnerable_4064,C:\Users\weijt\Desktop\UNSW\COMP9900\project\capstone-project-26t2-9900-t17a-almond\outputs\run_20260723_code_cwe119_winner_xfg_round1\runs\perturbed\02_vulnerable_4064__control_wrapper__c1,C:\Users\weijt\Desktop\UNSW\COMP9900\project\capstone-project-26t2-9900-t17a-almond\outputs\run_20260723_code_cwe119_winner_xfg_round1\sources\02_vulnerable_4064__control_wrapper__c1.c,wrapped 1 safe single-line statement(s) with if (1) blocks nearest baseline winner-XFG key line 4064,
02_vulnerable_4064,C:\Users\weijt\Desktop\UNSW\COMP9900\project\capstone-project-26t2-9900-t17a-almond\input_sources\cwe119\vulnerable\02_vulnerable_4064.c,control_wrapper,winner-xfg,array,4064,1.0,"4064,4062",2,2,generated,ran,False,1,1,1.0,1.0,0.0,21849,21857,8,48786,48806,20,C:\Users\weijt\Desktop\UNSW\COMP9900\project\capstone-project-26t2-9900-t17a-almond\outputs\run_20260723_code_cwe119_winner_xfg_round1\runs\baseline\02_vulnerable_4064,C:\Users\weijt\Desktop\UNSW\COMP9900\project\capstone-project-26t2-9900-t17a-almond\outputs\run_20260723_code_cwe119_winner_xfg_round1\runs\perturbed\02_vulnerable_4064__control_wrapper__c2,C:\Users\weijt\Desktop\UNSW\COMP9900\project\capstone-project-26t2-9900-t17a-almond\outputs\run_20260723_code_cwe119_winner_xfg_round1\sources\02_vulnerable_4064__control_wrapper__c2.c,wrapped 2 safe single-line statement(s) with if (1) blocks nearest baseline winner-XFG key line 4064,
02_vulnerable_4064,C:\Users\weijt\Desktop\UNSW\COMP9900\project\capstone-project-26t2-9900-t17a-almond\input_sources\cwe119\vulnerable\02_vulnerable_4064.c,control_wrapper,winner-xfg,array,4064,1.0,"4064,4062,4066",3,3,generated,ran,False,1,1,1.0,0.9999996423721313,-3.5762786865234375e-07,21849,21861,12,48786,48833,47,C:\Users\weijt\Desktop\UNSW\COMP9900\project\capstone-project-26t2-9900-t17a-almond\outputs\run_20260723_code_cwe119_winner_xfg_round1\runs\baseline\02_vulnerable_4064,C:\Users\weijt\Desktop\UNSW\COMP9900\project\capstone-project-26t2-9900-t17a-almond\outputs\run_20260723_code_cwe119_winner_xfg_round1\runs\perturbed\02_vulnerable_4064__control_wrapper__c3,C:\Users\weijt\Desktop\UNSW\COMP9900\project\capstone-project-26t2-9900-t17a-almond\outputs\run_20260723_code_cwe119_winner_xfg_round1\sources\02_vulnerable_4064__control_wrapper__c3.c,wrapped 3 safe single-line statement(s) with if (1) blocks nearest baseline winner-XFG key line 4064,
02_vulnerable_4064,C:\Users\weijt\Desktop\UNSW\COMP9900\project\capstone-project-26t2-9900-t17a-almond\input_sources\cwe119\vulnerable\02_vulnerable_4064.c,control_wrapper,winner-xfg,array,4064,1.0,"4064,4062,4066,4061,4067",5,5,generated,ran,False,1,1,1.0,1.0,0.0,21849,21869,20,48786,48831,45,C:\Users\weijt\Desktop\UNSW\COMP9900\project\capstone-project-26t2-9900-t17a-almond\outputs\run_20260723_code_cwe119_winner_xfg_round1\runs\baseline\02_vulnerable_4064,C:\Users\weijt\Desktop\UNSW\COMP9900\project\capstone-project-26t2-9900-t17a-almond\outputs\run_20260723_code_cwe119_winner_xfg_round1\runs\perturbed\02_vulnerable_4064__control_wrapper__c5,C:\Users\weijt\Desktop\UNSW\COMP9900\project\capstone-project-26t2-9900-t17a-almond\outputs\run_20260723_code_cwe119_winner_xfg_round1\sources\02_vulnerable_4064__control_wrapper__c5.c,wrapped 5 safe single-line statement(s) with if (1) blocks nearest baseline winner-XFG key line 4064,
02_vulnerable_4064,C:\Users\weijt\Desktop\UNSW\COMP9900\project\capstone-project-26t2-9900-t17a-almond\input_sources\cwe119\vulnerable\02_vulnerable_4064.c,temp_variable_split,winner-xfg,array,4064,1.0,4092,1,1,generated,ran,False,1,1,1.0,1.0,0.0,21849,21857,8,48786,48804,18,C:\Users\weijt\Desktop\UNSW\COMP9900\project\capstone-project-26t2-9900-t17a-almond\outputs\run_20260723_code_cwe119_winner_xfg_round1\runs\baseline\02_vulnerable_4064,C:\Users\weijt\Desktop\UNSW\COMP9900\project\capstone-project-26t2-9900-t17a-almond\outputs\run_20260723_code_cwe119_winner_xfg_round1\runs\perturbed\02_vulnerable_4064__temp_variable_split__c1,C:\Users\weijt\Desktop\UNSW\COMP9900\project\capstone-project-26t2-9900-t17a-almond\outputs\run_20260723_code_cwe119_winner_xfg_round1\sources\02_vulnerable_4064__temp_variable_split__c1.c,split 1 simple assignment(s) through temporary integer variables nearest baseline winner-XFG key line 4064,
02_vulnerable_4064,C:\Users\weijt\Desktop\UNSW\COMP9900\project\capstone-project-26t2-9900-t17a-almond\input_sources\cwe119\vulnerable\02_vulnerable_4064.c,temp_variable_split,winner-xfg,array,4064,1.0,"4092,4093",2,2,generated,ran,False,1,1,1.0,1.0,0.0,21849,21865,16,48786,48821,35,C:\Users\weijt\Desktop\UNSW\COMP9900\project\capstone-project-26t2-9900-t17a-almond\outputs\run_20260723_code_cwe119_winner_xfg_round1\runs\baseline\02_vulnerable_4064,C:\Users\weijt\Desktop\UNSW\COMP9900\project\capstone-project-26t2-9900-t17a-almond\outputs\run_20260723_code_cwe119_winner_xfg_round1\runs\perturbed\02_vulnerable_4064__temp_variable_split__c2,C:\Users\weijt\Desktop\UNSW\COMP9900\project\capstone-project-26t2-9900-t17a-almond\outputs\run_20260723_code_cwe119_winner_xfg_round1\sources\02_vulnerable_4064__temp_variable_split__c2.c,split 2 simple assignment(s) through temporary integer variables nearest baseline winner-XFG key line 4064,
02_vulnerable_4064,C:\Users\weijt\Desktop\UNSW\COMP9900\project\capstone-project-26t2-9900-t17a-almond\input_sources\cwe119\vulnerable\02_vulnerable_4064.c,temp_variable_split,winner-xfg,array,4064,1.0,"4092,4093,4097",3,3,generated,ran,False,1,1,1.0,1.0,0.0,21849,21873,24,48786,48839,53,C:\Users\weijt\Desktop\UNSW\COMP9900\project\capstone-project-26t2-9900-t17a-almond\outputs\run_20260723_code_cwe119_winner_xfg_round1\runs\baseline\02_vulnerable_4064,C:\Users\weijt\Desktop\UNSW\COMP9900\project\capstone-project-26t2-9900-t17a-almond\outputs\run_20260723_code_cwe119_winner_xfg_round1\runs\perturbed\02_vulnerable_4064__temp_variable_split__c3,C:\Users\weijt\Desktop\UNSW\COMP9900\project\capstone-project-26t2-9900-t17a-almond\outputs\run_20260723_code_cwe119_winner_xfg_round1\sources\02_vulnerable_4064__temp_variable_split__c3.c,split 3 simple assignment(s) through temporary integer variables nearest baseline winner-XFG key line 4064,
02_vulnerable_4064,C:\Users\weijt\Desktop\UNSW\COMP9900\project\capstone-project-26t2-9900-t17a-almond\input_sources\cwe119\vulnerable\02_vulnerable_4064.c,temp_variable_split,winner-xfg,array,4064,1.0,"4092,4093,4097,3971,3957",5,5,generated,ran,True,1,0,1.0,0.01883191429078579,-0.9811680857092142,21849,19981,-1868,48786,44609,-4177,C:\Users\weijt\Desktop\UNSW\COMP9900\project\capstone-project-26t2-9900-t17a-almond\outputs\run_20260723_code_cwe119_winner_xfg_round1\runs\baseline\02_vulnerable_4064,C:\Users\weijt\Desktop\UNSW\COMP9900\project\capstone-project-26t2-9900-t17a-almond\outputs\run_20260723_code_cwe119_winner_xfg_round1\runs\perturbed\02_vulnerable_4064__temp_variable_split__c5,C:\Users\weijt\Desktop\UNSW\COMP9900\project\capstone-project-26t2-9900-t17a-almond\outputs\run_20260723_code_cwe119_winner_xfg_round1\sources\02_vulnerable_4064__temp_variable_split__c5.c,split 5 simple assignment(s) through temporary integer variables nearest baseline winner-XFG key line 4064,
03_vulnerable_30,C:\Users\weijt\Desktop\UNSW\COMP9900\project\capstone-project-26t2-9900-t17a-almond\input_sources\cwe119\vulnerable\03_vulnerable_30.c,data_flow_alias,winner-xfg,arith,30,1.0,30,1,1,generated,ran,False,1,1,1.0,1.0,0.0,579,597,18,1099,1156,57,C:\Users\weijt\Desktop\UNSW\COMP9900\project\capstone-project-26t2-9900-t17a-almond\outputs\run_20260723_code_cwe119_winner_xfg_round1\runs\baseline\03_vulnerable_30,C:\Users\weijt\Desktop\UNSW\COMP9900\project\capstone-project-26t2-9900-t17a-almond\outputs\run_20260723_code_cwe119_winner_xfg_round1\runs\perturbed\03_vulnerable_30__data_flow_alias__c1,C:\Users\weijt\Desktop\UNSW\COMP9900\project\capstone-project-26t2-9900-t17a-almond\outputs\run_20260723_code_cwe119_winner_xfg_round1\sources\03_vulnerable_30__data_flow_alias__c1.c,inserted 1 alias-preserving data-flow no-op(s) near call arguments nearest baseline winner-XFG key line 30,
03_vulnerable_30,C:\Users\weijt\Desktop\UNSW\COMP9900\project\capstone-project-26t2-9900-t17a-almond\input_sources\cwe119\vulnerable\03_vulnerable_30.c,data_flow_alias,winner-xfg,arith,30,1.0,"30,31",2,2,generated,ran,False,1,1,1.0,1.0,0.0,579,613,34,1099,1187,88,C:\Users\weijt\Desktop\UNSW\COMP9900\project\capstone-project-26t2-9900-t17a-almond\outputs\run_20260723_code_cwe119_winner_xfg_round1\runs\baseline\03_vulnerable_30,C:\Users\weijt\Desktop\UNSW\COMP9900\project\capstone-project-26t2-9900-t17a-almond\outputs\run_20260723_code_cwe119_winner_xfg_round1\runs\perturbed\03_vulnerable_30__data_flow_alias__c2,C:\Users\weijt\Desktop\UNSW\COMP9900\project\capstone-project-26t2-9900-t17a-almond\outputs\run_20260723_code_cwe119_winner_xfg_round1\sources\03_vulnerable_30__data_flow_alias__c2.c,inserted 2 alias-preserving data-flow no-op(s) near call arguments nearest baseline winner-XFG key line 30,
03_vulnerable_30,C:\Users\weijt\Desktop\UNSW\COMP9900\project\capstone-project-26t2-9900-t17a-almond\input_sources\cwe119\vulnerable\03_vulnerable_30.c,data_flow_alias,winner-xfg,arith,30,1.0,"30,31,32",3,3,generated,ran,False,1,1,1.0,1.0,0.0,579,633,54,1099,1225,126,C:\Users\weijt\Desktop\UNSW\COMP9900\project\capstone-project-26t2-9900-t17a-almond\outputs\run_20260723_code_cwe119_winner_xfg_round1\runs\baseline\03_vulnerable_30,C:\Users\weijt\Desktop\UNSW\COMP9900\project\capstone-project-26t2-9900-t17a-almond\outputs\run_20260723_code_cwe119_winner_xfg_round1\runs\perturbed\03_vulnerable_30__data_flow_alias__c3,C:\Users\weijt\Desktop\UNSW\COMP9900\project\capstone-project-26t2-9900-t17a-almond\outputs\run_20260723_code_cwe119_winner_xfg_round1\sources\03_vulnerable_30__data_flow_alias__c3.c,inserted 3 alias-preserving data-flow no-op(s) near call arguments nearest baseline winner-XFG key line 30,
03_vulnerable_30,C:\Users\weijt\Desktop\UNSW\COMP9900\project\capstone-project-26t2-9900-t17a-almond\input_sources\cwe119\vulnerable\03_vulnerable_30.c,data_flow_alias,winner-xfg,arith,30,1.0,"30,31,32,41,50",5,5,generated,ran,False,1,1,1.0,1.0,0.0,579,673,94,1099,1302,203,C:\Users\weijt\Desktop\UNSW\COMP9900\project\capstone-project-26t2-9900-t17a-almond\outputs\run_20260723_code_cwe119_winner_xfg_round1\runs\baseline\03_vulnerable_30,C:\Users\weijt\Desktop\UNSW\COMP9900\project\capstone-project-26t2-9900-t17a-almond\outputs\run_20260723_code_cwe119_winner_xfg_round1\runs\perturbed\03_vulnerable_30__data_flow_alias__c5,C:\Users\weijt\Desktop\UNSW\COMP9900\project\capstone-project-26t2-9900-t17a-almond\outputs\run_20260723_code_cwe119_winner_xfg_round1\sources\03_vulnerable_30__data_flow_alias__c5.c,inserted 5 alias-preserving data-flow no-op(s) near call arguments nearest baseline winner-XFG key line 30,
03_vulnerable_30,C:\Users\weijt\Desktop\UNSW\COMP9900\project\capstone-project-26t2-9900-t17a-almond\input_sources\cwe119\vulnerable\03_vulnerable_30.c,dead_statement,winner-xfg,arith,30,1.0,32,1,1,generated,ran,False,1,1,1.0,1.0,0.0,579,591,12,1099,1126,27,C:\Users\weijt\Desktop\UNSW\COMP9900\project\capstone-project-26t2-9900-t17a-almond\outputs\run_20260723_code_cwe119_winner_xfg_round1\runs\baseline\03_vulnerable_30,C:\Users\weijt\Desktop\UNSW\COMP9900\project\capstone-project-26t2-9900-t17a-almond\outputs\run_20260723_code_cwe119_winner_xfg_round1\runs\perturbed\03_vulnerable_30__dead_statement__c1,C:\Users\weijt\Desktop\UNSW\COMP9900\project\capstone-project-26t2-9900-t17a-almond\outputs\run_20260723_code_cwe119_winner_xfg_round1\sources\03_vulnerable_30__dead_statement__c1.c,inserted 1 harmless dummy integer statement pair(s) nearest baseline winner-XFG key line 30,
03_vulnerable_30,C:\Users\weijt\Desktop\UNSW\COMP9900\project\capstone-project-26t2-9900-t17a-almond\input_sources\cwe119\vulnerable\03_vulnerable_30.c,dead_statement,winner-xfg,arith,30,1.0,32,2,2,generated,ran,False,1,1,1.0,1.0,0.0,579,603,24,1099,1153,54,C:\Users\weijt\Desktop\UNSW\COMP9900\project\capstone-project-26t2-9900-t17a-almond\outputs\run_20260723_code_cwe119_winner_xfg_round1\runs\baseline\03_vulnerable_30,C:\Users\weijt\Desktop\UNSW\COMP9900\project\capstone-project-26t2-9900-t17a-almond\outputs\run_20260723_code_cwe119_winner_xfg_round1\runs\perturbed\03_vulnerable_30__dead_statement__c2,C:\Users\weijt\Desktop\UNSW\COMP9900\project\capstone-project-26t2-9900-t17a-almond\outputs\run_20260723_code_cwe119_winner_xfg_round1\sources\03_vulnerable_30__dead_statement__c2.c,inserted 2 harmless dummy integer statement pair(s) nearest baseline winner-XFG key line 30,
03_vulnerable_30,C:\Users\weijt\Desktop\UNSW\COMP9900\project\capstone-project-26t2-9900-t17a-almond\input_sources\cwe119\vulnerable\03_vulnerable_30.c,dead_statement,winner-xfg,arith,30,1.0,32,3,3,generated,ran,False,1,1,1.0,1.0,0.0,579,615,36,1099,1180,81,C:\Users\weijt\Desktop\UNSW\COMP9900\project\capstone-project-26t2-9900-t17a-almond\outputs\run_20260723_code_cwe119_winner_xfg_round1\runs\baseline\03_vulnerable_30,C:\Users\weijt\Desktop\UNSW\COMP9900\project\capstone-project-26t2-9900-t17a-almond\outputs\run_20260723_code_cwe119_winner_xfg_round1\runs\perturbed\03_vulnerable_30__dead_statement__c3,C:\Users\weijt\Desktop\UNSW\COMP9900\project\capstone-project-26t2-9900-t17a-almond\outputs\run_20260723_code_cwe119_winner_xfg_round1\sources\03_vulnerable_30__dead_statement__c3.c,inserted 3 harmless dummy integer statement pair(s) nearest baseline winner-XFG key line 30,
03_vulnerable_30,C:\Users\weijt\Desktop\UNSW\COMP9900\project\capstone-project-26t2-9900-t17a-almond\input_sources\cwe119\vulnerable\03_vulnerable_30.c,dead_statement,winner-xfg,arith,30,1.0,32,5,5,generated,ran,False,1,1,1.0,1.0,0.0,579,639,60,1099,1234,135,C:\Users\weijt\Desktop\UNSW\COMP9900\project\capstone-project-26t2-9900-t17a-almond\outputs\run_20260723_code_cwe119_winner_xfg_round1\runs\baseline\03_vulnerable_30,C:\Users\weijt\Desktop\UNSW\COMP9900\project\capstone-project-26t2-9900-t17a-almond\outputs\run_20260723_code_cwe119_winner_xfg_round1\runs\perturbed\03_vulnerable_30__dead_statement__c5,C:\Users\weijt\Desktop\UNSW\COMP9900\project\capstone-project-26t2-9900-t17a-almond\outputs\run_20260723_code_cwe119_winner_xfg_round1\sources\03_vulnerable_30__dead_statement__c5.c,inserted 5 harmless dummy integer statement pair(s) nearest baseline winner-XFG key line 30,
03_vulnerable_30,C:\Users\weijt\Desktop\UNSW\COMP9900\project\capstone-project-26t2-9900-t17a-almond\input_sources\cwe119\vulnerable\03_vulnerable_30.c,xfg_targeted_dead_code,winner-xfg,arith,30,1.0,30,1,1,generated,ran,False,1,1,1.0,1.0,0.0,579,595,16,1099,1135,36,C:\Users\weijt\Desktop\UNSW\COMP9900\project\capstone-project-26t2-9900-t17a-almond\outputs\run_20260723_code_cwe119_winner_xfg_round1\runs\baseline\03_vulnerable_30,C:\Users\weijt\Desktop\UNSW\COMP9900\project\capstone-project-26t2-9900-t17a-almond\outputs\run_20260723_code_cwe119_winner_xfg_round1\runs\perturbed\03_vulnerable_30__xfg_targeted_dead_code__c1,C:\Users\weijt\Desktop\UNSW\COMP9900\project\capstone-project-26t2-9900-t17a-almond\outputs\run_20260723_code_cwe119_winner_xfg_round1\sources\03_vulnerable_30__xfg_targeted_dead_code__c1.c,inserted 1 unreachable no-op block(s) near XFG-relevant target lines nearest baseline winner-XFG key line 30,
03_vulnerable_30,C:\Users\weijt\Desktop\UNSW\COMP9900\project\capstone-project-26t2-9900-t17a-almond\input_sources\cwe119\vulnerable\03_vulnerable_30.c,xfg_targeted_dead_code,winner-xfg,arith,30,1.0,"30,32",2,2,generated,ran,False,1,1,1.0,1.0,0.0,579,611,32,1099,1171,72,C:\Users\weijt\Desktop\UNSW\COMP9900\project\capstone-project-26t2-9900-t17a-almond\outputs\run_20260723_code_cwe119_winner_xfg_round1\runs\baseline\03_vulnerable_30,C:\Users\weijt\Desktop\UNSW\COMP9900\project\capstone-project-26t2-9900-t17a-almond\outputs\run_20260723_code_cwe119_winner_xfg_round1\runs\perturbed\03_vulnerable_30__xfg_targeted_dead_code__c2,C:\Users\weijt\Desktop\UNSW\COMP9900\project\capstone-project-26t2-9900-t17a-almond\outputs\run_20260723_code_cwe119_winner_xfg_round1\sources\03_vulnerable_30__xfg_targeted_dead_code__c2.c,inserted 2 unreachable no-op block(s) near XFG-relevant target lines nearest baseline winner-XFG key line 30,
03_vulnerable_30,C:\Users\weijt\Desktop\UNSW\COMP9900\project\capstone-project-26t2-9900-t17a-almond\input_sources\cwe119\vulnerable\03_vulnerable_30.c,xfg_targeted_dead_code,winner-xfg,arith,30,1.0,"30,32,33",3,3,generated,ran,False,1,1,1.0,1.0,0.0,579,627,48,1099,1207,108,C:\Users\weijt\Desktop\UNSW\COMP9900\project\capstone-project-26t2-9900-t17a-almond\outputs\run_20260723_code_cwe119_winner_xfg_round1\runs\baseline\03_vulnerable_30,C:\Users\weijt\Desktop\UNSW\COMP9900\project\capstone-project-26t2-9900-t17a-almond\outputs\run_20260723_code_cwe119_winner_xfg_round1\runs\perturbed\03_vulnerable_30__xfg_targeted_dead_code__c3,C:\Users\weijt\Desktop\UNSW\COMP9900\project\capstone-project-26t2-9900-t17a-almond\outputs\run_20260723_code_cwe119_winner_xfg_round1\sources\03_vulnerable_30__xfg_targeted_dead_code__c3.c,inserted 3 unreachable no-op block(s) near XFG-relevant target lines nearest baseline winner-XFG key line 30,
03_vulnerable_30,C:\Users\weijt\Desktop\UNSW\COMP9900\project\capstone-project-26t2-9900-t17a-almond\input_sources\cwe119\vulnerable\03_vulnerable_30.c,xfg_targeted_dead_code,winner-xfg,arith,30,1.0,"30,32,33,25,40",5,5,generated,ran,False,1,1,1.0,1.0,0.0,579,659,80,1099,1276,177,C:\Users\weijt\Desktop\UNSW\COMP9900\project\capstone-project-26t2-9900-t17a-almond\outputs\run_20260723_code_cwe119_winner_xfg_round1\runs\baseline\03_vulnerable_30,C:\Users\weijt\Desktop\UNSW\COMP9900\project\capstone-project-26t2-9900-t17a-almond\outputs\run_20260723_code_cwe119_winner_xfg_round1\runs\perturbed\03_vulnerable_30__xfg_targeted_dead_code__c5,C:\Users\weijt\Desktop\UNSW\COMP9900\project\capstone-project-26t2-9900-t17a-almond\outputs\run_20260723_code_cwe119_winner_xfg_round1\sources\03_vulnerable_30__xfg_targeted_dead_code__c5.c,inserted 5 unreachable no-op block(s) near XFG-relevant target lines nearest baseline winner-XFG key line 30,
03_vulnerable_30,C:\Users\weijt\Desktop\UNSW\COMP9900\project\capstone-project-26t2-9900-t17a-almond\input_sources\cwe119\vulnerable\03_vulnerable_30.c,range_clamp,winner-xfg,arith,30,1.0,32,1,1,generated,ran,False,1,1,1.0,1.0,0.0,579,609,30,1099,1167,68,C:\Users\weijt\Desktop\UNSW\COMP9900\project\capstone-project-26t2-9900-t17a-almond\outputs\run_20260723_code_cwe119_winner_xfg_round1\runs\baseline\03_vulnerable_30,C:\Users\weijt\Desktop\UNSW\COMP9900\project\capstone-project-26t2-9900-t17a-almond\outputs\run_20260723_code_cwe119_winner_xfg_round1\runs\perturbed\03_vulnerable_30__range_clamp__c1,C:\Users\weijt\Desktop\UNSW\COMP9900\project\capstone-project-26t2-9900-t17a-almond\outputs\run_20260723_code_cwe119_winner_xfg_round1\sources\03_vulnerable_30__range_clamp__c1.c,clamped 1 sensitive sink size/count argument(s) through bounded local variables nearest baseline winner-XFG key line 30,
03_vulnerable_30,C:\Users\weijt\Desktop\UNSW\COMP9900\project\capstone-project-26t2-9900-t17a-almond\input_sources\cwe119\vulnerable\03_vulnerable_30.c,range_clamp,winner-xfg,arith,30,1.0,"32,75",2,2,generated,ran,False,1,1,1.0,1.0,0.0,579,639,60,1099,1235,136,C:\Users\weijt\Desktop\UNSW\COMP9900\project\capstone-project-26t2-9900-t17a-almond\outputs\run_20260723_code_cwe119_winner_xfg_round1\runs\baseline\03_vulnerable_30,C:\Users\weijt\Desktop\UNSW\COMP9900\project\capstone-project-26t2-9900-t17a-almond\outputs\run_20260723_code_cwe119_winner_xfg_round1\runs\perturbed\03_vulnerable_30__range_clamp__c2,C:\Users\weijt\Desktop\UNSW\COMP9900\project\capstone-project-26t2-9900-t17a-almond\outputs\run_20260723_code_cwe119_winner_xfg_round1\sources\03_vulnerable_30__range_clamp__c2.c,clamped 2 sensitive sink size/count argument(s) through bounded local variables nearest baseline winner-XFG key line 30,
03_vulnerable_30,C:\Users\weijt\Desktop\UNSW\COMP9900\project\capstone-project-26t2-9900-t17a-almond\input_sources\cwe119\vulnerable\03_vulnerable_30.c,range_clamp,winner-xfg,arith,30,1.0,"32,75,109",3,3,generated,ran,False,1,1,1.0,1.0,0.0,579,669,90,1099,1303,204,C:\Users\weijt\Desktop\UNSW\COMP9900\project\capstone-project-26t2-9900-t17a-almond\outputs\run_20260723_code_cwe119_winner_xfg_round1\runs\baseline\03_vulnerable_30,C:\Users\weijt\Desktop\UNSW\COMP9900\project\capstone-project-26t2-9900-t17a-almond\outputs\run_20260723_code_cwe119_winner_xfg_round1\runs\perturbed\03_vulnerable_30__range_clamp__c3,C:\Users\weijt\Desktop\UNSW\COMP9900\project\capstone-project-26t2-9900-t17a-almond\outputs\run_20260723_code_cwe119_winner_xfg_round1\sources\03_vulnerable_30__range_clamp__c3.c,clamped 3 sensitive sink size/count argument(s) through bounded local variables nearest baseline winner-XFG key line 30,
03_vulnerable_30,C:\Users\weijt\Desktop\UNSW\COMP9900\project\capstone-project-26t2-9900-t17a-almond\input_sources\cwe119\vulnerable\03_vulnerable_30.c,range_clamp,winner-xfg,arith,30,1.0,"32,75,109",5,3,partial,run_partial,False,1,1,1.0,1.0,0.0,579,669,90,1099,1303,204,C:\Users\weijt\Desktop\UNSW\COMP9900\project\capstone-project-26t2-9900-t17a-almond\outputs\run_20260723_code_cwe119_winner_xfg_round1\runs\baseline\03_vulnerable_30,C:\Users\weijt\Desktop\UNSW\COMP9900\project\capstone-project-26t2-9900-t17a-almond\outputs\run_20260723_code_cwe119_winner_xfg_round1\runs\perturbed\03_vulnerable_30__range_clamp__c5,C:\Users\weijt\Desktop\UNSW\COMP9900\project\capstone-project-26t2-9900-t17a-almond\outputs\run_20260723_code_cwe119_winner_xfg_round1\sources\03_vulnerable_30__range_clamp__c5.c,clamped 3 sensitive sink size/count argument(s) through bounded local variables nearest baseline winner-XFG key line 30,
03_vulnerable_30,C:\Users\weijt\Desktop\UNSW\COMP9900\project\capstone-project-26t2-9900-t17a-almond\input_sources\cwe119\vulnerable\03_vulnerable_30.c,safe_source_substitution,winner-xfg,arith,30,1.0,,1,0,skipped,ran,,,,,,,,,,,,,C:\Users\weijt\Desktop\UNSW\COMP9900\project\capstone-project-26t2-9900-t17a-almond\outputs\run_20260723_code_cwe119_winner_xfg_round1\runs\baseline\03_vulnerable_30,,,no nested pointer dereference source found,
03_vulnerable_30,C:\Users\weijt\Desktop\UNSW\COMP9900\project\capstone-project-26t2-9900-t17a-almond\input_sources\cwe119\vulnerable\03_vulnerable_30.c,sink_bound_guard,winner-xfg,arith,30,1.0,32,1,1,generated,ran,False,1,1,1.0,1.0,0.0,579,591,12,1099,1128,29,C:\Users\weijt\Desktop\UNSW\COMP9900\project\capstone-project-26t2-9900-t17a-almond\outputs\run_20260723_code_cwe119_winner_xfg_round1\runs\baseline\03_vulnerable_30,C:\Users\weijt\Desktop\UNSW\COMP9900\project\capstone-project-26t2-9900-t17a-almond\outputs\run_20260723_code_cwe119_winner_xfg_round1\runs\perturbed\03_vulnerable_30__sink_bound_guard__c1,C:\Users\weijt\Desktop\UNSW\COMP9900\project\capstone-project-26t2-9900-t17a-almond\outputs\run_20260723_code_cwe119_winner_xfg_round1\sources\03_vulnerable_30__sink_bound_guard__c1.c,inserted 1 early-return bound guard(s) before sensitive sink calls nearest baseline winner-XFG key line 30,
03_vulnerable_30,C:\Users\weijt\Desktop\UNSW\COMP9900\project\capstone-project-26t2-9900-t17a-almond\input_sources\cwe119\vulnerable\03_vulnerable_30.c,sink_bound_guard,winner-xfg,arith,30,1.0,"32,75",2,2,generated,ran,False,1,1,1.0,1.0,0.0,579,603,24,1099,1157,58,C:\Users\weijt\Desktop\UNSW\COMP9900\project\capstone-project-26t2-9900-t17a-almond\outputs\run_20260723_code_cwe119_winner_xfg_round1\runs\baseline\03_vulnerable_30,C:\Users\weijt\Desktop\UNSW\COMP9900\project\capstone-project-26t2-9900-t17a-almond\outputs\run_20260723_code_cwe119_winner_xfg_round1\runs\perturbed\03_vulnerable_30__sink_bound_guard__c2,C:\Users\weijt\Desktop\UNSW\COMP9900\project\capstone-project-26t2-9900-t17a-almond\outputs\run_20260723_code_cwe119_winner_xfg_round1\sources\03_vulnerable_30__sink_bound_guard__c2.c,inserted 2 early-return bound guard(s) before sensitive sink calls nearest baseline winner-XFG key line 30,
03_vulnerable_30,C:\Users\weijt\Desktop\UNSW\COMP9900\project\capstone-project-26t2-9900-t17a-almond\input_sources\cwe119\vulnerable\03_vulnerable_30.c,sink_bound_guard,winner-xfg,arith,30,1.0,"32,75,109",3,3,generated,ran,False,1,1,1.0,1.0,0.0,579,615,36,1099,1186,87,C:\Users\weijt\Desktop\UNSW\COMP9900\project\capstone-project-26t2-9900-t17a-almond\outputs\run_20260723_code_cwe119_winner_xfg_round1\runs\baseline\03_vulnerable_30,C:\Users\weijt\Desktop\UNSW\COMP9900\project\capstone-project-26t2-9900-t17a-almond\outputs\run_20260723_code_cwe119_winner_xfg_round1\runs\perturbed\03_vulnerable_30__sink_bound_guard__c3,C:\Users\weijt\Desktop\UNSW\COMP9900\project\capstone-project-26t2-9900-t17a-almond\outputs\run_20260723_code_cwe119_winner_xfg_round1\sources\03_vulnerable_30__sink_bound_guard__c3.c,inserted 3 early-return bound guard(s) before sensitive sink calls nearest baseline winner-XFG key line 30,
03_vulnerable_30,C:\Users\weijt\Desktop\UNSW\COMP9900\project\capstone-project-26t2-9900-t17a-almond\input_sources\cwe119\vulnerable\03_vulnerable_30.c,sink_bound_guard,winner-xfg,arith,30,1.0,"32,75,109",5,3,partial,run_partial,False,1,1,1.0,1.0,0.0,579,615,36,1099,1186,87,C:\Users\weijt\Desktop\UNSW\COMP9900\project\capstone-project-26t2-9900-t17a-almond\outputs\run_20260723_code_cwe119_winner_xfg_round1\runs\baseline\03_vulnerable_30,C:\Users\weijt\Desktop\UNSW\COMP9900\project\capstone-project-26t2-9900-t17a-almond\outputs\run_20260723_code_cwe119_winner_xfg_round1\runs\perturbed\03_vulnerable_30__sink_bound_guard__c5,C:\Users\weijt\Desktop\UNSW\COMP9900\project\capstone-project-26t2-9900-t17a-almond\outputs\run_20260723_code_cwe119_winner_xfg_round1\sources\03_vulnerable_30__sink_bound_guard__c5.c,inserted 3 early-return bound guard(s) before sensitive sink calls nearest baseline winner-XFG key line 30,
03_vulnerable_30,C:\Users\weijt\Desktop\UNSW\COMP9900\project\capstone-project-26t2-9900-t17a-almond\input_sources\cwe119\vulnerable\03_vulnerable_30.c,postcondition_validation,winner-xfg,arith,30,1.0,,1,0,skipped,target_unavailable,,,,,,,,,,,,,C:\Users\weijt\Desktop\UNSW\COMP9900\project\capstone-project-26t2-9900-t17a-almond\outputs\run_20260723_code_cwe119_winner_xfg_round1\runs\baseline\03_vulnerable_30,,,action postcondition_validation has no winner-XFG-local implementation,action postcondition_validation has no winner-XFG-local implementation
03_vulnerable_30,C:\Users\weijt\Desktop\UNSW\COMP9900\project\capstone-project-26t2-9900-t17a-almond\input_sources\cwe119\vulnerable\03_vulnerable_30.c,integer_overflow_guard,winner-xfg,arith,30,1.0,,1,0,skipped,ran,,,,,,,,,,,,,C:\Users\weijt\Desktop\UNSW\COMP9900\project\capstone-project-26t2-9900-t17a-almond\outputs\run_20260723_code_cwe119_winner_xfg_round1\runs\baseline\03_vulnerable_30,,,no allocation size addition or multiplication expression found,
03_vulnerable_30,C:\Users\weijt\Desktop\UNSW\COMP9900\project\capstone-project-26t2-9900-t17a-almond\input_sources\cwe119\vulnerable\03_vulnerable_30.c,array_index_bound_guard,winner-xfg,arith,30,1.0,33,1,1,generated,ran,False,1,1,1.0,1.0,0.0,579,605,26,1099,1134,35,C:\Users\weijt\Desktop\UNSW\COMP9900\project\capstone-project-26t2-9900-t17a-almond\outputs\run_20260723_code_cwe119_winner_xfg_round1\runs\baseline\03_vulnerable_30,C:\Users\weijt\Desktop\UNSW\COMP9900\project\capstone-project-26t2-9900-t17a-almond\outputs\run_20260723_code_cwe119_winner_xfg_round1\runs\perturbed\03_vulnerable_30__array_index_bound_guard__c1,C:\Users\weijt\Desktop\UNSW\COMP9900\project\capstone-project-26t2-9900-t17a-almond\outputs\run_20260723_code_cwe119_winner_xfg_round1\sources\03_vulnerable_30__array_index_bound_guard__c1.c,wrapped 1 array write(s) with index lower/upper bound guards nearest baseline winner-XFG key line 30,
03_vulnerable_30,C:\Users\weijt\Desktop\UNSW\COMP9900\project\capstone-project-26t2-9900-t17a-almond\input_sources\cwe119\vulnerable\03_vulnerable_30.c,array_index_bound_guard,winner-xfg,arith,30,1.0,"33,46",2,2,generated,ran,False,1,1,1.0,1.0,0.0,579,627,48,1099,1170,71,C:\Users\weijt\Desktop\UNSW\COMP9900\project\capstone-project-26t2-9900-t17a-almond\outputs\run_20260723_code_cwe119_winner_xfg_round1\runs\baseline\03_vulnerable_30,C:\Users\weijt\Desktop\UNSW\COMP9900\project\capstone-project-26t2-9900-t17a-almond\outputs\run_20260723_code_cwe119_winner_xfg_round1\runs\perturbed\03_vulnerable_30__array_index_bound_guard__c2,C:\Users\weijt\Desktop\UNSW\COMP9900\project\capstone-project-26t2-9900-t17a-almond\outputs\run_20260723_code_cwe119_winner_xfg_round1\sources\03_vulnerable_30__array_index_bound_guard__c2.c,wrapped 2 array write(s) with index lower/upper bound guards nearest baseline winner-XFG key line 30,
03_vulnerable_30,C:\Users\weijt\Desktop\UNSW\COMP9900\project\capstone-project-26t2-9900-t17a-almond\input_sources\cwe119\vulnerable\03_vulnerable_30.c,array_index_bound_guard,winner-xfg,arith,30,1.0,"33,46,49",3,3,generated,ran,False,1,1,1.0,0.9999998807907104,-1.1920928955078125e-07,579,653,74,1099,1207,108,C:\Users\weijt\Desktop\UNSW\COMP9900\project\capstone-project-26t2-9900-t17a-almond\outputs\run_20260723_code_cwe119_winner_xfg_round1\runs\baseline\03_vulnerable_30,C:\Users\weijt\Desktop\UNSW\COMP9900\project\capstone-project-26t2-9900-t17a-almond\outputs\run_20260723_code_cwe119_winner_xfg_round1\runs\perturbed\03_vulnerable_30__array_index_bound_guard__c3,C:\Users\weijt\Desktop\UNSW\COMP9900\project\capstone-project-26t2-9900-t17a-almond\outputs\run_20260723_code_cwe119_winner_xfg_round1\sources\03_vulnerable_30__array_index_bound_guard__c3.c,wrapped 3 array write(s) with index lower/upper bound guards nearest baseline winner-XFG key line 30,
03_vulnerable_30,C:\Users\weijt\Desktop\UNSW\COMP9900\project\capstone-project-26t2-9900-t17a-almond\input_sources\cwe119\vulnerable\03_vulnerable_30.c,array_index_bound_guard,winner-xfg,arith,30,1.0,"33,46,49,76,89",5,5,generated,ran,False,1,1,1.0,0.9999998807907104,-1.1920928955078125e-07,579,701,122,1099,1278,179,C:\Users\weijt\Desktop\UNSW\COMP9900\project\capstone-project-26t2-9900-t17a-almond\outputs\run_20260723_code_cwe119_winner_xfg_round1\runs\baseline\03_vulnerable_30,C:\Users\weijt\Desktop\UNSW\COMP9900\project\capstone-project-26t2-9900-t17a-almond\outputs\run_20260723_code_cwe119_winner_xfg_round1\runs\perturbed\03_vulnerable_30__array_index_bound_guard__c5,C:\Users\weijt\Desktop\UNSW\COMP9900\project\capstone-project-26t2-9900-t17a-almond\outputs\run_20260723_code_cwe119_winner_xfg_round1\sources\03_vulnerable_30__array_index_bound_guard__c5.c,wrapped 5 array write(s) with index lower/upper bound guards nearest baseline winner-XFG key line 30,
03_vulnerable_30,C:\Users\weijt\Desktop\UNSW\COMP9900\project\capstone-project-26t2-9900-t17a-almond\input_sources\cwe119\vulnerable\03_vulnerable_30.c,wide_char_sink_guard,winner-xfg,arith,30,1.0,,1,0,skipped,ran,,,,,,,,,,,,,C:\Users\weijt\Desktop\UNSW\COMP9900\project\capstone-project-26t2-9900-t17a-almond\outputs\run_20260723_code_cwe119_winner_xfg_round1\runs\baseline\03_vulnerable_30,,,no wcscat/wcscpy wide-character sink found,
03_vulnerable_30,C:\Users\weijt\Desktop\UNSW\COMP9900\project\capstone-project-26t2-9900-t17a-almond\input_sources\cwe119\vulnerable\03_vulnerable_30.c,pattern_dead_code,winner-xfg,arith,30,1.0,30,1,1,generated,ran,False,1,1,1.0,1.0,0.0,579,634,55,1099,1200,101,C:\Users\weijt\Desktop\UNSW\COMP9900\project\capstone-project-26t2-9900-t17a-almond\outputs\run_20260723_code_cwe119_winner_xfg_round1\runs\baseline\03_vulnerable_30,C:\Users\weijt\Desktop\UNSW\COMP9900\project\capstone-project-26t2-9900-t17a-almond\outputs\run_20260723_code_cwe119_winner_xfg_round1\runs\perturbed\03_vulnerable_30__pattern_dead_code__c1,C:\Users\weijt\Desktop\UNSW\COMP9900\project\capstone-project-26t2-9900-t17a-almond\outputs\run_20260723_code_cwe119_winner_xfg_round1\sources\03_vulnerable_30__pattern_dead_code__c1.c,inserted 1 unreachable pointer/array/length pattern block(s) near sensitive or structural lines nearest baseline winner-XFG key line 30,
03_vulnerable_30,C:\Users\weijt\Desktop\UNSW\COMP9900\project\capstone-project-26t2-9900-t17a-almond\input_sources\cwe119\vulnerable\03_vulnerable_30.c,pattern_dead_code,winner-xfg,arith,30,1.0,"30,32",2,2,generated,ran,False,1,1,1.0,1.0,0.0,579,689,110,1099,1301,202,C:\Users\weijt\Desktop\UNSW\COMP9900\project\capstone-project-26t2-9900-t17a-almond\outputs\run_20260723_code_cwe119_winner_xfg_round1\runs\baseline\03_vulnerable_30,C:\Users\weijt\Desktop\UNSW\COMP9900\project\capstone-project-26t2-9900-t17a-almond\outputs\run_20260723_code_cwe119_winner_xfg_round1\runs\perturbed\03_vulnerable_30__pattern_dead_code__c2,C:\Users\weijt\Desktop\UNSW\COMP9900\project\capstone-project-26t2-9900-t17a-almond\outputs\run_20260723_code_cwe119_winner_xfg_round1\sources\03_vulnerable_30__pattern_dead_code__c2.c,inserted 2 unreachable pointer/array/length pattern block(s) near sensitive or structural lines nearest baseline winner-XFG key line 30,
03_vulnerable_30,C:\Users\weijt\Desktop\UNSW\COMP9900\project\capstone-project-26t2-9900-t17a-almond\input_sources\cwe119\vulnerable\03_vulnerable_30.c,pattern_dead_code,winner-xfg,arith,30,1.0,"30,32,33",3,3,generated,ran,False,1,1,1.0,1.0,0.0,579,744,165,1099,1402,303,C:\Users\weijt\Desktop\UNSW\COMP9900\project\capstone-project-26t2-9900-t17a-almond\outputs\run_20260723_code_cwe119_winner_xfg_round1\runs\baseline\03_vulnerable_30,C:\Users\weijt\Desktop\UNSW\COMP9900\project\capstone-project-26t2-9900-t17a-almond\outputs\run_20260723_code_cwe119_winner_xfg_round1\runs\perturbed\03_vulnerable_30__pattern_dead_code__c3,C:\Users\weijt\Desktop\UNSW\COMP9900\project\capstone-project-26t2-9900-t17a-almond\outputs\run_20260723_code_cwe119_winner_xfg_round1\sources\03_vulnerable_30__pattern_dead_code__c3.c,inserted 3 unreachable pointer/array/length pattern block(s) near sensitive or structural lines nearest baseline winner-XFG key line 30,
03_vulnerable_30,C:\Users\weijt\Desktop\UNSW\COMP9900\project\capstone-project-26t2-9900-t17a-almond\input_sources\cwe119\vulnerable\03_vulnerable_30.c,pattern_dead_code,winner-xfg,arith,30,1.0,"30,32,33,25,40",5,5,generated,ran,False,1,1,1.0,1.0,0.0,579,854,275,1099,1604,505,C:\Users\weijt\Desktop\UNSW\COMP9900\project\capstone-project-26t2-9900-t17a-almond\outputs\run_20260723_code_cwe119_winner_xfg_round1\runs\baseline\03_vulnerable_30,C:\Users\weijt\Desktop\UNSW\COMP9900\project\capstone-project-26t2-9900-t17a-almond\outputs\run_20260723_code_cwe119_winner_xfg_round1\runs\perturbed\03_vulnerable_30__pattern_dead_code__c5,C:\Users\weijt\Desktop\UNSW\COMP9900\project\capstone-project-26t2-9900-t17a-almond\outputs\run_20260723_code_cwe119_winner_xfg_round1\sources\03_vulnerable_30__pattern_dead_code__c5.c,inserted 5 unreachable pointer/array/length pattern block(s) near sensitive or structural lines nearest baseline winner-XFG key line 30,
03_vulnerable_30,C:\Users\weijt\Desktop\UNSW\COMP9900\project\capstone-project-26t2-9900-t17a-almond\input_sources\cwe119\vulnerable\03_vulnerable_30.c,control_wrapper,winner-xfg,arith,30,1.0,32,1,1,generated,ran,False,1,1,1.0,1.0,0.0,579,583,4,1099,1108,9,C:\Users\weijt\Desktop\UNSW\COMP9900\project\capstone-project-26t2-9900-t17a-almond\outputs\run_20260723_code_cwe119_winner_xfg_round1\runs\baseline\03_vulnerable_30,C:\Users\weijt\Desktop\UNSW\COMP9900\project\capstone-project-26t2-9900-t17a-almond\outputs\run_20260723_code_cwe119_winner_xfg_round1\runs\perturbed\03_vulnerable_30__control_wrapper__c1,C:\Users\weijt\Desktop\UNSW\COMP9900\project\capstone-project-26t2-9900-t17a-almond\outputs\run_20260723_code_cwe119_winner_xfg_round1\sources\03_vulnerable_30__control_wrapper__c1.c,wrapped 1 safe single-line statement(s) with if (1) blocks nearest baseline winner-XFG key line 30,
03_vulnerable_30,C:\Users\weijt\Desktop\UNSW\COMP9900\project\capstone-project-26t2-9900-t17a-almond\input_sources\cwe119\vulnerable\03_vulnerable_30.c,control_wrapper,winner-xfg,arith,30,1.0,"32,33",2,2,generated,ran,False,1,1,1.0,1.0,0.0,579,587,8,1099,1117,18,C:\Users\weijt\Desktop\UNSW\COMP9900\project\capstone-project-26t2-9900-t17a-almond\outputs\run_20260723_code_cwe119_winner_xfg_round1\runs\baseline\03_vulnerable_30,C:\Users\weijt\Desktop\UNSW\COMP9900\project\capstone-project-26t2-9900-t17a-almond\outputs\run_20260723_code_cwe119_winner_xfg_round1\runs\perturbed\03_vulnerable_30__control_wrapper__c2,C:\Users\weijt\Desktop\UNSW\COMP9900\project\capstone-project-26t2-9900-t17a-almond\outputs\run_20260723_code_cwe119_winner_xfg_round1\sources\03_vulnerable_30__control_wrapper__c2.c,wrapped 2 safe single-line statement(s) with if (1) blocks nearest baseline winner-XFG key line 30,
03_vulnerable_30,C:\Users\weijt\Desktop\UNSW\COMP9900\project\capstone-project-26t2-9900-t17a-almond\input_sources\cwe119\vulnerable\03_vulnerable_30.c,control_wrapper,winner-xfg,arith,30,1.0,"32,33,26",3,3,generated,ran,False,1,1,1.0,1.0,0.0,579,591,12,1099,1129,30,C:\Users\weijt\Desktop\UNSW\COMP9900\project\capstone-project-26t2-9900-t17a-almond\outputs\run_20260723_code_cwe119_winner_xfg_round1\runs\baseline\03_vulnerable_30,C:\Users\weijt\Desktop\UNSW\COMP9900\project\capstone-project-26t2-9900-t17a-almond\outputs\run_20260723_code_cwe119_winner_xfg_round1\runs\perturbed\03_vulnerable_30__control_wrapper__c3,C:\Users\weijt\Desktop\UNSW\COMP9900\project\capstone-project-26t2-9900-t17a-almond\outputs\run_20260723_code_cwe119_winner_xfg_round1\sources\03_vulnerable_30__control_wrapper__c3.c,wrapped 3 safe single-line statement(s) with if (1) blocks nearest baseline winner-XFG key line 30,
03_vulnerable_30,C:\Users\weijt\Desktop\UNSW\COMP9900\project\capstone-project-26t2-9900-t17a-almond\input_sources\cwe119\vulnerable\03_vulnerable_30.c,control_wrapper,winner-xfg,arith,30,1.0,"32,33,26,35,46",5,5,generated,ran,False,1,1,1.0,1.0,0.0,579,599,20,1099,1147,48,C:\Users\weijt\Desktop\UNSW\COMP9900\project\capstone-project-26t2-9900-t17a-almond\outputs\run_20260723_code_cwe119_winner_xfg_round1\runs\baseline\03_vulnerable_30,C:\Users\weijt\Desktop\UNSW\COMP9900\project\capstone-project-26t2-9900-t17a-almond\outputs\run_20260723_code_cwe119_winner_xfg_round1\runs\perturbed\03_vulnerable_30__control_wrapper__c5,C:\Users\weijt\Desktop\UNSW\COMP9900\project\capstone-project-26t2-9900-t17a-almond\outputs\run_20260723_code_cwe119_winner_xfg_round1\sources\03_vulnerable_30__control_wrapper__c5.c,wrapped 5 safe single-line statement(s) with if (1) blocks nearest baseline winner-XFG key line 30,
03_vulnerable_30,C:\Users\weijt\Desktop\UNSW\COMP9900\project\capstone-project-26t2-9900-t17a-almond\input_sources\cwe119\vulnerable\03_vulnerable_30.c,temp_variable_split,winner-xfg,arith,30,1.0,26,1,1,generated,ran,False,1,1,1.0,1.0,0.0,579,587,8,1099,1118,19,C:\Users\weijt\Desktop\UNSW\COMP9900\project\capstone-project-26t2-9900-t17a-almond\outputs\run_20260723_code_cwe119_winner_xfg_round1\runs\baseline\03_vulnerable_30,C:\Users\weijt\Desktop\UNSW\COMP9900\project\capstone-project-26t2-9900-t17a-almond\outputs\run_20260723_code_cwe119_winner_xfg_round1\runs\perturbed\03_vulnerable_30__temp_variable_split__c1,C:\Users\weijt\Desktop\UNSW\COMP9900\project\capstone-project-26t2-9900-t17a-almond\outputs\run_20260723_code_cwe119_winner_xfg_round1\sources\03_vulnerable_30__temp_variable_split__c1.c,split 1 simple assignment(s) through temporary integer variables nearest baseline winner-XFG key line 30,
03_vulnerable_30,C:\Users\weijt\Desktop\UNSW\COMP9900\project\capstone-project-26t2-9900-t17a-almond\input_sources\cwe119\vulnerable\03_vulnerable_30.c,temp_variable_split,winner-xfg,arith,30,1.0,"26,64",2,2,generated,ran,False,1,1,1.0,1.0,0.0,579,595,16,1099,1137,38,C:\Users\weijt\Desktop\UNSW\COMP9900\project\capstone-project-26t2-9900-t17a-almond\outputs\run_20260723_code_cwe119_winner_xfg_round1\runs\baseline\03_vulnerable_30,C:\Users\weijt\Desktop\UNSW\COMP9900\project\capstone-project-26t2-9900-t17a-almond\outputs\run_20260723_code_cwe119_winner_xfg_round1\runs\perturbed\03_vulnerable_30__temp_variable_split__c2,C:\Users\weijt\Desktop\UNSW\COMP9900\project\capstone-project-26t2-9900-t17a-almond\outputs\run_20260723_code_cwe119_winner_xfg_round1\sources\03_vulnerable_30__temp_variable_split__c2.c,split 2 simple assignment(s) through temporary integer variables nearest baseline winner-XFG key line 30,
03_vulnerable_30,C:\Users\weijt\Desktop\UNSW\COMP9900\project\capstone-project-26t2-9900-t17a-almond\input_sources\cwe119\vulnerable\03_vulnerable_30.c,temp_variable_split,winner-xfg,arith,30,1.0,"26,64,78",3,3,generated,ran,False,1,1,1.0,1.0,0.0,579,603,24,1099,1155,56,C:\Users\weijt\Desktop\UNSW\COMP9900\project\capstone-project-26t2-9900-t17a-almond\outputs\run_20260723_code_cwe119_winner_xfg_round1\runs\baseline\03_vulnerable_30,C:\Users\weijt\Desktop\UNSW\COMP9900\project\capstone-project-26t2-9900-t17a-almond\outputs\run_20260723_code_cwe119_winner_xfg_round1\runs\perturbed\03_vulnerable_30__temp_variable_split__c3,C:\Users\weijt\Desktop\UNSW\COMP9900\project\capstone-project-26t2-9900-t17a-almond\outputs\run_20260723_code_cwe119_winner_xfg_round1\sources\03_vulnerable_30__temp_variable_split__c3.c,split 3 simple assignment(s) through temporary integer variables nearest baseline winner-XFG key line 30,
03_vulnerable_30,C:\Users\weijt\Desktop\UNSW\COMP9900\project\capstone-project-26t2-9900-t17a-almond\input_sources\cwe119\vulnerable\03_vulnerable_30.c,temp_variable_split,winner-xfg,arith,30,1.0,"26,64,78,103,112",5,5,generated,ran,False,1,1,1.0,1.0,0.0,579,619,40,1099,1192,93,C:\Users\weijt\Desktop\UNSW\COMP9900\project\capstone-project-26t2-9900-t17a-almond\outputs\run_20260723_code_cwe119_winner_xfg_round1\runs\baseline\03_vulnerable_30,C:\Users\weijt\Desktop\UNSW\COMP9900\project\capstone-project-26t2-9900-t17a-almond\outputs\run_20260723_code_cwe119_winner_xfg_round1\runs\perturbed\03_vulnerable_30__temp_variable_split__c5,C:\Users\weijt\Desktop\UNSW\COMP9900\project\capstone-project-26t2-9900-t17a-almond\outputs\run_20260723_code_cwe119_winner_xfg_round1\sources\03_vulnerable_30__temp_variable_split__c5.c,split 5 simple assignment(s) through temporary integer variables nearest baseline winner-XFG key line 30,
04_vulnerable_55,C:\Users\weijt\Desktop\UNSW\COMP9900\project\capstone-project-26t2-9900-t17a-almond\input_sources\cwe119\vulnerable\04_vulnerable_55.c,data_flow_alias,winner-xfg,array,61,0.997986912727356,61,1,1,generated,ran,False,1,1,0.997986912727356,0.9987426400184631,0.0007557272911071777,61,83,22,112,154,42,C:\Users\weijt\Desktop\UNSW\COMP9900\project\capstone-project-26t2-9900-t17a-almond\outputs\run_20260723_code_cwe119_winner_xfg_round1\runs\baseline\04_vulnerable_55,C:\Users\weijt\Desktop\UNSW\COMP9900\project\capstone-project-26t2-9900-t17a-almond\outputs\run_20260723_code_cwe119_winner_xfg_round1\runs\perturbed\04_vulnerable_55__data_flow_alias__c1,C:\Users\weijt\Desktop\UNSW\COMP9900\project\capstone-project-26t2-9900-t17a-almond\outputs\run_20260723_code_cwe119_winner_xfg_round1\sources\04_vulnerable_55__data_flow_alias__c1.c,inserted 1 alias-preserving data-flow no-op(s) near call arguments nearest baseline winner-XFG key line 61,
04_vulnerable_55,C:\Users\weijt\Desktop\UNSW\COMP9900\project\capstone-project-26t2-9900-t17a-almond\input_sources\cwe119\vulnerable\04_vulnerable_55.c,data_flow_alias,winner-xfg,array,61,0.997986912727356,"61,55",2,2,generated,ran,False,1,1,0.997986912727356,0.9987426400184631,0.0007557272911071777,61,105,44,112,196,84,C:\Users\weijt\Desktop\UNSW\COMP9900\project\capstone-project-26t2-9900-t17a-almond\outputs\run_20260723_code_cwe119_winner_xfg_round1\runs\baseline\04_vulnerable_55,C:\Users\weijt\Desktop\UNSW\COMP9900\project\capstone-project-26t2-9900-t17a-almond\outputs\run_20260723_code_cwe119_winner_xfg_round1\runs\perturbed\04_vulnerable_55__data_flow_alias__c2,C:\Users\weijt\Desktop\UNSW\COMP9900\project\capstone-project-26t2-9900-t17a-almond\outputs\run_20260723_code_cwe119_winner_xfg_round1\sources\04_vulnerable_55__data_flow_alias__c2.c,inserted 2 alias-preserving data-flow no-op(s) near call arguments nearest baseline winner-XFG key line 61,
04_vulnerable_55,C:\Users\weijt\Desktop\UNSW\COMP9900\project\capstone-project-26t2-9900-t17a-almond\input_sources\cwe119\vulnerable\04_vulnerable_55.c,data_flow_alias,winner-xfg,array,61,0.997986912727356,"61,55",3,2,partial,run_partial,False,1,1,0.997986912727356,0.9987426400184631,0.0007557272911071777,61,105,44,112,196,84,C:\Users\weijt\Desktop\UNSW\COMP9900\project\capstone-project-26t2-9900-t17a-almond\outputs\run_20260723_code_cwe119_winner_xfg_round1\runs\baseline\04_vulnerable_55,C:\Users\weijt\Desktop\UNSW\COMP9900\project\capstone-project-26t2-9900-t17a-almond\outputs\run_20260723_code_cwe119_winner_xfg_round1\runs\perturbed\04_vulnerable_55__data_flow_alias__c3,C:\Users\weijt\Desktop\UNSW\COMP9900\project\capstone-project-26t2-9900-t17a-almond\outputs\run_20260723_code_cwe119_winner_xfg_round1\sources\04_vulnerable_55__data_flow_alias__c3.c,inserted 2 alias-preserving data-flow no-op(s) near call arguments nearest baseline winner-XFG key line 61,
04_vulnerable_55,C:\Users\weijt\Desktop\UNSW\COMP9900\project\capstone-project-26t2-9900-t17a-almond\input_sources\cwe119\vulnerable\04_vulnerable_55.c,dead_statement,winner-xfg,array,61,0.997986912727356,61,1,1,generated,ran,False,1,1,0.997986912727356,0.9989375472068787,0.0009506344795227051,61,73,12,112,139,27,C:\Users\weijt\Desktop\UNSW\COMP9900\project\capstone-project-26t2-9900-t17a-almond\outputs\run_20260723_code_cwe119_winner_xfg_round1\runs\baseline\04_vulnerable_55,C:\Users\weijt\Desktop\UNSW\COMP9900\project\capstone-project-26t2-9900-t17a-almond\outputs\run_20260723_code_cwe119_winner_xfg_round1\runs\perturbed\04_vulnerable_55__dead_statement__c1,C:\Users\weijt\Desktop\UNSW\COMP9900\project\capstone-project-26t2-9900-t17a-almond\outputs\run_20260723_code_cwe119_winner_xfg_round1\sources\04_vulnerable_55__dead_statement__c1.c,inserted 1 harmless dummy integer statement pair(s) nearest baseline winner-XFG key line 61,
04_vulnerable_55,C:\Users\weijt\Desktop\UNSW\COMP9900\project\capstone-project-26t2-9900-t17a-almond\input_sources\cwe119\vulnerable\04_vulnerable_55.c,dead_statement,winner-xfg,array,61,0.997986912727356,61,2,2,generated,ran,False,1,1,0.997986912727356,0.997986912727356,0.0,61,85,24,112,166,54,C:\Users\weijt\Desktop\UNSW\COMP9900\project\capstone-project-26t2-9900-t17a-almond\outputs\run_20260723_code_cwe119_winner_xfg_round1\runs\baseline\04_vulnerable_55,C:\Users\weijt\Desktop\UNSW\COMP9900\project\capstone-project-26t2-9900-t17a-almond\outputs\run_20260723_code_cwe119_winner_xfg_round1\runs\perturbed\04_vulnerable_55__dead_statement__c2,C:\Users\weijt\Desktop\UNSW\COMP9900\project\capstone-project-26t2-9900-t17a-almond\outputs\run_20260723_code_cwe119_winner_xfg_round1\sources\04_vulnerable_55__dead_statement__c2.c,inserted 2 harmless dummy integer statement pair(s) nearest baseline winner-XFG key line 61,
04_vulnerable_55,C:\Users\weijt\Desktop\UNSW\COMP9900\project\capstone-project-26t2-9900-t17a-almond\input_sources\cwe119\vulnerable\04_vulnerable_55.c,dead_statement,winner-xfg,array,61,0.997986912727356,61,3,3,generated,ran,False,1,1,0.997986912727356,0.997986912727356,0.0,61,97,36,112,193,81,C:\Users\weijt\Desktop\UNSW\COMP9900\project\capstone-project-26t2-9900-t17a-almond\outputs\run_20260723_code_cwe119_winner_xfg_round1\runs\baseline\04_vulnerable_55,C:\Users\weijt\Desktop\UNSW\COMP9900\project\capstone-project-26t2-9900-t17a-almond\outputs\run_20260723_code_cwe119_winner_xfg_round1\runs\perturbed\04_vulnerable_55__dead_statement__c3,C:\Users\weijt\Desktop\UNSW\COMP9900\project\capstone-project-26t2-9900-t17a-almond\outputs\run_20260723_code_cwe119_winner_xfg_round1\sources\04_vulnerable_55__dead_statement__c3.c,inserted 3 harmless dummy integer statement pair(s) nearest baseline winner-XFG key line 61,
04_vulnerable_55,C:\Users\weijt\Desktop\UNSW\COMP9900\project\capstone-project-26t2-9900-t17a-almond\input_sources\cwe119\vulnerable\04_vulnerable_55.c,dead_statement,winner-xfg,array,61,0.997986912727356,61,5,5,generated,ran,False,1,1,0.997986912727356,0.997986912727356,0.0,61,121,60,112,247,135,C:\Users\weijt\Desktop\UNSW\COMP9900\project\capstone-project-26t2-9900-t17a-almond\outputs\run_20260723_code_cwe119_winner_xfg_round1\runs\baseline\04_vulnerable_55,C:\Users\weijt\Desktop\UNSW\COMP9900\project\capstone-project-26t2-9900-t17a-almond\outputs\run_20260723_code_cwe119_winner_xfg_round1\runs\perturbed\04_vulnerable_55__dead_statement__c5,C:\Users\weijt\Desktop\UNSW\COMP9900\project\capstone-project-26t2-9900-t17a-almond\outputs\run_20260723_code_cwe119_winner_xfg_round1\sources\04_vulnerable_55__dead_statement__c5.c,inserted 5 harmless dummy integer statement pair(s) nearest baseline winner-XFG key line 61,
04_vulnerable_55,C:\Users\weijt\Desktop\UNSW\COMP9900\project\capstone-project-26t2-9900-t17a-almond\input_sources\cwe119\vulnerable\04_vulnerable_55.c,xfg_targeted_dead_code,winner-xfg,array,61,0.997986912727356,61,1,1,generated,ran,False,1,1,0.997986912727356,0.997986912727356,0.0,61,77,16,112,148,36,C:\Users\weijt\Desktop\UNSW\COMP9900\project\capstone-project-26t2-9900-t17a-almond\outputs\run_20260723_code_cwe119_winner_xfg_round1\runs\baseline\04_vulnerable_55,C:\Users\weijt\Desktop\UNSW\COMP9900\project\capstone-project-26t2-9900-t17a-almond\outputs\run_20260723_code_cwe119_winner_xfg_round1\runs\perturbed\04_vulnerable_55__xfg_targeted_dead_code__c1,C:\Users\weijt\Desktop\UNSW\COMP9900\project\capstone-project-26t2-9900-t17a-almond\outputs\run_20260723_code_cwe119_winner_xfg_round1\sources\04_vulnerable_55__xfg_targeted_dead_code__c1.c,inserted 1 unreachable no-op block(s) near XFG-relevant target lines nearest baseline winner-XFG key line 61,
04_vulnerable_55,C:\Users\weijt\Desktop\UNSW\COMP9900\project\capstone-project-26t2-9900-t17a-almond\input_sources\cwe119\vulnerable\04_vulnerable_55.c,xfg_targeted_dead_code,winner-xfg,array,61,0.997986912727356,"61,55",2,2,generated,ran,False,1,1,0.997986912727356,0.997986912727356,0.0,61,93,32,112,184,72,C:\Users\weijt\Desktop\UNSW\COMP9900\project\capstone-project-26t2-9900-t17a-almond\outputs\run_20260723_code_cwe119_winner_xfg_round1\runs\baseline\04_vulnerable_55,C:\Users\weijt\Desktop\UNSW\COMP9900\project\capstone-project-26t2-9900-t17a-almond\outputs\run_20260723_code_cwe119_winner_xfg_round1\runs\perturbed\04_vulnerable_55__xfg_targeted_dead_code__c2,C:\Users\weijt\Desktop\UNSW\COMP9900\project\capstone-project-26t2-9900-t17a-almond\outputs\run_20260723_code_cwe119_winner_xfg_round1\sources\04_vulnerable_55__xfg_targeted_dead_code__c2.c,inserted 2 unreachable no-op block(s) near XFG-relevant target lines nearest baseline winner-XFG key line 61,
04_vulnerable_55,C:\Users\weijt\Desktop\UNSW\COMP9900\project\capstone-project-26t2-9900-t17a-almond\input_sources\cwe119\vulnerable\04_vulnerable_55.c,xfg_targeted_dead_code,winner-xfg,array,61,0.997986912727356,"61,55,53",3,3,generated,ran,False,1,1,0.997986912727356,0.997986912727356,0.0,61,109,48,112,220,108,C:\Users\weijt\Desktop\UNSW\COMP9900\project\capstone-project-26t2-9900-t17a-almond\outputs\run_20260723_code_cwe119_winner_xfg_round1\runs\baseline\04_vulnerable_55,C:\Users\weijt\Desktop\UNSW\COMP9900\project\capstone-project-26t2-9900-t17a-almond\outputs\run_20260723_code_cwe119_winner_xfg_round1\runs\perturbed\04_vulnerable_55__xfg_targeted_dead_code__c3,C:\Users\weijt\Desktop\UNSW\COMP9900\project\capstone-project-26t2-9900-t17a-almond\outputs\run_20260723_code_cwe119_winner_xfg_round1\sources\04_vulnerable_55__xfg_targeted_dead_code__c3.c,inserted 3 unreachable no-op block(s) near XFG-relevant target lines nearest baseline winner-XFG key line 61,
04_vulnerable_55,C:\Users\weijt\Desktop\UNSW\COMP9900\project\capstone-project-26t2-9900-t17a-almond\input_sources\cwe119\vulnerable\04_vulnerable_55.c,xfg_targeted_dead_code,winner-xfg,array,61,0.997986912727356,"61,55,53",5,3,partial,run_partial,False,1,1,0.997986912727356,0.997986912727356,0.0,61,109,48,112,220,108,C:\Users\weijt\Desktop\UNSW\COMP9900\project\capstone-project-26t2-9900-t17a-almond\outputs\run_20260723_code_cwe119_winner_xfg_round1\runs\baseline\04_vulnerable_55,C:\Users\weijt\Desktop\UNSW\COMP9900\project\capstone-project-26t2-9900-t17a-almond\outputs\run_20260723_code_cwe119_winner_xfg_round1\runs\perturbed\04_vulnerable_55__xfg_targeted_dead_code__c5,C:\Users\weijt\Desktop\UNSW\COMP9900\project\capstone-project-26t2-9900-t17a-almond\outputs\run_20260723_code_cwe119_winner_xfg_round1\sources\04_vulnerable_55__xfg_targeted_dead_code__c5.c,inserted 3 unreachable no-op block(s) near XFG-relevant target lines nearest baseline winner-XFG key line 61,
04_vulnerable_55,C:\Users\weijt\Desktop\UNSW\COMP9900\project\capstone-project-26t2-9900-t17a-almond\input_sources\cwe119\vulnerable\04_vulnerable_55.c,range_clamp,winner-xfg,array,61,0.997986912727356,,1,0,skipped,ran,,,,,,,,,,,,,C:\Users\weijt\Desktop\UNSW\COMP9900\project\capstone-project-26t2-9900-t17a-almond\outputs\run_20260723_code_cwe119_winner_xfg_round1\runs\baseline\04_vulnerable_55,,,no sensitive call with a clampable size/count argument found,
04_vulnerable_55,C:\Users\weijt\Desktop\UNSW\COMP9900\project\capstone-project-26t2-9900-t17a-almond\input_sources\cwe119\vulnerable\04_vulnerable_55.c,safe_source_substitution,winner-xfg,array,61,0.997986912727356,,1,0,skipped,ran,,,,,,,,,,,,,C:\Users\weijt\Desktop\UNSW\COMP9900\project\capstone-project-26t2-9900-t17a-almond\outputs\run_20260723_code_cwe119_winner_xfg_round1\runs\baseline\04_vulnerable_55,,,no nested pointer dereference source found,
04_vulnerable_55,C:\Users\weijt\Desktop\UNSW\COMP9900\project\capstone-project-26t2-9900-t17a-almond\input_sources\cwe119\vulnerable\04_vulnerable_55.c,sink_bound_guard,winner-xfg,array,61,0.997986912727356,,1,0,skipped,ran,,,,,,,,,,,,,C:\Users\weijt\Desktop\UNSW\COMP9900\project\capstone-project-26t2-9900-t17a-almond\outputs\run_20260723_code_cwe119_winner_xfg_round1\runs\baseline\04_vulnerable_55,,,no sensitive sink call found for bound guard insertion,
04_vulnerable_55,C:\Users\weijt\Desktop\UNSW\COMP9900\project\capstone-project-26t2-9900-t17a-almond\input_sources\cwe119\vulnerable\04_vulnerable_55.c,postcondition_validation,winner-xfg,array,61,0.997986912727356,,1,0,skipped,target_unavailable,,,,,,,,,,,,,C:\Users\weijt\Desktop\UNSW\COMP9900\project\capstone-project-26t2-9900-t17a-almond\outputs\run_20260723_code_cwe119_winner_xfg_round1\runs\baseline\04_vulnerable_55,,,action postcondition_validation has no winner-XFG-local implementation,action postcondition_validation has no winner-XFG-local implementation
04_vulnerable_55,C:\Users\weijt\Desktop\UNSW\COMP9900\project\capstone-project-26t2-9900-t17a-almond\input_sources\cwe119\vulnerable\04_vulnerable_55.c,integer_overflow_guard,winner-xfg,array,61,0.997986912727356,,1,0,skipped,ran,,,,,,,,,,,,,C:\Users\weijt\Desktop\UNSW\COMP9900\project\capstone-project-26t2-9900-t17a-almond\outputs\run_20260723_code_cwe119_winner_xfg_round1\runs\baseline\04_vulnerable_55,,,no allocation size addition or multiplication expression found,
04_vulnerable_55,C:\Users\weijt\Desktop\UNSW\COMP9900\project\capstone-project-26t2-9900-t17a-almond\input_sources\cwe119\vulnerable\04_vulnerable_55.c,array_index_bound_guard,winner-xfg,array,61,0.997986912727356,61,1,1,generated,ran,False,1,1,0.997986912727356,1.0,0.002013087272644043,61,97,36,112,165,53,C:\Users\weijt\Desktop\UNSW\COMP9900\project\capstone-project-26t2-9900-t17a-almond\outputs\run_20260723_code_cwe119_winner_xfg_round1\runs\baseline\04_vulnerable_55,C:\Users\weijt\Desktop\UNSW\COMP9900\project\capstone-project-26t2-9900-t17a-almond\outputs\run_20260723_code_cwe119_winner_xfg_round1\runs\perturbed\04_vulnerable_55__array_index_bound_guard__c1,C:\Users\weijt\Desktop\UNSW\COMP9900\project\capstone-project-26t2-9900-t17a-almond\outputs\run_20260723_code_cwe119_winner_xfg_round1\sources\04_vulnerable_55__array_index_bound_guard__c1.c,wrapped 1 array write(s) with index lower/upper bound guards nearest baseline winner-XFG key line 61,
04_vulnerable_55,C:\Users\weijt\Desktop\UNSW\COMP9900\project\capstone-project-26t2-9900-t17a-almond\input_sources\cwe119\vulnerable\04_vulnerable_55.c,array_index_bound_guard,winner-xfg,array,61,0.997986912727356,61,2,1,partial,run_partial,False,1,1,0.997986912727356,1.0,0.002013087272644043,61,97,36,112,165,53,C:\Users\weijt\Desktop\UNSW\COMP9900\project\capstone-project-26t2-9900-t17a-almond\outputs\run_20260723_code_cwe119_winner_xfg_round1\runs\baseline\04_vulnerable_55,C:\Users\weijt\Desktop\UNSW\COMP9900\project\capstone-project-26t2-9900-t17a-almond\outputs\run_20260723_code_cwe119_winner_xfg_round1\runs\perturbed\04_vulnerable_55__array_index_bound_guard__c2,C:\Users\weijt\Desktop\UNSW\COMP9900\project\capstone-project-26t2-9900-t17a-almond\outputs\run_20260723_code_cwe119_winner_xfg_round1\sources\04_vulnerable_55__array_index_bound_guard__c2.c,wrapped 1 array write(s) with index lower/upper bound guards nearest baseline winner-XFG key line 61,
04_vulnerable_55,C:\Users\weijt\Desktop\UNSW\COMP9900\project\capstone-project-26t2-9900-t17a-almond\input_sources\cwe119\vulnerable\04_vulnerable_55.c,wide_char_sink_guard,winner-xfg,array,61,0.997986912727356,,1,0,skipped,ran,,,,,,,,,,,,,C:\Users\weijt\Desktop\UNSW\COMP9900\project\capstone-project-26t2-9900-t17a-almond\outputs\run_20260723_code_cwe119_winner_xfg_round1\runs\baseline\04_vulnerable_55,,,no wcscat/wcscpy wide-character sink found,
04_vulnerable_55,C:\Users\weijt\Desktop\UNSW\COMP9900\project\capstone-project-26t2-9900-t17a-almond\input_sources\cwe119\vulnerable\04_vulnerable_55.c,pattern_dead_code,winner-xfg,array,61,0.997986912727356,61,1,1,generated,ran,False,1,1,0.997986912727356,0.997986912727356,0.0,61,116,55,112,213,101,C:\Users\weijt\Desktop\UNSW\COMP9900\project\capstone-project-26t2-9900-t17a-almond\outputs\run_20260723_code_cwe119_winner_xfg_round1\runs\baseline\04_vulnerable_55,C:\Users\weijt\Desktop\UNSW\COMP9900\project\capstone-project-26t2-9900-t17a-almond\outputs\run_20260723_code_cwe119_winner_xfg_round1\runs\perturbed\04_vulnerable_55__pattern_dead_code__c1,C:\Users\weijt\Desktop\UNSW\COMP9900\project\capstone-project-26t2-9900-t17a-almond\outputs\run_20260723_code_cwe119_winner_xfg_round1\sources\04_vulnerable_55__pattern_dead_code__c1.c,inserted 1 unreachable pointer/array/length pattern block(s) near sensitive or structural lines nearest baseline winner-XFG key line 61,
04_vulnerable_55,C:\Users\weijt\Desktop\UNSW\COMP9900\project\capstone-project-26t2-9900-t17a-almond\input_sources\cwe119\vulnerable\04_vulnerable_55.c,pattern_dead_code,winner-xfg,array,61,0.997986912727356,"61,55",2,2,generated,ran,False,1,1,0.997986912727356,0.997986912727356,0.0,61,171,110,112,314,202,C:\Users\weijt\Desktop\UNSW\COMP9900\project\capstone-project-26t2-9900-t17a-almond\outputs\run_20260723_code_cwe119_winner_xfg_round1\runs\baseline\04_vulnerable_55,C:\Users\weijt\Desktop\UNSW\COMP9900\project\capstone-project-26t2-9900-t17a-almond\outputs\run_20260723_code_cwe119_winner_xfg_round1\runs\perturbed\04_vulnerable_55__pattern_dead_code__c2,C:\Users\weijt\Desktop\UNSW\COMP9900\project\capstone-project-26t2-9900-t17a-almond\outputs\run_20260723_code_cwe119_winner_xfg_round1\sources\04_vulnerable_55__pattern_dead_code__c2.c,inserted 2 unreachable pointer/array/length pattern block(s) near sensitive or structural lines nearest baseline winner-XFG key line 61,
04_vulnerable_55,C:\Users\weijt\Desktop\UNSW\COMP9900\project\capstone-project-26t2-9900-t17a-almond\input_sources\cwe119\vulnerable\04_vulnerable_55.c,pattern_dead_code,winner-xfg,array,61,0.997986912727356,"61,55,53",3,3,generated,ran,False,1,1,0.997986912727356,0.997986912727356,0.0,61,226,165,112,415,303,C:\Users\weijt\Desktop\UNSW\COMP9900\project\capstone-project-26t2-9900-t17a-almond\outputs\run_20260723_code_cwe119_winner_xfg_round1\runs\baseline\04_vulnerable_55,C:\Users\weijt\Desktop\UNSW\COMP9900\project\capstone-project-26t2-9900-t17a-almond\outputs\run_20260723_code_cwe119_winner_xfg_round1\runs\perturbed\04_vulnerable_55__pattern_dead_code__c3,C:\Users\weijt\Desktop\UNSW\COMP9900\project\capstone-project-26t2-9900-t17a-almond\outputs\run_20260723_code_cwe119_winner_xfg_round1\sources\04_vulnerable_55__pattern_dead_code__c3.c,inserted 3 unreachable pointer/array/length pattern block(s) near sensitive or structural lines nearest baseline winner-XFG key line 61,
04_vulnerable_55,C:\Users\weijt\Desktop\UNSW\COMP9900\project\capstone-project-26t2-9900-t17a-almond\input_sources\cwe119\vulnerable\04_vulnerable_55.c,pattern_dead_code,winner-xfg,array,61,0.997986912727356,"61,55,53",5,3,partial,run_partial,False,1,1,0.997986912727356,0.997986912727356,0.0,61,226,165,112,415,303,C:\Users\weijt\Desktop\UNSW\COMP9900\project\capstone-project-26t2-9900-t17a-almond\outputs\run_20260723_code_cwe119_winner_xfg_round1\runs\baseline\04_vulnerable_55,C:\Users\weijt\Desktop\UNSW\COMP9900\project\capstone-project-26t2-9900-t17a-almond\outputs\run_20260723_code_cwe119_winner_xfg_round1\runs\perturbed\04_vulnerable_55__pattern_dead_code__c5,C:\Users\weijt\Desktop\UNSW\COMP9900\project\capstone-project-26t2-9900-t17a-almond\outputs\run_20260723_code_cwe119_winner_xfg_round1\sources\04_vulnerable_55__pattern_dead_code__c5.c,inserted 3 unreachable pointer/array/length pattern block(s) near sensitive or structural lines nearest baseline winner-XFG key line 61,
04_vulnerable_55,C:\Users\weijt\Desktop\UNSW\COMP9900\project\capstone-project-26t2-9900-t17a-almond\input_sources\cwe119\vulnerable\04_vulnerable_55.c,control_wrapper,winner-xfg,array,61,0.997986912727356,61,1,1,generated,ran,False,1,1,0.997986912727356,0.9996542930603027,0.0016673803329467773,61,65,4,112,121,9,C:\Users\weijt\Desktop\UNSW\COMP9900\project\capstone-project-26t2-9900-t17a-almond\outputs\run_20260723_code_cwe119_winner_xfg_round1\runs\baseline\04_vulnerable_55,C:\Users\weijt\Desktop\UNSW\COMP9900\project\capstone-project-26t2-9900-t17a-almond\outputs\run_20260723_code_cwe119_winner_xfg_round1\runs\perturbed\04_vulnerable_55__control_wrapper__c1,C:\Users\weijt\Desktop\UNSW\COMP9900\project\capstone-project-26t2-9900-t17a-almond\outputs\run_20260723_code_cwe119_winner_xfg_round1\sources\04_vulnerable_55__control_wrapper__c1.c,wrapped 1 safe single-line statement(s) with if (1) blocks nearest baseline winner-XFG key line 61,
04_vulnerable_55,C:\Users\weijt\Desktop\UNSW\COMP9900\project\capstone-project-26t2-9900-t17a-almond\input_sources\cwe119\vulnerable\04_vulnerable_55.c,control_wrapper,winner-xfg,array,61,0.997986912727356,"61,64",2,2,generated,ran,False,1,1,0.997986912727356,0.9994261264801025,0.001439213752746582,61,69,8,112,130,18,C:\Users\weijt\Desktop\UNSW\COMP9900\project\capstone-project-26t2-9900-t17a-almond\outputs\run_20260723_code_cwe119_winner_xfg_round1\runs\baseline\04_vulnerable_55,C:\Users\weijt\Desktop\UNSW\COMP9900\project\capstone-project-26t2-9900-t17a-almond\outputs\run_20260723_code_cwe119_winner_xfg_round1\runs\perturbed\04_vulnerable_55__control_wrapper__c2,C:\Users\weijt\Desktop\UNSW\COMP9900\project\capstone-project-26t2-9900-t17a-almond\outputs\run_20260723_code_cwe119_winner_xfg_round1\sources\04_vulnerable_55__control_wrapper__c2.c,wrapped 2 safe single-line statement(s) with if (1) blocks nearest baseline winner-XFG key line 61,
04_vulnerable_55,C:\Users\weijt\Desktop\UNSW\COMP9900\project\capstone-project-26t2-9900-t17a-almond\input_sources\cwe119\vulnerable\04_vulnerable_55.c,control_wrapper,winner-xfg,array,61,0.997986912727356,"61,64,57",3,3,generated,ran,False,1,1,0.997986912727356,0.9932378530502319,-0.0047490596771240234,61,73,12,112,143,31,C:\Users\weijt\Desktop\UNSW\COMP9900\project\capstone-project-26t2-9900-t17a-almond\outputs\run_20260723_code_cwe119_winner_xfg_round1\runs\baseline\04_vulnerable_55,C:\Users\weijt\Desktop\UNSW\COMP9900\project\capstone-project-26t2-9900-t17a-almond\outputs\run_20260723_code_cwe119_winner_xfg_round1\runs\perturbed\04_vulnerable_55__control_wrapper__c3,C:\Users\weijt\Desktop\UNSW\COMP9900\project\capstone-project-26t2-9900-t17a-almond\outputs\run_20260723_code_cwe119_winner_xfg_round1\sources\04_vulnerable_55__control_wrapper__c3.c,wrapped 3 safe single-line statement(s) with if (1) blocks nearest baseline winner-XFG key line 61,
04_vulnerable_55,C:\Users\weijt\Desktop\UNSW\COMP9900\project\capstone-project-26t2-9900-t17a-almond\input_sources\cwe119\vulnerable\04_vulnerable_55.c,control_wrapper,winner-xfg,array,61,0.997986912727356,"61,64,57",5,3,partial,run_partial,False,1,1,0.997986912727356,0.9932378530502319,-0.0047490596771240234,61,73,12,112,143,31,C:\Users\weijt\Desktop\UNSW\COMP9900\project\capstone-project-26t2-9900-t17a-almond\outputs\run_20260723_code_cwe119_winner_xfg_round1\runs\baseline\04_vulnerable_55,C:\Users\weijt\Desktop\UNSW\COMP9900\project\capstone-project-26t2-9900-t17a-almond\outputs\run_20260723_code_cwe119_winner_xfg_round1\runs\perturbed\04_vulnerable_55__control_wrapper__c5,C:\Users\weijt\Desktop\UNSW\COMP9900\project\capstone-project-26t2-9900-t17a-almond\outputs\run_20260723_code_cwe119_winner_xfg_round1\sources\04_vulnerable_55__control_wrapper__c5.c,wrapped 3 safe single-line statement(s) with if (1) blocks nearest baseline winner-XFG key line 61,
04_vulnerable_55,C:\Users\weijt\Desktop\UNSW\COMP9900\project\capstone-project-26t2-9900-t17a-almond\input_sources\cwe119\vulnerable\04_vulnerable_55.c,temp_variable_split,winner-xfg,array,61,0.997986912727356,,1,0,skipped,ran,,,,,,,,,,,,,C:\Users\weijt\Desktop\UNSW\COMP9900\project\capstone-project-26t2-9900-t17a-almond\outputs\run_20260723_code_cwe119_winner_xfg_round1\runs\baseline\04_vulnerable_55,,,no simple integer-like assignment candidate found,
05_vulnerable_32,C:\Users\weijt\Desktop\UNSW\COMP9900\project\capstone-project-26t2-9900-t17a-almond\input_sources\cwe119\vulnerable\05_vulnerable_32.cpp,data_flow_alias,winner-xfg,call,38,0.9999673366546631,38,1,1,generated,ran,False,1,1,0.9999673366546631,0.9998719692230225,-9.5367431640625e-05,147,167,20,426,464,38,C:\Users\weijt\Desktop\UNSW\COMP9900\project\capstone-project-26t2-9900-t17a-almond\outputs\run_20260723_code_cwe119_winner_xfg_round1\runs\baseline\05_vulnerable_32,C:\Users\weijt\Desktop\UNSW\COMP9900\project\capstone-project-26t2-9900-t17a-almond\outputs\run_20260723_code_cwe119_winner_xfg_round1\runs\perturbed\05_vulnerable_32__data_flow_alias__c1,C:\Users\weijt\Desktop\UNSW\COMP9900\project\capstone-project-26t2-9900-t17a-almond\outputs\run_20260723_code_cwe119_winner_xfg_round1\sources\05_vulnerable_32__data_flow_alias__c1.cpp,inserted 1 alias-preserving data-flow no-op(s) near call arguments nearest baseline winner-XFG key line 38,
05_vulnerable_32,C:\Users\weijt\Desktop\UNSW\COMP9900\project\capstone-project-26t2-9900-t17a-almond\input_sources\cwe119\vulnerable\05_vulnerable_32.cpp,data_flow_alias,winner-xfg,call,38,0.9999673366546631,"38,39",2,2,generated,ran,False,1,1,0.9999673366546631,0.9961681962013245,-0.003799140453338623,147,187,40,426,502,76,C:\Users\weijt\Desktop\UNSW\COMP9900\project\capstone-project-26t2-9900-t17a-almond\outputs\run_20260723_code_cwe119_winner_xfg_round1\runs\baseline\05_vulnerable_32,C:\Users\weijt\Desktop\UNSW\COMP9900\project\capstone-project-26t2-9900-t17a-almond\outputs\run_20260723_code_cwe119_winner_xfg_round1\runs\perturbed\05_vulnerable_32__data_flow_alias__c2,C:\Users\weijt\Desktop\UNSW\COMP9900\project\capstone-project-26t2-9900-t17a-almond\outputs\run_20260723_code_cwe119_winner_xfg_round1\sources\05_vulnerable_32__data_flow_alias__c2.cpp,inserted 2 alias-preserving data-flow no-op(s) near call arguments nearest baseline winner-XFG key line 38,
05_vulnerable_32,C:\Users\weijt\Desktop\UNSW\COMP9900\project\capstone-project-26t2-9900-t17a-almond\input_sources\cwe119\vulnerable\05_vulnerable_32.cpp,data_flow_alias,winner-xfg,call,38,0.9999673366546631,"38,39,35",3,3,generated,ran,False,1,1,0.9999673366546631,0.9999673366546631,0.0,147,207,60,426,540,114,C:\Users\weijt\Desktop\UNSW\COMP9900\project\capstone-project-26t2-9900-t17a-almond\outputs\run_20260723_code_cwe119_winner_xfg_round1\runs\baseline\05_vulnerable_32,C:\Users\weijt\Desktop\UNSW\COMP9900\project\capstone-project-26t2-9900-t17a-almond\outputs\run_20260723_code_cwe119_winner_xfg_round1\runs\perturbed\05_vulnerable_32__data_flow_alias__c3,C:\Users\weijt\Desktop\UNSW\COMP9900\project\capstone-project-26t2-9900-t17a-almond\outputs\run_20260723_code_cwe119_winner_xfg_round1\sources\05_vulnerable_32__data_flow_alias__c3.cpp,inserted 3 alias-preserving data-flow no-op(s) near call arguments nearest baseline winner-XFG key line 38,
05_vulnerable_32,C:\Users\weijt\Desktop\UNSW\COMP9900\project\capstone-project-26t2-9900-t17a-almond\input_sources\cwe119\vulnerable\05_vulnerable_32.cpp,data_flow_alias,winner-xfg,call,38,0.9999673366546631,"38,39,35,49,54",5,5,generated,ran,False,1,1,0.9999673366546631,0.9999673366546631,0.0,147,229,82,426,579,153,C:\Users\weijt\Desktop\UNSW\COMP9900\project\capstone-project-26t2-9900-t17a-almond\outputs\run_20260723_code_cwe119_winner_xfg_round1\runs\baseline\05_vulnerable_32,C:\Users\weijt\Desktop\UNSW\COMP9900\project\capstone-project-26t2-9900-t17a-almond\outputs\run_20260723_code_cwe119_winner_xfg_round1\runs\perturbed\05_vulnerable_32__data_flow_alias__c5,C:\Users\weijt\Desktop\UNSW\COMP9900\project\capstone-project-26t2-9900-t17a-almond\outputs\run_20260723_code_cwe119_winner_xfg_round1\sources\05_vulnerable_32__data_flow_alias__c5.cpp,inserted 5 alias-preserving data-flow no-op(s) near call arguments nearest baseline winner-XFG key line 38,
05_vulnerable_32,C:\Users\weijt\Desktop\UNSW\COMP9900\project\capstone-project-26t2-9900-t17a-almond\input_sources\cwe119\vulnerable\05_vulnerable_32.cpp,dead_statement,winner-xfg,call,38,0.9999673366546631,38,1,1,generated,ran,False,1,1,0.9999673366546631,0.9881870150566101,-0.011780321598052979,147,159,12,426,453,27,C:\Users\weijt\Desktop\UNSW\COMP9900\project\capstone-project-26t2-9900-t17a-almond\outputs\run_20260723_code_cwe119_winner_xfg_round1\runs\baseline\05_vulnerable_32,C:\Users\weijt\Desktop\UNSW\COMP9900\project\capstone-project-26t2-9900-t17a-almond\outputs\run_20260723_code_cwe119_winner_xfg_round1\runs\perturbed\05_vulnerable_32__dead_statement__c1,C:\Users\weijt\Desktop\UNSW\COMP9900\project\capstone-project-26t2-9900-t17a-almond\outputs\run_20260723_code_cwe119_winner_xfg_round1\sources\05_vulnerable_32__dead_statement__c1.cpp,inserted 1 harmless dummy integer statement pair(s) nearest baseline winner-XFG key line 38,
05_vulnerable_32,C:\Users\weijt\Desktop\UNSW\COMP9900\project\capstone-project-26t2-9900-t17a-almond\input_sources\cwe119\vulnerable\05_vulnerable_32.cpp,dead_statement,winner-xfg,call,38,0.9999673366546631,38,2,2,generated,ran,False,1,1,0.9999673366546631,0.9999673366546631,0.0,147,171,24,426,480,54,C:\Users\weijt\Desktop\UNSW\COMP9900\project\capstone-project-26t2-9900-t17a-almond\outputs\run_20260723_code_cwe119_winner_xfg_round1\runs\baseline\05_vulnerable_32,C:\Users\weijt\Desktop\UNSW\COMP9900\project\capstone-project-26t2-9900-t17a-almond\outputs\run_20260723_code_cwe119_winner_xfg_round1\runs\perturbed\05_vulnerable_32__dead_statement__c2,C:\Users\weijt\Desktop\UNSW\COMP9900\project\capstone-project-26t2-9900-t17a-almond\outputs\run_20260723_code_cwe119_winner_xfg_round1\sources\05_vulnerable_32__dead_statement__c2.cpp,inserted 2 harmless dummy integer statement pair(s) nearest baseline winner-XFG key line 38,
05_vulnerable_32,C:\Users\weijt\Desktop\UNSW\COMP9900\project\capstone-project-26t2-9900-t17a-almond\input_sources\cwe119\vulnerable\05_vulnerable_32.cpp,dead_statement,winner-xfg,call,38,0.9999673366546631,38,3,3,generated,ran,False,1,1,0.9999673366546631,0.9999673366546631,0.0,147,183,36,426,507,81,C:\Users\weijt\Desktop\UNSW\COMP9900\project\capstone-project-26t2-9900-t17a-almond\outputs\run_20260723_code_cwe119_winner_xfg_round1\runs\baseline\05_vulnerable_32,C:\Users\weijt\Desktop\UNSW\COMP9900\project\capstone-project-26t2-9900-t17a-almond\outputs\run_20260723_code_cwe119_winner_xfg_round1\runs\perturbed\05_vulnerable_32__dead_statement__c3,C:\Users\weijt\Desktop\UNSW\COMP9900\project\capstone-project-26t2-9900-t17a-almond\outputs\run_20260723_code_cwe119_winner_xfg_round1\sources\05_vulnerable_32__dead_statement__c3.cpp,inserted 3 harmless dummy integer statement pair(s) nearest baseline winner-XFG key line 38,
05_vulnerable_32,C:\Users\weijt\Desktop\UNSW\COMP9900\project\capstone-project-26t2-9900-t17a-almond\input_sources\cwe119\vulnerable\05_vulnerable_32.cpp,dead_statement,winner-xfg,call,38,0.9999673366546631,38,5,5,generated,ran,False,1,1,0.9999673366546631,0.9881870150566101,-0.011780321598052979,147,207,60,426,561,135,C:\Users\weijt\Desktop\UNSW\COMP9900\project\capstone-project-26t2-9900-t17a-almond\outputs\run_20260723_code_cwe119_winner_xfg_round1\runs\baseline\05_vulnerable_32,C:\Users\weijt\Desktop\UNSW\COMP9900\project\capstone-project-26t2-9900-t17a-almond\outputs\run_20260723_code_cwe119_winner_xfg_round1\runs\perturbed\05_vulnerable_32__dead_statement__c5,C:\Users\weijt\Desktop\UNSW\COMP9900\project\capstone-project-26t2-9900-t17a-almond\outputs\run_20260723_code_cwe119_winner_xfg_round1\sources\05_vulnerable_32__dead_statement__c5.cpp,inserted 5 harmless dummy integer statement pair(s) nearest baseline winner-XFG key line 38,
05_vulnerable_32,C:\Users\weijt\Desktop\UNSW\COMP9900\project\capstone-project-26t2-9900-t17a-almond\input_sources\cwe119\vulnerable\05_vulnerable_32.cpp,xfg_targeted_dead_code,winner-xfg,call,38,0.9999673366546631,38,1,1,generated,ran,False,1,1,0.9999673366546631,0.9999673366546631,0.0,147,163,16,426,462,36,C:\Users\weijt\Desktop\UNSW\COMP9900\project\capstone-project-26t2-9900-t17a-almond\outputs\run_20260723_code_cwe119_winner_xfg_round1\runs\baseline\05_vulnerable_32,C:\Users\weijt\Desktop\UNSW\COMP9900\project\capstone-project-26t2-9900-t17a-almond\outputs\run_20260723_code_cwe119_winner_xfg_round1\runs\perturbed\05_vulnerable_32__xfg_targeted_dead_code__c1,C:\Users\weijt\Desktop\UNSW\COMP9900\project\capstone-project-26t2-9900-t17a-almond\outputs\run_20260723_code_cwe119_winner_xfg_round1\sources\05_vulnerable_32__xfg_targeted_dead_code__c1.cpp,inserted 1 unreachable no-op block(s) near XFG-relevant target lines nearest baseline winner-XFG key line 38,
05_vulnerable_32,C:\Users\weijt\Desktop\UNSW\COMP9900\project\capstone-project-26t2-9900-t17a-almond\input_sources\cwe119\vulnerable\05_vulnerable_32.cpp,xfg_targeted_dead_code,winner-xfg,call,38,0.9999673366546631,"38,36",2,2,generated,ran,False,1,1,0.9999673366546631,0.9999673366546631,0.0,147,179,32,426,498,72,C:\Users\weijt\Desktop\UNSW\COMP9900\project\capstone-project-26t2-9900-t17a-almond\outputs\run_20260723_code_cwe119_winner_xfg_round1\runs\baseline\05_vulnerable_32,C:\Users\weijt\Desktop\UNSW\COMP9900\project\capstone-project-26t2-9900-t17a-almond\outputs\run_20260723_code_cwe119_winner_xfg_round1\runs\perturbed\05_vulnerable_32__xfg_targeted_dead_code__c2,C:\Users\weijt\Desktop\UNSW\COMP9900\project\capstone-project-26t2-9900-t17a-almond\outputs\run_20260723_code_cwe119_winner_xfg_round1\sources\05_vulnerable_32__xfg_targeted_dead_code__c2.cpp,inserted 2 unreachable no-op block(s) near XFG-relevant target lines nearest baseline winner-XFG key line 38,
05_vulnerable_32,C:\Users\weijt\Desktop\UNSW\COMP9900\project\capstone-project-26t2-9900-t17a-almond\input_sources\cwe119\vulnerable\05_vulnerable_32.cpp,xfg_targeted_dead_code,winner-xfg,call,38,0.9999673366546631,"38,36,34",3,3,generated,ran,False,1,1,0.9999673366546631,0.9999673366546631,0.0,147,195,48,426,534,108,C:\Users\weijt\Desktop\UNSW\COMP9900\project\capstone-project-26t2-9900-t17a-almond\outputs\run_20260723_code_cwe119_winner_xfg_round1\runs\baseline\05_vulnerable_32,C:\Users\weijt\Desktop\UNSW\COMP9900\project\capstone-project-26t2-9900-t17a-almond\outputs\run_20260723_code_cwe119_winner_xfg_round1\runs\perturbed\05_vulnerable_32__xfg_targeted_dead_code__c3,C:\Users\weijt\Desktop\UNSW\COMP9900\project\capstone-project-26t2-9900-t17a-almond\outputs\run_20260723_code_cwe119_winner_xfg_round1\sources\05_vulnerable_32__xfg_targeted_dead_code__c3.cpp,inserted 3 unreachable no-op block(s) near XFG-relevant target lines nearest baseline winner-XFG key line 38,
05_vulnerable_32,C:\Users\weijt\Desktop\UNSW\COMP9900\project\capstone-project-26t2-9900-t17a-almond\input_sources\cwe119\vulnerable\05_vulnerable_32.cpp,xfg_targeted_dead_code,winner-xfg,call,38,0.9999673366546631,"38,36,34,32,51",5,5,generated,ran,False,1,1,0.9999673366546631,0.9999673366546631,0.0,147,227,80,426,606,180,C:\Users\weijt\Desktop\UNSW\COMP9900\project\capstone-project-26t2-9900-t17a-almond\outputs\run_20260723_code_cwe119_winner_xfg_round1\runs\baseline\05_vulnerable_32,C:\Users\weijt\Desktop\UNSW\COMP9900\project\capstone-project-26t2-9900-t17a-almond\outputs\run_20260723_code_cwe119_winner_xfg_round1\runs\perturbed\05_vulnerable_32__xfg_targeted_dead_code__c5,C:\Users\weijt\Desktop\UNSW\COMP9900\project\capstone-project-26t2-9900-t17a-almond\outputs\run_20260723_code_cwe119_winner_xfg_round1\sources\05_vulnerable_32__xfg_targeted_dead_code__c5.cpp,inserted 5 unreachable no-op block(s) near XFG-relevant target lines nearest baseline winner-XFG key line 38,
05_vulnerable_32,C:\Users\weijt\Desktop\UNSW\COMP9900\project\capstone-project-26t2-9900-t17a-almond\input_sources\cwe119\vulnerable\05_vulnerable_32.cpp,range_clamp,winner-xfg,call,38,0.9999673366546631,,1,0,skipped,ran,,,,,,,,,,,,,C:\Users\weijt\Desktop\UNSW\COMP9900\project\capstone-project-26t2-9900-t17a-almond\outputs\run_20260723_code_cwe119_winner_xfg_round1\runs\baseline\05_vulnerable_32,,,no sensitive call with a clampable size/count argument found,
05_vulnerable_32,C:\Users\weijt\Desktop\UNSW\COMP9900\project\capstone-project-26t2-9900-t17a-almond\input_sources\cwe119\vulnerable\05_vulnerable_32.cpp,safe_source_substitution,winner-xfg,call,38,0.9999673366546631,,1,0,skipped,ran,,,,,,,,,,,,,C:\Users\weijt\Desktop\UNSW\COMP9900\project\capstone-project-26t2-9900-t17a-almond\outputs\run_20260723_code_cwe119_winner_xfg_round1\runs\baseline\05_vulnerable_32,,,no nested pointer dereference source found,
05_vulnerable_32,C:\Users\weijt\Desktop\UNSW\COMP9900\project\capstone-project-26t2-9900-t17a-almond\input_sources\cwe119\vulnerable\05_vulnerable_32.cpp,sink_bound_guard,winner-xfg,call,38,0.9999673366546631,,1,0,skipped,ran,,,,,,,,,,,,,C:\Users\weijt\Desktop\UNSW\COMP9900\project\capstone-project-26t2-9900-t17a-almond\outputs\run_20260723_code_cwe119_winner_xfg_round1\runs\baseline\05_vulnerable_32,,,no sensitive sink call found for bound guard insertion,
05_vulnerable_32,C:\Users\weijt\Desktop\UNSW\COMP9900\project\capstone-project-26t2-9900-t17a-almond\input_sources\cwe119\vulnerable\05_vulnerable_32.cpp,postcondition_validation,winner-xfg,call,38,0.9999673366546631,,1,0,skipped,target_unavailable,,,,,,,,,,,,,C:\Users\weijt\Desktop\UNSW\COMP9900\project\capstone-project-26t2-9900-t17a-almond\outputs\run_20260723_code_cwe119_winner_xfg_round1\runs\baseline\05_vulnerable_32,,,action postcondition_validation has no winner-XFG-local implementation,action postcondition_validation has no winner-XFG-local implementation
05_vulnerable_32,C:\Users\weijt\Desktop\UNSW\COMP9900\project\capstone-project-26t2-9900-t17a-almond\input_sources\cwe119\vulnerable\05_vulnerable_32.cpp,integer_overflow_guard,winner-xfg,call,38,0.9999673366546631,,1,0,skipped,ran,,,,,,,,,,,,,C:\Users\weijt\Desktop\UNSW\COMP9900\project\capstone-project-26t2-9900-t17a-almond\outputs\run_20260723_code_cwe119_winner_xfg_round1\runs\baseline\05_vulnerable_32,,,no allocation size addition or multiplication expression found,
05_vulnerable_32,C:\Users\weijt\Desktop\UNSW\COMP9900\project\capstone-project-26t2-9900-t17a-almond\input_sources\cwe119\vulnerable\05_vulnerable_32.cpp,array_index_bound_guard,winner-xfg,call,38,0.9999673366546631,,1,0,skipped,ran,,,,,,,,,,,,,C:\Users\weijt\Desktop\UNSW\COMP9900\project\capstone-project-26t2-9900-t17a-almond\outputs\run_20260723_code_cwe119_winner_xfg_round1\runs\baseline\05_vulnerable_32,,,no array write found for index bound guard,
05_vulnerable_32,C:\Users\weijt\Desktop\UNSW\COMP9900\project\capstone-project-26t2-9900-t17a-almond\input_sources\cwe119\vulnerable\05_vulnerable_32.cpp,wide_char_sink_guard,winner-xfg,call,38,0.9999673366546631,38,1,1,generated,ran,False,1,1,0.9999673366546631,0.9989835619926453,-0.0009837746620178223,147,165,18,426,460,34,C:\Users\weijt\Desktop\UNSW\COMP9900\project\capstone-project-26t2-9900-t17a-almond\outputs\run_20260723_code_cwe119_winner_xfg_round1\runs\baseline\05_vulnerable_32,C:\Users\weijt\Desktop\UNSW\COMP9900\project\capstone-project-26t2-9900-t17a-almond\outputs\run_20260723_code_cwe119_winner_xfg_round1\runs\perturbed\05_vulnerable_32__wide_char_sink_guard__c1,C:\Users\weijt\Desktop\UNSW\COMP9900\project\capstone-project-26t2-9900-t17a-almond\outputs\run_20260723_code_cwe119_winner_xfg_round1\sources\05_vulnerable_32__wide_char_sink_guard__c1.cpp,rewrote 1 wcscat/wcscpy sink(s) to bounded wide-character operations nearest baseline winner-XFG key line 38,
05_vulnerable_32,C:\Users\weijt\Desktop\UNSW\COMP9900\project\capstone-project-26t2-9900-t17a-almond\input_sources\cwe119\vulnerable\05_vulnerable_32.cpp,wide_char_sink_guard,winner-xfg,call,38,0.9999673366546631,"38,57",2,2,generated,ran,False,1,1,0.9999673366546631,0.9989835619926453,-0.0009837746620178223,147,183,36,426,494,68,C:\Users\weijt\Desktop\UNSW\COMP9900\project\capstone-project-26t2-9900-t17a-almond\outputs\run_20260723_code_cwe119_winner_xfg_round1\runs\baseline\05_vulnerable_32,C:\Users\weijt\Desktop\UNSW\COMP9900\project\capstone-project-26t2-9900-t17a-almond\outputs\run_20260723_code_cwe119_winner_xfg_round1\runs\perturbed\05_vulnerable_32__wide_char_sink_guard__c2,C:\Users\weijt\Desktop\UNSW\COMP9900\project\capstone-project-26t2-9900-t17a-almond\outputs\run_20260723_code_cwe119_winner_xfg_round1\sources\05_vulnerable_32__wide_char_sink_guard__c2.cpp,rewrote 2 wcscat/wcscpy sink(s) to bounded wide-character operations nearest baseline winner-XFG key line 38,
05_vulnerable_32,C:\Users\weijt\Desktop\UNSW\COMP9900\project\capstone-project-26t2-9900-t17a-almond\input_sources\cwe119\vulnerable\05_vulnerable_32.cpp,wide_char_sink_guard,winner-xfg,call,38,0.9999673366546631,"38,57",3,2,partial,run_partial,False,1,1,0.9999673366546631,0.9989835619926453,-0.0009837746620178223,147,183,36,426,494,68,C:\Users\weijt\Desktop\UNSW\COMP9900\project\capstone-project-26t2-9900-t17a-almond\outputs\run_20260723_code_cwe119_winner_xfg_round1\runs\baseline\05_vulnerable_32,C:\Users\weijt\Desktop\UNSW\COMP9900\project\capstone-project-26t2-9900-t17a-almond\outputs\run_20260723_code_cwe119_winner_xfg_round1\runs\perturbed\05_vulnerable_32__wide_char_sink_guard__c3,C:\Users\weijt\Desktop\UNSW\COMP9900\project\capstone-project-26t2-9900-t17a-almond\outputs\run_20260723_code_cwe119_winner_xfg_round1\sources\05_vulnerable_32__wide_char_sink_guard__c3.cpp,rewrote 2 wcscat/wcscpy sink(s) to bounded wide-character operations nearest baseline winner-XFG key line 38,
05_vulnerable_32,C:\Users\weijt\Desktop\UNSW\COMP9900\project\capstone-project-26t2-9900-t17a-almond\input_sources\cwe119\vulnerable\05_vulnerable_32.cpp,pattern_dead_code,winner-xfg,call,38,0.9999673366546631,38,1,1,generated,ran,False,1,1,0.9999673366546631,0.9999673366546631,0.0,147,202,55,426,527,101,C:\Users\weijt\Desktop\UNSW\COMP9900\project\capstone-project-26t2-9900-t17a-almond\outputs\run_20260723_code_cwe119_winner_xfg_round1\runs\baseline\05_vulnerable_32,C:\Users\weijt\Desktop\UNSW\COMP9900\project\capstone-project-26t2-9900-t17a-almond\outputs\run_20260723_code_cwe119_winner_xfg_round1\runs\perturbed\05_vulnerable_32__pattern_dead_code__c1,C:\Users\weijt\Desktop\UNSW\COMP9900\project\capstone-project-26t2-9900-t17a-almond\outputs\run_20260723_code_cwe119_winner_xfg_round1\sources\05_vulnerable_32__pattern_dead_code__c1.cpp,inserted 1 unreachable pointer/array/length pattern block(s) near sensitive or structural lines nearest baseline winner-XFG key line 38,
05_vulnerable_32,C:\Users\weijt\Desktop\UNSW\COMP9900\project\capstone-project-26t2-9900-t17a-almond\input_sources\cwe119\vulnerable\05_vulnerable_32.cpp,pattern_dead_code,winner-xfg,call,38,0.9999673366546631,"38,36",2,2,generated,ran,False,1,1,0.9999673366546631,0.9999673366546631,0.0,147,257,110,426,628,202,C:\Users\weijt\Desktop\UNSW\COMP9900\project\capstone-project-26t2-9900-t17a-almond\outputs\run_20260723_code_cwe119_winner_xfg_round1\runs\baseline\05_vulnerable_32,C:\Users\weijt\Desktop\UNSW\COMP9900\project\capstone-project-26t2-9900-t17a-almond\outputs\run_20260723_code_cwe119_winner_xfg_round1\runs\perturbed\05_vulnerable_32__pattern_dead_code__c2,C:\Users\weijt\Desktop\UNSW\COMP9900\project\capstone-project-26t2-9900-t17a-almond\outputs\run_20260723_code_cwe119_winner_xfg_round1\sources\05_vulnerable_32__pattern_dead_code__c2.cpp,inserted 2 unreachable pointer/array/length pattern block(s) near sensitive or structural lines nearest baseline winner-XFG key line 38,
05_vulnerable_32,C:\Users\weijt\Desktop\UNSW\COMP9900\project\capstone-project-26t2-9900-t17a-almond\input_sources\cwe119\vulnerable\05_vulnerable_32.cpp,pattern_dead_code,winner-xfg,call,38,0.9999673366546631,"38,36,34",3,3,generated,ran,False,1,1,0.9999673366546631,0.9999673366546631,0.0,147,312,165,426,729,303,C:\Users\weijt\Desktop\UNSW\COMP9900\project\capstone-project-26t2-9900-t17a-almond\outputs\run_20260723_code_cwe119_winner_xfg_round1\runs\baseline\05_vulnerable_32,C:\Users\weijt\Desktop\UNSW\COMP9900\project\capstone-project-26t2-9900-t17a-almond\outputs\run_20260723_code_cwe119_winner_xfg_round1\runs\perturbed\05_vulnerable_32__pattern_dead_code__c3,C:\Users\weijt\Desktop\UNSW\COMP9900\project\capstone-project-26t2-9900-t17a-almond\outputs\run_20260723_code_cwe119_winner_xfg_round1\sources\05_vulnerable_32__pattern_dead_code__c3.cpp,inserted 3 unreachable pointer/array/length pattern block(s) near sensitive or structural lines nearest baseline winner-XFG key line 38,
05_vulnerable_32,C:\Users\weijt\Desktop\UNSW\COMP9900\project\capstone-project-26t2-9900-t17a-almond\input_sources\cwe119\vulnerable\05_vulnerable_32.cpp,pattern_dead_code,winner-xfg,call,38,0.9999673366546631,"38,36,34,32,51",5,5,generated,ran,False,1,1,0.9999673366546631,0.9999673366546631,0.0,147,422,275,426,931,505,C:\Users\weijt\Desktop\UNSW\COMP9900\project\capstone-project-26t2-9900-t17a-almond\outputs\run_20260723_code_cwe119_winner_xfg_round1\runs\baseline\05_vulnerable_32,C:\Users\weijt\Desktop\UNSW\COMP9900\project\capstone-project-26t2-9900-t17a-almond\outputs\run_20260723_code_cwe119_winner_xfg_round1\runs\perturbed\05_vulnerable_32__pattern_dead_code__c5,C:\Users\weijt\Desktop\UNSW\COMP9900\project\capstone-project-26t2-9900-t17a-almond\outputs\run_20260723_code_cwe119_winner_xfg_round1\sources\05_vulnerable_32__pattern_dead_code__c5.cpp,inserted 5 unreachable pointer/array/length pattern block(s) near sensitive or structural lines nearest baseline winner-XFG key line 38,
05_vulnerable_32,C:\Users\weijt\Desktop\UNSW\COMP9900\project\capstone-project-26t2-9900-t17a-almond\input_sources\cwe119\vulnerable\05_vulnerable_32.cpp,control_wrapper,winner-xfg,call,38,0.9999673366546631,38,1,1,generated,ran,False,1,1,0.9999673366546631,0.9736072421073914,-0.02636009454727173,147,151,4,426,435,9,C:\Users\weijt\Desktop\UNSW\COMP9900\project\capstone-project-26t2-9900-t17a-almond\outputs\run_20260723_code_cwe119_winner_xfg_round1\runs\baseline\05_vulnerable_32,C:\Users\weijt\Desktop\UNSW\COMP9900\project\capstone-project-26t2-9900-t17a-almond\outputs\run_20260723_code_cwe119_winner_xfg_round1\runs\perturbed\05_vulnerable_32__control_wrapper__c1,C:\Users\weijt\Desktop\UNSW\COMP9900\project\capstone-project-26t2-9900-t17a-almond\outputs\run_20260723_code_cwe119_winner_xfg_round1\sources\05_vulnerable_32__control_wrapper__c1.cpp,wrapped 1 safe single-line statement(s) with if (1) blocks nearest baseline winner-XFG key line 38,
05_vulnerable_32,C:\Users\weijt\Desktop\UNSW\COMP9900\project\capstone-project-26t2-9900-t17a-almond\input_sources\cwe119\vulnerable\05_vulnerable_32.cpp,control_wrapper,winner-xfg,call,38,0.9999673366546631,"38,39",2,2,generated,ran,False,1,1,0.9999673366546631,0.9736072421073914,-0.02636009454727173,147,155,8,426,444,18,C:\Users\weijt\Desktop\UNSW\COMP9900\project\capstone-project-26t2-9900-t17a-almond\outputs\run_20260723_code_cwe119_winner_xfg_round1\runs\baseline\05_vulnerable_32,C:\Users\weijt\Desktop\UNSW\COMP9900\project\capstone-project-26t2-9900-t17a-almond\outputs\run_20260723_code_cwe119_winner_xfg_round1\runs\perturbed\05_vulnerable_32__control_wrapper__c2,C:\Users\weijt\Desktop\UNSW\COMP9900\project\capstone-project-26t2-9900-t17a-almond\outputs\run_20260723_code_cwe119_winner_xfg_round1\sources\05_vulnerable_32__control_wrapper__c2.cpp,wrapped 2 safe single-line statement(s) with if (1) blocks nearest baseline winner-XFG key line 38,
05_vulnerable_32,C:\Users\weijt\Desktop\UNSW\COMP9900\project\capstone-project-26t2-9900-t17a-almond\input_sources\cwe119\vulnerable\05_vulnerable_32.cpp,control_wrapper,winner-xfg,call,38,0.9999673366546631,"38,39,40",3,3,generated,ran,False,1,1,0.9999673366546631,0.9999673366546631,0.0,147,159,12,426,453,27,C:\Users\weijt\Desktop\UNSW\COMP9900\project\capstone-project-26t2-9900-t17a-almond\outputs\run_20260723_code_cwe119_winner_xfg_round1\runs\baseline\05_vulnerable_32,C:\Users\weijt\Desktop\UNSW\COMP9900\project\capstone-project-26t2-9900-t17a-almond\outputs\run_20260723_code_cwe119_winner_xfg_round1\runs\perturbed\05_vulnerable_32__control_wrapper__c3,C:\Users\weijt\Desktop\UNSW\COMP9900\project\capstone-project-26t2-9900-t17a-almond\outputs\run_20260723_code_cwe119_winner_xfg_round1\sources\05_vulnerable_32__control_wrapper__c3.cpp,wrapped 3 safe single-line statement(s) with if (1) blocks nearest baseline winner-XFG key line 38,
05_vulnerable_32,C:\Users\weijt\Desktop\UNSW\COMP9900\project\capstone-project-26t2-9900-t17a-almond\input_sources\cwe119\vulnerable\05_vulnerable_32.cpp,control_wrapper,winner-xfg,call,38,0.9999673366546631,"38,39,40,57,58",5,5,generated,ran,False,1,1,0.9999673366546631,0.9736072421073914,-0.02636009454727173,147,167,20,426,471,45,C:\Users\weijt\Desktop\UNSW\COMP9900\project\capstone-project-26t2-9900-t17a-almond\outputs\run_20260723_code_cwe119_winner_xfg_round1\runs\baseline\05_vulnerable_32,C:\Users\weijt\Desktop\UNSW\COMP9900\project\capstone-project-26t2-9900-t17a-almond\outputs\run_20260723_code_cwe119_winner_xfg_round1\runs\perturbed\05_vulnerable_32__control_wrapper__c5,C:\Users\weijt\Desktop\UNSW\COMP9900\project\capstone-project-26t2-9900-t17a-almond\outputs\run_20260723_code_cwe119_winner_xfg_round1\sources\05_vulnerable_32__control_wrapper__c5.cpp,wrapped 5 safe single-line statement(s) with if (1) blocks nearest baseline winner-XFG key line 38,
05_vulnerable_32,C:\Users\weijt\Desktop\UNSW\COMP9900\project\capstone-project-26t2-9900-t17a-almond\input_sources\cwe119\vulnerable\05_vulnerable_32.cpp,temp_variable_split,winner-xfg,call,38,0.9999673366546631,,1,0,skipped,ran,,,,,,,,,,,,,C:\Users\weijt\Desktop\UNSW\COMP9900\project\capstone-project-26t2-9900-t17a-almond\outputs\run_20260723_code_cwe119_winner_xfg_round1\runs\baseline\05_vulnerable_32,,,no simple integer-like assignment candidate found,
